{
 "metadata": {
  "document_name": "26_31-Jan-25_FS.pdf",
  "file_type": "fs",
  "process_date": "20250214"
 },
 "records": [
  {
   "value": {
    "amc_name": "Mahindra Manulife Investment Management Private Limited",
    "benchmark_index": [
     "Nifty 500 TRI"
    ],
    "field_location": [
     {
      "amc_name": "9",
      "benchmark_index": "9",
      "count": 23,
      "fund_manager_managing_fund_since": "9",
      "fund_manager_name": "9",
      "fund_manager_total_exp": "9",
      "load_entry": "9",
      "load_exit": "9",
      "main_scheme_name": "9",
      "metrics_alpha": "9",
      "metrics_beta": "9",
      "metrics_port_turnover_ratio": "9",
      "metrics_sharpe": "9",
      "metrics_std_dev": "9",
      "min_addl_amt": "9",
      "min_addl_amt_multiple": "9",
      "min_amt": "9",
      "min_amt_multiple": "9",
      "monthly_aaum_date": "9",
      "monthly_aaum_value": "9",
      "mutual_fund_name": "9",
      "scheme_launch_date": "9"
     }
    ],
    "fund_manager": [
     {
      "managing_fund_since": "october 16, 2020",
      "name": "Ms. Fatema Pacha",
      "qualification": "",
      "total_exp": "18 years"
     },
     {
      "managing_fund_since": "december 21, 2020",
      "name": "Mr. Manish Lodha",
      "qualification": "",
      "total_exp": "23 years"
     }
    ],
    "load": [
     {
      "comment": "N.A.",
      "type": "entry"
     },
     {
      "comment": "Nil",
      "type": "exit"
     }
    ],
    "main_scheme_name": "Mahindra Manulife ELSS Tax Saver Fund",
    "metrics": [
     {
      "name": "sharpe",
      "value": "0.43"
     },
     {
      "name": "std_dev",
      "value": "13.11%"
     },
     {
      "name": "beta",
      "value": "0.90"
     },
     {
      "name": "port_turnover_ratio",
      "value": "0.80"
     },
     {
      "name": "alpha",
      "value": "0.1259"
     }
    ],
    "min_addl_amt": "500",
    "min_addl_amt_multiple": "500",
    "min_amt": "500",
    "min_amt_multiple": "500",
    "monthly_aaum_date": "20250131",
    "monthly_aaum_value": "899.85",
    "mutual_fund_name": "Mahindra Manulife Mutual Fund",
    "scheme_launch_date": "20161018"
   }
  },
  {
   "value": {
    "amc_name": "Mahindra Manulife Investment Management Private Limited",
    "benchmark_index": [
     "Nifty 500 Multicap 50:25:25 TRI"
    ],
    "field_location": [
     {
      "amc_name": "10",
      "benchmark_index": "10",
      "count": 23,
      "fund_manager_managing_fund_since": "10",
      "fund_manager_name": "10",
      "fund_manager_total_exp": "10",
      "load_entry": "10",
      "load_exit": "10",
      "main_scheme_name": "10",
      "metrics_alpha": "10",
      "metrics_beta": "10",
      "metrics_port_turnover_ratio": "10",
      "metrics_sharpe": "10",
      "metrics_std_dev": "10",
      "min_addl_amt": "10",
      "min_addl_amt_multiple": "10",
      "min_amt": "10",
      "min_amt_multiple": "10",
      "monthly_aaum_date": "10",
      "monthly_aaum_value": "10",
      "mutual_fund_name": "10",
      "scheme_launch_date": "10"
     }
    ],
    "fund_manager": [
     {
      "managing_fund_since": "december 21, 2020",
      "name": "Mr. Manish Lodha",
      "qualification": "",
      "total_exp": "23 years"
     },
     {
      "managing_fund_since": "october 16, 2020",
      "name": "Ms. Fatema Pacha",
      "qualification": "",
      "total_exp": "18 years"
     }
    ],
    "load": [
     {
      "comment": "N.A.",
      "type": "entry"
     },
     {
      "comment": "● An Exit Load of 1% is payable if Units are redeemed / switched-out upto 3 months from the date of allotment; ● Nil if Units are redeemed / switched-out after 3 months from the date of allotment.",
      "type": "exit"
     }
    ],
    "main_scheme_name": "Mahindra Manulife Multi Cap Fund",
    "metrics": [
     {
      "name": "sharpe",
      "value": "0.59"
     },
     {
      "name": "std_dev",
      "value": "15.51%"
     },
     {
      "name": "beta",
      "value": "0.98"
     },
     {
      "name": "port_turnover_ratio",
      "value": "1.25"
     },
     {
      "name": "alpha",
      "value": "0.0305"
     }
    ],
    "min_addl_amt": "1,000",
    "min_addl_amt_multiple": "1",
    "min_amt": "1,000",
    "min_amt_multiple": "1",
    "monthly_aaum_date": "20250131",
    "monthly_aaum_value": "4,864.28",
    "mutual_fund_name": "Mahindra Manulife Mutual Fund",
    "scheme_launch_date": "20170511"
   }
  },
  {
   "value": {
    "amc_name": "Mahindra Manulife Investment Management Private Limited",
    "benchmark_index": [
     "Nifty Midcap 150 TRI"
    ],
    "field_location": [
     {
      "amc_name": "11",
      "benchmark_index": "11",
      "count": 23,
      "fund_manager_managing_fund_since": "11",
      "fund_manager_name": "11",
      "fund_manager_total_exp": "11",
      "load_entry": "11",
      "load_exit": "11",
      "main_scheme_name": "11",
      "metrics_alpha": "11",
      "metrics_beta": "11",
      "metrics_port_turnover_ratio": "11",
      "metrics_sharpe": "11",
      "metrics_std_dev": "11",
      "min_addl_amt": "11",
      "min_addl_amt_multiple": "11",
      "min_amt": "11",
      "min_amt_multiple": "11",
      "monthly_aaum_date": "11",
      "monthly_aaum_value": "11",
      "mutual_fund_name": "11",
      "scheme_launch_date": "11"
     }
    ],
    "fund_manager": [
     {
      "managing_fund_since": "december 03, 2024",
      "name": "Ms. Kirti Dalvi",
      "qualification": "",
      "total_exp": "18 years"
     },
     {
      "managing_fund_since": "october 24, 2024",
      "name": "Mr. Krishna Sanghavi",
      "qualification": "",
      "total_exp": "27 years"
     },
     {
      "managing_fund_since": "december 21, 2020",
      "name": "Mr. Manish Lodha",
      "qualification": "",
      "total_exp": "23 years"
     }
    ],
    "load": [
     {
      "comment": "N.A.",
      "type": "entry"
     },
     {
      "comment": "- ● An Exit Load of 1% is payable if Units are redeemed / switched-out upto 3 months from the date of allotment; ● Nil if Units are redeemed / switched-out after 3 months from the date of allotment.",
      "type": "exit"
     }
    ],
    "main_scheme_name": "Mahindra Manulife Mid Cap Fund",
    "metrics": [
     {
      "name": "sharpe",
      "value": "0.83"
     },
     {
      "name": "std_dev",
      "value": "16.27%"
     },
     {
      "name": "beta",
      "value": "0.96"
     },
     {
      "name": "port_turnover_ratio",
      "value": "0.65"
     },
     {
      "name": "alpha",
      "value": "0.0195"
     }
    ],
    "min_addl_amt": "1,000",
    "min_addl_amt_multiple": "1",
    "min_amt": "1,000",
    "min_amt_multiple": "1",
    "monthly_aaum_date": "20250131",
    "monthly_aaum_value": "3,402.36",
    "mutual_fund_name": "Mahindra Manulife Mutual Fund",
    "scheme_launch_date": "20180130"
   }
  },
  {
   "value": {
    "amc_name": "Mahindra Manulife Investment Management Private Limited",
    "benchmark_index": [
     "Nifty India Consumption TRI"
    ],
    "field_location": [
     {
      "amc_name": "12",
      "benchmark_index": "12",
      "count": 23,
      "fund_manager_managing_fund_since": "12",
      "fund_manager_name": "12",
      "fund_manager_total_exp": "12",
      "load_entry": "12",
      "load_exit": "12",
      "main_scheme_name": "12",
      "metrics_alpha": "12",
      "metrics_beta": "12",
      "metrics_port_turnover_ratio": "12",
      "metrics_sharpe": "12",
      "metrics_std_dev": "12",
      "min_addl_amt": "12",
      "min_addl_amt_multiple": "12",
      "min_amt": "12",
      "min_amt_multiple": "12",
      "monthly_aaum_date": "12",
      "monthly_aaum_value": "12",
      "mutual_fund_name": "12",
      "scheme_launch_date": "12"
     }
    ],
    "fund_manager": [
     {
      "managing_fund_since": "october 24, 2024",
      "name": "Mr. Navin Matta",
      "qualification": "",
      "total_exp": "19 years"
     },
     {
      "managing_fund_since": "december 21, 2020",
      "name": "Ms. Fatema Pacha",
      "qualification": "",
      "total_exp": "18 years"
     }
    ],
    "load": [
     {
      "comment": "N.A.",
      "type": "entry"
     },
     {
      "comment": "● An Exit Load of 1% is payable if Units are redeemed / switched-out upto 3 months from the date of allotment; ● Nil if Units are redeemed / switched-out after 3 months from the date of allotment.",
      "type": "exit"
     }
    ],
    "main_scheme_name": "Mahindra Manulife Consumption Fund",
    "metrics": [
     {
      "name": "sharpe",
      "value": "0.67"
     },
     {
      "name": "std_dev",
      "value": "13.85%"
     },
     {
      "name": "beta",
      "value": "0.85"
     },
     {
      "name": "port_turnover_ratio",
      "value": "0.36"
     },
     {
      "name": "alpha",
      "value": "0.0584"
     }
    ],
    "min_addl_amt": "1,000",
    "min_addl_amt_multiple": "1",
    "min_amt": "1,000",
    "min_amt_multiple": "1",
    "monthly_aaum_date": "20250131",
    "monthly_aaum_value": "436.01",
    "mutual_fund_name": "Mahindra Manulife Mutual Fund",
    "scheme_launch_date": "20181113"
   }
  },
  {
   "value": {
    "amc_name": "Mahindra Manulife Investment Management Private Limited",
    "benchmark_index": [
     "Nifty 100 TRI"
    ],
    "field_location": [
     {
      "amc_name": "13",
      "benchmark_index": "13",
      "count": 23,
      "fund_manager_managing_fund_since": "13",
      "fund_manager_name": "13",
      "fund_manager_total_exp": "13",
      "load_entry": "13",
      "load_exit": "13",
      "main_scheme_name": "13",
      "metrics_alpha": "13",
      "metrics_beta": "13",
      "metrics_port_turnover_ratio": "13",
      "metrics_sharpe": "13",
      "metrics_std_dev": "13",
      "min_addl_amt": "13",
      "min_addl_amt_multiple": "13",
      "min_amt": "13",
      "min_amt_multiple": "13",
      "monthly_aaum_date": "13",
      "monthly_aaum_value": "13",
      "mutual_fund_name": "13",
      "scheme_launch_date": "13"
     }
    ],
    "fund_manager": [
     {
      "managing_fund_since": "december 21, 2020",
      "name": "Ms. Fatema Pacha",
      "qualification": "",
      "total_exp": "18 years"
     }
    ],
    "load": [
     {
      "comment": "N.A.",
      "type": "entry"
     },
     {
      "comment": "● An Exit Load of 1% is payable if Units are redeemed / switched-out upto 3 months from the date of allotment; ● Nil if Units are redeemed / switched-out after 3 months from the date of allotment.",
      "type": "exit"
     }
    ],
    "main_scheme_name": "Mahindra Manulife Large Cap Fund",
    "metrics": [
     {
      "name": "sharpe",
      "value": "0.38"
     },
     {
      "name": "std_dev",
      "value": "12.76%"
     },
     {
      "name": "beta",
      "value": "0.90"
     },
     {
      "name": "port_turnover_ratio",
      "value": "0.77"
     },
     {
      "name": "alpha",
      "value": "0.0539"
     }
    ],
    "min_addl_amt": "1,000",
    "min_addl_amt_multiple": "1",
    "min_amt": "1,000",
    "min_amt_multiple": "1",
    "monthly_aaum_date": "20250131",
    "monthly_aaum_value": "582.78",
    "mutual_fund_name": "Mahindra Manulife Mutual Fund",
    "scheme_launch_date": "20190315"
   }
  },
  {
   "value": {
    "amc_name": "Mahindra Manulife Investment Management Private Limited",
    "benchmark_index": [
     "NIFTY Large Midcap 250 TRI"
    ],
    "field_location": [
     {
      "amc_name": "14",
      "benchmark_index": "14",
      "count": 23,
      "fund_manager_managing_fund_since": "14",
      "fund_manager_name": "14",
      "fund_manager_total_exp": "14",
      "load_entry": "14",
      "load_exit": "14",
      "main_scheme_name": "14",
      "metrics_alpha": "14",
      "metrics_beta": "14",
      "metrics_port_turnover_ratio": "14",
      "metrics_sharpe": "14",
      "metrics_std_dev": "14",
      "min_amt": "14",
      "min_amt_multiple": "14",
      "monthly_aaum_date": "14",
      "monthly_aaum_value": "14",
      "mutual_fund_name": "14",
      "scheme_launch_date": "14"
     }
    ],
    "fund_manager": [
     {
      "managing_fund_since": "december 21, 2020",
      "name": "Mr. Manish Lodha",
      "qualification": "",
      "total_exp": "23 years"
     }
    ],
    "load": [
     {
      "comment": "N.A.",
      "type": "entry"
     },
     {
      "comment": "● An Exit Load of 1% is payable if Units are redeemed / switched-out upto 3 months from the date of allotment; ● Nil if Units are redeemed / switched-out after 3 months from the date of allotment.",
      "type": "exit"
     }
    ],
    "main_scheme_name": "Mahindra Manulife (Large & Mid Cap Fund ",
    "metrics": [
     {
      "name": "sharpe",
      "value": "0.49"
     },
     {
      "name": "std_dev",
      "value": "14.22%"
     },
     {
      "name": "beta",
      "value": "0.93"
     },
     {
      "name": "port_turnover_ratio",
      "value": "1.38"
     },
     {
      "name": "alpha",
      "value": "0.2055"
     }
    ],
    "min_amt": "1,000",
    "min_amt_multiple": "1",
    "monthly_aaum_date": "20250131",
    "monthly_aaum_value": "2,469.31",
    "mutual_fund_name": "Mahindra Manulife Mutual Fund",
    "scheme_launch_date": "20191230"
   }
  },
  {
   "value": {
    "amc_name": "Mahindra Manulife Investment Management Private Limited",
    "benchmark_index": [
     "Nifty 500 TRI"
    ],
    "field_location": [
     {
      "amc_name": "15",
      "benchmark_index": "15",
      "count": 23,
      "fund_manager_managing_fund_since": "15",
      "fund_manager_name": "15",
      "fund_manager_total_exp": "15",
      "load_entry": "15",
      "load_exit": "15",
      "main_scheme_name": "15",
      "metrics_alpha": "15",
      "metrics_beta": "15",
      "metrics_port_turnover_ratio": "15",
      "metrics_sharpe": "15",
      "metrics_std_dev": "15",
      "min_amt": "15",
      "min_amt_multiple": "15",
      "monthly_aaum_date": "15",
      "monthly_aaum_value": "15",
      "mutual_fund_name": "15",
      "scheme_launch_date": "15"
     }
    ],
    "fund_manager": [
     {
      "managing_fund_since": "november 17, 2020",
      "name": "Mr. Krishna Sanghavi",
      "qualification": "",
      "total_exp": "27 years"
     },
     {
      "managing_fund_since": "december 21, 2020",
      "name": "Ms. Fatema Pacha",
      "qualification": "",
      "total_exp": "18 years"
     }
    ],
    "load": [
     {
      "comment": "N.A.",
      "type": "entry"
     },
     {
      "comment": "● An Exit Load of 1% is payable if Units are redeemed / switched-out upto 3 months from the date of allotment; ● Nil if Units are redeemed / switched-out after 3 months from the date of allotment.",
      "type": "exit"
     }
    ],
    "main_scheme_name": "Mahindra Manulife Focused Fund",
    "metrics": [
     {
      "name": "sharpe",
      "value": "0.81"
     },
     {
      "name": "std_dev",
      "value": "13.60%"
     },
     {
      "name": "beta",
      "value": "0.91"
     },
     {
      "name": "port_turnover_ratio",
      "value": "0.41"
     },
     {
      "name": "alpha",
      "value": "0.3185"
     }
    ],
    "min_amt": "1,000",
    "min_amt_multiple": "1",
    "monthly_aaum_date": "20250131",
    "monthly_aaum_value": "1,853.68",
    "mutual_fund_name": "Mahindra Manulife Mutual Fund",
    "scheme_launch_date": "20201117"
   }
  },
  {
   "value": {
    "amc_name": "Mahindra Manulife Investment Management Private Limited",
    "benchmark_index": [
     "Nifty 500 TRI"
    ],
    "field_location": [
     {
      "amc_name": "16",
      "benchmark_index": "16",
      "count": 23,
      "fund_manager_managing_fund_since": "16",
      "fund_manager_name": "16",
      "fund_manager_total_exp": "16",
      "load_entry": "16",
      "load_exit": "16",
      "main_scheme_name": "16",
      "metrics_alpha": "16",
      "metrics_beta": "16",
      "metrics_port_turnover_ratio": "16",
      "metrics_sharpe": "16",
      "metrics_std_dev": "16",
      "min_addl_amt": "16",
      "min_addl_amt_multiple": "16",
      "min_amt": "16",
      "min_amt_multiple": "16",
      "monthly_aaum_date": "16",
      "monthly_aaum_value": "16",
      "mutual_fund_name": "16",
      "scheme_launch_date": "16"
     }
    ],
    "fund_manager": [
     {
      "managing_fund_since": "august 23, 2021",
      "name": "Ms. Fatema Pacha",
      "qualification": "",
      "total_exp": "18 years"
     },
     {
      "managing_fund_since": "august 23, 2021",
      "name": "Manish Lodha",
      "qualification": "",
      "total_exp": "23 years"
     }
    ],
    "load": [
     {
      "comment": "N.A.",
      "type": "entry"
     },
     {
      "comment": "● An Exit Load of 1% is payable if Units are redeemed / switched-out upto 3 months from the date of allotment; ● Nil if Units are redeemed / switched-out after 3 months from the date of allotment. Redemption /Switch-Out of Units would be done on First in First out Basis (FIFO).",
      "type": "exit"
     }
    ],
    "main_scheme_name": "Mahindra Manulife Flexi Cap Fund",
    "metrics": [
     {
      "name": "sharpe",
      "value": "0.55"
     },
     {
      "name": "std_dev",
      "value": "13.53%"
     },
     {
      "name": "beta",
      "value": "0.93"
     },
     {
      "name": "port_turnover_ratio",
      "value": "0.84"
     },
     {
      "name": "alpha",
      "value": "0.0078"
     }
    ],
    "min_addl_amt": "1,000",
    "min_addl_amt_multiple": "1",
    "min_amt": "1,000",
    "min_amt_multiple": "1",
    "monthly_aaum_date": "20250131",
    "monthly_aaum_value": "1,406.63",
    "mutual_fund_name": "Mahindra Manulife Mutual Fund",
    "scheme_launch_date": "20210823"
   }
  },
  {
   "value": {
    "amc_name": "Mahindra Manulife Investment Management Private Limited",
    "benchmark_index": [
     "BSE 250 Small Cap TRI"
    ],
    "field_location": [
     {
      "amc_name": "17",
      "benchmark_index": "17",
      "count": 23,
      "fund_manager_managing_fund_since": "17",
      "fund_manager_name": "17",
      "fund_manager_total_exp": "17",
      "load_entry": "17",
      "load_exit": "17",
      "main_scheme_name": "17",
      "metrics_alpha": "17",
      "metrics_port_turnover_ratio": "17",
      "min_addl_amt": "17",
      "min_addl_amt_multiple": "17",
      "min_amt": "17",
      "min_amt_multiple": "17",
      "monthly_aaum_date": "17",
      "monthly_aaum_value": "17",
      "mutual_fund_name": "17",
      "scheme_launch_date": "17"
     }
    ],
    "fund_manager": [
     {
      "managing_fund_since": "december 23, 2024",
      "name": "Mr. Vishal Jajoo",
      "qualification": "",
      "total_exp": "17 years"
     },
     {
      "managing_fund_since": "october 24, 2024",
      "name": "Mr. Krishna Sanghavi",
      "qualification": "",
      "total_exp": "27 years"
     },
     {
      "managing_fund_since": "december 12, 2022",
      "name": "Mr. Manish Lodha",
      "qualification": "",
      "total_exp": "23 years"
     }
    ],
    "load": [
     {
      "comment": "N.A.",
      "type": "entry"
     },
     {
      "comment": "● An Exit Load of 1% is payable if Units are redeemed / switched-out upto 3 months from the date of allotment; ● Nil if Units are redeemed / switched-out after 3 months from the date of allotment.",
      "type": "exit"
     }
    ],
    "main_scheme_name": "Mahindra Manulife Small Cap Fund",
    "metrics": [
     {
      "name": "port_turnover_ratio",
      "value": "0.84"
     },
     {
      "name": "alpha",
      "value": "1.29"
     }
    ],
    "min_addl_amt": "1,000",
    "min_addl_amt_multiple": "1",
    "min_amt": "1000",
    "min_amt_multiple": "1",
    "monthly_aaum_date": "20250131",
    "monthly_aaum_value": "3,679.89",
    "mutual_fund_name": "Mahindra Manulife Mutual Fund",
    "scheme_launch_date": "20221212"
   }
  },
  {
   "value": {
    "amc_name": "Mahindra Manulife Investment Management Private Limited",
    "benchmark_index": [
     "NIFTY 500 TRI"
    ],
    "field_location": [
     {
      "amc_name": "18",
      "benchmark_index": "18",
      "count": 23,
      "fund_manager_managing_fund_since": "18",
      "fund_manager_name": "18",
      "fund_manager_total_exp": "18",
      "load_entry": "18",
      "load_exit": "18",
      "main_scheme_name": "18",
      "metrics_port_turnover_ratio": "18",
      "min_addl_amt": "18",
      "min_addl_amt_multiple": "18",
      "min_amt": "18",
      "min_amt_multiple": "18",
      "monthly_aaum_date": "18",
      "monthly_aaum_value": "18",
      "mutual_fund_name": "18",
      "scheme_launch_date": "18"
     }
    ],
    "fund_manager": [
     {
      "managing_fund_since": "september 11, 2023",
      "name": "Mr. Krishna Sanghavi",
      "qualification": "",
      "total_exp": "27 years"
     },
     {
      "managing_fund_since": "september 11, 2023",
      "name": "Mr. Renjith Sivaram",
      "qualification": "",
      "total_exp": "14 years"
     }
    ],
    "load": [
     {
      "comment": "N.A.",
      "type": "entry"
     },
     {
      "comment": "● An Exit Load of 1% is payable if Units are redeemed / switched-out upto 3 months from the date of allotment; ● Nil if Units are redeemed / switched-out after 3 months from the date of allotment. Redemption /Switch-Out of Units would be done on First in First out Basis (FIFO).",
      "type": "exit"
     }
    ],
    "main_scheme_name": "Mahindra Manulife Business Cycle Fund",
    "metrics": [
     {
      "name": "port_turnover_ratio",
      "value": "0.70"
     }
    ],
    "min_addl_amt": "1,000",
    "min_addl_amt_multiple": "1",
    "min_amt": "1000",
    "min_amt_multiple": "1",
    "monthly_aaum_date": "20250131",
    "monthly_aaum_value": "1,152.44",
    "mutual_fund_name": "Mahindra Manulife Mutual Fund",
    "scheme_launch_date": "20230911"
   }
  },
  {
   "value": {
    "amc_name": "Mahindra Manulife Investment Management Private Limited",
    "benchmark_index": [
     "BSE India Manufacturing TRI"
    ],
    "field_location": [
     {
      "amc_name": "19",
      "benchmark_index": "19",
      "count": 23,
      "fund_manager_managing_fund_since": "19",
      "fund_manager_name": "19",
      "fund_manager_total_exp": "19",
      "load_entry": "19",
      "load_exit": "19",
      "main_scheme_name": "19",
      "min_addl_amt": "19",
      "min_addl_amt_multiple": "19",
      "min_amt": "19",
      "min_amt_multiple": "19",
      "monthly_aaum_date": "19",
      "monthly_aaum_value": "19",
      "mutual_fund_name": "19",
      "scheme_launch_date": "19"
     }
    ],
    "fund_manager": [
     {
      "managing_fund_since": "june 24, 2024",
      "name": "Mr. Renjith Sivaram",
      "qualification": "",
      "total_exp": "14 years"
     },
     {
      "managing_fund_since": "june 24, 2024",
      "name": "Mr. Manish Lodha",
      "qualification": "",
      "total_exp": "23 years"
     }
    ],
    "load": [
     {
      "comment": "N.A.",
      "type": "entry"
     },
     {
      "comment": "● An Exit Load of 0.5% is payable if Units are redeemed / switched-out upto 3 months from the date of allotment; ● Nil - If Units are redeemed / switched-out after completion of 3 months from the date of allotment. Redemption /Switch-Out of Units would be done on First in First Out Basis (FIFO).",
      "type": "exit"
     }
    ],
    "main_scheme_name": "Mahindra Manulife Manufacturing Fund",
    "min_addl_amt": "1,000",
    "min_addl_amt_multiple": "1",
    "min_amt": "1,000",
    "min_amt_multiple": "1",
    "monthly_aaum_date": "20250131",
    "monthly_aaum_value": "848.45",
    "mutual_fund_name": "Mahindra Manulife Mutual Fund",
    "scheme_launch_date": "20240624"
   }
  },
  {
   "value": {
    "amc_name": "Mahindra Manulife Investment Management Private Limited",
    "benchmark_index": [
     "FTSE EPRA Nareit Asia ex Japan REITs Index"
    ],
    "field_location": [
     {
      "amc_name": "20",
      "benchmark_index": "20",
      "count": 23,
      "fund_manager_managing_fund_since": "20",
      "fund_manager_name": "20",
      "fund_manager_total_exp": "20",
      "load_entry": "20",
      "load_exit": "20",
      "main_scheme_name": "20",
      "min_addl_amt": "20",
      "min_addl_amt_multiple": "20",
      "min_amt": "20",
      "min_amt_multiple": "20",
      "monthly_aaum_date": "20",
      "monthly_aaum_value": "20",
      "mutual_fund_name": "20",
      "scheme_launch_date": "20"
     }
    ],
    "fund_manager": [
     {
      "managing_fund_since": "january 01, 2025",
      "name": "Mr. Krishna Sanghavi",
      "qualification": "",
      "total_exp": "27 years"
     },
     {
      "managing_fund_since": "october 20, 2021",
      "name": "Mr. Amit Garg",
      "qualification": "",
      "total_exp": "19 years"
     }
    ],
    "load": [
     {
      "comment": "N.A.",
      "type": "entry"
     },
     {
      "comment": "10% of the units allotted shall be redeemed without any exit load, on or before completion of 12 months from the date of allotment of Units. Any redemption in excess of the above limit shall be subject to the following exit load: ● An exit load of 1% is payable if Units are redeemed / switched-out on or before completion of 12 months from the date of allotment of Units; ● Nil - If Units are redeemed / switched-out after completion of 12 months from the date of allotment of Units. Redemption /Switch-Out of Units would be done on First in First Out Basis (FIFO).",
      "type": "exit"
     }
    ],
    "main_scheme_name": "Mahindra Manulife Asia Pacific REITs FOF",
    "min_addl_amt": "1,000",
    "min_addl_amt_multiple": "1",
    "min_amt": "5,000",
    "min_amt_multiple": "1",
    "monthly_aaum_date": "20250131",
    "monthly_aaum_value": "21.57",
    "mutual_fund_name": "Mahindra Manulife Mutual Fund",
    "scheme_launch_date": "20211020"
   }
  },
  {
   "value": {
    "amc_name": "Mahindra Manulife Investment Management Private Limited",
    "benchmark_index": [
     "Nifty Equity Savings TRI"
    ],
    "field_location": [
     {
      "amc_name": "22",
      "benchmark_index": "22",
      "count": 23,
      "fund_manager_managing_fund_since": "22",
      "fund_manager_name": "22",
      "fund_manager_total_exp": "22",
      "load_entry": "22",
      "load_exit": "22",
      "main_scheme_name": "22",
      "metrics_alpha": "22",
      "metrics_avg_maturity": "22",
      "metrics_beta": "22",
      "metrics_macaulay": "22",
      "metrics_mod_duration": "22",
      "metrics_port_turnover_ratio": "22",
      "metrics_sharpe": "22",
      "metrics_std_dev": "22",
      "metrics_ytm": "22",
      "min_addl_amt": "22",
      "min_addl_amt_multiple": "22",
      "min_amt": "22",
      "min_amt_multiple": "22",
      "monthly_aaum_date": "22",
      "monthly_aaum_value": "22",
      "mutual_fund_name": "22",
      "scheme_launch_date": "22"
     }
    ],
    "fund_manager": [
     {
      "managing_fund_since": "december 21, 2020",
      "name": "Mr. Manish Lodha",
      "qualification": "",
      "total_exp": "23 years"
     },
     {
      "managing_fund_since": "july 03, 2023",
      "name": "Mr. Renjith Sivaram",
      "qualification": "",
      "total_exp": "14 years"
     },
     {
      "managing_fund_since": "february 1, 2017",
      "name": "Mr. Rahul Pal",
      "qualification": "",
      "total_exp": "22 years"
     }
    ],
    "load": [
     {
      "comment": "N.A.",
      "type": "entry"
     },
     {
      "comment": "10% of the units allotted shall be redeemed without any exit load, on or before completion of 15 calendar days from the date of allotment of Units. Any redemption in excess of the above limit shall be subject to the following exit load: ● An exit load of 1% is payable if Units are redeemed / switched-out on or before completion of 15 calendar days from the date of allotment of Units; ● Nil - If Units are redeemed / switched-out after completion of 15 calendar days from the date of allotment of Units.",
      "type": "exit"
     }
    ],
    "main_scheme_name": "Mahindra Manulife Equity Savings Fund",
    "metrics": [
     {
      "name": "sharpe",
      "value": "0.19"
     },
     {
      "name": "std_dev",
      "value": "5.72%"
     },
     {
      "name": "beta",
      "value": "1.13"
     },
     {
      "name": "ytm",
      "value": "2"
     },
     {
      "name": "port_turnover_ratio",
      "value": "4.37"
     },
     {
      "name": "alpha",
      "value": "0.0874"
     },
     {
      "name": "mod_duration",
      "value": "1.97"
     },
     {
      "name": "avg_maturity",
      "value": "2.46 Years"
     },
     {
      "name": "macaulay",
      "value": "2.06 Years"
     }
    ],
    "min_addl_amt": "1,000",
    "min_addl_amt_multiple": "1",
    "min_amt": "1,000",
    "min_amt_multiple": "1",
    "monthly_aaum_date": "20250131",
    "monthly_aaum_value": "569.29",
    "mutual_fund_name": "Mahindra Manulife Mutual Fund",
    "scheme_launch_date": "20170201"
   }
  },
  {
   "value": {
    "amc_name": "Mahindra Manulife Investment Management Private Limited",
    "benchmark_index": [
     "CRISIL Hybrid 35+65 Aggressive Index"
    ],
    "field_location": [
     {
      "amc_name": "23",
      "benchmark_index": "23",
      "count": 23,
      "fund_manager_managing_fund_since": "23",
      "fund_manager_name": "23",
      "fund_manager_total_exp": "23",
      "load_entry": "23",
      "load_exit": "23",
      "main_scheme_name": "23",
      "metrics_alpha": "23",
      "metrics_avg_maturity": "23",
      "metrics_beta": "23",
      "metrics_macaulay": "23",
      "metrics_mod_duration": "23",
      "metrics_port_turnover_ratio": "23",
      "metrics_sharpe": "23",
      "metrics_std_dev": "23",
      "metrics_ytm": "23",
      "min_amt": "23",
      "min_amt_multiple": "23",
      "monthly_aaum_date": "23",
      "monthly_aaum_value": "23",
      "mutual_fund_name": "23",
      "scheme_launch_date": "23"
     }
    ],
    "fund_manager": [
     {
      "managing_fund_since": "october 16, 2020",
      "name": "Ms. Fatema Pacha",
      "qualification": "",
      "total_exp": "18 years"
     },
     {
      "managing_fund_since": "december 21, 2020",
      "name": "Mr. Manish Lodha",
      "qualification": "",
      "total_exp": "23 years"
     },
     {
      "managing_fund_since": "july 19, 2019",
      "name": "Mr. Rahul Pal",
      "qualification": "",
      "total_exp": "22 years"
     },
     {
      "managing_fund_since": "may 02, 2024",
      "name": "Mr. Amit Garg",
      "qualification": "",
      "total_exp": "19 years"
     }
    ],
    "load": [
     {
      "comment": "N.A.",
      "type": "entry"
     },
     {
      "comment": "10% of the units allotted shall be redeemed without any exit load, on or before completion of 3 months from the date of allotment of Units. Any redemption in excess of the above limit shall be subject to the following exit load: ● An exit load of 1% is payable if Units are redeemed / switched-out on or before completion of 3 months from the date of allotment of Units; ● Nil - If Units are redeemed / switched-out after completion of 3 months from the date of allotment of Units",
      "type": "exit"
     }
    ],
    "main_scheme_name": "Mahindra Manulife Aggressive Hybrid Fund",
    "metrics": [
     {
      "name": "sharpe",
      "value": "0.65"
     },
     {
      "name": "std_dev",
      "value": "11.11%"
     },
     {
      "name": "beta",
      "value": "1.13"
     },
     {
      "name": "ytm",
      "value": "2"
     },
     {
      "name": "port_turnover_ratio",
      "value": "0.81"
     },
     {
      "name": "alpha",
      "value": "0.1442"
     },
     {
      "name": "mod_duration",
      "value": "4.60"
     },
     {
      "name": "avg_maturity",
      "value": "9.74 years"
     },
     {
      "name": "macaulay",
      "value": "4.80 years"
     }
    ],
    "min_amt": "1,000",
    "min_amt_multiple": "1",
    "monthly_aaum_date": "20250131",
    "monthly_aaum_value": "1,516.61",
    "mutual_fund_name": "Mahindra Manulife Mutual Fund",
    "scheme_launch_date": "20190719"
   }
  },
  {
   "value": {
    "amc_name": "Mahindra Manulife Investment Management Private Limited",
    "benchmark_index": [
     "Nifty 50 Hybrid Composite Debt 50: 50 Index TRI"
    ],
    "field_location": [
     {
      "amc_name": "24",
      "benchmark_index": "24",
      "count": 23,
      "fund_manager_managing_fund_since": "24",
      "fund_manager_name": "24",
      "fund_manager_total_exp": "24",
      "load_entry": "24",
      "load_exit": "24",
      "main_scheme_name": "24",
      "metrics_alpha": "24",
      "metrics_avg_maturity": "24",
      "metrics_beta": "24",
      "metrics_macaulay": "24",
      "metrics_mod_duration": "24",
      "metrics_port_turnover_ratio": "24",
      "metrics_sharpe": "24",
      "metrics_std_dev": "24",
      "metrics_ytm": "24",
      "min_addl_amt": "24",
      "min_addl_amt_multiple": "24",
      "min_amt": "24",
      "min_amt_multiple": "24",
      "monthly_aaum_date": "24",
      "monthly_aaum_value": "24",
      "mutual_fund_name": "24",
      "scheme_launch_date": "24"
     }
    ],
    "fund_manager": [
     {
      "managing_fund_since": "december 30, 2021",
      "name": "Mr. Manish Lodha",
      "qualification": "",
      "total_exp": "23 years"
     },
     {
      "managing_fund_since": "december 30, 2021",
      "name": "Ms. Fatema Pacha",
      "qualification": "",
      "total_exp": "18 years"
     },
     {
      "managing_fund_since": "december 30, 2021",
      "name": "Mr. Rahul Pal",
      "qualification": "",
      "total_exp": "22 years"
     }
    ],
    "load": [
     {
      "comment": "N.A.",
      "type": "entry"
     },
     {
      "comment": "10% of the units allotted shall be redeemed without any exit load, on or before completion of 3 months from the date of allotment of Units. Any redemption in excess of the above limit shall be subject to the following exit load: ● An Exit Load of 1% is payable if Units are redeemed / switched-out on or before completion of 3 months from the date of allotment of Units; ● Nil - If Units are redeemed / switched-out after completion of 3 months from the date of allotment of Units.",
      "type": "exit"
     }
    ],
    "main_scheme_name": "Mahindra Manulife Balanced Advantage Fund",
    "metrics": [
     {
      "name": "sharpe",
      "value": "0.50"
     },
     {
      "name": "std_dev",
      "value": "8.33%"
     },
     {
      "name": "beta",
      "value": "1.00"
     },
     {
      "name": "ytm",
      "value": "2"
     },
     {
      "name": "port_turnover_ratio",
      "value": "2.90"
     },
     {
      "name": "alpha",
      "value": "0.1187"
     },
     {
      "name": "mod_duration",
      "value": "3.81"
     },
     {
      "name": "avg_maturity",
      "value": "7.26 years"
     },
     {
      "name": "macaulay",
      "value": "3.97 years"
     }
    ],
    "min_addl_amt": "1,000",
    "min_addl_amt_multiple": "1",
    "min_amt": "1,000",
    "min_amt_multiple": "1",
    "monthly_aaum_date": "20250131",
    "monthly_aaum_value": "890.10",
    "mutual_fund_name": "Mahindra Manulife Mutual Fund",
    "scheme_launch_date": "20211230"
   }
  },
  {
   "value": {
    "amc_name": "Mahindra Manulife Investment Management Private Limited",
    "benchmark_index": [
     "45% NIFTY 500 TRI + 40% CRISIL Composite Bond Index + 10% Domestic Price of"
    ],
    "field_location": [
     {
      "amc_name": "25",
      "benchmark_index": "25",
      "count": 23,
      "fund_manager_managing_fund_since": "25",
      "fund_manager_name": "25",
      "fund_manager_total_exp": "25",
      "load_entry": "25",
      "load_exit": "25",
      "main_scheme_name": "25",
      "metrics_avg_maturity": "25",
      "metrics_macaulay": "25",
      "metrics_mod_duration": "25",
      "metrics_ytm": "25",
      "min_addl_amt": "25",
      "min_addl_amt_multiple": "25",
      "min_amt": "25",
      "min_amt_multiple": "25",
      "monthly_aaum_date": "25",
      "monthly_aaum_value": "25",
      "mutual_fund_name": "25",
      "scheme_launch_date": "25"
     }
    ],
    "fund_manager": [
     {
      "managing_fund_since": "march 13, 2024",
      "name": "Mr. Renjith Sivaram",
      "qualification": "",
      "total_exp": "14 years"
     },
     {
      "managing_fund_since": "march 13, 2024",
      "name": "Mr. Rahul Pal",
      "qualification": "",
      "total_exp": "22 years"
     }
    ],
    "load": [
     {
      "comment": "N.A.",
      "type": "entry"
     },
     {
      "comment": "- ● An Exit Load of 0.5% is payable if Units are redeemed / switched-out up to 3 months from the date of allotment; ● Nil if Units are redeemed / switched-out after 3 months from the date of allotment. Redemption /Switch-Out of Units would be done on First in First out Basis (FIFO).",
      "type": "exit"
     }
    ],
    "main_scheme_name": "(An open ended scheme investing in Equity, Debt, Gold/Silver Exchange Traded Fund",
    "metrics": [
     {
      "name": "ytm",
      "value": "2"
     },
     {
      "name": "mod_duration",
      "value": "5.66"
     },
     {
      "name": "avg_maturity",
      "value": "9.70 years"
     },
     {
      "name": "macaulay",
      "value": "5.90 years"
     }
    ],
    "min_addl_amt": "1,000",
    "min_addl_amt_multiple": "1",
    "min_amt": "1,000",
    "min_amt_multiple": "1",
    "monthly_aaum_date": "20250131",
    "monthly_aaum_value": "554.99",
    "mutual_fund_name": "Mahindra Manulife Mutual Fund",
    "scheme_launch_date": "20240313"
   }
  },
  {
   "value": {
    "amc_name": "Mahindra Manulife Investment Management Private Limited",
    "benchmark_index": [
     "Nifty 50 Arbitrage TRI"
    ],
    "field_location": [
     {
      "amc_name": "26",
      "benchmark_index": "26",
      "count": 23,
      "fund_manager_managing_fund_since": "26",
      "fund_manager_name": "26",
      "fund_manager_total_exp": "26",
      "load_entry": "26",
      "load_exit": "26",
      "main_scheme_name": "26",
      "metrics_alpha": "26",
      "metrics_avg_maturity": "26",
      "metrics_beta": "26",
      "metrics_macaulay": "26",
      "metrics_mod_duration": "26",
      "metrics_port_turnover_ratio": "26",
      "metrics_sharpe": "26",
      "metrics_std_dev": "26",
      "metrics_ytm": "26",
      "min_amt": "26",
      "min_amt_multiple": "26",
      "monthly_aaum_date": "26",
      "monthly_aaum_value": "26",
      "mutual_fund_name": "26",
      "scheme_launch_date": "26"
     }
    ],
    "fund_manager": [
     {
      "managing_fund_since": "october 24, 2024",
      "name": "Mr. Navin Matta",
      "qualification": "",
      "total_exp": "19 years"
     },
     {
      "managing_fund_since": "december 21, 2020",
      "name": "Mr. Manish Lodha",
      "qualification": "",
      "total_exp": "23 years"
     },
     {
      "managing_fund_since": "august 24, 2020",
      "name": "Mr. Rahul Pal",
      "qualification": "",
      "total_exp": "22 years"
     }
    ],
    "load": [
     {
      "comment": "N.A.",
      "type": "entry"
     },
     {
      "comment": "● An exit load of 0.25% is payable if Units are redeemed / switched-out on or before completion of 30 days from the date of allotment of Units; ● Nil - If Units are redeemed / switched-out after completion of 30 days from the date of allotment of Units. Redemption /Switch-Out of Units would be done on First in First out Basis (FIFO).",
      "type": "exit"
     }
    ],
    "main_scheme_name": "Mahindra Manulife Arbitrage Fund",
    "metrics": [
     {
      "name": "sharpe",
      "value": "2.95"
     },
     {
      "name": "std_dev",
      "value": "0.56%"
     },
     {
      "name": "beta",
      "value": "0.61"
     },
     {
      "name": "ytm",
      "value": "2"
     },
     {
      "name": "port_turnover_ratio",
      "value": "8.67"
     },
     {
      "name": "alpha",
      "value": "0.1318"
     },
     {
      "name": "mod_duration",
      "value": "0.21"
     },
     {
      "name": "avg_maturity",
      "value": "78.34 days"
     },
     {
      "name": "macaulay",
      "value": "78.34 days"
     }
    ],
    "min_amt": "1,000",
    "min_amt_multiple": "1",
    "monthly_aaum_date": "20250131",
    "monthly_aaum_value": "110.91",
    "mutual_fund_name": "Mahindra Manulife Mutual Fund",
    "scheme_launch_date": "20200824"
   }
  },
  {
   "value": {
    "amc_name": "Mahindra Manulife Investment Management Private Limited",
    "benchmark_index": [
     "CRISIL Liquid Debt A-I Index"
    ],
    "field_location": [
     {
      "amc_name": "28",
      "benchmark_index": "28",
      "count": 23,
      "fund_manager_managing_fund_since": "28",
      "fund_manager_name": "28",
      "fund_manager_total_exp": "28",
      "load_entry": "28",
      "load_exit": "28",
      "main_scheme_name": "28",
      "metrics_avg_maturity": "28",
      "metrics_macaulay": "28",
      "metrics_mod_duration": "28",
      "metrics_ytm": "28",
      "min_addl_amt": "28",
      "min_addl_amt_multiple": "28",
      "min_amt": "28",
      "min_amt_multiple": "28",
      "monthly_aaum_date": "28",
      "monthly_aaum_value": "28",
      "mutual_fund_name": "28",
      "scheme_launch_date": "28"
     }
    ],
    "fund_manager": [
     {
      "managing_fund_since": "july 04, 2016",
      "name": "Mr. Rahul Pal",
      "qualification": "",
      "total_exp": "22 years"
     },
     {
      "managing_fund_since": "june 8, 2020",
      "name": "Mr. Amit Garg",
      "qualification": "",
      "total_exp": "19 years"
     }
    ],
    "load": [
     {
      "comment": "N.A.",
      "type": "entry"
     },
     {
      "comment": "Investor Exit upon Exit Load as % of subscription redemption proceed Day 1 0.0070% Day 2 0.0065% Day 3 0.0060% Day 4 0.0055% Day 5 0.0050% Day 6 0.0045% Day 7 onwards 0.0000% Redemption /Switch-Out of Units would be done on First in First out Basis (FIFO). The above mentioned exit load shall not apply to the Unclaimed Plan offered under the scheme.",
      "type": "exit"
     }
    ],
    "main_scheme_name": "Mahindra Manulife Liquid Fund",
    "metrics": [
     {
      "name": "ytm",
      "value": "2"
     },
     {
      "name": "mod_duration",
      "value": "0.14"
     },
     {
      "name": "avg_maturity",
      "value": "49.46 days"
     },
     {
      "name": "macaulay",
      "value": "49.46 days"
     }
    ],
    "min_addl_amt": "1,000",
    "min_addl_amt_multiple": "1",
    "min_amt": "1,000",
    "min_amt_multiple": "1",
    "monthly_aaum_date": "20250131",
    "monthly_aaum_value": "1,278.94",
    "mutual_fund_name": "Mahindra Manulife Mutual Fund",
    "scheme_launch_date": "20160704"
   }
  },
  {
   "value": {
    "amc_name": "Mahindra Manulife Investment Management Private Limited",
    "benchmark_index": [
     "CRISIL Low Duration Debt A-I Index"
    ],
    "field_location": [
     {
      "amc_name": "29",
      "benchmark_index": "29",
      "count": 23,
      "fund_manager_managing_fund_since": "29",
      "fund_manager_name": "29",
      "fund_manager_total_exp": "29",
      "load_entry": "29",
      "load_exit": "29",
      "main_scheme_name": "29",
      "metrics_avg_maturity": "29",
      "metrics_macaulay": "29",
      "metrics_mod_duration": "29",
      "metrics_ytm": "29",
      "min_addl_amt": "29",
      "min_addl_amt_multiple": "29",
      "min_amt": "29",
      "min_amt_multiple": "29",
      "monthly_aaum_date": "29",
      "monthly_aaum_value": "29",
      "mutual_fund_name": "29",
      "scheme_launch_date": "29"
     }
    ],
    "fund_manager": [
     {
      "managing_fund_since": "february 15, 2017",
      "name": "Mr. Rahul Pal",
      "qualification": "",
      "total_exp": "22 years"
     }
    ],
    "load": [
     {
      "comment": "N.A.",
      "type": "entry"
     },
     {
      "comment": "Nil",
      "type": "exit"
     }
    ],
    "main_scheme_name": "Mahindra Manulife Low Duration Fund",
    "metrics": [
     {
      "name": "ytm",
      "value": "2"
     },
     {
      "name": "mod_duration",
      "value": "1"
     },
     {
      "name": "avg_maturity",
      "value": "425.14 days"
     },
     {
      "name": "macaulay",
      "value": "333.61 days"
     }
    ],
    "min_addl_amt": "1,000",
    "min_addl_amt_multiple": "1",
    "min_amt": "1,000",
    "min_amt_multiple": "1",
    "monthly_aaum_date": "20250131",
    "monthly_aaum_value": "646.32",
    "mutual_fund_name": "Mahindra Manulife Mutual Fund",
    "scheme_launch_date": "20170215"
   }
  },
  {
   "value": {
    "amc_name": "Mahindra Manulife Investment Management Private Limited",
    "benchmark_index": [
     "CRISIL Dynamic Bond A-III Index"
    ],
    "field_location": [
     {
      "amc_name": "30",
      "benchmark_index": "30",
      "count": 23,
      "fund_manager_managing_fund_since": "30",
      "fund_manager_name": "30",
      "fund_manager_total_exp": "30",
      "load_entry": "30",
      "load_exit": "30",
      "main_scheme_name": "30",
      "metrics_avg_maturity": "30",
      "metrics_macaulay": "30",
      "metrics_mod_duration": "30",
      "metrics_ytm": "30",
      "min_addl_amt": "30",
      "min_addl_amt_multiple": "30",
      "min_amt": "30",
      "min_amt_multiple": "30",
      "monthly_aaum_date": "30",
      "monthly_aaum_value": "30",
      "mutual_fund_name": "30",
      "scheme_launch_date": "30"
     }
    ],
    "fund_manager": [
     {
      "managing_fund_since": "august 20, 2018",
      "name": "Mr. Rahul Pal",
      "qualification": "",
      "total_exp": "22 years"
     }
    ],
    "load": [
     {
      "comment": "N.A.",
      "type": "entry"
     },
     {
      "comment": "Nil",
      "type": "exit"
     }
    ],
    "main_scheme_name": "Mahindra Manulife Dynamic Bond Fund",
    "metrics": [
     {
      "name": "ytm",
      "value": "2"
     },
     {
      "name": "mod_duration",
      "value": "7.84"
     },
     {
      "name": "avg_maturity",
      "value": "17.18 years"
     },
     {
      "name": "macaulay",
      "value": "8.14 years"
     }
    ],
    "min_addl_amt": "1,000",
    "min_addl_amt_multiple": "1",
    "min_amt": "1,000",
    "min_amt_multiple": "1",
    "monthly_aaum_date": "20250131",
    "monthly_aaum_value": "78.27",
    "mutual_fund_name": "Mahindra Manulife Mutual Fund",
    "scheme_launch_date": "20180820"
   }
  },
  {
   "value": {
    "amc_name": "Mahindra Manulife Investment Management Private Limited",
    "benchmark_index": [
     "CRISIL Liquid Overnight Index"
    ],
    "field_location": [
     {
      "amc_name": "31",
      "benchmark_index": "31",
      "count": 23,
      "fund_manager_managing_fund_since": "31",
      "fund_manager_name": "31",
      "fund_manager_total_exp": "31",
      "load_entry": "31",
      "load_exit": "31",
      "main_scheme_name": "31",
      "metrics_avg_maturity": "31",
      "metrics_macaulay": "31",
      "metrics_mod_duration": "31",
      "metrics_ytm": "31",
      "min_amt": "31",
      "min_amt_multiple": "31",
      "monthly_aaum_date": "31",
      "monthly_aaum_value": "31",
      "mutual_fund_name": "31",
      "scheme_launch_date": "31"
     }
    ],
    "fund_manager": [
     {
      "managing_fund_since": "july 23, 2019",
      "name": "Mr. Rahul Pal",
      "qualification": "",
      "total_exp": "22 years"
     },
     {
      "managing_fund_since": "june 8, 2020",
      "name": "Mr. Amit Garg",
      "qualification": "",
      "total_exp": "19 years"
     }
    ],
    "load": [
     {
      "comment": "for any investment period. QUALITY",
      "type": "exit"
     },
     {
      "comment": "N.A.",
      "type": "entry"
     }
    ],
    "main_scheme_name": "Mahindra Manulife Overnight Fund",
    "metrics": [
     {
      "name": "ytm",
      "value": "2"
     },
     {
      "name": "mod_duration",
      "value": "0.01"
     },
     {
      "name": "avg_maturity",
      "value": "3.45 days"
     },
     {
      "name": "macaulay",
      "value": "3.45 days"
     }
    ],
    "min_amt": "1,000",
    "min_amt_multiple": "1",
    "monthly_aaum_date": "20250131",
    "monthly_aaum_value": "200.28",
    "mutual_fund_name": "Mahindra Manulife Mutual Fund",
    "scheme_launch_date": "20190723"
   }
  },
  {
   "value": {
    "amc_name": "Mahindra Manulife Investment Management Private Limited",
    "benchmark_index": [
     "CRISIL Ultra Short Duration Debt A-I Index"
    ],
    "field_location": [
     {
      "amc_name": "32",
      "benchmark_index": "32",
      "count": 23,
      "fund_manager_managing_fund_since": "32",
      "fund_manager_name": "32",
      "fund_manager_total_exp": "32",
      "load_entry": "32",
      "load_exit": "32",
      "main_scheme_name": "32",
      "metrics_avg_maturity": "32",
      "metrics_macaulay": "32",
      "metrics_mod_duration": "32",
      "metrics_ytm": "32",
      "min_amt": "32",
      "min_amt_multiple": "32",
      "monthly_aaum_date": "32",
      "monthly_aaum_value": "32",
      "mutual_fund_name": "32",
      "scheme_launch_date": "32"
     }
    ],
    "fund_manager": [
     {
      "managing_fund_since": "october 17",
      "name": "Mr Rahul Pal",
      "qualification": "",
      "total_exp": "22 years"
     },
     {
      "managing_fund_since": "june 8, 2020",
      "name": "Mr. Amit Garg",
      "qualification": "",
      "total_exp": "19 years"
     }
    ],
    "load": [
     {
      "comment": "Nil",
      "type": "entry"
     },
     {
      "comment": "Nil",
      "type": "exit"
     }
    ],
    "main_scheme_name": "Mahindra Manulife ",
    "metrics": [
     {
      "name": "ytm",
      "value": "2"
     },
     {
      "name": "mod_duration",
      "value": "0.46"
     },
     {
      "name": "avg_maturity",
      "value": "192.14 days"
     },
     {
      "name": "macaulay",
      "value": "3"
     }
    ],
    "min_amt": "1,000",
    "min_amt_multiple": "1",
    "monthly_aaum_date": "20250131",
    "monthly_aaum_value": "230.36",
    "mutual_fund_name": "Mahindra Manulife Mutual Fund",
    "scheme_launch_date": "20191017"
   }
  },
  {
   "value": {
    "amc_name": "Mahindra Manulife Investment Management Private Limited",
    "benchmark_index": [
     "CRISIL Short Duration Debt A-II Index"
    ],
    "field_location": [
     {
      "amc_name": "33",
      "benchmark_index": "33",
      "count": 23,
      "fund_manager_managing_fund_since": "33",
      "fund_manager_name": "33",
      "fund_manager_total_exp": "33",
      "load_entry": "33",
      "load_exit": "33",
      "main_scheme_name": "33",
      "metrics_avg_maturity": "33",
      "metrics_macaulay": "33",
      "metrics_mod_duration": "33",
      "metrics_ytm": "33",
      "min_addl_amt": "33",
      "min_addl_amt_multiple": "33",
      "min_amt": "33",
      "min_amt_multiple": "33",
      "monthly_aaum_date": "33",
      "monthly_aaum_value": "33",
      "mutual_fund_name": "33",
      "scheme_launch_date": "33"
     }
    ],
    "fund_manager": [
     {
      "managing_fund_since": "february 23, 2021",
      "name": "Mr Rahul Pal",
      "qualification": "",
      "total_exp": "22 years"
     }
    ],
    "load": [
     {
      "comment": "Nil",
      "type": "entry"
     },
     {
      "comment": "Nil",
      "type": "exit"
     }
    ],
    "main_scheme_name": "Mahindra Manulife Short Duration Fund",
    "metrics": [
     {
      "name": "ytm",
      "value": "2"
     },
     {
      "name": "mod_duration",
      "value": "2.55"
     },
     {
      "name": "avg_maturity",
      "value": "3.12 years"
     },
     {
      "name": "macaulay",
      "value": "1year"
     }
    ],
    "min_addl_amt": "1,000",
    "min_addl_amt_multiple": "1",
    "min_amt": "1,000",
    "min_amt_multiple": "1",
    "monthly_aaum_date": "20250131",
    "monthly_aaum_value": "68.74",
    "mutual_fund_name": "Mahindra Manulife Mutual Fund",
    "scheme_launch_date": "20210223"
   }
  }
 ]
}