{
 "metadata": {
  "document_name": "30_31-Jan-25_FS.pdf",
  "file_type": "fs",
  "process_date": "20250212"
 },
 "records": [
  {
   "value": {
    "amc_name": "PPFAS Asset Management Private Limited",
    "benchmark_index": [
     "NIFTY 500 (TRI) ",
     "Additional Benchmark NIFTY 50 (TRI)"
    ],
    "field_location": [
     {
      "amc_name": "2",
      "benchmark_index": "2",
      "count": 6,
      "fund_manager_managing_fund_since": "2",
      "fund_manager_name": "2",
      "load_entry": "2",
      "load_exit": "2",
      "main_scheme_name": "2",
      "metrics_beta": "2",
      "metrics_port_turnover_ratio": "2",
      "metrics_sharpe": "2",
      "metrics_std_dev": "2",
      "min_addl_amt": "2",
      "min_amt": "2",
      "monthly_aaum_date": "2",
      "monthly_aaum_value": "2",
      "mutual_fund_name": "2",
      "scheme_launch_date": "2"
     }
    ],
    "fund_manager": [
     {
      "managing_fund_since": "january 27, 2016",
      "name": "Mr. Raj Mehta",
      "qualification": "",
      "total_exp": ""
     },
     {
      "managing_fund_since": "may 16, 2022",
      "name": "Mr. Rukun Tarachandani",
      "qualification": "",
      "total_exp": ""
     },
     {
      "managing_fund_since": "december 22, 2023",
      "name": "Ms. Mansi Kariya",
      "qualification": "",
      "total_exp": ""
     }
    ],
    "load": [
     {
      "comment": "Not Applicable",
      "type": "entry"
     },
     {
      "comment": "In respect of each purchase switch-in of Units, 10% of the units (\"the limit\") / may be redeemed without any exit load from the date of allotment. Any redemption or switch-out in excess of the limit shall be subject to the following exit load: 2.00 if the investment is redeemed on or before 365 days from the date % of allotment of units. 1.00 if the investment is redeemed after 365 days but on or before % 730 days from the date of allotment of units. No Exit Load will be charged if investment is redeemed after 730 days from the date of allotment of units. No exit load will be charged, in case of switch transactions between Regular Plan and Direct Plan of the Scheme for existing as well as prospective investors. Above exit load structure is applicable prospectively, for all investments (including SIP/STP and SWP registered) with effect from 15 Nov 2021.th Any exit load charged (net off GST, if any) shall be credited back to the Scheme.",
      "type": "exit"
     }
    ],
    "main_scheme_name": "Parag Parikh Flexi Cap Fund",
    "metrics": [
     {
      "name": "sharpe",
      "value": "0.95"
     },
     {
      "name": "std_dev",
      "value": "10.69%"
     },
     {
      "name": "beta",
      "value": "0.68"
     },
     {
      "name": "port_turnover_ratio",
      "value": "12.76%"
     }
    ],
    "min_addl_amt": "₹ 1,000",
    "min_amt": "₹ 1,000",
    "monthly_aaum_date": "JANUARY 2025",
    "monthly_aaum_value": "₹ 87,733.17 Crores",
    "mutual_fund_name": "PPFAS Mutual Fund",
    "scheme_launch_date": "MAY 24"
   }
  },
  {
   "value": {
    "amc_name": "PPFAS Asset Management Private Limited",
    "benchmark_index": [
     "NIFTY 500 (TRI) ",
     "Additional Benchmark NIFTY 50 (TRI)"
    ],
    "field_location": [
     {
      "amc_name": "5",
      "benchmark_index": "5",
      "count": 6,
      "fund_manager_managing_fund_since": "5",
      "fund_manager_name": "5",
      "load_entry": "5",
      "load_exit": "5",
      "main_scheme_name": "5",
      "metrics_beta": "5",
      "metrics_port_turnover_ratio": "5",
      "metrics_sharpe": "5",
      "metrics_std_dev": "5",
      "min_addl_amt": "5",
      "min_addl_amt_multiple": "5",
      "min_amt": "5",
      "min_amt_multiple": "5",
      "monthly_aaum_date": "5",
      "monthly_aaum_value": "5",
      "mutual_fund_name": "5",
      "scheme_launch_date": "5"
     }
    ],
    "fund_manager": [
     {
      "managing_fund_since": "inception",
      "name": "Mr. Raunak",
      "qualification": "",
      "total_exp": ""
     },
     {
      "managing_fund_since": "inception",
      "name": "Mr. Raj Mehta",
      "qualification": "",
      "total_exp": ""
     },
     {
      "managing_fund_since": "may 16, 2022",
      "name": "Mr. Rukun Tarachandani",
      "qualification": "",
      "total_exp": ""
     },
     {
      "managing_fund_since": "december 22, 2023",
      "name": "Ms. Mansi Kariya",
      "qualification": "",
      "total_exp": ""
     }
    ],
    "load": [
     {
      "comment": "Not Applicable",
      "type": "entry"
     },
     {
      "comment": "NIL",
      "type": "exit"
     }
    ],
    "main_scheme_name": "Parag Parikh ELSS Tax Saver Fund",
    "metrics": [
     {
      "name": "beta",
      "value": "0.66"
     },
     {
      "name": "std_dev",
      "value": "9.99%"
     },
     {
      "name": "sharpe",
      "value": "0.99"
     },
     {
      "name": "port_turnover_ratio",
      "value": "14.16%"
     }
    ],
    "min_addl_amt": "₹ 500",
    "min_addl_amt_multiple": "₹ 500",
    "min_amt": "₹ 500",
    "min_amt_multiple": "₹ 500",
    "monthly_aaum_date": "JANUARY 2025",
    "monthly_aaum_value": "₹ 4,489.97 Crores",
    "mutual_fund_name": "PPFAS Mutual Fund",
    "scheme_launch_date": "JULY 24"
   }
  },
  {
   "value": {
    "amc_name": "PPFAS Asset Management Private Limited",
    "benchmark_index": [
     "CRISIL Hybrid 50+50 Moderate Index ",
     "Additional Benchmark Nifty 50 TRI"
    ],
    "field_location": [
     {
      "amc_name": "7",
      "benchmark_index": "7",
      "count": 6,
      "fund_manager_name": "7",
      "load_entry": "7",
      "load_exit": "7",
      "main_scheme_name": "7",
      "metrics_avg_maturity": "7",
      "metrics_macaulay": "7",
      "metrics_mod_duration": "7",
      "metrics_ytm": "7",
      "min_addl_amt": "7",
      "min_amt": "7",
      "monthly_aaum_date": "7",
      "monthly_aaum_value": "7",
      "mutual_fund_name": "7",
      "scheme_launch_date": "7"
     }
    ],
    "fund_manager": [
     {
      "managing_fund_since": "",
      "name": "Mr. Raunak Onkar",
      "qualification": "",
      "total_exp": ""
     },
     {
      "managing_fund_since": "",
      "name": "Mr. Raj Mehta",
      "qualification": "",
      "total_exp": ""
     },
     {
      "managing_fund_since": "",
      "name": "Mr. Rukun Tarachandani",
      "qualification": "",
      "total_exp": ""
     },
     {
      "managing_fund_since": "",
      "name": "Ms. Mansi Kariya",
      "qualification": "",
      "total_exp": ""
     }
    ],
    "load": [
     {
      "comment": "Not Applicable",
      "type": "entry"
     },
     {
      "comment": "In respect of each purchase / switch-in of Units, 10% of the units (\"thelimit\") may be redeemed without any exit load from the date of allotment. Any redemption or switch-out in excess of the limit shall be subject to thefollowing exit load: -Exit load of 1.00% is payable if Units are redeemed / switched-outwithin 1 year from the date of allotment of units. -No Exit Load is payable if Units are redeemed / switched-out after 1year from the date of allotment. Any exit load charged (net off GST, if any) shall be credited back to the Scheme. Quantitive Indicators 1.8617 Avg",
      "type": "exit"
     }
    ],
    "main_scheme_name": "Parag Parikh Dynamic Asset Allocation Fund",
    "metrics": [
     {
      "name": "ytm",
      "value": "7.27%"
     },
     {
      "name": "mod_duration",
      "value": "3.0572"
     },
     {
      "name": "avg_maturity",
      "value": "3.86"
     },
     {
      "name": "macaulay",
      "value": "3.1762"
     }
    ],
    "min_addl_amt": "₹ 500",
    "min_amt": "₹ 5,000",
    "monthly_aaum_date": "JANUARY 2025",
    "monthly_aaum_value": "₹ 1,569.94 Crores",
    "mutual_fund_name": "PPFAS Mutual Fund",
    "scheme_launch_date": "FEBRUARY 27"
   }
  },
  {
   "value": {
    "amc_name": "PPFAS Asset Management Private Limited",
    "benchmark_index": [
     "CRISIL Hybrid 85+15 Conservative Index TRI ",
     "Additional Benchmark CRISIL 10 year GILT Index 1.8617"
    ],
    "field_location": [
     {
      "amc_name": "10",
      "benchmark_index": "10",
      "count": 6,
      "fund_manager_name": "10",
      "load_entry": "10",
      "load_exit": "10",
      "main_scheme_name": "10",
      "metrics_avg_maturity": "10",
      "metrics_macaulay": "10",
      "metrics_mod_duration": "10",
      "metrics_ytm": "10",
      "min_addl_amt": "10",
      "min_addl_amt_multiple": "10",
      "min_amt": "10",
      "min_amt_multiple": "10",
      "monthly_aaum_date": "10",
      "monthly_aaum_value": "10",
      "mutual_fund_name": "10",
      "scheme_launch_date": "10"
     }
    ],
    "fund_manager": [
     {
      "managing_fund_since": "",
      "name": "Mr. Raunak Onkar",
      "qualification": "",
      "total_exp": ""
     },
     {
      "managing_fund_since": "",
      "name": "Mr. Raj Mehta",
      "qualification": "",
      "total_exp": ""
     },
     {
      "managing_fund_since": "",
      "name": "Mr. Rukun Tarachandani",
      "qualification": "",
      "total_exp": ""
     },
     {
      "managing_fund_since": "",
      "name": "Ms. Mansi Kariya",
      "qualification": "",
      "total_exp": ""
     }
    ],
    "load": [
     {
      "comment": "Not Applicable",
      "type": "entry"
     },
     {
      "comment": "In respect of each purchase / switch-in of Units, 10% of the units (\"the limit\") may be redeemed without any exit load from the date of allotment. Any redemption or switch-out in excess of the limit shall be subject to the following exit load: Exit load of 1.00% is payable if Units are redeemed / switched-out within 1 year from the date of allotment of units. No Exit Load is payable if Units are redeemed / switched-out after 1 year from the date of allotment. Any exit load charged (net off GST, if any) shall be credited back to the Scheme. Quantitive Indicators Avg",
      "type": "exit"
     }
    ],
    "main_scheme_name": "Parag Parikh Conservative Hybrid Fund",
    "metrics": [
     {
      "name": "ytm",
      "value": "7.26%"
     },
     {
      "name": "mod_duration",
      "value": "3.1205"
     },
     {
      "name": "avg_maturity",
      "value": "3.90"
     },
     {
      "name": "macaulay",
      "value": "3.2391"
     }
    ],
    "min_addl_amt": "₹1000",
    "min_addl_amt_multiple": "₹ 1",
    "min_amt": "₹ 5000",
    "min_amt_multiple": "₹ 1",
    "monthly_aaum_date": "JANUARY 2025",
    "monthly_aaum_value": "₹ 2,375.14 Crores",
    "mutual_fund_name": "PPFAS Mutual Fund",
    "scheme_launch_date": "MAY 26"
   }
  },
  {
   "value": {
    "amc_name": "PPFAS Asset Management Private Limited",
    "benchmark_index": [
     "Nifty 50 Arbitrage (TRI) ",
     "Additional Benchmark CRISIL 1 Year T-Bill Index"
    ],
    "field_location": [
     {
      "amc_name": "13",
      "benchmark_index": "13",
      "count": 6,
      "fund_manager_name": "13",
      "load_entry": "13",
      "load_exit": "13",
      "main_scheme_name": "13",
      "metrics_avg_maturity": "13",
      "metrics_macaulay": "13",
      "metrics_mod_duration": "13",
      "metrics_ytm": "13",
      "min_addl_amt": "13",
      "min_addl_amt_multiple": "13",
      "min_amt": "13",
      "min_amt_multiple": "13",
      "monthly_aaum_date": "13",
      "monthly_aaum_value": "13",
      "mutual_fund_name": "13",
      "scheme_launch_date": "13"
     }
    ],
    "fund_manager": [
     {
      "managing_fund_since": "",
      "name": "Mr. Raunak Onkar",
      "qualification": "",
      "total_exp": ""
     },
     {
      "managing_fund_since": "",
      "name": "Mr. Raj Mehta",
      "qualification": "",
      "total_exp": ""
     },
     {
      "managing_fund_since": "",
      "name": "Mr. Rukun Tarachandani",
      "qualification": "",
      "total_exp": ""
     },
     {
      "managing_fund_since": "",
      "name": "Ms. Mansi Kariya",
      "qualification": "",
      "total_exp": ""
     }
    ],
    "load": [
     {
      "comment": "Not Applicable",
      "type": "entry"
     },
     {
      "comment": "● In respect of each purchase / switch-in of units, an Exit Load of 0.25% is payable if Units are redeemed/ switched-out within 30 days from the date of allotment. ● No Exit Load is payable if Units are redeemed / switched-out after 30 days from the date of allotment. Any exit load charged (net off GST, if any) shall be credited back to the Scheme. No exit load will be charged, in case of switch transactions between Plans. i.e Regular Plan and Direct Plan Any exit load charged (net off GST, if any) shall be credited back to the Scheme. Quantitive Indicators Avg",
      "type": "exit"
     }
    ],
    "main_scheme_name": "Parag Parikh Arbitrage Fund",
    "metrics": [
     {
      "name": "ytm",
      "value": "7.34%"
     },
     {
      "name": "mod_duration",
      "value": "0.3195"
     },
     {
      "name": "avg_maturity",
      "value": "126.35"
     },
     {
      "name": "macaulay",
      "value": "0.3436"
     }
    ],
    "min_addl_amt": "₹1000",
    "min_addl_amt_multiple": "₹ 1",
    "min_amt": "₹ 1000",
    "min_amt_multiple": "₹ 1",
    "monthly_aaum_date": "JANUARY 2025",
    "monthly_aaum_value": "₹ 1,190.21 Crores",
    "mutual_fund_name": "PPFAS Mutual Fund",
    "scheme_launch_date": "20231102"
   }
  },
  {
   "value": {
    "amc_name": "PPFAS Asset Management Private Limited",
    "benchmark_index": [
     "CRISIL Liquid Debt A-I Index ",
     "Additional Benchmark CRISIL 1 Year T-Bill index"
    ],
    "field_location": [
     {
      "amc_name": "15",
      "benchmark_index": "15",
      "count": 6,
      "fund_manager_name": "15",
      "load_entry": "15",
      "load_exit": "15",
      "main_scheme_name": "15",
      "metrics_avg_maturity": "15",
      "metrics_macaulay": "15",
      "metrics_mod_duration": "15",
      "metrics_ytm": "15",
      "min_addl_amt": "15",
      "min_amt": "15",
      "monthly_aaum_date": "15",
      "monthly_aaum_value": "15",
      "mutual_fund_name": "15",
      "scheme_launch_date": "15"
     }
    ],
    "fund_manager": [
     {
      "managing_fund_since": "",
      "name": "Ms. Mansi Kariya",
      "qualification": "",
      "total_exp": ""
     }
    ],
    "load": [
     {
      "comment": "Not Applicable",
      "type": "entry"
     },
     {
      "comment": "as a % of Investor Exit upon redemption / subscription switch proceeds Day 1 0.0070% Day 2 0.0065% Day 3 0.0060% Day 4 0.0055% Day 5 0.0050% Day 6 0.0045% Day 7 onwards 0.0000% * For purpose of levying exit load, if subscription (application & funds) is received within cut-off time on a day, Day 1 shall be considered to be the same day, else the day after the date of allotment of units shall be considered as Day 1. Any exit load charged (net off GST, if any) shall be credited back to the Scheme. NAV Details Plan Direct Regular Growth 1419.8681 1410.2318 Daily Reinvestment of Income Distribution 1000.5405 1000.5404 cum capital withdrawal option Weekly Reinvestment of Income 1001.7928 1001.7818",
      "type": "exit"
     }
    ],
    "main_scheme_name": "Parag Parikh Liquid Fund ",
    "metrics": [
     {
      "name": "ytm",
      "value": "7.01%"
     },
     {
      "name": "mod_duration",
      "value": "0.1118"
     },
     {
      "name": "avg_maturity",
      "value": "44.68"
     },
     {
      "name": "macaulay",
      "value": "0.1198"
     }
    ],
    "min_addl_amt": "₹ 1,000",
    "min_amt": "₹ 5,000",
    "monthly_aaum_date": "JANUARY 2025",
    "monthly_aaum_value": "₹ 2,276.91 Crores",
    "mutual_fund_name": "PPFAS Mutual Fund",
    "scheme_launch_date": "MAY 11"
   }
  }
 ]
}