{
 "metadata": {
  "document_name": "56_31-Jan-2025_1_FS.pdf",
  "file_type": "fs",
  "process_date": "20250217"
 },
 "records": [
  {
   "value": {
    "amc_name": "Navi Asset Management Company Limited",
    "field_location": [
     {
      "amc_name": "3",
      "count": 13,
      "fund_manager_managing_fund_since": "3",
      "fund_manager_name": "3",
      "load_exit": "3",
      "main_scheme_name": "3",
      "metrics_port_turnover_ratio": "3",
      "metrics_tracking_error": "3",
      "min_amt": "3",
      "min_amt_multiple": "3",
      "monthly_aaum_date": "3",
      "monthly_aaum_value": "3",
      "mutual_fund_name": "3",
      "scheme_launch_date": "3"
     }
    ],
    "fund_manager": [
     {
      "managing_fund_since": "18th march, 2022",
      "name": "Mr. Aditya Mulki",
      "qualification": "",
      "total_exp": ""
     },
     {
      "managing_fund_since": "01st august, 2023",
      "name": "Mr. Ashutosh Shirwaikar",
      "qualification": "",
      "total_exp": ""
     }
    ],
    "load": [
     {
      "comment": ": NIL",
      "type": "exit"
     }
    ],
    "main_scheme_name": "Navi Niy 50 Index Fund",
    "metrics": [
     {
      "name": "tracking_error",
      "value": "29.34"
     },
     {
      "name": "port_turnover_ratio",
      "value": "0.20"
     }
    ],
    "min_amt": "10",
    "min_amt_multiple": "1",
    "monthly_aaum_date": "20250131",
    "monthly_aaum_value": "2614.17 Crs",
    "mutual_fund_name": "Navi Mutual Fund",
    "scheme_launch_date": "20210715"
   }
  },
  {
   "value": {
    "amc_name": "Navi Asset Management Company Limited",
    "field_location": [
     {
      "amc_name": "5",
      "count": 13,
      "fund_manager_managing_fund_since": "5",
      "fund_manager_name": "5",
      "fund_manager_total_exp": "5",
      "load_exit": "5",
      "main_scheme_name": "5",
      "min_amt": "5",
      "min_amt_multiple": "5",
      "monthly_aaum_date": "5",
      "mutual_fund_name": "5",
      "scheme_launch_date": "5"
     }
    ],
    "fund_manager": [
     {
      "managing_fund_since": "18th march, 2022",
      "name": "Mr. Aditya Mulki",
      "qualification": "",
      "total_exp": "1 year"
     },
     {
      "managing_fund_since": "january 31, 2025",
      "name": "Stock Market",
      "qualification": "",
      "total_exp": ""
     }
    ],
    "load": [
     {
      "comment": ": NIL",
      "type": "exit"
     }
    ],
    "main_scheme_name": "Navi US Total Stock Market Fund of Fund",
    "min_amt": "10",
    "min_amt_multiple": "1",
    "monthly_aaum_date": "20250131",
    "mutual_fund_name": "Navi Mutual Fund",
    "scheme_launch_date": "20220224"
   }
  },
  {
   "value": {
    "amc_name": "Navi Asset Management Company Limited",
    "field_location": [
     {
      "amc_name": "6",
      "count": 13,
      "fund_manager_managing_fund_since": "6",
      "fund_manager_name": "6",
      "fund_manager_total_exp": "6",
      "load_exit": "6",
      "main_scheme_name": "6",
      "min_amt": "6",
      "min_amt_multiple": "6",
      "monthly_aaum_date": "6",
      "mutual_fund_name": "6",
      "scheme_launch_date": "6"
     }
    ],
    "fund_manager": [
     {
      "managing_fund_since": "23rd march, 2022",
      "name": "Mr. Aditya Mulki",
      "qualification": "",
      "total_exp": "1 year"
     },
     {
      "managing_fund_since": "january 31, 2025",
      "name": "",
      "qualification": "",
      "total_exp": ""
     }
    ],
    "load": [
     {
      "comment": ": NIL",
      "type": "exit"
     }
    ],
    "main_scheme_name": "Navi NASDAQ 100 Fund of Fund",
    "min_amt": "10",
    "min_amt_multiple": "1",
    "monthly_aaum_date": "20250131",
    "mutual_fund_name": "Navi Mutual Fund",
    "scheme_launch_date": "20220323"
   }
  },
  {
   "value": {
    "amc_name": "Navi Asset Management Company Limited",
    "field_location": [
     {
      "amc_name": "7",
      "count": 13,
      "fund_manager_managing_fund_since": "7",
      "fund_manager_name": "7",
      "load_exit": "7",
      "main_scheme_name": "7",
      "metrics_port_turnover_ratio": "7",
      "metrics_tracking_error": "7",
      "min_amt": "7",
      "min_amt_multiple": "7",
      "monthly_aaum_date": "7",
      "monthly_aaum_value": "7",
      "mutual_fund_name": "7",
      "scheme_launch_date": "7"
     }
    ],
    "fund_manager": [
     {
      "managing_fund_since": "18th march, 2022",
      "name": "Mr. Aditya Mulki",
      "qualification": "",
      "total_exp": ""
     },
     {
      "managing_fund_since": "01st august, 2023",
      "name": "Mr. Ashutosh Shirwaikar",
      "qualification": "",
      "total_exp": ""
     }
    ],
    "load": [
     {
      "comment": ": NIL",
      "type": "exit"
     }
    ],
    "main_scheme_name": "Navi Niy Next 50 Index Fund",
    "metrics": [
     {
      "name": "tracking_error",
      "value": "0"
     },
     {
      "name": "port_turnover_ratio",
      "value": "0.75"
     }
    ],
    "min_amt": "100",
    "min_amt_multiple": "1",
    "monthly_aaum_date": "20250131",
    "monthly_aaum_value": "700.14 Crs",
    "mutual_fund_name": "Navi Mutual Fund",
    "scheme_launch_date": "20220120"
   }
  },
  {
   "value": {
    "amc_name": "Navi Asset Management Company Limited",
    "field_location": [
     {
      "amc_name": "9",
      "count": 13,
      "fund_manager_managing_fund_since": "9",
      "fund_manager_name": "9",
      "load_exit": "9",
      "main_scheme_name": "9",
      "metrics_port_turnover_ratio": "9",
      "metrics_tracking_error": "9",
      "min_amt": "9",
      "min_amt_multiple": "9",
      "monthly_aaum_date": "9",
      "monthly_aaum_value": "9",
      "mutual_fund_name": "9",
      "scheme_launch_date": "9"
     }
    ],
    "fund_manager": [
     {
      "managing_fund_since": "18th march, 2022",
      "name": "Mr. Aditya Mulki",
      "qualification": "",
      "total_exp": ""
     },
     {
      "managing_fund_since": "01st august, 2023",
      "name": "Mr. Ashutosh Shirwaikar",
      "qualification": "",
      "total_exp": ""
     }
    ],
    "load": [
     {
      "comment": ": NIL",
      "type": "exit"
     }
    ],
    "main_scheme_name": "Navi Niy Bank Index Fund",
    "metrics": [
     {
      "name": "tracking_error",
      "value": "0.07"
     },
     {
      "name": "port_turnover_ratio",
      "value": "0.52"
     }
    ],
    "min_amt": "10",
    "min_amt_multiple": "1",
    "monthly_aaum_date": "20250131",
    "monthly_aaum_value": "511.84 Crs",
    "mutual_fund_name": "Navi Mutual Fund",
    "scheme_launch_date": "20220204"
   }
  },
  {
   "value": {
    "amc_name": "Navi Asset Management Company Limited",
    "field_location": [
     {
      "amc_name": "11",
      "count": 13,
      "fund_manager_managing_fund_since": "11",
      "fund_manager_name": "11",
      "load_exit": "11",
      "main_scheme_name": "11",
      "metrics_port_turnover_ratio": "11",
      "metrics_tracking_error": "11",
      "min_amt": "11",
      "min_amt_multiple": "11",
      "monthly_aaum_date": "11",
      "monthly_aaum_value": "11",
      "mutual_fund_name": "11",
      "scheme_launch_date": "11"
     }
    ],
    "fund_manager": [
     {
      "managing_fund_since": "18th march, 2022",
      "name": "Mr. Aditya Mulki",
      "qualification": "",
      "total_exp": ""
     },
     {
      "managing_fund_since": "01st august, 2023",
      "name": "Mr. Ashutosh Shirwaikar",
      "qualification": "",
      "total_exp": ""
     }
    ],
    "load": [
     {
      "comment": ": NIL",
      "type": "exit"
     }
    ],
    "main_scheme_name": "Navi Niy Midcap 150 Index Fund",
    "metrics": [
     {
      "name": "tracking_error",
      "value": "31,"
     },
     {
      "name": "port_turnover_ratio",
      "value": "0.42"
     }
    ],
    "min_amt": "10",
    "min_amt_multiple": "1",
    "monthly_aaum_date": "20250131",
    "monthly_aaum_value": "224.32 Crs",
    "mutual_fund_name": "Navi Mutual Fund",
    "scheme_launch_date": "20220311"
   }
  },
  {
   "value": {
    "amc_name": "Navi Asset Management Company Limited",
    "field_location": [
     {
      "amc_name": "14",
      "count": 13,
      "fund_manager_managing_fund_since": "14",
      "fund_manager_name": "14",
      "load_exit": "14",
      "main_scheme_name": "14",
      "metrics_port_turnover_ratio": "14",
      "metrics_tracking_error": "14",
      "min_amt": "14",
      "min_amt_multiple": "14",
      "monthly_aaum_date": "14",
      "monthly_aaum_value": "14",
      "mutual_fund_name": "14",
      "scheme_launch_date": "14"
     }
    ],
    "fund_manager": [
     {
      "managing_fund_since": "29th august, 2022",
      "name": "Mr. Aditya Mulki",
      "qualification": "",
      "total_exp": ""
     },
     {
      "managing_fund_since": "01st august, 2023",
      "name": "Mr. Ashutosh Shirwaikar",
      "qualification": "",
      "total_exp": ""
     }
    ],
    "load": [
     {
      "comment": ": NIL",
      "type": "exit"
     }
    ],
    "main_scheme_name": "Navi Niy India Manufacturing Index Fund",
    "metrics": [
     {
      "name": "tracking_error",
      "value": "0"
     },
     {
      "name": "port_turnover_ratio",
      "value": "0.49"
     }
    ],
    "min_amt": "10",
    "min_amt_multiple": "1",
    "monthly_aaum_date": "20250131",
    "monthly_aaum_value": "51.41 Crs",
    "mutual_fund_name": "Navi Mutual Fund",
    "scheme_launch_date": "20220829"
   }
  },
  {
   "value": {
    "amc_name": "Navi Asset Management Company Limited",
    "field_location": [
     {
      "amc_name": "17",
      "count": 13,
      "fund_manager_managing_fund_since": "17",
      "fund_manager_name": "17",
      "load_exit": "17",
      "main_scheme_name": "17",
      "metrics_port_turnover_ratio": "17",
      "metrics_tracking_error": "17",
      "min_amt": "17",
      "min_amt_multiple": "17",
      "monthly_aaum_date": "17",
      "monthly_aaum_value": "17",
      "mutual_fund_name": "17",
      "scheme_launch_date": "17"
     }
    ],
    "fund_manager": [
     {
      "managing_fund_since": "20th march, 2023",
      "name": "Mr. Aditya Mulki",
      "qualification": "",
      "total_exp": ""
     },
     {
      "managing_fund_since": "01st august, 2023",
      "name": "Mr. Ashutosh Shirwaikar",
      "qualification": "",
      "total_exp": ""
     }
    ],
    "load": [
     {
      "comment": ": NIL",
      "type": "exit"
     }
    ],
    "main_scheme_name": "Navi ELSS Tax Saver Niy 50 Index Fund",
    "metrics": [
     {
      "name": "tracking_error",
      "value": "29.38"
     },
     {
      "name": "port_turnover_ratio",
      "value": "0.06"
     }
    ],
    "min_amt": "500",
    "min_amt_multiple": "500",
    "monthly_aaum_date": "20250131",
    "monthly_aaum_value": "77.03 Crs",
    "mutual_fund_name": "Navi Mutual Fund",
    "scheme_launch_date": "20230320"
   }
  },
  {
   "value": {
    "amc_name": "Navi Asset Management Company Limited",
    "field_location": [
     {
      "amc_name": "18",
      "count": 13,
      "main_scheme_name": "18",
      "metrics_mod_duration": "18",
      "metrics_tracking_error": "18",
      "monthly_aaum_date": "18",
      "mutual_fund_name": "18"
     }
    ],
    "main_scheme_name": "Portfolio Holdings as on January 31, 2025 Portfolio Holdings Sector % of Net Assets Portfolio Holdings EQUITY SHARES 100.03% BAJAJ AUTO LIMITED * HDFC BANK LIMITED BANKS 12.24% BAJAJ FINSERV LIMITED * ICICI BANK LIMITED BANKS 8.38% GRASIM INDUSTRIES LIMITED * RELIANCE INDUSTRIES LIMITED PETROLEUM PRODUCTS 8.14% JSW STEEL LIMITED * INFOSYS LIMITED IT - SOFTWARE 6.42% COAL INDIA LIMITED * BHARTI AIRTEL LIMITED TELECOM - SERVICES 4.13% WIPRO LIMITED * LARSEN & TOUBRO LIMITED CONSTRUCTION 3.98% HIND",
    "metrics": [
     {
      "name": "tracking_error",
      "value": "80"
     },
     {
      "name": "mod_duration",
      "value": "1961"
     }
    ],
    "monthly_aaum_date": "20250131",
    "mutual_fund_name": "Navi Mutual Fund"
   }
  },
  {
   "value": {
    "amc_name": "Navi Asset Management Company Limited",
    "field_location": [
     {
      "amc_name": "19",
      "count": 13,
      "fund_manager_managing_fund_since": "19",
      "fund_manager_name": "19",
      "load_exit": "19",
      "main_scheme_name": "19",
      "metrics_port_turnover_ratio": "19",
      "metrics_tracking_error": "19",
      "min_amt": "19",
      "min_amt_multiple": "19",
      "monthly_aaum_date": "19",
      "monthly_aaum_value": "19",
      "mutual_fund_name": "19",
      "scheme_launch_date": "19"
     }
    ],
    "fund_manager": [
     {
      "managing_fund_since": "04th september, 2023",
      "name": "Mr. Aditya Mulki",
      "qualification": "",
      "total_exp": ""
     },
     {
      "managing_fund_since": "04th september, 2023",
      "name": "Mr. Ashutosh Shirwaikar",
      "qualification": "",
      "total_exp": ""
     }
    ],
    "load": [
     {
      "comment": ": NIL",
      "type": "exit"
     }
    ],
    "main_scheme_name": "Navi BSE Sensex Index Fund",
    "metrics": [
     {
      "name": "tracking_error",
      "value": "31,"
     },
     {
      "name": "port_turnover_ratio",
      "value": "0.35"
     }
    ],
    "min_amt": "10",
    "min_amt_multiple": "1",
    "monthly_aaum_date": "20250131",
    "monthly_aaum_value": "14.70 Crs",
    "mutual_fund_name": "Navi Mutual Fund",
    "scheme_launch_date": "20230904"
   }
  },
  {
   "value": {
    "amc_name": "Navi Asset Management Company Limited",
    "field_location": [
     {
      "amc_name": "21",
      "count": 13,
      "fund_manager_managing_fund_since": "21",
      "fund_manager_name": "21",
      "load_exit": "21",
      "main_scheme_name": "21",
      "metrics_port_turnover_ratio": "21",
      "metrics_tracking_error": "21",
      "min_amt": "21",
      "min_amt_multiple": "21",
      "monthly_aaum_date": "21",
      "monthly_aaum_value": "21",
      "mutual_fund_name": "21",
      "scheme_launch_date": "21"
     }
    ],
    "fund_manager": [
     {
      "managing_fund_since": "11th march, 2024",
      "name": "Mr. Aditya Mulki",
      "qualification": "",
      "total_exp": ""
     },
     {
      "managing_fund_since": "11th march, 2024",
      "name": "Mr. Ashutosh Shirwaikar",
      "qualification": "",
      "total_exp": ""
     }
    ],
    "load": [
     {
      "comment": ": NIL",
      "type": "exit"
     }
    ],
    "main_scheme_name": "Navi Niy IT Index Fund",
    "metrics": [
     {
      "name": "tracking_error",
      "value": "0"
     },
     {
      "name": "port_turnover_ratio",
      "value": "0.76"
     }
    ],
    "min_amt": "10",
    "min_amt_multiple": "1",
    "monthly_aaum_date": "20250131",
    "monthly_aaum_value": "15.08 Crs",
    "mutual_fund_name": "Navi Mutual Fund",
    "scheme_launch_date": "20240311"
   }
  },
  {
   "value": {
    "amc_name": "Navi Asset Management Company Limited",
    "field_location": [
     {
      "amc_name": "23",
      "count": 13,
      "fund_manager_managing_fund_since": "23",
      "fund_manager_name": "23",
      "load_exit": "23",
      "main_scheme_name": "23",
      "metrics_port_turnover_ratio": "23",
      "metrics_tracking_error": "23",
      "min_amt": "23",
      "min_amt_multiple": "23",
      "monthly_aaum_date": "23",
      "monthly_aaum_value": "23",
      "mutual_fund_name": "23",
      "scheme_launch_date": "23"
     }
    ],
    "fund_manager": [
     {
      "managing_fund_since": "1st august 2024",
      "name": "Mr. Aditya Mulki",
      "qualification": "",
      "total_exp": ""
     },
     {
      "managing_fund_since": "1st august 2024",
      "name": "Mr. Ashutosh Shirwaikar",
      "qualification": "",
      "total_exp": ""
     }
    ],
    "load": [
     {
      "comment": ": NIL",
      "type": "exit"
     }
    ],
    "main_scheme_name": "Navi Niy 500 Multicap 50:25:25 Index Fund",
    "metrics": [
     {
      "name": "tracking_error",
      "value": "31,"
     },
     {
      "name": "port_turnover_ratio",
      "value": "0.25"
     }
    ],
    "min_amt": "10",
    "min_amt_multiple": "1",
    "monthly_aaum_date": "20250131",
    "monthly_aaum_value": "20.44 Crs",
    "mutual_fund_name": "Navi Mutual Fund",
    "scheme_launch_date": "20240801"
   }
  },
  {
   "value": {
    "amc_name": "Navi Asset Management Company Limited",
    "benchmark_index": [
     "is Very High"
    ],
    "field_location": [
     {
      "amc_name": "27",
      "benchmark_index": "27",
      "count": 13,
      "main_scheme_name": "27",
      "monthly_aaum_date": "27",
      "mutual_fund_name": "27"
     }
    ],
    "main_scheme_name": "Portfolio Holdings as on January 31, 2025 Portfolio Holdings Sector % of Net Assets Portfolio Holdings ZF COMM. VEHICLE CONTROL SYSTEMS IND LTD AUTO COMPONENTS 0.05% ALKYL AMINES CHEMICALS LIMITED ARCHEAN CHEMICAL INDUSTRIES LIMITED CHEMICALS & PETROCHEMICALS 0.04% ALOK INDUSTRIES LIMITED AVANTI FEEDS LIMITED FOOD PRODUCTS 0.04% BALAJI AMINES LIMITED BIRLA CORPORATION LIMITED CEMENT & CEMENT PRODUCTS 0.04% C.E. INFO SYSTEMS LIMITED CELLO WORLD LIMITED CONSUMER DURABLES 0.04% CAMPUS ACTIVEWEAR LI",
    "monthly_aaum_date": "20250131",
    "mutual_fund_name": "Navi Mutual Fund"
   }
  }
 ]
}