{
 "metadata": {
  "document_name": "59_31-Jan-25_FS.pdf",
  "file_type": "fs",
  "process_date": "20250212"
 },
 "records": [
  {
   "value": {
    "amc_name": "Bajaj Finserv Asset Management Limited",
    "benchmark_index": [
     "Nifty 100 Total Return Index (TRI) FUND FEATURES PORTFOLIO (as on 31 January, 2025)"
    ],
    "field_location": [
     {
      "amc_name": "18",
      "benchmark_index": "18",
      "count": 16,
      "fund_manager_managing_fund_since": "18",
      "load_entry": "18",
      "load_exit": "18",
      "main_scheme_name": "18",
      "min_addl_amt": "18",
      "min_addl_amt_multiple": "18",
      "min_amt": "18",
      "min_amt_multiple": "18",
      "monthly_aaum_date": "18",
      "monthly_aaum_value": "18",
      "mutual_fund_name": "18",
      "scheme_launch_date": "18"
     }
    ],
    "fund_manager": [
     {
      "managing_fund_since": "inception",
      "name": "",
      "qualification": "",
      "total_exp": ""
     }
    ],
    "load": [
     {
      "comment": "NAState Bank of India",
      "type": "entry"
     },
     {
      "comment": "For each purchase of units HDFC Life Insurance Company Limited through Lumpsum / switch-in / Systematic InterGlobe Aviation Limited Investment Plan (SIP) and Systematic Transfer Plan (STP), exit load will be as Bharat Electronics Limited follows: ICICI Bank Limited • if units are redeemed / switched out within Hero MotoCorp Limited 6 months from the date of allotment: 1% of Tata Steel Limited applicable NAV. Aditya Birla Capital Limited • if units are redeemed/switched out after 6 ABB India Limited months from the date of allotment, no exit Coal India Limited load is payable. Zomato Limited The Scheme will not levy exit load in case the Havells India Limited timelines for rebalancing",
      "type": "exit"
     }
    ],
    "main_scheme_name": "Bajaj Finserv Large Cap Fund",
    "min_addl_amt": "INR 100",
    "min_addl_amt_multiple": "INR 1",
    "min_amt": "500",
    "min_amt_multiple": "1",
    "monthly_aaum_date": "20250131",
    "monthly_aaum_value": "1,320.42",
    "mutual_fund_name": "Bajaj Finserv Mutual Fund",
    "scheme_launch_date": "20240820"
   }
  },
  {
   "value": {
    "amc_name": "Bajaj Finserv Asset Management Limited",
    "benchmark_index": [
     "BSE 500 TRI FUND FEATURES PORTFOLIO (as on 31 January, 2025)"
    ],
    "field_location": [
     {
      "amc_name": "20",
      "benchmark_index": "20",
      "count": 16,
      "fund_manager_managing_fund_since": "20",
      "load_entry": "20",
      "load_exit": "20",
      "main_scheme_name": "20",
      "metrics_port_turnover_ratio": "20",
      "min_addl_amt": "20",
      "min_addl_amt_multiple": "20",
      "min_amt": "20",
      "min_amt_multiple": "20",
      "monthly_aaum_date": "20",
      "monthly_aaum_value": "20",
      "mutual_fund_name": "20",
      "scheme_launch_date": "20"
     }
    ],
    "fund_manager": [
     {
      "managing_fund_since": "inception",
      "name": "",
      "qualification": "",
      "total_exp": ""
     }
    ],
    "load": [
     {
      "comment": "NA Axis Bank Limited",
      "type": "entry"
     },
     {
      "comment": "For each purchase of units United Breweries Limited through Lumpsum / switch-in / Systematic State Bank of India Investment Plan (SIP) and Systematic Zomato Limited Transfer Plan (STP), exit load will be as Dr. Reddy's Laboratories Limited follows: Aditya Birla Capital Limited ABB India Limited If units are redeemed / switched out within Alkem Laboratories Limited 6 months from the date of allotment: Sanoﬁ Consumer Healthcare India Limited if upto 10% of units allotted are redeemed HDFC Life Insurance Company Limited / switched out - Nil Hitachi Energy India Limited Siemens Limited any redemption / switch-out of units in Jio Financial Services Limited excess of 10% of units allotted - 1% of UNO Minda Limited applicable NAV. Can Fin Homes Limited If units are redeemed/switched out after 6 Neuland Laboratories Limited months from the date of allotment, no exit Syngene International Limited load is payable. Piramal Pharma Limited Affle (India) Limited",
      "type": "exit"
     }
    ],
    "main_scheme_name": "Bajaj Finserv Flexi Cap Fund",
    "metrics": [
     {
      "name": "port_turnover_ratio",
      "value": "12"
     }
    ],
    "min_addl_amt": "INR 100",
    "min_addl_amt_multiple": "INR 1",
    "min_amt": "INR 500",
    "min_amt_multiple": "INR 1",
    "monthly_aaum_date": "20250131",
    "monthly_aaum_value": "4,035.67",
    "mutual_fund_name": "Bajaj Finserv Mutual Fund",
    "scheme_launch_date": "20230814"
   }
  },
  {
   "value": {
    "amc_name": "Bajaj Finserv Asset Management Limited",
    "benchmark_index": [
     "Nifty Large Midcap 250 TRI FUND FEATURES PORTFOLIO (as on 31 January, 2025)"
    ],
    "field_location": [
     {
      "amc_name": "22",
      "benchmark_index": "22",
      "count": 16,
      "fund_manager_managing_fund_since": "22",
      "load_entry": "22",
      "load_exit": "22",
      "main_scheme_name": "22",
      "min_addl_amt": "22",
      "min_addl_amt_multiple": "22",
      "min_amt": "22",
      "min_amt_multiple": "22",
      "monthly_aaum_date": "22",
      "monthly_aaum_value": "22",
      "mutual_fund_name": "22",
      "scheme_launch_date": "22"
     }
    ],
    "fund_manager": [
     {
      "managing_fund_since": "inception",
      "name": "",
      "qualification": "",
      "total_exp": ""
     }
    ],
    "load": [
     {
      "comment": "NA Larsen & Toubro LimitedOberoi Realty Limited",
      "type": "entry"
     },
     {
      "comment": "For each purchase of units through Page Industries Limited Lumpsum / switch-in / Systematic Investment State Bank of India Plan (SIP) and Systematic Transfer Plan (STP), Tata Steel Limited exit load will be as follows: ICICI Bank Limited if units are redeemed / switched out within 6 InterGlobe Aviation Limited months from the date of allotment: CRISIL Limited United Breweries Limited if upto 10% of units allotted are Info Edge (India) Limited redeemed/switched out - Nil UNO Minda Limited Tata Consumer Products Limited any redemption / switch-out of units in Alkem Laboratories Limited excess of 10% of units allotted - 1% of applicable Havells India Limited NAV. The Indian Hotels Company Limited if units are redeemed/switched out after 6 Bajaj Finserv Limited months from the date of allotment, no exit load Voltas Limited is payable. Balkrishna Industries Limited Abbott India Limited",
      "type": "exit"
     }
    ],
    "main_scheme_name": "Bajaj Finserv Large and Mid Cap Fund",
    "min_addl_amt": "100",
    "min_addl_amt_multiple": "1",
    "min_amt": "500",
    "min_amt_multiple": "1",
    "monthly_aaum_date": "20250131",
    "monthly_aaum_value": "1,692.61",
    "mutual_fund_name": "Bajaj Finserv Mutual Fund",
    "scheme_launch_date": "20240227"
   }
  },
  {
   "value": {
    "amc_name": "Bajaj Finserv Asset Management Limited",
    "benchmark_index": [
     "Nifty India Consumption Total Return Index (TRI) FUND FEATURES PORTFOLIO (as on 31 January, 2025)"
    ],
    "field_location": [
     {
      "amc_name": "24",
      "benchmark_index": "24",
      "count": 16,
      "fund_manager_managing_fund_since": "24",
      "load_entry": "24",
      "load_exit": "24",
      "main_scheme_name": "24",
      "min_addl_amt": "24",
      "min_addl_amt_multiple": "24",
      "min_amt": "24",
      "min_amt_multiple": "24",
      "monthly_aaum_date": "24",
      "monthly_aaum_value": "24",
      "mutual_fund_name": "24",
      "scheme_launch_date": "24"
     }
    ],
    "fund_manager": [
     {
      "managing_fund_since": "inception",
      "name": "",
      "qualification": "",
      "total_exp": ""
     }
    ],
    "load": [
     {
      "comment": "NA Colgate Palmolive (India) Limited",
      "type": "entry"
     },
     {
      "comment": "FSN E-Commerce Ventures Limited Devyani International Limited • if units are redeemed / switched out within Safari Industries (India) Limited 3 months from the date of allotment: 1% of Zydus Wellness Limited Metro Brands Limited applicable NAV. Landmark Cars Limited • if units are redeemed/switched out after 3 Astral Limited months from the date of allotment, no exit Westlife Foodworld Limited Gillette India Limited load is payable. PVR INOX Limited Ganesha Ecosphere Limited Century Plyboards (India) Limited Emami Limited Voltas Limited Brainbees Solutions Ltd Go Fashion (India) Limited",
      "type": "exit"
     }
    ],
    "main_scheme_name": "Bajaj Finserv Consumption Fund",
    "min_addl_amt": "500",
    "min_addl_amt_multiple": "1",
    "min_amt": "500",
    "min_amt_multiple": "1",
    "monthly_aaum_date": "20250131",
    "monthly_aaum_value": "520.89",
    "mutual_fund_name": "Bajaj Finserv Mutual Fund",
    "scheme_launch_date": "20241129"
   }
  },
  {
   "value": {
    "amc_name": "Bajaj Finserv Asset Management Limited",
    "benchmark_index": [
     "BSE Healthcare Total Return Index (TRI) FUND FEATURES PORTFOLIO (as on 31 January, 2025)"
    ],
    "field_location": [
     {
      "amc_name": "26",
      "benchmark_index": "26",
      "count": 16,
      "fund_manager_managing_fund_since": "26",
      "load_entry": "26",
      "load_exit": "26",
      "main_scheme_name": "26",
      "min_addl_amt": "26",
      "min_addl_amt_multiple": "26",
      "min_amt": "26",
      "min_amt_multiple": "26",
      "monthly_aaum_date": "26",
      "monthly_aaum_value": "26",
      "mutual_fund_name": "26",
      "scheme_launch_date": "26"
     }
    ],
    "fund_manager": [
     {
      "managing_fund_since": "inception",
      "name": "",
      "qualification": "",
      "total_exp": ""
     }
    ],
    "load": [
     {
      "comment": "NAVijaya Diagnostic Centre Limited",
      "type": "entry"
     },
     {
      "comment": "Dr. Lal Path Labs Limited • if units are redeemed / switched out within Lupin Limited 3 months from the date of allotment: 1% of Alembic Pharmaceuticals Limited applicable NAV. Marico Limited GlaxoSmithKline Pharmaceuticals Limited • if units are redeemed/switched out after 3 Medi Assist Healthcare Services Limited months from the date of allotment, no exit load is payable. Colgate Palmolive (India) Limited Mankind Pharma Limited Jubilant Pharmova Limited MedPlus Health Services Limited AstraZeneca Pharma India Limited Pﬁzer Limited",
      "type": "exit"
     }
    ],
    "main_scheme_name": "Bajaj Finserv Healthcare Fund",
    "min_addl_amt": "500",
    "min_addl_amt_multiple": "1",
    "min_amt": "500",
    "min_amt_multiple": "1",
    "monthly_aaum_date": "20250131",
    "monthly_aaum_value": "301.12",
    "mutual_fund_name": "Bajaj Finserv Mutual Fund",
    "scheme_launch_date": "20241227"
   }
  },
  {
   "value": {
    "amc_name": "Bajaj Finserv Asset Management Limited",
    "benchmark_index": [
     "NIFTY 50 Hybrid Composite debt 50:50 Index FUND FEATURES PORTFOLIO (as on 31 January, 2025)"
    ],
    "field_location": [
     {
      "amc_name": "27",
      "benchmark_index": "27",
      "count": 16,
      "fund_manager_managing_fund_since": "27",
      "load_entry": "27",
      "load_exit": "27",
      "main_scheme_name": "27",
      "metrics_avg_maturity": "27",
      "metrics_macaulay": "27",
      "metrics_mod_duration": "27",
      "metrics_port_turnover_ratio": "27",
      "metrics_ytm": "27",
      "min_addl_amt": "27",
      "min_addl_amt_multiple": "27",
      "min_amt": "27",
      "monthly_aaum_date": "27",
      "monthly_aaum_value": "27",
      "mutual_fund_name": "27",
      "scheme_launch_date": "27"
     }
    ],
    "fund_manager": [
     {
      "managing_fund_since": "inception",
      "name": "",
      "qualification": "",
      "total_exp": ""
     }
    ],
    "load": [
     {
      "comment": "NA UltraTech Cement LimitedBritannia Industries Limited",
      "type": "entry"
     },
     {
      "comment": "For each purchase of units LTIMindtree Limited through Lumpsum / switch-in / Systematic Divi's Laboratories Limited Investment Plan (SIP) and Systematic Sun Pharmaceutical Industries Limited Transfer Plan (STP), exit load will be as State Bank of India follows: Kotak Mahindra Bank Limited if units are redeemed / switched out within 6 Sanoﬁ Consumer Healthcare India Limited months from the date of allotment: JSW Steel Limited if upto 8% of units allotted are Tata Steel Limited redeemed/switched out - Nil Jio Financial Services Limited any redemption / switch-out of units in Indus Towers Limited excess of 8% of units allotted - 1% of Bajaj Finserv Limited Havells India Limited applicable NAV. Tata Consumer Products Limited if units are redeemed/switched out after 6 NTPC Limited months from the date of allotment, no exit Grasim Industries Limited",
      "type": "exit"
     }
    ],
    "main_scheme_name": "Bajaj Finserv Balanced Advantage Fund",
    "metrics": [
     {
      "name": "ytm",
      "value": "6.72%"
     },
     {
      "name": "mod_duration",
      "value": "2.66 Years"
     },
     {
      "name": "avg_maturity",
      "value": "6.28 Years"
     },
     {
      "name": "macaulay",
      "value": "2.77 Years"
     },
     {
      "name": "port_turnover_ratio",
      "value": "12"
     }
    ],
    "min_addl_amt": "INR 100",
    "min_addl_amt_multiple": "INR 1",
    "min_amt": "INR 500",
    "monthly_aaum_date": "20250131",
    "monthly_aaum_value": "1,278.20",
    "mutual_fund_name": "Bajaj Finserv Mutual Fund",
    "scheme_launch_date": "20231215"
   }
  },
  {
   "value": {
    "amc_name": "Bajaj Finserv Asset Management Limited",
    "benchmark_index": [
     "65% Nifty 50 TRI + 25% NIFTY Short Duration Debt Index + 10%"
    ],
    "field_location": [
     {
      "amc_name": "29",
      "benchmark_index": "29",
      "count": 16,
      "fund_manager_managing_fund_since": "29",
      "load_entry": "29",
      "load_exit": "29",
      "main_scheme_name": "29",
      "metrics_avg_maturity": "29",
      "metrics_macaulay": "29",
      "metrics_mod_duration": "29",
      "metrics_ytm": "29",
      "min_addl_amt": "29",
      "min_addl_amt_multiple": "29",
      "min_amt": "29",
      "min_amt_multiple": "29",
      "monthly_aaum_date": "29",
      "monthly_aaum_value": "29",
      "mutual_fund_name": "29",
      "scheme_launch_date": "29"
     }
    ],
    "fund_manager": [
     {
      "managing_fund_since": "inception",
      "name": "",
      "qualification": "",
      "total_exp": ""
     }
    ],
    "load": [
     {
      "comment": "NA Power Grid Corporation of India LimitedBritannia Industries Limited",
      "type": "entry"
     },
     {
      "comment": "For each purchase of units through Lumpsum / switch-in / Systematic Investment Plan (SIP) and Systematic HCL Technologies Limited Transfer Plan (STP), exit load will be as follows: Bajaj Finserv Limited - if units are redeemed / switched out within 1 year from the date of allotment: Mahindra & Mahindra Financial Services Limited • if up to 30% of units allotted are redeemed/switched out - Nil Indus Towers Limited • any redemption / switch-out of units in excess of 30% of Engineers India Limited units allotted - 1% of applicable NAV. - If units purchased or switched in from another scheme of the National Aluminium Company Limited Fund are redeemed or switched out after 1 year from the date Akzo Nobel India Limited of allotment, no exit load is payable. Bayer Cropscience Limited",
      "type": "exit"
     }
    ],
    "main_scheme_name": "Bajaj Finserv Multi Asset Allocation Fund",
    "metrics": [
     {
      "name": "ytm",
      "value": "8.01%"
     },
     {
      "name": "mod_duration",
      "value": "1.98 Years"
     },
     {
      "name": "avg_maturity",
      "value": "2.35 Years"
     },
     {
      "name": "macaulay",
      "value": "2.14 Years"
     }
    ],
    "min_addl_amt": "INR 100",
    "min_addl_amt_multiple": "1",
    "min_amt": "500",
    "min_amt_multiple": "1",
    "monthly_aaum_date": "20250131",
    "monthly_aaum_value": "1,099.31",
    "mutual_fund_name": "Bajaj Finserv Mutual Fund",
    "scheme_launch_date": "20240603"
   }
  },
  {
   "value": {
    "amc_name": "Bajaj Finserv Asset Management Limited",
    "benchmark_index": [
     "Nifty 50 Arbitrage Index (TRI) FUND FEATURES PORTFOLIO (as on 31 January, 2025)"
    ],
    "field_location": [
     {
      "amc_name": "31",
      "benchmark_index": "31",
      "count": 16,
      "fund_manager_managing_fund_since": "31",
      "fund_manager_name": "31",
      "fund_manager_total_exp": "31",
      "load_entry": "31",
      "load_exit": "31",
      "main_scheme_name": "31",
      "metrics_avg_maturity": "31",
      "metrics_macaulay": "31",
      "metrics_mod_duration": "31",
      "metrics_ytm": "31",
      "min_addl_amt": "31",
      "min_addl_amt_multiple": "31",
      "min_amt": "31",
      "min_amt_multiple": "31",
      "monthly_aaum_date": "31",
      "monthly_aaum_value": "31",
      "mutual_fund_name": "31",
      "scheme_launch_date": "31"
     }
    ],
    "fund_manager": [
     {
      "managing_fund_since": "inception",
      "name": "Mr. Ilesh Savla",
      "qualification": "",
      "total_exp": "23 years"
     },
     {
      "managing_fund_since": "",
      "name": "Mr. Siddharth Chaudhary",
      "qualification": "",
      "total_exp": "18 years"
     },
     {
      "managing_fund_since": "",
      "name": "Grasim Industries",
      "qualification": "",
      "total_exp": ""
     },
     {
      "managing_fund_since": "",
      "name": "Coal India",
      "qualification": "",
      "total_exp": ""
     },
     {
      "managing_fund_since": "",
      "name": "Adani Ports",
      "qualification": "",
      "total_exp": ""
     },
     {
      "managing_fund_since": "",
      "name": "Economic Zone",
      "qualification": "",
      "total_exp": ""
     },
     {
      "managing_fund_since": "",
      "name": "Bharat Heavy Electricals",
      "qualification": "",
      "total_exp": ""
     }
    ],
    "load": [
     {
      "comment": "NA Larsen & Toubro Limited",
      "type": "entry"
     },
     {
      "comment": "For each purchase of units Infosys Limited Tata Motors Limited through Lumpsum / switch-in / Systematic Tata Communications Limited Investment Plan (SIP) and Systematic TVS Motor Company Limited Transfer Plan (STP), exit load will be as Hindalco Industries Limited follows: Cipla Limited Ambuja Cements Limited 0.25% of applicable NAV if ITC Limited redeemed/switched out within 15 days from GMR Airports Limited the date of allotment. Canara Bank DLF Limited Nil if redeemed/switched out after 15 days Tata Steel Limited from the date of allotment. LIC Housing Finance Limited Indian Railway Catering And Tourism Corporation",
      "type": "exit"
     }
    ],
    "main_scheme_name": "Bajaj Finserv Arbitrage Fund",
    "metrics": [
     {
      "name": "ytm",
      "value": "7.29%"
     },
     {
      "name": "mod_duration",
      "value": "53 Days"
     },
     {
      "name": "avg_maturity",
      "value": "55 Days"
     },
     {
      "name": "macaulay",
      "value": "55 Days"
     }
    ],
    "min_addl_amt": "INR 100",
    "min_addl_amt_multiple": "INR 1",
    "min_amt": "INR 500",
    "min_amt_multiple": "INR 1",
    "monthly_aaum_date": "20250131",
    "monthly_aaum_value": "957.86",
    "mutual_fund_name": "Bajaj Finserv Mutual Fund",
    "scheme_launch_date": "20230915"
   }
  },
  {
   "value": {
    "amc_name": "Bajaj Finserv Asset Management Limited",
    "benchmark_index": [
     "NIFTY Liquid Index A-I FUND FEATURES PORTFOLIO (as on 31 January, 2025)"
    ],
    "field_location": [
     {
      "amc_name": "32",
      "benchmark_index": "32",
      "count": 16,
      "fund_manager_managing_fund_since": "32",
      "load_entry": "32",
      "load_exit": "32",
      "main_scheme_name": "32",
      "metrics_avg_maturity": "32",
      "metrics_macaulay": "32",
      "metrics_mod_duration": "32",
      "metrics_ytm": "32",
      "min_amt": "32",
      "min_amt_multiple": "32",
      "monthly_aaum_date": "32",
      "monthly_aaum_value": "32",
      "mutual_fund_name": "32",
      "scheme_launch_date": "32"
     }
    ],
    "fund_manager": [
     {
      "managing_fund_since": "inception",
      "name": "",
      "qualification": "",
      "total_exp": ""
     }
    ],
    "load": [
     {
      "comment": "NASmall Industries Dev Bank of India",
      "type": "entry"
     },
     {
      "comment": "For each purchase of units Export Import Bank of India through Lumpsum / switch-in / Systematic National Bank For Agriculture and Rural Development Investment Plan (SIP) and Systematic Bajaj Finance Limited Transfer Plan (STP), exit load will be as Axis Finance Limited follows:as a % of redemption proceeds Axis Securities Limited (including systematic transactions) Up to HDFC Securities Limited Units redeemed/switched-out Exit load as a % Units redeemed/switched-out Exit load as a % ICICI Securities Limited within \"X\" days from the date of redemption within \"X\" days from the date of redemption of allotment proceeds of allotment proceeds UltraTech Cement Limited Day 1 0.0070% Day 5 0.0050% L&T Finance Limited Day 2 0.0065% Day 6 0.0045% Corporate Bond Day 3 0.0060% Day 7 onwards Nil Indian Oil Corporation Limited Day 4 0.0055% National Bank For Agriculture and Rural Development Note 1: For the purpose of levying exit load, if subscription REC Limited (application & funds) is received within cut-off time on a day, Day 1 shall be considered to be the same day, else the day after HDFC Bank Limited the date of allotment of units shall be considered as Day 1. Kotak Mahindra Prime Limited The Scheme will not levy exit load in case the timelines for Corporate Debt Market Development Fund rebalancing",
      "type": "exit"
     }
    ],
    "main_scheme_name": "Bajaj Finserv Liquid Fund",
    "metrics": [
     {
      "name": "ytm",
      "value": "1"
     },
     {
      "name": "mod_duration",
      "value": "1"
     },
     {
      "name": "avg_maturity",
      "value": "1"
     },
     {
      "name": "macaulay",
      "value": "1"
     }
    ],
    "min_amt": "INR 100",
    "min_amt_multiple": "INR 1",
    "monthly_aaum_date": "20250131",
    "monthly_aaum_value": "3,479.28",
    "mutual_fund_name": "Bajaj Finserv Mutual Fund",
    "scheme_launch_date": "20230705"
   }
  },
  {
   "value": {
    "amc_name": "Bajaj Finserv Asset Management Limited",
    "benchmark_index": [
     "NIFTY Money Market Index A-I FUND FEATURES PORTFOLIO (as on 31 January, 2025)"
    ],
    "field_location": [
     {
      "amc_name": "33",
      "benchmark_index": "33",
      "count": 16,
      "fund_manager_managing_fund_since": "33",
      "fund_manager_name": "33",
      "fund_manager_total_exp": "33",
      "load_entry": "33",
      "load_exit": "33",
      "main_scheme_name": "33",
      "metrics_avg_maturity": "33",
      "metrics_macaulay": "33",
      "metrics_mod_duration": "33",
      "metrics_ytm": "33",
      "min_addl_amt": "33",
      "min_addl_amt_multiple": "33",
      "min_amt": "33",
      "min_amt_multiple": "33",
      "monthly_aaum_date": "33",
      "monthly_aaum_value": "33",
      "mutual_fund_name": "33",
      "scheme_launch_date": "33"
     }
    ],
    "fund_manager": [
     {
      "managing_fund_since": "inception",
      "name": "Mr. Siddharth Chaudhary",
      "qualification": "",
      "total_exp": "18 years"
     },
     {
      "managing_fund_since": "inception",
      "name": "Mr. Nimesh Chandan",
      "qualification": "",
      "total_exp": "24 years"
     }
    ],
    "load": [
     {
      "comment": "NA Tata Capital LimitedKotak Securities Limited",
      "type": "entry"
     },
     {
      "comment": "Nil Sundaram Home Finance Limited Kotak Mahindra Prime Limited",
      "type": "exit"
     }
    ],
    "main_scheme_name": "Bajaj Finserv Money Market Fund",
    "metrics": [
     {
      "name": "ytm",
      "value": "7.51%"
     },
     {
      "name": "mod_duration",
      "value": "193 Days"
     },
     {
      "name": "avg_maturity",
      "value": "204 Days"
     },
     {
      "name": "macaulay",
      "value": "201 Days"
     }
    ],
    "min_addl_amt": "INR 1,000",
    "min_addl_amt_multiple": "INR 1",
    "min_amt": "INR 1,000",
    "min_amt_multiple": "INR 1",
    "monthly_aaum_date": "20250131",
    "monthly_aaum_value": "3,168.79",
    "mutual_fund_name": "Bajaj Finserv Mutual Fund",
    "scheme_launch_date": "20230724"
   }
  },
  {
   "value": {
    "amc_name": "Bajaj Finserv Asset Management Limited",
    "benchmark_index": [
     "CRISIL Dynamic Gilt Index FUND FEATURES PORTFOLIO (as on 31 January, 2025)"
    ],
    "field_location": [
     {
      "amc_name": "34",
      "benchmark_index": "34",
      "count": 16,
      "fund_manager_managing_fund_since": "34",
      "fund_manager_name": "34",
      "fund_manager_total_exp": "34",
      "load_entry": "34",
      "load_exit": "34",
      "main_scheme_name": "34",
      "metrics_avg_maturity": "34",
      "metrics_macaulay": "34",
      "metrics_mod_duration": "34",
      "metrics_ytm": "34",
      "min_addl_amt": "34",
      "min_addl_amt_multiple": "34",
      "min_amt": "34",
      "min_amt_multiple": "34",
      "monthly_aaum_date": "34",
      "mutual_fund_name": "34",
      "scheme_launch_date": "34"
     }
    ],
    "fund_manager": [
     {
      "managing_fund_since": "inception",
      "name": "Mr. Siddharth Chaudhary",
      "qualification": "",
      "total_exp": "18 years"
     },
     {
      "managing_fund_since": "inception",
      "name": "Mr. Nimesh Chandan",
      "qualification": "",
      "total_exp": "24 years"
     }
    ],
    "load": [
     {
      "comment": "Nil",
      "type": "entry"
     },
     {
      "comment": "Nil",
      "type": "exit"
     }
    ],
    "main_scheme_name": "Bajaj Finserv Gilt Fund",
    "metrics": [
     {
      "name": "ytm",
      "value": "6.90%"
     },
     {
      "name": "mod_duration",
      "value": "9.7 Years"
     },
     {
      "name": "avg_maturity",
      "value": "23.9 Years"
     },
     {
      "name": "macaulay",
      "value": "10.4 Years"
     }
    ],
    "min_addl_amt": "1,000",
    "min_addl_amt_multiple": "1",
    "min_amt": "5,000",
    "min_amt_multiple": "1",
    "monthly_aaum_date": "20250131",
    "mutual_fund_name": "Bajaj Finserv Mutual Fund",
    "scheme_launch_date": "15  JAN 2025"
   }
  },
  {
   "value": {
    "amc_name": "Bajaj Finserv Asset Management Limited",
    "benchmark_index": [
     "CRISIL Liquid Overnight Index FUND FEATURES PORTFOLIO (as on 31 January, 2025)"
    ],
    "field_location": [
     {
      "amc_name": "35",
      "benchmark_index": "35",
      "count": 16,
      "fund_manager_managing_fund_since": "35",
      "fund_manager_name": "35",
      "fund_manager_total_exp": "35",
      "load_entry": "35",
      "load_exit": "35",
      "main_scheme_name": "35",
      "metrics_avg_maturity": "35",
      "metrics_macaulay": "35",
      "metrics_mod_duration": "35",
      "metrics_ytm": "35",
      "min_addl_amt": "35",
      "min_addl_amt_multiple": "35",
      "min_amt": "35",
      "min_amt_multiple": "35",
      "monthly_aaum_date": "35",
      "monthly_aaum_value": "35",
      "mutual_fund_name": "35",
      "scheme_launch_date": "35"
     }
    ],
    "fund_manager": [
     {
      "managing_fund_since": "inception",
      "name": "Mr. Siddharth Chaudhary",
      "qualification": "",
      "total_exp": "18 years"
     },
     {
      "managing_fund_since": "inception",
      "name": "Mr. Nimesh Chandan",
      "qualification": "",
      "total_exp": "24 years"
     }
    ],
    "load": [
     {
      "comment": "NA",
      "type": "entry"
     },
     {
      "comment": "Nil",
      "type": "exit"
     }
    ],
    "main_scheme_name": "Bajaj Finserv Overnight Fund",
    "metrics": [
     {
      "name": "ytm",
      "value": "6.73%"
     },
     {
      "name": "mod_duration",
      "value": "1 Days"
     },
     {
      "name": "avg_maturity",
      "value": "1 Days"
     },
     {
      "name": "macaulay",
      "value": "1 Days"
     }
    ],
    "min_addl_amt": "INR 100",
    "min_addl_amt_multiple": "INR 1",
    "min_amt": "INR 100",
    "min_amt_multiple": "INR 1",
    "monthly_aaum_date": "20250131",
    "monthly_aaum_value": "355.68",
    "mutual_fund_name": "Bajaj Finserv Mutual Fund",
    "scheme_launch_date": "20230705"
   }
  },
  {
   "value": {
    "amc_name": "Bajaj Finserv Asset Management Limited",
    "benchmark_index": [
     "Nifty Banking & PSU Debt Index A-II FUND FEATURES PORTFOLIO (as on 31 January, 2025)"
    ],
    "field_location": [
     {
      "amc_name": "36",
      "benchmark_index": "36",
      "count": 16,
      "fund_manager_managing_fund_since": "36",
      "fund_manager_name": "36",
      "fund_manager_total_exp": "36",
      "load_entry": "36",
      "load_exit": "36",
      "main_scheme_name": "36",
      "metrics_avg_maturity": "36",
      "metrics_macaulay": "36",
      "metrics_mod_duration": "36",
      "metrics_ytm": "36",
      "min_addl_amt": "36",
      "min_addl_amt_multiple": "36",
      "min_amt": "36",
      "min_amt_multiple": "36",
      "monthly_aaum_date": "36",
      "monthly_aaum_value": "36",
      "mutual_fund_name": "36",
      "scheme_launch_date": "36"
     }
    ],
    "fund_manager": [
     {
      "managing_fund_since": "inception",
      "name": "Mr. Siddharth Chaudhary",
      "qualification": "",
      "total_exp": "18 years"
     },
     {
      "managing_fund_since": "inception",
      "name": "Mr. Nimesh Chandan",
      "qualification": "",
      "total_exp": "24 years"
     }
    ],
    "load": [
     {
      "comment": "NA7.11% Maharashtra SDL (MD 31/07/2029)",
      "type": "entry"
     },
     {
      "comment": "Nil Reverse Repo / TREPS Cash & Cash Equivalent",
      "type": "exit"
     }
    ],
    "main_scheme_name": "Bajaj Finserv Banking and PSU Fund",
    "metrics": [
     {
      "name": "ytm",
      "value": "7.21%"
     },
     {
      "name": "mod_duration",
      "value": "3.66 Years"
     },
     {
      "name": "avg_maturity",
      "value": "4.46 Years"
     },
     {
      "name": "macaulay",
      "value": "3.83 Years"
     }
    ],
    "min_addl_amt": "INR 1,000",
    "min_addl_amt_multiple": "INR 1",
    "min_amt": "INR 1,000",
    "min_amt_multiple": "INR 1",
    "monthly_aaum_date": "20250131",
    "monthly_aaum_value": "105.42",
    "mutual_fund_name": "Bajaj Finserv Mutual Fund",
    "scheme_launch_date": "20231113"
   }
  },
  {
   "value": {
    "amc_name": "Bajaj Finserv Asset Management Limited",
    "benchmark_index": [
     "Nifty 50 TRI FUND FEATURES PORTFOLIO (as on 31 January, 2025)"
    ],
    "field_location": [
     {
      "amc_name": "37",
      "benchmark_index": "37",
      "count": 16,
      "fund_manager_managing_fund_since": "37",
      "fund_manager_name": "37",
      "fund_manager_total_exp": "37",
      "load_entry": "37",
      "load_exit": "37",
      "main_scheme_name": "37",
      "monthly_aaum_date": "37",
      "monthly_aaum_value": "37",
      "mutual_fund_name": "37",
      "scheme_launch_date": "37"
     }
    ],
    "fund_manager": [
     {
      "managing_fund_since": "inception",
      "name": "Mr. Ilesh Savla",
      "qualification": "",
      "total_exp": "23 years"
     },
     {
      "managing_fund_since": "16th december 2024",
      "name": "Mr. Haresh Mehta",
      "qualification": "",
      "total_exp": "17 years"
     }
    ],
    "load": [
     {
      "comment": "NA Bajaj Finance LimitedHindustan Unilever Limited",
      "type": "entry"
     },
     {
      "comment": "Nil Sun Pharmaceutical Industries Limited",
      "type": "exit"
     }
    ],
    "main_scheme_name": "Bajaj Finserv Nifty 50 ETF",
    "monthly_aaum_date": "20250131",
    "monthly_aaum_value": "192.67",
    "mutual_fund_name": "Bajaj Finserv Mutual Fund",
    "scheme_launch_date": "20240119"
   }
  },
  {
   "value": {
    "amc_name": "Bajaj Finserv Asset Management Limited",
    "benchmark_index": [
     "Nifty Bank TRI FUND FEATURES PORTFOLIO (as on 31 January, 2025)"
    ],
    "field_location": [
     {
      "amc_name": "38",
      "benchmark_index": "38",
      "count": 16,
      "fund_manager_managing_fund_since": "38",
      "fund_manager_name": "38",
      "fund_manager_total_exp": "38",
      "load_entry": "38",
      "load_exit": "38",
      "main_scheme_name": "38",
      "monthly_aaum_date": "38",
      "monthly_aaum_value": "38",
      "mutual_fund_name": "38",
      "scheme_launch_date": "38"
     }
    ],
    "fund_manager": [
     {
      "managing_fund_since": "inception",
      "name": "Mr. Ilesh Savla",
      "qualification": "",
      "total_exp": "23 years"
     },
     {
      "managing_fund_since": "16th december 2024",
      "name": "Mr. Haresh Mehta",
      "qualification": "",
      "total_exp": "17 years"
     }
    ],
    "load": [
     {
      "comment": "NACash & Cash Equivalent",
      "type": "entry"
     },
     {
      "comment": "Nil Grand Total",
      "type": "exit"
     }
    ],
    "main_scheme_name": "Bajaj Finserv Nifty Bank ETF",
    "monthly_aaum_date": "20250131",
    "monthly_aaum_value": "258.01",
    "mutual_fund_name": "Bajaj Finserv Mutual Fund",
    "scheme_launch_date": "20240119"
   }
  },
  {
   "value": {
    "amc_name": "Bajaj Finserv Asset Management Limited",
    "benchmark_index": [
     "Nifty 1D Rate Index FUND FEATURES PORTFOLIO (as on 31 January, 2025)"
    ],
    "field_location": [
     {
      "amc_name": "39",
      "benchmark_index": "39",
      "count": 16,
      "fund_manager_managing_fund_since": "39",
      "fund_manager_name": "39",
      "fund_manager_total_exp": "39",
      "load_entry": "39",
      "load_exit": "39",
      "main_scheme_name": "39",
      "monthly_aaum_date": "39",
      "monthly_aaum_value": "39",
      "mutual_fund_name": "39",
      "scheme_launch_date": "39"
     }
    ],
    "fund_manager": [
     {
      "managing_fund_since": "inception",
      "name": "Mr. Siddharth Chaudhary",
      "qualification": "",
      "total_exp": "18 years"
     },
     {
      "managing_fund_since": "",
      "name": "Rate Liquid",
      "qualification": "",
      "total_exp": ""
     }
    ],
    "load": [
     {
      "comment": "NA",
      "type": "entry"
     },
     {
      "comment": "Nil",
      "type": "exit"
     }
    ],
    "main_scheme_name": "Bajaj Finserv Nifty 1D Rate Liquid ETF - Growth",
    "monthly_aaum_date": "20250131",
    "monthly_aaum_value": "239.76",
    "mutual_fund_name": "Bajaj Finserv Mutual Fund",
    "scheme_launch_date": "20240528"
   }
  }
 ]
}