{
 "metadata": {
  "document_name": "9_31-Jan-25_FS.pdf",
  "file_type": "fs",
  "process_date": "20250211"
 },
 "records": [
  {
   "value": {
    "amc_name": "Edelweiss Asset Management Limited",
    "benchmark_index": [
     "NIFTY 100 TRI"
    ],
    "field_location": [
     {
      "amc_name": "8",
      "benchmark_index": "8",
      "count": 60,
      "fund_manager_managing_fund_since": "8",
      "fund_manager_name": "8",
      "fund_manager_total_exp": "8",
      "load_exit": "8",
      "main_scheme_name": "8",
      "metrics_information_ratio": "8",
      "min_addl_amt": "8",
      "min_addl_amt_multiple": "8",
      "min_amt": "8",
      "min_amt_multiple": "8",
      "monthly_aaum_date": "8",
      "monthly_aaum_value": "8",
      "mutual_fund_name": "8",
      "scheme_launch_date": "8"
     }
    ],
    "fund_manager": [
     {
      "managing_fund_since": "01-oct-21",
      "name": "Mr. Bharat Lahoti",
      "qualification": "",
      "total_exp": "18 years"
     },
     {
      "managing_fund_since": "02-may-17",
      "name": "Mr. Bhavesh Jain",
      "qualification": "",
      "total_exp": "16 years"
     }
    ],
    "load": [
     {
      "comment": "• If the units are redeemed / switched out on or before 90 days from the date of allotment – 1.00% • If the units are redeemed / switched out after 90 days from the date of allotment – Nil",
      "type": "exit"
     }
    ],
    "main_scheme_name": "Edelweiss Large Cap Fund",
    "metrics": [
     {
      "name": "information_ratio",
      "value": "3"
     }
    ],
    "min_addl_amt": "100",
    "min_addl_amt_multiple": "1",
    "min_amt": "100",
    "min_amt_multiple": "1",
    "monthly_aaum_date": "20250131",
    "monthly_aaum_value": "1,109.24 Crore",
    "mutual_fund_name": "Edelweiss Mutual Fund",
    "scheme_launch_date": "20090520"
   }
  },
  {
   "value": {
    "amc_name": "Edelweiss Asset Management Limited",
    "benchmark_index": [
     "Nifty Large Midcap 250 TR Index"
    ],
    "field_location": [
     {
      "amc_name": "9",
      "benchmark_index": "9",
      "count": 60,
      "fund_manager_managing_fund_since": "9",
      "fund_manager_name": "9",
      "fund_manager_total_exp": "9",
      "load_exit": "9",
      "main_scheme_name": "9",
      "metrics_information_ratio": "9",
      "min_addl_amt": "9",
      "min_addl_amt_multiple": "9",
      "min_amt": "9",
      "min_amt_multiple": "9",
      "monthly_aaum_date": "9",
      "monthly_aaum_value": "9",
      "mutual_fund_name": "9",
      "scheme_launch_date": "9"
     }
    ],
    "fund_manager": [
     {
      "managing_fund_since": "01-apr-24",
      "name": "Mr. Sumanta Khan",
      "qualification": "",
      "total_exp": "18 years"
     },
     {
      "managing_fund_since": "01-oct-21",
      "name": "Mr. Trideep",
      "qualification": "",
      "total_exp": "25 years"
     },
     {
      "managing_fund_since": "01-aug-24",
      "name": "Mr. Raj Koradia",
      "qualification": "",
      "total_exp": "7 years"
     }
    ],
    "load": [
     {
      "comment": "• If the units are redeemed / switched out on or before 90 days from the date of allotment – 1.00% • If the units are redeemed / switched out after 90 days from the date of allotment – Nil",
      "type": "exit"
     }
    ],
    "main_scheme_name": "Edelweiss Large & Mid Cap Fund",
    "metrics": [
     {
      "name": "information_ratio",
      "value": "3"
     }
    ],
    "min_addl_amt": "100",
    "min_addl_amt_multiple": "1",
    "min_amt": "100",
    "min_amt_multiple": "1",
    "monthly_aaum_date": "20250131",
    "monthly_aaum_value": "3,610.66 Crore",
    "mutual_fund_name": "Edelweiss Mutual Fund",
    "scheme_launch_date": "20070614"
   }
  },
  {
   "value": {
    "amc_name": "Edelweiss Asset Management Limited",
    "benchmark_index": [
     "Nifty 500 TR Index"
    ],
    "field_location": [
     {
      "amc_name": "10",
      "benchmark_index": "10",
      "count": 60,
      "fund_manager_managing_fund_since": "10",
      "fund_manager_name": "10",
      "fund_manager_total_exp": "10",
      "load_exit": "10",
      "main_scheme_name": "10",
      "metrics_information_ratio": "10",
      "min_addl_amt": "10",
      "min_addl_amt_multiple": "10",
      "min_amt": "10",
      "min_amt_multiple": "10",
      "monthly_aaum_date": "10",
      "monthly_aaum_value": "10",
      "mutual_fund_name": "10",
      "scheme_launch_date": "10"
     }
    ],
    "fund_manager": [
     {
      "managing_fund_since": "01-oct-21",
      "name": "Mr. Trideep",
      "qualification": "",
      "total_exp": "25 years"
     },
     {
      "managing_fund_since": "15-jun-22",
      "name": "Mr. Ashwani",
      "qualification": "",
      "total_exp": "18 years"
     },
     {
      "managing_fund_since": "01-aug-24",
      "name": "Mr. Raj Koradia",
      "qualification": "",
      "total_exp": "7 years"
     }
    ],
    "load": [
     {
      "comment": "• If the units are redeemed / switched out on or before 90 days from the date of allotment – 1.00% • If the units are redeemed / switched out after 90 days from the date of allotment – Nil",
      "type": "exit"
     }
    ],
    "main_scheme_name": "Edelweiss Flexi Cap Fund",
    "metrics": [
     {
      "name": "information_ratio",
      "value": "3"
     }
    ],
    "min_addl_amt": "100",
    "min_addl_amt_multiple": "1",
    "min_amt": "100",
    "min_amt_multiple": "1",
    "monthly_aaum_date": "20250131",
    "monthly_aaum_value": "2,376.91 Crore",
    "mutual_fund_name": "Edelweiss Mutual Fund",
    "scheme_launch_date": "20150203"
   }
  },
  {
   "value": {
    "amc_name": "Edelweiss Asset Management Limited",
    "benchmark_index": [
     "Nifty Midcap 150 TRI"
    ],
    "field_location": [
     {
      "amc_name": "11",
      "benchmark_index": "11",
      "count": 60,
      "fund_manager_managing_fund_since": "11",
      "fund_manager_name": "11",
      "fund_manager_total_exp": "11",
      "load_exit": "11",
      "main_scheme_name": "11",
      "metrics_information_ratio": "11",
      "min_addl_amt": "11",
      "min_addl_amt_multiple": "11",
      "min_amt": "11",
      "min_amt_multiple": "11",
      "monthly_aaum_date": "11",
      "monthly_aaum_value": "11",
      "mutual_fund_name": "11",
      "scheme_launch_date": "11"
     }
    ],
    "fund_manager": [
     {
      "managing_fund_since": "01-oct-21",
      "name": "Mr. Trideep",
      "qualification": "",
      "total_exp": "25 years"
     },
     {
      "managing_fund_since": "14-oct-24",
      "name": "Mr. Dhruv Bhatia",
      "qualification": "",
      "total_exp": "12 years"
     },
     {
      "managing_fund_since": "01-aug-24",
      "name": "Mr. Raj Koradia",
      "qualification": "",
      "total_exp": "7 years"
     }
    ],
    "load": [
     {
      "comment": "• If the units are redeemed / switched out on or before 90 days from the date of allotment – 1.00% • If the units are redeemed / switched out after 90 days from the date of allotment – Nil",
      "type": "exit"
     }
    ],
    "main_scheme_name": "Edelweiss Mid Cap Fund",
    "metrics": [
     {
      "name": "information_ratio",
      "value": "3"
     }
    ],
    "min_addl_amt": "100",
    "min_addl_amt_multiple": "1",
    "min_amt": "100",
    "min_amt_multiple": "1",
    "monthly_aaum_date": "20250131",
    "monthly_aaum_value": "8,275.69 Crore",
    "mutual_fund_name": "Edelweiss Mutual Fund",
    "scheme_launch_date": "20071226"
   }
  },
  {
   "value": {
    "amc_name": "Edelweiss Asset Management Limited",
    "benchmark_index": [
     "Nifty Smallcap 250 TRI"
    ],
    "field_location": [
     {
      "amc_name": "12",
      "benchmark_index": "12",
      "count": 60,
      "fund_manager_managing_fund_since": "12",
      "fund_manager_name": "12",
      "fund_manager_total_exp": "12",
      "load_exit": "12",
      "main_scheme_name": "12",
      "metrics_information_ratio": "12",
      "min_addl_amt": "12",
      "min_addl_amt_multiple": "12",
      "min_amt": "12",
      "min_amt_multiple": "12",
      "monthly_aaum_date": "12",
      "monthly_aaum_value": "12",
      "mutual_fund_name": "12",
      "scheme_launch_date": "12"
     }
    ],
    "fund_manager": [
     {
      "managing_fund_since": "14-oct-24",
      "name": "Mr. Dhruv Bhatia",
      "qualification": "",
      "total_exp": "12 years"
     },
     {
      "managing_fund_since": "24-dec-21",
      "name": "Mr. Trideep",
      "qualification": "",
      "total_exp": "25 years"
     },
     {
      "managing_fund_since": "01-aug-24",
      "name": "Mr. Raj Koradia",
      "qualification": "",
      "total_exp": "7 years"
     }
    ],
    "load": [
     {
      "comment": "• If the units are redeemed / switched out on or before 90 days from the date of allotment – 1.00% • If the units are redeemed / switched out after 90 days from the date of allotment – Nil",
      "type": "exit"
     }
    ],
    "main_scheme_name": "Edelweiss Small Cap Fund",
    "metrics": [
     {
      "name": "information_ratio",
      "value": "3"
     }
    ],
    "min_addl_amt": "100",
    "min_addl_amt_multiple": "1",
    "min_amt": "100",
    "min_amt_multiple": "1",
    "monthly_aaum_date": "20250131",
    "monthly_aaum_value": "4,173.21 Crore",
    "mutual_fund_name": "Edelweiss Mutual Fund",
    "scheme_launch_date": "20190207"
   }
  },
  {
   "value": {
    "amc_name": "Edelweiss Asset Management Limited",
    "benchmark_index": [
     "NIFTY IPO Index**"
    ],
    "field_location": [
     {
      "amc_name": "13",
      "benchmark_index": "13",
      "count": 60,
      "fund_manager_managing_fund_since": "13",
      "fund_manager_name": "13",
      "fund_manager_total_exp": "13",
      "load_exit": "13",
      "main_scheme_name": "13",
      "metrics_information_ratio": "13",
      "min_addl_amt": "13",
      "min_addl_amt_multiple": "13",
      "min_amt": "13",
      "min_amt_multiple": "13",
      "monthly_aaum_date": "13",
      "monthly_aaum_value": "13",
      "mutual_fund_name": "13",
      "scheme_launch_date": "13"
     }
    ],
    "fund_manager": [
     {
      "managing_fund_since": "22-feb-18",
      "name": "Mr. Bharat Lahoti",
      "qualification": "",
      "total_exp": "18 years"
     },
     {
      "managing_fund_since": "22-feb-18",
      "name": "Mr. Bhavesh Jain",
      "qualification": "",
      "total_exp": "16 years"
     }
    ],
    "load": [
     {
      "comment": "• Upto 180 days : 2% • After 180 days : Nil",
      "type": "exit"
     }
    ],
    "main_scheme_name": "Edelweiss Recently Listed IPO Fund",
    "metrics": [
     {
      "name": "information_ratio",
      "value": "3"
     }
    ],
    "min_addl_amt": "100",
    "min_addl_amt_multiple": "1",
    "min_amt": "100",
    "min_amt_multiple": "1",
    "monthly_aaum_date": "20250131",
    "monthly_aaum_value": "907.40 Crore",
    "mutual_fund_name": "Edelweiss Mutual Fund",
    "scheme_launch_date": "20180222"
   }
  },
  {
   "value": {
    "amc_name": "Edelweiss Asset Management Limited",
    "benchmark_index": [
     "Nifty 500 TR Index"
    ],
    "field_location": [
     {
      "amc_name": "14",
      "benchmark_index": "14",
      "count": 60,
      "fund_manager_managing_fund_since": "14",
      "fund_manager_name": "14",
      "fund_manager_total_exp": "14",
      "load_exit": "14",
      "main_scheme_name": "14",
      "metrics_information_ratio": "14",
      "min_addl_amt": "14",
      "min_addl_amt_multiple": "14",
      "min_amt": "14",
      "min_amt_multiple": "14",
      "monthly_aaum_date": "14",
      "monthly_aaum_value": "14",
      "mutual_fund_name": "14",
      "scheme_launch_date": "14"
     }
    ],
    "fund_manager": [
     {
      "managing_fund_since": "15-jun-22",
      "name": "Mr. Ashwani",
      "qualification": "",
      "total_exp": "18 years"
     },
     {
      "managing_fund_since": "24-dec-21",
      "name": "Mr. Trideep",
      "qualification": "",
      "total_exp": "25 years"
     },
     {
      "managing_fund_since": "01-aug-24",
      "name": "Mr. Raj Koradia",
      "qualification": "",
      "total_exp": "7 years"
     }
    ],
    "load": [
     {
      "comment": "Nil",
      "type": "exit"
     }
    ],
    "main_scheme_name": "Edelweiss ELSS Tax saver Fund",
    "metrics": [
     {
      "name": "information_ratio",
      "value": "3"
     }
    ],
    "min_addl_amt": "500",
    "min_addl_amt_multiple": "500",
    "min_amt": "500",
    "min_amt_multiple": "500",
    "monthly_aaum_date": "20250131",
    "monthly_aaum_value": "383.35 Crore",
    "mutual_fund_name": "Edelweiss Mutual Fund",
    "scheme_launch_date": "20081230"
   }
  },
  {
   "value": {
    "amc_name": "Edelweiss Asset Management Limited",
    "benchmark_index": [
     "Nifty 500 TR Index"
    ],
    "field_location": [
     {
      "amc_name": "15",
      "benchmark_index": "15",
      "count": 60,
      "fund_manager_managing_fund_since": "15",
      "fund_manager_name": "15",
      "fund_manager_total_exp": "15",
      "load_exit": "15",
      "main_scheme_name": "15",
      "min_addl_amt": "15",
      "min_addl_amt_multiple": "15",
      "min_amt": "15",
      "min_amt_multiple": "15",
      "monthly_aaum_date": "15",
      "monthly_aaum_value": "15",
      "mutual_fund_name": "15",
      "scheme_launch_date": "15"
     }
    ],
    "fund_manager": [
     {
      "managing_fund_since": "01-aug-22",
      "name": "Mr. Trideep",
      "qualification": "",
      "total_exp": "25 years"
     },
     {
      "managing_fund_since": "01-apr-24",
      "name": "Mr. Sumanta Khan",
      "qualification": "",
      "total_exp": "18 years"
     },
     {
      "managing_fund_since": "01-aug-24",
      "name": "Mr. Raj Koradia",
      "qualification": "",
      "total_exp": "7 years"
     },
     {
      "managing_fund_since": "01-aug-22",
      "name": "Mr. Amit Vora",
      "qualification": "",
      "total_exp": "16 years"
     }
    ],
    "load": [
     {
      "comment": "• If the units are redeemed / switched out on or before 90 days from the date of allotment – 1.00% • If the units are redeemed / switched out after 90 days from the date of allotment – Nil",
      "type": "exit"
     }
    ],
    "main_scheme_name": "Edelweiss Focused Fund",
    "min_addl_amt": "100",
    "min_addl_amt_multiple": "1",
    "min_amt": "100",
    "min_amt_multiple": "1",
    "monthly_aaum_date": "20250131",
    "monthly_aaum_value": "897.56 Crore",
    "mutual_fund_name": "Edelweiss Mutual Fund",
    "scheme_launch_date": "20220801"
   }
  },
  {
   "value": {
    "amc_name": "Edelweiss Asset Management Limited",
    "benchmark_index": [
     "NIFTY 500 Multicap 50:25:25 TRI"
    ],
    "field_location": [
     {
      "amc_name": "16",
      "benchmark_index": "16",
      "count": 60,
      "fund_manager_managing_fund_since": "16",
      "fund_manager_name": "16",
      "fund_manager_total_exp": "16",
      "load_exit": "16",
      "main_scheme_name": "16",
      "min_addl_amt": "16",
      "min_addl_amt_multiple": "16",
      "min_amt": "16",
      "min_amt_multiple": "16",
      "monthly_aaum_date": "16",
      "monthly_aaum_value": "16",
      "mutual_fund_name": "16",
      "scheme_launch_date": "16"
     }
    ],
    "fund_manager": [
     {
      "managing_fund_since": "25-oct-23",
      "name": "Mr. Trideep",
      "qualification": "",
      "total_exp": "25 years"
     },
     {
      "managing_fund_since": "14-oct-24",
      "name": "Mr. Sumanta Khan",
      "qualification": "",
      "total_exp": "18 years"
     },
     {
      "managing_fund_since": "01-aug-24",
      "name": "Mr. Raj Koradia",
      "qualification": "",
      "total_exp": "7 years"
     },
     {
      "managing_fund_since": "25-oct-23",
      "name": "Mr. Amit Vora",
      "qualification": "",
      "total_exp": "16 years"
     }
    ],
    "load": [
     {
      "comment": "• If the units are redeemed / switched out on or before 90 days from the date of allotment – 1.00% of the applicable NAV. • If the units are redeemed / switched out after 90 days from the date of allotment – Nil",
      "type": "exit"
     }
    ],
    "main_scheme_name": "Edelweiss Multi Cap Fund",
    "min_addl_amt": "100",
    "min_addl_amt_multiple": "1",
    "min_amt": "100",
    "min_amt_multiple": "1",
    "monthly_aaum_date": "20250131",
    "monthly_aaum_value": "2,507.68 Crore",
    "mutual_fund_name": "Edelweiss Mutual Fund",
    "scheme_launch_date": "20231025"
   }
  },
  {
   "value": {
    "amc_name": "Edelweiss Asset Management Limited",
    "benchmark_index": [
     "BSE TECK TRI"
    ],
    "field_location": [
     {
      "amc_name": "17",
      "benchmark_index": "17",
      "count": 60,
      "fund_manager_managing_fund_since": "17",
      "fund_manager_name": "17",
      "fund_manager_total_exp": "17",
      "load_exit": "17",
      "main_scheme_name": "17",
      "min_addl_amt": "17",
      "min_addl_amt_multiple": "17",
      "min_amt": "17",
      "min_amt_multiple": "17",
      "monthly_aaum_date": "17",
      "monthly_aaum_value": "17",
      "mutual_fund_name": "17",
      "scheme_launch_date": "17"
     }
    ],
    "fund_manager": [
     {
      "managing_fund_since": "01-apr-24",
      "name": "Mr. Sumanta Khan",
      "qualification": "",
      "total_exp": "18 years"
     },
     {
      "managing_fund_since": "05-mar-24",
      "name": "Mr. Trideep",
      "qualification": "",
      "total_exp": "25 years"
     },
     {
      "managing_fund_since": "01-aug-24",
      "name": "Mr. Raj Koradia",
      "qualification": "",
      "total_exp": "7 years"
     },
     {
      "managing_fund_since": "05-mar-24",
      "name": "Mr. Amit Vora",
      "qualification": "",
      "total_exp": "16 years"
     }
    ],
    "load": [
     {
      "comment": "• If the units are redeemed / switched out on or before 90 days from the date of allotment – 1.00% of the appliable NAV. • If the units are redeemed / switched out after 90 days from the date of allotment – Nil",
      "type": "exit"
     }
    ],
    "main_scheme_name": "Edelweiss Technology Fund",
    "min_addl_amt": "100",
    "min_addl_amt_multiple": "1",
    "min_amt": "100",
    "min_amt_multiple": "1",
    "monthly_aaum_date": "20250131",
    "monthly_aaum_value": "678.59 Crore",
    "mutual_fund_name": "Edelweiss Mutual Fund",
    "scheme_launch_date": "20240305"
   }
  },
  {
   "value": {
    "amc_name": "Edelweiss Asset Management Limited",
    "benchmark_index": [
     "NIFTY 500 TRI"
    ],
    "field_location": [
     {
      "amc_name": "18",
      "benchmark_index": "18",
      "count": 60,
      "fund_manager_managing_fund_since": "18",
      "fund_manager_name": "18",
      "fund_manager_total_exp": "18",
      "load_exit": "18",
      "main_scheme_name": "18",
      "min_addl_amt": "18",
      "min_addl_amt_multiple": "18",
      "min_amt": "18",
      "min_amt_multiple": "18",
      "monthly_aaum_date": "18",
      "monthly_aaum_value": "18",
      "mutual_fund_name": "18",
      "scheme_launch_date": "18"
     }
    ],
    "fund_manager": [
     {
      "managing_fund_since": "29-jul-24",
      "name": "Mr. Bhavesh Jain",
      "qualification": "",
      "total_exp": "16 years"
     },
     {
      "managing_fund_since": "29-jul-24",
      "name": "Mr. Bharat Lahoti",
      "qualification": "",
      "total_exp": "18 years"
     },
     {
      "managing_fund_since": "29-jul-24",
      "name": "Mr. Amit Vora",
      "qualification": "",
      "total_exp": "16 years"
     }
    ],
    "load": [
     {
      "comment": "• If the units are redeemed / switched out on or before 90 days from the date of allotment – 1.00% of the appliable NAV. • If the units are redeemed / switched out after 90 days from the date of allotment – Nil",
      "type": "exit"
     }
    ],
    "main_scheme_name": "Edelweiss Business Cycle Fund",
    "min_addl_amt": "100",
    "min_addl_amt_multiple": "1",
    "min_amt": "100",
    "min_amt_multiple": "1",
    "monthly_aaum_date": "20250131",
    "monthly_aaum_value": "1,721.89 Crore",
    "mutual_fund_name": "Edelweiss Mutual Fund",
    "scheme_launch_date": "20240729"
   }
  },
  {
   "value": {
    "amc_name": "Edelweiss Asset Management Limited",
    "benchmark_index": [
     "Nifty 50 Arbitrage PR Index"
    ],
    "field_location": [
     {
      "amc_name": "19",
      "benchmark_index": "19",
      "count": 60,
      "fund_manager_managing_fund_since": "19",
      "fund_manager_name": "19",
      "fund_manager_total_exp": "19",
      "load_exit": "19",
      "main_scheme_name": "19",
      "metrics_information_ratio": "19",
      "metrics_ytm": "19",
      "min_addl_amt": "19",
      "min_addl_amt_multiple": "19",
      "min_amt": "19",
      "min_amt_multiple": "19",
      "monthly_aaum_date": "19",
      "monthly_aaum_value": "19",
      "mutual_fund_name": "19",
      "scheme_launch_date": "19"
     }
    ],
    "fund_manager": [
     {
      "managing_fund_since": "27-jun-14",
      "name": "Mr. Bhavesh Jain",
      "qualification": "",
      "total_exp": "16 years"
     },
     {
      "managing_fund_since": "06-nov-24",
      "name": "Mr. Amit Vora",
      "qualification": "",
      "total_exp": "19 years"
     },
     {
      "managing_fund_since": "01-jul-24",
      "name": "Ms. Pranavi",
      "qualification": "",
      "total_exp": "17 years"
     },
     {
      "managing_fund_since": "01-aug-24",
      "name": "Mr. Rahul Dedhia",
      "qualification": "",
      "total_exp": "14 years"
     }
    ],
    "load": [
     {
      "comment": "• If the units are redeemed / switched out on or before 30 days from the date of allotment - 0.10% • If the units are redeemed / switched out on after 30 days from the date of allotment - Nil",
      "type": "exit"
     }
    ],
    "main_scheme_name": "Edelweiss Arbitrage Fund",
    "metrics": [
     {
      "name": "ytm",
      "value": "0.28"
     },
     {
      "name": "information_ratio",
      "value": "3"
     }
    ],
    "min_addl_amt": "100",
    "min_addl_amt_multiple": "1",
    "min_amt": "100",
    "min_amt_multiple": "1",
    "monthly_aaum_date": "20250131",
    "monthly_aaum_value": "11,503.75 Crore",
    "mutual_fund_name": "Edelweiss Mutual Fund",
    "scheme_launch_date": "20140627"
   }
  },
  {
   "value": {
    "amc_name": "Edelweiss Asset Management Limited",
    "benchmark_index": [
     "Nifty Equity Savings Index"
    ],
    "field_location": [
     {
      "amc_name": "20",
      "benchmark_index": "20",
      "count": 60,
      "fund_manager_managing_fund_since": "20",
      "fund_manager_name": "20",
      "fund_manager_total_exp": "20",
      "load_exit": "20",
      "main_scheme_name": "20",
      "metrics_information_ratio": "20",
      "metrics_ytm": "20",
      "min_addl_amt": "20",
      "min_addl_amt_multiple": "20",
      "min_amt": "20",
      "min_amt_multiple": "20",
      "monthly_aaum_date": "20",
      "monthly_aaum_value": "20",
      "mutual_fund_name": "20",
      "scheme_launch_date": "20"
     }
    ],
    "fund_manager": [
     {
      "managing_fund_since": "18-sep-17",
      "name": "Mr. Bharat Lahoti",
      "qualification": "",
      "total_exp": "18 years"
     },
     {
      "managing_fund_since": "01-oct-21",
      "name": "Mr. Bhavesh Jain",
      "qualification": "",
      "total_exp": "16 years"
     },
     {
      "managing_fund_since": "01-jul-24",
      "name": "Mr. Rahul Dedhia",
      "qualification": "",
      "total_exp": "14 years"
     },
     {
      "managing_fund_since": "01-aug-24",
      "name": "Ms. Pranavi",
      "qualification": "",
      "total_exp": "17 years"
     }
    ],
    "load": [
     {
      "comment": "• If the units are redeemed / switched out on or before 30 days from the date of allotment - 0.25% • If the units are redeemed / switched out on after 30 days from the date of allotment - Nil",
      "type": "exit"
     }
    ],
    "main_scheme_name": "Edelweiss Equity Savings Fund",
    "metrics": [
     {
      "name": "ytm",
      "value": "0.67"
     },
     {
      "name": "information_ratio",
      "value": "3"
     }
    ],
    "min_addl_amt": "100",
    "min_addl_amt_multiple": "1",
    "min_amt": "100",
    "min_amt_multiple": "1",
    "monthly_aaum_date": "20250131",
    "monthly_aaum_value": "573.03 Crore",
    "mutual_fund_name": "Edelweiss Mutual Fund",
    "scheme_launch_date": "20141013"
   }
  },
  {
   "value": {
    "amc_name": "Edelweiss Asset Management Limited",
    "benchmark_index": [
     "CRISIL Hybrid 35+65 - Aggressive Index"
    ],
    "field_location": [
     {
      "amc_name": "21",
      "benchmark_index": "21",
      "count": 60,
      "fund_manager_managing_fund_since": "21",
      "fund_manager_name": "21",
      "fund_manager_total_exp": "21",
      "load_exit": "21",
      "main_scheme_name": "21",
      "metrics_information_ratio": "21",
      "metrics_ytm": "21",
      "min_addl_amt": "21",
      "min_addl_amt_multiple": "21",
      "min_amt": "21",
      "min_amt_multiple": "21",
      "monthly_aaum_date": "21",
      "monthly_aaum_value": "21",
      "mutual_fund_name": "21",
      "scheme_launch_date": "21"
     }
    ],
    "fund_manager": [
     {
      "managing_fund_since": "01-oct-21",
      "name": "Mr. Bharat Lahoti",
      "qualification": "",
      "total_exp": "18 years"
     },
     {
      "managing_fund_since": "14-oct-15",
      "name": "Mr. Bhavesh Jain",
      "qualification": "",
      "total_exp": "16 years"
     },
     {
      "managing_fund_since": "01-jul-24",
      "name": "Mr. Rahul Dedhia",
      "qualification": "",
      "total_exp": "14 years"
     },
     {
      "managing_fund_since": "01-aug-24",
      "name": "Ms. Pranavi",
      "qualification": "",
      "total_exp": "17 years"
     }
    ],
    "load": [
     {
      "comment": "• 10% of the units allotted shall be redeemed without any Exit Load on or before completion of 90 days from the date of allotment of units. Any redemption in excess of such limit within 90 days from the date of allotment shall be subject to the following Exit Load: • If redeemed or switched out on or before completion of 90 days from the date of allotment of units - 1.00% • If redeemed or switched out after completion of 90 days from the date of allotment of units - NIL",
      "type": "exit"
     }
    ],
    "main_scheme_name": "Edelweiss Aggressive Hybrid Fund",
    "metrics": [
     {
      "name": "ytm",
      "value": "0.88"
     },
     {
      "name": "information_ratio",
      "value": "3"
     }
    ],
    "min_addl_amt": "100",
    "min_addl_amt_multiple": "1",
    "min_amt": "100",
    "min_amt_multiple": "1",
    "monthly_aaum_date": "20250131",
    "monthly_aaum_value": "2,356.19 Crore",
    "mutual_fund_name": "Edelweiss Mutual Fund",
    "scheme_launch_date": "20090812"
   }
  },
  {
   "value": {
    "amc_name": "Edelweiss Asset Management Limited",
    "benchmark_index": [
     "NIFTY 50 Hybrid Composite debt 50:50 Index"
    ],
    "field_location": [
     {
      "amc_name": "22",
      "benchmark_index": "22",
      "count": 60,
      "fund_manager_managing_fund_since": "22",
      "fund_manager_name": "22",
      "fund_manager_total_exp": "22",
      "load_exit": "22",
      "main_scheme_name": "22",
      "metrics_information_ratio": "22",
      "metrics_ytm": "22",
      "min_addl_amt": "22",
      "min_addl_amt_multiple": "22",
      "min_amt": "22",
      "min_amt_multiple": "22",
      "monthly_aaum_date": "22",
      "monthly_aaum_value": "22",
      "mutual_fund_name": "22",
      "scheme_launch_date": "22"
     }
    ],
    "fund_manager": [
     {
      "managing_fund_since": "7-aug-13",
      "name": "Mr. Bhavesh Jain",
      "qualification": "",
      "total_exp": "16 years"
     },
     {
      "managing_fund_since": "18-sep-17",
      "name": "Mr. Bharat Lahoti",
      "qualification": "",
      "total_exp": "18 years"
     },
     {
      "managing_fund_since": "23-nov-21",
      "name": "Mr. Rahul Dedhia",
      "qualification": "",
      "total_exp": "14 years"
     },
     {
      "managing_fund_since": "01-aug-24",
      "name": "Ms. Pranavi Kulkarni",
      "qualification": "",
      "total_exp": "17 years"
     }
    ],
    "load": [
     {
      "comment": "• 10% of the units allotted shall be redeemed without any Exit Load on or before completion of 90 days from the date of allotment of units. Any redemption in excess of such limit within 90 days from the date of allotment shall be subject to the following Exit Load: • If redeemed or switched out on or before completion of 90 days from the date of allotment of units - 1.00% • If redeemed or switched out after completion of 90 days from the date of allotment of units - NIL",
      "type": "exit"
     }
    ],
    "main_scheme_name": "Edelweiss Balanced Advantage Fund",
    "metrics": [
     {
      "name": "ytm",
      "value": "0.46"
     },
     {
      "name": "information_ratio",
      "value": "3"
     }
    ],
    "min_addl_amt": "100",
    "min_addl_amt_multiple": "1",
    "min_amt": "100",
    "min_amt_multiple": "1",
    "monthly_aaum_date": "20250131",
    "monthly_aaum_value": "12,169.65 Crore",
    "mutual_fund_name": "Edelweiss Mutual Fund",
    "scheme_launch_date": "20090820"
   }
  },
  {
   "value": {
    "amc_name": "Edelweiss Asset Management Limited",
    "benchmark_index": [
     "Nifty 500 TRI (40%) + CRISIL Short Term Bond Fund Index (50%) + Domestic Gold Prices(5%) + Domestic Silver Prices(5%)."
    ],
    "field_location": [
     {
      "amc_name": "23",
      "benchmark_index": "23",
      "count": 60,
      "fund_manager_managing_fund_since": "23",
      "fund_manager_name": "23",
      "fund_manager_total_exp": "23",
      "load_exit": "23",
      "main_scheme_name": "23",
      "metrics_ytm": "23",
      "min_addl_amt": "23",
      "min_addl_amt_multiple": "23",
      "min_amt": "23",
      "min_amt_multiple": "23",
      "monthly_aaum_date": "23",
      "monthly_aaum_value": "23",
      "mutual_fund_name": "23",
      "scheme_launch_date": "23"
     }
    ],
    "fund_manager": [
     {
      "managing_fund_since": "23-jun-23",
      "name": "Mr. Bhavesh Jain",
      "qualification": "",
      "total_exp": "16 years"
     },
     {
      "managing_fund_since": "23-jun-23",
      "name": "Mr. Bharat Lahoti",
      "qualification": "",
      "total_exp": "18 years"
     },
     {
      "managing_fund_since": "01-jul-24",
      "name": "Mr. Rahul Dedhia",
      "qualification": "",
      "total_exp": "14 years"
     },
     {
      "managing_fund_since": "01-aug-24",
      "name": "Ms. Pranavi",
      "qualification": "",
      "total_exp": "17 years"
     },
     {
      "managing_fund_since": "23-jun-23",
      "name": "Mr. Amit Vora",
      "qualification": "",
      "total_exp": "16 years"
     }
    ],
    "load": [
     {
      "comment": "• If the units are redeemed / switched out on or before 30 days from the date of allotment - 0.10% • If the units are redeemed / switched out after 30 days from the date of allotment - Nil",
      "type": "exit"
     }
    ],
    "main_scheme_name": "Edelweiss Multi Asset Allocation Fund",
    "metrics": [
     {
      "name": "ytm",
      "value": "0.81"
     }
    ],
    "min_addl_amt": "100",
    "min_addl_amt_multiple": "1",
    "min_amt": "100",
    "min_amt_multiple": "1",
    "monthly_aaum_date": "20250131",
    "monthly_aaum_value": "1,461.60 Crore",
    "mutual_fund_name": "Edelweiss Mutual Fund",
    "scheme_launch_date": "20230623"
   }
  },
  {
   "value": {
    "amc_name": "Edelweiss Asset Management Limited",
    "benchmark_index": [
     "Domestic Gold and Silver Prices"
    ],
    "field_location": [
     {
      "amc_name": "24",
      "benchmark_index": "24",
      "count": 60,
      "fund_manager_managing_fund_since": "24",
      "fund_manager_name": "24",
      "fund_manager_total_exp": "24",
      "load_exit": "24",
      "main_scheme_name": "24",
      "min_addl_amt": "24",
      "min_addl_amt_multiple": "24",
      "min_amt": "24",
      "min_amt_multiple": "24",
      "monthly_aaum_date": "24",
      "monthly_aaum_value": "24",
      "mutual_fund_name": "24",
      "scheme_launch_date": "24"
     }
    ],
    "fund_manager": [
     {
      "managing_fund_since": "14-sep-22",
      "name": "Mr. Bhavesh Jain",
      "qualification": "",
      "total_exp": "16 years"
     },
     {
      "managing_fund_since": "14-sep-22",
      "name": "Mr. Bharat Lahoti",
      "qualification": "",
      "total_exp": "18 years"
     }
    ],
    "load": [
     {
      "comment": "• If the units are redeemed / switched out on or before 15 days from the date of allotment - 0.10% • If the units are redeemed / switched out after 15 days from the date of allotment - Nil",
      "type": "exit"
     }
    ],
    "main_scheme_name": "Edelweiss Gold and Silver ETF Fund of Fund",
    "min_addl_amt": "100",
    "min_addl_amt_multiple": "1",
    "min_amt": "100",
    "min_amt_multiple": "1",
    "monthly_aaum_date": "20250131",
    "monthly_aaum_value": "232.73 Crore",
    "mutual_fund_name": "Edelweiss Mutual Fund",
    "scheme_launch_date": "20220914"
   }
  },
  {
   "value": {
    "amc_name": "Edelweiss Asset Management Limited",
    "benchmark_index": [
     "Domestic Prices of Physical Gold"
    ],
    "field_location": [
     {
      "amc_name": "25",
      "benchmark_index": "25",
      "count": 60,
      "creation_unit": "25",
      "fund_manager_managing_fund_since": "25",
      "fund_manager_name": "25",
      "fund_manager_total_exp": "25",
      "load_exit": "25",
      "main_scheme_name": "25",
      "monthly_aaum_date": "25",
      "monthly_aaum_value": "25",
      "mutual_fund_name": "25",
      "scheme_launch_date": "25"
     }
    ],
    "fund_manager": [
     {
      "managing_fund_since": "01-jul-24",
      "name": "Mr. Amit Vora",
      "qualification": "",
      "total_exp": "16 years"
     }
    ],
    "load": [
     {
      "comment": "Not Applicable",
      "type": "exit"
     }
    ],
    "main_scheme_name": "Edelweiss Gold ETF",
    "monthly_aaum_date": "20250131",
    "monthly_aaum_value": "117.70 Crore",
    "mutual_fund_name": "Edelweiss Mutual Fund",
    "scheme_launch_date": "20231107"
   }
  },
  {
   "value": {
    "amc_name": "Edelweiss Asset Management Limited",
    "benchmark_index": [
     "Price of Silver (based on LBMA Silver daily spot fixing price)"
    ],
    "field_location": [
     {
      "amc_name": "26",
      "benchmark_index": "26",
      "count": 60,
      "creation_unit": "26",
      "fund_manager_managing_fund_since": "26",
      "fund_manager_name": "26",
      "fund_manager_total_exp": "26",
      "load_exit": "26",
      "main_scheme_name": "26",
      "monthly_aaum_date": "26",
      "monthly_aaum_value": "26",
      "mutual_fund_name": "26",
      "scheme_launch_date": "26"
     }
    ],
    "fund_manager": [
     {
      "managing_fund_since": "01-jul-24",
      "name": "Mr. Amit Vora",
      "qualification": "",
      "total_exp": "16 years"
     }
    ],
    "load": [
     {
      "comment": "Not Applicable",
      "type": "exit"
     }
    ],
    "main_scheme_name": "Edelweiss Silver ETF",
    "monthly_aaum_date": "20250131",
    "monthly_aaum_value": "120.62 Crore",
    "mutual_fund_name": "Edelweiss Mutual Fund",
    "scheme_launch_date": "20231121"
   }
  },
  {
   "value": {
    "amc_name": "Edelweiss Asset Management Limited",
    "benchmark_index": [
     "CRISIL Liquid Overnight Index"
    ],
    "field_location": [
     {
      "amc_name": "27",
      "benchmark_index": "27",
      "count": 60,
      "fund_manager_managing_fund_since": "27",
      "fund_manager_name": "27",
      "fund_manager_total_exp": "27",
      "load_exit": "27",
      "main_scheme_name": "27",
      "min_addl_amt": "27",
      "min_addl_amt_multiple": "27",
      "min_amt": "27",
      "min_amt_multiple": "27",
      "monthly_aaum_date": "27",
      "monthly_aaum_value": "27",
      "mutual_fund_name": "27",
      "scheme_launch_date": "27"
     }
    ],
    "fund_manager": [
     {
      "managing_fund_since": "23-nov-21",
      "name": "Ms. Pranavi",
      "qualification": "",
      "total_exp": "17 years"
     },
     {
      "managing_fund_since": "01-jul-24",
      "name": "Mr. Hetul Raval",
      "qualification": "",
      "total_exp": "8 years"
     }
    ],
    "load": [
     {
      "comment": "Nil",
      "type": "exit"
     }
    ],
    "main_scheme_name": "Edelweiss Overnight Fund",
    "min_addl_amt": "100",
    "min_addl_amt_multiple": "1",
    "min_amt": "100",
    "min_amt_multiple": "1",
    "monthly_aaum_date": "20250131",
    "monthly_aaum_value": "315.17 Crore",
    "mutual_fund_name": "Edelweiss Mutual Fund",
    "scheme_launch_date": "20190724"
   }
  },
  {
   "value": {
    "amc_name": "Edelweiss Asset Management Limited",
    "benchmark_index": [
     "CRISIL Liquid Debt A I Index (Tier1), NIFTY Liquid Index A-I(Tier2)"
    ],
    "field_location": [
     {
      "amc_name": "28",
      "benchmark_index": "28",
      "count": 60,
      "fund_manager_managing_fund_since": "28",
      "fund_manager_name": "28",
      "fund_manager_total_exp": "28",
      "load_exit": "28",
      "main_scheme_name": "28",
      "metrics_mod_duration": "28",
      "min_addl_amt": "28",
      "min_addl_amt_multiple": "28",
      "min_amt": "28",
      "min_amt_multiple": "28",
      "monthly_aaum_date": "28",
      "monthly_aaum_value": "28",
      "mutual_fund_name": "28",
      "scheme_launch_date": "28"
     }
    ],
    "fund_manager": [
     {
      "managing_fund_since": "11-dec-17",
      "name": "Mr. Rahul Dedhia",
      "qualification": "",
      "total_exp": "14 years"
     },
     {
      "managing_fund_since": "23-nov-21",
      "name": "Ms. Pranavi Kulkarni",
      "qualification": "",
      "total_exp": "17 years"
     }
    ],
    "load": [
     {
      "comment": "Investor Exit upon subscription Exit Load as a % of redemption (based on Applicable NAV) proceeds (including systematic transactions) Day 1 0.0070% Day 2 0.0065% Day 3 0.0060% Day 4 0.0055% Day 5 0.0050% Day 6 0.0045% Day 7 onwards NIL",
      "type": "exit"
     }
    ],
    "main_scheme_name": "Edelweiss Liquid Fund",
    "metrics": [
     {
      "name": "mod_duration",
      "value": "1"
     }
    ],
    "min_addl_amt": "100",
    "min_addl_amt_multiple": "1",
    "min_amt": "100",
    "min_amt_multiple": "1",
    "monthly_aaum_date": "20250131",
    "monthly_aaum_value": "6,578.96 Crore",
    "mutual_fund_name": "Edelweiss Mutual Fund",
    "scheme_launch_date": "20070921"
   }
  },
  {
   "value": {
    "amc_name": "Edelweiss Asset Management Limited",
    "benchmark_index": [
     "CRISIL Banking & PSU Debt A II Index (Tier1), Nifty Banking & PSU Debt Index - A-III (Tier2)"
    ],
    "field_location": [
     {
      "amc_name": "29",
      "benchmark_index": "29",
      "count": 60,
      "fund_manager_managing_fund_since": "29",
      "fund_manager_name": "29",
      "fund_manager_total_exp": "29",
      "load_exit": "29",
      "main_scheme_name": "29",
      "metrics_mod_duration": "29",
      "metrics_ytm": "29",
      "min_addl_amt": "29",
      "min_addl_amt_multiple": "29",
      "min_amt": "29",
      "min_amt_multiple": "29",
      "monthly_aaum_date": "29",
      "monthly_aaum_value": "29",
      "mutual_fund_name": "29",
      "scheme_launch_date": "29"
     }
    ],
    "fund_manager": [
     {
      "managing_fund_since": "26-nov-16",
      "name": "Mr. Dhawal Dalal",
      "qualification": "",
      "total_exp": "26 years"
     },
     {
      "managing_fund_since": "23-nov-21",
      "name": "Mr. Rahul Dedhia",
      "qualification": "",
      "total_exp": "14 years"
     }
    ],
    "load": [
     {
      "comment": "Nil",
      "type": "exit"
     }
    ],
    "main_scheme_name": "Edelweiss Banking & PSU Debt Fund",
    "metrics": [
     {
      "name": "ytm",
      "value": "1"
     },
     {
      "name": "mod_duration",
      "value": "1"
     }
    ],
    "min_addl_amt": "100",
    "min_addl_amt_multiple": "1",
    "min_amt": "100",
    "min_amt_multiple": "1",
    "monthly_aaum_date": "20250131",
    "monthly_aaum_value": "269.71 Crore",
    "mutual_fund_name": "Edelweiss Mutual Fund",
    "scheme_launch_date": "20130913"
   }
  },
  {
   "value": {
    "amc_name": "Edelweiss Asset Management Limited",
    "benchmark_index": [
     "CRISIL Money Market A I Index (Tier 1), NIFTY Money Market Index A-I (Tier 2)"
    ],
    "field_location": [
     {
      "amc_name": "30",
      "benchmark_index": "30",
      "count": 60,
      "fund_manager_managing_fund_since": "30",
      "fund_manager_name": "30",
      "fund_manager_total_exp": "30",
      "load_exit": "30",
      "main_scheme_name": "30",
      "metrics_macaulay": "30",
      "metrics_mod_duration": "30",
      "min_addl_amt": "30",
      "min_addl_amt_multiple": "30",
      "min_amt": "30",
      "min_amt_multiple": "30",
      "monthly_aaum_date": "30",
      "monthly_aaum_value": "30",
      "mutual_fund_name": "30",
      "scheme_launch_date": "30"
     }
    ],
    "fund_manager": [
     {
      "managing_fund_since": "23-nov-21",
      "name": "Ms. Pranavi",
      "qualification": "",
      "total_exp": "17 years"
     },
     {
      "managing_fund_since": "01-jul-24",
      "name": "Mr. Hetul Raval",
      "qualification": "",
      "total_exp": "8 years"
     }
    ],
    "load": [
     {
      "comment": "Nil",
      "type": "exit"
     }
    ],
    "main_scheme_name": "Edelweiss Money Market Fund",
    "metrics": [
     {
      "name": "mod_duration",
      "value": "1"
     },
     {
      "name": "macaulay",
      "value": "1"
     }
    ],
    "min_addl_amt": "100",
    "min_addl_amt_multiple": "1",
    "min_amt": "100",
    "min_amt_multiple": "1",
    "monthly_aaum_date": "20250131",
    "monthly_aaum_value": "1,470.47 Crore",
    "mutual_fund_name": "Edelweiss Mutual Fund",
    "scheme_launch_date": "20080627"
   }
  },
  {
   "value": {
    "amc_name": "Edelweiss Asset Management Limited",
    "benchmark_index": [
     "CRISIL Dynamic Gilt Index (Tier 1), NIFTY G-Sec Index - A-III (Tier 2)"
    ],
    "field_location": [
     {
      "amc_name": "31",
      "benchmark_index": "31",
      "count": 60,
      "fund_manager_managing_fund_since": "31",
      "fund_manager_name": "31",
      "fund_manager_total_exp": "31",
      "load_exit": "31",
      "main_scheme_name": "31",
      "metrics_mod_duration": "31",
      "min_addl_amt": "31",
      "min_addl_amt_multiple": "31",
      "min_amt": "31",
      "min_amt_multiple": "31",
      "monthly_aaum_date": "31",
      "monthly_aaum_value": "31",
      "mutual_fund_name": "31",
      "scheme_launch_date": "31"
     }
    ],
    "fund_manager": [
     {
      "managing_fund_since": "23-nov-21",
      "name": "Mr. Rahul Dedhia",
      "qualification": "",
      "total_exp": "14 years"
     },
     {
      "managing_fund_since": "01-jul-24",
      "name": "Mr. Hetul Raval",
      "qualification": "",
      "total_exp": "8 years"
     }
    ],
    "load": [
     {
      "comment": "Nil",
      "type": "exit"
     }
    ],
    "main_scheme_name": "Edelweiss Government Securities Fund",
    "metrics": [
     {
      "name": "mod_duration",
      "value": "1"
     }
    ],
    "min_addl_amt": "100",
    "min_addl_amt_multiple": "1",
    "min_amt": "100",
    "min_amt_multiple": "1",
    "monthly_aaum_date": "20250131",
    "monthly_aaum_value": "174.95 Crore",
    "mutual_fund_name": "Edelweiss Mutual Fund",
    "scheme_launch_date": "20140213"
   }
  },
  {
   "value": {
    "amc_name": "Edelweiss Asset Management Limited",
    "benchmark_index": [
     "CRISIL IBX 50:50 Gilt Plus SDL Short Duration Index Fund"
    ],
    "field_location": [
     {
      "amc_name": "38",
      "benchmark_index": "38",
      "count": 60,
      "fund_manager_managing_fund_since": "38",
      "fund_manager_name": "38",
      "fund_manager_total_exp": "38",
      "load_exit": "38",
      "main_scheme_name": "38",
      "min_addl_amt": "38",
      "min_addl_amt_multiple": "38",
      "min_amt": "38",
      "min_amt_multiple": "38",
      "monthly_aaum_date": "38",
      "monthly_aaum_value": "38",
      "mutual_fund_name": "38",
      "scheme_launch_date": "38"
     }
    ],
    "fund_manager": [
     {
      "managing_fund_since": "01-jul-24",
      "name": "Ms. Pranavi",
      "qualification": "",
      "total_exp": "17 years"
     },
     {
      "managing_fund_since": "15-feb-23",
      "name": "Mr. Rahul Dedhia",
      "qualification": "",
      "total_exp": "14 years"
     }
    ],
    "load": [
     {
      "comment": "Nil",
      "type": "exit"
     }
    ],
    "main_scheme_name": "Edelweiss CRISIL IBX 50:50 Gilt Plus SDL Short Duration Index Fund",
    "min_addl_amt": "100",
    "min_addl_amt_multiple": "1",
    "min_amt": "100",
    "min_amt_multiple": "1",
    "monthly_aaum_date": "20250131",
    "monthly_aaum_value": "154.65 Crore",
    "mutual_fund_name": "Edelweiss Mutual Fund",
    "scheme_launch_date": "20230215"
   }
  },
  {
   "value": {
    "amc_name": "Edelweiss Asset Management Limited",
    "benchmark_index": [
     "Nifty BHARAT Bond Index – April 2025"
    ],
    "field_location": [
     {
      "amc_name": "39",
      "benchmark_index": "39",
      "count": 60,
      "creation_unit": "39",
      "fund_manager_managing_fund_since": "39",
      "fund_manager_name": "39",
      "fund_manager_total_exp": "39",
      "load_exit": "39",
      "main_scheme_name": "39",
      "monthly_aaum_date": "39",
      "monthly_aaum_value": "39",
      "mutual_fund_name": "39",
      "scheme_launch_date": "39"
     }
    ],
    "fund_manager": [
     {
      "managing_fund_since": "22-jul-20",
      "name": "Mr. Dhawal Dalal",
      "qualification": "",
      "total_exp": "26 years"
     },
     {
      "managing_fund_since": "23-nov-21",
      "name": "Mr. Rahul Dedhia",
      "qualification": "",
      "total_exp": "14 years"
     }
    ],
    "load": [
     {
      "comment": "Nil",
      "type": "exit"
     }
    ],
    "main_scheme_name": "Bharat Bond ETF APRIL 2025",
    "monthly_aaum_date": "20250131",
    "monthly_aaum_value": "10,063.65 Crore",
    "mutual_fund_name": "Edelweiss Mutual Fund",
    "scheme_launch_date": "22-JULY-20"
   }
  },
  {
   "value": {
    "amc_name": "Edelweiss Asset Management Limited",
    "benchmark_index": [
     "CRISIL IBX 50:50 PSU + SDL Index – October 2025"
    ],
    "field_location": [
     {
      "amc_name": "40",
      "benchmark_index": "40",
      "count": 60,
      "fund_manager_managing_fund_since": "40",
      "fund_manager_name": "40",
      "fund_manager_total_exp": "40",
      "load_exit": "40",
      "main_scheme_name": "40",
      "min_addl_amt": "40",
      "min_addl_amt_multiple": "40",
      "min_amt": "40",
      "min_amt_multiple": "40",
      "monthly_aaum_date": "40",
      "monthly_aaum_value": "40",
      "mutual_fund_name": "40",
      "scheme_launch_date": "40"
     }
    ],
    "fund_manager": [
     {
      "managing_fund_since": "10-mar-22",
      "name": "Mr. Dhawal Dalal",
      "qualification": "",
      "total_exp": "26 years"
     },
     {
      "managing_fund_since": "10-mar-22",
      "name": "Mr. Rahul Dedhia",
      "qualification": "",
      "total_exp": "14 years"
     }
    ],
    "load": [
     {
      "comment": "0.10% upto 30 days Nil after 30 days",
      "type": "exit"
     }
    ],
    "main_scheme_name": "Edelweiss CRISIL PSU Plus SDL 50:50 Oct 2025 Index Fund",
    "min_addl_amt": "100",
    "min_addl_amt_multiple": "1",
    "min_amt": "100",
    "min_amt_multiple": "1",
    "monthly_aaum_date": "20250131",
    "monthly_aaum_value": "810.29 Crore",
    "mutual_fund_name": "Edelweiss Mutual Fund",
    "scheme_launch_date": "20220310"
   }
  },
  {
   "value": {
    "amc_name": "Edelweiss Asset Management Limited",
    "benchmark_index": [
     "Nifty PSU Bond Plus SDL Apr 2026 50:50 Index"
    ],
    "field_location": [
     {
      "amc_name": "41",
      "benchmark_index": "41",
      "count": 60,
      "fund_manager_managing_fund_since": "41",
      "fund_manager_name": "41",
      "fund_manager_total_exp": "41",
      "load_exit": "41",
      "main_scheme_name": "41",
      "min_addl_amt": "41",
      "min_addl_amt_multiple": "41",
      "min_amt": "41",
      "min_amt_multiple": "41",
      "monthly_aaum_date": "41",
      "monthly_aaum_value": "41",
      "mutual_fund_name": "41",
      "scheme_launch_date": "41"
     }
    ],
    "fund_manager": [
     {
      "managing_fund_since": "18-mar-21",
      "name": "Mr. Dhawal Dalal",
      "qualification": "",
      "total_exp": "26 years"
     },
     {
      "managing_fund_since": "23-nov-21",
      "name": "Mr. Rahul Dedhia",
      "qualification": "",
      "total_exp": "14 years"
     }
    ],
    "load": [
     {
      "comment": "0.10% upto 30 days Nil after 30 days",
      "type": "exit"
     }
    ],
    "main_scheme_name": "Edelweiss NIFTY PSU Bond Plus SDL Apr - 2026 50:50 Index Fund",
    "min_addl_amt": "100",
    "min_addl_amt_multiple": "1",
    "min_amt": "100",
    "min_amt_multiple": "1",
    "monthly_aaum_date": "20250131",
    "monthly_aaum_value": "7,843.76 Crore",
    "mutual_fund_name": "Edelweiss Mutual Fund",
    "scheme_launch_date": "20210318"
   }
  },
  {
   "value": {
    "amc_name": "Edelweiss Asset Management Limited",
    "benchmark_index": [
     "Nifty PSU Bond Plus SDL Apr 2027 50:50 Index"
    ],
    "field_location": [
     {
      "amc_name": "42",
      "benchmark_index": "42",
      "count": 60,
      "fund_manager_managing_fund_since": "42",
      "fund_manager_name": "42",
      "fund_manager_total_exp": "42",
      "load_exit": "42",
      "main_scheme_name": "42",
      "min_addl_amt": "42",
      "min_addl_amt_multiple": "42",
      "min_amt": "42",
      "min_amt_multiple": "42",
      "monthly_aaum_date": "42",
      "monthly_aaum_value": "42",
      "mutual_fund_name": "42",
      "scheme_launch_date": "42"
     }
    ],
    "fund_manager": [
     {
      "managing_fund_since": "14-oct-21",
      "name": "Mr. Dhawal Dalal",
      "qualification": "",
      "total_exp": "26 years"
     },
     {
      "managing_fund_since": "23-nov-21",
      "name": "Mr. Rahul Dedhia",
      "qualification": "",
      "total_exp": "14 years"
     }
    ],
    "load": [
     {
      "comment": "0.15% upto 30 days Nil after 30 days",
      "type": "exit"
     }
    ],
    "main_scheme_name": "Edelweiss NIFTY PSU Bond Plus SDL Apr - 2027 50:50 Index Fund",
    "min_addl_amt": "100",
    "min_addl_amt_multiple": "1",
    "min_amt": "100",
    "min_amt_multiple": "1",
    "monthly_aaum_date": "20250131",
    "monthly_aaum_value": "2,289.92 Crore",
    "mutual_fund_name": "Edelweiss Mutual Fund",
    "scheme_launch_date": "20211014"
   }
  },
  {
   "value": {
    "amc_name": "Edelweiss Asset Management Limited",
    "benchmark_index": [
     "CRISIL IBX 50:50 Gilt Plus SDL Index – June 2027"
    ],
    "field_location": [
     {
      "amc_name": "43",
      "benchmark_index": "43",
      "count": 60,
      "fund_manager_managing_fund_since": "43",
      "fund_manager_name": "43",
      "fund_manager_total_exp": "43",
      "load_exit": "43",
      "main_scheme_name": "43",
      "min_addl_amt": "43",
      "min_addl_amt_multiple": "43",
      "min_amt": "43",
      "min_amt_multiple": "43",
      "monthly_aaum_date": "43",
      "monthly_aaum_value": "43",
      "mutual_fund_name": "43",
      "scheme_launch_date": "43"
     }
    ],
    "fund_manager": [
     {
      "managing_fund_since": "18-oct-22",
      "name": "Mr. Dhawal Dalal",
      "qualification": "",
      "total_exp": "26 years"
     },
     {
      "managing_fund_since": "18-oct-22",
      "name": "Mr. Rahul Dedhia",
      "qualification": "",
      "total_exp": "14 years"
     }
    ],
    "load": [
     {
      "comment": "0.10% upto 30 days Nil after 30 days",
      "type": "exit"
     }
    ],
    "main_scheme_name": "Edelweiss CRISIL IBX 50:50 Gilt Plus SDL June 2027 Index Fund",
    "min_addl_amt": "100",
    "min_addl_amt_multiple": "1",
    "min_amt": "100",
    "min_amt_multiple": "1",
    "monthly_aaum_date": "20250131",
    "monthly_aaum_value": "91.62 Crore",
    "mutual_fund_name": "Edelweiss Mutual Fund",
    "scheme_launch_date": "20221018"
   }
  },
  {
   "value": {
    "amc_name": "Edelweiss Asset Management Limited",
    "benchmark_index": [
     "CRISIL IBX 50:50 Gilt Plus SDL Index – Sep 2028"
    ],
    "field_location": [
     {
      "amc_name": "44",
      "benchmark_index": "44",
      "count": 60,
      "fund_manager_managing_fund_since": "44",
      "fund_manager_name": "44",
      "fund_manager_total_exp": "44",
      "load_exit": "44",
      "main_scheme_name": "44",
      "min_addl_amt": "44",
      "min_addl_amt_multiple": "44",
      "min_amt": "44",
      "min_amt_multiple": "44",
      "monthly_aaum_date": "44",
      "monthly_aaum_value": "44",
      "mutual_fund_name": "44",
      "scheme_launch_date": "44"
     }
    ],
    "fund_manager": [
     {
      "managing_fund_since": "10-nov-22",
      "name": "Mr. Dhawal Dalal",
      "qualification": "",
      "total_exp": "26 years"
     },
     {
      "managing_fund_since": "10-nov-22",
      "name": "Mr. Rahul Dedhia",
      "qualification": "",
      "total_exp": "14 years"
     }
    ],
    "load": [
     {
      "comment": "0.10% upto 30 days Nil after 30 days",
      "type": "exit"
     }
    ],
    "main_scheme_name": "Edelweiss CRISIL IBX 50:50 Gilt Plus SDL Sep 2028 Index Fund",
    "min_addl_amt": "100",
    "min_addl_amt_multiple": "1",
    "min_amt": "100",
    "min_amt_multiple": "1",
    "monthly_aaum_date": "20250131",
    "monthly_aaum_value": "156.31 Crore",
    "mutual_fund_name": "Edelweiss Mutual Fund",
    "scheme_launch_date": "20221110"
   }
  },
  {
   "value": {
    "amc_name": "Edelweiss Asset Management Limited",
    "benchmark_index": [
     "CRISIL IBX AAA Financial Services – Jan 2028 index."
    ],
    "field_location": [
     {
      "amc_name": "45",
      "benchmark_index": "45",
      "count": 60,
      "fund_manager_managing_fund_since": "45",
      "fund_manager_name": "45",
      "fund_manager_total_exp": "45",
      "load_exit": "45",
      "main_scheme_name": "45",
      "min_addl_amt": "45",
      "min_addl_amt_multiple": "45",
      "min_amt": "45",
      "min_amt_multiple": "45",
      "monthly_aaum_date": "45",
      "monthly_aaum_value": "45",
      "mutual_fund_name": "45",
      "scheme_launch_date": "45"
     }
    ],
    "fund_manager": [
     {
      "managing_fund_since": "27-nov-24",
      "name": "Mr. Dhawal Dalal",
      "qualification": "",
      "total_exp": "26 years"
     },
     {
      "managing_fund_since": "27-nov-24",
      "name": "Mr. Rahul Dedhia",
      "qualification": "",
      "total_exp": "14 years"
     }
    ],
    "load": [
     {
      "comment": "0.10% upto 30 days Nil after 30 days",
      "type": "exit"
     }
    ],
    "main_scheme_name": "Edelweiss CRISIL IBX AAA Financial Services Bond - Jan 2028 Index Fund",
    "min_addl_amt": "100",
    "min_addl_amt_multiple": "1",
    "min_amt": "100",
    "min_amt_multiple": "1",
    "monthly_aaum_date": "20250131",
    "monthly_aaum_value": "130.96 Crore",
    "mutual_fund_name": "Edelweiss Mutual Fund",
    "scheme_launch_date": "20241127"
   }
  },
  {
   "value": {
    "amc_name": "Edelweiss Asset Management Limited",
    "benchmark_index": [
     "Nifty BHARAT Bond Index – April 2030"
    ],
    "field_location": [
     {
      "amc_name": "46",
      "benchmark_index": "46",
      "count": 60,
      "creation_unit": "46",
      "fund_manager_managing_fund_since": "46",
      "fund_manager_name": "46",
      "fund_manager_total_exp": "46",
      "load_exit": "46",
      "main_scheme_name": "46",
      "metrics_mod_duration": "46",
      "monthly_aaum_date": "46",
      "monthly_aaum_value": "46",
      "mutual_fund_name": "46",
      "scheme_launch_date": "46"
     }
    ],
    "fund_manager": [
     {
      "managing_fund_since": "22-jul-20",
      "name": "Mr. Dhawal Dalal",
      "qualification": "",
      "total_exp": "26 years"
     },
     {
      "managing_fund_since": "23-nov-21",
      "name": "Mr. Rahul Dedhia",
      "qualification": "",
      "total_exp": "14 years"
     }
    ],
    "load": [
     {
      "comment": "Nil",
      "type": "exit"
     }
    ],
    "main_scheme_name": "Bharat Bond ETF APRIL 2030",
    "metrics": [
     {
      "name": "mod_duration",
      "value": "2030"
     }
    ],
    "monthly_aaum_date": "20250131",
    "monthly_aaum_value": "18,474.43 Crore",
    "mutual_fund_name": "Edelweiss Mutual Fund",
    "scheme_launch_date": "20191226"
   }
  },
  {
   "value": {
    "amc_name": "Edelweiss Asset Management Limited",
    "benchmark_index": [
     "Nifty BHARAT Bond Index – April 2031"
    ],
    "field_location": [
     {
      "amc_name": "47",
      "benchmark_index": "47",
      "count": 60,
      "creation_unit": "47",
      "fund_manager_managing_fund_since": "47",
      "fund_manager_name": "47",
      "fund_manager_total_exp": "47",
      "load_exit": "47",
      "main_scheme_name": "47",
      "metrics_mod_duration": "47",
      "monthly_aaum_date": "47",
      "monthly_aaum_value": "47",
      "mutual_fund_name": "47",
      "scheme_launch_date": "47"
     }
    ],
    "fund_manager": [
     {
      "managing_fund_since": "22-jul-20",
      "name": "Mr. Dhawal Dalal",
      "qualification": "",
      "total_exp": "26 years"
     },
     {
      "managing_fund_since": "23-nov-21",
      "name": "Mr. Rahul Dedhia",
      "qualification": "",
      "total_exp": "14 years"
     }
    ],
    "load": [
     {
      "comment": "Nil",
      "type": "exit"
     }
    ],
    "main_scheme_name": "Bharat Bond ETF APRIL 2031",
    "metrics": [
     {
      "name": "mod_duration",
      "value": "2031"
     }
    ],
    "monthly_aaum_date": "20250131",
    "monthly_aaum_value": "12,859.30 Crore",
    "mutual_fund_name": "Edelweiss Mutual Fund",
    "scheme_launch_date": "20200722"
   }
  },
  {
   "value": {
    "amc_name": "Edelweiss Asset Management Limited",
    "benchmark_index": [
     "Nifty BHARAT Bond Index – April 2032"
    ],
    "field_location": [
     {
      "amc_name": "48",
      "benchmark_index": "48",
      "count": 60,
      "creation_unit": "48",
      "fund_manager_managing_fund_since": "48",
      "fund_manager_name": "48",
      "fund_manager_total_exp": "48",
      "load_exit": "48",
      "main_scheme_name": "48",
      "metrics_mod_duration": "48",
      "monthly_aaum_date": "48",
      "monthly_aaum_value": "48",
      "mutual_fund_name": "48",
      "scheme_launch_date": "48"
     }
    ],
    "fund_manager": [
     {
      "managing_fund_since": "13-dec-21",
      "name": "Mr. Dhawal Dalal",
      "qualification": "",
      "total_exp": "26 years"
     },
     {
      "managing_fund_since": "13-dec-21",
      "name": "Mr. Rahul Dedhia",
      "qualification": "",
      "total_exp": "14 years"
     }
    ],
    "load": [
     {
      "comment": "Nil",
      "type": "exit"
     }
    ],
    "main_scheme_name": "Bharat Bond ETF APRIL 2032",
    "metrics": [
     {
      "name": "mod_duration",
      "value": "2032"
     }
    ],
    "monthly_aaum_date": "20250131",
    "monthly_aaum_value": "10,640.68 Crore",
    "mutual_fund_name": "Edelweiss Mutual Fund",
    "scheme_launch_date": "20211213"
   }
  },
  {
   "value": {
    "amc_name": "Edelweiss Asset Management Limited",
    "benchmark_index": [
     "Nifty BHARAT Bond Index – April 2033"
    ],
    "field_location": [
     {
      "amc_name": "49",
      "benchmark_index": "49",
      "count": 60,
      "creation_unit": "49",
      "fund_manager_managing_fund_since": "49",
      "fund_manager_name": "49",
      "fund_manager_total_exp": "49",
      "load_exit": "49",
      "main_scheme_name": "49",
      "metrics_mod_duration": "49",
      "monthly_aaum_date": "49",
      "monthly_aaum_value": "49",
      "mutual_fund_name": "49",
      "scheme_launch_date": "49"
     }
    ],
    "fund_manager": [
     {
      "managing_fund_since": "12-dec-22",
      "name": "Mr. Dhawal Dalal",
      "qualification": "",
      "total_exp": "26 years"
     },
     {
      "managing_fund_since": "12-dec-22",
      "name": "Mr. Rahul Dedhia",
      "qualification": "",
      "total_exp": "14 years"
     }
    ],
    "load": [
     {
      "comment": "Nil",
      "type": "exit"
     }
    ],
    "main_scheme_name": "Bharat Bond ETF APRIL 2033",
    "metrics": [
     {
      "name": "mod_duration",
      "value": "2033"
     }
    ],
    "monthly_aaum_date": "20250131",
    "monthly_aaum_value": "6,104.34 Crore",
    "mutual_fund_name": "Edelweiss Mutual Fund",
    "scheme_launch_date": "20221212"
   }
  },
  {
   "value": {
    "amc_name": "Edelweiss Asset Management Limited",
    "benchmark_index": [
     "CRISIL IBX 50:50 Gilt Plus SDL Index – April 2037"
    ],
    "field_location": [
     {
      "amc_name": "50",
      "benchmark_index": "50",
      "count": 60,
      "fund_manager_managing_fund_since": "50",
      "fund_manager_name": "50",
      "fund_manager_total_exp": "50",
      "load_exit": "50",
      "main_scheme_name": "50",
      "metrics_mod_duration": "50",
      "min_addl_amt": "50",
      "min_addl_amt_multiple": "50",
      "min_amt": "50",
      "min_amt_multiple": "50",
      "monthly_aaum_date": "50",
      "monthly_aaum_value": "50",
      "mutual_fund_name": "50",
      "scheme_launch_date": "50"
     }
    ],
    "fund_manager": [
     {
      "managing_fund_since": "11-oct-22",
      "name": "Mr. Dhawal Dalal",
      "qualification": "",
      "total_exp": "26 years"
     },
     {
      "managing_fund_since": "11-oct-22",
      "name": "Mr. Rahul Dedhia",
      "qualification": "",
      "total_exp": "14 years"
     }
    ],
    "load": [
     {
      "comment": "0.10% upto 30 days Nil after 30 days",
      "type": "exit"
     }
    ],
    "main_scheme_name": "Edelweiss CRISIL IBX 50:50 Gilt Plus SDL Apr 2037 Index Fund",
    "metrics": [
     {
      "name": "mod_duration",
      "value": "2037"
     }
    ],
    "min_addl_amt": "100",
    "min_addl_amt_multiple": "1",
    "min_amt": "100",
    "min_amt_multiple": "1",
    "monthly_aaum_date": "20250131",
    "monthly_aaum_value": "1,002.77 Crore",
    "mutual_fund_name": "Edelweiss Mutual Fund",
    "scheme_launch_date": "20221011"
   }
  },
  {
   "value": {
    "amc_name": "Edelweiss Asset Management Limited",
    "benchmark_index": [
     "Nifty 50 Total Return Index"
    ],
    "field_location": [
     {
      "amc_name": "51",
      "benchmark_index": "51",
      "count": 60,
      "fund_manager_managing_fund_since": "51",
      "fund_manager_name": "51",
      "fund_manager_total_exp": "51",
      "load_exit": "51",
      "main_scheme_name": "51",
      "min_addl_amt": "51",
      "min_addl_amt_multiple": "51",
      "min_amt": "51",
      "min_amt_multiple": "51",
      "monthly_aaum_date": "51",
      "monthly_aaum_value": "51",
      "mutual_fund_name": "51",
      "scheme_launch_date": "51"
     }
    ],
    "fund_manager": [
     {
      "managing_fund_since": "08 -may -15",
      "name": "Mr. Bhavesh Jain",
      "qualification": "",
      "total_exp": "16 years"
     },
     {
      "managing_fund_since": "01-oct-21",
      "name": "Mr. Bharat Lahoti",
      "qualification": "",
      "total_exp": "18 years"
     }
    ],
    "load": [
     {
      "comment": "Nil",
      "type": "exit"
     }
    ],
    "main_scheme_name": "Edelweiss Nifty 50 Index Fund",
    "min_addl_amt": "100",
    "min_addl_amt_multiple": "1",
    "min_amt": "100",
    "min_amt_multiple": "1",
    "monthly_aaum_date": "20250131",
    "monthly_aaum_value": "134.17 Crore",
    "mutual_fund_name": "Edelweiss Mutual Fund",
    "scheme_launch_date": "20150508"
   }
  },
  {
   "value": {
    "amc_name": "Edelweiss Asset Management Limited",
    "benchmark_index": [
     "Nifty 100 Quality 30 Total Return Index"
    ],
    "field_location": [
     {
      "amc_name": "52",
      "benchmark_index": "52",
      "count": 60,
      "fund_manager_managing_fund_since": "52",
      "fund_manager_name": "52",
      "fund_manager_total_exp": "52",
      "load_exit": "52",
      "main_scheme_name": "52",
      "min_addl_amt": "52",
      "min_addl_amt_multiple": "52",
      "min_amt": "52",
      "min_amt_multiple": "52",
      "monthly_aaum_date": "52",
      "monthly_aaum_value": "52",
      "mutual_fund_name": "52",
      "scheme_launch_date": "52"
     }
    ],
    "fund_manager": [
     {
      "managing_fund_since": "25-may-16",
      "name": "Mr. Bhavesh Jain",
      "qualification": "",
      "total_exp": "16 years"
     },
     {
      "managing_fund_since": "01-oct-21",
      "name": "Mr. Bharat Lahoti",
      "qualification": "",
      "total_exp": "18 years"
     }
    ],
    "load": [
     {
      "comment": "Nil",
      "type": "exit"
     }
    ],
    "main_scheme_name": "Edelweiss Nifty 100 Quality 30 Index Fund",
    "min_addl_amt": "100",
    "min_addl_amt_multiple": "1",
    "min_amt": "100",
    "min_amt_multiple": "1",
    "monthly_aaum_date": "20250131",
    "monthly_aaum_value": "154.78 Crore",
    "mutual_fund_name": "Edelweiss Mutual Fund",
    "scheme_launch_date": "20160525"
   }
  },
  {
   "value": {
    "amc_name": "Edelweiss Asset Management Limited",
    "benchmark_index": [
     "Nifty Bank TRI"
    ],
    "field_location": [
     {
      "amc_name": "53",
      "benchmark_index": "53",
      "count": 60,
      "creation_unit": "53",
      "fund_manager_managing_fund_since": "53",
      "fund_manager_name": "53",
      "fund_manager_total_exp": "53",
      "load_exit": "53",
      "main_scheme_name": "53",
      "monthly_aaum_date": "53",
      "monthly_aaum_value": "53",
      "mutual_fund_name": "53",
      "scheme_launch_date": "53"
     }
    ],
    "fund_manager": [
     {
      "managing_fund_since": "06-sep-24",
      "name": "Mr. Bhavesh Jain",
      "qualification": "",
      "total_exp": "16 years"
     }
    ],
    "load": [
     {
      "comment": "NIL",
      "type": "exit"
     }
    ],
    "main_scheme_name": "Edelweiss Nifty Bank ETF",
    "monthly_aaum_date": "20250131",
    "monthly_aaum_value": "9.47 Crore",
    "mutual_fund_name": "Edelweiss Mutual Fund",
    "scheme_launch_date": "20240906"
   }
  },
  {
   "value": {
    "amc_name": "Edelweiss Asset Management Limited",
    "benchmark_index": [
     "BSE Capital Markets & Insurance TRI"
    ],
    "field_location": [
     {
      "amc_name": "54",
      "benchmark_index": "54",
      "count": 60,
      "creation_unit": "54",
      "fund_manager_managing_fund_since": "54",
      "fund_manager_name": "54",
      "fund_manager_total_exp": "54",
      "load_exit": "54",
      "main_scheme_name": "54",
      "monthly_aaum_date": "54",
      "monthly_aaum_value": "54",
      "mutual_fund_name": "54",
      "scheme_launch_date": "54"
     }
    ],
    "fund_manager": [
     {
      "managing_fund_since": "30-dec-24",
      "name": "Mr. Bhavesh Jain",
      "qualification": "",
      "total_exp": "16 years"
     }
    ],
    "load": [
     {
      "comment": "Nil",
      "type": "exit"
     }
    ],
    "main_scheme_name": "Edelweiss BSE Capital Markets & Insurance ETF",
    "monthly_aaum_date": "20250131",
    "monthly_aaum_value": "10.83 Crore",
    "mutual_fund_name": "Edelweiss Mutual Fund",
    "scheme_launch_date": "20241230"
   }
  },
  {
   "value": {
    "amc_name": "Edelweiss Asset Management Limited",
    "benchmark_index": [
     "Nifty500 Multicap Momentum Quality 50 TRI"
    ],
    "field_location": [
     {
      "amc_name": "55",
      "benchmark_index": "55",
      "count": 60,
      "creation_unit": "55",
      "fund_manager_managing_fund_since": "55",
      "fund_manager_name": "55",
      "fund_manager_total_exp": "55",
      "load_exit": "55",
      "main_scheme_name": "55",
      "monthly_aaum_date": "55",
      "monthly_aaum_value": "55",
      "mutual_fund_name": "55",
      "scheme_launch_date": "55"
     }
    ],
    "fund_manager": [
     {
      "managing_fund_since": "31-oct-24",
      "name": "Mr. Bhavesh Jain",
      "qualification": "",
      "total_exp": "16 years"
     }
    ],
    "load": [
     {
      "comment": "Nil",
      "type": "exit"
     }
    ],
    "main_scheme_name": "Edelweiss Nifty500 Multicap Momentum Quality 50 ETF",
    "monthly_aaum_date": "20250131",
    "monthly_aaum_value": "19.18 Crore",
    "mutual_fund_name": "Edelweiss Mutual Fund",
    "scheme_launch_date": "20241031"
   }
  },
  {
   "value": {
    "amc_name": "Edelweiss Asset Management Limited",
    "benchmark_index": [
     "Nifty500 Multicap Momentum Quality 50 TRI"
    ],
    "field_location": [
     {
      "amc_name": "56",
      "benchmark_index": "56",
      "count": 60,
      "fund_manager_managing_fund_since": "56",
      "fund_manager_name": "56",
      "fund_manager_total_exp": "56",
      "load_exit": "56",
      "main_scheme_name": "56",
      "min_addl_amt": "56",
      "min_addl_amt_multiple": "56",
      "min_amt": "56",
      "min_amt_multiple": "56",
      "monthly_aaum_date": "56",
      "monthly_aaum_value": "56",
      "mutual_fund_name": "56",
      "scheme_launch_date": "56"
     }
    ],
    "fund_manager": [
     {
      "managing_fund_since": "31-oct-24",
      "name": "Mr. Bhavesh Jain",
      "qualification": "",
      "total_exp": "16 years"
     },
     {
      "managing_fund_since": "31-oct-24",
      "name": "Mr. Bharat Lahoti",
      "qualification": "",
      "total_exp": "18 years"
     }
    ],
    "load": [
     {
      "comment": "Nil",
      "type": "exit"
     }
    ],
    "main_scheme_name": "Edelweiss Nifty500 Multicap Momentum Quality 50 Index Fund",
    "min_addl_amt": "100",
    "min_addl_amt_multiple": "1",
    "min_amt": "100",
    "min_amt_multiple": "1",
    "monthly_aaum_date": "20250131",
    "monthly_aaum_value": "166.85 Crore",
    "mutual_fund_name": "Edelweiss Mutual Fund",
    "scheme_launch_date": "20241031"
   }
  },
  {
   "value": {
    "amc_name": "Edelweiss Asset Management Limited",
    "benchmark_index": [
     "Nifty Alpha Low Volatility 30 Index"
    ],
    "field_location": [
     {
      "amc_name": "57",
      "benchmark_index": "57",
      "count": 60,
      "fund_manager_managing_fund_since": "57",
      "fund_manager_name": "57",
      "fund_manager_total_exp": "57",
      "load_exit": "57",
      "main_scheme_name": "57",
      "metrics_alpha": "57",
      "min_addl_amt": "57",
      "min_addl_amt_multiple": "57",
      "min_amt": "57",
      "min_amt_multiple": "57",
      "monthly_aaum_date": "57",
      "monthly_aaum_value": "57",
      "mutual_fund_name": "57",
      "scheme_launch_date": "57"
     }
    ],
    "fund_manager": [
     {
      "managing_fund_since": "24-may-24",
      "name": "Mr. Bhavesh Jain",
      "qualification": "",
      "total_exp": "16 years"
     }
    ],
    "load": [
     {
      "comment": "0.10% upto 15 days Nil after 15 days",
      "type": "exit"
     }
    ],
    "main_scheme_name": "Edelweiss Nifty Alpha Low Volatility 30 Index Fund",
    "metrics": [
     {
      "name": "alpha",
      "value": "30"
     }
    ],
    "min_addl_amt": "100",
    "min_addl_amt_multiple": "1",
    "min_amt": "100",
    "min_amt_multiple": "1",
    "monthly_aaum_date": "20250131",
    "monthly_aaum_value": "122.78 Crore",
    "mutual_fund_name": "Edelweiss Mutual Fund",
    "scheme_launch_date": "20240524"
   }
  },
  {
   "value": {
    "amc_name": "Edelweiss Asset Management Limited",
    "benchmark_index": [
     "MSCI India Domestic & World Healthcare 45 Index"
    ],
    "field_location": [
     {
      "amc_name": "58",
      "benchmark_index": "58",
      "count": 60,
      "fund_manager_managing_fund_since": "58",
      "fund_manager_name": "58",
      "fund_manager_total_exp": "58",
      "load_exit": "58",
      "main_scheme_name": "58",
      "min_addl_amt": "58",
      "min_addl_amt_multiple": "58",
      "min_amt": "58",
      "min_amt_multiple": "58",
      "monthly_aaum_date": "58",
      "monthly_aaum_value": "58",
      "mutual_fund_name": "58",
      "scheme_launch_date": "58"
     }
    ],
    "fund_manager": [
     {
      "managing_fund_since": "01-oct-21",
      "name": "Mr. Bhavesh Jain",
      "qualification": "",
      "total_exp": "16 years"
     },
     {
      "managing_fund_since": "12-feb-21",
      "name": "Mr. Amit Vora",
      "qualification": "",
      "total_exp": "16 years"
     }
    ],
    "load": [
     {
      "comment": "Nil",
      "type": "exit"
     }
    ],
    "main_scheme_name": "Edelweiss MSCI India Domestic & World Healthcare 45 Index Fund",
    "min_addl_amt": "100",
    "min_addl_amt_multiple": "1",
    "min_amt": "100",
    "min_amt_multiple": "1",
    "monthly_aaum_date": "20250131",
    "monthly_aaum_value": "152.76 Crore",
    "mutual_fund_name": "Edelweiss Mutual Fund",
    "scheme_launch_date": "20201026"
   }
  },
  {
   "value": {
    "amc_name": "Edelweiss Asset Management Limited",
    "benchmark_index": [
     "NIFTY LargeMidcap 250 Index TRI"
    ],
    "field_location": [
     {
      "amc_name": "59",
      "benchmark_index": "59",
      "count": 60,
      "fund_manager_managing_fund_since": "59",
      "fund_manager_name": "59",
      "fund_manager_total_exp": "59",
      "load_exit": "59",
      "main_scheme_name": "59",
      "min_addl_amt": "59",
      "min_addl_amt_multiple": "59",
      "min_amt": "59",
      "min_amt_multiple": "59",
      "monthly_aaum_date": "59",
      "monthly_aaum_value": "59",
      "mutual_fund_name": "59",
      "scheme_launch_date": "59"
     }
    ],
    "fund_manager": [
     {
      "managing_fund_since": "01-dec-21",
      "name": "Mr. Bhavesh Jain",
      "qualification": "",
      "total_exp": "16 years"
     }
    ],
    "load": [
     {
      "comment": "Nil",
      "type": "exit"
     }
    ],
    "main_scheme_name": "Edelweiss Nifty Large Mid Cap 250 Index Fund",
    "min_addl_amt": "100",
    "min_addl_amt_multiple": "1",
    "min_amt": "100",
    "min_amt_multiple": "1",
    "monthly_aaum_date": "20250131",
    "monthly_aaum_value": "233.57 Crore",
    "mutual_fund_name": "Edelweiss Mutual Fund",
    "scheme_launch_date": "20211201"
   }
  },
  {
   "value": {
    "amc_name": "Edelweiss Asset Management Limited",
    "benchmark_index": [
     "Nifty Next 50 TRI"
    ],
    "field_location": [
     {
      "amc_name": "60",
      "benchmark_index": "60",
      "count": 60,
      "fund_manager_managing_fund_since": "60",
      "fund_manager_name": "60",
      "fund_manager_total_exp": "60",
      "load_exit": "60",
      "main_scheme_name": "60",
      "min_addl_amt": "60",
      "min_addl_amt_multiple": "60",
      "min_amt": "60",
      "min_amt_multiple": "60",
      "monthly_aaum_date": "60",
      "monthly_aaum_value": "60",
      "mutual_fund_name": "60",
      "scheme_launch_date": "60"
     }
    ],
    "fund_manager": [
     {
      "managing_fund_since": "30-nov-2022",
      "name": "Mr. Bhavesh Jain",
      "qualification": "",
      "total_exp": "16 years"
     }
    ],
    "load": [
     {
      "comment": "Nil",
      "type": "exit"
     }
    ],
    "main_scheme_name": "Edelweiss Nifty Next 50 Index Fund",
    "min_addl_amt": "100",
    "min_addl_amt_multiple": "1",
    "min_amt": "100",
    "min_amt_multiple": "1",
    "monthly_aaum_date": "20250131",
    "monthly_aaum_value": "103.95 Crore",
    "mutual_fund_name": "Edelweiss Mutual Fund",
    "scheme_launch_date": "20221130"
   }
  },
  {
   "value": {
    "amc_name": "Edelweiss Asset Management Limited",
    "benchmark_index": [
     "Nifty Midcap150 Momentum 50 TRI"
    ],
    "field_location": [
     {
      "amc_name": "61",
      "benchmark_index": "61",
      "count": 60,
      "fund_manager_managing_fund_since": "61",
      "fund_manager_name": "61",
      "fund_manager_total_exp": "61",
      "load_exit": "61",
      "main_scheme_name": "61",
      "min_addl_amt": "61",
      "min_addl_amt_multiple": "61",
      "min_amt": "61",
      "min_amt_multiple": "61",
      "monthly_aaum_date": "61",
      "monthly_aaum_value": "61",
      "mutual_fund_name": "61",
      "scheme_launch_date": "61"
     }
    ],
    "fund_manager": [
     {
      "managing_fund_since": "30-nov-2022",
      "name": "Mr. Bhavesh Jain",
      "qualification": "",
      "total_exp": "16 years"
     },
     {
      "managing_fund_since": "30-nov-2022",
      "name": "Mr. Bharat Lahoti",
      "qualification": "",
      "total_exp": "18 years"
     }
    ],
    "load": [
     {
      "comment": "Nil • If the units are redeemed / switched out on or before 30 days from the date of allotment – 0.50%. • If the units are redeemed / switched out after 30 days from the date of allotment – Nil",
      "type": "exit"
     }
    ],
    "main_scheme_name": "Edelweiss Nifty Midcap 150 Momentum 50 Index Fund",
    "min_addl_amt": "100",
    "min_addl_amt_multiple": "1",
    "min_amt": "100",
    "min_amt_multiple": "1",
    "monthly_aaum_date": "20250131",
    "monthly_aaum_value": "783.95 Crore",
    "mutual_fund_name": "Edelweiss Mutual Fund",
    "scheme_launch_date": "20221130"
   }
  },
  {
   "value": {
    "amc_name": "Edelweiss Asset Management Limited",
    "benchmark_index": [
     "Nifty Smallcap 250 TRI"
    ],
    "field_location": [
     {
      "amc_name": "62",
      "benchmark_index": "62",
      "count": 60,
      "fund_manager_managing_fund_since": "62",
      "fund_manager_name": "62",
      "fund_manager_total_exp": "62",
      "load_exit": "62",
      "main_scheme_name": "62",
      "min_addl_amt": "62",
      "min_addl_amt_multiple": "62",
      "min_amt": "62",
      "min_amt_multiple": "62",
      "monthly_aaum_date": "62",
      "monthly_aaum_value": "62",
      "mutual_fund_name": "62",
      "scheme_launch_date": "62"
     }
    ],
    "fund_manager": [
     {
      "managing_fund_since": "30-nov-2022",
      "name": "Mr. Bhavesh Jain",
      "qualification": "",
      "total_exp": "16 years"
     }
    ],
    "load": [
     {
      "comment": "Nil",
      "type": "exit"
     }
    ],
    "main_scheme_name": "Edelweiss Nifty Smallcap 250 Index Fund",
    "min_addl_amt": "100",
    "min_addl_amt_multiple": "1",
    "min_amt": "100",
    "min_amt_multiple": "1",
    "monthly_aaum_date": "20250131",
    "monthly_aaum_value": "99.49 Crore",
    "mutual_fund_name": "Edelweiss Mutual Fund",
    "scheme_launch_date": "20221130"
   }
  },
  {
   "value": {
    "amc_name": "Edelweiss Asset Management Limited",
    "benchmark_index": [
     "Nifty BHARAT Bond Index – April 2025"
    ],
    "field_location": [
     {
      "amc_name": "63",
      "benchmark_index": "63",
      "count": 60,
      "fund_manager_managing_fund_since": "63",
      "fund_manager_name": "63",
      "fund_manager_total_exp": "63",
      "load_exit": "63",
      "main_scheme_name": "63",
      "min_addl_amt": "63",
      "min_addl_amt_multiple": "63",
      "min_amt": "63",
      "min_amt_multiple": "63",
      "monthly_aaum_date": "63",
      "monthly_aaum_value": "63",
      "mutual_fund_name": "63",
      "scheme_launch_date": "63"
     }
    ],
    "fund_manager": [
     {
      "managing_fund_since": "23-nov-21",
      "name": "Mr. Rahul Dedhia",
      "qualification": "",
      "total_exp": "14 years"
     },
     {
      "managing_fund_since": "01-jul-24",
      "name": "Ms. Pranavi",
      "qualification": "",
      "total_exp": "17 years"
     }
    ],
    "load": [
     {
      "comment": "• If redeemed or switched out on or before completion of 30 days from the date of allotment of units –0.10% • If redeemed or switched out after completion of 30 days from the date of allotment of units –NIL",
      "type": "exit"
     }
    ],
    "main_scheme_name": "Bharat Bond FOF APRIL 2025",
    "min_addl_amt": "100",
    "min_addl_amt_multiple": "1",
    "min_amt": "100",
    "min_amt_multiple": "1",
    "monthly_aaum_date": "20250131",
    "monthly_aaum_value": "4,178.63 Crore",
    "mutual_fund_name": "Edelweiss Mutual Fund",
    "scheme_launch_date": "20200723"
   }
  },
  {
   "value": {
    "amc_name": "Edelweiss Asset Management Limited",
    "benchmark_index": [
     "Nifty BHARAT Bond Index – April 2030"
    ],
    "field_location": [
     {
      "amc_name": "64",
      "benchmark_index": "64",
      "count": 60,
      "fund_manager_managing_fund_since": "64",
      "fund_manager_name": "64",
      "fund_manager_total_exp": "64",
      "load_exit": "64",
      "main_scheme_name": "64",
      "metrics_mod_duration": "64",
      "min_addl_amt": "64",
      "min_addl_amt_multiple": "64",
      "min_amt": "64",
      "min_amt_multiple": "64",
      "monthly_aaum_date": "64",
      "monthly_aaum_value": "64",
      "mutual_fund_name": "64",
      "scheme_launch_date": "64"
     }
    ],
    "fund_manager": [
     {
      "managing_fund_since": "23-nov-21",
      "name": "Mr. Rahul Dedhia",
      "qualification": "",
      "total_exp": "14 years"
     },
     {
      "managing_fund_since": "01-jul-24",
      "name": "Ms. Pranavi",
      "qualification": "",
      "total_exp": "17 years"
     }
    ],
    "load": [
     {
      "comment": "• If redeemed or switched out on or before completion of 30 days from the date of allotment of units –0.10% • If redeemed or switched out after completion of 30 days from the date of allotment of units –NIL",
      "type": "exit"
     }
    ],
    "main_scheme_name": "Bharat Bond FOF APRIL 2030",
    "metrics": [
     {
      "name": "mod_duration",
      "value": "2030"
     }
    ],
    "min_addl_amt": "100",
    "min_addl_amt_multiple": "1",
    "min_amt": "100",
    "min_amt_multiple": "1",
    "monthly_aaum_date": "20250131",
    "monthly_aaum_value": "6,937.46 Crore",
    "mutual_fund_name": "Edelweiss Mutual Fund",
    "scheme_launch_date": "20191230"
   }
  },
  {
   "value": {
    "amc_name": "Edelweiss Asset Management Limited",
    "benchmark_index": [
     "Nifty BHARAT Bond Index – April 2031"
    ],
    "field_location": [
     {
      "amc_name": "65",
      "benchmark_index": "65",
      "count": 60,
      "fund_manager_managing_fund_since": "65",
      "fund_manager_name": "65",
      "fund_manager_total_exp": "65",
      "load_exit": "65",
      "main_scheme_name": "65",
      "metrics_mod_duration": "65",
      "min_addl_amt": "65",
      "min_addl_amt_multiple": "65",
      "min_amt": "65",
      "min_amt_multiple": "65",
      "monthly_aaum_date": "65",
      "monthly_aaum_value": "65",
      "mutual_fund_name": "65",
      "scheme_launch_date": "65"
     }
    ],
    "fund_manager": [
     {
      "managing_fund_since": "23-nov-21",
      "name": "Mr. Rahul Dedhia",
      "qualification": "",
      "total_exp": "14 years"
     },
     {
      "managing_fund_since": "01-jul-24",
      "name": "Ms. Pranavi",
      "qualification": "",
      "total_exp": "17 years"
     }
    ],
    "load": [
     {
      "comment": "• If redeemed or switched out on or before completion of 30 days from the date of allotment of units –0.10% • If redeemed or switched out after completion of 30 days from the date of allotment of units –NIL",
      "type": "exit"
     }
    ],
    "main_scheme_name": "Bharat Bond FOF APRIL 2031",
    "metrics": [
     {
      "name": "mod_duration",
      "value": "2031"
     }
    ],
    "min_addl_amt": "100",
    "min_addl_amt_multiple": "1",
    "min_amt": "100",
    "min_amt_multiple": "1",
    "monthly_aaum_date": "20250131",
    "monthly_aaum_value": "4,705.83 Crore",
    "mutual_fund_name": "Edelweiss Mutual Fund",
    "scheme_launch_date": "20200723"
   }
  },
  {
   "value": {
    "amc_name": "Edelweiss Asset Management Limited",
    "benchmark_index": [
     "Nifty BHARAT Bond Index – April 2032"
    ],
    "field_location": [
     {
      "amc_name": "66",
      "benchmark_index": "66",
      "count": 60,
      "fund_manager_managing_fund_since": "66",
      "fund_manager_name": "66",
      "fund_manager_total_exp": "66",
      "load_exit": "66",
      "main_scheme_name": "66",
      "metrics_mod_duration": "66",
      "min_addl_amt": "66",
      "min_addl_amt_multiple": "66",
      "min_amt": "66",
      "min_amt_multiple": "66",
      "monthly_aaum_date": "66",
      "monthly_aaum_value": "66",
      "mutual_fund_name": "66",
      "scheme_launch_date": "66"
     }
    ],
    "fund_manager": [
     {
      "managing_fund_since": "15-dec-21",
      "name": "Mr. Rahul Dedhia",
      "qualification": "",
      "total_exp": "14 years"
     },
     {
      "managing_fund_since": "01-jul-24",
      "name": "Ms. Pranavi",
      "qualification": "",
      "total_exp": "17 years"
     }
    ],
    "load": [
     {
      "comment": "• If redeemed or switched out on or before completion of 30 days from the date of allotment of units –0.10% • If redeemed or switched out after completion of 30 days from the date of allotment of units –NIL",
      "type": "exit"
     }
    ],
    "main_scheme_name": "Bharat Bond ETF FOF APRIL 2032",
    "metrics": [
     {
      "name": "mod_duration",
      "value": "2032"
     }
    ],
    "min_addl_amt": "100",
    "min_addl_amt_multiple": "1",
    "min_amt": "100",
    "min_amt_multiple": "1",
    "monthly_aaum_date": "20250131",
    "monthly_aaum_value": "4,468.79 Crore",
    "mutual_fund_name": "Edelweiss Mutual Fund",
    "scheme_launch_date": "20211215"
   }
  },
  {
   "value": {
    "amc_name": "Edelweiss Asset Management Limited",
    "benchmark_index": [
     "Nifty BHARAT Bond Index - April 2033"
    ],
    "field_location": [
     {
      "amc_name": "67",
      "benchmark_index": "67",
      "count": 60,
      "fund_manager_managing_fund_since": "67",
      "fund_manager_name": "67",
      "fund_manager_total_exp": "67",
      "load_exit": "67",
      "main_scheme_name": "67",
      "metrics_mod_duration": "67",
      "min_addl_amt": "67",
      "min_addl_amt_multiple": "67",
      "min_amt": "67",
      "min_amt_multiple": "67",
      "monthly_aaum_date": "67",
      "monthly_aaum_value": "67",
      "mutual_fund_name": "67",
      "scheme_launch_date": "67"
     }
    ],
    "fund_manager": [
     {
      "managing_fund_since": "14-dec-22",
      "name": "Mr. Rahul Dedhia",
      "qualification": "",
      "total_exp": "14 years"
     },
     {
      "managing_fund_since": "01-jul-24",
      "name": "Ms. Pranavi",
      "qualification": "",
      "total_exp": "17 years"
     }
    ],
    "load": [
     {
      "comment": "• If redeemed or switched out on or before completion of 30 days from the date of allotment of units –0.10% • If redeemed or switched out after completion of 30 days from the date of allotment of units –NIL",
      "type": "exit"
     }
    ],
    "main_scheme_name": "Bharat Bond ETF FOF APRIL 2033",
    "metrics": [
     {
      "name": "mod_duration",
      "value": "2033"
     }
    ],
    "min_addl_amt": "100",
    "min_addl_amt_multiple": "1",
    "min_amt": "100",
    "min_amt_multiple": "1",
    "monthly_aaum_date": "20250131",
    "monthly_aaum_value": "2,297.60 Crore",
    "mutual_fund_name": "Edelweiss Mutual Fund",
    "scheme_launch_date": "20221214"
   }
  },
  {
   "value": {
    "amc_name": "Edelweiss Asset Management Limited",
    "benchmark_index": [
     "MSCI Golden Dragon Index"
    ],
    "field_location": [
     {
      "amc_name": "68",
      "benchmark_index": "68",
      "count": 60,
      "fund_manager_managing_fund_since": "68",
      "fund_manager_name": "68",
      "fund_manager_total_exp": "68",
      "load_exit": "68",
      "main_scheme_name": "68",
      "min_addl_amt": "68",
      "min_addl_amt_multiple": "68",
      "min_amt": "68",
      "min_amt_multiple": "68",
      "monthly_aaum_date": "68",
      "monthly_aaum_value": "68",
      "mutual_fund_name": "68",
      "scheme_launch_date": "68"
     }
    ],
    "fund_manager": [
     {
      "managing_fund_since": "27-sep-2019",
      "name": "Mr. Bhavesh Jain",
      "qualification": "",
      "total_exp": "16 years"
     },
     {
      "managing_fund_since": "01-oct-2021",
      "name": "Mr. Bharat Lahoti",
      "qualification": "",
      "total_exp": "18 years"
     }
    ],
    "load": [
     {
      "comment": "• If the units are redeemed / switched out on or before 90 days from the date of allotment – 1.00% • If the units are redeemed / switched out after 90 days from the date of allotment – Nil",
      "type": "exit"
     }
    ],
    "main_scheme_name": "Edelweiss Greater China Equity Off-Shore Fund",
    "min_addl_amt": "100",
    "min_addl_amt_multiple": "1",
    "min_amt": "100",
    "min_amt_multiple": "1",
    "monthly_aaum_date": "20250131",
    "monthly_aaum_value": "1,666.78 Crore",
    "mutual_fund_name": "Edelweiss Mutual Fund",
    "scheme_launch_date": "20090826"
   }
  },
  {
   "value": {
    "amc_name": "Edelweiss Asset Management Limited",
    "benchmark_index": [
     "Russel 1000 Equal Weighted Technology Index"
    ],
    "field_location": [
     {
      "amc_name": "69",
      "benchmark_index": "69",
      "count": 60,
      "fund_manager_managing_fund_since": "69",
      "fund_manager_name": "69",
      "fund_manager_total_exp": "69",
      "load_exit": "69",
      "main_scheme_name": "69",
      "min_addl_amt": "69",
      "min_addl_amt_multiple": "69",
      "min_amt": "69",
      "min_amt_multiple": "69",
      "monthly_aaum_date": "69",
      "monthly_aaum_value": "69",
      "mutual_fund_name": "69",
      "scheme_launch_date": "69"
     }
    ],
    "fund_manager": [
     {
      "managing_fund_since": "05-mar-2020",
      "name": "Mr. Bhavesh Jain",
      "qualification": "",
      "total_exp": "16 years"
     },
     {
      "managing_fund_since": "01-oct-2021",
      "name": "Mr. Bharat Lahoti",
      "qualification": "",
      "total_exp": "18 years"
     }
    ],
    "load": [
     {
      "comment": "• If the units are redeemed / switched out on or before 90 days from the date of allotment – 1.00% • If the units are redeemed / switched out after 90 days from the date of allotment – Nil",
      "type": "exit"
     }
    ],
    "main_scheme_name": "Edelweiss US Technology Equity Fund of Fund",
    "min_addl_amt": "100",
    "min_addl_amt_multiple": "1",
    "min_amt": "100",
    "min_amt_multiple": "1",
    "monthly_aaum_date": "20250131",
    "monthly_aaum_value": "2,973.49 Crore",
    "mutual_fund_name": "Edelweiss Mutual Fund",
    "scheme_launch_date": "20200305"
   }
  },
  {
   "value": {
    "amc_name": "Edelweiss Asset Management Limited",
    "benchmark_index": [
     "MSCI Emerging Markets Index"
    ],
    "field_location": [
     {
      "amc_name": "70",
      "benchmark_index": "70",
      "count": 60,
      "fund_manager_managing_fund_since": "70",
      "fund_manager_name": "70",
      "fund_manager_total_exp": "70",
      "load_exit": "70",
      "main_scheme_name": "70",
      "min_addl_amt": "70",
      "min_addl_amt_multiple": "70",
      "min_amt": "70",
      "min_amt_multiple": "70",
      "monthly_aaum_date": "70",
      "monthly_aaum_value": "70",
      "mutual_fund_name": "70",
      "scheme_launch_date": "70"
     }
    ],
    "fund_manager": [
     {
      "managing_fund_since": "27-sep-2019",
      "name": "Mr. Bhavesh Jain",
      "qualification": "",
      "total_exp": "16 years"
     },
     {
      "managing_fund_since": "01-oct-2021",
      "name": "Mr. Bharat Lahoti",
      "qualification": "",
      "total_exp": "18 years"
     }
    ],
    "load": [
     {
      "comment": "• If the units are redeemed / switched out on or before 90 days from the date of allotment – 1.00% • If the units are redeemed / switched out after 90 days from the date of allotment – Nil",
      "type": "exit"
     }
    ],
    "main_scheme_name": "Edelweiss Emerging Markets Opportunities Equity Offshore Fund",
    "min_addl_amt": "100",
    "min_addl_amt_multiple": "1",
    "min_amt": "100",
    "min_amt_multiple": "1",
    "monthly_aaum_date": "20250131",
    "monthly_aaum_value": "116.39 Crore",
    "mutual_fund_name": "Edelweiss Mutual Fund",
    "scheme_launch_date": "20140707"
   }
  },
  {
   "value": {
    "amc_name": "Edelweiss Asset Management Limited",
    "benchmark_index": [
     "MSCI AC ASEAN 10/40 Index**"
    ],
    "field_location": [
     {
      "amc_name": "71",
      "benchmark_index": "71",
      "count": 60,
      "fund_manager_managing_fund_since": "71",
      "fund_manager_name": "71",
      "fund_manager_total_exp": "71",
      "load_exit": "71",
      "main_scheme_name": "71",
      "min_addl_amt": "71",
      "min_addl_amt_multiple": "71",
      "min_amt": "71",
      "min_amt_multiple": "71",
      "monthly_aaum_date": "71",
      "monthly_aaum_value": "71",
      "mutual_fund_name": "71",
      "scheme_launch_date": "71"
     }
    ],
    "fund_manager": [
     {
      "managing_fund_since": "27-sep-2019",
      "name": "Mr. Bhavesh Jain",
      "qualification": "",
      "total_exp": "16 years"
     },
     {
      "managing_fund_since": "01-oct-2021",
      "name": "Mr. Bharat Lahoti",
      "qualification": "",
      "total_exp": "18 years"
     }
    ],
    "load": [
     {
      "comment": "• If the units are redeemed / switched out on or before 90 days from the date of allotment – 1.00% • If the units are redeemed / switched out after 90 days from the date of allotment – Nil",
      "type": "exit"
     }
    ],
    "main_scheme_name": "Edelweiss Asean Equity Off-Shore Fund",
    "min_addl_amt": "100",
    "min_addl_amt_multiple": "1",
    "min_amt": "100",
    "min_amt_multiple": "1",
    "monthly_aaum_date": "20250131",
    "monthly_aaum_value": "96.93 Crore",
    "mutual_fund_name": "Edelweiss Mutual Fund",
    "scheme_launch_date": "20110701"
   }
  },
  {
   "value": {
    "amc_name": "Edelweiss Asset Management Limited",
    "benchmark_index": [
     "MSCI Europe TR Index"
    ],
    "field_location": [
     {
      "amc_name": "72",
      "benchmark_index": "72",
      "count": 60,
      "fund_manager_managing_fund_since": "72",
      "fund_manager_name": "72",
      "fund_manager_total_exp": "72",
      "load_exit": "72",
      "main_scheme_name": "72",
      "min_addl_amt": "72",
      "min_addl_amt_multiple": "72",
      "min_amt": "72",
      "min_amt_multiple": "72",
      "monthly_aaum_date": "72",
      "monthly_aaum_value": "72",
      "mutual_fund_name": "72",
      "scheme_launch_date": "72"
     }
    ],
    "fund_manager": [
     {
      "managing_fund_since": "27-sep-2019",
      "name": "Mr. Bhavesh Jain",
      "qualification": "",
      "total_exp": "16 years"
     },
     {
      "managing_fund_since": "01-oct-2021",
      "name": "Mr. Bharat Lahoti",
      "qualification": "",
      "total_exp": "18 years"
     }
    ],
    "load": [
     {
      "comment": "• If the units are redeemed / switched out on or before 90 days from the date of allotment – 1.00% • If the units are redeemed / switched out after 90 days from the date of allotment – Nil",
      "type": "exit"
     }
    ],
    "main_scheme_name": "Edelweiss Europe Dynamic Equity Off-Shore Fund",
    "min_addl_amt": "100",
    "min_addl_amt_multiple": "1",
    "min_amt": "100",
    "min_amt_multiple": "1",
    "monthly_aaum_date": "20250131",
    "monthly_aaum_value": "78.29 Crore",
    "mutual_fund_name": "Edelweiss Mutual Fund",
    "scheme_launch_date": "20140207"
   }
  },
  {
   "value": {
    "amc_name": "Edelweiss Asset Management Limited",
    "benchmark_index": [
     "Russell 1000 TR Index"
    ],
    "field_location": [
     {
      "amc_name": "73",
      "benchmark_index": "73",
      "count": 60,
      "fund_manager_managing_fund_since": "73",
      "fund_manager_name": "73",
      "fund_manager_total_exp": "73",
      "load_exit": "73",
      "main_scheme_name": "73",
      "min_addl_amt": "73",
      "min_addl_amt_multiple": "73",
      "min_amt": "73",
      "min_amt_multiple": "73",
      "monthly_aaum_date": "73",
      "monthly_aaum_value": "73",
      "mutual_fund_name": "73",
      "scheme_launch_date": "73"
     }
    ],
    "fund_manager": [
     {
      "managing_fund_since": "27-sep-2019",
      "name": "Mr. Bhavesh Jain",
      "qualification": "",
      "total_exp": "16 years"
     },
     {
      "managing_fund_since": "01-oct-2021",
      "name": "Mr. Bharat Lahoti",
      "qualification": "",
      "total_exp": "18 years"
     }
    ],
    "load": [
     {
      "comment": "• If the units are redeemed / switched out on or before 90 days from the date of allotment – 1.00% • If the units are redeemed / switched out after 90 days from the date of allotment – Nil",
      "type": "exit"
     }
    ],
    "main_scheme_name": "Edelweiss US Value Equity Off-Shore Fund",
    "min_addl_amt": "100",
    "min_addl_amt_multiple": "1",
    "min_amt": "100",
    "min_amt_multiple": "1",
    "monthly_aaum_date": "20250131",
    "monthly_aaum_value": "164.46 Crore",
    "mutual_fund_name": "Edelweiss Mutual Fund",
    "scheme_launch_date": "20130807"
   }
  }
 ]
}