{
    "metadata": {
        "document_name": "35_17126_May-2025_1747282059_SID.pdf",
        "file_type": "sid",
        "process_date": "20250528"
    },
    "value": {
        "amc_name": "Sbi Asset Management Limited",
        "benchmark_index": "Nifty200  Quality  30  Index",
        "close_date": "29/05/2025",
        "face_value": "Rs.10",
        "field_location": {
            "benchmark_index": 0,
            "close_date": 0,
            "fund_manager": 0,
            "load": 0,
            "main_scheme_name": 0,
            "min_addl_amt": 0,
            "min_addl_amt_multiple": 0,
            "min_amt": 0,
            "min_amt_multiple": 0,
            "offer_price": 0,
            "open_date": 0,
            "scheme_code": 0,
            "scheme_objective": 0,
            "suitable_for_investors": 0,
            "type_of_scheme": 0
        },
        "fund_manager": [
            {
                "name": "Mr. Viral Chhadva",
                "experience": "17 years",
                "qualification": "CFA Charter Holder from CFA Institute, USA, Master\u2019s in Financial Management (MFM) from Jamnalal Bajaj Institute of Management Studies (JBIMS)"
            }
        ],
        "load": [
            {
                "comment": "\u2022 For exit on or before 15 days from the date of allotment \u2013 0.25%   \u2022 For exit after 15 days from the date of allotment \u2013 Nil  The AMC reserves the right to modify / change the load structure on a  prospective basis.",
                "type": "exit_load",
                "value": ""
            }
        ],
        "main_scheme_name": "SBI Nifty200 Quality 30 Index Fund",
        "min_addl_amt": "1000",
        "min_addl_amt_multiple": "1",
        "min_amt": "5000",
        "min_amt_multiple": "1",
        "mutual_fund_name": "Sbi Mutual Fund",
        "offer_price": "Rs.10",
        "open_date": "16/05/2025",
        "riskometer_benchmark": null,
        "riskometer_scheme": null,
        "scheme_code": "SBIM/O/O/EIN/25/01/0191",
        "scheme_objective": "The  investment  objective  of  the  scheme  is  to  provide  returns  that  correspond to the total returns of the securities as represented by the  underlying index, subject to tracking error.   However,  there  is  no  guarantee  or  assurance  that  the  investment  objective of the scheme will be achieved.",
        "suitable_for_investors": "*: \u2022 Long term capital appreciation \u2022 Investment in securities covered by Nifty200 Quality 30 index *",
        "type_of_scheme": "An open-ended scheme replicating/ tracking SBI Nifty200 Quality 30  ETF."
    }
}