{
 "metadata": {
  "document_name": "1_31-Jan-25_FS.pdf",
  "file_type": "fs",
  "process_date": "20250213"
 },
 "records": [
  {
   "value": {
    "amc_name": "Axis Asset Management Company Limited",
    "benchmark_index": [
     "riskometer and PRC, please refer to page no 50 55."
    ],
    "field_location": [
     {
      "amc_name": "7",
      "benchmark_index": "7",
      "count": 30,
      "fund_manager_managing_fund_since": "7",
      "fund_manager_name": "7",
      "fund_manager_total_exp": "7",
      "main_scheme_name": "7",
      "metrics_average_div_yield": "7",
      "metrics_average_pb": "7",
      "metrics_average_pe": "7",
      "metrics_tracking_error": "7",
      "min_amt": "7",
      "monthly_aaum_date": "7",
      "mutual_fund_name": "7"
     }
    ],
    "fund_manager": [
     {
      "managing_fund_since": "3rd august 2023",
      "name": "Mr. Karthik Kumar",
      "qualification": "",
      "total_exp": "15 years"
     },
     {
      "managing_fund_since": "",
      "name": "Index Facts",
      "qualification": "",
      "total_exp": ""
     },
     {
      "managing_fund_since": "",
      "name": "E Multiple",
      "qualification": "",
      "total_exp": ""
     },
     {
      "managing_fund_since": "",
      "name": "B Multiple",
      "qualification": "",
      "total_exp": ""
     },
     {
      "managing_fund_since": "",
      "name": "Dividend Yield",
      "qualification": "",
      "total_exp": ""
     }
    ],
    "main_scheme_name": "Axis Nifty 100 Index Fund",
    "metrics": [
     {
      "name": "average_pe",
      "value": "22.29"
     },
     {
      "name": "average_pb",
      "value": "3.57"
     },
     {
      "name": "average_div_yield",
      "value": "1.25"
     },
     {
      "name": "tracking_error",
      "value": "1"
     }
    ],
    "min_amt": "50",
    "monthly_aaum_date": "20250131",
    "mutual_fund_name": "Axis Mutual Fund"
   }
  },
  {
   "value": {
    "amc_name": "Axis Asset Management Company Limited",
    "benchmark_index": [
     "riskometer and PRC, please refer to page no 50 55."
    ],
    "field_location": [
     {
      "amc_name": "8",
      "benchmark_index": "8",
      "count": 30,
      "fund_manager_managing_fund_since": "8",
      "fund_manager_name": "8",
      "fund_manager_total_exp": "8",
      "main_scheme_name": "8",
      "metrics_average_div_yield": "8",
      "metrics_average_pb": "8",
      "metrics_average_pe": "8",
      "metrics_tracking_error": "8",
      "min_amt": "8",
      "monthly_aaum_date": "8",
      "mutual_fund_name": "8"
     }
    ],
    "fund_manager": [
     {
      "managing_fund_since": "3rd august 2023",
      "name": "Mr. Karthik Kumar",
      "qualification": "",
      "total_exp": "15 years"
     },
     {
      "managing_fund_since": "",
      "name": "Index Facts",
      "qualification": "",
      "total_exp": ""
     },
     {
      "managing_fund_since": "",
      "name": "E Multiple",
      "qualification": "",
      "total_exp": ""
     },
     {
      "managing_fund_since": "",
      "name": "B Multiple",
      "qualification": "",
      "total_exp": ""
     },
     {
      "managing_fund_since": "",
      "name": "Dividend Yield",
      "qualification": "",
      "total_exp": ""
     }
    ],
    "main_scheme_name": "Axis Nifty 50 Index Fund",
    "metrics": [
     {
      "name": "average_pe",
      "value": "21.84"
     },
     {
      "name": "average_pb",
      "value": "3.54"
     },
     {
      "name": "average_div_yield",
      "value": "1.27"
     },
     {
      "name": "tracking_error",
      "value": "1"
     }
    ],
    "min_amt": "50",
    "monthly_aaum_date": "20250131",
    "mutual_fund_name": "Axis Mutual Fund"
   }
  },
  {
   "value": {
    "amc_name": "Axis Asset Management Company Limited",
    "benchmark_index": [
     "riskometer and PRC, please refer to page no 50 55."
    ],
    "field_location": [
     {
      "amc_name": "9",
      "benchmark_index": "9",
      "count": 30,
      "fund_manager_managing_fund_since": "9",
      "fund_manager_name": "9",
      "fund_manager_total_exp": "9",
      "main_scheme_name": "9",
      "metrics_average_div_yield": "9",
      "metrics_average_pb": "9",
      "metrics_average_pe": "9",
      "metrics_tracking_error": "9",
      "min_amt": "9",
      "monthly_aaum_date": "9",
      "mutual_fund_name": "9"
     }
    ],
    "fund_manager": [
     {
      "managing_fund_since": "27th february 2024",
      "name": "Mr. Karthik Kumar",
      "qualification": "",
      "total_exp": "15 years"
     },
     {
      "managing_fund_since": "",
      "name": "Index Facts",
      "qualification": "",
      "total_exp": ""
     },
     {
      "managing_fund_since": "",
      "name": "E Multiple",
      "qualification": "",
      "total_exp": ""
     },
     {
      "managing_fund_since": "",
      "name": "B Multiple",
      "qualification": "",
      "total_exp": ""
     },
     {
      "managing_fund_since": "",
      "name": "Dividend Yield",
      "qualification": "",
      "total_exp": ""
     }
    ],
    "main_scheme_name": "Axis BSE Sensex Index Fund",
    "metrics": [
     {
      "name": "average_pe",
      "value": "22.67"
     },
     {
      "name": "average_pb",
      "value": "4.03"
     },
     {
      "name": "average_div_yield",
      "value": "1.16"
     },
     {
      "name": "tracking_error",
      "value": "1"
     }
    ],
    "min_amt": "50",
    "monthly_aaum_date": "20250131",
    "mutual_fund_name": "Axis Mutual Fund"
   }
  },
  {
   "value": {
    "amc_name": "Axis Asset Management Company Limited",
    "benchmark_index": [
     "riskometer and PRC, please refer to page no 50 55."
    ],
    "field_location": [
     {
      "amc_name": "10",
      "benchmark_index": "10",
      "count": 30,
      "fund_manager_managing_fund_since": "10",
      "fund_manager_name": "10",
      "fund_manager_total_exp": "10",
      "main_scheme_name": "10",
      "metrics_average_div_yield": "10",
      "metrics_average_pb": "10",
      "metrics_average_pe": "10",
      "metrics_tracking_error": "10",
      "min_amt": "10",
      "monthly_aaum_date": "10",
      "mutual_fund_name": "10"
     }
    ],
    "fund_manager": [
     {
      "managing_fund_since": "3rd august 2023",
      "name": "Mr. Karthik Kumar",
      "qualification": "",
      "total_exp": "15 years"
     },
     {
      "managing_fund_since": "",
      "name": "Index Facts",
      "qualification": "",
      "total_exp": ""
     },
     {
      "managing_fund_since": "",
      "name": "E Multiple",
      "qualification": "",
      "total_exp": ""
     },
     {
      "managing_fund_since": "",
      "name": "B Multiple",
      "qualification": "",
      "total_exp": ""
     },
     {
      "managing_fund_since": "",
      "name": "Dividend Yield",
      "qualification": "",
      "total_exp": ""
     }
    ],
    "main_scheme_name": "Axis Nifty Next 50 Index Fund",
    "metrics": [
     {
      "name": "average_pe",
      "value": "24.52"
     },
     {
      "name": "average_pb",
      "value": "3.72"
     },
     {
      "name": "average_div_yield",
      "value": "1.16"
     },
     {
      "name": "tracking_error",
      "value": "1"
     }
    ],
    "min_amt": "50",
    "monthly_aaum_date": "20250131",
    "mutual_fund_name": "Axis Mutual Fund"
   }
  },
  {
   "value": {
    "amc_name": "Axis Asset Management Company Limited",
    "benchmark_index": [
     "riskometer and PRC, please refer to page no 50 55."
    ],
    "field_location": [
     {
      "amc_name": "11",
      "benchmark_index": "11",
      "count": 30,
      "fund_manager_managing_fund_since": "11",
      "fund_manager_name": "11",
      "fund_manager_total_exp": "11",
      "main_scheme_name": "11",
      "metrics_average_div_yield": "11",
      "metrics_average_pb": "11",
      "metrics_average_pe": "11",
      "metrics_tracking_error": "11",
      "min_amt": "11",
      "monthly_aaum_date": "11",
      "monthly_aaum_value": "11",
      "mutual_fund_name": "11"
     }
    ],
    "fund_manager": [
     {
      "managing_fund_since": "3rd august 2023",
      "name": "Mr. Karthik Kumar",
      "qualification": "",
      "total_exp": "15 years"
     },
     {
      "managing_fund_since": "",
      "name": "Index Facts",
      "qualification": "",
      "total_exp": ""
     },
     {
      "managing_fund_since": "",
      "name": "E Multiple",
      "qualification": "",
      "total_exp": ""
     },
     {
      "managing_fund_since": "",
      "name": "B Multiple",
      "qualification": "",
      "total_exp": ""
     },
     {
      "managing_fund_since": "",
      "name": "Dividend Yield",
      "qualification": "",
      "total_exp": ""
     }
    ],
    "main_scheme_name": "Axis Nifty Smallcap 50 Index Fund",
    "metrics": [
     {
      "name": "average_pe",
      "value": "30.54"
     },
     {
      "name": "average_pb",
      "value": "3.71"
     },
     {
      "name": "average_div_yield",
      "value": "0.85"
     },
     {
      "name": "tracking_error",
      "value": "1"
     }
    ],
    "min_amt": "50",
    "monthly_aaum_date": "20250131",
    "monthly_aaum_value": "2025",
    "mutual_fund_name": "Axis Mutual Fund"
   }
  },
  {
   "value": {
    "amc_name": "Axis Asset Management Company Limited",
    "benchmark_index": [
     "riskometer and PRC, please refer to page no 50 55."
    ],
    "field_location": [
     {
      "amc_name": "12",
      "benchmark_index": "12",
      "count": 30,
      "fund_manager_managing_fund_since": "12",
      "fund_manager_name": "12",
      "fund_manager_total_exp": "12",
      "main_scheme_name": "12",
      "metrics_average_div_yield": "12",
      "metrics_average_pb": "12",
      "metrics_average_pe": "12",
      "metrics_tracking_error": "12",
      "min_amt": "12",
      "monthly_aaum_date": "12",
      "mutual_fund_name": "12"
     }
    ],
    "fund_manager": [
     {
      "managing_fund_since": "3rd august 2023",
      "name": "Mr. Karthik Kumar",
      "qualification": "",
      "total_exp": "15 years"
     },
     {
      "managing_fund_since": "",
      "name": "Index Facts",
      "qualification": "",
      "total_exp": ""
     },
     {
      "managing_fund_since": "",
      "name": "E Multiple",
      "qualification": "",
      "total_exp": ""
     },
     {
      "managing_fund_since": "",
      "name": "B Multiple",
      "qualification": "",
      "total_exp": ""
     },
     {
      "managing_fund_since": "",
      "name": "Dividend Yield",
      "qualification": "",
      "total_exp": ""
     }
    ],
    "main_scheme_name": "Axis Nifty Midcap 50 Index Fund",
    "metrics": [
     {
      "name": "average_pe",
      "value": "49.67"
     },
     {
      "name": "average_pb",
      "value": "5.74"
     },
     {
      "name": "average_div_yield",
      "value": "0.77"
     },
     {
      "name": "tracking_error",
      "value": "1"
     }
    ],
    "min_amt": "50",
    "monthly_aaum_date": "20250131",
    "mutual_fund_name": "Axis Mutual Fund"
   }
  },
  {
   "value": {
    "amc_name": "Axis Asset Management Company Limited",
    "benchmark_index": [
     "riskometer and PRC, please refer to page no 50 55."
    ],
    "field_location": [
     {
      "amc_name": "13",
      "benchmark_index": "13",
      "count": 30,
      "fund_manager_managing_fund_since": "13",
      "fund_manager_name": "13",
      "fund_manager_total_exp": "13",
      "main_scheme_name": "13",
      "metrics_average_div_yield": "13",
      "metrics_average_pb": "13",
      "metrics_average_pe": "13",
      "metrics_tracking_error": "13",
      "min_amt": "13",
      "monthly_aaum_date": "13",
      "mutual_fund_name": "13"
     }
    ],
    "fund_manager": [
     {
      "managing_fund_since": "5th april 2024",
      "name": "Mr. Karthik Kumar",
      "qualification": "",
      "total_exp": "15 years"
     },
     {
      "managing_fund_since": "",
      "name": "Index Facts",
      "qualification": "",
      "total_exp": ""
     },
     {
      "managing_fund_since": "",
      "name": "E Multiple",
      "qualification": "",
      "total_exp": ""
     },
     {
      "managing_fund_since": "",
      "name": "B Multiple",
      "qualification": "",
      "total_exp": ""
     },
     {
      "managing_fund_since": "",
      "name": "Dividend Yield",
      "qualification": "",
      "total_exp": ""
     }
    ],
    "main_scheme_name": "Axis Nifty IT Index Fund",
    "metrics": [
     {
      "name": "average_pe",
      "value": "34.06"
     },
     {
      "name": "average_pb",
      "value": "8.98"
     },
     {
      "name": "average_div_yield",
      "value": "1.9"
     },
     {
      "name": "tracking_error",
      "value": "1"
     }
    ],
    "min_amt": "50",
    "monthly_aaum_date": "20250131",
    "mutual_fund_name": "Axis Mutual Fund"
   }
  },
  {
   "value": {
    "amc_name": "Axis Asset Management Company Limited",
    "benchmark_index": [
     "riskometer and PRC, please refer to page no 50 55."
    ],
    "field_location": [
     {
      "amc_name": "14",
      "benchmark_index": "14",
      "count": 30,
      "fund_manager_managing_fund_since": "14",
      "fund_manager_name": "14",
      "fund_manager_total_exp": "14",
      "main_scheme_name": "14",
      "metrics_average_div_yield": "14",
      "metrics_average_pb": "14",
      "metrics_average_pe": "14",
      "metrics_tracking_error": "14",
      "min_amt": "14",
      "monthly_aaum_date": "14",
      "mutual_fund_name": "14"
     }
    ],
    "fund_manager": [
     {
      "managing_fund_since": "24th may 2024",
      "name": "Mr. Karthik Kumar",
      "qualification": "",
      "total_exp": "15 years"
     },
     {
      "managing_fund_since": "",
      "name": "Index Facts",
      "qualification": "",
      "total_exp": ""
     },
     {
      "managing_fund_since": "",
      "name": "E Multiple",
      "qualification": "",
      "total_exp": ""
     },
     {
      "managing_fund_since": "",
      "name": "B Multiple",
      "qualification": "",
      "total_exp": ""
     },
     {
      "managing_fund_since": "",
      "name": "Dividend Yield",
      "qualification": "",
      "total_exp": ""
     }
    ],
    "main_scheme_name": "Axis Nifty Bank Index Fund",
    "metrics": [
     {
      "name": "average_pe",
      "value": "13.5"
     },
     {
      "name": "average_pb",
      "value": "2.21"
     },
     {
      "name": "average_div_yield",
      "value": "0.99"
     },
     {
      "name": "tracking_error",
      "value": "120.93"
     }
    ],
    "min_amt": "50",
    "monthly_aaum_date": "20250131",
    "mutual_fund_name": "Axis Mutual Fund"
   }
  },
  {
   "value": {
    "amc_name": "Axis Asset Management Company Limited",
    "benchmark_index": [
     "riskometer and PRC, please refer to page no 50 55."
    ],
    "field_location": [
     {
      "amc_name": "15",
      "benchmark_index": "15",
      "count": 30,
      "fund_manager_managing_fund_since": "15",
      "fund_manager_name": "15",
      "fund_manager_total_exp": "15",
      "main_scheme_name": "15",
      "metrics_average_div_yield": "15",
      "metrics_average_pb": "15",
      "metrics_average_pe": "15",
      "metrics_tracking_error": "15",
      "min_amt": "15",
      "monthly_aaum_date": "15",
      "mutual_fund_name": "15"
     }
    ],
    "fund_manager": [
     {
      "managing_fund_since": "16th july 2024",
      "name": "Mr. Karthik Kumar",
      "qualification": "",
      "total_exp": "15 years"
     },
     {
      "managing_fund_since": "",
      "name": "Index Facts",
      "qualification": "",
      "total_exp": ""
     },
     {
      "managing_fund_since": "",
      "name": "E Multiple",
      "qualification": "",
      "total_exp": ""
     },
     {
      "managing_fund_since": "",
      "name": "B Multiple",
      "qualification": "",
      "total_exp": ""
     },
     {
      "managing_fund_since": "",
      "name": "Dividend Yield",
      "qualification": "",
      "total_exp": ""
     }
    ],
    "main_scheme_name": "Axis Nifty 500 Index Fund",
    "metrics": [
     {
      "name": "average_pe",
      "value": "25.52"
     },
     {
      "name": "average_pb",
      "value": "3.87"
     },
     {
      "name": "average_div_yield",
      "value": "1.12"
     },
     {
      "name": "tracking_error",
      "value": "500"
     }
    ],
    "min_amt": "50",
    "monthly_aaum_date": "20250131",
    "mutual_fund_name": "Axis Mutual Fund"
   }
  },
  {
   "value": {
    "amc_name": "Axis Asset Management Company Limited",
    "benchmark_index": [
     "riskometer and PRC, please refer to page no 50 55."
    ],
    "field_location": [
     {
      "amc_name": "16",
      "benchmark_index": "16",
      "count": 30,
      "fund_manager_managing_fund_since": "16",
      "fund_manager_name": "16",
      "fund_manager_total_exp": "16",
      "main_scheme_name": "16",
      "metrics_tracking_error": "16",
      "min_amt": "16",
      "monthly_aaum_date": "16",
      "monthly_aaum_value": "16",
      "mutual_fund_name": "16"
     }
    ],
    "fund_manager": [
     {
      "managing_fund_since": "24th october 2024",
      "name": "Mr. Karthik Kumar",
      "qualification": "",
      "total_exp": "15 years"
     }
    ],
    "main_scheme_name": "Axis Nifty500 Value 50 Index Fund",
    "metrics": [
     {
      "name": "tracking_error",
      "value": "500"
     }
    ],
    "min_amt": "50",
    "monthly_aaum_date": "20250131",
    "monthly_aaum_value": "2025",
    "mutual_fund_name": "Axis Mutual Fund"
   }
  },
  {
   "value": {
    "amc_name": "Axis Asset Management Company Limited",
    "benchmark_index": [
     "riskometer and PRC, please refer to page no 50 55."
    ],
    "field_location": [
     {
      "amc_name": "17",
      "benchmark_index": "17",
      "count": 30,
      "fund_manager_managing_fund_since": "17",
      "fund_manager_name": "17",
      "fund_manager_total_exp": "17",
      "main_scheme_name": "17",
      "metrics_avg_maturity": "17",
      "metrics_mod_duration": "17",
      "metrics_tracking_error": "17",
      "metrics_ytm": "17",
      "min_amt": "17",
      "monthly_aaum_date": "17",
      "monthly_aaum_value": "17",
      "mutual_fund_name": "17"
     }
    ],
    "fund_manager": [
     {
      "managing_fund_since": "28th january 2022",
      "name": "Mr. Devang Shah",
      "qualification": "",
      "total_exp": "19 years"
     },
     {
      "managing_fund_since": "1st february 2023",
      "name": "Mr. Sachin Jain",
      "qualification": "",
      "total_exp": "11 years"
     },
     {
      "managing_fund_since": "",
      "name": "Residual Maturity",
      "qualification": "",
      "total_exp": ""
     },
     {
      "managing_fund_since": "",
      "name": "Modified Duration",
      "qualification": "",
      "total_exp": ""
     },
     {
      "managing_fund_since": "",
      "name": "Maculay Duration",
      "qualification": "",
      "total_exp": ""
     }
    ],
    "main_scheme_name": "Axis CRISIL IBX 70:30 CPSE Plus SDL April 2025 Index Fund",
    "metrics": [
     {
      "name": "ytm",
      "value": "7.30%"
     },
     {
      "name": "mod_duration",
      "value": "59 days"
     },
     {
      "name": "avg_maturity",
      "value": "64 days"
     },
     {
      "name": "tracking_error",
      "value": "31s"
     }
    ],
    "min_amt": "50",
    "monthly_aaum_date": "20250131",
    "monthly_aaum_value": "2025",
    "mutual_fund_name": "Axis Mutual Fund"
   }
  },
  {
   "value": {
    "amc_name": "Axis Asset Management Company Limited",
    "benchmark_index": [
     "riskometer and PRC, please refer to page no 50 55."
    ],
    "field_location": [
     {
      "amc_name": "18",
      "benchmark_index": "18",
      "count": 30,
      "fund_manager_managing_fund_since": "18",
      "fund_manager_name": "18",
      "fund_manager_total_exp": "18",
      "main_scheme_name": "18",
      "metrics_avg_maturity": "18",
      "metrics_mod_duration": "18",
      "metrics_ytm": "18",
      "min_amt": "18",
      "monthly_aaum_date": "18",
      "monthly_aaum_value": "18",
      "mutual_fund_name": "18"
     }
    ],
    "fund_manager": [
     {
      "managing_fund_since": "23rd february 2022",
      "name": "Mr. Hardik Shah",
      "qualification": "",
      "total_exp": "15 years"
     },
     {
      "managing_fund_since": "1st february 2023",
      "name": "Mr. Aditya Pagaria",
      "qualification": "",
      "total_exp": "16 years"
     },
     {
      "managing_fund_since": "",
      "name": "Residual Maturity",
      "qualification": "",
      "total_exp": ""
     },
     {
      "managing_fund_since": "",
      "name": "Modified Duration",
      "qualification": "",
      "total_exp": ""
     },
     {
      "managing_fund_since": "",
      "name": "Maculay Duration",
      "qualification": "",
      "total_exp": ""
     }
    ],
    "main_scheme_name": "Axis CRISIL IBX SDL May 2027 Index Fund",
    "metrics": [
     {
      "name": "ytm",
      "value": "6.95%"
     },
     {
      "name": "mod_duration",
      "value": "1.93 years"
     },
     {
      "name": "avg_maturity",
      "value": "2.16 years"
     }
    ],
    "min_amt": "50",
    "monthly_aaum_date": "20250131",
    "monthly_aaum_value": "2025",
    "mutual_fund_name": "Axis Mutual Fund"
   }
  },
  {
   "value": {
    "amc_name": "Axis Asset Management Company Limited",
    "benchmark_index": [
     "riskometer and PRC, please refer to page no 50-5 55."
    ],
    "field_location": [
     {
      "amc_name": "19",
      "benchmark_index": "19",
      "count": 30,
      "fund_manager_managing_fund_since": "19",
      "fund_manager_name": "19",
      "fund_manager_total_exp": "19",
      "main_scheme_name": "19",
      "metrics_avg_maturity": "19",
      "metrics_mod_duration": "19",
      "metrics_tracking_error": "19",
      "metrics_ytm": "19",
      "min_amt": "19",
      "monthly_aaum_date": "19",
      "monthly_aaum_value": "19",
      "mutual_fund_name": "19"
     }
    ],
    "fund_manager": [
     {
      "managing_fund_since": "22nd november 2022",
      "name": "Mr. Aditya Pagaria",
      "qualification": "",
      "total_exp": "16 years"
     },
     {
      "managing_fund_since": "1st february 2023",
      "name": "Mr. Sachin Jain",
      "qualification": "",
      "total_exp": "11 years"
     },
     {
      "managing_fund_since": "",
      "name": "Residual Maturity",
      "qualification": "",
      "total_exp": ""
     },
     {
      "managing_fund_since": "",
      "name": "Modified Duration",
      "qualification": "",
      "total_exp": ""
     },
     {
      "managing_fund_since": "",
      "name": "Maculay Duration",
      "qualification": "",
      "total_exp": ""
     }
    ],
    "main_scheme_name": "Axis Nifty SDL September 2026 Debt Index Fund",
    "metrics": [
     {
      "name": "ytm",
      "value": "6.97%"
     },
     {
      "name": "mod_duration",
      "value": "1.4 years"
     },
     {
      "name": "avg_maturity",
      "value": "1.54 years"
     },
     {
      "name": "tracking_error",
      "value": "2025"
     }
    ],
    "min_amt": "50",
    "monthly_aaum_date": "20250131",
    "monthly_aaum_value": "2025",
    "mutual_fund_name": "Axis Mutual Fund"
   }
  },
  {
   "value": {
    "amc_name": "Axis Asset Management Company Limited",
    "benchmark_index": [
     "riskometer and PRC, please refer to page no 50 55."
    ],
    "field_location": [
     {
      "amc_name": "20",
      "benchmark_index": "20",
      "count": 30,
      "fund_manager_managing_fund_since": "20",
      "fund_manager_name": "20",
      "fund_manager_total_exp": "20",
      "main_scheme_name": "20",
      "metrics_avg_maturity": "20",
      "metrics_mod_duration": "20",
      "metrics_tracking_error": "20",
      "metrics_ytm": "20",
      "min_amt": "20",
      "monthly_aaum_date": "20",
      "monthly_aaum_value": "20",
      "mutual_fund_name": "20"
     }
    ],
    "fund_manager": [
     {
      "managing_fund_since": "24th january 2023",
      "name": "Mr. Hardik Shah",
      "qualification": "",
      "total_exp": "15 years"
     },
     {
      "managing_fund_since": "",
      "name": "Residual Maturity",
      "qualification": "",
      "total_exp": ""
     },
     {
      "managing_fund_since": "",
      "name": "Modified Duration",
      "qualification": "",
      "total_exp": ""
     },
     {
      "managing_fund_since": "",
      "name": "Maculay Duration",
      "qualification": "",
      "total_exp": ""
     }
    ],
    "main_scheme_name": "Axis CRISIL IBX 50:50 Gilt Plus SDL June 2028 Index Fund",
    "metrics": [
     {
      "name": "ytm",
      "value": "6.88%"
     },
     {
      "name": "mod_duration",
      "value": "2.61 years"
     },
     {
      "name": "avg_maturity",
      "value": "3.04 years"
     },
     {
      "name": "tracking_error",
      "value": "75.37"
     }
    ],
    "min_amt": "50",
    "monthly_aaum_date": "20250131",
    "monthly_aaum_value": "2025",
    "mutual_fund_name": "Axis Mutual Fund"
   }
  },
  {
   "value": {
    "amc_name": "Axis Asset Management Company Limited",
    "benchmark_index": [
     "riskometer and PRC, please refer to page no 50 55."
    ],
    "field_location": [
     {
      "amc_name": "21",
      "benchmark_index": "21",
      "count": 30,
      "fund_manager_managing_fund_since": "21",
      "fund_manager_name": "21",
      "fund_manager_total_exp": "21",
      "main_scheme_name": "21",
      "metrics_avg_maturity": "21",
      "metrics_mod_duration": "21",
      "metrics_tracking_error": "21",
      "metrics_ytm": "21",
      "min_amt": "21",
      "monthly_aaum_date": "21",
      "monthly_aaum_value": "21",
      "mutual_fund_name": "21"
     }
    ],
    "fund_manager": [
     {
      "managing_fund_since": "27th february 2023",
      "name": "Mr. Aditya Pagaria",
      "qualification": "",
      "total_exp": "16 years"
     },
     {
      "managing_fund_since": "27th february 2023",
      "name": "Mr. Sachin Jain",
      "qualification": "",
      "total_exp": "11 years"
     },
     {
      "managing_fund_since": "",
      "name": "Residual Maturity",
      "qualification": "",
      "total_exp": ""
     },
     {
      "managing_fund_since": "",
      "name": "Modified Duration",
      "qualification": "",
      "total_exp": ""
     },
     {
      "managing_fund_since": "",
      "name": "Maculay Duration",
      "qualification": "",
      "total_exp": ""
     }
    ],
    "main_scheme_name": "Axis CRISIL IBX 50:50 Gilt Plus SDL September 2027 Index Fund",
    "metrics": [
     {
      "name": "ytm",
      "value": "6.82%"
     },
     {
      "name": "mod_duration",
      "value": "2.07 years"
     },
     {
      "name": "avg_maturity",
      "value": "2.32 years"
     },
     {
      "name": "tracking_error",
      "value": "31s"
     }
    ],
    "min_amt": "50",
    "monthly_aaum_date": "20250131",
    "monthly_aaum_value": "2025",
    "mutual_fund_name": "Axis Mutual Fund"
   }
  },
  {
   "value": {
    "amc_name": "Axis Asset Management Company Limited",
    "benchmark_index": [
     "riskometer and PRC, please refer to page no 50 55."
    ],
    "field_location": [
     {
      "amc_name": "22",
      "benchmark_index": "22",
      "count": 30,
      "fund_manager_managing_fund_since": "22",
      "fund_manager_name": "22",
      "fund_manager_total_exp": "22",
      "main_scheme_name": "22",
      "metrics_avg_maturity": "22",
      "metrics_mod_duration": "22",
      "metrics_ytm": "22",
      "min_amt": "22",
      "monthly_aaum_date": "22",
      "monthly_aaum_value": "22",
      "mutual_fund_name": "22",
      "scheme_launch_date": "22"
     }
    ],
    "fund_manager": [
     {
      "managing_fund_since": "21st march 2024",
      "name": "Mr. Hardik Shah",
      "qualification": "",
      "total_exp": "15 years"
     },
     {
      "managing_fund_since": "",
      "name": "Residual Maturity",
      "qualification": "",
      "total_exp": ""
     },
     {
      "managing_fund_since": "",
      "name": "Modified Duration",
      "qualification": "",
      "total_exp": ""
     },
     {
      "managing_fund_since": "",
      "name": "Maculay Duration",
      "qualification": "",
      "total_exp": ""
     }
    ],
    "main_scheme_name": "Axis CRISIL IBX SDL June 2034 Debt Index Fund",
    "metrics": [
     {
      "name": "ytm",
      "value": "7.18%"
     },
     {
      "name": "mod_duration",
      "value": "6.14 years"
     },
     {
      "name": "avg_maturity",
      "value": "8.73 years"
     }
    ],
    "min_amt": "50",
    "monthly_aaum_date": "20250131",
    "monthly_aaum_value": "2025",
    "mutual_fund_name": "Axis Mutual Fund",
    "scheme_launch_date": "JUNE 2034"
   }
  },
  {
   "value": {
    "amc_name": "Axis Asset Management Company Limited",
    "benchmark_index": [
     "riskometer and PRC, please refer to page no 50 55."
    ],
    "field_location": [
     {
      "amc_name": "24",
      "benchmark_index": "24",
      "count": 30,
      "fund_manager_managing_fund_since": "24",
      "fund_manager_name": "24",
      "fund_manager_total_exp": "24",
      "main_scheme_name": "24",
      "metrics_avg_maturity": "24",
      "metrics_mod_duration": "24",
      "metrics_ytm": "24",
      "min_amt": "24",
      "monthly_aaum_date": "24",
      "monthly_aaum_value": "24",
      "mutual_fund_name": "24",
      "scheme_launch_date": "24"
     }
    ],
    "fund_manager": [
     {
      "managing_fund_since": "24th september 2024",
      "name": "Mr. Aditya Pagaria",
      "qualification": "",
      "total_exp": "16 years"
     },
     {
      "managing_fund_since": "",
      "name": "Residual Maturity",
      "qualification": "",
      "total_exp": ""
     },
     {
      "managing_fund_since": "",
      "name": "Modified Duration",
      "qualification": "",
      "total_exp": ""
     },
     {
      "managing_fund_since": "",
      "name": "Maculay Duration",
      "qualification": "",
      "total_exp": ""
     }
    ],
    "main_scheme_name": "Axis CRISIL-IBX AAA Bond NBFC - Jun 2027 Index Fund",
    "metrics": [
     {
      "name": "ytm",
      "value": "7.79%"
     },
     {
      "name": "mod_duration",
      "value": "1.8 years"
     },
     {
      "name": "avg_maturity",
      "value": "2.14 years"
     }
    ],
    "min_amt": "50",
    "monthly_aaum_date": "20250131",
    "monthly_aaum_value": "2025",
    "mutual_fund_name": "Axis Mutual Fund",
    "scheme_launch_date": "JUN 2027"
   }
  },
  {
   "value": {
    "amc_name": "Axis Asset Management Company Limited",
    "benchmark_index": [
     "Underlying Index: Exchange Listed: Exchange Symbol/Scrip Code:"
    ],
    "exchange_listed": "Work Work Work Work Work Work Work Work Work Work Work Work Work Work Work Work Work Work experience: experience: experience: experience: experience: experience: experience: experience: experience: experience: experience: experience: experience: experience: experience: experience: experience: experience: 15 15 15 15 15 15 15 15 15 15 15 15 15 15 15 15 15 15 years. years. years. years. years. years. years. years. years. years. years. years. years. years. years. years. years. years. has has has has has has has has has has has has has has has has has has",
    "field_location": [
     {
      "amc_name": "26",
      "benchmark_index": "26",
      "count": 30,
      "exchange_listed": "26",
      "fund_manager_managing_fund_since": "26",
      "fund_manager_name": "26",
      "fund_manager_total_exp": "26",
      "main_scheme_name": "26",
      "metrics_average_div_yield": "26",
      "metrics_average_pb": "26",
      "metrics_average_pe": "26",
      "metrics_mod_duration": "26",
      "metrics_tracking_error": "26",
      "monthly_aaum_date": "26",
      "mutual_fund_name": "26"
     }
    ],
    "fund_manager": [
     {
      "managing_fund_since": "3rd august 2023",
      "name": "Mr. Karthik Kumar",
      "qualification": "",
      "total_exp": "15 years"
     },
     {
      "managing_fund_since": "",
      "name": "Index Facts",
      "qualification": "",
      "total_exp": ""
     },
     {
      "managing_fund_since": "",
      "name": "E Multiple",
      "qualification": "",
      "total_exp": ""
     },
     {
      "managing_fund_since": "",
      "name": "B Multiple",
      "qualification": "",
      "total_exp": ""
     },
     {
      "managing_fund_since": "",
      "name": "Dividend Yield",
      "qualification": "",
      "total_exp": ""
     }
    ],
    "main_scheme_name": "Axis NIFTY 50 ETF",
    "metrics": [
     {
      "name": "average_pe",
      "value": "21.84"
     },
     {
      "name": "average_pb",
      "value": "3.54"
     },
     {
      "name": "average_div_yield",
      "value": "1.27"
     },
     {
      "name": "tracking_error",
      "value": "1"
     },
     {
      "name": "mod_duration",
      "value": "50"
     }
    ],
    "monthly_aaum_date": "20250131",
    "mutual_fund_name": "Axis Mutual Fund"
   }
  },
  {
   "value": {
    "amc_name": "Axis Asset Management Company Limited",
    "benchmark_index": [
     "Underlying Index: Exchange Listed: Exchange Symbol/Scrip Code:"
    ],
    "exchange_listed": "Work Work Work Work Work Work Work Work Work Work Work Work Work Work Work Work Work Work Work experience: experience: experience: experience: experience: experience: experience: experience: experience: experience: experience: experience: experience: experience: experience: experience: experience: experience: experience: 15 15 15 15 15 15 15 15 15 15 15 15 15 15 15 15 15 15 15 years. years. years. years. years. years. years. years. years. years. years. years. years. years. years. years. years. years. years. He He He He He He He He He He He He He He He He He He He has has has has has has has has has has has has has has has has has has has",
    "field_location": [
     {
      "amc_name": "27",
      "benchmark_index": "27",
      "count": 30,
      "exchange_listed": "27",
      "fund_manager_managing_fund_since": "27",
      "fund_manager_name": "27",
      "fund_manager_total_exp": "27",
      "main_scheme_name": "27",
      "metrics_average_div_yield": "27",
      "metrics_average_pb": "27",
      "metrics_average_pe": "27",
      "metrics_tracking_error": "27",
      "monthly_aaum_date": "27",
      "mutual_fund_name": "27"
     }
    ],
    "fund_manager": [
     {
      "managing_fund_since": "3rd august 2023",
      "name": "Mr. Karthik Kumar",
      "qualification": "",
      "total_exp": "15 years"
     },
     {
      "managing_fund_since": "",
      "name": "Index Facts",
      "qualification": "",
      "total_exp": ""
     },
     {
      "managing_fund_since": "",
      "name": "E Multiple",
      "qualification": "",
      "total_exp": ""
     },
     {
      "managing_fund_since": "",
      "name": "B Multiple",
      "qualification": "",
      "total_exp": ""
     },
     {
      "managing_fund_since": "",
      "name": "Dividend Yield",
      "qualification": "",
      "total_exp": ""
     }
    ],
    "main_scheme_name": "Axis NIFTY Bank ETF",
    "metrics": [
     {
      "name": "average_pe",
      "value": "13.5"
     },
     {
      "name": "average_pb",
      "value": "2.21"
     },
     {
      "name": "average_div_yield",
      "value": "0.99"
     },
     {
      "name": "tracking_error",
      "value": "1"
     }
    ],
    "monthly_aaum_date": "20250131",
    "mutual_fund_name": "Axis Mutual Fund"
   }
  },
  {
   "value": {
    "amc_name": "Axis Asset Management Company Limited",
    "benchmark_index": [
     "Underlying Index: Exchange Listed: Exchange Symbol/Scrip Code:"
    ],
    "exchange_listed": "34.06",
    "field_location": [
     {
      "amc_name": "28",
      "benchmark_index": "28",
      "count": 30,
      "exchange_listed": "28",
      "fund_manager_managing_fund_since": "28",
      "fund_manager_name": "28",
      "fund_manager_total_exp": "28",
      "main_scheme_name": "28",
      "metrics_average_div_yield": "28",
      "metrics_average_pb": "28",
      "metrics_average_pe": "28",
      "metrics_tracking_error": "28",
      "monthly_aaum_date": "28",
      "mutual_fund_name": "28"
     }
    ],
    "fund_manager": [
     {
      "managing_fund_since": "3rd august 2023",
      "name": "Mr. Karthik Kumar",
      "qualification": "",
      "total_exp": "15 years"
     },
     {
      "managing_fund_since": "",
      "name": "Index Facts",
      "qualification": "",
      "total_exp": ""
     },
     {
      "managing_fund_since": "",
      "name": "E Multiple",
      "qualification": "",
      "total_exp": ""
     },
     {
      "managing_fund_since": "",
      "name": "B Multiple",
      "qualification": "",
      "total_exp": ""
     },
     {
      "managing_fund_since": "",
      "name": "Dividend Yield",
      "qualification": "",
      "total_exp": ""
     }
    ],
    "main_scheme_name": "Axis NIFTY IT ETF",
    "metrics": [
     {
      "name": "average_pe",
      "value": "34.06"
     },
     {
      "name": "average_pb",
      "value": "8.98"
     },
     {
      "name": "average_div_yield",
      "value": "1.9"
     },
     {
      "name": "tracking_error",
      "value": "1"
     }
    ],
    "monthly_aaum_date": "20250131",
    "mutual_fund_name": "Axis Mutual Fund"
   }
  },
  {
   "value": {
    "amc_name": "Axis Asset Management Company Limited",
    "benchmark_index": [
     "Underlying Index: Exchange Listed: Exchange Symbol/Scrip Code:"
    ],
    "exchange_listed": "Mr. Mr. Mr. Mr. Mr. Mr. Mr. Mr. Mr. Mr. Mr. Mr. Mr. Mr. Mr. Mr. Mr. Mr. Mr. Mr. Mr. Mr. Karthik Karthik Karthik Karthik Karthik Karthik Karthik Karthik Karthik Karthik Karthik Karthik Karthik Karthik Karthik Karthik Karthik Karthik Karthik Karthik Karthik Karthik Kumar Kumar Kumar Kumar Kumar Kumar Kumar Kumar Kumar Kumar Kumar Kumar Kumar Kumar Kumar Kumar Kumar Kumar Kumar Kumar Kumar Kumar",
    "field_location": [
     {
      "amc_name": "29",
      "benchmark_index": "29",
      "count": 30,
      "exchange_listed": "29",
      "fund_manager_managing_fund_since": "29",
      "fund_manager_name": "29",
      "fund_manager_total_exp": "29",
      "main_scheme_name": "29",
      "metrics_tracking_error": "29",
      "monthly_aaum_date": "29",
      "mutual_fund_name": "29"
     }
    ],
    "fund_manager": [
     {
      "managing_fund_since": "3rd august 2023",
      "name": "Mr. Karthik Kumar",
      "qualification": "",
      "total_exp": "15 years"
     }
    ],
    "main_scheme_name": "Axis NIFTY Healthcare ETF",
    "metrics": [
     {
      "name": "tracking_error",
      "value": "1"
     }
    ],
    "monthly_aaum_date": "20250131",
    "mutual_fund_name": "Axis Mutual Fund"
   }
  },
  {
   "value": {
    "amc_name": "Axis Asset Management Company Limited",
    "benchmark_index": [
     "Underlying Index: Exchange Listed: Exchange Symbol/Scrip Code:"
    ],
    "exchange_listed": "Mr. Mr. Mr. Mr. Mr. Mr. Mr. Mr. Mr. Mr. Mr. Mr. Mr. Mr. Mr. Mr. Mr. Mr. Mr. Karthik Karthik Karthik Karthik Karthik Karthik Karthik Karthik Karthik Karthik Karthik Karthik Karthik Karthik Karthik Karthik Karthik Karthik Karthik Kumar Kumar Kumar Kumar Kumar Kumar Kumar Kumar Kumar Kumar Kumar Kumar Kumar Kumar Kumar Kumar Kumar Kumar Kumar",
    "field_location": [
     {
      "amc_name": "30",
      "benchmark_index": "30",
      "count": 30,
      "exchange_listed": "30",
      "fund_manager_managing_fund_since": "30",
      "fund_manager_name": "30",
      "fund_manager_total_exp": "30",
      "main_scheme_name": "30",
      "metrics_average_div_yield": "30",
      "metrics_average_pb": "30",
      "metrics_average_pe": "30",
      "metrics_tracking_error": "30",
      "monthly_aaum_date": "30",
      "monthly_aaum_value": "30",
      "mutual_fund_name": "30"
     }
    ],
    "fund_manager": [
     {
      "managing_fund_since": "3rd august 2023",
      "name": "Mr. Karthik Kumar",
      "qualification": "",
      "total_exp": "15 years"
     },
     {
      "managing_fund_since": "",
      "name": "Index Facts",
      "qualification": "",
      "total_exp": ""
     },
     {
      "managing_fund_since": "",
      "name": "E Multiple",
      "qualification": "",
      "total_exp": ""
     },
     {
      "managing_fund_since": "",
      "name": "B Multiple",
      "qualification": "",
      "total_exp": ""
     },
     {
      "managing_fund_since": "",
      "name": "Dividend Yield",
      "qualification": "",
      "total_exp": ""
     }
    ],
    "main_scheme_name": "Axis NIFTY India Consumption ETF",
    "metrics": [
     {
      "name": "average_pe",
      "value": "46.94"
     },
     {
      "name": "average_pb",
      "value": "9.05"
     },
     {
      "name": "average_div_yield",
      "value": "0.94"
     },
     {
      "name": "tracking_error",
      "value": "2025"
     }
    ],
    "monthly_aaum_date": "20250131",
    "monthly_aaum_value": "2025",
    "mutual_fund_name": "Axis Mutual Fund"
   }
  },
  {
   "value": {
    "amc_name": "Axis Asset Management Company Limited",
    "benchmark_index": [
     "Underlying Index: Exchange Listed: Exchange Symbol/Scrip Code:"
    ],
    "exchange_listed": "June June June June June June June June June June June June June June June June June June June June June June 2024 2024 2024 2024 2024 2024 2024 2024 2024 2024 2024 2024 2024 2024 2024 2024 2024 2024 2024 2024 2024 2024",
    "field_location": [
     {
      "amc_name": "31",
      "benchmark_index": "31",
      "count": 30,
      "exchange_listed": "31",
      "fund_manager_managing_fund_since": "31",
      "fund_manager_name": "31",
      "fund_manager_total_exp": "31",
      "main_scheme_name": "31",
      "metrics_tracking_error": "31",
      "monthly_aaum_date": "31",
      "mutual_fund_name": "31"
     }
    ],
    "fund_manager": [
     {
      "managing_fund_since": "1st june 2024",
      "name": "Mr. Aditya Pagaria",
      "qualification": "",
      "total_exp": "16 years"
     }
    ],
    "main_scheme_name": "Axis Gold ETF",
    "metrics": [
     {
      "name": "tracking_error",
      "value": "1"
     }
    ],
    "monthly_aaum_date": "20250131",
    "mutual_fund_name": "Axis Mutual Fund"
   }
  },
  {
   "value": {
    "amc_name": "Axis Asset Management Company Limited",
    "benchmark_index": [
     "Underlying Index: Exchange Listed: Exchange Symbol/Scrip Code:"
    ],
    "exchange_listed": "been been been been been been been been been been been been been been been been been been been been been been managing managing managing managing managing managing managing managing managing managing managing managing managing managing managing managing managing managing managing managing managing managing this this this this this this this this this this this this this this this this this this this this this this fund fund fund fund fund fund fund fund fund fund fund fund fund fund fund fund fund fund fund fund fund fund since since since since since since since since since since since since since since since since since since since since since since 1st 1st 1st 1st 1st 1st 1st 1st 1st 1st 1st 1st 1st 1st 1st 1st 1st 1st 1st 1st 1st 1st",
    "field_location": [
     {
      "amc_name": "32",
      "benchmark_index": "32",
      "count": 30,
      "exchange_listed": "32",
      "fund_manager_managing_fund_since": "32",
      "fund_manager_name": "32",
      "fund_manager_total_exp": "32",
      "main_scheme_name": "32",
      "metrics_tracking_error": "32",
      "monthly_aaum_date": "32",
      "mutual_fund_name": "32"
     }
    ],
    "fund_manager": [
     {
      "managing_fund_since": "1st june 2024",
      "name": "Mr. Aditya Pagaria",
      "qualification": "",
      "total_exp": "16 years"
     }
    ],
    "main_scheme_name": "Axis Silver ETF",
    "metrics": [
     {
      "name": "tracking_error",
      "value": "1"
     }
    ],
    "monthly_aaum_date": "20250131",
    "mutual_fund_name": "Axis Mutual Fund"
   }
  },
  {
   "value": {
    "amc_name": "Axis Asset Management Company Limited",
    "benchmark_index": [
     "Underlying Index: Exchange Listed: Exchange Symbol/Scrip Code:"
    ],
    "exchange_listed": "credit credit credit credit credit credit credit credit credit credit credit credit credit credit credit credit credit credit credit risk. risk. risk. risk. risk. risk. risk. risk. risk. risk. risk. risk. risk. risk. risk. risk. risk. risk. risk.",
    "field_location": [
     {
      "amc_name": "33",
      "benchmark_index": "33",
      "count": 30,
      "exchange_listed": "33",
      "fund_manager_managing_fund_since": "33",
      "fund_manager_name": "33",
      "fund_manager_total_exp": "33",
      "main_scheme_name": "33",
      "metrics_avg_maturity": "33",
      "metrics_mod_duration": "33",
      "metrics_tracking_error": "33",
      "metrics_ytm": "33",
      "monthly_aaum_date": "33",
      "monthly_aaum_value": "33",
      "mutual_fund_name": "33"
     }
    ],
    "fund_manager": [
     {
      "managing_fund_since": "11th may 2021",
      "name": "Mr. Aditya Pagaria",
      "qualification": "",
      "total_exp": "16 years"
     },
     {
      "managing_fund_since": "1st february 2023",
      "name": "Mr. Sachin Jain",
      "qualification": "",
      "total_exp": "11 years"
     },
     {
      "managing_fund_since": "",
      "name": "Residual Maturity",
      "qualification": "",
      "total_exp": ""
     },
     {
      "managing_fund_since": "",
      "name": "Modified Duration",
      "qualification": "",
      "total_exp": ""
     },
     {
      "managing_fund_since": "",
      "name": "Maculay Duration",
      "qualification": "",
      "total_exp": ""
     }
    ],
    "main_scheme_name": "Axis Nifty AAA Bond Plus SDL Apr 2026 50:50 ETF",
    "metrics": [
     {
      "name": "ytm",
      "value": "7.32%"
     },
     {
      "name": "mod_duration",
      "value": "0.75 years"
     },
     {
      "name": "avg_maturity",
      "value": "0.81 years"
     },
     {
      "name": "tracking_error",
      "value": "2025"
     }
    ],
    "monthly_aaum_date": "20250131",
    "monthly_aaum_value": "2025",
    "mutual_fund_name": "Axis Mutual Fund"
   }
  },
  {
   "value": {
    "amc_name": "Axis Asset Management Company Limited",
    "benchmark_index": [
     "name has been changed w.e.f 1st June 2024 *Note: Investors will be bearing the recurring expenses of the scheme, in addition to the expenses of the schemes, in which Fund of Funds schemes make investments. AXIS BSE SENSEX ETF This product is suitable for investors who are seeking*:"
    ],
    "exchange_listed": "Work Work Work Work Work Work Work Work Work Work Work Work Work Work Work Work Work Work Work experience: experience: experience: experience: experience: experience: experience: experience: experience: experience: experience: experience: experience: experience: experience: experience: experience: experience: experience: 15 15 15 15 15 15 15 15 15 15 15 15 15 15 15 15 15 15 15 years. years. years. years. years. years. years. years. years. years. years. years. years. years. years. years. years. years. years. He He He He He He He He He He He He He He He He He He He has has has has has has has has has has has has has has has has has has has",
    "field_location": [
     {
      "amc_name": "34",
      "benchmark_index": "34",
      "count": 30,
      "exchange_listed": "34",
      "fund_manager_managing_fund_since": "34",
      "fund_manager_name": "34",
      "fund_manager_total_exp": "34",
      "main_scheme_name": "34",
      "metrics_average_div_yield": "34",
      "metrics_average_pb": "34",
      "metrics_average_pe": "34",
      "metrics_tracking_error": "34",
      "monthly_aaum_date": "34",
      "mutual_fund_name": "34"
     }
    ],
    "fund_manager": [
     {
      "managing_fund_since": "3rd august 2023",
      "name": "Mr. Karthik Kumar",
      "qualification": "",
      "total_exp": "15 years"
     },
     {
      "managing_fund_since": "",
      "name": "Index Facts",
      "qualification": "",
      "total_exp": ""
     },
     {
      "managing_fund_since": "",
      "name": "E Multiple",
      "qualification": "",
      "total_exp": ""
     },
     {
      "managing_fund_since": "",
      "name": "B Multiple",
      "qualification": "",
      "total_exp": ""
     },
     {
      "managing_fund_since": "",
      "name": "Dividend Yield",
      "qualification": "",
      "total_exp": ""
     }
    ],
    "main_scheme_name": "Axis BSE SENSEX ETF",
    "metrics": [
     {
      "name": "average_pe",
      "value": "22.67"
     },
     {
      "name": "average_pb",
      "value": "4.03"
     },
     {
      "name": "average_div_yield",
      "value": "1.16"
     },
     {
      "name": "tracking_error",
      "value": "1"
     }
    ],
    "monthly_aaum_date": "20250131",
    "mutual_fund_name": "Axis Mutual Fund"
   }
  },
  {
   "value": {
    "amc_name": "Axis Asset Management Company Limited",
    "benchmark_index": [
     "riskometer and PRC, please refer to page no 50 55."
    ],
    "field_location": [
     {
      "amc_name": "35",
      "benchmark_index": "35",
      "count": 30,
      "fund_manager_managing_fund_since": "35",
      "fund_manager_name": "35",
      "fund_manager_total_exp": "35",
      "main_scheme_name": "35",
      "metrics_average_div_yield": "35",
      "metrics_average_pb": "35",
      "metrics_average_pe": "35",
      "min_amt": "35",
      "monthly_aaum_date": "35",
      "mutual_fund_name": "35"
     }
    ],
    "fund_manager": [
     {
      "managing_fund_since": "3rd august 2023",
      "name": "Mr. Karthik Kumar",
      "qualification": "",
      "total_exp": "15 years"
     },
     {
      "managing_fund_since": "",
      "name": "Index Facts",
      "qualification": "",
      "total_exp": ""
     },
     {
      "managing_fund_since": "",
      "name": "E Multiple",
      "qualification": "",
      "total_exp": ""
     },
     {
      "managing_fund_since": "",
      "name": "B Multiple",
      "qualification": "",
      "total_exp": ""
     },
     {
      "managing_fund_since": "",
      "name": "Dividend Yield",
      "qualification": "",
      "total_exp": ""
     }
    ],
    "main_scheme_name": "Axis Equity ETFs FoF",
    "metrics": [
     {
      "name": "average_pe",
      "value": "25.52"
     },
     {
      "name": "average_pb",
      "value": "3.87"
     },
     {
      "name": "average_div_yield",
      "value": "1.12"
     }
    ],
    "min_amt": "50",
    "monthly_aaum_date": "20250131",
    "mutual_fund_name": "Axis Mutual Fund"
   }
  },
  {
   "value": {
    "amc_name": "Axis Asset Management Company Limited",
    "benchmark_index": [
     "riskometer and PRC, please refer to page no 50 55."
    ],
    "field_location": [
     {
      "amc_name": "36",
      "benchmark_index": "36",
      "count": 30,
      "fund_manager_managing_fund_since": "36",
      "fund_manager_name": "36",
      "fund_manager_total_exp": "36",
      "main_scheme_name": "36",
      "min_amt": "36",
      "monthly_aaum_date": "36",
      "mutual_fund_name": "36"
     }
    ],
    "fund_manager": [
     {
      "managing_fund_since": "9th november 2021",
      "name": "Mr. Aditya Pagaria",
      "qualification": "",
      "total_exp": "16 years"
     }
    ],
    "main_scheme_name": "Axis Gold Fund",
    "min_amt": "50",
    "monthly_aaum_date": "20250131",
    "mutual_fund_name": "Axis Mutual Fund"
   }
  },
  {
   "value": {
    "amc_name": "Axis Asset Management Company Limited",
    "benchmark_index": [
     "riskometer and PRC, please refer to page no 50 55."
    ],
    "field_location": [
     {
      "amc_name": "37",
      "benchmark_index": "37",
      "count": 30,
      "fund_manager_managing_fund_since": "37",
      "fund_manager_name": "37",
      "fund_manager_total_exp": "37",
      "main_scheme_name": "37",
      "monthly_aaum_date": "37",
      "mutual_fund_name": "37"
     }
    ],
    "fund_manager": [
     {
      "managing_fund_since": "21st september 2022",
      "name": "Mr. Aditya Pagaria",
      "qualification": "",
      "total_exp": "16 years"
     }
    ],
    "main_scheme_name": "Axis Silver Fund of Fund",
    "monthly_aaum_date": "20250131",
    "mutual_fund_name": "Axis Mutual Fund"
   }
  },
  {
   "value": {
    "amc_name": "Axis Asset Management Company Limited",
    "benchmark_index": [
     "riskometer and PRC, please refer to page no 50 55."
    ],
    "field_location": [
     {
      "amc_name": "38",
      "benchmark_index": "38",
      "count": 30,
      "fund_manager_managing_fund_since": "38",
      "fund_manager_name": "38",
      "fund_manager_total_exp": "38",
      "main_scheme_name": "38",
      "metrics_tracking_error": "38",
      "min_amt": "38",
      "monthly_aaum_date": "38",
      "monthly_aaum_value": "38",
      "mutual_fund_name": "38"
     }
    ],
    "fund_manager": [
     {
      "managing_fund_since": "20th october 2021",
      "name": "Mr. Aditya Pagaria",
      "qualification": "",
      "total_exp": "16 years"
     }
    ],
    "main_scheme_name": "Axis Nifty AAA Bond Plus SDL Apr 2026 50:50 ETF FOF",
    "metrics": [
     {
      "name": "tracking_error",
      "value": "2026"
     }
    ],
    "min_amt": "50",
    "monthly_aaum_date": "20250131",
    "monthly_aaum_value": "2025",
    "mutual_fund_name": "Axis Mutual Fund"
   }
  }
 ]
}