{
 "metadata": {
  "document_name": "60_31-Jan-25_FS.pdf",
  "file_type": "fs",
  "process_date": "20250211"
 },
 "records": [
  {
   "value": {
    "amc_name": "Helios Capital Asset Management Limited",
    "benchmark_index": [
     "NIFTY 500 Total Return Index(TRI)"
    ],
    "field_location": [
     {
      "amc_name": "3",
      "benchmark_index": "3",
      "count": 5,
      "fund_manager_managing_fund_since": "3",
      "fund_manager_name": "3",
      "fund_manager_total_exp": "3",
      "load_entry": "3",
      "load_exit": "3",
      "main_scheme_name": "3",
      "metrics_port_turnover_ratio": "3",
      "min_addl_amt": "3",
      "min_addl_amt_multiple": "3",
      "min_amt": "3",
      "min_amt_multiple": "3",
      "monthly_aaum_date": "3",
      "monthly_aaum_value": "3",
      "mutual_fund_name": "3",
      "scheme_launch_date": "3"
     }
    ],
    "fund_manager": [
     {
      "managing_fund_since": "inception",
      "name": "Mr. Alok Bahl",
      "qualification": "",
      "total_exp": "32 years"
     },
     {
      "managing_fund_since": "april 20, 2024 ",
      "name": "Mr. Pratik Singh",
      "qualification": "",
      "total_exp": "10 years of"
     }
    ],
    "load": [
     {
      "comment": "NA",
      "type": "entry"
     },
     {
      "comment": "(i) If units redeemed or switched out are upto 10% (limit) of the units purchased or switched in within 3 months from the date of allotment - Nil (ii) If units redeemed or switched out are over and above the limit within 3 months from the date of allotment - 1% of the applicable NAV (iii) If redeemed/switched out after 3 months from the date of allotment - Nil Face Value per Unit: Rs. 10",
      "type": "exit"
     }
    ],
    "main_scheme_name": "Helios Flexi Cap Fund",
    "metrics": [
     {
      "name": "port_turnover_ratio",
      "value": "0.58"
     }
    ],
    "min_addl_amt": "1,000",
    "min_addl_amt_multiple": "1",
    "min_amt": "5,000",
    "min_amt_multiple": "1",
    "monthly_aaum_date": "20250131",
    "monthly_aaum_value": "₹ 2,542.60 Crores",
    "mutual_fund_name": "Helios Mutual Fund",
    "scheme_launch_date": "20231113"
   }
  },
  {
   "value": {
    "amc_name": "Helios Capital Asset Management Limited",
    "benchmark_index": [
     "NIFTY Financial Services Total Return Index(TRI)"
    ],
    "field_location": [
     {
      "amc_name": "5",
      "benchmark_index": "5",
      "count": 5,
      "fund_manager_managing_fund_since": "5",
      "fund_manager_name": "5",
      "fund_manager_total_exp": "5",
      "load_entry": "5",
      "load_exit": "5",
      "main_scheme_name": "5",
      "metrics_mod_duration": "5",
      "metrics_port_turnover_ratio": "5",
      "min_addl_amt": "5",
      "min_addl_amt_multiple": "5",
      "min_amt": "5",
      "min_amt_multiple": "5",
      "monthly_aaum_date": "5",
      "monthly_aaum_value": "5",
      "mutual_fund_name": "5",
      "scheme_launch_date": "5"
     }
    ],
    "fund_manager": [
     {
      "managing_fund_since": "inception",
      "name": "Mr. Alok Bahl",
      "qualification": "",
      "total_exp": "32 years"
     },
     {
      "managing_fund_since": "inception",
      "name": "Mr. Pratik Singh",
      "qualification": "",
      "total_exp": "10 years"
     }
    ],
    "load": [
     {
      "comment": "NA",
      "type": "entry"
     },
     {
      "comment": "(i) If units redeemed or switched out are upto 10% (limit) of the units purchased or switched in within 3 months from the date of allotment - Nil (ii) If units redeemed or switched out are over and above the limit within 3 months from the date of allotment - 1% of the applicable NAV (iii) If redeemed/switched out after 3 months from the date of allotment - Nil Face Value per Unit: Rs. 10",
      "type": "exit"
     }
    ],
    "main_scheme_name": "Helios Financial Services Fund",
    "metrics": [
     {
      "name": "port_turnover_ratio",
      "value": "0.38"
     },
     {
      "name": "mod_duration",
      "value": "500"
     }
    ],
    "min_addl_amt": "1,000",
    "min_addl_amt_multiple": "1",
    "min_amt": "5,000",
    "min_amt_multiple": "1",
    "monthly_aaum_date": "20250131",
    "monthly_aaum_value": "₹ 146.46 Crores",
    "mutual_fund_name": "Helios Mutual Fund",
    "scheme_launch_date": "20240624"
   }
  },
  {
   "value": {
    "amc_name": "Helios Capital Asset Management Limited",
    "benchmark_index": [
     "NIFTY Large Midcap 250 Total Return Index (TRI)"
    ],
    "field_location": [
     {
      "amc_name": "7",
      "benchmark_index": "7",
      "count": 5,
      "fund_manager_managing_fund_since": "7",
      "fund_manager_name": "7",
      "fund_manager_total_exp": "7",
      "load_entry": "7",
      "load_exit": "7",
      "main_scheme_name": "7",
      "metrics_port_turnover_ratio": "7",
      "min_addl_amt": "7",
      "min_addl_amt_multiple": "7",
      "min_amt": "7",
      "min_amt_multiple": "7",
      "monthly_aaum_date": "7",
      "monthly_aaum_value": "7",
      "mutual_fund_name": "7",
      "scheme_launch_date": "7"
     }
    ],
    "fund_manager": [
     {
      "managing_fund_since": "inception",
      "name": "Mr. Alok Bahl",
      "qualification": "",
      "total_exp": "32 years"
     },
     {
      "managing_fund_since": "inception",
      "name": "Mr. Pratik Singh",
      "qualification": "",
      "total_exp": "10 years"
     }
    ],
    "load": [
     {
      "comment": "NA",
      "type": "entry"
     },
     {
      "comment": "i) If units redeemed or switched out are upto 10% (limit) of the units purchased or switched in within 3 months from the date of allotment - Nil (ii) If units redeemed or switched out are over and above the limit within 3 months from thedate of allotment - 1% of the applicable NAV (iii) If redeemed/switched out after 3 months from the date of allotment - Nil Face Value per Unit: Rs. 10",
      "type": "exit"
     }
    ],
    "main_scheme_name": "Helios Large & Mid Cap Fund",
    "metrics": [
     {
      "name": "port_turnover_ratio",
      "value": "0.03"
     }
    ],
    "min_addl_amt": "1,000",
    "min_addl_amt_multiple": "1",
    "min_amt": "5,000",
    "min_amt_multiple": "1",
    "monthly_aaum_date": "20250131",
    "monthly_aaum_value": "₹ 240.82 Crores",
    "mutual_fund_name": "Helios Mutual Fund",
    "scheme_launch_date": "20241030"
   }
  },
  {
   "value": {
    "amc_name": "Helios Capital Asset Management Limited",
    "benchmark_index": [
     "CRISIL Hybrid 50+50 - Moderate Total Return Reliance Industries Ltd. Index (TRI) HDFC Bank Ltd."
    ],
    "field_location": [
     {
      "amc_name": "9",
      "benchmark_index": "9",
      "count": 5,
      "fund_manager_managing_fund_since": "9",
      "fund_manager_name": "9",
      "fund_manager_total_exp": "9",
      "load_entry": "9",
      "load_exit": "9",
      "main_scheme_name": "9",
      "metrics_mod_duration": "9",
      "metrics_port_turnover_ratio": "9",
      "min_addl_amt": "9",
      "min_addl_amt_multiple": "9",
      "min_amt": "9",
      "min_amt_multiple": "9",
      "monthly_aaum_date": "9",
      "monthly_aaum_value": "9",
      "mutual_fund_name": "9",
      "scheme_launch_date": "9"
     }
    ],
    "fund_manager": [
     {
      "managing_fund_since": "inception",
      "name": "Mr. Alok Bahl",
      "qualification": "",
      "total_exp": "32 years"
     },
     {
      "managing_fund_since": "inception",
      "name": "Inception Aditya",
      "qualification": "",
      "total_exp": "11 years"
     },
     {
      "managing_fund_since": "inception",
      "name": "Fashion And",
      "qualification": "",
      "total_exp": ""
     },
     {
      "managing_fund_since": "",
      "name": "Retail Ltd",
      "qualification": "",
      "total_exp": ""
     },
     {
      "managing_fund_since": "",
      "name": "Adani Enterprises Ltd",
      "qualification": "",
      "total_exp": ""
     },
     {
      "managing_fund_since": "",
      "name": "Mr. Pratik Singh",
      "qualification": "",
      "total_exp": ""
     },
     {
      "managing_fund_since": "",
      "name": "Piramal Pharma Ltd",
      "qualification": "",
      "total_exp": ""
     },
     {
      "managing_fund_since": "",
      "name": "Zomato Ltd",
      "qualification": "",
      "total_exp": ""
     },
     {
      "managing_fund_since": "",
      "name": "Bharti Airtel Ltd",
      "qualification": "",
      "total_exp": ""
     },
     {
      "managing_fund_since": "",
      "name": "Mr. Utssav Modi",
      "qualification": "",
      "total_exp": ""
     },
     {
      "managing_fund_since": "",
      "name": "State Bank Of",
      "qualification": "",
      "total_exp": ""
     },
     {
      "managing_fund_since": "",
      "name": "Technologies Ltd",
      "qualification": "",
      "total_exp": ""
     }
    ],
    "load": [
     {
      "comment": "NA DLF Ltd.",
      "type": "entry"
     },
     {
      "comment": "(i) If units redeemed or switched out are upto 10% Bajaj Finance Ltd. (limit) of the units purchased or switched in within 3 months Varun Beverages Ltd. from the date of allotment - Nil Coforge Ltd. HCL Technologies Ltd. (ii) If units redeemed or switched out are over and above The Indian Hotels Company Ltd. the limit within 3 months from the date of allotment - 1% of Bharat Electronics Ltd. the applicable NAV Indegene Ltd. (iii) If units are redeemed/switched out after 3 months from NTPC Ltd. the date of allotment - Nil Swiggy Ltd. PNB Housing Finance Ltd. Face Value per Unit: Rs. 10 REC Ltd. PB Fintech Ltd.",
      "type": "exit"
     }
    ],
    "main_scheme_name": "Helios Balanced Advantage Fund",
    "metrics": [
     {
      "name": "port_turnover_ratio",
      "value": "3.56"
     },
     {
      "name": "mod_duration",
      "value": "50"
     }
    ],
    "min_addl_amt": "Rs 1,000",
    "min_addl_amt_multiple": "1",
    "min_amt": "5,000",
    "min_amt_multiple": "1",
    "monthly_aaum_date": "20250131",
    "monthly_aaum_value": "₹ 278.69 Crores",
    "mutual_fund_name": "Helios Mutual Fund",
    "scheme_launch_date": "20240327"
   }
  },
  {
   "value": {
    "amc_name": "Helios Capital Asset Management Limited",
    "benchmark_index": [
     "CRISIL Liquid Overnight Index"
    ],
    "field_location": [
     {
      "amc_name": "11",
      "benchmark_index": "11",
      "count": 5,
      "fund_manager_managing_fund_since": "11",
      "fund_manager_name": "11",
      "fund_manager_total_exp": "11",
      "load_entry": "11",
      "load_exit": "11",
      "main_scheme_name": "11",
      "metrics_avg_maturity": "11",
      "metrics_macaulay": "11",
      "metrics_mod_duration": "11",
      "metrics_ytm": "11",
      "min_addl_amt": "11",
      "min_addl_amt_multiple": "11",
      "min_amt": "11",
      "min_amt_multiple": "11",
      "monthly_aaum_date": "11",
      "monthly_aaum_value": "11",
      "mutual_fund_name": "11",
      "scheme_launch_date": "11"
     }
    ],
    "fund_manager": [
     {
      "managing_fund_since": "inception",
      "name": "Mr. Alok Bahl",
      "qualification": "",
      "total_exp": "32 years"
     },
     {
      "managing_fund_since": "inception",
      "name": "Mr. Utssav Modi",
      "qualification": "",
      "total_exp": "11 years"
     }
    ],
    "load": [
     {
      "comment": "NA",
      "type": "entry"
     },
     {
      "comment": "NIL Face Value per Unit: Rs. 1,000",
      "type": "exit"
     }
    ],
    "main_scheme_name": "Helios Overnight Fund",
    "metrics": [
     {
      "name": "ytm",
      "value": "6.60%"
     },
     {
      "name": "mod_duration",
      "value": "11 years"
     },
     {
      "name": "avg_maturity",
      "value": "1 day"
     },
     {
      "name": "macaulay",
      "value": "1 day"
     }
    ],
    "min_addl_amt": "Rs 1,000",
    "min_addl_amt_multiple": "1",
    "min_amt": "5,000",
    "min_amt_multiple": "1",
    "monthly_aaum_date": "20250131",
    "monthly_aaum_value": "₹ 145.35 Crores",
    "mutual_fund_name": "Helios Mutual Fund",
    "scheme_launch_date": "20231025"
   }
  }
 ]
}