{
    "JM ELSS Tax Saver Fund": {
        "amc_name": "JM Financial Asset Management Limited",
        "benchmark_index": "BSE 500 TRI Additional Benchmark Index Nifty 50 TRI",
        "fund_manager": [
            {
                "managing_fund_since": "",
                "name": "Chaitanya Choksi",
                "qualification": "",
                "total_exp": "21 Years"
            },
            {
                "managing_fund_since": "",
                "name": "Asit Bhandarkar",
                "qualification": "",
                "total_exp": "20 Years"
            },
            {
                "managing_fund_since": "",
                "name": "Ruchi Fozdar",
                "qualification": "",
                "total_exp": "10 Years"
            }
        ],
        "load": {
            "entry_load": null,
            "exit_load": "NIL"
        },
        "main_scheme_name": "JM ELSS Tax Saver Fund",
        "metrics": {
            "alpha": null,
            "arithmetic_mean_ratio": null,
            "average_div_yld": null,
            "average_pb": null,
            "average_pe": null,
            "avg_maturity": null,
            "beta": "0.93",
            "correlation_ratio": null,
            "downside_deviation": null,
            "information_ratio": null,
            "macaulay": null,
            "mod_duration": null,
            "port_turnover_ratio": "0.927",
            "r_squared_ratio": null,
            "roe_ratio": null,
            "sharpe": "0.32",
            "sortino_ratio": null,
            "std_dev": "16.0",
            "tracking_error": null,
            "treynor_ratio": null,
            "upside_deviation": null,
            "ytm": null
        },
        "min_addl_amt": "\u20b9 500",
        "min_addl_amt_multiple": "\u20b9 50",
        "min_amt": "\u20b9 500",
        "min_amt_multiple": "\u20b9 500",
        "monthly_aaum_date": "30-04-2025",
        "monthly_aaum_value": "\u20b9 176.30 Crore",
        "mutual_fund_name": "JM Financial Mutual Fund",
        "page_number": [
            20
        ],
        "scheme_launch_date": "31st March, 20"
    },
    "JM Flexicap Fund": {
        "amc_name": "JM Financial Asset Management Limited",
        "benchmark_index": "BSE 500 TRI Additional Benchmark Index Nifty 50 TRI",
        "fund_manager": [
            {
                "managing_fund_since": "",
                "name": "Asit Bhandarkar",
                "qualification": "",
                "total_exp": "20 Years"
            },
            {
                "managing_fund_since": "",
                "name": "Chaitanya Choksi",
                "qualification": "",
                "total_exp": "21 Years"
            },
            {
                "managing_fund_since": "",
                "name": "Ruchi Fozdar",
                "qualification": "",
                "total_exp": "10 Years"
            }
        ],
        "load": {
            "entry_load": null,
            "exit_load": "If the units are redeemedswitched out on or be date of allotment  1.00.  \t If the units are redeemed  switched out after 3 of allotment  Nil."
        },
        "main_scheme_name": "JM Flexicap Fund",
        "metrics": {
            "alpha": null,
            "arithmetic_mean_ratio": null,
            "average_div_yld": null,
            "average_pb": null,
            "average_pe": null,
            "avg_maturity": null,
            "beta": "0.92",
            "correlation_ratio": null,
            "downside_deviation": null,
            "information_ratio": null,
            "macaulay": null,
            "mod_duration": null,
            "port_turnover_ratio": "1.5927",
            "r_squared_ratio": null,
            "roe_ratio": null,
            "sharpe": "0.32",
            "sortino_ratio": null,
            "std_dev": "15.98",
            "tracking_error": null,
            "treynor_ratio": null,
            "upside_deviation": null,
            "ytm": null
        },
        "min_addl_amt": "\u20b9 100",
        "min_addl_amt_multiple": "\u20b9 1",
        "min_amt": "\u20b9 1000",
        "min_amt_multiple": "\u20b9 1",
        "monthly_aaum_date": "30-04-2025",
        "monthly_aaum_value": "\u20b9 5,105.11 Crore",
        "mutual_fund_name": "JM Financial Mutual Fund",
        "page_number": [
            21
        ],
        "scheme_launch_date": "23rd September, 20"
    },
    "JM Midcap Fund": {
        "amc_name": "JM Financial Asset Management Limited",
        "benchmark_index": "Nifty Midcap 150 TRI Additional Benchmark Index Nifty 50 TRI",
        "fund_manager": [
            {
                "managing_fund_since": "",
                "name": "Asit Bhandarkar",
                "qualification": "",
                "total_exp": "20 Years"
            },
            {
                "managing_fund_since": "",
                "name": "Ruchi Fozdar",
                "qualification": "",
                "total_exp": "10 Years"
            }
        ],
        "load": {
            "entry_load": null,
            "exit_load": "If the units are redeemedswitched out on or b date of allotment  1.00. \t If the units are redeemedswitched out after 1 of allotment  Nil."
        },
        "main_scheme_name": "JM Midcap Fund",
        "metrics": {
            "alpha": null,
            "arithmetic_mean_ratio": null,
            "average_div_yld": null,
            "average_pb": null,
            "average_pe": null,
            "avg_maturity": null,
            "beta": null,
            "correlation_ratio": null,
            "downside_deviation": null,
            "information_ratio": null,
            "macaulay": null,
            "mod_duration": null,
            "port_turnover_ratio": "1.8558",
            "r_squared_ratio": null,
            "roe_ratio": null,
            "sharpe": null,
            "sortino_ratio": null,
            "std_dev": null,
            "tracking_error": null,
            "treynor_ratio": null,
            "upside_deviation": null,
            "ytm": null
        },
        "min_addl_amt": "\u20b9 100",
        "min_addl_amt_multiple": "\u20b9 1",
        "min_amt": "\u20b9 1000",
        "min_amt_multiple": "\u20b9 1",
        "monthly_aaum_date": "30-04-2025",
        "monthly_aaum_value": "\u20b9 1,228.89 Crore",
        "mutual_fund_name": "JM Financial Mutual Fund",
        "page_number": [
            22
        ],
        "scheme_launch_date": "21st November, 2"
    },
    "JM Small Cap Fund": {
        "amc_name": "JM Financial Asset Management Limited",
        "benchmark_index": "Nifty Smallcap 250 TRI Additional Benchmark Index Nifty 50 TRI",
        "fund_manager": [
            {
                "managing_fund_since": "",
                "name": "Asit Bhandarkar",
                "qualification": "",
                "total_exp": "20 Years"
            },
            {
                "managing_fund_since": "",
                "name": "Chaitanya Choksi",
                "qualification": "",
                "total_exp": "21 Years"
            },
            {
                "managing_fund_since": "",
                "name": "Ruchi Fozdar",
                "qualification": "",
                "total_exp": "10 Years"
            }
        ],
        "load": {
            "entry_load": null,
            "exit_load": "If the units are redeemedswitched out on or be date of allotment  1.00.  \t If the units are redeemed  switched out after 1 of allotment  Nil."
        },
        "main_scheme_name": "JM Small Cap Fund",
        "metrics": {
            "alpha": null,
            "arithmetic_mean_ratio": null,
            "average_div_yld": null,
            "average_pb": null,
            "average_pe": null,
            "avg_maturity": null,
            "beta": null,
            "correlation_ratio": null,
            "downside_deviation": null,
            "information_ratio": null,
            "macaulay": null,
            "mod_duration": null,
            "port_turnover_ratio": null,
            "r_squared_ratio": null,
            "roe_ratio": null,
            "sharpe": null,
            "sortino_ratio": null,
            "std_dev": null,
            "tracking_error": null,
            "treynor_ratio": null,
            "upside_deviation": null,
            "ytm": null
        },
        "min_addl_amt": "\u20b9 100",
        "min_addl_amt_multiple": "\u20b9 1",
        "min_amt": "\u20b9 1000",
        "min_amt_multiple": "\u20b9 1",
        "monthly_aaum_date": "30-04-2025",
        "monthly_aaum_value": "\u20b9 576.94 Crore",
        "mutual_fund_name": "JM Financial Mutual Fund",
        "page_number": [
            23
        ],
        "scheme_launch_date": "18th June, 202"
    },
    "JM Large Cap Fund": {
        "amc_name": "JM Financial Asset Management Limited",
        "benchmark_index": "BSE 100 TRI Additional Benchmark Index Nifty 50 TRI",
        "fund_manager": [
            {
                "managing_fund_since": "",
                "name": "Asit Bhandarkar",
                "qualification": "",
                "total_exp": "20 Years"
            },
            {
                "managing_fund_since": "",
                "name": "Deepak Gupta",
                "qualification": "",
                "total_exp": "21 Years"
            },
            {
                "managing_fund_since": "",
                "name": "Ruchi Fozdar",
                "qualification": "",
                "total_exp": "10 Years"
            }
        ],
        "load": {
            "entry_load": null,
            "exit_load": "If the units are redeemedswitched out on or b date of allotment  1.00.  \t If the units are redeemed  switched out after of allotment  Nil."
        },
        "main_scheme_name": "JM Large Cap Fund",
        "metrics": {
            "alpha": null,
            "arithmetic_mean_ratio": null,
            "average_div_yld": null,
            "average_pb": null,
            "average_pe": null,
            "avg_maturity": null,
            "beta": "0.87",
            "correlation_ratio": null,
            "downside_deviation": null,
            "information_ratio": null,
            "macaulay": null,
            "mod_duration": null,
            "port_turnover_ratio": "2.8334",
            "r_squared_ratio": null,
            "roe_ratio": null,
            "sharpe": "0.27",
            "sortino_ratio": null,
            "std_dev": "14.3",
            "tracking_error": null,
            "treynor_ratio": null,
            "upside_deviation": null,
            "ytm": null
        },
        "min_addl_amt": "\u20b9 100",
        "min_addl_amt_multiple": "\u20b9 1",
        "min_amt": "\u20b9 1000",
        "min_amt_multiple": "\u20b9 1",
        "monthly_aaum_date": "30-04-2025",
        "monthly_aaum_value": "\u20b9 477.21 Crore",
        "mutual_fund_name": "JM Financial Mutual Fund",
        "page_number": [
            24
        ],
        "scheme_launch_date": "1st April, 19"
    },
    "JM Value Fund": {
        "amc_name": "JM Financial Asset Management Limited",
        "benchmark_index": "BSE 500 TRI Additional Benchmark Index Nifty 50 TRI",
        "fund_manager": [
            {
                "managing_fund_since": "",
                "name": "Asit Bhandarkar",
                "qualification": "",
                "total_exp": "20 Years"
            },
            {
                "managing_fund_since": "",
                "name": "Ruchi Fozdar",
                "qualification": "",
                "total_exp": "10 Years"
            }
        ],
        "load": {
            "entry_load": null,
            "exit_load": "If the units are redeemedswitched out on or be date of allotment  1.00.  \t If the units are redeemed  switched out after 3 of allotment  Nil."
        },
        "main_scheme_name": "JM Value Fund",
        "metrics": {
            "alpha": null,
            "arithmetic_mean_ratio": null,
            "average_div_yld": null,
            "average_pb": null,
            "average_pe": null,
            "avg_maturity": null,
            "beta": "0.94",
            "correlation_ratio": null,
            "downside_deviation": null,
            "information_ratio": null,
            "macaulay": null,
            "mod_duration": null,
            "port_turnover_ratio": "1.1784",
            "r_squared_ratio": null,
            "roe_ratio": null,
            "sharpe": "0.32",
            "sortino_ratio": null,
            "std_dev": "16.87",
            "tracking_error": null,
            "treynor_ratio": null,
            "upside_deviation": null,
            "ytm": null
        },
        "min_addl_amt": "\u20b9 100",
        "min_addl_amt_multiple": "\u20b9 1",
        "min_amt": "\u20b9 1000",
        "min_amt_multiple": "\u20b9 1",
        "monthly_aaum_date": "30-04-2025",
        "monthly_aaum_value": "\u20b9 969.14 Crore",
        "mutual_fund_name": "JM Financial Mutual Fund",
        "page_number": [
            25
        ],
        "scheme_launch_date": "2nd June, 199"
    },
    "JM Focused Fund": {
        "amc_name": "JM Financial Asset Management Limited",
        "benchmark_index": "BSE 500 TRI Additional Benchmark Index Nifty 50 TRI",
        "fund_manager": [
            {
                "managing_fund_since": "",
                "name": "Asit Bhandarkar",
                "qualification": "",
                "total_exp": "20 Years"
            },
            {
                "managing_fund_since": "",
                "name": "Chaitanya Choksi",
                "qualification": "",
                "total_exp": "21 Years"
            },
            {
                "managing_fund_since": "",
                "name": "Ruchi Fozdar",
                "qualification": "",
                "total_exp": "10 Years"
            }
        ],
        "load": {
            "entry_load": null,
            "exit_load": "If the units are redeemedswitched out on or b date of allotment  1.00.  \t If the units are redeemed  switched out after of allotment  Nil."
        },
        "main_scheme_name": "JM Focused Fund",
        "metrics": {
            "alpha": null,
            "arithmetic_mean_ratio": null,
            "average_div_yld": null,
            "average_pb": null,
            "average_pe": null,
            "avg_maturity": null,
            "beta": "0.86",
            "correlation_ratio": null,
            "downside_deviation": null,
            "information_ratio": null,
            "macaulay": null,
            "mod_duration": null,
            "port_turnover_ratio": "1.907",
            "r_squared_ratio": null,
            "roe_ratio": null,
            "sharpe": "0.32",
            "sortino_ratio": null,
            "std_dev": "15.2",
            "tracking_error": null,
            "treynor_ratio": null,
            "upside_deviation": null,
            "ytm": null
        },
        "min_addl_amt": "\u20b9 100",
        "min_addl_amt_multiple": "\u20b9 1",
        "min_amt": "\u20b9 1000",
        "min_amt_multiple": "\u20b9 1",
        "monthly_aaum_date": "30-04-2025",
        "monthly_aaum_value": "\u20b9 233.45 Crore",
        "mutual_fund_name": "JM Financial Mutual Fund",
        "page_number": [
            26
        ],
        "scheme_launch_date": "5th  March, 2"
    },
    "JM Arbitrage Fund": {
        "amc_name": "JM Financial Asset Management Limited",
        "benchmark_index": "Nifty 50 Arbitrage Index Additional Benchmark Index Crisil 1 Year T Bill Index  to NAV Name of Instrument  to NAV Ratin Futures Tata Power Company Limited 2.47 -2.48 Realty 1.02 -1.04 DLF Limited 1.02 -1.04 Retailing 1.07 -1.07 Aditya Birla Fashion and Retail Limited 0.61 -0.61 Info Edge (India) Limited 0.17 -0.17 Trent Limited 0.29 -0.29 Transport Infrastructure 0.64 -0.65 Adani Ports and Special Economic 0.25 -0.26 Zone Limited GMR Airports Limited 0.39 -0.39 Transport Services 0.63 -0.63 Container Corporation of India Limited 0.63 -0.63 Telecom - Services 8.42 -8.46 Bharti Airtel Limited 2.87 -2.88 Indus Towers Limited 3.26 -3.27 Vodafone Idea Limited 2.29 -2.31 Total Equity Holdings 74.96 -75.36 Other Mutual Fund Units 7.27 JM Liquid Fund - Direct Growth 7.27 Treasury Bills 12.24 182 Days T-Bill 4.21 SO 364 Days T-Bill 1.12 SO 91 Days T-Bill 6.91 SO Total Debt Holdings 19.51 TREPS  Others  5.53 Total Assets 100.00  includes net receivables  payables if any Total no. of Equity Stocks  87",
        "fund_manager": [
            {
                "managing_fund_since": "",
                "name": "Asit Bhandarkar",
                "qualification": "",
                "total_exp": "20 Years"
            },
            {
                "managing_fund_since": "",
                "name": "Chaitanya Choksi",
                "qualification": "",
                "total_exp": "21 Years"
            },
            {
                "managing_fund_since": "",
                "name": "Ruchi Fozdar",
                "qualification": "",
                "total_exp": "10 Years"
            }
        ],
        "load": {
            "entry_load": null,
            "exit_load": null
        },
        "main_scheme_name": "JM Arbitrage Fund",
        "metrics": {
            "alpha": null,
            "arithmetic_mean_ratio": null,
            "average_div_yld": null,
            "average_pb": null,
            "average_pe": null,
            "avg_maturity": null,
            "beta": null,
            "correlation_ratio": null,
            "downside_deviation": null,
            "information_ratio": null,
            "macaulay": null,
            "mod_duration": null,
            "port_turnover_ratio": "11.2395 EXPENSE RATIO Regular Plan 1.07 Direct Plan 0.40",
            "r_squared_ratio": null,
            "roe_ratio": null,
            "sharpe": null,
            "sortino_ratio": null,
            "std_dev": null,
            "tracking_error": null,
            "treynor_ratio": null,
            "upside_deviation": null,
            "ytm": null
        },
        "min_addl_amt": "",
        "min_addl_amt_multiple": "",
        "min_amt": "",
        "min_amt_multiple": "",
        "monthly_aaum_date": "30-04-2025",
        "monthly_aaum_value": "",
        "mutual_fund_name": "JM Financial Mutual Fund",
        "page_number": [
            27,
            28
        ],
        "scheme_launch_date": "18th July, 20"
    },
    "JM Aggressive Hybrid Fund": {
        "amc_name": "JM Financial Asset Management Limited",
        "benchmark_index": "CRISIL Hybrid 3565 Aggressive Additional Benchmark Index Nifty 50 TRI",
        "fund_manager": [
            {
                "managing_fund_since": "",
                "name": "Ruchi Fozdar",
                "qualification": "",
                "total_exp": "10 Years"
            }
        ],
        "load": {
            "entry_load": null,
            "exit_load": "If the units are redeemed  switched out on or before  allotment  1.00.  If the units are redeemed  switched out after 60 days  Nil."
        },
        "main_scheme_name": "JM Aggressive Hybrid Fund",
        "metrics": {
            "alpha": null,
            "arithmetic_mean_ratio": null,
            "average_div_yld": null,
            "average_pb": null,
            "average_pe": null,
            "avg_maturity": "5.7671",
            "beta": "9.68",
            "correlation_ratio": null,
            "downside_deviation": null,
            "information_ratio": null,
            "macaulay": "4.1395",
            "mod_duration": "3.9637",
            "port_turnover_ratio": "1.3815",
            "r_squared_ratio": null,
            "roe_ratio": null,
            "sharpe": "7.20",
            "sortino_ratio": null,
            "std_dev": "12.58",
            "tracking_error": null,
            "treynor_ratio": null,
            "upside_deviation": null,
            "ytm": "6.96"
        },
        "min_addl_amt": "\u20b9 100",
        "min_addl_amt_multiple": "\u20b9 1",
        "min_amt": "\u20b9 1000",
        "min_amt_multiple": "\u20b9 1",
        "monthly_aaum_date": "30-04-2025",
        "monthly_aaum_value": "\u20b9 750.34 Crore",
        "mutual_fund_name": "JM Financial Mutual Fund",
        "page_number": [
            29
        ],
        "scheme_launch_date": "1st April, 1995"
    },
    "JM Overnight Fund": {
        "amc_name": "JM Financial Asset Management Limited",
        "benchmark_index": "CRISIL Liquid Overnight Index Additional Benchmark Index Crisil 1 Year T Bill Inde",
        "fund_manager": [
            {
                "managing_fund_since": "",
                "name": "Killol Pandya",
                "qualification": "",
                "total_exp": "17 Years"
            },
            {
                "managing_fund_since": "",
                "name": "Naghma Khoja",
                "qualification": "",
                "total_exp": "6 Years"
            },
            {
                "managing_fund_since": "",
                "name": "Ruchi Fozdar",
                "qualification": "",
                "total_exp": "10 Years"
            }
        ],
        "load": {
            "entry_load": null,
            "exit_load": "NIL"
        },
        "main_scheme_name": "JM Overnight Fund",
        "metrics": {
            "alpha": null,
            "arithmetic_mean_ratio": null,
            "average_div_yld": null,
            "average_pb": null,
            "average_pe": null,
            "avg_maturity": "2.01",
            "beta": null,
            "correlation_ratio": null,
            "downside_deviation": null,
            "information_ratio": null,
            "macaulay": "2.01",
            "mod_duration": "1.86",
            "port_turnover_ratio": null,
            "r_squared_ratio": null,
            "roe_ratio": null,
            "sharpe": null,
            "sortino_ratio": null,
            "std_dev": null,
            "tracking_error": null,
            "treynor_ratio": null,
            "upside_deviation": null,
            "ytm": "6.6"
        },
        "min_addl_amt": "\u20b9 100",
        "min_addl_amt_multiple": "\u20b9 1",
        "min_amt": "\u20b9 1000",
        "min_amt_multiple": "\u20b9 1",
        "monthly_aaum_date": "30-04-2025",
        "monthly_aaum_value": "\u20b9 213.62 Crore",
        "mutual_fund_name": "JM Financial Mutual Fund",
        "page_number": [
            30
        ],
        "scheme_launch_date": "3rd December, 2"
    },
    "JM Liquid Fund": {
        "amc_name": "JM Financial Asset Management Limited",
        "benchmark_index": "CRISIL Liquid Debt A-I Index Additional Benchmark Index Crisil 1 Year T Bill Index",
        "fund_manager": [
            {
                "managing_fund_since": "",
                "name": "Killol Pandya",
                "qualification": "",
                "total_exp": "17 Years"
            },
            {
                "managing_fund_since": "",
                "name": "Naghma Khoja",
                "qualification": "",
                "total_exp": "6 Years"
            },
            {
                "managing_fund_since": "",
                "name": "Ruchi Fozdar",
                "qualification": "",
                "total_exp": "10 Years"
            }
        ],
        "load": {
            "entry_load": null,
            "exit_load": null
        },
        "main_scheme_name": "JM Liquid Fund",
        "metrics": {
            "alpha": null,
            "arithmetic_mean_ratio": null,
            "average_div_yld": null,
            "average_pb": null,
            "average_pe": null,
            "avg_maturity": "0.1609",
            "beta": null,
            "correlation_ratio": null,
            "downside_deviation": null,
            "information_ratio": null,
            "macaulay": "0.1603",
            "mod_duration": "0.1499",
            "port_turnover_ratio": null,
            "r_squared_ratio": null,
            "roe_ratio": null,
            "sharpe": null,
            "sortino_ratio": null,
            "std_dev": null,
            "tracking_error": null,
            "treynor_ratio": null,
            "upside_deviation": null,
            "ytm": "7.03"
        },
        "min_addl_amt": "\u20b9 100",
        "min_addl_amt_multiple": "\u20b9 1",
        "min_amt": "\u20b9 1000",
        "min_amt_multiple": "\u20b9 1",
        "monthly_aaum_date": "30-04-2025",
        "monthly_aaum_value": "\u20b9 3,264.35 Crore",
        "mutual_fund_name": "JM Financial Mutual Fund",
        "page_number": [
            31
        ],
        "scheme_launch_date": "31st December, 199"
    },
    "JM Short Duration Fund": {
        "amc_name": "JM Financial Asset Management Limited",
        "benchmark_index": "CRISIL Short Duration Debt A-I Additional Benchmark Index Crisil 1 Year T Bill Inde",
        "fund_manager": [
            {
                "managing_fund_since": "",
                "name": "Killol Pandya",
                "qualification": "",
                "total_exp": "17 Years"
            },
            {
                "managing_fund_since": "",
                "name": "Naghma Khoja",
                "qualification": "",
                "total_exp": "6 Years"
            },
            {
                "managing_fund_since": "",
                "name": "Ruchi Fozdar",
                "qualification": "",
                "total_exp": "10 Years"
            }
        ],
        "load": {
            "entry_load": null,
            "exit_load": "NIL"
        },
        "main_scheme_name": "JM Short Duration Fund",
        "metrics": {
            "alpha": null,
            "arithmetic_mean_ratio": null,
            "average_div_yld": null,
            "average_pb": null,
            "average_pe": null,
            "avg_maturity": "3.0417",
            "beta": null,
            "correlation_ratio": null,
            "downside_deviation": null,
            "information_ratio": null,
            "macaulay": "2.6308",
            "mod_duration": "2.4948",
            "port_turnover_ratio": null,
            "r_squared_ratio": null,
            "roe_ratio": null,
            "sharpe": null,
            "sortino_ratio": null,
            "std_dev": null,
            "tracking_error": null,
            "treynor_ratio": null,
            "upside_deviation": null,
            "ytm": "7.1"
        },
        "min_addl_amt": "\u20b9 100",
        "min_addl_amt_multiple": "\u20b9 1",
        "min_amt": "\u20b9 1000",
        "min_amt_multiple": "\u20b9 1",
        "monthly_aaum_date": "30-04-2025",
        "monthly_aaum_value": "\u20b9 116.86 Crore",
        "mutual_fund_name": "JM Financial Mutual Fund",
        "page_number": [
            32
        ],
        "scheme_launch_date": "29th August, 2"
    },
    "JM Dynamic Bond Fund": {
        "amc_name": "JM Financial Asset Management Limited",
        "benchmark_index": "CRISIL Dynamic Bond A-III Index Additional Benchmark Index Crisil 10 Year Gilt Index",
        "fund_manager": [
            {
                "managing_fund_since": "",
                "name": "Killol Pandya",
                "qualification": "",
                "total_exp": "17 Years"
            },
            {
                "managing_fund_since": "",
                "name": "Naghma Khoja",
                "qualification": "",
                "total_exp": "6 Years"
            },
            {
                "managing_fund_since": "",
                "name": "Ruchi Fozdar",
                "qualification": "",
                "total_exp": "10 Years"
            }
        ],
        "load": {
            "entry_load": null,
            "exit_load": "NIL"
        },
        "main_scheme_name": "JM Dynamic Bond Fund",
        "metrics": {
            "alpha": null,
            "arithmetic_mean_ratio": null,
            "average_div_yld": null,
            "average_pb": null,
            "average_pe": null,
            "avg_maturity": "10.4981",
            "beta": null,
            "correlation_ratio": null,
            "downside_deviation": null,
            "information_ratio": null,
            "macaulay": "7.2646",
            "mod_duration": "6.9776",
            "port_turnover_ratio": null,
            "r_squared_ratio": null,
            "roe_ratio": null,
            "sharpe": null,
            "sortino_ratio": null,
            "std_dev": null,
            "tracking_error": null,
            "treynor_ratio": null,
            "upside_deviation": null,
            "ytm": "6.84"
        },
        "min_addl_amt": "\u20b9 100",
        "min_addl_amt_multiple": "\u20b9 1",
        "min_amt": "\u20b9 1000",
        "min_amt_multiple": "\u20b9 1",
        "monthly_aaum_date": "30-04-2025",
        "monthly_aaum_value": "\u20b9 44.35 Crore",
        "mutual_fund_name": "JM Financial Mutual Fund",
        "page_number": [
            33
        ],
        "scheme_launch_date": "25th June, 20"
    },
    "JM Low Duration Fund": {
        "amc_name": "JM Financial Asset Management Limited",
        "benchmark_index": "CRISIL Low Duration Debt A-I I Additional Benchmark Index Crisil 1 Year T Bill Inde",
        "fund_manager": [
            {
                "managing_fund_since": "",
                "name": "Killol Pandya",
                "qualification": "",
                "total_exp": "17 Years"
            },
            {
                "managing_fund_since": "",
                "name": "Naghma Khoja",
                "qualification": "",
                "total_exp": "6 Years"
            },
            {
                "managing_fund_since": "",
                "name": "Ruchi Fozdar",
                "qualification": "",
                "total_exp": "10 Years"
            }
        ],
        "load": {
            "entry_load": null,
            "exit_load": "NIL"
        },
        "main_scheme_name": "JM Low Duration Fund",
        "metrics": {
            "alpha": null,
            "arithmetic_mean_ratio": null,
            "average_div_yld": null,
            "average_pb": null,
            "average_pe": null,
            "avg_maturity": "0.9956",
            "beta": null,
            "correlation_ratio": null,
            "downside_deviation": null,
            "information_ratio": null,
            "macaulay": "0.9396",
            "mod_duration": "0.8800",
            "port_turnover_ratio": null,
            "r_squared_ratio": null,
            "roe_ratio": null,
            "sharpe": null,
            "sortino_ratio": null,
            "std_dev": null,
            "tracking_error": null,
            "treynor_ratio": null,
            "upside_deviation": null,
            "ytm": "7.4"
        },
        "min_addl_amt": "\u20b9 100",
        "min_addl_amt_multiple": "\u20b9 1",
        "min_amt": "\u20b9 1000",
        "min_amt_multiple": "\u20b9 1",
        "monthly_aaum_date": "30-04-2025",
        "monthly_aaum_value": "\u20b9 222.68 Crore",
        "mutual_fund_name": "JM Financial Mutual Fund",
        "page_number": [
            34
        ],
        "scheme_launch_date": "27th September, 2"
    },
    "JM Medium to Long Duration Fund": {
        "amc_name": "JM Financial Asset Management Limited",
        "benchmark_index": "CRISIL Medium to Long Duration Additional Benchmark Index Crisil 10 Year Gilt Index",
        "fund_manager": [
            {
                "managing_fund_since": "",
                "name": "Killol Pandya",
                "qualification": "",
                "total_exp": "17 Years"
            },
            {
                "managing_fund_since": "",
                "name": "Naghma Khoja",
                "qualification": "",
                "total_exp": "6 Years"
            },
            {
                "managing_fund_since": "",
                "name": "Ruchi Fozdar",
                "qualification": "",
                "total_exp": "10 Years"
            }
        ],
        "load": {
            "entry_load": null,
            "exit_load": "NIL"
        },
        "main_scheme_name": "JM Medium to Long Duration Fund",
        "metrics": {
            "alpha": null,
            "arithmetic_mean_ratio": null,
            "average_div_yld": null,
            "average_pb": null,
            "average_pe": null,
            "avg_maturity": "9.7652",
            "beta": null,
            "correlation_ratio": null,
            "downside_deviation": null,
            "information_ratio": null,
            "macaulay": "6.9720",
            "mod_duration": "6.7494",
            "port_turnover_ratio": null,
            "r_squared_ratio": null,
            "roe_ratio": null,
            "sharpe": null,
            "sortino_ratio": null,
            "std_dev": null,
            "tracking_error": null,
            "treynor_ratio": null,
            "upside_deviation": null,
            "ytm": "6.70"
        },
        "min_addl_amt": "\u20b9 100",
        "min_addl_amt_multiple": "\u20b9 1",
        "min_amt": "\u20b9 1000",
        "min_amt_multiple": "\u20b9 1",
        "monthly_aaum_date": "30-04-2025",
        "monthly_aaum_value": "\u20b9 24.35 Crore",
        "mutual_fund_name": "JM Financial Mutual Fund",
        "page_number": [
            35
        ],
        "scheme_launch_date": "1st April, 199"
    }
}