{
    "Angel One Nifty 1D Rate Liquid ETF - Growth": {
        "amc_name": "Angel One Asset Management Company Limited",
        "benchmark_index": "Nifty 1D Rate Index",
        "fund_manager": [
            {
                "managing_fund_since": "March 2025",
                "name": "Mehul Dama",
                "qualification": "",
                "total_exp": "19 Years"
            },
            {
                "managing_fund_since": "March 2025",
                "name": "Kewal Shah",
                "qualification": "",
                "total_exp": "10 Years"
            }
        ],
        "load": {
            "entry_load": null,
            "exit_load": null
        },
        "main_scheme_name": "Angel One Nifty 1D Rate Liquid ETF - Growth",
        "metrics": {
            "alpha": null,
            "arithmetic_mean_ratio": null,
            "average_div_yld": null,
            "average_pb": null,
            "average_pe": null,
            "avg_maturity": null,
            "beta": null,
            "correlation_ratio": null,
            "downside_deviation": null,
            "information_ratio": null,
            "macaulay": null,
            "mod_duration": null,
            "port_turnover_ratio": null,
            "r_squared_ratio": null,
            "roe_ratio": null,
            "sharpe": null,
            "sortino_ratio": null,
            "std_dev": null,
            "tracking_error": "0.00",
            "treynor_ratio": null,
            "upside_deviation": null,
            "ytm": null
        },
        "min_addl_amt": "",
        "min_addl_amt_multiple": "",
        "min_amt": "",
        "min_amt_multiple": "",
        "monthly_aaum_date": "30-04-2025",
        "monthly_aaum_value": "\u20b9 5.92 crs",
        "mutual_fund_name": "Angel One Mutual Fund",
        "page_number": [
            0
        ],
        "scheme_launch_date": "25th March 2025"
    },
    "Angel One Nifty Total Market ETF": {
        "amc_name": "Angel One Asset Management Company Limited",
        "benchmark_index": "Nifty Total Market TRI (Total Return Index)",
        "fund_manager": [
            {
                "managing_fund_since": "February 2025",
                "name": "Mehul Dama",
                "qualification": "",
                "total_exp": "19 Years"
            },
            {
                "managing_fund_since": "February 2025",
                "name": "Kewal Shah",
                "qualification": "",
                "total_exp": "10 Years"
            }
        ],
        "load": {
            "entry_load": null,
            "exit_load": null
        },
        "main_scheme_name": "Angel One Nifty Total Market ETF",
        "metrics": {
            "alpha": null,
            "arithmetic_mean_ratio": null,
            "average_div_yld": null,
            "average_pb": null,
            "average_pe": null,
            "avg_maturity": null,
            "beta": null,
            "correlation_ratio": null,
            "downside_deviation": null,
            "information_ratio": null,
            "macaulay": null,
            "mod_duration": null,
            "port_turnover_ratio": null,
            "r_squared_ratio": null,
            "roe_ratio": null,
            "sharpe": null,
            "sortino_ratio": null,
            "std_dev": null,
            "tracking_error": "0.05",
            "treynor_ratio": null,
            "upside_deviation": null,
            "ytm": null
        },
        "min_addl_amt": "",
        "min_addl_amt_multiple": "",
        "min_amt": "",
        "min_amt_multiple": "",
        "monthly_aaum_date": "30-04-2025",
        "monthly_aaum_value": "\u20b9 15.60 crs",
        "mutual_fund_name": "Angel One Mutual Fund",
        "page_number": [
            2
        ],
        "scheme_launch_date": "28th February 2025"
    },
    "Angel One Nifty Total Market Index Fund": {
        "amc_name": "Angel One Asset Management Company Limited",
        "benchmark_index": "Nifty Total Market TRI (Total Return Index) NAV (as on 31st March 2025) Direct Plan(Growth Option) Rs.10.7213- per unit Regular Plan(Growth Option) Rs.10.7142- per unit Fund Manager Details Fund Managers Mr. Mehul Dama Overall Experience 19 years (managing scheme since February 2025) Other Schemes Managed Angel One Nifty Total Market ETF Angel One Nifty 1D Rate Liquid ETF - Growth Mr. Kewal Shah Overall Experience 10 years (managing since February 2025) Other Schemes Managed Angel One Nifty Total Market ETF Angel One Nifty 1D Rate Liquid ETF - Growth",
        "fund_manager": [
            {
                "managing_fund_since": "February 2025",
                "name": "Mehul Dama",
                "qualification": "",
                "total_exp": "19 Years"
            },
            {
                "managing_fund_since": "February 2025",
                "name": "Kewal Shah",
                "qualification": "",
                "total_exp": "10 Years"
            }
        ],
        "load": {
            "entry_load": "NA",
            "exit_load": "Nil"
        },
        "main_scheme_name": "Angel One Nifty Total Market Index Fund",
        "metrics": {
            "alpha": null,
            "arithmetic_mean_ratio": null,
            "average_div_yld": null,
            "average_pb": null,
            "average_pe": null,
            "avg_maturity": null,
            "beta": null,
            "correlation_ratio": null,
            "downside_deviation": null,
            "information_ratio": null,
            "macaulay": null,
            "mod_duration": null,
            "port_turnover_ratio": null,
            "r_squared_ratio": null,
            "roe_ratio": null,
            "sharpe": null,
            "sortino_ratio": null,
            "std_dev": null,
            "tracking_error": "0.12",
            "treynor_ratio": null,
            "upside_deviation": null,
            "ytm": null
        },
        "min_addl_amt": "\u20b9 1000",
        "min_addl_amt_multiple": "\u20b9 1",
        "min_amt": "\u20b9 1000",
        "min_amt_multiple": "\u20b9 1",
        "monthly_aaum_date": "30-04-2025",
        "monthly_aaum_value": "\u20b9 31.84 crs",
        "mutual_fund_name": "Angel One Mutual Fund",
        "page_number": [
            4
        ],
        "scheme_launch_date": "28th February 2025"
    }
}