{
    "Navi Flexi Cap Fund": {
        "amc_name": "Navi Asset Management Company Limited",
        "benchmark_index": "",
        "fund_manager": [
            {
                "managing_fund_since": "February 14, 2025",
                "name": "Ashutosh Shirwaikar",
                "qualification": "",
                "total_exp": ""
            }
        ],
        "load": {
            "entry_load": "",
            "exit_load": "NIL"
        },
        "main_scheme_name": "Navi Flexi Cap Fund",
        "metrics": {
            "alpha": null,
            "arithmetic_mean_ratio": null,
            "average_div_yld": null,
            "average_pb": null,
            "average_pe": null,
            "avg_maturity": null,
            "beta": "0.9103",
            "correlation_ratio": null,
            "downside_deviation": null,
            "information_ratio": null,
            "macaulay": null,
            "mod_duration": null,
            "port_turnover_ratio": "0.80",
            "r_squared_ratio": null,
            "roe_ratio": null,
            "sharpe": "0.3606",
            "sortino_ratio": null,
            "std_dev": null,
            "stddev": "14.3311",
            "tracking_error": null,
            "treynor_ratio": null,
            "upside_deviation": null,
            "ytm": null
        },
        "min_addl_amt": "",
        "min_addl_amt_multiple": "",
        "min_amt": "\u20b9 100",
        "min_amt_multiple": "\u20b9 1",
        "monthly_aaum_date": "30-04-2025",
        "monthly_aaum_value": "\u20b9 235.99 Crs",
        "mutual_fund_name": "Navi Mutual Fund",
        "page_number": [
            2,
            3
        ],
        "scheme_launch_date": "9th July, 2018"
    },
    "Navi Large & Midcap Fund": {
        "amc_name": "Navi Asset Management Company Limited",
        "benchmark_index": "nifty Large Midcap 250 TRI",
        "fund_manager": [
            {
                "managing_fund_since": "February 14, 2025",
                "name": "Ashutosh Shirwaikaris",
                "qualification": "",
                "total_exp": ""
            }
        ],
        "load": {
            "entry_load": "",
            "exit_load": "NIL"
        },
        "main_scheme_name": "Navi Large & Midcap Fund",
        "metrics": {
            "alpha": null,
            "arithmetic_mean_ratio": null,
            "average_div_yld": null,
            "average_pb": null,
            "average_pe": null,
            "avg_maturity": null,
            "beta": "0.9317",
            "correlation_ratio": null,
            "downside_deviation": null,
            "information_ratio": null,
            "macaulay": null,
            "mod_duration": null,
            "port_turnover_ratio": "0.75",
            "r_squared_ratio": null,
            "roe_ratio": null,
            "sharpe": "0.3766",
            "sortino_ratio": null,
            "std_dev": null,
            "stddev": "15.2797",
            "tracking_error": null,
            "treynor_ratio": null,
            "upside_deviation": null,
            "ytm": null
        },
        "min_addl_amt": "",
        "min_addl_amt_multiple": "",
        "min_amt": "\u20b9 100",
        "min_amt_multiple": "\u20b9 1",
        "monthly_aaum_date": "30-04-2025",
        "monthly_aaum_value": "\u20b9 286.53 Crs",
        "mutual_fund_name": "Navi Mutual Fund",
        "page_number": [
            4,
            5
        ],
        "scheme_launch_date": "07th December, 2015"
    },
    "Navi Aggressive Hybrid Fund": {
        "amc_name": "Navi Asset Management Company Limited",
        "benchmark_index": "crisil Hybrid 3565-Aggressive  TRI",
        "fund_manager": [
            {
                "managing_fund_since": "February 14, 2025",
                "name": "Ashutosh Shirwaikar",
                "qualification": "",
                "total_exp": ""
            },
            {
                "managing_fund_since": "1St February, 2024",
                "name": "Ashutosh Shirwaikar",
                "qualification": "",
                "total_exp": ""
            }
        ],
        "load": {
            "entry_load": "",
            "exit_load": "NIL"
        },
        "main_scheme_name": "Navi Aggressive Hybrid Fund",
        "metrics": {
            "alpha": null,
            "arithmetic_mean_ratio": null,
            "average_div_yld": null,
            "average_pb": null,
            "average_pe": null,
            "avg_maturity": "0.44",
            "beta": "1.0421",
            "correlation_ratio": null,
            "downside_deviation": null,
            "information_ratio": null,
            "macaulay": "0",
            "mod_duration": null,
            "port_turnover_ratio": "0.68",
            "r_squared_ratio": null,
            "roe_ratio": null,
            "sharpe": "0.4894",
            "sortino_ratio": null,
            "std_dev": null,
            "stddev": "10.4431",
            "tracking_error": null,
            "treynor_ratio": null,
            "upside_deviation": null,
            "ytm": "7.46"
        },
        "min_addl_amt": "",
        "min_addl_amt_multiple": "",
        "min_amt": "\u20b9 100",
        "min_amt_multiple": "\u20b9 1",
        "monthly_aaum_date": "30-04-2025",
        "monthly_aaum_value": "\u20b9 113.35 Crs",
        "mutual_fund_name": "Navi Mutual Fund",
        "page_number": [
            6,
            7
        ],
        "scheme_launch_date": "30th April, 2018"
    },
    "Navi ELSS Tax Saver Fund": {
        "amc_name": "Navi Asset Management Company Limited",
        "benchmark_index": "nifty 500 TRI",
        "fund_manager": [
            {
                "managing_fund_since": "February 14, 2025",
                "name": "Ashutosh Shirwaikaris",
                "qualification": "",
                "total_exp": ""
            }
        ],
        "load": {
            "entry_load": "",
            "exit_load": "NIL"
        },
        "main_scheme_name": "Navi ELSS Tax Saver Fund",
        "metrics": {
            "alpha": null,
            "arithmetic_mean_ratio": null,
            "average_div_yld": null,
            "average_pb": null,
            "average_pe": null,
            "avg_maturity": null,
            "beta": "0.8974",
            "correlation_ratio": null,
            "downside_deviation": null,
            "information_ratio": null,
            "macaulay": null,
            "mod_duration": null,
            "port_turnover_ratio": "0.37",
            "r_squared_ratio": null,
            "roe_ratio": null,
            "sharpe": "0.3826",
            "sortino_ratio": null,
            "std_dev": null,
            "stddev": "14.1063",
            "tracking_error": null,
            "treynor_ratio": null,
            "upside_deviation": null,
            "ytm": null
        },
        "min_addl_amt": "",
        "min_addl_amt_multiple": "",
        "min_amt": "\u20b9 500",
        "min_amt_multiple": "\u20b9 1",
        "monthly_aaum_date": "30-04-2025",
        "monthly_aaum_value": "\u20b9 54.28 Crs",
        "mutual_fund_name": "Navi Mutual Fund",
        "page_number": [
            8,
            9
        ],
        "scheme_launch_date": "30th December, 2015"
    },
    "Navi Liquid Fund": {
        "amc_name": "Navi Asset Management Company Limited",
        "benchmark_index": "crisil Liquid Debt A-I  TRI",
        "fund_manager": [
            {
                "managing_fund_since": "1St February, 2024",
                "name": "Tanmay Sethiis",
                "qualification": "",
                "total_exp": ""
            }
        ],
        "load": {
            "entry_load": "",
            "exit_load": "Investment period i.e Exit Load as a  of no of days from date of Redemption subscription NAV Proceeds 1 Day 0.0070 2 Days 0.0065 3 Days 0.0060 4 Days 0.0055 5 Days 0.0050 6 Days 0.0045 7 Days or more NIL Asset Allocation PatternDebt and Money Market Instruments with maturityresidual maturity up to 91 days 0 to 100 Cash  Cash equivalents 0 to 100  Total Expense Ratio (TER) Regular Plan 0.20  Direct Plan 0.15  - Above TER includes additional expenses but excludes GST. For TER inclusive of GST please refer to page no. 13 Net Asset Value (NAV) as on March 31, 2025 Scheme NAV (in ) Direct Plan - Daily Dividend Option 10.0129 Direct Plan - Growth Option 28.2092 Direct Plan - Monthly Dividend Option 10.0178 Direct Plan - Weekly Dividend Option 10.0203 Regular Plan - Daily Dividend Option 10.0129 Regular Plan - Growth Option 27.9637 Regular Plan - Monthly Dividend Option 10.0176 Regular Plan - Weekly Dividend Option 10.0206 Unclm Red Div  3 Yrs 27.9315 Unclm Red Div  3 Yrs 10.0000 Performance as on March 31, 2025 Navi Liquid Fund - Crisil Liq Period Regular Growth A-1 T 1 Year CAGR  6.93 7.2 3 Years CAGR  6.48 6. 5 Years CAGR  5.25 5. 10 Years CAGR  6.18 6.2 Since Inception CAGR  7.04 6.9 Current Value of investment if 10000- was invested on Inception date (in ) 27964 27 Current Value of investment if 10000- was invested 1 Year Ago 10693 10 Current Value of investment if 10000- was invested 3 Years Ago 12076 12 Current Value of investment if 10000- was invested 5 Years Ago 12915 13 Current Value of investment if 10000- was invested 10 Years Ago 18224 18 In case, the start date or the end date of the concerned period is a non-business day, the NAV of the pre not be sustained in future. The Direct Plan has a lower expense ratio as compared to the Regular Other th"
        },
        "main_scheme_name": "Navi Liquid Fund",
        "metrics": {
            "alpha": null,
            "arithmetic_mean_ratio": null,
            "average_div_yld": null,
            "average_pb": null,
            "average_pe": null,
            "avg_maturity": "0.06",
            "beta": "0.7906",
            "correlation_ratio": null,
            "downside_deviation": null,
            "information_ratio": null,
            "macaulay": "0.06",
            "mod_duration": null,
            "port_turnover_ratio": null,
            "r_squared_ratio": null,
            "roe_ratio": null,
            "sharpe": null,
            "sortino_ratio": null,
            "std_dev": null,
            "stddev": "0.2403",
            "tracking_error": null,
            "treynor_ratio": null,
            "upside_deviation": null,
            "ytm": "6.37"
        },
        "min_addl_amt": "",
        "min_addl_amt_multiple": "",
        "min_amt": "\u20b9 100",
        "min_amt_multiple": "\u20b9 1",
        "monthly_aaum_date": "30-04-2025",
        "monthly_aaum_value": "\u20b9 74.28 Crs",
        "mutual_fund_name": "Navi Mutual Fund",
        "page_number": [
            10
        ],
        "scheme_launch_date": "19th Feb, 2010"
    },
    "Navi Nifty 50 Index Fund": {
        "amc_name": "Navi Asset Management Company Limited",
        "benchmark_index": "nifty 50 TRI",
        "fund_manager": [
            {
                "managing_fund_since": "February 14, 2025",
                "name": "Ashutosh Shirwaikar",
                "qualification": "",
                "total_exp": ""
            }
        ],
        "load": {
            "entry_load": "",
            "exit_load": "NIL"
        },
        "main_scheme_name": "Navi Nifty 50 Index Fund",
        "metrics": {
            "alpha": null,
            "arithmetic_mean_ratio": null,
            "average_div_yld": null,
            "average_pb": null,
            "average_pe": null,
            "avg_maturity": null,
            "beta": null,
            "correlation_ratio": null,
            "downside_deviation": null,
            "information_ratio": null,
            "macaulay": null,
            "mod_duration": null,
            "port_turnover_ratio": "0.22",
            "r_squared_ratio": null,
            "roe_ratio": null,
            "sharpe": null,
            "sortino_ratio": null,
            "std_dev": null,
            "tracking_error": "0.04",
            "treynor_ratio": null,
            "upside_deviation": null,
            "ytm": null
        },
        "min_addl_amt": "",
        "min_addl_amt_multiple": "",
        "min_amt": "\u20b9 100",
        "min_amt_multiple": "\u20b9 1",
        "monthly_aaum_date": "30-04-2025",
        "monthly_aaum_value": "\u20b9 2827.07 Crs",
        "mutual_fund_name": "Navi Mutual Fund",
        "page_number": [
            18,
            19
        ],
        "scheme_launch_date": "15 July, 2021"
    },
    "Navi US Total Stock Market Fund of Fund": {
        "amc_name": "Navi Asset Management Company Limited",
        "benchmark_index": "crsp US Total Market TRI",
        "fund_manager": [
            {
                "managing_fund_since": "February 14, 2025",
                "name": "Ashutosh Shirwaikar",
                "qualification": "",
                "total_exp": ""
            }
        ],
        "load": {
            "entry_load": "",
            "exit_load": "NIL"
        },
        "main_scheme_name": "Navi US Total Stock Market Fund of Fund",
        "metrics": {
            "alpha": null,
            "arithmetic_mean_ratio": null,
            "average_div_yld": null,
            "average_pb": null,
            "average_pe": null,
            "avg_maturity": null,
            "beta": null,
            "correlation_ratio": null,
            "downside_deviation": null,
            "information_ratio": null,
            "macaulay": null,
            "mod_duration": null,
            "port_turnover_ratio": null,
            "r_squared_ratio": null,
            "roe_ratio": null,
            "sharpe": null,
            "sortino_ratio": null,
            "std_dev": null,
            "tracking_error": null,
            "treynor_ratio": null,
            "upside_deviation": null,
            "ytm": null
        },
        "min_addl_amt": "",
        "min_addl_amt_multiple": "",
        "min_amt": "\u20b9 100",
        "min_amt_multiple": "\u20b9 1",
        "monthly_aaum_date": "30-04-2025",
        "monthly_aaum_value": "\u20b9 906.30 Crs",
        "mutual_fund_name": "Navi Mutual Fund",
        "page_number": [
            20
        ],
        "scheme_launch_date": "24th February, 2022"
    },
    "Navi NASDAQ 100 Fund of Fund": {
        "amc_name": "Navi Asset Management Company Limited",
        "benchmark_index": "nasdaq 100 TRI",
        "fund_manager": [
            {
                "managing_fund_since": "February 14, 2025",
                "name": "Ashutosh Shirwaikar",
                "qualification": "",
                "total_exp": ""
            }
        ],
        "load": {
            "entry_load": "",
            "exit_load": "NIL"
        },
        "main_scheme_name": "Navi NASDAQ 100 Fund of Fund",
        "metrics": {
            "alpha": null,
            "arithmetic_mean_ratio": null,
            "average_div_yld": null,
            "average_pb": null,
            "average_pe": null,
            "avg_maturity": null,
            "beta": null,
            "correlation_ratio": null,
            "downside_deviation": null,
            "information_ratio": null,
            "macaulay": null,
            "mod_duration": null,
            "port_turnover_ratio": null,
            "r_squared_ratio": null,
            "roe_ratio": null,
            "sharpe": null,
            "sortino_ratio": null,
            "std_dev": null,
            "tracking_error": null,
            "treynor_ratio": null,
            "upside_deviation": null,
            "ytm": null
        },
        "min_addl_amt": "",
        "min_addl_amt_multiple": "",
        "min_amt": "\u20b9 100",
        "min_amt_multiple": "\u20b9 1",
        "monthly_aaum_date": "30-04-2025",
        "monthly_aaum_value": "\u20b9 961.92 Crs",
        "mutual_fund_name": "Navi Mutual Fund",
        "page_number": [
            21
        ],
        "scheme_launch_date": "23rd March, 2022"
    },
    "Navi Nifty Next 50 Index Fund": {
        "amc_name": "Navi Asset Management Company Limited",
        "benchmark_index": "niy Next 50 TRI",
        "fund_manager": [
            {
                "managing_fund_since": "February 14, 2025",
                "name": "Ashutosh Shirwaikar",
                "qualification": "",
                "total_exp": ""
            }
        ],
        "load": {
            "entry_load": "",
            "exit_load": "NIL"
        },
        "main_scheme_name": "Navi Nifty Next 50 Index Fund",
        "metrics": {
            "alpha": null,
            "arithmetic_mean_ratio": null,
            "average_div_yld": null,
            "average_pb": null,
            "average_pe": null,
            "avg_maturity": null,
            "beta": null,
            "correlation_ratio": null,
            "downside_deviation": null,
            "information_ratio": null,
            "macaulay": null,
            "mod_duration": null,
            "port_turnover_ratio": "0.79",
            "r_squared_ratio": null,
            "roe_ratio": null,
            "sharpe": null,
            "sortino_ratio": null,
            "std_dev": null,
            "tracking_error": "0.41",
            "treynor_ratio": null,
            "upside_deviation": null,
            "ytm": null
        },
        "min_addl_amt": "",
        "min_addl_amt_multiple": "",
        "min_amt": "\u20b9 100",
        "min_amt_multiple": "\u20b9 1",
        "monthly_aaum_date": "30-04-2025",
        "monthly_aaum_value": "\u20b9 699.30 Crs",
        "mutual_fund_name": "Navi Mutual Fund",
        "page_number": [
            22,
            23
        ],
        "scheme_launch_date": "20th January, 2022"
    },
    "Navi Nifty Bank Index Fund": {
        "amc_name": "Navi Asset Management Company Limited",
        "benchmark_index": "nifty Bank TRI",
        "fund_manager": [
            {
                "managing_fund_since": "February 14, 2025",
                "name": "Ashutosh Shirwaikar",
                "qualification": "",
                "total_exp": ""
            }
        ],
        "load": {
            "entry_load": "",
            "exit_load": "NIL"
        },
        "main_scheme_name": "Navi Nifty Bank Index Fund",
        "metrics": {
            "alpha": null,
            "arithmetic_mean_ratio": null,
            "average_div_yld": null,
            "average_pb": null,
            "average_pe": null,
            "avg_maturity": null,
            "beta": null,
            "correlation_ratio": null,
            "downside_deviation": null,
            "information_ratio": null,
            "macaulay": null,
            "mod_duration": null,
            "port_turnover_ratio": "0.49",
            "r_squared_ratio": null,
            "roe_ratio": null,
            "sharpe": null,
            "sortino_ratio": null,
            "std_dev": null,
            "tracking_error": "0.06",
            "treynor_ratio": null,
            "upside_deviation": null,
            "ytm": null
        },
        "min_addl_amt": "",
        "min_addl_amt_multiple": "",
        "min_amt": "\u20b9 100",
        "min_amt_multiple": "\u20b9 1",
        "monthly_aaum_date": "30-04-2025",
        "monthly_aaum_value": "\u20b9 554.10 Crs",
        "mutual_fund_name": "Navi Mutual Fund",
        "page_number": [
            24
        ],
        "scheme_launch_date": "04th February, 2022"
    },
    "Navi Nifty Midcap 150 Index Fund": {
        "amc_name": "Navi Asset Management Company Limited",
        "benchmark_index": "nifty Midcap 150 TRI",
        "fund_manager": [
            {
                "managing_fund_since": "February 14, 2025",
                "name": "Ashutosh Shirwaikar",
                "qualification": "",
                "total_exp": ""
            }
        ],
        "load": {
            "entry_load": "",
            "exit_load": "NIL"
        },
        "main_scheme_name": "Navi Nifty Midcap 150 Index Fund",
        "metrics": {
            "alpha": null,
            "arithmetic_mean_ratio": null,
            "average_div_yld": null,
            "average_pb": null,
            "average_pe": null,
            "avg_maturity": null,
            "beta": null,
            "correlation_ratio": null,
            "downside_deviation": null,
            "information_ratio": null,
            "macaulay": null,
            "mod_duration": null,
            "port_turnover_ratio": "0.38",
            "r_squared_ratio": null,
            "roe_ratio": null,
            "sharpe": null,
            "sortino_ratio": null,
            "std_dev": null,
            "tracking_error": "0.15",
            "treynor_ratio": null,
            "upside_deviation": null,
            "ytm": null
        },
        "min_addl_amt": "",
        "min_addl_amt_multiple": "",
        "min_amt": "\u20b9 100",
        "min_amt_multiple": "\u20b9 1",
        "monthly_aaum_date": "30-04-2025",
        "monthly_aaum_value": "\u20b9 218.45 Crs",
        "mutual_fund_name": "Navi Mutual Fund",
        "page_number": [
            26,
            28
        ],
        "scheme_launch_date": "11th March, 2022"
    },
    "Navi Nifty India Manufacturing Index Fund": {
        "amc_name": "Navi Asset Management Company Limited",
        "benchmark_index": "nifty India Manufacturing TRI",
        "fund_manager": [
            {
                "managing_fund_since": "February 14, 2025",
                "name": "Ashutosh Shirwaikar",
                "qualification": "",
                "total_exp": ""
            }
        ],
        "load": {
            "entry_load": "",
            "exit_load": "NIL C"
        },
        "main_scheme_name": "Navi Nifty India Manufacturing Index Fund",
        "metrics": {
            "alpha": null,
            "arithmetic_mean_ratio": null,
            "average_div_yld": null,
            "average_pb": null,
            "average_pe": null,
            "avg_maturity": null,
            "beta": null,
            "correlation_ratio": null,
            "downside_deviation": null,
            "information_ratio": null,
            "macaulay": null,
            "mod_duration": null,
            "port_turnover_ratio": "0.54",
            "r_squared_ratio": null,
            "roe_ratio": null,
            "sharpe": null,
            "sortino_ratio": null,
            "std_dev": null,
            "tracking_error": "0.28",
            "treynor_ratio": null,
            "upside_deviation": null,
            "ytm": null
        },
        "min_addl_amt": "",
        "min_addl_amt_multiple": "",
        "min_amt": "\u20b9 100",
        "min_amt_multiple": "\u20b9 1",
        "monthly_aaum_date": "30-04-2025",
        "monthly_aaum_value": "\u20b9 52.13 Crs",
        "mutual_fund_name": "Navi Mutual Fund",
        "page_number": [
            29,
            31
        ],
        "scheme_launch_date": "29th August, 2022"
    },
    "Navi ELSS Tax Saver Nifty 50 Index Fund": {
        "amc_name": "Navi Asset Management Company Limited",
        "benchmark_index": "nifty 50 TRI",
        "fund_manager": [
            {
                "managing_fund_since": "February 14, 2025",
                "name": "Ashutosh Shirwaikar",
                "qualification": "",
                "total_exp": ""
            }
        ],
        "load": {
            "entry_load": "",
            "exit_load": "NIL"
        },
        "main_scheme_name": "Navi ELSS Tax Saver Nifty 50 Index Fund",
        "metrics": {
            "alpha": null,
            "arithmetic_mean_ratio": null,
            "average_div_yld": null,
            "average_pb": null,
            "average_pe": null,
            "avg_maturity": null,
            "beta": null,
            "correlation_ratio": null,
            "downside_deviation": null,
            "information_ratio": null,
            "macaulay": null,
            "mod_duration": null,
            "port_turnover_ratio": "0.07",
            "r_squared_ratio": null,
            "roe_ratio": null,
            "sharpe": null,
            "sortino_ratio": null,
            "std_dev": null,
            "tracking_error": "0.",
            "treynor_ratio": null,
            "upside_deviation": null,
            "ytm": null
        },
        "min_addl_amt": "",
        "min_addl_amt_multiple": "",
        "min_amt": "\u20b9 500",
        "min_amt_multiple": "\u20b9 500",
        "monthly_aaum_date": "30-04-2025",
        "monthly_aaum_value": "\u20b9 82.21 Crs",
        "mutual_fund_name": "Navi Mutual Fund",
        "page_number": [
            32,
            33
        ],
        "scheme_launch_date": "20th March, 2023"
    },
    "Navi BSE Sensex Index Fund": {
        "amc_name": "Navi Asset Management Company Limited",
        "benchmark_index": "bse SENSEX TRI",
        "fund_manager": [
            {
                "managing_fund_since": "February 14, 2025",
                "name": "Ashutosh Shirwaikar",
                "qualification": "",
                "total_exp": ""
            }
        ],
        "load": {
            "entry_load": "",
            "exit_load": "NIL"
        },
        "main_scheme_name": "Navi BSE Sensex Index Fund",
        "metrics": {
            "alpha": null,
            "arithmetic_mean_ratio": null,
            "average_div_yld": null,
            "average_pb": null,
            "average_pe": null,
            "avg_maturity": null,
            "beta": null,
            "correlation_ratio": null,
            "downside_deviation": null,
            "information_ratio": null,
            "macaulay": null,
            "mod_duration": null,
            "port_turnover_ratio": "0.26",
            "r_squared_ratio": null,
            "roe_ratio": null,
            "sharpe": null,
            "sortino_ratio": null,
            "std_dev": null,
            "tracking_error": "0.13",
            "treynor_ratio": null,
            "upside_deviation": null,
            "ytm": null
        },
        "min_addl_amt": "",
        "min_addl_amt_multiple": "",
        "min_amt": "\u20b9 100",
        "min_amt_multiple": "\u20b9 1",
        "monthly_aaum_date": "30-04-2025",
        "monthly_aaum_value": "\u20b9 15.79 Crs",
        "mutual_fund_name": "Navi Mutual Fund",
        "page_number": [
            34,
            35
        ],
        "scheme_launch_date": "04th September, 2023"
    },
    "Navi Nifty IT Index Fund": {
        "amc_name": "Navi Asset Management Company Limited",
        "benchmark_index": "nifty IT TRI",
        "fund_manager": [
            {
                "managing_fund_since": "February 14, 2025",
                "name": "Ashutosh Shirwaikar",
                "qualification": "",
                "total_exp": ""
            }
        ],
        "load": {
            "entry_load": "",
            "exit_load": "NIL"
        },
        "main_scheme_name": "Navi Nifty IT Index Fund",
        "metrics": {
            "alpha": null,
            "arithmetic_mean_ratio": null,
            "average_div_yld": null,
            "average_pb": null,
            "average_pe": null,
            "avg_maturity": null,
            "beta": null,
            "correlation_ratio": null,
            "downside_deviation": null,
            "information_ratio": null,
            "macaulay": null,
            "mod_duration": null,
            "port_turnover_ratio": "0.84",
            "r_squared_ratio": null,
            "roe_ratio": null,
            "sharpe": null,
            "sortino_ratio": null,
            "std_dev": null,
            "tracking_error": "0.15",
            "treynor_ratio": null,
            "upside_deviation": null,
            "ytm": null
        },
        "min_addl_amt": "",
        "min_addl_amt_multiple": "",
        "min_amt": "\u20b9 100",
        "min_amt_multiple": "\u20b9 1",
        "monthly_aaum_date": "30-04-2025",
        "monthly_aaum_value": "\u20b9 13.21 Crs",
        "mutual_fund_name": "Navi Mutual Fund",
        "page_number": [
            36,
            37
        ],
        "scheme_launch_date": "11th March, 2024"
    },
    "Navi Nifty 500 Multicap 50:25:25 Index Fund": {
        "amc_name": "Navi Asset Management Company Limited",
        "benchmark_index": "nifty 500 Multicap 502525 TRI",
        "fund_manager": [
            {
                "managing_fund_since": "February 14, 2025",
                "name": "Ashutosh Shirwaikar",
                "qualification": "",
                "total_exp": ""
            }
        ],
        "load": {
            "entry_load": "",
            "exit_load": "NIL"
        },
        "main_scheme_name": "Navi Nifty 500 Multicap 50:25:25 Index Fund",
        "metrics": {
            "alpha": null,
            "arithmetic_mean_ratio": null,
            "average_div_yld": null,
            "average_pb": null,
            "average_pe": null,
            "avg_maturity": null,
            "beta": null,
            "correlation_ratio": null,
            "downside_deviation": null,
            "information_ratio": null,
            "macaulay": null,
            "mod_duration": null,
            "port_turnover_ratio": "0.37",
            "r_squared_ratio": null,
            "roe_ratio": null,
            "sharpe": null,
            "sortino_ratio": null,
            "std_dev": null,
            "tracking_error": "0.27",
            "treynor_ratio": null,
            "upside_deviation": null,
            "ytm": null
        },
        "min_addl_amt": "",
        "min_addl_amt_multiple": "",
        "min_amt": "\u20b9 100",
        "min_amt_multiple": "\u20b9 1",
        "monthly_aaum_date": "30-04-2025",
        "monthly_aaum_value": "\u20b9 22.12 Crs",
        "mutual_fund_name": "Navi Mutual Fund",
        "page_number": [
            38,
            42
        ],
        "scheme_launch_date": "1st August 2024"
    },
    "Navi Nifty Smallcap250 Momentum Quality 100 Index Fund": {
        "amc_name": "Navi Asset Management Company Limited",
        "benchmark_index": "nifty Smallcap250 Momentum Quality 100 TRI (TRI)",
        "fund_manager": [
            {
                "managing_fund_since": "March 12, 2025",
                "name": "Ashutosh Shirwaikar",
                "qualification": "",
                "total_exp": ""
            }
        ],
        "load": {
            "entry_load": "",
            "exit_load": "NIL"
        },
        "main_scheme_name": "Navi Nifty Smallcap250 Momentum Quality 100 Index Fund",
        "metrics": {
            "alpha": null,
            "arithmetic_mean_ratio": null,
            "average_div_yld": null,
            "average_pb": null,
            "average_pe": null,
            "avg_maturity": null,
            "beta": null,
            "correlation_ratio": null,
            "downside_deviation": null,
            "information_ratio": null,
            "macaulay": null,
            "mod_duration": null,
            "port_turnover_ratio": "0.14",
            "r_squared_ratio": null,
            "roe_ratio": null,
            "sharpe": null,
            "sortino_ratio": null,
            "std_dev": null,
            "tracking_error": "0.85",
            "treynor_ratio": null,
            "upside_deviation": null,
            "ytm": null
        },
        "min_addl_amt": "",
        "min_addl_amt_multiple": "",
        "min_amt": "\u20b9 100",
        "min_amt_multiple": "\u20b9 1",
        "monthly_aaum_date": "30-04-2025",
        "monthly_aaum_value": "\u20b9 6.64 Crs",
        "mutual_fund_name": "Navi Mutual Fund",
        "page_number": [
            43
        ],
        "scheme_launch_date": "12th March 2025"
    }
}