{
    "Invesco India ELSS Tax Saver Fund": {
        "amc_name": "Invesco Asset Management (India) Private Limited",
        "benchmark_index": "BSE 500 TRI",
        "fund_manager": [
            {
                "managing_fund_since": "September 03, 2020",
                "name": "Experience Amit Nigam",
                "qualification": "",
                "total_exp": "23 Years"
            },
            {
                "managing_fund_since": "March 29, 2018",
                "name": "Dhimant Kothari",
                "qualification": "",
                "total_exp": "19 Years"
            }
        ],
        "load": {
            "entry_load": null,
            "exit_load": "1 Nil"
        },
        "main_scheme_name": "Invesco India ELSS Tax Saver Fund",
        "metrics": {
            "alpha": null,
            "arithmetic_mean_ratio": null,
            "average_div_yld": null,
            "average_pb": "5.3",
            "average_pe": "32.4",
            "avg_maturity": null,
            "beta": "1.00",
            "correlation_ratio": null,
            "downside_deviation": null,
            "information_ratio": null,
            "macaulay": null,
            "mod_duration": null,
            "port_turnover_ratio": "0.75",
            "r_squared_ratio": null,
            "roe_ratio": null,
            "sharpe": "0.11",
            "sortino_ratio": null,
            "std_dev": "4.48",
            "tracking_error": null,
            "treynor_ratio": null,
            "upside_deviation": null,
            "ytm": null
        },
        "min_addl_amt": "\u20b9 500",
        "min_addl_amt_multiple": "\u20b9 500",
        "min_amt": "\u20b9 500",
        "min_amt_multiple": "\u20b9 500",
        "monthly_aaum_date": "30-04-2025",
        "monthly_aaum_value": "\u20b9 2,581.76 crores",
        "mutual_fund_name": "Invesco Mutual Fund",
        "page_number": [
            4
        ],
        "scheme_launch_date": "29th December, 2006"
    },
    "Invesco India Multicap Fund": {
        "amc_name": "Invesco Asset Management (India) Private Limited",
        "benchmark_index": "NIFTY 500 Multicap 502525 TRI",
        "fund_manager": [
            {
                "managing_fund_since": "December 01, 2023",
                "name": "Experience Dhimant Kothari",
                "qualification": "",
                "total_exp": "19 Years"
            },
            {
                "managing_fund_since": "September 03, 2020",
                "name": "Amit Nigam",
                "qualification": "",
                "total_exp": "23 Years"
            }
        ],
        "load": {
            "entry_load": null,
            "exit_load": "1  Nil - if upto 10 of Units allotted are redeemed  switched-out within 1 yea from the date of allotment.  1 - for any redemption  switchout in excess of 10 of units allotted within one year from the date of allotment.  Nil - if units are redeemed o switched-out after 1 year from the date of allotment. Switch between the Plans under the Scheme, please refer page no. 63."
        },
        "main_scheme_name": "Invesco India Multicap Fund",
        "metrics": {
            "alpha": null,
            "arithmetic_mean_ratio": null,
            "average_div_yld": null,
            "average_pb": "6.0",
            "average_pe": "40.2",
            "avg_maturity": null,
            "beta": "0.94",
            "correlation_ratio": null,
            "downside_deviation": null,
            "information_ratio": null,
            "macaulay": null,
            "mod_duration": null,
            "port_turnover_ratio": "1.24",
            "r_squared_ratio": null,
            "roe_ratio": null,
            "sharpe": "0.17",
            "sortino_ratio": null,
            "std_dev": "4.42",
            "tracking_error": null,
            "treynor_ratio": null,
            "upside_deviation": null,
            "ytm": null
        },
        "min_addl_amt": "\u20b9 1,000",
        "min_addl_amt_multiple": "\u20b9 1",
        "min_amt": "\u20b9 1,000",
        "min_amt_multiple": "\u20b9 1",
        "monthly_aaum_date": "30-04-2025",
        "monthly_aaum_value": "\u20b9 3,537.33 crores",
        "mutual_fund_name": "Invesco Mutual Fund",
        "page_number": [
            5
        ],
        "scheme_launch_date": "17th March, 2008"
    },
    "Invesco India Contra Fund": {
        "amc_name": "Invesco Asset Management (India) Private Limited",
        "benchmark_index": "BSE 500 TRI",
        "fund_manager": [
            {
                "managing_fund_since": "January 13, 2017",
                "name": "Experience Taher Badshah",
                "qualification": "",
                "total_exp": "30 Years"
            },
            {
                "managing_fund_since": "December 01, 2023",
                "name": "Amit Ganatra",
                "qualification": "",
                "total_exp": "21 Years"
            }
        ],
        "load": {
            "entry_load": null,
            "exit_load": "1  Nil - if upto 10 of Units allotted are redeemed  switched-out within 1 yea from the date of allotment.  1 - for any redemption  switchout in excess of 10 of units allotted within one year from the date of allotment.  Nil - if units are redeemed o switched-out after 1 year from the date of allotment. Switch between the Plans under the Scheme, please refer page no. 63."
        },
        "main_scheme_name": "Invesco India Contra Fund",
        "metrics": {
            "alpha": null,
            "arithmetic_mean_ratio": null,
            "average_div_yld": null,
            "average_pb": "4.1",
            "average_pe": "27.4",
            "avg_maturity": null,
            "beta": "0.97",
            "correlation_ratio": null,
            "downside_deviation": null,
            "information_ratio": null,
            "macaulay": null,
            "mod_duration": null,
            "port_turnover_ratio": "0.65",
            "r_squared_ratio": null,
            "roe_ratio": null,
            "sharpe": "0.20",
            "sortino_ratio": null,
            "std_dev": "4.29",
            "tracking_error": null,
            "treynor_ratio": null,
            "upside_deviation": null,
            "ytm": null
        },
        "min_addl_amt": "\u20b9 1,000",
        "min_addl_amt_multiple": "\u20b9 1",
        "min_amt": "\u20b9 1,000",
        "min_amt_multiple": "\u20b9 1",
        "monthly_aaum_date": "30-04-2025",
        "monthly_aaum_value": "\u20b9 16,687.53 crores",
        "mutual_fund_name": "Invesco Mutual Fund",
        "page_number": [
            6
        ],
        "scheme_launch_date": "11th April, 2007"
    },
    "Invesco India Largecap Fund": {
        "amc_name": "Invesco Asset Management (India) Private Limited",
        "benchmark_index": "NIFTY 100 TRI",
        "fund_manager": [
            {
                "managing_fund_since": "September 03, 2020",
                "name": "Experience Amit Nigam",
                "qualification": "",
                "total_exp": "23 Years"
            },
            {
                "managing_fund_since": "December 01, 2023",
                "name": "Hiten Jain",
                "qualification": "",
                "total_exp": "15 Years"
            }
        ],
        "load": {
            "entry_load": null,
            "exit_load": "1 Nil"
        },
        "main_scheme_name": "Invesco India Largecap Fund",
        "metrics": {
            "alpha": null,
            "arithmetic_mean_ratio": null,
            "average_div_yld": null,
            "average_pb": "4.7",
            "average_pe": "29.3",
            "avg_maturity": null,
            "beta": "1.01",
            "correlation_ratio": null,
            "downside_deviation": null,
            "information_ratio": null,
            "macaulay": null,
            "mod_duration": null,
            "port_turnover_ratio": "0.74",
            "r_squared_ratio": null,
            "roe_ratio": null,
            "sharpe": "0.12",
            "sortino_ratio": null,
            "std_dev": "4.31",
            "tracking_error": null,
            "treynor_ratio": null,
            "upside_deviation": null,
            "ytm": null
        },
        "min_addl_amt": "\u20b9 1,000",
        "min_addl_amt_multiple": "\u20b9 1",
        "min_amt": "\u20b9 1,000",
        "min_amt_multiple": "\u20b9 1",
        "monthly_aaum_date": "30-04-2025",
        "monthly_aaum_value": "\u20b9 1,288.18 crores",
        "mutual_fund_name": "Invesco Mutual Fund",
        "page_number": [
            7
        ],
        "scheme_launch_date": "21st August, 2009"
    },
    "Invesco India Focused Fund": {
        "amc_name": "Invesco Asset Management (India) Private Limited",
        "benchmark_index": "BSE 500 TRI",
        "fund_manager": [
            {
                "managing_fund_since": "September 29, 2020",
                "name": "Experience Taher Badshah",
                "qualification": "",
                "total_exp": "30 Years"
            },
            {
                "managing_fund_since": "September 14, 2022",
                "name": "Hiten Jain",
                "qualification": "",
                "total_exp": "15 Years"
            }
        ],
        "load": {
            "entry_load": null,
            "exit_load": "1  Nil - if upto 10 of Units allotted areredeemed  switched-out within1 year from the date of allotment.  1 - for any redemption  switchoutin excess of 10 of unitsallotted within one year from thedate of allotment.  Nil - if units are redeemed orswitched out after 1 year from thedate o allotment. Switch between the Plans unde theScheme, please refer page no. 63."
        },
        "main_scheme_name": "Invesco India Focused Fund",
        "metrics": {
            "alpha": null,
            "arithmetic_mean_ratio": null,
            "average_div_yld": null,
            "average_pb": "6.6",
            "average_pe": "38.3",
            "avg_maturity": null,
            "beta": "0.97",
            "correlation_ratio": null,
            "downside_deviation": null,
            "information_ratio": null,
            "macaulay": null,
            "mod_duration": null,
            "port_turnover_ratio": "0.36",
            "r_squared_ratio": null,
            "roe_ratio": null,
            "sharpe": "0.21",
            "sortino_ratio": null,
            "std_dev": "4.64",
            "tracking_error": null,
            "treynor_ratio": null,
            "upside_deviation": null,
            "ytm": null
        },
        "min_addl_amt": "\u20b9 1,000",
        "min_addl_amt_multiple": "\u20b9 1",
        "min_amt": "\u20b9 1,000",
        "min_amt_multiple": "\u20b9 1",
        "monthly_aaum_date": "30-04-2025",
        "monthly_aaum_value": "\u20b9 3,302.68 crores",
        "mutual_fund_name": "Invesco Mutual Fund",
        "page_number": [
            8
        ],
        "scheme_launch_date": "29th September, 2020"
    },
    "Invesco India Large & Mid Cap Fund": {
        "amc_name": "Invesco Asset Management (India) Private Limited",
        "benchmark_index": "NIFTY LargeMidcap 250 TRI",
        "fund_manager": [
            {
                "managing_fund_since": "November 09, 2023",
                "name": "Experience Aditya Khemani",
                "qualification": "",
                "total_exp": "18 Years"
            },
            {
                "managing_fund_since": "January 21, 2022",
                "name": "Amit Ganatra",
                "qualification": "",
                "total_exp": "21 Years"
            }
        ],
        "load": {
            "entry_load": null,
            "exit_load": "1  Nil - if upto 10 of Units allotted are redeemed  switched-out within 1 yea from the date of allotment.  1 - for any redemption  switchout in excess of 10 of units allotted within one year from the date of allotment.  Nil - if units are redeemed o switched-out after 1 year from the date of allotment. Switch between the Plans under the Scheme, please refer page no. 63."
        },
        "main_scheme_name": "Invesco India Large & Mid Cap Fund",
        "metrics": {
            "alpha": null,
            "arithmetic_mean_ratio": null,
            "average_div_yld": null,
            "average_pb": "5.8",
            "average_pe": "38.6",
            "avg_maturity": null,
            "beta": "0.97",
            "correlation_ratio": null,
            "downside_deviation": null,
            "information_ratio": null,
            "macaulay": null,
            "mod_duration": null,
            "port_turnover_ratio": "0.63",
            "r_squared_ratio": null,
            "roe_ratio": null,
            "sharpe": "0.22",
            "sortino_ratio": null,
            "std_dev": "4.53",
            "tracking_error": null,
            "treynor_ratio": null,
            "upside_deviation": null,
            "ytm": null
        },
        "min_addl_amt": "\u20b9 1,000",
        "min_addl_amt_multiple": "\u20b9 1",
        "min_amt": "\u20b9 1,000",
        "min_amt_multiple": "\u20b9 1",
        "monthly_aaum_date": "30-04-2025",
        "monthly_aaum_value": "\u20b9 6,192.67 crores",
        "mutual_fund_name": "Invesco Mutual Fund",
        "page_number": [
            9
        ],
        "scheme_launch_date": "9th August, 2007"
    },
    "Invesco India Midcap Fund": {
        "amc_name": "Invesco Asset Management (India) Private Limited",
        "benchmark_index": "BSE 150 Midcap TRI",
        "fund_manager": [
            {
                "managing_fund_since": "November 09, 2023",
                "name": "Experience Aditya Khemani",
                "qualification": "",
                "total_exp": "18 Years"
            },
            {
                "managing_fund_since": "September 01, 2023",
                "name": "Amit Ganatra",
                "qualification": "",
                "total_exp": "21 Years"
            }
        ],
        "load": {
            "entry_load": null,
            "exit_load": "1  Nil - if upto 10 of Units allotted are redeemed  switched-out within 1 yea from the date of allotment.  1 - for any redemption  switchout in excess of 10 of units allotted within one year from the date of allotment.  Nil - if units are redeemed o switched-out after 1 year from the date of allotment. Switch between the Plans under the Scheme, please refer page no. 63."
        },
        "main_scheme_name": "Invesco India Midcap Fund",
        "metrics": {
            "alpha": null,
            "arithmetic_mean_ratio": null,
            "average_div_yld": null,
            "average_pb": "5.7",
            "average_pe": "40.9",
            "avg_maturity": null,
            "beta": "0.93",
            "correlation_ratio": null,
            "downside_deviation": null,
            "information_ratio": null,
            "macaulay": null,
            "mod_duration": null,
            "port_turnover_ratio": "0.48",
            "r_squared_ratio": null,
            "roe_ratio": null,
            "sharpe": "0.23",
            "sortino_ratio": null,
            "std_dev": "4.91",
            "tracking_error": null,
            "treynor_ratio": null,
            "upside_deviation": null,
            "ytm": null
        },
        "min_addl_amt": "\u20b9 1,000",
        "min_addl_amt_multiple": "\u20b9 1",
        "min_amt": "\u20b9 1,000",
        "min_amt_multiple": "\u20b9 1",
        "monthly_aaum_date": "30-04-2025",
        "monthly_aaum_value": "\u20b9 5,524.35 crores",
        "mutual_fund_name": "Invesco Mutual Fund",
        "page_number": [
            10
        ],
        "scheme_launch_date": "19th April, 2007"
    },
    "Invesco India Smallcap Fund": {
        "amc_name": "Invesco Asset Management (India) Private Limited",
        "benchmark_index": "BSE 250 Smallcap TRI",
        "fund_manager": [
            {
                "managing_fund_since": "October 30, 2018",
                "name": "Experience Taher Badshah",
                "qualification": "",
                "total_exp": "30 Years"
            },
            {
                "managing_fund_since": "November 09, 2023",
                "name": "Aditya Khemani",
                "qualification": "",
                "total_exp": "18 Years"
            }
        ],
        "load": {
            "entry_load": null,
            "exit_load": "1  Nil - if upto 10 of Units allotted are redeemed  switched-out within 1 yea from the date of allotment.  1 - for any redemption  switchout in excess of 10 of units allotted within one year from the date of allotment.  Nil - if units are redeemed o switched-out after 1 year from the date of allotment. Switch between the Plans under the Scheme, please refer page no. 63."
        },
        "main_scheme_name": "Invesco India Smallcap Fund",
        "metrics": {
            "alpha": null,
            "arithmetic_mean_ratio": null,
            "average_div_yld": null,
            "average_pb": "6.3",
            "average_pe": "38.4",
            "avg_maturity": null,
            "beta": "0.80",
            "correlation_ratio": null,
            "downside_deviation": null,
            "information_ratio": null,
            "macaulay": null,
            "mod_duration": null,
            "port_turnover_ratio": "0.30",
            "r_squared_ratio": null,
            "roe_ratio": null,
            "sharpe": "0.22",
            "sortino_ratio": null,
            "std_dev": "4.93",
            "tracking_error": null,
            "treynor_ratio": null,
            "upside_deviation": null,
            "ytm": null
        },
        "min_addl_amt": "\u20b9 1,000",
        "min_addl_amt_multiple": "\u20b9 1",
        "min_amt": "\u20b9 1,000",
        "min_amt_multiple": "\u20b9 1",
        "monthly_aaum_date": "30-04-2025",
        "monthly_aaum_value": "\u20b9 5,612.19 crores",
        "mutual_fund_name": "Invesco Mutual Fund",
        "page_number": [
            11
        ],
        "scheme_launch_date": "30th October, 2018"
    },
    "Invesco India Financial Services Fund": {
        "amc_name": "Invesco Asset Management (India) Private Limited",
        "benchmark_index": "Nifty Financial Services TRI",
        "fund_manager": [
            {
                "managing_fund_since": "May 19, 2020",
                "name": "Experience Hiten Jain",
                "qualification": "",
                "total_exp": "15 Years"
            },
            {
                "managing_fund_since": "June 01, 2018",
                "name": "Dhimant Kothari",
                "qualification": "",
                "total_exp": "19 Years"
            }
        ],
        "load": {
            "entry_load": null,
            "exit_load": "1  Nil - if upto 10 of Units allotted are redeemed  switched-out within 1 yea from the date of allotment.  1 - for any redemption  switchout in excess of 10 of units allotted within one year from the date of allotment.  Nil - if units are redeemed o switched-out after 1 year from the date of allotment. Switch between the Plans under the Scheme, please refer page no. 63."
        },
        "main_scheme_name": "Invesco India Financial Services Fund",
        "metrics": {
            "alpha": null,
            "arithmetic_mean_ratio": null,
            "average_div_yld": null,
            "average_pb": "2.7",
            "average_pe": "18.2",
            "avg_maturity": null,
            "beta": "0.89",
            "correlation_ratio": null,
            "downside_deviation": null,
            "information_ratio": null,
            "macaulay": null,
            "mod_duration": null,
            "port_turnover_ratio": "0.19",
            "r_squared_ratio": null,
            "roe_ratio": null,
            "sharpe": "0.20",
            "sortino_ratio": null,
            "std_dev": "4.34",
            "tracking_error": null,
            "treynor_ratio": null,
            "upside_deviation": null,
            "ytm": null
        },
        "min_addl_amt": "\u20b9 1,000",
        "min_addl_amt_multiple": "\u20b9 1",
        "min_amt": "\u20b9 1,000",
        "min_amt_multiple": "\u20b9 1",
        "monthly_aaum_date": "30-04-2025",
        "monthly_aaum_value": "\u20b9 1,142.13 crores",
        "mutual_fund_name": "Invesco Mutual Fund",
        "page_number": [
            12
        ],
        "scheme_launch_date": "14th July, 2008"
    },
    "Invesco India Infrastructure Fund": {
        "amc_name": "Invesco Asset Management (India) Private Limited",
        "benchmark_index": "BSE India Infrastructure TRI",
        "fund_manager": [
            {
                "managing_fund_since": "September 03, 2020",
                "name": "Experience Amit Nigam",
                "qualification": "",
                "total_exp": "23 Years"
            },
            {
                "managing_fund_since": "March 01, 2025",
                "name": "Sagar Gandhi",
                "qualification": "",
                "total_exp": "15 Years"
            }
        ],
        "load": {
            "entry_load": null,
            "exit_load": "1  Nil - if upto 10 of Units allotted are redeemed  switched-out within 1 yea from the date of allotment.  1 - for any redemption  switchout in excess of 10 of units allotted within one year from the date of allotment.  Nil - if units are redeemed o switched-out after 1 year from the date of allotment. Switch between the Plans under the Scheme, please refer page no. 63."
        },
        "main_scheme_name": "Invesco India Infrastructure Fund",
        "metrics": {
            "alpha": null,
            "arithmetic_mean_ratio": null,
            "average_div_yld": null,
            "average_pb": "5.7",
            "average_pe": "37.6",
            "avg_maturity": null,
            "beta": "0.63",
            "correlation_ratio": null,
            "downside_deviation": null,
            "information_ratio": null,
            "macaulay": null,
            "mod_duration": null,
            "port_turnover_ratio": "0.62",
            "r_squared_ratio": null,
            "roe_ratio": null,
            "sharpe": "0.23",
            "sortino_ratio": null,
            "std_dev": "5.70",
            "tracking_error": null,
            "treynor_ratio": null,
            "upside_deviation": null,
            "ytm": null
        },
        "min_addl_amt": "\u20b9 1,000",
        "min_addl_amt_multiple": "\u20b9 1",
        "min_amt": "\u20b9 1,000",
        "min_amt_multiple": "\u20b9 1",
        "monthly_aaum_date": "30-04-2025",
        "monthly_aaum_value": "\u20b9 1,348.43 crores",
        "mutual_fund_name": "Invesco Mutual Fund",
        "page_number": [
            13
        ],
        "scheme_launch_date": "21st November, 2007"
    },
    "Invesco India PSU Equity Fund": {
        "amc_name": "Invesco Asset Management (India) Private Limited",
        "benchmark_index": "BSE PSU TRI",
        "fund_manager": [
            {
                "managing_fund_since": "May 19, 2020",
                "name": "Experience Dhimant Kothari",
                "qualification": "",
                "total_exp": "19 Years"
            }
        ],
        "load": {
            "entry_load": null,
            "exit_load": "1  Nil - if upto 10 of Units allotted are redeemed  switched-out within 1 yea from the date of allotment.  1 - for any redemption  switchout in excess of 10 of units allotted within one year from the date of allotment.  Nil - if units are redeemed o switched-out after 1 year from the date of allotment. Switch between the Plans under the Scheme, please refer page no. 63."
        },
        "main_scheme_name": "Invesco India PSU Equity Fund",
        "metrics": {
            "alpha": null,
            "arithmetic_mean_ratio": null,
            "average_div_yld": null,
            "average_pb": "2.2",
            "average_pe": "14.3",
            "avg_maturity": null,
            "beta": "0.97",
            "correlation_ratio": null,
            "downside_deviation": null,
            "information_ratio": null,
            "macaulay": null,
            "mod_duration": null,
            "port_turnover_ratio": "0.56",
            "r_squared_ratio": null,
            "roe_ratio": null,
            "sharpe": "0.27",
            "sortino_ratio": null,
            "std_dev": "6.68",
            "tracking_error": null,
            "treynor_ratio": null,
            "upside_deviation": null,
            "ytm": null
        },
        "min_addl_amt": "\u20b9 1,000",
        "min_addl_amt_multiple": "\u20b9 1",
        "min_amt": "\u20b9 1,000",
        "min_amt_multiple": "\u20b9 1",
        "monthly_aaum_date": "30-04-2025",
        "monthly_aaum_value": "\u20b9 1,148.8 crores",
        "mutual_fund_name": "Invesco Mutual Fund",
        "page_number": [
            14
        ],
        "scheme_launch_date": "18th November, 2009"
    },
    "Invesco India ESG Integration Strategy Fund": {
        "amc_name": "Invesco Asset Management (India) Private Limited",
        "benchmark_index": "Nifty100 ESG Index TRI",
        "fund_manager": [
            {
                "managing_fund_since": "March 20, 2021",
                "name": "Experience Taher Badshah",
                "qualification": "",
                "total_exp": "30 Years"
            },
            {
                "managing_fund_since": "March 20, 2021",
                "name": "Amit Nigam",
                "qualification": "",
                "total_exp": "23 Years"
            }
        ],
        "load": {
            "entry_load": null,
            "exit_load": "1  Nil - if upto 10 of Units allotted areredeemed  switched-out within1 year from the date of allotment.  1 - for any redemption  switchoutin excess of 10 of unitsallotted within one year from thedate of allotment.  Nil - if units are redeemed orswitched out after 1 year from thedate o allotment. Switch between the Plans unde theScheme, please refer page no. 63."
        },
        "main_scheme_name": "Invesco India ESG Integration Strategy Fund",
        "metrics": {
            "alpha": null,
            "arithmetic_mean_ratio": null,
            "average_div_yld": null,
            "average_pb": "5.0",
            "average_pe": "28.4",
            "avg_maturity": null,
            "beta": "0.91",
            "correlation_ratio": null,
            "downside_deviation": null,
            "information_ratio": null,
            "macaulay": null,
            "mod_duration": null,
            "port_turnover_ratio": "0.56",
            "r_squared_ratio": null,
            "roe_ratio": null,
            "sharpe": "0.04",
            "sortino_ratio": null,
            "std_dev": "4.20",
            "tracking_error": null,
            "treynor_ratio": null,
            "upside_deviation": null,
            "ytm": null
        },
        "min_addl_amt": "\u20b9 1,000",
        "min_addl_amt_multiple": "\u20b9 1",
        "min_amt": "\u20b9 1,000",
        "min_amt_multiple": "\u20b9 1",
        "monthly_aaum_date": "30-04-2025",
        "monthly_aaum_value": "\u20b9 444.78 crores",
        "mutual_fund_name": "Invesco Mutual Fund",
        "page_number": [
            15
        ],
        "scheme_launch_date": "20th March, 2021"
    },
    "Invesco India Flexi Cap Fund": {
        "amc_name": "Invesco Asset Management (India) Private Limited",
        "benchmark_index": "BSE 500 TRI",
        "fund_manager": [
            {
                "managing_fund_since": "September 01, 2022",
                "name": "Experience Amit Ganatra",
                "qualification": "",
                "total_exp": "21 Years"
            },
            {
                "managing_fund_since": "February 14, 2022",
                "name": "Taher Badshah",
                "qualification": "",
                "total_exp": "30 Years"
            }
        ],
        "load": {
            "entry_load": null,
            "exit_load": "1 If upto 10 of units allotted are redeemedswitched out within 1 yea from the date of allotment  Nil - For any redemption  switch out in excess of 10 of units allotted within one year from the date of allotment  1 - If units are redeemedswitched ou after 1 year from the date of allotment Nil Switch between the Plans under the Scheme, please refer page no. 63."
        },
        "main_scheme_name": "Invesco India Flexi Cap Fund",
        "metrics": {
            "alpha": null,
            "arithmetic_mean_ratio": null,
            "average_div_yld": null,
            "average_pb": "6.3",
            "average_pe": "37.5",
            "avg_maturity": null,
            "beta": "0.94",
            "correlation_ratio": null,
            "downside_deviation": null,
            "information_ratio": null,
            "macaulay": null,
            "mod_duration": null,
            "port_turnover_ratio": "0.85",
            "r_squared_ratio": null,
            "roe_ratio": null,
            "sharpe": "0.20",
            "sortino_ratio": null,
            "std_dev": "4.38",
            "tracking_error": null,
            "treynor_ratio": null,
            "upside_deviation": null,
            "ytm": null
        },
        "min_addl_amt": "\u20b9 1,000",
        "min_addl_amt_multiple": "\u20b9 1",
        "min_amt": "\u20b9 1,000",
        "min_amt_multiple": "\u20b9 1",
        "monthly_aaum_date": "30-04-2025",
        "monthly_aaum_value": "\u20b9 2,459.52 crores",
        "mutual_fund_name": "Invesco Mutual Fund",
        "page_number": [
            16
        ],
        "scheme_launch_date": "14th February 2022"
    },
    "Invesco India Manufacturing Fund": {
        "amc_name": "Invesco Asset Management (India) Private Limited",
        "benchmark_index": "Nifty India Manufacturing TRI",
        "fund_manager": [],
        "load": {
            "entry_load": null,
            "exit_load": "1 If units are redeemedswitched out on or before 3 months from the date o allotment 0.50. - If units are redeemedswitched ou after 3 months from the date o allotment Nil. Switch between the Plans under the Scheme Nil."
        },
        "main_scheme_name": "Invesco India Manufacturing Fund",
        "metrics": {
            "alpha": null,
            "arithmetic_mean_ratio": null,
            "average_div_yld": null,
            "average_pb": "6.7",
            "average_pe": "41.6",
            "avg_maturity": null,
            "beta": null,
            "correlation_ratio": null,
            "downside_deviation": null,
            "information_ratio": null,
            "macaulay": null,
            "mod_duration": null,
            "port_turnover_ratio": "0.12",
            "r_squared_ratio": null,
            "roe_ratio": null,
            "sharpe": null,
            "sortino_ratio": null,
            "std_dev": null,
            "tracking_error": null,
            "treynor_ratio": null,
            "upside_deviation": null,
            "ytm": null
        },
        "min_addl_amt": "\u20b9 1,000",
        "min_addl_amt_multiple": "\u20b9 1",
        "min_amt": "\u20b9 1,000",
        "min_amt_multiple": "\u20b9 1",
        "monthly_aaum_date": "30-04-2025",
        "monthly_aaum_value": "\u20b9 732.03 crores",
        "mutual_fund_name": "Invesco Mutual Fund",
        "page_number": [
            17
        ],
        "scheme_launch_date": "14th August 2024"
    },
    "Invesco India Technology Fund": {
        "amc_name": "Invesco Asset Management (India) Private Limited",
        "benchmark_index": "Nifty IT TRI",
        "fund_manager": [
            {
                "managing_fund_since": "September 23, 2024",
                "name": "Experience Hiten Jain",
                "qualification": "",
                "total_exp": "15 Years"
            },
            {
                "managing_fund_since": "September 23, 2024",
                "name": "Aditya Khemani",
                "qualification": "",
                "total_exp": "18 Years"
            }
        ],
        "load": {
            "entry_load": null,
            "exit_load": "1 If units are redeemedswitched out on or before 3 months from the date o allotment 0.50. - If units are redeemedswitched ou after 3 months from the date o allotment Nil. Switch between the Plans under the Scheme Nil."
        },
        "main_scheme_name": "Invesco India Technology Fund",
        "metrics": {
            "alpha": null,
            "arithmetic_mean_ratio": null,
            "average_div_yld": null,
            "average_pb": "8.7",
            "average_pe": "43.7",
            "avg_maturity": null,
            "beta": null,
            "correlation_ratio": null,
            "downside_deviation": null,
            "information_ratio": null,
            "macaulay": null,
            "mod_duration": null,
            "port_turnover_ratio": "0.02",
            "r_squared_ratio": null,
            "roe_ratio": null,
            "sharpe": null,
            "sortino_ratio": null,
            "std_dev": null,
            "tracking_error": null,
            "treynor_ratio": null,
            "upside_deviation": null,
            "ytm": null
        },
        "min_addl_amt": "\u20b9 1,000",
        "min_addl_amt_multiple": "\u20b9 1",
        "min_amt": "\u20b9 1,000",
        "min_amt_multiple": "\u20b9 1",
        "monthly_aaum_date": "30-04-2025",
        "monthly_aaum_value": "\u20b9 293.23 crores",
        "mutual_fund_name": "Invesco Mutual Fund",
        "page_number": [
            18
        ],
        "scheme_launch_date": "23rd September, 2024"
    },
    "Invesco India Business Cycle Fund": {
        "amc_name": "Invesco Asset Management (India) Private Limited",
        "benchmark_index": "Nifty 500 TRI",
        "fund_manager": [
            {
                "managing_fund_since": "February 27, 2025",
                "name": "Experience Amit Ganatra",
                "qualification": "",
                "total_exp": "21 Years"
            },
            {
                "managing_fund_since": "February 27, 2025",
                "name": "Aditya Khemani",
                "qualification": "",
                "total_exp": "18 Years"
            }
        ],
        "load": {
            "entry_load": null,
            "exit_load": null
        },
        "main_scheme_name": "Invesco India Business Cycle Fund",
        "metrics": {
            "alpha": null,
            "arithmetic_mean_ratio": null,
            "average_div_yld": null,
            "average_pb": "7.0",
            "average_pe": "44.8",
            "avg_maturity": null,
            "beta": null,
            "correlation_ratio": null,
            "downside_deviation": null,
            "information_ratio": null,
            "macaulay": null,
            "mod_duration": null,
            "port_turnover_ratio": null,
            "r_squared_ratio": null,
            "roe_ratio": null,
            "sharpe": null,
            "sortino_ratio": null,
            "std_dev": null,
            "tracking_error": null,
            "treynor_ratio": null,
            "upside_deviation": null,
            "ytm": null
        },
        "min_addl_amt": "\u20b9 1,000",
        "min_addl_amt_multiple": "\u20b9 1",
        "min_amt": "\u20b9 1,000",
        "min_amt_multiple": "\u20b9 1",
        "monthly_aaum_date": "30-04-2025",
        "monthly_aaum_value": "\u20b9 250.45 crores",
        "mutual_fund_name": "Invesco Mutual Fund",
        "page_number": [
            19
        ],
        "scheme_launch_date": "27th February, 2025"
    },
    "Invesco India Arbitrage Fund": {
        "amc_name": "Invesco Asset Management (India) Private Limited",
        "benchmark_index": "Nifty 50 Arbitrage",
        "fund_manager": [
            {
                "managing_fund_since": "November 11, 2021",
                "name": "Experience Deepak Gupta",
                "qualification": "",
                "total_exp": "19 Years"
            },
            {
                "managing_fund_since": "September 01, 2022",
                "name": "Kuber Mannadi",
                "qualification": "",
                "total_exp": "19 Years"
            }
        ],
        "load": {
            "entry_load": null,
            "exit_load": "1 If redeemedswitchedout on or before 15 Days from the date of allotment 0.5 If redeemedswitchedout after 15 Days from the date of allotment  Nil Switch between the Plans under the Scheme, please refer page no. 63."
        },
        "main_scheme_name": "Invesco India Arbitrage Fund",
        "metrics": {
            "alpha": null,
            "arithmetic_mean_ratio": null,
            "average_div_yld": null,
            "average_pb": null,
            "average_pe": null,
            "avg_maturity": "145 Days",
            "beta": "0.56",
            "correlation_ratio": null,
            "downside_deviation": null,
            "information_ratio": null,
            "macaulay": "138 Days",
            "mod_duration": "136 Days",
            "port_turnover_ratio": "17.35",
            "r_squared_ratio": null,
            "roe_ratio": null,
            "sharpe": null,
            "sortino_ratio": null,
            "std_dev": "0.14",
            "tracking_error": null,
            "treynor_ratio": null,
            "upside_deviation": null,
            "ytm": "6.90"
        },
        "min_addl_amt": "\u20b9 1,000",
        "min_addl_amt_multiple": "\u20b9 1",
        "min_amt": "\u20b9 1,000",
        "min_amt_multiple": "\u20b9 1",
        "monthly_aaum_date": "30-04-2025",
        "monthly_aaum_value": "\u20b9 15,166.46 crores",
        "mutual_fund_name": "Invesco Mutual Fund",
        "page_number": [
            20
        ],
        "scheme_launch_date": "30th April, 2007"
    },
    "Invesco India Balanced Advantage Fund": {
        "amc_name": "Invesco Asset Management (India) Private Limited",
        "benchmark_index": "NIFTY 50 Hybrid Composite Debt 5050 Index",
        "fund_manager": [
            {
                "managing_fund_since": "September 01, 2022",
                "name": "Experience Dhimant Kothari",
                "qualification": "",
                "total_exp": "19 Years"
            },
            {
                "managing_fund_since": "September 01, 2022",
                "name": "Amit Ganatra",
                "qualification": "",
                "total_exp": "21 Years"
            },
            {
                "managing_fund_since": "March 01, 2025",
                "name": "Krishna Cheemalapati",
                "qualification": "",
                "total_exp": "26 Years"
            }
        ],
        "load": {
            "entry_load": null,
            "exit_load": "1  Nil - if upto 10 of Units allotted are redeemed  switched-out within 3 months from the date of allotment.  0.25 - for any redemption  switch out in excess of 10 of units allotted within 3 months from the date o allotment.  Nil - if units are redeemed o switched-out after 3 months from the date of allotment. Switch between the Plans under the Scheme, please refer page no. 63."
        },
        "main_scheme_name": "Invesco India Balanced Advantage Fund",
        "metrics": {
            "alpha": null,
            "arithmetic_mean_ratio": null,
            "average_div_yld": null,
            "average_pb": "5.2",
            "average_pe": "32.0",
            "avg_maturity": "1.37 Years",
            "beta": "1.10",
            "correlation_ratio": null,
            "downside_deviation": null,
            "information_ratio": null,
            "macaulay": "1.16 Years",
            "mod_duration": "1.12 Years",
            "port_turnover_ratio": "2.44",
            "r_squared_ratio": null,
            "roe_ratio": null,
            "sharpe": "0.14",
            "sortino_ratio": null,
            "std_dev": "2.49",
            "tracking_error": null,
            "treynor_ratio": null,
            "upside_deviation": null,
            "ytm": "6.69"
        },
        "min_addl_amt": "\u20b9 1,000",
        "min_addl_amt_multiple": "\u20b9 1",
        "min_amt": "\u20b9 1,000",
        "min_amt_multiple": "\u20b9 1",
        "monthly_aaum_date": "30-04-2025",
        "monthly_aaum_value": "\u20b9 812.88 crores",
        "mutual_fund_name": "Invesco Mutual Fund",
        "page_number": [
            22
        ],
        "scheme_launch_date": "4th October, 2007"
    },
    "Invesco India Aggressive Hybrid Fund": {
        "amc_name": "Invesco Asset Management (India) Private Limited",
        "benchmark_index": "CRISIL Hybrid 35  65 - Aggressive Index",
        "fund_manager": [
            {
                "managing_fund_since": "September 01, 2022",
                "name": "Experience Dhimant Kothari",
                "qualification": "",
                "total_exp": "19 Years"
            },
            {
                "managing_fund_since": "December 01, 2023",
                "name": "Hiten Jain",
                "qualification": "",
                "total_exp": "15 Years"
            },
            {
                "managing_fund_since": "June 30, 2018",
                "name": "Krishna Cheemalapati",
                "qualification": "",
                "total_exp": "26 Years"
            }
        ],
        "load": {
            "entry_load": null,
            "exit_load": "1  Nil - if upto 10 of Units allotted are redeemed  switched-out within 1 yea from the date of allotment.  1 - for any redemption  switchout in excess of 10 of units allotted within one year from the date of allotment.  Nil - if units are redeemed o switched-out after 1 year from the date of allotment. Switch between the Plans under the Scheme, please refer page no. 63."
        },
        "main_scheme_name": "Invesco India Aggressive Hybrid Fund",
        "metrics": {
            "alpha": null,
            "arithmetic_mean_ratio": null,
            "average_div_yld": null,
            "average_pb": null,
            "average_pe": null,
            "avg_maturity": "4.39 Years",
            "beta": "1.10",
            "correlation_ratio": null,
            "downside_deviation": null,
            "information_ratio": null,
            "macaulay": "3.33 Years",
            "mod_duration": "3.18 Years",
            "port_turnover_ratio": "0.68",
            "r_squared_ratio": null,
            "roe_ratio": null,
            "sharpe": "0.17",
            "sortino_ratio": null,
            "std_dev": "3.34",
            "tracking_error": null,
            "treynor_ratio": null,
            "upside_deviation": null,
            "ytm": "7.18"
        },
        "min_addl_amt": "\u20b9 1,000",
        "min_addl_amt_multiple": "\u20b9 1",
        "min_amt": "\u20b9 1,000",
        "min_amt_multiple": "\u20b9 1",
        "monthly_aaum_date": "30-04-2025",
        "monthly_aaum_value": "\u20b9 595.19 crores",
        "mutual_fund_name": "Invesco Mutual Fund",
        "page_number": [
            23
        ],
        "scheme_launch_date": "30th June, 2018"
    },
    "Invesco India Equity Savings Fund": {
        "amc_name": "Invesco Asset Management (India) Private Limited",
        "benchmark_index": "Nifty Equity Savings Index",
        "fund_manager": [],
        "load": {
            "entry_load": null,
            "exit_load": "1  If redeemed  switched-out on o before 1 month from the date o allotment  0.25.  If redeemed  switched-out after 1 month from the date of allotment  Nil Switch between the Plans under the Scheme, please refer page no. 63."
        },
        "main_scheme_name": "Invesco India Equity Savings Fund",
        "metrics": {
            "alpha": null,
            "arithmetic_mean_ratio": null,
            "average_div_yld": null,
            "average_pb": null,
            "average_pe": null,
            "avg_maturity": "2.56 Years",
            "beta": "1.08",
            "correlation_ratio": null,
            "downside_deviation": null,
            "information_ratio": null,
            "macaulay": "2.12 Years",
            "mod_duration": "2.02 Years",
            "port_turnover_ratio": "4.76",
            "r_squared_ratio": null,
            "roe_ratio": null,
            "sharpe": "0.08",
            "sortino_ratio": null,
            "std_dev": "1.77",
            "tracking_error": null,
            "treynor_ratio": null,
            "upside_deviation": null,
            "ytm": "7.26"
        },
        "min_addl_amt": "\u20b9 1,000",
        "min_addl_amt_multiple": "\u20b9 1",
        "min_amt": "\u20b9 1,000",
        "min_amt_multiple": "\u20b9 1",
        "monthly_aaum_date": "30-04-2025",
        "monthly_aaum_value": "\u20b9 380.48 crores",
        "mutual_fund_name": "Invesco Mutual Fund",
        "page_number": [
            24
        ],
        "scheme_launch_date": "7th March, 2019"
    },
    "Invesco India Multi Asset Allocation Fund": {
        "amc_name": "Invesco Asset Management (India) Private Limited",
        "benchmark_index": "Nifty 200 TRI (60)  CRISIL 10 year Gilt Index (30)  Domestic Price of Gold (5)  Domestic Price of Silver (5)",
        "fund_manager": [
            {
                "managing_fund_since": "December 17, 2024",
                "name": "Experience Taher Badshah",
                "qualification": "",
                "total_exp": "30 Years"
            },
            {
                "managing_fund_since": "March 01, 2025",
                "name": "Dhimant Kothari",
                "qualification": "",
                "total_exp": "19 Years"
            },
            {
                "managing_fund_since": "March 01, 2025",
                "name": "Krishna Cheemalapati",
                "qualification": "",
                "total_exp": "26 Years"
            }
        ],
        "load": {
            "entry_load": null,
            "exit_load": null
        },
        "main_scheme_name": "Invesco India Multi Asset Allocation Fund",
        "metrics": {
            "alpha": null,
            "arithmetic_mean_ratio": null,
            "average_div_yld": null,
            "average_pb": null,
            "average_pe": null,
            "avg_maturity": null,
            "beta": null,
            "correlation_ratio": null,
            "downside_deviation": null,
            "information_ratio": null,
            "macaulay": null,
            "mod_duration": null,
            "port_turnover_ratio": "0.07",
            "r_squared_ratio": null,
            "roe_ratio": null,
            "sharpe": null,
            "sortino_ratio": null,
            "std_dev": null,
            "tracking_error": null,
            "treynor_ratio": null,
            "upside_deviation": null,
            "ytm": null
        },
        "min_addl_amt": "\u20b9 1,000",
        "min_addl_amt_multiple": "\u20b9 1",
        "min_amt": "\u20b9 1,000",
        "min_amt_multiple": "\u20b9 1",
        "monthly_aaum_date": "30-04-2025",
        "monthly_aaum_value": "\u20b9 268.25 crores",
        "mutual_fund_name": "Invesco Mutual Fund",
        "page_number": [
            25
        ],
        "scheme_launch_date": "17th December, 2024"
    },
    "Invesco India Liquid Fund": {
        "amc_name": "Invesco Asset Management (India) Private Limited",
        "benchmark_index": "NIFTY Liquid Index A-I",
        "fund_manager": [
            {
                "managing_fund_since": "February 14, 2022",
                "name": "Experience Prateek Jain",
                "qualification": "",
                "total_exp": "13 Years"
            },
            {
                "managing_fund_since": "April 25, 2011",
                "name": "Krishna Cheemalapati",
                "qualification": "",
                "total_exp": "26 Years"
            }
        ],
        "load": {
            "entry_load": null,
            "exit_load": null
        },
        "main_scheme_name": "Invesco India Liquid Fund",
        "metrics": {
            "alpha": null,
            "arithmetic_mean_ratio": null,
            "average_div_yld": null,
            "average_pb": null,
            "average_pe": null,
            "avg_maturity": "66 Days",
            "beta": null,
            "correlation_ratio": null,
            "downside_deviation": null,
            "information_ratio": null,
            "macaulay": "66 Days",
            "mod_duration": null,
            "port_turnover_ratio": null,
            "r_squared_ratio": null,
            "roe_ratio": null,
            "sharpe": null,
            "sortino_ratio": null,
            "std_dev": null,
            "tracking_error": null,
            "treynor_ratio": null,
            "upside_deviation": null,
            "ytm": "7.01"
        },
        "min_addl_amt": "\u20b9 1,000",
        "min_addl_amt_multiple": "\u20b9 1",
        "min_amt": "\u20b9 1,000",
        "min_amt_multiple": "\u20b9 1",
        "monthly_aaum_date": "30-04-2025",
        "monthly_aaum_value": "\u20b9 12,790.82 crores",
        "mutual_fund_name": "Invesco Mutual Fund",
        "page_number": [
            26
        ],
        "scheme_launch_date": "1 Day 0.0070 2 Days 0.0065 3 Days 0.0060 Exit 4 Days 0.0055 Load 1 5 Days 0.0050 6 Days 0.0045 On or after 7 Days Nil Date of Allotment is date of subscription"
    },
    "Invesco India Overnight Fund": {
        "amc_name": "Invesco Asset Management (India) Private Limited",
        "benchmark_index": "NIFTY 1D Rate Index",
        "fund_manager": [
            {
                "managing_fund_since": "February 14, 2022",
                "name": "Experience Prateek Jain",
                "qualification": "",
                "total_exp": "13 Years"
            },
            {
                "managing_fund_since": "January 08, 2020",
                "name": "Krishna Cheemalapati",
                "qualification": "",
                "total_exp": "26 Years"
            }
        ],
        "load": {
            "entry_load": null,
            "exit_load": "1 Ni"
        },
        "main_scheme_name": "Invesco India Overnight Fund",
        "metrics": {
            "alpha": null,
            "arithmetic_mean_ratio": null,
            "average_div_yld": null,
            "average_pb": null,
            "average_pe": null,
            "avg_maturity": "4 Days",
            "beta": null,
            "correlation_ratio": null,
            "downside_deviation": null,
            "information_ratio": null,
            "macaulay": "3 Days",
            "mod_duration": "3 Days",
            "port_turnover_ratio": null,
            "r_squared_ratio": null,
            "roe_ratio": null,
            "sharpe": null,
            "sortino_ratio": null,
            "std_dev": null,
            "tracking_error": null,
            "treynor_ratio": null,
            "upside_deviation": null,
            "ytm": "6.95"
        },
        "min_addl_amt": "\u20b9 1,000",
        "min_addl_amt_multiple": "\u20b9 1",
        "min_amt": "\u20b9 1,000",
        "min_amt_multiple": "\u20b9 1",
        "monthly_aaum_date": "30-04-2025",
        "monthly_aaum_value": "\u20b9 508.35 crores",
        "mutual_fund_name": "Invesco Mutual Fund",
        "page_number": [
            27
        ],
        "scheme_launch_date": "8th January, 2020"
    },
    "Invesco India Low Duration Fund": {
        "amc_name": "Invesco Asset Management (India) Private Limited",
        "benchmark_index": "NIFTY Low Duration Debt Index A-I",
        "fund_manager": [
            {
                "managing_fund_since": "January 01, 2013",
                "name": "Experience Krishna Cheemalapati",
                "qualification": "",
                "total_exp": "26 Years"
            },
            {
                "managing_fund_since": "December 16, 2020",
                "name": "Vikas Garg",
                "qualification": "",
                "total_exp": "19 Years"
            }
        ],
        "load": {
            "entry_load": null,
            "exit_load": "1 Ni"
        },
        "main_scheme_name": "Invesco India Low Duration Fund",
        "metrics": {
            "alpha": null,
            "arithmetic_mean_ratio": null,
            "average_div_yld": null,
            "average_pb": null,
            "average_pe": null,
            "avg_maturity": "366 Days",
            "beta": null,
            "correlation_ratio": null,
            "downside_deviation": null,
            "information_ratio": null,
            "macaulay": "348 Days",
            "mod_duration": "333 Days",
            "port_turnover_ratio": null,
            "r_squared_ratio": null,
            "roe_ratio": null,
            "sharpe": null,
            "sortino_ratio": null,
            "std_dev": null,
            "tracking_error": null,
            "treynor_ratio": null,
            "upside_deviation": null,
            "ytm": "7.32"
        },
        "min_addl_amt": "\u20b9 1,000",
        "min_addl_amt_multiple": "\u20b9 1",
        "min_amt": "\u20b9 1,000",
        "min_amt_multiple": "\u20b9 1",
        "monthly_aaum_date": "30-04-2025",
        "monthly_aaum_value": "\u20b9 1,481.58 crores",
        "mutual_fund_name": "Invesco Mutual Fund",
        "page_number": [
            28
        ],
        "scheme_launch_date": "18th January, 2007"
    },
    "Invesco India Short Duration Fund": {
        "amc_name": "Invesco Asset Management (India) Private Limited",
        "benchmark_index": "Nifty Ultra Short Duration Debt Index A-I",
        "fund_manager": [
            {
                "managing_fund_since": "January 04, 2020",
                "name": "Experience Krishna Cheemalapati",
                "qualification": "",
                "total_exp": "26 Years"
            },
            {
                "managing_fund_since": "July 27, 2021",
                "name": "Vikas Garg",
                "qualification": "",
                "total_exp": "19 Years"
            }
        ],
        "load": {
            "entry_load": null,
            "exit_load": "1 Ni"
        },
        "main_scheme_name": "Invesco India Short Duration Fund",
        "metrics": {
            "alpha": null,
            "arithmetic_mean_ratio": null,
            "average_div_yld": null,
            "average_pb": null,
            "average_pe": null,
            "avg_maturity": "215 Days",
            "beta": null,
            "correlation_ratio": null,
            "downside_deviation": null,
            "information_ratio": null,
            "macaulay": "208 Days",
            "mod_duration": "196 Days",
            "port_turnover_ratio": null,
            "r_squared_ratio": null,
            "roe_ratio": null,
            "sharpe": null,
            "sortino_ratio": null,
            "std_dev": null,
            "tracking_error": null,
            "treynor_ratio": null,
            "upside_deviation": null,
            "ytm": "7.49"
        },
        "min_addl_amt": "\u20b9 1,000",
        "min_addl_amt_multiple": "\u20b9 1",
        "min_amt": "\u20b9 1,000",
        "min_amt_multiple": "\u20b9 1",
        "monthly_aaum_date": "30-04-2025",
        "monthly_aaum_value": "\u20b9 1,122.01 crores",
        "mutual_fund_name": "Invesco Mutual Fund",
        "page_number": [
            31
        ],
        "scheme_launch_date": "30th December, 2010"
    },
    "Invesco India Money Market Fund": {
        "amc_name": "Invesco Asset Management (India) Private Limited",
        "benchmark_index": "NIFTY Money Market Index A-I",
        "fund_manager": [
            {
                "managing_fund_since": "January 04, 2020",
                "name": "Experience Krishna Cheemalapati",
                "qualification": "",
                "total_exp": "26 Years"
            },
            {
                "managing_fund_since": "December 16, 2020",
                "name": "Vikas Garg",
                "qualification": "",
                "total_exp": "19 Years"
            }
        ],
        "load": {
            "entry_load": null,
            "exit_load": "1 Ni"
        },
        "main_scheme_name": "Invesco India Money Market Fund",
        "metrics": {
            "alpha": null,
            "arithmetic_mean_ratio": null,
            "average_div_yld": null,
            "average_pb": null,
            "average_pe": null,
            "avg_maturity": "291 Days",
            "beta": null,
            "correlation_ratio": null,
            "downside_deviation": null,
            "information_ratio": null,
            "macaulay": "290 Days",
            "mod_duration": "290 Days",
            "port_turnover_ratio": null,
            "r_squared_ratio": null,
            "roe_ratio": null,
            "sharpe": null,
            "sortino_ratio": null,
            "std_dev": null,
            "tracking_error": null,
            "treynor_ratio": null,
            "upside_deviation": null,
            "ytm": "7.12"
        },
        "min_addl_amt": "\u20b9 1,000",
        "min_addl_amt_multiple": "\u20b9 1",
        "min_amt": "\u20b9 1,000",
        "min_amt_multiple": "\u20b9 1",
        "monthly_aaum_date": "30-04-2025",
        "monthly_aaum_value": "\u20b9 5,367.4 crores",
        "mutual_fund_name": "Invesco Mutual Fund",
        "page_number": [
            30
        ],
        "scheme_launch_date": "28th August, 2009"
    },
    "Invesco India Medium Duration Fund": {
        "amc_name": "Invesco Asset Management (India) Private Limited",
        "benchmark_index": "Nifty Medium Duration Debt Index A-III",
        "fund_manager": [
            {
                "managing_fund_since": "July 16, 2021",
                "name": "Experience Vikas Garg",
                "qualification": "",
                "total_exp": "19 Years"
            },
            {
                "managing_fund_since": "July 16, 2021",
                "name": "Krishna Cheemalapati",
                "qualification": "",
                "total_exp": "26 Years"
            }
        ],
        "load": {
            "entry_load": null,
            "exit_load": "1 Ni"
        },
        "main_scheme_name": "Invesco India Medium Duration Fund",
        "metrics": {
            "alpha": null,
            "arithmetic_mean_ratio": null,
            "average_div_yld": null,
            "average_pb": null,
            "average_pe": null,
            "avg_maturity": "5.18 Years",
            "beta": null,
            "correlation_ratio": null,
            "downside_deviation": null,
            "information_ratio": null,
            "macaulay": "3.95 Years",
            "mod_duration": "3.79 Years",
            "port_turnover_ratio": null,
            "r_squared_ratio": null,
            "roe_ratio": null,
            "sharpe": null,
            "sortino_ratio": null,
            "std_dev": null,
            "tracking_error": null,
            "treynor_ratio": null,
            "upside_deviation": null,
            "ytm": "7.09"
        },
        "min_addl_amt": "\u20b9 1,000",
        "min_addl_amt_multiple": "\u20b9 1",
        "min_amt": "\u20b9 1,000",
        "min_amt_multiple": "\u20b9 1",
        "monthly_aaum_date": "30-04-2025",
        "monthly_aaum_value": "\u20b9 164.15 crores",
        "mutual_fund_name": "Invesco Mutual Fund",
        "page_number": [
            32
        ],
        "scheme_launch_date": "16th July, 2021"
    },
    "Invesco India Credit Risk Fund": {
        "amc_name": "Invesco Asset Management (India) Private Limited",
        "benchmark_index": "NIFTY Credit Risk Bond Index B-II",
        "fund_manager": [
            {
                "managing_fund_since": "September 26, 2020",
                "name": "Experience Vikas Garg",
                "qualification": "",
                "total_exp": "19 Years"
            },
            {
                "managing_fund_since": "December 16, 2020",
                "name": "Krishna Cheemalapati",
                "qualification": "",
                "total_exp": "26 Years"
            }
        ],
        "load": {
            "entry_load": null,
            "exit_load": null
        },
        "main_scheme_name": "Invesco India Credit Risk Fund",
        "metrics": {
            "alpha": null,
            "arithmetic_mean_ratio": null,
            "average_div_yld": null,
            "average_pb": null,
            "average_pe": null,
            "avg_maturity": "4.32 Years",
            "beta": null,
            "correlation_ratio": null,
            "downside_deviation": null,
            "information_ratio": null,
            "macaulay": "3.24 Years",
            "mod_duration": "3.11 Years",
            "port_turnover_ratio": null,
            "r_squared_ratio": null,
            "roe_ratio": null,
            "sharpe": null,
            "sortino_ratio": null,
            "std_dev": null,
            "tracking_error": null,
            "treynor_ratio": null,
            "upside_deviation": null,
            "ytm": "7.24"
        },
        "min_addl_amt": "\u20b9 1,000",
        "min_addl_amt_multiple": "\u20b9 1",
        "min_amt": "\u20b9 1,000",
        "min_amt_multiple": "\u20b9 1",
        "monthly_aaum_date": "30-04-2025",
        "monthly_aaum_value": "\u20b9 142.87 crores",
        "mutual_fund_name": "Invesco Mutual Fund",
        "page_number": [
            33
        ],
        "scheme_launch_date": "4th September, 2014"
    },
    "Invesco India Gilt Fund": {
        "amc_name": "Invesco Asset Management (India) Private Limited",
        "benchmark_index": "NIFTY All Duration G-Sec Index",
        "fund_manager": [
            {
                "managing_fund_since": "July 27, 2021",
                "name": "Experience Krishna Cheemalapati",
                "qualification": "",
                "total_exp": "26 Years"
            },
            {
                "managing_fund_since": "September 26, 2020",
                "name": "Vikas Garg",
                "qualification": "",
                "total_exp": "19 Years"
            }
        ],
        "load": {
            "entry_load": null,
            "exit_load": "1 Ni"
        },
        "main_scheme_name": "Invesco India Gilt Fund",
        "metrics": {
            "alpha": null,
            "arithmetic_mean_ratio": null,
            "average_div_yld": null,
            "average_pb": null,
            "average_pe": null,
            "avg_maturity": "26.84 Years",
            "beta": null,
            "correlation_ratio": null,
            "downside_deviation": null,
            "information_ratio": null,
            "macaulay": "11.41 Years",
            "mod_duration": "11.03 Years",
            "port_turnover_ratio": null,
            "r_squared_ratio": null,
            "roe_ratio": null,
            "sharpe": null,
            "sortino_ratio": null,
            "std_dev": null,
            "tracking_error": null,
            "treynor_ratio": null,
            "upside_deviation": null,
            "ytm": "6.96"
        },
        "min_addl_amt": "\u20b9 1,000",
        "min_addl_amt_multiple": "\u20b9 1",
        "min_amt": "\u20b9 1,000",
        "min_amt_multiple": "\u20b9 1",
        "monthly_aaum_date": "30-04-2025",
        "monthly_aaum_value": "\u20b9 1,043.05 crores",
        "mutual_fund_name": "Invesco Mutual Fund",
        "page_number": [
            34
        ],
        "scheme_launch_date": "9th February, 2008"
    },
    "Invesco India Corporate Bond Fund": {
        "amc_name": "Invesco Asset Management (India) Private Limited",
        "benchmark_index": "Nifty Corporate Bond Index A-II",
        "fund_manager": [
            {
                "managing_fund_since": "September 26, 2020",
                "name": "Experience Vikas Garg",
                "qualification": "",
                "total_exp": "19 Years"
            },
            {
                "managing_fund_since": "December 16, 2020",
                "name": "Krishna Cheemalapati",
                "qualification": "",
                "total_exp": "26 Years"
            }
        ],
        "load": {
            "entry_load": null,
            "exit_load": "1 Ni"
        },
        "main_scheme_name": "Invesco India Corporate Bond Fund",
        "metrics": {
            "alpha": null,
            "arithmetic_mean_ratio": null,
            "average_div_yld": null,
            "average_pb": null,
            "average_pe": null,
            "avg_maturity": "4.87 Years",
            "beta": null,
            "correlation_ratio": null,
            "downside_deviation": null,
            "information_ratio": null,
            "macaulay": "3.77 Years",
            "mod_duration": "3.59 Years",
            "port_turnover_ratio": null,
            "r_squared_ratio": null,
            "roe_ratio": null,
            "sharpe": null,
            "sortino_ratio": null,
            "std_dev": null,
            "tracking_error": null,
            "treynor_ratio": null,
            "upside_deviation": null,
            "ytm": "7.17"
        },
        "min_addl_amt": "\u20b9 1,000",
        "min_addl_amt_multiple": "\u20b9 1",
        "min_amt": "\u20b9 1,000",
        "min_amt_multiple": "\u20b9 1",
        "monthly_aaum_date": "30-04-2025",
        "monthly_aaum_value": "\u20b9 5,548.65 crores",
        "mutual_fund_name": "Invesco Mutual Fund",
        "page_number": [
            35
        ],
        "scheme_launch_date": "2nd August, 2007"
    },
    "Invesco India Banking and PSU Fund": {
        "amc_name": "Invesco Asset Management (India) Private Limited",
        "benchmark_index": "Nifty Banking  PSU Debt Index A-II",
        "fund_manager": [
            {
                "managing_fund_since": "September 26, 2020",
                "name": "Experience Vikas Garg",
                "qualification": "",
                "total_exp": "19 Years"
            },
            {
                "managing_fund_since": "December 16, 2020",
                "name": "Krishna Cheemalapati",
                "qualification": "",
                "total_exp": "26 Years"
            }
        ],
        "load": {
            "entry_load": null,
            "exit_load": "1 Ni"
        },
        "main_scheme_name": "Invesco India Banking and PSU Fund",
        "metrics": {
            "alpha": null,
            "arithmetic_mean_ratio": null,
            "average_div_yld": null,
            "average_pb": null,
            "average_pe": null,
            "avg_maturity": "5.38 Years",
            "beta": null,
            "correlation_ratio": null,
            "downside_deviation": null,
            "information_ratio": null,
            "macaulay": "3.99 Years",
            "mod_duration": "3.78 Years",
            "port_turnover_ratio": null,
            "r_squared_ratio": null,
            "roe_ratio": null,
            "sharpe": null,
            "sortino_ratio": null,
            "std_dev": null,
            "tracking_error": null,
            "treynor_ratio": null,
            "upside_deviation": null,
            "ytm": "7.04"
        },
        "min_addl_amt": "\u20b9 1,000",
        "min_addl_amt_multiple": "\u20b9 1",
        "min_amt": "\u20b9 1,000",
        "min_amt_multiple": "\u20b9 1",
        "monthly_aaum_date": "30-04-2025",
        "monthly_aaum_value": "\u20b9 100.79 crores",
        "mutual_fund_name": "Invesco Mutual Fund",
        "page_number": [
            36
        ],
        "scheme_launch_date": "29th December, 2012"
    },
    "Invesco India Nifty G-sec Jul 2027 Index Fund": {
        "amc_name": "Invesco Asset Management (India) Private Limited",
        "benchmark_index": "Nifty G-sec Jul 2027 Index",
        "fund_manager": [],
        "load": {
            "entry_load": null,
            "exit_load": "1  If units are redeemed  switched out within 30 days from the date of allotment - 0.25  If units are redeemedswitched out after 30 days from the date of allotment  Nil  Switch between the Plans under the Scheme Nil Exit load is not applicable for segregated portfolio."
        },
        "main_scheme_name": "Invesco India Nifty G-sec Jul 2027 Index Fund",
        "metrics": {
            "alpha": null,
            "arithmetic_mean_ratio": null,
            "average_div_yld": null,
            "average_pb": null,
            "average_pe": null,
            "avg_maturity": null,
            "beta": null,
            "correlation_ratio": null,
            "downside_deviation": null,
            "information_ratio": null,
            "macaulay": null,
            "mod_duration": null,
            "port_turnover_ratio": null,
            "r_squared_ratio": null,
            "roe_ratio": null,
            "sharpe": null,
            "sortino_ratio": null,
            "std_dev": null,
            "tracking_error": null,
            "treynor_ratio": null,
            "upside_deviation": null,
            "ytm": null
        },
        "min_addl_amt": "",
        "min_addl_amt_multiple": "",
        "min_amt": "\u20b9 1,000",
        "min_amt_multiple": "\u20b9 1",
        "monthly_aaum_date": "30-04-2025",
        "monthly_aaum_value": "\u20b9 70.2 crores",
        "mutual_fund_name": "Invesco Mutual Fund",
        "page_number": [
            37
        ],
        "scheme_launch_date": "20th March, 2023"
    },
    "Invesco India - Invesco Global Consumer Trends Fund of Fund": {
        "amc_name": "Invesco Asset Management (India) Private Limited",
        "benchmark_index": "MSCI World Consumer Discretionary Index- Net Tota Return",
        "fund_manager": [
            {
                "managing_fund_since": "March 01, 2025",
                "name": "Experience Sagar Gandhi",
                "qualification": "",
                "total_exp": "15 Years"
            }
        ],
        "load": {
            "entry_load": null,
            "exit_load": null
        },
        "main_scheme_name": "Invesco India - Invesco Global Consumer Trends Fund of Fund",
        "metrics": {
            "alpha": null,
            "arithmetic_mean_ratio": null,
            "average_div_yld": null,
            "average_pb": null,
            "average_pe": null,
            "avg_maturity": null,
            "beta": null,
            "correlation_ratio": null,
            "downside_deviation": null,
            "information_ratio": null,
            "macaulay": null,
            "mod_duration": null,
            "port_turnover_ratio": null,
            "r_squared_ratio": null,
            "roe_ratio": null,
            "sharpe": null,
            "sortino_ratio": null,
            "std_dev": null,
            "tracking_error": null,
            "treynor_ratio": null,
            "upside_deviation": null,
            "ytm": null
        },
        "min_addl_amt": "\u20b9 1,000",
        "min_addl_amt_multiple": "\u20b9 1",
        "min_amt": "\u20b9 1,000",
        "min_amt_multiple": "\u20b9 1",
        "monthly_aaum_date": "30-04-2025",
        "monthly_aaum_value": "\u20b9 265.71 crores",
        "mutual_fund_name": "Invesco Mutual Fund",
        "page_number": [
            38
        ],
        "scheme_launch_date": "24th December, 2020"
    },
    "Invesco India - Invesco EQQQ NASDAQ-100 ETF Fund of Fund": {
        "amc_name": "Invesco Asset Management (India) Private Limited",
        "benchmark_index": "NASDAQ-100 Notional Index (Net Total Return)",
        "fund_manager": [
            {
                "managing_fund_since": "March 01, 2025",
                "name": "Experience Sagar Gandhi",
                "qualification": "",
                "total_exp": "15 Years"
            }
        ],
        "load": {
            "entry_load": null,
            "exit_load": "1 Ni"
        },
        "main_scheme_name": "Invesco India - Invesco EQQQ NASDAQ-100 ETF Fund of Fund",
        "metrics": {
            "alpha": null,
            "arithmetic_mean_ratio": null,
            "average_div_yld": null,
            "average_pb": null,
            "average_pe": null,
            "avg_maturity": null,
            "beta": null,
            "correlation_ratio": null,
            "downside_deviation": null,
            "information_ratio": null,
            "macaulay": null,
            "mod_duration": null,
            "port_turnover_ratio": null,
            "r_squared_ratio": null,
            "roe_ratio": null,
            "sharpe": null,
            "sortino_ratio": null,
            "std_dev": null,
            "tracking_error": null,
            "treynor_ratio": null,
            "upside_deviation": null,
            "ytm": null
        },
        "min_addl_amt": "\u20b9 1,000",
        "min_addl_amt_multiple": "\u20b9 1",
        "min_amt": "\u20b9 1,000",
        "min_amt_multiple": "\u20b9 1",
        "monthly_aaum_date": "30-04-2025",
        "monthly_aaum_value": "\u20b9 374.21 crores",
        "mutual_fund_name": "Invesco Mutual Fund",
        "page_number": [
            39
        ],
        "scheme_launch_date": "21st April, 2022"
    },
    "Invesco India - Invesco Pan European Equity Fund of Fund": {
        "amc_name": "Invesco Asset Management (India) Private Limited",
        "benchmark_index": "MSCI Europe Index - Net Total Return",
        "fund_manager": [
            {
                "managing_fund_since": "March 01, 2025",
                "name": "Crores Fund Manager  Experience Sagar Gandhi",
                "qualification": "",
                "total_exp": "15 Years"
            }
        ],
        "load": {
            "entry_load": null,
            "exit_load": null
        },
        "main_scheme_name": "Invesco India - Invesco Pan European Equity Fund of Fund",
        "metrics": {
            "alpha": null,
            "arithmetic_mean_ratio": null,
            "average_div_yld": null,
            "average_pb": null,
            "average_pe": null,
            "avg_maturity": null,
            "beta": null,
            "correlation_ratio": null,
            "downside_deviation": null,
            "information_ratio": null,
            "macaulay": null,
            "mod_duration": null,
            "port_turnover_ratio": null,
            "r_squared_ratio": null,
            "roe_ratio": null,
            "sharpe": null,
            "sortino_ratio": null,
            "std_dev": null,
            "tracking_error": null,
            "treynor_ratio": null,
            "upside_deviation": null,
            "ytm": null
        },
        "min_addl_amt": "\u20b9 1,000",
        "min_addl_amt_multiple": "\u20b9 1",
        "min_amt": "\u20b9 1,000",
        "min_amt_multiple": "\u20b9 1",
        "monthly_aaum_date": "30-04-2025",
        "monthly_aaum_value": "\u20b9 38.13 crores",
        "mutual_fund_name": "Invesco Mutual Fund",
        "page_number": [
            40
        ],
        "scheme_launch_date": "31st January, 2014"
    },
    "Invesco India - Invesco Global Equity Income Fund of Fund": {
        "amc_name": "Invesco Asset Management (India) Private Limited",
        "benchmark_index": "MSCI World Index - Net Total Return",
        "fund_manager": [
            {
                "managing_fund_since": "March 01, 2025",
                "name": "Crores Fund Manager  Experience Sagar Gandhi",
                "qualification": "",
                "total_exp": "15 Years"
            }
        ],
        "load": {
            "entry_load": null,
            "exit_load": null
        },
        "main_scheme_name": "Invesco India - Invesco Global Equity Income Fund of Fund",
        "metrics": {
            "alpha": null,
            "arithmetic_mean_ratio": null,
            "average_div_yld": null,
            "average_pb": null,
            "average_pe": null,
            "avg_maturity": null,
            "beta": null,
            "correlation_ratio": null,
            "downside_deviation": null,
            "information_ratio": null,
            "macaulay": null,
            "mod_duration": null,
            "port_turnover_ratio": null,
            "r_squared_ratio": null,
            "roe_ratio": null,
            "sharpe": null,
            "sortino_ratio": null,
            "std_dev": null,
            "tracking_error": null,
            "treynor_ratio": null,
            "upside_deviation": null,
            "ytm": null
        },
        "min_addl_amt": "\u20b9 1,000",
        "min_addl_amt_multiple": "\u20b9 1",
        "min_amt": "\u20b9 1,000",
        "min_amt_multiple": "\u20b9 1",
        "monthly_aaum_date": "30-04-2025",
        "monthly_aaum_value": "\u20b9 31.82 crores",
        "mutual_fund_name": "Invesco Mutual Fund",
        "page_number": [
            41
        ],
        "scheme_launch_date": "5th May, 2014"
    },
    "Invesco India Gold ETF Fund of Fund": {
        "amc_name": "Invesco Asset Management (India) Private Limited",
        "benchmark_index": "Price of Gold",
        "fund_manager": [
            {
                "managing_fund_since": "March 01, 2025",
                "name": "Experience Krishna Cheemalapati",
                "qualification": "",
                "total_exp": "26 Years"
            }
        ],
        "load": {
            "entry_load": null,
            "exit_load": "1 Ni"
        },
        "main_scheme_name": "Invesco India Gold ETF Fund of Fund",
        "metrics": {
            "alpha": null,
            "arithmetic_mean_ratio": null,
            "average_div_yld": null,
            "average_pb": null,
            "average_pe": null,
            "avg_maturity": null,
            "beta": null,
            "correlation_ratio": null,
            "downside_deviation": null,
            "information_ratio": null,
            "macaulay": null,
            "mod_duration": null,
            "port_turnover_ratio": null,
            "r_squared_ratio": null,
            "roe_ratio": null,
            "sharpe": null,
            "sortino_ratio": null,
            "std_dev": null,
            "tracking_error": null,
            "treynor_ratio": null,
            "upside_deviation": null,
            "ytm": null
        },
        "min_addl_amt": "\u20b9 1,000",
        "min_addl_amt_multiple": "\u20b9 1",
        "min_amt": "\u20b9 1,000",
        "min_amt_multiple": "\u20b9 1",
        "monthly_aaum_date": "30-04-2025",
        "monthly_aaum_value": "\u20b9 135.77 crores",
        "mutual_fund_name": "Invesco Mutual Fund",
        "page_number": [
            42
        ],
        "scheme_launch_date": "5th December, 2011"
    },
    "Invesco India Gold Exchange Traded Fund": {
        "amc_name": "Invesco Asset Management (India) Private Limited",
        "benchmark_index": "Price of Gold",
        "fund_manager": [
            {
                "managing_fund_since": "March 01, 2025",
                "name": "Experience Krishna Cheemalapati",
                "qualification": "",
                "total_exp": "26 Years"
            }
        ],
        "load": {
            "entry_load": null,
            "exit_load": "1 Nil (For redemption in Creation Unit size."
        },
        "main_scheme_name": "Invesco India Gold Exchange Traded Fund",
        "metrics": {
            "alpha": null,
            "arithmetic_mean_ratio": null,
            "average_div_yld": null,
            "average_pb": null,
            "average_pe": null,
            "avg_maturity": null,
            "beta": null,
            "correlation_ratio": null,
            "downside_deviation": null,
            "information_ratio": null,
            "macaulay": null,
            "mod_duration": null,
            "port_turnover_ratio": null,
            "r_squared_ratio": null,
            "roe_ratio": null,
            "sharpe": null,
            "sortino_ratio": null,
            "std_dev": null,
            "tracking_error": null,
            "treynor_ratio": null,
            "upside_deviation": null,
            "ytm": null
        },
        "min_addl_amt": "",
        "min_addl_amt_multiple": "",
        "min_amt": "\u20b9 1",
        "min_amt_multiple": "\u20b9 1",
        "monthly_aaum_date": "30-04-2025",
        "monthly_aaum_value": "\u20b9 244.06 crores",
        "mutual_fund_name": "Invesco Mutual Fund",
        "page_number": [
            43
        ],
        "scheme_launch_date": "12th March, 2010 Pricing per Unit 1 gram of gold (approx.)"
    },
    "Invesco India NIFTY 50 Exchange Traded Fund": {
        "amc_name": "Invesco Asset Management (India) Private Limited",
        "benchmark_index": "Nifty 50 TRI",
        "fund_manager": [
            {
                "managing_fund_since": "May 19, 2020",
                "name": "Experience Kuber Mannadi",
                "qualification": "",
                "total_exp": "19 Years"
            }
        ],
        "load": {
            "entry_load": null,
            "exit_load": "1, 1.1 size.)"
        },
        "main_scheme_name": "Invesco India NIFTY 50 Exchange Traded Fund",
        "metrics": {
            "alpha": null,
            "arithmetic_mean_ratio": null,
            "average_div_yld": null,
            "average_pb": null,
            "average_pe": null,
            "avg_maturity": null,
            "beta": null,
            "correlation_ratio": null,
            "downside_deviation": null,
            "information_ratio": null,
            "macaulay": null,
            "mod_duration": null,
            "port_turnover_ratio": null,
            "r_squared_ratio": null,
            "roe_ratio": null,
            "sharpe": null,
            "sortino_ratio": null,
            "std_dev": null,
            "tracking_error": null,
            "treynor_ratio": null,
            "upside_deviation": null,
            "ytm": null
        },
        "min_addl_amt": "",
        "min_addl_amt_multiple": "",
        "min_amt": "\u20b9 1",
        "min_amt_multiple": "\u20b9 2",
        "monthly_aaum_date": "30-04-2025",
        "monthly_aaum_value": "\u20b9 85.42 crores",
        "mutual_fund_name": "Invesco Mutual Fund",
        "page_number": [
            44
        ],
        "scheme_launch_date": "13th June, 2011 Pricing per Unit 110th of the value of Nifty 50 (approx.)"
    }
}