{
    "Motilal Oswal Large Cap Fund": {
        "amc_name": "Motilal Oswal Asset Management Company Limited",
        "benchmark_index": "NIFTY 100 TRI",
        "fund_manager": [
            {
                "managing_fund_since": "06-Feb-2024",
                "name": "Ajay Khandelwal",
                "qualification": "",
                "total_exp": "18 Years"
            },
            {
                "managing_fund_since": "06-Feb-2024",
                "name": "Niket Shah",
                "qualification": "",
                "total_exp": "15 Years"
            },
            {
                "managing_fund_since": "06-Feb-2024",
                "name": "Atul Mehra",
                "qualification": "",
                "total_exp": "15 Years"
            },
            {
                "managing_fund_since": "06-Feb-2024",
                "name": "Rakesh Shetty",
                "qualification": "",
                "total_exp": "14 Years"
            }
        ],
        "load": {
            "entry_load": "Nil",
            "exit_load": "Entry Load Nil Exit Load 1 - If redeemed on or before 365 days from the date of allotment. Nil - If redeemed after 365 days from the date of allotment. Exit Load will be applicable on switch amongst the Schemes of MOMF. No Load shall be imposed for switching between Options within the Scheme. Further, it is clarified that there will be no exit load charged on a switch-out amongst the plans within the same scheme."
        },
        "main_scheme_name": "Motilal Oswal Large Cap Fund",
        "metrics": {
            "alpha": null,
            "arithmetic_mean_ratio": null,
            "average_div_yld": null,
            "average_pb": null,
            "average_pe": null,
            "avg_maturity": null,
            "beta": "0.9",
            "correlation_ratio": null,
            "downside_deviation": null,
            "information_ratio": null,
            "macaulay": null,
            "mod_duration": null,
            "port_turnover_ratio": "0.62",
            "r_squared_ratio": null,
            "roe_ratio": null,
            "sharpe": null,
            "sortino_ratio": null,
            "std_dev": "13.4",
            "tracking_error": null,
            "treynor_ratio": null,
            "upside_deviation": null,
            "ytm": null
        },
        "min_addl_amt": "\u20b9 500",
        "min_addl_amt_multiple": "\u20b9 1",
        "min_amt": "\u20b9 500",
        "min_amt_multiple": "\u20b9 1",
        "monthly_aaum_date": "30-04-2025",
        "monthly_aaum_value": "\u20b9 1,804.44 ( cr)",
        "mutual_fund_name": "Motilal Oswal Mutual Fund",
        "page_number": [
            3
        ],
        "scheme_launch_date": "6-February-2024"
    },
    "Motilal Oswal Large and Midcap Fund": {
        "amc_name": "Motilal Oswal Asset Management Company Limited",
        "benchmark_index": "NIFTY Large Midcap 250 TRI",
        "fund_manager": [
            {
                "managing_fund_since": "11-Dec-2023",
                "name": "Ajay Khandelwal",
                "qualification": "",
                "total_exp": "18 Years"
            },
            {
                "managing_fund_since": "01-Oct-2024",
                "name": "Atul Mehra",
                "qualification": "",
                "total_exp": "15 Years"
            },
            {
                "managing_fund_since": "22-Nov-2022",
                "name": "Rakesh Shetty",
                "qualification": "",
                "total_exp": "14 Years"
            }
        ],
        "load": {
            "entry_load": "Nil",
            "exit_load": "Entry Load Nil Exit Load 1 - If redeemed on or before 365 days from the date of allotment. Nil - If redeemed after 365 days from the date of allotment. Exit Load will be applicable on switch amongst the Schemes of MOMF. No Load shall be imposed for switching between Options within the Scheme. Further, it is clarified that there will be no exit load charged on a switch-out amongst the plans within the same scheme."
        },
        "main_scheme_name": "Motilal Oswal Large and Midcap Fund",
        "metrics": {
            "alpha": null,
            "arithmetic_mean_ratio": null,
            "average_div_yld": null,
            "average_pb": null,
            "average_pe": null,
            "avg_maturity": null,
            "beta": "1.1",
            "correlation_ratio": null,
            "downside_deviation": null,
            "information_ratio": "0.86",
            "macaulay": null,
            "mod_duration": null,
            "port_turnover_ratio": "0.42",
            "r_squared_ratio": null,
            "roe_ratio": null,
            "sharpe": "0.9",
            "sortino_ratio": null,
            "std_dev": "18.4",
            "tracking_error": null,
            "treynor_ratio": null,
            "upside_deviation": null,
            "ytm": null
        },
        "min_addl_amt": "\u20b9 500",
        "min_addl_amt_multiple": "\u20b9 1",
        "min_amt": "\u20b9 500",
        "min_amt_multiple": "\u20b9 1",
        "monthly_aaum_date": "30-04-2025",
        "monthly_aaum_value": "\u20b9 8,225.16 ( cr)",
        "mutual_fund_name": "Motilal Oswal Mutual Fund",
        "page_number": [
            4
        ],
        "scheme_launch_date": "17-October-2019"
    },
    "Motilal Oswal Flexi Cap Fund": {
        "amc_name": "Motilal Oswal Asset Management Company Limited",
        "benchmark_index": "Flexi Cap FundNifty 500 TRI",
        "fund_manager": [
            {
                "managing_fund_since": "01-July-2022",
                "name": "Niket Shah",
                "qualification": "",
                "total_exp": "15 Years"
            },
            {
                "managing_fund_since": "01-Oct-2024",
                "name": "Ajay Khandelwal",
                "qualification": "",
                "total_exp": "18 Years"
            },
            {
                "managing_fund_since": "01-Oct-2024",
                "name": "Atul Mehra",
                "qualification": "",
                "total_exp": "15 Years"
            },
            {
                "managing_fund_since": "22-Nov-2022",
                "name": "Rakesh Shetty",
                "qualification": "",
                "total_exp": "14 Years"
            }
        ],
        "load": {
            "entry_load": "Nil",
            "exit_load": "Entry Load Nil Exit Load 1 - If redeemed on or before 365 days from the date of allotment. Nil - If redeemed after 365 days from the date of allotment. Exit Load will be applicable on switch amongst the Schemes of MOMF. No Load shall be imposed for switching between Options within the Scheme. Further, it is clarified that there will be no exit load charged on a switch-out amongst the plans within the same scheme."
        },
        "main_scheme_name": "Motilal Oswal Flexi Cap Fund",
        "metrics": {
            "alpha": null,
            "arithmetic_mean_ratio": null,
            "average_div_yld": null,
            "average_pb": null,
            "average_pe": null,
            "avg_maturity": null,
            "beta": "0.9",
            "correlation_ratio": null,
            "downside_deviation": null,
            "information_ratio": "0.94",
            "macaulay": null,
            "mod_duration": null,
            "port_turnover_ratio": "1.57",
            "r_squared_ratio": null,
            "roe_ratio": null,
            "sharpe": "0.9",
            "sortino_ratio": null,
            "std_dev": "16.0",
            "tracking_error": null,
            "treynor_ratio": null,
            "upside_deviation": null,
            "ytm": null
        },
        "min_addl_amt": "\u20b9 500",
        "min_addl_amt_multiple": "\u20b9 1",
        "min_amt": "\u20b9 500",
        "min_amt_multiple": "\u20b9 1",
        "monthly_aaum_date": "30-04-2025",
        "monthly_aaum_value": "\u20b9 11,755.08 ( cr)",
        "mutual_fund_name": "Motilal Oswal Mutual Fund",
        "page_number": [
            5
        ],
        "scheme_launch_date": "28-Apr-2014"
    },
    "Motilal Oswal Multi Cap Fund": {
        "amc_name": "Motilal Oswal Asset Management Company Limited",
        "benchmark_index": "Nifty 500 Multicap 502525 Index TR",
        "fund_manager": [
            {
                "managing_fund_since": "18-June-2024",
                "name": "Niket Shah",
                "qualification": "",
                "total_exp": "15 Years"
            },
            {
                "managing_fund_since": "18-June-2024",
                "name": "Ajay Khandelwal",
                "qualification": "",
                "total_exp": "18 Years"
            },
            {
                "managing_fund_since": "18-June-2024",
                "name": "Atul Mehra",
                "qualification": "",
                "total_exp": "15 Years"
            },
            {
                "managing_fund_since": "18-June-2024",
                "name": "Rakesh Shetty",
                "qualification": "",
                "total_exp": "14 Years"
            }
        ],
        "load": {
            "entry_load": "Nil",
            "exit_load": "Entry Load Nil Exit Load 1 - If redeemed on or before 365 days from the date of allotment. Nil - If redeemed after 365 days from the date of allotment. Exit Load will be applicable on switch amongst the Schemes of MOMF. No Load shall be imposed for switching between Options within the Scheme. Further, it is clarified that there will be no exit load charged on a switch-out amongst the plans within the same scheme."
        },
        "main_scheme_name": "Motilal Oswal Multi Cap Fund",
        "metrics": {
            "alpha": null,
            "arithmetic_mean_ratio": null,
            "average_div_yld": null,
            "average_pb": null,
            "average_pe": null,
            "avg_maturity": null,
            "beta": null,
            "correlation_ratio": null,
            "downside_deviation": null,
            "information_ratio": null,
            "macaulay": null,
            "mod_duration": null,
            "port_turnover_ratio": "1.95",
            "r_squared_ratio": null,
            "roe_ratio": null,
            "sharpe": null,
            "sortino_ratio": null,
            "std_dev": null,
            "tracking_error": null,
            "treynor_ratio": null,
            "upside_deviation": null,
            "ytm": null
        },
        "min_addl_amt": "\u20b9 500",
        "min_addl_amt_multiple": "\u20b9 1",
        "min_amt": "\u20b9 500",
        "min_amt_multiple": "\u20b9 1",
        "monthly_aaum_date": "30-04-2025",
        "monthly_aaum_value": "\u20b9 3,264.19 ( cr)",
        "mutual_fund_name": "Motilal Oswal Mutual Fund",
        "page_number": [
            6
        ],
        "scheme_launch_date": "18-June-2024"
    },
    "Motilal Oswal Midcap Fund": {
        "amc_name": "Motilal Oswal Asset Management Company Limited",
        "benchmark_index": "Midcap Fund NIFTY Midcap 150 TRI",
        "fund_manager": [
            {
                "managing_fund_since": "01-July-2020",
                "name": "Niket Shah",
                "qualification": "",
                "total_exp": "15 Years"
            },
            {
                "managing_fund_since": "01-Oct-2024",
                "name": "Ajay Khandelwal",
                "qualification": "",
                "total_exp": "18 Years"
            },
            {
                "managing_fund_since": "22-Nov-2022",
                "name": "Rakesh Shetty",
                "qualification": "",
                "total_exp": "14 Years"
            }
        ],
        "load": {
            "entry_load": "Nil",
            "exit_load": "Entry Load Nil Exit Load 1 - If redeemed on or before 365 days from the date of allotment. Nil - If redeemed after 365 days from the date of allotment. Exit Load will be applicable on switch amongst the Schemes of MOMF. No Load shall be imposed for switching between Options within the Scheme. Further, it is clarified that there will be no exit load charged on a switch-out amongst the plans within the same scheme."
        },
        "main_scheme_name": "Motilal Oswal Midcap Fund",
        "metrics": {
            "alpha": null,
            "arithmetic_mean_ratio": null,
            "average_div_yld": null,
            "average_pb": null,
            "average_pe": null,
            "avg_maturity": null,
            "beta": "0.9",
            "correlation_ratio": null,
            "downside_deviation": null,
            "information_ratio": "0.74",
            "macaulay": null,
            "mod_duration": null,
            "port_turnover_ratio": "1.84",
            "r_squared_ratio": null,
            "roe_ratio": null,
            "sharpe": "1.1",
            "sortino_ratio": null,
            "std_dev": "18.5",
            "tracking_error": null,
            "treynor_ratio": null,
            "upside_deviation": null,
            "ytm": null
        },
        "min_addl_amt": "\u20b9 500",
        "min_addl_amt_multiple": "\u20b9 1",
        "min_amt": "\u20b9 500",
        "min_amt_multiple": "\u20b9 1",
        "monthly_aaum_date": "30-04-2025",
        "monthly_aaum_value": "\u20b9 24,904.21 (cr)",
        "mutual_fund_name": "Motilal Oswal Mutual Fund",
        "page_number": [
            7
        ],
        "scheme_launch_date": "24-Feb-2014"
    },
    "Motilal Oswal Small Cap Fund": {
        "amc_name": "Motilal Oswal Asset Management Company Limited",
        "benchmark_index": "Nifty Smallcap 250 TRI",
        "fund_manager": [
            {
                "managing_fund_since": "26-Dec-2023",
                "name": "Ajay Khandelwal",
                "qualification": "",
                "total_exp": "18 Years"
            },
            {
                "managing_fund_since": "26-Dec-2023",
                "name": "Niket Shah",
                "qualification": "",
                "total_exp": "15 Years"
            },
            {
                "managing_fund_since": "26-Dec-2023",
                "name": "Rakesh Shetty",
                "qualification": "",
                "total_exp": "14 Years"
            }
        ],
        "load": {
            "entry_load": "Nil",
            "exit_load": "Entry Load Nil Exit Load 1 - If redeemed on or before 365 days from the date of allotment. Nil - If redeemed after 365 days from the date of allotment. Exit Load will be applicable on switch amongst the Schemes of MOMF. No Load shall be imposed for switching between Options within the Scheme. Further, it is clarified that there will be no exit load charged on a switch-out amongst the plans within the same scheme."
        },
        "main_scheme_name": "Motilal Oswal Small Cap Fund",
        "metrics": {
            "alpha": null,
            "arithmetic_mean_ratio": null,
            "average_div_yld": null,
            "average_pb": null,
            "average_pe": null,
            "avg_maturity": null,
            "beta": "0.8",
            "correlation_ratio": null,
            "downside_deviation": null,
            "information_ratio": null,
            "macaulay": null,
            "mod_duration": null,
            "port_turnover_ratio": "0.54",
            "r_squared_ratio": null,
            "roe_ratio": null,
            "sharpe": null,
            "sortino_ratio": null,
            "std_dev": "19.4",
            "tracking_error": null,
            "treynor_ratio": null,
            "upside_deviation": null,
            "ytm": null
        },
        "min_addl_amt": "\u20b9 500",
        "min_addl_amt_multiple": "\u20b9 1",
        "min_amt": "\u20b9 500",
        "min_amt_multiple": "\u20b9 1",
        "monthly_aaum_date": "30-04-2025",
        "monthly_aaum_value": "\u20b9 3,968.32 ( cr)",
        "mutual_fund_name": "Motilal Oswal Mutual Fund",
        "page_number": [
            8
        ],
        "scheme_launch_date": "26-December-2023"
    },
    "Motilal Oswal Focused Fund": {
        "amc_name": "Motilal Oswal Asset Management Company Limited",
        "benchmark_index": "Focused Fund NIFTY 500 TRI",
        "fund_manager": [
            {
                "managing_fund_since": "01-Oct-2024",
                "name": "Ajay Khandelwal",
                "qualification": "",
                "total_exp": "18 Years"
            },
            {
                "managing_fund_since": "01-Oct-2024",
                "name": "Atul Mehra",
                "qualification": "",
                "total_exp": "15 Years"
            },
            {
                "managing_fund_since": "22-Nov-2022",
                "name": "Rakesh Shetty",
                "qualification": "",
                "total_exp": "14 Years"
            }
        ],
        "load": {
            "entry_load": "Nil",
            "exit_load": "Entry Load Nil Exit Load 1 - If redeemed on or before 365 days from the date of allotment. Nil - If redeemed after 365 days from the date of allotment. Exit Load will be applicable on switch amongst the Schemes of MOMF. No Load shall be imposed for switching between Options within the Scheme. Further, it is clarified that there will be no exit load charged on a switch-out amongst the plans within the same scheme."
        },
        "main_scheme_name": "Motilal Oswal Focused Fund",
        "metrics": {
            "alpha": null,
            "arithmetic_mean_ratio": null,
            "average_div_yld": null,
            "average_pb": null,
            "average_pe": null,
            "avg_maturity": null,
            "beta": "1.0",
            "correlation_ratio": null,
            "downside_deviation": null,
            "information_ratio": "-0.95",
            "macaulay": null,
            "mod_duration": null,
            "port_turnover_ratio": "1.03",
            "r_squared_ratio": null,
            "roe_ratio": null,
            "sharpe": "-0.01",
            "sortino_ratio": null,
            "std_dev": "17.0",
            "tracking_error": null,
            "treynor_ratio": null,
            "upside_deviation": null,
            "ytm": null
        },
        "min_addl_amt": "\u20b9 500",
        "min_addl_amt_multiple": "\u20b9 1",
        "min_amt": "\u20b9 500",
        "min_amt_multiple": "\u20b9 1",
        "monthly_aaum_date": "30-04-2025",
        "monthly_aaum_value": "\u20b9 1,354.19 ( cr)",
        "mutual_fund_name": "Motilal Oswal Mutual Fund",
        "page_number": [
            9
        ],
        "scheme_launch_date": "13-May-2013"
    },
    "Motilal Oswal ELSS Tax Saver Fund": {
        "amc_name": "Motilal Oswal Asset Management Company Limited",
        "benchmark_index": "ELSS Nifty 500 TRI",
        "fund_manager": [
            {
                "managing_fund_since": "11-Dec-2023",
                "name": "Ajay Khandelwal",
                "qualification": "",
                "total_exp": "18 Years"
            },
            {
                "managing_fund_since": "01-Oct-2024",
                "name": "Atul Mehra",
                "qualification": "",
                "total_exp": "15 Years"
            },
            {
                "managing_fund_since": "22-Nov-2022",
                "name": "Rakesh Shetty",
                "qualification": "",
                "total_exp": "14 Years"
            }
        ],
        "load": {
            "entry_load": null,
            "exit_load": "Nil"
        },
        "main_scheme_name": "Motilal Oswal ELSS Tax Saver Fund",
        "metrics": {
            "alpha": null,
            "arithmetic_mean_ratio": null,
            "average_div_yld": null,
            "average_pb": null,
            "average_pe": null,
            "avg_maturity": null,
            "beta": "1.1",
            "correlation_ratio": null,
            "downside_deviation": null,
            "information_ratio": "0.96",
            "macaulay": null,
            "mod_duration": null,
            "port_turnover_ratio": "0.53",
            "r_squared_ratio": null,
            "roe_ratio": null,
            "sharpe": "0.8",
            "sortino_ratio": null,
            "std_dev": "19.0",
            "tracking_error": null,
            "treynor_ratio": null,
            "upside_deviation": null,
            "ytm": null
        },
        "min_addl_amt": "\u20b9 500",
        "min_addl_amt_multiple": "\u20b9 500",
        "min_amt": "\u20b9 500",
        "min_amt_multiple": "\u20b9 500",
        "monthly_aaum_date": "30-04-2025",
        "monthly_aaum_value": "\u20b9 3,629.85 ( cr)",
        "mutual_fund_name": "Motilal Oswal Mutual Fund",
        "page_number": [
            10
        ],
        "scheme_launch_date": "21-Jan-2015"
    },
    "Motilal Oswal Business Cycle Fund": {
        "amc_name": "Motilal Oswal Asset Management Company Limited",
        "benchmark_index": "Nifty 500 TRI",
        "fund_manager": [
            {
                "managing_fund_since": "27-August-2024",
                "name": "Ajay Khandelwal",
                "qualification": "",
                "total_exp": "18 Years"
            },
            {
                "managing_fund_since": "27-August-2024",
                "name": "Niket Shah",
                "qualification": "",
                "total_exp": "15 Years"
            },
            {
                "managing_fund_since": "27-August-2024",
                "name": "Atul Mehra",
                "qualification": "",
                "total_exp": "15 Years"
            },
            {
                "managing_fund_since": "27-August-2024",
                "name": "Rakesh Shetty",
                "qualification": "",
                "total_exp": "14 Years"
            }
        ],
        "load": {
            "entry_load": "Nil",
            "exit_load": "Entry Load Nil Exit Load 1 - If redeemed on or before 365 days from the date of allotment. Nil - If redeemed after 365 days from the date of allotment. Exit Load will be applicable on switch amongst the Schemes of MOMF. No Load shall be imposed for switching between Options within the Scheme. Further, it is clarified that there will be no exit load charged on a switch-out amongst the plans within the same scheme."
        },
        "main_scheme_name": "Motilal Oswal Business Cycle Fund",
        "metrics": {
            "alpha": null,
            "arithmetic_mean_ratio": null,
            "average_div_yld": null,
            "average_pb": null,
            "average_pe": null,
            "avg_maturity": null,
            "beta": null,
            "correlation_ratio": null,
            "downside_deviation": null,
            "information_ratio": null,
            "macaulay": null,
            "mod_duration": null,
            "port_turnover_ratio": "1.41",
            "r_squared_ratio": null,
            "roe_ratio": null,
            "sharpe": null,
            "sortino_ratio": null,
            "std_dev": null,
            "tracking_error": null,
            "treynor_ratio": null,
            "upside_deviation": null,
            "ytm": null
        },
        "min_addl_amt": "\u20b9 500",
        "min_addl_amt_multiple": "\u20b9 1",
        "min_amt": "\u20b9 500",
        "min_amt_multiple": "\u20b9 1",
        "monthly_aaum_date": "30-04-2025",
        "monthly_aaum_value": "\u20b9 1,684.79 ( cr)",
        "mutual_fund_name": "Motilal Oswal Mutual Fund",
        "page_number": [
            11
        ],
        "scheme_launch_date": "27-August-2024"
    },
    "Motilal Oswal Manufacturing Fund": {
        "amc_name": "Motilal Oswal Asset Management Company Limited",
        "benchmark_index": "Nifty India Manufacturing Total Return Index",
        "fund_manager": [
            {
                "managing_fund_since": "8-August-2024",
                "name": "Ajay Khandelwal",
                "qualification": "",
                "total_exp": "18 Years"
            },
            {
                "managing_fund_since": "8-August-2024",
                "name": "Atul Mehra",
                "qualification": "",
                "total_exp": "15 Years"
            },
            {
                "managing_fund_since": "8-August-2024",
                "name": "Rakesh Shetty",
                "qualification": "",
                "total_exp": "14 Years"
            }
        ],
        "load": {
            "entry_load": "Nil",
            "exit_load": "Entry Load Nil Exit Load 1 - If redeemed on or before 90 days from the date of allotment. Nil - If redeemed after 90 days from the date of allotment. Exit Load will be applicable on switch amongst the Schemes of MOMF. No Load shall be imposed for switching between Options within the Scheme. Further, it is clarified that there will be no exit load charged on a switch-out amongst the plans within the same scheme."
        },
        "main_scheme_name": "Motilal Oswal Manufacturing Fund",
        "metrics": {
            "alpha": null,
            "arithmetic_mean_ratio": null,
            "average_div_yld": null,
            "average_pb": null,
            "average_pe": null,
            "avg_maturity": null,
            "beta": null,
            "correlation_ratio": null,
            "downside_deviation": null,
            "information_ratio": null,
            "macaulay": null,
            "mod_duration": null,
            "port_turnover_ratio": "0.32",
            "r_squared_ratio": null,
            "roe_ratio": null,
            "sharpe": null,
            "sortino_ratio": null,
            "std_dev": null,
            "tracking_error": null,
            "treynor_ratio": null,
            "upside_deviation": null,
            "ytm": null
        },
        "min_addl_amt": "\u20b9 500",
        "min_addl_amt_multiple": "\u20b9 1",
        "min_amt": "\u20b9 500",
        "min_amt_multiple": "\u20b9 1",
        "monthly_aaum_date": "30-04-2025",
        "monthly_aaum_value": "\u20b9 684.54 ( cr)",
        "mutual_fund_name": "Motilal Oswal Mutual Fund",
        "page_number": [
            12
        ],
        "scheme_launch_date": "08-August-2024"
    },
    "Motilal Oswal Digital India Fund": {
        "amc_name": "Motilal Oswal Asset Management Company Limited",
        "benchmark_index": "BSE Teck TRI",
        "fund_manager": [
            {
                "managing_fund_since": "04-November-2024",
                "name": "Varun Sharma",
                "qualification": "",
                "total_exp": "15 Years"
            },
            {
                "managing_fund_since": "04-November-2024",
                "name": "Niket Shah",
                "qualification": "",
                "total_exp": "15 Years"
            },
            {
                "managing_fund_since": "04-November-2024",
                "name": "Atul Mehra",
                "qualification": "",
                "total_exp": "15 Years"
            },
            {
                "managing_fund_since": "04-November-2024",
                "name": "Rakesh Shetty",
                "qualification": "",
                "total_exp": "14 Years"
            }
        ],
        "load": {
            "entry_load": "Nil",
            "exit_load": "Entry Load Nil Exit Load 1 - If redeemed on or before 90 days from the date of allotment. Nil - If redeemed after 90 days from the date of allotment. Exit Load will be applicable on switch amongst the Schemes of MOMF. No Load shall be imposed for switching between Options within the Scheme. Further, it is clarified that there will be no exit load charged on a switch-out amongst the plans within the same scheme."
        },
        "main_scheme_name": "Motilal Oswal Digital India Fund",
        "metrics": {
            "alpha": null,
            "arithmetic_mean_ratio": null,
            "average_div_yld": null,
            "average_pb": null,
            "average_pe": null,
            "avg_maturity": null,
            "beta": null,
            "correlation_ratio": null,
            "downside_deviation": null,
            "information_ratio": null,
            "macaulay": null,
            "mod_duration": null,
            "port_turnover_ratio": "0.21",
            "r_squared_ratio": null,
            "roe_ratio": null,
            "sharpe": null,
            "sortino_ratio": null,
            "std_dev": null,
            "tracking_error": null,
            "treynor_ratio": null,
            "upside_deviation": null,
            "ytm": null
        },
        "min_addl_amt": "\u20b9 500",
        "min_addl_amt_multiple": "\u20b9 1",
        "min_amt": "\u20b9 500",
        "min_amt_multiple": "\u20b9 1",
        "monthly_aaum_date": "30-04-2025",
        "monthly_aaum_value": "\u20b9 662.24 ( cr)",
        "mutual_fund_name": "Motilal Oswal Mutual Fund",
        "page_number": [
            13
        ],
        "scheme_launch_date": "04-November-2024"
    },
    "Motilal Oswal Quant Fund": {
        "amc_name": "Motilal Oswal Asset Management Company Limited",
        "benchmark_index": "Nifty 200 Index TRI",
        "fund_manager": [
            {
                "managing_fund_since": "06-June-2024",
                "name": "Ajay Khandelwal",
                "qualification": "",
                "total_exp": "18 Years"
            },
            {
                "managing_fund_since": "06-June-2024",
                "name": "Rakesh Shetty",
                "qualification": "",
                "total_exp": "14 Years"
            }
        ],
        "load": {
            "entry_load": "Nil",
            "exit_load": "Entry Load Nil Exit Load 1 - If redeemed on or before 15 days from the date of allotment. Nil - If redeemed after 15 days from the date of allotment. Exit Load will be applicable on switch amongst the Schemes of MOMF. No Load shall be imposed for switching between Options within the Scheme. Further, it is clarified that there will be no exit load charged on a switch-out from Regular to Direct plan within the same scheme."
        },
        "main_scheme_name": "Motilal Oswal Quant Fund",
        "metrics": {
            "alpha": null,
            "arithmetic_mean_ratio": null,
            "average_div_yld": null,
            "average_pb": null,
            "average_pe": null,
            "avg_maturity": null,
            "beta": null,
            "correlation_ratio": null,
            "downside_deviation": null,
            "information_ratio": null,
            "macaulay": null,
            "mod_duration": null,
            "port_turnover_ratio": "1.55",
            "r_squared_ratio": null,
            "roe_ratio": null,
            "sharpe": null,
            "sortino_ratio": null,
            "std_dev": null,
            "tracking_error": null,
            "treynor_ratio": null,
            "upside_deviation": null,
            "ytm": null
        },
        "min_addl_amt": "\u20b9 500",
        "min_addl_amt_multiple": "\u20b9 1",
        "min_amt": "\u20b9 500",
        "min_amt_multiple": "\u20b9 1",
        "monthly_aaum_date": "30-04-2025",
        "monthly_aaum_value": "\u20b9 124.52 ( cr)",
        "mutual_fund_name": "Motilal Oswal Mutual Fund",
        "page_number": [
            14
        ],
        "scheme_launch_date": "06-June-2024"
    },
    "Motilal Oswal Innovation Opportunities Fund": {
        "amc_name": "Motilal Oswal Asset Management Company Limited",
        "benchmark_index": "Nifty 500 TRI",
        "fund_manager": [
            {
                "managing_fund_since": "18-February-2025",
                "name": "Varun Sharma",
                "qualification": "",
                "total_exp": "15 Years"
            },
            {
                "managing_fund_since": "18-February-2025",
                "name": "Niket Shah",
                "qualification": "",
                "total_exp": "15 Years"
            },
            {
                "managing_fund_since": "18-February-2025",
                "name": "Atul Mehra",
                "qualification": "",
                "total_exp": "15 Years"
            },
            {
                "managing_fund_since": "18-February-2025",
                "name": "Rakesh Shetty",
                "qualification": "",
                "total_exp": "14 Years"
            }
        ],
        "load": {
            "entry_load": "Nil",
            "exit_load": "Entry Load Nil Exit Load 1 - If redeemed within 90 days from the day of allotment. Nil - If redeemed after 90 days from the date of allotment. Exit Load will be applicable on switch amongst the Schemes of MOMF. No Load shall be imposed for switching between Options within the Scheme. Further, it is clarified that there will be no exit load charged on a switch-out amongst the plans within the same scheme."
        },
        "main_scheme_name": "Motilal Oswal Innovation Opportunities Fund",
        "metrics": {
            "alpha": null,
            "arithmetic_mean_ratio": null,
            "average_div_yld": null,
            "average_pb": null,
            "average_pe": null,
            "avg_maturity": null,
            "beta": null,
            "correlation_ratio": null,
            "downside_deviation": null,
            "information_ratio": null,
            "macaulay": null,
            "mod_duration": null,
            "port_turnover_ratio": "0.04",
            "r_squared_ratio": null,
            "roe_ratio": null,
            "sharpe": null,
            "sortino_ratio": null,
            "std_dev": null,
            "tracking_error": null,
            "treynor_ratio": null,
            "upside_deviation": null,
            "ytm": null
        },
        "min_addl_amt": "\u20b9 500",
        "min_addl_amt_multiple": "\u20b9 1",
        "min_amt": "\u20b9 500",
        "min_amt_multiple": "\u20b9 1",
        "monthly_aaum_date": "30-04-2025",
        "monthly_aaum_value": "\u20b9 133.35 ( cr)",
        "mutual_fund_name": "Motilal Oswal Mutual Fund",
        "page_number": [
            15
        ],
        "scheme_launch_date": "18-February-2025"
    },
    "Motilal Oswal Active Momentum Fund": {
        "amc_name": "Motilal Oswal Asset Management Company Limited",
        "benchmark_index": "Nifty 500 TRI",
        "fund_manager": [
            {
                "managing_fund_since": "17-March-2025",
                "name": "Ajay Khandelwal",
                "qualification": "",
                "total_exp": "18 Years"
            },
            {
                "managing_fund_since": "17-March-2025",
                "name": "Varun Sharma",
                "qualification": "",
                "total_exp": "15 Years"
            },
            {
                "managing_fund_since": "17-March-2025",
                "name": "Vishal Ashar",
                "qualification": "",
                "total_exp": "18 Years"
            },
            {
                "managing_fund_since": "17-March-2025",
                "name": "Rakesh Shetty",
                "qualification": "",
                "total_exp": "14 Years"
            }
        ],
        "load": {
            "entry_load": "Nil",
            "exit_load": "Entry Load Nil Exit Load 1 - If redeemed on or before 90 days from the date of allotment. Nil - If redeemed after 90 days from the date of allotment. Exit Load will be applicable on switch amongst the Schemes of MOMF. No Load shall be imposed for switching between Options within the Scheme. Further, it is clarified that there will be no exit load charged on a switchout amongst the plans within the same scheme."
        },
        "main_scheme_name": "Motilal Oswal Active Momentum Fund",
        "metrics": {
            "alpha": null,
            "arithmetic_mean_ratio": null,
            "average_div_yld": null,
            "average_pb": null,
            "average_pe": null,
            "avg_maturity": null,
            "beta": null,
            "correlation_ratio": null,
            "downside_deviation": null,
            "information_ratio": null,
            "macaulay": null,
            "mod_duration": null,
            "port_turnover_ratio": null,
            "r_squared_ratio": null,
            "roe_ratio": null,
            "sharpe": null,
            "sortino_ratio": null,
            "std_dev": null,
            "tracking_error": null,
            "treynor_ratio": null,
            "upside_deviation": null,
            "ytm": null
        },
        "min_addl_amt": "\u20b9 500",
        "min_addl_amt_multiple": "\u20b9 1",
        "min_amt": "\u20b9 500",
        "min_amt_multiple": "\u20b9 1",
        "monthly_aaum_date": "30-04-2025",
        "monthly_aaum_value": "\u20b9 20.72 ( cr)",
        "mutual_fund_name": "Motilal Oswal Mutual Fund",
        "page_number": [
            16
        ],
        "scheme_launch_date": "17-March-2025"
    },
    "Motilal Oswal Balanced Advantage Fund": {
        "amc_name": "Motilal Oswal Asset Management Company Limited",
        "benchmark_index": "Dynamic Asset Allocation CRISIL Hybrid 5050 - Moderate TRI",
        "fund_manager": [
            {
                "managing_fund_since": "06-March-2025",
                "name": "Niket Shah",
                "qualification": "",
                "total_exp": "15 Years"
            },
            {
                "managing_fund_since": "01-Oct-2024",
                "name": "Ajay Khandelwal",
                "qualification": "",
                "total_exp": "18 Years"
            },
            {
                "managing_fund_since": "01-Oct-2024",
                "name": "Atul Mehra",
                "qualification": "",
                "total_exp": "15 Years"
            },
            {
                "managing_fund_since": "22-Nov-2022",
                "name": "Rakesh Shetty",
                "qualification": "",
                "total_exp": "14 Years"
            }
        ],
        "load": {
            "entry_load": "Nil",
            "exit_load": "Entry Load Nil Exit Load 1 - If redeemed on or before 365 days from the date of allotment. Nil - If redeemed after 365 days from the date of allotment. Exit Load will be applicable on switch amongst the Schemes of MOMF. No Load shall be imposed for switching between Options within the Scheme. Further, it is clarified that there will be no exit load charged on a switch-out amongst the plans within the same scheme."
        },
        "main_scheme_name": "Motilal Oswal Balanced Advantage Fund",
        "metrics": {
            "alpha": null,
            "arithmetic_mean_ratio": null,
            "average_div_yld": null,
            "average_pb": null,
            "average_pe": null,
            "avg_maturity": null,
            "beta": "1.3",
            "correlation_ratio": null,
            "downside_deviation": null,
            "information_ratio": "-0.52",
            "macaulay": null,
            "mod_duration": null,
            "port_turnover_ratio": "3.18",
            "r_squared_ratio": null,
            "roe_ratio": null,
            "sharpe": "-0.1",
            "sortino_ratio": null,
            "std_dev": "14.0",
            "tracking_error": null,
            "treynor_ratio": null,
            "upside_deviation": null,
            "ytm": null
        },
        "min_addl_amt": "\u20b9 500",
        "min_addl_amt_multiple": "\u20b9 1",
        "min_amt": "\u20b9 500",
        "min_amt_multiple": "\u20b9 1",
        "monthly_aaum_date": "30-04-2025",
        "monthly_aaum_value": "\u20b9 908.46 ( cr)",
        "mutual_fund_name": "Motilal Oswal Mutual Fund",
        "page_number": [
            17
        ],
        "scheme_launch_date": "27-Sep-2016"
    },
    "Motilal Oswal Multi Asset Fund": {
        "amc_name": "Motilal Oswal Asset Management Company Limited",
        "benchmark_index": "50 Nifty 500 TRI  35 CRISIL Short Term Bond Fund Index  13 Domestic Price of Gold  2 Domestic Price of Silver.",
        "fund_manager": [
            {
                "managing_fund_since": "01-Oct-2024",
                "name": "Ajay Khandelwal",
                "qualification": "",
                "total_exp": "18 Years"
            },
            {
                "managing_fund_since": "01-Oct-2024",
                "name": "Atul Mehra",
                "qualification": "",
                "total_exp": "15 Years"
            },
            {
                "managing_fund_since": "22-Nov-2022",
                "name": "Rakesh Shetty",
                "qualification": "",
                "total_exp": "14 Years"
            }
        ],
        "load": {
            "entry_load": "Nil",
            "exit_load": "Entry Load Nil Exit Load 1 - If redeemed on or before 365 days from the date of allotment. Nil - If redeemed after 365 days from the date of allotment. Exit Load will be applicable on switch amongst the Schemes of MOMF. No Load shall be imposed for switching between Options within the Scheme. Further, it is clarified that there will be no exit load charged on a switch-out amongst the plans within the same scheme. NAV(IDCW Income Distribution cum capital withdrawal option) Regular Plan Growth Option 11.4937 Direct Plan Growth Option 12.2340 Scheme Statistics Monthly AAUM 91.08 ( cr) Latest AUM (31-Mar-2025) 92.17( cr) Beta 1.1 Portfolio Turnover Ratio 0.66 Standard Deviation 9.4 (Annualised) Sharpe Ratio -0.6 (Annualised)  Risk free returns based on last overnight MIBOR cut-off of 7.20 (Data as on 28-March-2025)"
        },
        "main_scheme_name": "Motilal Oswal Multi Asset Fund",
        "metrics": {
            "alpha": null,
            "arithmetic_mean_ratio": null,
            "average_div_yld": null,
            "average_pb": null,
            "average_pe": null,
            "avg_maturity": "0.97",
            "beta": "1.1",
            "correlation_ratio": null,
            "downside_deviation": null,
            "information_ratio": null,
            "macaulay": "0.87",
            "mod_duration": "0.81",
            "port_turnover_ratio": "0.66",
            "r_squared_ratio": null,
            "roe_ratio": null,
            "sharpe": "-0.6",
            "sortino_ratio": null,
            "std_dev": "9.4",
            "tracking_error": null,
            "treynor_ratio": null,
            "upside_deviation": null,
            "ytm": "6.82"
        },
        "min_addl_amt": "\u20b9 500",
        "min_addl_amt_multiple": "\u20b9 1",
        "min_amt": "\u20b9 500",
        "min_amt_multiple": "\u20b9 1",
        "monthly_aaum_date": "30-04-2025",
        "monthly_aaum_value": "\u20b9 91.08 ( cr)",
        "mutual_fund_name": "Motilal Oswal Mutual Fund",
        "page_number": [
            18
        ],
        "scheme_launch_date": "4-August-2020 Fund and Co-Fund Manager For Equity Mr. Ajay Khandelwal Managing this fund since 01-Oct-2024 He has a rich experience of more than 18 years Mr. Atul Mehra Managing this fund since 01-Oct-2024 He has a rich experience of more than 15 years Debt, Gold and Silver Component Mr. Rakesh Shetty Managing this fund since 22-Nov-2022 He has a rich experience of more than 14 years For International Equity Mr. Sunil Sawant He has been appointed as the Fund Manager for Foreign securities w.e.f. July 1, 2024. He has a rich experience of more than 16 years Total Expenses Ratio Direct 0.89 Regular 2.04 Quantitative Indicators Average Maturity 0.97 Yrs YTM 6.82 Macaulay Duration 0.87 Yrs Modified Duration 0.81 Yrs (Data as on 31-March-2025)"
    },
    "Motilal Oswal Arbitrage Fund": {
        "amc_name": "Motilal Oswal Asset Management Company Limited",
        "benchmark_index": "Nifty 50 Arbitrage TRI",
        "fund_manager": [
            {
                "managing_fund_since": "23-December-2024",
                "name": "Vishal Ashar",
                "qualification": "",
                "total_exp": "18 Years"
            },
            {
                "managing_fund_since": "23-December-2024",
                "name": "Niket Shah",
                "qualification": "",
                "total_exp": "15 Years"
            },
            {
                "managing_fund_since": "23-December-2024",
                "name": "Atul Mehra",
                "qualification": "",
                "total_exp": "15 Years"
            },
            {
                "managing_fund_since": "23-December-2024",
                "name": "Rakesh Shetty",
                "qualification": "",
                "total_exp": "14 Years"
            }
        ],
        "load": {
            "entry_load": "Nil",
            "exit_load": "Entry Load Nil Exit Load 0.25 - If redeemed within 15 days from the day of allotment. Nil - If redeemed after 15 days from the date of allotment. Exit Load will be applicable on switch amongst the Schemes of MOMF. No Load shall be imposed for switching between Options within the Scheme. Further, it is clarified that there will be no exit load charged on a switch-out from Regular to Direct plan within the same scheme. NAV(IDCW Income Distribution cum capital withdrawal option) Regular Plan Growth Option 10.1771 Regular Plan IDCW Option 10.1771 Direct Plan Growth Option 10.2012 Direct Plan IDCW Option 10.2012 Scheme Statistics Monthly AAUM 753.83 ( cr) Latest AUM (31-Mar-2025) 590.26( cr) Portfolio Turnover Ratio 4.05"
        },
        "main_scheme_name": "Motilal Oswal Arbitrage Fund",
        "metrics": {
            "alpha": null,
            "arithmetic_mean_ratio": null,
            "average_div_yld": null,
            "average_pb": null,
            "average_pe": null,
            "avg_maturity": "0.44",
            "beta": null,
            "correlation_ratio": null,
            "downside_deviation": null,
            "information_ratio": null,
            "macaulay": "0.44",
            "mod_duration": "0.41",
            "port_turnover_ratio": "4.05",
            "r_squared_ratio": null,
            "roe_ratio": null,
            "sharpe": null,
            "sortino_ratio": null,
            "std_dev": null,
            "tracking_error": null,
            "treynor_ratio": null,
            "upside_deviation": null,
            "ytm": "6.44"
        },
        "min_addl_amt": "\u20b9 500",
        "min_addl_amt_multiple": "\u20b9 1",
        "min_amt": "\u20b9 500",
        "min_amt_multiple": "\u20b9 1",
        "monthly_aaum_date": "30-04-2025",
        "monthly_aaum_value": "\u20b9 753.83 ( cr)",
        "mutual_fund_name": "Motilal Oswal Mutual Fund",
        "page_number": [
            19
        ],
        "scheme_launch_date": "23-December-2024 Fund and Co-Fund Manager For Equity Component Mr. Vishal Ashar Managing this fund since 23-December-2024 He has overall 18 years of experience Mr. Niket Shah Managing this fund since 23-December-2024 He has overall 15 years of experience Mr. Atul Mehra Managing this fund since 23-December-2024 He has a rich experience of more than 15 years For Debt Component Mr. Rakesh Shetty Managing this fund since 23-December-2024 He has a rich experience of more than 14 years Total Expenses Ratio Direct 0.11 Regular 1.01 Quantitative Indicators Average Maturity 0.44 Yrs YTM 6.44 Macaulay Duration 0.44 Yrs Modified Duration 0.41 Yrs (Data as on 31-March-2025)"
    },
    "Motilal Oswal Ultra Short Term Fund": {
        "amc_name": "Motilal Oswal Asset Management Company Limited",
        "benchmark_index": "CRISIL Ultra Short Duration Debt A-I Index",
        "fund_manager": [
            {
                "managing_fund_since": "22-Nov-2022",
                "name": "Rakesh Shetty",
                "qualification": "",
                "total_exp": "14 Years"
            }
        ],
        "load": {
            "entry_load": null,
            "exit_load": "Nil"
        },
        "main_scheme_name": "Motilal Oswal Ultra Short Term Fund",
        "metrics": {
            "alpha": null,
            "arithmetic_mean_ratio": null,
            "average_div_yld": null,
            "average_pb": null,
            "average_pe": null,
            "avg_maturity": "0.3",
            "beta": null,
            "correlation_ratio": null,
            "downside_deviation": null,
            "information_ratio": null,
            "macaulay": "0.3",
            "mod_duration": "0.3",
            "port_turnover_ratio": null,
            "r_squared_ratio": null,
            "roe_ratio": null,
            "sharpe": null,
            "sortino_ratio": null,
            "std_dev": null,
            "tracking_error": null,
            "treynor_ratio": null,
            "upside_deviation": null,
            "ytm": "6"
        },
        "min_addl_amt": "\u20b9 500",
        "min_addl_amt_multiple": "\u20b9 1",
        "min_amt": "\u20b9 500",
        "min_amt_multiple": "\u20b9 1",
        "monthly_aaum_date": "30-04-2025",
        "monthly_aaum_value": "\u20b9 505.90 ( cr)",
        "mutual_fund_name": "Motilal Oswal Mutual Fund",
        "page_number": [
            20
        ],
        "scheme_launch_date": "6-Sept-2013"
    },
    "Motilal Oswal Liquid Fund": {
        "amc_name": "Motilal Oswal Asset Management Company Limited",
        "benchmark_index": "Crisil Liquid Fund A-I Index",
        "fund_manager": [
            {
                "managing_fund_since": "22-Nov-2022",
                "name": "Rakesh Shetty",
                "qualification": "",
                "total_exp": "14 Years"
            }
        ],
        "load": {
            "entry_load": "Nil",
            "exit_load": "Entry Load Nil Exit Load Day 1 0.0070 Day 2 0.0065 Day 3 0.0060 Day 4 0.0055 Day 5 0.0050 Day 6 0.0045 Day 7 onwards Nil Exit Load will be applicable on switch amongst the Schemes of MOMF. No Load shall be imposed for switching between Options within the Scheme. Further, it is clarified that there will be no exit load charged on a switch- out from Regular to Direct plan within the same scheme. Fund Manager Mr. Rakesh Shetty Managing this fund since 22-Nov-2022. He has a rich experience of more than 14 years IDCW History Monthly IDCW (Direct Plan) Record Date IDCW Cum IDCW Ex IDCW per Unit ( ) NAV NAV 28-Mar-25 0.0562 10.0862 10.0300 28-Feb-25 0.0513 10.0813 10.0300 31-Jan-25 0.0670 10.0970 10.0300 Monthly IDCW (Regular Plan) Record Date IDCW Cum IDCW Ex IDCW per Unit ( ) NAV NAV 28-Mar-25 0.0551 10.0851 10.0300 28-Feb-25 0.0501 10.0801 10.0300 31-Jan-25 0.0655 10.0955 10.0300 Quarterly IDCW (Direct Plan) Record Date IDCW Cum IDCW Ex IDCW per Unit ( ) NAV NAV 28-Mar-25 0.1734 10.1784 10.0034 27-Dec-24 0.1625 10.1659 10.0034 27-Sep-24 0.1685 10.1719 10.0034 Quarterly IDCW (Regular Plan) Record Date IDCW Cum IDCW Ex IDCW per Unit ( ) NAV NAV 28-Mar-25 0.1696 10.1746 10.0034 27-Dec-24 0.1587 10.1621 10.0034 27-Sep-24 0.1648 10.1682 10.0034 Pursuant to payment of IDCW, NAV per unit will fall to the extent of the IDCW payout and statutory levy (if applicable). Face value10-. Past performance may or may not be sustained in future. Total Expenses Ratio Direct 0.22 Regular 0 37"
        },
        "main_scheme_name": "Motilal Oswal Liquid Fund",
        "metrics": {
            "alpha": null,
            "arithmetic_mean_ratio": null,
            "average_div_yld": null,
            "average_pb": null,
            "average_pe": null,
            "avg_maturity": "0.11",
            "beta": null,
            "correlation_ratio": null,
            "downside_deviation": null,
            "information_ratio": null,
            "macaulay": "0.11",
            "mod_duration": "0.10",
            "port_turnover_ratio": null,
            "r_squared_ratio": null,
            "roe_ratio": null,
            "sharpe": null,
            "sortino_ratio": null,
            "std_dev": null,
            "tracking_error": null,
            "treynor_ratio": null,
            "upside_deviation": null,
            "ytm": "6.8"
        },
        "min_addl_amt": "\u20b9 500",
        "min_addl_amt_multiple": "\u20b9 1",
        "min_amt": "\u20b9 500",
        "min_amt_multiple": "\u20b9 1",
        "monthly_aaum_date": "30-04-2025",
        "monthly_aaum_value": "\u20b9 984.21 10.0109 10.0184",
        "mutual_fund_name": "Motilal Oswal Mutual Fund",
        "page_number": [
            21
        ],
        "scheme_launch_date": "20-Dec-2018 Entry  Exit Load Entry Load Nil Exit Load Day 1 0.0070 Day 2 0.0065 Day 3 0.0060 Day 4 0.0055 Day 5 0.0050 Day 6 0.0045 Day 7 onwards Nil Exit Load will be applicable on switch amongst the Schemes of MOMF. No Load shall be imposed for switching between Options within the Scheme. Further, it is clarified that there will be no exit load charged on a switch- out from Regular to Direct plan within the same scheme. Fund Manager Mr. Rakesh Shetty Managing this fund since 22-Nov-2022. He has a rich experience of more than 14 years IDCW History Monthly IDCW (Direct Plan) Record Date IDCW Cum IDCW Ex IDCW per Unit ( )"
    }
}