{
    "Bajaj Finserv Large Cap Fund": {
        "amc_name": "Bajaj Finserv Asset Management Limited",
        "benchmark_index": "Nifty 100 Total Return Index (TRI) ",
        "fund_manager": [
            {
                "managing_fund_since": "Inception",
                "name": "Nimesh Chandan",
                "qualification": "Equity Portion",
                "total_exp": "25 Years"
            },
            {
                "managing_fund_since": "Inception",
                "name": "Sorbh Gupta",
                "qualification": "Equity Portion",
                "total_exp": "16 Years"
            },
            {
                "managing_fund_since": "Inception",
                "name": "Siddharth Chaudhary",
                "qualification": "Debt Portion",
                "total_exp": "18 Years"
            }
        ],
        "load": {
            "entry_load": "NA ",
            "exit_load": "For each purchase of units through Lumpsum / switch-in / Systematic Investment Plan (SIP) and Systematic Transfer Plan (STP), exit load will be as follows: \u00b7 if units are redeemed / switched out within 6 months from the date of allotment: 1% of applicable NAV. \u00b7 if units are redeemed/switched out after 6 months from the date of allotment, no exit load is payable. The Scheme will not levy exit load in case the timelines for rebalancing portfolio as stated in SEBI Master Circular for Mutual Funds dated June 27, 2024, is not complied with. "
        },
        "main_scheme_name": "Bajaj Finserv Large Cap Fund",
        "metrics": {
            "alpha": null,
            "arithmetic_mean_ratio": null,
            "average_div_yld": null,
            "average_pb": null,
            "average_pe": null,
            "avg_maturity": null,
            "beta": null,
            "correlation_ratio": null,
            "downside_deviation": null,
            "information_ratio": null,
            "macaulay": null,
            "mod_duration": null,
            "port_turnover_ratio": null,
            "r_squared_ratio": null,
            "roe_ratio": null,
            "sharpe": null,
            "sortino_ratio": null,
            "std_dev": null,
            "tracking_error": null,
            "treynor_ratio": null,
            "upside_deviation": null,
            "ytm": null
        },
        "min_addl_amt": "\u20b9 100",
        "min_addl_amt_multiple": "\u20b9 1",
        "min_amt": "\u20b9 500",
        "min_amt_multiple": "\u20b9 1",
        "monthly_aaum_date": "30-04-2025",
        "monthly_aaum_value": "\u20b9 1,336.74",
        "mutual_fund_name": "BajaJ Finserv Mutual Fund",
        "page_number": [
            14
        ],
        "scheme_launch_date": "20 August 2024 "
    },
    "Bajaj Finserv Flexi Cap Fund": {
        "amc_name": "Bajaj Finserv Asset Management Limited",
        "benchmark_index": "BSE 500 TRI ",
        "fund_manager": [
            {
                "managing_fund_since": "Inception",
                "name": "Nimesh Chandan",
                "qualification": "Equity Portion",
                "total_exp": "25 Years"
            },
            {
                "managing_fund_since": "Inception",
                "name": "Sorbh Gupta",
                "qualification": "Equity Portion",
                "total_exp": "16 Years"
            },
            {
                "managing_fund_since": "Inception",
                "name": "Siddharth Chaudhary",
                "qualification": "Debt Portion",
                "total_exp": "18 Years"
            }
        ],
        "load": {
            "entry_load": "NA ",
            "exit_load": "For each purchase of units through Lumpsum / switch-in / Systematic Investment Plan (SIP) and Systematic Transfer Plan (STP), exit load will be as follows: If units are redeemed / switched out within 6 months from the date of allotment: \u00b7 if upto 10% of units allotted are redeemed / switched out \u00b7 Nil \u00b7 any redemption / switch-out of units in excess of 10% of units allotted - 1% of applicable NAV. If units are redeemed/switched out after 6 months from the date of allotment, no exit load is payable. "
        },
        "main_scheme_name": "Bajaj Finserv Flexi Cap Fund",
        "metrics": {
            "alpha": null,
            "arithmetic_mean_ratio": null,
            "average_div_yld": null,
            "average_pb": null,
            "average_pe": null,
            "avg_maturity": null,
            "beta": null,
            "correlation_ratio": null,
            "downside_deviation": null,
            "information_ratio": null,
            "macaulay": null,
            "mod_duration": null,
            "port_turnover_ratio": null,
            "r_squared_ratio": null,
            "roe_ratio": null,
            "sharpe": null,
            "sortino_ratio": null,
            "std_dev": null,
            "tracking_error": null,
            "treynor_ratio": null,
            "upside_deviation": null,
            "ytm": null
        },
        "min_addl_amt": "\u20b9 100",
        "min_addl_amt_multiple": "\u20b9 1",
        "min_amt": "\u20b9 500",
        "min_amt_multiple": "\u20b9 1",
        "monthly_aaum_date": "30-04-2025",
        "monthly_aaum_value": "\u20b9 4,031.37",
        "mutual_fund_name": "BajaJ Finserv Mutual Fund",
        "page_number": [
            16
        ],
        "scheme_launch_date": "14th August 2023 "
    },
    "Bajaj Finserv Large and Mid Cap Fund": {
        "amc_name": "Bajaj Finserv Asset Management Limited",
        "benchmark_index": "Nifty Large Midcap 250 TRI ",
        "fund_manager": [
            {
                "managing_fund_since": "Inception",
                "name": "Nimesh Chandan",
                "qualification": "Equity Portion",
                "total_exp": "25 Years"
            },
            {
                "managing_fund_since": "Inception",
                "name": "Sorbh Gupta",
                "qualification": "Equity Portion",
                "total_exp": "16 Years"
            },
            {
                "managing_fund_since": "Inception",
                "name": "Siddharth Chaudhary",
                "qualification": "Debt Portion",
                "total_exp": "18 Years"
            }
        ],
        "load": {
            "entry_load": "NA ",
            "exit_load": "For each purchase of units through Lumpsum / switch-in / Systematic Investment Plan (SIP) and Systematic Transfer Plan (STP), exit load will be as follows: if units are redeemed / switched out within 6 months from the date of allotment: \u00b7 if upto 10% of units allotted are redeemed/switched out \u00b7 Nil \u00b7 any redemption / switch-out of units in excess of 10% of units allotted - 1% of applicable NAV. if units are redeemed/switched out after 6 months from the date of allotment, no exit load is payable. "
        },
        "main_scheme_name": "Bajaj Finserv Large and Mid Cap Fund",
        "metrics": {
            "alpha": null,
            "arithmetic_mean_ratio": null,
            "average_div_yld": null,
            "average_pb": null,
            "average_pe": null,
            "avg_maturity": null,
            "beta": null,
            "correlation_ratio": null,
            "downside_deviation": null,
            "information_ratio": null,
            "macaulay": null,
            "mod_duration": null,
            "port_turnover_ratio": null,
            "r_squared_ratio": null,
            "roe_ratio": null,
            "sharpe": null,
            "sortino_ratio": null,
            "std_dev": null,
            "tracking_error": null,
            "treynor_ratio": null,
            "upside_deviation": null,
            "ytm": null
        },
        "min_addl_amt": "\u20b9 100",
        "min_addl_amt_multiple": "\u20b9 1",
        "min_amt": "\u20b9 500",
        "min_amt_multiple": "\u20b9 1",
        "monthly_aaum_date": "30-04-2025",
        "monthly_aaum_value": "\u20b9 1,702.42",
        "mutual_fund_name": "BajaJ Finserv Mutual Fund",
        "page_number": [
            18
        ],
        "scheme_launch_date": "27 February 2024 "
    },
    "Bajaj Finserv Multi Cap Fund": {
        "amc_name": "Bajaj Finserv Asset Management Limited",
        "benchmark_index": "Nifty 500 Multicap 50:25:25 TRI ",
        "fund_manager": [
            {
                "managing_fund_since": "Inception",
                "name": "Nimesh Chandan",
                "qualification": "Equity Portion",
                "total_exp": "25 Years"
            },
            {
                "managing_fund_since": "Inception",
                "name": "Sorbh Gupta",
                "qualification": "Equity Portion",
                "total_exp": "16 Years"
            },
            {
                "managing_fund_since": "Inception",
                "name": "Siddharth Chaudhary",
                "qualification": "Debt Portion",
                "total_exp": "18 Years"
            }
        ],
        "load": {
            "entry_load": "NA ",
            "exit_load": "For each purchase of units through Lumpsum / switch-in / Systematic Investment Plan (SIP) and Systematic Transfer Plan (STP), exit load will be as follows: if units are redeemed / switched out within 6 months from the date of allotment: \u00b7 if upto 10% of units allotted are redeemed/switched out \u00b7 Nil \u00b7 any redemption / switch-out of units in excess of 10% of units allotted - 1% of applicable NAV. if units are redeemed/switched out after 6 months from the date of allotment, no exit load is payable. "
        },
        "main_scheme_name": "Bajaj Finserv Multi Cap Fund",
        "metrics": {
            "alpha": null,
            "arithmetic_mean_ratio": null,
            "average_div_yld": null,
            "average_pb": null,
            "average_pe": null,
            "avg_maturity": null,
            "beta": null,
            "correlation_ratio": null,
            "downside_deviation": null,
            "information_ratio": null,
            "macaulay": null,
            "mod_duration": null,
            "port_turnover_ratio": null,
            "r_squared_ratio": null,
            "roe_ratio": null,
            "sharpe": null,
            "sortino_ratio": null,
            "std_dev": null,
            "tracking_error": null,
            "treynor_ratio": null,
            "upside_deviation": null,
            "ytm": null
        },
        "min_addl_amt": "\u20b9 100",
        "min_addl_amt_multiple": "\u20b9 1",
        "min_amt": "\u20b9 500",
        "min_amt_multiple": "\u20b9 1",
        "monthly_aaum_date": "30-04-2025",
        "monthly_aaum_value": "\u20b9 464.69",
        "mutual_fund_name": "BajaJ Finserv Mutual Fund",
        "page_number": [
            20
        ],
        "scheme_launch_date": "27th February 2025 "
    },
    "Bajaj Finserv Consumption Fund": {
        "amc_name": "Bajaj Finserv Asset Management Limited",
        "benchmark_index": "Nifty India Consumption Total Return Index (TRI) ",
        "fund_manager": [
            {
                "managing_fund_since": "Inception",
                "name": "Nimesh Chandan",
                "qualification": "Equity Portion",
                "total_exp": "25 Years"
            },
            {
                "managing_fund_since": "Inception",
                "name": "Sorbh Gupta",
                "qualification": "Equity Portion",
                "total_exp": "16 Years"
            },
            {
                "managing_fund_since": "Inception",
                "name": "Siddharth Chaudhary",
                "qualification": "Debt Portion",
                "total_exp": "18 Years"
            }
        ],
        "load": {
            "entry_load": "NA ",
            "exit_load": "\u00b7 if units are redeemed / switched out within 3 months from the date of allotment: 1% of applicable NAV. \u00b7 if units are redeemed/switched out after 3 months from the date of allotment, no exit load is payable. "
        },
        "main_scheme_name": "Bajaj Finserv Consumption Fund",
        "metrics": {
            "alpha": null,
            "arithmetic_mean_ratio": null,
            "average_div_yld": null,
            "average_pb": null,
            "average_pe": null,
            "avg_maturity": null,
            "beta": null,
            "correlation_ratio": null,
            "downside_deviation": null,
            "information_ratio": null,
            "macaulay": null,
            "mod_duration": null,
            "port_turnover_ratio": null,
            "r_squared_ratio": null,
            "roe_ratio": null,
            "sharpe": null,
            "sortino_ratio": null,
            "std_dev": null,
            "tracking_error": null,
            "treynor_ratio": null,
            "upside_deviation": null,
            "ytm": null
        },
        "min_addl_amt": "\u20b9 500",
        "min_addl_amt_multiple": "\u20b9 1",
        "min_amt": "\u20b9 500",
        "min_amt_multiple": "\u20b9 1",
        "monthly_aaum_date": "30-04-2025",
        "monthly_aaum_value": "\u20b9 501.49",
        "mutual_fund_name": "BajaJ Finserv Mutual Fund",
        "page_number": [
            21
        ],
        "scheme_launch_date": "29th November 2024 "
    },
    "Bajaj Finserv Healthcare Fund": {
        "amc_name": "Bajaj Finserv Asset Management Limited",
        "benchmark_index": "BSE Healthcare Total Return Index (TRI) ",
        "fund_manager": [
            {
                "managing_fund_since": "Inception",
                "name": "Nimesh Chandan",
                "qualification": "Equity Portion",
                "total_exp": "25 Years"
            },
            {
                "managing_fund_since": "Inception",
                "name": "Sorbh Gupta",
                "qualification": "Equity Portion",
                "total_exp": "16 Years"
            },
            {
                "managing_fund_since": "Inception",
                "name": "Siddharth Chaudhary",
                "qualification": "Debt Portion",
                "total_exp": "18 Years"
            }
        ],
        "load": {
            "entry_load": "NA ",
            "exit_load": "\u00b7 if units are redeemed / switched out within 3 months from the date of allotment: 1% of applicable NAV. \u00b7 if units are redeemed/switched out after 3 months from the date of allotment, no exit load is payable. "
        },
        "main_scheme_name": "Bajaj Finserv Healthcare Fund",
        "metrics": {
            "alpha": null,
            "arithmetic_mean_ratio": null,
            "average_div_yld": null,
            "average_pb": null,
            "average_pe": null,
            "avg_maturity": null,
            "beta": null,
            "correlation_ratio": null,
            "downside_deviation": null,
            "information_ratio": null,
            "macaulay": null,
            "mod_duration": null,
            "port_turnover_ratio": null,
            "r_squared_ratio": null,
            "roe_ratio": null,
            "sharpe": null,
            "sortino_ratio": null,
            "std_dev": null,
            "tracking_error": null,
            "treynor_ratio": null,
            "upside_deviation": null,
            "ytm": null
        },
        "min_addl_amt": "\u20b9 500",
        "min_addl_amt_multiple": "\u20b9 1",
        "min_amt": "\u20b9 500",
        "min_amt_multiple": "\u20b9 1",
        "monthly_aaum_date": "30-04-2025",
        "monthly_aaum_value": "\u20b9 298.55",
        "mutual_fund_name": "BajaJ Finserv Mutual Fund",
        "page_number": [
            23
        ],
        "scheme_launch_date": "27th December 2024 "
    },
    "Bajaj Finserv ELSS Tax Saver Fund": {
        "amc_name": "Bajaj Finserv Asset Management Limited",
        "benchmark_index": "BSE 500 Total Return Index (TRI) ",
        "fund_manager": [
            {
                "managing_fund_since": "Inception",
                "name": "Nimesh Chandan",
                "qualification": "Equity Portion",
                "total_exp": "25 Years"
            },
            {
                "managing_fund_since": "Inception",
                "name": "Sorbh Gupta",
                "qualification": "Equity Portion",
                "total_exp": "16 Years"
            },
            {
                "managing_fund_since": "Inception",
                "name": "Siddharth Chaudhary",
                "qualification": "Debt Portion",
                "total_exp": "18 Years"
            }
        ],
        "load": {
            "entry_load": "Nil ",
            "exit_load": "Nil "
        },
        "main_scheme_name": "Bajaj Finserv ELSS Tax Saver Fund",
        "metrics": {
            "alpha": null,
            "arithmetic_mean_ratio": null,
            "average_div_yld": null,
            "average_pb": null,
            "average_pe": null,
            "avg_maturity": null,
            "beta": null,
            "correlation_ratio": null,
            "downside_deviation": null,
            "information_ratio": null,
            "macaulay": null,
            "mod_duration": null,
            "port_turnover_ratio": null,
            "r_squared_ratio": null,
            "roe_ratio": null,
            "sharpe": null,
            "sortino_ratio": null,
            "std_dev": null,
            "tracking_error": null,
            "treynor_ratio": null,
            "upside_deviation": null,
            "ytm": null
        },
        "min_addl_amt": "\u20b9 500",
        "min_addl_amt_multiple": "\u20b9 500",
        "min_amt": "\u20b9 500",
        "min_amt_multiple": "\u20b9 500",
        "monthly_aaum_date": "30-04-2025",
        "monthly_aaum_value": "\u20b9 38.32",
        "mutual_fund_name": "BajaJ Finserv Mutual Fund",
        "page_number": [
            24
        ],
        "scheme_launch_date": "29th January 2025 "
    },
    "Bajaj Finserv Balanced Advantage Fund": {
        "amc_name": "Bajaj Finserv Asset Management Limited",
        "benchmark_index": "NIFTY 50 Hybrid Composite debt 50:50 Index ",
        "fund_manager": [
            {
                "managing_fund_since": "Inception",
                "name": "Nimesh Chandan",
                "qualification": "Equity Portion",
                "total_exp": "25 Years"
            },
            {
                "managing_fund_since": "Inception",
                "name": "Sorbh Gupta",
                "qualification": "Equity Portion",
                "total_exp": "16 Years"
            },
            {
                "managing_fund_since": "Inception",
                "name": "Siddharth Chaudhary",
                "qualification": "Debt Portion",
                "total_exp": "18 Years"
            }
        ],
        "load": {
            "entry_load": "NA ",
            "exit_load": "For each purchase of units through Lumpsum / switch-in / Systematic Investment Plan (SIP) and Systematic Transfer Plan (STP), exit load will be as follows: if units are redeemed / switched out within 6 months from the date of allotment: \u00b7 if upto 8% of units allotted are redeemed/switched out \u00b7 Nil \u00b7 any redemption / switch-out of units in excess of 8% of units allotted - 1% of applicable NAV. if units are redeemed/switched out after 6 months from the date of allotment, no exit load is payable. "
        },
        "main_scheme_name": "Bajaj Finserv Balanced Advantage Fund",
        "metrics": {
            "alpha": null,
            "arithmetic_mean_ratio": null,
            "average_div_yld": null,
            "average_pb": null,
            "average_pe": null,
            "avg_maturity": "12.6 Years",
            "beta": null,
            "correlation_ratio": null,
            "downside_deviation": null,
            "information_ratio": null,
            "macaulay": "6.4 Years",
            "mod_duration": "6.1 Years",
            "port_turnover_ratio": null,
            "r_squared_ratio": null,
            "roe_ratio": null,
            "sharpe": null,
            "sortino_ratio": null,
            "std_dev": null,
            "tracking_error": null,
            "treynor_ratio": null,
            "upside_deviation": null,
            "ytm": "7.03"
        },
        "min_addl_amt": "\u20b9 100",
        "min_addl_amt_multiple": "\u20b9 1",
        "min_amt": "\u20b9 500",
        "min_amt_multiple": "\u20b9 1",
        "monthly_aaum_date": "30-04-2025",
        "monthly_aaum_value": "\u20b9 1,212.30",
        "mutual_fund_name": "BajaJ Finserv Mutual Fund",
        "page_number": [
            25
        ],
        "scheme_launch_date": "15 December 2023 "
    },
    "Bajaj Finserv Multi Asset Allocation Fund": {
        "amc_name": "Bajaj Finserv Asset Management Limited",
        "benchmark_index": "65% Nifty 50 TRI + 25% NIFTY Short Duration Debt Index + 10% Domestic Prices of Gold ",
        "fund_manager": [
            {
                "managing_fund_since": "Inception",
                "name": "Nimesh Chandan",
                "qualification": "Equity  Debt Portion",
                "total_exp": "25 Years"
            },
            {
                "managing_fund_since": "Inception",
                "name": "Sorbh Gupta",
                "qualification": "Equity Portion",
                "total_exp": "16 Years"
            },
            {
                "managing_fund_since": "Inception",
                "name": "Siddharth Chaudhary",
                "qualification": "Debt Portion",
                "total_exp": "18 Years"
            },
            {
                "managing_fund_since": "Inception",
                "name": "Vinay Bafna",
                "qualification": "Commodity Investments Portion",
                "total_exp": "10 Years"
            }
        ],
        "load": {
            "entry_load": "NA ",
            "exit_load": "For each purchase of units through Lumpsum / switch-in / Systematic Investment Plan (SIP) and Systematic Transfer Plan (STP), exit load will be as follows: - if units are redeemed / switched out within 1 year from the date of allotment: \u00b7 if up to 30% of units allotted are redeemed/switched out \u00b7 Nil \u00b7 any redemption / switch-out of units in excess of 30% of units allotted \u00b7 1% of applicable NAV. - If units purchased or switched in from another scheme of the Fund are redeemed or switched out after 1 year from the date of allotment, no exit load is payable. "
        },
        "main_scheme_name": "Bajaj Finserv Multi Asset Allocation Fund",
        "metrics": {
            "alpha": null,
            "arithmetic_mean_ratio": null,
            "average_div_yld": null,
            "average_pb": null,
            "average_pe": null,
            "avg_maturity": "2.5 Years",
            "beta": null,
            "correlation_ratio": null,
            "downside_deviation": null,
            "information_ratio": null,
            "macaulay": "2.3 Years",
            "mod_duration": "2.1 Years",
            "port_turnover_ratio": null,
            "r_squared_ratio": null,
            "roe_ratio": null,
            "sharpe": null,
            "sortino_ratio": null,
            "std_dev": null,
            "tracking_error": null,
            "treynor_ratio": null,
            "upside_deviation": null,
            "ytm": "8.09"
        },
        "min_addl_amt": "\u20b9 100",
        "min_addl_amt_multiple": "\u20b9 1",
        "min_amt": "\u20b9 500",
        "min_amt_multiple": "\u20b9 1",
        "monthly_aaum_date": "30-04-2025",
        "monthly_aaum_value": "\u20b9 1,102.99",
        "mutual_fund_name": "BajaJ Finserv Mutual Fund",
        "page_number": [
            27
        ],
        "scheme_launch_date": "3 June 2024 "
    },
    "Bajaj Finserv Arbitrage Fund": {
        "amc_name": "Bajaj Finserv Asset Management Limited",
        "benchmark_index": "Nifty 50 Arbitrage Index (TRI) ",
        "fund_manager": [
            {
                "managing_fund_since": "Inception",
                "name": "Ilesh Savla",
                "qualification": "Equity Portion",
                "total_exp": "23 Years"
            },
            {
                "managing_fund_since": "Inception",
                "name": "Siddharth Chaudhary",
                "qualification": "Debt Portion",
                "total_exp": "18 Years"
            }
        ],
        "load": {
            "entry_load": "NA ",
            "exit_load": "For each purchase of units through Lumpsum / switch-in / Systematic Investment Plan (SIP) and Systematic Transfer Plan (STP), exit load will be as follows: \u00b7 0.25% of applicable NAV if redeemed/switched out within 15 days from the date of allotment. \u00b7 Nil if redeemed/switched out after 15 days from the date of allotment. "
        },
        "main_scheme_name": "Bajaj Finserv Arbitrage Fund",
        "metrics": {
            "alpha": null,
            "arithmetic_mean_ratio": null,
            "average_div_yld": null,
            "average_pb": null,
            "average_pe": null,
            "avg_maturity": "58 Days",
            "beta": null,
            "correlation_ratio": null,
            "downside_deviation": null,
            "information_ratio": null,
            "macaulay": "58 Days",
            "mod_duration": "54 Days",
            "port_turnover_ratio": null,
            "r_squared_ratio": null,
            "roe_ratio": null,
            "sharpe": null,
            "sortino_ratio": null,
            "std_dev": null,
            "tracking_error": null,
            "treynor_ratio": null,
            "upside_deviation": null,
            "ytm": "6.99"
        },
        "min_addl_amt": "\u20b9 100",
        "min_addl_amt_multiple": "\u20b9 1",
        "min_amt": "\u20b9 500",
        "min_amt_multiple": "\u20b9 1",
        "monthly_aaum_date": "30-04-2025",
        "monthly_aaum_value": "\u20b9 927.72",
        "mutual_fund_name": "BajaJ Finserv Mutual Fund",
        "page_number": [
            29
        ],
        "scheme_launch_date": "15 September 2023 "
    },
    "Bajaj Finserv Liquid Fund": {
        "amc_name": "Bajaj Finserv Asset Management Limited",
        "benchmark_index": "Nifty 1D Rate Index PORTFOLIO (as on 31 March, 2025) Stock Treasury Bill 91 Days Tbill (MD 26/06/2025) Reverse Repo / TREPS C h & C h E i l t ",
        "fund_manager": [
            {
                "managing_fund_since": "Inception",
                "name": "Siddharth Chaudhary",
                "qualification": "",
                "total_exp": "18 Years"
            }
        ],
        "load": {
            "entry_load": "NA ",
            "exit_load": "Nil "
        },
        "main_scheme_name": "Bajaj Finserv Liquid Fund",
        "metrics": {
            "alpha": null,
            "arithmetic_mean_ratio": null,
            "average_div_yld": null,
            "average_pb": null,
            "average_pe": null,
            "avg_maturity": null,
            "beta": null,
            "correlation_ratio": null,
            "downside_deviation": null,
            "information_ratio": null,
            "macaulay": null,
            "mod_duration": null,
            "port_turnover_ratio": null,
            "r_squared_ratio": null,
            "roe_ratio": null,
            "sharpe": null,
            "sortino_ratio": null,
            "std_dev": null,
            "tracking_error": null,
            "treynor_ratio": null,
            "upside_deviation": null,
            "ytm": null
        },
        "min_addl_amt": "",
        "min_addl_amt_multiple": "",
        "min_amt": "",
        "min_amt_multiple": "",
        "monthly_aaum_date": "30-04-2025",
        "monthly_aaum_value": "\u20b9 450.77",
        "mutual_fund_name": "BajaJ Finserv Mutual Fund",
        "page_number": [
            37
        ],
        "scheme_launch_date": "28 May 2024 "
    },
    "Bajaj Finserv Money Market Fund": {
        "amc_name": "Bajaj Finserv Asset Management Limited",
        "benchmark_index": "NIFTY Money Market Index A-I ",
        "fund_manager": [
            {
                "managing_fund_since": "Inception",
                "name": "Siddharth Chaudhary",
                "qualification": "",
                "total_exp": "18 Years"
            },
            {
                "managing_fund_since": "Inception",
                "name": "Nimesh Chandan",
                "qualification": "",
                "total_exp": "25 Years"
            }
        ],
        "load": {
            "entry_load": "NA ",
            "exit_load": "Nil "
        },
        "main_scheme_name": "Bajaj Finserv Money Market Fund",
        "metrics": {
            "alpha": null,
            "arithmetic_mean_ratio": null,
            "average_div_yld": null,
            "average_pb": null,
            "average_pe": null,
            "avg_maturity": "306 Days",
            "beta": null,
            "correlation_ratio": null,
            "downside_deviation": null,
            "information_ratio": null,
            "macaulay": "306 Days",
            "mod_duration": "286 Days",
            "port_turnover_ratio": null,
            "r_squared_ratio": null,
            "roe_ratio": null,
            "sharpe": null,
            "sortino_ratio": null,
            "std_dev": null,
            "tracking_error": null,
            "treynor_ratio": null,
            "upside_deviation": null,
            "ytm": "7.14"
        },
        "min_addl_amt": "\u20b9 1,000",
        "min_addl_amt_multiple": "\u20b9 1",
        "min_amt": "\u20b9 1,000",
        "min_amt_multiple": "\u20b9 1",
        "monthly_aaum_date": "30-04-2025",
        "monthly_aaum_value": "\u20b9 3,213.17",
        "mutual_fund_name": "BajaJ Finserv Mutual Fund",
        "page_number": [
            31
        ],
        "scheme_launch_date": "24 July 2023 "
    },
    "Bajaj Finserv Gilt Fund": {
        "amc_name": "Bajaj Finserv Asset Management Limited",
        "benchmark_index": "CRISIL Dynamic Gilt Index ",
        "fund_manager": [
            {
                "managing_fund_since": "Inception",
                "name": "Siddharth Chaudhary",
                "qualification": "",
                "total_exp": "18 Years"
            },
            {
                "managing_fund_since": "Inception",
                "name": "Nimesh Chandan",
                "qualification": "",
                "total_exp": "25 Years"
            }
        ],
        "load": {
            "entry_load": "Nil ",
            "exit_load": "Nil "
        },
        "main_scheme_name": "Bajaj Finserv Gilt Fund",
        "metrics": {
            "alpha": null,
            "arithmetic_mean_ratio": null,
            "average_div_yld": null,
            "average_pb": null,
            "average_pe": null,
            "avg_maturity": "30.7 Years",
            "beta": null,
            "correlation_ratio": null,
            "downside_deviation": null,
            "information_ratio": null,
            "macaulay": "11.9 Years",
            "mod_duration": "11.5 Years",
            "port_turnover_ratio": null,
            "r_squared_ratio": null,
            "roe_ratio": null,
            "sharpe": null,
            "sortino_ratio": null,
            "std_dev": null,
            "tracking_error": null,
            "treynor_ratio": null,
            "upside_deviation": null,
            "ytm": "7.02"
        },
        "min_addl_amt": "\u20b9 1,000",
        "min_addl_amt_multiple": "\u20b9 1",
        "min_amt": "\u20b9 5,000",
        "min_amt_multiple": "\u20b9 1",
        "monthly_aaum_date": "30-04-2025",
        "monthly_aaum_value": "\u20b9 43.54",
        "mutual_fund_name": "BajaJ Finserv Mutual Fund",
        "page_number": [
            32
        ],
        "scheme_launch_date": "15 Jan 2025 "
    },
    "Bajaj Finserv Overnight Fund": {
        "amc_name": "Bajaj Finserv Asset Management Limited",
        "benchmark_index": "CRISIL Liquid Overnight Index ",
        "fund_manager": [
            {
                "managing_fund_since": "Inception",
                "name": "Siddharth Chaudhary",
                "qualification": "",
                "total_exp": "18 Years"
            },
            {
                "managing_fund_since": "Inception",
                "name": "Nimesh Chandan",
                "qualification": "",
                "total_exp": "25 Years"
            }
        ],
        "load": {
            "entry_load": "NA ",
            "exit_load": "Nil "
        },
        "main_scheme_name": "Bajaj Finserv Overnight Fund",
        "metrics": {
            "alpha": null,
            "arithmetic_mean_ratio": null,
            "average_div_yld": null,
            "average_pb": null,
            "average_pe": null,
            "avg_maturity": "3 Days",
            "beta": null,
            "correlation_ratio": null,
            "downside_deviation": null,
            "information_ratio": null,
            "macaulay": "3 Days",
            "mod_duration": "3 Days",
            "port_turnover_ratio": null,
            "r_squared_ratio": null,
            "roe_ratio": null,
            "sharpe": null,
            "sortino_ratio": null,
            "std_dev": null,
            "tracking_error": null,
            "treynor_ratio": null,
            "upside_deviation": null,
            "ytm": "7.16"
        },
        "min_addl_amt": "\u20b9 100",
        "min_addl_amt_multiple": "\u20b9 1",
        "min_amt": "\u20b9 100",
        "min_amt_multiple": "\u20b9 1",
        "monthly_aaum_date": "30-04-2025",
        "monthly_aaum_value": "\u20b9 327.60",
        "mutual_fund_name": "BajaJ Finserv Mutual Fund",
        "page_number": [
            33
        ],
        "scheme_launch_date": "5 July 2023 "
    },
    "Bajaj Finserv Banking and PSU Fund": {
        "amc_name": "Bajaj Finserv Asset Management Limited",
        "benchmark_index": "Nifty Banking & PSU Debt Index A-II ",
        "fund_manager": [
            {
                "managing_fund_since": "Inception",
                "name": "Siddharth Chaudhary",
                "qualification": "",
                "total_exp": "18 Years"
            },
            {
                "managing_fund_since": "Inception",
                "name": "Nimesh Chandan",
                "qualification": "",
                "total_exp": "25 Years"
            }
        ],
        "load": {
            "entry_load": "NA ",
            "exit_load": "Nil "
        },
        "main_scheme_name": "Bajaj Finserv Banking and PSU Fund",
        "metrics": {
            "alpha": null,
            "arithmetic_mean_ratio": null,
            "average_div_yld": null,
            "average_pb": null,
            "average_pe": null,
            "avg_maturity": "4 Years",
            "beta": null,
            "correlation_ratio": null,
            "downside_deviation": null,
            "information_ratio": null,
            "macaulay": "3.5 Years",
            "mod_duration": "3.3 Years",
            "port_turnover_ratio": null,
            "r_squared_ratio": null,
            "roe_ratio": null,
            "sharpe": null,
            "sortino_ratio": null,
            "std_dev": null,
            "tracking_error": null,
            "treynor_ratio": null,
            "upside_deviation": null,
            "ytm": "7.11"
        },
        "min_addl_amt": "\u20b9 1,000",
        "min_addl_amt_multiple": "\u20b9 1",
        "min_amt": "\u20b9 1,000",
        "min_amt_multiple": "\u20b9 1",
        "monthly_aaum_date": "30-04-2025",
        "monthly_aaum_value": "\u20b9 119.13",
        "mutual_fund_name": "BajaJ Finserv Mutual Fund",
        "page_number": [
            34
        ],
        "scheme_launch_date": "13 November 2023 "
    },
    "Bajaj Finserv Nifty 50 ETF": {
        "amc_name": "Bajaj Finserv Asset Management Limited",
        "benchmark_index": "Nifty 50 TRI ",
        "fund_manager": [
            {
                "managing_fund_since": "Inception",
                "name": "Ilesh Savla",
                "qualification": "",
                "total_exp": "23 Years"
            },
            {
                "managing_fund_since": "16Th December 2024",
                "name": "Haresh Mehta",
                "qualification": "",
                "total_exp": "17 Years"
            }
        ],
        "load": {
            "entry_load": "NA ",
            "exit_load": "Nil "
        },
        "main_scheme_name": "Bajaj Finserv Nifty 50 ETF",
        "metrics": {
            "alpha": null,
            "arithmetic_mean_ratio": null,
            "average_div_yld": null,
            "average_pb": null,
            "average_pe": null,
            "avg_maturity": null,
            "beta": null,
            "correlation_ratio": null,
            "downside_deviation": null,
            "information_ratio": null,
            "macaulay": null,
            "mod_duration": null,
            "port_turnover_ratio": null,
            "r_squared_ratio": null,
            "roe_ratio": null,
            "sharpe": null,
            "sortino_ratio": null,
            "std_dev": null,
            "tracking_error": null,
            "treynor_ratio": null,
            "upside_deviation": null,
            "ytm": null
        },
        "min_addl_amt": "",
        "min_addl_amt_multiple": "",
        "min_amt": "",
        "min_amt_multiple": "",
        "monthly_aaum_date": "30-04-2025",
        "monthly_aaum_value": "\u20b9 188.52",
        "mutual_fund_name": "BajaJ Finserv Mutual Fund",
        "page_number": [
            35
        ],
        "scheme_launch_date": "19 January 2024 "
    },
    "Bajaj Finserv Nifty Bank ETF": {
        "amc_name": "Bajaj Finserv Asset Management Limited",
        "benchmark_index": "Nifty Bank TRI ",
        "fund_manager": [
            {
                "managing_fund_since": "Inception",
                "name": "Ilesh Savla",
                "qualification": "",
                "total_exp": "23 Years"
            },
            {
                "managing_fund_since": "16Th December 2024",
                "name": "Haresh Mehta",
                "qualification": "",
                "total_exp": "17 Years"
            }
        ],
        "load": {
            "entry_load": "NA ",
            "exit_load": "Nil "
        },
        "main_scheme_name": "Bajaj Finserv Nifty Bank ETF",
        "metrics": {
            "alpha": null,
            "arithmetic_mean_ratio": null,
            "average_div_yld": null,
            "average_pb": null,
            "average_pe": null,
            "avg_maturity": null,
            "beta": null,
            "correlation_ratio": null,
            "downside_deviation": null,
            "information_ratio": null,
            "macaulay": null,
            "mod_duration": null,
            "port_turnover_ratio": null,
            "r_squared_ratio": null,
            "roe_ratio": null,
            "sharpe": null,
            "sortino_ratio": null,
            "std_dev": null,
            "tracking_error": null,
            "treynor_ratio": null,
            "upside_deviation": null,
            "ytm": null
        },
        "min_addl_amt": "",
        "min_addl_amt_multiple": "",
        "min_amt": "",
        "min_amt_multiple": "",
        "monthly_aaum_date": "30-04-2025",
        "monthly_aaum_value": "\u20b9 204.56",
        "mutual_fund_name": "BajaJ Finserv Mutual Fund",
        "page_number": [
            36
        ],
        "scheme_launch_date": "19 January 2024 "
    }
}