{
    "metadata": {
        "document_name": "96_17078_Apr-2025_1746183006_SID.pdf",
        "file_type": "sid",
        "process_date": "20250529"
    },
    "value": {
        "amc_name": "Angel One Asset Management Limited",
        "benchmark_index": "Nifty 50 TRI",
        "close_date": "May 16 2025",
        "face_value": "Rs. 10",
        "field_location": {
            "benchmark_index": 5,
            "close_date": 0,
            "fund_manager": 16,
            "load": 5,
            "main_scheme_name": 5,
            "min_addl_amt": 5,
            "min_addl_amt_multiple": 5,
            "min_amt": 5,
            "min_amt_multiple": 5,
            "offer_price": 5,
            "open_date": 0,
            "scheme_code": 5,
            "scheme_objective": 5,
            "type_of_scheme": 5
        },
        "fund_manager": [
            {
                "name": "Mr. Mehul Dama",
                "experience": "19 years",
                "qualification": "B years Com C A"
            },
            {
                "name": "Mr. Kewal Shah",
                "experience": "10 years",
                "qualification": "P years GDM Finance"
            }
        ],
        "load": [
            {
                "comment": ": Not Applicable",
                "type": "entry_load",
                "value": ""
            },
            {
                "comment": ": Nil",
                "type": "exit_load",
                "value": ""
            }
        ],
        "main_scheme_name": "Angel One Nifty 50 Index Fund",
        "min_addl_amt": "1000",
        "min_addl_amt_multiple": "1",
        "min_amt": "1000",
        "min_amt_multiple": "1",
        "mutual_fund_name": "Angel One Mutual Fund",
        "offer_price": "Rs. 10",
        "open_date": "May 05 2025",
        "riskometer_benchmark": null,
        "riskometer_scheme": null,
        "scheme_code": "AOMF/O/O/EIN/25/02/0005",
        "scheme_objective": "The investment objective of the Scheme is to replicate Nifty 50 Index  with an aim to provide returns before expenses that track the total  return  of Nifty  50 Index, subject to  Tracking Errors. However, there  can  be  no  assurance  or  guarantee  that  the  investment  objective  of  the Scheme will be achieved.",
        "suitable_for_investors": null,
        "type_of_scheme": "An open-ended scheme replicating/tracking Nifty 50 Index"
    }
}