{
    "MIRAE ASSET LARGE CAP FUND": {
        "amc_name": "Mirae Asset Investment Managers (India) Private Limited",
        "benchmark_index": "Nifty 100 (TRI)",
        "fund_manager": [
            {
                "managing_fund_since": "",
                "name": "Gaurav Misra",
                "qualification": "",
                "total_exp": ""
            }
        ],
        "load": {
            "entry_load": null,
            "exit_load": "Please refer page no.10"
        },
        "main_scheme_name": "MIRAE ASSET LARGE CAP FUND",
        "metrics": {
            "alpha": null,
            "arithmetic_mean_ratio": null,
            "average_div_yld": null,
            "average_pb": null,
            "average_pe": null,
            "avg_maturity": null,
            "beta": "0.84",
            "correlation_ratio": null,
            "downside_deviation": null,
            "information_ratio": "-0.48",
            "macaulay": null,
            "mod_duration": null,
            "port_turnover_ratio": "0.46",
            "r_squared_ratio": "0.96",
            "roe_ratio": null,
            "sharpe": "0.25",
            "sortino_ratio": null,
            "std_dev": null,
            "tracking_error": null,
            "treynor_ratio": null,
            "upside_deviation": null,
            "volatility": "12.33",
            "ytm": null
        },
        "min_addl_amt": "\u20b9 1,000",
        "min_addl_amt_multiple": "\u20b9 1",
        "min_amt": "\u20b9 5,000",
        "min_amt_multiple": "\u20b9 1",
        "monthly_aaum_date": "31-03-2025",
        "monthly_aaum_value": "(Cr.) 35,532.55",
        "mutual_fund_name": "Mirae Asset Mutual Fund",
        "page_number": [
            23
        ],
        "scheme_launch_date": "4 April 2008"
    },
    "MIRAE ASSET LARGE & MIDCAP FUND": {
        "amc_name": "Mirae Asset Investment Managers (India) Private Limited",
        "benchmark_index": "Nifty Large Midcap 250 (TRI)",
        "fund_manager": [
            {
                "managing_fund_since": "",
                "name": "Neelesh Surana Mr",
                "qualification": "",
                "total_exp": ""
            }
        ],
        "load": {
            "entry_load": null,
            "exit_load": "Please refer page no.10"
        },
        "main_scheme_name": "MIRAE ASSET LARGE & MIDCAP FUND",
        "metrics": {
            "alpha": null,
            "arithmetic_mean_ratio": null,
            "average_div_yld": null,
            "average_pb": null,
            "average_pe": null,
            "avg_maturity": null,
            "beta": "0.90",
            "correlation_ratio": null,
            "downside_deviation": null,
            "information_ratio": "-1.62",
            "macaulay": null,
            "mod_duration": null,
            "port_turnover_ratio": "0.93",
            "r_squared_ratio": "0.97",
            "roe_ratio": null,
            "sharpe": "0.31",
            "sortino_ratio": null,
            "std_dev": null,
            "tracking_error": null,
            "treynor_ratio": null,
            "upside_deviation": null,
            "volatility": "14.18",
            "ytm": null
        },
        "min_addl_amt": "",
        "min_addl_amt_multiple": "",
        "min_amt": "\u20b9 5,000",
        "min_amt_multiple": "\u20b9 1",
        "monthly_aaum_date": "31-03-2025",
        "monthly_aaum_value": "(Cr.) 33,677.94",
        "mutual_fund_name": "Mirae Asset Mutual Fund",
        "page_number": [
            24
        ],
        "scheme_launch_date": "9 July 2010"
    },
    "MIRAE ASSET GREAT CONSUMER FUND": {
        "amc_name": "Mirae Asset Investment Managers (India) Private Limited",
        "benchmark_index": "Nifty India Consumption Index (TRI)",
        "fund_manager": [
            {
                "managing_fund_since": "",
                "name": "Ankit Jain Mr",
                "qualification": "",
                "total_exp": ""
            }
        ],
        "load": {
            "entry_load": null,
            "exit_load": "Please refer page no.10"
        },
        "main_scheme_name": "MIRAE ASSET GREAT CONSUMER FUND",
        "metrics": {
            "alpha": null,
            "arithmetic_mean_ratio": null,
            "average_div_yld": null,
            "average_pb": null,
            "average_pe": null,
            "avg_maturity": null,
            "beta": "0.92",
            "correlation_ratio": null,
            "downside_deviation": null,
            "information_ratio": "-0.10",
            "macaulay": null,
            "mod_duration": null,
            "port_turnover_ratio": "0.46",
            "r_squared_ratio": "0.91",
            "roe_ratio": null,
            "sharpe": "0.56",
            "sortino_ratio": null,
            "std_dev": null,
            "tracking_error": null,
            "treynor_ratio": null,
            "upside_deviation": null,
            "volatility": "15.70",
            "ytm": null
        },
        "min_addl_amt": "\u20b9 1,000",
        "min_addl_amt_multiple": "\u20b9 1",
        "min_amt": "\u20b9 5,000",
        "min_amt_multiple": "\u20b9 1",
        "monthly_aaum_date": "31-03-2025",
        "monthly_aaum_value": "(Cr.) 3,642.65",
        "mutual_fund_name": "Mirae Asset Mutual Fund",
        "page_number": [
            25
        ],
        "scheme_launch_date": "29 March 2011"
    },
    "MIRAE ASSET ELSS TAX SAVER FUND": {
        "amc_name": "Mirae Asset Investment Managers (India) Private Limited",
        "benchmark_index": "Tier-1-Nifty 500 (TRI) Tier-2-Nifty 200 (TRI)",
        "fund_manager": [
            {
                "managing_fund_since": "",
                "name": "Neelesh Surana",
                "qualification": "",
                "total_exp": ""
            }
        ],
        "load": {
            "entry_load": null,
            "exit_load": "Nil"
        },
        "main_scheme_name": "MIRAE ASSET ELSS TAX SAVER FUND",
        "metrics": {
            "alpha": null,
            "arithmetic_mean_ratio": null,
            "average_div_yld": null,
            "average_pb": null,
            "average_pe": null,
            "avg_maturity": null,
            "beta": "0.90",
            "correlation_ratio": null,
            "downside_deviation": null,
            "information_ratio": "-0.27",
            "macaulay": null,
            "mod_duration": null,
            "port_turnover_ratio": "1.25",
            "r_squared_ratio": "0.97",
            "roe_ratio": null,
            "sharpe": "0.41",
            "sortino_ratio": null,
            "std_dev": null,
            "tracking_error": null,
            "treynor_ratio": null,
            "upside_deviation": null,
            "volatility": "13.55",
            "ytm": null
        },
        "min_addl_amt": "",
        "min_addl_amt_multiple": "",
        "min_amt": "\u20b9 500",
        "min_amt_multiple": "\u20b9 500",
        "monthly_aaum_date": "31-03-2025",
        "monthly_aaum_value": "(Cr.) 22,411.17",
        "mutual_fund_name": "Mirae Asset Mutual Fund",
        "page_number": [
            26
        ],
        "scheme_launch_date": "28 December 2015"
    },
    "MIRAE ASSET HEALTHCARE FUND": {
        "amc_name": "Mirae Asset Investment Managers (India) Private Limited",
        "benchmark_index": "BSE Healthcare Index (TRI)",
        "fund_manager": [
            {
                "managing_fund_since": "",
                "name": "Vrijesh Kasera",
                "qualification": "",
                "total_exp": ""
            }
        ],
        "load": {
            "entry_load": null,
            "exit_load": "Please refer page no.11"
        },
        "main_scheme_name": "MIRAE ASSET HEALTHCARE FUND",
        "metrics": {
            "alpha": null,
            "arithmetic_mean_ratio": null,
            "average_div_yld": null,
            "average_pb": null,
            "average_pe": null,
            "avg_maturity": null,
            "beta": "0.94",
            "correlation_ratio": null,
            "downside_deviation": null,
            "information_ratio": "-0.83",
            "macaulay": null,
            "mod_duration": null,
            "port_turnover_ratio": "0.39",
            "r_squared_ratio": "0.97",
            "roe_ratio": null,
            "sharpe": "0.58",
            "sortino_ratio": null,
            "std_dev": null,
            "tracking_error": null,
            "treynor_ratio": null,
            "upside_deviation": null,
            "volatility": "16.63",
            "ytm": null
        },
        "min_addl_amt": "\u20b9 1,000",
        "min_addl_amt_multiple": "\u20b9 1",
        "min_amt": "\u20b9 5,000",
        "min_amt_multiple": "\u20b9 1",
        "monthly_aaum_date": "31-03-2025",
        "monthly_aaum_value": "(Cr.) 2,441.13",
        "mutual_fund_name": "Mirae Asset Mutual Fund",
        "page_number": [
            27
        ],
        "scheme_launch_date": "2 July 2018"
    },
    "MIRAE ASSET FOCUSED FUND": {
        "amc_name": "Mirae Asset Investment Managers (India) Private Limited",
        "benchmark_index": "Tier-1-Nifty 500 (TRI) Tier-2-Nifty 200 (TRI)",
        "fund_manager": [
            {
                "managing_fund_since": "",
                "name": "Gaurav Misra",
                "qualification": "",
                "total_exp": ""
            }
        ],
        "load": {
            "entry_load": null,
            "exit_load": "Please refer page no.11"
        },
        "main_scheme_name": "MIRAE ASSET FOCUSED FUND",
        "metrics": {
            "alpha": null,
            "arithmetic_mean_ratio": null,
            "average_div_yld": null,
            "average_pb": null,
            "average_pe": null,
            "avg_maturity": null,
            "beta": "0.79",
            "correlation_ratio": null,
            "downside_deviation": null,
            "information_ratio": "-1.27",
            "macaulay": null,
            "mod_duration": null,
            "port_turnover_ratio": "0.35",
            "r_squared_ratio": "0.86",
            "roe_ratio": null,
            "sharpe": "-0.04",
            "sortino_ratio": null,
            "std_dev": null,
            "tracking_error": null,
            "treynor_ratio": null,
            "upside_deviation": null,
            "volatility": "12.60",
            "ytm": null
        },
        "min_addl_amt": "\u20b9 1,000",
        "min_addl_amt_multiple": "\u20b9 1",
        "min_amt": "\u20b9 5,000",
        "min_amt_multiple": "\u20b9 1",
        "monthly_aaum_date": "31-03-2025",
        "monthly_aaum_value": "(Cr.) 7,104.55",
        "mutual_fund_name": "Mirae Asset Mutual Fund",
        "page_number": [
            28
        ],
        "scheme_launch_date": "14 May 2019"
    },
    "MIRAE ASSET MIDCAP FUND": {
        "amc_name": "Mirae Asset Investment Managers (India) Private Limited",
        "benchmark_index": "Nifty Midcap 150 Index (TRI)",
        "fund_manager": [
            {
                "managing_fund_since": "",
                "name": "Ankit Jain",
                "qualification": "",
                "total_exp": ""
            }
        ],
        "load": {
            "entry_load": null,
            "exit_load": "Please refer page no.12"
        },
        "main_scheme_name": "MIRAE ASSET MIDCAP FUND",
        "metrics": {
            "alpha": null,
            "arithmetic_mean_ratio": null,
            "average_div_yld": null,
            "average_pb": null,
            "average_pe": null,
            "avg_maturity": null,
            "beta": "0.93",
            "correlation_ratio": null,
            "downside_deviation": null,
            "information_ratio": "-1.78",
            "macaulay": null,
            "mod_duration": null,
            "port_turnover_ratio": "1.00",
            "r_squared_ratio": "0.96",
            "roe_ratio": null,
            "sharpe": "0.43",
            "sortino_ratio": null,
            "std_dev": null,
            "tracking_error": null,
            "treynor_ratio": null,
            "upside_deviation": null,
            "volatility": "16.67",
            "ytm": null
        },
        "min_addl_amt": "\u20b9 1,000",
        "min_addl_amt_multiple": "\u20b9 1",
        "min_amt": "\u20b9 5,000",
        "min_amt_multiple": "\u20b9 1",
        "monthly_aaum_date": "31-03-2025",
        "monthly_aaum_value": "(Cr.) 13,830.67",
        "mutual_fund_name": "Mirae Asset Mutual Fund",
        "page_number": [
            29
        ],
        "scheme_launch_date": "29 July 2019"
    },
    "MIRAE ASSET BANKING AND FINANCIAL SERVICES FUND": {
        "amc_name": "Mirae Asset Investment Managers (India) Private Limited",
        "benchmark_index": "Nifty Financial Services Index (TRI)",
        "fund_manager": [
            {
                "managing_fund_since": "",
                "name": "Gaurav Kochar",
                "qualification": "",
                "total_exp": ""
            }
        ],
        "load": {
            "entry_load": null,
            "exit_load": "Please refer page no.12"
        },
        "main_scheme_name": "MIRAE ASSET BANKING AND FINANCIAL SERVICES FUND",
        "metrics": {
            "alpha": null,
            "arithmetic_mean_ratio": null,
            "average_div_yld": null,
            "average_pb": null,
            "average_pe": null,
            "avg_maturity": null,
            "beta": "0.93",
            "correlation_ratio": null,
            "downside_deviation": null,
            "information_ratio": "0.22",
            "macaulay": null,
            "mod_duration": null,
            "port_turnover_ratio": "0.31",
            "r_squared_ratio": "0.86",
            "roe_ratio": null,
            "sharpe": "0.46",
            "sortino_ratio": null,
            "std_dev": null,
            "tracking_error": null,
            "treynor_ratio": null,
            "upside_deviation": null,
            "volatility": "14.43",
            "ytm": null
        },
        "min_addl_amt": "\u20b9 1,000",
        "min_addl_amt_multiple": "\u20b9 1",
        "min_amt": "\u20b9 5,000",
        "min_amt_multiple": "\u20b9 1",
        "monthly_aaum_date": "31-03-2025",
        "monthly_aaum_value": "(Cr.) 1,681.43",
        "mutual_fund_name": "Mirae Asset Mutual Fund",
        "page_number": [
            30
        ],
        "scheme_launch_date": "11 December 2020"
    },
    "MIRAE ASSET LIQUID FUND": {
        "amc_name": "Mirae Asset Investment Managers (India) Private Limited",
        "benchmark_index": "Nifty Liquid Index A-I",
        "fund_manager": [
            {
                "managing_fund_since": "",
                "name": "Amit Modani",
                "qualification": "",
                "total_exp": ""
            }
        ],
        "load": {
            "entry_load": null,
            "exit_load": "Please refer page no.14"
        },
        "main_scheme_name": "MIRAE ASSET LIQUID FUND",
        "metrics": {
            "alpha": null,
            "arithmetic_mean_ratio": null,
            "average_div_yld": null,
            "average_pb": null,
            "average_pe": null,
            "avg_maturity": "42.34 Days",
            "beta": null,
            "correlation_ratio": null,
            "downside_deviation": null,
            "information_ratio": null,
            "macaulay": "0.12 Years",
            "mod_duration": "0.12 Years",
            "port_turnover_ratio": null,
            "r_squared_ratio": null,
            "roe_ratio": null,
            "sharpe": null,
            "sortino_ratio": null,
            "std_dev": null,
            "tracking_error": null,
            "treynor_ratio": null,
            "upside_deviation": null,
            "ytm": "7.11"
        },
        "min_addl_amt": "\u20b9 1,000",
        "min_addl_amt_multiple": "\u20b9 1",
        "min_amt": "\u20b9 5,000",
        "min_amt_multiple": "\u20b9 1",
        "monthly_aaum_date": "31-03-2025",
        "monthly_aaum_value": "(Cr.) 12,446.35",
        "mutual_fund_name": "Mirae Asset Mutual Fund",
        "page_number": [
            38
        ],
        "scheme_launch_date": "12 January 2009"
    },
    "MIRAE ASSET LOW DURATION FUND": {
        "amc_name": "Mirae Asset Investment Managers (India) Private Limited",
        "benchmark_index": "Nifty Low Duration Debt Index A-I",
        "fund_manager": [
            {
                "managing_fund_since": "",
                "name": "Basant Bafna",
                "qualification": "",
                "total_exp": ""
            }
        ],
        "load": {
            "entry_load": null,
            "exit_load": "Nil"
        },
        "main_scheme_name": "MIRAE ASSET LOW DURATION FUND",
        "metrics": {
            "alpha": null,
            "arithmetic_mean_ratio": null,
            "average_div_yld": null,
            "average_pb": null,
            "average_pe": null,
            "avg_maturity": "311.26 Days",
            "beta": null,
            "correlation_ratio": null,
            "downside_deviation": null,
            "information_ratio": null,
            "macaulay": "0.81 Years",
            "mod_duration": "0.77 Years",
            "port_turnover_ratio": null,
            "r_squared_ratio": null,
            "roe_ratio": null,
            "sharpe": null,
            "sortino_ratio": null,
            "std_dev": null,
            "tracking_error": null,
            "treynor_ratio": null,
            "upside_deviation": null,
            "ytm": "7.58"
        },
        "min_addl_amt": "\u20b9 1,000",
        "min_addl_amt_multiple": "\u20b9 1",
        "min_amt": "\u20b9 5,000",
        "min_amt_multiple": "\u20b9 1",
        "monthly_aaum_date": "31-03-2025",
        "monthly_aaum_value": "(Cr.) 1,199.97",
        "mutual_fund_name": "Mirae Asset Mutual Fund",
        "page_number": [
            39
        ],
        "scheme_launch_date": "26 June 2012"
    },
    "MIRAE ASSET DYNAMIC BOND FUND": {
        "amc_name": "Mirae Asset Investment Managers (India) Private Limited",
        "benchmark_index": "Tier-1-CRISIL Dynamic Bond A-III Index Tier-2-Nifty PSU Bond Plus SDL April 2027 5050 Index",
        "fund_manager": [
            {
                "managing_fund_since": "",
                "name": "Amit Modani",
                "qualification": "",
                "total_exp": ""
            }
        ],
        "load": {
            "entry_load": null,
            "exit_load": "Nil"
        },
        "main_scheme_name": "MIRAE ASSET DYNAMIC BOND FUND",
        "metrics": {
            "alpha": null,
            "arithmetic_mean_ratio": null,
            "average_div_yld": null,
            "average_pb": null,
            "average_pe": null,
            "avg_maturity": "1.99 Years",
            "beta": null,
            "correlation_ratio": null,
            "downside_deviation": null,
            "information_ratio": null,
            "macaulay": "1.83 Years",
            "mod_duration": "1.74 Years",
            "port_turnover_ratio": null,
            "r_squared_ratio": null,
            "roe_ratio": null,
            "sharpe": null,
            "sortino_ratio": null,
            "std_dev": null,
            "tracking_error": null,
            "treynor_ratio": null,
            "upside_deviation": null,
            "ytm": "7.19"
        },
        "min_addl_amt": "\u20b9 1,000",
        "min_addl_amt_multiple": "\u20b9 1",
        "min_amt": "\u20b9 5,000",
        "min_amt_multiple": "\u20b9 1",
        "monthly_aaum_date": "31-03-2025",
        "monthly_aaum_value": "(Cr.) 118.67",
        "mutual_fund_name": "Mirae Asset Mutual Fund",
        "page_number": [
            40
        ],
        "scheme_launch_date": "24 March 2017"
    },
    "MIRAE ASSET SHORT DURATION FUND": {
        "amc_name": "Mirae Asset Investment Managers (India) Private Limited",
        "benchmark_index": "CRISIL Short Duration Debt A-II Index",
        "fund_manager": [
            {
                "managing_fund_since": "",
                "name": "Basant Bafna",
                "qualification": "",
                "total_exp": ""
            }
        ],
        "load": {
            "entry_load": null,
            "exit_load": "Nil"
        },
        "main_scheme_name": "MIRAE ASSET SHORT DURATION FUND",
        "metrics": {
            "alpha": null,
            "arithmetic_mean_ratio": null,
            "average_div_yld": null,
            "average_pb": null,
            "average_pe": null,
            "avg_maturity": "3.31 Years",
            "beta": null,
            "correlation_ratio": null,
            "downside_deviation": null,
            "information_ratio": null,
            "macaulay": "2.70 Years",
            "mod_duration": "2.56 Years",
            "port_turnover_ratio": null,
            "r_squared_ratio": null,
            "roe_ratio": null,
            "sharpe": null,
            "sortino_ratio": null,
            "std_dev": null,
            "tracking_error": null,
            "treynor_ratio": null,
            "upside_deviation": null,
            "ytm": "7.46"
        },
        "min_addl_amt": "\u20b9 1,000",
        "min_addl_amt_multiple": "\u20b9 1",
        "min_amt": "\u20b9 5,000",
        "min_amt_multiple": "\u20b9 1",
        "monthly_aaum_date": "31-03-2025",
        "monthly_aaum_value": "(Cr.) 341.97",
        "mutual_fund_name": "Mirae Asset Mutual Fund",
        "page_number": [
            41
        ],
        "scheme_launch_date": "16 March 2018"
    },
    "MIRAE ASSET OVERNIGHT FUND": {
        "amc_name": "Mirae Asset Investment Managers (India) Private Limited",
        "benchmark_index": "Nifty 1D Rate Index",
        "fund_manager": [
            {
                "managing_fund_since": "",
                "name": "Amit Modani",
                "qualification": "",
                "total_exp": ""
            }
        ],
        "load": {
            "entry_load": null,
            "exit_load": "Nil"
        },
        "main_scheme_name": "MIRAE ASSET OVERNIGHT FUND",
        "metrics": {
            "alpha": null,
            "arithmetic_mean_ratio": null,
            "average_div_yld": null,
            "average_pb": null,
            "average_pe": null,
            "avg_maturity": "3.27 Days",
            "beta": null,
            "correlation_ratio": null,
            "downside_deviation": null,
            "information_ratio": null,
            "macaulay": "0.01 Years",
            "mod_duration": "0.01 Years",
            "port_turnover_ratio": null,
            "r_squared_ratio": null,
            "roe_ratio": null,
            "sharpe": null,
            "sortino_ratio": null,
            "std_dev": null,
            "tracking_error": null,
            "treynor_ratio": null,
            "upside_deviation": null,
            "ytm": "6.30"
        },
        "min_addl_amt": "\u20b9 1,000",
        "min_addl_amt_multiple": "\u20b9 1",
        "min_amt": "\u20b9 5,000",
        "min_amt_multiple": "\u20b9 1",
        "monthly_aaum_date": "31-03-2025",
        "monthly_aaum_value": "(Cr.) 825.15",
        "mutual_fund_name": "Mirae Asset Mutual Fund",
        "page_number": [
            42
        ],
        "scheme_launch_date": "15 October 2019"
    },
    "MIRAE ASSET BANKING AND PSU FUND": {
        "amc_name": "Mirae Asset Investment Managers (India) Private Limited",
        "benchmark_index": "CRISIL Banking and PSU Debt A-II Index",
        "fund_manager": [
            {
                "managing_fund_since": "",
                "name": "Kruti Chheta",
                "qualification": "",
                "total_exp": ""
            }
        ],
        "load": {
            "entry_load": null,
            "exit_load": "Nil"
        },
        "main_scheme_name": "MIRAE ASSET BANKING AND PSU FUND",
        "metrics": {
            "alpha": null,
            "arithmetic_mean_ratio": null,
            "average_div_yld": null,
            "average_pb": null,
            "average_pe": null,
            "avg_maturity": "4.96 Years",
            "beta": null,
            "correlation_ratio": null,
            "downside_deviation": null,
            "information_ratio": null,
            "macaulay": "3.91 Years",
            "mod_duration": "3.69 Years",
            "port_turnover_ratio": null,
            "r_squared_ratio": null,
            "roe_ratio": null,
            "sharpe": null,
            "sortino_ratio": null,
            "std_dev": null,
            "tracking_error": null,
            "treynor_ratio": null,
            "upside_deviation": null,
            "ytm": "7.27"
        },
        "min_addl_amt": "\u20b9 1,000",
        "min_addl_amt_multiple": "\u20b9 1",
        "min_amt": "\u20b9 5,000",
        "min_amt_multiple": "\u20b9 1",
        "monthly_aaum_date": "31-03-2025",
        "monthly_aaum_value": "(Cr.) 47.92",
        "mutual_fund_name": "Mirae Asset Mutual Fund",
        "page_number": [
            43
        ],
        "scheme_launch_date": "24 July 2020"
    },
    "MIRAE ASSET ULTRA SHORT DURATION FUND": {
        "amc_name": "Mirae Asset Investment Managers (India) Private Limited",
        "benchmark_index": "Nifty Ultra Short Duration Debt Index A-I",
        "fund_manager": [
            {
                "managing_fund_since": "",
                "name": "Basant Bafna",
                "qualification": "",
                "total_exp": ""
            }
        ],
        "load": {
            "entry_load": null,
            "exit_load": "Nil"
        },
        "main_scheme_name": "MIRAE ASSET ULTRA SHORT DURATION FUND",
        "metrics": {
            "alpha": null,
            "arithmetic_mean_ratio": null,
            "average_div_yld": null,
            "average_pb": null,
            "average_pe": null,
            "avg_maturity": "177.20 Days",
            "beta": null,
            "correlation_ratio": null,
            "downside_deviation": null,
            "information_ratio": null,
            "macaulay": "0.46 Years",
            "mod_duration": "0.44 Years",
            "port_turnover_ratio": null,
            "r_squared_ratio": null,
            "roe_ratio": null,
            "sharpe": null,
            "sortino_ratio": null,
            "std_dev": null,
            "tracking_error": null,
            "treynor_ratio": null,
            "upside_deviation": null,
            "ytm": "7.54"
        },
        "min_addl_amt": "\u20b9 1,000",
        "min_addl_amt_multiple": "\u20b9 1",
        "min_amt": "\u20b9 5,000",
        "min_amt_multiple": "\u20b9 1",
        "monthly_aaum_date": "31-03-2025",
        "monthly_aaum_value": "(Cr.) 1,601.77",
        "mutual_fund_name": "Mirae Asset Mutual Fund",
        "page_number": [
            44
        ],
        "scheme_launch_date": "7 October 2020"
    },
    "MIRAE ASSET CORPORATE BOND FUND": {
        "amc_name": "Mirae Asset Investment Managers (India) Private Limited",
        "benchmark_index": "CRISIL Corporate Debt A-II Index",
        "fund_manager": [
            {
                "managing_fund_since": "",
                "name": "Kruti Chheta",
                "qualification": "",
                "total_exp": ""
            }
        ],
        "load": {
            "entry_load": null,
            "exit_load": "Nil"
        },
        "main_scheme_name": "MIRAE ASSET CORPORATE BOND FUND",
        "metrics": {
            "alpha": null,
            "arithmetic_mean_ratio": null,
            "average_div_yld": null,
            "average_pb": null,
            "average_pe": null,
            "avg_maturity": "4.41 Years",
            "beta": null,
            "correlation_ratio": null,
            "downside_deviation": null,
            "information_ratio": null,
            "macaulay": "3.52 Years",
            "mod_duration": "3.35 Years",
            "port_turnover_ratio": null,
            "r_squared_ratio": null,
            "roe_ratio": null,
            "sharpe": null,
            "sortino_ratio": null,
            "std_dev": null,
            "tracking_error": null,
            "treynor_ratio": null,
            "upside_deviation": null,
            "ytm": "7.40"
        },
        "min_addl_amt": "\u20b9 1,000",
        "min_addl_amt_multiple": "\u20b9 1",
        "min_amt": "\u20b9 5,000",
        "min_amt_multiple": "\u20b9 1",
        "monthly_aaum_date": "31-03-2025",
        "monthly_aaum_value": "(Cr.) 40.97",
        "mutual_fund_name": "Mirae Asset Mutual Fund",
        "page_number": [
            45
        ],
        "scheme_launch_date": "17 March 2021"
    },
    "MIRAE ASSET MONEY MARKET FUND": {
        "amc_name": "Mirae Asset Investment Managers (India) Private Limited",
        "benchmark_index": "Nifty Money Market Index A-I",
        "fund_manager": [
            {
                "managing_fund_since": "",
                "name": "Amit Modani",
                "qualification": "",
                "total_exp": ""
            }
        ],
        "load": {
            "entry_load": null,
            "exit_load": "Nil"
        },
        "main_scheme_name": "MIRAE ASSET MONEY MARKET FUND",
        "metrics": {
            "alpha": null,
            "arithmetic_mean_ratio": null,
            "average_div_yld": null,
            "average_pb": null,
            "average_pe": null,
            "avg_maturity": "191.15 Days",
            "beta": null,
            "correlation_ratio": null,
            "downside_deviation": null,
            "information_ratio": null,
            "macaulay": "0.52 Years",
            "mod_duration": "0.52 Years",
            "port_turnover_ratio": null,
            "r_squared_ratio": null,
            "roe_ratio": null,
            "sharpe": null,
            "sortino_ratio": null,
            "std_dev": null,
            "tracking_error": null,
            "treynor_ratio": null,
            "upside_deviation": null,
            "ytm": "7.39"
        },
        "min_addl_amt": "\u20b9 1,000",
        "min_addl_amt_multiple": "\u20b9 1",
        "min_amt": "\u20b9 5,000",
        "min_amt_multiple": "\u20b9 1",
        "monthly_aaum_date": "31-03-2025",
        "monthly_aaum_value": "(Cr.) 2,562.12",
        "mutual_fund_name": "Mirae Asset Mutual Fund",
        "page_number": [
            46
        ],
        "scheme_launch_date": "11 August 2021"
    },
    "MIRAE ASSET LONG DURATION FUND": {
        "amc_name": "Mirae Asset Investment Managers (India) Private Limited",
        "benchmark_index": "CRISIL Long Duration Debt A-III Index",
        "fund_manager": [
            {
                "managing_fund_since": "",
                "name": "Kruti Chheta",
                "qualification": "",
                "total_exp": ""
            }
        ],
        "load": {
            "entry_load": null,
            "exit_load": "Nil"
        },
        "main_scheme_name": "MIRAE ASSET LONG DURATION FUND",
        "metrics": {
            "alpha": null,
            "arithmetic_mean_ratio": null,
            "average_div_yld": null,
            "average_pb": null,
            "average_pe": null,
            "avg_maturity": "27.73 Years",
            "beta": null,
            "correlation_ratio": null,
            "downside_deviation": null,
            "information_ratio": null,
            "macaulay": "10.39 Years",
            "mod_duration": "10.03 Years",
            "port_turnover_ratio": null,
            "r_squared_ratio": null,
            "roe_ratio": null,
            "sharpe": null,
            "sortino_ratio": null,
            "std_dev": null,
            "tracking_error": null,
            "treynor_ratio": null,
            "upside_deviation": null,
            "ytm": "7.07"
        },
        "min_addl_amt": "\u20b9 1,000",
        "min_addl_amt_multiple": "\u20b9 1",
        "min_amt": "\u20b9 5,000",
        "min_amt_multiple": "\u20b9 1",
        "monthly_aaum_date": "31-03-2025",
        "monthly_aaum_value": "(Cr.) 36.80",
        "mutual_fund_name": "Mirae Asset Mutual Fund",
        "page_number": [
            47
        ],
        "scheme_launch_date": "6 December 2024"
    },
    "MIRAE ASSET AGGRESSIVE HYBRID FUND": {
        "amc_name": "Mirae Asset Investment Managers (India) Private Limited",
        "benchmark_index": "CRISIL Hybrid 3565 - Aggressive Index",
        "fund_manager": [
            {
                "managing_fund_since": "",
                "name": "Harshad Borawake",
                "qualification": "Equity Portion",
                "total_exp": ""
            },
            {
                "managing_fund_since": "",
                "name": "Vrijesh Kasera",
                "qualification": "Equity Portion",
                "total_exp": ""
            },
            {
                "managing_fund_since": "",
                "name": "Mahendra Jajoo",
                "qualification": "Debt Portion",
                "total_exp": ""
            }
        ],
        "load": {
            "entry_load": null,
            "exit_load": "Please refer page no.18"
        },
        "main_scheme_name": "MIRAE ASSET AGGRESSIVE HYBRID FUND",
        "metrics": {
            "alpha": null,
            "arithmetic_mean_ratio": null,
            "average_div_yld": null,
            "average_pb": null,
            "average_pe": null,
            "avg_maturity": "7.06 Years",
            "beta": "1.02",
            "correlation_ratio": null,
            "downside_deviation": null,
            "information_ratio": "-0.30",
            "macaulay": "4.29 Years",
            "mod_duration": "4.11 Years",
            "port_turnover_ratio": "1.11",
            "r_squared_ratio": "0.97",
            "roe_ratio": null,
            "sharpe": "0.34",
            "sortino_ratio": null,
            "std_dev": null,
            "tracking_error": null,
            "treynor_ratio": null,
            "upside_deviation": null,
            "volatility": "10.28",
            "ytm": "7.37"
        },
        "min_addl_amt": "\u20b9 1,000",
        "min_addl_amt_multiple": "\u20b9 1",
        "min_amt": "\u20b9 5,000",
        "min_amt_multiple": "\u20b9 1",
        "monthly_aaum_date": "31-03-2025",
        "monthly_aaum_value": "(Cr.) 8,170.45",
        "mutual_fund_name": "Mirae Asset Mutual Fund",
        "page_number": [
            50
        ],
        "scheme_launch_date": "29 July 2015"
    },
    "MIRAE ASSET EQUITY SAVINGS FUND": {
        "amc_name": "Mirae Asset Investment Managers (India) Private Limited",
        "benchmark_index": "Nifty Equity Savings Index",
        "fund_manager": [
            {
                "managing_fund_since": "",
                "name": "Harshad Borawake",
                "qualification": "",
                "total_exp": ""
            },
            {
                "managing_fund_since": "",
                "name": "Vrijesh Kasera",
                "qualification": "Equity Portion",
                "total_exp": ""
            },
            {
                "managing_fund_since": "",
                "name": "Bharti Sawant",
                "qualification": "Equity Portion",
                "total_exp": ""
            },
            {
                "managing_fund_since": "",
                "name": "Mahendra Jajoo",
                "qualification": "Debt Portion",
                "total_exp": ""
            }
        ],
        "load": {
            "entry_load": null,
            "exit_load": "Please refer page no.18"
        },
        "main_scheme_name": "MIRAE ASSET EQUITY SAVINGS FUND",
        "metrics": {
            "alpha": null,
            "arithmetic_mean_ratio": null,
            "average_div_yld": null,
            "average_pb": null,
            "average_pe": null,
            "avg_maturity": "4.26 Years",
            "beta": "1.13",
            "correlation_ratio": null,
            "downside_deviation": null,
            "information_ratio": "0.23",
            "macaulay": "3.36 Years",
            "mod_duration": "3.20 Years",
            "port_turnover_ratio": "4.61",
            "r_squared_ratio": "0.90",
            "roe_ratio": null,
            "sharpe": "0.42",
            "sortino_ratio": null,
            "std_dev": null,
            "tracking_error": null,
            "treynor_ratio": null,
            "upside_deviation": null,
            "volatility": "5.74",
            "ytm": "6.70"
        },
        "min_addl_amt": "\u20b9 1,000",
        "min_addl_amt_multiple": "\u20b9 1",
        "min_amt": "\u20b9 5,000",
        "min_amt_multiple": "\u20b9 1",
        "monthly_aaum_date": "31-03-2025",
        "monthly_aaum_value": "(Cr.) 1,312.96",
        "mutual_fund_name": "Mirae Asset Mutual Fund",
        "page_number": [
            51
        ],
        "scheme_launch_date": "17 December 2018"
    },
    "MIRAE ASSET ARBITRAGE FUND": {
        "amc_name": "Mirae Asset Investment Managers (India) Private Limited",
        "benchmark_index": "Nifty 50 Arbitrage Index",
        "fund_manager": [
            {
                "managing_fund_since": "",
                "name": "Jignesh Rao",
                "qualification": "Equity Portion",
                "total_exp": ""
            },
            {
                "managing_fund_since": "",
                "name": "Jigar Sethia",
                "qualification": "Equity Portion",
                "total_exp": ""
            },
            {
                "managing_fund_since": "",
                "name": "Amit Modani",
                "qualification": "Debt Portion",
                "total_exp": ""
            }
        ],
        "load": {
            "entry_load": null,
            "exit_load": "Please refer page no.18"
        },
        "main_scheme_name": "MIRAE ASSET ARBITRAGE FUND",
        "metrics": {
            "alpha": null,
            "arithmetic_mean_ratio": null,
            "average_div_yld": null,
            "average_pb": null,
            "average_pe": null,
            "avg_maturity": "0.04 Years",
            "beta": null,
            "correlation_ratio": null,
            "downside_deviation": null,
            "information_ratio": null,
            "macaulay": "0.04 Years",
            "mod_duration": "0.04 Years",
            "port_turnover_ratio": "19.13",
            "r_squared_ratio": null,
            "roe_ratio": null,
            "sharpe": null,
            "sortino_ratio": null,
            "std_dev": null,
            "tracking_error": null,
            "treynor_ratio": null,
            "upside_deviation": null,
            "ytm": "6.31"
        },
        "min_addl_amt": "\u20b9 1,000",
        "min_addl_amt_multiple": "\u20b9 1",
        "min_amt": "\u20b9 5,000",
        "min_amt_multiple": "\u20b9 1",
        "monthly_aaum_date": "31-03-2025",
        "monthly_aaum_value": "(Cr.) 2,969.67",
        "mutual_fund_name": "Mirae Asset Mutual Fund",
        "page_number": [
            52
        ],
        "scheme_launch_date": "19 June 2020"
    },
    "MIRAE ASSET BALANCED ADVANTAGE FUND": {
        "amc_name": "Mirae Asset Investment Managers (India) Private Limited",
        "benchmark_index": "Nifty 50 Hybrid Composite Debt 5050 Index",
        "fund_manager": [
            {
                "managing_fund_since": "",
                "name": "Harshad Borawake",
                "qualification": "Equity Portion",
                "total_exp": ""
            },
            {
                "managing_fund_since": "",
                "name": "Mahendra Jajoo",
                "qualification": "Debt Portion",
                "total_exp": ""
            }
        ],
        "load": {
            "entry_load": null,
            "exit_load": "Please refer page no.19"
        },
        "main_scheme_name": "MIRAE ASSET BALANCED ADVANTAGE FUND",
        "metrics": {
            "alpha": null,
            "arithmetic_mean_ratio": null,
            "average_div_yld": null,
            "average_pb": null,
            "average_pe": null,
            "avg_maturity": "4.58 Years",
            "beta": null,
            "correlation_ratio": null,
            "downside_deviation": null,
            "information_ratio": null,
            "macaulay": "3.62 Years",
            "mod_duration": "3.45 Years",
            "port_turnover_ratio": "2.99",
            "r_squared_ratio": null,
            "roe_ratio": null,
            "sharpe": null,
            "sortino_ratio": null,
            "std_dev": null,
            "tracking_error": null,
            "treynor_ratio": null,
            "upside_deviation": null,
            "ytm": "6.87"
        },
        "min_addl_amt": "\u20b9 1,000",
        "min_addl_amt_multiple": "\u20b9 1",
        "min_amt": "\u20b9 5,000",
        "min_amt_multiple": "\u20b9 1",
        "monthly_aaum_date": "31-03-2025",
        "monthly_aaum_value": "(Cr.) 1,695.72",
        "mutual_fund_name": "Mirae Asset Mutual Fund",
        "page_number": [
            53
        ],
        "scheme_launch_date": "11 August 2022"
    },
    "MIRAE ASSET MULTI ASSET ALLOCATION FUND": {
        "amc_name": "Mirae Asset Investment Managers (India) Private Limited",
        "benchmark_index": "65 Nifty 500 (TRI)  25 Nifty Short Duration Debt Index  7.5 Domestic Price of Gold  2.5 Domestic Price of Silver",
        "fund_manager": [
            {
                "managing_fund_since": "",
                "name": "Harshad Borawake",
                "qualification": "Equity Portion",
                "total_exp": ""
            },
            {
                "managing_fund_since": "",
                "name": "Siddharth Srivastava",
                "qualification": "Dedicated Fund Manager For Overseas Investments",
                "total_exp": ""
            },
            {
                "managing_fund_since": "",
                "name": "Ritesh Patel",
                "qualification": "Dedicated Fund Manager For Commodity Investments",
                "total_exp": ""
            },
            {
                "managing_fund_since": "",
                "name": "Basant Bafna",
                "qualification": "Debt Portion",
                "total_exp": ""
            }
        ],
        "load": {
            "entry_load": null,
            "exit_load": "Please refer page no.19"
        },
        "main_scheme_name": "MIRAE ASSET MULTI ASSET ALLOCATION FUND",
        "metrics": {
            "alpha": null,
            "arithmetic_mean_ratio": null,
            "average_div_yld": null,
            "average_pb": null,
            "average_pe": null,
            "avg_maturity": "6.59 Years",
            "beta": null,
            "correlation_ratio": null,
            "downside_deviation": null,
            "information_ratio": null,
            "macaulay": "4.59 Years",
            "mod_duration": "4.41 Years",
            "port_turnover_ratio": "2.94",
            "r_squared_ratio": null,
            "roe_ratio": null,
            "sharpe": null,
            "sortino_ratio": null,
            "std_dev": null,
            "tracking_error": null,
            "treynor_ratio": null,
            "upside_deviation": null,
            "ytm": "6.59"
        },
        "min_addl_amt": "\u20b9 1,000",
        "min_addl_amt_multiple": "\u20b9 1",
        "min_amt": "\u20b9 5,000",
        "min_amt_multiple": "\u20b9 1",
        "monthly_aaum_date": "31-03-2025",
        "monthly_aaum_value": "(Cr.) 1,737.12",
        "mutual_fund_name": "Mirae Asset Mutual Fund",
        "page_number": [
            54
        ],
        "scheme_launch_date": "31 January 2024"
    }
}