{
    "PGIM INDIA LARGE CAP FUND": {
        "amc_name": "PGIM India Asset Management Private Limited",
        "benchmark_index": "NIFTY 100 TRI",
        "fund_manager": [
            {
                "managing_fund_since": "August 19, 2023",
                "name": "Anandha Padmanabhan Anjeneyan",
                "qualification": "Equity Portion",
                "total_exp": "15 Years"
            },
            {
                "managing_fund_since": "April 15, 2024",
                "name": "Vivek Sharma",
                "qualification": "Equity Portion",
                "total_exp": "14 Years"
            },
            {
                "managing_fund_since": "April 01, 2023",
                "name": "Vinay Paharia",
                "qualification": "Equity Portion",
                "total_exp": "20 Years"
            },
            {
                "managing_fund_since": "April 01, 2023",
                "name": "Bhupesh Kalyani",
                "qualification": "Debt Portion",
                "total_exp": "18 Years"
            }
        ],
        "load": {
            "entry_load": "NA.",
            "exit_load": "For Exits within 90 days from date of allotment of units 0.50 For Exits beyond 90 days from date of allotment of units NIL."
        },
        "main_scheme_name": "PGIM INDIA LARGE CAP FUND",
        "metrics": {
            "alpha": null,
            "arithmetic_mean_ratio": null,
            "average_div_yld": null,
            "average_pb": null,
            "average_pe": null,
            "avg_maturity": null,
            "beta": "0.91",
            "correlation_ratio": null,
            "downside_deviation": null,
            "information_ratio": null,
            "macaulay": null,
            "mod_duration": null,
            "port_turnover_ratio": "0.52",
            "r_squared_ratio": null,
            "roe_ratio": null,
            "sharpe": "23.21",
            "sortino_ratio": null,
            "std_dev": "13.67",
            "tracking_error": null,
            "treynor_ratio": null,
            "upside_deviation": null,
            "volatility_measures": "3 Years",
            "ytm": null
        },
        "min_addl_amt": "\u20b9 1000",
        "min_addl_amt_multiple": "\u20b9 1",
        "min_amt": "\u20b9 5000",
        "min_amt_multiple": "\u20b9 1",
        "monthly_aaum_date": "31-03-2025",
        "monthly_aaum_value": "\u20b9 559.73",
        "mutual_fund_name": "PGIM India Mutual Fund",
        "page_number": [
            9
        ],
        "scheme_launch_date": "30012003"
    },
    "PGIM INDIA FLEXI CAP FUND": {
        "amc_name": "PGIM India Asset Management Private Limited",
        "benchmark_index": "Nifty 500 TRI",
        "fund_manager": [
            {
                "managing_fund_since": "June 01, 2021",
                "name": "Anandha Padmanabhan Anjeneyan",
                "qualification": "Equity Portion",
                "total_exp": "15 Years"
            },
            {
                "managing_fund_since": "April 15, 2024",
                "name": "Vivek Sharma",
                "qualification": "Equity Portion",
                "total_exp": "14 Years"
            },
            {
                "managing_fund_since": "April 01, 2023",
                "name": "Vinay Paharia",
                "qualification": "Equity Portion",
                "total_exp": "20 Years"
            },
            {
                "managing_fund_since": "April 01, 2023",
                "name": "Puneet Pal",
                "qualification": "Debt Portion",
                "total_exp": "22 Years"
            }
        ],
        "load": {
            "entry_load": "NA.",
            "exit_load": "For Exits within 90 days from date of allotment of units 0.50 For Exits beyond 90 days from date of allotment of units NIL."
        },
        "main_scheme_name": "PGIM INDIA FLEXI CAP FUND",
        "metrics": {
            "alpha": null,
            "arithmetic_mean_ratio": null,
            "average_div_yld": null,
            "average_pb": null,
            "average_pe": null,
            "avg_maturity": null,
            "beta": "0.90",
            "correlation_ratio": null,
            "downside_deviation": null,
            "information_ratio": null,
            "macaulay": null,
            "mod_duration": null,
            "port_turnover_ratio": "0.50",
            "r_squared_ratio": null,
            "roe_ratio": null,
            "sharpe": null,
            "sortino_ratio": null,
            "std_dev": "13.39",
            "tracking_error": null,
            "treynor_ratio": null,
            "upside_deviation": null,
            "volatility_measures": "3 Years",
            "ytm": null
        },
        "min_addl_amt": "\u20b9 1000",
        "min_addl_amt_multiple": "\u20b9 1",
        "min_amt": "\u20b9 5000",
        "min_amt_multiple": "\u20b9 1",
        "monthly_aaum_date": "31-03-2025",
        "monthly_aaum_value": "\u20b9 5925.22",
        "mutual_fund_name": "PGIM India Mutual Fund",
        "page_number": [
            10
        ],
        "scheme_launch_date": "04032015"
    },
    "PGIM INDIA LARGE AND MID CAP FUND": {
        "amc_name": "PGIM India Asset Management Private Limited",
        "benchmark_index": "NIFTY LargeMidcap 250 Index TRI",
        "fund_manager": [
            {
                "managing_fund_since": "February 12, 2024",
                "name": "Vinay Paharia",
                "qualification": "Equity Portion",
                "total_exp": "20 Years"
            },
            {
                "managing_fund_since": "February 12, 2024",
                "name": "Anandha Padmanabhan Anjeneyan",
                "qualification": "Equity Portion",
                "total_exp": "15 Years"
            },
            {
                "managing_fund_since": "February 12, 2024",
                "name": "Utsav Mehta",
                "qualification": "Equity Portion",
                "total_exp": "13 Years"
            },
            {
                "managing_fund_since": "February 12, 2024",
                "name": "Puneet Pal",
                "qualification": "Debt Portion",
                "total_exp": "22 Years"
            }
        ],
        "load": {
            "entry_load": "NA.",
            "exit_load": "For Exits within 90 days from date of allotment of units 0.50 For Exits beyond 90 days from date of allotment of units NIL."
        },
        "main_scheme_name": "PGIM INDIA LARGE AND MID CAP FUND",
        "metrics": {
            "alpha": null,
            "arithmetic_mean_ratio": null,
            "average_div_yld": null,
            "average_pb": null,
            "average_pe": null,
            "avg_maturity": null,
            "beta": null,
            "correlation_ratio": null,
            "downside_deviation": null,
            "information_ratio": null,
            "macaulay": null,
            "mod_duration": null,
            "port_turnover_ratio": "0.29",
            "r_squared_ratio": null,
            "roe_ratio": null,
            "sharpe": null,
            "sortino_ratio": null,
            "std_dev": null,
            "tracking_error": null,
            "treynor_ratio": null,
            "upside_deviation": null,
            "ytm": null
        },
        "min_addl_amt": "\u20b9 1000",
        "min_addl_amt_multiple": "\u20b9 1",
        "min_amt": "\u20b9 5000",
        "min_amt_multiple": "\u20b9 1",
        "monthly_aaum_date": "31-03-2025",
        "monthly_aaum_value": "\u20b9 594.53",
        "mutual_fund_name": "PGIM India Mutual Fund",
        "page_number": [
            11
        ],
        "scheme_launch_date": "12022024"
    },
    "PGIM INDIA MULTICAP FUND": {
        "amc_name": "PGIM India Asset Management Private Limited",
        "benchmark_index": "Nifty 500 Multicap 502525 TRI",
        "fund_manager": [
            {
                "managing_fund_since": "September 10, 2024",
                "name": "Vivek Sharma",
                "qualification": "Equity Portion",
                "total_exp": "14 Years"
            },
            {
                "managing_fund_since": "September 10, 2024",
                "name": "Utsav Mehta",
                "qualification": "Equity Portion",
                "total_exp": "13 Years"
            },
            {
                "managing_fund_since": "September 10, 2024",
                "name": "Anandha Padmanabhan Anjeneyan",
                "qualification": "Equity Portion",
                "total_exp": "15 Years"
            },
            {
                "managing_fund_since": "September 10, 2024",
                "name": "Puneet Pal",
                "qualification": "Debt Portion",
                "total_exp": "22 Years"
            }
        ],
        "load": {
            "entry_load": "NA.",
            "exit_load": "For Exits within 90 days from date of allotment of units 0.50 For Exits beyond 90 days from date of allotment of units NIL."
        },
        "main_scheme_name": "PGIM INDIA MULTICAP FUND",
        "metrics": {
            "alpha": null,
            "arithmetic_mean_ratio": null,
            "average_div_yld": null,
            "average_pb": null,
            "average_pe": null,
            "avg_maturity": null,
            "beta": null,
            "correlation_ratio": null,
            "downside_deviation": null,
            "information_ratio": null,
            "macaulay": null,
            "mod_duration": null,
            "port_turnover_ratio": "0.11",
            "r_squared_ratio": null,
            "roe_ratio": null,
            "sharpe": null,
            "sortino_ratio": null,
            "std_dev": null,
            "tracking_error": null,
            "treynor_ratio": null,
            "upside_deviation": null,
            "ytm": null
        },
        "min_addl_amt": "\u20b9 1000",
        "min_addl_amt_multiple": "\u20b9 1",
        "min_amt": "\u20b9 5000",
        "min_amt_multiple": "\u20b9 1",
        "monthly_aaum_date": "31-03-2025",
        "monthly_aaum_value": "\u20b9 336.86",
        "mutual_fund_name": "PGIM India Mutual Fund",
        "page_number": [
            12
        ],
        "scheme_launch_date": "10092024"
    },
    "PGIM INDIA MIDCAP OPPORTUNITIES FUND": {
        "amc_name": "PGIM India Asset Management Private Limited",
        "benchmark_index": "NIFTY Midcap 150 TRI",
        "fund_manager": [
            {
                "managing_fund_since": "April 15, 2024",
                "name": "Vivek Sharma",
                "qualification": "Equity Portion",
                "total_exp": "14 Years"
            },
            {
                "managing_fund_since": "November 01, 2023",
                "name": "Utsav Mehta",
                "qualification": "Equity Portion",
                "total_exp": "13 Years"
            },
            {
                "managing_fund_since": "April 01, 2023",
                "name": "Vinay Paharia",
                "qualification": "Equity Portion",
                "total_exp": "20 Years"
            },
            {
                "managing_fund_since": "July 16, 2022",
                "name": "Puneet Pal",
                "qualification": "Debt Portion",
                "total_exp": "22 Years"
            }
        ],
        "load": {
            "entry_load": "NA.",
            "exit_load": "For Exits within 90 days from date of allotment of units 0.50 For Exits beyond 90 days from date of allotment of units NIL."
        },
        "main_scheme_name": "PGIM INDIA MIDCAP OPPORTUNITIES FUND",
        "metrics": {
            "alpha": null,
            "arithmetic_mean_ratio": null,
            "average_div_yld": null,
            "average_pb": null,
            "average_pe": null,
            "avg_maturity": null,
            "beta": "0.82",
            "correlation_ratio": null,
            "downside_deviation": null,
            "information_ratio": null,
            "macaulay": null,
            "mod_duration": null,
            "port_turnover_ratio": "0.50",
            "r_squared_ratio": null,
            "roe_ratio": null,
            "sharpe": "0.27",
            "sortino_ratio": null,
            "std_dev": "16.25",
            "tracking_error": null,
            "treynor_ratio": null,
            "upside_deviation": null,
            "volatility_measures": "3 Years",
            "ytm": null
        },
        "min_addl_amt": "\u20b9 1000",
        "min_addl_amt_multiple": "\u20b9 1",
        "min_amt": "\u20b9 5000",
        "min_amt_multiple": "\u20b9 1",
        "monthly_aaum_date": "31-03-2025",
        "monthly_aaum_value": "\u20b9 10182.58",
        "mutual_fund_name": "PGIM India Mutual Fund",
        "page_number": [
            13
        ],
        "scheme_launch_date": "02122013"
    },
    "PGIM INDIA SMALL CAP FUND": {
        "amc_name": "PGIM India Asset Management Private Limited",
        "benchmark_index": "NIFTY Smallcap 250 TRI",
        "fund_manager": [
            {
                "managing_fund_since": "April 15, 2024",
                "name": "Utsav Mehta",
                "qualification": "Equity Portion",
                "total_exp": "13 Years"
            },
            {
                "managing_fund_since": "April 15, 2024",
                "name": "Vivek Sharma",
                "qualification": "Equity Portion",
                "total_exp": "14 Years"
            },
            {
                "managing_fund_since": "April 01, 2023",
                "name": "Vinay Paharia",
                "qualification": "Equity Portion",
                "total_exp": "20 Years"
            },
            {
                "managing_fund_since": "April 01, 2023",
                "name": "Puneet Pal",
                "qualification": "Debt Portion",
                "total_exp": "22 Years"
            }
        ],
        "load": {
            "entry_load": "NA.",
            "exit_load": "For Exits within 90 days from date of allotment of units 0.50 For Exits beyond 90 days from date of allotment of units NIL."
        },
        "main_scheme_name": "PGIM INDIA SMALL CAP FUND",
        "metrics": {
            "alpha": null,
            "arithmetic_mean_ratio": null,
            "average_div_yld": null,
            "average_pb": null,
            "average_pe": null,
            "avg_maturity": null,
            "beta": "0.76",
            "correlation_ratio": null,
            "downside_deviation": null,
            "information_ratio": null,
            "macaulay": null,
            "mod_duration": null,
            "port_turnover_ratio": "0.63",
            "r_squared_ratio": null,
            "roe_ratio": null,
            "sharpe": "0.18",
            "sortino_ratio": null,
            "std_dev": "18.16",
            "tracking_error": null,
            "treynor_ratio": null,
            "upside_deviation": null,
            "volatility_measures": "3 Years",
            "ytm": null
        },
        "min_addl_amt": "\u20b9 1000",
        "min_addl_amt_multiple": "\u20b9 1",
        "min_amt": "\u20b9 5000",
        "min_amt_multiple": "\u20b9 1",
        "monthly_aaum_date": "31-03-2025",
        "monthly_aaum_value": "\u20b9 1363.01",
        "mutual_fund_name": "PGIM India Mutual Fund",
        "page_number": [
            14
        ],
        "scheme_launch_date": "29072021"
    },
    "PGIM INDIA ELSS TAX SAVER FUND": {
        "amc_name": "PGIM India Asset Management Private Limited",
        "benchmark_index": "NIFTY 500 TRI",
        "fund_manager": [
            {
                "managing_fund_since": "April 15, 2024",
                "name": "Vivek Sharma",
                "qualification": "Equity Portion",
                "total_exp": "14 Years"
            },
            {
                "managing_fund_since": "April 15, 2024",
                "name": "Utsav Mehta",
                "qualification": "Equity Portion",
                "total_exp": "13 Years"
            },
            {
                "managing_fund_since": "April 01, 2023",
                "name": "Vinay Paharia",
                "qualification": "Equity Portion",
                "total_exp": "20 Years"
            },
            {
                "managing_fund_since": "April 01, 2023",
                "name": "Bhupesh Kalyani",
                "qualification": "Debt Portion",
                "total_exp": "18 Years"
            }
        ],
        "load": {
            "entry_load": "NA.",
            "exit_load": "Nil"
        },
        "main_scheme_name": "PGIM INDIA ELSS TAX SAVER FUND",
        "metrics": {
            "alpha": null,
            "arithmetic_mean_ratio": null,
            "average_div_yld": null,
            "average_pb": null,
            "average_pe": null,
            "avg_maturity": null,
            "beta": "0.86",
            "correlation_ratio": null,
            "downside_deviation": null,
            "information_ratio": null,
            "macaulay": null,
            "mod_duration": null,
            "port_turnover_ratio": "0.39",
            "r_squared_ratio": null,
            "roe_ratio": null,
            "sharpe": "0.33",
            "sortino_ratio": null,
            "std_dev": "13.93",
            "tracking_error": null,
            "treynor_ratio": null,
            "upside_deviation": null,
            "volatility_measures": "3 Years",
            "ytm": null
        },
        "min_addl_amt": "\u20b9 1000",
        "min_addl_amt_multiple": "\u20b9 1",
        "min_amt": "\u20b9 500",
        "min_amt_multiple": "\u20b9 500",
        "monthly_aaum_date": "31-03-2025",
        "monthly_aaum_value": "\u20b9 734.17",
        "mutual_fund_name": "PGIM India Mutual Fund",
        "page_number": [
            15
        ],
        "scheme_launch_date": "11122015"
    },
    "PGIM INDIA HEALTHCARE FUND": {
        "amc_name": "PGIM India Asset Management Private Limited",
        "benchmark_index": "BSE Healthcare TRI",
        "fund_manager": [
            {
                "managing_fund_since": "Dec 06, 2024",
                "name": "Anandha Padmanabhan Anjeneyan",
                "qualification": "Equity Portion",
                "total_exp": "15 Years"
            },
            {
                "managing_fund_since": "",
                "name": "Utsav Mehta",
                "qualification": "Equity Portion",
                "total_exp": "13 Years"
            },
            {
                "managing_fund_since": "",
                "name": "Vivek Sharma",
                "qualification": "Equity Portion",
                "total_exp": "14 Years"
            },
            {
                "managing_fund_since": "Dec 06, 2024",
                "name": "Puneet Pal",
                "qualification": "",
                "total_exp": "22 Years"
            }
        ],
        "load": {
            "entry_load": "NA.",
            "exit_load": "For Exits within 90 days from date of allotment of units 0.50 For Exits beyond 90 days from date of allotment of units NIL."
        },
        "main_scheme_name": "PGIM INDIA HEALTHCARE FUND",
        "metrics": {
            "alpha": null,
            "arithmetic_mean_ratio": null,
            "average_div_yld": null,
            "average_pb": null,
            "average_pe": null,
            "avg_maturity": null,
            "beta": null,
            "correlation_ratio": null,
            "downside_deviation": null,
            "information_ratio": null,
            "macaulay": null,
            "mod_duration": null,
            "port_turnover_ratio": "0.05",
            "r_squared_ratio": null,
            "roe_ratio": null,
            "sharpe": null,
            "sortino_ratio": null,
            "std_dev": null,
            "tracking_error": null,
            "treynor_ratio": null,
            "upside_deviation": null,
            "ytm": null
        },
        "min_addl_amt": "\u20b9 1000",
        "min_addl_amt_multiple": "\u20b9 1",
        "min_amt": "\u20b9 5000",
        "min_amt_multiple": "\u20b9 1",
        "monthly_aaum_date": "31-03-2025",
        "monthly_aaum_value": "\u20b9 104.88",
        "mutual_fund_name": "PGIM India Mutual Fund",
        "page_number": [
            16
        ],
        "scheme_launch_date": "06122024"
    },
    "PGIM INDIA RETIREMENT FUND": {
        "amc_name": "PGIM India Asset Management Private Limited",
        "benchmark_index": "BSE 500 TRI",
        "fund_manager": [
            {
                "managing_fund_since": "April 15, 2024",
                "name": "Vinay Paharia",
                "qualification": "Equity Portion",
                "total_exp": "20 Years"
            },
            {
                "managing_fund_since": "April 15, 2024",
                "name": "Puneet Pal",
                "qualification": "Reits  Invits Debt Portion",
                "total_exp": "22 Years"
            },
            {
                "managing_fund_since": "August 01, 2024",
                "name": "Anandha Padmanabhan Anjeneyan",
                "qualification": "Equity Portion",
                "total_exp": "15 Years"
            },
            {
                "managing_fund_since": "August 01, 2024",
                "name": "Vivek Sharma",
                "qualification": "Equity Portion",
                "total_exp": "14 Years"
            }
        ],
        "load": {
            "entry_load": "NA.",
            "exit_load": "NIL."
        },
        "main_scheme_name": "PGIM INDIA RETIREMENT FUND",
        "metrics": {
            "alpha": null,
            "arithmetic_mean_ratio": null,
            "average_div_yld": null,
            "average_pb": null,
            "average_pe": null,
            "avg_maturity": null,
            "beta": null,
            "correlation_ratio": null,
            "downside_deviation": null,
            "information_ratio": null,
            "macaulay": null,
            "mod_duration": null,
            "port_turnover_ratio": "0.23",
            "r_squared_ratio": null,
            "roe_ratio": null,
            "sharpe": null,
            "sortino_ratio": null,
            "std_dev": null,
            "tracking_error": null,
            "treynor_ratio": null,
            "upside_deviation": null,
            "ytm": null
        },
        "min_addl_amt": "\u20b9 1000",
        "min_addl_amt_multiple": "\u20b9 1",
        "min_amt": "\u20b9 5000",
        "min_amt_multiple": "\u20b9 1",
        "monthly_aaum_date": "31-03-2025",
        "monthly_aaum_value": "\u20b9 70.94",
        "mutual_fund_name": "PGIM India Mutual Fund",
        "page_number": [
            17
        ],
        "scheme_launch_date": "15042024"
    },
    "PGIM INDIA EMERGING MARKETS EQUITY FUND": {
        "amc_name": "PGIM India Asset Management Private Limited",
        "benchmark_index": "",
        "fund_manager": [
            {
                "managing_fund_since": "February 15, 2025",
                "name": "Anandha Padmanabhan Anjeneyan",
                "qualification": "Over 15 Years Of Experience In Equity Market",
                "total_exp": "14 Years"
            }
        ],
        "load": {
            "entry_load": "NA.",
            "exit_load": "For Exits within 90 days from date of allotment of units 0.50 For Exits beyond 90 days from date of allotment of units NIL."
        },
        "main_scheme_name": "PGIM INDIA EMERGING MARKETS EQUITY FUND",
        "metrics": {
            "alpha": null,
            "arithmetic_mean_ratio": null,
            "average_div_yld": null,
            "average_pb": null,
            "average_pe": null,
            "avg_maturity": null,
            "beta": null,
            "correlation_ratio": null,
            "downside_deviation": null,
            "information_ratio": null,
            "macaulay": null,
            "mod_duration": null,
            "port_turnover_ratio": null,
            "r_squared_ratio": null,
            "roe_ratio": null,
            "sharpe": null,
            "sortino_ratio": null,
            "std_dev": null,
            "tracking_error": null,
            "treynor_ratio": null,
            "upside_deviation": null,
            "ytm": null
        },
        "min_addl_amt": "\u20b9 1000",
        "min_addl_amt_multiple": "\u20b9 1",
        "min_amt": "\u20b9 5000",
        "min_amt_multiple": "\u20b9 1",
        "monthly_aaum_date": "31-03-2025",
        "monthly_aaum_value": "\u20b9 97.42",
        "mutual_fund_name": "PGIM India Mutual Fund",
        "page_number": [
            18
        ],
        "scheme_launch_date": "11092007"
    },
    "PGIM INDIA GLOBAL EQUITY OPPORTUNITIES FUND": {
        "amc_name": "PGIM India Asset Management Private Limited",
        "benchmark_index": "MSCI All Country World Index",
        "fund_manager": [
            {
                "managing_fund_since": "February 15, 2025",
                "name": "Anandha Padmanabhan Anjeneyan",
                "qualification": "Over 15 Years Of Experience In Equity Market",
                "total_exp": "14 Years"
            }
        ],
        "load": {
            "entry_load": "NA.",
            "exit_load": "For Exits within 90 days from date of allotment of units 0.50 For Exits beyond 90 days from date of allotment of units NIL."
        },
        "main_scheme_name": "PGIM INDIA GLOBAL EQUITY OPPORTUNITIES FUND",
        "metrics": {
            "alpha": null,
            "arithmetic_mean_ratio": null,
            "average_div_yld": null,
            "average_pb": null,
            "average_pe": null,
            "avg_maturity": null,
            "beta": null,
            "correlation_ratio": null,
            "downside_deviation": null,
            "information_ratio": null,
            "macaulay": null,
            "mod_duration": null,
            "port_turnover_ratio": "0.04",
            "r_squared_ratio": null,
            "roe_ratio": null,
            "sharpe": null,
            "sortino_ratio": null,
            "std_dev": null,
            "tracking_error": null,
            "treynor_ratio": null,
            "upside_deviation": null,
            "ytm": null
        },
        "min_addl_amt": "\u20b9 1000",
        "min_addl_amt_multiple": "\u20b9 1",
        "min_amt": "\u20b9 5000",
        "min_amt_multiple": "\u20b9 1",
        "monthly_aaum_date": "31-03-2025",
        "monthly_aaum_value": "\u20b9 1474.11",
        "mutual_fund_name": "PGIM India Mutual Fund",
        "page_number": [
            19
        ],
        "scheme_launch_date": "14052010"
    },
    "PGIM INDIA GLOBAL SELECT REAL ESTATE SECURITIES FUND OF FUND": {
        "amc_name": "PGIM India Asset Management Private Limited",
        "benchmark_index": "FTSE EPRA  NAREIT Developed Index",
        "fund_manager": [
            {
                "managing_fund_since": "February 15, 2025",
                "name": "Anandha Padmanabhan Anjeneyan",
                "qualification": "Over 15 Years Of Experience In Equity Market",
                "total_exp": "14 Years"
            }
        ],
        "load": {
            "entry_load": "NA.",
            "exit_load": "For Exits within 90 days from date of allotment of units 0.50 For Exits beyond 90 days from date of allotment of units NIL."
        },
        "main_scheme_name": "PGIM INDIA GLOBAL SELECT REAL ESTATE SECURITIES FUND OF FUND",
        "metrics": {
            "alpha": null,
            "arithmetic_mean_ratio": null,
            "average_div_yld": null,
            "average_pb": null,
            "average_pe": null,
            "avg_maturity": null,
            "beta": null,
            "correlation_ratio": null,
            "downside_deviation": null,
            "information_ratio": null,
            "macaulay": null,
            "mod_duration": null,
            "port_turnover_ratio": "0.01",
            "r_squared_ratio": null,
            "roe_ratio": null,
            "sharpe": null,
            "sortino_ratio": null,
            "std_dev": null,
            "tracking_error": null,
            "treynor_ratio": null,
            "upside_deviation": null,
            "ytm": null
        },
        "min_addl_amt": "\u20b9 1000",
        "min_addl_amt_multiple": "\u20b9 1",
        "min_amt": "\u20b9 5000",
        "min_amt_multiple": "\u20b9 1",
        "monthly_aaum_date": "31-03-2025",
        "monthly_aaum_value": "\u20b9 51.46",
        "mutual_fund_name": "PGIM India Mutual Fund",
        "page_number": [
            20
        ],
        "scheme_launch_date": "03122021"
    },
    "PGIM INDIA HYBRID EQUITY FUND": {
        "amc_name": "PGIM India Asset Management Private Limited",
        "benchmark_index": "CRISIL Hybrid 3565 - Aggresive Index",
        "fund_manager": [
            {
                "managing_fund_since": "April 15, 2024) Vivek Sharma (Equity Portion) (Over 14 Years Of Experience In Equity Market, Research And Fund Management) (W.E.F. August 19, 2023",
                "name": "Anandha  Padmanabhan Anjeneyan",
                "qualification": "Equity Portion",
                "total_exp": "15 Years"
            },
            {
                "managing_fund_since": "April 01, 2023",
                "name": "Vinay Paharia",
                "qualification": "Equity Portion",
                "total_exp": "20 Years"
            },
            {
                "managing_fund_since": "April 01, 2023",
                "name": "Puneet Pal",
                "qualification": "Debt Portion",
                "total_exp": "22 Years"
            }
        ],
        "load": {
            "entry_load": "NA",
            "exit_load": "For Exits within 90 days from date of allotment of units 0.50 For Exits beyond 90 days from date of allotment of units NIL."
        },
        "main_scheme_name": "PGIM INDIA HYBRID EQUITY FUND",
        "metrics": {
            "alpha": null,
            "arithmetic_mean_ratio": null,
            "average_div_yld": null,
            "average_pb": null,
            "average_pe": null,
            "avg_maturity": "9.90 yrs",
            "beta": "1.07",
            "correlation_ratio": null,
            "downside_deviation": null,
            "information_ratio": null,
            "macaulay": null,
            "mod_duration": "5.74 yrs",
            "port_turnover_ratio": "0.30",
            "r_squared_ratio": null,
            "roe_ratio": null,
            "sharpe": "0.35",
            "sortino_ratio": null,
            "std_dev": "8.71",
            "tracking_error": null,
            "treynor_ratio": null,
            "upside_deviation": null,
            "volatility_measures": "3 Years",
            "ytm": "6.97"
        },
        "min_addl_amt": "\u20b9 1000",
        "min_addl_amt_multiple": "\u20b9 1",
        "min_amt": "\u20b9 5000",
        "min_amt_multiple": "\u20b9 1",
        "monthly_aaum_date": "31-03-2025",
        "monthly_aaum_value": "\u20b9 205.47",
        "mutual_fund_name": "PGIM India Mutual Fund",
        "page_number": [
            21
        ],
        "scheme_launch_date": "05022004"
    },
    "PGIM INDIA ARBITRAGE FUND": {
        "amc_name": "PGIM India Asset Management Private Limited",
        "benchmark_index": "Nifty 50 Arbitrage Index",
        "fund_manager": [
            {
                "managing_fund_since": "March 29, 2024",
                "name": "Chetan Chavan",
                "qualification": "Equity Portion",
                "total_exp": "20 Years"
            },
            {
                "managing_fund_since": "April 22, 2022",
                "name": "Puneet Pal",
                "qualification": "Debt Portion",
                "total_exp": "22 Years"
            }
        ],
        "load": {
            "entry_load": "NA",
            "exit_load": "(w.e.f. October 25, 2023) For exits within 30 days from the date of allotment of units 0.25 For exits beyond 30 days from the date of allotment of units Nil"
        },
        "main_scheme_name": "PGIM INDIA ARBITRAGE FUND",
        "metrics": {
            "alpha": null,
            "arithmetic_mean_ratio": null,
            "average_div_yld": null,
            "average_pb": null,
            "average_pe": null,
            "avg_maturity": null,
            "beta": "0.48",
            "correlation_ratio": null,
            "downside_deviation": null,
            "information_ratio": null,
            "macaulay": null,
            "mod_duration": null,
            "port_turnover_ratio": "1.11",
            "r_squared_ratio": null,
            "roe_ratio": null,
            "sharpe": "0.26",
            "sortino_ratio": null,
            "std_dev": "1.19",
            "tracking_error": null,
            "treynor_ratio": null,
            "upside_deviation": null,
            "volatility_measures": "3 Years",
            "ytm": null
        },
        "min_addl_amt": "\u20b9 1000",
        "min_addl_amt_multiple": "\u20b9 1",
        "min_amt": "\u20b9 5000",
        "min_amt_multiple": "\u20b9 1",
        "monthly_aaum_date": "31-03-2025",
        "monthly_aaum_value": "\u20b9 88.23",
        "mutual_fund_name": "PGIM India Mutual Fund",
        "page_number": [
            22
        ],
        "scheme_launch_date": "27082014"
    },
    "PGIM INDIA EQUITY SAVINGS FUND": {
        "amc_name": "PGIM India Asset Management Private Limited",
        "benchmark_index": "NIFTY Equity Savings Index",
        "fund_manager": [
            {
                "managing_fund_since": "May 12, 2022",
                "name": "Anandha Padmanabhan Anjeneyan",
                "qualification": "Equity Portion",
                "total_exp": "15 Years"
            },
            {
                "managing_fund_since": "April 15, 2024",
                "name": "Vivek Sharma",
                "qualification": "Equity Portion",
                "total_exp": "14 Years"
            },
            {
                "managing_fund_since": "April 01, 2023",
                "name": "Vinay Paharia",
                "qualification": "Equity Portion",
                "total_exp": "20 Years"
            },
            {
                "managing_fund_since": "December 01, 2021",
                "name": "Puneet Pal",
                "qualification": "Debt Portion",
                "total_exp": "22 Years"
            }
        ],
        "load": {
            "entry_load": "NA",
            "exit_load": "Nil"
        },
        "main_scheme_name": "PGIM INDIA EQUITY SAVINGS FUND",
        "metrics": {
            "alpha": null,
            "arithmetic_mean_ratio": null,
            "average_div_yld": null,
            "average_pb": null,
            "average_pe": null,
            "avg_maturity": "4.13 yrs",
            "beta": "0.44",
            "correlation_ratio": null,
            "downside_deviation": null,
            "information_ratio": null,
            "macaulay": null,
            "mod_duration": "3.01 yrs",
            "port_turnover_ratio": "0.34",
            "r_squared_ratio": null,
            "roe_ratio": null,
            "sharpe": "0.06",
            "sortino_ratio": null,
            "std_dev": "4.59",
            "tracking_error": null,
            "treynor_ratio": null,
            "upside_deviation": null,
            "volatility_measures": "3 Years",
            "ytm": "6.73"
        },
        "min_addl_amt": "\u20b9 1000",
        "min_addl_amt_multiple": "\u20b9 1",
        "min_amt": "\u20b9 5000",
        "min_amt_multiple": "\u20b9 1",
        "monthly_aaum_date": "31-03-2025",
        "monthly_aaum_value": "\u20b9 69.53",
        "mutual_fund_name": "PGIM India Mutual Fund",
        "page_number": [
            23
        ],
        "scheme_launch_date": "05022004"
    },
    "PGIM INDIA BALANCED ADVANTAGE FUND": {
        "amc_name": "PGIM India Asset Management Private Limited",
        "benchmark_index": "CRISIL Hybrid 5050 Moderate Index",
        "fund_manager": [
            {
                "managing_fund_since": "April 15, 2024",
                "name": "Utsav Mehta",
                "qualification": "Equity Portion",
                "total_exp": "13 Years"
            },
            {
                "managing_fund_since": "April 01, 2023",
                "name": "Anandha Padmanabhan Anjeneyan",
                "qualification": "Equity Portion",
                "total_exp": "15 Years"
            },
            {
                "managing_fund_since": "April 01, 2023",
                "name": "Vinay Paharia",
                "qualification": "Equity Portion",
                "total_exp": "20 Years"
            },
            {
                "managing_fund_since": "December 01, 2021",
                "name": "Puneet Pal",
                "qualification": "Debt Portion",
                "total_exp": "22 Years"
            }
        ],
        "load": {
            "entry_load": "NA.",
            "exit_load": "For Exits within 90 days from date of allotment of units 0.50 For Exits beyond 90 days from date of allotment of units NIL."
        },
        "main_scheme_name": "PGIM INDIA BALANCED ADVANTAGE FUND",
        "metrics": {
            "alpha": null,
            "arithmetic_mean_ratio": null,
            "average_div_yld": null,
            "average_pb": null,
            "average_pe": null,
            "avg_maturity": "7.18 years",
            "beta": "1.03",
            "correlation_ratio": null,
            "downside_deviation": null,
            "information_ratio": null,
            "macaulay": null,
            "mod_duration": "4.38 years",
            "port_turnover_ratio": "0.49",
            "r_squared_ratio": null,
            "roe_ratio": null,
            "sharpe": "0.11",
            "sortino_ratio": null,
            "std_dev": "7.34",
            "tracking_error": null,
            "treynor_ratio": null,
            "upside_deviation": null,
            "volatility_measures": "3 Years",
            "ytm": "7.13"
        },
        "min_addl_amt": "\u20b9 1000",
        "min_addl_amt_multiple": "\u20b9 1",
        "min_amt": "\u20b9 5000",
        "min_amt_multiple": "\u20b9 1",
        "monthly_aaum_date": "31-03-2025",
        "monthly_aaum_value": "\u20b9 959.28",
        "mutual_fund_name": "PGIM India Mutual Fund",
        "page_number": [
            24
        ],
        "scheme_launch_date": ""
    },
    "PGIM INDIA OVERNIGHT FUND": {
        "amc_name": "PGIM India Asset Management Private Limited",
        "benchmark_index": "",
        "fund_manager": [
            {
                "managing_fund_since": "September 13, 2022",
                "name": "Bhupesh Kalyani",
                "qualification": "",
                "total_exp": "18 Years"
            },
            {
                "managing_fund_since": "July 16, 2022",
                "name": "Puneet Pal",
                "qualification": "",
                "total_exp": "22 Years"
            }
        ],
        "load": {
            "entry_load": "NA.",
            "exit_load": "Nil For rating methodology refer page no. 36"
        },
        "main_scheme_name": "PGIM INDIA OVERNIGHT FUND",
        "metrics": {
            "alpha": null,
            "arithmetic_mean_ratio": null,
            "average_div_yld": null,
            "average_pb": null,
            "average_pe": null,
            "avg_maturity": "1 day",
            "beta": null,
            "correlation_ratio": null,
            "downside_deviation": null,
            "information_ratio": null,
            "macaulay": "1 day",
            "mod_duration": "1 day",
            "port_turnover_ratio": null,
            "r_squared_ratio": null,
            "roe_ratio": null,
            "sharpe": null,
            "sortino_ratio": null,
            "std_dev": null,
            "tracking_error": null,
            "treynor_ratio": null,
            "upside_deviation": null,
            "ytm": "6.43"
        },
        "min_addl_amt": "\u20b9 1000",
        "min_addl_amt_multiple": "\u20b9 1",
        "min_amt": "",
        "min_amt_multiple": "",
        "monthly_aaum_date": "31-03-2025",
        "monthly_aaum_value": "\u20b9 94.80",
        "mutual_fund_name": "PGIM India Mutual Fund",
        "page_number": [
            27
        ],
        "scheme_launch_date": "27082019"
    },
    "PGIM INDIA LIQUID FUND": {
        "amc_name": "PGIM India Asset Management Private Limited",
        "benchmark_index": "",
        "fund_manager": [
            {
                "managing_fund_since": "September 13, 2022",
                "name": "Bhupesh Kalyani",
                "qualification": "",
                "total_exp": "18 Years"
            },
            {
                "managing_fund_since": "July 16, 2022",
                "name": "Puneet Pal",
                "qualification": "",
                "total_exp": "22 Years"
            }
        ],
        "load": {
            "entry_load": "NA. Exit Load Investor exit upon",
            "exit_load": "as a  of redemption subscription switch proceeds Day 1 0.0070 Day 2 0.0065 Day 3 0.0060 Day 4 0.0055 Day 5 0.0050 Day 6 0.0045 Day 7 onwards 0.0000 For rating methodology refer page no. 36"
        },
        "main_scheme_name": "PGIM INDIA LIQUID FUND",
        "metrics": {
            "alpha": null,
            "arithmetic_mean_ratio": null,
            "average_div_yld": null,
            "average_pb": null,
            "average_pe": null,
            "avg_maturity": "1.80 months",
            "beta": null,
            "correlation_ratio": null,
            "downside_deviation": null,
            "information_ratio": null,
            "macaulay": "1.80 months",
            "mod_duration": "1.70 months",
            "port_turnover_ratio": null,
            "r_squared_ratio": null,
            "roe_ratio": null,
            "sharpe": null,
            "sortino_ratio": null,
            "std_dev": null,
            "tracking_error": null,
            "treynor_ratio": null,
            "upside_deviation": null,
            "ytm": "7.17"
        },
        "min_addl_amt": "\u20b9 1000",
        "min_addl_amt_multiple": "\u20b9 1",
        "min_amt": "",
        "min_amt_multiple": "",
        "monthly_aaum_date": "31-03-2025",
        "monthly_aaum_value": "\u20b9 405.40",
        "mutual_fund_name": "PGIM India Mutual Fund",
        "page_number": [
            28
        ],
        "scheme_launch_date": "05092007"
    },
    "PGIM INDIA ULTRA SHORT DURATION FUND": {
        "amc_name": "PGIM India Asset Management Private Limited",
        "benchmark_index": "CRISIL Ultra Short Duration Debt A-I Index",
        "fund_manager": [
            {
                "managing_fund_since": "July 16, 2022",
                "name": "Puneet Pal",
                "qualification": "",
                "total_exp": "22 Years"
            },
            {
                "managing_fund_since": "September 13, 2022",
                "name": "Bhupesh Kalyani",
                "qualification": "",
                "total_exp": "18 Years"
            }
        ],
        "load": {
            "entry_load": "NA.",
            "exit_load": "Nil. For rating methodology refer page no. 36"
        },
        "main_scheme_name": "PGIM INDIA ULTRA SHORT DURATION FUND",
        "metrics": {
            "alpha": null,
            "arithmetic_mean_ratio": null,
            "average_div_yld": null,
            "average_pb": null,
            "average_pe": null,
            "avg_maturity": "4.93 months",
            "beta": null,
            "correlation_ratio": null,
            "downside_deviation": null,
            "information_ratio": null,
            "macaulay": "4.92 months",
            "mod_duration": "4.51 months",
            "port_turnover_ratio": null,
            "r_squared_ratio": null,
            "roe_ratio": null,
            "sharpe": null,
            "sortino_ratio": null,
            "std_dev": null,
            "tracking_error": null,
            "treynor_ratio": null,
            "upside_deviation": null,
            "ytm": "7.22"
        },
        "min_addl_amt": "\u20b9 1000",
        "min_addl_amt_multiple": "\u20b9 1",
        "min_amt": "",
        "min_amt_multiple": "",
        "monthly_aaum_date": "31-03-2025",
        "monthly_aaum_value": "\u20b9 201.14",
        "mutual_fund_name": "PGIM India Mutual Fund",
        "page_number": [
            29
        ],
        "scheme_launch_date": "14072008"
    },
    "PGIM INDIA MONEY MARKET FUND": {
        "amc_name": "PGIM India Asset Management Private Limited",
        "benchmark_index": "CRISIL Money Market A-I Index",
        "fund_manager": [
            {
                "managing_fund_since": "July 16, 2022",
                "name": "Puneet Pal",
                "qualification": "",
                "total_exp": "22 Years"
            },
            {
                "managing_fund_since": "September 13, 2022",
                "name": "Bhupesh Kalyani",
                "qualification": "",
                "total_exp": "18 Years"
            }
        ],
        "load": {
            "entry_load": "NA.",
            "exit_load": "(W.e.f. January 10, 2022) Nil. For rating methodology refer page no. 36"
        },
        "main_scheme_name": "PGIM INDIA MONEY MARKET FUND",
        "metrics": {
            "alpha": null,
            "arithmetic_mean_ratio": null,
            "average_div_yld": null,
            "average_pb": null,
            "average_pe": null,
            "avg_maturity": "7.56 months",
            "beta": null,
            "correlation_ratio": null,
            "downside_deviation": null,
            "information_ratio": null,
            "macaulay": "7.56 months",
            "mod_duration": "6.94 months",
            "port_turnover_ratio": null,
            "r_squared_ratio": null,
            "roe_ratio": null,
            "sharpe": null,
            "sortino_ratio": null,
            "std_dev": null,
            "tracking_error": null,
            "treynor_ratio": null,
            "upside_deviation": null,
            "ytm": "7.28"
        },
        "min_addl_amt": "\u20b9 1000",
        "min_addl_amt_multiple": "\u20b9 1",
        "min_amt": "\u20b9 5000",
        "min_amt_multiple": "\u20b9 1",
        "monthly_aaum_date": "31-03-2025",
        "monthly_aaum_value": "\u20b9 179.05",
        "mutual_fund_name": "PGIM India Mutual Fund",
        "page_number": [
            30
        ],
        "scheme_launch_date": "06032020"
    },
    "PGIM INDIA DYNAMIC BOND FUND": {
        "amc_name": "PGIM India Asset Management Private Limited",
        "benchmark_index": "",
        "fund_manager": [
            {
                "managing_fund_since": "",
                "name": "Puneet Pal",
                "qualification": "",
                "total_exp": "22 Years"
            },
            {
                "managing_fund_since": "September 13, 2022",
                "name": "Bhupesh Kalyani",
                "qualification": "",
                "total_exp": "18 Years"
            }
        ],
        "load": {
            "entry_load": "NA.",
            "exit_load": "(W.e.f. January 10, 2022) Nil For rating methodology refer page no. 36"
        },
        "main_scheme_name": "PGIM INDIA DYNAMIC BOND FUND",
        "metrics": {
            "alpha": null,
            "arithmetic_mean_ratio": null,
            "average_div_yld": null,
            "average_pb": null,
            "average_pe": null,
            "avg_maturity": "8.60 yrs",
            "beta": null,
            "correlation_ratio": null,
            "downside_deviation": null,
            "information_ratio": null,
            "macaulay": "5.81 yrs",
            "mod_duration": "5.60 yrs",
            "port_turnover_ratio": null,
            "r_squared_ratio": null,
            "roe_ratio": null,
            "sharpe": null,
            "sortino_ratio": null,
            "std_dev": null,
            "tracking_error": null,
            "treynor_ratio": null,
            "upside_deviation": null,
            "ytm": "6.89"
        },
        "min_addl_amt": "\u20b9 1000",
        "min_addl_amt_multiple": "\u20b9 1",
        "min_amt": "",
        "min_amt_multiple": "",
        "monthly_aaum_date": "31-03-2025",
        "monthly_aaum_value": "\u20b9 106.10",
        "mutual_fund_name": "PGIM India Mutual Fund",
        "page_number": [
            31
        ],
        "scheme_launch_date": "12012012"
    },
    "PGIM INDIA CORPORATE BOND FUND": {
        "amc_name": "PGIM India Asset Management Private Limited",
        "benchmark_index": "CRISIL Corporate Debt A-II Index",
        "fund_manager": [
            {
                "managing_fund_since": "",
                "name": "Puneet Pal",
                "qualification": "",
                "total_exp": "22 Years"
            },
            {
                "managing_fund_since": "September 13, 2022",
                "name": "Bhupesh Kalyani",
                "qualification": "",
                "total_exp": "18 Years"
            }
        ],
        "load": {
            "entry_load": "NA.",
            "exit_load": "Nil For rating methodology refer page no. 36"
        },
        "main_scheme_name": "PGIM INDIA CORPORATE BOND FUND",
        "metrics": {
            "alpha": null,
            "arithmetic_mean_ratio": null,
            "average_div_yld": null,
            "average_pb": null,
            "average_pe": null,
            "avg_maturity": "3.88 yrs",
            "beta": null,
            "correlation_ratio": null,
            "downside_deviation": null,
            "information_ratio": null,
            "macaulay": "3.17 yrs",
            "mod_duration": "2.99 yrs",
            "port_turnover_ratio": null,
            "r_squared_ratio": null,
            "roe_ratio": null,
            "sharpe": null,
            "sortino_ratio": null,
            "std_dev": null,
            "tracking_error": null,
            "treynor_ratio": null,
            "upside_deviation": null,
            "ytm": "7.34"
        },
        "min_addl_amt": "\u20b9 1000",
        "min_addl_amt_multiple": "\u20b9 1",
        "min_amt": "\u20b9 5000",
        "min_amt_multiple": "\u20b9 1",
        "monthly_aaum_date": "31-03-2025",
        "monthly_aaum_value": "\u20b9 94.95",
        "mutual_fund_name": "PGIM India Mutual Fund",
        "page_number": [
            32
        ],
        "scheme_launch_date": "30012003"
    },
    "PGIM INDIA GILT FUND": {
        "amc_name": "PGIM India Asset Management Private Limited",
        "benchmark_index": "",
        "fund_manager": [
            {
                "managing_fund_since": "",
                "name": "Puneet Pal",
                "qualification": "",
                "total_exp": "22 Years"
            },
            {
                "managing_fund_since": "September 13, 2022",
                "name": "Bhupesh Kalyani",
                "qualification": "",
                "total_exp": "18 Years"
            }
        ],
        "load": {
            "entry_load": "NA.",
            "exit_load": "Nil."
        },
        "main_scheme_name": "PGIM INDIA GILT FUND",
        "metrics": {
            "alpha": null,
            "arithmetic_mean_ratio": null,
            "average_div_yld": null,
            "average_pb": null,
            "average_pe": null,
            "avg_maturity": "12.81 yrs",
            "beta": null,
            "correlation_ratio": null,
            "downside_deviation": null,
            "information_ratio": null,
            "macaulay": "7.54 yrs",
            "mod_duration": "7.24 yrs",
            "port_turnover_ratio": null,
            "r_squared_ratio": null,
            "roe_ratio": null,
            "sharpe": null,
            "sortino_ratio": null,
            "std_dev": null,
            "tracking_error": null,
            "treynor_ratio": null,
            "upside_deviation": null,
            "ytm": "6.95"
        },
        "min_addl_amt": "\u20b9 1000",
        "min_addl_amt_multiple": "\u20b9 1",
        "min_amt": "\u20b9 5000",
        "min_amt_multiple": "\u20b9 1",
        "monthly_aaum_date": "31-03-2025",
        "monthly_aaum_value": "\u20b9 113.67",
        "mutual_fund_name": "PGIM India Mutual Fund",
        "page_number": [
            33
        ],
        "scheme_launch_date": "27102008"
    },
    "PGIM INDIA CRISIL IBX GILT INDEX - APR 2028 FUND": {
        "amc_name": "PGIM India Asset Management Private Limited",
        "benchmark_index": "",
        "fund_manager": [
            {
                "managing_fund_since": "",
                "name": "Puneet Pal",
                "qualification": "",
                "total_exp": "22 Years"
            },
            {
                "managing_fund_since": "",
                "name": "Bhupesh Kalyani",
                "qualification": "",
                "total_exp": "18 Years"
            }
        ],
        "load": {
            "entry_load": "NA.",
            "exit_load": "Nil."
        },
        "main_scheme_name": "PGIM INDIA CRISIL IBX GILT INDEX - APR 2028 FUND",
        "metrics": {
            "alpha": null,
            "arithmetic_mean_ratio": null,
            "average_div_yld": null,
            "average_pb": null,
            "average_pe": null,
            "avg_maturity": "2.63 yrs",
            "beta": null,
            "correlation_ratio": null,
            "downside_deviation": null,
            "information_ratio": null,
            "macaulay": "2.35 yrs",
            "mod_duration": "2.28 yrs",
            "port_turnover_ratio": null,
            "r_squared_ratio": null,
            "roe_ratio": null,
            "sharpe": null,
            "sortino_ratio": null,
            "std_dev": null,
            "tracking_error": null,
            "treynor_ratio": null,
            "upside_deviation": null,
            "ytm": "6.67"
        },
        "min_addl_amt": "\u20b9 1000",
        "min_addl_amt_multiple": "\u20b9 1",
        "min_amt": "\u20b9 5000",
        "min_amt_multiple": "\u20b9 1",
        "monthly_aaum_date": "31-03-2025",
        "monthly_aaum_value": "\u20b9 26.50",
        "mutual_fund_name": "PGIM India Mutual Fund",
        "page_number": [
            34
        ],
        "scheme_launch_date": "22022023"
    }
}