{
    "LIC MF LARGE CAP FUND": {
        "amc_name": "LIC Mutual Fund Asset Management Limited",
        "benchmark_index": "Nifty 100 TRI ",
        "fund_manager": [
            {
                "managing_fund_since": "",
                "name": "Nikhil Rungta",
                "qualification": "",
                "total_exp": "16 Years"
            },
            {
                "managing_fund_since": "",
                "name": "Sumit Bhatnagar",
                "qualification": "",
                "total_exp": "24 Years"
            }
        ],
        "load": {
            "entry_load": "",
            "exit_load": "12 of the units allotted shall be redeemed or switched out without any exit load, on or before completion of 3 months from the date of allotment of units.  1 on remaining units if redeemed or switched out on or before completion of 3 months from the date of allotment of units.  Nil, if redeemed or switched out after completion of 3 months from the date of allotment of units."
        },
        "main_scheme_name": "LIC MF LARGE CAP FUND",
        "metrics": {
            "alpha": null,
            "arithmetic_mean_ratio": null,
            "average_div_yld": null,
            "average_pb": null,
            "average_pe": null,
            "avg_maturity": null,
            "beta": "0.91",
            "correlation_ratio": null,
            "downside_deviation": null,
            "information_ratio": null,
            "macaulay": null,
            "mod_duration": null,
            "port_turnover_ratio": null,
            "r_squared_ratio": null,
            "roe_ratio": null,
            "sharpe": "0.07",
            "sortino_ratio": null,
            "std_dev": "13.79",
            "tracking_error": null,
            "treynor_ratio": null,
            "upside_deviation": null,
            "ytm": null
        },
        "min_addl_amt": "",
        "min_addl_amt_multiple": "",
        "min_amt": "\u20b9 5000",
        "min_amt_multiple": "\u20b9 1",
        "monthly_aaum_date": "31-03-2025",
        "monthly_aaum_value": "\u20b9 1,359.58",
        "mutual_fund_name": "LIC Mutual Fund",
        "page_number": [
            14
        ],
        "scheme_launch_date": "September 01, 1994 "
    },
    "LIC MF LARGE & MID CAP FUND": {
        "amc_name": "LIC Mutual Fund Asset Management Limited",
        "benchmark_index": "Nifty LargeMidcap 250 TRI ",
        "fund_manager": [
            {
                "managing_fund_since": "",
                "name": "Yogesh Patil",
                "qualification": "",
                "total_exp": "22 Years"
            },
            {
                "managing_fund_since": "",
                "name": "Dikshit Mittal",
                "qualification": "",
                "total_exp": "18 Years"
            }
        ],
        "load": {
            "entry_load": "",
            "exit_load": "12 of the units allotted shall be redeemed or switched out without any exit load, on or before completion of 3 months from the date of allotment of units.  1 on remaining units if redeemed or switched out on or before completion of 3 months from the date of allotment of units.  Nil, if redeemed or switched out after completion of 3 months from the date of allotment of units."
        },
        "main_scheme_name": "LIC MF LARGE & MID CAP FUND",
        "metrics": {
            "alpha": null,
            "arithmetic_mean_ratio": null,
            "average_div_yld": null,
            "average_pb": null,
            "average_pe": null,
            "avg_maturity": null,
            "beta": "0.92",
            "correlation_ratio": null,
            "downside_deviation": null,
            "information_ratio": null,
            "macaulay": null,
            "mod_duration": null,
            "port_turnover_ratio": null,
            "r_squared_ratio": null,
            "roe_ratio": null,
            "sharpe": "0.40",
            "sortino_ratio": null,
            "std_dev": "15.22",
            "tracking_error": null,
            "treynor_ratio": null,
            "upside_deviation": null,
            "ytm": null
        },
        "min_addl_amt": "",
        "min_addl_amt_multiple": "",
        "min_amt": "\u20b9 5000",
        "min_amt_multiple": "\u20b9 1",
        "monthly_aaum_date": "31-03-2025",
        "monthly_aaum_value": "\u20b9 2,752.39",
        "mutual_fund_name": "LIC Mutual Fund",
        "page_number": [
            15
        ],
        "scheme_launch_date": "February 25, 2015 "
    },
    "LIC MF FLEXICAP FUND": {
        "amc_name": "LIC Mutual Fund Asset Management Limited",
        "benchmark_index": "Nifty 500 TRI ",
        "fund_manager": [
            {
                "managing_fund_since": "",
                "name": "Nikhil Rungta",
                "qualification": "",
                "total_exp": "6  Years"
            },
            {
                "managing_fund_since": "",
                "name": "Jaiprakash Toshniwal",
                "qualification": "",
                "total_exp": "16Years"
            }
        ],
        "load": {
            "entry_load": "",
            "exit_load": "12 of the units allotted shall be redeemed or switched out without any exit load, on or before completion of 3 months from the date of allotment of units.  1 on remaining units if redeemed or switched out on or before completion of 3 months from the date of allotment of units.  Nil, if redeemed or switched out after completion of 3 months from the date of allotment of units."
        },
        "main_scheme_name": "LIC MF FLEXICAP FUND",
        "metrics": {
            "alpha": null,
            "arithmetic_mean_ratio": null,
            "average_div_yld": null,
            "average_pb": null,
            "average_pe": null,
            "avg_maturity": null,
            "beta": "0.91",
            "correlation_ratio": null,
            "downside_deviation": null,
            "information_ratio": null,
            "macaulay": null,
            "mod_duration": null,
            "port_turnover_ratio": null,
            "r_squared_ratio": null,
            "roe_ratio": null,
            "sharpe": "0.25",
            "sortino_ratio": null,
            "std_dev": "14.83",
            "tracking_error": null,
            "treynor_ratio": null,
            "upside_deviation": null,
            "ytm": null
        },
        "min_addl_amt": "",
        "min_addl_amt_multiple": "",
        "min_amt": "\u20b9 5000",
        "min_amt_multiple": "\u20b9 1",
        "monthly_aaum_date": "31-03-2025",
        "monthly_aaum_value": "\u20b9 945.06",
        "mutual_fund_name": "LIC Mutual Fund",
        "page_number": [
            16
        ],
        "scheme_launch_date": "April 15, 1993 "
    },
    "LIC MF MULTICAP FUND": {
        "amc_name": "LIC Mutual Fund Asset Management Limited",
        "benchmark_index": "NIFTY 500 Multicap 50:25:25 TRI ",
        "fund_manager": [
            {
                "managing_fund_since": "",
                "name": "Dikshit Mittal",
                "qualification": "",
                "total_exp": "18 Years"
            },
            {
                "managing_fund_since": "",
                "name": "Yogesh Patil",
                "qualification": "",
                "total_exp": "22 Years"
            }
        ],
        "load": {
            "entry_load": "",
            "exit_load": "12 of the units allotted shall be redeemed or switched out without any exit load, on or before completion of 12 months from the date of allotment of units.  1 on remaining units if redeemed or switched out on or before completion of 12 months from the date of allotment of units  Nil, if redeemed or switched out after completion of 12 months from the date of allotment of units."
        },
        "main_scheme_name": "LIC MF MULTICAP FUND",
        "metrics": {
            "alpha": null,
            "arithmetic_mean_ratio": null,
            "average_div_yld": null,
            "average_pb": null,
            "average_pe": null,
            "avg_maturity": null,
            "beta": null,
            "correlation_ratio": null,
            "downside_deviation": null,
            "information_ratio": null,
            "macaulay": null,
            "mod_duration": null,
            "port_turnover_ratio": null,
            "r_squared_ratio": null,
            "roe_ratio": null,
            "sharpe": null,
            "sortino_ratio": null,
            "std_dev": null,
            "tracking_error": null,
            "treynor_ratio": null,
            "upside_deviation": null,
            "ytm": null
        },
        "min_addl_amt": "",
        "min_addl_amt_multiple": "",
        "min_amt": "\u20b9 5000",
        "min_amt_multiple": "\u20b9 1",
        "monthly_aaum_date": "31-03-2025",
        "monthly_aaum_value": "\u20b9 1,339.90",
        "mutual_fund_name": "LIC Mutual Fund",
        "page_number": [
            17
        ],
        "scheme_launch_date": "October 31, 2022 "
    },
    "LIC MF MID CAP FUND": {
        "amc_name": "LIC Mutual Fund Asset Management Limited",
        "benchmark_index": "Nifty Midcap 150 TRI ",
        "fund_manager": [
            {
                "managing_fund_since": "",
                "name": "Karan Doshi",
                "qualification": "",
                "total_exp": "10.7 Years"
            },
            {
                "managing_fund_since": "",
                "name": "Dikshit Mittal",
                "qualification": "",
                "total_exp": "18 Years"
            }
        ],
        "load": {
            "entry_load": "",
            "exit_load": "Nil, If units of the Scheme are redeemed or switched out up to 12 of the units (the limit) within 12 months from the date of allotment.  1 of the applicable NAV, If units of the scheme are redeemed or switched out in excess of the limit within 12 months from the date of allotment.  Nil, If units of scheme are redeemed or switched out after 12 months from the date of allotment."
        },
        "main_scheme_name": "LIC MF MID CAP FUND",
        "metrics": {
            "alpha": null,
            "arithmetic_mean_ratio": null,
            "average_div_yld": null,
            "average_pb": null,
            "average_pe": null,
            "avg_maturity": null,
            "beta": "0.93",
            "correlation_ratio": null,
            "downside_deviation": null,
            "information_ratio": null,
            "macaulay": null,
            "mod_duration": null,
            "port_turnover_ratio": null,
            "r_squared_ratio": null,
            "roe_ratio": null,
            "sharpe": "0.54",
            "sortino_ratio": null,
            "std_dev": "17.27",
            "tracking_error": null,
            "treynor_ratio": null,
            "upside_deviation": null,
            "ytm": null
        },
        "min_addl_amt": "",
        "min_addl_amt_multiple": "",
        "min_amt": "\u20b9 5000",
        "min_amt_multiple": "\u20b9 1",
        "monthly_aaum_date": "31-03-2025",
        "monthly_aaum_value": "\u20b9 295.54",
        "mutual_fund_name": "LIC Mutual Fund",
        "page_number": [
            18
        ],
        "scheme_launch_date": "January 25, 2017 "
    },
    "LIC MF SMALLCAP FUND": {
        "amc_name": "LIC Mutual Fund Asset Management Limited",
        "benchmark_index": "Nifty Smallcap 250 - TRI ",
        "fund_manager": [
            {
                "managing_fund_since": "",
                "name": "Nikhil Rungta",
                "qualification": "",
                "total_exp": "16 Years"
            },
            {
                "managing_fund_since": "",
                "name": "Mahesh Bendre",
                "qualification": "",
                "total_exp": "8 Years"
            }
        ],
        "load": {
            "entry_load": "",
            "exit_load": "Nil, If units of the Scheme are redeemed or switched out up to 12 of the units (the limit) within 12 months from the date of allotment.  1 of the applicable NAV, If units of the scheme are redeemed or switched out in excess of the limit within 12 months from the date of allotment.  Nil, If units of scheme are redeemed or switched out after 12 months from the date of allotment."
        },
        "main_scheme_name": "LIC MF SMALLCAP FUND",
        "metrics": {
            "alpha": null,
            "arithmetic_mean_ratio": null,
            "average_div_yld": null,
            "average_pb": null,
            "average_pe": null,
            "avg_maturity": null,
            "beta": "0.85",
            "correlation_ratio": null,
            "downside_deviation": null,
            "information_ratio": null,
            "macaulay": null,
            "mod_duration": null,
            "port_turnover_ratio": null,
            "r_squared_ratio": null,
            "roe_ratio": null,
            "sharpe": "0.50",
            "sortino_ratio": null,
            "std_dev": "19.09",
            "tracking_error": null,
            "treynor_ratio": null,
            "upside_deviation": null,
            "ytm": null
        },
        "min_addl_amt": "",
        "min_addl_amt_multiple": "",
        "min_amt": "\u20b9 5000",
        "min_amt_multiple": "\u20b9 1",
        "monthly_aaum_date": "31-03-2025",
        "monthly_aaum_value": "\u20b9 468.97",
        "mutual_fund_name": "LIC Mutual Fund",
        "page_number": [
            19
        ],
        "scheme_launch_date": "June 21, 2017 "
    },
    "LIC MF DIVIDEND YIELD FUND": {
        "amc_name": "LIC Mutual Fund Asset Management Limited",
        "benchmark_index": "Nifty 500 TRI ",
        "fund_manager": [
            {
                "managing_fund_since": "",
                "name": "Dikshit Mittal",
                "qualification": "",
                "total_exp": "18 Years"
            },
            {
                "managing_fund_since": "",
                "name": "Karan Doshi",
                "qualification": "",
                "total_exp": "10.7 Years"
            }
        ],
        "load": {
            "entry_load": "",
            "exit_load": "Nil, If units of the Scheme are redeemed or switched out up to 12 of the units (the limit) within 12 months from the date of allotment.  1 of the applicable NAV, If units of the scheme are redeemed or switched out in excess of the limit within 12 months from the date of allotment.  Nil, If units of scheme are redeemed or switched out after 12 months from the date of allotment."
        },
        "main_scheme_name": "LIC MF DIVIDEND YIELD FUND",
        "metrics": {
            "alpha": null,
            "arithmetic_mean_ratio": null,
            "average_div_yld": null,
            "average_pb": null,
            "average_pe": null,
            "avg_maturity": null,
            "beta": "0.99",
            "correlation_ratio": null,
            "downside_deviation": null,
            "information_ratio": null,
            "macaulay": null,
            "mod_duration": null,
            "port_turnover_ratio": null,
            "r_squared_ratio": null,
            "roe_ratio": null,
            "sharpe": "0.63",
            "sortino_ratio": null,
            "std_dev": "15.81",
            "tracking_error": null,
            "treynor_ratio": null,
            "upside_deviation": null,
            "ytm": null
        },
        "min_addl_amt": "",
        "min_addl_amt_multiple": "",
        "min_amt": "\u20b9 5000",
        "min_amt_multiple": "\u20b9 1",
        "monthly_aaum_date": "31-03-2025",
        "monthly_aaum_value": "\u20b9 470.28",
        "mutual_fund_name": "LIC Mutual Fund",
        "page_number": [
            20
        ],
        "scheme_launch_date": "December 21, 2018 "
    },
    "LIC MF VALUE FUND": {
        "amc_name": "LIC Mutual Fund Asset Management Limited",
        "benchmark_index": "Nifty 500 - TRI ",
        "fund_manager": [
            {
                "managing_fund_since": "",
                "name": "Nikhil Rungta",
                "qualification": "",
                "total_exp": "16 Years"
            },
            {
                "managing_fund_since": "",
                "name": "Mahesh Bendre",
                "qualification": "",
                "total_exp": "18 Years"
            }
        ],
        "load": {
            "entry_load": "",
            "exit_load": "Nil, If units of the Scheme are redeemed or switched out up to 12 of the units (the limit) within 12 months from the date of allotment.  1 of the applicable NAV, If units of the scheme are redeemed or switched out in excess of the limit within 12 months from the date of allotment.  Nil, If units of scheme are redeemed or switched out after 12 months from the date of allotment."
        },
        "main_scheme_name": "LIC MF VALUE FUND",
        "metrics": {
            "alpha": null,
            "arithmetic_mean_ratio": null,
            "average_div_yld": null,
            "average_pb": null,
            "average_pe": null,
            "avg_maturity": null,
            "beta": "1.01",
            "correlation_ratio": null,
            "downside_deviation": null,
            "information_ratio": null,
            "macaulay": null,
            "mod_duration": null,
            "port_turnover_ratio": null,
            "r_squared_ratio": null,
            "roe_ratio": null,
            "sharpe": "0.28",
            "sortino_ratio": null,
            "std_dev": "16.65",
            "tracking_error": null,
            "treynor_ratio": null,
            "upside_deviation": null,
            "ytm": null
        },
        "min_addl_amt": "",
        "min_addl_amt_multiple": "",
        "min_amt": "\u20b9 5000",
        "min_amt_multiple": "\u20b9 1",
        "monthly_aaum_date": "31-03-2025",
        "monthly_aaum_value": "\u20b9 142.48",
        "mutual_fund_name": "LIC Mutual Fund",
        "page_number": [
            21
        ],
        "scheme_launch_date": "August 20, 2018 "
    },
    "LIC MF FOCUSED FUND": {
        "amc_name": "LIC Mutual Fund Asset Management Limited",
        "benchmark_index": "Nifty 500 TRI ",
        "fund_manager": [
            {
                "managing_fund_since": "",
                "name": "Jaiprakash Toshniwal",
                "qualification": "",
                "total_exp": "16 Years"
            },
            {
                "managing_fund_since": "",
                "name": "Sumit Bhatnagar",
                "qualification": "",
                "total_exp": "24 Years"
            }
        ],
        "load": {
            "entry_load": "",
            "exit_load": "Nil, If units of the Scheme are redeemed or switched out up to 12 of the units (the limit) within 12 months from the date of allotment.  1 of the applicable NAV, If units of the scheme are redeemed or switched out in excess of the limit within 12 months from the date of allotment.  Nil, If units of scheme are redeemed or switched out after 12 months from the date of allotment."
        },
        "main_scheme_name": "LIC MF FOCUSED FUND",
        "metrics": {
            "alpha": null,
            "arithmetic_mean_ratio": null,
            "average_div_yld": null,
            "average_pb": null,
            "average_pe": null,
            "avg_maturity": null,
            "beta": "0.88",
            "correlation_ratio": null,
            "downside_deviation": null,
            "information_ratio": null,
            "macaulay": null,
            "mod_duration": null,
            "port_turnover_ratio": null,
            "r_squared_ratio": null,
            "roe_ratio": null,
            "sharpe": "0.14",
            "sortino_ratio": null,
            "std_dev": "14.20",
            "tracking_error": null,
            "treynor_ratio": null,
            "upside_deviation": null,
            "ytm": null
        },
        "min_addl_amt": "",
        "min_addl_amt_multiple": "",
        "min_amt": "\u20b9 5000",
        "min_amt_multiple": "\u20b9 1",
        "monthly_aaum_date": "31-03-2025",
        "monthly_aaum_value": "\u20b9 128.99",
        "mutual_fund_name": "LIC Mutual Fund",
        "page_number": [
            22
        ],
        "scheme_launch_date": "November 17, 2017 "
    },
    "LIC MF INFRASTRUCTURE FUND": {
        "amc_name": "LIC Mutual Fund Asset Management Limited",
        "benchmark_index": "Nifty Infrastructure TRI ",
        "fund_manager": [
            {
                "managing_fund_since": "",
                "name": "Yogesh Patil",
                "qualification": "",
                "total_exp": "22Years"
            },
            {
                "managing_fund_since": "",
                "name": "Mahesh Bendre",
                "qualification": "",
                "total_exp": "18 Years"
            }
        ],
        "load": {
            "entry_load": "",
            "exit_load": "12 of the units allotted shall be redeemed or switched out without any exit load, on or before completion of 90 days from the date of allotment of units.  1 on remaining units if redeemed or switched out on or before completion of 90 days from the date of allotment of units.  Nil, if redeemed or switched out after completion of 90 days from the date of allotment of units."
        },
        "main_scheme_name": "LIC MF INFRASTRUCTURE FUND",
        "metrics": {
            "alpha": null,
            "arithmetic_mean_ratio": null,
            "average_div_yld": null,
            "average_pb": null,
            "average_pe": null,
            "avg_maturity": null,
            "beta": "0.84",
            "correlation_ratio": null,
            "downside_deviation": null,
            "information_ratio": null,
            "macaulay": null,
            "mod_duration": null,
            "port_turnover_ratio": null,
            "r_squared_ratio": null,
            "roe_ratio": null,
            "sharpe": "0.79",
            "sortino_ratio": null,
            "std_dev": "18.71",
            "tracking_error": null,
            "treynor_ratio": null,
            "upside_deviation": null,
            "ytm": null
        },
        "min_addl_amt": "",
        "min_addl_amt_multiple": "",
        "min_amt": "\u20b9 5000",
        "min_amt_multiple": "\u20b9 1",
        "monthly_aaum_date": "31-03-2025",
        "monthly_aaum_value": "\u20b9 821.92",
        "mutual_fund_name": "LIC Mutual Fund",
        "page_number": [
            23
        ],
        "scheme_launch_date": "March 24, 2008 "
    },
    "LIC MF MANUFACTURING FUND": {
        "amc_name": "LIC Mutual Fund Asset Management Limited",
        "benchmark_index": "Nifty India Manufacturing Index (TRI) ",
        "fund_manager": [
            {
                "managing_fund_since": "",
                "name": "Yogesh Patil",
                "qualification": "",
                "total_exp": "22Years"
            },
            {
                "managing_fund_since": "",
                "name": "Mahesh Bendre",
                "qualification": "",
                "total_exp": "17 Years"
            }
        ],
        "load": {
            "entry_load": "",
            "exit_load": "-  If units of the Scheme are redeemed  switched-out within 90 days from the date of allotment a) Upto 12 of the units No exit load will be levied b) Above 12 of the units exit load of 1 will be levied  If units of the Scheme are redeemed  switched-out after 90 days from the date of allotment No exit load will be levied."
        },
        "main_scheme_name": "LIC MF MANUFACTURING FUND",
        "metrics": {
            "alpha": null,
            "arithmetic_mean_ratio": null,
            "average_div_yld": null,
            "average_pb": null,
            "average_pe": null,
            "avg_maturity": null,
            "beta": null,
            "correlation_ratio": null,
            "downside_deviation": null,
            "information_ratio": null,
            "macaulay": null,
            "mod_duration": null,
            "port_turnover_ratio": null,
            "r_squared_ratio": null,
            "roe_ratio": null,
            "sharpe": null,
            "sortino_ratio": null,
            "std_dev": null,
            "tracking_error": null,
            "treynor_ratio": null,
            "upside_deviation": null,
            "ytm": null
        },
        "min_addl_amt": "",
        "min_addl_amt_multiple": "",
        "min_amt": "\u20b9 5000",
        "min_amt_multiple": "\u20b9 1",
        "monthly_aaum_date": "31-03-2025",
        "monthly_aaum_value": "\u20b9 782.85",
        "mutual_fund_name": "LIC Mutual Fund",
        "page_number": [
            24
        ],
        "scheme_launch_date": "October 11, 2024 "
    },
    "LIC MF BANKING & FINANCIAL SERVICES FUND": {
        "amc_name": "LIC Mutual Fund Asset Management Limited",
        "benchmark_index": "Nifty Financial Services TRI ",
        "fund_manager": [
            {
                "managing_fund_since": "",
                "name": "Jaiprakash Toshniwal",
                "qualification": "",
                "total_exp": "16Years"
            }
        ],
        "load": {
            "entry_load": "",
            "exit_load": "12 of the units allotted shall be redeemed or switched out without any exit load, on or before completion of 90 days from the date of allotment of units.  1 on remaining units if redeemed or switched out on or before completion of  90 days from the date of allotment of units.  Nil, if redeemed or switched out after completion of 90 days from the date of allotment of units."
        },
        "main_scheme_name": "LIC MF BANKING & FINANCIAL SERVICES FUND",
        "metrics": {
            "alpha": null,
            "arithmetic_mean_ratio": null,
            "average_div_yld": null,
            "average_pb": null,
            "average_pe": null,
            "avg_maturity": null,
            "beta": "0.93",
            "correlation_ratio": null,
            "downside_deviation": null,
            "information_ratio": null,
            "macaulay": null,
            "mod_duration": null,
            "port_turnover_ratio": null,
            "r_squared_ratio": null,
            "roe_ratio": null,
            "sharpe": "0.31",
            "sortino_ratio": null,
            "std_dev": "14.88",
            "tracking_error": null,
            "treynor_ratio": null,
            "upside_deviation": null,
            "ytm": null
        },
        "min_addl_amt": "",
        "min_addl_amt_multiple": "",
        "min_amt": "\u20b9 5000",
        "min_amt_multiple": "\u20b9 1",
        "monthly_aaum_date": "31-03-2025",
        "monthly_aaum_value": "\u20b9 240.62",
        "mutual_fund_name": "LIC Mutual Fund",
        "page_number": [
            25
        ],
        "scheme_launch_date": "March 27, 2015 "
    },
    "LIC MF HEALTHCARE FUND": {
        "amc_name": "LIC Mutual Fund Asset Management Limited",
        "benchmark_index": "BSE Healthcare- TRI ",
        "fund_manager": [
            {
                "managing_fund_since": "",
                "name": "Karan Doshi",
                "qualification": "",
                "total_exp": "10.7 Years"
            }
        ],
        "load": {
            "entry_load": "",
            "exit_load": "Nil, If units of the Scheme are redeemed or switched out up to 12 of the units (the limit) within 90 days from the date of allotment.  1 of the applicable NAV, If units of the scheme are redeemed or switched out in excess of the limit within 90 days from the date of allotment.  Nil, If units of scheme are redeemed or switched out after 90 days from the date of allotment."
        },
        "main_scheme_name": "LIC MF HEALTHCARE FUND",
        "metrics": {
            "alpha": null,
            "arithmetic_mean_ratio": null,
            "average_div_yld": null,
            "average_pb": null,
            "average_pe": null,
            "avg_maturity": null,
            "beta": "0.87",
            "correlation_ratio": null,
            "downside_deviation": null,
            "information_ratio": null,
            "macaulay": null,
            "mod_duration": null,
            "port_turnover_ratio": null,
            "r_squared_ratio": null,
            "roe_ratio": null,
            "sharpe": "0.53",
            "sortino_ratio": null,
            "std_dev": "15.98",
            "tracking_error": null,
            "treynor_ratio": null,
            "upside_deviation": null,
            "ytm": null
        },
        "min_addl_amt": "",
        "min_addl_amt_multiple": "",
        "min_amt": "\u20b9 5000",
        "min_amt_multiple": "\u20b9 1",
        "monthly_aaum_date": "31-03-2025",
        "monthly_aaum_value": "\u20b9 81.73",
        "mutual_fund_name": "LIC Mutual Fund",
        "page_number": [
            26
        ],
        "scheme_launch_date": "February 28, 2019 "
    },
    "LIC MF ELSS TAX SAVER": {
        "amc_name": "LIC Mutual Fund Asset Management Limited",
        "benchmark_index": "Nifty 500 TRI ",
        "fund_manager": [
            {
                "managing_fund_since": "",
                "name": "Yogesh Patil",
                "qualification": "",
                "total_exp": "22 Years"
            },
            {
                "managing_fund_since": "",
                "name": "Dikshit Mittal",
                "qualification": "",
                "total_exp": "18Years"
            }
        ],
        "load": {
            "entry_load": "",
            "exit_load": "Nil (Subject to lock-in period of 3 years)"
        },
        "main_scheme_name": "LIC MF ELSS TAX SAVER",
        "metrics": {
            "alpha": null,
            "arithmetic_mean_ratio": null,
            "average_div_yld": null,
            "average_pb": null,
            "average_pe": null,
            "avg_maturity": null,
            "beta": "0.82",
            "correlation_ratio": null,
            "downside_deviation": null,
            "information_ratio": null,
            "macaulay": null,
            "mod_duration": null,
            "port_turnover_ratio": null,
            "r_squared_ratio": null,
            "roe_ratio": null,
            "sharpe": "0.43",
            "sortino_ratio": null,
            "std_dev": "13.83",
            "tracking_error": null,
            "treynor_ratio": null,
            "upside_deviation": null,
            "ytm": null
        },
        "min_addl_amt": "",
        "min_addl_amt_multiple": "",
        "min_amt": "\u20b9 500",
        "min_amt_multiple": "\u20b9 500",
        "monthly_aaum_date": "31-03-2025",
        "monthly_aaum_value": "\u20b9 1,061.71",
        "mutual_fund_name": "LIC Mutual Fund",
        "page_number": [
            27
        ],
        "scheme_launch_date": "March  31,1997 "
    },
    "LIC MF AGGRESSIVE HYBID FUND": {
        "amc_name": "LIC Mutual Fund Asset Management Limited",
        "benchmark_index": "Crisil Hybrid 35 + 65 - Aggressive Index ",
        "fund_manager": [
            {
                "managing_fund_since": "",
                "name": "Karan Doshi",
                "qualification": "",
                "total_exp": "10.7Years"
            },
            {
                "managing_fund_since": "",
                "name": "Pratik Shroff",
                "qualification": "",
                "total_exp": "17Years"
            },
            {
                "managing_fund_since": "",
                "name": "Sumit Bhatnagar",
                "qualification": "",
                "total_exp": "24Years"
            }
        ],
        "load": {
            "entry_load": "",
            "exit_load": "12 of the units allotted shall be redeemed or switched out without any exit load, on or before completion of 3 months from the date of allotment of units.  1 on remaining units if redeemed or switched out on or before completion of 3 months from the date of allotment of units.  Nil, if redeemed or switched out after completion of 3 months from the date of allotment of units."
        },
        "main_scheme_name": "LIC MF AGGRESSIVE HYBID FUND",
        "metrics": {
            "alpha": null,
            "arithmetic_mean_ratio": null,
            "average_div_yld": null,
            "average_pb": null,
            "average_pe": null,
            "avg_maturity": null,
            "beta": null,
            "correlation_ratio": null,
            "downside_deviation": null,
            "information_ratio": null,
            "macaulay": null,
            "mod_duration": null,
            "port_turnover_ratio": null,
            "r_squared_ratio": null,
            "roe_ratio": null,
            "sharpe": null,
            "sortino_ratio": null,
            "std_dev": null,
            "tracking_error": null,
            "treynor_ratio": null,
            "upside_deviation": null,
            "ytm": null
        },
        "min_addl_amt": "",
        "min_addl_amt_multiple": "",
        "min_amt": "\u20b9 5000",
        "min_amt_multiple": "\u20b9 1",
        "monthly_aaum_date": "31-03-2025",
        "monthly_aaum_value": "\u20b9 491.11",
        "mutual_fund_name": "LIC Mutual Fund",
        "page_number": [
            28
        ],
        "scheme_launch_date": "January 01, 1991 "
    },
    "LIC MF BALANCED ADVANTAGE FUND": {
        "amc_name": "LIC Mutual Fund Asset Management Limited",
        "benchmark_index": "NIFTY 50 Hybrid Composite Debt 50:50 Index ",
        "fund_manager": [
            {
                "managing_fund_since": "",
                "name": "Jaiprakash Toshniwal",
                "qualification": "",
                "total_exp": "16 Years"
            },
            {
                "managing_fund_since": "",
                "name": "Rahul Singh",
                "qualification": "",
                "total_exp": "20  Years"
            },
            {
                "managing_fund_since": "",
                "name": "Yogesh Patil",
                "qualification": "",
                "total_exp": "22 Years"
            }
        ],
        "load": {
            "entry_load": "",
            "exit_load": "12 of the units allotted shall be redeemed or switched out without any exit load, on or before completion of 3 months from the date of allotment of units.  1 on remaining units if redeemed or switched out on or before completion of 3 months from the date of allotment of units.  Nil, if redeemed or switched out after completion of 3 months from the date of allotment of units ."
        },
        "main_scheme_name": "LIC MF BALANCED ADVANTAGE FUND",
        "metrics": {
            "alpha": null,
            "arithmetic_mean_ratio": null,
            "average_div_yld": null,
            "average_pb": null,
            "average_pe": null,
            "avg_maturity": null,
            "beta": null,
            "correlation_ratio": null,
            "downside_deviation": null,
            "information_ratio": null,
            "macaulay": null,
            "mod_duration": null,
            "port_turnover_ratio": null,
            "r_squared_ratio": null,
            "roe_ratio": null,
            "sharpe": null,
            "sortino_ratio": null,
            "std_dev": null,
            "tracking_error": null,
            "treynor_ratio": null,
            "upside_deviation": null,
            "ytm": null
        },
        "min_addl_amt": "",
        "min_addl_amt_multiple": "",
        "min_amt": "\u20b9 5000",
        "min_amt_multiple": "\u20b9 1",
        "monthly_aaum_date": "31-03-2025",
        "monthly_aaum_value": "\u20b9 748.04",
        "mutual_fund_name": "LIC Mutual Fund",
        "page_number": [
            29
        ],
        "scheme_launch_date": "November 12, 2021 "
    },
    "LIC MF EQUITY SAVINGS FUND": {
        "amc_name": "LIC Mutual Fund Asset Management Limited",
        "benchmark_index": "Nifty Equity Savings Index ",
        "fund_manager": [
            {
                "managing_fund_since": "",
                "name": "Sumit Bhatnagar",
                "qualification": "",
                "total_exp": "24 Years"
            },
            {
                "managing_fund_since": "",
                "name": "Pratik Shroff",
                "qualification": "",
                "total_exp": "17 Years"
            }
        ],
        "load": {
            "entry_load": "",
            "exit_load": "Nil, If units of the Scheme are redeemed or switched out up to 12 of the units (the limit) within 3 months from the date of allotment.  1 of the applicable NAV, If units of the scheme are redeemed or switched out in excess of the limit  within 3 months from the date of allotment.  Nil, If units of scheme are redeemed or switched out after 3 months from the date of allotment."
        },
        "main_scheme_name": "LIC MF EQUITY SAVINGS FUND",
        "metrics": {
            "alpha": null,
            "arithmetic_mean_ratio": null,
            "average_div_yld": null,
            "average_pb": null,
            "average_pe": null,
            "avg_maturity": null,
            "beta": "1.19",
            "correlation_ratio": null,
            "downside_deviation": null,
            "information_ratio": null,
            "macaulay": null,
            "mod_duration": null,
            "port_turnover_ratio": null,
            "r_squared_ratio": null,
            "roe_ratio": null,
            "sharpe": null,
            "sortino_ratio": null,
            "std_dev": "6.37",
            "tracking_error": null,
            "treynor_ratio": null,
            "upside_deviation": null,
            "ytm": null
        },
        "min_addl_amt": "",
        "min_addl_amt_multiple": "",
        "min_amt": "\u20b9 5000",
        "min_amt_multiple": "\u20b9 1",
        "monthly_aaum_date": "31-03-2025",
        "monthly_aaum_value": "\u20b9 19.04",
        "mutual_fund_name": "LIC Mutual Fund",
        "page_number": [
            30
        ],
        "scheme_launch_date": "March 07, 2011 "
    },
    "LIC MF CONSERVATIVE HYBRID FUND": {
        "amc_name": "LIC Mutual Fund Asset Management Limited",
        "benchmark_index": "Crisil Hybrid 85 + 15 - Conservative Index ",
        "fund_manager": [
            {
                "managing_fund_since": "",
                "name": "Nikhil Rungta",
                "qualification": "",
                "total_exp": "16 Years"
            },
            {
                "managing_fund_since": "",
                "name": "Pratik Shroff",
                "qualification": "",
                "total_exp": "17 Years"
            }
        ],
        "load": {
            "entry_load": "",
            "exit_load": "12 of the units allotted shall be redeemed or switched out without any exit load, on or before completion of 90 days from the date of allotment of units.  1 on remaining units if redeemed or switched out on or before completion of 90 days from the date of allotment of units  Nil, if redeemed or switched out after completion of 90 days from the date of allotment of units."
        },
        "main_scheme_name": "LIC MF CONSERVATIVE HYBRID FUND",
        "metrics": {
            "alpha": null,
            "arithmetic_mean_ratio": null,
            "average_div_yld": null,
            "average_pb": null,
            "average_pe": null,
            "avg_maturity": null,
            "beta": null,
            "correlation_ratio": null,
            "downside_deviation": null,
            "information_ratio": null,
            "macaulay": null,
            "mod_duration": null,
            "port_turnover_ratio": null,
            "r_squared_ratio": null,
            "roe_ratio": null,
            "sharpe": null,
            "sortino_ratio": null,
            "std_dev": null,
            "tracking_error": null,
            "treynor_ratio": null,
            "upside_deviation": null,
            "ytm": null
        },
        "min_addl_amt": "",
        "min_addl_amt_multiple": "",
        "min_amt": "\u20b9 5000",
        "min_amt_multiple": "\u20b9 1",
        "monthly_aaum_date": "31-03-2025",
        "monthly_aaum_value": "\u20b9 49.93",
        "mutual_fund_name": "LIC Mutual Fund",
        "page_number": [
            31
        ],
        "scheme_launch_date": "June 01, 1998 "
    },
    "LIC MF ARBITRAGE FUND": {
        "amc_name": "LIC Mutual Fund Asset Management Limited",
        "benchmark_index": "Nifty 50 Arbitrage Index ",
        "fund_manager": [
            {
                "managing_fund_since": "",
                "name": "Sumit Bhatnagar",
                "qualification": "",
                "total_exp": "24 Years"
            },
            {
                "managing_fund_since": "",
                "name": "Pratik Shroff",
                "qualification": "",
                "total_exp": "17 Years"
            }
        ],
        "load": {
            "entry_load": "",
            "exit_load": "For redemptionswitch out of units on or before 1 month from the date of allotment 0.25 of applicable NAV  For redemptionswitch out of units after 1 month from the date of allotment Nil"
        },
        "main_scheme_name": "LIC MF ARBITRAGE FUND",
        "metrics": {
            "alpha": null,
            "arithmetic_mean_ratio": null,
            "average_div_yld": null,
            "average_pb": null,
            "average_pe": null,
            "avg_maturity": null,
            "beta": null,
            "correlation_ratio": null,
            "downside_deviation": null,
            "information_ratio": null,
            "macaulay": null,
            "mod_duration": null,
            "port_turnover_ratio": null,
            "r_squared_ratio": null,
            "roe_ratio": null,
            "sharpe": null,
            "sortino_ratio": null,
            "std_dev": null,
            "tracking_error": null,
            "treynor_ratio": null,
            "upside_deviation": null,
            "ytm": null
        },
        "min_addl_amt": "",
        "min_addl_amt_multiple": "",
        "min_amt": "\u20b9 5000",
        "min_amt_multiple": "\u20b9 1",
        "monthly_aaum_date": "31-03-2025",
        "monthly_aaum_value": "\u20b9 376.42",
        "mutual_fund_name": "LIC Mutual Fund",
        "page_number": [
            32
        ],
        "scheme_launch_date": "January 25, 2019 "
    },
    "LIC MF MULTI ASSET ALLOCATION FUND": {
        "amc_name": "LIC Mutual Fund Asset Management Limited",
        "benchmark_index": "65% Nifty 500 TRI + 25% Nifty Composite Debt Index + 10% Price of Domestic Gold ",
        "fund_manager": [
            {
                "managing_fund_since": "",
                "name": "Nikhil Rungta",
                "qualification": "",
                "total_exp": "16 Years"
            },
            {
                "managing_fund_since": "",
                "name": "Sumit Bhatnagar",
                "qualification": "",
                "total_exp": "24  Years"
            },
            {
                "managing_fund_since": "",
                "name": "Pratik Shroff",
                "qualification": "",
                "total_exp": "17 Years"
            }
        ],
        "load": {
            "entry_load": "",
            "exit_load": "- If units redeemedswitched out within 3 months from allotment date If units redeemedswitched out after 3 months from allotment date"
        },
        "main_scheme_name": "LIC MF MULTI ASSET ALLOCATION FUND",
        "metrics": {
            "alpha": null,
            "arithmetic_mean_ratio": null,
            "average_div_yld": null,
            "average_pb": null,
            "average_pe": null,
            "avg_maturity": null,
            "beta": null,
            "correlation_ratio": null,
            "downside_deviation": null,
            "information_ratio": null,
            "macaulay": null,
            "mod_duration": null,
            "port_turnover_ratio": null,
            "r_squared_ratio": null,
            "roe_ratio": null,
            "sharpe": null,
            "sortino_ratio": null,
            "std_dev": null,
            "tracking_error": null,
            "treynor_ratio": null,
            "upside_deviation": null,
            "ytm": null
        },
        "min_addl_amt": "",
        "min_addl_amt_multiple": "",
        "min_amt": "\u20b9 5000",
        "min_amt_multiple": "\u20b9 1",
        "monthly_aaum_date": "31-03-2025",
        "monthly_aaum_value": "\u20b9 447.57",
        "mutual_fund_name": "LIC Mutual Fund",
        "page_number": [
            33
        ],
        "scheme_launch_date": "February 14, 2025 "
    },
    "LIC MF ULIS": {
        "amc_name": "LIC Mutual Fund Asset Management Limited",
        "benchmark_index": "Crisil Hybrid 35 + 65 - Aggressive Index ",
        "fund_manager": [
            {
                "managing_fund_since": "",
                "name": "Dikshit Mittal",
                "qualification": "",
                "total_exp": "18 Years"
            },
            {
                "managing_fund_since": "",
                "name": "Karan Doshi",
                "qualification": "",
                "total_exp": "10.7 Years"
            },
            {
                "managing_fund_since": "",
                "name": "Pratik Shroff",
                "qualification": "",
                "total_exp": "17 Years"
            }
        ],
        "load": {
            "entry_load": "",
            "exit_load": "NIL (3 years lock-in period) Liquidity Repurchase after lock-in period of 3 years from the date of Investment."
        },
        "main_scheme_name": "LIC MF ULIS",
        "metrics": {
            "alpha": null,
            "arithmetic_mean_ratio": null,
            "average_div_yld": null,
            "average_pb": null,
            "average_pe": null,
            "avg_maturity": null,
            "beta": null,
            "correlation_ratio": null,
            "downside_deviation": null,
            "information_ratio": null,
            "macaulay": null,
            "mod_duration": null,
            "port_turnover_ratio": null,
            "r_squared_ratio": null,
            "roe_ratio": null,
            "sharpe": null,
            "sortino_ratio": null,
            "std_dev": null,
            "tracking_error": null,
            "treynor_ratio": null,
            "upside_deviation": null,
            "ytm": null
        },
        "min_addl_amt": "",
        "min_addl_amt_multiple": "",
        "min_amt": "\u20b9 10,000",
        "min_amt_multiple": "\u20b9 1,000",
        "monthly_aaum_date": "31-03-2025",
        "monthly_aaum_value": "\u20b9 469.18",
        "mutual_fund_name": "LIC Mutual Fund",
        "page_number": [
            34
        ],
        "scheme_launch_date": "June 19, 1989 "
    },
    "LIC MF OVERNIGHT FUND": {
        "amc_name": "LIC Mutual Fund Asset Management Limited",
        "benchmark_index": "NIFTY 1D Rate Index ",
        "fund_manager": [
            {
                "managing_fund_since": "",
                "name": "Rahul Singh",
                "qualification": "",
                "total_exp": "20 Years"
            }
        ],
        "load": {
            "entry_load": "",
            "exit_load": "Nil"
        },
        "main_scheme_name": "LIC MF OVERNIGHT FUND",
        "metrics": {
            "alpha": null,
            "arithmetic_mean_ratio": null,
            "average_div_yld": null,
            "average_pb": null,
            "average_pe": null,
            "avg_maturity": null,
            "beta": null,
            "correlation_ratio": null,
            "downside_deviation": null,
            "information_ratio": null,
            "macaulay": null,
            "mod_duration": null,
            "port_turnover_ratio": null,
            "r_squared_ratio": null,
            "roe_ratio": null,
            "sharpe": null,
            "sortino_ratio": null,
            "std_dev": null,
            "tracking_error": null,
            "treynor_ratio": null,
            "upside_deviation": null,
            "ytm": null
        },
        "min_addl_amt": "",
        "min_addl_amt_multiple": "",
        "min_amt": "\u20b9 5000",
        "min_amt_multiple": "\u20b9 1",
        "monthly_aaum_date": "31-03-2025",
        "monthly_aaum_value": "\u20b9 965.44",
        "mutual_fund_name": "LIC Mutual Fund",
        "page_number": [
            35
        ],
        "scheme_launch_date": "July 18, 2019 "
    },
    "LIC MF LIQUID FUND": {
        "amc_name": "LIC Mutual Fund Asset Management Limited",
        "benchmark_index": "CRISIL Liquid Debt A-I Index ",
        "fund_manager": [
            {
                "managing_fund_since": "",
                "name": "Rahul Singh",
                "qualification": "",
                "total_exp": "20 Years"
            }
        ],
        "load": {
            "entry_load": "",
            "exit_load": "Investor exit upon Exit load as a  of redemption  switch out Subscription proceeds Day 1 0.0070 Day 2 0.0065 Day 3 0.0060 Day 4 0.0055 Day 5 0.0050 Day 6 0.0045 Day 7 onwards 0.0000"
        },
        "main_scheme_name": "LIC MF LIQUID FUND",
        "metrics": {
            "alpha": null,
            "arithmetic_mean_ratio": null,
            "average_div_yld": null,
            "average_pb": null,
            "average_pe": null,
            "avg_maturity": null,
            "beta": null,
            "correlation_ratio": null,
            "downside_deviation": null,
            "information_ratio": null,
            "macaulay": null,
            "mod_duration": null,
            "port_turnover_ratio": null,
            "r_squared_ratio": null,
            "roe_ratio": null,
            "sharpe": null,
            "sortino_ratio": null,
            "std_dev": null,
            "tracking_error": null,
            "treynor_ratio": null,
            "upside_deviation": null,
            "ytm": null
        },
        "min_addl_amt": "",
        "min_addl_amt_multiple": "",
        "min_amt": "\u20b9 5000",
        "min_amt_multiple": "\u20b9 1",
        "monthly_aaum_date": "31-03-2025",
        "monthly_aaum_value": "\u20b9 12,146.32",
        "mutual_fund_name": "LIC Mutual Fund",
        "page_number": [
            36
        ],
        "scheme_launch_date": "March 18, 2002 "
    },
    "LIC MF ULTRA SHORT DURATION FUND": {
        "amc_name": "LIC Mutual Fund Asset Management Limited",
        "benchmark_index": "CRISIL Ultra Short Duration Debt A-I Index ",
        "fund_manager": [
            {
                "managing_fund_since": "",
                "name": "Rahul Singh",
                "qualification": "",
                "total_exp": "20 Years"
            }
        ],
        "load": {
            "entry_load": "",
            "exit_load": "N il"
        },
        "main_scheme_name": "LIC MF ULTRA SHORT DURATION FUND",
        "metrics": {
            "alpha": null,
            "arithmetic_mean_ratio": null,
            "average_div_yld": null,
            "average_pb": null,
            "average_pe": null,
            "avg_maturity": null,
            "beta": null,
            "correlation_ratio": null,
            "downside_deviation": null,
            "information_ratio": null,
            "macaulay": null,
            "mod_duration": null,
            "port_turnover_ratio": null,
            "r_squared_ratio": null,
            "roe_ratio": null,
            "sharpe": null,
            "sortino_ratio": null,
            "std_dev": null,
            "tracking_error": null,
            "treynor_ratio": null,
            "upside_deviation": null,
            "ytm": null
        },
        "min_addl_amt": "",
        "min_addl_amt_multiple": "",
        "min_amt": "\u20b9 5000",
        "min_amt_multiple": "\u20b9 1",
        "monthly_aaum_date": "31-03-2025",
        "monthly_aaum_value": "\u20b9 351.94",
        "mutual_fund_name": "LIC Mutual Fund",
        "page_number": [
            37
        ],
        "scheme_launch_date": "November 27, 2019 "
    },
    "MNEY MA2XET FUND": {
        "amc_name": "LIC Mutual Fund Asset Management Limited",
        "benchmark_index": "NIFTY Money Market Index A-I ",
        "fund_manager": [
            {
                "managing_fund_since": "",
                "name": "Rahul Singh",
                "qualification": "",
                "total_exp": "20 Years"
            }
        ],
        "load": {
            "entry_load": "",
            "exit_load": "Nil"
        },
        "main_scheme_name": "MNEY MA2XET FUND",
        "metrics": {
            "alpha": null,
            "arithmetic_mean_ratio": null,
            "average_div_yld": null,
            "average_pb": null,
            "average_pe": null,
            "avg_maturity": null,
            "beta": null,
            "correlation_ratio": null,
            "downside_deviation": null,
            "information_ratio": null,
            "macaulay": null,
            "mod_duration": null,
            "port_turnover_ratio": null,
            "r_squared_ratio": null,
            "roe_ratio": null,
            "sharpe": null,
            "sortino_ratio": null,
            "std_dev": null,
            "tracking_error": null,
            "treynor_ratio": null,
            "upside_deviation": null,
            "ytm": null
        },
        "min_addl_amt": "",
        "min_addl_amt_multiple": "",
        "min_amt": "\u20b9 5000",
        "min_amt_multiple": "\u20b9 1",
        "monthly_aaum_date": "31-03-2025",
        "monthly_aaum_value": "\u20b9 20.87",
        "mutual_fund_name": "LIC Mutual Fund",
        "page_number": [
            38
        ],
        "scheme_launch_date": "August 1, 2022 "
    },
    "LIC MF LOW DURATION FUND": {
        "amc_name": "LIC Mutual Fund Asset Management Limited",
        "benchmark_index": "CRISIL Medium to Long Duration Debt A-III Index ",
        "fund_manager": [
            {
                "managing_fund_since": "",
                "name": "Marzban Irani",
                "qualification": "",
                "total_exp": "24 Years"
            },
            {
                "managing_fund_since": "",
                "name": "Pratik Shroff",
                "qualification": "",
                "total_exp": "17 Years"
            }
        ],
        "load": {
            "entry_load": "",
            "exit_load": "0.25 if redeemed or switched out on or before completion of 15 days from the date of allotment of units.  No Exit Load is payable if units are redeemedswitched-out after 15 days from the date of allotment."
        },
        "main_scheme_name": "LIC MF LOW DURATION FUND",
        "metrics": {
            "alpha": null,
            "arithmetic_mean_ratio": null,
            "average_div_yld": null,
            "average_pb": null,
            "average_pe": null,
            "avg_maturity": null,
            "beta": null,
            "correlation_ratio": null,
            "downside_deviation": null,
            "information_ratio": null,
            "macaulay": null,
            "mod_duration": null,
            "port_turnover_ratio": null,
            "r_squared_ratio": null,
            "roe_ratio": null,
            "sharpe": null,
            "sortino_ratio": null,
            "std_dev": null,
            "tracking_error": null,
            "treynor_ratio": null,
            "upside_deviation": null,
            "ytm": null
        },
        "min_addl_amt": "",
        "min_addl_amt_multiple": "",
        "min_amt": "\u20b9 5000",
        "min_amt_multiple": "\u20b9 1",
        "monthly_aaum_date": "31-03-2025",
        "monthly_aaum_value": "\u20b9 192.39",
        "mutual_fund_name": "LIC Mutual Fund",
        "page_number": [
            40
        ],
        "scheme_launch_date": "June 23,1999 "
    },
    "LIC MF BANKING & PSU FUND": {
        "amc_name": "LIC Mutual Fund Asset Management Limited",
        "benchmark_index": "NIFTY Banking & PSU Debt Index A-II ",
        "fund_manager": [
            {
                "managing_fund_since": "",
                "name": "Marzban Irani",
                "qualification": "",
                "total_exp": "24 Years"
            },
            {
                "managing_fund_since": "",
                "name": "Pratik Shroff",
                "qualification": "",
                "total_exp": "17 Years"
            }
        ],
        "load": {
            "entry_load": "",
            "exit_load": "Nil"
        },
        "main_scheme_name": "LIC MF BANKING & PSU FUND",
        "metrics": {
            "alpha": null,
            "arithmetic_mean_ratio": null,
            "average_div_yld": null,
            "average_pb": null,
            "average_pe": null,
            "avg_maturity": null,
            "beta": null,
            "correlation_ratio": null,
            "downside_deviation": null,
            "information_ratio": null,
            "macaulay": null,
            "mod_duration": null,
            "port_turnover_ratio": null,
            "r_squared_ratio": null,
            "roe_ratio": null,
            "sharpe": null,
            "sortino_ratio": null,
            "std_dev": null,
            "tracking_error": null,
            "treynor_ratio": null,
            "upside_deviation": null,
            "ytm": null
        },
        "min_addl_amt": "",
        "min_addl_amt_multiple": "",
        "min_amt": "\u20b9 5000",
        "min_amt_multiple": "\u20b9 1",
        "monthly_aaum_date": "31-03-2025",
        "monthly_aaum_value": "\u20b9 1,876.06",
        "mutual_fund_name": "LIC Mutual Fund",
        "page_number": [
            41
        ],
        "scheme_launch_date": "May 31, 2007 "
    },
    "LIC MF SHORT DURATION FUND": {
        "amc_name": "LIC Mutual Fund Asset Management Limited",
        "benchmark_index": "CRISIL Short Duration Debt A-II Index ",
        "fund_manager": [
            {
                "managing_fund_since": "",
                "name": "Marzban Irani",
                "qualification": "",
                "total_exp": "24 Years"
            },
            {
                "managing_fund_since": "",
                "name": "Pratik Shroff",
                "qualification": "",
                "total_exp": "17 Years"
            }
        ],
        "load": {
            "entry_load": "",
            "exit_load": "Nil"
        },
        "main_scheme_name": "LIC MF SHORT DURATION FUND",
        "metrics": {
            "alpha": null,
            "arithmetic_mean_ratio": null,
            "average_div_yld": null,
            "average_pb": null,
            "average_pe": null,
            "avg_maturity": null,
            "beta": null,
            "correlation_ratio": null,
            "downside_deviation": null,
            "information_ratio": null,
            "macaulay": null,
            "mod_duration": null,
            "port_turnover_ratio": null,
            "r_squared_ratio": null,
            "roe_ratio": null,
            "sharpe": null,
            "sortino_ratio": null,
            "std_dev": null,
            "tracking_error": null,
            "treynor_ratio": null,
            "upside_deviation": null,
            "ytm": null
        },
        "min_addl_amt": "",
        "min_addl_amt_multiple": "",
        "min_amt": "\u20b9 5000",
        "min_amt_multiple": "\u20b9 1",
        "monthly_aaum_date": "31-03-2025",
        "monthly_aaum_value": "\u20b9 120.94",
        "mutual_fund_name": "LIC Mutual Fund",
        "page_number": [
            42
        ],
        "scheme_launch_date": "February 1, 2019 "
    },
    "LIC MF GILT FUND": {
        "amc_name": "LIC Mutual Fund Asset Management Limited",
        "benchmark_index": "NIFTY All Duration G-Sec Index ",
        "fund_manager": [
            {
                "managing_fund_since": "",
                "name": "Marzban Irani",
                "qualification": "",
                "total_exp": "24 Years"
            },
            {
                "managing_fund_since": "",
                "name": "Pratik Shroff",
                "qualification": "",
                "total_exp": "17 Years"
            }
        ],
        "load": {
            "entry_load": "",
            "exit_load": "0.25 if exit within 30 days from date of allotment of units"
        },
        "main_scheme_name": "LIC MF GILT FUND",
        "metrics": {
            "alpha": null,
            "arithmetic_mean_ratio": null,
            "average_div_yld": null,
            "average_pb": null,
            "average_pe": null,
            "avg_maturity": null,
            "beta": null,
            "correlation_ratio": null,
            "downside_deviation": null,
            "information_ratio": null,
            "macaulay": null,
            "mod_duration": null,
            "port_turnover_ratio": null,
            "r_squared_ratio": null,
            "roe_ratio": null,
            "sharpe": null,
            "sortino_ratio": null,
            "std_dev": null,
            "tracking_error": null,
            "treynor_ratio": null,
            "upside_deviation": null,
            "ytm": null
        },
        "min_addl_amt": "",
        "min_addl_amt_multiple": "",
        "min_amt": "\u20b9 10,000",
        "min_amt_multiple": "\u20b9 1",
        "monthly_aaum_date": "31-03-2025",
        "monthly_aaum_value": "\u20b9 103.07",
        "mutual_fund_name": "LIC Mutual Fund",
        "page_number": [
            43
        ],
        "scheme_launch_date": "December 10, 1999 "
    },
    "LIC MF CHILDRENS FUND": {
        "amc_name": "LIC Mutual Fund Asset Management Limited",
        "benchmark_index": "Crisil Hybrid 35 + 65 - Aggressive Index ",
        "fund_manager": [
            {
                "managing_fund_since": "",
                "name": "Nikhil Rungta",
                "qualification": "",
                "total_exp": "16 Years"
            },
            {
                "managing_fund_since": "",
                "name": "Pratik Shroff",
                "qualification": "",
                "total_exp": "17 Years"
            }
        ],
        "load": {
            "entry_load": "",
            "exit_load": "Nil Lock-in Period- Lock-in-period for at least 5 years or till the child attains age of majority whichever is earlier."
        },
        "main_scheme_name": "LIC MF CHILDRENS FUND",
        "metrics": {
            "alpha": null,
            "arithmetic_mean_ratio": null,
            "average_div_yld": null,
            "average_pb": null,
            "average_pe": null,
            "avg_maturity": null,
            "beta": null,
            "correlation_ratio": null,
            "downside_deviation": null,
            "information_ratio": null,
            "macaulay": null,
            "mod_duration": null,
            "port_turnover_ratio": null,
            "r_squared_ratio": null,
            "roe_ratio": null,
            "sharpe": null,
            "sortino_ratio": null,
            "std_dev": null,
            "tracking_error": null,
            "treynor_ratio": null,
            "upside_deviation": null,
            "ytm": null
        },
        "min_addl_amt": "",
        "min_addl_amt_multiple": "",
        "min_amt": "\u20b9 5000",
        "min_amt_multiple": "\u20b9 1",
        "monthly_aaum_date": "31-03-2025",
        "monthly_aaum_value": "\u20b9 15.30",
        "mutual_fund_name": "LIC Mutual Fund",
        "page_number": [
            44
        ],
        "scheme_launch_date": "November 12, 2001 "
    },
    "LIC MF BSE SENSEX ETF": {
        "amc_name": "LIC Mutual Fund Asset Management Limited",
        "benchmark_index": "BSE Sensex TRI Minimum Investment (lumpsum): For Subscription of units directly with Mutual Fund: All direct transactions in units of the Scheme by Market Makers (MM) /Authorised Participants (AP) or other eligible investors with the AMC/the Fund shall be at intra-day NAV based on the actual execution price of the underlying portfolio. Any order placed for redemption or subscription directly with the AMC must be of greater than INR 25 Cr. The aforesaid threshold shall not be applicable for APs/MMs and shall be periodically reviewed. Each creation unit consists of 2,000 units of LIC MF  BSE Sensex ETF. The Fund may from time to time change the size of the Creation Unit in order to equate it with marketable lots of the underlying instruments. For Purchase / Sale of units through Stock Exchange: As the Units of the Schemes are listed on NSE & BSE, an Investor can buy Units on continuous basis on the capital market segment of NSE during trading hours like any other publicly traded stock at prices which may be close to the actual NAV of the Scheme. There is no minimum investment, although Units are Purchased in round lots of 1 (one) Unit. ",
        "fund_manager": [
            {
                "managing_fund_since": "",
                "name": "Sumit Bhatnagar",
                "qualification": "",
                "total_exp": "24Years"
            }
        ],
        "load": {
            "entry_load": "",
            "exit_load": "Nil Liquidity The Units of the scheme are listed on National Stock Exchange(NSE)  Bombay Stock Exchange Ltd.(BSE). NSE Disclaimer It is to be distinctly understood that the permission given by NSE Limited should not in any way be deemed or construed that the Scheme Information Document has been cleared or approved by NSE nor does it certify the correctness or completeness of any of the contents of the Scheme Information Document. The investors are advised to refer to the Scheme Information Document for the full text of the Disclaimer Clause of NSE . BSE Disclaimer It is to be distinctly understood that the permission given by BSE Limited should not in any way be deemed or construed that the SID has been cleared or approved by BSE Limited nor does it certify the correctness or completeness of any of the contents of the SID. The investors are advised to refer to the SID for the full text of the Disclaimer Clause of the BSE Limited."
        },
        "main_scheme_name": "LIC MF BSE SENSEX ETF",
        "metrics": {
            "alpha": null,
            "arithmetic_mean_ratio": null,
            "average_div_yld": null,
            "average_pb": null,
            "average_pe": null,
            "avg_maturity": null,
            "beta": null,
            "correlation_ratio": null,
            "downside_deviation": null,
            "information_ratio": null,
            "macaulay": null,
            "mod_duration": null,
            "port_turnover_ratio": null,
            "r_squared_ratio": null,
            "roe_ratio": null,
            "sharpe": null,
            "sortino_ratio": null,
            "std_dev": null,
            "tracking_error": "0.07",
            "treynor_ratio": null,
            "upside_deviation": null,
            "ytm": null
        },
        "min_addl_amt": "",
        "min_addl_amt_multiple": "",
        "min_amt": "",
        "min_amt_multiple": "",
        "monthly_aaum_date": "31-03-2025",
        "monthly_aaum_value": "\u20b9 769.46",
        "mutual_fund_name": "LIC Mutual Fund",
        "page_number": [
            45
        ],
        "scheme_launch_date": "November 30, 2015 "
    },
    "LIC MF NIFTY 50 ETF": {
        "amc_name": "LIC Mutual Fund Asset Management Limited",
        "benchmark_index": "Nifty 50 TRI Minimum Investment (lumpsum): For Subscription of units directly with Mutual Fund: All direct transactions in units of the Scheme by Market Makers (MM) /Authorised Participants (AP) or other eligible investors with the AMC/the Fund shall be at intra-day NAV based on the actual execution price of the underlying portfolio. Any order placed for redemption or subscription directly with the AMC must be of greater than INR 25 Cr. The aforesaid threshold shall not be applicable for APs/MMs and shall be periodically reviewed. Each creation unit consists of 50,000 units of LIC MF Nifty 50 ETF. The Fund may from time to time change the size of the Creation Unit in order to equate it with marketable lots of the underlying instruments. For Purchase / Sale of units through Stock Exchange: As the Units of the Schemes are listed on NSE & BSE, an Investor can buy Units on continuous basis on the capital market segment of NSE during trading hours like any other publicly traded stock at prices which may be close to the actual NAV of the Scheme. There is no minimum investment, although Units are Purchased in round lots of 1 (one) Unit. ",
        "fund_manager": [
            {
                "managing_fund_since": "",
                "name": "Sumit Bhatnagar",
                "qualification": "",
                "total_exp": "24Years"
            }
        ],
        "load": {
            "entry_load": "",
            "exit_load": "Nil Liquidity The Units of the scheme are listed on National Stock Exchange(NSE)  Bombay Stock Exchange Ltd.(BSE). NSE Disclaimer It is to be distinctly understood that the permission given by NSE Limited should not in any way be deemed or construed that the Scheme Information Document has been cleared or approved by NSE nor does it certify the correctness or completeness of any of the contents of the Scheme Information Document. The investors are advised to refer to the Scheme Information Document for the full text of the Disclaimer Clause of NSE . BSE Disclaimer It is to be distinctly understood that the permission given by BSE Limited should not in any way be deemed or construed that the SID has been cleared or approved by BSE Limited nor does it certify the correctness or completeness of any of the contents of the SID. The investors are advised to refer to the SID for the full text of the Disclaimer Clause of the BSE Limited."
        },
        "main_scheme_name": "LIC MF NIFTY 50 ETF",
        "metrics": {
            "alpha": null,
            "arithmetic_mean_ratio": null,
            "average_div_yld": null,
            "average_pb": null,
            "average_pe": null,
            "avg_maturity": null,
            "beta": null,
            "correlation_ratio": null,
            "downside_deviation": null,
            "information_ratio": null,
            "macaulay": null,
            "mod_duration": null,
            "port_turnover_ratio": null,
            "r_squared_ratio": null,
            "roe_ratio": null,
            "sharpe": null,
            "sortino_ratio": null,
            "std_dev": null,
            "tracking_error": "0.06",
            "treynor_ratio": null,
            "upside_deviation": null,
            "ytm": null
        },
        "min_addl_amt": "",
        "min_addl_amt_multiple": "",
        "min_amt": "",
        "min_amt_multiple": "",
        "monthly_aaum_date": "31-03-2025",
        "monthly_aaum_value": "\u20b9 799.42",
        "mutual_fund_name": "LIC Mutual Fund",
        "page_number": [
            46
        ],
        "scheme_launch_date": "November 20, 2015 "
    },
    "LIC MF NIFTY 100 ETF": {
        "amc_name": "LIC Mutual Fund Asset Management Limited",
        "benchmark_index": "Nifty 100 TRI Minimum Investment (lumpsum): For Subscription of units directly with Mutual Fund: All direct transactions in units of the Scheme by Market Makers (MM) /Authorised Participants (AP) or other eligible investors with the AMC/the Fund shall be at intra-day NAV based on the actual execution price of the underlying portfolio. Any order placed for redemption or subscription directly with the AMC must be of greater than INR 25 Cr. The aforesaid threshold shall not be applicable for APs/MMs and shall be periodically reviewed. Each creation unit consists of 2,00,000 units of LIC MF Nifty  100 ETF. The Fund may from time to time change the size of the Creation Unit in order to equate it with marketable lots of the underlying instruments. For Purchase / Sale of units through Stock Exchange: As the Units of the Schemes are listed on NSE & BSE, an Investor can buy Units on continuous basis on the capital market segment of NSE during trading hours like any other publicly traded stock at prices which may be close to the actual NAV of the Scheme. There is no minimum investment, although Units are Purchased in round lots of 1 (one) Unit. ",
        "fund_manager": [
            {
                "managing_fund_since": "",
                "name": "Sumit Bhatnagar",
                "qualification": "",
                "total_exp": "24Years"
            }
        ],
        "load": {
            "entry_load": "",
            "exit_load": "Nil Liquidity The Units of the scheme are listed on National Stock Exchange(NSE)  Bombay Stock Exchange Ltd.(BSE). NSE Disclaimer It is to be distinctly understood that the permission given by NSE Limited should not in any way be deemed or construed that the Scheme Information Document has been cleared or approved by NSE nor does it certify the correctness or completeness of any of the contents of the Scheme Information Document. The investors are advised to refer to the Scheme Information Document for the full text of the Disclaimer Clause of NSE . BSE Disclaimer It is to be distinctly understood that the permission given by BSE Limited should not in any way be deemed or construed that the SID has been cleared or approved by BSE Limited nor does it certify the correctness or completeness of any of the contents of the SID. The investors are advised to refer to the SID for the full text of the Disclaimer Clause of the BSE Limited."
        },
        "main_scheme_name": "LIC MF NIFTY 100 ETF",
        "metrics": {
            "alpha": null,
            "arithmetic_mean_ratio": null,
            "average_div_yld": null,
            "average_pb": null,
            "average_pe": null,
            "avg_maturity": null,
            "beta": null,
            "correlation_ratio": null,
            "downside_deviation": null,
            "information_ratio": null,
            "macaulay": null,
            "mod_duration": null,
            "port_turnover_ratio": null,
            "r_squared_ratio": null,
            "roe_ratio": null,
            "sharpe": null,
            "sortino_ratio": null,
            "std_dev": null,
            "tracking_error": "0.07",
            "treynor_ratio": null,
            "upside_deviation": null,
            "ytm": null
        },
        "min_addl_amt": "",
        "min_addl_amt_multiple": "",
        "min_amt": "",
        "min_amt_multiple": "",
        "monthly_aaum_date": "31-03-2025",
        "monthly_aaum_value": "\u20b9 677.91",
        "mutual_fund_name": "LIC Mutual Fund",
        "page_number": [
            47
        ],
        "scheme_launch_date": "March 17, 2016 "
    },
    "LIC MF NIFTY MIDCAP 100 ETF": {
        "amc_name": "LIC Mutual Fund Asset Management Limited",
        "benchmark_index": "Nifty Midcap 100 - TRI Minimum Investment (lumpsum): For Subscription of units directly with Mutual Fund: All direct transactions in units of the Scheme by Market Makers/ Authorised Participants or other eligible investors with the AMC/the Fund shall be at intra- day NAV based on the actual execution price of the underlying portfolio. Any order placed for redemption or subscription directly with the AMC must be of greater than INR 25 Cr. The aforesaid threshold shall not be applicable for APs/MMs and shall be periodically reviewed. Each creation unit consists of 2,00,000 units of LIC MF Nifty Midcap 100 ETF. The Fund may from time to time change the size of the Creation Unit in order to equate it with marketable lots of the underlying instruments. For Purchase / Sale of units through Stock Exchange: As the Units of the Schemes are listed on NSE & BSE, an Investor can buy Units on continuous basis on the capital market segment of NSE during trading hours like any other publicly traded stock at prices which may be close to the actual NAV of the Scheme. There is no minimum investment, although Units are Purchased in round lots of 1 (one) Unit. ",
        "fund_manager": [
            {
                "managing_fund_since": "",
                "name": "Sumit Bhatnagar",
                "qualification": "",
                "total_exp": "24 Years"
            }
        ],
        "load": {
            "entry_load": "",
            "exit_load": "- Nil Liquidity The Units of the scheme are listed on National Stock Exchange(NSE)  Bombay Stock Exchange Ltd.(BSE). NSE Disclaimer It is to be distinctly understood that the permission given by NSE Limited should not in any way be deemed or construed that the Scheme Information Document has been cleared or approved by NSE nor does it certify the correctness or completeness of any of the contents of the Scheme Information Document. The investors are advised to refer to the Scheme Information Document for the full text of the Disclaimer Clause of NSE . BSE Disclaimer It is to be distinctly understood that the permission given by BSE Limited should not in any way be deemed or construed that the SID has been cleared or approved by BSE Limited nor does it certify the correctness or completeness of any of the contents of the SID. The investors are advised to refer to the SID for the full text of the Disclaimer Clause of  the BSE Limited."
        },
        "main_scheme_name": "LIC MF NIFTY MIDCAP 100 ETF",
        "metrics": {
            "alpha": null,
            "arithmetic_mean_ratio": null,
            "average_div_yld": null,
            "average_pb": null,
            "average_pe": null,
            "avg_maturity": null,
            "beta": null,
            "correlation_ratio": null,
            "downside_deviation": null,
            "information_ratio": null,
            "macaulay": null,
            "mod_duration": null,
            "port_turnover_ratio": null,
            "r_squared_ratio": null,
            "roe_ratio": null,
            "sharpe": null,
            "sortino_ratio": null,
            "std_dev": null,
            "tracking_error": "0.24",
            "treynor_ratio": null,
            "upside_deviation": null,
            "ytm": null
        },
        "min_addl_amt": "",
        "min_addl_amt_multiple": "",
        "min_amt": "",
        "min_amt_multiple": "",
        "monthly_aaum_date": "31-03-2025",
        "monthly_aaum_value": "\u20b9 634.11",
        "mutual_fund_name": "LIC Mutual Fund",
        "page_number": [
            48
        ],
        "scheme_launch_date": "February 14, 2024 "
    },
    "LIC MF NIFTY 8-13 YR G-SEC ETF": {
        "amc_name": "LIC Mutual Fund Asset Management Limited",
        "benchmark_index": "Nifty 8-13 yr G-Sec Index Minimum Investment (lumpsum): For Subscription of units directly with Mutual Fund: All direct transactions in units of the Scheme by Market Makers (MM) /Authorised Participants (AP)or other eligible investors with the AMC/the Fund shall be at intra-day NAV based on the actual execution price of the underlying portfolio. Any order placed for redemption or subscription directly with the AMC must be of greater than INR 25 Cr. The aforesaid threshold shall not be applicable for APs/MMs and shall be periodically reviewed. Each creation unit consists of 1,00,000 units of LIC MF Nifty 8-13 yr G-sec ETF. The Fund may from time to time change the size of the Creation Unit in order to equate it with marketable lots of the underlying instruments. For Purchase / Sale of units through Stock Exchange: As the Units of the Schemes are listed on NSE, an Investor can buy Units on continuous basis on the capital market segment of NSE during trading hours like any other publicly traded stock at prices which may be close to the actual NAV of the Scheme. There is no minimum investment, although Units are Purchased in round lots of 1 (one) Unit. ",
        "fund_manager": [
            {
                "managing_fund_since": "",
                "name": "Marzban Irani",
                "qualification": "",
                "total_exp": "24Years"
            },
            {
                "managing_fund_since": "",
                "name": "Pratik Shroff",
                "qualification": "",
                "total_exp": "17 Years"
            }
        ],
        "load": {
            "entry_load": "",
            "exit_load": "N il Liquidity The Units of the scheme are listed on National Stock Exchange(NSE). NSE Disclaimer It is to be distinctly understood that the permission given by NSE Limited should not in any way be deemed or construed that the Scheme Information Document has been cleared or approved by NSE nor does it certify the correctness or completeness of any of the contents of the Scheme Information Document. The investors are advised to refer to the Scheme Information Document for the full text of the Disclaimer Clause of NSE ."
        },
        "main_scheme_name": "LIC MF NIFTY 8-13 YR G-SEC ETF",
        "metrics": {
            "alpha": null,
            "arithmetic_mean_ratio": null,
            "average_div_yld": null,
            "average_pb": null,
            "average_pe": null,
            "avg_maturity": "8.84 years",
            "beta": null,
            "correlation_ratio": null,
            "downside_deviation": null,
            "information_ratio": null,
            "macaulay": "6.78 years",
            "mod_duration": "6.56 years",
            "port_turnover_ratio": null,
            "r_squared_ratio": null,
            "roe_ratio": null,
            "sharpe": null,
            "sortino_ratio": null,
            "std_dev": null,
            "tracking_error": "0.11",
            "treynor_ratio": null,
            "upside_deviation": null,
            "ytm": "6.86"
        },
        "min_addl_amt": "",
        "min_addl_amt_multiple": "",
        "min_amt": "",
        "min_amt_multiple": "",
        "monthly_aaum_date": "31-03-2025",
        "monthly_aaum_value": "\u20b9 2,444.05",
        "mutual_fund_name": "LIC Mutual Fund",
        "page_number": [
            49
        ],
        "scheme_launch_date": "December 24, 2014 "
    },
    "LIC MF BSE SENSEX INDEX FUND": {
        "amc_name": "LIC Mutual Fund Asset Management Limited",
        "benchmark_index": "BSE Sensex TRI ",
        "fund_manager": [
            {
                "managing_fund_since": "",
                "name": "Sumit Bhatnagar",
                "qualification": "",
                "total_exp": "24Years"
            }
        ],
        "load": {
            "entry_load": "",
            "exit_load": "0.25 if redeemed or switch out on or before completion of 7 Days from the date of allotment of units  Nil after 7 days"
        },
        "main_scheme_name": "LIC MF BSE SENSEX INDEX FUND",
        "metrics": {
            "alpha": null,
            "arithmetic_mean_ratio": null,
            "average_div_yld": null,
            "average_pb": null,
            "average_pe": null,
            "avg_maturity": null,
            "beta": null,
            "correlation_ratio": null,
            "downside_deviation": null,
            "information_ratio": null,
            "macaulay": null,
            "mod_duration": null,
            "port_turnover_ratio": null,
            "r_squared_ratio": null,
            "roe_ratio": null,
            "sharpe": null,
            "sortino_ratio": null,
            "std_dev": null,
            "tracking_error": "0.11",
            "treynor_ratio": null,
            "upside_deviation": null,
            "ytm": null
        },
        "min_addl_amt": "",
        "min_addl_amt_multiple": "",
        "min_amt": "\u20b9 5000",
        "min_amt_multiple": "\u20b9 1",
        "monthly_aaum_date": "31-03-2025",
        "monthly_aaum_value": "\u20b9 81.28",
        "mutual_fund_name": "LIC Mutual Fund",
        "page_number": [
            50
        ],
        "scheme_launch_date": "December 05, 2002 "
    },
    "LIC MF NIFTY 50 INDEX FUND": {
        "amc_name": "LIC Mutual Fund Asset Management Limited",
        "benchmark_index": "Nifty 50 TRI ",
        "fund_manager": [
            {
                "managing_fund_since": "",
                "name": "Sumit Bhatnagar",
                "qualification": "",
                "total_exp": "24Years"
            }
        ],
        "load": {
            "entry_load": "",
            "exit_load": "0.25 if redeemed or switch out on or before completion of 7 Days from the date of allotment of units  Nil after 7 days"
        },
        "main_scheme_name": "LIC MF NIFTY 50 INDEX FUND",
        "metrics": {
            "alpha": null,
            "arithmetic_mean_ratio": null,
            "average_div_yld": null,
            "average_pb": null,
            "average_pe": null,
            "avg_maturity": null,
            "beta": null,
            "correlation_ratio": null,
            "downside_deviation": null,
            "information_ratio": null,
            "macaulay": null,
            "mod_duration": null,
            "port_turnover_ratio": null,
            "r_squared_ratio": null,
            "roe_ratio": null,
            "sharpe": null,
            "sortino_ratio": null,
            "std_dev": null,
            "tracking_error": "0.10",
            "treynor_ratio": null,
            "upside_deviation": null,
            "ytm": null
        },
        "min_addl_amt": "",
        "min_addl_amt_multiple": "",
        "min_amt": "\u20b9 5000",
        "min_amt_multiple": "\u20b9 1",
        "monthly_aaum_date": "31-03-2025",
        "monthly_aaum_value": "\u20b9 307.72",
        "mutual_fund_name": "LIC Mutual Fund",
        "page_number": [
            51
        ],
        "scheme_launch_date": "December 05, 2002 "
    },
    "LIC MF NIFTY NEXT 50 INDEX FUND": {
        "amc_name": "LIC Mutual Fund Asset Management Limited",
        "benchmark_index": "Nifty Next 50 - TRI ",
        "fund_manager": [
            {
                "managing_fund_since": "",
                "name": "Sumit Bhatnagar",
                "qualification": "",
                "total_exp": "24 Years"
            }
        ],
        "load": {
            "entry_load": "",
            "exit_load": "- Nil"
        },
        "main_scheme_name": "LIC MF NIFTY NEXT 50 INDEX FUND",
        "metrics": {
            "alpha": null,
            "arithmetic_mean_ratio": null,
            "average_div_yld": null,
            "average_pb": null,
            "average_pe": null,
            "avg_maturity": null,
            "beta": null,
            "correlation_ratio": null,
            "downside_deviation": null,
            "information_ratio": null,
            "macaulay": null,
            "mod_duration": null,
            "port_turnover_ratio": null,
            "r_squared_ratio": null,
            "roe_ratio": null,
            "sharpe": null,
            "sortino_ratio": null,
            "std_dev": null,
            "tracking_error": "0.18",
            "treynor_ratio": null,
            "upside_deviation": null,
            "ytm": null
        },
        "min_addl_amt": "",
        "min_addl_amt_multiple": "",
        "min_amt": "\u20b9 5000",
        "min_amt_multiple": "\u20b9 1",
        "monthly_aaum_date": "31-03-2025",
        "monthly_aaum_value": "\u20b9 86.84",
        "mutual_fund_name": "LIC Mutual Fund",
        "page_number": [
            52
        ],
        "scheme_launch_date": "September 20, 2010 "
    },
    "LIC MF GOLD EXCHANGE TRADED FUND": {
        "amc_name": "LIC Mutual Fund Asset Management Limited",
        "benchmark_index": "Domestic Price of Gold ",
        "fund_manager": [
            {
                "managing_fund_since": "",
                "name": "Sumit Bhatnagar",
                "qualification": "",
                "total_exp": "24 Years"
            }
        ],
        "load": {
            "entry_load": "",
            "exit_load": "- Nil Liquidity The Units of the scheme are listed on National Stock Exchange(NSE)  Bombay Stock Exchange Ltd.(BSE). NSE Disclaimer It is to be distinctly understood that the permission given by NSE Limited should not in any way be deemed or construed that the Scheme Information Document has been cleared or approved by NSE nor does it certify the correctness or completeness of any of the contents of the Scheme Information Document. The investors are advised to refer to the Scheme Information Document for the full text of the Disclaimer Clause of NSE . BSE Disclaimer It is to be distinctly understood that the permission given by BSE Limited should not in any way be deemed or construed that the SID has been cleared or approved by BSE Limited nor does it certify the correctness or completeness of any of the contents of the SID. The investors are advised to refer to the SID for the full text of the Disclaimer Clause of  the BSE Limited."
        },
        "main_scheme_name": "LIC MF GOLD EXCHANGE TRADED FUND",
        "metrics": {
            "alpha": null,
            "arithmetic_mean_ratio": null,
            "average_div_yld": null,
            "average_pb": null,
            "average_pe": null,
            "avg_maturity": null,
            "beta": null,
            "correlation_ratio": null,
            "downside_deviation": null,
            "information_ratio": null,
            "macaulay": null,
            "mod_duration": null,
            "port_turnover_ratio": null,
            "r_squared_ratio": null,
            "roe_ratio": null,
            "sharpe": null,
            "sortino_ratio": null,
            "std_dev": null,
            "tracking_error": "0.13",
            "treynor_ratio": null,
            "upside_deviation": null,
            "ytm": null
        },
        "min_addl_amt": "",
        "min_addl_amt_multiple": "",
        "min_amt": "\u20b9 1000",
        "min_amt_multiple": "\u20b9 1000",
        "monthly_aaum_date": "31-03-2025",
        "monthly_aaum_value": "\u20b9 226.77",
        "mutual_fund_name": "LIC Mutual Fund",
        "page_number": [
            53
        ],
        "scheme_launch_date": "November 09, 2011 "
    },
    "LIC MF GOLD ETF FUND OF FUND": {
        "amc_name": "LIC Mutual Fund Asset Management Limited",
        "benchmark_index": "Domestic Price of Gold ",
        "fund_manager": [
            {
                "managing_fund_since": "",
                "name": "Sumit Bhatnagar",
                "qualification": "",
                "total_exp": "24 Years"
            }
        ],
        "load": {
            "entry_load": "",
            "exit_load": "1 for exit (redemption  switchout  transfer SWP) within 15 days from the date of allotment.  Nil, if units of scheme are redeemed or switched out after 15 days from the date of allotment."
        },
        "main_scheme_name": "LIC MF GOLD ETF FUND OF FUND",
        "metrics": {
            "alpha": null,
            "arithmetic_mean_ratio": null,
            "average_div_yld": null,
            "average_pb": null,
            "average_pe": null,
            "avg_maturity": null,
            "beta": null,
            "correlation_ratio": null,
            "downside_deviation": null,
            "information_ratio": null,
            "macaulay": null,
            "mod_duration": null,
            "port_turnover_ratio": null,
            "r_squared_ratio": null,
            "roe_ratio": null,
            "sharpe": null,
            "sortino_ratio": null,
            "std_dev": null,
            "tracking_error": null,
            "treynor_ratio": null,
            "upside_deviation": null,
            "ytm": null
        },
        "min_addl_amt": "",
        "min_addl_amt_multiple": "",
        "min_amt": "\u20b9 5000",
        "min_amt_multiple": "\u20b9 1",
        "monthly_aaum_date": "31-03-2025",
        "monthly_aaum_value": "\u20b9 88.89",
        "mutual_fund_name": "LIC Mutual Fund",
        "page_number": [
            54
        ],
        "scheme_launch_date": "August 14, 2012 "
    }
}