{
    "Axis Nifty 100 Index Fund": {
        "amc_name": "Axis Asset Management Company Limited",
        "benchmark_index": "NIFTY 100 TRI",
        "fund_manager": [
            {
                "managing_fund_since": "3Rd August 2023",
                "name": "Karthik Kumar",
                "qualification": "",
                "total_exp": "15 Years"
            }
        ],
        "load": {
            "entry_load": "NA",
            "exit_load": "Nil"
        },
        "main_scheme_name": "Axis Nifty 100 Index Fund",
        "metrics": {
            "alpha": null,
            "arithmetic_mean_ratio": null,
            "average_div_yld": "1.37",
            "average_pb": null,
            "average_pe": null,
            "avg_maturity": null,
            "beta": null,
            "correlation_ratio": null,
            "downside_deviation": null,
            "information_ratio": null,
            "macaulay": null,
            "mod_duration": null,
            "pb_multiple": "3.48",
            "pe_multiple": "21.48",
            "port_turnover_ratio": null,
            "r_squared_ratio": null,
            "roe_ratio": null,
            "sharpe": null,
            "sortino_ratio": null,
            "std_dev": null,
            "tracking_error": "0.10",
            "treynor_ratio": null,
            "upside_deviation": null,
            "ytm": null
        },
        "min_addl_amt": null,
        "min_addl_amt_multiple": null,
        "min_amt": "\u20b9 100",
        "min_amt_multiple": "\u20b9 1",
        "monthly_aaum_date": "31-03-2025",
        "monthly_aaum_value": "\u20b9 1655.25 cr.",
        "mutual_fund_name": "Axis Mutual Fund",
        "page_number": [
            6
        ],
        "scheme_launch_date": "18Oct2019"
    },
    "Axis Nifty 50 Index Fund": {
        "amc_name": "Axis Asset Management Company Limited",
        "benchmark_index": "Nifty 50 TRI",
        "fund_manager": [
            {
                "managing_fund_since": "3Rd August 2023",
                "name": "Karthik Kumar",
                "qualification": "",
                "total_exp": "15 Years"
            }
        ],
        "load": {
            "entry_load": "NA",
            "exit_load": "Nil"
        },
        "main_scheme_name": "Axis Nifty 50 Index Fund",
        "metrics": {
            "alpha": null,
            "arithmetic_mean_ratio": null,
            "average_div_yld": "1.39",
            "average_pb": null,
            "average_pe": null,
            "avg_maturity": null,
            "beta": null,
            "correlation_ratio": null,
            "downside_deviation": null,
            "information_ratio": null,
            "macaulay": null,
            "mod_duration": null,
            "pb_multiple": "3.48",
            "pe_multiple": "21.22",
            "port_turnover_ratio": null,
            "r_squared_ratio": null,
            "roe_ratio": null,
            "sharpe": null,
            "sortino_ratio": null,
            "std_dev": null,
            "tracking_error": "0.10",
            "treynor_ratio": null,
            "upside_deviation": null,
            "ytm": null
        },
        "min_addl_amt": null,
        "min_addl_amt_multiple": null,
        "min_amt": "\u20b9 100",
        "min_amt_multiple": "\u20b9 1",
        "monthly_aaum_date": "31-03-2025",
        "monthly_aaum_value": "\u20b9 603.24 cr.",
        "mutual_fund_name": "Axis Mutual Fund",
        "page_number": [
            7
        ],
        "scheme_launch_date": "03Dec2021"
    },
    "Axis BSE Sensex Index Fund": {
        "amc_name": "Axis Asset Management Company Limited",
        "benchmark_index": "BSE Sensex TRI",
        "fund_manager": [
            {
                "managing_fund_since": "27Th February 2024",
                "name": "Karthik Kumar",
                "qualification": "",
                "total_exp": "15 Years"
            }
        ],
        "load": {
            "entry_load": "NA",
            "exit_load": "If redeemed before 7 Day Exit Load is 0.25"
        },
        "main_scheme_name": "Axis BSE Sensex Index Fund",
        "metrics": {
            "alpha": null,
            "arithmetic_mean_ratio": null,
            "average_div_yld": "1.2",
            "average_pb": null,
            "average_pe": null,
            "avg_maturity": null,
            "beta": null,
            "correlation_ratio": null,
            "downside_deviation": null,
            "information_ratio": null,
            "macaulay": null,
            "mod_duration": null,
            "pb_multiple": "3.91",
            "pe_multiple": "21.14",
            "port_turnover_ratio": null,
            "r_squared_ratio": null,
            "roe_ratio": null,
            "sharpe": null,
            "sortino_ratio": null,
            "std_dev": null,
            "tracking_error": "0.11",
            "treynor_ratio": null,
            "upside_deviation": null,
            "ytm": null
        },
        "min_addl_amt": null,
        "min_addl_amt_multiple": null,
        "min_amt": "\u20b9 500",
        "min_amt_multiple": "\u20b9 1",
        "monthly_aaum_date": "31-03-2025",
        "monthly_aaum_value": "\u20b9 45.23 cr.",
        "mutual_fund_name": "Axis Mutual Fund",
        "page_number": [
            8
        ],
        "scheme_launch_date": "27Feb2024"
    },
    "Axis Nifty Next 50 Index Fund": {
        "amc_name": "Axis Asset Management Company Limited",
        "benchmark_index": "Nifty Next 50 Index TRI",
        "fund_manager": [
            {
                "managing_fund_since": "3Rd August 2023",
                "name": "Karthik Kumar",
                "qualification": "",
                "total_exp": "15 Years"
            }
        ],
        "load": {
            "entry_load": "NA",
            "exit_load": "Nil"
        },
        "main_scheme_name": "Axis Nifty Next 50 Index Fund",
        "metrics": {
            "alpha": null,
            "arithmetic_mean_ratio": null,
            "average_div_yld": "1.26",
            "average_pb": null,
            "average_pe": null,
            "avg_maturity": null,
            "beta": null,
            "correlation_ratio": null,
            "downside_deviation": null,
            "information_ratio": null,
            "macaulay": null,
            "mod_duration": null,
            "pb_multiple": "3.48",
            "pe_multiple": "22.75",
            "port_turnover_ratio": null,
            "r_squared_ratio": null,
            "roe_ratio": null,
            "sharpe": null,
            "sortino_ratio": null,
            "std_dev": null,
            "tracking_error": "0.26",
            "treynor_ratio": null,
            "upside_deviation": null,
            "ytm": null
        },
        "min_addl_amt": null,
        "min_addl_amt_multiple": null,
        "min_amt": "\u20b9 100",
        "min_amt_multiple": "\u20b9 1",
        "monthly_aaum_date": "31-03-2025",
        "monthly_aaum_value": "\u20b9 286.17 cr.",
        "mutual_fund_name": "Axis Mutual Fund",
        "page_number": [
            9
        ],
        "scheme_launch_date": "28Jan2022"
    },
    "Axis Nifty Smallcap 50 Index Fund": {
        "amc_name": "Axis Asset Management Company Limited",
        "benchmark_index": "Nifty Smallcap 50 Index TRI",
        "fund_manager": [
            {
                "managing_fund_since": "3Rd August 2023",
                "name": "Karthik Kumar",
                "qualification": "",
                "total_exp": "15 Years"
            }
        ],
        "load": {
            "entry_load": "NA",
            "exit_load": "Nil"
        },
        "main_scheme_name": "Axis Nifty Smallcap 50 Index Fund",
        "metrics": {
            "alpha": null,
            "arithmetic_mean_ratio": null,
            "average_div_yld": "0.95",
            "average_pb": null,
            "average_pe": null,
            "avg_maturity": null,
            "beta": null,
            "correlation_ratio": null,
            "downside_deviation": null,
            "information_ratio": null,
            "macaulay": null,
            "mod_duration": null,
            "pb_multiple": "3.34",
            "pe_multiple": "25.51",
            "port_turnover_ratio": null,
            "r_squared_ratio": null,
            "roe_ratio": null,
            "sharpe": null,
            "sortino_ratio": null,
            "std_dev": null,
            "tracking_error": "0.36",
            "treynor_ratio": null,
            "upside_deviation": null,
            "ytm": null
        },
        "min_addl_amt": null,
        "min_addl_amt_multiple": null,
        "min_amt": "\u20b9 100",
        "min_amt_multiple": "\u20b9 1",
        "monthly_aaum_date": "31-03-2025",
        "monthly_aaum_value": "\u20b9 431.31 cr.",
        "mutual_fund_name": "Axis Mutual Fund",
        "page_number": [
            10
        ],
        "scheme_launch_date": "10Mar2022"
    },
    "Axis Nifty Midcap 50 Index Fund": {
        "amc_name": "Axis Asset Management Company Limited",
        "benchmark_index": "Nifty Midcap 50 Index TRI",
        "fund_manager": [
            {
                "managing_fund_since": "3Rd August 2023",
                "name": "Karthik Kumar",
                "qualification": "",
                "total_exp": "15 Years"
            }
        ],
        "load": {
            "entry_load": "NA",
            "exit_load": "0.25 if redeemedswitched out within 7 days from the date of allotment Investment"
        },
        "main_scheme_name": "Axis Nifty Midcap 50 Index Fund",
        "metrics": {
            "alpha": null,
            "arithmetic_mean_ratio": null,
            "average_div_yld": "0.83",
            "average_pb": null,
            "average_pe": null,
            "avg_maturity": null,
            "beta": null,
            "correlation_ratio": null,
            "downside_deviation": null,
            "information_ratio": null,
            "macaulay": null,
            "mod_duration": null,
            "pb_multiple": "5.37",
            "pe_multiple": "40.85",
            "port_turnover_ratio": null,
            "r_squared_ratio": null,
            "roe_ratio": null,
            "sharpe": null,
            "sortino_ratio": null,
            "std_dev": null,
            "tracking_error": "0.17",
            "treynor_ratio": null,
            "upside_deviation": null,
            "ytm": null
        },
        "min_addl_amt": null,
        "min_addl_amt_multiple": null,
        "min_amt": "\u20b9 100",
        "min_amt_multiple": "\u20b9 1",
        "monthly_aaum_date": "31-03-2025",
        "monthly_aaum_value": "\u20b9 393.50 cr.",
        "mutual_fund_name": "Axis Mutual Fund",
        "page_number": [
            11
        ],
        "scheme_launch_date": "28Mar2022"
    },
    "Axis Nifty IT Index Fund": {
        "amc_name": "Axis Asset Management Company Limited",
        "benchmark_index": "NIFTY IT TRI",
        "fund_manager": [
            {
                "managing_fund_since": "5Th April 2024",
                "name": "Karthik Kumar",
                "qualification": "",
                "total_exp": "15 Years"
            }
        ],
        "load": {
            "entry_load": "NA",
            "exit_load": "If redeemed or switched out within 7 days from the date of allotment 0.25, If redeemed  switched out after 7 days from the date of allotment Nil"
        },
        "main_scheme_name": "Axis Nifty IT Index Fund",
        "metrics": {
            "alpha": null,
            "arithmetic_mean_ratio": null,
            "average_div_yld": "2.43",
            "average_pb": null,
            "average_pe": null,
            "avg_maturity": null,
            "beta": null,
            "correlation_ratio": null,
            "downside_deviation": null,
            "information_ratio": null,
            "macaulay": null,
            "mod_duration": null,
            "pb_multiple": "8.75",
            "pe_multiple": "32.07",
            "port_turnover_ratio": null,
            "r_squared_ratio": null,
            "roe_ratio": null,
            "sharpe": null,
            "sortino_ratio": null,
            "std_dev": null,
            "tracking_error": "0.11",
            "treynor_ratio": null,
            "upside_deviation": null,
            "ytm": null
        },
        "min_addl_amt": null,
        "min_addl_amt_multiple": null,
        "min_amt": "\u20b9 100",
        "min_amt_multiple": "\u20b9 1",
        "monthly_aaum_date": "31-03-2025",
        "monthly_aaum_value": "\u20b9 139.85 cr.",
        "mutual_fund_name": "Axis Mutual Fund",
        "page_number": [
            12
        ],
        "scheme_launch_date": "14Jul2023"
    },
    "Axis Nifty Bank Index Fund": {
        "amc_name": "Axis Asset Management Company Limited",
        "benchmark_index": "Nifty Bank TRI",
        "fund_manager": [
            {
                "managing_fund_since": "24Th May 2024",
                "name": "Karthik Kumar",
                "qualification": "",
                "total_exp": "15 Years"
            }
        ],
        "load": {
            "entry_load": "NA",
            "exit_load": "0.25 if redeemed switched out within 7 days from the date of allotment Investment"
        },
        "main_scheme_name": "Axis Nifty Bank Index Fund",
        "metrics": {
            "alpha": null,
            "arithmetic_mean_ratio": null,
            "average_div_yld": "1.01",
            "average_pb": null,
            "average_pe": null,
            "avg_maturity": null,
            "beta": null,
            "correlation_ratio": null,
            "downside_deviation": null,
            "information_ratio": null,
            "macaulay": null,
            "mod_duration": null,
            "pb_multiple": "2.17",
            "pe_multiple": "13.03",
            "port_turnover_ratio": null,
            "r_squared_ratio": null,
            "roe_ratio": null,
            "sharpe": null,
            "sortino_ratio": null,
            "std_dev": null,
            "tracking_error": null,
            "treynor_ratio": null,
            "upside_deviation": null,
            "ytm": null
        },
        "min_addl_amt": null,
        "min_addl_amt_multiple": null,
        "min_amt": "\u20b9 500",
        "min_amt_multiple": "\u20b9 1",
        "monthly_aaum_date": "31-03-2025",
        "monthly_aaum_value": "\u20b9 124.03 cr.",
        "mutual_fund_name": "Axis Mutual Fund",
        "page_number": [
            13
        ],
        "scheme_launch_date": "24May2024"
    },
    "Axis Nifty 500 Index Fund": {
        "amc_name": "Axis Asset Management Company Limited",
        "benchmark_index": "Nifty 500 TRI",
        "fund_manager": [
            {
                "managing_fund_since": "16Th July 2024",
                "name": "Karthik Kumar",
                "qualification": "",
                "total_exp": "15 Years"
            }
        ],
        "load": {
            "entry_load": "NA",
            "exit_load": "If redeemed switched out within 15 days from the date of allotment 0.25, if redeemed switched out after 15 days from the date of allotment Nil"
        },
        "main_scheme_name": "Axis Nifty 500 Index Fund",
        "metrics": {
            "alpha": null,
            "arithmetic_mean_ratio": null,
            "average_div_yld": "1.23",
            "average_pb": null,
            "average_pe": null,
            "avg_maturity": null,
            "beta": null,
            "correlation_ratio": null,
            "downside_deviation": null,
            "information_ratio": null,
            "macaulay": null,
            "mod_duration": null,
            "pb_multiple": "3.71",
            "pe_multiple": "23.93",
            "port_turnover_ratio": null,
            "r_squared_ratio": null,
            "roe_ratio": null,
            "sharpe": null,
            "sortino_ratio": null,
            "std_dev": null,
            "tracking_error": null,
            "treynor_ratio": null,
            "upside_deviation": null,
            "ytm": null
        },
        "min_addl_amt": null,
        "min_addl_amt_multiple": null,
        "min_amt": "\u20b9 100",
        "min_amt_multiple": "\u20b9 1",
        "monthly_aaum_date": "31-03-2025",
        "monthly_aaum_value": "\u20b9 212.74 cr.",
        "mutual_fund_name": "Axis Mutual Fund",
        "page_number": [
            14
        ],
        "scheme_launch_date": "12Jul2024"
    },
    "Axis Nifty500 Value 50 Index Fund": {
        "amc_name": "Axis Asset Management Company Limited",
        "benchmark_index": "NIFTY 500 Value 50 TRI",
        "fund_manager": [
            {
                "managing_fund_since": "24Th October 2024",
                "name": "Karthik Kumar",
                "qualification": "",
                "total_exp": "15 Years"
            }
        ],
        "load": {
            "entry_load": "NA",
            "exit_load": "If redeemed switched out within 15 days from the date of allotment 0.25, If redeemed switched out after 15 days from the date of allotment Nil"
        },
        "main_scheme_name": "Axis Nifty500 Value 50 Index Fund",
        "metrics": {
            "alpha": null,
            "arithmetic_mean_ratio": null,
            "average_div_yld": null,
            "average_pb": null,
            "average_pe": null,
            "avg_maturity": null,
            "beta": null,
            "correlation_ratio": null,
            "downside_deviation": null,
            "information_ratio": null,
            "macaulay": null,
            "mod_duration": null,
            "port_turnover_ratio": null,
            "r_squared_ratio": null,
            "roe_ratio": null,
            "sharpe": null,
            "sortino_ratio": null,
            "std_dev": null,
            "tracking_error": null,
            "treynor_ratio": null,
            "upside_deviation": null,
            "ytm": null
        },
        "min_addl_amt": null,
        "min_addl_amt_multiple": null,
        "min_amt": "\u20b9 100",
        "min_amt_multiple": "\u20b9 1",
        "monthly_aaum_date": "31-03-2025",
        "monthly_aaum_value": "\u20b9 72.87 cr.",
        "mutual_fund_name": "Axis Mutual Fund",
        "page_number": [
            15
        ],
        "scheme_launch_date": "24Oct2024"
    },
    "Axis Nifty500 Momentum 50 Index Fund": {
        "amc_name": "Axis Asset Management Company Limited",
        "benchmark_index": "Nifty500 Momentum 50 TRI",
        "fund_manager": [
            {
                "managing_fund_since": "13Th February 2025",
                "name": "Karthik Kumar",
                "qualification": "",
                "total_exp": "15 Years"
            },
            {
                "managing_fund_since": "13Th February 2025",
                "name": "Sachin Relekar",
                "qualification": "",
                "total_exp": "23 Years"
            }
        ],
        "load": {
            "entry_load": "NA",
            "exit_load": "If redeemed switched out within 15 days from the date of allotment 0.25, If redeemed switched out after 15 days from the date of allotment Nil"
        },
        "main_scheme_name": "Axis Nifty500 Momentum 50 Index Fund",
        "metrics": {
            "alpha": null,
            "arithmetic_mean_ratio": null,
            "average_div_yld": "0.58",
            "average_pb": null,
            "average_pe": null,
            "avg_maturity": null,
            "beta": null,
            "correlation_ratio": null,
            "downside_deviation": null,
            "information_ratio": null,
            "macaulay": null,
            "mod_duration": null,
            "pb_multiple": "8.03",
            "pe_multiple": "50.58",
            "port_turnover_ratio": null,
            "r_squared_ratio": null,
            "roe_ratio": null,
            "sharpe": null,
            "sortino_ratio": null,
            "std_dev": null,
            "tracking_error": null,
            "treynor_ratio": null,
            "upside_deviation": null,
            "ytm": null
        },
        "min_addl_amt": null,
        "min_addl_amt_multiple": null,
        "min_amt": "\u20b9 100",
        "min_amt_multiple": "\u20b9 1",
        "monthly_aaum_date": "31-03-2025",
        "monthly_aaum_value": "\u20b9 26.01 cr.",
        "mutual_fund_name": "Axis Mutual Fund",
        "page_number": [
            16
        ],
        "scheme_launch_date": "13Feb2025"
    },
    "Axis CRISIL IBX 7030 CPSE Plus SDL April 2025 Index Fund": {
        "amc_name": "Axis Asset Management Company Limited",
        "benchmark_index": "CRISIL IBX 7030 CPSE Plus SDL  April 2025",
        "fund_manager": [
            {
                "managing_fund_since": "28Th January 2022",
                "name": "Devang Shah",
                "qualification": "",
                "total_exp": "19 Years"
            },
            {
                "managing_fund_since": "1St February 2023",
                "name": "Sachin Jain",
                "qualification": "",
                "total_exp": "11 Years"
            }
        ],
        "load": {
            "entry_load": "NA",
            "exit_load": "Nil"
        },
        "main_scheme_name": "Axis CRISIL IBX 7030 CPSE Plus SDL April 2025 Index Fund",
        "metrics": {
            "alpha": null,
            "arithmetic_mean_ratio": null,
            "average_div_yld": null,
            "average_pb": null,
            "average_pe": null,
            "avg_maturity": "0.11 years",
            "beta": null,
            "correlation_ratio": null,
            "downside_deviation": null,
            "information_ratio": null,
            "macaulay": null,
            "mod_duration": "0.1 years",
            "port_turnover_ratio": null,
            "r_squared_ratio": null,
            "roe_ratio": null,
            "sharpe": null,
            "sortino_ratio": null,
            "std_dev": null,
            "tracking_error": null,
            "treynor_ratio": null,
            "upside_deviation": null,
            "ytm": "7.17"
        },
        "min_addl_amt": null,
        "min_addl_amt_multiple": null,
        "min_amt": "\u20b9 5000",
        "min_amt_multiple": "\u20b9 1",
        "monthly_aaum_date": "31-03-2025",
        "monthly_aaum_value": "\u20b9 460.50 cr.",
        "mutual_fund_name": "Axis Mutual Fund",
        "page_number": [
            17
        ],
        "scheme_launch_date": "28Jan2022"
    },
    "Axis CRISIL IBX SDL May 2027 Index Fund": {
        "amc_name": "Axis Asset Management Company Limited",
        "benchmark_index": "CRISIL IBX SDL Index May 2027",
        "fund_manager": [
            {
                "managing_fund_since": "23Rd February 2022",
                "name": "Hardik Shah",
                "qualification": "",
                "total_exp": "15 Years"
            },
            {
                "managing_fund_since": "1St February 2023",
                "name": "Aditya Pagaria",
                "qualification": "",
                "total_exp": "16 Years"
            }
        ],
        "load": {
            "entry_load": "NA",
            "exit_load": "Nil"
        },
        "main_scheme_name": "Axis CRISIL IBX SDL May 2027 Index Fund",
        "metrics": {
            "alpha": null,
            "arithmetic_mean_ratio": null,
            "average_div_yld": null,
            "average_pb": null,
            "average_pe": null,
            "avg_maturity": "2.08 years",
            "beta": null,
            "correlation_ratio": null,
            "downside_deviation": null,
            "information_ratio": null,
            "macaulay": null,
            "mod_duration": "1.85 years",
            "port_turnover_ratio": null,
            "r_squared_ratio": null,
            "roe_ratio": null,
            "sharpe": null,
            "sortino_ratio": null,
            "std_dev": null,
            "tracking_error": null,
            "treynor_ratio": null,
            "upside_deviation": null,
            "ytm": "6.92"
        },
        "min_addl_amt": null,
        "min_addl_amt_multiple": null,
        "min_amt": "\u20b9 5000",
        "min_amt_multiple": "\u20b9 1",
        "monthly_aaum_date": "31-03-2025",
        "monthly_aaum_value": "\u20b9 2245.77 cr.",
        "mutual_fund_name": "Axis Mutual Fund",
        "page_number": [
            18
        ],
        "scheme_launch_date": "23Feb2022"
    },
    "Axis Nifty SDL September 2026 Debt Index Fund": {
        "amc_name": "Axis Asset Management Company Limited",
        "benchmark_index": "Nifty SDL Sep 2026 Index",
        "fund_manager": [
            {
                "managing_fund_since": "22Nd November 2022",
                "name": "Aditya Pagaria",
                "qualification": "",
                "total_exp": "16 Years"
            },
            {
                "managing_fund_since": "1St February 2023",
                "name": "Sachin Jain",
                "qualification": "",
                "total_exp": "11 Years"
            }
        ],
        "load": {
            "entry_load": "NA",
            "exit_load": "Nil"
        },
        "main_scheme_name": "Axis Nifty SDL September 2026 Debt Index Fund",
        "metrics": {
            "alpha": null,
            "arithmetic_mean_ratio": null,
            "average_div_yld": null,
            "average_pb": null,
            "average_pe": null,
            "avg_maturity": "1.45 years",
            "beta": null,
            "correlation_ratio": null,
            "downside_deviation": null,
            "information_ratio": null,
            "macaulay": null,
            "mod_duration": "1.31 years",
            "port_turnover_ratio": null,
            "r_squared_ratio": null,
            "roe_ratio": null,
            "sharpe": null,
            "sortino_ratio": null,
            "std_dev": null,
            "tracking_error": null,
            "treynor_ratio": null,
            "upside_deviation": null,
            "ytm": "6.90"
        },
        "min_addl_amt": null,
        "min_addl_amt_multiple": null,
        "min_amt": "\u20b9 5000",
        "min_amt_multiple": "\u20b9 1",
        "monthly_aaum_date": "31-03-2025",
        "monthly_aaum_value": "\u20b9 75.42 cr.",
        "mutual_fund_name": "Axis Mutual Fund",
        "page_number": [
            19
        ],
        "scheme_launch_date": "22Nov2022"
    },
    "Axis CRISIL IBX 5050 Gilt Plus SDL June 2028 Index Fund": {
        "amc_name": "Axis Asset Management Company Limited",
        "benchmark_index": "CRISIL IBX 5050 Gilt Plus SDL Index June 2028",
        "fund_manager": [
            {
                "managing_fund_since": "24Th January 2023",
                "name": "Hardik Shah",
                "qualification": "",
                "total_exp": "15 Years"
            }
        ],
        "load": {
            "entry_load": "NA",
            "exit_load": "Nil"
        },
        "main_scheme_name": "Axis CRISIL IBX 5050 Gilt Plus SDL June 2028 Index Fund",
        "metrics": {
            "alpha": null,
            "arithmetic_mean_ratio": null,
            "average_div_yld": null,
            "average_pb": null,
            "average_pe": null,
            "avg_maturity": "2.98 years",
            "beta": null,
            "correlation_ratio": null,
            "downside_deviation": null,
            "information_ratio": null,
            "macaulay": null,
            "mod_duration": "2.55 years",
            "port_turnover_ratio": null,
            "r_squared_ratio": null,
            "roe_ratio": null,
            "sharpe": null,
            "sortino_ratio": null,
            "std_dev": null,
            "tracking_error": null,
            "treynor_ratio": null,
            "upside_deviation": null,
            "ytm": "6.83"
        },
        "min_addl_amt": null,
        "min_addl_amt_multiple": null,
        "min_amt": "\u20b9 5000",
        "min_amt_multiple": "\u20b9 1",
        "monthly_aaum_date": "31-03-2025",
        "monthly_aaum_value": "\u20b9 74.85 cr.",
        "mutual_fund_name": "Axis Mutual Fund",
        "page_number": [
            20
        ],
        "scheme_launch_date": "24Jan2023"
    },
    "Axis CRISIL IBX 5050 Gilt Plus SDL September 2027 Index Fund": {
        "amc_name": "Axis Asset Management Company Limited",
        "benchmark_index": "CRISIL IBX 5050 Gilt Plus SDL Index  September 2027",
        "fund_manager": [
            {
                "managing_fund_since": "27Th February 2023",
                "name": "Aditya Pagaria",
                "qualification": "",
                "total_exp": "16 Years"
            },
            {
                "managing_fund_since": "27Th February 2023",
                "name": "Sachin Jain",
                "qualification": "",
                "total_exp": "11 Years"
            }
        ],
        "load": {
            "entry_load": "NA",
            "exit_load": "Nil"
        },
        "main_scheme_name": "Axis CRISIL IBX 5050 Gilt Plus SDL September 2027 Index Fund",
        "metrics": {
            "alpha": null,
            "arithmetic_mean_ratio": null,
            "average_div_yld": null,
            "average_pb": null,
            "average_pe": null,
            "avg_maturity": "2.24 years",
            "beta": null,
            "correlation_ratio": null,
            "downside_deviation": null,
            "information_ratio": null,
            "macaulay": null,
            "mod_duration": "1.98 years",
            "port_turnover_ratio": null,
            "r_squared_ratio": null,
            "roe_ratio": null,
            "sharpe": null,
            "sortino_ratio": null,
            "std_dev": null,
            "tracking_error": null,
            "treynor_ratio": null,
            "upside_deviation": null,
            "ytm": "6.77"
        },
        "min_addl_amt": null,
        "min_addl_amt_multiple": null,
        "min_amt": "\u20b9 5000",
        "min_amt_multiple": "\u20b9 1",
        "monthly_aaum_date": "31-03-2025",
        "monthly_aaum_value": "\u20b9 32.54 cr.",
        "mutual_fund_name": "Axis Mutual Fund",
        "page_number": [
            21
        ],
        "scheme_launch_date": "27Feb2023"
    },
    "Axis CRISIL IBX SDL June 2034 Debt Index Fund": {
        "amc_name": "Axis Asset Management Company Limited",
        "benchmark_index": "CRISIL IBX SDL Index  June 2034",
        "fund_manager": [
            {
                "managing_fund_since": "21St March 2024",
                "name": "Hardik Shah",
                "qualification": "",
                "total_exp": "15 Years"
            }
        ],
        "load": {
            "entry_load": "NA",
            "exit_load": "Nil"
        },
        "main_scheme_name": "Axis CRISIL IBX SDL June 2034 Debt Index Fund",
        "metrics": {
            "alpha": null,
            "arithmetic_mean_ratio": null,
            "average_div_yld": null,
            "average_pb": null,
            "average_pe": null,
            "avg_maturity": "8.74 years",
            "beta": null,
            "correlation_ratio": null,
            "downside_deviation": null,
            "information_ratio": null,
            "macaulay": null,
            "mod_duration": "6.13 years",
            "port_turnover_ratio": null,
            "r_squared_ratio": null,
            "roe_ratio": null,
            "sharpe": null,
            "sortino_ratio": null,
            "std_dev": null,
            "tracking_error": null,
            "treynor_ratio": null,
            "upside_deviation": null,
            "ytm": "7.25"
        },
        "min_addl_amt": null,
        "min_addl_amt_multiple": null,
        "min_amt": "\u20b9 5000",
        "min_amt_multiple": "\u20b9 1",
        "monthly_aaum_date": "31-03-2025",
        "monthly_aaum_value": "\u20b9 15.16 cr.",
        "mutual_fund_name": "Axis Mutual Fund",
        "page_number": [
            22
        ],
        "scheme_launch_date": "21Mar2024"
    },
    "Axis CRISIL-IBX AAA Bond NBFC-HFC - Jun 2027 Index Fund": {
        "amc_name": "Axis Asset Management Company Limited",
        "benchmark_index": "CRISILIBX AAA NBFCHFC Index  Jun 2027",
        "fund_manager": [
            {
                "managing_fund_since": "11Th December 2024",
                "name": "Aditya Pagaria",
                "qualification": "",
                "total_exp": "16 Years"
            }
        ],
        "load": {
            "entry_load": "NA",
            "exit_load": "Nil"
        },
        "main_scheme_name": "Axis CRISIL-IBX AAA Bond NBFC-HFC - Jun 2027 Index Fund",
        "metrics": {
            "alpha": null,
            "arithmetic_mean_ratio": null,
            "average_div_yld": null,
            "average_pb": null,
            "average_pe": null,
            "avg_maturity": "2.07 years",
            "beta": null,
            "correlation_ratio": null,
            "downside_deviation": null,
            "information_ratio": null,
            "macaulay": null,
            "mod_duration": "1.73 years",
            "port_turnover_ratio": null,
            "r_squared_ratio": null,
            "roe_ratio": null,
            "sharpe": null,
            "sortino_ratio": null,
            "std_dev": null,
            "tracking_error": null,
            "treynor_ratio": null,
            "upside_deviation": null,
            "ytm": "7.70"
        },
        "min_addl_amt": null,
        "min_addl_amt_multiple": null,
        "min_amt": "\u20b9 5000",
        "min_amt_multiple": "\u20b9 1",
        "monthly_aaum_date": "31-03-2025",
        "monthly_aaum_value": "\u20b9 40.24 cr.",
        "mutual_fund_name": "Axis Mutual Fund",
        "page_number": [
            23
        ],
        "scheme_launch_date": "11Dec2024"
    },
    "Axis CRISIL-IBX AAA Bond NBFC - Jun 2027 Index Fund": {
        "amc_name": "Axis Asset Management Company Limited",
        "benchmark_index": "CRISILIBX AAA NBFC Index Jun 2027",
        "fund_manager": [
            {
                "managing_fund_since": "24Th September 2024",
                "name": "Aditya Pagaria",
                "qualification": "",
                "total_exp": "16 Years"
            }
        ],
        "load": {
            "entry_load": "NA",
            "exit_load": "Nil"
        },
        "main_scheme_name": "Axis CRISIL-IBX AAA Bond NBFC - Jun 2027 Index Fund",
        "metrics": {
            "alpha": null,
            "arithmetic_mean_ratio": null,
            "average_div_yld": null,
            "average_pb": null,
            "average_pe": null,
            "avg_maturity": "2.05 years",
            "beta": null,
            "correlation_ratio": null,
            "downside_deviation": null,
            "information_ratio": null,
            "macaulay": null,
            "mod_duration": "1.72 years",
            "port_turnover_ratio": null,
            "r_squared_ratio": null,
            "roe_ratio": null,
            "sharpe": null,
            "sortino_ratio": null,
            "std_dev": null,
            "tracking_error": null,
            "treynor_ratio": null,
            "upside_deviation": null,
            "ytm": "7.75"
        },
        "min_addl_amt": null,
        "min_addl_amt_multiple": null,
        "min_amt": "\u20b9 5000",
        "min_amt_multiple": "\u20b9 1",
        "monthly_aaum_date": "31-03-2025",
        "monthly_aaum_value": "\u20b9 761.03 cr.",
        "mutual_fund_name": "Axis Mutual Fund",
        "page_number": [
            24
        ],
        "scheme_launch_date": "24Sep2024"
    },
    "Axis CRISIL-IBX AAA Bond Financial Services - Sep 2027 Index Fund": {
        "amc_name": "Axis Asset Management Company Limited",
        "benchmark_index": "CRISIL IBX AAA Financial Services Index Sep 2027",
        "fund_manager": [
            {
                "managing_fund_since": "22Nd November 2024",
                "name": "Aditya Pagaria",
                "qualification": "",
                "total_exp": "16 Years"
            }
        ],
        "load": {
            "entry_load": "NA",
            "exit_load": "Nil"
        },
        "main_scheme_name": "Axis CRISIL-IBX AAA Bond Financial Services - Sep 2027 Index Fund",
        "metrics": {
            "alpha": null,
            "arithmetic_mean_ratio": null,
            "average_div_yld": null,
            "average_pb": null,
            "average_pe": null,
            "avg_maturity": "2.33 years",
            "beta": null,
            "correlation_ratio": null,
            "downside_deviation": null,
            "information_ratio": null,
            "macaulay": null,
            "mod_duration": "1.96 years",
            "port_turnover_ratio": null,
            "r_squared_ratio": null,
            "roe_ratio": null,
            "sharpe": null,
            "sortino_ratio": null,
            "std_dev": null,
            "tracking_error": null,
            "treynor_ratio": null,
            "upside_deviation": null,
            "ytm": "7.65"
        },
        "min_addl_amt": null,
        "min_addl_amt_multiple": null,
        "min_amt": "\u20b9 5000",
        "min_amt_multiple": "\u20b9 1",
        "monthly_aaum_date": "31-03-2025",
        "monthly_aaum_value": "\u20b9 141.07 cr.",
        "mutual_fund_name": "Axis Mutual Fund",
        "page_number": [
            25
        ],
        "scheme_launch_date": "22Nov2024"
    },
    "Axis NIFTY 50 ETF": {
        "amc_name": "Axis Asset Management Company Limited",
        "benchmark_index": "Nifty 50 TRI Underlying Index Nifty 50 Exchange Listed NSE Exchange SymbolScrip Code AXISNIFTY iNAV symbol AXISNIINAV ISIN INF846K01W98 Bloomberg Code AXSNIFT IN Equity Creation Unit Size 50,000 units and in multiples thereof",
        "fund_manager": [
            {
                "managing_fund_since": "3Rd August 2023",
                "name": "Karthik Kumar",
                "qualification": "",
                "total_exp": "15 Years"
            }
        ],
        "load": {
            "entry_load": "NA",
            "exit_load": "Nil Basket Size (As on 28 February, 12033210 2025) For benchmark riskometer and PRC, please refer to page no 51  55."
        },
        "main_scheme_name": "Axis NIFTY 50 ETF",
        "metrics": {
            "alpha": null,
            "arithmetic_mean_ratio": null,
            "average_div_yld": "1.39",
            "average_pb": null,
            "average_pe": null,
            "avg_maturity": null,
            "beta": null,
            "correlation_ratio": null,
            "downside_deviation": null,
            "information_ratio": null,
            "macaulay": null,
            "mod_duration": null,
            "pb_multiple": "3.48",
            "pe_multiple": "21.22",
            "port_turnover_ratio": null,
            "r_squared_ratio": null,
            "roe_ratio": null,
            "sharpe": null,
            "sortino_ratio": null,
            "std_dev": null,
            "tracking_error": "0.05",
            "treynor_ratio": null,
            "upside_deviation": null,
            "ytm": null
        },
        "min_addl_amt": null,
        "min_addl_amt_multiple": null,
        "min_amt": null,
        "min_amt_multiple": null,
        "monthly_aaum_date": "31-03-2025",
        "monthly_aaum_value": "\u20b9 667.73 cr.",
        "mutual_fund_name": "Axis Mutual Fund",
        "page_number": [
            26
        ],
        "scheme_launch_date": "03Jul2017"
    },
    "Axis NIFTY Bank ETF": {
        "amc_name": "Axis Asset Management Company Limited",
        "benchmark_index": "Nifty Bank TRI Underlying Index Nifty Bank Exchange Listed NSE Exchange SymbolScrip Code AXISBNKETF iNAV symbol AXISBNINAV ISIN INF846K01X63 Bloomberg Code AXSBANK IN Equity Creation Unit Size 10,000 units and in multiples thereof",
        "fund_manager": [
            {
                "managing_fund_since": "3Rd August 2023",
                "name": "Karthik Kumar",
                "qualification": "",
                "total_exp": "15 Years"
            }
        ],
        "load": {
            "entry_load": "NA",
            "exit_load": "Nil Basket Size (As on 28 February, 4938934 2025) For benchmark riskometer and PRC, please refer to page no 51  55."
        },
        "main_scheme_name": "Axis NIFTY Bank ETF",
        "metrics": {
            "alpha": null,
            "arithmetic_mean_ratio": null,
            "average_div_yld": "1.01",
            "average_pb": null,
            "average_pe": null,
            "avg_maturity": null,
            "beta": null,
            "correlation_ratio": null,
            "downside_deviation": null,
            "information_ratio": null,
            "macaulay": null,
            "mod_duration": null,
            "pb_multiple": "2.17",
            "pe_multiple": "13.03",
            "port_turnover_ratio": null,
            "r_squared_ratio": null,
            "roe_ratio": null,
            "sharpe": null,
            "sortino_ratio": null,
            "std_dev": null,
            "tracking_error": "0.08",
            "treynor_ratio": null,
            "upside_deviation": null,
            "ytm": null
        },
        "min_addl_amt": null,
        "min_addl_amt_multiple": null,
        "min_amt": null,
        "min_amt_multiple": null,
        "monthly_aaum_date": "31-03-2025",
        "monthly_aaum_value": "\u20b9 287.45 cr.",
        "mutual_fund_name": "Axis Mutual Fund",
        "page_number": [
            27
        ],
        "scheme_launch_date": "03Nov2020"
    },
    "Axis NIFTY IT ETF": {
        "amc_name": "Axis Asset Management Company Limited",
        "benchmark_index": "Nifty IT TRI Underlying Index Nifty IT Exchange Listed NSE,BSE Exchange SymbolScrip Code AXISTECETF, 543347 iNAV symbol AXISTEINAV ISIN INF846K01Y96 Bloomberg Code ATECHETF IN Equity Creation Unit Size 15,000 units and in multiples thereof",
        "fund_manager": [
            {
                "managing_fund_since": "3Rd August 2023",
                "name": "Karthik Kumar",
                "qualification": "",
                "total_exp": "15 Years"
            }
        ],
        "load": {
            "entry_load": "NA",
            "exit_load": "Nil Basket Size (As on 28 February, 5997585 2025) For benchmark riskometer and PRC, please refer to page no 51  55."
        },
        "main_scheme_name": "Axis NIFTY IT ETF",
        "metrics": {
            "alpha": null,
            "arithmetic_mean_ratio": null,
            "average_div_yld": "2.43",
            "average_pb": null,
            "average_pe": null,
            "avg_maturity": null,
            "beta": null,
            "correlation_ratio": null,
            "downside_deviation": null,
            "information_ratio": null,
            "macaulay": null,
            "mod_duration": null,
            "pb_multiple": "8.75",
            "pe_multiple": "32.07",
            "port_turnover_ratio": null,
            "r_squared_ratio": null,
            "roe_ratio": null,
            "sharpe": null,
            "sortino_ratio": null,
            "std_dev": null,
            "tracking_error": "0.07",
            "treynor_ratio": null,
            "upside_deviation": null,
            "ytm": null
        },
        "min_addl_amt": null,
        "min_addl_amt_multiple": null,
        "min_amt": null,
        "min_amt_multiple": null,
        "monthly_aaum_date": "31-03-2025",
        "monthly_aaum_value": "\u20b9 203.08 cr.",
        "mutual_fund_name": "Axis Mutual Fund",
        "page_number": [
            28
        ],
        "scheme_launch_date": "25Mar2021"
    },
    "Axis NIFTY Healthcare ETF": {
        "amc_name": "Axis Asset Management Company Limited",
        "benchmark_index": "Nifty Healthcare TRI Underlying Index Nifty Healthcare Exchange Listed NSE,BSE Exchange SymbolScrip Code AXISHETF, 543348 iNAV symbol AXISHCINAV ISIN INF846K01Z12 Bloomberg Code AXIHETF IN Equity Creation Unit Size 50,000 units and in multiples thereof",
        "fund_manager": [
            {
                "managing_fund_since": "3Rd August 2023",
                "name": "Karthik Kumar",
                "qualification": "",
                "total_exp": "15 Years"
            }
        ],
        "load": {
            "entry_load": "NA",
            "exit_load": "Nil Basket Size (As on 28 February, 6435945 2025) For benchmark riskometer and PRC, please refer to page no 51  55."
        },
        "main_scheme_name": "Axis NIFTY Healthcare ETF",
        "metrics": {
            "alpha": null,
            "arithmetic_mean_ratio": null,
            "average_div_yld": null,
            "average_pb": null,
            "average_pe": null,
            "avg_maturity": null,
            "beta": null,
            "correlation_ratio": null,
            "downside_deviation": null,
            "information_ratio": null,
            "macaulay": null,
            "mod_duration": null,
            "port_turnover_ratio": null,
            "r_squared_ratio": null,
            "roe_ratio": null,
            "sharpe": null,
            "sortino_ratio": null,
            "std_dev": null,
            "tracking_error": "0.03",
            "treynor_ratio": null,
            "upside_deviation": null,
            "ytm": null
        },
        "min_addl_amt": null,
        "min_addl_amt_multiple": null,
        "min_amt": null,
        "min_amt_multiple": null,
        "monthly_aaum_date": "31-03-2025",
        "monthly_aaum_value": "\u20b9 18.59 cr.",
        "mutual_fund_name": "Axis Mutual Fund",
        "page_number": [
            29
        ],
        "scheme_launch_date": "17May2021"
    },
    "Axis NIFTY India Consumption ETF": {
        "amc_name": "Axis Asset Management Company Limited",
        "benchmark_index": "Nifty India Consumption TRI Underlying Index NIFTY India Consumption Exchange Listed NSE,BSE Exchange SymbolScrip Code AXISCETF, 543357 iNAV symbol AXISCEINAV ISIN INF846K016C7 Bloomberg Code ACSMETF IN Equity Creation Unit Size 50,000 units and in multiples thereof",
        "fund_manager": [
            {
                "managing_fund_since": "3Rd August 2023",
                "name": "Karthik Kumar",
                "qualification": "",
                "total_exp": "15 Years"
            }
        ],
        "load": {
            "entry_load": "NA",
            "exit_load": "Nil Basket Size (As on 28 February, 5190230 2025) For benchmark riskometer and PRC, please refer to page no 51  55."
        },
        "main_scheme_name": "Axis NIFTY India Consumption ETF",
        "metrics": {
            "alpha": null,
            "arithmetic_mean_ratio": null,
            "average_div_yld": "0.94",
            "average_pb": null,
            "average_pe": null,
            "avg_maturity": null,
            "beta": null,
            "correlation_ratio": null,
            "downside_deviation": null,
            "information_ratio": null,
            "macaulay": null,
            "mod_duration": null,
            "pb_multiple": "9.09",
            "pe_multiple": "46.95",
            "port_turnover_ratio": null,
            "r_squared_ratio": null,
            "roe_ratio": null,
            "sharpe": null,
            "sortino_ratio": null,
            "std_dev": null,
            "tracking_error": "0.10",
            "treynor_ratio": null,
            "upside_deviation": null,
            "ytm": null
        },
        "min_addl_amt": null,
        "min_addl_amt_multiple": null,
        "min_amt": null,
        "min_amt_multiple": null,
        "monthly_aaum_date": "31-03-2025",
        "monthly_aaum_value": "\u20b9 13.35 cr.",
        "mutual_fund_name": "Axis Mutual Fund",
        "page_number": [
            30
        ],
        "scheme_launch_date": "17Sep2021"
    },
    "Axis Gold ETF": {
        "amc_name": "Axis Asset Management Company Limited",
        "benchmark_index": "Domestic price of Gold Underlying Index Price of Gold Exchange Listed NSE,BSE Exchange SymbolScrip Code AXISGOLD, 533570 iNAV symbol AXISGOINAV ISIN INF846K01347 Bloomberg Code AXGOLD IN Equity Creation Unit Size 1,00,000 units and in multiples thereof",
        "fund_manager": [
            {
                "managing_fund_since": "1St June 2024",
                "name": "Aditya Pagaria",
                "qualification": "",
                "total_exp": "16 Years"
            },
            {
                "managing_fund_since": "1St February 2025",
                "name": "Pratik Tibrewal",
                "qualification": "",
                "total_exp": "13 Years"
            }
        ],
        "load": {
            "entry_load": "NA",
            "exit_load": "Nil Basket Size (As on 28 February, 7160740 2025) For benchmark riskometer and PRC, please refer to page no 51  55."
        },
        "main_scheme_name": "Axis Gold ETF",
        "metrics": {
            "alpha": null,
            "arithmetic_mean_ratio": null,
            "average_div_yld": null,
            "average_pb": null,
            "average_pe": null,
            "avg_maturity": null,
            "beta": null,
            "correlation_ratio": null,
            "downside_deviation": null,
            "information_ratio": null,
            "macaulay": null,
            "mod_duration": null,
            "port_turnover_ratio": null,
            "r_squared_ratio": null,
            "roe_ratio": null,
            "sharpe": null,
            "sortino_ratio": null,
            "std_dev": null,
            "tracking_error": null,
            "treynor_ratio": null,
            "upside_deviation": null,
            "ytm": null
        },
        "min_addl_amt": null,
        "min_addl_amt_multiple": null,
        "min_amt": null,
        "min_amt_multiple": null,
        "monthly_aaum_date": "31-03-2025",
        "monthly_aaum_value": "\u20b9 1388.06 cr.",
        "mutual_fund_name": "Axis Mutual Fund",
        "page_number": [
            31
        ],
        "scheme_launch_date": "10Nov2010"
    },
    "Axis Silver ETF": {
        "amc_name": "Axis Asset Management Company Limited",
        "benchmark_index": "Domestic Price of Physical Silver (based on LBMA Silve daily spot AM fixing price) Underlying Index Price of Silver Exchange Listed NSE Exchange SymbolScrip Code AXISILVER iNAV symbol AXISILIINAV ISIN INF846K011K1 Bloomberg Code AXSLVRF IN Equity Creation Unit Size 30,000 units and in multiples thereof",
        "fund_manager": [
            {
                "managing_fund_since": "1St June 2024",
                "name": "Aditya Pagaria",
                "qualification": "",
                "total_exp": "16 Years"
            },
            {
                "managing_fund_since": "1St February 2025",
                "name": "Pratik Tibrewal",
                "qualification": "",
                "total_exp": "13 Years"
            }
        ],
        "load": {
            "entry_load": "NA",
            "exit_load": "Nil Basket Size (As on 28 February, 2825040 2025) For benchmark riskometer and PRC, please refer to page no 51  55."
        },
        "main_scheme_name": "Axis Silver ETF",
        "metrics": {
            "alpha": null,
            "arithmetic_mean_ratio": null,
            "average_div_yld": null,
            "average_pb": null,
            "average_pe": null,
            "avg_maturity": null,
            "beta": null,
            "correlation_ratio": null,
            "downside_deviation": null,
            "information_ratio": null,
            "macaulay": null,
            "mod_duration": null,
            "port_turnover_ratio": null,
            "r_squared_ratio": null,
            "roe_ratio": null,
            "sharpe": null,
            "sortino_ratio": null,
            "std_dev": null,
            "tracking_error": null,
            "treynor_ratio": null,
            "upside_deviation": null,
            "ytm": null
        },
        "min_addl_amt": null,
        "min_addl_amt_multiple": null,
        "min_amt": null,
        "min_amt_multiple": null,
        "monthly_aaum_date": "31-03-2025",
        "monthly_aaum_value": "\u20b9 168.55 cr.",
        "mutual_fund_name": "Axis Mutual Fund",
        "page_number": [
            32
        ],
        "scheme_launch_date": "21Sep2022"
    },
    "Axis Nifty AAA Bond Plus SDL Apr 2026 5050 ETF": {
        "amc_name": "Axis Asset Management Company Limited",
        "benchmark_index": "Nifty AAA Bond Plus SDL Apr 2026 5050 Index Underlying Index NIFTY AAA Bond Plus SDL Apr 2026 Exchange Listed NSE Exchange SymbolScrip Code AXISBPSETF iNAV symbol AXISBPINAV ISIN INF846K01Z04 Bloomberg Code AXBPSETF Creation Unit Size 2,50,0000 units and in multiples thereof",
        "fund_manager": [
            {
                "managing_fund_since": "11Th May 2021",
                "name": "Aditya Pagaria",
                "qualification": "",
                "total_exp": "16 Years"
            },
            {
                "managing_fund_since": "1St February 2023",
                "name": "Sachin Jain",
                "qualification": "",
                "total_exp": "11 Years"
            }
        ],
        "load": {
            "entry_load": "NA",
            "exit_load": "Nil Basket Size (As on 28 February, 31075750 2025) For benchmark riskometer and PRC, please refer to page no 51  55."
        },
        "main_scheme_name": "Axis Nifty AAA Bond Plus SDL Apr 2026 5050 ETF",
        "metrics": {
            "alpha": null,
            "arithmetic_mean_ratio": null,
            "average_div_yld": null,
            "average_pb": null,
            "average_pe": null,
            "avg_maturity": "0.73 years",
            "beta": null,
            "correlation_ratio": null,
            "downside_deviation": null,
            "information_ratio": null,
            "macaulay": null,
            "mod_duration": "0.68 years",
            "port_turnover_ratio": null,
            "r_squared_ratio": null,
            "roe_ratio": null,
            "sharpe": null,
            "sortino_ratio": null,
            "std_dev": null,
            "tracking_error": null,
            "treynor_ratio": null,
            "upside_deviation": null,
            "ytm": "7.26"
        },
        "min_addl_amt": null,
        "min_addl_amt_multiple": null,
        "min_amt": null,
        "min_amt_multiple": null,
        "monthly_aaum_date": "31-03-2025",
        "monthly_aaum_value": "\u20b9 1167.19 cr.",
        "mutual_fund_name": "Axis Mutual Fund",
        "page_number": [
            33
        ],
        "scheme_launch_date": "11May2021"
    },
    "Axis BSE SENSEX ETF": {
        "amc_name": "Axis Asset Management Company Limited",
        "benchmark_index": "BSE Sensex TRI Underlying Index BSE Sensex Exchange Listed NSE, BSE Exchange SymbolScrip Code AXSENSEX iNAV symbol AXSNSXINAV ISIN INF846K010Q0 Bloomberg Code ASPSNSX Creation Unit Size 40,000 units and in multiples thereof",
        "fund_manager": [
            {
                "managing_fund_since": "3Rd August 2023",
                "name": "Karthik Kumar",
                "qualification": "",
                "total_exp": "15 Years"
            }
        ],
        "load": {
            "entry_load": "NA",
            "exit_load": "Nil Basket Size (As on 28 February, 2985236 2025) For benchmark riskometer and PRC, please refer to page no 51  55."
        },
        "main_scheme_name": "Axis BSE SENSEX ETF",
        "metrics": {
            "alpha": null,
            "arithmetic_mean_ratio": null,
            "average_div_yld": "1.2",
            "average_pb": null,
            "average_pe": null,
            "avg_maturity": null,
            "beta": null,
            "correlation_ratio": null,
            "downside_deviation": null,
            "information_ratio": null,
            "macaulay": null,
            "mod_duration": null,
            "pb_multiple": "3.91",
            "pe_multiple": "21.14",
            "port_turnover_ratio": null,
            "r_squared_ratio": null,
            "roe_ratio": null,
            "sharpe": null,
            "sortino_ratio": null,
            "std_dev": null,
            "tracking_error": "0.05",
            "treynor_ratio": null,
            "upside_deviation": null,
            "ytm": null
        },
        "min_addl_amt": null,
        "min_addl_amt_multiple": null,
        "min_amt": null,
        "min_amt_multiple": null,
        "monthly_aaum_date": "31-03-2025",
        "monthly_aaum_value": "\u20b9 123.28 cr.",
        "mutual_fund_name": "Axis Mutual Fund",
        "page_number": [
            34
        ],
        "scheme_launch_date": "24Mar2023"
    },
    "Axis Equity ETFs FoF": {
        "amc_name": "Axis Asset Management Company Limited",
        "benchmark_index": "Nifty 500 TRI",
        "fund_manager": [
            {
                "managing_fund_since": "3Rd August 2023",
                "name": "Karthik Kumar",
                "qualification": "",
                "total_exp": "15 Years"
            }
        ],
        "load": {
            "entry_load": "NA",
            "exit_load": "If redeemed  switchedout within 15 days from the date of allotment  1 If redeemedswitched out after 15 day from the date of allotment  Nil."
        },
        "main_scheme_name": "Axis Equity ETFs FoF",
        "metrics": {
            "alpha": null,
            "arithmetic_mean_ratio": null,
            "average_div_yld": "1.23",
            "average_pb": null,
            "average_pe": null,
            "avg_maturity": null,
            "beta": null,
            "correlation_ratio": null,
            "downside_deviation": null,
            "information_ratio": null,
            "macaulay": null,
            "mod_duration": null,
            "pb_multiple": "3.71",
            "pe_multiple": "23.93",
            "port_turnover_ratio": null,
            "r_squared_ratio": null,
            "roe_ratio": null,
            "sharpe": null,
            "sortino_ratio": null,
            "std_dev": null,
            "tracking_error": null,
            "treynor_ratio": null,
            "upside_deviation": null,
            "ytm": null
        },
        "min_addl_amt": null,
        "min_addl_amt_multiple": null,
        "min_amt": "\u20b9 100",
        "min_amt_multiple": "\u20b9 1",
        "monthly_aaum_date": "31-03-2025",
        "monthly_aaum_value": "\u20b9 26.97 cr.",
        "mutual_fund_name": "Axis Mutual Fund",
        "page_number": [
            35
        ],
        "scheme_launch_date": "24Feb2022"
    },
    "Axis Gold Fund": {
        "amc_name": "Axis Asset Management Company Limited",
        "benchmark_index": "Domestic price of Gold",
        "fund_manager": [
            {
                "managing_fund_since": "9Th November 2021",
                "name": "Aditya Pagaria",
                "qualification": "",
                "total_exp": "16 Years"
            },
            {
                "managing_fund_since": "1St February 2025",
                "name": "Pratik Tibrewal",
                "qualification": "",
                "total_exp": "13 Years"
            }
        ],
        "load": {
            "entry_load": "NA",
            "exit_load": "Exit Load of 1 is payable if Units are redeemed  switchedout within 15 days from the date of allotment."
        },
        "main_scheme_name": "Axis Gold Fund",
        "metrics": {
            "alpha": null,
            "arithmetic_mean_ratio": null,
            "average_div_yld": null,
            "average_pb": null,
            "average_pe": null,
            "avg_maturity": null,
            "beta": null,
            "correlation_ratio": null,
            "downside_deviation": null,
            "information_ratio": null,
            "macaulay": null,
            "mod_duration": null,
            "port_turnover_ratio": null,
            "r_squared_ratio": null,
            "roe_ratio": null,
            "sharpe": null,
            "sortino_ratio": null,
            "std_dev": null,
            "tracking_error": null,
            "treynor_ratio": null,
            "upside_deviation": null,
            "ytm": null
        },
        "min_addl_amt": null,
        "min_addl_amt_multiple": null,
        "min_amt": "\u20b9 100",
        "min_amt_multiple": "\u20b9 1",
        "monthly_aaum_date": "31-03-2025",
        "monthly_aaum_value": "\u20b9 852.37 cr.",
        "mutual_fund_name": "Axis Mutual Fund",
        "page_number": [
            36
        ],
        "scheme_launch_date": "20Oct2011"
    },
    "Axis Silver Fund of Fund": {
        "amc_name": "Axis Asset Management Company Limited",
        "benchmark_index": "Domestic Price of Physical Silver (based on LBMA Silve daily spot AM fixing price)",
        "fund_manager": [
            {
                "managing_fund_since": "21St September 2022",
                "name": "Aditya Pagaria",
                "qualification": "",
                "total_exp": "16 Years"
            },
            {
                "managing_fund_since": "1St February 2025",
                "name": "Pratik Tibrewal",
                "qualification": "",
                "total_exp": "13 Years"
            }
        ],
        "load": {
            "entry_load": "NA",
            "exit_load": "If redeemed before 7 Day Exit Load is 0.25 For benchmark riskometer and PRC, please refer to page no 51  55."
        },
        "main_scheme_name": "Axis Silver Fund of Fund",
        "metrics": {
            "alpha": null,
            "arithmetic_mean_ratio": null,
            "average_div_yld": null,
            "average_pb": null,
            "average_pe": null,
            "avg_maturity": null,
            "beta": null,
            "correlation_ratio": null,
            "downside_deviation": null,
            "information_ratio": null,
            "macaulay": null,
            "mod_duration": null,
            "port_turnover_ratio": null,
            "r_squared_ratio": null,
            "roe_ratio": null,
            "sharpe": null,
            "sortino_ratio": null,
            "std_dev": null,
            "tracking_error": null,
            "treynor_ratio": null,
            "upside_deviation": null,
            "ytm": null
        },
        "min_addl_amt": null,
        "min_addl_amt_multiple": null,
        "min_amt": null,
        "min_amt_multiple": null,
        "monthly_aaum_date": "31-03-2025",
        "monthly_aaum_value": "\u20b9 72.32 cr.",
        "mutual_fund_name": "Axis Mutual Fund",
        "page_number": [
            37
        ],
        "scheme_launch_date": "21Sep2022"
    },
    "Axis Nifty AAA Bond Plus SDL Apr  2026 5050 ETF FOF": {
        "amc_name": "Axis Asset Management Company Limited",
        "benchmark_index": "Nifty AAA Bond Plus SDL Apr 2026 5050 Index",
        "fund_manager": [
            {
                "managing_fund_since": "20Th October 2021",
                "name": "Aditya Pagaria",
                "qualification": "",
                "total_exp": "16 Years"
            }
        ],
        "load": {
            "entry_load": "NA",
            "exit_load": "Nil"
        },
        "main_scheme_name": "Axis Nifty AAA Bond Plus SDL Apr  2026 5050 ETF FOF",
        "metrics": {
            "alpha": null,
            "arithmetic_mean_ratio": null,
            "average_div_yld": null,
            "average_pb": null,
            "average_pe": null,
            "avg_maturity": null,
            "beta": null,
            "correlation_ratio": null,
            "downside_deviation": null,
            "information_ratio": null,
            "macaulay": null,
            "mod_duration": null,
            "port_turnover_ratio": null,
            "r_squared_ratio": null,
            "roe_ratio": null,
            "sharpe": null,
            "sortino_ratio": null,
            "std_dev": null,
            "tracking_error": null,
            "treynor_ratio": null,
            "upside_deviation": null,
            "ytm": null
        },
        "min_addl_amt": null,
        "min_addl_amt_multiple": null,
        "min_amt": "\u20b9 5000",
        "min_amt_multiple": "\u20b9 1",
        "monthly_aaum_date": "31-03-2025",
        "monthly_aaum_value": "\u20b9 275.95 cr.",
        "mutual_fund_name": "Axis Mutual Fund",
        "page_number": [
            38
        ],
        "scheme_launch_date": "20Oct2021"
    }
}