{
    "360 ONE FOCUSED EQUITY FUND": {
        "amc_name": "360 ONE Asset Management Limited",
        "benchmark_index": "BSE 500 TRI",
        "fund_manager": [
            {
                "managing_fund_since": "",
                "name": "Mayur Patel Mr. Mayur Patel",
                "qualification": "",
                "total_exp": "20 Years"
            },
            {
                "managing_fund_since": "",
                "name": "Ashish Ongari Mr. Ashish",
                "qualification": "",
                "total_exp": "Six Years"
            }
        ],
        "load": {
            "entry_load": "NIL",
            "exit_load": "1 - if redeemedswitched out, on or before 12 months from the date of allotment w.e.f April 02, 2019."
        },
        "main_scheme_name": "360 ONE FOCUSED EQUITY FUND",
        "metrics": {
            "alpha": null,
            "arithmetic_mean_ratio": null,
            "average_div_yld": null,
            "average_pb": null,
            "average_pe": null,
            "avg_maturity": null,
            "beta": "0.90",
            "correlation_ratio": null,
            "downside_deviation": null,
            "information_ratio": null,
            "macaulay": null,
            "mod_duration": null,
            "port_turnover_ratio": "0.32",
            "r_squared_ratio": "0.92",
            "roe_ratio": null,
            "sharpe": "0.51",
            "sortino_ratio": null,
            "std_dev": "13.59",
            "tracking_error": null,
            "treynor_ratio": "0.64",
            "upside_deviation": null,
            "ytm": null
        },
        "min_addl_amt": "\u20b9 1,000",
        "min_addl_amt_multiple": "\u20b9 1",
        "min_amt": "\u20b9 1,000",
        "min_amt_multiple": "\u20b9 1",
        "monthly_aaum_date": "31-03-2025",
        "monthly_aaum_value": "\u20b9 6,627.55 crore",
        "mutual_fund_name": "360 ONE Mutual Fund",
        "page_number": [
            5
        ],
        "scheme_launch_date": "October 30, 2014"
    },
    "360 ONE FLEXICAP FUND": {
        "amc_name": "360 ONE Asset Management Limited",
        "benchmark_index": "BSE 500 TRI",
        "fund_manager": [
            {
                "managing_fund_since": "",
                "name": "Mayur Patel Mr. Mayur Patel",
                "qualification": "",
                "total_exp": "20 Years"
            },
            {
                "managing_fund_since": "",
                "name": "Ashish Ongari Mr. Ashish",
                "qualification": "",
                "total_exp": "Six Years"
            }
        ],
        "load": {
            "entry_load": "NIL",
            "exit_load": "For redemptionswitchout of units before 365 days from the date of allotment - 1 of the applicable NAV For redemptionswitched- out of units on or after 365 days from the date of allotment  NIL"
        },
        "main_scheme_name": "360 ONE FLEXICAP FUND",
        "metrics": {
            "alpha": null,
            "arithmetic_mean_ratio": null,
            "average_div_yld": null,
            "average_pb": null,
            "average_pe": null,
            "avg_maturity": null,
            "beta": "NA",
            "correlation_ratio": null,
            "downside_deviation": null,
            "information_ratio": null,
            "macaulay": null,
            "mod_duration": null,
            "port_turnover_ratio": "0.30",
            "r_squared_ratio": "NA",
            "roe_ratio": null,
            "sharpe": "NA",
            "sortino_ratio": null,
            "std_dev": "NA",
            "tracking_error": null,
            "treynor_ratio": "NA",
            "upside_deviation": null,
            "ytm": null
        },
        "min_addl_amt": "\u20b9 1,000",
        "min_addl_amt_multiple": "\u20b9 1",
        "min_amt": "\u20b9 1,000",
        "min_amt_multiple": "\u20b9 1",
        "monthly_aaum_date": "31-03-2025",
        "monthly_aaum_value": "\u20b9 1,365.05 crore",
        "mutual_fund_name": "360 ONE Mutual Fund",
        "page_number": [
            6
        ],
        "scheme_launch_date": "June 30, 2023"
    },
    "360 ONE QUANT FUND": {
        "amc_name": "360 ONE Asset Management Limited",
        "benchmark_index": "BSE 200 TRI",
        "fund_manager": [
            {
                "managing_fund_since": "",
                "name": "Parijat Garg Mr. Parijat",
                "qualification": "",
                "total_exp": "16 Years"
            },
            {
                "managing_fund_since": "",
                "name": "Ashish Ongari Mr. Ashish",
                "qualification": "",
                "total_exp": "Six Years"
            }
        ],
        "load": {
            "entry_load": "NIL",
            "exit_load": "1 - if redeemedswitched out, on or before 12 onths from the date of allotment"
        },
        "main_scheme_name": "360 ONE QUANT FUND",
        "metrics": {
            "alpha": null,
            "arithmetic_mean_ratio": null,
            "average_div_yld": null,
            "average_pb": null,
            "average_pe": null,
            "avg_maturity": null,
            "beta": "1.22",
            "correlation_ratio": null,
            "downside_deviation": null,
            "information_ratio": null,
            "macaulay": null,
            "mod_duration": null,
            "port_turnover_ratio": "0.65",
            "r_squared_ratio": "0.92",
            "roe_ratio": null,
            "sharpe": "0.69",
            "sortino_ratio": null,
            "std_dev": "18.09",
            "tracking_error": null,
            "treynor_ratio": "0.85",
            "upside_deviation": null,
            "ytm": null
        },
        "min_addl_amt": "\u20b9 1,000",
        "min_addl_amt_multiple": "\u20b9 1",
        "min_amt": "\u20b9 1,000",
        "min_amt_multiple": "\u20b9 1",
        "monthly_aaum_date": "31-03-2025",
        "monthly_aaum_value": "\u20b9 605.54 crore",
        "mutual_fund_name": "360 ONE Mutual Fund",
        "page_number": [
            7
        ],
        "scheme_launch_date": "November 29, 2021"
    },
    "360 ONE ELSS TAX SAVER NIFTY 50 INDEX FUND": {
        "amc_name": "360 ONE Asset Management Limited",
        "benchmark_index": "NIFTY 50 TRI",
        "fund_manager": [
            {
                "managing_fund_since": "",
                "name": "Parijat Garg Mr. Parijat",
                "qualification": "",
                "total_exp": "16 Years"
            },
            {
                "managing_fund_since": "",
                "name": "Ashish Ongari Mr. Ashish",
                "qualification": "",
                "total_exp": "Six Years"
            }
        ],
        "load": {
            "entry_load": "NIL",
            "exit_load": "NIL"
        },
        "main_scheme_name": "360 ONE ELSS TAX SAVER NIFTY 50 INDEX FUND",
        "metrics": {
            "alpha": null,
            "arithmetic_mean_ratio": null,
            "average_div_yld": null,
            "average_pb": null,
            "average_pe": null,
            "avg_maturity": null,
            "beta": null,
            "correlation_ratio": null,
            "downside_deviation": null,
            "information_ratio": null,
            "macaulay": null,
            "mod_duration": null,
            "port_turnover_ratio": "0.07",
            "r_squared_ratio": null,
            "roe_ratio": null,
            "sharpe": null,
            "sortino_ratio": null,
            "std_dev": null,
            "tracking_error": null,
            "treynor_ratio": null,
            "upside_deviation": null,
            "ytm": null
        },
        "min_addl_amt": "\u20b9 500",
        "min_addl_amt_multiple": "\u20b9 500",
        "min_amt": "\u20b9 500",
        "min_amt_multiple": "\u20b9 500",
        "monthly_aaum_date": "31-03-2025",
        "monthly_aaum_value": "\u20b9 75.86 crore",
        "mutual_fund_name": "360 ONE Mutual Fund",
        "page_number": [
            8
        ],
        "scheme_launch_date": "December 28, 2022"
    },
    "360 ONE BALANCED HYBRID FUND": {
        "amc_name": "360 ONE Asset Management Limited",
        "benchmark_index": "Nifty 50 Hybrid Composite Debt 5050 Index",
        "fund_manager": [
            {
                "managing_fund_since": "",
                "name": "Mayur Patel Equity Mr. Mayur Patel",
                "qualification": "",
                "total_exp": "20 Years"
            },
            {
                "managing_fund_since": "",
                "name": "Ashish Equity Ongari Mr. Ashish",
                "qualification": "",
                "total_exp": "Six Years"
            },
            {
                "managing_fund_since": "",
                "name": "Milan Mody Debt Mr. Mody",
                "qualification": "",
                "total_exp": "20 Years"
            },
            {
                "managing_fund_since": "",
                "name": "Manumaharaj Debt Saravanaraj Mr. Saravanaraj",
                "qualification": "",
                "total_exp": "1 Year"
            }
        ],
        "load": {
            "entry_load": "NIL",
            "exit_load": "- Redemption  switch-out of 10 of Units alloted on or before completion of 12 months from the date of allotment- NIL exit load. - Redemption switch out in excess of the 10 of Units allotted on or before completion of 12 months from the date of allotment 1.00 exit load. - Nil - if redeemed  switched out after 12 months from the date of allotment"
        },
        "main_scheme_name": "360 ONE BALANCED HYBRID FUND",
        "metrics": {
            "alpha": null,
            "arithmetic_mean_ratio": null,
            "average_div_yld": null,
            "average_pb": null,
            "average_pe": null,
            "avg_maturity": "3.1566 years",
            "beta": "NA",
            "correlation_ratio": null,
            "downside_deviation": null,
            "information_ratio": null,
            "macaulay": "2.7348 years",
            "mod_duration": null,
            "port_turnover_ratio": "0.60",
            "r_squared_ratio": "NA",
            "roe_ratio": null,
            "sharpe": "NA",
            "sortino_ratio": null,
            "std_dev": "NA",
            "tracking_error": null,
            "treynor_ratio": "NA",
            "upside_deviation": null,
            "ytm": "7.4294"
        },
        "min_addl_amt": "\u20b9 1000",
        "min_addl_amt_multiple": "\u20b9 1",
        "min_amt": "\u20b9 1000",
        "min_amt_multiple": "\u20b9 1",
        "monthly_aaum_date": "31-03-2025",
        "monthly_aaum_value": "\u20b9 832.72 crore",
        "mutual_fund_name": "360 ONE Mutual Fund",
        "page_number": [
            9,
            10
        ],
        "scheme_launch_date": "September 25, 2023"
    },
    "360 ONE DYNAMIC BOND FUND": {
        "amc_name": "360 ONE Asset Management Limited",
        "benchmark_index": "CRISIL Dynamic Bond A-III Index",
        "fund_manager": [
            {
                "managing_fund_since": "",
                "name": "Milan Mody Mr. Mody",
                "qualification": "",
                "total_exp": "20 Years"
            },
            {
                "managing_fund_since": "",
                "name": "Manumaharaj Co- Fund Manager Saravanaraj Mr. Saravanaraj",
                "qualification": "",
                "total_exp": "1 Year"
            }
        ],
        "load": {
            "entry_load": "NIL",
            "exit_load": "NIL"
        },
        "main_scheme_name": "360 ONE DYNAMIC BOND FUND",
        "metrics": {
            "alpha": null,
            "arithmetic_mean_ratio": null,
            "average_div_yld": null,
            "average_pb": null,
            "average_pe": null,
            "avg_maturity": "6.2874 years",
            "beta": null,
            "correlation_ratio": null,
            "downside_deviation": null,
            "information_ratio": null,
            "macaulay": "4.7692 years",
            "mod_duration": null,
            "port_turnover_ratio": null,
            "r_squared_ratio": null,
            "roe_ratio": null,
            "sharpe": null,
            "sortino_ratio": null,
            "std_dev": null,
            "tracking_error": null,
            "treynor_ratio": null,
            "upside_deviation": null,
            "ytm": "7.4483"
        },
        "min_addl_amt": "\u20b9 1000",
        "min_addl_amt_multiple": "\u20b9 1",
        "min_amt": "\u20b9 10,000",
        "min_amt_multiple": "\u20b9 1",
        "monthly_aaum_date": "31-03-2025",
        "monthly_aaum_value": "\u20b9 715.70 crore",
        "mutual_fund_name": "360 ONE Mutual Fund",
        "page_number": [
            11
        ],
        "scheme_launch_date": "June 24, 2013"
    },
    "360 ONE LIQUID FUND": {
        "amc_name": "360 ONE Asset Management Limited",
        "benchmark_index": "CRISIL Liquid Debt A-I Index",
        "fund_manager": [
            {
                "managing_fund_since": "",
                "name": "Milan Mody Mr. Mody",
                "qualification": "",
                "total_exp": "20 Years"
            },
            {
                "managing_fund_since": "",
                "name": "Manumaharaj Co- Fund Manager Saravanaraj Mr. Saravanaraj",
                "qualification": "",
                "total_exp": "1 Year"
            }
        ],
        "load": {
            "entry_load": "NIL",
            "exit_load": "Investor exit upon Exit load as a  of Subscription redemption proceeds Day 1  0.0070 Past performance may or may not be sustained in future. Different plans shall have different expense structure. Point to Point (PTP) returns in is based on stan Day 2  0.0065 investment of 10,000 Since Inception date is 13-Nov-2013  CRISIL Liquid Debt A-I Index, CRISIL 1 Year T-Bill Index. Day 3  0.0060 Day 4  0.0055 Day 5  0.0050 Day 6  0.0045 Day 7 Onwards  0.0000"
        },
        "main_scheme_name": "360 ONE LIQUID FUND",
        "metrics": {
            "alpha": null,
            "arithmetic_mean_ratio": null,
            "average_div_yld": null,
            "average_pb": null,
            "average_pe": null,
            "avg_maturity": "0.1208 years",
            "beta": null,
            "correlation_ratio": null,
            "downside_deviation": null,
            "information_ratio": null,
            "macaulay": "0.1202 years",
            "mod_duration": null,
            "port_turnover_ratio": null,
            "r_squared_ratio": null,
            "roe_ratio": null,
            "sharpe": null,
            "sortino_ratio": null,
            "std_dev": null,
            "tracking_error": null,
            "treynor_ratio": null,
            "upside_deviation": null,
            "ytm": "7.1705"
        },
        "min_addl_amt": "\u20b9 1000",
        "min_addl_amt_multiple": "\u20b9 1",
        "min_amt": "\u20b9 5,000",
        "min_amt_multiple": "\u20b9 1",
        "monthly_aaum_date": "31-03-2025",
        "monthly_aaum_value": "\u20b9 1,061.96 crore",
        "mutual_fund_name": "360 ONE Mutual Fund",
        "page_number": [
            12
        ],
        "scheme_launch_date": "November 13, 2013"
    }
}