{
    "Mahindra Manulife  ELSS Tax Saver Fund": {
        "amc_name": "Mahindra Manulife Investment Management Private Limited",
        "benchmark_index": "Nifty 500 TRI",
        "fund_manager": [
            {
                "managing_fund_since": "October 16, 2020",
                "name": "Fatema Pacha",
                "qualification": "4 Years And 4 Months",
                "total_exp": "18 Years"
            },
            {
                "managing_fund_since": "December 21, 2020",
                "name": "Manish Lodha",
                "qualification": "4 Years And 2 Months",
                "total_exp": "23 Years"
            }
        ],
        "load": {
            "entry_load": "N.A.",
            "exit_load": "Nil NAV as on Feb 28, 2025 Regular Plan Direct Plan NAV/Unit (In Rs.) (In Rs.) IDCW 16.9324 20.4078 Growth 24.6164 28.7015"
        },
        "main_scheme_name": "Mahindra Manulife  ELSS Tax Saver Fund",
        "metrics": {
            "alpha": "-0.0898",
            "arithmetic_mean_ratio": null,
            "average_div_yld": null,
            "average_pb": null,
            "average_pe": null,
            "avg_maturity": null,
            "beta": "0.89",
            "correlation_ratio": null,
            "downside_deviation": null,
            "information_ratio": null,
            "macaulay": null,
            "mod_duration": null,
            "port_turnover_ratio": "0.75",
            "r_squared_ratio": null,
            "roe_ratio": null,
            "sharpe": "0.37",
            "sortino_ratio": null,
            "std_dev": "13.52",
            "tracking_error": null,
            "treynor_ratio": null,
            "upside_deviation": null,
            "ytm": null
        },
        "min_addl_amt": "\u20b9 500",
        "min_addl_amt_multiple": "\u20b9 500",
        "min_amt": "\u20b9 500",
        "min_amt_multiple": "\u20b9 500",
        "monthly_aaum_date": "31-03-2025",
        "monthly_aaum_value": "\u20b9 878.33",
        "mutual_fund_name": "Mahindra Manulife Mutual Fund",
        "page_number": [
            8
        ],
        "scheme_launch_date": "October 18, 2016"
    },
    "Mahindra Manulife  Multi Cap Fund": {
        "amc_name": "Mahindra Manulife Investment Management Private Limited",
        "benchmark_index": "Nifty 500 Multicap 502525 TRI",
        "fund_manager": [
            {
                "managing_fund_since": "December 21, 2020",
                "name": "Manish Lodha",
                "qualification": "4 Years And 2 Months",
                "total_exp": "23 Years"
            },
            {
                "managing_fund_since": "October 16, 2020",
                "name": "Fatema Pacha",
                "qualification": "4 Years And 4 Months",
                "total_exp": "18 Years"
            }
        ],
        "load": {
            "entry_load": "N.A.",
            "exit_load": "An Exit Load of 1 is payable if Units are redeemed / switched-out upto 3 months from the date of allotment  Nil if Units are redeemed / switched-out after 3 months from the date of allotment. NAV as on Feb 28, 2025 Regular Plan Direct Plan NAV/Unit (In Rs.) (In Rs.) IDCW 22.5193 26.7696 Growth 29.6610 34.2353"
        },
        "main_scheme_name": "Mahindra Manulife  Multi Cap Fund",
        "metrics": {
            "alpha": "0.0338",
            "arithmetic_mean_ratio": null,
            "average_div_yld": null,
            "average_pb": null,
            "average_pe": null,
            "avg_maturity": null,
            "beta": "0.96",
            "correlation_ratio": null,
            "downside_deviation": null,
            "information_ratio": null,
            "macaulay": null,
            "mod_duration": null,
            "port_turnover_ratio": "1.23",
            "r_squared_ratio": null,
            "roe_ratio": null,
            "sharpe": "0.56",
            "sortino_ratio": null,
            "std_dev": "15.82",
            "tracking_error": null,
            "treynor_ratio": null,
            "upside_deviation": null,
            "ytm": null
        },
        "min_addl_amt": "\u20b9 1,000",
        "min_addl_amt_multiple": "\u20b9 1",
        "min_amt": "\u20b9 1,000",
        "min_amt_multiple": "\u20b9 1",
        "monthly_aaum_date": "31-03-2025",
        "monthly_aaum_value": "\u20b9 4,676.54",
        "mutual_fund_name": "Mahindra Manulife Mutual Fund",
        "page_number": [
            9
        ],
        "scheme_launch_date": "May 11, 2017"
    },
    "Mahindra Manulife  Mid Cap Fund": {
        "amc_name": "Mahindra Manulife Investment Management Private Limited",
        "benchmark_index": "Nifty Midcap 150 TRI",
        "fund_manager": [
            {
                "managing_fund_since": "December 03, 2024.",
                "name": "Kirti Dalvi",
                "qualification": "3 Months",
                "total_exp": "18 Years"
            },
            {
                "managing_fund_since": "December 21, 2020",
                "name": "Krishna Sanghavi",
                "qualification": "4 Month S (Managing Since October 24, 2024) Fund Manager  Mr. Manish Lodha Total Experience 23 Years Experience In Managing This Fund 4 Years And 2 Months",
                "total_exp": "27 Years"
            }
        ],
        "load": {
            "entry_load": "N.A.",
            "exit_load": "An Exit Load of 1 is payable if Units are redeemed / switched-out upto 3 months from the date of allotment  Nil if Units are redeemed / switched-out after 3 months from the date of allotment. NAV as on Feb 28, 2025 Regular Plan Direct Plan NAV/Unit (In Rs.) (In Rs.) IDCW 22.7560 26.0839 Growth 27.9243 31.4308"
        },
        "main_scheme_name": "Mahindra Manulife  Mid Cap Fund",
        "metrics": {
            "alpha": "0.0243",
            "arithmetic_mean_ratio": null,
            "average_div_yld": null,
            "average_pb": null,
            "average_pe": null,
            "avg_maturity": null,
            "beta": "0.95",
            "correlation_ratio": null,
            "downside_deviation": null,
            "information_ratio": null,
            "macaulay": null,
            "mod_duration": null,
            "port_turnover_ratio": "0.64",
            "r_squared_ratio": null,
            "roe_ratio": null,
            "sharpe": "0.76",
            "sortino_ratio": null,
            "std_dev": "16.81",
            "tracking_error": null,
            "treynor_ratio": null,
            "upside_deviation": null,
            "ytm": null
        },
        "min_addl_amt": "\u20b9 1,000",
        "min_addl_amt_multiple": "\u20b9 1",
        "min_amt": "\u20b9 1,000",
        "min_amt_multiple": "\u20b9 1",
        "monthly_aaum_date": "31-03-2025",
        "monthly_aaum_value": "\u20b9 3,224.29",
        "mutual_fund_name": "Mahindra Manulife Mutual Fund",
        "page_number": [
            10
        ],
        "scheme_launch_date": "January 30, 2018"
    },
    "Mahindra Manulife  Consumption Fund": {
        "amc_name": "Mahindra Manulife Investment Management Private Limited",
        "benchmark_index": "Nifty India Consumption TRI",
        "fund_manager": [
            {
                "managing_fund_since": "October 24, 2024",
                "name": "Navin Matta",
                "qualification": "4 Months",
                "total_exp": "19 Years"
            },
            {
                "managing_fund_since": "December 21, 2020",
                "name": "Fatema Pacha",
                "qualification": "4 Years And 2 Months",
                "total_exp": "18 Years"
            }
        ],
        "load": {
            "entry_load": "N.A.",
            "exit_load": "An Exit Load of 1 is payable if Units are redeemed / switched-out upto 3 months from the date of allotment  Nil if Units are redeemed / switched-out after 3 months from the date of allotment. NAV as on Feb 28, 2025 Regular Plan Direct Plan NAV/Unit (In Rs.) (In Rs.) IDCW 15.7585 17.8453 Growth 19.5968 21.8208"
        },
        "main_scheme_name": "Mahindra Manulife  Consumption Fund",
        "metrics": {
            "alpha": "-0.0564",
            "arithmetic_mean_ratio": null,
            "average_div_yld": null,
            "average_pb": null,
            "average_pe": null,
            "avg_maturity": null,
            "beta": "0.86",
            "correlation_ratio": null,
            "downside_deviation": null,
            "information_ratio": null,
            "macaulay": null,
            "mod_duration": null,
            "port_turnover_ratio": "0.30",
            "r_squared_ratio": null,
            "roe_ratio": null,
            "sharpe": "0.52",
            "sortino_ratio": null,
            "std_dev": "14.79",
            "tracking_error": null,
            "treynor_ratio": null,
            "upside_deviation": null,
            "ytm": null
        },
        "min_addl_amt": "\u20b9 1,000",
        "min_addl_amt_multiple": "\u20b9 1",
        "min_amt": "\u20b9 1,000",
        "min_amt_multiple": "\u20b9 1",
        "monthly_aaum_date": "31-03-2025",
        "monthly_aaum_value": "\u20b9 433.16",
        "mutual_fund_name": "Mahindra Manulife Mutual Fund",
        "page_number": [
            11
        ],
        "scheme_launch_date": "November 13, 2018"
    },
    "Mahindra Manulife  Large Cap Fund": {
        "amc_name": "Mahindra Manulife Investment Management Private Limited",
        "benchmark_index": "Nifty 100 TRI",
        "fund_manager": [
            {
                "managing_fund_since": "December 21, 2020",
                "name": "Fatema Pacha",
                "qualification": "4 Years And 2 Months",
                "total_exp": "18 Years"
            }
        ],
        "load": {
            "entry_load": "N.A.",
            "exit_load": "An Exit Load of 1 is payable if Units are redeemed / switched-out upto 3 months from the date of allotment  Nil if Units are redeemed / switched-out after 3 months from the date of allotment. NAV as on Feb 28, 2025 Regular Plan Direct Plan NAV/Unit (In Rs.) (In Rs.) IDCW 16.0064 18.1704 Growth 20.3568 22.6938"
        },
        "main_scheme_name": "Mahindra Manulife  Large Cap Fund",
        "metrics": {
            "alpha": "0.0101",
            "arithmetic_mean_ratio": null,
            "average_div_yld": null,
            "average_pb": null,
            "average_pe": null,
            "avg_maturity": null,
            "beta": "0.89",
            "correlation_ratio": null,
            "downside_deviation": null,
            "information_ratio": null,
            "macaulay": null,
            "mod_duration": null,
            "port_turnover_ratio": "0.73",
            "r_squared_ratio": null,
            "roe_ratio": null,
            "sharpe": "0.36",
            "sortino_ratio": null,
            "std_dev": "12.97",
            "tracking_error": null,
            "treynor_ratio": null,
            "upside_deviation": null,
            "ytm": null
        },
        "min_addl_amt": "\u20b9 1,000",
        "min_addl_amt_multiple": "\u20b9 1",
        "min_amt": "\u20b9 1,000",
        "min_amt_multiple": "\u20b9 1",
        "monthly_aaum_date": "31-03-2025",
        "monthly_aaum_value": "\u20b9 580.20",
        "mutual_fund_name": "Mahindra Manulife Mutual Fund",
        "page_number": [
            12
        ],
        "scheme_launch_date": "March 15, 2019"
    },
    "Mahindra Manulife  Large & Mid Cap Fund": {
        "amc_name": "Mahindra Manulife Investment Management Private Limited",
        "benchmark_index": "NIFTY Large Midcap 250 TRI",
        "fund_manager": [
            {
                "managing_fund_since": "December 21, 2020",
                "name": "Manish Lodha",
                "qualification": "4 Years And 2 Months",
                "total_exp": "23 Years"
            }
        ],
        "load": {
            "entry_load": "N.A.",
            "exit_load": "An Exit Load of 1 is payable if Units are redeemed / switched-out upto 3 months from the date of allotment  Nil if Units are redeemed / switched-out after 3 months from the date of allotment. NAV as on Feb 28, 2025 Regular Plan Direct Plan NAV/Unit (In Rs.) (In Rs.) IDCW 18.4861 20.5212 Growth 22.9339 25.1284"
        },
        "main_scheme_name": "Mahindra Manulife  Large & Mid Cap Fund",
        "metrics": {
            "alpha": "-0.1835",
            "arithmetic_mean_ratio": null,
            "average_div_yld": null,
            "average_pb": null,
            "average_pe": null,
            "avg_maturity": null,
            "beta": "0.92",
            "correlation_ratio": null,
            "downside_deviation": null,
            "information_ratio": null,
            "macaulay": null,
            "mod_duration": null,
            "port_turnover_ratio": "1.37",
            "r_squared_ratio": null,
            "roe_ratio": null,
            "sharpe": "0.43",
            "sortino_ratio": null,
            "std_dev": "14.75",
            "tracking_error": null,
            "treynor_ratio": null,
            "upside_deviation": null,
            "ytm": null
        },
        "min_addl_amt": null,
        "min_addl_amt_multiple": null,
        "min_amt": "\u20b9 1,000",
        "min_amt_multiple": "\u20b9 1",
        "monthly_aaum_date": "31-03-2025",
        "monthly_aaum_value": "\u20b9 2,362.92",
        "mutual_fund_name": "Mahindra Manulife Mutual Fund",
        "page_number": [
            13
        ],
        "scheme_launch_date": "December 30, 2019"
    },
    "Mahindra Manulife  Focused Fund": {
        "amc_name": "Mahindra Manulife Investment Management Private Limited",
        "benchmark_index": "Nifty 500 TRI",
        "fund_manager": [
            {
                "managing_fund_since": "November 17, 2020",
                "name": "Krishna Sanghavi",
                "qualification": "4 Years And 3 Months",
                "total_exp": "27 Years"
            },
            {
                "managing_fund_since": "December 21, 2020",
                "name": "Fatema Pacha",
                "qualification": "4 Years And 2 Months",
                "total_exp": "18 Years"
            }
        ],
        "load": {
            "entry_load": "N.A.",
            "exit_load": "An Exit Load of 1 is payable if Units are redeemed / switched-out upto 3 months from the date of allotment  Nil if Units are redeemed / switched-out after 3 months from the date of allotment. NAV as on Feb 28, 2025 Regular Plan Direct Plan NAV/Unit (In Rs.) (In Rs.) IDCW 17.9830 19.7239 Growth 23.5493 25.5641"
        },
        "main_scheme_name": "Mahindra Manulife  Focused Fund",
        "metrics": {
            "alpha": "0.3685",
            "arithmetic_mean_ratio": null,
            "average_div_yld": null,
            "average_pb": null,
            "average_pe": null,
            "avg_maturity": null,
            "beta": "0.89",
            "correlation_ratio": null,
            "downside_deviation": null,
            "information_ratio": null,
            "macaulay": null,
            "mod_duration": null,
            "port_turnover_ratio": "0.30",
            "r_squared_ratio": null,
            "roe_ratio": null,
            "sharpe": "0.75",
            "sortino_ratio": null,
            "std_dev": "13.96",
            "tracking_error": null,
            "treynor_ratio": null,
            "upside_deviation": null,
            "ytm": null
        },
        "min_addl_amt": null,
        "min_addl_amt_multiple": null,
        "min_amt": "\u20b9 1,000",
        "min_amt_multiple": "\u20b9 1",
        "monthly_aaum_date": "31-03-2025",
        "monthly_aaum_value": "\u20b9 1,866.46",
        "mutual_fund_name": "Mahindra Manulife Mutual Fund",
        "page_number": [
            14
        ],
        "scheme_launch_date": "November 17, 2020"
    },
    "Mahindra Manulife  Flexi Cap Fund": {
        "amc_name": "Mahindra Manulife Investment Management Private Limited",
        "benchmark_index": "Nifty 500 TRI",
        "fund_manager": [
            {
                "managing_fund_since": "August 23, 2021",
                "name": "Fatema Pacha",
                "qualification": "3 Years And 6 Months",
                "total_exp": "18 Years"
            },
            {
                "managing_fund_since": "August 23, 2021",
                "name": "Manish Lodha",
                "qualification": "3 Years And 6 Months",
                "total_exp": "23 Years"
            }
        ],
        "load": {
            "entry_load": "N.A.",
            "exit_load": "An Exit Load of 1 is payable if Units are redeemed / switched-out upto 3 months from the date of allotment  Nil if Units are redeemed / switched-out after 3 months from the date of allotment. Redemption /Switch-Out of Units would be done on First in First out Basis (FIFO). NAV as on Feb 28, 2025 Regular Plan Direct Plan NAV/Unit (In Rs.) (In Rs.) IDCW 12.9920 13.9252 Growth 14.0077 14.9575"
        },
        "main_scheme_name": "Mahindra Manulife  Flexi Cap Fund",
        "metrics": {
            "alpha": "0.0552",
            "arithmetic_mean_ratio": null,
            "average_div_yld": null,
            "average_pb": null,
            "average_pe": null,
            "avg_maturity": null,
            "beta": "0.92",
            "correlation_ratio": null,
            "downside_deviation": null,
            "information_ratio": null,
            "macaulay": null,
            "mod_duration": null,
            "port_turnover_ratio": "0.80",
            "r_squared_ratio": null,
            "roe_ratio": null,
            "sharpe": "0.50",
            "sortino_ratio": null,
            "std_dev": "13.92",
            "tracking_error": null,
            "treynor_ratio": null,
            "upside_deviation": null,
            "ytm": null
        },
        "min_addl_amt": "\u20b9 1,000",
        "min_addl_amt_multiple": "\u20b9 1",
        "min_amt": "\u20b9 1,000",
        "min_amt_multiple": "\u20b9 1",
        "monthly_aaum_date": "31-03-2025",
        "monthly_aaum_value": "\u20b9 1,369.55",
        "mutual_fund_name": "Mahindra Manulife Mutual Fund",
        "page_number": [
            15
        ],
        "scheme_launch_date": "August 23, 2021"
    },
    "Mahindra Manulife  Small Cap Fund": {
        "amc_name": "Mahindra Manulife Investment Management Private Limited",
        "benchmark_index": "BSE 250 Small Cap TRI",
        "fund_manager": [
            {
                "managing_fund_since": "December 23, 2024",
                "name": "Vishal Jajoo",
                "qualification": "2 Months",
                "total_exp": "17 Years"
            },
            {
                "managing_fund_since": "October 24, 2024",
                "name": "Krishna Sanghavi",
                "qualification": "4 Months",
                "total_exp": "27 Years"
            },
            {
                "managing_fund_since": "December 12, 2022",
                "name": "Manish Lodha",
                "qualification": "2 Years And 2 Months",
                "total_exp": "23 Years"
            }
        ],
        "load": {
            "entry_load": "N.A.",
            "exit_load": "An Exit Load of 1 is payable if Units are redeemed / switched-out upto 3 months from the date of allotment  Nil if Units are redeemed / switched-out after 3 months from the date of allotment. NAV as on Feb 28, 2025 Regular Plan Direct Plan NAV/Unit (In Rs.) (In Rs.) IDCW 15.8146 16.4090 Growth 15.8146 16.4090"
        },
        "main_scheme_name": "Mahindra Manulife  Small Cap Fund",
        "metrics": {
            "alpha": null,
            "arithmetic_mean_ratio": null,
            "average_div_yld": null,
            "average_pb": null,
            "average_pe": null,
            "avg_maturity": null,
            "beta": null,
            "correlation_ratio": null,
            "downside_deviation": null,
            "information_ratio": null,
            "macaulay": null,
            "mod_duration": null,
            "port_turnover_ratio": "0.94",
            "r_squared_ratio": null,
            "roe_ratio": null,
            "sharpe": null,
            "sortino_ratio": null,
            "std_dev": null,
            "tracking_error": null,
            "treynor_ratio": null,
            "upside_deviation": null,
            "ytm": null
        },
        "min_addl_amt": "\u20b9 1,000",
        "min_addl_amt_multiple": "\u20b9 1",
        "min_amt": "\u20b9 1000",
        "min_amt_multiple": "\u20b9 1",
        "monthly_aaum_date": "31-03-2025",
        "monthly_aaum_value": "\u20b9 3,377.08",
        "mutual_fund_name": "Mahindra Manulife Mutual Fund",
        "page_number": [
            16
        ],
        "scheme_launch_date": "December 12, 2022"
    },
    "Mahindra Manulife  Business Cycle Fund": {
        "amc_name": "Mahindra Manulife Investment Management Private Limited",
        "benchmark_index": "NIFTY 500 TRI",
        "fund_manager": [
            {
                "managing_fund_since": "September 11, 2023",
                "name": "Krishna Sanghavi",
                "qualification": "1 Year And 5 Months",
                "total_exp": "27 Years"
            },
            {
                "managing_fund_since": "September 11, 2023",
                "name": "Renjith Sivaram",
                "qualification": "1 Year And 5 Months",
                "total_exp": "14 Years"
            }
        ],
        "load": {
            "entry_load": "N.A.",
            "exit_load": "An Exit Load of 1 is payable if Units are redeemed / switched-out upto 3 months from the date of allotment  Nil if Units are redeemed / switched-out after 3 months from the date of allotment. Redemption /Switch-Out of Units would be done on First in First out Basis (FIFO). NAV as on Feb 28, 2025 Regular Plan Direct Plan NAV/Unit (In Rs.) (In Rs.) IDCW 12.5844 12.9178 Growth 12.5844 12.9178"
        },
        "main_scheme_name": "Mahindra Manulife  Business Cycle Fund",
        "metrics": {
            "alpha": null,
            "arithmetic_mean_ratio": null,
            "average_div_yld": null,
            "average_pb": null,
            "average_pe": null,
            "avg_maturity": null,
            "beta": null,
            "correlation_ratio": null,
            "downside_deviation": null,
            "information_ratio": null,
            "macaulay": null,
            "mod_duration": null,
            "port_turnover_ratio": "0.60",
            "r_squared_ratio": null,
            "roe_ratio": null,
            "sharpe": null,
            "sortino_ratio": null,
            "std_dev": null,
            "tracking_error": null,
            "treynor_ratio": null,
            "upside_deviation": null,
            "ytm": null
        },
        "min_addl_amt": "\u20b9 1,000",
        "min_addl_amt_multiple": "\u20b9 1",
        "min_amt": "\u20b9 1000",
        "min_amt_multiple": "\u20b9 1",
        "monthly_aaum_date": "31-03-2025",
        "monthly_aaum_value": "\u20b9 1,113.16",
        "mutual_fund_name": "Mahindra Manulife Mutual Fund",
        "page_number": [
            17
        ],
        "scheme_launch_date": "September 11, 2023"
    },
    "Mahindra Manulife  Manufacturing Fund": {
        "amc_name": "Mahindra Manulife Investment Management Private Limited",
        "benchmark_index": "BSE India Manufacturing TRI",
        "fund_manager": [
            {
                "managing_fund_since": "June 24, 2024",
                "name": "Renjith Sivaram",
                "qualification": "8 Months",
                "total_exp": "14 Years"
            },
            {
                "managing_fund_since": "June 24, 2024",
                "name": "Manish Lodha",
                "qualification": "8 Months",
                "total_exp": "23 Years"
            }
        ],
        "load": {
            "entry_load": "N.A.",
            "exit_load": "An Exit Load of 0.5 is payable if Units are redeemed / switched-out upto 3 months from the date of allotment  Nil - If Units are redeemed / switched-out after completion of 3 months from the date of allotment. Redemption /Switch-Out of Units would be done on First in First Out Basis (FIFO). NAV as on Feb 28, 2025 Regular Plan Direct Plan NAV/Unit (In Rs.) (In Rs.) IDCW 8.0706 8.1610 Growth 8.0706 8.1610"
        },
        "main_scheme_name": "Mahindra Manulife  Manufacturing Fund",
        "metrics": {
            "alpha": null,
            "arithmetic_mean_ratio": null,
            "average_div_yld": null,
            "average_pb": null,
            "average_pe": null,
            "avg_maturity": null,
            "beta": null,
            "correlation_ratio": null,
            "downside_deviation": null,
            "information_ratio": null,
            "macaulay": null,
            "mod_duration": null,
            "port_turnover_ratio": null,
            "r_squared_ratio": null,
            "roe_ratio": null,
            "sharpe": null,
            "sortino_ratio": null,
            "std_dev": null,
            "tracking_error": null,
            "treynor_ratio": null,
            "upside_deviation": null,
            "ytm": null
        },
        "min_addl_amt": "\u20b9 1,000",
        "min_addl_amt_multiple": "\u20b9 1",
        "min_amt": "\u20b9 1,000",
        "min_amt_multiple": "\u20b9 1",
        "monthly_aaum_date": "31-03-2025",
        "monthly_aaum_value": "\u20b9 798.87",
        "mutual_fund_name": "Mahindra Manulife Mutual Fund",
        "page_number": [
            18
        ],
        "scheme_launch_date": "June 24, 2024"
    },
    "Mahindra Manulife Pacific REITs FO": {
        "amc_name": "Mahindra Manulife Investment Management Private Limited",
        "benchmark_index": "FTSE EPRA Nareit Asia ex Japan REITs Index",
        "fund_manager": [
            {
                "managing_fund_since": "January 01, 2025",
                "name": "Krishna Sanghavi",
                "qualification": "2 Months",
                "total_exp": "27 Years"
            },
            {
                "managing_fund_since": "October 20, 2021",
                "name": "Amit Garg",
                "qualification": "3 Years And 4 Months",
                "total_exp": "19 Years"
            }
        ],
        "load": {
            "entry_load": "N.A.",
            "exit_load": "10 of the units allotted shall be redeemed without any exit load, on or before completion of 12 months from the date of allotment of Units. Any redemption in excess of the above limit shall be subject to the following exit load   An exit load of 1 is payable if Units are redeemed / switched-out on or before completion of 12 months from the date of allotment of Units  Nil - If Units are redeemed / switched-out after completion of 12 months from the date of allotment of Units. Redemption /Switch-Out of Units would be done on First in First Out Basis (FIFO). NAV as on Feb 28, 2025 Regular Plan Direct Plan NAV/Unit (In Rs.) (In Rs.) IDCW 8.2395 8.5153 Growth 8.2395 8.5153"
        },
        "main_scheme_name": "Mahindra Manulife Pacific REITs FO",
        "metrics": {
            "alpha": null,
            "arithmetic_mean_ratio": null,
            "average_div_yld": null,
            "average_pb": null,
            "average_pe": null,
            "avg_maturity": null,
            "beta": null,
            "correlation_ratio": null,
            "downside_deviation": null,
            "information_ratio": null,
            "macaulay": null,
            "mod_duration": null,
            "port_turnover_ratio": null,
            "r_squared_ratio": null,
            "roe_ratio": null,
            "sharpe": null,
            "sortino_ratio": null,
            "std_dev": null,
            "tracking_error": null,
            "treynor_ratio": null,
            "upside_deviation": null,
            "ytm": null
        },
        "min_addl_amt": "\u20b9 1,000",
        "min_addl_amt_multiple": "\u20b9 1",
        "min_amt": "\u20b9 5,000",
        "min_amt_multiple": "\u20b9 1",
        "monthly_aaum_date": "31-03-2025",
        "monthly_aaum_value": "\u20b9 22.63",
        "mutual_fund_name": "Mahindra Manulife Mutual Fund",
        "page_number": [
            19
        ],
        "scheme_launch_date": "October 20, 2021"
    },
    "Mahindra Manulife  Equity Savings Fund": {
        "amc_name": "Mahindra Manulife Investment Management Private Limited",
        "benchmark_index": "Nifty Equity Savings TRI",
        "fund_manager": [
            {
                "managing_fund_since": "December 21, 2020",
                "name": "Manish Lodha",
                "qualification": "4 Years And 2 Months",
                "total_exp": "23 Years"
            },
            {
                "managing_fund_since": "July 03, 2023",
                "name": "Renjith Sivaram",
                "qualification": "1 Year And 8 Months",
                "total_exp": "14 Years"
            },
            {
                "managing_fund_since": "February 1, 2017",
                "name": "Rahul Pal",
                "qualification": "8 Years And 1 Month",
                "total_exp": "22 Years"
            }
        ],
        "load": {
            "entry_load": "N.A.",
            "exit_load": "10 of the units allotted shall be redeemed without any exit load, on or before completion of 15 calendar days from the date of allotment of Units. Any redemption in excess of the above limit shall be subject to the following exit load  An exit load of 1 is payable if Units are redeemed / switched-out on or before completion of 15 calendar days from the date of allotment of Units  Nil - If Units are redeemed / switched-out after completion of 15 calendar days from the date of allotment of Units."
        },
        "main_scheme_name": "Mahindra Manulife  Equity Savings Fund",
        "metrics": {
            "alpha": "-0.0499",
            "arithmetic_mean_ratio": null,
            "average_div_yld": null,
            "average_pb": null,
            "average_pe": null,
            "avg_maturity": "2.05 Years",
            "beta": "1.10",
            "correlation_ratio": null,
            "downside_deviation": null,
            "information_ratio": null,
            "macaulay": "1.75 Years",
            "mod_duration": "1.67",
            "port_turnover_ratio": "4.52",
            "r_squared_ratio": null,
            "roe_ratio": null,
            "sharpe": "0.24",
            "sortino_ratio": null,
            "std_dev": "5.69",
            "tracking_error": null,
            "treynor_ratio": null,
            "upside_deviation": null,
            "ytm": "7.11"
        },
        "min_addl_amt": "\u20b9 1,000",
        "min_addl_amt_multiple": "\u20b9 1",
        "min_amt": "\u20b9 1,000",
        "min_amt_multiple": "\u20b9 1",
        "monthly_aaum_date": "31-03-2025",
        "monthly_aaum_value": "\u20b9 555.39",
        "mutual_fund_name": "Mahindra Manulife Mutual Fund",
        "page_number": [
            21
        ],
        "scheme_launch_date": "February 1, 2017"
    },
    "Mahindra Manulife  Aggressive Hybrid  Fund": {
        "amc_name": "Mahindra Manulife Investment Management Private Limited",
        "benchmark_index": "CRISIL Hybrid 3565 Aggressive Index",
        "fund_manager": [
            {
                "managing_fund_since": "October 16, 2020",
                "name": "Fatema Pacha",
                "qualification": "4 Years And 4 Months",
                "total_exp": "18 Years"
            },
            {
                "managing_fund_since": "December 21, 2020",
                "name": "Manish Lodha",
                "qualification": "4 Years And 2 Months",
                "total_exp": "23 Years"
            },
            {
                "managing_fund_since": "July 19, 2019",
                "name": "Rahul Pal",
                "qualification": "5 Years And 7 Months",
                "total_exp": "22 Years"
            },
            {
                "managing_fund_since": "May 02, 2024",
                "name": "Amit Garg",
                "qualification": "10 Months",
                "total_exp": "19 Years"
            }
        ],
        "load": {
            "entry_load": "N.A.",
            "exit_load": "10 of the units allotted shall be redeemed without any exit load, on or before completion of 3 months from the date of allotment of Units. Any redemption in excess of the above limit shall be subject to the following exit load  An exit load of 1 is payable if Units are redeemed / switched-out on or before completion of 3 months from the date of allotment of Units  Nil - If Units are redeemed / switched-out after completion of 3 months from the date of allotment of Units"
        },
        "main_scheme_name": "Mahindra Manulife  Aggressive Hybrid  Fund",
        "metrics": {
            "alpha": "0.1868",
            "arithmetic_mean_ratio": null,
            "average_div_yld": null,
            "average_pb": null,
            "average_pe": null,
            "avg_maturity": "9.60 years",
            "beta": "1.12",
            "correlation_ratio": null,
            "downside_deviation": null,
            "information_ratio": null,
            "macaulay": "4.76 years",
            "mod_duration": "4.56",
            "port_turnover_ratio": "0.74",
            "r_squared_ratio": null,
            "roe_ratio": null,
            "sharpe": "0.61",
            "sortino_ratio": null,
            "std_dev": "11.37",
            "tracking_error": null,
            "treynor_ratio": null,
            "upside_deviation": null,
            "ytm": "7.60"
        },
        "min_addl_amt": null,
        "min_addl_amt_multiple": null,
        "min_amt": "\u20b9 1,000",
        "min_amt_multiple": "\u20b9 1",
        "monthly_aaum_date": "31-03-2025",
        "monthly_aaum_value": "\u20b9 1,508.84",
        "mutual_fund_name": "Mahindra Manulife Mutual Fund",
        "page_number": [
            22
        ],
        "scheme_launch_date": "July 19, 2019"
    },
    "Mahindra Manulife  Balanced Advantage  Fund": {
        "amc_name": "Mahindra Manulife Investment Management Private Limited",
        "benchmark_index": "Nifty 50 Hybrid Composite Debt 50 50 Index TRI",
        "fund_manager": [
            {
                "managing_fund_since": "December 30, 2021",
                "name": "Manish Lodha",
                "qualification": "3 Years And 2 Months",
                "total_exp": "23 Years"
            },
            {
                "managing_fund_since": "December 30, 2021",
                "name": "Fatema Pacha",
                "qualification": "3 Years And 2 Months",
                "total_exp": "18 Years"
            },
            {
                "managing_fund_since": "December 30, 2021",
                "name": "Rahul Pal",
                "qualification": "3 Years And 2 Months",
                "total_exp": "22 Years"
            }
        ],
        "load": {
            "entry_load": "N.A.",
            "exit_load": "10 of the units allotted shall be redeemed without any exit load, on or before completion of 3 months from the date of allotment of Units. Any redemption in excess of the above limit shall be subject to the following exit load  An Exit Load of 1 is payable if Units are redeemed / switched-out on or before completion of 3 months from the date of allotment of Units  Nil - If Units are redeemed / switched-out after completion of 3 months from the date of allotment of Units."
        },
        "main_scheme_name": "Mahindra Manulife  Balanced Advantage  Fund",
        "metrics": {
            "alpha": "0.1079",
            "arithmetic_mean_ratio": null,
            "average_div_yld": null,
            "average_pb": null,
            "average_pe": null,
            "avg_maturity": "6.39 years",
            "beta": "1.02",
            "correlation_ratio": null,
            "downside_deviation": null,
            "information_ratio": null,
            "macaulay": "3.50 years",
            "mod_duration": "3.36",
            "port_turnover_ratio": "2.91",
            "r_squared_ratio": null,
            "roe_ratio": null,
            "sharpe": "0.44",
            "sortino_ratio": null,
            "std_dev": "8.65",
            "tracking_error": null,
            "treynor_ratio": null,
            "upside_deviation": null,
            "ytm": "6.99"
        },
        "min_addl_amt": "\u20b9 1,000",
        "min_addl_amt_multiple": "\u20b9 1",
        "min_amt": "\u20b9 1,000",
        "min_amt_multiple": "\u20b9 1",
        "monthly_aaum_date": "31-03-2025",
        "monthly_aaum_value": "\u20b9 868.58",
        "mutual_fund_name": "Mahindra Manulife Mutual Fund",
        "page_number": [
            23
        ],
        "scheme_launch_date": "December 30, 2021"
    },
    "Mahindra Manulife Multi  Asset Allocation Fund": {
        "amc_name": "Mahindra Manulife Investment Management Private Limited",
        "benchmark_index": "NIFTY 500 TRI",
        "fund_manager": [
            {
                "managing_fund_since": "March 13, 2024",
                "name": "Renjith Sivaram",
                "qualification": "11 Months",
                "total_exp": "14 Years"
            },
            {
                "managing_fund_since": "March 13, 2024",
                "name": "Rahul Pal",
                "qualification": "11 Months",
                "total_exp": "22 Years"
            }
        ],
        "load": {
            "entry_load": "N.A.",
            "exit_load": "An Exit Load of 0.5 is payable if Units are redeemed / switched-out up to 3 months from the date of allotment  Nil if Units are redeemed / switched-out after 3 months from the date of allotment. Redemption /Switch-Out of Units would be done on First in First out Basis (FIFO)."
        },
        "main_scheme_name": "Mahindra Manulife Multi  Asset Allocation Fund",
        "metrics": {
            "alpha": null,
            "arithmetic_mean_ratio": null,
            "average_div_yld": null,
            "average_pb": null,
            "average_pe": null,
            "avg_maturity": "9.32 years",
            "beta": null,
            "correlation_ratio": null,
            "downside_deviation": null,
            "information_ratio": null,
            "macaulay": "5.45 years",
            "mod_duration": "5.22",
            "port_turnover_ratio": null,
            "r_squared_ratio": null,
            "roe_ratio": null,
            "sharpe": null,
            "sortino_ratio": null,
            "std_dev": null,
            "tracking_error": null,
            "treynor_ratio": null,
            "upside_deviation": null,
            "ytm": "7.37"
        },
        "min_addl_amt": "\u20b9 1,000",
        "min_addl_amt_multiple": "\u20b9 1",
        "min_amt": "\u20b9 1,000",
        "min_amt_multiple": "\u20b9 1",
        "monthly_aaum_date": "31-03-2025",
        "monthly_aaum_value": "\u20b9 552.99",
        "mutual_fund_name": "Mahindra Manulife Mutual Fund",
        "page_number": [
            24
        ],
        "scheme_launch_date": "March 13, 2024"
    },
    "Mahindra Manulife  Arbitrage Fund": {
        "amc_name": "Mahindra Manulife Investment Management Private Limited",
        "benchmark_index": "Nifty 50 Arbitrage TRI",
        "fund_manager": [
            {
                "managing_fund_since": "October 24, 2024",
                "name": "Navin Matta",
                "qualification": "4 Months",
                "total_exp": "19 Years"
            },
            {
                "managing_fund_since": "December 21, 2020",
                "name": "Manish Lodha",
                "qualification": "4 Years And 2 Months",
                "total_exp": "23 Years"
            },
            {
                "managing_fund_since": "August 24, 2020",
                "name": "Rahul Pal",
                "qualification": "4 Years And 6 Months",
                "total_exp": "22 Years"
            }
        ],
        "load": {
            "entry_load": "N.A.",
            "exit_load": "An exit load of 0.25 is payable if Units are redeemed / switched-out on or before completion of 30 days from the date of allotment of Units  Nil - If Units are redeemed / switched-out after completion of 30 days from the date of allotment of Units. Redemption /Switch-Out of Units would be done on First in First out Basis (FIFO)."
        },
        "main_scheme_name": "Mahindra Manulife  Arbitrage Fund",
        "metrics": {
            "alpha": "-0.1268",
            "arithmetic_mean_ratio": null,
            "average_div_yld": null,
            "average_pb": null,
            "average_pe": null,
            "avg_maturity": "68.04 days",
            "beta": "0.62",
            "correlation_ratio": null,
            "downside_deviation": null,
            "information_ratio": null,
            "macaulay": "68.04 days",
            "mod_duration": "0.19",
            "port_turnover_ratio": "8.59",
            "r_squared_ratio": null,
            "roe_ratio": null,
            "sharpe": "-2.52",
            "sortino_ratio": null,
            "std_dev": "0.57",
            "tracking_error": null,
            "treynor_ratio": null,
            "upside_deviation": null,
            "ytm": "6.39"
        },
        "min_addl_amt": null,
        "min_addl_amt_multiple": null,
        "min_amt": null,
        "min_amt_multiple": null,
        "monthly_aaum_date": "31-03-2025",
        "monthly_aaum_value": "\u20b9 105.78",
        "mutual_fund_name": "Mahindra Manulife Mutual Fund",
        "page_number": [
            25
        ],
        "scheme_launch_date": "August 24, 2020"
    },
    "Mahindra Manulife  Liquid Fund": {
        "amc_name": "Mahindra Manulife Investment Management Private Limited",
        "benchmark_index": "CRISIL Liquid Debt A-I Index ",
        "fund_manager": [
            {
                "managing_fund_since": "July 04, 2016",
                "name": "Rahul Pal",
                "qualification": "8 Years And 8 Months",
                "total_exp": "22 Years"
            },
            {
                "managing_fund_since": "June 8, 2020",
                "name": "Amit Garg",
                "qualification": "4 Years And 9 Months",
                "total_exp": "19 Years"
            }
        ],
        "load": {
            "entry_load": "N.A.",
            "exit_load": "Investor Exit upon Exit Load as  of subscription redemption proceed Day 1 0.0070 Day 2 0.0065 Day 3 0.0060 Day 4 0.0055 Day 5 0.0050 Day 6 0.0045 Day 7 onwards 0.0000 Redemption /Switch-Out of Units would be done on First in First out Basis (FIFO). The above mentioned exit load shall not apply to the Unclaimed Plan offered under the scheme."
        },
        "main_scheme_name": "Mahindra Manulife  Liquid Fund",
        "metrics": {
            "alpha": null,
            "arithmetic_mean_ratio": null,
            "average_div_yld": null,
            "average_pb": null,
            "average_pe": null,
            "avg_maturity": "43.15 days",
            "beta": null,
            "correlation_ratio": null,
            "downside_deviation": null,
            "information_ratio": null,
            "macaulay": "43.11 days",
            "mod_duration": "0.12",
            "port_turnover_ratio": null,
            "r_squared_ratio": null,
            "roe_ratio": null,
            "sharpe": null,
            "sortino_ratio": null,
            "std_dev": null,
            "tracking_error": null,
            "treynor_ratio": null,
            "upside_deviation": null,
            "ytm": "7.27"
        },
        "min_addl_amt": "\u20b9 1,000",
        "min_addl_amt_multiple": "\u20b9 1",
        "min_amt": "\u20b9 1,000",
        "min_amt_multiple": "\u20b9 1",
        "monthly_aaum_date": "31-03-2025",
        "monthly_aaum_value": "\u20b9 1,369.68",
        "mutual_fund_name": "Mahindra Manulife Mutual Fund",
        "page_number": [
            27
        ],
        "scheme_launch_date": "July 4, 2016"
    },
    "Mahindra Manulife  Low Duration Fund": {
        "amc_name": "Mahindra Manulife Investment Management Private Limited",
        "benchmark_index": "CRISIL Low Duration Debt A-I Index ",
        "fund_manager": [
            {
                "managing_fund_since": "February 15, 2017",
                "name": "Rahul Pal",
                "qualification": "8 Years And 1 Month",
                "total_exp": "22 Years"
            }
        ],
        "load": {
            "entry_load": "N.A.",
            "exit_load": "Nil"
        },
        "main_scheme_name": "Mahindra Manulife  Low Duration Fund",
        "metrics": {
            "alpha": null,
            "arithmetic_mean_ratio": null,
            "average_div_yld": null,
            "average_pb": null,
            "average_pe": null,
            "avg_maturity": "421.02 days",
            "beta": null,
            "correlation_ratio": null,
            "downside_deviation": null,
            "information_ratio": null,
            "macaulay": "325.72 days",
            "mod_duration": "0.84",
            "port_turnover_ratio": null,
            "r_squared_ratio": null,
            "roe_ratio": null,
            "sharpe": null,
            "sortino_ratio": null,
            "std_dev": null,
            "tracking_error": null,
            "treynor_ratio": null,
            "upside_deviation": null,
            "ytm": "7.86"
        },
        "min_addl_amt": "\u20b9 1,000",
        "min_addl_amt_multiple": "\u20b9 1",
        "min_amt": "\u20b9 1,000",
        "min_amt_multiple": "\u20b9 1",
        "monthly_aaum_date": "31-03-2025",
        "monthly_aaum_value": "\u20b9 633.52",
        "mutual_fund_name": "Mahindra Manulife Mutual Fund",
        "page_number": [
            28
        ],
        "scheme_launch_date": "February 15, 2017"
    },
    "Mahindra Manulife  Dynamic Bond Fund": {
        "amc_name": "Mahindra Manulife Investment Management Private Limited",
        "benchmark_index": "CRISIL Dynamic Bond A-III Index ",
        "fund_manager": [
            {
                "managing_fund_since": "August 20, 2018",
                "name": "Rahul Pal",
                "qualification": "6 Years And 7 Months",
                "total_exp": "22 Years"
            }
        ],
        "load": {
            "entry_load": "N.A.",
            "exit_load": "Nil"
        },
        "main_scheme_name": "Mahindra Manulife  Dynamic Bond Fund",
        "metrics": {
            "alpha": null,
            "arithmetic_mean_ratio": null,
            "average_div_yld": null,
            "average_pb": null,
            "average_pe": null,
            "avg_maturity": "17.20 years",
            "beta": null,
            "correlation_ratio": null,
            "downside_deviation": null,
            "information_ratio": null,
            "macaulay": "8.26 years",
            "mod_duration": "7.96",
            "port_turnover_ratio": null,
            "r_squared_ratio": null,
            "roe_ratio": null,
            "sharpe": null,
            "sortino_ratio": null,
            "std_dev": null,
            "tracking_error": null,
            "treynor_ratio": null,
            "upside_deviation": null,
            "ytm": "7.35"
        },
        "min_addl_amt": null,
        "min_addl_amt_multiple": null,
        "min_amt": null,
        "min_amt_multiple": null,
        "monthly_aaum_date": "31-03-2025",
        "monthly_aaum_value": "\u20b9 78.48",
        "mutual_fund_name": "Mahindra Manulife Mutual Fund",
        "page_number": [
            29
        ],
        "scheme_launch_date": "August 20, 2018"
    },
    "Mahindra Manulife  Overnight Fund": {
        "amc_name": "Mahindra Manulife Investment Management Private Limited",
        "benchmark_index": "CRISIL Liquid Overnight Index ",
        "fund_manager": [
            {
                "managing_fund_since": "July 23, 2019",
                "name": "Rahul Pal",
                "qualification": "5 Years And 7 Months",
                "total_exp": "22 Years"
            },
            {
                "managing_fund_since": "June 8, 2020",
                "name": "Amit Garg",
                "qualification": "4 Years And 9 Months",
                "total_exp": "19 Years"
            }
        ],
        "load": {
            "entry_load": "N.A.",
            "exit_load": "Nil"
        },
        "main_scheme_name": "Mahindra Manulife  Overnight Fund",
        "metrics": {
            "alpha": null,
            "arithmetic_mean_ratio": null,
            "average_div_yld": null,
            "average_pb": null,
            "average_pe": null,
            "avg_maturity": "4.44 days",
            "beta": null,
            "correlation_ratio": null,
            "downside_deviation": null,
            "information_ratio": null,
            "macaulay": "4.44 days",
            "mod_duration": "0.01",
            "port_turnover_ratio": null,
            "r_squared_ratio": null,
            "roe_ratio": null,
            "sharpe": null,
            "sortino_ratio": null,
            "std_dev": null,
            "tracking_error": null,
            "treynor_ratio": null,
            "upside_deviation": null,
            "ytm": "6.37"
        },
        "min_addl_amt": null,
        "min_addl_amt_multiple": null,
        "min_amt": "\u20b9 1,000",
        "min_amt_multiple": "\u20b9 1",
        "monthly_aaum_date": "31-03-2025",
        "monthly_aaum_value": "\u20b9 218.53",
        "mutual_fund_name": "Mahindra Manulife Mutual Fund",
        "page_number": [
            30
        ],
        "scheme_launch_date": "July 23, 2019"
    },
    "Mahindra Manulife  Ultra Short Duration Fund": {
        "amc_name": "Mahindra Manulife Investment Management Private Limited",
        "benchmark_index": "CRISIL Ultra Short Duration Debt A-I Index ",
        "fund_manager": [
            {
                "managing_fund_since": "October 17,  2019",
                "name": "Rahul Pal",
                "qualification": "5 Years And 4 Months",
                "total_exp": "22 Years"
            },
            {
                "managing_fund_since": "June 8, 2020",
                "name": "Amit Garg",
                "qualification": "4 Years And 9 Months",
                "total_exp": "19 Years"
            }
        ],
        "load": {
            "entry_load": "Nil",
            "exit_load": "Nil"
        },
        "main_scheme_name": "Mahindra Manulife  Ultra Short Duration Fund",
        "metrics": {
            "alpha": null,
            "arithmetic_mean_ratio": null,
            "average_div_yld": null,
            "average_pb": null,
            "average_pe": null,
            "avg_maturity": "192.24 days",
            "beta": null,
            "correlation_ratio": null,
            "downside_deviation": null,
            "information_ratio": null,
            "macaulay": "173.98 days",
            "mod_duration": "0.45",
            "port_turnover_ratio": null,
            "r_squared_ratio": null,
            "roe_ratio": null,
            "sharpe": null,
            "sortino_ratio": null,
            "std_dev": null,
            "tracking_error": null,
            "treynor_ratio": null,
            "upside_deviation": null,
            "ytm": "7.67"
        },
        "min_addl_amt": null,
        "min_addl_amt_multiple": null,
        "min_amt": "\u20b9 1,000",
        "min_amt_multiple": "\u20b9 1",
        "monthly_aaum_date": "31-03-2025",
        "monthly_aaum_value": "\u20b9 216.15",
        "mutual_fund_name": "Mahindra Manulife Mutual Fund",
        "page_number": [
            31
        ],
        "scheme_launch_date": "October 17, 2019"
    },
    "Mahindra Manulife  Short Duration Fund": {
        "amc_name": "Mahindra Manulife Investment Management Private Limited",
        "benchmark_index": "CRISIL Short Duration Debt A-II Index ",
        "fund_manager": [
            {
                "managing_fund_since": "February 23, 2021",
                "name": "Rahul Pal",
                "qualification": "4 Years",
                "total_exp": "22 Years"
            }
        ],
        "load": {
            "entry_load": "Nil",
            "exit_load": "Nil"
        },
        "main_scheme_name": "Mahindra Manulife  Short Duration Fund",
        "metrics": {
            "alpha": null,
            "arithmetic_mean_ratio": null,
            "average_div_yld": null,
            "average_pb": null,
            "average_pe": null,
            "avg_maturity": "3.08 years",
            "beta": null,
            "correlation_ratio": null,
            "downside_deviation": null,
            "information_ratio": null,
            "macaulay": "2.64 years",
            "mod_duration": "2.52",
            "port_turnover_ratio": null,
            "r_squared_ratio": null,
            "roe_ratio": null,
            "sharpe": null,
            "sortino_ratio": null,
            "std_dev": null,
            "tracking_error": null,
            "treynor_ratio": null,
            "upside_deviation": null,
            "ytm": "7.57"
        },
        "min_addl_amt": null,
        "min_addl_amt_multiple": null,
        "min_amt": null,
        "min_amt_multiple": null,
        "monthly_aaum_date": "31-03-2025",
        "monthly_aaum_value": "\u20b9 67.81",
        "mutual_fund_name": "Mahindra Manulife Mutual Fund",
        "page_number": [
            32
        ],
        "scheme_launch_date": "February 23, 2021"
    }
}