{
    "Franklin India Flexi Cap Fund": {
        "amc_name": "Franklin Templeton Asset Management (India) Private Limited",
        "benchmark_index": "Nifty 500 ",
        "fund_manager": [
            {
                "managing_fund_since": "",
                "name": "R. Janakiraman",
                "qualification": "",
                "total_exp": ""
            },
            {
                "managing_fund_since": "",
                "name": "Rajasa Kakulavarapu",
                "qualification": "",
                "total_exp": ""
            },
            {
                "managing_fund_since": "",
                "name": "Sandeep Manam",
                "qualification": "",
                "total_exp": ""
            }
        ],
        "load": {
            "entry_load": "Nil",
            "exit_load": "(for each purchase of Units) In respect of each purchase of Units - 1 if the Units are redeemed/switched-out within one year of allotment Different plans have a different expense structure"
        },
        "main_scheme_name": "Franklin India Flexi Cap Fund",
        "metrics": {
            "alpha": null,
            "arithmetic_mean_ratio": null,
            "average_div_yld": null,
            "average_pb": null,
            "average_pe": null,
            "avg_maturity": null,
            "beta": "0.89",
            "correlation_ratio": null,
            "downside_deviation": null,
            "information_ratio": null,
            "macaulay": null,
            "mod_duration": null,
            "port_turnover_ratio": "25.95",
            "r_squared_ratio": null,
            "roe_ratio": null,
            "sharpe": "0.67",
            "sortino_ratio": null,
            "std_dev": "3.91",
            "tracking_error": null,
            "treynor_ratio": null,
            "upside_deviation": null,
            "ytm": null
        },
        "min_addl_amt": "\u20b9 1000",
        "min_addl_amt_multiple": "\u20b9 1",
        "min_amt": "\u20b9 5000",
        "min_amt_multiple": "\u20b9 1",
        "monthly_aaum_date": "31-03-2025",
        "monthly_aaum_value": "\u20b9 16904.17",
        "mutual_fund_name": "Franklin Templeton Mutual Fund",
        "page_number": [
            6,
            19
        ],
        "scheme_launch_date": "September 29, 1994 "
    },
    "Franklin  India Opportunities Fund": {
        "amc_name": "Franklin Templeton Asset Management (India) Private Limited",
        "benchmark_index": null,
        "fund_manager": [],
        "load": {
            "entry_load": null,
            "exit_load": null
        },
        "main_scheme_name": "Franklin  India Opportunities Fund",
        "metrics": {
            "alpha": null,
            "arithmetic_mean_ratio": null,
            "average_div_yld": null,
            "average_pb": null,
            "average_pe": null,
            "avg_maturity": null,
            "beta": null,
            "correlation_ratio": null,
            "downside_deviation": null,
            "information_ratio": null,
            "macaulay": null,
            "mod_duration": null,
            "port_turnover_ratio": null,
            "r_squared_ratio": null,
            "roe_ratio": null,
            "sharpe": null,
            "sortino_ratio": null,
            "std_dev": null,
            "tracking_error": null,
            "treynor_ratio": null,
            "upside_deviation": null,
            "ytm": null
        },
        "min_addl_amt": null,
        "min_addl_amt_multiple": null,
        "min_amt": null,
        "min_amt_multiple": null,
        "monthly_aaum_date": "31-03-2025",
        "monthly_aaum_value": null,
        "mutual_fund_name": "Franklin Templeton Mutual Fund",
        "page_number": [
            7
        ],
        "scheme_launch_date": null
    },
    "Franklin India  Liquid Fund": {
        "amc_name": "Franklin Templeton Asset Management (India) Private Limited",
        "benchmark_index": null,
        "fund_manager": [],
        "load": {
            "entry_load": null,
            "exit_load": null
        },
        "main_scheme_name": "Franklin India  Liquid Fund",
        "metrics": {
            "alpha": null,
            "arithmetic_mean_ratio": null,
            "average_div_yld": null,
            "average_pb": null,
            "average_pe": null,
            "avg_maturity": null,
            "beta": null,
            "correlation_ratio": null,
            "downside_deviation": null,
            "information_ratio": null,
            "macaulay": null,
            "mod_duration": null,
            "port_turnover_ratio": null,
            "r_squared_ratio": null,
            "roe_ratio": null,
            "sharpe": null,
            "sortino_ratio": null,
            "std_dev": null,
            "tracking_error": null,
            "treynor_ratio": null,
            "upside_deviation": null,
            "ytm": null
        },
        "min_addl_amt": null,
        "min_addl_amt_multiple": null,
        "min_amt": null,
        "min_amt_multiple": null,
        "monthly_aaum_date": "31-03-2025",
        "monthly_aaum_value": null,
        "mutual_fund_name": "Franklin Templeton Mutual Fund",
        "page_number": [
            8
        ],
        "scheme_launch_date": null
    },
    "Franklin India  Arbitrage Fund": {
        "amc_name": "Franklin Templeton Asset Management (India) Private Limited",
        "benchmark_index": null,
        "fund_manager": [],
        "load": {
            "entry_load": null,
            "exit_load": null
        },
        "main_scheme_name": "Franklin India  Arbitrage Fund",
        "metrics": {
            "alpha": null,
            "arithmetic_mean_ratio": null,
            "average_div_yld": null,
            "average_pb": null,
            "average_pe": null,
            "avg_maturity": null,
            "beta": null,
            "correlation_ratio": null,
            "downside_deviation": null,
            "information_ratio": null,
            "macaulay": null,
            "mod_duration": null,
            "port_turnover_ratio": null,
            "r_squared_ratio": null,
            "roe_ratio": null,
            "sharpe": null,
            "sortino_ratio": null,
            "std_dev": null,
            "tracking_error": null,
            "treynor_ratio": null,
            "upside_deviation": null,
            "ytm": null
        },
        "min_addl_amt": null,
        "min_addl_amt_multiple": null,
        "min_amt": null,
        "min_amt_multiple": null,
        "monthly_aaum_date": "31-03-2025",
        "monthly_aaum_value": null,
        "mutual_fund_name": "Franklin Templeton Mutual Fund",
        "page_number": [
            9
        ],
        "scheme_launch_date": null
    },
    "Franklin India  Equity Hybrid Fund": {
        "amc_name": "Franklin Templeton Asset Management (India) Private Limited",
        "benchmark_index": null,
        "fund_manager": [],
        "load": {
            "entry_load": null,
            "exit_load": null
        },
        "main_scheme_name": "Franklin India  Equity Hybrid Fund",
        "metrics": {
            "alpha": null,
            "arithmetic_mean_ratio": null,
            "average_div_yld": null,
            "average_pb": null,
            "average_pe": null,
            "avg_maturity": null,
            "beta": null,
            "correlation_ratio": null,
            "downside_deviation": null,
            "information_ratio": null,
            "macaulay": null,
            "mod_duration": null,
            "port_turnover_ratio": null,
            "r_squared_ratio": null,
            "roe_ratio": null,
            "sharpe": null,
            "sortino_ratio": null,
            "std_dev": null,
            "tracking_error": null,
            "treynor_ratio": null,
            "upside_deviation": null,
            "ytm": null
        },
        "min_addl_amt": null,
        "min_addl_amt_multiple": null,
        "min_amt": null,
        "min_amt_multiple": null,
        "monthly_aaum_date": "31-03-2025",
        "monthly_aaum_value": null,
        "mutual_fund_name": "Franklin Templeton Mutual Fund",
        "page_number": [
            10
        ],
        "scheme_launch_date": null
    },
    "Franklin India Multi Cap Fund": {
        "amc_name": "Franklin Templeton Asset Management (India) Private Limited",
        "benchmark_index": "NIFTY 500 Multicap 50:25:25 TRI ",
        "fund_manager": [
            {
                "managing_fund_since": "",
                "name": "R. Janakiraman",
                "qualification": "",
                "total_exp": ""
            },
            {
                "managing_fund_since": "",
                "name": "Kiran Sebastian",
                "qualification": "",
                "total_exp": ""
            },
            {
                "managing_fund_since": "",
                "name": "Akhil Kalluri",
                "qualification": "",
                "total_exp": ""
            },
            {
                "managing_fund_since": "",
                "name": "Sandeep Manam",
                "qualification": "",
                "total_exp": ""
            }
        ],
        "load": {
            "entry_load": "Nil",
            "exit_load": "(for each purchase of Units) In respect of each purchase of Units - 1 if the Units are redeemed/switched-out within one year of allotment. Different plans have a different expense structure"
        },
        "main_scheme_name": "Franklin India Multi Cap Fund",
        "metrics": {
            "alpha": null,
            "arithmetic_mean_ratio": null,
            "average_div_yld": null,
            "average_pb": null,
            "average_pe": null,
            "avg_maturity": null,
            "beta": null,
            "correlation_ratio": null,
            "downside_deviation": null,
            "information_ratio": null,
            "macaulay": null,
            "mod_duration": null,
            "port_turnover_ratio": "25.85",
            "r_squared_ratio": null,
            "roe_ratio": null,
            "sharpe": null,
            "sortino_ratio": null,
            "std_dev": null,
            "tracking_error": null,
            "treynor_ratio": null,
            "upside_deviation": null,
            "ytm": null
        },
        "min_addl_amt": "\u20b9 1000",
        "min_addl_amt_multiple": "\u20b9 1",
        "min_amt": "\u20b9 5000",
        "min_amt_multiple": "\u20b9 1",
        "monthly_aaum_date": "31-03-2025",
        "monthly_aaum_value": "\u20b9 4324.02",
        "mutual_fund_name": "Franklin Templeton Mutual Fund",
        "page_number": [
            17,
            58
        ],
        "scheme_launch_date": "July 29, 2024 "
    },
    "Franklin India Bluechip Fund": {
        "amc_name": "Franklin Templeton Asset Management (India) Private Limited",
        "benchmark_index": "Nifty 100 ",
        "fund_manager": [
            {
                "managing_fund_since": "",
                "name": "Venkatesh Sanjeevi",
                "qualification": "",
                "total_exp": ""
            },
            {
                "managing_fund_since": "",
                "name": "Ajay Argal",
                "qualification": "",
                "total_exp": ""
            },
            {
                "managing_fund_since": "",
                "name": "Sandeep Manam",
                "qualification": "",
                "total_exp": ""
            }
        ],
        "load": {
            "entry_load": "Nil",
            "exit_load": "(for each purchase of Units) In respect of each purchase of Units - 1 if the Units are redeemed/switched-out within one year of allotment Different plans have a different expense structure"
        },
        "main_scheme_name": "Franklin India Bluechip Fund",
        "metrics": {
            "alpha": null,
            "arithmetic_mean_ratio": null,
            "average_div_yld": null,
            "average_pb": null,
            "average_pe": null,
            "avg_maturity": null,
            "beta": "0.85",
            "correlation_ratio": null,
            "downside_deviation": null,
            "information_ratio": null,
            "macaulay": null,
            "mod_duration": null,
            "port_turnover_ratio": "90.65",
            "r_squared_ratio": null,
            "roe_ratio": null,
            "sharpe": "0.31",
            "sortino_ratio": null,
            "std_dev": "3.63",
            "tracking_error": null,
            "treynor_ratio": null,
            "upside_deviation": null,
            "ytm": null
        },
        "min_addl_amt": "\u20b9 1000",
        "min_addl_amt_multiple": "\u20b9 1",
        "min_amt": "\u20b9 5000",
        "min_amt_multiple": "\u20b9 1",
        "monthly_aaum_date": "31-03-2025",
        "monthly_aaum_value": "\u20b9 7261.09",
        "mutual_fund_name": "Franklin Templeton Mutual Fund",
        "page_number": [
            18,
            53,
            59
        ],
        "scheme_launch_date": "December 1, 1993 "
    },
    "Franklin India Equity Advantage Fund": {
        "amc_name": "Franklin Templeton Asset Management (India) Private Limited",
        "benchmark_index": "Nifty LargeMidcap 250 ",
        "fund_manager": [
            {
                "managing_fund_since": "",
                "name": "Venkatesh Sanjeevi",
                "qualification": "",
                "total_exp": ""
            },
            {
                "managing_fund_since": "",
                "name": "R. Janakiraman",
                "qualification": "",
                "total_exp": ""
            },
            {
                "managing_fund_since": "",
                "name": "Sandeep Manam",
                "qualification": "",
                "total_exp": ""
            }
        ],
        "load": {
            "entry_load": "Nil",
            "exit_load": "(for each purchase of Units) In respect of each purchase of Units - 1 if the Units are redeemed/switched-out within one year of allotment Different plans have a different expense structure"
        },
        "main_scheme_name": "Franklin India Equity Advantage Fund",
        "metrics": {
            "alpha": null,
            "arithmetic_mean_ratio": null,
            "average_div_yld": null,
            "average_pb": null,
            "average_pe": null,
            "avg_maturity": null,
            "beta": "0.87",
            "correlation_ratio": null,
            "downside_deviation": null,
            "information_ratio": null,
            "macaulay": null,
            "mod_duration": null,
            "port_turnover_ratio": "115.90",
            "r_squared_ratio": null,
            "roe_ratio": null,
            "sharpe": "0.40",
            "sortino_ratio": null,
            "std_dev": "4.03",
            "tracking_error": null,
            "treynor_ratio": null,
            "upside_deviation": null,
            "ytm": null
        },
        "min_addl_amt": "\u20b9 1000",
        "min_addl_amt_multiple": "\u20b9 1",
        "min_amt": "\u20b9 5000",
        "min_amt_multiple": "\u20b9 1",
        "monthly_aaum_date": "31-03-2025",
        "monthly_aaum_value": "\u20b9 3269.95",
        "mutual_fund_name": "Franklin Templeton Mutual Fund",
        "page_number": [
            20
        ],
        "scheme_launch_date": "March 2, 2005 "
    },
    "Franklin India ELSS Tax Saver Fund": {
        "amc_name": "Franklin Templeton Asset Management (India) Private Limited",
        "benchmark_index": "Nifty 500 ",
        "fund_manager": [
            {
                "managing_fund_since": "",
                "name": "R. Janakiraman",
                "qualification": "",
                "total_exp": ""
            },
            {
                "managing_fund_since": "",
                "name": "Rajasa Kakulavarapu",
                "qualification": "",
                "total_exp": ""
            }
        ],
        "load": {
            "entry_load": "Nil",
            "exit_load": "(for each purchase of Units) Nil Different plans have a different expense structure"
        },
        "main_scheme_name": "Franklin India ELSS Tax Saver Fund",
        "metrics": {
            "alpha": null,
            "arithmetic_mean_ratio": null,
            "average_div_yld": null,
            "average_pb": null,
            "average_pe": null,
            "avg_maturity": null,
            "beta": "0.91",
            "correlation_ratio": null,
            "downside_deviation": null,
            "information_ratio": null,
            "macaulay": null,
            "mod_duration": null,
            "port_turnover_ratio": "24.24",
            "r_squared_ratio": null,
            "roe_ratio": null,
            "sharpe": "0.69",
            "sortino_ratio": null,
            "std_dev": "3.98",
            "tracking_error": null,
            "treynor_ratio": null,
            "upside_deviation": null,
            "ytm": null
        },
        "min_addl_amt": "\u20b9 500",
        "min_addl_amt_multiple": "\u20b9 500",
        "min_amt": "\u20b9 500",
        "min_amt_multiple": "\u20b9 500",
        "monthly_aaum_date": "31-03-2025",
        "monthly_aaum_value": "\u20b9 6291.78",
        "mutual_fund_name": "Franklin Templeton Mutual Fund",
        "page_number": [
            21
        ],
        "scheme_launch_date": "April 10, 1999 "
    },
    "Franklin India Focused Equity Fund": {
        "amc_name": "Franklin Templeton Asset Management (India) Private Limited",
        "benchmark_index": "Nifty 500 ",
        "fund_manager": [
            {
                "managing_fund_since": "",
                "name": "Ajay Argal",
                "qualification": "",
                "total_exp": ""
            },
            {
                "managing_fund_since": "",
                "name": "Venkatesh Sanjeevi",
                "qualification": "",
                "total_exp": ""
            },
            {
                "managing_fund_since": "",
                "name": "Sandeep Manam",
                "qualification": "",
                "total_exp": ""
            }
        ],
        "load": {
            "entry_load": "Nil",
            "exit_load": "(for each purchase of Units) 1 if redeemed/switched- out within one year of allotment. Different plans have a different expense structure"
        },
        "main_scheme_name": "Franklin India Focused Equity Fund",
        "metrics": {
            "alpha": null,
            "arithmetic_mean_ratio": null,
            "average_div_yld": null,
            "average_pb": null,
            "average_pe": null,
            "avg_maturity": null,
            "beta": "0.86",
            "correlation_ratio": null,
            "downside_deviation": null,
            "information_ratio": null,
            "macaulay": null,
            "mod_duration": null,
            "port_turnover_ratio": "20.25",
            "r_squared_ratio": null,
            "roe_ratio": null,
            "sharpe": "0.60",
            "sortino_ratio": null,
            "std_dev": "3.84",
            "tracking_error": null,
            "treynor_ratio": null,
            "upside_deviation": null,
            "ytm": null
        },
        "min_addl_amt": "\u20b9 1000",
        "min_addl_amt_multiple": "\u20b9 1",
        "min_amt": "\u20b9 5000",
        "min_amt_multiple": "\u20b9 1",
        "monthly_aaum_date": "31-03-2025",
        "monthly_aaum_value": "\u20b9 11368.17",
        "mutual_fund_name": "Franklin Templeton Mutual Fund",
        "page_number": [
            22
        ],
        "scheme_launch_date": "July 26, 2007 "
    },
    "Templeton India Value Fund": {
        "amc_name": "Franklin Templeton Asset Management (India) Private Limited",
        "benchmark_index": "# Tier I - Nifty 500 Index Tier II - Nifty500 Value 50 Index # The benchmark has been changed from NIFTY500 Value 50 TRI to Nifty 500 Index w.e.f. August 1, 2023. ",
        "fund_manager": [
            {
                "managing_fund_since": "",
                "name": "Ajay Argal",
                "qualification": "",
                "total_exp": ""
            },
            {
                "managing_fund_since": "",
                "name": "Rajasa Kakulavarapu",
                "qualification": "",
                "total_exp": ""
            }
        ],
        "load": {
            "entry_load": "Nil",
            "exit_load": "(for each purchase of Units) In respect of each purchase of Units - 1 if the Units are redeemed/switched-out within one year of allotment Different plans have a different expense structure"
        },
        "main_scheme_name": "Templeton India Value Fund",
        "metrics": {
            "alpha": null,
            "arithmetic_mean_ratio": null,
            "average_div_yld": null,
            "average_pb": null,
            "average_pe": null,
            "avg_maturity": null,
            "beta": "0.73",
            "correlation_ratio": null,
            "downside_deviation": null,
            "information_ratio": null,
            "macaulay": null,
            "mod_duration": null,
            "port_turnover_ratio": "37.51",
            "r_squared_ratio": null,
            "roe_ratio": null,
            "sharpe": "0.81",
            "sortino_ratio": null,
            "std_dev": "4.01",
            "tracking_error": null,
            "treynor_ratio": null,
            "upside_deviation": null,
            "ytm": null
        },
        "min_addl_amt": "\u20b9 1000",
        "min_addl_amt_multiple": "\u20b9 1",
        "min_amt": "\u20b9 5000",
        "min_amt_multiple": "\u20b9 1",
        "monthly_aaum_date": "31-03-2025",
        "monthly_aaum_value": "\u20b9 2068.36",
        "mutual_fund_name": "Franklin Templeton Mutual Fund",
        "page_number": [
            23
        ],
        "scheme_launch_date": "September 10, 1996 "
    },
    "Templeton India Equity Income Fund": {
        "amc_name": "Franklin Templeton Asset Management (India) Private Limited",
        "benchmark_index": "# Tier I - Nifty 500 Index Tier II - Nifty Dividend Opportunities 50 Index # The benchmark has been changed from Nifty Dividend Opportunities 50 to Nifty 500 Index w.e.f August 1, 2023. ",
        "fund_manager": [
            {
                "managing_fund_since": "",
                "name": "Rajasa Kakulavarapu",
                "qualification": "",
                "total_exp": ""
            },
            {
                "managing_fund_since": "",
                "name": "Ajay Argal",
                "qualification": "",
                "total_exp": ""
            },
            {
                "managing_fund_since": "",
                "name": "Sandeep Manam",
                "qualification": "",
                "total_exp": ""
            }
        ],
        "load": {
            "entry_load": "Nil",
            "exit_load": "(for each purchase of Units) In respect of each purchase of Units - 1 if the Units are redeemed/switched-out within one year of allotment Different plans have a different expense structure"
        },
        "main_scheme_name": "Templeton India Equity Income Fund",
        "metrics": {
            "alpha": null,
            "arithmetic_mean_ratio": null,
            "average_div_yld": null,
            "average_pb": null,
            "average_pe": null,
            "avg_maturity": null,
            "beta": "0.84",
            "correlation_ratio": null,
            "downside_deviation": null,
            "information_ratio": null,
            "macaulay": null,
            "mod_duration": null,
            "port_turnover_ratio": "10.39",
            "r_squared_ratio": null,
            "roe_ratio": null,
            "sharpe": "0.75",
            "sortino_ratio": null,
            "std_dev": "3.82",
            "tracking_error": null,
            "treynor_ratio": null,
            "upside_deviation": null,
            "ytm": null
        },
        "min_addl_amt": "\u20b9 1000",
        "min_addl_amt_multiple": "\u20b9 1",
        "min_amt": "\u20b9 5000",
        "min_amt_multiple": "\u20b9 1",
        "monthly_aaum_date": "31-03-2025",
        "monthly_aaum_value": "\u20b9 2281.70",
        "mutual_fund_name": "Franklin Templeton Mutual Fund",
        "page_number": [
            24,
            54,
            60
        ],
        "scheme_launch_date": "May 18, 2006 "
    },
    "Franklin India Prima Fund": {
        "amc_name": "Franklin Templeton Asset Management (India) Private Limited",
        "benchmark_index": "Nifty Midcap 150 ",
        "fund_manager": [
            {
                "managing_fund_since": "",
                "name": "Akhil Kalluri",
                "qualification": "",
                "total_exp": ""
            },
            {
                "managing_fund_since": "",
                "name": "Janakiraman Sandeep Manam",
                "qualification": "",
                "total_exp": ""
            }
        ],
        "load": {
            "entry_load": "Nil",
            "exit_load": "(for each purchase of Units) In respect of each purchase of Units - 1 if the Units are redeemed/switched-out within one year of allotment Different plans have a different expense structure"
        },
        "main_scheme_name": "Franklin India Prima Fund",
        "metrics": {
            "alpha": null,
            "arithmetic_mean_ratio": null,
            "average_div_yld": null,
            "average_pb": null,
            "average_pe": null,
            "avg_maturity": null,
            "beta": "0.89",
            "correlation_ratio": null,
            "downside_deviation": null,
            "information_ratio": null,
            "macaulay": null,
            "mod_duration": null,
            "port_turnover_ratio": "24.47",
            "r_squared_ratio": null,
            "roe_ratio": null,
            "sharpe": "0.76",
            "sortino_ratio": null,
            "std_dev": "4.62",
            "tracking_error": null,
            "treynor_ratio": null,
            "upside_deviation": null,
            "ytm": null
        },
        "min_addl_amt": "\u20b9 1000",
        "min_addl_amt_multiple": "\u20b9 1",
        "min_amt": "\u20b9 5000",
        "min_amt_multiple": "\u20b9 1",
        "monthly_aaum_date": "31-03-2025",
        "monthly_aaum_value": "\u20b9 11224.94",
        "mutual_fund_name": "Franklin Templeton Mutual Fund",
        "page_number": [
            25
        ],
        "scheme_launch_date": "December 1, 1993 "
    },
    "Franklin India Smaller Companies Fund": {
        "amc_name": "Franklin Templeton Asset Management (India) Private Limited",
        "benchmark_index": "Nifty Smallcap 250 ",
        "fund_manager": [
            {
                "managing_fund_since": "",
                "name": "Janakiraman Akhil Kalluri",
                "qualification": "",
                "total_exp": ""
            },
            {
                "managing_fund_since": "",
                "name": "Sandeep Manam",
                "qualification": "",
                "total_exp": ""
            }
        ],
        "load": {
            "entry_load": "Nil",
            "exit_load": "(for each purchase of Units) 1 if the Units are redeemed/switched-out within one year of allotment Different plans have a different expense structure"
        },
        "main_scheme_name": "Franklin India Smaller Companies Fund",
        "metrics": {
            "alpha": null,
            "arithmetic_mean_ratio": null,
            "average_div_yld": null,
            "average_pb": null,
            "average_pe": null,
            "avg_maturity": null,
            "beta": "0.80",
            "correlation_ratio": null,
            "downside_deviation": null,
            "information_ratio": null,
            "macaulay": null,
            "mod_duration": null,
            "port_turnover_ratio": "25.06",
            "r_squared_ratio": null,
            "roe_ratio": null,
            "sharpe": "0.70",
            "sortino_ratio": null,
            "std_dev": "5.03",
            "tracking_error": null,
            "treynor_ratio": null,
            "upside_deviation": null,
            "ytm": null
        },
        "min_addl_amt": "\u20b9 1000",
        "min_addl_amt_multiple": "\u20b9 1",
        "min_amt": "\u20b9 5000",
        "min_amt_multiple": "\u20b9 1",
        "monthly_aaum_date": "31-03-2025",
        "monthly_aaum_value": "\u20b9 12162.37",
        "mutual_fund_name": "Franklin Templeton Mutual Fund",
        "page_number": [
            26
        ],
        "scheme_launch_date": "January 13, 2006 (Launched as a closed end scheme, the scheme was converted into an open end scheme effective January 14, 2011). "
    },
    "Franklin Build India Fund": {
        "amc_name": "Franklin Templeton Asset Management (India) Private Limited",
        "benchmark_index": "BSE India Infrastructure Index The Benchmark name is renamed from S&P BSE India Infrastructure Index to BSE India Infrastructure Index w.e.f. 01st June, 2024. ",
        "fund_manager": [
            {
                "managing_fund_since": "",
                "name": "Ajay Argal",
                "qualification": "",
                "total_exp": ""
            },
            {
                "managing_fund_since": "",
                "name": "Kiran Sebastian Sandeep",
                "qualification": "",
                "total_exp": ""
            }
        ],
        "load": {
            "entry_load": "Nil",
            "exit_load": "(for each purchase of Units) 1 if redeemed/switched- out  within one year of allotment. Different plans have a different expense structure"
        },
        "main_scheme_name": "Franklin Build India Fund",
        "metrics": {
            "alpha": null,
            "arithmetic_mean_ratio": null,
            "average_div_yld": null,
            "average_pb": null,
            "average_pe": null,
            "avg_maturity": null,
            "beta": "0.54",
            "correlation_ratio": null,
            "downside_deviation": null,
            "information_ratio": null,
            "macaulay": null,
            "mod_duration": null,
            "port_turnover_ratio": "25.14",
            "r_squared_ratio": null,
            "roe_ratio": null,
            "sharpe": "1.12",
            "sortino_ratio": null,
            "std_dev": "4.64",
            "tracking_error": null,
            "treynor_ratio": null,
            "upside_deviation": null,
            "ytm": null
        },
        "min_addl_amt": "\u20b9 1000",
        "min_addl_amt_multiple": "\u20b9 1",
        "min_amt": "\u20b9 5000",
        "min_amt_multiple": "\u20b9 1",
        "monthly_aaum_date": "31-03-2025",
        "monthly_aaum_value": "\u20b9 2532.55",
        "mutual_fund_name": "Franklin Templeton Mutual Fund",
        "page_number": [
            27
        ],
        "scheme_launch_date": "September 4, 2009 "
    },
    "Franklin India Opportunities Fund": {
        "amc_name": "Franklin Templeton Asset Management (India) Private Limited",
        "benchmark_index": "Nifty 500 ",
        "fund_manager": [
            {
                "managing_fund_since": "",
                "name": "Kiran Sebastian",
                "qualification": "",
                "total_exp": ""
            },
            {
                "managing_fund_since": "",
                "name": "Janakiraman Sandeep Manam",
                "qualification": "",
                "total_exp": ""
            }
        ],
        "load": {
            "entry_load": "Nil",
            "exit_load": "(for each purchase of Units) In respect of each purchase of Units - 1 if the Units are redeemed/switched-out within one year of allotment Different plans have a different expense structure"
        },
        "main_scheme_name": "Franklin India Opportunities Fund",
        "metrics": {
            "alpha": null,
            "arithmetic_mean_ratio": null,
            "average_div_yld": null,
            "average_pb": null,
            "average_pe": null,
            "avg_maturity": null,
            "beta": "0.98",
            "correlation_ratio": null,
            "downside_deviation": null,
            "information_ratio": null,
            "macaulay": null,
            "mod_duration": null,
            "port_turnover_ratio": "62.11",
            "r_squared_ratio": null,
            "roe_ratio": null,
            "sharpe": "1.09",
            "sortino_ratio": null,
            "std_dev": "4.80",
            "tracking_error": null,
            "treynor_ratio": null,
            "upside_deviation": null,
            "ytm": null
        },
        "min_addl_amt": "\u20b9 1000",
        "min_addl_amt_multiple": "\u20b9 1",
        "min_amt": "\u20b9 5000",
        "min_amt_multiple": "\u20b9 1",
        "monthly_aaum_date": "31-03-2025",
        "monthly_aaum_value": "\u20b9 5815.17",
        "mutual_fund_name": "Franklin Templeton Mutual Fund",
        "page_number": [
            28
        ],
        "scheme_launch_date": "February 21, 2000 "
    },
    "Franklin India Technology Fund": {
        "amc_name": "Franklin Templeton Asset Management (India) Private Limited",
        "benchmark_index": "BSE Teck (w.e.f. 01st June, 2024) The Benchmark name is renamed from S&P BSE Teck TRI to BSE Teck w.e.f. 01st June, 2024. ",
        "fund_manager": [
            {
                "managing_fund_since": "",
                "name": "R. Janakiraman",
                "qualification": "",
                "total_exp": ""
            },
            {
                "managing_fund_since": "",
                "name": "Venkatesh Sanjeevi",
                "qualification": "",
                "total_exp": ""
            },
            {
                "managing_fund_since": "",
                "name": "Sandeep Manam",
                "qualification": "",
                "total_exp": ""
            }
        ],
        "load": {
            "entry_load": "Nil",
            "exit_load": "(for each purchase of Units) 1 if redeemed/switched- out within one year of allotment. Different plans have a different expense structure"
        },
        "main_scheme_name": "Franklin India Technology Fund",
        "metrics": {
            "alpha": null,
            "arithmetic_mean_ratio": null,
            "average_div_yld": null,
            "average_pb": null,
            "average_pe": null,
            "avg_maturity": null,
            "beta": "0.85",
            "correlation_ratio": null,
            "downside_deviation": null,
            "information_ratio": null,
            "macaulay": null,
            "mod_duration": null,
            "port_turnover_ratio": "61.57",
            "r_squared_ratio": null,
            "roe_ratio": null,
            "sharpe": "0.44",
            "sortino_ratio": null,
            "std_dev": "5.25",
            "tracking_error": null,
            "treynor_ratio": null,
            "upside_deviation": null,
            "ytm": null
        },
        "min_addl_amt": "\u20b9 1000",
        "min_addl_amt_multiple": "\u20b9 1",
        "min_amt": "\u20b9 5000",
        "min_amt_multiple": "\u20b9 1",
        "monthly_aaum_date": "31-03-2025",
        "monthly_aaum_value": "\u20b9 1923.44",
        "mutual_fund_name": "Franklin Templeton Mutual Fund",
        "page_number": [
            29,
            61
        ],
        "scheme_launch_date": "August 22, 1998 "
    },
    "Franklin India Feeder - Franklin US Opportunities Fund": {
        "amc_name": "Franklin Templeton Asset Management (India) Private Limited",
        "benchmark_index": "Russell 3000 Growth Index ",
        "fund_manager": [],
        "load": {
            "entry_load": "Nil",
            "exit_load": "(for each purchase of Units) 1 if Units are redeemed/switched out within one year from the date of allotment (effective January 15, 2020) Different plans have a different expense structure Investors may note that they will be bearing the recurring expenses of this Scheme in addition to the expenses of the underlying Schemes in which this Scheme makes investment"
        },
        "main_scheme_name": "Franklin India Feeder - Franklin US Opportunities Fund",
        "metrics": {
            "alpha": null,
            "arithmetic_mean_ratio": null,
            "average_div_yld": null,
            "average_pb": null,
            "average_pe": null,
            "avg_maturity": null,
            "beta": null,
            "correlation_ratio": null,
            "downside_deviation": null,
            "information_ratio": null,
            "macaulay": null,
            "mod_duration": null,
            "port_turnover_ratio": null,
            "r_squared_ratio": null,
            "roe_ratio": null,
            "sharpe": null,
            "sortino_ratio": null,
            "std_dev": null,
            "tracking_error": null,
            "treynor_ratio": null,
            "upside_deviation": null,
            "ytm": null
        },
        "min_addl_amt": "\u20b9 1000",
        "min_addl_amt_multiple": "\u20b9 1",
        "min_amt": "\u20b9 5,000",
        "min_amt_multiple": "\u20b9 1",
        "monthly_aaum_date": "31-03-2025",
        "monthly_aaum_value": "\u20b9 4011.69",
        "mutual_fund_name": "Franklin Templeton Mutual Fund",
        "page_number": [
            30,
            63
        ],
        "scheme_launch_date": "February 06, 2012 "
    },
    "Franklin India Feeder - Templeton European Opportunities Fund": {
        "amc_name": "Franklin Templeton Asset Management (India) Private Limited",
        "benchmark_index": "MSCI Europe Index ",
        "fund_manager": [],
        "load": {
            "entry_load": "Nil",
            "exit_load": "(for each purchase of Units) 1 if the Units are redeemed/ switched out within one year from the date of allotment (effective January 15, 2020) Different plans have a different expense structure Investors may note that they will be bearing the recurring expenses of this Scheme in addition to the expenses of the underlying Schemes in which this Scheme makes investment"
        },
        "main_scheme_name": "Franklin India Feeder - Templeton European Opportunities Fund",
        "metrics": {
            "alpha": null,
            "arithmetic_mean_ratio": null,
            "average_div_yld": null,
            "average_pb": null,
            "average_pe": null,
            "avg_maturity": null,
            "beta": null,
            "correlation_ratio": null,
            "downside_deviation": null,
            "information_ratio": null,
            "macaulay": null,
            "mod_duration": null,
            "port_turnover_ratio": null,
            "r_squared_ratio": null,
            "roe_ratio": null,
            "sharpe": null,
            "sortino_ratio": null,
            "std_dev": null,
            "tracking_error": null,
            "treynor_ratio": null,
            "upside_deviation": null,
            "ytm": null
        },
        "min_addl_amt": "\u20b9 1000",
        "min_addl_amt_multiple": "\u20b9 1",
        "min_amt": null,
        "min_amt_multiple": null,
        "monthly_aaum_date": "31-03-2025",
        "monthly_aaum_value": "\u20b9 15.31",
        "mutual_fund_name": "Franklin Templeton Mutual Fund",
        "page_number": [
            31
        ],
        "scheme_launch_date": "May 16, 2014 "
    },
    "Franklin Asian Equity Fund": {
        "amc_name": "Franklin Templeton Asset Management (India) Private Limited",
        "benchmark_index": "75% MSCI Asia (Ex-Japan) Standard Index + 25% Nifty 500 Index (w.e.f. March 9, 2024) ",
        "fund_manager": [
            {
                "managing_fund_since": "",
                "name": "Shyam Sundar Sriram",
                "qualification": "",
                "total_exp": ""
            },
            {
                "managing_fund_since": "",
                "name": "Sandeep Manam",
                "qualification": "",
                "total_exp": ""
            }
        ],
        "load": {
            "entry_load": "Nil",
            "exit_load": "(for each purchase of Units) 1 if the Units are redeemed/switched- out within one year from the date of allotment (effective January 15, 2020) Different plans have a different expense structure"
        },
        "main_scheme_name": "Franklin Asian Equity Fund",
        "metrics": {
            "alpha": null,
            "arithmetic_mean_ratio": null,
            "average_div_yld": null,
            "average_pb": null,
            "average_pe": null,
            "avg_maturity": null,
            "beta": "0.98",
            "correlation_ratio": null,
            "downside_deviation": null,
            "information_ratio": null,
            "macaulay": null,
            "mod_duration": null,
            "port_turnover_ratio": "47.77",
            "r_squared_ratio": null,
            "roe_ratio": null,
            "sharpe": "-0.35",
            "sortino_ratio": null,
            "std_dev": "5.14",
            "tracking_error": null,
            "treynor_ratio": null,
            "upside_deviation": null,
            "ytm": null
        },
        "min_addl_amt": "\u20b9 1000",
        "min_addl_amt_multiple": "\u20b9 1",
        "min_amt": "\u20b9 5000",
        "min_amt_multiple": "\u20b9 1",
        "monthly_aaum_date": "31-03-2025",
        "monthly_aaum_value": "\u20b9 244.42",
        "mutual_fund_name": "Franklin Templeton Mutual Fund",
        "page_number": [
            32
        ],
        "scheme_launch_date": "January 16, 2008 "
    },
    "Franklin India NSE Nifty 50 Index Fund": {
        "amc_name": "Franklin Templeton Asset Management (India) Private Limited",
        "benchmark_index": "Nifty 50 ",
        "fund_manager": [
            {
                "managing_fund_since": "",
                "name": "Shyam Sundar Sriram",
                "qualification": "",
                "total_exp": ""
            },
            {
                "managing_fund_since": "",
                "name": "Sandeep Manam",
                "qualification": "",
                "total_exp": ""
            }
        ],
        "load": {
            "entry_load": "Nil",
            "exit_load": "(for each purchase of Units) Nil(Effective April 21, 2023) Different plans have a different expense structure"
        },
        "main_scheme_name": "Franklin India NSE Nifty 50 Index Fund",
        "metrics": {
            "alpha": null,
            "arithmetic_mean_ratio": null,
            "average_div_yld": null,
            "average_pb": null,
            "average_pe": null,
            "avg_maturity": null,
            "beta": null,
            "correlation_ratio": null,
            "downside_deviation": null,
            "information_ratio": null,
            "macaulay": null,
            "mod_duration": null,
            "port_turnover_ratio": null,
            "r_squared_ratio": null,
            "roe_ratio": null,
            "sharpe": null,
            "sortino_ratio": null,
            "std_dev": null,
            "tracking_error": null,
            "treynor_ratio": null,
            "upside_deviation": null,
            "ytm": null
        },
        "min_addl_amt": "\u20b9 1000",
        "min_addl_amt_multiple": "\u20b9 1",
        "min_amt": "\u20b9 5000",
        "min_amt_multiple": "\u20b9 1",
        "monthly_aaum_date": "31-03-2025",
        "monthly_aaum_value": "\u20b9 671.80",
        "mutual_fund_name": "Franklin Templeton Mutual Fund",
        "page_number": [
            33,
            55
        ],
        "scheme_launch_date": "August 4, 2000 "
    },
    "Franklin India Long Duration Fund": {
        "amc_name": "Franklin Templeton Asset Management (India) Private Limited",
        "benchmark_index": "CRISIL Long Duration Debt A-III Index ",
        "fund_manager": [
            {
                "managing_fund_since": "",
                "name": "Anuj Tagra",
                "qualification": "",
                "total_exp": ""
            },
            {
                "managing_fund_since": "",
                "name": "Chandni Gupta",
                "qualification": "",
                "total_exp": ""
            }
        ],
        "load": {
            "entry_load": "Nil",
            "exit_load": "(for each purchase of Units) Nil Different plans have a different expense structure"
        },
        "main_scheme_name": "Franklin India Long Duration Fund",
        "metrics": {
            "alpha": null,
            "arithmetic_mean_ratio": null,
            "average_div_yld": null,
            "average_pb": null,
            "average_pe": null,
            "avg_maturity": "20.58 years  6.98 8.24 years 8.53 years",
            "beta": null,
            "correlation_ratio": null,
            "downside_deviation": null,
            "information_ratio": null,
            "macaulay": "Yields of all securities are in annualis",
            "mod_duration": "",
            "port_turnover_ratio": null,
            "r_squared_ratio": null,
            "roe_ratio": null,
            "sharpe": null,
            "sortino_ratio": null,
            "std_dev": null,
            "tracking_error": null,
            "treynor_ratio": null,
            "upside_deviation": null,
            "ytm": ""
        },
        "min_addl_amt": "\u20b9 1000",
        "min_addl_amt_multiple": "\u20b9 1",
        "min_amt": null,
        "min_amt_multiple": null,
        "monthly_aaum_date": "31-03-2025",
        "monthly_aaum_value": "\u20b9 29.22",
        "mutual_fund_name": "Franklin Templeton Mutual Fund",
        "page_number": [
            34
        ],
        "scheme_launch_date": "December 13, 2024 "
    },
    "Franklin India Medium To Long Duration Fund": {
        "amc_name": "Franklin Templeton Asset Management (India) Private Limited",
        "benchmark_index": "CRISIL Medium to Long Duration Debt A-III Index ",
        "fund_manager": [
            {
                "managing_fund_since": "",
                "name": "Anuj Tagra",
                "qualification": "",
                "total_exp": ""
            },
            {
                "managing_fund_since": "",
                "name": "Chandni Gupta",
                "qualification": "",
                "total_exp": ""
            }
        ],
        "load": {
            "entry_load": "Nil",
            "exit_load": "(for each purchase of Units) Nil Different plans have a different expense structure"
        },
        "main_scheme_name": "Franklin India Medium To Long Duration Fund",
        "metrics": {
            "alpha": null,
            "arithmetic_mean_ratio": null,
            "average_div_yld": null,
            "average_pb": null,
            "average_pe": null,
            "avg_maturity": "7.29 years  7.37 3.98 years 4.18 years",
            "beta": null,
            "correlation_ratio": null,
            "downside_deviation": null,
            "information_ratio": null,
            "macaulay": "Yields of all securities are in annualis",
            "mod_duration": "",
            "port_turnover_ratio": null,
            "r_squared_ratio": null,
            "roe_ratio": null,
            "sharpe": null,
            "sortino_ratio": null,
            "std_dev": null,
            "tracking_error": null,
            "treynor_ratio": null,
            "upside_deviation": null,
            "ytm": ""
        },
        "min_addl_amt": "\u20b9 1000",
        "min_addl_amt_multiple": "\u20b9 1",
        "min_amt": null,
        "min_amt_multiple": null,
        "monthly_aaum_date": "31-03-2025",
        "monthly_aaum_value": "\u20b9 50.73",
        "mutual_fund_name": "Franklin Templeton Mutual Fund",
        "page_number": [
            35
        ],
        "scheme_launch_date": "September 24, 2024 "
    },
    "Franklin India Ultra Short Duration Fund": {
        "amc_name": "Franklin Templeton Asset Management (India) Private Limited",
        "benchmark_index": "NIFTY Ultra Short Duration Debt Index A-I ",
        "fund_manager": [
            {
                "managing_fund_since": "",
                "name": "Rohan Maru",
                "qualification": "",
                "total_exp": ""
            },
            {
                "managing_fund_since": "",
                "name": "Pallab Roy",
                "qualification": "",
                "total_exp": ""
            },
            {
                "managing_fund_since": "",
                "name": "Rahul Goswami",
                "qualification": "",
                "total_exp": ""
            }
        ],
        "load": {
            "entry_load": "Nil",
            "exit_load": "(for each purchase of Units) Nil Different plans have a different expense structure"
        },
        "main_scheme_name": "Franklin India Ultra Short Duration Fund",
        "metrics": {
            "alpha": null,
            "arithmetic_mean_ratio": null,
            "average_div_yld": null,
            "average_pb": null,
            "average_pe": null,
            "avg_maturity": "0.64 years  7.40 0.40 years 0.44 years",
            "beta": null,
            "correlation_ratio": null,
            "downside_deviation": null,
            "information_ratio": null,
            "macaulay": "Yields of all securities are in annualis",
            "mod_duration": "",
            "port_turnover_ratio": null,
            "r_squared_ratio": null,
            "roe_ratio": null,
            "sharpe": null,
            "sortino_ratio": null,
            "std_dev": null,
            "tracking_error": null,
            "treynor_ratio": null,
            "upside_deviation": null,
            "ytm": ""
        },
        "min_addl_amt": "\u20b9 1000",
        "min_addl_amt_multiple": "\u20b9 1",
        "min_amt": null,
        "min_amt_multiple": null,
        "monthly_aaum_date": "31-03-2025",
        "monthly_aaum_value": "\u20b9 273.38",
        "mutual_fund_name": "Franklin Templeton Mutual Fund",
        "page_number": [
            36
        ],
        "scheme_launch_date": "August 29, 2024 "
    },
    "Franklin India Overnight Fund": {
        "amc_name": "Franklin Templeton Asset Management (India) Private Limited",
        "benchmark_index": "NIFTY 1D Rate Index (w.e.f. April 1, 2024) ",
        "fund_manager": [
            {
                "managing_fund_since": "",
                "name": "Pallab Roy",
                "qualification": "",
                "total_exp": ""
            },
            {
                "managing_fund_since": "",
                "name": "Rohan Maru",
                "qualification": "",
                "total_exp": ""
            }
        ],
        "load": {
            "entry_load": "",
            "exit_load": ""
        },
        "main_scheme_name": "Franklin India Overnight Fund",
        "metrics": {
            "alpha": null,
            "arithmetic_mean_ratio": null,
            "average_div_yld": null,
            "average_pb": null,
            "average_pe": null,
            "avg_maturity": "0.01 Years 3 Days  6.30 0.01 Years 3 Day",
            "beta": null,
            "correlation_ratio": null,
            "downside_deviation": null,
            "information_ratio": null,
            "macaulay": "Yields of all securities are in annualis",
            "mod_duration": "",
            "port_turnover_ratio": null,
            "r_squared_ratio": null,
            "roe_ratio": null,
            "sharpe": null,
            "sortino_ratio": null,
            "std_dev": null,
            "tracking_error": null,
            "treynor_ratio": null,
            "upside_deviation": null,
            "ytm": ""
        },
        "min_addl_amt": null,
        "min_addl_amt_multiple": null,
        "min_amt": "\u20b9 5000",
        "min_amt_multiple": "\u20b9 1",
        "monthly_aaum_date": "31-03-2025",
        "monthly_aaum_value": "\u20b9 493.24",
        "mutual_fund_name": "Franklin Templeton Mutual Fund",
        "page_number": [
            37
        ],
        "scheme_launch_date": "May 08, 2019 "
    },
    "Franklin India Liquid Fund": {
        "amc_name": "Franklin Templeton Asset Management (India) Private Limited",
        "benchmark_index": "NIFTY Liquid Index A-I ",
        "fund_manager": [
            {
                "managing_fund_since": "",
                "name": "Pallab Roy",
                "qualification": "",
                "total_exp": ""
            },
            {
                "managing_fund_since": "",
                "name": "Rohan Maru",
                "qualification": "",
                "total_exp": ""
            }
        ],
        "load": {
            "entry_load": "",
            "exit_load": ""
        },
        "main_scheme_name": "Franklin India Liquid Fund",
        "metrics": {
            "alpha": null,
            "arithmetic_mean_ratio": null,
            "average_div_yld": null,
            "average_pb": null,
            "average_pe": null,
            "avg_maturity": "0.13 Years 49 Days  7.13 0.13 Years 46 D",
            "beta": null,
            "correlation_ratio": null,
            "downside_deviation": null,
            "information_ratio": null,
            "macaulay": "FIL Gro  Yields of all securities are in",
            "mod_duration": "T NA",
            "port_turnover_ratio": null,
            "r_squared_ratio": null,
            "roe_ratio": null,
            "sharpe": null,
            "sortino_ratio": null,
            "std_dev": null,
            "tracking_error": null,
            "treynor_ratio": null,
            "upside_deviation": null,
            "ytm": ""
        },
        "min_addl_amt": "\u20b9 1",
        "min_addl_amt_multiple": "\u20b9 1",
        "min_amt": "\u20b9 25",
        "min_amt_multiple": "\u20b9 1",
        "monthly_aaum_date": "31-03-2025",
        "monthly_aaum_value": "\u20b9 2545.03",
        "mutual_fund_name": "Franklin Templeton Mutual Fund",
        "page_number": [
            38,
            56
        ],
        "scheme_launch_date": "FILF - R Plan April 29, 1998 FILF- I Plan June 22, 2004 FILF - SI Plan September 2, 2005 "
    },
    "Franklin India Money Market Fund": {
        "amc_name": "Franklin Templeton Asset Management (India) Private Limited",
        "benchmark_index": "NIFTY Money Market Index A-I (w.e.f. April 1, 2024) ",
        "fund_manager": [
            {
                "managing_fund_since": "",
                "name": "Rohan Maru",
                "qualification": "",
                "total_exp": ""
            },
            {
                "managing_fund_since": "",
                "name": "Chandni Gupta",
                "qualification": "",
                "total_exp": ""
            },
            {
                "managing_fund_since": "",
                "name": "Rahul Goswami",
                "qualification": "",
                "total_exp": ""
            }
        ],
        "load": {
            "entry_load": "Nil",
            "exit_load": "(for each purchase of Units) Nil Different plans have a different  expense  structure All in conc impa issu"
        },
        "main_scheme_name": "Franklin India Money Market Fund",
        "metrics": {
            "alpha": null,
            "arithmetic_mean_ratio": null,
            "average_div_yld": null,
            "average_pb": null,
            "average_pe": null,
            "avg_maturity": "0.59 Years 216 Days  7.47 0.55 Years 201",
            "beta": null,
            "correlation_ratio": null,
            "downside_deviation": null,
            "information_ratio": null,
            "macaulay": "Yields of all securities are in annualis",
            "mod_duration": "",
            "port_turnover_ratio": null,
            "r_squared_ratio": null,
            "roe_ratio": null,
            "sharpe": null,
            "sortino_ratio": null,
            "std_dev": null,
            "tracking_error": null,
            "treynor_ratio": null,
            "upside_deviation": null,
            "ytm": ""
        },
        "min_addl_amt": "\u20b9 1000",
        "min_addl_amt_multiple": "\u20b9 1",
        "min_amt": "\u20b9 10,000",
        "min_amt_multiple": "\u20b9 1",
        "monthly_aaum_date": "31-03-2025",
        "monthly_aaum_value": "\u20b9 2644.73",
        "mutual_fund_name": "Franklin Templeton Mutual Fund",
        "page_number": [
            39
        ],
        "scheme_launch_date": "Retail Option Feb 11, 2002 Institutional Option Sep 6, 2005 "
    },
    "Franklin India Floating Rate Fund": {
        "amc_name": "Franklin Templeton Asset Management (India) Private Limited",
        "benchmark_index": "NIFTY Short Duration Debt Index A-II (w.e.f. April 1, 2024) Ple ",
        "fund_manager": [
            {
                "managing_fund_since": "",
                "name": "Pallab Roy",
                "qualification": "",
                "total_exp": ""
            },
            {
                "managing_fund_since": "",
                "name": "Rohan Maru",
                "qualification": "",
                "total_exp": ""
            },
            {
                "managing_fund_since": "",
                "name": "Sandeep Manam",
                "qualification": "",
                "total_exp": ""
            }
        ],
        "load": {
            "entry_load": "",
            "exit_load": ""
        },
        "main_scheme_name": "Franklin India Floating Rate Fund",
        "metrics": {
            "alpha": null,
            "arithmetic_mean_ratio": null,
            "average_div_yld": null,
            "average_pb": null,
            "average_pe": null,
            "avg_maturity": "",
            "beta": null,
            "correlation_ratio": null,
            "downside_deviation": null,
            "information_ratio": null,
            "macaulay": "7.32 1.38 years 1.45 years Yields of all",
            "mod_duration": "",
            "port_turnover_ratio": null,
            "r_squared_ratio": null,
            "roe_ratio": null,
            "sharpe": null,
            "sortino_ratio": null,
            "std_dev": null,
            "tracking_error": null,
            "treynor_ratio": null,
            "upside_deviation": null,
            "ytm": ""
        },
        "min_addl_amt": null,
        "min_addl_amt_multiple": null,
        "min_amt": "\u20b9 1000",
        "min_amt_multiple": "\u20b9 1",
        "monthly_aaum_date": "31-03-2025",
        "monthly_aaum_value": "\u20b9 315.77",
        "mutual_fund_name": "Franklin Templeton Mutual Fund",
        "page_number": [
            40
        ],
        "scheme_launch_date": "April 23, 2001 "
    },
    "Franklin India Corporate Debt Fund": {
        "amc_name": "Franklin Templeton Asset Management (India) Private Limited",
        "benchmark_index": "NIFTY Corporate Bond Index A-II (w.e.f. April 1, 2024) ",
        "fund_manager": [
            {
                "managing_fund_since": "",
                "name": "Anuj Tagra",
                "qualification": "",
                "total_exp": ""
            },
            {
                "managing_fund_since": "",
                "name": "Chandni Gupta",
                "qualification": "",
                "total_exp": ""
            },
            {
                "managing_fund_since": "",
                "name": "Rahul Goswami",
                "qualification": "",
                "total_exp": ""
            }
        ],
        "load": {
            "entry_load": "Nil",
            "exit_load": "(for each purchase of Units)  Nil Sales suspended in Plan B - All Options Different plans have a different expense structure"
        },
        "main_scheme_name": "Franklin India Corporate Debt Fund",
        "metrics": {
            "alpha": null,
            "arithmetic_mean_ratio": null,
            "average_div_yld": null,
            "average_pb": null,
            "average_pe": null,
            "avg_maturity": "3.79 years",
            "beta": null,
            "correlation_ratio": null,
            "downside_deviation": null,
            "information_ratio": null,
            "macaulay": "7.62 2.46 years 2.61 years Ple  Yields o",
            "mod_duration": "",
            "port_turnover_ratio": null,
            "r_squared_ratio": null,
            "roe_ratio": null,
            "sharpe": null,
            "sortino_ratio": null,
            "std_dev": null,
            "tracking_error": null,
            "treynor_ratio": null,
            "upside_deviation": null,
            "ytm": ""
        },
        "min_addl_amt": null,
        "min_addl_amt_multiple": null,
        "min_amt": "\u20b9 10,000",
        "min_amt_multiple": "\u20b9 1",
        "monthly_aaum_date": "31-03-2025",
        "monthly_aaum_value": "\u20b9 757.55",
        "mutual_fund_name": "Franklin Templeton Mutual Fund",
        "page_number": [
            41
        ],
        "scheme_launch_date": "June 23, 1997 "
    },
    "Franklin India Banking & PSU Debt Fund": {
        "amc_name": "Franklin Templeton Asset Management (India) Private Limited",
        "benchmark_index": "18 Nifty Banking & PSU Debt Index A-II (w.e.f. April 1, 2024) ",
        "fund_manager": [
            {
                "managing_fund_since": "",
                "name": "Chandni Gupta",
                "qualification": "",
                "total_exp": ""
            },
            {
                "managing_fund_since": "",
                "name": "Anuj Tagra",
                "qualification": "",
                "total_exp": ""
            },
            {
                "managing_fund_since": "",
                "name": "Com Sandeep Manam",
                "qualification": "",
                "total_exp": ""
            }
        ],
        "load": {
            "entry_load": "Nil",
            "exit_load": "(for each purchase of Units) This Nil instr the v Different plans have a different expense structure port"
        },
        "main_scheme_name": "Franklin India Banking & PSU Debt Fund",
        "metrics": {
            "alpha": null,
            "arithmetic_mean_ratio": null,
            "average_div_yld": null,
            "average_pb": null,
            "average_pe": null,
            "avg_maturity": "3.41 years",
            "beta": null,
            "correlation_ratio": null,
            "downside_deviation": null,
            "information_ratio": null,
            "macaulay": "7.45 2.21 years 2.37 years Yields of all",
            "mod_duration": "",
            "port_turnover_ratio": null,
            "r_squared_ratio": null,
            "roe_ratio": null,
            "sharpe": null,
            "sortino_ratio": null,
            "std_dev": null,
            "tracking_error": null,
            "treynor_ratio": null,
            "upside_deviation": null,
            "ytm": ""
        },
        "min_addl_amt": "\u20b9 1000",
        "min_addl_amt_multiple": "\u20b9 1",
        "min_amt": "\u20b9 5,000",
        "min_amt_multiple": "\u20b9 1",
        "monthly_aaum_date": "31-03-2025",
        "monthly_aaum_value": "\u20b9 591.43",
        "mutual_fund_name": "Franklin Templeton Mutual Fund",
        "page_number": [
            42
        ],
        "scheme_launch_date": "April 25, 2014 "
    },
    "Franklin India Government Securities Fund": {
        "amc_name": "Franklin Templeton Asset Management (India) Private Limited",
        "benchmark_index": "NIFTY All Duration G-Sec Index ",
        "fund_manager": [
            {
                "managing_fund_since": "",
                "name": "Anuj Tagra",
                "qualification": "",
                "total_exp": ""
            },
            {
                "managing_fund_since": "",
                "name": "Rahul Goswami",
                "qualification": "",
                "total_exp": ""
            }
        ],
        "load": {
            "entry_load": "Nil",
            "exit_load": "(for each purchase of Units)Nil CDSC is treated similarly Different plans have a different expense structure Benchmark for FIGSF has been changed to NIFTY All Duration G-Sec Index, effective from 8th September 2021 Franklin India Government Securities Fund (FI"
        },
        "main_scheme_name": "Franklin India Government Securities Fund",
        "metrics": {
            "alpha": null,
            "arithmetic_mean_ratio": null,
            "average_div_yld": null,
            "average_pb": null,
            "average_pe": null,
            "avg_maturity": "3.92 years  6.66 1.65 years 1.71 years",
            "beta": null,
            "correlation_ratio": null,
            "downside_deviation": null,
            "information_ratio": null,
            "macaulay": "Yields of all securities are in annualis",
            "mod_duration": "",
            "port_turnover_ratio": null,
            "r_squared_ratio": null,
            "roe_ratio": null,
            "sharpe": null,
            "sortino_ratio": null,
            "std_dev": null,
            "tracking_error": null,
            "treynor_ratio": null,
            "upside_deviation": null,
            "ytm": ""
        },
        "min_addl_amt": "\u20b9 1000",
        "min_addl_amt_multiple": "\u20b9 1",
        "min_amt": null,
        "min_amt_multiple": null,
        "monthly_aaum_date": "31-03-2025",
        "monthly_aaum_value": "\u20b9 151.26",
        "mutual_fund_name": "Franklin Templeton Mutual Fund",
        "page_number": [
            43
        ],
        "scheme_launch_date": "December 7, 2001 "
    },
    "Franklin India Arbitrage Fund": {
        "amc_name": "Franklin Templeton Asset Management (India) Private Limited",
        "benchmark_index": "Nifty 50 Arbitrage Index ",
        "fund_manager": [
            {
                "managing_fund_since": "",
                "name": "Yogik Pitti",
                "qualification": "",
                "total_exp": ""
            },
            {
                "managing_fund_since": "",
                "name": "Rajasa Kakulavarapu",
                "qualification": "",
                "total_exp": ""
            },
            {
                "managing_fund_since": "",
                "name": "Pallab Roy",
                "qualification": "",
                "total_exp": ""
            },
            {
                "managing_fund_since": "",
                "name": "Rohan Maru",
                "qualification": "",
                "total_exp": ""
            }
        ],
        "load": {
            "entry_load": "Nil",
            "exit_load": "(for each purchase of Units) Nil (For 10 of the units purchased on or before 1 Month from the date of allotment) Upto 1 Month - 0.25 Nil - If redeemed after 30 days from the date of allotment  (w.e.f. January 06, 2025) Different plans have a different expense structure Sales suspended in Plan B - All Options"
        },
        "main_scheme_name": "Franklin India Arbitrage Fund",
        "metrics": {
            "alpha": null,
            "arithmetic_mean_ratio": null,
            "average_div_yld": null,
            "average_pb": null,
            "average_pe": null,
            "avg_maturity": "",
            "beta": null,
            "correlation_ratio": null,
            "downside_deviation": null,
            "information_ratio": null,
            "macaulay": "0.40 years  Yields of all securities are",
            "mod_duration": "0.37 years",
            "port_turnover_ratio": "728.57",
            "r_squared_ratio": null,
            "roe_ratio": null,
            "sharpe": null,
            "sortino_ratio": null,
            "std_dev": null,
            "tracking_error": null,
            "treynor_ratio": null,
            "upside_deviation": null,
            "ytm": "6.83"
        },
        "min_addl_amt": "\u20b9 1000",
        "min_addl_amt_multiple": "\u20b9 1",
        "min_amt": null,
        "min_amt_multiple": null,
        "monthly_aaum_date": "31-03-2025",
        "monthly_aaum_value": "\u20b9 186.52",
        "mutual_fund_name": "Franklin Templeton Mutual Fund",
        "page_number": [
            44
        ],
        "scheme_launch_date": "November 19, 2024 "
    },
    "Franklin India Debt Hybrid Fund": {
        "amc_name": "Franklin Templeton Asset Management (India) Private Limited",
        "benchmark_index": "CRISIL Hybrid 85+15 - Conservative Index ",
        "fund_manager": [
            {
                "managing_fund_since": "",
                "name": "Rohan Maru",
                "qualification": "",
                "total_exp": ""
            },
            {
                "managing_fund_since": "",
                "name": "Pallab Roy",
                "qualification": "",
                "total_exp": ""
            },
            {
                "managing_fund_since": "",
                "name": "Rahul Goswami",
                "qualification": "",
                "total_exp": ""
            },
            {
                "managing_fund_since": "",
                "name": "Rajasa Kakulavarapu",
                "qualification": "",
                "total_exp": ""
            },
            {
                "managing_fund_since": "",
                "name": "Sandeep Manam",
                "qualification": "",
                "total_exp": ""
            }
        ],
        "load": {
            "entry_load": "Nil",
            "exit_load": "(for each purchase of Units) Nil (effective October 11, 2021) Different plans have a different expense structure Sales suspended in Plan B - All Options"
        },
        "main_scheme_name": "Franklin India Debt Hybrid Fund",
        "metrics": {
            "alpha": null,
            "arithmetic_mean_ratio": null,
            "average_div_yld": null,
            "average_pb": null,
            "average_pe": null,
            "avg_maturity": "",
            "beta": null,
            "correlation_ratio": null,
            "downside_deviation": null,
            "information_ratio": null,
            "macaulay": "3.26 years Yields of all securities are ",
            "mod_duration": "3.09 years",
            "port_turnover_ratio": null,
            "r_squared_ratio": null,
            "roe_ratio": null,
            "sharpe": null,
            "sortino_ratio": null,
            "std_dev": null,
            "tracking_error": null,
            "treynor_ratio": null,
            "upside_deviation": null,
            "ytm": "7.23"
        },
        "min_addl_amt": "\u20b9 1000",
        "min_addl_amt_multiple": "\u20b9 1",
        "min_amt": "\u20b9 10,000",
        "min_amt_multiple": "\u20b9 1",
        "monthly_aaum_date": "31-03-2025",
        "monthly_aaum_value": "\u20b9 197.66",
        "mutual_fund_name": "Franklin Templeton Mutual Fund",
        "page_number": [
            45
        ],
        "scheme_launch_date": "September 28, 2000 "
    },
    "Franklin India Equity Savings Fund": {
        "amc_name": "Franklin Templeton Asset Management (India) Private Limited",
        "benchmark_index": "Nifty Equity Savings Index ",
        "fund_manager": [
            {
                "managing_fund_since": "",
                "name": "Rajasa Kakulavarapu",
                "qualification": "",
                "total_exp": ""
            },
            {
                "managing_fund_since": "",
                "name": "Venkatesh Sanjeevi",
                "qualification": "",
                "total_exp": ""
            },
            {
                "managing_fund_since": "",
                "name": "Anuj Tagra",
                "qualification": "",
                "total_exp": ""
            },
            {
                "managing_fund_since": "",
                "name": "Rohan Maru",
                "qualification": "",
                "total_exp": ""
            },
            {
                "managing_fund_since": "",
                "name": "Sandeep Manam",
                "qualification": "",
                "total_exp": ""
            }
        ],
        "load": {
            "entry_load": "Nil",
            "exit_load": "(for each purchase of Units)  Nil (effective October 11, 2021)   This no load redemption limit is applicable on a yearly basis (from the date of allotment of such units) and the limit not availed during a year shall not be clubbed or carried forward to the next year. Different plans have a different expense structure"
        },
        "main_scheme_name": "Franklin India Equity Savings Fund",
        "metrics": {
            "alpha": null,
            "arithmetic_mean_ratio": null,
            "average_div_yld": null,
            "average_pb": null,
            "average_pe": null,
            "avg_maturity": "",
            "beta": null,
            "correlation_ratio": null,
            "downside_deviation": null,
            "information_ratio": null,
            "macaulay": "2.44 years  Yields of all securities are",
            "mod_duration": "2.29 years",
            "port_turnover_ratio": "893.13",
            "r_squared_ratio": null,
            "roe_ratio": null,
            "sharpe": null,
            "sortino_ratio": null,
            "std_dev": null,
            "tracking_error": null,
            "treynor_ratio": null,
            "upside_deviation": null,
            "ytm": "7.28"
        },
        "min_addl_amt": "\u20b9 1,000",
        "min_addl_amt_multiple": "\u20b9 1",
        "min_amt": "\u20b9 5,000",
        "min_amt_multiple": "\u20b9 1",
        "monthly_aaum_date": "31-03-2025",
        "monthly_aaum_value": "\u20b9 654.07",
        "mutual_fund_name": "Franklin Templeton Mutual Fund",
        "page_number": [
            46,
            62
        ],
        "scheme_launch_date": "August 27, 2018 "
    },
    "Franklin India Pension Plan": {
        "amc_name": "Franklin Templeton Asset Management (India) Private Limited",
        "benchmark_index": "CRISIL Short Term Debt Hybrid 60+40 Index (The Benchmark has been changed from 40% Nifty 500+ 60% Crisil Composite Bond Index to CRISIL Short Term Debt Hybrid 60+40 Index w.e.f  12th August, 2024.) ",
        "fund_manager": [
            {
                "managing_fund_since": "",
                "name": "Anuj Tagra",
                "qualification": "",
                "total_exp": ""
            },
            {
                "managing_fund_since": "",
                "name": "Pallab Roy",
                "qualification": "",
                "total_exp": ""
            },
            {
                "managing_fund_since": "",
                "name": "Rajasa Kakulavarapu",
                "qualification": "",
                "total_exp": ""
            },
            {
                "managing_fund_since": "",
                "name": "Ajay Argal",
                "qualification": "",
                "total_exp": ""
            }
        ],
        "load": {
            "entry_load": "Nil",
            "exit_load": "(for each purchase of Units) 3, if redeemed before the age of 58 years (subject to lock-in period) and target amount Nil, if redeemed after the age of 58 years Different plans have a different expense structure Retirement age  60 years"
        },
        "main_scheme_name": "Franklin India Pension Plan",
        "metrics": {
            "alpha": null,
            "arithmetic_mean_ratio": null,
            "average_div_yld": null,
            "average_pb": null,
            "average_pe": null,
            "avg_maturity": "",
            "beta": null,
            "correlation_ratio": null,
            "downside_deviation": null,
            "information_ratio": null,
            "macaulay": "7.60 2.02 years 2.16 years Yields of all",
            "mod_duration": "",
            "port_turnover_ratio": null,
            "r_squared_ratio": null,
            "roe_ratio": null,
            "sharpe": null,
            "sortino_ratio": null,
            "std_dev": null,
            "tracking_error": null,
            "treynor_ratio": null,
            "upside_deviation": null,
            "ytm": ""
        },
        "min_addl_amt": "\u20b9 500",
        "min_addl_amt_multiple": "\u20b9 1",
        "min_amt": "\u20b9 500",
        "min_amt_multiple": "\u20b9 1",
        "monthly_aaum_date": "31-03-2025",
        "monthly_aaum_value": "\u20b9 501.91",
        "mutual_fund_name": "Franklin Templeton Mutual Fund",
        "page_number": [
            47
        ],
        "scheme_launch_date": "March 31, 1997 "
    },
    "Franklin India Multi-Asset Solution Fund of Funds": {
        "amc_name": "Franklin Templeton Asset Management (India) Private Limited",
        "benchmark_index": null,
        "fund_manager": [
            {
                "managing_fund_since": "",
                "name": "Rajasa Kakulavarapu Venkatesh",
                "qualification": "",
                "total_exp": ""
            }
        ],
        "load": {
            "entry_load": "Nil",
            "exit_load": "(for each purchase of Units) In respect of each purchase of Units -  NIL Exit load  for 10 of the units upto completion of 12 months. o The First In First Out (FIFO) logic will be applied while selecting the units for redemption o Waiver of Exit load is calculated for each inflow transaction separately on FIFO basis and not on the total units through multiple inflows o The load free units from purchases made subsequent to the initial purchase will be available only after redeeming all units from the initial purchase  All units redeemed /switched-out in excess of the 10 load free units will be subject to the below mentioned exit load. o 1.00 - if Units are redeemed/switched-out on or before 1 year from the date of allotment o Nil - if redeemed after 1 year from the date of allotment This no load redemption limit is applicable on a yearly basis (from the date of allotment of such units) and the limit not availed during a year shall not be clubbed or carried forward to the next year."
        },
        "main_scheme_name": "Franklin India Multi-Asset Solution Fund of Funds",
        "metrics": {
            "alpha": null,
            "arithmetic_mean_ratio": null,
            "average_div_yld": null,
            "average_pb": null,
            "average_pe": null,
            "avg_maturity": null,
            "beta": null,
            "correlation_ratio": null,
            "downside_deviation": null,
            "information_ratio": null,
            "macaulay": null,
            "mod_duration": null,
            "port_turnover_ratio": null,
            "r_squared_ratio": null,
            "roe_ratio": null,
            "sharpe": null,
            "sortino_ratio": null,
            "std_dev": null,
            "tracking_error": null,
            "treynor_ratio": null,
            "upside_deviation": null,
            "ytm": null
        },
        "min_addl_amt": null,
        "min_addl_amt_multiple": null,
        "min_amt": null,
        "min_amt_multiple": null,
        "monthly_aaum_date": "31-03-2025",
        "monthly_aaum_value": "\u20b9 1257.16",
        "mutual_fund_name": "Franklin Templeton Mutual Fund",
        "page_number": [
            48
        ],
        "scheme_launch_date": "October 31, 2003 "
    },
    "Franklin India Equity Hybrid Fund": {
        "amc_name": "Franklin Templeton Asset Management (India) Private Limited",
        "benchmark_index": "CRISIL Hybrid 35+65 - Aggressive Index ",
        "fund_manager": [
            {
                "managing_fund_since": "",
                "name": "Rajasa Kakulavarapu",
                "qualification": "",
                "total_exp": ""
            },
            {
                "managing_fund_since": "",
                "name": "Chandni Gupta",
                "qualification": "",
                "total_exp": ""
            },
            {
                "managing_fund_since": "",
                "name": "Anuj Tagra",
                "qualification": "",
                "total_exp": ""
            },
            {
                "managing_fund_since": "",
                "name": "Sandeep Manam",
                "qualification": "",
                "total_exp": ""
            }
        ],
        "load": {
            "entry_load": "Nil",
            "exit_load": "(for each purchase of Units) Upto 10 of the Units may be redeemed without any exit load within 1 year from the date of allotment. Any redemption in excess of the above limit shall be subject to the following exit load 1.00 - if redeemed on or before 1 year from the date of allotment Nil - if redeemed after 1 year from the date of allotment Different plans have a different expense structure"
        },
        "main_scheme_name": "Franklin India Equity Hybrid Fund",
        "metrics": {
            "alpha": null,
            "arithmetic_mean_ratio": null,
            "average_div_yld": null,
            "average_pb": null,
            "average_pe": null,
            "avg_maturity": "7.81",
            "beta": null,
            "correlation_ratio": null,
            "downside_deviation": null,
            "information_ratio": null,
            "macaulay": "2.43 Years  Yields of all securities are",
            "mod_duration": "2.28 Years",
            "port_turnover_ratio": "34.77",
            "r_squared_ratio": null,
            "roe_ratio": null,
            "sharpe": null,
            "sortino_ratio": null,
            "std_dev": null,
            "tracking_error": null,
            "treynor_ratio": null,
            "upside_deviation": null,
            "ytm": ""
        },
        "min_addl_amt": "\u20b9 1000",
        "min_addl_amt_multiple": "\u20b9 1",
        "min_amt": "\u20b9 5000",
        "min_amt_multiple": "\u20b9 1",
        "monthly_aaum_date": "31-03-2025",
        "monthly_aaum_value": "\u20b9 2009.16",
        "mutual_fund_name": "Franklin Templeton Mutual Fund",
        "page_number": [
            49
        ],
        "scheme_launch_date": "December 10, 1999 "
    },
    "Franklin India Balanced Advantage Fund": {
        "amc_name": "Franklin Templeton Asset Management (India) Private Limited",
        "benchmark_index": "NIFTY 50 Hybrid Composite Debt 50:50 Index ",
        "fund_manager": [
            {
                "managing_fund_since": "",
                "name": "Rajasa Kakulavarapu",
                "qualification": "",
                "total_exp": ""
            },
            {
                "managing_fund_since": "",
                "name": "Venkatesh Sanjeevi",
                "qualification": "",
                "total_exp": ""
            },
            {
                "managing_fund_since": "",
                "name": "Chandni Gupta",
                "qualification": "",
                "total_exp": ""
            },
            {
                "managing_fund_since": "",
                "name": "Anuj Tagra",
                "qualification": "",
                "total_exp": ""
            },
            {
                "managing_fund_since": "",
                "name": "Rahul Goswami",
                "qualification": "",
                "total_exp": ""
            },
            {
                "managing_fund_since": "",
                "name": "Sandeep Manam",
                "qualification": "",
                "total_exp": ""
            }
        ],
        "load": {
            "entry_load": "Nil",
            "exit_load": "(for each purchase of Units)  Upto 10 of the Units may be redeemed without any exit load within 1 year from the date of allotment. Any redemption in excess of the above limit shall be subject to the following exit load 1.00 - if redeemed on or before 1 year from the date of allotment Nil - if redeemed after 1 year from the date of allotment Different plans have a different expense structure"
        },
        "main_scheme_name": "Franklin India Balanced Advantage Fund",
        "metrics": {
            "alpha": null,
            "arithmetic_mean_ratio": null,
            "average_div_yld": null,
            "average_pb": null,
            "average_pe": null,
            "avg_maturity": "",
            "beta": null,
            "correlation_ratio": null,
            "downside_deviation": null,
            "information_ratio": null,
            "macaulay": "2.27 years Yields of all securities are ",
            "mod_duration": "2.14 years",
            "port_turnover_ratio": "381.40",
            "r_squared_ratio": null,
            "roe_ratio": null,
            "sharpe": null,
            "sortino_ratio": null,
            "std_dev": null,
            "tracking_error": null,
            "treynor_ratio": null,
            "upside_deviation": null,
            "ytm": "7.48"
        },
        "min_addl_amt": "\u20b9 1,000",
        "min_addl_amt_multiple": "\u20b9 1",
        "min_amt": "\u20b9 5,000",
        "min_amt_multiple": "\u20b9 1",
        "monthly_aaum_date": "31-03-2025",
        "monthly_aaum_value": "\u20b9 2433.87",
        "mutual_fund_name": "Franklin Templeton Mutual Fund",
        "page_number": [
            50
        ],
        "scheme_launch_date": "September 06, 2022 "
    }
}