{
    "Invesco India ELSS Tax Saver Fund": {
        "amc_name": "Invesco Asset Management (India) Private Limited",
        "benchmark_index": "BSE 500 TRI ",
        "fund_manager": [
            {
                "managing_fund_since": "September 3, 2020",
                "name": "Amit Nigam",
                "qualification": "",
                "total_exp": "23 Years"
            },
            {
                "managing_fund_since": "March 29, 2018",
                "name": "Dhimant Kothari",
                "qualification": "",
                "total_exp": "19 Years"
            }
        ],
        "load": {
            "entry_load": "",
            "exit_load": "1 Nil"
        },
        "main_scheme_name": "Invesco India ELSS Tax Saver Fund",
        "metrics": {
            "alpha": null,
            "arithmetic_mean_ratio": null,
            "average_div_yld": null,
            "average_pb": "4.9",
            "average_pe": "30.8",
            "avg_maturity": null,
            "beta": "1.00",
            "correlation_ratio": null,
            "downside_deviation": null,
            "information_ratio": null,
            "macaulay": null,
            "mod_duration": null,
            "port_turnover_ratio": "0.94 ",
            "r_squared_ratio": null,
            "roe_ratio": null,
            "sharpe": "0.10",
            "sortino_ratio": null,
            "std_dev": "4.40",
            "tracking_error": null,
            "treynor_ratio": null,
            "upside_deviation": null,
            "ytm": null
        },
        "min_addl_amt": "\u20b9 500",
        "min_addl_amt_multiple": "\u20b9 500",
        "min_amt": "\u20b9 500",
        "min_amt_multiple": "\u20b9 500",
        "monthly_aaum_date": "31-03-2025",
        "monthly_aaum_value": "\u20b9 2,659.40",
        "mutual_fund_name": "Invesco Mutual Fund",
        "page_number": [
            4
        ],
        "scheme_launch_date": "29 December, 2006 "
    },
    "Invesco India Multicap Fund": {
        "amc_name": "Invesco Asset Management (India) Private Limited",
        "benchmark_index": "NIFTY 500 Multicap 50:25:25 TRI ",
        "fund_manager": [
            {
                "managing_fund_since": "December 1, 2023",
                "name": "Dhimant Kothari",
                "qualification": "",
                "total_exp": "19 Years"
            },
            {
                "managing_fund_since": "September 3, 2020",
                "name": "Amit Nigam",
                "qualification": "",
                "total_exp": "23 Years"
            }
        ],
        "load": {
            "entry_load": "",
            "exit_load": "1 \tNil - if upto 10 of Units allotted are redeemed  switched-out within 1 year from the date of allotment. \t1 - for any redemption  switch- out in excess of 10 of units allotted within one year from the date of allotment. \tNil - if units are redeemed or switched-out after 1 year from the date of allotment. Switch between the Plans under the Scheme, please refer page no. 63."
        },
        "main_scheme_name": "Invesco India Multicap Fund",
        "metrics": {
            "alpha": null,
            "arithmetic_mean_ratio": null,
            "average_div_yld": null,
            "average_pb": "6.1",
            "average_pe": "38.5",
            "avg_maturity": null,
            "beta": "0.93",
            "correlation_ratio": null,
            "downside_deviation": null,
            "information_ratio": null,
            "macaulay": null,
            "mod_duration": null,
            "port_turnover_ratio": "1.21 ",
            "r_squared_ratio": null,
            "roe_ratio": null,
            "sharpe": "0.17",
            "sortino_ratio": null,
            "std_dev": "4.33",
            "tracking_error": null,
            "treynor_ratio": null,
            "upside_deviation": null,
            "ytm": null
        },
        "min_addl_amt": "\u20b9 1,000",
        "min_addl_amt_multiple": "\u20b9 1",
        "min_amt": "\u20b9 1,000",
        "min_amt_multiple": "\u20b9 1",
        "monthly_aaum_date": "31-03-2025",
        "monthly_aaum_value": "\u20b9 3,582.96",
        "mutual_fund_name": "Invesco Mutual Fund",
        "page_number": [
            5
        ],
        "scheme_launch_date": "17 March, 2008 "
    },
    "Invesco India Contra Fund": {
        "amc_name": "Invesco Asset Management (India) Private Limited",
        "benchmark_index": "BSE 500 TRI ",
        "fund_manager": [
            {
                "managing_fund_since": "January 13, 2017",
                "name": "Taher Badshah",
                "qualification": "",
                "total_exp": "30 Years"
            },
            {
                "managing_fund_since": "December 1, 2023",
                "name": "Amit Ganatra",
                "qualification": "",
                "total_exp": "21 Years"
            }
        ],
        "load": {
            "entry_load": "",
            "exit_load": "1 \tNil - if upto 10 of Units allotted are redeemed  switched-out within 1 year from the date of allotment.  1 - for any redemption  switch- out in excess of 10 of units allotted within one year from the date of allotment. \tNil if units are redeemed or switched-out after 1 year from the date of allotment. Switch between the Plans under the Scheme, please refer page no. 63."
        },
        "main_scheme_name": "Invesco India Contra Fund",
        "metrics": {
            "alpha": null,
            "arithmetic_mean_ratio": null,
            "average_div_yld": null,
            "average_pb": "3.8",
            "average_pe": "25.4",
            "avg_maturity": null,
            "beta": "0.97",
            "correlation_ratio": null,
            "downside_deviation": null,
            "information_ratio": null,
            "macaulay": null,
            "mod_duration": null,
            "port_turnover_ratio": "0.74 ",
            "r_squared_ratio": null,
            "roe_ratio": null,
            "sharpe": "0.20",
            "sortino_ratio": null,
            "std_dev": "4.19",
            "tracking_error": null,
            "treynor_ratio": null,
            "upside_deviation": null,
            "ytm": null
        },
        "min_addl_amt": "\u20b9 1,000",
        "min_addl_amt_multiple": "\u20b9 1",
        "min_amt": "\u20b9 1,000",
        "min_amt_multiple": "\u20b9 1",
        "monthly_aaum_date": "31-03-2025",
        "monthly_aaum_value": "\u20b9 16,840.01",
        "mutual_fund_name": "Invesco Mutual Fund",
        "page_number": [
            6
        ],
        "scheme_launch_date": "11 April, 2007 "
    },
    "Invesco India Largecap Fund": {
        "amc_name": "Invesco Asset Management (India) Private Limited",
        "benchmark_index": "NIFTY 100 TRI ",
        "fund_manager": [
            {
                "managing_fund_since": "September 3, 2020",
                "name": "Amit Nigam",
                "qualification": "",
                "total_exp": "23 Years"
            },
            {
                "managing_fund_since": "December 1, 2023",
                "name": "Hiten Jain",
                "qualification": "",
                "total_exp": "15 Years"
            }
        ],
        "load": {
            "entry_load": "",
            "exit_load": "1 Nil"
        },
        "main_scheme_name": "Invesco India Largecap Fund",
        "metrics": {
            "alpha": null,
            "arithmetic_mean_ratio": null,
            "average_div_yld": null,
            "average_pb": "4.4",
            "average_pe": "27.4",
            "avg_maturity": null,
            "beta": "0.99",
            "correlation_ratio": null,
            "downside_deviation": null,
            "information_ratio": null,
            "macaulay": null,
            "mod_duration": null,
            "port_turnover_ratio": "0.75 ",
            "r_squared_ratio": null,
            "roe_ratio": null,
            "sharpe": "0.10",
            "sortino_ratio": null,
            "std_dev": "4.17",
            "tracking_error": null,
            "treynor_ratio": null,
            "upside_deviation": null,
            "ytm": null
        },
        "min_addl_amt": "\u20b9 1,000",
        "min_addl_amt_multiple": "\u20b9 1",
        "min_amt": "\u20b9 1,000",
        "min_amt_multiple": "\u20b9 1",
        "monthly_aaum_date": "31-03-2025",
        "monthly_aaum_value": "\u20b9 1,289.44",
        "mutual_fund_name": "Invesco Mutual Fund",
        "page_number": [
            7
        ],
        "scheme_launch_date": "21 August, 2009 "
    },
    "Invesco India Focused Fund": {
        "amc_name": "Invesco Asset Management (India) Private Limited",
        "benchmark_index": "BSE 500 TRI ",
        "fund_manager": [
            {
                "managing_fund_since": "September 29, 2020",
                "name": "Taher Badshah",
                "qualification": "",
                "total_exp": "30 Years"
            },
            {
                "managing_fund_since": "September 14, 2022",
                "name": "Hiten Jain",
                "qualification": "",
                "total_exp": "15 Years"
            }
        ],
        "load": {
            "entry_load": "",
            "exit_load": "1 \tNil - if upto 10 of Units allotted are redeemed  switched-out within 1 year from the date of allotment.  1 - for any redemption  switch- out in excess of 10 of units allotted within one year from the date of allotment. \tNil if units are redeemed or switched-out after 1 year from the date of allotment. Switch between the Plans under the Scheme, please refer page no. 63."
        },
        "main_scheme_name": "Invesco India Focused Fund",
        "metrics": {
            "alpha": null,
            "arithmetic_mean_ratio": null,
            "average_div_yld": null,
            "average_pb": "6.3",
            "average_pe": "36.6",
            "avg_maturity": null,
            "beta": "0.98",
            "correlation_ratio": null,
            "downside_deviation": null,
            "information_ratio": null,
            "macaulay": null,
            "mod_duration": null,
            "port_turnover_ratio": "0.36 ",
            "r_squared_ratio": null,
            "roe_ratio": null,
            "sharpe": "0.21",
            "sortino_ratio": null,
            "std_dev": "4.57",
            "tracking_error": null,
            "treynor_ratio": null,
            "upside_deviation": null,
            "ytm": null
        },
        "min_addl_amt": "\u20b9 1,000",
        "min_addl_amt_multiple": "\u20b9 1",
        "min_amt": "\u20b9 1,000",
        "min_amt_multiple": "\u20b9 1",
        "monthly_aaum_date": "31-03-2025",
        "monthly_aaum_value": "\u20b9 3,226.85",
        "mutual_fund_name": "Invesco Mutual Fund",
        "page_number": [
            8
        ],
        "scheme_launch_date": "29 September, 2020 "
    },
    "Invesco India Large & Mid Cap Fund": {
        "amc_name": "Invesco Asset Management (India) Private Limited",
        "benchmark_index": "NIFTY LargeMidcap 250 TRI ",
        "fund_manager": [
            {
                "managing_fund_since": "November 9, 2023",
                "name": "Aditya Khemani",
                "qualification": "",
                "total_exp": "18 Years"
            },
            {
                "managing_fund_since": "January 21, 2022",
                "name": "Amit Ganatra",
                "qualification": "",
                "total_exp": "21 Years"
            }
        ],
        "load": {
            "entry_load": "",
            "exit_load": "1 \tNil - if upto 10 of Units allotted are redeemed  switched-out within 1 year from the date of allotment. \t1 - for any redemption  switch- out in excess of 10 of units allotted within one year from the date of allotment. \tNil - if units are redeemed or switched-out after 1 year from the date of allotment. Switch between the Plans under the Scheme, please refer page no. 63."
        },
        "main_scheme_name": "Invesco India Large & Mid Cap Fund",
        "metrics": {
            "alpha": null,
            "arithmetic_mean_ratio": null,
            "average_div_yld": null,
            "average_pb": "5.3",
            "average_pe": "35.4",
            "avg_maturity": null,
            "beta": "0.96",
            "correlation_ratio": null,
            "downside_deviation": null,
            "information_ratio": null,
            "macaulay": null,
            "mod_duration": null,
            "port_turnover_ratio": "0.71 ",
            "r_squared_ratio": null,
            "roe_ratio": null,
            "sharpe": "0.22",
            "sortino_ratio": null,
            "std_dev": "4.43",
            "tracking_error": null,
            "treynor_ratio": null,
            "upside_deviation": null,
            "ytm": null
        },
        "min_addl_amt": "\u20b9 1,000",
        "min_addl_amt_multiple": "\u20b9 1",
        "min_amt": "\u20b9 1,000",
        "min_amt_multiple": "\u20b9 1",
        "monthly_aaum_date": "31-03-2025",
        "monthly_aaum_value": "\u20b9 6,157.56",
        "mutual_fund_name": "Invesco Mutual Fund",
        "page_number": [
            9
        ],
        "scheme_launch_date": "9 August, 2007 "
    },
    "Invesco India Midcap Fund": {
        "amc_name": "Invesco Asset Management (India) Private Limited",
        "benchmark_index": "BSE 150 Midcap TRI ",
        "fund_manager": [
            {
                "managing_fund_since": "November 9, 2023",
                "name": "Aditya Khemani",
                "qualification": "",
                "total_exp": "18 Years"
            },
            {
                "managing_fund_since": "September 1, 2023",
                "name": "Amit Ganatra",
                "qualification": "",
                "total_exp": "21 Years"
            }
        ],
        "load": {
            "entry_load": "",
            "exit_load": "1 \tNil - if upto 10 of Units allotted are redeemed  switched-out within 1 year from the date of allotment.  1 - for any redemption  switch- out in excess of 10 of units allotted within one year from the date of allotment. \tNil if units are redeemed or switched-out after 1 year from the date of allotment. Switch between the Plans under the Scheme, please refer page no. 63."
        },
        "main_scheme_name": "Invesco India Midcap Fund",
        "metrics": {
            "alpha": null,
            "arithmetic_mean_ratio": null,
            "average_div_yld": null,
            "average_pb": "5.3",
            "average_pe": "37.9",
            "avg_maturity": null,
            "beta": "0.93",
            "correlation_ratio": null,
            "downside_deviation": null,
            "information_ratio": null,
            "macaulay": null,
            "mod_duration": null,
            "port_turnover_ratio": "0.48 ",
            "r_squared_ratio": null,
            "roe_ratio": null,
            "sharpe": "0.23",
            "sortino_ratio": null,
            "std_dev": "4.80",
            "tracking_error": null,
            "treynor_ratio": null,
            "upside_deviation": null,
            "ytm": null
        },
        "min_addl_amt": "\u20b9 1,000",
        "min_addl_amt_multiple": "\u20b9 1",
        "min_amt": "\u20b9 1,000",
        "min_amt_multiple": "\u20b9 1",
        "monthly_aaum_date": "31-03-2025",
        "monthly_aaum_value": "\u20b9 5,529.93",
        "mutual_fund_name": "Invesco Mutual Fund",
        "page_number": [
            10
        ],
        "scheme_launch_date": "19 April, 2007 "
    },
    "Invesco India Smallcap Fund": {
        "amc_name": "Invesco Asset Management (India) Private Limited",
        "benchmark_index": "BSE 250 Smallcap TRI ",
        "fund_manager": [
            {
                "managing_fund_since": "October 30, 2018",
                "name": "Taher Badshah",
                "qualification": "",
                "total_exp": "30 Years"
            },
            {
                "managing_fund_since": "November 9, 2023",
                "name": "Aditya Khemani",
                "qualification": "",
                "total_exp": "18 Years"
            }
        ],
        "load": {
            "entry_load": "",
            "exit_load": "1 \tNil - if upto 10 of Units allotted are redeemedswitched-out within 1 year from the date of allotment.  1 - for any redemption  switch-out in excess of 10 of units allotted within one year from the date of allotment.  Nil - if units are redeemed or switched-out after 1 year from the date of allotment. Switch between the Plans under the Scheme, please refer page no. 63."
        },
        "main_scheme_name": "Invesco India Smallcap Fund",
        "metrics": {
            "alpha": null,
            "arithmetic_mean_ratio": null,
            "average_div_yld": null,
            "average_pb": "5.9",
            "average_pe": "35.8",
            "avg_maturity": null,
            "beta": "0.80",
            "correlation_ratio": null,
            "downside_deviation": null,
            "information_ratio": null,
            "macaulay": null,
            "mod_duration": null,
            "port_turnover_ratio": "0.30 ",
            "r_squared_ratio": null,
            "roe_ratio": null,
            "sharpe": "0.23",
            "sortino_ratio": null,
            "std_dev": "4.88",
            "tracking_error": null,
            "treynor_ratio": null,
            "upside_deviation": null,
            "ytm": null
        },
        "min_addl_amt": "\u20b9 1,000",
        "min_addl_amt_multiple": "\u20b9 1",
        "min_amt": "\u20b9 1,000",
        "min_amt_multiple": "\u20b9 1",
        "monthly_aaum_date": "31-03-2025",
        "monthly_aaum_value": "\u20b9 5,667.62",
        "mutual_fund_name": "Invesco Mutual Fund",
        "page_number": [
            11
        ],
        "scheme_launch_date": "30 October, 2018 "
    },
    "Invesco India Financial Services Fund": {
        "amc_name": "Invesco Asset Management (India) Private Limited",
        "benchmark_index": "Nifty Financial Services TRI ",
        "fund_manager": [
            {
                "managing_fund_since": "May 19, 2020",
                "name": "Hiten Jain",
                "qualification": "",
                "total_exp": "15 Years"
            },
            {
                "managing_fund_since": "June 1, 2018",
                "name": "Dhimant Kothari",
                "qualification": "",
                "total_exp": "19 Years"
            }
        ],
        "load": {
            "entry_load": "",
            "exit_load": "1 \tNil - if upto 10 of Units allotted are redeemed  switched-out within 1 year from the date of allotment.  1 - for any redemption  switch- out in excess of 10 of units allotted within one year from the date of allotment. \tNil if units are redeemed or switched-out after 1 year from the date of allotment. Switch between the Plans under the Scheme, please refer page no. 63."
        },
        "main_scheme_name": "Invesco India Financial Services Fund",
        "metrics": {
            "alpha": null,
            "arithmetic_mean_ratio": null,
            "average_div_yld": null,
            "average_pb": "2.5",
            "average_pe": "16.6",
            "avg_maturity": null,
            "beta": "0.90",
            "correlation_ratio": null,
            "downside_deviation": null,
            "information_ratio": null,
            "macaulay": null,
            "mod_duration": null,
            "port_turnover_ratio": "0.24 ",
            "r_squared_ratio": null,
            "roe_ratio": null,
            "sharpe": "0.19",
            "sortino_ratio": null,
            "std_dev": "4.20",
            "tracking_error": null,
            "treynor_ratio": null,
            "upside_deviation": null,
            "ytm": null
        },
        "min_addl_amt": "\u20b9 1,000",
        "min_addl_amt_multiple": "\u20b9 1",
        "min_amt": "\u20b9 1,000",
        "min_amt_multiple": "\u20b9 1",
        "monthly_aaum_date": "31-03-2025",
        "monthly_aaum_value": "\u20b9 1,120.89",
        "mutual_fund_name": "Invesco Mutual Fund",
        "page_number": [
            12
        ],
        "scheme_launch_date": "14 July, 2008 "
    },
    "Invesco India Infrastructure Fund": {
        "amc_name": "Invesco Asset Management (India) Private Limited",
        "benchmark_index": "BSE India Infrastructure TRI ",
        "fund_manager": [
            {
                "managing_fund_since": "September 3, 2020",
                "name": "Amit Nigam",
                "qualification": "",
                "total_exp": "23 Years"
            },
            {
                "managing_fund_since": "March 1, 2025",
                "name": "Sagar Gandhi",
                "qualification": "",
                "total_exp": "15 Years"
            }
        ],
        "load": {
            "entry_load": "",
            "exit_load": "1 \tNil - if upto 10 of Units allotted are redeemed  switched-out within 1 year from the date of allotment.  1 - for any redemption  switch- out in excess of 10 of units allotted within one year from the date of allotment. \tNil if units are redeemed or switched-out after 1 year from the date of allotment. Switch between the Plans under the Scheme, please refer page no. 63."
        },
        "main_scheme_name": "Invesco India Infrastructure Fund",
        "metrics": {
            "alpha": null,
            "arithmetic_mean_ratio": null,
            "average_div_yld": null,
            "average_pb": "5.1",
            "average_pe": "33.2",
            "avg_maturity": null,
            "beta": "0.61",
            "correlation_ratio": null,
            "downside_deviation": null,
            "information_ratio": null,
            "macaulay": null,
            "mod_duration": null,
            "port_turnover_ratio": "0.61 ",
            "r_squared_ratio": null,
            "roe_ratio": null,
            "sharpe": "0.21",
            "sortino_ratio": null,
            "std_dev": "5.38",
            "tracking_error": null,
            "treynor_ratio": null,
            "upside_deviation": null,
            "ytm": null
        },
        "min_addl_amt": "\u20b9 1,000",
        "min_addl_amt_multiple": "\u20b9 1",
        "min_amt": "\u20b9 1,000",
        "min_amt_multiple": "\u20b9 1",
        "monthly_aaum_date": "31-03-2025",
        "monthly_aaum_value": "\u20b9 1,375.86",
        "mutual_fund_name": "Invesco Mutual Fund",
        "page_number": [
            13
        ],
        "scheme_launch_date": "21 November, 2007 "
    },
    "Invesco India PSU Equity Fund": {
        "amc_name": "Invesco Asset Management (India) Private Limited",
        "benchmark_index": "BSE PSU TRI ",
        "fund_manager": [
            {
                "managing_fund_since": "May 19, 2020",
                "name": "Dhimant Kothari",
                "qualification": "",
                "total_exp": "19 Years"
            }
        ],
        "load": {
            "entry_load": "",
            "exit_load": "1 \tNil - if upto 10 of Units allotted are redeemed  switched-out within 1 year from the date of allotment.  1 - for any redemption  switch- out in excess of 10 of units allotted within one year from the date of allotment. \tNil if units are redeemed or switched-out after 1 year from the date of allotment. Switch between the Plans under the Scheme, please refer page no. 63."
        },
        "main_scheme_name": "Invesco India PSU Equity Fund",
        "metrics": {
            "alpha": null,
            "arithmetic_mean_ratio": null,
            "average_div_yld": null,
            "average_pb": "1.8",
            "average_pe": "12.2",
            "avg_maturity": null,
            "beta": "0.95",
            "correlation_ratio": null,
            "downside_deviation": null,
            "information_ratio": null,
            "macaulay": null,
            "mod_duration": null,
            "port_turnover_ratio": "0.60 ",
            "r_squared_ratio": null,
            "roe_ratio": null,
            "sharpe": "0.24",
            "sortino_ratio": null,
            "std_dev": "6.23",
            "tracking_error": null,
            "treynor_ratio": null,
            "upside_deviation": null,
            "ytm": null
        },
        "min_addl_amt": "\u20b9 1,000",
        "min_addl_amt_multiple": "\u20b9 1",
        "min_amt": "\u20b9 1,000",
        "min_amt_multiple": "\u20b9 1",
        "monthly_aaum_date": "31-03-2025",
        "monthly_aaum_value": "\u20b9 1,133.83",
        "mutual_fund_name": "Invesco Mutual Fund",
        "page_number": [
            14
        ],
        "scheme_launch_date": "18 November, 2009 "
    },
    "Invesco India ESG Integration Strategy Fund": {
        "amc_name": "Invesco Asset Management (India) Private Limited",
        "benchmark_index": "Nifty100 ESG Index TRI ",
        "fund_manager": [
            {
                "managing_fund_since": "March 20, 2021",
                "name": "Taher Badshah",
                "qualification": "",
                "total_exp": "30 Years"
            },
            {
                "managing_fund_since": "March 20, 2021",
                "name": "Amit Nigam",
                "qualification": "",
                "total_exp": "23 Years"
            }
        ],
        "load": {
            "entry_load": "",
            "exit_load": "1 \tNil - if upto 10 of Units allotted are redeemed  switched-out within 1 year from the date of allotment.  1 - for any redemption  switch- out in excess of 10 of units allotted within one year from the date of allotment. \tNil if units are redeemed or switched-out after 1 year from the date of allotment. Switch between the Plans under the Scheme, please refer page no. 63."
        },
        "main_scheme_name": "Invesco India ESG Integration Strategy Fund",
        "metrics": {
            "alpha": null,
            "arithmetic_mean_ratio": null,
            "average_div_yld": null,
            "average_pb": "4.6",
            "average_pe": "26.3",
            "avg_maturity": null,
            "beta": "0.92",
            "correlation_ratio": null,
            "downside_deviation": null,
            "information_ratio": null,
            "macaulay": null,
            "mod_duration": null,
            "port_turnover_ratio": "0.47 ",
            "r_squared_ratio": null,
            "roe_ratio": null,
            "sharpe": "0.05",
            "sortino_ratio": null,
            "std_dev": "4.16",
            "tracking_error": null,
            "treynor_ratio": null,
            "upside_deviation": null,
            "ytm": null
        },
        "min_addl_amt": "\u20b9 1,000",
        "min_addl_amt_multiple": "\u20b9 1",
        "min_amt": "\u20b9 1,000",
        "min_amt_multiple": "\u20b9 1",
        "monthly_aaum_date": "31-03-2025",
        "monthly_aaum_value": "\u20b9 465.55",
        "mutual_fund_name": "Invesco Mutual Fund",
        "page_number": [
            15
        ],
        "scheme_launch_date": "20 March, 2021 "
    },
    "Invesco India Flexi Cap Fund": {
        "amc_name": "Invesco Asset Management (India) Private Limited",
        "benchmark_index": "BSE 500 TRI ",
        "fund_manager": [
            {
                "managing_fund_since": "September 1, 2022",
                "name": "Amit Ganatra",
                "qualification": "",
                "total_exp": "21 Years"
            },
            {
                "managing_fund_since": "February 14, 2022",
                "name": "Taher Badshah",
                "qualification": "",
                "total_exp": "30 Years"
            }
        ],
        "load": {
            "entry_load": "",
            "exit_load": "1 If upto 10 of units allotted are redeemedswitched out within 1 year from the date of allotment  Nil - For any redemption  switch out in excess of 10 of units allotted within one year from the date of allotment  1 - If units are redeemedswitched out after 1 year from the date of allotment- Nil Switch between the Plans under the Scheme, please refer page no. 63."
        },
        "main_scheme_name": "Invesco India Flexi Cap Fund",
        "metrics": {
            "alpha": null,
            "arithmetic_mean_ratio": null,
            "average_div_yld": null,
            "average_pb": "5.9",
            "average_pe": "35.9",
            "avg_maturity": null,
            "beta": "0.94",
            "correlation_ratio": null,
            "downside_deviation": null,
            "information_ratio": null,
            "macaulay": null,
            "mod_duration": null,
            "port_turnover_ratio": "0.89 ",
            "r_squared_ratio": null,
            "roe_ratio": null,
            "sharpe": "0.19",
            "sortino_ratio": null,
            "std_dev": "4.28",
            "tracking_error": null,
            "treynor_ratio": null,
            "upside_deviation": null,
            "ytm": null
        },
        "min_addl_amt": "\u20b9 1,000",
        "min_addl_amt_multiple": "\u20b9 1",
        "min_amt": "\u20b9 1,000",
        "min_amt_multiple": "\u20b9 1",
        "monthly_aaum_date": "31-03-2025",
        "monthly_aaum_value": "\u20b9 2,443.25",
        "mutual_fund_name": "Invesco Mutual Fund",
        "page_number": [
            16
        ],
        "scheme_launch_date": "14 February 2022 "
    },
    "Invesco India Manufacturing Fund": {
        "amc_name": "Invesco Asset Management (India) Private Limited",
        "benchmark_index": "Nifty India Manufacturing TRI ",
        "fund_manager": [
            {
                "managing_fund_since": "August 14, 2024",
                "name": "Amit Ganatra",
                "qualification": "",
                "total_exp": "21 Years"
            },
            {
                "managing_fund_since": "August 14, 2024",
                "name": "Dhimant Kothari",
                "qualification": "",
                "total_exp": "19 Years"
            }
        ],
        "load": {
            "entry_load": "",
            "exit_load": "1 If units are redeemedswitched out on or before 3 months from the date of allotment 0.50. If units are redeemedswitched out after 3 months from the date of allotment Nil. Switch between the Plans under the Scheme Nil."
        },
        "main_scheme_name": "Invesco India Manufacturing Fund",
        "metrics": {
            "alpha": null,
            "arithmetic_mean_ratio": null,
            "average_div_yld": null,
            "average_pb": "6.2",
            "average_pe": "38.0",
            "avg_maturity": null,
            "beta": null,
            "correlation_ratio": null,
            "downside_deviation": null,
            "information_ratio": null,
            "macaulay": null,
            "mod_duration": null,
            "port_turnover_ratio": null,
            "r_squared_ratio": null,
            "roe_ratio": null,
            "sharpe": null,
            "sortino_ratio": null,
            "std_dev": null,
            "tracking_error": null,
            "treynor_ratio": null,
            "upside_deviation": null,
            "ytm": null
        },
        "min_addl_amt": "\u20b9 1,000",
        "min_addl_amt_multiple": "\u20b9 1",
        "min_amt": "\u20b9 1,000",
        "min_amt_multiple": "\u20b9 1",
        "monthly_aaum_date": "31-03-2025",
        "monthly_aaum_value": "\u20b9 748.12",
        "mutual_fund_name": "Invesco Mutual Fund",
        "page_number": [
            17
        ],
        "scheme_launch_date": "14 August 2024 "
    },
    "Invesco India Technology Fund": {
        "amc_name": "Invesco Asset Management (India) Private Limited",
        "benchmark_index": "Nifty IT TRI ",
        "fund_manager": [
            {
                "managing_fund_since": "September 23, 2024",
                "name": "Hiten Jain",
                "qualification": "",
                "total_exp": "15 Years"
            },
            {
                "managing_fund_since": "September 23, 2024",
                "name": "Aditya Khemani",
                "qualification": "",
                "total_exp": "18 Years"
            }
        ],
        "load": {
            "entry_load": "",
            "exit_load": "1 If units are redeemedswitched out on or before 3 months from the date of allotment 0.50. If units are redeemedswitched out after 3 months from the date of allotment Nil. Switch between the Plans under the Scheme Nil."
        },
        "main_scheme_name": "Invesco India Technology Fund",
        "metrics": {
            "alpha": null,
            "arithmetic_mean_ratio": null,
            "average_div_yld": null,
            "average_pb": "8.4",
            "average_pe": "42.3",
            "avg_maturity": null,
            "beta": null,
            "correlation_ratio": null,
            "downside_deviation": null,
            "information_ratio": null,
            "macaulay": null,
            "mod_duration": null,
            "port_turnover_ratio": null,
            "r_squared_ratio": null,
            "roe_ratio": null,
            "sharpe": null,
            "sortino_ratio": null,
            "std_dev": null,
            "tracking_error": null,
            "treynor_ratio": null,
            "upside_deviation": null,
            "ytm": null
        },
        "min_addl_amt": "\u20b9 1,000",
        "min_addl_amt_multiple": "\u20b9 1",
        "min_amt": "\u20b9 1,000",
        "min_amt_multiple": "\u20b9 1",
        "monthly_aaum_date": "31-03-2025",
        "monthly_aaum_value": "\u20b9 317.19",
        "mutual_fund_name": "Invesco Mutual Fund",
        "page_number": [
            18
        ],
        "scheme_launch_date": "23 September, 2024 "
    },
    "Invesco India Business Cycle Fund": {
        "amc_name": "Invesco Asset Management (India) Private Limited",
        "benchmark_index": "Nifty 500 TRI ",
        "fund_manager": [
            {
                "managing_fund_since": "February 27, 2025",
                "name": "Amit Ganatra",
                "qualification": "",
                "total_exp": "21 Years"
            },
            {
                "managing_fund_since": "February 27, 2025",
                "name": "Aditya Khemani",
                "qualification": "",
                "total_exp": "18 Years"
            }
        ],
        "load": {
            "entry_load": "",
            "exit_load": "1 If units are redeemedswitchedout on or before 3 months from the date of allotment 0.50 If units are redeemedswitched-out after 3 months Nil Switch between the Plans under the Scheme Nil."
        },
        "main_scheme_name": "Invesco India Business Cycle Fund",
        "metrics": {
            "alpha": null,
            "arithmetic_mean_ratio": null,
            "average_div_yld": null,
            "average_pb": null,
            "average_pe": null,
            "avg_maturity": null,
            "beta": null,
            "correlation_ratio": null,
            "downside_deviation": null,
            "information_ratio": null,
            "macaulay": null,
            "mod_duration": null,
            "port_turnover_ratio": null,
            "r_squared_ratio": null,
            "roe_ratio": null,
            "sharpe": null,
            "sortino_ratio": null,
            "std_dev": null,
            "tracking_error": null,
            "treynor_ratio": null,
            "upside_deviation": null,
            "ytm": null
        },
        "min_addl_amt": "\u20b9 1,000",
        "min_addl_amt_multiple": "\u20b9 0",
        "min_amt": "\u20b9 1,000",
        "min_amt_multiple": "\u20b9 1",
        "monthly_aaum_date": "31-03-2025",
        "monthly_aaum_value": "\u20b9 16.79",
        "mutual_fund_name": "Invesco Mutual Fund",
        "page_number": [
            19
        ],
        "scheme_launch_date": "27 February 2025 "
    },
    "Invesco India Arbitrage Fund": {
        "amc_name": "Invesco Asset Management (India) Private Limited",
        "benchmark_index": "Nifty 50 Arbitrage ",
        "fund_manager": [
            {
                "managing_fund_since": "November 11, 2021",
                "name": "Deepak Gupta",
                "qualification": "",
                "total_exp": "19 Years"
            },
            {
                "managing_fund_since": "September 1, 2022",
                "name": "Kuber Mannadi",
                "qualification": "",
                "total_exp": "19 Years"
            }
        ],
        "load": {
            "entry_load": "",
            "exit_load": "1 If redeemedswitched-out on or before 15 Days from the date of allotment  0.5 If redeemedswitched-out after 15 Days from the date of allotment  Nil Switch between the Plans under the Scheme, please refer page no. 63."
        },
        "main_scheme_name": "Invesco India Arbitrage Fund",
        "metrics": {
            "alpha": null,
            "arithmetic_mean_ratio": null,
            "average_div_yld": null,
            "average_pb": null,
            "average_pe": null,
            "avg_maturity": "109 Days",
            "beta": "0.62",
            "correlation_ratio": null,
            "downside_deviation": null,
            "information_ratio": null,
            "macaulay": "103 Days",
            "mod_duration": "102 Days",
            "port_turnover_ratio": "17.24 ",
            "r_squared_ratio": null,
            "roe_ratio": null,
            "sharpe": "0.08",
            "sortino_ratio": null,
            "std_dev": "0.16",
            "tracking_error": null,
            "treynor_ratio": null,
            "upside_deviation": null,
            "ytm": "6.97"
        },
        "min_addl_amt": "\u20b9 1,000",
        "min_addl_amt_multiple": "\u20b9 1",
        "min_amt": "\u20b9 1,000",
        "min_amt_multiple": "\u20b9 1",
        "monthly_aaum_date": "31-03-2025",
        "monthly_aaum_value": "\u20b9 15,085.99",
        "mutual_fund_name": "Invesco Mutual Fund",
        "page_number": [
            20
        ],
        "scheme_launch_date": "30 April, 2007 "
    },
    "Invesco India Balanced Advantage Fund": {
        "amc_name": "Invesco Asset Management (India) Private Limited",
        "benchmark_index": "NIFTY 50 Hybrid Composite Debt 50:50 Index ",
        "fund_manager": [
            {
                "managing_fund_since": "September 1, 2022",
                "name": "Dhimant Kothari",
                "qualification": "",
                "total_exp": "19 Years"
            },
            {
                "managing_fund_since": "September 1, 2022",
                "name": "Amit Ganatra",
                "qualification": "",
                "total_exp": "21 Years"
            },
            {
                "managing_fund_since": "March 1, 2025",
                "name": "Krishna Cheemalapati",
                "qualification": "",
                "total_exp": "26 Years"
            }
        ],
        "load": {
            "entry_load": "",
            "exit_load": "1  Nil - if upto 10 of Units allotted are redeemed  switched-out within 3 months from the date of allotment.  0.25 - for any redemption  switch-out in excess of 10 of units allotted within 3 months from the date of allotment. \tNil if units are redeemed or switched-out after 3 months from the date of allotment. Switch between the Plans under the Scheme, please refer page no. 63."
        },
        "main_scheme_name": "Invesco India Balanced Advantage Fund",
        "metrics": {
            "alpha": null,
            "arithmetic_mean_ratio": null,
            "average_div_yld": null,
            "average_pb": "4.7",
            "average_pe": "29.0",
            "avg_maturity": "1.33",
            "beta": "1.11",
            "correlation_ratio": null,
            "downside_deviation": null,
            "information_ratio": null,
            "macaulay": "1.12",
            "mod_duration": "1.08",
            "port_turnover_ratio": "2.55 ",
            "r_squared_ratio": null,
            "roe_ratio": null,
            "sharpe": "0.15",
            "sortino_ratio": null,
            "std_dev": "2.45",
            "tracking_error": null,
            "treynor_ratio": null,
            "upside_deviation": null,
            "ytm": "6.64"
        },
        "min_addl_amt": "\u20b9 1,000",
        "min_addl_amt_multiple": "\u20b9 1",
        "min_amt": "\u20b9 1,000",
        "min_amt_multiple": "\u20b9 1",
        "monthly_aaum_date": "31-03-2025",
        "monthly_aaum_value": "\u20b9 821.02",
        "mutual_fund_name": "Invesco Mutual Fund",
        "page_number": [
            22
        ],
        "scheme_launch_date": "4 October, 2007 "
    },
    "Invesco India Aggressive Hybrid Fund": {
        "amc_name": "Invesco Asset Management (India) Private Limited",
        "benchmark_index": "CRISIL Hybrid 35 + 65 - Aggressive Index ",
        "fund_manager": [],
        "load": {
            "entry_load": "",
            "exit_load": "1 \tNil - if upto 10 of Units allotted are redeemed  switched-out within 1 year from the date of allotment.  1 - for any redemption  switch- out in excess of 10 of units allotted within one year from the date of allotment. \tNil if units are redeemed or switched-out after 1 year from the date of allotment. Switch between the Plans under the Scheme, please refer page no. 63."
        },
        "main_scheme_name": "Invesco India Aggressive Hybrid Fund",
        "metrics": {
            "alpha": null,
            "arithmetic_mean_ratio": null,
            "average_div_yld": null,
            "average_pb": null,
            "average_pe": null,
            "avg_maturity": "9.6 Years",
            "beta": "1.10",
            "correlation_ratio": null,
            "downside_deviation": null,
            "information_ratio": null,
            "macaulay": "5.37 Years",
            "mod_duration": "5.16 Years",
            "port_turnover_ratio": "0.67 ",
            "r_squared_ratio": null,
            "roe_ratio": null,
            "sharpe": "0.17",
            "sortino_ratio": null,
            "std_dev": "3.25",
            "tracking_error": null,
            "treynor_ratio": null,
            "upside_deviation": null,
            "ytm": "7.37"
        },
        "min_addl_amt": "\u20b9 1,000",
        "min_addl_amt_multiple": "\u20b9 1",
        "min_amt": "\u20b9 1,000",
        "min_amt_multiple": "\u20b9 1",
        "monthly_aaum_date": "31-03-2025",
        "monthly_aaum_value": "\u20b9 587.86",
        "mutual_fund_name": "Invesco Mutual Fund",
        "page_number": [
            23
        ],
        "scheme_launch_date": "30 June, 2018 "
    },
    "Invesco India Equity Savings Fund": {
        "amc_name": "Invesco Asset Management (India) Private Limited",
        "benchmark_index": "Nifty Equity Savings Index ",
        "fund_manager": [],
        "load": {
            "entry_load": "",
            "exit_load": "1 \tIf redeemed  switched-out on or before 1 month from the date of allotment  0.25. \tIf redeemed  switched-out after 1 month from the date of allotment  Nil Switch between the Plans under the Scheme, please refer page no. 63."
        },
        "main_scheme_name": "Invesco India Equity Savings Fund",
        "metrics": {
            "alpha": null,
            "arithmetic_mean_ratio": null,
            "average_div_yld": null,
            "average_pb": null,
            "average_pe": null,
            "avg_maturity": "2.5 Years",
            "beta": "1.08",
            "correlation_ratio": null,
            "downside_deviation": null,
            "information_ratio": null,
            "macaulay": "2.07 Years",
            "mod_duration": "1.97 Years",
            "port_turnover_ratio": "4.83 ",
            "r_squared_ratio": null,
            "roe_ratio": null,
            "sharpe": "0.10",
            "sortino_ratio": null,
            "std_dev": "1.75",
            "tracking_error": null,
            "treynor_ratio": null,
            "upside_deviation": null,
            "ytm": "7.35"
        },
        "min_addl_amt": "\u20b9 1,000",
        "min_addl_amt_multiple": "\u20b9 1",
        "min_amt": "\u20b9 1,000",
        "min_amt_multiple": "\u20b9 1",
        "monthly_aaum_date": "31-03-2025",
        "monthly_aaum_value": "\u20b9 379.84",
        "mutual_fund_name": "Invesco Mutual Fund",
        "page_number": [
            24
        ],
        "scheme_launch_date": "7 March, 2019 "
    },
    "Invesco India Multi Asset Allocation Fund": {
        "amc_name": "Invesco Asset Management (India) Private Limited",
        "benchmark_index": "Nifty 200 TRI (60%) + CRISIL 10 year Gilt Index (30%) + Domestic Price of Gold (5%) + Domestic Price of Silver (5%) ",
        "fund_manager": [],
        "load": {
            "entry_load": "",
            "exit_load": "1 \t if upto 10 of Units allotted are redeemed  switched-out within 1 year Nil \t for any redemption  switch-out in excess of 10 of units within one year 1  \tif units are redeemed or switched-out after 1 year Nil  \tSwitch between the Plans under the Scheme Nil"
        },
        "main_scheme_name": "Invesco India Multi Asset Allocation Fund",
        "metrics": {
            "alpha": null,
            "arithmetic_mean_ratio": null,
            "average_div_yld": null,
            "average_pb": null,
            "average_pe": null,
            "avg_maturity": null,
            "beta": null,
            "correlation_ratio": null,
            "downside_deviation": null,
            "information_ratio": null,
            "macaulay": null,
            "mod_duration": null,
            "port_turnover_ratio": null,
            "r_squared_ratio": null,
            "roe_ratio": null,
            "sharpe": null,
            "sortino_ratio": null,
            "std_dev": null,
            "tracking_error": null,
            "treynor_ratio": null,
            "upside_deviation": null,
            "ytm": null
        },
        "min_addl_amt": "\u20b9 1,000",
        "min_addl_amt_multiple": "\u20b9 0",
        "min_amt": "\u20b9 1,000",
        "min_amt_multiple": "\u20b9 1",
        "monthly_aaum_date": "31-03-2025",
        "monthly_aaum_value": "\u20b9 258.35",
        "mutual_fund_name": "Invesco Mutual Fund",
        "page_number": [
            25
        ],
        "scheme_launch_date": "17 December, 2024 "
    },
    "Invesco India Liquid Fund": {
        "amc_name": "Invesco Asset Management (India) Private Limited",
        "benchmark_index": "NIFTY Liquid Index A-I ",
        "fund_manager": [
            {
                "managing_fund_since": "April 25, 2011",
                "name": "Krishna Cheemalapati",
                "qualification": "",
                "total_exp": "26 Years"
            },
            {
                "managing_fund_since": "February 14, 2022",
                "name": "Prateek Jain",
                "qualification": "",
                "total_exp": "13 Years"
            }
        ],
        "load": {
            "entry_load": "",
            "exit_load": "1"
        },
        "main_scheme_name": "Invesco India Liquid Fund",
        "metrics": {
            "alpha": null,
            "arithmetic_mean_ratio": null,
            "average_div_yld": null,
            "average_pb": null,
            "average_pe": null,
            "avg_maturity": "45 Days",
            "beta": null,
            "correlation_ratio": null,
            "downside_deviation": null,
            "information_ratio": null,
            "macaulay": "45 Days",
            "mod_duration": "45 Days",
            "port_turnover_ratio": null,
            "r_squared_ratio": null,
            "roe_ratio": null,
            "sharpe": null,
            "sortino_ratio": null,
            "std_dev": null,
            "tracking_error": null,
            "treynor_ratio": null,
            "upside_deviation": null,
            "ytm": "7.12"
        },
        "min_addl_amt": "\u20b9 1,000",
        "min_addl_amt_multiple": "\u20b9 1",
        "min_amt": "\u20b9 1,000",
        "min_amt_multiple": "\u20b9 1",
        "monthly_aaum_date": "31-03-2025",
        "monthly_aaum_value": "\u20b9 15,164.35",
        "mutual_fund_name": "Invesco Mutual Fund",
        "page_number": [
            26
        ],
        "scheme_launch_date": "17 November, 2006 "
    },
    "Invesco India Overnight Fund": {
        "amc_name": "Invesco Asset Management (India) Private Limited",
        "benchmark_index": "NIFTY 1D Rate Index ",
        "fund_manager": [
            {
                "managing_fund_since": "January 8, 2020",
                "name": "Krishna Cheemalapati",
                "qualification": "",
                "total_exp": "26 Years"
            },
            {
                "managing_fund_since": "February 14, 2022",
                "name": "Prateek Jain",
                "qualification": "",
                "total_exp": "13 Years"
            }
        ],
        "load": {
            "entry_load": "",
            "exit_load": "1 Nil"
        },
        "main_scheme_name": "Invesco India Overnight Fund",
        "metrics": {
            "alpha": null,
            "arithmetic_mean_ratio": null,
            "average_div_yld": null,
            "average_pb": null,
            "average_pe": null,
            "avg_maturity": null,
            "beta": null,
            "correlation_ratio": null,
            "downside_deviation": null,
            "information_ratio": null,
            "macaulay": null,
            "mod_duration": null,
            "port_turnover_ratio": null,
            "r_squared_ratio": null,
            "roe_ratio": null,
            "sharpe": null,
            "sortino_ratio": null,
            "std_dev": null,
            "tracking_error": null,
            "treynor_ratio": null,
            "upside_deviation": null,
            "ytm": "6.30"
        },
        "min_addl_amt": "\u20b9 1,000",
        "min_addl_amt_multiple": "\u20b9 1",
        "min_amt": "\u20b9 1,000",
        "min_amt_multiple": "\u20b9 1",
        "monthly_aaum_date": "31-03-2025",
        "monthly_aaum_value": "\u20b9 633.86",
        "mutual_fund_name": "Invesco Mutual Fund",
        "page_number": [
            27
        ],
        "scheme_launch_date": "8 January, 2020 "
    },
    "Invesco India Low Duration Fund": {
        "amc_name": "Invesco Asset Management (India) Private Limited",
        "benchmark_index": "NIFTY Low Duration Debt Index A-I ",
        "fund_manager": [
            {
                "managing_fund_since": "January 1, 2013",
                "name": "Krishna Cheemalapati",
                "qualification": "",
                "total_exp": "26 Years"
            },
            {
                "managing_fund_since": "December 16, 2020",
                "name": "Vikas Garg",
                "qualification": "",
                "total_exp": "19 Years"
            }
        ],
        "load": {
            "entry_load": "",
            "exit_load": "1 Nil"
        },
        "main_scheme_name": "Invesco India Low Duration Fund",
        "metrics": {
            "alpha": null,
            "arithmetic_mean_ratio": null,
            "average_div_yld": null,
            "average_pb": null,
            "average_pe": null,
            "avg_maturity": "357 Days",
            "beta": null,
            "correlation_ratio": null,
            "downside_deviation": null,
            "information_ratio": null,
            "macaulay": null,
            "mod_duration": null,
            "port_turnover_ratio": null,
            "r_squared_ratio": null,
            "roe_ratio": null,
            "sharpe": null,
            "sortino_ratio": null,
            "std_dev": null,
            "tracking_error": null,
            "treynor_ratio": null,
            "upside_deviation": null,
            "ytm": "7.49"
        },
        "min_addl_amt": "\u20b9 1,000",
        "min_addl_amt_multiple": "\u20b9 1",
        "min_amt": "\u20b9 1,000",
        "min_amt_multiple": "\u20b9 1",
        "monthly_aaum_date": "31-03-2025",
        "monthly_aaum_value": "\u20b9 1,541.84",
        "mutual_fund_name": "Invesco Mutual Fund",
        "page_number": [
            28
        ],
        "scheme_launch_date": "18 January, 2007 "
    },
    "Invesco India Short Duration Fund": {
        "amc_name": "Invesco Asset Management (India) Private Limited",
        "benchmark_index": "NIFTY Short Duration Debt Index A-II ",
        "fund_manager": [
            {
                "managing_fund_since": "September 26, 2020",
                "name": "Vikas Garg",
                "qualification": "",
                "total_exp": "19 Years"
            },
            {
                "managing_fund_since": "December 16, 2020",
                "name": "Krishna Cheemalapati",
                "qualification": "",
                "total_exp": "26 Years"
            }
        ],
        "load": {
            "entry_load": "",
            "exit_load": "1 Nil"
        },
        "main_scheme_name": "Invesco India Short Duration Fund",
        "metrics": {
            "alpha": null,
            "arithmetic_mean_ratio": null,
            "average_div_yld": null,
            "average_pb": null,
            "average_pe": null,
            "avg_maturity": "3.63 Years",
            "beta": null,
            "correlation_ratio": null,
            "downside_deviation": null,
            "information_ratio": null,
            "macaulay": "2.99 Years",
            "mod_duration": "2.86 Years",
            "port_turnover_ratio": null,
            "r_squared_ratio": null,
            "roe_ratio": null,
            "sharpe": null,
            "sortino_ratio": null,
            "std_dev": null,
            "tracking_error": null,
            "treynor_ratio": null,
            "upside_deviation": null,
            "ytm": "7.35"
        },
        "min_addl_amt": "\u20b9 1,000",
        "min_addl_amt_multiple": "\u20b9 1",
        "min_amt": "\u20b9 1,000",
        "min_amt_multiple": "\u20b9 1",
        "monthly_aaum_date": "31-03-2025",
        "monthly_aaum_value": "\u20b9 516.71",
        "mutual_fund_name": "Invesco Mutual Fund",
        "page_number": [
            29
        ],
        "scheme_launch_date": "24 March, 2007 "
    },
    "Invesco India Money Market Fund": {
        "amc_name": "Invesco Asset Management (India) Private Limited",
        "benchmark_index": "NIFTY Money Market Index A-I ",
        "fund_manager": [
            {
                "managing_fund_since": "January 4, 2020",
                "name": "Krishna Cheemalapati",
                "qualification": "",
                "total_exp": "26 Years"
            },
            {
                "managing_fund_since": "December 16, 2020",
                "name": "Vikas Garg",
                "qualification": "",
                "total_exp": "19 Years"
            }
        ],
        "load": {
            "entry_load": "",
            "exit_load": "1 Nil"
        },
        "main_scheme_name": "Invesco India Money Market Fund",
        "metrics": {
            "alpha": null,
            "arithmetic_mean_ratio": null,
            "average_div_yld": null,
            "average_pb": null,
            "average_pe": null,
            "avg_maturity": "239 Days",
            "beta": null,
            "correlation_ratio": null,
            "downside_deviation": null,
            "information_ratio": null,
            "macaulay": "239 Days",
            "mod_duration": "239 Days",
            "port_turnover_ratio": null,
            "r_squared_ratio": null,
            "roe_ratio": null,
            "sharpe": null,
            "sortino_ratio": null,
            "std_dev": null,
            "tracking_error": null,
            "treynor_ratio": null,
            "upside_deviation": null,
            "ytm": "7.44"
        },
        "min_addl_amt": "\u20b9 1,000",
        "min_addl_amt_multiple": "\u20b9 1",
        "min_amt": "\u20b9 1,000",
        "min_amt_multiple": "\u20b9 1",
        "monthly_aaum_date": "31-03-2025",
        "monthly_aaum_value": "\u20b9 5,778.51",
        "mutual_fund_name": "Invesco Mutual Fund",
        "page_number": [
            30
        ],
        "scheme_launch_date": "28 August, 2009 "
    },
    "Invesco India Ultra Short Duration Fund": {
        "amc_name": "Invesco Asset Management (India) Private Limited",
        "benchmark_index": "Nifty Ultra Short Duration Debt Index A-I ",
        "fund_manager": [
            {
                "managing_fund_since": "January 4, 2020",
                "name": "Krishna Cheemalapati",
                "qualification": "",
                "total_exp": "26 Years"
            },
            {
                "managing_fund_since": "July 27, 2021",
                "name": "Vikas Garg",
                "qualification": "",
                "total_exp": "19 Years"
            }
        ],
        "load": {
            "entry_load": "",
            "exit_load": "1 Nil"
        },
        "main_scheme_name": "Invesco India Ultra Short Duration Fund",
        "metrics": {
            "alpha": null,
            "arithmetic_mean_ratio": null,
            "average_div_yld": null,
            "average_pb": null,
            "average_pe": null,
            "avg_maturity": "181 Days",
            "beta": null,
            "correlation_ratio": null,
            "downside_deviation": null,
            "information_ratio": null,
            "macaulay": "174 Days",
            "mod_duration": "165 Days",
            "port_turnover_ratio": null,
            "r_squared_ratio": null,
            "roe_ratio": null,
            "sharpe": null,
            "sortino_ratio": null,
            "std_dev": null,
            "tracking_error": null,
            "treynor_ratio": null,
            "upside_deviation": null,
            "ytm": "7.50"
        },
        "min_addl_amt": "\u20b9 1,000",
        "min_addl_amt_multiple": "\u20b9 1",
        "min_amt": "\u20b9 1,000",
        "min_amt_multiple": "\u20b9 1",
        "monthly_aaum_date": "31-03-2025",
        "monthly_aaum_value": "\u20b9 1,422.86",
        "mutual_fund_name": "Invesco Mutual Fund",
        "page_number": [
            31
        ],
        "scheme_launch_date": "30 December, 2010 "
    },
    "Invesco India Medium Duration Fund": {
        "amc_name": "Invesco Asset Management (India) Private Limited",
        "benchmark_index": "Nifty Medium Duration Debt Index A-III ",
        "fund_manager": [
            {
                "managing_fund_since": "July 16, 2021",
                "name": "Vikas Garg",
                "qualification": "",
                "total_exp": "19 Years"
            },
            {
                "managing_fund_since": "July 16, 2021",
                "name": "Krishna Cheemalapati",
                "qualification": "",
                "total_exp": "26 Years"
            }
        ],
        "load": {
            "entry_load": "",
            "exit_load": "1 Nil"
        },
        "main_scheme_name": "Invesco India Medium Duration Fund",
        "metrics": {
            "alpha": null,
            "arithmetic_mean_ratio": null,
            "average_div_yld": null,
            "average_pb": null,
            "average_pe": null,
            "avg_maturity": "5.38 Years",
            "beta": null,
            "correlation_ratio": null,
            "downside_deviation": null,
            "information_ratio": null,
            "macaulay": "3.99 Years",
            "mod_duration": "3.83 Years",
            "port_turnover_ratio": null,
            "r_squared_ratio": null,
            "roe_ratio": null,
            "sharpe": null,
            "sortino_ratio": null,
            "std_dev": null,
            "tracking_error": null,
            "treynor_ratio": null,
            "upside_deviation": null,
            "ytm": "7.18"
        },
        "min_addl_amt": "\u20b9 1,000",
        "min_addl_amt_multiple": "\u20b9 1",
        "min_amt": "\u20b9 1,000",
        "min_amt_multiple": "\u20b9 1",
        "monthly_aaum_date": "31-03-2025",
        "monthly_aaum_value": "\u20b9 166.64",
        "mutual_fund_name": "Invesco Mutual Fund",
        "page_number": [
            32
        ],
        "scheme_launch_date": "16 July, 2021 "
    },
    "Invesco India Credit Risk Fund": {
        "amc_name": "Invesco Asset Management (India) Private Limited",
        "benchmark_index": "NIFTY Credit Risk Bond Index B-II ",
        "fund_manager": [
            {
                "managing_fund_since": "September 26, 2020",
                "name": "Vikas Garg",
                "qualification": "",
                "total_exp": "19 Years"
            },
            {
                "managing_fund_since": "December 16, 2020",
                "name": "Krishna Cheemalapati",
                "qualification": "",
                "total_exp": "26 Years"
            }
        ],
        "load": {
            "entry_load": "",
            "exit_load": "1 For each purchase of units through Lumpsum  Switch-in  Systematic Investment Plan (SIP), Systematic Transfer Plan (STP) and IDCW Transfer Plan, exit load will be as follows  an exit load of 4 is payable if units are redeemed switched- out on or before 1 year from the date of allotment.  no exit load is payable if units are redeemed switched-out after 1 year from the date of allotment. Switch between the Plans under the Scheme Nil"
        },
        "main_scheme_name": "Invesco India Credit Risk Fund",
        "metrics": {
            "alpha": null,
            "arithmetic_mean_ratio": null,
            "average_div_yld": null,
            "average_pb": null,
            "average_pe": null,
            "avg_maturity": "4.44 Years",
            "beta": null,
            "correlation_ratio": null,
            "downside_deviation": null,
            "information_ratio": null,
            "macaulay": "3.35 Years",
            "mod_duration": "3.21 Years",
            "port_turnover_ratio": null,
            "r_squared_ratio": null,
            "roe_ratio": null,
            "sharpe": null,
            "sortino_ratio": null,
            "std_dev": null,
            "tracking_error": null,
            "treynor_ratio": null,
            "upside_deviation": null,
            "ytm": "7.58"
        },
        "min_addl_amt": "\u20b9 1,000",
        "min_addl_amt_multiple": "\u20b9 1",
        "min_amt": "\u20b9 1,000",
        "min_amt_multiple": "\u20b9 1",
        "monthly_aaum_date": "31-03-2025",
        "monthly_aaum_value": "\u20b9 141.15",
        "mutual_fund_name": "Invesco Mutual Fund",
        "page_number": [
            33
        ],
        "scheme_launch_date": "4 September, 2014 "
    },
    "Invesco India Gilt Fund": {
        "amc_name": "Invesco Asset Management (India) Private Limited",
        "benchmark_index": "NIFTY All Duration G-Sec Index ",
        "fund_manager": [
            {
                "managing_fund_since": "July 27, 2021",
                "name": "Krishna Cheemalapati",
                "qualification": "",
                "total_exp": "26 Years"
            },
            {
                "managing_fund_since": "September 26, 2020",
                "name": "Vikas Garg",
                "qualification": "",
                "total_exp": "19 Years"
            }
        ],
        "load": {
            "entry_load": "",
            "exit_load": "1 Nil"
        },
        "main_scheme_name": "Invesco India Gilt Fund",
        "metrics": {
            "alpha": null,
            "arithmetic_mean_ratio": null,
            "average_div_yld": null,
            "average_pb": null,
            "average_pe": null,
            "avg_maturity": "29.31 Years",
            "beta": null,
            "correlation_ratio": null,
            "downside_deviation": null,
            "information_ratio": null,
            "macaulay": "11.32 Years",
            "mod_duration": "10.93 years",
            "port_turnover_ratio": null,
            "r_squared_ratio": null,
            "roe_ratio": null,
            "sharpe": null,
            "sortino_ratio": null,
            "std_dev": null,
            "tracking_error": null,
            "treynor_ratio": null,
            "upside_deviation": null,
            "ytm": "7.15"
        },
        "min_addl_amt": "\u20b9 1,000",
        "min_addl_amt_multiple": "\u20b9 1",
        "min_amt": "\u20b9 1,000",
        "min_amt_multiple": "\u20b9 1",
        "monthly_aaum_date": "31-03-2025",
        "monthly_aaum_value": "\u20b9 1,228.83",
        "mutual_fund_name": "Invesco Mutual Fund",
        "page_number": [
            34
        ],
        "scheme_launch_date": "9 February, 2008 "
    },
    "Invesco India Corporate Bond Fund": {
        "amc_name": "Invesco Asset Management (India) Private Limited",
        "benchmark_index": "Nifty Corporate Bond Index A-II ",
        "fund_manager": [
            {
                "managing_fund_since": "September 26, 2020",
                "name": "Vikas Garg",
                "qualification": "",
                "total_exp": "19 Years"
            },
            {
                "managing_fund_since": "December 16, 2020",
                "name": "Krishna Cheemalapati",
                "qualification": "",
                "total_exp": "26 Years"
            }
        ],
        "load": {
            "entry_load": "",
            "exit_load": "1 Nil"
        },
        "main_scheme_name": "Invesco India Corporate Bond Fund",
        "metrics": {
            "alpha": null,
            "arithmetic_mean_ratio": null,
            "average_div_yld": null,
            "average_pb": null,
            "average_pe": null,
            "avg_maturity": "4.94 Years",
            "beta": null,
            "correlation_ratio": null,
            "downside_deviation": null,
            "information_ratio": null,
            "macaulay": "3.83 Years",
            "mod_duration": "3.64 Years",
            "port_turnover_ratio": null,
            "r_squared_ratio": null,
            "roe_ratio": null,
            "sharpe": null,
            "sortino_ratio": null,
            "std_dev": null,
            "tracking_error": null,
            "treynor_ratio": null,
            "upside_deviation": null,
            "ytm": "7.36"
        },
        "min_addl_amt": "\u20b9 1,000",
        "min_addl_amt_multiple": "\u20b9 1",
        "min_amt": "\u20b9 1,000",
        "min_amt_multiple": "\u20b9 1",
        "monthly_aaum_date": "31-03-2025",
        "monthly_aaum_value": "\u20b9 5,986.82",
        "mutual_fund_name": "Invesco Mutual Fund",
        "page_number": [
            35
        ],
        "scheme_launch_date": "2 August, 2007 "
    },
    "Invesco India Banking and PSU Fund": {
        "amc_name": "Invesco Asset Management (India) Private Limited",
        "benchmark_index": "Nifty Banking & PSU Debt Index A-II ",
        "fund_manager": [
            {
                "managing_fund_since": "September 26, 2020",
                "name": "Vikas Garg",
                "qualification": "",
                "total_exp": "19 Years"
            },
            {
                "managing_fund_since": "December 16, 2020",
                "name": "Krishna Cheemalapati",
                "qualification": "",
                "total_exp": "26 Years"
            }
        ],
        "load": {
            "entry_load": "",
            "exit_load": "1 Nil"
        },
        "main_scheme_name": "Invesco India Banking and PSU Fund",
        "metrics": {
            "alpha": null,
            "arithmetic_mean_ratio": null,
            "average_div_yld": null,
            "average_pb": null,
            "average_pe": null,
            "avg_maturity": "5.29 Years",
            "beta": null,
            "correlation_ratio": null,
            "downside_deviation": null,
            "information_ratio": null,
            "macaulay": "3.93 Years",
            "mod_duration": "3.72 Years",
            "port_turnover_ratio": null,
            "r_squared_ratio": null,
            "roe_ratio": null,
            "sharpe": null,
            "sortino_ratio": null,
            "std_dev": null,
            "tracking_error": null,
            "treynor_ratio": null,
            "upside_deviation": null,
            "ytm": "7.28"
        },
        "min_addl_amt": "\u20b9 1,000",
        "min_addl_amt_multiple": "\u20b9 1",
        "min_amt": "\u20b9 1,000",
        "min_amt_multiple": "\u20b9 1",
        "monthly_aaum_date": "31-03-2025",
        "monthly_aaum_value": "\u20b9 100.58",
        "mutual_fund_name": "Invesco Mutual Fund",
        "page_number": [
            36
        ],
        "scheme_launch_date": "29 December, 2012 "
    },
    "Invesco India Nifty G-sec Jul 2027 Index Fund": {
        "amc_name": "Invesco Asset Management (India) Private Limited",
        "benchmark_index": "Nifty G-sec Sep 2032 Index ",
        "fund_manager": [],
        "load": {
            "entry_load": "",
            "exit_load": "1 \t If units are redeemed  switched out within 30 days from the date of allotment - 0.25 \t If units are redeemedswitched out after 30 days from the date of allotment  Nil \t Switch between the Plans under the Scheme Nil"
        },
        "main_scheme_name": "Invesco India Nifty G-sec Jul 2027 Index Fund",
        "metrics": {
            "alpha": null,
            "arithmetic_mean_ratio": null,
            "average_div_yld": null,
            "average_pb": null,
            "average_pe": null,
            "avg_maturity": null,
            "beta": null,
            "correlation_ratio": null,
            "downside_deviation": null,
            "information_ratio": null,
            "macaulay": null,
            "mod_duration": null,
            "port_turnover_ratio": null,
            "r_squared_ratio": null,
            "roe_ratio": null,
            "sharpe": null,
            "sortino_ratio": null,
            "std_dev": null,
            "tracking_error": null,
            "treynor_ratio": null,
            "upside_deviation": null,
            "ytm": null
        },
        "min_addl_amt": null,
        "min_addl_amt_multiple": null,
        "min_amt": "\u20b9 1,000",
        "min_amt_multiple": "\u20b9 1",
        "monthly_aaum_date": "31-03-2025",
        "monthly_aaum_value": "\u20b9 49.34",
        "mutual_fund_name": "Invesco Mutual Fund",
        "page_number": [
            37
        ],
        "scheme_launch_date": "29 March, 2023 "
    },
    "Invesco India - Invesco Global Consumer Trends Fund of Fund": {
        "amc_name": "Invesco Asset Management (India) Private Limited",
        "benchmark_index": "MSCI World Consumer Discretionary Index- Net Total Return ",
        "fund_manager": [
            {
                "managing_fund_since": "March 1, 2025",
                "name": "Sagar Gandhi",
                "qualification": "",
                "total_exp": "15 Years"
            }
        ],
        "load": {
            "entry_load": "",
            "exit_load": "1 \tNil - if upto 10 of Units allotted are redeemed  switched-out within 1 year from the date of allotment.  1 - for any redemption  switch-out in excess of 10 of units allotted within one year from the date of allotment. \tNil if units are redeemed or switched-out after 1 year from the date of allotment. Switch between the Plans under the Scheme, please refer page no. 63."
        },
        "main_scheme_name": "Invesco India - Invesco Global Consumer Trends Fund of Fund",
        "metrics": {
            "alpha": null,
            "arithmetic_mean_ratio": null,
            "average_div_yld": null,
            "average_pb": null,
            "average_pe": null,
            "avg_maturity": null,
            "beta": null,
            "correlation_ratio": null,
            "downside_deviation": null,
            "information_ratio": null,
            "macaulay": null,
            "mod_duration": null,
            "port_turnover_ratio": null,
            "r_squared_ratio": null,
            "roe_ratio": null,
            "sharpe": null,
            "sortino_ratio": null,
            "std_dev": null,
            "tracking_error": null,
            "treynor_ratio": null,
            "upside_deviation": null,
            "ytm": null
        },
        "min_addl_amt": "\u20b9 1,000",
        "min_addl_amt_multiple": "\u20b9 1",
        "min_amt": "\u20b9 1,000",
        "min_amt_multiple": "\u20b9 1",
        "monthly_aaum_date": "31-03-2025",
        "monthly_aaum_value": "\u20b9 335.91",
        "mutual_fund_name": "Invesco Mutual Fund",
        "page_number": [
            38
        ],
        "scheme_launch_date": "24 December, 2020 "
    },
    "Invesco India - Invesco EQQQ NASDAQ-100 ETF Fund of Fund": {
        "amc_name": "Invesco Asset Management (India) Private Limited",
        "benchmark_index": "NASDAQ-100 Notional Index (Net Total Return) ",
        "fund_manager": [
            {
                "managing_fund_since": "March 1, 2025",
                "name": "Sagar Gandhi",
                "qualification": "",
                "total_exp": "15 Years"
            }
        ],
        "load": {
            "entry_load": "",
            "exit_load": "1 Nil"
        },
        "main_scheme_name": "Invesco India - Invesco EQQQ NASDAQ-100 ETF Fund of Fund",
        "metrics": {
            "alpha": null,
            "arithmetic_mean_ratio": null,
            "average_div_yld": null,
            "average_pb": null,
            "average_pe": null,
            "avg_maturity": null,
            "beta": null,
            "correlation_ratio": null,
            "downside_deviation": null,
            "information_ratio": null,
            "macaulay": null,
            "mod_duration": null,
            "port_turnover_ratio": null,
            "r_squared_ratio": null,
            "roe_ratio": null,
            "sharpe": null,
            "sortino_ratio": null,
            "std_dev": null,
            "tracking_error": null,
            "treynor_ratio": null,
            "upside_deviation": null,
            "ytm": null
        },
        "min_addl_amt": "\u20b9 1,000",
        "min_addl_amt_multiple": "\u20b9 1",
        "min_amt": "\u20b9 1,000",
        "min_amt_multiple": "\u20b9 1",
        "monthly_aaum_date": "31-03-2025",
        "monthly_aaum_value": "\u20b9 416.95",
        "mutual_fund_name": "Invesco Mutual Fund",
        "page_number": [
            39
        ],
        "scheme_launch_date": "21 April, 2022 "
    },
    "Invesco India - Invesco Pan European Equity Fund of Fund": {
        "amc_name": "Invesco Asset Management (India) Private Limited",
        "benchmark_index": "MSCI Europe Index - Net Total Return ",
        "fund_manager": [
            {
                "managing_fund_since": "March 1, 2025",
                "name": "Sagar Gandhi",
                "qualification": "",
                "total_exp": "15 Years"
            }
        ],
        "load": {
            "entry_load": "",
            "exit_load": "1 \tNil - if upto 10 of Units allotted are redeemed  switched-out within 1 year from the date of allotment.  1 - for any redemption  switch- out in excess of 10 of units allotted within one year from the date of allotment. \tNil if units are redeemed or switched-out after 1 year from the date of allotment. Switch between the Plans under the Scheme, please refer page no. 63."
        },
        "main_scheme_name": "Invesco India - Invesco Pan European Equity Fund of Fund",
        "metrics": {
            "alpha": null,
            "arithmetic_mean_ratio": null,
            "average_div_yld": null,
            "average_pb": null,
            "average_pe": null,
            "avg_maturity": null,
            "beta": null,
            "correlation_ratio": null,
            "downside_deviation": null,
            "information_ratio": null,
            "macaulay": null,
            "mod_duration": null,
            "port_turnover_ratio": null,
            "r_squared_ratio": null,
            "roe_ratio": null,
            "sharpe": null,
            "sortino_ratio": null,
            "std_dev": null,
            "tracking_error": null,
            "treynor_ratio": null,
            "upside_deviation": null,
            "ytm": null
        },
        "min_addl_amt": "\u20b9 1,000",
        "min_addl_amt_multiple": "\u20b9 1",
        "min_amt": "\u20b9 1,000",
        "min_amt_multiple": "\u20b9 1",
        "monthly_aaum_date": "31-03-2025",
        "monthly_aaum_value": "\u20b9 35.32",
        "mutual_fund_name": "Invesco Mutual Fund",
        "page_number": [
            40
        ],
        "scheme_launch_date": "31 January, 2014 "
    },
    "Invesco India - Invesco Global Equity Income Fund of Fund": {
        "amc_name": "Invesco Asset Management (India) Private Limited",
        "benchmark_index": "MSCI World Index - Net Total Return ",
        "fund_manager": [
            {
                "managing_fund_since": "March 1, 2025",
                "name": "Sagar Gandhi",
                "qualification": "",
                "total_exp": "15 Years"
            }
        ],
        "load": {
            "entry_load": "",
            "exit_load": "1 \tNil - if upto 10 of Units allotted are redeemed  switched-out within 1 year from the date of allotment.  1 - for any redemption  switch- out in excess of 10 of units allotted within one year from the date of allotment. \tNil if units are redeemed or switched-out after 1 year from the date of allotment. Switch between the Plans under the Scheme, please refer page no. 63."
        },
        "main_scheme_name": "Invesco India - Invesco Global Equity Income Fund of Fund",
        "metrics": {
            "alpha": null,
            "arithmetic_mean_ratio": null,
            "average_div_yld": null,
            "average_pb": null,
            "average_pe": null,
            "avg_maturity": null,
            "beta": null,
            "correlation_ratio": null,
            "downside_deviation": null,
            "information_ratio": null,
            "macaulay": null,
            "mod_duration": null,
            "port_turnover_ratio": null,
            "r_squared_ratio": null,
            "roe_ratio": null,
            "sharpe": null,
            "sortino_ratio": null,
            "std_dev": null,
            "tracking_error": null,
            "treynor_ratio": null,
            "upside_deviation": null,
            "ytm": null
        },
        "min_addl_amt": "\u20b9 1,000",
        "min_addl_amt_multiple": "\u20b9 1",
        "min_amt": "\u20b9 1,000",
        "min_amt_multiple": "\u20b9 1",
        "monthly_aaum_date": "31-03-2025",
        "monthly_aaum_value": "\u20b9 29.92",
        "mutual_fund_name": "Invesco Mutual Fund",
        "page_number": [
            41
        ],
        "scheme_launch_date": "5 May, 2014 "
    },
    "Invesco India Gold ETF Fund of Fund": {
        "amc_name": "Invesco Asset Management (India) Private Limited",
        "benchmark_index": "Price of Gold ",
        "fund_manager": [
            {
                "managing_fund_since": "March 1, 2025",
                "name": "Krishna Cheemalapati",
                "qualification": "",
                "total_exp": "26 Years"
            }
        ],
        "load": {
            "entry_load": "",
            "exit_load": "1 Nil"
        },
        "main_scheme_name": "Invesco India Gold ETF Fund of Fund",
        "metrics": {
            "alpha": null,
            "arithmetic_mean_ratio": null,
            "average_div_yld": null,
            "average_pb": null,
            "average_pe": null,
            "avg_maturity": null,
            "beta": null,
            "correlation_ratio": null,
            "downside_deviation": null,
            "information_ratio": null,
            "macaulay": null,
            "mod_duration": null,
            "port_turnover_ratio": null,
            "r_squared_ratio": null,
            "roe_ratio": null,
            "sharpe": null,
            "sortino_ratio": null,
            "std_dev": null,
            "tracking_error": null,
            "treynor_ratio": null,
            "upside_deviation": null,
            "ytm": null
        },
        "min_addl_amt": "\u20b9 1,000",
        "min_addl_amt_multiple": "\u20b9 1",
        "min_amt": "\u20b9 1,000",
        "min_amt_multiple": "\u20b9 1",
        "monthly_aaum_date": "31-03-2025",
        "monthly_aaum_value": "\u20b9 123.43",
        "mutual_fund_name": "Invesco Mutual Fund",
        "page_number": [
            42
        ],
        "scheme_launch_date": "5 December, 2011 "
    },
    "Invesco India Gold Exchange Traded Fund": {
        "amc_name": "Invesco Asset Management (India) Private Limited",
        "benchmark_index": "Price of Gold ",
        "fund_manager": [
            {
                "managing_fund_since": "March 1, 2025",
                "name": "Krishna Cheemalapati",
                "qualification": "",
                "total_exp": "26 Years"
            }
        ],
        "load": {
            "entry_load": "",
            "exit_load": "1 Nil (For redemption in Creation Unit size.)"
        },
        "main_scheme_name": "Invesco India Gold Exchange Traded Fund",
        "metrics": {
            "alpha": null,
            "arithmetic_mean_ratio": null,
            "average_div_yld": null,
            "average_pb": null,
            "average_pe": null,
            "avg_maturity": null,
            "beta": null,
            "correlation_ratio": null,
            "downside_deviation": null,
            "information_ratio": null,
            "macaulay": null,
            "mod_duration": null,
            "port_turnover_ratio": null,
            "r_squared_ratio": null,
            "roe_ratio": null,
            "sharpe": null,
            "sortino_ratio": null,
            "std_dev": null,
            "tracking_error": null,
            "treynor_ratio": null,
            "upside_deviation": null,
            "ytm": null
        },
        "min_addl_amt": null,
        "min_addl_amt_multiple": null,
        "min_amt": "\u20b9 1",
        "min_amt_multiple": "\u20b9 1",
        "monthly_aaum_date": "31-03-2025",
        "monthly_aaum_value": "\u20b9 232.90",
        "mutual_fund_name": "Invesco Mutual Fund",
        "page_number": [
            43
        ],
        "scheme_launch_date": "12 March, 2010 "
    },
    "Invesco India NIFTY 50 Exchange Traded Fund": {
        "amc_name": "Invesco Asset Management (India) Private Limited",
        "benchmark_index": "Nifty 50 TRI ",
        "fund_manager": [
            {
                "managing_fund_since": "May 19, 2020",
                "name": "Kuber Mannadi",
                "qualification": "",
                "total_exp": "19 Years"
            }
        ],
        "load": {
            "entry_load": "",
            "exit_load": "1, 1.1 Nil (For redemption in Creation Unit size.)"
        },
        "main_scheme_name": "Invesco India NIFTY 50 Exchange Traded Fund",
        "metrics": {
            "alpha": null,
            "arithmetic_mean_ratio": null,
            "average_div_yld": null,
            "average_pb": null,
            "average_pe": null,
            "avg_maturity": null,
            "beta": null,
            "correlation_ratio": null,
            "downside_deviation": null,
            "information_ratio": null,
            "macaulay": null,
            "mod_duration": null,
            "port_turnover_ratio": null,
            "r_squared_ratio": null,
            "roe_ratio": null,
            "sharpe": null,
            "sortino_ratio": null,
            "std_dev": null,
            "tracking_error": null,
            "treynor_ratio": null,
            "upside_deviation": null,
            "ytm": null
        },
        "min_addl_amt": null,
        "min_addl_amt_multiple": null,
        "min_amt": "\u20b9 1",
        "min_amt_multiple": "\u20b9 2",
        "monthly_aaum_date": "31-03-2025",
        "monthly_aaum_value": "\u20b9 86.24",
        "mutual_fund_name": "Invesco Mutual Fund",
        "page_number": [
            44
        ],
        "scheme_launch_date": "13 June, 2011 "
    }
}