{
    "HDFC BSE Sensex Index Fund": {
        "amc_name": "HDFC Asset Management Company Limited",
        "benchmark_index": "NIFTY 50 (Total Returns Index) ",
        "fund_manager": [
            {
                "managing_fund_since": "February 15, 2023",
                "name": "Nirman Morakhia",
                "qualification": "",
                "total_exp": "17 Years"
            },
            {
                "managing_fund_since": "August 24, 2020",
                "name": "Arun Agarwal",
                "qualification": "",
                "total_exp": "26 Years"
            }
        ],
        "load": {
            "entry_load": null,
            "exit_load": "\u00b7 In respect of each purchase / switch-in of Uni ts, an Exit Load of 0.25% is payable if Units are redeemed / switched-out within 3 days from the date of allotment. \u00b7 No Exit load is payable if units are redeemed / switched-out after 3 days from the date of allotment. Industry  llocation of E uity Holding (  of Net  ssets) Ban s IT   Software 1 . Petroleum Products Diversi ied Fmcg utomobiles Telecom   Services Construction Finance Power Consumer Durables Pharmaceuticals   Biotechnology Retailing 1. Cement   Cement Products1. Ferrous Metals1. Transport Infrastructure Food Products 1 For Product label and Riskometers, refer page no: 65-72 6 | February 2025 "
        },
        "main_scheme_name": "HDFC BSE Sensex Index Fund",
        "metrics": {
            "alpha": null,
            "arithmetic_mean_ratio": null,
            "average_div_yld": null,
            "average_pb": null,
            "average_pe": null,
            "avg_maturity": null,
            "beta": null,
            "correlation_ratio": null,
            "downside_deviation": null,
            "information_ratio": null,
            "macaulay": null,
            "mod_duration": null,
            "port_turnover_ratio": "8.91",
            "r_squared_ratio": null,
            "roe_ratio": null,
            "sharpe": null,
            "sortino_ratio": null,
            "std_dev": null,
            "tracking_error": "0.04",
            "treynor_ratio": null,
            "upside_deviation": null,
            "ytm": null
        },
        "min_addl_amt": null,
        "min_addl_amt_multiple": null,
        "min_amt": null,
        "min_amt_multiple": null,
        "monthly_aaum_date": "31-03-2025",
        "monthly_aaum_value": "\u20b9 7,710.88",
        "mutual_fund_name": "HDFC Mutual Fund",
        "page_number": [
            5
        ],
        "scheme_launch_date": "July 17, 2002 "
    },
    "HDFC Nifty 50 Index Fund": {
        "amc_name": "HDFC Asset Management Company Limited",
        "benchmark_index": "BSE SENSEX (Total Returns Index) ",
        "fund_manager": [
            {
                "managing_fund_since": "February 15, 2023",
                "name": "Nirman Morakhia",
                "qualification": "",
                "total_exp": "17 Years"
            },
            {
                "managing_fund_since": "August 24, 2020",
                "name": "Arun Agarwal",
                "qualification": "",
                "total_exp": "26 Years"
            }
        ],
        "load": {
            "entry_load": null,
            "exit_load": "\u00b7 In respect of each purchase / switch-in of Units, an Exit Load of 0.25% is payable if Units are redeemed / switched-out within 3 days from the date of allotment. \u00b7 No Exit load is payable if units are redeemed / switched-out after 3 days from the date of allotment Industry  llocation of E uity Holding (  of Net  ssets) Ban s IT   Software 1 .1 Petroleum Products utomobiles Diversi ied Fmcg Finance . 1 Telecom   Services Construction Pharmaceuticals   Biotechnology. 1 Power Consumer Durables Ferrous Metals Cement   Cement Products Food Products1. Insurance 1. 1 Retailing 1. Non   Ferrous Metals erospace   Defense il Consumable Fuels Transport Infrastructure gricultural Food    ther Products Healthcare Services Metals   Minerals Trading 1 For Product label and Riskometers, refer page no: 65-72 7 | February 2025 "
        },
        "main_scheme_name": "HDFC Nifty 50 Index Fund",
        "metrics": {
            "alpha": null,
            "arithmetic_mean_ratio": null,
            "average_div_yld": null,
            "average_pb": null,
            "average_pe": null,
            "avg_maturity": null,
            "beta": null,
            "correlation_ratio": null,
            "downside_deviation": null,
            "information_ratio": null,
            "macaulay": null,
            "mod_duration": null,
            "port_turnover_ratio": "10.40",
            "r_squared_ratio": null,
            "roe_ratio": null,
            "sharpe": null,
            "sortino_ratio": null,
            "std_dev": null,
            "tracking_error": "0.03",
            "treynor_ratio": null,
            "upside_deviation": null,
            "ytm": null
        },
        "min_addl_amt": null,
        "min_addl_amt_multiple": null,
        "min_amt": null,
        "min_amt_multiple": null,
        "monthly_aaum_date": "31-03-2025",
        "monthly_aaum_value": "\u20b9 18,179.72",
        "mutual_fund_name": "HDFC Mutual Fund",
        "page_number": [
            6
        ],
        "scheme_launch_date": "July 17, 2002 "
    },
    "HDFC NIFTY Next 50 Index Fund": {
        "amc_name": "HDFC Asset Management Company Limited",
        "benchmark_index": "NIFTY 50 (Total Returns Index) ",
        "fund_manager": [
            {
                "managing_fund_since": "February 15, 2023",
                "name": "Nirman Morakhia",
                "qualification": "",
                "total_exp": "17 Years"
            },
            {
                "managing_fund_since": "February 01, 2022",
                "name": "Arun Agarwal",
                "qualification": "",
                "total_exp": "26 Years"
            }
        ],
        "load": {
            "entry_load": null,
            "exit_load": "Nil Industry  llocation of E uity Holding (  of Net  ssets) Finance 1 . Retailing 1 . Power Pharmaceuticals   Biotechnology Ban s Beverages . 1 Electrical E uipment Transport Services Insurance Realty Cement   Cement Products Personal Products Diversi ied Metals erospace   Defense uto Components Gas utomobiles IT   Software .11 Petroleum Products Chemicals   Petrochemicals Consumer Durables1. Ferrous Metals 1. Leisure Services 1 1 For Product label and Riskometers, refer page no: 65-72 8 | February 2025 "
        },
        "main_scheme_name": "HDFC NIFTY Next 50 Index Fund",
        "metrics": {
            "alpha": null,
            "arithmetic_mean_ratio": null,
            "average_div_yld": null,
            "average_pb": null,
            "average_pe": null,
            "avg_maturity": null,
            "beta": null,
            "correlation_ratio": null,
            "downside_deviation": null,
            "information_ratio": null,
            "macaulay": null,
            "mod_duration": null,
            "port_turnover_ratio": "73.69",
            "r_squared_ratio": null,
            "roe_ratio": null,
            "sharpe": null,
            "sortino_ratio": null,
            "std_dev": null,
            "tracking_error": "0.26",
            "treynor_ratio": null,
            "upside_deviation": null,
            "ytm": null
        },
        "min_addl_amt": null,
        "min_addl_amt_multiple": null,
        "min_amt": null,
        "min_amt_multiple": null,
        "monthly_aaum_date": "31-03-2025",
        "monthly_aaum_value": "\u20b9 1,660.42",
        "mutual_fund_name": "HDFC Mutual Fund",
        "page_number": [
            7
        ],
        "scheme_launch_date": "November 03, 2021 "
    },
    "HDFC NIFTY Midcap 150 Index Fund": {
        "amc_name": "HDFC Asset Management Company Limited",
        "benchmark_index": "NIFTY 50 (Total Returns Index) ",
        "fund_manager": [
            {
                "managing_fund_since": "April 21, 2023",
                "name": "Nirman Morakhia",
                "qualification": "",
                "total_exp": "17 Years"
            },
            {
                "managing_fund_since": "April 21, 2023",
                "name": "Arun Agarwal",
                "qualification": "",
                "total_exp": "26 Years"
            }
        ],
        "load": {
            "entry_load": null,
            "exit_load": "Nil For Product label and Riskometers, refer page no: 65-72 9 | February 2025 "
        },
        "main_scheme_name": "HDFC NIFTY Midcap 150 Index Fund",
        "metrics": {
            "alpha": null,
            "arithmetic_mean_ratio": null,
            "average_div_yld": null,
            "average_pb": null,
            "average_pe": null,
            "avg_maturity": null,
            "beta": null,
            "correlation_ratio": null,
            "downside_deviation": null,
            "information_ratio": null,
            "macaulay": null,
            "mod_duration": null,
            "port_turnover_ratio": "19.49",
            "r_squared_ratio": null,
            "roe_ratio": null,
            "sharpe": null,
            "sortino_ratio": null,
            "std_dev": null,
            "tracking_error": "0.07",
            "treynor_ratio": null,
            "upside_deviation": null,
            "ytm": null
        },
        "min_addl_amt": null,
        "min_addl_amt_multiple": null,
        "min_amt": null,
        "min_amt_multiple": null,
        "monthly_aaum_date": "31-03-2025",
        "monthly_aaum_value": "\u20b9 273.34",
        "mutual_fund_name": "HDFC Mutual Fund",
        "page_number": [
            8
        ],
        "scheme_launch_date": "April 21, 2023 "
    },
    "HDFC NIFTY Smallcap 250 Index Fund": {
        "amc_name": "HDFC Asset Management Company Limited",
        "benchmark_index": "NIFTY 50 (Total Returns Index) ",
        "fund_manager": [
            {
                "managing_fund_since": "April 21, 2023",
                "name": "Nirman Morakhia",
                "qualification": "",
                "total_exp": "17 Years"
            },
            {
                "managing_fund_since": "April 21, 2023",
                "name": "Arun Agarwal",
                "qualification": "",
                "total_exp": "26 Years"
            }
        ],
        "load": {
            "entry_load": null,
            "exit_load": "Nil For Product label and Riskometers, refer page no: 65-72 10 | February 2025 "
        },
        "main_scheme_name": "HDFC NIFTY Smallcap 250 Index Fund",
        "metrics": {
            "alpha": null,
            "arithmetic_mean_ratio": null,
            "average_div_yld": null,
            "average_pb": null,
            "average_pe": null,
            "avg_maturity": null,
            "beta": null,
            "correlation_ratio": null,
            "downside_deviation": null,
            "information_ratio": null,
            "macaulay": null,
            "mod_duration": null,
            "port_turnover_ratio": "54.58",
            "r_squared_ratio": null,
            "roe_ratio": null,
            "sharpe": null,
            "sortino_ratio": null,
            "std_dev": null,
            "tracking_error": "0.17",
            "treynor_ratio": null,
            "upside_deviation": null,
            "ytm": null
        },
        "min_addl_amt": null,
        "min_addl_amt_multiple": null,
        "min_amt": null,
        "min_amt_multiple": null,
        "monthly_aaum_date": "31-03-2025",
        "monthly_aaum_value": "\u20b9 364.11",
        "mutual_fund_name": "HDFC Mutual Fund",
        "page_number": [
            9
        ],
        "scheme_launch_date": "April 21, 2023 "
    },
    "HDFC BSE 500 Index Fund": {
        "amc_name": "HDFC Asset Management Company Limited",
        "benchmark_index": "NIFTY 50 (Total Returns Index) ",
        "fund_manager": [
            {
                "managing_fund_since": "April 21, 2023",
                "name": "Nirman Morakhia",
                "qualification": "",
                "total_exp": "17 Years"
            },
            {
                "managing_fund_since": "April 21, 2023",
                "name": "Arun Agarwal",
                "qualification": "",
                "total_exp": "26 Years"
            }
        ],
        "load": {
            "entry_load": null,
            "exit_load": "Nil For Product label and Riskometers, refer page no: 65-72 11 | February 2025 "
        },
        "main_scheme_name": "HDFC BSE 500 Index Fund",
        "metrics": {
            "alpha": null,
            "arithmetic_mean_ratio": null,
            "average_div_yld": null,
            "average_pb": null,
            "average_pe": null,
            "avg_maturity": null,
            "beta": null,
            "correlation_ratio": null,
            "downside_deviation": null,
            "information_ratio": null,
            "macaulay": null,
            "mod_duration": null,
            "port_turnover_ratio": "30.44",
            "r_squared_ratio": null,
            "roe_ratio": null,
            "sharpe": null,
            "sortino_ratio": null,
            "std_dev": null,
            "tracking_error": "0.21",
            "treynor_ratio": null,
            "upside_deviation": null,
            "ytm": null
        },
        "min_addl_amt": null,
        "min_addl_amt_multiple": null,
        "min_amt": null,
        "min_amt_multiple": null,
        "monthly_aaum_date": "31-03-2025",
        "monthly_aaum_value": "\u20b9 204.70",
        "mutual_fund_name": "HDFC Mutual Fund",
        "page_number": [
            10
        ],
        "scheme_launch_date": "April 21, 2023 "
    },
    "HDFC NIFTY200 Momentum 30 Index Fund": {
        "amc_name": "HDFC Asset Management Company Limited",
        "benchmark_index": "NIFTY 50 (Total Returns Index) ",
        "fund_manager": [
            {
                "managing_fund_since": "February 28, 2024",
                "name": "Nirman Morakhia",
                "qualification": "",
                "total_exp": "17 Years"
            },
            {
                "managing_fund_since": "February 28, 2024",
                "name": "Arun Agarwal",
                "qualification": "",
                "total_exp": "26 Years"
            }
        ],
        "load": {
            "entry_load": null,
            "exit_load": "Nil For Product label and Riskometers, refer page no: 65-72 12 | February 2025 "
        },
        "main_scheme_name": "HDFC NIFTY200 Momentum 30 Index Fund",
        "metrics": {
            "alpha": null,
            "arithmetic_mean_ratio": null,
            "average_div_yld": null,
            "average_pb": null,
            "average_pe": null,
            "avg_maturity": null,
            "beta": null,
            "correlation_ratio": null,
            "downside_deviation": null,
            "information_ratio": null,
            "macaulay": null,
            "mod_duration": null,
            "port_turnover_ratio": "128.63",
            "r_squared_ratio": null,
            "roe_ratio": null,
            "sharpe": null,
            "sortino_ratio": null,
            "std_dev": null,
            "tracking_error": "0.27",
            "treynor_ratio": null,
            "upside_deviation": null,
            "ytm": null
        },
        "min_addl_amt": null,
        "min_addl_amt_multiple": null,
        "min_amt": null,
        "min_amt_multiple": null,
        "monthly_aaum_date": "31-03-2025",
        "monthly_aaum_value": "\u20b9 691.80",
        "mutual_fund_name": "HDFC Mutual Fund",
        "page_number": [
            11
        ],
        "scheme_launch_date": "February 28, 2024 "
    },
    "HDFC NIFTY Realty Index Fund": {
        "amc_name": "HDFC Asset Management Company Limited",
        "benchmark_index": "NIFTY 50 (Total Returns Index) ",
        "fund_manager": [
            {
                "managing_fund_since": "March 26, 2024",
                "name": "Nirman Morakhia",
                "qualification": "",
                "total_exp": "17 Years"
            },
            {
                "managing_fund_since": "March 26, 2024",
                "name": "Arun Agarwal",
                "qualification": "",
                "total_exp": "26 Years"
            }
        ],
        "load": {
            "entry_load": null,
            "exit_load": "Nil For Product label and Riskometers, refer page no: 65-72 13 | February 2025 "
        },
        "main_scheme_name": "HDFC NIFTY Realty Index Fund",
        "metrics": {
            "alpha": null,
            "arithmetic_mean_ratio": null,
            "average_div_yld": null,
            "average_pb": null,
            "average_pe": null,
            "avg_maturity": null,
            "beta": null,
            "correlation_ratio": null,
            "downside_deviation": null,
            "information_ratio": null,
            "macaulay": null,
            "mod_duration": null,
            "port_turnover_ratio": null,
            "r_squared_ratio": null,
            "roe_ratio": null,
            "sharpe": null,
            "sortino_ratio": null,
            "std_dev": null,
            "tracking_error": null,
            "treynor_ratio": null,
            "upside_deviation": null,
            "ytm": null
        },
        "min_addl_amt": null,
        "min_addl_amt_multiple": null,
        "min_amt": null,
        "min_amt_multiple": null,
        "monthly_aaum_date": "31-03-2025",
        "monthly_aaum_value": "\u20b9 108.32",
        "mutual_fund_name": "HDFC Mutual Fund",
        "page_number": [
            12
        ],
        "scheme_launch_date": "March 26, 2024 "
    },
    "HDFC NIFTY 100 Index Fund": {
        "amc_name": "HDFC Asset Management Company Limited",
        "benchmark_index": "NIFTY 50 (Total Returns Index) ",
        "fund_manager": [
            {
                "managing_fund_since": "February 15, 2023",
                "name": "Nirman Morakhia",
                "qualification": "",
                "total_exp": "17 Years"
            },
            {
                "managing_fund_since": "March 4, 2022",
                "name": "Arun Agarwal",
                "qualification": "",
                "total_exp": "26 Years"
            }
        ],
        "load": {
            "entry_load": null,
            "exit_load": "Nil For Product label and Riskometers, refer page no: 65-72 14 | February 2025 "
        },
        "main_scheme_name": "HDFC NIFTY 100 Index Fund",
        "metrics": {
            "alpha": null,
            "arithmetic_mean_ratio": null,
            "average_div_yld": null,
            "average_pb": null,
            "average_pe": null,
            "avg_maturity": null,
            "beta": null,
            "correlation_ratio": null,
            "downside_deviation": null,
            "information_ratio": null,
            "macaulay": null,
            "mod_duration": null,
            "port_turnover_ratio": "5.90",
            "r_squared_ratio": null,
            "roe_ratio": null,
            "sharpe": null,
            "sortino_ratio": null,
            "std_dev": null,
            "tracking_error": "0.07",
            "treynor_ratio": null,
            "upside_deviation": null,
            "ytm": null
        },
        "min_addl_amt": null,
        "min_addl_amt_multiple": null,
        "min_amt": null,
        "min_amt_multiple": null,
        "monthly_aaum_date": "31-03-2025",
        "monthly_aaum_value": "\u20b9 286.28",
        "mutual_fund_name": "HDFC Mutual Fund",
        "page_number": [
            13
        ],
        "scheme_launch_date": "February 23, 2022 "
    },
    "HDFC NIFTY50 Equal Weight Index Fund": {
        "amc_name": "HDFC Asset Management Company Limited",
        "benchmark_index": "NIFTY 50 (Total Returns Index) ",
        "fund_manager": [
            {
                "managing_fund_since": "February 15, 2023",
                "name": "Nirman Morakhia",
                "qualification": "",
                "total_exp": "17 Years"
            },
            {
                "managing_fund_since": "February 01, 2022",
                "name": "Arun Agarwal",
                "qualification": "",
                "total_exp": "26 Years"
            }
        ],
        "load": {
            "entry_load": null,
            "exit_load": "Nil Industry  llocation of E uity Holding (  of Net  ssets) Ban s 1 . utomobiles 11. IT   Software Finance . 1 Pharmaceuticals   Biotechnology Ferrous Metals Insurance Food Products Consumer Durables Cement   Cement Products Petroleum Products Diversi ied Fmcg Power gricultural Food    ther Products Non   Ferrous Metals.1 Telecom   Services.1 Consumable Fuels il . 1 Metals   Minerals Trading 1. Construction 1. Transport Infrastructure 1. erospace   Defense 1. Healthcare Services1. Retailing 1. 1 1 For Product label and Riskometers, refer page no: 65-72 15 | February 2025 "
        },
        "main_scheme_name": "HDFC NIFTY50 Equal Weight Index Fund",
        "metrics": {
            "alpha": null,
            "arithmetic_mean_ratio": null,
            "average_div_yld": null,
            "average_pb": null,
            "average_pe": null,
            "avg_maturity": null,
            "beta": null,
            "correlation_ratio": null,
            "downside_deviation": null,
            "information_ratio": null,
            "macaulay": null,
            "mod_duration": null,
            "port_turnover_ratio": "25.60",
            "r_squared_ratio": null,
            "roe_ratio": null,
            "sharpe": null,
            "sortino_ratio": null,
            "std_dev": null,
            "tracking_error": "0.06",
            "treynor_ratio": null,
            "upside_deviation": null,
            "ytm": null
        },
        "min_addl_amt": null,
        "min_addl_amt_multiple": null,
        "min_amt": null,
        "min_amt_multiple": null,
        "monthly_aaum_date": "31-03-2025",
        "monthly_aaum_value": "\u20b9 1,375.87",
        "mutual_fund_name": "HDFC Mutual Fund",
        "page_number": [
            14
        ],
        "scheme_launch_date": "August 20, 2021 "
    },
    "HDFC NIFTY 100 Equal Weight Index Fund": {
        "amc_name": "HDFC Asset Management Company Limited",
        "benchmark_index": "NIFTY 50 (Total Returns Index) ",
        "fund_manager": [
            {
                "managing_fund_since": "February 15, 2023",
                "name": "Nirman Morakhia",
                "qualification": "",
                "total_exp": "17 Years"
            },
            {
                "managing_fund_since": "March 4, 2022",
                "name": "Arun Agarwal",
                "qualification": "",
                "total_exp": "26 Years"
            }
        ],
        "load": {
            "entry_load": null,
            "exit_load": "Nil For Product label and Riskometers, refer page no: 65-72 16 | February 2025 "
        },
        "main_scheme_name": "HDFC NIFTY 100 Equal Weight Index Fund",
        "metrics": {
            "alpha": null,
            "arithmetic_mean_ratio": null,
            "average_div_yld": null,
            "average_pb": null,
            "average_pe": null,
            "avg_maturity": null,
            "beta": null,
            "correlation_ratio": null,
            "downside_deviation": null,
            "information_ratio": null,
            "macaulay": null,
            "mod_duration": null,
            "port_turnover_ratio": "35.20",
            "r_squared_ratio": null,
            "roe_ratio": null,
            "sharpe": null,
            "sortino_ratio": null,
            "std_dev": null,
            "tracking_error": "0.13",
            "treynor_ratio": null,
            "upside_deviation": null,
            "ytm": null
        },
        "min_addl_amt": null,
        "min_addl_amt_multiple": null,
        "min_amt": null,
        "min_amt_multiple": null,
        "monthly_aaum_date": "31-03-2025",
        "monthly_aaum_value": "\u20b9 315.53",
        "mutual_fund_name": "HDFC Mutual Fund",
        "page_number": [
            15
        ],
        "scheme_launch_date": "February 23, 2022 "
    },
    "HDFC NIFTY100 Low Volatility 30 Index Fund": {
        "amc_name": "HDFC Asset Management Company Limited",
        "benchmark_index": "NIFTY 50 (Total Returns Index) ",
        "fund_manager": [
            {
                "managing_fund_since": "July 10, 2024",
                "name": "Nirman Morakhia",
                "qualification": "",
                "total_exp": "17 Years"
            },
            {
                "managing_fund_since": "July 10, 2024",
                "name": "Arun Agarwal",
                "qualification": "",
                "total_exp": "26 Years"
            }
        ],
        "load": {
            "entry_load": null,
            "exit_load": "Nil For Product label and Riskometers, refer page no: 65-72 17 | February 2025 "
        },
        "main_scheme_name": "HDFC NIFTY100 Low Volatility 30 Index Fund",
        "metrics": {
            "alpha": null,
            "arithmetic_mean_ratio": null,
            "average_div_yld": null,
            "average_pb": null,
            "average_pe": null,
            "avg_maturity": null,
            "beta": null,
            "correlation_ratio": null,
            "downside_deviation": null,
            "information_ratio": null,
            "macaulay": null,
            "mod_duration": null,
            "port_turnover_ratio": null,
            "r_squared_ratio": null,
            "roe_ratio": null,
            "sharpe": null,
            "sortino_ratio": null,
            "std_dev": null,
            "tracking_error": null,
            "treynor_ratio": null,
            "upside_deviation": null,
            "ytm": null
        },
        "min_addl_amt": null,
        "min_addl_amt_multiple": null,
        "min_amt": null,
        "min_amt_multiple": null,
        "monthly_aaum_date": "31-03-2025",
        "monthly_aaum_value": "\u20b9 340.94",
        "mutual_fund_name": "HDFC Mutual Fund",
        "page_number": [
            16
        ],
        "scheme_launch_date": "July 10, 2024 "
    },
    "HDFC Nifty G-Sec Dec 2026 Index Fund": {
        "amc_name": "HDFC Asset Management Company Limited",
        "benchmark_index": "CRISIL 10 Year Gilt Index ",
        "fund_manager": [
            {
                "managing_fund_since": "August 31, 2024",
                "name": "Anupam Joshi",
                "qualification": "",
                "total_exp": "19 Years"
            }
        ],
        "load": {
            "entry_load": null,
            "exit_load": "Nil For Product label and Riskometers, refer page no: 65-72 18 | February 2025 "
        },
        "main_scheme_name": "HDFC Nifty G-Sec Dec 2026 Index Fund",
        "metrics": {
            "alpha": null,
            "arithmetic_mean_ratio": null,
            "average_div_yld": null,
            "average_pb": null,
            "average_pe": null,
            "avg_maturity": "1.66 Years",
            "beta": null,
            "correlation_ratio": null,
            "downside_deviation": null,
            "information_ratio": null,
            "macaulay": "1.56 Years",
            "mod_duration": "1.51 Years",
            "port_turnover_ratio": null,
            "r_squared_ratio": null,
            "roe_ratio": null,
            "sharpe": null,
            "sortino_ratio": null,
            "std_dev": null,
            "tracking_error": "0.34",
            "treynor_ratio": null,
            "upside_deviation": null,
            "ytm": null
        },
        "min_addl_amt": null,
        "min_addl_amt_multiple": null,
        "min_amt": null,
        "min_amt_multiple": null,
        "monthly_aaum_date": "31-03-2025",
        "monthly_aaum_value": "\u20b9 1,344.81",
        "mutual_fund_name": "HDFC Mutual Fund",
        "page_number": [
            17
        ],
        "scheme_launch_date": "November 10, 2022 "
    },
    "HDFC Nifty G-Sec Jul 2031 Index Fund": {
        "amc_name": "HDFC Asset Management Company Limited",
        "benchmark_index": "CRISIL 10 Year Gilt Index ",
        "fund_manager": [
            {
                "managing_fund_since": "August 31, 2024",
                "name": "Anupam Joshi",
                "qualification": "",
                "total_exp": "19 Years"
            }
        ],
        "load": {
            "entry_load": null,
            "exit_load": "Nil For Product label and Riskometers, refer page no: 65-72 19 | February 2025 "
        },
        "main_scheme_name": "HDFC Nifty G-Sec Jul 2031 Index Fund",
        "metrics": {
            "alpha": null,
            "arithmetic_mean_ratio": null,
            "average_div_yld": null,
            "average_pb": null,
            "average_pe": null,
            "avg_maturity": "6.26 Years",
            "beta": null,
            "correlation_ratio": null,
            "downside_deviation": null,
            "information_ratio": null,
            "macaulay": "5.22 Years",
            "mod_duration": "5.05 Years",
            "port_turnover_ratio": null,
            "r_squared_ratio": null,
            "roe_ratio": null,
            "sharpe": null,
            "sortino_ratio": null,
            "std_dev": null,
            "tracking_error": "0.68",
            "treynor_ratio": null,
            "upside_deviation": null,
            "ytm": null
        },
        "min_addl_amt": null,
        "min_addl_amt_multiple": null,
        "min_amt": null,
        "min_amt_multiple": null,
        "monthly_aaum_date": "31-03-2025",
        "monthly_aaum_value": "\u20b9 685.14",
        "mutual_fund_name": "HDFC Mutual Fund",
        "page_number": [
            18
        ],
        "scheme_launch_date": "November 10, 2022 "
    },
    "HDFC Nifty G-Sec Jun 2027 Index Fund": {
        "amc_name": "HDFC Asset Management Company Limited",
        "benchmark_index": "CRISIL 10 Year Gilt Index ",
        "fund_manager": [
            {
                "managing_fund_since": "August 31, 2024",
                "name": "Anupam Joshi",
                "qualification": "",
                "total_exp": "19 Years"
            }
        ],
        "load": {
            "entry_load": null,
            "exit_load": "Nil For Product label and Riskometers, refer page no: 65-72 20 | February 2025 "
        },
        "main_scheme_name": "HDFC Nifty G-Sec Jun 2027 Index Fund",
        "metrics": {
            "alpha": null,
            "arithmetic_mean_ratio": null,
            "average_div_yld": null,
            "average_pb": null,
            "average_pe": null,
            "avg_maturity": "2.28 Years",
            "beta": null,
            "correlation_ratio": null,
            "downside_deviation": null,
            "information_ratio": null,
            "macaulay": "2.11 Years",
            "mod_duration": "2.04 Years",
            "port_turnover_ratio": null,
            "r_squared_ratio": null,
            "roe_ratio": null,
            "sharpe": null,
            "sortino_ratio": null,
            "std_dev": null,
            "tracking_error": "0.25",
            "treynor_ratio": null,
            "upside_deviation": null,
            "ytm": null
        },
        "min_addl_amt": null,
        "min_addl_amt_multiple": null,
        "min_amt": null,
        "min_amt_multiple": null,
        "monthly_aaum_date": "31-03-2025",
        "monthly_aaum_value": "\u20b9 741.11",
        "mutual_fund_name": "HDFC Mutual Fund",
        "page_number": [
            19
        ],
        "scheme_launch_date": "December 09, 2022 "
    },
    "HDFC Nifty G-Sec Sep 2032 Index Fund": {
        "amc_name": "HDFC Asset Management Company Limited",
        "benchmark_index": "CRISIL 10 Year Gilt Index ",
        "fund_manager": [
            {
                "managing_fund_since": "August 31, 2024",
                "name": "Anupam Joshi",
                "qualification": "",
                "total_exp": "19 Years"
            }
        ],
        "load": {
            "entry_load": null,
            "exit_load": "Nil For Product label and Riskometers, refer page no: 65-72 21 | February 2025 "
        },
        "main_scheme_name": "HDFC Nifty G-Sec Sep 2032 Index Fund",
        "metrics": {
            "alpha": null,
            "arithmetic_mean_ratio": null,
            "average_div_yld": null,
            "average_pb": null,
            "average_pe": null,
            "avg_maturity": "7.43 Years",
            "beta": null,
            "correlation_ratio": null,
            "downside_deviation": null,
            "information_ratio": null,
            "macaulay": "5.87 Years",
            "mod_duration": "5.68 Years",
            "port_turnover_ratio": null,
            "r_squared_ratio": null,
            "roe_ratio": null,
            "sharpe": null,
            "sortino_ratio": null,
            "std_dev": null,
            "tracking_error": "0.67",
            "treynor_ratio": null,
            "upside_deviation": null,
            "ytm": null
        },
        "min_addl_amt": null,
        "min_addl_amt_multiple": null,
        "min_amt": null,
        "min_amt_multiple": null,
        "monthly_aaum_date": "31-03-2025",
        "monthly_aaum_value": "\u20b9 605.02",
        "mutual_fund_name": "HDFC Mutual Fund",
        "page_number": [
            20
        ],
        "scheme_launch_date": "December 09, 2022 "
    },
    "HDFC NIFTY G-Sec Apr 2029 Index Fund": {
        "amc_name": "HDFC Asset Management Company Limited",
        "benchmark_index": "CRISIL 10 Year Gilt Index ",
        "fund_manager": [
            {
                "managing_fund_since": "August 31, 2024",
                "name": "Anupam Joshi",
                "qualification": "",
                "total_exp": "19 Years"
            }
        ],
        "load": {
            "entry_load": null,
            "exit_load": "Nil For Product label and Riskometers, refer page no: 65-72 22 | February 2025 "
        },
        "main_scheme_name": "HDFC NIFTY G-Sec Apr 2029 Index Fund",
        "metrics": {
            "alpha": null,
            "arithmetic_mean_ratio": null,
            "average_div_yld": null,
            "average_pb": null,
            "average_pe": null,
            "avg_maturity": "4.09 Years",
            "beta": null,
            "correlation_ratio": null,
            "downside_deviation": null,
            "information_ratio": null,
            "macaulay": "3.52 Years",
            "mod_duration": "3.41 Years",
            "port_turnover_ratio": null,
            "r_squared_ratio": null,
            "roe_ratio": null,
            "sharpe": null,
            "sortino_ratio": null,
            "std_dev": null,
            "tracking_error": "0.13",
            "treynor_ratio": null,
            "upside_deviation": null,
            "ytm": null
        },
        "min_addl_amt": null,
        "min_addl_amt_multiple": null,
        "min_amt": null,
        "min_amt_multiple": null,
        "monthly_aaum_date": "31-03-2025",
        "monthly_aaum_value": "\u20b9 165.30",
        "mutual_fund_name": "HDFC Mutual Fund",
        "page_number": [
            21
        ],
        "scheme_launch_date": "March 10, 2023 "
    },
    "HDFC NIFTY G-sec Jun 2036 Index Fund": {
        "amc_name": "HDFC Asset Management Company Limited",
        "benchmark_index": "CRISIL 10 Year Gilt Index ",
        "fund_manager": [
            {
                "managing_fund_since": "August 31, 2024",
                "name": "Anupam Joshi",
                "qualification": "",
                "total_exp": "19 Years"
            }
        ],
        "load": {
            "entry_load": null,
            "exit_load": "Nil For Product label and Riskometers, refer page no: 65-72 23 | February 2025 "
        },
        "main_scheme_name": "HDFC NIFTY G-sec Jun 2036 Index Fund",
        "metrics": {
            "alpha": null,
            "arithmetic_mean_ratio": null,
            "average_div_yld": null,
            "average_pb": null,
            "average_pe": null,
            "avg_maturity": "11.22 Years",
            "beta": null,
            "correlation_ratio": null,
            "downside_deviation": null,
            "information_ratio": null,
            "macaulay": "7.70 Years",
            "mod_duration": "7.44 Years",
            "port_turnover_ratio": null,
            "r_squared_ratio": null,
            "roe_ratio": null,
            "sharpe": null,
            "sortino_ratio": null,
            "std_dev": null,
            "tracking_error": "0.87",
            "treynor_ratio": null,
            "upside_deviation": null,
            "ytm": null
        },
        "min_addl_amt": null,
        "min_addl_amt_multiple": null,
        "min_amt": null,
        "min_amt_multiple": null,
        "monthly_aaum_date": "31-03-2025",
        "monthly_aaum_value": "\u20b9 819.54",
        "mutual_fund_name": "HDFC Mutual Fund",
        "page_number": [
            22
        ],
        "scheme_launch_date": "March 15, 2023 "
    },
    "HDFC NIFTY SDL Plus G-Sec Jun 2027 4060 Index Fund": {
        "amc_name": "HDFC Asset Management Company Limited",
        "benchmark_index": "CRISIL 10 Year Gilt Index ",
        "fund_manager": [
            {
                "managing_fund_since": "August 31, 2024",
                "name": "Anupam Joshi",
                "qualification": "",
                "total_exp": "19 Years"
            }
        ],
        "load": {
            "entry_load": null,
            "exit_load": "Nil For Product label and Riskometers, refer page no: 65-72 24 | February 2025 "
        },
        "main_scheme_name": "HDFC NIFTY SDL Plus G-Sec Jun 2027 4060 Index Fund",
        "metrics": {
            "alpha": null,
            "arithmetic_mean_ratio": null,
            "average_div_yld": null,
            "average_pb": null,
            "average_pe": null,
            "avg_maturity": "2.18 Years",
            "beta": null,
            "correlation_ratio": null,
            "downside_deviation": null,
            "information_ratio": null,
            "macaulay": "2.01 Years",
            "mod_duration": "1.95 Years",
            "port_turnover_ratio": null,
            "r_squared_ratio": null,
            "roe_ratio": null,
            "sharpe": null,
            "sortino_ratio": null,
            "std_dev": null,
            "tracking_error": "0.35",
            "treynor_ratio": null,
            "upside_deviation": null,
            "ytm": null
        },
        "min_addl_amt": null,
        "min_addl_amt_multiple": null,
        "min_amt": null,
        "min_amt_multiple": null,
        "monthly_aaum_date": "31-03-2025",
        "monthly_aaum_value": "\u20b9 48.68",
        "mutual_fund_name": "HDFC Mutual Fund",
        "page_number": [
            23
        ],
        "scheme_launch_date": "March 23, 2023 "
    },
    "HDFC Nifty SDL Oct 2026 Index Fund": {
        "amc_name": "HDFC Asset Management Company Limited",
        "benchmark_index": "CRISIL 10 Year Gilt Index ",
        "fund_manager": [
            {
                "managing_fund_since": "August 31, 2024",
                "name": "Anupam Joshi",
                "qualification": "",
                "total_exp": "19 Years"
            }
        ],
        "load": {
            "entry_load": null,
            "exit_load": "Nil For Product label and Riskometers, refer page no: 65-72 25 | February 2025 "
        },
        "main_scheme_name": "HDFC Nifty SDL Oct 2026 Index Fund",
        "metrics": {
            "alpha": null,
            "arithmetic_mean_ratio": null,
            "average_div_yld": null,
            "average_pb": null,
            "average_pe": null,
            "avg_maturity": "1.41 Years",
            "beta": null,
            "correlation_ratio": null,
            "downside_deviation": null,
            "information_ratio": null,
            "macaulay": "1.34 Years",
            "mod_duration": "1.29 Years",
            "port_turnover_ratio": null,
            "r_squared_ratio": null,
            "roe_ratio": null,
            "sharpe": null,
            "sortino_ratio": null,
            "std_dev": null,
            "tracking_error": "0.59",
            "treynor_ratio": null,
            "upside_deviation": null,
            "ytm": null
        },
        "min_addl_amt": null,
        "min_addl_amt_multiple": null,
        "min_amt": null,
        "min_amt_multiple": null,
        "monthly_aaum_date": "31-03-2025",
        "monthly_aaum_value": "\u20b9 196.18",
        "mutual_fund_name": "HDFC Mutual Fund",
        "page_number": [
            24
        ],
        "scheme_launch_date": "February 24, 2023 "
    },
    "HDFC NIFTY500 MULTICAP 502525 INDEX FUND": {
        "amc_name": "HDFC Asset Management Company Limited",
        "benchmark_index": "NIFTY 50 (Total Returns Index) ",
        "fund_manager": [
            {
                "managing_fund_since": "August 23, 2024",
                "name": "Nirman Morakhia",
                "qualification": "",
                "total_exp": "17 Years"
            },
            {
                "managing_fund_since": "August 23, 2024",
                "name": "Arun Agarwal",
                "qualification": "",
                "total_exp": "26 Years"
            }
        ],
        "load": {
            "entry_load": null,
            "exit_load": "Nil For Product label and Riskometers, refer page no: 65-72 26 | February 2025 "
        },
        "main_scheme_name": "HDFC NIFTY500 MULTICAP 502525 INDEX FUND",
        "metrics": {
            "alpha": null,
            "arithmetic_mean_ratio": null,
            "average_div_yld": null,
            "average_pb": null,
            "average_pe": null,
            "avg_maturity": null,
            "beta": null,
            "correlation_ratio": null,
            "downside_deviation": null,
            "information_ratio": null,
            "macaulay": null,
            "mod_duration": null,
            "port_turnover_ratio": null,
            "r_squared_ratio": null,
            "roe_ratio": null,
            "sharpe": null,
            "sortino_ratio": null,
            "std_dev": null,
            "tracking_error": null,
            "treynor_ratio": null,
            "upside_deviation": null,
            "ytm": null
        },
        "min_addl_amt": null,
        "min_addl_amt_multiple": null,
        "min_amt": null,
        "min_amt_multiple": null,
        "monthly_aaum_date": "31-03-2025",
        "monthly_aaum_value": "\u20b9 395.53",
        "mutual_fund_name": "HDFC Mutual Fund",
        "page_number": [
            25
        ],
        "scheme_launch_date": "August 23, 2024 "
    },
    "HDFC Nifty LargeMidcap 250 Index Fund": {
        "amc_name": "HDFC Asset Management Company Limited",
        "benchmark_index": "NIFTY 50 (Total Returns Index) ",
        "fund_manager": [
            {
                "managing_fund_since": "October 9, 2024",
                "name": "Nirman Morakhia",
                "qualification": "",
                "total_exp": "17 Years"
            },
            {
                "managing_fund_since": "October 9, 2024",
                "name": "Arun Agarwal",
                "qualification": "",
                "total_exp": "26 Years"
            }
        ],
        "load": {
            "entry_load": null,
            "exit_load": "Nil For Product label and Riskometers, refer page no: 65-72 27 | February 2025 "
        },
        "main_scheme_name": "HDFC Nifty LargeMidcap 250 Index Fund",
        "metrics": {
            "alpha": null,
            "arithmetic_mean_ratio": null,
            "average_div_yld": null,
            "average_pb": null,
            "average_pe": null,
            "avg_maturity": null,
            "beta": null,
            "correlation_ratio": null,
            "downside_deviation": null,
            "information_ratio": null,
            "macaulay": null,
            "mod_duration": null,
            "port_turnover_ratio": null,
            "r_squared_ratio": null,
            "roe_ratio": null,
            "sharpe": null,
            "sortino_ratio": null,
            "std_dev": null,
            "tracking_error": null,
            "treynor_ratio": null,
            "upside_deviation": null,
            "ytm": null
        },
        "min_addl_amt": null,
        "min_addl_amt_multiple": null,
        "min_amt": null,
        "min_amt_multiple": null,
        "monthly_aaum_date": "31-03-2025",
        "monthly_aaum_value": "\u20b9 444.06",
        "mutual_fund_name": "HDFC Mutual Fund",
        "page_number": [
            26
        ],
        "scheme_launch_date": "October 9, 2024 "
    },
    "HDFC Nifty India Digital Index Fund": {
        "amc_name": "HDFC Asset Management Company Limited",
        "benchmark_index": "NIFTY 50 (Total Returns Index ",
        "fund_manager": [
            {
                "managing_fund_since": "December 11, 2024",
                "name": "Nirman Morakhia",
                "qualification": "",
                "total_exp": "17 Years"
            },
            {
                "managing_fund_since": "December 11, 2024",
                "name": "Arun Agarwal",
                "qualification": "",
                "total_exp": "26 Years"
            }
        ],
        "load": {
            "entry_load": null,
            "exit_load": "Nil Industry  llocation of E uity Holding (  of Net  ssets) IT   Software Retailing 1 . Telecom   Services 1 . Financial Technology (Fintech)11. Leisure Services IT   Services. 1 1 For Product label and Riskometers, refer page no: 65-72 28 | February 2025 "
        },
        "main_scheme_name": "HDFC Nifty India Digital Index Fund",
        "metrics": {
            "alpha": null,
            "arithmetic_mean_ratio": null,
            "average_div_yld": null,
            "average_pb": null,
            "average_pe": null,
            "avg_maturity": null,
            "beta": null,
            "correlation_ratio": null,
            "downside_deviation": null,
            "information_ratio": null,
            "macaulay": null,
            "mod_duration": null,
            "port_turnover_ratio": null,
            "r_squared_ratio": null,
            "roe_ratio": null,
            "sharpe": null,
            "sortino_ratio": null,
            "std_dev": null,
            "tracking_error": null,
            "treynor_ratio": null,
            "upside_deviation": null,
            "ytm": null
        },
        "min_addl_amt": null,
        "min_addl_amt_multiple": null,
        "min_amt": null,
        "min_amt_multiple": null,
        "monthly_aaum_date": "31-03-2025",
        "monthly_aaum_value": "\u20b9 227.61",
        "mutual_fund_name": "HDFC Mutual Fund",
        "page_number": [
            27
        ],
        "scheme_launch_date": "December 11, 2024 "
    },
    "HDFC Nifty100 Quality 30 Index Fund": {
        "amc_name": "HDFC Asset Management Company Limited",
        "benchmark_index": "NIFTY100 Quality 30 TRI ",
        "fund_manager": [
            {
                "managing_fund_since": "February 19, 2025",
                "name": "Nirman Morakhia",
                "qualification": "",
                "total_exp": "17 Years"
            },
            {
                "managing_fund_since": "February 19, 2025",
                "name": "Arun Agarwal",
                "qualification": "",
                "total_exp": "26 Years"
            }
        ],
        "load": {
            "entry_load": null,
            "exit_load": "Nil Industry  llocation of E uity Holding (  of Net  ssets) IT   Software .1 utomobiles 1 . Diversi ied Fmcg Food Products Pharmaceuticals   Biotechnology Consumer Durables erospace   Defense . 1 Ban s Consumable Fuels Personal Products. 1 Chemicals   Petrochemicals Leisure Services.1 Beverages.1 Electrical E uipment1. uto Components1. 1 1 For Product label and Riskometers, refer page no: 65-72 29 | February 2025 "
        },
        "main_scheme_name": "HDFC Nifty100 Quality 30 Index Fund",
        "metrics": {
            "alpha": null,
            "arithmetic_mean_ratio": null,
            "average_div_yld": null,
            "average_pb": null,
            "average_pe": null,
            "avg_maturity": null,
            "beta": null,
            "correlation_ratio": null,
            "downside_deviation": null,
            "information_ratio": null,
            "macaulay": null,
            "mod_duration": null,
            "port_turnover_ratio": null,
            "r_squared_ratio": null,
            "roe_ratio": null,
            "sharpe": null,
            "sortino_ratio": null,
            "std_dev": null,
            "tracking_error": null,
            "treynor_ratio": null,
            "upside_deviation": null,
            "ytm": null
        },
        "min_addl_amt": null,
        "min_addl_amt_multiple": null,
        "min_amt": null,
        "min_amt_multiple": null,
        "monthly_aaum_date": "31-03-2025",
        "monthly_aaum_value": "\u20b9 199.25",
        "mutual_fund_name": "HDFC Mutual Fund",
        "page_number": [
            28
        ],
        "scheme_launch_date": "February 19, 2025 "
    },
    "HDFC BSE SENSEX ETF": {
        "amc_name": "HDFC Asset Management Company Limited",
        "benchmark_index": "NIFTY 50 (Total Returns Index) ",
        "fund_manager": [
            {
                "managing_fund_since": "August 24, 2020",
                "name": "Arun Agarwal",
                "qualification": "",
                "total_exp": "26 Years"
            },
            {
                "managing_fund_since": "February 15, 2023",
                "name": "Abhishek Mor",
                "qualification": "",
                "total_exp": "7 Years"
            }
        ],
        "load": {
            "entry_load": null,
            "exit_load": "Not Applicable For Product label and Riskometers, refer page no: 65-72 30 | February 2025 "
        },
        "main_scheme_name": "HDFC BSE SENSEX ETF",
        "metrics": {
            "alpha": null,
            "arithmetic_mean_ratio": null,
            "average_div_yld": null,
            "average_pb": null,
            "average_pe": null,
            "avg_maturity": null,
            "beta": null,
            "correlation_ratio": null,
            "downside_deviation": null,
            "information_ratio": null,
            "macaulay": null,
            "mod_duration": null,
            "port_turnover_ratio": "24.74",
            "r_squared_ratio": null,
            "roe_ratio": null,
            "sharpe": null,
            "sortino_ratio": null,
            "std_dev": null,
            "tracking_error": "0.04",
            "treynor_ratio": null,
            "upside_deviation": null,
            "ytm": null
        },
        "min_addl_amt": null,
        "min_addl_amt_multiple": null,
        "min_amt": null,
        "min_amt_multiple": null,
        "monthly_aaum_date": "31-03-2025",
        "monthly_aaum_value": "\u20b9 450.84",
        "mutual_fund_name": "HDFC Mutual Fund",
        "page_number": [
            29
        ],
        "scheme_launch_date": "December 09, 2015 "
    },
    "HDFC NIFTY 50 ETF": {
        "amc_name": "HDFC Asset Management Company Limited",
        "benchmark_index": "BSE SENSEX (Total Returns Index) ",
        "fund_manager": [
            {
                "managing_fund_since": "August 24, 2020",
                "name": "Arun Agarwal",
                "qualification": "",
                "total_exp": "26 Years"
            },
            {
                "managing_fund_since": "February 15, 2023",
                "name": "Abhishek Mor",
                "qualification": "",
                "total_exp": "7 Years"
            }
        ],
        "load": {
            "entry_load": null,
            "exit_load": "Not Applicable Industry  llocation of E uity Holding (  of Net  ssets) Ban s IT   Software 1 .1 Petroleum Products utomobiles Diversi ied Fmcg Finance . 1 Telecom   Services Construction Pharmaceuticals   Biotechnology Power Consumer Durables Ferrous Metals Cement   Cement Products Food Products1. Insurance1. Retailing 1. Non   Ferrous Metals erospace   Defense il Consumable Fuels Transport Infrastructure gricultural Food    ther Products Healthcare Services Metals   Minerals Trading 1 For Product label and Riskometers, refer page no: 65-72 31 | February 2025 "
        },
        "main_scheme_name": "HDFC NIFTY 50 ETF",
        "metrics": {
            "alpha": null,
            "arithmetic_mean_ratio": null,
            "average_div_yld": null,
            "average_pb": null,
            "average_pe": null,
            "avg_maturity": null,
            "beta": null,
            "correlation_ratio": null,
            "downside_deviation": null,
            "information_ratio": null,
            "macaulay": null,
            "mod_duration": null,
            "port_turnover_ratio": "6.55",
            "r_squared_ratio": null,
            "roe_ratio": null,
            "sharpe": null,
            "sortino_ratio": null,
            "std_dev": null,
            "tracking_error": "0.03",
            "treynor_ratio": null,
            "upside_deviation": null,
            "ytm": null
        },
        "min_addl_amt": null,
        "min_addl_amt_multiple": null,
        "min_amt": null,
        "min_amt_multiple": null,
        "monthly_aaum_date": "31-03-2025",
        "monthly_aaum_value": "\u20b9 4,026.17",
        "mutual_fund_name": "HDFC Mutual Fund",
        "page_number": [
            30
        ],
        "scheme_launch_date": "December 09, 2015 "
    },
    "HDFC NIFTY Next 50 ETF": {
        "amc_name": "HDFC Asset Management Company Limited",
        "benchmark_index": "NIFTY 50 (Total Returns Index) ",
        "fund_manager": [
            {
                "managing_fund_since": "August 05, 2022",
                "name": "Arun Agarwal",
                "qualification": "",
                "total_exp": "26 Years"
            },
            {
                "managing_fund_since": "February 15, 2023",
                "name": "Abhishek Mor",
                "qualification": "",
                "total_exp": "7 Years"
            }
        ],
        "load": {
            "entry_load": null,
            "exit_load": "Not Applicable Industry  llocation of E uity Holding (  of Net  ssets) Finance 1 . Retailing 1 . Power Pharmaceuticals   Biotechnology Ban s Beverages Electrical E uipment Transport Services Insurance Realty Cement   Cement Products . 1 Personal Products Diversi ied Metals erospace   Defense uto Components Gas . 1 utomobiles IT   Software .11 Petroleum Products Chemicals   Petrochemicals Consumer Durables1. Ferrous Metals 1. Leisure Services 1 1 For Product label and Riskometers, refer page no: 65-72 32 | February 2025 "
        },
        "main_scheme_name": "HDFC NIFTY Next 50 ETF",
        "metrics": {
            "alpha": null,
            "arithmetic_mean_ratio": null,
            "average_div_yld": null,
            "average_pb": null,
            "average_pe": null,
            "avg_maturity": null,
            "beta": null,
            "correlation_ratio": null,
            "downside_deviation": null,
            "information_ratio": null,
            "macaulay": null,
            "mod_duration": null,
            "port_turnover_ratio": "77.41",
            "r_squared_ratio": null,
            "roe_ratio": null,
            "sharpe": null,
            "sortino_ratio": null,
            "std_dev": null,
            "tracking_error": "0.07",
            "treynor_ratio": null,
            "upside_deviation": null,
            "ytm": null
        },
        "min_addl_amt": null,
        "min_addl_amt_multiple": null,
        "min_amt": null,
        "min_amt_multiple": null,
        "monthly_aaum_date": "31-03-2025",
        "monthly_aaum_value": "\u20b9 71.34",
        "mutual_fund_name": "HDFC Mutual Fund",
        "page_number": [
            31
        ],
        "scheme_launch_date": "August 05, 2022 "
    },
    "HDFC NIFTY 100 ETF": {
        "amc_name": "HDFC Asset Management Company Limited",
        "benchmark_index": "NIFTY 50 (Total Returns Index) ",
        "fund_manager": [
            {
                "managing_fund_since": "August 05, 2022",
                "name": "Arun Agarwal",
                "qualification": "",
                "total_exp": "26 Years"
            },
            {
                "managing_fund_since": "February 15, 2023",
                "name": "Abhishek Mor",
                "qualification": "",
                "total_exp": "7 Years"
            }
        ],
        "load": {
            "entry_load": null,
            "exit_load": "Not Applicable For Product label and Riskometers, refer page no: 65-72 33 | February 2025 "
        },
        "main_scheme_name": "HDFC NIFTY 100 ETF",
        "metrics": {
            "alpha": null,
            "arithmetic_mean_ratio": null,
            "average_div_yld": null,
            "average_pb": null,
            "average_pe": null,
            "avg_maturity": null,
            "beta": null,
            "correlation_ratio": null,
            "downside_deviation": null,
            "information_ratio": null,
            "macaulay": null,
            "mod_duration": null,
            "port_turnover_ratio": "9.75",
            "r_squared_ratio": null,
            "roe_ratio": null,
            "sharpe": null,
            "sortino_ratio": null,
            "std_dev": null,
            "tracking_error": "0.04",
            "treynor_ratio": null,
            "upside_deviation": null,
            "ytm": null
        },
        "min_addl_amt": null,
        "min_addl_amt_multiple": null,
        "min_amt": null,
        "min_amt_multiple": null,
        "monthly_aaum_date": "31-03-2025",
        "monthly_aaum_value": "\u20b9 25.88",
        "mutual_fund_name": "HDFC Mutual Fund",
        "page_number": [
            32
        ],
        "scheme_launch_date": "August 05, 2022 "
    },
    "HDFC NIFTY Bank ETF": {
        "amc_name": "HDFC Asset Management Company Limited",
        "benchmark_index": "NIFTY 50 (Total Returns Index) ",
        "fund_manager": [
            {
                "managing_fund_since": "August 24, 2020",
                "name": "Arun Agarwal",
                "qualification": "",
                "total_exp": "26 Years"
            },
            {
                "managing_fund_since": "February 15, 2023",
                "name": "Abhishek Mor",
                "qualification": "",
                "total_exp": "7 Years"
            }
        ],
        "load": {
            "entry_load": null,
            "exit_load": "Not Applicable For Product label and Riskometers, refer page no: 65-72 34 | February 2025 "
        },
        "main_scheme_name": "HDFC NIFTY Bank ETF",
        "metrics": {
            "alpha": null,
            "arithmetic_mean_ratio": null,
            "average_div_yld": null,
            "average_pb": null,
            "average_pe": null,
            "avg_maturity": null,
            "beta": null,
            "correlation_ratio": null,
            "downside_deviation": null,
            "information_ratio": null,
            "macaulay": null,
            "mod_duration": null,
            "port_turnover_ratio": "40.47",
            "r_squared_ratio": null,
            "roe_ratio": null,
            "sharpe": null,
            "sortino_ratio": null,
            "std_dev": null,
            "tracking_error": "0.06",
            "treynor_ratio": null,
            "upside_deviation": null,
            "ytm": null
        },
        "min_addl_amt": null,
        "min_addl_amt_multiple": null,
        "min_amt": null,
        "min_amt_multiple": null,
        "monthly_aaum_date": "31-03-2025",
        "monthly_aaum_value": "\u20b9 2,513.16",
        "mutual_fund_name": "HDFC Mutual Fund",
        "page_number": [
            33
        ],
        "scheme_launch_date": "August 21, 2020 "
    },
    "HDFC NIFTY IT ETF": {
        "amc_name": "HDFC Asset Management Company Limited",
        "benchmark_index": "NIFTY 50 (Total Returns Index) ",
        "fund_manager": [
            {
                "managing_fund_since": "February 15, 2022",
                "name": "November Arun",
                "qualification": "",
                "total_exp": "26 Years"
            }
        ],
        "load": {
            "entry_load": null,
            "exit_load": "Not Applicable For Product label and Riskometers, refer page no: 65-72 35 | February 2025 "
        },
        "main_scheme_name": "HDFC NIFTY IT ETF",
        "metrics": {
            "alpha": null,
            "arithmetic_mean_ratio": null,
            "average_div_yld": null,
            "average_pb": null,
            "average_pe": null,
            "avg_maturity": null,
            "beta": null,
            "correlation_ratio": null,
            "downside_deviation": null,
            "information_ratio": null,
            "macaulay": null,
            "mod_duration": null,
            "port_turnover_ratio": "51.70",
            "r_squared_ratio": null,
            "roe_ratio": null,
            "sharpe": null,
            "sortino_ratio": null,
            "std_dev": null,
            "tracking_error": "0.06",
            "treynor_ratio": null,
            "upside_deviation": null,
            "ytm": null
        },
        "min_addl_amt": null,
        "min_addl_amt_multiple": null,
        "min_amt": null,
        "min_amt_multiple": null,
        "monthly_aaum_date": "31-03-2025",
        "monthly_aaum_value": "\u20b9 66.89",
        "mutual_fund_name": "HDFC Mutual Fund",
        "page_number": [
            34
        ],
        "scheme_launch_date": "November 16, 2022 "
    },
    "HDFC NIFTY Private Bank ETF": {
        "amc_name": "HDFC Asset Management Company Limited",
        "benchmark_index": "NIFTY 50 (Total Returns Index) ",
        "fund_manager": [
            {
                "managing_fund_since": "February 15, 2022",
                "name": "November Arun",
                "qualification": "",
                "total_exp": "26 Years"
            }
        ],
        "load": {
            "entry_load": null,
            "exit_load": "Not Applicable For Product label and Riskometers, refer page no: 65-72 36 | February 2025 "
        },
        "main_scheme_name": "HDFC NIFTY Private Bank ETF",
        "metrics": {
            "alpha": null,
            "arithmetic_mean_ratio": null,
            "average_div_yld": null,
            "average_pb": null,
            "average_pe": null,
            "avg_maturity": null,
            "beta": null,
            "correlation_ratio": null,
            "downside_deviation": null,
            "information_ratio": null,
            "macaulay": null,
            "mod_duration": null,
            "port_turnover_ratio": "43.02",
            "r_squared_ratio": null,
            "roe_ratio": null,
            "sharpe": null,
            "sortino_ratio": null,
            "std_dev": null,
            "tracking_error": "0.07",
            "treynor_ratio": null,
            "upside_deviation": null,
            "ytm": null
        },
        "min_addl_amt": null,
        "min_addl_amt_multiple": null,
        "min_amt": null,
        "min_amt_multiple": null,
        "monthly_aaum_date": "31-03-2025",
        "monthly_aaum_value": "\u20b9 308.39",
        "mutual_fund_name": "HDFC Mutual Fund",
        "page_number": [
            35
        ],
        "scheme_launch_date": "November 16, 2022 "
    },
    "HDFC NIFTY Midcap 150 ETF": {
        "amc_name": "HDFC Asset Management Company Limited",
        "benchmark_index": "NIFTY 50 (Total Returns Index) ",
        "fund_manager": [
            {
                "managing_fund_since": "February 15, 2023",
                "name": "Nirman Morakhia",
                "qualification": "",
                "total_exp": "17 Years"
            },
            {
                "managing_fund_since": "February 15, 2023",
                "name": "Arun Agarwal",
                "qualification": "",
                "total_exp": "26 Years"
            },
            {
                "managing_fund_since": "February 15, 2023",
                "name": "Abhishek Mor",
                "qualification": "",
                "total_exp": "7 Years"
            }
        ],
        "load": {
            "entry_load": null,
            "exit_load": "Not Applicable For Product label and Riskometers, refer page no: 65-72 37 | February 2025 "
        },
        "main_scheme_name": "HDFC NIFTY Midcap 150 ETF",
        "metrics": {
            "alpha": null,
            "arithmetic_mean_ratio": null,
            "average_div_yld": null,
            "average_pb": null,
            "average_pe": null,
            "avg_maturity": null,
            "beta": null,
            "correlation_ratio": null,
            "downside_deviation": null,
            "information_ratio": null,
            "macaulay": null,
            "mod_duration": null,
            "port_turnover_ratio": "42.09",
            "r_squared_ratio": null,
            "roe_ratio": null,
            "sharpe": null,
            "sortino_ratio": null,
            "std_dev": null,
            "tracking_error": "0.05",
            "treynor_ratio": null,
            "upside_deviation": null,
            "ytm": null
        },
        "min_addl_amt": null,
        "min_addl_amt_multiple": null,
        "min_amt": null,
        "min_amt_multiple": null,
        "monthly_aaum_date": "31-03-2025",
        "monthly_aaum_value": "\u20b9 69.21",
        "mutual_fund_name": "HDFC Mutual Fund",
        "page_number": [
            36
        ],
        "scheme_launch_date": "February 15, 2023 "
    },
    "HDFC NIFTY Smallcap 250 ETF": {
        "amc_name": "HDFC Asset Management Company Limited",
        "benchmark_index": "NIFTY 50 (Total Returns Index) ",
        "fund_manager": [
            {
                "managing_fund_since": "February 15, 2023",
                "name": "Nirman Morakhia",
                "qualification": "",
                "total_exp": "17 Years"
            },
            {
                "managing_fund_since": "February 15, 2023",
                "name": "Arun Agarwal",
                "qualification": "",
                "total_exp": "26 Years"
            },
            {
                "managing_fund_since": "February 15, 2023",
                "name": "Abhishek Mor",
                "qualification": "",
                "total_exp": "7 Years"
            }
        ],
        "load": {
            "entry_load": null,
            "exit_load": "Not Applicable For Product label and Riskometers, refer page no: 65-72 38 | February 2025 "
        },
        "main_scheme_name": "HDFC NIFTY Smallcap 250 ETF",
        "metrics": {
            "alpha": null,
            "arithmetic_mean_ratio": null,
            "average_div_yld": null,
            "average_pb": null,
            "average_pe": null,
            "avg_maturity": null,
            "beta": null,
            "correlation_ratio": null,
            "downside_deviation": null,
            "information_ratio": null,
            "macaulay": null,
            "mod_duration": null,
            "port_turnover_ratio": "49.25",
            "r_squared_ratio": null,
            "roe_ratio": null,
            "sharpe": null,
            "sortino_ratio": null,
            "std_dev": null,
            "tracking_error": "0.15",
            "treynor_ratio": null,
            "upside_deviation": null,
            "ytm": null
        },
        "min_addl_amt": null,
        "min_addl_amt_multiple": null,
        "min_amt": null,
        "min_amt_multiple": null,
        "monthly_aaum_date": "31-03-2025",
        "monthly_aaum_value": "\u20b9 823.54",
        "mutual_fund_name": "HDFC Mutual Fund",
        "page_number": [
            37
        ],
        "scheme_launch_date": "February 15, 2023 "
    },
    "HDFC NIFTY PSU BANK ETF": {
        "amc_name": "HDFC Asset Management Company Limited",
        "benchmark_index": "NIFTY 50 (Total Returns Index) ",
        "fund_manager": [
            {
                "managing_fund_since": "January 31, 2024",
                "name": "Arun Agarwal",
                "qualification": "",
                "total_exp": "26 Years"
            },
            {
                "managing_fund_since": "January 31, 2024",
                "name": "Abhishek Mor",
                "qualification": "",
                "total_exp": "7 Years"
            }
        ],
        "load": {
            "entry_load": null,
            "exit_load": null
        },
        "main_scheme_name": "HDFC NIFTY PSU BANK ETF",
        "metrics": {
            "alpha": null,
            "arithmetic_mean_ratio": null,
            "average_div_yld": null,
            "average_pb": null,
            "average_pe": null,
            "avg_maturity": null,
            "beta": null,
            "correlation_ratio": null,
            "downside_deviation": null,
            "information_ratio": null,
            "macaulay": null,
            "mod_duration": null,
            "port_turnover_ratio": "81.97",
            "r_squared_ratio": null,
            "roe_ratio": null,
            "sharpe": null,
            "sortino_ratio": null,
            "std_dev": null,
            "tracking_error": "0.11",
            "treynor_ratio": null,
            "upside_deviation": null,
            "ytm": null
        },
        "min_addl_amt": null,
        "min_addl_amt_multiple": null,
        "min_amt": null,
        "min_amt_multiple": null,
        "monthly_aaum_date": "31-03-2025",
        "monthly_aaum_value": "\u20b9 23.32",
        "mutual_fund_name": "HDFC Mutual Fund",
        "page_number": [
            38
        ],
        "scheme_launch_date": "January 31, 2024 "
    },
    "HDFC BSE 500 ETF": {
        "amc_name": "HDFC Asset Management Company Limited",
        "benchmark_index": "NIFTY 50 (Total Returns Index) ",
        "fund_manager": [
            {
                "managing_fund_since": "February 15, 2023",
                "name": "Nirman Morakhia",
                "qualification": "",
                "total_exp": "17 Years"
            },
            {
                "managing_fund_since": "February 15, 2023",
                "name": "Arun Agarwal",
                "qualification": "",
                "total_exp": "26 Years"
            },
            {
                "managing_fund_since": "February 15, 2023",
                "name": "Abhishek Mor",
                "qualification": "",
                "total_exp": "7 Years"
            }
        ],
        "load": {
            "entry_load": null,
            "exit_load": "Not Applicable For Product label and Riskometers, refer page no: 65-72 40 | February 2025 "
        },
        "main_scheme_name": "HDFC BSE 500 ETF",
        "metrics": {
            "alpha": null,
            "arithmetic_mean_ratio": null,
            "average_div_yld": null,
            "average_pb": null,
            "average_pe": null,
            "avg_maturity": null,
            "beta": null,
            "correlation_ratio": null,
            "downside_deviation": null,
            "information_ratio": null,
            "macaulay": null,
            "mod_duration": null,
            "port_turnover_ratio": "43.20",
            "r_squared_ratio": null,
            "roe_ratio": null,
            "sharpe": null,
            "sortino_ratio": null,
            "std_dev": null,
            "tracking_error": "0.07",
            "treynor_ratio": null,
            "upside_deviation": null,
            "ytm": null
        },
        "min_addl_amt": null,
        "min_addl_amt_multiple": null,
        "min_amt": null,
        "min_amt_multiple": null,
        "monthly_aaum_date": "31-03-2025",
        "monthly_aaum_value": "\u20b9 15.36",
        "mutual_fund_name": "HDFC Mutual Fund",
        "page_number": [
            39
        ],
        "scheme_launch_date": "February 15, 2023 "
    },
    "HDFC NIFTY 1D RATE LIQUID ETF": {
        "amc_name": "HDFC Asset Management Company Limited",
        "benchmark_index": "CRISIL 10 Year Gilt Index ",
        "fund_manager": [
            {
                "managing_fund_since": "August 31, 2024",
                "name": "Swapnil Jangam",
                "qualification": "",
                "total_exp": "14 Years"
            }
        ],
        "load": {
            "entry_load": null,
            "exit_load": "Not Applicable For Product label and Riskometers, refer page no: 65-72 41 | February 2025 "
        },
        "main_scheme_name": "HDFC NIFTY 1D RATE LIQUID ETF",
        "metrics": {
            "alpha": null,
            "arithmetic_mean_ratio": null,
            "average_div_yld": null,
            "average_pb": null,
            "average_pe": null,
            "avg_maturity": "3 Days",
            "beta": null,
            "correlation_ratio": null,
            "downside_deviation": null,
            "information_ratio": null,
            "macaulay": "3 Days",
            "mod_duration": "3 Days",
            "port_turnover_ratio": null,
            "r_squared_ratio": null,
            "roe_ratio": null,
            "sharpe": null,
            "sortino_ratio": null,
            "std_dev": null,
            "tracking_error": "0.03",
            "treynor_ratio": null,
            "upside_deviation": null,
            "ytm": null
        },
        "min_addl_amt": null,
        "min_addl_amt_multiple": null,
        "min_amt": null,
        "min_amt_multiple": null,
        "monthly_aaum_date": "31-03-2025",
        "monthly_aaum_value": "\u20b9 34.74",
        "mutual_fund_name": "HDFC Mutual Fund",
        "page_number": [
            40
        ],
        "scheme_launch_date": "August 24, 2023 "
    },
    "HDFC NIFTY100 Quality 30 ETF": {
        "amc_name": "HDFC Asset Management Company Limited",
        "benchmark_index": "NIFTY 50 (Total Returns Index) ",
        "fund_manager": [
            {
                "managing_fund_since": "September 23, 2022",
                "name": "Arun Agarwal",
                "qualification": "",
                "total_exp": "26 Years"
            },
            {
                "managing_fund_since": "February 15, 2023",
                "name": "Abhishek Mor",
                "qualification": "",
                "total_exp": "7 Years"
            }
        ],
        "load": {
            "entry_load": null,
            "exit_load": "Not Applicable For Product label and Riskometers, refer page no: 65-72 42 | February 2025 "
        },
        "main_scheme_name": "HDFC NIFTY100 Quality 30 ETF",
        "metrics": {
            "alpha": null,
            "arithmetic_mean_ratio": null,
            "average_div_yld": null,
            "average_pb": null,
            "average_pe": null,
            "avg_maturity": null,
            "beta": null,
            "correlation_ratio": null,
            "downside_deviation": null,
            "information_ratio": null,
            "macaulay": null,
            "mod_duration": null,
            "port_turnover_ratio": "32.97",
            "r_squared_ratio": null,
            "roe_ratio": null,
            "sharpe": null,
            "sortino_ratio": null,
            "std_dev": null,
            "tracking_error": "0.09",
            "treynor_ratio": null,
            "upside_deviation": null,
            "ytm": null
        },
        "min_addl_amt": null,
        "min_addl_amt_multiple": null,
        "min_amt": null,
        "min_amt_multiple": null,
        "monthly_aaum_date": "31-03-2025",
        "monthly_aaum_value": "\u20b9 16.56",
        "mutual_fund_name": "HDFC Mutual Fund",
        "page_number": [
            41
        ],
        "scheme_launch_date": "September 23, 2022 "
    },
    "HDFC NIFTY50 VALUE 20 ETF": {
        "amc_name": "HDFC Asset Management Company Limited",
        "benchmark_index": "NIFTY 50 (Total Returns Index) ",
        "fund_manager": [
            {
                "managing_fund_since": "September 23, 2022",
                "name": "Arun Agarwal",
                "qualification": "",
                "total_exp": "26 Years"
            },
            {
                "managing_fund_since": "February 15, 2023",
                "name": "Abhishek Mor",
                "qualification": "",
                "total_exp": "7 Years"
            }
        ],
        "load": {
            "entry_load": null,
            "exit_load": "Not Applicable For Product label and Riskometers, refer page no: 65-72 43 | February 2025 "
        },
        "main_scheme_name": "HDFC NIFTY50 VALUE 20 ETF",
        "metrics": {
            "alpha": null,
            "arithmetic_mean_ratio": null,
            "average_div_yld": null,
            "average_pb": null,
            "average_pe": null,
            "avg_maturity": null,
            "beta": null,
            "correlation_ratio": null,
            "downside_deviation": null,
            "information_ratio": null,
            "macaulay": null,
            "mod_duration": null,
            "port_turnover_ratio": "24.26",
            "r_squared_ratio": null,
            "roe_ratio": null,
            "sharpe": null,
            "sortino_ratio": null,
            "std_dev": null,
            "tracking_error": "0.05",
            "treynor_ratio": null,
            "upside_deviation": null,
            "ytm": null
        },
        "min_addl_amt": null,
        "min_addl_amt_multiple": null,
        "min_amt": null,
        "min_amt_multiple": null,
        "monthly_aaum_date": "31-03-2025",
        "monthly_aaum_value": "\u20b9 36.03",
        "mutual_fund_name": "HDFC Mutual Fund",
        "page_number": [
            42
        ],
        "scheme_launch_date": "September 23, 2022 "
    },
    "HDFC NIFTY Growth Sectors 15 ETF": {
        "amc_name": "HDFC Asset Management Company Limited",
        "benchmark_index": "NIFTY 50 (Total Returns Index) ",
        "fund_manager": [
            {
                "managing_fund_since": "September 23, 2022",
                "name": "Arun Agarwal",
                "qualification": "",
                "total_exp": "26 Years"
            },
            {
                "managing_fund_since": "February 15, 2023",
                "name": "Abhishek Mor",
                "qualification": "",
                "total_exp": "7 Years"
            }
        ],
        "load": {
            "entry_load": null,
            "exit_load": "Not Applicable For Product label and Riskometers, refer page no: 65-72 44 | February 2025 "
        },
        "main_scheme_name": "HDFC NIFTY Growth Sectors 15 ETF",
        "metrics": {
            "alpha": null,
            "arithmetic_mean_ratio": null,
            "average_div_yld": null,
            "average_pb": null,
            "average_pe": null,
            "avg_maturity": null,
            "beta": null,
            "correlation_ratio": null,
            "downside_deviation": null,
            "information_ratio": null,
            "macaulay": null,
            "mod_duration": null,
            "port_turnover_ratio": "49.90",
            "r_squared_ratio": null,
            "roe_ratio": null,
            "sharpe": null,
            "sortino_ratio": null,
            "std_dev": null,
            "tracking_error": "0.06",
            "treynor_ratio": null,
            "upside_deviation": null,
            "ytm": null
        },
        "min_addl_amt": null,
        "min_addl_amt_multiple": null,
        "min_amt": null,
        "min_amt_multiple": null,
        "monthly_aaum_date": "31-03-2025",
        "monthly_aaum_value": "\u20b9 13.22",
        "mutual_fund_name": "HDFC Mutual Fund",
        "page_number": [
            43
        ],
        "scheme_launch_date": "September 23, 2022 "
    },
    "HDFC NIFTY100 Low Volatility 30 ETF": {
        "amc_name": "HDFC Asset Management Company Limited",
        "benchmark_index": "NIFTY 50 (Total Returns Index) ",
        "fund_manager": [
            {
                "managing_fund_since": "October 11, 2022",
                "name": "Arun Agarwal",
                "qualification": "",
                "total_exp": "26 Years"
            },
            {
                "managing_fund_since": "February 15, 2023",
                "name": "Abhishek Mor",
                "qualification": "",
                "total_exp": "7 Years"
            }
        ],
        "load": {
            "entry_load": null,
            "exit_load": "Not Applicable For Product label and Riskometers, refer page no: 65-72 45 | February 2025 "
        },
        "main_scheme_name": "HDFC NIFTY100 Low Volatility 30 ETF",
        "metrics": {
            "alpha": null,
            "arithmetic_mean_ratio": null,
            "average_div_yld": null,
            "average_pb": null,
            "average_pe": null,
            "avg_maturity": null,
            "beta": null,
            "correlation_ratio": null,
            "downside_deviation": null,
            "information_ratio": null,
            "macaulay": null,
            "mod_duration": null,
            "port_turnover_ratio": "43.86",
            "r_squared_ratio": null,
            "roe_ratio": null,
            "sharpe": null,
            "sortino_ratio": null,
            "std_dev": null,
            "tracking_error": "0.05",
            "treynor_ratio": null,
            "upside_deviation": null,
            "ytm": null
        },
        "min_addl_amt": null,
        "min_addl_amt_multiple": null,
        "min_amt": null,
        "min_amt_multiple": null,
        "monthly_aaum_date": "31-03-2025",
        "monthly_aaum_value": "\u20b9 15.28",
        "mutual_fund_name": "HDFC Mutual Fund",
        "page_number": [
            44
        ],
        "scheme_launch_date": "October 11, 2022 "
    },
    "HDFC NIFTY200 Momentum 30 ETF": {
        "amc_name": "HDFC Asset Management Company Limited",
        "benchmark_index": "NIFTY 50 (Total Returns Index) ",
        "fund_manager": [
            {
                "managing_fund_since": "October 11, 2022",
                "name": "Arun Agarwal",
                "qualification": "",
                "total_exp": "26 Years"
            },
            {
                "managing_fund_since": "February 15, 2023",
                "name": "Abhishek Mor",
                "qualification": "",
                "total_exp": "7 Years"
            }
        ],
        "load": {
            "entry_load": null,
            "exit_load": "Not Applicable For Product label and Riskometers, refer page no: 65-72 46 | February 2025 "
        },
        "main_scheme_name": "HDFC NIFTY200 Momentum 30 ETF",
        "metrics": {
            "alpha": null,
            "arithmetic_mean_ratio": null,
            "average_div_yld": null,
            "average_pb": null,
            "average_pe": null,
            "avg_maturity": null,
            "beta": null,
            "correlation_ratio": null,
            "downside_deviation": null,
            "information_ratio": null,
            "macaulay": null,
            "mod_duration": null,
            "port_turnover_ratio": "169.62",
            "r_squared_ratio": null,
            "roe_ratio": null,
            "sharpe": null,
            "sortino_ratio": null,
            "std_dev": null,
            "tracking_error": "0.18",
            "treynor_ratio": null,
            "upside_deviation": null,
            "ytm": null
        },
        "min_addl_amt": null,
        "min_addl_amt_multiple": null,
        "min_amt": null,
        "min_amt_multiple": null,
        "monthly_aaum_date": "31-03-2025",
        "monthly_aaum_value": "\u20b9 78.73",
        "mutual_fund_name": "HDFC Mutual Fund",
        "page_number": [
            45
        ],
        "scheme_launch_date": "October 11, 2022 "
    },
    "HDFC Gold ETF": {
        "amc_name": "HDFC Asset Management Company Limited",
        "benchmark_index": "Domestic Price of Physical Gold ",
        "fund_manager": [
            {
                "managing_fund_since": "February 02, 2022",
                "name": "Bhagyesh Kagalkar",
                "qualification": "",
                "total_exp": "30 Years"
            }
        ],
        "load": {
            "entry_load": null,
            "exit_load": "Not Applicable For Product label and Riskometers, refer page no 65-73 47 | February 2025 "
        },
        "main_scheme_name": "HDFC Gold ETF",
        "metrics": {
            "alpha": null,
            "arithmetic_mean_ratio": null,
            "average_div_yld": null,
            "average_pb": null,
            "average_pe": null,
            "avg_maturity": null,
            "beta": null,
            "correlation_ratio": null,
            "downside_deviation": null,
            "information_ratio": null,
            "macaulay": null,
            "mod_duration": null,
            "port_turnover_ratio": null,
            "r_squared_ratio": null,
            "roe_ratio": null,
            "sharpe": null,
            "sortino_ratio": null,
            "std_dev": null,
            "tracking_error": "0.25",
            "treynor_ratio": null,
            "upside_deviation": null,
            "ytm": null
        },
        "min_addl_amt": null,
        "min_addl_amt_multiple": null,
        "min_amt": null,
        "min_amt_multiple": null,
        "monthly_aaum_date": "31-03-2025",
        "monthly_aaum_value": "\u20b9 8,488.06",
        "mutual_fund_name": "HDFC Mutual Fund",
        "page_number": [
            46
        ],
        "scheme_launch_date": "August 13, 2010 "
    },
    "HDFC Silver ETF": {
        "amc_name": "HDFC Asset Management Company Limited",
        "benchmark_index": "Domestic Prices of physical Silver (derived as per regulatory norms) ",
        "fund_manager": [
            {
                "managing_fund_since": "Kagalkar 02, 2022",
                "name": "Bhagyesh September",
                "qualification": "",
                "total_exp": "30 Years"
            }
        ],
        "load": {
            "entry_load": null,
            "exit_load": "Not Applicable For Product label and Riskometers, refer page no: 65-72 48 | February 2025 "
        },
        "main_scheme_name": "HDFC Silver ETF",
        "metrics": {
            "alpha": null,
            "arithmetic_mean_ratio": null,
            "average_div_yld": null,
            "average_pb": null,
            "average_pe": null,
            "avg_maturity": null,
            "beta": null,
            "correlation_ratio": null,
            "downside_deviation": null,
            "information_ratio": null,
            "macaulay": null,
            "mod_duration": null,
            "port_turnover_ratio": null,
            "r_squared_ratio": null,
            "roe_ratio": null,
            "sharpe": null,
            "sortino_ratio": null,
            "std_dev": null,
            "tracking_error": "0.65",
            "treynor_ratio": null,
            "upside_deviation": null,
            "ytm": null
        },
        "min_addl_amt": null,
        "min_addl_amt_multiple": null,
        "min_amt": null,
        "min_amt_multiple": null,
        "monthly_aaum_date": "31-03-2025",
        "monthly_aaum_value": "\u20b9 518.49",
        "mutual_fund_name": "HDFC Mutual Fund",
        "page_number": [
            47
        ],
        "scheme_launch_date": "September 02, 2022 "
    },
    "HDFC Gold ETF Fund of Fund": {
        "amc_name": "HDFC Asset Management Company Limited",
        "benchmark_index": "Domestic Price of Physical Gold ",
        "fund_manager": [
            {
                "managing_fund_since": "February 15, 2023",
                "name": "Nirman Morakhia",
                "qualification": "",
                "total_exp": "17 Years"
            },
            {
                "managing_fund_since": "February 15, 2023",
                "name": "Arun Agarwal",
                "qualification": "",
                "total_exp": "26 Years"
            }
        ],
        "load": {
            "entry_load": null,
            "exit_load": "In respect of each purchase/switch-in of units \u00b7 an Exit Load of 1  is payable if Units are redeemed/ switched-out within 15 days from the date of allotment. \u00b7 No Exit Load is payable if Units are redeemed/ switched-out on or after 15 days from the date of allotment For Product label and Riskometers, refer page no: 65-72 49 | February 2025 "
        },
        "main_scheme_name": "HDFC Gold ETF Fund of Fund",
        "metrics": {
            "alpha": null,
            "arithmetic_mean_ratio": null,
            "average_div_yld": null,
            "average_pb": null,
            "average_pe": null,
            "avg_maturity": null,
            "beta": null,
            "correlation_ratio": null,
            "downside_deviation": null,
            "information_ratio": null,
            "macaulay": null,
            "mod_duration": null,
            "port_turnover_ratio": null,
            "r_squared_ratio": null,
            "roe_ratio": null,
            "sharpe": null,
            "sortino_ratio": null,
            "std_dev": null,
            "tracking_error": null,
            "treynor_ratio": null,
            "upside_deviation": null,
            "ytm": null
        },
        "min_addl_amt": null,
        "min_addl_amt_multiple": null,
        "min_amt": null,
        "min_amt_multiple": null,
        "monthly_aaum_date": "31-03-2025",
        "monthly_aaum_value": "\u20b9 3,258.13",
        "mutual_fund_name": "HDFC Mutual Fund",
        "page_number": [
            48
        ],
        "scheme_launch_date": "November 01, 2011 "
    },
    "HDFC Silver ETF Fund of Fund": {
        "amc_name": "HDFC Asset Management Company Limited",
        "benchmark_index": "Domestic Prices of physical Silver (derived as per regulatory norms) ",
        "fund_manager": [
            {
                "managing_fund_since": "February 15, 2023",
                "name": "Nirman Morakhia",
                "qualification": "",
                "total_exp": "17 Years"
            },
            {
                "managing_fund_since": "February 15, 2023",
                "name": "Arun Agarwal",
                "qualification": "",
                "total_exp": "26 Years"
            }
        ],
        "load": {
            "entry_load": null,
            "exit_load": "In respect of each purchase/switch-in of units \u00b7 an Exit Load of 1  is payable if Units are redeemed/ switched-out within 15 days from the date of allotment. \u00b7 No Exit Load is payable if Units are redeemed/ switched-out on or after 15 days from the date of allotment$ Port olio lassi ication y  sset lass ( ) Mutual Fund Units 1  .1 Cash, Cash E uivalents and Net Current  ssets .1 For Product label and Riskometers, refer page no: 65-72 50 | February 2025 "
        },
        "main_scheme_name": "HDFC Silver ETF Fund of Fund",
        "metrics": {
            "alpha": null,
            "arithmetic_mean_ratio": null,
            "average_div_yld": null,
            "average_pb": null,
            "average_pe": null,
            "avg_maturity": null,
            "beta": null,
            "correlation_ratio": null,
            "downside_deviation": null,
            "information_ratio": null,
            "macaulay": null,
            "mod_duration": null,
            "port_turnover_ratio": null,
            "r_squared_ratio": null,
            "roe_ratio": null,
            "sharpe": null,
            "sortino_ratio": null,
            "std_dev": null,
            "tracking_error": null,
            "treynor_ratio": null,
            "upside_deviation": null,
            "ytm": null
        },
        "min_addl_amt": null,
        "min_addl_amt_multiple": null,
        "min_amt": null,
        "min_amt_multiple": null,
        "monthly_aaum_date": "31-03-2025",
        "monthly_aaum_value": "\u20b9 222.31",
        "mutual_fund_name": "HDFC Mutual Fund",
        "page_number": [
            49
        ],
        "scheme_launch_date": "October 28, 2022 "
    },
    "HDFC Developed World Indexes Fund of Funds": {
        "amc_name": "HDFC Asset Management Company Limited",
        "benchmark_index": "NIFTY 50 (Total Returns Index) ",
        "fund_manager": [
            {
                "managing_fund_since": "February 15, 2023",
                "name": "Nirman Morakhia",
                "qualification": "",
                "total_exp": "17 Years"
            },
            {
                "managing_fund_since": "February 01, 2022",
                "name": "Arun Agarwal",
                "qualification": "",
                "total_exp": "26 Years"
            }
        ],
        "load": {
            "entry_load": null,
            "exit_load": "\u00b7 1.    is payable if Units are redeemed/switched-out within 30 days from the date of allotment of units. \u00b7 No Exit Load is payable if Units are redeemed/ switched-out after 30 days from the date of allotment. Port olio lassi ication y  sset lass ( ) Mutual Fund Units 1  . 1 Cash, Cash E uivalents and Net Current  ssets . 1 For Product label and Riskometers, refer page no: 65-72 51 | February 2025 "
        },
        "main_scheme_name": "HDFC Developed World Indexes Fund of Funds",
        "metrics": {
            "alpha": null,
            "arithmetic_mean_ratio": null,
            "average_div_yld": null,
            "average_pb": null,
            "average_pe": null,
            "avg_maturity": null,
            "beta": null,
            "correlation_ratio": null,
            "downside_deviation": null,
            "information_ratio": null,
            "macaulay": null,
            "mod_duration": null,
            "port_turnover_ratio": null,
            "r_squared_ratio": null,
            "roe_ratio": null,
            "sharpe": null,
            "sortino_ratio": null,
            "std_dev": null,
            "tracking_error": null,
            "treynor_ratio": null,
            "upside_deviation": null,
            "ytm": null
        },
        "min_addl_amt": null,
        "min_addl_amt_multiple": null,
        "min_amt": null,
        "min_amt_multiple": null,
        "monthly_aaum_date": "31-03-2025",
        "monthly_aaum_value": "\u20b9 1,328.80",
        "mutual_fund_name": "HDFC Mutual Fund",
        "page_number": [
            50
        ],
        "scheme_launch_date": "October 06, 2021 "
    }
}