amc_name,main_scheme_name,mutual_fund_name,benchmark_index,monthly_aaum_date,monthly_aaum_value,scheme_launch_date,min_addl_amt,min_addl_amt_multiple,min_amt,min_amt_multiple,Riskometer_benchmark,Riskometer,page_number,entry,exit,alpha,arithmetic_mean_ratio,average_div_yield,average_pb,average_pe,avg_maturity,beta,correlation_ratio,downside_deviation,information_ratio,macaulay,mod_duration,port_turnover_ratio,r_squared_ratio,roe_ratio,sharpe,sortino_ratio,std_dev,tracking_error,treynor_ratio,upside_deviation,ytm,name_1,managing_fund_since_1,total_exp_1,qualification_1,name_2,managing_fund_since_2,total_exp_2,qualification_2,name_3,managing_fund_since_3,total_exp_3,qualification_3,name_4,managing_fund_since_4,total_exp_4,qualification_4,name_5,managing_fund_since_5,total_exp_5,qualification_5,name_6,managing_fund_since_6,total_exp_6,qualification_6,name_7,managing_fund_since_7,total_exp_7,qualification_7,name_8,managing_fund_since_8,total_exp_8,qualification_8,field_location
Quant Money Managers Limited,quant Small Cap Fund,Quant Mutual Fund,['NIFTY SMALLCAP 250'],20260831,"35,039.58 Cr",19961029,,,500,0,,,29,,"if any: For redemptions switch outs (including SIP STP) within 1 year from the date of allotment of units, irrespective of the amount of investment: 1%. No exit load shall be applicable on switches from Regular Plan to Direct Plan and vice versa, under the same scheme.",,,,,,,0.88,,,0.05,,,38,,,0.61,,,,,,,Sandeep Tandon,03 February 2025,33 Years,,Sameer Kate,06 March 2025,31 Years,,Sanjeev Sharma,03 October 2019,20 Years,,Ankit Pande,10 May 2020,16 Years,,Yug Tibrewal,06 March 2025,8 Years,,Varun Pattani,03 February 2025,5 Years,,Ayusha Kumbhat,19 February 2025,3 Years,,,,,,"{""amc_name"": ""29"", ""benchmark_index"": ""29"", ""count"": 29, ""fund_manager_managing_fund_since"": ""29"", ""fund_manager_name"": ""29"", ""fund_manager_qualification"": ""29"", ""fund_manager_total_exp"": ""29"", ""load_exit"": ""29"", ""main_scheme_name"": ""29"", ""metrics_beta"": ""29"", ""metrics_information_ratio"": ""29"", ""metrics_port_turnover_ratio"": ""29"", ""metrics_sharpe"": ""29"", ""min_addl_amt"": ""29"", ""min_addl_amt_multiple"": ""29"", ""min_amt"": ""29"", ""min_amt_multiple"": ""29"", ""monthly_aaum_date"": ""29"", ""monthly_aaum_value"": ""29"", ""mutual_fund_name"": ""29"", ""riskometer"": ""29"", ""riskometer_benchmark"": ""29"", ""scheme_launch_date"": ""29""}"
Quant Money Managers Limited,quant ELSS Tax Saver Fund,Quant Mutual Fund,['NIFTY 500'],20260831,"13,519.64 Cr",20000413,,,50,0,,,33,,"if any: NIL. However, the scheme has lock-in period of 3 years.",,,,,,,1.10,,,0.50,,,95,,,0.57,,,,,,,Sandeep Tandon,03 February 2025,33 Years,,Sameer Kate,06 March 2025,31 Years,,Sanjeev Sharma,02 June 2022,20 Years,,Ankit Pande,10 May 2020,16 Years,,Yug Tibrewal,06 March 2025,8 Years,,Varun Pattani,03 February 2025,5 Years,,Ayusha Kumbhat,19 February 2025,3 Years,,,,,,"{""amc_name"": ""33"", ""benchmark_index"": ""33"", ""count"": 29, ""fund_manager_managing_fund_since"": ""33"", ""fund_manager_name"": ""33"", ""fund_manager_qualification"": ""33"", ""fund_manager_total_exp"": ""33"", ""load_exit"": ""33"", ""main_scheme_name"": ""33"", ""metrics_beta"": ""33"", ""metrics_information_ratio"": ""33"", ""metrics_port_turnover_ratio"": ""33"", ""metrics_sharpe"": ""33"", ""min_addl_amt"": ""33"", ""min_addl_amt_multiple"": ""33"", ""min_amt"": ""33"", ""min_amt_multiple"": ""33"", ""monthly_aaum_date"": ""33"", ""monthly_aaum_value"": ""33"", ""mutual_fund_name"": ""33"", ""riskometer"": ""33"", ""riskometer_benchmark"": ""33"", ""scheme_launch_date"": ""33""}"
Quant Money Managers Limited,quant Mid Cap Fund,Quant Mutual Fund,['NIFTY MIDCAP 150'],20260831,"8,099.01 Cr",20010320,,,500,0,,,37,,"if any: For redemptions switch outs (including SIP STP) within 3 months from the date of allotment of units, irrespective of the amount of investment: 0.5%. No exit load shall be applicable on switches from Regular Plan to Direct Plan and vice versa, under the same scheme.",,,,,,,0.91,,,-0.67,,,78,,,0.41,,,,,,,Sandeep Tandon,03 February 2025,33 Years,,Sameer Kate,06 March 2025,31 Years,,Sanjeev Sharma,03 October 2019,20 Years,,Ankit Pande,10 May 2023,16 Years,,Yug Tibrewal,06 March 2025,8 Years,,Varun Pattani,03 February 2025,5 Years,,Ayusha Kumbhat,19 February 2025,3 Years,,,,,,"{""amc_name"": ""37"", ""benchmark_index"": ""37"", ""count"": 29, ""fund_manager_managing_fund_since"": ""37"", ""fund_manager_name"": ""37"", ""fund_manager_qualification"": ""37"", ""fund_manager_total_exp"": ""37"", ""load_exit"": ""37"", ""main_scheme_name"": ""37"", ""metrics_beta"": ""37"", ""metrics_information_ratio"": ""37"", ""metrics_port_turnover_ratio"": ""37"", ""metrics_sharpe"": ""37"", ""min_addl_amt"": ""37"", ""min_addl_amt_multiple"": ""37"", ""min_amt"": ""37"", ""min_amt_multiple"": ""37"", ""monthly_aaum_date"": ""37"", ""monthly_aaum_value"": ""37"", ""mutual_fund_name"": ""37"", ""riskometer"": ""37"", ""riskometer_benchmark"": ""37"", ""scheme_launch_date"": ""37""}"
Quant Money Managers Limited,quant Multi Cap Fund,Quant Mutual Fund,['NIFTY 500 MULTICAP 50:25:25'],20260831,"7,754.94 Cr",20010417,,,500,0,,,41,,"if any: For redemptions switch outs (including SIP STP) within 15 days from the date of allotment of units, irrespective of the amount of investment: 1%. No exit load shall be applicable on switches from Regular Plan to Direct Plan and vice versa, under the same scheme.",,,,,,,1.04,,,-0.54,,,41,,,0.27,,,,,,,Sandeep Tandon,03 February 2025,33 Years,,Jignesh Shah,20 February 2026,33 Years,,Sameer Kate,06 March 2025,31 Years,,Sanjeev Sharma,03 October 2019,20 Years,,Ankit Pande,10 May 2020,16 Years,,Yug Tibrewal,06 March 2025,8 Years,,Varun Pattani,19 February 2025,5 Years,,Ayusha Kumbhat,19 February 2025,3 Years,,"{""amc_name"": ""41"", ""benchmark_index"": ""41"", ""count"": 29, ""fund_manager_managing_fund_since"": ""41"", ""fund_manager_name"": ""41"", ""fund_manager_qualification"": ""41"", ""fund_manager_total_exp"": ""41"", ""load_exit"": ""41"", ""main_scheme_name"": ""41"", ""metrics_beta"": ""41"", ""metrics_information_ratio"": ""41"", ""metrics_port_turnover_ratio"": ""41"", ""metrics_sharpe"": ""41"", ""min_addl_amt"": ""41"", ""min_addl_amt_multiple"": ""41"", ""min_amt"": ""41"", ""min_amt_multiple"": ""41"", ""monthly_aaum_date"": ""41"", ""monthly_aaum_value"": ""41"", ""mutual_fund_name"": ""41"", ""riskometer"": ""41"", ""riskometer_benchmark"": ""41"", ""scheme_launch_date"": ""41""}"
Quant Money Managers Limited,quant Flexi Cap Fund,Quant Mutual Fund,['NIFTY 500'],20260831,"7,420.51 Cr",20081017,,,500,0,,,45,,"if any: For redemptions switch outs (including SIP STP) within 15 days from the date of allotment of units, irrespective of the amount of investment: 1%. No exit load shall be applicable on switches from Regular Plan to Direct Plan and vice versa, under the same scheme.",,,,,,,1.15,,,0.54,,,56,,,0.56,,,,,,,Sandeep Tandon,07 January 2022,33 Years,,Jignesh Shah,20 February 2026,33 Years,,Sameer Kate,06 March 2025,31 Years,,Sanjeev Sharma,03 October 2019,20 Years,,Ankit Pande,10 May 2020,16 Years,,Yug Tibrewal,06 March 2025,8 Years,,Varun Pattani,19 February 2025,5 Years,,Ayusha Kumbhat,19 February 2025,3 Years,,"{""amc_name"": ""45"", ""benchmark_index"": ""45"", ""count"": 29, ""fund_manager_managing_fund_since"": ""45"", ""fund_manager_name"": ""45"", ""fund_manager_qualification"": ""45"", ""fund_manager_total_exp"": ""45"", ""load_exit"": ""45"", ""main_scheme_name"": ""45"", ""metrics_beta"": ""45"", ""metrics_information_ratio"": ""45"", ""metrics_port_turnover_ratio"": ""45"", ""metrics_sharpe"": ""45"", ""min_addl_amt"": ""45"", ""min_addl_amt_multiple"": ""45"", ""min_amt"": ""45"", ""min_amt_multiple"": ""45"", ""monthly_aaum_date"": ""45"", ""monthly_aaum_value"": ""45"", ""mutual_fund_name"": ""45"", ""riskometer"": ""45"", ""riskometer_benchmark"": ""45"", ""scheme_launch_date"": ""45""}"
Quant Money Managers Limited,quant Large Cap Fund,Quant Mutual Fund,['NIFTY 100'],20260831,"3,669.95 Cr",20220811,,,500,0,,,49,,"if any: For redemptions switch outs (including SIP STP) within 15 days from the date of allotment of units, irrespective of the amount of investment: 1%. No exit load shall be applicable on switches from Regular Plan to Direct Plan and vice versa, under the same scheme.",,,,,,,1.13,,,0.51,,,200,,,0.47,,,,,,,Sandeep Tandon,10 August 2022,33 Years,,Jignesh Shah,20 February 2026,33 Years,,Sameer Kate,06 March 2025,31 Years,,Sanjeev Sharma,10 August 2022,20 Years,,Ankit Pande,10 August 2022,16 Years,,Yug Tibrewal,06 March 2025,8 Years,,Varun Pattani,19 February 2025,5 Years,,Ayusha Kumbhat,19 February 2025,3 Years,,"{""amc_name"": ""49"", ""benchmark_index"": ""49"", ""count"": 29, ""fund_manager_managing_fund_since"": ""49"", ""fund_manager_name"": ""49"", ""fund_manager_qualification"": ""49"", ""fund_manager_total_exp"": ""49"", ""load_exit"": ""49"", ""main_scheme_name"": ""49"", ""metrics_beta"": ""49"", ""metrics_information_ratio"": ""49"", ""metrics_port_turnover_ratio"": ""49"", ""metrics_sharpe"": ""49"", ""min_addl_amt"": ""49"", ""min_addl_amt_multiple"": ""49"", ""min_amt"": ""49"", ""min_amt_multiple"": ""49"", ""monthly_aaum_date"": ""49"", ""monthly_aaum_value"": ""49"", ""mutual_fund_name"": ""49"", ""riskometer"": ""49"", ""riskometer_benchmark"": ""49"", ""scheme_launch_date"": ""49""}"
Quant Money Managers Limited,quant Large & Mid Cap Fund,Quant Mutual Fund,['NIFTY LARGE MIDCAP 250'],20260831,"3,525.44 Cr",20070108,,,500,0,,,53,,"if any: For redemptions switch outs (including SIP STP) within 15 days from the date of allotment of units, irrespective of the amount of investment: 1%. No exit load shall be applicable on switches from Regular Plan to Direct Plan and vice versa, under the same scheme.",,,,,,,1.13,,,0.25,,,59,,,0.53,,,,,,,Sandeep Tandon,03 February 2025,33 Years,,Sameer Kate,06 March 2025,31 Years,,Sanjeev Sharma,03 October 2019,20 Years,,Ankit Pande,10 May 2020,16 Years,,Yug Tibrewal,06 March 2025,8 Years,,Varun Pattani,03 February 2025,5 Years,,Ayusha Kumbhat,19 February 2025,3 Years,,,,,,"{""amc_name"": ""53"", ""benchmark_index"": ""53"", ""count"": 29, ""fund_manager_managing_fund_since"": ""53"", ""fund_manager_name"": ""53"", ""fund_manager_qualification"": ""53"", ""fund_manager_total_exp"": ""53"", ""load_exit"": ""53"", ""main_scheme_name"": ""53"", ""metrics_beta"": ""53"", ""metrics_information_ratio"": ""53"", ""metrics_port_turnover_ratio"": ""53"", ""metrics_sharpe"": ""53"", ""min_addl_amt"": ""53"", ""min_addl_amt_multiple"": ""53"", ""min_amt"": ""53"", ""min_amt_multiple"": ""53"", ""monthly_aaum_date"": ""53"", ""monthly_aaum_value"": ""53"", ""mutual_fund_name"": ""53"", ""riskometer"": ""53"", ""riskometer_benchmark"": ""53"", ""scheme_launch_date"": ""53""}"
Quant Money Managers Limited,quant Infrastructure Fund,Quant Mutual Fund,['NIFTY INFRASTRUCTURE'],20260831,"3,186.52 Cr",20070920,,,500,0,,,57,,"if any: For redemptions switch outs (including SIP STP) within 3 months from the date of allotment of units, irrespective of the amount of investment: 0.5%. No exit load shall be applicable on switches from Regular Plan to Direct Plan and vice versa, under the same scheme.",,,,,,,1.22,,,0.26,,,41,,,0.52,,,,,,,Sandeep Tandon,03 February 2025,33 Years,,Jignesh Shah,20 February 2026,33 Years,,Sameer Kate,06 March 2025,31 Years,,Sanjeev Sharma,02 June 2022,20 Years,,Ankit Pande,10 May 2020,16 Years,,Yug Tibrewal,06 March 2025,8 Years,,Varun Pattani,19 February 2025,5 Years,,Ayusha Kumbhat,19 February 2025,3 Years,,"{""amc_name"": ""57"", ""benchmark_index"": ""57"", ""count"": 29, ""fund_manager_managing_fund_since"": ""57"", ""fund_manager_name"": ""57"", ""fund_manager_qualification"": ""57"", ""fund_manager_total_exp"": ""57"", ""load_exit"": ""57"", ""main_scheme_name"": ""57"", ""metrics_beta"": ""57"", ""metrics_information_ratio"": ""57"", ""metrics_port_turnover_ratio"": ""57"", ""metrics_sharpe"": ""57"", ""min_addl_amt"": ""57"", ""min_addl_amt_multiple"": ""57"", ""min_amt"": ""57"", ""min_amt_multiple"": ""57"", ""monthly_aaum_date"": ""57"", ""monthly_aaum_value"": ""57"", ""mutual_fund_name"": ""57"", ""riskometer"": ""57"", ""riskometer_benchmark"": ""57"", ""scheme_launch_date"": ""57""}"
Quant Money Managers Limited,quant Aggressive Hybrid Fund,Quant Mutual Fund,['NIFTY 50 Hybrid Composite Debt 65:35 Index'],20260831,"2,179.57 Cr",20010404,,,500,0,,,61,,"if any: For redemptions switch outs (including SIP STP) within 15 days from the date of allotment of units, irrespective of the amount of investment: 1%. No exit load shall be applicable on switches from Regular Plan to Direct Plan and vice versa, under the same scheme.",,,,,,4.69,1.35,,,,2.78,2.67,149,,,0.53,,,,,,6.33,Sandeep Tandon,03 February 2025,33 Years,,Jignesh Shah,20 February 2026,33 Years,,Sameer Kate,06 March 2025,31 Years,,Sanjeev Sharma,03 October 2019,20 Years,,Ankit Pande,10 May 2020,16 Years,,Yug Tibrewal,06 March 2025,8 Years,,Varun Pattani,19 February 2025,5 Years,,Ayusha Kumbhat,19 February 2025,3 Years,,"{""amc_name"": ""61"", ""benchmark_index"": ""61"", ""count"": 29, ""fund_manager_managing_fund_since"": ""61"", ""fund_manager_name"": ""61"", ""fund_manager_qualification"": ""61"", ""fund_manager_total_exp"": ""61"", ""load_exit"": ""61"", ""main_scheme_name"": ""61"", ""metrics_avg_maturity"": ""61"", ""metrics_beta"": ""61"", ""metrics_macaulay"": ""61"", ""metrics_mod_duration"": ""61"", ""metrics_port_turnover_ratio"": ""61"", ""metrics_sharpe"": ""61"", ""metrics_ytm"": ""61"", ""min_addl_amt"": ""61"", ""min_addl_amt_multiple"": ""61"", ""min_amt"": ""61"", ""min_amt_multiple"": ""61"", ""monthly_aaum_date"": ""61"", ""monthly_aaum_value"": ""61"", ""mutual_fund_name"": ""61"", ""riskometer"": ""61"", ""riskometer_benchmark"": ""61"", ""scheme_launch_date"": ""61""}"
Quant Money Managers Limited,quant Value Fund,Quant Mutual Fund,['NIFTY 500'],20260831,"1,968.05 Cr",20211130,,,500,0,,,65,,"if any: For redemptions switch outs (including SIP STP) within 15 days from the date of allotment of units, irrespective of the amount of investment: 1%. No exit load shall be applicable on switches from Regular Plan to Direct Plan and vice versa, under the same scheme.",,,,,,,1.21,,,0.90,,,54,,,0.72,,,,,,,Sandeep Tandon,30 November 2021,33 Years,,Sameer Kate,06 March 2025,31 Years,,Sanjeev Sharma,30 November 2021,20 Years,,Ankit Pande,30 November 2021,16 Years,,Yug Tibrewal,06 March 2025,8 Years,,Varun Pattani,19 February 2025,5 Years,,Ayusha Kumbhat,03 February 2025,3 Years,,,,,,"{""amc_name"": ""65"", ""benchmark_index"": ""65"", ""count"": 29, ""fund_manager_managing_fund_since"": ""65"", ""fund_manager_name"": ""65"", ""fund_manager_qualification"": ""65"", ""fund_manager_total_exp"": ""65"", ""load_exit"": ""65"", ""main_scheme_name"": ""65"", ""metrics_beta"": ""65"", ""metrics_information_ratio"": ""65"", ""metrics_port_turnover_ratio"": ""65"", ""metrics_sharpe"": ""65"", ""min_addl_amt"": ""65"", ""min_addl_amt_multiple"": ""65"", ""min_amt"": ""65"", ""min_amt_multiple"": ""65"", ""monthly_aaum_date"": ""65"", ""monthly_aaum_value"": ""65"", ""mutual_fund_name"": ""65"", ""riskometer"": ""65"", ""riskometer_benchmark"": ""65"", ""scheme_launch_date"": ""65""}"
Quant Money Managers Limited,quant Quantamental Fund,Quant Mutual Fund,['NIFTY 200'],20260831,"1,645.67 Cr",20210503,,,500,0,,,69,,"if any: For redemptions switch outs (including SIP STP) within 15 days from the date of allotment of units, irrespective of the amount of investment: 1%. No exit load shall be applicable on switches from Regular Plan to Direct Plan and vice versa, under the same scheme.",,,,,,,1.10,,,0.54,,,148,,,0.58,,,,,,,Sandeep Tandon,30 April 2021,33 Years,,Sameer Kate,03 February 2025,31 Years,,Sanjeev Sharma,30 April 2021,20 Years,,Ankit Pande,30 April 2021,16 Years,,Yug Tibrewal,06 March 2025,8 Years,,Varun Pattani,19 February 2025,5 Years,,Ayusha Kumbhat,19 February 2025,3 Years,,,,,,"{""amc_name"": ""69"", ""benchmark_index"": ""69"", ""count"": 29, ""fund_manager_managing_fund_since"": ""69"", ""fund_manager_name"": ""69"", ""fund_manager_qualification"": ""69"", ""fund_manager_total_exp"": ""69"", ""load_exit"": ""69"", ""main_scheme_name"": ""69"", ""metrics_beta"": ""69"", ""metrics_information_ratio"": ""69"", ""metrics_port_turnover_ratio"": ""69"", ""metrics_sharpe"": ""69"", ""min_addl_amt"": ""69"", ""min_addl_amt_multiple"": ""69"", ""min_amt"": ""69"", ""min_amt_multiple"": ""69"", ""monthly_aaum_date"": ""69"", ""monthly_aaum_value"": ""69"", ""mutual_fund_name"": ""69"", ""riskometer"": ""69"", ""riskometer_benchmark"": ""69"", ""scheme_launch_date"": ""69""}"
Quant Money Managers Limited,quant Momentum Fund,Quant Mutual Fund,['NIFTY 500'],20260831,"1,357.84 Cr",20231120,,,500,0,,,73,,"if any: For redemptions switch outs (including SIP STP) within 15 days from the date of allotment of units, irrespective of the amount of investment: 1%. No exit load shall be applicable on switches from Regular Plan to Direct Plan and vice versa, under the same scheme.",,,,,,,1.13,,,,,,173,,,0.62,,,,,,,Sandeep Tandon,20 November 2023,33 Years,,Sameer Kate,03 February 2025,31 Years,,Sanjeev Sharma,20 November 2023,20 Years,,Ankit Pande,20 November 2023,16 Years,,Yug Tibrewal,06 March 2025,8 Years,,Varun Pattani,19 February 2025,5 Years,,Ayusha Kumbhat,19 February 2025,3 Years,,,,,,"{""amc_name"": ""73"", ""benchmark_index"": ""73"", ""count"": 29, ""fund_manager_managing_fund_since"": ""73"", ""fund_manager_name"": ""73"", ""fund_manager_qualification"": ""73"", ""fund_manager_total_exp"": ""73"", ""load_exit"": ""73"", ""main_scheme_name"": ""73"", ""metrics_beta"": ""73"", ""metrics_port_turnover_ratio"": ""73"", ""metrics_sharpe"": ""73"", ""min_addl_amt"": ""73"", ""min_addl_amt_multiple"": ""73"", ""min_amt"": ""73"", ""min_amt_multiple"": ""73"", ""monthly_aaum_date"": ""73"", ""monthly_aaum_value"": ""73"", ""mutual_fund_name"": ""73"", ""riskometer"": ""73"", ""riskometer_benchmark"": ""73"", ""scheme_launch_date"": ""73""}"
Quant Money Managers Limited,quant Business Cycle Fund,Quant Mutual Fund,['NIFTY 500'],20260831,988.77 Cr,20230530,,,500,0,,,77,,"if any: For redemptions switch outs (including SIP STP) within 15 days from the date of allotment of units, irrespective of the amount of investment: 1%. No exit load shall be applicable on switches from Regular Plan to Direct Plan and vice versa, under the same scheme.",,,,,,,1.22,,,0.13,,,121,,,0.35,,,,,,,Sandeep Tandon,30 May 2023,33 Years,,Jignesh Shah,20 February 2026,33 Years,,Sameer Kate,06 March 2025,31 Years,,Sanjeev Sharma,30 May 2023,20 Years,,Ankit Pande,30 May 2023,16 Years,,Yug Tibrewal,06 March 2025,8 Years,,Varun Pattani,19 February 2025,5 Years,,Ayusha Kumbhat,19 February 2025,3 Years,,"{""amc_name"": ""77"", ""benchmark_index"": ""77"", ""count"": 29, ""fund_manager_managing_fund_since"": ""77"", ""fund_manager_name"": ""77"", ""fund_manager_qualification"": ""77"", ""fund_manager_total_exp"": ""77"", ""load_exit"": ""77"", ""main_scheme_name"": ""77"", ""metrics_beta"": ""77"", ""metrics_information_ratio"": ""77"", ""metrics_port_turnover_ratio"": ""77"", ""metrics_sharpe"": ""77"", ""min_addl_amt"": ""77"", ""min_addl_amt_multiple"": ""77"", ""min_amt"": ""77"", ""min_amt_multiple"": ""77"", ""monthly_aaum_date"": ""77"", ""monthly_aaum_value"": ""77"", ""mutual_fund_name"": ""77"", ""riskometer"": ""77"", ""riskometer_benchmark"": ""77"", ""scheme_launch_date"": ""77""}"
Quant Money Managers Limited,quant BFSI Fund,Quant Mutual Fund,['Nifty Financial Services'],20260831,902.1 Cr,20230620,,,500,0,,,81,,"if any: For redemptions switch outs (including SIP STP) within 15 days from the date of allotment of units, irrespective of the amount of investment: 1%. No exit load shall be applicable on switches from Regular Plan to Direct Plan and vice versa, under the same scheme.",,,,,,,0.77,,,0.82,,,248,,,0.91,,,,,,,Sandeep Tandon,20 June 2023,33 Years,,Sameer Kate,06 March 2025,31 Years,,Sanjeev Sharma,20 June 2023,20 Years,,Ankit Pande,20 June 2023,16 Years,,Yug Tibrewal,06 March 2025,8 Years,,Varun Pattani,19 February 2025,5 Years,,Ayusha Kumbhat,03 February 2025,3 Years,,,,,,"{""amc_name"": ""81"", ""benchmark_index"": ""81"", ""count"": 29, ""fund_manager_managing_fund_since"": ""81"", ""fund_manager_name"": ""81"", ""fund_manager_qualification"": ""81"", ""fund_manager_total_exp"": ""81"", ""load_exit"": ""81"", ""main_scheme_name"": ""81"", ""metrics_beta"": ""81"", ""metrics_information_ratio"": ""81"", ""metrics_port_turnover_ratio"": ""81"", ""metrics_sharpe"": ""81"", ""min_addl_amt"": ""81"", ""min_addl_amt_multiple"": ""81"", ""min_amt"": ""81"", ""min_amt_multiple"": ""81"", ""monthly_aaum_date"": ""81"", ""monthly_aaum_value"": ""81"", ""mutual_fund_name"": ""81"", ""riskometer"": ""81"", ""riskometer_benchmark"": ""81"", ""scheme_launch_date"": ""81""}"
Quant Money Managers Limited,quant Arbitrage Fund,Quant Mutual Fund,['NIFTY 50 Arbitrage'],20260831,830.45 Cr,20250404,,,500,0,,,85,,"if any: For redemptions switch outs (including SIP STP) within 1 month from the date of allotment of units, irrespective of the amount of investment: 0.25%. No exit load shall be applicable on switches from Regular Plan to Direct Plan and vice versa, under the same scheme.",,,,,,,0.82,,,,,,158,,,3.10,,,,,,,Sameer Kate,04 April 2025,31 Years,,Sanjeev Sharma,04 April 2025,20 Years,,Yug Tibrewal,04 April 2025,8 Years,,,,,,,,,,,,,,,,,,,,,,"{""amc_name"": ""85"", ""benchmark_index"": ""85"", ""count"": 29, ""fund_manager_managing_fund_since"": ""85"", ""fund_manager_name"": ""85"", ""fund_manager_qualification"": ""85"", ""fund_manager_total_exp"": ""85"", ""load_exit"": ""85"", ""main_scheme_name"": ""85"", ""metrics_beta"": ""85"", ""metrics_port_turnover_ratio"": ""85"", ""metrics_sharpe"": ""85"", ""min_addl_amt"": ""85"", ""min_addl_amt_multiple"": ""85"", ""min_amt"": ""85"", ""min_amt_multiple"": ""85"", ""monthly_aaum_date"": ""85"", ""monthly_aaum_value"": ""85"", ""mutual_fund_name"": ""85"", ""riskometer"": ""85"", ""riskometer_benchmark"": ""85"", ""scheme_launch_date"": ""85""}"
Quant Money Managers Limited,quant Dynamic Asset Allocation Fund,Quant Mutual Fund,['NIFTY 50 Hybrid Composite debt 50:50 Index'],20260831,870.53 Cr,20230412,,,500,0,,,89,,"if any: For redemptions switch outs (including SIP STP) within 15 days from the date of allotment of units, irrespective of the amount of investment: 1%. No exit load shall be applicable on switches from Regular Plan to Direct Plan and vice versa, under the same scheme.",,,,,,,1.80,,,,,,142,,,0.51,,,,,,,Sandeep Tandon,12 April 2023,33 Years,,Sameer Kate,03 February 2025,31 Years,,Sanjeev Sharma,12 April 2023,20 Years,,Ankit Pande,12 April 2023,16 Years,,Yug Tibrewal,06 March 2025,8 Years,,Varun Pattani,19 February 2025,5 Years,,Ayusha Kumbhat,19 February 2025,3 Years,,,,,,"{""amc_name"": ""89"", ""benchmark_index"": ""89"", ""count"": 29, ""fund_manager_managing_fund_since"": ""89"", ""fund_manager_name"": ""89"", ""fund_manager_qualification"": ""89"", ""fund_manager_total_exp"": ""89"", ""load_exit"": ""89"", ""main_scheme_name"": ""89"", ""metrics_beta"": ""89"", ""metrics_port_turnover_ratio"": ""89"", ""metrics_sharpe"": ""89"", ""min_addl_amt"": ""89"", ""min_addl_amt_multiple"": ""89"", ""min_amt"": ""89"", ""min_amt_multiple"": ""89"", ""monthly_aaum_date"": ""89"", ""monthly_aaum_value"": ""89"", ""mutual_fund_name"": ""89"", ""riskometer"": ""89"", ""riskometer_benchmark"": ""89"", ""scheme_launch_date"": ""89""}"
Quant Money Managers Limited,quant Focused Fund,Quant Mutual Fund,['NIFTY 500'],20260831,858.49 Cr,20080828,,,500,0,,,93,,"if any: For redemptions switch outs (including SIP STP) within 15 days from the date of allotment of units, irrespective of the amount of investment: 1%. No exit load shall be applicable on switches from Regular Plan to Direct Plan and vice versa, under the same scheme.",,,,,,,1.16,,,0.26,,,195,,,0.43,,,,,,,Sandeep Tandon,03 February 2025,33 Years,,Jignesh Shah,20 February 2026,33 Years,,Sameer Kate,06 March 2025,31 Years,,Sanjeev Sharma,03 October 2019,20 Years,,Ankit Pande,10 May 2020,16 Years,,Yug Tibrewal,06 March 2025,8 Years,,Varun Pattani,19 February 2025,5 Years,,Ayusha Kumbhat,19 February 2025,3 Years,,"{""amc_name"": ""93"", ""benchmark_index"": ""93"", ""count"": 29, ""fund_manager_managing_fund_since"": ""93"", ""fund_manager_name"": ""93"", ""fund_manager_qualification"": ""93"", ""fund_manager_total_exp"": ""93"", ""load_exit"": ""93"", ""main_scheme_name"": ""93"", ""metrics_beta"": ""93"", ""metrics_information_ratio"": ""93"", ""metrics_port_turnover_ratio"": ""93"", ""metrics_sharpe"": ""93"", ""min_addl_amt"": ""93"", ""min_addl_amt_multiple"": ""93"", ""min_amt"": ""93"", ""min_amt_multiple"": ""93"", ""monthly_aaum_date"": ""93"", ""monthly_aaum_value"": ""93"", ""mutual_fund_name"": ""93"", ""riskometer"": ""93"", ""riskometer_benchmark"": ""93"", ""scheme_launch_date"": ""93""}"
Quant Money Managers Limited,quant Manufacturing Fund,Quant Mutual Fund,['Nifty India Manufacturing Index'],20260831,741.84 Cr,20230814,,,500,0,,,97,,"if any: For redemptions switch outs (including SIP STP) within 15 days from the date of allotment of units, irrespective of the amount of investment: 1%. No exit load shall be applicable on switches from Regular Plan to Direct Plan and vice versa, under the same scheme.",,,,,,,1.13,,,-0.18,,,93,,,0.54,,,,,,,Sandeep Tandon,14 August 2023,33 Years,,Jignesh Shah,20 February 2026,33 Years,,Sameer Kate,06 March 2025,31 Years,,Sanjeev Sharma,14 August 2023,20 Years,,Ankit Pande,14 August 2023,16 Years,,Yug Tibrewal,06 March 2025,8 Years,,Varun Pattani,19 February 2025,5 Years,,Ayusha Kumbhat,19 February 2025,3 Years,,"{""amc_name"": ""97"", ""benchmark_index"": ""97"", ""count"": 29, ""fund_manager_managing_fund_since"": ""97"", ""fund_manager_name"": ""97"", ""fund_manager_qualification"": ""97"", ""fund_manager_total_exp"": ""97"", ""load_exit"": ""97"", ""main_scheme_name"": ""97"", ""metrics_beta"": ""97"", ""metrics_information_ratio"": ""97"", ""metrics_port_turnover_ratio"": ""97"", ""metrics_sharpe"": ""97"", ""min_addl_amt"": ""97"", ""min_addl_amt_multiple"": ""97"", ""min_amt"": ""97"", ""min_amt_multiple"": ""97"", ""monthly_aaum_date"": ""97"", ""monthly_aaum_value"": ""97"", ""mutual_fund_name"": ""97"", ""riskometer"": ""97"", ""riskometer_benchmark"": ""97"", ""scheme_launch_date"": ""97""}"
Quant Money Managers Limited,quant PSU Fund,Quant Mutual Fund,['Nifty PSE'],20260831,443.48 Cr,20240220,,,500,0,,,101,,"if any: For redemptions switch outs (including SIP STP) within 15 days from the date of allotment of units, irrespective of the amount of investment: 1%. No exit load shall be applicable on switches from Regular Plan to Direct Plan and vice versa, under the same scheme.",,,,,,,1.03,,,,,,227,,,-0.12,,,,,,,Sandeep Tandon,20 February 2024,33 Years,,Sameer Kate,06 March 2025,31 Years,,Sanjeev Sharma,20 February 2024,20 Years,,Ankit Pande,20 February 2024,16 Years,,Yug Tibrewal,06 March 2025,8 Years,,Varun Pattani,03 February 2025,5 Years,,Ayusha Kumbhat,19 February 2025,3 Years,,,,,,"{""amc_name"": ""101"", ""benchmark_index"": ""101"", ""count"": 29, ""fund_manager_managing_fund_since"": ""101"", ""fund_manager_name"": ""101"", ""fund_manager_qualification"": ""101"", ""fund_manager_total_exp"": ""101"", ""load_exit"": ""101"", ""main_scheme_name"": ""101"", ""metrics_beta"": ""101"", ""metrics_port_turnover_ratio"": ""101"", ""metrics_sharpe"": ""101"", ""min_addl_amt"": ""101"", ""min_addl_amt_multiple"": ""101"", ""min_amt"": ""101"", ""min_amt_multiple"": ""101"", ""monthly_aaum_date"": ""101"", ""monthly_aaum_value"": ""101"", ""mutual_fund_name"": ""101"", ""riskometer"": ""101"", ""riskometer_benchmark"": ""101"", ""scheme_launch_date"": ""101""}"
Quant Money Managers Limited,quant Healthcare Fund,Quant Mutual Fund,['NIFTY Healthcare'],20260831,412.05 Cr,20230717,,,500,0,,,105,,"if any: For redemptions switch outs (including SIP STP) within 15 days from the date of allotment of units, irrespective of the amount of investment: 1%. No exit load shall be applicable on switches from Regular Plan to Direct Plan and vice versa, under the same scheme.",,,,,,,0.89,,,-0.04,,,105,,,0.85,,,,,,,Sandeep Tandon,17 July 2023,33 Years,,Sameer Kate,06 March 2025,31 Years,,Sanjeev Sharma,17 July 2023,20 Years,,Ankit Pande,17 July 2023,16 Years,,Yug Tibrewal,06 March 2025,8 Years,,Varun Pattani,03 February 2025,5 Years,,Ayusha Kumbhat,19 February 2025,3 Years,,,,,,"{""amc_name"": ""105"", ""benchmark_index"": ""105"", ""count"": 29, ""fund_manager_managing_fund_since"": ""105"", ""fund_manager_name"": ""105"", ""fund_manager_qualification"": ""105"", ""fund_manager_total_exp"": ""105"", ""load_exit"": ""105"", ""main_scheme_name"": ""105"", ""metrics_beta"": ""105"", ""metrics_information_ratio"": ""105"", ""metrics_port_turnover_ratio"": ""105"", ""metrics_sharpe"": ""105"", ""min_addl_amt"": ""105"", ""min_addl_amt_multiple"": ""105"", ""min_amt"": ""105"", ""min_amt_multiple"": ""105"", ""monthly_aaum_date"": ""105"", ""monthly_aaum_value"": ""105"", ""mutual_fund_name"": ""105"", ""riskometer"": ""105"", ""riskometer_benchmark"": ""105"", ""scheme_launch_date"": ""105""}"
Quant Money Managers Limited,quant Commodities Fund,Quant Mutual Fund,['Nifty Commodities'],20260831,356.96 Cr,20231227,,,500,0,,,109,,"if any: For redemptions switch outs (including SIP STP) within 15 days from the date of allotment of units, irrespective of the amount of investment: 1%. No exit load shall be applicable on switches from Regular Plan to Direct Plan and vice versa, under the same scheme.",,,,,,,1.15,,,,,,181,,,0.39,,,,,,,Sandeep Tandon,27 December 2023,33 Years,,Sameer Kate,03 February 2025,31 Years,,Sanjeev Sharma,27 December 2023,20 Years,,Ankit Pande,27 December 2023,16 Years,,Yug Tibrewal,06 March 2025,8 Years,,Varun Pattani,19 February 2025,5 Years,,Ayusha Kumbhat,19 February 2025,3 Years,,,,,,"{""amc_name"": ""109"", ""benchmark_index"": ""109"", ""count"": 29, ""fund_manager_managing_fund_since"": ""109"", ""fund_manager_name"": ""109"", ""fund_manager_qualification"": ""109"", ""fund_manager_total_exp"": ""109"", ""load_exit"": ""109"", ""main_scheme_name"": ""109"", ""metrics_beta"": ""109"", ""metrics_port_turnover_ratio"": ""109"", ""metrics_sharpe"": ""109"", ""min_addl_amt"": ""109"", ""min_addl_amt_multiple"": ""109"", ""min_amt"": ""109"", ""min_amt_multiple"": ""109"", ""monthly_aaum_date"": ""109"", ""monthly_aaum_value"": ""109"", ""mutual_fund_name"": ""109"", ""riskometer"": ""109"", ""riskometer_benchmark"": ""109"", ""scheme_launch_date"": ""109""}"
Quant Money Managers Limited,quant ESG Integration Strategy Fund,Quant Mutual Fund,['NIFTY 100 ESG'],20260831,330.83 Cr,20201105,,,500,0,,,113,,"if any: For redemptions switch outs (including SIP STP) within 15 days from the date of allotment of units, irrespective of the amount of investment: 1%. No exit load shall be applicable on switches from Regular Plan to Direct Plan and vice versa, under the same scheme.",,,,,,,1.12,,,0.55,,,190,,,0.59,,,,,,,Sandeep Tandon,03 February 2025,33 Years,,Sameer Kate,06 March 2025,31 Years,,Sanjeev Sharma,05 November 2020,20 Years,,Ankit Pande,05 November 2020,16 Years,,Yug Tibrewal,06 March 2025,8 Years,,Varun Pattani,19 February 2025,5 Years,,Ayusha Kumbhat,03 February 2025,3 Years,,,,,,"{""amc_name"": ""113"", ""benchmark_index"": ""113"", ""count"": 29, ""fund_manager_managing_fund_since"": ""113"", ""fund_manager_name"": ""113"", ""fund_manager_qualification"": ""113"", ""fund_manager_total_exp"": ""113"", ""load_exit"": ""113"", ""main_scheme_name"": ""113"", ""metrics_beta"": ""113"", ""metrics_information_ratio"": ""113"", ""metrics_port_turnover_ratio"": ""113"", ""metrics_sharpe"": ""113"", ""min_addl_amt"": ""113"", ""min_addl_amt_multiple"": ""113"", ""min_amt"": ""113"", ""min_amt_multiple"": ""113"", ""monthly_aaum_date"": ""113"", ""monthly_aaum_value"": ""113"", ""mutual_fund_name"": ""113"", ""riskometer"": ""113"", ""riskometer_benchmark"": ""113"", ""scheme_launch_date"": ""113""}"
Quant Money Managers Limited,quant Teck Fund,Quant Mutual Fund,['Nifty IT'],20260831,269.69 Cr,20230911,,,500,0,,,117,,"if any: For redemptions switch outs (including SIP STP) within 15 days from the date of allotment of units, irrespective of the amount of investment: 1%. No exit load shall be applicable on switches from Regular Plan to Direct Plan and vice versa, under the same scheme.",,,,,,,0.66,,,,,,229,,,-0.04,,,,,,,Sandeep Tandon,11 September 2023,33 Years,,Sameer Kate,06 March 2025,31 Years,,Sanjeev Sharma,11 September 2023,20 Years,,Ankit Pande,11 September 2023,16 Years,,Yug Tibrewal,06 March 2025,8 Years,,Varun Pattani,19 February 2025,5 Years,,Ayusha Kumbhat,03 February 2025,3 Years,,,,,,"{""amc_name"": ""117"", ""benchmark_index"": ""117"", ""count"": 29, ""fund_manager_managing_fund_since"": ""117"", ""fund_manager_name"": ""117"", ""fund_manager_qualification"": ""117"", ""fund_manager_total_exp"": ""117"", ""load_exit"": ""117"", ""main_scheme_name"": ""117"", ""metrics_beta"": ""117"", ""metrics_port_turnover_ratio"": ""117"", ""metrics_sharpe"": ""117"", ""min_addl_amt"": ""117"", ""min_addl_amt_multiple"": ""117"", ""min_amt"": ""117"", ""min_amt_multiple"": ""117"", ""monthly_aaum_date"": ""117"", ""monthly_aaum_value"": ""117"", ""mutual_fund_name"": ""117"", ""riskometer"": ""117"", ""riskometer_benchmark"": ""117"", ""scheme_launch_date"": ""117""}"
Quant Money Managers Limited,quant Consumption Fund,Quant Mutual Fund,['NIFTY India Consumption'],20260831,192.17 Cr,20240124,,,500,0,,,121,,"if any: For redemptions switch outs (including SIP STP) within 15 days from the date of allotment of units, irrespective of the amount of investment: 1%. No exit load shall be applicable on switches from Regular Plan to Direct Plan and vice versa, under the same scheme.",,,,,,,0.81,,,,,,144,,,-0.24,,,,,,,Sandeep Tandon,24 January 2024,33 Years,,Sameer Kate,06 March 2025,31 Years,,Sanjeev Sharma,24 January 2024,20 Years,,Ankit Pande,24 January 2024,16 Years,,Yug Tibrewal,06 March 2025,8 Years,,Varun Pattani,19 February 2025,5 Years,,Ayusha Kumbhat,03 February 2025,3 Years,,,,,,"{""amc_name"": ""121"", ""benchmark_index"": ""121"", ""count"": 29, ""fund_manager_managing_fund_since"": ""121"", ""fund_manager_name"": ""121"", ""fund_manager_qualification"": ""121"", ""fund_manager_total_exp"": ""121"", ""load_exit"": ""121"", ""main_scheme_name"": ""121"", ""metrics_beta"": ""121"", ""metrics_port_turnover_ratio"": ""121"", ""metrics_sharpe"": ""121"", ""min_addl_amt"": ""121"", ""min_addl_amt_multiple"": ""121"", ""min_amt"": ""121"", ""min_amt_multiple"": ""121"", ""monthly_aaum_date"": ""121"", ""monthly_aaum_value"": ""121"", ""mutual_fund_name"": ""121"", ""riskometer"": ""121"", ""riskometer_benchmark"": ""121"", ""scheme_launch_date"": ""121""}"
Quant Money Managers Limited,quant Equity Savings Fund,Quant Mutual Fund,['NIFTY Equity Savings Index'],20260831,55.87 Cr,20250724,,,500,0,,,125,,"if any: For redemptions switch outs (including SIP STP) within 15 days from the date of allotment of units, irrespective of the amount of investment: 1%. No exit load shall be applicable on switches from Regular Plan to Direct Plan and vice versa, under the same scheme.",,,,,,0.0,1.15,,,,0.0,0.0,311,,,0.20,,,,,,5.01,Sameer Kate,31 July 2025,31 Years,,Sanjeev Sharma,24 July 2025,20 Years,,Ankit Pande,24 July 2025,16 Years,,Varun Pattani,24 July 2025,5 Years,,Ayusha Kumbhat,24 July 2025,3 Years,,,,,,,,,,,,,,"{""amc_name"": ""125"", ""benchmark_index"": ""125"", ""count"": 29, ""fund_manager_managing_fund_since"": ""125"", ""fund_manager_name"": ""125"", ""fund_manager_qualification"": ""125"", ""fund_manager_total_exp"": ""125"", ""load_exit"": ""125"", ""main_scheme_name"": ""125"", ""metrics_avg_maturity"": ""125"", ""metrics_beta"": ""125"", ""metrics_macaulay"": ""125"", ""metrics_mod_duration"": ""125"", ""metrics_port_turnover_ratio"": ""125"", ""metrics_sharpe"": ""125"", ""metrics_ytm"": ""125"", ""min_addl_amt"": ""125"", ""min_addl_amt_multiple"": ""125"", ""min_amt"": ""125"", ""min_amt_multiple"": ""125"", ""monthly_aaum_date"": ""125"", ""monthly_aaum_value"": ""125"", ""mutual_fund_name"": ""125"", ""riskometer"": ""125"", ""riskometer_benchmark"": ""125"", ""scheme_launch_date"": ""125""}"
Quant Money Managers Limited,quant Multi Asset Allocation Fund,Quant Mutual Fund,['65% NIFTY 500 + 15% CRISIL Short Term Bond Fund Index + 20% iCOMDEX Composite Index'],20260831,"6,530.31 Cr",20010417,,,500,0,,,129,,"if any: For redemptions switch outs (including SIP STP) within 15 days from the date of allotment of units, irrespective of the amount of investment: 1%. No exit load shall be applicable on switches from Regular Plan to Direct Plan and vice versa, under the same scheme.",,,,,,1.68,0.76,,,,0.98,0.94,92,,,1.35,,,,,,5.52,Sandeep Tandon,01 April 2022,33 Years,,Sameer Kate,03 February 2025,31 Years,,Sanjeev Sharma,03 October 2019,20 Years,,Ankit Pande,10 May 2020,16 Years,,Yug Tibrewal,06 March 2025,8 Years,,Varun Pattani,19 February 2025,5 Years,,Ayusha Kumbhat,19 February 2025,3 Years,,,,,,"{""amc_name"": ""129"", ""benchmark_index"": ""129"", ""count"": 29, ""fund_manager_managing_fund_since"": ""129"", ""fund_manager_name"": ""129"", ""fund_manager_qualification"": ""129"", ""fund_manager_total_exp"": ""129"", ""load_exit"": ""129"", ""main_scheme_name"": ""129"", ""metrics_avg_maturity"": ""129"", ""metrics_beta"": ""129"", ""metrics_macaulay"": ""129"", ""metrics_mod_duration"": ""129"", ""metrics_port_turnover_ratio"": ""129"", ""metrics_sharpe"": ""129"", ""metrics_ytm"": ""129"", ""min_addl_amt"": ""129"", ""min_addl_amt_multiple"": ""129"", ""min_amt"": ""129"", ""min_amt_multiple"": ""129"", ""monthly_aaum_date"": ""129"", ""monthly_aaum_value"": ""129"", ""mutual_fund_name"": ""129"", ""riskometer"": ""129"", ""riskometer_benchmark"": ""129"", ""scheme_launch_date"": ""129""}"
Quant Money Managers Limited,quant Liquid Fund,Quant Mutual Fund,['CRISIL LIQUID FUND A1 INDEX'],20260831,,20051003,,,500,0,,,133,,"if any: Investor exit upon subscription switch-In Exit Load as a % of redemption Proceeds No exit load shall be applicable on switches from Regular Plan to Direct Plan, under the same scheme.",,,,,,0.11,,,,,0.11,0.11,,,,,,,,,,6.16,Sanjeev Sharma,03 October 2019,20 Years,,,,,,,,,,,,,,,,,,,,,,,,,,,,,,"{""amc_name"": ""133"", ""benchmark_index"": ""133"", ""count"": 29, ""fund_manager_managing_fund_since"": ""133"", ""fund_manager_name"": ""133"", ""fund_manager_qualification"": ""133"", ""fund_manager_total_exp"": ""133"", ""load_exit"": ""133"", ""main_scheme_name"": ""133"", ""metrics_avg_maturity"": ""133"", ""metrics_macaulay"": ""133"", ""metrics_mod_duration"": ""133"", ""metrics_ytm"": ""133"", ""min_addl_amt"": ""133"", ""min_addl_amt_multiple"": ""133"", ""min_amt"": ""133"", ""min_amt_multiple"": ""133"", ""monthly_aaum_date"": ""133"", ""mutual_fund_name"": ""133"", ""riskometer"": ""133"", ""riskometer_benchmark"": ""133"", ""scheme_launch_date"": ""133""}"
Quant Money Managers Limited,quant Gilt Fund,Quant Mutual Fund,['CRISIL DYNAMIC GILT INDEX'],20260831,,20221221,,,500,0,,,137,,if any: Nil,,,,,,5.29,,,,,4.07,3.93,,,,,,,,,,6.67,Sanjeev Sharma,21 December 2022,20 Years,,,,,,,,,,,,,,,,,,,,,,,,,,,,,,"{""amc_name"": ""137"", ""benchmark_index"": ""137"", ""count"": 29, ""fund_manager_managing_fund_since"": ""137"", ""fund_manager_name"": ""137"", ""fund_manager_qualification"": ""137"", ""fund_manager_total_exp"": ""137"", ""load_exit"": ""137"", ""main_scheme_name"": ""137"", ""metrics_avg_maturity"": ""137"", ""metrics_macaulay"": ""137"", ""metrics_mod_duration"": ""137"", ""metrics_ytm"": ""137"", ""min_addl_amt"": ""137"", ""min_addl_amt_multiple"": ""137"", ""min_amt"": ""137"", ""min_amt_multiple"": ""137"", ""monthly_aaum_date"": ""137"", ""mutual_fund_name"": ""137"", ""riskometer"": ""137"", ""riskometer_benchmark"": ""137"", ""scheme_launch_date"": ""137""}"
Quant Money Managers Limited,quant Overnight Fund,Quant Mutual Fund,['CRISIL OVERNIGHT INDEX'],20260831,,20221204,,,500,0,,,141,,if any: Nil,,,,,,,,,,,,,,,,,,,,,,,Sanjeev Sharma,05 December 2022,20 Years,,,,,,,,,,,,,,,,,,,,,,,,,,,,,,"{""amc_name"": ""141"", ""benchmark_index"": ""141"", ""count"": 29, ""fund_manager_managing_fund_since"": ""141"", ""fund_manager_name"": ""141"", ""fund_manager_qualification"": ""141"", ""fund_manager_total_exp"": ""141"", ""load_exit"": ""141"", ""main_scheme_name"": ""141"", ""min_addl_amt"": ""141"", ""min_addl_amt_multiple"": ""141"", ""min_amt"": ""141"", ""min_amt_multiple"": ""141"", ""monthly_aaum_date"": ""141"", ""mutual_fund_name"": ""141"", ""riskometer"": ""141"", ""riskometer_benchmark"": ""141"", ""scheme_launch_date"": ""141""}"
