{
    "bajaj finserv large cap fund": {
        "amc_name": "Bajaj Finserv Asset Management Limited",
        "benchmark_index": "Nifty 100 Total Return Index (TRI)",
        "fund_manager": [
            {
                "managing_fund_since": "Inception",
                "name": "Sorbh Gupta",
                "qualification": "Equity Portion",
                "total_exp": "16 Years"
            },
            {
                "managing_fund_since": "Inception",
                "name": "Siddharth Chaudhary",
                "qualification": "Debt Portion",
                "total_exp": "18 Years"
            }
        ],
        "load": {
            "entry_load": "NA",
            "exit_load": "For each purchase of units through Lumpsum / switch-in / Systematic Investment Plan (SIP) and Systematic Transfer Plan (STP), exit load will be as follows:  if units are redeemed / switched out within 6 months from the date of allotment: 1% of applicable NAV.  if units are redeemed/switched out after 6 months from the date of allotment, no exit load is payable. The Scheme will not levy exit load in case the timelines for rebalancing portfolio as stated in SEBI Master Circular for Mutual Funds dated June 27, 2024, is not complied with."
        },
        "main_scheme_name": "bajaj finserv large cap fund",
        "metrics": {
            "alpha": null,
            "arithmetic_mean_ratio": null,
            "average_div_yld": null,
            "average_pb": null,
            "average_pe": null,
            "avg_maturity": null,
            "beta": null,
            "correlation_ratio": null,
            "downside_deviation": null,
            "information_ratio": null,
            "macaulay": null,
            "mod_duration": null,
            "port_turnover_ratio": null,
            "r_squared_ratio": null,
            "roe_ratio": null,
            "sharpe": null,
            "sortino_ratio": null,
            "std_dev": null,
            "treynor_ratio": null,
            "upside_deviation": null,
            "ytm": null
        },
        "min_addl_amt": "100",
        "min_addl_amt_multiple": "1",
        "min_amt": "500",
        "min_amt_multiple": "1",
        "monthly_aaum_date": "28FEBRUARY2025",
        "monthly_aaum_value": "1,320.42",
        "mutual_fund_name": "BajaJ Finserv Mutual Fund",
        "page_number": [
            17
        ],
        "scheme_launch_date": "20 August 2024"
    },
    "bajaj finserv flexi cap fund": {
        "amc_name": "Bajaj Finserv Asset Management Limited",
        "benchmark_index": "BSE 500 TRI",
        "fund_manager": [
            {
                "managing_fund_since": "Inception",
                "name": "Nimesh Chandan",
                "qualification": "Equity Portion",
                "total_exp": "24 Years"
            },
            {
                "managing_fund_since": "Inception",
                "name": "Sorbh Gupta",
                "qualification": "Equity Portion",
                "total_exp": "16 Years"
            },
            {
                "managing_fund_since": "Inception",
                "name": "Siddharth Chaudhary",
                "qualification": "Debt Portion",
                "total_exp": "18 Years"
            }
        ],
        "load": {
            "entry_load": "NA",
            "exit_load": "For each purchase of units through Lumpsum / switch-in / Systematic Investment Plan (SIP) and Systematic Transfer Plan (STP), exit load will be as follows: If units are redeemed / switched out within 6 months from the date of allotment:  if upto 10% of units allotted are redeemed / switched out  Nil  any redemption / switch-out of units in excess of 10% of units allotted - 1% of applicable NAV. If units are redeemed/switched out after 6 months from the date of allotment, no exit load is payable."
        },
        "main_scheme_name": "bajaj finserv flexi cap fund",
        "metrics": {
            "alpha": null,
            "arithmetic_mean_ratio": null,
            "average_div_yld": null,
            "average_pb": null,
            "average_pe": null,
            "avg_maturity": null,
            "beta": null,
            "correlation_ratio": null,
            "downside_deviation": null,
            "information_ratio": null,
            "macaulay": null,
            "mod_duration": null,
            "port_turnover_ratio": null,
            "r_squared_ratio": null,
            "roe_ratio": null,
            "sharpe": null,
            "sortino_ratio": null,
            "std_dev": null,
            "treynor_ratio": null,
            "upside_deviation": null,
            "ytm": null
        },
        "min_addl_amt": "100",
        "min_addl_amt_multiple": "1",
        "min_amt": "500",
        "min_amt_multiple": "1",
        "monthly_aaum_date": "28FEBRUARY2025",
        "monthly_aaum_value": "4,035.67",
        "mutual_fund_name": "BajaJ Finserv Mutual Fund",
        "page_number": [
            19
        ],
        "scheme_launch_date": "14th August 2023"
    },
    "bajaj finserv large and mid cap fund": {
        "amc_name": "Bajaj Finserv Asset Management Limited",
        "benchmark_index": "Nifty Large Midcap 250 TRI",
        "fund_manager": [
            {
                "managing_fund_since": "Inception",
                "name": "Nimesh Chandan",
                "qualification": "Equity Portion",
                "total_exp": "24 Years"
            },
            {
                "managing_fund_since": "Inception",
                "name": "Sorbh Gupta",
                "qualification": "Equity Portion",
                "total_exp": "16 Years"
            },
            {
                "managing_fund_since": "Inception",
                "name": "Siddharth Chaudhary",
                "qualification": "Debt Portion",
                "total_exp": "18 Years"
            }
        ],
        "load": {
            "entry_load": "NA",
            "exit_load": "For each purchase of units through Lumpsum / switch-in / Systematic Investment Plan (SIP) and Systematic Transfer Plan (STP), exit load will be as follows: if units are redeemed / switched out within 6 months from the date of allotment:  if upto 10% of units allotted are redeemed/switched out  Nil  any redemption / switch-out of units in excess of 10% of units allotted - 1% of applicable NAV. if units are redeemed/switched out after 6 months from the date of allotment, no exit load is payable."
        },
        "main_scheme_name": "bajaj finserv large and mid cap fund",
        "metrics": {
            "alpha": null,
            "arithmetic_mean_ratio": null,
            "average_div_yld": null,
            "average_pb": null,
            "average_pe": null,
            "avg_maturity": null,
            "beta": null,
            "correlation_ratio": null,
            "downside_deviation": null,
            "information_ratio": null,
            "macaulay": null,
            "mod_duration": null,
            "port_turnover_ratio": null,
            "r_squared_ratio": null,
            "roe_ratio": null,
            "sharpe": null,
            "sortino_ratio": null,
            "std_dev": null,
            "treynor_ratio": null,
            "upside_deviation": null,
            "ytm": null
        },
        "min_addl_amt": "100",
        "min_addl_amt_multiple": "1",
        "min_amt": "500",
        "min_amt_multiple": "1",
        "monthly_aaum_date": "28FEBRUARY2025",
        "monthly_aaum_value": "1,692.61",
        "mutual_fund_name": "BajaJ Finserv Mutual Fund",
        "page_number": [
            21
        ],
        "scheme_launch_date": "27 February 2024"
    },
    "bajaj finserv consumption fund": {
        "amc_name": "Bajaj Finserv Asset Management Limited",
        "benchmark_index": "Nifty India Consumption Total Return Index (TRI)",
        "fund_manager": [
            {
                "managing_fund_since": "Inception",
                "name": "Sorbh Gupta",
                "qualification": "Equity Portion",
                "total_exp": "16 Years"
            },
            {
                "managing_fund_since": "Inception",
                "name": "Siddharth Chaudhary",
                "qualification": "Debt Portion",
                "total_exp": "18 Years"
            }
        ],
        "load": {
            "entry_load": "NA",
            "exit_load": " if units are redeemed / switched out within 3 months from the date of allotment: 1% of applicable NAV.  if units are redeemed/switched out after 3 months from the date of allotment, no exit load is payable."
        },
        "main_scheme_name": "bajaj finserv consumption fund",
        "metrics": {
            "alpha": null,
            "arithmetic_mean_ratio": null,
            "average_div_yld": null,
            "average_pb": null,
            "average_pe": null,
            "avg_maturity": null,
            "beta": null,
            "correlation_ratio": null,
            "downside_deviation": null,
            "information_ratio": null,
            "macaulay": null,
            "mod_duration": null,
            "port_turnover_ratio": null,
            "r_squared_ratio": null,
            "roe_ratio": null,
            "sharpe": null,
            "sortino_ratio": null,
            "std_dev": null,
            "treynor_ratio": null,
            "upside_deviation": null,
            "ytm": null
        },
        "min_addl_amt": "500",
        "min_addl_amt_multiple": "1",
        "min_amt": "500",
        "min_amt_multiple": "1",
        "monthly_aaum_date": "28FEBRUARY2025",
        "monthly_aaum_value": "520.89",
        "mutual_fund_name": "BajaJ Finserv Mutual Fund",
        "page_number": [
            23
        ],
        "scheme_launch_date": "29th November 2024"
    },
    "bajaj finserv healthcare fund": {
        "amc_name": "Bajaj Finserv Asset Management Limited",
        "benchmark_index": "BSE Healthcare Total Return Index (TRI)",
        "fund_manager": [
            {
                "managing_fund_since": "Inception",
                "name": "Sorbh Gupta",
                "qualification": "Equity Portion",
                "total_exp": "16 Years"
            },
            {
                "managing_fund_since": "Inception",
                "name": "Siddharth Chaudhary",
                "qualification": "Debt Portion",
                "total_exp": "18 Years"
            }
        ],
        "load": {
            "entry_load": "NA",
            "exit_load": " if units are redeemed / switched out within 3 months from the date of allotment: 1% of applicable NAV.  if units are redeemed/switched out after 3 months from the date of allotment, no exit load is payable."
        },
        "main_scheme_name": "bajaj finserv healthcare fund",
        "metrics": {
            "alpha": null,
            "arithmetic_mean_ratio": null,
            "average_div_yld": null,
            "average_pb": null,
            "average_pe": null,
            "avg_maturity": null,
            "beta": null,
            "correlation_ratio": null,
            "downside_deviation": null,
            "information_ratio": null,
            "macaulay": null,
            "mod_duration": null,
            "port_turnover_ratio": null,
            "r_squared_ratio": null,
            "roe_ratio": null,
            "sharpe": null,
            "sortino_ratio": null,
            "std_dev": null,
            "treynor_ratio": null,
            "upside_deviation": null,
            "ytm": null
        },
        "min_addl_amt": "500",
        "min_addl_amt_multiple": "1",
        "min_amt": "500",
        "min_amt_multiple": "1",
        "monthly_aaum_date": "28FEBRUARY2025",
        "monthly_aaum_value": "301.12",
        "mutual_fund_name": "BajaJ Finserv Mutual Fund",
        "page_number": [
            25
        ],
        "scheme_launch_date": "27th December 2024"
    },
    "bajaj finserv balanced advantage fund": {
        "amc_name": "Bajaj Finserv Asset Management Limited",
        "benchmark_index": "NIFTY 50 Hybrid Composite debt 50:50 Index",
        "fund_manager": [
            {
                "managing_fund_since": "Inception",
                "name": "Nimesh Chandan",
                "qualification": "Equity Portion",
                "total_exp": "24 Years"
            },
            {
                "managing_fund_since": "Inception",
                "name": "Sorbh Gupta",
                "qualification": "Equity Portion",
                "total_exp": "16 Years"
            },
            {
                "managing_fund_since": "Inception",
                "name": "Siddharth Chaudhary",
                "qualification": "Debt Portion",
                "total_exp": "18 Years"
            }
        ],
        "load": {
            "entry_load": "NA",
            "exit_load": "For each purchase of units through Lumpsum / switch-in / Systematic Investment Plan (SIP) and Systematic Transfer Plan (STP), exit load will be as follows: if units are redeemed / switched out within 6 months from the date of allotment:  if upto 8% of units allotted are redeemed/switched out  Nil  any redemption / switch-out of units in excess of 8% of units allotted - 1% of applicable NAV. if units are redeemed/switched out after 6 months from the date of allotment, no exit load is payable."
        },
        "main_scheme_name": "bajaj finserv balanced advantage fund",
        "metrics": {
            "alpha": null,
            "arithmetic_mean_ratio": null,
            "average_div_yld": null,
            "average_pb": null,
            "average_pe": null,
            "avg_maturity": "6.28",
            "beta": null,
            "correlation_ratio": null,
            "downside_deviation": null,
            "information_ratio": null,
            "macaulay": "2.77",
            "mod_duration": "2.66",
            "port_turnover_ratio": null,
            "r_squared_ratio": null,
            "roe_ratio": null,
            "sharpe": null,
            "sortino_ratio": null,
            "std_dev": null,
            "treynor_ratio": null,
            "upside_deviation": null,
            "ytm": "6.72"
        },
        "min_addl_amt": "100",
        "min_addl_amt_multiple": "1",
        "min_amt": "500",
        "min_amt_multiple": "1",
        "monthly_aaum_date": "28FEBRUARY2025",
        "monthly_aaum_value": "1,278.20",
        "mutual_fund_name": "BajaJ Finserv Mutual Fund",
        "page_number": [
            26
        ],
        "scheme_launch_date": "15 December 2023"
    },
    "bajaj finserv multi asset allocation fund": {
        "amc_name": "Bajaj Finserv Asset Management Limited",
        "benchmark_index": "65% Nifty 50 TRI + 25% NIFTY Short Duration Debt Index + 10% Domestic Prices of Gold",
        "fund_manager": [
            {
                "managing_fund_since": "Inception",
                "name": "Nimesh Chandan",
                "qualification": "Equity  Debt Portion",
                "total_exp": "24 Years"
            },
            {
                "managing_fund_since": "Inception",
                "name": "Sorbh Gupta",
                "qualification": "Equity Portion",
                "total_exp": "16 Years"
            },
            {
                "managing_fund_since": "Inception",
                "name": "Siddharth Chaudhary",
                "qualification": "Debt Portion",
                "total_exp": "18 Years"
            },
            {
                "managing_fund_since": "Inception",
                "name": "Vinay Bafna",
                "qualification": "Commodity Investments Portion",
                "total_exp": "10 Years"
            }
        ],
        "load": {
            "entry_load": "NA",
            "exit_load": "For each purchase of units through Lumpsum / switch-in / Systematic Investment Plan (SIP) and Systematic Transfer Plan (STP), exit load will be as follows: - if units are redeemed / switched out within 1 year from the date of allotment:  if up to 30% of units allotted are redeemed/switched out  Nil  any redemption / switch-out of units in excess of 30% of units allotted  1% of applicable NAV. - If units purchased or switched in from another scheme of the Fund are redeemed or switched out after 1 year from the date of allotment, no exit load is payable."
        },
        "main_scheme_name": "bajaj finserv multi asset allocation fund",
        "metrics": {
            "alpha": null,
            "arithmetic_mean_ratio": null,
            "average_div_yld": null,
            "average_pb": null,
            "average_pe": null,
            "avg_maturity": "2.35",
            "beta": null,
            "correlation_ratio": null,
            "downside_deviation": null,
            "information_ratio": null,
            "macaulay": "2.14",
            "mod_duration": "1.98",
            "port_turnover_ratio": null,
            "r_squared_ratio": null,
            "roe_ratio": null,
            "sharpe": null,
            "sortino_ratio": null,
            "std_dev": null,
            "treynor_ratio": null,
            "upside_deviation": null,
            "ytm": "8.01"
        },
        "min_addl_amt": "100",
        "min_addl_amt_multiple": "1",
        "min_amt": "500",
        "min_amt_multiple": "1",
        "monthly_aaum_date": "28FEBRUARY2025",
        "monthly_aaum_value": "1,099.31",
        "mutual_fund_name": "BajaJ Finserv Mutual Fund",
        "page_number": [
            28
        ],
        "scheme_launch_date": "3 June 2024"
    },
    "bajaj finserv arbitrage fund": {
        "amc_name": "Bajaj Finserv Asset Management Limited",
        "benchmark_index": "Nifty 50 Arbitrage Index (TRI)",
        "fund_manager": [
            {
                "managing_fund_since": "Inception",
                "name": "Siddharth Chaudhary",
                "qualification": "Debt Portion",
                "total_exp": "18 Years"
            }
        ],
        "load": {
            "entry_load": "NA",
            "exit_load": "For each purchase of units through Lumpsum / switch-in / Systematic Investment Plan (SIP) and Systematic Transfer Plan (STP), exit load will be as follows:  0.25% of applicable NAV if redeemed/switched out within 15 days from the date of allotment.  Nil if redeemed/switched out after 15 days from the date of allotment."
        },
        "main_scheme_name": "bajaj finserv arbitrage fund",
        "metrics": {
            "alpha": null,
            "arithmetic_mean_ratio": null,
            "average_div_yld": null,
            "average_pb": null,
            "average_pe": null,
            "avg_maturity": "55",
            "beta": null,
            "correlation_ratio": null,
            "downside_deviation": null,
            "information_ratio": null,
            "macaulay": "55",
            "mod_duration": "53",
            "port_turnover_ratio": null,
            "r_squared_ratio": null,
            "roe_ratio": null,
            "sharpe": null,
            "sortino_ratio": null,
            "std_dev": null,
            "treynor_ratio": null,
            "upside_deviation": null,
            "ytm": "7.29"
        },
        "min_addl_amt": "100",
        "min_addl_amt_multiple": "1",
        "min_amt": "500",
        "min_amt_multiple": "1",
        "monthly_aaum_date": "28FEBRUARY2025",
        "monthly_aaum_value": "957.86",
        "mutual_fund_name": "BajaJ Finserv Mutual Fund",
        "page_number": [
            30
        ],
        "scheme_launch_date": "15 September 2023"
    },
    "bajaj finserv liquid fund": {
        "amc_name": "Bajaj Finserv Asset Management Limited",
        "benchmark_index": "NIFTY Liquid Index A-I",
        "fund_manager": [
            {
                "managing_fund_since": "Inception",
                "name": "Siddharth Chaudhary",
                "qualification": "",
                "total_exp": "18 Years"
            },
            {
                "managing_fund_since": "Inception",
                "name": "Nimesh Chandan",
                "qualification": "",
                "total_exp": "24 Years"
            }
        ],
        "load": {
            "entry_load": "NA",
            "exit_load": "For each purchase of units through Lumpsum / switch-in / Systematic Investment Plan (SIP) and Systematic Transfer Plan (STP), exit load will be as follows:as a % of redemption proceeds (including systematic transactions) Up to Units redeemed/switched-out Exit load as a % Units redeemed/switched-out Exit load as a % within X days from the date of redemption within X days from the date of redemption of allotment proceeds of allotment proceeds Day 1 0.0070% Day 5 0.0050% Day 2 0.0065% Day 6 0.0045% Day 3 0.0060% Day 7 onwards Nil Day 4 0.0055% Note 1: For the purpose of levying exit load, if subscription (application & funds) is received within cut-off time on a day, Day 1 shall be considered to be the same day, else the day after the date of allotment of units shall be considered as Day 1. The Scheme will not levy exit load in case the timelines for rebalancing portfolio as stated in SEBI Circular dated March 30, 2022 is not complied with."
        },
        "main_scheme_name": "bajaj finserv liquid fund",
        "metrics": {
            "alpha": null,
            "arithmetic_mean_ratio": null,
            "average_div_yld": null,
            "average_pb": null,
            "average_pe": null,
            "avg_maturity": "45",
            "beta": null,
            "correlation_ratio": null,
            "downside_deviation": null,
            "information_ratio": null,
            "macaulay": "47",
            "mod_duration": "45",
            "port_turnover_ratio": null,
            "r_squared_ratio": null,
            "roe_ratio": null,
            "sharpe": null,
            "sortino_ratio": null,
            "std_dev": null,
            "treynor_ratio": null,
            "upside_deviation": null,
            "ytm": "7.23"
        },
        "min_addl_amt": "100",
        "min_addl_amt_multiple": "1",
        "min_amt": "100",
        "min_amt_multiple": "1",
        "monthly_aaum_date": "28FEBRUARY2025",
        "monthly_aaum_value": "3,479.28",
        "mutual_fund_name": "BajaJ Finserv Mutual Fund",
        "page_number": [
            31
        ],
        "scheme_launch_date": "5 July 2023"
    },
    "bajaj finserv money market fund": {
        "amc_name": "Bajaj Finserv Asset Management Limited",
        "benchmark_index": "NIFTY Money Market Index A-I",
        "fund_manager": [
            {
                "managing_fund_since": "Inception",
                "name": "Siddharth Chaudhary",
                "qualification": "",
                "total_exp": "18 Years"
            },
            {
                "managing_fund_since": "Inception",
                "name": "Nimesh Chandan",
                "qualification": "",
                "total_exp": "24 Years"
            }
        ],
        "load": {
            "entry_load": "NA",
            "exit_load": "Nil"
        },
        "main_scheme_name": "bajaj finserv money market fund",
        "metrics": {
            "alpha": null,
            "arithmetic_mean_ratio": null,
            "average_div_yld": null,
            "average_pb": null,
            "average_pe": null,
            "avg_maturity": "204",
            "beta": null,
            "correlation_ratio": null,
            "downside_deviation": null,
            "information_ratio": null,
            "macaulay": "201",
            "mod_duration": "193",
            "port_turnover_ratio": null,
            "r_squared_ratio": null,
            "roe_ratio": null,
            "sharpe": null,
            "sortino_ratio": null,
            "std_dev": null,
            "treynor_ratio": null,
            "upside_deviation": null,
            "ytm": "7.51"
        },
        "min_addl_amt": "1,000",
        "min_addl_amt_multiple": "1",
        "min_amt": "1,000",
        "min_amt_multiple": "1",
        "monthly_aaum_date": "28FEBRUARY2025",
        "monthly_aaum_value": "3,168.79",
        "mutual_fund_name": "BajaJ Finserv Mutual Fund",
        "page_number": [
            32
        ],
        "scheme_launch_date": "24 July 2023"
    },
    "bajaj finserv gilt fund": {
        "amc_name": "Bajaj Finserv Asset Management Limited",
        "benchmark_index": "CRISIL Dynamic Gilt Index",
        "fund_manager": [
            {
                "managing_fund_since": "Inception",
                "name": "Siddharth Chaudhary",
                "qualification": "",
                "total_exp": "18 Years"
            },
            {
                "managing_fund_since": "Inception",
                "name": "Nimesh Chandan",
                "qualification": "",
                "total_exp": "24 Years"
            }
        ],
        "load": {
            "entry_load": "Nil",
            "exit_load": "Nil"
        },
        "main_scheme_name": "bajaj finserv gilt fund",
        "metrics": {
            "alpha": null,
            "arithmetic_mean_ratio": null,
            "average_div_yld": null,
            "average_pb": null,
            "average_pe": null,
            "avg_maturity": "23.9",
            "beta": null,
            "correlation_ratio": null,
            "downside_deviation": null,
            "information_ratio": null,
            "macaulay": "10.4",
            "mod_duration": "9.7",
            "port_turnover_ratio": null,
            "r_squared_ratio": null,
            "roe_ratio": null,
            "sharpe": null,
            "sortino_ratio": null,
            "std_dev": null,
            "treynor_ratio": null,
            "upside_deviation": null,
            "ytm": "6.90"
        },
        "min_addl_amt": "1,000",
        "min_addl_amt_multiple": "1",
        "min_amt": "5,000",
        "min_amt_multiple": "1",
        "monthly_aaum_date": "28FEBRUARY2025",
        "monthly_aaum_value": "25.03",
        "mutual_fund_name": "BajaJ Finserv Mutual Fund",
        "page_number": [
            33
        ],
        "scheme_launch_date": "15 Jan 2025"
    },
    "bajaj finserv overnight fund": {
        "amc_name": "Bajaj Finserv Asset Management Limited",
        "benchmark_index": "CRISIL Liquid Overnight Index",
        "fund_manager": [
            {
                "managing_fund_since": "Inception",
                "name": "Siddharth Chaudhary",
                "qualification": "",
                "total_exp": "18 Years"
            },
            {
                "managing_fund_since": "Inception",
                "name": "Nimesh Chandan",
                "qualification": "",
                "total_exp": "24 Years"
            }
        ],
        "load": {
            "entry_load": "NA",
            "exit_load": "Nil"
        },
        "main_scheme_name": "bajaj finserv overnight fund",
        "metrics": {
            "alpha": null,
            "arithmetic_mean_ratio": null,
            "average_div_yld": null,
            "average_pb": null,
            "average_pe": null,
            "avg_maturity": "1",
            "beta": null,
            "correlation_ratio": null,
            "downside_deviation": null,
            "information_ratio": null,
            "macaulay": "1",
            "mod_duration": "1",
            "port_turnover_ratio": null,
            "r_squared_ratio": null,
            "roe_ratio": null,
            "sharpe": null,
            "sortino_ratio": null,
            "std_dev": null,
            "treynor_ratio": null,
            "upside_deviation": null,
            "ytm": "6.73"
        },
        "min_addl_amt": "100",
        "min_addl_amt_multiple": "1",
        "min_amt": "100",
        "min_amt_multiple": "1",
        "monthly_aaum_date": "28FEBRUARY2025",
        "monthly_aaum_value": "355.68",
        "mutual_fund_name": "BajaJ Finserv Mutual Fund",
        "page_number": [
            34
        ],
        "scheme_launch_date": "5 July 2023"
    },
    "bajaj finserv banking and psu fund": {
        "amc_name": "Bajaj Finserv Asset Management Limited",
        "benchmark_index": "Nifty Banking & PSU Debt Index A-II",
        "fund_manager": [
            {
                "managing_fund_since": "Inception",
                "name": "Siddharth Chaudhary",
                "qualification": "",
                "total_exp": "18 Years"
            },
            {
                "managing_fund_since": "Inception",
                "name": "Nimesh Chandan",
                "qualification": "",
                "total_exp": "24 Years"
            }
        ],
        "load": {
            "entry_load": "NA",
            "exit_load": "Nil"
        },
        "main_scheme_name": "bajaj finserv banking and psu fund",
        "metrics": {
            "alpha": null,
            "arithmetic_mean_ratio": null,
            "average_div_yld": null,
            "average_pb": null,
            "average_pe": null,
            "avg_maturity": "4.46",
            "beta": null,
            "correlation_ratio": null,
            "downside_deviation": null,
            "information_ratio": null,
            "macaulay": "3.83",
            "mod_duration": "3.66",
            "port_turnover_ratio": null,
            "r_squared_ratio": null,
            "roe_ratio": null,
            "sharpe": null,
            "sortino_ratio": null,
            "std_dev": null,
            "treynor_ratio": null,
            "upside_deviation": null,
            "ytm": "7.21"
        },
        "min_addl_amt": "1,000",
        "min_addl_amt_multiple": "1",
        "min_amt": "1,000",
        "min_amt_multiple": "1",
        "monthly_aaum_date": "28FEBRUARY2025",
        "monthly_aaum_value": "105.42",
        "mutual_fund_name": "BajaJ Finserv Mutual Fund",
        "page_number": [
            35
        ],
        "scheme_launch_date": "13 November 2023"
    },
    "bajaj finserv nifty 50 etf": {
        "amc_name": "Bajaj Finserv Asset Management Limited",
        "benchmark_index": "Nifty 50 TRI",
        "fund_manager": [
            {
                "managing_fund_since": "16Th December 2024",
                "name": "Haresh Mehta",
                "qualification": "",
                "total_exp": "17 Years"
            }
        ],
        "load": {
            "entry_load": "NA",
            "exit_load": "Nil"
        },
        "main_scheme_name": "bajaj finserv nifty 50 etf",
        "metrics": {
            "alpha": null,
            "arithmetic_mean_ratio": null,
            "average_div_yld": null,
            "average_pb": null,
            "average_pe": null,
            "avg_maturity": null,
            "beta": null,
            "correlation_ratio": null,
            "downside_deviation": null,
            "information_ratio": null,
            "macaulay": null,
            "mod_duration": null,
            "port_turnover_ratio": null,
            "r_squared_ratio": null,
            "roe_ratio": null,
            "sharpe": null,
            "sortino_ratio": null,
            "std_dev": null,
            "treynor_ratio": null,
            "upside_deviation": null,
            "ytm": null
        },
        "min_addl_amt": null,
        "min_addl_amt_multiple": null,
        "min_amt": "",
        "min_amt_multiple": "",
        "monthly_aaum_date": "28FEBRUARY2025",
        "monthly_aaum_value": "192.67",
        "mutual_fund_name": "BajaJ Finserv Mutual Fund",
        "page_number": [
            36
        ],
        "scheme_launch_date": "19 January 2024"
    },
    "bajaj finserv nifty bank etf": {
        "amc_name": "Bajaj Finserv Asset Management Limited",
        "benchmark_index": "Nifty Bank TRI",
        "fund_manager": [
            {
                "managing_fund_since": "16Th December 2024",
                "name": "Haresh Mehta",
                "qualification": "",
                "total_exp": "17 Years"
            }
        ],
        "load": {
            "entry_load": "NA",
            "exit_load": "Nil"
        },
        "main_scheme_name": "bajaj finserv nifty bank etf",
        "metrics": {
            "alpha": null,
            "arithmetic_mean_ratio": null,
            "average_div_yld": null,
            "average_pb": null,
            "average_pe": null,
            "avg_maturity": null,
            "beta": null,
            "correlation_ratio": null,
            "downside_deviation": null,
            "information_ratio": null,
            "macaulay": null,
            "mod_duration": null,
            "port_turnover_ratio": null,
            "r_squared_ratio": null,
            "roe_ratio": null,
            "sharpe": null,
            "sortino_ratio": null,
            "std_dev": null,
            "treynor_ratio": null,
            "upside_deviation": null,
            "ytm": null
        },
        "min_addl_amt": null,
        "min_addl_amt_multiple": null,
        "min_amt": "",
        "min_amt_multiple": "",
        "monthly_aaum_date": "28FEBRUARY2025",
        "monthly_aaum_value": "258.01",
        "mutual_fund_name": "BajaJ Finserv Mutual Fund",
        "page_number": [
            37
        ],
        "scheme_launch_date": "19 January 2024"
    },
    "bajaj finserv nifty 1d rate liquid etf - growth": {
        "amc_name": "Bajaj Finserv Asset Management Limited",
        "benchmark_index": null,
        "fund_manager": [],
        "load": {
            "entry_load": null,
            "exit_load": null
        },
        "main_scheme_name": "bajaj finserv nifty 1d rate liquid etf - growth",
        "metrics": {
            "alpha": null,
            "arithmetic_mean_ratio": null,
            "average_div_yld": null,
            "average_pb": null,
            "average_pe": null,
            "avg_maturity": null,
            "beta": null,
            "correlation_ratio": null,
            "downside_deviation": null,
            "information_ratio": null,
            "macaulay": null,
            "mod_duration": null,
            "port_turnover_ratio": null,
            "r_squared_ratio": null,
            "roe_ratio": null,
            "sharpe": null,
            "sortino_ratio": null,
            "std_dev": null,
            "treynor_ratio": null,
            "upside_deviation": null,
            "ytm": null
        },
        "min_addl_amt": null,
        "min_addl_amt_multiple": null,
        "min_amt": null,
        "min_amt_multiple": null,
        "monthly_aaum_date": "28FEBRUARY2025",
        "monthly_aaum_value": null,
        "mutual_fund_name": "BajaJ Finserv Mutual Fund",
        "page_number": [
            38
        ],
        "scheme_launch_date": null
    }
}