{
    "sundaram large cap fund": {
        "amc_name": "Sundaram Asset Management Company Limited",
        "benchmark_index": "(Tier I) Nifty 100 TRI Additional BenchmarkNifty 50 TRI Plans RegularDirect Options GrowthIDCW Minimum Amount INR 100- Multiple of INR 1- SIP  STP  SWP Available Exit Load Upto 25, within 365 days from the date of allotment Nil. More than 25 within 365 days from the date of allotment 1. 365 days Nil",
        "fund_manager": [
            {
                "managing_fund_since": "",
                "name": "Ashwin Jain",
                "qualification": "",
                "total_exp": ""
            },
            {
                "managing_fund_since": "",
                "name": "Bharath S",
                "qualification": "",
                "total_exp": ""
            }
        ],
        "load": {
            "entry_load": "",
            "exit_load": "Upto 25, within 365 days from the date of allotment Nil. More than 25 within 365 days from the date of allotment 1. 365 days Nil"
        },
        "main_scheme_name": "sundaram large cap fund",
        "metrics": {
            "alpha": null,
            "arithmetic_mean_ratio": null,
            "average_div_yld": null,
            "average_pb": null,
            "average_pe": null,
            "avg_maturity": null,
            "beta": "0.9",
            "correlation_ratio": null,
            "downside_deviation": null,
            "information_ratio": "-0.4",
            "macaulay": null,
            "mod_duration": null,
            "port_turnover_ratio": "34.1",
            "r_squared_ratio": null,
            "roe_ratio": null,
            "sharpe": "0.4",
            "sortino_ratio": null,
            "std_dev": "12.4",
            "treynor_ratio": null,
            "upside_deviation": null,
            "ytm": null
        },
        "min_addl_amt": null,
        "min_addl_amt_multiple": null,
        "min_amt": "100",
        "min_amt_multiple": "1",
        "monthly_aaum_date": "28FEBRUARY2025",
        "monthly_aaum_value": "INR 3,319 Cr.",
        "mutual_fund_name": "Sundaram Mutual Fund",
        "page_number": [
            7
        ],
        "scheme_launch_date": "Jul 30, 2002"
    },
    "sundaram mid cap fund": {
        "amc_name": "Sundaram Asset Management Company Limited",
        "benchmark_index": "(Tier I) Nifty MidCap 150 TRI Additional BenchmarkNifty 50 TRI Plans RegularDirect Options GrowthIDCW Minimum Amount INR 100- Multiple of INR 1- SIP  STP  SWP Available Exit Load Upto 25, within 365 days from the date of allotment Nil. More than 25 within 365 days from the date of allotment 1. 365 days Nil",
        "fund_manager": [
            {
                "managing_fund_since": "",
                "name": "S Bharath",
                "qualification": "",
                "total_exp": ""
            },
            {
                "managing_fund_since": "",
                "name": "Ratish B Varier",
                "qualification": "",
                "total_exp": ""
            }
        ],
        "load": {
            "entry_load": "",
            "exit_load": "Upto 25, within 365 days from the date of allotment Nil. More than 25 within 365 days from the date of allotment 1. 365 days Nil"
        },
        "main_scheme_name": "sundaram mid cap fund",
        "metrics": {
            "alpha": null,
            "arithmetic_mean_ratio": null,
            "average_div_yld": null,
            "average_pb": null,
            "average_pe": null,
            "avg_maturity": null,
            "beta": "0.9",
            "correlation_ratio": null,
            "downside_deviation": null,
            "information_ratio": "0.2",
            "macaulay": null,
            "mod_duration": null,
            "port_turnover_ratio": "38.0",
            "r_squared_ratio": null,
            "roe_ratio": null,
            "sharpe": "1.0",
            "sortino_ratio": null,
            "std_dev": "15.2",
            "treynor_ratio": null,
            "upside_deviation": null,
            "ytm": null
        },
        "min_addl_amt": null,
        "min_addl_amt_multiple": null,
        "min_amt": "100",
        "min_amt_multiple": "1",
        "monthly_aaum_date": "28FEBRUARY2025",
        "monthly_aaum_value": "INR 11,638 Cr.",
        "mutual_fund_name": "Sundaram Mutual Fund",
        "page_number": [
            8
        ],
        "scheme_launch_date": "Jul 30, 2002"
    },
    "sundaram small cap fund": {
        "amc_name": "Sundaram Asset Management Company Limited",
        "benchmark_index": null,
        "fund_manager": [],
        "load": {
            "entry_load": null,
            "exit_load": null
        },
        "main_scheme_name": "sundaram small cap fund",
        "metrics": {
            "alpha": null,
            "arithmetic_mean_ratio": null,
            "average_div_yld": null,
            "average_pb": null,
            "average_pe": null,
            "avg_maturity": null,
            "beta": null,
            "correlation_ratio": null,
            "downside_deviation": null,
            "information_ratio": null,
            "macaulay": null,
            "mod_duration": null,
            "port_turnover_ratio": null,
            "r_squared_ratio": null,
            "roe_ratio": null,
            "sharpe": null,
            "sortino_ratio": null,
            "std_dev": null,
            "treynor_ratio": null,
            "upside_deviation": null,
            "ytm": null
        },
        "min_addl_amt": null,
        "min_addl_amt_multiple": null,
        "min_amt": null,
        "min_amt_multiple": null,
        "monthly_aaum_date": "28FEBRUARY2025",
        "monthly_aaum_value": null,
        "mutual_fund_name": "Sundaram Mutual Fund",
        "page_number": [
            9
        ],
        "scheme_launch_date": null
    },
    "sundaram large and mid cap fund": {
        "amc_name": "Sundaram Asset Management Company Limited",
        "benchmark_index": null,
        "fund_manager": [],
        "load": {
            "entry_load": null,
            "exit_load": null
        },
        "main_scheme_name": "sundaram large and mid cap fund",
        "metrics": {
            "alpha": null,
            "arithmetic_mean_ratio": null,
            "average_div_yld": null,
            "average_pb": null,
            "average_pe": null,
            "avg_maturity": null,
            "beta": null,
            "correlation_ratio": null,
            "downside_deviation": null,
            "information_ratio": null,
            "macaulay": null,
            "mod_duration": null,
            "port_turnover_ratio": null,
            "r_squared_ratio": null,
            "roe_ratio": null,
            "sharpe": null,
            "sortino_ratio": null,
            "std_dev": null,
            "treynor_ratio": null,
            "upside_deviation": null,
            "ytm": null
        },
        "min_addl_amt": null,
        "min_addl_amt_multiple": null,
        "min_amt": null,
        "min_amt_multiple": null,
        "monthly_aaum_date": "28FEBRUARY2025",
        "monthly_aaum_value": null,
        "mutual_fund_name": "Sundaram Mutual Fund",
        "page_number": [
            10
        ],
        "scheme_launch_date": null
    },
    "sundaram multi cap fund": {
        "amc_name": "Sundaram Asset Management Company Limited",
        "benchmark_index": "(Tier I) Nifty 500 Multicap 502525 TRI Additional BenchmarkNifty 50 TRI Plans RegularDirect Options GrowthIDCW Minimum Amount INR 100- Multiple of INR 1- SIP  STP  SWP Available Exit Load Upto 25, within 365 days from the date of allotment Nil. More than 25 within 365 days from the date of allotment 1. 365 days Nil",
        "fund_manager": [
            {
                "managing_fund_since": "",
                "name": "Sudhir Kedia",
                "qualification": "",
                "total_exp": ""
            },
            {
                "managing_fund_since": "",
                "name": "Ratish B Varier",
                "qualification": "",
                "total_exp": ""
            }
        ],
        "load": {
            "entry_load": "",
            "exit_load": "Upto 25, within 365 days from the date of allotment Nil. More than 25 within 365 days from the date of allotment 1. 365 days Nil"
        },
        "main_scheme_name": "sundaram multi cap fund",
        "metrics": {
            "alpha": null,
            "arithmetic_mean_ratio": null,
            "average_div_yld": null,
            "average_pb": null,
            "average_pe": null,
            "avg_maturity": null,
            "beta": "0.9",
            "correlation_ratio": null,
            "downside_deviation": null,
            "information_ratio": "-0.9",
            "macaulay": null,
            "mod_duration": null,
            "port_turnover_ratio": "64.8",
            "r_squared_ratio": null,
            "roe_ratio": null,
            "sharpe": "0.5",
            "sortino_ratio": null,
            "std_dev": "13.7",
            "treynor_ratio": null,
            "upside_deviation": null,
            "ytm": null
        },
        "min_addl_amt": null,
        "min_addl_amt_multiple": null,
        "min_amt": "100",
        "min_amt_multiple": "1",
        "monthly_aaum_date": "28FEBRUARY2025",
        "monthly_aaum_value": "INR 2,644 Cr.",
        "mutual_fund_name": "Sundaram Mutual Fund",
        "page_number": [
            11
        ],
        "scheme_launch_date": "Oct 25, 2000"
    },
    "sundaram flexi cap fund": {
        "amc_name": "Sundaram Asset Management Company Limited",
        "benchmark_index": "(Tier I) Nifty 500 TRI Additional BenchmarkNifty 50 TRI Plans RegularDirect Options GrowthIDCW Minimum Amount INR 100- Multiple of INR 1- SIP  STP  SWP Available Exit Load Upto 25, within 365 days from the date of allotment Nil. More than 25 within 365 days from the date of allotment 1. 365 days Nil",
        "fund_manager": [
            {
                "managing_fund_since": "",
                "name": "Sudhir Kedia",
                "qualification": "",
                "total_exp": ""
            },
            {
                "managing_fund_since": "",
                "name": "Bharath S",
                "qualification": "",
                "total_exp": ""
            },
            {
                "managing_fund_since": "",
                "name": "Dwijendra Srivastava",
                "qualification": "",
                "total_exp": ""
            },
            {
                "managing_fund_since": "",
                "name": "Pathanjali Srinivasan",
                "qualification": "",
                "total_exp": ""
            },
            {
                "managing_fund_since": "",
                "name": "Overseas Equities",
                "qualification": "",
                "total_exp": ""
            }
        ],
        "load": {
            "entry_load": "",
            "exit_load": "Upto 25, within 365 days from the date of allotment Nil. More than 25 within 365 days from the date of allotment 1. 365 days Nil"
        },
        "main_scheme_name": "sundaram flexi cap fund",
        "metrics": {
            "alpha": null,
            "arithmetic_mean_ratio": null,
            "average_div_yld": null,
            "average_pb": null,
            "average_pe": null,
            "avg_maturity": null,
            "beta": null,
            "correlation_ratio": null,
            "downside_deviation": null,
            "information_ratio": null,
            "macaulay": null,
            "mod_duration": null,
            "port_turnover_ratio": "24.9",
            "r_squared_ratio": null,
            "roe_ratio": null,
            "sharpe": null,
            "sortino_ratio": null,
            "std_dev": null,
            "treynor_ratio": null,
            "upside_deviation": null,
            "ytm": null
        },
        "min_addl_amt": null,
        "min_addl_amt_multiple": null,
        "min_amt": "100",
        "min_amt_multiple": "1",
        "monthly_aaum_date": "28FEBRUARY2025",
        "monthly_aaum_value": "INR 1,979 Cr.",
        "mutual_fund_name": "Sundaram Mutual Fund",
        "page_number": [
            12
        ],
        "scheme_launch_date": "Sep 6, 2022"
    },
    "sundaram focused fund": {
        "amc_name": "Sundaram Asset Management Company Limited",
        "benchmark_index": null,
        "fund_manager": [],
        "load": {
            "entry_load": null,
            "exit_load": null
        },
        "main_scheme_name": "sundaram focused fund",
        "metrics": {
            "alpha": null,
            "arithmetic_mean_ratio": null,
            "average_div_yld": null,
            "average_pb": null,
            "average_pe": null,
            "avg_maturity": null,
            "beta": null,
            "correlation_ratio": null,
            "downside_deviation": null,
            "information_ratio": null,
            "macaulay": null,
            "mod_duration": null,
            "port_turnover_ratio": null,
            "r_squared_ratio": null,
            "roe_ratio": null,
            "sharpe": null,
            "sortino_ratio": null,
            "std_dev": null,
            "treynor_ratio": null,
            "upside_deviation": null,
            "ytm": null
        },
        "min_addl_amt": null,
        "min_addl_amt_multiple": null,
        "min_amt": null,
        "min_amt_multiple": null,
        "monthly_aaum_date": "28FEBRUARY2025",
        "monthly_aaum_value": null,
        "mutual_fund_name": "Sundaram Mutual Fund",
        "page_number": [
            13
        ],
        "scheme_launch_date": null
    },
    "sundaram elss tax saver fund*": {
        "amc_name": "Sundaram Asset Management Company Limited",
        "benchmark_index": "(Tier I) Nifty 500 TRI Additional BenchmarkNifty 50 TRI Plans RegularDirect Options GrowthIDCW Minimum Amount INR 500- Multiple of INR 1- SIP  STP  SWP Available Exit Load Nil (lock in period 36 months)",
        "fund_manager": [
            {
                "managing_fund_since": "",
                "name": "Sudhir Kedia",
                "qualification": "",
                "total_exp": ""
            },
            {
                "managing_fund_since": "",
                "name": "Rohit Seksaria",
                "qualification": "",
                "total_exp": ""
            }
        ],
        "load": {
            "entry_load": "",
            "exit_load": "Nil (lock in period 36 months)"
        },
        "main_scheme_name": "sundaram elss tax saver fund*",
        "metrics": {
            "alpha": null,
            "arithmetic_mean_ratio": null,
            "average_div_yld": null,
            "average_pb": null,
            "average_pe": null,
            "avg_maturity": null,
            "beta": "0.9",
            "correlation_ratio": null,
            "downside_deviation": null,
            "information_ratio": "-0.5",
            "macaulay": null,
            "mod_duration": null,
            "port_turnover_ratio": "29.4",
            "r_squared_ratio": null,
            "roe_ratio": null,
            "sharpe": "0.5",
            "sortino_ratio": null,
            "std_dev": "12.4",
            "treynor_ratio": null,
            "upside_deviation": null,
            "ytm": null
        },
        "min_addl_amt": null,
        "min_addl_amt_multiple": null,
        "min_amt": "500",
        "min_amt_multiple": "1",
        "monthly_aaum_date": "28FEBRUARY2025",
        "monthly_aaum_value": "INR 1,299 Cr.",
        "mutual_fund_name": "Sundaram Mutual Fund",
        "page_number": [
            14
        ],
        "scheme_launch_date": "Mar 31, 1996"
    },
    "sundaram dividend yield fund": {
        "amc_name": "Sundaram Asset Management Company Limited",
        "benchmark_index": "(Tier I) Nifty 500 TRI Additional BenchmarkNifty 50 TRI Plans RegularDirect Options GrowthIDCW Minimum Amount INR 5000- Multiple of INR 1- SIP  STP  SWP Available Exit Load Upto 24, within 365 days from the date of allotment Nil. More than 24 within 365 days from the date of allotment 1. 365 days Nil",
        "fund_manager": [
            {
                "managing_fund_since": "",
                "name": "Ratish B Varier",
                "qualification": "",
                "total_exp": ""
            },
            {
                "managing_fund_since": "",
                "name": "Ashish Aggarwal",
                "qualification": "",
                "total_exp": ""
            }
        ],
        "load": {
            "entry_load": "",
            "exit_load": "Upto 24, within 365 days from the date of allotment Nil. More than 24 within 365 days from the date of allotment 1. 365 days Nil"
        },
        "main_scheme_name": "sundaram dividend yield fund",
        "metrics": {
            "alpha": null,
            "arithmetic_mean_ratio": null,
            "average_div_yld": null,
            "average_pb": null,
            "average_pe": null,
            "avg_maturity": null,
            "beta": "0.9",
            "correlation_ratio": null,
            "downside_deviation": null,
            "information_ratio": "0.2",
            "macaulay": null,
            "mod_duration": null,
            "port_turnover_ratio": "46.7",
            "r_squared_ratio": null,
            "roe_ratio": null,
            "sharpe": "0.7",
            "sortino_ratio": null,
            "std_dev": "12.6",
            "treynor_ratio": null,
            "upside_deviation": null,
            "ytm": null
        },
        "min_addl_amt": null,
        "min_addl_amt_multiple": null,
        "min_amt": "5000",
        "min_amt_multiple": "1",
        "monthly_aaum_date": "28FEBRUARY2025",
        "monthly_aaum_value": "INR 880 Cr.",
        "mutual_fund_name": "Sundaram Mutual Fund",
        "page_number": [
            15
        ],
        "scheme_launch_date": "Oct 15, 2004"
    },
    "sundaram consumption fund": {
        "amc_name": "Sundaram Asset Management Company Limited",
        "benchmark_index": null,
        "fund_manager": [],
        "load": {
            "entry_load": null,
            "exit_load": null
        },
        "main_scheme_name": "sundaram consumption fund",
        "metrics": {
            "alpha": null,
            "arithmetic_mean_ratio": null,
            "average_div_yld": null,
            "average_pb": null,
            "average_pe": null,
            "avg_maturity": null,
            "beta": null,
            "correlation_ratio": null,
            "downside_deviation": null,
            "information_ratio": null,
            "macaulay": null,
            "mod_duration": null,
            "port_turnover_ratio": null,
            "r_squared_ratio": null,
            "roe_ratio": null,
            "sharpe": null,
            "sortino_ratio": null,
            "std_dev": null,
            "treynor_ratio": null,
            "upside_deviation": null,
            "ytm": null
        },
        "min_addl_amt": null,
        "min_addl_amt_multiple": null,
        "min_amt": null,
        "min_amt_multiple": null,
        "monthly_aaum_date": "28FEBRUARY2025",
        "monthly_aaum_value": null,
        "mutual_fund_name": "Sundaram Mutual Fund",
        "page_number": [
            16
        ],
        "scheme_launch_date": null
    },
    "sundaram services fund": {
        "amc_name": "Sundaram Asset Management Company Limited",
        "benchmark_index": null,
        "fund_manager": [],
        "load": {
            "entry_load": null,
            "exit_load": null
        },
        "main_scheme_name": "sundaram services fund",
        "metrics": {
            "alpha": null,
            "arithmetic_mean_ratio": null,
            "average_div_yld": null,
            "average_pb": null,
            "average_pe": null,
            "avg_maturity": null,
            "beta": null,
            "correlation_ratio": null,
            "downside_deviation": null,
            "information_ratio": null,
            "macaulay": null,
            "mod_duration": null,
            "port_turnover_ratio": null,
            "r_squared_ratio": null,
            "roe_ratio": null,
            "sharpe": null,
            "sortino_ratio": null,
            "std_dev": null,
            "treynor_ratio": null,
            "upside_deviation": null,
            "ytm": null
        },
        "min_addl_amt": null,
        "min_addl_amt_multiple": null,
        "min_amt": null,
        "min_amt_multiple": null,
        "monthly_aaum_date": "28FEBRUARY2025",
        "monthly_aaum_value": null,
        "mutual_fund_name": "Sundaram Mutual Fund",
        "page_number": [
            17
        ],
        "scheme_launch_date": null
    },
    "sundaram infrastructure advantage fund": {
        "amc_name": "Sundaram Asset Management Company Limited",
        "benchmark_index": null,
        "fund_manager": [],
        "load": {
            "entry_load": null,
            "exit_load": null
        },
        "main_scheme_name": "sundaram infrastructure advantage fund",
        "metrics": {
            "alpha": null,
            "arithmetic_mean_ratio": null,
            "average_div_yld": null,
            "average_pb": null,
            "average_pe": null,
            "avg_maturity": null,
            "beta": null,
            "correlation_ratio": null,
            "downside_deviation": null,
            "information_ratio": null,
            "macaulay": null,
            "mod_duration": null,
            "port_turnover_ratio": null,
            "r_squared_ratio": null,
            "roe_ratio": null,
            "sharpe": null,
            "sortino_ratio": null,
            "std_dev": null,
            "treynor_ratio": null,
            "upside_deviation": null,
            "ytm": null
        },
        "min_addl_amt": null,
        "min_addl_amt_multiple": null,
        "min_amt": null,
        "min_amt_multiple": null,
        "monthly_aaum_date": "28FEBRUARY2025",
        "monthly_aaum_value": null,
        "mutual_fund_name": "Sundaram Mutual Fund",
        "page_number": [
            18
        ],
        "scheme_launch_date": null
    },
    "sundaram financial services opportunities fund": {
        "amc_name": "Sundaram Asset Management Company Limited",
        "benchmark_index": "(Tier I) Nifty Financial Services Index TR Additional BenchmarkNifty 50 TRI Plans RegularDirect Options GrowthIDCW Minimum Amount INR 100- Multiple of INR 1- SIP  STP  SWP Available Exit Load 0.5 - For redemption, withdrawn by way of SWP or transfer by way of SwitchSTP within 30 days from the date of allotment. NIL - For redemption or withdrawn by way of SWP or transfer by way of SwitchSTP after 30 days from the date of allotment",
        "fund_manager": [
            {
                "managing_fund_since": "",
                "name": "Rohit Seksaria",
                "qualification": "",
                "total_exp": ""
            },
            {
                "managing_fund_since": "",
                "name": "Ashish Aggarwal",
                "qualification": "",
                "total_exp": ""
            }
        ],
        "load": {
            "entry_load": "",
            "exit_load": "0.5 - For redemption, withdrawn by way of SWP or transfer by way of SwitchSTP within 30 days from the date of allotment. NIL - For redemption or withdrawn by way of SWP or transfer by way of SwitchSTP after 30 days from the date of allotment"
        },
        "main_scheme_name": "sundaram financial services opportunities fund",
        "metrics": {
            "alpha": null,
            "arithmetic_mean_ratio": null,
            "average_div_yld": null,
            "average_pb": null,
            "average_pe": null,
            "avg_maturity": null,
            "beta": "0.9",
            "correlation_ratio": null,
            "downside_deviation": null,
            "information_ratio": "1.1",
            "macaulay": null,
            "mod_duration": null,
            "port_turnover_ratio": "74.2",
            "r_squared_ratio": null,
            "roe_ratio": null,
            "sharpe": "0.6",
            "sortino_ratio": null,
            "std_dev": "14.5",
            "treynor_ratio": null,
            "upside_deviation": null,
            "ytm": null
        },
        "min_addl_amt": null,
        "min_addl_amt_multiple": null,
        "min_amt": "100",
        "min_amt_multiple": "1",
        "monthly_aaum_date": "28FEBRUARY2025",
        "monthly_aaum_value": "INR 1,386 Cr.",
        "mutual_fund_name": "Sundaram Mutual Fund",
        "page_number": [
            19
        ],
        "scheme_launch_date": "Jun 16, 2008"
    },
    "sundaram business cycle fund": {
        "amc_name": "Sundaram Asset Management Company Limited",
        "benchmark_index": null,
        "fund_manager": [],
        "load": {
            "entry_load": null,
            "exit_load": null
        },
        "main_scheme_name": "sundaram business cycle fund",
        "metrics": {
            "alpha": null,
            "arithmetic_mean_ratio": null,
            "average_div_yld": null,
            "average_pb": null,
            "average_pe": null,
            "avg_maturity": null,
            "beta": null,
            "correlation_ratio": null,
            "downside_deviation": null,
            "information_ratio": null,
            "macaulay": null,
            "mod_duration": null,
            "port_turnover_ratio": null,
            "r_squared_ratio": null,
            "roe_ratio": null,
            "sharpe": null,
            "sortino_ratio": null,
            "std_dev": null,
            "treynor_ratio": null,
            "upside_deviation": null,
            "ytm": null
        },
        "min_addl_amt": null,
        "min_addl_amt_multiple": null,
        "min_amt": null,
        "min_amt_multiple": null,
        "monthly_aaum_date": "28FEBRUARY2025",
        "monthly_aaum_value": null,
        "mutual_fund_name": "Sundaram Mutual Fund",
        "page_number": [
            20
        ],
        "scheme_launch_date": null
    },
    "sundaram global brand fund": {
        "amc_name": "Sundaram Asset Management Company Limited",
        "benchmark_index": "Nifty 50 TRI",
        "fund_manager": [
            {
                "managing_fund_since": "",
                "name": "Patanjali Srinivasan",
                "qualification": "",
                "total_exp": ""
            }
        ],
        "load": {
            "entry_load": "",
            "exit_load": "Upto 25, within 365 days from the date of allotment Nil. More than 25 within 365 days from the date of allotment 1. 365 days Nil"
        },
        "main_scheme_name": "sundaram global brand fund",
        "metrics": {
            "alpha": null,
            "arithmetic_mean_ratio": null,
            "average_div_yld": null,
            "average_pb": null,
            "average_pe": null,
            "avg_maturity": null,
            "beta": null,
            "correlation_ratio": null,
            "downside_deviation": null,
            "information_ratio": null,
            "macaulay": null,
            "mod_duration": null,
            "port_turnover_ratio": null,
            "r_squared_ratio": null,
            "roe_ratio": null,
            "sharpe": null,
            "sortino_ratio": null,
            "std_dev": null,
            "treynor_ratio": null,
            "upside_deviation": null,
            "ytm": null
        },
        "min_addl_amt": null,
        "min_addl_amt_multiple": null,
        "min_amt": "100",
        "min_amt_multiple": "1",
        "monthly_aaum_date": "28FEBRUARY2025",
        "monthly_aaum_value": "INR 121 Cr.",
        "mutual_fund_name": "Sundaram Mutual Fund",
        "page_number": [
            21
        ],
        "scheme_launch_date": "Mar 29, 2004"
    },
    "sundaram nifty 100 equal weight fund": {
        "amc_name": "Sundaram Asset Management Company Limited",
        "benchmark_index": "(Tier I) NIFTY 100 Equal Weighted Index TR Additional BenchmarkNifty 50 TRI Plans RegularDirect Options GrowthIDCW Minimum Amount INR 100- Multiple of INR 1- SIP  STP  SWP Available Exit Load Nil",
        "fund_manager": [
            {
                "managing_fund_since": "",
                "name": "Rohit Seksaria",
                "qualification": "",
                "total_exp": ""
            },
            {
                "managing_fund_since": "",
                "name": "Ashish Aggarwal",
                "qualification": "",
                "total_exp": ""
            }
        ],
        "load": {
            "entry_load": "",
            "exit_load": "Nil"
        },
        "main_scheme_name": "sundaram nifty 100 equal weight fund",
        "metrics": {
            "alpha": null,
            "arithmetic_mean_ratio": null,
            "average_div_yld": null,
            "average_pb": null,
            "average_pe": null,
            "avg_maturity": null,
            "beta": "1.0",
            "correlation_ratio": null,
            "downside_deviation": null,
            "information_ratio": "-2.1",
            "macaulay": null,
            "mod_duration": null,
            "port_turnover_ratio": "27.7",
            "r_squared_ratio": null,
            "roe_ratio": null,
            "sharpe": "0.5",
            "sortino_ratio": null,
            "std_dev": "15.0",
            "treynor_ratio": null,
            "upside_deviation": null,
            "ytm": null
        },
        "min_addl_amt": null,
        "min_addl_amt_multiple": null,
        "min_amt": "100",
        "min_amt_multiple": "1",
        "monthly_aaum_date": "28FEBRUARY2025",
        "monthly_aaum_value": "INR 96 Cr.",
        "mutual_fund_name": "Sundaram Mutual Fund",
        "page_number": [
            22
        ],
        "scheme_launch_date": "Jul 27, 1999"
    },
    "sundaram aggressive hybrid fund": {
        "amc_name": "Sundaram Asset Management Company Limited",
        "benchmark_index": "NIFTY 50 TRI",
        "fund_manager": [
            {
                "managing_fund_since": "",
                "name": "Bharath S",
                "qualification": "",
                "total_exp": ""
            },
            {
                "managing_fund_since": "",
                "name": "Clyton Richard Fernandes",
                "qualification": "",
                "total_exp": ""
            },
            {
                "managing_fund_since": "",
                "name": "Sandeep Agarwal",
                "qualification": "",
                "total_exp": ""
            },
            {
                "managing_fund_since": "",
                "name": "Dwijendra Srivastava",
                "qualification": "",
                "total_exp": ""
            }
        ],
        "load": {
            "entry_load": "",
            "exit_load": "Upto 25, within 365 days from the date of allotment Nil. More than 25 within 365 days from the date of allotment 1. 365 days Nil"
        },
        "main_scheme_name": "sundaram aggressive hybrid fund",
        "metrics": {
            "alpha": null,
            "arithmetic_mean_ratio": null,
            "average_div_yld": null,
            "average_pb": null,
            "average_pe": null,
            "avg_maturity": null,
            "beta": "1.0",
            "correlation_ratio": null,
            "downside_deviation": null,
            "information_ratio": "-0.2",
            "macaulay": null,
            "mod_duration": null,
            "port_turnover_ratio": "56.3",
            "r_squared_ratio": null,
            "roe_ratio": null,
            "sharpe": "0.4",
            "sortino_ratio": null,
            "std_dev": "9.9",
            "treynor_ratio": null,
            "upside_deviation": null,
            "ytm": null
        },
        "min_addl_amt": null,
        "min_addl_amt_multiple": null,
        "min_amt": "100",
        "min_amt_multiple": "1",
        "monthly_aaum_date": "28FEBRUARY2025",
        "monthly_aaum_value": "INR 5,436 Cr.",
        "mutual_fund_name": "Sundaram Mutual Fund",
        "page_number": [
            23
        ],
        "scheme_launch_date": "Jan 14, 2000"
    },
    "sundaram equity savings fund": {
        "amc_name": "Sundaram Asset Management Company Limited",
        "benchmark_index": "CRISIL 10Y Gilt",
        "fund_manager": [
            {
                "managing_fund_since": "",
                "name": "Sudhir Kedia  Rohit Seksaria",
                "qualification": "",
                "total_exp": ""
            },
            {
                "managing_fund_since": "",
                "name": "Equity Portion",
                "qualification": "",
                "total_exp": ""
            },
            {
                "managing_fund_since": "",
                "name": "Dwijendra Srivastava",
                "qualification": "",
                "total_exp": ""
            },
            {
                "managing_fund_since": "",
                "name": "Fixed Income Portion",
                "qualification": "",
                "total_exp": ""
            }
        ],
        "load": {
            "entry_load": "",
            "exit_load": "0.5 if redeemed within 7 days from the date of allotment.  7 Days Nil"
        },
        "main_scheme_name": "sundaram equity savings fund",
        "metrics": {
            "alpha": null,
            "arithmetic_mean_ratio": null,
            "average_div_yld": null,
            "average_pb": null,
            "average_pe": null,
            "avg_maturity": null,
            "beta": "1.1",
            "correlation_ratio": null,
            "downside_deviation": null,
            "information_ratio": "0.5",
            "macaulay": null,
            "mod_duration": null,
            "port_turnover_ratio": "55.4",
            "r_squared_ratio": null,
            "roe_ratio": null,
            "sharpe": "0.6",
            "sortino_ratio": null,
            "std_dev": "5.6",
            "treynor_ratio": null,
            "upside_deviation": null,
            "ytm": null
        },
        "min_addl_amt": null,
        "min_addl_amt_multiple": null,
        "min_amt": "100",
        "min_amt_multiple": "1",
        "monthly_aaum_date": "28FEBRUARY2025",
        "monthly_aaum_value": "INR 1,067 Cr.",
        "mutual_fund_name": "Sundaram Mutual Fund",
        "page_number": [
            24
        ],
        "scheme_launch_date": "May 23, 2002"
    },
    "sundaram balanced advantage fund": {
        "amc_name": "Sundaram Asset Management Company Limited",
        "benchmark_index": null,
        "fund_manager": [],
        "load": {
            "entry_load": null,
            "exit_load": null
        },
        "main_scheme_name": "sundaram balanced advantage fund",
        "metrics": {
            "alpha": null,
            "arithmetic_mean_ratio": null,
            "average_div_yld": null,
            "average_pb": null,
            "average_pe": null,
            "avg_maturity": null,
            "beta": null,
            "correlation_ratio": null,
            "downside_deviation": null,
            "information_ratio": null,
            "macaulay": null,
            "mod_duration": null,
            "port_turnover_ratio": null,
            "r_squared_ratio": null,
            "roe_ratio": null,
            "sharpe": null,
            "sortino_ratio": null,
            "std_dev": null,
            "treynor_ratio": null,
            "upside_deviation": null,
            "ytm": null
        },
        "min_addl_amt": null,
        "min_addl_amt_multiple": null,
        "min_amt": null,
        "min_amt_multiple": null,
        "monthly_aaum_date": "28FEBRUARY2025",
        "monthly_aaum_value": null,
        "mutual_fund_name": "Sundaram Mutual Fund",
        "page_number": [
            25
        ],
        "scheme_launch_date": null
    },
    "sundaram multi asset allocation fund": {
        "amc_name": "Sundaram Asset Management Company Limited",
        "benchmark_index": null,
        "fund_manager": [],
        "load": {
            "entry_load": null,
            "exit_load": null
        },
        "main_scheme_name": "sundaram multi asset allocation fund",
        "metrics": {
            "alpha": null,
            "arithmetic_mean_ratio": null,
            "average_div_yld": null,
            "average_pb": null,
            "average_pe": null,
            "avg_maturity": null,
            "beta": null,
            "correlation_ratio": null,
            "downside_deviation": null,
            "information_ratio": null,
            "macaulay": null,
            "mod_duration": null,
            "port_turnover_ratio": null,
            "r_squared_ratio": null,
            "roe_ratio": null,
            "sharpe": null,
            "sortino_ratio": null,
            "std_dev": null,
            "treynor_ratio": null,
            "upside_deviation": null,
            "ytm": null
        },
        "min_addl_amt": null,
        "min_addl_amt_multiple": null,
        "min_amt": null,
        "min_amt_multiple": null,
        "monthly_aaum_date": "28FEBRUARY2025",
        "monthly_aaum_value": null,
        "mutual_fund_name": "Sundaram Mutual Fund",
        "page_number": [
            26
        ],
        "scheme_launch_date": null
    },
    "sundaram arbitrage fund": {
        "amc_name": "Sundaram Asset Management Company Limited",
        "benchmark_index": null,
        "fund_manager": [],
        "load": {
            "entry_load": null,
            "exit_load": null
        },
        "main_scheme_name": "sundaram arbitrage fund",
        "metrics": {
            "alpha": null,
            "arithmetic_mean_ratio": null,
            "average_div_yld": null,
            "average_pb": null,
            "average_pe": null,
            "avg_maturity": null,
            "beta": null,
            "correlation_ratio": null,
            "downside_deviation": null,
            "information_ratio": null,
            "macaulay": null,
            "mod_duration": null,
            "port_turnover_ratio": null,
            "r_squared_ratio": null,
            "roe_ratio": null,
            "sharpe": null,
            "sortino_ratio": null,
            "std_dev": null,
            "treynor_ratio": null,
            "upside_deviation": null,
            "ytm": null
        },
        "min_addl_amt": null,
        "min_addl_amt_multiple": null,
        "min_amt": null,
        "min_amt_multiple": null,
        "monthly_aaum_date": "28FEBRUARY2025",
        "monthly_aaum_value": null,
        "mutual_fund_name": "Sundaram Mutual Fund",
        "page_number": [
            27
        ],
        "scheme_launch_date": null
    },
    "sundaram diversified equity fund*": {
        "amc_name": "Sundaram Asset Management Company Limited",
        "benchmark_index": null,
        "fund_manager": [],
        "load": {
            "entry_load": null,
            "exit_load": null
        },
        "main_scheme_name": "sundaram diversified equity fund*",
        "metrics": {
            "alpha": null,
            "arithmetic_mean_ratio": null,
            "average_div_yld": null,
            "average_pb": null,
            "average_pe": null,
            "avg_maturity": null,
            "beta": null,
            "correlation_ratio": null,
            "downside_deviation": null,
            "information_ratio": null,
            "macaulay": null,
            "mod_duration": null,
            "port_turnover_ratio": null,
            "r_squared_ratio": null,
            "roe_ratio": null,
            "sharpe": null,
            "sortino_ratio": null,
            "std_dev": null,
            "treynor_ratio": null,
            "upside_deviation": null,
            "ytm": null
        },
        "min_addl_amt": null,
        "min_addl_amt_multiple": null,
        "min_amt": null,
        "min_amt_multiple": null,
        "monthly_aaum_date": "28FEBRUARY2025",
        "monthly_aaum_value": null,
        "mutual_fund_name": "Sundaram Mutual Fund",
        "page_number": [
            28
        ],
        "scheme_launch_date": null
    },
    "sundaram long term tax advantage fund - series i - iv": {
        "amc_name": "Sundaram Asset Management Company Limited",
        "benchmark_index": "Nifty 50 TRI",
        "fund_manager": [
            {
                "managing_fund_since": "",
                "name": "Rohit Seksaria",
                "qualification": "",
                "total_exp": ""
            },
            {
                "managing_fund_since": "",
                "name": "Sudhir Kedia Inception Date Mar 26",
                "qualification": "",
                "total_exp": ""
            },
            {
                "managing_fund_since": "",
                "name": "2015 Benchmark",
                "qualification": "",
                "total_exp": ""
            },
            {
                "managing_fund_since": "",
                "name": "Tier I",
                "qualification": "",
                "total_exp": ""
            },
            {
                "managing_fund_since": "",
                "name": "Bse 500 Tri Additional Benchmark Nifty 50 Tri Plans Regulardirect Options Growthidcw Sip  Stp  Swp Available Exit Load Nil",
                "qualification": "",
                "total_exp": ""
            }
        ],
        "load": {
            "entry_load": "",
            "exit_load": "Nil"
        },
        "main_scheme_name": "sundaram long term tax advantage fund - series i - iv",
        "metrics": {
            "alpha": null,
            "arithmetic_mean_ratio": null,
            "average_div_yld": null,
            "average_pb": null,
            "average_pe": null,
            "avg_maturity": null,
            "beta": null,
            "correlation_ratio": null,
            "downside_deviation": null,
            "information_ratio": null,
            "macaulay": null,
            "mod_duration": null,
            "port_turnover_ratio": null,
            "r_squared_ratio": null,
            "roe_ratio": null,
            "sharpe": null,
            "sortino_ratio": null,
            "std_dev": null,
            "treynor_ratio": null,
            "upside_deviation": null,
            "ytm": null
        },
        "min_addl_amt": null,
        "min_addl_amt_multiple": null,
        "min_amt": null,
        "min_amt_multiple": null,
        "monthly_aaum_date": "28FEBRUARY2025",
        "monthly_aaum_value": null,
        "mutual_fund_name": "Sundaram Mutual Fund",
        "page_number": [
            29
        ],
        "scheme_launch_date": "Mar 26, 2015"
    },
    "sundaram long term micro cap tax advantage fund -": {
        "amc_name": "Sundaram Asset Management Company Limited",
        "benchmark_index": "Nifty 50 TRI",
        "fund_manager": [
            {
                "managing_fund_since": "",
                "name": "Rohit Seksaria",
                "qualification": "",
                "total_exp": ""
            },
            {
                "managing_fund_since": "",
                "name": "Sudhir Kedia Inception Date Nov 18",
                "qualification": "",
                "total_exp": ""
            },
            {
                "managing_fund_since": "",
                "name": "2016 Benchmark",
                "qualification": "",
                "total_exp": ""
            },
            {
                "managing_fund_since": "",
                "name": "Tier I",
                "qualification": "",
                "total_exp": ""
            },
            {
                "managing_fund_since": "",
                "name": "Nifty Small Cap 100 Tri Additional Benchmark Nifty 50 Tri Plans Regulardirect Options Growthidcw Sip  Stp  Swp Available Exit Load Nil",
                "qualification": "",
                "total_exp": ""
            }
        ],
        "load": {
            "entry_load": "",
            "exit_load": "Nil"
        },
        "main_scheme_name": "sundaram long term micro cap tax advantage fund -",
        "metrics": {
            "alpha": null,
            "arithmetic_mean_ratio": null,
            "average_div_yld": null,
            "average_pb": null,
            "average_pe": null,
            "avg_maturity": null,
            "beta": null,
            "correlation_ratio": null,
            "downside_deviation": null,
            "information_ratio": null,
            "macaulay": null,
            "mod_duration": null,
            "port_turnover_ratio": null,
            "r_squared_ratio": null,
            "roe_ratio": null,
            "sharpe": null,
            "sortino_ratio": null,
            "std_dev": null,
            "treynor_ratio": null,
            "upside_deviation": null,
            "ytm": null
        },
        "min_addl_amt": null,
        "min_addl_amt_multiple": null,
        "min_amt": null,
        "min_amt_multiple": null,
        "monthly_aaum_date": "28FEBRUARY2025",
        "monthly_aaum_value": null,
        "mutual_fund_name": "Sundaram Mutual Fund",
        "page_number": [
            30
        ],
        "scheme_launch_date": "Nov 18, 2016"
    },
    "sundaram liquid fund": {
        "amc_name": "Sundaram Asset Management Company Limited",
        "benchmark_index": "CRISIL 1Y Tbill",
        "fund_manager": [
            {
                "managing_fund_since": "",
                "name": "Dwijendra Srivastava",
                "qualification": "",
                "total_exp": ""
            },
            {
                "managing_fund_since": "",
                "name": "Sandeep Agarwal",
                "qualification": "",
                "total_exp": ""
            }
        ],
        "load": {
            "entry_load": "",
            "exit_load": "Exit day from subscription Exit Load as a  of redemption proceeds Day 1 0.0070 Day 2 0.0065 Day 3 0.0060 Day 4 0.0055 Day 5 0.0050 Day 6 0.0045 Day 7 onwards Nil"
        },
        "main_scheme_name": "sundaram liquid fund",
        "metrics": {
            "alpha": null,
            "arithmetic_mean_ratio": null,
            "average_div_yld": null,
            "average_pb": null,
            "average_pe": null,
            "avg_maturity": null,
            "beta": null,
            "correlation_ratio": null,
            "downside_deviation": null,
            "information_ratio": null,
            "macaulay": null,
            "mod_duration": null,
            "port_turnover_ratio": null,
            "r_squared_ratio": null,
            "roe_ratio": null,
            "sharpe": null,
            "sortino_ratio": null,
            "std_dev": null,
            "treynor_ratio": null,
            "upside_deviation": null,
            "ytm": null
        },
        "min_addl_amt": null,
        "min_addl_amt_multiple": null,
        "min_amt": "1000",
        "min_amt_multiple": "1",
        "monthly_aaum_date": "28FEBRUARY2025",
        "monthly_aaum_value": "INR 6,043 Cr.",
        "mutual_fund_name": "Sundaram Mutual Fund",
        "page_number": [
            31
        ],
        "scheme_launch_date": "Aug 30, 2004"
    },
    "sundaram overnight fund": {
        "amc_name": "Sundaram Asset Management Company Limited",
        "benchmark_index": "CRISIL 1Y Tbill",
        "fund_manager": [
            {
                "managing_fund_since": "",
                "name": "Dwijendra Srivastava",
                "qualification": "",
                "total_exp": ""
            },
            {
                "managing_fund_since": "",
                "name": "Sandeep Agarwal",
                "qualification": "",
                "total_exp": ""
            }
        ],
        "load": {
            "entry_load": "",
            "exit_load": "Nil"
        },
        "main_scheme_name": "sundaram overnight fund",
        "metrics": {
            "alpha": null,
            "arithmetic_mean_ratio": null,
            "average_div_yld": null,
            "average_pb": null,
            "average_pe": null,
            "avg_maturity": null,
            "beta": null,
            "correlation_ratio": null,
            "downside_deviation": null,
            "information_ratio": null,
            "macaulay": null,
            "mod_duration": null,
            "port_turnover_ratio": null,
            "r_squared_ratio": null,
            "roe_ratio": null,
            "sharpe": null,
            "sortino_ratio": null,
            "std_dev": null,
            "treynor_ratio": null,
            "upside_deviation": null,
            "ytm": null
        },
        "min_addl_amt": null,
        "min_addl_amt_multiple": null,
        "min_amt": "5000",
        "min_amt_multiple": "1",
        "monthly_aaum_date": "28FEBRUARY2025",
        "monthly_aaum_value": "INR 815 Cr.",
        "mutual_fund_name": "Sundaram Mutual Fund",
        "page_number": [
            32
        ],
        "scheme_launch_date": "Mar 20, 2019"
    },
    "sundaram ultra short duration fund": {
        "amc_name": "Sundaram Asset Management Company Limited",
        "benchmark_index": "CRISIL 1Y Tbill",
        "fund_manager": [
            {
                "managing_fund_since": "",
                "name": "Dwijendra Srivastava",
                "qualification": "",
                "total_exp": ""
            },
            {
                "managing_fund_since": "",
                "name": "Sandeep Agarwal",
                "qualification": "",
                "total_exp": ""
            }
        ],
        "load": {
            "entry_load": "",
            "exit_load": "Nil"
        },
        "main_scheme_name": "sundaram ultra short duration fund",
        "metrics": {
            "alpha": null,
            "arithmetic_mean_ratio": null,
            "average_div_yld": null,
            "average_pb": null,
            "average_pe": null,
            "avg_maturity": null,
            "beta": null,
            "correlation_ratio": null,
            "downside_deviation": null,
            "information_ratio": null,
            "macaulay": null,
            "mod_duration": null,
            "port_turnover_ratio": null,
            "r_squared_ratio": null,
            "roe_ratio": null,
            "sharpe": null,
            "sortino_ratio": null,
            "std_dev": null,
            "treynor_ratio": null,
            "upside_deviation": null,
            "ytm": null
        },
        "min_addl_amt": null,
        "min_addl_amt_multiple": null,
        "min_amt": "100",
        "min_amt_multiple": "1",
        "monthly_aaum_date": "28FEBRUARY2025",
        "monthly_aaum_value": "INR 2,147 Cr.",
        "mutual_fund_name": "Sundaram Mutual Fund",
        "page_number": [
            33
        ],
        "scheme_launch_date": "Dec 28, 2007"
    },
    "sundaram money market fund": {
        "amc_name": "Sundaram Asset Management Company Limited",
        "benchmark_index": "CRISIL 1Y Tbill",
        "fund_manager": [
            {
                "managing_fund_since": "",
                "name": "Dwijendra Srivastava",
                "qualification": "",
                "total_exp": ""
            },
            {
                "managing_fund_since": "",
                "name": "Sandeep Agarwal",
                "qualification": "",
                "total_exp": ""
            }
        ],
        "load": {
            "entry_load": "",
            "exit_load": "Nil"
        },
        "main_scheme_name": "sundaram money market fund",
        "metrics": {
            "alpha": null,
            "arithmetic_mean_ratio": null,
            "average_div_yld": null,
            "average_pb": null,
            "average_pe": null,
            "avg_maturity": null,
            "beta": null,
            "correlation_ratio": null,
            "downside_deviation": null,
            "information_ratio": null,
            "macaulay": null,
            "mod_duration": null,
            "port_turnover_ratio": null,
            "r_squared_ratio": null,
            "roe_ratio": null,
            "sharpe": null,
            "sortino_ratio": null,
            "std_dev": null,
            "treynor_ratio": null,
            "upside_deviation": null,
            "ytm": null
        },
        "min_addl_amt": null,
        "min_addl_amt_multiple": null,
        "min_amt": "1000",
        "min_amt_multiple": "1",
        "monthly_aaum_date": "28FEBRUARY2025",
        "monthly_aaum_value": "INR 574 Cr.",
        "mutual_fund_name": "Sundaram Mutual Fund",
        "page_number": [
            34
        ],
        "scheme_launch_date": "Sep 26, 2018"
    },
    "sundaram low duration fund": {
        "amc_name": "Sundaram Asset Management Company Limited",
        "benchmark_index": "CRISIL 1Y Tbill",
        "fund_manager": [
            {
                "managing_fund_since": "",
                "name": "Dwijendra Srivastava",
                "qualification": "",
                "total_exp": ""
            },
            {
                "managing_fund_since": "",
                "name": "Sandeep Agarwal",
                "qualification": "",
                "total_exp": ""
            }
        ],
        "load": {
            "entry_load": "",
            "exit_load": "Nil"
        },
        "main_scheme_name": "sundaram low duration fund",
        "metrics": {
            "alpha": null,
            "arithmetic_mean_ratio": null,
            "average_div_yld": null,
            "average_pb": null,
            "average_pe": null,
            "avg_maturity": null,
            "beta": null,
            "correlation_ratio": null,
            "downside_deviation": null,
            "information_ratio": null,
            "macaulay": null,
            "mod_duration": null,
            "port_turnover_ratio": null,
            "r_squared_ratio": null,
            "roe_ratio": null,
            "sharpe": null,
            "sortino_ratio": null,
            "std_dev": null,
            "treynor_ratio": null,
            "upside_deviation": null,
            "ytm": null
        },
        "min_addl_amt": null,
        "min_addl_amt_multiple": null,
        "min_amt": "1000",
        "min_amt_multiple": "1",
        "monthly_aaum_date": "28FEBRUARY2025",
        "monthly_aaum_value": "INR 378 Cr.",
        "mutual_fund_name": "Sundaram Mutual Fund",
        "page_number": [
            35
        ],
        "scheme_launch_date": "Sep 14, 2004"
    },
    "sundaram banking & psu fund": {
        "amc_name": "Sundaram Asset Management Company Limited",
        "benchmark_index": "CRISIL 1Y Tbill",
        "fund_manager": [
            {
                "managing_fund_since": "",
                "name": "Dwijendra Srivastava",
                "qualification": "",
                "total_exp": ""
            },
            {
                "managing_fund_since": "",
                "name": "Sandeep Agarwal",
                "qualification": "",
                "total_exp": ""
            }
        ],
        "load": {
            "entry_load": "",
            "exit_load": "Nil"
        },
        "main_scheme_name": "sundaram banking & psu fund",
        "metrics": {
            "alpha": null,
            "arithmetic_mean_ratio": null,
            "average_div_yld": null,
            "average_pb": null,
            "average_pe": null,
            "avg_maturity": null,
            "beta": null,
            "correlation_ratio": null,
            "downside_deviation": null,
            "information_ratio": null,
            "macaulay": null,
            "mod_duration": null,
            "port_turnover_ratio": null,
            "r_squared_ratio": null,
            "roe_ratio": null,
            "sharpe": null,
            "sortino_ratio": null,
            "std_dev": null,
            "treynor_ratio": null,
            "upside_deviation": null,
            "ytm": null
        },
        "min_addl_amt": null,
        "min_addl_amt_multiple": null,
        "min_amt": "5,000",
        "min_amt_multiple": "1",
        "monthly_aaum_date": "28FEBRUARY2025",
        "monthly_aaum_value": "INR 337 Cr.",
        "mutual_fund_name": "Sundaram Mutual Fund",
        "page_number": [
            36
        ],
        "scheme_launch_date": "Dec 29, 2004"
    },
    "sundaram short duration fund": {
        "amc_name": "Sundaram Asset Management Company Limited",
        "benchmark_index": "CRISIL 10Y Gilt",
        "fund_manager": [
            {
                "managing_fund_since": "",
                "name": "Dwijendra Srivastava",
                "qualification": "",
                "total_exp": ""
            },
            {
                "managing_fund_since": "",
                "name": "Sandeep Agarwal",
                "qualification": "",
                "total_exp": ""
            }
        ],
        "load": {
            "entry_load": "",
            "exit_load": "Nil"
        },
        "main_scheme_name": "sundaram short duration fund",
        "metrics": {
            "alpha": null,
            "arithmetic_mean_ratio": null,
            "average_div_yld": null,
            "average_pb": null,
            "average_pe": null,
            "avg_maturity": null,
            "beta": null,
            "correlation_ratio": null,
            "downside_deviation": null,
            "information_ratio": null,
            "macaulay": null,
            "mod_duration": null,
            "port_turnover_ratio": null,
            "r_squared_ratio": null,
            "roe_ratio": null,
            "sharpe": null,
            "sortino_ratio": null,
            "std_dev": null,
            "treynor_ratio": null,
            "upside_deviation": null,
            "ytm": null
        },
        "min_addl_amt": null,
        "min_addl_amt_multiple": null,
        "min_amt": "5000",
        "min_amt_multiple": "1",
        "monthly_aaum_date": "28FEBRUARY2025",
        "monthly_aaum_value": "INR 217 Cr.",
        "mutual_fund_name": "Sundaram Mutual Fund",
        "page_number": [
            37
        ],
        "scheme_launch_date": "Sep 4, 2002"
    },
    "sundaram medium duration fund": {
        "amc_name": "Sundaram Asset Management Company Limited",
        "benchmark_index": "CRISIL 10Y Gilt",
        "fund_manager": [
            {
                "managing_fund_since": "",
                "name": "Dwijendra Srivastava",
                "qualification": "",
                "total_exp": ""
            },
            {
                "managing_fund_since": "",
                "name": "Sandeep Agarwal",
                "qualification": "",
                "total_exp": ""
            }
        ],
        "load": {
            "entry_load": "",
            "exit_load": "Nil"
        },
        "main_scheme_name": "sundaram medium duration fund",
        "metrics": {
            "alpha": null,
            "arithmetic_mean_ratio": null,
            "average_div_yld": null,
            "average_pb": null,
            "average_pe": null,
            "avg_maturity": null,
            "beta": null,
            "correlation_ratio": null,
            "downside_deviation": null,
            "information_ratio": null,
            "macaulay": null,
            "mod_duration": null,
            "port_turnover_ratio": null,
            "r_squared_ratio": null,
            "roe_ratio": null,
            "sharpe": null,
            "sortino_ratio": null,
            "std_dev": null,
            "treynor_ratio": null,
            "upside_deviation": null,
            "ytm": null
        },
        "min_addl_amt": null,
        "min_addl_amt_multiple": null,
        "min_amt": "5000",
        "min_amt_multiple": "1",
        "monthly_aaum_date": "28FEBRUARY2025",
        "monthly_aaum_value": "INR 44 Cr.",
        "mutual_fund_name": "Sundaram Mutual Fund",
        "page_number": [
            38
        ],
        "scheme_launch_date": "Dec 18, 1997"
    },
    "sundaram corporate bond fund": {
        "amc_name": "Sundaram Asset Management Company Limited",
        "benchmark_index": "CRISIL 10Y Gilt",
        "fund_manager": [
            {
                "managing_fund_since": "",
                "name": "Dwijendra Srivastava",
                "qualification": "",
                "total_exp": ""
            },
            {
                "managing_fund_since": "",
                "name": "Sandeep Agarwal",
                "qualification": "",
                "total_exp": ""
            }
        ],
        "load": {
            "entry_load": "",
            "exit_load": "Nil"
        },
        "main_scheme_name": "sundaram corporate bond fund",
        "metrics": {
            "alpha": null,
            "arithmetic_mean_ratio": null,
            "average_div_yld": null,
            "average_pb": null,
            "average_pe": null,
            "avg_maturity": null,
            "beta": null,
            "correlation_ratio": null,
            "downside_deviation": null,
            "information_ratio": null,
            "macaulay": null,
            "mod_duration": null,
            "port_turnover_ratio": null,
            "r_squared_ratio": null,
            "roe_ratio": null,
            "sharpe": null,
            "sortino_ratio": null,
            "std_dev": null,
            "treynor_ratio": null,
            "upside_deviation": null,
            "ytm": null
        },
        "min_addl_amt": null,
        "min_addl_amt_multiple": null,
        "min_amt": "5000",
        "min_amt_multiple": "1",
        "monthly_aaum_date": "28FEBRUARY2025",
        "monthly_aaum_value": "INR 712 Cr.",
        "mutual_fund_name": "Sundaram Mutual Fund",
        "page_number": [
            39
        ],
        "scheme_launch_date": "Dec 29, 2004"
    },
    "sundaram conservative hybrid fund": {
        "amc_name": "Sundaram Asset Management Company Limited",
        "benchmark_index": "CRISIL 10Y Gilt",
        "fund_manager": [
            {
                "managing_fund_since": "",
                "name": "Mr",
                "qualification": "",
                "total_exp": ""
            },
            {
                "managing_fund_since": "",
                "name": "Dwijendra Srivastava  Mr",
                "qualification": "",
                "total_exp": ""
            },
            {
                "managing_fund_since": "",
                "name": "Sandeep Agarwal",
                "qualification": "",
                "total_exp": ""
            },
            {
                "managing_fund_since": "",
                "name": "Fixed Income Portion",
                "qualification": "",
                "total_exp": ""
            },
            {
                "managing_fund_since": "",
                "name": "Mr",
                "qualification": "",
                "total_exp": ""
            },
            {
                "managing_fund_since": "",
                "name": "Bharath S  Mr",
                "qualification": "",
                "total_exp": ""
            },
            {
                "managing_fund_since": "",
                "name": "Ashish",
                "qualification": "",
                "total_exp": ""
            },
            {
                "managing_fund_since": "",
                "name": "Aggarwal",
                "qualification": "",
                "total_exp": ""
            },
            {
                "managing_fund_since": "",
                "name": "Equity Portion",
                "qualification": "",
                "total_exp": ""
            }
        ],
        "load": {
            "entry_load": "",
            "exit_load": "Nil"
        },
        "main_scheme_name": "sundaram conservative hybrid fund",
        "metrics": {
            "alpha": null,
            "arithmetic_mean_ratio": null,
            "average_div_yld": null,
            "average_pb": null,
            "average_pe": null,
            "avg_maturity": null,
            "beta": null,
            "correlation_ratio": null,
            "downside_deviation": null,
            "information_ratio": null,
            "macaulay": null,
            "mod_duration": null,
            "port_turnover_ratio": null,
            "r_squared_ratio": null,
            "roe_ratio": null,
            "sharpe": null,
            "sortino_ratio": null,
            "std_dev": null,
            "treynor_ratio": null,
            "upside_deviation": null,
            "ytm": null
        },
        "min_addl_amt": null,
        "min_addl_amt_multiple": null,
        "min_amt": "5000",
        "min_amt_multiple": "1",
        "monthly_aaum_date": "28FEBRUARY2025",
        "monthly_aaum_value": "INR 27 Cr.",
        "mutual_fund_name": "Sundaram Mutual Fund",
        "page_number": [
            40
        ],
        "scheme_launch_date": "Mar 8, 2010"
    }
}