{
    "bank of india flexi cap": {
        "amc_name": "Bank of India Investment Managers Private Limited",
        "benchmark_index": "BSE 500 Total Return Index (TRI)",
        "fund_manager": [
            {
                "managing_fund_since": "",
                "name": "Alok Singh",
                "qualification": "",
                "total_exp": "20 Years"
            }
        ],
        "load": {
            "entry_load": "NIL",
            "exit_load": "For redemptionswitch out of initial units allotted within 3 months from the date of allotment 1 Exit Load  Any redemptionswitch out from the date of allotment of units after 3 months NIL 7"
        },
        "main_scheme_name": "bank of india flexi cap",
        "metrics": {
            "alpha": null,
            "arithmetic_mean_ratio": null,
            "average_div_yld": null,
            "average_pb": null,
            "average_pe": null,
            "avg_maturity": null,
            "beta": "1.06",
            "correlation_ratio": null,
            "downside_deviation": null,
            "information_ratio": null,
            "macaulay": null,
            "mod_duration": null,
            "port_turnover_ratio": "0.86",
            "r_squared_ratio": null,
            "roe_ratio": null,
            "sharpe": "0.70",
            "sortino_ratio": null,
            "std_dev": "15.99",
            "tracking_error": "6.55",
            "treynor_ratio": null,
            "upside_deviation": null,
            "ytm": null
        },
        "min_addl_amt": "1,000",
        "min_addl_amt_multiple": "1",
        "min_amt": "5,000",
        "min_amt_multiple": "1",
        "monthly_aaum_date": "28FEBRUARY2025",
        "monthly_aaum_value": "2,036.14 Crs.",
        "mutual_fund_name": "Bank of India Mutual Fund",
        "page_number": [
            6
        ],
        "scheme_launch_date": "June 29, 2020"
    },
    "bank of india small cap": {
        "amc_name": "Bank of India Investment Managers Private Limited",
        "benchmark_index": "NIFTY Smallcap 250 Total Return Index (TRI) (Tier 1)",
        "fund_manager": [
            {
                "managing_fund_since": "",
                "name": "Alok Singh",
                "qualification": "",
                "total_exp": "20 Years"
            }
        ],
        "load": {
            "entry_load": "NIL",
            "exit_load": "For redemptionswitch out Upto 10 of the initial units allotted - within 1 year from the date of allotment NIL  Any redemptionswitch out in excess of the above mentioned limit would be subject to an exit load of 1, if the units are redeemed switched out within 1 year from the date of allotment of units.  If the units are redeemedswitched out after 1 year from the date of allotment of units  Nil"
        },
        "main_scheme_name": "bank of india small cap",
        "metrics": {
            "alpha": null,
            "arithmetic_mean_ratio": null,
            "average_div_yld": null,
            "average_pb": null,
            "average_pe": null,
            "avg_maturity": null,
            "beta": "0.81",
            "correlation_ratio": null,
            "downside_deviation": null,
            "information_ratio": null,
            "macaulay": null,
            "mod_duration": null,
            "port_turnover_ratio": "0.55",
            "r_squared_ratio": null,
            "roe_ratio": null,
            "sharpe": "0.69",
            "sortino_ratio": null,
            "std_dev": "16.59",
            "tracking_error": "6.76",
            "treynor_ratio": null,
            "upside_deviation": null,
            "ytm": null
        },
        "min_addl_amt": "1,000",
        "min_addl_amt_multiple": "1",
        "min_amt": "5,000",
        "min_amt_multiple": "1",
        "monthly_aaum_date": "28FEBRUARY2025",
        "monthly_aaum_value": "1,601.27 Crs.",
        "mutual_fund_name": "Bank of India Mutual Fund",
        "page_number": [
            7
        ],
        "scheme_launch_date": "December 19, 2018"
    },
    "bank of india elss": {
        "amc_name": "Bank of India Investment Managers Private Limited",
        "benchmark_index": "BSE 500 Total Return Index (TRI)",
        "fund_manager": [
            {
                "managing_fund_since": "",
                "name": "Alok Singh",
                "qualification": "",
                "total_exp": "20 Years"
            }
        ],
        "load": {
            "entry_load": "NIL",
            "exit_load": "NIL"
        },
        "main_scheme_name": "bank of india elss",
        "metrics": {
            "alpha": null,
            "arithmetic_mean_ratio": null,
            "average_div_yld": null,
            "average_pb": null,
            "average_pe": null,
            "avg_maturity": null,
            "beta": "1.02",
            "correlation_ratio": null,
            "downside_deviation": null,
            "information_ratio": null,
            "macaulay": null,
            "mod_duration": null,
            "port_turnover_ratio": "0.80",
            "r_squared_ratio": null,
            "roe_ratio": null,
            "sharpe": "0.59",
            "sortino_ratio": null,
            "std_dev": "15.27",
            "tracking_error": "5.82",
            "treynor_ratio": null,
            "upside_deviation": null,
            "ytm": null
        },
        "min_addl_amt": "500",
        "min_addl_amt_multiple": "1",
        "min_amt": "500",
        "min_amt_multiple": "1",
        "monthly_aaum_date": "28FEBRUARY2025",
        "monthly_aaum_value": "1,377.57 Crs.",
        "mutual_fund_name": "Bank of India Mutual Fund",
        "page_number": [
            8
        ],
        "scheme_launch_date": "February 25, 2009"
    },
    "bank of india multi cap": {
        "amc_name": "Bank of India Investment Managers Private Limited",
        "benchmark_index": "NIFTY 500 Multicap 50:25:25 Total Return Index (TRI)",
        "fund_manager": [
            {
                "managing_fund_since": "",
                "name": "Nitin Gosar",
                "qualification": "",
                "total_exp": "16 Years"
            }
        ],
        "load": {
            "entry_load": "NIL",
            "exit_load": "For redemptionswitch out upto 10 of the initial units allotted -within 1 year from the date of allotment NIL  Any redemptionswitch out - in excess of the above mentioned limit would be subject to an exit load of 1, if the units are redeemed switched out within 1 year from the date of allotment of units.  If the units are redeemedswitched out after 1 year from the date of allotment of units  Nil"
        },
        "main_scheme_name": "bank of india multi cap",
        "metrics": {
            "alpha": null,
            "arithmetic_mean_ratio": null,
            "average_div_yld": null,
            "average_pb": null,
            "average_pe": null,
            "avg_maturity": null,
            "beta": null,
            "correlation_ratio": null,
            "downside_deviation": null,
            "information_ratio": null,
            "macaulay": null,
            "mod_duration": null,
            "port_turnover_ratio": "0.89",
            "r_squared_ratio": null,
            "roe_ratio": null,
            "sharpe": null,
            "sortino_ratio": null,
            "std_dev": null,
            "treynor_ratio": null,
            "upside_deviation": null,
            "ytm": null
        },
        "min_addl_amt": "1,000",
        "min_addl_amt_multiple": "1",
        "min_amt": "5,000",
        "min_amt_multiple": "1",
        "monthly_aaum_date": "28FEBRUARY2025",
        "monthly_aaum_value": "753.05 Crs.",
        "mutual_fund_name": "Bank of India Mutual Fund",
        "page_number": [
            9
        ],
        "scheme_launch_date": "March 3, 2023"
    },
    "bank of india business cycle": {
        "amc_name": "Bank of India Investment Managers Private Limited",
        "benchmark_index": "NIFTY 500 Total Return Index (TRI)",
        "fund_manager": [
            {
                "managing_fund_since": "",
                "name": "Alok Singh",
                "qualification": "",
                "total_exp": "20 Years"
            }
        ],
        "load": {
            "entry_load": "NIL",
            "exit_load": "NIL - There will be no exit load within 3 months from the date of allotment for redemptionswitch out upto 10 of the units allotted.  1 - Any redemptionswitch out in excess of the above mentioned limit would be subject to an exit load of 1, if the units are redeemed switched out within 3 months from the date of allotment of units.  NIL - There will be no exit load on any redemptionswitch out after 3 months from the date of allotment of units."
        },
        "main_scheme_name": "bank of india business cycle",
        "metrics": {
            "alpha": null,
            "arithmetic_mean_ratio": null,
            "average_div_yld": null,
            "average_pb": null,
            "average_pe": null,
            "avg_maturity": null,
            "beta": null,
            "correlation_ratio": null,
            "downside_deviation": null,
            "information_ratio": null,
            "macaulay": null,
            "mod_duration": null,
            "port_turnover_ratio": "1.47",
            "r_squared_ratio": null,
            "roe_ratio": null,
            "sharpe": null,
            "sortino_ratio": null,
            "std_dev": null,
            "treynor_ratio": null,
            "upside_deviation": null,
            "ytm": null
        },
        "min_addl_amt": "1,000",
        "min_addl_amt_multiple": "1",
        "min_amt": "5,000",
        "min_amt_multiple": "1",
        "monthly_aaum_date": "28FEBRUARY2025",
        "monthly_aaum_value": "549.92 Crs.",
        "mutual_fund_name": "Bank of India Mutual Fund",
        "page_number": [
            10
        ],
        "scheme_launch_date": "August 30, 2024"
    },
    "bank of india manufacturing &": {
        "amc_name": "Bank of India Investment Managers Private Limited",
        "benchmark_index": "BSE India Manufacturing Index Total Return Index (TRI): 50% and BSE India Infrastructure Index Total Return Index (TRI): 50%",
        "fund_manager": [
            {
                "managing_fund_since": "",
                "name": "Nitin Gosar",
                "qualification": "",
                "total_exp": "16 Years"
            }
        ],
        "load": {
            "entry_load": "NIL",
            "exit_load": "For redemptionswitch out upto 10 of the initial units allotted -within 1 year from the date of allotment NIL  Any redemptionswitch out - in excess of the above mentioned limit would be subject to an exit load of 1, if the units are redeemed switched out within 1 year from the date of allotment of units.  If the units are redeemedswitched out after 1 year from the date of allotment of units  Nil"
        },
        "main_scheme_name": "bank of india manufacturing &",
        "metrics": {
            "alpha": null,
            "arithmetic_mean_ratio": null,
            "average_div_yld": null,
            "average_pb": null,
            "average_pe": null,
            "avg_maturity": null,
            "beta": "0.74",
            "correlation_ratio": null,
            "downside_deviation": null,
            "information_ratio": null,
            "macaulay": null,
            "mod_duration": null,
            "port_turnover_ratio": "0.59",
            "r_squared_ratio": null,
            "roe_ratio": null,
            "sharpe": "0.97",
            "sortino_ratio": null,
            "std_dev": "15.43",
            "tracking_error": "9.14",
            "treynor_ratio": null,
            "upside_deviation": null,
            "ytm": null
        },
        "min_addl_amt": "1,000",
        "min_addl_amt_multiple": "1",
        "min_amt": "5,000",
        "min_amt_multiple": "1",
        "monthly_aaum_date": "28FEBRUARY2025",
        "monthly_aaum_value": "525.53 Crs.",
        "mutual_fund_name": "Bank of India Mutual Fund",
        "page_number": [
            11
        ],
        "scheme_launch_date": "March 05, 2010"
    },
    "bank of india consumption": {
        "amc_name": "Bank of India Investment Managers Private Limited",
        "benchmark_index": "Nifty India Consumption Total Return Index (TRI)",
        "fund_manager": [
            {
                "managing_fund_since": "",
                "name": "Nitin Gosar",
                "qualification": "",
                "total_exp": "16 Years"
            }
        ],
        "load": {
            "entry_load": "NIL",
            "exit_load": "If redeemed switched-out within 3 months from the date of allotment For 10 of investments-Nil For remaining investments 1  If redeemedswitched-out aft er 3 months from the date of allotment Nil"
        },
        "main_scheme_name": "bank of india consumption",
        "metrics": {
            "alpha": null,
            "arithmetic_mean_ratio": null,
            "average_div_yld": null,
            "average_pb": null,
            "average_pe": null,
            "avg_maturity": null,
            "beta": null,
            "correlation_ratio": null,
            "downside_deviation": null,
            "information_ratio": null,
            "macaulay": null,
            "mod_duration": null,
            "port_turnover_ratio": "0.01",
            "r_squared_ratio": null,
            "roe_ratio": null,
            "sharpe": null,
            "sortino_ratio": null,
            "std_dev": null,
            "treynor_ratio": null,
            "upside_deviation": null,
            "ytm": null
        },
        "min_addl_amt": "1,000",
        "min_addl_amt_multiple": "1",
        "min_amt": "5,000",
        "min_amt_multiple": "1",
        "monthly_aaum_date": "28FEBRUARY2025",
        "monthly_aaum_value": "404.49 Crs.",
        "mutual_fund_name": "Bank of India Mutual Fund",
        "page_number": [
            12
        ],
        "scheme_launch_date": "December 20, 2024"
    },
    "bank of india large & mid": {
        "amc_name": "Bank of India Investment Managers Private Limited",
        "benchmark_index": "BSE 250 LargeMidCap Total Return Index (TRI)",
        "fund_manager": [
            {
                "managing_fund_since": "",
                "name": "Nitin Gosar",
                "qualification": "",
                "total_exp": "16 Years"
            }
        ],
        "load": {
            "entry_load": "NIL",
            "exit_load": "For redemptionswitch out upto 10 of the initial units allotted -within 1 year from the date of allotment NIL  Any redemptionswitch out - in excess of the above mentioned limit would be subject to an exit load of 1, if the units are redeemed switched out within 1 year from the date of allotment of units.  If the units are redeemedswitched out after 1 year from the date of allotment of units  Nil"
        },
        "main_scheme_name": "bank of india large & mid",
        "metrics": {
            "alpha": null,
            "arithmetic_mean_ratio": null,
            "average_div_yld": null,
            "average_pb": null,
            "average_pe": null,
            "avg_maturity": null,
            "beta": "1.00",
            "correlation_ratio": null,
            "downside_deviation": null,
            "information_ratio": null,
            "macaulay": null,
            "mod_duration": null,
            "port_turnover_ratio": "0.94",
            "r_squared_ratio": null,
            "roe_ratio": null,
            "sharpe": "0.50",
            "sortino_ratio": null,
            "std_dev": "14.36",
            "tracking_error": "4.48",
            "treynor_ratio": null,
            "upside_deviation": null,
            "ytm": null
        },
        "min_addl_amt": "1,000",
        "min_addl_amt_multiple": "1",
        "min_amt": "5,000",
        "min_amt_multiple": "1",
        "monthly_aaum_date": "28FEBRUARY2025",
        "monthly_aaum_value": "359.86 Crs.",
        "mutual_fund_name": "Bank of India Mutual Fund",
        "page_number": [
            13
        ],
        "scheme_launch_date": "October 21, 2008"
    },
    "bank of india bluechip fund": {
        "amc_name": "Bank of India Investment Managers Private Limited",
        "benchmark_index": "NIFTY 100 TRI (Tier 1)",
        "fund_manager": [
            {
                "managing_fund_since": "",
                "name": "Alok Singh",
                "qualification": "",
                "total_exp": "20 Years"
            },
            {
                "managing_fund_since": "",
                "name": "Nilesh Jethani",
                "qualification": "",
                "total_exp": "9 Years"
            }
        ],
        "load": {
            "entry_load": "NIL",
            "exit_load": "For redemptionswitch out of initial units allotted within 3 months from the date of allotment 1 Exit Load  Any redemptionswitch out from the date of allotment of units after 3 months NIL"
        },
        "main_scheme_name": "bank of india bluechip fund",
        "metrics": {
            "alpha": null,
            "arithmetic_mean_ratio": null,
            "average_div_yld": null,
            "average_pb": null,
            "average_pe": null,
            "avg_maturity": null,
            "beta": "1.01",
            "correlation_ratio": null,
            "downside_deviation": null,
            "information_ratio": null,
            "macaulay": null,
            "mod_duration": null,
            "port_turnover_ratio": "0.61",
            "r_squared_ratio": null,
            "roe_ratio": null,
            "sharpe": "0.35",
            "sortino_ratio": null,
            "std_dev": "14.21",
            "tracking_error": "4.32",
            "treynor_ratio": null,
            "upside_deviation": null,
            "ytm": null
        },
        "min_addl_amt": "1,000",
        "min_addl_amt_multiple": "1",
        "min_amt": "5,000",
        "min_amt_multiple": "1",
        "monthly_aaum_date": "28FEBRUARY2025",
        "monthly_aaum_value": "187.01 Crs.",
        "mutual_fund_name": "Bank of India Mutual Fund",
        "page_number": [
            14
        ],
        "scheme_launch_date": "June 29, 2021"
    },
    "bank of india mid & small cap": {
        "amc_name": "Bank of India Investment Managers Private Limited",
        "benchmark_index": "NIFTY MidSmallcap 400 Total Return Index (TRI): 70%; CRISIL Short Term Bond Index: 30%",
        "fund_manager": [
            {
                "managing_fund_since": "",
                "name": "Alok Singh",
                "qualification": "",
                "total_exp": "20 Years"
            }
        ],
        "load": {
            "entry_load": "NIL",
            "exit_load": "For redemptionswitch out of initial units allotted within 3 months from the date of allotment 1 Exit Load  Any redemptionswitch out from the date of allotment of units after 3 months NIL 16"
        },
        "main_scheme_name": "bank of india mid & small cap",
        "metrics": {
            "alpha": null,
            "arithmetic_mean_ratio": null,
            "average_div_yld": null,
            "average_pb": null,
            "average_pe": null,
            "avg_maturity": null,
            "beta": null,
            "correlation_ratio": null,
            "downside_deviation": null,
            "information_ratio": null,
            "macaulay": null,
            "mod_duration": null,
            "port_turnover_ratio": "1.07",
            "r_squared_ratio": null,
            "roe_ratio": null,
            "sharpe": null,
            "sortino_ratio": null,
            "std_dev": null,
            "treynor_ratio": null,
            "upside_deviation": null,
            "ytm": null
        },
        "min_addl_amt": "1,000",
        "min_addl_amt_multiple": "1",
        "min_amt": "5,000",
        "min_amt_multiple": "1",
        "monthly_aaum_date": "28FEBRUARY2025",
        "monthly_aaum_value": "1,075.05 Crs.",
        "mutual_fund_name": "Bank of India Mutual Fund",
        "page_number": [
            15
        ],
        "scheme_launch_date": "July 20, 2016"
    },
    "bank of india multi asset allocation fund": {
        "amc_name": "Bank of India Investment Managers Private Limited",
        "benchmark_index": "37.50% of Nifty 500 TRI + 50% of Nifty Composite Debt Index + 12.50% of Domestic Prices of Gold",
        "fund_manager": [
            {
                "managing_fund_since": "",
                "name": "Mithraem Bharucha",
                "qualification": "",
                "total_exp": "15 Years"
            },
            {
                "managing_fund_since": "",
                "name": "Nilesh Jethani",
                "qualification": "",
                "total_exp": "9 Years"
            }
        ],
        "load": {
            "entry_load": "NIL",
            "exit_load": "For redemptionswitch out upto 10 of the initial units allotted -within 1 year from the date of allotment NIL  Any redemptionswitch out - in excess of the above mentioned limit would be subject to an exit load of 1, if the units are redeemed switched out within 1 year from the date of allotment of units.  If the units are redeemedswitched out after 1 year from the date of allotment of units  Nil"
        },
        "main_scheme_name": "bank of india multi asset",
        "metrics": {
            "alpha": null,
            "arithmetic_mean_ratio": null,
            "average_div_yld": null,
            "average_pb": null,
            "average_pe": null,
            "avg_maturity": "4.36",
            "beta": null,
            "correlation_ratio": null,
            "downside_deviation": null,
            "information_ratio": null,
            "macaulay": "3.55",
            "mod_duration": "3.32",
            "port_turnover_ratio": null,
            "r_squared_ratio": null,
            "roe_ratio": null,
            "sharpe": null,
            "sortino_ratio": null,
            "std_dev": null,
            "treynor_ratio": null,
            "upside_deviation": null,
            "ytm": "7.44"
        },
        "min_addl_amt": "1,000",
        "min_addl_amt_multiple": "1",
        "min_amt": "5,000",
        "min_amt_multiple": "1",
        "monthly_aaum_date": "28FEBRUARY2025",
        "monthly_aaum_value": "339.68 Crs.",
        "mutual_fund_name": "Bank of India Mutual Fund",
        "page_number": [
            16
        ],
        "scheme_launch_date": "February 28, 2024"
    },
    "bank of india balanced advantage fund": {
        "amc_name": "Bank of India Investment Managers Private Limited",
        "benchmark_index": "Nifty 50 Hybrid Composite Debt 50: 50 Index Total Return Index (TRI)",
        "fund_manager": [
            {
                "managing_fund_since": "",
                "name": "Alok Singh",
                "qualification": "",
                "total_exp": "20 Years"
            }
        ],
        "load": {
            "entry_load": "NIL",
            "exit_load": "For redemptionswitch out of initial units allotted within 3 months from the date of allotment 1 Exit Load  Any redemptionswitch out from the date of allotment of units after 3 months NIL"
        },
        "main_scheme_name": "bank of india balanced",
        "metrics": {
            "alpha": null,
            "arithmetic_mean_ratio": null,
            "average_div_yld": null,
            "average_pb": null,
            "average_pe": null,
            "avg_maturity": "3.55",
            "beta": null,
            "correlation_ratio": null,
            "downside_deviation": null,
            "information_ratio": null,
            "macaulay": "2.96",
            "mod_duration": "2.80",
            "port_turnover_ratio": null,
            "r_squared_ratio": null,
            "roe_ratio": null,
            "sharpe": null,
            "sortino_ratio": null,
            "std_dev": null,
            "treynor_ratio": null,
            "upside_deviation": null,
            "ytm": "7.29"
        },
        "min_addl_amt": "1,000",
        "min_addl_amt_multiple": "1",
        "min_amt": "5,000",
        "min_amt_multiple": "1",
        "monthly_aaum_date": "28FEBRUARY2025",
        "monthly_aaum_value": "131.44 Crs.",
        "mutual_fund_name": "Bank of India Mutual Fund",
        "page_number": [
            17
        ],
        "scheme_launch_date": "March 14, 2014"
    },
    "bank of india conservative hybrid fund": {
        "amc_name": "Bank of India Investment Managers Private Limited",
        "benchmark_index": "CRISIL Hybrid 85 + 15 - Conservative Index",
        "fund_manager": [
            {
                "managing_fund_since": "",
                "name": "Alok Singh",
                "qualification": "",
                "total_exp": "20 Years"
            }
        ],
        "load": {
            "entry_load": "NIL",
            "exit_load": "For redemptionswitch out -of up to 10 of the initial units allotted - within 1 year from the date of allotment NIL.  Any redemptionswitch out-in excess of the above mentioned limit would be subject to an exit load of 1, if the units are switched out within 1 year from the date of allotment of units.  If the units are redeemedswitched out after 1 year from the date of allotment of units  NIL."
        },
        "main_scheme_name": "bank of india conservative",
        "metrics": {
            "alpha": null,
            "arithmetic_mean_ratio": null,
            "average_div_yld": null,
            "average_pb": null,
            "average_pe": null,
            "avg_maturity": "4.45",
            "beta": null,
            "correlation_ratio": null,
            "downside_deviation": null,
            "information_ratio": null,
            "macaulay": "3.54",
            "mod_duration": "3.38",
            "port_turnover_ratio": null,
            "r_squared_ratio": null,
            "roe_ratio": null,
            "sharpe": null,
            "sortino_ratio": null,
            "std_dev": null,
            "treynor_ratio": null,
            "upside_deviation": null,
            "ytm": "7.18"
        },
        "min_addl_amt": "1,000",
        "min_addl_amt_multiple": "1",
        "min_amt": "10,000",
        "min_amt_multiple": "1",
        "monthly_aaum_date": "28FEBRUARY2025",
        "monthly_aaum_value": "65.33 Crs.",
        "mutual_fund_name": "Bank of India Mutual Fund",
        "page_number": [
            18
        ],
        "scheme_launch_date": "March 18, 2009"
    },
    "bank of india arbitrage fund": {
        "amc_name": "Bank of India Investment Managers Private Limited",
        "benchmark_index": "NIFTY 50 Arbitrage Index",
        "fund_manager": [
            {
                "managing_fund_since": "",
                "name": "Firdaus Ragina",
                "qualification": "",
                "total_exp": "20 Years"
            }
        ],
        "load": {
            "entry_load": "NIL",
            "exit_load": "For Redemptionswitch out - of up to 10 of the initial units allotted - within 30 days from the date of allotment - NIL  Any RedemptionSwitch out - in excess of the above mentioned limit would be subject to an exit load of 0.50, if the units are switched out within 30 days from the date of allotment of units  If the units are redeemedswitched out after 30 days from the date of allotment of units - NIL"
        },
        "main_scheme_name": "bank of india arbitrage",
        "metrics": {
            "alpha": null,
            "arithmetic_mean_ratio": null,
            "average_div_yld": null,
            "average_pb": null,
            "average_pe": null,
            "avg_maturity": "0.24",
            "beta": null,
            "correlation_ratio": null,
            "downside_deviation": null,
            "information_ratio": null,
            "macaulay": "0.24",
            "mod_duration": "0.24",
            "port_turnover_ratio": null,
            "r_squared_ratio": null,
            "roe_ratio": null,
            "sharpe": null,
            "sortino_ratio": null,
            "std_dev": null,
            "treynor_ratio": null,
            "upside_deviation": null,
            "ytm": "6.97"
        },
        "min_addl_amt": "1,000",
        "min_addl_amt_multiple": "1",
        "min_amt": "5,000",
        "min_amt_multiple": "1",
        "monthly_aaum_date": "28FEBRUARY2025",
        "monthly_aaum_value": "42.21 Crs.",
        "mutual_fund_name": "Bank of India Mutual Fund",
        "page_number": [
            19
        ],
        "scheme_launch_date": "June 18, 2018"
    },
    "bank of india liquid fund": {
        "amc_name": "Bank of India Investment Managers Private Limited",
        "benchmark_index": "Tier 1: CRISIL Liquid Debt A-I Index",
        "fund_manager": [
            {
                "managing_fund_since": "",
                "name": "Mithraem Bharucha",
                "qualification": "",
                "total_exp": "15 Years"
            }
        ],
        "load": {
            "entry_load": null,
            "exit_load": null
        },
        "main_scheme_name": "bank of india liquid fund",
        "metrics": {
            "alpha": null,
            "arithmetic_mean_ratio": null,
            "average_div_yld": null,
            "average_pb": null,
            "average_pe": null,
            "avg_maturity": "0.13",
            "beta": null,
            "correlation_ratio": null,
            "downside_deviation": null,
            "information_ratio": null,
            "macaulay": "0.13",
            "mod_duration": "0.13",
            "port_turnover_ratio": null,
            "r_squared_ratio": null,
            "roe_ratio": null,
            "sharpe": null,
            "sortino_ratio": null,
            "std_dev": null,
            "treynor_ratio": null,
            "upside_deviation": null,
            "ytm": "7.22"
        },
        "min_addl_amt": "1,000",
        "min_addl_amt_multiple": "1",
        "min_amt": "5,000",
        "min_amt_multiple": "1",
        "monthly_aaum_date": "28FEBRUARY2025",
        "monthly_aaum_value": "1,612.53 Crs.",
        "mutual_fund_name": "Bank of India Mutual Fund",
        "page_number": [
            20
        ],
        "scheme_launch_date": "July 16, 2008"
    },
    "bank of india ultra short duration fund": {
        "amc_name": "Bank of India Investment Managers Private Limited",
        "benchmark_index": "Tier 1: CRISIL Ultra Short Duration Debt A-I Index",
        "fund_manager": [
            {
                "managing_fund_since": "",
                "name": "Mithraem Bharucha",
                "qualification": "",
                "total_exp": "15 Years"
            }
        ],
        "load": {
            "entry_load": "NIL",
            "exit_load": "NIL"
        },
        "main_scheme_name": "bank of india ultra short",
        "metrics": {
            "alpha": null,
            "arithmetic_mean_ratio": null,
            "average_div_yld": null,
            "average_pb": null,
            "average_pe": null,
            "avg_maturity": "0.45",
            "beta": null,
            "correlation_ratio": null,
            "downside_deviation": null,
            "information_ratio": null,
            "macaulay": "0.45",
            "mod_duration": "0.45",
            "port_turnover_ratio": null,
            "r_squared_ratio": null,
            "roe_ratio": null,
            "sharpe": null,
            "sortino_ratio": null,
            "std_dev": null,
            "treynor_ratio": null,
            "upside_deviation": null,
            "ytm": "7.53"
        },
        "min_addl_amt": "1,000",
        "min_addl_amt_multiple": "1",
        "min_amt": "5,000",
        "min_amt_multiple": "1",
        "monthly_aaum_date": "28FEBRUARY2025",
        "monthly_aaum_value": "172.51 Crs.",
        "mutual_fund_name": "Bank of India Mutual Fund",
        "page_number": [
            21
        ],
        "scheme_launch_date": "July 16, 2008"
    },
    "bank of india credit risk fund": {
        "amc_name": "Bank of India Investment Managers Private Limited",
        "benchmark_index": "Tier 1: CRISIL Credit Risk Debt B-II Index",
        "fund_manager": [
            {
                "managing_fund_since": "",
                "name": "Alok Singh",
                "qualification": "",
                "total_exp": "20 Years"
            }
        ],
        "load": {
            "entry_load": "NIL",
            "exit_load": "4 if redeemed within 12 months from the date of allotment  3 if redeemed after 12 months but within 24 months from the date of allotment  2 if redeemed after 24 months but within 36 months from the date of allotment  Nil if redeemed after 36 months from the date of allotment"
        },
        "main_scheme_name": "bank of india credit risk fund",
        "metrics": {
            "alpha": null,
            "arithmetic_mean_ratio": null,
            "average_div_yld": null,
            "average_pb": null,
            "average_pe": null,
            "avg_maturity": "0.64",
            "beta": null,
            "correlation_ratio": null,
            "downside_deviation": null,
            "information_ratio": null,
            "macaulay": "0.60",
            "mod_duration": "0.53",
            "port_turnover_ratio": null,
            "r_squared_ratio": null,
            "roe_ratio": null,
            "sharpe": null,
            "sortino_ratio": null,
            "std_dev": null,
            "treynor_ratio": null,
            "upside_deviation": null,
            "ytm": "7.09"
        },
        "min_addl_amt": "1,000",
        "min_addl_amt_multiple": "1",
        "min_amt": "5,000",
        "min_amt_multiple": "1",
        "monthly_aaum_date": "28FEBRUARY2025",
        "monthly_aaum_value": "114.06 Crs.",
        "mutual_fund_name": "Bank of India Mutual Fund",
        "page_number": [
            22
        ],
        "scheme_launch_date": "February 27, 2015"
    },
    "bank of india overnight fund": {
        "amc_name": "Bank of India Investment Managers Private Limited",
        "benchmark_index": "Tier 1: CRISIL Liquid Overnight Index",
        "fund_manager": [
            {
                "managing_fund_since": "",
                "name": "Mithraem Bharucha",
                "qualification": "",
                "total_exp": "15 Years"
            }
        ],
        "load": {
            "entry_load": "NIL N",
            "exit_load": "NIL D"
        },
        "main_scheme_name": "bank of india overnight fund",
        "metrics": {
            "alpha": null,
            "arithmetic_mean_ratio": null,
            "average_div_yld": null,
            "average_pb": null,
            "average_pe": null,
            "avg_maturity": "1",
            "beta": null,
            "correlation_ratio": null,
            "downside_deviation": null,
            "information_ratio": null,
            "macaulay": "1",
            "mod_duration": "1",
            "port_turnover_ratio": null,
            "r_squared_ratio": null,
            "roe_ratio": null,
            "sharpe": null,
            "sortino_ratio": null,
            "std_dev": null,
            "treynor_ratio": null,
            "upside_deviation": null,
            "ytm": "6.72"
        },
        "min_addl_amt": "1,000",
        "min_addl_amt_multiple": "1",
        "min_amt": "5,000",
        "min_amt_multiple": "1",
        "monthly_aaum_date": "28FEBRUARY2025",
        "monthly_aaum_value": "93.34 Crs.",
        "mutual_fund_name": "Bank of India Mutual Fund",
        "page_number": [
            23
        ],
        "scheme_launch_date": "January 28, 2020"
    },
    "bank of india short term income fund": {
        "amc_name": "Bank of India Investment Managers Private Limited",
        "benchmark_index": "Tier 1: CRISIL Short Duration Debt A-II Index",
        "fund_manager": [
            {
                "managing_fund_since": "",
                "name": "Mithraem Bharucha",
                "qualification": "",
                "total_exp": "15 Years"
            }
        ],
        "load": {
            "entry_load": "NIL",
            "exit_load": "NIL"
        },
        "main_scheme_name": "bank of india short term income",
        "metrics": {
            "alpha": null,
            "arithmetic_mean_ratio": null,
            "average_div_yld": null,
            "average_pb": null,
            "average_pe": null,
            "avg_maturity": "3.39",
            "beta": null,
            "correlation_ratio": null,
            "downside_deviation": null,
            "information_ratio": null,
            "macaulay": "2.66",
            "mod_duration": "2.56",
            "port_turnover_ratio": null,
            "r_squared_ratio": null,
            "roe_ratio": null,
            "sharpe": null,
            "sortino_ratio": null,
            "std_dev": null,
            "treynor_ratio": null,
            "upside_deviation": null,
            "ytm": "7.06"
        },
        "min_addl_amt": "1,000",
        "min_addl_amt_multiple": "1",
        "min_amt": "5,000",
        "min_amt_multiple": "1",
        "monthly_aaum_date": "28FEBRUARY2025",
        "monthly_aaum_value": "100.45 Crs.",
        "mutual_fund_name": "Bank of India Mutual Fund",
        "page_number": [
            24
        ],
        "scheme_launch_date": "December 18, 2008"
    }
}