{
    "taurus flexi cap fund": {
        "amc_name": "Taurus Asset Management Company Limited",
        "benchmark_index": "BSE 500 TRI",
        "fund_manager": [
            {
                "managing_fund_since": "June 13, 2023",
                "name": "Anuj Kapil",
                "qualification": "",
                "total_exp": "17 Yrs"
            }
        ],
        "load": {
            "entry_load": "- NIL",
            "exit_load": "- Upto any amount (Including SIP)  1 if exited on or befoer 365 days  Nil if exited aer 365 days SwitchExit load applicability for switch transacon will be as per the Switch Out (Fromscheme)"
        },
        "main_scheme_name": "taurus flexi cap fund",
        "metrics": {
            "alpha": null,
            "arithmetic_mean_ratio": null,
            "average_div_yld": null,
            "average_pb": null,
            "average_pe": null,
            "avg_maturity": null,
            "beta": "1.05",
            "correlation_ratio": null,
            "downside_deviation": null,
            "information_ratio": null,
            "macaulay": null,
            "mod_duration": null,
            "port_turnover_ratio": "0.80",
            "r_squared_ratio": null,
            "roe_ratio": null,
            "sharpe": "0.66",
            "sortino_ratio": null,
            "std_dev": "15.30",
            "treynor_ratio": null,
            "upside_deviation": null,
            "ytm": null
        },
        "min_addl_amt": null,
        "min_addl_amt_multiple": null,
        "min_amt": "500",
        "min_amt_multiple": "1",
        "monthly_aaum_date": "28FEBRUARY2025",
        "monthly_aaum_value": "356.32",
        "mutual_fund_name": "Taurus Mutual Fund",
        "page_number": [
            11
        ],
        "scheme_launch_date": "January 29, 1994"
    },
    "taurus ethical fund": {
        "amc_name": "Taurus Asset Management Company Limited",
        "benchmark_index": "BSE 500 Shariah TRI",
        "fund_manager": [
            {
                "managing_fund_since": "November 01, 2022",
                "name": "Anuj Kapil",
                "qualification": "",
                "total_exp": "17 Yrs"
            }
        ],
        "load": {
            "entry_load": "- NIL",
            "exit_load": "- Upto any amount (Including SIP)  1 if exited on or befoer 365 days  Nil if exited aer 365 days SwitchExit load applicability for switch transacon will be as per the Switch Out (Fromscheme)"
        },
        "main_scheme_name": "taurus ethical fund",
        "metrics": {
            "alpha": null,
            "arithmetic_mean_ratio": null,
            "average_div_yld": null,
            "average_pb": null,
            "average_pe": null,
            "avg_maturity": null,
            "beta": "0.95",
            "correlation_ratio": null,
            "downside_deviation": null,
            "information_ratio": null,
            "macaulay": null,
            "mod_duration": null,
            "port_turnover_ratio": "1.13",
            "r_squared_ratio": null,
            "roe_ratio": null,
            "sharpe": "0.60",
            "sortino_ratio": null,
            "std_dev": "14.06",
            "treynor_ratio": null,
            "upside_deviation": null,
            "ytm": null
        },
        "min_addl_amt": null,
        "min_addl_amt_multiple": null,
        "min_amt": "500",
        "min_amt_multiple": "1",
        "monthly_aaum_date": "28FEBRUARY2025",
        "monthly_aaum_value": "269.32",
        "mutual_fund_name": "Taurus Mutual Fund",
        "page_number": [
            12
        ],
        "scheme_launch_date": "April 6, 2009"
    },
    "taurus mid cap fund": {
        "amc_name": "Taurus Asset Management Company Limited",
        "benchmark_index": "Nifty Midcap 150 TRI",
        "fund_manager": [
            {
                "managing_fund_since": "June 13, 2023",
                "name": "Anuj Kapil",
                "qualification": "",
                "total_exp": "17 Yrs"
            },
            {
                "managing_fund_since": "July 18, 2024",
                "name": "Hemanshu Srivastava",
                "qualification": "",
                "total_exp": "12 Yrs"
            }
        ],
        "load": {
            "entry_load": "- NIL",
            "exit_load": "Upto any amount (Including SIP)  1 if exited on or before 365 days.  Nil, if exited after 365 days SwitchExit load applicability for switch transaction will be as per the Switch Out (From scheme)"
        },
        "main_scheme_name": "taurus mid cap fund",
        "metrics": {
            "alpha": null,
            "arithmetic_mean_ratio": null,
            "average_div_yld": null,
            "average_pb": null,
            "average_pe": null,
            "avg_maturity": null,
            "beta": "1.00",
            "correlation_ratio": null,
            "downside_deviation": null,
            "information_ratio": null,
            "macaulay": null,
            "mod_duration": null,
            "port_turnover_ratio": "1.16",
            "r_squared_ratio": null,
            "roe_ratio": null,
            "sharpe": "0.73",
            "sortino_ratio": null,
            "std_dev": "16.61",
            "treynor_ratio": null,
            "upside_deviation": null,
            "ytm": null
        },
        "min_addl_amt": null,
        "min_addl_amt_multiple": null,
        "min_amt": "500",
        "min_amt_multiple": "1",
        "monthly_aaum_date": "28FEBRUARY2025",
        "monthly_aaum_value": "121.73",
        "mutual_fund_name": "Taurus Mutual Fund",
        "page_number": [
            13
        ],
        "scheme_launch_date": "September 5, 1994"
    },
    "taurus elss tax saver fund": {
        "amc_name": "Taurus Asset Management Company Limited",
        "benchmark_index": "BSE 500 TRI",
        "fund_manager": [
            {
                "managing_fund_since": "August 07, 2023",
                "name": "Anuj Kapil",
                "qualification": "",
                "total_exp": "17 Yrs"
            }
        ],
        "load": {
            "entry_load": "- NIL",
            "exit_load": "- Upto any amount (Including SIP) NA (lock - in period of 3 years) SwitchSwitch to any (DebtEquity) schemes after 3 years Exit Load  Nil"
        },
        "main_scheme_name": "taurus elss tax saver fund",
        "metrics": {
            "alpha": null,
            "arithmetic_mean_ratio": null,
            "average_div_yld": null,
            "average_pb": null,
            "average_pe": null,
            "avg_maturity": null,
            "beta": "0.76",
            "correlation_ratio": null,
            "downside_deviation": null,
            "information_ratio": null,
            "macaulay": null,
            "mod_duration": null,
            "port_turnover_ratio": "0.61",
            "r_squared_ratio": null,
            "roe_ratio": null,
            "sharpe": "1.02",
            "sortino_ratio": null,
            "std_dev": "11.65",
            "treynor_ratio": null,
            "upside_deviation": null,
            "ytm": null
        },
        "min_addl_amt": null,
        "min_addl_amt_multiple": null,
        "min_amt": "500",
        "min_amt_multiple": "500",
        "monthly_aaum_date": "28FEBRUARY2025",
        "monthly_aaum_value": "77.54",
        "mutual_fund_name": "Taurus Mutual Fund",
        "page_number": [
            14
        ],
        "scheme_launch_date": "March 31, 1996"
    },
    "taurus large cap fund": {
        "amc_name": "Taurus Asset Management Company Limited",
        "benchmark_index": "BSE 100 TRI",
        "fund_manager": [
            {
                "managing_fund_since": "June 13, 2023",
                "name": "Anuj Kapil",
                "qualification": "",
                "total_exp": "17 Yrs"
            }
        ],
        "load": {
            "entry_load": "- NIL",
            "exit_load": "Upto any amount (Including SIP)  1 if exited on or before 365 days.  Nil, if exited after 365 days SwitchExit load applicability for switch transaction will be as per the Switch Out (From scheme)"
        },
        "main_scheme_name": "taurus large cap fund",
        "metrics": {
            "alpha": null,
            "arithmetic_mean_ratio": null,
            "average_div_yld": null,
            "average_pb": null,
            "average_pe": null,
            "avg_maturity": null,
            "beta": "1.12",
            "correlation_ratio": null,
            "downside_deviation": null,
            "information_ratio": null,
            "macaulay": null,
            "mod_duration": null,
            "port_turnover_ratio": "0.87",
            "r_squared_ratio": null,
            "roe_ratio": null,
            "sharpe": "0.60",
            "sortino_ratio": null,
            "std_dev": "16.02",
            "treynor_ratio": null,
            "upside_deviation": null,
            "ytm": null
        },
        "min_addl_amt": null,
        "min_addl_amt_multiple": null,
        "min_amt": "500",
        "min_amt_multiple": "1",
        "monthly_aaum_date": "28FEBRUARY2025",
        "monthly_aaum_value": "47.71",
        "mutual_fund_name": "Taurus Mutual Fund",
        "page_number": [
            15
        ],
        "scheme_launch_date": "February 28, 1995"
    },
    "taurus banking & financial services fund": {
        "amc_name": "Taurus Asset Management Company Limited",
        "benchmark_index": "BSE Bankex TRI",
        "fund_manager": [
            {
                "managing_fund_since": "June 13, 2023",
                "name": "Anuj Kapil",
                "qualification": "",
                "total_exp": "17 Yrs"
            }
        ],
        "load": {
            "entry_load": "- NIL",
            "exit_load": "- Upto any amount (Including SIP)  1 if exited on or before 365 days,  Nil, if exited after 365 days Switch Exit load applicability for switch transaction will be as per the Switch Out (From scheme)"
        },
        "main_scheme_name": "taurus banking & financial services fund",
        "metrics": {
            "alpha": null,
            "arithmetic_mean_ratio": null,
            "average_div_yld": null,
            "average_pb": null,
            "average_pe": null,
            "avg_maturity": null,
            "beta": "0.91",
            "correlation_ratio": null,
            "downside_deviation": null,
            "information_ratio": null,
            "macaulay": null,
            "mod_duration": null,
            "port_turnover_ratio": "0.30",
            "r_squared_ratio": null,
            "roe_ratio": null,
            "sharpe": "0.58",
            "sortino_ratio": null,
            "std_dev": "14.18",
            "treynor_ratio": null,
            "upside_deviation": null,
            "ytm": null
        },
        "min_addl_amt": null,
        "min_addl_amt_multiple": null,
        "min_amt": "500",
        "min_amt_multiple": "1",
        "monthly_aaum_date": "28FEBRUARY2025",
        "monthly_aaum_value": "10.37",
        "mutual_fund_name": "Taurus Mutual Fund",
        "page_number": [
            16
        ],
        "scheme_launch_date": "May 22, 2012"
    },
    "taurus infrastructure fund": {
        "amc_name": "Taurus Asset Management Company Limited",
        "benchmark_index": "Nifty Infrastructure Index TRI",
        "fund_manager": [
            {
                "managing_fund_since": "November 15, 2023",
                "name": "Anuj Kapil",
                "qualification": "",
                "total_exp": "17 Yrs"
            }
        ],
        "load": {
            "entry_load": "- NIL",
            "exit_load": "Upto any amount (Including SIP)  1 if exited on or before 365 days,  Nil, if exited after 365 days SwitchExit load applicability for switch transaction will be as per the Switch Out (From scheme)"
        },
        "main_scheme_name": "taurus infrastructure fund",
        "metrics": {
            "alpha": null,
            "arithmetic_mean_ratio": null,
            "average_div_yld": null,
            "average_pb": null,
            "average_pe": null,
            "avg_maturity": null,
            "beta": "0.90",
            "correlation_ratio": null,
            "downside_deviation": null,
            "information_ratio": null,
            "macaulay": null,
            "mod_duration": null,
            "port_turnover_ratio": "1.02",
            "r_squared_ratio": null,
            "roe_ratio": null,
            "sharpe": "0.91",
            "sortino_ratio": null,
            "std_dev": "15.45",
            "treynor_ratio": null,
            "upside_deviation": null,
            "ytm": null
        },
        "min_addl_amt": null,
        "min_addl_amt_multiple": null,
        "min_amt": "500",
        "min_amt_multiple": "1",
        "monthly_aaum_date": "28FEBRUARY2025",
        "monthly_aaum_value": "9.22",
        "mutual_fund_name": "Taurus Mutual Fund",
        "page_number": [
            17
        ],
        "scheme_launch_date": "March 5, 2007"
    },
    "taurus nifty 50 index fund": {
        "amc_name": "Taurus Asset Management Company Limited",
        "benchmark_index": "Nifty 50 TRI",
        "fund_manager": [
            {
                "managing_fund_since": "August 07, 2023",
                "name": "Anuj Kapil",
                "qualification": "",
                "total_exp": "17 Yrs"
            }
        ],
        "load": {
            "entry_load": "- NIL",
            "exit_load": "-Up to any amount (Including SIP )  1 if exited on or before 365 days,  Nil, if exited after 365 days SwitchExit load applicability for switch transaction will be as per the Switch Out (From scheme)"
        },
        "main_scheme_name": "taurus nifty 50 index fund",
        "metrics": {
            "alpha": null,
            "arithmetic_mean_ratio": null,
            "average_div_yld": null,
            "average_pb": null,
            "average_pe": null,
            "avg_maturity": null,
            "beta": "0.98",
            "correlation_ratio": null,
            "downside_deviation": null,
            "information_ratio": null,
            "macaulay": null,
            "mod_duration": null,
            "port_turnover_ratio": "0.05",
            "r_squared_ratio": null,
            "roe_ratio": null,
            "sharpe": "0.41",
            "sortino_ratio": null,
            "std_dev": "12.52",
            "tracking_error": "0.05",
            "treynor_ratio": null,
            "upside_deviation": null,
            "ytm": null
        },
        "min_addl_amt": null,
        "min_addl_amt_multiple": null,
        "min_amt": "500",
        "min_amt_multiple": "1",
        "monthly_aaum_date": "28FEBRUARY2025",
        "monthly_aaum_value": "4.81",
        "mutual_fund_name": "Taurus Mutual Fund",
        "page_number": [
            18
        ],
        "scheme_launch_date": "June 19, 2010"
    }
}