{
    "invesco india elss tax saver fund": {
        "amc_name": "Invesco Asset Management (India) Private Limited",
        "benchmark_index": "BSE 500 TRI",
        "fund_manager": [
            {
                "managing_fund_since": "September 3, 2020",
                "name": "Amit Nigam",
                "qualification": "",
                "total_exp": "23 Years"
            },
            {
                "managing_fund_since": "March 29, 2018",
                "name": "Dhimant Kothari",
                "qualification": "",
                "total_exp": "19 Years"
            }
        ],
        "load": {
            "entry_load": "",
            "exit_load": "1 Nil"
        },
        "main_scheme_name": "invesco india elss tax saver fund",
        "metrics": {
            "alpha": null,
            "arithmetic_mean_ratio": null,
            "average_div_yld": null,
            "average_pb": "5.3",
            "average_pe": "33.5",
            "avg_maturity": null,
            "beta": "0.98",
            "correlation_ratio": null,
            "downside_deviation": null,
            "information_ratio": null,
            "macaulay": null,
            "mod_duration": null,
            "port_turnover_ratio": "0.91",
            "r_squared_ratio": null,
            "roe_ratio": null,
            "sharpe": "0.13",
            "sortino_ratio": null,
            "std_dev": "4.16",
            "treynor_ratio": null,
            "upside_deviation": null,
            "ytm": null
        },
        "min_addl_amt": "500",
        "min_addl_amt_multiple": "500",
        "min_amt": "500",
        "min_amt_multiple": "500",
        "monthly_aaum_date": "28FEBRUARY2025",
        "monthly_aaum_value": "2,848.68",
        "mutual_fund_name": "Invesco Mutual Fund",
        "page_number": [
            4
        ],
        "scheme_launch_date": "29 December, 2006"
    },
    "invesco india multicap fund": {
        "amc_name": "Invesco Asset Management (India) Private Limited",
        "benchmark_index": "NIFTY 500 Multicap 50:25:25 TRI",
        "fund_manager": [
            {
                "managing_fund_since": "December 1, 2023",
                "name": "Dhimant Kothari",
                "qualification": "",
                "total_exp": "19 Years"
            },
            {
                "managing_fund_since": "September 3, 2020",
                "name": "Amit Nigam",
                "qualification": "",
                "total_exp": "23 Years"
            }
        ],
        "load": {
            "entry_load": "",
            "exit_load": "1  Nil - if upto 10 of Units allotted are redeemed  switched-out within 1 year from the date of allotment.  1 - for any redemption  switch- out in excess of 10 of units allotted within one year from the date of allotment.  Nil - if units are redeemed or switched-out after 1 year from the date of allotment. Switch between the Plans under the Scheme, please refer page no. 61."
        },
        "main_scheme_name": "invesco india multicap fund",
        "metrics": {
            "alpha": null,
            "arithmetic_mean_ratio": null,
            "average_div_yld": null,
            "average_pb": "6.4",
            "average_pe": "41.6",
            "avg_maturity": null,
            "beta": "0.92",
            "correlation_ratio": null,
            "downside_deviation": null,
            "information_ratio": null,
            "macaulay": null,
            "mod_duration": null,
            "port_turnover_ratio": "1.26",
            "r_squared_ratio": null,
            "roe_ratio": null,
            "sharpe": "0.19",
            "sortino_ratio": null,
            "std_dev": "4.12",
            "treynor_ratio": null,
            "upside_deviation": null,
            "ytm": null
        },
        "min_addl_amt": "1,000",
        "min_addl_amt_multiple": "1",
        "min_amt": "1,000",
        "min_amt_multiple": "1",
        "monthly_aaum_date": "28FEBRUARY2025",
        "monthly_aaum_value": "3,803.76",
        "mutual_fund_name": "Invesco Mutual Fund",
        "page_number": [
            5
        ],
        "scheme_launch_date": "17March, 2008"
    },
    "invesco india contra fund": {
        "amc_name": "Invesco Asset Management (India) Private Limited",
        "benchmark_index": "BSE 500 TRI",
        "fund_manager": [
            {
                "managing_fund_since": "January 13, 2017",
                "name": "Taher Badshah",
                "qualification": "",
                "total_exp": "30 Years"
            },
            {
                "managing_fund_since": "December 1, 2023",
                "name": "Amit Ganatra",
                "qualification": "",
                "total_exp": "21 Years"
            }
        ],
        "load": {
            "entry_load": "",
            "exit_load": "1  Nil - if upto 10 of Units allotted are redeemed  switched-out within 1 year from the date of allotment. 1 - for any redemption  switch- out in excess of 10 of units allotted within one year from the date of allotment.  Nil if units are redeemed or switched-out after 1 year from the date of allotment. Switch between the Plans under the Scheme, please refer page no. 61."
        },
        "main_scheme_name": "invesco india contra fund",
        "metrics": {
            "alpha": null,
            "arithmetic_mean_ratio": null,
            "average_div_yld": null,
            "average_pb": "4.1",
            "average_pe": "27.2",
            "avg_maturity": null,
            "beta": "0.98",
            "correlation_ratio": null,
            "downside_deviation": null,
            "information_ratio": null,
            "macaulay": null,
            "mod_duration": null,
            "port_turnover_ratio": "0.73",
            "r_squared_ratio": null,
            "roe_ratio": null,
            "sharpe": "0.22",
            "sortino_ratio": null,
            "std_dev": "4.06",
            "treynor_ratio": null,
            "upside_deviation": null,
            "ytm": null
        },
        "min_addl_amt": "1,000",
        "min_addl_amt_multiple": "1",
        "min_amt": "1,000",
        "min_amt_multiple": "1",
        "monthly_aaum_date": "28FEBRUARY2025",
        "monthly_aaum_value": "17,507.46",
        "mutual_fund_name": "Invesco Mutual Fund",
        "page_number": [
            6
        ],
        "scheme_launch_date": "11April, 2007"
    },
    "invesco india largecap fund": {
        "amc_name": "Invesco Asset Management (India) Private Limited",
        "benchmark_index": "NIFTY 100 TRI",
        "fund_manager": [
            {
                "managing_fund_since": "September 3, 2020",
                "name": "Amit Nigam",
                "qualification": "",
                "total_exp": "23 Years"
            },
            {
                "managing_fund_since": "December 1, 2023",
                "name": "Hiten Jain",
                "qualification": "",
                "total_exp": "15 Years"
            }
        ],
        "load": {
            "entry_load": "",
            "exit_load": "1 Nil"
        },
        "main_scheme_name": "invesco india largecap fund",
        "metrics": {
            "alpha": null,
            "arithmetic_mean_ratio": null,
            "average_div_yld": null,
            "average_pb": "4.1",
            "average_pe": "29.0",
            "avg_maturity": null,
            "beta": "0.99",
            "correlation_ratio": null,
            "downside_deviation": null,
            "information_ratio": null,
            "macaulay": null,
            "mod_duration": null,
            "port_turnover_ratio": "0.70",
            "r_squared_ratio": null,
            "roe_ratio": null,
            "sharpe": "0.12",
            "sortino_ratio": null,
            "std_dev": "4.00",
            "treynor_ratio": null,
            "upside_deviation": null,
            "ytm": null
        },
        "min_addl_amt": "1,000",
        "min_addl_amt_multiple": "1",
        "min_amt": "1,000",
        "min_amt_multiple": "1",
        "monthly_aaum_date": "28FEBRUARY2025",
        "monthly_aaum_value": "1,303.30",
        "mutual_fund_name": "Invesco Mutual Fund",
        "page_number": [
            7
        ],
        "scheme_launch_date": "21August, 2009"
    },
    "invesco india focused fund": {
        "amc_name": "Invesco Asset Management (India) Private Limited",
        "benchmark_index": "BSE 500 TRI",
        "fund_manager": [
            {
                "managing_fund_since": "September 29, 2020",
                "name": "Taher Badshah",
                "qualification": "",
                "total_exp": "30 Years"
            },
            {
                "managing_fund_since": "September 14, 2022",
                "name": "Hiten Jain",
                "qualification": "",
                "total_exp": "15 Years"
            }
        ],
        "load": {
            "entry_load": "",
            "exit_load": "1  Nil - if upto 10 of Units allotted are redeemed  switched-out within 1 year from the date of allotment. 1 - for any redemption  switch- out in excess of 10 of units allotted within one year from the date of allotment.  Nil if units are redeemed or switched-out after 1 year from the date of allotment. Switch between the Plans under the Scheme, please refer page no. 61."
        },
        "main_scheme_name": "invesco india focused fund",
        "metrics": {
            "alpha": null,
            "arithmetic_mean_ratio": null,
            "average_div_yld": null,
            "average_pb": "6.8",
            "average_pe": "39.3",
            "avg_maturity": null,
            "beta": "1.00",
            "correlation_ratio": null,
            "downside_deviation": null,
            "information_ratio": null,
            "macaulay": null,
            "mod_duration": null,
            "port_turnover_ratio": "0.41",
            "r_squared_ratio": null,
            "roe_ratio": null,
            "sharpe": "0.22",
            "sortino_ratio": null,
            "std_dev": "4.50",
            "treynor_ratio": null,
            "upside_deviation": null,
            "ytm": null
        },
        "min_addl_amt": "1,000",
        "min_addl_amt_multiple": "1",
        "min_amt": "1,000",
        "min_amt_multiple": "1",
        "monthly_aaum_date": "28FEBRUARY2025",
        "monthly_aaum_value": "3,261.49",
        "mutual_fund_name": "Invesco Mutual Fund",
        "page_number": [
            8
        ],
        "scheme_launch_date": "29 September, 2020"
    },
    "invesco india large & mid cap fund": {
        "amc_name": "Invesco Asset Management (India) Private Limited",
        "benchmark_index": "NIFTY LargeMidcap 250 TRI",
        "fund_manager": [
            {
                "managing_fund_since": "November 9, 2023",
                "name": "Aditya Khemani",
                "qualification": "",
                "total_exp": "18 Years"
            },
            {
                "managing_fund_since": "January 21, 2022",
                "name": "Amit Ganatra",
                "qualification": "",
                "total_exp": "21 Years"
            }
        ],
        "load": {
            "entry_load": "",
            "exit_load": "1  Nil - if upto 10 of Units allotted are redeemed  switched-out within 1 year from the date of allotment.  1 - for any redemption  switch- out in excess of 10 of units allotted within one year from the date of allotment.  Nil - if units are redeemed or switched-out after 1 year from the date of allotment. Switch between the Plans under the Scheme, please refer page no. 61."
        },
        "main_scheme_name": "invesco india large & mid cap fund",
        "metrics": {
            "alpha": null,
            "arithmetic_mean_ratio": null,
            "average_div_yld": null,
            "average_pb": "5.7",
            "average_pe": "37.1",
            "avg_maturity": null,
            "beta": "0.98",
            "correlation_ratio": null,
            "downside_deviation": null,
            "information_ratio": null,
            "macaulay": null,
            "mod_duration": null,
            "port_turnover_ratio": "0.76",
            "r_squared_ratio": null,
            "roe_ratio": null,
            "sharpe": "0.23",
            "sortino_ratio": null,
            "std_dev": "4.33",
            "treynor_ratio": null,
            "upside_deviation": null,
            "ytm": null
        },
        "min_addl_amt": "1,000",
        "min_addl_amt_multiple": "1",
        "min_amt": "1,000",
        "min_amt_multiple": "1",
        "monthly_aaum_date": "28FEBRUARY2025",
        "monthly_aaum_value": "6,413.74",
        "mutual_fund_name": "Invesco Mutual Fund",
        "page_number": [
            9
        ],
        "scheme_launch_date": "9 August, 2007"
    },
    "invesco india midcap fund": {
        "amc_name": "Invesco Asset Management (India) Private Limited",
        "benchmark_index": "BSE 150 Midcap TRI",
        "fund_manager": [
            {
                "managing_fund_since": "November 9, 2023",
                "name": "Aditya Khemani",
                "qualification": "",
                "total_exp": "18 Years"
            },
            {
                "managing_fund_since": "September 1, 2023",
                "name": "Amit Ganatra",
                "qualification": "",
                "total_exp": "21 Years"
            }
        ],
        "load": {
            "entry_load": "",
            "exit_load": "1  Nil - if upto 10 of Units allotted are redeemed  switched-out within 1 year from the date of allotment. 1 - for any redemption  switch- out in excess of 10 of units allotted within one year from the date of allotment.  Nil if units are redeemed or switched-out after 1 year from the date of allotment. Switch between the Plans under the Scheme, please refer page no. 61."
        },
        "main_scheme_name": "invesco india midcap fund",
        "metrics": {
            "alpha": null,
            "arithmetic_mean_ratio": null,
            "average_div_yld": null,
            "average_pb": "5.8",
            "average_pe": "40.7",
            "avg_maturity": null,
            "beta": "0.95",
            "correlation_ratio": null,
            "downside_deviation": null,
            "information_ratio": null,
            "macaulay": null,
            "mod_duration": null,
            "port_turnover_ratio": "0.51",
            "r_squared_ratio": null,
            "roe_ratio": null,
            "sharpe": "0.24",
            "sortino_ratio": null,
            "std_dev": "4.67",
            "treynor_ratio": null,
            "upside_deviation": null,
            "ytm": null
        },
        "min_addl_amt": "1,000",
        "min_addl_amt_multiple": "1",
        "min_amt": "1,000",
        "min_amt_multiple": "1",
        "monthly_aaum_date": "28FEBRUARY2025",
        "monthly_aaum_value": "5,857.42",
        "mutual_fund_name": "Invesco Mutual Fund",
        "page_number": [
            10
        ],
        "scheme_launch_date": "19 April, 2007"
    },
    "invesco india smallcap fund": {
        "amc_name": "Invesco Asset Management (India) Private Limited",
        "benchmark_index": "BSE 250 Smallcap TRI",
        "fund_manager": [
            {
                "managing_fund_since": "October 30, 2018",
                "name": "Taher Badshah",
                "qualification": "",
                "total_exp": "30 Years"
            },
            {
                "managing_fund_since": "November 9, 2023",
                "name": "Aditya Khemani",
                "qualification": "",
                "total_exp": "18 Years"
            }
        ],
        "load": {
            "entry_load": "",
            "exit_load": "1  Nil - if upto 10 of Units allotted are redeemedswitched-out within 1 year from the date of allotment. 1 - for any redemption  switch-out in excess of 10 of units allotted within one year from the date of allotment. Nil - if units are redeemed or switched-out after 1 year from the date of allotment. Switch between the Plans under the Scheme, please refer page no. 61."
        },
        "main_scheme_name": "invesco india smallcap fund",
        "metrics": {
            "alpha": null,
            "arithmetic_mean_ratio": null,
            "average_div_yld": null,
            "average_pb": "6.6",
            "average_pe": "38.1",
            "avg_maturity": null,
            "beta": "0.78",
            "correlation_ratio": null,
            "downside_deviation": null,
            "information_ratio": null,
            "macaulay": null,
            "mod_duration": null,
            "port_turnover_ratio": "0.33",
            "r_squared_ratio": null,
            "roe_ratio": null,
            "sharpe": "0.27",
            "sortino_ratio": null,
            "std_dev": "4.56",
            "treynor_ratio": null,
            "upside_deviation": null,
            "ytm": null
        },
        "min_addl_amt": "1,000",
        "min_addl_amt_multiple": "1",
        "min_amt": "1,000",
        "min_amt_multiple": "1",
        "monthly_aaum_date": "28FEBRUARY2025",
        "monthly_aaum_value": "6,029.22",
        "mutual_fund_name": "Invesco Mutual Fund",
        "page_number": [
            11
        ],
        "scheme_launch_date": "30 October, 2018"
    },
    "invesco india financial services fund": {
        "amc_name": "Invesco Asset Management (India) Private Limited",
        "benchmark_index": "Nifty Financial Services TRI",
        "fund_manager": [
            {
                "managing_fund_since": "May 19, 2020",
                "name": "Hiten Jain",
                "qualification": "",
                "total_exp": "15 Years"
            },
            {
                "managing_fund_since": "June 1, 2018",
                "name": "Dhimant Kothari",
                "qualification": "",
                "total_exp": "19 Years"
            }
        ],
        "load": {
            "entry_load": "",
            "exit_load": "1  Nil - if upto 10 of Units allotted are redeemed  switched-out within 1 year from the date of allotment. 1 - for any redemption  switch- out in excess of 10 of units allotted within one year from the date of allotment.  Nil if units are redeemed or switched-out after 1 year from the date of allotment. Switch between the Plans under the Scheme, please refer page no. 61."
        },
        "main_scheme_name": "invesco india financial services fund",
        "metrics": {
            "alpha": null,
            "arithmetic_mean_ratio": null,
            "average_div_yld": null,
            "average_pb": "2.7",
            "average_pe": "17.8",
            "avg_maturity": null,
            "beta": "0.90",
            "correlation_ratio": null,
            "downside_deviation": null,
            "information_ratio": null,
            "macaulay": null,
            "mod_duration": null,
            "port_turnover_ratio": "0.23",
            "r_squared_ratio": null,
            "roe_ratio": null,
            "sharpe": "0.18",
            "sortino_ratio": null,
            "std_dev": "4.24",
            "treynor_ratio": null,
            "upside_deviation": null,
            "ytm": null
        },
        "min_addl_amt": "1,000",
        "min_addl_amt_multiple": "1",
        "min_amt": "1,000",
        "min_amt_multiple": "1",
        "monthly_aaum_date": "28FEBRUARY2025",
        "monthly_aaum_value": "1,122.69",
        "mutual_fund_name": "Invesco Mutual Fund",
        "page_number": [
            12
        ],
        "scheme_launch_date": "14 July, 2008"
    },
    "invesco india infrastructure fund": {
        "amc_name": "Invesco Asset Management (India) Private Limited",
        "benchmark_index": "BSE India Infrastructure TRI",
        "fund_manager": [
            {
                "managing_fund_since": "September 3, 2020",
                "name": "Amit Nigam",
                "qualification": "",
                "total_exp": "23 Years"
            }
        ],
        "load": {
            "entry_load": "",
            "exit_load": "1  Nil - if upto 10 of Units allotted are redeemed  switched-out within 1 year from the date of allotment. 1 - for any redemption  switch- out in excess of 10 of units allotted within one year from the date of allotment.  Nil if units are redeemed or switched-out after 1 year from the date of allotment. Switch between the Plans under the Scheme, please refer page no. 61."
        },
        "main_scheme_name": "invesco india infrastructure fund",
        "metrics": {
            "alpha": null,
            "arithmetic_mean_ratio": null,
            "average_div_yld": null,
            "average_pb": "6.2",
            "average_pe": "38.9",
            "avg_maturity": null,
            "beta": "0.55",
            "correlation_ratio": null,
            "downside_deviation": null,
            "information_ratio": null,
            "macaulay": null,
            "mod_duration": null,
            "port_turnover_ratio": "0.52",
            "r_squared_ratio": null,
            "roe_ratio": null,
            "sharpe": "0.29",
            "sortino_ratio": null,
            "std_dev": "4.67",
            "treynor_ratio": null,
            "upside_deviation": null,
            "ytm": null
        },
        "min_addl_amt": "1,000",
        "min_addl_amt_multiple": "1",
        "min_amt": "1,000",
        "min_amt_multiple": "1",
        "monthly_aaum_date": "28FEBRUARY2025",
        "monthly_aaum_value": "1,532.95",
        "mutual_fund_name": "Invesco Mutual Fund",
        "page_number": [
            13
        ],
        "scheme_launch_date": "21November, 2007"
    },
    "invesco india psu equity fund": {
        "amc_name": "Invesco Asset Management (India) Private Limited",
        "benchmark_index": "BSE PSU TRI",
        "fund_manager": [
            {
                "managing_fund_since": "May 19, 2020",
                "name": "Dhimant Kothari",
                "qualification": "",
                "total_exp": "19 Years"
            }
        ],
        "load": {
            "entry_load": "",
            "exit_load": "1  Nil - if upto 10 of Units allotted are redeemed  switched-out within 1 year from the date of allotment. 1 - for any redemption  switch- out in excess of 10 of units allotted within one year from the date of allotment.  Nil if units are redeemed or switched-out after 1 year from the date of allotment. Switch between the Plans under the Scheme, please refer page no. 61."
        },
        "main_scheme_name": "invesco india psu equity fund",
        "metrics": {
            "alpha": null,
            "arithmetic_mean_ratio": null,
            "average_div_yld": null,
            "average_pb": "2.4",
            "average_pe": "14.8",
            "avg_maturity": null,
            "beta": "0.91",
            "correlation_ratio": null,
            "downside_deviation": null,
            "information_ratio": null,
            "macaulay": null,
            "mod_duration": null,
            "port_turnover_ratio": "0.63",
            "r_squared_ratio": null,
            "roe_ratio": null,
            "sharpe": "0.31",
            "sortino_ratio": null,
            "std_dev": "5.67",
            "treynor_ratio": null,
            "upside_deviation": null,
            "ytm": null
        },
        "min_addl_amt": "1,000",
        "min_addl_amt_multiple": "1",
        "min_amt": "1,000",
        "min_amt_multiple": "1",
        "monthly_aaum_date": "28FEBRUARY2025",
        "monthly_aaum_value": "1,229.14",
        "mutual_fund_name": "Invesco Mutual Fund",
        "page_number": [
            14
        ],
        "scheme_launch_date": "18 November, 2009"
    },
    "invesco india esg integration strategy fund": {
        "amc_name": "Invesco Asset Management (India) Private Limited",
        "benchmark_index": "Nifty100 ESG Index TRI",
        "fund_manager": [
            {
                "managing_fund_since": "March 20, 2021",
                "name": "Taher Badshah",
                "qualification": "",
                "total_exp": "30 Years"
            },
            {
                "managing_fund_since": "March 20, 2021",
                "name": "Amit Nigam",
                "qualification": "",
                "total_exp": "23 Years"
            }
        ],
        "load": {
            "entry_load": "",
            "exit_load": "1  Nil - if upto 10 of Units allotted are redeemed  switched-out within 1 year from the date of allotment. 1 - for any redemption  switch- out in excess of 10 of units allotted within one year from the date of allotment.  Nil if units are redeemed or switched-out after 1 year from the date of allotment. Switch between the Plans under the Scheme, please refer page no. 61."
        },
        "main_scheme_name": "invesco india esg integration strategy fund",
        "metrics": {
            "alpha": null,
            "arithmetic_mean_ratio": null,
            "average_div_yld": null,
            "average_pb": "4.9",
            "average_pe": "27.7",
            "avg_maturity": null,
            "beta": "0.88",
            "correlation_ratio": null,
            "downside_deviation": null,
            "information_ratio": null,
            "macaulay": null,
            "mod_duration": null,
            "port_turnover_ratio": "0.49",
            "r_squared_ratio": null,
            "roe_ratio": null,
            "sharpe": "0.08",
            "sortino_ratio": null,
            "std_dev": "3.89",
            "treynor_ratio": null,
            "upside_deviation": null,
            "ytm": null
        },
        "min_addl_amt": "1,000",
        "min_addl_amt_multiple": "1",
        "min_amt": "1,000",
        "min_amt_multiple": "1",
        "monthly_aaum_date": "28FEBRUARY2025",
        "monthly_aaum_value": "493.70",
        "mutual_fund_name": "Invesco Mutual Fund",
        "page_number": [
            15
        ],
        "scheme_launch_date": "20 March, 2021"
    },
    "invesco india flexi cap fund": {
        "amc_name": "Invesco Asset Management (India) Private Limited",
        "benchmark_index": "BSE 500 TRI",
        "fund_manager": [
            {
                "managing_fund_since": "September 1, 2022",
                "name": "Amit Ganatra",
                "qualification": "",
                "total_exp": "21 Years"
            },
            {
                "managing_fund_since": "February 14, 2022",
                "name": "Taher Badshah",
                "qualification": "",
                "total_exp": "30 Years"
            }
        ],
        "load": {
            "entry_load": "",
            "exit_load": "1 If upto 10 of units allotted are redeemedswitched out within 1 year from the date of allotment  Nil - For any redemption  switch out in excess of 10 of units allotted within one year from the date of allotment  1 - If units are redeemedswitched out after 1 year from the date of allotment- Nil Switch between the Plans under the Scheme, please refer page no. 61."
        },
        "main_scheme_name": "invesco india flexi cap fund",
        "metrics": {
            "alpha": null,
            "arithmetic_mean_ratio": null,
            "average_div_yld": null,
            "average_pb": null,
            "average_pe": null,
            "avg_maturity": null,
            "beta": null,
            "correlation_ratio": null,
            "downside_deviation": null,
            "information_ratio": null,
            "macaulay": null,
            "mod_duration": null,
            "port_turnover_ratio": "0.84",
            "r_squared_ratio": null,
            "roe_ratio": null,
            "sharpe": null,
            "sortino_ratio": null,
            "std_dev": null,
            "treynor_ratio": null,
            "upside_deviation": null,
            "ytm": null
        },
        "min_addl_amt": "1,000",
        "min_addl_amt_multiple": "1",
        "min_amt": "1,000",
        "min_amt_multiple": "1",
        "monthly_aaum_date": "28FEBRUARY2025",
        "monthly_aaum_value": "2,506.51",
        "mutual_fund_name": "Invesco Mutual Fund",
        "page_number": [
            16
        ],
        "scheme_launch_date": "14 February 2022"
    },
    "invesco india manufacturing fund": {
        "amc_name": "Invesco Asset Management (India) Private Limited",
        "benchmark_index": "Nifty India Manufacturing TRI",
        "fund_manager": [
            {
                "managing_fund_since": "Augsut 14, 2024",
                "name": "Amit Ganatra",
                "qualification": "",
                "total_exp": "21 Years"
            },
            {
                "managing_fund_since": "August 14, 2024",
                "name": "Dhimant Kothari",
                "qualification": "",
                "total_exp": "19 Years"
            }
        ],
        "load": {
            "entry_load": "",
            "exit_load": "1 If units are redeemedswitched out on or before 3 months from the date of allotment 0.50. If units are redeemedswitched out after 3 months from the date of allotment Nil. Switch between the Plans under the Scheme Nil."
        },
        "main_scheme_name": "invesco india manufacturing fund",
        "metrics": {
            "alpha": null,
            "arithmetic_mean_ratio": null,
            "average_div_yld": null,
            "average_pb": null,
            "average_pe": null,
            "avg_maturity": null,
            "beta": null,
            "correlation_ratio": null,
            "downside_deviation": null,
            "information_ratio": null,
            "macaulay": null,
            "mod_duration": null,
            "port_turnover_ratio": null,
            "r_squared_ratio": null,
            "roe_ratio": null,
            "sharpe": null,
            "sortino_ratio": null,
            "std_dev": null,
            "treynor_ratio": null,
            "upside_deviation": null,
            "ytm": null
        },
        "min_addl_amt": "1,000",
        "min_addl_amt_multiple": "1",
        "min_amt": "1,000",
        "min_amt_multiple": "1",
        "monthly_aaum_date": "28FEBRUARY2025",
        "monthly_aaum_value": "810.11",
        "mutual_fund_name": "Invesco Mutual Fund",
        "page_number": [
            17
        ],
        "scheme_launch_date": "14 August 2024"
    },
    "invesco india technology fund": {
        "amc_name": "Invesco Asset Management (India) Private Limited",
        "benchmark_index": "Nifty IT TRI",
        "fund_manager": [
            {
                "managing_fund_since": "September 23, 2024",
                "name": "Hiten Jain",
                "qualification": "",
                "total_exp": "15 Years"
            },
            {
                "managing_fund_since": "September 23, 2024",
                "name": "Aditya Khemani",
                "qualification": "",
                "total_exp": "18 Years"
            }
        ],
        "load": {
            "entry_load": "",
            "exit_load": "1 If units are redeemedswitched out on or before 3 months from the date of allotment 0.50. If units are redeemedswitched out after 3 months from the date of allotment Nil. Switch between the Plans under the Scheme Nil."
        },
        "main_scheme_name": "invesco india technology fund",
        "metrics": {
            "alpha": null,
            "arithmetic_mean_ratio": null,
            "average_div_yld": null,
            "average_pb": null,
            "average_pe": null,
            "avg_maturity": null,
            "beta": null,
            "correlation_ratio": null,
            "downside_deviation": null,
            "information_ratio": null,
            "macaulay": null,
            "mod_duration": null,
            "port_turnover_ratio": null,
            "r_squared_ratio": null,
            "roe_ratio": null,
            "sharpe": null,
            "sortino_ratio": null,
            "std_dev": null,
            "treynor_ratio": null,
            "upside_deviation": null,
            "ytm": null
        },
        "min_addl_amt": "1,000",
        "min_addl_amt_multiple": "1",
        "min_amt": "1,000",
        "min_amt_multiple": "1",
        "monthly_aaum_date": "28FEBRUARY2025",
        "monthly_aaum_value": "339.81",
        "mutual_fund_name": "Invesco Mutual Fund",
        "page_number": [
            18
        ],
        "scheme_launch_date": "23 September, 2024"
    },
    "invesco india arbitrage fund": {
        "amc_name": "Invesco Asset Management (India) Private Limited",
        "benchmark_index": "Nifty 50 Arbitrage",
        "fund_manager": [
            {
                "managing_fund_since": "November 11, 2021",
                "name": "Deepak Gupta",
                "qualification": "",
                "total_exp": "19 Years"
            },
            {
                "managing_fund_since": "September 1, 2022",
                "name": "Kuber Mannadi",
                "qualification": "",
                "total_exp": "19 Years"
            }
        ],
        "load": {
            "entry_load": "",
            "exit_load": "1 If redeemedswitched-out on or before 15 Days from the date of allotment  0.5 If redeemedswitched-out after 15 Days from the date of allotment  Nil Switch between the Plans under the Scheme, please refer page no. 61."
        },
        "main_scheme_name": "invesco india arbitrage fund",
        "metrics": {
            "alpha": null,
            "arithmetic_mean_ratio": null,
            "average_div_yld": null,
            "average_pb": null,
            "average_pe": null,
            "avg_maturity": "167",
            "beta": "0.62",
            "correlation_ratio": null,
            "downside_deviation": null,
            "information_ratio": null,
            "macaulay": "147",
            "mod_duration": "143",
            "port_turnover_ratio": "17.37",
            "r_squared_ratio": null,
            "roe_ratio": null,
            "sharpe": null,
            "sortino_ratio": null,
            "std_dev": "0.16",
            "treynor_ratio": null,
            "upside_deviation": null,
            "ytm": null
        },
        "min_addl_amt": "1,000",
        "min_addl_amt_multiple": "1",
        "min_amt": "1,000",
        "min_amt_multiple": "1",
        "monthly_aaum_date": "28FEBRUARY2025",
        "monthly_aaum_value": "15,381.11",
        "mutual_fund_name": "Invesco Mutual Fund",
        "page_number": [
            19
        ],
        "scheme_launch_date": "30 April, 2007"
    },
    "invesco india balanced advantage fund": {
        "amc_name": "Invesco Asset Management (India) Private Limited",
        "benchmark_index": "NIFTY 50 Hybrid Composite Debt 50:50 Index",
        "fund_manager": [
            {
                "managing_fund_since": "September 1, 2022",
                "name": "Dhimant Kothari",
                "qualification": "",
                "total_exp": "19 Years"
            },
            {
                "managing_fund_since": "September 1, 2022",
                "name": "Amit Ganatra",
                "qualification": "",
                "total_exp": "21 Years"
            }
        ],
        "load": {
            "entry_load": "",
            "exit_load": "1 Nil - if upto 10 of Units allotted are redeemed  switched-out within 3 months from the date of allotment. 0.25 - for any redemption  switch-out in excess of 10 of units allotted within 3 months from the date of allotment.  Nil if units are redeemed or switched-out after 3 months from the date of allotment. Switch between the Plans under the Scheme, please refer page no. 61."
        },
        "main_scheme_name": "invesco india balanced advantage fund",
        "metrics": {
            "alpha": null,
            "arithmetic_mean_ratio": null,
            "average_div_yld": null,
            "average_pb": "4.7",
            "average_pe": "29.4",
            "avg_maturity": "1.3",
            "beta": "1.09",
            "correlation_ratio": null,
            "downside_deviation": null,
            "information_ratio": null,
            "macaulay": "1.1",
            "mod_duration": "1.05",
            "port_turnover_ratio": "2.52",
            "r_squared_ratio": null,
            "roe_ratio": null,
            "sharpe": "0.17",
            "sortino_ratio": null,
            "std_dev": "2.34",
            "treynor_ratio": null,
            "upside_deviation": null,
            "ytm": null
        },
        "min_addl_amt": "1,000",
        "min_addl_amt_multiple": "1",
        "min_amt": "1,000",
        "min_amt_multiple": "1",
        "monthly_aaum_date": "28FEBRUARY2025",
        "monthly_aaum_value": "815.43",
        "mutual_fund_name": "Invesco Mutual Fund",
        "page_number": [
            21
        ],
        "scheme_launch_date": "4 October, 2007"
    },
    "invesco india aggressive hybrid fund": {
        "amc_name": "Invesco Asset Management (India) Private Limited",
        "benchmark_index": "CRISIL Hybrid 35 + 65 - Aggressive Index",
        "fund_manager": [],
        "load": {
            "entry_load": "",
            "exit_load": "1  Nil - if upto 10 of Units allotted are redeemed  switched-out within 1 year from the date of allotment. 1 - for any redemption  switch- out in excess of 10 of units allotted within one year from the date of allotment.  Nil if units are redeemed or switched-out after 1 year from the date of allotment. Switch between the Plans under the Scheme, please refer page no. 61."
        },
        "main_scheme_name": "invesco india aggressive hybrid fund",
        "metrics": {
            "alpha": null,
            "arithmetic_mean_ratio": null,
            "average_div_yld": null,
            "average_pb": null,
            "average_pe": null,
            "avg_maturity": null,
            "beta": "1.07",
            "correlation_ratio": null,
            "downside_deviation": null,
            "information_ratio": null,
            "macaulay": null,
            "mod_duration": null,
            "port_turnover_ratio": "0.58",
            "r_squared_ratio": null,
            "roe_ratio": null,
            "sharpe": "0.20",
            "sortino_ratio": null,
            "std_dev": "3.07",
            "treynor_ratio": null,
            "upside_deviation": null,
            "ytm": null
        },
        "min_addl_amt": "1,000",
        "min_addl_amt_multiple": "1",
        "min_amt": "1,000",
        "min_amt_multiple": "1",
        "monthly_aaum_date": "28FEBRUARY2025",
        "monthly_aaum_value": "593.70",
        "mutual_fund_name": "Invesco Mutual Fund",
        "page_number": [
            22
        ],
        "scheme_launch_date": "30 June, 2018"
    },
    "invesco india equity savings fund": {
        "amc_name": "Invesco Asset Management (India) Private Limited",
        "benchmark_index": "Nifty Equity Savings Index",
        "fund_manager": [],
        "load": {
            "entry_load": "",
            "exit_load": "1  If redeemed  switched-out on or before 1 month from the date of allotment  0.25.  If redeemed  switched-out after 1 month from the date of allotment  Nil Switch between the Plans under the Scheme, please refer page no. 61."
        },
        "main_scheme_name": "invesco india equity savings fund",
        "metrics": {
            "alpha": null,
            "arithmetic_mean_ratio": null,
            "average_div_yld": null,
            "average_pb": null,
            "average_pe": null,
            "avg_maturity": null,
            "beta": "1.05",
            "correlation_ratio": null,
            "downside_deviation": null,
            "information_ratio": null,
            "macaulay": null,
            "mod_duration": null,
            "port_turnover_ratio": "4.76",
            "r_squared_ratio": null,
            "roe_ratio": null,
            "sharpe": "0.11",
            "sortino_ratio": null,
            "std_dev": "1.67",
            "treynor_ratio": null,
            "upside_deviation": null,
            "ytm": null
        },
        "min_addl_amt": "1,000",
        "min_addl_amt_multiple": "1",
        "min_amt": "1,000",
        "min_amt_multiple": "1",
        "monthly_aaum_date": "28FEBRUARY2025",
        "monthly_aaum_value": "376.19",
        "mutual_fund_name": "Invesco Mutual Fund",
        "page_number": [
            23
        ],
        "scheme_launch_date": "7 March, 2019"
    },
    "invesco india multi asset allocation fund": {
        "amc_name": "Invesco Asset Management (India) Private Limited",
        "benchmark_index": "Nifty 200 TRI (60%) + CRISIL 10 year Gilt Index (30%) + Domestic Price of Gold (5%) + Domestic Price of Silver (5%)",
        "fund_manager": [
            {
                "managing_fund_since": "December 17, 2024",
                "name": "Taher Badshah",
                "qualification": "",
                "total_exp": "30 Years"
            },
            {
                "managing_fund_since": "December 17, 2024",
                "name": "Herin Shah",
                "qualification": "",
                "total_exp": "14 Years"
            }
        ],
        "load": {
            "entry_load": "",
            "exit_load": "1  if upto 10 of Units allotted are redeemed  switched-out within 1 year Nil  for any redemption  switch-out in excess of 10 of units within one year 1  if units are redeemed or switched-out after 1 year Nil  Switch between the Plans under the Scheme Nil"
        },
        "main_scheme_name": "invesco india multi asset allocation fund",
        "metrics": {
            "alpha": null,
            "arithmetic_mean_ratio": null,
            "average_div_yld": null,
            "average_pb": null,
            "average_pe": null,
            "avg_maturity": null,
            "beta": null,
            "correlation_ratio": null,
            "downside_deviation": null,
            "information_ratio": null,
            "macaulay": null,
            "mod_duration": null,
            "port_turnover_ratio": null,
            "r_squared_ratio": null,
            "roe_ratio": null,
            "sharpe": null,
            "sortino_ratio": null,
            "std_dev": null,
            "treynor_ratio": null,
            "upside_deviation": null,
            "ytm": null
        },
        "min_addl_amt": "1,000",
        "min_addl_amt_multiple": "1",
        "min_amt": "1,000",
        "min_amt_multiple": "1",
        "monthly_aaum_date": "28FEBRUARY2025",
        "monthly_aaum_value": "245.66",
        "mutual_fund_name": "Invesco Mutual Fund",
        "page_number": [
            24
        ],
        "scheme_launch_date": "17December, 2024"
    },
    "invesco india liquid fund": {
        "amc_name": "Invesco Asset Management (India) Private Limited",
        "benchmark_index": "NIFTY Liquid Index A-I",
        "fund_manager": [
            {
                "managing_fund_since": "April 25, 2011",
                "name": "Krishna Cheemalapati",
                "qualification": "",
                "total_exp": "26 Years"
            },
            {
                "managing_fund_since": "February 14, 2022",
                "name": "Prateek Jain",
                "qualification": "",
                "total_exp": "13 Years"
            }
        ],
        "load": {
            "entry_load": "",
            "exit_load": "1"
        },
        "main_scheme_name": "invesco india liquid fund",
        "metrics": {
            "alpha": null,
            "arithmetic_mean_ratio": null,
            "average_div_yld": null,
            "average_pb": null,
            "average_pe": null,
            "avg_maturity": "42",
            "beta": null,
            "correlation_ratio": null,
            "downside_deviation": null,
            "information_ratio": null,
            "macaulay": "42",
            "mod_duration": "42",
            "port_turnover_ratio": null,
            "r_squared_ratio": null,
            "roe_ratio": null,
            "sharpe": null,
            "sortino_ratio": null,
            "std_dev": null,
            "treynor_ratio": null,
            "upside_deviation": null,
            "ytm": null
        },
        "min_addl_amt": "1,000",
        "min_addl_amt_multiple": "1",
        "min_amt": "1,000",
        "min_amt_multiple": "1",
        "monthly_aaum_date": "28FEBRUARY2025",
        "monthly_aaum_value": "13,006.93",
        "mutual_fund_name": "Invesco Mutual Fund",
        "page_number": [
            25
        ],
        "scheme_launch_date": "17November, 2006"
    },
    "invesco india overnight fund": {
        "amc_name": "Invesco Asset Management (India) Private Limited",
        "benchmark_index": "NIFTY 1D Rate Index",
        "fund_manager": [
            {
                "managing_fund_since": "January 8, 2020",
                "name": "Krishna Cheemalapati",
                "qualification": "",
                "total_exp": "26 Years"
            },
            {
                "managing_fund_since": "February 14, 2022",
                "name": "Prateek Jain",
                "qualification": "",
                "total_exp": "13 Years"
            }
        ],
        "load": {
            "entry_load": "",
            "exit_load": "1 Nil"
        },
        "main_scheme_name": "invesco india overnight fund",
        "metrics": {
            "alpha": null,
            "arithmetic_mean_ratio": null,
            "average_div_yld": null,
            "average_pb": null,
            "average_pe": null,
            "avg_maturity": null,
            "beta": null,
            "correlation_ratio": null,
            "downside_deviation": null,
            "information_ratio": null,
            "macaulay": null,
            "mod_duration": null,
            "port_turnover_ratio": null,
            "r_squared_ratio": null,
            "roe_ratio": null,
            "sharpe": null,
            "sortino_ratio": null,
            "std_dev": null,
            "treynor_ratio": null,
            "upside_deviation": null,
            "ytm": null
        },
        "min_addl_amt": "1,000",
        "min_addl_amt_multiple": "1",
        "min_amt": "1,000",
        "min_amt_multiple": "1",
        "monthly_aaum_date": "28FEBRUARY2025",
        "monthly_aaum_value": "693.75",
        "mutual_fund_name": "Invesco Mutual Fund",
        "page_number": [
            26
        ],
        "scheme_launch_date": "8 January, 2020"
    },
    "invesco india low duration fund": {
        "amc_name": "Invesco Asset Management (India) Private Limited",
        "benchmark_index": "NIFTY Low Duration Debt Index A-I",
        "fund_manager": [
            {
                "managing_fund_since": "January 1, 2013",
                "name": "Krishna Cheemalapati",
                "qualification": "",
                "total_exp": "26 Years"
            },
            {
                "managing_fund_since": "December 16, 2020",
                "name": "Vikas Garg",
                "qualification": "",
                "total_exp": "19 Years"
            }
        ],
        "load": {
            "entry_load": "",
            "exit_load": "1 Nil"
        },
        "main_scheme_name": "invesco india low duration fund",
        "metrics": {
            "alpha": null,
            "arithmetic_mean_ratio": null,
            "average_div_yld": null,
            "average_pb": null,
            "average_pe": null,
            "avg_maturity": "364",
            "beta": null,
            "correlation_ratio": null,
            "downside_deviation": null,
            "information_ratio": null,
            "macaulay": "341",
            "mod_duration": null,
            "port_turnover_ratio": null,
            "r_squared_ratio": null,
            "roe_ratio": null,
            "sharpe": null,
            "sortino_ratio": null,
            "std_dev": null,
            "treynor_ratio": null,
            "upside_deviation": null,
            "ytm": null
        },
        "min_addl_amt": "1,000",
        "min_addl_amt_multiple": "1",
        "min_amt": "1,000",
        "min_amt_multiple": "1",
        "monthly_aaum_date": "28FEBRUARY2025",
        "monthly_aaum_value": "1,653.90",
        "mutual_fund_name": "Invesco Mutual Fund",
        "page_number": [
            27
        ],
        "scheme_launch_date": "18 January, 2007"
    },
    "invesco india short duration fund": {
        "amc_name": "Invesco Asset Management (India) Private Limited",
        "benchmark_index": "NIFTY Short Duration Debt Index A-II",
        "fund_manager": [
            {
                "managing_fund_since": "September 26, 2020",
                "name": "Vikas Garg",
                "qualification": "",
                "total_exp": "19 Years"
            },
            {
                "managing_fund_since": "December 16, 2020",
                "name": "Krishna Cheemalapati",
                "qualification": "",
                "total_exp": "26 Years"
            }
        ],
        "load": {
            "entry_load": "",
            "exit_load": "1 Nil"
        },
        "main_scheme_name": "invesco india short duration fund",
        "metrics": {
            "alpha": null,
            "arithmetic_mean_ratio": null,
            "average_div_yld": null,
            "average_pb": null,
            "average_pe": null,
            "avg_maturity": "3.53",
            "beta": null,
            "correlation_ratio": null,
            "downside_deviation": null,
            "information_ratio": null,
            "macaulay": "2.92",
            "mod_duration": "2.79",
            "port_turnover_ratio": null,
            "r_squared_ratio": null,
            "roe_ratio": null,
            "sharpe": null,
            "sortino_ratio": null,
            "std_dev": null,
            "treynor_ratio": null,
            "upside_deviation": null,
            "ytm": null
        },
        "min_addl_amt": "1,000",
        "min_addl_amt_multiple": "1",
        "min_amt": "1,000",
        "min_amt_multiple": "1",
        "monthly_aaum_date": "28FEBRUARY2025",
        "monthly_aaum_value": "474.47",
        "mutual_fund_name": "Invesco Mutual Fund",
        "page_number": [
            28
        ],
        "scheme_launch_date": "24 March, 2007"
    },
    "invesco india money market fund": {
        "amc_name": "Invesco Asset Management (India) Private Limited",
        "benchmark_index": "NIFTY Money Market Index A-I",
        "fund_manager": [
            {
                "managing_fund_since": "January 4, 2020",
                "name": "Krishna Cheemalapati",
                "qualification": "",
                "total_exp": "26 Years"
            },
            {
                "managing_fund_since": "December 16, 2020",
                "name": "Vikas Garg",
                "qualification": "",
                "total_exp": "19 Years"
            }
        ],
        "load": {
            "entry_load": "",
            "exit_load": "1 Nil"
        },
        "main_scheme_name": "invesco india money market fund",
        "metrics": {
            "alpha": null,
            "arithmetic_mean_ratio": null,
            "average_div_yld": null,
            "average_pb": null,
            "average_pe": null,
            "avg_maturity": "196",
            "beta": null,
            "correlation_ratio": null,
            "downside_deviation": null,
            "information_ratio": null,
            "macaulay": "196",
            "mod_duration": "196",
            "port_turnover_ratio": null,
            "r_squared_ratio": null,
            "roe_ratio": null,
            "sharpe": null,
            "sortino_ratio": null,
            "std_dev": null,
            "treynor_ratio": null,
            "upside_deviation": null,
            "ytm": null
        },
        "min_addl_amt": "1,000",
        "min_addl_amt_multiple": "1",
        "min_amt": "1,000",
        "min_amt_multiple": "1",
        "monthly_aaum_date": "28FEBRUARY2025",
        "monthly_aaum_value": "5,649.83",
        "mutual_fund_name": "Invesco Mutual Fund",
        "page_number": [
            29
        ],
        "scheme_launch_date": "28 August, 2009"
    },
    "invesco india ultra short duration fund": {
        "amc_name": "Invesco Asset Management (India) Private Limited",
        "benchmark_index": "Nifty Ultra Short Duration Debt Index A-I",
        "fund_manager": [
            {
                "managing_fund_since": "January 4, 2020",
                "name": "Krishna Cheemalapati",
                "qualification": "",
                "total_exp": "26 Years"
            },
            {
                "managing_fund_since": "July 27, 2021",
                "name": "Vikas Garg",
                "qualification": "",
                "total_exp": "19 Years"
            }
        ],
        "load": {
            "entry_load": "",
            "exit_load": "1 Nil"
        },
        "main_scheme_name": "invesco india ultra short duration fund",
        "metrics": {
            "alpha": null,
            "arithmetic_mean_ratio": null,
            "average_div_yld": null,
            "average_pb": null,
            "average_pe": null,
            "avg_maturity": "185",
            "beta": null,
            "correlation_ratio": null,
            "downside_deviation": null,
            "information_ratio": null,
            "macaulay": "179",
            "mod_duration": "171",
            "port_turnover_ratio": null,
            "r_squared_ratio": null,
            "roe_ratio": null,
            "sharpe": null,
            "sortino_ratio": null,
            "std_dev": null,
            "treynor_ratio": null,
            "upside_deviation": null,
            "ytm": null
        },
        "min_addl_amt": "1,000",
        "min_addl_amt_multiple": "1",
        "min_amt": "1,000",
        "min_amt_multiple": "1",
        "monthly_aaum_date": "28FEBRUARY2025",
        "monthly_aaum_value": "1,377.42",
        "mutual_fund_name": "Invesco Mutual Fund",
        "page_number": [
            30
        ],
        "scheme_launch_date": "30 December, 2010"
    },
    "invesco india medium duration fund": {
        "amc_name": "Invesco Asset Management (India) Private Limited",
        "benchmark_index": "Nifty Medium Duration Debt Index A-III",
        "fund_manager": [
            {
                "managing_fund_since": "July 16, 2021",
                "name": "Vikas Garg",
                "qualification": "",
                "total_exp": "19 Years"
            },
            {
                "managing_fund_since": "July 16, 2021",
                "name": "Krishna Cheemalapati",
                "qualification": "",
                "total_exp": "26 Years"
            }
        ],
        "load": {
            "entry_load": "",
            "exit_load": "1 Nil"
        },
        "main_scheme_name": "invesco india medium duration fund",
        "metrics": {
            "alpha": null,
            "arithmetic_mean_ratio": null,
            "average_div_yld": null,
            "average_pb": null,
            "average_pe": null,
            "avg_maturity": "5.15",
            "beta": null,
            "correlation_ratio": null,
            "downside_deviation": null,
            "information_ratio": null,
            "macaulay": "3.85",
            "mod_duration": "3.7",
            "port_turnover_ratio": null,
            "r_squared_ratio": null,
            "roe_ratio": null,
            "sharpe": null,
            "sortino_ratio": null,
            "std_dev": null,
            "treynor_ratio": null,
            "upside_deviation": null,
            "ytm": null
        },
        "min_addl_amt": "1,000",
        "min_addl_amt_multiple": "1",
        "min_amt": "1,000",
        "min_amt_multiple": "1",
        "monthly_aaum_date": "28FEBRUARY2025",
        "monthly_aaum_value": "173.19",
        "mutual_fund_name": "Invesco Mutual Fund",
        "page_number": [
            31
        ],
        "scheme_launch_date": "16 July, 2021"
    },
    "invesco india credit risk fund": {
        "amc_name": "Invesco Asset Management (India) Private Limited",
        "benchmark_index": "NIFTY Credit Risk Bond Index B-II",
        "fund_manager": [
            {
                "managing_fund_since": "September 26, 2020",
                "name": "Vikas Garg",
                "qualification": "",
                "total_exp": "19 Years"
            },
            {
                "managing_fund_since": "December 16, 2020",
                "name": "Krishna Cheemalapati",
                "qualification": "",
                "total_exp": "26 Years"
            }
        ],
        "load": {
            "entry_load": "",
            "exit_load": "1 For each purchase of units through Lumpsum  Switch-in  Systematic Investment Plan (SIP), Systematic Transfer Plan (STP) and IDCW Transfer Plan, exit load will be as follows an exit load of 4 is payable if units are redeemed switched- out on or before 1 year from the date of allotment. no exit load is payable if units are redeemed switched-out after 1 year from the date of allotment. Switch between the Plans under the Scheme Nil"
        },
        "main_scheme_name": "invesco india credit risk fund",
        "metrics": {
            "alpha": null,
            "arithmetic_mean_ratio": null,
            "average_div_yld": null,
            "average_pb": null,
            "average_pe": null,
            "avg_maturity": "4.52",
            "beta": null,
            "correlation_ratio": null,
            "downside_deviation": null,
            "information_ratio": null,
            "macaulay": "3.38",
            "mod_duration": "3.24",
            "port_turnover_ratio": null,
            "r_squared_ratio": null,
            "roe_ratio": null,
            "sharpe": null,
            "sortino_ratio": null,
            "std_dev": null,
            "treynor_ratio": null,
            "upside_deviation": null,
            "ytm": null
        },
        "min_addl_amt": "1,000",
        "min_addl_amt_multiple": "1",
        "min_amt": "1,000",
        "min_amt_multiple": "1",
        "monthly_aaum_date": "28FEBRUARY2025",
        "monthly_aaum_value": "141.6",
        "mutual_fund_name": "Invesco Mutual Fund",
        "page_number": [
            32
        ],
        "scheme_launch_date": "4 September, 2014"
    },
    "invesco india gilt fund": {
        "amc_name": "Invesco Asset Management (India) Private Limited",
        "benchmark_index": "NIFTY All Duration G-Sec Index",
        "fund_manager": [
            {
                "managing_fund_since": "July 27, 2021",
                "name": "Krishna Cheemalapati",
                "qualification": "",
                "total_exp": "26 Years"
            },
            {
                "managing_fund_since": "September 26, 2020",
                "name": "Vikas Garg",
                "qualification": "",
                "total_exp": "19 Years"
            }
        ],
        "load": {
            "entry_load": "",
            "exit_load": "1 Nil"
        },
        "main_scheme_name": "invesco india gilt fund",
        "metrics": {
            "alpha": null,
            "arithmetic_mean_ratio": null,
            "average_div_yld": null,
            "average_pb": null,
            "average_pe": null,
            "avg_maturity": "28.47",
            "beta": null,
            "correlation_ratio": null,
            "downside_deviation": null,
            "information_ratio": null,
            "macaulay": "11.31",
            "mod_duration": "10.93",
            "port_turnover_ratio": null,
            "r_squared_ratio": null,
            "roe_ratio": null,
            "sharpe": null,
            "sortino_ratio": null,
            "std_dev": null,
            "treynor_ratio": null,
            "upside_deviation": null,
            "ytm": null
        },
        "min_addl_amt": "1,000",
        "min_addl_amt_multiple": "1",
        "min_amt": "1,000",
        "min_amt_multiple": "1",
        "monthly_aaum_date": "28FEBRUARY2025",
        "monthly_aaum_value": "1,330.74",
        "mutual_fund_name": "Invesco Mutual Fund",
        "page_number": [
            33
        ],
        "scheme_launch_date": "9 February, 2008"
    },
    "invesco india corporate bond fund": {
        "amc_name": "Invesco Asset Management (India) Private Limited",
        "benchmark_index": "Nifty Corporate Bond Index A-II",
        "fund_manager": [
            {
                "managing_fund_since": "September 26, 2020",
                "name": "Vikas Garg",
                "qualification": "",
                "total_exp": "19 Years"
            },
            {
                "managing_fund_since": "December 16, 2020",
                "name": "Krishna Cheemalapati",
                "qualification": "",
                "total_exp": "26 Years"
            }
        ],
        "load": {
            "entry_load": "",
            "exit_load": "1 Nil"
        },
        "main_scheme_name": "invesco india corporate bond fund",
        "metrics": {
            "alpha": null,
            "arithmetic_mean_ratio": null,
            "average_div_yld": null,
            "average_pb": null,
            "average_pe": null,
            "avg_maturity": null,
            "beta": null,
            "correlation_ratio": null,
            "downside_deviation": null,
            "information_ratio": null,
            "macaulay": "3.85",
            "mod_duration": "3.66",
            "port_turnover_ratio": null,
            "r_squared_ratio": null,
            "roe_ratio": null,
            "sharpe": null,
            "sortino_ratio": null,
            "std_dev": null,
            "treynor_ratio": null,
            "upside_deviation": null,
            "ytm": null
        },
        "min_addl_amt": "1,000",
        "min_addl_amt_multiple": "1",
        "min_amt": "1,000",
        "min_amt_multiple": "1",
        "monthly_aaum_date": "28FEBRUARY2025",
        "monthly_aaum_value": "5,667.99",
        "mutual_fund_name": "Invesco Mutual Fund",
        "page_number": [
            34
        ],
        "scheme_launch_date": "2 August, 2007"
    },
    "invesco india banking and psu fund": {
        "amc_name": "Invesco Asset Management (India) Private Limited",
        "benchmark_index": "Nifty Banking & PSU Debt Index A-II",
        "fund_manager": [
            {
                "managing_fund_since": "September 26, 2020",
                "name": "Vikas Garg",
                "qualification": "",
                "total_exp": "19 Years"
            },
            {
                "managing_fund_since": "December 16, 2020",
                "name": "Krishna Cheemalapati",
                "qualification": "",
                "total_exp": "26 Years"
            }
        ],
        "load": {
            "entry_load": "",
            "exit_load": "1 Nil"
        },
        "main_scheme_name": "invesco india banking and psu fund",
        "metrics": {
            "alpha": null,
            "arithmetic_mean_ratio": null,
            "average_div_yld": null,
            "average_pb": null,
            "average_pe": null,
            "avg_maturity": "5.4",
            "beta": null,
            "correlation_ratio": null,
            "downside_deviation": null,
            "information_ratio": null,
            "macaulay": "4.01",
            "mod_duration": "3.79",
            "port_turnover_ratio": null,
            "r_squared_ratio": null,
            "roe_ratio": null,
            "sharpe": null,
            "sortino_ratio": null,
            "std_dev": null,
            "treynor_ratio": null,
            "upside_deviation": null,
            "ytm": null
        },
        "min_addl_amt": "1,000",
        "min_addl_amt_multiple": "1",
        "min_amt": "1,000",
        "min_amt_multiple": "1",
        "monthly_aaum_date": "28FEBRUARY2025",
        "monthly_aaum_value": "99.87",
        "mutual_fund_name": "Invesco Mutual Fund",
        "page_number": [
            35
        ],
        "scheme_launch_date": "29 December, 2012"
    },
    "invesco india nifty g-sec jul 2027 index fund": {
        "amc_name": "Invesco Asset Management (India) Private Limited",
        "benchmark_index": "Nifty G-sec Sep 2032 Index",
        "fund_manager": [],
        "load": {
            "entry_load": "",
            "exit_load": "1  If units are redeemed  switched out within 30 days from the date of allotment - 0.25  If units are redeemedswitched out after 30 days from the date of allotment  Nil  Switch between the Plans under the Scheme Nil"
        },
        "main_scheme_name": "invesco india nifty g-sec jul 2027 index fund",
        "metrics": {
            "alpha": null,
            "arithmetic_mean_ratio": null,
            "average_div_yld": null,
            "average_pb": null,
            "average_pe": null,
            "avg_maturity": null,
            "beta": null,
            "correlation_ratio": null,
            "downside_deviation": null,
            "information_ratio": null,
            "macaulay": null,
            "mod_duration": null,
            "port_turnover_ratio": null,
            "r_squared_ratio": null,
            "roe_ratio": null,
            "sharpe": null,
            "sortino_ratio": null,
            "std_dev": null,
            "treynor_ratio": null,
            "upside_deviation": null,
            "ytm": null
        },
        "min_addl_amt": null,
        "min_addl_amt_multiple": null,
        "min_amt": "1,000",
        "min_amt_multiple": "1",
        "monthly_aaum_date": "28FEBRUARY2025",
        "monthly_aaum_value": "49.02",
        "mutual_fund_name": "Invesco Mutual Fund",
        "page_number": [
            36
        ],
        "scheme_launch_date": "29 March, 2023"
    },
    "invesco india - invesco global consumer trends fund of fund": {
        "amc_name": "Invesco Asset Management (India) Private Limited",
        "benchmark_index": "MSCI World Consumer Discretionary Index- Net Total Return",
        "fund_manager": [
            {
                "managing_fund_since": "August 1, 2024",
                "name": "Herin Shah",
                "qualification": "",
                "total_exp": "14 Years"
            }
        ],
        "load": {
            "entry_load": "",
            "exit_load": "1  Nil - if upto 10 of Units allotted are redeemed  switched-out within 1 year from the date of allotment. 1 - for any redemption  switch-out in excess of 10 of units allotted within one year from the date of allotment.  Nil if units are redeemed or switched-out after 1 year from the date of allotment. Switch between the Plans under the Scheme, please refer page no. 61."
        },
        "main_scheme_name": "invesco india - invesco global consumer trends fund of fund",
        "metrics": {
            "alpha": null,
            "arithmetic_mean_ratio": null,
            "average_div_yld": null,
            "average_pb": null,
            "average_pe": null,
            "avg_maturity": null,
            "beta": null,
            "correlation_ratio": null,
            "downside_deviation": null,
            "information_ratio": null,
            "macaulay": null,
            "mod_duration": null,
            "port_turnover_ratio": null,
            "r_squared_ratio": null,
            "roe_ratio": null,
            "sharpe": null,
            "sortino_ratio": null,
            "std_dev": null,
            "treynor_ratio": null,
            "upside_deviation": null,
            "ytm": null
        },
        "min_addl_amt": "1,000",
        "min_addl_amt_multiple": "1",
        "min_amt": "1,000",
        "min_amt_multiple": "1",
        "monthly_aaum_date": "28FEBRUARY2025",
        "monthly_aaum_value": "320.44",
        "mutual_fund_name": "Invesco Mutual Fund",
        "page_number": [
            37
        ],
        "scheme_launch_date": "24 December, 2020"
    },
    "invesco india - invesco eqqq nasdaq-100 etf fund of fund": {
        "amc_name": "Invesco Asset Management (India) Private Limited",
        "benchmark_index": "NASDAQ-100 Notional Index (Net Total Return)",
        "fund_manager": [
            {
                "managing_fund_since": "August 1, 2024",
                "name": "Herin Shah",
                "qualification": "",
                "total_exp": "14 Years"
            }
        ],
        "load": {
            "entry_load": "",
            "exit_load": "1 Nil"
        },
        "main_scheme_name": "invesco india - invesco eqqq nasdaq-100 etf fund of fund",
        "metrics": {
            "alpha": null,
            "arithmetic_mean_ratio": null,
            "average_div_yld": null,
            "average_pb": null,
            "average_pe": null,
            "avg_maturity": null,
            "beta": null,
            "correlation_ratio": null,
            "downside_deviation": null,
            "information_ratio": null,
            "macaulay": null,
            "mod_duration": null,
            "port_turnover_ratio": null,
            "r_squared_ratio": null,
            "roe_ratio": null,
            "sharpe": null,
            "sortino_ratio": null,
            "std_dev": null,
            "treynor_ratio": null,
            "upside_deviation": null,
            "ytm": null
        },
        "min_addl_amt": "1,000",
        "min_addl_amt_multiple": "1",
        "min_amt": "1,000",
        "min_amt_multiple": "1",
        "monthly_aaum_date": "28FEBRUARY2025",
        "monthly_aaum_value": "410.03",
        "mutual_fund_name": "Invesco Mutual Fund",
        "page_number": [
            38
        ],
        "scheme_launch_date": "21April, 2022"
    },
    "invesco india - invesco pan european equity fund of fund": {
        "amc_name": "Invesco Asset Management (India) Private Limited",
        "benchmark_index": "MSCI Europe Index - Net Total Return",
        "fund_manager": [
            {
                "managing_fund_since": "August 1, 2024",
                "name": "Herin Shah",
                "qualification": "",
                "total_exp": "14 Years"
            }
        ],
        "load": {
            "entry_load": "",
            "exit_load": "1  Nil - if upto 10 of Units allotted are redeemed  switched-out within 1 year from the date of allotment. 1 - for any redemption  switch- out in excess of 10 of units allotted within one year from the date of allotment.  Nil if units are redeemed or switched-out after 1 year from the date of allotment. Switch between the Plans under the Scheme, please refer page no. 61."
        },
        "main_scheme_name": "invesco india - invesco pan european equity fund of fund",
        "metrics": {
            "alpha": null,
            "arithmetic_mean_ratio": null,
            "average_div_yld": null,
            "average_pb": null,
            "average_pe": null,
            "avg_maturity": null,
            "beta": null,
            "correlation_ratio": null,
            "downside_deviation": null,
            "information_ratio": null,
            "macaulay": null,
            "mod_duration": null,
            "port_turnover_ratio": null,
            "r_squared_ratio": null,
            "roe_ratio": null,
            "sharpe": null,
            "sortino_ratio": null,
            "std_dev": null,
            "treynor_ratio": null,
            "upside_deviation": null,
            "ytm": null
        },
        "min_addl_amt": "1,000",
        "min_addl_amt_multiple": "1",
        "min_amt": "1,000",
        "min_amt_multiple": "1",
        "monthly_aaum_date": "28FEBRUARY2025",
        "monthly_aaum_value": "33.44",
        "mutual_fund_name": "Invesco Mutual Fund",
        "page_number": [
            39
        ],
        "scheme_launch_date": "31January, 2014"
    },
    "invesco india - invesco global equity income fund of fund": {
        "amc_name": "Invesco Asset Management (India) Private Limited",
        "benchmark_index": "MSCI World Index - Net Total Return",
        "fund_manager": [
            {
                "managing_fund_since": "August 1, 2024",
                "name": "Herin Shah",
                "qualification": "",
                "total_exp": "14 Years"
            }
        ],
        "load": {
            "entry_load": "",
            "exit_load": "1  Nil - if upto 10 of Units allotted are redeemed  switched-out within 1 year from the date of allotment. 1 - for any redemption  switch- out in excess of 10 of units allotted within one year from the date of allotment.  Nil if units are redeemed or switched-out after 1 year from the date of allotment. Switch between the Plans under the Scheme, please refer page no. 61."
        },
        "main_scheme_name": "invesco india - invesco global equity income fund of fund",
        "metrics": {
            "alpha": null,
            "arithmetic_mean_ratio": null,
            "average_div_yld": null,
            "average_pb": null,
            "average_pe": null,
            "avg_maturity": null,
            "beta": null,
            "correlation_ratio": null,
            "downside_deviation": null,
            "information_ratio": null,
            "macaulay": null,
            "mod_duration": null,
            "port_turnover_ratio": null,
            "r_squared_ratio": null,
            "roe_ratio": null,
            "sharpe": null,
            "sortino_ratio": null,
            "std_dev": null,
            "treynor_ratio": null,
            "upside_deviation": null,
            "ytm": null
        },
        "min_addl_amt": "1,000",
        "min_addl_amt_multiple": "1",
        "min_amt": "1,000",
        "min_amt_multiple": "1",
        "monthly_aaum_date": "28FEBRUARY2025",
        "monthly_aaum_value": "27.13",
        "mutual_fund_name": "Invesco Mutual Fund",
        "page_number": [
            40
        ],
        "scheme_launch_date": "5 May, 2014"
    },
    "invesco india gold etf fund of fund": {
        "amc_name": "Invesco Asset Management (India) Private Limited",
        "benchmark_index": "Price of Gold",
        "fund_manager": [
            {
                "managing_fund_since": "August 1, 2024",
                "name": "Herin Shah",
                "qualification": "",
                "total_exp": "14 Years"
            }
        ],
        "load": {
            "entry_load": "",
            "exit_load": "1 Nil"
        },
        "main_scheme_name": "invesco india gold etf fund of fund",
        "metrics": {
            "alpha": null,
            "arithmetic_mean_ratio": null,
            "average_div_yld": null,
            "average_pb": null,
            "average_pe": null,
            "avg_maturity": null,
            "beta": null,
            "correlation_ratio": null,
            "downside_deviation": null,
            "information_ratio": null,
            "macaulay": null,
            "mod_duration": null,
            "port_turnover_ratio": null,
            "r_squared_ratio": null,
            "roe_ratio": null,
            "sharpe": null,
            "sortino_ratio": null,
            "std_dev": null,
            "treynor_ratio": null,
            "upside_deviation": null,
            "ytm": null
        },
        "min_addl_amt": "1,000",
        "min_addl_amt_multiple": "1",
        "min_amt": "1,000",
        "min_amt_multiple": "1",
        "monthly_aaum_date": "28FEBRUARY2025",
        "monthly_aaum_value": "106.98",
        "mutual_fund_name": "Invesco Mutual Fund",
        "page_number": [
            41
        ],
        "scheme_launch_date": "5 December, 2011"
    },
    "invesco india gold exchange traded fund": {
        "amc_name": "Invesco Asset Management (India) Private Limited",
        "benchmark_index": "Price of Gold",
        "fund_manager": [
            {
                "managing_fund_since": "August 1, 2024",
                "name": "Herin Shah",
                "qualification": "",
                "total_exp": "14 Years"
            }
        ],
        "load": {
            "entry_load": "",
            "exit_load": "1 Nil (For redemption in Creation Unit size.)"
        },
        "main_scheme_name": "invesco india gold exchange traded fund",
        "metrics": {
            "alpha": null,
            "arithmetic_mean_ratio": null,
            "average_div_yld": null,
            "average_pb": null,
            "average_pe": null,
            "avg_maturity": null,
            "beta": null,
            "correlation_ratio": null,
            "downside_deviation": null,
            "information_ratio": null,
            "macaulay": null,
            "mod_duration": null,
            "port_turnover_ratio": null,
            "r_squared_ratio": null,
            "roe_ratio": null,
            "sharpe": null,
            "sortino_ratio": null,
            "std_dev": null,
            "treynor_ratio": null,
            "upside_deviation": null,
            "ytm": null
        },
        "min_addl_amt": null,
        "min_addl_amt_multiple": null,
        "min_amt": "202",
        "min_amt_multiple": "5",
        "monthly_aaum_date": "28FEBRUARY2025",
        "monthly_aaum_value": "210.58",
        "mutual_fund_name": "Invesco Mutual Fund",
        "page_number": [
            42
        ],
        "scheme_launch_date": "12March, 2010"
    },
    "invesco india nifty 50 exchange traded fund": {
        "amc_name": "Invesco Asset Management (India) Private Limited",
        "benchmark_index": "Nifty 50 TRI",
        "fund_manager": [
            {
                "managing_fund_since": "May 19, 2020",
                "name": "Kuber Mannadi",
                "qualification": "",
                "total_exp": "19 Years"
            }
        ],
        "load": {
            "entry_load": "",
            "exit_load": "1, 1.1 Nil (For redemption in Creation Unit size.)"
        },
        "main_scheme_name": "invesco india nifty 50 exchange traded fund",
        "metrics": {
            "alpha": null,
            "arithmetic_mean_ratio": null,
            "average_div_yld": null,
            "average_pb": null,
            "average_pe": null,
            "avg_maturity": null,
            "beta": null,
            "correlation_ratio": null,
            "downside_deviation": null,
            "information_ratio": null,
            "macaulay": null,
            "mod_duration": null,
            "port_turnover_ratio": null,
            "r_squared_ratio": null,
            "roe_ratio": null,
            "sharpe": null,
            "sortino_ratio": null,
            "std_dev": null,
            "treynor_ratio": null,
            "upside_deviation": null,
            "ytm": null
        },
        "min_addl_amt": null,
        "min_addl_amt_multiple": null,
        "min_amt": "202",
        "min_amt_multiple": "5",
        "monthly_aaum_date": "28FEBRUARY2025",
        "monthly_aaum_value": "87.30",
        "mutual_fund_name": "Invesco Mutual Fund",
        "page_number": [
            43
        ],
        "scheme_launch_date": "13 June, 2011"
    }
}