{
    "zerodha nifty largemidcap": {
        "amc_name": "Zerodha Asset Management Private Limited",
        "benchmark_index": "Nifty LargeMidcap 250 Index-TRI NAV 12.8209",
        "fund_manager": [
            {
                "managing_fund_since": "Nov 2023",
                "name": "Kedarnath Mirajkar",
                "qualification": "",
                "total_exp": "19 Years"
            }
        ],
        "load": {
            "entry_load": null,
            "exit_load": "0"
        },
        "main_scheme_name": "zerodha nifty largemidcap",
        "metrics": {
            "alpha": null,
            "arithmetic_mean_ratio": null,
            "average_div_yld": null,
            "average_pb": null,
            "average_pe": null,
            "avg_maturity": null,
            "beta": null,
            "correlation_ratio": null,
            "downside_deviation": null,
            "information_ratio": null,
            "macaulay": null,
            "mod_duration": null,
            "port_turnover_ratio": "0.14",
            "r_squared_ratio": null,
            "roe_ratio": null,
            "sharpe": null,
            "sortino_ratio": null,
            "std_dev": null,
            "treynor_ratio": null,
            "upside_deviation": null,
            "ytm": null
        },
        "min_addl_amt": null,
        "min_addl_amt_multiple": null,
        "min_amt": "100",
        "min_amt_multiple": "",
        "monthly_aaum_date": "28FEBRUARY2025",
        "monthly_aaum_value": "750.68",
        "mutual_fund_name": "Zerodha Mutual Fund",
        "page_number": [
            3
        ],
        "scheme_launch_date": null
    },
    "zerodha elss tax saver nifty": {
        "amc_name": "Zerodha Asset Management Private Limited",
        "benchmark_index": "Nifty LargeMidcap 250 Index-TRI NAV 12.8325 Lock-in period 3 Years",
        "fund_manager": [
            {
                "managing_fund_since": "Nov 2023",
                "name": "Kedarnath Mirajkar",
                "qualification": "",
                "total_exp": "19 Years"
            }
        ],
        "load": {
            "entry_load": null,
            "exit_load": "0"
        },
        "main_scheme_name": "zerodha elss tax saver nifty",
        "metrics": {
            "alpha": null,
            "arithmetic_mean_ratio": null,
            "average_div_yld": null,
            "average_pb": null,
            "average_pe": null,
            "avg_maturity": null,
            "beta": null,
            "correlation_ratio": null,
            "downside_deviation": null,
            "information_ratio": null,
            "macaulay": null,
            "mod_duration": null,
            "port_turnover_ratio": "0.15",
            "r_squared_ratio": null,
            "roe_ratio": null,
            "sharpe": null,
            "sortino_ratio": null,
            "std_dev": null,
            "treynor_ratio": null,
            "upside_deviation": null,
            "ytm": null
        },
        "min_addl_amt": null,
        "min_addl_amt_multiple": null,
        "min_amt": "500",
        "min_amt_multiple": "",
        "monthly_aaum_date": "28FEBRUARY2025",
        "monthly_aaum_value": "157.63",
        "mutual_fund_name": "Zerodha Mutual Fund",
        "page_number": [
            5
        ],
        "scheme_launch_date": null
    },
    "zerodha nifty 1d rate": {
        "amc_name": "Zerodha Asset Management Private Limited",
        "benchmark_index": "Nifty 1D Rate Index NAV 106.7800 Creation Unit Size 5000",
        "fund_manager": [
            {
                "managing_fund_since": "Jan 2025",
                "name": "Kedarnath Mirajkar",
                "qualification": "",
                "total_exp": "19 Years"
            }
        ],
        "load": {
            "entry_load": null,
            "exit_load": "0"
        },
        "main_scheme_name": "zerodha nifty 1d rate",
        "metrics": {
            "alpha": null,
            "arithmetic_mean_ratio": null,
            "average_div_yld": null,
            "average_pb": null,
            "average_pe": null,
            "avg_maturity": "0.01",
            "beta": null,
            "correlation_ratio": null,
            "downside_deviation": null,
            "information_ratio": null,
            "macaulay": "0.01",
            "mod_duration": null,
            "port_turnover_ratio": null,
            "r_squared_ratio": null,
            "roe_ratio": null,
            "sharpe": null,
            "sortino_ratio": null,
            "std_dev": null,
            "treynor_ratio": null,
            "upside_deviation": null,
            "ytm": null
        },
        "min_addl_amt": null,
        "min_addl_amt_multiple": null,
        "min_amt": "1",
        "min_amt_multiple": "",
        "monthly_aaum_date": "28FEBRUARY2025",
        "monthly_aaum_value": "3258.77",
        "mutual_fund_name": "Zerodha Mutual Fund",
        "page_number": [
            7
        ],
        "scheme_launch_date": "17th Jan 2024"
    },
    "zerodha gold etf": {
        "amc_name": "Zerodha Asset Management Private Limited",
        "benchmark_index": "Domestic Price of Physical Gold NAV 13.0481 Creation Unit Size 6,30,000",
        "fund_manager": [
            {
                "managing_fund_since": "Feb 2024",
                "name": "Shyam Agarwal",
                "qualification": "",
                "total_exp": "4 Years"
            },
            {
                "managing_fund_since": "Sep 2024",
                "name": "Kedarnath Mirajkar",
                "qualification": "",
                "total_exp": "19 Years"
            }
        ],
        "load": {
            "entry_load": null,
            "exit_load": "0"
        },
        "main_scheme_name": "zerodha gold etf",
        "metrics": {
            "alpha": null,
            "arithmetic_mean_ratio": null,
            "average_div_yld": null,
            "average_pb": null,
            "average_pe": null,
            "avg_maturity": null,
            "beta": null,
            "correlation_ratio": null,
            "downside_deviation": null,
            "information_ratio": null,
            "macaulay": null,
            "mod_duration": null,
            "port_turnover_ratio": null,
            "r_squared_ratio": null,
            "roe_ratio": null,
            "sharpe": null,
            "sortino_ratio": null,
            "std_dev": null,
            "treynor_ratio": null,
            "upside_deviation": null,
            "ytm": null
        },
        "min_addl_amt": null,
        "min_addl_amt_multiple": null,
        "min_amt": "1",
        "min_amt_multiple": "",
        "monthly_aaum_date": "28FEBRUARY2025",
        "monthly_aaum_value": "145.18",
        "mutual_fund_name": "Zerodha Mutual Fund",
        "page_number": [
            9
        ],
        "scheme_launch_date": "26th Feb 2024"
    },
    "zerodha nifty 100 ETF": {
        "amc_name": "Zerodha Asset Management Private Limited",
        "benchmark_index": "Nifty 100 Index-TRI",
        "fund_manager": [
            {
                "managing_fund_since": "Jun 2024",
                "name": "Kedarnath Mirajkar",
                "qualification": "",
                "total_exp": "19 Years"
            }
        ],
        "load": {
            "entry_load": null,
            "exit_load": null
        },
        "main_scheme_name": "zerodha nifty 150 ETF",
        "metrics": {
            "alpha": null,
            "arithmetic_mean_ratio": null,
            "average_div_yld": null,
            "average_pb": null,
            "average_pe": null,
            "avg_maturity": null,
            "beta": null,
            "correlation_ratio": null,
            "downside_deviation": null,
            "information_ratio": null,
            "macaulay": null,
            "mod_duration": null,
            "port_turnover_ratio": "0.02",
            "r_squared_ratio": null,
            "roe_ratio": null,
            "sharpe": null,
            "sortino_ratio": null,
            "std_dev": null,
            "treynor_ratio": null,
            "upside_deviation": null,
            "ytm": null
        },
        "min_addl_amt": null,
        "min_addl_amt_multiple": null,
        "min_amt": "1",
        "min_amt_multiple": "",
        "monthly_aaum_date": "28FEBRUARY2025",
        "monthly_aaum_value": "36.67",
        "mutual_fund_name": "Zerodha Mutual Fund",
        "page_number": [
            11
        ],
        "scheme_launch_date": "12th Jun 2024"
    },

    "zerodha nifty 150 ETF": {
        "amc_name": "Zerodha Asset Management Private Limited",
        "benchmark_index": "Nifty Midcap 150 Index-TRI",
        "fund_manager": [
            {
                "managing_fund_since": "Jun 2024",
                "name": "Kedarnath Mirajkar",
                "qualification": "",
                "total_exp": "19 Years"
            }
        ],
        "load": {
            "entry_load": null,
            "exit_load": null
        },
        "main_scheme_name": "zerodha nifty 150 ETF",
        "metrics": {
            "alpha": null,
            "arithmetic_mean_ratio": null,
            "average_div_yld": null,
            "average_pb": null,
            "average_pe": null,
            "avg_maturity": null,
            "beta": null,
            "correlation_ratio": null,
            "downside_deviation": null,
            "information_ratio": null,
            "macaulay": null,
            "mod_duration": null,
            "port_turnover_ratio": "0.14",
            "r_squared_ratio": null,
            "roe_ratio": null,
            "sharpe": null,
            "sortino_ratio": null,
            "std_dev": null,
            "treynor_ratio": null,
            "upside_deviation": null,
            "ytm": null
        },
        "min_addl_amt": null,
        "min_addl_amt_multiple": null,
        "min_amt": "1",
        "min_amt_multiple": "",
        "monthly_aaum_date": "28FEBRUARY2025",
        "monthly_aaum_value": "39.96",
        "mutual_fund_name": "Zerodha Mutual Fund",
        "page_number": [
            13
        ],
        "scheme_launch_date": "12th Jun 2024"
    },
    "zerodha gold etf fof": {
        "amc_name": "Zerodha Asset Management Private Limited",
        "benchmark_index": "Domestic Price of Physical Gold NAV 10.9147",
        "fund_manager": [
            {
                "managing_fund_since": "Nov 2024",
                "name": "Shyam Agarwal",
                "qualification": "",
                "total_exp": "4 Years"
            },
            {
                "managing_fund_since": "Nov 2024",
                "name": "Kedarnath Mirajkar",
                "qualification": "",
                "total_exp": "19 Years"
            }
        ],
        "load": {
            "entry_load": null,
            "exit_load": "0"
        },
        "main_scheme_name": "zerodha gold etf fof",
        "metrics": {
            "alpha": null,
            "arithmetic_mean_ratio": null,
            "average_div_yld": null,
            "average_pb": null,
            "average_pe": null,
            "avg_maturity": null,
            "beta": null,
            "correlation_ratio": null,
            "downside_deviation": null,
            "information_ratio": null,
            "macaulay": null,
            "mod_duration": null,
            "port_turnover_ratio": null,
            "r_squared_ratio": null,
            "roe_ratio": null,
            "sharpe": null,
            "sortino_ratio": null,
            "std_dev": null,
            "treynor_ratio": null,
            "upside_deviation": null,
            "ytm": null
        },
        "min_addl_amt": null,
        "min_addl_amt_multiple": null,
        "min_amt": "1",
        "min_amt_multiple": "",
        "monthly_aaum_date": "28FEBRUARY2025",
        "monthly_aaum_value": "22.77",
        "mutual_fund_name": "Zerodha Mutual Fund",
        "page_number": [
            15
        ],
        "scheme_launch_date": "13th Nov 2024"
    }
}