{
    "iti multi cap fund": {
        "amc_name": "ITI Asset Management Limited",
        "benchmark_index": "Nifty 500 Multicap 502525 TRI",
        "fund_manager": [
            {
                "managing_fund_since": "08-Aug-22",
                "name": "Dhimant Shah",
                "qualification": "",
                "total_exp": "26 Years"
            },
            {
                "managing_fund_since": "01-Dec-22",
                "name": "Rohan Korde",
                "qualification": "",
                "total_exp": "17 Years"
            }
        ],
        "load": {
            "entry_load": null,
            "exit_load": null
        },
        "main_scheme_name": "iti multi cap fund",
        "metrics": {
            "alpha": null,
            "arithmetic_mean_ratio": null,
            "average_div_yld": null,
            "average_pb": "9.04",
            "average_pe": "29.77",
            "avg_maturity": null,
            "beta": "0.90",
            "correlation_ratio": null,
            "downside_deviation": null,
            "information_ratio": null,
            "macaulay": null,
            "mod_duration": null,
            "port_turnover_ratio": "0.93",
            "r_squared_ratio": null,
            "roe_ratio": null,
            "sharpe": "0.74",
            "sortino_ratio": null,
            "std_dev": "13.81",
            "treynor_ratio": null,
            "upside_deviation": null,
            "ytm": null
        },
        "min_addl_amt": null,
        "min_addl_amt_multiple": null,
        "min_amt": "1,000",
        "min_amt_multiple": "1",
        "monthly_aaum_date": "28FEBRUARY2025",
        "monthly_aaum_value": "1,337.78",
        "mutual_fund_name": "ITI Mutual Fund",
        "page_number": [
            9
        ],
        "scheme_launch_date": "(Date of Allotment) 15-May-19"
    },
    "iti elss tax saver fund": {
        "amc_name": "ITI Asset Management Limited",
        "benchmark_index": "Nifty 500 TRI",
        "fund_manager": [
            {
                "managing_fund_since": "04-Nov-24",
                "name": "Alok Ranjan",
                "qualification": "",
                "total_exp": "25 Years"
            },
            {
                "managing_fund_since": "01-Dec-22",
                "name": "Dhimant Shah",
                "qualification": "",
                "total_exp": "26 Years"
            }
        ],
        "load": {
            "entry_load": null,
            "exit_load": null
        },
        "main_scheme_name": "iti elss tax saver fund",
        "metrics": {
            "alpha": null,
            "arithmetic_mean_ratio": null,
            "average_div_yld": null,
            "average_pb": "7.51",
            "average_pe": "27.12",
            "avg_maturity": null,
            "beta": "0.93",
            "correlation_ratio": null,
            "downside_deviation": null,
            "information_ratio": null,
            "macaulay": null,
            "mod_duration": null,
            "port_turnover_ratio": "1.20",
            "r_squared_ratio": null,
            "roe_ratio": null,
            "sharpe": "0.76",
            "sortino_ratio": null,
            "std_dev": "13.91",
            "treynor_ratio": null,
            "upside_deviation": null,
            "ytm": null
        },
        "min_addl_amt": null,
        "min_addl_amt_multiple": null,
        "min_amt": "500",
        "min_amt_multiple": "500",
        "monthly_aaum_date": "28FEBRUARY2025",
        "monthly_aaum_value": "377.28",
        "mutual_fund_name": "ITI Mutual Fund",
        "page_number": [
            10
        ],
        "scheme_launch_date": "(Date of Allotment) 18-Oct-19"
    },
    "iti large cap fund": {
        "amc_name": "ITI Asset Management Limited",
        "benchmark_index": "Nifty 100 TRI",
        "fund_manager": [
            {
                "managing_fund_since": "04-Nov-2024",
                "name": "Alok Ranjan",
                "qualification": "",
                "total_exp": "25 Years"
            },
            {
                "managing_fund_since": "29-April-2022",
                "name": "Rohan Korde",
                "qualification": "",
                "total_exp": "17 Years"
            }
        ],
        "load": {
            "entry_load": null,
            "exit_load": null
        },
        "main_scheme_name": "iti large cap fund",
        "metrics": {
            "alpha": null,
            "arithmetic_mean_ratio": null,
            "average_div_yld": null,
            "average_pb": "6.67",
            "average_pe": "21.95",
            "avg_maturity": null,
            "beta": "0.95",
            "correlation_ratio": null,
            "downside_deviation": null,
            "information_ratio": null,
            "macaulay": null,
            "mod_duration": null,
            "port_turnover_ratio": "0.83",
            "r_squared_ratio": null,
            "roe_ratio": null,
            "sharpe": "0.32",
            "sortino_ratio": null,
            "std_dev": "13.32",
            "treynor_ratio": null,
            "upside_deviation": null,
            "ytm": null
        },
        "min_addl_amt": null,
        "min_addl_amt_multiple": null,
        "min_amt": "5,000",
        "min_amt_multiple": "1",
        "monthly_aaum_date": "28FEBRUARY2025",
        "monthly_aaum_value": "365.79",
        "mutual_fund_name": "ITI Mutual Fund",
        "page_number": [
            11
        ],
        "scheme_launch_date": "(Date of Allotment) 24-Dec-20"
    },
    "iti mid cap fund": {
        "amc_name": "ITI Asset Management Limited",
        "benchmark_index": "Nifty Midcap 150 TRI",
        "fund_manager": [
            {
                "managing_fund_since": "29 April 2022",
                "name": "Rohan Korde",
                "qualification": "",
                "total_exp": "17 Years"
            },
            {
                "managing_fund_since": "01-Oct-2022",
                "name": "Dhimant Shah",
                "qualification": "",
                "total_exp": "26 Years"
            }
        ],
        "load": {
            "entry_load": null,
            "exit_load": null
        },
        "main_scheme_name": "iti mid cap fund",
        "metrics": {
            "alpha": null,
            "arithmetic_mean_ratio": null,
            "average_div_yld": null,
            "average_pb": "10.15",
            "average_pe": "30.99",
            "avg_maturity": null,
            "beta": "0.91",
            "correlation_ratio": null,
            "downside_deviation": null,
            "information_ratio": null,
            "macaulay": null,
            "mod_duration": null,
            "port_turnover_ratio": "1.32",
            "r_squared_ratio": null,
            "roe_ratio": null,
            "sharpe": "0.93",
            "sortino_ratio": null,
            "std_dev": "15.40",
            "treynor_ratio": null,
            "upside_deviation": null,
            "ytm": null
        },
        "min_addl_amt": null,
        "min_addl_amt_multiple": null,
        "min_amt": "5,000",
        "min_amt_multiple": "1",
        "monthly_aaum_date": "28FEBRUARY2025",
        "monthly_aaum_value": "1,113.18",
        "mutual_fund_name": "ITI Mutual Fund",
        "page_number": [
            12
        ],
        "scheme_launch_date": "(Date of Allotment) 05-Mar-2021"
    },
    "iti small cap fund": {
        "amc_name": "ITI Asset Management Limited",
        "benchmark_index": "Nifty Smallcap 250 TRI",
        "fund_manager": [
            {
                "managing_fund_since": "08 August 2022",
                "name": "Dhimant Shah",
                "qualification": "",
                "total_exp": "26 Years"
            },
            {
                "managing_fund_since": "01 December  2022",
                "name": "Rohan Korde",
                "qualification": "",
                "total_exp": "17 Years"
            }
        ],
        "load": {
            "entry_load": null,
            "exit_load": null
        },
        "main_scheme_name": "iti small cap fund",
        "metrics": {
            "alpha": null,
            "arithmetic_mean_ratio": null,
            "average_div_yld": null,
            "average_pb": "8.84",
            "average_pe": "34.15",
            "avg_maturity": null,
            "beta": "0.79",
            "correlation_ratio": null,
            "downside_deviation": null,
            "information_ratio": null,
            "macaulay": null,
            "mod_duration": null,
            "port_turnover_ratio": "1.38",
            "r_squared_ratio": null,
            "roe_ratio": null,
            "sharpe": "0.90",
            "sortino_ratio": null,
            "std_dev": "16.27",
            "treynor_ratio": null,
            "upside_deviation": null,
            "ytm": null
        },
        "min_addl_amt": null,
        "min_addl_amt_multiple": null,
        "min_amt": "5,000",
        "min_amt_multiple": "1",
        "monthly_aaum_date": "28FEBRUARY2025",
        "monthly_aaum_value": "2,347.45",
        "mutual_fund_name": "ITI Mutual Fund",
        "page_number": [
            13
        ],
        "scheme_launch_date": "(Date of Allotment) 17-Feb-20"
    },
    "iti value fund": {
        "amc_name": "ITI Asset Management Limited",
        "benchmark_index": "Nifty 500 TRI",
        "fund_manager": [
            {
                "managing_fund_since": "14-Jun-21",
                "name": "Rohan Korde",
                "qualification": "",
                "total_exp": "17 Years"
            },
            {
                "managing_fund_since": "01 December 2022",
                "name": "Dhimant Shah",
                "qualification": "",
                "total_exp": "26 Years"
            }
        ],
        "load": {
            "entry_load": null,
            "exit_load": null
        },
        "main_scheme_name": "iti value fund",
        "metrics": {
            "alpha": null,
            "arithmetic_mean_ratio": null,
            "average_div_yld": null,
            "average_pb": "6.51",
            "average_pe": "24.23",
            "avg_maturity": null,
            "beta": "0.96",
            "correlation_ratio": null,
            "downside_deviation": null,
            "information_ratio": null,
            "macaulay": null,
            "mod_duration": null,
            "port_turnover_ratio": "1.37",
            "r_squared_ratio": null,
            "roe_ratio": null,
            "sharpe": "0.71",
            "sortino_ratio": null,
            "std_dev": "14.04",
            "treynor_ratio": null,
            "upside_deviation": null,
            "ytm": null
        },
        "min_addl_amt": null,
        "min_addl_amt_multiple": null,
        "min_amt": null,
        "min_amt_multiple": null,
        "monthly_aaum_date": "28FEBRUARY2025",
        "monthly_aaum_value": "305.35",
        "mutual_fund_name": "ITI Mutual Fund",
        "page_number": [
            14
        ],
        "scheme_launch_date": "(Date of Allotment) 14-June-2021"
    },
    "iti pharma and healthcare fund": {
        "amc_name": "ITI Asset Management Limited",
        "benchmark_index": "Nifty Healthcare TRI",
        "fund_manager": [
            {
                "managing_fund_since": "08-Nov-21",
                "name": "Rohan Korde",
                "qualification": "",
                "total_exp": "17 Years"
            },
            {
                "managing_fund_since": "01 December  2022",
                "name": "Dhimant Shah",
                "qualification": "",
                "total_exp": "26 Years"
            }
        ],
        "load": {
            "entry_load": null,
            "exit_load": null
        },
        "main_scheme_name": "iti pharma and healthcare fund",
        "metrics": {
            "alpha": null,
            "arithmetic_mean_ratio": null,
            "average_div_yld": null,
            "average_pb": "8.78",
            "average_pe": "46.65",
            "avg_maturity": null,
            "beta": "0.91",
            "correlation_ratio": null,
            "downside_deviation": null,
            "information_ratio": null,
            "macaulay": null,
            "mod_duration": null,
            "port_turnover_ratio": "0.64",
            "r_squared_ratio": null,
            "roe_ratio": null,
            "sharpe": "0.72",
            "sortino_ratio": null,
            "std_dev": "15.67",
            "treynor_ratio": null,
            "upside_deviation": null,
            "ytm": null
        },
        "min_addl_amt": null,
        "min_addl_amt_multiple": null,
        "min_amt": null,
        "min_amt_multiple": null,
        "monthly_aaum_date": "28FEBRUARY2025",
        "monthly_aaum_value": "223.27",
        "mutual_fund_name": "ITI Mutual Fund",
        "page_number": [
            15
        ],
        "scheme_launch_date": "(Date of Allotment) 08-Nov-2021"
    },
    "iti banking and financial services fund": {
        "amc_name": "ITI Asset Management Limited",
        "benchmark_index": "Nifty Financial Services TRI",
        "fund_manager": [
            {
                "managing_fund_since": "05 May 2023",
                "name": "Nilay Dalal",
                "qualification": "",
                "total_exp": "12 Years"
            },
            {
                "managing_fund_since": "29-Apr-22",
                "name": "Rohan Korde",
                "qualification": "",
                "total_exp": "17 Years"
            }
        ],
        "load": {
            "entry_load": null,
            "exit_load": null
        },
        "main_scheme_name": "iti banking and financial services fund",
        "metrics": {
            "alpha": null,
            "arithmetic_mean_ratio": null,
            "average_div_yld": null,
            "average_pb": "4.02",
            "average_pe": "15.76",
            "avg_maturity": null,
            "beta": "0.92",
            "correlation_ratio": null,
            "downside_deviation": null,
            "information_ratio": null,
            "macaulay": null,
            "mod_duration": null,
            "port_turnover_ratio": "1.41",
            "r_squared_ratio": null,
            "roe_ratio": null,
            "sharpe": "0.20",
            "sortino_ratio": null,
            "std_dev": "13.99",
            "treynor_ratio": null,
            "upside_deviation": null,
            "ytm": null
        },
        "min_addl_amt": null,
        "min_addl_amt_multiple": null,
        "min_amt": "5,000",
        "min_amt_multiple": "1",
        "monthly_aaum_date": "28FEBRUARY2025",
        "monthly_aaum_value": "262.84",
        "mutual_fund_name": "ITI Mutual Fund",
        "page_number": [
            16
        ],
        "scheme_launch_date": "(Date of Allotment) 06-Dec-21"
    },
    "iti flexi cap fund": {
        "amc_name": "ITI Asset Management Limited",
        "benchmark_index": "Nifty 500 TRI",
        "fund_manager": [
            {
                "managing_fund_since": "17-Feb-2023",
                "name": "Dhimant Shah",
                "qualification": "",
                "total_exp": "26 Years"
            },
            {
                "managing_fund_since": "17-Feb-2023",
                "name": "Rohan Korde",
                "qualification": "",
                "total_exp": "17 Years"
            }
        ],
        "load": {
            "entry_load": null,
            "exit_load": null
        },
        "main_scheme_name": "iti flexi cap fund",
        "metrics": {
            "alpha": null,
            "arithmetic_mean_ratio": null,
            "average_div_yld": null,
            "average_pb": "7.24",
            "average_pe": "28.05",
            "avg_maturity": null,
            "beta": null,
            "correlation_ratio": null,
            "downside_deviation": null,
            "information_ratio": null,
            "macaulay": null,
            "mod_duration": null,
            "port_turnover_ratio": "0.95",
            "r_squared_ratio": null,
            "roe_ratio": null,
            "sharpe": null,
            "sortino_ratio": null,
            "std_dev": null,
            "treynor_ratio": null,
            "upside_deviation": null,
            "ytm": null
        },
        "min_addl_amt": null,
        "min_addl_amt_multiple": null,
        "min_amt": "5,000",
        "min_amt_multiple": "1",
        "monthly_aaum_date": "28FEBRUARY2025",
        "monthly_aaum_value": "1,235.40",
        "mutual_fund_name": "ITI Mutual Fund",
        "page_number": [
            17
        ],
        "scheme_launch_date": "(Date of Allotment) 17-Feb-23"
    },
    "iti focused equity fund": {
        "amc_name": "ITI Asset Management Limited",
        "benchmark_index": "Nifty 500 TRI",
        "fund_manager": [
            {
                "managing_fund_since": "19-June-2023",
                "name": "Dhimant Shah",
                "qualification": "",
                "total_exp": "26 Years"
            },
            {
                "managing_fund_since": "19-June-2023",
                "name": "Rohan Korde",
                "qualification": "",
                "total_exp": "17 Years"
            }
        ],
        "load": {
            "entry_load": null,
            "exit_load": null
        },
        "main_scheme_name": "iti focused equity fund",
        "metrics": {
            "alpha": null,
            "arithmetic_mean_ratio": null,
            "average_div_yld": null,
            "average_pb": "9.86",
            "average_pe": "29.78",
            "avg_maturity": null,
            "beta": null,
            "correlation_ratio": null,
            "downside_deviation": null,
            "information_ratio": null,
            "macaulay": null,
            "mod_duration": null,
            "port_turnover_ratio": "0.90",
            "r_squared_ratio": null,
            "roe_ratio": null,
            "sharpe": null,
            "sortino_ratio": null,
            "std_dev": null,
            "treynor_ratio": null,
            "upside_deviation": null,
            "ytm": null
        },
        "min_addl_amt": null,
        "min_addl_amt_multiple": null,
        "min_amt": "5,000",
        "min_amt_multiple": "1",
        "monthly_aaum_date": "28FEBRUARY2025",
        "monthly_aaum_value": "489.89",
        "mutual_fund_name": "ITI Mutual Fund",
        "page_number": [
            18
        ],
        "scheme_launch_date": "(Date of Allotment) 19-June-23"
    },
    "iti large & mid cap fund": {
        "amc_name": "ITI Asset Management Limited",
        "benchmark_index": "NIFTY Large Midcap 250 TRI",
        "fund_manager": [
            {
                "managing_fund_since": "04-Nov-24",
                "name": "Alok Ranjan",
                "qualification": "",
                "total_exp": "25 Years"
            },
            {
                "managing_fund_since": "11-Sept-24",
                "name": "Rohan Korde",
                "qualification": "",
                "total_exp": "17 Years"
            }
        ],
        "load": {
            "entry_load": null,
            "exit_load": null
        },
        "main_scheme_name": "iti large & mid cap fund",
        "metrics": {
            "alpha": null,
            "arithmetic_mean_ratio": null,
            "average_div_yld": null,
            "average_pb": "8.39",
            "average_pe": "28.64",
            "avg_maturity": null,
            "beta": null,
            "correlation_ratio": null,
            "downside_deviation": null,
            "information_ratio": null,
            "macaulay": null,
            "mod_duration": null,
            "port_turnover_ratio": null,
            "r_squared_ratio": null,
            "roe_ratio": null,
            "sharpe": null,
            "sortino_ratio": null,
            "std_dev": null,
            "treynor_ratio": null,
            "upside_deviation": null,
            "ytm": null
        },
        "min_addl_amt": null,
        "min_addl_amt_multiple": null,
        "min_amt": "5,000",
        "min_amt_multiple": "1",
        "monthly_aaum_date": "28FEBRUARY2025",
        "monthly_aaum_value": "791.94",
        "mutual_fund_name": "ITI Mutual Fund",
        "page_number": [
            19
        ],
        "scheme_launch_date": "(Date of Allotment) Sept 11, 2024"
    },
    "iti balanced advantage fund": {
        "amc_name": "ITI Asset Management Limited",
        "benchmark_index": "Nifty 50 Hybrid Composite Debt 5050 Index",
        "fund_manager": [
            {
                "managing_fund_since": "15-Sep-23",
                "name": "Rajesh Bhatia",
                "qualification": "",
                "total_exp": "31 Years"
            },
            {
                "managing_fund_since": "14-Nov-24",
                "name": "Rohan Korde",
                "qualification": "",
                "total_exp": "17 Years"
            }
        ],
        "load": {
            "entry_load": null,
            "exit_load": null
        },
        "main_scheme_name": "iti balanced advantage fund",
        "metrics": {
            "alpha": null,
            "arithmetic_mean_ratio": null,
            "average_div_yld": null,
            "average_pb": "4.16",
            "average_pe": "30.55",
            "avg_maturity": null,
            "beta": "0.90",
            "correlation_ratio": null,
            "downside_deviation": null,
            "information_ratio": null,
            "macaulay": null,
            "mod_duration": null,
            "port_turnover_ratio": "6.93",
            "r_squared_ratio": null,
            "roe_ratio": null,
            "sharpe": "0.16",
            "sortino_ratio": null,
            "std_dev": "7.49",
            "treynor_ratio": null,
            "upside_deviation": null,
            "ytm": null
        },
        "min_addl_amt": null,
        "min_addl_amt_multiple": null,
        "min_amt": "5,000",
        "min_amt_multiple": "1",
        "monthly_aaum_date": "28FEBRUARY2025",
        "monthly_aaum_value": "380.87",
        "mutual_fund_name": "ITI Mutual Fund",
        "page_number": [
            20
        ],
        "scheme_launch_date": "(Date of Allotment) 31-Dec-19"
    },
    "iti arbitrage fund": {
        "amc_name": "ITI Asset Management Limited",
        "benchmark_index": "Nifty 50 Arbitrage",
        "fund_manager": [
            {
                "managing_fund_since": "15-Nov-24",
                "name": "Rajesh Bhatia",
                "qualification": "",
                "total_exp": "31 Years"
            },
            {
                "managing_fund_since": "01-Jan-24",
                "name": "Vikas Nathani",
                "qualification": "",
                "total_exp": "18 Years"
            },
            {
                "managing_fund_since": "15-Nov-24",
                "name": "Rohan Korde",
                "qualification": "",
                "total_exp": "17 Years"
            }
        ],
        "load": {
            "entry_load": null,
            "exit_load": null
        },
        "main_scheme_name": "iti arbitrage fund",
        "metrics": {
            "alpha": null,
            "arithmetic_mean_ratio": null,
            "average_div_yld": null,
            "average_pb": null,
            "average_pe": null,
            "avg_maturity": null,
            "beta": "0.26",
            "correlation_ratio": null,
            "downside_deviation": null,
            "information_ratio": null,
            "macaulay": null,
            "mod_duration": null,
            "port_turnover_ratio": null,
            "r_squared_ratio": null,
            "roe_ratio": null,
            "sharpe": "-1.56",
            "sortino_ratio": null,
            "std_dev": "0.75",
            "treynor_ratio": null,
            "upside_deviation": null,
            "ytm": null
        },
        "min_addl_amt": null,
        "min_addl_amt_multiple": null,
        "min_amt": "5,000",
        "min_amt_multiple": "1",
        "monthly_aaum_date": "28FEBRUARY2025",
        "monthly_aaum_value": "40.16",
        "mutual_fund_name": "ITI Mutual Fund",
        "page_number": [
            21
        ],
        "scheme_launch_date": "(Date of Allotment) 09-Sep-19"
    },
    "iti overnight fund": {
        "amc_name": "ITI Asset Management Limited",
        "benchmark_index": "CRISIL Liquid Overnight Index",
        "fund_manager": [
            {
                "managing_fund_since": "15-Nov-2024",
                "name": "Rajesh Bhatia",
                "qualification": "",
                "total_exp": "31 Years"
            }
        ],
        "load": {
            "entry_load": null,
            "exit_load": null
        },
        "main_scheme_name": "iti overnight fund",
        "metrics": {
            "alpha": null,
            "arithmetic_mean_ratio": null,
            "average_div_yld": null,
            "average_pb": null,
            "average_pe": null,
            "avg_maturity": "3",
            "beta": null,
            "correlation_ratio": null,
            "downside_deviation": null,
            "information_ratio": null,
            "macaulay": "3",
            "mod_duration": "3",
            "port_turnover_ratio": null,
            "r_squared_ratio": null,
            "roe_ratio": null,
            "sharpe": null,
            "sortino_ratio": null,
            "std_dev": null,
            "treynor_ratio": null,
            "upside_deviation": null,
            "ytm": null
        },
        "min_addl_amt": null,
        "min_addl_amt_multiple": null,
        "min_amt": "5,000",
        "min_amt_multiple": "1",
        "monthly_aaum_date": "28FEBRUARY2025",
        "monthly_aaum_value": "16.93",
        "mutual_fund_name": "ITI Mutual Fund",
        "page_number": [
            22
        ],
        "scheme_launch_date": "(Date of Allotment) 25-Oct-19"
    },
    "iti liquid fund": {
        "amc_name": "ITI Asset Management Limited",
        "benchmark_index": "CRISIL Liquid Debt A-I Index",
        "fund_manager": [
            {
                "managing_fund_since": "15-Nov-2024",
                "name": "Rajesh Bhatia",
                "qualification": "",
                "total_exp": "31 Years"
            }
        ],
        "load": {
            "entry_load": null,
            "exit_load": null
        },
        "main_scheme_name": "iti liquid fund",
        "metrics": {
            "alpha": null,
            "arithmetic_mean_ratio": null,
            "average_div_yld": null,
            "average_pb": null,
            "average_pe": null,
            "avg_maturity": "23",
            "beta": null,
            "correlation_ratio": null,
            "downside_deviation": null,
            "information_ratio": null,
            "macaulay": "23",
            "mod_duration": "23",
            "port_turnover_ratio": null,
            "r_squared_ratio": null,
            "roe_ratio": null,
            "sharpe": null,
            "sortino_ratio": null,
            "std_dev": null,
            "treynor_ratio": null,
            "upside_deviation": null,
            "ytm": null
        },
        "min_addl_amt": null,
        "min_addl_amt_multiple": null,
        "min_amt": null,
        "min_amt_multiple": null,
        "monthly_aaum_date": "28FEBRUARY2025",
        "monthly_aaum_value": "79.53",
        "mutual_fund_name": "ITI Mutual Fund",
        "page_number": [
            23
        ],
        "scheme_launch_date": "(Date of Allotment) 24-Apr-19"
    },
    "iti ultra short duration fund": {
        "amc_name": "ITI Asset Management Limited",
        "benchmark_index": "CRISIL Ultra Short Duration Debt A-I Index",
        "fund_manager": [
            {
                "managing_fund_since": "15-Nov-2024",
                "name": "Rajesh Bhatia",
                "qualification": "",
                "total_exp": "31 Years"
            }
        ],
        "load": {
            "entry_load": null,
            "exit_load": null
        },
        "main_scheme_name": "iti ultra short duration fund",
        "metrics": {
            "alpha": null,
            "arithmetic_mean_ratio": null,
            "average_div_yld": null,
            "average_pb": null,
            "average_pe": null,
            "avg_maturity": "117",
            "beta": null,
            "correlation_ratio": null,
            "downside_deviation": null,
            "information_ratio": null,
            "macaulay": "115",
            "mod_duration": "111",
            "port_turnover_ratio": null,
            "r_squared_ratio": null,
            "roe_ratio": null,
            "sharpe": null,
            "sortino_ratio": null,
            "std_dev": null,
            "treynor_ratio": null,
            "upside_deviation": null,
            "ytm": null
        },
        "min_addl_amt": null,
        "min_addl_amt_multiple": null,
        "min_amt": "5,000",
        "min_amt_multiple": "1",
        "monthly_aaum_date": "28FEBRUARY2025",
        "monthly_aaum_value": "258.93",
        "mutual_fund_name": "ITI Mutual Fund",
        "page_number": [
            24
        ],
        "scheme_launch_date": "(Date of Allotment) 05-May-2021"
    },
    "iti banking & psu debt fund": {
        "amc_name": "ITI Asset Management Limited",
        "benchmark_index": "CRISIL Banking and PSU Debt A-II Index",
        "fund_manager": [
            {
                "managing_fund_since": "15-Nov-2024",
                "name": "Rajesh Bhatia",
                "qualification": "",
                "total_exp": "31 Years"
            }
        ],
        "load": {
            "entry_load": null,
            "exit_load": null
        },
        "main_scheme_name": "iti banking & psu debt fund",
        "metrics": {
            "alpha": null,
            "arithmetic_mean_ratio": null,
            "average_div_yld": null,
            "average_pb": null,
            "average_pe": null,
            "avg_maturity": "2.07",
            "beta": null,
            "correlation_ratio": null,
            "downside_deviation": null,
            "information_ratio": null,
            "macaulay": "1.63",
            "mod_duration": "1.57",
            "port_turnover_ratio": null,
            "r_squared_ratio": null,
            "roe_ratio": null,
            "sharpe": null,
            "sortino_ratio": null,
            "std_dev": null,
            "treynor_ratio": null,
            "upside_deviation": null,
            "ytm": null
        },
        "min_addl_amt": null,
        "min_addl_amt_multiple": null,
        "min_amt": "5,000",
        "min_amt_multiple": "1",
        "monthly_aaum_date": "28FEBRUARY2025",
        "monthly_aaum_value": "30.59",
        "mutual_fund_name": "ITI Mutual Fund",
        "page_number": [
            25
        ],
        "scheme_launch_date": "(Date of Allotment) 22-Oct-20"
    },
    "iti dynamic bond fund": {
        "amc_name": "ITI Asset Management Limited",
        "benchmark_index": "CRISIL Dynamic Bond A-III Index",
        "fund_manager": [
            {
                "managing_fund_since": "15-Nov-2024",
                "name": "Rajesh Bhatia",
                "qualification": "",
                "total_exp": "31 Years"
            }
        ],
        "load": {
            "entry_load": null,
            "exit_load": null
        },
        "main_scheme_name": "iti dynamic bond fund",
        "metrics": {
            "alpha": null,
            "arithmetic_mean_ratio": null,
            "average_div_yld": null,
            "average_pb": null,
            "average_pe": null,
            "avg_maturity": "8.46",
            "beta": null,
            "correlation_ratio": null,
            "downside_deviation": null,
            "information_ratio": null,
            "macaulay": "6.22",
            "mod_duration": "6.02",
            "port_turnover_ratio": null,
            "r_squared_ratio": null,
            "roe_ratio": null,
            "sharpe": null,
            "sortino_ratio": null,
            "std_dev": null,
            "treynor_ratio": null,
            "upside_deviation": null,
            "ytm": null
        },
        "min_addl_amt": null,
        "min_addl_amt_multiple": null,
        "min_amt": "5,000",
        "min_amt_multiple": "1",
        "monthly_aaum_date": "28FEBRUARY2025",
        "monthly_aaum_value": "50.60",
        "mutual_fund_name": "ITI Mutual Fund",
        "page_number": [
            26
        ],
        "scheme_launch_date": "(Date of Allotment) 14-Jul-21"
    }
}