MainScheme_ID,MainSchemeName,MainSchemecode,isactive,entered_user,entered_date,modified_user,modified_date
10,Aditya Birla Sun Life Commodity Equities Fund - Global Agri Plan,CFAP,0,NULL,30-03-2022 11:53,NULL,22-02-2024 11:37
13,Aditya Birla Sun Life CRISIL IBX AAA Jun 2023 Index Fund,CAAAJN23,0,NULL,NULL,Sunil.Shinde@cogencis.com,31-07-2024 13:21
16,Aditya Birla Sun Life Dual Advantage Fund - Series 2,BSLDUA2,0,NULL,30-03-2022 11:53,NULL,01-03-2024 09:36
25,Aditya Birla Sun Life Fixed Term Plan - Series PU (1463 days),FTPPU,0,NULL,30-03-2022 11:53,NULL,01-03-2024 09:36
26,Aditya Birla Sun Life Fixed Term Plan - Series PV (1462 days),FTPPV,0,NULL,30-03-2022 11:53,NULL,01-03-2024 09:36
27,Aditya Birla Sun Life Fixed Term Plan - Series PY (1409 days),FTPPY,0,NULL,30-03-2022 11:53,NULL,01-03-2024 09:36
28,Aditya Birla Sun Life Fixed Term Plan - Series QF (1385 days),FTPQF,0,NULL,30-03-2022 11:53,NULL,01-03-2024 09:36
29,Aditya Birla Sun Life Fixed Term Plan - Series RC (1295 days),FTPRC,0,NULL,30-03-2022 11:53,NULL,01-03-2024 09:36
30,Aditya Birla Sun Life Fixed Term Plan - Series Rd (1293 Days),FTPRD,0,NULL,30-03-2022 11:53,NULL,01-03-2024 09:36
31,Aditya Birla Sun Life Fixed Term Plan - Series RH (1281 days),FTPRH,0,NULL,30-03-2022 11:53,NULL,01-03-2024 09:36
32,Aditya Birla Sun Life Fixed Term Plan - Series RL (1254 days),FTPRL,0,NULL,30-03-2022 11:53,NULL,01-03-2024 09:36
33,Aditya Birla Sun Life Fixed Term Plan - Series RN (1240 days),FTPRN,0,NULL,30-03-2022 11:53,NULL,01-03-2024 09:36
34,Aditya Birla Sun Life Fixed Term Plan - Series RO (1241 days),FTPRO,0,NULL,30-03-2022 11:53,NULL,01-03-2024 09:36
35,Aditya Birla Sun Life Fixed Term Plan - Series RP (1239 days),FTPRP,0,NULL,30-03-2022 11:53,NULL,01-03-2024 09:36
36,Aditya Birla Sun Life Fixed Term Plan - Series RR (1240 days),FTPRR,0,NULL,30-03-2022 11:53,NULL,01-03-2024 09:36
37,Aditya Birla Sun Life Fixed Term Plan - Series RU (1225 days),FTPRU,0,NULL,30-03-2022 11:53,NULL,01-03-2024 09:36
38,Aditya Birla Sun Life Fixed Term Plan - Series RV (1224 days),FTPRV,0,NULL,30-03-2022 11:53,NULL,01-03-2024 09:36
39,Aditya Birla Sun Life Fixed Term Plan - Series RW (1202 days),FTPRW,0,NULL,30-03-2022 11:53,NULL,01-03-2024 09:36
40,Aditya Birla Sun Life Fixed Term Plan - Series RX (1200 days),FTPRX,0,NULL,30-03-2022 11:53,NULL,01-03-2024 09:36
41,Aditya Birla Sun Life Fixed Term Plan - Series RY (1199 days),FTPRY,0,NULL,30-03-2022 11:53,NULL,01-03-2024 09:36
42,Aditya Birla Sun Life Fixed Term Plan - Series SA (1180 days),FTPSA,0,NULL,30-03-2022 11:53,NULL,01-03-2024 09:36
43,Aditya Birla Sun Life Fixed Term Plan - Series SF (1161 days),FTPSF,0,NULL,30-03-2022 11:53,NULL,01-03-2024 09:36
44,Aditya Birla Sun Life Fixed Term Plan - Series SG (1155 days),FTPSG,0,NULL,30-03-2022 11:53,NULL,01-03-2024 09:36
45,Aditya Birla Sun Life Fixed Term Plan - Series SI (1141 days),FTPSI,0,NULL,30-03-2022 11:53,NULL,01-03-2024 09:36
46,Aditya Birla Sun Life Fixed Term Plan - Series SJ (1135 days),FTPSJ,0,NULL,30-03-2022 11:53,NULL,01-03-2024 09:36
47,Aditya Birla Sun Life Fixed Term Plan - Series SK (1128 days),FTPSK,0,NULL,30-03-2022 11:53,NULL,01-03-2024 09:36
48,Aditya Birla Sun Life Fixed Term Plan - Series SL (1120 days),FTPSL,0,NULL,30-03-2022 11:53,NULL,01-03-2024 09:36
49,Aditya Birla Sun Life Fixed Term Plan - Series SN (1099 days),FTPSN,0,NULL,30-03-2022 11:53,NULL,01-03-2024 09:36
50,Aditya Birla Sun Life Fixed Term Plan - Series SO (1099 days),FTPSO,0,NULL,30-03-2022 11:53,NULL,01-03-2024 09:36
67,Aditya Birla Sun Life International Equity Fund Plan B,BINTEQB,0,NULL,30-03-2022 11:53,NULL,22-02-2024 11:37
68,Aditya Birla Sun Life Interval Income Fund - Quarterly Series I,BSLINTQ1,0,NULL,30-03-2022 11:53,Pooja.Parab@cogencis.com,12-12-2025 13:53
105,Aditya Birla Sun Life Tax Plan,TAX99,0,NULL,30-03-2022 11:53,Sunil.Shinde@cogencis.com,22-02-2024 11:37
115,Axis Capital Builder Fund - Series 1 (1540 Days),AXISCB1,0,NULL,30-03-2022 11:53,NULL,01-03-2024 09:36
116,Axis Capital Builder Fund - Series 4 (1582 Days),AXISCB4,0,NULL,30-03-2022 11:53,NULL,01-03-2024 09:36
120,Axis CRISIL IBX 70 30 CPSE Plus SDL April 2025 Index Fund,AXISCPSE,0,NULL,NULL,Mukesh.Kotian@cogencis.com,09-05-2025 12:40
128,Axis Fixed Term Plan - Series 100 (1172 Days),AXIS100,0,NULL,30-03-2022 11:53,NULL,01-03-2024 09:36
129,Axis Fixed Term Plan - Series 101 (1154 Days),AXIS101,0,NULL,30-03-2022 11:53,NULL,01-03-2024 09:36
130,Axis Fixed Term Plan - Series 102 (1133 Days),AXIS102,0,NULL,30-03-2022 11:53,NULL,01-03-2024 09:36
131,Axis Fixed Term Plan - Series 104 (1112 Days),AXIS104,0,NULL,30-03-2022 11:53,NULL,01-03-2024 09:36
132,Axis Fixed Term Plan Series 109 (111 Days),AXIS109,0,NULL,30-03-2022 11:53,NULL,01-03-2024 09:36
173,Baroda BNP Paribas Banking And PSU Bond Fund,BP,0,NULL,30-03-2022 11:53,Pooja.Parab@cogencis.com,11-11-2025 16:50
181,Baroda BNP Paribas Fixed Maturity Plan-Series P,P1,0,NULL,30-03-2022 11:53,NULL,01-03-2024 09:36
190,Baroda BNP Paribas Medium Duration Fund,MT,0,NULL,30-03-2022 11:53,Mukesh.Kotian@cogencis.com,10-10-2024 16:24
197,Baroda Conservative Hybrid Fund,MI,0,NULL,30-03-2022 11:53,NULL,08-09-2022 14:19
198,Baroda Dynamic Bond Fund,DB,0,NULL,30-03-2022 11:53,NULL,08-09-2022 14:19
199,Baroda ELSS 96,96,0,NULL,30-03-2022 11:53,NULL,08-09-2022 14:19
200,Baroda Hybrid Equity Fund,BF,0,NULL,30-03-2022 11:53,NULL,08-09-2022 14:19
201,Baroda Large Cap Fund,IS,0,NULL,30-03-2022 11:53,NULL,08-09-2022 14:19
202,Baroda Mid-Cap Fund,PE,0,NULL,30-03-2022 11:53,NULL,08-09-2022 14:19
203,Baroda Money Market Fund,BM,0,NULL,30-03-2022 11:53,NULL,01-03-2024 09:36
204,Baroda Treasury Advantage Fund,TA,0,NULL,30-03-2022 11:53,NULL,08-09-2022 14:19
205,Baroda Ultra Short Duration Fund,US,0,NULL,30-03-2022 11:53,NULL,01-03-2024 09:36
207,Bharat Bond ETF - April 2023,EDBE23,0,NULL,30-03-2022 11:53,NULL,22-02-2024 11:37
210,Bharat Bond ETF- April 2025,EDBE25,0,NULL,30-03-2022 11:53,Mukesh.Kotian@cogencis.com,09-05-2025 12:25
213,Bharat Bond FoF - April 2023,EDFF23,0,NULL,30-03-2022 11:53,NULL,22-02-2024 11:37
215,Bharat Bond FoF- April 2025,EDFF25,0,NULL,30-03-2022 11:53,Mukesh.Kotian@cogencis.com,09-05-2025 13:24
217,BNP Paribas Arbitrage Fund,AR,0,NULL,30-03-2022 11:53,NULL,08-09-2022 14:19
218,BNP Paribas Conservative Hybrid Fund,CH,0,NULL,30-03-2022 11:53,NULL,08-09-2022 14:19
219,BNP Paribas Corporate Bond Fund,CB,0,NULL,30-03-2022 11:53,NULL,08-09-2022 14:19
220,BNP Paribas Dynamic Equity Fund,DY,0,NULL,30-03-2022 11:53,NULL,08-09-2022 14:19
221,BNP Paribas Flexi Debt Fund,FL,0,NULL,30-03-2022 11:53,NULL,08-09-2022 14:19
222,BNP Paribas Focused 25 Equity Fund,FO,0,NULL,30-03-2022 11:53,NULL,08-09-2022 14:19
223,BNP Paribas Funds Aqua Fund Of Fund,AF,0,NULL,30-03-2022 11:53,NULL,08-09-2022 14:19
224,BNP Paribas India Consumption Fund,IC,0,NULL,30-03-2022 11:53,NULL,08-09-2022 14:19
225,BNP Paribas Large Cap Fund,LC,0,NULL,30-03-2022 11:53,NULL,08-09-2022 14:19
226,BNP Paribas Liquid Fund,LF,0,NULL,30-03-2022 11:53,NULL,08-09-2022 14:19
227,BNP Paribas Long Term Equity Fund,TA,0,NULL,30-03-2022 11:53,NULL,08-09-2022 14:19
228,BNP Paribas Low Duration Fund,LW,0,NULL,30-03-2022 11:53,NULL,08-09-2022 14:19
229,BNP Paribas Medium Term Fund,MT,0,NULL,30-03-2022 11:53,NULL,08-09-2022 14:19
230,BNP Paribas Mid Cap Fund,MC,0,NULL,30-03-2022 11:53,NULL,08-09-2022 14:19
231,BNP Paribas Multi Cap Fund,TC,0,NULL,30-03-2022 11:53,NULL,08-09-2022 14:19
232,BNP Paribas Overnight Fund,OV,0,NULL,30-03-2022 11:53,NULL,08-09-2022 14:19
233,BNP Paribas Short Term Fund,ST,0,NULL,30-03-2022 11:53,NULL,08-09-2022 14:19
234,BNP Paribas Substantial Equity Hybrid Fund,SE,0,NULL,30-03-2022 11:53,NULL,08-09-2022 14:19
253,Canara Robeco Capital Protection Oriented Fund - Series 10,CX,0,NULL,30-03-2022 11:53,NULL,01-03-2024 09:36
287,DSP FMP Series - 250 - 39M,SR 250 - 39M,0,NULL,30-03-2022 11:53,NULL,01-03-2024 09:36
288,DSP FMP Series - 251 - 38M,SR 251 - 38M,0,NULL,30-03-2022 11:53,NULL,01-03-2024 09:36
318,DSP World Agriculture Fund,WAF,0,NULL,30-03-2022 11:53,Mukesh.Kotian@cogencis.com,18-11-2024 12:50
327,Edelweiss CRISIL PSU Plus SDL 50 50 Oct 2025 Index Fund,NULL,0,NULL,30-03-2022 11:53,Pooja.Parab@cogencis.com,11-11-2025 18:07
330,Edelweiss ETF - Nifty Bank,EENFBA,0,NULL,30-03-2022 11:53,NULL,22-02-2024 11:37
332,Edelweiss Fixed Maturity Plan - Series 55,EFMS55,0,NULL,30-03-2022 11:53,NULL,01-03-2024 09:36
358,Franklin India Credit Risk Fund (No. Of Segregated Portfolios-3),FICRF,0,NULL,30-03-2022 11:53,NULL,22-02-2024 11:37
360,Franklin India Dynamic Accrual Fund (No. Of Segregated Portfolios- 3),FIDA,0,NULL,30-03-2022 11:53,Neerja.Sheth@cogencis.com,20-03-2024 16:28
366,Franklin India Feeder - Templeton European Opportunities Fund,FEGF,0,NULL,30-03-2022 11:53,Mukesh.Kotian@cogencis.com,10-07-2025 14:46
367,Franklin India Fixed Maturity Plans - Series 5- Plan B (1244 Days),FMPS5B,0,NULL,30-03-2022 11:53,NULL,01-03-2024 09:36
368,Franklin India Fixed Maturity Plans - Series 5- Plan E (1224 Days),FMPS5E,0,NULL,30-03-2022 11:53,NULL,01-03-2024 09:36
369,Franklin India Fixed Maturity Plans - Series 6 Plan C (1169 Days),FMPS6C,0,NULL,30-03-2022 11:53,NULL,01-03-2024 09:36
370,Franklin India Fixed Maturity Plans- Series 4 Plan F (1286 Days),FMPS4F,0,NULL,30-03-2022 11:53,NULL,01-03-2024 09:36
371,Franklin India Fixed Maturity Plans -Series 5 Plan A (1273 Days),FMPS5A,0,NULL,30-03-2022 11:53,NULL,01-03-2024 09:36
372,Franklin India Fixed Maturity Plans- Series 5- Plan C (1259 Days),FMPS5C,0,NULL,30-03-2022 11:53,NULL,01-03-2024 09:36
373,Franklin India Fixed Maturity Plans- Series 5 Plan D (1238 Days),FMPS5D,0,NULL,30-03-2022 11:53,NULL,01-03-2024 09:36
374,Franklin India Fixed Maturity Plans- Series 5 Plan F (1203 Days),FMPS5F,0,NULL,30-03-2022 11:53,NULL,01-03-2024 09:36
379,Franklin India Income Opportunities Fund (No. Of Segregated Portfolios- 2),FIUS,0,NULL,30-03-2022 11:53,Mukesh.Kotian@cogencis.com,12-04-2024 16:04
381,Franklin India Life Stage Fund Of Funds - 20S Plan,FIFOF-20's,0,NULL,30-03-2022 11:53,Asmita.Shirke@cogencis.com,20-03-2024 17:53
382,Franklin India Life Stage Fund Of Funds - 30S Plan,FIFOF-30's,0,NULL,30-03-2022 11:53,Asmita.Shirke@cogencis.com,20-03-2024 17:53
383,Franklin India Life Stage Fund Of Funds - 40S Plan,FIFOF-40's,0,NULL,30-03-2022 11:53,Asmita.Shirke@cogencis.com,20-03-2024 17:54
384,Franklin India Life Stage Fund Of Funds - 50S Plus Floating Rate Plan,FIFOF-50's+,0,NULL,30-03-2022 11:53,Mukesh.Kotian@cogencis.com,25-10-2024 12:24
385,Franklin India Life Stage Fund Of Funds - 50S Plus Plan,FIFOF-50's,0,NULL,30-03-2022 11:53,Asmita.Shirke@cogencis.com,20-03-2024 17:54
387,Franklin India Low Duration Fund (No. Of Segregated Portfolios-2),FILDF,0,NULL,30-03-2022 11:53,Neerja.Sheth@cogencis.com,20-03-2024 16:31
394,Franklin India Short-Term Income Plan (No. Of Segregated Portfolios- 3),FISTIP,0,NULL,30-03-2022 11:53,Mukesh.Kotian@cogencis.com,10-06-2025 15:44
398,Franklin India Ultra Short Bond Fund (No. Of Segregated Portfolio-1),FIUBF,0,NULL,30-03-2022 11:53,Mukesh.Kotian@cogencis.com,18-05-2024 10:47
416,HDFC FMP 1100D April 2019 (1),APR1100D19,0,NULL,30-03-2022 11:53,NULL,01-03-2024 09:36
417,HDFC FMP 1118D March 2019 (1),MAR1118D19,0,NULL,30-03-2022 11:53,NULL,01-03-2024 09:36
418,HDFC FMP 1120D March 2019 (1),MAR1120D19,0,NULL,30-03-2022 11:53,NULL,01-03-2024 09:36
419,HDFC FMP 1126D March 2019 (1),MAR1126D19,0,NULL,30-03-2022 11:53,NULL,01-03-2024 09:36
420,HDFC FMP 1127D March 2019 (1),MAR1127D19,0,NULL,30-03-2022 11:53,NULL,01-03-2024 09:36
421,HDFC FMP 1133D February 2019 (1),FEB1133D19,0,NULL,30-03-2022 11:53,NULL,01-03-2024 09:36
422,HDFC FMP 1146D February 2019 (1),FEB1146D19,0,NULL,30-03-2022 11:53,NULL,01-03-2024 09:36
423,HDFC FMP 1154D February 2019 (1),FEB1154D19,0,NULL,30-03-2022 11:53,NULL,01-03-2024 09:36
424,HDFC FMP 1162D March 2022,NULL,0,NULL,30-03-2022 11:53,Mukesh.Kotian@cogencis.com,10-06-2025 15:36
425,HDFC FMP 1168D January 2019 (1),JAN1168D19,0,NULL,30-03-2022 11:53,NULL,01-03-2024 09:36
426,HDFC FMP 1175D January 2019 (1),JAN1175D19,0,NULL,30-03-2022 11:53,NULL,01-03-2024 09:36
427,HDFC FMP 1182D January 2019 (1),JAN1182D19,0,NULL,30-03-2022 11:53,NULL,01-03-2024 09:36
428,HDFC FMP 1190D January 2019 (1),JAN1190D19,0,NULL,30-03-2022 11:53,NULL,01-03-2024 09:36
429,HDFC FMP 1196D December 2018 (1),DEC1196D18,0,NULL,30-03-2022 11:53,NULL,01-03-2024 09:36
430,HDFC FMP 1203D December 2018 (1),DEC1203D18,0,NULL,30-03-2022 11:53,NULL,01-03-2024 09:36
431,HDFC FMP 1211D December 2018 (1),DEC1211D18,0,NULL,30-03-2022 11:53,NULL,01-03-2024 09:36
432,HDFC FMP 1218D December 2018 (1),DEC1218D18,0,NULL,30-03-2022 11:53,NULL,01-03-2024 09:36
433,HDFC FMP 1224D December 2018 (1),DEC1224D18,0,NULL,30-03-2022 11:53,NULL,01-03-2024 09:36
434,HDFC FMP 1232D November 2018 (1),NOV1232D18,0,NULL,30-03-2022 11:53,NULL,01-03-2024 09:36
435,HDFC FMP 1246D November 2018 (1),NOV1246D18,0,NULL,30-03-2022 11:53,NULL,01-03-2024 09:36
436,HDFC FMP 1260D October 2018 (1),OCT1260D18,0,NULL,30-03-2022 11:53,NULL,01-03-2024 09:36
437,HDFC FMP 1261D October 2018 (1),OCT1261D18,0,NULL,30-03-2022 11:53,NULL,01-03-2024 09:36
438,HDFC FMP 1265D October 2018 (1),OCT1265D18,0,NULL,30-03-2022 11:53,NULL,01-03-2024 09:36
439,HDFC FMP 1274D October 2018 (1),OCT1274D18,0,NULL,30-03-2022 11:53,NULL,01-03-2024 09:36
440,HDFC FMP 1280D October 2018 (1),OCT1280D18,0,NULL,30-03-2022 11:53,NULL,01-03-2024 09:36
441,HDFC FMP 1344D October 2018 (1),OCT1344D18,0,NULL,30-03-2022 11:53,NULL,01-03-2024 09:36
442,HDFC FMP 1372D September 2018 (1),SEP1372D18,0,NULL,30-03-2022 11:53,NULL,01-03-2024 09:36
443,HDFC FMP 1381D September 2018 (1),SEP1381D18,0,NULL,30-03-2022 11:53,NULL,01-03-2024 09:36
444,HDFC FMP 1434D May 2018 (1),MAY1434D18,0,NULL,30-03-2022 11:53,NULL,01-03-2024 09:36
445,HDFC FMP 1487D August 2018 (1),AUG1487D18,0,NULL,30-03-2022 11:53,NULL,01-03-2024 09:36
446,HDFC FMP 1846D August 2013 (1),AUG1846D13,0,NULL,30-03-2022 11:53,NULL,01-03-2024 09:36
448,HDFC FMP 3360D March 2014 (1),MAR3360D14,0,NULL,30-03-2022 11:53,NULL,01-03-2024 09:36
462,HDFC Low Duration  Fund,HDFCIG,0,NULL,NULL,Raksha.Belchad@cogencis.com,12-07-2023 12:58
489,HSBC Equity Hybrid Fund,HEH,0,NULL,30-03-2022 11:53,Raksha.Belchad@cogencis.com,09-12-2022 09:10
490,HSBC Fixed Term Series 137 (1187 Days Plan),HFT137,0,NULL,30-03-2022 11:53,NULL,01-03-2024 09:36
491,HSBC Fixed Term Series 139 (1163 Days Plan),HFT139,0,NULL,30-03-2022 11:53,NULL,01-03-2024 09:36
492,HSBC Fixed Term Series 140 (1147 Days Plan),HFT140,0,NULL,30-03-2022 11:53,NULL,01-03-2024 09:36
494,HSBC Flexi Debt Fund,HFDF,0,NULL,30-03-2022 11:53,Raksha.Belchad@cogencis.com,09-12-2022 09:09
498,HSBC Infrastructure Equity Fund,HPTF,0,NULL,30-03-2022 11:53,Raksha.Belchad@cogencis.com,09-12-2022 09:10
509,HSBC Small Cap Equity Fund,HMEF,0,NULL,30-03-2022 11:53,Raksha.Belchad@cogencis.com,09-12-2022 09:10
523,ICICI Prudential Bharat Consumption Fund - Series 3,BHACON3,0,NULL,30-03-2022 11:53,NULL,01-03-2024 09:36
524,ICICI Prudential Bharat Consumption Fund - Series 4,BHACON4,0,NULL,30-03-2022 11:53,NULL,01-03-2024 09:36
528,ICICI Prudential Capital Protection Oriented Fund - Series XI - Plan A 2056 Days,CAPITA11A,0,NULL,30-03-2022 11:53,NULL,01-03-2024 09:36
529,ICICI Prudential Capital Protection Oriented Fund - Series XIV - Plan A 1275 Days,CAPIT14A,0,NULL,30-03-2022 11:53,NULL,01-03-2024 09:36
543,ICICI Prudential Fixed Maturity Plan - Series 74 - 9 Years Plan U,F749YU,0,NULL,30-03-2022 11:53,NULL,22-02-2024 11:37
544,ICICI Prudential Fixed Maturity Plan - Series 83 - 1392 Days Plan J,F831392J,0,NULL,30-03-2022 11:53,NULL,01-03-2024 09:36
545,ICICI Prudential Fixed Maturity Plan - Series 83 - 1406 Days Plan D,F831406D,0,NULL,30-03-2022 11:53,NULL,01-03-2024 09:36
546,ICICI Prudential Fixed Maturity Plan - Series 83 - 1412 Days Plan B,F831412B,0,NULL,30-03-2022 11:53,NULL,01-03-2024 09:36
547,ICICI Prudential Fixed Maturity Plan - Series 83 - 1735 Days Plan P,F831735P,0,NULL,30-03-2022 11:53,NULL,22-02-2024 11:37
548,ICICI Prudential Fixed Maturity Plan - Series 84 - 1188 Days Plan Z,F841188Z,0,NULL,30-03-2022 11:53,NULL,01-03-2024 09:36
549,ICICI Prudential Fixed Maturity Plan - Series 84 - 1204 Days Plan Y,F841204Y,0,NULL,30-03-2022 11:53,NULL,01-03-2024 09:36
550,ICICI Prudential Fixed Maturity Plan - Series 84 - 1224 Days Plan S,F841224S,0,NULL,30-03-2022 11:53,NULL,01-03-2024 09:36
551,ICICI Prudential Fixed Maturity Plan - Series 84 - 1235 Days Plan R,F841235R,0,NULL,30-03-2022 11:53,NULL,01-03-2024 09:36
552,ICICI Prudential Fixed Maturity Plan - Series 84 - 1245 Days Plan N,F841245N,0,NULL,30-03-2022 11:53,NULL,01-03-2024 09:36
553,ICICI Prudential Fixed Maturity Plan - Series 84 - 1247 Days Plan M,F841247M,0,NULL,30-03-2022 11:53,NULL,01-03-2024 09:36
554,ICICI Prudential Fixed Maturity Plan - Series 84 - 1247 Days Plan W,F841247W,0,NULL,30-03-2022 11:53,NULL,01-03-2024 09:36
555,ICICI Prudential Fixed Maturity Plan - Series 84 - 1254 Days Plan U,F841254U,0,NULL,30-03-2022 11:53,NULL,01-03-2024 09:36
556,ICICI Prudential Fixed Maturity Plan - Series 84 - 1272 Days Plan Q,F841272Q,0,NULL,30-03-2022 11:53,NULL,01-03-2024 09:36
557,ICICI Prudential Fixed Maturity Plan - Series 84 - 1275 Days Plan K,F841275K,0,NULL,30-03-2022 11:53,NULL,01-03-2024 09:36
558,ICICI Prudential Fixed Maturity Plan - Series 84 - 1279 Days Plan P,F841279P,0,NULL,30-03-2022 11:53,NULL,01-03-2024 09:36
559,ICICI Prudential Fixed Maturity Plan - Series 84 - 1286 Days Plan F,F841286F,0,NULL,30-03-2022 11:53,NULL,01-03-2024 09:36
560,ICICI Prudential Fixed Maturity Plan - Series 84 - 1287 Days Plan I,F841287I,0,NULL,30-03-2022 11:53,NULL,01-03-2024 09:36
561,ICICI Prudential Fixed Maturity Plan - Series 84 - 1288 Days Plan E,F841288E,0,NULL,30-03-2022 11:53,NULL,01-03-2024 09:36
562,ICICI Prudential Fixed Maturity Plan - Series 84 - 1288 Days Plan O,F841288O,0,NULL,30-03-2022 11:53,NULL,01-03-2024 09:36
563,ICICI Prudential Fixed Maturity Plan - Series 84 - 1293 Days Plan D,F841293D,0,NULL,30-03-2022 11:53,NULL,01-03-2024 09:36
565,ICICI Prudential Fixed Maturity Plan - Series 85 - 1127 Days Plan O,F851127O,0,NULL,30-03-2022 11:53,NULL,01-03-2024 09:36
566,ICICI Prudential Fixed Maturity Plan - Series 85 - 1127 Days Plan Q,F851127Q,0,NULL,30-03-2022 11:53,NULL,01-03-2024 09:36
567,ICICI Prudential Fixed Maturity Plan - Series 85 - 1129 Days Plan P,F851129P,0,NULL,30-03-2022 11:53,NULL,01-03-2024 09:36
568,ICICI Prudential Fixed Maturity Plan - Series 85 - 1140 Days Plan R,F851140R,0,NULL,30-03-2022 11:53,NULL,01-03-2024 09:36
569,ICICI Prudential Fixed Maturity Plan - Series 85 - 1143 Days Plan J,F851143J,0,NULL,30-03-2022 11:53,NULL,01-03-2024 09:36
570,ICICI Prudential Fixed Maturity Plan - Series 85 - 1156 Days Plan F,F851156F,0,NULL,30-03-2022 11:53,NULL,01-03-2024 09:36
571,ICICI Prudential Fixed Maturity Plan - Series 85 - 1156 Days Plan G,F851156G,0,NULL,30-03-2022 11:53,NULL,01-03-2024 09:36
572,ICICI Prudential Fixed Maturity Plan - Series 85 - 1168 Days Plan E,F851168E,0,NULL,30-03-2022 11:53,NULL,01-03-2024 09:36
573,ICICI Prudential Fixed Maturity Plan - Series 85 - 1175 Days Plan D,F851175D,0,NULL,30-03-2022 11:53,NULL,01-03-2024 09:36
574,ICICI Prudential Fixed Maturity Plan - Series 85 - 1178 Days Plan B,F851178B,0,NULL,30-03-2022 11:53,NULL,01-03-2024 09:36
575,ICICI Prudential Fixed Maturity Plan - Series 85 - 1185 Days Plan C,F851185C,0,NULL,30-03-2022 11:53,NULL,01-03-2024 09:36
576,ICICI Prudential Fixed Maturity Plan - Series 85 - 1197 Days Plan A,F851197A,0,NULL,30-03-2022 11:53,NULL,01-03-2024 09:36
577,ICICI Prudential Fixed Maturity Plan - Series 86 - 1099 Days Plan A,F861099A,0,NULL,30-03-2022 11:53,NULL,01-03-2024 09:36
578,ICICI Prudential Fixed Maturity Plan - Series 87 - 1141 Days Plan G,F871141G,0,NULL,30-03-2022 11:53,NULL,22-02-2024 11:37
579,ICICI Prudential Fixed Maturity Plan - Series 87 - 1174 Days Plan B,F871174B,0,NULL,30-03-2022 11:53,NULL,22-02-2024 11:37
580,ICICI Prudential Fixed Maturity Plan - Series 87 - 1214 Days Plan A,F871214A,0,NULL,30-03-2022 11:53,NULL,22-02-2024 11:37
653,IDBI Banking & Financial Services Fund,ID20,0,NULL,30-03-2022 11:53,NULL,01-03-2024 09:36
654,IDBI Credit Risk Fund,ID13,0,NULL,30-03-2022 11:53,NULL,01-03-2024 09:36
655,IDBI Dividend Yield Fund,ID22,0,NULL,30-03-2022 11:53,NULL,01-03-2024 09:36
656,IDBI Dynamic Bond Fund,ID08,0,NULL,30-03-2022 11:53,NULL,01-03-2024 09:36
657,IDBI Equity Advantage Fund,ID12,0,NULL,30-03-2022 11:53,NULL,01-03-2024 09:36
658,IDBI Equity Savings Fund,ID05,0,NULL,30-03-2022 11:53,NULL,01-03-2024 09:36
659,IDBI Flexi Cap Fund,ID14,0,NULL,30-03-2022 11:53,NULL,01-03-2024 09:36
660,IDBI Focused 30 Equity Fund,ID18,0,NULL,30-03-2022 11:53,NULL,01-03-2024 09:36
661,IDBI Gilt Fund,ID11,0,NULL,30-03-2022 11:53,NULL,01-03-2024 09:36
662,IDBI Gold Exchange Traded Fund,ID07,0,NULL,NULL,admin,01-03-2024 09:36
663,IDBI Gold Fund,ID10,0,NULL,30-03-2022 11:53,NULL,01-03-2024 09:36
664,IDBI Healthcare Fund,ID23,0,NULL,30-03-2022 11:53,NULL,01-03-2024 09:36
665,IDBI Hybrid Equity Fund,ID15,0,NULL,30-03-2022 11:53,NULL,01-03-2024 09:36
666,IDBI India Top 100 Equity Fund,ID09,0,NULL,30-03-2022 11:53,NULL,01-03-2024 09:36
667,IDBI Liquid Fund,ID02,0,NULL,30-03-2022 11:53,NULL,01-03-2024 09:36
668,IDBI Long Term Value Fund,ID21,0,NULL,30-03-2022 11:53,NULL,01-03-2024 09:36
669,IDBI Midcap Fund,ID16,0,NULL,30-03-2022 11:53,NULL,01-03-2024 09:36
670,IDBI Nifty 50 Index Fund,ID01,0,NULL,30-03-2022 11:53,Raksha.Belchad@cogencis.com,01-03-2024 09:36
671,IDBI Nifty Next 50 Index Fund,ID04,0,NULL,30-03-2022 11:53,Raksha.Belchad@cogencis.com,01-03-2024 09:36
672,IDBI Short Term Bond Fund,ID06,0,NULL,30-03-2022 11:53,NULL,01-03-2024 09:36
673,IDBI Small Cap Fund,ID17,0,NULL,30-03-2022 11:53,NULL,01-03-2024 09:36
674,IDBI Ultra Short Term Fund,ID03,0,NULL,30-03-2022 11:53,NULL,01-03-2024 09:36
692,IDFC Fixed Term Plan Series - 149 (1424 Days),IDF247,0,NULL,30-03-2022 11:53,NULL,01-03-2024 09:36
693,IDFC Fixed Term Plan Series - 152 (1452 Days),IDF250,0,NULL,30-03-2022 11:53,NULL,01-03-2024 09:36
694,IDFC Fixed Term Plan Series - 163 (1223 Days),IDF262,0,NULL,30-03-2022 11:53,NULL,01-03-2024 09:36
695,IDFC Fixed Term Plan Series - 166 (1207 Days),IDF263,0,NULL,30-03-2022 11:53,NULL,01-03-2024 09:36
696,IDFC Fixed Term Plan Series - 167 (1202 Days),IDF264,0,NULL,30-03-2022 11:53,NULL,01-03-2024 09:36
697,IDFC Fixed Term Plan Series - 176 (1170 Days),IDF266,0,NULL,30-03-2022 11:53,NULL,01-03-2024 09:36
698,IDFC Fixed Term Plan Series - 177 (1160 Days),IDF267,0,NULL,30-03-2022 11:53,NULL,01-03-2024 09:36
699,IDFC Fixed Term Plan Series - 178 (1154 Days),IDF269,0,NULL,30-03-2022 11:53,NULL,01-03-2024 09:36
724,IIFCL Mutual Fund Infrastructure Debt Fund Series I,Series I,0,NULL,30-03-2022 11:53,NULL,22-02-2024 11:37
725,IIFCL Mutual Fund Infrastructure Debt Fund Series II,Series II,0,NULL,30-03-2022 11:53,Raksha.Belchad@cogencis.com,22-02-2024 11:37
730,IL&FS Infrastructure Debt Fund Series 1C,Portfolio 1C - January 15,0,NULL,30-03-2022 11:53,Mukesh.Kotian@cogencis.com,05-08-2024 11:38
734,IL&FS Infrastructure Debt Fund-3 Series 3-A,Portfolio 3A - January 15,0,NULL,30-03-2022 11:53,NULL,22-02-2024 11:37
735,IL&FS Infrastructure Debt Fund-3 Series 3-B,Portfolio 3B - January 15,0,NULL,30-03-2022 11:53,Mukesh.Kotian@cogencis.com,08-07-2025 17:37
736,Groww Arbitrage Fund,IB04,0,NULL,30-03-2022 11:53,Raksha.Belchad@cogencis.com,22-02-2024 11:37
741,Groww Nifty50 Exchange Traded Fund,IB15,0,NULL,30-03-2022 11:53,Raksha.Belchad@cogencis.com,22-02-2024 11:37
759,Invesco India Fixed Maturity Plan - Series 31 - Plan D,FMP Series 31 D,0,NULL,30-03-2022 11:53,NULL,01-03-2024 09:36
760,Invesco India Fixed Maturity Plan - Series 33 - Plan B,FMP Series 33 B,0,NULL,30-03-2022 11:53,NULL,01-03-2024 09:36
761,Invesco India Fixed Maturity Plan - Series 33 - Plan D,FMP Series 33 D,0,NULL,30-03-2022 11:53,NULL,01-03-2024 09:36
787,ITI Conservative Hybrid Fund,NULL,0,NULL,30-03-2022 11:53,NULL,22-02-2024 11:37
829,Kotak FMP Series 226,U26,0,NULL,30-03-2022 11:53,NULL,01-03-2024 09:36
830,Kotak FMP Series 239,U39,0,NULL,30-03-2022 11:53,NULL,01-03-2024 09:36
831,Kotak FMP Series 243,U43,0,NULL,30-03-2022 11:53,NULL,01-03-2024 09:36
832,Kotak FMP Series 247,U47,0,NULL,30-03-2022 11:53,NULL,01-03-2024 09:36
833,Kotak FMP Series 248,U48,0,NULL,30-03-2022 11:53,NULL,01-03-2024 09:36
834,Kotak FMP Series 250,U50,0,NULL,30-03-2022 11:53,NULL,01-03-2024 09:36
835,Kotak FMP Series 251,U51,0,NULL,30-03-2022 11:53,NULL,01-03-2024 09:36
836,Kotak FMP Series 252,U52,0,NULL,30-03-2022 11:53,NULL,01-03-2024 09:36
837,Kotak FMP Series 253,U53,0,NULL,30-03-2022 11:53,NULL,01-03-2024 09:36
838,Kotak FMP Series 254,U54,0,NULL,30-03-2022 11:53,NULL,01-03-2024 09:36
839,Kotak FMP Series 255,U55,0,NULL,30-03-2022 11:53,NULL,01-03-2024 09:36
840,Kotak FMP Series 256,U56,0,NULL,30-03-2022 11:53,NULL,01-03-2024 09:36
841,Kotak FMP Series 257,U57,0,NULL,30-03-2022 11:53,NULL,01-03-2024 09:36
842,Kotak FMP Series 259,U59,0,NULL,30-03-2022 11:53,NULL,01-03-2024 09:36
843,Kotak FMP Series 261,U61,0,NULL,30-03-2022 11:53,NULL,01-03-2024 09:36
844,Kotak FMP Series 263,U63,0,NULL,30-03-2022 11:53,NULL,01-03-2024 09:36
845,Kotak FMP Series 265,U65,0,NULL,30-03-2022 11:53,NULL,01-03-2024 09:36
846,Kotak FMP Series 267,U67,0,NULL,30-03-2022 11:53,NULL,01-03-2024 09:36
855,Kotak India Growth Fund Series 4,IG4,0,NULL,30-03-2022 11:53,Mukesh.Kotian@cogencis.com,05-04-2024 18:01
886,L&T Conservative Hybrid Fund,LTCHF,0,NULL,30-03-2022 11:53,NULL,01-03-2024 09:36
888,L&T Emerging Businesses Fund,LTEBF,0,NULL,30-03-2022 11:53,NULL,01-03-2024 09:36
890,L&T Flexi Bond Fund,LTFBF,0,NULL,30-03-2022 11:53,NULL,01-03-2024 09:36
891,L&T Flexicap Fund,LTFCF,0,NULL,30-03-2022 11:53,NULL,01-03-2024 09:36
892,L&T FMP Series XVII - Plan B,LTFMPXVIIB,0,NULL,30-03-2022 11:53,NULL,01-03-2024 09:36
893,L&T FMP Series XVIII - Plan B,LTFMPXVIIIB,0,NULL,30-03-2022 11:53,NULL,01-03-2024 09:36
894,L&T FMP Series XVIII - Plan C,LTFMPXVIIIC,0,NULL,30-03-2022 11:53,NULL,01-03-2024 09:36
895,L&T FMP Series XVIII - Plan D,LTFMPXVIIID,0,NULL,30-03-2022 11:53,NULL,01-03-2024 09:36
896,L&T Focused Equity Fund,LTFOEF,0,NULL,30-03-2022 11:53,NULL,01-03-2024 09:36
898,L&T Hybrid Equity Fund,LTHEF,0,NULL,30-03-2022 11:53,NULL,01-03-2024 09:36
899,L&T India Large Cap Fund,LTILCF,0,NULL,30-03-2022 11:53,NULL,01-03-2024 09:36
901,L&T Infrastructure Fund,LTINEF,0,NULL,30-03-2022 11:53,NULL,01-03-2024 09:36
902,L&T Large And Midcap Fund,LTLMF,0,NULL,30-03-2022 11:53,NULL,01-03-2024 09:36
903,L&T Liquid Fund,LTLQF,0,NULL,30-03-2022 11:53,NULL,01-03-2024 09:36
904,L&T Low Duration Fund,LTLDSTF,0,NULL,30-03-2022 11:53,NULL,01-03-2024 09:36
905,L&T Mid Cap Fund,LTMDCPF,0,NULL,30-03-2022 11:53,NULL,01-03-2024 09:36
909,L&T Overnight Fund,LTOF,0,NULL,30-03-2022 11:53,NULL,01-03-2024 09:36
911,L&T Short Term Bond Fund,LTSTBF,0,NULL,30-03-2022 11:53,NULL,01-03-2024 09:36
913,L&T Triple Ace Bond Fund,LTTACBF,0,NULL,30-03-2022 11:53,Raksha.Belchad@cogencis.com,07-12-2022 11:54
914,L&T Ultra Short Term Fund,LTUSTF,0,NULL,30-03-2022 11:53,NULL,01-03-2024 09:36
971,Mirae Asset Fixed Maturity Plan Series III 1122 Days,MAFM1122,0,NULL,30-03-2022 11:53,NULL,01-03-2024 09:36
1001,Motilal Oswal Equity Hybrid Fund,Equity Hybrid Fund,0,NULL,30-03-2022 11:53,Raksha.Belchad@cogencis.com,22-02-2024 11:37
1010,Motilal Oswal MSCI EAFE Top 100 Select Index Fund,MSCI EAFE Top 100 Select,0,NULL,30-03-2022 11:53,NULL,22-02-2024 11:37
1011,Motilal Oswal Multi Asset Fund,Multi Asset Fund,0,NULL,30-03-2022 11:53,Mukesh.Kotian@cogencis.com,11-08-2025 15:33
1025,Navi 3 In 1 Fund,CP,0,NULL,30-03-2022 11:53,NULL,01-03-2024 09:36
1030,Navi Large Cap Equity Fund,EF,0,NULL,30-03-2022 11:53,NULL,01-03-2024 09:36
1037,Navi Conservative Hybrid Fund,IP,0,NULL,30-03-2022 11:53,Mukesh.Kotian@cogencis.com,10-12-2024 12:32
1038,Navi Ultra Short Term Fund,US,0,NULL,30-03-2022 11:53,NULL,01-03-2024 09:36
1045,Nippon India Capital Builder Fund IV - Series B,CH,0,NULL,30-03-2022 11:53,NULL,01-03-2024 09:36
1046,Nippon India Capital Protection Oriented Fund II - Plan A,OF,0,NULL,30-03-2022 11:53,NULL,01-03-2024 09:36
1065,Nippon India ETF Nifty CPSE Bond Plus SDL Sep2024 50 50,NC,0,NULL,30-03-2022 11:53,Mukesh.Kotian@cogencis.com,21-11-2024 10:22
1074,Nippon India Fixed Horizon Fund - XLI - Series 1,GW,0,NULL,NULL,,30-08-2022 17:25
1075,Nippon India Fixed Horizon Fund - XLI - Series 10,G8,0,NULL,30-03-2022 11:53,NULL,01-03-2024 09:36
1076,Nippon India Fixed Horizon Fund - XLI - Series 11,G9,0,NULL,30-03-2022 11:53,NULL,01-03-2024 09:36
1077,Nippon India Fixed Horizon Fund - XLI - Series 12,H7,0,NULL,30-03-2022 11:53,NULL,01-03-2024 09:36
1078,Nippon India Fixed Horizon Fund - XLI - Series 4,GZ,0,NULL,30-03-2022 11:53,NULL,01-03-2024 09:36
1080,Nippon India Fixed Horizon Fund - XLII - Series 4,F7,0,NULL,30-03-2022 11:53,NULL,01-03-2024 09:36
1083,Nippon India Fixed Horizon Fund - XXXIX- Series 15,FV,0,NULL,NULL,,30-08-2022 17:13
1084,Nippon India Fixed Horizon Fund - XXXX - Series 1,FW,0,NULL,30-03-2022 11:53,NULL,01-03-2024 09:36
1085,Nippon India Fixed Horizon Fund - XXXX - Series 11,GJ,0,NULL,30-03-2022 11:53,NULL,01-03-2024 09:36
1086,Nippon India Fixed Horizon Fund - XXXX - Series 12,GK,0,NULL,30-03-2022 11:53,NULL,01-03-2024 09:36
1087,Nippon India Fixed Horizon Fund - XXXX - Series 14,GN,0,NULL,30-03-2022 11:53,NULL,01-03-2024 09:36
1088,Nippon India Fixed Horizon Fund - XXXX - Series 15,GO,0,NULL,30-03-2022 11:53,NULL,01-03-2024 09:36
1089,Nippon India Fixed Horizon Fund - XXXX - Series 16,GP,0,NULL,30-03-2022 11:53,NULL,01-03-2024 09:36
1090,Nippon India Fixed Horizon Fund - XXXX - Series 17,GQ,0,NULL,NULL,,30-08-2022 17:23
1091,Nippon India Fixed Horizon Fund - XXXX - Series 19,GU,0,NULL,30-03-2022 11:53,NULL,01-03-2024 09:36
1092,Nippon India Fixed Horizon Fund - XXXX - Series 2,FX,0,NULL,30-03-2022 11:53,NULL,01-03-2024 09:36
1093,Nippon India Fixed Horizon Fund - XXXX - Series 3,FY,0,NULL,NULL,,30-08-2022 17:18
1094,Nippon India Fixed Horizon Fund - XXXX - Series 4,FZ,0,NULL,30-03-2022 11:53,NULL,01-03-2024 09:36
1095,Nippon India Fixed Horizon Fund - XXXX - Series 5,GA,0,NULL,30-03-2022 11:53,NULL,01-03-2024 09:36
1096,Nippon India Fixed Horizon Fund - XXXX - Series 6,GC,0,NULL,NULL,,30-08-2022 17:19
1097,Nippon India Fixed Horizon Fund - XXXX - Series 7,GE,0,NULL,30-03-2022 11:53,NULL,01-03-2024 09:36
1098,Nippon India Fixed Horizon Fund - XXXX - Series 8,GG,0,NULL,NULL,,30-08-2022 17:21
1099,Nippon India Fixed Horizon Fund XXXIX - Series 14,FU,0,NULL,NULL,,30-08-2022 15:06
1100,Nippon India Fixed Horizon Fund XXXIX- Series 11,FP,0,NULL,NULL,,30-08-2022 15:03
1101,Nippon India Fixed Horizon Fund XXXIX- Series 2,FG,0,NULL,NULL,,08-09-2022 14:13
1102,Nippon India Fixed Horizon Fund XXXIX- Series 4,FI,0,NULL,NULL,,30-08-2022 14:53
1103,Nippon India Fixed Horizon Fund XXXIX- Series 5,FJ,0,NULL,NULL,,30-08-2022 14:56
1104,Nippon India Fixed Horizon Fund XXXIX- Series 6,FK,0,NULL,30-03-2022 11:53,NULL,01-03-2024 09:36
1105,Nippon India Fixed Horizon Fund XXXIX- Series 8,FM,0,NULL,30-03-2022 11:53,NULL,01-03-2024 09:36
1106,Nippon India Fixed Horizon Fund XXXIX- Series 9,FN,0,NULL,30-03-2022 11:53,NULL,01-03-2024 09:36
1107,Nippon India Fixed Horizon Fund XXXVII- Series 4,TD,0,NULL,30-03-2022 11:53,NULL,01-03-2024 09:36
1108,Nippon India Fixed Horizon Fund XXXVII- Series 6,TF,0,NULL,30-03-2022 11:53,NULL,01-03-2024 09:36
1109,Nippon India Fixed Horizon Fund XXXVII- Series 9,TI,0,NULL,30-03-2022 11:53,NULL,01-03-2024 09:36
1110,Nippon India Fixed Horizon Fund XXXVIII- Series 10,TZ,0,NULL,NULL,,30-08-2022 13:04
1111,Nippon India Fixed Horizon Fund XXXVIII- Series 2,TQ,0,NULL,30-03-2022 11:53,NULL,01-03-2024 09:36
1122,Nippon India India Opportunities Fund - Series A,E4,0,NULL,NULL,,30-08-2022 14:59
1124,Nippon India Monthly Interval Fund - Series I,IV,0,NULL,30-03-2022 11:53,Mukesh.Kotian@cogencis.com,09-05-2025 12:47
1125,Nippon India Monthly Interval Fund - Series II,IM,0,NULL,30-03-2022 11:53,Mukesh.Kotian@cogencis.com,09-05-2025 12:49
1127,Nippon India Quarterly Interval Fund - Series I,DC,0,NULL,30-03-2022 11:53,Mukesh.Kotian@cogencis.com,09-05-2025 12:53
1128,Nippon India Quarterly Interval Fund - Series III,9B,0,NULL,30-03-2022 11:53,Mukesh.Kotian@cogencis.com,04-07-2025 11:53
1168,PGIM India Banking And PSU Debt Fund,Bkg & PSU,0,NULL,30-03-2022 11:53,NULL,22-02-2024 11:37
1174,PGIM India Fixed Duration Fund - Series AY,FDF - AY,0,NULL,30-03-2022 11:53,NULL,01-03-2024 09:36
1175,PGIM India Fixed Duration Fund - Series BA,FDF - BA,0,NULL,30-03-2022 11:53,NULL,01-03-2024 09:36
1183,PGIM India Low Duration Fund,Low Duration,0,NULL,30-03-2022 11:53,NULL,22-02-2024 11:37
1187,PGIM India Short Duration Fund,Short Duration,0,NULL,30-03-2022 11:53,Mukesh.Kotian@cogencis.com,25-10-2024 11:43
1222,SBI Capital Protection Oriented Fund - Series A (Plan 1),SCPOF-A1,0,NULL,30-03-2022 11:53,NULL,01-03-2024 09:36
1223,SBI Capital Protection Oriented Fund - Series A (Plan 2),SCPOF-Series A (Plan 2),0,NULL,30-03-2022 11:53,NULL,01-03-2024 09:36
1224,SBI Capital Protection Oriented Fund - Series A (Plan 3),SCPOF-Series A (Plan 3),0,NULL,30-03-2022 11:53,NULL,22-02-2024 11:37
1225,SBI Capital Protection Oriented Fund - Series A (Plan 4),SCPOF-Series A (Plan 4),0,NULL,30-03-2022 11:53,NULL,22-02-2024 11:37
1226,SBI Capital Protection Oriented Fund - Series A (Plan 5),SCPOF-Series A (Plan 5),0,NULL,30-03-2022 11:53,NULL,22-02-2024 11:37
1227,SBI Capital Protection Oriented Fund - Series A (Plan 6),SCPOF-Series A (Plan 6),0,NULL,30-03-2022 11:53,NULL,22-02-2024 11:37
1228,SBI Capital Protection Oriented Fund - Series A (Plan 7),SCPOF-Series A (Plan 7),0,NULL,30-03-2022 11:53,NULL,22-02-2024 11:37
1229,SBI Capital Protection Oriented Fund - Series A (Plan 8),SCPOF-Series A (Plan 8),0,NULL,30-03-2022 11:53,NULL,22-02-2024 11:37
1236,SBI Debt Fund Series C - 27 (391 Days),SDFS-C-27,0,NULL,30-03-2022 11:53,Raksha.Belchad@cogencis.com,22-02-2024 11:37
1237,SBI Debt Fund Series C - 28 (386 Days),SDFS-C-28,0,NULL,30-03-2022 11:53,Raksha.Belchad@cogencis.com,22-02-2024 11:37
1238,SBI Debt Fund Series C - 30 (385 Days),SDFS-C-30,0,NULL,30-03-2022 11:53,Raksha.Belchad@cogencis.com,22-02-2024 11:37
1239,SBI Debt Fund Series C - 32 (380 Days),SDFS-C-32,0,NULL,30-03-2022 11:53,Raksha.Belchad@cogencis.com,22-02-2024 11:37
1240,SBI Debt Fund Series C - 33 (1216 Days),SDFS-C-33,0,NULL,30-03-2022 11:53,NULL,01-03-2024 09:36
1241,SBI Debt Fund Series C - 34 (1211 Days),SDFS-C-34,0,NULL,30-03-2022 11:53,NULL,01-03-2024 09:36
1242,SBI Debt Fund Series C - 35 (376 Days),SDFS-C-35,0,NULL,30-03-2022 11:53,Raksha.Belchad@cogencis.com,22-02-2024 11:37
1243,SBI Debt Fund Series C - 38 (389 Days),SDFS-C-38,0,NULL,30-03-2022 11:53,Raksha.Belchad@cogencis.com,22-02-2024 11:37
1244,SBI Debt Fund Series C - 40 (1177 Days),SDFS-C-40,0,NULL,30-03-2022 11:53,NULL,01-03-2024 09:36
1245,SBI Debt Fund Series C - 41 (1178 Days),SDFS-C-41,0,NULL,30-03-2022 11:53,NULL,01-03-2024 09:36
1246,SBI Debt Fund Series C - 43 (384 Days),SDFS-C-43,0,NULL,30-03-2022 11:53,Raksha.Belchad@cogencis.com,22-02-2024 11:37
1247,SBI Debt Fund Series C - 44 (378 Days),SDFS-C-44,0,NULL,30-03-2022 11:53,Raksha.Belchad@cogencis.com,22-02-2024 11:37
1248,SBI Debt Fund Series C - 46 (376 Days),SDFS-C-46,0,NULL,30-03-2022 11:53,Raksha.Belchad@cogencis.com,22-02-2024 11:37
1249,SBI Debt Fund Series C - 48 (385 Days),SDFS-C-48,0,NULL,30-03-2022 11:53,Raksha.Belchad@cogencis.com,22-02-2024 11:37
1250,SBI Debt Fund Series C - 49 (390 Days),SDFS-C-49,0,NULL,30-03-2022 11:53,Raksha.Belchad@cogencis.com,22-02-2024 11:37
1251,SBI Debt Fund Series C - 50 (383 Days),SDFS-C-50,0,NULL,30-03-2022 11:53,Raksha.Belchad@cogencis.com,22-02-2024 11:37
1260,SBI Fixed Maturity Plan (FMP) - Series 10 (1178 Days),SFMP- Series 10,0,NULL,30-03-2022 11:53,NULL,01-03-2024 09:36
1261,SBI Fixed Maturity Plan (FMP) - Series 11 (1178 Days),SFMP- Series 11,0,NULL,30-03-2022 11:53,NULL,01-03-2024 09:36
1262,SBI Fixed Maturity Plan (FMP) - Series 14 (384 Days),SFMP- Series 14,0,NULL,30-03-2022 11:53,Raksha.Belchad@cogencis.com,22-02-2024 11:37
1263,SBI Fixed Maturity Plan (FMP) - Series 15 (1123 Days),SFMP- Series 15,0,NULL,30-03-2022 11:53,NULL,01-03-2024 09:36
1264,SBI Fixed Maturity Plan (FMP) - Series 16 (1116 Days),SFMP- Series 16,0,NULL,30-03-2022 11:53,NULL,01-03-2024 09:36
1265,SBI Fixed Maturity Plan (FMP) - Series 17 (1116 Days),SFMP- Series 17,0,NULL,30-03-2022 11:53,NULL,01-03-2024 09:36
1266,SBI Fixed Maturity Plan (FMP) - Series 18 (1108 Days),SFMP- Series 18,0,NULL,30-03-2022 11:53,NULL,01-03-2024 09:36
1267,SBI Fixed Maturity Plan (FMP) - Series 19 (1115 Days),SFMP- Series 19,0,NULL,30-03-2022 11:53,NULL,01-03-2024 09:36
1268,SBI Fixed Maturity Plan (FMP) - Series 2 (1178 Days),SFMP- Series 2,0,NULL,30-03-2022 11:53,NULL,01-03-2024 09:36
1269,SBI Fixed Maturity Plan (FMP) - Series 20 (1109 Days),SFMP- Series 20,0,NULL,30-03-2022 11:53,NULL,01-03-2024 09:36
1270,SBI Fixed Maturity Plan (FMP) - Series 21 (1109 Days),SFMP- Series 21,0,NULL,30-03-2022 11:53,NULL,01-03-2024 09:36
1271,SBI Fixed Maturity Plan (FMP) - Series 22 (1106 Days),SFMP- Series 22,0,NULL,30-03-2022 11:53,NULL,01-03-2024 09:36
1272,SBI Fixed Maturity Plan (FMP) - Series 24 (1107 Days),SFMP- Series 24,0,NULL,30-03-2022 11:53,NULL,01-03-2024 09:36
1273,SBI Fixed Maturity Plan (FMP) - Series 25 (1120 Days),SFMP- Series 25,0,NULL,30-03-2022 11:53,NULL,01-03-2024 09:36
1274,SBI Fixed Maturity Plan (FMP) - Series 26 (1112 Days),SFMP- Series 26,0,NULL,30-03-2022 11:53,NULL,01-03-2024 09:36
1275,SBI Fixed Maturity Plan (FMP) - Series 27 (1203 Days),SFMP- Series 27,0,NULL,30-03-2022 11:53,NULL,22-02-2024 11:37
1276,SBI Fixed Maturity Plan (FMP) - Series 28 (1163 Days),SFMP- Series 28,0,NULL,30-03-2022 11:53,NULL,22-02-2024 11:37
1277,SBI Fixed Maturity Plan (FMP) - Series 3 (1179 Days),SFMP- Series 3,0,NULL,30-03-2022 11:53,NULL,01-03-2024 09:36
1278,SBI Fixed Maturity Plan (FMP) - Series 31 (1160 Days),SFMP- Series 31,0,NULL,30-03-2022 11:53,NULL,22-02-2024 11:37
1279,SBI Fixed Maturity Plan (FMP) - Series 32 ( 1140 Days),SFMP- Series 32,0,NULL,30-03-2022 11:53,NULL,22-02-2024 11:37
1280,SBI Fixed Maturity Plan (FMP) - Series 33 (1128 Days),SFMP- Series 33,0,NULL,30-03-2022 11:53,NULL,22-02-2024 11:37
1282,SBI Fixed Maturity Plan (FMP) - Series 41 (1498),SFMP- Series 41,0,NULL,30-03-2022 11:53,Mukesh.Kotian@cogencis.com,09-05-2025 12:28
1284,SBI Fixed Maturity Plan (FMP) - Series 47 (1434 Days),SFMP- Series 47,0,NULL,30-03-2022 11:53,Mukesh.Kotian@cogencis.com,10-07-2025 14:49
1285,SBI Fixed Maturity Plan (FMP) - Series 48 (1458 Days),SFMP- Series 48,0,NULL,30-03-2022 11:53,Mukesh.Kotian@cogencis.com,11-08-2025 15:37
1293,SBI Fixed Maturity Plan (FMP) - Series 56 (1232 Days),SFMP- Series 56,0,NULL,30-03-2022 11:53,Mukesh.Kotian@cogencis.com,09-05-2025 12:30
1299,SBI Fixed Maturity Plan (FMP) - Series 7 (1175 Days),SFMP- Series 7,0,NULL,30-03-2022 11:53,NULL,01-03-2024 09:36
1300,SBI Fixed Maturity Plan (FMP) - Series 8 (1178 Days),SFMP- Series 8,0,NULL,30-03-2022 11:53,NULL,01-03-2024 09:36
1301,SBI Fixed Maturity Plan (FMP) - Series 9 (1178 Days),SFMP- Series 9,0,NULL,30-03-2022 11:53,NULL,01-03-2024 09:36
1302,SBI Fixed Maturity Plan (FMP) - Series 12 (1179 Days),SFMP- Series 12,0,NULL,30-03-2022 11:53,Pranaya.Vibhute@cogencis.com,09-09-2024 12:57
1303,SBI Fixed Maturity Plan (FMP) - Series 13 (1108 Days),SFMP- Series 13,0,NULL,30-03-2022 11:53,Pranaya.Vibhute@cogencis.com,09-09-2024 12:47
1304,SBI Fixed Maturity Plan (FMP) - Series 23 (1106 Days),SFMP- Series 23,0,NULL,30-03-2022 11:53,Pranaya.Vibhute@cogencis.com,09-09-2024 12:58
1306,SBI Fixed Maturity Plan (FMP) - Series 43 (1616 Days),SFMP- Series 43,0,NULL,30-03-2022 11:53,Pooja.Parab@cogencis.com,13-10-2025 16:18
1318,SBI Long Term Advantage Fund - Series I,SLTAF-I,0,NULL,30-03-2022 11:53,Mukesh.Kotian@cogencis.com,13-03-2025 12:32
1319,SBI Long Term Advantage Fund - Series II,SLTAF-II,0,NULL,30-03-2022 11:53,Mukesh.Kotian@cogencis.com,11-04-2025 13:14
1350,SBI Tax Advantage Fund - Series Ii,STAF-II,0,NULL,30-03-2022 11:53,NULL,01-03-2024 09:36
1351,SBI Tax Advantage Fund - Series Iii,STAF-III,0,NULL,30-03-2022 11:53,Mukesh.Kotian@cogencis.com,15-04-2024 11:27
1372,Sundaram Emerging Small Cap Series I,SESCAP1,0,NULL,30-03-2022 11:53,NULL,01-03-2024 09:36
1373,Sundaram Emerging Small Cap Series II,SESCAP2,0,NULL,30-03-2022 11:53,Sunil.Shinde@cogencis.com,12-08-2024 09:40
1374,Sundaram Emerging Small Cap Series III,SESCAP3,0,NULL,30-03-2022 11:53,Sunil.Shinde@cogencis.com,12-08-2024 09:41
1375,Sundaram Emerging Small Cap Series IV,SESCAP4,0,NULL,30-03-2022 11:53,Raksha.Belchad@cogencis.com,22-02-2024 11:37
1376,Sundaram Emerging Small Cap Series V,SESCAP5,0,NULL,30-03-2022 11:53,NULL,22-02-2024 11:37
1377,Sundaram Emerging Small Cap Series VI,SESCAP6,0,NULL,30-03-2022 11:53,Sunil.Shinde@cogencis.com,12-08-2024 09:41
1378,Sundaram Emerging Small Cap Series VII,SESCAP7,0,NULL,30-03-2022 11:53,Sunil.Shinde@cogencis.com,12-08-2024 09:41
1381,Sundaram Fixed Term Plan Is,SFTPIS,0,NULL,30-03-2022 11:53,NULL,01-03-2024 09:36
1392,Sundaram Long Term Tax Advantage Fund Series I (10 Years),SLTAX1,0,NULL,30-03-2022 11:53,Mukesh.Kotian@cogencis.com,11-04-2025 13:19
1399,Sundaram Money Market Fund,SMMF,0,NULL,NULL,Mukesh.Kotian@cogencis.com,03-10-2022 13:19
1401,Sundaram Multi Cap Fund Series I,MULTI1,0,NULL,30-03-2022 11:53,NULL,22-02-2024 11:37
1402,Sundaram Multi Cap Fund Series II,MULTI2,0,NULL,30-03-2022 11:53,NULL,22-02-2024 11:37
1406,Sundaram Select Micro Cap Series XIV,MICAP14,0,NULL,30-03-2022 11:53,NULL,01-03-2024 09:36
1407,Sundaram Select Micro Cap Series XV,MICAP15,0,NULL,30-03-2022 11:53,NULL,01-03-2024 09:36
1408,Sundaram Select Micro Cap Series XVI,MICAP16,0,NULL,NULL,Mukesh.Kotian@cogencis.com,01-03-2024 09:36
1409,Sundaram Select Micro Cap Series XVII,MICAP17,0,NULL,NULL,Mukesh.Kotian@cogencis.com,01-03-2024 09:36
1418,Tata Banking & PSU Debt Fund,TBPSUF,0,NULL,30-03-2022 11:53,Mukesh.Kotian@cogencis.com,09-07-2024 16:08
1423,Tata Dynamic Bond Fund,TDBF,0,NULL,30-03-2022 11:53,NULL,01-03-2024 09:36
1427,Tata Fixed Maturity Plan-Series 56 Scheme - F 04/04/2022,TFM56F,0,NULL,30-03-2022 11:53,NULL,01-03-2024 09:36
1433,Tata Income Fund,TIFA,0,NULL,30-03-2022 11:53,Asmita.Shirke@cogencis.com,20-03-2024 17:59
1443,Tata Medium Term Fund,TIPF,0,NULL,30-03-2022 11:53,Asmita.Shirke@cogencis.com,20-03-2024 17:59
1450,Tata Quant Fund,TQNTF,0,NULL,30-03-2022 11:53,Mukesh.Kotian@cogencis.com,11-04-2025 13:55
1488,Union Medium Duration Fund,UNIN/O/D/MDF/19/10/0015,0,NULL,30-03-2022 11:53,Mukesh.Kotian@cogencis.com,13-02-2025 12:30
1499,UTI Capital Protection Oriented Scheme - Series VIII-IV (1996 Days),SCHEME CODE622STARTS,0,NULL,30-03-2022 11:53,Sunil.Shinde@cogencis.com,20-08-2024 11:58
1504,UTI - Credit Risk Fund (Segregated - 06032020),SCHEME CODE747STARTS,0,NULL,30-03-2022 11:53,Mukesh.Kotian@cogencis.com,12-04-2024 17:06
1505,UTI - Credit Risk Fund (Segregated - 13092019),NULL,0,NULL,30-03-2022 11:53,Mukesh.Kotian@cogencis.com,25-10-2024 11:48
1506,UTI - Credit Risk Fund (Segregated - 17022019),SCHEME CODE743STARTS,0,NULL,30-03-2022 11:53,NULL,01-03-2024 09:36
1509,UTI - Dual Advantage Fixed Term Fund Series IV-IV (1997 Days),SCHEME CODE636STARTS,0,NULL,30-03-2022 11:53,Raksha.Belchad@cogencis.com,01-03-2024 09:36
1512,UTI - FIIF Annual Interval Plan II,SCHEME CODE256STARTS,0,NULL,30-03-2022 11:53,Raksha.Belchad@cogencis.com,01-03-2024 09:36
1513,UTI Annual Interval Fund - II,SCHEME CODE262STARTS,0,NULL,30-03-2022 11:53,Mukesh.Kotian@cogencis.com,11-04-2025 14:08
1514,UTI - FIIF Annual Interval Plan IV,SCHEME CODE267STARTS,0,NULL,30-03-2022 11:53,Raksha.Belchad@cogencis.com,01-03-2024 09:36
1516,UTI - FIIF Half Yearly Plan I,SCHEME CODE268STARTS,0,NULL,30-03-2022 11:53,Raksha.Belchad@cogencis.com,01-03-2024 09:36
1517,UTI - FIIF Half Yearly Plan II,SCHEME CODE272STARTS,0,NULL,30-03-2022 11:53,Raksha.Belchad@cogencis.com,01-03-2024 09:36
1518,UTI - FIIF Monthly Interval Plan I,SCHEME CODE249STARTS,0,NULL,30-03-2022 11:53,Raksha.Belchad@cogencis.com,01-03-2024 09:36
1519,UTI - FIIF Monthly Interval Plan II,SCHEME CODE270STARTS,0,NULL,30-03-2022 11:53,Raksha.Belchad@cogencis.com,01-03-2024 09:36
1520,UTI Quarterly Interval Fund - I,SCHEME CODE247STARTS,0,NULL,30-03-2022 11:53,Mukesh.Kotian@cogencis.com,11-04-2025 14:10
1521,UTI - FIIF Quarterly Interval Plan III,SCHEME CODE257STARTS,0,NULL,30-03-2022 11:53,Raksha.Belchad@cogencis.com,01-03-2024 09:36
1522,UTI - FIIF Sr-2 Quarterly Interval Plan IV,SCHEME CODE304STARTS,0,NULL,30-03-2022 11:53,Raksha.Belchad@cogencis.com,01-03-2024 09:36
1523,UTI Quarterly Interval Fund - II,SCHEME CODE307STARTS,0,NULL,30-03-2022 11:53,Mukesh.Kotian@cogencis.com,11-04-2025 14:10
1524,UTI Quarterly Interval Fund - III,SCHEME CODE311STARTS,0,NULL,30-03-2022 11:53,Mukesh.Kotian@cogencis.com,11-04-2025 14:10
1525,UTI - FIIF Sr-2 Quarterly Interval Plan VII,SCHEME CODE317STARTS,0,NULL,30-03-2022 11:53,Raksha.Belchad@cogencis.com,01-03-2024 09:36
1526,UTI - Fixed Term Income Fund - Series XXIX - IV (1422 Days),SCHEME CODE689STARTS,0,NULL,30-03-2022 11:53,Sunil.Shinde@cogencis.com,21-08-2024 09:38
1527,UTI - Fixed Term Income Fund Series XXXI-I (1209 Days),SCHEME CODE720STARTS,0,NULL,30-03-2022 11:53,NULL,01-03-2024 09:36
1528,UTI - Fixed Term Income Fund Series XXXI-II (1222 Days),SCHEME CODE721STARTS,0,NULL,30-03-2022 11:53,NULL,01-03-2024 09:36
1529,UTI - Fixed Term Income Fund Series XXXII-I(1126 Days),SCHEME CODE736STARTS,0,NULL,30-03-2022 11:53,NULL,01-03-2024 09:36
1530,UTI - Fixed Term Income Fund Series XXXIII-I (1135 Days),SCHEME CODE746STARTS,0,NULL,30-03-2022 11:53,NULL,01-03-2024 09:36
1531,UTI - Fixed Term Income Fund Series XXXI-III (1174 Days),SCHEME CODE722STARTS,0,NULL,30-03-2022 11:53,NULL,01-03-2024 09:36
1532,UTI - Fixed Term Income Fund Series XXXII-II(1111 Days),SCHEME CODE737STARTS,0,NULL,30-03-2022 11:53,NULL,01-03-2024 09:36
1533,UTI - Fixed Term Income Fund Series XXXI-IV (1204 Days),SCHEME CODE723STARTS,0,NULL,30-03-2022 11:53,NULL,01-03-2024 09:36
1534,UTI - Fixed Term Income Fund Series XXXI-IX (1168 Days),SCHEME CODE729STARTS,0,NULL,30-03-2022 11:53,NULL,01-03-2024 09:36
1535,UTI - Fixed Term Income Fund Series XXXI-V (1174 Days),SCHEME CODE724STARTS,0,NULL,30-03-2022 11:53,NULL,01-03-2024 09:36
1536,UTI - Fixed Term Income Fund Series XXXI-VI (1167 Days),SCHEME CODE725STARTS,0,NULL,30-03-2022 11:53,NULL,01-03-2024 09:36
1537,UTI - Fixed Term Income Fund Series XXXI-VII (1155 Days),SCHEME CODE726STARTS,0,NULL,30-03-2022 11:53,NULL,01-03-2024 09:36
1538,UTI - Fixed Term Income Fund Series XXXI-VIII (1153 Days),SCHEME CODE727STARTS,0,NULL,30-03-2022 11:53,NULL,01-03-2024 09:36
1539,UTI - Fixed Term Income Fund Series XXXI-X (1168 Days),SCHEME CODE730STARTS,0,NULL,30-03-2022 11:53,NULL,01-03-2024 09:36
1540,UTI - Fixed Term Income Fund Series XXX-IX (1266 Days),SCHEME CODE712STARTS,0,NULL,30-03-2022 11:53,NULL,01-03-2024 09:36
1541,UTI - Fixed Term Income Fund Series XXXI-XI (1169 Days),SCHEME CODE731STARTS,0,NULL,30-03-2022 11:53,NULL,01-03-2024 09:36
1542,UTI - Fixed Term Income Fund Series XXXI-XII (1148 Days),SCHEME CODE732STARTS,0,NULL,30-03-2022 11:53,NULL,01-03-2024 09:36
1543,UTI - Fixed Term Income Fund Series XXXI-XIII (1127 Days),SCHEME CODE733STARTS,0,NULL,30-03-2022 11:53,NULL,01-03-2024 09:36
1544,UTI - Fixed Term Income Fund Series XXXI-XIV (1111 Days),SCHEME CODE734STARTS,0,NULL,30-03-2022 11:53,NULL,01-03-2024 09:36
1545,UTI - Fixed Term Income Fund Series XXXI-XV (1099 Days),SCHEME CODE735STARTS,0,NULL,30-03-2022 11:53,NULL,01-03-2024 09:36
1546,UTI - Fixed Term Income Fund Series XXX-VIII (1286 Days),SCHEME CODE711STARTS,0,NULL,30-03-2022 11:53,NULL,01-03-2024 09:36
1547,UTI - Fixed Term Income Fund Series XXX-X (1267 Days),SCHEME CODE714STARTS,0,NULL,30-03-2022 11:53,NULL,01-03-2024 09:36
1548,UTI - Fixed Term Income Fund Series XXX-XI (1246 Days),SCHEME CODE715STARTS,0,NULL,30-03-2022 11:53,NULL,01-03-2024 09:36
1549,UTI - Fixed Term Income Fund Series XXX-XII (1254 Days),SCHEME CODE716STARTS,0,NULL,30-03-2022 11:53,NULL,01-03-2024 09:36
1550,UTI - Fixed Term Income Fund Series XXX-XIII (1224 Days),SCHEME CODE717STARTS,0,NULL,30-03-2022 11:53,NULL,01-03-2024 09:36
1551,UTI - Fixed Term Income Fund Series XXX-XIV (1209 Days),SCHEME CODE718STARTS,0,NULL,30-03-2022 11:53,NULL,01-03-2024 09:36
1552,UTI - Fixed Term Income Fund Series XXX-XV (1223 Days),SCHEME CODE719STARTS,0,NULL,30-03-2022 11:53,NULL,01-03-2024 09:36
1566,UTI - Medium Term Fund ( Segregated - 06032020),SCHEME CODE748STARTS,0,NULL,30-03-2022 11:53,Mukesh.Kotian@cogencis.com,05-04-2024 16:30
1592,Whiteoak Capital Overnight Fund,YM003,0,NULL,30-03-2022 11:53,NULL,01-03-2024 09:36
1603,Aditya Birla Sun Life CRISIL IBX 60 40 SDL +AAA PSU Apr 2025 Index Fund,NULL,0,NULL,NULL,Mukesh.Kotian@cogencis.com,09-05-2025 12:38
1606,Kotak FMP Series 294,U94,0,NULL,NULL,Raksha.Belchad@cogencis.com,01-03-2024 09:36
1610,SBI Fixed Maturity Plan (FMP) - Series 62 (191 Days),NULL,0,NULL,08-04-2022 12:42,NULL,01-03-2024 09:36
1611,Tata Corporate Bond Fund-Segregated,TSTBF,0,NULL,01-09-2022 10:48,NULL,01-03-2024 09:36
1617,Canara Robeco Gilt 1988,NULL,0,,03-08-2022 16:48,NULL,01-03-2024 09:36
1618,Aditya Birla Sun Life Fixed Term Plan - Series TT (153 days),NULL,0,,23-08-2022 17:25,NULL,01-03-2024 09:36
1640,Aditya Birla Sun Life Fixed Term Plan - Series TS (91 Days),NULL,0,,24-08-2022 16:37,Mukesh.Kotian@cogencis.com,04-07-2025 11:53
1642,HDFC FMP 1158D July 2022,NULL,0,NULL,29-08-2022 15:17,Pooja.Parab@cogencis.com,13-10-2025 16:18
1643,ICICI Prudential Fixed Maturity Plan - Series 88 - 226 Days Plan E,NULL,0,NULL,29-08-2022 15:17,NULL,22-02-2024 11:37
1658,Kotak FMP Series 296,1658,0,NULL,NULL,,01-03-2024 09:36
1659,SBI Fixed Maturity Plan (FMP) - Series 63 (372 Days),SBIM/C/D/FTP/21/12/0149,0,NULL,NULL,Sunil.Shinde@cogencis.com,13-08-2024 13:17
1666,SBI Fixed Maturity Plan (FMP) - Series 64 (1169 Days),NULL,0,Mukesh.Kotian@cogencis.com,13-09-2022 16:29,Pooja.Parab@cogencis.com,12-12-2025 13:52
1674,Aditya Birla Sun Life Fixed Term Plan - Series TX (91 Days),NULL,0,Raksha.Belchad@cogencis.com,03-10-2022 11:51,NULL,01-03-2024 09:36
1678,Aditya Birla Sun Life Nifty SDL Sep 2025 Index Fund,NULL,0,Raksha.Belchad@cogencis.com,03-10-2022 11:53,Pooja.Parab@cogencis.com,13-10-2025 16:12
1683,SBI Fixed Maturity Plan (FMP) - Series 65 (367 Days),NULL,0,NULL,NULL,Mukesh.Kotian@cogencis.com,22-02-2024 11:37
1709,Aditya Birla Sun Life Fixed Term Plan - Series TY (76 days),NULL,0,Raksha.Belchad@cogencis.com,22-10-2022 10:42,NULL,01-03-2024 09:36
1711,Kotak FMP Series 297,NULL,0,Raksha.Belchad@cogencis.com,22-10-2022 10:42,NULL,22-02-2024 11:37
1722,SBI Fixed Maturity Plan (FMP) - Series 69 (367 Days),NULL,0,Raksha.Belchad@cogencis.com,10-11-2022 11:36,NULL,22-02-2024 11:37
1726,Aditya Birla Sun Life Fixed Term Plan - Series TZ (90 days),NULL,0,Raksha.Belchad@cogencis.com,15-11-2022 11:44,Raksha.Belchad@cogencis.com,01-03-2024 09:36
1734,SBI Fixed Maturity Plan (FMP) - Series 71 (364 Days),NULL,0,Raksha.Belchad@cogencis.com,25-11-2022 11:05,NULL,22-02-2024 11:37
1740,Nippon India Fixed Horizon Fund - XLIV - Series 2,NULL,0,Raksha.Belchad@cogencis.com,01-12-2022 11:11,NULL,01-03-2024 09:36
1744,Kotak FMP Series 299,NULL,0,Raksha.Belchad@cogencis.com,01-12-2022 11:12,NULL,22-02-2024 11:37
1766,ICICI Prudential Fixed Maturity Plan - Series 88 - 91 Days Plan G,NULL,0,Raksha.Belchad@cogencis.com,15-12-2022 10:45,NULL,22-02-2024 11:37
1778,DSP FMP Series - 269 - 160 Days,NULL,0,Raksha.Belchad@cogencis.com,24-12-2022 15:01,NULL,01-03-2024 09:36
1782,Kotak FMP Series 302,NULL,0,Raksha.Belchad@cogencis.com,28-12-2022 09:34,NULL,22-02-2024 11:37
1788,Kotak FMP Series 303,NULL,0,Raksha.Belchad@cogencis.com,04-01-2023 09:06,NULL,22-02-2024 11:37
1793,SBI Fixed Maturity Plan (FMP) - Series 75 (366 Days),NULL,0,Raksha.Belchad@cogencis.com,18-01-2023 09:29,Pranaya.Vibhute@cogencis.com,09-09-2024 12:43
1804,Kotak FMP Series 306,NULL,0,Raksha.Belchad@cogencis.com,01-02-2023 09:17,NULL,22-02-2024 11:37
1808,Aditya Birla Sun Life CRISIL IBX AAA Mar 2024 Index Fund,NULL,0,Raksha.Belchad@cogencis.com,07-02-2023 09:36,Sunil.Shinde@cogencis.com,31-07-2024 13:22
1816,Mirae Asset Fixed Maturity Plan - Series V -Plan 1,NULL,0,Raksha.Belchad@cogencis.com,16-02-2023 09:49,Pushpak.Vichare@cogencis.com,16-06-2023 11:40
1821,SBI Fixed Maturity Plan (FMP) - Series 77 (366 Days),NULL,0,Raksha.Belchad@cogencis.com,22-02-2023 08:53,Mukesh.Kotian@cogencis.com,25-10-2024 11:33
1836,Aditya Birla Sun Life Fixed Term Plan - Series UF (180 days),NULL,0,Raksha.Belchad@cogencis.com,08-03-2023 09:19,NULL,22-02-2024 11:37
1840,Kotak FMP Series 307,NULL,0,Raksha.Belchad@cogencis.com,09-03-2023 09:34,NULL,22-02-2024 11:37
1843,Motilal Oswal Nifty G-sec May 2029 Index Fund,NULL,0,Raksha.Belchad@cogencis.com,13-03-2023 09:24,Raksha.Belchad@cogencis.com,22-02-2024 11:37
1850,Mirae Asset Fixed Maturity Plan - Series V -Plan 2,NULL,0,Niranjan.Khandagale@cogencis.com,17-03-2023 11:32,NULL,22-02-2024 11:37
1862,ICICI Prudential Fixed Maturity Plan - Series 88 - Plan U,NULL,0,pravin.rahate@cogencis.com,28-03-2023 10:44,NULL,22-02-2024 11:37
1863,SBI Fixed Maturity Plan (FMP) - Series 80 (366 Days),NULL,0,pravin.rahate@cogencis.com,29-03-2023 11:11,Pranaya.Vibhute@cogencis.com,09-09-2024 12:34
1868,Axis Fixed Term Plan - Series 114 (83 Days),NULL,0,pravin.rahate@cogencis.com,31-03-2023 11:09,NULL,01-03-2024 09:36
1871,Kotak FMP Series 309,NULL,0,pravin.rahate@cogencis.com,01-04-2023 14:03,NULL,22-02-2024 11:37
1875,SBI Fixed Maturity Plan (FMP) - Series 82 (91 Days),NULL,0,Niranjan.Khandagale@cogencis.com,05-04-2023 11:10,Pranaya.Vibhute@cogencis.com,09-09-2024 12:34
1879,Kotak Nifty SDL Jul 2028 Index Fund,NULL,0,pravin.rahate@cogencis.com,06-04-2023 10:52,NULL,22-02-2024 11:37
1889,Baroda BNP Paribas Floater Fund,NULL,0,Niranjan.Khandagale@cogencis.com,28-04-2023 15:01,Mukesh.Kotian@cogencis.com,10-10-2024 16:37
1892,Kotak FMP Series 311,NULL,0,Niranjan.Khandagale@cogencis.com,10-05-2023 09:49,NULL,22-02-2024 11:37
1894,360 ONE FLEXI CAP FUND,NULL,0,Mukesh.Kotian@cogencis.com,12-05-2023 15:50,Raksha.Belchad@cogencis.com,12-07-2023 12:59
1909,Mirae Asset Fixed Maturity Plan - Series V- Plan 4 (91 Days),NULL,0,Raksha.Belchad@cogencis.com,09-06-2023 09:26,NULL,01-03-2024 09:36
1911,Kotak FMP Series 312,NULL,0,Raksha.Belchad@cogencis.com,13-06-2023 12:15,NULL,01-03-2024 09:36
1916,Baroda BNP Paribas Fixed Maturity Plan SR II (189 Days),NULL,0,Niranjan.Khandagale@cogencis.com,19-06-2023 12:05,NULL,01-03-2024 09:36
1919,Kotak FMP Series 313,NULL,0,pravin.rahate@cogencis.com,22-06-2023 13:38,pravin.rahate@cogencis.com,01-03-2024 09:36
1923,Aditya Birla Sun Life Fixed Term Plan – Series UK (183 Days),NULL,0,Niranjan.Khandagale@cogencis.com,03-07-2023 11:45,NULL,01-03-2024 09:36
1925,Navi Overnight Fund,NULL,0,Niranjan.Khandagale@cogencis.com,11-07-2023 12:07,Mukesh.Kotian@cogencis.com,10-12-2024 12:19
1969,Navi Nifty 50 ETF,NULL,0,Niranjan.Khandagale@cogencis.com,12-09-2023 15:24,Mukesh.Kotian@cogencis.com,10-12-2024 13:00
1996,Kotak FMP Series 323,NULL,0,pravin.rahate@cogencis.com,26-10-2023 15:52,Mukesh.Kotian@cogencis.com,08-05-2024 15:23
2008,Aditya Birla Sun Life Pension Fund Scheme A - TIER II,NULL,0,NULL,09-11-2023 16:25,Mukesh.Kotian@cogencis.com,11-02-2025 13:57
2024,HDFC Pension Management Company Limited Scheme - NPS Lite Scheme - Govt. Pattern,NULL,0,NULL,09-11-2023 16:25,Mukesh.Kotian@cogencis.com,11-02-2025 13:57
2026,HDFC Pension Management Company Limited Scheme A - TIER II,NULL,0,NULL,09-11-2023 16:25,Mukesh.Kotian@cogencis.com,11-02-2025 13:57
2034,ICICI Prudential Pension Funds Management Company Limited- NPS Lite Scheme - Govt. Pattern,NULL,0,NULL,09-11-2023 16:25,Pooja.Parab@cogencis.com,14-10-2025 15:53
2036,ICICI Prudential Pension Fund Scheme A - TIER II,NULL,0,NULL,09-11-2023 16:25,Mukesh.Kotian@cogencis.com,11-02-2025 13:56
2046,Kotak Pension Fund Scheme A - TIER II,NULL,0,NULL,09-11-2023 16:25,Mukesh.Kotian@cogencis.com,11-02-2025 13:55
2060,LIC Pension Fund Scheme A - TIER II,NULL,0,NULL,09-11-2023 16:25,Mukesh.Kotian@cogencis.com,11-02-2025 13:55
2062,LIC Pension Fund Scheme - Apy Fund Scheme,NULL,0,NULL,09-11-2023 16:25,Mukesh.Kotian@cogencis.com,11-02-2025 13:55
2063,Max Life Pension Fund Management Limited Scheme E - TIER I,NULL,0,NULL,09-11-2023 16:25,Pooja.Parab@cogencis.com,14-10-2025 15:58
2064,Max Life Pension Fund Management Limited Scheme C - TIER I,NULL,0,NULL,09-11-2023 16:25,Mukesh.Kotian@cogencis.com,25-04-2025 09:42
2065,Max Life Pension Fund Management Limited Scheme G - TIER I,NULL,0,NULL,09-11-2023 16:25,Mukesh.Kotian@cogencis.com,25-04-2025 09:42
2066,Max Life Pension Fund Management Limited Scheme A - TIER I,NULL,0,NULL,09-11-2023 16:25,Mukesh.Kotian@cogencis.com,25-04-2025 09:43
2067,Max Life Pension Fund Management Limited Scheme E - TIER II,NULL,0,NULL,09-11-2023 16:25,Mukesh.Kotian@cogencis.com,25-04-2025 09:41
2068,Max Life Pension Fund Management Limited Scheme C - TIER II,NULL,0,NULL,09-11-2023 16:25,Mukesh.Kotian@cogencis.com,25-04-2025 09:42
2069,Max Life Pension Fund Management Limited Scheme G - TIER II,NULL,0,NULL,09-11-2023 16:25,Mukesh.Kotian@cogencis.com,25-04-2025 09:41
2070,Max Life Pension Fund Management Limited Tax Saver TIER II,NULL,0,NULL,09-11-2023 16:25,Mukesh.Kotian@cogencis.com,25-04-2025 09:42
2083,SBI Pension Fund Scheme A - TIER II,NULL,0,NULL,09-11-2023 16:25,Mukesh.Kotian@cogencis.com,11-02-2025 13:53
2085,SBI Pension Fund Scheme - Apy Fund Scheme,NULL,0,NULL,09-11-2023 16:25,Mukesh.Kotian@cogencis.com,11-02-2025 13:53
2103,UTI Pension Fund Scheme - Corporate-CG,NULL,0,NULL,09-11-2023 16:25,Mukesh.Kotian@cogencis.com,28-02-2025 11:21
2106,UTI Pension Fund Scheme A - TIER II,NULL,0,NULL,09-11-2023 16:25,Mukesh.Kotian@cogencis.com,28-02-2025 11:24
2108,UTI Pension Fund Scheme - Apy Fund Scheme,NULL,0,NULL,09-11-2023 16:25,Mukesh.Kotian@cogencis.com,28-02-2025 11:23
2111,Kotak FMP Series 324,NULL,0,Niranjan.Khandagale@cogencis.com,21-11-2023 11:38,Mukesh.Kotian@cogencis.com,15-04-2024 18:06
2116,Axis Fixed Term Plan - Series 118 (100 Days),NULL,0,Niranjan.Khandagale@cogencis.com,28-11-2023 16:29,Mukesh.Kotian@cogencis.com,15-04-2024 18:07
2123,Aditya Birla Sun Life Fixed Maturity Plan - Series UQ (92 days),NULL,0,Sunil.Shinde@cogencis.com,14-12-2023 08:53,Mukesh.Kotian@cogencis.com,15-04-2024 18:29
2125,Aditya Birla Sun Life Fixed Maturity Plan - Series UR (85 Days),NULL,0,Sunil.Shinde@cogencis.com,18-12-2023 08:18,Sunil.Shinde@cogencis.com,14-05-2024 15:34
2126,Kotak FMP Series 326,NULL,0,Sunil.Shinde@cogencis.com,18-12-2023 08:21,Mukesh.Kotian@cogencis.com,14-10-2024 10:09
2127,Nippon India Fixed Maturity Plan XLVI Series 1,NULL,0,Sunil.Shinde@cogencis.com,18-12-2023 12:35,Mukesh.Kotian@cogencis.com,15-04-2024 18:31
2129,Kotak FMP Series 325,NULL,0,Sunil.Shinde@cogencis.com,20-12-2023 11:19,Mukesh.Kotian@cogencis.com,15-04-2024 18:32
2130,SBI Fixed Maturity Plan (FMP) - Series 91 (90 Days) ,NULL,0,Sunil.Shinde@cogencis.com,28-12-2023 09:38,Mukesh.Kotian@cogencis.com,15-04-2024 18:33
2144,Aditya Birla Sun Life Fixed Maturity Plan - Series US (100 days),ABSL/C/D/FTP/23/11/0153 ,0,Sunil.Shinde@cogencis.com,05-01-2024 11:56,Mukesh.Kotian@cogencis.com,16-05-2024 11:27
2244,Aviva Life - Group Superannuation & Gratuity Short Term Debt Fund,NULL,0,ADARSH,09-01-2024 16:45,Pushpak.Vichare@cogencis.com,23-10-2024 09:25
2245,Aviva Life - Group Superannuation & Gratuity Income Fund,NULL,0,ADARSH,09-01-2024 16:45,Pushpak.Vichare@cogencis.com,23-10-2024 09:25
2268,Aviva Life - Pension Unit Linked Balanced II Fund,NULL,0,ADARSH,09-01-2024 16:45,Pushpak.Vichare@cogencis.com,30-09-2025 09:07
2270,Aviva Life - Pension Unit Linked Infrastructure Fund,NULL,0,ADARSH,09-01-2024 16:45,Pushpak.Vichare@cogencis.com,30-09-2025 09:07
2273,Aviva Life - Pension Unit Linked Protector II Fund,NULL,0,ADARSH,09-01-2024 16:45,Pushpak.Vichare@cogencis.com,30-09-2025 09:07
2311,Bajaj Life - Group Liquid Fund,NULL,0,ADARSH,09-01-2024 16:45,Pooja.Parab@cogencis.com,10-10-2025 13:25
2316,Bajaj Life - Shield Plus Fund  II,NULL,0,ADARSH,09-01-2024 16:45,Pooja.Parab@cogencis.com,10-10-2025 13:24
2321,Bajaj Life - Group Short Term Debt Fund  II,NULL,0,ADARSH,09-01-2024 16:45,Pooja.Parab@cogencis.com,10-10-2025 13:23
2323,Bajaj Life - Group Return Shield Fund,NULL,0,ADARSH,09-01-2024 16:45,Pooja.Parab@cogencis.com,10-10-2025 13:23
2325,Bajaj Life - Group Short Term Debt Fund  III,NULL,0,ADARSH,09-01-2024 16:45,Pooja.Parab@cogencis.com,10-10-2025 13:23
2335,Bajaj Life - Group Debt Pension Fund,NULL,0,ADARSH,09-01-2024 16:45,Pooja.Parab@cogencis.com,10-10-2025 13:21
2337,Bajaj Life - Group Liquid Fund  III,NULL,0,ADARSH,09-01-2024 16:45,Pooja.Parab@cogencis.com,10-10-2025 13:20
2352,Bharti Axa Life - Build and Protect Fund Series One,NULL,0,ADARSH,09-01-2024 16:45,Pushpak.Vichare@cogencis.com,30-09-2025 09:07
2412,Generali Central Life - Future Group Balance Fund,NULL,0,ADARSH,09-01-2024 16:45,Pushpak.Vichare@cogencis.com,03-09-2025 10:49
2441,HDFC Life - Highest NAV Guarantee Fund,NULL,0,ADARSH,09-01-2024 16:45,Pushpak.Vichare@cogencis.com,10-03-2025 10:30
2802,LIC Of India - New Endowment Plus - Discontinued PoLICy Fund,NULL,0,ADARSH,09-01-2024 16:45,Pushpak.Vichare@cogencis.com,02-07-2024 18:38
2909,Reliance Nippon  Life - Life Growth Plus Fund 2,NULL,0,ADARSH,09-01-2024 16:45,Mukesh.Kotian@cogencis.com,29-08-2025 17:59
3120,TATA AIA Life - Apex Pension 15 Investment Fund,NULL,0,ADARSH,10-01-2024 16:02,Pooja.Parab@cogencis.com,14-11-2025 11:42
3122,TATA AIA Life - Apex Pension 15 Return Lock-in Fund,NULL,0,ADARSH,10-01-2024 16:02,Pushpak.Vichare@cogencis.com,26-05-2025 09:33
3124,TATA AIA Life - Apex Pension 15 Return Lock-in Fund II,NULL,0,ADARSH,10-01-2024 16:02,Pushpak.Vichare@cogencis.com,07-10-2025 11:23
3133,Axis Fixed Term Plan - Series 119 (71 Days),AXIS/C/D/FTP/23/09/0082,0,Niranjan.Khandagale@cogencis.com,12-01-2024 10:01,Sunil.Shinde@cogencis.com,01-03-2024 09:36
3139,Kotak FMP Series 327,KOTM/C/D/FTP/23/07/0118,0,Sunil.Shinde@cogencis.com,19-01-2024 08:48,Mukesh.Kotian@cogencis.com,18-05-2024 09:51
3148,Axis Fixed Term Plan - Series 120 (91 Days),NULL,0,Sunil.Shinde@cogencis.com,20-01-2024 10:21,Mukesh.Kotian@cogencis.com,18-05-2024 09:50
3154,SBI Fixed Maturity Plan (FMP) - Series 92 (91 Days),SBIM/C/D/FTP/23/12/0176,0,Niranjan.Khandagale@cogencis.com,01-02-2024 08:50,Mukesh.Kotian@cogencis.com,28-05-2024 17:28
3164,Aditya Birla Sun Life Fixed Maturity Plan - Series UT (91 days),ABSL/C/D/FTP/23/11/0154 ,0,Sunil.Shinde@cogencis.com,07-02-2024 12:27,Sunil.Shinde@cogencis.com,20-08-2024 13:36
3172,Kotak Fixed Maturity Plan Series 328 - 90 Days,KOTM/C/D/FTP/23/12/0120,0,Sunil.Shinde@cogencis.com,13-02-2024 13:07,Mukesh.Kotian@cogencis.com,28-05-2024 17:36
3186,Nippon India Fixed Maturity Plan - XLVI - Series 2,NULL,0,Niranjan.Khandagale@cogencis.com,24-02-2024 14:11,Mukesh.Kotian@cogencis.com,09-04-2024 13:23
3187,Nippon India Fixed Maturity Plan - XLVI - Series 3,NULL,0,Sunil.Shinde@cogencis.com,26-02-2024 07:42,Mukesh.Kotian@cogencis.com,09-04-2024 13:24
3188,Nippon India Fixed Maturity Plan - XLVI - Series 4,NULL,0,Sunil.Shinde@cogencis.com,26-02-2024 07:42,Mukesh.Kotian@cogencis.com,09-04-2024 13:24
3194,Tata Fixed Maturity Plan Series 61 Scheme A (91 days),TATA/C/D/FTP/24/02/0060,0,Sunil.Shinde@cogencis.com,07-03-2024 09:40,Mukesh.Kotian@cogencis.com,10-07-2024 13:08
3195,Tata Fixed Maturity Plan Series 61 Scheme B (364 days),TATA/C/D/FTP/24/02/0061,0,Sunil.Shinde@cogencis.com,07-03-2024 09:40,Mukesh.Kotian@cogencis.com,09-04-2024 13:24
3196,ICICI Prudential Fixed Maturity Plan – Series 89 – Plan G (of 91 days), ICIC/C/D/FTP/24/02/0178,0,Sunil.Shinde@cogencis.com,11-03-2024 13:34,Sunil.Shinde@cogencis.com,20-08-2024 13:37
3202,Nippon India Fixed Maturity Plan - XLVI - Series 5, NIMF/C/D/FTP/23/09/0147,0,Sunil.Shinde@cogencis.com,12-03-2024 13:02,Sunil.Shinde@cogencis.com,20-08-2024 13:42
3203,Kotak Nifty AAA Bond Jun 2025 HTM Index Fund,KOTM/O/O/DIN/24/02/0123,0,Sunil.Shinde@cogencis.com,14-03-2024 15:26,Mukesh.Kotian@cogencis.com,10-07-2025 14:32
3204,Kotak Fixed Maturity Plan Series 329 - 90 days,KOTM/C/D/FTP/23/12/0122,0,Sunil.Shinde@cogencis.com,14-03-2024 15:27,Mukesh.Kotian@cogencis.com,10-07-2024 13:05
3232,Kotak Fixed Maturity Plan Series 330 - 98 days,KOTM/C/D/FTP/23/12/0124,0,Sunil.Shinde@cogencis.com,23-04-2024 12:47,Sunil.Shinde@cogencis.com,20-08-2024 13:43
3241,Aditya Birla Sun Life Fixed Maturity Plan-Series UU (98days),ABSL/C/D/FTP/23/11/0156,0,shailesh.dubey@cogencis.com,30-04-2024 12:34,Sunil.Shinde@cogencis.com,20-08-2024 13:43
3266,Tata Fixed Maturity Plan Series 61 Scheme C (91 days),TATA/C/D/FTP/24/06/0068,0,Sunil.Shinde@cogencis.com,10-06-2024 11:18,Sunil.Shinde@cogencis.com,29-11-2024 10:01
3330,Bandhan Life - Nav Protector Fund,NULL,0,Pushpak.Vichare@cogencis.com,28-08-2024 09:04,Pushpak.Vichare@cogencis.com,02-09-2024 09:09
3363,Aditya Birla Sun Life CRISIL - IBX AAA NBFC - HFC Index - Dec 2025 Fund,ABSL/O/O/DIN/24/09/0163,0,Pranaya.Vibhute@cogencis.com,03-10-2024 12:43,Pooja.Parab@cogencis.com,09-01-2026 13:22
3435,Tata Fixed Maturity Plan Series 61 Scheme D (91 Days),TATA/C/D/FTP/24/06/0074,0,Pranaya.Vibhute@cogencis.com,02-12-2024 13:00,Mukesh.Kotian@cogencis.com,11-04-2025 13:11
3470,ICICI Prudential CRISIL-IBX AAA Bond Financial Services Index -Dec 2026 Fund,ICIC/O/O/DIN/24/12/0187,0,Pranaya.Vibhute@cogencis.com,13-01-2025 12:17,Pooja.Parab@cogencis.com,12-12-2025 13:28
3493,Bandhan Fixed Maturity Plan (FMP) - Series 209 (93 Days),BNDN/C/D/FTP/25/01/0081,0,Sunil.Shinde@cogencis.com,30-01-2025 12:43,Mukesh.Kotian@cogencis.com,10-06-2025 15:26
3494,Bandhan Life - Pension Midcap Fund,NULL,0,Pushpak.Vichare@cogencis.com,03-02-2025 08:24,Pushpak.Vichare@cogencis.com,10-02-2025 09:20
3496,Bandhan Life - Pension Discontinued Policy Fund,NULL,0,Pushpak.Vichare@cogencis.com,03-02-2025 08:25,Pushpak.Vichare@cogencis.com,10-02-2025 09:20
3565,TATA AIA Life - Tax Bonanza Consumption Fund,NULL,0,Pushpak.Vichare@cogencis.com,02-04-2025 08:35,NULL,NULL
3583,Pramerica Life - Secure Balanced Pension Fund,NULL,0,Pushpak.Vichare@cogencis.com,22-04-2025 09:18,Pushpak.Vichare@cogencis.com,21-05-2025 17:09
3585,Pramerica Life - Liquid Pension Fund,NULL,0,Pushpak.Vichare@cogencis.com,22-04-2025 09:19,Pushpak.Vichare@cogencis.com,21-05-2025 17:08
3586,Pramerica Life - Pinnacle Growth Pension Fund+,NULL,0,Pushpak.Vichare@cogencis.com,22-04-2025 09:19,Pushpak.Vichare@cogencis.com,21-05-2025 17:08
3601,Bandhan Life - Mid Cap Fund,NULL,0,Pushpak.Vichare@cogencis.com,09-05-2025 10:04,Mukesh.Kotian@cogencis.com,29-08-2025 17:59
3678,LIC Pension Fund Scheme - UPS POOL CG SCHEME,SM003018,0,Mukesh.Kotian@cogencis.com,10-07-2025 11:23,Mukesh.Kotian@cogencis.com,10-10-2025 09:17
4134,Qsif Equity Long Short Fund,NULL,0,Mukesh.Kotian@cogencis.com,02-01-2026 15:11,NULL,NULL
4135,Qsif Hybrid Long-Short Fund,NULL,0,Mukesh.Kotian@cogencis.com,02-01-2026 15:11,NULL,NULL
4137,Magnum Hybrid Long Short Fund,NULL,0,Mukesh.Kotian@cogencis.com,02-01-2026 15:12,NULL,NULL
4138,Qsif Equity Ex-Top 100 Long-Short Fund,NULL,0,Mukesh.Kotian@cogencis.com,02-01-2026 15:13,NULL,NULL
4139,Diviniti Equity Long Short Fund,NULL,0,Mukesh.Kotian@cogencis.com,02-01-2026 15:13,NULL,NULL
4140,Titanium Hybrid Long-Short Fund,NULL,0,Mukesh.Kotian@cogencis.com,02-01-2026 15:14,NULL,NULL
