{
    "metadata": {
        "document_name": "33_17142_May-2025_1747631690_SID.pdf",
        "file_type": "sid",
        "process_date": "20250528"
    },
    "value": {
        "amc_name": "Nippon India Asset Management Limited",
        "benchmark_index": "BSE Sensex Next 30 TRI",
        "close_date": "June 04 2025",
        "face_value": "Rs.10",
        "field_location": {
            "benchmark_index": 4,
            "close_date": 0,
            "fund_manager": 11,
            "load": 4,
            "main_scheme_name": 4,
            "min_addl_amt": 4,
            "min_addl_amt_multiple": 4,
            "min_amt": 4,
            "min_amt_multiple": 4,
            "offer_price": 4,
            "open_date": 0,
            "scheme_code": 4,
            "scheme_objective": 4,
            "suitable_for_investors": 0,
            "type_of_scheme": 4
        },
        "fund_manager": [
            {
                "name": "Mr. Himanshu Mange",
                "experience": "6 years",
                "qualification": "Chartered Accountant"
            }
        ],
        "load": [
            {
                "comment": "NIL  Exit load if charged, by NIMF to the unit  holders shall be credited to the scheme immediately net of Goods &  Service Tax, if any",
                "type": "exit_load",
                "value": ""
            }
        ],
        "main_scheme_name": "Nippon India BSE Sensex Next 30 Index Fund",
        "min_addl_amt": "1000",
        "min_addl_amt_multiple": "1",
        "min_amt": "1000",
        "min_amt_multiple": "1",
        "mutual_fund_name": "Nippon India Mutual Fund",
        "offer_price": "Rs.10",
        "open_date": "May 21 2025",
        "other_text.offer_of_units": {
            "Scheme re-opens": "June 16 2025"
        },
        "riskometer_benchmark": null,
        "riskometer_scheme": null,
        "scheme_code": "NIMF/O/O/EIN/25/02/0158",
        "scheme_objective": "The investment objective of the scheme is to provide investment returns that commensurate to the total returns  of the securities as represented by the BSE Sensex Next 30 Index before expenses, subject to tracking errors.  However, there is no assurance that the investment objective of the Scheme will be achieved.",
        "suitable_for_investors": "*: \u2022 Long Term Capital Growth \u2022 Investments in equity and equity related securities and portfolio replicating the composition of the BSE Sensex Next 30 Index, subject to tracking errors *",
        "type_of_scheme": "An open-ended scheme replicating/tracking BSE Sensex Next 30 Index"
    }
}