{
    "metadata": {
        "document_name": "33_17168_May-2025_1748327902_SID.pdf",
        "file_type": "sid",
        "process_date": "20250528"
    },
    "value": {
        "amc_name": "Nippon India Asset Management Limited",
        "benchmark_index": "60% CRISIL Short Term Bond Index + 40% Nifty 50 Arbitrage Index",
        "close_date": "June 11 2025",
        "face_value": "Rs.10",
        "field_location": {
            "benchmark_index": 0,
            "close_date": 0,
            "fund_manager": 0,
            "load": 0,
            "main_scheme_name": 0,
            "min_addl_amt": 0,
            "min_addl_amt_multiple": 0,
            "min_amt": 0,
            "min_amt_multiple": 0,
            "offer_price": 0,
            "open_date": 0,
            "scheme_code": 0,
            "scheme_objective": 0,
            "suitable_for_investors": 0,
            "type_of_scheme": 0
        },
        "fund_manager": [
            {
                "name": "Mr. Rohit Hashmukh",
                "experience": "13 years",
                "qualification": "Chartered Accountant (CA) FRM \u2013 GARP US"
            },
            {
                "name": "Mr. Sushil Hari",
                "experience": "22 years",
                "qualification": "Chartered Accountant"
            }
        ],
        "load": [
            {
                "comment": "NIL  Exit load if charged, by NIMF to the unit holders shall be credited to the scheme immediately net of Goods &  Service Tax, if any",
                "type": "exit_load",
                "value": ""
            }
        ],
        "main_scheme_name": "Nippon India Income Plus Arbitrage Active Fund of Fund",
        "min_addl_amt": "100",
        "min_addl_amt_multiple": "1",
        "min_amt": "500",
        "min_amt_multiple": "1",
        "mutual_fund_name": "Nippon India Mutual Fund",
        "offer_price": "Rs.10",
        "open_date": "June 02 2025",
        "riskometer_benchmark": null,
        "riskometer_scheme": null,
        "scheme_code": "NIMF/O/H/FOD/25/05/0159",
        "scheme_objective": "The primary investment objective of the scheme is to achieve stable returns while navigating market volatilities  for its investors. This objective will be pursued by strategically investing in a diversified portfolio of open-ended  debt oriented schemes, and units of Arbitrage funds of Nippon India Mutual Fund or any other Mutual Fund(s).  There is no assurance that the investment objective of the Scheme will be achieved.",
        "suitable_for_investors": "*: Sch Nippon India \u2022 Long Term Capital Appreciation \u2022 An actively managed Fund of Fund that invests in Debt and Arbitrage Funds *",
        "type_of_scheme": "An open-ended Hybrid Fund of Fund scheme investing in Debt and Arbitrage Funds."
    }
}