{
    "metadata": {
        "document_name": "8_17162_May-2025_1748246532_SID.pdf",
        "file_type": "sid",
        "process_date": "20250528"
    },
    "value": {
        "amc_name": "Dsp Asset Management Limited",
        "benchmark_index": "Nifty IT TRI",
        "close_date": "June 16 2025",
        "face_value": "Rs.10",
        "field_location": {
            "benchmark_index": 5,
            "close_date": 0,
            "fund_manager": 21,
            "load": 5,
            "main_scheme_name": 5,
            "min_addl_amt": 5,
            "min_addl_amt_multiple": 5,
            "min_amt": 5,
            "min_amt_multiple": 5,
            "offer_price": 5,
            "open_date": 0,
            "scheme_code": 5,
            "scheme_objective": 5,
            "suitable_for_investors": 0,
            "type_of_scheme": 5
        },
        "fund_manager": [
            {
                "name": "Mr. Anil Ghelani",
                "experience": "26 years",
                "qualification": "Chartered Financial Analyst (CFA Institute USA) Chartered Accountant (ICAI India) B. Com. (H. R. College University of Mumbai)"
            },
            {
                "name": "Mr. Diipesh Shah",
                "experience": "22 years",
                "qualification": "B Com , ACA, Candidate of the CFA Program, CFA Institute USA, Level I Cleared"
            }
        ],
        "load": [
            {
                "comment": ": Nil  ote: No exit load shall be levied in case of switch of investments from  Direct Plan to Regular Plan and vice versa",
                "type": "exit_load",
                "value": ""
            }
        ],
        "main_scheme_name": "DSP Nifty IT Index Fund",
        "min_addl_amt": "100",
        "min_addl_amt_multiple": "any",
        "min_amt": "100",
        "min_amt_multiple": "any",
        "mutual_fund_name": "Dsp Mutual Fund",
        "offer_price": "Rs. 10",
        "open_date": "June 02 2025",
        "riskometer_benchmark": null,
        "riskometer_scheme": null,
        "scheme_code": "DSPM/O/O/EIN/25/01/0083",
        "scheme_objective": "T The investment objective of the Scheme is to generate returns that are  commensurate with the performance of the Nifty IT Index, subject to  tracking error.   here is no assurance that the investment objective of the Scheme  will be achieved.",
        "suitable_for_investors": "Long-term capital growth  Investment in equity and equity related securities covered by Nifty IT Index subject to tracking error",
        "type_of_scheme": "An open ended scheme replicating / tracking Nifty IT Index"
    }
}