{
    "Invesco India ELSS Tax Saver Fund": {
        "amc_name": "Invesco Asset Management (India) Private Limited",
        "benchmark_index": "",
        "fund_manager": [
            {
                "managing_fund_since": "September 3, 2020",
                "name": "Amit Nigam",
                "qualification": "",
                "total_exp": "23 Years"
            },
            {
                "managing_fund_since": "March 29, 2018",
                "name": "Dhimant Kothari",
                "qualification": "",
                "total_exp": "19 Years"
            }
        ],
        "load": {
            "entry_load": null,
            "exit_load": null
        },
        "main_scheme_name": "Invesco India ELSS Tax Saver Fund",
        "metrics": {
            "alpha": null,
            "arithmetic_mean_ratio": null,
            "average_div_yld": null,
            "average_pb": null,
            "average_pe": null,
            "avg_maturity": null,
            "beta": null,
            "correlation_ratio": null,
            "downside_deviation": null,
            "information_ratio": null,
            "macaulay": null,
            "mod_duration": null,
            "port_turnover_ratio": null,
            "r_squared_ratio": null,
            "roe_ratio": null,
            "sharpe": null,
            "sortino_ratio": null,
            "std_dev": null,
            "tracking_error": null,
            "treynor_ratio": null,
            "upside_deviation": null,
            "ytm": null
        },
        "min_addl_amt": "\u20b9 500",
        "min_addl_amt_multiple": "\u20b9 500",
        "min_amt": "\u20b9 500",
        "min_amt_multiple": "\u20b9 500",
        "monthly_aaum_date": "30-04-2025",
        "monthly_aaum_value": "",
        "mutual_fund_name": "Invesco Mutual Fund",
        "page_number": [
            4
        ],
        "scheme_launch_date": ""
    },
    "Invesco India Multicap Fund": {
        "amc_name": "Invesco Asset Management (India) Private Limited",
        "benchmark_index": "",
        "fund_manager": [
            {
                "managing_fund_since": "December 1, 2023",
                "name": "Dhimant Kothari",
                "qualification": "",
                "total_exp": "19 Years"
            },
            {
                "managing_fund_since": "September 3, 2020",
                "name": "Amit Nigam",
                "qualification": "",
                "total_exp": "23 Years"
            }
        ],
        "load": {
            "entry_load": null,
            "exit_load": null
        },
        "main_scheme_name": "Invesco India Multicap Fund",
        "metrics": {
            "alpha": null,
            "arithmetic_mean_ratio": null,
            "average_div_yld": null,
            "average_pb": null,
            "average_pe": null,
            "avg_maturity": null,
            "beta": null,
            "correlation_ratio": null,
            "downside_deviation": null,
            "information_ratio": null,
            "macaulay": null,
            "mod_duration": null,
            "port_turnover_ratio": null,
            "r_squared_ratio": null,
            "roe_ratio": null,
            "sharpe": null,
            "sortino_ratio": null,
            "std_dev": null,
            "tracking_error": null,
            "treynor_ratio": null,
            "upside_deviation": null,
            "ytm": null
        },
        "min_addl_amt": "\u20b9 1,000",
        "min_addl_amt_multiple": "\u20b9 1",
        "min_amt": "\u20b9 1,000",
        "min_amt_multiple": "\u20b9 1",
        "monthly_aaum_date": "30-04-2025",
        "monthly_aaum_value": "",
        "mutual_fund_name": "Invesco Mutual Fund",
        "page_number": [
            5
        ],
        "scheme_launch_date": ""
    },
    "Invesco India Contra Fund": {
        "amc_name": "Invesco Asset Management (India) Private Limited",
        "benchmark_index": "",
        "fund_manager": [
            {
                "managing_fund_since": "January 13, 2017",
                "name": "Taher Badshah",
                "qualification": "",
                "total_exp": "30 Years"
            },
            {
                "managing_fund_since": "December 1, 2023",
                "name": "Amit Ganatra",
                "qualification": "",
                "total_exp": "21 Years"
            }
        ],
        "load": {
            "entry_load": null,
            "exit_load": null
        },
        "main_scheme_name": "Invesco India Contra Fund",
        "metrics": {
            "alpha": null,
            "arithmetic_mean_ratio": null,
            "average_div_yld": null,
            "average_pb": null,
            "average_pe": null,
            "avg_maturity": null,
            "beta": null,
            "correlation_ratio": null,
            "downside_deviation": null,
            "information_ratio": null,
            "macaulay": null,
            "mod_duration": null,
            "port_turnover_ratio": null,
            "r_squared_ratio": null,
            "roe_ratio": null,
            "sharpe": null,
            "sortino_ratio": null,
            "std_dev": null,
            "tracking_error": null,
            "treynor_ratio": null,
            "upside_deviation": null,
            "ytm": null
        },
        "min_addl_amt": "\u20b9 1,000",
        "min_addl_amt_multiple": "\u20b9 1",
        "min_amt": "\u20b9 1,000",
        "min_amt_multiple": "\u20b9 1",
        "monthly_aaum_date": "30-04-2025",
        "monthly_aaum_value": "",
        "mutual_fund_name": "Invesco Mutual Fund",
        "page_number": [
            6
        ],
        "scheme_launch_date": ""
    },
    "Invesco India Largecap Fund": {
        "amc_name": "Invesco Asset Management (India) Private Limited",
        "benchmark_index": "",
        "fund_manager": [
            {
                "managing_fund_since": "September 3, 2020",
                "name": "Amit Nigam",
                "qualification": "",
                "total_exp": "23 Years"
            },
            {
                "managing_fund_since": "December 1, 2023",
                "name": "Hiten Jain",
                "qualification": "",
                "total_exp": "15 Years"
            }
        ],
        "load": {
            "entry_load": null,
            "exit_load": null
        },
        "main_scheme_name": "Invesco India Largecap Fund",
        "metrics": {
            "alpha": null,
            "arithmetic_mean_ratio": null,
            "average_div_yld": null,
            "average_pb": null,
            "average_pe": null,
            "avg_maturity": null,
            "beta": null,
            "correlation_ratio": null,
            "downside_deviation": null,
            "information_ratio": null,
            "macaulay": null,
            "mod_duration": null,
            "port_turnover_ratio": null,
            "r_squared_ratio": null,
            "roe_ratio": null,
            "sharpe": null,
            "sortino_ratio": null,
            "std_dev": null,
            "tracking_error": null,
            "treynor_ratio": null,
            "upside_deviation": null,
            "ytm": null
        },
        "min_addl_amt": "\u20b9 1,000",
        "min_addl_amt_multiple": "\u20b9 1",
        "min_amt": "\u20b9 1,000",
        "min_amt_multiple": "\u20b9 1",
        "monthly_aaum_date": "30-04-2025",
        "monthly_aaum_value": "",
        "mutual_fund_name": "Invesco Mutual Fund",
        "page_number": [
            7
        ],
        "scheme_launch_date": ""
    },
    "Invesco India Focused Fund": {
        "amc_name": "Invesco Asset Management (India) Private Limited",
        "benchmark_index": "",
        "fund_manager": [
            {
                "managing_fund_since": "September 29, 2020",
                "name": "Taher Badshah",
                "qualification": "",
                "total_exp": "30 Years"
            },
            {
                "managing_fund_since": "September 14, 2022",
                "name": "Hiten Jain",
                "qualification": "",
                "total_exp": "15 Years"
            }
        ],
        "load": {
            "entry_load": null,
            "exit_load": null
        },
        "main_scheme_name": "Invesco India Focused Fund",
        "metrics": {
            "alpha": null,
            "arithmetic_mean_ratio": null,
            "average_div_yld": null,
            "average_pb": null,
            "average_pe": null,
            "avg_maturity": null,
            "beta": null,
            "correlation_ratio": null,
            "downside_deviation": null,
            "information_ratio": null,
            "macaulay": null,
            "mod_duration": null,
            "port_turnover_ratio": null,
            "r_squared_ratio": null,
            "roe_ratio": null,
            "sharpe": null,
            "sortino_ratio": null,
            "std_dev": null,
            "tracking_error": null,
            "treynor_ratio": null,
            "upside_deviation": null,
            "ytm": null
        },
        "min_addl_amt": "\u20b9 1,000",
        "min_addl_amt_multiple": "\u20b9 1",
        "min_amt": "\u20b9 1,000",
        "min_amt_multiple": "\u20b9 1",
        "monthly_aaum_date": "30-04-2025",
        "monthly_aaum_value": "",
        "mutual_fund_name": "Invesco Mutual Fund",
        "page_number": [
            8
        ],
        "scheme_launch_date": ""
    },
    "Invesco India Large & Mid Cap Fund": {
        "amc_name": "Invesco Asset Management (India) Private Limited",
        "benchmark_index": "",
        "fund_manager": [
            {
                "managing_fund_since": "November 9, 2023",
                "name": "Aditya Khemani",
                "qualification": "",
                "total_exp": "18 Years"
            },
            {
                "managing_fund_since": "January 21, 2022",
                "name": "Amit Ganatra",
                "qualification": "",
                "total_exp": "21 Years"
            }
        ],
        "load": {
            "entry_load": null,
            "exit_load": null
        },
        "main_scheme_name": "Invesco India Large & Mid Cap Fund",
        "metrics": {
            "alpha": null,
            "arithmetic_mean_ratio": null,
            "average_div_yld": null,
            "average_pb": null,
            "average_pe": null,
            "avg_maturity": null,
            "beta": null,
            "correlation_ratio": null,
            "downside_deviation": null,
            "information_ratio": null,
            "macaulay": null,
            "mod_duration": null,
            "port_turnover_ratio": null,
            "r_squared_ratio": null,
            "roe_ratio": null,
            "sharpe": null,
            "sortino_ratio": null,
            "std_dev": null,
            "tracking_error": null,
            "treynor_ratio": null,
            "upside_deviation": null,
            "ytm": null
        },
        "min_addl_amt": "\u20b9 1,000",
        "min_addl_amt_multiple": "\u20b9 1",
        "min_amt": "\u20b9 1,000",
        "min_amt_multiple": "\u20b9 1",
        "monthly_aaum_date": "30-04-2025",
        "monthly_aaum_value": "",
        "mutual_fund_name": "Invesco Mutual Fund",
        "page_number": [
            9
        ],
        "scheme_launch_date": ""
    },
    "Invesco India Midcap Fund": {
        "amc_name": "Invesco Asset Management (India) Private Limited",
        "benchmark_index": "",
        "fund_manager": [
            {
                "managing_fund_since": "November 9, 2023",
                "name": "Aditya Khemani",
                "qualification": "",
                "total_exp": "18 Years"
            },
            {
                "managing_fund_since": "September 1, 2023",
                "name": "Amit Ganatra",
                "qualification": "",
                "total_exp": "21 Years"
            }
        ],
        "load": {
            "entry_load": null,
            "exit_load": null
        },
        "main_scheme_name": "Invesco India Midcap Fund",
        "metrics": {
            "alpha": null,
            "arithmetic_mean_ratio": null,
            "average_div_yld": null,
            "average_pb": null,
            "average_pe": null,
            "avg_maturity": null,
            "beta": null,
            "correlation_ratio": null,
            "downside_deviation": null,
            "information_ratio": null,
            "macaulay": null,
            "mod_duration": null,
            "port_turnover_ratio": null,
            "r_squared_ratio": null,
            "roe_ratio": null,
            "sharpe": null,
            "sortino_ratio": null,
            "std_dev": null,
            "tracking_error": null,
            "treynor_ratio": null,
            "upside_deviation": null,
            "ytm": null
        },
        "min_addl_amt": "\u20b9 1,000",
        "min_addl_amt_multiple": "\u20b9 1",
        "min_amt": "\u20b9 1,000",
        "min_amt_multiple": "\u20b9 1",
        "monthly_aaum_date": "30-04-2025",
        "monthly_aaum_value": "",
        "mutual_fund_name": "Invesco Mutual Fund",
        "page_number": [
            10
        ],
        "scheme_launch_date": ""
    },
    "Invesco India Smallcap Fund": {
        "amc_name": "Invesco Asset Management (India) Private Limited",
        "benchmark_index": "",
        "fund_manager": [
            {
                "managing_fund_since": "October 30, 2018",
                "name": "Taher Badshah",
                "qualification": "",
                "total_exp": "30 Years"
            },
            {
                "managing_fund_since": "November 9, 2023",
                "name": "Aditya Khemani",
                "qualification": "",
                "total_exp": "18 Years"
            }
        ],
        "load": {
            "entry_load": null,
            "exit_load": null
        },
        "main_scheme_name": "Invesco India Smallcap Fund",
        "metrics": {
            "alpha": null,
            "arithmetic_mean_ratio": null,
            "average_div_yld": null,
            "average_pb": null,
            "average_pe": null,
            "avg_maturity": null,
            "beta": null,
            "correlation_ratio": null,
            "downside_deviation": null,
            "information_ratio": null,
            "macaulay": null,
            "mod_duration": null,
            "port_turnover_ratio": null,
            "r_squared_ratio": null,
            "roe_ratio": null,
            "sharpe": null,
            "sortino_ratio": null,
            "std_dev": null,
            "tracking_error": null,
            "treynor_ratio": null,
            "upside_deviation": null,
            "ytm": null
        },
        "min_addl_amt": "\u20b9 1,000",
        "min_addl_amt_multiple": "\u20b9 1",
        "min_amt": "\u20b9 1,000",
        "min_amt_multiple": "\u20b9 1",
        "monthly_aaum_date": "30-04-2025",
        "monthly_aaum_value": "",
        "mutual_fund_name": "Invesco Mutual Fund",
        "page_number": [
            11
        ],
        "scheme_launch_date": ""
    },
    "Invesco India Financial Services Fund": {
        "amc_name": "Invesco Asset Management (India) Private Limited",
        "benchmark_index": "",
        "fund_manager": [
            {
                "managing_fund_since": "May 19, 2020",
                "name": "Hiten Jain",
                "qualification": "",
                "total_exp": "15 Years"
            },
            {
                "managing_fund_since": "June 1, 2018",
                "name": "Dhimant Kothari",
                "qualification": "",
                "total_exp": "19 Years"
            }
        ],
        "load": {
            "entry_load": null,
            "exit_load": null
        },
        "main_scheme_name": "Invesco India Financial Services Fund",
        "metrics": {
            "alpha": null,
            "arithmetic_mean_ratio": null,
            "average_div_yld": null,
            "average_pb": null,
            "average_pe": null,
            "avg_maturity": null,
            "beta": null,
            "correlation_ratio": null,
            "downside_deviation": null,
            "information_ratio": null,
            "macaulay": null,
            "mod_duration": null,
            "port_turnover_ratio": null,
            "r_squared_ratio": null,
            "roe_ratio": null,
            "sharpe": null,
            "sortino_ratio": null,
            "std_dev": null,
            "tracking_error": null,
            "treynor_ratio": null,
            "upside_deviation": null,
            "ytm": null
        },
        "min_addl_amt": "\u20b9 1,000",
        "min_addl_amt_multiple": "\u20b9 1",
        "min_amt": "\u20b9 1,000",
        "min_amt_multiple": "\u20b9 1",
        "monthly_aaum_date": "30-04-2025",
        "monthly_aaum_value": "",
        "mutual_fund_name": "Invesco Mutual Fund",
        "page_number": [
            12
        ],
        "scheme_launch_date": ""
    },
    "Invesco India Infrastructure Fund": {
        "amc_name": "Invesco Asset Management (India) Private Limited",
        "benchmark_index": "",
        "fund_manager": [
            {
                "managing_fund_since": "September 3, 2020",
                "name": "Amit Nigam",
                "qualification": "",
                "total_exp": "23 Years"
            },
            {
                "managing_fund_since": "March 1, 2025",
                "name": "Sagar Gandhi",
                "qualification": "",
                "total_exp": "15 Years"
            }
        ],
        "load": {
            "entry_load": null,
            "exit_load": null
        },
        "main_scheme_name": "Invesco India Infrastructure Fund",
        "metrics": {
            "alpha": null,
            "arithmetic_mean_ratio": null,
            "average_div_yld": null,
            "average_pb": null,
            "average_pe": null,
            "avg_maturity": null,
            "beta": null,
            "correlation_ratio": null,
            "downside_deviation": null,
            "information_ratio": null,
            "macaulay": null,
            "mod_duration": null,
            "port_turnover_ratio": null,
            "r_squared_ratio": null,
            "roe_ratio": null,
            "sharpe": null,
            "sortino_ratio": null,
            "std_dev": null,
            "tracking_error": null,
            "treynor_ratio": null,
            "upside_deviation": null,
            "ytm": null
        },
        "min_addl_amt": "\u20b9 1,000",
        "min_addl_amt_multiple": "\u20b9 1",
        "min_amt": "\u20b9 1,000",
        "min_amt_multiple": "\u20b9 1",
        "monthly_aaum_date": "30-04-2025",
        "monthly_aaum_value": "",
        "mutual_fund_name": "Invesco Mutual Fund",
        "page_number": [
            13
        ],
        "scheme_launch_date": ""
    },
    "Invesco India PSU Equity Fund": {
        "amc_name": "Invesco Asset Management (India) Private Limited",
        "benchmark_index": "",
        "fund_manager": [
            {
                "managing_fund_since": "May 19, 2020",
                "name": "Dhimant Kothari",
                "qualification": "",
                "total_exp": "19 Years"
            }
        ],
        "load": {
            "entry_load": null,
            "exit_load": null
        },
        "main_scheme_name": "Invesco India PSU Equity Fund",
        "metrics": {
            "alpha": null,
            "arithmetic_mean_ratio": null,
            "average_div_yld": null,
            "average_pb": null,
            "average_pe": null,
            "avg_maturity": null,
            "beta": null,
            "correlation_ratio": null,
            "downside_deviation": null,
            "information_ratio": null,
            "macaulay": null,
            "mod_duration": null,
            "port_turnover_ratio": null,
            "r_squared_ratio": null,
            "roe_ratio": null,
            "sharpe": null,
            "sortino_ratio": null,
            "std_dev": null,
            "tracking_error": null,
            "treynor_ratio": null,
            "upside_deviation": null,
            "ytm": null
        },
        "min_addl_amt": "\u20b9 1,000",
        "min_addl_amt_multiple": "\u20b9 1",
        "min_amt": "\u20b9 1,000",
        "min_amt_multiple": "\u20b9 1",
        "monthly_aaum_date": "30-04-2025",
        "monthly_aaum_value": "",
        "mutual_fund_name": "Invesco Mutual Fund",
        "page_number": [
            14
        ],
        "scheme_launch_date": ""
    },
    "Invesco India ESG Integration Strategy Fund": {
        "amc_name": "Invesco Asset Management (India) Private Limited",
        "benchmark_index": "",
        "fund_manager": [
            {
                "managing_fund_since": "March 20, 2021",
                "name": "Taher Badshah",
                "qualification": "",
                "total_exp": "30 Years"
            },
            {
                "managing_fund_since": "March 20, 2021",
                "name": "Amit Nigam",
                "qualification": "",
                "total_exp": "23 Years"
            }
        ],
        "load": {
            "entry_load": null,
            "exit_load": null
        },
        "main_scheme_name": "Invesco India ESG Integration Strategy Fund",
        "metrics": {
            "alpha": null,
            "arithmetic_mean_ratio": null,
            "average_div_yld": null,
            "average_pb": null,
            "average_pe": null,
            "avg_maturity": null,
            "beta": null,
            "correlation_ratio": null,
            "downside_deviation": null,
            "information_ratio": null,
            "macaulay": null,
            "mod_duration": null,
            "port_turnover_ratio": null,
            "r_squared_ratio": null,
            "roe_ratio": null,
            "sharpe": null,
            "sortino_ratio": null,
            "std_dev": null,
            "tracking_error": null,
            "treynor_ratio": null,
            "upside_deviation": null,
            "ytm": null
        },
        "min_addl_amt": "\u20b9 1,000",
        "min_addl_amt_multiple": "\u20b9 1",
        "min_amt": "\u20b9 1,000",
        "min_amt_multiple": "\u20b9 1",
        "monthly_aaum_date": "30-04-2025",
        "monthly_aaum_value": "",
        "mutual_fund_name": "Invesco Mutual Fund",
        "page_number": [
            15
        ],
        "scheme_launch_date": ""
    },
    "Invesco India Flexi Cap Fund": {
        "amc_name": "Invesco Asset Management (India) Private Limited",
        "benchmark_index": "",
        "fund_manager": [
            {
                "managing_fund_since": "September 1, 2022",
                "name": "Amit Ganatra",
                "qualification": "",
                "total_exp": "21 Years"
            },
            {
                "managing_fund_since": "February 14, 2022",
                "name": "Taher Badshah",
                "qualification": "",
                "total_exp": "30 Years"
            }
        ],
        "load": {
            "entry_load": null,
            "exit_load": null
        },
        "main_scheme_name": "Invesco India Flexi Cap Fund",
        "metrics": {
            "alpha": null,
            "arithmetic_mean_ratio": null,
            "average_div_yld": null,
            "average_pb": null,
            "average_pe": null,
            "avg_maturity": null,
            "beta": null,
            "correlation_ratio": null,
            "downside_deviation": null,
            "information_ratio": null,
            "macaulay": null,
            "mod_duration": null,
            "port_turnover_ratio": null,
            "r_squared_ratio": null,
            "roe_ratio": null,
            "sharpe": null,
            "sortino_ratio": null,
            "std_dev": null,
            "tracking_error": null,
            "treynor_ratio": null,
            "upside_deviation": null,
            "ytm": null
        },
        "min_addl_amt": "\u20b9 1,000",
        "min_addl_amt_multiple": "\u20b9 1",
        "min_amt": "\u20b9 1,000",
        "min_amt_multiple": "\u20b9 1",
        "monthly_aaum_date": "30-04-2025",
        "monthly_aaum_value": "",
        "mutual_fund_name": "Invesco Mutual Fund",
        "page_number": [
            16
        ],
        "scheme_launch_date": ""
    },
    "Invesco India Manufacturing Fund": {
        "amc_name": "Invesco Asset Management (India) Private Limited",
        "benchmark_index": "",
        "fund_manager": [
            {
                "managing_fund_since": "August 14, 2024",
                "name": "Amit Ganatra",
                "qualification": "",
                "total_exp": "21 Years"
            },
            {
                "managing_fund_since": "August 14, 2024",
                "name": "Dhimant Kothari",
                "qualification": "",
                "total_exp": "19 Years"
            }
        ],
        "load": {
            "entry_load": null,
            "exit_load": null
        },
        "main_scheme_name": "Invesco India Manufacturing Fund",
        "metrics": {
            "alpha": null,
            "arithmetic_mean_ratio": null,
            "average_div_yld": null,
            "average_pb": "6.2",
            "average_pe": "38.0",
            "avg_maturity": null,
            "beta": null,
            "correlation_ratio": null,
            "downside_deviation": null,
            "information_ratio": null,
            "macaulay": null,
            "mod_duration": null,
            "port_turnover_ratio": null,
            "r_squared_ratio": null,
            "roe_ratio": null,
            "sharpe": null,
            "sortino_ratio": null,
            "std_dev": null,
            "tracking_error": null,
            "treynor_ratio": null,
            "upside_deviation": null,
            "ytm": null
        },
        "min_addl_amt": "\u20b9 1,000",
        "min_addl_amt_multiple": "\u20b9 1",
        "min_amt": "\u20b9 1,000",
        "min_amt_multiple": "\u20b9 1",
        "monthly_aaum_date": "30-04-2025",
        "monthly_aaum_value": "",
        "mutual_fund_name": "Invesco Mutual Fund",
        "page_number": [
            17
        ],
        "scheme_launch_date": ""
    },
    "Invesco India Technology Fund": {
        "amc_name": "Invesco Asset Management (India) Private Limited",
        "benchmark_index": "",
        "fund_manager": [
            {
                "managing_fund_since": "September 23, 2024",
                "name": "Hiten Jain",
                "qualification": "",
                "total_exp": "15 Years"
            },
            {
                "managing_fund_since": "September 23, 2024",
                "name": "Aditya Khemani",
                "qualification": "",
                "total_exp": "18 Years"
            }
        ],
        "load": {
            "entry_load": null,
            "exit_load": null
        },
        "main_scheme_name": "Invesco India Technology Fund",
        "metrics": {
            "alpha": null,
            "arithmetic_mean_ratio": null,
            "average_div_yld": null,
            "average_pb": "8.4",
            "average_pe": "42.3",
            "avg_maturity": null,
            "beta": null,
            "correlation_ratio": null,
            "downside_deviation": null,
            "information_ratio": null,
            "macaulay": null,
            "mod_duration": null,
            "port_turnover_ratio": null,
            "r_squared_ratio": null,
            "roe_ratio": null,
            "sharpe": null,
            "sortino_ratio": null,
            "std_dev": null,
            "tracking_error": null,
            "treynor_ratio": null,
            "upside_deviation": null,
            "ytm": null
        },
        "min_addl_amt": "\u20b9 1,000",
        "min_addl_amt_multiple": "\u20b9 1",
        "min_amt": "\u20b9 1,000",
        "min_amt_multiple": "\u20b9 1",
        "monthly_aaum_date": "30-04-2025",
        "monthly_aaum_value": "",
        "mutual_fund_name": "Invesco Mutual Fund",
        "page_number": [
            18
        ],
        "scheme_launch_date": ""
    },
    "Invesco India Business Cycle Fund": {
        "amc_name": "Invesco Asset Management (India) Private Limited",
        "benchmark_index": "",
        "fund_manager": [
            {
                "managing_fund_since": "February 27, 2025",
                "name": "Amit Ganatra",
                "qualification": "",
                "total_exp": "21 Years"
            },
            {
                "managing_fund_since": "February 27, 2025",
                "name": "Aditya Khemani",
                "qualification": "",
                "total_exp": "18 Years"
            }
        ],
        "load": {
            "entry_load": null,
            "exit_load": null
        },
        "main_scheme_name": "Invesco India Business Cycle Fund",
        "metrics": {
            "alpha": null,
            "arithmetic_mean_ratio": null,
            "average_div_yld": null,
            "average_pb": null,
            "average_pe": null,
            "avg_maturity": null,
            "beta": null,
            "correlation_ratio": null,
            "downside_deviation": null,
            "information_ratio": null,
            "macaulay": null,
            "mod_duration": null,
            "port_turnover_ratio": null,
            "r_squared_ratio": null,
            "roe_ratio": null,
            "sharpe": null,
            "sortino_ratio": null,
            "std_dev": null,
            "tracking_error": null,
            "treynor_ratio": null,
            "upside_deviation": null,
            "ytm": null
        },
        "min_addl_amt": "\u20b9 1,000",
        "min_addl_amt_multiple": "\u20b9 0",
        "min_amt": "\u20b9 1,000",
        "min_amt_multiple": "\u20b9 1",
        "monthly_aaum_date": "30-04-2025",
        "monthly_aaum_value": "",
        "mutual_fund_name": "Invesco Mutual Fund",
        "page_number": [
            19
        ],
        "scheme_launch_date": ""
    },
    "Invesco India Arbitrage Fund": {
        "amc_name": "Invesco Asset Management (India) Private Limited",
        "benchmark_index": "",
        "fund_manager": [
            {
                "managing_fund_since": "November 11, 2021",
                "name": "Deepak Gupta",
                "qualification": "",
                "total_exp": "19 Years"
            },
            {
                "managing_fund_since": "September 1, 2022",
                "name": "Kuber Mannadi",
                "qualification": "",
                "total_exp": "19 Years"
            }
        ],
        "load": {
            "entry_load": null,
            "exit_load": null
        },
        "main_scheme_name": "Invesco India Arbitrage Fund",
        "metrics": {
            "alpha": null,
            "arithmetic_mean_ratio": null,
            "average_div_yld": null,
            "average_pb": null,
            "average_pe": null,
            "avg_maturity": null,
            "beta": null,
            "correlation_ratio": null,
            "downside_deviation": null,
            "information_ratio": null,
            "macaulay": null,
            "mod_duration": null,
            "port_turnover_ratio": null,
            "r_squared_ratio": null,
            "roe_ratio": null,
            "sharpe": null,
            "sortino_ratio": null,
            "std_dev": null,
            "tracking_error": null,
            "treynor_ratio": null,
            "upside_deviation": null,
            "ytm": null
        },
        "min_addl_amt": "\u20b9 1,000",
        "min_addl_amt_multiple": "\u20b9 1",
        "min_amt": "\u20b9 1,000",
        "min_amt_multiple": "\u20b9 1",
        "monthly_aaum_date": "30-04-2025",
        "monthly_aaum_value": "",
        "mutual_fund_name": "Invesco Mutual Fund",
        "page_number": [
            20
        ],
        "scheme_launch_date": ""
    },
    "Invesco India Balanced Advantage Fund": {
        "amc_name": "Invesco Asset Management (India) Private Limited",
        "benchmark_index": "",
        "fund_manager": [
            {
                "managing_fund_since": "September 1, 2022",
                "name": "Dhimant Kothari",
                "qualification": "",
                "total_exp": "19 Years"
            },
            {
                "managing_fund_since": "September 1, 2022",
                "name": "Amit Ganatra",
                "qualification": "",
                "total_exp": "21 Years"
            },
            {
                "managing_fund_since": "March 1, 2025",
                "name": "Krishna Cheemalapati",
                "qualification": "",
                "total_exp": "26 Years"
            }
        ],
        "load": {
            "entry_load": null,
            "exit_load": null
        },
        "main_scheme_name": "Invesco India Balanced Advantage Fund",
        "metrics": {
            "alpha": null,
            "arithmetic_mean_ratio": null,
            "average_div_yld": null,
            "average_pb": null,
            "average_pe": null,
            "avg_maturity": null,
            "beta": null,
            "correlation_ratio": null,
            "downside_deviation": null,
            "information_ratio": null,
            "macaulay": null,
            "mod_duration": null,
            "port_turnover_ratio": null,
            "r_squared_ratio": null,
            "roe_ratio": null,
            "sharpe": null,
            "sortino_ratio": null,
            "std_dev": null,
            "tracking_error": null,
            "treynor_ratio": null,
            "upside_deviation": null,
            "ytm": null
        },
        "min_addl_amt": "\u20b9 1,000",
        "min_addl_amt_multiple": "\u20b9 1",
        "min_amt": "\u20b9 1,000",
        "min_amt_multiple": "\u20b9 1",
        "monthly_aaum_date": "30-04-2025",
        "monthly_aaum_value": "",
        "mutual_fund_name": "Invesco Mutual Fund",
        "page_number": [
            22
        ],
        "scheme_launch_date": ""
    },
    "Invesco India Aggressive Hybrid Fund": {
        "amc_name": "Invesco Asset Management (India) Private Limited",
        "benchmark_index": "",
        "fund_manager": [],
        "load": {
            "entry_load": null,
            "exit_load": null
        },
        "main_scheme_name": "Invesco India Aggressive Hybrid Fund",
        "metrics": {
            "alpha": null,
            "arithmetic_mean_ratio": null,
            "average_div_yld": null,
            "average_pb": null,
            "average_pe": null,
            "avg_maturity": "9.6 Years",
            "beta": null,
            "correlation_ratio": null,
            "downside_deviation": null,
            "information_ratio": null,
            "macaulay": "5.37 Years",
            "mod_duration": "5.16 Years",
            "port_turnover_ratio": null,
            "r_squared_ratio": null,
            "roe_ratio": null,
            "sharpe": null,
            "sortino_ratio": null,
            "std_dev": null,
            "tracking_error": null,
            "treynor_ratio": null,
            "upside_deviation": null,
            "ytm": "7.37"
        },
        "min_addl_amt": "\u20b9 1,000",
        "min_addl_amt_multiple": "\u20b9 1",
        "min_amt": "\u20b9 1,000",
        "min_amt_multiple": "\u20b9 1",
        "monthly_aaum_date": "30-04-2025",
        "monthly_aaum_value": "",
        "mutual_fund_name": "Invesco Mutual Fund",
        "page_number": [
            23
        ],
        "scheme_launch_date": ""
    },
    "Invesco India Equity Savings Fund": {
        "amc_name": "Invesco Asset Management (India) Private Limited",
        "benchmark_index": "",
        "fund_manager": [],
        "load": {
            "entry_load": null,
            "exit_load": null
        },
        "main_scheme_name": "Invesco India Equity Savings Fund",
        "metrics": {
            "alpha": null,
            "arithmetic_mean_ratio": null,
            "average_div_yld": null,
            "average_pb": null,
            "average_pe": null,
            "avg_maturity": "2.5 Years",
            "beta": null,
            "correlation_ratio": null,
            "downside_deviation": null,
            "information_ratio": null,
            "macaulay": "2.07 Years",
            "mod_duration": "1.97 Years",
            "port_turnover_ratio": null,
            "r_squared_ratio": null,
            "roe_ratio": null,
            "sharpe": null,
            "sortino_ratio": null,
            "std_dev": null,
            "tracking_error": null,
            "treynor_ratio": null,
            "upside_deviation": null,
            "ytm": "7.35"
        },
        "min_addl_amt": "\u20b9 1,000",
        "min_addl_amt_multiple": "\u20b9 1",
        "min_amt": "\u20b9 1,000",
        "min_amt_multiple": "\u20b9 1",
        "monthly_aaum_date": "30-04-2025",
        "monthly_aaum_value": "",
        "mutual_fund_name": "Invesco Mutual Fund",
        "page_number": [
            24
        ],
        "scheme_launch_date": ""
    },
    "Invesco India Multi Asset Allocation Fund": {
        "amc_name": "Invesco Asset Management (India) Private Limited",
        "benchmark_index": "",
        "fund_manager": [],
        "load": {
            "entry_load": null,
            "exit_load": null
        },
        "main_scheme_name": "Invesco India Multi Asset Allocation Fund",
        "metrics": {
            "alpha": null,
            "arithmetic_mean_ratio": null,
            "average_div_yld": null,
            "average_pb": null,
            "average_pe": null,
            "avg_maturity": null,
            "beta": null,
            "correlation_ratio": null,
            "downside_deviation": null,
            "information_ratio": null,
            "macaulay": null,
            "mod_duration": null,
            "port_turnover_ratio": null,
            "r_squared_ratio": null,
            "roe_ratio": null,
            "sharpe": null,
            "sortino_ratio": null,
            "std_dev": null,
            "tracking_error": null,
            "treynor_ratio": null,
            "upside_deviation": null,
            "ytm": null
        },
        "min_addl_amt": "\u20b9 1,000",
        "min_addl_amt_multiple": "\u20b9 0",
        "min_amt": "\u20b9 1,000",
        "min_amt_multiple": "\u20b9 1",
        "monthly_aaum_date": "30-04-2025",
        "monthly_aaum_value": "",
        "mutual_fund_name": "Invesco Mutual Fund",
        "page_number": [
            25
        ],
        "scheme_launch_date": ""
    },
    "Invesco India Liquid Fund": {
        "amc_name": "Invesco Asset Management (India) Private Limited",
        "benchmark_index": "",
        "fund_manager": [
            {
                "managing_fund_since": "April 25, 2011",
                "name": "Krishna Cheemalapati",
                "qualification": "",
                "total_exp": "26 Years"
            },
            {
                "managing_fund_since": "February 14, 2022",
                "name": "Prateek Jain",
                "qualification": "",
                "total_exp": "13 Years"
            }
        ],
        "load": {
            "entry_load": null,
            "exit_load": null
        },
        "main_scheme_name": "Invesco India Liquid Fund",
        "metrics": {
            "alpha": null,
            "arithmetic_mean_ratio": null,
            "average_div_yld": null,
            "average_pb": null,
            "average_pe": null,
            "avg_maturity": null,
            "beta": null,
            "correlation_ratio": null,
            "downside_deviation": null,
            "information_ratio": null,
            "macaulay": null,
            "mod_duration": null,
            "port_turnover_ratio": null,
            "r_squared_ratio": null,
            "roe_ratio": null,
            "sharpe": null,
            "sortino_ratio": null,
            "std_dev": null,
            "tracking_error": null,
            "treynor_ratio": null,
            "upside_deviation": null,
            "ytm": null
        },
        "min_addl_amt": "\u20b9 1,000",
        "min_addl_amt_multiple": "\u20b9 1",
        "min_amt": "\u20b9 1,000",
        "min_amt_multiple": "\u20b9 1",
        "monthly_aaum_date": "30-04-2025",
        "monthly_aaum_value": "",
        "mutual_fund_name": "Invesco Mutual Fund",
        "page_number": [
            26
        ],
        "scheme_launch_date": ""
    },
    "Invesco India Overnight Fund": {
        "amc_name": "Invesco Asset Management (India) Private Limited",
        "benchmark_index": "",
        "fund_manager": [
            {
                "managing_fund_since": "January 8, 2020",
                "name": "Krishna Cheemalapati",
                "qualification": "",
                "total_exp": "26 Years"
            },
            {
                "managing_fund_since": "February 14, 2022",
                "name": "Prateek Jain",
                "qualification": "",
                "total_exp": "13 Years"
            }
        ],
        "load": {
            "entry_load": null,
            "exit_load": null
        },
        "main_scheme_name": "Invesco India Overnight Fund",
        "metrics": {
            "alpha": null,
            "arithmetic_mean_ratio": null,
            "average_div_yld": null,
            "average_pb": null,
            "average_pe": null,
            "avg_maturity": null,
            "beta": null,
            "correlation_ratio": null,
            "downside_deviation": null,
            "information_ratio": null,
            "macaulay": null,
            "mod_duration": null,
            "port_turnover_ratio": null,
            "r_squared_ratio": null,
            "roe_ratio": null,
            "sharpe": null,
            "sortino_ratio": null,
            "std_dev": null,
            "tracking_error": null,
            "treynor_ratio": null,
            "upside_deviation": null,
            "ytm": null
        },
        "min_addl_amt": "\u20b9 1,000",
        "min_addl_amt_multiple": "\u20b9 1",
        "min_amt": "\u20b9 1,000",
        "min_amt_multiple": "\u20b9 1",
        "monthly_aaum_date": "30-04-2025",
        "monthly_aaum_value": "",
        "mutual_fund_name": "Invesco Mutual Fund",
        "page_number": [
            27
        ],
        "scheme_launch_date": ""
    },
    "Invesco India Low Duration Fund": {
        "amc_name": "Invesco Asset Management (India) Private Limited",
        "benchmark_index": "",
        "fund_manager": [
            {
                "managing_fund_since": "January 1, 2013",
                "name": "Krishna Cheemalapati",
                "qualification": "",
                "total_exp": "26 Years"
            },
            {
                "managing_fund_since": "December 16, 2020",
                "name": "Vikas Garg",
                "qualification": "",
                "total_exp": "19 Years"
            }
        ],
        "load": {
            "entry_load": null,
            "exit_load": null
        },
        "main_scheme_name": "Invesco India Low Duration Fund",
        "metrics": {
            "alpha": null,
            "arithmetic_mean_ratio": null,
            "average_div_yld": null,
            "average_pb": null,
            "average_pe": null,
            "avg_maturity": null,
            "beta": null,
            "correlation_ratio": null,
            "downside_deviation": null,
            "information_ratio": null,
            "macaulay": null,
            "mod_duration": null,
            "port_turnover_ratio": null,
            "r_squared_ratio": null,
            "roe_ratio": null,
            "sharpe": null,
            "sortino_ratio": null,
            "std_dev": null,
            "tracking_error": null,
            "treynor_ratio": null,
            "upside_deviation": null,
            "ytm": null
        },
        "min_addl_amt": "\u20b9 1,000",
        "min_addl_amt_multiple": "\u20b9 1",
        "min_amt": "\u20b9 1,000",
        "min_amt_multiple": "\u20b9 1",
        "monthly_aaum_date": "30-04-2025",
        "monthly_aaum_value": "",
        "mutual_fund_name": "Invesco Mutual Fund",
        "page_number": [
            28
        ],
        "scheme_launch_date": ""
    },
    "Invesco India Short Duration Fund": {
        "amc_name": "Invesco Asset Management (India) Private Limited",
        "benchmark_index": "",
        "fund_manager": [
            {
                "managing_fund_since": "September 26, 2020",
                "name": "Vikas Garg",
                "qualification": "",
                "total_exp": "19 Years"
            },
            {
                "managing_fund_since": "December 16, 2020",
                "name": "Krishna Cheemalapati",
                "qualification": "",
                "total_exp": "26 Years"
            }
        ],
        "load": {
            "entry_load": null,
            "exit_load": null
        },
        "main_scheme_name": "Invesco India Short Duration Fund",
        "metrics": {
            "alpha": null,
            "arithmetic_mean_ratio": null,
            "average_div_yld": null,
            "average_pb": null,
            "average_pe": null,
            "avg_maturity": null,
            "beta": null,
            "correlation_ratio": null,
            "downside_deviation": null,
            "information_ratio": null,
            "macaulay": null,
            "mod_duration": null,
            "port_turnover_ratio": null,
            "r_squared_ratio": null,
            "roe_ratio": null,
            "sharpe": null,
            "sortino_ratio": null,
            "std_dev": null,
            "tracking_error": null,
            "treynor_ratio": null,
            "upside_deviation": null,
            "ytm": null
        },
        "min_addl_amt": "\u20b9 1,000",
        "min_addl_amt_multiple": "\u20b9 1",
        "min_amt": "\u20b9 1,000",
        "min_amt_multiple": "\u20b9 1",
        "monthly_aaum_date": "30-04-2025",
        "monthly_aaum_value": "",
        "mutual_fund_name": "Invesco Mutual Fund",
        "page_number": [
            29
        ],
        "scheme_launch_date": ""
    },
    "Invesco India Money Market Fund": {
        "amc_name": "Invesco Asset Management (India) Private Limited",
        "benchmark_index": "",
        "fund_manager": [
            {
                "managing_fund_since": "January 4, 2020",
                "name": "Krishna Cheemalapati",
                "qualification": "",
                "total_exp": "26 Years"
            },
            {
                "managing_fund_since": "December 16, 2020",
                "name": "Vikas Garg",
                "qualification": "",
                "total_exp": "19 Years"
            }
        ],
        "load": {
            "entry_load": null,
            "exit_load": null
        },
        "main_scheme_name": "Invesco India Money Market Fund",
        "metrics": {
            "alpha": null,
            "arithmetic_mean_ratio": null,
            "average_div_yld": null,
            "average_pb": null,
            "average_pe": null,
            "avg_maturity": null,
            "beta": null,
            "correlation_ratio": null,
            "downside_deviation": null,
            "information_ratio": null,
            "macaulay": null,
            "mod_duration": null,
            "port_turnover_ratio": null,
            "r_squared_ratio": null,
            "roe_ratio": null,
            "sharpe": null,
            "sortino_ratio": null,
            "std_dev": null,
            "tracking_error": null,
            "treynor_ratio": null,
            "upside_deviation": null,
            "ytm": null
        },
        "min_addl_amt": "\u20b9 1,000",
        "min_addl_amt_multiple": "\u20b9 1",
        "min_amt": "\u20b9 1,000",
        "min_amt_multiple": "\u20b9 1",
        "monthly_aaum_date": "30-04-2025",
        "monthly_aaum_value": "",
        "mutual_fund_name": "Invesco Mutual Fund",
        "page_number": [
            30
        ],
        "scheme_launch_date": ""
    },
    "Invesco India Ultra Short Duration Fund": {
        "amc_name": "Invesco Asset Management (India) Private Limited",
        "benchmark_index": "",
        "fund_manager": [
            {
                "managing_fund_since": "January 4, 2020",
                "name": "Krishna Cheemalapati",
                "qualification": "",
                "total_exp": "26 Years"
            },
            {
                "managing_fund_since": "July 27, 2021",
                "name": "Vikas Garg",
                "qualification": "",
                "total_exp": "19 Years"
            }
        ],
        "load": {
            "entry_load": null,
            "exit_load": null
        },
        "main_scheme_name": "Invesco India Ultra Short Duration Fund",
        "metrics": {
            "alpha": null,
            "arithmetic_mean_ratio": null,
            "average_div_yld": null,
            "average_pb": null,
            "average_pe": null,
            "avg_maturity": null,
            "beta": null,
            "correlation_ratio": null,
            "downside_deviation": null,
            "information_ratio": null,
            "macaulay": null,
            "mod_duration": null,
            "port_turnover_ratio": null,
            "r_squared_ratio": null,
            "roe_ratio": null,
            "sharpe": null,
            "sortino_ratio": null,
            "std_dev": null,
            "tracking_error": null,
            "treynor_ratio": null,
            "upside_deviation": null,
            "ytm": null
        },
        "min_addl_amt": "\u20b9 1,000",
        "min_addl_amt_multiple": "\u20b9 1",
        "min_amt": "\u20b9 1,000",
        "min_amt_multiple": "\u20b9 1",
        "monthly_aaum_date": "30-04-2025",
        "monthly_aaum_value": "",
        "mutual_fund_name": "Invesco Mutual Fund",
        "page_number": [
            31
        ],
        "scheme_launch_date": ""
    },
    "Invesco India Medium Duration Fund": {
        "amc_name": "Invesco Asset Management (India) Private Limited",
        "benchmark_index": "",
        "fund_manager": [
            {
                "managing_fund_since": "July 16, 2021",
                "name": "Vikas Garg",
                "qualification": "",
                "total_exp": "19 Years"
            },
            {
                "managing_fund_since": "July 16, 2021",
                "name": "Krishna Cheemalapati",
                "qualification": "",
                "total_exp": "26 Years"
            }
        ],
        "load": {
            "entry_load": null,
            "exit_load": null
        },
        "main_scheme_name": "Invesco India Medium Duration Fund",
        "metrics": {
            "alpha": null,
            "arithmetic_mean_ratio": null,
            "average_div_yld": null,
            "average_pb": null,
            "average_pe": null,
            "avg_maturity": null,
            "beta": null,
            "correlation_ratio": null,
            "downside_deviation": null,
            "information_ratio": null,
            "macaulay": null,
            "mod_duration": null,
            "port_turnover_ratio": null,
            "r_squared_ratio": null,
            "roe_ratio": null,
            "sharpe": null,
            "sortino_ratio": null,
            "std_dev": null,
            "tracking_error": null,
            "treynor_ratio": null,
            "upside_deviation": null,
            "ytm": null
        },
        "min_addl_amt": "\u20b9 1,000",
        "min_addl_amt_multiple": "\u20b9 1",
        "min_amt": "\u20b9 1,000",
        "min_amt_multiple": "\u20b9 1",
        "monthly_aaum_date": "30-04-2025",
        "monthly_aaum_value": "",
        "mutual_fund_name": "Invesco Mutual Fund",
        "page_number": [
            32
        ],
        "scheme_launch_date": ""
    },
    "Invesco India Credit Risk Fund": {
        "amc_name": "Invesco Asset Management (India) Private Limited",
        "benchmark_index": "",
        "fund_manager": [
            {
                "managing_fund_since": "September 26, 2020",
                "name": "Vikas Garg",
                "qualification": "",
                "total_exp": "19 Years"
            },
            {
                "managing_fund_since": "December 16, 2020",
                "name": "Krishna Cheemalapati",
                "qualification": "",
                "total_exp": "26 Years"
            }
        ],
        "load": {
            "entry_load": null,
            "exit_load": null
        },
        "main_scheme_name": "Invesco India Credit Risk Fund",
        "metrics": {
            "alpha": null,
            "arithmetic_mean_ratio": null,
            "average_div_yld": null,
            "average_pb": null,
            "average_pe": null,
            "avg_maturity": null,
            "beta": null,
            "correlation_ratio": null,
            "downside_deviation": null,
            "information_ratio": null,
            "macaulay": null,
            "mod_duration": null,
            "port_turnover_ratio": null,
            "r_squared_ratio": null,
            "roe_ratio": null,
            "sharpe": null,
            "sortino_ratio": null,
            "std_dev": null,
            "tracking_error": null,
            "treynor_ratio": null,
            "upside_deviation": null,
            "ytm": null
        },
        "min_addl_amt": "\u20b9 1,000",
        "min_addl_amt_multiple": "\u20b9 1",
        "min_amt": "\u20b9 1,000",
        "min_amt_multiple": "\u20b9 1",
        "monthly_aaum_date": "30-04-2025",
        "monthly_aaum_value": "",
        "mutual_fund_name": "Invesco Mutual Fund",
        "page_number": [
            33
        ],
        "scheme_launch_date": ""
    },
    "Invesco India Gilt Fund": {
        "amc_name": "Invesco Asset Management (India) Private Limited",
        "benchmark_index": "",
        "fund_manager": [
            {
                "managing_fund_since": "July 27, 2021",
                "name": "Krishna Cheemalapati",
                "qualification": "",
                "total_exp": "26 Years"
            },
            {
                "managing_fund_since": "September 26, 2020",
                "name": "Vikas Garg",
                "qualification": "",
                "total_exp": "19 Years"
            }
        ],
        "load": {
            "entry_load": null,
            "exit_load": null
        },
        "main_scheme_name": "Invesco India Gilt Fund",
        "metrics": {
            "alpha": null,
            "arithmetic_mean_ratio": null,
            "average_div_yld": null,
            "average_pb": null,
            "average_pe": null,
            "avg_maturity": null,
            "beta": null,
            "correlation_ratio": null,
            "downside_deviation": null,
            "information_ratio": null,
            "macaulay": null,
            "mod_duration": null,
            "port_turnover_ratio": null,
            "r_squared_ratio": null,
            "roe_ratio": null,
            "sharpe": null,
            "sortino_ratio": null,
            "std_dev": null,
            "tracking_error": null,
            "treynor_ratio": null,
            "upside_deviation": null,
            "ytm": null
        },
        "min_addl_amt": "\u20b9 1,000",
        "min_addl_amt_multiple": "\u20b9 1",
        "min_amt": "\u20b9 1,000",
        "min_amt_multiple": "\u20b9 1",
        "monthly_aaum_date": "30-04-2025",
        "monthly_aaum_value": "",
        "mutual_fund_name": "Invesco Mutual Fund",
        "page_number": [
            34
        ],
        "scheme_launch_date": ""
    },
    "Invesco India Corporate Bond Fund": {
        "amc_name": "Invesco Asset Management (India) Private Limited",
        "benchmark_index": "",
        "fund_manager": [
            {
                "managing_fund_since": "September 26, 2020",
                "name": "Vikas Garg",
                "qualification": "",
                "total_exp": "19 Years"
            },
            {
                "managing_fund_since": "December 16, 2020",
                "name": "Krishna Cheemalapati",
                "qualification": "",
                "total_exp": "26 Years"
            }
        ],
        "load": {
            "entry_load": null,
            "exit_load": null
        },
        "main_scheme_name": "Invesco India Corporate Bond Fund",
        "metrics": {
            "alpha": null,
            "arithmetic_mean_ratio": null,
            "average_div_yld": null,
            "average_pb": null,
            "average_pe": null,
            "avg_maturity": null,
            "beta": null,
            "correlation_ratio": null,
            "downside_deviation": null,
            "information_ratio": null,
            "macaulay": null,
            "mod_duration": null,
            "port_turnover_ratio": null,
            "r_squared_ratio": null,
            "roe_ratio": null,
            "sharpe": null,
            "sortino_ratio": null,
            "std_dev": null,
            "tracking_error": null,
            "treynor_ratio": null,
            "upside_deviation": null,
            "ytm": null
        },
        "min_addl_amt": "\u20b9 1,000",
        "min_addl_amt_multiple": "\u20b9 1",
        "min_amt": "\u20b9 1,000",
        "min_amt_multiple": "\u20b9 1",
        "monthly_aaum_date": "30-04-2025",
        "monthly_aaum_value": "",
        "mutual_fund_name": "Invesco Mutual Fund",
        "page_number": [
            35
        ],
        "scheme_launch_date": ""
    },
    "Invesco India Banking and PSU Fund": {
        "amc_name": "Invesco Asset Management (India) Private Limited",
        "benchmark_index": "",
        "fund_manager": [
            {
                "managing_fund_since": "September 26, 2020",
                "name": "Vikas Garg",
                "qualification": "",
                "total_exp": "19 Years"
            },
            {
                "managing_fund_since": "December 16, 2020",
                "name": "Krishna Cheemalapati",
                "qualification": "",
                "total_exp": "26 Years"
            }
        ],
        "load": {
            "entry_load": null,
            "exit_load": null
        },
        "main_scheme_name": "Invesco India Banking and PSU Fund",
        "metrics": {
            "alpha": null,
            "arithmetic_mean_ratio": null,
            "average_div_yld": null,
            "average_pb": null,
            "average_pe": null,
            "avg_maturity": null,
            "beta": null,
            "correlation_ratio": null,
            "downside_deviation": null,
            "information_ratio": null,
            "macaulay": null,
            "mod_duration": null,
            "port_turnover_ratio": null,
            "r_squared_ratio": null,
            "roe_ratio": null,
            "sharpe": null,
            "sortino_ratio": null,
            "std_dev": null,
            "tracking_error": null,
            "treynor_ratio": null,
            "upside_deviation": null,
            "ytm": null
        },
        "min_addl_amt": "\u20b9 1,000",
        "min_addl_amt_multiple": "\u20b9 1",
        "min_amt": "\u20b9 1,000",
        "min_amt_multiple": "\u20b9 1",
        "monthly_aaum_date": "30-04-2025",
        "monthly_aaum_value": "",
        "mutual_fund_name": "Invesco Mutual Fund",
        "page_number": [
            36
        ],
        "scheme_launch_date": ""
    },
    "Invesco India Nifty G-sec Jul 2027 Index Fund": {
        "amc_name": "Invesco Asset Management (India) Private Limited",
        "benchmark_index": "",
        "fund_manager": [],
        "load": {
            "entry_load": null,
            "exit_load": null
        },
        "main_scheme_name": "Invesco India Nifty G-sec Jul 2027 Index Fund",
        "metrics": {
            "alpha": null,
            "arithmetic_mean_ratio": null,
            "average_div_yld": null,
            "average_pb": null,
            "average_pe": null,
            "avg_maturity": null,
            "beta": null,
            "correlation_ratio": null,
            "downside_deviation": null,
            "information_ratio": null,
            "macaulay": null,
            "mod_duration": null,
            "port_turnover_ratio": null,
            "r_squared_ratio": null,
            "roe_ratio": null,
            "sharpe": null,
            "sortino_ratio": null,
            "std_dev": null,
            "tracking_error": null,
            "treynor_ratio": null,
            "upside_deviation": null,
            "ytm": null
        },
        "min_addl_amt": "",
        "min_addl_amt_multiple": "",
        "min_amt": "\u20b9 1,000",
        "min_amt_multiple": "\u20b9 1",
        "monthly_aaum_date": "30-04-2025",
        "monthly_aaum_value": "",
        "mutual_fund_name": "Invesco Mutual Fund",
        "page_number": [
            37
        ],
        "scheme_launch_date": ""
    },
    "Invesco India - Invesco Global Consumer Trends Fund of Fund": {
        "amc_name": "Invesco Asset Management (India) Private Limited",
        "benchmark_index": "",
        "fund_manager": [
            {
                "managing_fund_since": "March 1, 2025",
                "name": "Sagar Gandhi",
                "qualification": "",
                "total_exp": "15 Years"
            }
        ],
        "load": {
            "entry_load": null,
            "exit_load": null
        },
        "main_scheme_name": "Invesco India - Invesco Global Consumer Trends Fund of Fund",
        "metrics": {
            "alpha": null,
            "arithmetic_mean_ratio": null,
            "average_div_yld": null,
            "average_pb": null,
            "average_pe": null,
            "avg_maturity": null,
            "beta": null,
            "correlation_ratio": null,
            "downside_deviation": null,
            "information_ratio": null,
            "macaulay": null,
            "mod_duration": null,
            "port_turnover_ratio": null,
            "r_squared_ratio": null,
            "roe_ratio": null,
            "sharpe": null,
            "sortino_ratio": null,
            "std_dev": null,
            "tracking_error": null,
            "treynor_ratio": null,
            "upside_deviation": null,
            "ytm": null
        },
        "min_addl_amt": "\u20b9 1,000",
        "min_addl_amt_multiple": "\u20b9 1",
        "min_amt": "\u20b9 1,000",
        "min_amt_multiple": "\u20b9 1",
        "monthly_aaum_date": "30-04-2025",
        "monthly_aaum_value": "",
        "mutual_fund_name": "Invesco Mutual Fund",
        "page_number": [
            38
        ],
        "scheme_launch_date": ""
    },
    "Invesco India - Invesco EQQQ NASDAQ-100 ETF Fund of Fund": {
        "amc_name": "Invesco Asset Management (India) Private Limited",
        "benchmark_index": "",
        "fund_manager": [
            {
                "managing_fund_since": "March 1, 2025",
                "name": "Sagar Gandhi",
                "qualification": "",
                "total_exp": "15 Years"
            }
        ],
        "load": {
            "entry_load": null,
            "exit_load": null
        },
        "main_scheme_name": "Invesco India - Invesco EQQQ NASDAQ-100 ETF Fund of Fund",
        "metrics": {
            "alpha": null,
            "arithmetic_mean_ratio": null,
            "average_div_yld": null,
            "average_pb": null,
            "average_pe": null,
            "avg_maturity": null,
            "beta": null,
            "correlation_ratio": null,
            "downside_deviation": null,
            "information_ratio": null,
            "macaulay": null,
            "mod_duration": null,
            "port_turnover_ratio": null,
            "r_squared_ratio": null,
            "roe_ratio": null,
            "sharpe": null,
            "sortino_ratio": null,
            "std_dev": null,
            "tracking_error": null,
            "treynor_ratio": null,
            "upside_deviation": null,
            "ytm": null
        },
        "min_addl_amt": "\u20b9 1,000",
        "min_addl_amt_multiple": "\u20b9 1",
        "min_amt": "\u20b9 1,000",
        "min_amt_multiple": "\u20b9 1",
        "monthly_aaum_date": "30-04-2025",
        "monthly_aaum_value": "",
        "mutual_fund_name": "Invesco Mutual Fund",
        "page_number": [
            39
        ],
        "scheme_launch_date": ""
    },
    "Invesco India - Invesco Pan European Equity Fund of Fund": {
        "amc_name": "Invesco Asset Management (India) Private Limited",
        "benchmark_index": "",
        "fund_manager": [
            {
                "managing_fund_since": "March 1, 2025",
                "name": "Sagar Gandhi",
                "qualification": "",
                "total_exp": "15 Years"
            }
        ],
        "load": {
            "entry_load": null,
            "exit_load": null
        },
        "main_scheme_name": "Invesco India - Invesco Pan European Equity Fund of Fund",
        "metrics": {
            "alpha": null,
            "arithmetic_mean_ratio": null,
            "average_div_yld": null,
            "average_pb": null,
            "average_pe": null,
            "avg_maturity": null,
            "beta": null,
            "correlation_ratio": null,
            "downside_deviation": null,
            "information_ratio": null,
            "macaulay": null,
            "mod_duration": null,
            "port_turnover_ratio": null,
            "r_squared_ratio": null,
            "roe_ratio": null,
            "sharpe": null,
            "sortino_ratio": null,
            "std_dev": null,
            "tracking_error": null,
            "treynor_ratio": null,
            "upside_deviation": null,
            "ytm": null
        },
        "min_addl_amt": "\u20b9 1,000",
        "min_addl_amt_multiple": "\u20b9 1",
        "min_amt": "\u20b9 1,000",
        "min_amt_multiple": "\u20b9 1",
        "monthly_aaum_date": "30-04-2025",
        "monthly_aaum_value": "",
        "mutual_fund_name": "Invesco Mutual Fund",
        "page_number": [
            40
        ],
        "scheme_launch_date": ""
    },
    "Invesco India - Invesco Global Equity Income Fund of Fund": {
        "amc_name": "Invesco Asset Management (India) Private Limited",
        "benchmark_index": "",
        "fund_manager": [
            {
                "managing_fund_since": "March 1, 2025",
                "name": "Sagar Gandhi",
                "qualification": "",
                "total_exp": "15 Years"
            }
        ],
        "load": {
            "entry_load": null,
            "exit_load": null
        },
        "main_scheme_name": "Invesco India - Invesco Global Equity Income Fund of Fund",
        "metrics": {
            "alpha": null,
            "arithmetic_mean_ratio": null,
            "average_div_yld": null,
            "average_pb": null,
            "average_pe": null,
            "avg_maturity": null,
            "beta": null,
            "correlation_ratio": null,
            "downside_deviation": null,
            "information_ratio": null,
            "macaulay": null,
            "mod_duration": null,
            "port_turnover_ratio": null,
            "r_squared_ratio": null,
            "roe_ratio": null,
            "sharpe": null,
            "sortino_ratio": null,
            "std_dev": null,
            "tracking_error": null,
            "treynor_ratio": null,
            "upside_deviation": null,
            "ytm": null
        },
        "min_addl_amt": "\u20b9 1,000",
        "min_addl_amt_multiple": "\u20b9 1",
        "min_amt": "\u20b9 1,000",
        "min_amt_multiple": "\u20b9 1",
        "monthly_aaum_date": "30-04-2025",
        "monthly_aaum_value": "",
        "mutual_fund_name": "Invesco Mutual Fund",
        "page_number": [
            41
        ],
        "scheme_launch_date": ""
    },
    "Invesco India Gold ETF Fund of Fund": {
        "amc_name": "Invesco Asset Management (India) Private Limited",
        "benchmark_index": "",
        "fund_manager": [
            {
                "managing_fund_since": "March 1, 2025",
                "name": "Krishna Cheemalapati",
                "qualification": "",
                "total_exp": "26 Years"
            }
        ],
        "load": {
            "entry_load": null,
            "exit_load": null
        },
        "main_scheme_name": "Invesco India Gold ETF Fund of Fund",
        "metrics": {
            "alpha": null,
            "arithmetic_mean_ratio": null,
            "average_div_yld": null,
            "average_pb": null,
            "average_pe": null,
            "avg_maturity": null,
            "beta": null,
            "correlation_ratio": null,
            "downside_deviation": null,
            "information_ratio": null,
            "macaulay": null,
            "mod_duration": null,
            "port_turnover_ratio": null,
            "r_squared_ratio": null,
            "roe_ratio": null,
            "sharpe": null,
            "sortino_ratio": null,
            "std_dev": null,
            "tracking_error": null,
            "treynor_ratio": null,
            "upside_deviation": null,
            "ytm": null
        },
        "min_addl_amt": "\u20b9 1,000",
        "min_addl_amt_multiple": "\u20b9 1",
        "min_amt": "\u20b9 1,000",
        "min_amt_multiple": "\u20b9 1",
        "monthly_aaum_date": "30-04-2025",
        "monthly_aaum_value": "",
        "mutual_fund_name": "Invesco Mutual Fund",
        "page_number": [
            42
        ],
        "scheme_launch_date": ""
    },
    "Invesco India Gold Exchange Traded Fund": {
        "amc_name": "Invesco Asset Management (India) Private Limited",
        "benchmark_index": "",
        "fund_manager": [
            {
                "managing_fund_since": "March 1, 2025",
                "name": "Krishna Cheemalapati",
                "qualification": "",
                "total_exp": "26 Years"
            }
        ],
        "load": {
            "entry_load": null,
            "exit_load": null
        },
        "main_scheme_name": "Invesco India Gold Exchange Traded Fund",
        "metrics": {
            "alpha": null,
            "arithmetic_mean_ratio": null,
            "average_div_yld": null,
            "average_pb": null,
            "average_pe": null,
            "avg_maturity": null,
            "beta": null,
            "correlation_ratio": null,
            "downside_deviation": null,
            "information_ratio": null,
            "macaulay": null,
            "mod_duration": null,
            "port_turnover_ratio": null,
            "r_squared_ratio": null,
            "roe_ratio": null,
            "sharpe": null,
            "sortino_ratio": null,
            "std_dev": null,
            "tracking_error": null,
            "treynor_ratio": null,
            "upside_deviation": null,
            "ytm": null
        },
        "min_addl_amt": "",
        "min_addl_amt_multiple": "",
        "min_amt": "\u20b9 1",
        "min_amt_multiple": "\u20b9 1",
        "monthly_aaum_date": "30-04-2025",
        "monthly_aaum_value": "",
        "mutual_fund_name": "Invesco Mutual Fund",
        "page_number": [
            43
        ],
        "scheme_launch_date": ""
    },
    "Invesco India NIFTY 50 Exchange Traded Fund": {
        "amc_name": "Invesco Asset Management (India) Private Limited",
        "benchmark_index": "",
        "fund_manager": [
            {
                "managing_fund_since": "May 19, 2020",
                "name": "Kuber Mannadi",
                "qualification": "",
                "total_exp": "19 Years"
            }
        ],
        "load": {
            "entry_load": null,
            "exit_load": null
        },
        "main_scheme_name": "Invesco India NIFTY 50 Exchange Traded Fund",
        "metrics": {
            "alpha": null,
            "arithmetic_mean_ratio": null,
            "average_div_yld": null,
            "average_pb": null,
            "average_pe": null,
            "avg_maturity": null,
            "beta": null,
            "correlation_ratio": null,
            "downside_deviation": null,
            "information_ratio": null,
            "macaulay": null,
            "mod_duration": null,
            "port_turnover_ratio": null,
            "r_squared_ratio": null,
            "roe_ratio": null,
            "sharpe": null,
            "sortino_ratio": null,
            "std_dev": null,
            "tracking_error": null,
            "treynor_ratio": null,
            "upside_deviation": null,
            "ytm": null
        },
        "min_addl_amt": "",
        "min_addl_amt_multiple": "",
        "min_amt": "\u20b9 1",
        "min_amt_multiple": "\u20b9 2",
        "monthly_aaum_date": "30-04-2025",
        "monthly_aaum_value": "",
        "mutual_fund_name": "Invesco Mutual Fund",
        "page_number": [
            44
        ],
        "scheme_launch_date": ""
    }
}