{
    "Union FLEXI CAP FUND": {
        "amc_name": "Union Asset Management Company Private Limited",
        "benchmark_index": "BSE 500 Index (TRI)",
        "fund_manager": [
            {
                "managing_fund_since": "January 25, 2023",
                "name": "Sanjay Bembalkar",
                "qualification": "Field Of Equity Research And Fund Management",
                "total_exp": "17 Years"
            },
            {
                "managing_fund_since": "November 01, 2024",
                "name": "Vinod Malviya",
                "qualification": "Financial Markets As An Analyst",
                "total_exp": "15 Years"
            }
        ],
        "load": {
            "entry_load": "NA",
            "exit_load": "1 if units are redeemed or switched out on or before completion of 15 days from the date of allotment. Nil thereafter."
        },
        "main_scheme_name": "Union FLEXI CAP FUND",
        "metrics": {
            "alpha": null,
            "arithmetic_mean_ratio": null,
            "average_div_yld": null,
            "average_pb": null,
            "average_pe": null,
            "avg_maturity": "28",
            "beta": "0.89",
            "correlation_ratio": null,
            "downside_deviation": null,
            "information_ratio": null,
            "macaulay": null,
            "mod_duration": null,
            "port_turnover_ratio": "1.53",
            "r_squared_ratio": null,
            "roe_ratio": null,
            "sharpe": "0.34",
            "sortino_ratio": null,
            "std_dev": "13.37",
            "tracking_error": null,
            "treynor_ratio": null,
            "upside_deviation": null,
            "ytm": null
        },
        "min_addl_amt": "",
        "min_addl_amt_multiple": "",
        "min_amt": "",
        "min_amt_multiple": "",
        "monthly_aaum_date": "30-04-2025",
        "monthly_aaum_value": "\u20b9 2,105.50 crore",
        "mutual_fund_name": "Union Mutual Fund",
        "page_number": [
            4
        ],
        "scheme_launch_date": "10 June 2011"
    },
    "Union MULTICAP FUND": {
        "amc_name": "Union Asset Management Company Private Limited",
        "benchmark_index": "Nifty 500 Multicap 502525 Index (TRI)",
        "fund_manager": [
            {
                "managing_fund_since": "November 01, 2024",
                "name": "Harshad Patwardhan",
                "qualification": "Field Of Research And Portfolio Management In Indian Equities",
                "total_exp": "28 Years"
            },
            {
                "managing_fund_since": "Inception",
                "name": "Sanjay Bembalkar",
                "qualification": "Field Of Equity Research And Fund Management",
                "total_exp": "17 Years"
            }
        ],
        "load": {
            "entry_load": "NA",
            "exit_load": "1 if units are redeemed or switched out on or before completion of 15 days from the date of allotment. Nil thereafter."
        },
        "main_scheme_name": "Union MULTICAP FUND",
        "metrics": {
            "alpha": null,
            "arithmetic_mean_ratio": null,
            "average_div_yld": null,
            "average_pb": null,
            "average_pe": null,
            "avg_maturity": null,
            "beta": null,
            "correlation_ratio": null,
            "downside_deviation": null,
            "information_ratio": null,
            "macaulay": null,
            "mod_duration": null,
            "port_turnover_ratio": "1.40 times",
            "r_squared_ratio": null,
            "roe_ratio": null,
            "sharpe": null,
            "sortino_ratio": null,
            "std_dev": null,
            "tracking_error": null,
            "treynor_ratio": null,
            "upside_deviation": null,
            "ytm": null
        },
        "min_addl_amt": "",
        "min_addl_amt_multiple": "",
        "min_amt": "",
        "min_amt_multiple": "",
        "monthly_aaum_date": "30-04-2025",
        "monthly_aaum_value": "\u20b9 1,014.53 crore",
        "mutual_fund_name": "Union Mutual Fund",
        "page_number": [
            5
        ],
        "scheme_launch_date": "19 December 2022"
    },
    "Union BUSINESS CYCLE FUND": {
        "amc_name": "Union Asset Management Company Private Limited",
        "benchmark_index": "Nifty 500 Index (TRI)",
        "fund_manager": [
            {
                "managing_fund_since": "November 01, 2024",
                "name": "Harshad Patwardhan",
                "qualification": "Field Of Research And Portfolio Management In Indian Equities",
                "total_exp": "28 Years"
            }
        ],
        "load": {
            "entry_load": "NA",
            "exit_load": "1 if units are redeemedswitched out on or before completion of 1 year from the date of allotment. Nil if redeemed or switched out after completion of 1 year from the date of allotment of units."
        },
        "main_scheme_name": "Union BUSINESS CYCLE FUND",
        "metrics": {
            "alpha": null,
            "arithmetic_mean_ratio": null,
            "average_div_yld": null,
            "average_pb": null,
            "average_pe": null,
            "avg_maturity": null,
            "beta": null,
            "correlation_ratio": null,
            "downside_deviation": null,
            "information_ratio": null,
            "macaulay": null,
            "mod_duration": null,
            "port_turnover_ratio": null,
            "r_squared_ratio": null,
            "roe_ratio": null,
            "sharpe": null,
            "sortino_ratio": null,
            "std_dev": null,
            "tracking_error": null,
            "treynor_ratio": null,
            "upside_deviation": null,
            "ytm": null
        },
        "min_addl_amt": "",
        "min_addl_amt_multiple": "",
        "min_amt": "",
        "min_amt_multiple": "",
        "monthly_aaum_date": "30-04-2025",
        "monthly_aaum_value": "\u20b9 541.84 crore",
        "mutual_fund_name": "Union Mutual Fund",
        "page_number": [
            6
        ],
        "scheme_launch_date": "05 March2024"
    },
    "Union FOCUSED FUND": {
        "amc_name": "Union Asset Management Company Private Limited",
        "benchmark_index": "BSE 500 Index (TRI)",
        "fund_manager": [
            {
                "managing_fund_since": "November 01, 2024",
                "name": "Pratik Dharmshi",
                "qualification": "Financial Markets As An Analyst",
                "total_exp": "14 Years"
            }
        ],
        "load": {
            "entry_load": "NA",
            "exit_load": "1 if units are redeemed or switched out on or before completion of 15 days from the date of allotment. Nil thereafter."
        },
        "main_scheme_name": "Union FOCUSED FUND",
        "metrics": {
            "alpha": null,
            "arithmetic_mean_ratio": null,
            "average_div_yld": null,
            "average_pb": null,
            "average_pe": null,
            "avg_maturity": "28",
            "beta": "0.84",
            "correlation_ratio": null,
            "downside_deviation": null,
            "information_ratio": null,
            "macaulay": null,
            "mod_duration": null,
            "port_turnover_ratio": "1.68",
            "r_squared_ratio": null,
            "roe_ratio": null,
            "sharpe": "0.17",
            "sortino_ratio": null,
            "std_dev": "12.96",
            "tracking_error": null,
            "treynor_ratio": null,
            "upside_deviation": null,
            "ytm": null
        },
        "min_addl_amt": "",
        "min_addl_amt_multiple": "",
        "min_amt": "",
        "min_amt_multiple": "",
        "monthly_aaum_date": "30-04-2025",
        "monthly_aaum_value": "\u20b9 384.86 crore",
        "mutual_fund_name": "Union Mutual Fund",
        "page_number": [
            7
        ],
        "scheme_launch_date": "5 August 2019"
    },
    "Union MIDCAP FUND": {
        "amc_name": "Union Asset Management Company Private Limited",
        "benchmark_index": "BSE 150 MidCap Index (TRI)",
        "fund_manager": [
            {
                "managing_fund_since": "January 25, 2023",
                "name": "Gaurav Chopra",
                "qualification": "Equity Markets",
                "total_exp": "9 Years"
            }
        ],
        "load": {
            "entry_load": "NA",
            "exit_load": "1 if units are redeemed or switched out on or before completion of 15 days from the date of allotment. Nil thereafter."
        },
        "main_scheme_name": "Union MIDCAP FUND",
        "metrics": {
            "alpha": null,
            "arithmetic_mean_ratio": null,
            "average_div_yld": null,
            "average_pb": null,
            "average_pe": null,
            "avg_maturity": "28",
            "beta": "0.91",
            "correlation_ratio": null,
            "downside_deviation": null,
            "information_ratio": null,
            "macaulay": null,
            "mod_duration": null,
            "port_turnover_ratio": "1.99",
            "r_squared_ratio": null,
            "roe_ratio": null,
            "sharpe": "0.49",
            "sortino_ratio": null,
            "std_dev": "16.47",
            "tracking_error": null,
            "treynor_ratio": null,
            "upside_deviation": null,
            "ytm": null
        },
        "min_addl_amt": "",
        "min_addl_amt_multiple": "",
        "min_amt": "",
        "min_amt_multiple": "",
        "monthly_aaum_date": "30-04-2025",
        "monthly_aaum_value": "\u20b9 1,262.85 crore",
        "mutual_fund_name": "Union Mutual Fund",
        "page_number": [
            8
        ],
        "scheme_launch_date": "23 March 2020"
    },
    "Union SMALL CAP FUND": {
        "amc_name": "Union Asset Management Company Private Limited",
        "benchmark_index": "BSE 250 SmallCap Index (TRI)",
        "fund_manager": [
            {
                "managing_fund_since": "November 01, 2024",
                "name": "Pratik Dharmshi",
                "qualification": "Equity Markets",
                "total_exp": "14 Years"
            }
        ],
        "load": {
            "entry_load": "NA",
            "exit_load": "1 if units are redeemed or switched out on or before completion of 15 days from the date of allotment. Nil thereafter."
        },
        "main_scheme_name": "Union SMALL CAP FUND",
        "metrics": {
            "alpha": null,
            "arithmetic_mean_ratio": null,
            "average_div_yld": null,
            "average_pb": null,
            "average_pe": null,
            "avg_maturity": "28",
            "beta": "0.82",
            "correlation_ratio": null,
            "downside_deviation": null,
            "information_ratio": null,
            "macaulay": null,
            "mod_duration": null,
            "port_turnover_ratio": "1.27",
            "r_squared_ratio": null,
            "roe_ratio": null,
            "sharpe": "0.35",
            "sortino_ratio": null,
            "std_dev": "18.16",
            "tracking_error": null,
            "treynor_ratio": null,
            "upside_deviation": null,
            "ytm": null
        },
        "min_addl_amt": "",
        "min_addl_amt_multiple": "",
        "min_amt": "",
        "min_amt_multiple": "",
        "monthly_aaum_date": "30-04-2025",
        "monthly_aaum_value": "\u20b9 1,424.35 crore",
        "mutual_fund_name": "Union Mutual Fund",
        "page_number": [
            10
        ],
        "scheme_launch_date": "10 June 2014"
    },
    "Union ELSS TAX SAVER FUND": {
        "amc_name": "Union Asset Management Company Private Limited",
        "benchmark_index": "BSE 500 Index (TRI)",
        "fund_manager": [
            {
                "managing_fund_since": "November 01, 2024",
                "name": "Vinod Malviya",
                "qualification": "Financial Markets As An Analyst",
                "total_exp": "15 Years"
            },
            {
                "managing_fund_since": "June 7, 2021",
                "name": "Sanjay Bembalkar",
                "qualification": "Field Of Equity Research And Fund Management",
                "total_exp": "17 Years"
            }
        ],
        "load": {
            "entry_load": "NA",
            "exit_load": "Nil"
        },
        "main_scheme_name": "Union ELSS TAX SAVER FUND",
        "metrics": {
            "alpha": null,
            "arithmetic_mean_ratio": null,
            "average_div_yld": null,
            "average_pb": null,
            "average_pe": null,
            "avg_maturity": "28",
            "beta": "0.88",
            "correlation_ratio": null,
            "downside_deviation": null,
            "information_ratio": null,
            "macaulay": null,
            "mod_duration": null,
            "port_turnover_ratio": "1.10",
            "r_squared_ratio": null,
            "roe_ratio": null,
            "sharpe": "0.40",
            "sortino_ratio": null,
            "std_dev": "13.29",
            "tracking_error": null,
            "treynor_ratio": null,
            "upside_deviation": null,
            "ytm": null
        },
        "min_addl_amt": "",
        "min_addl_amt_multiple": "",
        "min_amt": "",
        "min_amt_multiple": "",
        "monthly_aaum_date": "30-04-2025",
        "monthly_aaum_value": "\u20b9 841.83 crore",
        "mutual_fund_name": "Union Mutual Fund",
        "page_number": [
            12
        ],
        "scheme_launch_date": "23 December 2011"
    },
    "Union VALUE FUND": {
        "amc_name": "Union Asset Management Company Private Limited",
        "benchmark_index": "BSE 500 Index (TRI)",
        "fund_manager": [
            {
                "managing_fund_since": "November 01, 2024",
                "name": "Vinod Malviya",
                "qualification": "Financial Markets As An Analyst",
                "total_exp": "15 Years"
            },
            {
                "managing_fund_since": "November 01, 2024",
                "name": "Gaurav Chopra",
                "qualification": "Equity Markets",
                "total_exp": "9 Years"
            }
        ],
        "load": {
            "entry_load": "NA",
            "exit_load": "1 if units are redeemed or switched out on or before completion of 15 days from the date of allotment. Nil thereafter."
        },
        "main_scheme_name": "Union VALUE FUND",
        "metrics": {
            "alpha": null,
            "arithmetic_mean_ratio": null,
            "average_div_yld": null,
            "average_pb": null,
            "average_pe": null,
            "avg_maturity": "28",
            "beta": "0.58",
            "correlation_ratio": null,
            "downside_deviation": null,
            "information_ratio": null,
            "macaulay": null,
            "mod_duration": null,
            "port_turnover_ratio": "0.90",
            "r_squared_ratio": null,
            "roe_ratio": null,
            "sharpe": "13.75",
            "sortino_ratio": null,
            "std_dev": "1.04",
            "tracking_error": null,
            "treynor_ratio": null,
            "upside_deviation": null,
            "ytm": null
        },
        "min_addl_amt": "",
        "min_addl_amt_multiple": "",
        "min_amt": "",
        "min_amt_multiple": "",
        "monthly_aaum_date": "30-04-2025",
        "monthly_aaum_value": "\u20b9 281.31 crore",
        "mutual_fund_name": "Union Mutual Fund",
        "page_number": [
            13
        ],
        "scheme_launch_date": "5 December 2018"
    },
    "Union LARGECAP FUND": {
        "amc_name": "Union Asset Management Company Private Limited",
        "benchmark_index": "BSE 100 Index (TRI)",
        "fund_manager": [
            {
                "managing_fund_since": "January 25, 2023",
                "name": "Vinod Malviya",
                "qualification": "Financial Markets As An Analyst",
                "total_exp": "15 Years"
            },
            {
                "managing_fund_since": "June 7, 2021",
                "name": "Sanjay Bembalkar",
                "qualification": "Field Of Equity Research And Fund Management",
                "total_exp": "17 Years"
            }
        ],
        "load": {
            "entry_load": "NA",
            "exit_load": "1 if units are redeemed or switched out on or before completion of 15 days from the date of allotment. Nil thereafter."
        },
        "main_scheme_name": "Union LARGECAP FUND",
        "metrics": {
            "alpha": null,
            "arithmetic_mean_ratio": null,
            "average_div_yld": null,
            "average_pb": null,
            "average_pe": null,
            "avg_maturity": "28",
            "beta": "0.91",
            "correlation_ratio": null,
            "downside_deviation": null,
            "information_ratio": null,
            "macaulay": null,
            "mod_duration": null,
            "port_turnover_ratio": "1.60",
            "r_squared_ratio": null,
            "roe_ratio": null,
            "sharpe": "0.23",
            "sortino_ratio": null,
            "std_dev": "12.84",
            "tracking_error": null,
            "treynor_ratio": null,
            "upside_deviation": null,
            "ytm": null
        },
        "min_addl_amt": "",
        "min_addl_amt_multiple": "",
        "min_amt": "",
        "min_amt_multiple": "",
        "monthly_aaum_date": "30-04-2025",
        "monthly_aaum_value": "\u20b9 416.31 crore",
        "mutual_fund_name": "Union Mutual Fund",
        "page_number": [
            14
        ],
        "scheme_launch_date": "11 May 2017"
    },
    "Union ACTIVE MOMENTUM FUND": {
        "amc_name": "Union Asset Management Company Private Limited",
        "benchmark_index": "Nifty 500 Index (TRI)",
        "fund_manager": [
            {
                "managing_fund_since": "Inception",
                "name": "Gaurav Chopra",
                "qualification": "Equity Markets",
                "total_exp": "9 Years"
            }
        ],
        "load": {
            "entry_load": "NA",
            "exit_load": "1 if redeemed or switched out on or before completion of 1 year from the date of allotment of units. Nil if redeemed or switched out after completion of 1 year from the date of allotment of units."
        },
        "main_scheme_name": "Union ACTIVE MOMENTUM FUND",
        "metrics": {
            "alpha": null,
            "arithmetic_mean_ratio": null,
            "average_div_yld": null,
            "average_pb": null,
            "average_pe": null,
            "avg_maturity": null,
            "beta": null,
            "correlation_ratio": null,
            "downside_deviation": null,
            "information_ratio": null,
            "macaulay": null,
            "mod_duration": null,
            "port_turnover_ratio": null,
            "r_squared_ratio": null,
            "roe_ratio": null,
            "sharpe": null,
            "sortino_ratio": null,
            "std_dev": null,
            "tracking_error": null,
            "treynor_ratio": null,
            "upside_deviation": null,
            "ytm": null
        },
        "min_addl_amt": "",
        "min_addl_amt_multiple": "",
        "min_amt": "",
        "min_amt_multiple": "",
        "monthly_aaum_date": "30-04-2025",
        "monthly_aaum_value": "\u20b9 381.49 crore",
        "mutual_fund_name": "Union Mutual Fund",
        "page_number": [
            15
        ],
        "scheme_launch_date": "19 December 2024"
    },
    "Union AGGRESSIVE HYBRID FUND": {
        "amc_name": "Union Asset Management Company Private Limited",
        "benchmark_index": "CRISIL Hybrid 3565 Aggressive Index (TRI)",
        "fund_manager": [
            {
                "managing_fund_since": "January 25, 2023",
                "name": "Sanjay Bembalkar",
                "qualification": "Field Of Equity Research And Fund Management",
                "total_exp": "17 Years"
            },
            {
                "managing_fund_since": "November 01, 2024",
                "name": "Vinod Malviya",
                "qualification": "Financial Markets As An Analyst",
                "total_exp": "15 Years"
            },
            {
                "managing_fund_since": "Inception",
                "name": "Parijat Agrawal",
                "qualification": "Fund Management",
                "total_exp": "28 Years"
            }
        ],
        "load": {
            "entry_load": "NA",
            "exit_load": "1 if units are redeemed or switched out on or before completion of 15 days from the date of allotment. Nil thereafter. Market Capitalisation as on Feb. 28, 2025 Large Cap 69.05 Mid Cap 17.76 Small Cap 13.19"
        },
        "main_scheme_name": "Union AGGRESSIVE HYBRID FUND",
        "metrics": {
            "alpha": null,
            "arithmetic_mean_ratio": null,
            "average_div_yld": null,
            "average_pb": null,
            "average_pe": null,
            "avg_maturity": "5.92 Years",
            "beta": "1.07",
            "correlation_ratio": null,
            "downside_deviation": null,
            "information_ratio": null,
            "macaulay": "4.39 Years",
            "mod_duration": "4.11 Years",
            "port_turnover_ratio": "0.88",
            "r_squared_ratio": null,
            "roe_ratio": null,
            "sharpe": "0.26",
            "sortino_ratio": null,
            "std_dev": "10.64",
            "tracking_error": null,
            "treynor_ratio": null,
            "upside_deviation": null,
            "ytm": "7.16"
        },
        "min_addl_amt": "",
        "min_addl_amt_multiple": "",
        "min_amt": "",
        "min_amt_multiple": "",
        "monthly_aaum_date": "30-04-2025",
        "monthly_aaum_value": "\u20b9 599.66 crore",
        "mutual_fund_name": "Union Mutual Fund",
        "page_number": [
            16
        ],
        "scheme_launch_date": "18 December 2020"
    },
    "Union MULTI ASSET ALLOCATION FUND": {
        "amc_name": "Union Asset Management Company Private Limited",
        "benchmark_index": "65 NIFTY 50 TRI  20 NIFTY Composite Debt Index  15 Domestic prices of Gold",
        "fund_manager": [
            {
                "managing_fund_since": "Inception",
                "name": "Sanjay Bembalkar",
                "qualification": "Field Of Equity Research And Fund Management",
                "total_exp": "17 Years"
            },
            {
                "managing_fund_since": "November 01, 2024",
                "name": "Vinod Malviya",
                "qualification": "Financial Markets As An Analyst",
                "total_exp": "15 Years"
            },
            {
                "managing_fund_since": "Inception",
                "name": "Anindya Sarkar",
                "qualification": "Financial Services Sector",
                "total_exp": "21 Years"
            }
        ],
        "load": {
            "entry_load": "NA",
            "exit_load": "1 if units are redeemedswitched out on or before completion of 15 days from the date of allotment. Nil if redeemed or switched out after completion of 15 days from the date of allotment of units. The AUM is inclusive of market value of the investments made by Union Gold ETF in Union Multi Asset Fund totalling to 27.71 crores. The AAUM is inclusive of market value of the investments made by Union Gold ETF Fund in Union Multi Asset Allocation Fund totalling to 17.31 crores on an average basis."
        },
        "main_scheme_name": "Union MULTI ASSET ALLOCATION FUND",
        "metrics": {
            "alpha": null,
            "arithmetic_mean_ratio": null,
            "average_div_yld": null,
            "average_pb": null,
            "average_pe": null,
            "avg_maturity": "6.76 Years",
            "beta": null,
            "correlation_ratio": null,
            "downside_deviation": null,
            "information_ratio": null,
            "macaulay": "4.77 Years",
            "mod_duration": "4.44 Years",
            "port_turnover_ratio": null,
            "r_squared_ratio": null,
            "roe_ratio": null,
            "sharpe": null,
            "sortino_ratio": null,
            "std_dev": null,
            "tracking_error": null,
            "treynor_ratio": null,
            "upside_deviation": null,
            "ytm": "6.98"
        },
        "min_addl_amt": "",
        "min_addl_amt_multiple": "",
        "min_amt": "",
        "min_amt_multiple": "",
        "monthly_aaum_date": "30-04-2025",
        "monthly_aaum_value": "\u20b9 819.10 crore",
        "mutual_fund_name": "Union Mutual Fund",
        "page_number": [
            17
        ],
        "scheme_launch_date": "10 September 2024"
    },
    "Union BALANCED ADVANTAGE FUND": {
        "amc_name": "Union Asset Management Company Private Limited",
        "benchmark_index": "NIFTY 50 Hybrid Composite Debt 5050 Index (TRI)",
        "fund_manager": [
            {
                "managing_fund_since": "January 25, 2023",
                "name": "Sanjay Bembalkar",
                "qualification": "Field Of Equity Research And Fund Management",
                "total_exp": "17 Years"
            },
            {
                "managing_fund_since": "November 01, 2024",
                "name": "Gaurav Chopra",
                "qualification": "Equity Markets",
                "total_exp": "9 Years"
            },
            {
                "managing_fund_since": "Inception",
                "name": "Parijat Agrawal",
                "qualification": "Fund Management",
                "total_exp": "28 Years"
            }
        ],
        "load": {
            "entry_load": "NA",
            "exit_load": "1 if units are redeemed or switched out on or before completion of 15 days from the date of allotment. Nil thereafter. Market Capitalisation as on Feb. 28, 2025 Large Cap 75.39 Mid Cap 16.63 Small Cap 7.98"
        },
        "main_scheme_name": "Union BALANCED ADVANTAGE FUND",
        "metrics": {
            "alpha": null,
            "arithmetic_mean_ratio": null,
            "average_div_yld": null,
            "average_pb": null,
            "average_pe": null,
            "avg_maturity": "4.24 Years",
            "beta": "0.88",
            "correlation_ratio": null,
            "downside_deviation": null,
            "information_ratio": null,
            "macaulay": "3.03 Years",
            "mod_duration": "2.85 Years",
            "port_turnover_ratio": "4.94",
            "r_squared_ratio": null,
            "roe_ratio": null,
            "sharpe": "0.16",
            "sortino_ratio": null,
            "std_dev": "6.76",
            "tracking_error": null,
            "treynor_ratio": null,
            "upside_deviation": null,
            "ytm": "6.73"
        },
        "min_addl_amt": "",
        "min_addl_amt_multiple": "",
        "min_amt": "",
        "min_amt_multiple": "",
        "monthly_aaum_date": "30-04-2025",
        "monthly_aaum_value": "\u20b9 1,359.28 crore",
        "mutual_fund_name": "Union Mutual Fund",
        "page_number": [
            18
        ],
        "scheme_launch_date": "29 December 2017"
    },
    "Union EQUITY SAVINGS FUND": {
        "amc_name": "Union Asset Management Company Private Limited",
        "benchmark_index": "CRISIL Equity Savings Index (TRI)",
        "fund_manager": [
            {
                "managing_fund_since": "January 25, 2023",
                "name": "Sanjay Bembalkar",
                "qualification": "Field Of Equity Research And Fund Management",
                "total_exp": "17 Years"
            },
            {
                "managing_fund_since": "November 01, 2024",
                "name": "Gaurav Chopra",
                "qualification": "Equity Markets",
                "total_exp": "9 Years"
            },
            {
                "managing_fund_since": "Inception",
                "name": "Parijat Agrawal",
                "qualification": "Fund Management",
                "total_exp": "28 Years"
            }
        ],
        "load": {
            "entry_load": "NA",
            "exit_load": "1 if units are redeemed or switched out on or before completion of 15 days from the date of allotment. Nil thereafter. Market Capitalisation as on Feb. 28, 2025 Large Cap 73.02 Mid Cap 14.83 Small Cap 12.15"
        },
        "main_scheme_name": "Union EQUITY SAVINGS FUND",
        "metrics": {
            "alpha": null,
            "arithmetic_mean_ratio": null,
            "average_div_yld": null,
            "average_pb": null,
            "average_pe": null,
            "avg_maturity": "1.38 Years",
            "beta": "0.88",
            "correlation_ratio": null,
            "downside_deviation": null,
            "information_ratio": null,
            "macaulay": "1.06 Years",
            "mod_duration": "0.99 Years",
            "port_turnover_ratio": "7.86",
            "r_squared_ratio": null,
            "roe_ratio": null,
            "sharpe": "0.02",
            "sortino_ratio": null,
            "std_dev": "4.39",
            "tracking_error": null,
            "treynor_ratio": null,
            "upside_deviation": null,
            "ytm": "6.64"
        },
        "min_addl_amt": "",
        "min_addl_amt_multiple": "",
        "min_amt": "",
        "min_amt_multiple": "",
        "monthly_aaum_date": "30-04-2025",
        "monthly_aaum_value": "\u20b9 133.50 crore",
        "mutual_fund_name": "Union Mutual Fund",
        "page_number": [
            19
        ],
        "scheme_launch_date": "9 August 2018"
    },
    "Union ARBITRAGE FUND": {
        "amc_name": "Union Asset Management Company Private Limited",
        "benchmark_index": "NIFTY 50 Arbitrage Index (TRI)",
        "fund_manager": [
            {
                "managing_fund_since": "Inception",
                "name": "",
                "qualification": "Equity  Derivative Dealing Functions",
                "total_exp": "14 Years"
            },
            {
                "managing_fund_since": "Inception",
                "name": "",
                "qualification": "Fund Management  Banking Industry",
                "total_exp": "24 Years"
            }
        ],
        "load": {
            "entry_load": "NA",
            "exit_load": "0.25 if units are redeemed or switched out on or before completion of 1 month from the date of allotment of units.   Nil if units are redeemed or switched out after completion of 1 month from the date of allotment of units."
        },
        "main_scheme_name": "Union ARBITRAGE FUND",
        "metrics": {
            "alpha": null,
            "arithmetic_mean_ratio": null,
            "average_div_yld": null,
            "average_pb": null,
            "average_pe": null,
            "avg_maturity": "0.08 Years",
            "beta": "0.78",
            "correlation_ratio": null,
            "downside_deviation": null,
            "information_ratio": null,
            "macaulay": "0.08 Years",
            "mod_duration": "0.08 Years",
            "port_turnover_ratio": "12.87",
            "r_squared_ratio": null,
            "roe_ratio": null,
            "sharpe": "-0.32",
            "sortino_ratio": null,
            "std_dev": "0.67",
            "tracking_error": null,
            "treynor_ratio": null,
            "upside_deviation": null,
            "ytm": "6.80"
        },
        "min_addl_amt": "",
        "min_addl_amt_multiple": "",
        "min_amt": "",
        "min_amt_multiple": "",
        "monthly_aaum_date": "30-04-2025",
        "monthly_aaum_value": "\u20b9 229.62 crore",
        "mutual_fund_name": "Union Mutual Fund",
        "page_number": [
            20
        ],
        "scheme_launch_date": "20 February 2019"
    },
    "Union GOLD ETF": {
        "amc_name": "Union Asset Management Company Private Limited",
        "benchmark_index": "Domestic Price of Physical Gold",
        "fund_manager": [],
        "load": {
            "entry_load": "NA",
            "exit_load": "Nil Tracking Error 2.74 As per actual methodology Annualised tracking error has been calculated using daily excess returns of the fund over its benchmark since inception"
        },
        "main_scheme_name": "Union GOLD ETF",
        "metrics": {
            "alpha": null,
            "arithmetic_mean_ratio": null,
            "average_div_yld": null,
            "average_pb": null,
            "average_pe": null,
            "avg_maturity": null,
            "beta": null,
            "correlation_ratio": null,
            "downside_deviation": null,
            "information_ratio": null,
            "macaulay": null,
            "mod_duration": null,
            "port_turnover_ratio": null,
            "r_squared_ratio": null,
            "roe_ratio": null,
            "sharpe": null,
            "sortino_ratio": null,
            "std_dev": null,
            "tracking_error": null,
            "treynor_ratio": null,
            "upside_deviation": null,
            "ytm": null
        },
        "min_addl_amt": "",
        "min_addl_amt_multiple": "",
        "min_amt": "",
        "min_amt_multiple": "",
        "monthly_aaum_date": "30-04-2025",
        "monthly_aaum_value": "\u20b9 21.57 crore",
        "mutual_fund_name": "Union Mutual Fund",
        "page_number": [
            21
        ],
        "scheme_launch_date": "18 February 2025"
    },
    "Union RETIREMENT FUND": {
        "amc_name": "Union Asset Management Company Private Limited",
        "benchmark_index": "BSE 500 Index (TRI)",
        "fund_manager": [
            {
                "managing_fund_since": "November 01, 2024",
                "name": "Pratik Dharmshi",
                "qualification": "Financial Markets As An Analyst",
                "total_exp": "14 Years"
            }
        ],
        "load": {
            "entry_load": "NA",
            "exit_load": "Nil"
        },
        "main_scheme_name": "Union RETIREMENT FUND",
        "metrics": {
            "alpha": null,
            "arithmetic_mean_ratio": null,
            "average_div_yld": null,
            "average_pb": null,
            "average_pe": null,
            "avg_maturity": null,
            "beta": null,
            "correlation_ratio": null,
            "downside_deviation": null,
            "information_ratio": null,
            "macaulay": null,
            "mod_duration": null,
            "port_turnover_ratio": "0.75 times",
            "r_squared_ratio": null,
            "roe_ratio": null,
            "sharpe": null,
            "sortino_ratio": null,
            "std_dev": null,
            "tracking_error": null,
            "treynor_ratio": null,
            "upside_deviation": null,
            "ytm": null
        },
        "min_addl_amt": "",
        "min_addl_amt_multiple": "",
        "min_amt": "",
        "min_amt_multiple": "",
        "monthly_aaum_date": "30-04-2025",
        "monthly_aaum_value": "\u20b9 148.78 crore",
        "mutual_fund_name": "Union Mutual Fund",
        "page_number": [
            22
        ],
        "scheme_launch_date": "22 September 2022"
    },
    "Union CHILDRENS FUND": {
        "amc_name": "Union Asset Management Company Private Limited",
        "benchmark_index": "BSE 500 Index (TRI)",
        "fund_manager": [
            {
                "managing_fund_since": "November 01, 2024",
                "name": "Gaurav Chopra",
                "qualification": "Equity Markets",
                "total_exp": "9 Years"
            },
            {
                "managing_fund_since": "November 01, 2024",
                "name": "Vinod Malviya",
                "qualification": "Financial Markets As An Analyst",
                "total_exp": "15 Years"
            },
            {
                "managing_fund_since": "Inception",
                "name": "Parijat Agrawal",
                "qualification": "Fund Management",
                "total_exp": "28 Years"
            }
        ],
        "load": {
            "entry_load": "NA",
            "exit_load": "Nil"
        },
        "main_scheme_name": "Union CHILDRENS FUND",
        "metrics": {
            "alpha": null,
            "arithmetic_mean_ratio": null,
            "average_div_yld": null,
            "average_pb": null,
            "average_pe": null,
            "avg_maturity": null,
            "beta": null,
            "correlation_ratio": null,
            "downside_deviation": null,
            "information_ratio": null,
            "macaulay": null,
            "mod_duration": null,
            "port_turnover_ratio": "1.01 times",
            "r_squared_ratio": null,
            "roe_ratio": null,
            "sharpe": null,
            "sortino_ratio": null,
            "std_dev": null,
            "tracking_error": null,
            "treynor_ratio": null,
            "upside_deviation": null,
            "ytm": null
        },
        "min_addl_amt": "",
        "min_addl_amt_multiple": "",
        "min_amt": "",
        "min_amt_multiple": "",
        "monthly_aaum_date": "30-04-2025",
        "monthly_aaum_value": "\u20b9 59.04 crore",
        "mutual_fund_name": "Union Mutual Fund",
        "page_number": [
            23
        ],
        "scheme_launch_date": "19 December 2023"
    },
    "Union CORPORATE BOND FUND": {
        "amc_name": "Union Asset Management Company Private Limited",
        "benchmark_index": "CRISIL Corporate Debt A-II Index",
        "fund_manager": [
            {
                "managing_fund_since": "November 1, 2018",
                "name": "Anindya Sarkar",
                "qualification": "Financial Services Sector",
                "total_exp": "21 Years"
            },
            {
                "managing_fund_since": "July 14, 2023",
                "name": "Shrenuj Parekh",
                "qualification": "Field Of Finance",
                "total_exp": "11 Years"
            },
            {
                "managing_fund_since": "Inception",
                "name": "Parijat Agrawal",
                "qualification": "Fund Management",
                "total_exp": "28 Years"
            }
        ],
        "load": {
            "entry_load": "NA",
            "exit_load": "1 if units are redeemed or switched out on or before completion of 15 days from the date of allotment. Nil thereafter."
        },
        "main_scheme_name": "Union CORPORATE BOND FUND",
        "metrics": {
            "alpha": null,
            "arithmetic_mean_ratio": null,
            "average_div_yld": null,
            "average_pb": null,
            "average_pe": null,
            "avg_maturity": "7.31",
            "beta": null,
            "correlation_ratio": null,
            "downside_deviation": null,
            "information_ratio": null,
            "macaulay": "4.03 Years",
            "mod_duration": "3.80 Years",
            "port_turnover_ratio": null,
            "r_squared_ratio": null,
            "roe_ratio": null,
            "sharpe": null,
            "sortino_ratio": null,
            "std_dev": null,
            "tracking_error": null,
            "treynor_ratio": null,
            "upside_deviation": null,
            "ytm": null
        },
        "min_addl_amt": "",
        "min_addl_amt_multiple": "",
        "min_amt": "",
        "min_amt_multiple": "",
        "monthly_aaum_date": "30-04-2025",
        "monthly_aaum_value": "\u20b9 330.26 crore",
        "mutual_fund_name": "Union Mutual Fund",
        "page_number": [
            24
        ],
        "scheme_launch_date": "25 May 2018"
    },
    "Union DYNAMIC BOND FUND": {
        "amc_name": "Union Asset Management Company Private Limited",
        "benchmark_index": "CRISIL Dynamic Bond A-III Index",
        "fund_manager": [
            {
                "managing_fund_since": "Inception",
                "name": "Parijat Agrawal",
                "qualification": "Fund Management",
                "total_exp": "28 Years"
            },
            {
                "managing_fund_since": "June 28, 2018",
                "name": "Devesh Thacker",
                "qualification": "Fund Management  Banking Industry",
                "total_exp": "24Years"
            }
        ],
        "load": {
            "entry_load": "NA",
            "exit_load": "1 if units are redeemed or switched out on or before completion of 15 days from the date of allotment. Nil thereafter."
        },
        "main_scheme_name": "Union DYNAMIC BOND FUND",
        "metrics": {
            "alpha": null,
            "arithmetic_mean_ratio": null,
            "average_div_yld": null,
            "average_pb": null,
            "average_pe": null,
            "avg_maturity": "6.99",
            "beta": null,
            "correlation_ratio": null,
            "downside_deviation": null,
            "information_ratio": null,
            "macaulay": "8.68 Years",
            "mod_duration": "8.36 Years",
            "port_turnover_ratio": null,
            "r_squared_ratio": null,
            "roe_ratio": null,
            "sharpe": null,
            "sortino_ratio": null,
            "std_dev": null,
            "tracking_error": null,
            "treynor_ratio": null,
            "upside_deviation": null,
            "ytm": null
        },
        "min_addl_amt": "",
        "min_addl_amt_multiple": "",
        "min_amt": "",
        "min_amt_multiple": "",
        "monthly_aaum_date": "30-04-2025",
        "monthly_aaum_value": "\u20b9 79.45 crore",
        "mutual_fund_name": "Union Mutual Fund",
        "page_number": [
            25
        ],
        "scheme_launch_date": "13 February 2012"
    },
    "Union GILT FUND": {
        "amc_name": "Union Asset Management Company Private Limited",
        "benchmark_index": "CRISIL Dynamic Gilt Index",
        "fund_manager": [
            {
                "managing_fund_since": "Inception",
                "name": "Parijat Agrawal",
                "qualification": "Fund Management",
                "total_exp": "28 Years"
            },
            {
                "managing_fund_since": "Inception",
                "name": "Anindya Sarkar",
                "qualification": "Financial Services Sector",
                "total_exp": "21 Years"
            }
        ],
        "load": {
            "entry_load": "NA",
            "exit_load": "NIL"
        },
        "main_scheme_name": "Union GILT FUND",
        "metrics": {
            "alpha": null,
            "arithmetic_mean_ratio": null,
            "average_div_yld": null,
            "average_pb": null,
            "average_pe": null,
            "avg_maturity": "7.02",
            "beta": null,
            "correlation_ratio": null,
            "downside_deviation": null,
            "information_ratio": null,
            "macaulay": "11.02 Years",
            "mod_duration": "10.64 Years",
            "port_turnover_ratio": null,
            "r_squared_ratio": null,
            "roe_ratio": null,
            "sharpe": null,
            "sortino_ratio": null,
            "std_dev": null,
            "tracking_error": null,
            "treynor_ratio": null,
            "upside_deviation": null,
            "ytm": null
        },
        "min_addl_amt": "",
        "min_addl_amt_multiple": "",
        "min_amt": "",
        "min_amt_multiple": "",
        "monthly_aaum_date": "30-04-2025",
        "monthly_aaum_value": "\u20b9 113.84 crore",
        "mutual_fund_name": "Union Mutual Fund",
        "page_number": [
            26
        ],
        "scheme_launch_date": "8 August 2022"
    },
    "Union SHORT DURATION FUND": {
        "amc_name": "Union Asset Management Company Private Limited",
        "benchmark_index": "CRISIL Short Duration Debt A-II Index",
        "fund_manager": [
            {
                "managing_fund_since": "Inception",
                "name": "Anindya Sarkar",
                "qualification": "Financial Services Sector",
                "total_exp": "21 Years"
            },
            {
                "managing_fund_since": "Inception",
                "name": "Shrenuj Parekh",
                "qualification": "Field Of Finance",
                "total_exp": "11 Years"
            }
        ],
        "load": {
            "entry_load": "NA",
            "exit_load": "1 if units are redeemed or switched out on or before completion of 15 days from the date of allotment.   Nil if redeemed or switched out after completion of 15 days from the date of allotment of units."
        },
        "main_scheme_name": "Union SHORT DURATION FUND",
        "metrics": {
            "alpha": null,
            "arithmetic_mean_ratio": null,
            "average_div_yld": null,
            "average_pb": null,
            "average_pe": null,
            "avg_maturity": "7.43",
            "beta": null,
            "correlation_ratio": null,
            "downside_deviation": null,
            "information_ratio": null,
            "macaulay": "2.86 Years",
            "mod_duration": "2.68 Years",
            "port_turnover_ratio": null,
            "r_squared_ratio": null,
            "roe_ratio": null,
            "sharpe": null,
            "sortino_ratio": null,
            "std_dev": null,
            "tracking_error": null,
            "treynor_ratio": null,
            "upside_deviation": null,
            "ytm": null
        },
        "min_addl_amt": "",
        "min_addl_amt_multiple": "",
        "min_amt": "",
        "min_amt_multiple": "",
        "monthly_aaum_date": "30-04-2025",
        "monthly_aaum_value": "\u20b9 514.81 crore",
        "mutual_fund_name": "Union Mutual Fund",
        "page_number": [
            27
        ],
        "scheme_launch_date": "31 January 2025"
    },
    "Union MONEY MARKET FUND": {
        "amc_name": "Union Asset Management Company Private Limited",
        "benchmark_index": "CRISIL Money Market A-I Index",
        "fund_manager": [
            {
                "managing_fund_since": "Inception",
                "name": "Devesh Thacker",
                "qualification": "Fund Management  Banking Industry",
                "total_exp": "24Years"
            },
            {
                "managing_fund_since": "Inception",
                "name": "Parijat Agrawal",
                "qualification": "Fund Management",
                "total_exp": "28 Years"
            }
        ],
        "load": {
            "entry_load": "NA",
            "exit_load": "Nil"
        },
        "main_scheme_name": "Union MONEY MARKET FUND",
        "metrics": {
            "alpha": null,
            "arithmetic_mean_ratio": null,
            "average_div_yld": null,
            "average_pb": null,
            "average_pe": null,
            "avg_maturity": "7.16",
            "beta": null,
            "correlation_ratio": null,
            "downside_deviation": null,
            "information_ratio": null,
            "macaulay": "97 Days",
            "mod_duration": "91 Days",
            "port_turnover_ratio": null,
            "r_squared_ratio": null,
            "roe_ratio": null,
            "sharpe": null,
            "sortino_ratio": null,
            "std_dev": null,
            "tracking_error": null,
            "treynor_ratio": null,
            "upside_deviation": null,
            "ytm": null
        },
        "min_addl_amt": "",
        "min_addl_amt_multiple": "",
        "min_amt": "",
        "min_amt_multiple": "",
        "monthly_aaum_date": "30-04-2025",
        "monthly_aaum_value": "\u20b9 184.77 crore",
        "mutual_fund_name": "Union Mutual Fund",
        "page_number": [
            28
        ],
        "scheme_launch_date": "26 August 2021"
    },
    "Union LIQUID FUND": {
        "amc_name": "Union Asset Management Company Private Limited",
        "benchmark_index": "CRISIL Liquid Debt A-I Index",
        "fund_manager": [
            {
                "managing_fund_since": "Inception",
                "name": "Devesh Thacker",
                "qualification": "Fund Management  Banking Industry",
                "total_exp": "24 Years"
            },
            {
                "managing_fund_since": "June 18, 2021",
                "name": "Parijat Agrawal",
                "qualification": "Fund Management",
                "total_exp": "28 Years"
            }
        ],
        "load": {
            "entry_load": "NA Exit Load Investor Exit",
            "exit_load": "as a upon  of redemption subscription proceeds Day 1 0.0070 Day 2 0.0065 Day 3 0.0060 Day 4 0.0055 Day 5 0.0050 Day 6 0.0045 Day 7 onwards 0.0000"
        },
        "main_scheme_name": "Union LIQUID FUND",
        "metrics": {
            "alpha": null,
            "arithmetic_mean_ratio": null,
            "average_div_yld": null,
            "average_pb": null,
            "average_pe": null,
            "avg_maturity": "7.15",
            "beta": null,
            "correlation_ratio": null,
            "downside_deviation": null,
            "information_ratio": null,
            "macaulay": "41 Days",
            "mod_duration": "38 Days",
            "port_turnover_ratio": null,
            "r_squared_ratio": null,
            "roe_ratio": null,
            "sharpe": null,
            "sortino_ratio": null,
            "std_dev": null,
            "tracking_error": null,
            "treynor_ratio": null,
            "upside_deviation": null,
            "ytm": "43"
        },
        "min_addl_amt": "",
        "min_addl_amt_multiple": "",
        "min_amt": "",
        "min_amt_multiple": "",
        "monthly_aaum_date": "30-04-2025",
        "monthly_aaum_value": "\u20b9 5,270.85 crore",
        "mutual_fund_name": "Union Mutual Fund",
        "page_number": [
            29
        ],
        "scheme_launch_date": "15 June 2011"
    },
    "Union OVERNIGHT FUND": {
        "amc_name": "Union Asset Management Company Private Limited",
        "benchmark_index": "CRISIL Liquid Overnight Index",
        "fund_manager": [
            {
                "managing_fund_since": "Inception",
                "name": "Tarun Singh",
                "qualification": "Fixed Income Dealing Function",
                "total_exp": "29 Years"
            },
            {
                "managing_fund_since": "Inception",
                "name": "Devesh Thacker",
                "qualification": "Fund Management  Banking Industry",
                "total_exp": "24 Years"
            }
        ],
        "load": {
            "entry_load": "NA",
            "exit_load": "Nil"
        },
        "main_scheme_name": "Union OVERNIGHT FUND",
        "metrics": {
            "alpha": null,
            "arithmetic_mean_ratio": null,
            "average_div_yld": null,
            "average_pb": null,
            "average_pe": null,
            "avg_maturity": null,
            "beta": null,
            "correlation_ratio": null,
            "downside_deviation": null,
            "information_ratio": null,
            "macaulay": null,
            "mod_duration": null,
            "port_turnover_ratio": null,
            "r_squared_ratio": null,
            "roe_ratio": null,
            "sharpe": null,
            "sortino_ratio": null,
            "std_dev": null,
            "tracking_error": null,
            "treynor_ratio": null,
            "upside_deviation": null,
            "ytm": null
        },
        "min_addl_amt": "",
        "min_addl_amt_multiple": "",
        "min_amt": "",
        "min_amt_multiple": "",
        "monthly_aaum_date": "30-04-2025",
        "monthly_aaum_value": "\u20b9 253.34 crore",
        "mutual_fund_name": "Union Mutual Fund",
        "page_number": [
            30
        ],
        "scheme_launch_date": "27 March 2019"
    }
}