{
    "ITI Multi Cap Fund": {
        "amc_name": "ITI Asset Management Limited",
        "benchmark_index": "Nifty 500 Multicap 502525 TRI",
        "fund_manager": [
            {
                "managing_fund_since": "08-Aug-22",
                "name": "Dhimant Shah",
                "qualification": "",
                "total_exp": "26 Years"
            },
            {
                "managing_fund_since": "01-Dec-22",
                "name": "Rohan Korde",
                "qualification": "",
                "total_exp": "17 Years"
            }
        ],
        "load": {
            "entry_load": "Nil",
            "exit_load": "1 if redeemed or switched out on or before completion of 3 months from the date of allotment of units Nil, if redeemed or switched out after completion of 3 months from the date of allotment of units."
        },
        "main_scheme_name": "ITI Multi Cap Fund",
        "metrics": {
            "alpha": null,
            "arithmetic_mean_ratio": null,
            "average_div_yld": null,
            "average_pb": "8.41",
            "average_pe": "27.42",
            "avg_maturity": null,
            "beta": "0.99",
            "correlation_ratio": null,
            "downside_deviation": null,
            "information_ratio": null,
            "macaulay": null,
            "mod_duration": null,
            "port_turnover_ratio": "0.99",
            "r_squared_ratio": null,
            "roe_ratio": null,
            "sharpe": "0.55",
            "sortino_ratio": null,
            "std_dev": "14.98",
            "tracking_error": null,
            "treynor_ratio": null,
            "upside_deviation": null,
            "ytm": null
        },
        "min_addl_amt": "",
        "min_addl_amt_multiple": "",
        "min_amt": "\u20b9 1,000",
        "min_amt_multiple": "\u20b9 1",
        "monthly_aaum_date": "30-04-2025",
        "monthly_aaum_value": "\u20b9 1,213.42",
        "mutual_fund_name": "ITI Mutual Fund",
        "page_number": [
            9
        ],
        "scheme_launch_date": "15-May-19"
    },
    "ITI Long Term Equity Fund": {
        "amc_name": "ITI Asset Management Limited",
        "benchmark_index": "Nifty 500 TRI",
        "fund_manager": [
            {
                "managing_fund_since": "04-Nov-24",
                "name": "Alok Ranjan",
                "qualification": "",
                "total_exp": "25 Years"
            },
            {
                "managing_fund_since": "01-Dec-22",
                "name": "Dhimant Shah",
                "qualification": "",
                "total_exp": "26 Years"
            }
        ],
        "load": {
            "entry_load": "Nil",
            "exit_load": "Nil"
        },
        "main_scheme_name": "ITI Long Term Equity Fund",
        "metrics": {
            "alpha": null,
            "arithmetic_mean_ratio": null,
            "average_div_yld": null,
            "average_pb": "6.09",
            "average_pe": "23.22",
            "avg_maturity": null,
            "beta": "1.01",
            "correlation_ratio": null,
            "downside_deviation": null,
            "information_ratio": null,
            "macaulay": null,
            "mod_duration": null,
            "port_turnover_ratio": "1.26",
            "r_squared_ratio": null,
            "roe_ratio": null,
            "sharpe": "0.56",
            "sortino_ratio": null,
            "std_dev": "15.01",
            "tracking_error": null,
            "treynor_ratio": null,
            "upside_deviation": null,
            "ytm": null
        },
        "min_addl_amt": "",
        "min_addl_amt_multiple": "",
        "min_amt": "\u20b9 500",
        "min_amt_multiple": "\u20b9 500",
        "monthly_aaum_date": "30-04-2025",
        "monthly_aaum_value": "\u20b9 363.87",
        "mutual_fund_name": "ITI Mutual Fund",
        "page_number": [
            10
        ],
        "scheme_launch_date": "18-Oct-19"
    },
    "ITI Large Cap Fund": {
        "amc_name": "ITI Asset Management Limited",
        "benchmark_index": "Nifty 100 TRI",
        "fund_manager": [
            {
                "managing_fund_since": "04-Nov-2024",
                "name": "Alok Ranjan",
                "qualification": "",
                "total_exp": "25 Years"
            },
            {
                "managing_fund_since": "29-April-2022",
                "name": "Rohan Korde",
                "qualification": "",
                "total_exp": "17 Years"
            }
        ],
        "load": {
            "entry_load": "Nil",
            "exit_load": "1 if redeemed or switched out on or before completion of 3 months from the date of allotment of unitsNil, if redeemed or switched out after completion of 3 months from the date of allotment of units."
        },
        "main_scheme_name": "ITI Large Cap Fund",
        "metrics": {
            "alpha": null,
            "arithmetic_mean_ratio": null,
            "average_div_yld": null,
            "average_pb": "6.09",
            "average_pe": "20.18",
            "avg_maturity": null,
            "beta": "1.01",
            "correlation_ratio": null,
            "downside_deviation": null,
            "information_ratio": null,
            "macaulay": null,
            "mod_duration": null,
            "port_turnover_ratio": "0.89",
            "r_squared_ratio": null,
            "roe_ratio": null,
            "sharpe": "0.20",
            "sortino_ratio": null,
            "std_dev": "14.42",
            "tracking_error": null,
            "treynor_ratio": null,
            "upside_deviation": null,
            "ytm": null
        },
        "min_addl_amt": "",
        "min_addl_amt_multiple": "",
        "min_amt": "\u20b9 5,000",
        "min_amt_multiple": "\u20b9 1",
        "monthly_aaum_date": "30-04-2025",
        "monthly_aaum_value": "\u20b9 414.34",
        "mutual_fund_name": "ITI Mutual Fund",
        "page_number": [
            11
        ],
        "scheme_launch_date": "24-Dec-20"
    },
    "ITI Mid Cap Fund": {
        "amc_name": "ITI Asset Management Limited",
        "benchmark_index": "Nifty Midcap 150 TRI",
        "fund_manager": [
            {
                "managing_fund_since": "29 April 2022",
                "name": "Rohan Korde",
                "qualification": "",
                "total_exp": "17 Years"
            },
            {
                "managing_fund_since": "01-Oct-2022",
                "name": "Dhimant Shah",
                "qualification": "",
                "total_exp": "26 Years"
            }
        ],
        "load": {
            "entry_load": "Nil",
            "exit_load": "If units are redeemed switched out within 12 months - 1. Nil hereafter"
        },
        "main_scheme_name": "ITI Mid Cap Fund",
        "metrics": {
            "alpha": null,
            "arithmetic_mean_ratio": null,
            "average_div_yld": null,
            "average_pb": "8.81",
            "average_pe": "30.30",
            "avg_maturity": null,
            "beta": "1.00",
            "correlation_ratio": null,
            "downside_deviation": null,
            "information_ratio": null,
            "macaulay": null,
            "mod_duration": null,
            "port_turnover_ratio": "1.32",
            "r_squared_ratio": null,
            "roe_ratio": null,
            "sharpe": "0.74",
            "sortino_ratio": null,
            "std_dev": "16.73",
            "tracking_error": null,
            "treynor_ratio": null,
            "upside_deviation": null,
            "ytm": null
        },
        "min_addl_amt": "",
        "min_addl_amt_multiple": "",
        "min_amt": "\u20b9 5,000",
        "min_amt_multiple": "\u20b9 1",
        "monthly_aaum_date": "30-04-2025",
        "monthly_aaum_value": "\u20b9 1,048.27",
        "mutual_fund_name": "ITI Mutual Fund",
        "page_number": [
            12
        ],
        "scheme_launch_date": "05-Mar-2021"
    },
    "ITI Small Cap Fund": {
        "amc_name": "ITI Asset Management Limited",
        "benchmark_index": "Nifty Smallcap 250 TRI",
        "fund_manager": [
            {
                "managing_fund_since": "08 August 2022",
                "name": "Dhimant Shah",
                "qualification": "",
                "total_exp": "26 Years"
            },
            {
                "managing_fund_since": "01 December  2022",
                "name": "Rohan Korde",
                "qualification": "",
                "total_exp": "17 Years"
            }
        ],
        "load": {
            "entry_load": "Nil",
            "exit_load": "If units are redeemed switched out within 12 months - 1. Nil"
        },
        "main_scheme_name": "ITI Small Cap Fund",
        "metrics": {
            "alpha": null,
            "arithmetic_mean_ratio": null,
            "average_div_yld": null,
            "average_pb": "7.74",
            "average_pe": "32.76",
            "avg_maturity": null,
            "beta": "0.93",
            "correlation_ratio": null,
            "downside_deviation": null,
            "information_ratio": null,
            "macaulay": null,
            "mod_duration": null,
            "port_turnover_ratio": "1.43",
            "r_squared_ratio": null,
            "roe_ratio": null,
            "sharpe": "0.79",
            "sortino_ratio": null,
            "std_dev": "17.58",
            "tracking_error": null,
            "treynor_ratio": null,
            "upside_deviation": null,
            "ytm": null
        },
        "min_addl_amt": "",
        "min_addl_amt_multiple": "",
        "min_amt": "\u20b9 5,000",
        "min_amt_multiple": "\u20b9 1",
        "monthly_aaum_date": "30-04-2025",
        "monthly_aaum_value": "\u20b9 2,157.93",
        "mutual_fund_name": "ITI Mutual Fund",
        "page_number": [
            13
        ],
        "scheme_launch_date": "17-Feb-20"
    },
    "ITI Value Fund": {
        "amc_name": "ITI Asset Management Limited",
        "benchmark_index": "Nifty 500 TRI",
        "fund_manager": [
            {
                "managing_fund_since": "14-Jun-21",
                "name": "Rohan Korde",
                "qualification": "",
                "total_exp": "17 Years"
            },
            {
                "managing_fund_since": "01 December 2022",
                "name": "Dhimant Shah",
                "qualification": "",
                "total_exp": "26 Years"
            }
        ],
        "load": {
            "entry_load": "Nil",
            "exit_load": "1 if redeemed or switched out on or before completion of 3 months from the date of allotment of units   Nil, if redeemed or switched out after completion of 3 months from the date of allotment of units."
        },
        "main_scheme_name": "ITI Value Fund",
        "metrics": {
            "alpha": null,
            "arithmetic_mean_ratio": null,
            "average_div_yld": null,
            "average_pb": "5.58",
            "average_pe": "23.04",
            "avg_maturity": null,
            "beta": "1.06",
            "correlation_ratio": null,
            "downside_deviation": null,
            "information_ratio": null,
            "macaulay": null,
            "mod_duration": null,
            "port_turnover_ratio": "1.36",
            "r_squared_ratio": null,
            "roe_ratio": null,
            "sharpe": "0.52",
            "sortino_ratio": null,
            "std_dev": "15.69",
            "tracking_error": null,
            "treynor_ratio": null,
            "upside_deviation": null,
            "ytm": null
        },
        "min_addl_amt": "",
        "min_addl_amt_multiple": "",
        "min_amt": "",
        "min_amt_multiple": "",
        "monthly_aaum_date": "30-04-2025",
        "monthly_aaum_value": "\u20b9 291.16",
        "mutual_fund_name": "ITI Mutual Fund",
        "page_number": [
            14
        ],
        "scheme_launch_date": "14-June-2021"
    },
    "ITI Pharma and Healthcare Fund": {
        "amc_name": "ITI Asset Management Limited",
        "benchmark_index": "Nifty Healthcare TRI",
        "fund_manager": [
            {
                "managing_fund_since": "08-Nov-21",
                "name": "Rohan Korde",
                "qualification": "",
                "total_exp": "17 Years"
            },
            {
                "managing_fund_since": "01 December  2022",
                "name": "Dhimant Shah",
                "qualification": "",
                "total_exp": "26 Years"
            }
        ],
        "load": {
            "entry_load": "Nil",
            "exit_load": "1 if redeemed or switched out on or before completion of 12 months from the date of allotment of units   Nil, if redeemed or switched out after completion of 12 months from the date of allotment of units."
        },
        "main_scheme_name": "ITI Pharma and Healthcare Fund",
        "metrics": {
            "alpha": null,
            "arithmetic_mean_ratio": null,
            "average_div_yld": null,
            "average_pb": "8.55",
            "average_pe": "41.47",
            "avg_maturity": null,
            "beta": "0.82",
            "correlation_ratio": null,
            "downside_deviation": null,
            "information_ratio": null,
            "macaulay": null,
            "mod_duration": null,
            "port_turnover_ratio": "0.66",
            "r_squared_ratio": null,
            "roe_ratio": null,
            "sharpe": "0.81",
            "sortino_ratio": null,
            "std_dev": "12.90",
            "tracking_error": null,
            "treynor_ratio": null,
            "upside_deviation": null,
            "ytm": null
        },
        "min_addl_amt": "",
        "min_addl_amt_multiple": "",
        "min_amt": "",
        "min_amt_multiple": "",
        "monthly_aaum_date": "30-04-2025",
        "monthly_aaum_value": "\u20b9 212.51",
        "mutual_fund_name": "ITI Mutual Fund",
        "page_number": [
            15
        ],
        "scheme_launch_date": "08-Nov-2021"
    },
    "ITI Flexi Cap Fund": {
        "amc_name": "ITI Asset Management Limited",
        "benchmark_index": "Nifty 500 TRI",
        "fund_manager": [
            {
                "managing_fund_since": "17-Feb-2023",
                "name": "Dhimant Shah",
                "qualification": "",
                "total_exp": "26 Years"
            },
            {
                "managing_fund_since": "17-Feb-2023",
                "name": "Rohan Korde",
                "qualification": "",
                "total_exp": "17 Years"
            }
        ],
        "load": {
            "entry_load": "Not Applicable",
            "exit_load": "1 if redeemed or switched out on or before completion of 12 months from the date of allotment of units    Nil, if redeemed or switched out after completion of 12 months from the date of allotment of units."
        },
        "main_scheme_name": "ITI Flexi Cap Fund",
        "metrics": {
            "alpha": null,
            "arithmetic_mean_ratio": null,
            "average_div_yld": null,
            "average_pb": "6.52",
            "average_pe": "26.54",
            "avg_maturity": null,
            "beta": null,
            "correlation_ratio": null,
            "downside_deviation": null,
            "information_ratio": null,
            "macaulay": null,
            "mod_duration": null,
            "port_turnover_ratio": "1.03",
            "r_squared_ratio": null,
            "roe_ratio": null,
            "sharpe": null,
            "sortino_ratio": null,
            "std_dev": null,
            "tracking_error": null,
            "treynor_ratio": null,
            "upside_deviation": null,
            "ytm": null
        },
        "min_addl_amt": "",
        "min_addl_amt_multiple": "",
        "min_amt": "",
        "min_amt_multiple": "",
        "monthly_aaum_date": "30-04-2025",
        "monthly_aaum_value": "\u20b9 1,122.72",
        "mutual_fund_name": "ITI Mutual Fund",
        "page_number": [
            17
        ],
        "scheme_launch_date": "17-Feb-23"
    },
    "ITI Focused Equity Fund": {
        "amc_name": "ITI Asset Management Limited",
        "benchmark_index": "Nifty 500 TRI",
        "fund_manager": [
            {
                "managing_fund_since": "19-June-2023",
                "name": "Dhimant Shah",
                "qualification": "",
                "total_exp": "26 Years"
            },
            {
                "managing_fund_since": "19-June-2023",
                "name": "Rohan Korde",
                "qualification": "",
                "total_exp": "17 Years"
            }
        ],
        "load": {
            "entry_load": "Not Applicable",
            "exit_load": "1 if redeemed or switched out on or before completion of 12 months from the date of allotment of units    Nil, if redeemed or switched out after completion of 12 months from the date of allotment of units."
        },
        "main_scheme_name": "ITI Focused Equity Fund",
        "metrics": {
            "alpha": null,
            "arithmetic_mean_ratio": null,
            "average_div_yld": null,
            "average_pb": "8.10",
            "average_pe": "26.90",
            "avg_maturity": null,
            "beta": null,
            "correlation_ratio": null,
            "downside_deviation": null,
            "information_ratio": null,
            "macaulay": null,
            "mod_duration": null,
            "port_turnover_ratio": "0.96",
            "r_squared_ratio": null,
            "roe_ratio": null,
            "sharpe": null,
            "sortino_ratio": null,
            "std_dev": null,
            "tracking_error": null,
            "treynor_ratio": null,
            "upside_deviation": null,
            "ytm": null
        },
        "min_addl_amt": "",
        "min_addl_amt_multiple": "",
        "min_amt": "",
        "min_amt_multiple": "",
        "monthly_aaum_date": "30-04-2025",
        "monthly_aaum_value": "\u20b9 467.26",
        "mutual_fund_name": "ITI Mutual Fund",
        "page_number": [
            18
        ],
        "scheme_launch_date": "19-June-23"
    },
    "ITI Large & Mid Cap Fund": {
        "amc_name": "ITI Asset Management Limited",
        "benchmark_index": "NIFTY Large Midcap 250 TRI Minimum  Application Rs. 5,000- and  in Amount multiples  of  Rs. 1- Load Structure Entry Load Nil Exit Load  0.50 if redeemed or switched out on or before completion of 3 months from the date of allotment of units  Nil, if redeemed or switched out after completion of 3 months from the date of allotment of units. No Entry  Exit Load shall be levied on units allotted on Reinvestment of Income Distri",
        "fund_manager": [
            {
                "managing_fund_since": "04-Nov-24",
                "name": "Alok Ranjan",
                "qualification": "",
                "total_exp": "25 Years"
            },
            {
                "managing_fund_since": "11-Sept-24",
                "name": "Rohan Korde",
                "qualification": "",
                "total_exp": "17 Years"
            }
        ],
        "load": {
            "entry_load": "Nil",
            "exit_load": "0.50 if redeemed or switched out on or before completion of 3 months from the date of allotment of units  Nil, if redeemed or switched out after completion of 3 months from the date of allotment of units. No Entry  Exit Load shall be levied on units allotted on Reinvestment of Income Distribution cum Capital Withdrawal Option. In respect of Systematic Transactions such as SIP, STP, SWP, Exit Load, if any, prevailing on the date of registration  enrolment for SIPSTPSWP shall be levied for all the opted installments. Redemption of units would be done on First in First out Basis (FIFO). The entire Exit Load, net of Goods  service tax, shall be credited to the Scheme"
        },
        "main_scheme_name": "ITI Large & Mid Cap Fund",
        "metrics": {
            "alpha": null,
            "arithmetic_mean_ratio": null,
            "average_div_yld": null,
            "average_pb": "7.76",
            "average_pe": "24.88",
            "avg_maturity": null,
            "beta": null,
            "correlation_ratio": null,
            "downside_deviation": null,
            "information_ratio": null,
            "macaulay": null,
            "mod_duration": null,
            "port_turnover_ratio": null,
            "r_squared_ratio": null,
            "roe_ratio": null,
            "sharpe": null,
            "sortino_ratio": null,
            "std_dev": null,
            "tracking_error": null,
            "treynor_ratio": null,
            "upside_deviation": null,
            "ytm": null
        },
        "min_addl_amt": "",
        "min_addl_amt_multiple": "",
        "min_amt": "",
        "min_amt_multiple": "",
        "monthly_aaum_date": "30-04-2025",
        "monthly_aaum_value": "\u20b9 758.84",
        "mutual_fund_name": "ITI Mutual Fund",
        "page_number": [
            19
        ],
        "scheme_launch_date": "Sept 11, 2024"
    },
    "ITI Balanced Advantage Fund": {
        "amc_name": "ITI Asset Management Limited",
        "benchmark_index": "Nifty 50 Hybrid Composite Debt 5050 Index",
        "fund_manager": [
            {
                "managing_fund_since": "15-Sep-23",
                "name": "Rajesh Bhatia",
                "qualification": "",
                "total_exp": "31 Years"
            },
            {
                "managing_fund_since": "14-Nov-24",
                "name": "Rohan Korde",
                "qualification": "",
                "total_exp": "17 Years"
            },
            {
                "managing_fund_since": "01-Feb-25",
                "name": "Laukik Bagwe",
                "qualification": "",
                "total_exp": "25 Years"
            },
            {
                "managing_fund_since": "17-Feb-25",
                "name": "Vasav Sahgal",
                "qualification": "",
                "total_exp": "7 Years"
            }
        ],
        "load": {
            "entry_load": "Nil",
            "exit_load": "10 of the units allotted may be redeemed without any exit load, on or before completion of 3 months from the date of allotment of units. Any redemption in excess of such limit in the first 3 months from the date of allotment shall be subject to the following exit load i. 1 if redeemed or switched out on or before completion of 3 months from the date of allotment of units ii. Nil, if redeemed or switched out after completion of 3 months from the date of allotment of units."
        },
        "main_scheme_name": "ITI Balanced Advantage Fund",
        "metrics": {
            "alpha": null,
            "arithmetic_mean_ratio": null,
            "average_div_yld": null,
            "average_pb": "2.79",
            "average_pe": "26.71",
            "avg_maturity": "0.21 Years",
            "beta": "1.02",
            "correlation_ratio": null,
            "downside_deviation": null,
            "information_ratio": null,
            "macaulay": "0.20 Years",
            "mod_duration": "0.19 Years",
            "port_turnover_ratio": "7.11",
            "r_squared_ratio": null,
            "roe_ratio": null,
            "sharpe": "0.15",
            "sortino_ratio": null,
            "std_dev": "8.17",
            "tracking_error": null,
            "treynor_ratio": null,
            "upside_deviation": null,
            "ytm": "6.55"
        },
        "min_addl_amt": "",
        "min_addl_amt_multiple": "",
        "min_amt": "\u20b9 5,000",
        "min_amt_multiple": "\u20b9 1",
        "monthly_aaum_date": "30-04-2025",
        "monthly_aaum_value": "\u20b9 374.83",
        "mutual_fund_name": "ITI Mutual Fund",
        "page_number": [
            20
        ],
        "scheme_launch_date": "31-Dec-19"
    },
    "ITI Arbitrage Fund": {
        "amc_name": "ITI Asset Management Limited",
        "benchmark_index": "Nifty 50 ArbitrageIndex",
        "fund_manager": [
            {
                "managing_fund_since": "01-Jan-24",
                "name": "Vikas Nathani",
                "qualification": "",
                "total_exp": "18 Years"
            },
            {
                "managing_fund_since": "15-Nov-24",
                "name": "Rohan Korde",
                "qualification": "",
                "total_exp": "17 Years"
            },
            {
                "managing_fund_since": "01-Feb-25",
                "name": "Laukik Bagwe",
                "qualification": "",
                "total_exp": "25 Years"
            }
        ],
        "load": {
            "entry_load": "Nil",
            "exit_load": "If the Units are redeemed  switched out on or before 30 days from the date of allotment - 0.25. If the Units are redeemed switched out after 30 days from the date of allotment - NIL"
        },
        "main_scheme_name": "ITI Arbitrage Fund",
        "metrics": {
            "alpha": null,
            "arithmetic_mean_ratio": null,
            "average_div_yld": null,
            "average_pb": null,
            "average_pe": null,
            "avg_maturity": null,
            "beta": "0.51",
            "correlation_ratio": null,
            "downside_deviation": null,
            "information_ratio": null,
            "macaulay": null,
            "mod_duration": null,
            "port_turnover_ratio": null,
            "r_squared_ratio": null,
            "roe_ratio": null,
            "sharpe": "-0.90",
            "sortino_ratio": null,
            "std_dev": "0.95",
            "tracking_error": null,
            "treynor_ratio": null,
            "upside_deviation": null,
            "ytm": null
        },
        "min_addl_amt": "",
        "min_addl_amt_multiple": "",
        "min_amt": "\u20b9 5,000",
        "min_amt_multiple": "\u20b9 1",
        "monthly_aaum_date": "30-04-2025",
        "monthly_aaum_value": "\u20b9 43.90",
        "mutual_fund_name": "ITI Mutual Fund",
        "page_number": [
            21
        ],
        "scheme_launch_date": "09-Sep-19"
    },
    "ITI Overnight Fund": {
        "amc_name": "ITI Asset Management Limited",
        "benchmark_index": "CRISIL Liquid Overnight  Index",
        "fund_manager": [
            {
                "managing_fund_since": "01-Feb-25",
                "name": "Laukik Bagwe",
                "qualification": "",
                "total_exp": "25 Years"
            }
        ],
        "load": {
            "entry_load": "Nil",
            "exit_load": "Nil"
        },
        "main_scheme_name": "ITI Overnight Fund",
        "metrics": {
            "alpha": null,
            "arithmetic_mean_ratio": null,
            "average_div_yld": null,
            "average_pb": null,
            "average_pe": null,
            "avg_maturity": "3 Days",
            "beta": null,
            "correlation_ratio": null,
            "downside_deviation": null,
            "information_ratio": null,
            "macaulay": "3 Days",
            "mod_duration": "3 Days",
            "port_turnover_ratio": null,
            "r_squared_ratio": null,
            "roe_ratio": null,
            "sharpe": null,
            "sortino_ratio": null,
            "std_dev": null,
            "tracking_error": null,
            "treynor_ratio": null,
            "upside_deviation": null,
            "ytm": "6.35"
        },
        "min_addl_amt": "",
        "min_addl_amt_multiple": "",
        "min_amt": "\u20b9 5,000",
        "min_amt_multiple": "\u20b9 1",
        "monthly_aaum_date": "30-04-2025",
        "monthly_aaum_value": "\u20b9 37.62",
        "mutual_fund_name": "ITI Mutual Fund",
        "page_number": [
            22
        ],
        "scheme_launch_date": "25-Oct-19"
    },
    "ITI Liquid Fund": {
        "amc_name": "ITI Asset Management Limited",
        "benchmark_index": "CRISIL Liquid Debt A-I Index",
        "fund_manager": [
            {
                "managing_fund_since": "01-Feb-25",
                "name": "Laukik Bagwe",
                "qualification": "",
                "total_exp": "25 Years"
            }
        ],
        "load": {
            "entry_load": "Nil",
            "exit_load": "Investor exit upon subscription Exit Load  Up to Day 1 0.0070 Day 2 0.0065 Day 3 0.0060 Day 4 0.0055 Day 5 0.0050 Day 6 0.0045 Day 7 onwards 0.0000"
        },
        "main_scheme_name": "ITI Liquid Fund",
        "metrics": {
            "alpha": null,
            "arithmetic_mean_ratio": null,
            "average_div_yld": null,
            "average_pb": null,
            "average_pe": null,
            "avg_maturity": "40 Days",
            "beta": null,
            "correlation_ratio": null,
            "downside_deviation": null,
            "information_ratio": null,
            "macaulay": "40 Days",
            "mod_duration": "40 Days",
            "port_turnover_ratio": null,
            "r_squared_ratio": null,
            "roe_ratio": null,
            "sharpe": null,
            "sortino_ratio": null,
            "std_dev": null,
            "tracking_error": null,
            "treynor_ratio": null,
            "upside_deviation": null,
            "ytm": "6.98"
        },
        "min_addl_amt": "",
        "min_addl_amt_multiple": "",
        "min_amt": "",
        "min_amt_multiple": "",
        "monthly_aaum_date": "30-04-2025",
        "monthly_aaum_value": "\u20b9 55.85",
        "mutual_fund_name": "ITI Mutual Fund",
        "page_number": [
            23
        ],
        "scheme_launch_date": "24-Apr-19"
    },
    "ITI Ultra Short Duration Fund": {
        "amc_name": "ITI Asset Management Limited",
        "benchmark_index": "CRISIL Ultra Short Duration Debt A-I Index",
        "fund_manager": [
            {
                "managing_fund_since": "01-Feb-25",
                "name": "Laukik Bagwe",
                "qualification": "",
                "total_exp": "25 Years"
            }
        ],
        "load": {
            "entry_load": "Nil",
            "exit_load": "Nil"
        },
        "main_scheme_name": "ITI Ultra Short Duration Fund",
        "metrics": {
            "alpha": null,
            "arithmetic_mean_ratio": null,
            "average_div_yld": null,
            "average_pb": null,
            "average_pe": null,
            "avg_maturity": "178 Days",
            "beta": null,
            "correlation_ratio": null,
            "downside_deviation": null,
            "information_ratio": null,
            "macaulay": "176 Days",
            "mod_duration": "169 Days",
            "port_turnover_ratio": null,
            "r_squared_ratio": null,
            "roe_ratio": null,
            "sharpe": null,
            "sortino_ratio": null,
            "std_dev": null,
            "tracking_error": null,
            "treynor_ratio": null,
            "upside_deviation": null,
            "ytm": "7.39"
        },
        "min_addl_amt": "",
        "min_addl_amt_multiple": "",
        "min_amt": "\u20b9 5,000",
        "min_amt_multiple": "\u20b9 1",
        "monthly_aaum_date": "30-04-2025",
        "monthly_aaum_value": "\u20b9 230.37",
        "mutual_fund_name": "ITI Mutual Fund",
        "page_number": [
            24
        ],
        "scheme_launch_date": "05-May-2021"
    },
    "ITI Banking & PSU Debt Fund": {
        "amc_name": "ITI Asset Management Limited",
        "benchmark_index": "CRISIL Banking and PSU Debt A-II Index",
        "fund_manager": [
            {
                "managing_fund_since": "01-Feb-25",
                "name": "Laukik Bagwe",
                "qualification": "",
                "total_exp": "25 Years"
            }
        ],
        "load": {
            "entry_load": "Nil",
            "exit_load": "Nil"
        },
        "main_scheme_name": "ITI Banking & PSU Debt Fund",
        "metrics": {
            "alpha": null,
            "arithmetic_mean_ratio": null,
            "average_div_yld": null,
            "average_pb": null,
            "average_pe": null,
            "avg_maturity": "2.26 Years",
            "beta": null,
            "correlation_ratio": null,
            "downside_deviation": null,
            "information_ratio": null,
            "macaulay": "1.81 Years",
            "mod_duration": "1.73 Years",
            "port_turnover_ratio": null,
            "r_squared_ratio": null,
            "roe_ratio": null,
            "sharpe": null,
            "sortino_ratio": null,
            "std_dev": null,
            "tracking_error": null,
            "treynor_ratio": null,
            "upside_deviation": null,
            "ytm": "7.16"
        },
        "min_addl_amt": "",
        "min_addl_amt_multiple": "",
        "min_amt": "\u20b9 5,000",
        "min_amt_multiple": "\u20b9 1",
        "monthly_aaum_date": "30-04-2025",
        "monthly_aaum_value": "\u20b9 30.58",
        "mutual_fund_name": "ITI Mutual Fund",
        "page_number": [
            25
        ],
        "scheme_launch_date": "22-Oct-20"
    },
    "ITI Dynamic Bond Fund": {
        "amc_name": "ITI Asset Management Limited",
        "benchmark_index": "CRISIL Dynamic Bond A-III Index",
        "fund_manager": [
            {
                "managing_fund_since": "01-Feb-25",
                "name": "Laukik Bagwe",
                "qualification": "",
                "total_exp": "25 Years"
            }
        ],
        "load": {
            "entry_load": "Nil",
            "exit_load": "Nil"
        },
        "main_scheme_name": "ITI Dynamic Bond Fund",
        "metrics": {
            "alpha": null,
            "arithmetic_mean_ratio": null,
            "average_div_yld": null,
            "average_pb": null,
            "average_pe": null,
            "avg_maturity": "6.76 Years",
            "beta": null,
            "correlation_ratio": null,
            "downside_deviation": null,
            "information_ratio": null,
            "macaulay": "4.94 Years",
            "mod_duration": "4.78 Years",
            "port_turnover_ratio": null,
            "r_squared_ratio": null,
            "roe_ratio": null,
            "sharpe": null,
            "sortino_ratio": null,
            "std_dev": null,
            "tracking_error": null,
            "treynor_ratio": null,
            "upside_deviation": null,
            "ytm": "5.85"
        },
        "min_addl_amt": "",
        "min_addl_amt_multiple": "",
        "min_amt": "\u20b9 5,000",
        "min_amt_multiple": "\u20b9 1",
        "monthly_aaum_date": "30-04-2025",
        "monthly_aaum_value": "\u20b9 46.60",
        "mutual_fund_name": "ITI Mutual Fund",
        "page_number": [
            26
        ],
        "scheme_launch_date": "14-Jul-21"
    }
}