{
    "Navi Niy 50 Index Fund": {
        "amc_name": "Navi Asset Management Company Limited",
        "benchmark_index": "niy 50 TRI",
        "fund_manager": [
            {
                "managing_fund_since": "February 13, 2025",
                "name": "Aditya Mulkiwas",
                "qualification": "",
                "total_exp": ""
            },
            {
                "managing_fund_since": "February 14, 2025",
                "name": "Ashutosh Shirwaikaris",
                "qualification": "",
                "total_exp": ""
            },
            {
                "managing_fund_since": "February 28, 2025",
                "name": "Ashutosh Shirwaikar",
                "qualification": "",
                "total_exp": ""
            }
        ],
        "load": {
            "entry_load": "",
            "exit_load": "NIL"
        },
        "main_scheme_name": "Navi Niy 50 Index Fund",
        "metrics": {
            "alpha": null,
            "arithmetic_mean_ratio": null,
            "average_div_yld": null,
            "average_pb": null,
            "average_pe": null,
            "avg_maturity": null,
            "beta": null,
            "correlation_ratio": null,
            "downside_deviation": null,
            "information_ratio": null,
            "macaulay": null,
            "mod_duration": null,
            "port_turnover_ratio": "0.19",
            "r_squared_ratio": null,
            "roe_ratio": null,
            "sharpe": null,
            "sortino_ratio": null,
            "std_dev": null,
            "tracking_error": "0.04",
            "treynor_ratio": null,
            "upside_deviation": null,
            "ytm": null
        },
        "min_addl_amt": "",
        "min_addl_amt_multiple": "",
        "min_amt": "\u20b9 100",
        "min_amt_multiple": "\u20b9 1",
        "monthly_aaum_date": "30-04-2025",
        "monthly_aaum_value": "\u20b9 2704.45",
        "mutual_fund_name": "Navi Mutual Fund",
        "page_number": [
            2
        ],
        "scheme_launch_date": "15 July, 2021"
    },
    "Navi US Total Stock Market Fund of Fund": {
        "amc_name": "Navi Asset Management Company Limited",
        "benchmark_index": "crsp US Total Market TRI",
        "fund_manager": [
            {
                "managing_fund_since": "February 13, 2025",
                "name": "Aditya Mulkiwas",
                "qualification": "",
                "total_exp": ""
            },
            {
                "managing_fund_since": "February 14, 2025",
                "name": "Ashutosh Shirwaikaris",
                "qualification": "",
                "total_exp": ""
            },
            {
                "managing_fund_since": "February 28, 2025",
                "name": "Ashutosh Shirwaikar",
                "qualification": "",
                "total_exp": ""
            }
        ],
        "load": {
            "entry_load": "",
            "exit_load": "NIL"
        },
        "main_scheme_name": "Navi US Total Stock Market Fund of Fund",
        "metrics": {
            "alpha": null,
            "arithmetic_mean_ratio": null,
            "average_div_yld": null,
            "average_pb": null,
            "average_pe": null,
            "avg_maturity": null,
            "beta": null,
            "correlation_ratio": null,
            "downside_deviation": null,
            "information_ratio": null,
            "macaulay": null,
            "mod_duration": null,
            "port_turnover_ratio": null,
            "r_squared_ratio": null,
            "roe_ratio": null,
            "sharpe": null,
            "sortino_ratio": null,
            "std_dev": null,
            "tracking_error": null,
            "treynor_ratio": null,
            "upside_deviation": null,
            "ytm": null
        },
        "min_addl_amt": "",
        "min_addl_amt_multiple": "",
        "min_amt": "\u20b9 100",
        "min_amt_multiple": "\u20b9 1",
        "monthly_aaum_date": "30-04-2025",
        "monthly_aaum_value": "\u20b9 984.59",
        "mutual_fund_name": "Navi Mutual Fund",
        "page_number": [
            4
        ],
        "scheme_launch_date": "24th February, 2022"
    },
    "Navi NASDAQ 100 Fund of Fund": {
        "amc_name": "Navi Asset Management Company Limited",
        "benchmark_index": "nasdaq 100 TRI",
        "fund_manager": [
            {
                "managing_fund_since": "February 13, 2025",
                "name": "Aditya Mulkiwas",
                "qualification": "",
                "total_exp": ""
            },
            {
                "managing_fund_since": "February 14, 2025",
                "name": "Ashutosh Shirwaikaris",
                "qualification": "",
                "total_exp": ""
            },
            {
                "managing_fund_since": "February 28, 2025",
                "name": "Ashutosh Shirwaikar",
                "qualification": "",
                "total_exp": ""
            }
        ],
        "load": {
            "entry_load": "",
            "exit_load": "NIL"
        },
        "main_scheme_name": "Navi NASDAQ 100 Fund of Fund",
        "metrics": {
            "alpha": null,
            "arithmetic_mean_ratio": null,
            "average_div_yld": null,
            "average_pb": null,
            "average_pe": null,
            "avg_maturity": null,
            "beta": null,
            "correlation_ratio": null,
            "downside_deviation": null,
            "information_ratio": null,
            "macaulay": null,
            "mod_duration": null,
            "port_turnover_ratio": null,
            "r_squared_ratio": null,
            "roe_ratio": null,
            "sharpe": null,
            "sortino_ratio": null,
            "std_dev": null,
            "tracking_error": null,
            "treynor_ratio": null,
            "upside_deviation": null,
            "ytm": null
        },
        "min_addl_amt": "",
        "min_addl_amt_multiple": "",
        "min_amt": "\u20b9 100",
        "min_amt_multiple": "\u20b9 1",
        "monthly_aaum_date": "30-04-2025",
        "monthly_aaum_value": "\u20b9 1069.43",
        "mutual_fund_name": "Navi Mutual Fund",
        "page_number": [
            5
        ],
        "scheme_launch_date": "23rd March, 2022"
    },
    "Navi Niy Next 50 Index Fund": {
        "amc_name": "Navi Asset Management Company Limited",
        "benchmark_index": "niy Next 50 TRI",
        "fund_manager": [
            {
                "managing_fund_since": "February 13, 2025",
                "name": "Aditya Mulkiwas",
                "qualification": "",
                "total_exp": ""
            },
            {
                "managing_fund_since": "February 14, 2025",
                "name": "Ashutosh Shirwaikaris",
                "qualification": "",
                "total_exp": ""
            },
            {
                "managing_fund_since": "February 28, 2025",
                "name": "Ashutosh Shirwaikar",
                "qualification": "",
                "total_exp": ""
            }
        ],
        "load": {
            "entry_load": "",
            "exit_load": "NIL"
        },
        "main_scheme_name": "Navi Niy Next 50 Index Fund",
        "metrics": {
            "alpha": null,
            "arithmetic_mean_ratio": null,
            "average_div_yld": null,
            "average_pb": null,
            "average_pe": null,
            "avg_maturity": null,
            "beta": null,
            "correlation_ratio": null,
            "downside_deviation": null,
            "information_ratio": null,
            "macaulay": null,
            "mod_duration": null,
            "port_turnover_ratio": "0.71",
            "r_squared_ratio": null,
            "roe_ratio": null,
            "sharpe": null,
            "sortino_ratio": null,
            "std_dev": null,
            "tracking_error": "0.43",
            "treynor_ratio": null,
            "upside_deviation": null,
            "ytm": null
        },
        "min_addl_amt": "",
        "min_addl_amt_multiple": "",
        "min_amt": "\u20b9 100",
        "min_amt_multiple": "\u20b9 1",
        "monthly_aaum_date": "30-04-2025",
        "monthly_aaum_value": "\u20b9 690.00",
        "mutual_fund_name": "Navi Mutual Fund",
        "page_number": [
            6
        ],
        "scheme_launch_date": "20th January, 2022"
    },
    "Navi Niy Bank Index Fund": {
        "amc_name": "Navi Asset Management Company Limited",
        "benchmark_index": "niy Bank TRI",
        "fund_manager": [
            {
                "managing_fund_since": "February 13, 2025",
                "name": "Aditya Mulkiwas",
                "qualification": "",
                "total_exp": ""
            },
            {
                "managing_fund_since": "February 14, 2025",
                "name": "Ashutosh Shirwaikaris",
                "qualification": "",
                "total_exp": ""
            },
            {
                "managing_fund_since": "February 28, 2025",
                "name": "Ashutosh Shirwaikar",
                "qualification": "",
                "total_exp": ""
            }
        ],
        "load": {
            "entry_load": "",
            "exit_load": "NIL"
        },
        "main_scheme_name": "Navi Niy Bank Index Fund",
        "metrics": {
            "alpha": null,
            "arithmetic_mean_ratio": null,
            "average_div_yld": null,
            "average_pb": null,
            "average_pe": null,
            "avg_maturity": null,
            "beta": null,
            "correlation_ratio": null,
            "downside_deviation": null,
            "information_ratio": null,
            "macaulay": null,
            "mod_duration": null,
            "port_turnover_ratio": "0.50",
            "r_squared_ratio": null,
            "roe_ratio": null,
            "sharpe": null,
            "sortino_ratio": null,
            "std_dev": null,
            "tracking_error": "0.07",
            "treynor_ratio": null,
            "upside_deviation": null,
            "ytm": null
        },
        "min_addl_amt": "",
        "min_addl_amt_multiple": "",
        "min_amt": "\u20b9 100",
        "min_amt_multiple": "\u20b9 1",
        "monthly_aaum_date": "30-04-2025",
        "monthly_aaum_value": "\u20b9 535.52",
        "mutual_fund_name": "Navi Mutual Fund",
        "page_number": [
            8
        ],
        "scheme_launch_date": "04th February, 2022"
    },
    "Navi Niy Midcap 150 Index Fund": {
        "amc_name": "Navi Asset Management Company Limited",
        "benchmark_index": "niy Midcap 150 TRI",
        "fund_manager": [
            {
                "managing_fund_since": "February 13, 2025",
                "name": "Aditya Mulkiwas",
                "qualification": "",
                "total_exp": ""
            },
            {
                "managing_fund_since": "February 14, 2025",
                "name": "Ashutosh Shirwaikaris",
                "qualification": "",
                "total_exp": ""
            },
            {
                "managing_fund_since": "February 28, 2025",
                "name": "Ashutosh Shirwaikar",
                "qualification": "",
                "total_exp": ""
            }
        ],
        "load": {
            "entry_load": "",
            "exit_load": "NIL"
        },
        "main_scheme_name": "Navi Niy Midcap 150 Index Fund",
        "metrics": {
            "alpha": null,
            "arithmetic_mean_ratio": null,
            "average_div_yld": null,
            "average_pb": null,
            "average_pe": null,
            "avg_maturity": null,
            "beta": null,
            "correlation_ratio": null,
            "downside_deviation": null,
            "information_ratio": null,
            "macaulay": null,
            "mod_duration": null,
            "port_turnover_ratio": "0.41",
            "r_squared_ratio": null,
            "roe_ratio": null,
            "sharpe": null,
            "sortino_ratio": null,
            "std_dev": null,
            "tracking_error": "0.24",
            "treynor_ratio": null,
            "upside_deviation": null,
            "ytm": null
        },
        "min_addl_amt": "",
        "min_addl_amt_multiple": "",
        "min_amt": "\u20b9 100",
        "min_amt_multiple": "\u20b9 1",
        "monthly_aaum_date": "30-04-2025",
        "monthly_aaum_value": "\u20b9 217.30",
        "mutual_fund_name": "Navi Mutual Fund",
        "page_number": [
            10
        ],
        "scheme_launch_date": "11th March, 2022"
    },
    "Navi Niy India Manufacturing Index Fund": {
        "amc_name": "Navi Asset Management Company Limited",
        "benchmark_index": "niy India Manufacturing TRI",
        "fund_manager": [
            {
                "managing_fund_since": "February 13, 2025",
                "name": "Aditya Mulkiwas",
                "qualification": "",
                "total_exp": ""
            },
            {
                "managing_fund_since": "February 14, 2025",
                "name": "Ashutosh Shirwaikaris",
                "qualification": "",
                "total_exp": ""
            },
            {
                "managing_fund_since": "February 28, 2025",
                "name": "Ashutosh Shirwaikar",
                "qualification": "",
                "total_exp": ""
            }
        ],
        "load": {
            "entry_load": "",
            "exit_load": "NIL"
        },
        "main_scheme_name": "Navi Niy India Manufacturing Index Fund",
        "metrics": {
            "alpha": null,
            "arithmetic_mean_ratio": null,
            "average_div_yld": null,
            "average_pb": null,
            "average_pe": null,
            "avg_maturity": null,
            "beta": null,
            "correlation_ratio": null,
            "downside_deviation": null,
            "information_ratio": null,
            "macaulay": null,
            "mod_duration": null,
            "port_turnover_ratio": "0.46",
            "r_squared_ratio": null,
            "roe_ratio": null,
            "sharpe": null,
            "sortino_ratio": null,
            "std_dev": null,
            "tracking_error": "0.24",
            "treynor_ratio": null,
            "upside_deviation": null,
            "ytm": null
        },
        "min_addl_amt": "",
        "min_addl_amt_multiple": "",
        "min_amt": "\u20b9 100",
        "min_amt_multiple": "\u20b9 1",
        "monthly_aaum_date": "30-04-2025",
        "monthly_aaum_value": "\u20b9 51.29",
        "mutual_fund_name": "Navi Mutual Fund",
        "page_number": [
            13
        ],
        "scheme_launch_date": "29th August, 2022"
    },
    "Navi Nifty India Manu In An open ended scheme replicating tracking Nifty India Period Navi Niy India Manufacturing Index Fund": {
        "amc_name": "Navi Asset Management Company Limited",
        "benchmark_index": "",
        "fund_manager": [],
        "load": {
            "entry_load": null,
            "exit_load": null
        },
        "main_scheme_name": "Navi Nifty India Manu In An open ended scheme replicating tracking Nifty India Period Navi Niy India Manufacturing Index Fund",
        "metrics": {
            "alpha": null,
            "arithmetic_mean_ratio": null,
            "average_div_yld": null,
            "average_pb": null,
            "average_pe": null,
            "avg_maturity": null,
            "beta": null,
            "correlation_ratio": null,
            "downside_deviation": null,
            "information_ratio": null,
            "macaulay": null,
            "mod_duration": null,
            "port_turnover_ratio": null,
            "r_squared_ratio": null,
            "roe_ratio": null,
            "sharpe": null,
            "sortino_ratio": null,
            "std_dev": null,
            "tracking_error": null,
            "treynor_ratio": null,
            "upside_deviation": null,
            "ytm": null
        },
        "min_addl_amt": "",
        "min_addl_amt_multiple": "",
        "min_amt": "",
        "min_amt_multiple": "",
        "monthly_aaum_date": "30-04-2025",
        "monthly_aaum_value": "",
        "mutual_fund_name": "Navi Mutual Fund",
        "page_number": [
            15
        ],
        "scheme_launch_date": ""
    },
    "Navi ELSS Tax Saver Niy 50 Index Fund": {
        "amc_name": "Navi Asset Management Company Limited",
        "benchmark_index": "niy 50 TRI",
        "fund_manager": [
            {
                "managing_fund_since": "February 13, 2025",
                "name": "Aditya Mulkiwas",
                "qualification": "",
                "total_exp": ""
            },
            {
                "managing_fund_since": "February 14, 2025",
                "name": "Ashutosh Shirwaikaris",
                "qualification": "",
                "total_exp": ""
            },
            {
                "managing_fund_since": "February 28, 2025",
                "name": "Ashutosh Shirwaikar",
                "qualification": "",
                "total_exp": ""
            }
        ],
        "load": {
            "entry_load": "",
            "exit_load": "NIL"
        },
        "main_scheme_name": "Navi ELSS Tax Saver Niy 50 Index Fund",
        "metrics": {
            "alpha": null,
            "arithmetic_mean_ratio": null,
            "average_div_yld": null,
            "average_pb": null,
            "average_pe": null,
            "avg_maturity": null,
            "beta": null,
            "correlation_ratio": null,
            "downside_deviation": null,
            "information_ratio": null,
            "macaulay": null,
            "mod_duration": null,
            "port_turnover_ratio": "0.06",
            "r_squared_ratio": null,
            "roe_ratio": null,
            "sharpe": null,
            "sortino_ratio": null,
            "std_dev": null,
            "tracking_error": "0.",
            "treynor_ratio": null,
            "upside_deviation": null,
            "ytm": null
        },
        "min_addl_amt": "",
        "min_addl_amt_multiple": "",
        "min_amt": "\u20b9 500",
        "min_amt_multiple": "\u20b9 500",
        "monthly_aaum_date": "30-04-2025",
        "monthly_aaum_value": "\u20b9 79.69",
        "mutual_fund_name": "Navi Mutual Fund",
        "page_number": [
            16
        ],
        "scheme_launch_date": "20th March, 2023"
    },
    "Navi BSE Sensex Index Fund": {
        "amc_name": "Navi Asset Management Company Limited",
        "benchmark_index": "bse SENSEX TRI",
        "fund_manager": [
            {
                "managing_fund_since": "February 13, 2025",
                "name": "Aditya Mulkiwas",
                "qualification": "",
                "total_exp": ""
            },
            {
                "managing_fund_since": "February 14, 2025",
                "name": "Ashutosh Shirwaikaris",
                "qualification": "",
                "total_exp": ""
            },
            {
                "managing_fund_since": "February 28, 2025",
                "name": "Ashutosh Shirwaikar",
                "qualification": "",
                "total_exp": ""
            }
        ],
        "load": {
            "entry_load": "",
            "exit_load": "NIL"
        },
        "main_scheme_name": "Navi BSE Sensex Index Fund",
        "metrics": {
            "alpha": null,
            "arithmetic_mean_ratio": null,
            "average_div_yld": null,
            "average_pb": null,
            "average_pe": null,
            "avg_maturity": null,
            "beta": null,
            "correlation_ratio": null,
            "downside_deviation": null,
            "information_ratio": null,
            "macaulay": null,
            "mod_duration": null,
            "port_turnover_ratio": "0.33",
            "r_squared_ratio": null,
            "roe_ratio": null,
            "sharpe": null,
            "sortino_ratio": null,
            "std_dev": null,
            "tracking_error": "0.13",
            "treynor_ratio": null,
            "upside_deviation": null,
            "ytm": null
        },
        "min_addl_amt": "",
        "min_addl_amt_multiple": "",
        "min_amt": "\u20b9 100",
        "min_amt_multiple": "\u20b9 1",
        "monthly_aaum_date": "30-04-2025",
        "monthly_aaum_value": "\u20b9 15.19",
        "mutual_fund_name": "Navi Mutual Fund",
        "page_number": [
            18
        ],
        "scheme_launch_date": "04th September, 2023"
    },
    "Navi Niy IT Index Fund": {
        "amc_name": "Navi Asset Management Company Limited",
        "benchmark_index": "niy IT TRI",
        "fund_manager": [
            {
                "managing_fund_since": "February 13, 2025",
                "name": "Aditya Mulkiwas",
                "qualification": "",
                "total_exp": ""
            },
            {
                "managing_fund_since": "February 14, 2025",
                "name": "Ashutosh Shirwaikaris",
                "qualification": "",
                "total_exp": ""
            },
            {
                "managing_fund_since": "February 28, 2025",
                "name": "Ashutosh Shirwaikar",
                "qualification": "",
                "total_exp": ""
            }
        ],
        "load": {
            "entry_load": "",
            "exit_load": "NIL"
        },
        "main_scheme_name": "Navi Niy IT Index Fund",
        "metrics": {
            "alpha": null,
            "arithmetic_mean_ratio": null,
            "average_div_yld": null,
            "average_pb": null,
            "average_pe": null,
            "avg_maturity": null,
            "beta": null,
            "correlation_ratio": null,
            "downside_deviation": null,
            "information_ratio": null,
            "macaulay": null,
            "mod_duration": null,
            "port_turnover_ratio": "0.76",
            "r_squared_ratio": null,
            "roe_ratio": null,
            "sharpe": null,
            "sortino_ratio": null,
            "std_dev": null,
            "tracking_error": "0.14",
            "treynor_ratio": null,
            "upside_deviation": null,
            "ytm": null
        },
        "min_addl_amt": "",
        "min_addl_amt_multiple": "",
        "min_amt": "\u20b9 100",
        "min_amt_multiple": "\u20b9 1",
        "monthly_aaum_date": "30-04-2025",
        "monthly_aaum_value": "\u20b9 14.97",
        "mutual_fund_name": "Navi Mutual Fund",
        "page_number": [
            20
        ],
        "scheme_launch_date": "11th March, 2024"
    },
    "Navi Nifty IT Inde N i NiIT I d F d Navi Niy IT Index Fund": {
        "amc_name": "Navi Asset Management Company Limited",
        "benchmark_index": "",
        "fund_manager": [],
        "load": {
            "entry_load": null,
            "exit_load": null
        },
        "main_scheme_name": "Navi Nifty IT Inde N i NiIT I d F d Navi Niy IT Index Fund",
        "metrics": {
            "alpha": null,
            "arithmetic_mean_ratio": null,
            "average_div_yld": null,
            "average_pb": null,
            "average_pe": null,
            "avg_maturity": null,
            "beta": null,
            "correlation_ratio": null,
            "downside_deviation": null,
            "information_ratio": null,
            "macaulay": null,
            "mod_duration": null,
            "port_turnover_ratio": null,
            "r_squared_ratio": null,
            "roe_ratio": null,
            "sharpe": null,
            "sortino_ratio": null,
            "std_dev": null,
            "tracking_error": null,
            "treynor_ratio": null,
            "upside_deviation": null,
            "ytm": null
        },
        "min_addl_amt": "",
        "min_addl_amt_multiple": "",
        "min_amt": "",
        "min_amt_multiple": "",
        "monthly_aaum_date": "30-04-2025",
        "monthly_aaum_value": "",
        "mutual_fund_name": "Navi Mutual Fund",
        "page_number": [
            21
        ],
        "scheme_launch_date": ""
    },
    "Navi Niy 500 Multicap 5025 Index Fund": {
        "amc_name": "Navi Asset Management Company Limited",
        "benchmark_index": "niy 500 Multicap 502525 TRI",
        "fund_manager": [
            {
                "managing_fund_since": "February 13, 2025",
                "name": "Aditya Mulkiwas",
                "qualification": "",
                "total_exp": ""
            },
            {
                "managing_fund_since": "February 14, 2025",
                "name": "Ashutosh Shirwaikaris",
                "qualification": "",
                "total_exp": ""
            },
            {
                "managing_fund_since": "February 28, 2025",
                "name": "Ashutosh Shirwaikar",
                "qualification": "",
                "total_exp": ""
            }
        ],
        "load": {
            "entry_load": "",
            "exit_load": "NIL"
        },
        "main_scheme_name": "Navi Niy 500 Multicap 5025 Index Fund",
        "metrics": {
            "alpha": null,
            "arithmetic_mean_ratio": null,
            "average_div_yld": null,
            "average_pb": null,
            "average_pe": null,
            "avg_maturity": null,
            "beta": null,
            "correlation_ratio": null,
            "downside_deviation": null,
            "information_ratio": null,
            "macaulay": null,
            "mod_duration": null,
            "port_turnover_ratio": "0.29",
            "r_squared_ratio": null,
            "roe_ratio": null,
            "sharpe": null,
            "sortino_ratio": null,
            "std_dev": null,
            "tracking_error": "0.24",
            "treynor_ratio": null,
            "upside_deviation": null,
            "ytm": null
        },
        "min_addl_amt": "",
        "min_addl_amt_multiple": "",
        "min_amt": "\u20b9 100",
        "min_amt_multiple": "\u20b9 1",
        "monthly_aaum_date": "30-04-2025",
        "monthly_aaum_value": "\u20b9 21.66",
        "mutual_fund_name": "Navi Mutual Fund",
        "page_number": [
            22
        ],
        "scheme_launch_date": "1st August 2024"
    },
    "Navi Flexi Cap Fund": {
        "amc_name": "Navi Asset Management Company Limited",
        "benchmark_index": "niy 500 TRI",
        "fund_manager": [
            {
                "managing_fund_since": "February 13, 2025",
                "name": "Aditya Mulkiwas",
                "qualification": "",
                "total_exp": ""
            },
            {
                "managing_fund_since": "February 28, 2025",
                "name": "Ashutosh Shirwaikar",
                "qualification": "",
                "total_exp": ""
            }
        ],
        "load": {
            "entry_load": "",
            "exit_load": "NIL"
        },
        "main_scheme_name": "Navi Flexi Cap Fund",
        "metrics": {
            "alpha": null,
            "arithmetic_mean_ratio": null,
            "average_div_yld": null,
            "average_pb": null,
            "average_pe": null,
            "avg_maturity": null,
            "beta": "0.9164",
            "correlation_ratio": null,
            "downside_deviation": null,
            "information_ratio": null,
            "macaulay": null,
            "mod_duration": null,
            "port_turnover_ratio": "0.75",
            "r_squared_ratio": null,
            "roe_ratio": null,
            "sharpe": "0.3703",
            "sortino_ratio": null,
            "std_dev": null,
            "stddev": "14.1029",
            "tracking_error": null,
            "treynor_ratio": null,
            "upside_deviation": null,
            "ytm": null
        },
        "min_addl_amt": "",
        "min_addl_amt_multiple": "",
        "min_amt": "\u20b9 100",
        "min_amt_multiple": "\u20b9 1",
        "monthly_aaum_date": "30-04-2025",
        "monthly_aaum_value": "\u20b9 239.88",
        "mutual_fund_name": "Navi Mutual Fund",
        "page_number": [
            33
        ],
        "scheme_launch_date": "9th July, 2018"
    },
    "Navi Large & Midcap Fund": {
        "amc_name": "Navi Asset Management Company Limited",
        "benchmark_index": "niy Large Midcap 250 TRI",
        "fund_manager": [
            {
                "managing_fund_since": "February 13, 2025",
                "name": "Aditya Mulkiwas",
                "qualification": "",
                "total_exp": ""
            },
            {
                "managing_fund_since": "February 14, 2025",
                "name": "Ashutosh Shirwaikaris",
                "qualification": "",
                "total_exp": ""
            },
            {
                "managing_fund_since": "February 28, 2025",
                "name": "Ashutosh Shirwaikar",
                "qualification": "",
                "total_exp": ""
            }
        ],
        "load": {
            "entry_load": "",
            "exit_load": "NIL"
        },
        "main_scheme_name": "Navi Large & Midcap Fund",
        "metrics": {
            "alpha": null,
            "arithmetic_mean_ratio": null,
            "average_div_yld": null,
            "average_pb": null,
            "average_pe": null,
            "avg_maturity": null,
            "beta": "0.9283",
            "correlation_ratio": null,
            "downside_deviation": null,
            "information_ratio": null,
            "macaulay": null,
            "mod_duration": null,
            "port_turnover_ratio": "0.78",
            "r_squared_ratio": null,
            "roe_ratio": null,
            "sharpe": "0.3605",
            "sortino_ratio": null,
            "std_dev": null,
            "stddev": "14.9458",
            "tracking_error": null,
            "treynor_ratio": null,
            "upside_deviation": null,
            "ytm": null
        },
        "min_addl_amt": "",
        "min_addl_amt_multiple": "",
        "min_amt": "\u20b9 100",
        "min_amt_multiple": "\u20b9 1",
        "monthly_aaum_date": "30-04-2025",
        "monthly_aaum_value": "\u20b9 293.05",
        "mutual_fund_name": "Navi Mutual Fund",
        "page_number": [
            35
        ],
        "scheme_launch_date": "07th December, 2015"
    },
    "Navi Aggressive Hybrid Fund": {
        "amc_name": "Navi Asset Management Company Limited",
        "benchmark_index": "",
        "fund_manager": [
            {
                "managing_fund_since": "February 13, 2025",
                "name": "Aditya Mulkiwas",
                "qualification": "",
                "total_exp": ""
            },
            {
                "managing_fund_since": "February 14, 2025",
                "name": "Ashutosh Shirwaikaris",
                "qualification": "",
                "total_exp": ""
            },
            {
                "managing_fund_since": "February 28, 2025",
                "name": "Ashutosh Shirwaikar",
                "qualification": "",
                "total_exp": ""
            },
            {
                "managing_fund_since": "1St February, 2024",
                "name": "Tanmay Sethiis",
                "qualification": "",
                "total_exp": ""
            }
        ],
        "load": {
            "entry_load": "",
            "exit_load": "NIL"
        },
        "main_scheme_name": "Navi Aggressive Hybrid Fund",
        "metrics": {
            "alpha": null,
            "arithmetic_mean_ratio": null,
            "average_div_yld": null,
            "average_pb": null,
            "average_pe": null,
            "avg_maturity": "0.50",
            "beta": "1.0518",
            "correlation_ratio": null,
            "downside_deviation": null,
            "information_ratio": null,
            "macaulay": "0.47",
            "mod_duration": null,
            "port_turnover_ratio": "0.69",
            "r_squared_ratio": null,
            "roe_ratio": null,
            "sharpe": "0.5276",
            "sortino_ratio": null,
            "std_dev": null,
            "stddev": "10.3132",
            "tracking_error": null,
            "treynor_ratio": null,
            "upside_deviation": null,
            "ytm": "8.28"
        },
        "min_addl_amt": "",
        "min_addl_amt_multiple": "",
        "min_amt": "\u20b9 100",
        "min_amt_multiple": "\u20b9 1",
        "monthly_aaum_date": "30-04-2025",
        "monthly_aaum_value": "\u20b9 115.98",
        "mutual_fund_name": "Navi Mutual Fund",
        "page_number": [
            37
        ],
        "scheme_launch_date": "30th April, 2018"
    },
    "Navi ELSS Tax Saver Fund": {
        "amc_name": "Navi Asset Management Company Limited",
        "benchmark_index": "niy 500 TRI",
        "fund_manager": [
            {
                "managing_fund_since": "February 13, 2025",
                "name": "Aditya Mulkiwas",
                "qualification": "",
                "total_exp": ""
            },
            {
                "managing_fund_since": "February 14, 2025",
                "name": "Ashutosh Shirwaikaris",
                "qualification": "",
                "total_exp": ""
            },
            {
                "managing_fund_since": "February 28, 2025",
                "name": "Ashutosh Shirwaikar",
                "qualification": "",
                "total_exp": ""
            }
        ],
        "load": {
            "entry_load": "",
            "exit_load": "NIL"
        },
        "main_scheme_name": "Navi ELSS Tax Saver Fund",
        "metrics": {
            "alpha": null,
            "arithmetic_mean_ratio": null,
            "average_div_yld": null,
            "average_pb": null,
            "average_pe": null,
            "avg_maturity": null,
            "beta": "0.8969",
            "correlation_ratio": null,
            "downside_deviation": null,
            "information_ratio": null,
            "macaulay": null,
            "mod_duration": null,
            "port_turnover_ratio": "0.34",
            "r_squared_ratio": null,
            "roe_ratio": null,
            "sharpe": "0.3612",
            "sortino_ratio": null,
            "std_dev": null,
            "stddev": "13.8037",
            "tracking_error": null,
            "treynor_ratio": null,
            "upside_deviation": null,
            "ytm": null
        },
        "min_addl_amt": "",
        "min_addl_amt_multiple": "",
        "min_amt": "\u20b9 500",
        "min_amt_multiple": "\u20b9 500",
        "monthly_aaum_date": "30-04-2025",
        "monthly_aaum_value": "\u20b9 56.02",
        "mutual_fund_name": "Navi Mutual Fund",
        "page_number": [
            39
        ],
        "scheme_launch_date": "30th December, 2015"
    },
    "Navi Liquid Fund": {
        "amc_name": "Navi Asset Management Company Limited",
        "benchmark_index": "",
        "fund_manager": [
            {
                "managing_fund_since": "1St February, 2024",
                "name": "Tanmay Sethiis",
                "qualification": "",
                "total_exp": ""
            }
        ],
        "load": {
            "entry_load": "",
            "exit_load": "Investment period i.e Exit Load as a  of no of days from date of Redemption subscription NAV Proceeds 1 Day 0.0070 2 Days 0.0065 3 Days 0.0060 4 Days 0.0055 5 Days 0.0050 6 Days 0.0045 7 Days or more NIL"
        },
        "main_scheme_name": "Navi Liquid Fund",
        "metrics": {
            "alpha": null,
            "arithmetic_mean_ratio": null,
            "average_div_yld": null,
            "average_pb": null,
            "average_pe": null,
            "avg_maturity": "0.12",
            "beta": "0.7657",
            "correlation_ratio": null,
            "downside_deviation": null,
            "information_ratio": null,
            "macaulay": "0.11",
            "mod_duration": null,
            "port_turnover_ratio": null,
            "r_squared_ratio": null,
            "roe_ratio": null,
            "sharpe": null,
            "sortino_ratio": null,
            "std_dev": null,
            "stddev": "0.2514",
            "tracking_error": null,
            "treynor_ratio": null,
            "upside_deviation": null,
            "ytm": "7.12"
        },
        "min_addl_amt": "",
        "min_addl_amt_multiple": "",
        "min_amt": "",
        "min_amt_multiple": "",
        "monthly_aaum_date": "30-04-2025",
        "monthly_aaum_value": "\u20b9 68.36",
        "mutual_fund_name": "Navi Mutual Fund",
        "page_number": [
            41
        ],
        "scheme_launch_date": "19th Feb, 2010"
    }
}