{
    "Motilal Oswal Large Cap Fund": {
        "amc_name": "Motilal Oswal Asset Management Company Limited",
        "benchmark_index": "NIFTY 100 TRI",
        "fund_manager": [
            {
                "managing_fund_since": "06-Feb-2024",
                "name": "Ajay Khandelwal",
                "qualification": "",
                "total_exp": "18 Years"
            },
            {
                "managing_fund_since": "06-Feb-2024",
                "name": "Niket Shah",
                "qualification": "",
                "total_exp": "15 Years"
            },
            {
                "managing_fund_since": "06-Feb-2024",
                "name": "Atul Mehra",
                "qualification": "",
                "total_exp": "15 Years"
            },
            {
                "managing_fund_since": "06-Feb-2024",
                "name": "Rakesh Shetty",
                "qualification": "",
                "total_exp": "14 Years"
            }
        ],
        "load": {
            "entry_load": "Nil",
            "exit_load": "Entry Load Nil Exit Load 1 - If redeemed on or before 365 days from the date of allotment. Nil - If redeemed after 365 days from the date of allotment. Exit Load will be applicable on switch amongst the Schemes of MOMF. No Load shall be imposed for switching between Options within the Scheme. Further, it is clarified that there will be no exit load charged on a switch-out amongst the plans within the same scheme."
        },
        "main_scheme_name": "Motilal Oswal Large Cap Fund",
        "metrics": {
            "alpha": null,
            "arithmetic_mean_ratio": null,
            "average_div_yld": null,
            "average_pb": null,
            "average_pe": null,
            "avg_maturity": null,
            "beta": "1.0",
            "correlation_ratio": null,
            "downside_deviation": null,
            "information_ratio": null,
            "macaulay": null,
            "mod_duration": null,
            "port_turnover_ratio": "0.61",
            "r_squared_ratio": null,
            "roe_ratio": null,
            "sharpe": null,
            "sortino_ratio": null,
            "std_dev": "13.5",
            "tracking_error": null,
            "treynor_ratio": null,
            "upside_deviation": null,
            "ytm": null
        },
        "min_addl_amt": "\u20b9 500",
        "min_addl_amt_multiple": "\u20b9 1",
        "min_amt": "\u20b9 500",
        "min_amt_multiple": "\u20b9 1",
        "monthly_aaum_date": "30-04-2025",
        "monthly_aaum_value": "\u20b9 1,700.52 ( cr)",
        "mutual_fund_name": "Motilal Oswal Mutual Fund",
        "page_number": [
            4
        ],
        "scheme_launch_date": "6-February-2024"
    },
    "Motilal Oswal Large and Midcap Fund": {
        "amc_name": "Motilal Oswal Asset Management Company Limited",
        "benchmark_index": "NIFTY Large Midcap 250 TRI",
        "fund_manager": [
            {
                "managing_fund_since": "11-Dec-2023",
                "name": "Ajay Khandelwal",
                "qualification": "",
                "total_exp": "18 Years"
            },
            {
                "managing_fund_since": "01-Oct-2024",
                "name": "Atul Mehra",
                "qualification": "",
                "total_exp": "15 Years"
            },
            {
                "managing_fund_since": "22-Nov-2022",
                "name": "Rakesh Shetty",
                "qualification": "",
                "total_exp": "14 Years"
            }
        ],
        "load": {
            "entry_load": "Nil",
            "exit_load": "Entry Load Nil Exit Load 1 - If redeemed on or before 365 days from the date of allotment. Nil - If redeemed after 365 days from the date of allotment. Exit Load will be applicable on switch amongst the Schemes of MOMF. No Load shall be imposed for switching between Options within the Scheme. Further, it is clarified that there will be no exit load charged on a switch-out amongst the plans within the same scheme."
        },
        "main_scheme_name": "Motilal Oswal Large and Midcap Fund",
        "metrics": {
            "alpha": null,
            "arithmetic_mean_ratio": null,
            "average_div_yld": null,
            "average_pb": null,
            "average_pe": null,
            "avg_maturity": null,
            "beta": "1.0",
            "correlation_ratio": null,
            "downside_deviation": null,
            "information_ratio": "0.47",
            "macaulay": null,
            "mod_duration": null,
            "port_turnover_ratio": "0.35",
            "r_squared_ratio": null,
            "roe_ratio": null,
            "sharpe": "0.7",
            "sortino_ratio": null,
            "std_dev": "17.7",
            "tracking_error": null,
            "treynor_ratio": null,
            "upside_deviation": null,
            "ytm": null
        },
        "min_addl_amt": "\u20b9 500",
        "min_addl_amt_multiple": "\u20b9 1",
        "min_amt": "\u20b9 500",
        "min_amt_multiple": "\u20b9 1",
        "monthly_aaum_date": "30-04-2025",
        "monthly_aaum_value": "\u20b9 8,184.70 ( cr)",
        "mutual_fund_name": "Motilal Oswal Mutual Fund",
        "page_number": [
            5
        ],
        "scheme_launch_date": "17-October-2019"
    },
    "Motilal Oswal Flexi Cap Fund": {
        "amc_name": "Motilal Oswal Asset Management Company Limited",
        "benchmark_index": "Flexi Cap FundNifty 500 TRI",
        "fund_manager": [
            {
                "managing_fund_since": "01-July-2022",
                "name": "Niket Shah",
                "qualification": "",
                "total_exp": "15 Years"
            },
            {
                "managing_fund_since": "01-Oct-2024",
                "name": "Ajay Khandelwal",
                "qualification": "",
                "total_exp": "18 Years"
            },
            {
                "managing_fund_since": "01-Oct-2024",
                "name": "Atul Mehra",
                "qualification": "",
                "total_exp": "15 Years"
            },
            {
                "managing_fund_since": "22-Nov-2022",
                "name": "Rakesh Shetty",
                "qualification": "",
                "total_exp": "14 Years"
            }
        ],
        "load": {
            "entry_load": "Nil",
            "exit_load": "Entry Load Nil Exit Load 1 - If redeemed on or before 365 days from the date of allotment. Nil - If redeemed after 365 days from the date of allotment. Exit Load will be applicable on switch amongst the Schemes of MOMF. No Load shall be imposed for switching between Options within the Scheme. Further, it is clarified that there will be no exit load charged on a switch-out amongst the plans within the same scheme."
        },
        "main_scheme_name": "Motilal Oswal Flexi Cap Fund",
        "metrics": {
            "alpha": null,
            "arithmetic_mean_ratio": null,
            "average_div_yld": null,
            "average_pb": null,
            "average_pe": null,
            "avg_maturity": null,
            "beta": "0.9",
            "correlation_ratio": null,
            "downside_deviation": null,
            "information_ratio": "0.77",
            "macaulay": null,
            "mod_duration": null,
            "port_turnover_ratio": "1.49",
            "r_squared_ratio": null,
            "roe_ratio": null,
            "sharpe": "0.8",
            "sortino_ratio": null,
            "std_dev": "15.6",
            "tracking_error": null,
            "treynor_ratio": null,
            "upside_deviation": null,
            "ytm": null
        },
        "min_addl_amt": "\u20b9 500",
        "min_addl_amt_multiple": "\u20b9 1",
        "min_amt": "\u20b9 500",
        "min_amt_multiple": "\u20b9 1",
        "monthly_aaum_date": "30-04-2025",
        "monthly_aaum_value": "\u20b9 11,707.76 ( cr)",
        "mutual_fund_name": "Motilal Oswal Mutual Fund",
        "page_number": [
            6
        ],
        "scheme_launch_date": "28-Apr-2014"
    },
    "Motilal Oswal Multi Cap Fund": {
        "amc_name": "Motilal Oswal Asset Management Company Limited",
        "benchmark_index": "Nifty 500 Multicap 502525 Index TR",
        "fund_manager": [
            {
                "managing_fund_since": "18-June-2024",
                "name": "Niket Shah",
                "qualification": "",
                "total_exp": "15 Years"
            },
            {
                "managing_fund_since": "18-June-2024",
                "name": "Ajay Khandelwal",
                "qualification": "",
                "total_exp": "18 Years"
            },
            {
                "managing_fund_since": "18-June-2024",
                "name": "Atul Mehra",
                "qualification": "",
                "total_exp": "15 Years"
            },
            {
                "managing_fund_since": "18-June-2024",
                "name": "Rakesh Shetty",
                "qualification": "",
                "total_exp": "14 Years"
            }
        ],
        "load": {
            "entry_load": "Nil",
            "exit_load": "Entry Load Nil Exit Load 1 - If redeemed on or before 365 days from the date of allotment. Nil - If redeemed after 365 days from the date of allotment. Exit Load will be applicable on switch amongst the Schemes of MOMF. No Load shall be imposed for switching between Options within the Scheme. Further, it is clarified that there will be no exit load charged on a switch-out amongst the plans within the same scheme."
        },
        "main_scheme_name": "Motilal Oswal Multi Cap Fund",
        "metrics": {
            "alpha": null,
            "arithmetic_mean_ratio": null,
            "average_div_yld": null,
            "average_pb": null,
            "average_pe": null,
            "avg_maturity": null,
            "beta": null,
            "correlation_ratio": null,
            "downside_deviation": null,
            "information_ratio": null,
            "macaulay": null,
            "mod_duration": null,
            "port_turnover_ratio": "1.71",
            "r_squared_ratio": null,
            "roe_ratio": null,
            "sharpe": null,
            "sortino_ratio": null,
            "std_dev": null,
            "tracking_error": null,
            "treynor_ratio": null,
            "upside_deviation": null,
            "ytm": null
        },
        "min_addl_amt": "\u20b9 500",
        "min_addl_amt_multiple": "\u20b9 1",
        "min_amt": "\u20b9 500",
        "min_amt_multiple": "\u20b9 1",
        "monthly_aaum_date": "30-04-2025",
        "monthly_aaum_value": "\u20b9 3,172.57 ( cr)",
        "mutual_fund_name": "Motilal Oswal Mutual Fund",
        "page_number": [
            7
        ],
        "scheme_launch_date": "18-June-2024"
    },
    "Motilal Oswal Midcap Fund": {
        "amc_name": "Motilal Oswal Asset Management Company Limited",
        "benchmark_index": "Midcap Fund NIFTY Midcap 150 TRI",
        "fund_manager": [
            {
                "managing_fund_since": "01-July-2020",
                "name": "Niket Shah",
                "qualification": "",
                "total_exp": "15 Years"
            },
            {
                "managing_fund_since": "01-Oct-2024",
                "name": "Ajay Khandelwal",
                "qualification": "",
                "total_exp": "18 Years"
            },
            {
                "managing_fund_since": "22-Nov-2022",
                "name": "Rakesh Shetty",
                "qualification": "",
                "total_exp": "14 Years"
            }
        ],
        "load": {
            "entry_load": "Nil",
            "exit_load": "Entry Load Nil Exit Load 1 - If redeemed on or before 365 days from the date of allotment. Nil - If redeemed after 365 days from the date of allotment. Exit Load will be applicable on switch amongst the Schemes of MOMF. No Load shall be imposed for switching between Options within the Scheme. Further, it is clarified that there will be no exit load charged on a switch-out amongst the plans within the same scheme."
        },
        "main_scheme_name": "Motilal Oswal Midcap Fund",
        "metrics": {
            "alpha": null,
            "arithmetic_mean_ratio": null,
            "average_div_yld": null,
            "average_pb": null,
            "average_pe": null,
            "avg_maturity": null,
            "beta": "0.9",
            "correlation_ratio": null,
            "downside_deviation": null,
            "information_ratio": "0.84",
            "macaulay": null,
            "mod_duration": null,
            "port_turnover_ratio": "1.71",
            "r_squared_ratio": null,
            "roe_ratio": null,
            "sharpe": "1.1",
            "sortino_ratio": null,
            "std_dev": "18.5",
            "tracking_error": null,
            "treynor_ratio": null,
            "upside_deviation": null,
            "ytm": null
        },
        "min_addl_amt": "",
        "min_addl_amt_multiple": "",
        "min_amt": "\u20b9 500",
        "min_amt_multiple": "\u20b9 1",
        "monthly_aaum_date": "30-04-2025",
        "monthly_aaum_value": "\u20b9 24,531.65 (cr)",
        "mutual_fund_name": "Motilal Oswal Mutual Fund",
        "page_number": [
            8
        ],
        "scheme_launch_date": "24-Feb-2014"
    },
    "Motilal Oswal Small Cap Fund": {
        "amc_name": "Motilal Oswal Asset Management Company Limited",
        "benchmark_index": "Nifty Smallcap 250 TRI",
        "fund_manager": [
            {
                "managing_fund_since": "26-Dec-2023",
                "name": "Ajay Khandelwal",
                "qualification": "",
                "total_exp": "18 Years"
            },
            {
                "managing_fund_since": "26-Dec-2023",
                "name": "Niket Shah",
                "qualification": "",
                "total_exp": "15 Years"
            },
            {
                "managing_fund_since": "26-Dec-2023",
                "name": "Rakesh Shetty",
                "qualification": "",
                "total_exp": "14 Years"
            }
        ],
        "load": {
            "entry_load": "Nil",
            "exit_load": "Entry Load Nil Exit Load 1 - If redeemed on or before 365 days from the date of allotment. Nil - If redeemed after 365 days from the date of allotment. Exit Load will be applicable on switch amongst the Schemes of MOMF. No Load shall be imposed for switching between Options within the Scheme. Further, it is clarified that there will be no exit load charged on a switch-out amongst the plans within the same scheme."
        },
        "main_scheme_name": "Motilal Oswal Small Cap Fund",
        "metrics": {
            "alpha": null,
            "arithmetic_mean_ratio": null,
            "average_div_yld": null,
            "average_pb": null,
            "average_pe": null,
            "avg_maturity": null,
            "beta": "0.8",
            "correlation_ratio": null,
            "downside_deviation": null,
            "information_ratio": null,
            "macaulay": null,
            "mod_duration": null,
            "port_turnover_ratio": "0.50",
            "r_squared_ratio": null,
            "roe_ratio": null,
            "sharpe": null,
            "sortino_ratio": null,
            "std_dev": "19.3",
            "tracking_error": null,
            "treynor_ratio": null,
            "upside_deviation": null,
            "ytm": null
        },
        "min_addl_amt": "\u20b9 500",
        "min_addl_amt_multiple": "\u20b9 1",
        "min_amt": "\u20b9 500",
        "min_amt_multiple": "\u20b9 1",
        "monthly_aaum_date": "30-04-2025",
        "monthly_aaum_value": "\u20b9 3,963.65 ( cr)",
        "mutual_fund_name": "Motilal Oswal Mutual Fund",
        "page_number": [
            9
        ],
        "scheme_launch_date": "26-December-2023"
    },
    "Motilal Oswal Focused Fund": {
        "amc_name": "Motilal Oswal Asset Management Company Limited",
        "benchmark_index": "Focused Fund NIFTY 500 TRI",
        "fund_manager": [
            {
                "managing_fund_since": "01-Oct-2024",
                "name": "Ajay Khandelwal",
                "qualification": "",
                "total_exp": "18 Years"
            },
            {
                "managing_fund_since": "01-Oct-2024",
                "name": "Atul Mehra",
                "qualification": "",
                "total_exp": "15 Years"
            },
            {
                "managing_fund_since": "22-Nov-2022",
                "name": "Rakesh Shetty",
                "qualification": "",
                "total_exp": "14 Years"
            }
        ],
        "load": {
            "entry_load": "Nil",
            "exit_load": "Entry Load Nil Exit Load 1 - If redeemed on or before 365 days from the date of allotment. Nil - If redeemed after 365 days from the date of allotment. Exit Load will be applicable on switch amongst the Schemes of MOMF. No Load shall be imposed for switching between Options within the Scheme. Further, it is clarified that there will be no exit load charged on a switch-out amongst the plans within the same scheme."
        },
        "main_scheme_name": "Motilal Oswal Focused Fund",
        "metrics": {
            "alpha": null,
            "arithmetic_mean_ratio": null,
            "average_div_yld": null,
            "average_pb": null,
            "average_pe": null,
            "avg_maturity": null,
            "beta": "1.0",
            "correlation_ratio": null,
            "downside_deviation": null,
            "information_ratio": "-1.05",
            "macaulay": null,
            "mod_duration": null,
            "port_turnover_ratio": "0.95",
            "r_squared_ratio": null,
            "roe_ratio": null,
            "sharpe": "-0.1",
            "sortino_ratio": null,
            "std_dev": "16.5",
            "tracking_error": null,
            "treynor_ratio": null,
            "upside_deviation": null,
            "ytm": null
        },
        "min_addl_amt": "\u20b9 500",
        "min_addl_amt_multiple": "\u20b9 1",
        "min_amt": "\u20b9 500",
        "min_amt_multiple": "\u20b9 1",
        "monthly_aaum_date": "30-04-2025",
        "monthly_aaum_value": "\u20b9 1,423.02 ( cr)",
        "mutual_fund_name": "Motilal Oswal Mutual Fund",
        "page_number": [
            10
        ],
        "scheme_launch_date": "13-May-2013"
    },
    "Motilal Oswal ELSS Tax Saver Fund": {
        "amc_name": "Motilal Oswal Asset Management Company Limited",
        "benchmark_index": "Nifty 500 TRI",
        "fund_manager": [
            {
                "managing_fund_since": "11-Dec-2023",
                "name": "Ajay Khandelwal",
                "qualification": "",
                "total_exp": "18 Years"
            },
            {
                "managing_fund_since": "01-Oct-2024",
                "name": "Atul Mehra",
                "qualification": "",
                "total_exp": "15 Years"
            },
            {
                "managing_fund_since": "22-Nov-2022",
                "name": "Rakesh Shetty",
                "qualification": "",
                "total_exp": "14 Years"
            }
        ],
        "load": {
            "entry_load": null,
            "exit_load": "Nil"
        },
        "main_scheme_name": "Motilal Oswal ELSS Tax Saver Fund",
        "metrics": {
            "alpha": null,
            "arithmetic_mean_ratio": null,
            "average_div_yld": null,
            "average_pb": null,
            "average_pe": null,
            "avg_maturity": null,
            "beta": "1.1",
            "correlation_ratio": null,
            "downside_deviation": null,
            "information_ratio": "0.62",
            "macaulay": null,
            "mod_duration": null,
            "port_turnover_ratio": "0.51",
            "r_squared_ratio": null,
            "roe_ratio": null,
            "sharpe": "0.6",
            "sortino_ratio": null,
            "std_dev": "18.3",
            "tracking_error": null,
            "treynor_ratio": null,
            "upside_deviation": null,
            "ytm": null
        },
        "min_addl_amt": "\u20b9 500",
        "min_addl_amt_multiple": "\u20b9 500",
        "min_amt": "\u20b9 500",
        "min_amt_multiple": "\u20b9 500",
        "monthly_aaum_date": "30-04-2025",
        "monthly_aaum_value": "\u20b9 3,698.26 ( cr)",
        "mutual_fund_name": "Motilal Oswal Mutual Fund",
        "page_number": [
            11
        ],
        "scheme_launch_date": "21-Jan-2015"
    },
    "Motilal Oswal Business Cycle Fund": {
        "amc_name": "Motilal Oswal Asset Management Company Limited",
        "benchmark_index": "Nifty 500 TRI",
        "fund_manager": [
            {
                "managing_fund_since": "27-August-2024",
                "name": "Ajay Khandelwal",
                "qualification": "",
                "total_exp": "18 Years"
            },
            {
                "managing_fund_since": "27-August-2024",
                "name": "Niket Shah",
                "qualification": "",
                "total_exp": "15 Years"
            },
            {
                "managing_fund_since": "27-August-2024",
                "name": "Atul Mehra",
                "qualification": "",
                "total_exp": "15 Years"
            },
            {
                "managing_fund_since": "27-August-2024",
                "name": "Rakesh Shetty",
                "qualification": "",
                "total_exp": "14 Years"
            }
        ],
        "load": {
            "entry_load": "Nil",
            "exit_load": "Entry Load Nil Exit Load 1 - If redeemed on or before 365 days from the date of allotment. Nil - If redeemed after 365 days from the date of allotment. Exit Load will be applicable on switch amongst the Schemes of MOMF. No Load shall be imposed for switching between Options within the Scheme. Further, it is clarified that there will be no exit load charged on a switch-out amongst the plans within the same scheme."
        },
        "main_scheme_name": "Motilal Oswal Business Cycle Fund",
        "metrics": {
            "alpha": null,
            "arithmetic_mean_ratio": null,
            "average_div_yld": null,
            "average_pb": null,
            "average_pe": null,
            "avg_maturity": null,
            "beta": null,
            "correlation_ratio": null,
            "downside_deviation": null,
            "information_ratio": null,
            "macaulay": null,
            "mod_duration": null,
            "port_turnover_ratio": "1.06",
            "r_squared_ratio": null,
            "roe_ratio": null,
            "sharpe": null,
            "sortino_ratio": null,
            "std_dev": null,
            "tracking_error": null,
            "treynor_ratio": null,
            "upside_deviation": null,
            "ytm": null
        },
        "min_addl_amt": "\u20b9 500",
        "min_addl_amt_multiple": "\u20b9 1",
        "min_amt": "\u20b9 500",
        "min_amt_multiple": "\u20b9 1",
        "monthly_aaum_date": "30-04-2025",
        "monthly_aaum_value": "\u20b9 1,664.72 ( cr)",
        "mutual_fund_name": "Motilal Oswal Mutual Fund",
        "page_number": [
            12
        ],
        "scheme_launch_date": "27-August-2024"
    },
    "Motilal Oswal Manufacturing Fund": {
        "amc_name": "Motilal Oswal Asset Management Company Limited",
        "benchmark_index": "Nifty India Manufacturing Total Return Index",
        "fund_manager": [
            {
                "managing_fund_since": "8-August-2024",
                "name": "Ajay Khandelwal",
                "qualification": "",
                "total_exp": "18 Years"
            },
            {
                "managing_fund_since": "8-August-2024",
                "name": "Atul Mehra",
                "qualification": "",
                "total_exp": "15 Years"
            },
            {
                "managing_fund_since": "8-August-2024",
                "name": "Rakesh Shetty",
                "qualification": "",
                "total_exp": "14 Years"
            }
        ],
        "load": {
            "entry_load": "Nil",
            "exit_load": "Entry Load Nil Exit Load 1 - If redeemed on or before 90 days from the date of allotment. Nil - If redeemed after 90 days from the date of allotment. Exit Load will be applicable on switch amongst the Schemes of MOMF. No Load shall be imposed for switching between Options within the Scheme. Further, it is clarified that there will be no exit load charged on a switch-out amongst the plans within the same scheme."
        },
        "main_scheme_name": "Motilal Oswal Manufacturing Fund",
        "metrics": {
            "alpha": null,
            "arithmetic_mean_ratio": null,
            "average_div_yld": null,
            "average_pb": null,
            "average_pe": null,
            "avg_maturity": null,
            "beta": null,
            "correlation_ratio": null,
            "downside_deviation": null,
            "information_ratio": null,
            "macaulay": null,
            "mod_duration": null,
            "port_turnover_ratio": "0.22",
            "r_squared_ratio": null,
            "roe_ratio": null,
            "sharpe": null,
            "sortino_ratio": null,
            "std_dev": null,
            "tracking_error": null,
            "treynor_ratio": null,
            "upside_deviation": null,
            "ytm": null
        },
        "min_addl_amt": "\u20b9 500",
        "min_addl_amt_multiple": "\u20b9 1",
        "min_amt": "\u20b9 500",
        "min_amt_multiple": "\u20b9 1",
        "monthly_aaum_date": "30-04-2025",
        "monthly_aaum_value": "\u20b9 684.92 ( cr)",
        "mutual_fund_name": "Motilal Oswal Mutual Fund",
        "page_number": [
            13
        ],
        "scheme_launch_date": "08-August-2024"
    },
    "Motilal Oswal Digital India Fund": {
        "amc_name": "Motilal Oswal Asset Management Company Limited",
        "benchmark_index": "BSE Teck TRI",
        "fund_manager": [
            {
                "managing_fund_since": "04-November-2024",
                "name": "Varun Sharma",
                "qualification": "",
                "total_exp": "15 Years"
            },
            {
                "managing_fund_since": "04-November-2024",
                "name": "Niket Shah",
                "qualification": "",
                "total_exp": "15 Years"
            },
            {
                "managing_fund_since": "04-November-2024",
                "name": "Atul Mehra",
                "qualification": "",
                "total_exp": "15 Years"
            },
            {
                "managing_fund_since": "04-November-2024",
                "name": "Rakesh Shetty",
                "qualification": "",
                "total_exp": "14 Years"
            }
        ],
        "load": {
            "entry_load": "Nil",
            "exit_load": "Entry Load Nil Exit Load 1 - If redeemed on or before 90 days from the date of allotment. Nil - If redeemed after 90 days from the date of allotment. Exit Load will be applicable on switch amongst the Schemes of MOMF. No Load shall be imposed for switching between Options within the Scheme. Further, it is clarified that there will be no exit load charged on a switch-out amongst the plans within the same scheme."
        },
        "main_scheme_name": "Motilal Oswal Digital India Fund",
        "metrics": {
            "alpha": null,
            "arithmetic_mean_ratio": null,
            "average_div_yld": null,
            "average_pb": null,
            "average_pe": null,
            "avg_maturity": null,
            "beta": null,
            "correlation_ratio": null,
            "downside_deviation": null,
            "information_ratio": null,
            "macaulay": null,
            "mod_duration": null,
            "port_turnover_ratio": "0.12",
            "r_squared_ratio": null,
            "roe_ratio": null,
            "sharpe": null,
            "sortino_ratio": null,
            "std_dev": null,
            "tracking_error": null,
            "treynor_ratio": null,
            "upside_deviation": null,
            "ytm": null
        },
        "min_addl_amt": "\u20b9 500",
        "min_addl_amt_multiple": "\u20b9 1",
        "min_amt": "\u20b9 500",
        "min_amt_multiple": "\u20b9 1",
        "monthly_aaum_date": "30-04-2025",
        "monthly_aaum_value": "\u20b9 723.06 ( cr)",
        "mutual_fund_name": "Motilal Oswal Mutual Fund",
        "page_number": [
            14
        ],
        "scheme_launch_date": "04-November-2024"
    },
    "Motilal Oswal Quant Fund": {
        "amc_name": "Motilal Oswal Asset Management Company Limited",
        "benchmark_index": "Nifty 200 Index TRI",
        "fund_manager": [
            {
                "managing_fund_since": "06-June-2024",
                "name": "Ajay Khandelwal",
                "qualification": "",
                "total_exp": "18 Years"
            },
            {
                "managing_fund_since": "06-June-2024",
                "name": "Rakesh Shetty",
                "qualification": "",
                "total_exp": "14 Years"
            }
        ],
        "load": {
            "entry_load": "Nil",
            "exit_load": "Entry Load Nil Exit Load 1 - If redeemed on or before 15 days from the date of allotment. Nil - If redeemed after 15 days from the date of allotment. Exit Load will be applicable on switch amongst the Schemes of MOMF. No Load shall be imposed for switching between Options within the Scheme. Further, it is clarified that there will be no exit load charged on a switch-out from Regular to Direct plan within the same scheme."
        },
        "main_scheme_name": "Motilal Oswal Quant Fund",
        "metrics": {
            "alpha": null,
            "arithmetic_mean_ratio": null,
            "average_div_yld": null,
            "average_pb": null,
            "average_pe": null,
            "avg_maturity": null,
            "beta": null,
            "correlation_ratio": null,
            "downside_deviation": null,
            "information_ratio": null,
            "macaulay": null,
            "mod_duration": null,
            "port_turnover_ratio": "1.57",
            "r_squared_ratio": null,
            "roe_ratio": null,
            "sharpe": null,
            "sortino_ratio": null,
            "std_dev": null,
            "tracking_error": null,
            "treynor_ratio": null,
            "upside_deviation": null,
            "ytm": null
        },
        "min_addl_amt": "\u20b9 500",
        "min_addl_amt_multiple": "\u20b9 1",
        "min_amt": "\u20b9 500",
        "min_amt_multiple": "\u20b9 1",
        "monthly_aaum_date": "30-04-2025",
        "monthly_aaum_value": "\u20b9 132.12 ( cr)",
        "mutual_fund_name": "Motilal Oswal Mutual Fund",
        "page_number": [
            15
        ],
        "scheme_launch_date": "06-June-2024"
    },
    "Motilal Oswal Innovation Opportunities Fund": {
        "amc_name": "Motilal Oswal Asset Management Company Limited",
        "benchmark_index": "Nifty 500 TRI",
        "fund_manager": [
            {
                "managing_fund_since": "18-February-2025",
                "name": "Varun Sharma",
                "qualification": "",
                "total_exp": "15 Years"
            },
            {
                "managing_fund_since": "18-February-2025",
                "name": "Niket Shah",
                "qualification": "",
                "total_exp": "15 Years"
            },
            {
                "managing_fund_since": "18-February-2025",
                "name": "Atul Mehra",
                "qualification": "",
                "total_exp": "15 Years"
            },
            {
                "managing_fund_since": "18-February-2025",
                "name": "Rakesh Shetty",
                "qualification": "",
                "total_exp": "14 Years"
            }
        ],
        "load": {
            "entry_load": "Nil",
            "exit_load": "Entry Load Nil Exit Load 1 - If redeemed within 90 days from the day of allotment. Nil - If redeemed after 90 days from the date of allotment. Exit Load will be applicable on switch amongst the Schemes of MOMF. No Load shall be imposed for switching between Options within the Scheme. Further, it is clarified that there will be no exit load charged on a switch-out amongst the plans within the same scheme."
        },
        "main_scheme_name": "Motilal Oswal Innovation Opportunities Fund",
        "metrics": {
            "alpha": null,
            "arithmetic_mean_ratio": null,
            "average_div_yld": null,
            "average_pb": null,
            "average_pe": null,
            "avg_maturity": null,
            "beta": null,
            "correlation_ratio": null,
            "downside_deviation": null,
            "information_ratio": null,
            "macaulay": null,
            "mod_duration": null,
            "port_turnover_ratio": null,
            "r_squared_ratio": null,
            "roe_ratio": null,
            "sharpe": null,
            "sortino_ratio": null,
            "std_dev": null,
            "tracking_error": null,
            "treynor_ratio": null,
            "upside_deviation": null,
            "ytm": null
        },
        "min_addl_amt": "\u20b9 500",
        "min_addl_amt_multiple": "\u20b9 1",
        "min_amt": "\u20b9 500",
        "min_amt_multiple": "\u20b9 1",
        "monthly_aaum_date": "30-04-2025",
        "monthly_aaum_value": "\u20b9 48.80 ( cr)",
        "mutual_fund_name": "Motilal Oswal Mutual Fund",
        "page_number": [
            16
        ],
        "scheme_launch_date": "18-February-2025"
    },
    "Motilal Oswal Balanced Advantage Fund": {
        "amc_name": "Motilal Oswal Asset Management Company Limited",
        "benchmark_index": "Dynamic Asset Allocation CRISIL Hybrid 5050 - Moderate TRI Minimum applicationamount",
        "fund_manager": [
            {
                "managing_fund_since": "01-Oct-2024",
                "name": "Ajay Khandelwal",
                "qualification": "",
                "total_exp": "18 Years"
            },
            {
                "managing_fund_since": "01-Oct-2024",
                "name": "Atul Mehra",
                "qualification": "",
                "total_exp": "15 Years"
            },
            {
                "managing_fund_since": "22-Nov-2022",
                "name": "Rakesh Shetty",
                "qualification": "",
                "total_exp": "14 Years"
            }
        ],
        "load": {
            "entry_load": "Nil",
            "exit_load": "Entry Load Nil Exit Load 1 - If redeemed on or before 365 days from the date of allotment. Nil - If redeemed after 365 days from the date of allotment. Exit Load will be applicable on switch amongst the Schemes of MOMF. No Load shall be imposed for switching between Options within the Scheme. Further, it is clarified that there will be no exit load charged on a switch-out amongst the plans within the same scheme."
        },
        "main_scheme_name": "Motilal Oswal Balanced Advantage Fund",
        "metrics": {
            "alpha": null,
            "arithmetic_mean_ratio": null,
            "average_div_yld": null,
            "average_pb": null,
            "average_pe": null,
            "avg_maturity": null,
            "beta": "1.3",
            "correlation_ratio": null,
            "downside_deviation": null,
            "information_ratio": "-0.59",
            "macaulay": null,
            "mod_duration": null,
            "port_turnover_ratio": "3.28",
            "r_squared_ratio": null,
            "roe_ratio": null,
            "sharpe": "-0.1",
            "sortino_ratio": null,
            "std_dev": "13.7",
            "tracking_error": null,
            "treynor_ratio": null,
            "upside_deviation": null,
            "ytm": null
        },
        "min_addl_amt": "\u20b9 500",
        "min_addl_amt_multiple": "\u20b9 1",
        "min_amt": "\u20b9 500",
        "min_amt_multiple": "\u20b9 1",
        "monthly_aaum_date": "30-04-2025",
        "monthly_aaum_value": "\u20b9 961.44 ( cr)",
        "mutual_fund_name": "Motilal Oswal Mutual Fund",
        "page_number": [
            17
        ],
        "scheme_launch_date": "27-Sep-2016"
    },
    "Motilal Oswal Multi Asset Fund": {
        "amc_name": "Motilal Oswal Asset Management Company Limited",
        "benchmark_index": "50 Nifty 500 TRI  35 CRISIL Short Term Bond Fund Index  13 Domestic Price of Gold  2 Domestic Price of Silver. Redemption proceeds Normally within 2 Business days from acceptance of redemption request Entry  Exit Load Entry Load Nil Exit Load 1 - If redeemed on or before 365 days from the date of allotment. Nil - If redeemed after 365 days from the date of allotment. Exit Load will be applicable on switch amongst the Schemes of MOMF. No Load shall be imposed for switching between Options within the Scheme. Further, it is clarified that there will be no exit load charged on a switch-out amongst the plans within the same scheme. NAV(IDCW Income Distribution cum capital withdrawal option) Regular Plan Growth Option 11.1137 Direct Plan Growth Option 11.8190 Scheme Statistics Monthly AAUM 93.84 ( cr) Latest AUM (28-Feb-2025) 90.45( cr) Beta 1.2 Portfolio Turnover Ratio 0.60 Standard Deviation 9.2 (Annualised) Sharpe Ratio -0.6 (Annualised)  Risk free returns based on last overnight MIBOR cut-off of 6.40 (Data as on 28-February-2025) Allotment Date 4-August-2020 Fund and Co-Fund Manager For Equity Mr. Ajay Khandelwal Managing this fund since 01-Oct-2024 He has a rich experience of more than 18 years Mr. Atul Mehra Managing this fund since 01-Oct-2024 He has a rich experience of more than 15 years Debt,Gold and Silver Component Mr. Rakesh Shetty Managing this fund since 22-Nov-2022 He has a rich experience of more than 14 years For International Equity Mr. Sunil Sawant He has been appointed as the Fund Manager for Foreign securities w.e.f. July 1, 2024. He has a rich experience of more than 16 years Total Expenses Ratio Direct 0.88 Regular 2.03 Average Maturity 0.33 Yrs YTM 7.38 MacaulayDuration 0.34 Yrs Modified Duration 0.31 Yrs (Data as on 28-February-2025)",
        "fund_manager": [
            {
                "managing_fund_since": "01-Oct-2024",
                "name": "Ajay Khandelwal",
                "qualification": "",
                "total_exp": "18 Years"
            },
            {
                "managing_fund_since": "01-Oct-2024",
                "name": "Atul Mehra",
                "qualification": "",
                "total_exp": "15 Years"
            },
            {
                "managing_fund_since": "22-Nov-2022",
                "name": "Rakesh Shetty",
                "qualification": "",
                "total_exp": "14 Years"
            }
        ],
        "load": {
            "entry_load": "Nil",
            "exit_load": "Entry Load Nil Exit Load 1 - If redeemed on or before 365 days from the date of allotment. Nil - If redeemed after 365 days from the date of allotment. Exit Load will be applicable on switch amongst the Schemes of MOMF. No Load shall be imposed for switching between Options within the Scheme. Further, it is clarified that there will be no exit load charged on a switch-out amongst the plans within the same scheme. NAV(IDCW Income Distribution cum capital withdrawal option) Regular Plan Growth Option 11.1137 Direct Plan Growth Option 11.8190 Scheme Statistics Monthly AAUM 93.84 ( cr) Latest AUM (28-Feb-2025) 90.45( cr) Beta 1.2 Portfolio Turnover Ratio 0.60 Standard Deviation 9.2 (Annualised) Sharpe Ratio -0.6 (Annualised)  Risk free returns based on last overnight MIBOR cut-off of 6.40 (Data as on 28-February-2025)"
        },
        "main_scheme_name": "Motilal Oswal Multi Asset Fund",
        "metrics": {
            "alpha": null,
            "arithmetic_mean_ratio": null,
            "average_div_yld": null,
            "average_pb": null,
            "average_pe": null,
            "avg_maturity": null,
            "beta": "1.2",
            "correlation_ratio": null,
            "downside_deviation": null,
            "information_ratio": null,
            "macaulay": null,
            "mod_duration": null,
            "port_turnover_ratio": "0.60",
            "r_squared_ratio": null,
            "roe_ratio": null,
            "sharpe": "-0.6",
            "sortino_ratio": null,
            "std_dev": "9.2",
            "tracking_error": null,
            "treynor_ratio": null,
            "upside_deviation": null,
            "ytm": null
        },
        "min_addl_amt": "\u20b9 500",
        "min_addl_amt_multiple": "\u20b9 1",
        "min_amt": "\u20b9 500",
        "min_amt_multiple": "\u20b9 1",
        "monthly_aaum_date": "30-04-2025",
        "monthly_aaum_value": "\u20b9 93.84 ( cr)",
        "mutual_fund_name": "Motilal Oswal Mutual Fund",
        "page_number": [
            18
        ],
        "scheme_launch_date": "4-August-2020 Fund and Co-Fund Manager For Equity Mr. Ajay Khandelwal Managing this fund since 01-Oct-2024 He has a rich experience of more than 18 years Mr. Atul Mehra Managing this fund since 01-Oct-2024 He has a rich experience of more than 15 years Debt,Gold and Silver Component Mr. Rakesh Shetty Managing this fund since 22-Nov-2022 He has a rich experience of more than 14 years For International Equity Mr. Sunil Sawant He has been appointed as the Fund Manager for Foreign securities w.e.f. July 1, 2024. He has a rich experience of more than 16 years Total Expenses Ratio Direct 0.88 Regular 2.03 Average Maturity 0.33 Yrs YTM 7.38 MacaulayDuration 0.34 Yrs Modified Duration 0.31 Yrs (Data as on 28-February-2025)"
    },
    "Motilal Oswal Arbitrage Fund": {
        "amc_name": "Motilal Oswal Asset Management Company Limited",
        "benchmark_index": "Nifty 50 Arbitrage TRI Redemption proceeds Normally within 3 Business days from acceptance of redemption request Entry  Exit Load Entry Load Nil Exit Load 0.25 - If redeemed within 15 days from the day of allotment. Nil - If redeemed after 15 days from the date of allotment. Exit Load will be applicable on switch amongst the Schemes of MOMF. No Load shall be imposed for switching between Options within the Scheme. Further, it is clarified that there will be no exit load charged on a switch-out from Regular to Direct plan within the same scheme. NAV(IDCW Income Distribution cum capital withdrawal option) Regular Plan Growth Option 10.1101 Regular Plan IDCW Option 10.1101 Direct Plan Growth Option 10.1271 Direct Plan IDCW Option 10.1270 Scheme Statistics Monthly AAUM 779.55 ( cr) Latest AUM (28-Feb-2025) 908.69( cr) Portfolio Turnover Ratio 2.55 Allotment Date 23-December-2024 Fund and Co-Fund Manager For Equity Component Mr. Vishal Ashar Managing this fund since 23-December-2024 He has overall 18 years of experience Mr. Niket Shah Managing this fund since 23-December-2024 He has overall 15 years of experience Mr. Atul Mehra Managing this fund since 23-December-2024 He has a rich experience of more than 15 years For Debt Component Mr. Rakesh Shetty Managing this fund since 23-December-2024 He has a rich experience of more than 14 years Total Expenses Ratio Direct 0.11 Regular 1.01",
        "fund_manager": [
            {
                "managing_fund_since": "23-December-2024",
                "name": "Vishal Ashar",
                "qualification": "",
                "total_exp": "18 Years"
            },
            {
                "managing_fund_since": "23-December-2024",
                "name": "Niket Shah",
                "qualification": "",
                "total_exp": "15 Years"
            },
            {
                "managing_fund_since": "23-December-2024",
                "name": "Atul Mehra",
                "qualification": "",
                "total_exp": "15 Years"
            },
            {
                "managing_fund_since": "23-December-2024",
                "name": "Rakesh Shetty",
                "qualification": "",
                "total_exp": "14 Years"
            }
        ],
        "load": {
            "entry_load": "Nil",
            "exit_load": "Entry Load Nil Exit Load 0.25 - If redeemed within 15 days from the day of allotment. Nil - If redeemed after 15 days from the date of allotment. Exit Load will be applicable on switch amongst the Schemes of MOMF. No Load shall be imposed for switching between Options within the Scheme. Further, it is clarified that there will be no exit load charged on a switch-out from Regular to Direct plan within the same scheme. NAV(IDCW Income Distribution cum capital withdrawal option) Regular Plan Growth Option 10.1101 Regular Plan IDCW Option 10.1101 Direct Plan Growth Option 10.1271 Direct Plan IDCW Option 10.1270 Scheme Statistics Monthly AAUM 779.55 ( cr) Latest AUM (28-Feb-2025) 908.69( cr) Portfolio Turnover Ratio 2.55"
        },
        "main_scheme_name": "Motilal Oswal Arbitrage Fund",
        "metrics": {
            "alpha": null,
            "arithmetic_mean_ratio": null,
            "average_div_yld": null,
            "average_pb": null,
            "average_pe": null,
            "avg_maturity": null,
            "beta": null,
            "correlation_ratio": null,
            "downside_deviation": null,
            "information_ratio": null,
            "macaulay": null,
            "mod_duration": null,
            "port_turnover_ratio": "2.55",
            "r_squared_ratio": null,
            "roe_ratio": null,
            "sharpe": null,
            "sortino_ratio": null,
            "std_dev": null,
            "tracking_error": null,
            "treynor_ratio": null,
            "upside_deviation": null,
            "ytm": null
        },
        "min_addl_amt": "\u20b9 500",
        "min_addl_amt_multiple": "\u20b9 1",
        "min_amt": "\u20b9 500",
        "min_amt_multiple": "\u20b9 1",
        "monthly_aaum_date": "30-04-2025",
        "monthly_aaum_value": "\u20b9 779.55 ( cr)",
        "mutual_fund_name": "Motilal Oswal Mutual Fund",
        "page_number": [
            19
        ],
        "scheme_launch_date": "23-December-2024 Fund and Co-Fund Manager For Equity Component Mr. Vishal Ashar Managing this fund since 23-December-2024 He has overall 18 years of experience Mr. Niket Shah Managing this fund since 23-December-2024 He has overall 15 years of experience Mr. Atul Mehra Managing this fund since 23-December-2024 He has a rich experience of more than 15 years For Debt Component Mr. Rakesh Shetty Managing this fund since 23-December-2024 He has a rich experience of more than 14 years Total Expenses Ratio Direct 0.11 Regular 1.01"
    },
    "Motilal Oswal Ultra Short Term Fund": {
        "amc_name": "Motilal Oswal Asset Management Company Limited",
        "benchmark_index": "CRISIL Ultra Short Duration Debt A-I Index",
        "fund_manager": [
            {
                "managing_fund_since": "22-Nov-2022",
                "name": "Rakesh Shetty",
                "qualification": "",
                "total_exp": "14 Years"
            }
        ],
        "load": {
            "entry_load": null,
            "exit_load": "Nil"
        },
        "main_scheme_name": "Motilal Oswal Ultra Short Term Fund",
        "metrics": {
            "alpha": null,
            "arithmetic_mean_ratio": null,
            "average_div_yld": null,
            "average_pb": null,
            "average_pe": null,
            "avg_maturity": null,
            "beta": null,
            "correlation_ratio": null,
            "downside_deviation": null,
            "information_ratio": null,
            "macaulay": null,
            "mod_duration": null,
            "port_turnover_ratio": null,
            "r_squared_ratio": null,
            "roe_ratio": null,
            "sharpe": null,
            "sortino_ratio": null,
            "std_dev": null,
            "tracking_error": null,
            "treynor_ratio": null,
            "upside_deviation": null,
            "ytm": null
        },
        "min_addl_amt": "\u20b9 500",
        "min_addl_amt_multiple": "\u20b9 1",
        "min_amt": "\u20b9 500",
        "min_amt_multiple": "\u20b9 1",
        "monthly_aaum_date": "30-04-2025",
        "monthly_aaum_value": "\u20b9 513.42 ( cr)",
        "mutual_fund_name": "Motilal Oswal Mutual Fund",
        "page_number": [
            20
        ],
        "scheme_launch_date": "6-Sept-2013"
    },
    "Motilal Oswal Liquid Fund": {
        "amc_name": "Motilal Oswal Asset Management Company Limited",
        "benchmark_index": "Crisil Liquid Fund A-I Index",
        "fund_manager": [
            {
                "managing_fund_since": "22-Nov-2022",
                "name": "Rakesh Shetty",
                "qualification": "",
                "total_exp": "14 Years"
            }
        ],
        "load": {
            "entry_load": "Nil",
            "exit_load": "Entry Load Nil Exit Load Day 1 0.0070 Day 2 0.0065 Day 3 0.0060 Day 4 0.0055 Day 5 0.0050 Day 6 0.0045 Day 7 onwards Nil Exit Load will be applicable on switch amongst the Schemes of MOMF. No Load shall be imposed for switching between Options within the Scheme. Further, it is clarified that there will be no exit load charged on a switch- out from Regular to Direct plan within the same scheme. Fund Manager Mr. Rakesh Shetty Managing this fund since 22-Nov-2022. He has a rich experience of more than 14 years Monthly IDCW (Direct Plan) Record Date IDCW Cum IDCW Ex IDCW per Unit ( ) NAV NAV 28-Feb-25 0.0513 10.0813 10.0300 31-Jan-25 0.0670 10.0970 10.0300 27-Dec-24 0.0479 10.0779 10.0300 Monthly IDCW (Regular Plan) Record Date IDCW Cum IDCW Ex IDCW per Unit ( ) NAV NAV 28-Feb-25 0.0501 10.0801 10.0300 31-Jan-25 0.0655 10.0955 10.0300 27-Dec-24 0.0468 10.0768 10.0300 Quarterly IDCW (Direct Plan) Record Date IDCW Cum IDCW Ex IDCW per Unit ( ) NAV NAV 27-Dec-24 0.1625 10.1659 10.0034 27-Sep-24 0.1685 10.1719 10.0034 28-Jun-24 0.1654 10.1688 10.0034 Quarterly IDCW (Regular Plan) Record Date IDCW Cum IDCW Ex IDCW per Unit ( ) NAV NAV 27-Dec-24 0.1587 10.1621 10.0034 27-Sep-24 0.1648 10.1682 10.0034 28-Jun-24 0.1560 10.1594 10.0034 Pursuant to payment of IDCW, NAV per unit will fall to the extent of the IDCW payout and statutory levy (if applicable). Face value10-. Past performance may or may not be sustained in future. Total Expenses Ratio Direct 0.22 Regular 0.37"
        },
        "main_scheme_name": "Motilal Oswal Liquid Fund",
        "metrics": {
            "alpha": null,
            "arithmetic_mean_ratio": null,
            "average_div_yld": null,
            "average_pb": null,
            "average_pe": null,
            "avg_maturity": null,
            "beta": null,
            "correlation_ratio": null,
            "downside_deviation": null,
            "information_ratio": null,
            "macaulay": null,
            "mod_duration": null,
            "port_turnover_ratio": null,
            "r_squared_ratio": null,
            "roe_ratio": null,
            "sharpe": null,
            "sortino_ratio": null,
            "std_dev": null,
            "tracking_error": null,
            "treynor_ratio": null,
            "upside_deviation": null,
            "ytm": null
        },
        "min_addl_amt": "\u20b9 500",
        "min_addl_amt_multiple": "\u20b9 1",
        "min_amt": "\u20b9 500",
        "min_amt_multiple": "\u20b9 1",
        "monthly_aaum_date": "30-04-2025",
        "monthly_aaum_value": "",
        "mutual_fund_name": "Motilal Oswal Mutual Fund",
        "page_number": [
            21
        ],
        "scheme_launch_date": "20-Dec-2018 Entry  Exit Load Entry Load Nil Exit Load Day 1 0.0070 Day 2 0.0065 Day 3 0.0060 Day 4 0.0055 Day 5 0.0050 Day 6 0.0045 Day 7 onwards Nil Exit Load will be applicable on switch amongst the Schemes of MOMF. No Load shall be imposed for switching between Options within the Scheme. Further, it is clarified that there will be no exit load charged on a switch- out from Regular to Direct plan within the same scheme. Fund Manager Mr. Rakesh Shetty Managing this fund since 22-Nov-2022. He has a rich experience of more than 14 years Monthly IDCW (Direct Plan) Record Date IDCW Cum IDCW Ex IDCW per Unit ( )"
    }
}