{
    "SHRIRAM AGGRESSIVE HYBRID FUND": {
        "amc_name": "Shriram Asset Management Company Limited",
        "benchmark_index": "CRISIL Hybrid 3565-Aggressive Index",
        "fund_manager": [
            {
                "managing_fund_since": "August 20, 2022",
                "name": "Deepak Ramaraju",
                "qualification": "",
                "total_exp": "21 Years"
            },
            {
                "managing_fund_since": "November 15, 2016",
                "name": "Gargi Bhattacharyya Banerjee",
                "qualification": "",
                "total_exp": "22 Years"
            },
            {
                "managing_fund_since": "October 03, 2024",
                "name": "Sudip Suresh More",
                "qualification": "",
                "total_exp": "19 Years"
            }
        ],
        "load": {
            "entry_load": "",
            "exit_load": "If redeemed  switched-out within 90 days from the date of allotment Upto 12 of units Nil More than 12 of units 1 of applicable Net Asset Value (NAV) If redeemedswitched-out after 90 days from the date of allotment Nil NI"
        },
        "main_scheme_name": "SHRIRAM AGGRESSIVE HYBRID FUND",
        "metrics": {
            "alpha": null,
            "arithmetic_mean_ratio": null,
            "average_div_yld": null,
            "average_pb": null,
            "average_pe": null,
            "avg_maturity": null,
            "beta": null,
            "correlation_ratio": null,
            "downside_deviation": null,
            "information_ratio": null,
            "macaulay": null,
            "mod_duration": null,
            "port_turnover_ratio": null,
            "r_squared_ratio": null,
            "roe_ratio": null,
            "sharpe": null,
            "sortino_ratio": null,
            "std_dev": null,
            "tracking_error": null,
            "treynor_ratio": null,
            "upside_deviation": null,
            "ytm": null
        },
        "min_addl_amt": "\u20b9 500",
        "min_addl_amt_multiple": "\u20b9 1",
        "min_amt": "\u20b9 500",
        "min_amt_multiple": "\u20b9 1",
        "monthly_aaum_date": "30-04-2025",
        "monthly_aaum_value": "\u20b9 45.36 Cr",
        "mutual_fund_name": "Shriram Mutual fund",
        "page_number": [
            6,
            7
        ],
        "scheme_launch_date": ""
    },
    "SHRIRAM FLEXI CAP FUND": {
        "amc_name": "Shriram Asset Management Company Limited",
        "benchmark_index": "NIFTY 500 TRI",
        "fund_manager": [
            {
                "managing_fund_since": "August 20, 2022",
                "name": "Deepak Ramaraju",
                "qualification": "",
                "total_exp": "21 Years"
            },
            {
                "managing_fund_since": "September 28, 2018",
                "name": "Gargi Bhattacharyya Banerjee",
                "qualification": "",
                "total_exp": "22 Years"
            },
            {
                "managing_fund_since": "October 03, 2024",
                "name": "Sudip Suresh More",
                "qualification": "",
                "total_exp": "19 Years"
            }
        ],
        "load": {
            "entry_load": "",
            "exit_load": "If redeemed  switched-out within A 90 days from the date of allotment T Upto 12 of units Nil More than 12 of units 1 of applicable Net S Asset Value (NAV) G If redeemedswitched-out after 90 days from the date of allotment Nil G"
        },
        "main_scheme_name": "SHRIRAM FLEXI CAP FUND",
        "metrics": {
            "alpha": null,
            "arithmetic_mean_ratio": null,
            "average_div_yld": null,
            "average_pb": null,
            "average_pe": null,
            "avg_maturity": null,
            "beta": "0.95",
            "correlation_ratio": null,
            "downside_deviation": null,
            "information_ratio": "-0.65",
            "macaulay": null,
            "mod_duration": null,
            "port_turnover_ratio": null,
            "r_squared_ratio": null,
            "roe_ratio": null,
            "sharpe": "0.11",
            "sortino_ratio": null,
            "std_dev": "15.55",
            "tracking_error": null,
            "treynor_ratio": null,
            "upside_deviation": null,
            "ytm": null
        },
        "min_addl_amt": "\u20b9 500",
        "min_addl_amt_multiple": "\u20b9 1",
        "min_amt": "\u20b9 500",
        "min_amt_multiple": "\u20b9 1",
        "monthly_aaum_date": "30-04-2025",
        "monthly_aaum_value": "\u20b9 128.54 cr",
        "mutual_fund_name": "Shriram Mutual fund",
        "page_number": [
            8,
            9
        ],
        "scheme_launch_date": ""
    },
    "SHRIRAM ELSS TAX SAVER FUND": {
        "amc_name": "Shriram Asset Management Company Limited",
        "benchmark_index": "NIFTY 500 TRI",
        "fund_manager": [
            {
                "managing_fund_since": "August 20, 2022",
                "name": "Deepak Ramaraju",
                "qualification": "",
                "total_exp": "21 Years"
            },
            {
                "managing_fund_since": "January 25, 2019",
                "name": "Gargi Bhattacharyya Banerjee",
                "qualification": "",
                "total_exp": "22 Years"
            },
            {
                "managing_fund_since": "October 03, 2024",
                "name": "Sudip Suresh More",
                "qualification": "",
                "total_exp": "19 Years"
            }
        ],
        "load": {
            "entry_load": "",
            "exit_load": "NIL Ap BS"
        },
        "main_scheme_name": "SHRIRAM ELSS TAX SAVER FUND",
        "metrics": {
            "alpha": null,
            "arithmetic_mean_ratio": null,
            "average_div_yld": null,
            "average_pb": null,
            "average_pe": null,
            "avg_maturity": null,
            "beta": "0.94",
            "correlation_ratio": null,
            "downside_deviation": null,
            "information_ratio": "-0.66",
            "macaulay": null,
            "mod_duration": null,
            "port_turnover_ratio": null,
            "r_squared_ratio": null,
            "roe_ratio": null,
            "sharpe": "0.12",
            "sortino_ratio": null,
            "std_dev": "15.27",
            "tracking_error": null,
            "treynor_ratio": null,
            "upside_deviation": null,
            "ytm": null
        },
        "min_addl_amt": "\u20b9 500",
        "min_addl_amt_multiple": "\u20b9 500",
        "min_amt": "\u20b9 500",
        "min_amt_multiple": "\u20b9 500",
        "monthly_aaum_date": "30-04-2025",
        "monthly_aaum_value": "\u20b9 47.10 Cr",
        "mutual_fund_name": "Shriram Mutual fund",
        "page_number": [
            10,
            11
        ],
        "scheme_launch_date": ""
    },
    "SHRIRAM BALANCED ADVANTAGE FUND": {
        "amc_name": "Shriram Asset Management Company Limited",
        "benchmark_index": "NIFTY 50 Hybrid Composite Debt 5050 Index",
        "fund_manager": [
            {
                "managing_fund_since": "August 20, 2022",
                "name": "Deepak Ramaraju",
                "qualification": "",
                "total_exp": "21 Years"
            },
            {
                "managing_fund_since": "July 05, 2019",
                "name": "Gargi Bhattacharyya Banerjee",
                "qualification": "",
                "total_exp": "22 Years"
            },
            {
                "managing_fund_since": "October 03, 2024",
                "name": "Sudip Suresh More",
                "qualification": "",
                "total_exp": "19 Years"
            }
        ],
        "load": {
            "entry_load": "",
            "exit_load": "If redeemed  switched-out within 90 days from the date of allotment Upto 12 of units Nil More than 12 of units 1 of applicable Net Asset Value (NAV) NI If redeemedswitched-out after 90 days from the date of allotment Nil"
        },
        "main_scheme_name": "SHRIRAM BALANCED ADVANTAGE FUND",
        "metrics": {
            "alpha": null,
            "arithmetic_mean_ratio": null,
            "average_div_yld": null,
            "average_pb": null,
            "average_pe": null,
            "avg_maturity": null,
            "beta": "1.05",
            "correlation_ratio": null,
            "downside_deviation": null,
            "information_ratio": null,
            "macaulay": null,
            "mod_duration": null,
            "port_turnover_ratio": null,
            "r_squared_ratio": null,
            "roe_ratio": null,
            "sharpe": "0.05",
            "sortino_ratio": null,
            "std_dev": "9.70",
            "tracking_error": null,
            "treynor_ratio": null,
            "upside_deviation": null,
            "ytm": null
        },
        "min_addl_amt": "\u20b9 500",
        "min_addl_amt_multiple": "\u20b9 1",
        "min_amt": "\u20b9 500",
        "min_amt_multiple": "\u20b9 1",
        "monthly_aaum_date": "30-04-2025",
        "monthly_aaum_value": "\u20b9 60.15 cr",
        "mutual_fund_name": "Shriram Mutual fund",
        "page_number": [
            12,
            13
        ],
        "scheme_launch_date": ""
    },
    "SHRIRAM OVERNIGHT FUND": {
        "amc_name": "Shriram Asset Management Company Limited",
        "benchmark_index": "Crisil Liquid Overnight Index",
        "fund_manager": [
            {
                "managing_fund_since": "August 26, 2022",
                "name": "Deepak Ramaraju",
                "qualification": "",
                "total_exp": "21 Years"
            },
            {
                "managing_fund_since": "August 26, 2022",
                "name": "Gargi Bhattacharyya Banerjee",
                "qualification": "",
                "total_exp": "22 Years"
            },
            {
                "managing_fund_since": "October 03, 2024",
                "name": "Sudip Suresh More",
                "qualification": "",
                "total_exp": "19 Years"
            }
        ],
        "load": {
            "entry_load": "",
            "exit_load": "NIL"
        },
        "main_scheme_name": "SHRIRAM OVERNIGHT FUND",
        "metrics": {
            "alpha": null,
            "arithmetic_mean_ratio": null,
            "average_div_yld": null,
            "average_pb": null,
            "average_pe": null,
            "avg_maturity": null,
            "beta": null,
            "correlation_ratio": null,
            "downside_deviation": null,
            "information_ratio": null,
            "macaulay": null,
            "mod_duration": null,
            "port_turnover_ratio": null,
            "r_squared_ratio": null,
            "roe_ratio": null,
            "sharpe": null,
            "sortino_ratio": null,
            "std_dev": null,
            "tracking_error": null,
            "treynor_ratio": null,
            "upside_deviation": null,
            "ytm": null
        },
        "min_addl_amt": "\u20b9 500",
        "min_addl_amt_multiple": "\u20b9 1",
        "min_amt": "\u20b9 500",
        "min_amt_multiple": "\u20b9 1",
        "monthly_aaum_date": "30-04-2025",
        "monthly_aaum_value": "\u20b9 195.12 Cr",
        "mutual_fund_name": "Shriram Mutual fund",
        "page_number": [
            14,
            15
        ],
        "scheme_launch_date": ""
    },
    "SHRIRAM MULTI ASSET ALLOCATION FUND": {
        "amc_name": "Shriram Asset Management Company Limited",
        "benchmark_index": "Nifty 50 TRI",
        "fund_manager": [
            {
                "managing_fund_since": "September 08, 2023",
                "name": "Deepak Ramaraju",
                "qualification": "",
                "total_exp": "21 Years"
            },
            {
                "managing_fund_since": "September 08, 2023",
                "name": "Gargi Bhattacharyya Banerjee",
                "qualification": "",
                "total_exp": "22 Years"
            },
            {
                "managing_fund_since": "October 03, 2024",
                "name": "Sudip Suresh More",
                "qualification": "",
                "total_exp": "19 Years"
            }
        ],
        "load": {
            "entry_load": "",
            "exit_load": "If redeemedswitched-out within 90 days from the date of allotment- Upto 12 of units Nil More than 12 of units 1 of applicable Net N Asset Value (NAV) If redeemedswitched-out after 90 days from the date of allotment Nil"
        },
        "main_scheme_name": "SHRIRAM MULTI ASSET ALLOCATION FUND",
        "metrics": {
            "alpha": null,
            "arithmetic_mean_ratio": null,
            "average_div_yld": null,
            "average_pb": null,
            "average_pe": null,
            "avg_maturity": "2.65 years",
            "beta": "0.92",
            "correlation_ratio": null,
            "downside_deviation": null,
            "information_ratio": "-0.54",
            "macaulay": "2.41 years",
            "mod_duration": "2.25 years",
            "port_turnover_ratio": null,
            "r_squared_ratio": null,
            "roe_ratio": null,
            "sharpe": null,
            "sortino_ratio": null,
            "std_dev": "11.10",
            "tracking_error": null,
            "treynor_ratio": null,
            "upside_deviation": null,
            "ytm": "7.59"
        },
        "min_addl_amt": "\u20b9 500",
        "min_addl_amt_multiple": "\u20b9 1",
        "min_amt": "\u20b9 500",
        "min_amt_multiple": "\u20b9 1",
        "monthly_aaum_date": "30-04-2025",
        "monthly_aaum_value": "\u20b9 145.43 cr",
        "mutual_fund_name": "Shriram Mutual fund",
        "page_number": [
            16,
            17
        ],
        "scheme_launch_date": ""
    },
    "SHRIRAM Nifty 1D Rate Liquid ETF": {
        "amc_name": "Shriram Asset Management Company Limited",
        "benchmark_index": "NIFTY 1D Rate Index",
        "fund_manager": [
            {
                "managing_fund_since": "July 5, 2024",
                "name": "Deepak Ramaraju",
                "qualification": "",
                "total_exp": "21 Years"
            },
            {
                "managing_fund_since": "July 5, 2024",
                "name": "Gargi Bhattacharyya Banerjee",
                "qualification": "",
                "total_exp": "22 Years"
            },
            {
                "managing_fund_since": "October 03, 2024",
                "name": "Sudip Suresh More",
                "qualification": "",
                "total_exp": "19 Years"
            }
        ],
        "load": {
            "entry_load": "",
            "exit_load": "NIL"
        },
        "main_scheme_name": "SHRIRAM Nifty 1D Rate Liquid ETF",
        "metrics": {
            "alpha": null,
            "arithmetic_mean_ratio": null,
            "average_div_yld": null,
            "average_pb": null,
            "average_pe": null,
            "avg_maturity": null,
            "beta": null,
            "correlation_ratio": null,
            "downside_deviation": null,
            "information_ratio": null,
            "macaulay": null,
            "mod_duration": null,
            "port_turnover_ratio": null,
            "r_squared_ratio": null,
            "roe_ratio": null,
            "sharpe": null,
            "sortino_ratio": null,
            "std_dev": null,
            "tracking_error": null,
            "treynor_ratio": null,
            "upside_deviation": null,
            "ytm": null
        },
        "min_addl_amt": "",
        "min_addl_amt_multiple": "",
        "min_amt": "",
        "min_amt_multiple": "",
        "monthly_aaum_date": "30-04-2025",
        "monthly_aaum_value": "\u20b9 23.27 Cr",
        "mutual_fund_name": "Shriram Mutual fund",
        "page_number": [
            18
        ],
        "scheme_launch_date": ""
    },
    "SHRIRAM LIQUID FUND": {
        "amc_name": "Shriram Asset Management Company Limited",
        "benchmark_index": "Nifty Liquid Index",
        "fund_manager": [
            {
                "managing_fund_since": "14 November, 2024",
                "name": "Deepak Ramaraju",
                "qualification": "",
                "total_exp": "21 Years"
            },
            {
                "managing_fund_since": "14 November, 2024",
                "name": "Gargi Bhattacharyya Banerjee",
                "qualification": "",
                "total_exp": "22 Years"
            },
            {
                "managing_fund_since": "14 November, 2024",
                "name": "Sudip Suresh More",
                "qualification": "",
                "total_exp": "19 Years"
            }
        ],
        "load": {
            "entry_load": "",
            "exit_load": "Investor exit upon Subscription Exit load as a  of rede proceeds Investor exit upon Subscription Exit load as a  of redemption proce Day 1 0.0070 Day 2 0.0065 Day 3 0.0060 Day 4 0.0055 Day 5 0.0050 Day 6 0.0045 Day 7 onwards 0.0000"
        },
        "main_scheme_name": "SHRIRAM LIQUID FUND",
        "metrics": {
            "alpha": null,
            "arithmetic_mean_ratio": null,
            "average_div_yld": null,
            "average_pb": null,
            "average_pe": null,
            "avg_maturity": null,
            "beta": null,
            "correlation_ratio": null,
            "downside_deviation": null,
            "information_ratio": null,
            "macaulay": null,
            "mod_duration": null,
            "port_turnover_ratio": null,
            "r_squared_ratio": null,
            "roe_ratio": null,
            "sharpe": null,
            "sortino_ratio": null,
            "std_dev": null,
            "tracking_error": null,
            "treynor_ratio": null,
            "upside_deviation": null,
            "ytm": null
        },
        "min_addl_amt": "",
        "min_addl_amt_multiple": "",
        "min_amt": "",
        "min_amt_multiple": "",
        "monthly_aaum_date": "30-04-2025",
        "monthly_aaum_value": "\u20b9 120.00 Cr",
        "mutual_fund_name": "Shriram Mutual fund",
        "page_number": [
            19,
            20
        ],
        "scheme_launch_date": ""
    },
    "SHRIRAM MULTI SECTOR ROTATION FUND": {
        "amc_name": "Shriram Asset Management Company Limited",
        "benchmark_index": "Nifty 500 TRI",
        "fund_manager": [
            {
                "managing_fund_since": "December 09, 2024",
                "name": "Deepak Ramaraju",
                "qualification": "",
                "total_exp": "21 Years"
            },
            {
                "managing_fund_since": "December 09, 2024",
                "name": "Gargi Bhattacharyya Banerjee",
                "qualification": "",
                "total_exp": "22 Years"
            }
        ],
        "load": {
            "entry_load": "",
            "exit_load": "1 of the applicable NAV, if redeemed within 3 months from the date of allotment. Nil if redeemed after 3 months from the date of allotment."
        },
        "main_scheme_name": "SHRIRAM MULTI SECTOR ROTATION FUND",
        "metrics": {
            "alpha": null,
            "arithmetic_mean_ratio": null,
            "average_div_yld": null,
            "average_pb": null,
            "average_pe": null,
            "avg_maturity": null,
            "beta": null,
            "correlation_ratio": null,
            "downside_deviation": null,
            "information_ratio": null,
            "macaulay": null,
            "mod_duration": null,
            "port_turnover_ratio": null,
            "r_squared_ratio": null,
            "roe_ratio": null,
            "sharpe": null,
            "sortino_ratio": null,
            "std_dev": null,
            "tracking_error": null,
            "treynor_ratio": null,
            "upside_deviation": null,
            "ytm": null
        },
        "min_addl_amt": "\u20b9 500",
        "min_addl_amt_multiple": "\u20b9 1",
        "min_amt": "\u20b9 500",
        "min_amt_multiple": "\u20b9 1",
        "monthly_aaum_date": "30-04-2025",
        "monthly_aaum_value": "\u20b9 186.01 Cr",
        "mutual_fund_name": "Shriram Mutual fund",
        "page_number": [
            21
        ],
        "scheme_launch_date": ""
    }
}