{
    "TRUSTMF Flexi Cap Fund": {
        "amc_name": "Trust Asset Management Private Limited",
        "benchmark_index": "NIFTY 500 TRI",
        "fund_manager": [
            {
                "managing_fund_since": "Since Inception",
                "name": "Mihir Vora",
                "qualification": "",
                "total_exp": "29 Years"
            },
            {
                "managing_fund_since": "Since Inception",
                "name": "Aakash Manghani",
                "qualification": "",
                "total_exp": "14 Years"
            }
        ],
        "load": {
            "entry_load": "Nil",
            "exit_load": "1 - If redeemed switched out within 180 days from the date of allotment. Nil if redeemedswitched out after 180 days from the date of allotment"
        },
        "main_scheme_name": "TRUSTMF Flexi Cap Fund",
        "metrics": {
            "alpha": null,
            "arithmetic_mean_ratio": null,
            "average_div_yld": null,
            "average_pb": null,
            "average_pe": null,
            "avg_maturity": null,
            "beta": null,
            "correlation_ratio": null,
            "downside_deviation": null,
            "information_ratio": null,
            "macaulay": null,
            "mod_duration": null,
            "port_turnover_ratio": null,
            "r_squared_ratio": null,
            "roe_ratio": null,
            "sharpe": null,
            "sortino_ratio": null,
            "std_dev": null,
            "tracking_error": null,
            "treynor_ratio": null,
            "upside_deviation": null,
            "ytm": null
        },
        "min_addl_amt": "\u20b9 1,000",
        "min_addl_amt_multiple": ".",
        "min_amt": "",
        "min_amt_multiple": "",
        "monthly_aaum_date": "30-04-2025",
        "monthly_aaum_value": "\u20b9 878.13",
        "mutual_fund_name": "Trust Mutual Fund",
        "page_number": [
            7
        ],
        "scheme_launch_date": "26 April 2024"
    },
    "TRUSTMF Small Cap Fund": {
        "amc_name": "Trust Asset Management Private Limited",
        "benchmark_index": "NIFTY Smallcap 250 TRI",
        "fund_manager": [
            {
                "managing_fund_since": "Since Inception",
                "name": "Mihir Vora",
                "qualification": "",
                "total_exp": "29 Years"
            },
            {
                "managing_fund_since": "Since Inception",
                "name": "Aakash Manghani",
                "qualification": "",
                "total_exp": "14 Years"
            }
        ],
        "load": {
            "entry_load": "Nil",
            "exit_load": "1 - If redeemed switched out within 180 days from the date of allotment. Nil - if redeemedswitched out after 180 days from the date of allotment"
        },
        "main_scheme_name": "TRUSTMF Small Cap Fund",
        "metrics": {
            "alpha": null,
            "arithmetic_mean_ratio": null,
            "average_div_yld": null,
            "average_pb": null,
            "average_pe": null,
            "avg_maturity": null,
            "beta": null,
            "correlation_ratio": null,
            "downside_deviation": null,
            "information_ratio": null,
            "macaulay": null,
            "mod_duration": null,
            "port_turnover_ratio": null,
            "r_squared_ratio": null,
            "roe_ratio": null,
            "sharpe": null,
            "sortino_ratio": null,
            "std_dev": null,
            "tracking_error": null,
            "treynor_ratio": null,
            "upside_deviation": null,
            "ytm": null
        },
        "min_addl_amt": "\u20b9 1,000",
        "min_addl_amt_multiple": ".",
        "min_amt": "",
        "min_amt_multiple": "",
        "monthly_aaum_date": "30-04-2025",
        "monthly_aaum_value": "\u20b9 559.49",
        "mutual_fund_name": "Trust Mutual Fund",
        "page_number": [
            8
        ],
        "scheme_launch_date": "04 November 2024"
    },
    "TRUSTMF Banking & PSU Fund": {
        "amc_name": "Trust Asset Management Private Limited",
        "benchmark_index": "Tier I Benchmark - CRISIL Banking and PSU Debt A-II Index Tier II Benchmark - CRISIL Select AAA Roll Down Banking  PSU Debt Index",
        "fund_manager": [
            {
                "managing_fund_since": "11 June 2024",
                "name": "Jalpan Shah Since",
                "qualification": "",
                "total_exp": "20 Years"
            },
            {
                "managing_fund_since": "11 April 2024",
                "name": "Neeraj Jain Since",
                "qualification": "",
                "total_exp": "7 Years"
            }
        ],
        "load": {
            "entry_load": "Nil",
            "exit_load": "Nil"
        },
        "main_scheme_name": "TRUSTMF Banking & PSU Fund",
        "metrics": {
            "alpha": null,
            "arithmetic_mean_ratio": null,
            "average_div_yld": null,
            "average_pb": null,
            "average_pe": null,
            "avg_maturity": "3.18 Years",
            "beta": null,
            "correlation_ratio": null,
            "downside_deviation": null,
            "information_ratio": null,
            "macaulay": "2.79 Years",
            "mod_duration": "2.62 Years",
            "port_turnover_ratio": null,
            "r_squared_ratio": null,
            "roe_ratio": null,
            "sharpe": null,
            "sortino_ratio": null,
            "std_dev": null,
            "tracking_error": null,
            "treynor_ratio": null,
            "upside_deviation": null,
            "ytm": "7.41"
        },
        "min_addl_amt": "",
        "min_addl_amt_multiple": "",
        "min_amt": "\u20b9 1,000",
        "min_amt_multiple": "",
        "monthly_aaum_date": "30-04-2025",
        "monthly_aaum_value": "\u20b9 230.05",
        "mutual_fund_name": "Trust Mutual Fund",
        "page_number": [
            9
        ],
        "scheme_launch_date": "1 February 2021"
    },
    "TRUSTMF Corporate Bond Fund": {
        "amc_name": "Trust Asset Management Private Limited",
        "benchmark_index": "Tier I Benchmark - CRISIL Corporate Debt A-II Index Tier II Benchmark - CRISIL Select AAA Corporate Bond Fund Index",
        "fund_manager": [
            {
                "managing_fund_since": "11 June 2024",
                "name": "Jalpan Shah Since",
                "qualification": "",
                "total_exp": "20 Years"
            },
            {
                "managing_fund_since": "11 April 2024",
                "name": "Neeraj Jain Since",
                "qualification": "",
                "total_exp": "7 Years"
            }
        ],
        "load": {
            "entry_load": "Nil",
            "exit_load": "Nil"
        },
        "main_scheme_name": "TRUSTMF Corporate Bond Fund",
        "metrics": {
            "alpha": null,
            "arithmetic_mean_ratio": null,
            "average_div_yld": null,
            "average_pb": null,
            "average_pe": null,
            "avg_maturity": "4.89 Years",
            "beta": null,
            "correlation_ratio": null,
            "downside_deviation": null,
            "information_ratio": null,
            "macaulay": "4.33 Years",
            "mod_duration": "4.15 Years",
            "port_turnover_ratio": null,
            "r_squared_ratio": null,
            "roe_ratio": null,
            "sharpe": null,
            "sortino_ratio": null,
            "std_dev": null,
            "tracking_error": null,
            "treynor_ratio": null,
            "upside_deviation": null,
            "ytm": "7.28"
        },
        "min_addl_amt": "",
        "min_addl_amt_multiple": "",
        "min_amt": "\u20b9 1,000",
        "min_amt_multiple": "",
        "monthly_aaum_date": "30-04-2025",
        "monthly_aaum_value": "\u20b9 69.82",
        "mutual_fund_name": "Trust Mutual Fund",
        "page_number": [
            10
        ],
        "scheme_launch_date": "20 January 2023"
    },
    "TRUSTMF Short Duration Fund": {
        "amc_name": "Trust Asset Management Private Limited",
        "benchmark_index": "Tier I Benchmark - CRISIL Short Duration Debt A-II Index Tier II Benchmark - CRISIL Select AAA Short Duration Fund Index",
        "fund_manager": [
            {
                "managing_fund_since": "11 June 2024",
                "name": "Jalpan Shah Since",
                "qualification": "",
                "total_exp": "20 Years"
            },
            {
                "managing_fund_since": "11 April 2024",
                "name": "Neeraj Jain Since",
                "qualification": "",
                "total_exp": "7 Years"
            }
        ],
        "load": {
            "entry_load": "Nil",
            "exit_load": "Nil"
        },
        "main_scheme_name": "TRUSTMF Short Duration Fund",
        "metrics": {
            "alpha": null,
            "arithmetic_mean_ratio": null,
            "average_div_yld": null,
            "average_pb": null,
            "average_pe": null,
            "avg_maturity": "3.45 Years",
            "beta": null,
            "correlation_ratio": null,
            "downside_deviation": null,
            "information_ratio": null,
            "macaulay": "2.97 Years",
            "mod_duration": "2.81 Years",
            "port_turnover_ratio": null,
            "r_squared_ratio": null,
            "roe_ratio": null,
            "sharpe": null,
            "sortino_ratio": null,
            "std_dev": null,
            "tracking_error": null,
            "treynor_ratio": null,
            "upside_deviation": null,
            "ytm": "7.30"
        },
        "min_addl_amt": "",
        "min_addl_amt_multiple": "",
        "min_amt": "\u20b9 1,000",
        "min_amt_multiple": "",
        "monthly_aaum_date": "30-04-2025",
        "monthly_aaum_value": "\u20b9 118.97",
        "mutual_fund_name": "Trust Mutual Fund",
        "page_number": [
            11
        ],
        "scheme_launch_date": "06 August 2021"
    },
    "TRUSTMF Money Market Fund": {
        "amc_name": "Trust Asset Management Private Limited",
        "benchmark_index": "Tier I Benchmark - CRISIL Money Market A-I Index",
        "fund_manager": [
            {
                "managing_fund_since": "11 June 2024",
                "name": "Jalpan Shah Since",
                "qualification": "",
                "total_exp": "20 Years"
            },
            {
                "managing_fund_since": "11 April 2024",
                "name": "Neeraj Jain Since",
                "qualification": "",
                "total_exp": "7 Years"
            }
        ],
        "load": {
            "entry_load": "Nil",
            "exit_load": "Nil"
        },
        "main_scheme_name": "TRUSTMF Money Market Fund",
        "metrics": {
            "alpha": null,
            "arithmetic_mean_ratio": null,
            "average_div_yld": null,
            "average_pb": null,
            "average_pe": null,
            "avg_maturity": "166 Days",
            "beta": null,
            "correlation_ratio": null,
            "downside_deviation": null,
            "information_ratio": null,
            "macaulay": "166 Days",
            "mod_duration": "155 Days",
            "port_turnover_ratio": null,
            "r_squared_ratio": null,
            "roe_ratio": null,
            "sharpe": null,
            "sortino_ratio": null,
            "std_dev": null,
            "tracking_error": null,
            "treynor_ratio": null,
            "upside_deviation": null,
            "ytm": "7.34"
        },
        "min_addl_amt": "",
        "min_addl_amt_multiple": "",
        "min_amt": "\u20b9 1,000",
        "min_amt_multiple": "",
        "monthly_aaum_date": "30-04-2025",
        "monthly_aaum_value": "\u20b9 93.11",
        "mutual_fund_name": "Trust Mutual Fund",
        "page_number": [
            12
        ],
        "scheme_launch_date": "17 August 2022"
    },
    "TRUSTMF Liquid Fund": {
        "amc_name": "Trust Asset Management Private Limited",
        "benchmark_index": "Tier I Benchmark - CRISIL Liquid Debt A-I Index Tier II Benchmark - CRISIL Select AAA Liquid Fund Index",
        "fund_manager": [
            {
                "managing_fund_since": "11 June 2024",
                "name": "Jalpan Shah Since",
                "qualification": "",
                "total_exp": "20 Years"
            },
            {
                "managing_fund_since": "11 April 2024",
                "name": "Neeraj Jain Since",
                "qualification": "",
                "total_exp": "7 Years"
            }
        ],
        "load": {
            "entry_load": "Nil",
            "exit_load": "Exit Load as a  of redemption proceeds (including systematic transactions) Up to Day 1  0.0070, Day 2  0.0065, Day 3  0.0060, Day 4  0.0055, Day 5  0.0050, Day 6  0.0045, Day 7 onwards Nil"
        },
        "main_scheme_name": "TRUSTMF Liquid Fund",
        "metrics": {
            "alpha": null,
            "arithmetic_mean_ratio": null,
            "average_div_yld": null,
            "average_pb": null,
            "average_pe": null,
            "avg_maturity": "37 Days",
            "beta": null,
            "correlation_ratio": null,
            "downside_deviation": null,
            "information_ratio": null,
            "macaulay": "37 Days",
            "mod_duration": "35 Days",
            "port_turnover_ratio": null,
            "r_squared_ratio": null,
            "roe_ratio": null,
            "sharpe": null,
            "sortino_ratio": null,
            "std_dev": null,
            "tracking_error": null,
            "treynor_ratio": null,
            "upside_deviation": null,
            "ytm": "7.09"
        },
        "min_addl_amt": "",
        "min_addl_amt_multiple": "",
        "min_amt": "\u20b9 1,000",
        "min_amt_multiple": "",
        "monthly_aaum_date": "30-04-2025",
        "monthly_aaum_value": "\u20b9 350.15",
        "mutual_fund_name": "Trust Mutual Fund",
        "page_number": [
            13
        ],
        "scheme_launch_date": "23 April 2021"
    },
    "TRUSTMF Overnight Fund": {
        "amc_name": "Trust Asset Management Private Limited",
        "benchmark_index": "CRISIL Liquid Overnight Index",
        "fund_manager": [
            {
                "managing_fund_since": "11 June 2024",
                "name": "Jalpan Shah Since",
                "qualification": "",
                "total_exp": "20 Years"
            },
            {
                "managing_fund_since": "11 April 2024",
                "name": "Neeraj Jain Since",
                "qualification": "",
                "total_exp": "7 Years"
            }
        ],
        "load": {
            "entry_load": "Nil",
            "exit_load": "Nil"
        },
        "main_scheme_name": "TRUSTMF Overnight Fund",
        "metrics": {
            "alpha": null,
            "arithmetic_mean_ratio": null,
            "average_div_yld": null,
            "average_pb": null,
            "average_pe": null,
            "avg_maturity": "3 Days",
            "beta": null,
            "correlation_ratio": null,
            "downside_deviation": null,
            "information_ratio": null,
            "macaulay": "3 Days",
            "mod_duration": "3 Days",
            "port_turnover_ratio": null,
            "r_squared_ratio": null,
            "roe_ratio": null,
            "sharpe": null,
            "sortino_ratio": null,
            "std_dev": null,
            "tracking_error": null,
            "treynor_ratio": null,
            "upside_deviation": null,
            "ytm": "6.36"
        },
        "min_addl_amt": "",
        "min_addl_amt_multiple": "",
        "min_amt": "\u20b9 1,000",
        "min_amt_multiple": "",
        "monthly_aaum_date": "30-04-2025",
        "monthly_aaum_value": "\u20b9 203.72",
        "mutual_fund_name": "Trust Mutual Fund",
        "page_number": [
            14
        ],
        "scheme_launch_date": "19 January 2022"
    }
}