{
    "Zerodha Nifty LargeMidcap 250 Index Fund": {
        "amc_name": "Zerodha Asset Management Private Limited",
        "benchmark_index": "Nifty LargeMidcap 250 Index-TRI",
        "fund_manager": [
            {
                "managing_fund_since": "Nov 2023",
                "name": "Kedarnath Mirajkar J",
                "qualification": "",
                "total_exp": "19 Years"
            }
        ],
        "load": {
            "entry_load": null,
            "exit_load": "0"
        },
        "main_scheme_name": "Zerodha Nifty LargeMidcap 250 Index Fund",
        "metrics": {
            "alpha": null,
            "arithmetic_mean_ratio": null,
            "average_div_yld": null,
            "average_pb": null,
            "average_pe": null,
            "avg_maturity": null,
            "beta": null,
            "correlation_ratio": null,
            "downside_deviation": null,
            "information_ratio": null,
            "macaulay": null,
            "mod_duration": null,
            "port_turnover_ratio": "0.13",
            "r_squared_ratio": null,
            "roe_ratio": null,
            "sharpe": null,
            "sortino_ratio": null,
            "std_dev": null,
            "tracking_error": "0.03",
            "treynor_ratio": null,
            "upside_deviation": null,
            "ytm": null
        },
        "min_addl_amt": "",
        "min_addl_amt_multiple": "",
        "min_amt": "\u20b9 7100",
        "min_amt_multiple": "",
        "monthly_aaum_date": "30-04-2025",
        "monthly_aaum_value": "\u20b9 760.83 Cr",
        "mutual_fund_name": "Zerodha Mutual Fund",
        "page_number": [
            3
        ],
        "scheme_launch_date": "8th Nov 2023"
    },
    "Zerodha ELSS Tax Saver Nifty LargeMidcap 250 Index Fund": {
        "amc_name": "Zerodha Asset Management Private Limited",
        "benchmark_index": "Nifty LargeMidcap 250 Index-TRI",
        "fund_manager": [
            {
                "managing_fund_since": "Nov 2023",
                "name": "Kedarnath Mirajkar J",
                "qualification": "",
                "total_exp": "19 Years"
            }
        ],
        "load": {
            "entry_load": null,
            "exit_load": "0"
        },
        "main_scheme_name": "Zerodha ELSS Tax Saver Nifty LargeMidcap 250 Index Fund",
        "metrics": {
            "alpha": null,
            "arithmetic_mean_ratio": null,
            "average_div_yld": null,
            "average_pb": null,
            "average_pe": null,
            "avg_maturity": null,
            "beta": null,
            "correlation_ratio": null,
            "downside_deviation": null,
            "information_ratio": null,
            "macaulay": null,
            "mod_duration": null,
            "port_turnover_ratio": "0.13",
            "r_squared_ratio": null,
            "roe_ratio": null,
            "sharpe": null,
            "sortino_ratio": null,
            "std_dev": null,
            "tracking_error": "0.04",
            "treynor_ratio": null,
            "upside_deviation": null,
            "ytm": null
        },
        "min_addl_amt": "",
        "min_addl_amt_multiple": "",
        "min_amt": "\u20b9 500",
        "min_amt_multiple": "",
        "monthly_aaum_date": "30-04-2025",
        "monthly_aaum_value": "\u20b9 160.90 Cr",
        "mutual_fund_name": "Zerodha Mutual Fund",
        "page_number": [
            5
        ],
        "scheme_launch_date": "8th Nov 2023"
    },
    "Zerodha Nifty 1D Rate Liquid ETF": {
        "amc_name": "Zerodha Asset Management Private Limited",
        "benchmark_index": "Nifty 1D Rate Index",
        "fund_manager": [
            {
                "managing_fund_since": "Jan 2025",
                "name": "Kedarnath Mirajkar J",
                "qualification": "",
                "total_exp": "19 Years"
            }
        ],
        "load": {
            "entry_load": null,
            "exit_load": "0"
        },
        "main_scheme_name": "Zerodha Nifty 1D Rate Liquid ETF",
        "metrics": {
            "alpha": null,
            "arithmetic_mean_ratio": null,
            "average_div_yld": null,
            "average_pb": null,
            "average_pe": null,
            "avg_maturity": "0.01",
            "beta": null,
            "correlation_ratio": null,
            "downside_deviation": null,
            "information_ratio": null,
            "macaulay": "0.01",
            "mod_duration": null,
            "port_turnover_ratio": null,
            "r_squared_ratio": null,
            "roe_ratio": null,
            "sharpe": null,
            "sortino_ratio": null,
            "std_dev": null,
            "tracking_error": ".",
            "treynor_ratio": null,
            "upside_deviation": null,
            "ytm": null
        },
        "min_addl_amt": "",
        "min_addl_amt_multiple": "",
        "min_amt": "\u20b9 1",
        "min_amt_multiple": "",
        "monthly_aaum_date": "30-04-2025",
        "monthly_aaum_value": "\u20b9 3670.65 Cr",
        "mutual_fund_name": "Zerodha Mutual Fund",
        "page_number": [
            7
        ],
        "scheme_launch_date": "17th Jan 2024"
    },
    "Zerodha Gold ETF": {
        "amc_name": "Zerodha Asset Management Private Limited",
        "benchmark_index": "Domestic Price of Physical Gold",
        "fund_manager": [
            {
                "managing_fund_since": "Feb 2024",
                "name": "Shyamagarwal Fj",
                "qualification": "",
                "total_exp": "4 Years"
            },
            {
                "managing_fund_since": "Sep 20",
                "name": "Also Manages Size Zerodha Gold Etffof Kedarnath Mirajkar J",
                "qualification": "",
                "total_exp": "19 Years"
            }
        ],
        "load": {
            "entry_load": null,
            "exit_load": "0"
        },
        "main_scheme_name": "Zerodha Gold ETF",
        "metrics": {
            "alpha": null,
            "arithmetic_mean_ratio": null,
            "average_div_yld": null,
            "average_pb": null,
            "average_pe": null,
            "avg_maturity": null,
            "beta": null,
            "correlation_ratio": null,
            "downside_deviation": null,
            "information_ratio": null,
            "macaulay": null,
            "mod_duration": null,
            "port_turnover_ratio": null,
            "r_squared_ratio": null,
            "roe_ratio": null,
            "sharpe": null,
            "sortino_ratio": null,
            "std_dev": null,
            "tracking_error": "0.36",
            "treynor_ratio": null,
            "upside_deviation": null,
            "ytm": null
        },
        "min_addl_amt": "",
        "min_addl_amt_multiple": "",
        "min_amt": "\u20b9 1",
        "min_amt_multiple": "",
        "monthly_aaum_date": "30-04-2025",
        "monthly_aaum_value": "\u20b9 2180.36 Cr",
        "mutual_fund_name": "Zerodha Mutual Fund",
        "page_number": [
            9
        ],
        "scheme_launch_date": "26th Feb 2024"
    },
    "Zerodha Nifty \u2028 100 ETF": {
        "amc_name": "Zerodha Asset Management Private Limited",
        "benchmark_index": "Nifty 100 Index-TRI",
        "fund_manager": [
            {
                "managing_fund_since": "Jun 202",
                "name": "Mr. Kedarnath Mirajkar Jj",
                "qualification": "",
                "total_exp": "19 Years"
            }
        ],
        "load": {
            "entry_load": null,
            "exit_load": "0"
        },
        "main_scheme_name": "Zerodha Nifty \u2028 100 ETF",
        "metrics": {
            "alpha": null,
            "arithmetic_mean_ratio": null,
            "average_div_yld": null,
            "average_pb": null,
            "average_pe": null,
            "avg_maturity": null,
            "beta": null,
            "correlation_ratio": null,
            "downside_deviation": null,
            "information_ratio": null,
            "macaulay": null,
            "mod_duration": null,
            "port_turnover_ratio": null,
            "r_squared_ratio": null,
            "roe_ratio": null,
            "sharpe": null,
            "sortino_ratio": null,
            "std_dev": null,
            "tracking_error": null,
            "treynor_ratio": null,
            "upside_deviation": null,
            "ytm": null
        },
        "min_addl_amt": "",
        "min_addl_amt_multiple": "",
        "min_amt": "\u20b9 1",
        "min_amt_multiple": "",
        "monthly_aaum_date": "30-04-2025",
        "monthly_aaum_value": "\u20b9 42.06 Cr",
        "mutual_fund_name": "Zerodha Mutual Fund",
        "page_number": [
            11
        ],
        "scheme_launch_date": "12th Jun 2024"
    },
    "Zerodha Nifty Midcap 150 ETF": {
        "amc_name": "Zerodha Asset Management Private Limited",
        "benchmark_index": "Nifty Midcap150 Index-TRI",
        "fund_manager": [
            {
                "managing_fund_since": "Jun 20",
                "name": "Mr. Kedarnath Mirajkar Jj",
                "qualification": "",
                "total_exp": "19 Years"
            }
        ],
        "load": {
            "entry_load": null,
            "exit_load": "0"
        },
        "main_scheme_name": "Zerodha Nifty Midcap 150 ETF",
        "metrics": {
            "alpha": null,
            "arithmetic_mean_ratio": null,
            "average_div_yld": null,
            "average_pb": null,
            "average_pe": null,
            "avg_maturity": null,
            "beta": null,
            "correlation_ratio": null,
            "downside_deviation": null,
            "information_ratio": null,
            "macaulay": null,
            "mod_duration": null,
            "port_turnover_ratio": "0.16",
            "r_squared_ratio": null,
            "roe_ratio": null,
            "sharpe": null,
            "sortino_ratio": null,
            "std_dev": null,
            "tracking_error": "0.07",
            "treynor_ratio": null,
            "upside_deviation": null,
            "ytm": null
        },
        "min_addl_amt": "",
        "min_addl_amt_multiple": "",
        "min_amt": "\u20b9 1",
        "min_amt_multiple": "",
        "monthly_aaum_date": "30-04-2025",
        "monthly_aaum_value": "\u20b9 51.25 Cr",
        "mutual_fund_name": "Zerodha Mutual Fund",
        "page_number": [
            13
        ],
        "scheme_launch_date": "12th Jun 2024"
    },
    "Zerodha Gold ETF FoF": {
        "amc_name": "Zerodha Asset Management Private Limited",
        "benchmark_index": "Domestic Price of Physical Gold",
        "fund_manager": [
            {
                "managing_fund_since": "Nov 2024",
                "name": "Shyamagarwal Fj",
                "qualification": "",
                "total_exp": "4 Years"
            },
            {
                "managing_fund_since": "Nov 2024",
                "name": "Also Manages Zerodha Gold Etf Mr. Kedarnath Mirajkar J",
                "qualification": "",
                "total_exp": "19 Years"
            }
        ],
        "load": {
            "entry_load": null,
            "exit_load": "0"
        },
        "main_scheme_name": "Zerodha Gold ETF FoF",
        "metrics": {
            "alpha": null,
            "arithmetic_mean_ratio": null,
            "average_div_yld": null,
            "average_pb": null,
            "average_pe": null,
            "avg_maturity": null,
            "beta": null,
            "correlation_ratio": null,
            "downside_deviation": null,
            "information_ratio": null,
            "macaulay": null,
            "mod_duration": null,
            "port_turnover_ratio": null,
            "r_squared_ratio": null,
            "roe_ratio": null,
            "sharpe": null,
            "sortino_ratio": null,
            "std_dev": null,
            "tracking_error": null,
            "treynor_ratio": null,
            "upside_deviation": null,
            "ytm": null
        },
        "min_addl_amt": "",
        "min_addl_amt_multiple": "",
        "min_amt": "\u20b9 1",
        "min_amt_multiple": "",
        "monthly_aaum_date": "30-04-2025",
        "monthly_aaum_value": "\u20b9 235.00 Cr",
        "mutual_fund_name": "Zerodha Mutual Fund",
        "page_number": [
            15
        ],
        "scheme_launch_date": "13th Nov 2024"
    }
}