{
 "metadata": {
  "document_name": "12_28-Feb-25_FS.pdf",
  "file_type": "fs",
  "process_date": "20250321"
 },
 "records": [
  {
   "value": {
    "amc_name": "HDFC Asset Management Company Limited",
    "benchmark_index": [
     "Bajaj Finserv Ltd. BSE SENSEX (Total Returns Index) Asian Paints Limited"
    ],
    "field_location": [
     {
      "amc_name": "6",
      "benchmark_index": "6",
      "count": 46,
      "fund_manager_managing_fund_since": "6",
      "fund_manager_name": "6",
      "fund_manager_total_exp": "6",
      "load_exit": "6",
      "main_scheme_name": "6",
      "metrics_port_turnover_ratio": "6",
      "metrics_tracking_error": "6",
      "min_amt": "6",
      "monthly_aaum_date": "6",
      "monthly_aaum_value": "6",
      "mutual_fund_name": "6",
      "scheme_launch_date": "6"
     }
    ],
    "fund_manager": [
     {
      "managing_fund_since": " february 15",
      "name": "Nirman Morakhia",
      "qualification": "",
      "total_exp": "2023 years"
     },
     {
      "managing_fund_since": " august 24",
      "name": "Arun Agarwal",
      "qualification": "",
      "total_exp": "2020 years"
     },
     {
      "managing_fund_since": "",
      "name": "Bank Ltd",
      "qualification": "",
      "total_exp": ""
     }
    ],
    "load": [
     {
      "comment": "$ • In respect of each purchase / switch-in of Units, an Exit Load of 0.25% is payable if Units are redeemed / switched-out within 3 days from the date of allotment. • No Exit load is payable if units are redeemed / switched-out after 3 days from the date of allotment. Industry llocation of E uity Holding ( of Net ssets) Ban s . IT Software 1 . Petroleum Products . Diversi ied Fmcg . utomobiles . Telecom Services . Construction . Finance . Power . Consumer Durables . Pharmaceuticals Biotechnology . Retailing 1. Cement Cement Products 1. Ferrous Metals 1. Transport Infrastructure . Food Products . 1",
      "type": "exit"
     }
    ],
    "main_scheme_name": "HDFC BSE Sensex Index Fund",
    "metrics": [
     {
      "name": "tracking_error",
      "value": "0.04"
     },
     {
      "name": "port_turnover_ratio",
      "value": "8.91"
     }
    ],
    "min_amt": "52",
    "monthly_aaum_date": "20250228",
    "monthly_aaum_value": "₹7,710.88Cr",
    "mutual_fund_name": "HDFC Mutual Fund",
    "scheme_launch_date": "20020717"
   }
  },
  {
   "value": {
    "amc_name": "HDFC Asset Management Company Limited",
    "benchmark_index": [
     "NIFTY 50 (Total Returns Index)"
    ],
    "field_location": [
     {
      "amc_name": "7",
      "benchmark_index": "7",
      "count": 46,
      "fund_manager_managing_fund_since": "7",
      "fund_manager_name": "7",
      "fund_manager_total_exp": "7",
      "load_exit": "7",
      "main_scheme_name": "7",
      "metrics_port_turnover_ratio": "7",
      "metrics_tracking_error": "7",
      "min_amt": "7",
      "monthly_aaum_date": "7",
      "monthly_aaum_value": "7",
      "mutual_fund_name": "7"
     }
    ],
    "fund_manager": [
     {
      "managing_fund_since": " february 15",
      "name": "Nirman Morakhia",
      "qualification": "",
      "total_exp": "2023 years"
     },
     {
      "managing_fund_since": " august 24",
      "name": "Arun Agarwal",
      "qualification": "",
      "total_exp": "2020 years"
     },
     {
      "managing_fund_since": "",
      "name": "Bank Ltd",
      "qualification": "",
      "total_exp": ""
     }
    ],
    "load": [
     {
      "comment": "$ • In respect of each purchase / switch-in of Units, an Exit Load of 0.25% is payable if Units are redeemed / switched-out within 3 days from the date of allotment. • No Exit load is payable if units are redeemed / switched-out after 3 days from the date of allotment Industry llocation of E uity Holding ( of Net ssets) Ban s . IT Software 1 .1 ssuming ₹ 1 , invested systematically on the first Business Day of every month over a period of time. C GR returns are Petroleum Products . computed after accounting for the cash flow by using XIRR method (investment internal rate of return) for Regular Plan - Growth utomobiles . Option. The above investment simulation is for illustrative purposes only and should not be construed as a promise on minimum Diversi ied Fmcg . returns and safeguard of capital. Finance . 1 Telecom Services . Construction . Pharmaceuticals Biotechnology . 1 Power . Consumer Durables . Ferrous Metals . Cement Cement Products . Food Products 1. Insurance 1. 1 Retailing 1. Non Ferrous Metals .",
      "type": "exit"
     }
    ],
    "main_scheme_name": "HDFC Nifty 50 Index Fund",
    "metrics": [
     {
      "name": "tracking_error",
      "value": "0.03"
     },
     {
      "name": "port_turnover_ratio",
      "value": "10.40"
     }
    ],
    "min_amt": "52",
    "monthly_aaum_date": "20250228",
    "monthly_aaum_value": "₹18,179.72Cr",
    "mutual_fund_name": "HDFC Mutual Fund"
   }
  },
  {
   "value": {
    "amc_name": "HDFC Asset Management Company Limited",
    "benchmark_index": [
     "NIFTY Next 50 (Total Returns Index)"
    ],
    "field_location": [
     {
      "amc_name": "8",
      "benchmark_index": "8",
      "count": 46,
      "fund_manager_managing_fund_since": "8",
      "fund_manager_name": "8",
      "fund_manager_total_exp": "8",
      "load_exit": "8",
      "main_scheme_name": "8",
      "metrics_port_turnover_ratio": "8",
      "metrics_tracking_error": "8",
      "min_amt": "8",
      "monthly_aaum_date": "8",
      "monthly_aaum_value": "8",
      "mutual_fund_name": "8",
      "scheme_launch_date": "8"
     }
    ],
    "fund_manager": [
     {
      "managing_fund_since": " february 15",
      "name": "Nirman Morakhia",
      "qualification": "",
      "total_exp": "2023 years"
     },
     {
      "managing_fund_since": " february 01",
      "name": "Arun Agarwal",
      "qualification": "",
      "total_exp": "2022 years"
     },
     {
      "managing_fund_since": "",
      "name": "Zomato Ltd",
      "qualification": "",
      "total_exp": ""
     },
     {
      "managing_fund_since": "",
      "name": "Aviation Ltd",
      "qualification": "",
      "total_exp": ""
     }
    ],
    "load": [
     {
      "comment": "$ Nil Industry llocation of E uity Holding ( of Net ssets) Finance 1 . Retailing 1 . Power . Pharmaceuticals Biotechnology . Ban s . Beverages . 1 Electrical E uipment . ssuming ₹ 1 , invested systematically on the first Business Day of every month over a period of time. C GR returns are Transport Services . computed after accounting for the cash flow by using XIRR method (investment internal rate of return) for Regular Plan - Growth Insurance . Option. The above investment simulation is for illustrative purposes only and should not be construed as a promise on minimum Realty . returns and safeguard of capital. Cement Cement Products . Personal Products . Diversi ied Metals . erospace Defense . uto Components . Gas . utomobiles . IT Software .11 Petroleum Products .",
      "type": "exit"
     }
    ],
    "main_scheme_name": "HDFC NIFTY Next 50 Index Fund",
    "metrics": [
     {
      "name": "tracking_error",
      "value": "0.26"
     },
     {
      "name": "port_turnover_ratio",
      "value": "73.69"
     }
    ],
    "min_amt": "1",
    "monthly_aaum_date": "20250228",
    "monthly_aaum_value": "₹1,660.42Cr",
    "mutual_fund_name": "HDFC Mutual Fund",
    "scheme_launch_date": "20211103"
   }
  },
  {
   "value": {
    "amc_name": "HDFC Asset Management Company Limited",
    "benchmark_index": [
     "NIFTY Midcap 150 (Total Returns Index)"
    ],
    "field_location": [
     {
      "amc_name": "9",
      "benchmark_index": "9",
      "count": 46,
      "fund_manager_name": "9",
      "fund_manager_total_exp": "9",
      "load_exit": "9",
      "main_scheme_name": "9",
      "metrics_port_turnover_ratio": "9",
      "metrics_tracking_error": "9",
      "monthly_aaum_date": "9",
      "monthly_aaum_value": "9",
      "mutual_fund_name": "9",
      "scheme_launch_date": "9"
     }
    ],
    "fund_manager": [
     {
      "managing_fund_since": "",
      "name": "Nirman Morakhia",
      "qualification": "",
      "total_exp": "17 years"
     },
     {
      "managing_fund_since": "",
      "name": "Arun Agarwal",
      "qualification": "",
      "total_exp": "26 years"
     }
    ],
    "load": [
     {
      "comment": "$ Nil",
      "type": "exit"
     }
    ],
    "main_scheme_name": "HDFC NIFTY Midcap 150 Index Fund",
    "metrics": [
     {
      "name": "tracking_error",
      "value": "12"
     },
     {
      "name": "port_turnover_ratio",
      "value": "19.49"
     }
    ],
    "monthly_aaum_date": "20250228",
    "monthly_aaum_value": "₹273.34Cr",
    "mutual_fund_name": "HDFC Mutual Fund",
    "scheme_launch_date": "20230421"
   }
  },
  {
   "value": {
    "amc_name": "HDFC Asset Management Company Limited",
    "benchmark_index": [
     "NIFTY Smallcap 250 (Total Returns Index)"
    ],
    "field_location": [
     {
      "amc_name": "10",
      "benchmark_index": "10",
      "count": 46,
      "fund_manager_name": "10",
      "fund_manager_total_exp": "10",
      "load_exit": "10",
      "main_scheme_name": "10",
      "metrics_port_turnover_ratio": "10",
      "metrics_tracking_error": "10",
      "monthly_aaum_date": "10",
      "monthly_aaum_value": "10",
      "mutual_fund_name": "10",
      "scheme_launch_date": "10"
     }
    ],
    "fund_manager": [
     {
      "managing_fund_since": "",
      "name": "Nirman Morakhia",
      "qualification": "",
      "total_exp": "17 years"
     },
     {
      "managing_fund_since": "",
      "name": "Arun Agarwal",
      "qualification": "",
      "total_exp": "26 years"
     }
    ],
    "load": [
     {
      "comment": "$ Nil",
      "type": "exit"
     }
    ],
    "main_scheme_name": "HDFC NIFTY Smallcap 250 Index Fund",
    "metrics": [
     {
      "name": "tracking_error",
      "value": "1"
     },
     {
      "name": "port_turnover_ratio",
      "value": "54.58"
     }
    ],
    "monthly_aaum_date": "20250228",
    "monthly_aaum_value": "₹364.11Cr",
    "mutual_fund_name": "HDFC Mutual Fund",
    "scheme_launch_date": "20230421"
   }
  },
  {
   "value": {
    "amc_name": "HDFC Asset Management Company Limited",
    "benchmark_index": [
     "BSE 500 Total Returns Index"
    ],
    "field_location": [
     {
      "amc_name": "11",
      "benchmark_index": "11",
      "count": 46,
      "fund_manager_name": "11",
      "fund_manager_total_exp": "11",
      "load_exit": "11",
      "main_scheme_name": "11",
      "metrics_port_turnover_ratio": "11",
      "metrics_tracking_error": "11",
      "monthly_aaum_date": "11",
      "monthly_aaum_value": "11",
      "mutual_fund_name": "11",
      "scheme_launch_date": "11"
     }
    ],
    "fund_manager": [
     {
      "managing_fund_since": "",
      "name": "Nirman Morakhia",
      "qualification": "",
      "total_exp": "2023 years"
     },
     {
      "managing_fund_since": "",
      "name": "Arun Agarwal",
      "qualification": "",
      "total_exp": "26 years"
     }
    ],
    "load": [
     {
      "comment": "$ Nil",
      "type": "exit"
     }
    ],
    "main_scheme_name": "HDFC BSE 500 Index Fund",
    "metrics": [
     {
      "name": "tracking_error",
      "value": "12"
     },
     {
      "name": "port_turnover_ratio",
      "value": "30.44"
     }
    ],
    "monthly_aaum_date": "20250228",
    "monthly_aaum_value": "₹204.70Cr",
    "mutual_fund_name": "HDFC Mutual Fund",
    "scheme_launch_date": "20230421"
   }
  },
  {
   "value": {
    "amc_name": "HDFC Asset Management Company Limited",
    "benchmark_index": [
     "Voltas Ltd. NIFTY200 Momentum 30 (Total Returns Index) Kalyan Jewellers India Ltd"
    ],
    "field_location": [
     {
      "amc_name": "12",
      "benchmark_index": "12",
      "count": 46,
      "fund_manager_managing_fund_since": "12",
      "fund_manager_name": "12",
      "fund_manager_total_exp": "12",
      "load_exit": "12",
      "main_scheme_name": "12",
      "metrics_port_turnover_ratio": "12",
      "metrics_tracking_error": "12",
      "min_amt": "12",
      "monthly_aaum_date": "12",
      "monthly_aaum_value": "12",
      "mutual_fund_name": "12"
     }
    ],
    "fund_manager": [
     {
      "managing_fund_since": " february 28",
      "name": "Nirman Morakhia",
      "qualification": "",
      "total_exp": "2024 years"
     },
     {
      "managing_fund_since": " february 28",
      "name": "Arun Agarwal",
      "qualification": "",
      "total_exp": "2024 years"
     },
     {
      "managing_fund_since": "",
      "name": "Bharti Airtel Ltd",
      "qualification": "",
      "total_exp": ""
     }
    ],
    "load": [
     {
      "comment": "$ Nil Cash, Cash Equivalents and Net Current Assets • Top Ten Holdings Returns greater than 1 year are compounded annualized (CAGR). For performance of other schemes",
      "type": "exit"
     }
    ],
    "main_scheme_name": "HDFC NIFTY200 Momentum 30 Index Fund",
    "metrics": [
     {
      "name": "tracking_error",
      "value": "0.27"
     },
     {
      "name": "port_turnover_ratio",
      "value": "128.63"
     }
    ],
    "min_amt": "5",
    "monthly_aaum_date": "20250228",
    "monthly_aaum_value": "₹691.80Cr",
    "mutual_fund_name": "HDFC Mutual Fund"
   }
  },
  {
   "value": {
    "amc_name": "HDFC Asset Management Company Limited",
    "benchmark_index": [
     "NIFTY Realty Index (Total Returns Index)"
    ],
    "field_location": [
     {
      "amc_name": "13",
      "benchmark_index": "13",
      "count": 46,
      "fund_manager_name": "13",
      "fund_manager_total_exp": "13",
      "load_exit": "13",
      "main_scheme_name": "13",
      "metrics_std_dev": "13",
      "min_amt": "13",
      "monthly_aaum_date": "13",
      "monthly_aaum_value": "13",
      "mutual_fund_name": "13",
      "scheme_launch_date": "13"
     }
    ],
    "fund_manager": [
     {
      "managing_fund_since": "",
      "name": "Nirman Morakhia",
      "qualification": "",
      "total_exp": "17 years"
     },
     {
      "managing_fund_since": "",
      "name": "Arun Agarwal",
      "qualification": "",
      "total_exp": "26 years"
     }
    ],
    "load": [
     {
      "comment": "$ Nil",
      "type": "exit"
     }
    ],
    "main_scheme_name": "HDFC NIFTY Realty Index Fund",
    "metrics": [
     {
      "name": "std_dev",
      "value": "6"
     }
    ],
    "min_amt": "52",
    "monthly_aaum_date": "20250228",
    "monthly_aaum_value": "₹108.32Cr",
    "mutual_fund_name": "HDFC Mutual Fund",
    "scheme_launch_date": "20240326"
   }
  },
  {
   "value": {
    "amc_name": "HDFC Asset Management Company Limited",
    "benchmark_index": [
     "NIFTY 100 (Total Returns Index)"
    ],
    "field_location": [
     {
      "amc_name": "14",
      "benchmark_index": "14",
      "count": 46,
      "fund_manager_managing_fund_since": "14",
      "fund_manager_name": "14",
      "fund_manager_total_exp": "14",
      "load_exit": "14",
      "main_scheme_name": "14",
      "metrics_port_turnover_ratio": "14",
      "metrics_tracking_error": "14",
      "monthly_aaum_date": "14",
      "monthly_aaum_value": "14",
      "mutual_fund_name": "14",
      "scheme_launch_date": "14"
     }
    ],
    "fund_manager": [
     {
      "managing_fund_since": " february 15",
      "name": "Nirman Morakhia",
      "qualification": "",
      "total_exp": "2023 years"
     },
     {
      "managing_fund_since": "march 4, 2022 ",
      "name": "Arun Agarwal",
      "qualification": "",
      "total_exp": "26 years"
     }
    ],
    "load": [
     {
      "comment": "$ Nil",
      "type": "exit"
     }
    ],
    "main_scheme_name": "HDFC NIFTY 100 Index Fund",
    "metrics": [
     {
      "name": "tracking_error",
      "value": "12"
     },
     {
      "name": "port_turnover_ratio",
      "value": "5.90"
     }
    ],
    "monthly_aaum_date": "20250228",
    "monthly_aaum_value": "₹286.28Cr",
    "mutual_fund_name": "HDFC Mutual Fund",
    "scheme_launch_date": "20220223"
   }
  },
  {
   "value": {
    "amc_name": "HDFC Asset Management Company Limited",
    "benchmark_index": [
     "NIFTY50 Equal Weight (Total Returns Index) ##ADDL. BENCHMARK INDEX"
    ],
    "field_location": [
     {
      "amc_name": "15",
      "benchmark_index": "15",
      "count": 46,
      "fund_manager_managing_fund_since": "15",
      "fund_manager_name": "15",
      "fund_manager_total_exp": "15",
      "load_exit": "15",
      "main_scheme_name": "15",
      "metrics_port_turnover_ratio": "15",
      "metrics_tracking_error": "15",
      "monthly_aaum_date": "15",
      "monthly_aaum_value": "15",
      "mutual_fund_name": "15",
      "scheme_launch_date": "15"
     }
    ],
    "fund_manager": [
     {
      "managing_fund_since": " february 15",
      "name": "Nirman Morakhia",
      "qualification": "",
      "total_exp": "17 years"
     },
     {
      "managing_fund_since": " february 01",
      "name": "Arun Agarwal",
      "qualification": "",
      "total_exp": "26 years"
     }
    ],
    "load": [
     {
      "comment": "$ Nil Industry llocation of E uity Holding ( of Net ssets) Ban s 1 . utomobiles 11. IT Software . Finance . 1 Pharmaceuticals Biotechnology . Ferrous Metals . Insurance . Food Products . Consumer Durables . Cement Cement Products . Petroleum Products . Diversi ied Fmcg . Power . gricultural Food ther Products . Non Ferrous Metals .1 Telecom Services .1 Consumable Fuels . il . 1 Metals Minerals Trading 1. Construction 1.",
      "type": "exit"
     }
    ],
    "main_scheme_name": "HDFC NIFTY50 Equal Weight Index Fund",
    "metrics": [
     {
      "name": "tracking_error",
      "value": "12"
     },
     {
      "name": "port_turnover_ratio",
      "value": "25.60"
     }
    ],
    "monthly_aaum_date": "20250228",
    "monthly_aaum_value": "₹1,375.87Cr",
    "mutual_fund_name": "HDFC Mutual Fund",
    "scheme_launch_date": "20210820"
   }
  },
  {
   "value": {
    "amc_name": "HDFC Asset Management Company Limited",
    "benchmark_index": [
     "NIFTY100 Equal Weight (Total Returns Index)"
    ],
    "field_location": [
     {
      "amc_name": "16",
      "benchmark_index": "16",
      "count": 46,
      "fund_manager_managing_fund_since": "16",
      "fund_manager_name": "16",
      "fund_manager_total_exp": "16",
      "load_exit": "16",
      "main_scheme_name": "16",
      "metrics_port_turnover_ratio": "16",
      "metrics_tracking_error": "16",
      "monthly_aaum_date": "16",
      "monthly_aaum_value": "16",
      "mutual_fund_name": "16",
      "scheme_launch_date": "16"
     }
    ],
    "fund_manager": [
     {
      "managing_fund_since": " february 15",
      "name": "Nirman Morakhia",
      "qualification": "",
      "total_exp": "2023 years"
     },
     {
      "managing_fund_since": "march 4, 2022 ",
      "name": "Arun Agarwal",
      "qualification": "",
      "total_exp": "2022 years"
     }
    ],
    "load": [
     {
      "comment": "$ Nil",
      "type": "exit"
     }
    ],
    "main_scheme_name": "HDFC NIFTY 100 Equal Weight Index Fund",
    "metrics": [
     {
      "name": "tracking_error",
      "value": "1"
     },
     {
      "name": "port_turnover_ratio",
      "value": "35.20"
     }
    ],
    "monthly_aaum_date": "20250228",
    "monthly_aaum_value": "₹315.53Cr",
    "mutual_fund_name": "HDFC Mutual Fund",
    "scheme_launch_date": "20220223"
   }
  },
  {
   "value": {
    "amc_name": "HDFC Asset Management Company Limited",
    "benchmark_index": [
     "Apollo Hospitals Enterprise NIFTY100 Low Volatility 30 (TRI)"
    ],
    "field_location": [
     {
      "amc_name": "17",
      "benchmark_index": "17",
      "count": 46,
      "fund_manager_managing_fund_since": "17",
      "fund_manager_name": "17",
      "fund_manager_total_exp": "17",
      "load_exit": "17",
      "main_scheme_name": "17",
      "metrics_std_dev": "17",
      "metrics_tracking_error": "17",
      "min_amt": "17",
      "monthly_aaum_date": "17",
      "monthly_aaum_value": "17",
      "mutual_fund_name": "17",
      "scheme_launch_date": "17"
     }
    ],
    "fund_manager": [
     {
      "managing_fund_since": "  july 10",
      "name": "Nirman Morakhia",
      "qualification": "",
      "total_exp": "17 years"
     },
     {
      "managing_fund_since": "july 10, 2024 ",
      "name": "Arun Agarwal",
      "qualification": "",
      "total_exp": "2024 years"
     },
     {
      "managing_fund_since": "july 10, 2024 ",
      "name": "Bajaj Finserv Ltd",
      "qualification": "",
      "total_exp": ""
     },
     {
      "managing_fund_since": "",
      "name": "Nestle India Ltd",
      "qualification": "",
      "total_exp": ""
     }
    ],
    "load": [
     {
      "comment": "$ Bosch Limited Nil Larsen and Toubro Ltd. Cash,Cash Equivalents and Net Current Assets • Top Ten Holdings, £ Sponsor Date Aug 30, 24 Simple annualized returns have been provided as per the extant guidelines since the scheme has completed 6 months but not 1 year. However, such returns may not be representative. Absolute returns of the Scheme for the 6 month period is -13.57%. For performance of other schemes",
      "type": "exit"
     }
    ],
    "main_scheme_name": "HDFC NIFTY100 Low Volatility 30 Index Fund",
    "metrics": [
     {
      "name": "std_dev",
      "value": "0.07%"
     },
     {
      "name": "tracking_error",
      "value": "0.07"
     }
    ],
    "min_amt": "4",
    "monthly_aaum_date": "20250228",
    "monthly_aaum_value": "₹340.94Cr",
    "mutual_fund_name": "HDFC Mutual Fund",
    "scheme_launch_date": "20240710"
   }
  },
  {
   "value": {
    "amc_name": "HDFC Asset Management Company Limited",
    "benchmark_index": [
     "NIFTY G-Sec Dec 2026 Index"
    ],
    "field_location": [
     {
      "amc_name": "18",
      "benchmark_index": "18",
      "count": 46,
      "fund_manager_managing_fund_since": "18",
      "fund_manager_name": "18",
      "fund_manager_total_exp": "18",
      "load_exit": "18",
      "main_scheme_name": "18",
      "metrics_avg_maturity": "18",
      "metrics_macaulay": "18",
      "metrics_mod_duration": "18",
      "metrics_tracking_error": "18",
      "min_amt": "18",
      "monthly_aaum_date": "18",
      "monthly_aaum_value": "18",
      "mutual_fund_name": "18",
      "scheme_launch_date": "18"
     }
    ],
    "fund_manager": [
     {
      "managing_fund_since": "august 31",
      "name": "Anupam Joshi",
      "qualification": "",
      "total_exp": "19 years"
     }
    ],
    "load": [
     {
      "comment": "$ Nil",
      "type": "exit"
     }
    ],
    "main_scheme_name": "HDFC Nifty G-Sec Dec 2026 Index Fund",
    "metrics": [
     {
      "name": "tracking_error",
      "value": "58."
     },
     {
      "name": "mod_duration",
      "value": "1.51 Years"
     },
     {
      "name": "avg_maturity",
      "value": "1.66 Years"
     },
     {
      "name": "macaulay",
      "value": "1.56 Years"
     }
    ],
    "min_amt": "52",
    "monthly_aaum_date": "20250228",
    "monthly_aaum_value": "₹1,344.81Cr",
    "mutual_fund_name": "HDFC Mutual Fund",
    "scheme_launch_date": "20221110"
   }
  },
  {
   "value": {
    "amc_name": "HDFC Asset Management Company Limited",
    "benchmark_index": [
     "NIFTY G-Sec July 2031 Index"
    ],
    "field_location": [
     {
      "amc_name": "19",
      "benchmark_index": "19",
      "count": 46,
      "fund_manager_managing_fund_since": "19",
      "fund_manager_name": "19",
      "fund_manager_total_exp": "19",
      "load_exit": "19",
      "main_scheme_name": "19",
      "metrics_avg_maturity": "19",
      "metrics_macaulay": "19",
      "metrics_mod_duration": "19",
      "metrics_tracking_error": "19",
      "min_amt": "19",
      "monthly_aaum_date": "19",
      "monthly_aaum_value": "19",
      "mutual_fund_name": "19",
      "scheme_launch_date": "19"
     }
    ],
    "fund_manager": [
     {
      "managing_fund_since": "august 31",
      "name": "Anupam Joshi",
      "qualification": "",
      "total_exp": "19 years"
     }
    ],
    "load": [
     {
      "comment": "$ Nil",
      "type": "exit"
     }
    ],
    "main_scheme_name": "HDFC Nifty G-Sec Jul 2031 Index Fund",
    "metrics": [
     {
      "name": "tracking_error",
      "value": "12"
     },
     {
      "name": "mod_duration",
      "value": "5.05 Years"
     },
     {
      "name": "avg_maturity",
      "value": "6.26 Years"
     },
     {
      "name": "macaulay",
      "value": "5.22 Years"
     }
    ],
    "min_amt": "5",
    "monthly_aaum_date": "20250228",
    "monthly_aaum_value": "₹685.14Cr",
    "mutual_fund_name": "HDFC Mutual Fund",
    "scheme_launch_date": "20221110"
   }
  },
  {
   "value": {
    "amc_name": "HDFC Asset Management Company Limited",
    "benchmark_index": [
     "NIFTY G-Sec Jun 2027 Index"
    ],
    "field_location": [
     {
      "amc_name": "20",
      "benchmark_index": "20",
      "count": 46,
      "fund_manager_name": "20",
      "fund_manager_total_exp": "20",
      "load_exit": "20",
      "main_scheme_name": "20",
      "metrics_avg_maturity": "20",
      "metrics_macaulay": "20",
      "metrics_mod_duration": "20",
      "metrics_tracking_error": "20",
      "min_amt": "20",
      "monthly_aaum_date": "20",
      "monthly_aaum_value": "20",
      "mutual_fund_name": "20",
      "scheme_launch_date": "20"
     }
    ],
    "fund_manager": [
     {
      "managing_fund_since": "",
      "name": "Anupam Joshi",
      "qualification": "",
      "total_exp": "19 years"
     }
    ],
    "load": [
     {
      "comment": "$ Nil",
      "type": "exit"
     }
    ],
    "main_scheme_name": "HDFC Nifty G-Sec Jun 2027 Index Fund",
    "metrics": [
     {
      "name": "tracking_error",
      "value": "12"
     },
     {
      "name": "mod_duration",
      "value": "2.04 Years"
     },
     {
      "name": "avg_maturity",
      "value": "2.28 Years"
     },
     {
      "name": "macaulay",
      "value": "2.11 Years"
     }
    ],
    "min_amt": "52",
    "monthly_aaum_date": "20250228",
    "monthly_aaum_value": "₹741.11Cr",
    "mutual_fund_name": "HDFC Mutual Fund",
    "scheme_launch_date": "20221209"
   }
  },
  {
   "value": {
    "amc_name": "HDFC Asset Management Company Limited",
    "benchmark_index": [
     "NIFTY G-Sec Sep 2032 Index"
    ],
    "field_location": [
     {
      "amc_name": "21",
      "benchmark_index": "21",
      "count": 46,
      "fund_manager_managing_fund_since": "21",
      "fund_manager_name": "21",
      "fund_manager_total_exp": "21",
      "load_exit": "21",
      "main_scheme_name": "21",
      "metrics_avg_maturity": "21",
      "metrics_macaulay": "21",
      "metrics_mod_duration": "21",
      "metrics_tracking_error": "21",
      "min_amt": "21",
      "monthly_aaum_date": "21",
      "monthly_aaum_value": "21",
      "mutual_fund_name": "21",
      "scheme_launch_date": "21"
     }
    ],
    "fund_manager": [
     {
      "managing_fund_since": "august 31",
      "name": "Anupam Joshi",
      "qualification": "",
      "total_exp": "19 years"
     }
    ],
    "load": [
     {
      "comment": "$ Nil",
      "type": "exit"
     }
    ],
    "main_scheme_name": "HDFC Nifty G-Sec Sep 2032 Index Fund",
    "metrics": [
     {
      "name": "tracking_error",
      "value": "61"
     },
     {
      "name": "mod_duration",
      "value": "5.68 Years"
     },
     {
      "name": "avg_maturity",
      "value": "7.43 Years"
     },
     {
      "name": "macaulay",
      "value": "5.87 Years"
     }
    ],
    "min_amt": "99",
    "monthly_aaum_date": "20250228",
    "monthly_aaum_value": "₹605.02Cr",
    "mutual_fund_name": "HDFC Mutual Fund",
    "scheme_launch_date": "20221209"
   }
  },
  {
   "value": {
    "amc_name": "HDFC Asset Management Company Limited",
    "benchmark_index": [
     "NIFTY G- Sec Apr 2029 Index"
    ],
    "field_location": [
     {
      "amc_name": "22",
      "benchmark_index": "22",
      "count": 46,
      "fund_manager_managing_fund_since": "22",
      "fund_manager_name": "22",
      "fund_manager_total_exp": "22",
      "load_exit": "22",
      "main_scheme_name": "22",
      "metrics_avg_maturity": "22",
      "metrics_macaulay": "22",
      "metrics_mod_duration": "22",
      "metrics_tracking_error": "22",
      "min_amt": "22",
      "monthly_aaum_date": "22",
      "monthly_aaum_value": "22",
      "mutual_fund_name": "22",
      "scheme_launch_date": "22"
     }
    ],
    "fund_manager": [
     {
      "managing_fund_since": "august 31",
      "name": "Anupam Joshi",
      "qualification": "",
      "total_exp": "19 years"
     }
    ],
    "load": [
     {
      "comment": "$ Nil",
      "type": "exit"
     }
    ],
    "main_scheme_name": "HDFC NIFTY G-Sec Apr 2029 Index Fund",
    "metrics": [
     {
      "name": "tracking_error",
      "value": "61"
     },
     {
      "name": "mod_duration",
      "value": "3.41 Years"
     },
     {
      "name": "avg_maturity",
      "value": "4.09 Years"
     },
     {
      "name": "macaulay",
      "value": "3.52 Years"
     }
    ],
    "min_amt": "96",
    "monthly_aaum_date": "20250228",
    "monthly_aaum_value": "₹165.30Cr",
    "mutual_fund_name": "HDFC Mutual Fund",
    "scheme_launch_date": "20230310"
   }
  },
  {
   "value": {
    "amc_name": "HDFC Asset Management Company Limited",
    "benchmark_index": [
     "NIFTY G-Sec Jun 2036 Index"
    ],
    "field_location": [
     {
      "amc_name": "23",
      "benchmark_index": "23",
      "count": 46,
      "fund_manager_name": "23",
      "fund_manager_total_exp": "23",
      "load_exit": "23",
      "main_scheme_name": "23",
      "metrics_avg_maturity": "23",
      "metrics_macaulay": "23",
      "metrics_mod_duration": "23",
      "metrics_tracking_error": "23",
      "min_amt": "23",
      "monthly_aaum_date": "23",
      "monthly_aaum_value": "23",
      "mutual_fund_name": "23",
      "scheme_launch_date": "23"
     }
    ],
    "fund_manager": [
     {
      "managing_fund_since": "",
      "name": "Anupam Joshi",
      "qualification": "",
      "total_exp": "19 years"
     }
    ],
    "load": [
     {
      "comment": "$ Nil",
      "type": "exit"
     }
    ],
    "main_scheme_name": "HDFC NIFTY G-sec Jun 2036 Index Fund",
    "metrics": [
     {
      "name": "tracking_error",
      "value": "12"
     },
     {
      "name": "mod_duration",
      "value": "7.44 Years"
     },
     {
      "name": "avg_maturity",
      "value": "11.22 Years"
     },
     {
      "name": "macaulay",
      "value": "7.70 Years"
     }
    ],
    "min_amt": "52",
    "monthly_aaum_date": "20250228",
    "monthly_aaum_value": "₹819.54Cr",
    "mutual_fund_name": "HDFC Mutual Fund",
    "scheme_launch_date": "20230315"
   }
  },
  {
   "value": {
    "amc_name": "HDFC Asset Management Company Limited",
    "benchmark_index": [
     "NIFTY SDL Plus G-Sec Jun 2027 40:60 Index"
    ],
    "field_location": [
     {
      "amc_name": "24",
      "benchmark_index": "24",
      "count": 46,
      "fund_manager_managing_fund_since": "24",
      "fund_manager_name": "24",
      "fund_manager_total_exp": "24",
      "load_exit": "24",
      "main_scheme_name": "24",
      "metrics_avg_maturity": "24",
      "metrics_macaulay": "24",
      "metrics_mod_duration": "24",
      "metrics_tracking_error": "24",
      "metrics_ytm": "24",
      "min_amt": "24",
      "monthly_aaum_date": "24",
      "monthly_aaum_value": "24",
      "mutual_fund_name": "24",
      "scheme_launch_date": "24"
     }
    ],
    "fund_manager": [
     {
      "managing_fund_since": "august 31",
      "name": "Anupam Joshi",
      "qualification": "",
      "total_exp": "19 years"
     }
    ],
    "load": [
     {
      "comment": "$ Nil",
      "type": "exit"
     }
    ],
    "main_scheme_name": "HDFC NIFTY SDL Plus G-Sec Jun 2027 40:60 Index Fund",
    "metrics": [
     {
      "name": "tracking_error",
      "value": "12"
     },
     {
      "name": "mod_duration",
      "value": "1.95 Years"
     },
     {
      "name": "avg_maturity",
      "value": "2.18 Years"
     },
     {
      "name": "macaulay",
      "value": "2.01 Years"
     },
     {
      "name": "ytm",
      "value": "240527 S"
     }
    ],
    "min_amt": "010327",
    "monthly_aaum_date": "20250228",
    "monthly_aaum_value": "₹48.68Cr",
    "mutual_fund_name": "HDFC Mutual Fund",
    "scheme_launch_date": "20230323"
   }
  },
  {
   "value": {
    "amc_name": "HDFC Asset Management Company Limited",
    "benchmark_index": [
     "NIFTY SDL Oct 2026 Index"
    ],
    "field_location": [
     {
      "amc_name": "25",
      "benchmark_index": "25",
      "count": 46,
      "fund_manager_managing_fund_since": "25",
      "fund_manager_name": "25",
      "fund_manager_total_exp": "25",
      "load_exit": "25",
      "main_scheme_name": "25",
      "metrics_avg_maturity": "25",
      "metrics_macaulay": "25",
      "metrics_mod_duration": "25",
      "metrics_tracking_error": "25",
      "metrics_ytm": "25",
      "min_amt": "25",
      "monthly_aaum_date": "25",
      "monthly_aaum_value": "25",
      "mutual_fund_name": "25",
      "scheme_launch_date": "25"
     }
    ],
    "fund_manager": [
     {
      "managing_fund_since": " august 31",
      "name": "Anupam Joshi",
      "qualification": "",
      "total_exp": "2024 years"
     }
    ],
    "load": [
     {
      "comment": "$ Nil Date Feb 29, 24 Feb 24, 23 Returns greater than 1 year period are compounded annualized (CAGR). For performance of other schemes",
      "type": "exit"
     }
    ],
    "main_scheme_name": "HDFC Nifty SDL Oct 2026 Index Fund",
    "metrics": [
     {
      "name": "ytm",
      "value": "7.58%"
     },
     {
      "name": "tracking_error",
      "value": "0.59"
     },
     {
      "name": "mod_duration",
      "value": "1.29 Years"
     },
     {
      "name": "avg_maturity",
      "value": "1.41 Years"
     },
     {
      "name": "macaulay",
      "value": "1.34 Years"
     }
    ],
    "min_amt": "0",
    "monthly_aaum_date": "20250228",
    "monthly_aaum_value": "₹196.18Cr",
    "mutual_fund_name": "HDFC Mutual Fund",
    "scheme_launch_date": "20230224"
   }
  },
  {
   "value": {
    "amc_name": "HDFC Asset Management Company Limited",
    "benchmark_index": [
     "Nifty500 Multicap 50:25:25 Index (TRI)"
    ],
    "field_location": [
     {
      "amc_name": "26",
      "benchmark_index": "26",
      "count": 46,
      "fund_manager_managing_fund_since": "26",
      "fund_manager_name": "26",
      "fund_manager_total_exp": "26",
      "load_exit": "26",
      "main_scheme_name": "26",
      "metrics_std_dev": "26",
      "monthly_aaum_date": "26",
      "monthly_aaum_value": "26",
      "mutual_fund_name": "26",
      "scheme_launch_date": "26"
     }
    ],
    "fund_manager": [
     {
      "managing_fund_since": " august 23",
      "name": "Nirman Morakhia",
      "qualification": "",
      "total_exp": "2024 years"
     },
     {
      "managing_fund_since": " august 23",
      "name": "Arun Agarwal",
      "qualification": "",
      "total_exp": "2024 years"
     }
    ],
    "load": [
     {
      "comment": "$ Nil",
      "type": "exit"
     }
    ],
    "main_scheme_name": "HDFC NIFTY500 MULTICAP 50:25:25 INDEX FUND",
    "metrics": [
     {
      "name": "std_dev",
      "value": "5.60"
     }
    ],
    "monthly_aaum_date": "20250228",
    "monthly_aaum_value": "₹395.53Cr",
    "mutual_fund_name": "HDFC Mutual Fund",
    "scheme_launch_date": "20240823"
   }
  },
  {
   "value": {
    "amc_name": "HDFC Asset Management Company Limited",
    "benchmark_index": [
     "NIFTY LargeMidcap 250 TRI"
    ],
    "field_location": [
     {
      "amc_name": "27",
      "benchmark_index": "27",
      "count": 46,
      "fund_manager_name": "27",
      "fund_manager_total_exp": "27",
      "load_exit": "27",
      "main_scheme_name": "27",
      "metrics_std_dev": "27",
      "monthly_aaum_date": "27",
      "monthly_aaum_value": "27",
      "mutual_fund_name": "27",
      "scheme_launch_date": "27"
     }
    ],
    "fund_manager": [
     {
      "managing_fund_since": "",
      "name": "Nirman Morakhia",
      "qualification": "",
      "total_exp": "2024 years"
     },
     {
      "managing_fund_since": "",
      "name": "Arun Agarwal",
      "qualification": "",
      "total_exp": "2024 years"
     }
    ],
    "load": [
     {
      "comment": "$ Nil",
      "type": "exit"
     }
    ],
    "main_scheme_name": "HDFC Nifty LargeMidcap 250 Index Fund",
    "metrics": [
     {
      "name": "std_dev",
      "value": "3.96"
     }
    ],
    "monthly_aaum_date": "20250228",
    "monthly_aaum_value": "₹444.06Cr",
    "mutual_fund_name": "HDFC Mutual Fund",
    "scheme_launch_date": "20241009"
   }
  },
  {
   "value": {
    "amc_name": "HDFC Asset Management Company Limited",
    "benchmark_index": [
     "LTIMindtree Limited Nifty India Digital Index (TRI) MphasiS Limited."
    ],
    "field_location": [
     {
      "amc_name": "28",
      "benchmark_index": "28",
      "count": 46,
      "fund_manager_managing_fund_since": "28",
      "fund_manager_name": "28",
      "fund_manager_total_exp": "28",
      "load_exit": "28",
      "main_scheme_name": "28",
      "metrics_std_dev": "28",
      "metrics_tracking_error": "28",
      "min_amt": "28",
      "monthly_aaum_date": "28",
      "monthly_aaum_value": "28",
      "mutual_fund_name": "28"
     }
    ],
    "fund_manager": [
     {
      "managing_fund_since": " december 11",
      "name": "Nirman Morakhia",
      "qualification": "",
      "total_exp": "2024 years"
     },
     {
      "managing_fund_since": " december 11",
      "name": "Arun Agarwal",
      "qualification": "",
      "total_exp": "2024 years"
     },
     {
      "managing_fund_since": "",
      "name": "Bharti Airtel Ltd",
      "qualification": "",
      "total_exp": ""
     }
    ],
    "load": [
     {
      "comment": "$ Nil Industry llocation of E uity Holding ( of Net ssets) IT Software . Retailing 1 . Telecom Services 1 . Financial Technology (Fintech) 11. Leisure Services . IT Services . 1 1",
      "type": "exit"
     }
    ],
    "main_scheme_name": "HDFC Nifty India Digital Index Fund",
    "metrics": [
     {
      "name": "std_dev",
      "value": "0.18%"
     },
     {
      "name": "tracking_error",
      "value": "0.18"
     }
    ],
    "min_amt": "1",
    "monthly_aaum_date": "20250228",
    "monthly_aaum_value": "₹227.61Cr",
    "mutual_fund_name": "HDFC Mutual Fund"
   }
  },
  {
   "value": {
    "amc_name": "HDFC Asset Management Company Limited",
    "benchmark_index": [
     "Hero MotoCorp Ltd. NIFTY100 Quality 30 TRI Pidilite Industries Ltd."
    ],
    "field_location": [
     {
      "amc_name": "29",
      "benchmark_index": "29",
      "count": 46,
      "fund_manager_managing_fund_since": "29",
      "fund_manager_name": "29",
      "fund_manager_total_exp": "29",
      "load_exit": "29",
      "main_scheme_name": "29",
      "metrics_std_dev": "29",
      "metrics_tracking_error": "29",
      "min_amt": "29",
      "monthly_aaum_date": "29",
      "monthly_aaum_value": "29",
      "mutual_fund_name": "29"
     }
    ],
    "fund_manager": [
     {
      "managing_fund_since": " february 19",
      "name": "Nirman Morakhia",
      "qualification": "",
      "total_exp": "2025 years"
     },
     {
      "managing_fund_since": " february 19",
      "name": "Arun Agarwal",
      "qualification": "",
      "total_exp": "2025 years"
     },
     {
      "managing_fund_since": "",
      "name": "Nestle India Ltd",
      "qualification": "",
      "total_exp": ""
     }
    ],
    "load": [
     {
      "comment": "$ ABB India Ltd. Nil Industry llocation of E uity Holding ( of Net ssets) IT Software .1 utomobiles 1 . Diversi ied Fmcg . Food Products . Pharmaceuticals Biotechnology . Consumer Durables . erospace Defense . 1 Ban s . Consumable Fuels . Personal Products . 1 Chemicals Petrochemicals . Leisure Services .1 Beverages .1 Electrical E uipment 1. uto Components 1. 1 1",
      "type": "exit"
     }
    ],
    "main_scheme_name": "HDFC Nifty100 Quality 30 Index Fund",
    "metrics": [
     {
      "name": "std_dev",
      "value": "0.02%"
     },
     {
      "name": "tracking_error",
      "value": "0.02"
     }
    ],
    "min_amt": "2",
    "monthly_aaum_date": "20250228",
    "monthly_aaum_value": "₹199.25Cr",
    "mutual_fund_name": "HDFC Mutual Fund"
   }
  },
  {
   "value": {
    "amc_name": "HDFC Asset Management Company Limited",
    "benchmark_index": [
     "BSE SENSEX (Total Returns Index)"
    ],
    "field_location": [
     {
      "amc_name": "30",
      "benchmark_index": "30",
      "count": 46,
      "fund_manager_managing_fund_since": "30",
      "fund_manager_name": "30",
      "fund_manager_total_exp": "30",
      "load_exit": "30",
      "main_scheme_name": "30",
      "metrics_port_turnover_ratio": "30",
      "metrics_tracking_error": "30",
      "monthly_aaum_date": "30",
      "monthly_aaum_value": "30",
      "mutual_fund_name": "30",
      "scheme_launch_date": "30"
     }
    ],
    "fund_manager": [
     {
      "managing_fund_since": "  august 24",
      "name": "Arun Agarwal",
      "qualification": "",
      "total_exp": "26 years"
     },
     {
      "managing_fund_since": "august 24, 2020 ",
      "name": "Abhishek Mor",
      "qualification": "",
      "total_exp": "7 years"
     },
     {
      "managing_fund_since": " february 15",
      "name": "Scrip Code",
      "qualification": "",
      "total_exp": ""
     }
    ],
    "load": [
     {
      "comment": "$ Not Applicable",
      "type": "exit"
     }
    ],
    "main_scheme_name": "HDFC BSE SENSEX ETF",
    "metrics": [
     {
      "name": "tracking_error",
      "value": "12"
     },
     {
      "name": "port_turnover_ratio",
      "value": "24.74"
     }
    ],
    "monthly_aaum_date": "20250228",
    "monthly_aaum_value": "₹450.84Cr",
    "mutual_fund_name": "HDFC Mutual Fund",
    "scheme_launch_date": "20151209"
   }
  },
  {
   "value": {
    "amc_name": "HDFC Asset Management Company Limited",
    "benchmark_index": [
     "NIFTY 50 (Total Returns Index)"
    ],
    "field_location": [
     {
      "amc_name": "31",
      "benchmark_index": "31",
      "count": 46,
      "fund_manager_managing_fund_since": "31",
      "fund_manager_name": "31",
      "fund_manager_total_exp": "31",
      "load_exit": "31",
      "main_scheme_name": "31",
      "metrics_port_turnover_ratio": "31",
      "metrics_tracking_error": "31",
      "monthly_aaum_date": "31",
      "monthly_aaum_value": "31",
      "mutual_fund_name": "31",
      "scheme_launch_date": "31"
     }
    ],
    "fund_manager": [
     {
      "managing_fund_since": " august 24",
      "name": "Arun Agarwal",
      "qualification": "",
      "total_exp": "26 years"
     },
     {
      "managing_fund_since": " february 15",
      "name": "Abhishek Mor",
      "qualification": "",
      "total_exp": "7 years"
     },
     {
      "managing_fund_since": "",
      "name": "Scrip Code",
      "qualification": "",
      "total_exp": ""
     }
    ],
    "load": [
     {
      "comment": "$ Not Applicable Industry llocation of E uity Holding ( of Net ssets) Ban s . IT Software 1 .1 Petroleum Products . utomobiles . Diversi ied Fmcg . Finance . 1 Telecom Services . Construction . Pharmaceuticals Biotechnology . Power . Consumer Durables . Ferrous Metals . Cement Cement Products . Food Products 1. Insurance 1. Retailing 1. Non Ferrous Metals . erospace Defense . il .",
      "type": "exit"
     }
    ],
    "main_scheme_name": "HDFC NIFTY 50 ETF",
    "metrics": [
     {
      "name": "tracking_error",
      "value": "12"
     },
     {
      "name": "port_turnover_ratio",
      "value": "6.55"
     }
    ],
    "monthly_aaum_date": "20250228",
    "monthly_aaum_value": "₹4,026.17Cr",
    "mutual_fund_name": "HDFC Mutual Fund",
    "scheme_launch_date": "20151209"
   }
  },
  {
   "value": {
    "amc_name": "HDFC Asset Management Company Limited",
    "benchmark_index": [
     "NIFTY Next 50 (Total Returns Index)"
    ],
    "field_location": [
     {
      "amc_name": "32",
      "benchmark_index": "32",
      "count": 46,
      "fund_manager_managing_fund_since": "32",
      "fund_manager_name": "32",
      "fund_manager_total_exp": "32",
      "load_exit": "32",
      "main_scheme_name": "32",
      "metrics_port_turnover_ratio": "32",
      "metrics_tracking_error": "32",
      "monthly_aaum_date": "32",
      "monthly_aaum_value": "32",
      "mutual_fund_name": "32",
      "scheme_launch_date": "32"
     }
    ],
    "fund_manager": [
     {
      "managing_fund_since": " august 05",
      "name": "Arun Agarwal",
      "qualification": "",
      "total_exp": "26 years"
     },
     {
      "managing_fund_since": " february 15",
      "name": "Abhishek Mor",
      "qualification": "",
      "total_exp": "7 years"
     },
     {
      "managing_fund_since": "",
      "name": "Scrip Code",
      "qualification": "",
      "total_exp": ""
     }
    ],
    "load": [
     {
      "comment": "$ Not Applicable Industry llocation of E uity Holding ( of Net ssets) Finance 1 . Retailing 1 . Power . Pharmaceuticals Biotechnology . Ban s . Beverages . Electrical E uipment . Transport Services . Insurance . Realty . Cement Cement Products . 1 Personal Products . Diversi ied Metals . erospace Defense . uto Components . Gas . 1 utomobiles . IT Software .11 Petroleum Products .",
      "type": "exit"
     }
    ],
    "main_scheme_name": "HDFC NIFTY Next 50 ETF",
    "metrics": [
     {
      "name": "tracking_error",
      "value": "12"
     },
     {
      "name": "port_turnover_ratio",
      "value": "77.41"
     }
    ],
    "monthly_aaum_date": "20250228",
    "monthly_aaum_value": "₹71.34Cr",
    "mutual_fund_name": "HDFC Mutual Fund",
    "scheme_launch_date": "20220805"
   }
  },
  {
   "value": {
    "amc_name": "HDFC Asset Management Company Limited",
    "benchmark_index": [
     "NIFTY 100 (Total Returns Index)"
    ],
    "field_location": [
     {
      "amc_name": "33",
      "benchmark_index": "33",
      "count": 46,
      "fund_manager_managing_fund_since": "33",
      "fund_manager_name": "33",
      "fund_manager_total_exp": "33",
      "load_exit": "33",
      "main_scheme_name": "33",
      "metrics_port_turnover_ratio": "33",
      "metrics_tracking_error": "33",
      "min_amt": "33",
      "monthly_aaum_date": "33",
      "monthly_aaum_value": "33",
      "mutual_fund_name": "33",
      "scheme_launch_date": "33"
     }
    ],
    "fund_manager": [
     {
      "managing_fund_since": " august 05",
      "name": "Arun Agarwal",
      "qualification": "",
      "total_exp": "2022 years"
     },
     {
      "managing_fund_since": " february 15",
      "name": "Abhishek Mor",
      "qualification": "",
      "total_exp": "7 years"
     },
     {
      "managing_fund_since": "",
      "name": "Scrip Code",
      "qualification": "",
      "total_exp": ""
     }
    ],
    "load": [
     {
      "comment": "$ Not Applicable",
      "type": "exit"
     }
    ],
    "main_scheme_name": "HDFC NIFTY 100 ETF",
    "metrics": [
     {
      "name": "tracking_error",
      "value": "12"
     },
     {
      "name": "port_turnover_ratio",
      "value": "9.75"
     }
    ],
    "min_amt": "52",
    "monthly_aaum_date": "20250228",
    "monthly_aaum_value": "₹25.88Cr",
    "mutual_fund_name": "HDFC Mutual Fund",
    "scheme_launch_date": "20220805"
   }
  },
  {
   "value": {
    "amc_name": "HDFC Asset Management Company Limited",
    "benchmark_index": [
     "NIFTY Bank (Total Returns Index)"
    ],
    "field_location": [
     {
      "amc_name": "34",
      "benchmark_index": "34",
      "count": 46,
      "fund_manager_name": "34",
      "fund_manager_total_exp": "34",
      "load_exit": "34",
      "main_scheme_name": "34",
      "metrics_port_turnover_ratio": "34",
      "metrics_tracking_error": "34",
      "min_amt": "34",
      "monthly_aaum_date": "34",
      "monthly_aaum_value": "34",
      "mutual_fund_name": "34",
      "scheme_launch_date": "34"
     }
    ],
    "fund_manager": [
     {
      "managing_fund_since": "",
      "name": "Arun Agarwal",
      "qualification": "",
      "total_exp": "26 years"
     },
     {
      "managing_fund_since": "",
      "name": "Abhishek Mor",
      "qualification": "",
      "total_exp": "7 years"
     },
     {
      "managing_fund_since": "",
      "name": "Scrip Code",
      "qualification": "",
      "total_exp": ""
     }
    ],
    "load": [
     {
      "comment": "$ Not Applicable",
      "type": "exit"
     }
    ],
    "main_scheme_name": "HDFC NIFTY Bank ETF",
    "metrics": [
     {
      "name": "tracking_error",
      "value": "12"
     },
     {
      "name": "port_turnover_ratio",
      "value": "40.47"
     }
    ],
    "min_amt": "2",
    "monthly_aaum_date": "20250228",
    "monthly_aaum_value": "₹2,513.16Cr",
    "mutual_fund_name": "HDFC Mutual Fund",
    "scheme_launch_date": "20200821"
   }
  },
  {
   "value": {
    "amc_name": "HDFC Asset Management Company Limited",
    "benchmark_index": [
     "NIFTY IT Index (Total Returns Index)"
    ],
    "field_location": [
     {
      "amc_name": "35",
      "benchmark_index": "35",
      "count": 46,
      "fund_manager_name": "35",
      "fund_manager_total_exp": "35",
      "load_exit": "35",
      "main_scheme_name": "35",
      "metrics_port_turnover_ratio": "35",
      "metrics_tracking_error": "35",
      "min_amt": "35",
      "monthly_aaum_date": "35",
      "monthly_aaum_value": "35",
      "mutual_fund_name": "35",
      "scheme_launch_date": "35"
     }
    ],
    "fund_manager": [
     {
      "managing_fund_since": "",
      "name": "Arun Agarwal",
      "qualification": "",
      "total_exp": "26 years"
     },
     {
      "managing_fund_since": "",
      "name": "Abhishek Mor",
      "qualification": "",
      "total_exp": "7 years"
     },
     {
      "managing_fund_since": "",
      "name": "Scrip Code",
      "qualification": "",
      "total_exp": ""
     }
    ],
    "load": [
     {
      "comment": "$ Not Applicable",
      "type": "exit"
     }
    ],
    "main_scheme_name": "HDFC NIFTY IT ETF",
    "metrics": [
     {
      "name": "tracking_error",
      "value": "12"
     },
     {
      "name": "port_turnover_ratio",
      "value": "51.70"
     }
    ],
    "min_amt": "100",
    "monthly_aaum_date": "20250228",
    "monthly_aaum_value": "₹66.89Cr",
    "mutual_fund_name": "HDFC Mutual Fund",
    "scheme_launch_date": "20221116"
   }
  },
  {
   "value": {
    "amc_name": "HDFC Asset Management Company Limited",
    "benchmark_index": [
     "NIFTY Private Bank Index (Total Returns Index)"
    ],
    "field_location": [
     {
      "amc_name": "36",
      "benchmark_index": "36",
      "count": 46,
      "fund_manager_name": "36",
      "fund_manager_total_exp": "36",
      "load_exit": "36",
      "main_scheme_name": "36",
      "metrics_port_turnover_ratio": "36",
      "metrics_tracking_error": "36",
      "min_amt": "36",
      "monthly_aaum_date": "36",
      "monthly_aaum_value": "36",
      "mutual_fund_name": "36",
      "scheme_launch_date": "36"
     }
    ],
    "fund_manager": [
     {
      "managing_fund_since": "",
      "name": "Arun Agarwal",
      "qualification": "",
      "total_exp": "26 years"
     },
     {
      "managing_fund_since": "",
      "name": "Abhishek Mor",
      "qualification": "",
      "total_exp": "7 years"
     },
     {
      "managing_fund_since": "",
      "name": "Scrip Code",
      "qualification": "",
      "total_exp": ""
     }
    ],
    "load": [
     {
      "comment": "$ Not Applicable",
      "type": "exit"
     }
    ],
    "main_scheme_name": "HDFC NIFTY Private Bank ETF",
    "metrics": [
     {
      "name": "tracking_error",
      "value": "12"
     },
     {
      "name": "port_turnover_ratio",
      "value": "43.02"
     }
    ],
    "min_amt": "100",
    "monthly_aaum_date": "20250228",
    "monthly_aaum_value": "₹308.39Cr",
    "mutual_fund_name": "HDFC Mutual Fund",
    "scheme_launch_date": "20221116"
   }
  },
  {
   "value": {
    "amc_name": "HDFC Asset Management Company Limited",
    "benchmark_index": [
     "NIFTY Midcap 150 Index (Total Returns Index)"
    ],
    "field_location": [
     {
      "amc_name": "37",
      "benchmark_index": "37",
      "count": 46,
      "fund_manager_managing_fund_since": "37",
      "fund_manager_name": "37",
      "fund_manager_total_exp": "37",
      "load_exit": "37",
      "main_scheme_name": "37",
      "metrics_port_turnover_ratio": "37",
      "metrics_tracking_error": "37",
      "monthly_aaum_date": "37",
      "monthly_aaum_value": "37",
      "mutual_fund_name": "37",
      "scheme_launch_date": "37"
     }
    ],
    "fund_manager": [
     {
      "managing_fund_since": " february 15",
      "name": "Nirman Morakhia",
      "qualification": "",
      "total_exp": "2023 years"
     },
     {
      "managing_fund_since": " february 15",
      "name": "Arun Agarwal",
      "qualification": "",
      "total_exp": "2023 years"
     },
     {
      "managing_fund_since": " february 15",
      "name": "Abhishek Mor",
      "qualification": "",
      "total_exp": "7 years"
     },
     {
      "managing_fund_since": "",
      "name": "Scrip Code",
      "qualification": "",
      "total_exp": ""
     }
    ],
    "load": [
     {
      "comment": "$ Not Applicable",
      "type": "exit"
     }
    ],
    "main_scheme_name": "HDFC NIFTY Midcap 150 ETF",
    "metrics": [
     {
      "name": "tracking_error",
      "value": "12"
     },
     {
      "name": "port_turnover_ratio",
      "value": "42.09"
     }
    ],
    "monthly_aaum_date": "20250228",
    "monthly_aaum_value": "₹69.21Cr",
    "mutual_fund_name": "HDFC Mutual Fund",
    "scheme_launch_date": "20230215"
   }
  },
  {
   "value": {
    "amc_name": "HDFC Asset Management Company Limited",
    "benchmark_index": [
     "NIFTY Smallcap 250 Index (Total Returns"
    ],
    "field_location": [
     {
      "amc_name": "38",
      "benchmark_index": "38",
      "count": 46,
      "fund_manager_managing_fund_since": "38",
      "fund_manager_name": "38",
      "fund_manager_total_exp": "38",
      "load_exit": "38",
      "main_scheme_name": "38",
      "metrics_port_turnover_ratio": "38",
      "metrics_tracking_error": "38",
      "monthly_aaum_date": "38",
      "monthly_aaum_value": "38",
      "mutual_fund_name": "38",
      "scheme_launch_date": "38"
     }
    ],
    "fund_manager": [
     {
      "managing_fund_since": " february 15",
      "name": "Nirman Morakhia",
      "qualification": "",
      "total_exp": "2023 years"
     },
     {
      "managing_fund_since": " february 15",
      "name": "Arun Agarwal",
      "qualification": "",
      "total_exp": "2023 years"
     },
     {
      "managing_fund_since": " february 15",
      "name": "Abhishek Mor",
      "qualification": "",
      "total_exp": "7 years"
     },
     {
      "managing_fund_since": "",
      "name": "Scrip Code",
      "qualification": "",
      "total_exp": ""
     }
    ],
    "load": [
     {
      "comment": "$ Not Applicable",
      "type": "exit"
     }
    ],
    "main_scheme_name": "HDFC NIFTY Smallcap 250 ETF",
    "metrics": [
     {
      "name": "tracking_error",
      "value": "12"
     },
     {
      "name": "port_turnover_ratio",
      "value": "49.25"
     }
    ],
    "monthly_aaum_date": "20250228",
    "monthly_aaum_value": "₹823.54Cr",
    "mutual_fund_name": "HDFC Mutual Fund",
    "scheme_launch_date": "20230215"
   }
  },
  {
   "value": {
    "amc_name": "HDFC Asset Management Company Limited",
    "benchmark_index": [
     "NIFTY PSU Bank Index (Total Returns Index)"
    ],
    "field_location": [
     {
      "amc_name": "39",
      "benchmark_index": "39",
      "count": 46,
      "fund_manager_name": "39",
      "fund_manager_total_exp": "39",
      "load_exit": "39",
      "main_scheme_name": "39",
      "metrics_port_turnover_ratio": "39",
      "metrics_tracking_error": "39",
      "min_amt": "39",
      "monthly_aaum_date": "39",
      "monthly_aaum_value": "39",
      "mutual_fund_name": "39",
      "scheme_launch_date": "39"
     }
    ],
    "fund_manager": [
     {
      "managing_fund_since": "",
      "name": "Arun Agarwal",
      "qualification": "",
      "total_exp": "26 years"
     },
     {
      "managing_fund_since": "",
      "name": "Abhishek Mor",
      "qualification": "",
      "total_exp": "7 years"
     },
     {
      "managing_fund_since": "",
      "name": "Scrip Code",
      "qualification": "",
      "total_exp": ""
     }
    ],
    "load": [
     {
      "comment": "on • Central Bank Of India Banks 1.11 page no. 58. UCO Bank Banks 0.84 Punjab & Sind Bank Banks 0.20 Sub Total 100.01 Cash,Cash Equivalents and Net Current Assets -0.01 Grand Total 100.00 • Top Ten Holdings PERFORMANCE * ^ Scheme",
      "type": "exit"
     }
    ],
    "main_scheme_name": "HDFC NIFTY PSU BANK ETF",
    "metrics": [
     {
      "name": "tracking_error",
      "value": "12"
     },
     {
      "name": "port_turnover_ratio",
      "value": "81.97"
     }
    ],
    "min_amt": "3",
    "monthly_aaum_date": "20250228",
    "monthly_aaum_value": "₹23.32Cr",
    "mutual_fund_name": "HDFC Mutual Fund",
    "scheme_launch_date": "20240131"
   }
  },
  {
   "value": {
    "amc_name": "HDFC Asset Management Company Limited",
    "benchmark_index": [
     "BSE 500 Index (Total Returns Index)"
    ],
    "field_location": [
     {
      "amc_name": "40",
      "benchmark_index": "40",
      "count": 46,
      "fund_manager_managing_fund_since": "40",
      "fund_manager_name": "40",
      "fund_manager_total_exp": "40",
      "load_exit": "40",
      "main_scheme_name": "40",
      "metrics_port_turnover_ratio": "40",
      "metrics_tracking_error": "40",
      "monthly_aaum_date": "40",
      "monthly_aaum_value": "40",
      "mutual_fund_name": "40",
      "scheme_launch_date": "40"
     }
    ],
    "fund_manager": [
     {
      "managing_fund_since": " february 15",
      "name": "Nirman Morakhia",
      "qualification": "",
      "total_exp": "2023 years"
     },
     {
      "managing_fund_since": "february 15",
      "name": "Arun Agarwal",
      "qualification": "",
      "total_exp": "2023 years"
     },
     {
      "managing_fund_since": " february 15",
      "name": "Abhishek Mor",
      "qualification": "",
      "total_exp": "7 years"
     },
     {
      "managing_fund_since": "",
      "name": "Scrip Code",
      "qualification": "",
      "total_exp": ""
     }
    ],
    "load": [
     {
      "comment": "$ Not Applicable",
      "type": "exit"
     }
    ],
    "main_scheme_name": "HDFC BSE 500 ETF",
    "metrics": [
     {
      "name": "tracking_error",
      "value": "12"
     },
     {
      "name": "port_turnover_ratio",
      "value": "43.20"
     }
    ],
    "monthly_aaum_date": "20250228",
    "monthly_aaum_value": "₹15.36Cr",
    "mutual_fund_name": "HDFC Mutual Fund",
    "scheme_launch_date": "20230215"
   }
  },
  {
   "value": {
    "amc_name": "HDFC Asset Management Company Limited",
    "benchmark_index": [
     "NIFTY 1D Rate Index (Total Returns Index)"
    ],
    "field_location": [
     {
      "amc_name": "41",
      "benchmark_index": "41",
      "count": 46,
      "fund_manager_managing_fund_since": "41",
      "fund_manager_name": "41",
      "fund_manager_total_exp": "41",
      "load_exit": "41",
      "main_scheme_name": "41",
      "metrics_avg_maturity": "41",
      "metrics_macaulay": "41",
      "metrics_mod_duration": "41",
      "metrics_tracking_error": "41",
      "min_amt": "41",
      "monthly_aaum_date": "41",
      "monthly_aaum_value": "41",
      "mutual_fund_name": "41",
      "scheme_launch_date": "41"
     }
    ],
    "fund_manager": [
     {
      "managing_fund_since": "august 31",
      "name": "Swapnil Jangam",
      "qualification": "",
      "total_exp": "14 years"
     },
     {
      "managing_fund_since": "",
      "name": "Scrip Code",
      "qualification": "",
      "total_exp": ""
     }
    ],
    "load": [
     {
      "comment": "$ Not Applicable",
      "type": "exit"
     }
    ],
    "main_scheme_name": "HDFC NIFTY 1D RATE LIQUID ETF",
    "metrics": [
     {
      "name": "tracking_error",
      "value": "12"
     },
     {
      "name": "mod_duration",
      "value": "3 Days"
     },
     {
      "name": "avg_maturity",
      "value": "3 Days"
     },
     {
      "name": "macaulay",
      "value": "3 Days"
     }
    ],
    "min_amt": "52",
    "monthly_aaum_date": "20250228",
    "monthly_aaum_value": "₹34.74Cr",
    "mutual_fund_name": "HDFC Mutual Fund",
    "scheme_launch_date": "20230824"
   }
  },
  {
   "value": {
    "amc_name": "HDFC Asset Management Company Limited",
    "benchmark_index": [
     "United Spirits Limited NIFTY100 Quality 30 Index (Total Returns Havells India Ltd."
    ],
    "field_location": [
     {
      "amc_name": "42",
      "benchmark_index": "42",
      "count": 46,
      "fund_manager_managing_fund_since": "42",
      "fund_manager_name": "42",
      "fund_manager_total_exp": "42",
      "load_exit": "42",
      "main_scheme_name": "42",
      "metrics_port_turnover_ratio": "42",
      "metrics_tracking_error": "42",
      "min_amt": "42",
      "monthly_aaum_date": "42",
      "monthly_aaum_value": "42",
      "mutual_fund_name": "42"
     }
    ],
    "fund_manager": [
     {
      "managing_fund_since": " september 23",
      "name": "Arun Agarwal",
      "qualification": "",
      "total_exp": "2022 years"
     },
     {
      "managing_fund_since": " february 15",
      "name": "Abhishek Mor",
      "qualification": "",
      "total_exp": "7 years"
     },
     {
      "managing_fund_since": "",
      "name": "Nestle India Ltd",
      "qualification": "",
      "total_exp": ""
     },
     {
      "managing_fund_since": "",
      "name": "Scrip Code",
      "qualification": "",
      "total_exp": ""
     },
     {
      "managing_fund_since": "",
      "name": "Bank Ltd",
      "qualification": "",
      "total_exp": ""
     },
     {
      "managing_fund_since": "",
      "name": "Hindustan Unilever Ltd",
      "qualification": "",
      "total_exp": ""
     }
    ],
    "load": [
     {
      "comment": "$ Not Applicable Returns greater than 1 year period are compounded annualized (CAGR). *The Scheme does not offer any Plans/Options. For performance of other schemes",
      "type": "exit"
     }
    ],
    "main_scheme_name": "HDFC NIFTY100 Quality 30 ETF",
    "metrics": [
     {
      "name": "tracking_error",
      "value": "0.09"
     },
     {
      "name": "port_turnover_ratio",
      "value": "32.97"
     }
    ],
    "min_amt": "5",
    "monthly_aaum_date": "20250228",
    "monthly_aaum_value": "₹16.56Cr",
    "mutual_fund_name": "HDFC Mutual Fund"
   }
  },
  {
   "value": {
    "amc_name": "HDFC Asset Management Company Limited",
    "benchmark_index": [
     "NIFTY50 Value 20 Index  (Total Returns Index)"
    ],
    "field_location": [
     {
      "amc_name": "43",
      "benchmark_index": "43",
      "count": 46,
      "fund_manager_managing_fund_since": "43",
      "fund_manager_name": "43",
      "fund_manager_total_exp": "43",
      "load_exit": "43",
      "main_scheme_name": "43",
      "metrics_port_turnover_ratio": "43",
      "metrics_tracking_error": "43",
      "monthly_aaum_date": "43",
      "monthly_aaum_value": "43",
      "mutual_fund_name": "43",
      "scheme_launch_date": "43"
     }
    ],
    "fund_manager": [
     {
      "managing_fund_since": " september 23",
      "name": "Arun Agarwal",
      "qualification": "",
      "total_exp": "2022 years"
     },
     {
      "managing_fund_since": " february 15",
      "name": "Abhishek Mor",
      "qualification": "",
      "total_exp": "7 years"
     },
     {
      "managing_fund_since": "",
      "name": "Scrip Code",
      "qualification": "",
      "total_exp": ""
     }
    ],
    "load": [
     {
      "comment": "$ Not Applicable",
      "type": "exit"
     }
    ],
    "main_scheme_name": "HDFC NIFTY50 VALUE 20 ETF",
    "metrics": [
     {
      "name": "tracking_error",
      "value": "12"
     },
     {
      "name": "port_turnover_ratio",
      "value": "24.26"
     }
    ],
    "monthly_aaum_date": "20250228",
    "monthly_aaum_value": "₹36.03Cr",
    "mutual_fund_name": "HDFC Mutual Fund",
    "scheme_launch_date": "20220923"
   }
  },
  {
   "value": {
    "amc_name": "HDFC Asset Management Company Limited",
    "benchmark_index": [
     "NIFTY Growth Sectors 15 Index (Total Returns"
    ],
    "field_location": [
     {
      "amc_name": "44",
      "benchmark_index": "44",
      "count": 46,
      "fund_manager_managing_fund_since": "44",
      "fund_manager_name": "44",
      "fund_manager_total_exp": "44",
      "load_exit": "44",
      "main_scheme_name": "44",
      "metrics_port_turnover_ratio": "44",
      "metrics_tracking_error": "44",
      "monthly_aaum_date": "44",
      "monthly_aaum_value": "44",
      "mutual_fund_name": "44",
      "scheme_launch_date": "44"
     }
    ],
    "fund_manager": [
     {
      "managing_fund_since": " september 23",
      "name": "Arun Agarwal",
      "qualification": "",
      "total_exp": "2022 years"
     },
     {
      "managing_fund_since": " february 15",
      "name": "Abhishek Mor",
      "qualification": "",
      "total_exp": "7 years"
     },
     {
      "managing_fund_since": "",
      "name": "Scrip Code",
      "qualification": "",
      "total_exp": ""
     }
    ],
    "load": [
     {
      "comment": "$ Not Applicable",
      "type": "exit"
     }
    ],
    "main_scheme_name": "HDFC NIFTY Growth Sectors 15 ETF",
    "metrics": [
     {
      "name": "tracking_error",
      "value": "12"
     },
     {
      "name": "port_turnover_ratio",
      "value": "49.90"
     }
    ],
    "monthly_aaum_date": "20250228",
    "monthly_aaum_value": "₹13.22Cr",
    "mutual_fund_name": "HDFC Mutual Fund",
    "scheme_launch_date": "20220923"
   }
  },
  {
   "value": {
    "amc_name": "HDFC Asset Management Company Limited",
    "benchmark_index": [
     "Torrent Pharmaceuticals Ltd. Pharmaceuticals & NIFTY100 Low Volatility 30 Index (Total"
    ],
    "field_location": [
     {
      "amc_name": "45",
      "benchmark_index": "45",
      "count": 46,
      "fund_manager_managing_fund_since": "45",
      "fund_manager_name": "45",
      "fund_manager_total_exp": "45",
      "load_exit": "45",
      "main_scheme_name": "45",
      "metrics_port_turnover_ratio": "45",
      "metrics_tracking_error": "45",
      "min_amt": "45",
      "monthly_aaum_date": "45",
      "monthly_aaum_value": "45",
      "mutual_fund_name": "45",
      "scheme_launch_date": "45"
     }
    ],
    "fund_manager": [
     {
      "managing_fund_since": " october 11",
      "name": "Arun Agarwal",
      "qualification": "",
      "total_exp": "2022 years"
     },
     {
      "managing_fund_since": " february 15",
      "name": "Abhishek Mor",
      "qualification": "",
      "total_exp": "7 years"
     },
     {
      "managing_fund_since": "",
      "name": "Bajaj Finserv Ltd",
      "qualification": "",
      "total_exp": ""
     },
     {
      "managing_fund_since": "",
      "name": "Nestle India Ltd",
      "qualification": "",
      "total_exp": ""
     },
     {
      "managing_fund_since": "",
      "name": "Scrip Code",
      "qualification": "",
      "total_exp": ""
     },
     {
      "managing_fund_since": "",
      "name": "Maruti Suzuki India",
      "qualification": "",
      "total_exp": ""
     },
     {
      "managing_fund_since": "",
      "name": "Hindustan Unilever Ltd",
      "qualification": "",
      "total_exp": ""
     }
    ],
    "load": [
     {
      "comment": "$ Not Applicable Date Feb 29, 24 Oct 11, 22 Returns greater than 1 year period are compounded annualized (CAGR). *The Scheme does not offer any Plans/Options. For performance of other schemes",
      "type": "exit"
     }
    ],
    "main_scheme_name": "HDFC NIFTY100 Low Volatility 30 ETF",
    "metrics": [
     {
      "name": "tracking_error",
      "value": "0.05"
     },
     {
      "name": "port_turnover_ratio",
      "value": "43.86"
     }
    ],
    "min_amt": "4",
    "monthly_aaum_date": "20250228",
    "monthly_aaum_value": "₹15.28Cr",
    "mutual_fund_name": "HDFC Mutual Fund",
    "scheme_launch_date": "20221011"
   }
  },
  {
   "value": {
    "amc_name": "HDFC Asset Management Company Limited",
    "benchmark_index": [
     "Voltas Ltd. NIFTY 200 Momentum 30 Index (Total Returns Kalyan Jewellers India Ltd"
    ],
    "field_location": [
     {
      "amc_name": "46",
      "benchmark_index": "46",
      "count": 46,
      "fund_manager_managing_fund_since": "46",
      "fund_manager_name": "46",
      "fund_manager_total_exp": "46",
      "load_exit": "46",
      "main_scheme_name": "46",
      "metrics_port_turnover_ratio": "46",
      "metrics_tracking_error": "46",
      "min_amt": "46",
      "monthly_aaum_date": "46",
      "monthly_aaum_value": "46",
      "mutual_fund_name": "46",
      "scheme_launch_date": "46"
     }
    ],
    "fund_manager": [
     {
      "managing_fund_since": " october 11",
      "name": "Arun Agarwal",
      "qualification": "",
      "total_exp": "2022 years"
     },
     {
      "managing_fund_since": "february 15",
      "name": "Abhishek Mor",
      "qualification": "",
      "total_exp": "7 years"
     },
     {
      "managing_fund_since": "",
      "name": "Bharti Airtel Ltd",
      "qualification": "",
      "total_exp": ""
     },
     {
      "managing_fund_since": "",
      "name": "Scrip Code",
      "qualification": "",
      "total_exp": ""
     },
     {
      "managing_fund_since": "",
      "name": "Mahindra Ltd",
      "qualification": "",
      "total_exp": ""
     },
     {
      "managing_fund_since": "",
      "name": "Sun Pharmaceutical",
      "qualification": "",
      "total_exp": ""
     }
    ],
    "load": [
     {
      "comment": "$ Not Applicable Cash,Cash Equivalents and Net Current Assets • Top Ten Holdings, @ Less than . 1 Date Feb 29, 24 Oct 11, 22 Returns greater than 1 year period are compounded annualized (CAGR). *The Scheme does not offer any Plans/Options. For performance of other schemes",
      "type": "exit"
     }
    ],
    "main_scheme_name": "HDFC NIFTY200 Momentum 30 ETF",
    "metrics": [
     {
      "name": "tracking_error",
      "value": "0.18"
     },
     {
      "name": "port_turnover_ratio",
      "value": "169.62"
     }
    ],
    "min_amt": "5",
    "monthly_aaum_date": "20250228",
    "monthly_aaum_value": "₹78.73Cr",
    "mutual_fund_name": "HDFC Mutual Fund",
    "scheme_launch_date": "20221011"
   }
  },
  {
   "value": {
    "amc_name": "HDFC Asset Management Company Limited",
    "benchmark_index": [
     "Domestic Price of Physical Gold"
    ],
    "field_location": [
     {
      "amc_name": "47",
      "benchmark_index": "47",
      "count": 46,
      "fund_manager_managing_fund_since": "47",
      "fund_manager_name": "47",
      "fund_manager_total_exp": "47",
      "load_exit": "47",
      "main_scheme_name": "47",
      "metrics_tracking_error": "47",
      "min_amt": "47",
      "monthly_aaum_date": "47",
      "monthly_aaum_value": "47",
      "mutual_fund_name": "47",
      "scheme_launch_date": "47"
     }
    ],
    "fund_manager": [
     {
      "managing_fund_since": " february 02",
      "name": "Scrip Code",
      "qualification": "",
      "total_exp": "30 years"
     }
    ],
    "load": [
     {
      "comment": "$ Not Applicable",
      "type": "exit"
     }
    ],
    "main_scheme_name": "HDFC Gold ETF",
    "metrics": [
     {
      "name": "tracking_error",
      "value": "12"
     }
    ],
    "min_amt": "98",
    "monthly_aaum_date": "20250228",
    "monthly_aaum_value": "₹8,488.06Cr",
    "mutual_fund_name": "HDFC Mutual Fund",
    "scheme_launch_date": "20100813"
   }
  },
  {
   "value": {
    "amc_name": "HDFC Asset Management Company Limited",
    "benchmark_index": [
     "Domestic Prices of physical Silver (derived as"
    ],
    "field_location": [
     {
      "amc_name": "48",
      "benchmark_index": "48",
      "count": 46,
      "fund_manager_name": "48",
      "fund_manager_total_exp": "48",
      "load_exit": "48",
      "main_scheme_name": "48",
      "metrics_tracking_error": "48",
      "min_amt": "48",
      "monthly_aaum_date": "48",
      "monthly_aaum_value": "48",
      "mutual_fund_name": "48",
      "scheme_launch_date": "48"
     }
    ],
    "fund_manager": [
     {
      "managing_fund_since": "",
      "name": "Scrip Code",
      "qualification": "",
      "total_exp": "30 years"
     }
    ],
    "load": [
     {
      "comment": "$ Not Applicable",
      "type": "exit"
     }
    ],
    "main_scheme_name": "HDFC Silver ETF",
    "metrics": [
     {
      "name": "tracking_error",
      "value": "12"
     }
    ],
    "min_amt": "97",
    "monthly_aaum_date": "20250228",
    "monthly_aaum_value": "₹518.49Cr",
    "mutual_fund_name": "HDFC Mutual Fund",
    "scheme_launch_date": "20220902"
   }
  },
  {
   "value": {
    "amc_name": "HDFC Asset Management Company Limited",
    "benchmark_index": [
     "Domestic Price of Physical Gold"
    ],
    "field_location": [
     {
      "amc_name": "49",
      "benchmark_index": "49",
      "count": 46,
      "fund_manager_name": "49",
      "fund_manager_total_exp": "49",
      "load_exit": "49",
      "main_scheme_name": "49",
      "monthly_aaum_date": "49",
      "monthly_aaum_value": "49",
      "mutual_fund_name": "49",
      "scheme_launch_date": "49"
     }
    ],
    "fund_manager": [
     {
      "managing_fund_since": "",
      "name": "Nirman Morakhia",
      "qualification": "",
      "total_exp": "17 years"
     },
     {
      "managing_fund_since": "",
      "name": "Arun Agarwal",
      "qualification": "",
      "total_exp": "26 years"
     }
    ],
    "load": [
     {
      "comment": "$ In respect of each purchase/switch-in of units • an Exit Load of 1 is payable if Units are redeemed/ switched-out within 15 days from the date of allotment. • No Exit Load is payable if Units are redeemed/ switched-out on or after 15 days from the date of allotment",
      "type": "exit"
     }
    ],
    "main_scheme_name": "HDFC Gold ETF Fund of Fund",
    "monthly_aaum_date": "20250228",
    "monthly_aaum_value": "₹3,258.13Cr",
    "mutual_fund_name": "HDFC Mutual Fund",
    "scheme_launch_date": "20111101"
   }
  },
  {
   "value": {
    "amc_name": "HDFC Asset Management Company Limited",
    "benchmark_index": [
     "Domestic Prices of physical Silver (derived as"
    ],
    "field_location": [
     {
      "amc_name": "50",
      "benchmark_index": "50",
      "count": 46,
      "fund_manager_name": "50",
      "fund_manager_total_exp": "50",
      "load_exit": "50",
      "main_scheme_name": "50",
      "min_amt": "50",
      "monthly_aaum_date": "50",
      "monthly_aaum_value": "50",
      "mutual_fund_name": "50",
      "scheme_launch_date": "50"
     }
    ],
    "fund_manager": [
     {
      "managing_fund_since": "",
      "name": "Nirman Morakhia",
      "qualification": "",
      "total_exp": "17 years"
     },
     {
      "managing_fund_since": "",
      "name": "Arun Agarwal",
      "qualification": "",
      "total_exp": "26 years"
     }
    ],
    "load": [
     {
      "comment": "$ In respect of each purchase/switch-in of units • an Exit Load of 1 is payable if Units are redeemed/ switched-out within 15 days from the date of allotment. • No Exit Load is payable if Units are redeemed/ switched-out on or after 15 days from the date of allotment$ Port olio lassi ication y sset lass ( )",
      "type": "exit"
     }
    ],
    "main_scheme_name": "HDFC Silver ETF Fund of Fund",
    "min_amt": "100",
    "monthly_aaum_date": "20250228",
    "monthly_aaum_value": "₹222.31Cr",
    "mutual_fund_name": "HDFC Mutual Fund",
    "scheme_launch_date": "20221028"
   }
  },
  {
   "value": {
    "amc_name": "HDFC Asset Management Company Limited",
    "benchmark_index": [
     "MSCI World Index (Net Total Returns Index)"
    ],
    "field_location": [
     {
      "amc_name": "51",
      "benchmark_index": "51",
      "count": 46,
      "fund_manager_name": "51",
      "fund_manager_total_exp": "51",
      "load_exit": "51",
      "main_scheme_name": "51",
      "monthly_aaum_date": "51",
      "monthly_aaum_value": "51",
      "mutual_fund_name": "51",
      "scheme_launch_date": "51"
     }
    ],
    "fund_manager": [
     {
      "managing_fund_since": "",
      "name": "Nirman Morakhia",
      "qualification": "",
      "total_exp": "17 years"
     },
     {
      "managing_fund_since": "",
      "name": "Arun Agarwal",
      "qualification": "",
      "total_exp": "26 years"
     }
    ],
    "load": [
     {
      "comment": "$ • 1. is payable if Units are redeemed/switched-out within 30 days from the date of allotment of units. • No Exit Load is payable if Units are redeemed/ switched-out after 30 days from the date of allotment. Port olio lassi ication y sset lass ( )",
      "type": "exit"
     }
    ],
    "main_scheme_name": "HDFC Developed World Indexes Fund of Funds",
    "monthly_aaum_date": "20250228",
    "monthly_aaum_value": "₹1,328.80Cr",
    "mutual_fund_name": "HDFC Mutual Fund",
    "scheme_launch_date": "20211006"
   }
  }
 ]
}