{
 "metadata": {
  "document_name": "20_28-Feb-25_FS.pdf",
  "file_type": "fs",
  "process_date": "20250317"
 },
 "records": [
  {
   "value": {
    "amc_name": "Groww Asset Management Company Limited",
    "benchmark_index": [
     "NIFTY 100 - TRI"
    ],
    "field_location": [
     {
      "amc_name": "22",
      "benchmark_index": "22",
      "count": 23,
      "fund_manager_managing_fund_since": "22",
      "fund_manager_name": "22",
      "fund_manager_total_exp": "22",
      "load_entry": "22",
      "load_exit": "22",
      "main_scheme_name": "22",
      "metrics_port_turnover_ratio": "22",
      "metrics_r_squared_ratio": "22",
      "metrics_sharpe": "22",
      "min_addl_amt": "22",
      "min_addl_amt_multiple": "22",
      "min_amt": "22",
      "min_amt_multiple": "22",
      "monthly_aaum_date": "22",
      "monthly_aaum_value": "22",
      "mutual_fund_name": "22",
      "scheme_launch_date": "22"
     }
    ],
    "fund_manager": [
     {
      "managing_fund_since": "may 11, 2023",
      "name": "Mr. Anupam Tiwari",
      "qualification": "",
      "total_exp": "18 years"
     }
    ],
    "load": [
     {
      "comment": "Not Applicable",
      "type": "entry"
     },
     {
      "comment": "a) 1% if redeemed/ switched out within 7 Days from the date of allotment. b) Nil - if redeemed/ switched out after 7 Days from the date of allotment. Fund Size (as on February 28, 2025) Monthly Average AUM ` 117.06 Crore",
      "type": "exit"
     }
    ],
    "main_scheme_name": "GROWW LARGE CAP FUND",
    "metrics": [
     {
      "name": "sharpe",
      "value": "0.29"
     },
     {
      "name": "port_turnover_ratio",
      "value": "2.13%"
     },
     {
      "name": "r_squared_ratio",
      "value": "5"
     }
    ],
    "min_addl_amt": "100",
    "min_addl_amt_multiple": "1",
    "min_amt": "500",
    "min_amt_multiple": "1",
    "monthly_aaum_date": "20250228",
    "monthly_aaum_value": "117.06 Crore",
    "mutual_fund_name": "Groww Mutual Fund",
    "scheme_launch_date": "20120210"
   }
  },
  {
   "value": {
    "amc_name": "Groww Asset Management Company Limited",
    "benchmark_index": [
     "CRISIL Hybrid 35+65 - Aggressive Index"
    ],
    "field_location": [
     {
      "amc_name": "24",
      "benchmark_index": "24",
      "count": 23,
      "fund_manager_managing_fund_since": "24",
      "fund_manager_name": "24",
      "fund_manager_total_exp": "24",
      "load_entry": "24",
      "load_exit": "24",
      "main_scheme_name": "24",
      "metrics_beta": "24",
      "metrics_port_turnover_ratio": "24",
      "metrics_r_squared_ratio": "24",
      "metrics_sharpe": "24",
      "min_addl_amt": "24",
      "min_addl_amt_multiple": "24",
      "min_amt": "24",
      "min_amt_multiple": "24",
      "monthly_aaum_date": "24",
      "monthly_aaum_value": "24",
      "mutual_fund_name": "24",
      "scheme_launch_date": "24"
     }
    ],
    "fund_manager": [
     {
      "managing_fund_since": "may 11, 2023",
      "name": "Mr. Kaustubh Sule",
      "qualification": "",
      "total_exp": "17 years"
     },
     {
      "managing_fund_since": "may 11, 2023",
      "name": "Mr. Anupam Tiwari",
      "qualification": "",
      "total_exp": "18 years"
     }
    ],
    "load": [
     {
      "comment": "Not Applicable",
      "type": "entry"
     },
     {
      "comment": "a)1% if redeemed/ switched out within 7 Days from the date of allotment, b)Nil - if redeemed/ switched out after 7 Days from the date of allotment Minimum Additional Investment ` 100 and in multiples of ` 1/- thereafter",
      "type": "exit"
     }
    ],
    "main_scheme_name": "GROWW AGGRESSIVE HYBRID FUND",
    "metrics": [
     {
      "name": "sharpe",
      "value": "1.09"
     },
     {
      "name": "beta",
      "value": "1.05"
     },
     {
      "name": "r_squared_ratio",
      "value": "0.94"
     },
     {
      "name": "port_turnover_ratio",
      "value": "1.98%"
     }
    ],
    "min_addl_amt": "100",
    "min_addl_amt_multiple": "1",
    "min_amt": "500",
    "min_amt_multiple": "1",
    "monthly_aaum_date": "20250228",
    "monthly_aaum_value": "44.03 Crore",
    "mutual_fund_name": "Groww Mutual Fund",
    "scheme_launch_date": "20181213"
   }
  },
  {
   "value": {
    "amc_name": "Groww Asset Management Company Limited",
    "benchmark_index": [
     "Nifty 500 TRI"
    ],
    "field_location": [
     {
      "amc_name": "26",
      "benchmark_index": "26",
      "count": 23,
      "fund_manager_managing_fund_since": "26",
      "fund_manager_name": "26",
      "fund_manager_total_exp": "26",
      "load_entry": "26",
      "load_exit": "26",
      "main_scheme_name": "26",
      "metrics_port_turnover_ratio": "26",
      "metrics_r_squared_ratio": "26",
      "metrics_sharpe": "26",
      "min_addl_amt": "26",
      "min_addl_amt_multiple": "26",
      "min_amt": "26",
      "min_amt_multiple": "26",
      "monthly_aaum_date": "26",
      "monthly_aaum_value": "26",
      "mutual_fund_name": "26",
      "scheme_launch_date": "26"
     }
    ],
    "fund_manager": [
     {
      "managing_fund_since": "may 11, 2023",
      "name": "Mr. Anupam Tiwari",
      "qualification": "",
      "total_exp": "18 years"
     }
    ],
    "load": [
     {
      "comment": "Not Applicable",
      "type": "entry"
     },
     {
      "comment": "a) 1% if redeemed/ switched out within 1 year from the date of allotment. b) NIL, if redeemed/ switched out after 1 year from the date of allotment Fund Size (as on February 28 , 2025) Monthly Average AUM ` 44.80 Crore",
      "type": "exit"
     }
    ],
    "main_scheme_name": "GROWW VALUE FUND",
    "metrics": [
     {
      "name": "sharpe",
      "value": "0.39"
     },
     {
      "name": "port_turnover_ratio",
      "value": "1.47%"
     },
     {
      "name": "r_squared_ratio",
      "value": "7"
     }
    ],
    "min_addl_amt": "100",
    "min_addl_amt_multiple": "1",
    "min_amt": "500",
    "min_amt_multiple": "1",
    "monthly_aaum_date": "20250228",
    "monthly_aaum_value": "44.80 Crore",
    "mutual_fund_name": "Groww Mutual Fund",
    "scheme_launch_date": "20150908"
   }
  },
  {
   "value": {
    "amc_name": "Groww Asset Management Company Limited",
    "benchmark_index": [
     "BSE 500 TRI"
    ],
    "field_location": [
     {
      "amc_name": "28",
      "benchmark_index": "28",
      "count": 23,
      "fund_manager_managing_fund_since": "28",
      "fund_manager_name": "28",
      "fund_manager_total_exp": "28",
      "load_entry": "28",
      "load_exit": "28",
      "main_scheme_name": "28",
      "metrics_beta": "28",
      "metrics_port_turnover_ratio": "28",
      "metrics_r_squared_ratio": "28",
      "metrics_sharpe": "28",
      "min_addl_amt": "28",
      "min_addl_amt_multiple": "28",
      "min_amt": "28",
      "min_amt_multiple": "28",
      "monthly_aaum_date": "28",
      "monthly_aaum_value": "28",
      "mutual_fund_name": "28",
      "scheme_launch_date": "28"
     }
    ],
    "fund_manager": [
     {
      "managing_fund_since": "may 11, 2023",
      "name": "Mr. Anupam Tiwari",
      "qualification": "",
      "total_exp": "18 years"
     }
    ],
    "load": [
     {
      "comment": "Not Applicable",
      "type": "entry"
     },
     {
      "comment": "Nil Fund Size (as on February 28, 2025) Monthly Average AUM ` 44.92 Crore",
      "type": "exit"
     }
    ],
    "main_scheme_name": "GROWW ELSS TAX SAVER FUND",
    "metrics": [
     {
      "name": "sharpe",
      "value": "0.29"
     },
     {
      "name": "beta",
      "value": "0.96"
     },
     {
      "name": "r_squared_ratio",
      "value": "0.92"
     },
     {
      "name": "port_turnover_ratio",
      "value": "1.78%"
     }
    ],
    "min_addl_amt": "500",
    "min_addl_amt_multiple": "1",
    "min_amt": "500",
    "min_amt_multiple": "500",
    "monthly_aaum_date": "20250228",
    "monthly_aaum_value": "44.92 Crore",
    "mutual_fund_name": "Groww Mutual Fund",
    "scheme_launch_date": "20171228"
   }
  },
  {
   "value": {
    "amc_name": "Groww Asset Management Company Limited",
    "benchmark_index": [
     "Nifty 500 Multicap 50:25:25 Index TRI"
    ],
    "field_location": [
     {
      "amc_name": "30",
      "benchmark_index": "30",
      "count": 23,
      "fund_manager_managing_fund_since": "30",
      "fund_manager_name": "30",
      "fund_manager_total_exp": "30",
      "load_entry": "30",
      "load_exit": "30",
      "main_scheme_name": "30",
      "min_addl_amt": "30",
      "min_addl_amt_multiple": "30",
      "min_amt": "30",
      "min_amt_multiple": "30",
      "monthly_aaum_date": "30",
      "monthly_aaum_value": "30",
      "mutual_fund_name": "30",
      "scheme_launch_date": "30"
     }
    ],
    "fund_manager": [
     {
      "managing_fund_since": "december 16, 2024",
      "name": "Mr. Anupam Tiwari",
      "qualification": "",
      "total_exp": "18 years"
     }
    ],
    "load": [
     {
      "comment": "Not Applicable",
      "type": "entry"
     },
     {
      "comment": "a) 1% if redeemed/ switched out within 1 year from the date of allotment. b) NIL, if redeemed/ switched out after 1 year from the date of allotment Fund Size (as on February 28, 2025) Monthly Average AUM ` 72.62 Crore",
      "type": "exit"
     }
    ],
    "main_scheme_name": "GROWW MULTICAP FUND",
    "min_addl_amt": "100",
    "min_addl_amt_multiple": "1",
    "min_amt": "500",
    "min_amt_multiple": "1",
    "monthly_aaum_date": "20250228",
    "monthly_aaum_value": "72.62 Crore",
    "mutual_fund_name": "Groww Mutual Fund",
    "scheme_launch_date": "20241216"
   }
  },
  {
   "value": {
    "amc_name": "Groww Asset Management Company Limited",
    "benchmark_index": [
     "Nifty Total Market Index TRI (Total Return Index)"
    ],
    "field_location": [
     {
      "amc_name": "31",
      "benchmark_index": "31",
      "count": 23,
      "fund_manager_managing_fund_since": "31",
      "fund_manager_total_exp": "31",
      "load_entry": "31",
      "load_exit": "31",
      "main_scheme_name": "31",
      "min_addl_amt": "31",
      "min_addl_amt_multiple": "31",
      "min_amt": "31",
      "min_amt_multiple": "31",
      "monthly_aaum_date": "31",
      "monthly_aaum_value": "31",
      "mutual_fund_name": "31",
      "scheme_launch_date": "31"
     }
    ],
    "fund_manager": [
     {
      "managing_fund_since": "january 03, 2024",
      "name": "",
      "qualification": "",
      "total_exp": "12 years"
     },
     {
      "managing_fund_since": "february 21, 2025",
      "name": "",
      "qualification": "",
      "total_exp": ""
     }
    ],
    "load": [
     {
      "comment": "Nil",
      "type": "entry"
     },
     {
      "comment": "• 0.25% if redeemed/ switched out within 7 Days from the date of allotment. • Nil - if redeemed/ switched out after 7 Days from the date of allotment Fund Size (as on February 28, 2025) Monthly Average AUM ` 260.39 Crore",
      "type": "exit"
     }
    ],
    "main_scheme_name": "GROWW Nifty Total Market Index Fund ",
    "min_addl_amt": "100",
    "min_addl_amt_multiple": "1",
    "min_amt": "500",
    "min_amt_multiple": "1",
    "monthly_aaum_date": "20250228",
    "monthly_aaum_value": "260.39 Crore",
    "mutual_fund_name": "Groww Mutual Fund",
    "scheme_launch_date": "20231023"
   }
  },
  {
   "value": {
    "amc_name": "Groww Asset Management Company Limited",
    "benchmark_index": [
     "Nifty Financial Services Total Return Index"
    ],
    "field_location": [
     {
      "amc_name": "33",
      "benchmark_index": "33",
      "count": 23,
      "fund_manager_managing_fund_since": "33",
      "fund_manager_name": "33",
      "fund_manager_total_exp": "33",
      "load_entry": "33",
      "load_exit": "33",
      "main_scheme_name": "33",
      "min_addl_amt": "33",
      "min_addl_amt_multiple": "33",
      "min_amt": "33",
      "min_amt_multiple": "33",
      "monthly_aaum_date": "33",
      "monthly_aaum_value": "33",
      "mutual_fund_name": "33",
      "scheme_launch_date": "33"
     }
    ],
    "fund_manager": [
     {
      "managing_fund_since": "inception",
      "name": "Mr. Anupam Tiwari",
      "qualification": "",
      "total_exp": "18 years"
     },
     {
      "managing_fund_since": "24th february 2025",
      "name": "Mr. Saptarshee Chatterjee",
      "qualification": "",
      "total_exp": "08 years"
     }
    ],
    "load": [
     {
      "comment": "Nil",
      "type": "entry"
     },
     {
      "comment": "• For redemption / switch-out of units on or before 30 days from the date of allotment: 1.00% of applicable NAV • For redemption / switch-out of units after 30 days from the date of allotment: Nil Fund Size (as on February 28, 2025) Monthly Average AUM ` 46.37 Crore",
      "type": "exit"
     }
    ],
    "main_scheme_name": "GROWW Banking & Financial Services Fund ",
    "min_addl_amt": "100",
    "min_addl_amt_multiple": "1",
    "min_amt": "500",
    "min_amt_multiple": "1",
    "monthly_aaum_date": "20250228",
    "monthly_aaum_value": "46.37 Crore",
    "mutual_fund_name": "Groww Mutual Fund",
    "scheme_launch_date": "20240206"
   }
  },
  {
   "value": {
    "amc_name": "Groww Asset Management Company Limited",
    "benchmark_index": [
     "Nifty Smallcap 250 Index TRI (Total Return Index)"
    ],
    "field_location": [
     {
      "amc_name": "35",
      "benchmark_index": "35",
      "count": 23,
      "fund_manager_managing_fund_since": "35",
      "fund_manager_name": "35",
      "fund_manager_total_exp": "35",
      "load_entry": "35",
      "load_exit": "35",
      "main_scheme_name": "35",
      "min_addl_amt": "35",
      "min_addl_amt_multiple": "35",
      "min_amt": "35",
      "min_amt_multiple": "35",
      "monthly_aaum_date": "35",
      "monthly_aaum_value": "35",
      "mutual_fund_name": "35",
      "scheme_launch_date": "35"
     }
    ],
    "fund_manager": [
     {
      "managing_fund_since": "february 29, 2024",
      "name": "Mr. Abhishek Jain",
      "qualification": "",
      "total_exp": "12 years"
     },
     {
      "managing_fund_since": "february 21, 2025",
      "name": "Mr. Nikhil Satam",
      "qualification": "",
      "total_exp": "06 years"
     }
    ],
    "load": [
     {
      "comment": "Not Applicable",
      "type": "entry"
     },
     {
      "comment": "• 0.25% if redeemed/ switched out within 7 Days from the date of allotment. • Nil - if redeemed/ switched out after 7 Days from the date of allotment Fund Size (as on February 28, 2025) Monthly Average AUM ` 88.99 Crore",
      "type": "exit"
     }
    ],
    "main_scheme_name": "GROWW Nifty Smallcap 250 Index Fund ",
    "min_addl_amt": "500",
    "min_addl_amt_multiple": "1",
    "min_amt": "500",
    "min_amt_multiple": "1",
    "monthly_aaum_date": "20250228",
    "monthly_aaum_value": "88.99 Crore",
    "mutual_fund_name": "Groww Mutual Fund",
    "scheme_launch_date": "20240229"
   }
  },
  {
   "value": {
    "amc_name": "Groww Asset Management Company Limited",
    "benchmark_index": [
     "Nifty EV and New Age Automotive Index-TRI"
    ],
    "field_location": [
     {
      "amc_name": "37",
      "benchmark_index": "37",
      "count": 23,
      "fund_manager_managing_fund_since": "37",
      "fund_manager_name": "37",
      "fund_manager_total_exp": "37",
      "load_entry": "37",
      "load_exit": "37",
      "main_scheme_name": "37",
      "min_addl_amt": "37",
      "min_addl_amt_multiple": "37",
      "min_amt": "37",
      "min_amt_multiple": "37",
      "monthly_aaum_date": "37",
      "monthly_aaum_value": "37",
      "mutual_fund_name": "37",
      "scheme_launch_date": "37"
     }
    ],
    "fund_manager": [
     {
      "managing_fund_since": "august 07, 2024",
      "name": "Mr. Abhishek Jain",
      "qualification": "",
      "total_exp": "12 years"
     },
     {
      "managing_fund_since": "february 21, 2025",
      "name": "Mr. Nikhil Satam",
      "qualification": "",
      "total_exp": "06 years"
     }
    ],
    "load": [
     {
      "comment": "Nil",
      "type": "entry"
     },
     {
      "comment": "Nil Fund Size (as on February 28, 2025) Monthly Average AUM ` 226.87 Crore",
      "type": "exit"
     }
    ],
    "main_scheme_name": "GROWW Nifty EV & New Age Automotive ETF ",
    "min_addl_amt": "500",
    "min_addl_amt_multiple": "1",
    "min_amt": "500",
    "min_amt_multiple": "1",
    "monthly_aaum_date": "20250228",
    "monthly_aaum_value": "226.87 Crore",
    "mutual_fund_name": "Groww Mutual Fund",
    "scheme_launch_date": "20240807"
   }
  },
  {
   "value": {
    "amc_name": "Groww Asset Management Company Limited",
    "benchmark_index": [
     "Nifty EV and New Age Automotive Index-TRI"
    ],
    "field_location": [
     {
      "amc_name": "39",
      "benchmark_index": "39",
      "count": 23,
      "fund_manager_managing_fund_since": "39",
      "fund_manager_name": "39",
      "fund_manager_total_exp": "39",
      "load_entry": "39",
      "load_exit": "39",
      "main_scheme_name": "39",
      "min_addl_amt": "39",
      "min_addl_amt_multiple": "39",
      "min_amt": "39",
      "min_amt_multiple": "39",
      "monthly_aaum_date": "39",
      "monthly_aaum_value": "39",
      "mutual_fund_name": "39",
      "scheme_launch_date": "39"
     }
    ],
    "fund_manager": [
     {
      "managing_fund_since": "august 12, 2024",
      "name": "Mr. Abhishek Jain",
      "qualification": "",
      "total_exp": "12 years"
     },
     {
      "managing_fund_since": "february 21, 2025",
      "name": "Mr. Nikhil Satam",
      "qualification": "",
      "total_exp": "06 years"
     }
    ],
    "load": [
     {
      "comment": "Nil",
      "type": "entry"
     },
     {
      "comment": "If redeemed within 30 days from the date of allotment: 1%; If redeemed after 30 days from the date of allotment: NIL Fund Size (as on February 28, 2025) ` 114.54 Crore ` 108.48 Crore",
      "type": "exit"
     }
    ],
    "main_scheme_name": "GROWW Nifty EV & New Age Automotive ETF FOF ",
    "min_addl_amt": "500",
    "min_addl_amt_multiple": "1",
    "min_amt": "500",
    "min_amt_multiple": "1",
    "monthly_aaum_date": "20250228",
    "monthly_aaum_value": "114.54 Crore",
    "mutual_fund_name": "Groww Mutual Fund",
    "scheme_launch_date": "20240812"
   }
  },
  {
   "value": {
    "amc_name": "Groww Asset Management Company Limited",
    "benchmark_index": [
     "Nifty Non-Cyclical Consumer Index TRI (Total Return Index)"
    ],
    "field_location": [
     {
      "amc_name": "40",
      "benchmark_index": "40",
      "count": 23,
      "fund_manager_managing_fund_since": "40",
      "fund_manager_name": "40",
      "fund_manager_total_exp": "40",
      "load_entry": "40",
      "load_exit": "40",
      "main_scheme_name": "40",
      "min_addl_amt": "40",
      "min_addl_amt_multiple": "40",
      "min_amt": "40",
      "min_amt_multiple": "40",
      "monthly_aaum_date": "40",
      "monthly_aaum_value": "40",
      "mutual_fund_name": "40",
      "scheme_launch_date": "40"
     }
    ],
    "fund_manager": [
     {
      "managing_fund_since": "may 22, 2024",
      "name": "Mr. Abhishek Jain",
      "qualification": "",
      "total_exp": "12 years"
     },
     {
      "managing_fund_since": "february 21, 2025",
      "name": "Mr. Nikhil Satam",
      "qualification": "",
      "total_exp": "06 years"
     }
    ],
    "load": [
     {
      "comment": "Nil",
      "type": "entry"
     },
     {
      "comment": "• In respect of each purchase/switch-in of units, an Exit load of 1% is payable if units are redeemed/switched-out within 30 days from the date of allotment. • No Exit Load is payable if units are redeemed / switched-out after 30 days from the date of allotment. No Entry / Exit Load shall be levied on Units allotted on Re-investment of Income Distribution cum Capital Withdrawal. In respect of Systematic Transactions such as SIP, STP, etc. Exit Load, if any, prevailing on the date of registration / enrolment shall be levied. Fund Size (as on February 28, 2025) Monthly Average AUM ` 44.37 Crore",
      "type": "exit"
     }
    ],
    "main_scheme_name": "GROWW Nifty Non-Cyclical Consumer Index Fund ",
    "min_addl_amt": "500",
    "min_addl_amt_multiple": "1",
    "min_amt": "500",
    "min_amt_multiple": "1",
    "monthly_aaum_date": "20250228",
    "monthly_aaum_value": "44.37 Crore",
    "mutual_fund_name": "Groww Mutual Fund",
    "scheme_launch_date": "20240522"
   }
  },
  {
   "value": {
    "amc_name": "Groww Asset Management Company Limited",
    "benchmark_index": [
     "Nifty 1D Rate Index -TRI"
    ],
    "field_location": [
     {
      "amc_name": "42",
      "benchmark_index": "42",
      "count": 23,
      "fund_manager_name": "42",
      "fund_manager_total_exp": "42",
      "load_entry": "42",
      "load_exit": "42",
      "main_scheme_name": "42",
      "metrics_macaulay": "42",
      "metrics_ytm": "42",
      "min_addl_amt": "42",
      "min_addl_amt_multiple": "42",
      "min_amt": "42",
      "min_amt_multiple": "42",
      "monthly_aaum_date": "42",
      "monthly_aaum_value": "42",
      "mutual_fund_name": "42",
      "scheme_launch_date": "42"
     }
    ],
    "fund_manager": [
     {
      "managing_fund_since": "",
      "name": "Mr. Kaustubh Sule",
      "qualification": "",
      "total_exp": "17 years"
     }
    ],
    "load": [
     {
      "comment": "Nil",
      "type": "entry"
     },
     {
      "comment": "NiL Fund Size (as on February 28, 2025) ` 53.74 Crore ` 58.39 Crore",
      "type": "exit"
     }
    ],
    "main_scheme_name": "GROWW Nifty 1D Rate Liquid ETF ",
    "metrics": [
     {
      "name": "ytm",
      "value": "6.35%"
     },
     {
      "name": "macaulay",
      "value": "3.00 Days"
     }
    ],
    "min_addl_amt": "500",
    "min_addl_amt_multiple": "1",
    "min_amt": "500",
    "min_amt_multiple": "1",
    "monthly_aaum_date": "20250228",
    "monthly_aaum_value": "53.74 Crore",
    "mutual_fund_name": "Groww Mutual Fund",
    "scheme_launch_date": "20240924"
   }
  },
  {
   "value": {
    "amc_name": "Groww Asset Management Company Limited",
    "benchmark_index": [
     "Nifty India Defence Index - TRI"
    ],
    "field_location": [
     {
      "amc_name": "43",
      "benchmark_index": "43",
      "count": 23,
      "fund_manager_managing_fund_since": "43",
      "fund_manager_name": "43",
      "fund_manager_total_exp": "43",
      "load_entry": "43",
      "load_exit": "43",
      "main_scheme_name": "43",
      "min_addl_amt": "43",
      "min_addl_amt_multiple": "43",
      "min_amt": "43",
      "min_amt_multiple": "43",
      "monthly_aaum_date": "43",
      "monthly_aaum_value": "43",
      "mutual_fund_name": "43",
      "scheme_launch_date": "43"
     }
    ],
    "fund_manager": [
     {
      "managing_fund_since": "inception",
      "name": "Mr. Abhishek Jain",
      "qualification": "",
      "total_exp": "12 years"
     },
     {
      "managing_fund_since": "february 21, 2025",
      "name": "Mr. Nikhil Satam",
      "qualification": "",
      "total_exp": "06 years"
     }
    ],
    "load": [
     {
      "comment": "Nil",
      "type": "entry"
     },
     {
      "comment": "NiL Fund Size (as on February 28, 2025) ` 75.89 Crore ` 72.85 Crore",
      "type": "exit"
     }
    ],
    "main_scheme_name": "GROWW Nifty India Defence ETF ",
    "min_addl_amt": "500",
    "min_addl_amt_multiple": "1",
    "min_amt": "500",
    "min_amt_multiple": "1",
    "monthly_aaum_date": "20250228",
    "monthly_aaum_value": "75.89 Crore",
    "mutual_fund_name": "Groww Mutual Fund",
    "scheme_launch_date": "20241008"
   }
  },
  {
   "value": {
    "amc_name": "Groww Asset Management Company Limited",
    "benchmark_index": [
     "Nifty India Defence Index - TRI"
    ],
    "field_location": [
     {
      "amc_name": "44",
      "benchmark_index": "44",
      "count": 23,
      "fund_manager_managing_fund_since": "44",
      "fund_manager_name": "44",
      "fund_manager_total_exp": "44",
      "load_entry": "44",
      "load_exit": "44",
      "main_scheme_name": "44",
      "min_addl_amt": "44",
      "min_addl_amt_multiple": "44",
      "min_amt": "44",
      "min_amt_multiple": "44",
      "monthly_aaum_date": "44",
      "monthly_aaum_value": "44",
      "mutual_fund_name": "44",
      "scheme_launch_date": "44"
     }
    ],
    "fund_manager": [
     {
      "managing_fund_since": "inception",
      "name": "Mr. Abhishek Jain",
      "qualification": "",
      "total_exp": "12 years"
     },
     {
      "managing_fund_since": "february 21, 2025",
      "name": "Mr. Nikhil Satam",
      "qualification": "",
      "total_exp": "06 years"
     }
    ],
    "load": [
     {
      "comment": "Nil",
      "type": "entry"
     },
     {
      "comment": "If redeemed within 30 days from the date of allotment: 1%; If redeemed after 30 days from the date of allotment: NIL Fund Size (as on February 28, 2025) ` 27.72 Crore ` 26.46 Crore",
      "type": "exit"
     }
    ],
    "main_scheme_name": "GROWW Nifty India Defence ETF FOF ",
    "min_addl_amt": "500",
    "min_addl_amt_multiple": "1",
    "min_amt": "500",
    "min_amt_multiple": "1",
    "monthly_aaum_date": "20250228",
    "monthly_aaum_value": "27.72 Crore",
    "mutual_fund_name": "Groww Mutual Fund",
    "scheme_launch_date": "20241011"
   }
  },
  {
   "value": {
    "amc_name": "Groww Asset Management Company Limited",
    "benchmark_index": [
     "Domestic Price of Physical Gold"
    ],
    "field_location": [
     {
      "amc_name": "45",
      "benchmark_index": "45",
      "count": 23,
      "fund_manager_managing_fund_since": "45",
      "fund_manager_name": "45",
      "fund_manager_total_exp": "45",
      "load_entry": "45",
      "load_exit": "45",
      "main_scheme_name": "45",
      "min_addl_amt": "45",
      "min_addl_amt_multiple": "45",
      "min_amt": "45",
      "min_amt_multiple": "45",
      "monthly_aaum_date": "45",
      "monthly_aaum_value": "45",
      "mutual_fund_name": "45",
      "scheme_launch_date": "45"
     }
    ],
    "fund_manager": [
     {
      "managing_fund_since": "inception",
      "name": "Mr. Wilfred Gonsalves",
      "qualification": "",
      "total_exp": "07 years"
     }
    ],
    "load": [
     {
      "comment": "Nil",
      "type": "entry"
     },
     {
      "comment": "NiL Fund Size (as on February 28, 2025) ` 69.12 Crore ` 72.39 Crore",
      "type": "exit"
     }
    ],
    "main_scheme_name": "GROWW Gold ETF ",
    "min_addl_amt": "500",
    "min_addl_amt_multiple": "1",
    "min_amt": "500",
    "min_amt_multiple": "1",
    "monthly_aaum_date": "20250228",
    "monthly_aaum_value": "69.12 Crore",
    "mutual_fund_name": "Groww Mutual Fund",
    "scheme_launch_date": "20241022"
   }
  },
  {
   "value": {
    "amc_name": "Groww Asset Management Company Limited",
    "benchmark_index": [
     "Domestic Price of Gold"
    ],
    "field_location": [
     {
      "amc_name": "46",
      "benchmark_index": "46",
      "count": 23,
      "fund_manager_managing_fund_since": "46",
      "fund_manager_name": "46",
      "fund_manager_total_exp": "46",
      "load_entry": "46",
      "load_exit": "46",
      "main_scheme_name": "46",
      "min_addl_amt": "46",
      "min_addl_amt_multiple": "46",
      "min_amt": "46",
      "min_amt_multiple": "46",
      "monthly_aaum_date": "46",
      "monthly_aaum_value": "46",
      "mutual_fund_name": "46",
      "scheme_launch_date": "46"
     }
    ],
    "fund_manager": [
     {
      "managing_fund_since": "inception",
      "name": "Mr. Wilfred Gonsalves",
      "qualification": "",
      "total_exp": "07 years"
     }
    ],
    "load": [
     {
      "comment": "Nil",
      "type": "entry"
     },
     {
      "comment": "If redeemed within 30 days from the date of allotment: 1%; If redeemed after 30 days from the date of allotment: NIL Fund Size (as on February 28, 2025) ` 19.66Crore ` 20.38 Crore",
      "type": "exit"
     }
    ],
    "main_scheme_name": "GROWW Gold ETF FOF ",
    "min_addl_amt": "500",
    "min_addl_amt_multiple": "1",
    "min_amt": "500",
    "min_amt_multiple": "1",
    "monthly_aaum_date": "20250228",
    "monthly_aaum_value": "19.66Crore",
    "mutual_fund_name": "Groww Mutual Fund",
    "scheme_launch_date": "20241106"
   }
  },
  {
   "value": {
    "amc_name": "Groww Asset Management Company Limited",
    "benchmark_index": [
     "Nifty India Railways PSU Index - TRI."
    ],
    "field_location": [
     {
      "amc_name": "47",
      "benchmark_index": "47",
      "count": 23,
      "fund_manager_managing_fund_since": "47",
      "fund_manager_name": "47",
      "fund_manager_total_exp": "47",
      "load_entry": "47",
      "load_exit": "47",
      "main_scheme_name": "47",
      "min_addl_amt": "47",
      "min_addl_amt_multiple": "47",
      "min_amt": "47",
      "min_amt_multiple": "47",
      "monthly_aaum_date": "47",
      "monthly_aaum_value": "47",
      "mutual_fund_name": "47",
      "scheme_launch_date": "47"
     }
    ],
    "fund_manager": [
     {
      "managing_fund_since": "inception",
      "name": "Mr. Abhishek Jain",
      "qualification": "",
      "total_exp": "12 years"
     },
     {
      "managing_fund_since": "february 21, 2025",
      "name": "Nikhil Satam",
      "qualification": "",
      "total_exp": "06 years"
     }
    ],
    "load": [
     {
      "comment": "Nil",
      "type": "entry"
     },
     {
      "comment": "1%, if redeemed within 30 days Fund Size (as on February 28, 2025) ` 20.44 Crore ` 18.82 Crore",
      "type": "exit"
     }
    ],
    "main_scheme_name": "GROWW Nifty India Railways PSU Index Fund ",
    "min_addl_amt": "500",
    "min_addl_amt_multiple": "1",
    "min_amt": "500",
    "min_amt_multiple": "1",
    "monthly_aaum_date": "20250228",
    "monthly_aaum_value": "20.44 Crore",
    "mutual_fund_name": "Groww Mutual Fund",
    "scheme_launch_date": "20250204"
   }
  },
  {
   "value": {
    "amc_name": "Groww Asset Management Company Limited",
    "benchmark_index": [
     "Nifty India Railways PSU India- TRI"
    ],
    "field_location": [
     {
      "amc_name": "48",
      "benchmark_index": "48",
      "count": 23,
      "fund_manager_managing_fund_since": "48",
      "fund_manager_name": "48",
      "fund_manager_total_exp": "48",
      "load_entry": "48",
      "load_exit": "48",
      "main_scheme_name": "48",
      "min_addl_amt": "48",
      "min_addl_amt_multiple": "48",
      "min_amt": "48",
      "min_amt_multiple": "48",
      "monthly_aaum_date": "48",
      "monthly_aaum_value": "48",
      "mutual_fund_name": "48",
      "scheme_launch_date": "48"
     }
    ],
    "fund_manager": [
     {
      "managing_fund_since": "inception",
      "name": "Mr. Abhishek Jain",
      "qualification": "",
      "total_exp": "12 years"
     },
     {
      "managing_fund_since": "february 21, 2025",
      "name": "Nikhil Satam",
      "qualification": "",
      "total_exp": "06 years"
     }
    ],
    "load": [
     {
      "comment": "Nil",
      "type": "entry"
     },
     {
      "comment": "NIL Fund Size (as on February 28, 2025) ` 24.75 Crore ` 24.67 Crore",
      "type": "exit"
     }
    ],
    "main_scheme_name": "GROWW Nifty India Railways PSU ETF ",
    "min_addl_amt": "500",
    "min_addl_amt_multiple": "1",
    "min_amt": "500",
    "min_amt_multiple": "1",
    "monthly_aaum_date": "20250228",
    "monthly_aaum_value": "24.75 Crore",
    "mutual_fund_name": "Groww Mutual Fund",
    "scheme_launch_date": "20250205"
   }
  },
  {
   "value": {
    "amc_name": "Groww Asset Management Company Limited",
    "benchmark_index": [
     "Nifty 200 Index TRI"
    ],
    "field_location": [
     {
      "amc_name": "49",
      "benchmark_index": "49",
      "count": 23,
      "fund_manager_managing_fund_since": "49",
      "fund_manager_name": "49",
      "fund_manager_total_exp": "49",
      "load_entry": "49",
      "load_exit": "49",
      "main_scheme_name": "49",
      "min_addl_amt": "49",
      "min_addl_amt_multiple": "49",
      "min_amt": "49",
      "min_amt_multiple": "49",
      "monthly_aaum_date": "49",
      "monthly_aaum_value": "49",
      "mutual_fund_name": "49",
      "scheme_launch_date": "49"
     }
    ],
    "fund_manager": [
     {
      "managing_fund_since": "inception",
      "name": "Mr. Abhishek Jain",
      "qualification": "",
      "total_exp": "12 years"
     },
     {
      "managing_fund_since": "3rd march, 2025",
      "name": "Mr. Nikhil Satam",
      "qualification": "",
      "total_exp": "06 years"
     }
    ],
    "load": [
     {
      "comment": "Nil",
      "type": "entry"
     },
     {
      "comment": "NIL Fund Size (as on February 28, 2025) ` 9.79 Crore ` 17.71 Crore",
      "type": "exit"
     }
    ],
    "main_scheme_name": "GROWW Nifty 200 ETF ",
    "min_addl_amt": "500",
    "min_addl_amt_multiple": "1",
    "min_amt": "500",
    "min_amt_multiple": "1",
    "monthly_aaum_date": "20250228",
    "monthly_aaum_value": "9.79",
    "mutual_fund_name": "Groww Mutual Fund",
    "scheme_launch_date": "20250225"
   }
  },
  {
   "value": {
    "amc_name": "Groww Asset Management Company Limited",
    "benchmark_index": [
     "CRISIL Liquid Overnight Index"
    ],
    "field_location": [
     {
      "amc_name": "50",
      "benchmark_index": "50",
      "count": 23,
      "fund_manager_managing_fund_since": "50",
      "fund_manager_name": "50",
      "fund_manager_total_exp": "50",
      "load_entry": "50",
      "load_exit": "50",
      "main_scheme_name": "50",
      "metrics_macaulay": "50",
      "metrics_mod_duration": "50",
      "metrics_ytm": "50",
      "min_addl_amt": "50",
      "min_addl_amt_multiple": "50",
      "min_amt": "50",
      "min_amt_multiple": "50",
      "monthly_aaum_date": "50",
      "monthly_aaum_value": "50",
      "mutual_fund_name": "50",
      "scheme_launch_date": "50"
     }
    ],
    "fund_manager": [
     {
      "managing_fund_since": "may 11, 2023",
      "name": "Mr. Kaustubh Sule",
      "qualification": "",
      "total_exp": "17 years"
     }
    ],
    "load": [
     {
      "comment": "Not Applicable",
      "type": "entry"
     },
     {
      "comment": "Nil Fund Size (as on February 28, 2025) Monthly Average AUM ` 28.09 Crore",
      "type": "exit"
     }
    ],
    "main_scheme_name": "GROWW OVERNIGHT FUND",
    "metrics": [
     {
      "name": "ytm",
      "value": "6.36%"
     },
     {
      "name": "mod_duration",
      "value": "2.96 Days"
     },
     {
      "name": "macaulay",
      "value": "2.96 Days"
     }
    ],
    "min_addl_amt": "100",
    "min_addl_amt_multiple": "1",
    "min_amt": "500",
    "min_amt_multiple": "1",
    "monthly_aaum_date": "20250228",
    "monthly_aaum_value": "28.09 Crore",
    "mutual_fund_name": "Groww Mutual Fund",
    "scheme_launch_date": "20190708"
   }
  },
  {
   "value": {
    "amc_name": "Groww Asset Management Company Limited",
    "benchmark_index": [
     "CRISIL Liquid Debt A-I Index"
    ],
    "field_location": [
     {
      "amc_name": "51",
      "benchmark_index": "51",
      "count": 23,
      "fund_manager_managing_fund_since": "51",
      "fund_manager_name": "51",
      "fund_manager_total_exp": "51",
      "load_entry": "51",
      "load_exit": "51",
      "main_scheme_name": "51",
      "metrics_macaulay": "51",
      "metrics_mod_duration": "51",
      "metrics_ytm": "51",
      "min_addl_amt": "51",
      "min_addl_amt_multiple": "51",
      "min_amt": "51",
      "min_amt_multiple": "51",
      "monthly_aaum_date": "51",
      "monthly_aaum_value": "51",
      "mutual_fund_name": "51",
      "scheme_launch_date": "51"
     }
    ],
    "fund_manager": [
     {
      "managing_fund_since": "may 11, 2023",
      "name": "Mr. Kaustubh Sule",
      "qualification": "",
      "total_exp": "17 years"
     }
    ],
    "load": [
     {
      "comment": "Not Applicable",
      "type": "entry"
     },
     {
      "comment": "Investor exit Day 7 Day 1 Day 2 Day 3 Day 4 Day 5 Day 6 upon subscription* onwards Exit Load as a % of redemption proceeds 0.0070% 0.0065% 0.0060% 0.0055% 0.0050% 0.0045% 0.0000% *The date of applicable NAV towards redemption units shall be considered for calculating the number of subscription days. Fund Size (as on February 28, 2025) Monthly Average AUM ` 174.23 Crore",
      "type": "exit"
     }
    ],
    "main_scheme_name": "GROWW LIQUID FUND",
    "metrics": [
     {
      "name": "ytm",
      "value": "7.02%"
     },
     {
      "name": "mod_duration",
      "value": "32.68 Days"
     },
     {
      "name": "macaulay",
      "value": "32.49 Days"
     }
    ],
    "min_addl_amt": "100",
    "min_addl_amt_multiple": "1",
    "min_amt": "500",
    "min_amt_multiple": "1",
    "monthly_aaum_date": "20250228",
    "monthly_aaum_value": "174.23 Crore",
    "mutual_fund_name": "Groww Mutual Fund",
    "scheme_launch_date": "20111025"
   }
  },
  {
   "value": {
    "amc_name": "Groww Asset Management Company Limited",
    "benchmark_index": [
     "CRISIL Short Duration Debt A-II Index"
    ],
    "field_location": [
     {
      "amc_name": "53",
      "benchmark_index": "53",
      "count": 23,
      "fund_manager_managing_fund_since": "53",
      "fund_manager_name": "53",
      "fund_manager_total_exp": "53",
      "load_entry": "53",
      "load_exit": "53",
      "main_scheme_name": "53",
      "metrics_macaulay": "53",
      "metrics_mod_duration": "53",
      "metrics_ytm": "53",
      "min_addl_amt": "53",
      "min_addl_amt_multiple": "53",
      "min_amt": "53",
      "min_amt_multiple": "53",
      "monthly_aaum_date": "53",
      "monthly_aaum_value": "53",
      "mutual_fund_name": "53",
      "scheme_launch_date": "53"
     }
    ],
    "fund_manager": [
     {
      "managing_fund_since": "may 11, 2023",
      "name": "Mr. Kaustubh Sule",
      "qualification": "",
      "total_exp": "17 years"
     }
    ],
    "load": [
     {
      "comment": "Not Applicable",
      "type": "entry"
     },
     {
      "comment": "Nil Fund Size (as on February 28, 2025) Monthly Average AUM ` 61.83 Crore",
      "type": "exit"
     }
    ],
    "main_scheme_name": "GROWW SHORT DURATION FUND",
    "metrics": [
     {
      "name": "ytm",
      "value": "7.27%"
     },
     {
      "name": "mod_duration",
      "value": "3.05 Years"
     },
     {
      "name": "macaulay",
      "value": "2.68 Years"
     }
    ],
    "min_addl_amt": "100",
    "min_addl_amt_multiple": "1",
    "min_amt": "500",
    "min_amt_multiple": "1",
    "monthly_aaum_date": "20250228",
    "monthly_aaum_value": "61.83 Crore",
    "mutual_fund_name": "Groww Mutual Fund",
    "scheme_launch_date": "20130913"
   }
  },
  {
   "value": {
    "amc_name": "Groww Asset Management Company Limited",
    "benchmark_index": [
     "CRISIL Dynamic Bond A-III Index"
    ],
    "field_location": [
     {
      "amc_name": "55",
      "benchmark_index": "55",
      "count": 23,
      "fund_manager_managing_fund_since": "55",
      "fund_manager_name": "55",
      "fund_manager_total_exp": "55",
      "load_entry": "55",
      "load_exit": "55",
      "main_scheme_name": "55",
      "metrics_macaulay": "55",
      "metrics_mod_duration": "55",
      "metrics_ytm": "55",
      "min_addl_amt": "55",
      "min_addl_amt_multiple": "55",
      "min_amt": "55",
      "min_amt_multiple": "55",
      "monthly_aaum_date": "55",
      "monthly_aaum_value": "55",
      "mutual_fund_name": "55",
      "scheme_launch_date": "55"
     }
    ],
    "fund_manager": [
     {
      "managing_fund_since": "may 11, 2023",
      "name": "Mr. Kaustubh Sule",
      "qualification": "",
      "total_exp": "17 years"
     }
    ],
    "load": [
     {
      "comment": "Not Applicable",
      "type": "entry"
     },
     {
      "comment": "Nil Fund Size (as on February 28, 2025) Monthly Average AUM ` 56.73 Crore",
      "type": "exit"
     }
    ],
    "main_scheme_name": "GROWW DYNAMIC BOND FUND",
    "metrics": [
     {
      "name": "ytm",
      "value": "7.17%"
     },
     {
      "name": "mod_duration",
      "value": "24.99 Years"
     },
     {
      "name": "macaulay",
      "value": "9.04 Years"
     }
    ],
    "min_addl_amt": "100",
    "min_addl_amt_multiple": "1",
    "min_amt": "500",
    "min_amt_multiple": "1",
    "monthly_aaum_date": "20250228",
    "monthly_aaum_value": "56.73 Crore",
    "mutual_fund_name": "Groww Mutual Fund",
    "scheme_launch_date": "20181206"
   }
  }
 ]
}