{
 "metadata": {
  "document_name": "22_28-Feb-25_FS.pdf",
  "file_type": "fs",
  "process_date": "20250311"
 },
 "records": [
  {
   "value": {
    "amc_name": "JM Financial Asset Management Limited",
    "benchmark_index": [
     "BSE 500 TRI ##",
     "Additional Benchmark Index: Nifty 50 TRI"
    ],
    "field_location": [
     {
      "amc_name": "22",
      "benchmark_index": "22",
      "count": 15,
      "fund_manager_managing_fund_since": "22",
      "fund_manager_name": "22",
      "fund_manager_total_exp": "22",
      "load_exit": "22",
      "main_scheme_name": "22",
      "metrics_beta": "22",
      "metrics_port_turnover_ratio": "22",
      "metrics_sharpe": "22",
      "metrics_std_dev": "22",
      "min_addl_amt": "22",
      "min_addl_amt_multiple": "22",
      "min_amt": "22",
      "min_amt_multiple": "22",
      "monthly_aaum_date": "22",
      "monthly_aaum_value": "22",
      "mutual_fund_name": "22",
      "scheme_launch_date": "22"
     }
    ],
    "fund_manager": [
     {
      "managing_fund_since": "july 18, 2014 ",
      "name": "Mr. Chaitanya Choksi",
      "qualification": "",
      "total_exp": "21 years"
     },
     {
      "managing_fund_since": "october 01, 2024 ",
      "name": "Mr. Satish Ramanathan",
      "qualification": "",
      "total_exp": "20 years"
     },
     {
      "managing_fund_since": "december, 2021",
      "name": "Mr. Asit Bhandarkar",
      "qualification": "",
      "total_exp": "10 years"
     },
     {
      "managing_fund_since": "october 04, 2024 ",
      "name": "Ms. Ruchi Fozdar",
      "qualification": "",
      "total_exp": ""
     }
    ],
    "load": [
     {
      "comment": "NIL",
      "type": "exit"
     }
    ],
    "main_scheme_name": "JM ELSS Tax Saver Fund",
    "metrics": [
     {
      "name": "sharpe",
      "value": "0.59"
     },
     {
      "name": "std_dev",
      "value": "15.80"
     },
     {
      "name": "beta",
      "value": "0.96"
     },
     {
      "name": "port_turnover_ratio",
      "value": "0.9598"
     }
    ],
    "min_addl_amt": "500",
    "min_addl_amt_multiple": "500",
    "min_amt": "500",
    "min_amt_multiple": "500",
    "monthly_aaum_date": "20250228",
    "monthly_aaum_value": "176.33 Crore",
    "mutual_fund_name": "JM Financial Mutual Fund",
    "scheme_launch_date": "20080331"
   }
  },
  {
   "value": {
    "amc_name": "JM Financial Asset Management Limited",
    "benchmark_index": [
     "BSE 500 TRI ##",
     "Additional Benchmark Index: Nifty 50 TRI"
    ],
    "field_location": [
     {
      "amc_name": "23",
      "benchmark_index": "23",
      "count": 15,
      "fund_manager_managing_fund_since": "23",
      "fund_manager_name": "23",
      "fund_manager_total_exp": "23",
      "load_exit": "23",
      "main_scheme_name": "23",
      "metrics_beta": "23",
      "metrics_port_turnover_ratio": "23",
      "metrics_sharpe": "23",
      "metrics_std_dev": "23",
      "min_addl_amt": "23",
      "min_addl_amt_multiple": "23",
      "min_amt": "23",
      "min_amt_multiple": "23",
      "monthly_aaum_date": "23",
      "monthly_aaum_value": "23",
      "mutual_fund_name": "23",
      "scheme_launch_date": "23"
     }
    ],
    "fund_manager": [
     {
      "managing_fund_since": "august 20, 2021 ",
      "name": "Mr. Satish Ramanathan",
      "qualification": "",
      "total_exp": "20 years"
     },
     {
      "managing_fund_since": "october 01, 2024",
      "name": "Mr. Asit Bhandarkar",
      "qualification": "",
      "total_exp": "21 years"
     },
     {
      "managing_fund_since": "december 2021",
      "name": "Mr. Chaitanya Choksi",
      "qualification": "",
      "total_exp": "10 years"
     },
     {
      "managing_fund_since": "october 04, 2024 ",
      "name": "Ms. Ruchi Fozdar",
      "qualification": "",
      "total_exp": ""
     }
    ],
    "load": [
     {
      "comment": "• If the units are redeemed/switched out on or before 30 days from the date of allotment – 1.00%. • If the units are redeemed / switched out after 30 days from the date of allotment – Nil.",
      "type": "exit"
     }
    ],
    "main_scheme_name": "JM Flexicap Fund",
    "metrics": [
     {
      "name": "sharpe",
      "value": "0.83"
     },
     {
      "name": "std_dev",
      "value": "15.87"
     },
     {
      "name": "beta",
      "value": "0.95"
     },
     {
      "name": "port_turnover_ratio",
      "value": "1.4722"
     }
    ],
    "min_addl_amt": "100",
    "min_addl_amt_multiple": "1",
    "min_amt": "1000",
    "min_amt_multiple": "1",
    "monthly_aaum_date": "20250228",
    "monthly_aaum_value": "5,183.11 Crore",
    "mutual_fund_name": "JM Financial Mutual Fund",
    "scheme_launch_date": "20080923"
   }
  },
  {
   "value": {
    "amc_name": "JM Financial Asset Management Limited",
    "benchmark_index": [
     "Nifty Midcap 150 TRI ##",
     "Additional Benchmark Index: Nifty 50 TRI"
    ],
    "field_location": [
     {
      "amc_name": "24",
      "benchmark_index": "24",
      "count": 15,
      "fund_manager_managing_fund_since": "24",
      "fund_manager_name": "24",
      "fund_manager_total_exp": "24",
      "load_exit": "24",
      "main_scheme_name": "24",
      "metrics_beta": "24",
      "metrics_port_turnover_ratio": "24",
      "metrics_sharpe": "24",
      "metrics_std_dev": "24",
      "metrics_tracking_error": "24",
      "min_addl_amt": "24",
      "min_addl_amt_multiple": "24",
      "min_amt": "24",
      "min_amt_multiple": "24",
      "monthly_aaum_date": "24",
      "monthly_aaum_value": "24",
      "mutual_fund_name": "24",
      "scheme_launch_date": "24"
     }
    ],
    "fund_manager": [
     {
      "managing_fund_since": "november 21, 2022 ",
      "name": "Mr. Satish Ramanathan",
      "qualification": "",
      "total_exp": "20 years"
     },
     {
      "managing_fund_since": "october 01, 2024",
      "name": "Mr. Asit Bhandarkar",
      "qualification": "",
      "total_exp": "21 years"
     },
     {
      "managing_fund_since": "november 21, 2022",
      "name": "Mr. Chaitanya Choksi",
      "qualification": "",
      "total_exp": "10 years"
     },
     {
      "managing_fund_since": "october 04, 2024 ",
      "name": "Ms. Ruchi Fozdar",
      "qualification": "",
      "total_exp": ""
     }
    ],
    "load": [
     {
      "comment": "• If the units are redeemed/switched out on or before 180 days from the date of allotment – 1.00%. • If the units are redeemed/switched out after 180 days from the date of allotment – Nil.",
      "type": "exit"
     }
    ],
    "main_scheme_name": "JM Midcap Fund",
    "metrics": [
     {
      "name": "sharpe",
      "value": "42."
     },
     {
      "name": "std_dev",
      "value": "42."
     },
     {
      "name": "beta",
      "value": "42."
     },
     {
      "name": "tracking_error",
      "value": "42."
     },
     {
      "name": "port_turnover_ratio",
      "value": "1.8177"
     }
    ],
    "min_addl_amt": "100",
    "min_addl_amt_multiple": "1",
    "min_amt": "1000",
    "min_amt_multiple": "1",
    "monthly_aaum_date": "20250228",
    "monthly_aaum_value": "1,279.39 Crore",
    "mutual_fund_name": "JM Financial Mutual Fund",
    "scheme_launch_date": "20221121"
   }
  },
  {
   "value": {
    "amc_name": "JM Financial Asset Management Limited",
    "benchmark_index": [
     "Nifty Smallcap 250 TRI ##",
     "Additional Benchmark Index: Nifty 50 TRI"
    ],
    "field_location": [
     {
      "amc_name": "25",
      "benchmark_index": "25",
      "count": 15,
      "fund_manager_managing_fund_since": "25",
      "fund_manager_name": "25",
      "fund_manager_total_exp": "25",
      "load_exit": "25",
      "main_scheme_name": "25",
      "metrics_port_turnover_ratio": "25",
      "min_addl_amt": "25",
      "min_addl_amt_multiple": "25",
      "min_amt": "25",
      "min_amt_multiple": "25",
      "monthly_aaum_date": "25",
      "monthly_aaum_value": "25",
      "mutual_fund_name": "25",
      "scheme_launch_date": "25"
     }
    ],
    "fund_manager": [
     {
      "managing_fund_since": "june 18, 2024 ",
      "name": "Mr. Asit Bhandarkar",
      "qualification": "",
      "total_exp": "20 years"
     },
     {
      "managing_fund_since": "october 01, 2024 ",
      "name": "Mr. Satish Ramanathan",
      "qualification": "",
      "total_exp": "21 years"
     },
     {
      "managing_fund_since": "june 18, 2024",
      "name": "Mr. Chaitanya Choksi",
      "qualification": "",
      "total_exp": "10 years"
     },
     {
      "managing_fund_since": "october 04, 2024 ",
      "name": "Ms. Ruchi Fozdar",
      "qualification": "",
      "total_exp": ""
     }
    ],
    "load": [
     {
      "comment": "• If the units are redeemed/switched out on or before 180 days from the date of allotment – 1.00%. • If the units are redeemed / switched out after 180 days from the date of allotment – Nil.",
      "type": "exit"
     }
    ],
    "main_scheme_name": "JM Small Cap Fund",
    "metrics": [
     {
      "name": "port_turnover_ratio",
      "value": "42."
     }
    ],
    "min_addl_amt": "100",
    "min_addl_amt_multiple": "1",
    "min_amt": "1000",
    "min_amt_multiple": "1",
    "monthly_aaum_date": "20250228",
    "monthly_aaum_value": "580.68 Crore",
    "mutual_fund_name": "JM Financial Mutual Fund",
    "scheme_launch_date": "20240618"
   }
  },
  {
   "value": {
    "amc_name": "JM Financial Asset Management Limited",
    "benchmark_index": [
     "BSE 100 TRI ##",
     "Additional Benchmark Index: Nifty 50 TRI"
    ],
    "field_location": [
     {
      "amc_name": "26",
      "benchmark_index": "26",
      "count": 15,
      "fund_manager_managing_fund_since": "26",
      "fund_manager_name": "26",
      "fund_manager_total_exp": "26",
      "load_exit": "26",
      "main_scheme_name": "26",
      "metrics_beta": "26",
      "metrics_port_turnover_ratio": "26",
      "metrics_sharpe": "26",
      "metrics_std_dev": "26",
      "min_addl_amt": "26",
      "min_addl_amt_multiple": "26",
      "min_amt": "26",
      "min_amt_multiple": "26",
      "monthly_aaum_date": "26",
      "monthly_aaum_value": "26",
      "mutual_fund_name": "26",
      "scheme_launch_date": "26"
     }
    ],
    "fund_manager": [
     {
      "managing_fund_since": "august 20, 2021 ",
      "name": "Mr. Satish Ramanathan",
      "qualification": "",
      "total_exp": "20 years"
     },
     {
      "managing_fund_since": "october 5, 2017 ",
      "name": "Mr. Asit Bhandarkar",
      "qualification": "",
      "total_exp": "21 years"
     },
     {
      "managing_fund_since": "january 27, 2025 ",
      "name": "Mr. Deepak Gupta",
      "qualification": "",
      "total_exp": "10 years"
     },
     {
      "managing_fund_since": "october 04, 2024 ",
      "name": "Ms. Ruchi Fozdar",
      "qualification": "",
      "total_exp": ""
     }
    ],
    "load": [
     {
      "comment": "• If the units are redeemed/switched out on or before 30 days from the date of allotment – 1.00%. • If the units are redeemed / switched out after 30 days from the date of allotment – Nil.",
      "type": "exit"
     }
    ],
    "main_scheme_name": "JM Large Cap Fund",
    "metrics": [
     {
      "name": "sharpe",
      "value": "0.48"
     },
     {
      "name": "std_dev",
      "value": "14.13"
     },
     {
      "name": "beta",
      "value": "0.91"
     },
     {
      "name": "port_turnover_ratio",
      "value": "2.7616"
     }
    ],
    "min_addl_amt": "100",
    "min_addl_amt_multiple": "1",
    "min_amt": "1000",
    "min_amt_multiple": "1",
    "monthly_aaum_date": "20250228",
    "monthly_aaum_value": "481.22 Crore",
    "mutual_fund_name": "JM Financial Mutual Fund",
    "scheme_launch_date": "19950401"
   }
  },
  {
   "value": {
    "amc_name": "JM Financial Asset Management Limited",
    "benchmark_index": [
     "BSE 500 TRI ##",
     "Additional Benchmark Index: Nifty 50 TRI"
    ],
    "field_location": [
     {
      "amc_name": "27",
      "benchmark_index": "27",
      "count": 15,
      "fund_manager_managing_fund_since": "27",
      "fund_manager_name": "27",
      "fund_manager_total_exp": "27",
      "load_exit": "27",
      "main_scheme_name": "27",
      "metrics_beta": "27",
      "metrics_port_turnover_ratio": "27",
      "metrics_sharpe": "27",
      "metrics_std_dev": "27",
      "min_addl_amt": "27",
      "min_addl_amt_multiple": "27",
      "min_amt": "27",
      "min_amt_multiple": "27",
      "monthly_aaum_date": "27",
      "monthly_aaum_value": "27",
      "mutual_fund_name": "27",
      "scheme_launch_date": "27"
     }
    ],
    "fund_manager": [
     {
      "managing_fund_since": "august 20, 2021 ",
      "name": "Mr. Satish Ramanathan",
      "qualification": "",
      "total_exp": "21 years"
     },
     {
      "managing_fund_since": "october 01, 2024 ",
      "name": "Mr. Chaitanya Choksi",
      "qualification": "",
      "total_exp": "20 years"
     },
     {
      "managing_fund_since": "december, 2006",
      "name": "Mr. Asit Bhandarkar",
      "qualification": "",
      "total_exp": "10 years"
     },
     {
      "managing_fund_since": "october 04, 2024 ",
      "name": "Ms. Ruchi Fozdar",
      "qualification": "",
      "total_exp": ""
     }
    ],
    "load": [
     {
      "comment": "• If the units are redeemed/switched out on or before 30 days from the date of allotment – 1.00%. • If the units are redeemed / switched out after 30 days from the date of allotment – Nil.",
      "type": "exit"
     }
    ],
    "main_scheme_name": "JM Value Fund",
    "metrics": [
     {
      "name": "sharpe",
      "value": "0.76"
     },
     {
      "name": "std_dev",
      "value": "16.77"
     },
     {
      "name": "beta",
      "value": "0.97"
     },
     {
      "name": "port_turnover_ratio",
      "value": "1.1521"
     }
    ],
    "min_addl_amt": "100",
    "min_addl_amt_multiple": "1",
    "min_amt": "1000",
    "min_amt_multiple": "1",
    "monthly_aaum_date": "20250228",
    "monthly_aaum_value": "997.89 Crore",
    "mutual_fund_name": "JM Financial Mutual Fund",
    "scheme_launch_date": "19970602"
   }
  },
  {
   "value": {
    "amc_name": "JM Financial Asset Management Limited",
    "benchmark_index": [
     "BSE 500 TRI ##",
     "Additional Benchmark Index: Nifty 50 TRI"
    ],
    "field_location": [
     {
      "amc_name": "28",
      "benchmark_index": "28",
      "count": 15,
      "fund_manager_managing_fund_since": "28",
      "fund_manager_name": "28",
      "fund_manager_total_exp": "28",
      "load_exit": "28",
      "main_scheme_name": "28",
      "metrics_beta": "28",
      "metrics_port_turnover_ratio": "28",
      "metrics_sharpe": "28",
      "metrics_std_dev": "28",
      "min_addl_amt": "28",
      "min_addl_amt_multiple": "28",
      "min_amt": "28",
      "min_amt_multiple": "28",
      "monthly_aaum_date": "28",
      "monthly_aaum_value": "28",
      "mutual_fund_name": "28",
      "scheme_launch_date": "28"
     }
    ],
    "fund_manager": [
     {
      "managing_fund_since": "february, 2009",
      "name": "Mr. Asit Bhandarkar",
      "qualification": "",
      "total_exp": "20 years"
     },
     {
      "managing_fund_since": "october 01, 2024 ",
      "name": "Mr. Satish Ramanathan",
      "qualification": "",
      "total_exp": "21 years"
     },
     {
      "managing_fund_since": "july 18, 2014 ",
      "name": "Mr. Chaitanya Choksi",
      "qualification": "",
      "total_exp": "10 years"
     },
     {
      "managing_fund_since": "october 04, 2024 ",
      "name": "Ms. Ruchi Fozdar",
      "qualification": "",
      "total_exp": ""
     }
    ],
    "load": [
     {
      "comment": "• If the units are redeemed/switched out on or before 30 days from the date of allotment – 1.00%. • If the units are redeemed / switched out after 30 days from the date of allotment – Nil.",
      "type": "exit"
     }
    ],
    "main_scheme_name": "JM Focused Fund",
    "metrics": [
     {
      "name": "sharpe",
      "value": "0.62"
     },
     {
      "name": "std_dev",
      "value": "14.9"
     },
     {
      "name": "beta",
      "value": "0.89"
     },
     {
      "name": "port_turnover_ratio",
      "value": "2.0067"
     }
    ],
    "min_addl_amt": "100",
    "min_addl_amt_multiple": "1",
    "min_amt": "1000",
    "min_amt_multiple": "1",
    "monthly_aaum_date": "20250228",
    "monthly_aaum_value": "224.92 Crore",
    "mutual_fund_name": "JM Financial Mutual Fund",
    "scheme_launch_date": "20080305"
   }
  },
  {
   "value": {
    "amc_name": "JM Financial Asset Management Limited",
    "benchmark_index": [
     "Nifty 50 Arbitrage Index ##",
     "Additional Benchmark Index: Crisil 1 Year T Bill Index"
    ],
    "field_location": [
     {
      "amc_name": "29",
      "benchmark_index": "29",
      "count": 15,
      "fund_manager_managing_fund_since": "29",
      "fund_manager_name": "29",
      "fund_manager_total_exp": "29",
      "load_exit": "29",
      "main_scheme_name": "29",
      "metrics_avg_maturity": "29",
      "metrics_beta": "29",
      "metrics_macaulay": "29",
      "metrics_mod_duration": "29",
      "metrics_port_turnover_ratio": "29",
      "metrics_sharpe": "29",
      "metrics_std_dev": "29",
      "metrics_ytm": "29",
      "min_addl_amt": "29",
      "min_addl_amt_multiple": "29",
      "min_amt": "29",
      "min_amt_multiple": "29",
      "monthly_aaum_date": "29",
      "monthly_aaum_value": "29",
      "mutual_fund_name": "29",
      "scheme_launch_date": "29"
     }
    ],
    "fund_manager": [
     {
      "managing_fund_since": "july 18, 2014 ",
      "name": "Mr. Asit Bhandarkar",
      "qualification": "",
      "total_exp": "20 years"
     },
     {
      "managing_fund_since": "october 01, 2024 ",
      "name": "Mr. Satish Ramanathan",
      "qualification": "",
      "total_exp": "21 years"
     },
     {
      "managing_fund_since": "february 01, 2011",
      "name": "Mr. Chaitanya Choksi",
      "qualification": "",
      "total_exp": "10 years"
     },
     {
      "managing_fund_since": "october 04, 2024 ",
      "name": "Ms. Ruchi Fozdar",
      "qualification": "",
      "total_exp": ""
     }
    ],
    "load": [
     {
      "comment": "• If the units are redeemed / switched out on or before 30 days from the date of allotment – 0.50%. • If the units are redeemed / switched out after 30 days from the date of allotment – Nil.",
      "type": "exit"
     }
    ],
    "main_scheme_name": "JM Arbitrage Fund",
    "metrics": [
     {
      "name": "port_turnover_ratio",
      "value": "10.9434"
     },
     {
      "name": "sharpe",
      "value": "6.50"
     },
     {
      "name": "std_dev",
      "value": "6.50%"
     },
     {
      "name": "beta",
      "value": "6.50"
     },
     {
      "name": "ytm",
      "value": "6.50%"
     },
     {
      "name": "mod_duration",
      "value": "0.0776 years"
     },
     {
      "name": "avg_maturity",
      "value": "0.0839 years"
     },
     {
      "name": "macaulay",
      "value": "0.0828 years"
     }
    ],
    "min_addl_amt": "100",
    "min_addl_amt_multiple": "1",
    "min_amt": "1000",
    "min_amt_multiple": "1",
    "monthly_aaum_date": "20250228",
    "monthly_aaum_value": "211.53 Crore",
    "mutual_fund_name": "JM Financial Mutual Fund",
    "scheme_launch_date": "20060718"
   }
  },
  {
   "value": {
    "amc_name": "JM Financial Asset Management Limited",
    "benchmark_index": [
     "CRISIL Hybrid 35+65 Aggressive Index ##",
     "Additional Benchmark Index: Nifty 50 TRI"
    ],
    "field_location": [
     {
      "amc_name": "31",
      "benchmark_index": "31",
      "count": 15,
      "fund_manager_managing_fund_since": "31",
      "fund_manager_name": "31",
      "fund_manager_total_exp": "31",
      "load_exit": "31",
      "main_scheme_name": "31",
      "metrics_avg_maturity": "31",
      "metrics_beta": "31",
      "metrics_macaulay": "31",
      "metrics_mod_duration": "31",
      "metrics_port_turnover_ratio": "31",
      "metrics_sharpe": "31",
      "metrics_std_dev": "31",
      "metrics_ytm": "31",
      "min_addl_amt": "31",
      "min_addl_amt_multiple": "31",
      "min_amt": "31",
      "min_amt_multiple": "31",
      "monthly_aaum_date": "31",
      "monthly_aaum_value": "31",
      "mutual_fund_name": "31",
      "scheme_launch_date": "31"
     }
    ],
    "fund_manager": [
     {
      "managing_fund_since": "october 01, 2024 ",
      "name": "Mr. Asit Bhandarkar",
      "qualification": "",
      "total_exp": "20 years"
     },
     {
      "managing_fund_since": "august 20, 2021 ",
      "name": "Mr. Satish Ramanathan",
      "qualification": "",
      "total_exp": "21 years"
     },
     {
      "managing_fund_since": "october 04, 2024",
      "name": "Mr. Chaitanya Choksi",
      "qualification": "",
      "total_exp": "10 years"
     },
     {
      "managing_fund_since": "",
      "name": "Ms. Ruchi Fozdar",
      "qualification": "",
      "total_exp": ""
     }
    ],
    "load": [
     {
      "comment": "• If the units are redeemed / switched out on or before 60 days from the date of allotment – 1.00%. • If the units are redeemed / switched out after 60 days from the date of allotment – Nil.",
      "type": "exit"
     }
    ],
    "main_scheme_name": "JM Aggressive Hybrid Fund",
    "metrics": [
     {
      "name": "sharpe",
      "value": "0.90"
     },
     {
      "name": "std_dev",
      "value": "12.51"
     },
     {
      "name": "beta",
      "value": "1.03"
     },
     {
      "name": "ytm",
      "value": "6.95%"
     },
     {
      "name": "port_turnover_ratio",
      "value": "1.4010"
     },
     {
      "name": "mod_duration",
      "value": "3.0349 years"
     },
     {
      "name": "avg_maturity",
      "value": "4.4141 years"
     },
     {
      "name": "macaulay",
      "value": "3.1685 years"
     }
    ],
    "min_addl_amt": "100",
    "min_addl_amt_multiple": "1",
    "min_amt": "1000",
    "min_amt_multiple": "1",
    "monthly_aaum_date": "20250228",
    "monthly_aaum_value": "750.94 Crore",
    "mutual_fund_name": "JM Financial Mutual Fund",
    "scheme_launch_date": "19950401"
   }
  },
  {
   "value": {
    "amc_name": "JM Financial Asset Management Limited",
    "benchmark_index": [
     "CRISIL Liquid Overnight Index ##",
     "Additional Benchmark Index: Crisil 1 Year T Bill Index"
    ],
    "field_location": [
     {
      "amc_name": "32",
      "benchmark_index": "32",
      "count": 15,
      "fund_manager_managing_fund_since": "32",
      "fund_manager_name": "32",
      "fund_manager_total_exp": "32",
      "load_exit": "32",
      "main_scheme_name": "32",
      "metrics_avg_maturity": "32",
      "metrics_macaulay": "32",
      "metrics_mod_duration": "32",
      "metrics_ytm": "32",
      "min_addl_amt": "32",
      "min_addl_amt_multiple": "32",
      "min_amt": "32",
      "min_amt_multiple": "32",
      "monthly_aaum_date": "32",
      "monthly_aaum_value": "32",
      "mutual_fund_name": "32",
      "scheme_launch_date": "32"
     }
    ],
    "fund_manager": [
     {
      "managing_fund_since": "november 05, 2024 ",
      "name": "Mr. Killol Pandya",
      "qualification": "",
      "total_exp": "17 years"
     },
     {
      "managing_fund_since": "april 05, 2022 ",
      "name": "Ms. Naghma Khoja",
      "qualification": "",
      "total_exp": "6 years"
     },
     {
      "managing_fund_since": "april 03, 2024 ",
      "name": "Ms. Ruchi Fozdar",
      "qualification": "",
      "total_exp": "10 years"
     }
    ],
    "load": [
     {
      "comment": "NIL",
      "type": "exit"
     }
    ],
    "main_scheme_name": "JM Overnight Fund",
    "metrics": [
     {
      "name": "ytm",
      "value": "6.29%"
     },
     {
      "name": "mod_duration",
      "value": "2.81 days"
     },
     {
      "name": "avg_maturity",
      "value": "2.99 days"
     },
     {
      "name": "macaulay",
      "value": "2.99 days"
     }
    ],
    "min_addl_amt": "100",
    "min_addl_amt_multiple": "1",
    "min_amt": "1000",
    "min_amt_multiple": "1",
    "monthly_aaum_date": "20250228",
    "monthly_aaum_value": "133.56 Crore",
    "mutual_fund_name": "JM Financial Mutual Fund",
    "scheme_launch_date": "20191203"
   }
  },
  {
   "value": {
    "amc_name": "JM Financial Asset Management Limited",
    "benchmark_index": [
     "CRISIL Liquid Debt A-I Index ##",
     "Additional Benchmark Index: Crisil 1 Year T Bill Index"
    ],
    "field_location": [
     {
      "amc_name": "33",
      "benchmark_index": "33",
      "count": 15,
      "fund_manager_managing_fund_since": "33",
      "fund_manager_name": "33",
      "fund_manager_total_exp": "33",
      "load_exit": "33",
      "main_scheme_name": "33",
      "metrics_avg_maturity": "33",
      "metrics_macaulay": "33",
      "metrics_mod_duration": "33",
      "metrics_ytm": "33",
      "min_addl_amt": "33",
      "min_addl_amt_multiple": "33",
      "min_amt": "33",
      "min_amt_multiple": "33",
      "monthly_aaum_date": "33",
      "monthly_aaum_value": "33",
      "mutual_fund_name": "33",
      "scheme_launch_date": "33"
     }
    ],
    "fund_manager": [
     {
      "managing_fund_since": "november 05, 2024 ",
      "name": "Mr. Killol Pandya",
      "qualification": "",
      "total_exp": "17 years"
     },
     {
      "managing_fund_since": "october 21, 2021 ",
      "name": "Ms. Naghma Khoja",
      "qualification": "",
      "total_exp": "6 years"
     },
     {
      "managing_fund_since": "april 03, 2024 ",
      "name": "Ms. Ruchi Fozdar",
      "qualification": "",
      "total_exp": "10 years"
     }
    ],
    "load": [
     {
      "comment": "Investor Exit upon Exit Load as a % of redemption subscription (based on proceeds (including systematic Applicable NAV) transactions) Day 1 0.0070% Day 2 0.0065% Day 3 0.0060% Day 4 0.0055% Day 5 0.0050% Day 6 0.0045% Day 7 Onwards 0.0000%",
      "type": "exit"
     }
    ],
    "main_scheme_name": "JM Liquid Fund",
    "metrics": [
     {
      "name": "ytm",
      "value": "7.13%"
     },
     {
      "name": "mod_duration",
      "value": "0.1120 years"
     },
     {
      "name": "avg_maturity",
      "value": "0.1207 years"
     },
     {
      "name": "macaulay",
      "value": "0.1202 years"
     }
    ],
    "min_addl_amt": "100",
    "min_addl_amt_multiple": "1",
    "min_amt": "1000",
    "min_amt_multiple": "1",
    "monthly_aaum_date": "20250228",
    "monthly_aaum_value": "3,450.25 Crore",
    "mutual_fund_name": "JM Financial Mutual Fund",
    "scheme_launch_date": "19971231"
   }
  },
  {
   "value": {
    "amc_name": "JM Financial Asset Management Limited",
    "benchmark_index": [
     "CRISIL Short Duration Debt A-II Index ##",
     "Additional Benchmark Index: Crisil 1 Year T Bill Index"
    ],
    "field_location": [
     {
      "amc_name": "34",
      "benchmark_index": "34",
      "count": 15,
      "fund_manager_managing_fund_since": "34",
      "fund_manager_name": "34",
      "fund_manager_total_exp": "34",
      "load_exit": "34",
      "main_scheme_name": "34",
      "metrics_avg_maturity": "34",
      "metrics_macaulay": "34",
      "metrics_mod_duration": "34",
      "metrics_ytm": "34",
      "min_addl_amt": "34",
      "min_addl_amt_multiple": "34",
      "min_amt": "34",
      "min_amt_multiple": "34",
      "monthly_aaum_date": "34",
      "monthly_aaum_value": "34",
      "mutual_fund_name": "34",
      "scheme_launch_date": "34"
     }
    ],
    "fund_manager": [
     {
      "managing_fund_since": "november 05, 2024 ",
      "name": "Mr. Killol Pandya",
      "qualification": "",
      "total_exp": "17 years"
     },
     {
      "managing_fund_since": "april 03, 2024 ",
      "name": "Ms. Naghma Khoja",
      "qualification": "",
      "total_exp": "6 years"
     },
     {
      "managing_fund_since": "april 03, 2024 ",
      "name": "Ms. Ruchi Fozdar",
      "qualification": "",
      "total_exp": "10 years"
     }
    ],
    "load": [
     {
      "comment": "NIL",
      "type": "exit"
     }
    ],
    "main_scheme_name": "JM Short Duration Fund",
    "metrics": [
     {
      "name": "ytm",
      "value": "7.35%"
     },
     {
      "name": "mod_duration",
      "value": "2.5864 years"
     },
     {
      "name": "avg_maturity",
      "value": "3.1474 years"
     },
     {
      "name": "macaulay",
      "value": "2.7254 years"
     }
    ],
    "min_addl_amt": "100",
    "min_addl_amt_multiple": "1",
    "min_amt": "1000",
    "min_amt_multiple": "1",
    "monthly_aaum_date": "20250228",
    "monthly_aaum_value": "116.13 Crore",
    "mutual_fund_name": "JM Financial Mutual Fund",
    "scheme_launch_date": "20220829"
   }
  },
  {
   "value": {
    "amc_name": "JM Financial Asset Management Limited",
    "benchmark_index": [
     "CRISIL Dynamic Bond A-III Index ##",
     "Additional Benchmark Index: Crisil 10 Year Gilt Index"
    ],
    "field_location": [
     {
      "amc_name": "35",
      "benchmark_index": "35",
      "count": 15,
      "fund_manager_managing_fund_since": "35",
      "fund_manager_name": "35",
      "fund_manager_total_exp": "35",
      "load_exit": "35",
      "main_scheme_name": "35",
      "metrics_avg_maturity": "35",
      "metrics_macaulay": "35",
      "metrics_mod_duration": "35",
      "metrics_ytm": "35",
      "min_addl_amt": "35",
      "min_addl_amt_multiple": "35",
      "min_amt": "35",
      "min_amt_multiple": "35",
      "monthly_aaum_date": "35",
      "monthly_aaum_value": "35",
      "mutual_fund_name": "35",
      "scheme_launch_date": "35"
     }
    ],
    "fund_manager": [
     {
      "managing_fund_since": "november 05, 2024 ",
      "name": "Mr. Killol Pandya",
      "qualification": "",
      "total_exp": "17 years"
     },
     {
      "managing_fund_since": "april 03, 2024 ",
      "name": "Ms. Naghma Khoja",
      "qualification": "",
      "total_exp": "6 years"
     },
     {
      "managing_fund_since": "april 03, 2024 ",
      "name": "Ms. Ruchi Fozdar",
      "qualification": "",
      "total_exp": "10 years"
     }
    ],
    "load": [
     {
      "comment": "NIL",
      "type": "exit"
     }
    ],
    "main_scheme_name": "JM Dynamic Bond Fund",
    "metrics": [
     {
      "name": "ytm",
      "value": "6.87%"
     },
     {
      "name": "mod_duration",
      "value": "6.8932 years"
     },
     {
      "name": "avg_maturity",
      "value": "10.4352 years"
     },
     {
      "name": "macaulay",
      "value": "7.1280 years"
     }
    ],
    "min_addl_amt": "100",
    "min_addl_amt_multiple": "1",
    "min_amt": "1000",
    "min_amt_multiple": "1",
    "monthly_aaum_date": "20250228",
    "monthly_aaum_value": "44.04 Crore",
    "mutual_fund_name": "JM Financial Mutual Fund",
    "scheme_launch_date": "20030625"
   }
  },
  {
   "value": {
    "amc_name": "JM Financial Asset Management Limited",
    "benchmark_index": [
     "CRISIL Low Duration Debt A-I Index ##",
     "Additional Benchmark Index: Crisil 1 Year T Bill Index"
    ],
    "field_location": [
     {
      "amc_name": "36",
      "benchmark_index": "36",
      "count": 15,
      "fund_manager_managing_fund_since": "36",
      "fund_manager_name": "36",
      "fund_manager_total_exp": "36",
      "load_exit": "36",
      "main_scheme_name": "36",
      "metrics_avg_maturity": "36",
      "metrics_macaulay": "36",
      "metrics_mod_duration": "36",
      "metrics_ytm": "36",
      "min_addl_amt": "36",
      "min_addl_amt_multiple": "36",
      "min_amt": "36",
      "min_amt_multiple": "36",
      "monthly_aaum_date": "36",
      "monthly_aaum_value": "36",
      "mutual_fund_name": "36",
      "scheme_launch_date": "36"
     }
    ],
    "fund_manager": [
     {
      "managing_fund_since": "november 05, 2024 ",
      "name": "Mr. Killol Pandya",
      "qualification": "",
      "total_exp": "17 years"
     },
     {
      "managing_fund_since": "april 03, 2024 ",
      "name": "Ms. Naghma Khoja",
      "qualification": "",
      "total_exp": "6 years"
     },
     {
      "managing_fund_since": "april 03, 2024 ",
      "name": "Ms. Ruchi Fozdar",
      "qualification": "",
      "total_exp": "10 years"
     }
    ],
    "load": [
     {
      "comment": "NIL",
      "type": "exit"
     }
    ],
    "main_scheme_name": "JM Low Duration Fund",
    "metrics": [
     {
      "name": "ytm",
      "value": "7.74%"
     },
     {
      "name": "mod_duration",
      "value": "0.9369 years"
     },
     {
      "name": "avg_maturity",
      "value": "1.0669 years"
     },
     {
      "name": "macaulay",
      "value": "0.9991 years"
     }
    ],
    "min_addl_amt": "100",
    "min_addl_amt_multiple": "1",
    "min_amt": "1000",
    "min_amt_multiple": "1",
    "monthly_aaum_date": "20250228",
    "monthly_aaum_value": "228.74 Crore",
    "mutual_fund_name": "JM Financial Mutual Fund",
    "scheme_launch_date": "20060927"
   }
  },
  {
   "value": {
    "amc_name": "JM Financial Asset Management Limited",
    "benchmark_index": [
     "CRISIL Medium to Long Duration Debt A-III Index ##",
     "Additional Benchmark Index: Crisil 10 Year Gilt Index"
    ],
    "field_location": [
     {
      "amc_name": "37",
      "benchmark_index": "37",
      "count": 15,
      "fund_manager_managing_fund_since": "37",
      "fund_manager_name": "37",
      "fund_manager_total_exp": "37",
      "load_exit": "37",
      "main_scheme_name": "37",
      "metrics_avg_maturity": "37",
      "metrics_macaulay": "37",
      "metrics_mod_duration": "37",
      "metrics_ytm": "37",
      "min_addl_amt": "37",
      "min_addl_amt_multiple": "37",
      "min_amt": "37",
      "min_amt_multiple": "37",
      "monthly_aaum_date": "37",
      "monthly_aaum_value": "37",
      "mutual_fund_name": "37",
      "scheme_launch_date": "37"
     }
    ],
    "fund_manager": [
     {
      "managing_fund_since": "november 05, 2024 ",
      "name": "Mr. Killol Pandya",
      "qualification": "",
      "total_exp": "17 years"
     },
     {
      "managing_fund_since": "april 03, 2024 ",
      "name": "Ms. Naghma Khoja",
      "qualification": "",
      "total_exp": "6 years"
     },
     {
      "managing_fund_since": "april 03, 2024 ",
      "name": "Ms. Ruchi Fozdar",
      "qualification": "",
      "total_exp": "10 years"
     }
    ],
    "load": [
     {
      "comment": "NIL",
      "type": "exit"
     }
    ],
    "main_scheme_name": "JM Medium to Long Duration Fund",
    "metrics": [
     {
      "name": "ytm",
      "value": "6.83%"
     },
     {
      "name": "mod_duration",
      "value": "6.5364 years"
     },
     {
      "name": "avg_maturity",
      "value": "9.3927 years"
     },
     {
      "name": "macaulay",
      "value": "6.7569 years"
     }
    ],
    "min_addl_amt": "100",
    "min_addl_amt_multiple": "1",
    "min_amt": "1000",
    "min_amt_multiple": "1",
    "monthly_aaum_date": "20250228",
    "monthly_aaum_value": "25.51 Crore",
    "mutual_fund_name": "JM Financial Mutual Fund",
    "scheme_launch_date": "19950401"
   }
  }
 ]
}