{
 "metadata": {
  "document_name": "2_28-Feb-25_FS.pdf",
  "file_type": "fs",
  "process_date": "20250311"
 },
 "records": [
  {
   "value": {
    "amc_name": "Baroda BNP Paribas Asset Management India Private Limited",
    "benchmark_index": [
     "(AMFI Tier 1) Nifty 100 TRI"
    ],
    "field_location": [
     {
      "amc_name": "7",
      "benchmark_index": "7",
      "count": 43,
      "fund_manager_managing_fund_since": "7",
      "fund_manager_name": "7",
      "load_exit": "7",
      "main_scheme_name": "7",
      "metrics_beta": "7",
      "metrics_port_turnover_ratio": "7",
      "metrics_roe_ratio": "7",
      "metrics_sharpe": "7",
      "metrics_std_dev": "7",
      "min_addl_amt": "7",
      "min_addl_amt_multiple": "7",
      "min_amt": "7",
      "min_amt_multiple": "7",
      "monthly_aaum_date": "7",
      "monthly_aaum_value": "7",
      "mutual_fund_name": "7",
      "scheme_launch_date": "7"
     }
    ],
    "fund_manager": [
     {
      "managing_fund_since": "16-jun-22",
      "name": "Mr. Jitendra Sriram",
      "qualification": "",
      "total_exp": ""
     },
     {
      "managing_fund_since": "21-oct-24",
      "name": "Mr. Kushant Arora",
      "qualification": "",
      "total_exp": ""
     }
    ],
    "load": [
     {
      "comment": "• If units of the Scheme are redeemed or switched out within 30 days of the date of allotment - 1% of the applicable Net Asset Value (NAV) • If units of the Scheme are redeemed or switched out after 30 days of allotment - Nil. For detailed load structure please refer Scheme Information Document.",
      "type": "exit"
     }
    ],
    "main_scheme_name": "Baroda BNP Paribas Large Cap Fund",
    "metrics": [
     {
      "name": "sharpe",
      "value": "0.49"
     },
     {
      "name": "std_dev",
      "value": "13.27%"
     },
     {
      "name": "beta",
      "value": "0.93"
     },
     {
      "name": "port_turnover_ratio",
      "value": "0.68"
     },
     {
      "name": "roe_ratio",
      "value": "17.79"
     }
    ],
    "min_addl_amt": "₹ 1,000",
    "min_addl_amt_multiple": "₹ 1",
    "min_amt": "₹ 5,000",
    "min_amt_multiple": "₹ 1",
    "monthly_aaum_date": "20250228",
    "monthly_aaum_value": "2,331.79 Crores",
    "mutual_fund_name": "Baroda BNP Paribas Mutual Fund",
    "scheme_launch_date": "20040923"
   }
  },
  {
   "value": {
    "amc_name": "Baroda BNP Paribas Asset Management India Private Limited",
    "benchmark_index": [
     "(AMFI Tier 1) BSE 250 Large & Mid Cap TRI"
    ],
    "field_location": [
     {
      "amc_name": "8",
      "benchmark_index": "8",
      "count": 43,
      "fund_manager_managing_fund_since": "8",
      "fund_manager_name": "8",
      "load_exit": "8",
      "main_scheme_name": "8",
      "metrics_beta": "8",
      "metrics_port_turnover_ratio": "8",
      "metrics_roe_ratio": "8",
      "metrics_sharpe": "8",
      "metrics_std_dev": "8",
      "min_addl_amt": "8",
      "min_addl_amt_multiple": "8",
      "min_amt": "8",
      "min_amt_multiple": "8",
      "monthly_aaum_date": "8",
      "monthly_aaum_value": "8",
      "mutual_fund_name": "8",
      "scheme_launch_date": "8"
     }
    ],
    "fund_manager": [
     {
      "managing_fund_since": "04-sep-20",
      "name": "Mr. Sanjay Chawla",
      "qualification": "",
      "total_exp": ""
     },
     {
      "managing_fund_since": "01-jan-25",
      "name": "Mr. Kirtan Mehta",
      "qualification": "",
      "total_exp": ""
     }
    ],
    "load": [
     {
      "comment": "• If units are redeemed up to 10% of the units held on or before 365 days from the date of allotment - Nil • If units are redeemed over and above the 10% limit on or before 365 days from the date of allotment - 1% of the applicable Net Asset Value (NAV) • If units of scheme are redeemed after 365 days from the date of allotment - Nil. For detailed load structure please refer Scheme Information Document.",
      "type": "exit"
     }
    ],
    "main_scheme_name": "Baroda BNP Paribas Large & Mid Cap Fund",
    "metrics": [
     {
      "name": "sharpe",
      "value": "0.50"
     },
     {
      "name": "std_dev",
      "value": "15.59%"
     },
     {
      "name": "beta",
      "value": "1.01"
     },
     {
      "name": "port_turnover_ratio",
      "value": "0.88"
     },
     {
      "name": "roe_ratio",
      "value": "16.16"
     }
    ],
    "min_addl_amt": "₹ 1,000",
    "min_addl_amt_multiple": "₹ 1",
    "min_amt": "₹ 5,000",
    "min_amt_multiple": "₹ 1",
    "monthly_aaum_date": "20250228",
    "monthly_aaum_value": "1,401.95 Crores",
    "mutual_fund_name": "Baroda BNP Paribas Mutual Fund",
    "scheme_launch_date": "20200904"
   }
  },
  {
   "value": {
    "amc_name": "Baroda BNP Paribas Asset Management India Private Limited",
    "benchmark_index": [
     "(AMFI Tier 1) Nifty Midcap 150 TRI"
    ],
    "field_location": [
     {
      "amc_name": "9",
      "benchmark_index": "9",
      "count": 43,
      "fund_manager_managing_fund_since": "9",
      "fund_manager_name": "9",
      "load_exit": "9",
      "main_scheme_name": "9",
      "metrics_beta": "9",
      "metrics_port_turnover_ratio": "9",
      "metrics_roe_ratio": "9",
      "metrics_sharpe": "9",
      "metrics_std_dev": "9",
      "min_addl_amt": "9",
      "min_addl_amt_multiple": "9",
      "min_amt": "9",
      "min_amt_multiple": "9",
      "monthly_aaum_date": "9",
      "monthly_aaum_value": "9",
      "mutual_fund_name": "9",
      "scheme_launch_date": "9"
     }
    ],
    "fund_manager": [
     {
      "managing_fund_since": "13-jul-22",
      "name": "Mr. Shiv Chanani",
      "qualification": "",
      "total_exp": ""
     },
     {
      "managing_fund_since": "21-oct-24",
      "name": "Mr. Himanshu Singh",
      "qualification": "",
      "total_exp": ""
     }
    ],
    "load": [
     {
      "comment": "• If units of the Scheme are redeemed or switched out up to 10% of the units (the limit) within 12 months from the date of allotment - Nil; • If units of the scheme are redeemed or switched out in excess of the limit within 12 months from the date of allotment - 1% of the applicable NAV; • If units of scheme are redeemed or switched out after 12 months from the date of allotment - Nil. For detailed load structure please refer Scheme Information Document.",
      "type": "exit"
     }
    ],
    "main_scheme_name": "Baroda BNP Paribas Mid Cap Fund",
    "metrics": [
     {
      "name": "sharpe",
      "value": "0.63"
     },
     {
      "name": "std_dev",
      "value": "14.85%"
     },
     {
      "name": "beta",
      "value": "0.85"
     },
     {
      "name": "port_turnover_ratio",
      "value": "0.92"
     },
     {
      "name": "roe_ratio",
      "value": "16.81"
     }
    ],
    "min_addl_amt": "₹ 1,000",
    "min_addl_amt_multiple": "₹ 1",
    "min_amt": "₹ 5,000",
    "min_amt_multiple": "₹ 1",
    "monthly_aaum_date": "20250228",
    "monthly_aaum_value": "1,963.28 Crores",
    "mutual_fund_name": "Baroda BNP Paribas Mutual Fund",
    "scheme_launch_date": "20060502"
   }
  },
  {
   "value": {
    "amc_name": "Baroda BNP Paribas Asset Management India Private Limited",
    "benchmark_index": [
     "(AMFI Tier 1) Nifty Small Cap 250 TRI"
    ],
    "field_location": [
     {
      "amc_name": "10",
      "benchmark_index": "10",
      "count": 43,
      "fund_manager_managing_fund_since": "10",
      "fund_manager_name": "10",
      "load_exit": "10",
      "main_scheme_name": "10",
      "metrics_port_turnover_ratio": "10",
      "metrics_roe_ratio": "10",
      "min_addl_amt": "10",
      "min_addl_amt_multiple": "10",
      "min_amt": "10",
      "min_amt_multiple": "10",
      "monthly_aaum_date": "10",
      "monthly_aaum_value": "10",
      "mutual_fund_name": "10",
      "scheme_launch_date": "10"
     }
    ],
    "fund_manager": [
     {
      "managing_fund_since": "30-oct-23",
      "name": "Mr. Shiv Chanani",
      "qualification": "",
      "total_exp": ""
     },
     {
      "managing_fund_since": "21-oct-24",
      "name": "Mr. Himanshu Singh",
      "qualification": "",
      "total_exp": ""
     }
    ],
    "load": [
     {
      "comment": "• If units of the Scheme are redeemed or switched out up to 10% of the units within 1 year from the date of allotment - Nil. • If units of the scheme are redeemed or switched out in excess of the limit within 1 year from the date of allotment - 1% of the applicable NAV. • If units of scheme are redeemed or switched out after 1 year from the date of allotment - Nil. For detailed load structure please refer Scheme Information Document.",
      "type": "exit"
     }
    ],
    "main_scheme_name": "Baroda BNP Paribas Small Cap Fund",
    "metrics": [
     {
      "name": "port_turnover_ratio",
      "value": "0.73"
     },
     {
      "name": "roe_ratio",
      "value": "15.34"
     }
    ],
    "min_addl_amt": "₹ 1,000",
    "min_addl_amt_multiple": "₹ 1",
    "min_amt": "₹ 5,000",
    "min_amt_multiple": "₹ 1",
    "monthly_aaum_date": "20250228",
    "monthly_aaum_value": "1,192.74 Crores",
    "mutual_fund_name": "Baroda BNP Paribas Mutual Fund",
    "scheme_launch_date": "20231030"
   }
  },
  {
   "value": {
    "amc_name": "Baroda BNP Paribas Asset Management India Private Limited",
    "benchmark_index": [
     "(AMFI Tier 1) Nifty 500 TRI"
    ],
    "field_location": [
     {
      "amc_name": "11",
      "benchmark_index": "11",
      "count": 43,
      "fund_manager_managing_fund_since": "11",
      "fund_manager_name": "11",
      "load_exit": "11",
      "main_scheme_name": "11",
      "metrics_port_turnover_ratio": "11",
      "metrics_roe_ratio": "11",
      "min_addl_amt": "11",
      "min_addl_amt_multiple": "11",
      "min_amt": "11",
      "min_amt_multiple": "11",
      "monthly_aaum_date": "11",
      "monthly_aaum_value": "11",
      "mutual_fund_name": "11",
      "scheme_launch_date": "11"
     }
    ],
    "fund_manager": [
     {
      "managing_fund_since": "17-aug-22",
      "name": "Mr. Sanjay Chawla",
      "qualification": "",
      "total_exp": ""
     },
     {
      "managing_fund_since": "01-jan-25",
      "name": "Mr. Kirtan Mehta",
      "qualification": "",
      "total_exp": ""
     }
    ],
    "load": [
     {
      "comment": "• If units of the Scheme are redeemed or switched out up to 10% of the units (the limit) within 12 months from the date of allotment - Nil. • If units of the scheme are redeemed or switched out in excess of the limit within 12 months from the date of allotment - 1% of the applicable NAV. • If units of scheme are redeemed or switched out after 12 months from the date of allotment - Nil. For detailed load structure please refer Scheme Information Document.",
      "type": "exit"
     }
    ],
    "main_scheme_name": "Baroda BNP Paribas Flexi Cap Fund",
    "metrics": [
     {
      "name": "port_turnover_ratio",
      "value": "0.81"
     },
     {
      "name": "roe_ratio",
      "value": "14.63"
     }
    ],
    "min_addl_amt": "₹ 1,000",
    "min_addl_amt_multiple": "₹ 1",
    "min_amt": "₹ 5,000",
    "min_amt_multiple": "₹ 1",
    "monthly_aaum_date": "20250228",
    "monthly_aaum_value": "1,167.24 Crores",
    "mutual_fund_name": "Baroda BNP Paribas Mutual Fund",
    "scheme_launch_date": "20220817"
   }
  },
  {
   "value": {
    "amc_name": "Baroda BNP Paribas Asset Management India Private Limited",
    "benchmark_index": [
     "(AMFI Tier 1) Nifty 500 Multicap 50 25 25 TRI"
    ],
    "field_location": [
     {
      "amc_name": "12",
      "benchmark_index": "12",
      "count": 43,
      "fund_manager_managing_fund_since": "12",
      "fund_manager_name": "12",
      "load_exit": "12",
      "main_scheme_name": "12",
      "metrics_beta": "12",
      "metrics_port_turnover_ratio": "12",
      "metrics_roe_ratio": "12",
      "metrics_sharpe": "12",
      "metrics_std_dev": "12",
      "min_addl_amt": "12",
      "min_addl_amt_multiple": "12",
      "min_amt": "12",
      "min_amt_multiple": "12",
      "monthly_aaum_date": "12",
      "monthly_aaum_value": "12",
      "mutual_fund_name": "12",
      "scheme_launch_date": "12"
     }
    ],
    "fund_manager": [
     {
      "managing_fund_since": "01-nov-15",
      "name": "Mr. Sanjay Chawla",
      "qualification": "",
      "total_exp": ""
     },
     {
      "managing_fund_since": "14-mar-22",
      "name": "Mr. Sandeep Jain",
      "qualification": "",
      "total_exp": ""
     }
    ],
    "load": [
     {
      "comment": "• 1% if redeemed on or before 12 months from the date of allotment of units. NIL if redeemed after 12 months from the date of allotment of units For detailed load structure please refer Scheme Information Document.",
      "type": "exit"
     }
    ],
    "main_scheme_name": "Baroda BNP Paribas Multi Cap Fund",
    "metrics": [
     {
      "name": "sharpe",
      "value": "0.52"
     },
     {
      "name": "std_dev",
      "value": "15.33%"
     },
     {
      "name": "beta",
      "value": "0.94"
     },
     {
      "name": "port_turnover_ratio",
      "value": "1.15"
     },
     {
      "name": "roe_ratio",
      "value": "15.90"
     }
    ],
    "min_addl_amt": "₹ 1,000",
    "min_addl_amt_multiple": "₹ 1",
    "min_amt": "₹ 5,000",
    "min_amt_multiple": "₹ 1",
    "monthly_aaum_date": "20250228",
    "monthly_aaum_value": "2,567.38 Crores",
    "mutual_fund_name": "Baroda BNP Paribas Mutual Fund",
    "scheme_launch_date": "20030912"
   }
  },
  {
   "value": {
    "amc_name": "Baroda BNP Paribas Asset Management India Private Limited",
    "benchmark_index": [
     "(AMFI Tier 1) Nifty 500 TRI"
    ],
    "field_location": [
     {
      "amc_name": "13",
      "benchmark_index": "13",
      "count": 43,
      "fund_manager_managing_fund_since": "13",
      "fund_manager_name": "13",
      "load_exit": "13",
      "main_scheme_name": "13",
      "metrics_port_turnover_ratio": "13",
      "metrics_roe_ratio": "13",
      "min_addl_amt": "13",
      "min_addl_amt_multiple": "13",
      "min_amt": "13",
      "min_amt_multiple": "13",
      "monthly_aaum_date": "13",
      "monthly_aaum_value": "13",
      "mutual_fund_name": "13",
      "scheme_launch_date": "13"
     }
    ],
    "fund_manager": [
     {
      "managing_fund_since": "07-jun-23",
      "name": "Mr. Shiv Chanani",
      "qualification": "",
      "total_exp": ""
     },
     {
      "managing_fund_since": "21-oct-24",
      "name": "Mr. Himanshu Singh",
      "qualification": "",
      "total_exp": ""
     }
    ],
    "load": [
     {
      "comment": "• If units of the Scheme are redeemed or switched out up to 10% of the units (the limit) within 1 year from the date of allotment - Nil. • If units of the scheme are redeemed or switched out in excess of the limit within 1 year from the date of allotment - 1% of the applicable NAV. • If units of scheme are redeemed or switched out after 1 year from the date of allotment - Nil. For detailed load structure please refer Scheme Information Document.",
      "type": "exit"
     }
    ],
    "main_scheme_name": "Baroda BNP Paribas Value Fund",
    "metrics": [
     {
      "name": "port_turnover_ratio",
      "value": "0.69"
     },
     {
      "name": "roe_ratio",
      "value": "18.34"
     }
    ],
    "min_addl_amt": "₹ 1,000",
    "min_addl_amt_multiple": "₹ 1",
    "min_amt": "₹ 5,000",
    "min_amt_multiple": "₹ 1",
    "monthly_aaum_date": "20250228",
    "monthly_aaum_value": "1,302.28 Crores",
    "mutual_fund_name": "Baroda BNP Paribas Mutual Fund",
    "scheme_launch_date": "20230607"
   }
  },
  {
   "value": {
    "amc_name": "Baroda BNP Paribas Asset Management India Private Limited",
    "benchmark_index": [
     "(AMFI Tier 1) Nifty 500 TRI"
    ],
    "field_location": [
     {
      "amc_name": "14",
      "benchmark_index": "14",
      "count": 43,
      "fund_manager_managing_fund_since": "14",
      "fund_manager_name": "14",
      "load_exit": "14",
      "main_scheme_name": "14",
      "metrics_port_turnover_ratio": "14",
      "metrics_roe_ratio": "14",
      "min_addl_amt": "14",
      "min_addl_amt_multiple": "14",
      "min_amt": "14",
      "min_amt_multiple": "14",
      "monthly_aaum_date": "14",
      "monthly_aaum_value": "14",
      "mutual_fund_name": "14",
      "scheme_launch_date": "14"
     }
    ],
    "fund_manager": [
     {
      "managing_fund_since": "11-sep-24",
      "name": "Mr. Shiv Chanani",
      "qualification": "",
      "total_exp": ""
     },
     {
      "managing_fund_since": "21-oct-24",
      "name": "Mr. Himanshu Singh",
      "qualification": "",
      "total_exp": ""
     }
    ],
    "load": [
     {
      "comment": "• If units of the Scheme are redeemed or switched out up to 10% of the units within 1 year from the date of allotment - Nil. • If units of the scheme are redeemed or switched out in excess of the limit within 1 year from the date of allotment - 1% of the applicable NAV. • If units of scheme are redeemed or switched out after 1 year from the date of allotment - Nil For detailed load structure please refer Scheme Information Document.",
      "type": "exit"
     }
    ],
    "main_scheme_name": "Baroda BNP Paribas Dividend Yield Fund",
    "metrics": [
     {
      "name": "port_turnover_ratio",
      "value": "0.74"
     },
     {
      "name": "roe_ratio",
      "value": "18.04"
     }
    ],
    "min_addl_amt": "₹ 1,000",
    "min_addl_amt_multiple": "₹ 1",
    "min_amt": "₹ 1,000",
    "min_amt_multiple": "₹ 1",
    "monthly_aaum_date": "20250228",
    "monthly_aaum_value": "945.51 Crores",
    "mutual_fund_name": "Baroda BNP Paribas Mutual Fund",
    "scheme_launch_date": "20240911"
   }
  },
  {
   "value": {
    "amc_name": "Baroda BNP Paribas Asset Management India Private Limited",
    "benchmark_index": [
     "(AMFI Tier 1) Nifty 500 TRI"
    ],
    "field_location": [
     {
      "amc_name": "15",
      "benchmark_index": "15",
      "count": 43,
      "fund_manager_managing_fund_since": "15",
      "fund_manager_name": "15",
      "load_exit": "15",
      "main_scheme_name": "15",
      "metrics_beta": "15",
      "metrics_port_turnover_ratio": "15",
      "metrics_roe_ratio": "15",
      "metrics_sharpe": "15",
      "metrics_std_dev": "15",
      "min_addl_amt": "15",
      "min_addl_amt_multiple": "15",
      "min_amt": "15",
      "min_amt_multiple": "15",
      "monthly_aaum_date": "15",
      "monthly_aaum_value": "15",
      "mutual_fund_name": "15",
      "scheme_launch_date": "15"
     }
    ],
    "fund_manager": [
     {
      "managing_fund_since": "14-mar-22",
      "name": "Mr. Sanjay Chawla",
      "qualification": "",
      "total_exp": ""
     },
     {
      "managing_fund_since": "01-jan-25",
      "name": "Mr. Kirtan Mehta",
      "qualification": "",
      "total_exp": ""
     }
    ],
    "load": [
     {
      "comment": "• If units of the Scheme are redeemed or switched out up to 10% of the units (the limit) within 12 months from the date of allotment - Nil • If units of the scheme are redeemed or switched out in excess of the limit within 12 months from the date of allotment - 1% of the applicable NAV • If units of scheme are redeemed or switched out after 12 months from the date of allotment - Nil. For detailed load structure please refer Scheme Information Document.",
      "type": "exit"
     }
    ],
    "main_scheme_name": "Baroda BNP Paribas Focused Fund",
    "metrics": [
     {
      "name": "sharpe",
      "value": "0.24"
     },
     {
      "name": "std_dev",
      "value": "14.93%"
     },
     {
      "name": "beta",
      "value": "0.97"
     },
     {
      "name": "port_turnover_ratio",
      "value": "1.45"
     },
     {
      "name": "roe_ratio",
      "value": "14.87"
     }
    ],
    "min_addl_amt": "₹ 1,000",
    "min_addl_amt_multiple": "₹ 1",
    "min_amt": "₹ 5,000",
    "min_amt_multiple": "₹ 1",
    "monthly_aaum_date": "20250228",
    "monthly_aaum_value": "619.86 Crores",
    "mutual_fund_name": "Baroda BNP Paribas Mutual Fund",
    "scheme_launch_date": "20171006"
   }
  },
  {
   "value": {
    "amc_name": "Baroda BNP Paribas Asset Management India Private Limited",
    "benchmark_index": [
     "(AMFI Tier 1) Nifty 500 TRI"
    ],
    "field_location": [
     {
      "amc_name": "16",
      "benchmark_index": "16",
      "count": 43,
      "fund_manager_managing_fund_since": "16",
      "fund_manager_name": "16",
      "load_exit": "16",
      "main_scheme_name": "16",
      "metrics_beta": "16",
      "metrics_port_turnover_ratio": "16",
      "metrics_roe_ratio": "16",
      "metrics_sharpe": "16",
      "metrics_std_dev": "16",
      "min_addl_amt": "16",
      "min_addl_amt_multiple": "16",
      "min_amt": "16",
      "min_amt_multiple": "16",
      "monthly_aaum_date": "16",
      "monthly_aaum_value": "16",
      "mutual_fund_name": "16",
      "scheme_launch_date": "16"
     }
    ],
    "fund_manager": [
     {
      "managing_fund_since": "14-mar-22",
      "name": "Mr. Sanjay Chawla",
      "qualification": "",
      "total_exp": ""
     },
     {
      "managing_fund_since": "14-mar-22",
      "name": "Mr. Pratish Krishnan",
      "qualification": "",
      "total_exp": ""
     }
    ],
    "load": [
     {
      "comment": "• Nil For detailed load structure please refer Scheme Information Document.",
      "type": "exit"
     }
    ],
    "main_scheme_name": "Baroda BNP Paribas ELSS Tax Saver Fund",
    "metrics": [
     {
      "name": "sharpe",
      "value": "0.44"
     },
     {
      "name": "std_dev",
      "value": "14.50%"
     },
     {
      "name": "beta",
      "value": "0.95"
     },
     {
      "name": "port_turnover_ratio",
      "value": "0.80"
     },
     {
      "name": "roe_ratio",
      "value": "15.38"
     }
    ],
    "min_addl_amt": "₹ 500",
    "min_addl_amt_multiple": "₹ 500",
    "min_amt": "₹ 500",
    "min_amt_multiple": "₹ 500",
    "monthly_aaum_date": "20250228",
    "monthly_aaum_value": "867.63 Crores",
    "mutual_fund_name": "Baroda BNP Paribas Mutual Fund",
    "scheme_launch_date": "20060105"
   }
  },
  {
   "value": {
    "amc_name": "Baroda BNP Paribas Asset Management India Private Limited",
    "benchmark_index": [
     "(AMFI Tier 1) Nifty India Consumption TRI"
    ],
    "field_location": [
     {
      "amc_name": "17",
      "benchmark_index": "17",
      "count": 43,
      "fund_manager_managing_fund_since": "17",
      "fund_manager_name": "17",
      "load_exit": "17",
      "main_scheme_name": "17",
      "metrics_beta": "17",
      "metrics_port_turnover_ratio": "17",
      "metrics_roe_ratio": "17",
      "metrics_sharpe": "17",
      "metrics_std_dev": "17",
      "min_addl_amt": "17",
      "min_addl_amt_multiple": "17",
      "min_amt": "17",
      "min_amt_multiple": "17",
      "monthly_aaum_date": "17",
      "monthly_aaum_value": "17",
      "mutual_fund_name": "17",
      "scheme_launch_date": "17"
     }
    ],
    "fund_manager": [
     {
      "managing_fund_since": "13-jul-22",
      "name": "Mr. Shiv Chanani",
      "qualification": "",
      "total_exp": ""
     },
     {
      "managing_fund_since": "21-oct-24",
      "name": "Mr. Himanshu Singh",
      "qualification": "",
      "total_exp": ""
     }
    ],
    "load": [
     {
      "comment": "• If units of the Scheme are redeemed or switched out up to 10% of the units (the limit) within 12 months from the date of allotment - Nil; • If units of the scheme are redeemed or switched out in excess of the limit within 12 months from the date of allotment - 1% of the applicable NAV; • If units of scheme are redeemed or switched out after 12 months from the date of allotment - Nil. For detailed load structure please refer Scheme Information Document.",
      "type": "exit"
     }
    ],
    "main_scheme_name": "Baroda BNP Paribas India Consumption Fund",
    "metrics": [
     {
      "name": "sharpe",
      "value": "0.56"
     },
     {
      "name": "std_dev",
      "value": "14.66%"
     },
     {
      "name": "beta",
      "value": "0.88"
     },
     {
      "name": "port_turnover_ratio",
      "value": "0.64"
     },
     {
      "name": "roe_ratio",
      "value": "18.94"
     }
    ],
    "min_addl_amt": "₹ 1,000",
    "min_addl_amt_multiple": "₹ 1",
    "min_amt": "₹ 5,000",
    "min_amt_multiple": "₹ 1",
    "monthly_aaum_date": "20250228",
    "monthly_aaum_value": "1,377.49 Crores",
    "mutual_fund_name": "Baroda BNP Paribas Mutual Fund",
    "scheme_launch_date": "20180907"
   }
  },
  {
   "value": {
    "amc_name": "Baroda BNP Paribas Asset Management India Private Limited",
    "benchmark_index": [
     "(AMFI Tier 1) BSE 500 TRI"
    ],
    "field_location": [
     {
      "amc_name": "18",
      "benchmark_index": "18",
      "count": 43,
      "fund_manager_managing_fund_since": "18",
      "fund_manager_name": "18",
      "load_exit": "18",
      "main_scheme_name": "18",
      "metrics_beta": "18",
      "metrics_port_turnover_ratio": "18",
      "metrics_roe_ratio": "18",
      "metrics_sharpe": "18",
      "metrics_std_dev": "18",
      "min_addl_amt": "18",
      "min_addl_amt_multiple": "18",
      "min_amt": "18",
      "min_amt_multiple": "18",
      "monthly_aaum_date": "18",
      "monthly_aaum_value": "18",
      "mutual_fund_name": "18",
      "scheme_launch_date": "18"
     }
    ],
    "fund_manager": [
     {
      "managing_fund_since": "01-nov-23",
      "name": "Mr. Jitendra Sriram",
      "qualification": "",
      "total_exp": ""
     },
     {
      "managing_fund_since": "21-oct-24",
      "name": "Mr. Kushant Arora",
      "qualification": "",
      "total_exp": ""
     }
    ],
    "load": [
     {
      "comment": "• Redemption / switch out of units upto 10% of the units allotted before 1 year from the date of allotment - NIL • If units are redeemed over and above the 10% limit, before 1 year from the date of allotment - 1% of the applicable Net Asset Value (NAV) • For redemption / switch out of units after 1 year from the date of allotment NIL For detailed load structure please refer Scheme Information Document.",
      "type": "exit"
     }
    ],
    "main_scheme_name": "Baroda BNP Paribas Business Cycle Fund",
    "metrics": [
     {
      "name": "sharpe",
      "value": "0.39"
     },
     {
      "name": "std_dev",
      "value": "15.49%"
     },
     {
      "name": "beta",
      "value": "1.04"
     },
     {
      "name": "port_turnover_ratio",
      "value": "0.59"
     },
     {
      "name": "roe_ratio",
      "value": "18.36"
     }
    ],
    "min_addl_amt": "₹ 1,000",
    "min_addl_amt_multiple": "₹ 1",
    "min_amt": "₹ 5,000",
    "min_amt_multiple": "₹ 1",
    "monthly_aaum_date": "20250228",
    "monthly_aaum_value": "544.76 Crores",
    "mutual_fund_name": "Baroda BNP Paribas Mutual Fund",
    "scheme_launch_date": "20210915"
   }
  },
  {
   "value": {
    "amc_name": "Baroda BNP Paribas Asset Management India Private Limited",
    "benchmark_index": [
     "(AMFI Tier 1) Nifty Financial Services TRI"
    ],
    "field_location": [
     {
      "amc_name": "19",
      "benchmark_index": "19",
      "count": 43,
      "fund_manager_managing_fund_since": "19",
      "fund_manager_name": "19",
      "load_exit": "19",
      "main_scheme_name": "19",
      "metrics_beta": "19",
      "metrics_port_turnover_ratio": "19",
      "metrics_roe_ratio": "19",
      "metrics_sharpe": "19",
      "metrics_std_dev": "19",
      "min_addl_amt": "19",
      "min_addl_amt_multiple": "19",
      "min_amt": "19",
      "min_amt_multiple": "19",
      "monthly_aaum_date": "19",
      "monthly_aaum_value": "19",
      "mutual_fund_name": "19",
      "scheme_launch_date": "19"
     }
    ],
    "fund_manager": [
     {
      "managing_fund_since": "14-mar-22",
      "name": "Mr. Sandeep Jain",
      "qualification": "",
      "total_exp": ""
     },
     {
      "managing_fund_since": "21-oct-24",
      "name": "Mr. Arjun Bagga",
      "qualification": "",
      "total_exp": ""
     }
    ],
    "load": [
     {
      "comment": "• if units of the Scheme are redeemed or switched out within 30 days of the date of allotment 1% of the applicable Net Asset Value (NAV) • if units of the Scheme are redeemed are switched out after 30 days of allotment - Nil For detailed load structure please refer Scheme Information Document.",
      "type": "exit"
     }
    ],
    "main_scheme_name": "Baroda BNP Paribas Banking & Financial Services Fund",
    "metrics": [
     {
      "name": "sharpe",
      "value": "0.51"
     },
     {
      "name": "std_dev",
      "value": "14.11%"
     },
     {
      "name": "beta",
      "value": "0.94"
     },
     {
      "name": "port_turnover_ratio",
      "value": "1.15"
     },
     {
      "name": "roe_ratio",
      "value": "16.04"
     }
    ],
    "min_addl_amt": "₹ 1,000",
    "min_addl_amt_multiple": "₹ 1",
    "min_amt": "₹ 5,000",
    "min_amt_multiple": "₹ 1",
    "monthly_aaum_date": "20250228",
    "monthly_aaum_value": "213.98 Crores",
    "mutual_fund_name": "Baroda BNP Paribas Mutual Fund",
    "scheme_launch_date": "20120622"
   }
  },
  {
   "value": {
    "amc_name": "Baroda BNP Paribas Asset Management India Private Limited",
    "benchmark_index": [
     "(AMFI Tier 1) Nifty 500 TRI"
    ],
    "field_location": [
     {
      "amc_name": "20",
      "benchmark_index": "20",
      "count": 43,
      "fund_manager_managing_fund_since": "20",
      "fund_manager_name": "20",
      "load_exit": "20",
      "main_scheme_name": "20",
      "metrics_port_turnover_ratio": "20",
      "metrics_roe_ratio": "20",
      "min_addl_amt": "20",
      "min_addl_amt_multiple": "20",
      "min_amt": "20",
      "min_amt_multiple": "20",
      "monthly_aaum_date": "20",
      "monthly_aaum_value": "20",
      "mutual_fund_name": "20",
      "scheme_launch_date": "20"
     }
    ],
    "fund_manager": [
     {
      "managing_fund_since": "05-mar-24",
      "name": "Mr. Pratish Krishnan",
      "qualification": "",
      "total_exp": ""
     },
     {
      "managing_fund_since": "01-jan-25",
      "name": "Mr. Ankeet Pandya",
      "qualification": "",
      "total_exp": ""
     }
    ],
    "load": [
     {
      "comment": "• If units of the Scheme are redeemed or switched out up to 10% of the units within 1 year from the date of allotment - Nil. • If units of the scheme are redeemed or switched out in excess of the limit within 1 year from the date of allotment - 1% of the applicable NAV. • If units of scheme are redeemed or switched out after 1 year from the date of allotment - Nil. For detailed load structure please refer Scheme Information Document.",
      "type": "exit"
     }
    ],
    "main_scheme_name": "Baroda BNP Paribas Innovation Fund",
    "metrics": [
     {
      "name": "port_turnover_ratio",
      "value": "0.64"
     },
     {
      "name": "roe_ratio",
      "value": "17.47"
     }
    ],
    "min_addl_amt": "₹ 1,000",
    "min_addl_amt_multiple": "₹ 1",
    "min_amt": "₹ 1,000",
    "min_amt_multiple": "₹ 1",
    "monthly_aaum_date": "20250228",
    "monthly_aaum_value": "1,017.06 Crores",
    "mutual_fund_name": "Baroda BNP Paribas Mutual Fund",
    "scheme_launch_date": "20240305"
   }
  },
  {
   "value": {
    "amc_name": "Baroda BNP Paribas Asset Management India Private Limited",
    "benchmark_index": [
     "(AMFI Tier 1) Nifty India Manufacturing TRI"
    ],
    "field_location": [
     {
      "amc_name": "21",
      "benchmark_index": "21",
      "count": 43,
      "fund_manager_managing_fund_since": "21",
      "fund_manager_name": "21",
      "load_exit": "21",
      "main_scheme_name": "21",
      "metrics_port_turnover_ratio": "21",
      "metrics_roe_ratio": "21",
      "min_addl_amt": "21",
      "min_addl_amt_multiple": "21",
      "min_amt": "21",
      "min_amt_multiple": "21",
      "monthly_aaum_date": "21",
      "monthly_aaum_value": "21",
      "mutual_fund_name": "21",
      "scheme_launch_date": "21"
     }
    ],
    "fund_manager": [
     {
      "managing_fund_since": "28-jun-24",
      "name": "Mr. Jitendra Sriram",
      "qualification": "",
      "total_exp": ""
     },
     {
      "managing_fund_since": "21-oct-24",
      "name": "Mr. Kushant Arora",
      "qualification": "",
      "total_exp": ""
     }
    ],
    "load": [
     {
      "comment": "• If units of the Scheme are redeemed or switched out up to 10% of the units within 1 year from the date of allotment - Nil. • If units of the scheme are redeemed or switched out in excess of the limit within 1 year from the date of allotment - 1% of the applicable NAV. • If units of scheme are redeemed or switched out after 1 year from the date of allotment - Nil For detailed load structure please refer Scheme Information Document.",
      "type": "exit"
     }
    ],
    "main_scheme_name": "Baroda BNP Paribas Manufacturing Fund",
    "metrics": [
     {
      "name": "port_turnover_ratio",
      "value": "0.43"
     },
     {
      "name": "roe_ratio",
      "value": "16.60"
     }
    ],
    "min_addl_amt": "₹ 1,000",
    "min_addl_amt_multiple": "₹ 1",
    "min_amt": "₹ 1,000",
    "min_amt_multiple": "₹ 1",
    "monthly_aaum_date": "20250228",
    "monthly_aaum_value": "1,237.44 Crores",
    "mutual_fund_name": "Baroda BNP Paribas Mutual Fund",
    "scheme_launch_date": "20240628"
   }
  },
  {
   "value": {
    "amc_name": "Baroda BNP Paribas Asset Management India Private Limited",
    "benchmark_index": [
     "(AMFI Tier 1) Nifty Energy TRI"
    ],
    "field_location": [
     {
      "amc_name": "22",
      "benchmark_index": "22",
      "count": 43,
      "fund_manager_managing_fund_since": "22",
      "fund_manager_name": "22",
      "load_exit": "22",
      "main_scheme_name": "22",
      "min_addl_amt": "22",
      "min_addl_amt_multiple": "22",
      "min_amt": "22",
      "min_amt_multiple": "22",
      "monthly_aaum_date": "22",
      "monthly_aaum_value": "22",
      "mutual_fund_name": "22",
      "scheme_launch_date": "22"
     }
    ],
    "fund_manager": [
     {
      "managing_fund_since": "10-feb-25",
      "name": "Mr. Sanjay Chawla",
      "qualification": "",
      "total_exp": ""
     },
     {
      "managing_fund_since": "10-feb-25",
      "name": "Mr. Sandeep Jain",
      "qualification": "",
      "total_exp": ""
     }
    ],
    "load": [
     {
      "comment": "• • For redemption/switch out of units more than 10% of units, within 1 year from the date of allotment - 1% of applicable NAV. • For redemption/ switch out of units in any other case NiL For detailed load structure please refer Scheme Information Document.",
      "type": "exit"
     }
    ],
    "main_scheme_name": "Baroda BNP Paribas Energy Opportunities Fund",
    "min_addl_amt": "₹ 1,000",
    "min_addl_amt_multiple": "₹ 1",
    "min_amt": "₹ 1,000",
    "min_amt_multiple": "₹ 1",
    "monthly_aaum_date": "20250228",
    "monthly_aaum_value": "679.12 Crores",
    "mutual_fund_name": "Baroda BNP Paribas Mutual Fund",
    "scheme_launch_date": "20250210"
   }
  },
  {
   "value": {
    "amc_name": "Baroda BNP Paribas Asset Management India Private Limited",
    "benchmark_index": [
     "(AMFI Tier 1) MSCI World Index (TRI)"
    ],
    "field_location": [
     {
      "amc_name": "23",
      "benchmark_index": "23",
      "count": 43,
      "fund_manager_managing_fund_since": "23",
      "fund_manager_name": "23",
      "load_exit": "23",
      "main_scheme_name": "23",
      "min_addl_amt": "23",
      "min_addl_amt_multiple": "23",
      "min_amt": "23",
      "min_amt_multiple": "23",
      "monthly_aaum_date": "23",
      "mutual_fund_name": "23",
      "scheme_launch_date": "23"
     }
    ],
    "fund_manager": [
     {
      "managing_fund_since": "21-oct-24",
      "name": "Ms. Swapna Shelar",
      "qualification": "",
      "total_exp": ""
     }
    ],
    "load": [
     {
      "comment": "• If units of the Scheme are redeemed or switched out within 12 months from the date of allotment - 1% of the applicable NAV; • If units of Scheme are redeemed or switched out after 12 months from the date of allotment - Nil. For detailed load structure please refer Scheme Information Document.",
      "type": "exit"
     }
    ],
    "main_scheme_name": "Baroda BNP Paribas Aqua Fund of Fund",
    "min_addl_amt": "₹ 1,000",
    "min_addl_amt_multiple": "₹ 1",
    "min_amt": "₹ 5,000",
    "min_amt_multiple": "₹ 1",
    "monthly_aaum_date": "20250228",
    "mutual_fund_name": "Baroda BNP Paribas Mutual Fund",
    "scheme_launch_date": "20210507"
   }
  },
  {
   "value": {
    "amc_name": "Baroda BNP Paribas Asset Management India Private Limited",
    "benchmark_index": [
     "(AMFI Tier 1) NIFTY 50 Hybrid Composite debt 50:50 Index"
    ],
    "field_location": [
     {
      "amc_name": "24",
      "benchmark_index": "24",
      "count": 43,
      "load_exit": "24",
      "main_scheme_name": "24",
      "metrics_avg_maturity": "24",
      "metrics_beta": "24",
      "metrics_macaulay": "24",
      "metrics_mod_duration": "24",
      "metrics_port_turnover_ratio": "24",
      "metrics_sharpe": "24",
      "metrics_std_dev": "24",
      "metrics_ytm": "24",
      "min_addl_amt": "24",
      "min_addl_amt_multiple": "24",
      "min_amt": "24",
      "min_amt_multiple": "24",
      "monthly_aaum_date": "24",
      "monthly_aaum_value": "24",
      "mutual_fund_name": "24",
      "scheme_launch_date": "24"
     }
    ],
    "load": [
     {
      "comment": "• If units are redeemed upto 10% of the units, on or before one year from the date of allotment: Nil • If units are redeemed over and above the 10% limit, on or before one year from the date of allotment: 1% of the applicable Net asset Value (NAV) • If the units are redeemed after one year from the date of allotment: Nil For detailed load structure please refer Scheme Information Document of the scheme.",
      "type": "exit"
     }
    ],
    "main_scheme_name": "Baroda BNP Paribas Balanced Advantage Fund",
    "metrics": [
     {
      "name": "sharpe",
      "value": "0.40"
     },
     {
      "name": "std_dev",
      "value": "10.01%"
     },
     {
      "name": "beta",
      "value": "1.30"
     },
     {
      "name": "ytm",
      "value": "7.97%"
     },
     {
      "name": "port_turnover_ratio",
      "value": "2.26"
     },
     {
      "name": "mod_duration",
      "value": "3.14"
     },
     {
      "name": "avg_maturity",
      "value": "4.90"
     },
     {
      "name": "macaulay",
      "value": "3.28"
     }
    ],
    "min_addl_amt": "₹ 1,000",
    "min_addl_amt_multiple": "₹ 1",
    "min_amt": "₹ 5,000",
    "min_amt_multiple": "₹ 1",
    "monthly_aaum_date": "20250228",
    "monthly_aaum_value": "3,994.10 Crores",
    "mutual_fund_name": "Baroda BNP Paribas Mutual Fund",
    "scheme_launch_date": "20181114"
   }
  },
  {
   "value": {
    "amc_name": "Baroda BNP Paribas Asset Management India Private Limited",
    "benchmark_index": [
     "(AMFI Tier 1) CRISIL Hybrid 35+65-Aggressive Index"
    ],
    "field_location": [
     {
      "amc_name": "26",
      "benchmark_index": "26",
      "count": 43,
      "fund_manager_managing_fund_since": "26",
      "load_exit": "26",
      "main_scheme_name": "26",
      "metrics_avg_maturity": "26",
      "metrics_beta": "26",
      "metrics_macaulay": "26",
      "metrics_mod_duration": "26",
      "metrics_port_turnover_ratio": "26",
      "metrics_sharpe": "26",
      "metrics_std_dev": "26",
      "metrics_ytm": "26",
      "min_addl_amt": "26",
      "min_addl_amt_multiple": "26",
      "min_amt": "26",
      "min_amt_multiple": "26",
      "monthly_aaum_date": "26",
      "monthly_aaum_value": "26",
      "mutual_fund_name": "26",
      "scheme_launch_date": "26"
     }
    ],
    "fund_manager": [
     {
      "managing_fund_since": "16-jun-22",
      "name": "",
      "qualification": "",
      "total_exp": ""
     },
     {
      "managing_fund_since": "14-mar-22",
      "name": "",
      "qualification": "",
      "total_exp": ""
     },
     {
      "managing_fund_since": "21-oct-24",
      "name": "",
      "qualification": "",
      "total_exp": ""
     }
    ],
    "load": [
     {
      "comment": "• If units of the Scheme are redeemed or switched out up to 10% of the units (the limit) within 12 months from the date of allotment - Nil. • If units of the scheme are redeemed or switched out in excess of the limit within 12 months from the date of allotment - 1% of the applicable NAV. • If units of scheme are redeemed or switched out after 12 months from the date of allotment - Nil For detailed load structure please refer Scheme Information Document.",
      "type": "exit"
     }
    ],
    "main_scheme_name": "Baroda BNP Paribas Aggressive Hybrid Fund",
    "metrics": [
     {
      "name": "sharpe",
      "value": "0.54"
     },
     {
      "name": "std_dev",
      "value": "10.28%"
     },
     {
      "name": "beta",
      "value": "1.04"
     },
     {
      "name": "ytm",
      "value": "7.82%"
     },
     {
      "name": "port_turnover_ratio",
      "value": "0.94"
     },
     {
      "name": "mod_duration",
      "value": "2.60"
     },
     {
      "name": "avg_maturity",
      "value": "3.78"
     },
     {
      "name": "macaulay",
      "value": "2.73"
     }
    ],
    "min_addl_amt": "₹ 1,000",
    "min_addl_amt_multiple": "₹ 1",
    "min_amt": "₹ 5,000",
    "min_amt_multiple": "₹ 1",
    "monthly_aaum_date": "20250228",
    "monthly_aaum_value": "1,132.90 Crores",
    "mutual_fund_name": "Baroda BNP Paribas Mutual Fund",
    "scheme_launch_date": "20170407"
   }
  },
  {
   "value": {
    "amc_name": "Baroda BNP Paribas Asset Management India Private Limited",
    "benchmark_index": [
     "(AMFI Tier 1) 65% of Nifty 500 TRI + 20% of NIFTY Composite Debt Index + 15% of INR Price of Gold"
    ],
    "field_location": [
     {
      "amc_name": "27",
      "benchmark_index": "27",
      "count": 43,
      "fund_manager_managing_fund_since": "27",
      "load_exit": "27",
      "main_scheme_name": "27",
      "metrics_avg_maturity": "27",
      "metrics_macaulay": "27",
      "metrics_mod_duration": "27",
      "metrics_port_turnover_ratio": "27",
      "metrics_ytm": "27",
      "min_addl_amt": "27",
      "min_addl_amt_multiple": "27",
      "min_amt": "27",
      "min_amt_multiple": "27",
      "monthly_aaum_date": "27",
      "monthly_aaum_value": "27",
      "mutual_fund_name": "27",
      "scheme_launch_date": "27"
     }
    ],
    "fund_manager": [
     {
      "managing_fund_since": "19-dec-22",
      "name": "",
      "qualification": "",
      "total_exp": ""
     },
     {
      "managing_fund_since": "21-oct-24",
      "name": "",
      "qualification": "",
      "total_exp": ""
     },
     {
      "managing_fund_since": "19-dec-22",
      "name": "",
      "qualification": "",
      "total_exp": ""
     }
    ],
    "load": [
     {
      "comment": "• If units of the Scheme are redeemed or switched out up to 10% of the units (the limit) within 12 months from the date of allotment - Nil. • If units of the scheme are redeemed or switched out in excess of the limit within 12 months from the date of allotment - 1% of the applicable NAV. • If units of scheme are redeemed or switched out after 12 months from the date of allotment - Nil. For detailed load structure please refer Scheme Information Document.",
      "type": "exit"
     }
    ],
    "main_scheme_name": "Baroda BNP Paribas Multi Asset Fund",
    "metrics": [
     {
      "name": "ytm",
      "value": "7.32%"
     },
     {
      "name": "port_turnover_ratio",
      "value": "0.63"
     },
     {
      "name": "mod_duration",
      "value": "2.80"
     },
     {
      "name": "avg_maturity",
      "value": "3.49"
     },
     {
      "name": "macaulay",
      "value": "2.97"
     }
    ],
    "min_addl_amt": "₹ 1,000",
    "min_addl_amt_multiple": "₹ 1",
    "min_amt": "₹ 5,000",
    "min_amt_multiple": "₹ 1",
    "monthly_aaum_date": "20250228",
    "monthly_aaum_value": "1,126.26 Crores",
    "mutual_fund_name": "Baroda BNP Paribas Mutual Fund",
    "scheme_launch_date": "20221219"
   }
  },
  {
   "value": {
    "amc_name": "Baroda BNP Paribas Asset Management India Private Limited",
    "benchmark_index": [
     "(AMFI Tier 1) Nifty Equity Savings Index TRI"
    ],
    "field_location": [
     {
      "amc_name": "28",
      "benchmark_index": "28",
      "count": 43,
      "fund_manager_managing_fund_since": "28",
      "load_exit": "28",
      "main_scheme_name": "28",
      "metrics_avg_maturity": "28",
      "metrics_beta": "28",
      "metrics_macaulay": "28",
      "metrics_mod_duration": "28",
      "metrics_port_turnover_ratio": "28",
      "metrics_sharpe": "28",
      "metrics_std_dev": "28",
      "metrics_ytm": "28",
      "min_addl_amt": "28",
      "min_addl_amt_multiple": "28",
      "min_amt": "28",
      "min_amt_multiple": "28",
      "monthly_aaum_date": "28",
      "monthly_aaum_value": "28",
      "mutual_fund_name": "28",
      "scheme_launch_date": "28"
     }
    ],
    "fund_manager": [
     {
      "managing_fund_since": "05-sep-19",
      "name": "",
      "qualification": "",
      "total_exp": ""
     },
     {
      "managing_fund_since": "21-oct-24",
      "name": "",
      "qualification": "",
      "total_exp": ""
     },
     {
      "managing_fund_since": "01-jan-25",
      "name": "",
      "qualification": "",
      "total_exp": ""
     },
     {
      "managing_fund_since": "21-oct-24",
      "name": "",
      "qualification": "",
      "total_exp": ""
     }
    ],
    "load": [
     {
      "comment": "• if units of the Scheme are redeemed or switched out within 30 days of the date of allotment - 1% of the applicable Net Asset Value (NAV) • if units of the Scheme are redeemed are switched out after 30 days of allotment Nil For detailed load structure please refer Scheme Information Document.",
      "type": "exit"
     }
    ],
    "main_scheme_name": "Baroda BNP Paribas Equity Savings Fund",
    "metrics": [
     {
      "name": "sharpe",
      "value": "0.27"
     },
     {
      "name": "std_dev",
      "value": "5.33%"
     },
     {
      "name": "beta",
      "value": "1.06"
     },
     {
      "name": "ytm",
      "value": "7.13%"
     },
     {
      "name": "port_turnover_ratio",
      "value": "4.79"
     },
     {
      "name": "mod_duration",
      "value": "3.35"
     },
     {
      "name": "avg_maturity",
      "value": "4.39"
     },
     {
      "name": "macaulay",
      "value": "3.52"
     }
    ],
    "min_addl_amt": "₹ 1,000",
    "min_addl_amt_multiple": "₹ 1",
    "min_amt": "₹ 5,000",
    "min_amt_multiple": "₹ 1",
    "monthly_aaum_date": "20250228",
    "monthly_aaum_value": "247.09 Crores",
    "mutual_fund_name": "Baroda BNP Paribas Mutual Fund",
    "scheme_launch_date": "20190725"
   }
  },
  {
   "value": {
    "amc_name": "Baroda BNP Paribas Asset Management India Private Limited",
    "benchmark_index": [
     "(AMFI Tier 1) CRISIL Hybrid 85+15 – Conservative Index"
    ],
    "field_location": [
     {
      "amc_name": "29",
      "benchmark_index": "29",
      "count": 43,
      "fund_manager_managing_fund_since": "29",
      "fund_manager_name": "29",
      "load_exit": "29",
      "main_scheme_name": "29",
      "metrics_avg_maturity": "29",
      "metrics_macaulay": "29",
      "metrics_mod_duration": "29",
      "metrics_port_turnover_ratio": "29",
      "metrics_ytm": "29",
      "min_addl_amt": "29",
      "min_addl_amt_multiple": "29",
      "min_amt": "29",
      "min_amt_multiple": "29",
      "monthly_aaum_date": "29",
      "mutual_fund_name": "29",
      "scheme_launch_date": "29"
     }
    ],
    "fund_manager": [
     {
      "managing_fund_since": "14-mar-22",
      "name": "Mr. Pratish",
      "qualification": "",
      "total_exp": ""
     },
     {
      "managing_fund_since": "01-jan-25",
      "name": "Mr. Ankeet",
      "qualification": "",
      "total_exp": ""
     },
     {
      "managing_fund_since": "21-oct-22",
      "name": "Singh Wasan",
      "qualification": "",
      "total_exp": ""
     },
     {
      "managing_fund_since": "21-oct-24",
      "name": "",
      "qualification": "",
      "total_exp": ""
     }
    ],
    "load": [
     {
      "comment": "• • 1.00%, if redeemed or switched-out upto 6 months from the date of allotment of units. • Nil, if redeemed or switched-out after 6 months from the date of allotment of units For detailed load structure please refer Scheme Information Document.",
      "type": "exit"
     }
    ],
    "main_scheme_name": "Baroda BNP Paribas Conservative Hybrid Fund",
    "metrics": [
     {
      "name": "mod_duration",
      "value": "7.59"
     },
     {
      "name": "macaulay",
      "value": "1,000"
     },
     {
      "name": "ytm",
      "value": "7.59%"
     },
     {
      "name": "port_turnover_ratio",
      "value": "1.47"
     },
     {
      "name": "avg_maturity",
      "value": "3.85"
     }
    ],
    "min_addl_amt": "₹ 500",
    "min_addl_amt_multiple": "₹ 1",
    "min_amt": "₹ 1,000",
    "min_amt_multiple": "₹ 1",
    "monthly_aaum_date": "20250228",
    "mutual_fund_name": "Baroda BNP Paribas Mutual Fund",
    "scheme_launch_date": "20040923"
   }
  },
  {
   "value": {
    "amc_name": "Baroda BNP Paribas Asset Management India Private Limited",
    "benchmark_index": [
     "(AMFI Tier 1) Nifty 50 Arbitrage Index"
    ],
    "field_location": [
     {
      "amc_name": "30",
      "benchmark_index": "30",
      "count": 43,
      "fund_manager_managing_fund_since": "30",
      "load_exit": "30",
      "main_scheme_name": "30",
      "metrics_avg_maturity": "30",
      "metrics_beta": "30",
      "metrics_macaulay": "30",
      "metrics_mod_duration": "30",
      "metrics_port_turnover_ratio": "30",
      "metrics_sharpe": "30",
      "metrics_std_dev": "30",
      "metrics_ytm": "30",
      "min_addl_amt": "30",
      "min_addl_amt_multiple": "30",
      "min_amt": "30",
      "min_amt_multiple": "30",
      "monthly_aaum_date": "30",
      "monthly_aaum_value": "30",
      "mutual_fund_name": "30",
      "scheme_launch_date": "30"
     }
    ],
    "fund_manager": [
     {
      "managing_fund_since": "14-mar-22",
      "name": "",
      "qualification": "",
      "total_exp": ""
     },
     {
      "managing_fund_since": "16-mar-22",
      "name": "",
      "qualification": "",
      "total_exp": ""
     }
    ],
    "load": [
     {
      "comment": "• If units of the Scheme are redeemed or switched out within 15 days from the date of allotment – 0.25% of the applicable NAV. • If units of the Scheme are redeemed or switched out after 15 days from the date of allotment - Nil For detailed load structure please refer Scheme Information Document.",
      "type": "exit"
     }
    ],
    "main_scheme_name": "Baroda BNP Paribas Arbitrage Fund",
    "metrics": [
     {
      "name": "sharpe",
      "value": "0.31"
     },
     {
      "name": "std_dev",
      "value": "0.66%"
     },
     {
      "name": "beta",
      "value": "0.73"
     },
     {
      "name": "ytm",
      "value": "6.77%"
     },
     {
      "name": "port_turnover_ratio",
      "value": "18.26"
     },
     {
      "name": "mod_duration",
      "value": "0.45"
     },
     {
      "name": "avg_maturity",
      "value": "0.62"
     },
     {
      "name": "macaulay",
      "value": "0.46"
     }
    ],
    "min_addl_amt": "₹ 1,000",
    "min_addl_amt_multiple": "₹ 1",
    "min_amt": "₹ 5,000",
    "min_amt_multiple": "₹ 1",
    "monthly_aaum_date": "20250228",
    "monthly_aaum_value": "1,151.74 Crores",
    "mutual_fund_name": "Baroda BNP Paribas Mutual Fund",
    "scheme_launch_date": "20161228"
   }
  },
  {
   "value": {
    "amc_name": "Baroda BNP Paribas Asset Management India Private Limited",
    "benchmark_index": [
     "(AMFI Tier 1) CRISIL Hybrid 35+65 Aggressive Index"
    ],
    "field_location": [
     {
      "amc_name": "31",
      "benchmark_index": "31",
      "count": 43,
      "fund_manager_managing_fund_since": "31",
      "load_exit": "31",
      "main_scheme_name": "31",
      "metrics_avg_maturity": "31",
      "metrics_macaulay": "31",
      "metrics_mod_duration": "31",
      "metrics_port_turnover_ratio": "31",
      "metrics_ytm": "31",
      "min_addl_amt": "31",
      "min_addl_amt_multiple": "31",
      "min_amt": "31",
      "min_amt_multiple": "31",
      "monthly_aaum_date": "31",
      "monthly_aaum_value": "31",
      "mutual_fund_name": "31",
      "scheme_launch_date": "31"
     }
    ],
    "fund_manager": [
     {
      "managing_fund_since": "28-may-24",
      "name": "",
      "qualification": "",
      "total_exp": ""
     },
     {
      "managing_fund_since": "01-jan-25",
      "name": "",
      "qualification": "",
      "total_exp": ""
     },
     {
      "managing_fund_since": "21-oct-24",
      "name": "",
      "qualification": "",
      "total_exp": ""
     }
    ],
    "load": [
     {
      "comment": "shall be imposed for switching between Investment Plan(s) and Plans/Options within the Investment Plan(s), subject to completion of lock-in period For detailed load structure please refer Scheme Information Document.",
      "type": "exit"
     }
    ],
    "main_scheme_name": "Baroda BNP Paribas Retirement Fund",
    "metrics": [
     {
      "name": "ytm",
      "value": "7.14%"
     },
     {
      "name": "port_turnover_ratio",
      "value": "0.76"
     },
     {
      "name": "mod_duration",
      "value": "8.25"
     },
     {
      "name": "avg_maturity",
      "value": "23.30"
     },
     {
      "name": "macaulay",
      "value": "8.56"
     }
    ],
    "min_addl_amt": "₹ 1,000",
    "min_addl_amt_multiple": "₹ 1",
    "min_amt": "₹ 1,000",
    "min_amt_multiple": "₹ 1",
    "monthly_aaum_date": "20250228",
    "monthly_aaum_value": "345.76 Crores",
    "mutual_fund_name": "Baroda BNP Paribas Mutual Fund",
    "scheme_launch_date": "20240528"
   }
  },
  {
   "value": {
    "amc_name": "Baroda BNP Paribas Asset Management India Private Limited",
    "benchmark_index": [
     "(AMFI Tier 1) Nifty 500 TRI"
    ],
    "field_location": [
     {
      "amc_name": "32",
      "benchmark_index": "32",
      "count": 43,
      "fund_manager_managing_fund_since": "32",
      "fund_manager_name": "32",
      "load_exit": "32",
      "main_scheme_name": "32",
      "metrics_avg_maturity": "32",
      "metrics_macaulay": "32",
      "metrics_mod_duration": "32",
      "metrics_port_turnover_ratio": "32",
      "metrics_ytm": "32",
      "min_addl_amt": "32",
      "min_addl_amt_multiple": "32",
      "min_amt": "32",
      "min_amt_multiple": "32",
      "monthly_aaum_date": "32",
      "mutual_fund_name": "32",
      "scheme_launch_date": "32"
     }
    ],
    "fund_manager": [
     {
      "managing_fund_since": "27-dec-24",
      "name": "Mr. Pratish Krishnan",
      "qualification": "",
      "total_exp": ""
     },
     {
      "managing_fund_since": "01-jan-25",
      "name": "Mr. Ankeet Pandya",
      "qualification": "",
      "total_exp": ""
     }
    ],
    "load": [
     {
      "comment": "• If units of the Scheme are redeemed or switched out within 1 year from the date of allotment – 1% of the applicable NAV. • If units of the Scheme are redeemed or switched out after 1 year from the date of allotment - Nil For detailed load structure please refer Scheme Information Document.",
      "type": "exit"
     }
    ],
    "main_scheme_name": "Baroda BNP Paribas Children's Fund",
    "metrics": [
     {
      "name": "ytm",
      "value": "6.52%"
     },
     {
      "name": "port_turnover_ratio",
      "value": "0.43"
     },
     {
      "name": "mod_duration",
      "value": "3.12"
     },
     {
      "name": "avg_maturity",
      "value": "4.21"
     },
     {
      "name": "macaulay",
      "value": "3.23"
     }
    ],
    "min_addl_amt": "₹ 1,000",
    "min_addl_amt_multiple": "₹ 1",
    "min_amt": "₹ 1,000",
    "min_amt_multiple": "₹ 1",
    "monthly_aaum_date": "20250228",
    "mutual_fund_name": "Baroda BNP Paribas Mutual Fund",
    "scheme_launch_date": "20241227"
   }
  },
  {
   "value": {
    "amc_name": "Baroda BNP Paribas Asset Management India Private Limited",
    "benchmark_index": [
     "(AMFI Tier 1) CRISIL Liquid Debt A-I Index"
    ],
    "field_location": [
     {
      "amc_name": "33",
      "benchmark_index": "33",
      "count": 43,
      "fund_manager_managing_fund_since": "33",
      "fund_manager_name": "33",
      "fund_manager_total_exp": "33",
      "load_exit": "33",
      "main_scheme_name": "33",
      "metrics_avg_maturity": "33",
      "metrics_macaulay": "33",
      "metrics_mod_duration": "33",
      "metrics_ytm": "33",
      "min_addl_amt": "33",
      "min_addl_amt_multiple": "33",
      "min_amt": "33",
      "min_amt_multiple": "33",
      "monthly_aaum_date": "33",
      "monthly_aaum_value": "33",
      "mutual_fund_name": "33",
      "scheme_launch_date": "33"
     }
    ],
    "fund_manager": [
     {
      "managing_fund_since": "14-mar-22",
      "name": "Mr. Vikram Pamnani",
      "qualification": "",
      "total_exp": "14 years"
     },
     {
      "managing_fund_since": "21-oct-24",
      "name": "Mr. Gurvinder Singh",
      "qualification": "",
      "total_exp": "21 years"
     }
    ],
    "load": [
     {
      "comment": "• Investor exit upon subscribtion - exit load as % of redemption proceeds Day 1-0.0070% Day 2-0.0065% Day 3-0.0060% Day 4-0.0055% Day 5-0.0050% Day 6-0.0045% Day 7 Onwards-0.0000% For detailed load structure please refer Scheme Information Document of the scheme.",
      "type": "exit"
     }
    ],
    "main_scheme_name": "Baroda BNP Paribas Liquid Fund",
    "metrics": [
     {
      "name": "macaulay",
      "value": "5,000"
     },
     {
      "name": "ytm",
      "value": "7.23%"
     },
     {
      "name": "mod_duration",
      "value": "10"
     },
     {
      "name": "avg_maturity",
      "value": "47"
     }
    ],
    "min_addl_amt": "₹ 1,000",
    "min_addl_amt_multiple": "₹ 1",
    "min_amt": "₹ 5,000",
    "min_amt_multiple": "₹ 1",
    "monthly_aaum_date": "20250228",
    "monthly_aaum_value": "11,446.37 Crores",
    "mutual_fund_name": "Baroda BNP Paribas Mutual Fund",
    "scheme_launch_date": "20020221"
   }
  },
  {
   "value": {
    "amc_name": "Baroda BNP Paribas Asset Management India Private Limited",
    "benchmark_index": [
     "(AMFI Tier 1) CRISIL Liquid Overnight Index"
    ],
    "field_location": [
     {
      "amc_name": "34",
      "benchmark_index": "34",
      "count": 43,
      "fund_manager_managing_fund_since": "34",
      "fund_manager_name": "34",
      "fund_manager_total_exp": "34",
      "load_exit": "34",
      "main_scheme_name": "34",
      "metrics_avg_maturity": "34",
      "metrics_macaulay": "34",
      "metrics_mod_duration": "34",
      "metrics_ytm": "34",
      "min_addl_amt": "34",
      "min_addl_amt_multiple": "34",
      "min_amt": "34",
      "min_amt_multiple": "34",
      "monthly_aaum_date": "34",
      "mutual_fund_name": "34",
      "scheme_launch_date": "34"
     }
    ],
    "fund_manager": [
     {
      "managing_fund_since": "14-mar-22",
      "name": "Mr. Vikram Pamnani",
      "qualification": "",
      "total_exp": "14 years"
     },
     {
      "managing_fund_since": "21-oct-24",
      "name": "Mr. Gurvinder Singh",
      "qualification": "",
      "total_exp": "21 years"
     }
    ],
    "load": [
     {
      "comment": "• Nil. For detailed load structure please refer Scheme Information Document of the scheme.",
      "type": "exit"
     }
    ],
    "main_scheme_name": "Baroda BNP Paribas Overnight Fund",
    "metrics": [
     {
      "name": "macaulay",
      "value": "5,000"
     },
     {
      "name": "ytm",
      "value": "6.33%"
     },
     {
      "name": "mod_duration",
      "value": "10"
     },
     {
      "name": "avg_maturity",
      "value": "3"
     }
    ],
    "min_addl_amt": "₹ 1,000",
    "min_addl_amt_multiple": "₹ 1",
    "min_amt": "₹ 5,000",
    "min_amt_multiple": "₹ 1",
    "monthly_aaum_date": "20250228",
    "mutual_fund_name": "Baroda BNP Paribas Mutual Fund",
    "scheme_launch_date": "20190425"
   }
  },
  {
   "value": {
    "amc_name": "Baroda BNP Paribas Asset Management India Private Limited",
    "benchmark_index": [
     "(AMFI Tier 1) CRISIL Ultra Short Duration Debt A-I Index"
    ],
    "field_location": [
     {
      "amc_name": "35",
      "benchmark_index": "35",
      "count": 43,
      "fund_manager_managing_fund_since": "35",
      "fund_manager_name": "35",
      "fund_manager_total_exp": "35",
      "load_exit": "35",
      "main_scheme_name": "35",
      "metrics_avg_maturity": "35",
      "metrics_macaulay": "35",
      "metrics_mod_duration": "35",
      "metrics_ytm": "35",
      "min_addl_amt": "35",
      "min_addl_amt_multiple": "35",
      "min_amt": "35",
      "min_amt_multiple": "35",
      "monthly_aaum_date": "35",
      "monthly_aaum_value": "35",
      "mutual_fund_name": "35",
      "scheme_launch_date": "35"
     }
    ],
    "fund_manager": [
     {
      "managing_fund_since": "14-mar-22",
      "name": "Vikram Pamnani",
      "qualification": "",
      "total_exp": "14 years"
     },
     {
      "managing_fund_since": "21-oct-24",
      "name": "Gurvinder Singh",
      "qualification": "",
      "total_exp": "21 years"
     }
    ],
    "load": [
     {
      "comment": "• Nil. For detailed load structure please refer Scheme Information Document of the scheme.",
      "type": "exit"
     }
    ],
    "main_scheme_name": "Baroda BNP Paribas Ultra Short Duration Fund",
    "metrics": [
     {
      "name": "mod_duration",
      "value": "7.44"
     },
     {
      "name": "macaulay",
      "value": "3months"
     },
     {
      "name": "ytm",
      "value": "7.44%"
     },
     {
      "name": "avg_maturity",
      "value": "0.50"
     }
    ],
    "min_addl_amt": "₹ 1,000",
    "min_addl_amt_multiple": "₹ 1",
    "min_amt": "₹ 5,000",
    "min_amt_multiple": "₹ 1",
    "monthly_aaum_date": "20250228",
    "monthly_aaum_value": "1,432.66 Crores",
    "mutual_fund_name": "Baroda BNP Paribas Mutual Fund",
    "scheme_launch_date": "20180601"
   }
  },
  {
   "value": {
    "amc_name": "Baroda BNP Paribas Asset Management India Private Limited",
    "benchmark_index": [
     "(AMFI Tier 1) CRISIL Low Duration Debt A-I Index"
    ],
    "field_location": [
     {
      "amc_name": "36",
      "benchmark_index": "36",
      "count": 43,
      "fund_manager_managing_fund_since": "36",
      "fund_manager_name": "36",
      "fund_manager_total_exp": "36",
      "load_exit": "36",
      "main_scheme_name": "36",
      "metrics_avg_maturity": "36",
      "metrics_macaulay": "36",
      "metrics_mod_duration": "36",
      "metrics_ytm": "36",
      "min_addl_amt": "36",
      "min_addl_amt_multiple": "36",
      "min_amt": "36",
      "min_amt_multiple": "36",
      "monthly_aaum_date": "36",
      "mutual_fund_name": "36",
      "scheme_launch_date": "36"
     }
    ],
    "fund_manager": [
     {
      "managing_fund_since": "27-dec-17",
      "name": "Vikram Pamnani",
      "qualification": "",
      "total_exp": "14 years"
     },
     {
      "managing_fund_since": "21-oct-24",
      "name": "Gurvinder Singh",
      "qualification": "",
      "total_exp": "21 years"
     }
    ],
    "load": [
     {
      "comment": "• Nil. For detailed load structure please refer Scheme Information Document of the scheme.",
      "type": "exit"
     }
    ],
    "main_scheme_name": "Baroda BNP Paribas Low Duration Fund",
    "metrics": [
     {
      "name": "mod_duration",
      "value": "28,"
     },
     {
      "name": "macaulay",
      "value": "6 months"
     },
     {
      "name": "ytm",
      "value": "7.64%"
     },
     {
      "name": "avg_maturity",
      "value": "0.98"
     }
    ],
    "min_addl_amt": "₹ 1,000",
    "min_addl_amt_multiple": "₹ 1",
    "min_amt": "₹ 5,000",
    "min_amt_multiple": "₹ 1",
    "monthly_aaum_date": "20250228",
    "mutual_fund_name": "Baroda BNP Paribas Mutual Fund",
    "scheme_launch_date": "20051021"
   }
  },
  {
   "value": {
    "amc_name": "Baroda BNP Paribas Asset Management India Private Limited",
    "benchmark_index": [
     "(AMFI Tier 1) CRISIL Money Market A-I Index"
    ],
    "field_location": [
     {
      "amc_name": "37",
      "benchmark_index": "37",
      "count": 43,
      "fund_manager_managing_fund_since": "37",
      "fund_manager_name": "37",
      "fund_manager_total_exp": "37",
      "load_exit": "37",
      "main_scheme_name": "37",
      "metrics_avg_maturity": "37",
      "metrics_macaulay": "37",
      "metrics_mod_duration": "37",
      "metrics_ytm": "37",
      "min_addl_amt": "37",
      "min_addl_amt_multiple": "37",
      "min_amt": "37",
      "min_amt_multiple": "37",
      "monthly_aaum_date": "37",
      "monthly_aaum_value": "37",
      "mutual_fund_name": "37",
      "scheme_launch_date": "37"
     }
    ],
    "fund_manager": [
     {
      "managing_fund_since": "14-mar-22",
      "name": "Vikram Pamnani",
      "qualification": "",
      "total_exp": "14 years"
     },
     {
      "managing_fund_since": "21-oct-24",
      "name": "Gurvinder Singh",
      "qualification": "",
      "total_exp": "21 years"
     }
    ],
    "load": [
     {
      "comment": "• Nil. For detailed load structure please refer Scheme Information Document of the scheme.",
      "type": "exit"
     }
    ],
    "main_scheme_name": "Baroda BNP Paribas Money Market Fund",
    "metrics": [
     {
      "name": "mod_duration",
      "value": "7.45"
     },
     {
      "name": "macaulay",
      "value": "5,000"
     },
     {
      "name": "ytm",
      "value": "7.45%"
     },
     {
      "name": "avg_maturity",
      "value": "0.53"
     }
    ],
    "min_addl_amt": "₹ 1,000",
    "min_addl_amt_multiple": "₹ 1",
    "min_amt": "₹ 5,000",
    "min_amt_multiple": "₹ 1",
    "monthly_aaum_date": "20250228",
    "monthly_aaum_value": "1,032.74 Crores",
    "mutual_fund_name": "Baroda BNP Paribas Mutual Fund",
    "scheme_launch_date": "20190619"
   }
  },
  {
   "value": {
    "amc_name": "Baroda BNP Paribas Asset Management India Private Limited",
    "benchmark_index": [
     "(AMFI Tier 1) CRISIL Banking and PSU Debt A-II Index"
    ],
    "field_location": [
     {
      "amc_name": "38",
      "benchmark_index": "38",
      "count": 43,
      "fund_manager_managing_fund_since": "38",
      "fund_manager_name": "38",
      "fund_manager_total_exp": "38",
      "load_exit": "38",
      "main_scheme_name": "38",
      "metrics_avg_maturity": "38",
      "metrics_macaulay": "38",
      "metrics_mod_duration": "38",
      "metrics_ytm": "38",
      "min_addl_amt": "38",
      "min_addl_amt_multiple": "38",
      "min_amt": "38",
      "min_amt_multiple": "38",
      "monthly_aaum_date": "38",
      "mutual_fund_name": "38",
      "scheme_launch_date": "38"
     }
    ],
    "fund_manager": [
     {
      "managing_fund_since": "21-oct-24",
      "name": "Gurvinder Singh",
      "qualification": "",
      "total_exp": "21 years"
     },
     {
      "managing_fund_since": "11-jul-24",
      "name": "Vikram Pamnani",
      "qualification": "",
      "total_exp": "14 years"
     }
    ],
    "load": [
     {
      "comment": "• Nil. For detailed load structure please refer Scheme Information Document of the scheme.",
      "type": "exit"
     }
    ],
    "main_scheme_name": "Baroda BNP Paribas Banking and PSU Bond Fund",
    "metrics": [
     {
      "name": "mod_duration",
      "value": "7.20"
     },
     {
      "name": "macaulay",
      "value": "5,000"
     },
     {
      "name": "ytm",
      "value": "7.20%"
     },
     {
      "name": "avg_maturity",
      "value": "5.00"
     }
    ],
    "min_addl_amt": "₹ 1,000",
    "min_addl_amt_multiple": "₹ 1",
    "min_amt": "₹ 5,000",
    "min_amt_multiple": "₹ 1",
    "monthly_aaum_date": "20250228",
    "mutual_fund_name": "Baroda BNP Paribas Mutual Fund",
    "scheme_launch_date": "20201217"
   }
  },
  {
   "value": {
    "amc_name": "Baroda BNP Paribas Asset Management India Private Limited",
    "benchmark_index": [
     "(AMFI Tier 1) CRISIL Short Duration Debt A-II Index"
    ],
    "field_location": [
     {
      "amc_name": "39",
      "benchmark_index": "39",
      "count": 43,
      "fund_manager_managing_fund_since": "39",
      "fund_manager_name": "39",
      "fund_manager_total_exp": "39",
      "load_exit": "39",
      "main_scheme_name": "39",
      "metrics_avg_maturity": "39",
      "metrics_macaulay": "39",
      "metrics_mod_duration": "39",
      "metrics_ytm": "39",
      "min_addl_amt": "39",
      "min_addl_amt_multiple": "39",
      "min_amt": "39",
      "min_amt_multiple": "39",
      "monthly_aaum_date": "39",
      "mutual_fund_name": "39",
      "scheme_launch_date": "39"
     }
    ],
    "fund_manager": [
     {
      "managing_fund_since": "21-oct-24",
      "name": "Gurvinder Singh",
      "qualification": "",
      "total_exp": "21 years"
     },
     {
      "managing_fund_since": "14-mar-22",
      "name": "Vikram Pamnani",
      "qualification": "",
      "total_exp": "14 years"
     }
    ],
    "load": [
     {
      "comment": "• Nil. For detailed load structure please refer Scheme Information Document of the scheme.",
      "type": "exit"
     }
    ],
    "main_scheme_name": "Baroda BNP Paribas Short Duration Fund",
    "metrics": [
     {
      "name": "mod_duration",
      "value": "7.44"
     },
     {
      "name": "macaulay",
      "value": "5,000"
     },
     {
      "name": "ytm",
      "value": "7.44%"
     },
     {
      "name": "avg_maturity",
      "value": "3.38"
     }
    ],
    "min_addl_amt": "₹ 1,000",
    "min_addl_amt_multiple": "₹ 1",
    "min_amt": "₹ 5,000",
    "min_amt_multiple": "₹ 1",
    "monthly_aaum_date": "20250228",
    "mutual_fund_name": "Baroda BNP Paribas Mutual Fund",
    "scheme_launch_date": "20100630"
   }
  },
  {
   "value": {
    "amc_name": "Baroda BNP Paribas Asset Management India Private Limited",
    "benchmark_index": [
     "(AMFI Tier 1) CRISIL Credit Risk Debt B-II Index"
    ],
    "field_location": [
     {
      "amc_name": "40",
      "benchmark_index": "40",
      "count": 43,
      "fund_manager_managing_fund_since": "40",
      "fund_manager_name": "40",
      "fund_manager_total_exp": "40",
      "load_exit": "40",
      "main_scheme_name": "40",
      "metrics_avg_maturity": "40",
      "metrics_macaulay": "40",
      "metrics_mod_duration": "40",
      "metrics_ytm": "40",
      "min_addl_amt": "40",
      "min_addl_amt_multiple": "40",
      "min_amt": "40",
      "min_amt_multiple": "40",
      "monthly_aaum_date": "40",
      "mutual_fund_name": "40",
      "scheme_launch_date": "40"
     }
    ],
    "fund_manager": [
     {
      "managing_fund_since": "21-oct-24",
      "name": "Gurvinder Singh",
      "qualification": "",
      "total_exp": "21 years"
     },
     {
      "managing_fund_since": "11-jul-24",
      "name": "Vikram Pamnani",
      "qualification": "",
      "total_exp": "14 years"
     }
    ],
    "load": [
     {
      "comment": "• If units are redeemed upto 10% of the units, on or before one year from the date of allotment: Nil 2. If units are redeemed over and above the 10% limit, on or before one year from the date of allotment: 1% of the applicable Net Asset Value (NAV) 3. If units are redeemed after one year from the date of allotment: Nil For detailed load structure please refer Scheme Information Document of the scheme.",
      "type": "exit"
     }
    ],
    "main_scheme_name": "Baroda BNP Paribas Credit Risk Fund",
    "metrics": [
     {
      "name": "mod_duration",
      "value": "8.09"
     },
     {
      "name": "macaulay",
      "value": "5,000"
     },
     {
      "name": "ytm",
      "value": "8.09%"
     },
     {
      "name": "avg_maturity",
      "value": "3.40"
     }
    ],
    "min_addl_amt": "₹ 1,000",
    "min_addl_amt_multiple": "₹ 1",
    "min_amt": "₹ 5,000",
    "min_amt_multiple": "₹ 1",
    "monthly_aaum_date": "20250228",
    "mutual_fund_name": "Baroda BNP Paribas Mutual Fund",
    "scheme_launch_date": "20150123"
   }
  },
  {
   "value": {
    "amc_name": "Baroda BNP Paribas Asset Management India Private Limited",
    "benchmark_index": [
     "(AMFI Tier 1) CRISIL Corporate Debt A-II Index"
    ],
    "field_location": [
     {
      "amc_name": "41",
      "benchmark_index": "41",
      "count": 43,
      "fund_manager_managing_fund_since": "41",
      "fund_manager_name": "41",
      "fund_manager_total_exp": "41",
      "load_exit": "41",
      "main_scheme_name": "41",
      "metrics_avg_maturity": "41",
      "metrics_macaulay": "41",
      "metrics_mod_duration": "41",
      "metrics_ytm": "41",
      "min_addl_amt": "41",
      "min_addl_amt_multiple": "41",
      "min_amt": "41",
      "min_amt_multiple": "41",
      "monthly_aaum_date": "41",
      "mutual_fund_name": "41",
      "scheme_launch_date": "41"
     }
    ],
    "fund_manager": [
     {
      "managing_fund_since": "21-oct-24",
      "name": "Gurvinder Singh",
      "qualification": "",
      "total_exp": "21 years"
     },
     {
      "managing_fund_since": "11-jul-24",
      "name": "Vikram Pamnani",
      "qualification": "",
      "total_exp": "14 years"
     }
    ],
    "load": [
     {
      "comment": "• Nil. For detailed load structure please refer Scheme Information Document of the scheme.",
      "type": "exit"
     }
    ],
    "main_scheme_name": "Baroda BNP Paribas Corporate Bond Fund",
    "metrics": [
     {
      "name": "mod_duration",
      "value": "7.40"
     },
     {
      "name": "macaulay",
      "value": "5,000"
     },
     {
      "name": "ytm",
      "value": "7.40%"
     },
     {
      "name": "avg_maturity",
      "value": "4.74"
     }
    ],
    "min_addl_amt": "₹ 1,000",
    "min_addl_amt_multiple": "₹ 1",
    "min_amt": "₹ 5,000",
    "min_amt_multiple": "₹ 1",
    "monthly_aaum_date": "20250228",
    "mutual_fund_name": "Baroda BNP Paribas Mutual Fund",
    "scheme_launch_date": "20081108"
   }
  },
  {
   "value": {
    "amc_name": "Baroda BNP Paribas Asset Management India Private Limited",
    "benchmark_index": [
     "(AMFI Tier 1) CRISIL Dynamic Bond A-III Index"
    ],
    "field_location": [
     {
      "amc_name": "42",
      "benchmark_index": "42",
      "count": 43,
      "fund_manager_managing_fund_since": "42",
      "fund_manager_name": "42",
      "fund_manager_total_exp": "42",
      "load_exit": "42",
      "main_scheme_name": "42",
      "metrics_avg_maturity": "42",
      "metrics_macaulay": "42",
      "metrics_mod_duration": "42",
      "metrics_ytm": "42",
      "min_addl_amt": "42",
      "min_addl_amt_multiple": "42",
      "min_amt": "42",
      "min_amt_multiple": "42",
      "monthly_aaum_date": "42",
      "mutual_fund_name": "42",
      "scheme_launch_date": "42"
     }
    ],
    "fund_manager": [
     {
      "managing_fund_since": "21-oct-24",
      "name": "Gurvinder Singh",
      "qualification": "",
      "total_exp": "21 years"
     },
     {
      "managing_fund_since": "11-jul-24",
      "name": "Prashant Pimple",
      "qualification": "",
      "total_exp": "24 years"
     }
    ],
    "load": [
     {
      "comment": "• Nil. For detailed load structure please refer Scheme Information Document of the scheme.",
      "type": "exit"
     }
    ],
    "main_scheme_name": "Baroda BNP Paribas Dynamic Bond Fund",
    "metrics": [
     {
      "name": "mod_duration",
      "value": "6.75"
     },
     {
      "name": "macaulay",
      "value": "5,000"
     },
     {
      "name": "ytm",
      "value": "6.75%"
     },
     {
      "name": "avg_maturity",
      "value": "12.22"
     }
    ],
    "min_addl_amt": "₹ 1,000",
    "min_addl_amt_multiple": "₹ 1",
    "min_amt": "₹ 5,000",
    "min_amt_multiple": "₹ 1",
    "monthly_aaum_date": "20250228",
    "mutual_fund_name": "Baroda BNP Paribas Mutual Fund",
    "scheme_launch_date": "20040923"
   }
  },
  {
   "value": {
    "amc_name": "Baroda BNP Paribas Asset Management India Private Limited",
    "benchmark_index": [
     "(AMFI Tier 1) CRISIL Dynamic Gilt Index"
    ],
    "field_location": [
     {
      "amc_name": "43",
      "benchmark_index": "43",
      "count": 43,
      "fund_manager_managing_fund_since": "43",
      "fund_manager_name": "43",
      "fund_manager_total_exp": "43",
      "load_exit": "43",
      "main_scheme_name": "43",
      "metrics_avg_maturity": "43",
      "metrics_macaulay": "43",
      "metrics_mod_duration": "43",
      "metrics_ytm": "43",
      "min_addl_amt": "43",
      "min_addl_amt_multiple": "43",
      "min_amt": "43",
      "min_amt_multiple": "43",
      "monthly_aaum_date": "43",
      "monthly_aaum_value": "43",
      "mutual_fund_name": "43",
      "scheme_launch_date": "43"
     }
    ],
    "fund_manager": [
     {
      "managing_fund_since": "21-oct-24",
      "name": "Gurvinder Singh",
      "qualification": "",
      "total_exp": "21 years"
     },
     {
      "managing_fund_since": "11-jul-24",
      "name": "Prashant Pimple",
      "qualification": "",
      "total_exp": "24 years"
     }
    ],
    "load": [
     {
      "comment": "• Nil. For detailed load structure please refer Scheme Information Document of the scheme.",
      "type": "exit"
     }
    ],
    "main_scheme_name": "Baroda BNP Paribas Gilt Fund",
    "metrics": [
     {
      "name": "mod_duration",
      "value": "6.89"
     },
     {
      "name": "macaulay",
      "value": "5,000"
     },
     {
      "name": "ytm",
      "value": "6.89%"
     },
     {
      "name": "avg_maturity",
      "value": "11.48"
     }
    ],
    "min_addl_amt": "₹ 1,000",
    "min_addl_amt_multiple": "₹ 1",
    "min_amt": "₹ 5,000",
    "min_amt_multiple": "₹ 1",
    "monthly_aaum_date": "20250228",
    "monthly_aaum_value": "1,738.97 Crores",
    "mutual_fund_name": "Baroda BNP Paribas Mutual Fund",
    "scheme_launch_date": "20020321"
   }
  },
  {
   "value": {
    "amc_name": "Baroda BNP Paribas Asset Management India Private Limited",
    "benchmark_index": [
     "(AMFI Tier 1) NIFTY SDL December 2026 Index"
    ],
    "field_location": [
     {
      "amc_name": "44",
      "benchmark_index": "44",
      "count": 43,
      "fund_manager_managing_fund_since": "44",
      "fund_manager_name": "44",
      "fund_manager_total_exp": "44",
      "load_exit": "44",
      "main_scheme_name": "44",
      "metrics_avg_maturity": "44",
      "metrics_macaulay": "44",
      "metrics_mod_duration": "44",
      "metrics_ytm": "44",
      "min_addl_amt": "44",
      "min_addl_amt_multiple": "44",
      "min_amt": "44",
      "min_amt_multiple": "44",
      "monthly_aaum_date": "44",
      "mutual_fund_name": "44",
      "scheme_launch_date": "44"
     }
    ],
    "fund_manager": [
     {
      "managing_fund_since": "21-oct-24",
      "name": "Mr. Gurvinder Singh",
      "qualification": "",
      "total_exp": "21 years"
     },
     {
      "managing_fund_since": "11-jul-24",
      "name": "Mr. Vikram Pamnani",
      "qualification": "",
      "total_exp": "14 years"
     }
    ],
    "load": [
     {
      "comment": "• Nil. For detailed load structure please refer Scheme Information Document of the scheme.",
      "type": "exit"
     }
    ],
    "main_scheme_name": "Baroda BNP Paribas NIFTY SDL December 2026 Index Fund",
    "metrics": [
     {
      "name": "mod_duration",
      "value": "6.75"
     },
     {
      "name": "macaulay",
      "value": "0.71"
     },
     {
      "name": "ytm",
      "value": "6.75%"
     },
     {
      "name": "avg_maturity",
      "value": "1.78"
     }
    ],
    "min_addl_amt": "₹ 1,000",
    "min_addl_amt_multiple": "₹ 1",
    "min_amt": "₹ 5,000",
    "min_amt_multiple": "₹ 1",
    "monthly_aaum_date": "20250228",
    "mutual_fund_name": "Baroda BNP Paribas Mutual Fund",
    "scheme_launch_date": "20230125"
   }
  },
  {
   "value": {
    "amc_name": "Baroda BNP Paribas Asset Management India Private Limited",
    "benchmark_index": [
     "(AMFI Tier 1) NIFTY SDL December 2028 Index"
    ],
    "field_location": [
     {
      "amc_name": "45",
      "benchmark_index": "45",
      "count": 43,
      "fund_manager_managing_fund_since": "45",
      "fund_manager_name": "45",
      "fund_manager_total_exp": "45",
      "load_exit": "45",
      "main_scheme_name": "45",
      "metrics_avg_maturity": "45",
      "metrics_macaulay": "45",
      "metrics_mod_duration": "45",
      "metrics_ytm": "45",
      "min_addl_amt": "45",
      "min_addl_amt_multiple": "45",
      "min_amt": "45",
      "min_amt_multiple": "45",
      "monthly_aaum_date": "45",
      "mutual_fund_name": "45",
      "scheme_launch_date": "45"
     }
    ],
    "fund_manager": [
     {
      "managing_fund_since": "21-oct-24",
      "name": "Mr. Gurvinder Singh",
      "qualification": "",
      "total_exp": "21 years"
     },
     {
      "managing_fund_since": "11-jul-24",
      "name": "Mr. Vikram Pamnani",
      "qualification": "",
      "total_exp": "14 years"
     }
    ],
    "load": [
     {
      "comment": "• Nil. For detailed load structure please refer Scheme Information Document of the scheme.",
      "type": "exit"
     }
    ],
    "main_scheme_name": "Baroda BNP Paribas NIFTY SDL December 2028 Index Fund",
    "metrics": [
     {
      "name": "mod_duration",
      "value": "6.84"
     },
     {
      "name": "macaulay",
      "value": "1.18"
     },
     {
      "name": "ytm",
      "value": "6.84%"
     },
     {
      "name": "avg_maturity",
      "value": "3.69 S"
     }
    ],
    "min_addl_amt": "₹ 1,000",
    "min_addl_amt_multiple": "₹ 1",
    "min_amt": "₹ 5,000",
    "min_amt_multiple": "₹ 1",
    "monthly_aaum_date": "20250228",
    "mutual_fund_name": "Baroda BNP Paribas Mutual Fund",
    "scheme_launch_date": "20230324"
   }
  },
  {
   "value": {
    "amc_name": "Baroda BNP Paribas Asset Management India Private Limited",
    "benchmark_index": [
     "(AMFI Tier 1) Nifty 50 TRI"
    ],
    "field_location": [
     {
      "amc_name": "46",
      "benchmark_index": "46",
      "count": 43,
      "fund_manager_managing_fund_since": "46",
      "fund_manager_name": "46",
      "load_exit": "46",
      "main_scheme_name": "46",
      "metrics_port_turnover_ratio": "46",
      "min_addl_amt": "46",
      "min_addl_amt_multiple": "46",
      "min_amt": "46",
      "min_amt_multiple": "46",
      "monthly_aaum_date": "46",
      "monthly_aaum_value": "46",
      "mutual_fund_name": "46",
      "scheme_launch_date": "46"
     }
    ],
    "fund_manager": [
     {
      "managing_fund_since": "29-jan-24",
      "name": "Mr. Neeraj Saxena",
      "qualification": "",
      "total_exp": ""
     }
    ],
    "load": [
     {
      "comment": "• 0.2%- If redeemed on or before 30 days from the date of allotment. Nil- If redeemed after 30 days from the date of allotment. For detailed load structure please refer Scheme Information Document.",
      "type": "exit"
     }
    ],
    "main_scheme_name": "Baroda BNP Paribas Nifty 50 Index Fund",
    "metrics": [
     {
      "name": "port_turnover_ratio",
      "value": "0.96"
     }
    ],
    "min_addl_amt": "₹ 1,000",
    "min_addl_amt_multiple": "₹ 1",
    "min_amt": "₹ 5,000",
    "min_amt_multiple": "₹ 1",
    "monthly_aaum_date": "20250228",
    "monthly_aaum_value": "65.23 Crores",
    "mutual_fund_name": "Baroda BNP Paribas Mutual Fund",
    "scheme_launch_date": "20240129"
   }
  },
  {
   "value": {
    "amc_name": "Baroda BNP Paribas Asset Management India Private Limited",
    "benchmark_index": [
     "(AMFI Tier 1) Domestic Price of Gold"
    ],
    "exchange_listed": "* refer page no. 60 *",
    "field_location": [
     {
      "amc_name": "47",
      "benchmark_index": "47",
      "count": 43,
      "creation_unit": "47",
      "exchange_listed": "47",
      "fund_manager_managing_fund_since": "47",
      "fund_manager_name": "47",
      "fund_manager_total_exp": "47",
      "load_exit": "47",
      "main_scheme_name": "47",
      "monthly_aaum_date": "47",
      "mutual_fund_name": "47",
      "scheme_launch_date": "47"
     }
    ],
    "fund_manager": [
     {
      "managing_fund_since": "21-oct-24",
      "name": "Mr. Gurvinder Singh",
      "qualification": "",
      "total_exp": "21 years"
     },
     {
      "managing_fund_since": "01-jan-25",
      "name": "Mr. Madhav Vyas",
      "qualification": "",
      "total_exp": ""
     }
    ],
    "load": [
     {
      "comment": "• Nil. For detailed load structure please refer Scheme Information Document of the scheme.",
      "type": "exit"
     }
    ],
    "main_scheme_name": "Baroda BNP Paribas Gold ETF",
    "monthly_aaum_date": "20250228",
    "mutual_fund_name": "Baroda BNP Paribas Mutual Fund",
    "scheme_launch_date": "20231213"
   }
  },
  {
   "value": {
    "amc_name": "Baroda BNP Paribas Asset Management India Private Limited",
    "benchmark_index": [
     "(AMFI Tier 1) Nifty Bank TRI"
    ],
    "exchange_listed": "* refer page no. 60 *",
    "field_location": [
     {
      "amc_name": "48",
      "benchmark_index": "48",
      "count": 43,
      "creation_unit": "48",
      "exchange_listed": "48",
      "fund_manager_managing_fund_since": "48",
      "fund_manager_name": "48",
      "fund_manager_total_exp": "48",
      "load_exit": "48",
      "main_scheme_name": "48",
      "metrics_port_turnover_ratio": "48",
      "monthly_aaum_date": "48",
      "mutual_fund_name": "48",
      "scheme_launch_date": "48"
     }
    ],
    "fund_manager": [
     {
      "managing_fund_since": "18-jun-24",
      "name": "Mr. Neeraj Saxena",
      "qualification": "",
      "total_exp": "20 years"
     }
    ],
    "load": [
     {
      "comment": "• Nil. For detailed load structure please refer Scheme Information Document of the scheme.",
      "type": "exit"
     }
    ],
    "main_scheme_name": "Baroda BNP Paribas NIFTY BANK ETF",
    "metrics": [
     {
      "name": "port_turnover_ratio",
      "value": "1.95"
     }
    ],
    "monthly_aaum_date": "20250228",
    "mutual_fund_name": "Baroda BNP Paribas Mutual Fund",
    "scheme_launch_date": "20240618"
   }
  },
  {
   "value": {
    "amc_name": "Baroda BNP Paribas Asset Management India Private Limited",
    "benchmark_index": [
     "(AMFI Tier 1) Nifty 200 Momentum 30 TRI"
    ],
    "field_location": [
     {
      "amc_name": "49",
      "benchmark_index": "49",
      "count": 43,
      "fund_manager_managing_fund_since": "49",
      "fund_manager_name": "49",
      "load_exit": "49",
      "main_scheme_name": "49",
      "metrics_port_turnover_ratio": "49",
      "min_addl_amt": "49",
      "min_addl_amt_multiple": "49",
      "min_amt": "49",
      "min_amt_multiple": "49",
      "monthly_aaum_date": "49",
      "monthly_aaum_value": "49",
      "mutual_fund_name": "49",
      "scheme_launch_date": "49"
     }
    ],
    "fund_manager": [
     {
      "managing_fund_since": "15-oct-24",
      "name": "Mr. Neeraj Saxena",
      "qualification": "",
      "total_exp": ""
     }
    ],
    "load": [
     {
      "comment": "• 0.2%- If redeemed on or before 7 days from the date of allotment; Nil- If redeemed after 7 days from the date of allotment For detailed load structure please refer Scheme Information Document of the scheme.",
      "type": "exit"
     }
    ],
    "main_scheme_name": "Baroda BNP Paribas Nifty200 Momentum 30 Index Fund",
    "metrics": [
     {
      "name": "port_turnover_ratio",
      "value": "1.20"
     }
    ],
    "min_addl_amt": "₹ 1,000",
    "min_addl_amt_multiple": "₹ 1",
    "min_amt": "₹ 1,000",
    "min_amt_multiple": "₹ 1",
    "monthly_aaum_date": "20250228",
    "monthly_aaum_value": "24.02 Crores",
    "mutual_fund_name": "Baroda BNP Paribas Mutual Fund",
    "scheme_launch_date": "20241015"
   }
  },
  {
   "value": {
    "amc_name": "Baroda BNP Paribas Asset Management India Private Limited",
    "benchmark_index": [
     "(AMFI Tier 1) Nifty Midcap 150 Total Returns Index"
    ],
    "field_location": [
     {
      "amc_name": "50",
      "benchmark_index": "50",
      "count": 43,
      "fund_manager_managing_fund_since": "50",
      "fund_manager_name": "50",
      "load_exit": "50",
      "main_scheme_name": "50",
      "metrics_port_turnover_ratio": "50",
      "min_addl_amt": "50",
      "min_addl_amt_multiple": "50",
      "min_amt": "50",
      "min_amt_multiple": "50",
      "monthly_aaum_date": "50",
      "mutual_fund_name": "50",
      "scheme_launch_date": "50"
     }
    ],
    "fund_manager": [
     {
      "managing_fund_since": "04-nov-24",
      "name": "Mr. Neeraj Saxena",
      "qualification": "",
      "total_exp": ""
     }
    ],
    "load": [
     {
      "comment": "• 0.2%- If redeemed on or before 7 days from the date of allotment. Nil- If redeemed after 7 days from the date of allotment. For detailed load structure please refer Scheme Information Document of the scheme.",
      "type": "exit"
     }
    ],
    "main_scheme_name": "Baroda BNP Paribas NIFTY Midcap 150 Index Fund",
    "metrics": [
     {
      "name": "port_turnover_ratio",
      "value": "0.46"
     }
    ],
    "min_addl_amt": "₹ 1,000",
    "min_addl_amt_multiple": "₹ 1",
    "min_amt": "₹ 1,000",
    "min_amt_multiple": "₹ 1",
    "monthly_aaum_date": "20250228",
    "mutual_fund_name": "Baroda BNP Paribas Mutual Fund",
    "scheme_launch_date": "20241104"
   }
  }
 ]
}