{
 "metadata": {
  "document_name": "8_28-Feb-25_FS.pdf",
  "file_type": "fs",
  "process_date": "20250319"
 },
 "records": [
  {
   "value": {
    "amc_name": "DSP Investment Managers Private Limited",
    "benchmark_index": [
     "Nifty 500 (TRI)"
    ],
    "field_location": [
     {
      "amc_name": "4",
      "benchmark_index": "4",
      "count": 68,
      "main_scheme_name": "4",
      "metrics_beta": "4",
      "metrics_port_turnover_ratio": "4",
      "metrics_sharpe": "4",
      "metrics_std_dev": "4",
      "monthly_aaum_date": "4",
      "monthly_aaum_value": "4",
      "mutual_fund_name": "4",
      "scheme_launch_date": "4"
     }
    ],
    "main_scheme_name": "DSP Flexi Cap Fund",
    "metrics": [
     {
      "name": "sharpe",
      "value": "0.43"
     },
     {
      "name": "std_dev",
      "value": "14.84%"
     },
     {
      "name": "beta",
      "value": "0.97"
     },
     {
      "name": "port_turnover_ratio",
      "value": "12"
     }
    ],
    "monthly_aaum_date": "20250228",
    "monthly_aaum_value": "10,831 Cr",
    "mutual_fund_name": "DSP Mutual Fund",
    "scheme_launch_date": "19970429"
   }
  },
  {
   "value": {
    "amc_name": "DSP Investment Managers Private Limited",
    "benchmark_index": [
     "Nifty Large Midcap 250 (TRI)"
    ],
    "field_location": [
     {
      "amc_name": "6",
      "benchmark_index": "6",
      "count": 68,
      "main_scheme_name": "6",
      "metrics_beta": "6",
      "metrics_port_turnover_ratio": "6",
      "metrics_sharpe": "6",
      "metrics_std_dev": "6",
      "monthly_aaum_date": "6",
      "monthly_aaum_value": "6",
      "mutual_fund_name": "6",
      "scheme_launch_date": "6"
     }
    ],
    "main_scheme_name": "DSP Equity Opportunities Fund",
    "metrics": [
     {
      "name": "sharpe",
      "value": "0.75"
     },
     {
      "name": "std_dev",
      "value": "14.35%"
     },
     {
      "name": "beta",
      "value": "0.93"
     },
     {
      "name": "port_turnover_ratio",
      "value": "12"
     }
    ],
    "monthly_aaum_date": "20250228",
    "monthly_aaum_value": "13,153 Cr",
    "mutual_fund_name": "DSP Mutual Fund",
    "scheme_launch_date": "20000516"
   }
  },
  {
   "value": {
    "amc_name": "DSP Investment Managers Private Limited",
    "benchmark_index": [
     "BSE India Infrastructure TRI"
    ],
    "field_location": [
     {
      "amc_name": "7",
      "benchmark_index": "7",
      "count": 68,
      "main_scheme_name": "7",
      "metrics_beta": "7",
      "metrics_port_turnover_ratio": "7",
      "metrics_sharpe": "7",
      "metrics_std_dev": "7",
      "monthly_aaum_date": "7",
      "monthly_aaum_value": "7",
      "mutual_fund_name": "7",
      "scheme_launch_date": "7"
     }
    ],
    "main_scheme_name": "(The Infrastructure Growth and Economic Reforms Fund)",
    "metrics": [
     {
      "name": "sharpe",
      "value": "0.96"
     },
     {
      "name": "std_dev",
      "value": "18.04%"
     },
     {
      "name": "beta",
      "value": "0.59"
     },
     {
      "name": "port_turnover_ratio",
      "value": "12"
     }
    ],
    "monthly_aaum_date": "20250228",
    "monthly_aaum_value": "4,749 Cr",
    "mutual_fund_name": "DSP Mutual Fund",
    "scheme_launch_date": "20040611"
   }
  },
  {
   "value": {
    "amc_name": "DSP Investment Managers Private Limited",
    "benchmark_index": [
     "Nifty Midcap 150 (TRI)"
    ],
    "field_location": [
     {
      "amc_name": "8",
      "benchmark_index": "8",
      "count": 68,
      "main_scheme_name": "8",
      "metrics_beta": "8",
      "metrics_port_turnover_ratio": "8",
      "metrics_sharpe": "8",
      "metrics_std_dev": "8",
      "monthly_aaum_date": "8",
      "monthly_aaum_value": "8",
      "mutual_fund_name": "8",
      "scheme_launch_date": "8"
     }
    ],
    "main_scheme_name": "DSP Mid Cap Fund",
    "metrics": [
     {
      "name": "sharpe",
      "value": "0.36"
     },
     {
      "name": "std_dev",
      "value": "17.03%"
     },
     {
      "name": "beta",
      "value": "0.96"
     },
     {
      "name": "port_turnover_ratio",
      "value": "12"
     }
    ],
    "monthly_aaum_date": "20250228",
    "monthly_aaum_value": "16,988 Cr",
    "mutual_fund_name": "DSP Mutual Fund",
    "scheme_launch_date": "NOV 14, 2006"
   }
  },
  {
   "value": {
    "amc_name": "DSP Investment Managers Private Limited",
    "benchmark_index": [
     "BSE HEALTHCARE (TRI)"
    ],
    "field_location": [
     {
      "amc_name": "10",
      "benchmark_index": "10",
      "count": 68,
      "main_scheme_name": "10",
      "metrics_beta": "10",
      "metrics_port_turnover_ratio": "10",
      "metrics_sharpe": "10",
      "metrics_std_dev": "10",
      "monthly_aaum_date": "10",
      "monthly_aaum_value": "10",
      "mutual_fund_name": "10",
      "scheme_launch_date": "10"
     }
    ],
    "main_scheme_name": "DSP Healthcare Fund",
    "metrics": [
     {
      "name": "sharpe",
      "value": "0.81"
     },
     {
      "name": "std_dev",
      "value": "15.14%"
     },
     {
      "name": "beta",
      "value": "0.90"
     },
     {
      "name": "port_turnover_ratio",
      "value": "12"
     }
    ],
    "monthly_aaum_date": "20250228",
    "monthly_aaum_value": "3,131 Cr",
    "mutual_fund_name": "DSP Mutual Fund",
    "scheme_launch_date": "NOV 30, 2018"
   }
  },
  {
   "value": {
    "amc_name": "DSP Investment Managers Private Limited",
    "benchmark_index": [
     "Nifty 500 TRI"
    ],
    "field_location": [
     {
      "amc_name": "12",
      "benchmark_index": "12",
      "count": 68,
      "main_scheme_name": "12",
      "metrics_beta": "12",
      "metrics_port_turnover_ratio": "12",
      "metrics_sharpe": "12",
      "metrics_std_dev": "12",
      "monthly_aaum_date": "12",
      "monthly_aaum_value": "12",
      "mutual_fund_name": "12",
      "scheme_launch_date": "12"
     }
    ],
    "main_scheme_name": "DSP VALUE FUND",
    "metrics": [
     {
      "name": "sharpe",
      "value": "0.76"
     },
     {
      "name": "std_dev",
      "value": "11.85%"
     },
     {
      "name": "beta",
      "value": "0.76"
     },
     {
      "name": "port_turnover_ratio",
      "value": "12"
     }
    ],
    "monthly_aaum_date": "20250228",
    "monthly_aaum_value": "898 Cr",
    "mutual_fund_name": "DSP Mutual Fund",
    "scheme_launch_date": "DEC 10, 2020"
   }
  },
  {
   "value": {
    "amc_name": "DSP Investment Managers Private Limited",
    "benchmark_index": [
     "Nifty 500 (TRI)"
    ],
    "field_location": [
     {
      "amc_name": "14",
      "benchmark_index": "14",
      "count": 68,
      "main_scheme_name": "14",
      "metrics_beta": "14",
      "metrics_port_turnover_ratio": "14",
      "metrics_sharpe": "14",
      "metrics_std_dev": "14",
      "monthly_aaum_date": "14",
      "monthly_aaum_value": "14",
      "mutual_fund_name": "14",
      "scheme_launch_date": "14"
     }
    ],
    "main_scheme_name": "DSP Focus Fund",
    "metrics": [
     {
      "name": "sharpe",
      "value": "0.53"
     },
     {
      "name": "std_dev",
      "value": "15.05%"
     },
     {
      "name": "beta",
      "value": "0.96"
     },
     {
      "name": "port_turnover_ratio",
      "value": "12"
     }
    ],
    "monthly_aaum_date": "20250228",
    "monthly_aaum_value": "2,357 Cr",
    "mutual_fund_name": "DSP Mutual Fund",
    "scheme_launch_date": "JUN 10, 2010"
   }
  },
  {
   "value": {
    "amc_name": "DSP Investment Managers Private Limited",
    "benchmark_index": [
     "Nifty 500 TRI"
    ],
    "field_location": [
     {
      "amc_name": "16",
      "benchmark_index": "16",
      "count": 68,
      "main_scheme_name": "16",
      "metrics_port_turnover_ratio": "16",
      "monthly_aaum_date": "16",
      "monthly_aaum_value": "16",
      "mutual_fund_name": "16",
      "scheme_launch_date": "16"
     }
    ],
    "main_scheme_name": "DSP Business Cycle Fund",
    "metrics": [
     {
      "name": "port_turnover_ratio",
      "value": "2"
     }
    ],
    "monthly_aaum_date": "20250228",
    "monthly_aaum_value": "910 Cr",
    "mutual_fund_name": "DSP Mutual Fund",
    "scheme_launch_date": "20241217"
   }
  },
  {
   "value": {
    "amc_name": "DSP Investment Managers Private Limited",
    "benchmark_index": [
     "MSCI ACWI Metals and Mining 30% Buffer 10/40 (1994) Net Total Return Index"
    ],
    "field_location": [
     {
      "amc_name": "19",
      "benchmark_index": "19",
      "count": 68,
      "main_scheme_name": "19",
      "monthly_aaum_date": "19",
      "monthly_aaum_value": "19",
      "mutual_fund_name": "19",
      "scheme_launch_date": "19"
     }
    ],
    "main_scheme_name": "DSP World Mining Fund of Fund (Erstwhile DSP World Mining Fund)",
    "monthly_aaum_date": "20250228",
    "monthly_aaum_value": "132 Cr",
    "mutual_fund_name": "DSP Mutual Fund",
    "scheme_launch_date": "DEC 29, 2009"
   }
  },
  {
   "value": {
    "amc_name": "DSP Investment Managers Private Limited",
    "benchmark_index": [
     "40% NIFTY 50 Arbitrage Index + 60% CRISIL Dynamic Bond A-III Index"
    ],
    "field_location": [
     {
      "amc_name": "22",
      "benchmark_index": "22",
      "count": 68,
      "main_scheme_name": "22",
      "monthly_aaum_date": "22",
      "monthly_aaum_value": "22",
      "mutual_fund_name": "22",
      "scheme_launch_date": "22"
     }
    ],
    "main_scheme_name": "DSP Income Plus Arbitrage Fund of Fund",
    "monthly_aaum_date": "20250228",
    "monthly_aaum_value": "56 Cr",
    "mutual_fund_name": "DSP Mutual Fund",
    "scheme_launch_date": "AUG 21, 2014"
   }
  },
  {
   "value": {
    "amc_name": "DSP Investment Managers Private Limited",
    "benchmark_index": [
     "Domestic Price of Physical Gold (based on London Bullion Market Association (LBMA) gold daily spot fixing price)"
    ],
    "field_location": [
     {
      "amc_name": "24",
      "benchmark_index": "24",
      "count": 68,
      "main_scheme_name": "24",
      "monthly_aaum_date": "24",
      "monthly_aaum_value": "24",
      "mutual_fund_name": "24",
      "scheme_launch_date": "24"
     }
    ],
    "main_scheme_name": "DSP Gold ETF Fund of Fund",
    "monthly_aaum_date": "20250228",
    "monthly_aaum_value": "70 Cr",
    "mutual_fund_name": "DSP Mutual Fund",
    "scheme_launch_date": "NOV 17, 2023"
   }
  },
  {
   "value": {
    "amc_name": "DSP Investment Managers Private Limited",
    "benchmark_index": [
     "CRISIL Hybrid 50+50 - Moderate Index"
    ],
    "field_location": [
     {
      "amc_name": "26",
      "benchmark_index": "26",
      "count": 68,
      "main_scheme_name": "26",
      "metrics_avg_maturity": "26",
      "metrics_beta": "26",
      "metrics_macaulay": "26",
      "metrics_mod_duration": "26",
      "metrics_port_turnover_ratio": "26",
      "metrics_sharpe": "26",
      "metrics_std_dev": "26",
      "metrics_ytm": "26",
      "monthly_aaum_date": "26",
      "monthly_aaum_value": "26",
      "mutual_fund_name": "26",
      "scheme_launch_date": "26"
     }
    ],
    "main_scheme_name": "DSP Dynamic Asset Allocation Fund",
    "metrics": [
     {
      "name": "sharpe",
      "value": "0.45"
     },
     {
      "name": "std_dev",
      "value": "6.72%"
     },
     {
      "name": "beta",
      "value": "0.78"
     },
     {
      "name": "ytm",
      "value": "7.21%"
     },
     {
      "name": "port_turnover_ratio",
      "value": "12"
     },
     {
      "name": "mod_duration",
      "value": "2.36 years"
     },
     {
      "name": "avg_maturity",
      "value": "3.13 years"
     },
     {
      "name": "macaulay",
      "value": "0.24"
     }
    ],
    "monthly_aaum_date": "20250228",
    "monthly_aaum_value": "3,158 Cr",
    "mutual_fund_name": "DSP Mutual Fund",
    "scheme_launch_date": "FEB 06, 2014"
   }
  },
  {
   "value": {
    "amc_name": "DSP Investment Managers Private Limited",
    "benchmark_index": [
     "Nifty Equity Savings Index TRI"
    ],
    "field_location": [
     {
      "amc_name": "28",
      "benchmark_index": "28",
      "count": 68,
      "main_scheme_name": "28",
      "metrics_avg_maturity": "28",
      "metrics_beta": "28",
      "metrics_macaulay": "28",
      "metrics_mod_duration": "28",
      "metrics_port_turnover_ratio": "28",
      "metrics_sharpe": "28",
      "metrics_std_dev": "28",
      "metrics_ytm": "28",
      "monthly_aaum_date": "28",
      "monthly_aaum_value": "28",
      "mutual_fund_name": "28",
      "scheme_launch_date": "28"
     }
    ],
    "main_scheme_name": "DSP Equity Savings Fund",
    "metrics": [
     {
      "name": "sharpe",
      "value": "0.69"
     },
     {
      "name": "std_dev",
      "value": "4.11%"
     },
     {
      "name": "beta",
      "value": "0.82"
     },
     {
      "name": "ytm",
      "value": "7.06%"
     },
     {
      "name": "port_turnover_ratio",
      "value": "12"
     },
     {
      "name": "mod_duration",
      "value": "3.17 years"
     },
     {
      "name": "avg_maturity",
      "value": "7.79 years"
     },
     {
      "name": "macaulay",
      "value": "18.90"
     }
    ],
    "monthly_aaum_date": "20250228",
    "monthly_aaum_value": "2,461 Cr",
    "mutual_fund_name": "DSP Mutual Fund",
    "scheme_launch_date": "MAR 28, 2016"
   }
  },
  {
   "value": {
    "amc_name": "DSP Investment Managers Private Limited",
    "benchmark_index": [
     "NIFTY 50 Equal Weight TRI"
    ],
    "field_location": [
     {
      "amc_name": "30",
      "benchmark_index": "30",
      "count": 68,
      "main_scheme_name": "30",
      "metrics_beta": "30",
      "metrics_port_turnover_ratio": "30",
      "metrics_sharpe": "30",
      "metrics_std_dev": "30",
      "metrics_tracking_error": "30",
      "monthly_aaum_date": "30",
      "monthly_aaum_value": "30",
      "mutual_fund_name": "30",
      "scheme_launch_date": "30"
     }
    ],
    "main_scheme_name": "DSP Nifty 50 Equal Weight ETF",
    "metrics": [
     {
      "name": "sharpe",
      "value": "0.54"
     },
     {
      "name": "std_dev",
      "value": "14.77%"
     },
     {
      "name": "beta",
      "value": "1.00"
     },
     {
      "name": "port_turnover_ratio",
      "value": "12"
     },
     {
      "name": "tracking_error",
      "value": "4.04"
     }
    ],
    "monthly_aaum_date": "20250228",
    "monthly_aaum_value": "226 Cr",
    "mutual_fund_name": "DSP Mutual Fund",
    "scheme_launch_date": "20211108"
   }
  },
  {
   "value": {
    "amc_name": "DSP Investment Managers Private Limited",
    "benchmark_index": [
     "Nifty Midcap 150 Quality 50 TRI"
    ],
    "field_location": [
     {
      "amc_name": "32",
      "benchmark_index": "32",
      "count": 68,
      "main_scheme_name": "32",
      "metrics_beta": "32",
      "metrics_port_turnover_ratio": "32",
      "metrics_sharpe": "32",
      "metrics_std_dev": "32",
      "metrics_tracking_error": "32",
      "monthly_aaum_date": "32",
      "monthly_aaum_value": "32",
      "mutual_fund_name": "32",
      "scheme_launch_date": "32"
     }
    ],
    "main_scheme_name": "DSP NIFTY MIDCAP 150 QUALITY 50 ETF",
    "metrics": [
     {
      "name": "sharpe",
      "value": "0.16"
     },
     {
      "name": "std_dev",
      "value": "15.19%"
     },
     {
      "name": "beta",
      "value": "1.00"
     },
     {
      "name": "port_turnover_ratio",
      "value": "12"
     },
     {
      "name": "tracking_error",
      "value": "1.86"
     }
    ],
    "monthly_aaum_date": "20250228",
    "monthly_aaum_value": "89 Cr",
    "mutual_fund_name": "DSP Mutual Fund",
    "scheme_launch_date": "20211223"
   }
  },
  {
   "value": {
    "amc_name": "DSP Investment Managers Private Limited",
    "benchmark_index": [
     "Nifty Bank TRI"
    ],
    "field_location": [
     {
      "amc_name": "34",
      "benchmark_index": "34",
      "count": 68,
      "main_scheme_name": "34",
      "metrics_port_turnover_ratio": "34",
      "monthly_aaum_date": "34",
      "monthly_aaum_value": "34",
      "mutual_fund_name": "34",
      "scheme_launch_date": "34"
     }
    ],
    "main_scheme_name": "DSP Nifty Bank ETF",
    "metrics": [
     {
      "name": "port_turnover_ratio",
      "value": "1s"
     }
    ],
    "monthly_aaum_date": "20250228",
    "monthly_aaum_value": "485 Cr",
    "mutual_fund_name": "DSP Mutual Fund",
    "scheme_launch_date": "20230103"
   }
  },
  {
   "value": {
    "amc_name": "DSP Investment Managers Private Limited",
    "benchmark_index": [
     "Nifty PSU Bank TRI"
    ],
    "field_location": [
     {
      "amc_name": "36",
      "benchmark_index": "36",
      "count": 68,
      "main_scheme_name": "36",
      "metrics_port_turnover_ratio": "36",
      "metrics_tracking_error": "36",
      "monthly_aaum_date": "36",
      "monthly_aaum_value": "36",
      "mutual_fund_name": "36",
      "scheme_launch_date": "36"
     }
    ],
    "main_scheme_name": "DSP Nifty PSU Bank ETF",
    "metrics": [
     {
      "name": "tracking_error",
      "value": "251s"
     },
     {
      "name": "port_turnover_ratio",
      "value": "0.01%"
     }
    ],
    "monthly_aaum_date": "20250228",
    "monthly_aaum_value": "55 Cr",
    "mutual_fund_name": "DSP Mutual Fund",
    "scheme_launch_date": "20230727"
   }
  },
  {
   "value": {
    "amc_name": "DSP Investment Managers Private Limited",
    "benchmark_index": [
     "BSE Sensex TRI"
    ],
    "field_location": [
     {
      "amc_name": "38",
      "benchmark_index": "38",
      "count": 68,
      "main_scheme_name": "38",
      "metrics_port_turnover_ratio": "38",
      "metrics_tracking_error": "38",
      "monthly_aaum_date": "38",
      "monthly_aaum_value": "38",
      "mutual_fund_name": "38",
      "scheme_launch_date": "38"
     }
    ],
    "main_scheme_name": "DSP BSE Sensex ETF",
    "metrics": [
     {
      "name": "port_turnover_ratio",
      "value": "12"
     },
     {
      "name": "tracking_error",
      "value": "1.20"
     }
    ],
    "monthly_aaum_date": "20250228",
    "monthly_aaum_value": "8 Cr",
    "mutual_fund_name": "DSP Mutual Fund",
    "scheme_launch_date": "20230727"
   }
  },
  {
   "value": {
    "amc_name": "DSP Investment Managers Private Limited",
    "benchmark_index": [
     "NIFTY 1D Rate Index"
    ],
    "field_location": [
     {
      "amc_name": "40",
      "benchmark_index": "40",
      "count": 68,
      "main_scheme_name": "40",
      "monthly_aaum_date": "40",
      "monthly_aaum_value": "40",
      "mutual_fund_name": "40",
      "scheme_launch_date": "40"
     }
    ],
    "main_scheme_name": "DSP NIFTY 1D Rate Liquid ETF",
    "monthly_aaum_date": "20250228",
    "monthly_aaum_value": "649 Cr",
    "mutual_fund_name": "DSP Mutual Fund",
    "scheme_launch_date": "20180314"
   }
  },
  {
   "value": {
    "amc_name": "DSP Investment Managers Private Limited",
    "benchmark_index": [
     "Nifty Top 10 Equal Weight"
    ],
    "field_location": [
     {
      "amc_name": "42",
      "benchmark_index": "42",
      "count": 68,
      "main_scheme_name": "42",
      "metrics_port_turnover_ratio": "42",
      "metrics_tracking_error": "42",
      "monthly_aaum_date": "42",
      "monthly_aaum_value": "42",
      "mutual_fund_name": "42",
      "scheme_launch_date": "42"
     }
    ],
    "main_scheme_name": "DSP Nifty Top 10 Equal Weight ETF",
    "metrics": [
     {
      "name": "port_turnover_ratio",
      "value": "99.84%"
     },
     {
      "name": "tracking_error",
      "value": "1s"
     }
    ],
    "monthly_aaum_date": "20250228",
    "monthly_aaum_value": "382 Cr",
    "mutual_fund_name": "DSP Mutual Fund",
    "scheme_launch_date": "20240905"
   }
  },
  {
   "value": {
    "amc_name": "DSP Investment Managers Private Limited",
    "benchmark_index": [
     "BSE SENSEX Next 30 TRI"
    ],
    "field_location": [
     {
      "amc_name": "43",
      "benchmark_index": "43",
      "count": 68,
      "main_scheme_name": "43",
      "metrics_port_turnover_ratio": "43",
      "metrics_tracking_error": "43",
      "monthly_aaum_date": "43",
      "monthly_aaum_value": "43",
      "mutual_fund_name": "43",
      "scheme_launch_date": "43"
     }
    ],
    "main_scheme_name": "DSP BSE Sensex Next 30 ETF",
    "metrics": [
     {
      "name": "port_turnover_ratio",
      "value": "1"
     },
     {
      "name": "tracking_error",
      "value": "4.19"
     }
    ],
    "monthly_aaum_date": "20250228",
    "monthly_aaum_value": "8 Cr",
    "mutual_fund_name": "DSP Mutual Fund",
    "scheme_launch_date": "20250130"
   }
  },
  {
   "value": {
    "amc_name": "DSP Investment Managers Private Limited",
    "benchmark_index": [
     "Nifty Midcap 150 Quality 50 TRI"
    ],
    "field_location": [
     {
      "amc_name": "45",
      "benchmark_index": "45",
      "count": 68,
      "main_scheme_name": "45",
      "metrics_port_turnover_ratio": "45",
      "metrics_tracking_error": "45",
      "monthly_aaum_date": "45",
      "monthly_aaum_value": "45",
      "mutual_fund_name": "45",
      "scheme_launch_date": "45"
     }
    ],
    "main_scheme_name": "DSP Nifty Midcap 150 Quality 50 Index Fund",
    "metrics": [
     {
      "name": "port_turnover_ratio",
      "value": "12"
     },
     {
      "name": "tracking_error",
      "value": "5.06"
     }
    ],
    "monthly_aaum_date": "20250228",
    "monthly_aaum_value": "354 Cr",
    "mutual_fund_name": "DSP Mutual Fund",
    "scheme_launch_date": "20220804"
   }
  },
  {
   "value": {
    "amc_name": "DSP Investment Managers Private Limited",
    "benchmark_index": [
     "NIFTY 50 (TRI)"
    ],
    "field_location": [
     {
      "amc_name": "47",
      "benchmark_index": "47",
      "count": 68,
      "main_scheme_name": "47",
      "metrics_beta": "47",
      "metrics_port_turnover_ratio": "47",
      "metrics_sharpe": "47",
      "metrics_std_dev": "47",
      "metrics_tracking_error": "47",
      "monthly_aaum_date": "47",
      "monthly_aaum_value": "47",
      "mutual_fund_name": "47",
      "scheme_launch_date": "47"
     }
    ],
    "main_scheme_name": "DSP Nifty 50 Index Fund",
    "metrics": [
     {
      "name": "sharpe",
      "value": "0.31"
     },
     {
      "name": "std_dev",
      "value": "13.11%"
     },
     {
      "name": "beta",
      "value": "1.00"
     },
     {
      "name": "port_turnover_ratio",
      "value": "12"
     },
     {
      "name": "tracking_error",
      "value": "4.24"
     }
    ],
    "monthly_aaum_date": "20250228",
    "monthly_aaum_value": "653 Cr",
    "mutual_fund_name": "DSP Mutual Fund",
    "scheme_launch_date": "20190221"
   }
  },
  {
   "value": {
    "amc_name": "DSP Investment Managers Private Limited",
    "benchmark_index": [
     "BSE SENSEX Next 30 TRI"
    ],
    "field_location": [
     {
      "amc_name": "49",
      "benchmark_index": "49",
      "count": 68,
      "main_scheme_name": "49",
      "metrics_port_turnover_ratio": "49",
      "metrics_tracking_error": "49",
      "monthly_aaum_date": "49",
      "monthly_aaum_value": "49",
      "mutual_fund_name": "49",
      "scheme_launch_date": "49"
     }
    ],
    "main_scheme_name": "DSP BSE SENSEX Next 30 Index Fund",
    "metrics": [
     {
      "name": "port_turnover_ratio",
      "value": "1"
     },
     {
      "name": "tracking_error",
      "value": "4.35"
     }
    ],
    "monthly_aaum_date": "20250228",
    "monthly_aaum_value": "7 Cr",
    "mutual_fund_name": "DSP Mutual Fund",
    "scheme_launch_date": "20250130"
   }
  },
  {
   "value": {
    "amc_name": "DSP Investment Managers Private Limited",
    "benchmark_index": [
     "CRISIL Hybrid 85+15-Conservative"
    ],
    "field_location": [
     {
      "amc_name": "51",
      "benchmark_index": "51",
      "count": 68,
      "main_scheme_name": "51",
      "metrics_avg_maturity": "51",
      "metrics_beta": "51",
      "metrics_macaulay": "51",
      "metrics_mod_duration": "51",
      "metrics_sharpe": "51",
      "metrics_std_dev": "51",
      "metrics_ytm": "51",
      "monthly_aaum_date": "51",
      "monthly_aaum_value": "51",
      "mutual_fund_name": "51",
      "scheme_launch_date": "51"
     }
    ],
    "main_scheme_name": "DSP Regular Savings Fund",
    "metrics": [
     {
      "name": "sharpe",
      "value": "0.52"
     },
     {
      "name": "std_dev",
      "value": "3.65%"
     },
     {
      "name": "beta",
      "value": "0.97"
     },
     {
      "name": "ytm",
      "value": "6.92%"
     },
     {
      "name": "mod_duration",
      "value": "2.11 years"
     },
     {
      "name": "avg_maturity",
      "value": "2.6 years"
     },
     {
      "name": "macaulay",
      "value": "1."
     }
    ],
    "monthly_aaum_date": "20250228",
    "monthly_aaum_value": "164 Cr",
    "mutual_fund_name": "DSP Mutual Fund",
    "scheme_launch_date": "JUN 11, 2004"
   }
  },
  {
   "value": {
    "amc_name": "DSP Investment Managers Private Limited",
    "benchmark_index": [
     "CRISIL Ultra Short Duration Debt"
    ],
    "field_location": [
     {
      "amc_name": "53",
      "benchmark_index": "53",
      "count": 68,
      "main_scheme_name": "53",
      "metrics_avg_maturity": "53",
      "metrics_macaulay": "53",
      "metrics_mod_duration": "53",
      "metrics_ytm": "53",
      "monthly_aaum_date": "53",
      "monthly_aaum_value": "53",
      "mutual_fund_name": "53",
      "scheme_launch_date": "53"
     }
    ],
    "main_scheme_name": "DSP Ultra Short Fund",
    "metrics": [
     {
      "name": "ytm",
      "value": "7.59%"
     },
     {
      "name": "mod_duration",
      "value": "0.44 years"
     },
     {
      "name": "avg_maturity",
      "value": "0.48 years"
     },
     {
      "name": "macaulay",
      "value": "3"
     }
    ],
    "monthly_aaum_date": "20250228",
    "monthly_aaum_value": "3,002 Cr",
    "mutual_fund_name": "DSP Mutual Fund",
    "scheme_launch_date": "JUL 31, 2006"
   }
  },
  {
   "value": {
    "amc_name": "DSP Investment Managers Private Limited",
    "benchmark_index": [
     "Nifty SDL Plus G-Sec Sep 2027"
    ],
    "field_location": [
     {
      "amc_name": "57",
      "benchmark_index": "57",
      "count": 68,
      "main_scheme_name": "57",
      "metrics_avg_maturity": "57",
      "metrics_mod_duration": "57",
      "metrics_tracking_error": "57",
      "metrics_ytm": "57",
      "monthly_aaum_date": "57",
      "monthly_aaum_value": "57",
      "mutual_fund_name": "57",
      "scheme_launch_date": "57"
     }
    ],
    "main_scheme_name": "DSP Nifty SDL Plus G-Sec Sep 2027 50:50 Index Fund",
    "metrics": [
     {
      "name": "ytm",
      "value": "6.68%"
     },
     {
      "name": "mod_duration",
      "value": "2.05 years"
     },
     {
      "name": "avg_maturity",
      "value": "2.31 years"
     },
     {
      "name": "tracking_error",
      "value": "0.14"
     }
    ],
    "monthly_aaum_date": "20250228",
    "monthly_aaum_value": "97 Cr",
    "mutual_fund_name": "DSP Mutual Fund",
    "scheme_launch_date": "FEB 14, 2023"
   }
  },
  {
   "value": {
    "amc_name": "DSP Investment Managers Private Limited",
    "benchmark_index": [
     "CRISIL Money Market A-I Index"
    ],
    "field_location": [
     {
      "amc_name": "59",
      "benchmark_index": "59",
      "count": 68,
      "main_scheme_name": "59",
      "metrics_avg_maturity": "59",
      "metrics_mod_duration": "59",
      "metrics_ytm": "59",
      "monthly_aaum_date": "59",
      "monthly_aaum_value": "59",
      "mutual_fund_name": "59",
      "scheme_launch_date": "59"
     }
    ],
    "main_scheme_name": "DSP Savings Fund",
    "metrics": [
     {
      "name": "ytm",
      "value": "7.56%"
     },
     {
      "name": "mod_duration",
      "value": "0.54 years"
     },
     {
      "name": "avg_maturity",
      "value": "0.58 years"
     }
    ],
    "monthly_aaum_date": "20250228",
    "monthly_aaum_value": "4,168 Cr",
    "mutual_fund_name": "DSP Mutual Fund",
    "scheme_launch_date": "SEP 30, 1999"
   }
  },
  {
   "value": {
    "amc_name": "DSP Investment Managers Private Limited",
    "benchmark_index": [
     "CRISIL Short Duration Debt A-II Index"
    ],
    "field_location": [
     {
      "amc_name": "61",
      "benchmark_index": "61",
      "count": 68,
      "main_scheme_name": "61",
      "metrics_avg_maturity": "61",
      "metrics_macaulay": "61",
      "metrics_mod_duration": "61",
      "metrics_ytm": "61",
      "monthly_aaum_date": "61",
      "monthly_aaum_value": "61",
      "mutual_fund_name": "61",
      "scheme_launch_date": "61"
     }
    ],
    "main_scheme_name": "DSP Short Term Fund",
    "metrics": [
     {
      "name": "ytm",
      "value": "7.46%"
     },
     {
      "name": "mod_duration",
      "value": "7.26"
     },
     {
      "name": "avg_maturity",
      "value": "6.79"
     },
     {
      "name": "macaulay",
      "value": "364 DAYS"
     }
    ],
    "monthly_aaum_date": "20250228",
    "monthly_aaum_value": "2,782 Cr",
    "mutual_fund_name": "DSP Mutual Fund",
    "scheme_launch_date": "SEP 9, 2002"
   }
  },
  {
   "value": {
    "amc_name": "DSP Investment Managers Private Limited",
    "benchmark_index": [
     "CRISIL Credit Risk Debt B-II Index"
    ],
    "field_location": [
     {
      "amc_name": "63",
      "benchmark_index": "63",
      "count": 68,
      "main_scheme_name": "63",
      "metrics_avg_maturity": "63",
      "metrics_macaulay": "63",
      "metrics_mod_duration": "63",
      "metrics_ytm": "63",
      "monthly_aaum_date": "63",
      "monthly_aaum_value": "63",
      "mutual_fund_name": "63",
      "scheme_launch_date": "63"
     }
    ],
    "main_scheme_name": "DSP Credit Risk Fund",
    "metrics": [
     {
      "name": "ytm",
      "value": "7.96%"
     },
     {
      "name": "mod_duration",
      "value": "28"
     },
     {
      "name": "avg_maturity",
      "value": "28"
     },
     {
      "name": "macaulay",
      "value": "1996"
     }
    ],
    "monthly_aaum_date": "20250228",
    "monthly_aaum_value": "186 Cr",
    "mutual_fund_name": "DSP Mutual Fund",
    "scheme_launch_date": "20030513"
   }
  },
  {
   "value": {
    "amc_name": "DSP Investment Managers Private Limited",
    "benchmark_index": [
     "CRISIL Medium Duration Debt A-III Index"
    ],
    "field_location": [
     {
      "amc_name": "65",
      "benchmark_index": "65",
      "count": 68,
      "main_scheme_name": "65",
      "metrics_avg_maturity": "65",
      "metrics_mod_duration": "65",
      "metrics_ytm": "65",
      "monthly_aaum_date": "65",
      "monthly_aaum_value": "65",
      "mutual_fund_name": "65",
      "scheme_launch_date": "65"
     }
    ],
    "main_scheme_name": "DSP Bond Fund",
    "metrics": [
     {
      "name": "ytm",
      "value": "7.36%"
     },
     {
      "name": "mod_duration",
      "value": "1."
     },
     {
      "name": "avg_maturity",
      "value": "4.01 years"
     }
    ],
    "monthly_aaum_date": "20250228",
    "monthly_aaum_value": "304 Cr",
    "mutual_fund_name": "DSP Mutual Fund",
    "scheme_launch_date": "APR 29, 1997"
   }
  },
  {
   "value": {
    "amc_name": "DSP Investment Managers Private Limited",
    "benchmark_index": [
     "CRISIL 10 Year Gilt Index"
    ],
    "field_location": [
     {
      "amc_name": "67",
      "benchmark_index": "67",
      "count": 68,
      "main_scheme_name": "67",
      "metrics_avg_maturity": "67",
      "metrics_mod_duration": "67",
      "metrics_ytm": "67",
      "monthly_aaum_date": "67",
      "monthly_aaum_value": "67",
      "mutual_fund_name": "67",
      "scheme_launch_date": "67"
     }
    ],
    "main_scheme_name": "DSP 10Y G-Sec Fund",
    "metrics": [
     {
      "name": "ytm",
      "value": "6.72%"
     },
     {
      "name": "mod_duration",
      "value": "6.7 years"
     },
     {
      "name": "avg_maturity",
      "value": "9.46 years"
     }
    ],
    "monthly_aaum_date": "20250228",
    "monthly_aaum_value": "57 Cr",
    "mutual_fund_name": "DSP Mutual Fund",
    "scheme_launch_date": "SEP 26, 2014"
   }
  },
  {
   "value": {
    "amc_name": "DSP Investment Managers Private Limited",
    "benchmark_index": [
     "Nifty Financial Services TRI"
    ],
    "field_location": [
     {
      "amc_name": "70",
      "benchmark_index": "70",
      "count": 68,
      "main_scheme_name": "70",
      "metrics_port_turnover_ratio": "70",
      "monthly_aaum_date": "70",
      "monthly_aaum_value": "70",
      "mutual_fund_name": "70",
      "scheme_launch_date": "70"
     }
    ],
    "main_scheme_name": "DSP Banking & Financial Services Fund",
    "metrics": [
     {
      "name": "port_turnover_ratio",
      "value": "5"
     }
    ],
    "monthly_aaum_date": "20250228",
    "monthly_aaum_value": "1,020 Cr",
    "mutual_fund_name": "DSP Mutual Fund",
    "scheme_launch_date": "20231208"
   }
  },
  {
   "value": {
    "amc_name": "DSP Investment Managers Private Limited",
    "benchmark_index": [
     "BSE 100 (TRI)"
    ],
    "field_location": [
     {
      "amc_name": "5",
      "benchmark_index": "5",
      "count": 68,
      "main_scheme_name": "5",
      "metrics_beta": "5",
      "metrics_port_turnover_ratio": "5",
      "metrics_sharpe": "5",
      "metrics_std_dev": "5",
      "monthly_aaum_date": "5",
      "monthly_aaum_value": "5",
      "mutual_fund_name": "5",
      "scheme_launch_date": "5"
     }
    ],
    "main_scheme_name": "DSP Top 100 Equity Fund",
    "metrics": [
     {
      "name": "sharpe",
      "value": "0.74"
     },
     {
      "name": "std_dev",
      "value": "12.80%"
     },
     {
      "name": "beta",
      "value": "0.89"
     },
     {
      "name": "port_turnover_ratio",
      "value": "12"
     }
    ],
    "monthly_aaum_date": "20250228",
    "monthly_aaum_value": "4,596 Cr",
    "mutual_fund_name": "DSP Mutual Fund",
    "scheme_launch_date": "MAR 10, 2003"
   }
  },
  {
   "value": {
    "amc_name": "DSP Investment Managers Private Limited",
    "benchmark_index": [
     "BSE India Infrastructure TRI"
    ],
    "field_location": [
     {
      "amc_name": "7",
      "benchmark_index": "7",
      "count": 68,
      "main_scheme_name": "7",
      "metrics_beta": "7",
      "metrics_port_turnover_ratio": "7",
      "metrics_sharpe": "7",
      "metrics_std_dev": "7",
      "monthly_aaum_date": "7",
      "monthly_aaum_value": "7",
      "mutual_fund_name": "7",
      "scheme_launch_date": "7"
     }
    ],
    "main_scheme_name": "DSP India T.I.G.E.R. Fund",
    "metrics": [
     {
      "name": "sharpe",
      "value": "0.96"
     },
     {
      "name": "std_dev",
      "value": "18.04%"
     },
     {
      "name": "beta",
      "value": "0.59"
     },
     {
      "name": "port_turnover_ratio",
      "value": "12"
     }
    ],
    "monthly_aaum_date": "20250228",
    "monthly_aaum_value": "4,749 Cr",
    "mutual_fund_name": "DSP Mutual Fund",
    "scheme_launch_date": "20040611"
   }
  },
  {
   "value": {
    "amc_name": "DSP Investment Managers Private Limited",
    "benchmark_index": [
     "Nifty 500 (TRI)"
    ],
    "field_location": [
     {
      "amc_name": "9",
      "benchmark_index": "9",
      "count": 68,
      "main_scheme_name": "9",
      "metrics_beta": "9",
      "metrics_port_turnover_ratio": "9",
      "metrics_sharpe": "9",
      "metrics_std_dev": "9",
      "monthly_aaum_date": "9",
      "monthly_aaum_value": "9",
      "mutual_fund_name": "9",
      "scheme_launch_date": "9"
     }
    ],
    "main_scheme_name": "DSP ELSS Tax Saver Fund (erstwhile known as DSP Tax Saver Fund)",
    "metrics": [
     {
      "name": "sharpe",
      "value": "0.70"
     },
     {
      "name": "std_dev",
      "value": "14.04%"
     },
     {
      "name": "beta",
      "value": "0.94"
     },
     {
      "name": "port_turnover_ratio",
      "value": "12"
     }
    ],
    "monthly_aaum_date": "20250228",
    "monthly_aaum_value": "15,643 Cr",
    "mutual_fund_name": "DSP Mutual Fund",
    "scheme_launch_date": "JAN 18, 2007"
   }
  },
  {
   "value": {
    "amc_name": "DSP Investment Managers Private Limited",
    "benchmark_index": [
     "BSE 200 TRI"
    ],
    "field_location": [
     {
      "amc_name": "11",
      "benchmark_index": "11",
      "count": 68,
      "main_scheme_name": "11",
      "metrics_beta": "11",
      "metrics_port_turnover_ratio": "11",
      "metrics_sharpe": "11",
      "metrics_std_dev": "11",
      "monthly_aaum_date": "11",
      "monthly_aaum_value": "11",
      "mutual_fund_name": "11",
      "scheme_launch_date": "11"
     }
    ],
    "main_scheme_name": "DSP Quant Fund",
    "metrics": [
     {
      "name": "sharpe",
      "value": "0.01"
     },
     {
      "name": "std_dev",
      "value": "14.29%"
     },
     {
      "name": "beta",
      "value": "0.95"
     },
     {
      "name": "port_turnover_ratio",
      "value": "12"
     }
    ],
    "monthly_aaum_date": "20250228",
    "monthly_aaum_value": "993 Cr",
    "mutual_fund_name": "DSP Mutual Fund",
    "scheme_launch_date": "JUN 10, 2019"
   }
  },
  {
   "value": {
    "amc_name": "DSP Investment Managers Private Limited",
    "benchmark_index": [
     "BSE 250 Small Cap (TRI)"
    ],
    "field_location": [
     {
      "amc_name": "13",
      "benchmark_index": "13",
      "count": 68,
      "main_scheme_name": "13",
      "metrics_beta": "13",
      "metrics_port_turnover_ratio": "13",
      "metrics_sharpe": "13",
      "metrics_std_dev": "13",
      "monthly_aaum_date": "13",
      "monthly_aaum_value": "13",
      "mutual_fund_name": "13",
      "scheme_launch_date": "13"
     }
    ],
    "main_scheme_name": "DSP Small Cap Fund",
    "metrics": [
     {
      "name": "sharpe",
      "value": "0.48"
     },
     {
      "name": "std_dev",
      "value": "18.36%"
     },
     {
      "name": "beta",
      "value": "0.90"
     },
     {
      "name": "port_turnover_ratio",
      "value": "12"
     }
    ],
    "monthly_aaum_date": "20250228",
    "monthly_aaum_value": "14,328 Cr",
    "mutual_fund_name": "DSP Mutual Fund",
    "scheme_launch_date": "JUN 14, 2007"
   }
  },
  {
   "value": {
    "amc_name": "DSP Investment Managers Private Limited",
    "benchmark_index": [
     "Nifty 500 Multicap 50:25:25 TRI"
    ],
    "field_location": [
     {
      "amc_name": "15",
      "benchmark_index": "15",
      "count": 68,
      "main_scheme_name": "15",
      "metrics_port_turnover_ratio": "15",
      "monthly_aaum_date": "15",
      "monthly_aaum_value": "15",
      "mutual_fund_name": "15",
      "scheme_launch_date": "15"
     }
    ],
    "main_scheme_name": "DSP Multicap Fund",
    "metrics": [
     {
      "name": "port_turnover_ratio",
      "value": "12"
     }
    ],
    "monthly_aaum_date": "20250228",
    "monthly_aaum_value": "1,853 Cr",
    "mutual_fund_name": "DSP Mutual Fund",
    "scheme_launch_date": "20240130"
   }
  },
  {
   "value": {
    "amc_name": "DSP Investment Managers Private Limited",
    "benchmark_index": [
     "35% BSE Oil & Gas Index + 30% BSE"
    ],
    "field_location": [
     {
      "amc_name": "17",
      "benchmark_index": "17",
      "count": 68,
      "main_scheme_name": "17",
      "metrics_beta": "17",
      "metrics_port_turnover_ratio": "17",
      "metrics_sharpe": "17",
      "metrics_std_dev": "17",
      "monthly_aaum_date": "17",
      "monthly_aaum_value": "17",
      "mutual_fund_name": "17",
      "scheme_launch_date": "17"
     }
    ],
    "main_scheme_name": "DSP Natural Resources and New Energy Fund",
    "metrics": [
     {
      "name": "sharpe",
      "value": "0.36"
     },
     {
      "name": "std_dev",
      "value": "18.66%"
     },
     {
      "name": "beta",
      "value": "0.93"
     },
     {
      "name": "port_turnover_ratio",
      "value": "12"
     }
    ],
    "monthly_aaum_date": "20250228",
    "monthly_aaum_value": "1,163 Cr",
    "mutual_fund_name": "DSP Mutual Fund",
    "scheme_launch_date": "APR 25, 2008"
   }
  },
  {
   "value": {
    "amc_name": "DSP Investment Managers Private Limited",
    "benchmark_index": [
     "FTSE Gold Mine TRI (in INR terms)"
    ],
    "field_location": [
     {
      "amc_name": "18",
      "benchmark_index": "18",
      "count": 68,
      "main_scheme_name": "18",
      "monthly_aaum_date": "18",
      "monthly_aaum_value": "18",
      "mutual_fund_name": "18",
      "scheme_launch_date": "18"
     }
    ],
    "main_scheme_name": "DSP World Gold Fund of Fund",
    "monthly_aaum_date": "20250228",
    "monthly_aaum_value": "1,119 Cr",
    "mutual_fund_name": "DSP Mutual Fund",
    "scheme_launch_date": "SEP 14, 2007"
   }
  },
  {
   "value": {
    "amc_name": "DSP Investment Managers Private Limited",
    "benchmark_index": [
     "MSCI ACWI IMI Clean Energy Infrastructure Index"
    ],
    "field_location": [
     {
      "amc_name": "20",
      "benchmark_index": "20",
      "count": 68,
      "main_scheme_name": "20",
      "monthly_aaum_date": "20",
      "monthly_aaum_value": "20",
      "mutual_fund_name": "20",
      "scheme_launch_date": "20"
     }
    ],
    "main_scheme_name": "DSP Global Clean Energy Fund of Fund",
    "monthly_aaum_date": "20250228",
    "monthly_aaum_value": "89 Cr",
    "mutual_fund_name": "DSP Mutual Fund",
    "scheme_launch_date": "AUG 14, 2009"
   }
  },
  {
   "value": {
    "amc_name": "DSP Investment Managers Private Limited",
    "benchmark_index": [
     "Russell 1000 TR"
    ],
    "field_location": [
     {
      "amc_name": "21",
      "benchmark_index": "21",
      "count": 68,
      "main_scheme_name": "21",
      "monthly_aaum_date": "21",
      "monthly_aaum_value": "21",
      "mutual_fund_name": "21",
      "scheme_launch_date": "21"
     }
    ],
    "main_scheme_name": "DSP US Flexible Equity Fund of Fund",
    "monthly_aaum_date": "20250228",
    "monthly_aaum_value": "914 Cr",
    "mutual_fund_name": "DSP Mutual Fund",
    "scheme_launch_date": "20120803"
   }
  },
  {
   "value": {
    "amc_name": "DSP Investment Managers Private Limited",
    "benchmark_index": [
     "MSCI All Country World Index (ACWI) - Net Total Return"
    ],
    "field_location": [
     {
      "amc_name": "23",
      "benchmark_index": "23",
      "count": 68,
      "main_scheme_name": "23",
      "monthly_aaum_date": "23",
      "monthly_aaum_value": "23",
      "mutual_fund_name": "23",
      "scheme_launch_date": "23"
     }
    ],
    "main_scheme_name": "DSP Global Innovation Fund of Fund",
    "monthly_aaum_date": "20250228",
    "monthly_aaum_value": "980 Cr",
    "mutual_fund_name": "DSP Mutual Fund",
    "scheme_launch_date": "20220214"
   }
  },
  {
   "value": {
    "amc_name": "DSP Investment Managers Private Limited",
    "benchmark_index": [
     "S&P U.S. Treasury Bond Index"
    ],
    "field_location": [
     {
      "amc_name": "25",
      "benchmark_index": "25",
      "count": 68,
      "main_scheme_name": "25",
      "monthly_aaum_date": "25",
      "monthly_aaum_value": "25",
      "mutual_fund_name": "25",
      "scheme_launch_date": "25"
     }
    ],
    "main_scheme_name": "DSP US Treasury Fund of Fund",
    "monthly_aaum_date": "20250228",
    "monthly_aaum_value": "61 Cr",
    "mutual_fund_name": "DSP Mutual Fund",
    "scheme_launch_date": "20240318"
   }
  },
  {
   "value": {
    "amc_name": "DSP Investment Managers Private Limited",
    "benchmark_index": [
     "CRISIL Hybrid 35+65-Aggressive Index"
    ],
    "field_location": [
     {
      "amc_name": "27",
      "benchmark_index": "27",
      "count": 68,
      "main_scheme_name": "27",
      "metrics_avg_maturity": "27",
      "metrics_mod_duration": "27",
      "metrics_port_turnover_ratio": "27",
      "metrics_sharpe": "27",
      "metrics_std_dev": "27",
      "metrics_ytm": "27",
      "monthly_aaum_date": "27",
      "monthly_aaum_value": "27",
      "mutual_fund_name": "27",
      "scheme_launch_date": "27"
     }
    ],
    "main_scheme_name": "& Bond Fund)",
    "metrics": [
     {
      "name": "sharpe",
      "value": "0.58"
     },
     {
      "name": "std_dev",
      "value": "10.93%"
     },
     {
      "name": "ytm",
      "value": "7.29%"
     },
     {
      "name": "port_turnover_ratio",
      "value": "12"
     },
     {
      "name": "mod_duration",
      "value": "5.99 years"
     },
     {
      "name": "avg_maturity",
      "value": "15.63 years"
     }
    ],
    "monthly_aaum_date": "20250228",
    "monthly_aaum_value": "10,068 Cr",
    "mutual_fund_name": "DSP Mutual Fund",
    "scheme_launch_date": "19990527"
   }
  },
  {
   "value": {
    "amc_name": "DSP Investment Managers Private Limited",
    "benchmark_index": [
     "NIFTY 50 Equal Weight TRI"
    ],
    "field_location": [
     {
      "amc_name": "29",
      "benchmark_index": "29",
      "count": 68,
      "main_scheme_name": "29",
      "metrics_beta": "29",
      "metrics_port_turnover_ratio": "29",
      "metrics_sharpe": "29",
      "metrics_std_dev": "29",
      "monthly_aaum_date": "29",
      "monthly_aaum_value": "29",
      "mutual_fund_name": "29",
      "scheme_launch_date": "29"
     }
    ],
    "main_scheme_name": "DSP Nifty 50 Equal Weight Index Fund",
    "metrics": [
     {
      "name": "sharpe",
      "value": "0.49"
     },
     {
      "name": "std_dev",
      "value": "14.76%"
     },
     {
      "name": "beta",
      "value": "1.00"
     },
     {
      "name": "port_turnover_ratio",
      "value": "12"
     }
    ],
    "monthly_aaum_date": "20250228",
    "monthly_aaum_value": "1,915 Cr",
    "mutual_fund_name": "DSP Mutual Fund",
    "scheme_launch_date": "20171023"
   }
  },
  {
   "value": {
    "amc_name": "DSP Investment Managers Private Limited",
    "benchmark_index": [
     "Nifty 50 TRI"
    ],
    "field_location": [
     {
      "amc_name": "31",
      "benchmark_index": "31",
      "count": 68,
      "main_scheme_name": "31",
      "metrics_beta": "31",
      "metrics_port_turnover_ratio": "31",
      "metrics_sharpe": "31",
      "metrics_std_dev": "31",
      "monthly_aaum_date": "31",
      "monthly_aaum_value": "31",
      "mutual_fund_name": "31",
      "scheme_launch_date": "31"
     }
    ],
    "main_scheme_name": "DSP NIFTY 50 ETF",
    "metrics": [
     {
      "name": "sharpe",
      "value": "0.34"
     },
     {
      "name": "std_dev",
      "value": "13.10%"
     },
     {
      "name": "beta",
      "value": "1.00"
     },
     {
      "name": "port_turnover_ratio",
      "value": "12"
     }
    ],
    "monthly_aaum_date": "20250228",
    "monthly_aaum_value": "313 Cr",
    "mutual_fund_name": "DSP Mutual Fund",
    "scheme_launch_date": "20211223"
   }
  },
  {
   "value": {
    "amc_name": "DSP Investment Managers Private Limited",
    "benchmark_index": [
     "Domestic Price of Physical Silver"
    ],
    "field_location": [
     {
      "amc_name": "33",
      "benchmark_index": "33",
      "count": 68,
      "main_scheme_name": "33",
      "monthly_aaum_date": "33",
      "monthly_aaum_value": "33",
      "mutual_fund_name": "33",
      "scheme_launch_date": "33"
     }
    ],
    "main_scheme_name": "DSP Silver ETF",
    "monthly_aaum_date": "20250228",
    "monthly_aaum_value": "329 Cr",
    "mutual_fund_name": "DSP Mutual Fund",
    "scheme_launch_date": "20220819"
   }
  },
  {
   "value": {
    "amc_name": "DSP Investment Managers Private Limited",
    "benchmark_index": [
     "Nifty IT TRI"
    ],
    "field_location": [
     {
      "amc_name": "35",
      "benchmark_index": "35",
      "count": 68,
      "main_scheme_name": "35",
      "metrics_port_turnover_ratio": "35",
      "monthly_aaum_date": "35",
      "monthly_aaum_value": "35",
      "mutual_fund_name": "35",
      "scheme_launch_date": "35"
     }
    ],
    "main_scheme_name": "DSP Nifty IT ETF",
    "metrics": [
     {
      "name": "port_turnover_ratio",
      "value": "12"
     }
    ],
    "monthly_aaum_date": "20250228",
    "monthly_aaum_value": "40 Cr",
    "mutual_fund_name": "DSP Mutual Fund",
    "scheme_launch_date": "20230707"
   }
  },
  {
   "value": {
    "amc_name": "DSP Investment Managers Private Limited",
    "benchmark_index": [
     "Nifty Private Bank TRI"
    ],
    "field_location": [
     {
      "amc_name": "37",
      "benchmark_index": "37",
      "count": 68,
      "main_scheme_name": "37",
      "metrics_port_turnover_ratio": "37",
      "monthly_aaum_date": "37",
      "monthly_aaum_value": "37",
      "mutual_fund_name": "37",
      "scheme_launch_date": "37"
     }
    ],
    "main_scheme_name": "DSP Nifty Private Bank ETF",
    "metrics": [
     {
      "name": "port_turnover_ratio",
      "value": "12"
     }
    ],
    "monthly_aaum_date": "20250228",
    "monthly_aaum_value": "276 Cr",
    "mutual_fund_name": "DSP Mutual Fund",
    "scheme_launch_date": "20230727"
   }
  },
  {
   "value": {
    "amc_name": "DSP Investment Managers Private Limited",
    "benchmark_index": [
     "Nifty Healthcare TRI"
    ],
    "field_location": [
     {
      "amc_name": "39",
      "benchmark_index": "39",
      "count": 68,
      "main_scheme_name": "39",
      "metrics_port_turnover_ratio": "39",
      "monthly_aaum_date": "39",
      "monthly_aaum_value": "39",
      "mutual_fund_name": "39",
      "scheme_launch_date": "39"
     }
    ],
    "main_scheme_name": "DSP Nifty Healthcare ETF",
    "metrics": [
     {
      "name": "port_turnover_ratio",
      "value": "12"
     }
    ],
    "monthly_aaum_date": "20250228",
    "monthly_aaum_value": "10 Cr",
    "mutual_fund_name": "DSP Mutual Fund",
    "scheme_launch_date": "20240201"
   }
  },
  {
   "value": {
    "amc_name": "DSP Investment Managers Private Limited",
    "benchmark_index": [
     "BSE Liquid Rate Index"
    ],
    "field_location": [
     {
      "amc_name": "41",
      "benchmark_index": "41",
      "count": 68,
      "main_scheme_name": "41",
      "monthly_aaum_date": "41",
      "monthly_aaum_value": "41",
      "mutual_fund_name": "41",
      "scheme_launch_date": "41"
     }
    ],
    "main_scheme_name": "DSP BSE Liquid Rate ETF",
    "monthly_aaum_date": "20250228",
    "monthly_aaum_value": "2,351 Cr",
    "mutual_fund_name": "DSP Mutual Fund",
    "scheme_launch_date": "20240327"
   }
  },
  {
   "value": {
    "amc_name": "DSP Investment Managers Private Limited",
    "benchmark_index": [
     "Nifty Top 10 Equal Weight TRI"
    ],
    "field_location": [
     {
      "amc_name": "44",
      "benchmark_index": "44",
      "count": 68,
      "main_scheme_name": "44",
      "metrics_port_turnover_ratio": "44",
      "monthly_aaum_date": "44",
      "monthly_aaum_value": "44",
      "mutual_fund_name": "44",
      "scheme_launch_date": "44"
     }
    ],
    "main_scheme_name": "DSP Nifty Top 10 Equal Weight Index Fund",
    "metrics": [
     {
      "name": "port_turnover_ratio",
      "value": "5"
     }
    ],
    "monthly_aaum_date": "20250228",
    "monthly_aaum_value": "1,368 Cr",
    "mutual_fund_name": "DSP Mutual Fund",
    "scheme_launch_date": "20240905"
   }
  },
  {
   "value": {
    "amc_name": "DSP Investment Managers Private Limited",
    "benchmark_index": [
     "Nifty Next 50 TRI"
    ],
    "field_location": [
     {
      "amc_name": "46",
      "benchmark_index": "46",
      "count": 68,
      "main_scheme_name": "46",
      "metrics_beta": "46",
      "metrics_port_turnover_ratio": "46",
      "metrics_sharpe": "46",
      "metrics_std_dev": "46",
      "monthly_aaum_date": "46",
      "monthly_aaum_value": "46",
      "mutual_fund_name": "46",
      "scheme_launch_date": "46"
     }
    ],
    "main_scheme_name": "DSP Nifty Next 50 Index Fund",
    "metrics": [
     {
      "name": "sharpe",
      "value": "0.32"
     },
     {
      "name": "std_dev",
      "value": "19.66%"
     },
     {
      "name": "beta",
      "value": "1.00"
     },
     {
      "name": "port_turnover_ratio",
      "value": "12"
     }
    ],
    "monthly_aaum_date": "20250228",
    "monthly_aaum_value": "848 Cr",
    "mutual_fund_name": "DSP Mutual Fund",
    "scheme_launch_date": "20190221"
   }
  },
  {
   "value": {
    "amc_name": "DSP Investment Managers Private Limited",
    "benchmark_index": [
     "Nifty Bank TRI"
    ],
    "field_location": [
     {
      "amc_name": "48",
      "benchmark_index": "48",
      "count": 68,
      "main_scheme_name": "48",
      "metrics_port_turnover_ratio": "48",
      "monthly_aaum_date": "48",
      "monthly_aaum_value": "48",
      "mutual_fund_name": "48",
      "scheme_launch_date": "48"
     }
    ],
    "main_scheme_name": "DSP Nifty Bank Index Fund",
    "metrics": [
     {
      "name": "port_turnover_ratio",
      "value": "9"
     }
    ],
    "monthly_aaum_date": "20250228",
    "monthly_aaum_value": "44 Cr",
    "mutual_fund_name": "DSP Mutual Fund",
    "scheme_launch_date": "20240531"
   }
  },
  {
   "value": {
    "amc_name": "DSP Investment Managers Private Limited",
    "benchmark_index": [
     "NIFTY 50 Arbitrage Index"
    ],
    "field_location": [
     {
      "amc_name": "50",
      "benchmark_index": "50",
      "count": 68,
      "main_scheme_name": "50",
      "metrics_avg_maturity": "50",
      "metrics_beta": "50",
      "metrics_mod_duration": "50",
      "metrics_port_turnover_ratio": "50",
      "metrics_sharpe": "50",
      "metrics_std_dev": "50",
      "metrics_ytm": "50",
      "monthly_aaum_date": "50",
      "monthly_aaum_value": "50",
      "mutual_fund_name": "50",
      "scheme_launch_date": "50"
     }
    ],
    "main_scheme_name": "DSP Arbitrage Fund",
    "metrics": [
     {
      "name": "sharpe",
      "value": "0.10"
     },
     {
      "name": "std_dev",
      "value": "0.60%"
     },
     {
      "name": "beta",
      "value": "0.71"
     },
     {
      "name": "ytm",
      "value": "7.40%"
     },
     {
      "name": "port_turnover_ratio",
      "value": "12"
     },
     {
      "name": "mod_duration",
      "value": "0.36 years"
     },
     {
      "name": "avg_maturity",
      "value": "0.19 years"
     }
    ],
    "monthly_aaum_date": "20250228",
    "monthly_aaum_value": "6,035 Cr",
    "mutual_fund_name": "DSP Mutual Fund",
    "scheme_launch_date": "20180125"
   }
  },
  {
   "value": {
    "amc_name": "DSP Investment Managers Private Limited",
    "benchmark_index": [
     "CRISIL Liquid Debt A-I Index"
    ],
    "field_location": [
     {
      "amc_name": "52",
      "benchmark_index": "52",
      "count": 68,
      "main_scheme_name": "52",
      "metrics_avg_maturity": "52",
      "metrics_mod_duration": "52",
      "metrics_ytm": "52",
      "monthly_aaum_date": "52",
      "monthly_aaum_value": "52",
      "mutual_fund_name": "52",
      "scheme_launch_date": "52"
     }
    ],
    "main_scheme_name": "DSP Liquidity Fund",
    "metrics": [
     {
      "name": "ytm",
      "value": "7.22%"
     },
     {
      "name": "mod_duration",
      "value": "0.11 years"
     },
     {
      "name": "avg_maturity",
      "value": "0.13 years"
     }
    ],
    "monthly_aaum_date": "20250228",
    "monthly_aaum_value": "24,903 Cr",
    "mutual_fund_name": "DSP Mutual Fund",
    "scheme_launch_date": "MAR 11, 1998"
   }
  },
  {
   "value": {
    "amc_name": "DSP Investment Managers Private Limited",
    "benchmark_index": [
     "CRISIL Short Duration Debt A-II"
    ],
    "field_location": [
     {
      "amc_name": "54",
      "benchmark_index": "54",
      "count": 68,
      "main_scheme_name": "54",
      "metrics_avg_maturity": "54",
      "metrics_mod_duration": "54",
      "metrics_ytm": "54",
      "monthly_aaum_date": "54",
      "monthly_aaum_value": "54",
      "mutual_fund_name": "54",
      "scheme_launch_date": "54"
     }
    ],
    "main_scheme_name": "DSP Floater Fund",
    "metrics": [
     {
      "name": "ytm",
      "value": "7.42%"
     },
     {
      "name": "mod_duration",
      "value": "3.17 years"
     },
     {
      "name": "avg_maturity",
      "value": "7.48 years"
     }
    ],
    "monthly_aaum_date": "20250228",
    "monthly_aaum_value": "607 Cr",
    "mutual_fund_name": "DSP Mutual Fund",
    "scheme_launch_date": "MAR 19, 2021"
   }
  },
  {
   "value": {
    "amc_name": "DSP Investment Managers Private Limited",
    "benchmark_index": [
     "Nifty SDL Plus G-Sec Jun 2028"
    ],
    "field_location": [
     {
      "amc_name": "55",
      "benchmark_index": "55",
      "count": 68,
      "main_scheme_name": "55",
      "metrics_avg_maturity": "55",
      "metrics_mod_duration": "55",
      "metrics_ytm": "55",
      "monthly_aaum_date": "55",
      "monthly_aaum_value": "55",
      "mutual_fund_name": "55",
      "scheme_launch_date": "55"
     }
    ],
    "main_scheme_name": "DSP Nifty SDL Plus G-Sec Jun 2028 30:70 Index Fund",
    "metrics": [
     {
      "name": "ytm",
      "value": "6.66%"
     },
     {
      "name": "mod_duration",
      "value": "2.42 years"
     },
     {
      "name": "avg_maturity",
      "value": "2.79 years"
     }
    ],
    "monthly_aaum_date": "20250228",
    "monthly_aaum_value": "2,195 Cr",
    "mutual_fund_name": "DSP Mutual Fund",
    "scheme_launch_date": "MAR 21, 2022"
   }
  },
  {
   "value": {
    "amc_name": "DSP Investment Managers Private Limited",
    "benchmark_index": [
     "CRISIL SDL Plus G-Sec Apr 2033"
    ],
    "field_location": [
     {
      "amc_name": "56",
      "benchmark_index": "56",
      "count": 68,
      "main_scheme_name": "56",
      "metrics_avg_maturity": "56",
      "metrics_mod_duration": "56",
      "metrics_ytm": "56",
      "monthly_aaum_date": "56",
      "monthly_aaum_value": "56",
      "mutual_fund_name": "56",
      "scheme_launch_date": "56"
     }
    ],
    "main_scheme_name": "DSP CRISIL SDL Plus G-Sec Apr 2033 50:50 Index Fund",
    "metrics": [
     {
      "name": "ytm",
      "value": "6.95%"
     },
     {
      "name": "mod_duration",
      "value": "5.53 years"
     },
     {
      "name": "avg_maturity",
      "value": "7.42 years"
     }
    ],
    "monthly_aaum_date": "20250228",
    "monthly_aaum_value": "383 Cr",
    "mutual_fund_name": "DSP Mutual Fund",
    "scheme_launch_date": "JAN 25, 2023"
   }
  },
  {
   "value": {
    "amc_name": "DSP Investment Managers Private Limited",
    "benchmark_index": [
     "Nifty Smallcap250 Quality 50 TRI"
    ],
    "field_location": [
     {
      "amc_name": "58",
      "benchmark_index": "58",
      "count": 68,
      "main_scheme_name": "58",
      "metrics_port_turnover_ratio": "58",
      "monthly_aaum_date": "58",
      "monthly_aaum_value": "58",
      "mutual_fund_name": "58",
      "scheme_launch_date": "58"
     }
    ],
    "main_scheme_name": "DSP Nifty Smallcap250 Quality 50 Index Fund",
    "metrics": [
     {
      "name": "port_turnover_ratio",
      "value": "12"
     }
    ],
    "monthly_aaum_date": "20250228",
    "monthly_aaum_value": "183 Cr",
    "mutual_fund_name": "DSP Mutual Fund",
    "scheme_launch_date": "20231226"
   }
  },
  {
   "value": {
    "amc_name": "DSP Investment Managers Private Limited",
    "benchmark_index": [
     "Crisil Dynamic Gilt Index"
    ],
    "field_location": [
     {
      "amc_name": "60",
      "benchmark_index": "60",
      "count": 68,
      "main_scheme_name": "60",
      "metrics_avg_maturity": "60",
      "metrics_mod_duration": "60",
      "metrics_ytm": "60",
      "monthly_aaum_date": "60",
      "monthly_aaum_value": "60",
      "mutual_fund_name": "60",
      "scheme_launch_date": "60"
     }
    ],
    "main_scheme_name": "Securities Fund)",
    "metrics": [
     {
      "name": "ytm",
      "value": "7.09%"
     },
     {
      "name": "mod_duration",
      "value": "11.2 years"
     },
     {
      "name": "avg_maturity",
      "value": "28.96 years"
     }
    ],
    "monthly_aaum_date": "20250228",
    "monthly_aaum_value": "1,731 Cr",
    "mutual_fund_name": "DSP Mutual Fund",
    "scheme_launch_date": "SEP 30, 1999"
   }
  },
  {
   "value": {
    "amc_name": "DSP Investment Managers Private Limited",
    "benchmark_index": [
     "Nifty Banking & PSU Debt Index A-II"
    ],
    "field_location": [
     {
      "amc_name": "62",
      "benchmark_index": "62",
      "count": 68,
      "main_scheme_name": "62",
      "metrics_avg_maturity": "62",
      "metrics_mod_duration": "62",
      "metrics_ytm": "62",
      "monthly_aaum_date": "62",
      "monthly_aaum_value": "62",
      "mutual_fund_name": "62",
      "scheme_launch_date": "62"
     }
    ],
    "main_scheme_name": "DSP Banking & PSU Debt Fund",
    "metrics": [
     {
      "name": "ytm",
      "value": "7.38%"
     },
     {
      "name": "mod_duration",
      "value": "5.25 years"
     },
     {
      "name": "avg_maturity",
      "value": "9.69 years"
     }
    ],
    "monthly_aaum_date": "20250228",
    "monthly_aaum_value": "3,185 Cr",
    "mutual_fund_name": "DSP Mutual Fund",
    "scheme_launch_date": "SEP 14, 2013"
   }
  },
  {
   "value": {
    "amc_name": "DSP Investment Managers Private Limited",
    "benchmark_index": [
     "CRISIL Dynamic Bond A-III Index"
    ],
    "field_location": [
     {
      "amc_name": "64",
      "benchmark_index": "64",
      "count": 68,
      "main_scheme_name": "64",
      "metrics_avg_maturity": "64",
      "metrics_mod_duration": "64",
      "metrics_ytm": "64",
      "monthly_aaum_date": "64",
      "monthly_aaum_value": "64",
      "mutual_fund_name": "64",
      "scheme_launch_date": "64"
     }
    ],
    "main_scheme_name": "DSP Strategic Bond Fund",
    "metrics": [
     {
      "name": "ytm",
      "value": "7.21%"
     },
     {
      "name": "mod_duration",
      "value": "10.73 years"
     },
     {
      "name": "avg_maturity",
      "value": "27.6 years"
     }
    ],
    "monthly_aaum_date": "20250228",
    "monthly_aaum_value": "1,757 Cr",
    "mutual_fund_name": "DSP Mutual Fund",
    "scheme_launch_date": "20070509"
   }
  },
  {
   "value": {
    "amc_name": "DSP Investment Managers Private Limited",
    "benchmark_index": [
     "NIFTY Low Duration Debt Index A-I"
    ],
    "field_location": [
     {
      "amc_name": "66",
      "benchmark_index": "66",
      "count": 68,
      "main_scheme_name": "66",
      "metrics_avg_maturity": "66",
      "metrics_mod_duration": "66",
      "metrics_ytm": "66",
      "monthly_aaum_date": "66",
      "monthly_aaum_value": "66",
      "mutual_fund_name": "66",
      "scheme_launch_date": "66"
     }
    ],
    "main_scheme_name": "DSP Low Duration Fund",
    "metrics": [
     {
      "name": "ytm",
      "value": "7.56%"
     },
     {
      "name": "mod_duration",
      "value": "0.94 years"
     },
     {
      "name": "avg_maturity",
      "value": "1.07 years"
     }
    ],
    "monthly_aaum_date": "20250228",
    "monthly_aaum_value": "5,085 Cr",
    "mutual_fund_name": "DSP Mutual Fund",
    "scheme_launch_date": "20150310"
   }
  },
  {
   "value": {
    "amc_name": "DSP Investment Managers Private Limited",
    "benchmark_index": [
     "CRISIL Corporate Debt A-II Index"
    ],
    "field_location": [
     {
      "amc_name": "68",
      "benchmark_index": "68",
      "count": 68,
      "main_scheme_name": "68",
      "metrics_avg_maturity": "68",
      "metrics_mod_duration": "68",
      "metrics_ytm": "68",
      "monthly_aaum_date": "68",
      "monthly_aaum_value": "68",
      "mutual_fund_name": "68",
      "scheme_launch_date": "68"
     }
    ],
    "main_scheme_name": "DSP Corporate Bond Fund",
    "metrics": [
     {
      "name": "ytm",
      "value": "7.43%"
     },
     {
      "name": "mod_duration",
      "value": "1.73 years"
     },
     {
      "name": "avg_maturity",
      "value": "1.98 years"
     }
    ],
    "monthly_aaum_date": "20250228",
    "monthly_aaum_value": "2,706 Cr",
    "mutual_fund_name": "DSP Mutual Fund",
    "scheme_launch_date": "20180910"
   }
  },
  {
   "value": {
    "amc_name": "DSP Investment Managers Private Limited",
    "benchmark_index": [
     "40% NIFTY500 TRI + 20% NIFTY"
    ],
    "field_location": [
     {
      "amc_name": "69",
      "benchmark_index": "69",
      "count": 68,
      "main_scheme_name": "69",
      "metrics_avg_maturity": "69",
      "metrics_mod_duration": "69",
      "metrics_port_turnover_ratio": "69",
      "metrics_ytm": "69",
      "monthly_aaum_date": "69",
      "monthly_aaum_value": "69",
      "mutual_fund_name": "69",
      "scheme_launch_date": "69"
     }
    ],
    "main_scheme_name": "DSP Multi Asset Allocation Fund",
    "metrics": [
     {
      "name": "ytm",
      "value": "7.05%"
     },
     {
      "name": "port_turnover_ratio",
      "value": "12"
     },
     {
      "name": "mod_duration",
      "value": "5.32 years"
     },
     {
      "name": "avg_maturity",
      "value": "12.35 years"
     }
    ],
    "monthly_aaum_date": "20250228",
    "monthly_aaum_value": "2,602 Cr",
    "mutual_fund_name": "DSP Mutual Fund",
    "scheme_launch_date": "20230927"
   }
  }
 ]
}