{
 "metadata": {
  "document_name": "18_31-Jan-25_FS.pdf",
  "file_type": "fs",
  "process_date": "20250213"
 },
 "records": [
  {
   "value": {
    "amc_name": "360 ONE Asset Management Limited",
    "benchmark_index": [
     ": BSE 500 TRI"
    ],
    "field_location": [
     {
      "amc_name": "6",
      "benchmark_index": "6",
      "count": 7,
      "fund_manager_name": "6",
      "fund_manager_total_exp": "6",
      "load_entry": "6",
      "load_exit": "6",
      "main_scheme_name": "6",
      "metrics_beta": "6",
      "metrics_port_turnover_ratio": "6",
      "metrics_r_squared_ratio": "6",
      "metrics_sharpe": "6",
      "metrics_std_dev": "6",
      "metrics_treynor_ratio": "6",
      "min_addl_amt": "6",
      "min_addl_amt_multiple": "6",
      "min_amt": "6",
      "min_amt_multiple": "6",
      "monthly_aaum_date": "6",
      "monthly_aaum_value": "6",
      "mutual_fund_name": "6",
      "scheme_launch_date": "6"
     }
    ],
    "fund_manager": [
     {
      "managing_fund_since": "",
      "name": "Mr. Mayur Patel",
      "qualification": "",
      "total_exp": "20 years"
     },
     {
      "managing_fund_since": "",
      "name": "Rohit Vaidyanathan",
      "qualification": "",
      "total_exp": "10 years"
     }
    ],
    "load": [
     {
      "comment": ": NIL",
      "type": "entry"
     },
     {
      "comment": ": 1% - if redeemed/switched out, on or before 12 months from the date of allotment w.e.f April 02, 2019.",
      "type": "exit"
     }
    ],
    "main_scheme_name": "360 ONE FOCUSED EQUITY FUND",
    "metrics": [
     {
      "name": "sharpe",
      "value": "0.47"
     },
     {
      "name": "std_dev",
      "value": "13.68%"
     },
     {
      "name": "beta",
      "value": "0.95"
     },
     {
      "name": "treynor_ratio",
      "value": "0.57"
     },
     {
      "name": "port_turnover_ratio",
      "value": "0.35 time"
     },
     {
      "name": "r_squared_ratio",
      "value": "0.92"
     }
    ],
    "min_addl_amt": "1,000",
    "min_addl_amt_multiple": "1",
    "min_amt": "1,000",
    "min_amt_multiple": "1",
    "monthly_aaum_date": "20250131",
    "monthly_aaum_value": "6,939.30crore",
    "mutual_fund_name": "360 ONE Mutual Fund",
    "scheme_launch_date": "20141030"
   }
  },
  {
   "value": {
    "amc_name": "360 ONE Asset Management Limited",
    "benchmark_index": [
     ": BSE 500 TRI"
    ],
    "field_location": [
     {
      "amc_name": "7",
      "benchmark_index": "7",
      "count": 7,
      "fund_manager_name": "7",
      "fund_manager_total_exp": "7",
      "load_entry": "7",
      "load_exit": "7",
      "main_scheme_name": "7",
      "metrics_port_turnover_ratio": "7",
      "min_addl_amt": "7",
      "min_addl_amt_multiple": "7",
      "min_amt": "7",
      "min_amt_multiple": "7",
      "monthly_aaum_date": "7",
      "monthly_aaum_value": "7",
      "mutual_fund_name": "7",
      "scheme_launch_date": "7"
     }
    ],
    "fund_manager": [
     {
      "managing_fund_since": "",
      "name": "Mr. Mayur Patel",
      "qualification": "",
      "total_exp": "20 years"
     },
     {
      "managing_fund_since": "",
      "name": "Rohit Vaidyanathan",
      "qualification": "",
      "total_exp": "10 years"
     }
    ],
    "load": [
     {
      "comment": ": NIL",
      "type": "entry"
     },
     {
      "comment": ": For redemption/switchout of units before 365 days from the date of allotment - 1% of the applicable NAV For redemption/switched- out of units on or after 365 days from the date of allotment – NIL",
      "type": "exit"
     }
    ],
    "main_scheme_name": "360 ONE FLEXICAP FUND",
    "metrics": [
     {
      "name": "port_turnover_ratio",
      "value": "0.27 time"
     }
    ],
    "min_addl_amt": "1,000",
    "min_addl_amt_multiple": "1",
    "min_amt": "1,000",
    "min_amt_multiple": "1",
    "monthly_aaum_date": "20250131",
    "monthly_aaum_value": "1,334.45 crore",
    "mutual_fund_name": "360 ONE Mutual Fund",
    "scheme_launch_date": "20230630"
   }
  },
  {
   "value": {
    "amc_name": "360 ONE Asset Management Limited",
    "benchmark_index": [
     ": BSE 200 TRI"
    ],
    "field_location": [
     {
      "amc_name": "8",
      "benchmark_index": "8",
      "count": 7,
      "fund_manager_name": "8",
      "fund_manager_total_exp": "8",
      "load_entry": "8",
      "load_exit": "8",
      "main_scheme_name": "8",
      "metrics_beta": "8",
      "metrics_port_turnover_ratio": "8",
      "metrics_r_squared_ratio": "8",
      "metrics_sharpe": "8",
      "metrics_std_dev": "8",
      "metrics_treynor_ratio": "8",
      "min_addl_amt": "8",
      "min_addl_amt_multiple": "8",
      "min_amt": "8",
      "min_amt_multiple": "8",
      "monthly_aaum_date": "8",
      "monthly_aaum_value": "8",
      "mutual_fund_name": "8",
      "scheme_launch_date": "8"
     }
    ],
    "fund_manager": [
     {
      "managing_fund_since": "",
      "name": "Parijat Garg",
      "qualification": "",
      "total_exp": "16 years"
     },
     {
      "managing_fund_since": "",
      "name": "Rohit Vaidyanathan",
      "qualification": "",
      "total_exp": "10 years"
     }
    ],
    "load": [
     {
      "comment": ": NIL",
      "type": "entry"
     },
     {
      "comment": ": 1% - if redeemed/switched out, on or before 12 onths from the date of allotment",
      "type": "exit"
     }
    ],
    "main_scheme_name": "360 ONE QUANT FUND",
    "metrics": [
     {
      "name": "sharpe",
      "value": "0.86"
     },
     {
      "name": "std_dev",
      "value": "16.98%"
     },
     {
      "name": "beta",
      "value": "1.19"
     },
     {
      "name": "treynor_ratio",
      "value": "1.03"
     },
     {
      "name": "port_turnover_ratio",
      "value": "0.72 time"
     },
     {
      "name": "r_squared_ratio",
      "value": "0.91"
     }
    ],
    "min_addl_amt": "1,000",
    "min_addl_amt_multiple": "1",
    "min_amt": "1,000",
    "min_amt_multiple": "1",
    "monthly_aaum_date": "20250131",
    "monthly_aaum_value": "620.54 crore",
    "mutual_fund_name": "360 ONE Mutual Fund",
    "scheme_launch_date": "20211129"
   }
  },
  {
   "value": {
    "amc_name": "360 ONE Asset Management Limited",
    "benchmark_index": [
     ": NIFTY 50 TRI"
    ],
    "field_location": [
     {
      "amc_name": "9",
      "benchmark_index": "9",
      "count": 7,
      "fund_manager_name": "9",
      "fund_manager_total_exp": "9",
      "load_entry": "9",
      "load_exit": "9",
      "main_scheme_name": "9",
      "metrics_port_turnover_ratio": "9",
      "metrics_r_squared_ratio": "9",
      "metrics_tracking_error": "9",
      "min_addl_amt": "9",
      "min_addl_amt_multiple": "9",
      "min_amt": "9",
      "min_amt_multiple": "9",
      "monthly_aaum_date": "9",
      "monthly_aaum_value": "9",
      "mutual_fund_name": "9",
      "scheme_launch_date": "9"
     }
    ],
    "fund_manager": [
     {
      "managing_fund_since": "",
      "name": "Parijat Garg",
      "qualification": "",
      "total_exp": "16 years"
     },
     {
      "managing_fund_since": "",
      "name": "Rohit Vaidyanathan",
      "qualification": "",
      "total_exp": "10 years"
     }
    ],
    "load": [
     {
      "comment": ": NIL",
      "type": "entry"
     },
     {
      "comment": ": NIL",
      "type": "exit"
     }
    ],
    "main_scheme_name": "360 ONE ELSS TAX SAVER NIFTY 50 INDEX FUND",
    "metrics": [
     {
      "name": "port_turnover_ratio",
      "value": "0.07 time"
     },
     {
      "name": "tracking_error",
      "value": "12.19"
     },
     {
      "name": "r_squared_ratio",
      "value": "80"
     }
    ],
    "min_addl_amt": "500",
    "min_addl_amt_multiple": "500",
    "min_amt": "500",
    "min_amt_multiple": "500",
    "monthly_aaum_date": "20250131",
    "monthly_aaum_value": "75.60 crore",
    "mutual_fund_name": "360 ONE Mutual Fund",
    "scheme_launch_date": "20221228"
   }
  },
  {
   "value": {
    "amc_name": "360 ONE Asset Management Limited",
    "benchmark_index": [
     "Nifty 50 Hybrid : Composite Debt 50:50"
    ],
    "field_location": [
     {
      "amc_name": "10",
      "benchmark_index": "10",
      "count": 7,
      "fund_manager_name": "10",
      "fund_manager_total_exp": "10",
      "load_entry": "10",
      "load_exit": "10",
      "main_scheme_name": "10",
      "metrics_avg_maturity": "10",
      "metrics_macaulay": "10",
      "metrics_mod_duration": "10",
      "metrics_port_turnover_ratio": "10",
      "metrics_r_squared_ratio": "10",
      "metrics_treynor_ratio": "10",
      "metrics_ytm": "10",
      "min_addl_amt": "10",
      "min_addl_amt_multiple": "10",
      "min_amt": "10",
      "min_amt_multiple": "10",
      "monthly_aaum_date": "10",
      "monthly_aaum_value": "10",
      "mutual_fund_name": "10",
      "scheme_launch_date": "10"
     }
    ],
    "fund_manager": [
     {
      "managing_fund_since": "",
      "name": "Mr. Mayur Patel",
      "qualification": "",
      "total_exp": "20 years"
     },
     {
      "managing_fund_since": "",
      "name": "Mr. Vaidyanathan",
      "qualification": "",
      "total_exp": "18 years"
     },
     {
      "managing_fund_since": "",
      "name": "Milan Mody",
      "qualification": "",
      "total_exp": "10 years"
     },
     {
      "managing_fund_since": "",
      "name": "Mr. Saravanaraj",
      "qualification": "",
      "total_exp": "20 years"
     },
     {
      "managing_fund_since": "",
      "name": "Tracks Telecom",
      "qualification": "",
      "total_exp": "1 year"
     }
    ],
    "load": [
     {
      "comment": ": NIL",
      "type": "entry"
     },
     {
      "comment": ": - Redemption / switch-out of 10% of Units alloted on or before completion of 12 months from the date of allotment- NIL exit load. - Redemption/ switch out in excess of the 10% of Units allotted on or before completion of 12 months from the date of allotment –1.00% exit load. - Nil - if redeemed / switched out after 12 months from the date of allotment",
      "type": "exit"
     }
    ],
    "main_scheme_name": "360 ONE BALANCED HYBRID FUND",
    "metrics": [
     {
      "name": "port_turnover_ratio",
      "value": "0.61 time"
     },
     {
      "name": "mod_duration",
      "value": "20 years"
     },
     {
      "name": "avg_maturity",
      "value": "3.2725 years"
     },
     {
      "name": "macaulay",
      "value": "2.8642 years"
     },
     {
      "name": "ytm",
      "value": "25"
     },
     {
      "name": "treynor_ratio",
      "value": "3.37"
     },
     {
      "name": "r_squared_ratio",
      "value": "31,"
     }
    ],
    "min_addl_amt": "1000",
    "min_addl_amt_multiple": "1",
    "min_amt": "1000",
    "min_amt_multiple": "1",
    "monthly_aaum_date": "20250131",
    "monthly_aaum_value": "852.49 crore",
    "mutual_fund_name": "360 ONE Mutual Fund",
    "scheme_launch_date": "20230925"
   }
  },
  {
   "value": {
    "amc_name": "360 ONE Asset Management Limited",
    "benchmark_index": [
     ": CRISIL Dynamic Bond A-III Index"
    ],
    "field_location": [
     {
      "amc_name": "12",
      "benchmark_index": "12",
      "count": 7,
      "fund_manager_name": "12",
      "fund_manager_total_exp": "12",
      "load_entry": "12",
      "load_exit": "12",
      "main_scheme_name": "12",
      "metrics_avg_maturity": "12",
      "metrics_macaulay": "12",
      "metrics_mod_duration": "12",
      "metrics_ytm": "12",
      "min_addl_amt": "12",
      "min_addl_amt_multiple": "12",
      "min_amt": "12",
      "min_amt_multiple": "12",
      "monthly_aaum_date": "12",
      "monthly_aaum_value": "12",
      "mutual_fund_name": "12",
      "scheme_launch_date": "12"
     }
    ],
    "fund_manager": [
     {
      "managing_fund_since": "",
      "name": "Milan Mody",
      "qualification": "",
      "total_exp": "20 years"
     },
     {
      "managing_fund_since": "",
      "name": "Mr. Saravanaraj",
      "qualification": "",
      "total_exp": "1 year"
     },
     {
      "managing_fund_since": "",
      "name": "Tracks Telecom",
      "qualification": "",
      "total_exp": ""
     }
    ],
    "load": [
     {
      "comment": ": NIL",
      "type": "entry"
     },
     {
      "comment": ": NIL",
      "type": "exit"
     }
    ],
    "main_scheme_name": "360 ONE DYNAMIC BOND FUND",
    "metrics": [
     {
      "name": "mod_duration",
      "value": "7.26"
     },
     {
      "name": "avg_maturity",
      "value": "6.2085 years"
     },
     {
      "name": "macaulay",
      "value": "4.7121 years"
     },
     {
      "name": "ytm",
      "value": "7.4631%"
     }
    ],
    "min_addl_amt": "1000",
    "min_addl_amt_multiple": "1",
    "min_amt": "10,000",
    "min_amt_multiple": "1",
    "monthly_aaum_date": "20250131",
    "monthly_aaum_value": "731.04 crore",
    "mutual_fund_name": "360 ONE Mutual Fund",
    "scheme_launch_date": "20130624"
   }
  },
  {
   "value": {
    "amc_name": "360 ONE Asset Management Limited",
    "benchmark_index": [
     ": CRISIL Liquid Debt A-I Index"
    ],
    "field_location": [
     {
      "amc_name": "13",
      "benchmark_index": "13",
      "count": 7,
      "fund_manager_name": "13",
      "fund_manager_total_exp": "13",
      "load_entry": "13",
      "load_exit": "13",
      "main_scheme_name": "13",
      "metrics_avg_maturity": "13",
      "metrics_macaulay": "13",
      "metrics_mod_duration": "13",
      "min_addl_amt": "13",
      "min_addl_amt_multiple": "13",
      "min_amt": "13",
      "min_amt_multiple": "13",
      "monthly_aaum_date": "13",
      "monthly_aaum_value": "13",
      "mutual_fund_name": "13",
      "scheme_launch_date": "13"
     }
    ],
    "fund_manager": [
     {
      "managing_fund_since": "",
      "name": "Milan Mody",
      "qualification": "",
      "total_exp": "20 years"
     },
     {
      "managing_fund_since": "",
      "name": "Mr. Saravanaraj",
      "qualification": "",
      "total_exp": "1 year"
     },
     {
      "managing_fund_since": "",
      "name": "Tracks Telecom",
      "qualification": "",
      "total_exp": ""
     }
    ],
    "load": [
     {
      "comment": ": NIL 360 ONE Liquid Fund - Dir -",
      "type": "entry"
     },
     {
      "comment": ": Growth Investor exit upon Subscription : Exit load as a % of redemption proceeds",
      "type": "exit"
     }
    ],
    "main_scheme_name": "360 ONE LIQUID FUND",
    "metrics": [
     {
      "name": "mod_duration",
      "value": "20 years"
     },
     {
      "name": "avg_maturity",
      "value": "0.1372 years"
     },
     {
      "name": "macaulay",
      "value": "0.1367 years"
     }
    ],
    "min_addl_amt": "1000",
    "min_addl_amt_multiple": "1",
    "min_amt": "5,000",
    "min_amt_multiple": "1",
    "monthly_aaum_date": "20250131",
    "monthly_aaum_value": "951.48 crore",
    "mutual_fund_name": "360 ONE Mutual Fund",
    "scheme_launch_date": "20131113"
   }
  }
 ]
}