{
 "metadata": {
  "document_name": "20_31-Jan-25_FS.pdf",
  "file_type": "fs",
  "process_date": "20250213"
 },
 "records": [
  {
   "value": {
    "amc_name": "Groww Asset Management Company Limited",
    "benchmark_index": [
     "NIFTY 100 - TRI"
    ],
    "field_location": [
     {
      "amc_name": "14",
      "benchmark_index": "14",
      "count": 20,
      "fund_manager_managing_fund_since": "14",
      "fund_manager_name": "14",
      "fund_manager_total_exp": "14",
      "load_entry": "14",
      "load_exit": "14",
      "main_scheme_name": "14",
      "metrics_port_turnover_ratio": "14",
      "metrics_r_squared_ratio": "14",
      "metrics_sharpe": "14",
      "min_addl_amt": "14",
      "min_addl_amt_multiple": "14",
      "min_amt": "14",
      "min_amt_multiple": "14",
      "monthly_aaum_date": "14",
      "monthly_aaum_value": "14",
      "mutual_fund_name": "14",
      "scheme_launch_date": "14"
     }
    ],
    "fund_manager": [
     {
      "managing_fund_since": "may 11, 2023",
      "name": "Mr. Anupam Tiwari",
      "qualification": "",
      "total_exp": "18 years"
     }
    ],
    "load": [
     {
      "comment": "Not Applicable",
      "type": "entry"
     },
     {
      "comment": "a) 1% if redeemed/ switched out within 7 Days from the date of allotment. b) Nil - if redeemed/ switched out after 7 Days from the date of allotment. Fund Size (as on January 31, 2025) Monthly Average AUM ` 120.73 Crore",
      "type": "exit"
     }
    ],
    "main_scheme_name": "GROWW LARGE CAP FUND",
    "metrics": [
     {
      "name": "sharpe",
      "value": "0.34"
     },
     {
      "name": "port_turnover_ratio",
      "value": "2.14%"
     },
     {
      "name": "r_squared_ratio",
      "value": "5"
     }
    ],
    "min_addl_amt": "100",
    "min_addl_amt_multiple": "1",
    "min_amt": "500",
    "min_amt_multiple": "1",
    "monthly_aaum_date": "20250131",
    "monthly_aaum_value": "120.73 Crore",
    "mutual_fund_name": "Groww Mutual Fund",
    "scheme_launch_date": "20120210"
   }
  },
  {
   "value": {
    "amc_name": "Groww Asset Management Company Limited",
    "benchmark_index": [
     "CRISIL Hybrid 35+65 - Aggressive Index"
    ],
    "field_location": [
     {
      "amc_name": "16",
      "benchmark_index": "16",
      "count": 20,
      "fund_manager_managing_fund_since": "16",
      "fund_manager_name": "16",
      "fund_manager_total_exp": "16",
      "load_entry": "16",
      "load_exit": "16",
      "main_scheme_name": "16",
      "metrics_beta": "16",
      "metrics_port_turnover_ratio": "16",
      "metrics_r_squared_ratio": "16",
      "metrics_sharpe": "16",
      "min_addl_amt": "16",
      "min_addl_amt_multiple": "16",
      "min_amt": "16",
      "min_amt_multiple": "16",
      "monthly_aaum_date": "16",
      "monthly_aaum_value": "16",
      "mutual_fund_name": "16",
      "scheme_launch_date": "16"
     }
    ],
    "fund_manager": [
     {
      "managing_fund_since": "may 11, 2023",
      "name": "Mr. Kaustubh Sule",
      "qualification": "",
      "total_exp": "17 years"
     },
     {
      "managing_fund_since": "may 11, 2023",
      "name": "Mr. Anupam Tiwari",
      "qualification": "",
      "total_exp": "18 years"
     }
    ],
    "load": [
     {
      "comment": "Not Applicable",
      "type": "entry"
     },
     {
      "comment": "a)1% if redeemed/ switched out within 7 Days from the date of allotment, b)Nil - if redeemed/ switched out after 7 Days from the date of allotment Minimum Additional Investment ` 100 and in multiples of ` 1/- thereafter",
      "type": "exit"
     }
    ],
    "main_scheme_name": "GROWW AGGRESSIVE HYBRID FUND",
    "metrics": [
     {
      "name": "sharpe",
      "value": "1.23"
     },
     {
      "name": "beta",
      "value": "1.05"
     },
     {
      "name": "r_squared_ratio",
      "value": "0.94"
     },
     {
      "name": "port_turnover_ratio",
      "value": "1.97%"
     }
    ],
    "min_addl_amt": "100",
    "min_addl_amt_multiple": "1",
    "min_amt": "500",
    "min_amt_multiple": "1",
    "monthly_aaum_date": "20250131",
    "monthly_aaum_value": "44.86 Crore",
    "mutual_fund_name": "Groww Mutual Fund",
    "scheme_launch_date": "20181213"
   }
  },
  {
   "value": {
    "amc_name": "Groww Asset Management Company Limited",
    "benchmark_index": [
     "Nifty 500 TRI"
    ],
    "field_location": [
     {
      "amc_name": "18",
      "benchmark_index": "18",
      "count": 20,
      "fund_manager_managing_fund_since": "18",
      "fund_manager_name": "18",
      "fund_manager_total_exp": "18",
      "load_entry": "18",
      "load_exit": "18",
      "main_scheme_name": "18",
      "metrics_port_turnover_ratio": "18",
      "metrics_r_squared_ratio": "18",
      "metrics_sharpe": "18",
      "min_addl_amt": "18",
      "min_addl_amt_multiple": "18",
      "min_amt": "18",
      "min_amt_multiple": "18",
      "monthly_aaum_date": "18",
      "monthly_aaum_value": "18",
      "mutual_fund_name": "18",
      "scheme_launch_date": "18"
     }
    ],
    "fund_manager": [
     {
      "managing_fund_since": "may 11, 2023",
      "name": "Mr. Anupam Tiwari",
      "qualification": "",
      "total_exp": "18 years"
     }
    ],
    "load": [
     {
      "comment": "Not Applicable",
      "type": "entry"
     },
     {
      "comment": "a) 1% if redeemed/ switched out within 1 year from the date of allotment. b) NIL, if redeemed/ switched out after 1 year from the date of allotment Fund Size (as on January 31, 2025) Monthly Average AUM ` 45.08 Crore",
      "type": "exit"
     }
    ],
    "main_scheme_name": "GROWW VALUE FUND",
    "metrics": [
     {
      "name": "sharpe",
      "value": "0.42"
     },
     {
      "name": "port_turnover_ratio",
      "value": "1.46%"
     },
     {
      "name": "r_squared_ratio",
      "value": "7"
     }
    ],
    "min_addl_amt": "100",
    "min_addl_amt_multiple": "1",
    "min_amt": "500",
    "min_amt_multiple": "1",
    "monthly_aaum_date": "20250131",
    "monthly_aaum_value": "45.08 Crore",
    "mutual_fund_name": "Groww Mutual Fund",
    "scheme_launch_date": "20150908"
   }
  },
  {
   "value": {
    "amc_name": "Groww Asset Management Company Limited",
    "benchmark_index": [
     "BSE 500 TRI"
    ],
    "field_location": [
     {
      "amc_name": "20",
      "benchmark_index": "20",
      "count": 20,
      "fund_manager_managing_fund_since": "20",
      "fund_manager_name": "20",
      "fund_manager_total_exp": "20",
      "load_entry": "20",
      "load_exit": "20",
      "main_scheme_name": "20",
      "metrics_beta": "20",
      "metrics_port_turnover_ratio": "20",
      "metrics_r_squared_ratio": "20",
      "metrics_sharpe": "20",
      "min_addl_amt": "20",
      "min_addl_amt_multiple": "20",
      "min_amt": "20",
      "min_amt_multiple": "20",
      "monthly_aaum_date": "20",
      "monthly_aaum_value": "20",
      "mutual_fund_name": "20",
      "scheme_launch_date": "20"
     }
    ],
    "fund_manager": [
     {
      "managing_fund_since": "may 11, 2023",
      "name": "Mr. Anupam Tiwari",
      "qualification": "",
      "total_exp": "18 years"
     }
    ],
    "load": [
     {
      "comment": "Not Applicable",
      "type": "entry"
     },
     {
      "comment": "Nil Fund Size (as on January 31, 2025) Monthly Average AUM ` 47.62 Crore",
      "type": "exit"
     }
    ],
    "main_scheme_name": "GROWW ELSS TAX SAVER FUND",
    "metrics": [
     {
      "name": "sharpe",
      "value": "0.38"
     },
     {
      "name": "beta",
      "value": "0.96"
     },
     {
      "name": "r_squared_ratio",
      "value": "0.91"
     },
     {
      "name": "port_turnover_ratio",
      "value": "1.68%"
     }
    ],
    "min_addl_amt": "500",
    "min_addl_amt_multiple": "1",
    "min_amt": "500",
    "min_amt_multiple": "500",
    "monthly_aaum_date": "20250131",
    "monthly_aaum_value": "47.62 Crore",
    "mutual_fund_name": "Groww Mutual Fund",
    "scheme_launch_date": "20171228"
   }
  },
  {
   "value": {
    "amc_name": "Groww Asset Management Company Limited",
    "benchmark_index": [
     "Nifty 500 Multicap 50:25:25 Index TRI"
    ],
    "field_location": [
     {
      "amc_name": "22",
      "benchmark_index": "22",
      "count": 20,
      "fund_manager_managing_fund_since": "22",
      "fund_manager_name": "22",
      "fund_manager_total_exp": "22",
      "load_entry": "22",
      "load_exit": "22",
      "main_scheme_name": "22",
      "min_addl_amt": "22",
      "min_addl_amt_multiple": "22",
      "min_amt": "22",
      "min_amt_multiple": "22",
      "monthly_aaum_date": "22",
      "monthly_aaum_value": "22",
      "mutual_fund_name": "22",
      "scheme_launch_date": "22"
     }
    ],
    "fund_manager": [
     {
      "managing_fund_since": "december 16, 2024",
      "name": "Mr. Anupam Tiwari",
      "qualification": "",
      "total_exp": "18 years"
     }
    ],
    "load": [
     {
      "comment": "Not Applicable",
      "type": "entry"
     },
     {
      "comment": "a) 1% if redeemed/ switched out within 1 year from the date of allotment. b) NIL, if redeemed/ switched out after 1 year from the date of allotment Fund Size (as on January 31, 2025) Monthly Average AUM ` 70.17 Crore",
      "type": "exit"
     }
    ],
    "main_scheme_name": "GROWW MULTICAP FUND",
    "min_addl_amt": "100",
    "min_addl_amt_multiple": "1",
    "min_amt": "500",
    "min_amt_multiple": "1",
    "monthly_aaum_date": "20250131",
    "monthly_aaum_value": "70.17 Crore",
    "mutual_fund_name": "Groww Mutual Fund",
    "scheme_launch_date": "20241216"
   }
  },
  {
   "value": {
    "amc_name": "Groww Asset Management Company Limited",
    "benchmark_index": [
     "Nifty Total Market Index TRI (Total Return Index)"
    ],
    "field_location": [
     {
      "amc_name": "23",
      "benchmark_index": "23",
      "count": 20,
      "fund_manager_managing_fund_since": "23",
      "fund_manager_total_exp": "23",
      "load_entry": "23",
      "load_exit": "23",
      "main_scheme_name": "23",
      "min_addl_amt": "23",
      "min_addl_amt_multiple": "23",
      "min_amt": "23",
      "min_amt_multiple": "23",
      "monthly_aaum_date": "23",
      "monthly_aaum_value": "23",
      "mutual_fund_name": "23",
      "scheme_launch_date": "23"
     }
    ],
    "fund_manager": [
     {
      "managing_fund_since": "january 03, 2024",
      "name": "",
      "qualification": "",
      "total_exp": "12 years"
     }
    ],
    "load": [
     {
      "comment": "Nil",
      "type": "entry"
     },
     {
      "comment": "• 0.25% if redeemed/ switched out within 7 Days from the date of allotment. • Nil - if redeemed/ switched out after 7 Days from the date of allotment Fund Size (as on January 31, 2025) Monthly Average AUM ` 262.37 Crore",
      "type": "exit"
     }
    ],
    "main_scheme_name": "GROWW Nifty Total Market Index Fund ",
    "min_addl_amt": "100",
    "min_addl_amt_multiple": "1",
    "min_amt": "500",
    "min_amt_multiple": "1",
    "monthly_aaum_date": "20250131",
    "monthly_aaum_value": "262.37 Crore",
    "mutual_fund_name": "Groww Mutual Fund",
    "scheme_launch_date": "20231023"
   }
  },
  {
   "value": {
    "amc_name": "Groww Asset Management Company Limited",
    "benchmark_index": [
     "Nifty Financial Services Total Return Index"
    ],
    "field_location": [
     {
      "amc_name": "25",
      "benchmark_index": "25",
      "count": 20,
      "fund_manager_managing_fund_since": "25",
      "fund_manager_name": "25",
      "fund_manager_total_exp": "25",
      "load_entry": "25",
      "load_exit": "25",
      "main_scheme_name": "25",
      "min_addl_amt": "25",
      "min_addl_amt_multiple": "25",
      "min_amt": "25",
      "min_amt_multiple": "25",
      "monthly_aaum_date": "25",
      "monthly_aaum_value": "25",
      "mutual_fund_name": "25",
      "scheme_launch_date": "25"
     }
    ],
    "fund_manager": [
     {
      "managing_fund_since": "6th february 2024",
      "name": "Mr. Anupam Tiwari",
      "qualification": "",
      "total_exp": "18 years"
     }
    ],
    "load": [
     {
      "comment": "Nil",
      "type": "entry"
     },
     {
      "comment": "• For redemption / switch-out of units on or before 30 days from the date of allotment: 1.00% of applicable NAV • For redemption / switch-out of units after 30 days from the date of allotment: Nil Fund Size (as on January 31, 2025) Monthly Average AUM ` 47.00 Crore",
      "type": "exit"
     }
    ],
    "main_scheme_name": "GROWW Banking & Financial Services Fund ",
    "min_addl_amt": "100",
    "min_addl_amt_multiple": "1",
    "min_amt": "500",
    "min_amt_multiple": "1",
    "monthly_aaum_date": "20250131",
    "monthly_aaum_value": "47.00 Crore",
    "mutual_fund_name": "Groww Mutual Fund",
    "scheme_launch_date": "20240206"
   }
  },
  {
   "value": {
    "amc_name": "Groww Asset Management Company Limited",
    "benchmark_index": [
     "Nifty Smallcap 250 Index TRI (Total Return Index)"
    ],
    "field_location": [
     {
      "amc_name": "27",
      "benchmark_index": "27",
      "count": 20,
      "fund_manager_managing_fund_since": "27",
      "fund_manager_name": "27",
      "fund_manager_total_exp": "27",
      "load_entry": "27",
      "load_exit": "27",
      "main_scheme_name": "27",
      "min_addl_amt": "27",
      "min_addl_amt_multiple": "27",
      "min_amt": "27",
      "min_amt_multiple": "27",
      "monthly_aaum_date": "27",
      "monthly_aaum_value": "27",
      "mutual_fund_name": "27",
      "scheme_launch_date": "27"
     }
    ],
    "fund_manager": [
     {
      "managing_fund_since": "february 29, 2024",
      "name": "Mr. Abhishek Jain",
      "qualification": "",
      "total_exp": "12 years"
     }
    ],
    "load": [
     {
      "comment": "Not Applicable",
      "type": "entry"
     },
     {
      "comment": "• 0.25% if redeemed/ switched out within 7 Days from the date of allotment. • Nil - if redeemed/ switched out after 7 Days from the date of allotment Fund Size (as on January 31, 2025) Monthly Average AUM ` 94.50 Crore",
      "type": "exit"
     }
    ],
    "main_scheme_name": "GROWW Nifty Smallcap 250 Index Fund ",
    "min_addl_amt": "500",
    "min_addl_amt_multiple": "1",
    "min_amt": "500",
    "min_amt_multiple": "1",
    "monthly_aaum_date": "20250131",
    "monthly_aaum_value": "94.50 Crore",
    "mutual_fund_name": "Groww Mutual Fund",
    "scheme_launch_date": "20240229"
   }
  },
  {
   "value": {
    "amc_name": "Groww Asset Management Company Limited",
    "benchmark_index": [
     "Nifty EV and New Age Automotive Index-TRI"
    ],
    "field_location": [
     {
      "amc_name": "29",
      "benchmark_index": "29",
      "count": 20,
      "fund_manager_managing_fund_since": "29",
      "fund_manager_name": "29",
      "fund_manager_total_exp": "29",
      "load_entry": "29",
      "load_exit": "29",
      "main_scheme_name": "29",
      "min_addl_amt": "29",
      "min_addl_amt_multiple": "29",
      "min_amt": "29",
      "min_amt_multiple": "29",
      "monthly_aaum_date": "29",
      "monthly_aaum_value": "29",
      "mutual_fund_name": "29",
      "scheme_launch_date": "29"
     }
    ],
    "fund_manager": [
     {
      "managing_fund_since": "august 07, 2024",
      "name": "Mr. Abhishek Jain",
      "qualification": "",
      "total_exp": "12 years"
     }
    ],
    "load": [
     {
      "comment": "Nil",
      "type": "entry"
     },
     {
      "comment": "Nil Fund Size (as on January 31, 2025) Monthly Average AUM ` 227.18 Crore",
      "type": "exit"
     }
    ],
    "main_scheme_name": "GROWW Nifty EV & New Age Automotive ETF ",
    "min_addl_amt": "500",
    "min_addl_amt_multiple": "1",
    "min_amt": "500",
    "min_amt_multiple": "1",
    "monthly_aaum_date": "20250131",
    "monthly_aaum_value": "227.18 Crore",
    "mutual_fund_name": "Groww Mutual Fund",
    "scheme_launch_date": "20240807"
   }
  },
  {
   "value": {
    "amc_name": "Groww Asset Management Company Limited",
    "benchmark_index": [
     "Nifty EV and New Age Automotive Index-TRI"
    ],
    "field_location": [
     {
      "amc_name": "30",
      "benchmark_index": "30",
      "count": 20,
      "fund_manager_managing_fund_since": "30",
      "fund_manager_name": "30",
      "fund_manager_total_exp": "30",
      "load_entry": "30",
      "load_exit": "30",
      "main_scheme_name": "30",
      "min_addl_amt": "30",
      "min_addl_amt_multiple": "30",
      "min_amt": "30",
      "min_amt_multiple": "30",
      "monthly_aaum_date": "30",
      "monthly_aaum_value": "30",
      "mutual_fund_name": "30",
      "scheme_launch_date": "30"
     }
    ],
    "fund_manager": [
     {
      "managing_fund_since": "august 12, 2024",
      "name": "Mr. Abhishek Jain",
      "qualification": "",
      "total_exp": "12 years"
     }
    ],
    "load": [
     {
      "comment": "Nil",
      "type": "entry"
     },
     {
      "comment": "If redeemed within 30 days from the date of allotment: 1%; If redeemed after 30 days from the date of allotment: NIL Fund Size (as on January 31, 2025) ` 114.01 Crore ` 114.65 Crore",
      "type": "exit"
     }
    ],
    "main_scheme_name": "GROWW Nifty EV & New Age Automotive ETF FOF ",
    "min_addl_amt": "500",
    "min_addl_amt_multiple": "1",
    "min_amt": "500",
    "min_amt_multiple": "1",
    "monthly_aaum_date": "20250131",
    "monthly_aaum_value": "114.01 Crore",
    "mutual_fund_name": "Groww Mutual Fund",
    "scheme_launch_date": "20240812"
   }
  },
  {
   "value": {
    "amc_name": "Groww Asset Management Company Limited",
    "benchmark_index": [
     "Nifty Non-Cyclical Consumer Index TRI (Total Return Index)"
    ],
    "field_location": [
     {
      "amc_name": "31",
      "benchmark_index": "31",
      "count": 20,
      "fund_manager_managing_fund_since": "31",
      "fund_manager_name": "31",
      "fund_manager_total_exp": "31",
      "load_entry": "31",
      "load_exit": "31",
      "main_scheme_name": "31",
      "min_addl_amt": "31",
      "min_addl_amt_multiple": "31",
      "min_amt": "31",
      "min_amt_multiple": "31",
      "monthly_aaum_date": "31",
      "monthly_aaum_value": "31",
      "mutual_fund_name": "31",
      "scheme_launch_date": "31"
     }
    ],
    "fund_manager": [
     {
      "managing_fund_since": "may 22, 2024",
      "name": "Mr. Abhishek Jain",
      "qualification": "",
      "total_exp": "12 years"
     }
    ],
    "load": [
     {
      "comment": "Nil",
      "type": "entry"
     },
     {
      "comment": "• In respect of each purchase/switch-in of units, an Exit load of 1% is payable if units are redeemed/switched-out within 30 days from the date of allotment. • No Exit Load is payable if units are redeemed / switched-out after 30 days from the date of allotment. No Entry / Exit Load shall be levied on Units allotted on Re-investment of Income Distribution cum Capital Withdrawal. In respect of Systematic Transactions such as SIP, STP, etc. Exit Load, if any, prevailing on the date of registration / enrolment shall be levied. Fund Size (as on January 31, 2025) Monthly Average AUM ` 45.49 Crore",
      "type": "exit"
     }
    ],
    "main_scheme_name": "GROWW Nifty Non-Cyclical Consumer Index Fund ",
    "min_addl_amt": "500",
    "min_addl_amt_multiple": "1",
    "min_amt": "500",
    "min_amt_multiple": "1",
    "monthly_aaum_date": "20250131",
    "monthly_aaum_value": "45.49 Crore",
    "mutual_fund_name": "Groww Mutual Fund",
    "scheme_launch_date": "20240522"
   }
  },
  {
   "value": {
    "amc_name": "Groww Asset Management Company Limited",
    "benchmark_index": [
     "Nifty 1D Rate Index -TRI"
    ],
    "field_location": [
     {
      "amc_name": "33",
      "benchmark_index": "33",
      "count": 20,
      "fund_manager_name": "33",
      "fund_manager_total_exp": "33",
      "load_entry": "33",
      "load_exit": "33",
      "main_scheme_name": "33",
      "metrics_macaulay": "33",
      "metrics_ytm": "33",
      "min_addl_amt": "33",
      "min_addl_amt_multiple": "33",
      "min_amt": "33",
      "min_amt_multiple": "33",
      "monthly_aaum_date": "33",
      "monthly_aaum_value": "33",
      "mutual_fund_name": "33",
      "scheme_launch_date": "33"
     }
    ],
    "fund_manager": [
     {
      "managing_fund_since": "",
      "name": "Mr. Kaustubh Sule",
      "qualification": "",
      "total_exp": "17 years"
     }
    ],
    "load": [
     {
      "comment": "Nil",
      "type": "entry"
     },
     {
      "comment": "NiL Fund Size (as on January 31, 2025) ` 42.51 Crore ` 48.53 Crore",
      "type": "exit"
     }
    ],
    "main_scheme_name": "GROWW Nifty 1D Rate Liquid ETF ",
    "metrics": [
     {
      "name": "ytm",
      "value": "6.75%"
     },
     {
      "name": "macaulay",
      "value": "3.00 Days"
     }
    ],
    "min_addl_amt": "500",
    "min_addl_amt_multiple": "1",
    "min_amt": "500",
    "min_amt_multiple": "1",
    "monthly_aaum_date": "20250131",
    "monthly_aaum_value": "42.51 Crore",
    "mutual_fund_name": "Groww Mutual Fund",
    "scheme_launch_date": "20240924"
   }
  },
  {
   "value": {
    "amc_name": "Groww Asset Management Company Limited",
    "benchmark_index": [
     "Nifty India Defence Index - TRI"
    ],
    "field_location": [
     {
      "amc_name": "34",
      "benchmark_index": "34",
      "count": 20,
      "fund_manager_managing_fund_since": "34",
      "fund_manager_name": "34",
      "fund_manager_total_exp": "34",
      "load_entry": "34",
      "load_exit": "34",
      "main_scheme_name": "34",
      "min_addl_amt": "34",
      "min_addl_amt_multiple": "34",
      "min_amt": "34",
      "min_amt_multiple": "34",
      "monthly_aaum_date": "34",
      "monthly_aaum_value": "34",
      "mutual_fund_name": "34",
      "scheme_launch_date": "34"
     }
    ],
    "fund_manager": [
     {
      "managing_fund_since": "inception",
      "name": "Mr. Abhishek Jain",
      "qualification": "",
      "total_exp": "12 years"
     }
    ],
    "load": [
     {
      "comment": "Nil",
      "type": "entry"
     },
     {
      "comment": "NiL Fund Size (as on January 31, 2025) ` 75.33 Crore ` 81.10 Crore",
      "type": "exit"
     }
    ],
    "main_scheme_name": "GROWW Nifty India Defence ETF ",
    "min_addl_amt": "500",
    "min_addl_amt_multiple": "1",
    "min_amt": "500",
    "min_amt_multiple": "1",
    "monthly_aaum_date": "20250131",
    "monthly_aaum_value": "75.33 Crore",
    "mutual_fund_name": "Groww Mutual Fund",
    "scheme_launch_date": "20241008"
   }
  },
  {
   "value": {
    "amc_name": "Groww Asset Management Company Limited",
    "benchmark_index": [
     "Nifty India Defence Index - TRI"
    ],
    "field_location": [
     {
      "amc_name": "35",
      "benchmark_index": "35",
      "count": 20,
      "fund_manager_managing_fund_since": "35",
      "fund_manager_name": "35",
      "fund_manager_total_exp": "35",
      "load_entry": "35",
      "load_exit": "35",
      "main_scheme_name": "35",
      "min_addl_amt": "35",
      "min_addl_amt_multiple": "35",
      "min_amt": "35",
      "min_amt_multiple": "35",
      "monthly_aaum_date": "35",
      "monthly_aaum_value": "35",
      "mutual_fund_name": "35",
      "scheme_launch_date": "35"
     }
    ],
    "fund_manager": [
     {
      "managing_fund_since": "inception",
      "name": "Mr. Abhishek Jain",
      "qualification": "",
      "total_exp": "12 years"
     }
    ],
    "load": [
     {
      "comment": "Nil",
      "type": "entry"
     },
     {
      "comment": "If redeemed within 30 days from the date of allotment: 1%; If redeemed after 30 days from the date of allotment: NIL Fund Size (as on January 31, 2025) ` 28.33 Crore ` 29.97 Crore",
      "type": "exit"
     }
    ],
    "main_scheme_name": "GROWW Nifty India Defence ETF FOF ",
    "min_addl_amt": "500",
    "min_addl_amt_multiple": "1",
    "min_amt": "500",
    "min_amt_multiple": "1",
    "monthly_aaum_date": "20250131",
    "monthly_aaum_value": "28.33 Crore",
    "mutual_fund_name": "Groww Mutual Fund",
    "scheme_launch_date": "20241011"
   }
  },
  {
   "value": {
    "amc_name": "Groww Asset Management Company Limited",
    "benchmark_index": [
     "Domestic Price of Physical Gold"
    ],
    "field_location": [
     {
      "amc_name": "36",
      "benchmark_index": "36",
      "count": 20,
      "fund_manager_managing_fund_since": "36",
      "fund_manager_name": "36",
      "fund_manager_total_exp": "36",
      "load_entry": "36",
      "load_exit": "36",
      "main_scheme_name": "36",
      "min_addl_amt": "36",
      "min_addl_amt_multiple": "36",
      "min_amt": "36",
      "min_amt_multiple": "36",
      "monthly_aaum_date": "36",
      "monthly_aaum_value": "36",
      "mutual_fund_name": "36",
      "scheme_launch_date": "36"
     }
    ],
    "fund_manager": [
     {
      "managing_fund_since": "inception",
      "name": "Mr. Wilfred Gonsalves",
      "qualification": "",
      "total_exp": "07 years"
     }
    ],
    "load": [
     {
      "comment": "Nil",
      "type": "entry"
     },
     {
      "comment": "NiL Fund Size (as on January 31, 2025) ` 57.63 Crore ` 60.15 Crore",
      "type": "exit"
     }
    ],
    "main_scheme_name": "GROWW Gold ETF ",
    "min_addl_amt": "500",
    "min_addl_amt_multiple": "1",
    "min_amt": "500",
    "min_amt_multiple": "1",
    "monthly_aaum_date": "20250131",
    "monthly_aaum_value": "57.63 Crore",
    "mutual_fund_name": "Groww Mutual Fund",
    "scheme_launch_date": "20241022"
   }
  },
  {
   "value": {
    "amc_name": "Groww Asset Management Company Limited",
    "benchmark_index": [
     "Domestic Price of Gold"
    ],
    "field_location": [
     {
      "amc_name": "37",
      "benchmark_index": "37",
      "count": 20,
      "fund_manager_managing_fund_since": "37",
      "fund_manager_name": "37",
      "fund_manager_total_exp": "37",
      "load_entry": "37",
      "load_exit": "37",
      "main_scheme_name": "37",
      "min_addl_amt": "37",
      "min_addl_amt_multiple": "37",
      "min_amt": "37",
      "min_amt_multiple": "37",
      "monthly_aaum_date": "37",
      "monthly_aaum_value": "37",
      "mutual_fund_name": "37",
      "scheme_launch_date": "37"
     }
    ],
    "fund_manager": [
     {
      "managing_fund_since": "inception",
      "name": "Mr. Wilfred Gonsalves",
      "qualification": "",
      "total_exp": "07 years"
     }
    ],
    "load": [
     {
      "comment": "Nil",
      "type": "entry"
     },
     {
      "comment": "If redeemed within 30 days from the date of allotment: 1%; If redeemed after 30 days from the date of allotment: NIL Fund Size (as on January 31, 2025) ` 16.89 Crore ` 17.97 Crore",
      "type": "exit"
     }
    ],
    "main_scheme_name": "GROWW Gold ETF FOF ",
    "min_addl_amt": "500",
    "min_addl_amt_multiple": "1",
    "min_amt": "500",
    "min_amt_multiple": "1",
    "monthly_aaum_date": "20250131",
    "monthly_aaum_value": "16.89 Crore",
    "mutual_fund_name": "Groww Mutual Fund",
    "scheme_launch_date": "20241106"
   }
  },
  {
   "value": {
    "amc_name": "Groww Asset Management Company Limited",
    "benchmark_index": [
     "CRISIL Liquid Overnight Index"
    ],
    "field_location": [
     {
      "amc_name": "38",
      "benchmark_index": "38",
      "count": 20,
      "fund_manager_managing_fund_since": "38",
      "fund_manager_name": "38",
      "fund_manager_total_exp": "38",
      "load_entry": "38",
      "load_exit": "38",
      "main_scheme_name": "38",
      "metrics_macaulay": "38",
      "metrics_mod_duration": "38",
      "metrics_ytm": "38",
      "min_addl_amt": "38",
      "min_addl_amt_multiple": "38",
      "min_amt": "38",
      "min_amt_multiple": "38",
      "monthly_aaum_date": "38",
      "monthly_aaum_value": "38",
      "mutual_fund_name": "38",
      "scheme_launch_date": "38"
     }
    ],
    "fund_manager": [
     {
      "managing_fund_since": "may 11, 2023",
      "name": "Mr. Kaustubh Sule",
      "qualification": "",
      "total_exp": "17 years"
     }
    ],
    "load": [
     {
      "comment": "Not Applicable",
      "type": "entry"
     },
     {
      "comment": "Nil Fund Size (as on January 31, 2025) Monthly Average AUM ` 33.74 Crore",
      "type": "exit"
     }
    ],
    "main_scheme_name": "GROWW OVERNIGHT FUND",
    "metrics": [
     {
      "name": "ytm",
      "value": "6.75%"
     },
     {
      "name": "mod_duration",
      "value": "2.99 Days"
     },
     {
      "name": "macaulay",
      "value": "2.99 Days"
     }
    ],
    "min_addl_amt": "100",
    "min_addl_amt_multiple": "1",
    "min_amt": "500",
    "min_amt_multiple": "1",
    "monthly_aaum_date": "20250131",
    "monthly_aaum_value": "33.74 Crore",
    "mutual_fund_name": "Groww Mutual Fund",
    "scheme_launch_date": "20190708"
   }
  },
  {
   "value": {
    "amc_name": "Groww Asset Management Company Limited",
    "benchmark_index": [
     "CRISIL Liquid Debt A-I Index"
    ],
    "field_location": [
     {
      "amc_name": "39",
      "benchmark_index": "39",
      "count": 20,
      "fund_manager_managing_fund_since": "39",
      "fund_manager_name": "39",
      "fund_manager_total_exp": "39",
      "load_entry": "39",
      "load_exit": "39",
      "main_scheme_name": "39",
      "metrics_macaulay": "39",
      "metrics_mod_duration": "39",
      "metrics_ytm": "39",
      "min_addl_amt": "39",
      "min_addl_amt_multiple": "39",
      "min_amt": "39",
      "min_amt_multiple": "39",
      "monthly_aaum_date": "39",
      "monthly_aaum_value": "39",
      "mutual_fund_name": "39",
      "scheme_launch_date": "39"
     }
    ],
    "fund_manager": [
     {
      "managing_fund_since": "may 11, 2023",
      "name": "Mr. Kaustubh Sule",
      "qualification": "",
      "total_exp": "17 years"
     }
    ],
    "load": [
     {
      "comment": "Not Applicable",
      "type": "entry"
     },
     {
      "comment": "Investor exit Day 7 Day 1 Day 2 Day 3 Day 4 Day 5 Day 6 upon subscription* onwards Exit Load as a % of redemption proceeds 0.0070% 0.0065% 0.0060% 0.0055% 0.0050% 0.0045% 0.0000% *The date of applicable NAV towards redemption units shall be considered for calculating the number of subscription days. Fund Size (as on January 31, 2025) Monthly Average AUM ` 162.27 Crore",
      "type": "exit"
     }
    ],
    "main_scheme_name": "GROWW LIQUID FUND",
    "metrics": [
     {
      "name": "ytm",
      "value": "7.20%"
     },
     {
      "name": "mod_duration",
      "value": "39.35 Days"
     },
     {
      "name": "macaulay",
      "value": "39.11 Days"
     }
    ],
    "min_addl_amt": "100",
    "min_addl_amt_multiple": "1",
    "min_amt": "500",
    "min_amt_multiple": "1",
    "monthly_aaum_date": "20250131",
    "monthly_aaum_value": "162.27 Crore",
    "mutual_fund_name": "Groww Mutual Fund",
    "scheme_launch_date": "20111025"
   }
  },
  {
   "value": {
    "amc_name": "Groww Asset Management Company Limited",
    "benchmark_index": [
     "CRISIL Short Duration Debt A-II Index"
    ],
    "field_location": [
     {
      "amc_name": "41",
      "benchmark_index": "41",
      "count": 20,
      "fund_manager_managing_fund_since": "41",
      "fund_manager_name": "41",
      "fund_manager_total_exp": "41",
      "load_entry": "41",
      "load_exit": "41",
      "main_scheme_name": "41",
      "metrics_macaulay": "41",
      "metrics_mod_duration": "41",
      "metrics_ytm": "41",
      "min_addl_amt": "41",
      "min_addl_amt_multiple": "41",
      "min_amt": "41",
      "min_amt_multiple": "41",
      "monthly_aaum_date": "41",
      "monthly_aaum_value": "41",
      "mutual_fund_name": "41",
      "scheme_launch_date": "41"
     }
    ],
    "fund_manager": [
     {
      "managing_fund_since": "may 11, 2023",
      "name": "Mr. Kaustubh Sule",
      "qualification": "",
      "total_exp": "17 years"
     }
    ],
    "load": [
     {
      "comment": "Not Applicable",
      "type": "entry"
     },
     {
      "comment": "Nil Fund Size (as on January 31, 2025) Monthly Average AUM ` 59.88 Crore",
      "type": "exit"
     }
    ],
    "main_scheme_name": "GROWW SHORT DURATION FUND",
    "metrics": [
     {
      "name": "ytm",
      "value": "7.40%"
     },
     {
      "name": "mod_duration",
      "value": "3.43 Years"
     },
     {
      "name": "macaulay",
      "value": "2.84 Years"
     }
    ],
    "min_addl_amt": "100",
    "min_addl_amt_multiple": "1",
    "min_amt": "500",
    "min_amt_multiple": "1",
    "monthly_aaum_date": "20250131",
    "monthly_aaum_value": "59.88 Crore",
    "mutual_fund_name": "Groww Mutual Fund",
    "scheme_launch_date": "20130913"
   }
  },
  {
   "value": {
    "amc_name": "Groww Asset Management Company Limited",
    "benchmark_index": [
     "CRISIL Dynamic Bond A-III Index"
    ],
    "field_location": [
     {
      "amc_name": "43",
      "benchmark_index": "43",
      "count": 20,
      "fund_manager_managing_fund_since": "43",
      "fund_manager_name": "43",
      "fund_manager_total_exp": "43",
      "load_entry": "43",
      "load_exit": "43",
      "main_scheme_name": "43",
      "metrics_macaulay": "43",
      "metrics_mod_duration": "43",
      "metrics_ytm": "43",
      "min_addl_amt": "43",
      "min_addl_amt_multiple": "43",
      "min_amt": "43",
      "min_amt_multiple": "43",
      "monthly_aaum_date": "43",
      "monthly_aaum_value": "43",
      "mutual_fund_name": "43",
      "scheme_launch_date": "43"
     }
    ],
    "fund_manager": [
     {
      "managing_fund_since": "may 11, 2023",
      "name": "Mr. Kaustubh Sule",
      "qualification": "",
      "total_exp": "17 years"
     }
    ],
    "load": [
     {
      "comment": "Not Applicable",
      "type": "entry"
     },
     {
      "comment": "Nil Fund Size (as on January 31, 2025) Monthly Average AUM ` 57.49 Crore",
      "type": "exit"
     }
    ],
    "main_scheme_name": "GROWW DYNAMIC BOND FUND",
    "metrics": [
     {
      "name": "ytm",
      "value": "7.12%"
     },
     {
      "name": "mod_duration",
      "value": "32.10 Years"
     },
     {
      "name": "macaulay",
      "value": "11.31 Years"
     }
    ],
    "min_addl_amt": "100",
    "min_addl_amt_multiple": "1",
    "min_amt": "500",
    "min_amt_multiple": "1",
    "monthly_aaum_date": "20250131",
    "monthly_aaum_value": "57.49 Crore",
    "mutual_fund_name": "Groww Mutual Fund",
    "scheme_launch_date": "20181206"
   }
  }
 ]
}