{
 "metadata": {
  "document_name": "21_31-Jan-25_FS.pdf",
  "file_type": "fs",
  "process_date": "20250219"
 },
 "records": [
  {
   "value": {
    "amc_name": "Invesco Asset Management (India) Private Limited",
    "benchmark_index": [
     "BSE 500 TRI"
    ],
    "field_location": [
     {
      "amc_name": "5",
      "benchmark_index": "5",
      "count": 39,
      "fund_manager_managing_fund_since": "5",
      "fund_manager_name": "5",
      "fund_manager_total_exp": "5",
      "load_exit": "5",
      "main_scheme_name": "5",
      "metrics_average_pb": "5",
      "metrics_average_pe": "5",
      "metrics_beta": "5",
      "metrics_port_turnover_ratio": "5",
      "metrics_sharpe": "5",
      "metrics_std_dev": "5",
      "min_addl_amt": "5",
      "min_addl_amt_multiple": "5",
      "min_amt": "5",
      "min_amt_multiple": "5",
      "monthly_aaum_date": "5",
      "monthly_aaum_value": "5",
      "mutual_fund_name": "5",
      "scheme_launch_date": "5"
     }
    ],
    "fund_manager": [
     {
      "managing_fund_since": "september 3, 2020",
      "name": "Amit Nigam",
      "qualification": "",
      "total_exp": "23 years"
     },
     {
      "managing_fund_since": "march 29, 2018",
      "name": "Dhimant Kothari",
      "qualification": "",
      "total_exp": "19 years"
     }
    ],
    "load": [
     {
      "comment": "1 Nil",
      "type": "exit"
     }
    ],
    "main_scheme_name": "Invesco India ELSS Tax Saver Fund",
    "metrics": [
     {
      "name": "sharpe",
      "value": "0.13"
     },
     {
      "name": "std_dev",
      "value": "4.16%"
     },
     {
      "name": "beta",
      "value": "0.98"
     },
     {
      "name": "port_turnover_ratio",
      "value": "0.91 (1 Year)"
     },
     {
      "name": "average_pe",
      "value": "25"
     },
     {
      "name": "average_pb",
      "value": "5.3"
     }
    ],
    "min_addl_amt": "500",
    "min_addl_amt_multiple": "500",
    "min_amt": "500",
    "min_amt_multiple": "500",
    "monthly_aaum_date": "JANUARY 2025",
    "monthly_aaum_value": "2,848.68 crores",
    "mutual_fund_name": "Invesco Mutual Fund",
    "scheme_launch_date": "29 TH DECEMBER, 2006"
   }
  },
  {
   "value": {
    "amc_name": "Invesco Asset Management (India) Private Limited",
    "benchmark_index": [
     "NIFTY 500 Multicap 50:25:25 TRI"
    ],
    "field_location": [
     {
      "amc_name": "6",
      "benchmark_index": "6",
      "count": 39,
      "fund_manager_managing_fund_since": "6",
      "fund_manager_name": "6",
      "fund_manager_total_exp": "6",
      "load_exit": "6",
      "main_scheme_name": "6",
      "metrics_average_pb": "6",
      "metrics_average_pe": "6",
      "metrics_beta": "6",
      "metrics_port_turnover_ratio": "6",
      "metrics_sharpe": "6",
      "metrics_std_dev": "6",
      "min_addl_amt": "6",
      "min_addl_amt_multiple": "6",
      "min_amt": "6",
      "min_amt_multiple": "6",
      "monthly_aaum_date": "6",
      "monthly_aaum_value": "6",
      "mutual_fund_name": "6",
      "scheme_launch_date": "6"
     }
    ],
    "fund_manager": [
     {
      "managing_fund_since": "december 1, 2023",
      "name": "Dhimant Kothari",
      "qualification": "",
      "total_exp": "19 years"
     },
     {
      "managing_fund_since": "september 3, 2020",
      "name": "Amit Nigam",
      "qualification": "",
      "total_exp": "23 years"
     }
    ],
    "load": [
     {
      "comment": "1 • Nil - if upto 10% of Units allotted are redeemed / switched-out within 1 year from the date of allotment. • 1% - for any redemption / switch- out in excess of 10% of units allotted within one year from the date of allotment. • Nil - if units are redeemed or switched-out after 1 year from the date of allotment. Switch between the Plans under the Scheme, please refer page no. 61.",
      "type": "exit"
     }
    ],
    "main_scheme_name": "Invesco India Multicap Fund",
    "metrics": [
     {
      "name": "sharpe",
      "value": "0.19"
     },
     {
      "name": "std_dev",
      "value": "4.12%"
     },
     {
      "name": "beta",
      "value": "0.92"
     },
     {
      "name": "port_turnover_ratio",
      "value": "1.26 (1 Year)"
     },
     {
      "name": "average_pe",
      "value": "25"
     },
     {
      "name": "average_pb",
      "value": "6.4"
     }
    ],
    "min_addl_amt": "1,000",
    "min_addl_amt_multiple": "1",
    "min_amt": "1,000",
    "min_amt_multiple": "1",
    "monthly_aaum_date": "JANUARY 2025",
    "monthly_aaum_value": "3,803.76 crores",
    "mutual_fund_name": "Invesco Mutual Fund",
    "scheme_launch_date": "17 TH MARCH, 2008"
   }
  },
  {
   "value": {
    "amc_name": "Invesco Asset Management (India) Private Limited",
    "benchmark_index": [
     "BSE 500 TRI"
    ],
    "field_location": [
     {
      "amc_name": "7",
      "benchmark_index": "7",
      "count": 39,
      "fund_manager_managing_fund_since": "7",
      "fund_manager_name": "7",
      "fund_manager_total_exp": "7",
      "load_exit": "7",
      "main_scheme_name": "7",
      "metrics_average_pb": "7",
      "metrics_average_pe": "7",
      "metrics_beta": "7",
      "metrics_port_turnover_ratio": "7",
      "metrics_sharpe": "7",
      "metrics_std_dev": "7",
      "min_addl_amt": "7",
      "min_addl_amt_multiple": "7",
      "min_amt": "7",
      "min_amt_multiple": "7",
      "monthly_aaum_date": "7",
      "monthly_aaum_value": "7",
      "mutual_fund_name": "7",
      "scheme_launch_date": "7"
     }
    ],
    "fund_manager": [
     {
      "managing_fund_since": "january 13, 2017",
      "name": "Taher Badshah",
      "qualification": "",
      "total_exp": "30 years"
     },
     {
      "managing_fund_since": "december 1, 2023",
      "name": "Amit Ganatra",
      "qualification": "",
      "total_exp": "21 years"
     }
    ],
    "load": [
     {
      "comment": "1 • Nil - if upto 10% of Units allotted are redeemed / switched-out within 1 year from the date of allotment. • 1% - for any redemption / switch- out in excess of 10% of units allotted within one year from the date of allotment. • Nil - if units are redeemed or switched-out after 1 year from the date of allotment. Switch between the Plans under the Scheme, please refer page no. 61.",
      "type": "exit"
     }
    ],
    "main_scheme_name": "Invesco India Contra Fund",
    "metrics": [
     {
      "name": "sharpe",
      "value": "0.22"
     },
     {
      "name": "std_dev",
      "value": "4.06%"
     },
     {
      "name": "beta",
      "value": "0.98"
     },
     {
      "name": "port_turnover_ratio",
      "value": "0.73 (1 Year)"
     },
     {
      "name": "average_pe",
      "value": "25"
     },
     {
      "name": "average_pb",
      "value": "4.1"
     }
    ],
    "min_addl_amt": "1,000",
    "min_addl_amt_multiple": "1",
    "min_amt": "1,000",
    "min_amt_multiple": "1",
    "monthly_aaum_date": "JANUARY 2025",
    "monthly_aaum_value": "17,507.46 crores",
    "mutual_fund_name": "Invesco Mutual Fund",
    "scheme_launch_date": "11 TH APRIL, 2007"
   }
  },
  {
   "value": {
    "amc_name": "Invesco Asset Management (India) Private Limited",
    "benchmark_index": [
     "NIFTY 100 TRI"
    ],
    "field_location": [
     {
      "amc_name": "8",
      "benchmark_index": "8",
      "count": 39,
      "fund_manager_managing_fund_since": "8",
      "fund_manager_name": "8",
      "fund_manager_total_exp": "8",
      "load_exit": "8",
      "main_scheme_name": "8",
      "metrics_average_pb": "8",
      "metrics_average_pe": "8",
      "metrics_beta": "8",
      "metrics_port_turnover_ratio": "8",
      "metrics_sharpe": "8",
      "metrics_std_dev": "8",
      "min_addl_amt": "8",
      "min_addl_amt_multiple": "8",
      "min_amt": "8",
      "min_amt_multiple": "8",
      "monthly_aaum_date": "8",
      "monthly_aaum_value": "8",
      "mutual_fund_name": "8",
      "scheme_launch_date": "8"
     }
    ],
    "fund_manager": [
     {
      "managing_fund_since": "september 3, 2020",
      "name": "Amit Nigam",
      "qualification": "",
      "total_exp": "23 years"
     },
     {
      "managing_fund_since": "december 1, 2023",
      "name": "Hiten Jain",
      "qualification": "",
      "total_exp": "15 years"
     }
    ],
    "load": [
     {
      "comment": "1 Nil",
      "type": "exit"
     }
    ],
    "main_scheme_name": "Invesco India Largecap Fund",
    "metrics": [
     {
      "name": "sharpe",
      "value": "0.12"
     },
     {
      "name": "std_dev",
      "value": "4.00%"
     },
     {
      "name": "beta",
      "value": "0.99"
     },
     {
      "name": "port_turnover_ratio",
      "value": "0.70 (1 Year)"
     },
     {
      "name": "average_pe",
      "value": "25"
     },
     {
      "name": "average_pb",
      "value": "4.1"
     }
    ],
    "min_addl_amt": "1,000",
    "min_addl_amt_multiple": "1",
    "min_amt": "1,000",
    "min_amt_multiple": "1",
    "monthly_aaum_date": "JANUARY 2025",
    "monthly_aaum_value": "1,303.30 crores",
    "mutual_fund_name": "Invesco Mutual Fund",
    "scheme_launch_date": "21 ST AUGUST, 2009"
   }
  },
  {
   "value": {
    "amc_name": "Invesco Asset Management (India) Private Limited",
    "benchmark_index": [
     "BSE 500 TRI"
    ],
    "field_location": [
     {
      "amc_name": "9",
      "benchmark_index": "9",
      "count": 39,
      "fund_manager_managing_fund_since": "9",
      "fund_manager_name": "9",
      "fund_manager_total_exp": "9",
      "load_exit": "9",
      "main_scheme_name": "9",
      "metrics_average_pb": "9",
      "metrics_average_pe": "9",
      "metrics_beta": "9",
      "metrics_port_turnover_ratio": "9",
      "metrics_sharpe": "9",
      "metrics_std_dev": "9",
      "min_addl_amt": "9",
      "min_addl_amt_multiple": "9",
      "min_amt": "9",
      "min_amt_multiple": "9",
      "monthly_aaum_date": "9",
      "monthly_aaum_value": "9",
      "mutual_fund_name": "9",
      "scheme_launch_date": "9"
     }
    ],
    "fund_manager": [
     {
      "managing_fund_since": "september 29, 2020",
      "name": "Taher Badshah",
      "qualification": "",
      "total_exp": "30 years"
     },
     {
      "managing_fund_since": "september 14, 2022",
      "name": "Hiten Jain",
      "qualification": "",
      "total_exp": "15 years"
     }
    ],
    "load": [
     {
      "comment": "1 • Nil - if upto 10% of Units allotted are redeemed / switched-out within 1 year from the date of allotment. • 1% - for any redemption / switch- out in excess of 10% of units allotted within one year from the date of allotment. • Nil - if units are redeemed or switched-out after 1 year from the date of allotment. Switch between the Plans under the Scheme, please refer page no. 61.",
      "type": "exit"
     }
    ],
    "main_scheme_name": "Invesco India Focused Fund",
    "metrics": [
     {
      "name": "sharpe",
      "value": "0.22"
     },
     {
      "name": "std_dev",
      "value": "4.50%"
     },
     {
      "name": "beta",
      "value": "1.00"
     },
     {
      "name": "port_turnover_ratio",
      "value": "0.41 (1 Year)"
     },
     {
      "name": "average_pe",
      "value": "25"
     },
     {
      "name": "average_pb",
      "value": "6.8"
     }
    ],
    "min_addl_amt": "1,000",
    "min_addl_amt_multiple": "1",
    "min_amt": "1,000",
    "min_amt_multiple": "1",
    "monthly_aaum_date": "JANUARY 2025",
    "monthly_aaum_value": "3,261.49 crores",
    "mutual_fund_name": "Invesco Mutual Fund",
    "scheme_launch_date": "29 TH SEPTEMBER, 2020"
   }
  },
  {
   "value": {
    "amc_name": "Invesco Asset Management (India) Private Limited",
    "benchmark_index": [
     "NIFTY LargeMidcap 250 TRI"
    ],
    "field_location": [
     {
      "amc_name": "10",
      "benchmark_index": "10",
      "count": 39,
      "fund_manager_managing_fund_since": "10",
      "fund_manager_name": "10",
      "fund_manager_total_exp": "10",
      "load_exit": "10",
      "main_scheme_name": "10",
      "metrics_average_pb": "10",
      "metrics_average_pe": "10",
      "metrics_beta": "10",
      "metrics_port_turnover_ratio": "10",
      "metrics_sharpe": "10",
      "metrics_std_dev": "10",
      "min_addl_amt": "10",
      "min_addl_amt_multiple": "10",
      "min_amt": "10",
      "min_amt_multiple": "10",
      "monthly_aaum_date": "10",
      "monthly_aaum_value": "10",
      "mutual_fund_name": "10",
      "scheme_launch_date": "10"
     }
    ],
    "fund_manager": [
     {
      "managing_fund_since": "november 9, 2023",
      "name": "Aditya Khemani",
      "qualification": "",
      "total_exp": "18 years"
     },
     {
      "managing_fund_since": "january 21, 2022",
      "name": "Amit Ganatra",
      "qualification": "",
      "total_exp": "21 years"
     }
    ],
    "load": [
     {
      "comment": "1 • Nil - if upto 10% of Units allotted are redeemed / switched-out within 1 year from the date of allotment. • 1% - for any redemption / switch- out in excess of 10% of units allotted within one year from the date of allotment. • Nil - if units are redeemed or switched-out after 1 year from the date of allotment. Switch between the Plans under the Scheme, please refer page no. 61.",
      "type": "exit"
     }
    ],
    "main_scheme_name": "Invesco India Large & Mid Cap Fund",
    "metrics": [
     {
      "name": "sharpe",
      "value": "0.23"
     },
     {
      "name": "std_dev",
      "value": "4.33%"
     },
     {
      "name": "beta",
      "value": "0.98"
     },
     {
      "name": "port_turnover_ratio",
      "value": "0.76 (1 Year)"
     },
     {
      "name": "average_pe",
      "value": "25"
     },
     {
      "name": "average_pb",
      "value": "5.7"
     }
    ],
    "min_addl_amt": "1,000",
    "min_addl_amt_multiple": "1",
    "min_amt": "1,000",
    "min_amt_multiple": "1",
    "monthly_aaum_date": "JANUARY 2025",
    "monthly_aaum_value": "6,413.74 crores",
    "mutual_fund_name": "Invesco Mutual Fund",
    "scheme_launch_date": "9 TH AUGUST, 2007"
   }
  },
  {
   "value": {
    "amc_name": "Invesco Asset Management (India) Private Limited",
    "benchmark_index": [
     "BSE 150 Midcap TRI"
    ],
    "field_location": [
     {
      "amc_name": "11",
      "benchmark_index": "11",
      "count": 39,
      "fund_manager_managing_fund_since": "11",
      "fund_manager_name": "11",
      "fund_manager_total_exp": "11",
      "load_exit": "11",
      "main_scheme_name": "11",
      "metrics_average_pb": "11",
      "metrics_average_pe": "11",
      "metrics_beta": "11",
      "metrics_port_turnover_ratio": "11",
      "metrics_sharpe": "11",
      "metrics_std_dev": "11",
      "min_addl_amt": "11",
      "min_addl_amt_multiple": "11",
      "min_amt": "11",
      "min_amt_multiple": "11",
      "monthly_aaum_date": "11",
      "monthly_aaum_value": "11",
      "mutual_fund_name": "11",
      "scheme_launch_date": "11"
     }
    ],
    "fund_manager": [
     {
      "managing_fund_since": "november 9, 2023",
      "name": "Aditya Khemani",
      "qualification": "",
      "total_exp": "18 years"
     },
     {
      "managing_fund_since": "september 1, 2023",
      "name": "Amit Ganatra",
      "qualification": "",
      "total_exp": "21 years"
     }
    ],
    "load": [
     {
      "comment": "1 • Nil - if upto 10% of Units allotted are redeemed / switched-out within 1 year from the date of allotment. • 1% - for any redemption / switch- out in excess of 10% of units allotted within one year from the date of allotment. • Nil - if units are redeemed or switched-out after 1 year from the date of allotment. Switch between the Plans under the Scheme, please refer page no. 61.",
      "type": "exit"
     }
    ],
    "main_scheme_name": "Invesco India Midcap Fund",
    "metrics": [
     {
      "name": "sharpe",
      "value": "0.24"
     },
     {
      "name": "std_dev",
      "value": "4.67%"
     },
     {
      "name": "beta",
      "value": "0.95"
     },
     {
      "name": "port_turnover_ratio",
      "value": "0.51 (1 Year)"
     },
     {
      "name": "average_pe",
      "value": "25"
     },
     {
      "name": "average_pb",
      "value": "5.8"
     }
    ],
    "min_addl_amt": "1,000",
    "min_addl_amt_multiple": "1",
    "min_amt": "1,000",
    "min_amt_multiple": "1",
    "monthly_aaum_date": "JANUARY 2025",
    "monthly_aaum_value": "5,857.42 crores",
    "mutual_fund_name": "Invesco Mutual Fund",
    "scheme_launch_date": "19 TH APRIL, 2007"
   }
  },
  {
   "value": {
    "amc_name": "Invesco Asset Management (India) Private Limited",
    "benchmark_index": [
     "BSE 250 Smallcap TRI"
    ],
    "field_location": [
     {
      "amc_name": "12",
      "benchmark_index": "12",
      "count": 39,
      "fund_manager_managing_fund_since": "12",
      "fund_manager_name": "12",
      "fund_manager_total_exp": "12",
      "load_exit": "12",
      "main_scheme_name": "12",
      "metrics_average_pb": "12",
      "metrics_average_pe": "12",
      "metrics_beta": "12",
      "metrics_port_turnover_ratio": "12",
      "metrics_sharpe": "12",
      "metrics_std_dev": "12",
      "min_addl_amt": "12",
      "min_addl_amt_multiple": "12",
      "min_amt": "12",
      "min_amt_multiple": "12",
      "monthly_aaum_date": "12",
      "monthly_aaum_value": "12",
      "mutual_fund_name": "12",
      "scheme_launch_date": "12"
     }
    ],
    "fund_manager": [
     {
      "managing_fund_since": "october 30, 2018",
      "name": "Taher Badshah",
      "qualification": "",
      "total_exp": "30 years"
     },
     {
      "managing_fund_since": "november 9, 2023",
      "name": "Aditya Khemani",
      "qualification": "",
      "total_exp": "18 years"
     }
    ],
    "load": [
     {
      "comment": "1 • Nil - if upto 10% of Units allotted are redeemed/switched-out within 1 year from the date of allotment. • 1% - for any redemption / switch-out in excess of 10% of units allotted within one year from the date of allotment. • Nil - if units are redeemed or switched-out after 1 year from the date of allotment. Switch between the Plans under the Scheme, please refer page no. 61.",
      "type": "exit"
     }
    ],
    "main_scheme_name": "Invesco India Smallcap Fund",
    "metrics": [
     {
      "name": "sharpe",
      "value": "0.27"
     },
     {
      "name": "std_dev",
      "value": "4.56%"
     },
     {
      "name": "beta",
      "value": "0.78"
     },
     {
      "name": "port_turnover_ratio",
      "value": "0.33 (1 Year)"
     },
     {
      "name": "average_pe",
      "value": "25"
     },
     {
      "name": "average_pb",
      "value": "6.6"
     }
    ],
    "min_addl_amt": "1,000",
    "min_addl_amt_multiple": "1",
    "min_amt": "1,000",
    "min_amt_multiple": "1",
    "monthly_aaum_date": "JANUARY 2025",
    "monthly_aaum_value": "6,029.22 crores",
    "mutual_fund_name": "Invesco Mutual Fund",
    "scheme_launch_date": "30 TH OCTOBER, 2018"
   }
  },
  {
   "value": {
    "amc_name": "Invesco Asset Management (India) Private Limited",
    "benchmark_index": [
     "Nifty Financial Services TRI"
    ],
    "field_location": [
     {
      "amc_name": "13",
      "benchmark_index": "13",
      "count": 39,
      "fund_manager_managing_fund_since": "13",
      "fund_manager_name": "13",
      "fund_manager_total_exp": "13",
      "load_exit": "13",
      "main_scheme_name": "13",
      "metrics_average_pb": "13",
      "metrics_average_pe": "13",
      "metrics_beta": "13",
      "metrics_port_turnover_ratio": "13",
      "metrics_sharpe": "13",
      "metrics_std_dev": "13",
      "min_addl_amt": "13",
      "min_addl_amt_multiple": "13",
      "min_amt": "13",
      "min_amt_multiple": "13",
      "monthly_aaum_date": "13",
      "monthly_aaum_value": "13",
      "mutual_fund_name": "13",
      "scheme_launch_date": "13"
     }
    ],
    "fund_manager": [
     {
      "managing_fund_since": "may 19, 2020",
      "name": "Hiten Jain",
      "qualification": "",
      "total_exp": "15 years"
     },
     {
      "managing_fund_since": "june 1, 2018",
      "name": "Dhimant Kothari",
      "qualification": "",
      "total_exp": "19 years"
     }
    ],
    "load": [
     {
      "comment": "1 • Nil - if upto 10% of Units allotted are redeemed / switched-out within 1 year from the date of allotment. • 1% - for any redemption / switch- out in excess of 10% of units allotted within one year from the date of allotment. • Nil - if units are redeemed or switched-out after 1 year from the date of allotment. Switch between the Plans under the Scheme, please refer page no. 61.",
      "type": "exit"
     }
    ],
    "main_scheme_name": "Invesco India Financial Services Fund",
    "metrics": [
     {
      "name": "sharpe",
      "value": "0.18"
     },
     {
      "name": "std_dev",
      "value": "4.24%"
     },
     {
      "name": "beta",
      "value": "0.90"
     },
     {
      "name": "port_turnover_ratio",
      "value": "0.23 (1 Year)"
     },
     {
      "name": "average_pe",
      "value": "25"
     },
     {
      "name": "average_pb",
      "value": "2.7"
     }
    ],
    "min_addl_amt": "1,000",
    "min_addl_amt_multiple": "1",
    "min_amt": "1,000",
    "min_amt_multiple": "1",
    "monthly_aaum_date": "JANUARY 2025",
    "monthly_aaum_value": "1,122.69 crores",
    "mutual_fund_name": "Invesco Mutual Fund",
    "scheme_launch_date": "14 TH JULY, 2008"
   }
  },
  {
   "value": {
    "amc_name": "Invesco Asset Management (India) Private Limited",
    "benchmark_index": [
     "BSE India Infrastructure TRI"
    ],
    "field_location": [
     {
      "amc_name": "14",
      "benchmark_index": "14",
      "count": 39,
      "fund_manager_managing_fund_since": "14",
      "fund_manager_name": "14",
      "fund_manager_total_exp": "14",
      "load_exit": "14",
      "main_scheme_name": "14",
      "metrics_average_pb": "14",
      "metrics_average_pe": "14",
      "metrics_beta": "14",
      "metrics_port_turnover_ratio": "14",
      "metrics_sharpe": "14",
      "metrics_std_dev": "14",
      "min_addl_amt": "14",
      "min_addl_amt_multiple": "14",
      "min_amt": "14",
      "min_amt_multiple": "14",
      "monthly_aaum_date": "14",
      "monthly_aaum_value": "14",
      "mutual_fund_name": "14",
      "scheme_launch_date": "14"
     }
    ],
    "fund_manager": [
     {
      "managing_fund_since": "september 3, 2020",
      "name": "Amit Nigam",
      "qualification": "",
      "total_exp": "23 years"
     }
    ],
    "load": [
     {
      "comment": "1 • Nil - if upto 10% of Units allotted are redeemed / switched-out within 1 year from the date of allotment. • 1% - for any redemption / switch- out in excess of 10% of units allotted within one year from the date of allotment. • Nil - if units are redeemed or switched-out after 1 year from the date of allotment. Switch between the Plans under the Scheme, please refer page no. 61.",
      "type": "exit"
     }
    ],
    "main_scheme_name": "Invesco India Infrastructure Fund",
    "metrics": [
     {
      "name": "sharpe",
      "value": "0.29"
     },
     {
      "name": "std_dev",
      "value": "4.67%"
     },
     {
      "name": "beta",
      "value": "0.55"
     },
     {
      "name": "port_turnover_ratio",
      "value": "0.52 (1 Year)"
     },
     {
      "name": "average_pe",
      "value": "25"
     },
     {
      "name": "average_pb",
      "value": "6.2"
     }
    ],
    "min_addl_amt": "1,000",
    "min_addl_amt_multiple": "1",
    "min_amt": "1,000",
    "min_amt_multiple": "1",
    "monthly_aaum_date": "JANUARY 2025",
    "monthly_aaum_value": "1,532.95 crores",
    "mutual_fund_name": "Invesco Mutual Fund",
    "scheme_launch_date": "21 ST NOVEMBER, 2007"
   }
  },
  {
   "value": {
    "amc_name": "Invesco Asset Management (India) Private Limited",
    "benchmark_index": [
     "BSE PSU TRI"
    ],
    "field_location": [
     {
      "amc_name": "15",
      "benchmark_index": "15",
      "count": 39,
      "fund_manager_managing_fund_since": "15",
      "fund_manager_name": "15",
      "fund_manager_total_exp": "15",
      "load_exit": "15",
      "main_scheme_name": "15",
      "metrics_average_pb": "15",
      "metrics_average_pe": "15",
      "metrics_beta": "15",
      "metrics_port_turnover_ratio": "15",
      "metrics_sharpe": "15",
      "metrics_std_dev": "15",
      "min_addl_amt": "15",
      "min_addl_amt_multiple": "15",
      "min_amt": "15",
      "min_amt_multiple": "15",
      "monthly_aaum_date": "15",
      "monthly_aaum_value": "15",
      "mutual_fund_name": "15",
      "scheme_launch_date": "15"
     }
    ],
    "fund_manager": [
     {
      "managing_fund_since": "may 19, 2020",
      "name": "Dhimant Kothari",
      "qualification": "",
      "total_exp": "19 years"
     }
    ],
    "load": [
     {
      "comment": "1 • Nil - if upto 10% of Units allotted are redeemed / switched-out within 1 year from the date of allotment. • 1% - for any redemption / switch- out in excess of 10% of units allotted within one year from the date of allotment. • Nil - if units are redeemed or switched-out after 1 year from the date of allotment. Switch between the Plans under the Scheme, please refer page no. 61.",
      "type": "exit"
     }
    ],
    "main_scheme_name": "Invesco India PSU Equity Fund",
    "metrics": [
     {
      "name": "sharpe",
      "value": "0.31"
     },
     {
      "name": "std_dev",
      "value": "5.67%"
     },
     {
      "name": "beta",
      "value": "0.91"
     },
     {
      "name": "port_turnover_ratio",
      "value": "0.63 (1 Year)"
     },
     {
      "name": "average_pe",
      "value": "25"
     },
     {
      "name": "average_pb",
      "value": "2.4"
     }
    ],
    "min_addl_amt": "1,000",
    "min_addl_amt_multiple": "1",
    "min_amt": "1,000",
    "min_amt_multiple": "1",
    "monthly_aaum_date": "JANUARY 2025",
    "monthly_aaum_value": "1,229.14 crores",
    "mutual_fund_name": "Invesco Mutual Fund",
    "scheme_launch_date": "18 TH NOVEMBER, 2009"
   }
  },
  {
   "value": {
    "amc_name": "Invesco Asset Management (India) Private Limited",
    "benchmark_index": [
     "Nifty100 ESG Index TRI"
    ],
    "field_location": [
     {
      "amc_name": "16",
      "benchmark_index": "16",
      "count": 39,
      "fund_manager_managing_fund_since": "16",
      "fund_manager_name": "16",
      "fund_manager_total_exp": "16",
      "load_exit": "16",
      "main_scheme_name": "16",
      "metrics_average_pb": "16",
      "metrics_average_pe": "16",
      "metrics_beta": "16",
      "metrics_port_turnover_ratio": "16",
      "metrics_sharpe": "16",
      "metrics_std_dev": "16",
      "min_addl_amt": "16",
      "min_addl_amt_multiple": "16",
      "min_amt": "16",
      "min_amt_multiple": "16",
      "monthly_aaum_date": "16",
      "monthly_aaum_value": "16",
      "mutual_fund_name": "16",
      "scheme_launch_date": "16"
     }
    ],
    "fund_manager": [
     {
      "managing_fund_since": "march 20, 2021",
      "name": "Taher Badshah",
      "qualification": "",
      "total_exp": "30 years"
     },
     {
      "managing_fund_since": "march 20, 2021",
      "name": "Amit Nigam",
      "qualification": "",
      "total_exp": "23 years"
     }
    ],
    "load": [
     {
      "comment": "1 • Nil - if upto 10% of Units allotted are redeemed / switched-out within 1 year from the date of allotment. • 1% - for any redemption / switch- out in excess of 10% of units allotted within one year from the date of allotment. • Nil - if units are redeemed or switched-out after 1 year from the date of allotment. Switch between the Plans under the Scheme, please refer page no. 61.",
      "type": "exit"
     }
    ],
    "main_scheme_name": "Invesco India ESG Integration Strategy Fund",
    "metrics": [
     {
      "name": "sharpe",
      "value": "0.08"
     },
     {
      "name": "std_dev",
      "value": "3.89%"
     },
     {
      "name": "beta",
      "value": "0.88"
     },
     {
      "name": "port_turnover_ratio",
      "value": "0.49 (1 Year)"
     },
     {
      "name": "average_pe",
      "value": "25"
     },
     {
      "name": "average_pb",
      "value": "4.9"
     }
    ],
    "min_addl_amt": "1,000",
    "min_addl_amt_multiple": "1",
    "min_amt": "1,000",
    "min_amt_multiple": "1",
    "monthly_aaum_date": "JANUARY 2025",
    "monthly_aaum_value": "493.70 crores",
    "mutual_fund_name": "Invesco Mutual Fund",
    "scheme_launch_date": "20 TH MARCH, 2021"
   }
  },
  {
   "value": {
    "amc_name": "Invesco Asset Management (India) Private Limited",
    "benchmark_index": [
     "BSE 500 TRI"
    ],
    "field_location": [
     {
      "amc_name": "17",
      "benchmark_index": "17",
      "count": 39,
      "fund_manager_managing_fund_since": "17",
      "fund_manager_name": "17",
      "fund_manager_total_exp": "17",
      "load_exit": "17",
      "main_scheme_name": "17",
      "metrics_average_pb": "17",
      "metrics_average_pe": "17",
      "metrics_port_turnover_ratio": "17",
      "min_addl_amt": "17",
      "min_addl_amt_multiple": "17",
      "min_amt": "17",
      "min_amt_multiple": "17",
      "monthly_aaum_date": "17",
      "monthly_aaum_value": "17",
      "mutual_fund_name": "17",
      "scheme_launch_date": "17"
     }
    ],
    "fund_manager": [
     {
      "managing_fund_since": "september 1, 2022",
      "name": "Amit Ganatra",
      "qualification": "",
      "total_exp": "21 years"
     },
     {
      "managing_fund_since": "february 14, 2022",
      "name": "Taher Badshah",
      "qualification": "",
      "total_exp": "30 years"
     }
    ],
    "load": [
     {
      "comment": "1 - If upto 10% of units allotted are redeemed/switched out within 1 year from the date of allotment – Nil - For any redemption / switch out in excess of 10% of units allotted within one year from the date of allotment – 1% - If units are redeemed/switched out after 1 year from the date of allotment- Nil Switch between the Plans under the Scheme, please refer page no. 61.",
      "type": "exit"
     }
    ],
    "main_scheme_name": "Invesco India Flexi Cap Fund",
    "metrics": [
     {
      "name": "port_turnover_ratio",
      "value": "0.84 (1 Year)"
     },
     {
      "name": "average_pe",
      "value": "25"
     },
     {
      "name": "average_pb",
      "value": "6.1"
     }
    ],
    "min_addl_amt": "1,000",
    "min_addl_amt_multiple": "1",
    "min_amt": "1,000",
    "min_amt_multiple": "1",
    "monthly_aaum_date": "JANUARY 2025",
    "monthly_aaum_value": "2,506.51 crores",
    "mutual_fund_name": "Invesco Mutual Fund",
    "scheme_launch_date": "14 TH FEBRUARY 2022"
   }
  },
  {
   "value": {
    "amc_name": "Invesco Asset Management (India) Private Limited",
    "benchmark_index": [
     "Nifty India Manufacturing TRI"
    ],
    "field_location": [
     {
      "amc_name": "18",
      "benchmark_index": "18",
      "count": 39,
      "fund_manager_managing_fund_since": "18",
      "fund_manager_name": "18",
      "fund_manager_total_exp": "18",
      "load_exit": "18",
      "main_scheme_name": "18",
      "metrics_average_pb": "18",
      "metrics_average_pe": "18",
      "min_addl_amt": "18",
      "min_addl_amt_multiple": "18",
      "min_amt": "18",
      "min_amt_multiple": "18",
      "monthly_aaum_date": "18",
      "monthly_aaum_value": "18",
      "mutual_fund_name": "18",
      "scheme_launch_date": "18"
     }
    ],
    "fund_manager": [
     {
      "managing_fund_since": "august 14, 2024",
      "name": "Amit Ganatra",
      "qualification": "",
      "total_exp": "21 years"
     },
     {
      "managing_fund_since": "",
      "name": "Dhimant Kothari",
      "qualification": "",
      "total_exp": "19 years"
     }
    ],
    "load": [
     {
      "comment": "1 - If units are redeemed/switched out on or before 3 months from the date of allotment: 0.50%. - If units are redeemed/switched out after 3 months from the date of allotment: Nil. Switch between the Plans under the Scheme: Nil.",
      "type": "exit"
     }
    ],
    "main_scheme_name": "Invesco India Manufacturing Fund",
    "metrics": [
     {
      "name": "average_pe",
      "value": "25"
     },
     {
      "name": "average_pb",
      "value": "7.5"
     }
    ],
    "min_addl_amt": "1,000",
    "min_addl_amt_multiple": "1",
    "min_amt": "1,000",
    "min_amt_multiple": "1",
    "monthly_aaum_date": "JANUARY 2025",
    "monthly_aaum_value": "810.11 crores",
    "mutual_fund_name": "Invesco Mutual Fund",
    "scheme_launch_date": "14 TH AUGUST 2024"
   }
  },
  {
   "value": {
    "amc_name": "Invesco Asset Management (India) Private Limited",
    "benchmark_index": [
     "Nifty IT TRI"
    ],
    "field_location": [
     {
      "amc_name": "19",
      "benchmark_index": "19",
      "count": 39,
      "fund_manager_managing_fund_since": "19",
      "fund_manager_name": "19",
      "fund_manager_total_exp": "19",
      "load_exit": "19",
      "main_scheme_name": "19",
      "metrics_average_pb": "19",
      "metrics_average_pe": "19",
      "min_addl_amt": "19",
      "min_addl_amt_multiple": "19",
      "min_amt": "19",
      "min_amt_multiple": "19",
      "monthly_aaum_date": "19",
      "monthly_aaum_value": "19",
      "mutual_fund_name": "19",
      "scheme_launch_date": "19"
     }
    ],
    "fund_manager": [
     {
      "managing_fund_since": "september 23, 2024",
      "name": "Hiten Jain",
      "qualification": "",
      "total_exp": "15 years"
     },
     {
      "managing_fund_since": "september 23, 2024",
      "name": "Aditya Khemani",
      "qualification": "",
      "total_exp": "18 years"
     }
    ],
    "load": [
     {
      "comment": "1 - If units are redeemed/switched out on or before 3 months from the date of allotment: 0.50%. - If units are redeemed/switched out after 3 months from the date of allotment: Nil. Switch between the Plans under the Scheme: Nil.",
      "type": "exit"
     }
    ],
    "main_scheme_name": "Invesco India Technology Fund",
    "metrics": [
     {
      "name": "average_pe",
      "value": "25"
     },
     {
      "name": "average_pb",
      "value": "9.8"
     }
    ],
    "min_addl_amt": "1,000",
    "min_addl_amt_multiple": "1",
    "min_amt": "1,000",
    "min_amt_multiple": "1",
    "monthly_aaum_date": "JANUARY 2025",
    "monthly_aaum_value": "339.81 crores",
    "mutual_fund_name": "Invesco Mutual Fund",
    "scheme_launch_date": "23 RD SEPTEMBER, 2024"
   }
  },
  {
   "value": {
    "amc_name": "Invesco Asset Management (India) Private Limited",
    "benchmark_index": [
     "Nifty 50 Arbitrage"
    ],
    "field_location": [
     {
      "amc_name": "20",
      "benchmark_index": "20",
      "count": 39,
      "fund_manager_managing_fund_since": "20",
      "fund_manager_name": "20",
      "fund_manager_total_exp": "20",
      "load_exit": "20",
      "main_scheme_name": "20",
      "metrics_avg_maturity": "20",
      "metrics_beta": "20",
      "metrics_macaulay": "20",
      "metrics_mod_duration": "20",
      "metrics_port_turnover_ratio": "20",
      "metrics_sharpe": "20",
      "metrics_std_dev": "20",
      "metrics_ytm": "20",
      "min_addl_amt": "20",
      "min_addl_amt_multiple": "20",
      "min_amt": "20",
      "min_amt_multiple": "20",
      "monthly_aaum_date": "20",
      "monthly_aaum_value": "20",
      "mutual_fund_name": "20",
      "scheme_launch_date": "20"
     }
    ],
    "fund_manager": [
     {
      "managing_fund_since": "november 11, 2021",
      "name": "Deepak Gupta",
      "qualification": "",
      "total_exp": "19 years"
     },
     {
      "managing_fund_since": "september 1, 2022",
      "name": "Kuber Mannadi",
      "qualification": "",
      "total_exp": "19 years"
     }
    ],
    "load": [
     {
      "comment": "1 If redeemed/switched-out on or before 15 Days from the date of allotment : 0.5% If redeemed/switched-out after 15 Days from the date of allotment : Nil Switch between the Plans under the Scheme, please refer page no. 61.",
      "type": "exit"
     }
    ],
    "main_scheme_name": "Invesco India Arbitrage Fund",
    "metrics": [
     {
      "name": "sharpe",
      "value": "0.05"
     },
     {
      "name": "std_dev",
      "value": "0.16%"
     },
     {
      "name": "beta",
      "value": "0.62"
     },
     {
      "name": "ytm",
      "value": "4"
     },
     {
      "name": "port_turnover_ratio",
      "value": "17.37 (1 Year)"
     },
     {
      "name": "mod_duration",
      "value": "143 days"
     },
     {
      "name": "avg_maturity",
      "value": "167 days"
     },
     {
      "name": "macaulay",
      "value": "147 days"
     }
    ],
    "min_addl_amt": "1,000",
    "min_addl_amt_multiple": "1",
    "min_amt": "1,000",
    "min_amt_multiple": "1",
    "monthly_aaum_date": "JANUARY 2025",
    "monthly_aaum_value": "15,381.11 crores",
    "mutual_fund_name": "Invesco Mutual Fund",
    "scheme_launch_date": "30 TH APRIL, 2007"
   }
  },
  {
   "value": {
    "amc_name": "Invesco Asset Management (India) Private Limited",
    "benchmark_index": [
     "NIFTY 50 Hybrid Composite Debt 50:50 Index"
    ],
    "field_location": [
     {
      "amc_name": "22",
      "benchmark_index": "22",
      "count": 39,
      "fund_manager_managing_fund_since": "22",
      "fund_manager_name": "22",
      "fund_manager_total_exp": "22",
      "load_exit": "22",
      "main_scheme_name": "22",
      "metrics_average_pb": "22",
      "metrics_average_pe": "22",
      "metrics_avg_maturity": "22",
      "metrics_beta": "22",
      "metrics_macaulay": "22",
      "metrics_mod_duration": "22",
      "metrics_port_turnover_ratio": "22",
      "metrics_sharpe": "22",
      "metrics_std_dev": "22",
      "metrics_ytm": "22",
      "min_addl_amt": "22",
      "min_addl_amt_multiple": "22",
      "min_amt": "22",
      "min_amt_multiple": "22",
      "monthly_aaum_date": "22",
      "monthly_aaum_value": "22",
      "mutual_fund_name": "22",
      "scheme_launch_date": "22"
     }
    ],
    "fund_manager": [
     {
      "managing_fund_since": "september 1, 2022",
      "name": "Dhimant Kothari",
      "qualification": "",
      "total_exp": "19 years"
     },
     {
      "managing_fund_since": "september 1, 2022",
      "name": "Amit Ganatra",
      "qualification": "",
      "total_exp": "21 years"
     }
    ],
    "load": [
     {
      "comment": "1 • Nil - if upto 10% of Units allotted are redeemed / switched-out within 3 months from the date of allotment. • 0.25% - for any redemption / switch-out in excess of 10% of units allotted within 3 months from the date of allotment. • Nil - if units are redeemed or switched-out after 3 months from the date of allotment. Switch between the Plans under the Scheme, please refer page no. 61.",
      "type": "exit"
     }
    ],
    "main_scheme_name": "Invesco India Balanced Advantage Fund",
    "metrics": [
     {
      "name": "sharpe",
      "value": "0.17"
     },
     {
      "name": "std_dev",
      "value": "2.34%"
     },
     {
      "name": "beta",
      "value": "1.09"
     },
     {
      "name": "ytm",
      "value": "4"
     },
     {
      "name": "port_turnover_ratio",
      "value": "2.52 (1 Year)"
     },
     {
      "name": "average_pe",
      "value": "25"
     },
     {
      "name": "average_pb",
      "value": "4.7"
     },
     {
      "name": "mod_duration",
      "value": "1.05 year"
     },
     {
      "name": "avg_maturity",
      "value": "1.3 years"
     },
     {
      "name": "macaulay",
      "value": "1.1 years"
     }
    ],
    "min_addl_amt": "1,000",
    "min_addl_amt_multiple": "1",
    "min_amt": "1,000",
    "min_amt_multiple": "1",
    "monthly_aaum_date": "JANUARY 2025",
    "monthly_aaum_value": "815.43 crores",
    "mutual_fund_name": "Invesco Mutual Fund",
    "scheme_launch_date": "4 TH OCTOBER, 2007"
   }
  },
  {
   "value": {
    "amc_name": "Invesco Asset Management (India) Private Limited",
    "benchmark_index": [
     "CRISIL Hybrid 35 + 65 - Aggressive Index"
    ],
    "field_location": [
     {
      "amc_name": "23",
      "benchmark_index": "23",
      "count": 39,
      "fund_manager_managing_fund_since": "23",
      "fund_manager_name": "23",
      "fund_manager_total_exp": "23",
      "load_exit": "23",
      "main_scheme_name": "23",
      "metrics_avg_maturity": "23",
      "metrics_beta": "23",
      "metrics_macaulay": "23",
      "metrics_mod_duration": "23",
      "metrics_port_turnover_ratio": "23",
      "metrics_sharpe": "23",
      "metrics_std_dev": "23",
      "metrics_ytm": "23",
      "min_addl_amt": "23",
      "min_addl_amt_multiple": "23",
      "min_amt": "23",
      "min_amt_multiple": "23",
      "monthly_aaum_date": "23",
      "monthly_aaum_value": "23",
      "mutual_fund_name": "23",
      "scheme_launch_date": "23"
     }
    ],
    "fund_manager": [
     {
      "managing_fund_since": "september 1, 2022",
      "name": "Dhimant Kothari",
      "qualification": "",
      "total_exp": "19 years"
     },
     {
      "managing_fund_since": "december 1, 2023",
      "name": "Hiten Jain",
      "qualification": "",
      "total_exp": "15 years"
     },
     {
      "managing_fund_since": "june 30, 2018",
      "name": "Krishna Cheemalapati",
      "qualification": "",
      "total_exp": "26 years"
     },
     {
      "managing_fund_since": "",
      "name": "Performance Attributes",
      "qualification": "",
      "total_exp": ""
     }
    ],
    "load": [
     {
      "comment": "1 • Nil - if upto 10% of Units allotted are redeemed / switched-out within 1 year from the date of allotment. • 1% - for any redemption / switch- out in excess of 10% of units allotted within one year from the date of allotment. • Nil - if units are redeemed or switched-out after 1 year from the date of allotment. Switch between the Plans under the Scheme, please refer page no. 61.",
      "type": "exit"
     }
    ],
    "main_scheme_name": "Invesco India Aggressive Hybrid Fund",
    "metrics": [
     {
      "name": "sharpe",
      "value": "0.20"
     },
     {
      "name": "std_dev",
      "value": "3.07%"
     },
     {
      "name": "beta",
      "value": "1.07"
     },
     {
      "name": "ytm",
      "value": "4"
     },
     {
      "name": "port_turnover_ratio",
      "value": "0.58 (1 Year)"
     },
     {
      "name": "mod_duration",
      "value": "5.56 years"
     },
     {
      "name": "avg_maturity",
      "value": "10.2 years"
     },
     {
      "name": "macaulay",
      "value": "5.78 years"
     }
    ],
    "min_addl_amt": "1,000",
    "min_addl_amt_multiple": "1",
    "min_amt": "1,000",
    "min_amt_multiple": "1",
    "monthly_aaum_date": "JANUARY 2025",
    "monthly_aaum_value": "593.70 crores",
    "mutual_fund_name": "Invesco Mutual Fund",
    "scheme_launch_date": "30 TH JUNE, 2018"
   }
  },
  {
   "value": {
    "amc_name": "Invesco Asset Management (India) Private Limited",
    "benchmark_index": [
     "Nifty Equity Savings Index"
    ],
    "field_location": [
     {
      "amc_name": "24",
      "benchmark_index": "24",
      "count": 39,
      "fund_manager_managing_fund_since": "24",
      "fund_manager_name": "24",
      "fund_manager_total_exp": "24",
      "load_exit": "24",
      "main_scheme_name": "24",
      "metrics_avg_maturity": "24",
      "metrics_beta": "24",
      "metrics_macaulay": "24",
      "metrics_mod_duration": "24",
      "metrics_net_equity_level": "24",
      "metrics_port_turnover_ratio": "24",
      "metrics_sharpe": "24",
      "metrics_std_dev": "24",
      "metrics_ytm": "24",
      "min_addl_amt": "24",
      "min_addl_amt_multiple": "24",
      "min_amt": "24",
      "min_amt_multiple": "24",
      "monthly_aaum_date": "24",
      "monthly_aaum_value": "24",
      "mutual_fund_name": "24",
      "scheme_launch_date": "24"
     }
    ],
    "fund_manager": [
     {
      "managing_fund_since": "may 19, 2020",
      "name": "Dhimant Kothari",
      "qualification": "",
      "total_exp": "19 years"
     },
     {
      "managing_fund_since": "september 3, 2020",
      "name": "Amit Nigam",
      "qualification": "",
      "total_exp": "23 years"
     },
     {
      "managing_fund_since": "december 1, 2023",
      "name": "Deepak Gupta",
      "qualification": "",
      "total_exp": "19 years"
     },
     {
      "managing_fund_since": "march 7, 2019",
      "name": "Krishna Cheemalapati",
      "qualification": "",
      "total_exp": "26 years"
     },
     {
      "managing_fund_since": "",
      "name": "Performance Attributes",
      "qualification": "",
      "total_exp": ""
     }
    ],
    "load": [
     {
      "comment": "1 • If redeemed / switched-out on or before 1 month from the date of allotment : 0.25%. • If redeemed / switched-out after 1 month from the date of allotment : Nil Switch between the Plans under the Scheme, please refer page no. 61.",
      "type": "exit"
     }
    ],
    "main_scheme_name": "Invesco India Equity Savings Fund",
    "metrics": [
     {
      "name": "sharpe",
      "value": "0.11"
     },
     {
      "name": "std_dev",
      "value": "1.67%"
     },
     {
      "name": "beta",
      "value": "1.05"
     },
     {
      "name": "ytm",
      "value": "4"
     },
     {
      "name": "port_turnover_ratio",
      "value": "4.76 (1 Year)"
     },
     {
      "name": "mod_duration",
      "value": "2.52 years"
     },
     {
      "name": "avg_maturity",
      "value": "3.26 years"
     },
     {
      "name": "macaulay",
      "value": "2.63 years"
     },
     {
      "name": "net_equity_level",
      "value": "33.30%"
     }
    ],
    "min_addl_amt": "1,000",
    "min_addl_amt_multiple": "1",
    "min_amt": "1,000",
    "min_amt_multiple": "1",
    "monthly_aaum_date": "JANUARY 2025",
    "monthly_aaum_value": "376.19 crores",
    "mutual_fund_name": "Invesco Mutual Fund",
    "scheme_launch_date": "7 TH MARCH, 2019"
   }
  },
  {
   "value": {
    "amc_name": "Invesco Asset Management (India) Private Limited",
    "benchmark_index": [
     "Nifty 200 TRI (60%) + CRISIL 10 year Gilt"
    ],
    "field_location": [
     {
      "amc_name": "25",
      "benchmark_index": "25",
      "count": 39,
      "fund_manager_managing_fund_since": "25",
      "fund_manager_name": "25",
      "fund_manager_total_exp": "25",
      "load_exit": "25",
      "main_scheme_name": "25",
      "min_addl_amt": "25",
      "min_addl_amt_multiple": "25",
      "min_amt": "25",
      "min_amt_multiple": "25",
      "monthly_aaum_date": "25",
      "monthly_aaum_value": "25",
      "mutual_fund_name": "25",
      "scheme_launch_date": "25"
     }
    ],
    "fund_manager": [
     {
      "managing_fund_since": "december 17, 2024",
      "name": "Taher Badshah",
      "qualification": "",
      "total_exp": "30 years"
     },
     {
      "managing_fund_since": "december 17, 2024",
      "name": "Herin Shah",
      "qualification": "",
      "total_exp": "14 years"
     }
    ],
    "load": [
     {
      "comment": "1 • if upto 10% of Units allotted are redeemed / switched-out within 1 year: Nil • for any redemption / switch-out in excess of 10% of units within one year: 1% • if units are redeemed or switched-out after 1 year: Nil • Switch between the Plans under the Scheme: Nil",
      "type": "exit"
     }
    ],
    "main_scheme_name": "Invesco India Multi Asset Allocation Fund",
    "min_addl_amt": "1,000",
    "min_addl_amt_multiple": "1",
    "min_amt": "1,000",
    "min_amt_multiple": "1",
    "monthly_aaum_date": "JANUARY 2025",
    "monthly_aaum_value": "245.66 crores",
    "mutual_fund_name": "Invesco Mutual Fund",
    "scheme_launch_date": "17 TH DECEMBER, 2024"
   }
  },
  {
   "value": {
    "amc_name": "Invesco Asset Management (India) Private Limited",
    "benchmark_index": [
     "NIFTY Liquid Index A-I"
    ],
    "field_location": [
     {
      "amc_name": "26",
      "benchmark_index": "26",
      "count": 39,
      "fund_manager_managing_fund_since": "26",
      "fund_manager_name": "26",
      "fund_manager_total_exp": "26",
      "load_exit": "26",
      "main_scheme_name": "26",
      "metrics_avg_maturity": "26",
      "metrics_macaulay": "26",
      "metrics_ytm": "26",
      "min_addl_amt": "26",
      "min_addl_amt_multiple": "26",
      "min_amt": "26",
      "min_amt_multiple": "26",
      "monthly_aaum_date": "26",
      "monthly_aaum_value": "26",
      "mutual_fund_name": "26",
      "scheme_launch_date": "26"
     }
    ],
    "fund_manager": [
     {
      "managing_fund_since": "april 25, 2011",
      "name": "Krishna Cheemalapati",
      "qualification": "",
      "total_exp": "26 years"
     },
     {
      "managing_fund_since": "february 14, 2022",
      "name": "Prateek Jain",
      "qualification": "",
      "total_exp": "13 years"
     },
     {
      "managing_fund_since": "",
      "name": "Rating Profile",
      "qualification": "",
      "total_exp": ""
     },
     {
      "managing_fund_since": "",
      "name": "Maturity Profile",
      "qualification": "",
      "total_exp": ""
     }
    ],
    "load": [
     {
      "comment": "1 Redemption within “X” number of Exit Load days from the Date of Allotment* 1 Day 0.0070% 2 Days 0.0065% 3 Days 0.0060% 4 Days 0.0055% 5 Days 0.0050% 6 Days 0.0045% On or after 7 Days Nil *Date of Allotment is date of subscription NAV. Switch between the Plans under the Scheme, please refer page no. 61.",
      "type": "exit"
     }
    ],
    "main_scheme_name": "Invesco India Liquid Fund",
    "metrics": [
     {
      "name": "ytm",
      "value": "4"
     },
     {
      "name": "avg_maturity",
      "value": "42 days"
     },
     {
      "name": "macaulay",
      "value": "42 days"
     }
    ],
    "min_addl_amt": "1,000",
    "min_addl_amt_multiple": "1",
    "min_amt": "1,000",
    "min_amt_multiple": "1",
    "monthly_aaum_date": "JANUARY 2025",
    "monthly_aaum_value": "13,006.93 crores",
    "mutual_fund_name": "Invesco Mutual Fund",
    "scheme_launch_date": "17 TH NOVEMBER, 2006"
   }
  },
  {
   "value": {
    "amc_name": "Invesco Asset Management (India) Private Limited",
    "benchmark_index": [
     "NIFTY 1D Rate Index"
    ],
    "field_location": [
     {
      "amc_name": "27",
      "benchmark_index": "27",
      "count": 39,
      "fund_manager_managing_fund_since": "27",
      "fund_manager_name": "27",
      "fund_manager_total_exp": "27",
      "load_exit": "27",
      "main_scheme_name": "27",
      "metrics_avg_maturity": "27",
      "metrics_macaulay": "27",
      "metrics_mod_duration": "27",
      "metrics_ytm": "27",
      "min_addl_amt": "27",
      "min_addl_amt_multiple": "27",
      "min_amt": "27",
      "min_amt_multiple": "27",
      "monthly_aaum_date": "27",
      "monthly_aaum_value": "27",
      "mutual_fund_name": "27",
      "scheme_launch_date": "27"
     }
    ],
    "fund_manager": [
     {
      "managing_fund_since": "january 8, 2020",
      "name": "Krishna Cheemalapati",
      "qualification": "",
      "total_exp": "26 years"
     },
     {
      "managing_fund_since": "february 14, 2022",
      "name": "Prateek Jain",
      "qualification": "",
      "total_exp": "13 years"
     },
     {
      "managing_fund_since": "",
      "name": "Rating Profile",
      "qualification": "",
      "total_exp": ""
     },
     {
      "managing_fund_since": "",
      "name": "Cash Equivalent",
      "qualification": "",
      "total_exp": ""
     },
     {
      "managing_fund_since": "",
      "name": "Average Maturity",
      "qualification": "",
      "total_exp": ""
     },
     {
      "managing_fund_since": "",
      "name": "Macaulay Duration",
      "qualification": "",
      "total_exp": ""
     }
    ],
    "load": [
     {
      "comment": "1 Nil",
      "type": "exit"
     }
    ],
    "main_scheme_name": "Invesco India Overnight Fund",
    "metrics": [
     {
      "name": "ytm",
      "value": "4"
     },
     {
      "name": "mod_duration",
      "value": "3 days"
     },
     {
      "name": "avg_maturity",
      "value": "1"
     },
     {
      "name": "macaulay",
      "value": "3 days"
     }
    ],
    "min_addl_amt": "1,000",
    "min_addl_amt_multiple": "1",
    "min_amt": "1,000",
    "min_amt_multiple": "1",
    "monthly_aaum_date": "JANUARY 2025",
    "monthly_aaum_value": "693.75 crores",
    "mutual_fund_name": "Invesco Mutual Fund",
    "scheme_launch_date": "8 TH JANUARY, 2020"
   }
  },
  {
   "value": {
    "amc_name": "Invesco Asset Management (India) Private Limited",
    "benchmark_index": [
     "NIFTY Low Duration Debt Index A-I"
    ],
    "field_location": [
     {
      "amc_name": "28",
      "benchmark_index": "28",
      "count": 39,
      "fund_manager_managing_fund_since": "28",
      "fund_manager_name": "28",
      "fund_manager_total_exp": "28",
      "load_exit": "28",
      "main_scheme_name": "28",
      "metrics_avg_maturity": "28",
      "metrics_ytm": "28",
      "min_addl_amt": "28",
      "min_addl_amt_multiple": "28",
      "min_amt": "28",
      "min_amt_multiple": "28",
      "monthly_aaum_date": "28",
      "monthly_aaum_value": "28",
      "mutual_fund_name": "28",
      "scheme_launch_date": "28"
     }
    ],
    "fund_manager": [
     {
      "managing_fund_since": "january 1, 2013",
      "name": "Krishna Cheemalapati",
      "qualification": "",
      "total_exp": "26 years"
     },
     {
      "managing_fund_since": "december 16, 2020",
      "name": "Vikas Garg",
      "qualification": "",
      "total_exp": "19 years"
     },
     {
      "managing_fund_since": "",
      "name": "Rating Profile",
      "qualification": "",
      "total_exp": ""
     }
    ],
    "load": [
     {
      "comment": "1 Nil",
      "type": "exit"
     }
    ],
    "main_scheme_name": "Invesco India Low Duration Fund",
    "metrics": [
     {
      "name": "ytm",
      "value": "4"
     },
     {
      "name": "avg_maturity",
      "value": "364 days"
     }
    ],
    "min_addl_amt": "1,000",
    "min_addl_amt_multiple": "1",
    "min_amt": "1,000",
    "min_amt_multiple": "1",
    "monthly_aaum_date": "JANUARY 2025",
    "monthly_aaum_value": "1,653.90 crores",
    "mutual_fund_name": "Invesco Mutual Fund",
    "scheme_launch_date": "18 TH JANUARY, 2007"
   }
  },
  {
   "value": {
    "amc_name": "Invesco Asset Management (India) Private Limited",
    "benchmark_index": [
     "NIFTY Short Duration Debt Index A-II"
    ],
    "field_location": [
     {
      "amc_name": "29",
      "benchmark_index": "29",
      "count": 39,
      "fund_manager_managing_fund_since": "29",
      "fund_manager_name": "29",
      "fund_manager_total_exp": "29",
      "load_exit": "29",
      "main_scheme_name": "29",
      "metrics_avg_maturity": "29",
      "metrics_macaulay": "29",
      "metrics_ytm": "29",
      "min_addl_amt": "29",
      "min_addl_amt_multiple": "29",
      "min_amt": "29",
      "min_amt_multiple": "29",
      "monthly_aaum_date": "29",
      "monthly_aaum_value": "29",
      "mutual_fund_name": "29",
      "scheme_launch_date": "29"
     }
    ],
    "fund_manager": [
     {
      "managing_fund_since": "september 26, 2020",
      "name": "Vikas Garg",
      "qualification": "",
      "total_exp": "19 years"
     },
     {
      "managing_fund_since": "december 16, 2020",
      "name": "Krishna Cheemalapati",
      "qualification": "",
      "total_exp": "26 years"
     },
     {
      "managing_fund_since": "",
      "name": "Rating Profile",
      "qualification": "",
      "total_exp": ""
     }
    ],
    "load": [
     {
      "comment": "1 Nil",
      "type": "exit"
     }
    ],
    "main_scheme_name": "Invesco India Short Duration Fund",
    "metrics": [
     {
      "name": "ytm",
      "value": "4"
     },
     {
      "name": "avg_maturity",
      "value": "3.53 years"
     },
     {
      "name": "macaulay",
      "value": "2.92 years"
     }
    ],
    "min_addl_amt": "1,000",
    "min_addl_amt_multiple": "1",
    "min_amt": "1,000",
    "min_amt_multiple": "1",
    "monthly_aaum_date": "JANUARY 2025",
    "monthly_aaum_value": "474.47 crores",
    "mutual_fund_name": "Invesco Mutual Fund",
    "scheme_launch_date": "24 TH MARCH, 2007"
   }
  },
  {
   "value": {
    "amc_name": "Invesco Asset Management (India) Private Limited",
    "benchmark_index": [
     "NIFTY Money Market Index A-I"
    ],
    "field_location": [
     {
      "amc_name": "30",
      "benchmark_index": "30",
      "count": 39,
      "fund_manager_managing_fund_since": "30",
      "fund_manager_name": "30",
      "fund_manager_total_exp": "30",
      "load_exit": "30",
      "main_scheme_name": "30",
      "metrics_avg_maturity": "30",
      "metrics_macaulay": "30",
      "metrics_mod_duration": "30",
      "metrics_ytm": "30",
      "min_addl_amt": "30",
      "min_addl_amt_multiple": "30",
      "min_amt": "30",
      "min_amt_multiple": "30",
      "monthly_aaum_date": "30",
      "monthly_aaum_value": "30",
      "mutual_fund_name": "30",
      "scheme_launch_date": "30"
     }
    ],
    "fund_manager": [
     {
      "managing_fund_since": "january 4, 2020",
      "name": "Krishna Cheemalapati",
      "qualification": "",
      "total_exp": "26 years"
     },
     {
      "managing_fund_since": "december 16, 2020",
      "name": "Vikas Garg",
      "qualification": "",
      "total_exp": "19 years"
     },
     {
      "managing_fund_since": "",
      "name": "Rating Profile",
      "qualification": "",
      "total_exp": ""
     },
     {
      "managing_fund_since": "",
      "name": "Maturity Profile",
      "qualification": "",
      "total_exp": ""
     }
    ],
    "load": [
     {
      "comment": "1 Nil",
      "type": "exit"
     }
    ],
    "main_scheme_name": "Invesco India Money Market Fund",
    "metrics": [
     {
      "name": "ytm",
      "value": "4"
     },
     {
      "name": "mod_duration",
      "value": "196 days"
     },
     {
      "name": "avg_maturity",
      "value": "196 days"
     },
     {
      "name": "macaulay",
      "value": "196 days"
     }
    ],
    "min_addl_amt": "1,000",
    "min_addl_amt_multiple": "1",
    "min_amt": "1,000",
    "min_amt_multiple": "1",
    "monthly_aaum_date": "JANUARY 2025",
    "monthly_aaum_value": "5,649.83 crores",
    "mutual_fund_name": "Invesco Mutual Fund",
    "scheme_launch_date": "28 TH AUGUST, 2009"
   }
  },
  {
   "value": {
    "amc_name": "Invesco Asset Management (India) Private Limited",
    "benchmark_index": [
     "Nifty Ultra Short Duration Debt Index A-I"
    ],
    "field_location": [
     {
      "amc_name": "31",
      "benchmark_index": "31",
      "count": 39,
      "fund_manager_managing_fund_since": "31",
      "fund_manager_name": "31",
      "fund_manager_total_exp": "31",
      "load_exit": "31",
      "main_scheme_name": "31",
      "metrics_avg_maturity": "31",
      "metrics_macaulay": "31",
      "metrics_ytm": "31",
      "min_addl_amt": "31",
      "min_addl_amt_multiple": "31",
      "min_amt": "31",
      "min_amt_multiple": "31",
      "monthly_aaum_date": "31",
      "monthly_aaum_value": "31",
      "mutual_fund_name": "31",
      "scheme_launch_date": "31"
     }
    ],
    "fund_manager": [
     {
      "managing_fund_since": "january 4, 2020",
      "name": "Krishna Cheemalapati",
      "qualification": "",
      "total_exp": "26 years"
     },
     {
      "managing_fund_since": "july 27, 2021",
      "name": "Vikas Garg",
      "qualification": "",
      "total_exp": "19 years"
     },
     {
      "managing_fund_since": "",
      "name": "Rating Profile",
      "qualification": "",
      "total_exp": ""
     }
    ],
    "load": [
     {
      "comment": "1 Nil",
      "type": "exit"
     }
    ],
    "main_scheme_name": "Invesco India Ultra Short Duration Fund",
    "metrics": [
     {
      "name": "ytm",
      "value": "4"
     },
     {
      "name": "avg_maturity",
      "value": "185 days"
     },
     {
      "name": "macaulay",
      "value": "179 days"
     }
    ],
    "min_addl_amt": "1,000",
    "min_addl_amt_multiple": "1",
    "min_amt": "1,000",
    "min_amt_multiple": "1",
    "monthly_aaum_date": "JANUARY 2025",
    "monthly_aaum_value": "1,377.42 crores",
    "mutual_fund_name": "Invesco Mutual Fund",
    "scheme_launch_date": "30 TH DECEMBER, 2010"
   }
  },
  {
   "value": {
    "amc_name": "Invesco Asset Management (India) Private Limited",
    "benchmark_index": [
     "Nifty Medium Duration Debt Index A-III"
    ],
    "field_location": [
     {
      "amc_name": "32",
      "benchmark_index": "32",
      "count": 39,
      "fund_manager_managing_fund_since": "32",
      "fund_manager_name": "32",
      "fund_manager_total_exp": "32",
      "load_exit": "32",
      "main_scheme_name": "32",
      "metrics_avg_maturity": "32",
      "metrics_macaulay": "32",
      "metrics_mod_duration": "32",
      "metrics_ytm": "32",
      "min_addl_amt": "32",
      "min_addl_amt_multiple": "32",
      "min_amt": "32",
      "min_amt_multiple": "32",
      "monthly_aaum_date": "32",
      "monthly_aaum_value": "32",
      "mutual_fund_name": "32",
      "scheme_launch_date": "32"
     }
    ],
    "fund_manager": [
     {
      "managing_fund_since": "july 16, 2021",
      "name": "Vikas Garg",
      "qualification": "",
      "total_exp": "19 years"
     },
     {
      "managing_fund_since": "july 16, 2021",
      "name": "Krishna Cheemalapati",
      "qualification": "",
      "total_exp": "26 years"
     },
     {
      "managing_fund_since": "",
      "name": "Rating Profile",
      "qualification": "",
      "total_exp": ""
     }
    ],
    "load": [
     {
      "comment": "1 Nil",
      "type": "exit"
     }
    ],
    "main_scheme_name": "Invesco India Medium Duration Fund",
    "metrics": [
     {
      "name": "ytm",
      "value": "4"
     },
     {
      "name": "mod_duration",
      "value": "3.7 years"
     },
     {
      "name": "avg_maturity",
      "value": "5.15 years"
     },
     {
      "name": "macaulay",
      "value": "3"
     }
    ],
    "min_addl_amt": "1,000",
    "min_addl_amt_multiple": "1",
    "min_amt": "1,000",
    "min_amt_multiple": "1",
    "monthly_aaum_date": "JANUARY 2025",
    "monthly_aaum_value": "173.19 crores",
    "mutual_fund_name": "Invesco Mutual Fund",
    "scheme_launch_date": "16 TH JULY, 2021"
   }
  },
  {
   "value": {
    "amc_name": "Invesco Asset Management (India) Private Limited",
    "benchmark_index": [
     "NIFTY Credit Risk Bond Index B-II"
    ],
    "field_location": [
     {
      "amc_name": "33",
      "benchmark_index": "33",
      "count": 39,
      "fund_manager_managing_fund_since": "33",
      "fund_manager_name": "33",
      "fund_manager_total_exp": "33",
      "load_exit": "33",
      "main_scheme_name": "33",
      "metrics_avg_maturity": "33",
      "metrics_macaulay": "33",
      "metrics_mod_duration": "33",
      "metrics_ytm": "33",
      "min_addl_amt": "33",
      "min_addl_amt_multiple": "33",
      "min_amt": "33",
      "min_amt_multiple": "33",
      "monthly_aaum_date": "33",
      "monthly_aaum_value": "33",
      "mutual_fund_name": "33",
      "scheme_launch_date": "33"
     }
    ],
    "fund_manager": [
     {
      "managing_fund_since": "september 26, 2020",
      "name": "Vikas Garg",
      "qualification": "",
      "total_exp": "19 years"
     },
     {
      "managing_fund_since": "december 16, 2020",
      "name": "Krishna Cheemalapati",
      "qualification": "",
      "total_exp": "26 years"
     },
     {
      "managing_fund_since": "",
      "name": "Rating Profile",
      "qualification": "",
      "total_exp": ""
     }
    ],
    "load": [
     {
      "comment": "1 For each purchase of units through Lumpsum / Switch-in / Systematic Investment Plan (SIP), Systematic Transfer Plan (STP) and",
      "type": "exit"
     }
    ],
    "main_scheme_name": "Invesco India Credit Risk Fund",
    "metrics": [
     {
      "name": "ytm",
      "value": "4"
     },
     {
      "name": "mod_duration",
      "value": "3.24 years"
     },
     {
      "name": "avg_maturity",
      "value": "4.52 years"
     },
     {
      "name": "macaulay",
      "value": "3.38 years"
     }
    ],
    "min_addl_amt": "1,000",
    "min_addl_amt_multiple": "1",
    "min_amt": "1,000",
    "min_amt_multiple": "1",
    "monthly_aaum_date": "JANUARY 2025",
    "monthly_aaum_value": "141.6 crores",
    "mutual_fund_name": "Invesco Mutual Fund",
    "scheme_launch_date": "4 TH SEPTEMBER, 2014"
   }
  },
  {
   "value": {
    "amc_name": "Invesco Asset Management (India) Private Limited",
    "benchmark_index": [
     "NIFTY All Duration G-Sec Index"
    ],
    "field_location": [
     {
      "amc_name": "34",
      "benchmark_index": "34",
      "count": 39,
      "fund_manager_managing_fund_since": "34",
      "fund_manager_name": "34",
      "fund_manager_total_exp": "34",
      "load_exit": "34",
      "main_scheme_name": "34",
      "metrics_avg_maturity": "34",
      "metrics_macaulay": "34",
      "metrics_mod_duration": "34",
      "metrics_ytm": "34",
      "min_addl_amt": "34",
      "min_addl_amt_multiple": "34",
      "min_amt": "34",
      "min_amt_multiple": "34",
      "monthly_aaum_date": "34",
      "monthly_aaum_value": "34",
      "mutual_fund_name": "34",
      "scheme_launch_date": "34"
     }
    ],
    "fund_manager": [
     {
      "managing_fund_since": "july 27, 2021",
      "name": "Krishna Cheemalapati",
      "qualification": "",
      "total_exp": "26 years"
     },
     {
      "managing_fund_since": "september 26, 2020",
      "name": "Vikas Garg",
      "qualification": "",
      "total_exp": "19 years"
     },
     {
      "managing_fund_since": "",
      "name": "Rating Profile",
      "qualification": "",
      "total_exp": "10 years"
     },
     {
      "managing_fund_since": "",
      "name": "Maturity Profile",
      "qualification": "",
      "total_exp": "15 years"
     },
     {
      "managing_fund_since": "",
      "name": "Cash Equivalent",
      "qualification": "",
      "total_exp": "15 years"
     }
    ],
    "load": [
     {
      "comment": "1 Nil",
      "type": "exit"
     }
    ],
    "main_scheme_name": "Invesco India Gilt Fund",
    "metrics": [
     {
      "name": "ytm",
      "value": "4"
     },
     {
      "name": "mod_duration",
      "value": "10.93 years"
     },
     {
      "name": "avg_maturity",
      "value": "28.47 years"
     },
     {
      "name": "macaulay",
      "value": "11.31 years"
     }
    ],
    "min_addl_amt": "1,000",
    "min_addl_amt_multiple": "1",
    "min_amt": "1,000",
    "min_amt_multiple": "1",
    "monthly_aaum_date": "JANUARY 2025",
    "monthly_aaum_value": "1,330.74 crores",
    "mutual_fund_name": "Invesco Mutual Fund",
    "scheme_launch_date": "9 TH FEBRUARY, 2008"
   }
  },
  {
   "value": {
    "amc_name": "Invesco Asset Management (India) Private Limited",
    "benchmark_index": [
     "Nifty Corporate Bond Index A-II"
    ],
    "field_location": [
     {
      "amc_name": "35",
      "benchmark_index": "35",
      "count": 39,
      "fund_manager_managing_fund_since": "35",
      "fund_manager_name": "35",
      "fund_manager_total_exp": "35",
      "load_exit": "35",
      "main_scheme_name": "35",
      "metrics_avg_maturity": "35",
      "metrics_macaulay": "35",
      "metrics_mod_duration": "35",
      "metrics_ytm": "35",
      "min_addl_amt": "35",
      "min_addl_amt_multiple": "35",
      "min_amt": "35",
      "min_amt_multiple": "35",
      "monthly_aaum_date": "35",
      "monthly_aaum_value": "35",
      "mutual_fund_name": "35",
      "scheme_launch_date": "35"
     }
    ],
    "fund_manager": [
     {
      "managing_fund_since": "september 26, 2020",
      "name": "Vikas Garg",
      "qualification": "",
      "total_exp": "19 years"
     },
     {
      "managing_fund_since": "december 16, 2020",
      "name": "Krishna Cheemalapati",
      "qualification": "",
      "total_exp": "26 years"
     },
     {
      "managing_fund_since": "",
      "name": "Rating Profile",
      "qualification": "",
      "total_exp": ""
     },
     {
      "managing_fund_since": "",
      "name": "Maturity Profile",
      "qualification": "",
      "total_exp": ""
     }
    ],
    "load": [
     {
      "comment": "1 Nil",
      "type": "exit"
     }
    ],
    "main_scheme_name": "Invesco India Corporate Bond Fund",
    "metrics": [
     {
      "name": "ytm",
      "value": "4"
     },
     {
      "name": "mod_duration",
      "value": "3.66 years"
     },
     {
      "name": "avg_maturity",
      "value": "5 years"
     },
     {
      "name": "macaulay",
      "value": "3.85 years"
     }
    ],
    "min_addl_amt": "1,000",
    "min_addl_amt_multiple": "1",
    "min_amt": "1,000",
    "min_amt_multiple": "1",
    "monthly_aaum_date": "JANUARY 2025",
    "monthly_aaum_value": "5,667.99 crores",
    "mutual_fund_name": "Invesco Mutual Fund",
    "scheme_launch_date": "2 ND AUGUST, 2007"
   }
  },
  {
   "value": {
    "amc_name": "Invesco Asset Management (India) Private Limited",
    "benchmark_index": [
     "Nifty Banking & PSU Debt Index A-II"
    ],
    "field_location": [
     {
      "amc_name": "36",
      "benchmark_index": "36",
      "count": 39,
      "fund_manager_managing_fund_since": "36",
      "fund_manager_name": "36",
      "fund_manager_total_exp": "36",
      "load_exit": "36",
      "main_scheme_name": "36",
      "metrics_avg_maturity": "36",
      "metrics_macaulay": "36",
      "metrics_mod_duration": "36",
      "metrics_ytm": "36",
      "min_addl_amt": "36",
      "min_addl_amt_multiple": "36",
      "min_amt": "36",
      "min_amt_multiple": "36",
      "monthly_aaum_date": "36",
      "monthly_aaum_value": "36",
      "mutual_fund_name": "36",
      "scheme_launch_date": "36"
     }
    ],
    "fund_manager": [
     {
      "managing_fund_since": "september 26, 2020",
      "name": "Vikas Garg",
      "qualification": "",
      "total_exp": "19 years"
     },
     {
      "managing_fund_since": "december 16, 2020",
      "name": "Krishna Cheemalapati",
      "qualification": "",
      "total_exp": "26 years"
     },
     {
      "managing_fund_since": "",
      "name": "Rating Profile",
      "qualification": "",
      "total_exp": "1 year"
     },
     {
      "managing_fund_since": "",
      "name": "Maturity Profile",
      "qualification": "",
      "total_exp": ""
     }
    ],
    "load": [
     {
      "comment": "1 Nil",
      "type": "exit"
     }
    ],
    "main_scheme_name": "Invesco India Banking and PSU Fund",
    "metrics": [
     {
      "name": "ytm",
      "value": "4"
     },
     {
      "name": "mod_duration",
      "value": "3.79 years"
     },
     {
      "name": "avg_maturity",
      "value": "5.4 years"
     },
     {
      "name": "macaulay",
      "value": "4.01 years"
     }
    ],
    "min_addl_amt": "1,000",
    "min_addl_amt_multiple": "1",
    "min_amt": "1,000",
    "min_amt_multiple": "1",
    "monthly_aaum_date": "JANUARY 2025",
    "monthly_aaum_value": "99.87 crores",
    "mutual_fund_name": "Invesco Mutual Fund",
    "scheme_launch_date": "29 TH DECEMBER, 2012"
   }
  },
  {
   "value": {
    "amc_name": "Invesco Asset Management (India) Private Limited",
    "benchmark_index": [
     "Nifty G-sec Jul 2027 Index"
    ],
    "field_location": [
     {
      "amc_name": "37",
      "benchmark_index": "37",
      "count": 39,
      "load_exit": "37",
      "main_scheme_name": "37",
      "metrics_avg_maturity": "37",
      "metrics_macaulay": "37",
      "metrics_ytm": "37",
      "min_amt": "37",
      "min_amt_multiple": "37",
      "monthly_aaum_date": "37",
      "monthly_aaum_value": "37",
      "mutual_fund_name": "37",
      "scheme_launch_date": "37"
     }
    ],
    "load": [
     {
      "comment": "1 • If units are redeemed / switched out within 30 days from the date of allotment - 0.25% • If units are redeemed/switched out after 30 days from the date of allotment : Nil • Switch between the Plans under the Scheme: Nil",
      "type": "exit"
     }
    ],
    "main_scheme_name": "Invesco India Nifty G-sec Jul 2027 Index Fund",
    "metrics": [
     {
      "name": "ytm",
      "value": "4"
     },
     {
      "name": "avg_maturity",
      "value": "2.3 years"
     },
     {
      "name": "macaulay",
      "value": "2.14 years"
     }
    ],
    "min_amt": "1,000",
    "min_amt_multiple": "1",
    "monthly_aaum_date": "JANUARY 2025",
    "monthly_aaum_value": "69.27 crores",
    "mutual_fund_name": "Invesco Mutual Fund",
    "scheme_launch_date": "20 TH MARCH, 2023"
   }
  },
  {
   "value": {
    "amc_name": "Invesco Asset Management (India) Private Limited",
    "benchmark_index": [
     "MSCI World Consumer Discretionary Index-"
    ],
    "field_location": [
     {
      "amc_name": "38",
      "benchmark_index": "38",
      "count": 39,
      "fund_manager_managing_fund_since": "38",
      "fund_manager_name": "38",
      "fund_manager_total_exp": "38",
      "load_exit": "38",
      "main_scheme_name": "38",
      "min_addl_amt": "38",
      "min_addl_amt_multiple": "38",
      "min_amt": "38",
      "min_amt_multiple": "38",
      "monthly_aaum_date": "38",
      "monthly_aaum_value": "38",
      "mutual_fund_name": "38",
      "scheme_launch_date": "38"
     }
    ],
    "fund_manager": [
     {
      "managing_fund_since": "august 1, 2024",
      "name": "Herin Shah",
      "qualification": "",
      "total_exp": "14 years"
     }
    ],
    "load": [
     {
      "comment": "1 • Nil - if upto 10% of Units allotted are redeemed / switched-out within 1 year from the date of allotment. • 1% - for any redemption / switch-out in excess of 10% of units allotted within one year from the date of allotment. • Nil - if units are redeemed or switched-out after 1 year from the date of allotment. Switch between the Plans under the Scheme, please refer page no. 61.",
      "type": "exit"
     }
    ],
    "main_scheme_name": "Invesco India - Invesco Global Consumer Trends Fund of Fund",
    "min_addl_amt": "1,000",
    "min_addl_amt_multiple": "1",
    "min_amt": "1,000",
    "min_amt_multiple": "1",
    "monthly_aaum_date": "JANUARY 2025",
    "monthly_aaum_value": "320.44 crores",
    "mutual_fund_name": "Invesco Mutual Fund",
    "scheme_launch_date": "24 TH DECEMBER, 2020"
   }
  },
  {
   "value": {
    "amc_name": "Invesco Asset Management (India) Private Limited",
    "benchmark_index": [
     "NASDAQ-100 Notional Index (Net Total Return)"
    ],
    "field_location": [
     {
      "amc_name": "39",
      "benchmark_index": "39",
      "count": 39,
      "fund_manager_managing_fund_since": "39",
      "fund_manager_name": "39",
      "fund_manager_total_exp": "39",
      "load_exit": "39",
      "main_scheme_name": "39",
      "metrics_tracking_error": "39",
      "min_addl_amt": "39",
      "min_addl_amt_multiple": "39",
      "min_amt": "39",
      "min_amt_multiple": "39",
      "monthly_aaum_date": "39",
      "monthly_aaum_value": "39",
      "mutual_fund_name": "39",
      "scheme_launch_date": "39"
     }
    ],
    "fund_manager": [
     {
      "managing_fund_since": "august 1, 2024",
      "name": "Herin Shah",
      "qualification": "",
      "total_exp": "14 years"
     }
    ],
    "load": [
     {
      "comment": "1 Nil",
      "type": "exit"
     }
    ],
    "main_scheme_name": "Invesco India - Invesco EQQQ NASDAQ-100 ETF Fund of Fund",
    "metrics": [
     {
      "name": "tracking_error",
      "value": "100"
     }
    ],
    "min_addl_amt": "1,000",
    "min_addl_amt_multiple": "1",
    "min_amt": "1,000",
    "min_amt_multiple": "1",
    "monthly_aaum_date": "JANUARY 2025",
    "monthly_aaum_value": "410.03 crores",
    "mutual_fund_name": "Invesco Mutual Fund",
    "scheme_launch_date": "21 ST APRIL, 2022"
   }
  },
  {
   "value": {
    "amc_name": "Invesco Asset Management (India) Private Limited",
    "benchmark_index": [
     "MSCI Europe Index - Net Total Return"
    ],
    "field_location": [
     {
      "amc_name": "40",
      "benchmark_index": "40",
      "count": 39,
      "fund_manager_managing_fund_since": "40",
      "fund_manager_name": "40",
      "fund_manager_total_exp": "40",
      "load_exit": "40",
      "main_scheme_name": "40",
      "min_addl_amt": "40",
      "min_addl_amt_multiple": "40",
      "min_amt": "40",
      "min_amt_multiple": "40",
      "monthly_aaum_date": "40",
      "monthly_aaum_value": "40",
      "mutual_fund_name": "40",
      "scheme_launch_date": "40"
     }
    ],
    "fund_manager": [
     {
      "managing_fund_since": "august 1, 2024",
      "name": "Herin Shah",
      "qualification": "",
      "total_exp": "14 years"
     }
    ],
    "load": [
     {
      "comment": "1 • Nil - if upto 10% of Units allotted are redeemed / switched-out within 1 year from the date of allotment. • 1% - for any redemption / switch- out in excess of 10% of units allotted within one year from the date of allotment. • Nil - if units are redeemed or switched-out after 1 year from the date of allotment. Switch between the Plans under the Scheme, please refer page no. 61.",
      "type": "exit"
     }
    ],
    "main_scheme_name": "Invesco India - Invesco Pan European Equity Fund of Fund",
    "min_addl_amt": "1,000",
    "min_addl_amt_multiple": "1",
    "min_amt": "1,000",
    "min_amt_multiple": "1",
    "monthly_aaum_date": "JANUARY 2025",
    "monthly_aaum_value": "33.44 crores",
    "mutual_fund_name": "Invesco Mutual Fund",
    "scheme_launch_date": "31 ST JANUARY, 2014"
   }
  },
  {
   "value": {
    "amc_name": "Invesco Asset Management (India) Private Limited",
    "benchmark_index": [
     "MSCI World Index - Net Total Return"
    ],
    "field_location": [
     {
      "amc_name": "41",
      "benchmark_index": "41",
      "count": 39,
      "fund_manager_managing_fund_since": "41",
      "fund_manager_name": "41",
      "fund_manager_total_exp": "41",
      "load_exit": "41",
      "main_scheme_name": "41",
      "min_addl_amt": "41",
      "min_addl_amt_multiple": "41",
      "min_amt": "41",
      "min_amt_multiple": "41",
      "monthly_aaum_date": "41",
      "monthly_aaum_value": "41",
      "mutual_fund_name": "41",
      "scheme_launch_date": "41"
     }
    ],
    "fund_manager": [
     {
      "managing_fund_since": "august 1, 2024",
      "name": "Herin Shah",
      "qualification": "",
      "total_exp": "14 years"
     }
    ],
    "load": [
     {
      "comment": "1 • Nil - if upto 10% of Units allotted are redeemed / switched-out within 1 year from the date of allotment. • 1% - for any redemption / switch- out in excess of 10% of units allotted within one year from the date of allotment. • Nil - if units are redeemed or switched-out after 1 year from the date of allotment. Switch between the Plans under the Scheme, please refer page no. 61.",
      "type": "exit"
     }
    ],
    "main_scheme_name": "Invesco India - Invesco Global Equity Income Fund of Fund",
    "min_addl_amt": "1,000",
    "min_addl_amt_multiple": "1",
    "min_amt": "1,000",
    "min_amt_multiple": "1",
    "monthly_aaum_date": "JANUARY 2025",
    "monthly_aaum_value": "27.13 crores",
    "mutual_fund_name": "Invesco Mutual Fund",
    "scheme_launch_date": "5 TH MAY, 2014"
   }
  },
  {
   "value": {
    "amc_name": "Invesco Asset Management (India) Private Limited",
    "benchmark_index": [
     "Price of Gold"
    ],
    "field_location": [
     {
      "amc_name": "42",
      "benchmark_index": "42",
      "count": 39,
      "fund_manager_managing_fund_since": "42",
      "fund_manager_name": "42",
      "fund_manager_total_exp": "42",
      "load_exit": "42",
      "main_scheme_name": "42",
      "min_addl_amt": "42",
      "min_addl_amt_multiple": "42",
      "min_amt": "42",
      "min_amt_multiple": "42",
      "monthly_aaum_date": "42",
      "monthly_aaum_value": "42",
      "mutual_fund_name": "42",
      "scheme_launch_date": "42"
     }
    ],
    "fund_manager": [
     {
      "managing_fund_since": "august 1, 2024",
      "name": "Herin Shah",
      "qualification": "",
      "total_exp": "14 years"
     }
    ],
    "load": [
     {
      "comment": "1 Nil",
      "type": "exit"
     }
    ],
    "main_scheme_name": "Invesco India Gold ETF Fund of Fund",
    "min_addl_amt": "1,000",
    "min_addl_amt_multiple": "1",
    "min_amt": "1,000",
    "min_amt_multiple": "1",
    "monthly_aaum_date": "JANUARY 2025",
    "monthly_aaum_value": "106.98 crores",
    "mutual_fund_name": "Invesco Mutual Fund",
    "scheme_launch_date": "5 TH DECEMBER, 2011"
   }
  },
  {
   "value": {
    "amc_name": "Invesco Asset Management (India) Private Limited",
    "benchmark_index": [
     "Price of Gold"
    ],
    "field_location": [
     {
      "amc_name": "43",
      "benchmark_index": "43",
      "count": 39,
      "creation_unit": "43",
      "fund_manager_managing_fund_since": "43",
      "fund_manager_name": "43",
      "fund_manager_total_exp": "43",
      "load_exit": "43",
      "main_scheme_name": "43",
      "monthly_aaum_date": "43",
      "monthly_aaum_value": "43",
      "mutual_fund_name": "43",
      "scheme_launch_date": "43"
     }
    ],
    "fund_manager": [
     {
      "managing_fund_since": "august 1, 2024",
      "name": "Herin Shah",
      "qualification": "",
      "total_exp": "14 years"
     }
    ],
    "load": [
     {
      "comment": "1 Nil (For redemption in Creation Unit size.)",
      "type": "exit"
     }
    ],
    "main_scheme_name": "Invesco India Gold Exchange Traded Fund",
    "monthly_aaum_date": "JANUARY 2025",
    "monthly_aaum_value": "210.58 crores",
    "mutual_fund_name": "Invesco Mutual Fund",
    "scheme_launch_date": "12 TH MARCH, 2010"
   }
  },
  {
   "value": {
    "amc_name": "Invesco Asset Management (India) Private Limited",
    "benchmark_index": [
     "Nifty 50 TRI"
    ],
    "field_location": [
     {
      "amc_name": "44",
      "benchmark_index": "44",
      "count": 39,
      "creation_unit": "44",
      "fund_manager_managing_fund_since": "44",
      "fund_manager_name": "44",
      "fund_manager_total_exp": "44",
      "load_exit": "44",
      "main_scheme_name": "44",
      "monthly_aaum_date": "44",
      "monthly_aaum_value": "44",
      "mutual_fund_name": "44",
      "scheme_launch_date": "44"
     }
    ],
    "fund_manager": [
     {
      "managing_fund_since": "may 19, 2020",
      "name": "Kuber Mannadi",
      "qualification": "",
      "total_exp": "19 years"
     }
    ],
    "load": [
     {
      "comment": "1, 1.1 Nil (For redemption in Creation Unit size.)",
      "type": "exit"
     }
    ],
    "main_scheme_name": "Invesco India NIFTY 50 Exchange Traded Fund",
    "monthly_aaum_date": "JANUARY 2025",
    "monthly_aaum_value": "87.30 crores",
    "mutual_fund_name": "Invesco Mutual Fund",
    "scheme_launch_date": "13 TH JUNE, 2011"
   }
  }
 ]
}