{
 "metadata": {
  "document_name": "22_31-Jan-25_FS.pdf",
  "file_type": "fs",
  "process_date": "20250211"
 },
 "records": [
  {
   "value": {
    "amc_name": "JM Financial Asset Management Limited",
    "benchmark_index": [
     "BSE 500 TRI ##",
     "Additional Benchmark Index: Nifty 50 TRI"
    ],
    "field_location": [
     {
      "amc_name": "19",
      "benchmark_index": "19",
      "count": 15,
      "fund_manager_managing_fund_since": "19",
      "fund_manager_name": "19",
      "fund_manager_total_exp": "19",
      "load_exit": "19",
      "main_scheme_name": "19",
      "metrics_beta": "19",
      "metrics_port_turnover_ratio": "19",
      "metrics_sharpe": "19",
      "metrics_std_dev": "19",
      "min_addl_amt": "19",
      "min_addl_amt_multiple": "19",
      "min_amt": "19",
      "min_amt_multiple": "19",
      "monthly_aaum_date": "19",
      "monthly_aaum_value": "19",
      "mutual_fund_name": "19",
      "scheme_launch_date": "19"
     }
    ],
    "fund_manager": [
     {
      "managing_fund_since": "july 18, 2014 ",
      "name": "Mr. Chaitanya Choksi",
      "qualification": "",
      "total_exp": "21 years"
     },
     {
      "managing_fund_since": "october 01, 2024 ",
      "name": "Mr. Satish Ramanathan",
      "qualification": "",
      "total_exp": "20 years"
     },
     {
      "managing_fund_since": "december, 2021",
      "name": "Mr. Asit Bhandarkar",
      "qualification": "",
      "total_exp": "10 years"
     },
     {
      "managing_fund_since": "october 04, 2024 ",
      "name": "Ms. Ruchi Fozdar",
      "qualification": "",
      "total_exp": ""
     }
    ],
    "load": [
     {
      "comment": "NIL",
      "type": "exit"
     }
    ],
    "main_scheme_name": "JM ELSS Tax Saver Fund",
    "metrics": [
     {
      "name": "sharpe",
      "value": "0.69"
     },
     {
      "name": "std_dev",
      "value": "14.96"
     },
     {
      "name": "beta",
      "value": "0.94"
     },
     {
      "name": "port_turnover_ratio",
      "value": "1.0032"
     }
    ],
    "min_addl_amt": "500",
    "min_addl_amt_multiple": "500",
    "min_amt": "500",
    "min_amt_multiple": "500",
    "monthly_aaum_date": "20250131",
    "monthly_aaum_value": "181.80 Crore",
    "mutual_fund_name": "JM Financial Mutual Fund",
    "scheme_launch_date": "20080331"
   }
  },
  {
   "value": {
    "amc_name": "JM Financial Asset Management Limited",
    "benchmark_index": [
     "BSE 500 TRI ##",
     "Additional Benchmark Index: Nifty 50 TRI"
    ],
    "field_location": [
     {
      "amc_name": "20",
      "benchmark_index": "20",
      "count": 15,
      "fund_manager_managing_fund_since": "20",
      "fund_manager_name": "20",
      "fund_manager_total_exp": "20",
      "load_exit": "20",
      "main_scheme_name": "20",
      "metrics_beta": "20",
      "metrics_port_turnover_ratio": "20",
      "metrics_sharpe": "20",
      "metrics_std_dev": "20",
      "min_addl_amt": "20",
      "min_addl_amt_multiple": "20",
      "min_amt": "20",
      "min_amt_multiple": "20",
      "monthly_aaum_date": "20",
      "monthly_aaum_value": "20",
      "mutual_fund_name": "20",
      "scheme_launch_date": "20"
     }
    ],
    "fund_manager": [
     {
      "managing_fund_since": "august 20, 2021 ",
      "name": "Mr. Satish Ramanathan",
      "qualification": "",
      "total_exp": "20 years"
     },
     {
      "managing_fund_since": "october 01, 2024",
      "name": "Mr. Asit Bhandarkar",
      "qualification": "",
      "total_exp": "21 years"
     },
     {
      "managing_fund_since": "december 2021",
      "name": "Mr. Chaitanya Choksi",
      "qualification": "",
      "total_exp": "10 years"
     },
     {
      "managing_fund_since": "october 04, 2024 ",
      "name": "Ms. Ruchi Fozdar",
      "qualification": "",
      "total_exp": ""
     }
    ],
    "load": [
     {
      "comment": "• If the units are redeemed/switched out on or before 30 days from the date of allotment – 1.00%. • If the units are redeemed / switched out after 30 days from the date of allotment – Nil.",
      "type": "exit"
     }
    ],
    "main_scheme_name": "JM Flexicap Fund",
    "metrics": [
     {
      "name": "sharpe",
      "value": "1.04"
     },
     {
      "name": "std_dev",
      "value": "14.62"
     },
     {
      "name": "beta",
      "value": "0.91"
     },
     {
      "name": "port_turnover_ratio",
      "value": "1.2085"
     }
    ],
    "min_addl_amt": "100",
    "min_addl_amt_multiple": "1",
    "min_amt": "1000",
    "min_amt_multiple": "1",
    "monthly_aaum_date": "20250131",
    "monthly_aaum_value": "5,244.25 Crore",
    "mutual_fund_name": "JM Financial Mutual Fund",
    "scheme_launch_date": "20080923"
   }
  },
  {
   "value": {
    "amc_name": "JM Financial Asset Management Limited",
    "benchmark_index": [
     "Nifty Midcap 150 TRI ##",
     "Additional Benchmark Index: Nifty 50 TRI"
    ],
    "field_location": [
     {
      "amc_name": "21",
      "benchmark_index": "21",
      "count": 15,
      "fund_manager_managing_fund_since": "21",
      "fund_manager_name": "21",
      "fund_manager_total_exp": "21",
      "load_exit": "21",
      "main_scheme_name": "21",
      "metrics_beta": "21",
      "metrics_port_turnover_ratio": "21",
      "metrics_sharpe": "21",
      "metrics_std_dev": "21",
      "metrics_tracking_error": "21",
      "min_addl_amt": "21",
      "min_addl_amt_multiple": "21",
      "min_amt": "21",
      "min_amt_multiple": "21",
      "monthly_aaum_date": "21",
      "monthly_aaum_value": "21",
      "mutual_fund_name": "21",
      "scheme_launch_date": "21"
     }
    ],
    "fund_manager": [
     {
      "managing_fund_since": "november 21, 2022 ",
      "name": "Mr. Satish Ramanathan",
      "qualification": "",
      "total_exp": "20 years"
     },
     {
      "managing_fund_since": "october 01, 2024",
      "name": "Mr. Asit Bhandarkar",
      "qualification": "",
      "total_exp": "21 years"
     },
     {
      "managing_fund_since": "november 21, 2022",
      "name": "Mr. Chaitanya Choksi",
      "qualification": "",
      "total_exp": "10 years"
     },
     {
      "managing_fund_since": "october 04, 2024 ",
      "name": "Ms. Ruchi Fozdar",
      "qualification": "",
      "total_exp": ""
     }
    ],
    "load": [
     {
      "comment": "• If the units are redeemed/switched out on or before 180 days from the date of allotment – 1.00%. • If the units are redeemed/switched out after 180 days from the date of allotment – Nil.",
      "type": "exit"
     }
    ],
    "main_scheme_name": "JM Midcap Fund",
    "metrics": [
     {
      "name": "sharpe",
      "value": "39."
     },
     {
      "name": "std_dev",
      "value": "39."
     },
     {
      "name": "beta",
      "value": "39."
     },
     {
      "name": "tracking_error",
      "value": "39."
     },
     {
      "name": "port_turnover_ratio",
      "value": "1.6018"
     }
    ],
    "min_addl_amt": "100",
    "min_addl_amt_multiple": "1",
    "min_amt": "1000",
    "min_amt_multiple": "1",
    "monthly_aaum_date": "20250131",
    "monthly_aaum_value": "1,359.57 Crore",
    "mutual_fund_name": "JM Financial Mutual Fund",
    "scheme_launch_date": "20221121"
   }
  },
  {
   "value": {
    "amc_name": "JM Financial Asset Management Limited",
    "benchmark_index": [
     "Nifty Smallcap 250 TRI ##",
     "Additional Benchmark Index: Nifty 50 TRI"
    ],
    "field_location": [
     {
      "amc_name": "22",
      "benchmark_index": "22",
      "count": 15,
      "fund_manager_managing_fund_since": "22",
      "fund_manager_name": "22",
      "fund_manager_total_exp": "22",
      "load_exit": "22",
      "main_scheme_name": "22",
      "metrics_port_turnover_ratio": "22",
      "min_addl_amt": "22",
      "min_addl_amt_multiple": "22",
      "min_amt": "22",
      "min_amt_multiple": "22",
      "monthly_aaum_date": "22",
      "monthly_aaum_value": "22",
      "mutual_fund_name": "22",
      "scheme_launch_date": "22"
     }
    ],
    "fund_manager": [
     {
      "managing_fund_since": "june 18, 2024 ",
      "name": "Mr. Asit Bhandarkar",
      "qualification": "",
      "total_exp": "20 years"
     },
     {
      "managing_fund_since": "october 01, 2024 ",
      "name": "Mr. Satish Ramanathan",
      "qualification": "",
      "total_exp": "21 years"
     },
     {
      "managing_fund_since": "june 18, 2024",
      "name": "Mr. Chaitanya Choksi",
      "qualification": "",
      "total_exp": "10 years"
     },
     {
      "managing_fund_since": "october 04, 2024 ",
      "name": "Ms. Ruchi Fozdar",
      "qualification": "",
      "total_exp": ""
     }
    ],
    "load": [
     {
      "comment": "• If the units are redeemed/switched out on or before 180 days from the date of allotment – 1.00%. • If the units are redeemed / switched out after 180 days from the date of allotment – Nil.",
      "type": "exit"
     }
    ],
    "main_scheme_name": "JM Small Cap Fund",
    "metrics": [
     {
      "name": "port_turnover_ratio",
      "value": "39."
     }
    ],
    "min_addl_amt": "100",
    "min_addl_amt_multiple": "1",
    "min_amt": "1000",
    "min_amt_multiple": "1",
    "monthly_aaum_date": "20250131",
    "monthly_aaum_value": "607.94 Crore",
    "mutual_fund_name": "JM Financial Mutual Fund",
    "scheme_launch_date": "20240618"
   }
  },
  {
   "value": {
    "amc_name": "JM Financial Asset Management Limited",
    "benchmark_index": [
     "BSE 100 TRI ##",
     "Additional Benchmark Index: Nifty 50 TRI"
    ],
    "field_location": [
     {
      "amc_name": "23",
      "benchmark_index": "23",
      "count": 15,
      "fund_manager_managing_fund_since": "23",
      "fund_manager_name": "23",
      "fund_manager_total_exp": "23",
      "load_exit": "23",
      "main_scheme_name": "23",
      "metrics_beta": "23",
      "metrics_port_turnover_ratio": "23",
      "metrics_sharpe": "23",
      "metrics_std_dev": "23",
      "min_addl_amt": "23",
      "min_addl_amt_multiple": "23",
      "min_amt": "23",
      "min_amt_multiple": "23",
      "monthly_aaum_date": "23",
      "monthly_aaum_value": "23",
      "mutual_fund_name": "23",
      "scheme_launch_date": "23"
     }
    ],
    "fund_manager": [
     {
      "managing_fund_since": "august 20, 2021 ",
      "name": "Mr. Satish Ramanathan",
      "qualification": "",
      "total_exp": "20 years"
     },
     {
      "managing_fund_since": "october 5, 2017 ",
      "name": "Mr. Asit Bhandarkar",
      "qualification": "",
      "total_exp": "21 years"
     },
     {
      "managing_fund_since": "january 27, 2025 ",
      "name": "Mr. Deepak Gupta",
      "qualification": "",
      "total_exp": "10 years"
     },
     {
      "managing_fund_since": "october 04, 2024 ",
      "name": "Ms. Ruchi Fozdar",
      "qualification": "",
      "total_exp": ""
     }
    ],
    "load": [
     {
      "comment": "• If the units are redeemed/switched out on or before 30 days from the date of allotment – 1.00%. • If the units are redeemed / switched out after 30 days from the date of allotment – Nil.",
      "type": "exit"
     }
    ],
    "main_scheme_name": "JM Large Cap Fund",
    "metrics": [
     {
      "name": "sharpe",
      "value": "0.55"
     },
     {
      "name": "std_dev",
      "value": "13.48"
     },
     {
      "name": "beta",
      "value": "0.90"
     },
     {
      "name": "port_turnover_ratio",
      "value": "2.7734"
     }
    ],
    "min_addl_amt": "100",
    "min_addl_amt_multiple": "1",
    "min_amt": "1000",
    "min_amt_multiple": "1",
    "monthly_aaum_date": "20250131",
    "monthly_aaum_value": "482.25 Crore",
    "mutual_fund_name": "JM Financial Mutual Fund",
    "scheme_launch_date": "19950401"
   }
  },
  {
   "value": {
    "amc_name": "JM Financial Asset Management Limited",
    "benchmark_index": [
     "BSE 500 TRI ##",
     "Additional Benchmark Index: Nifty 50 TRI"
    ],
    "field_location": [
     {
      "amc_name": "24",
      "benchmark_index": "24",
      "count": 15,
      "fund_manager_managing_fund_since": "24",
      "fund_manager_name": "24",
      "fund_manager_total_exp": "24",
      "load_exit": "24",
      "main_scheme_name": "24",
      "metrics_beta": "24",
      "metrics_port_turnover_ratio": "24",
      "metrics_sharpe": "24",
      "metrics_std_dev": "24",
      "min_addl_amt": "24",
      "min_addl_amt_multiple": "24",
      "min_amt": "24",
      "min_amt_multiple": "24",
      "monthly_aaum_date": "24",
      "monthly_aaum_value": "24",
      "mutual_fund_name": "24",
      "scheme_launch_date": "24"
     }
    ],
    "fund_manager": [
     {
      "managing_fund_since": "august 20, 2021 ",
      "name": "Mr. Satish Ramanathan",
      "qualification": "",
      "total_exp": "21 years"
     },
     {
      "managing_fund_since": "october 01, 2024 ",
      "name": "Mr. Chaitanya Choksi",
      "qualification": "",
      "total_exp": "20 years"
     },
     {
      "managing_fund_since": "december, 2006",
      "name": "Mr. Asit Bhandarkar",
      "qualification": "",
      "total_exp": "10 years"
     },
     {
      "managing_fund_since": "october 04, 2024 ",
      "name": "Ms. Ruchi Fozdar",
      "qualification": "",
      "total_exp": ""
     }
    ],
    "load": [
     {
      "comment": "• If the units are redeemed/switched out on or before 30 days from the date of allotment – 1.00%. • If the units are redeemed / switched out after 30 days from the date of allotment – Nil.",
      "type": "exit"
     }
    ],
    "main_scheme_name": "JM Value Fund",
    "metrics": [
     {
      "name": "sharpe",
      "value": "0.94"
     },
     {
      "name": "std_dev",
      "value": "15.62"
     },
     {
      "name": "beta",
      "value": "0.93"
     },
     {
      "name": "port_turnover_ratio",
      "value": "1.1792"
     }
    ],
    "min_addl_amt": "100",
    "min_addl_amt_multiple": "1",
    "min_amt": "1000",
    "min_amt_multiple": "1",
    "monthly_aaum_date": "20250131",
    "monthly_aaum_value": "1,046.78 Crore",
    "mutual_fund_name": "JM Financial Mutual Fund",
    "scheme_launch_date": "19970602"
   }
  },
  {
   "value": {
    "amc_name": "JM Financial Asset Management Limited",
    "benchmark_index": [
     "BSE 500 TRI ##",
     "Additional Benchmark Index: Nifty 50 TRI"
    ],
    "field_location": [
     {
      "amc_name": "25",
      "benchmark_index": "25",
      "count": 15,
      "fund_manager_managing_fund_since": "25",
      "fund_manager_name": "25",
      "fund_manager_total_exp": "25",
      "load_exit": "25",
      "main_scheme_name": "25",
      "metrics_beta": "25",
      "metrics_port_turnover_ratio": "25",
      "metrics_sharpe": "25",
      "metrics_std_dev": "25",
      "min_addl_amt": "25",
      "min_addl_amt_multiple": "25",
      "min_amt": "25",
      "min_amt_multiple": "25",
      "monthly_aaum_date": "25",
      "monthly_aaum_value": "25",
      "mutual_fund_name": "25",
      "scheme_launch_date": "25"
     }
    ],
    "fund_manager": [
     {
      "managing_fund_since": "february, 2009",
      "name": "Mr. Asit Bhandarkar",
      "qualification": "",
      "total_exp": "20 years"
     },
     {
      "managing_fund_since": "october 01, 2024 ",
      "name": "Mr. Satish Ramanathan",
      "qualification": "",
      "total_exp": "21 years"
     },
     {
      "managing_fund_since": "july 18, 2014 ",
      "name": "Mr. Chaitanya Choksi",
      "qualification": "",
      "total_exp": "10 years"
     },
     {
      "managing_fund_since": "october 04, 2024 ",
      "name": "Ms. Ruchi Fozdar",
      "qualification": "",
      "total_exp": ""
     }
    ],
    "load": [
     {
      "comment": "• If the units are redeemed/switched out on or before 30 days from the date of allotment – 1.00%. • If the units are redeemed / switched out after 30 days from the date of allotment – Nil.",
      "type": "exit"
     }
    ],
    "main_scheme_name": "JM Focused Fund",
    "metrics": [
     {
      "name": "sharpe",
      "value": "0.76"
     },
     {
      "name": "std_dev",
      "value": "13.96"
     },
     {
      "name": "beta",
      "value": "0.87"
     },
     {
      "name": "port_turnover_ratio",
      "value": "2.0481"
     }
    ],
    "min_addl_amt": "100",
    "min_addl_amt_multiple": "1",
    "min_amt": "1000",
    "min_amt_multiple": "1",
    "monthly_aaum_date": "20250131",
    "monthly_aaum_value": "225.02 Crore",
    "mutual_fund_name": "JM Financial Mutual Fund",
    "scheme_launch_date": "20080305"
   }
  },
  {
   "value": {
    "amc_name": "JM Financial Asset Management Limited",
    "benchmark_index": [
     "Nifty 50 Arbitrage Index ##",
     "Additional Benchmark Index: Crisil 1 Year T Bill Index"
    ],
    "field_location": [
     {
      "amc_name": "26",
      "benchmark_index": "26",
      "count": 15,
      "fund_manager_managing_fund_since": "26",
      "fund_manager_name": "26",
      "fund_manager_total_exp": "26",
      "load_exit": "26",
      "main_scheme_name": "26",
      "metrics_avg_maturity": "26",
      "metrics_beta": "26",
      "metrics_macaulay": "26",
      "metrics_mod_duration": "26",
      "metrics_port_turnover_ratio": "26",
      "metrics_sharpe": "26",
      "metrics_std_dev": "26",
      "metrics_ytm": "26",
      "min_addl_amt": "26",
      "min_addl_amt_multiple": "26",
      "min_amt": "26",
      "min_amt_multiple": "26",
      "monthly_aaum_date": "26",
      "monthly_aaum_value": "26",
      "mutual_fund_name": "26",
      "scheme_launch_date": "26"
     }
    ],
    "fund_manager": [
     {
      "managing_fund_since": "july 18, 2014 ",
      "name": "Mr. Asit Bhandarkar",
      "qualification": "",
      "total_exp": "20 years"
     },
     {
      "managing_fund_since": "october 01, 2024 ",
      "name": "Mr. Satish Ramanathan",
      "qualification": "",
      "total_exp": "21 years"
     },
     {
      "managing_fund_since": "february 01, 2011",
      "name": "Mr. Chaitanya Choksi",
      "qualification": "",
      "total_exp": "10 years"
     },
     {
      "managing_fund_since": "october 04, 2024 ",
      "name": "Ms. Ruchi Fozdar",
      "qualification": "",
      "total_exp": ""
     }
    ],
    "load": [
     {
      "comment": "• If the units are redeemed / switched out on or before 30 days from the date of allotment – 0.50%. • If the units are redeemed / switched out after 30 days from the date of allotment – Nil.",
      "type": "exit"
     }
    ],
    "main_scheme_name": "JM Arbitrage Fund",
    "metrics": [
     {
      "name": "port_turnover_ratio",
      "value": "11.4711"
     },
     {
      "name": "sharpe",
      "value": "6.67"
     },
     {
      "name": "std_dev",
      "value": "6.67%"
     },
     {
      "name": "beta",
      "value": "6.67"
     },
     {
      "name": "ytm",
      "value": "6.67%"
     },
     {
      "name": "mod_duration",
      "value": "0.0738 years"
     },
     {
      "name": "avg_maturity",
      "value": "0.0797 years"
     },
     {
      "name": "macaulay",
      "value": "0.0787 years"
     }
    ],
    "min_addl_amt": "100",
    "min_addl_amt_multiple": "1",
    "min_amt": "1000",
    "min_amt_multiple": "1",
    "monthly_aaum_date": "20250131",
    "monthly_aaum_value": "196.33 Crore",
    "mutual_fund_name": "JM Financial Mutual Fund",
    "scheme_launch_date": "20060718"
   }
  },
  {
   "value": {
    "amc_name": "JM Financial Asset Management Limited",
    "benchmark_index": [
     "CRISIL Hybrid 35+65 Aggressive Index ##",
     "Additional Benchmark Index: Nifty 50 TRI"
    ],
    "field_location": [
     {
      "amc_name": "28",
      "benchmark_index": "28",
      "count": 15,
      "fund_manager_managing_fund_since": "28",
      "fund_manager_name": "28",
      "fund_manager_total_exp": "28",
      "load_exit": "28",
      "main_scheme_name": "28",
      "metrics_avg_maturity": "28",
      "metrics_beta": "28",
      "metrics_macaulay": "28",
      "metrics_mod_duration": "28",
      "metrics_port_turnover_ratio": "28",
      "metrics_sharpe": "28",
      "metrics_std_dev": "28",
      "metrics_ytm": "28",
      "min_addl_amt": "28",
      "min_addl_amt_multiple": "28",
      "min_amt": "28",
      "min_amt_multiple": "28",
      "monthly_aaum_date": "28",
      "monthly_aaum_value": "28",
      "mutual_fund_name": "28",
      "scheme_launch_date": "28"
     }
    ],
    "fund_manager": [
     {
      "managing_fund_since": "october 01, 2024 ",
      "name": "Mr. Asit Bhandarkar",
      "qualification": "",
      "total_exp": "20 years"
     },
     {
      "managing_fund_since": "august 20, 2021 ",
      "name": "Mr. Satish Ramanathan",
      "qualification": "",
      "total_exp": "21 years"
     },
     {
      "managing_fund_since": "october 04, 2024",
      "name": "Mr. Chaitanya Choksi",
      "qualification": "",
      "total_exp": "10 years"
     },
     {
      "managing_fund_since": "",
      "name": "Ms. Ruchi Fozdar",
      "qualification": "",
      "total_exp": ""
     }
    ],
    "load": [
     {
      "comment": "• If the units are redeemed / switched out on or before 60 days from the date of allotment – 1.00%. • If the units are redeemed / switched out after 60 days from the date of allotment – Nil.",
      "type": "exit"
     }
    ],
    "main_scheme_name": "JM Aggressive Hybrid Fund",
    "metrics": [
     {
      "name": "sharpe",
      "value": "1.00"
     },
     {
      "name": "std_dev",
      "value": "12.06"
     },
     {
      "name": "beta",
      "value": "1.01"
     },
     {
      "name": "ytm",
      "value": "7.17%"
     },
     {
      "name": "port_turnover_ratio",
      "value": "1.3697"
     },
     {
      "name": "mod_duration",
      "value": "4.1877 years"
     },
     {
      "name": "avg_maturity",
      "value": "5.9649 years"
     },
     {
      "name": "macaulay",
      "value": "4.3686 years"
     }
    ],
    "min_addl_amt": "100",
    "min_addl_amt_multiple": "1",
    "min_amt": "1000",
    "min_amt_multiple": "1",
    "monthly_aaum_date": "20250131",
    "monthly_aaum_value": "752.01 Crore",
    "mutual_fund_name": "JM Financial Mutual Fund",
    "scheme_launch_date": "19950401"
   }
  },
  {
   "value": {
    "amc_name": "JM Financial Asset Management Limited",
    "benchmark_index": [
     "CRISIL Liquid Overnight Index ##",
     "Additional Benchmark Index: Crisil 1 Year T Bill Index"
    ],
    "field_location": [
     {
      "amc_name": "29",
      "benchmark_index": "29",
      "count": 15,
      "fund_manager_managing_fund_since": "29",
      "fund_manager_name": "29",
      "fund_manager_total_exp": "29",
      "load_exit": "29",
      "main_scheme_name": "29",
      "metrics_avg_maturity": "29",
      "metrics_macaulay": "29",
      "metrics_mod_duration": "29",
      "metrics_ytm": "29",
      "min_addl_amt": "29",
      "min_addl_amt_multiple": "29",
      "min_amt": "29",
      "min_amt_multiple": "29",
      "monthly_aaum_date": "29",
      "monthly_aaum_value": "29",
      "mutual_fund_name": "29",
      "scheme_launch_date": "29"
     }
    ],
    "fund_manager": [
     {
      "managing_fund_since": "november 05, 2024 ",
      "name": "Mr. Killol Pandya",
      "qualification": "",
      "total_exp": "17 years"
     },
     {
      "managing_fund_since": "april 05, 2022 ",
      "name": "Ms. Naghma Khoja",
      "qualification": "",
      "total_exp": "6 years"
     },
     {
      "managing_fund_since": "april 03, 2024 ",
      "name": "Ms. Ruchi Fozdar",
      "qualification": "",
      "total_exp": "10 years"
     }
    ],
    "load": [
     {
      "comment": "NIL",
      "type": "exit"
     }
    ],
    "main_scheme_name": "JM Overnight Fund",
    "metrics": [
     {
      "name": "ytm",
      "value": "6.61%"
     },
     {
      "name": "mod_duration",
      "value": "2.81 days"
     },
     {
      "name": "avg_maturity",
      "value": "2.99 days"
     },
     {
      "name": "macaulay",
      "value": "2.99 days"
     }
    ],
    "min_addl_amt": "100",
    "min_addl_amt_multiple": "1",
    "min_amt": "1000",
    "min_amt_multiple": "1",
    "monthly_aaum_date": "20250131",
    "monthly_aaum_value": "221.70 Crore",
    "mutual_fund_name": "JM Financial Mutual Fund",
    "scheme_launch_date": "20191203"
   }
  },
  {
   "value": {
    "amc_name": "JM Financial Asset Management Limited",
    "benchmark_index": [
     "CRISIL Liquid Debt A-I Index ##",
     "Additional Benchmark Index: Crisil 1 Year T Bill Index"
    ],
    "field_location": [
     {
      "amc_name": "30",
      "benchmark_index": "30",
      "count": 15,
      "fund_manager_managing_fund_since": "30",
      "fund_manager_name": "30",
      "fund_manager_total_exp": "30",
      "load_exit": "30",
      "main_scheme_name": "30",
      "metrics_avg_maturity": "30",
      "metrics_macaulay": "30",
      "metrics_mod_duration": "30",
      "metrics_ytm": "30",
      "min_addl_amt": "30",
      "min_addl_amt_multiple": "30",
      "min_amt": "30",
      "min_amt_multiple": "30",
      "monthly_aaum_date": "30",
      "monthly_aaum_value": "30",
      "mutual_fund_name": "30",
      "scheme_launch_date": "30"
     }
    ],
    "fund_manager": [
     {
      "managing_fund_since": "november 05, 2024 ",
      "name": "Mr. Killol Pandya",
      "qualification": "",
      "total_exp": "17 years"
     },
     {
      "managing_fund_since": "october 21, 2021 ",
      "name": "Ms. Naghma Khoja",
      "qualification": "",
      "total_exp": "6 years"
     },
     {
      "managing_fund_since": "april 03, 2024 ",
      "name": "Ms. Ruchi Fozdar",
      "qualification": "",
      "total_exp": "10 years"
     }
    ],
    "load": [
     {
      "comment": "Investor Exit upon Exit Load as a % of redemption subscription (based on proceeds (including systematic Applicable NAV) transactions) Day 1 0.0070% Day 2 0.0065% Day 3 0.0060% Day 4 0.0055% Day 5 0.0050% Day 6 0.0045% Day 7 Onwards 0.0000%",
      "type": "exit"
     }
    ],
    "main_scheme_name": "JM Liquid Fund",
    "metrics": [
     {
      "name": "ytm",
      "value": "7.23%"
     },
     {
      "name": "mod_duration",
      "value": "0.1132 years"
     },
     {
      "name": "avg_maturity",
      "value": "0.1219 years"
     },
     {
      "name": "macaulay",
      "value": "0.1213 years"
     }
    ],
    "min_addl_amt": "100",
    "min_addl_amt_multiple": "1",
    "min_amt": "1000",
    "min_amt_multiple": "1",
    "monthly_aaum_date": "20250131",
    "monthly_aaum_value": "3,254.15 Crore",
    "mutual_fund_name": "JM Financial Mutual Fund",
    "scheme_launch_date": "19971231"
   }
  },
  {
   "value": {
    "amc_name": "JM Financial Asset Management Limited",
    "benchmark_index": [
     "CRISIL Short Duration Debt A-II Index ##",
     "Additional Benchmark Index: Crisil 1 Year T Bill Index"
    ],
    "field_location": [
     {
      "amc_name": "31",
      "benchmark_index": "31",
      "count": 15,
      "fund_manager_managing_fund_since": "31",
      "fund_manager_name": "31",
      "fund_manager_total_exp": "31",
      "load_exit": "31",
      "main_scheme_name": "31",
      "metrics_avg_maturity": "31",
      "metrics_macaulay": "31",
      "metrics_mod_duration": "31",
      "metrics_ytm": "31",
      "min_addl_amt": "31",
      "min_addl_amt_multiple": "31",
      "min_amt": "31",
      "min_amt_multiple": "31",
      "monthly_aaum_date": "31",
      "monthly_aaum_value": "31",
      "mutual_fund_name": "31",
      "scheme_launch_date": "31"
     }
    ],
    "fund_manager": [
     {
      "managing_fund_since": "november 05, 2024 ",
      "name": "Mr. Killol Pandya",
      "qualification": "",
      "total_exp": "17 years"
     },
     {
      "managing_fund_since": "april 03, 2024 ",
      "name": "Ms. Naghma Khoja",
      "qualification": "",
      "total_exp": "6 years"
     },
     {
      "managing_fund_since": "april 03, 2024 ",
      "name": "Ms. Ruchi Fozdar",
      "qualification": "",
      "total_exp": "10 years"
     }
    ],
    "load": [
     {
      "comment": "NIL",
      "type": "exit"
     }
    ],
    "main_scheme_name": "JM Short Duration Fund",
    "metrics": [
     {
      "name": "ytm",
      "value": "7.39%"
     },
     {
      "name": "mod_duration",
      "value": "2.4731 years"
     },
     {
      "name": "avg_maturity",
      "value": "3.0118 years"
     },
     {
      "name": "macaulay",
      "value": "2.6092 years"
     }
    ],
    "min_addl_amt": "100",
    "min_addl_amt_multiple": "1",
    "min_amt": "1000",
    "min_amt_multiple": "1",
    "monthly_aaum_date": "20250131",
    "monthly_aaum_value": "118.01 Crore",
    "mutual_fund_name": "JM Financial Mutual Fund",
    "scheme_launch_date": "20220829"
   }
  },
  {
   "value": {
    "amc_name": "JM Financial Asset Management Limited",
    "benchmark_index": [
     "CRISIL Dynamic Bond A-III Index ##",
     "Additional Benchmark Index: Crisil 10 Year Gilt Index"
    ],
    "field_location": [
     {
      "amc_name": "32",
      "benchmark_index": "32",
      "count": 15,
      "fund_manager_managing_fund_since": "32",
      "fund_manager_name": "32",
      "fund_manager_total_exp": "32",
      "load_exit": "32",
      "main_scheme_name": "32",
      "metrics_avg_maturity": "32",
      "metrics_macaulay": "32",
      "metrics_mod_duration": "32",
      "metrics_ytm": "32",
      "min_addl_amt": "32",
      "min_addl_amt_multiple": "32",
      "min_amt": "32",
      "min_amt_multiple": "32",
      "monthly_aaum_date": "32",
      "monthly_aaum_value": "32",
      "mutual_fund_name": "32",
      "scheme_launch_date": "32"
     }
    ],
    "fund_manager": [
     {
      "managing_fund_since": "november 05, 2024 ",
      "name": "Mr. Killol Pandya",
      "qualification": "",
      "total_exp": "17 years"
     },
     {
      "managing_fund_since": "april 03, 2024 ",
      "name": "Ms. Naghma Khoja",
      "qualification": "",
      "total_exp": "6 years"
     },
     {
      "managing_fund_since": "april 03, 2024 ",
      "name": "Ms. Ruchi Fozdar",
      "qualification": "",
      "total_exp": "10 years"
     }
    ],
    "load": [
     {
      "comment": "NIL",
      "type": "exit"
     }
    ],
    "main_scheme_name": "JM Dynamic Bond Fund",
    "metrics": [
     {
      "name": "ytm",
      "value": "6.83%"
     },
     {
      "name": "mod_duration",
      "value": "6.8704 years"
     },
     {
      "name": "avg_maturity",
      "value": "10.1360 years"
     },
     {
      "name": "macaulay",
      "value": "7.1019 years"
     }
    ],
    "min_addl_amt": "100",
    "min_addl_amt_multiple": "1",
    "min_amt": "1000",
    "min_amt_multiple": "1",
    "monthly_aaum_date": "20250131",
    "monthly_aaum_value": "43.71 Crore",
    "mutual_fund_name": "JM Financial Mutual Fund",
    "scheme_launch_date": "20030625"
   }
  },
  {
   "value": {
    "amc_name": "JM Financial Asset Management Limited",
    "benchmark_index": [
     "CRISIL Low Duration Debt A-I Index ##",
     "Additional Benchmark Index: Crisil 1 Year T Bill Index"
    ],
    "field_location": [
     {
      "amc_name": "33",
      "benchmark_index": "33",
      "count": 15,
      "fund_manager_managing_fund_since": "33",
      "fund_manager_name": "33",
      "fund_manager_total_exp": "33",
      "load_exit": "33",
      "main_scheme_name": "33",
      "metrics_avg_maturity": "33",
      "metrics_macaulay": "33",
      "metrics_mod_duration": "33",
      "metrics_ytm": "33",
      "min_addl_amt": "33",
      "min_addl_amt_multiple": "33",
      "min_amt": "33",
      "min_amt_multiple": "33",
      "monthly_aaum_date": "33",
      "monthly_aaum_value": "33",
      "mutual_fund_name": "33",
      "scheme_launch_date": "33"
     }
    ],
    "fund_manager": [
     {
      "managing_fund_since": "november 05, 2024 ",
      "name": "Mr. Killol Pandya",
      "qualification": "",
      "total_exp": "17 years"
     },
     {
      "managing_fund_since": "april 03, 2024 ",
      "name": "Ms. Naghma Khoja",
      "qualification": "",
      "total_exp": "6 years"
     },
     {
      "managing_fund_since": "april 03, 2024 ",
      "name": "Ms. Ruchi Fozdar",
      "qualification": "",
      "total_exp": "10 years"
     }
    ],
    "load": [
     {
      "comment": "NIL",
      "type": "exit"
     }
    ],
    "main_scheme_name": "JM Low Duration Fund",
    "metrics": [
     {
      "name": "ytm",
      "value": "7.72%"
     },
     {
      "name": "mod_duration",
      "value": "0.8733 years"
     },
     {
      "name": "avg_maturity",
      "value": "0.9968 years"
     },
     {
      "name": "macaulay",
      "value": "0.9281 years"
     }
    ],
    "min_addl_amt": "100",
    "min_addl_amt_multiple": "1",
    "min_amt": "1000",
    "min_amt_multiple": "1",
    "monthly_aaum_date": "20250131",
    "monthly_aaum_value": "231.41 Crore",
    "mutual_fund_name": "JM Financial Mutual Fund",
    "scheme_launch_date": "20060927"
   }
  },
  {
   "value": {
    "amc_name": "JM Financial Asset Management Limited",
    "benchmark_index": [
     "CRISIL Medium to Long Duration Debt A-III Index ##",
     "Additional Benchmark Index: Crisil 10 Year Gilt Index"
    ],
    "field_location": [
     {
      "amc_name": "34",
      "benchmark_index": "34",
      "count": 15,
      "fund_manager_managing_fund_since": "34",
      "fund_manager_name": "34",
      "fund_manager_total_exp": "34",
      "load_exit": "34",
      "main_scheme_name": "34",
      "metrics_avg_maturity": "34",
      "metrics_macaulay": "34",
      "metrics_mod_duration": "34",
      "metrics_ytm": "34",
      "min_addl_amt": "34",
      "min_addl_amt_multiple": "34",
      "min_amt": "34",
      "min_amt_multiple": "34",
      "monthly_aaum_date": "34",
      "monthly_aaum_value": "34",
      "mutual_fund_name": "34",
      "scheme_launch_date": "34"
     }
    ],
    "fund_manager": [
     {
      "managing_fund_since": "november 05, 2024 ",
      "name": "Mr. Killol Pandya",
      "qualification": "",
      "total_exp": "17 years"
     },
     {
      "managing_fund_since": "april 03, 2024 ",
      "name": "Ms. Naghma Khoja",
      "qualification": "",
      "total_exp": "6 years"
     },
     {
      "managing_fund_since": "april 03, 2024 ",
      "name": "Ms. Ruchi Fozdar",
      "qualification": "",
      "total_exp": "10 years"
     }
    ],
    "load": [
     {
      "comment": "NIL",
      "type": "exit"
     }
    ],
    "main_scheme_name": "JM Medium to Long Duration Fund",
    "metrics": [
     {
      "name": "ytm",
      "value": "6.80%"
     },
     {
      "name": "mod_duration",
      "value": "6.3764 years"
     },
     {
      "name": "avg_maturity",
      "value": "9.0777 years"
     },
     {
      "name": "macaulay",
      "value": "6.5902 years"
     }
    ],
    "min_addl_amt": "100",
    "min_addl_amt_multiple": "1",
    "min_amt": "1000",
    "min_amt_multiple": "1",
    "monthly_aaum_date": "20250131",
    "monthly_aaum_value": "26.58 Crore",
    "mutual_fund_name": "JM Financial Mutual Fund",
    "scheme_launch_date": "19950401"
   }
  }
 ]
}