{
 "metadata": {
  "document_name": "27_31-Jan-25_FS.pdf",
  "file_type": "fs",
  "process_date": "20250219"
 },
 "records": [
  {
   "value": {
    "amc_name": "Mirae Asset Investment Managers (India) Private Limited",
    "benchmark_index": [
     "Nifty 50 Index (TRI) Bharti Airtel Limited Tata Consultancy Services Limited"
    ],
    "field_location": [
     {
      "amc_name": "27",
      "benchmark_index": "27",
      "count": 46,
      "fund_manager_name": "27",
      "load_exit": "27",
      "main_scheme_name": "27",
      "metrics_tracking_error": "27",
      "monthly_aaum_date": "27",
      "mutual_fund_name": "27",
      "scheme_launch_date": "27"
     }
    ],
    "fund_manager": [
     {
      "managing_fund_since": "",
      "name": "Ms. Ekta Gala",
      "qualification": "",
      "total_exp": ""
     },
     {
      "managing_fund_since": "",
      "name": "Mr. Vishal Singh",
      "qualification": "",
      "total_exp": ""
     },
     {
      "managing_fund_since": "",
      "name": "Reliance Industries",
      "qualification": "",
      "total_exp": ""
     }
    ],
    "load": [
     {
      "comment": "Please refer page no.10 Axis Bank Limited Plan Available: The Scheme does not Other Equities offer any Plans/Options Equity Holding Total for investment Cash & Other Receivables",
      "type": "exit"
     }
    ],
    "main_scheme_name": "MIRAE ASSET NIFTY 50 ETF",
    "metrics": [
     {
      "name": "tracking_error",
      "value": "0.03"
     }
    ],
    "monthly_aaum_date": "20250131",
    "mutual_fund_name": "Mirae Asset Mutual Fund",
    "scheme_launch_date": "20 TH NOVEMBER 2018"
   }
  },
  {
   "value": {
    "amc_name": "Mirae Asset Investment Managers (India) Private Limited",
    "benchmark_index": [
     "Nifty Next 50 Index (TRI) Hindustan Aeronautics Limited Varun Beverages Limited"
    ],
    "field_location": [
     {
      "amc_name": "28",
      "benchmark_index": "28",
      "count": 46,
      "fund_manager_name": "28",
      "load_exit": "28",
      "main_scheme_name": "28",
      "metrics_tracking_error": "28",
      "monthly_aaum_date": "28",
      "mutual_fund_name": "28",
      "scheme_launch_date": "28"
     }
    ],
    "fund_manager": [
     {
      "managing_fund_since": "",
      "name": "Ms. Ekta Gala",
      "qualification": "",
      "total_exp": ""
     },
     {
      "managing_fund_since": "",
      "name": "Mr. Vishal Singh",
      "qualification": "",
      "total_exp": ""
     },
     {
      "managing_fund_since": "",
      "name": "Jio Financial Services",
      "qualification": "",
      "total_exp": ""
     }
    ],
    "load": [
     {
      "comment": "Please refer page no.10 Info Edge (India) Limited Plan Available: The Scheme does not Other Equities offer any Plans/Options Equity Holding Total for investment Cash & Other Receivables",
      "type": "exit"
     }
    ],
    "main_scheme_name": "MIRAE ASSET NIFTY NEXT 50 ETF",
    "metrics": [
     {
      "name": "tracking_error",
      "value": "0.13"
     }
    ],
    "monthly_aaum_date": "20250131",
    "mutual_fund_name": "Mirae Asset Mutual Fund",
    "scheme_launch_date": "24 TH JANUARY 2020"
   }
  },
  {
   "value": {
    "amc_name": "Mirae Asset Investment Managers (India) Private Limited",
    "benchmark_index": [
     "Nifty Financial Services Axis Bank Limited Total Return Index (TRI) Bajaj Finance Limited Bajaj Finserv Limited"
    ],
    "field_location": [
     {
      "amc_name": "29",
      "benchmark_index": "29",
      "count": 46,
      "fund_manager_name": "29",
      "load_exit": "29",
      "main_scheme_name": "29",
      "metrics_tracking_error": "29",
      "monthly_aaum_date": "29",
      "mutual_fund_name": "29",
      "scheme_launch_date": "29"
     }
    ],
    "fund_manager": [
     {
      "managing_fund_since": "",
      "name": "Ms. Ekta Gala",
      "qualification": "",
      "total_exp": ""
     },
     {
      "managing_fund_since": "",
      "name": "Mr. Vishal Singh",
      "qualification": "",
      "total_exp": ""
     },
     {
      "managing_fund_since": "",
      "name": "Kotak Mahindra Bank",
      "qualification": "",
      "total_exp": ""
     }
    ],
    "load": [
     {
      "comment": "Please refer page no.10 Other Equities Plan Available: The Scheme does not Equity Holding Total offer any Plans/Options Cash & Other Receivables for investment Total",
      "type": "exit"
     }
    ],
    "main_scheme_name": "MIRAE ASSET NIFTY FINANCIAL SERVICES ETF",
    "metrics": [
     {
      "name": "tracking_error",
      "value": "0.06"
     }
    ],
    "monthly_aaum_date": "20250131",
    "mutual_fund_name": "Mirae Asset Mutual Fund",
    "scheme_launch_date": "30 TH JULY 2021"
   }
  },
  {
   "value": {
    "amc_name": "Mirae Asset Investment Managers (India) Private Limited",
    "benchmark_index": [
     "Nifty India Manufacturing Tata Motors Limited Index (TRI) Tata Steel Limited Bharat Electronics Limited"
    ],
    "field_location": [
     {
      "amc_name": "30",
      "benchmark_index": "30",
      "count": 46,
      "fund_manager_name": "30",
      "load_exit": "30",
      "main_scheme_name": "30",
      "metrics_tracking_error": "30",
      "monthly_aaum_date": "30",
      "mutual_fund_name": "30",
      "scheme_launch_date": "30"
     }
    ],
    "fund_manager": [
     {
      "managing_fund_since": "",
      "name": "Ms. Ekta Gala",
      "qualification": "",
      "total_exp": ""
     },
     {
      "managing_fund_since": "",
      "name": "Reliance Industries",
      "qualification": "",
      "total_exp": ""
     },
     {
      "managing_fund_since": "",
      "name": "Mr. Vishal Singh Mahindra",
      "qualification": "",
      "total_exp": ""
     },
     {
      "managing_fund_since": "",
      "name": "Sun Pharmaceutical Industries",
      "qualification": "",
      "total_exp": ""
     }
    ],
    "load": [
     {
      "comment": "Please refer page no.11 Other Equities Plan Available: The Scheme does not Equity Holding Total offer any Plans/Options Cash & Other Receivables for investment Total",
      "type": "exit"
     }
    ],
    "main_scheme_name": "MIRAE ASSET NIFTY INDIA MANUFACTURING ETF",
    "metrics": [
     {
      "name": "tracking_error",
      "value": "0.03"
     }
    ],
    "monthly_aaum_date": "20250131",
    "mutual_fund_name": "Mirae Asset Mutual Fund",
    "scheme_launch_date": "27 TH JANUARY 2022"
   }
  },
  {
   "value": {
    "amc_name": "Mirae Asset Investment Managers (India) Private Limited",
    "benchmark_index": [
     "Nifty Midcap 150 Index Persistent Systems Limited (TRI) Dixon Technologies (India) Limited PB Fintech Limited"
    ],
    "field_location": [
     {
      "amc_name": "31",
      "benchmark_index": "31",
      "count": 46,
      "fund_manager_name": "31",
      "load_exit": "31",
      "main_scheme_name": "31",
      "metrics_tracking_error": "31",
      "monthly_aaum_date": "31",
      "mutual_fund_name": "31",
      "scheme_launch_date": "31"
     }
    ],
    "fund_manager": [
     {
      "managing_fund_since": "",
      "name": "Ms. Ekta Gala",
      "qualification": "",
      "total_exp": ""
     },
     {
      "managing_fund_since": "",
      "name": "Max Healthcare Institute",
      "qualification": "",
      "total_exp": ""
     },
     {
      "managing_fund_since": "",
      "name": "Mr. Vishal Singh",
      "qualification": "",
      "total_exp": ""
     },
     {
      "managing_fund_since": "",
      "name": "Suzlon Energy",
      "qualification": "",
      "total_exp": ""
     }
    ],
    "load": [
     {
      "comment": "Please refer page no.11 Other Equities Plan Available: The Scheme does not Equity Holding Total offer any Plans/Options Cash & Other Receivables for investment Total",
      "type": "exit"
     }
    ],
    "main_scheme_name": "MIRAE ASSET NIFTY MIDCAP 150 ETF",
    "metrics": [
     {
      "name": "tracking_error",
      "value": "0.05"
     }
    ],
    "monthly_aaum_date": "20250131",
    "mutual_fund_name": "Mirae Asset Mutual Fund",
    "scheme_launch_date": "9 TH MARCH 2022"
   }
  },
  {
   "value": {
    "amc_name": "Mirae Asset Investment Managers (India) Private Limited",
    "benchmark_index": [
     "Nifty 100 Low Volatility Britannia Industries Limited 30 (TRI) Sun Pharmaceutical Industries Limited Asian Paints Limited"
    ],
    "field_location": [
     {
      "amc_name": "32",
      "benchmark_index": "32",
      "count": 46,
      "fund_manager_name": "32",
      "load_exit": "32",
      "main_scheme_name": "32",
      "metrics_tracking_error": "32",
      "monthly_aaum_date": "32",
      "mutual_fund_name": "32",
      "scheme_launch_date": "32"
     }
    ],
    "fund_manager": [
     {
      "managing_fund_since": "",
      "name": "Ms. Ekta Gala",
      "qualification": "",
      "total_exp": ""
     },
     {
      "managing_fund_since": "",
      "name": "Nestle India",
      "qualification": "",
      "total_exp": ""
     },
     {
      "managing_fund_since": "",
      "name": "Mr. Vishal Singh Hindustan",
      "qualification": "",
      "total_exp": ""
     },
     {
      "managing_fund_since": "",
      "name": "Bajaj Finserv",
      "qualification": "",
      "total_exp": ""
     }
    ],
    "load": [
     {
      "comment": "Please refer page no.11 Other Equities Plan Available: The Scheme does not Equity Holding Total offer any Plans/Options Cash & Other Receivables for investment Total",
      "type": "exit"
     }
    ],
    "main_scheme_name": "MIRAE ASSET NIFTY 100 LOW VOLATILITY 30 ETF",
    "metrics": [
     {
      "name": "tracking_error",
      "value": "0.06"
     }
    ],
    "monthly_aaum_date": "20250131",
    "mutual_fund_name": "Mirae Asset Mutual Fund",
    "scheme_launch_date": "24 TH MARCH 2023"
   }
  },
  {
   "value": {
    "amc_name": "Mirae Asset Investment Managers (India) Private Limited",
    "benchmark_index": [
     "BSE Sensex (TRI) Bharti Airtel Limited Larsen & Toubro Limited"
    ],
    "field_location": [
     {
      "amc_name": "33",
      "benchmark_index": "33",
      "count": 46,
      "fund_manager_name": "33",
      "load_exit": "33",
      "main_scheme_name": "33",
      "metrics_tracking_error": "33",
      "monthly_aaum_date": "33",
      "mutual_fund_name": "33",
      "scheme_launch_date": "33"
     }
    ],
    "fund_manager": [
     {
      "managing_fund_since": "",
      "name": "Ms. Ekta Gala",
      "qualification": "",
      "total_exp": ""
     },
     {
      "managing_fund_since": "",
      "name": "Mr. Vishal Singh",
      "qualification": "",
      "total_exp": ""
     },
     {
      "managing_fund_since": "",
      "name": "Reliance Industries",
      "qualification": "",
      "total_exp": ""
     }
    ],
    "load": [
     {
      "comment": "Please refer page no.12 Axis Bank Limited Plan Available: The Scheme does not Other Equities offer any Plans/Options Equity Holding Total for investment Cash & Other Receivables",
      "type": "exit"
     }
    ],
    "main_scheme_name": "MIRAE ASSET BSE SENSEX ETF*",
    "metrics": [
     {
      "name": "tracking_error",
      "value": "0.04"
     }
    ],
    "monthly_aaum_date": "20250131",
    "mutual_fund_name": "Mirae Asset Mutual Fund",
    "scheme_launch_date": "29 TH SEPTEMBER 2023"
   }
  },
  {
   "value": {
    "amc_name": "Mirae Asset Investment Managers (India) Private Limited",
    "benchmark_index": [
     "Nifty 200 Alpha 30 (TRI) Zomato Limited Oracle Financial Services Software Limited"
    ],
    "field_location": [
     {
      "amc_name": "34",
      "benchmark_index": "34",
      "count": 46,
      "fund_manager_name": "34",
      "load_exit": "34",
      "main_scheme_name": "34",
      "metrics_alpha": "34",
      "metrics_tracking_error": "34",
      "monthly_aaum_date": "34",
      "mutual_fund_name": "34",
      "scheme_launch_date": "34"
     }
    ],
    "fund_manager": [
     {
      "managing_fund_since": "",
      "name": "Ms. Ekta Gala",
      "qualification": "",
      "total_exp": ""
     },
     {
      "managing_fund_since": "",
      "name": "Oil India",
      "qualification": "",
      "total_exp": ""
     },
     {
      "managing_fund_since": "",
      "name": "Mr. Vishal Singh",
      "qualification": "",
      "total_exp": ""
     },
     {
      "managing_fund_since": "",
      "name": "Dixon Technologies",
      "qualification": "",
      "total_exp": ""
     }
    ],
    "load": [
     {
      "comment": "Please refer page no.12 Kalyan Jewellers India Limited Plan Available: The Scheme does not Other Equities offer any Plans/Options Equity Holding Total for investment Cash & Other Receivables",
      "type": "exit"
     }
    ],
    "main_scheme_name": "MIRAE ASSET NIFTY 200 ALPHA 30 ETF",
    "metrics": [
     {
      "name": "tracking_error",
      "value": "0.17"
     },
     {
      "name": "alpha",
      "value": "30"
     }
    ],
    "monthly_aaum_date": "20250131",
    "mutual_fund_name": "Mirae Asset Mutual Fund",
    "scheme_launch_date": "20 TH OCTOBER 2023"
   }
  },
  {
   "value": {
    "amc_name": "Mirae Asset Investment Managers (India) Private Limited",
    "benchmark_index": [
     "Nifty Smallcap 250 360 One WAM Limited Momentum Quality 100 Radico Khaitan Limited (TRI) National Aluminium Company Limited Computer Age Management Services Limited"
    ],
    "field_location": [
     {
      "amc_name": "35",
      "benchmark_index": "35",
      "count": 46,
      "fund_manager_name": "35",
      "load_exit": "35",
      "main_scheme_name": "35",
      "metrics_tracking_error": "35",
      "monthly_aaum_date": "35",
      "mutual_fund_name": "35",
      "scheme_launch_date": "35"
     }
    ],
    "fund_manager": [
     {
      "managing_fund_since": "",
      "name": "Ms. Ekta Gala",
      "qualification": "",
      "total_exp": ""
     },
     {
      "managing_fund_since": "",
      "name": "Mr. Vishal Singh Glenmark",
      "qualification": "",
      "total_exp": ""
     },
     {
      "managing_fund_since": "",
      "name": "Suven Pharmaceuticals",
      "qualification": "",
      "total_exp": ""
     }
    ],
    "load": [
     {
      "comment": "Please refer page no.12 Other Equities Plan Available: The Scheme does not Equity Holding Total offer any Plans/Options Cash & Other Receivables for investment Total",
      "type": "exit"
     }
    ],
    "main_scheme_name": "MIRAE ASSET NIFTY SMALLCAP 250 MOMENTUM QUALITY 100 ETF",
    "metrics": [
     {
      "name": "tracking_error",
      "value": "12"
     }
    ],
    "monthly_aaum_date": "20250131",
    "mutual_fund_name": "Mirae Asset Mutual Fund",
    "scheme_launch_date": "23 RD FEBRUARY 2024"
   }
  },
  {
   "value": {
    "amc_name": "Mirae Asset Investment Managers (India) Private Limited",
    "benchmark_index": [
     "Nifty MidSmallcap400 Coforge Limited Momentum Quality 100 Lupin Limited (TRI) Colgate Palmolive (India) Limited CG Power and Industrial Solutions Limited"
    ],
    "field_location": [
     {
      "amc_name": "36",
      "benchmark_index": "36",
      "count": 46,
      "fund_manager_name": "36",
      "load_exit": "36",
      "main_scheme_name": "36",
      "metrics_tracking_error": "36",
      "monthly_aaum_date": "36",
      "mutual_fund_name": "36",
      "scheme_launch_date": "36"
     }
    ],
    "fund_manager": [
     {
      "managing_fund_since": "",
      "name": "Ms. Ekta Gala",
      "qualification": "",
      "total_exp": ""
     },
     {
      "managing_fund_since": "",
      "name": "Mr. Vishal Singh Persistent",
      "qualification": "",
      "total_exp": ""
     }
    ],
    "load": [
     {
      "comment": "Please refer page no.13 Other Equities Plan Available: The Scheme does not Equity Holding Total offer any Plans/Options Cash & Other Receivables for investment Total",
      "type": "exit"
     }
    ],
    "main_scheme_name": "MIRAE ASSET NIFTY MIDSMALLCAP400 MOMENTUM QUALITY 100 ETF",
    "metrics": [
     {
      "name": "tracking_error",
      "value": "13"
     }
    ],
    "monthly_aaum_date": "20250131",
    "mutual_fund_name": "Mirae Asset Mutual Fund",
    "scheme_launch_date": "22 ND MAY 2024"
   }
  },
  {
   "value": {
    "amc_name": "Mirae Asset Investment Managers (India) Private Limited",
    "benchmark_index": [
     "Nifty500 Multicap Infosys Limited 50:25:25 (TRI) Bharti Airtel Limited Tata Consultancy Services Limited"
    ],
    "field_location": [
     {
      "amc_name": "37",
      "benchmark_index": "37",
      "count": 46,
      "fund_manager_name": "37",
      "load_exit": "37",
      "main_scheme_name": "37",
      "metrics_tracking_error": "37",
      "monthly_aaum_date": "37",
      "mutual_fund_name": "37",
      "scheme_launch_date": "37"
     }
    ],
    "fund_manager": [
     {
      "managing_fund_since": "",
      "name": "Ms. Ekta Gala",
      "qualification": "",
      "total_exp": ""
     },
     {
      "managing_fund_since": "",
      "name": "Mr. Vishal Singh",
      "qualification": "",
      "total_exp": ""
     }
    ],
    "load": [
     {
      "comment": "Please refer page no.13 Axis Bank Limited Plan Available: The Scheme does not Other Equities offer any Plans/Options Equity Holding Total for investment Cash & Other Receivables",
      "type": "exit"
     }
    ],
    "main_scheme_name": "MIRAE ASSET NIFTY500 MULTICAP 50:25:25 ETF",
    "metrics": [
     {
      "name": "tracking_error",
      "value": "13"
     }
    ],
    "monthly_aaum_date": "20250131",
    "mutual_fund_name": "Mirae Asset Mutual Fund",
    "scheme_launch_date": "30 TH AUGUST 2024"
   }
  },
  {
   "value": {
    "amc_name": "Mirae Asset Investment Managers (India) Private Limited",
    "benchmark_index": [
     "Nifty India New Age Trent Limited Consumption (TRI) Zomato Limited"
    ],
    "field_location": [
     {
      "amc_name": "38",
      "benchmark_index": "38",
      "count": 46,
      "fund_manager_name": "38",
      "load_exit": "38",
      "main_scheme_name": "38",
      "metrics_tracking_error": "38",
      "monthly_aaum_date": "38",
      "mutual_fund_name": "38",
      "scheme_launch_date": "38"
     }
    ],
    "fund_manager": [
     {
      "managing_fund_since": "",
      "name": "Ms. Ekta Gala",
      "qualification": "",
      "total_exp": ""
     },
     {
      "managing_fund_since": "",
      "name": "Maruti Suzuki India",
      "qualification": "",
      "total_exp": ""
     },
     {
      "managing_fund_since": "",
      "name": "Mr. Akshay Udeshi",
      "qualification": "",
      "total_exp": ""
     },
     {
      "managing_fund_since": "",
      "name": "Titan Company",
      "qualification": "",
      "total_exp": ""
     },
     {
      "managing_fund_since": "",
      "name": "Bharti Airtel",
      "qualification": "",
      "total_exp": ""
     }
    ],
    "load": [
     {
      "comment": "Please refer page no.13 Equity Holding Total Plan Available: The Scheme does not Cash & Other Receivables offer any Plans for investment Total",
      "type": "exit"
     }
    ],
    "main_scheme_name": "MIRAE ASSET NIFTY INDIA NEW AGE CONSUMPTION ETF",
    "metrics": [
     {
      "name": "tracking_error",
      "value": "13"
     }
    ],
    "monthly_aaum_date": "20250131",
    "mutual_fund_name": "Mirae Asset Mutual Fund",
    "scheme_launch_date": "26 TH DECEMBER 2024"
   }
  },
  {
   "value": {
    "amc_name": "Mirae Asset Investment Managers (India) Private Limited",
    "benchmark_index": [
     "NIFTY 100 ESG Sector Axis Bank Limited Leaders Index (TRI) Mahindra & Mahindra Limited"
    ],
    "field_location": [
     {
      "amc_name": "39",
      "benchmark_index": "39",
      "count": 46,
      "fund_manager_managing_fund_since": "39",
      "fund_manager_name": "39",
      "fund_manager_total_exp": "39",
      "load_exit": "39",
      "main_scheme_name": "39",
      "metrics_tracking_error": "39",
      "monthly_aaum_date": "39",
      "mutual_fund_name": "39",
      "scheme_launch_date": "39"
     }
    ],
    "fund_manager": [
     {
      "managing_fund_since": "november 17, 2020 ",
      "name": "Ms. Ekta Gala",
      "qualification": "",
      "total_exp": "1 year"
     },
     {
      "managing_fund_since": "august 28, 2023",
      "name": "Mr. Akshay Udeshi",
      "qualification": "",
      "total_exp": "1 year"
     },
     {
      "managing_fund_since": "inception",
      "name": "Compounded Annualized Growth",
      "qualification": "",
      "total_exp": ""
     },
     {
      "managing_fund_since": "",
      "name": "Past Performance",
      "qualification": "",
      "total_exp": ""
     },
     {
      "managing_fund_since": "",
      "name": "Stakeholders Empowerment Services",
      "qualification": "",
      "total_exp": ""
     },
     {
      "managing_fund_since": "",
      "name": "Third Party Data",
      "qualification": "",
      "total_exp": ""
     }
    ],
    "load": [
     {
      "comment": "Please refer page no.14 Zomato Limited Tata Motors Limited Plan Available: The Scheme does not Titan Company Limited UltraTech Cement Limited offer any Plans/Options Trent Limited for investment Tata Steel Limited Tech Mahindra Limited",
      "type": "exit"
     }
    ],
    "main_scheme_name": "MIRAE ASSET NIFTY 100 ESG SECTOR LEADERS ETF",
    "metrics": [
     {
      "name": "tracking_error",
      "value": "0.04"
     }
    ],
    "monthly_aaum_date": "20250131",
    "mutual_fund_name": "Mirae Asset Mutual Fund",
    "scheme_launch_date": "17 TH NOVEMBER 2020"
   }
  },
  {
   "value": {
    "amc_name": "Mirae Asset Investment Managers (India) Private Limited",
    "benchmark_index": [
     "NYSE FANG + Index (TRI) Alphabet Inc A (INR) Amazon Com Inc Broadcom Inc"
    ],
    "field_location": [
     {
      "amc_name": "40",
      "benchmark_index": "40",
      "count": 46,
      "fund_manager_name": "40",
      "load_exit": "40",
      "main_scheme_name": "40",
      "metrics_tracking_error": "40",
      "monthly_aaum_date": "40",
      "mutual_fund_name": "40",
      "scheme_launch_date": "40"
     }
    ],
    "fund_manager": [
     {
      "managing_fund_since": "",
      "name": "Mr. Siddharth Srivastava Meta",
      "qualification": "",
      "total_exp": ""
     },
     {
      "managing_fund_since": "",
      "name": "Platforms Registered Shares",
      "qualification": "",
      "total_exp": ""
     }
    ],
    "load": [
     {
      "comment": "Please refer page no.14 Nvidia Corp Com Plan Available: The Scheme does not Equity Holding Total offer any Plans/Options Cash & Other Receivables for investment Options Available Total",
      "type": "exit"
     }
    ],
    "main_scheme_name": "MIRAE ASSET NYSE FANG + ETF",
    "metrics": [
     {
      "name": "tracking_error",
      "value": "0.05"
     }
    ],
    "monthly_aaum_date": "20250131",
    "mutual_fund_name": "Mirae Asset Mutual Fund",
    "scheme_launch_date": "6 TH MAY 2021"
   }
  },
  {
   "value": {
    "amc_name": "Mirae Asset Investment Managers (India) Private Limited",
    "benchmark_index": [
     "S&P 500 Top 50 (TRI) Amazon Com Inc (INR) Meta Platforms Registered Shares A Alphabet Inc A"
    ],
    "field_location": [
     {
      "amc_name": "41",
      "benchmark_index": "41",
      "count": 46,
      "fund_manager_name": "41",
      "load_exit": "41",
      "main_scheme_name": "41",
      "metrics_tracking_error": "41",
      "monthly_aaum_date": "41",
      "mutual_fund_name": "41",
      "scheme_launch_date": "41"
     }
    ],
    "fund_manager": [
     {
      "managing_fund_since": "",
      "name": "Mr. Siddharth Srivastava Apple",
      "qualification": "",
      "total_exp": ""
     },
     {
      "managing_fund_since": "",
      "name": "Microsoft Corp",
      "qualification": "",
      "total_exp": ""
     }
    ],
    "load": [
     {
      "comment": "Please refer page no.14 Berkshire Hathaway Inc Plan Available: The Scheme does not Other Equities offer any Plans/Options Equity Holding Total for investment Cash & Other Receivables",
      "type": "exit"
     }
    ],
    "main_scheme_name": "MIRAE ASSET S&P 500 TOP 50 ETF",
    "metrics": [
     {
      "name": "tracking_error",
      "value": "0.04"
     }
    ],
    "monthly_aaum_date": "20250131",
    "mutual_fund_name": "Mirae Asset Mutual Fund",
    "scheme_launch_date": "20 TH SEPTEMBER 2021"
   }
  },
  {
   "value": {
    "amc_name": "Mirae Asset Investment Managers (India) Private Limited",
    "benchmark_index": [
     "Hang Seng TECH Index Tencent Holdings Ltd (TRI) (INR) Semiconductor Manufacturing International Corp"
    ],
    "field_location": [
     {
      "amc_name": "42",
      "benchmark_index": "42",
      "count": 46,
      "fund_manager_name": "42",
      "load_exit": "42",
      "main_scheme_name": "42",
      "metrics_tracking_error": "42",
      "monthly_aaum_date": "42",
      "mutual_fund_name": "42",
      "scheme_launch_date": "42"
     }
    ],
    "fund_manager": [
     {
      "managing_fund_since": "",
      "name": "Mr. Siddharth Srivastava Xiaomi",
      "qualification": "",
      "total_exp": ""
     }
    ],
    "load": [
     {
      "comment": "Please refer page no.15 Netease Inc XPeng Inc Plan Available: The Scheme does not Other Equities offer any Plans/Options Equity Holding Total for investment",
      "type": "exit"
     }
    ],
    "main_scheme_name": "MIRAE ASSET HANG SENG TECH ETF",
    "metrics": [
     {
      "name": "tracking_error",
      "value": "0.11"
     }
    ],
    "monthly_aaum_date": "20250131",
    "mutual_fund_name": "Mirae Asset Mutual Fund",
    "scheme_launch_date": "6 TH DECEMBER 2021"
   }
  },
  {
   "value": {
    "amc_name": "Mirae Asset Investment Managers (India) Private Limited",
    "benchmark_index": [
     "Nifty Bank Index (TRI) Axis Bank Limited IndusInd Bank Limited"
    ],
    "field_location": [
     {
      "amc_name": "43",
      "benchmark_index": "43",
      "count": 46,
      "fund_manager_name": "43",
      "load_exit": "43",
      "main_scheme_name": "43",
      "metrics_tracking_error": "43",
      "monthly_aaum_date": "43",
      "mutual_fund_name": "43",
      "scheme_launch_date": "43"
     }
    ],
    "fund_manager": [
     {
      "managing_fund_since": "",
      "name": "Ms. Ekta Gala",
      "qualification": "",
      "total_exp": ""
     },
     {
      "managing_fund_since": "",
      "name": "Mr. Vishal Singh",
      "qualification": "",
      "total_exp": ""
     },
     {
      "managing_fund_since": "",
      "name": "Kotak Mahindra Bank",
      "qualification": "",
      "total_exp": ""
     }
    ],
    "load": [
     {
      "comment": "Please refer page no.15 Punjab National Bank Plan Available: The Scheme does not Other Equities offer any Plans/Options Equity Holding Total for investment Cash & Other Receivables",
      "type": "exit"
     }
    ],
    "main_scheme_name": "MIRAE ASSET NIFTY BANK ETF",
    "metrics": [
     {
      "name": "tracking_error",
      "value": "0.05"
     }
    ],
    "monthly_aaum_date": "20250131",
    "mutual_fund_name": "Mirae Asset Mutual Fund",
    "scheme_launch_date": "20 TH JULY 2023"
   }
  },
  {
   "value": {
    "amc_name": "Mirae Asset Investment Managers (India) Private Limited",
    "benchmark_index": [
     "Nifty IT (TRI) Wipro Limited Persistent Systems Limited"
    ],
    "field_location": [
     {
      "amc_name": "44",
      "benchmark_index": "44",
      "count": 46,
      "fund_manager_name": "44",
      "load_exit": "44",
      "main_scheme_name": "44",
      "metrics_tracking_error": "44",
      "monthly_aaum_date": "44",
      "mutual_fund_name": "44",
      "scheme_launch_date": "44"
     }
    ],
    "fund_manager": [
     {
      "managing_fund_since": "",
      "name": "Ms. Ekta Gala",
      "qualification": "",
      "total_exp": ""
     },
     {
      "managing_fund_since": "",
      "name": "Mr. Vishal Singh",
      "qualification": "",
      "total_exp": ""
     },
     {
      "managing_fund_since": "",
      "name": "Consultancy Services",
      "qualification": "",
      "total_exp": ""
     }
    ],
    "load": [
     {
      "comment": "Please refer page no.15 L&T Technology Services Limited Plan Available: The Scheme does not Equity Holding Total offer any Plans/Options Cash & Other Receivables for investment Total",
      "type": "exit"
     }
    ],
    "main_scheme_name": "MIRAE ASSET NIFTY IT ETF",
    "metrics": [
     {
      "name": "tracking_error",
      "value": "0.06"
     }
    ],
    "monthly_aaum_date": "20250131",
    "mutual_fund_name": "Mirae Asset Mutual Fund",
    "scheme_launch_date": "20 TH OCTOBER 2023"
   }
  },
  {
   "value": {
    "amc_name": "Mirae Asset Investment Managers (India) Private Limited",
    "benchmark_index": [
     "Nifty EV and New Age L&T Technology Services Limited Automotive (TRI) Reliance Industries Limited KPIT Technologies Limited"
    ],
    "field_location": [
     {
      "amc_name": "45",
      "benchmark_index": "45",
      "count": 46,
      "fund_manager_name": "45",
      "load_exit": "45",
      "main_scheme_name": "45",
      "metrics_tracking_error": "45",
      "monthly_aaum_date": "45",
      "mutual_fund_name": "45",
      "scheme_launch_date": "45"
     }
    ],
    "fund_manager": [
     {
      "managing_fund_since": "",
      "name": "Ms. Ekta Gala",
      "qualification": "",
      "total_exp": ""
     },
     {
      "managing_fund_since": "",
      "name": "Maruti Suzuki India",
      "qualification": "",
      "total_exp": ""
     },
     {
      "managing_fund_since": "",
      "name": "Mr. Akshay Udeshi Mahindra",
      "qualification": "",
      "total_exp": ""
     },
     {
      "managing_fund_since": "",
      "name": "Bajaj Auto",
      "qualification": "",
      "total_exp": ""
     }
    ],
    "load": [
     {
      "comment": "Please refer page no.16 Other Equities Plan Available: The Scheme does not Equity Holding Total offer any Plans/Options Cash & Other Receivables for investment Total",
      "type": "exit"
     }
    ],
    "main_scheme_name": "MIRAE ASSET NIFTY EV AND NEW AGE AUTOMOTIVE ETF",
    "metrics": [
     {
      "name": "tracking_error",
      "value": "16"
     }
    ],
    "monthly_aaum_date": "20250131",
    "mutual_fund_name": "Mirae Asset Mutual Fund",
    "scheme_launch_date": "10 TH JULY 2024"
   }
  },
  {
   "value": {
    "amc_name": "Mirae Asset Investment Managers (India) Private Limited",
    "benchmark_index": [
     "NIFTY PSU Bank (TRI) Indian Bank Bank of India"
    ],
    "field_location": [
     {
      "amc_name": "46",
      "benchmark_index": "46",
      "count": 46,
      "fund_manager_name": "46",
      "load_exit": "46",
      "main_scheme_name": "46",
      "metrics_tracking_error": "46",
      "monthly_aaum_date": "46",
      "mutual_fund_name": "46",
      "scheme_launch_date": "46"
     }
    ],
    "fund_manager": [
     {
      "managing_fund_since": "",
      "name": "Ms. Ekta Gala",
      "qualification": "",
      "total_exp": ""
     },
     {
      "managing_fund_since": "",
      "name": "State Bank",
      "qualification": "",
      "total_exp": ""
     },
     {
      "managing_fund_since": "",
      "name": "Mr. Akshay Udeshi",
      "qualification": "",
      "total_exp": ""
     },
     {
      "managing_fund_since": "",
      "name": "Punjab National Bank",
      "qualification": "",
      "total_exp": ""
     },
     {
      "managing_fund_since": "",
      "name": "Canara Bank",
      "qualification": "",
      "total_exp": ""
     }
    ],
    "load": [
     {
      "comment": "Please refer page no.16 Other Equities Plan Available: The Scheme does not Equity Holding Total offer any Plans/Options Cash & Other Receivables for investment. Total",
      "type": "exit"
     }
    ],
    "main_scheme_name": "MIRAE ASSET NIFTY PSU BANK ETF",
    "metrics": [
     {
      "name": "tracking_error",
      "value": "16"
     }
    ],
    "monthly_aaum_date": "20250131",
    "mutual_fund_name": "Mirae Asset Mutual Fund",
    "scheme_launch_date": "1 ST OCTOBER 2024"
   }
  },
  {
   "value": {
    "amc_name": "Mirae Asset Investment Managers (India) Private Limited",
    "benchmark_index": [
     "Nifty Metal (TRI) Jindal Steel & Power Limited APL Apollo Tubes Limited"
    ],
    "field_location": [
     {
      "amc_name": "47",
      "benchmark_index": "47",
      "count": 46,
      "fund_manager_name": "47",
      "load_exit": "47",
      "main_scheme_name": "47",
      "metrics_tracking_error": "47",
      "monthly_aaum_date": "47",
      "mutual_fund_name": "47",
      "scheme_launch_date": "47"
     }
    ],
    "fund_manager": [
     {
      "managing_fund_since": "",
      "name": "Ms. Ekta Gala",
      "qualification": "",
      "total_exp": ""
     },
     {
      "managing_fund_since": "",
      "name": "Mr. Akshay Udeshi",
      "qualification": "",
      "total_exp": ""
     },
     {
      "managing_fund_since": "",
      "name": "Hindalco Industries",
      "qualification": "",
      "total_exp": ""
     }
    ],
    "load": [
     {
      "comment": "Please refer page no.16 Other Equities Plan Available: The Scheme does not Equity Holding Total offer any Plans/Options Cash & Other Receivables for investment. Total",
      "type": "exit"
     }
    ],
    "main_scheme_name": "MIRAE ASSET NIFTY METAL ETF",
    "metrics": [
     {
      "name": "tracking_error",
      "value": "16"
     }
    ],
    "monthly_aaum_date": "20250131",
    "mutual_fund_name": "Mirae Asset Mutual Fund",
    "scheme_launch_date": "3 RD OCTOBER 2024"
   }
  },
  {
   "value": {
    "amc_name": "Mirae Asset Investment Managers (India) Private Limited",
    "benchmark_index": [
     "Domestic Price of Cash & Other Receivables Total Physical Gold Total"
    ],
    "field_location": [
     {
      "amc_name": "48",
      "benchmark_index": "48",
      "count": 46,
      "fund_manager_name": "48",
      "load_exit": "48",
      "main_scheme_name": "48",
      "metrics_tracking_error": "48",
      "monthly_aaum_date": "48",
      "mutual_fund_name": "48",
      "scheme_launch_date": "48"
     }
    ],
    "fund_manager": [
     {
      "managing_fund_since": "",
      "name": "Mr. Ritesh Patel",
      "qualification": "",
      "total_exp": ""
     },
     {
      "managing_fund_since": "",
      "name": "Mr. Akshay Udeshi",
      "qualification": "",
      "total_exp": ""
     },
     {
      "managing_fund_since": "",
      "name": "Other Receivables",
      "qualification": "",
      "total_exp": ""
     }
    ],
    "load": [
     {
      "comment": "Please refer page no.17 Plan Available: The Scheme does not offer any Plans/Options for investment",
      "type": "exit"
     }
    ],
    "main_scheme_name": "MIRAE ASSET GOLD ETF",
    "metrics": [
     {
      "name": "tracking_error",
      "value": "0.38"
     }
    ],
    "monthly_aaum_date": "20250131",
    "mutual_fund_name": "Mirae Asset Mutual Fund",
    "scheme_launch_date": "20 TH FEBRUARY 2023"
   }
  },
  {
   "value": {
    "amc_name": "Mirae Asset Investment Managers (India) Private Limited",
    "benchmark_index": [
     "Domestic Price of Cash & Other Receivables Total Physical Silver Total"
    ],
    "field_location": [
     {
      "amc_name": "49",
      "benchmark_index": "49",
      "count": 46,
      "fund_manager_name": "49",
      "load_exit": "49",
      "main_scheme_name": "49",
      "metrics_tracking_error": "49",
      "monthly_aaum_date": "49",
      "mutual_fund_name": "49",
      "scheme_launch_date": "49"
     }
    ],
    "fund_manager": [
     {
      "managing_fund_since": "",
      "name": "Mr. Ritesh Patel",
      "qualification": "",
      "total_exp": ""
     },
     {
      "managing_fund_since": "",
      "name": "Mr. Akshay Udeshi",
      "qualification": "",
      "total_exp": ""
     },
     {
      "managing_fund_since": "",
      "name": "Other Receivables",
      "qualification": "",
      "total_exp": ""
     }
    ],
    "load": [
     {
      "comment": "Please refer page no.17 Plan Available: The Scheme does not offer any Plans/Options for investment",
      "type": "exit"
     }
    ],
    "main_scheme_name": "MIRAE ASSET SILVER ETF",
    "metrics": [
     {
      "name": "tracking_error",
      "value": "0.70"
     }
    ],
    "monthly_aaum_date": "20250131",
    "mutual_fund_name": "Mirae Asset Mutual Fund",
    "scheme_launch_date": "9 TH JUNE 2023"
   }
  },
  {
   "value": {
    "amc_name": "Mirae Asset Investment Managers (India) Private Limited",
    "benchmark_index": [
     "Nifty 8-13 yr G-Sec Index TREPS / Repo Net Receivalbes/(Payables)"
    ],
    "field_location": [
     {
      "amc_name": "50",
      "benchmark_index": "50",
      "count": 46,
      "fund_manager_name": "50",
      "load_exit": "50",
      "main_scheme_name": "50",
      "metrics_avg_maturity": "50",
      "metrics_macaulay": "50",
      "metrics_mod_duration": "50",
      "metrics_tracking_error": "50",
      "metrics_ytm": "50",
      "monthly_aaum_date": "50",
      "mutual_fund_name": "50",
      "scheme_launch_date": "50"
     }
    ],
    "fund_manager": [
     {
      "managing_fund_since": "",
      "name": "Mr. Amit Modani",
      "qualification": "",
      "total_exp": ""
     }
    ],
    "load": [
     {
      "comment": "Please refer page no.17 Plan Available: The Scheme does not offer any Plans/Options for investment",
      "type": "exit"
     }
    ],
    "main_scheme_name": "MIRAE ASSET NIFTY 8-13 YR G-SEC ETF",
    "metrics": [
     {
      "name": "ytm",
      "value": "6.84%"
     },
     {
      "name": "tracking_error",
      "value": "0.07"
     },
     {
      "name": "mod_duration",
      "value": "6.57 Years"
     },
     {
      "name": "avg_maturity",
      "value": "9.21 Years"
     },
     {
      "name": "macaulay",
      "value": "6.79 Years"
     }
    ],
    "monthly_aaum_date": "20250131",
    "mutual_fund_name": "Mirae Asset Mutual Fund",
    "scheme_launch_date": "31 ST MARCH 2023"
   }
  },
  {
   "value": {
    "amc_name": "Mirae Asset Investment Managers (India) Private Limited",
    "benchmark_index": [
     "NIFTY 1D Rate Index"
    ],
    "field_location": [
     {
      "amc_name": "51",
      "benchmark_index": "51",
      "count": 46,
      "fund_manager_name": "51",
      "load_exit": "51",
      "main_scheme_name": "51",
      "metrics_avg_maturity": "51",
      "metrics_macaulay": "51",
      "metrics_mod_duration": "51",
      "metrics_tracking_error": "51",
      "metrics_ytm": "51",
      "monthly_aaum_date": "51",
      "mutual_fund_name": "51",
      "scheme_launch_date": "51"
     }
    ],
    "fund_manager": [
     {
      "managing_fund_since": "",
      "name": "Other Receivables",
      "qualification": "",
      "total_exp": ""
     },
     {
      "managing_fund_since": "",
      "name": "Mr. Amit Modani",
      "qualification": "",
      "total_exp": ""
     }
    ],
    "load": [
     {
      "comment": "Please refer page no.18 Plan Available: The Scheme does not offer any Plans/Options for investment",
      "type": "exit"
     }
    ],
    "main_scheme_name": "MIRAE ASSET NIFTY 1D RATE LIQUID ETF - IDCW*",
    "metrics": [
     {
      "name": "ytm",
      "value": "6.57%"
     },
     {
      "name": "tracking_error",
      "value": "0.03"
     },
     {
      "name": "mod_duration",
      "value": "1"
     },
     {
      "name": "avg_maturity",
      "value": "2.99 Days"
     },
     {
      "name": "macaulay",
      "value": "0.01 Years"
     }
    ],
    "monthly_aaum_date": "20250131",
    "mutual_fund_name": "Mirae Asset Mutual Fund",
    "scheme_launch_date": "27 TH JULY 2023"
   }
  },
  {
   "value": {
    "amc_name": "Mirae Asset Investment Managers (India) Private Limited",
    "benchmark_index": [
     "Nifty 1D Rate Index"
    ],
    "field_location": [
     {
      "amc_name": "52",
      "benchmark_index": "52",
      "count": 46,
      "fund_manager_name": "52",
      "load_exit": "52",
      "main_scheme_name": "52",
      "metrics_avg_maturity": "52",
      "metrics_macaulay": "52",
      "metrics_mod_duration": "52",
      "metrics_tracking_error": "52",
      "metrics_ytm": "52",
      "monthly_aaum_date": "52",
      "mutual_fund_name": "52",
      "scheme_launch_date": "52"
     }
    ],
    "fund_manager": [
     {
      "managing_fund_since": "",
      "name": "Other Receivables",
      "qualification": "",
      "total_exp": ""
     },
     {
      "managing_fund_since": "",
      "name": "Mr. Amit Modani",
      "qualification": "",
      "total_exp": ""
     }
    ],
    "load": [
     {
      "comment": "Please refer page no.18 Plan Available: The Scheme does not offer any Plans for investment",
      "type": "exit"
     }
    ],
    "main_scheme_name": "MIRAE ASSET NIFTY 1D RATE LIQUID ETF - GROWTH",
    "metrics": [
     {
      "name": "ytm",
      "value": "6.57%"
     },
     {
      "name": "tracking_error",
      "value": "18"
     },
     {
      "name": "mod_duration",
      "value": "0.01 Years"
     },
     {
      "name": "avg_maturity",
      "value": "2.99 Days"
     },
     {
      "name": "macaulay",
      "value": "0.01 Years"
     }
    ],
    "monthly_aaum_date": "20250131",
    "mutual_fund_name": "Mirae Asset Mutual Fund",
    "scheme_launch_date": "7 TH NOVEMBER 2024"
   }
  },
  {
   "value": {
    "amc_name": "Mirae Asset Investment Managers (India) Private Limited",
    "benchmark_index": [
     "Nifty 200 Index (TRI) Net Receivalbes/(Payables) Cash & Other Receivables Total"
    ],
    "field_location": [
     {
      "amc_name": "53",
      "benchmark_index": "53",
      "count": 46,
      "fund_manager_name": "53",
      "load_exit": "53",
      "main_scheme_name": "53",
      "min_addl_amt": "53",
      "min_addl_amt_multiple": "53",
      "min_amt": "53",
      "min_amt_multiple": "53",
      "monthly_aaum_date": "53",
      "mutual_fund_name": "53",
      "scheme_launch_date": "53"
     }
    ],
    "fund_manager": [
     {
      "managing_fund_since": "",
      "name": "Exchange Traded Funds",
      "qualification": "",
      "total_exp": ""
     },
     {
      "managing_fund_since": "",
      "name": "Ms. Bharti Sawant Mirae",
      "qualification": "",
      "total_exp": ""
     }
    ],
    "load": [
     {
      "comment": "Please refer page no.19 Plan Available: Regular Plan and Direct Plan",
      "type": "exit"
     }
    ],
    "main_scheme_name": "MIRAE ASSET EQUITY ALLOCATOR FUND OF FUND",
    "min_addl_amt": "₹ 1,000",
    "min_addl_amt_multiple": "₹ 1",
    "min_amt": "₹ 5,000",
    "min_amt_multiple": "₹ 1",
    "monthly_aaum_date": "20250131",
    "mutual_fund_name": "Mirae Asset Mutual Fund",
    "scheme_launch_date": "21 ST SEPTEMBER 2020"
   }
  },
  {
   "value": {
    "amc_name": "Mirae Asset Investment Managers (India) Private Limited",
    "benchmark_index": [
     "NIFTY 100 ESG Sector Leaders Cash & Other Receivables Total Index (TRI) Total"
    ],
    "field_location": [
     {
      "amc_name": "54",
      "benchmark_index": "54",
      "count": 46,
      "fund_manager_name": "54",
      "load_exit": "54",
      "main_scheme_name": "54",
      "min_addl_amt": "54",
      "min_addl_amt_multiple": "54",
      "min_amt": "54",
      "min_amt_multiple": "54",
      "monthly_aaum_date": "54",
      "mutual_fund_name": "54",
      "scheme_launch_date": "54"
     }
    ],
    "fund_manager": [
     {
      "managing_fund_since": "",
      "name": "Exchange Traded Funds",
      "qualification": "",
      "total_exp": ""
     },
     {
      "managing_fund_since": "",
      "name": "Ms. Ekta Gala",
      "qualification": "",
      "total_exp": ""
     },
     {
      "managing_fund_since": "",
      "name": "Mr. Akshay Udeshi Cash",
      "qualification": "",
      "total_exp": ""
     },
     {
      "managing_fund_since": "",
      "name": "Other Receivables",
      "qualification": "",
      "total_exp": ""
     }
    ],
    "load": [
     {
      "comment": "Please refer page no.19 Plan Available: Regular Plan and Direct Plan",
      "type": "exit"
     }
    ],
    "main_scheme_name": "MIRAE ASSET NIFTY 100 ESG SECTOR LEADERS FUND OF FUND",
    "min_addl_amt": "₹ 1,000",
    "min_addl_amt_multiple": "₹ 1",
    "min_amt": "₹ 5,000",
    "min_amt_multiple": "₹ 1",
    "monthly_aaum_date": "20250131",
    "mutual_fund_name": "Mirae Asset Mutual Fund",
    "scheme_launch_date": "18 TH NOVEMBER 2020"
   }
  },
  {
   "value": {
    "amc_name": "Mirae Asset Investment Managers (India) Private Limited",
    "benchmark_index": [
     "NYSE FANG + Index (TRI) (INR) Cash & Other Receivables Total Total"
    ],
    "field_location": [
     {
      "amc_name": "55",
      "benchmark_index": "55",
      "count": 46,
      "fund_manager_name": "55",
      "load_exit": "55",
      "main_scheme_name": "55",
      "min_addl_amt": "55",
      "min_addl_amt_multiple": "55",
      "min_amt": "55",
      "min_amt_multiple": "55",
      "monthly_aaum_date": "55",
      "mutual_fund_name": "55",
      "scheme_launch_date": "55"
     }
    ],
    "fund_manager": [
     {
      "managing_fund_since": "",
      "name": "Exchange Traded Funds",
      "qualification": "",
      "total_exp": ""
     },
     {
      "managing_fund_since": "",
      "name": "Ms. Ekta Gala",
      "qualification": "",
      "total_exp": ""
     },
     {
      "managing_fund_since": "",
      "name": "Mr. Vishal Singh Cash",
      "qualification": "",
      "total_exp": ""
     },
     {
      "managing_fund_since": "",
      "name": "Other Receivables",
      "qualification": "",
      "total_exp": ""
     }
    ],
    "load": [
     {
      "comment": "Please refer page no.19 Plan Available: Regular Plan and Direct Plan",
      "type": "exit"
     }
    ],
    "main_scheme_name": "MIRAE ASSET NYSE FANG + ETF FUND OF FUND",
    "min_addl_amt": "₹ 1,000",
    "min_addl_amt_multiple": "₹ 1",
    "min_amt": "₹ 5,000",
    "min_amt_multiple": "₹ 1",
    "monthly_aaum_date": "20250131",
    "mutual_fund_name": "Mirae Asset Mutual Fund",
    "scheme_launch_date": "10 TH MAY 2021"
   }
  },
  {
   "value": {
    "amc_name": "Mirae Asset Investment Managers (India) Private Limited",
    "benchmark_index": [
     "S&P 500 Top 50 Index (TRI) (INR) Cash & Other Receivables Total Total"
    ],
    "field_location": [
     {
      "amc_name": "56",
      "benchmark_index": "56",
      "count": 46,
      "fund_manager_name": "56",
      "load_exit": "56",
      "main_scheme_name": "56",
      "min_addl_amt": "56",
      "min_addl_amt_multiple": "56",
      "min_amt": "56",
      "min_amt_multiple": "56",
      "monthly_aaum_date": "56",
      "mutual_fund_name": "56",
      "scheme_launch_date": "56"
     }
    ],
    "fund_manager": [
     {
      "managing_fund_since": "",
      "name": "Exchange Traded Funds",
      "qualification": "",
      "total_exp": ""
     },
     {
      "managing_fund_since": "",
      "name": "Ms. Ekta Gala",
      "qualification": "",
      "total_exp": ""
     },
     {
      "managing_fund_since": "",
      "name": "Mr. Vishal Singh Cash",
      "qualification": "",
      "total_exp": ""
     },
     {
      "managing_fund_since": "",
      "name": "Other Receivables",
      "qualification": "",
      "total_exp": ""
     }
    ],
    "load": [
     {
      "comment": "Please refer page no.20 Plan Available: Regular Plan and Direct Plan",
      "type": "exit"
     }
    ],
    "main_scheme_name": "MIRAE ASSET S&P 500 TOP 50 ETF FUND OF FUND",
    "min_addl_amt": "₹ 1,000",
    "min_addl_amt_multiple": "₹ 1",
    "min_amt": "₹ 5,000",
    "min_amt_multiple": "₹ 1",
    "monthly_aaum_date": "20250131",
    "mutual_fund_name": "Mirae Asset Mutual Fund",
    "scheme_launch_date": "22 ND SEPTEMBER 2021"
   }
  },
  {
   "value": {
    "amc_name": "Mirae Asset Investment Managers (India) Private Limited",
    "benchmark_index": [
     "Hang Seng TECH (TRI) (INR) Cash & Other Receivables Total Total"
    ],
    "field_location": [
     {
      "amc_name": "57",
      "benchmark_index": "57",
      "count": 46,
      "fund_manager_name": "57",
      "load_exit": "57",
      "main_scheme_name": "57",
      "min_addl_amt": "57",
      "min_addl_amt_multiple": "57",
      "min_amt": "57",
      "min_amt_multiple": "57",
      "monthly_aaum_date": "57",
      "mutual_fund_name": "57",
      "scheme_launch_date": "57"
     }
    ],
    "fund_manager": [
     {
      "managing_fund_since": "",
      "name": "Exchange Traded Funds",
      "qualification": "",
      "total_exp": ""
     },
     {
      "managing_fund_since": "",
      "name": "Ms. Ekta Gala",
      "qualification": "",
      "total_exp": ""
     },
     {
      "managing_fund_since": "",
      "name": "Mr. Vishal Singh Cash",
      "qualification": "",
      "total_exp": ""
     },
     {
      "managing_fund_since": "",
      "name": "Other Receivables",
      "qualification": "",
      "total_exp": ""
     }
    ],
    "load": [
     {
      "comment": "Please refer page no.20 Plan Available: Regular Plan and Direct Plan",
      "type": "exit"
     }
    ],
    "main_scheme_name": "MIRAE ASSET HANG SENG TECH ETF FUND OF FUND",
    "min_addl_amt": "₹ 1,000",
    "min_addl_amt_multiple": "₹ 1",
    "min_amt": "₹ 5,000",
    "min_amt_multiple": "₹ 1",
    "monthly_aaum_date": "20250131",
    "mutual_fund_name": "Mirae Asset Mutual Fund",
    "scheme_launch_date": "8 TH DECEMBER 2021"
   }
  },
  {
   "value": {
    "amc_name": "Mirae Asset Investment Managers (India) Private Limited",
    "benchmark_index": [
     "Nifty India Manufacturing Index Cash & Other Receivables Total (TRI) Total"
    ],
    "field_location": [
     {
      "amc_name": "58",
      "benchmark_index": "58",
      "count": 46,
      "fund_manager_name": "58",
      "load_exit": "58",
      "main_scheme_name": "58",
      "min_addl_amt": "58",
      "min_addl_amt_multiple": "58",
      "min_amt": "58",
      "min_amt_multiple": "58",
      "monthly_aaum_date": "58",
      "mutual_fund_name": "58",
      "scheme_launch_date": "58"
     }
    ],
    "fund_manager": [
     {
      "managing_fund_since": "",
      "name": "Exchange Traded Funds",
      "qualification": "",
      "total_exp": ""
     },
     {
      "managing_fund_since": "",
      "name": "Ms. Ekta Gala",
      "qualification": "",
      "total_exp": ""
     },
     {
      "managing_fund_since": "",
      "name": "Mr. Vishal Singh Cash",
      "qualification": "",
      "total_exp": ""
     },
     {
      "managing_fund_since": "",
      "name": "Other Receivables",
      "qualification": "",
      "total_exp": ""
     }
    ],
    "load": [
     {
      "comment": "Please refer page no.20 Plan Available: Regular Plan and Direct Plan",
      "type": "exit"
     }
    ],
    "main_scheme_name": "MIRAE ASSET NIFTY INDIA MANUFACTURING ETF FUND OF FUND",
    "min_addl_amt": "₹ 1,000",
    "min_addl_amt_multiple": "₹ 1",
    "min_amt": "₹ 5,000",
    "min_amt_multiple": "₹ 1",
    "monthly_aaum_date": "20250131",
    "mutual_fund_name": "Mirae Asset Mutual Fund",
    "scheme_launch_date": "31 ST JANUARY 2022"
   }
  },
  {
   "value": {
    "amc_name": "Mirae Asset Investment Managers (India) Private Limited",
    "benchmark_index": [
     "Indxx Artificial Intelligence & Big TREPS / Repo Data Index (TRI) (INR) Net Receivalbes/(Payables)"
    ],
    "field_location": [
     {
      "amc_name": "59",
      "benchmark_index": "59",
      "count": 46,
      "fund_manager_name": "59",
      "load_exit": "59",
      "main_scheme_name": "59",
      "min_addl_amt": "59",
      "min_addl_amt_multiple": "59",
      "min_amt": "59",
      "min_amt_multiple": "59",
      "monthly_aaum_date": "59",
      "mutual_fund_name": "59",
      "scheme_launch_date": "59"
     }
    ],
    "fund_manager": [
     {
      "managing_fund_since": "",
      "name": "International Exchange Traded",
      "qualification": "",
      "total_exp": ""
     },
     {
      "managing_fund_since": "",
      "name": "Mr. Siddharth Srivastava Global",
      "qualification": "",
      "total_exp": ""
     },
     {
      "managing_fund_since": "",
      "name": "X Artificial Intelligence",
      "qualification": "",
      "total_exp": ""
     }
    ],
    "load": [
     {
      "comment": "Please refer page no.21 Plan Available: Regular Plan and Direct Plan",
      "type": "exit"
     }
    ],
    "main_scheme_name": "MIRAE ASSET GLOBAL X ARTIFICIAL INTELLIGENCE & TECHNOLOGY ETF FUND OF FUND",
    "min_addl_amt": "₹ 1,000",
    "min_addl_amt_multiple": "₹ 1",
    "min_amt": "₹ 5,000",
    "min_amt_multiple": "₹ 1",
    "monthly_aaum_date": "20250131",
    "mutual_fund_name": "Mirae Asset Mutual Fund",
    "scheme_launch_date": "20220907"
   }
  },
  {
   "value": {
    "amc_name": "Mirae Asset Investment Managers (India) Private Limited",
    "benchmark_index": [
     "Solactive Autonomous & Electric Cash & Other Receivables Vehicles Index (TRI) (INR) TREPS / Repo"
    ],
    "field_location": [
     {
      "amc_name": "60",
      "benchmark_index": "60",
      "count": 46,
      "fund_manager_name": "60",
      "load_exit": "60",
      "main_scheme_name": "60",
      "min_addl_amt": "60",
      "min_addl_amt_multiple": "60",
      "min_amt": "60",
      "min_amt_multiple": "60",
      "monthly_aaum_date": "60",
      "mutual_fund_name": "60",
      "scheme_launch_date": "60"
     }
    ],
    "fund_manager": [
     {
      "managing_fund_since": "",
      "name": "International Exchange Traded",
      "qualification": "",
      "total_exp": ""
     },
     {
      "managing_fund_since": "",
      "name": "Mr. Siddharth Srivastava Global",
      "qualification": "",
      "total_exp": ""
     },
     {
      "managing_fund_since": "",
      "name": "X Autonomous",
      "qualification": "",
      "total_exp": ""
     },
     {
      "managing_fund_since": "",
      "name": "Electric Vehicles",
      "qualification": "",
      "total_exp": ""
     }
    ],
    "load": [
     {
      "comment": "Please refer page no.21 Total Plan Available: Regular Plan and Direct Plan",
      "type": "exit"
     }
    ],
    "main_scheme_name": "MIRAE ASSET GLOBAL ELECTRIC & AUTONOMOUS VEHICLES ETFS FUND OF FUND",
    "min_addl_amt": "₹ 1,000",
    "min_addl_amt_multiple": "₹ 1",
    "min_amt": "₹ 5,000",
    "min_amt_multiple": "₹ 1",
    "monthly_aaum_date": "20250131",
    "mutual_fund_name": "Mirae Asset Mutual Fund",
    "scheme_launch_date": "20220907"
   }
  },
  {
   "value": {
    "amc_name": "Mirae Asset Investment Managers (India) Private Limited",
    "benchmark_index": [
     "Nifty Smallcap 250 Momentum Cash & Other Receivables Total Quality 100 (TRI) Total"
    ],
    "field_location": [
     {
      "amc_name": "61",
      "benchmark_index": "61",
      "count": 46,
      "fund_manager_name": "61",
      "load_exit": "61",
      "main_scheme_name": "61",
      "min_addl_amt": "61",
      "min_addl_amt_multiple": "61",
      "min_amt": "61",
      "min_amt_multiple": "61",
      "monthly_aaum_date": "61",
      "mutual_fund_name": "61",
      "scheme_launch_date": "61"
     }
    ],
    "fund_manager": [
     {
      "managing_fund_since": "",
      "name": "Exchange Traded Funds",
      "qualification": "",
      "total_exp": ""
     },
     {
      "managing_fund_since": "",
      "name": "Ms. Ekta Gala",
      "qualification": "",
      "total_exp": ""
     },
     {
      "managing_fund_since": "",
      "name": "Mr. Vishal Singh Cash",
      "qualification": "",
      "total_exp": ""
     },
     {
      "managing_fund_since": "",
      "name": "Other Receivables",
      "qualification": "",
      "total_exp": ""
     }
    ],
    "load": [
     {
      "comment": "Please refer page no.21 Plan Available: Regular Plan and Direct Plan",
      "type": "exit"
     }
    ],
    "main_scheme_name": "MIRAE ASSET NIFTY SMALLCAP 250 MOMENTUM QUALITY 100 ETF FUND OF FUND",
    "min_addl_amt": "₹ 1,000",
    "min_addl_amt_multiple": "₹ 1",
    "min_amt": "₹ 5,000",
    "min_amt_multiple": "₹ 1",
    "monthly_aaum_date": "20250131",
    "mutual_fund_name": "Mirae Asset Mutual Fund",
    "scheme_launch_date": "1 ST MARCH 2024"
   }
  },
  {
   "value": {
    "amc_name": "Mirae Asset Investment Managers (India) Private Limited",
    "benchmark_index": [
     "Nifty MidSmallcap400 Cash & Other Receivables Total Momentum Quality 100 (TRI) Total"
    ],
    "field_location": [
     {
      "amc_name": "62",
      "benchmark_index": "62",
      "count": 46,
      "fund_manager_name": "62",
      "load_exit": "62",
      "main_scheme_name": "62",
      "min_addl_amt": "62",
      "min_addl_amt_multiple": "62",
      "min_amt": "62",
      "min_amt_multiple": "62",
      "monthly_aaum_date": "62",
      "mutual_fund_name": "62",
      "scheme_launch_date": "62"
     }
    ],
    "fund_manager": [
     {
      "managing_fund_since": "",
      "name": "Exchange Traded Funds",
      "qualification": "",
      "total_exp": ""
     },
     {
      "managing_fund_since": "",
      "name": "Ms. Ekta Gala",
      "qualification": "",
      "total_exp": ""
     },
     {
      "managing_fund_since": "",
      "name": "Mr. Vishal Singh Cash",
      "qualification": "",
      "total_exp": ""
     },
     {
      "managing_fund_since": "",
      "name": "Other Receivables",
      "qualification": "",
      "total_exp": ""
     }
    ],
    "load": [
     {
      "comment": "Please refer page no.22 Plan Available: Regular Plan and Direct Plan",
      "type": "exit"
     }
    ],
    "main_scheme_name": "MIRAE ASSET NIFTY MIDSMALLCAP400 MOMENTUM QUALITY 100 ETF FUND OF FUND",
    "min_addl_amt": "₹ 1,000",
    "min_addl_amt_multiple": "₹ 1",
    "min_amt": "₹ 5,000",
    "min_amt_multiple": "₹ 1",
    "monthly_aaum_date": "20250131",
    "mutual_fund_name": "Mirae Asset Mutual Fund",
    "scheme_launch_date": "30 TH MAY 2024"
   }
  },
  {
   "value": {
    "amc_name": "Mirae Asset Investment Managers (India) Private Limited",
    "benchmark_index": [
     "Nifty 200 Alpha 30 (TRI) Cash & Other Receivables Total Total"
    ],
    "field_location": [
     {
      "amc_name": "63",
      "benchmark_index": "63",
      "count": 46,
      "fund_manager_name": "63",
      "load_exit": "63",
      "main_scheme_name": "63",
      "metrics_alpha": "63",
      "min_addl_amt": "63",
      "min_addl_amt_multiple": "63",
      "min_amt": "63",
      "min_amt_multiple": "63",
      "monthly_aaum_date": "63",
      "mutual_fund_name": "63",
      "scheme_launch_date": "63"
     }
    ],
    "fund_manager": [
     {
      "managing_fund_since": "",
      "name": "Exchange Traded Funds",
      "qualification": "",
      "total_exp": ""
     },
     {
      "managing_fund_since": "",
      "name": "Ms. Ekta Gala",
      "qualification": "",
      "total_exp": ""
     },
     {
      "managing_fund_since": "",
      "name": "Mr. Vishal Singh Cash",
      "qualification": "",
      "total_exp": ""
     },
     {
      "managing_fund_since": "",
      "name": "Other Receivables",
      "qualification": "",
      "total_exp": ""
     }
    ],
    "load": [
     {
      "comment": "Please refer page no.22 Plan Available: Regular Plan and Direct Plan",
      "type": "exit"
     }
    ],
    "main_scheme_name": "MIRAE ASSET NIFTY 200 ALPHA 30 ETF FUND OF FUND",
    "metrics": [
     {
      "name": "alpha",
      "value": "30"
     }
    ],
    "min_addl_amt": "₹ 1,000",
    "min_addl_amt_multiple": "₹ 1",
    "min_amt": "₹ 5,000",
    "min_amt_multiple": "₹ 1",
    "monthly_aaum_date": "20250131",
    "mutual_fund_name": "Mirae Asset Mutual Fund",
    "scheme_launch_date": "26 TH JULY 2024"
   }
  },
  {
   "value": {
    "amc_name": "Mirae Asset Investment Managers (India) Private Limited",
    "benchmark_index": [
     "Domestic Price of physical gold Total"
    ],
    "field_location": [
     {
      "amc_name": "64",
      "benchmark_index": "64",
      "count": 46,
      "fund_manager_name": "64",
      "load_exit": "64",
      "main_scheme_name": "64",
      "min_addl_amt": "64",
      "min_addl_amt_multiple": "64",
      "min_amt": "64",
      "min_amt_multiple": "64",
      "monthly_aaum_date": "64",
      "mutual_fund_name": "64",
      "scheme_launch_date": "64"
     }
    ],
    "fund_manager": [
     {
      "managing_fund_since": "",
      "name": "Exchange Traded Funds",
      "qualification": "",
      "total_exp": ""
     },
     {
      "managing_fund_since": "",
      "name": "Ms. Ritesh Patel",
      "qualification": "",
      "total_exp": ""
     },
     {
      "managing_fund_since": "",
      "name": "Other Receivables",
      "qualification": "",
      "total_exp": ""
     },
     {
      "managing_fund_since": "",
      "name": "Mr. Akshay Udeshi",
      "qualification": "",
      "total_exp": ""
     }
    ],
    "load": [
     {
      "comment": "Please refer page no.22 Plan Available: Regular Plan and Direct Plan",
      "type": "exit"
     }
    ],
    "main_scheme_name": "MIRAE ASSET GOLD ETF FUND OF FUND",
    "min_addl_amt": "₹ 1,000",
    "min_addl_amt_multiple": "₹ 1",
    "min_amt": "₹ 5,000",
    "min_amt_multiple": "₹ 1",
    "monthly_aaum_date": "20250131",
    "mutual_fund_name": "Mirae Asset Mutual Fund",
    "scheme_launch_date": "20241025"
   }
  },
  {
   "value": {
    "amc_name": "Mirae Asset Investment Managers (India) Private Limited",
    "benchmark_index": [
     "Nifty India New Age Consumption Total (TRI)"
    ],
    "field_location": [
     {
      "amc_name": "65",
      "benchmark_index": "65",
      "count": 46,
      "fund_manager_name": "65",
      "load_exit": "65",
      "main_scheme_name": "65",
      "min_addl_amt": "65",
      "min_addl_amt_multiple": "65",
      "min_amt": "65",
      "min_amt_multiple": "65",
      "monthly_aaum_date": "65",
      "mutual_fund_name": "65",
      "scheme_launch_date": "65"
     }
    ],
    "fund_manager": [
     {
      "managing_fund_since": "",
      "name": "Exchange Traded Funds",
      "qualification": "",
      "total_exp": ""
     },
     {
      "managing_fund_since": "",
      "name": "Ms. Ekta Gala",
      "qualification": "",
      "total_exp": ""
     },
     {
      "managing_fund_since": "",
      "name": "Mr. Akshay Udeshi",
      "qualification": "",
      "total_exp": ""
     },
     {
      "managing_fund_since": "",
      "name": "Other Receivables",
      "qualification": "",
      "total_exp": ""
     }
    ],
    "load": [
     {
      "comment": "Please refer page no.23 Plan Available: Regular Plan and Direct Plan",
      "type": "exit"
     }
    ],
    "main_scheme_name": "MIRAE ASSET NIFTY INDIA NEW AGE CONSUMPTION ETF FUND OF FUND",
    "min_addl_amt": "₹ 1,000",
    "min_addl_amt_multiple": "₹ 1",
    "min_amt": "₹ 5,000",
    "min_amt_multiple": "₹ 1",
    "monthly_aaum_date": "20250131",
    "mutual_fund_name": "Mirae Asset Mutual Fund",
    "scheme_launch_date": "20250102"
   }
  },
  {
   "value": {
    "amc_name": "Mirae Asset Investment Managers (India) Private Limited",
    "benchmark_index": [
     "Nifty LargeMidcap 250 Larsen & Toubro Limited (TRI) Tata Consultancy Services Limited ITC Limited"
    ],
    "field_location": [
     {
      "amc_name": "66",
      "benchmark_index": "66",
      "count": 46,
      "fund_manager_name": "66",
      "load_exit": "66",
      "main_scheme_name": "66",
      "metrics_tracking_error": "66",
      "min_addl_amt": "66",
      "min_addl_amt_multiple": "66",
      "min_amt": "66",
      "min_amt_multiple": "66",
      "monthly_aaum_date": "66",
      "mutual_fund_name": "66",
      "scheme_launch_date": "66"
     }
    ],
    "fund_manager": [
     {
      "managing_fund_since": "",
      "name": "Ms. Ekta Gala",
      "qualification": "",
      "total_exp": ""
     },
     {
      "managing_fund_since": "",
      "name": "Mr. Vishal Singh Reliance",
      "qualification": "",
      "total_exp": ""
     }
    ],
    "load": [
     {
      "comment": "Please refer page no.24 Cash & Other Receivables Plan Available: Regular Plan and Direct Plan Total",
      "type": "exit"
     }
    ],
    "main_scheme_name": "MIRAE ASSET NIFTY LARGEMIDCAP 250 INDEX FUND",
    "metrics": [
     {
      "name": "tracking_error",
      "value": "0.21"
     }
    ],
    "min_addl_amt": "₹ 1,000",
    "min_addl_amt_multiple": "₹ 1",
    "min_amt": "₹ 5,000",
    "min_amt_multiple": "₹ 1",
    "monthly_aaum_date": "20250131",
    "mutual_fund_name": "Mirae Asset Mutual Fund",
    "scheme_launch_date": "24 TH OCTOBER 2024"
   }
  },
  {
   "value": {
    "amc_name": "Mirae Asset Investment Managers (India) Private Limited",
    "benchmark_index": [
     "Nifty 50 (TRI) Tata Consultancy Services Limited Larsen & Toubro Limited"
    ],
    "field_location": [
     {
      "amc_name": "67",
      "benchmark_index": "67",
      "count": 46,
      "fund_manager_name": "67",
      "load_exit": "67",
      "main_scheme_name": "67",
      "metrics_tracking_error": "67",
      "min_addl_amt": "67",
      "min_addl_amt_multiple": "67",
      "min_amt": "67",
      "min_amt_multiple": "67",
      "monthly_aaum_date": "67",
      "mutual_fund_name": "67",
      "scheme_launch_date": "67"
     }
    ],
    "fund_manager": [
     {
      "managing_fund_since": "",
      "name": "Ms. Ekta Gala",
      "qualification": "",
      "total_exp": ""
     },
     {
      "managing_fund_since": "",
      "name": "Mr. Vishal Singh Reliance",
      "qualification": "",
      "total_exp": ""
     }
    ],
    "load": [
     {
      "comment": "Please refer page no.24 Equity Holding Total Plan Available: Regular Plan and Direct Cash & Other Receivables Plan",
      "type": "exit"
     }
    ],
    "main_scheme_name": "MIRAE ASSET NIFTY 50 INDEX FUND",
    "metrics": [
     {
      "name": "tracking_error",
      "value": "0.14"
     }
    ],
    "min_addl_amt": "₹ 1,000",
    "min_addl_amt_multiple": "₹ 1",
    "min_amt": "₹ 5,000",
    "min_amt_multiple": "₹ 1",
    "monthly_aaum_date": "20250131",
    "mutual_fund_name": "Mirae Asset Mutual Fund",
    "scheme_launch_date": "24 TH OCTOBER 2024"
   }
  },
  {
   "value": {
    "amc_name": "Mirae Asset Investment Managers (India) Private Limited",
    "benchmark_index": [
     "Nifty Total Market (TRI) Tata Consultancy Services Limited Larsen & Toubro Limited"
    ],
    "field_location": [
     {
      "amc_name": "68",
      "benchmark_index": "68",
      "count": 46,
      "fund_manager_name": "68",
      "load_exit": "68",
      "main_scheme_name": "68",
      "metrics_tracking_error": "68",
      "min_addl_amt": "68",
      "min_addl_amt_multiple": "68",
      "min_amt": "68",
      "min_amt_multiple": "68",
      "monthly_aaum_date": "68",
      "mutual_fund_name": "68",
      "scheme_launch_date": "68"
     }
    ],
    "fund_manager": [
     {
      "managing_fund_since": "",
      "name": "Ms. Ekta Gala",
      "qualification": "",
      "total_exp": ""
     },
     {
      "managing_fund_since": "",
      "name": "Mr. Vishal Singh Reliance",
      "qualification": "",
      "total_exp": ""
     }
    ],
    "load": [
     {
      "comment": "Please refer page no.24 Equity Holding Total Plan Available: Regular Plan and Direct Cash & Other Receivables Plan",
      "type": "exit"
     }
    ],
    "main_scheme_name": "MIRAE ASSET NIFTY TOTAL MARKET INDEX FUND",
    "metrics": [
     {
      "name": "tracking_error",
      "value": "0.19"
     }
    ],
    "min_addl_amt": "₹ 1,000",
    "min_addl_amt_multiple": "₹ 1",
    "min_amt": "₹ 5,000",
    "min_amt_multiple": "₹ 1",
    "monthly_aaum_date": "20250131",
    "mutual_fund_name": "Mirae Asset Mutual Fund",
    "scheme_launch_date": "28 TH OCTOBER 2024"
   }
  },
  {
   "value": {
    "amc_name": "Mirae Asset Investment Managers (India) Private Limited",
    "benchmark_index": [
     "Nifty SDL Jun 2027 Index State Government Bond Total Cash & Other Receivables"
    ],
    "field_location": [
     {
      "amc_name": "69",
      "benchmark_index": "69",
      "count": 46,
      "fund_manager_name": "69",
      "load_exit": "69",
      "main_scheme_name": "69",
      "metrics_avg_maturity": "69",
      "metrics_macaulay": "69",
      "metrics_mod_duration": "69",
      "metrics_tracking_error": "69",
      "metrics_ytm": "69",
      "min_addl_amt": "69",
      "min_addl_amt_multiple": "69",
      "min_amt": "69",
      "min_amt_multiple": "69",
      "monthly_aaum_date": "69",
      "mutual_fund_name": "69",
      "scheme_launch_date": "69"
     }
    ],
    "fund_manager": [
     {
      "managing_fund_since": "",
      "name": "Mr. Amit Modani",
      "qualification": "",
      "total_exp": ""
     },
     {
      "managing_fund_since": "",
      "name": "Madhya Pradesh",
      "qualification": "",
      "total_exp": ""
     }
    ],
    "load": [
     {
      "comment": "Please refer page no.25 Plan Available: Regular Plan and Direct Plan",
      "type": "exit"
     }
    ],
    "main_scheme_name": "MIRAE ASSET NIFTY SDL JUN 2027 INDEX FUND",
    "metrics": [
     {
      "name": "ytm",
      "value": "6.97%"
     },
     {
      "name": "tracking_error",
      "value": "0.81"
     },
     {
      "name": "mod_duration",
      "value": "1.98 Years"
     },
     {
      "name": "avg_maturity",
      "value": "2.21 Years"
     },
     {
      "name": "macaulay",
      "value": "2.04 Years"
     }
    ],
    "min_addl_amt": "₹ 1,000",
    "min_addl_amt_multiple": "₹ 1",
    "min_amt": "₹ 5,000",
    "min_amt_multiple": "₹ 1",
    "monthly_aaum_date": "20250131",
    "mutual_fund_name": "Mirae Asset Mutual Fund",
    "scheme_launch_date": "20270301"
   }
  },
  {
   "value": {
    "amc_name": "Mirae Asset Investment Managers (India) Private Limited",
    "benchmark_index": [
     "CRISIL IBX Gilt Index – TREPS / Repo April 2033 Net Receivalbes/(Payables)"
    ],
    "field_location": [
     {
      "amc_name": "70",
      "benchmark_index": "70",
      "count": 46,
      "fund_manager_name": "70",
      "load_exit": "70",
      "main_scheme_name": "70",
      "metrics_avg_maturity": "70",
      "metrics_macaulay": "70",
      "metrics_mod_duration": "70",
      "metrics_tracking_error": "70",
      "metrics_ytm": "70",
      "min_addl_amt": "70",
      "min_addl_amt_multiple": "70",
      "min_amt": "70",
      "min_amt_multiple": "70",
      "monthly_aaum_date": "70",
      "mutual_fund_name": "70",
      "scheme_launch_date": "70"
     }
    ],
    "fund_manager": [
     {
      "managing_fund_since": "",
      "name": "Mr. Amit Modani",
      "qualification": "",
      "total_exp": ""
     }
    ],
    "load": [
     {
      "comment": "Please refer page no.25 Plan Available: Regular Plan and Direct Plan",
      "type": "exit"
     }
    ],
    "main_scheme_name": "MIRAE ASSET CRISIL IBX GILT INDEX - APRIL 2033 INDEX FUND",
    "metrics": [
     {
      "name": "ytm",
      "value": "6.86%"
     },
     {
      "name": "tracking_error",
      "value": "0.07"
     },
     {
      "name": "mod_duration",
      "value": "5.63 Years"
     },
     {
      "name": "avg_maturity",
      "value": "7.69 Years"
     },
     {
      "name": "macaulay",
      "value": "5.82 Years"
     }
    ],
    "min_addl_amt": "₹ 1,000",
    "min_addl_amt_multiple": "₹ 1",
    "min_amt": "₹ 5,000",
    "min_amt_multiple": "₹ 1",
    "monthly_aaum_date": "20250131",
    "mutual_fund_name": "Mirae Asset Mutual Fund",
    "scheme_launch_date": "20 TH OCTOBER 2022"
   }
  },
  {
   "value": {
    "amc_name": "Mirae Asset Investment Managers (India) Private Limited",
    "benchmark_index": [
     "Nifty AAA PSU Bond Plus State Government Bond SDL Apr 2026 50:50 8.51% West Bangal SDL (MD 10/02/2026)"
    ],
    "field_location": [
     {
      "amc_name": "71",
      "benchmark_index": "71",
      "count": 46,
      "fund_manager_name": "71",
      "load_exit": "71",
      "main_scheme_name": "71",
      "metrics_avg_maturity": "71",
      "metrics_macaulay": "71",
      "metrics_mod_duration": "71",
      "metrics_tracking_error": "71",
      "metrics_ytm": "71",
      "min_addl_amt": "71",
      "min_addl_amt_multiple": "71",
      "min_amt": "71",
      "min_amt_multiple": "71",
      "monthly_aaum_date": "71",
      "mutual_fund_name": "71",
      "scheme_launch_date": "71"
     }
    ],
    "fund_manager": [
     {
      "managing_fund_since": "",
      "name": "Mr. Amit Modani National",
      "qualification": "",
      "total_exp": ""
     },
     {
      "managing_fund_since": "",
      "name": "Bank Agriculture",
      "qualification": "",
      "total_exp": ""
     }
    ],
    "load": [
     {
      "comment": "Please refer page no.25 Total *Top holdings as per instrument Plan Available: Regular Plan and Direct Plan",
      "type": "exit"
     }
    ],
    "main_scheme_name": "MIRAE ASSET NIFTY AAA PSU BOND PLUS SDL APR 2026 50:50 INDEX FUND",
    "metrics": [
     {
      "name": "ytm",
      "value": "7.29%"
     },
     {
      "name": "tracking_error",
      "value": "0.29"
     },
     {
      "name": "mod_duration",
      "value": "0.94 Years"
     },
     {
      "name": "avg_maturity",
      "value": "1.04 Years"
     },
     {
      "name": "macaulay",
      "value": "0.99 Years"
     }
    ],
    "min_addl_amt": "₹ 1,000",
    "min_addl_amt_multiple": "₹ 1",
    "min_amt": "₹ 5,000",
    "min_amt_multiple": "₹ 1",
    "monthly_aaum_date": "20250131",
    "mutual_fund_name": "Mirae Asset Mutual Fund",
    "scheme_launch_date": "20221020"
   }
  },
  {
   "value": {
    "amc_name": "Mirae Asset Investment Managers (India) Private Limited",
    "benchmark_index": [
     "Nifty SDL June 2028 TREPS / Repo Index Net Receivalbes/(Payables)"
    ],
    "field_location": [
     {
      "amc_name": "72",
      "benchmark_index": "72",
      "count": 46,
      "fund_manager_name": "72",
      "load_exit": "72",
      "main_scheme_name": "72",
      "metrics_avg_maturity": "72",
      "metrics_macaulay": "72",
      "metrics_mod_duration": "72",
      "metrics_tracking_error": "72",
      "metrics_ytm": "72",
      "min_addl_amt": "72",
      "min_addl_amt_multiple": "72",
      "min_amt": "72",
      "min_amt_multiple": "72",
      "monthly_aaum_date": "72",
      "mutual_fund_name": "72",
      "scheme_launch_date": "72"
     }
    ],
    "fund_manager": [
     {
      "managing_fund_since": "",
      "name": "Mr. Mahendra Jajoo",
      "qualification": "",
      "total_exp": ""
     }
    ],
    "load": [
     {
      "comment": "Please refer page no.26 Plan Available: Regular Plan and Direct Plan",
      "type": "exit"
     }
    ],
    "main_scheme_name": "MIRAE ASSET NIFTY SDL JUNE 2028 INDEX FUND",
    "metrics": [
     {
      "name": "ytm",
      "value": "7.04%"
     },
     {
      "name": "tracking_error",
      "value": "1.20"
     },
     {
      "name": "mod_duration",
      "value": "2.76 Years"
     },
     {
      "name": "avg_maturity",
      "value": "3.21 Years"
     },
     {
      "name": "macaulay",
      "value": "2.86 Years"
     }
    ],
    "min_addl_amt": "₹ 1,000",
    "min_addl_amt_multiple": "₹ 1",
    "min_amt": "₹ 5,000",
    "min_amt_multiple": "₹ 1",
    "monthly_aaum_date": "20250131",
    "mutual_fund_name": "Mirae Asset Mutual Fund",
    "scheme_launch_date": "31 ST MARCH 2023"
   }
  }
 ]
}