{
 "metadata": {
  "document_name": "27_31-Jan-25_1_FS.pdf",
  "file_type": "fs",
  "process_date": "20250219"
 },
 "records": [
  {
   "value": {
    "amc_name": "Mirae Asset Investment Managers (India) Private Limited",
    "benchmark_index": [
     ": Nifty 100 (TRI) Reliance Industries Limited Tata Consultancy Services Limited"
    ],
    "field_location": [
     {
      "amc_name": "24",
      "benchmark_index": "24",
      "count": 26,
      "fund_manager_name": "24",
      "load_exit": "24",
      "main_scheme_name": "24",
      "metrics_beta": "24",
      "metrics_information_ratio": "24",
      "metrics_port_turnover_ratio": "24",
      "metrics_r_squared_ratio": "24",
      "metrics_sharpe": "24",
      "min_addl_amt": "24",
      "min_addl_amt_multiple": "24",
      "min_amt": "24",
      "min_amt_multiple": "24",
      "monthly_aaum_date": "24",
      "mutual_fund_name": "24",
      "scheme_launch_date": "24"
     }
    ],
    "fund_manager": [
     {
      "managing_fund_since": "",
      "name": "Mr. Gaurav Misra",
      "qualification": "",
      "total_exp": ""
     }
    ],
    "load": [
     {
      "comment": ": Please refer page no.10 Axis Bank Limited Plan Available : Regular and Direct Plan Larsen & Toubro Limited Kotak Mahindra Bank Limited",
      "type": "exit"
     }
    ],
    "main_scheme_name": "MIRAE ASSET LARGE CAP FUND",
    "metrics": [
     {
      "name": "sharpe",
      "value": "0.29"
     },
     {
      "name": "beta",
      "value": "0.85"
     },
     {
      "name": "port_turnover_ratio",
      "value": "0.49 time"
     },
     {
      "name": "r_squared_ratio",
      "value": "0.95"
     },
     {
      "name": "information_ratio",
      "value": "0.71"
     }
    ],
    "min_addl_amt": "₹ 1,000",
    "min_addl_amt_multiple": "1",
    "min_amt": "₹ 5,000",
    "min_amt_multiple": "₹ 1",
    "monthly_aaum_date": "20250131",
    "mutual_fund_name": "Mirae Asset Mutual Fund",
    "scheme_launch_date": "04 TH APRIL, 2008"
   }
  },
  {
   "value": {
    "amc_name": "Mirae Asset Investment Managers (India) Private Limited",
    "benchmark_index": [
     ": Nifty Large Midcap 250 (TRI) Infosys Limited ICICI Bank Limited"
    ],
    "field_location": [
     {
      "amc_name": "25",
      "benchmark_index": "25",
      "count": 26,
      "fund_manager_name": "25",
      "load_exit": "25",
      "main_scheme_name": "25",
      "metrics_beta": "25",
      "metrics_information_ratio": "25",
      "metrics_port_turnover_ratio": "25",
      "metrics_r_squared_ratio": "25",
      "metrics_sharpe": "25",
      "min_amt": "25",
      "min_amt_multiple": "25",
      "monthly_aaum_date": "25",
      "mutual_fund_name": "25",
      "scheme_launch_date": "25"
     }
    ],
    "fund_manager": [
     {
      "managing_fund_since": "",
      "name": "Mr. Neelesh Surana",
      "qualification": "",
      "total_exp": ""
     },
     {
      "managing_fund_since": "",
      "name": "Mr. Ankit Jain",
      "qualification": "",
      "total_exp": ""
     },
     {
      "managing_fund_since": "",
      "name": "State Bank",
      "qualification": "",
      "total_exp": ""
     }
    ],
    "load": [
     {
      "comment": ": Please refer page no.10 Reliance Industries Limited Plan Available : Regular and Direct Plan SRF Limited ## One 97 Communications Limited",
      "type": "exit"
     }
    ],
    "main_scheme_name": "MIRAE ASSET LARGE & MIDCAP FUND*",
    "metrics": [
     {
      "name": "sharpe",
      "value": "0.38"
     },
     {
      "name": "beta",
      "value": "0.91"
     },
     {
      "name": "port_turnover_ratio",
      "value": "0.92 time"
     },
     {
      "name": "r_squared_ratio",
      "value": "0.96"
     },
     {
      "name": "information_ratio",
      "value": "1.78"
     }
    ],
    "min_amt": "₹ 5,000",
    "min_amt_multiple": "₹ 1",
    "monthly_aaum_date": "20250131",
    "mutual_fund_name": "Mirae Asset Mutual Fund",
    "scheme_launch_date": "09 TH JULY, 2010"
   }
  },
  {
   "value": {
    "amc_name": "Mirae Asset Investment Managers (India) Private Limited",
    "benchmark_index": [
     ": Nifty India Consumption Index (TRI) Zomato Limited Mahindra & Mahindra Limited"
    ],
    "field_location": [
     {
      "amc_name": "26",
      "benchmark_index": "26",
      "count": 26,
      "fund_manager_name": "26",
      "load_exit": "26",
      "main_scheme_name": "26",
      "metrics_beta": "26",
      "metrics_information_ratio": "26",
      "metrics_port_turnover_ratio": "26",
      "metrics_r_squared_ratio": "26",
      "metrics_sharpe": "26",
      "min_addl_amt": "26",
      "min_addl_amt_multiple": "26",
      "min_amt": "26",
      "min_amt_multiple": "26",
      "monthly_aaum_date": "26",
      "mutual_fund_name": "26",
      "scheme_launch_date": "26"
     }
    ],
    "fund_manager": [
     {
      "managing_fund_since": "",
      "name": "Mr. Ankit Jain Bharti",
      "qualification": "",
      "total_exp": ""
     },
     {
      "managing_fund_since": "",
      "name": "Mr. Siddhant Chhabria",
      "qualification": "",
      "total_exp": ""
     },
     {
      "managing_fund_since": "",
      "name": "Maruti Suzuki India",
      "qualification": "",
      "total_exp": ""
     }
    ],
    "load": [
     {
      "comment": ": Please refer page no.10 Avenue Supermarts Limited Plan Available : Regular and Direct Plan CEAT Limited Asian Paints Limited",
      "type": "exit"
     }
    ],
    "main_scheme_name": "MIRAE ASSET GREAT CONSUMER FUND",
    "metrics": [
     {
      "name": "sharpe",
      "value": "0.69"
     },
     {
      "name": "beta",
      "value": "0.92"
     },
     {
      "name": "port_turnover_ratio",
      "value": "0.45 time"
     },
     {
      "name": "r_squared_ratio",
      "value": "0.89"
     },
     {
      "name": "information_ratio",
      "value": "0.27"
     }
    ],
    "min_addl_amt": "₹ 1,000",
    "min_addl_amt_multiple": "₹ 1",
    "min_amt": "₹ 5,000",
    "min_amt_multiple": "₹ 1",
    "monthly_aaum_date": "20250131",
    "mutual_fund_name": "Mirae Asset Mutual Fund",
    "scheme_launch_date": "29 TH MARCH, 2011"
   }
  },
  {
   "value": {
    "amc_name": "Mirae Asset Investment Managers (India) Private Limited",
    "benchmark_index": [
     ": Tier-1-Nifty 500 (TRI) State Bank of India Tier-2-Nifty 200 (TRI) ICICI Bank Limited Larsen & Toubro Limited"
    ],
    "field_location": [
     {
      "amc_name": "27",
      "benchmark_index": "27",
      "count": 26,
      "fund_manager_name": "27",
      "load_exit": "27",
      "main_scheme_name": "27",
      "metrics_beta": "27",
      "metrics_information_ratio": "27",
      "metrics_port_turnover_ratio": "27",
      "metrics_r_squared_ratio": "27",
      "metrics_sharpe": "27",
      "min_amt": "27",
      "min_amt_multiple": "27",
      "monthly_aaum_date": "27",
      "mutual_fund_name": "27",
      "scheme_launch_date": "27"
     }
    ],
    "fund_manager": [
     {
      "managing_fund_since": "",
      "name": "Mr. Neelesh Surana",
      "qualification": "",
      "total_exp": ""
     }
    ],
    "load": [
     {
      "comment": ": Nil Tata Consultancy Services Limited Plan Available : Regular and Direct Plan Kotak Mahindra Bank Limited Bharti Airtel Limited",
      "type": "exit"
     }
    ],
    "main_scheme_name": "MIRAE ASSET ELSS TAX SAVER FUND*",
    "metrics": [
     {
      "name": "sharpe",
      "value": "0.47"
     },
     {
      "name": "beta",
      "value": "0.91"
     },
     {
      "name": "port_turnover_ratio",
      "value": "1.27 time"
     },
     {
      "name": "r_squared_ratio",
      "value": "0.96"
     },
     {
      "name": "information_ratio",
      "value": "0.54"
     }
    ],
    "min_amt": "₹ 500",
    "min_amt_multiple": "₹ 500",
    "monthly_aaum_date": "20250131",
    "mutual_fund_name": "Mirae Asset Mutual Fund",
    "scheme_launch_date": "28 TH DECEMBER, 2015"
   }
  },
  {
   "value": {
    "amc_name": "Mirae Asset Investment Managers (India) Private Limited",
    "benchmark_index": [
     ": BSE Healthcare Index (TRI) Lupin Limited Divi's Laboratories Limited"
    ],
    "field_location": [
     {
      "amc_name": "28",
      "benchmark_index": "28",
      "count": 26,
      "fund_manager_name": "28",
      "load_exit": "28",
      "main_scheme_name": "28",
      "metrics_beta": "28",
      "metrics_information_ratio": "28",
      "metrics_port_turnover_ratio": "28",
      "metrics_r_squared_ratio": "28",
      "metrics_sharpe": "28",
      "min_addl_amt": "28",
      "min_addl_amt_multiple": "28",
      "min_amt": "28",
      "min_amt_multiple": "28",
      "monthly_aaum_date": "28",
      "mutual_fund_name": "28",
      "scheme_launch_date": "28"
     }
    ],
    "fund_manager": [
     {
      "managing_fund_since": "",
      "name": "Mr. Vrijesh Kasera Sun",
      "qualification": "",
      "total_exp": ""
     },
     {
      "managing_fund_since": "",
      "name": "Pharmaceutical Industries",
      "qualification": "",
      "total_exp": ""
     }
    ],
    "load": [
     {
      "comment": ": Please refer page no.11 Apollo Hospitals Enterprise Limited Plan Available : Regular and Direct Plan Dr. Reddy's Laboratories Limited Krishna Institute Of Medical Sciences Limited",
      "type": "exit"
     }
    ],
    "main_scheme_name": "MIRAE ASSET HEALTHCARE FUND",
    "metrics": [
     {
      "name": "sharpe",
      "value": "0.68"
     },
     {
      "name": "beta",
      "value": "0.96"
     },
     {
      "name": "port_turnover_ratio",
      "value": "0.39 time"
     },
     {
      "name": "r_squared_ratio",
      "value": "0.96"
     },
     {
      "name": "information_ratio",
      "value": "1.07"
     }
    ],
    "min_addl_amt": "₹ 1,000",
    "min_addl_amt_multiple": "₹ 1",
    "min_amt": "₹ 5,000",
    "min_amt_multiple": "₹ 1",
    "monthly_aaum_date": "20250131",
    "mutual_fund_name": "Mirae Asset Mutual Fund",
    "scheme_launch_date": "02 ND JULY, 2018"
   }
  },
  {
   "value": {
    "amc_name": "Mirae Asset Investment Managers (India) Private Limited",
    "benchmark_index": [
     ": Tier-1-Nifty 500 (TRI) Axis Bank Limited Tier-2-Nifty 200 (TRI) One 97 Communications Limited Bharti Airtel Limited"
    ],
    "field_location": [
     {
      "amc_name": "29",
      "benchmark_index": "29",
      "count": 26,
      "fund_manager_name": "29",
      "load_exit": "29",
      "main_scheme_name": "29",
      "metrics_beta": "29",
      "metrics_information_ratio": "29",
      "metrics_port_turnover_ratio": "29",
      "metrics_r_squared_ratio": "29",
      "metrics_sharpe": "29",
      "min_addl_amt": "29",
      "min_addl_amt_multiple": "29",
      "min_amt": "29",
      "min_amt_multiple": "29",
      "monthly_aaum_date": "29",
      "mutual_fund_name": "29",
      "scheme_launch_date": "29"
     }
    ],
    "fund_manager": [
     {
      "managing_fund_since": "",
      "name": "Mr. Gaurav Misra",
      "qualification": "",
      "total_exp": ""
     }
    ],
    "load": [
     {
      "comment": ": Please refer page no.11 FSN E-Commerce Ventures Limited Plan Available : Regular and Direct Plan SKF India Limited KPIT Technologies Limited",
      "type": "exit"
     }
    ],
    "main_scheme_name": "MIRAE ASSET FOCUSED FUND",
    "metrics": [
     {
      "name": "sharpe",
      "value": "0.00"
     },
     {
      "name": "beta",
      "value": "0.80"
     },
     {
      "name": "port_turnover_ratio",
      "value": "0.37 time"
     },
     {
      "name": "r_squared_ratio",
      "value": "0.85"
     },
     {
      "name": "information_ratio",
      "value": "1.43"
     }
    ],
    "min_addl_amt": "₹ 1,000",
    "min_addl_amt_multiple": "₹ 1",
    "min_amt": "₹ 5,000",
    "min_amt_multiple": "₹ 1",
    "monthly_aaum_date": "20250131",
    "mutual_fund_name": "Mirae Asset Mutual Fund",
    "scheme_launch_date": "14 TH MAY, 2019"
   }
  },
  {
   "value": {
    "amc_name": "Mirae Asset Investment Managers (India) Private Limited",
    "benchmark_index": [
     ": NIFTY Midcap 150 Index (TRI) Indian Bank Delhivery Limited"
    ],
    "field_location": [
     {
      "amc_name": "30",
      "benchmark_index": "30",
      "count": 26,
      "fund_manager_name": "30",
      "load_exit": "30",
      "main_scheme_name": "30",
      "metrics_beta": "30",
      "metrics_information_ratio": "30",
      "metrics_port_turnover_ratio": "30",
      "metrics_r_squared_ratio": "30",
      "metrics_sharpe": "30",
      "min_addl_amt": "30",
      "min_addl_amt_multiple": "30",
      "min_amt": "30",
      "min_amt_multiple": "30",
      "monthly_aaum_date": "30",
      "mutual_fund_name": "30",
      "scheme_launch_date": "30"
     }
    ],
    "fund_manager": [
     {
      "managing_fund_since": "",
      "name": "Mr. Ankit Jain",
      "qualification": "",
      "total_exp": ""
     },
     {
      "managing_fund_since": "",
      "name": "Federal Bank",
      "qualification": "",
      "total_exp": ""
     }
    ],
    "load": [
     {
      "comment": ": Please refer page no.12 SRF Limited Plan Available : Regular and Direct Plan Tata Communications Limited HDFC Asset Management Company Limited",
      "type": "exit"
     }
    ],
    "main_scheme_name": "MIRAE ASSET MIDCAP FUND",
    "metrics": [
     {
      "name": "sharpe",
      "value": "0.57"
     },
     {
      "name": "beta",
      "value": "0.92"
     },
     {
      "name": "port_turnover_ratio",
      "value": "0.97 time"
     },
     {
      "name": "r_squared_ratio",
      "value": "0.96"
     },
     {
      "name": "information_ratio",
      "value": "1.65"
     }
    ],
    "min_addl_amt": "₹ 1,000",
    "min_addl_amt_multiple": "₹ 1",
    "min_amt": "₹ 5,000",
    "min_amt_multiple": "₹ 1",
    "monthly_aaum_date": "20250131",
    "mutual_fund_name": "Mirae Asset Mutual Fund",
    "scheme_launch_date": "29 TH JULY, 2019"
   }
  },
  {
   "value": {
    "amc_name": "Mirae Asset Investment Managers (India) Private Limited",
    "benchmark_index": [
     ": Nifty Financial Services Index (TRI) Axis Bank Limited Bajaj Finance Limited"
    ],
    "field_location": [
     {
      "amc_name": "31",
      "benchmark_index": "31",
      "count": 26,
      "fund_manager_name": "31",
      "load_exit": "31",
      "main_scheme_name": "31",
      "metrics_beta": "31",
      "metrics_information_ratio": "31",
      "metrics_port_turnover_ratio": "31",
      "metrics_r_squared_ratio": "31",
      "metrics_sharpe": "31",
      "min_addl_amt": "31",
      "min_addl_amt_multiple": "31",
      "min_amt": "31",
      "min_amt_multiple": "31",
      "monthly_aaum_date": "31",
      "mutual_fund_name": "31",
      "scheme_launch_date": "31"
     }
    ],
    "fund_manager": [
     {
      "managing_fund_since": "",
      "name": "Mr. Gaurav Kochar",
      "qualification": "",
      "total_exp": ""
     }
    ],
    "load": [
     {
      "comment": ": Please refer page no.12 India Shelter Finance Corporation Limited Plan Available : Regular and Direct Plan Kotak Mahindra Bank Limited SBI Life Insurance Company Limited",
      "type": "exit"
     }
    ],
    "main_scheme_name": "MIRAE ASSET BANKING AND FINANCIAL SERVICES FUND",
    "metrics": [
     {
      "name": "sharpe",
      "value": "0.38"
     },
     {
      "name": "beta",
      "value": "0.93"
     },
     {
      "name": "port_turnover_ratio",
      "value": "0.37 time"
     },
     {
      "name": "r_squared_ratio",
      "value": "0.88"
     },
     {
      "name": "information_ratio",
      "value": "0.39"
     }
    ],
    "min_addl_amt": "₹ 1,000",
    "min_addl_amt_multiple": "₹ 1",
    "min_amt": "₹ 5,000",
    "min_amt_multiple": "₹ 1",
    "monthly_aaum_date": "20250131",
    "mutual_fund_name": "Mirae Asset Mutual Fund",
    "scheme_launch_date": "11 TH DECEMBER, 2020"
   }
  },
  {
   "value": {
    "amc_name": "Mirae Asset Investment Managers (India) Private Limited",
    "benchmark_index": [
     ": Nifty 500 (TRI) State Bank of India Reliance Industries Limited"
    ],
    "field_location": [
     {
      "amc_name": "32",
      "benchmark_index": "32",
      "count": 26,
      "fund_manager_name": "32",
      "load_exit": "32",
      "main_scheme_name": "32",
      "metrics_port_turnover_ratio": "32",
      "min_addl_amt": "32",
      "min_addl_amt_multiple": "32",
      "min_amt": "32",
      "min_amt_multiple": "32",
      "monthly_aaum_date": "32",
      "mutual_fund_name": "32",
      "scheme_launch_date": "32"
     }
    ],
    "fund_manager": [
     {
      "managing_fund_since": "",
      "name": "Mr. Varun Goel",
      "qualification": "",
      "total_exp": ""
     }
    ],
    "load": [
     {
      "comment": ": Please refer page no.12 Inventurus Knowledge Solutions Limited Plan Available : Regular and Direct Plan Tata Consultancy Services Limited Cartrade Tech Limited",
      "type": "exit"
     }
    ],
    "main_scheme_name": "MIRAE ASSET FLEXI CAP FUND",
    "metrics": [
     {
      "name": "port_turnover_ratio",
      "value": "0.43 time"
     }
    ],
    "min_addl_amt": "₹ 1,000",
    "min_addl_amt_multiple": "1",
    "min_amt": "₹ 5,000",
    "min_amt_multiple": "₹ 1",
    "monthly_aaum_date": "20250131",
    "mutual_fund_name": "Mirae Asset Mutual Fund",
    "scheme_launch_date": "24 TH FEBRUARY, 2023"
   }
  },
  {
   "value": {
    "amc_name": "Mirae Asset Investment Managers (India) Private Limited",
    "benchmark_index": [
     ": Nifty 500 Multicap 50:25:25 (TRI) Larsen & Toubro Limited ICICI Bank Limited"
    ],
    "field_location": [
     {
      "amc_name": "33",
      "benchmark_index": "33",
      "count": 26,
      "fund_manager_name": "33",
      "load_exit": "33",
      "main_scheme_name": "33",
      "metrics_port_turnover_ratio": "33",
      "min_addl_amt": "33",
      "min_addl_amt_multiple": "33",
      "min_amt": "33",
      "min_amt_multiple": "33",
      "monthly_aaum_date": "33",
      "mutual_fund_name": "33",
      "scheme_launch_date": "33"
     }
    ],
    "fund_manager": [
     {
      "managing_fund_since": "",
      "name": "Mr. Ankit Jain",
      "qualification": "",
      "total_exp": ""
     }
    ],
    "load": [
     {
      "comment": ": Please refer page no.13 CEAT Limited Plan Available : Regular and Direct Plan Wipro Limited Tata Consultancy Services Limited",
      "type": "exit"
     }
    ],
    "main_scheme_name": "MIRAE ASSET MULTICAP FUND",
    "metrics": [
     {
      "name": "port_turnover_ratio",
      "value": "0.96 time"
     }
    ],
    "min_addl_amt": "₹ 1,000",
    "min_addl_amt_multiple": "₹ 1",
    "min_amt": "₹ 5,000",
    "min_amt_multiple": "₹ 1",
    "monthly_aaum_date": "20250131",
    "mutual_fund_name": "Mirae Asset Mutual Fund",
    "scheme_launch_date": "21 ST AUGUST, 2023"
   }
  },
  {
   "value": {
    "amc_name": "Mirae Asset Investment Managers (India) Private Limited",
    "benchmark_index": [
     ": Nifty Small cap 250 (TRI) Onesource Specialty Pharma Limited Bharat Electronics Limited"
    ],
    "field_location": [
     {
      "amc_name": "34",
      "benchmark_index": "34",
      "count": 26,
      "fund_manager_name": "34",
      "load_exit": "34",
      "main_scheme_name": "34",
      "min_addl_amt": "34",
      "min_addl_amt_multiple": "34",
      "min_amt": "34",
      "min_amt_multiple": "34",
      "monthly_aaum_date": "34",
      "mutual_fund_name": "34",
      "scheme_launch_date": "34"
     }
    ],
    "fund_manager": [
     {
      "managing_fund_since": "",
      "name": "Mr. Varun Goel Multi",
      "qualification": "",
      "total_exp": ""
     },
     {
      "managing_fund_since": "",
      "name": "Commodity Exchange",
      "qualification": "",
      "total_exp": ""
     },
     {
      "managing_fund_since": "",
      "name": "Mr. Siddharth Srivastava",
      "qualification": "",
      "total_exp": ""
     },
     {
      "managing_fund_since": "",
      "name": "R. Mill",
      "qualification": "",
      "total_exp": ""
     }
    ],
    "load": [
     {
      "comment": ": Please refer page no.13 Praj Industries Limited Plan Available : Regular and Direct Plan Mahindra & Mahindra Limited Dr. Lal Path Labs Limited",
      "type": "exit"
     }
    ],
    "main_scheme_name": "MIRAE ASSET SMALL CAP FUND",
    "min_addl_amt": "₹ 1,000",
    "min_addl_amt_multiple": "₹ 1",
    "min_amt": "₹ 5,000",
    "min_amt_multiple": "₹ 1",
    "monthly_aaum_date": "20250131",
    "mutual_fund_name": "Mirae Asset Mutual Fund",
    "scheme_launch_date": "31 ST JANUARY, 2025"
   }
  },
  {
   "value": {
    "amc_name": "Mirae Asset Investment Managers (India) Private Limited",
    "benchmark_index": [
     ": Nifty Liquid Index A-I Certificate of Deposit Total"
    ],
    "field_location": [
     {
      "amc_name": "39",
      "benchmark_index": "39",
      "count": 26,
      "fund_manager_name": "39",
      "load_exit": "39",
      "main_scheme_name": "39",
      "metrics_avg_maturity": "39",
      "metrics_macaulay": "39",
      "metrics_mod_duration": "39",
      "metrics_ytm": "39",
      "min_addl_amt": "39",
      "min_addl_amt_multiple": "39",
      "min_amt": "39",
      "min_amt_multiple": "39",
      "monthly_aaum_date": "39",
      "mutual_fund_name": "39",
      "scheme_launch_date": "39"
     }
    ],
    "fund_manager": [
     {
      "managing_fund_since": "",
      "name": "Mr. Abhishek Iyer",
      "qualification": "",
      "total_exp": ""
     },
     {
      "managing_fund_since": "",
      "name": "Mr. Amit Modani Certificate",
      "qualification": "",
      "total_exp": ""
     }
    ],
    "load": [
     {
      "comment": ": Please refer page no.14 ICICI Securities Limited Others Plan Available : Regular and Direct Plan Commercial Paper Total",
      "type": "exit"
     }
    ],
    "main_scheme_name": "MIRAE ASSET LIQUID FUND*",
    "metrics": [
     {
      "name": "ytm",
      "value": "7.23%"
     },
     {
      "name": "mod_duration",
      "value": "0.1 Years"
     },
     {
      "name": "avg_maturity",
      "value": "37.56 Days"
     },
     {
      "name": "macaulay",
      "value": "0.1 Years"
     }
    ],
    "min_addl_amt": "₹ 1,000",
    "min_addl_amt_multiple": "₹ 1",
    "min_amt": "₹ 5,000",
    "min_amt_multiple": "₹ 1",
    "monthly_aaum_date": "20250131",
    "mutual_fund_name": "Mirae Asset Mutual Fund",
    "scheme_launch_date": "12 TH JANUARY, 2009"
   }
  },
  {
   "value": {
    "amc_name": "Mirae Asset Investment Managers (India) Private Limited",
    "benchmark_index": [
     ": Nifty Low Duration Debt Index A-I HDFC Bank Limited Others"
    ],
    "field_location": [
     {
      "amc_name": "40",
      "benchmark_index": "40",
      "count": 26,
      "fund_manager_name": "40",
      "load_exit": "40",
      "main_scheme_name": "40",
      "metrics_avg_maturity": "40",
      "metrics_macaulay": "40",
      "metrics_mod_duration": "40",
      "metrics_ytm": "40",
      "min_addl_amt": "40",
      "min_addl_amt_multiple": "40",
      "min_amt": "40",
      "min_amt_multiple": "40",
      "monthly_aaum_date": "40",
      "mutual_fund_name": "40",
      "scheme_launch_date": "40"
     }
    ],
    "fund_manager": [
     {
      "managing_fund_since": "",
      "name": "Mr. Basant Bafna",
      "qualification": "",
      "total_exp": ""
     }
    ],
    "load": [
     {
      "comment": ": Nil Muthoot Finance Limited Plan Available : Regular and Direct Plan Motilal Oswal Financial Services Limited Small Industries Dev Bank of India",
      "type": "exit"
     }
    ],
    "main_scheme_name": "MIRAE ASSET LOW DURATION FUND*",
    "metrics": [
     {
      "name": "ytm",
      "value": "7.58%"
     },
     {
      "name": "mod_duration",
      "value": "0.93 Years"
     },
     {
      "name": "avg_maturity",
      "value": "386.28 Days"
     },
     {
      "name": "macaulay",
      "value": "0.99 Years"
     }
    ],
    "min_addl_amt": "₹ 1,000",
    "min_addl_amt_multiple": "₹ 1",
    "min_amt": "₹ 5,000",
    "min_amt_multiple": "₹ 1",
    "monthly_aaum_date": "20250131",
    "mutual_fund_name": "Mirae Asset Mutual Fund",
    "scheme_launch_date": "26 TH JUNE, 2012"
   }
  },
  {
   "value": {
    "amc_name": "Mirae Asset Investment Managers (India) Private Limited",
    "benchmark_index": [
     ": Tier-1-CRISIL Dynamic Bond A-III REC Limited Others Index Corporate Bond Total"
    ],
    "field_location": [
     {
      "amc_name": "41",
      "benchmark_index": "41",
      "count": 26,
      "fund_manager_name": "41",
      "load_exit": "41",
      "main_scheme_name": "41",
      "metrics_avg_maturity": "41",
      "metrics_macaulay": "41",
      "metrics_mod_duration": "41",
      "metrics_ytm": "41",
      "min_addl_amt": "41",
      "min_addl_amt_multiple": "41",
      "min_amt": "41",
      "min_amt_multiple": "41",
      "monthly_aaum_date": "41",
      "mutual_fund_name": "41",
      "scheme_launch_date": "41"
     }
    ],
    "fund_manager": [
     {
      "managing_fund_since": "",
      "name": "Mr. Amit Modani",
      "qualification": "",
      "total_exp": ""
     }
    ],
    "load": [
     {
      "comment": ": Nil State Government Bond Plan Available : Regular and Direct Plan 7.71% Gujarat SDL (MD 01/03/2027) Others",
      "type": "exit"
     }
    ],
    "main_scheme_name": "MIRAE ASSET DYNAMIC BOND FUND",
    "metrics": [
     {
      "name": "ytm",
      "value": "7.18%"
     },
     {
      "name": "mod_duration",
      "value": "1"
     },
     {
      "name": "avg_maturity",
      "value": "2.06 Years"
     },
     {
      "name": "macaulay",
      "value": "1.9 Years"
     }
    ],
    "min_addl_amt": "₹ 1,000",
    "min_addl_amt_multiple": "₹ 1",
    "min_amt": "₹ 5,000",
    "min_amt_multiple": "₹ 1",
    "monthly_aaum_date": "20250131",
    "mutual_fund_name": "Mirae Asset Mutual Fund",
    "scheme_launch_date": "20170324"
   }
  },
  {
   "value": {
    "amc_name": "Mirae Asset Investment Managers (India) Private Limited",
    "benchmark_index": [
     ": CRISIL Short Duration Debt A-II Index Small Industries Dev Bank of India Others"
    ],
    "field_location": [
     {
      "amc_name": "42",
      "benchmark_index": "42",
      "count": 26,
      "fund_manager_name": "42",
      "load_exit": "42",
      "main_scheme_name": "42",
      "metrics_avg_maturity": "42",
      "metrics_macaulay": "42",
      "metrics_mod_duration": "42",
      "metrics_ytm": "42",
      "min_addl_amt": "42",
      "min_addl_amt_multiple": "42",
      "min_amt": "42",
      "min_amt_multiple": "42",
      "monthly_aaum_date": "42",
      "mutual_fund_name": "42",
      "scheme_launch_date": "42"
     }
    ],
    "fund_manager": [
     {
      "managing_fund_since": "",
      "name": "Mr. Basant Bafna",
      "qualification": "",
      "total_exp": ""
     }
    ],
    "load": [
     {
      "comment": ": Nil Fund^ Corporate Debt Market Development Fund# Plan Available : Regular and Direct Plan Corporate Debt Market Development",
      "type": "exit"
     }
    ],
    "main_scheme_name": "MIRAE ASSET SHORT DURATION FUND*",
    "metrics": [
     {
      "name": "ytm",
      "value": "7.41%"
     },
     {
      "name": "mod_duration",
      "value": "2.75 Years"
     },
     {
      "name": "avg_maturity",
      "value": "3.56 Years"
     },
     {
      "name": "macaulay",
      "value": "2.89 Years"
     }
    ],
    "min_addl_amt": "₹ 1,000",
    "min_addl_amt_multiple": "₹ 1",
    "min_amt": "₹ 5,000",
    "min_amt_multiple": "₹ 1",
    "monthly_aaum_date": "20250131",
    "mutual_fund_name": "Mirae Asset Mutual Fund",
    "scheme_launch_date": "16 TH MARCH, 2018"
   }
  },
  {
   "value": {
    "amc_name": "Mirae Asset Investment Managers (India) Private Limited",
    "benchmark_index": [
     ": NIFTY 1D Rate Index 364 Days Tbill (MD 06/02/2025) Treasury Bill Total"
    ],
    "field_location": [
     {
      "amc_name": "43",
      "benchmark_index": "43",
      "count": 26,
      "fund_manager_name": "43",
      "load_exit": "43",
      "main_scheme_name": "43",
      "metrics_avg_maturity": "43",
      "metrics_macaulay": "43",
      "metrics_mod_duration": "43",
      "metrics_ytm": "43",
      "min_addl_amt": "43",
      "min_addl_amt_multiple": "43",
      "min_amt": "43",
      "min_amt_multiple": "43",
      "monthly_aaum_date": "43",
      "mutual_fund_name": "43",
      "scheme_launch_date": "43"
     }
    ],
    "fund_manager": [
     {
      "managing_fund_since": "",
      "name": "Mr. Abhishek Iyer",
      "qualification": "",
      "total_exp": ""
     }
    ],
    "load": [
     {
      "comment": ": Nil Cash & Other Receivables Total Plan Available : Regular and Direct Plan Total *Top holdings as per instrument",
      "type": "exit"
     }
    ],
    "main_scheme_name": "MIRAE ASSET OVERNIGHT FUND",
    "metrics": [
     {
      "name": "ytm",
      "value": "6.63%"
     },
     {
      "name": "mod_duration",
      "value": "0.01 Years"
     },
     {
      "name": "avg_maturity",
      "value": "3.23 Days"
     },
     {
      "name": "macaulay",
      "value": "0.01 Years"
     }
    ],
    "min_addl_amt": "₹ 1,000",
    "min_addl_amt_multiple": "₹ 1",
    "min_amt": "₹ 5,000",
    "min_amt_multiple": "₹ 1",
    "monthly_aaum_date": "20250131",
    "mutual_fund_name": "Mirae Asset Mutual Fund",
    "scheme_launch_date": "20191015"
   }
  },
  {
   "value": {
    "amc_name": "Mirae Asset Investment Managers (India) Private Limited",
    "benchmark_index": [
     ": CRISIL Banking and PSU Debt A-II Certificate of Deposit Total Corporate Bond Index HDFC Bank Limited"
    ],
    "field_location": [
     {
      "amc_name": "44",
      "benchmark_index": "44",
      "count": 26,
      "fund_manager_name": "44",
      "load_exit": "44",
      "main_scheme_name": "44",
      "metrics_avg_maturity": "44",
      "metrics_macaulay": "44",
      "metrics_mod_duration": "44",
      "metrics_ytm": "44",
      "min_addl_amt": "44",
      "min_addl_amt_multiple": "44",
      "min_amt": "44",
      "min_amt_multiple": "44",
      "monthly_aaum_date": "44",
      "mutual_fund_name": "44",
      "scheme_launch_date": "44"
     }
    ],
    "fund_manager": [
     {
      "managing_fund_since": "",
      "name": "Ms. Kruti Chheta",
      "qualification": "",
      "total_exp": ""
     }
    ],
    "load": [
     {
      "comment": ": Nil Corporate Bond Total Corporate Debt Market Development Plan Available : Regular and Direct Plan Fund^",
      "type": "exit"
     }
    ],
    "main_scheme_name": "MIRAE ASSET BANKING AND PSU FUND*",
    "metrics": [
     {
      "name": "ytm",
      "value": "7.21%"
     },
     {
      "name": "mod_duration",
      "value": "3.67 Years"
     },
     {
      "name": "avg_maturity",
      "value": "4.91 Years"
     },
     {
      "name": "macaulay",
      "value": "3.89 Years"
     }
    ],
    "min_addl_amt": "₹ 1,000",
    "min_addl_amt_multiple": "₹ 1",
    "min_amt": "₹ 5,000",
    "min_amt_multiple": "₹ 1",
    "monthly_aaum_date": "20250131",
    "mutual_fund_name": "Mirae Asset Mutual Fund",
    "scheme_launch_date": "24 TH JULY, 2020"
   }
  },
  {
   "value": {
    "amc_name": "Mirae Asset Investment Managers (India) Private Limited",
    "benchmark_index": [
     ": Nifty Ultra Short Duration Debt Index Canara Bank Others A-I Certificate of Deposit Total"
    ],
    "field_location": [
     {
      "amc_name": "45",
      "benchmark_index": "45",
      "count": 26,
      "fund_manager_name": "45",
      "load_exit": "45",
      "main_scheme_name": "45",
      "metrics_avg_maturity": "45",
      "metrics_macaulay": "45",
      "metrics_mod_duration": "45",
      "metrics_ytm": "45",
      "min_addl_amt": "45",
      "min_addl_amt_multiple": "45",
      "min_amt": "45",
      "min_amt_multiple": "45",
      "monthly_aaum_date": "45",
      "mutual_fund_name": "45",
      "scheme_launch_date": "45"
     }
    ],
    "fund_manager": [
     {
      "managing_fund_since": "",
      "name": "Mr. Basant Bafna",
      "qualification": "",
      "total_exp": ""
     }
    ],
    "load": [
     {
      "comment": ": Nil National Bank For Agriculture and Rural Development Plan Available : Regular and Direct Plan Sundaram Finance Limited",
      "type": "exit"
     }
    ],
    "main_scheme_name": "MIRAE ASSET ULTRA SHORT DURATION FUND",
    "metrics": [
     {
      "name": "ytm",
      "value": "7.53%"
     },
     {
      "name": "mod_duration",
      "value": "0.46 Years"
     },
     {
      "name": "avg_maturity",
      "value": "187.12 Days"
     },
     {
      "name": "macaulay",
      "value": "0.49 Years"
     }
    ],
    "min_addl_amt": "₹ 1,000",
    "min_addl_amt_multiple": "₹ 1",
    "min_amt": "₹ 5,000",
    "min_amt_multiple": "₹ 1",
    "monthly_aaum_date": "20250131",
    "mutual_fund_name": "Mirae Asset Mutual Fund",
    "scheme_launch_date": "20201007"
   }
  },
  {
   "value": {
    "amc_name": "Mirae Asset Investment Managers (India) Private Limited",
    "benchmark_index": [
     ": CRISIL Corporate Debt A-II Index Small Industries Dev Bank of India Others"
    ],
    "field_location": [
     {
      "amc_name": "46",
      "benchmark_index": "46",
      "count": 26,
      "fund_manager_name": "46",
      "load_exit": "46",
      "main_scheme_name": "46",
      "metrics_avg_maturity": "46",
      "metrics_macaulay": "46",
      "metrics_mod_duration": "46",
      "metrics_ytm": "46",
      "min_addl_amt": "46",
      "min_addl_amt_multiple": "46",
      "min_amt": "46",
      "min_amt_multiple": "46",
      "monthly_aaum_date": "46",
      "mutual_fund_name": "46",
      "scheme_launch_date": "46"
     }
    ],
    "fund_manager": [
     {
      "managing_fund_since": "",
      "name": "Mr. Amit Modani",
      "qualification": "",
      "total_exp": ""
     }
    ],
    "load": [
     {
      "comment": ": Nil Fund^ Corporate Debt Market Development Fund# Plan Available : Regular and Direct Plan Corporate Debt Market Development",
      "type": "exit"
     }
    ],
    "main_scheme_name": "MIRAE ASSET CORPORATE BOND FUND",
    "metrics": [
     {
      "name": "ytm",
      "value": "7.35%"
     },
     {
      "name": "mod_duration",
      "value": "3.47 Years"
     },
     {
      "name": "avg_maturity",
      "value": "4.58 Years"
     },
     {
      "name": "macaulay",
      "value": "3.65 Years"
     }
    ],
    "min_addl_amt": "₹ 1,000",
    "min_addl_amt_multiple": "₹ 1",
    "min_amt": "₹ 5,000",
    "min_amt_multiple": "₹ 1",
    "monthly_aaum_date": "20250131",
    "mutual_fund_name": "Mirae Asset Mutual Fund",
    "scheme_launch_date": "17 TH MARCH, 2021"
   }
  },
  {
   "value": {
    "amc_name": "Mirae Asset Investment Managers (India) Private Limited",
    "benchmark_index": [
     ": Nifty Money Market Index A-I Canara Bank Others"
    ],
    "field_location": [
     {
      "amc_name": "47",
      "benchmark_index": "47",
      "count": 26,
      "fund_manager_name": "47",
      "load_exit": "47",
      "main_scheme_name": "47",
      "metrics_avg_maturity": "47",
      "metrics_macaulay": "47",
      "metrics_mod_duration": "47",
      "metrics_ytm": "47",
      "min_addl_amt": "47",
      "min_addl_amt_multiple": "47",
      "min_amt": "47",
      "min_amt_multiple": "47",
      "monthly_aaum_date": "47",
      "mutual_fund_name": "47",
      "scheme_launch_date": "47"
     }
    ],
    "fund_manager": [
     {
      "managing_fund_since": "",
      "name": "Mr. Amit Modani",
      "qualification": "",
      "total_exp": ""
     }
    ],
    "load": [
     {
      "comment": ": Nil IIFL Finance Limited Plan Available : Regular and Direct Plan Birla Group Holdings Private Limited Julius Baer Capital India Pvt Ltd",
      "type": "exit"
     }
    ],
    "main_scheme_name": "MIRAE ASSET MONEY MARKET FUND",
    "metrics": [
     {
      "name": "ytm",
      "value": "7.54%"
     },
     {
      "name": "mod_duration",
      "value": "0.5 Years"
     },
     {
      "name": "avg_maturity",
      "value": "181.87 Days"
     },
     {
      "name": "macaulay",
      "value": "0.5 Years"
     }
    ],
    "min_addl_amt": "₹ 1,000",
    "min_addl_amt_multiple": "₹ 1",
    "min_amt": "₹ 5,000",
    "min_amt_multiple": "₹ 1",
    "monthly_aaum_date": "20250131",
    "mutual_fund_name": "Mirae Asset Mutual Fund",
    "scheme_launch_date": "20210811"
   }
  },
  {
   "value": {
    "amc_name": "Mirae Asset Investment Managers (India) Private Limited",
    "benchmark_index": [
     ": CRISIL Long Duration Debt A-III Index Corporate Debt Market Development Fund Total"
    ],
    "field_location": [
     {
      "amc_name": "48",
      "benchmark_index": "48",
      "count": 26,
      "fund_manager_name": "48",
      "load_exit": "48",
      "main_scheme_name": "48",
      "metrics_avg_maturity": "48",
      "metrics_macaulay": "48",
      "metrics_mod_duration": "48",
      "metrics_ytm": "48",
      "min_addl_amt": "48",
      "min_addl_amt_multiple": "48",
      "min_amt": "48",
      "min_amt_multiple": "48",
      "monthly_aaum_date": "48",
      "mutual_fund_name": "48",
      "scheme_launch_date": "48"
     }
    ],
    "fund_manager": [
     {
      "managing_fund_since": "",
      "name": "Ms. Kruti Chheta",
      "qualification": "",
      "total_exp": ""
     }
    ],
    "load": [
     {
      "comment": ": Nil 7.34% GOI (MD 22/04/2064) Others Plan Available : Regular and Direct Plan Government Bond Total",
      "type": "exit"
     }
    ],
    "main_scheme_name": "MIRAE ASSET LONG DURATION FUND",
    "metrics": [
     {
      "name": "ytm",
      "value": "7.12%"
     },
     {
      "name": "mod_duration",
      "value": "12.2 Years"
     },
     {
      "name": "avg_maturity",
      "value": "33.95 Years"
     },
     {
      "name": "macaulay",
      "value": "12.62 Years"
     }
    ],
    "min_addl_amt": "₹ 1,000",
    "min_addl_amt_multiple": "₹ 1",
    "min_amt": "₹ 5,000",
    "min_amt_multiple": "₹ 1",
    "monthly_aaum_date": "20250131",
    "mutual_fund_name": "Mirae Asset Mutual Fund",
    "scheme_launch_date": "20241206"
   }
  },
  {
   "value": {
    "amc_name": "Mirae Asset Investment Managers (India) Private Limited",
    "benchmark_index": [
     ": CRISIL Hybrid 35+65 - Aggressive Tata Consultancy Services Limited NTPC Limited"
    ],
    "field_location": [
     {
      "amc_name": "51",
      "benchmark_index": "51",
      "count": 26,
      "fund_manager_name": "51",
      "load_exit": "51",
      "main_scheme_name": "51",
      "metrics_avg_maturity": "51",
      "metrics_beta": "51",
      "metrics_information_ratio": "51",
      "metrics_macaulay": "51",
      "metrics_mod_duration": "51",
      "metrics_port_turnover_ratio": "51",
      "metrics_r_squared_ratio": "51",
      "metrics_sharpe": "51",
      "metrics_ytm": "51",
      "min_addl_amt": "51",
      "min_addl_amt_multiple": "51",
      "min_amt": "51",
      "min_amt_multiple": "51",
      "monthly_aaum_date": "51",
      "mutual_fund_name": "51",
      "scheme_launch_date": "51"
     }
    ],
    "fund_manager": [
     {
      "managing_fund_since": "",
      "name": "Mr. Harshad Borawake",
      "qualification": "",
      "total_exp": ""
     }
    ],
    "load": [
     {
      "comment": ": Please refer page no.18 Canara Bank ICICI Bank Limited Plan Available : Regular and Direct Plan Certificate of Deposit Total Corporate Bond",
      "type": "exit"
     }
    ],
    "main_scheme_name": "MIRAE ASSET AGGRESSIVE HYBRID FUND*",
    "metrics": [
     {
      "name": "sharpe",
      "value": "0.41"
     },
     {
      "name": "beta",
      "value": "1.03"
     },
     {
      "name": "ytm",
      "value": "7.38%"
     },
     {
      "name": "port_turnover_ratio",
      "value": "1.09 Time"
     },
     {
      "name": "r_squared_ratio",
      "value": "0.96"
     },
     {
      "name": "mod_duration",
      "value": "3.73 Years"
     },
     {
      "name": "avg_maturity",
      "value": "5.74 Years"
     },
     {
      "name": "macaulay",
      "value": "3.90 Years"
     },
     {
      "name": "information_ratio",
      "value": "0.39"
     }
    ],
    "min_addl_amt": "₹ 1,000",
    "min_addl_amt_multiple": "₹ 1",
    "min_amt": "₹ 5,000",
    "min_amt_multiple": "₹ 1",
    "monthly_aaum_date": "20250131",
    "mutual_fund_name": "Mirae Asset Mutual Fund",
    "scheme_launch_date": "29 TH JULY, 2015"
   }
  },
  {
   "value": {
    "amc_name": "Mirae Asset Investment Managers (India) Private Limited",
    "benchmark_index": [
     ": Nifty Equity Savings Index Axis Bank Limited Reliance Industries Limited"
    ],
    "field_location": [
     {
      "amc_name": "52",
      "benchmark_index": "52",
      "count": 26,
      "fund_manager_name": "52",
      "load_exit": "52",
      "main_scheme_name": "52",
      "metrics_avg_maturity": "52",
      "metrics_beta": "52",
      "metrics_information_ratio": "52",
      "metrics_macaulay": "52",
      "metrics_mod_duration": "52",
      "metrics_port_turnover_ratio": "52",
      "metrics_r_squared_ratio": "52",
      "metrics_sharpe": "52",
      "metrics_ytm": "52",
      "min_addl_amt": "52",
      "min_addl_amt_multiple": "52",
      "min_amt": "52",
      "min_amt_multiple": "52",
      "monthly_aaum_date": "52",
      "mutual_fund_name": "52",
      "scheme_launch_date": "52"
     }
    ],
    "fund_manager": [
     {
      "managing_fund_since": "",
      "name": "Mr. Harshad Borawake",
      "qualification": "",
      "total_exp": ""
     },
     {
      "managing_fund_since": "",
      "name": "Mr. Vrijesh Kasera",
      "qualification": "",
      "total_exp": ""
     }
    ],
    "load": [
     {
      "comment": ": Please refer page no.18 Mahindra & Mahindra Limited Plan Available : Regular and Direct Plan Others Equity Holdings Total",
      "type": "exit"
     }
    ],
    "main_scheme_name": "MIRAE ASSET EQUITY SAVINGS FUND",
    "metrics": [
     {
      "name": "sharpe",
      "value": "0.48"
     },
     {
      "name": "beta",
      "value": "1.10"
     },
     {
      "name": "ytm",
      "value": "6.89%"
     },
     {
      "name": "port_turnover_ratio",
      "value": "4.56 Time"
     },
     {
      "name": "r_squared_ratio",
      "value": "0.87"
     },
     {
      "name": "mod_duration",
      "value": "2.74 Years"
     },
     {
      "name": "avg_maturity",
      "value": "3.50 Years"
     },
     {
      "name": "macaulay",
      "value": "2.86 Years"
     },
     {
      "name": "information_ratio",
      "value": "0.14"
     }
    ],
    "min_addl_amt": "₹ 1,000",
    "min_addl_amt_multiple": "₹ 1",
    "min_amt": "₹ 5,000",
    "min_amt_multiple": "₹ 1",
    "monthly_aaum_date": "20250131",
    "mutual_fund_name": "Mirae Asset Mutual Fund",
    "scheme_launch_date": "17 TH DECEMBER, 2018"
   }
  },
  {
   "value": {
    "amc_name": "Mirae Asset Investment Managers (India) Private Limited",
    "benchmark_index": [
     ": NIFTY 50 Arbitrage Index TVS Motor Company Limited REC Limited"
    ],
    "field_location": [
     {
      "amc_name": "53",
      "benchmark_index": "53",
      "count": 26,
      "fund_manager_name": "53",
      "load_exit": "53",
      "main_scheme_name": "53",
      "metrics_avg_maturity": "53",
      "metrics_macaulay": "53",
      "metrics_mod_duration": "53",
      "metrics_port_turnover_ratio": "53",
      "metrics_ytm": "53",
      "min_amt": "53",
      "monthly_aaum_date": "53",
      "mutual_fund_name": "53",
      "scheme_launch_date": "53"
     }
    ],
    "fund_manager": [
     {
      "managing_fund_since": "",
      "name": "Mr. Jignesh Rao",
      "qualification": "",
      "total_exp": ""
     },
     {
      "managing_fund_since": "",
      "name": "Mr. Jigar Sethia",
      "qualification": "",
      "total_exp": ""
     }
    ],
    "load": [
     {
      "comment": ": Please refer page no.18 Vodafone Idea Limited IDFC First Bank Limited Plan Available : Regular and Direct Plan Bharat Electronics Limited Others",
      "type": "exit"
     }
    ],
    "main_scheme_name": "MIRAE ASSET ARBITRAGE FUND",
    "metrics": [
     {
      "name": "ytm",
      "value": "6.57%"
     },
     {
      "name": "port_turnover_ratio",
      "value": "19.26 Time"
     },
     {
      "name": "mod_duration",
      "value": "0.06 Years"
     },
     {
      "name": "avg_maturity",
      "value": "0.06 Years"
     },
     {
      "name": "macaulay",
      "value": "0.06 Years"
     }
    ],
    "min_amt": "10,000",
    "monthly_aaum_date": "20250131",
    "mutual_fund_name": "Mirae Asset Mutual Fund",
    "scheme_launch_date": "19 TH JUNE, 2020"
   }
  },
  {
   "value": {
    "amc_name": "Mirae Asset Investment Managers (India) Private Limited",
    "benchmark_index": [
     ": Nifty 50 Hybrid Composite Debt Infosys Limited 50:50 Index State Bank of India"
    ],
    "field_location": [
     {
      "amc_name": "54",
      "benchmark_index": "54",
      "count": 26,
      "fund_manager_name": "54",
      "load_exit": "54",
      "main_scheme_name": "54",
      "metrics_avg_maturity": "54",
      "metrics_macaulay": "54",
      "metrics_mod_duration": "54",
      "metrics_port_turnover_ratio": "54",
      "metrics_ytm": "54",
      "min_addl_amt": "54",
      "min_addl_amt_multiple": "54",
      "min_amt": "54",
      "min_amt_multiple": "54",
      "monthly_aaum_date": "54",
      "mutual_fund_name": "54",
      "scheme_launch_date": "54"
     }
    ],
    "fund_manager": [
     {
      "managing_fund_since": "",
      "name": "Mr. Harshad Borawake",
      "qualification": "",
      "total_exp": ""
     },
     {
      "managing_fund_since": "",
      "name": "Mr. Mahendra Jajoo",
      "qualification": "",
      "total_exp": ""
     }
    ],
    "load": [
     {
      "comment": ": Please refer page no.19 Axis Bank Limited Mahindra & Mahindra Limited Plan Available : Regular and Direct Plan Larsen & Toubro Limited Others",
      "type": "exit"
     }
    ],
    "main_scheme_name": "MIRAE ASSET BALANCED ADVANTAGE FUND",
    "metrics": [
     {
      "name": "ytm",
      "value": "6.94%"
     },
     {
      "name": "port_turnover_ratio",
      "value": "2.94 Time"
     },
     {
      "name": "mod_duration",
      "value": "2.98 Years"
     },
     {
      "name": "avg_maturity",
      "value": "3.85 Years"
     },
     {
      "name": "macaulay",
      "value": "3.11 Years"
     }
    ],
    "min_addl_amt": "₹ 1,000",
    "min_addl_amt_multiple": "₹ 1",
    "min_amt": "₹ 5,000",
    "min_amt_multiple": "₹ 1",
    "monthly_aaum_date": "20250131",
    "mutual_fund_name": "Mirae Asset Mutual Fund",
    "scheme_launch_date": "11 TH AUGUST, 2022"
   }
  },
  {
   "value": {
    "amc_name": "Mirae Asset Investment Managers (India) Private Limited",
    "benchmark_index": [
     ": 65% Nifty 500 (TRI) + 25% Nifty Short NTPC Limited Duration Debt Index + 7.5% Domestic Others"
    ],
    "field_location": [
     {
      "amc_name": "55",
      "benchmark_index": "55",
      "count": 26,
      "fund_manager_name": "55",
      "load_exit": "55",
      "main_scheme_name": "55",
      "metrics_avg_maturity": "55",
      "metrics_macaulay": "55",
      "metrics_mod_duration": "55",
      "metrics_port_turnover_ratio": "55",
      "metrics_ytm": "55",
      "min_addl_amt": "55",
      "min_addl_amt_multiple": "55",
      "min_amt": "55",
      "min_amt_multiple": "55",
      "monthly_aaum_date": "55",
      "mutual_fund_name": "55",
      "scheme_launch_date": "55"
     }
    ],
    "fund_manager": [
     {
      "managing_fund_since": "",
      "name": "Mr. Harshad Borawake",
      "qualification": "",
      "total_exp": ""
     },
     {
      "managing_fund_since": "",
      "name": "Mr. Amit Modani",
      "qualification": "",
      "total_exp": ""
     }
    ],
    "load": [
     {
      "comment": ": Please refer page no.19 Corporate Bond National Bank For Agriculture and Rural Plan Available : Regular and Direct Plan Development",
      "type": "exit"
     }
    ],
    "main_scheme_name": "MIRAE ASSET MULTI ASSET ALLOCATION FUND",
    "metrics": [
     {
      "name": "ytm",
      "value": "6.79%"
     },
     {
      "name": "port_turnover_ratio",
      "value": "2.93 Time"
     },
     {
      "name": "mod_duration",
      "value": "4.38 Years"
     },
     {
      "name": "avg_maturity",
      "value": "5.93 Years"
     },
     {
      "name": "macaulay",
      "value": "4.58 Years"
     }
    ],
    "min_addl_amt": "₹ 1,000",
    "min_addl_amt_multiple": "₹ 1",
    "min_amt": "₹ 5,000",
    "min_amt_multiple": "₹ 1",
    "monthly_aaum_date": "20250131",
    "mutual_fund_name": "Mirae Asset Mutual Fund",
    "scheme_launch_date": "20240131"
   }
  }
 ]
}