{
 "metadata": {
  "document_name": "28_31-Jan-2025_1_FS.pdf",
  "file_type": "fs",
  "process_date": "20250211"
 },
 "records": [
  {
   "value": {
    "amc_name": "Motilal Oswal Asset Management Company Limited",
    "benchmark_index": [
     "NASDAQ-100 TRI"
    ],
    "field_location": [
     {
      "amc_name": "4",
      "benchmark_index": "4",
      "count": 41,
      "fund_manager_managing_fund_since": "4",
      "fund_manager_name": "4",
      "fund_manager_total_exp": "4",
      "load_entry": "4",
      "load_exit": "4",
      "main_scheme_name": "4",
      "min_addl_amt": "4",
      "min_addl_amt_multiple": "4",
      "min_amt": "4",
      "min_amt_multiple": "4",
      "monthly_aaum_date": "4",
      "monthly_aaum_value": "4",
      "mutual_fund_name": "4",
      "scheme_launch_date": "4"
     }
    ],
    "fund_manager": [
     {
      "managing_fund_since": "26-july-2019",
      "name": "Mr. Swapnil Mayekar",
      "qualification": "",
      "total_exp": "13 years"
     },
     {
      "managing_fund_since": "15-oct-2024",
      "name": "Mr. Dishant Mehta",
      "qualification": "",
      "total_exp": "11 years"
     },
     {
      "managing_fund_since": "22-nov-2022",
      "name": "Mr. Rakesh Shetty",
      "qualification": "",
      "total_exp": "14 years"
     },
     {
      "managing_fund_since": "",
      "name": "Expenses Ratio",
      "qualification": "",
      "total_exp": ""
     }
    ],
    "load": [
     {
      "comment": "/",
      "type": "entry"
     },
     {
      "comment": "Entry Load: Nil Exit Load: 1%- If redeemed on or before 15 days from the date of allotment. Nil- If redeemed after 15 days from the date of allotment. Inception Date 29-Nov-2018 NAV Regular Plan Growth Option : ` 42.7401 Direct Plan Growth Option : ` 43.7821 Scheme Statistics Monthly AAUM ` 6,300.85 ( ` cr) Latest AUM (31-Jan-2025) ` 6,256.58 ( ` cr)",
      "type": "exit"
     }
    ],
    "main_scheme_name": "Motilal Oswal Nasdaq 100 Fund of Fund",
    "min_addl_amt": "500",
    "min_addl_amt_multiple": "1",
    "min_amt": "500",
    "min_amt_multiple": "1",
    "monthly_aaum_date": "20250131",
    "monthly_aaum_value": "6,300.85",
    "mutual_fund_name": "Motilal Oswal Mutual Fund",
    "scheme_launch_date": "20181129"
   }
  },
  {
   "value": {
    "amc_name": "Motilal Oswal Asset Management Company Limited",
    "benchmark_index": [
     "Fund Nifty 500 Index TRI"
    ],
    "field_location": [
     {
      "amc_name": "5",
      "benchmark_index": "5",
      "count": 41,
      "fund_manager_managing_fund_since": "5",
      "fund_manager_name": "5",
      "fund_manager_total_exp": "5",
      "load_entry": "5",
      "load_exit": "5",
      "main_scheme_name": "5",
      "metrics_beta": "5",
      "metrics_port_turnover_ratio": "5",
      "metrics_sharpe": "5",
      "metrics_std_dev": "5",
      "metrics_tracking_error": "5",
      "min_addl_amt": "5",
      "min_addl_amt_multiple": "5",
      "min_amt": "5",
      "min_amt_multiple": "5",
      "monthly_aaum_date": "5",
      "monthly_aaum_value": "5",
      "mutual_fund_name": "5",
      "scheme_launch_date": "5"
     }
    ],
    "fund_manager": [
     {
      "managing_fund_since": "inception",
      "name": "Mr. Swapnil Mayekar",
      "qualification": "",
      "total_exp": "13 years"
     },
     {
      "managing_fund_since": "20-dec-2024",
      "name": "Mr. Dishant Mehta",
      "qualification": "",
      "total_exp": "1 years"
     },
     {
      "managing_fund_since": "",
      "name": "Mr. Rakesh Shetty",
      "qualification": "",
      "total_exp": "14 years"
     },
     {
      "managing_fund_since": "",
      "name": "Expenses Ratio",
      "qualification": "",
      "total_exp": ""
     }
    ],
    "load": [
     {
      "comment": "/",
      "type": "entry"
     },
     {
      "comment": "Entry Load: Nil Exit Load: 1%- If redeemed on or before 15 days from the date of allotment. Nil- If redeemed after 15 days from the date of allotment. Inception Date 6-Sep-2019 NAV Regular Plan Growth Option : ` 23.9766 Direct Plan Growth Option : ` 24.8499 Scheme Statistics Monthly AAUM ` 2,034.76 ( ` cr) Latest AUM (31-Jan-2025) ` 2,039.81 ( ` cr) Beta 1.0",
      "type": "exit"
     }
    ],
    "main_scheme_name": "Motilal Oswal Nifty 500 Index Fund",
    "metrics": [
     {
      "name": "sharpe",
      "value": "0.5"
     },
     {
      "name": "std_dev",
      "value": "13.6%"
     },
     {
      "name": "beta",
      "value": "1.0"
     },
     {
      "name": "tracking_error",
      "value": "31,"
     },
     {
      "name": "port_turnover_ratio",
      "value": "0.21"
     }
    ],
    "min_addl_amt": "Rs 500",
    "min_addl_amt_multiple": "Rs 1",
    "min_amt": "Rs 500",
    "min_amt_multiple": "Rs 1",
    "monthly_aaum_date": "20250131",
    "monthly_aaum_value": "2,034.76",
    "mutual_fund_name": "Motilal Oswal Mutual Fund",
    "scheme_launch_date": "20190906"
   }
  },
  {
   "value": {
    "amc_name": "Motilal Oswal Asset Management Company Limited",
    "benchmark_index": [
     "Nifty Midcap 150 Index TRI"
    ],
    "field_location": [
     {
      "amc_name": "6",
      "benchmark_index": "6",
      "count": 41,
      "fund_manager_managing_fund_since": "6",
      "fund_manager_name": "6",
      "fund_manager_total_exp": "6",
      "load_entry": "6",
      "load_exit": "6",
      "main_scheme_name": "6",
      "metrics_beta": "6",
      "metrics_port_turnover_ratio": "6",
      "metrics_sharpe": "6",
      "metrics_std_dev": "6",
      "metrics_tracking_error": "6",
      "min_addl_amt": "6",
      "min_addl_amt_multiple": "6",
      "min_amt": "6",
      "min_amt_multiple": "6",
      "monthly_aaum_date": "6",
      "monthly_aaum_value": "6",
      "mutual_fund_name": "6",
      "scheme_launch_date": "6"
     }
    ],
    "fund_manager": [
     {
      "managing_fund_since": "inception",
      "name": "Mr. Swapnil Mayekar",
      "qualification": "",
      "total_exp": "13 years"
     },
     {
      "managing_fund_since": "20-dec-2024",
      "name": "Mr. Dishant Mehta",
      "qualification": "",
      "total_exp": "1 years"
     },
     {
      "managing_fund_since": "",
      "name": "Mr. Rakesh Shetty",
      "qualification": "",
      "total_exp": "14 years"
     },
     {
      "managing_fund_since": "",
      "name": "Expenses Ratio",
      "qualification": "",
      "total_exp": ""
     }
    ],
    "load": [
     {
      "comment": "/",
      "type": "entry"
     },
     {
      "comment": "Entry Load: Nil Exit Load: 1% - If redeemed on or before 15 days from the date of allotment. Nil - If redeemed after 15 days from the date of allotment. Inception Date 6-Sep-2019 NAV Regular Growth Plan : ` 34.3891 Direct Growth Plan : ` 35.7596 Scheme Statistics Monthly AAUM ` 1,995.11 ( ` cr) Latest AUM (31-Jan-2025) ` 1,981.68 ( ` cr) Beta 1.0",
      "type": "exit"
     }
    ],
    "main_scheme_name": "Motilal Oswal Nifty Midcap 150 Index Fund",
    "metrics": [
     {
      "name": "sharpe",
      "value": "0.8"
     },
     {
      "name": "std_dev",
      "value": "16.0%"
     },
     {
      "name": "beta",
      "value": "1.0"
     },
     {
      "name": "tracking_error",
      "value": "0.1"
     },
     {
      "name": "port_turnover_ratio",
      "value": "0.34"
     }
    ],
    "min_addl_amt": "Rs 500",
    "min_addl_amt_multiple": "Rs 1",
    "min_amt": "Rs 500",
    "min_amt_multiple": "Rs 1",
    "monthly_aaum_date": "20250131",
    "monthly_aaum_value": "1,995.11",
    "mutual_fund_name": "Motilal Oswal Mutual Fund",
    "scheme_launch_date": "20190906"
   }
  },
  {
   "value": {
    "amc_name": "Motilal Oswal Asset Management Company Limited",
    "benchmark_index": [
     "Fund Nifty Smallcap 250 TRI"
    ],
    "field_location": [
     {
      "amc_name": "7",
      "benchmark_index": "7",
      "count": 41,
      "fund_manager_managing_fund_since": "7",
      "fund_manager_name": "7",
      "fund_manager_total_exp": "7",
      "load_entry": "7",
      "load_exit": "7",
      "main_scheme_name": "7",
      "metrics_beta": "7",
      "metrics_port_turnover_ratio": "7",
      "metrics_sharpe": "7",
      "metrics_std_dev": "7",
      "metrics_tracking_error": "7",
      "min_addl_amt": "7",
      "min_addl_amt_multiple": "7",
      "min_amt": "7",
      "min_amt_multiple": "7",
      "monthly_aaum_date": "7",
      "monthly_aaum_value": "7",
      "mutual_fund_name": "7",
      "scheme_launch_date": "7"
     }
    ],
    "fund_manager": [
     {
      "managing_fund_since": "inception",
      "name": "Mr. Swapnil Mayekar",
      "qualification": "",
      "total_exp": "13 years"
     },
     {
      "managing_fund_since": "20-dec-2024",
      "name": "Mr. Dishant Mehta",
      "qualification": "",
      "total_exp": "1 years"
     },
     {
      "managing_fund_since": "",
      "name": "Mr. Rakesh Shetty",
      "qualification": "",
      "total_exp": "14 years"
     },
     {
      "managing_fund_since": "",
      "name": "Expenses Ratio",
      "qualification": "",
      "total_exp": ""
     }
    ],
    "load": [
     {
      "comment": "/",
      "type": "entry"
     },
     {
      "comment": "Entry Load: Nil Exit Load: 1% - If redeemed on or before 15 days from the date of allotment. Nil - If redeemed after 15 days from the date of allotment. Inception Date 6-Sep-2019 NAV Regular Growth Plan : ` 34.0515 Direct Growth Plan : ` 35.3402 Scheme Statistics Monthly AAUM ` 829.55 ( ` cr) Latest AUM (31-Jan-2025) ` 796.09 ( ` cr) Beta 1.0",
      "type": "exit"
     }
    ],
    "main_scheme_name": "Motilal Oswal Nifty Smallcap 250 Index Fund",
    "metrics": [
     {
      "name": "sharpe",
      "value": "0.5"
     },
     {
      "name": "std_dev",
      "value": "19.1%"
     },
     {
      "name": "beta",
      "value": "1.0"
     },
     {
      "name": "tracking_error",
      "value": "0.1"
     },
     {
      "name": "port_turnover_ratio",
      "value": "0.55"
     }
    ],
    "min_addl_amt": "Rs 500",
    "min_addl_amt_multiple": "Rs 1",
    "min_amt": "Rs 500",
    "min_amt_multiple": "Rs 1",
    "monthly_aaum_date": "20250131",
    "monthly_aaum_value": "829.55",
    "mutual_fund_name": "Motilal Oswal Mutual Fund",
    "scheme_launch_date": "20190906"
   }
  },
  {
   "value": {
    "amc_name": "Motilal Oswal Asset Management Company Limited",
    "benchmark_index": [
     "Fund Nifty Bank TRI"
    ],
    "field_location": [
     {
      "amc_name": "8",
      "benchmark_index": "8",
      "count": 41,
      "fund_manager_managing_fund_since": "8",
      "fund_manager_name": "8",
      "fund_manager_total_exp": "8",
      "load_entry": "8",
      "load_exit": "8",
      "main_scheme_name": "8",
      "metrics_beta": "8",
      "metrics_port_turnover_ratio": "8",
      "metrics_sharpe": "8",
      "metrics_std_dev": "8",
      "metrics_tracking_error": "8",
      "min_addl_amt": "8",
      "min_addl_amt_multiple": "8",
      "min_amt": "8",
      "min_amt_multiple": "8",
      "monthly_aaum_date": "8",
      "monthly_aaum_value": "8",
      "mutual_fund_name": "8",
      "scheme_launch_date": "8"
     }
    ],
    "fund_manager": [
     {
      "managing_fund_since": "inception",
      "name": "Mr. Swapnil Mayekar",
      "qualification": "",
      "total_exp": "13 years"
     },
     {
      "managing_fund_since": "20-dec-2024",
      "name": "Mr. Dishant Mehta",
      "qualification": "",
      "total_exp": "1 years"
     },
     {
      "managing_fund_since": "",
      "name": "Mr. Rakesh Shetty",
      "qualification": "",
      "total_exp": "14 years"
     },
     {
      "managing_fund_since": "",
      "name": "Expenses Ratio",
      "qualification": "",
      "total_exp": ""
     }
    ],
    "load": [
     {
      "comment": "/",
      "type": "entry"
     },
     {
      "comment": "Entry Load: Nil Exit Load: 1%- If redeemed on or before 15 days from the date of allotment. Nil- If redeemed after 15 days from the date of allotment. Inception Date 6-Sep-2019 NAV Regular Plan Growth Option : ` 17.5961 Direct Plan Growth Option : ` 18.2707 Scheme Statistics Monthly AAUM ` 583.95 ( ` cr) Latest AUM (31-Jan-2025) ` 585.68 ( ` cr) Beta 1.0",
      "type": "exit"
     }
    ],
    "main_scheme_name": "Motilal Oswal Nifty Bank Index Fund",
    "metrics": [
     {
      "name": "sharpe",
      "value": "0.2"
     },
     {
      "name": "std_dev",
      "value": "14.3%"
     },
     {
      "name": "beta",
      "value": "1.0"
     },
     {
      "name": "tracking_error",
      "value": "31,"
     },
     {
      "name": "port_turnover_ratio",
      "value": "0.32"
     }
    ],
    "min_addl_amt": "Rs 500",
    "min_addl_amt_multiple": "Rs 1",
    "min_amt": "Rs 500",
    "min_amt_multiple": "Rs 1",
    "monthly_aaum_date": "20250131",
    "monthly_aaum_value": "583.95",
    "mutual_fund_name": "Motilal Oswal Mutual Fund",
    "scheme_launch_date": "20190906"
   }
  },
  {
   "value": {
    "amc_name": "Motilal Oswal Asset Management Company Limited",
    "benchmark_index": [
     "Fund Nifty 50 TRI"
    ],
    "field_location": [
     {
      "amc_name": "9",
      "benchmark_index": "9",
      "count": 41,
      "fund_manager_managing_fund_since": "9",
      "fund_manager_name": "9",
      "fund_manager_total_exp": "9",
      "load_entry": "9",
      "load_exit": "9",
      "main_scheme_name": "9",
      "metrics_beta": "9",
      "metrics_port_turnover_ratio": "9",
      "metrics_sharpe": "9",
      "metrics_std_dev": "9",
      "metrics_tracking_error": "9",
      "min_addl_amt": "9",
      "min_addl_amt_multiple": "9",
      "min_amt": "9",
      "min_amt_multiple": "9",
      "monthly_aaum_date": "9",
      "monthly_aaum_value": "9",
      "mutual_fund_name": "9",
      "scheme_launch_date": "9"
     }
    ],
    "fund_manager": [
     {
      "managing_fund_since": "inception",
      "name": "Mr. Swapnil Mayekar",
      "qualification": "",
      "total_exp": "13 years"
     },
     {
      "managing_fund_since": "20-dec-2024",
      "name": "Mr. Dishant Mehta",
      "qualification": "",
      "total_exp": "1 years"
     },
     {
      "managing_fund_since": "",
      "name": "Mr. Rakesh Shetty",
      "qualification": "",
      "total_exp": "14 years"
     },
     {
      "managing_fund_since": "",
      "name": "Expenses Ratio",
      "qualification": "",
      "total_exp": ""
     }
    ],
    "load": [
     {
      "comment": "/",
      "type": "entry"
     },
     {
      "comment": "Entry Load: Nil Exit Load: Nil Inception Date 23-Dec-2019 NAV Regular Plan Growth Option : ` 19.7426 Direct Plan Growth Option : ` 20.1616 Scheme Statistics Monthly AAUM ` 582.61 ( ` cr) Latest AUM (31-Jan-2025) ` 598.24 ( ` cr) Beta 1.0",
      "type": "exit"
     }
    ],
    "main_scheme_name": "Motilal Oswal Nifty 50 Index Fund",
    "metrics": [
     {
      "name": "sharpe",
      "value": "0.4"
     },
     {
      "name": "std_dev",
      "value": "12.6%"
     },
     {
      "name": "beta",
      "value": "1.0"
     },
     {
      "name": "tracking_error",
      "value": "0.05"
     },
     {
      "name": "port_turnover_ratio",
      "value": "0.13"
     }
    ],
    "min_addl_amt": "Rs 500",
    "min_addl_amt_multiple": "Rs 1",
    "min_amt": "Rs 500",
    "min_amt_multiple": "Rs 1",
    "monthly_aaum_date": "20250131",
    "monthly_aaum_value": "582.61",
    "mutual_fund_name": "Motilal Oswal Mutual Fund",
    "scheme_launch_date": "20191223"
   }
  },
  {
   "value": {
    "amc_name": "Motilal Oswal Asset Management Company Limited",
    "benchmark_index": [
     "Fund Nifty Next 50 TRI"
    ],
    "field_location": [
     {
      "amc_name": "10",
      "benchmark_index": "10",
      "count": 41,
      "fund_manager_managing_fund_since": "10",
      "fund_manager_name": "10",
      "fund_manager_total_exp": "10",
      "load_entry": "10",
      "load_exit": "10",
      "main_scheme_name": "10",
      "metrics_beta": "10",
      "metrics_port_turnover_ratio": "10",
      "metrics_sharpe": "10",
      "metrics_std_dev": "10",
      "metrics_tracking_error": "10",
      "min_addl_amt": "10",
      "min_addl_amt_multiple": "10",
      "min_amt": "10",
      "min_amt_multiple": "10",
      "monthly_aaum_date": "10",
      "monthly_aaum_value": "10",
      "mutual_fund_name": "10",
      "scheme_launch_date": "10"
     }
    ],
    "fund_manager": [
     {
      "managing_fund_since": "inception",
      "name": "Mr. Swapnil Mayekar",
      "qualification": "",
      "total_exp": "13 years"
     },
     {
      "managing_fund_since": "15-oct-2024",
      "name": "Mr. Dishant Mehta",
      "qualification": "",
      "total_exp": "11 years"
     },
     {
      "managing_fund_since": "20-dec-2024",
      "name": "Mr. Rakesh Shetty",
      "qualification": "",
      "total_exp": "14 years"
     },
     {
      "managing_fund_since": "",
      "name": "Expenses Ratio",
      "qualification": "",
      "total_exp": ""
     }
    ],
    "load": [
     {
      "comment": "/",
      "type": "entry"
     },
     {
      "comment": "Entry Load: Nil Exit Load: 1% - If redeemed on or before 15 days from the date of allotment. Nil - If redeemed after 15 days from the date of allotment. Inception Date 23-Dec-2019 NAV Regular Plan Growth Option : ` 21.7108 Direct Plan Growth Option : ` 22.4714 Scheme Statistics Monthly AAUM ` 288.64 ( ` cr) Latest AUM (31-Jan-2025) ` 288.85 ( ` cr) Beta 1.0",
      "type": "exit"
     }
    ],
    "main_scheme_name": "Motilal Oswal Nifty Next 50 Index Fund",
    "metrics": [
     {
      "name": "sharpe",
      "value": "0.5"
     },
     {
      "name": "std_dev",
      "value": "18.5%"
     },
     {
      "name": "beta",
      "value": "1.0"
     },
     {
      "name": "tracking_error",
      "value": "0.1"
     },
     {
      "name": "port_turnover_ratio",
      "value": "0.77"
     }
    ],
    "min_addl_amt": "Rs 500",
    "min_addl_amt_multiple": "Rs 1",
    "min_amt": "Rs 500",
    "min_amt_multiple": "Rs 1",
    "monthly_aaum_date": "20250131",
    "monthly_aaum_value": "288.64",
    "mutual_fund_name": "Motilal Oswal Mutual Fund",
    "scheme_launch_date": "20191223"
   }
  },
  {
   "value": {
    "amc_name": "Motilal Oswal Asset Management Company Limited",
    "benchmark_index": [
     "S&P 500 Index TRI"
    ],
    "field_location": [
     {
      "amc_name": "11",
      "benchmark_index": "11",
      "count": 41,
      "fund_manager_managing_fund_since": "11",
      "load_entry": "11",
      "load_exit": "11",
      "main_scheme_name": "11",
      "metrics_beta": "11",
      "metrics_port_turnover_ratio": "11",
      "metrics_sharpe": "11",
      "metrics_std_dev": "11",
      "metrics_tracking_error": "11",
      "min_addl_amt": "11",
      "min_addl_amt_multiple": "11",
      "min_amt": "11",
      "min_amt_multiple": "11",
      "monthly_aaum_date": "11",
      "monthly_aaum_value": "11",
      "mutual_fund_name": "11",
      "scheme_launch_date": "11"
     }
    ],
    "fund_manager": [
     {
      "managing_fund_since": "22-nov-2022",
      "name": "",
      "qualification": "",
      "total_exp": ""
     }
    ],
    "load": [
     {
      "comment": "/",
      "type": "entry"
     },
     {
      "comment": "Entry Load: Nil Exit Load: 1%- If redeemed on or before 7 days from the date of allotment. Nil- If redeemed after 7 days from the date of allotment Inception Date 28-Apr-2020 NAV Regular Plan Growth Option : ` 23.3910 Direct Plan Growth Option : ` 24.0562 Scheme Statistics Monthly AAUM ` 3,830.27 ( ` cr) Latest AUM (31-Jan-2025) ` 3,880.36 ( ` cr) Beta 1.0",
      "type": "exit"
     }
    ],
    "main_scheme_name": "Motilal Oswal S&P 500 Index Fund",
    "metrics": [
     {
      "name": "sharpe",
      "value": "0.7"
     },
     {
      "name": "std_dev",
      "value": "13.8%"
     },
     {
      "name": "beta",
      "value": "1.0"
     },
     {
      "name": "tracking_error",
      "value": "31,"
     },
     {
      "name": "port_turnover_ratio",
      "value": "0.05"
     }
    ],
    "min_addl_amt": "500",
    "min_addl_amt_multiple": "1",
    "min_amt": "Rs 500",
    "min_amt_multiple": "Rs 1",
    "monthly_aaum_date": "20250131",
    "monthly_aaum_value": "3,830.27",
    "mutual_fund_name": "Motilal Oswal Mutual Fund",
    "scheme_launch_date": "20200428"
   }
  },
  {
   "value": {
    "amc_name": "Motilal Oswal Asset Management Company Limited",
    "benchmark_index": [
     "Nifty 50 TRI"
    ],
    "field_location": [
     {
      "amc_name": "12",
      "benchmark_index": "12",
      "count": 41,
      "fund_manager_managing_fund_since": "12",
      "fund_manager_name": "12",
      "fund_manager_total_exp": "12",
      "load_entry": "12",
      "load_exit": "12",
      "main_scheme_name": "12",
      "metrics_beta": "12",
      "metrics_port_turnover_ratio": "12",
      "metrics_sharpe": "12",
      "metrics_std_dev": "12",
      "metrics_tracking_error": "12",
      "monthly_aaum_date": "12",
      "monthly_aaum_value": "12",
      "mutual_fund_name": "12",
      "scheme_launch_date": "12"
     }
    ],
    "fund_manager": [
     {
      "managing_fund_since": "26-july-2019",
      "name": "Mr. Swapnil Mayekar",
      "qualification": "",
      "total_exp": "13 years"
     },
     {
      "managing_fund_since": "20-dec-2024",
      "name": "Mr. Dishant Mehta",
      "qualification": "",
      "total_exp": "1 years"
     },
     {
      "managing_fund_since": "",
      "name": "Mr. Rakesh Shetty",
      "qualification": "",
      "total_exp": "14 years"
     },
     {
      "managing_fund_since": "",
      "name": "Expenses Ratio",
      "qualification": "",
      "total_exp": ""
     }
    ],
    "load": [
     {
      "comment": "/",
      "type": "entry"
     },
     {
      "comment": "Entry Load: Nil Exit Load : Nil Inception Date 28-Jul-2010 NAV ` 241.5727 (Per Unit) Scheme Statistics Monthly AAUM ` 48.53 ( ` cr) Latest AUM (31-Jan-2025) ` 48.91 ( ` cr) Beta 1.0",
      "type": "exit"
     }
    ],
    "main_scheme_name": "Motilal Oswal Nifty 50 ETF",
    "metrics": [
     {
      "name": "sharpe",
      "value": "0.4"
     },
     {
      "name": "std_dev",
      "value": "12.5%"
     },
     {
      "name": "beta",
      "value": "1.0"
     },
     {
      "name": "tracking_error",
      "value": "31,"
     },
     {
      "name": "port_turnover_ratio",
      "value": "0.12"
     }
    ],
    "monthly_aaum_date": "20250131",
    "monthly_aaum_value": "48.53",
    "mutual_fund_name": "Motilal Oswal Mutual Fund",
    "scheme_launch_date": "20100728"
   }
  },
  {
   "value": {
    "amc_name": "Motilal Oswal Asset Management Company Limited",
    "benchmark_index": [
     "Nifty Midcap 100 TRI"
    ],
    "field_location": [
     {
      "amc_name": "13",
      "benchmark_index": "13",
      "count": 41,
      "fund_manager_managing_fund_since": "13",
      "fund_manager_name": "13",
      "fund_manager_total_exp": "13",
      "load_entry": "13",
      "load_exit": "13",
      "main_scheme_name": "13",
      "metrics_beta": "13",
      "metrics_port_turnover_ratio": "13",
      "metrics_sharpe": "13",
      "metrics_std_dev": "13",
      "metrics_tracking_error": "13",
      "monthly_aaum_date": "13",
      "monthly_aaum_value": "13",
      "mutual_fund_name": "13",
      "scheme_launch_date": "13"
     }
    ],
    "fund_manager": [
     {
      "managing_fund_since": "26-july-2019",
      "name": "Mr. Swapnil Mayekar",
      "qualification": "",
      "total_exp": "13 years"
     },
     {
      "managing_fund_since": "20-dec-2024",
      "name": "Mr. Dishant Mehta",
      "qualification": "",
      "total_exp": "1 years"
     },
     {
      "managing_fund_since": "",
      "name": "Mr. Rakesh Shetty",
      "qualification": "",
      "total_exp": "14 years"
     },
     {
      "managing_fund_since": "",
      "name": "Expenses Ratio",
      "qualification": "",
      "total_exp": ""
     }
    ],
    "load": [
     {
      "comment": "/",
      "type": "entry"
     },
     {
      "comment": "Entry Load: Nil Exit Load : Nil Inception Date 31-Jan-2011 NAV ` 57.5098 (Per Unit) Scheme Statistics Monthly AAUM ` 528.30 ( ` cr) Latest AUM (31-Jan-2025) ` 529.98 ( ` cr) Beta 1.0",
      "type": "exit"
     }
    ],
    "main_scheme_name": "Motilal Oswal Nifty Midcap 100 ETF",
    "metrics": [
     {
      "name": "sharpe",
      "value": "0.9"
     },
     {
      "name": "std_dev",
      "value": "16.8%"
     },
     {
      "name": "beta",
      "value": "1.0"
     },
     {
      "name": "tracking_error",
      "value": "31,"
     },
     {
      "name": "port_turnover_ratio",
      "value": "0.41"
     }
    ],
    "monthly_aaum_date": "20250131",
    "monthly_aaum_value": "528.30",
    "mutual_fund_name": "Motilal Oswal Mutual Fund",
    "scheme_launch_date": "20110131"
   }
  },
  {
   "value": {
    "amc_name": "Motilal Oswal Asset Management Company Limited",
    "benchmark_index": [
     "NASDAQ - 100 TRI"
    ],
    "field_location": [
     {
      "amc_name": "14",
      "benchmark_index": "14",
      "count": 41,
      "fund_manager_managing_fund_since": "14",
      "fund_manager_name": "14",
      "load_entry": "14",
      "load_exit": "14",
      "main_scheme_name": "14",
      "metrics_beta": "14",
      "metrics_port_turnover_ratio": "14",
      "metrics_sharpe": "14",
      "metrics_std_dev": "14",
      "metrics_tracking_error": "14",
      "monthly_aaum_date": "14",
      "monthly_aaum_value": "14",
      "mutual_fund_name": "14",
      "scheme_launch_date": "14"
     }
    ],
    "fund_manager": [
     {
      "managing_fund_since": "july 1, 2024",
      "name": "Mr. Sunil Sawant",
      "qualification": "",
      "total_exp": ""
     },
     {
      "managing_fund_since": "",
      "name": "Expenses Ratio",
      "qualification": "",
      "total_exp": ""
     }
    ],
    "load": [
     {
      "comment": "/",
      "type": "entry"
     },
     {
      "comment": "Entry Load: Nil Exit Load : Nil Inception Date 29-Mar-2011 NAV ` 181.6957 (Per Unit) Scheme Statistics Monthly AAUM ` 9,063.11 ( ` cr) Latest AUM (31-Jan-2025) ` 9,173.54 ( ` cr) Beta 1.0",
      "type": "exit"
     }
    ],
    "main_scheme_name": "Motilal Oswal Nasdaq 100 ETF",
    "metrics": [
     {
      "name": "sharpe",
      "value": "0.7"
     },
     {
      "name": "std_dev",
      "value": "17.6%"
     },
     {
      "name": "beta",
      "value": "1.0"
     },
     {
      "name": "tracking_error",
      "value": "0.1"
     },
     {
      "name": "port_turnover_ratio",
      "value": "0.15"
     }
    ],
    "monthly_aaum_date": "20250131",
    "monthly_aaum_value": "9,063.11",
    "mutual_fund_name": "Motilal Oswal Mutual Fund",
    "scheme_launch_date": "20110329"
   }
  },
  {
   "value": {
    "amc_name": "Motilal Oswal Asset Management Company Limited",
    "benchmark_index": [
     "G- Sec Index (Underlying Index), subject to"
    ],
    "field_location": [
     {
      "amc_name": "15",
      "benchmark_index": "15",
      "count": 41,
      "fund_manager_managing_fund_since": "15",
      "fund_manager_name": "15",
      "fund_manager_total_exp": "15",
      "load_entry": "15",
      "load_exit": "15",
      "main_scheme_name": "15",
      "metrics_avg_maturity": "15",
      "metrics_macaulay": "15",
      "metrics_mod_duration": "15",
      "metrics_ytm": "15",
      "monthly_aaum_date": "15",
      "monthly_aaum_value": "15",
      "mutual_fund_name": "15",
      "scheme_launch_date": "15"
     }
    ],
    "fund_manager": [
     {
      "managing_fund_since": "22-nov-2022",
      "name": "Mr. Rakesh Shetty",
      "qualification": "",
      "total_exp": "14 years"
     },
     {
      "managing_fund_since": "",
      "name": "Expenses Ratio",
      "qualification": "",
      "total_exp": ""
     }
    ],
    "load": [
     {
      "comment": "/",
      "type": "entry"
     },
     {
      "comment": "Entry Load: Nil Exit Load : Nil Inception Date 10-December-2020 NAV ` 58.8998 (Per Unit) Scheme Statistics Monthly AAUM ` 95.85 ( ` cr) Latest AUM (31-Jan-2025) ` 96.18 ( ` cr)",
      "type": "exit"
     }
    ],
    "main_scheme_name": "Motilal Oswal Nifty 5 year Benchmark G-Sec ETF",
    "metrics": [
     {
      "name": "ytm",
      "value": "6.71%"
     },
     {
      "name": "mod_duration",
      "value": "3.48 yrs"
     },
     {
      "name": "avg_maturity",
      "value": "1,542 Days"
     },
     {
      "name": "macaulay",
      "value": "3.71 Yrs"
     }
    ],
    "monthly_aaum_date": "20250131",
    "monthly_aaum_value": "95.85",
    "mutual_fund_name": "Motilal Oswal Mutual Fund",
    "scheme_launch_date": "10-DECEMBER-2020"
   }
  },
  {
   "value": {
    "amc_name": "Motilal Oswal Asset Management Company Limited",
    "benchmark_index": [
     "Nifty 5 yr Benchmark G-sec TRI"
    ],
    "field_location": [
     {
      "amc_name": "16",
      "benchmark_index": "16",
      "count": 41,
      "fund_manager_managing_fund_since": "16",
      "fund_manager_name": "16",
      "fund_manager_total_exp": "16",
      "load_entry": "16",
      "load_exit": "16",
      "main_scheme_name": "16",
      "monthly_aaum_date": "16",
      "monthly_aaum_value": "16",
      "mutual_fund_name": "16",
      "scheme_launch_date": "16"
     }
    ],
    "fund_manager": [
     {
      "managing_fund_since": "22-nov-2022",
      "name": "Mr. Rakesh Shetty",
      "qualification": "",
      "total_exp": "14 years"
     },
     {
      "managing_fund_since": "",
      "name": "Expenses Ratio",
      "qualification": "",
      "total_exp": "5 yr"
     }
    ],
    "load": [
     {
      "comment": "/",
      "type": "entry"
     },
     {
      "comment": "Entry Load: Nil Exit Load : 1% -If redeemed on or before 15 days from the date of allotment. Nil- If redeemed after 15 days from the date of allotment. Inception Date 06-October-2021 NAV Regular Plan Growth Option : ` 11.8942 Direct Plan Growth Option : ` 11.9233 Scheme Statistics Monthly AAUM ` 30.34 ( ` cr) Latest AUM (31-Jan-2025) ` 30.24 ( ` cr)",
      "type": "exit"
     }
    ],
    "main_scheme_name": "Motilal Oswal 5 Year G-sec Fund Of Fund",
    "monthly_aaum_date": "20250131",
    "monthly_aaum_value": "30.34",
    "mutual_fund_name": "Motilal Oswal Mutual Fund",
    "scheme_launch_date": "06-OCTOBER-2021"
   }
  },
  {
   "value": {
    "amc_name": "Motilal Oswal Asset Management Company Limited",
    "benchmark_index": [
     "50% Nifty 500 TRI + 20% S&P 500 TRI (INR) + 10% Domestic Price of Gold + 20% Nifty 5 Yr Benchmark G-Sec Index"
    ],
    "field_location": [
     {
      "amc_name": "17",
      "benchmark_index": "17",
      "count": 41,
      "fund_manager_managing_fund_since": "17",
      "fund_manager_name": "17",
      "fund_manager_total_exp": "17",
      "load_entry": "17",
      "load_exit": "17",
      "main_scheme_name": "17",
      "metrics_beta": "17",
      "metrics_sharpe": "17",
      "metrics_std_dev": "17",
      "monthly_aaum_date": "17",
      "monthly_aaum_value": "17",
      "mutual_fund_name": "17",
      "scheme_launch_date": "17"
     }
    ],
    "fund_manager": [
     {
      "managing_fund_since": "24-dec-2024",
      "name": "Mr. Bhalchandra Shinde",
      "qualification": "",
      "total_exp": "13 years"
     },
     {
      "managing_fund_since": "22-nov-2022",
      "name": "Mr. Rakesh Shetty",
      "qualification": "",
      "total_exp": "14 years"
     }
    ],
    "load": [
     {
      "comment": "/",
      "type": "entry"
     },
     {
      "comment": "Entry Load: Nil Exit Load: 1% - If redeemed on or before 15 days from the date of allotment. Nil - If redeemed after 15 days from the date of allotment.",
      "type": "exit"
     }
    ],
    "main_scheme_name": "Motilal Oswal Asset Allocation Passive Fund of Fund - Aggressive",
    "metrics": [
     {
      "name": "sharpe",
      "value": "0.7"
     },
     {
      "name": "std_dev",
      "value": "9.0%"
     },
     {
      "name": "beta",
      "value": "1.0"
     }
    ],
    "monthly_aaum_date": "20250131",
    "monthly_aaum_value": "69.57",
    "mutual_fund_name": "Motilal Oswal Mutual Fund",
    "scheme_launch_date": "12-MARCH-2021"
   }
  },
  {
   "value": {
    "amc_name": "Motilal Oswal Asset Management Company Limited",
    "benchmark_index": [
     "30% Nifty 500 TRI + 10% S&P 500 TRI (INR) + 10% Domestic Price of Gold + 50% Nifty 5 Yr Benchmark G-Sec Index"
    ],
    "field_location": [
     {
      "amc_name": "18",
      "benchmark_index": "18",
      "count": 41,
      "fund_manager_managing_fund_since": "18",
      "fund_manager_name": "18",
      "fund_manager_total_exp": "18",
      "load_entry": "18",
      "load_exit": "18",
      "main_scheme_name": "18",
      "metrics_beta": "18",
      "metrics_sharpe": "18",
      "metrics_std_dev": "18",
      "monthly_aaum_date": "18",
      "monthly_aaum_value": "18",
      "mutual_fund_name": "18",
      "scheme_launch_date": "18"
     }
    ],
    "fund_manager": [
     {
      "managing_fund_since": "24-dec-2024",
      "name": "Mr. Bhalchandra Shinde",
      "qualification": "",
      "total_exp": "13 years"
     },
     {
      "managing_fund_since": "22-nov-2022",
      "name": "Mr. Rakesh Shetty",
      "qualification": "",
      "total_exp": "14 years"
     }
    ],
    "load": [
     {
      "comment": "/",
      "type": "entry"
     },
     {
      "comment": "Entry Load: Nil Exit Load: 1% - If redeemed on or before 15 days from the date of allotment. Nil - If redeemed after 15 days from the date of allotment.",
      "type": "exit"
     }
    ],
    "main_scheme_name": "Motilal Oswal Asset Allocation Passive Fund of Fund – Conservative",
    "metrics": [
     {
      "name": "sharpe",
      "value": "0.6"
     },
     {
      "name": "std_dev",
      "value": "5.8%"
     },
     {
      "name": "beta",
      "value": "1.0"
     }
    ],
    "monthly_aaum_date": "20250131",
    "monthly_aaum_value": "43.19",
    "mutual_fund_name": "Motilal Oswal Mutual Fund",
    "scheme_launch_date": "12-MARCH-2021"
   }
  },
  {
   "value": {
    "amc_name": "Motilal Oswal Asset Management Company Limited",
    "benchmark_index": [
     "Nasdaq Q-50 TRI"
    ],
    "field_location": [
     {
      "amc_name": "19",
      "benchmark_index": "19",
      "count": 41,
      "fund_manager_managing_fund_since": "19",
      "fund_manager_name": "19",
      "fund_manager_total_exp": "19",
      "load_entry": "19",
      "load_exit": "19",
      "main_scheme_name": "19",
      "metrics_beta": "19",
      "metrics_sharpe": "19",
      "metrics_std_dev": "19",
      "metrics_tracking_error": "19",
      "monthly_aaum_date": "19",
      "monthly_aaum_value": "19",
      "mutual_fund_name": "19",
      "scheme_launch_date": "19"
     }
    ],
    "fund_manager": [
     {
      "managing_fund_since": "july 1, 2024",
      "name": "Mr. Sunil Sawant",
      "qualification": "",
      "total_exp": "14 years"
     },
     {
      "managing_fund_since": "22-nov-2022",
      "name": "Mr. Rakesh Shetty",
      "qualification": "",
      "total_exp": ""
     }
    ],
    "load": [
     {
      "comment": "/",
      "type": "entry"
     },
     {
      "comment": "Entry Load: Nil Exit Load : Nil",
      "type": "exit"
     }
    ],
    "main_scheme_name": "Motilal Oswal Nasdaq Q 50 ETF",
    "metrics": [
     {
      "name": "sharpe",
      "value": "0.3"
     },
     {
      "name": "std_dev",
      "value": "18.7%"
     },
     {
      "name": "beta",
      "value": "1.0"
     },
     {
      "name": "tracking_error",
      "value": "31,"
     }
    ],
    "monthly_aaum_date": "20250131",
    "monthly_aaum_value": "60.30",
    "mutual_fund_name": "Motilal Oswal Mutual Fund",
    "scheme_launch_date": "23-DECEMBER-2021"
   }
  },
  {
   "value": {
    "amc_name": "Motilal Oswal Asset Management Company Limited",
    "benchmark_index": [
     "Nifty 200 Momentum 30 Total Return Index"
    ],
    "field_location": [
     {
      "amc_name": "20",
      "benchmark_index": "20",
      "count": 41,
      "fund_manager_managing_fund_since": "20",
      "fund_manager_name": "20",
      "fund_manager_total_exp": "20",
      "load_entry": "20",
      "load_exit": "20",
      "main_scheme_name": "20",
      "metrics_tracking_error": "20",
      "monthly_aaum_date": "20",
      "monthly_aaum_value": "20",
      "mutual_fund_name": "20",
      "scheme_launch_date": "20"
     }
    ],
    "fund_manager": [
     {
      "managing_fund_since": "10-feb-2022",
      "name": "Mr. Swapnil Mayekar",
      "qualification": "",
      "total_exp": "13 years"
     },
     {
      "managing_fund_since": "15-oct-2024",
      "name": "Mr. Dishant Mehta",
      "qualification": "",
      "total_exp": "11 years"
     },
     {
      "managing_fund_since": "22-nov-2022",
      "name": "Mr. Rakesh Shetty",
      "qualification": "",
      "total_exp": "14 years"
     }
    ],
    "load": [
     {
      "comment": "/",
      "type": "entry"
     },
     {
      "comment": "Entry Load: Nil Exit Load: Nil",
      "type": "exit"
     }
    ],
    "main_scheme_name": "Motilal Oswal Nifty 200 Momentum 30 ETF",
    "metrics": [
     {
      "name": "tracking_error",
      "value": "31,"
     }
    ],
    "monthly_aaum_date": "20250131",
    "monthly_aaum_value": "114.86",
    "mutual_fund_name": "Motilal Oswal Mutual Fund",
    "scheme_launch_date": "10-FEBRUARY-2022"
   }
  },
  {
   "value": {
    "amc_name": "Motilal Oswal Asset Management Company Limited",
    "benchmark_index": [
     "Nifty 200 Momentum 30 Total Return Index"
    ],
    "field_location": [
     {
      "amc_name": "21",
      "benchmark_index": "21",
      "count": 41,
      "fund_manager_managing_fund_since": "21",
      "fund_manager_name": "21",
      "fund_manager_total_exp": "21",
      "load_entry": "21",
      "load_exit": "21",
      "main_scheme_name": "21",
      "metrics_tracking_error": "21",
      "monthly_aaum_date": "21",
      "monthly_aaum_value": "21",
      "mutual_fund_name": "21",
      "scheme_launch_date": "21"
     }
    ],
    "fund_manager": [
     {
      "managing_fund_since": "10-feb-2022",
      "name": "Mr. Swapnil Mayekar",
      "qualification": "",
      "total_exp": "13 years"
     },
     {
      "managing_fund_since": "15-oct-2024",
      "name": "Mr. Dishant Mehta",
      "qualification": "",
      "total_exp": "11 years"
     },
     {
      "managing_fund_since": "22-nov-2022",
      "name": "Mr. Rakesh Shetty",
      "qualification": "",
      "total_exp": "14 years"
     }
    ],
    "load": [
     {
      "comment": "/",
      "type": "entry"
     },
     {
      "comment": "Entry Load: Nil Exit Load : 1% - If redeemed on or before 15 days from the date of allotment. Nil - If redeemed after 15 days from the date of allotment.",
      "type": "exit"
     }
    ],
    "main_scheme_name": "Motilal Oswal Nifty 200 Momentum 30 Index Fund",
    "metrics": [
     {
      "name": "tracking_error",
      "value": "31,"
     }
    ],
    "monthly_aaum_date": "20250131",
    "monthly_aaum_value": "864.81",
    "mutual_fund_name": "Motilal Oswal Mutual Fund",
    "scheme_launch_date": "10-FEBRUARY-2022"
   }
  },
  {
   "value": {
    "amc_name": "Motilal Oswal Asset Management Company Limited",
    "benchmark_index": [
     "BSE Low Volatility Total Return Index"
    ],
    "field_location": [
     {
      "amc_name": "22",
      "benchmark_index": "22",
      "count": 41,
      "fund_manager_managing_fund_since": "22",
      "fund_manager_name": "22",
      "fund_manager_total_exp": "22",
      "load_entry": "22",
      "load_exit": "22",
      "main_scheme_name": "22",
      "metrics_tracking_error": "22",
      "monthly_aaum_date": "22",
      "monthly_aaum_value": "22",
      "mutual_fund_name": "22",
      "scheme_launch_date": "22"
     }
    ],
    "fund_manager": [
     {
      "managing_fund_since": "23-mar-2022",
      "name": "Mr. Swapnil Mayekar",
      "qualification": "",
      "total_exp": "13 years"
     },
     {
      "managing_fund_since": "15-oct-2024",
      "name": "Mr. Dishant Mehta",
      "qualification": "",
      "total_exp": "11 years"
     },
     {
      "managing_fund_since": "22-nov-2022",
      "name": "Mr. Rakesh Shetty",
      "qualification": "",
      "total_exp": "14 years"
     }
    ],
    "load": [
     {
      "comment": "/",
      "type": "entry"
     },
     {
      "comment": "Entry Load: Nil Exit Load: 1% - If redeemed on or before 15 days from the date of allotment. Nil - If redeemed after 15 days from the date of allotment.",
      "type": "exit"
     }
    ],
    "main_scheme_name": "Motilal Oswal BSE Low Volatility Index Fund",
    "metrics": [
     {
      "name": "tracking_error",
      "value": "31,"
     }
    ],
    "monthly_aaum_date": "20250131",
    "monthly_aaum_value": "106.78",
    "mutual_fund_name": "Motilal Oswal Mutual Fund",
    "scheme_launch_date": "23-MARCH-2022"
   }
  },
  {
   "value": {
    "amc_name": "Motilal Oswal Asset Management Company Limited",
    "benchmark_index": [
     "BSE Low Volatility Total Return Index"
    ],
    "field_location": [
     {
      "amc_name": "23",
      "benchmark_index": "23",
      "count": 41,
      "fund_manager_managing_fund_since": "23",
      "fund_manager_name": "23",
      "fund_manager_total_exp": "23",
      "load_entry": "23",
      "load_exit": "23",
      "main_scheme_name": "23",
      "metrics_tracking_error": "23",
      "monthly_aaum_date": "23",
      "monthly_aaum_value": "23",
      "mutual_fund_name": "23",
      "scheme_launch_date": "23"
     }
    ],
    "fund_manager": [
     {
      "managing_fund_since": "23-mar-2022",
      "name": "Mr. Swapnil Mayekar",
      "qualification": "",
      "total_exp": "13 years"
     },
     {
      "managing_fund_since": "15-oct-2024",
      "name": "Mr. Dishant Mehta",
      "qualification": "",
      "total_exp": "11 years"
     },
     {
      "managing_fund_since": "22-nov-2022",
      "name": "Mr. Rakesh Shetty",
      "qualification": "",
      "total_exp": "14 years"
     }
    ],
    "load": [
     {
      "comment": "/",
      "type": "entry"
     },
     {
      "comment": "Entry Load: Nil Exit Load: Nil",
      "type": "exit"
     }
    ],
    "main_scheme_name": "Motilal Oswal BSE Low Volatility ETF",
    "metrics": [
     {
      "name": "tracking_error",
      "value": "31,"
     }
    ],
    "monthly_aaum_date": "20250131",
    "monthly_aaum_value": "95.19",
    "mutual_fund_name": "Motilal Oswal Mutual Fund",
    "scheme_launch_date": "23-MARCH-2022"
   }
  },
  {
   "value": {
    "amc_name": "Motilal Oswal Asset Management Company Limited",
    "benchmark_index": [
     "BSE Financials ex Bank 30 Total Return Index"
    ],
    "field_location": [
     {
      "amc_name": "24",
      "benchmark_index": "24",
      "count": 41,
      "fund_manager_managing_fund_since": "24",
      "fund_manager_name": "24",
      "fund_manager_total_exp": "24",
      "load_entry": "24",
      "load_exit": "24",
      "main_scheme_name": "24",
      "monthly_aaum_date": "24",
      "monthly_aaum_value": "24",
      "mutual_fund_name": "24",
      "scheme_launch_date": "24"
     }
    ],
    "fund_manager": [
     {
      "managing_fund_since": "29-july-2022",
      "name": "Mr. Swapnil Mayekar",
      "qualification": "",
      "total_exp": "13 years"
     },
     {
      "managing_fund_since": "15-oct-2024",
      "name": "Mr. Dishant Mehta",
      "qualification": "",
      "total_exp": "11 years"
     },
     {
      "managing_fund_since": "22-nov-2022",
      "name": "Mr. Rakesh Shetty",
      "qualification": "",
      "total_exp": "14 years"
     }
    ],
    "load": [
     {
      "comment": "/",
      "type": "entry"
     },
     {
      "comment": "Entry Load: Nil Exit Load: 1% - If redeemed on or before 15 days from the date of allotment. Nil - If redeemed after 15 days from the date of allotment.",
      "type": "exit"
     }
    ],
    "main_scheme_name": "Motilal Oswal BSE Financials ex Bank 30 Index Fund",
    "monthly_aaum_date": "20250131",
    "monthly_aaum_value": "17.46",
    "mutual_fund_name": "Motilal Oswal Mutual Fund",
    "scheme_launch_date": "29-JULY-2022"
   }
  },
  {
   "value": {
    "amc_name": "Motilal Oswal Asset Management Company Limited",
    "benchmark_index": [
     "BSE Healthcare Total Return Index"
    ],
    "field_location": [
     {
      "amc_name": "25",
      "benchmark_index": "25",
      "count": 41,
      "fund_manager_managing_fund_since": "25",
      "fund_manager_name": "25",
      "fund_manager_total_exp": "25",
      "load_entry": "25",
      "load_exit": "25",
      "main_scheme_name": "25",
      "metrics_tracking_error": "25",
      "monthly_aaum_date": "25",
      "monthly_aaum_value": "25",
      "mutual_fund_name": "25",
      "scheme_launch_date": "25"
     }
    ],
    "fund_manager": [
     {
      "managing_fund_since": "29-july-2022",
      "name": "Mr. Swapnil Mayekar",
      "qualification": "",
      "total_exp": "13 years"
     },
     {
      "managing_fund_since": "15-oct-2024",
      "name": "Mr. Dishant Mehta",
      "qualification": "",
      "total_exp": "11 years"
     },
     {
      "managing_fund_since": "22-nov-2022",
      "name": "Mr. Rakesh Shetty",
      "qualification": "",
      "total_exp": "14 years"
     }
    ],
    "load": [
     {
      "comment": "/",
      "type": "entry"
     },
     {
      "comment": "Entry Load: Nil Exit Load: Nil",
      "type": "exit"
     }
    ],
    "main_scheme_name": "Motilal Oswal BSE Healthcare ETF",
    "metrics": [
     {
      "name": "tracking_error",
      "value": "31,"
     }
    ],
    "monthly_aaum_date": "20250131",
    "monthly_aaum_value": "32.21",
    "mutual_fund_name": "Motilal Oswal Mutual Fund",
    "scheme_launch_date": "29-JULY-2022"
   }
  },
  {
   "value": {
    "amc_name": "Motilal Oswal Asset Management Company Limited",
    "benchmark_index": [
     "BSE Enhanced Value Total Return Index"
    ],
    "field_location": [
     {
      "amc_name": "26",
      "benchmark_index": "26",
      "count": 41,
      "fund_manager_managing_fund_since": "26",
      "fund_manager_name": "26",
      "fund_manager_total_exp": "26",
      "load_entry": "26",
      "load_exit": "26",
      "main_scheme_name": "26",
      "monthly_aaum_date": "26",
      "monthly_aaum_value": "26",
      "mutual_fund_name": "26",
      "scheme_launch_date": "26"
     }
    ],
    "fund_manager": [
     {
      "managing_fund_since": "22-aug-2022",
      "name": "Mr. Swapnil Mayekar",
      "qualification": "",
      "total_exp": "13 years"
     },
     {
      "managing_fund_since": "15-oct-2024",
      "name": "Mr. Dishant Mehta",
      "qualification": "",
      "total_exp": "11 years"
     },
     {
      "managing_fund_since": "22-nov-2022",
      "name": "Mr. Rakesh Shetty",
      "qualification": "",
      "total_exp": "14 years"
     }
    ],
    "load": [
     {
      "comment": "/",
      "type": "entry"
     },
     {
      "comment": "Entry Load: Nil Exit Load: 1% - If redeemed on or before 15 days from the date of allotment. Nil - If redeemed after 15 days from the date of allotment.",
      "type": "exit"
     }
    ],
    "main_scheme_name": "Motilal Oswal BSE Enhanced Value Index Fund",
    "monthly_aaum_date": "20250131",
    "monthly_aaum_value": "747.38",
    "mutual_fund_name": "Motilal Oswal Mutual Fund",
    "scheme_launch_date": "22-AUGUST-2022"
   }
  },
  {
   "value": {
    "amc_name": "Motilal Oswal Asset Management Company Limited",
    "benchmark_index": [
     "BSE Enhanced Value Total Return Index"
    ],
    "field_location": [
     {
      "amc_name": "27",
      "benchmark_index": "27",
      "count": 41,
      "fund_manager_managing_fund_since": "27",
      "fund_manager_name": "27",
      "fund_manager_total_exp": "27",
      "load_entry": "27",
      "load_exit": "27",
      "main_scheme_name": "27",
      "monthly_aaum_date": "27",
      "monthly_aaum_value": "27",
      "mutual_fund_name": "27",
      "scheme_launch_date": "27"
     }
    ],
    "fund_manager": [
     {
      "managing_fund_since": "22-aug-2022",
      "name": "Mr. Swapnil Mayekar",
      "qualification": "",
      "total_exp": "13 years"
     },
     {
      "managing_fund_since": "15-oct-2024",
      "name": "Mr. Dishant Mehta",
      "qualification": "",
      "total_exp": "11 years"
     },
     {
      "managing_fund_since": "22-nov-2022",
      "name": "Mr. Rakesh Shetty",
      "qualification": "",
      "total_exp": "14 years"
     }
    ],
    "load": [
     {
      "comment": "/",
      "type": "entry"
     },
     {
      "comment": "Entry Load: Nil Exit Load: Nil",
      "type": "exit"
     }
    ],
    "main_scheme_name": "Motilal Oswal BSE Enhanced Value ETF",
    "monthly_aaum_date": "20250131",
    "monthly_aaum_value": "129.81",
    "mutual_fund_name": "Motilal Oswal Mutual Fund",
    "scheme_launch_date": "22-AUGUST-2022"
   }
  },
  {
   "value": {
    "amc_name": "Motilal Oswal Asset Management Company Limited",
    "benchmark_index": [
     "BSE Quality Total Return Index"
    ],
    "field_location": [
     {
      "amc_name": "28",
      "benchmark_index": "28",
      "count": 41,
      "fund_manager_managing_fund_since": "28",
      "fund_manager_name": "28",
      "fund_manager_total_exp": "28",
      "load_entry": "28",
      "load_exit": "28",
      "main_scheme_name": "28",
      "metrics_tracking_error": "28",
      "monthly_aaum_date": "28",
      "monthly_aaum_value": "28",
      "mutual_fund_name": "28",
      "scheme_launch_date": "28"
     }
    ],
    "fund_manager": [
     {
      "managing_fund_since": "22-aug-2022",
      "name": "Mr. Swapnil Mayekar",
      "qualification": "",
      "total_exp": "13 years"
     },
     {
      "managing_fund_since": "15-oct-2024",
      "name": "Mr. Dishant Mehta",
      "qualification": "",
      "total_exp": "11 years"
     },
     {
      "managing_fund_since": "22-nov-2022",
      "name": "Mr. Rakesh Shetty",
      "qualification": "",
      "total_exp": "14 years"
     }
    ],
    "load": [
     {
      "comment": "/",
      "type": "entry"
     },
     {
      "comment": "Entry Load: Nil Exit Load: 1% - If redeemed on or before 15 days from the date of allotment. Nil - If redeemed after 15 days from the date of allotment.",
      "type": "exit"
     }
    ],
    "main_scheme_name": "Motilal Oswal BSE Quality Index Fund",
    "metrics": [
     {
      "name": "tracking_error",
      "value": "31,"
     }
    ],
    "monthly_aaum_date": "20250131",
    "monthly_aaum_value": "38.49",
    "mutual_fund_name": "Motilal Oswal Mutual Fund",
    "scheme_launch_date": "22-AUGUST-2022"
   }
  },
  {
   "value": {
    "amc_name": "Motilal Oswal Asset Management Company Limited",
    "benchmark_index": [
     "BSE Quality Total Return Index"
    ],
    "field_location": [
     {
      "amc_name": "29",
      "benchmark_index": "29",
      "count": 41,
      "fund_manager_managing_fund_since": "29",
      "fund_manager_name": "29",
      "fund_manager_total_exp": "29",
      "load_entry": "29",
      "load_exit": "29",
      "main_scheme_name": "29",
      "metrics_tracking_error": "29",
      "monthly_aaum_date": "29",
      "monthly_aaum_value": "29",
      "mutual_fund_name": "29",
      "scheme_launch_date": "29"
     }
    ],
    "fund_manager": [
     {
      "managing_fund_since": "22-aug-2022",
      "name": "Mr. Swapnil Mayekar",
      "qualification": "",
      "total_exp": "13 years"
     },
     {
      "managing_fund_since": "15-oct-2024",
      "name": "Mr. Dishant Mehta",
      "qualification": "",
      "total_exp": "11 years"
     },
     {
      "managing_fund_since": "22-nov-2022",
      "name": "Mr. Rakesh Shetty",
      "qualification": "",
      "total_exp": "14 years"
     }
    ],
    "load": [
     {
      "comment": "/",
      "type": "entry"
     },
     {
      "comment": "Entry Load: Nil Exit Load: Nil",
      "type": "exit"
     }
    ],
    "main_scheme_name": "Motilal Oswal BSE Quality ETF",
    "metrics": [
     {
      "name": "tracking_error",
      "value": "31,"
     }
    ],
    "monthly_aaum_date": "20250131",
    "monthly_aaum_value": "17.82",
    "mutual_fund_name": "Motilal Oswal Mutual Fund",
    "scheme_launch_date": "22-AUGUST-2022"
   }
  },
  {
   "value": {
    "amc_name": "Motilal Oswal Asset Management Company Limited",
    "benchmark_index": [
     "LBMA Price of Gold and Silver"
    ],
    "field_location": [
     {
      "amc_name": "30",
      "benchmark_index": "30",
      "count": 41,
      "fund_manager_managing_fund_since": "30",
      "fund_manager_name": "30",
      "fund_manager_total_exp": "30",
      "load_entry": "30",
      "load_exit": "30",
      "main_scheme_name": "30",
      "metrics_tracking_error": "30",
      "monthly_aaum_date": "30",
      "monthly_aaum_value": "30",
      "mutual_fund_name": "30",
      "scheme_launch_date": "30"
     }
    ],
    "fund_manager": [
     {
      "managing_fund_since": "24-dec-2024",
      "name": "Mr. Bhalchandra Shinde",
      "qualification": "",
      "total_exp": "13 years"
     },
     {
      "managing_fund_since": "24-dec-2022",
      "name": "Mr. Rakesh Shetty",
      "qualification": "",
      "total_exp": "14 years"
     }
    ],
    "load": [
     {
      "comment": "/",
      "type": "entry"
     },
     {
      "comment": "Entry Load: Nil Exit Load: 1% -If redeemed on or before 15 days from the date of allotment. Nil- If redeemed after 15 days from the date of allotment.",
      "type": "exit"
     }
    ],
    "main_scheme_name": "Motilal Oswal Gold and Silver ETFs Fund of Funds",
    "metrics": [
     {
      "name": "tracking_error",
      "value": "31,"
     }
    ],
    "monthly_aaum_date": "20250131",
    "monthly_aaum_value": "189.56",
    "mutual_fund_name": "Motilal Oswal Mutual Fund",
    "scheme_launch_date": "13-OCTOBER-2022"
   }
  },
  {
   "value": {
    "amc_name": "Motilal Oswal Asset Management Company Limited",
    "benchmark_index": [
     "Nifty Microcap 250 Total Return Index"
    ],
    "field_location": [
     {
      "amc_name": "31",
      "benchmark_index": "31",
      "count": 41,
      "fund_manager_managing_fund_since": "31",
      "fund_manager_name": "31",
      "fund_manager_total_exp": "31",
      "load_entry": "31",
      "load_exit": "31",
      "main_scheme_name": "31",
      "monthly_aaum_date": "31",
      "monthly_aaum_value": "31",
      "mutual_fund_name": "31",
      "scheme_launch_date": "31"
     }
    ],
    "fund_manager": [
     {
      "managing_fund_since": "05-july-2023",
      "name": "Mr. Swapnil Mayekar",
      "qualification": "",
      "total_exp": "13 years"
     },
     {
      "managing_fund_since": "20-dec-2024",
      "name": "Mr. Dishant Mehta",
      "qualification": "",
      "total_exp": "1 years"
     },
     {
      "managing_fund_since": "",
      "name": "Mr. Rakesh Shetty",
      "qualification": "",
      "total_exp": "14 years"
     },
     {
      "managing_fund_since": "",
      "name": "Expenses Ratio",
      "qualification": "",
      "total_exp": ""
     }
    ],
    "load": [
     {
      "comment": "/",
      "type": "entry"
     },
     {
      "comment": "Entry Load: Nil Exit Load : 1% - If redeemed on or before 15 days from the date of allotment. Nil - If redeemed after 15 days from the date of allotment. Inception Date 05-July-2023 NAV Regular Plan Growth Option : ` 16.6519 Direct Plan Growth Option : ` 16.8277 Scheme Statistics Monthly AAUM ` 1,875.13 ( ` cr) Latest AUM (31-Jan-2025) ` 1,865.24 ( ` cr)",
      "type": "exit"
     }
    ],
    "main_scheme_name": "Motilal Oswal Nifty Microcap 250 Index Fund",
    "monthly_aaum_date": "20250131",
    "monthly_aaum_value": "1,875.13",
    "mutual_fund_name": "Motilal Oswal Mutual Fund",
    "scheme_launch_date": "05-JULY-2023"
   }
  },
  {
   "value": {
    "amc_name": "Motilal Oswal Asset Management Company Limited",
    "benchmark_index": [
     "S&P Developed Ex-U.S. BMI Total Return Index"
    ],
    "field_location": [
     {
      "amc_name": "32",
      "benchmark_index": "32",
      "count": 41,
      "fund_manager_managing_fund_since": "32",
      "fund_manager_name": "32",
      "fund_manager_total_exp": "32",
      "load_entry": "32",
      "load_exit": "32",
      "main_scheme_name": "32",
      "metrics_tracking_error": "32",
      "monthly_aaum_date": "32",
      "monthly_aaum_value": "32",
      "mutual_fund_name": "32",
      "scheme_launch_date": "32"
     }
    ],
    "fund_manager": [
     {
      "managing_fund_since": "july 1, 2024",
      "name": "Mr. Sunil Sawant",
      "qualification": "",
      "total_exp": "14 years"
     },
     {
      "managing_fund_since": "21-sep-2023",
      "name": "Mr. Rakesh Shetty",
      "qualification": "",
      "total_exp": ""
     },
     {
      "managing_fund_since": "",
      "name": "Expenses Ratio",
      "qualification": "",
      "total_exp": ""
     }
    ],
    "load": [
     {
      "comment": "/",
      "type": "entry"
     },
     {
      "comment": "Entry Load: Nil Exit Load : 1% - If redeemed on or before 15 days from the date of allotment. Nil - If redeemed after 15 days from the date of allotment. Inception Date 21-September -2023 NAV Regular Plan Growth Option : ` 12.0261 Direct Plan Growth Option : ` 12.0920 Scheme Statistics Monthly AAUM ` 28.45 ( ` cr) Latest AUM (31-Jan-2025) ` 29.09 ( ` cr)",
      "type": "exit"
     }
    ],
    "main_scheme_name": "Motilal Oswal Developed Market Ex Us ETF'S Fund of Funds",
    "metrics": [
     {
      "name": "tracking_error",
      "value": "31,"
     }
    ],
    "monthly_aaum_date": "20250131",
    "monthly_aaum_value": "28.45",
    "mutual_fund_name": "Motilal Oswal Mutual Fund",
    "scheme_launch_date": "21-SEPTEMBER -2023"
   }
  },
  {
   "value": {
    "amc_name": "Motilal Oswal Asset Management Company Limited",
    "benchmark_index": [
     "Nifty 500 Total Return Index"
    ],
    "field_location": [
     {
      "amc_name": "33",
      "benchmark_index": "33",
      "count": 41,
      "fund_manager_managing_fund_since": "33",
      "fund_manager_name": "33",
      "fund_manager_total_exp": "33",
      "load_entry": "33",
      "load_exit": "33",
      "main_scheme_name": "33",
      "metrics_tracking_error": "33",
      "monthly_aaum_date": "33",
      "monthly_aaum_value": "33",
      "mutual_fund_name": "33",
      "scheme_launch_date": "33"
     }
    ],
    "fund_manager": [
     {
      "managing_fund_since": "29-sep-2023",
      "name": "Mr. Swapnil Mayekar",
      "qualification": "",
      "total_exp": "13 years"
     },
     {
      "managing_fund_since": "29-sep-2023",
      "name": "Mr. Dishant Mehta",
      "qualification": "",
      "total_exp": "1 years"
     },
     {
      "managing_fund_since": "",
      "name": "Mr. Rakesh Shetty",
      "qualification": "",
      "total_exp": "14 years"
     },
     {
      "managing_fund_since": "",
      "name": "Expenses Ratio",
      "qualification": "",
      "total_exp": ""
     }
    ],
    "load": [
     {
      "comment": "/",
      "type": "entry"
     },
     {
      "comment": "Entry Load: Nil Exit Load : Nil Inception Date 29-September -2023 NAV ` 21.7834 (Per Unit) Scheme Statistics Monthly AAUM ` 106.82 ( ` cr) Latest AUM (31-Jan-2025) ` 109.57 ( ` cr)",
      "type": "exit"
     }
    ],
    "main_scheme_name": "Motilal Oswal Nifty 500 ETF",
    "metrics": [
     {
      "name": "tracking_error",
      "value": "31,"
     }
    ],
    "monthly_aaum_date": "20250131",
    "monthly_aaum_value": "106.82",
    "mutual_fund_name": "Motilal Oswal Mutual Fund",
    "scheme_launch_date": "29-SEPTEMBER -2023"
   }
  },
  {
   "value": {
    "amc_name": "Motilal Oswal Asset Management Company Limited",
    "benchmark_index": [
     "Nifty Realty Total Return Index"
    ],
    "field_location": [
     {
      "amc_name": "34",
      "benchmark_index": "34",
      "count": 41,
      "fund_manager_managing_fund_since": "34",
      "fund_manager_name": "34",
      "fund_manager_total_exp": "34",
      "load_entry": "34",
      "load_exit": "34",
      "main_scheme_name": "34",
      "metrics_tracking_error": "34",
      "monthly_aaum_date": "34",
      "monthly_aaum_value": "34",
      "mutual_fund_name": "34",
      "scheme_launch_date": "34"
     }
    ],
    "fund_manager": [
     {
      "managing_fund_since": "15-mar-2024",
      "name": "Mr. Swapnil Mayekar",
      "qualification": "",
      "total_exp": "13 years"
     },
     {
      "managing_fund_since": "15-mar-2024",
      "name": "Mr. Dishant Mehta",
      "qualification": "",
      "total_exp": "1 years"
     },
     {
      "managing_fund_since": "",
      "name": "Mr. Rakesh Shetty",
      "qualification": "",
      "total_exp": "14 years"
     },
     {
      "managing_fund_since": "",
      "name": "Expenses Ratio",
      "qualification": "",
      "total_exp": ""
     }
    ],
    "load": [
     {
      "comment": "/",
      "type": "entry"
     },
     {
      "comment": "Entry Load: Nil Exit Load : Nil Inception Date 15-March-2024 NAV ` 92.0839 (Per Unit) Scheme Statistics Monthly AAUM ` 53.14 ( ` cr) Latest AUM (31-Jan-2025) ` 63.81 ( ` cr)",
      "type": "exit"
     }
    ],
    "main_scheme_name": "Motilal Oswal Nifty Realty ETF",
    "metrics": [
     {
      "name": "tracking_error",
      "value": "31,"
     }
    ],
    "monthly_aaum_date": "20250131",
    "monthly_aaum_value": "53.14",
    "mutual_fund_name": "Motilal Oswal Mutual Fund",
    "scheme_launch_date": "15-MARCH-2024"
   }
  },
  {
   "value": {
    "amc_name": "Motilal Oswal Asset Management Company Limited",
    "benchmark_index": [
     "Nifty Smallcap 250 TRI"
    ],
    "field_location": [
     {
      "amc_name": "35",
      "benchmark_index": "35",
      "count": 41,
      "fund_manager_managing_fund_since": "35",
      "fund_manager_name": "35",
      "fund_manager_total_exp": "35",
      "load_entry": "35",
      "load_exit": "35",
      "main_scheme_name": "35",
      "metrics_tracking_error": "35",
      "monthly_aaum_date": "35",
      "monthly_aaum_value": "35",
      "mutual_fund_name": "35",
      "scheme_launch_date": "35"
     }
    ],
    "fund_manager": [
     {
      "managing_fund_since": "15-mar-2024",
      "name": "Mr. Swapnil Mayekar",
      "qualification": "",
      "total_exp": "13 years"
     },
     {
      "managing_fund_since": "15-mar-2024",
      "name": "Mr. Dishant Mehta",
      "qualification": "",
      "total_exp": "1 years"
     },
     {
      "managing_fund_since": "",
      "name": "Mr. Rakesh Shetty",
      "qualification": "",
      "total_exp": "14 years"
     },
     {
      "managing_fund_since": "",
      "name": "Expenses Ratio",
      "qualification": "",
      "total_exp": ""
     }
    ],
    "load": [
     {
      "comment": "/",
      "type": "entry"
     },
     {
      "comment": "Entry Load: Nil Exit Load : Nil Inception Date 15-March-2024 NAV ` 15.8631 (Per Unit) Scheme Statistics Monthly AAUM ` 64.14 ( ` cr) Latest AUM (31-Jan-2025) ` 65.04 ( ` cr)",
      "type": "exit"
     }
    ],
    "main_scheme_name": "Motilal Oswal Nifty Smallcap 250 ETF",
    "metrics": [
     {
      "name": "tracking_error",
      "value": "31,"
     }
    ],
    "monthly_aaum_date": "20250131",
    "monthly_aaum_value": "64.14",
    "mutual_fund_name": "Motilal Oswal Mutual Fund",
    "scheme_launch_date": "15-MARCH-2024"
   }
  },
  {
   "value": {
    "amc_name": "Motilal Oswal Asset Management Company Limited",
    "benchmark_index": [
     "Nifty India Defence Total Return Index"
    ],
    "field_location": [
     {
      "amc_name": "36",
      "benchmark_index": "36",
      "count": 41,
      "fund_manager_managing_fund_since": "36",
      "fund_manager_name": "36",
      "fund_manager_total_exp": "36",
      "load_entry": "36",
      "load_exit": "36",
      "main_scheme_name": "36",
      "monthly_aaum_date": "36",
      "monthly_aaum_value": "36",
      "mutual_fund_name": "36",
      "scheme_launch_date": "36"
     }
    ],
    "fund_manager": [
     {
      "managing_fund_since": "03-july-2024",
      "name": "Mr. Swapnil Mayekar",
      "qualification": "",
      "total_exp": "13 years"
     },
     {
      "managing_fund_since": "03-july-2024",
      "name": "Mr. Dishant Mehta",
      "qualification": "",
      "total_exp": "1 years"
     },
     {
      "managing_fund_since": "",
      "name": "Mr. Rakesh Shetty",
      "qualification": "",
      "total_exp": "14 years"
     },
     {
      "managing_fund_since": "",
      "name": "Expenses Ratio",
      "qualification": "",
      "total_exp": ""
     }
    ],
    "load": [
     {
      "comment": "/",
      "type": "entry"
     },
     {
      "comment": "Entry Load: Nil Exit Load : 1%- If redeemed on or before 15 days from the date of allotment. Nil- If redeemed after 15 days from the date of allotment. Inception Date 03-July-2024 NAV Regular Plan Growth Option : ` 8.3170 Direct Plan Growth Option : ` 8.3547 Scheme Statistics Monthly AAUM ` 2,286.07 ( ` cr) Latest AUM (31-Jan-2025) ` 2,383.76 ( ` cr)",
      "type": "exit"
     }
    ],
    "main_scheme_name": "Motilal Oswal Nifty India Defence Index Fund",
    "monthly_aaum_date": "20250131",
    "monthly_aaum_value": "2,286.07",
    "mutual_fund_name": "Motilal Oswal Mutual Fund",
    "scheme_launch_date": "03-JULY-2024"
   }
  },
  {
   "value": {
    "amc_name": "Motilal Oswal Asset Management Company Limited",
    "benchmark_index": [
     "Nifty India Defence Total Return Index"
    ],
    "field_location": [
     {
      "amc_name": "37",
      "benchmark_index": "37",
      "count": 41,
      "fund_manager_managing_fund_since": "37",
      "fund_manager_name": "37",
      "fund_manager_total_exp": "37",
      "load_entry": "37",
      "load_exit": "37",
      "main_scheme_name": "37",
      "metrics_mod_duration": "37",
      "metrics_tracking_error": "37",
      "monthly_aaum_date": "37",
      "monthly_aaum_value": "37",
      "mutual_fund_name": "37",
      "scheme_launch_date": "37"
     }
    ],
    "fund_manager": [
     {
      "managing_fund_since": "21-aug-2024",
      "name": "Mr. Swapnil Mayekar",
      "qualification": "",
      "total_exp": "13 years"
     },
     {
      "managing_fund_since": "21-aug-2024",
      "name": "Mr. Dishant Mehta",
      "qualification": "",
      "total_exp": "1 years"
     },
     {
      "managing_fund_since": "",
      "name": "Mr. Rakesh Shetty",
      "qualification": "",
      "total_exp": "14 years"
     },
     {
      "managing_fund_since": "",
      "name": "Expenses Ratio",
      "qualification": "",
      "total_exp": ""
     }
    ],
    "load": [
     {
      "comment": "/",
      "type": "entry"
     },
     {
      "comment": "Entry Load: Nil Exit Load : Nil Inception Date 21-August-2024 NAV ` 69.9732 (Per Unit) Scheme Statistics Monthly AAUM ` 107.18 ( ` cr) Latest AUM (31-Jan-2025) ` 135.75 ( ` cr)",
      "type": "exit"
     }
    ],
    "main_scheme_name": "Motilal Oswal Nifty India Defence ETF",
    "metrics": [
     {
      "name": "tracking_error",
      "value": "2"
     },
     {
      "name": "mod_duration",
      "value": "247"
     }
    ],
    "monthly_aaum_date": "20250131",
    "monthly_aaum_value": "107.18",
    "mutual_fund_name": "Motilal Oswal Mutual Fund",
    "scheme_launch_date": "21-AUGUST-2024"
   }
  },
  {
   "value": {
    "amc_name": "Motilal Oswal Asset Management Company Limited",
    "benchmark_index": [
     "Nifty 500 Momentum 50 Total Return Index"
    ],
    "field_location": [
     {
      "amc_name": "38",
      "benchmark_index": "38",
      "count": 41,
      "fund_manager_managing_fund_since": "38",
      "fund_manager_name": "38",
      "fund_manager_total_exp": "38",
      "load_entry": "38",
      "load_exit": "38",
      "main_scheme_name": "38",
      "metrics_tracking_error": "38",
      "monthly_aaum_date": "38",
      "monthly_aaum_value": "38",
      "mutual_fund_name": "38",
      "scheme_launch_date": "38"
     }
    ],
    "fund_manager": [
     {
      "managing_fund_since": "24-september-2024",
      "name": "Mr. Swapnil Mayekar",
      "qualification": "",
      "total_exp": "13 years"
     },
     {
      "managing_fund_since": "24-september-2024",
      "name": "Mr. Dishant Mehta",
      "qualification": "",
      "total_exp": "1 years"
     },
     {
      "managing_fund_since": "",
      "name": "Mr. Rakesh Shetty",
      "qualification": "",
      "total_exp": "14 years"
     },
     {
      "managing_fund_since": "",
      "name": "Expenses Ratio",
      "qualification": "",
      "total_exp": ""
     }
    ],
    "load": [
     {
      "comment": "/",
      "type": "entry"
     },
     {
      "comment": "Entry Load: Nil Exit Load : 1%- If redeemed on or before 15 days from the date of allotment. Nil- If redeemed after 15 days from the date of allotment. Inception Date 24-September-2024 NAV Regular Plan Growth Option : ` 7.7286 Direct Plan Growth Option : ` 7.7481 Scheme Statistics Monthly AAUM ` 471.88 ( ` cr) Latest AUM (31-Jan-2025) ` 480.49 ( ` cr)",
      "type": "exit"
     }
    ],
    "main_scheme_name": "Motilal Oswal Nifty 500 Momentum 50 Index Fund",
    "metrics": [
     {
      "name": "tracking_error",
      "value": "2"
     }
    ],
    "monthly_aaum_date": "20250131",
    "monthly_aaum_value": "471.88",
    "mutual_fund_name": "Motilal Oswal Mutual Fund",
    "scheme_launch_date": "24-SEPTEMBER-2024"
   }
  },
  {
   "value": {
    "amc_name": "Motilal Oswal Asset Management Company Limited",
    "benchmark_index": [
     "Nifty 500 Momentum 50 Total Return Index"
    ],
    "field_location": [
     {
      "amc_name": "39",
      "benchmark_index": "39",
      "count": 41,
      "fund_manager_managing_fund_since": "39",
      "fund_manager_name": "39",
      "fund_manager_total_exp": "39",
      "load_entry": "39",
      "load_exit": "39",
      "main_scheme_name": "39",
      "metrics_tracking_error": "39",
      "monthly_aaum_date": "39",
      "monthly_aaum_value": "39",
      "mutual_fund_name": "39",
      "scheme_launch_date": "39"
     }
    ],
    "fund_manager": [
     {
      "managing_fund_since": "24-september-2024",
      "name": "Mr. Swapnil Mayekar",
      "qualification": "",
      "total_exp": "13 years"
     },
     {
      "managing_fund_since": "24-september-2024",
      "name": "Mr. Dishant Mehta",
      "qualification": "",
      "total_exp": "1 years"
     },
     {
      "managing_fund_since": "",
      "name": "Mr. Rakesh Shetty",
      "qualification": "",
      "total_exp": "14 years"
     },
     {
      "managing_fund_since": "",
      "name": "Expenses Ratio",
      "qualification": "",
      "total_exp": ""
     }
    ],
    "load": [
     {
      "comment": "/",
      "type": "entry"
     },
     {
      "comment": "Entry Load: Nil Exit Load : Nil Inception Date 24-September-2024 NAV ` 49.5959 (Per Unit) Scheme Statistics Monthly AAUM ` 77.57 ( ` cr) Latest AUM (31-Jan-2025) ` 92.27 ( ` cr)",
      "type": "exit"
     }
    ],
    "main_scheme_name": "Motilal Oswal Nifty 500 Momentum 50 ETF",
    "metrics": [
     {
      "name": "tracking_error",
      "value": "3"
     }
    ],
    "monthly_aaum_date": "20250131",
    "monthly_aaum_value": "77.57",
    "mutual_fund_name": "Motilal Oswal Mutual Fund",
    "scheme_launch_date": "24-SEPTEMBER-2024"
   }
  },
  {
   "value": {
    "amc_name": "Motilal Oswal Asset Management Company Limited",
    "benchmark_index": [
     "Nifty MidSmall Healthcare Total Return Index"
    ],
    "field_location": [
     {
      "amc_name": "40",
      "benchmark_index": "40",
      "count": 41,
      "fund_manager_managing_fund_since": "40",
      "fund_manager_name": "40",
      "fund_manager_total_exp": "40",
      "load_entry": "40",
      "load_exit": "40",
      "main_scheme_name": "40",
      "metrics_tracking_error": "40",
      "min_amt": "40",
      "min_amt_multiple": "40",
      "monthly_aaum_date": "40",
      "monthly_aaum_value": "40",
      "mutual_fund_name": "40",
      "scheme_launch_date": "40"
     }
    ],
    "fund_manager": [
     {
      "managing_fund_since": "19-november-2024",
      "name": "Mr. Swapnil Mayekar",
      "qualification": "",
      "total_exp": "13 years"
     },
     {
      "managing_fund_since": "20-december-2024",
      "name": "Mr. Dishant Mehta",
      "qualification": "",
      "total_exp": "11 years"
     },
     {
      "managing_fund_since": "19-november-2024",
      "name": "Mr. Rakesh Shetty",
      "qualification": "",
      "total_exp": "14 years"
     },
     {
      "managing_fund_since": "",
      "name": "Expenses Ratio",
      "qualification": "",
      "total_exp": ""
     }
    ],
    "load": [
     {
      "comment": "/",
      "type": "entry"
     },
     {
      "comment": "Entry Load: Nil Exit Load : 1% if redeemed on or before 15 days of allotment. Nil- If redeemed after 15 days from the date of allotment. Inception Date 19-November-2024 NAV Regular Plan Growth Option : ` 9.7507 Direct Plan Growth Option : ` 9.7598 Scheme Statistics Monthly AAUM ` 20.55 ( ` cr) Latest AUM (31-Jan-2025) ` 21.14 ( ` cr)",
      "type": "exit"
     }
    ],
    "main_scheme_name": "Motilal Oswal Nifty MidSmall Healthcare Index Fund",
    "metrics": [
     {
      "name": "tracking_error",
      "value": "3"
     }
    ],
    "min_amt": "Rs 500",
    "min_amt_multiple": "Re 1",
    "monthly_aaum_date": "20250131",
    "monthly_aaum_value": "20.55",
    "mutual_fund_name": "Motilal Oswal Mutual Fund",
    "scheme_launch_date": "19-NOVEMBER-2024"
   }
  },
  {
   "value": {
    "amc_name": "Motilal Oswal Asset Management Company Limited",
    "benchmark_index": [
     "Nifty MidSmall India Consumption Total Return Index"
    ],
    "field_location": [
     {
      "amc_name": "41",
      "benchmark_index": "41",
      "count": 41,
      "fund_manager_managing_fund_since": "41",
      "fund_manager_name": "41",
      "fund_manager_total_exp": "41",
      "load_entry": "41",
      "load_exit": "41",
      "main_scheme_name": "41",
      "metrics_tracking_error": "41",
      "min_amt": "41",
      "min_amt_multiple": "41",
      "monthly_aaum_date": "41",
      "monthly_aaum_value": "41",
      "mutual_fund_name": "41",
      "scheme_launch_date": "41"
     }
    ],
    "fund_manager": [
     {
      "managing_fund_since": "19-november-2024",
      "name": "Mr. Swapnil Mayekar",
      "qualification": "",
      "total_exp": "13 years"
     },
     {
      "managing_fund_since": "20-december-2024",
      "name": "Mr. Dishant Mehta",
      "qualification": "",
      "total_exp": "11 years"
     },
     {
      "managing_fund_since": "19-november-2024",
      "name": "Mr. Rakesh Shetty",
      "qualification": "",
      "total_exp": "14 years"
     },
     {
      "managing_fund_since": "",
      "name": "Expenses Ratio",
      "qualification": "",
      "total_exp": ""
     }
    ],
    "load": [
     {
      "comment": "/",
      "type": "entry"
     },
     {
      "comment": "Entry Load: Nil Exit Load : 1% if redeemed on or before 15 days of allotment. Nil- If redeemed after 15 days from the date of allotment. Inception Date 19-November-2024 NAV Regular Plan Growth Option : ` 9.7287 Direct Plan Growth Option : ` 9.7385 Scheme Statistics Monthly AAUM ` 13.02 ( ` cr) Latest AUM (31-Jan-2025) ` 13.05 ( ` cr)",
      "type": "exit"
     }
    ],
    "main_scheme_name": "Motilal Oswal Nifty MidSmall India Consumption Index Fund",
    "metrics": [
     {
      "name": "tracking_error",
      "value": "3"
     }
    ],
    "min_amt": "Rs 500",
    "min_amt_multiple": "Re 1",
    "monthly_aaum_date": "20250131",
    "monthly_aaum_value": "13.02",
    "mutual_fund_name": "Motilal Oswal Mutual Fund",
    "scheme_launch_date": "19-NOVEMBER-2024"
   }
  },
  {
   "value": {
    "amc_name": "Motilal Oswal Asset Management Company Limited",
    "benchmark_index": [
     "Nifty MidSmall Financial Services Total Return Index."
    ],
    "field_location": [
     {
      "amc_name": "42",
      "benchmark_index": "42",
      "count": 41,
      "fund_manager_managing_fund_since": "42",
      "fund_manager_name": "42",
      "fund_manager_total_exp": "42",
      "load_entry": "42",
      "load_exit": "42",
      "main_scheme_name": "42",
      "metrics_tracking_error": "42",
      "min_amt": "42",
      "min_amt_multiple": "42",
      "monthly_aaum_date": "42",
      "monthly_aaum_value": "42",
      "mutual_fund_name": "42",
      "scheme_launch_date": "42"
     }
    ],
    "fund_manager": [
     {
      "managing_fund_since": "19-november-2024",
      "name": "Mr. Swapnil Mayekar",
      "qualification": "",
      "total_exp": "13 years"
     },
     {
      "managing_fund_since": "20-december-2024",
      "name": "Mr. Dishant Mehta",
      "qualification": "",
      "total_exp": "11 years"
     },
     {
      "managing_fund_since": "19-november-2024",
      "name": "Mr. Rakesh Shetty",
      "qualification": "",
      "total_exp": "14 years"
     },
     {
      "managing_fund_since": "",
      "name": "Expenses Ratio",
      "qualification": "",
      "total_exp": ""
     }
    ],
    "load": [
     {
      "comment": "/",
      "type": "entry"
     },
     {
      "comment": "Entry Load: Nil Exit Load : 1% if redeemed on or before 15 days of allotment. Nil- If redeemed after 15 days from the date of allotment. Inception Date 19-November-2024 NAV Regular Plan Growth Option : ` 9.9653 Direct Plan Growth Option : ` 9.9754 Scheme Statistics Monthly AAUM ` 14.55 ( ` cr) Latest AUM (31-Jan-2025) ` 14.63 ( ` cr)",
      "type": "exit"
     }
    ],
    "main_scheme_name": "Motilal Oswal Nifty MidSmall Financial Services Index Fund",
    "metrics": [
     {
      "name": "tracking_error",
      "value": "3"
     }
    ],
    "min_amt": "Rs 500",
    "min_amt_multiple": "Re 1",
    "monthly_aaum_date": "20250131",
    "monthly_aaum_value": "14.55",
    "mutual_fund_name": "Motilal Oswal Mutual Fund",
    "scheme_launch_date": "19-NOVEMBER-2024"
   }
  },
  {
   "value": {
    "amc_name": "Motilal Oswal Asset Management Company Limited",
    "benchmark_index": [
     "Nifty MidSmall IT and Telecom Total Return Index."
    ],
    "field_location": [
     {
      "amc_name": "43",
      "benchmark_index": "43",
      "count": 41,
      "fund_manager_managing_fund_since": "43",
      "fund_manager_name": "43",
      "fund_manager_total_exp": "43",
      "load_entry": "43",
      "load_exit": "43",
      "main_scheme_name": "43",
      "metrics_tracking_error": "43",
      "min_amt": "43",
      "min_amt_multiple": "43",
      "monthly_aaum_date": "43",
      "monthly_aaum_value": "43",
      "mutual_fund_name": "43",
      "scheme_launch_date": "43"
     }
    ],
    "fund_manager": [
     {
      "managing_fund_since": "19-november-2024",
      "name": "Mr. Swapnil Mayekar",
      "qualification": "",
      "total_exp": "13 years"
     },
     {
      "managing_fund_since": "20-december-2024",
      "name": "Mr. Dishant Mehta",
      "qualification": "",
      "total_exp": "11 years"
     },
     {
      "managing_fund_since": "19-november-2024",
      "name": "Mr. Rakesh Shetty",
      "qualification": "",
      "total_exp": "14 years"
     },
     {
      "managing_fund_since": "",
      "name": "Expenses Ratio",
      "qualification": "",
      "total_exp": ""
     }
    ],
    "load": [
     {
      "comment": "/",
      "type": "entry"
     },
     {
      "comment": "Entry Load: Nil Exit Load : 1% if redeemed on or before 15 days of allotment. Nil- If redeemed after 15 days from the date of allotment. Inception Date 19-November-2024 NAV Regular Plan Growth Option : ` 9.9318 Direct Plan Growth Option : ` 9.9418 Scheme Statistics Monthly AAUM ` 19.46 ( ` cr) Latest AUM (31-Jan-2025) ` 19.09 ( ` cr)",
      "type": "exit"
     }
    ],
    "main_scheme_name": "Motilal Oswal Nifty MidSmall IT and Telecom Index Fund",
    "metrics": [
     {
      "name": "tracking_error",
      "value": "3"
     }
    ],
    "min_amt": "Rs 500",
    "min_amt_multiple": "Re 1",
    "monthly_aaum_date": "20250131",
    "monthly_aaum_value": "19.46",
    "mutual_fund_name": "Motilal Oswal Mutual Fund",
    "scheme_launch_date": "19-NOVEMBER-2024"
   }
  },
  {
   "value": {
    "amc_name": "Motilal Oswal Asset Management Company Limited",
    "benchmark_index": [
     "Nifty Capital Market Total Return Index"
    ],
    "field_location": [
     {
      "amc_name": "44",
      "benchmark_index": "44",
      "count": 41,
      "fund_manager_managing_fund_since": "44",
      "fund_manager_name": "44",
      "fund_manager_total_exp": "44",
      "load_entry": "44",
      "load_exit": "44",
      "main_scheme_name": "44",
      "min_amt": "44",
      "min_amt_multiple": "44",
      "monthly_aaum_date": "44",
      "monthly_aaum_value": "44",
      "mutual_fund_name": "44",
      "scheme_launch_date": "44"
     }
    ],
    "fund_manager": [
     {
      "managing_fund_since": "16-december-2024",
      "name": "Mr. Swapnil Mayekar",
      "qualification": "",
      "total_exp": "13 years"
     },
     {
      "managing_fund_since": "20-december-2024",
      "name": "Mr. Dishant Mehta",
      "qualification": "",
      "total_exp": "11 years"
     },
     {
      "managing_fund_since": "16-december-2024",
      "name": "Mr. Rakesh Shetty",
      "qualification": "",
      "total_exp": "14 years"
     },
     {
      "managing_fund_since": "",
      "name": "Expenses Ratio",
      "qualification": "",
      "total_exp": ""
     }
    ],
    "load": [
     {
      "comment": "/",
      "type": "entry"
     },
     {
      "comment": "Entry Load: Nil Exit Load : 1% if redeemed on or before 15 days of allotment. Nil- If redeemed after 15 days from the date of allotment. Inception Date 16-December-2024 NAV Regular Plan Growth Option : ` 8.1439 Direct Plan Growth Option : ` 8.1512 Scheme Statistics Monthly AAUM ` 85.28 ( ` cr) Latest AUM (31-Jan-2025) ` 85.17 ( ` cr)",
      "type": "exit"
     }
    ],
    "main_scheme_name": "Motilal Oswal Nifty Capital Market Index Fund",
    "min_amt": "500",
    "min_amt_multiple": "1",
    "monthly_aaum_date": "20250131",
    "monthly_aaum_value": "85.28",
    "mutual_fund_name": "Motilal Oswal Mutual Fund",
    "scheme_launch_date": "16-DECEMBER-2024"
   }
  }
 ]
}