{
 "metadata": {
  "document_name": "2_31-Jan-25_FS.pdf",
  "file_type": "fs",
  "process_date": "20250211"
 },
 "records": [
  {
   "value": {
    "amc_name": "Baroda BNP Paribas Asset Management India Private Limited",
    "benchmark_index": [
     "(Tier 1) Nifty 100 TRI"
    ],
    "field_location": [
     {
      "amc_name": "7",
      "benchmark_index": "7",
      "count": 42,
      "fund_manager_managing_fund_since": "7",
      "fund_manager_name": "7",
      "load_exit": "7",
      "main_scheme_name": "7",
      "metrics_beta": "7",
      "metrics_port_turnover_ratio": "7",
      "metrics_roe_ratio": "7",
      "metrics_sharpe": "7",
      "metrics_std_dev": "7",
      "min_addl_amt": "7",
      "min_addl_amt_multiple": "7",
      "min_amt": "7",
      "min_amt_multiple": "7",
      "monthly_aaum_date": "7",
      "monthly_aaum_value": "7",
      "mutual_fund_name": "7",
      "scheme_launch_date": "7"
     }
    ],
    "fund_manager": [
     {
      "managing_fund_since": "16-jun-22",
      "name": "Mr. Jitendra Sriram",
      "qualification": "",
      "total_exp": ""
     },
     {
      "managing_fund_since": "21-oct-24",
      "name": "Mr. Kushant Arora",
      "qualification": "",
      "total_exp": ""
     }
    ],
    "load": [
     {
      "comment": "• If units of the Scheme are redeemed or switched out within 30 days of the date of allotment - 1% of the applicable Net Asset Value (NAV) • If units of the Scheme are redeemed or switched out after 30 days of allotment - Nil For detailed load structure please refer Scheme Information Document of the scheme.",
      "type": "exit"
     }
    ],
    "main_scheme_name": "Baroda BNP Paribas Large Cap Fund",
    "metrics": [
     {
      "name": "sharpe",
      "value": "0.60"
     },
     {
      "name": "std_dev",
      "value": "12.69%"
     },
     {
      "name": "beta",
      "value": "0.92"
     },
     {
      "name": "port_turnover_ratio",
      "value": "0.68"
     },
     {
      "name": "roe_ratio",
      "value": "17.78"
     }
    ],
    "min_addl_amt": "₹ 1,000",
    "min_addl_amt_multiple": "₹ 1",
    "min_amt": "5,000",
    "min_amt_multiple": "₹ 1,000",
    "monthly_aaum_date": "20250131",
    "monthly_aaum_value": "2,373.28 Crores",
    "mutual_fund_name": "Baroda BNP Paribas Mutual Fund",
    "scheme_launch_date": "20040923"
   }
  },
  {
   "value": {
    "amc_name": "Baroda BNP Paribas Asset Management India Private Limited",
    "benchmark_index": [
     "(Tier 1) BSE 250 Large & Mid Cap TRI"
    ],
    "field_location": [
     {
      "amc_name": "8",
      "benchmark_index": "8",
      "count": 42,
      "fund_manager_managing_fund_since": "8",
      "fund_manager_name": "8",
      "load_exit": "8",
      "main_scheme_name": "8",
      "metrics_beta": "8",
      "metrics_port_turnover_ratio": "8",
      "metrics_roe_ratio": "8",
      "metrics_sharpe": "8",
      "metrics_std_dev": "8",
      "min_addl_amt": "8",
      "min_addl_amt_multiple": "8",
      "min_amt": "8",
      "min_amt_multiple": "8",
      "monthly_aaum_date": "8",
      "monthly_aaum_value": "8",
      "mutual_fund_name": "8",
      "scheme_launch_date": "8"
     }
    ],
    "fund_manager": [
     {
      "managing_fund_since": "04-sep-20",
      "name": "Mr. Sanjay Chawla",
      "qualification": "",
      "total_exp": ""
     },
     {
      "managing_fund_since": "01-jan-25",
      "name": "Mr. Kirtan Mehta",
      "qualification": "",
      "total_exp": ""
     }
    ],
    "load": [
     {
      "comment": "• Upto 365 days • Redeemed or switched out upto 10% of the allotment: Nil • Redeemed or switched out more than 10% of the allotment: 1% After 365 days - Nil For detailed load structure please refer Scheme Information Document of the scheme.",
      "type": "exit"
     }
    ],
    "main_scheme_name": "Baroda BNP Paribas Large & Mid Cap Fund",
    "metrics": [
     {
      "name": "sharpe",
      "value": "0.63"
     },
     {
      "name": "std_dev",
      "value": "14.80%"
     },
     {
      "name": "beta",
      "value": "0.99"
     },
     {
      "name": "port_turnover_ratio",
      "value": "0.92"
     },
     {
      "name": "roe_ratio",
      "value": "17.12"
     }
    ],
    "min_addl_amt": "₹ 1,000",
    "min_addl_amt_multiple": "₹ 1",
    "min_amt": "₹ 5,000",
    "min_amt_multiple": "₹ 1,000",
    "monthly_aaum_date": "20250131",
    "monthly_aaum_value": "1,480.95 Crores",
    "mutual_fund_name": "Baroda BNP Paribas Mutual Fund",
    "scheme_launch_date": "20200904"
   }
  },
  {
   "value": {
    "amc_name": "Baroda BNP Paribas Asset Management India Private Limited",
    "benchmark_index": [
     "(Tier 1) Nifty Midcap 150 TRI"
    ],
    "field_location": [
     {
      "amc_name": "9",
      "benchmark_index": "9",
      "count": 42,
      "fund_manager_managing_fund_since": "9",
      "fund_manager_name": "9",
      "load_exit": "9",
      "main_scheme_name": "9",
      "metrics_beta": "9",
      "metrics_port_turnover_ratio": "9",
      "metrics_roe_ratio": "9",
      "metrics_sharpe": "9",
      "metrics_std_dev": "9",
      "min_addl_amt": "9",
      "min_addl_amt_multiple": "9",
      "min_amt": "9",
      "min_amt_multiple": "9",
      "monthly_aaum_date": "9",
      "monthly_aaum_value": "9",
      "mutual_fund_name": "9",
      "scheme_launch_date": "9"
     }
    ],
    "fund_manager": [
     {
      "managing_fund_since": "13-jul-22",
      "name": "Mr. Shiv Chanani",
      "qualification": "",
      "total_exp": ""
     },
     {
      "managing_fund_since": "21-oct-24",
      "name": "Mr. Himanshu Singh",
      "qualification": "",
      "total_exp": ""
     }
    ],
    "load": [
     {
      "comment": "• Within 12 months • Redeemed or switched out upto 10% of the allotment: Nil • Redeemed or switched out more than 10% from the date of allotment : 1% After 12 months - Nil For detailed load structure please refer Scheme Information Document of the scheme.",
      "type": "exit"
     }
    ],
    "main_scheme_name": "Baroda BNP Paribas Mid Cap Fund",
    "metrics": [
     {
      "name": "sharpe",
      "value": "0.81"
     },
     {
      "name": "std_dev",
      "value": "13.86%"
     },
     {
      "name": "beta",
      "value": "0.82"
     },
     {
      "name": "port_turnover_ratio",
      "value": "0.86"
     },
     {
      "name": "roe_ratio",
      "value": "17.23"
     }
    ],
    "min_addl_amt": "₹ 1,000",
    "min_addl_amt_multiple": "₹ 1",
    "min_amt": "₹ 5,000",
    "min_amt_multiple": "₹ 1,000",
    "monthly_aaum_date": "20250131",
    "monthly_aaum_value": "2,090.50 Crores",
    "mutual_fund_name": "Baroda BNP Paribas Mutual Fund",
    "scheme_launch_date": "20060502"
   }
  },
  {
   "value": {
    "amc_name": "Baroda BNP Paribas Asset Management India Private Limited",
    "benchmark_index": [
     "(Tier 1) Nifty Small Cap 250 TRI"
    ],
    "field_location": [
     {
      "amc_name": "10",
      "benchmark_index": "10",
      "count": 42,
      "fund_manager_managing_fund_since": "10",
      "fund_manager_name": "10",
      "load_exit": "10",
      "main_scheme_name": "10",
      "metrics_port_turnover_ratio": "10",
      "metrics_roe_ratio": "10",
      "min_addl_amt": "10",
      "min_addl_amt_multiple": "10",
      "min_amt": "10",
      "min_amt_multiple": "10",
      "monthly_aaum_date": "10",
      "monthly_aaum_value": "10",
      "mutual_fund_name": "10",
      "scheme_launch_date": "10"
     }
    ],
    "fund_manager": [
     {
      "managing_fund_since": "30-oct-23",
      "name": "Mr. Shiv Chanani",
      "qualification": "",
      "total_exp": ""
     },
     {
      "managing_fund_since": "21-oct-24",
      "name": "Mr. Himanshu Singh",
      "qualification": "",
      "total_exp": ""
     }
    ],
    "load": [
     {
      "comment": "• If units of the Scheme are redeemed or switched out up to 10% of the units within 1 year from the date of allotment - Nil. • If units of the scheme are redeemed or switched out in excess of the limit within 1 year from the date of allotment - 1% of the applicable NAV. • If units of scheme are redeemed or switched out after 1 year from the date of allotment - Nil. For detailed load structure please refer Scheme Information Document of the scheme.",
      "type": "exit"
     }
    ],
    "main_scheme_name": "Baroda BNP Paribas Small Cap Fund",
    "metrics": [
     {
      "name": "port_turnover_ratio",
      "value": "0.69"
     },
     {
      "name": "roe_ratio",
      "value": "15.86"
     }
    ],
    "min_addl_amt": "₹ 1,000",
    "min_addl_amt_multiple": "₹ 1",
    "min_amt": "₹ 5,000",
    "min_amt_multiple": "₹ 1",
    "monthly_aaum_date": "20250131",
    "monthly_aaum_value": "1,318.68 Crores",
    "mutual_fund_name": "Baroda BNP Paribas Mutual Fund",
    "scheme_launch_date": "20231030"
   }
  },
  {
   "value": {
    "amc_name": "Baroda BNP Paribas Asset Management India Private Limited",
    "benchmark_index": [
     "(Tier 1) Nifty 500 TRI"
    ],
    "field_location": [
     {
      "amc_name": "11",
      "benchmark_index": "11",
      "count": 42,
      "fund_manager_managing_fund_since": "11",
      "fund_manager_name": "11",
      "load_exit": "11",
      "main_scheme_name": "11",
      "metrics_port_turnover_ratio": "11",
      "metrics_roe_ratio": "11",
      "min_addl_amt": "11",
      "min_addl_amt_multiple": "11",
      "min_amt": "11",
      "min_amt_multiple": "11",
      "monthly_aaum_date": "11",
      "monthly_aaum_value": "11",
      "mutual_fund_name": "11",
      "scheme_launch_date": "11"
     }
    ],
    "fund_manager": [
     {
      "managing_fund_since": "17-aug-22",
      "name": "Mr. Sanjay Chawla",
      "qualification": "",
      "total_exp": ""
     },
     {
      "managing_fund_since": "01-jan-25",
      "name": "Mr. Kirtan Mehta",
      "qualification": "",
      "total_exp": ""
     }
    ],
    "load": [
     {
      "comment": "• Upto 12 months • Redeemed or switched out upto 10% of the allotment: Nil • Redeemed or switched out more than 10% of the allotment: 1% After 12 months - Nil For detailed load structure please refer Scheme Information Document of the scheme.",
      "type": "exit"
     }
    ],
    "main_scheme_name": "Baroda BNP Paribas Flexi Cap Fund",
    "metrics": [
     {
      "name": "port_turnover_ratio",
      "value": "0.84"
     },
     {
      "name": "roe_ratio",
      "value": "15.44"
     }
    ],
    "min_addl_amt": "₹ 1,000",
    "min_addl_amt_multiple": "₹ 1",
    "min_amt": "₹ 5,000",
    "min_amt_multiple": "₹ 1",
    "monthly_aaum_date": "20250131",
    "monthly_aaum_value": "1,252.88 Crores",
    "mutual_fund_name": "Baroda BNP Paribas Mutual Fund",
    "scheme_launch_date": "20220817"
   }
  },
  {
   "value": {
    "amc_name": "Baroda BNP Paribas Asset Management India Private Limited",
    "benchmark_index": [
     "(Tier 1) Nifty 500 Multicap 50:25:25 TRI"
    ],
    "field_location": [
     {
      "amc_name": "12",
      "benchmark_index": "12",
      "count": 42,
      "fund_manager_managing_fund_since": "12",
      "fund_manager_name": "12",
      "load_exit": "12",
      "main_scheme_name": "12",
      "metrics_beta": "12",
      "metrics_port_turnover_ratio": "12",
      "metrics_roe_ratio": "12",
      "metrics_sharpe": "12",
      "metrics_std_dev": "12",
      "min_addl_amt": "12",
      "min_addl_amt_multiple": "12",
      "min_amt": "12",
      "min_amt_multiple": "12",
      "monthly_aaum_date": "12",
      "monthly_aaum_value": "12",
      "mutual_fund_name": "12",
      "scheme_launch_date": "12"
     }
    ],
    "fund_manager": [
     {
      "managing_fund_since": "01-nov-15",
      "name": "Mr. Sanjay Chawla",
      "qualification": "",
      "total_exp": ""
     },
     {
      "managing_fund_since": "14-mar-22",
      "name": "Mr. Sandeep Jain",
      "qualification": "",
      "total_exp": ""
     }
    ],
    "load": [
     {
      "comment": "• Redeemed or switched out from the date of allotment: upto 12 month: 1% • after 12 month: Nil For detailed load structure please refer Scheme Information Document of the scheme.",
      "type": "exit"
     }
    ],
    "main_scheme_name": "Baroda BNP Paribas Multi Cap Fund",
    "metrics": [
     {
      "name": "sharpe",
      "value": "0.69"
     },
     {
      "name": "std_dev",
      "value": "14.26%"
     },
     {
      "name": "beta",
      "value": "0.90"
     },
     {
      "name": "port_turnover_ratio",
      "value": "1.10"
     },
     {
      "name": "roe_ratio",
      "value": "17.36"
     }
    ],
    "min_addl_amt": "₹ 1,000",
    "min_addl_amt_multiple": "₹ 1",
    "min_amt": "₹ 5,000",
    "min_amt_multiple": "₹ 1",
    "monthly_aaum_date": "20250131",
    "monthly_aaum_value": "2,719.98 Crores",
    "mutual_fund_name": "Baroda BNP Paribas Mutual Fund",
    "scheme_launch_date": "20030912"
   }
  },
  {
   "value": {
    "amc_name": "Baroda BNP Paribas Asset Management India Private Limited",
    "benchmark_index": [
     "(Tier 1) Nifty 500 TRI"
    ],
    "field_location": [
     {
      "amc_name": "13",
      "benchmark_index": "13",
      "count": 42,
      "fund_manager_managing_fund_since": "13",
      "fund_manager_name": "13",
      "load_exit": "13",
      "main_scheme_name": "13",
      "metrics_port_turnover_ratio": "13",
      "metrics_roe_ratio": "13",
      "min_addl_amt": "13",
      "min_addl_amt_multiple": "13",
      "min_amt": "13",
      "min_amt_multiple": "13",
      "monthly_aaum_date": "13",
      "monthly_aaum_value": "13",
      "mutual_fund_name": "13",
      "scheme_launch_date": "13"
     }
    ],
    "fund_manager": [
     {
      "managing_fund_since": "07-jun-23",
      "name": "Mr. Shiv Chanani",
      "qualification": "",
      "total_exp": ""
     },
     {
      "managing_fund_since": "21-oct-24",
      "name": "Mr. Himanshu Singh",
      "qualification": "",
      "total_exp": ""
     }
    ],
    "load": [
     {
      "comment": "• Upto 1 year: Redeemed or switched out up to 10% of the allotment: Nil. • Redeemed or switched out more than 10% of the allotment: 1% • After 1 year: Nil For detailed load structure please refer Scheme Information Document of the scheme.",
      "type": "exit"
     }
    ],
    "main_scheme_name": "Baroda BNP Paribas Value Fund",
    "metrics": [
     {
      "name": "port_turnover_ratio",
      "value": "0.66"
     },
     {
      "name": "roe_ratio",
      "value": "19.14"
     }
    ],
    "min_addl_amt": "₹ 1,000",
    "min_addl_amt_multiple": "₹ 1",
    "min_amt": "₹ 5,000",
    "min_amt_multiple": "₹ 1",
    "monthly_aaum_date": "20250131",
    "monthly_aaum_value": "1,380.56 Crores",
    "mutual_fund_name": "Baroda BNP Paribas Mutual Fund",
    "scheme_launch_date": "20230607"
   }
  },
  {
   "value": {
    "amc_name": "Baroda BNP Paribas Asset Management India Private Limited",
    "benchmark_index": [
     "(Tier 1) Nifty 500 TRI"
    ],
    "field_location": [
     {
      "amc_name": "14",
      "benchmark_index": "14",
      "count": 42,
      "fund_manager_managing_fund_since": "14",
      "fund_manager_name": "14",
      "load_exit": "14",
      "main_scheme_name": "14",
      "metrics_port_turnover_ratio": "14",
      "metrics_roe_ratio": "14",
      "min_addl_amt": "14",
      "min_addl_amt_multiple": "14",
      "min_amt": "14",
      "min_amt_multiple": "14",
      "monthly_aaum_date": "14",
      "monthly_aaum_value": "14",
      "mutual_fund_name": "14",
      "scheme_launch_date": "14"
     }
    ],
    "fund_manager": [
     {
      "managing_fund_since": "11-sep-24",
      "name": "Mr. Shiv Chanani",
      "qualification": "",
      "total_exp": ""
     },
     {
      "managing_fund_since": "21-oct-24",
      "name": "Mr. Himanshu Singh",
      "qualification": "",
      "total_exp": ""
     }
    ],
    "load": [
     {
      "comment": "• If units of the Scheme are redeemed or switched out up to 10% of the units (the limit) within 1 year from the date ofallotment - Nil. • If units of the Scheme are redeemed or switched out in excess of the limit within 1 year from the date of allotment - 1% of the applicable NAV. • If units of Scheme are redeemed or switched out aft er 1 year from the date ofallotment - Nil. For detailed load structure please refer Scheme Information Document of the scheme.",
      "type": "exit"
     }
    ],
    "main_scheme_name": "Baroda BNP Paribas Dividend Yield Fund",
    "metrics": [
     {
      "name": "port_turnover_ratio",
      "value": "0.66"
     },
     {
      "name": "roe_ratio",
      "value": "18.6"
     }
    ],
    "min_addl_amt": "₹ 1,000",
    "min_addl_amt_multiple": "₹ 1",
    "min_amt": "₹ 1,000",
    "min_amt_multiple": "₹ 1",
    "monthly_aaum_date": "20250131",
    "monthly_aaum_value": "989.07 Crores",
    "mutual_fund_name": "Baroda BNP Paribas Mutual Fund",
    "scheme_launch_date": "20240911"
   }
  },
  {
   "value": {
    "amc_name": "Baroda BNP Paribas Asset Management India Private Limited",
    "benchmark_index": [
     "(Tier 1) Nifty 500 TRI"
    ],
    "field_location": [
     {
      "amc_name": "15",
      "benchmark_index": "15",
      "count": 42,
      "fund_manager_managing_fund_since": "15",
      "fund_manager_name": "15",
      "load_exit": "15",
      "main_scheme_name": "15",
      "metrics_beta": "15",
      "metrics_port_turnover_ratio": "15",
      "metrics_roe_ratio": "15",
      "metrics_sharpe": "15",
      "metrics_std_dev": "15",
      "min_addl_amt": "15",
      "min_addl_amt_multiple": "15",
      "min_amt": "15",
      "min_amt_multiple": "15",
      "monthly_aaum_date": "15",
      "monthly_aaum_value": "15",
      "mutual_fund_name": "15",
      "scheme_launch_date": "15"
     }
    ],
    "fund_manager": [
     {
      "managing_fund_since": "14-mar-22",
      "name": "Mr. Sanjay Chawla",
      "qualification": "",
      "total_exp": ""
     },
     {
      "managing_fund_since": "01-jan-25",
      "name": "Mr. Kirtan Mehta",
      "qualification": "",
      "total_exp": ""
     }
    ],
    "load": [
     {
      "comment": "• Upto 12 months • Redeemed or switched out upto 10% of the allotment: Nil • Redeemed or switched out more than 10% of the allotment : 1% After 12 months - Nil For detailed load structure please refer Scheme Information Document of the scheme.",
      "type": "exit"
     }
    ],
    "main_scheme_name": "Baroda BNP Paribas Focused Fund*****",
    "metrics": [
     {
      "name": "sharpe",
      "value": "0.43"
     },
     {
      "name": "std_dev",
      "value": "13.73%"
     },
     {
      "name": "beta",
      "value": "0.93"
     },
     {
      "name": "port_turnover_ratio",
      "value": "1.45"
     },
     {
      "name": "roe_ratio",
      "value": "16.1"
     }
    ],
    "min_addl_amt": "₹ 1,000",
    "min_addl_amt_multiple": "₹ 1",
    "min_amt": "₹ 5,000",
    "min_amt_multiple": "₹ 1",
    "monthly_aaum_date": "20250131",
    "monthly_aaum_value": "654.26 Crores",
    "mutual_fund_name": "Baroda BNP Paribas Mutual Fund",
    "scheme_launch_date": "20171006"
   }
  },
  {
   "value": {
    "amc_name": "Baroda BNP Paribas Asset Management India Private Limited",
    "benchmark_index": [
     "(Tier 1) Nifty 500 TRI"
    ],
    "field_location": [
     {
      "amc_name": "16",
      "benchmark_index": "16",
      "count": 42,
      "fund_manager_managing_fund_since": "16",
      "fund_manager_name": "16",
      "load_exit": "16",
      "main_scheme_name": "16",
      "metrics_beta": "16",
      "metrics_port_turnover_ratio": "16",
      "metrics_roe_ratio": "16",
      "metrics_sharpe": "16",
      "metrics_std_dev": "16",
      "min_addl_amt": "16",
      "min_addl_amt_multiple": "16",
      "min_amt": "16",
      "min_amt_multiple": "16",
      "monthly_aaum_date": "16",
      "monthly_aaum_value": "16",
      "mutual_fund_name": "16",
      "scheme_launch_date": "16"
     }
    ],
    "fund_manager": [
     {
      "managing_fund_since": "14-mar-22",
      "name": "Mr. Sanjay Chawla",
      "qualification": "",
      "total_exp": ""
     },
     {
      "managing_fund_since": "14-mar-22",
      "name": "Mr. Pratish Krishnan",
      "qualification": "",
      "total_exp": ""
     }
    ],
    "load": [
     {
      "comment": "• Nil For detailed load structure please refer Scheme Information Document of the scheme.",
      "type": "exit"
     }
    ],
    "main_scheme_name": "Baroda BNP Paribas ELSS Tax Saver Fund",
    "metrics": [
     {
      "name": "sharpe",
      "value": "0.57"
     },
     {
      "name": "std_dev",
      "value": "13.70%"
     },
     {
      "name": "beta",
      "value": "0.93"
     },
     {
      "name": "port_turnover_ratio",
      "value": "0.87"
     },
     {
      "name": "roe_ratio",
      "value": "16.05"
     }
    ],
    "min_addl_amt": "₹ 500",
    "min_addl_amt_multiple": "₹ 500",
    "min_amt": "₹ 500",
    "min_amt_multiple": "₹ 500",
    "monthly_aaum_date": "20250131",
    "monthly_aaum_value": "913.00 Crores",
    "mutual_fund_name": "Baroda BNP Paribas Mutual Fund",
    "scheme_launch_date": "20060105"
   }
  },
  {
   "value": {
    "amc_name": "Baroda BNP Paribas Asset Management India Private Limited",
    "benchmark_index": [
     "(Tier 1) Nifty India Consumption TRI"
    ],
    "field_location": [
     {
      "amc_name": "17",
      "benchmark_index": "17",
      "count": 42,
      "fund_manager_managing_fund_since": "17",
      "fund_manager_name": "17",
      "load_exit": "17",
      "main_scheme_name": "17",
      "metrics_beta": "17",
      "metrics_port_turnover_ratio": "17",
      "metrics_roe_ratio": "17",
      "metrics_sharpe": "17",
      "metrics_std_dev": "17",
      "min_addl_amt": "17",
      "min_addl_amt_multiple": "17",
      "min_amt": "17",
      "min_amt_multiple": "17",
      "monthly_aaum_date": "17",
      "monthly_aaum_value": "17",
      "mutual_fund_name": "17",
      "scheme_launch_date": "17"
     }
    ],
    "fund_manager": [
     {
      "managing_fund_since": "13-jul-22",
      "name": "Mr. Shiv Chanani",
      "qualification": "",
      "total_exp": ""
     },
     {
      "managing_fund_since": "21-oct-24",
      "name": "Mr. Himanshu Singh",
      "qualification": "",
      "total_exp": ""
     }
    ],
    "load": [
     {
      "comment": "• Upto 12 months • Redeemed or switched out upto 10% of the allotment: Nil • Redeemed or switched out more than 10% of the allotment: 1% After 12 months - Nil For detailed load structure please refer Scheme Information Document of the scheme.",
      "type": "exit"
     }
    ],
    "main_scheme_name": "Baroda BNP Paribas India Consumption Fund",
    "metrics": [
     {
      "name": "sharpe",
      "value": "0.71"
     },
     {
      "name": "std_dev",
      "value": "13.88%"
     },
     {
      "name": "beta",
      "value": "0.88"
     },
     {
      "name": "port_turnover_ratio",
      "value": "0.62"
     },
     {
      "name": "roe_ratio",
      "value": "20.82"
     }
    ],
    "min_addl_amt": "₹ 500",
    "min_addl_amt_multiple": "₹ 500",
    "min_amt": "₹ 500",
    "min_amt_multiple": "500",
    "monthly_aaum_date": "20250131",
    "monthly_aaum_value": "1,427.75 Crores",
    "mutual_fund_name": "Baroda BNP Paribas Mutual Fund",
    "scheme_launch_date": "20180907"
   }
  },
  {
   "value": {
    "amc_name": "Baroda BNP Paribas Asset Management India Private Limited",
    "benchmark_index": [
     "(Tier 1) BSE 500 TRI"
    ],
    "field_location": [
     {
      "amc_name": "18",
      "benchmark_index": "18",
      "count": 42,
      "fund_manager_managing_fund_since": "18",
      "fund_manager_name": "18",
      "load_exit": "18",
      "main_scheme_name": "18",
      "metrics_beta": "18",
      "metrics_port_turnover_ratio": "18",
      "metrics_roe_ratio": "18",
      "metrics_sharpe": "18",
      "metrics_std_dev": "18",
      "min_addl_amt": "18",
      "min_addl_amt_multiple": "18",
      "min_amt": "18",
      "min_amt_multiple": "18",
      "monthly_aaum_date": "18",
      "monthly_aaum_value": "18",
      "mutual_fund_name": "18",
      "scheme_launch_date": "18"
     }
    ],
    "fund_manager": [
     {
      "managing_fund_since": "01-nov-23",
      "name": "Mr. Jitendra Sriram",
      "qualification": "",
      "total_exp": ""
     },
     {
      "managing_fund_since": "21-oct-24",
      "name": "Mr. Kushant Arora",
      "qualification": "",
      "total_exp": ""
     }
    ],
    "load": [
     {
      "comment": "• Upto 1 year • Redeemed or switched out upto 10% of the allotment: Nil • Redeemed or switched out more than 10% of the allotment: 1% After 1 year - Nil For detailed load structure please refer Scheme Information Document of the scheme.",
      "type": "exit"
     }
    ],
    "main_scheme_name": "Baroda BNP Paribas Business Cycle Fund",
    "metrics": [
     {
      "name": "sharpe",
      "value": "0.58"
     },
     {
      "name": "std_dev",
      "value": "14.43%"
     },
     {
      "name": "beta",
      "value": "1.01"
     },
     {
      "name": "port_turnover_ratio",
      "value": "0.56"
     },
     {
      "name": "roe_ratio",
      "value": "19.24"
     }
    ],
    "min_addl_amt": "₹ 1,000",
    "min_addl_amt_multiple": "₹ 1",
    "min_amt": "₹ 5,000",
    "min_amt_multiple": "₹ 1",
    "monthly_aaum_date": "20250131",
    "monthly_aaum_value": "576.38 Crores",
    "mutual_fund_name": "Baroda BNP Paribas Mutual Fund",
    "scheme_launch_date": "20210915"
   }
  },
  {
   "value": {
    "amc_name": "Baroda BNP Paribas Asset Management India Private Limited",
    "benchmark_index": [
     "(Tier 1) Nifty Financial Services TRI"
    ],
    "field_location": [
     {
      "amc_name": "19",
      "benchmark_index": "19",
      "count": 42,
      "fund_manager_managing_fund_since": "19",
      "fund_manager_name": "19",
      "load_exit": "19",
      "main_scheme_name": "19",
      "metrics_port_turnover_ratio": "19",
      "metrics_roe_ratio": "19",
      "metrics_sharpe": "19",
      "min_addl_amt": "19",
      "min_addl_amt_multiple": "19",
      "min_amt": "19",
      "min_amt_multiple": "19",
      "monthly_aaum_date": "19",
      "monthly_aaum_value": "19",
      "mutual_fund_name": "19",
      "scheme_launch_date": "19"
     }
    ],
    "fund_manager": [
     {
      "managing_fund_since": "14-mar-22",
      "name": "Mr. Sandeep Jain",
      "qualification": "",
      "total_exp": ""
     },
     {
      "managing_fund_since": "21-oct-24",
      "name": "Mr. Arjun Bagga",
      "qualification": "",
      "total_exp": ""
     }
    ],
    "load": [
     {
      "comment": "• If units of the Scheme are redeemed or switched out within 30 days of the date of allotment - 1% of the applicable Net Asset Value (NAV) • If units of the Scheme are redeemed or switched out after 30 days of allotment - Nil For detailed load structure please refer Scheme Information Document of the scheme.",
      "type": "exit"
     }
    ],
    "main_scheme_name": "Baroda BNP Paribas Banking & Financial Services Fund",
    "metrics": [
     {
      "name": "port_turnover_ratio",
      "value": "1.15"
     },
     {
      "name": "roe_ratio",
      "value": "16.39"
     },
     {
      "name": "sharpe",
      "value": "6.65"
     }
    ],
    "min_addl_amt": "₹ 1,000",
    "min_addl_amt_multiple": "₹ 1",
    "min_amt": "₹ 5,000",
    "min_amt_multiple": "₹ 1",
    "monthly_aaum_date": "20250131",
    "monthly_aaum_value": "210.18 Crores",
    "mutual_fund_name": "Baroda BNP Paribas Mutual Fund",
    "scheme_launch_date": "20120622"
   }
  },
  {
   "value": {
    "amc_name": "Baroda BNP Paribas Asset Management India Private Limited",
    "benchmark_index": [
     "(Tier 1) Nifty 500 TRI"
    ],
    "field_location": [
     {
      "amc_name": "20",
      "benchmark_index": "20",
      "count": 42,
      "fund_manager_managing_fund_since": "20",
      "fund_manager_name": "20",
      "load_exit": "20",
      "main_scheme_name": "20",
      "metrics_macaulay": "20",
      "metrics_port_turnover_ratio": "20",
      "metrics_roe_ratio": "20",
      "min_addl_amt": "20",
      "min_addl_amt_multiple": "20",
      "min_amt": "20",
      "min_amt_multiple": "20",
      "monthly_aaum_date": "20",
      "monthly_aaum_value": "20",
      "mutual_fund_name": "20",
      "scheme_launch_date": "20"
     }
    ],
    "fund_manager": [
     {
      "managing_fund_since": "05-mar-24",
      "name": "Mr. Pratish Krishnan",
      "qualification": "",
      "total_exp": ""
     },
     {
      "managing_fund_since": "01-jan-25",
      "name": "Mr. Ankeet Pandya",
      "qualification": "",
      "total_exp": ""
     }
    ],
    "load": [
     {
      "comment": "• The primary objective of the Scheme is to generate regular income by investing in a",
      "type": "exit"
     }
    ],
    "main_scheme_name": "Baroda BNP Paribas Innovation Fund",
    "metrics": [
     {
      "name": "port_turnover_ratio",
      "value": "0.56"
     },
     {
      "name": "macaulay",
      "value": "3"
     },
     {
      "name": "roe_ratio",
      "value": "17.58"
     }
    ],
    "min_addl_amt": "₹ 1,000",
    "min_addl_amt_multiple": "₹ 1",
    "min_amt": "₹ 5,000",
    "min_amt_multiple": "₹ 1",
    "monthly_aaum_date": "20250131",
    "monthly_aaum_value": "1,103.87 Crores",
    "mutual_fund_name": "Baroda BNP Paribas Mutual Fund",
    "scheme_launch_date": "20240305"
   }
  },
  {
   "value": {
    "amc_name": "Baroda BNP Paribas Asset Management India Private Limited",
    "benchmark_index": [
     "(Tier 1) Nifty India Manufacturing TRI"
    ],
    "field_location": [
     {
      "amc_name": "21",
      "benchmark_index": "21",
      "count": 42,
      "fund_manager_managing_fund_since": "21",
      "fund_manager_name": "21",
      "load_exit": "21",
      "main_scheme_name": "21",
      "metrics_port_turnover_ratio": "21",
      "metrics_roe_ratio": "21",
      "min_addl_amt": "21",
      "min_addl_amt_multiple": "21",
      "min_amt": "21",
      "min_amt_multiple": "21",
      "monthly_aaum_date": "21",
      "monthly_aaum_value": "21",
      "mutual_fund_name": "21",
      "scheme_launch_date": "21"
     }
    ],
    "fund_manager": [
     {
      "managing_fund_since": "28-jun-24",
      "name": "Mr. Jitendra Sriram",
      "qualification": "",
      "total_exp": ""
     },
     {
      "managing_fund_since": "21-oct-24",
      "name": "Mr. Kushant Arora",
      "qualification": "",
      "total_exp": ""
     }
    ],
    "load": [
     {
      "comment": "• • If units of the Scheme are redeemed or switched out up to 10% of the units within 1 year from the date of allotment - Nil. • If units of the Scheme are redeemed or switched out in excess of the limit within 1 year from the date of allotment - 1% of the applicable NAV. • If units of Scheme are redeemed or switched out after 1 year from the date of allotment - Nil. For detailed load structure please refer Scheme Information Document of the scheme.",
      "type": "exit"
     }
    ],
    "main_scheme_name": "Baroda BNP Paribas Manufacturing Fund",
    "metrics": [
     {
      "name": "port_turnover_ratio",
      "value": "0.37"
     },
     {
      "name": "roe_ratio",
      "value": "16.55"
     }
    ],
    "min_addl_amt": "₹ 1,000",
    "min_addl_amt_multiple": "₹ 1",
    "min_amt": "₹ 1,000",
    "min_amt_multiple": "₹ 1",
    "monthly_aaum_date": "20250131",
    "monthly_aaum_value": "1,315.26 Crores",
    "mutual_fund_name": "Baroda BNP Paribas Mutual Fund",
    "scheme_launch_date": "20240628"
   }
  },
  {
   "value": {
    "amc_name": "Baroda BNP Paribas Asset Management India Private Limited",
    "benchmark_index": [
     "(Tier 1) MSCI World Index (TRI)"
    ],
    "field_location": [
     {
      "amc_name": "22",
      "benchmark_index": "22",
      "count": 42,
      "fund_manager_managing_fund_since": "22",
      "fund_manager_name": "22",
      "load_exit": "22",
      "main_scheme_name": "22",
      "metrics_port_turnover_ratio": "22",
      "min_addl_amt": "22",
      "min_addl_amt_multiple": "22",
      "min_amt": "22",
      "min_amt_multiple": "22",
      "monthly_aaum_date": "22",
      "mutual_fund_name": "22",
      "scheme_launch_date": "22"
     }
    ],
    "fund_manager": [
     {
      "managing_fund_since": "21-oct-24",
      "name": "Ms. Swapna Shelar",
      "qualification": "",
      "total_exp": ""
     }
    ],
    "load": [
     {
      "comment": "• Redeemed or switched out from the date of allotment: upto 12 month: 1% after 12 month: Nil For detailed load structure please refer Scheme Information Document of the scheme.",
      "type": "exit"
     }
    ],
    "main_scheme_name": "Baroda BNP Paribas Aqua Fund of Fund",
    "metrics": [
     {
      "name": "port_turnover_ratio",
      "value": "58.04"
     }
    ],
    "min_addl_amt": "₹ 1,000",
    "min_addl_amt_multiple": "₹ 1",
    "min_amt": "₹ 5,000",
    "min_amt_multiple": "₹ 1,000",
    "monthly_aaum_date": "20250131",
    "mutual_fund_name": "Baroda BNP Paribas Mutual Fund",
    "scheme_launch_date": "20210507"
   }
  },
  {
   "value": {
    "amc_name": "Baroda BNP Paribas Asset Management India Private Limited",
    "benchmark_index": [
     "(Tier 1) NIFTY 50 Hybrid Composite debt 50:50 Index"
    ],
    "field_location": [
     {
      "amc_name": "23",
      "benchmark_index": "23",
      "count": 42,
      "load_exit": "23",
      "main_scheme_name": "23",
      "metrics_avg_maturity": "23",
      "metrics_beta": "23",
      "metrics_macaulay": "23",
      "metrics_mod_duration": "23",
      "metrics_port_turnover_ratio": "23",
      "metrics_roe_ratio": "23",
      "metrics_sharpe": "23",
      "metrics_std_dev": "23",
      "metrics_ytm": "23",
      "min_addl_amt": "23",
      "min_addl_amt_multiple": "23",
      "min_amt": "23",
      "min_amt_multiple": "23",
      "monthly_aaum_date": "23",
      "monthly_aaum_value": "23",
      "mutual_fund_name": "23",
      "scheme_launch_date": "23"
     }
    ],
    "load": [
     {
      "comment": "• Upto 1 year • Redeemed or switched out upto 10% of the allotment: Nil • Redeemed or switched out more than 10% of the allotment: 1% After 1 year - Nil For detailed load structure please refer Scheme Information Document of the scheme.",
      "type": "exit"
     }
    ],
    "main_scheme_name": "Baroda BNP Paribas Balanced Advantage Fund",
    "metrics": [
     {
      "name": "sharpe",
      "value": "0.57"
     },
     {
      "name": "std_dev",
      "value": "9.31%"
     },
     {
      "name": "beta",
      "value": "1.25"
     },
     {
      "name": "ytm",
      "value": "7.85%"
     },
     {
      "name": "port_turnover_ratio",
      "value": "2.30"
     },
     {
      "name": "mod_duration",
      "value": "3.59"
     },
     {
      "name": "avg_maturity",
      "value": "6.00"
     },
     {
      "name": "macaulay",
      "value": "3.74"
     },
     {
      "name": "roe_ratio",
      "value": "16.54"
     }
    ],
    "min_addl_amt": "₹ 1,000",
    "min_addl_amt_multiple": "₹ 1",
    "min_amt": "₹ 5,000",
    "min_amt_multiple": "₹ 1",
    "monthly_aaum_date": "20250131",
    "monthly_aaum_value": "4,123.52 Crores",
    "mutual_fund_name": "Baroda BNP Paribas Mutual Fund",
    "scheme_launch_date": "20181114"
   }
  },
  {
   "value": {
    "amc_name": "Baroda BNP Paribas Asset Management India Private Limited",
    "benchmark_index": [
     "(Tier 1) CRISIL Hybrid 35+65-Aggressive Index"
    ],
    "field_location": [
     {
      "amc_name": "25",
      "benchmark_index": "25",
      "count": 42,
      "fund_manager_managing_fund_since": "25",
      "load_exit": "25",
      "main_scheme_name": "25",
      "metrics_avg_maturity": "25",
      "metrics_beta": "25",
      "metrics_macaulay": "25",
      "metrics_mod_duration": "25",
      "metrics_port_turnover_ratio": "25",
      "metrics_roe_ratio": "25",
      "metrics_sharpe": "25",
      "metrics_std_dev": "25",
      "metrics_ytm": "25",
      "min_addl_amt": "25",
      "min_addl_amt_multiple": "25",
      "min_amt": "25",
      "min_amt_multiple": "25",
      "monthly_aaum_date": "25",
      "monthly_aaum_value": "25",
      "mutual_fund_name": "25",
      "scheme_launch_date": "25"
     }
    ],
    "fund_manager": [
     {
      "managing_fund_since": "16-jun-22",
      "name": "",
      "qualification": "",
      "total_exp": ""
     },
     {
      "managing_fund_since": "14-mar-22",
      "name": "",
      "qualification": "",
      "total_exp": ""
     },
     {
      "managing_fund_since": "21-oct-24",
      "name": "",
      "qualification": "",
      "total_exp": ""
     }
    ],
    "load": [
     {
      "comment": "• Upto 12 months • Redeemed or switched out upto 10% of the allotment: Nil • Redeemed or switched out more than 10% of the allotment: 1% After 12 months - Nil For detailed load structure please refer Scheme Information Document of the scheme.",
      "type": "exit"
     }
    ],
    "main_scheme_name": "Baroda BNP Paribas Aggressive Hybrid Fund",
    "metrics": [
     {
      "name": "sharpe",
      "value": "0.64"
     },
     {
      "name": "std_dev",
      "value": "9.78%"
     },
     {
      "name": "beta",
      "value": "1.03"
     },
     {
      "name": "ytm",
      "value": "7.89%"
     },
     {
      "name": "port_turnover_ratio",
      "value": "0.93"
     },
     {
      "name": "mod_duration",
      "value": "2.37"
     },
     {
      "name": "avg_maturity",
      "value": "3.39"
     },
     {
      "name": "macaulay",
      "value": "2.51"
     },
     {
      "name": "roe_ratio",
      "value": "19.38"
     }
    ],
    "min_addl_amt": "₹ 1,000",
    "min_addl_amt_multiple": "₹ 1",
    "min_amt": "₹ 5,000",
    "min_amt_multiple": "₹ 1",
    "monthly_aaum_date": "20250131",
    "monthly_aaum_value": "1,164.29 Crores",
    "mutual_fund_name": "Baroda BNP Paribas Mutual Fund",
    "scheme_launch_date": "20170407"
   }
  },
  {
   "value": {
    "amc_name": "Baroda BNP Paribas Asset Management India Private Limited",
    "benchmark_index": [
     "(Tier 1) 65% of Nifty 500 TRI + 20% of NIFTY Composite Debt Index + 15% of INR Price of Gold"
    ],
    "field_location": [
     {
      "amc_name": "26",
      "benchmark_index": "26",
      "count": 42,
      "fund_manager_managing_fund_since": "26",
      "load_exit": "26",
      "main_scheme_name": "26",
      "metrics_avg_maturity": "26",
      "metrics_macaulay": "26",
      "metrics_mod_duration": "26",
      "metrics_port_turnover_ratio": "26",
      "metrics_roe_ratio": "26",
      "metrics_ytm": "26",
      "min_addl_amt": "26",
      "min_addl_amt_multiple": "26",
      "min_amt": "26",
      "min_amt_multiple": "26",
      "monthly_aaum_date": "26",
      "monthly_aaum_value": "26",
      "mutual_fund_name": "26",
      "scheme_launch_date": "26"
     }
    ],
    "fund_manager": [
     {
      "managing_fund_since": "19-dec-22",
      "name": "",
      "qualification": "",
      "total_exp": ""
     },
     {
      "managing_fund_since": "21-oct-24",
      "name": "",
      "qualification": "",
      "total_exp": ""
     },
     {
      "managing_fund_since": "19-dec-22",
      "name": "",
      "qualification": "",
      "total_exp": ""
     }
    ],
    "load": [
     {
      "comment": "• Upto 12 months • Redeemed or switched out upto 10% of the allotment: Nil • Redeemed or switched out more than 10% of the allotment: 1% After 12 months - Nil The above load shall also be applicable for switches between the schemes of the Fund and all Systematic Investment Plans, Systematic Transfer Plans, Systematic Withdrawal Plans. No load will be charged on units issued upon re-investment of amount of distribution under same",
      "type": "exit"
     }
    ],
    "main_scheme_name": "Baroda BNP Paribas Multi Asset Fund",
    "metrics": [
     {
      "name": "ytm",
      "value": "7.27%"
     },
     {
      "name": "port_turnover_ratio",
      "value": "0.60"
     },
     {
      "name": "mod_duration",
      "value": "2.86"
     },
     {
      "name": "avg_maturity",
      "value": "3.55"
     },
     {
      "name": "macaulay",
      "value": "3.03"
     },
     {
      "name": "roe_ratio",
      "value": "19.43"
     }
    ],
    "min_addl_amt": "₹ 1,000",
    "min_addl_amt_multiple": "₹ 1",
    "min_amt": "₹ 5,000",
    "min_amt_multiple": "₹ 1,000",
    "monthly_aaum_date": "20250131",
    "monthly_aaum_value": "1,148.46 Crores",
    "mutual_fund_name": "Baroda BNP Paribas Mutual Fund",
    "scheme_launch_date": "20221219"
   }
  },
  {
   "value": {
    "amc_name": "Baroda BNP Paribas Asset Management India Private Limited",
    "benchmark_index": [
     "(Tier 1) Nifty Equity Savings Index TRI"
    ],
    "field_location": [
     {
      "amc_name": "27",
      "benchmark_index": "27",
      "count": 42,
      "fund_manager_managing_fund_since": "27",
      "load_exit": "27",
      "main_scheme_name": "27",
      "metrics_avg_maturity": "27",
      "metrics_beta": "27",
      "metrics_macaulay": "27",
      "metrics_mod_duration": "27",
      "metrics_port_turnover_ratio": "27",
      "metrics_roe_ratio": "27",
      "metrics_sharpe": "27",
      "metrics_std_dev": "27",
      "metrics_ytm": "27",
      "min_addl_amt": "27",
      "min_addl_amt_multiple": "27",
      "min_amt": "27",
      "min_amt_multiple": "27",
      "monthly_aaum_date": "27",
      "monthly_aaum_value": "27",
      "mutual_fund_name": "27",
      "scheme_launch_date": "27"
     }
    ],
    "fund_manager": [
     {
      "managing_fund_since": "05-sep-19",
      "name": "",
      "qualification": "",
      "total_exp": ""
     },
     {
      "managing_fund_since": "21-oct-24",
      "name": "",
      "qualification": "",
      "total_exp": ""
     },
     {
      "managing_fund_since": "01-jan-25",
      "name": "",
      "qualification": "",
      "total_exp": ""
     },
     {
      "managing_fund_since": "21-oct-24",
      "name": "",
      "qualification": "",
      "total_exp": ""
     }
    ],
    "load": [
     {
      "comment": "• If units of the Scheme are redeemed or switched out within 30 days of the date of allotment - 1% of the applicable Net Asset Value (NAV) • If units of the Scheme are redeemed or switched out after 30 days of allotment - Nil The above Exit Load will be applicable to all subscription transactions, excluding switch-ins For detailed load structure please refer Scheme Information Document of the scheme.",
      "type": "exit"
     }
    ],
    "main_scheme_name": "Baroda BNP Paribas Equity Savings Fund",
    "metrics": [
     {
      "name": "sharpe",
      "value": "0.41"
     },
     {
      "name": "std_dev",
      "value": "4.91%"
     },
     {
      "name": "beta",
      "value": "1.01"
     },
     {
      "name": "ytm",
      "value": "7.12%"
     },
     {
      "name": "port_turnover_ratio",
      "value": "4.80"
     },
     {
      "name": "mod_duration",
      "value": "3.44"
     },
     {
      "name": "avg_maturity",
      "value": "4.51"
     },
     {
      "name": "macaulay",
      "value": "3.60"
     },
     {
      "name": "roe_ratio",
      "value": "17.91"
     }
    ],
    "min_addl_amt": "₹ 1,000",
    "min_addl_amt_multiple": "₹ 1",
    "min_amt": "₹ 5,000",
    "min_amt_multiple": "₹ 1,000",
    "monthly_aaum_date": "20250131",
    "monthly_aaum_value": "250.75 Crores",
    "mutual_fund_name": "Baroda BNP Paribas Mutual Fund",
    "scheme_launch_date": "20190725"
   }
  },
  {
   "value": {
    "amc_name": "Baroda BNP Paribas Asset Management India Private Limited",
    "benchmark_index": [
     "(Tier 1) CRISIL Hybrid 85+15 – Conservative Index"
    ],
    "field_location": [
     {
      "amc_name": "28",
      "benchmark_index": "28",
      "count": 42,
      "load_exit": "28",
      "main_scheme_name": "28",
      "metrics_avg_maturity": "28",
      "metrics_macaulay": "28",
      "metrics_mod_duration": "28",
      "metrics_port_turnover_ratio": "28",
      "metrics_roe_ratio": "28",
      "metrics_ytm": "28",
      "min_addl_amt": "28",
      "min_addl_amt_multiple": "28",
      "min_amt": "28",
      "min_amt_multiple": "28",
      "monthly_aaum_date": "28",
      "mutual_fund_name": "28",
      "scheme_launch_date": "28"
     }
    ],
    "load": [
     {
      "comment": "• Redeemed or switched out from the date of allotment: upto 6 months.: 1% after 6 months: Nil For detailed load structure please refer Scheme Information Document of the scheme.",
      "type": "exit"
     }
    ],
    "main_scheme_name": "Baroda BNP Paribas Conservative Hybrid Fund",
    "metrics": [
     {
      "name": "mod_duration",
      "value": "7.62"
     },
     {
      "name": "roe_ratio",
      "value": "12"
     },
     {
      "name": "ytm",
      "value": "7.62%"
     },
     {
      "name": "port_turnover_ratio",
      "value": "1.48"
     },
     {
      "name": "avg_maturity",
      "value": "3.80"
     },
     {
      "name": "macaulay",
      "value": "3.02"
     }
    ],
    "min_addl_amt": "₹ 500",
    "min_addl_amt_multiple": "₹ 1",
    "min_amt": "₹ 1,000",
    "min_amt_multiple": "₹ 1",
    "monthly_aaum_date": "20250131",
    "mutual_fund_name": "Baroda BNP Paribas Mutual Fund",
    "scheme_launch_date": "20040923"
   }
  },
  {
   "value": {
    "amc_name": "Baroda BNP Paribas Asset Management India Private Limited",
    "benchmark_index": [
     "(Tier 1) Nifty 50 Arbitrage Index"
    ],
    "field_location": [
     {
      "amc_name": "29",
      "benchmark_index": "29",
      "count": 42,
      "fund_manager_managing_fund_since": "29",
      "load_exit": "29",
      "main_scheme_name": "29",
      "metrics_avg_maturity": "29",
      "metrics_beta": "29",
      "metrics_macaulay": "29",
      "metrics_mod_duration": "29",
      "metrics_port_turnover_ratio": "29",
      "metrics_sharpe": "29",
      "metrics_std_dev": "29",
      "metrics_ytm": "29",
      "min_addl_amt": "29",
      "min_addl_amt_multiple": "29",
      "min_amt": "29",
      "min_amt_multiple": "29",
      "monthly_aaum_date": "29",
      "monthly_aaum_value": "29",
      "mutual_fund_name": "29",
      "scheme_launch_date": "29"
     }
    ],
    "fund_manager": [
     {
      "managing_fund_since": "14-mar-22",
      "name": "",
      "qualification": "",
      "total_exp": ""
     },
     {
      "managing_fund_since": "16-mar-22",
      "name": "",
      "qualification": "",
      "total_exp": ""
     }
    ],
    "load": [
     {
      "comment": "• 0.25% if redeemed on or before 15 days from the date of allotment of units. Nil if redeemed after 15 days from the date of allotment of units. For detailed load structure please refer Scheme Information Document of the scheme.",
      "type": "exit"
     }
    ],
    "main_scheme_name": "Baroda BNP Paribas Arbitrage Fund*****",
    "metrics": [
     {
      "name": "sharpe",
      "value": "0.69"
     },
     {
      "name": "std_dev",
      "value": "0.66%"
     },
     {
      "name": "beta",
      "value": "0.72"
     },
     {
      "name": "ytm",
      "value": "6.73%"
     },
     {
      "name": "port_turnover_ratio",
      "value": "18.66"
     },
     {
      "name": "mod_duration",
      "value": "0.33"
     },
     {
      "name": "avg_maturity",
      "value": "0.38"
     },
     {
      "name": "macaulay",
      "value": "0.34"
     }
    ],
    "min_addl_amt": "₹ 1,000",
    "min_addl_amt_multiple": "₹ 1",
    "min_amt": "₹ 5,000",
    "min_amt_multiple": "₹ 1,000",
    "monthly_aaum_date": "20250131",
    "monthly_aaum_value": "1,286.74 Crores",
    "mutual_fund_name": "Baroda BNP Paribas Mutual Fund",
    "scheme_launch_date": "20161228"
   }
  },
  {
   "value": {
    "amc_name": "Baroda BNP Paribas Asset Management India Private Limited",
    "benchmark_index": [
     "(Tier 1) CRISIL Hybrid 35+65 Aggressive Index"
    ],
    "field_location": [
     {
      "amc_name": "30",
      "benchmark_index": "30",
      "count": 42,
      "fund_manager_managing_fund_since": "30",
      "load_exit": "30",
      "main_scheme_name": "30",
      "metrics_avg_maturity": "30",
      "metrics_macaulay": "30",
      "metrics_mod_duration": "30",
      "metrics_port_turnover_ratio": "30",
      "metrics_roe_ratio": "30",
      "metrics_ytm": "30",
      "min_addl_amt": "30",
      "min_addl_amt_multiple": "30",
      "min_amt": "30",
      "min_amt_multiple": "30",
      "monthly_aaum_date": "30",
      "monthly_aaum_value": "30",
      "mutual_fund_name": "30",
      "scheme_launch_date": "30"
     }
    ],
    "fund_manager": [
     {
      "managing_fund_since": "28-may-24",
      "name": "",
      "qualification": "",
      "total_exp": ""
     },
     {
      "managing_fund_since": "01-jan-25",
      "name": "",
      "qualification": "",
      "total_exp": ""
     },
     {
      "managing_fund_since": "21-oct-24",
      "name": "",
      "qualification": "",
      "total_exp": ""
     }
    ],
    "load": [
     {
      "comment": "• Nil For detailed load structure please refer Scheme Information Document of the scheme.",
      "type": "exit"
     }
    ],
    "main_scheme_name": "Baroda BNP Paribas Retirement Fund",
    "metrics": [
     {
      "name": "ytm",
      "value": "7.16%"
     },
     {
      "name": "port_turnover_ratio",
      "value": "0.73"
     },
     {
      "name": "mod_duration",
      "value": "8.81"
     },
     {
      "name": "avg_maturity",
      "value": "24.21"
     },
     {
      "name": "macaulay",
      "value": "9.13"
     },
     {
      "name": "roe_ratio",
      "value": "16.52"
     }
    ],
    "min_addl_amt": "₹ 1,000",
    "min_addl_amt_multiple": "₹ 1",
    "min_amt": "₹ 1,000",
    "min_amt_multiple": "₹ 1,000",
    "monthly_aaum_date": "20250131",
    "monthly_aaum_value": "352.66 Crores",
    "mutual_fund_name": "Baroda BNP Paribas Mutual Fund",
    "scheme_launch_date": "20240528"
   }
  },
  {
   "value": {
    "amc_name": "Baroda BNP Paribas Asset Management India Private Limited",
    "benchmark_index": [
     "(Tier 1) Nifty 500 TRI"
    ],
    "field_location": [
     {
      "amc_name": "31",
      "benchmark_index": "31",
      "count": 42,
      "fund_manager_managing_fund_since": "31",
      "load_exit": "31",
      "main_scheme_name": "31",
      "metrics_avg_maturity": "31",
      "metrics_beta": "31",
      "metrics_macaulay": "31",
      "metrics_mod_duration": "31",
      "metrics_port_turnover_ratio": "31",
      "metrics_sharpe": "31",
      "metrics_std_dev": "31",
      "metrics_ytm": "31",
      "min_addl_amt": "31",
      "min_addl_amt_multiple": "31",
      "min_amt": "31",
      "min_amt_multiple": "31",
      "monthly_aaum_date": "31",
      "mutual_fund_name": "31",
      "scheme_launch_date": "31"
     }
    ],
    "fund_manager": [
     {
      "managing_fund_since": "27-dec-24",
      "name": "",
      "qualification": "",
      "total_exp": ""
     },
     {
      "managing_fund_since": "01-jan-25",
      "name": "",
      "qualification": "",
      "total_exp": ""
     }
    ],
    "load": [
     {
      "comment": "• 1% if redeemed or switched out from the scheme within 1 year from the date of allotment. Nil - if redeemed or switched out from the scheme after 1 year from the date of allotment. For detailed load structure please refer Scheme Information Document of the scheme.",
      "type": "exit"
     }
    ],
    "main_scheme_name": "Baroda BNP Paribas Children's Fund",
    "metrics": [
     {
      "name": "sharpe",
      "value": "3.28"
     },
     {
      "name": "std_dev",
      "value": "3.28%"
     },
     {
      "name": "beta",
      "value": "36"
     },
     {
      "name": "ytm",
      "value": "6.60%"
     },
     {
      "name": "port_turnover_ratio",
      "value": "0.41"
     },
     {
      "name": "mod_duration",
      "value": "1.59"
     },
     {
      "name": "avg_maturity",
      "value": "2.20"
     },
     {
      "name": "macaulay",
      "value": "1.64"
     }
    ],
    "min_addl_amt": "₹ 1,000",
    "min_addl_amt_multiple": "₹ 1",
    "min_amt": "₹ 1,000",
    "min_amt_multiple": "₹ 1,000",
    "monthly_aaum_date": "20250131",
    "mutual_fund_name": "Baroda BNP Paribas Mutual Fund",
    "scheme_launch_date": "20241227"
   }
  },
  {
   "value": {
    "amc_name": "Baroda BNP Paribas Asset Management India Private Limited",
    "benchmark_index": [
     "(Tier 1) CRISIL Liquid Debt A-I Index"
    ],
    "field_location": [
     {
      "amc_name": "32",
      "benchmark_index": "32",
      "count": 42,
      "fund_manager_managing_fund_since": "32",
      "fund_manager_name": "32",
      "fund_manager_total_exp": "32",
      "load_exit": "32",
      "main_scheme_name": "32",
      "metrics_avg_maturity": "32",
      "metrics_macaulay": "32",
      "metrics_mod_duration": "32",
      "metrics_ytm": "32",
      "min_addl_amt": "32",
      "min_addl_amt_multiple": "32",
      "min_amt": "32",
      "min_amt_multiple": "32",
      "monthly_aaum_date": "32",
      "monthly_aaum_value": "32",
      "mutual_fund_name": "32",
      "scheme_launch_date": "32"
     }
    ],
    "fund_manager": [
     {
      "managing_fund_since": "14-mar-22",
      "name": "Mr. Vikram Pamnani",
      "qualification": "",
      "total_exp": "14 years"
     },
     {
      "managing_fund_since": "21-oct-24",
      "name": "Mr. Gurvinder Singh",
      "qualification": "",
      "total_exp": "21 years"
     }
    ],
    "load": [
     {
      "comment": "• Investor exit upon subscribtion - exit load as % of redemption proceeds Day 1-0.0070%, Day 2-0.0065%, Day 3-0.0060%, Day 4-0.0055%, Day 5-0.0050%, Day 6- 0.0045%, Day 7 Onwards-0.0000% For detailed load structure please refer Scheme Information Document of the scheme.",
      "type": "exit"
     }
    ],
    "main_scheme_name": "Baroda BNP Paribas Liquid Fund",
    "metrics": [
     {
      "name": "ytm",
      "value": "7.24%"
     },
     {
      "name": "mod_duration",
      "value": "10"
     },
     {
      "name": "avg_maturity",
      "value": "40"
     },
     {
      "name": "macaulay",
      "value": "39"
     }
    ],
    "min_addl_amt": "₹ 1,000",
    "min_addl_amt_multiple": "₹ 1",
    "min_amt": "₹ 5,000",
    "min_amt_multiple": "₹ 1,000",
    "monthly_aaum_date": "20250131",
    "monthly_aaum_value": "11,351.70 Crores",
    "mutual_fund_name": "Baroda BNP Paribas Mutual Fund",
    "scheme_launch_date": "20020221"
   }
  },
  {
   "value": {
    "amc_name": "Baroda BNP Paribas Asset Management India Private Limited",
    "benchmark_index": [
     "(Tier 1) CRISIL Liquid Overnight Index"
    ],
    "field_location": [
     {
      "amc_name": "33",
      "benchmark_index": "33",
      "count": 42,
      "fund_manager_managing_fund_since": "33",
      "fund_manager_name": "33",
      "fund_manager_total_exp": "33",
      "load_exit": "33",
      "main_scheme_name": "33",
      "metrics_avg_maturity": "33",
      "metrics_mod_duration": "33",
      "metrics_ytm": "33",
      "min_addl_amt": "33",
      "min_addl_amt_multiple": "33",
      "min_amt": "33",
      "min_amt_multiple": "33",
      "monthly_aaum_date": "33",
      "mutual_fund_name": "33",
      "scheme_launch_date": "33"
     }
    ],
    "fund_manager": [
     {
      "managing_fund_since": "14-mar-22",
      "name": "Mr. Vikram Pamnani",
      "qualification": "",
      "total_exp": "14 years"
     },
     {
      "managing_fund_since": "21-oct-24",
      "name": "Mr. Gurvinder Singh",
      "qualification": "",
      "total_exp": "21 years"
     }
    ],
    "load": [
     {
      "comment": "• Nil For detailed load structure please refer Scheme Information Document of the scheme.",
      "type": "exit"
     }
    ],
    "main_scheme_name": "Baroda BNP Paribas Overnight Fund",
    "metrics": [
     {
      "name": "ytm",
      "value": "6.72%"
     },
     {
      "name": "mod_duration",
      "value": "10"
     },
     {
      "name": "avg_maturity",
      "value": "3"
     }
    ],
    "min_addl_amt": "₹ 1,000",
    "min_addl_amt_multiple": "₹ 1",
    "min_amt": "₹ 5,000",
    "min_amt_multiple": "₹ 1",
    "monthly_aaum_date": "20250131",
    "mutual_fund_name": "Baroda BNP Paribas Mutual Fund",
    "scheme_launch_date": "20190425"
   }
  },
  {
   "value": {
    "amc_name": "Baroda BNP Paribas Asset Management India Private Limited",
    "benchmark_index": [
     "(Tier 1) CRISIL Ultra Short Duration Debt A-I Index"
    ],
    "field_location": [
     {
      "amc_name": "34",
      "benchmark_index": "34",
      "count": 42,
      "fund_manager_managing_fund_since": "34",
      "fund_manager_name": "34",
      "fund_manager_total_exp": "34",
      "load_exit": "34",
      "main_scheme_name": "34",
      "metrics_avg_maturity": "34",
      "metrics_macaulay": "34",
      "metrics_mod_duration": "34",
      "metrics_ytm": "34",
      "min_addl_amt": "34",
      "min_addl_amt_multiple": "34",
      "min_amt": "34",
      "min_amt_multiple": "34",
      "monthly_aaum_date": "34",
      "monthly_aaum_value": "34",
      "mutual_fund_name": "34",
      "scheme_launch_date": "34"
     }
    ],
    "fund_manager": [
     {
      "managing_fund_since": "14-mar-22",
      "name": "Vikram Pamnani",
      "qualification": "",
      "total_exp": "14 years"
     },
     {
      "managing_fund_since": "21-oct-24",
      "name": "Gurvinder Singh",
      "qualification": "",
      "total_exp": "21 years"
     }
    ],
    "load": [
     {
      "comment": "• Nil For detailed load structure please refer Scheme Information Document of the scheme.",
      "type": "exit"
     }
    ],
    "main_scheme_name": "Baroda BNP Paribas Ultra Short Duration Fund*****",
    "metrics": [
     {
      "name": "mod_duration",
      "value": "7.46"
     },
     {
      "name": "macaulay",
      "value": "3months"
     },
     {
      "name": "ytm",
      "value": "7.46%"
     },
     {
      "name": "avg_maturity",
      "value": "0.47"
     }
    ],
    "min_addl_amt": "₹ 1,000",
    "min_addl_amt_multiple": "₹ 1",
    "min_amt": "₹ 5,000",
    "min_amt_multiple": "₹ 1,000",
    "monthly_aaum_date": "20250131",
    "monthly_aaum_value": "1,337.57 Crores",
    "mutual_fund_name": "Baroda BNP Paribas Mutual Fund",
    "scheme_launch_date": "20180601"
   }
  },
  {
   "value": {
    "amc_name": "Baroda BNP Paribas Asset Management India Private Limited",
    "benchmark_index": [
     "(Tier 1) CRISIL Low Duration Debt A-I Index"
    ],
    "field_location": [
     {
      "amc_name": "35",
      "benchmark_index": "35",
      "count": 42,
      "fund_manager_managing_fund_since": "35",
      "fund_manager_name": "35",
      "fund_manager_total_exp": "35",
      "load_exit": "35",
      "main_scheme_name": "35",
      "metrics_avg_maturity": "35",
      "metrics_macaulay": "35",
      "metrics_mod_duration": "35",
      "metrics_ytm": "35",
      "min_addl_amt": "35",
      "min_addl_amt_multiple": "35",
      "min_amt": "35",
      "min_amt_multiple": "35",
      "monthly_aaum_date": "35",
      "mutual_fund_name": "35",
      "scheme_launch_date": "35"
     }
    ],
    "fund_manager": [
     {
      "managing_fund_since": "27-dec-17",
      "name": "Vikram Pamnani",
      "qualification": "",
      "total_exp": "14 years"
     },
     {
      "managing_fund_since": "21-oct-24",
      "name": "Gurvinder Singh",
      "qualification": "",
      "total_exp": "21 years"
     }
    ],
    "load": [
     {
      "comment": "• Nil For detailed load structure please refer Scheme Information Document of the scheme.",
      "type": "exit"
     }
    ],
    "main_scheme_name": "Baroda BNP Paribas Low Duration Fund*****",
    "metrics": [
     {
      "name": "mod_duration",
      "value": "7.79"
     },
     {
      "name": "macaulay",
      "value": "6 months"
     },
     {
      "name": "ytm",
      "value": "7.79%"
     },
     {
      "name": "avg_maturity",
      "value": "1.02"
     }
    ],
    "min_addl_amt": "₹ 1,000",
    "min_addl_amt_multiple": "₹ 1",
    "min_amt": "₹ 5,000",
    "min_amt_multiple": "₹ 1,000",
    "monthly_aaum_date": "20250131",
    "mutual_fund_name": "Baroda BNP Paribas Mutual Fund",
    "scheme_launch_date": "20051021"
   }
  },
  {
   "value": {
    "amc_name": "Baroda BNP Paribas Asset Management India Private Limited",
    "benchmark_index": [
     "(Tier 1) CRISIL Money Market A-I Index"
    ],
    "field_location": [
     {
      "amc_name": "36",
      "benchmark_index": "36",
      "count": 42,
      "fund_manager_managing_fund_since": "36",
      "fund_manager_name": "36",
      "fund_manager_total_exp": "36",
      "load_exit": "36",
      "main_scheme_name": "36",
      "metrics_avg_maturity": "36",
      "metrics_macaulay": "36",
      "metrics_mod_duration": "36",
      "metrics_ytm": "36",
      "min_addl_amt": "36",
      "min_addl_amt_multiple": "36",
      "min_amt": "36",
      "min_amt_multiple": "36",
      "monthly_aaum_date": "36",
      "mutual_fund_name": "36",
      "scheme_launch_date": "36"
     }
    ],
    "fund_manager": [
     {
      "managing_fund_since": "14-mar-22",
      "name": "Vikram Pamnani",
      "qualification": "",
      "total_exp": "14 years"
     },
     {
      "managing_fund_since": "21-oct-24",
      "name": "Gurvinder Singh",
      "qualification": "",
      "total_exp": "21 years"
     }
    ],
    "load": [
     {
      "comment": "• Nil For detailed load structure please refer Scheme Information Document of the scheme.",
      "type": "exit"
     }
    ],
    "main_scheme_name": "Baroda BNP Paribas Money Market Fund",
    "metrics": [
     {
      "name": "mod_duration",
      "value": "7.61"
     },
     {
      "name": "ytm",
      "value": "7.61%"
     },
     {
      "name": "avg_maturity",
      "value": "0.53"
     },
     {
      "name": "macaulay",
      "value": "0.53"
     }
    ],
    "min_addl_amt": "₹ 1,000",
    "min_addl_amt_multiple": "₹ 1",
    "min_amt": "₹ 5,000",
    "min_amt_multiple": "₹ 1",
    "monthly_aaum_date": "20250131",
    "mutual_fund_name": "Baroda BNP Paribas Mutual Fund",
    "scheme_launch_date": "20190619"
   }
  },
  {
   "value": {
    "amc_name": "Baroda BNP Paribas Asset Management India Private Limited",
    "benchmark_index": [
     "(Tier 1) CRISIL Banking and PSU Debt A-II Index"
    ],
    "field_location": [
     {
      "amc_name": "37",
      "benchmark_index": "37",
      "count": 42,
      "fund_manager_managing_fund_since": "37",
      "fund_manager_name": "37",
      "fund_manager_total_exp": "37",
      "load_exit": "37",
      "main_scheme_name": "37",
      "metrics_avg_maturity": "37",
      "metrics_macaulay": "37",
      "metrics_mod_duration": "37",
      "metrics_ytm": "37",
      "min_addl_amt": "37",
      "min_addl_amt_multiple": "37",
      "min_amt": "37",
      "min_amt_multiple": "37",
      "monthly_aaum_date": "37",
      "mutual_fund_name": "37",
      "scheme_launch_date": "37"
     }
    ],
    "fund_manager": [
     {
      "managing_fund_since": "21-oct-24",
      "name": "Gurvinder Singh",
      "qualification": "",
      "total_exp": "21 years"
     },
     {
      "managing_fund_since": "11-jul-24",
      "name": "Vikram Pamnani",
      "qualification": "",
      "total_exp": "14 years"
     }
    ],
    "load": [
     {
      "comment": "• Nil For detailed load structure please refer Scheme Information Document of the scheme.",
      "type": "exit"
     }
    ],
    "main_scheme_name": "Baroda BNP Paribas Banking and PSU Bond Fund",
    "metrics": [
     {
      "name": "mod_duration",
      "value": "7.16"
     },
     {
      "name": "ytm",
      "value": "7.16%"
     },
     {
      "name": "avg_maturity",
      "value": "4.91"
     },
     {
      "name": "macaulay",
      "value": "3.84"
     }
    ],
    "min_addl_amt": "₹ 1,000",
    "min_addl_amt_multiple": "₹ 1",
    "min_amt": "₹ 5,000",
    "min_amt_multiple": "₹ 1,000",
    "monthly_aaum_date": "20250131",
    "mutual_fund_name": "Baroda BNP Paribas Mutual Fund",
    "scheme_launch_date": "20201217"
   }
  },
  {
   "value": {
    "amc_name": "Baroda BNP Paribas Asset Management India Private Limited",
    "benchmark_index": [
     "(Tier 1) CRISIL Short Duration Debt A-II Index"
    ],
    "field_location": [
     {
      "amc_name": "38",
      "benchmark_index": "38",
      "count": 42,
      "fund_manager_managing_fund_since": "38",
      "fund_manager_name": "38",
      "fund_manager_total_exp": "38",
      "load_exit": "38",
      "main_scheme_name": "38",
      "metrics_avg_maturity": "38",
      "metrics_macaulay": "38",
      "metrics_mod_duration": "38",
      "metrics_ytm": "38",
      "min_addl_amt": "38",
      "min_addl_amt_multiple": "38",
      "min_amt": "38",
      "min_amt_multiple": "38",
      "monthly_aaum_date": "38",
      "mutual_fund_name": "38",
      "scheme_launch_date": "38"
     }
    ],
    "fund_manager": [
     {
      "managing_fund_since": "21-oct-24",
      "name": "Gurvinder Singh",
      "qualification": "",
      "total_exp": "21 years"
     },
     {
      "managing_fund_since": "14-mar-22",
      "name": "Vikram Pamnani",
      "qualification": "",
      "total_exp": "14 years"
     }
    ],
    "load": [
     {
      "comment": "• Nil For detailed load structure please refer Scheme Information Document of the scheme.",
      "type": "exit"
     }
    ],
    "main_scheme_name": "Baroda BNP Paribas Short Duration Fund*****",
    "metrics": [
     {
      "name": "mod_duration",
      "value": "7.43"
     },
     {
      "name": "macaulay",
      "value": "31,"
     },
     {
      "name": "ytm",
      "value": "7.43%"
     },
     {
      "name": "avg_maturity",
      "value": "3.45"
     }
    ],
    "min_addl_amt": "₹ 1,000",
    "min_addl_amt_multiple": "₹ 1",
    "min_amt": "₹ 5,000",
    "min_amt_multiple": "₹ 1,000",
    "monthly_aaum_date": "20250131",
    "mutual_fund_name": "Baroda BNP Paribas Mutual Fund",
    "scheme_launch_date": "20100630"
   }
  },
  {
   "value": {
    "amc_name": "Baroda BNP Paribas Asset Management India Private Limited",
    "benchmark_index": [
     "(Tier 1) CRISIL Credit Risk Debt B-II Index"
    ],
    "field_location": [
     {
      "amc_name": "39",
      "benchmark_index": "39",
      "count": 42,
      "fund_manager_managing_fund_since": "39",
      "fund_manager_name": "39",
      "fund_manager_total_exp": "39",
      "load_exit": "39",
      "main_scheme_name": "39",
      "metrics_avg_maturity": "39",
      "metrics_macaulay": "39",
      "metrics_mod_duration": "39",
      "metrics_ytm": "39",
      "min_addl_amt": "39",
      "min_addl_amt_multiple": "39",
      "min_amt": "39",
      "min_amt_multiple": "39",
      "monthly_aaum_date": "39",
      "mutual_fund_name": "39",
      "scheme_launch_date": "39"
     }
    ],
    "fund_manager": [
     {
      "managing_fund_since": "21-oct-24",
      "name": "Gurvinder Singh",
      "qualification": "",
      "total_exp": "21 years"
     },
     {
      "managing_fund_since": "11-jul-24",
      "name": "Vikram Pamnani",
      "qualification": "",
      "total_exp": "14 years"
     }
    ],
    "load": [
     {
      "comment": "• Exit Load: Upto 1 year • Redeemed or switched out upto 10% of the allotment: Nil • Redeemed or switched out more than 10% of the allotment: 1% After 1 year - Nil Exit load is not applicable for segregated",
      "type": "exit"
     }
    ],
    "main_scheme_name": "Baroda BNP Paribas Credit Risk Fund",
    "metrics": [
     {
      "name": "mod_duration",
      "value": "8.14"
     },
     {
      "name": "ytm",
      "value": "8.14%"
     },
     {
      "name": "avg_maturity",
      "value": "3.31"
     },
     {
      "name": "macaulay",
      "value": "2.36"
     }
    ],
    "min_addl_amt": "₹ 1,000",
    "min_addl_amt_multiple": "₹ 1",
    "min_amt": "₹ 5,000",
    "min_amt_multiple": "₹ 1,000",
    "monthly_aaum_date": "20250131",
    "mutual_fund_name": "Baroda BNP Paribas Mutual Fund",
    "scheme_launch_date": "20150123"
   }
  },
  {
   "value": {
    "amc_name": "Baroda BNP Paribas Asset Management India Private Limited",
    "benchmark_index": [
     "(Tier 1) CRISIL Corporate Debt A-II Index"
    ],
    "field_location": [
     {
      "amc_name": "40",
      "benchmark_index": "40",
      "count": 42,
      "fund_manager_managing_fund_since": "40",
      "fund_manager_name": "40",
      "fund_manager_total_exp": "40",
      "load_exit": "40",
      "main_scheme_name": "40",
      "metrics_avg_maturity": "40",
      "metrics_macaulay": "40",
      "metrics_mod_duration": "40",
      "metrics_ytm": "40",
      "min_addl_amt": "40",
      "min_addl_amt_multiple": "40",
      "min_amt": "40",
      "min_amt_multiple": "40",
      "monthly_aaum_date": "40",
      "mutual_fund_name": "40",
      "scheme_launch_date": "40"
     }
    ],
    "fund_manager": [
     {
      "managing_fund_since": "21-oct-24",
      "name": "Gurvinder Singh",
      "qualification": "",
      "total_exp": "21 years"
     },
     {
      "managing_fund_since": "11-jul-24",
      "name": "Vikram Pamnani",
      "qualification": "",
      "total_exp": "14 years"
     }
    ],
    "load": [
     {
      "comment": "• Nil For detailed load structure please refer Scheme Information Document of the scheme.",
      "type": "exit"
     }
    ],
    "main_scheme_name": "Baroda BNP Paribas Corporate Bond Fund",
    "metrics": [
     {
      "name": "mod_duration",
      "value": "7.33"
     },
     {
      "name": "ytm",
      "value": "7.33%"
     },
     {
      "name": "avg_maturity",
      "value": "4.82"
     },
     {
      "name": "macaulay",
      "value": "3.71"
     }
    ],
    "min_addl_amt": "₹ 1,000",
    "min_addl_amt_multiple": "₹ 1",
    "min_amt": "₹ 5,000",
    "min_amt_multiple": "₹ 1,000",
    "monthly_aaum_date": "20250131",
    "mutual_fund_name": "Baroda BNP Paribas Mutual Fund",
    "scheme_launch_date": "20081108"
   }
  },
  {
   "value": {
    "amc_name": "Baroda BNP Paribas Asset Management India Private Limited",
    "benchmark_index": [
     "(Tier 1) CRISIL Dynamic Bond A-III Index"
    ],
    "field_location": [
     {
      "amc_name": "41",
      "benchmark_index": "41",
      "count": 42,
      "fund_manager_managing_fund_since": "41",
      "fund_manager_name": "41",
      "fund_manager_total_exp": "41",
      "load_exit": "41",
      "main_scheme_name": "41",
      "metrics_avg_maturity": "41",
      "metrics_macaulay": "41",
      "metrics_mod_duration": "41",
      "metrics_ytm": "41",
      "min_addl_amt": "41",
      "min_addl_amt_multiple": "41",
      "min_amt": "41",
      "min_amt_multiple": "41",
      "monthly_aaum_date": "41",
      "mutual_fund_name": "41",
      "scheme_launch_date": "41"
     }
    ],
    "fund_manager": [
     {
      "managing_fund_since": "21-oct-24",
      "name": "Gurvinder Singh",
      "qualification": "",
      "total_exp": "21 years"
     },
     {
      "managing_fund_since": "11-jul-24",
      "name": "Prashant Pimple",
      "qualification": "",
      "total_exp": "24 years"
     }
    ],
    "load": [
     {
      "comment": "• Nil For detailed load structure please refer Scheme Information Document of the scheme.",
      "type": "exit"
     }
    ],
    "main_scheme_name": "Baroda BNP Paribas Dynamic Bond Fund",
    "metrics": [
     {
      "name": "mod_duration",
      "value": "6.74"
     },
     {
      "name": "ytm",
      "value": "6.74%"
     },
     {
      "name": "avg_maturity",
      "value": "13.11"
     },
     {
      "name": "macaulay",
      "value": "7.57"
     }
    ],
    "min_addl_amt": "₹ 1,000",
    "min_addl_amt_multiple": "₹ 1",
    "min_amt": "₹ 5,000",
    "min_amt_multiple": "₹ 1,000",
    "monthly_aaum_date": "20250131",
    "mutual_fund_name": "Baroda BNP Paribas Mutual Fund",
    "scheme_launch_date": "20040923"
   }
  },
  {
   "value": {
    "amc_name": "Baroda BNP Paribas Asset Management India Private Limited",
    "benchmark_index": [
     "(Tier 1) CRISIL Dynamic Gilt Index"
    ],
    "field_location": [
     {
      "amc_name": "42",
      "benchmark_index": "42",
      "count": 42,
      "fund_manager_managing_fund_since": "42",
      "fund_manager_name": "42",
      "fund_manager_total_exp": "42",
      "load_exit": "42",
      "main_scheme_name": "42",
      "metrics_avg_maturity": "42",
      "metrics_macaulay": "42",
      "metrics_mod_duration": "42",
      "metrics_ytm": "42",
      "min_addl_amt": "42",
      "min_addl_amt_multiple": "42",
      "min_amt": "42",
      "min_amt_multiple": "42",
      "monthly_aaum_date": "42",
      "monthly_aaum_value": "42",
      "mutual_fund_name": "42",
      "scheme_launch_date": "42"
     }
    ],
    "fund_manager": [
     {
      "managing_fund_since": "21-oct-24",
      "name": "Gurvinder Singh",
      "qualification": "",
      "total_exp": "21 years"
     },
     {
      "managing_fund_since": "11-jul-24",
      "name": "Prashant Pimple",
      "qualification": "",
      "total_exp": "24 years"
     }
    ],
    "load": [
     {
      "comment": "• Nil For detailed load structure please refer Scheme Information Document of the scheme.",
      "type": "exit"
     }
    ],
    "main_scheme_name": "Baroda BNP Paribas Gilt Fund",
    "metrics": [
     {
      "name": "mod_duration",
      "value": "6.84"
     },
     {
      "name": "ytm",
      "value": "6.84%"
     },
     {
      "name": "avg_maturity",
      "value": "10.21"
     },
     {
      "name": "macaulay",
      "value": "6.94"
     }
    ],
    "min_addl_amt": "₹ 1,000",
    "min_addl_amt_multiple": "₹ 1",
    "min_amt": "₹ 5,000",
    "min_amt_multiple": "₹ 1,000",
    "monthly_aaum_date": "20250131",
    "monthly_aaum_value": "1,797.28 Crores",
    "mutual_fund_name": "Baroda BNP Paribas Mutual Fund",
    "scheme_launch_date": "20020321"
   }
  },
  {
   "value": {
    "amc_name": "Baroda BNP Paribas Asset Management India Private Limited",
    "benchmark_index": [
     "(Tier 1) NIFTY SDL December 2026 Index"
    ],
    "field_location": [
     {
      "amc_name": "43",
      "benchmark_index": "43",
      "count": 42,
      "fund_manager_managing_fund_since": "43",
      "fund_manager_name": "43",
      "fund_manager_total_exp": "43",
      "load_exit": "43",
      "main_scheme_name": "43",
      "metrics_avg_maturity": "43",
      "metrics_macaulay": "43",
      "metrics_mod_duration": "43",
      "metrics_ytm": "43",
      "min_addl_amt": "43",
      "min_addl_amt_multiple": "43",
      "min_amt": "43",
      "min_amt_multiple": "43",
      "monthly_aaum_date": "43",
      "mutual_fund_name": "43",
      "scheme_launch_date": "43"
     }
    ],
    "fund_manager": [
     {
      "managing_fund_since": "21-oct-24",
      "name": "Mr. Gurvinder Singh",
      "qualification": "",
      "total_exp": "21 years"
     },
     {
      "managing_fund_since": "11-jul-24",
      "name": "Mr. Vikram Pamnani",
      "qualification": "",
      "total_exp": "14 years"
     }
    ],
    "load": [
     {
      "comment": "• Nil For detailed load structure please refer Scheme Information Document of the scheme.",
      "type": "exit"
     }
    ],
    "main_scheme_name": "Baroda BNP Paribas NIFTY SDL December 2026 Index Fund",
    "metrics": [
     {
      "name": "mod_duration",
      "value": "6.81"
     },
     {
      "name": "macaulay",
      "value": "0.72"
     },
     {
      "name": "ytm",
      "value": "6.81%"
     },
     {
      "name": "avg_maturity",
      "value": "1.84"
     }
    ],
    "min_addl_amt": "₹ 1,000",
    "min_addl_amt_multiple": "₹ 1",
    "min_amt": "₹ 5,000",
    "min_amt_multiple": "₹ 1",
    "monthly_aaum_date": "20250131",
    "mutual_fund_name": "Baroda BNP Paribas Mutual Fund",
    "scheme_launch_date": "20230125"
   }
  },
  {
   "value": {
    "amc_name": "Baroda BNP Paribas Asset Management India Private Limited",
    "benchmark_index": [
     "(Tier 1) NIFTY SDL December 2028 Index"
    ],
    "field_location": [
     {
      "amc_name": "44",
      "benchmark_index": "44",
      "count": 42,
      "fund_manager_managing_fund_since": "44",
      "fund_manager_name": "44",
      "fund_manager_total_exp": "44",
      "load_exit": "44",
      "main_scheme_name": "44",
      "metrics_avg_maturity": "44",
      "metrics_macaulay": "44",
      "metrics_mod_duration": "44",
      "metrics_ytm": "44",
      "min_addl_amt": "44",
      "min_addl_amt_multiple": "44",
      "min_amt": "44",
      "min_amt_multiple": "44",
      "monthly_aaum_date": "44",
      "mutual_fund_name": "44",
      "scheme_launch_date": "44"
     }
    ],
    "fund_manager": [
     {
      "managing_fund_since": "21-oct-24",
      "name": "Mr. Gurvinder Singh",
      "qualification": "",
      "total_exp": "21 years"
     },
     {
      "managing_fund_since": "11-jul-24",
      "name": "Mr. Vikram Pamnani",
      "qualification": "",
      "total_exp": "14 years"
     }
    ],
    "load": [
     {
      "comment": "• Nil For detailed load structure please refer Scheme Information Document of the scheme.",
      "type": "exit"
     }
    ],
    "main_scheme_name": "Baroda BNP Paribas NIFTY SDL December 2028 Index Fund",
    "metrics": [
     {
      "name": "mod_duration",
      "value": "6.91"
     },
     {
      "name": "macaulay",
      "value": "1.17"
     },
     {
      "name": "ytm",
      "value": "6.91%"
     },
     {
      "name": "avg_maturity",
      "value": "3.80 S"
     }
    ],
    "min_addl_amt": "₹ 1,000",
    "min_addl_amt_multiple": "₹ 1",
    "min_amt": "₹ 5,000",
    "min_amt_multiple": "₹ 1",
    "monthly_aaum_date": "20250131",
    "mutual_fund_name": "Baroda BNP Paribas Mutual Fund",
    "scheme_launch_date": "20230324"
   }
  },
  {
   "value": {
    "amc_name": "Baroda BNP Paribas Asset Management India Private Limited",
    "benchmark_index": [
     "(Tier 1) Nifty 50 TRI"
    ],
    "field_location": [
     {
      "amc_name": "45",
      "benchmark_index": "45",
      "count": 42,
      "fund_manager_managing_fund_since": "45",
      "fund_manager_name": "45",
      "load_entry": "45",
      "load_exit": "45",
      "main_scheme_name": "45",
      "metrics_port_turnover_ratio": "45",
      "min_addl_amt": "45",
      "min_addl_amt_multiple": "45",
      "min_amt": "45",
      "min_amt_multiple": "45",
      "monthly_aaum_date": "45",
      "monthly_aaum_value": "45",
      "mutual_fund_name": "45",
      "scheme_launch_date": "45"
     }
    ],
    "fund_manager": [
     {
      "managing_fund_since": "29-jan-24",
      "name": "Mr. Neeraj Saxena",
      "qualification": "",
      "total_exp": ""
     }
    ],
    "load": [
     {
      "comment": ":",
      "type": "entry"
     },
     {
      "comment": "• 0.2% - if redeemed on or before 30 days from the date of allotment. • Nil - if redeemed after 30 days from the date of allotment For detailed load structure please refer Scheme Information Document of the scheme.",
      "type": "exit"
     }
    ],
    "main_scheme_name": "Baroda BNP Paribas Nifty 50 Index Fund",
    "metrics": [
     {
      "name": "port_turnover_ratio",
      "value": "1.02"
     }
    ],
    "min_addl_amt": "₹ 1,000",
    "min_addl_amt_multiple": "₹ 1",
    "min_amt": "₹ 5,000",
    "min_amt_multiple": "₹ 1,000",
    "monthly_aaum_date": "20250131",
    "monthly_aaum_value": "62.41 Crores",
    "mutual_fund_name": "Baroda BNP Paribas Mutual Fund",
    "scheme_launch_date": "20240129"
   }
  },
  {
   "value": {
    "amc_name": "Baroda BNP Paribas Asset Management India Private Limited",
    "benchmark_index": [
     "(Tier 1) Domestic Price of Gold"
    ],
    "exchange_listed": "* refer page no. 60 * ** refer refer page page no. no. 60 60",
    "field_location": [
     {
      "amc_name": "46",
      "benchmark_index": "46",
      "count": 42,
      "creation_unit": "46",
      "exchange_listed": "46",
      "fund_manager_managing_fund_since": "46",
      "fund_manager_name": "46",
      "fund_manager_total_exp": "46",
      "load_exit": "46",
      "main_scheme_name": "46",
      "monthly_aaum_date": "46",
      "mutual_fund_name": "46",
      "scheme_launch_date": "46"
     }
    ],
    "fund_manager": [
     {
      "managing_fund_since": "21-oct-24",
      "name": "Mr. Gurvinder Singh",
      "qualification": "",
      "total_exp": "21 years"
     },
     {
      "managing_fund_since": "01-jan-25",
      "name": "Mr. Madhav Vyas",
      "qualification": "",
      "total_exp": ""
     }
    ],
    "load": [
     {
      "comment": "• Nil For detailed load structure please refer Scheme Information Document of the scheme.",
      "type": "exit"
     }
    ],
    "main_scheme_name": "Baroda BNP Paribas Gold ETF",
    "monthly_aaum_date": "20250131",
    "mutual_fund_name": "Baroda BNP Paribas Mutual Fund",
    "scheme_launch_date": "20231213"
   }
  },
  {
   "value": {
    "amc_name": "Baroda BNP Paribas Asset Management India Private Limited",
    "benchmark_index": [
     "(Tier 1) Nifty Bank TRI"
    ],
    "exchange_listed": "* refer page no. 60 * ** refer refer page page no. no. 60 60",
    "field_location": [
     {
      "amc_name": "47",
      "benchmark_index": "47",
      "count": 42,
      "creation_unit": "47",
      "exchange_listed": "47",
      "fund_manager_managing_fund_since": "47",
      "fund_manager_name": "47",
      "fund_manager_total_exp": "47",
      "load_exit": "47",
      "main_scheme_name": "47",
      "metrics_port_turnover_ratio": "47",
      "monthly_aaum_date": "47",
      "mutual_fund_name": "47",
      "scheme_launch_date": "47"
     }
    ],
    "fund_manager": [
     {
      "managing_fund_since": "18-jun-24",
      "name": "Mr. Neeraj Saxena",
      "qualification": "",
      "total_exp": "20 years"
     }
    ],
    "load": [
     {
      "comment": "• Nil For detailed load structure please refer Scheme Information Document of the scheme.",
      "type": "exit"
     }
    ],
    "main_scheme_name": "Baroda BNP Paribas NIFTY BANK ETF",
    "metrics": [
     {
      "name": "port_turnover_ratio",
      "value": "1.77"
     }
    ],
    "monthly_aaum_date": "20250131",
    "mutual_fund_name": "Baroda BNP Paribas Mutual Fund",
    "scheme_launch_date": "20240618"
   }
  },
  {
   "value": {
    "amc_name": "Baroda BNP Paribas Asset Management India Private Limited",
    "benchmark_index": [
     "(Tier 1) Nifty 200 Momentum 30 TRI"
    ],
    "field_location": [
     {
      "amc_name": "48",
      "benchmark_index": "48",
      "count": 42,
      "fund_manager_managing_fund_since": "48",
      "fund_manager_name": "48",
      "load_exit": "48",
      "main_scheme_name": "48",
      "metrics_port_turnover_ratio": "48",
      "min_addl_amt": "48",
      "min_addl_amt_multiple": "48",
      "min_amt": "48",
      "min_amt_multiple": "48",
      "monthly_aaum_date": "48",
      "monthly_aaum_value": "48",
      "mutual_fund_name": "48",
      "scheme_launch_date": "48"
     }
    ],
    "fund_manager": [
     {
      "managing_fund_since": "15-oct-24",
      "name": "Mr. Neeraj Saxena",
      "qualification": "",
      "total_exp": ""
     }
    ],
    "load": [
     {
      "comment": "• 0.2%- If redeemed on or before 7 days from the date of allotment• Nil- If redeemed after 7 days from the date of allotment For detailed load structure please refer Scheme Information Document of the scheme.",
      "type": "exit"
     }
    ],
    "main_scheme_name": "Baroda BNP Paribas Nifty200 Momentum 30 Index Fund",
    "metrics": [
     {
      "name": "port_turnover_ratio",
      "value": "1.06"
     }
    ],
    "min_addl_amt": "₹ 1,000",
    "min_addl_amt_multiple": "₹ 1",
    "min_amt": "₹ 1,000",
    "min_amt_multiple": "₹ 1,000",
    "monthly_aaum_date": "20250131",
    "monthly_aaum_value": "25.53 Crores",
    "mutual_fund_name": "Baroda BNP Paribas Mutual Fund",
    "scheme_launch_date": "20241015"
   }
  },
  {
   "value": {
    "amc_name": "Baroda BNP Paribas Asset Management India Private Limited",
    "benchmark_index": [
     "(Tier 1) Nifty Midcap 150 Total Returns Index"
    ],
    "field_location": [
     {
      "amc_name": "49",
      "benchmark_index": "49",
      "count": 42,
      "fund_manager_managing_fund_since": "49",
      "fund_manager_name": "49",
      "load_exit": "49",
      "main_scheme_name": "49",
      "metrics_port_turnover_ratio": "49",
      "min_addl_amt": "49",
      "min_addl_amt_multiple": "49",
      "min_amt": "49",
      "min_amt_multiple": "49",
      "monthly_aaum_date": "49",
      "mutual_fund_name": "49",
      "scheme_launch_date": "49"
     }
    ],
    "fund_manager": [
     {
      "managing_fund_since": "04-nov-24",
      "name": "Mr. Neeraj Saxena",
      "qualification": "",
      "total_exp": ""
     }
    ],
    "load": [
     {
      "comment": "• 0.2%- If redeemed on or before 7 days from the date of allotment• Nil- If redeemed after 7 days from the date of allotment For detailed load structure please refer Scheme Information Document of the scheme.",
      "type": "exit"
     }
    ],
    "main_scheme_name": "Baroda BNP Paribas NIFTY Midcap 150 Index Fund",
    "metrics": [
     {
      "name": "port_turnover_ratio",
      "value": "0.37"
     }
    ],
    "min_addl_amt": "₹ 1,000",
    "min_addl_amt_multiple": "₹ 1",
    "min_amt": "₹ 1,000",
    "min_amt_multiple": "₹ 1,000",
    "monthly_aaum_date": "20250131",
    "mutual_fund_name": "Baroda BNP Paribas Mutual Fund",
    "scheme_launch_date": "20241104"
   }
  }
 ]
}