{
 "metadata": {
  "document_name": "32_31-Jan-25_FS.pdf",
  "file_type": "fs",
  "process_date": "20250211"
 },
 "records": [
  {
   "value": {
    "amc_name": "Quantum Asset Management Company Private Limited",
    "benchmark_index": [
     "11.  HDFC Bank Ltd 12.  Aavas Financiers Ltd BSE 250 Small Cap TRI 13.  Genus Power Infrastructures Ltd"
    ],
    "field_location": [
     {
      "amc_name": "8",
      "benchmark_index": "8",
      "count": 21,
      "fund_manager_name": "8",
      "fund_manager_total_exp": "8",
      "load_entry": "8",
      "load_exit": "8",
      "main_scheme_name": "8",
      "metrics_mod_duration": "8",
      "metrics_port_turnover_ratio": "8",
      "monthly_aaum_date": "8",
      "monthly_aaum_value": "8",
      "mutual_fund_name": "8",
      "scheme_launch_date": "8"
     }
    ],
    "fund_manager": [
     {
      "managing_fund_since": "",
      "name": "Lumax Industries Ltd",
      "qualification": "",
      "total_exp": "22 years"
     },
     {
      "managing_fund_since": "",
      "name": "Mr. Chirag Mehta",
      "qualification": "",
      "total_exp": "18 years"
     },
     {
      "managing_fund_since": "",
      "name": "Bank Ltd",
      "qualification": "",
      "total_exp": ""
     },
     {
      "managing_fund_since": "",
      "name": "Sandhar Technologies Ltd",
      "qualification": "",
      "total_exp": ""
     },
     {
      "managing_fund_since": "",
      "name": "Godrej Industries Ltd",
      "qualification": "",
      "total_exp": ""
     },
     {
      "managing_fund_since": "",
      "name": "Equitas Small Finance",
      "qualification": "",
      "total_exp": ""
     },
     {
      "managing_fund_since": "",
      "name": "Tek Packaging Ltd",
      "qualification": "",
      "total_exp": ""
     },
     {
      "managing_fund_since": "",
      "name": "Mrs. Abhilasha Satale",
      "qualification": "",
      "total_exp": ""
     },
     {
      "managing_fund_since": "",
      "name": "Birlasoft Ltd",
      "qualification": "",
      "total_exp": ""
     },
     {
      "managing_fund_since": "",
      "name": "Craftsman Automation Ltd",
      "qualification": "",
      "total_exp": ""
     },
     {
      "managing_fund_since": "",
      "name": "Wipro Ltd",
      "qualification": "",
      "total_exp": ""
     },
     {
      "managing_fund_since": "",
      "name": "Krishna Institute Of",
      "qualification": "",
      "total_exp": ""
     },
     {
      "managing_fund_since": "",
      "name": "Medical Sciences Ltd",
      "qualification": "",
      "total_exp": ""
     },
     {
      "managing_fund_since": "",
      "name": "Guard Industries Ltd",
      "qualification": "",
      "total_exp": ""
     }
    ],
    "load": [
     {
      "comment": "40. Infosys LtdNot Applicable 41. Kirloskar Pneumatic Company Ltd42. Sansera Engineering Ltd",
      "type": "entry"
     },
     {
      "comment": "43. Narayana Hrudayalaya Ltd • NIL: If 10% of units If redeemed or switched out on or 44. Sanghvi Movers Ltd before 365 days from the date of allotment. 45. ICICI Bank Ltd • 1%: If Remaining 90% of units if redeemed or switched 46. UTI Asset Management Company Ltd out on or before 365 days from the date of allotment. 47. TD Power Systems Ltd • NIL: If redeemed or switched out after 365 days from 48. Computer Age Management Services Ltd the date of allotment. 49. Mahindra Logistics Ltd 50. Exide Industries Ltd Note: Redemptions / Switch outs of units will be done on First In First 51. IDFC First Bank Ltd Out (FIFO) basis. The above-mentioned load structure shall be equally applicable to the special facilities such as Systematic Withdrawal Plan B) Unlisted (SWP) / Systematic Transfer Plan (STP) and Switches etc. However, no load Total of all Equity shall be charged for switching between option / plan within the Scheme. MONEY MARKET INSTRUMENTS",
      "type": "exit"
     }
    ],
    "main_scheme_name": "QUANTUM SMALL CAP FUND",
    "metrics": [
     {
      "name": "port_turnover_ratio",
      "value": "11.86"
     },
     {
      "name": "mod_duration",
      "value": "2"
     }
    ],
    "monthly_aaum_date": "20250131",
    "monthly_aaum_value": "101.96",
    "mutual_fund_name": "Quantum Mutual Fund",
    "scheme_launch_date": "20231103"
   }
  },
  {
   "value": {
    "amc_name": "Quantum Asset Management Company Private Limited",
    "benchmark_index": [
     "8.  Kotak Mahindra Bank Ltd Tier I Benchmark - BSE 500 TRI 9.  ICICI Prudential Life Insurance Company Ltd"
    ],
    "field_location": [
     {
      "amc_name": "10",
      "benchmark_index": "10",
      "count": 21,
      "fund_manager_name": "10",
      "fund_manager_total_exp": "10",
      "load_entry": "10",
      "load_exit": "10",
      "main_scheme_name": "10",
      "metrics_beta": "10",
      "metrics_port_turnover_ratio": "10",
      "metrics_sharpe": "10",
      "metrics_std_dev": "10",
      "monthly_aaum_date": "10",
      "monthly_aaum_value": "10",
      "mutual_fund_name": "10",
      "scheme_launch_date": "10"
     }
    ],
    "fund_manager": [
     {
      "managing_fund_since": "",
      "name": "Mr. George Thomas",
      "qualification": "",
      "total_exp": "11 years"
     },
     {
      "managing_fund_since": "",
      "name": "Gujarat State Petronet",
      "qualification": "",
      "total_exp": "10 years"
     },
     {
      "managing_fund_since": "",
      "name": "Star Health And",
      "qualification": "",
      "total_exp": ""
     },
     {
      "managing_fund_since": "",
      "name": "Allied Company",
      "qualification": "",
      "total_exp": ""
     },
     {
      "managing_fund_since": "",
      "name": "Bajaj Auto Ltd",
      "qualification": "",
      "total_exp": ""
     },
     {
      "managing_fund_since": "",
      "name": "Mr. Christy Mathai",
      "qualification": "",
      "total_exp": ""
     },
     {
      "managing_fund_since": "",
      "name": "Mahindra Ltd",
      "qualification": "",
      "total_exp": ""
     },
     {
      "managing_fund_since": "",
      "name": "Lupin Ltd",
      "qualification": "",
      "total_exp": ""
     },
     {
      "managing_fund_since": "",
      "name": "Shriram Finance Ltd",
      "qualification": "",
      "total_exp": ""
     },
     {
      "managing_fund_since": "",
      "name": "Key Statistics",
      "qualification": "",
      "total_exp": ""
     },
     {
      "managing_fund_since": "",
      "name": "Exide Industries Ltd",
      "qualification": "",
      "total_exp": ""
     }
    ],
    "load": [
     {
      "comment": "A. Treasury Bills (T-Bill)Not Applicable 1. 364 Days Tbill (MD 03/04/2025)",
      "type": "entry"
     },
     {
      "comment": "Total of T-Bill • NIL: If 10% of units if redeemed or switched out during B. TREPS* exit load period i.e. 730 days from the allotment Exit Total of Money Market Instruments Load Period : 730 days from the date of allotment Net Receivable/(payable) • Remaining 90% of units in parts or full: Grand Total i. 2%: If redeemed or switched out on or before 365 days from the date of allotment * Cash & Cash Equivalents ii. 1%: If redeemed or switched out after 365 days but on or before 730 days from the date of allotment • NIL: If units redeemed or switched out after 730 days from the date of allotment Note: Redemptions / Switch outs of units will be done on First In First Out (FIFO) basis. The above mentioned Exit Load shall be equally applicable to the special products such as Systematic Withdrawal Plan (SWP)/Systematic Transfer Plan (STP) and Switches etc. However, no load shall be charged for switching in between option / plan within the scheme.",
      "type": "exit"
     }
    ],
    "main_scheme_name": "QUANTUM LONG TERM EQUITY VALUE FUND",
    "metrics": [
     {
      "name": "sharpe",
      "value": "0.86"
     },
     {
      "name": "std_dev",
      "value": "12.28%"
     },
     {
      "name": "beta",
      "value": "0.83"
     },
     {
      "name": "port_turnover_ratio",
      "value": "11.47%"
     }
    ],
    "monthly_aaum_date": "20250131",
    "monthly_aaum_value": "1,145.84",
    "mutual_fund_name": "Quantum Mutual Fund",
    "scheme_launch_date": "20060313"
   }
  },
  {
   "value": {
    "amc_name": "Quantum Asset Management Company Private Limited",
    "benchmark_index": [
     "9.  Vinati Organics Ltd Tier I Benchmark : NIFTY 500 Shariah TRI 10.  Crompton Greaves Consumer Electricals Ltd"
    ],
    "field_location": [
     {
      "amc_name": "13",
      "benchmark_index": "13",
      "count": 21,
      "fund_manager_name": "13",
      "fund_manager_total_exp": "13",
      "load_entry": "13",
      "load_exit": "13",
      "main_scheme_name": "13",
      "metrics_mod_duration": "13",
      "metrics_port_turnover_ratio": "13",
      "monthly_aaum_date": "13",
      "monthly_aaum_value": "13",
      "mutual_fund_name": "13",
      "scheme_launch_date": "13"
     }
    ],
    "fund_manager": [
     {
      "managing_fund_since": "",
      "name": "Bajaj Auto Ltd",
      "qualification": "",
      "total_exp": "18 years"
     },
     {
      "managing_fund_since": "",
      "name": "Mr. Chirag Mehta",
      "qualification": "",
      "total_exp": ""
     },
     {
      "managing_fund_since": "",
      "name": "Bosch Ltd",
      "qualification": "",
      "total_exp": ""
     },
     {
      "managing_fund_since": "",
      "name": "Coforge Ltd",
      "qualification": "",
      "total_exp": ""
     }
    ],
    "load": [
     {
      "comment": "27. Tech Mahindra LtdNot Applicable 28. Mphasis Ltd29. Voltas Ltd",
      "type": "entry"
     },
     {
      "comment": "30. Eicher Motors Ltd • NIL: 10% of units If redeemed or switched out on or 31. Narayana Hrudayalaya Ltd before 365 days from the date of allotment. 32. Tata Chemicals Ltd • 1%: Remaining 90% of units if redeemed or switched 33. Nuvoco Vistas Corporation Ltd out on or before 365 days from the date of allotment. 34. Tata Motors Ltd • Nil: If redeemed or switched out after 365 days from 35. Honeywell Automation India Ltd the date of allotment 36. Krishna Institute Of Medical Sciences Ltd Note: Redemptions / Switch outs of units will be done on First In First 37. Tata Communications Ltd Out (FIFO) basis. The above mentioned Exit Load shall be equally 38. Orient Electric Ltd applicable to the special products such as Systematic Withdrawal Plan (SWP)/Systematic Transfer Plan (STP) and Switches etc. However, 39. GMM Pfaudler Ltd no load shall be charged for switching in between option / plan within the scheme. 40. LT Foods Ltd",
      "type": "exit"
     }
    ],
    "main_scheme_name": "QUANTUM ETHICAL FUND",
    "metrics": [
     {
      "name": "port_turnover_ratio",
      "value": "500"
     },
     {
      "name": "mod_duration",
      "value": "2"
     }
    ],
    "monthly_aaum_date": "20250131",
    "monthly_aaum_value": "43.25",
    "mutual_fund_name": "Quantum Mutual Fund",
    "scheme_launch_date": "20241220"
   }
  },
  {
   "value": {
    "amc_name": "Quantum Asset Management Company Private Limited",
    "benchmark_index": [
     "8.  Tech Mahindra Ltd Tier I Benchmark - BSE 500 TRI 9.  ICICI Prudential Life Insurance Company Ltd"
    ],
    "field_location": [
     {
      "amc_name": "15",
      "benchmark_index": "15",
      "count": 21,
      "fund_manager_managing_fund_since": "15",
      "fund_manager_name": "15",
      "fund_manager_total_exp": "15",
      "load_entry": "15",
      "load_exit": "15",
      "main_scheme_name": "15",
      "metrics_beta": "15",
      "metrics_mod_duration": "15",
      "metrics_port_turnover_ratio": "15",
      "metrics_sharpe": "15",
      "metrics_std_dev": "15",
      "min_addl_amt": "15",
      "min_addl_amt_multiple": "15",
      "min_amt": "15",
      "min_amt_multiple": "15",
      "monthly_aaum_date": "15",
      "monthly_aaum_value": "15",
      "mutual_fund_name": "15"
     }
    ],
    "fund_manager": [
     {
      "managing_fund_since": "april 1, 2022",
      "name": "Lombard General",
      "qualification": "",
      "total_exp": "11 years"
     },
     {
      "managing_fund_since": "november 23, 2022",
      "name": "Mr. George Thomas",
      "qualification": "",
      "total_exp": "10 years"
     },
     {
      "managing_fund_since": "february 01, 2025",
      "name": "Gujarat State Petronet",
      "qualification": "",
      "total_exp": "13 years"
     },
     {
      "managing_fund_since": "",
      "name": "Steel Ltd",
      "qualification": "",
      "total_exp": ""
     },
     {
      "managing_fund_since": "",
      "name": "Mr. Christy Mathai",
      "qualification": "",
      "total_exp": ""
     },
     {
      "managing_fund_since": "",
      "name": "Star Health And",
      "qualification": "",
      "total_exp": ""
     },
     {
      "managing_fund_since": "",
      "name": "Allied Company",
      "qualification": "",
      "total_exp": ""
     },
     {
      "managing_fund_since": "",
      "name": "Bajaj Auto Ltd",
      "qualification": "",
      "total_exp": ""
     },
     {
      "managing_fund_since": "",
      "name": "Mr. Ketan Gujarathi",
      "qualification": "",
      "total_exp": ""
     },
     {
      "managing_fund_since": "",
      "name": "Mahindra Ltd",
      "qualification": "",
      "total_exp": ""
     },
     {
      "managing_fund_since": "",
      "name": "Lupin Ltd",
      "qualification": "",
      "total_exp": ""
     },
     {
      "managing_fund_since": "",
      "name": "Shriram Finance Ltd",
      "qualification": "",
      "total_exp": ""
     },
     {
      "managing_fund_since": "",
      "name": "Key Statistics",
      "qualification": "",
      "total_exp": ""
     },
     {
      "managing_fund_since": "",
      "name": "Exide Industries Ltd",
      "qualification": "",
      "total_exp": ""
     }
    ],
    "load": [
     {
      "comment": "A. TREPS*Not ApplicableNet Receivable/(payable)",
      "type": "entry"
     },
     {
      "comment": "Grand Total NIL * Cash & Cash Equivalents Lock-in Period 3 years from the date of allotment of the respective Units.",
      "type": "exit"
     }
    ],
    "main_scheme_name": "QUANTUM ELSS TAX SAVER FUND",
    "metrics": [
     {
      "name": "sharpe",
      "value": "0.88"
     },
     {
      "name": "std_dev",
      "value": "12.12%"
     },
     {
      "name": "beta",
      "value": "0.82"
     },
     {
      "name": "port_turnover_ratio",
      "value": "17.05"
     },
     {
      "name": "mod_duration",
      "value": "2"
     }
    ],
    "min_addl_amt": "₹500",
    "min_addl_amt_multiple": "₹500",
    "min_amt": "₹500",
    "min_amt_multiple": "₹500",
    "monthly_aaum_date": "20250131",
    "monthly_aaum_value": "210.34",
    "mutual_fund_name": "Quantum Mutual Fund"
   }
  },
  {
   "value": {
    "amc_name": "Quantum Asset Management Company Private Limited",
    "benchmark_index": [
     "9.  ICICI Prudential Life Insurance Company Ltd NIFTY 50 TRI (40%) + CRISIL Short Duration Debt A-II Index 10.  Kotak Mahindra Bank Ltd"
    ],
    "field_location": [
     {
      "amc_name": "17",
      "benchmark_index": "17",
      "count": 21,
      "fund_manager_name": "17",
      "fund_manager_total_exp": "17",
      "load_entry": "17",
      "load_exit": "17",
      "main_scheme_name": "17",
      "metrics_mod_duration": "17",
      "metrics_port_turnover_ratio": "17",
      "monthly_aaum_date": "17",
      "monthly_aaum_value": "17",
      "mutual_fund_name": "17",
      "scheme_launch_date": "17"
     }
    ],
    "fund_manager": [
     {
      "managing_fund_since": "",
      "name": "Maruti Suzuki India",
      "qualification": "",
      "total_exp": "22 years"
     },
     {
      "managing_fund_since": "",
      "name": "Mr. Chirag Mehta",
      "qualification": "",
      "total_exp": "14 years"
     },
     {
      "managing_fund_since": "",
      "name": "Technologies Ltd",
      "qualification": "",
      "total_exp": ""
     },
     {
      "managing_fund_since": "",
      "name": "Motors Ltd",
      "qualification": "",
      "total_exp": ""
     },
     {
      "managing_fund_since": "",
      "name": "Titan Company Ltd",
      "qualification": "",
      "total_exp": ""
     },
     {
      "managing_fund_since": "",
      "name": "Mr. Pankaj Pathak",
      "qualification": "",
      "total_exp": ""
     },
     {
      "managing_fund_since": "",
      "name": "Bajaj Auto Ltd",
      "qualification": "",
      "total_exp": ""
     },
     {
      "managing_fund_since": "",
      "name": "Power Grid Corporation",
      "qualification": "",
      "total_exp": ""
     },
     {
      "managing_fund_since": "",
      "name": "India Ltd",
      "qualification": "",
      "total_exp": ""
     },
     {
      "managing_fund_since": "",
      "name": "Shriram Finance Ltd",
      "qualification": "",
      "total_exp": ""
     }
    ],
    "load": [
     {
      "comment": "32. Star Health And Allied Insurance Company LtdNot Applicable 33. Asian Paints Ltd",
      "type": "entry"
     },
     {
      "comment": "34. Bajaj Finserv Ltd • 1.00%: If redeemed or switch out on or before 90 days 35. HDFC Life Insurance Company Ltd from the date of allotment of units. 36. Nestle India Ltd • NIL: If redeemed or switch out after 90 days from the 37. Tata Consumer Products Ltd date of allotment of units. 38. Dr. Reddy''s Laboratories Ltd Note: Redemptions / Switch outs of units will be done on First In 39. SBI Life Insurance Company Ltd First Out (FIFO) basis. The above-mentioned load structure shall be equally applicable to the special facilities such as Systematic 40. Britannia Industries Ltd Withdrawal Plan (SWP) / Systematic Transfer Plan (STP) and Switches B) Unlisted etc. However, no load shall be charged for switching between option / plan within the Scheme. Total of all Equity",
      "type": "exit"
     }
    ],
    "main_scheme_name": "QUANTUM MULTI ASSET ALLOCATION FUND",
    "metrics": [
     {
      "name": "port_turnover_ratio",
      "value": "3."
     },
     {
      "name": "mod_duration",
      "value": "2"
     }
    ],
    "monthly_aaum_date": "20250131",
    "monthly_aaum_value": "30.61",
    "mutual_fund_name": "Quantum Mutual Fund",
    "scheme_launch_date": "20240307"
   }
  },
  {
   "value": {
    "amc_name": "Quantum Asset Management Company Private Limited",
    "benchmark_index": [
     "8.  SBI Magnum MIDCAP FUND - Direct Plan - Growth"
    ],
    "field_location": [
     {
      "amc_name": "19",
      "benchmark_index": "19",
      "count": 21,
      "fund_manager_managing_fund_since": "19",
      "fund_manager_name": "19",
      "fund_manager_total_exp": "19",
      "load_entry": "19",
      "load_exit": "19",
      "main_scheme_name": "19",
      "metrics_beta": "19",
      "metrics_sharpe": "19",
      "metrics_std_dev": "19",
      "monthly_aaum_date": "19",
      "monthly_aaum_value": "19",
      "mutual_fund_name": "19",
      "scheme_launch_date": "19"
     }
    ],
    "fund_manager": [
     {
      "managing_fund_since": "november 1, 2013",
      "name": "Mr. Chirag Mehta",
      "qualification": "",
      "total_exp": "22 years"
     }
    ],
    "load": [
     {
      "comment": "Tier I - Benchmark(₹‘000)Not ApplicableAdditional Benchmark",
      "type": "entry"
     },
     {
      "comment": "Value (₹‘000) • NIL: If 10% of units if redeemed or switched out on or Returns (XIRR) (%) before 365 days from the date of allotment • 1%: If Remaining 90% of units if redeemed or Tier I -",
      "type": "exit"
     }
    ],
    "main_scheme_name": "QUANTUM EQUITY FUND OF FUNDS",
    "metrics": [
     {
      "name": "sharpe",
      "value": "0.53"
     },
     {
      "name": "std_dev",
      "value": "12.60%"
     },
     {
      "name": "beta",
      "value": "0.88"
     }
    ],
    "monthly_aaum_date": "20250131",
    "monthly_aaum_value": "122.81",
    "mutual_fund_name": "Quantum Mutual Fund",
    "scheme_launch_date": "20090720"
   }
  },
  {
   "value": {
    "amc_name": "Quantum Asset Management Company Private Limited",
    "benchmark_index": [
     "11.  Mahindra & Mahindra Ltd 12.  Tata Communications Ltd Tier I Benchmark - Nifty 100 ESG Total Return Index 13.  Bajaj Finance Ltd"
    ],
    "field_location": [
     {
      "amc_name": "21",
      "benchmark_index": "21",
      "count": 21,
      "fund_manager_managing_fund_since": "21",
      "fund_manager_name": "21",
      "fund_manager_total_exp": "21",
      "load_entry": "21",
      "load_exit": "21",
      "main_scheme_name": "21",
      "metrics_beta": "21",
      "metrics_port_turnover_ratio": "21",
      "metrics_sharpe": "21",
      "metrics_std_dev": "21",
      "min_addl_amt": "21",
      "min_addl_amt_multiple": "21",
      "min_amt": "21",
      "min_amt_multiple": "21",
      "monthly_aaum_date": "21",
      "monthly_aaum_value": "21",
      "mutual_fund_name": "21",
      "scheme_launch_date": "21"
     }
    ],
    "fund_manager": [
     {
      "managing_fund_since": "july 12, 2019 ",
      "name": "Rallis India Ltd",
      "qualification": "",
      "total_exp": "22 years"
     },
     {
      "managing_fund_since": "nov 04, 2024 ",
      "name": "Mr. Chirag Mehta",
      "qualification": "",
      "total_exp": "3.5 years"
     },
     {
      "managing_fund_since": "",
      "name": "Crompton Greaves Consumer",
      "qualification": "",
      "total_exp": ""
     },
     {
      "managing_fund_since": "",
      "name": "Electricals Ltd",
      "qualification": "",
      "total_exp": ""
     },
     {
      "managing_fund_since": "",
      "name": "Chemicals Ltd",
      "qualification": "",
      "total_exp": ""
     },
     {
      "managing_fund_since": "",
      "name": "Bajaj Auto Ltd",
      "qualification": "",
      "total_exp": ""
     },
     {
      "managing_fund_since": "",
      "name": "Bank Ltd",
      "qualification": "",
      "total_exp": ""
     },
     {
      "managing_fund_since": "",
      "name": "Mr. Rajorshi Palit",
      "qualification": "",
      "total_exp": ""
     },
     {
      "managing_fund_since": "",
      "name": "Coforge Ltd",
      "qualification": "",
      "total_exp": ""
     },
     {
      "managing_fund_since": "",
      "name": "Godrej Consumer Products",
      "qualification": "",
      "total_exp": ""
     },
     {
      "managing_fund_since": "",
      "name": "Nuvoco Vistas Corporation",
      "qualification": "",
      "total_exp": ""
     },
     {
      "managing_fund_since": "",
      "name": "Narayana Hrudayalaya Ltd",
      "qualification": "",
      "total_exp": ""
     },
     {
      "managing_fund_since": "",
      "name": "Key Statistics",
      "qualification": "",
      "total_exp": ""
     },
     {
      "managing_fund_since": "",
      "name": "Dr. Lal Path",
      "qualification": "",
      "total_exp": ""
     },
     {
      "managing_fund_since": "",
      "name": "Labs Ltd",
      "qualification": "",
      "total_exp": ""
     },
     {
      "managing_fund_since": "",
      "name": "Mphasis Ltd",
      "qualification": "",
      "total_exp": ""
     }
    ],
    "load": [
     {
      "comment": "52. Sundram Fasteners Ltd53. EPL LtdNot Applicable 54. Orient Electric Ltd",
      "type": "entry"
     },
     {
      "comment": "55. LT Foods Ltd 56. ABB India Ltd • NIL: If 10% of units If redeemed or switched out on or 57. GMM Pfaudler Ltd before 365 days from the date of allotment 58. Mahindra Logistics Ltd • 1%: If Remaining 90% of units if redeemed or B) Unlisted Total of all Equity switched out on or before 365 days from the date of MONEY MARKET INSTRUMENTS allotment A. TREPS* • NIL: If redeemed or switched out after 365 days from Net Receivable/(payable) the date of allotment Grand Total Note: Redemptions / Switch outs of units will be done on First In First * Cash & Cash Equivalents Out (FIFO) basis. The above mentioned load structure shall be equally applicable to the special facilities such as Systematic Wit drawal Plan (SWP) / Systematic Transfer Plan (STP) and Switches etc. However, no load shall be charged for switching between option / plan within the Scheme.",
      "type": "exit"
     }
    ],
    "main_scheme_name": "QUANTUM ESG BEST IN CLASS STRATEGY FUND",
    "metrics": [
     {
      "name": "sharpe",
      "value": "0.47"
     },
     {
      "name": "std_dev",
      "value": "12.88%"
     },
     {
      "name": "beta",
      "value": "45."
     },
     {
      "name": "port_turnover_ratio",
      "value": "21.34"
     }
    ],
    "min_addl_amt": "₹500",
    "min_addl_amt_multiple": "₹1",
    "min_amt": "₹500",
    "min_amt_multiple": "₹1",
    "monthly_aaum_date": "20250131",
    "monthly_aaum_value": "88.91",
    "mutual_fund_name": "Quantum Mutual Fund",
    "scheme_launch_date": "20190712"
   }
  },
  {
   "value": {
    "amc_name": "Quantum Asset Management Company Private Limited",
    "benchmark_index": [
     "returns in based on"
    ],
    "field_location": [
     {
      "amc_name": "23",
      "benchmark_index": "23",
      "count": 21,
      "fund_manager_managing_fund_since": "23",
      "fund_manager_name": "23",
      "fund_manager_total_exp": "23",
      "load_entry": "23",
      "load_exit": "23",
      "main_scheme_name": "23",
      "metrics_avg_maturity": "23",
      "metrics_macaulay": "23",
      "metrics_mod_duration": "23",
      "metrics_ytm": "23",
      "monthly_aaum_date": "23",
      "monthly_aaum_value": "23",
      "mutual_fund_name": "23",
      "scheme_launch_date": "23"
     }
    ],
    "fund_manager": [
     {
      "managing_fund_since": "march 01, 2017",
      "name": "Mr. Pankaj Pathak",
      "qualification": "",
      "total_exp": "14 years"
     },
     {
      "managing_fund_since": "january 31, 2025",
      "name": "Quantum Liquid",
      "qualification": "",
      "total_exp": ""
     },
     {
      "managing_fund_since": "",
      "name": "Information Receivable",
      "qualification": "",
      "total_exp": ""
     },
     {
      "managing_fund_since": "",
      "name": "Modified Duration",
      "qualification": "",
      "total_exp": ""
     },
     {
      "managing_fund_since": "",
      "name": "Weighted Average Maturity",
      "qualification": "",
      "total_exp": ""
     }
    ],
    "load": [
     {
      "comment": "Not Applicable",
      "type": "entry"
     },
     {
      "comment": "Investor Exit Upon Subscription % of Exit Load Record Date Day 1 0.0070% Day 2 0.0065% Day 3 0.0060% 25-Nov-24 Day 4 0.0055% 26-Dec-24 Day 5 0.0050% 27-Jan-25 Day 6 0.0045% *Investors are paid",
      "type": "exit"
     }
    ],
    "main_scheme_name": "QUANTUM LIQUID FUND",
    "metrics": [
     {
      "name": "ytm",
      "value": "6.84%"
     },
     {
      "name": "mod_duration",
      "value": "1."
     },
     {
      "name": "avg_maturity",
      "value": "33 days"
     },
     {
      "name": "macaulay",
      "value": "33 days"
     }
    ],
    "monthly_aaum_date": "20250131",
    "monthly_aaum_value": "534.83",
    "mutual_fund_name": "Quantum Mutual Fund",
    "scheme_launch_date": "20250415"
   }
  },
  {
   "value": {
    "amc_name": "Quantum Asset Management Company Private Limited",
    "benchmark_index": [
     "1.  7.34% GOI (MD 22/04/2064) # Tier I Benchmark - CRISIL Dynamic Bond A-III Index 2.  7.3% GOI (MD 19/06/2053)"
    ],
    "field_location": [
     {
      "amc_name": "25",
      "benchmark_index": "25",
      "count": 21,
      "fund_manager_managing_fund_since": "25",
      "fund_manager_name": "25",
      "fund_manager_total_exp": "25",
      "load_entry": "25",
      "load_exit": "25",
      "main_scheme_name": "25",
      "metrics_avg_maturity": "25",
      "metrics_macaulay": "25",
      "metrics_mod_duration": "25",
      "metrics_ytm": "25",
      "min_addl_amt": "25",
      "min_addl_amt_multiple": "25",
      "min_amt": "25",
      "min_amt_multiple": "25",
      "monthly_aaum_date": "25",
      "monthly_aaum_value": "25",
      "mutual_fund_name": "25",
      "scheme_launch_date": "25"
     }
    ],
    "fund_manager": [
     {
      "managing_fund_since": "march 01, 2017",
      "name": "Mr. Pankaj Pathak",
      "qualification": "",
      "total_exp": "14 years"
     },
     {
      "managing_fund_since": "january 31, 2025",
      "name": "Quantum Dynamic",
      "qualification": "",
      "total_exp": "24.74 years"
     },
     {
      "managing_fund_since": "",
      "name": "Residual Maturity",
      "qualification": "",
      "total_exp": "10.1 years"
     },
     {
      "managing_fund_since": "",
      "name": "Modified Duration",
      "qualification": "",
      "total_exp": "9.74 years"
     }
    ],
    "load": [
     {
      "comment": "Not Applicable",
      "type": "entry"
     },
     {
      "comment": "NIL Record Date",
      "type": "exit"
     }
    ],
    "main_scheme_name": "QUANTUM DYNAMIC BOND FUND",
    "metrics": [
     {
      "name": "ytm",
      "value": "7.02%"
     },
     {
      "name": "mod_duration",
      "value": "9.74 years"
     },
     {
      "name": "avg_maturity",
      "value": "24.74 years"
     },
     {
      "name": "macaulay",
      "value": "10.1 years"
     }
    ],
    "min_addl_amt": "₹500",
    "min_addl_amt_multiple": "₹1",
    "min_amt": "₹500",
    "min_amt_multiple": "₹1",
    "monthly_aaum_date": "20250131",
    "monthly_aaum_value": "133.19",
    "mutual_fund_name": "Quantum Mutual Fund",
    "scheme_launch_date": "20350605"
   }
  },
  {
   "value": {
    "amc_name": "Quantum Asset Management Company Private Limited",
    "benchmark_index": [
     "If you had invested INR 10,000 every month Tier I Benchmark - Domestic Price of Physical Gold"
    ],
    "field_location": [
     {
      "amc_name": "27",
      "benchmark_index": "27",
      "count": 21,
      "fund_manager_managing_fund_since": "27",
      "fund_manager_name": "27",
      "fund_manager_total_exp": "27",
      "load_entry": "27",
      "load_exit": "27",
      "main_scheme_name": "27",
      "metrics_mod_duration": "27",
      "min_amt": "27",
      "min_amt_multiple": "27",
      "monthly_aaum_date": "27",
      "monthly_aaum_value": "27",
      "mutual_fund_name": "27",
      "scheme_launch_date": "27"
     }
    ],
    "fund_manager": [
     {
      "managing_fund_since": "may 19, 2011",
      "name": "Mr. Chirag Mehta Quantum",
      "qualification": "",
      "total_exp": "22 years"
     },
     {
      "managing_fund_since": "",
      "name": "Gold Savings",
      "qualification": "",
      "total_exp": ""
     },
     {
      "managing_fund_since": "",
      "name": "Amount Invested",
      "qualification": "",
      "total_exp": ""
     }
    ],
    "load": [
     {
      "comment": "(₹‘000)Not Applicable Mkt Value of scheme as onJanuary 31, 25 (₹‘000)",
      "type": "entry"
     },
     {
      "comment": "Tier I -",
      "type": "exit"
     }
    ],
    "main_scheme_name": "QUANTUM GOLD SAVINGS FUND",
    "metrics": [
     {
      "name": "mod_duration",
      "value": "2"
     }
    ],
    "min_amt": "₹500",
    "min_amt_multiple": "₹1",
    "monthly_aaum_date": "20250131",
    "monthly_aaum_value": "151.10",
    "mutual_fund_name": "Quantum Mutual Fund",
    "scheme_launch_date": "20110519"
   }
  },
  {
   "value": {
    "amc_name": "Quantum Asset Management Company Private Limited",
    "benchmark_index": [
     "* Cash & Cash Equivalents CRISIL Dynamic Bond Fund AIII Index (20%) + CRISIL Liquid"
    ],
    "field_location": [
     {
      "amc_name": "29",
      "benchmark_index": "29",
      "count": 21,
      "fund_manager_managing_fund_since": "29",
      "fund_manager_name": "29",
      "fund_manager_total_exp": "29",
      "load_entry": "29",
      "load_exit": "29",
      "main_scheme_name": "29",
      "metrics_beta": "29",
      "metrics_mod_duration": "29",
      "metrics_sharpe": "29",
      "metrics_std_dev": "29",
      "monthly_aaum_date": "29",
      "monthly_aaum_value": "29",
      "mutual_fund_name": "29",
      "scheme_launch_date": "29"
     }
    ],
    "fund_manager": [
     {
      "managing_fund_since": "july 11, 2012",
      "name": "Amount Invested",
      "qualification": "",
      "total_exp": "22 years"
     },
     {
      "managing_fund_since": "january 31, 25 ",
      "name": "Mr. Chirag Mehta",
      "qualification": "",
      "total_exp": ""
     }
    ],
    "load": [
     {
      "comment": "Tier I - BenchmarkNot Applicable (%)Additional Benchmark",
      "type": "entry"
     },
     {
      "comment": "Returns (%) Repurchase/ Redemption/ Switch Out - Past performance may or may not be sustained in the future. The above SIP performance is for Quantum Multi Asset Fund of Funds - Direct Plan and Regular Plan - Growth option. Load is not taken into consideration using applicable NAV on the SIP day (5th of every month). a) On or before 90 days from the date of allotment: 1.00%. Return on SIP and",
      "type": "exit"
     }
    ],
    "main_scheme_name": "QUANTUM MULTI ASSET FUND OF FUNDS",
    "metrics": [
     {
      "name": "sharpe",
      "value": "0.91"
     },
     {
      "name": "std_dev",
      "value": "4.67%"
     },
     {
      "name": "beta",
      "value": "0.82"
     },
     {
      "name": "mod_duration",
      "value": "3."
     }
    ],
    "monthly_aaum_date": "20250131",
    "monthly_aaum_value": "59.79",
    "mutual_fund_name": "Quantum Mutual Fund",
    "scheme_launch_date": "20120711"
   }
  },
  {
   "value": {
    "amc_name": "Quantum Asset Management Company Private Limited",
    "benchmark_index": [
     "seeking*"
    ],
    "field_location": [
     {
      "amc_name": "31",
      "benchmark_index": "31",
      "count": 21,
      "fund_manager_managing_fund_since": "31",
      "fund_manager_name": "31",
      "fund_manager_total_exp": "31",
      "load_entry": "31",
      "load_exit": "31",
      "main_scheme_name": "31",
      "metrics_mod_duration": "31",
      "monthly_aaum_date": "31",
      "monthly_aaum_value": "31",
      "mutual_fund_name": "31",
      "scheme_launch_date": "31"
     }
    ],
    "fund_manager": [
     {
      "managing_fund_since": "august 05, 2022 ",
      "name": "Mr. Hitendra Parekh",
      "qualification": "",
      "total_exp": "32 years"
     }
    ],
    "load": [
     {
      "comment": "Past performance may or may not be sustained in the future.Plan and Regular Plan - Growth option. Load is not taken into consideration using applicable NAV on the SIP day (5th of every month).Not Applicable Return on SIP and Benchmark are annualized and compounded investment return for cash flows resulting out of uniform and regular monthlysubscriptions as on 5th day of every month (in case 5th is a non-Business Day, then the next Business Day) and have been worked out using",
      "type": "entry"
     },
     {
      "comment": "the Excel spreadsheet function known as XIRR. XIRR calculates the internal rate of return for series of cash flow. Assuming ₹10,000 invested every month on 5th day of every month (in case 5th is a non-Business Day, then the next Business Day), the 1 year, 3 years, 5 years, 7 years NIL and since inception returns from SIP are annualized and compounded investment return computed on the assumption that SIP installments were received across the time periods from the start date of SIP from the end of the relevant period viz. 1 year, 3 years, 5 years, 7 years and since Inception. Returns are net of",
      "type": "exit"
     }
    ],
    "main_scheme_name": "QUANTUM NIFTY 50 ETF FUND OF FUND",
    "metrics": [
     {
      "name": "mod_duration",
      "value": "2"
     }
    ],
    "monthly_aaum_date": "20250131",
    "monthly_aaum_value": "24.29",
    "mutual_fund_name": "Quantum Mutual Fund",
    "scheme_launch_date": "20220805"
   }
  },
  {
   "value": {
    "amc_name": "Quantum Asset Management Company Private Limited",
    "benchmark_index": [
     "who are seeking* •\t Long term returns •\t Investments in e M"
    ],
    "field_location": [
     {
      "amc_name": "33",
      "benchmark_index": "33",
      "count": 21,
      "creation_unit": "33",
      "fund_manager_managing_fund_since": "33",
      "fund_manager_name": "33",
      "fund_manager_total_exp": "33",
      "load_entry": "33",
      "load_exit": "33",
      "main_scheme_name": "33",
      "metrics_mod_duration": "33",
      "metrics_tracking_error": "33",
      "monthly_aaum_date": "33",
      "monthly_aaum_value": "33",
      "mutual_fund_name": "33",
      "scheme_launch_date": "33"
     }
    ],
    "fund_manager": [
     {
      "managing_fund_since": "june 1, 2024",
      "name": "Mr. Chirag Mehta",
      "qualification": "",
      "total_exp": "22 years"
     },
     {
      "managing_fund_since": "",
      "name": "Scrip Code",
      "qualification": "",
      "total_exp": ""
     }
    ],
    "load": [
     {
      "comment": "Replicating / TrackingNot Applicable Gold)",
      "type": "entry"
     },
     {
      "comment": "Tier I",
      "type": "exit"
     }
    ],
    "main_scheme_name": "QUANTUM GOLD FUND",
    "metrics": [
     {
      "name": "tracking_error",
      "value": "4."
     },
     {
      "name": "mod_duration",
      "value": "2"
     }
    ],
    "monthly_aaum_date": "20250131",
    "monthly_aaum_value": "249.59",
    "mutual_fund_name": "Quantum Mutual Fund",
    "scheme_launch_date": "20080222"
   }
  },
  {
   "value": {
    "amc_name": "Quantum Asset Management Company Private Limited",
    "benchmark_index": [
     "14.  Hindustan Unilever Ltd 15.  Sun Pharmaceutical Industries Ltd Tier I Benchmark - Nifty 50 TRI 16.  HCL Technologies Ltd"
    ],
    "field_location": [
     {
      "amc_name": "34",
      "benchmark_index": "34",
      "count": 21,
      "fund_manager_managing_fund_since": "34",
      "fund_manager_name": "34",
      "fund_manager_total_exp": "34",
      "load_entry": "34",
      "load_exit": "34",
      "main_scheme_name": "34",
      "metrics_mod_duration": "34",
      "metrics_port_turnover_ratio": "34",
      "metrics_tracking_error": "34",
      "monthly_aaum_date": "34",
      "monthly_aaum_value": "34",
      "mutual_fund_name": "34"
     }
    ],
    "fund_manager": [
     {
      "managing_fund_since": "july 10, 2008 ",
      "name": "Coal India Ltd",
      "qualification": "",
      "total_exp": "32 years"
     },
     {
      "managing_fund_since": "",
      "name": "Wipro Ltd",
      "qualification": "",
      "total_exp": ""
     },
     {
      "managing_fund_since": "",
      "name": "Mr. Hitendra Parekh",
      "qualification": "",
      "total_exp": ""
     },
     {
      "managing_fund_since": "",
      "name": "Hindalco Industries Ltd",
      "qualification": "",
      "total_exp": ""
     },
     {
      "managing_fund_since": "",
      "name": "Nestle India Ltd",
      "qualification": "",
      "total_exp": ""
     },
     {
      "managing_fund_since": "",
      "name": "Cipla Ltd",
      "qualification": "",
      "total_exp": ""
     },
     {
      "managing_fund_since": "",
      "name": "Key Statistics",
      "qualification": "",
      "total_exp": ""
     },
     {
      "managing_fund_since": "",
      "name": "Adani Ports",
      "qualification": "",
      "total_exp": ""
     },
     {
      "managing_fund_since": "",
      "name": "Economic Zone",
      "qualification": "",
      "total_exp": ""
     },
     {
      "managing_fund_since": "",
      "name": "Shriram Finance Ltd",
      "qualification": "",
      "total_exp": ""
     },
     {
      "managing_fund_since": "",
      "name": "Tracking Error",
      "qualification": "",
      "total_exp": ""
     },
     {
      "managing_fund_since": "",
      "name": "Dr. Reddy''s Laboratories",
      "qualification": "",
      "total_exp": ""
     },
     {
      "managing_fund_since": "",
      "name": "Eicher Motors Ltd",
      "qualification": "",
      "total_exp": ""
     }
    ],
    "load": [
     {
      "comment": "42. Apollo Hospitals Enterprise LtdNot Applicable 43. HDFC Life Insurance Company Ltd44. Tata Consumer Products Ltd",
      "type": "entry"
     },
     {
      "comment": "45. SBI Life Insurance Company Ltd 46. IndusInd Bank Ltd NIL (retail Investor can exit the scheme only through 47. Britannia Industries Ltd secondary market) 48. Adani Enterprises Ltd 49. Hero MotoCorp Ltd",
      "type": "exit"
     }
    ],
    "main_scheme_name": "QUANTUM NIFTY 50 ETF",
    "metrics": [
     {
      "name": "tracking_error",
      "value": "8."
     },
     {
      "name": "port_turnover_ratio",
      "value": "8.38"
     },
     {
      "name": "mod_duration",
      "value": "2"
     }
    ],
    "monthly_aaum_date": "20250131",
    "monthly_aaum_value": "60.68",
    "mutual_fund_name": "Quantum Mutual Fund"
   }
  },
  {
   "value": {
    "amc_name": "Quantum Asset Management Company Private Limited",
    "benchmark_index": [
     "BSE 250 Small Cap TRI"
    ],
    "field_location": [
     {
      "amc_name": "38",
      "benchmark_index": "38",
      "count": 21,
      "fund_manager_managing_fund_since": "38",
      "fund_manager_name": "38",
      "load_entry": "38",
      "load_exit": "38",
      "main_scheme_name": "38",
      "monthly_aaum_date": "38",
      "mutual_fund_name": "38",
      "scheme_launch_date": "38"
     }
    ],
    "fund_manager": [
     {
      "managing_fund_since": "november 03, 2023",
      "name": "Chirag Mehta",
      "qualification": "",
      "total_exp": ""
     },
     {
      "managing_fund_since": "november 03, 2023",
      "name": "Mrs. Abhilasha Satale",
      "qualification": "",
      "total_exp": ""
     }
    ],
    "load": [
     {
      "comment": "period i.e. 730 days from the allotment Exit Load Period : 730 days from the date of allotment • Remaining 90% of units in parts or full: (i) 2%: If redeemed or switched out on or before 365 days from the date of allotment (ii) 1%: If redeemed or switched out after 365 days but on or before 730 days from the date of allotment • Nil: If units redeemed or switched out after 730 days from the date of allotment. Growth & Income Distribution cum Capital Withdrawal (",
      "type": "exit"
     },
     {
      "comment": "Not Applicable",
      "type": "entry"
     }
    ],
    "main_scheme_name": "Fund at a Glance Scheme Name Quantum Small Cap Fund Type of Scheme ",
    "monthly_aaum_date": "20250131",
    "mutual_fund_name": "Quantum Mutual Fund",
    "scheme_launch_date": "NOVEMBER 03"
   }
  },
  {
   "value": {
    "amc_name": "Quantum Asset Management Company Private Limited",
    "benchmark_index": [
     "- BSE 500 TRI Tier II Benchmark - BSE 200 TRI Not Applicable Nil"
    ],
    "field_location": [
     {
      "amc_name": "39",
      "benchmark_index": "39",
      "count": 21,
      "fund_manager_managing_fund_since": "39",
      "fund_manager_name": "39",
      "load_entry": "39",
      "load_exit": "39",
      "main_scheme_name": "39",
      "monthly_aaum_date": "39",
      "mutual_fund_name": "39",
      "scheme_launch_date": "39"
     }
    ],
    "fund_manager": [
     {
      "managing_fund_since": "december 20, 2024",
      "name": "Chirag Mehta",
      "qualification": "",
      "total_exp": ""
     }
    ],
    "load": [
     {
      "comment": "Not Applicable",
      "type": "entry"
     },
     {
      "comment": "Nil: 10% of units If redeemed or switched out on or before 365 days from the date of allotment. 1%: Remaining 90% of units if redeemed or switched out on or before 365 days from the date of allotment. NIL: If redeemed or switched out after 365 days from the date of allotment Note: Redemptions / Switch outs of units will be done on First In First Out (FIFO) basis. The above mentioned Exit Load shall be equally applicable to the special products such as Systematic Withdrawal Plan (SWP)/Systematic Transfer Plan (STP) and Switches etc. However, no load shall be charged for switching in between option / plan within the scheme. Investment Options Growth Option Investment Plan Minimum Application Purchase: ₹500/- and in multiples of ₹1/- therefore. Additional Amount Purchase: ₹500/- and in multiples of ₹1/- thereafter / 50 units Lock-in Period Nil $ Investors should indicate the Option for which the application is made. In case Investors wish to opt for both the options, a separate Application form will have to be filled. In case applications are received where option/sub-option for investment is not selected, the default option/sub-option will be applicable.",
      "type": "exit"
     }
    ],
    "main_scheme_name": "Fund at a Glance Scheme Name Quantum Ethical Fund Type of Scheme ",
    "monthly_aaum_date": "20250131",
    "mutual_fund_name": "Quantum Mutual Fund",
    "scheme_launch_date": "DECEMBER 20"
   }
  },
  {
   "value": {
    "amc_name": "Quantum Asset Management Company Private Limited",
    "benchmark_index": [
     "- Nifty 100 ESG Total Return Index Not Applicable NIL : 10% of units If redeemed or switched out on or before 365"
    ],
    "field_location": [
     {
      "amc_name": "40",
      "benchmark_index": "40",
      "count": 21,
      "fund_manager_managing_fund_since": "40",
      "fund_manager_name": "40",
      "load_entry": "40",
      "load_exit": "40",
      "main_scheme_name": "40",
      "monthly_aaum_date": "40",
      "mutual_fund_name": "40",
      "scheme_launch_date": "40"
     }
    ],
    "fund_manager": [
     {
      "managing_fund_since": "november 1, 2013",
      "name": "Chirag Mehta",
      "qualification": "",
      "total_exp": ""
     }
    ],
    "load": [
     {
      "comment": "Not Applicable",
      "type": "entry"
     },
     {
      "comment": "^NIL : 10% of units if redeemed or switched out on or before 365 days from the date of allotment 1% : Remaining 90% of units if redeemed or switched out on or before 365 days from the date allotment NIL : If redeemed or switched out of units after 365 days from the date of allotment Investment Options Growth & Income Distribution cum Capital Withdrawal (",
      "type": "exit"
     }
    ],
    "main_scheme_name": "Fund at a Glance Scheme Name Quantum Equity Fund of Funds Type of Scheme ",
    "monthly_aaum_date": "20250131",
    "mutual_fund_name": "Quantum Mutual Fund",
    "scheme_launch_date": "JULY 20"
   }
  },
  {
   "value": {
    "amc_name": "Quantum Asset Management Company Private Limited",
    "benchmark_index": [
     "- CRISIL Dynamic Bond A-III Index# Not Applicable Day 3 : 0.0060%, Day 4 :"
    ],
    "field_location": [
     {
      "amc_name": "41",
      "benchmark_index": "41",
      "count": 21,
      "fund_manager_managing_fund_since": "41",
      "fund_manager_name": "41",
      "load_entry": "41",
      "load_exit": "41",
      "main_scheme_name": "41",
      "min_addl_amt": "41",
      "min_addl_amt_multiple": "41",
      "min_amt": "41",
      "min_amt_multiple": "41",
      "monthly_aaum_date": "41",
      "mutual_fund_name": "41",
      "scheme_launch_date": "41"
     }
    ],
    "fund_manager": [
     {
      "managing_fund_since": "march 1, 2017",
      "name": "Pankaj Pathak",
      "qualification": "",
      "total_exp": ""
     }
    ],
    "load": [
     {
      "comment": "Not Applicable",
      "type": "entry"
     },
     {
      "comment": "Day 1 : 0.0070%, Day 2 : 0.0065%, 0.0055%, Day 5 : 0.0050%, Day 6 : Day 7 Onwards: NIL Note: Redemption / Switched Outs will be done on First in First out (FIFO) basis. The above mentioned Exit Load shall be equally applicable to Systematic Withdrawal Plan (SWP), Systematic Transfer Plan (STP) and Switches including existing installment of existing SIPs/ STPs / SWPs falling due after the effective date. However, no exit load will be charged for switching between option / plan within the scheme. Investment Options Growth, Daily Reinvestment of Income Distribution Cum Capital Withdrawal (",
      "type": "exit"
     }
    ],
    "main_scheme_name": "Fund at a Glance Scheme Name Quantum Liquid Fund Type of Scheme ",
    "min_addl_amt": "₹500",
    "min_addl_amt_multiple": "₹1",
    "min_amt": "₹5,000",
    "min_amt_multiple": "₹1",
    "monthly_aaum_date": "20250131",
    "mutual_fund_name": "Quantum Mutual Fund",
    "scheme_launch_date": "APRIL 07"
   }
  },
  {
   "value": {
    "amc_name": "Quantum Asset Management Company Private Limited",
    "benchmark_index": [
     "of the scheme has been changed to CRISIL Dynamic Bond A-III Index (20%) + CRISIL Liquid Debt A-I Index (25%) + Nifty 50 TRI (40%) + Domestic price of Gold (15%) Not Applicable Repurchase/ Redemption/ Switch Out -"
    ],
    "field_location": [
     {
      "amc_name": "42",
      "benchmark_index": "42",
      "count": 21,
      "fund_manager_managing_fund_since": "42",
      "fund_manager_name": "42",
      "load_entry": "42",
      "load_exit": "42",
      "main_scheme_name": "42",
      "min_amt": "42",
      "monthly_aaum_date": "42",
      "mutual_fund_name": "42",
      "scheme_launch_date": "42"
     }
    ],
    "fund_manager": [
     {
      "managing_fund_since": "may 19, 2011",
      "name": "Chirag Mehta",
      "qualification": "",
      "total_exp": ""
     }
    ],
    "load": [
     {
      "comment": "Not Applicable",
      "type": "entry"
     },
     {
      "comment": "NIL Investment Options Growth Investment Plan Minimum Application Purchase: ₹500/- and in multiples of ₹1/- thereafter. Additional Amount Purchase: ₹500/- and in multiples of ₹1/- thereafter / 50 units Lock-in Period Nil $ Investors should indicate the Option for which the application is made. In case Investors wish to opt for both the options, a separate Application form will have to be filled. In case applications are received where option/sub-option for investment is not selected, the default option/sub-option will be applicable. # Tier-I",
      "type": "exit"
     }
    ],
    "main_scheme_name": "Fund at a Glance Scheme Name Quantum Gold Savings Fund Type of Scheme ",
    "min_amt": "03,",
    "monthly_aaum_date": "20250131",
    "mutual_fund_name": "Quantum Mutual Fund",
    "scheme_launch_date": "MAY 19"
   }
  },
  {
   "value": {
    "amc_name": "Quantum Asset Management Company Private Limited",
    "benchmark_index": [
     "Tier I Benchmark - Nifty 50 TRI"
    ],
    "field_location": [
     {
      "amc_name": "43",
      "benchmark_index": "43",
      "count": 21,
      "fund_manager_managing_fund_since": "43",
      "fund_manager_name": "43",
      "load_entry": "43",
      "load_exit": "43",
      "main_scheme_name": "43",
      "monthly_aaum_date": "43",
      "mutual_fund_name": "43",
      "scheme_launch_date": "43"
     }
    ],
    "fund_manager": [
     {
      "managing_fund_since": "august 05, 2022",
      "name": "Hitendra Parekh",
      "qualification": "",
      "total_exp": ""
     }
    ],
    "load": [
     {
      "comment": "Not Applicable",
      "type": "entry"
     },
     {
      "comment": "NIL Investment Options Growth Investment Plan Minimum Application Purchase: ₹500 /- and in multiples of Rs. 1 thereafter Additional Amount Purchase: ₹500 /- and in multiples of ₹1 thereafter / 50 units. Lock-in Period Nil",
      "type": "exit"
     }
    ],
    "main_scheme_name": "Fund at a Glance Scheme Name Quantum Nifty 50 ETF Fund of Fund Type of Scheme ",
    "monthly_aaum_date": "20250131",
    "mutual_fund_name": "Quantum Mutual Fund",
    "scheme_launch_date": "AUGUST 05"
   }
  },
  {
   "value": {
    "amc_name": "Quantum Asset Management Company Private Limited",
    "benchmark_index": [
     "- Nifty 50 TRI Not Applicable Nil (retail investor can exit the scheme only through"
    ],
    "field_location": [
     {
      "amc_name": "44",
      "benchmark_index": "44",
      "count": 21,
      "fund_manager_managing_fund_since": "44",
      "fund_manager_name": "44",
      "load_entry": "44",
      "load_exit": "44",
      "main_scheme_name": "44",
      "metrics_tracking_error": "44",
      "monthly_aaum_date": "44",
      "mutual_fund_name": "44",
      "scheme_launch_date": "44"
     }
    ],
    "fund_manager": [
     {
      "managing_fund_since": "june 1, 2024",
      "name": "Chirag Mehta",
      "qualification": "",
      "total_exp": ""
     }
    ],
    "load": [
     {
      "comment": "the scheme only through secondary market) Directly with Fund: The Market Makers / Eligible Investors can subscribe / redeem units directly with the AMC in Creation Unit Size at the Intra-Day NAV. On the Exchange: At prices which may be close to the NAV of Q Nifty Units. On NSE, the units can be purchased / sold in minimum lot of 1 unit and in multiples thereof. The units of Q Nifty issued under the scheme will be approximately equal to the price of 1/10 (one-tenth) of the Nifty 50 Index. Nil",
      "type": "exit"
     },
     {
      "comment": "Not Applicable",
      "type": "entry"
     }
    ],
    "main_scheme_name": "Fund at a Glance Scheme Name Quantum Gold Fund Type of Scheme ",
    "metrics": [
     {
      "name": "tracking_error",
      "value": "50"
     }
    ],
    "monthly_aaum_date": "20250131",
    "mutual_fund_name": "Quantum Mutual Fund",
    "scheme_launch_date": "FEBRUARY 22"
   }
  }
 ]
}