{
 "metadata": {
  "document_name": "35_31-Jan-25_FS.pdf",
  "file_type": "fs",
  "process_date": "20250214"
 },
 "records": [
  {
   "value": {
    "amc_name": "SBI Funds Management Limited",
    "benchmark_index": [
     "Underlying Index: Nifty 50 TRI"
    ],
    "exchange_listed": "NSE",
    "field_location": [
     {
      "amc_name": "3",
      "benchmark_index": "3",
      "count": 30,
      "creation_unit": "3",
      "exchange_listed": "3",
      "fund_manager_managing_fund_since": "3",
      "fund_manager_name": "3",
      "fund_manager_total_exp": "3",
      "load_entry": "3",
      "load_exit": "3",
      "main_scheme_name": "3",
      "metrics_average_div_yield": "3",
      "metrics_beta": "3",
      "metrics_port_turnover_ratio": "3",
      "metrics_sharpe": "3",
      "metrics_std_dev": "3",
      "metrics_tracking_error": "3",
      "monthly_aaum_date": "3",
      "monthly_aaum_value": "3",
      "mutual_fund_name": "3",
      "scheme_launch_date": "3"
     }
    ],
    "fund_manager": [
     {
      "managing_fund_since": "july 2015",
      "name": "Mr. Raviprakash Sharma",
      "qualification": "",
      "total_exp": "24 years"
     }
    ],
    "load": [
     {
      "comment": "N.A.",
      "type": "entry"
     },
     {
      "comment": "N.A.",
      "type": "exit"
     }
    ],
    "main_scheme_name": "SBI NIFTY 50 ETF ",
    "metrics": [
     {
      "name": "average_div_yield",
      "value": "1.38"
     },
     {
      "name": "port_turnover_ratio",
      "value": "0.14"
     },
     {
      "name": "sharpe",
      "value": "0.43"
     },
     {
      "name": "std_dev",
      "value": "12.72%"
     },
     {
      "name": "beta",
      "value": "1.00"
     },
     {
      "name": "tracking_error",
      "value": "31,"
     }
    ],
    "monthly_aaum_date": "20250131",
    "monthly_aaum_value": "₹1,89,648.14 crores",
    "mutual_fund_name": "SBI Mutual Fund",
    "scheme_launch_date": "20150722"
   }
  },
  {
   "value": {
    "amc_name": "SBI Funds Management Limited",
    "benchmark_index": [
     "Underlying Index: Nifty Next 50 TRI"
    ],
    "exchange_listed": "NSE",
    "field_location": [
     {
      "amc_name": "4",
      "benchmark_index": "4",
      "count": 30,
      "creation_unit": "4",
      "exchange_listed": "4",
      "fund_manager_managing_fund_since": "4",
      "fund_manager_name": "4",
      "fund_manager_total_exp": "4",
      "load_entry": "4",
      "load_exit": "4",
      "main_scheme_name": "4",
      "metrics_average_div_yield": "4",
      "metrics_beta": "4",
      "metrics_port_turnover_ratio": "4",
      "metrics_sharpe": "4",
      "metrics_std_dev": "4",
      "metrics_tracking_error": "4",
      "monthly_aaum_date": "4",
      "monthly_aaum_value": "4",
      "mutual_fund_name": "4",
      "scheme_launch_date": "4"
     }
    ],
    "fund_manager": [
     {
      "managing_fund_since": "march 2015",
      "name": "Mr. Raviprakash Sharma",
      "qualification": "",
      "total_exp": "24 years"
     }
    ],
    "load": [
     {
      "comment": "N.A.",
      "type": "entry"
     },
     {
      "comment": "N.A.",
      "type": "exit"
     }
    ],
    "main_scheme_name": "SBI NIFTY NEXT 50 ETF ",
    "metrics": [
     {
      "name": "average_div_yield",
      "value": "1.24"
     },
     {
      "name": "std_dev",
      "value": "18.76%"
     },
     {
      "name": "beta",
      "value": "1.00"
     },
     {
      "name": "sharpe",
      "value": "0.54"
     },
     {
      "name": "tracking_error",
      "value": "31,"
     },
     {
      "name": "port_turnover_ratio",
      "value": "0.62"
     }
    ],
    "monthly_aaum_date": "20250131",
    "monthly_aaum_value": "₹2,844.71 crores",
    "mutual_fund_name": "SBI Mutual Fund",
    "scheme_launch_date": "20150320"
   }
  },
  {
   "value": {
    "amc_name": "SBI Funds Management Limited",
    "benchmark_index": [
     "Underlying Index: Nifty200 Quality 30 TRI"
    ],
    "exchange_listed": "NSE",
    "field_location": [
     {
      "amc_name": "5",
      "benchmark_index": "5",
      "count": 30,
      "creation_unit": "5",
      "exchange_listed": "5",
      "fund_manager_managing_fund_since": "5",
      "fund_manager_name": "5",
      "fund_manager_total_exp": "5",
      "load_entry": "5",
      "load_exit": "5",
      "main_scheme_name": "5",
      "metrics_average_div_yield": "5",
      "metrics_beta": "5",
      "metrics_port_turnover_ratio": "5",
      "metrics_sharpe": "5",
      "metrics_std_dev": "5",
      "metrics_tracking_error": "5",
      "monthly_aaum_date": "5",
      "monthly_aaum_value": "5",
      "mutual_fund_name": "5",
      "scheme_launch_date": "5"
     }
    ],
    "fund_manager": [
     {
      "managing_fund_since": "december 2018",
      "name": "Mr. Raviprakash Sharma",
      "qualification": "",
      "total_exp": "24 years"
     }
    ],
    "load": [
     {
      "comment": "N.A.",
      "type": "entry"
     },
     {
      "comment": "N.A.",
      "type": "exit"
     }
    ],
    "main_scheme_name": "SBI NIFTY 200 QUALITY 30 ETF ",
    "metrics": [
     {
      "name": "sharpe",
      "value": "0.55"
     },
     {
      "name": "std_dev",
      "value": "13.44%"
     },
     {
      "name": "beta",
      "value": "1.00"
     },
     {
      "name": "tracking_error",
      "value": "31,"
     },
     {
      "name": "port_turnover_ratio",
      "value": "0.31"
     },
     {
      "name": "average_div_yield",
      "value": "2.12"
     }
    ],
    "monthly_aaum_date": "20250131",
    "monthly_aaum_value": "₹128.74 crores",
    "mutual_fund_name": "SBI Mutual Fund",
    "scheme_launch_date": "20181210"
   }
  },
  {
   "value": {
    "amc_name": "SBI Funds Management Limited",
    "benchmark_index": [
     "Underlying Index: Nifty Bank TRI"
    ],
    "exchange_listed": "NSE",
    "field_location": [
     {
      "amc_name": "6",
      "benchmark_index": "6",
      "count": 30,
      "creation_unit": "6",
      "exchange_listed": "6",
      "fund_manager_managing_fund_since": "6",
      "fund_manager_name": "6",
      "fund_manager_total_exp": "6",
      "load_entry": "6",
      "load_exit": "6",
      "main_scheme_name": "6",
      "metrics_average_div_yield": "6",
      "metrics_beta": "6",
      "metrics_port_turnover_ratio": "6",
      "metrics_sharpe": "6",
      "metrics_std_dev": "6",
      "metrics_tracking_error": "6",
      "monthly_aaum_date": "6",
      "monthly_aaum_value": "6",
      "mutual_fund_name": "6",
      "scheme_launch_date": "6"
     }
    ],
    "fund_manager": [
     {
      "managing_fund_since": "march 2015",
      "name": "Mr. Raviprakash Sharma",
      "qualification": "",
      "total_exp": "24 years"
     }
    ],
    "load": [
     {
      "comment": "N.A.",
      "type": "entry"
     },
     {
      "comment": "N.A.",
      "type": "exit"
     }
    ],
    "main_scheme_name": "SBI NIFTY BANK ETF ",
    "metrics": [
     {
      "name": "average_div_yield",
      "value": "1.01"
     },
     {
      "name": "port_turnover_ratio",
      "value": "0.35"
     },
     {
      "name": "sharpe",
      "value": "0.27"
     },
     {
      "name": "std_dev",
      "value": "14.55%"
     },
     {
      "name": "beta",
      "value": "1.00"
     },
     {
      "name": "tracking_error",
      "value": "31,"
     }
    ],
    "monthly_aaum_date": "20250131",
    "monthly_aaum_value": "4,133.16 crores",
    "mutual_fund_name": "SBI Mutual Fund",
    "scheme_launch_date": "20150320"
   }
  },
  {
   "value": {
    "amc_name": "SBI Funds Management Limited",
    "benchmark_index": [
     "Underlying Index: Nifty Private Bank TRI"
    ],
    "exchange_listed": "NSE",
    "field_location": [
     {
      "amc_name": "7",
      "benchmark_index": "7",
      "count": 30,
      "creation_unit": "7",
      "exchange_listed": "7",
      "fund_manager_managing_fund_since": "7",
      "fund_manager_name": "7",
      "fund_manager_total_exp": "7",
      "load_entry": "7",
      "load_exit": "7",
      "main_scheme_name": "7",
      "metrics_average_div_yield": "7",
      "metrics_beta": "7",
      "metrics_port_turnover_ratio": "7",
      "metrics_sharpe": "7",
      "metrics_std_dev": "7",
      "metrics_tracking_error": "7",
      "monthly_aaum_date": "7",
      "monthly_aaum_value": "7",
      "mutual_fund_name": "7",
      "scheme_launch_date": "7"
     }
    ],
    "fund_manager": [
     {
      "managing_fund_since": "october 2020",
      "name": "Mr. Harsh Sethi",
      "qualification": "",
      "total_exp": "20 years"
     }
    ],
    "load": [
     {
      "comment": "N.A.",
      "type": "entry"
     },
     {
      "comment": "N.A.",
      "type": "exit"
     }
    ],
    "main_scheme_name": "SBI NIFTY PRIVATE BANK ETF ",
    "metrics": [
     {
      "name": "average_div_yield",
      "value": "0.60"
     },
     {
      "name": "port_turnover_ratio",
      "value": "0.56"
     },
     {
      "name": "sharpe",
      "value": "0.21"
     },
     {
      "name": "std_dev",
      "value": "15.12%"
     },
     {
      "name": "beta",
      "value": "0.99"
     },
     {
      "name": "tracking_error",
      "value": "31,"
     }
    ],
    "monthly_aaum_date": "20250131",
    "monthly_aaum_value": "158.16 crores",
    "mutual_fund_name": "SBI Mutual Fund",
    "scheme_launch_date": "20201019"
   }
  },
  {
   "value": {
    "amc_name": "SBI Funds Management Limited",
    "benchmark_index": [
     "Underlying Index: Nifty IT TRI"
    ],
    "exchange_listed": "NSE",
    "field_location": [
     {
      "amc_name": "8",
      "benchmark_index": "8",
      "count": 30,
      "creation_unit": "8",
      "exchange_listed": "8",
      "fund_manager_managing_fund_since": "8",
      "fund_manager_name": "8",
      "fund_manager_total_exp": "8",
      "load_entry": "8",
      "load_exit": "8",
      "main_scheme_name": "8",
      "metrics_average_div_yield": "8",
      "metrics_beta": "8",
      "metrics_port_turnover_ratio": "8",
      "metrics_sharpe": "8",
      "metrics_std_dev": "8",
      "metrics_tracking_error": "8",
      "monthly_aaum_date": "8",
      "monthly_aaum_value": "8",
      "mutual_fund_name": "8",
      "scheme_launch_date": "8"
     }
    ],
    "fund_manager": [
     {
      "managing_fund_since": "october 2020",
      "name": "Mr. Harsh Sethi",
      "qualification": "",
      "total_exp": "20 years"
     }
    ],
    "load": [
     {
      "comment": "N.A.",
      "type": "entry"
     },
     {
      "comment": "N.A.",
      "type": "exit"
     }
    ],
    "main_scheme_name": "SBI NIFTY IT ETF ",
    "metrics": [
     {
      "name": "average_div_yield",
      "value": "2.41"
     },
     {
      "name": "std_dev",
      "value": "20.02%"
     },
     {
      "name": "beta",
      "value": "1.00"
     },
     {
      "name": "sharpe",
      "value": "0.19"
     },
     {
      "name": "port_turnover_ratio",
      "value": "0.59"
     },
     {
      "name": "tracking_error",
      "value": "31,"
     }
    ],
    "monthly_aaum_date": "20250131",
    "monthly_aaum_value": "₹86.45 crores",
    "mutual_fund_name": "SBI Mutual Fund",
    "scheme_launch_date": "20201019"
   }
  },
  {
   "value": {
    "amc_name": "SBI Funds Management Limited",
    "benchmark_index": [
     "Underlying Index: Nifty India Consumption TRI"
    ],
    "exchange_listed": "NSE",
    "field_location": [
     {
      "amc_name": "9",
      "benchmark_index": "9",
      "count": 30,
      "creation_unit": "9",
      "exchange_listed": "9",
      "fund_manager_managing_fund_since": "9",
      "fund_manager_name": "9",
      "fund_manager_total_exp": "9",
      "load_entry": "9",
      "load_exit": "9",
      "main_scheme_name": "9",
      "metrics_average_div_yield": "9",
      "metrics_port_turnover_ratio": "9",
      "metrics_tracking_error": "9",
      "monthly_aaum_date": "9",
      "monthly_aaum_value": "9",
      "mutual_fund_name": "9",
      "scheme_launch_date": "9"
     }
    ],
    "fund_manager": [
     {
      "managing_fund_since": "july 2021",
      "name": "Mr. Harsh Sethi",
      "qualification": "",
      "total_exp": "20 years"
     }
    ],
    "load": [
     {
      "comment": "N.A.",
      "type": "entry"
     },
     {
      "comment": "N.A.",
      "type": "exit"
     }
    ],
    "main_scheme_name": "SBI NIFTY CONSUMPTION ETF ",
    "metrics": [
     {
      "name": "average_div_yield",
      "value": "0.97"
     },
     {
      "name": "tracking_error",
      "value": "31,"
     },
     {
      "name": "port_turnover_ratio",
      "value": "0.21"
     }
    ],
    "monthly_aaum_date": "20250131",
    "monthly_aaum_value": "₹19.84 crores",
    "mutual_fund_name": "SBI Mutual Fund",
    "scheme_launch_date": "20210722"
   }
  },
  {
   "value": {
    "amc_name": "SBI Funds Management Limited",
    "benchmark_index": [
     "Underlying Index: Nifty50 Equal Weight TRI"
    ],
    "exchange_listed": "BSE Star MF/ MFSS",
    "field_location": [
     {
      "amc_name": "10",
      "benchmark_index": "10",
      "count": 30,
      "creation_unit": "10",
      "exchange_listed": "10",
      "fund_manager_managing_fund_since": "10",
      "fund_manager_name": "10",
      "fund_manager_total_exp": "10",
      "load_entry": "10",
      "load_exit": "10",
      "main_scheme_name": "10",
      "metrics_average_div_yield": "10",
      "metrics_port_turnover_ratio": "10",
      "metrics_tracking_error": "10",
      "monthly_aaum_date": "10",
      "monthly_aaum_value": "10",
      "mutual_fund_name": "10",
      "scheme_launch_date": "10"
     }
    ],
    "fund_manager": [
     {
      "managing_fund_since": "july 2024",
      "name": "Mr. Viral Chhadva",
      "qualification": "",
      "total_exp": "17 years"
     }
    ],
    "load": [
     {
      "comment": "N.A.",
      "type": "entry"
     },
     {
      "comment": "N.A.",
      "type": "exit"
     }
    ],
    "main_scheme_name": "An open-ended Exchange Traded Fund replicating/ tracking NIFTY50 Equal Weight Index",
    "metrics": [
     {
      "name": "average_div_yield",
      "value": "1.51"
     },
     {
      "name": "port_turnover_ratio",
      "value": "0.20"
     },
     {
      "name": "tracking_error",
      "value": "31,"
     }
    ],
    "monthly_aaum_date": "20250131",
    "monthly_aaum_value": "₹22.53 crores",
    "mutual_fund_name": "SBI Mutual Fund",
    "scheme_launch_date": "20240716"
   }
  },
  {
   "value": {
    "amc_name": "SBI Funds Management Limited",
    "benchmark_index": [
     "Underlying Index: BSE SENSEX TRI"
    ],
    "exchange_listed": "BSE",
    "field_location": [
     {
      "amc_name": "11",
      "benchmark_index": "11",
      "count": 30,
      "creation_unit": "11",
      "exchange_listed": "11",
      "fund_manager_managing_fund_since": "11",
      "fund_manager_name": "11",
      "fund_manager_total_exp": "11",
      "load_entry": "11",
      "load_exit": "11",
      "main_scheme_name": "11",
      "metrics_average_div_yield": "11",
      "metrics_beta": "11",
      "metrics_port_turnover_ratio": "11",
      "metrics_sharpe": "11",
      "metrics_std_dev": "11",
      "metrics_tracking_error": "11",
      "monthly_aaum_date": "11",
      "monthly_aaum_value": "11",
      "mutual_fund_name": "11",
      "scheme_launch_date": "11"
     }
    ],
    "fund_manager": [
     {
      "managing_fund_since": "march 2013",
      "name": "Mr. Raviprakash Sharma",
      "qualification": "",
      "total_exp": "24 years"
     }
    ],
    "load": [
     {
      "comment": "N.A.",
      "type": "entry"
     },
     {
      "comment": "N.A.",
      "type": "exit"
     }
    ],
    "main_scheme_name": "SBI BSE SENSEX ETF ",
    "metrics": [
     {
      "name": "average_div_yield",
      "value": "1.19"
     },
     {
      "name": "port_turnover_ratio",
      "value": "0.15"
     },
     {
      "name": "sharpe",
      "value": "0.40"
     },
     {
      "name": "std_dev",
      "value": "12.40%"
     },
     {
      "name": "beta",
      "value": "1.00"
     },
     {
      "name": "tracking_error",
      "value": "535276"
     }
    ],
    "monthly_aaum_date": "20250131",
    "monthly_aaum_value": "₹1,11,637.95 crores",
    "mutual_fund_name": "SBI Mutual Fund",
    "scheme_launch_date": "20130315"
   }
  },
  {
   "value": {
    "amc_name": "SBI Funds Management Limited",
    "benchmark_index": [
     "Underlying Index: BSE SENSEX Next 50 TRI"
    ],
    "exchange_listed": "BSE",
    "field_location": [
     {
      "amc_name": "12",
      "benchmark_index": "12",
      "count": 30,
      "creation_unit": "12",
      "exchange_listed": "12",
      "fund_manager_managing_fund_since": "12",
      "fund_manager_name": "12",
      "fund_manager_total_exp": "12",
      "load_entry": "12",
      "load_exit": "12",
      "main_scheme_name": "12",
      "metrics_average_div_yield": "12",
      "metrics_beta": "12",
      "metrics_port_turnover_ratio": "12",
      "metrics_sharpe": "12",
      "metrics_std_dev": "12",
      "metrics_tracking_error": "12",
      "monthly_aaum_date": "12",
      "monthly_aaum_value": "12",
      "mutual_fund_name": "12",
      "scheme_launch_date": "12"
     }
    ],
    "fund_manager": [
     {
      "managing_fund_since": "october 2018",
      "name": "Mr. Raviprakash Sharma",
      "qualification": "",
      "total_exp": "24 years"
     }
    ],
    "load": [
     {
      "comment": "N.A.",
      "type": "entry"
     },
     {
      "comment": "N.A.",
      "type": "exit"
     }
    ],
    "main_scheme_name": "SBI BSE SENSEX NEXT 50 ETF ",
    "metrics": [
     {
      "name": "average_div_yield",
      "value": "1.28"
     },
     {
      "name": "sharpe",
      "value": "0.72"
     },
     {
      "name": "std_dev",
      "value": "17.35%"
     },
     {
      "name": "beta",
      "value": "1.00"
     },
     {
      "name": "tracking_error",
      "value": "31,"
     },
     {
      "name": "port_turnover_ratio",
      "value": "0.36"
     }
    ],
    "monthly_aaum_date": "20250131",
    "monthly_aaum_value": "19.99 crores",
    "mutual_fund_name": "SBI Mutual Fund",
    "scheme_launch_date": "20180925"
   }
  },
  {
   "value": {
    "amc_name": "SBI Funds Management Limited",
    "benchmark_index": [
     "Underlying Index: BSE 100 TRI"
    ],
    "exchange_listed": "BSE",
    "field_location": [
     {
      "amc_name": "13",
      "benchmark_index": "13",
      "count": 30,
      "creation_unit": "13",
      "exchange_listed": "13",
      "fund_manager_managing_fund_since": "13",
      "fund_manager_name": "13",
      "fund_manager_total_exp": "13",
      "load_entry": "13",
      "load_exit": "13",
      "main_scheme_name": "13",
      "metrics_average_div_yield": "13",
      "metrics_beta": "13",
      "metrics_port_turnover_ratio": "13",
      "metrics_sharpe": "13",
      "metrics_std_dev": "13",
      "metrics_tracking_error": "13",
      "monthly_aaum_date": "13",
      "monthly_aaum_value": "13",
      "mutual_fund_name": "13",
      "scheme_launch_date": "13"
     }
    ],
    "fund_manager": [
     {
      "managing_fund_since": "march 2015",
      "name": "Mr. Raviprakash Sharma",
      "qualification": "",
      "total_exp": "24 years"
     }
    ],
    "load": [
     {
      "comment": "N.A.",
      "type": "entry"
     },
     {
      "comment": "N.A.",
      "type": "exit"
     }
    ],
    "main_scheme_name": "SBI BSE 100 ETF ",
    "metrics": [
     {
      "name": "average_div_yield",
      "value": "1.23"
     },
     {
      "name": "sharpe",
      "value": "0.50"
     },
     {
      "name": "std_dev",
      "value": "13.17%"
     },
     {
      "name": "beta",
      "value": "1.00"
     },
     {
      "name": "tracking_error",
      "value": "31,"
     },
     {
      "name": "port_turnover_ratio",
      "value": "0.36"
     }
    ],
    "monthly_aaum_date": "20250131",
    "monthly_aaum_value": "₹9.01 crores",
    "mutual_fund_name": "SBI Mutual Fund",
    "scheme_launch_date": "20150320"
   }
  },
  {
   "value": {
    "amc_name": "SBI Funds Management Limited",
    "benchmark_index": [
     "Underlying Index: BSE Sensex TRI"
    ],
    "field_location": [
     {
      "amc_name": "14",
      "benchmark_index": "14",
      "count": 30,
      "fund_manager_managing_fund_since": "14",
      "fund_manager_name": "14",
      "fund_manager_total_exp": "14",
      "load_entry": "14",
      "load_exit": "14",
      "main_scheme_name": "14",
      "metrics_average_div_yield": "14",
      "metrics_mod_duration": "14",
      "metrics_port_turnover_ratio": "14",
      "metrics_tracking_error": "14",
      "min_addl_amt": "14",
      "min_addl_amt_multiple": "14",
      "min_amt": "14",
      "min_amt_multiple": "14",
      "monthly_aaum_date": "14",
      "monthly_aaum_value": "14",
      "mutual_fund_name": "14",
      "scheme_launch_date": "14"
     }
    ],
    "fund_manager": [
     {
      "managing_fund_since": "may 2023",
      "name": "Mr. Raviprakash Sharma",
      "qualification": "",
      "total_exp": "24 years"
     }
    ],
    "load": [
     {
      "comment": "N.A.",
      "type": "entry"
     },
     {
      "comment": "within 15 days from the date of allotment 0.20% For exit on or after 15 days from the date of allotment Nil",
      "type": "exit"
     }
    ],
    "main_scheme_name": "SBI BSE SENSEX INDEX FUND ",
    "metrics": [
     {
      "name": "average_div_yield",
      "value": "1.19"
     },
     {
      "name": "port_turnover_ratio",
      "value": "0.06"
     },
     {
      "name": "mod_duration",
      "value": "10"
     },
     {
      "name": "tracking_error",
      "value": "15"
     }
    ],
    "min_addl_amt": "₹1,000",
    "min_addl_amt_multiple": "₹1",
    "min_amt": "₹5,000",
    "min_amt_multiple": "₹1",
    "monthly_aaum_date": "20250131",
    "monthly_aaum_value": "₹242.23 crores",
    "mutual_fund_name": "SBI Mutual Fund",
    "scheme_launch_date": "20230526"
   }
  },
  {
   "value": {
    "amc_name": "SBI Funds Management Limited",
    "benchmark_index": [
     "Underlying Index: Nifty Midcap 150 TRI"
    ],
    "field_location": [
     {
      "amc_name": "15",
      "benchmark_index": "15",
      "count": 30,
      "fund_manager_managing_fund_since": "15",
      "fund_manager_name": "15",
      "fund_manager_total_exp": "15",
      "load_exit": "15",
      "main_scheme_name": "15",
      "metrics_average_div_yield": "15",
      "metrics_port_turnover_ratio": "15",
      "metrics_tracking_error": "15",
      "min_addl_amt": "15",
      "min_addl_amt_multiple": "15",
      "min_amt": "15",
      "min_amt_multiple": "15",
      "monthly_aaum_date": "15",
      "monthly_aaum_value": "15",
      "mutual_fund_name": "15",
      "scheme_launch_date": "15"
     }
    ],
    "fund_manager": [
     {
      "managing_fund_since": "october 2022",
      "name": "Mr. Harsh Sethi",
      "qualification": "",
      "total_exp": "20 years"
     }
    ],
    "load": [
     {
      "comment": "on or before 30 days from the date of allotment -0.25% For exit after 30 days from the date of allotment: Nil",
      "type": "exit"
     }
    ],
    "main_scheme_name": "SBI NIFTY MIDCAP 150 INDEX FUND ",
    "metrics": [
     {
      "name": "average_div_yield",
      "value": "0.82"
     },
     {
      "name": "port_turnover_ratio",
      "value": "0.24"
     },
     {
      "name": "tracking_error",
      "value": "1"
     }
    ],
    "min_addl_amt": "₹1000",
    "min_addl_amt_multiple": "₹1",
    "min_amt": "₹5000",
    "min_amt_multiple": "₹1",
    "monthly_aaum_date": "20250131",
    "monthly_aaum_value": "₹720.91 crores",
    "mutual_fund_name": "SBI Mutual Fund",
    "scheme_launch_date": "20221003"
   }
  },
  {
   "value": {
    "amc_name": "SBI Funds Management Limited",
    "benchmark_index": [
     "Underlying Index: Nifty Next 50 TRI"
    ],
    "field_location": [
     {
      "amc_name": "16",
      "benchmark_index": "16",
      "count": 30,
      "fund_manager_managing_fund_since": "16",
      "fund_manager_name": "16",
      "fund_manager_total_exp": "16",
      "load_entry": "16",
      "load_exit": "16",
      "main_scheme_name": "16",
      "metrics_average_div_yield": "16",
      "metrics_beta": "16",
      "metrics_mod_duration": "16",
      "metrics_port_turnover_ratio": "16",
      "metrics_sharpe": "16",
      "metrics_std_dev": "16",
      "metrics_tracking_error": "16",
      "min_addl_amt": "16",
      "min_addl_amt_multiple": "16",
      "min_amt": "16",
      "min_amt_multiple": "16",
      "monthly_aaum_date": "16",
      "monthly_aaum_value": "16",
      "mutual_fund_name": "16",
      "scheme_launch_date": "16"
     }
    ],
    "fund_manager": [
     {
      "managing_fund_since": "may 2021",
      "name": "Mr. Raviprakash Sharma",
      "qualification": "",
      "total_exp": "24 years"
     }
    ],
    "load": [
     {
      "comment": "N.A.",
      "type": "entry"
     },
     {
      "comment": "on or before 30 days from the date of allotment 0.25% For exit after 30 days from the date of allotment Nil",
      "type": "exit"
     }
    ],
    "main_scheme_name": "SBI NIFTY NEXT 50 INDEX FUND ",
    "metrics": [
     {
      "name": "std_dev",
      "value": "18.75%"
     },
     {
      "name": "beta",
      "value": "1.00"
     },
     {
      "name": "sharpe",
      "value": "0.50"
     },
     {
      "name": "mod_duration",
      "value": "10"
     },
     {
      "name": "tracking_error",
      "value": "50"
     },
     {
      "name": "port_turnover_ratio",
      "value": "0.65"
     },
     {
      "name": "average_div_yield",
      "value": "1.24"
     }
    ],
    "min_addl_amt": "₹1,000",
    "min_addl_amt_multiple": "₹1",
    "min_amt": "₹5,000",
    "min_amt_multiple": "₹1",
    "monthly_aaum_date": "20250131",
    "monthly_aaum_value": "1,455.43 crores",
    "mutual_fund_name": "SBI Mutual Fund",
    "scheme_launch_date": "20210519"
   }
  },
  {
   "value": {
    "amc_name": "SBI Funds Management Limited",
    "benchmark_index": [
     "Underlying Index: Nifty Smallcap 250 TRI"
    ],
    "field_location": [
     {
      "amc_name": "17",
      "benchmark_index": "17",
      "count": 30,
      "fund_manager_managing_fund_since": "17",
      "fund_manager_name": "17",
      "fund_manager_total_exp": "17",
      "load_exit": "17",
      "main_scheme_name": "17",
      "metrics_average_div_yield": "17",
      "metrics_port_turnover_ratio": "17",
      "metrics_tracking_error": "17",
      "min_addl_amt": "17",
      "min_addl_amt_multiple": "17",
      "min_amt": "17",
      "min_amt_multiple": "17",
      "monthly_aaum_date": "17",
      "monthly_aaum_value": "17",
      "mutual_fund_name": "17",
      "scheme_launch_date": "17"
     }
    ],
    "fund_manager": [
     {
      "managing_fund_since": "october 2022",
      "name": "Mr. Harsh Sethi",
      "qualification": "",
      "total_exp": "20 years"
     }
    ],
    "load": [
     {
      "comment": "on or before 30 days from the date of allotment 0.25% For exit after 30 days from the date of allotment: Nil",
      "type": "exit"
     }
    ],
    "main_scheme_name": "SBI NIFTY SMALLCAP 250 INDEX FUND ",
    "metrics": [
     {
      "name": "average_div_yield",
      "value": "0.99"
     },
     {
      "name": "port_turnover_ratio",
      "value": "0.39"
     },
     {
      "name": "tracking_error",
      "value": "1"
     }
    ],
    "min_addl_amt": "₹1000",
    "min_addl_amt_multiple": "₹1",
    "min_amt": "₹5000",
    "min_amt_multiple": "₹1",
    "monthly_aaum_date": "20250131",
    "monthly_aaum_value": "₹1,250.32 crores",
    "mutual_fund_name": "SBI Mutual Fund",
    "scheme_launch_date": "20221003"
   }
  },
  {
   "value": {
    "amc_name": "SBI Funds Management Limited",
    "benchmark_index": [
     "Underlying Index: NIFTY 50 TRI"
    ],
    "field_location": [
     {
      "amc_name": "18",
      "benchmark_index": "18",
      "count": 30,
      "fund_manager_managing_fund_since": "18",
      "fund_manager_name": "18",
      "fund_manager_total_exp": "18",
      "load_entry": "18",
      "load_exit": "18",
      "main_scheme_name": "18",
      "metrics_average_div_yield": "18",
      "metrics_beta": "18",
      "metrics_mod_duration": "18",
      "metrics_port_turnover_ratio": "18",
      "metrics_sharpe": "18",
      "metrics_std_dev": "18",
      "metrics_tracking_error": "18",
      "min_addl_amt": "18",
      "min_addl_amt_multiple": "18",
      "min_amt": "18",
      "min_amt_multiple": "18",
      "monthly_aaum_date": "18",
      "monthly_aaum_value": "18",
      "mutual_fund_name": "18",
      "scheme_launch_date": "18"
     }
    ],
    "fund_manager": [
     {
      "managing_fund_since": "february 2011",
      "name": "Mr. Raviprakash Sharma",
      "qualification": "",
      "total_exp": "24 years"
     }
    ],
    "load": [
     {
      "comment": "N.A.",
      "type": "entry"
     },
     {
      "comment": "within 15 days from the date of allotment 0.20% For exit on or after 15 days from the date of allotment Nil",
      "type": "exit"
     }
    ],
    "main_scheme_name": "SBI NIFTY INDEX FUND ",
    "metrics": [
     {
      "name": "sharpe",
      "value": "0.39"
     },
     {
      "name": "std_dev",
      "value": "12.73%"
     },
     {
      "name": "beta",
      "value": "1.00"
     },
     {
      "name": "port_turnover_ratio",
      "value": "0.15"
     },
     {
      "name": "mod_duration",
      "value": "10"
     },
     {
      "name": "tracking_error",
      "value": "1"
     },
     {
      "name": "average_div_yield",
      "value": "105.9838"
     }
    ],
    "min_addl_amt": "₹1,000",
    "min_addl_amt_multiple": "₹1",
    "min_amt": "₹5,000",
    "min_amt_multiple": "₹1",
    "monthly_aaum_date": "20250131",
    "monthly_aaum_value": "₹8,631.29 crores",
    "mutual_fund_name": "SBI Mutual Fund",
    "scheme_launch_date": "20020117"
   }
  },
  {
   "value": {
    "amc_name": "SBI Funds Management Limited",
    "benchmark_index": [
     "Underlying Index: Nifty 500 TRI"
    ],
    "field_location": [
     {
      "amc_name": "19",
      "benchmark_index": "19",
      "count": 30,
      "fund_manager_managing_fund_since": "19",
      "fund_manager_name": "19",
      "fund_manager_total_exp": "19",
      "load_entry": "19",
      "load_exit": "19",
      "main_scheme_name": "19",
      "metrics_average_div_yield": "19",
      "metrics_port_turnover_ratio": "19",
      "min_addl_amt": "19",
      "min_addl_amt_multiple": "19",
      "min_amt": "19",
      "min_amt_multiple": "19",
      "monthly_aaum_date": "19",
      "monthly_aaum_value": "19",
      "mutual_fund_name": "19",
      "scheme_launch_date": "19"
     }
    ],
    "fund_manager": [
     {
      "managing_fund_since": "september 2024",
      "name": "Mr. Viral Chhadva",
      "qualification": "",
      "total_exp": "17 years"
     }
    ],
    "load": [
     {
      "comment": "N.A.",
      "type": "entry"
     },
     {
      "comment": "on or before 15 days from the date of allotment 0.25%, For exit after 15 days from the date of allotment Nil",
      "type": "exit"
     }
    ],
    "main_scheme_name": "NIFTY 500 INDEX FUND",
    "metrics": [
     {
      "name": "average_div_yield",
      "value": "1.22"
     },
     {
      "name": "port_turnover_ratio",
      "value": "0.02"
     }
    ],
    "min_addl_amt": "₹1,000",
    "min_addl_amt_multiple": "₹1",
    "min_amt": "₹5,000",
    "min_amt_multiple": "₹1",
    "monthly_aaum_date": "20250131",
    "monthly_aaum_value": "₹813.21 crores",
    "mutual_fund_name": "SBI Mutual Fund",
    "scheme_launch_date": "20240930"
   }
  },
  {
   "value": {
    "amc_name": "SBI Funds Management Limited",
    "benchmark_index": [
     "Underlying Index: Nifty India Consumption TRI Entry: N.A."
    ],
    "field_location": [
     {
      "amc_name": "20",
      "benchmark_index": "20",
      "count": 30,
      "fund_manager_managing_fund_since": "20",
      "fund_manager_name": "20",
      "fund_manager_total_exp": "20",
      "load_exit": "20",
      "main_scheme_name": "20",
      "metrics_average_div_yield": "20",
      "metrics_port_turnover_ratio": "20",
      "min_addl_amt": "20",
      "min_addl_amt_multiple": "20",
      "min_amt": "20",
      "min_amt_multiple": "20",
      "monthly_aaum_date": "20",
      "monthly_aaum_value": "20",
      "mutual_fund_name": "20",
      "scheme_launch_date": "20"
     }
    ],
    "fund_manager": [
     {
      "managing_fund_since": "october 2024",
      "name": "Mr. Harsh Sethi",
      "qualification": "",
      "total_exp": "20 years"
     }
    ],
    "load": [
     {
      "comment": "on or before 15 days from the date of allotment 0.25%, For exit after 15 days from the date of allotment Nil",
      "type": "exit"
     }
    ],
    "main_scheme_name": "NIFTY INDIA CONSUMPTION INDEX FUND",
    "metrics": [
     {
      "name": "average_div_yield",
      "value": "0.97"
     },
     {
      "name": "port_turnover_ratio",
      "value": "0.04"
     }
    ],
    "min_addl_amt": "₹1,000",
    "min_addl_amt_multiple": "₹1",
    "min_amt": "₹5,000",
    "min_amt_multiple": "₹1",
    "monthly_aaum_date": "20250131",
    "monthly_aaum_value": "345.80 crores",
    "mutual_fund_name": "SBI Mutual Fund",
    "scheme_launch_date": "20241030"
   }
  },
  {
   "value": {
    "amc_name": "SBI Funds Management Limited",
    "benchmark_index": [
     "Underlying Index: Nifty50 Equal Weight TR Index"
    ],
    "field_location": [
     {
      "amc_name": "21",
      "benchmark_index": "21",
      "count": 30,
      "fund_manager_managing_fund_since": "21",
      "fund_manager_name": "21",
      "fund_manager_total_exp": "21",
      "load_exit": "21",
      "main_scheme_name": "21",
      "metrics_average_div_yield": "21",
      "metrics_port_turnover_ratio": "21",
      "metrics_tracking_error": "21",
      "min_addl_amt": "21",
      "min_addl_amt_multiple": "21",
      "min_amt": "21",
      "min_amt_multiple": "21",
      "monthly_aaum_date": "21",
      "monthly_aaum_value": "21",
      "mutual_fund_name": "21",
      "scheme_launch_date": "21"
     }
    ],
    "fund_manager": [
     {
      "managing_fund_since": "february 2024",
      "name": "Mr. Viral Chhadva",
      "qualification": "",
      "total_exp": "17 years"
     }
    ],
    "load": [
     {
      "comment": "on or before 15 days from the date of allotment: 0.25%, For exit after 15 days from the date of allotment: Nil",
      "type": "exit"
     }
    ],
    "main_scheme_name": "SBI NIFTY50 EQUAL WEIGHT INDEX FUND ",
    "metrics": [
     {
      "name": "average_div_yield",
      "value": "1.51"
     },
     {
      "name": "port_turnover_ratio",
      "value": "0.36"
     },
     {
      "name": "tracking_error",
      "value": "31,"
     }
    ],
    "min_addl_amt": "₹1000",
    "min_addl_amt_multiple": "₹1",
    "min_amt": "₹5000",
    "min_amt_multiple": "₹1",
    "monthly_aaum_date": "20250131",
    "monthly_aaum_value": "₹1,036.43 crores",
    "mutual_fund_name": "SBI Mutual Fund",
    "scheme_launch_date": "20240131"
   }
  },
  {
   "value": {
    "amc_name": "SBI Funds Management Limited",
    "benchmark_index": [
     "Underlying Index: NIFTY 10-Yr Benchmark G-Sec Index"
    ],
    "exchange_listed": "NSE",
    "field_location": [
     {
      "amc_name": "22",
      "benchmark_index": "22",
      "count": 30,
      "creation_unit": "22",
      "exchange_listed": "22",
      "fund_manager_managing_fund_since": "22",
      "fund_manager_name": "22",
      "fund_manager_total_exp": "22",
      "load_entry": "22",
      "load_exit": "22",
      "main_scheme_name": "22",
      "metrics_beta": "22",
      "metrics_sharpe": "22",
      "metrics_std_dev": "22",
      "metrics_tracking_error": "22",
      "monthly_aaum_date": "22",
      "monthly_aaum_value": "22",
      "mutual_fund_name": "22",
      "scheme_launch_date": "22"
     }
    ],
    "fund_manager": [
     {
      "managing_fund_since": "december 2023",
      "name": "Mr. Tejas Soman",
      "qualification": "",
      "total_exp": "8 years"
     },
     {
      "managing_fund_since": "december 2023",
      "name": "Mr. Ardhendhu Bhattacharya",
      "qualification": "",
      "total_exp": "13 years"
     }
    ],
    "load": [
     {
      "comment": "N.A.",
      "type": "entry"
     },
     {
      "comment": "N.A.",
      "type": "exit"
     }
    ],
    "main_scheme_name": "SBI NIFTY 10 YR BENCHMARK G-SEC ETF ",
    "metrics": [
     {
      "name": "sharpe",
      "value": "0.08"
     },
     {
      "name": "std_dev",
      "value": "3.00%"
     },
     {
      "name": "beta",
      "value": "0.99"
     },
     {
      "name": "tracking_error",
      "value": "10"
     }
    ],
    "monthly_aaum_date": "20250131",
    "monthly_aaum_value": "₹3,084.74 crores",
    "mutual_fund_name": "SBI Mutual Fund",
    "scheme_launch_date": "20160610"
   }
  },
  {
   "value": {
    "amc_name": "SBI Funds Management Limited",
    "benchmark_index": [
     "Underlying Index: NIFTY 1D Rate Index"
    ],
    "field_location": [
     {
      "amc_name": "23",
      "benchmark_index": "23",
      "count": 30,
      "fund_manager_managing_fund_since": "23",
      "fund_manager_name": "23",
      "fund_manager_total_exp": "23",
      "load_entry": "23",
      "load_exit": "23",
      "main_scheme_name": "23",
      "metrics_tracking_error": "23",
      "min_addl_amt": "23",
      "min_addl_amt_multiple": "23",
      "min_amt": "23",
      "min_amt_multiple": "23",
      "monthly_aaum_date": "23",
      "monthly_aaum_value": "23",
      "mutual_fund_name": "23",
      "scheme_launch_date": "23"
     }
    ],
    "fund_manager": [
     {
      "managing_fund_since": "october 2023",
      "name": "Mr. Tejas Soman",
      "qualification": "",
      "total_exp": "8 years"
     }
    ],
    "load": [
     {
      "comment": "Not applicable",
      "type": "entry"
     },
     {
      "comment": "Nil",
      "type": "exit"
     }
    ],
    "main_scheme_name": "An open-ended Exchange Traded Fund replicating/tracking NIFTY 1D Rate Index. A relatively low interest rate risk and relatively low credit risk.",
    "metrics": [
     {
      "name": "tracking_error",
      "value": "31,"
     }
    ],
    "min_addl_amt": "₹1,000",
    "min_addl_amt_multiple": "₹1",
    "min_amt": "₹5,000",
    "min_amt_multiple": "₹1",
    "monthly_aaum_date": "20250131",
    "monthly_aaum_value": "₹29.94 crores",
    "mutual_fund_name": "SBI Mutual Fund",
    "scheme_launch_date": "20231027"
   }
  },
  {
   "value": {
    "amc_name": "SBI Funds Management Limited",
    "benchmark_index": [
     "Underlying Index: Nifty CPSE Bond Plus SDL Sep 2026 50:50 Index"
    ],
    "field_location": [
     {
      "amc_name": "24",
      "benchmark_index": "24",
      "count": 30,
      "fund_manager_managing_fund_since": "24",
      "fund_manager_name": "24",
      "fund_manager_total_exp": "24",
      "load_entry": "24",
      "load_exit": "24",
      "main_scheme_name": "24",
      "metrics_avg_maturity": "24",
      "metrics_macaulay": "24",
      "metrics_mod_duration": "24",
      "metrics_tracking_error": "24",
      "metrics_ytm": "24",
      "min_addl_amt": "24",
      "min_addl_amt_multiple": "24",
      "min_amt": "24",
      "min_amt_multiple": "24",
      "monthly_aaum_date": "24",
      "monthly_aaum_value": "24",
      "mutual_fund_name": "24",
      "scheme_launch_date": "24"
     }
    ],
    "fund_manager": [
     {
      "managing_fund_since": "december 2023",
      "name": "Ms. Ranjana Gupta",
      "qualification": "",
      "total_exp": "27 years"
     },
     {
      "managing_fund_since": "december 2023",
      "name": "Mr. Tejas Soman",
      "qualification": "",
      "total_exp": "8 years"
     }
    ],
    "load": [
     {
      "comment": "Nil",
      "type": "entry"
     },
     {
      "comment": "on or before 30 days from the date of allotment 0.15% For exit after 30 days from the date of allotment Nil",
      "type": "exit"
     }
    ],
    "main_scheme_name": "SBI CPSE BOND PLUS SDL SEPTEMBER 2026 50:50 INDEX FUND ",
    "metrics": [
     {
      "name": "ytm",
      "value": "7.24%"
     },
     {
      "name": "mod_duration",
      "value": "1.27 years"
     },
     {
      "name": "avg_maturity",
      "value": "1.41 years"
     },
     {
      "name": "macaulay",
      "value": "1.34 years"
     },
     {
      "name": "tracking_error",
      "value": "31,"
     }
    ],
    "min_addl_amt": "₹1,000",
    "min_addl_amt_multiple": "₹1",
    "min_amt": "₹5,000",
    "min_amt_multiple": "₹1",
    "monthly_aaum_date": "20250131",
    "monthly_aaum_value": "₹9,340.05 crores",
    "mutual_fund_name": "SBI Mutual Fund",
    "scheme_launch_date": "20220119"
   }
  },
  {
   "value": {
    "amc_name": "SBI Funds Management Limited",
    "benchmark_index": [
     "Underlying Index: CRISIL IBX SDL Index - September 2027"
    ],
    "field_location": [
     {
      "amc_name": "25",
      "benchmark_index": "25",
      "count": 30,
      "fund_manager_managing_fund_since": "25",
      "fund_manager_name": "25",
      "fund_manager_total_exp": "25",
      "load_entry": "25",
      "load_exit": "25",
      "main_scheme_name": "25",
      "metrics_avg_maturity": "25",
      "metrics_macaulay": "25",
      "metrics_mod_duration": "25",
      "metrics_tracking_error": "25",
      "metrics_ytm": "25",
      "min_addl_amt": "25",
      "min_addl_amt_multiple": "25",
      "min_amt": "25",
      "min_amt_multiple": "25",
      "monthly_aaum_date": "25",
      "monthly_aaum_value": "25",
      "mutual_fund_name": "25",
      "scheme_launch_date": "25"
     }
    ],
    "fund_manager": [
     {
      "managing_fund_since": "december 2023",
      "name": "Ms. Ranjana Gupta",
      "qualification": "",
      "total_exp": "27 years"
     },
     {
      "managing_fund_since": "december 2023",
      "name": "Mr. Tejas Soman",
      "qualification": "",
      "total_exp": "8 years"
     }
    ],
    "load": [
     {
      "comment": "Not applicable",
      "type": "entry"
     },
     {
      "comment": "0.15% if redeemed on or before 30 days from the date of allotment. Nil after 30 days from the date of allotment",
      "type": "exit"
     }
    ],
    "main_scheme_name": "An open-ended Target Maturity Index Fund investing in constituents of CRISIL IBX SDL Index - September 2027 Index. A relatively high interest rate risk and relatively low credit risk.",
    "metrics": [
     {
      "name": "ytm",
      "value": "6.96%"
     },
     {
      "name": "mod_duration",
      "value": "2.22 years"
     },
     {
      "name": "avg_maturity",
      "value": "2.50 years"
     },
     {
      "name": "macaulay",
      "value": "2.30 years"
     },
     {
      "name": "tracking_error",
      "value": "31,"
     }
    ],
    "min_addl_amt": "₹1000",
    "min_addl_amt_multiple": "₹1",
    "min_amt": "₹5000",
    "min_amt_multiple": "₹1",
    "monthly_aaum_date": "20250131",
    "monthly_aaum_value": "₹1,108.03 crores",
    "mutual_fund_name": "SBI Mutual Fund",
    "scheme_launch_date": "20221004"
   }
  },
  {
   "value": {
    "amc_name": "SBI Funds Management Limited",
    "benchmark_index": [
     "Underlying Index: CRISIL IBX Gilt Index - April 2029"
    ],
    "field_location": [
     {
      "amc_name": "26",
      "benchmark_index": "26",
      "count": 30,
      "fund_manager_managing_fund_since": "26",
      "fund_manager_name": "26",
      "fund_manager_total_exp": "26",
      "load_entry": "26",
      "load_exit": "26",
      "main_scheme_name": "26",
      "metrics_avg_maturity": "26",
      "metrics_macaulay": "26",
      "metrics_mod_duration": "26",
      "metrics_tracking_error": "26",
      "metrics_ytm": "26",
      "min_addl_amt": "26",
      "min_addl_amt_multiple": "26",
      "min_amt": "26",
      "min_amt_multiple": "26",
      "monthly_aaum_date": "26",
      "monthly_aaum_value": "26",
      "mutual_fund_name": "26",
      "scheme_launch_date": "26"
     }
    ],
    "fund_manager": [
     {
      "managing_fund_since": "december 2023",
      "name": "Ms. Ranjana Gupta",
      "qualification": "",
      "total_exp": "27 years"
     },
     {
      "managing_fund_since": "december 2023",
      "name": "Mr. Tejas Soman",
      "qualification": "",
      "total_exp": "8 years"
     }
    ],
    "load": [
     {
      "comment": "Not applicable",
      "type": "entry"
     },
     {
      "comment": "0.15% if redeemed on or before 30 days from the date of allotment Nil after 30 days from the date of allotment",
      "type": "exit"
     }
    ],
    "main_scheme_name": "An open-ended Target Maturity Index Fund investing in constituents of CRISIL IBX Gilt Index - April 2029 Index. A relatively high interest rate risk and relatively low credit risk.",
    "metrics": [
     {
      "name": "ytm",
      "value": "6.75%"
     },
     {
      "name": "mod_duration",
      "value": "3.52 years"
     },
     {
      "name": "avg_maturity",
      "value": "4.20 years"
     },
     {
      "name": "macaulay",
      "value": "3.64 years"
     },
     {
      "name": "tracking_error",
      "value": "31,"
     }
    ],
    "min_addl_amt": "₹1,000",
    "min_addl_amt_multiple": "₹1",
    "min_amt": "₹5,000",
    "min_amt_multiple": "₹1",
    "monthly_aaum_date": "20250131",
    "monthly_aaum_value": "₹2,278.86 crores",
    "mutual_fund_name": "SBI Mutual Fund",
    "scheme_launch_date": "20221004"
   }
  },
  {
   "value": {
    "amc_name": "SBI Funds Management Limited",
    "benchmark_index": [
     "Underlying Index: CRISIL IBX Gilt Index - June 2036"
    ],
    "field_location": [
     {
      "amc_name": "27",
      "benchmark_index": "27",
      "count": 30,
      "fund_manager_managing_fund_since": "27",
      "fund_manager_name": "27",
      "fund_manager_total_exp": "27",
      "load_entry": "27",
      "load_exit": "27",
      "main_scheme_name": "27",
      "metrics_avg_maturity": "27",
      "metrics_macaulay": "27",
      "metrics_mod_duration": "27",
      "metrics_tracking_error": "27",
      "metrics_ytm": "27",
      "min_addl_amt": "27",
      "min_addl_amt_multiple": "27",
      "min_amt": "27",
      "min_amt_multiple": "27",
      "monthly_aaum_date": "27",
      "monthly_aaum_value": "27",
      "mutual_fund_name": "27",
      "scheme_launch_date": "27"
     }
    ],
    "fund_manager": [
     {
      "managing_fund_since": "december 2023",
      "name": "Ms. Ranjana Gupta",
      "qualification": "",
      "total_exp": "27 years"
     },
     {
      "managing_fund_since": "december 2023",
      "name": "Mr. Tejas Soman",
      "qualification": "",
      "total_exp": "8 years"
     }
    ],
    "load": [
     {
      "comment": "Not applicable",
      "type": "entry"
     },
     {
      "comment": "0.15% if redeemed on or before 30 days from the date of allotment Nil after 30 days from the date of allotment",
      "type": "exit"
     }
    ],
    "main_scheme_name": "An open-ended Target Maturity Index Fund investing in constituents of CRISIL IBX Gilt Index - June 2036 Index. A relatively high interest rate risk and relatively low credit risk.",
    "metrics": [
     {
      "name": "ytm",
      "value": "6.94%"
     },
     {
      "name": "mod_duration",
      "value": "7.48 years"
     },
     {
      "name": "avg_maturity",
      "value": "11.19 years"
     },
     {
      "name": "macaulay",
      "value": "7.73 years"
     },
     {
      "name": "tracking_error",
      "value": "31,"
     }
    ],
    "min_addl_amt": "₹1,000",
    "min_addl_amt_multiple": "₹1",
    "min_amt": "₹5,000",
    "min_amt_multiple": "₹1",
    "monthly_aaum_date": "20250131",
    "monthly_aaum_value": "₹2,430.91 crores",
    "mutual_fund_name": "SBI Mutual Fund",
    "scheme_launch_date": "20221004"
   }
  },
  {
   "value": {
    "amc_name": "SBI Funds Management Limited",
    "benchmark_index": [
     "Underlying Index: Price of Physical Gold"
    ],
    "field_location": [
     {
      "amc_name": "28",
      "benchmark_index": "28",
      "count": 30,
      "fund_manager_managing_fund_since": "28",
      "fund_manager_name": "28",
      "fund_manager_total_exp": "28",
      "load_entry": "28",
      "load_exit": "28",
      "main_scheme_name": "28",
      "metrics_port_turnover_ratio": "28",
      "min_addl_amt": "28",
      "min_addl_amt_multiple": "28",
      "min_amt": "28",
      "min_amt_multiple": "28",
      "monthly_aaum_date": "28",
      "monthly_aaum_value": "28",
      "mutual_fund_name": "28",
      "scheme_launch_date": "28"
     }
    ],
    "fund_manager": [
     {
      "managing_fund_since": "september 2011",
      "name": "Mr. Raviprakash Sharma",
      "qualification": "",
      "total_exp": "24 years"
     }
    ],
    "load": [
     {
      "comment": "For",
      "type": "entry"
     },
     {
      "comment": "on or before 15 days from the date of allotment - 1% For exit after 15 days from the date of allotment Nil (w.e.f. 8 September 2020) Exit: N.A. ISIN: INF200K01HA1 Bloomberg Code: SBIGOGR:IN",
      "type": "exit"
     }
    ],
    "main_scheme_name": "GOLD FUND",
    "metrics": [
     {
      "name": "port_turnover_ratio",
      "value": "12"
     }
    ],
    "min_addl_amt": "₹1,000",
    "min_addl_amt_multiple": "₹1",
    "min_amt": "₹5,000",
    "min_amt_multiple": "₹1",
    "monthly_aaum_date": "20250131",
    "monthly_aaum_value": "₹2,751.14 crores",
    "mutual_fund_name": "SBI Mutual Fund",
    "scheme_launch_date": "20110912"
   }
  },
  {
   "value": {
    "amc_name": "SBI Funds Management Limited",
    "benchmark_index": [
     "Underlying Index: Price of Gold^"
    ],
    "exchange_listed": "NSE",
    "field_location": [
     {
      "amc_name": "29",
      "benchmark_index": "29",
      "count": 30,
      "creation_unit": "29",
      "exchange_listed": "29",
      "fund_manager_managing_fund_since": "29",
      "fund_manager_name": "29",
      "fund_manager_total_exp": "29",
      "load_entry": "29",
      "load_exit": "29",
      "main_scheme_name": "29",
      "metrics_beta": "29",
      "metrics_port_turnover_ratio": "29",
      "metrics_sharpe": "29",
      "metrics_std_dev": "29",
      "metrics_tracking_error": "29",
      "monthly_aaum_date": "29",
      "monthly_aaum_value": "29",
      "mutual_fund_name": "29",
      "scheme_launch_date": "29"
     }
    ],
    "fund_manager": [
     {
      "managing_fund_since": "january 2024",
      "name": "Ms. Vandna Soni",
      "qualification": "",
      "total_exp": "14 years"
     }
    ],
    "load": [
     {
      "comment": "N.A.",
      "type": "entry"
     },
     {
      "comment": "N.A.",
      "type": "exit"
     }
    ],
    "main_scheme_name": "SBI GOLD ETF ",
    "metrics": [
     {
      "name": "sharpe",
      "value": "0.91"
     },
     {
      "name": "std_dev",
      "value": "12.27%"
     },
     {
      "name": "beta",
      "value": "0.98"
     },
     {
      "name": "tracking_error",
      "value": "1"
     },
     {
      "name": "port_turnover_ratio",
      "value": "0.03"
     }
    ],
    "monthly_aaum_date": "20250131",
    "monthly_aaum_value": "₹6,242.76 crores",
    "mutual_fund_name": "SBI Mutual Fund",
    "scheme_launch_date": "20090518"
   }
  },
  {
   "value": {
    "amc_name": "SBI Funds Management Limited",
    "benchmark_index": [
     "Underlying Index: Domestic price of silver"
    ],
    "exchange_listed": "BSE Star MF/ MFSS",
    "field_location": [
     {
      "amc_name": "30",
      "benchmark_index": "30",
      "count": 30,
      "creation_unit": "30",
      "exchange_listed": "30",
      "fund_manager_managing_fund_since": "30",
      "fund_manager_name": "30",
      "fund_manager_total_exp": "30",
      "load_entry": "30",
      "load_exit": "30",
      "main_scheme_name": "30",
      "metrics_port_turnover_ratio": "30",
      "monthly_aaum_date": "30",
      "monthly_aaum_value": "30",
      "mutual_fund_name": "30",
      "scheme_launch_date": "30"
     }
    ],
    "fund_manager": [
     {
      "managing_fund_since": "july 2024",
      "name": "Ms. Vandna Soni",
      "qualification": "",
      "total_exp": "14 years"
     }
    ],
    "load": [
     {
      "comment": "N.A.",
      "type": "entry"
     },
     {
      "comment": "N.A.",
      "type": "exit"
     }
    ],
    "main_scheme_name": "SILVER ETF",
    "metrics": [
     {
      "name": "port_turnover_ratio",
      "value": "0.10"
     }
    ],
    "monthly_aaum_date": "20250131",
    "monthly_aaum_value": "₹506.77 crores",
    "mutual_fund_name": "SBI Mutual Fund",
    "scheme_launch_date": "20240703"
   }
  },
  {
   "value": {
    "amc_name": "SBI Funds Management Limited",
    "benchmark_index": [
     "Underlying Index: Domestic price of silver"
    ],
    "field_location": [
     {
      "amc_name": "31",
      "benchmark_index": "31",
      "count": 30,
      "fund_manager_managing_fund_since": "31",
      "fund_manager_name": "31",
      "fund_manager_total_exp": "31",
      "load_entry": "31",
      "load_exit": "31",
      "main_scheme_name": "31",
      "min_addl_amt": "31",
      "min_addl_amt_multiple": "31",
      "min_amt": "31",
      "min_amt_multiple": "31",
      "monthly_aaum_date": "31",
      "monthly_aaum_value": "31",
      "mutual_fund_name": "31",
      "scheme_launch_date": "31"
     }
    ],
    "fund_manager": [
     {
      "managing_fund_since": "july 2024",
      "name": "Mr. Harsh Sethi",
      "qualification": "",
      "total_exp": "20 years"
     }
    ],
    "load": [
     {
      "comment": "N.A.",
      "type": "entry"
     },
     {
      "comment": "on or before 15 days from the date of allotment: 1%, For exit after 15 days from the date of allotment: Nil",
      "type": "exit"
     }
    ],
    "main_scheme_name": "SILVER ETF FUND OF FUND",
    "min_addl_amt": "₹1,000",
    "min_addl_amt_multiple": "₹1",
    "min_amt": "₹5,000",
    "min_amt_multiple": "₹1",
    "monthly_aaum_date": "20250131",
    "monthly_aaum_value": "₹287.84 crores",
    "mutual_fund_name": "SBI Mutual Fund",
    "scheme_launch_date": "20240711"
   }
  },
  {
   "value": {
    "amc_name": "SBI Funds Management Limited",
    "benchmark_index": [
     "BSE Sensex TRI 9.32 10,934 1 Year"
    ],
    "field_location": [
     {
      "amc_name": "35",
      "benchmark_index": "35",
      "count": 30,
      "main_scheme_name": "35",
      "monthly_aaum_date": "35",
      "mutual_fund_name": "35"
     }
    ],
    "main_scheme_name": "Fund Jointly Managed by Mr. Rohit Shimpi (Equity Portion) Mr. Ardhendu Bhattacharya (Debt portion) & Mr. Pradeep Kesavan* Overseas Investments 1 Year 3 Years 5 Years Since Inception CAGR Returns (%) PTP Returns (INR) CAGR Returns (%) PTP Returns (INR) CAGR Returns (%) PTP Returns (INR) CAGR Returns (%) PTP Returns (INR) SBI Retirement Benefit Fund ",
    "monthly_aaum_date": "20250131",
    "mutual_fund_name": "SBI Mutual Fund"
   }
  }
 ]
}