{
 "metadata": {
  "document_name": "39_31-Jan-25_FS.pdf",
  "file_type": "fs",
  "process_date": "20250207"
 },
 "records": [
  {
   "value": {
    "amc_name": "Taurus Asset Management Company Limited",
    "benchmark_index": [
     "BSE 500 TRI"
    ],
    "field_location": [
     {
      "amc_name": "12",
      "benchmark_index": "12",
      "count": 8,
      "fund_manager_managing_fund_since": "12",
      "fund_manager_name": "12",
      "fund_manager_total_exp": "12",
      "load_entry": "12",
      "load_exit": "12",
      "main_scheme_name": "12",
      "metrics_beta": "12",
      "metrics_port_turnover_ratio": "12",
      "metrics_sharpe": "12",
      "metrics_std_dev": "12",
      "min_amt": "12",
      "monthly_aaum_date": "12",
      "monthly_aaum_value": "12",
      "mutual_fund_name": "12",
      "scheme_launch_date": "12"
     }
    ],
    "fund_manager": [
     {
      "managing_fund_since": "june 13, 2023",
      "name": "Mr. Anuj Kapil",
      "qualification": "",
      "total_exp": "17 yrs"
     }
    ],
    "load": [
     {
      "comment": "- NIL",
      "type": "entry"
     },
     {
      "comment": "- Upto any amount (Including SIP): • 1% i f exited on or befor e 365 days • Nil if exited aŌer 365 days Switch: Exit load applicability for switch transacƟon will be as per the Switch Out (Fr om scheme) Minimum ApplicaƟon Amount: ` 500/- & mulƟples of ` 1/- thereaŌer. Net Asset Value (NAV) Face Value ` 10/- (",
      "type": "exit"
     }
    ],
    "main_scheme_name": "TAURUS FLEXI CAP FUND mid cap, small cap stocks) ",
    "metrics": [
     {
      "name": "sharpe",
      "value": "0.66"
     },
     {
      "name": "std_dev",
      "value": "15.30%"
     },
     {
      "name": "beta",
      "value": "1.05"
     },
     {
      "name": "port_turnover_ratio",
      "value": "0.80"
     }
    ],
    "min_amt": "500",
    "monthly_aaum_date": "JANUARY 2025",
    "monthly_aaum_value": "356.32 Cr",
    "mutual_fund_name": "Taurus Mutual Fund",
    "scheme_launch_date": "19940129"
   }
  },
  {
   "value": {
    "amc_name": "Taurus Asset Management Company Limited",
    "benchmark_index": [
     "BSE 500 Shariah TRI"
    ],
    "field_location": [
     {
      "amc_name": "13",
      "benchmark_index": "13",
      "count": 8,
      "fund_manager_managing_fund_since": "13",
      "fund_manager_name": "13",
      "fund_manager_total_exp": "13",
      "load_entry": "13",
      "load_exit": "13",
      "main_scheme_name": "13",
      "metrics_beta": "13",
      "metrics_port_turnover_ratio": "13",
      "metrics_sharpe": "13",
      "metrics_std_dev": "13",
      "min_amt": "13",
      "monthly_aaum_date": "13",
      "monthly_aaum_value": "13",
      "mutual_fund_name": "13",
      "scheme_launch_date": "13"
     }
    ],
    "fund_manager": [
     {
      "managing_fund_since": "november 01, 2022",
      "name": "Mr. Anuj Kapil",
      "qualification": "",
      "total_exp": "17 yrs"
     }
    ],
    "load": [
     {
      "comment": "- NIL",
      "type": "entry"
     },
     {
      "comment": "- Upto any amount (Including SIP): • 1% i f exited on or befor e 365 days • Nil if exited aŌer 365 days Switch: Exit load applicability for switch transacƟon will be as per the Switch Out (Fr om scheme) Minimum ApplicaƟon Amount: ` 500/- & mulƟples of ` 1/- thereaŌer. Net Asset Value (NAV) Face Value ` 10/- (",
      "type": "exit"
     }
    ],
    "main_scheme_name": "TAURUS ETHICAL FUND 500 Shariah Index universe.) ",
    "metrics": [
     {
      "name": "sharpe",
      "value": "0.60"
     },
     {
      "name": "std_dev",
      "value": "14.06%"
     },
     {
      "name": "beta",
      "value": "0.95"
     },
     {
      "name": "port_turnover_ratio",
      "value": "1.13"
     }
    ],
    "min_amt": "500",
    "monthly_aaum_date": "JANUARY 2025",
    "monthly_aaum_value": "269.32 Cr",
    "mutual_fund_name": "Taurus Mutual Fund",
    "scheme_launch_date": "20090406"
   }
  },
  {
   "value": {
    "amc_name": "Taurus Asset Management Company Limited",
    "benchmark_index": [
     "Nifty Midcap 150 TRI"
    ],
    "field_location": [
     {
      "amc_name": "14",
      "benchmark_index": "14",
      "count": 8,
      "fund_manager_managing_fund_since": "14",
      "fund_manager_name": "14",
      "fund_manager_total_exp": "14",
      "load_entry": "14",
      "load_exit": "14",
      "main_scheme_name": "14",
      "metrics_beta": "14",
      "metrics_port_turnover_ratio": "14",
      "metrics_sharpe": "14",
      "metrics_std_dev": "14",
      "min_amt": "14",
      "monthly_aaum_date": "14",
      "monthly_aaum_value": "14",
      "mutual_fund_name": "14",
      "scheme_launch_date": "14"
     }
    ],
    "fund_manager": [
     {
      "managing_fund_since": "june 13, 2023",
      "name": "Mr. Anuj Kapil",
      "qualification": "",
      "total_exp": "17 yrs"
     },
     {
      "managing_fund_since": "july 18, 2024",
      "name": "Mr. Hemanshu Srivastava",
      "qualification": "",
      "total_exp": "12 yrs"
     }
    ],
    "load": [
     {
      "comment": "- NIL",
      "type": "entry"
     },
     {
      "comment": "- Upto any amount (Including SIP): • 1% if exited on or before 365 days. • Nil, if exited after 365 days Switch: Exit load applicability for switch transaction will be as per the Switch Out (From scheme) Minimum ApplicaƟon Amount: ` 500/- & mulƟples of ` 1- thereaŌer. Net Asset Value (NAV) Face Value ` 10/- (",
      "type": "exit"
     }
    ],
    "main_scheme_name": "Taurus Mid Cap Fund ",
    "metrics": [
     {
      "name": "sharpe",
      "value": "0.73"
     },
     {
      "name": "std_dev",
      "value": "16.61%"
     },
     {
      "name": "beta",
      "value": "1.00"
     },
     {
      "name": "port_turnover_ratio",
      "value": "1.16"
     }
    ],
    "min_amt": "500",
    "monthly_aaum_date": "JANUARY 2025",
    "monthly_aaum_value": "121.73 Cr",
    "mutual_fund_name": "Taurus Mutual Fund",
    "scheme_launch_date": "19940905"
   }
  },
  {
   "value": {
    "amc_name": "Taurus Asset Management Company Limited",
    "benchmark_index": [
     "BSE 500 TRI"
    ],
    "field_location": [
     {
      "amc_name": "15",
      "benchmark_index": "15",
      "count": 8,
      "fund_manager_managing_fund_since": "15",
      "fund_manager_name": "15",
      "fund_manager_total_exp": "15",
      "load_entry": "15",
      "load_exit": "15",
      "main_scheme_name": "15",
      "metrics_beta": "15",
      "metrics_port_turnover_ratio": "15",
      "metrics_sharpe": "15",
      "metrics_std_dev": "15",
      "min_amt": "15",
      "monthly_aaum_date": "15",
      "monthly_aaum_value": "15",
      "mutual_fund_name": "15",
      "scheme_launch_date": "15"
     }
    ],
    "fund_manager": [
     {
      "managing_fund_since": "august 07, 2023",
      "name": "Mr. Anuj Kapil",
      "qualification": "",
      "total_exp": "17 yrs"
     }
    ],
    "load": [
     {
      "comment": "- NIL",
      "type": "entry"
     },
     {
      "comment": "- Upto any amount (Including SIP): NA (lock - in period of 3 years) Switch: Switch to any (Debt/Equity) schemes after 3 years; Exit Load : Nil Minimum ApplicaƟon Amount: ` 500/- & mulƟples of ` 500/- thereaŌer. Net Asset Value (NAV) Face Value ` 10/- (",
      "type": "exit"
     }
    ],
    "main_scheme_name": "TAURUS ELSS TAX SAVER FUND lock-in of 3 years and tax benefit) ",
    "metrics": [
     {
      "name": "sharpe",
      "value": "1.02"
     },
     {
      "name": "std_dev",
      "value": "11.65%"
     },
     {
      "name": "beta",
      "value": "0.76"
     },
     {
      "name": "port_turnover_ratio",
      "value": "0.61"
     }
    ],
    "min_amt": "500",
    "monthly_aaum_date": "JANUARY 2025",
    "monthly_aaum_value": "77.54 Cr",
    "mutual_fund_name": "Taurus Mutual Fund",
    "scheme_launch_date": "19960331"
   }
  },
  {
   "value": {
    "amc_name": "Taurus Asset Management Company Limited",
    "benchmark_index": [
     "BSE 100 TRI"
    ],
    "field_location": [
     {
      "amc_name": "16",
      "benchmark_index": "16",
      "count": 8,
      "fund_manager_managing_fund_since": "16",
      "fund_manager_name": "16",
      "fund_manager_total_exp": "16",
      "load_entry": "16",
      "load_exit": "16",
      "main_scheme_name": "16",
      "metrics_beta": "16",
      "metrics_port_turnover_ratio": "16",
      "metrics_sharpe": "16",
      "metrics_std_dev": "16",
      "min_amt": "16",
      "monthly_aaum_date": "16",
      "monthly_aaum_value": "16",
      "mutual_fund_name": "16",
      "scheme_launch_date": "16"
     }
    ],
    "fund_manager": [
     {
      "managing_fund_since": "june 13, 2023",
      "name": "Mr. Anuj Kapil",
      "qualification": "",
      "total_exp": "17 yrs"
     }
    ],
    "load": [
     {
      "comment": "- NIL",
      "type": "entry"
     },
     {
      "comment": "- Upto any amount (Including SIP): • 1% if exited on or before 365 days. • Nil, if exited after 365 days Switch: Exit load applicability for switch transaction will be as per the Switch Out (From scheme) Minimum ApplicaƟon Amount: ` 500/- & mulƟples of ` 1- thereaŌer. Net Asset Value (NAV) Face Value ` 10/- (",
      "type": "exit"
     }
    ],
    "main_scheme_name": "TAURUS LARGE CAP FUND ",
    "metrics": [
     {
      "name": "sharpe",
      "value": "0.60"
     },
     {
      "name": "std_dev",
      "value": "16.02%"
     },
     {
      "name": "beta",
      "value": "1.12"
     },
     {
      "name": "port_turnover_ratio",
      "value": "0.87"
     }
    ],
    "min_amt": "500",
    "monthly_aaum_date": "JANUARY 2025",
    "monthly_aaum_value": "47.71 Cr",
    "mutual_fund_name": "Taurus Mutual Fund",
    "scheme_launch_date": "19950228"
   }
  },
  {
   "value": {
    "amc_name": "Taurus Asset Management Company Limited",
    "benchmark_index": [
     "BSE Bankex TRI"
    ],
    "field_location": [
     {
      "amc_name": "17",
      "benchmark_index": "17",
      "count": 8,
      "fund_manager_managing_fund_since": "17",
      "fund_manager_name": "17",
      "fund_manager_total_exp": "17",
      "load_entry": "17",
      "load_exit": "17",
      "main_scheme_name": "17",
      "metrics_beta": "17",
      "metrics_port_turnover_ratio": "17",
      "metrics_sharpe": "17",
      "metrics_std_dev": "17",
      "min_amt": "17",
      "monthly_aaum_date": "17",
      "monthly_aaum_value": "17",
      "mutual_fund_name": "17",
      "scheme_launch_date": "17"
     }
    ],
    "fund_manager": [
     {
      "managing_fund_since": "june 13, 2023",
      "name": "Mr. Anuj Kapil",
      "qualification": "",
      "total_exp": "17 yrs"
     }
    ],
    "load": [
     {
      "comment": "- NIL",
      "type": "entry"
     },
     {
      "comment": "- Upto any amount (Including SIP): • 1% if exited on or before 365 days, • Nil, if exited after 365 days Switch: Exit load applicability for switch transaction will be as per the Switch Out (From scheme) Minimum ApplicaƟon Amount: ` 500/- & mulƟples of ` 1- thereaŌer. Net Asset Value (NAV) Face Value ` 10/- (",
      "type": "exit"
     }
    ],
    "main_scheme_name": "TAURUS BANKING & FINANCIAL SERVICES FUND ",
    "metrics": [
     {
      "name": "sharpe",
      "value": "0.58"
     },
     {
      "name": "std_dev",
      "value": "14.18%"
     },
     {
      "name": "beta",
      "value": "0.91"
     },
     {
      "name": "port_turnover_ratio",
      "value": "0.30"
     }
    ],
    "min_amt": "500",
    "monthly_aaum_date": "JANUARY 2025",
    "monthly_aaum_value": "10.37 Cr",
    "mutual_fund_name": "Taurus Mutual Fund",
    "scheme_launch_date": "20120522"
   }
  },
  {
   "value": {
    "amc_name": "Taurus Asset Management Company Limited",
    "benchmark_index": [
     "Nifty Infrastructure Index TRI"
    ],
    "field_location": [
     {
      "amc_name": "18",
      "benchmark_index": "18",
      "count": 8,
      "fund_manager_managing_fund_since": "18",
      "fund_manager_name": "18",
      "fund_manager_total_exp": "18",
      "load_entry": "18",
      "load_exit": "18",
      "main_scheme_name": "18",
      "metrics_beta": "18",
      "metrics_port_turnover_ratio": "18",
      "metrics_sharpe": "18",
      "metrics_std_dev": "18",
      "min_amt": "18",
      "monthly_aaum_date": "18",
      "monthly_aaum_value": "18",
      "mutual_fund_name": "18",
      "scheme_launch_date": "18"
     }
    ],
    "fund_manager": [
     {
      "managing_fund_since": "november 15, 2023",
      "name": "Mr. Anuj Kapil",
      "qualification": "",
      "total_exp": "17 yrs"
     }
    ],
    "load": [
     {
      "comment": "- NIL",
      "type": "entry"
     },
     {
      "comment": "- Upto any amount (Including SIP): • 1% if exited on or before 365 days, • Nil, if exited after 365 days Switch: Exit load applicability for switch transaction will be as per the Switch Out (From scheme) Minimum ApplicaƟon Amount: ` 500/- & mulƟples of ` 1/- thereaŌer. Net Asset Value (NAV) Face Value ` 10/- (",
      "type": "exit"
     }
    ],
    "main_scheme_name": "TAURUS INFRASTRUCTURE FUND ",
    "metrics": [
     {
      "name": "sharpe",
      "value": "0.91"
     },
     {
      "name": "std_dev",
      "value": "15.45%"
     },
     {
      "name": "beta",
      "value": "0.90"
     },
     {
      "name": "port_turnover_ratio",
      "value": "1.02"
     }
    ],
    "min_amt": "500",
    "monthly_aaum_date": "JANUARY 2025",
    "monthly_aaum_value": "9.22 Cr",
    "mutual_fund_name": "Taurus Mutual Fund",
    "scheme_launch_date": "20070305"
   }
  },
  {
   "value": {
    "amc_name": "Taurus Asset Management Company Limited",
    "benchmark_index": [
     "Nifty 50 TRI"
    ],
    "field_location": [
     {
      "amc_name": "19",
      "benchmark_index": "19",
      "count": 8,
      "fund_manager_managing_fund_since": "19",
      "fund_manager_name": "19",
      "fund_manager_total_exp": "19",
      "load_entry": "19",
      "load_exit": "19",
      "main_scheme_name": "19",
      "metrics_beta": "19",
      "metrics_port_turnover_ratio": "19",
      "metrics_sharpe": "19",
      "metrics_std_dev": "19",
      "metrics_tracking_error": "19",
      "min_amt": "19",
      "min_amt_multiple": "19",
      "monthly_aaum_date": "19",
      "monthly_aaum_value": "19",
      "mutual_fund_name": "19",
      "scheme_launch_date": "19"
     }
    ],
    "fund_manager": [
     {
      "managing_fund_since": "august 07, 2023",
      "name": "Mr. Anuj Kapil",
      "qualification": "",
      "total_exp": "17 yrs"
     }
    ],
    "load": [
     {
      "comment": "- NIL",
      "type": "entry"
     },
     {
      "comment": "-Up to any amount (Including SIP ) • 1% if exited on or before 365 days, • Nil, if exited after 365 days Switch: Exit load applicability for switch transaction will be as per the Switch Out (From scheme) Minimum ApplicaƟon Amount: ` 500/- & multiples of ` 1/- thereafter. Net Asset Value (NAV) Face Value ` 10/- (",
      "type": "exit"
     }
    ],
    "main_scheme_name": "TAURUS NIFTY 50 INDEX FUND ",
    "metrics": [
     {
      "name": "sharpe",
      "value": "0.41"
     },
     {
      "name": "std_dev",
      "value": "12.52%"
     },
     {
      "name": "beta",
      "value": "0.98"
     },
     {
      "name": "tracking_error",
      "value": "0.05"
     },
     {
      "name": "port_turnover_ratio",
      "value": "0.05"
     }
    ],
    "min_amt": "500",
    "min_amt_multiple": "1",
    "monthly_aaum_date": "JANUARY 2025",
    "monthly_aaum_value": "4.81 Cr",
    "mutual_fund_name": "Taurus Mutual Fund",
    "scheme_launch_date": "20100619"
   }
  }
 ]
}