{
 "metadata": {
  "document_name": "56_31-Jan-25_FS.pdf",
  "file_type": "fs",
  "process_date": "20250217"
 },
 "records": [
  {
   "value": {
    "amc_name": "Navi Asset Management Company Limited",
    "field_location": [
     {
      "amc_name": "3",
      "count": 6,
      "fund_manager_managing_fund_since": "3",
      "fund_manager_name": "3",
      "load_exit": "3",
      "main_scheme_name": "3",
      "metrics_beta": "3",
      "metrics_port_turnover_ratio": "3",
      "metrics_sharpe": "3",
      "min_amt": "3",
      "min_amt_multiple": "3",
      "monthly_aaum_date": "3",
      "monthly_aaum_value": "3",
      "mutual_fund_name": "3",
      "scheme_launch_date": "3"
     }
    ],
    "fund_manager": [
     {
      "managing_fund_since": "1st february, 2022",
      "name": "Mr. Aditya Mulki",
      "qualification": "",
      "total_exp": ""
     },
     {
      "managing_fund_since": "01st august, 2023",
      "name": "Mr. Ashutosh Shirwaikar",
      "qualification": "",
      "total_exp": ""
     }
    ],
    "load": [
     {
      "comment": ": NIL",
      "type": "exit"
     }
    ],
    "main_scheme_name": "Navi Flexi Cap Fund",
    "metrics": [
     {
      "name": "sharpe",
      "value": "0.4859"
     },
     {
      "name": "beta",
      "value": "0.8995"
     },
     {
      "name": "port_turnover_ratio",
      "value": "0.74"
     }
    ],
    "min_amt": "10",
    "min_amt_multiple": "1",
    "monthly_aaum_date": "20250131",
    "monthly_aaum_value": "252.71 Crs",
    "mutual_fund_name": "Navi Mutual Fund",
    "scheme_launch_date": "20180709"
   }
  },
  {
   "value": {
    "amc_name": "Navi Asset Management Company Limited",
    "field_location": [
     {
      "amc_name": "5",
      "count": 6,
      "fund_manager_managing_fund_since": "5",
      "fund_manager_name": "5",
      "load_exit": "5",
      "main_scheme_name": "5",
      "metrics_beta": "5",
      "metrics_port_turnover_ratio": "5",
      "metrics_sharpe": "5",
      "min_amt": "5",
      "min_amt_multiple": "5",
      "monthly_aaum_date": "5",
      "monthly_aaum_value": "5",
      "mutual_fund_name": "5",
      "scheme_launch_date": "5"
     }
    ],
    "fund_manager": [
     {
      "managing_fund_since": "1st february, 2022",
      "name": "Mr. Aditya Mulki",
      "qualification": "",
      "total_exp": ""
     },
     {
      "managing_fund_since": "01st august, 2023",
      "name": "Mr. Ashutosh Shirwaikar",
      "qualification": "",
      "total_exp": ""
     }
    ],
    "load": [
     {
      "comment": ": NIL",
      "type": "exit"
     }
    ],
    "main_scheme_name": "Navi Large & Midcap Fund",
    "metrics": [
     {
      "name": "sharpe",
      "value": "0.4648"
     },
     {
      "name": "beta",
      "value": "0.9148"
     },
     {
      "name": "port_turnover_ratio",
      "value": "0.78"
     }
    ],
    "min_amt": "10",
    "min_amt_multiple": "1",
    "monthly_aaum_date": "20250131",
    "monthly_aaum_value": "308.43 Crs",
    "mutual_fund_name": "Navi Mutual Fund",
    "scheme_launch_date": "20151207"
   }
  },
  {
   "value": {
    "amc_name": "Navi Asset Management Company Limited",
    "field_location": [
     {
      "amc_name": "7",
      "count": 6,
      "fund_manager_managing_fund_since": "7",
      "fund_manager_name": "7",
      "load_exit": "7",
      "main_scheme_name": "7",
      "metrics_beta": "7",
      "metrics_macaulay": "7",
      "metrics_mod_duration": "7",
      "metrics_port_turnover_ratio": "7",
      "metrics_sharpe": "7",
      "min_amt": "7",
      "min_amt_multiple": "7",
      "monthly_aaum_date": "7",
      "monthly_aaum_value": "7",
      "mutual_fund_name": "7",
      "scheme_launch_date": "7"
     }
    ],
    "fund_manager": [
     {
      "managing_fund_since": "1st february, 2022",
      "name": "Mr. Aditya Mulki",
      "qualification": "",
      "total_exp": ""
     },
     {
      "managing_fund_since": "01st august, 2023",
      "name": "Mr. Ashutosh Shirwaikar",
      "qualification": "",
      "total_exp": ""
     },
     {
      "managing_fund_since": "1st february, 2024",
      "name": "Mr. Tanmay Sethi",
      "qualification": "",
      "total_exp": ""
     }
    ],
    "load": [
     {
      "comment": ": NIL",
      "type": "exit"
     }
    ],
    "main_scheme_name": "Navi Aggressive Hybrid Fund",
    "metrics": [
     {
      "name": "sharpe",
      "value": "0.6524"
     },
     {
      "name": "beta",
      "value": "1.0146"
     },
     {
      "name": "port_turnover_ratio",
      "value": "0.74"
     },
     {
      "name": "mod_duration",
      "value": "0.88"
     },
     {
      "name": "macaulay",
      "value": "0.93"
     }
    ],
    "min_amt": "10",
    "min_amt_multiple": "1",
    "monthly_aaum_date": "20250131",
    "monthly_aaum_value": "118.80 Crs",
    "mutual_fund_name": "Navi Mutual Fund",
    "scheme_launch_date": "20180430"
   }
  },
  {
   "value": {
    "amc_name": "Navi Asset Management Company Limited",
    "field_location": [
     {
      "amc_name": "9",
      "count": 6,
      "fund_manager_managing_fund_since": "9",
      "fund_manager_name": "9",
      "load_exit": "9",
      "main_scheme_name": "9",
      "metrics_beta": "9",
      "metrics_port_turnover_ratio": "9",
      "metrics_sharpe": "9",
      "min_amt": "9",
      "min_amt_multiple": "9",
      "monthly_aaum_date": "9",
      "monthly_aaum_value": "9",
      "mutual_fund_name": "9",
      "scheme_launch_date": "9"
     }
    ],
    "fund_manager": [
     {
      "managing_fund_since": "11th march, 2022",
      "name": "Mr. Aditya Mulki",
      "qualification": "",
      "total_exp": ""
     },
     {
      "managing_fund_since": "01st august, 2023",
      "name": "Mr. Ashutosh Shirwaikar",
      "qualification": "",
      "total_exp": ""
     }
    ],
    "load": [
     {
      "comment": ": NIL",
      "type": "exit"
     }
    ],
    "main_scheme_name": "Navi ELSS Tax Saver Fund",
    "metrics": [
     {
      "name": "sharpe",
      "value": "0.4307"
     },
     {
      "name": "beta",
      "value": "0.8953"
     },
     {
      "name": "port_turnover_ratio",
      "value": "0.35"
     }
    ],
    "min_amt": "500",
    "min_amt_multiple": "500",
    "monthly_aaum_date": "20250131",
    "monthly_aaum_value": "59.10 Crs",
    "mutual_fund_name": "Navi Mutual Fund",
    "scheme_launch_date": "20151230"
   }
  },
  {
   "value": {
    "amc_name": "Navi Asset Management Company Limited",
    "field_location": [
     {
      "amc_name": "11",
      "count": 6,
      "fund_manager_managing_fund_since": "11",
      "fund_manager_name": "11",
      "load_exit": "11",
      "main_scheme_name": "11",
      "metrics_avg_maturity": "11",
      "metrics_beta": "11",
      "metrics_macaulay": "11",
      "metrics_sharpe": "11",
      "monthly_aaum_date": "11",
      "mutual_fund_name": "11",
      "scheme_launch_date": "11"
     }
    ],
    "fund_manager": [
     {
      "managing_fund_since": "1st february, 2024",
      "name": "Mr. Tanmay Sethi",
      "qualification": "",
      "total_exp": ""
     }
    ],
    "load": [
     {
      "comment": ": Investment period i.e Exit Load as a % of no of days from date of Redemption subscription NAV Proceeds 1 Day 0.0070% 2 Days 0.0065% 3 Days 0.0060% 4 Days 0.0055% 5 Days 0.0050% 6 Days 0.0045% 7 Days or more NIL",
      "type": "exit"
     }
    ],
    "main_scheme_name": "Navi Liquid Fund",
    "metrics": [
     {
      "name": "sharpe",
      "value": "-1.5594"
     },
     {
      "name": "beta",
      "value": "0.7521"
     },
     {
      "name": "avg_maturity",
      "value": "91 days"
     },
     {
      "name": "macaulay",
      "value": "0.08"
     }
    ],
    "monthly_aaum_date": "20250131",
    "mutual_fund_name": "Navi Mutual Fund",
    "scheme_launch_date": "19  FEB, 2010"
   }
  },
  {
   "value": {
    "amc_name": "Navi Asset Management Company Limited",
    "field_location": [
     {
      "amc_name": "12",
      "count": 6,
      "main_scheme_name": "12",
      "metrics_mod_duration": "12",
      "monthly_aaum_date": "12",
      "mutual_fund_name": "12"
     }
    ],
    "main_scheme_name": "Portfolio Holdings as on January 31, 2025 Portfolio Holdings CERTIFICATE OF DEPOSITS * ICICI BANK LIMITED * PUNJAB NATIONAL BANK COMMERCIAL PAPERS * TIME TECHNOPLAST LIMITED * RELIANCE INDUSTRIES LIMITED NON-CONVERTIBLE DEBENTURE / ZCB LIC HOUSING FINANCE LIMITED REC LIMITED * HDFC BANK LIMITED MAHINDRA & MAHINDRA FINANCIAL SERV LTD. SIDBI TREASURY BILLS * 182 DAYS TBILL MAT 04-APR-2025 364 DAYS TREASURY BILL  27-FEB-2025 * 364 DAYS TREASURY BILL  24-APR-2025 91 DAYS TREASURY BILL 10-APR-2025 Al",
    "metrics": [
     {
      "name": "mod_duration",
      "value": "1"
     }
    ],
    "monthly_aaum_date": "20250131",
    "mutual_fund_name": "Navi Mutual Fund"
   }
  }
 ]
}