{
    "TAURUS FLEXI CAP FUND": {
        "amc_name": "Taurus Asset Management Company Limited",
        "benchmark_index": "BSE 500 TRI",
        "fund_manager": [
            {
                "managing_fund_since": "June 13, 2023",
                "name": "Anuj Kapil",
                "qualification": "",
                "total_exp": "19 Yrs"
            }
        ],
        "load": {
            "entry_load": "- NIL",
            "exit_load": "- Upto any amount (Including SIP)  1 if exited on or before 365 days  Nil if exited aer 365 days SwitchExit load applicability for switch transacon will be as per the Switch Out (From scheme)"
        },
        "main_scheme_name": "TAURUS FLEXI CAP FUND",
        "metrics": {
            "alpha": null,
            "arithmetic_mean_ratio": null,
            "average_div_yld": null,
            "average_pb": null,
            "average_pe": null,
            "avg_maturity": null,
            "beta": "1.07",
            "correlation_ratio": null,
            "downside_deviation": null,
            "information_ratio": null,
            "macaulay": null,
            "mod_duration": null,
            "port_turnover_ratio": "0.73",
            "r_squared_ratio": null,
            "roe_ratio": null,
            "sharpe": "0.40",
            "sortino_ratio": null,
            "std_dev": "16.33",
            "tracking_error": null,
            "treynor_ratio": null,
            "upside_deviation": null,
            "ytm": null
        },
        "min_addl_amt": "",
        "min_addl_amt_multiple": "",
        "min_amt": "\u20b9 500",
        "min_amt_multiple": "\u20b9 1",
        "monthly_aaum_date": "31-03-2025",
        "monthly_aaum_value": "\u20b9 331.12 Cr.",
        "mutual_fund_name": "Taurus Mutual Fund",
        "page_number": [
            11
        ],
        "scheme_launch_date": "January 29, 1994"
    },
    "TAURUS ETHICAL FUND": {
        "amc_name": "Taurus Asset Management Company Limited",
        "benchmark_index": "BSE 500 Shariah TRI",
        "fund_manager": [
            {
                "managing_fund_since": "November 01, 2022",
                "name": "Anuj Kapil",
                "qualification": "",
                "total_exp": "19 Yrs"
            }
        ],
        "load": {
            "entry_load": "- NIL",
            "exit_load": "- Upto any amount (Including SIP)  1 if exited on or before 365 days  Nil if exited aer 365 days SwitchExit load applicability for switch transacon will be as per the Switch Out (From scheme)"
        },
        "main_scheme_name": "TAURUS ETHICAL FUND",
        "metrics": {
            "alpha": null,
            "arithmetic_mean_ratio": null,
            "average_div_yld": null,
            "average_pb": null,
            "average_pe": null,
            "avg_maturity": null,
            "beta": "0.96",
            "correlation_ratio": null,
            "downside_deviation": null,
            "information_ratio": null,
            "macaulay": null,
            "mod_duration": null,
            "port_turnover_ratio": "1.05",
            "r_squared_ratio": null,
            "roe_ratio": null,
            "sharpe": "0.43",
            "sortino_ratio": null,
            "std_dev": "15.17",
            "tracking_error": null,
            "treynor_ratio": null,
            "upside_deviation": null,
            "ytm": null
        },
        "min_addl_amt": "",
        "min_addl_amt_multiple": "",
        "min_amt": "\u20b9 500",
        "min_amt_multiple": "\u20b9 1",
        "monthly_aaum_date": "31-03-2025",
        "monthly_aaum_value": "\u20b9 266.02 Cr.",
        "mutual_fund_name": "Taurus Mutual Fund",
        "page_number": [
            12
        ],
        "scheme_launch_date": "April 6, 2009"
    },
    "TAURUS MID CAP FUND": {
        "amc_name": "Taurus Asset Management Company Limited",
        "benchmark_index": "Nifty Midcap 150 TRI",
        "fund_manager": [
            {
                "managing_fund_since": "June 13, 2023",
                "name": "Anuj Kapil",
                "qualification": "",
                "total_exp": "19 Yrs"
            },
            {
                "managing_fund_since": "July 18, 2024",
                "name": "Hemanshu Srivastava",
                "qualification": "",
                "total_exp": "12 Yrs"
            }
        ],
        "load": {
            "entry_load": "- NIL",
            "exit_load": "Upto any amount (Including SIP)  1 if exited on or before 365 days.  Nil, if exited after 365 days Switch Exit load applicability for switch transaction will be as per the Switch Out (From scheme)"
        },
        "main_scheme_name": "TAURUS MID CAP FUND",
        "metrics": {
            "alpha": null,
            "arithmetic_mean_ratio": null,
            "average_div_yld": null,
            "average_pb": null,
            "average_pe": null,
            "avg_maturity": null,
            "beta": "1.01",
            "correlation_ratio": null,
            "downside_deviation": null,
            "information_ratio": null,
            "macaulay": null,
            "mod_duration": null,
            "port_turnover_ratio": "0.98",
            "r_squared_ratio": null,
            "roe_ratio": null,
            "sharpe": "0.47",
            "sortino_ratio": null,
            "std_dev": "18.04",
            "tracking_error": null,
            "treynor_ratio": null,
            "upside_deviation": null,
            "ytm": null
        },
        "min_addl_amt": "",
        "min_addl_amt_multiple": "",
        "min_amt": "\u20b9 500",
        "min_amt_multiple": "\u20b9 1",
        "monthly_aaum_date": "31-03-2025",
        "monthly_aaum_value": "\u20b9 111.25 Cr.",
        "mutual_fund_name": "Taurus Mutual Fund",
        "page_number": [
            13
        ],
        "scheme_launch_date": "September 5, 1994"
    },
    "TAURUS ELSS TAX SAVER FUND": {
        "amc_name": "Taurus Asset Management Company Limited",
        "benchmark_index": "BSE 500 TRI",
        "fund_manager": [
            {
                "managing_fund_since": "August 07, 2023",
                "name": "Anuj Kapil",
                "qualification": "",
                "total_exp": "19 Yrs"
            }
        ],
        "load": {
            "entry_load": "- NIL",
            "exit_load": "- Upto any amount (Including SIP) NA (lock - in period of 3 years) SwitchSwitch to any (DebtEquity) schemes after 3  years Exit Load  Nil"
        },
        "main_scheme_name": "TAURUS ELSS TAX SAVER FUND",
        "metrics": {
            "alpha": null,
            "arithmetic_mean_ratio": null,
            "average_div_yld": null,
            "average_pb": null,
            "average_pe": null,
            "avg_maturity": null,
            "beta": "0.77",
            "correlation_ratio": null,
            "downside_deviation": null,
            "information_ratio": null,
            "macaulay": null,
            "mod_duration": null,
            "port_turnover_ratio": "0.65",
            "r_squared_ratio": null,
            "roe_ratio": null,
            "sharpe": "0.76",
            "sortino_ratio": null,
            "std_dev": "12.34",
            "tracking_error": null,
            "treynor_ratio": null,
            "upside_deviation": null,
            "ytm": null
        },
        "min_addl_amt": "",
        "min_addl_amt_multiple": "",
        "min_amt": "\u20b9 500",
        "min_amt_multiple": "\u20b9 500",
        "monthly_aaum_date": "31-03-2025",
        "monthly_aaum_value": "\u20b9 74.02 Cr.",
        "mutual_fund_name": "Taurus Mutual Fund",
        "page_number": [
            14
        ],
        "scheme_launch_date": "March 31, 1996"
    },
    "TAURUS LARGE CAP FUND": {
        "amc_name": "Taurus Asset Management Company Limited",
        "benchmark_index": "BSE 100 TRI",
        "fund_manager": [
            {
                "managing_fund_since": "June 13, 2023",
                "name": "Anuj Kapil",
                "qualification": "",
                "total_exp": "19 Yrs"
            }
        ],
        "load": {
            "entry_load": "- NIL",
            "exit_load": "Upto any amount (Including SIP)  1 if exited on or before 365 days.  Nil, if exited after 365 days Switch Exit load applicability for switch transaction will be as per the Switch Out (From scheme)"
        },
        "main_scheme_name": "TAURUS LARGE CAP FUND",
        "metrics": {
            "alpha": null,
            "arithmetic_mean_ratio": null,
            "average_div_yld": null,
            "average_pb": null,
            "average_pe": null,
            "avg_maturity": null,
            "beta": "1.13",
            "correlation_ratio": null,
            "downside_deviation": null,
            "information_ratio": null,
            "macaulay": null,
            "mod_duration": null,
            "port_turnover_ratio": "0.82",
            "r_squared_ratio": null,
            "roe_ratio": null,
            "sharpe": "0.39",
            "sortino_ratio": null,
            "std_dev": "16.80",
            "tracking_error": null,
            "treynor_ratio": null,
            "upside_deviation": null,
            "ytm": null
        },
        "min_addl_amt": "",
        "min_addl_amt_multiple": "",
        "min_amt": "\u20b9 500",
        "min_amt_multiple": "\u20b9 1",
        "monthly_aaum_date": "31-03-2025",
        "monthly_aaum_value": "\u20b9 45.82 Cr.",
        "mutual_fund_name": "Taurus Mutual Fund",
        "page_number": [
            15
        ],
        "scheme_launch_date": "February 28, 1995"
    },
    "TAURUS BANKING & FINANCIAL SERVICES FUND": {
        "amc_name": "Taurus Asset Management Company Limited",
        "benchmark_index": "BSE Bankex TRI",
        "fund_manager": [
            {
                "managing_fund_since": "June 13, 2023",
                "name": "Anuj Kapil",
                "qualification": "",
                "total_exp": "19 Yrs"
            }
        ],
        "load": {
            "entry_load": "- NIL",
            "exit_load": "- Upto any amount (Including SIP)  1 if exited on or before 365 days,  Nil, if exited after 365 days Switch Exit load applicability for switch transaction will be as per the Switch Out (From scheme)"
        },
        "main_scheme_name": "TAURUS BANKING & FINANCIAL SERVICES FUND",
        "metrics": {
            "alpha": null,
            "arithmetic_mean_ratio": null,
            "average_div_yld": null,
            "average_pb": null,
            "average_pe": null,
            "avg_maturity": null,
            "beta": "0.96",
            "correlation_ratio": null,
            "downside_deviation": null,
            "information_ratio": null,
            "macaulay": null,
            "mod_duration": null,
            "port_turnover_ratio": "0.31",
            "r_squared_ratio": null,
            "roe_ratio": null,
            "sharpe": "0.41",
            "sortino_ratio": null,
            "std_dev": "14.20",
            "tracking_error": null,
            "treynor_ratio": null,
            "upside_deviation": null,
            "ytm": null
        },
        "min_addl_amt": "",
        "min_addl_amt_multiple": "",
        "min_amt": "\u20b9 500",
        "min_amt_multiple": "\u20b9 1",
        "monthly_aaum_date": "31-03-2025",
        "monthly_aaum_value": "\u20b9 10.62 Cr.",
        "mutual_fund_name": "Taurus Mutual Fund",
        "page_number": [
            16
        ],
        "scheme_launch_date": "May 22, 2012"
    },
    "TAURUS INFRASTRUCTURE FUND": {
        "amc_name": "Taurus Asset Management Company Limited",
        "benchmark_index": "Nifty Infrastructure Index TRI",
        "fund_manager": [
            {
                "managing_fund_since": "November 15, 2023",
                "name": "Anuj Kapil",
                "qualification": "",
                "total_exp": "19 Yrs"
            }
        ],
        "load": {
            "entry_load": "- NIL",
            "exit_load": "Upto any amount (Including SIP)  1 if exited on or before 365 days,  Nil, if exited after 365 days Switch Exit load applicability for switch transaction will be as per the Switch Out (From scheme)"
        },
        "main_scheme_name": "TAURUS INFRASTRUCTURE FUND",
        "metrics": {
            "alpha": null,
            "arithmetic_mean_ratio": null,
            "average_div_yld": null,
            "average_pb": null,
            "average_pe": null,
            "avg_maturity": null,
            "beta": "0.97",
            "correlation_ratio": null,
            "downside_deviation": null,
            "information_ratio": null,
            "macaulay": null,
            "mod_duration": null,
            "port_turnover_ratio": "0.88",
            "r_squared_ratio": null,
            "roe_ratio": null,
            "sharpe": "0.53",
            "sortino_ratio": null,
            "std_dev": "17.43",
            "tracking_error": null,
            "treynor_ratio": null,
            "upside_deviation": null,
            "ytm": null
        },
        "min_addl_amt": "",
        "min_addl_amt_multiple": "",
        "min_amt": "\u20b9 500",
        "min_amt_multiple": "\u20b9 1",
        "monthly_aaum_date": "31-03-2025",
        "monthly_aaum_value": "\u20b9 8.31 Cr.",
        "mutual_fund_name": "Taurus Mutual Fund",
        "page_number": [
            17
        ],
        "scheme_launch_date": "March 5, 2007"
    },
    "TAURUS NIFTY 50 INDEX FUND": {
        "amc_name": "Taurus Asset Management Company Limited",
        "benchmark_index": "Nifty 50 TRI",
        "fund_manager": [
            {
                "managing_fund_since": "August 07, 2023",
                "name": "Anuj Kapil",
                "qualification": "",
                "total_exp": "19 Yrs"
            }
        ],
        "load": {
            "entry_load": "- NIL",
            "exit_load": "-Up to any amount (Including SIP )  1 if exited on or before 365 days,  Nil, if exited after 365 days SwitchExit load applicability for switch transaction will be as per the Switch Out (From scheme)"
        },
        "main_scheme_name": "TAURUS NIFTY 50 INDEX FUND",
        "metrics": {
            "alpha": null,
            "arithmetic_mean_ratio": null,
            "average_div_yld": null,
            "average_pb": null,
            "average_pe": null,
            "avg_maturity": null,
            "beta": "0.98",
            "correlation_ratio": null,
            "downside_deviation": null,
            "information_ratio": null,
            "macaulay": null,
            "mod_duration": null,
            "port_turnover_ratio": "0.06",
            "r_squared_ratio": null,
            "roe_ratio": null,
            "sharpe": "0.30",
            "sortino_ratio": null,
            "std_dev": "12.94",
            "tracking_error": "0.25",
            "treynor_ratio": null,
            "upside_deviation": null,
            "ytm": null
        },
        "min_addl_amt": "",
        "min_addl_amt_multiple": "",
        "min_amt": "\u20b9 500",
        "min_amt_multiple": "\u20b9 1",
        "monthly_aaum_date": "31-03-2025",
        "monthly_aaum_value": "\u20b9 5.13 Cr.",
        "mutual_fund_name": "Taurus Mutual Fund",
        "page_number": [
            18
        ],
        "scheme_launch_date": "June 19, 2010"
    }
}