{
    "ITI Multi Cap Fund": {
        "amc_name": "ITI Asset Management Limited",
        "benchmark_index": "Nifty 500 Multicap 502525 TRI",
        "fund_manager": [
            {
                "managing_fund_since": "08-Aug-22",
                "name": "Dhimant Shah",
                "qualification": "",
                "total_exp": "26 Years"
            },
            {
                "managing_fund_since": "01-Dec-22",
                "name": "Rohan Korde",
                "qualification": "",
                "total_exp": "17 Years"
            }
        ],
        "load": {
            "entry_load": "Nil",
            "exit_load": "1 if redeemed or switched out on or before completion of 3 months from the date of allotment of units Nil, if redeemed or switched out after completion of 3 months from the date of allotment of units."
        },
        "main_scheme_name": "ITI Multi Cap Fund",
        "metrics": {
            "alpha": null,
            "arithmetic_mean_ratio": null,
            "average_div_yld": null,
            "average_pb": "8.71",
            "average_pe": "28.75",
            "avg_maturity": null,
            "beta": "0.96",
            "correlation_ratio": null,
            "downside_deviation": null,
            "information_ratio": null,
            "macaulay": null,
            "mod_duration": null,
            "port_turnover_ratio": "1.07",
            "r_squared_ratio": null,
            "roe_ratio": null,
            "sharpe": "0.65",
            "sortino_ratio": null,
            "std_dev": "15.55",
            "tracking_error": null,
            "treynor_ratio": null,
            "upside_deviation": null,
            "ytm": null
        },
        "min_addl_amt": "",
        "min_addl_amt_multiple": "",
        "min_amt": "\u20b9 1,000",
        "min_amt_multiple": "\u20b9 1",
        "monthly_aaum_date": "31-03-2025",
        "monthly_aaum_value": "\u20b9 1,076.82",
        "mutual_fund_name": "ITI Mutual Fund",
        "page_number": [
            9
        ],
        "scheme_launch_date": "15-May-19"
    },
    "ITI Long Term Equity Fund": {
        "amc_name": "ITI Asset Management Limited",
        "benchmark_index": "Nifty 500 TRI",
        "fund_manager": [
            {
                "managing_fund_since": "04-Nov-24",
                "name": "Alok Ranjan",
                "qualification": "",
                "total_exp": "25 Years"
            },
            {
                "managing_fund_since": "01-Dec-22",
                "name": "Dhimant Shah",
                "qualification": "",
                "total_exp": "26 Years"
            }
        ],
        "load": {
            "entry_load": "Nil",
            "exit_load": "Nil"
        },
        "main_scheme_name": "ITI Long Term Equity Fund",
        "metrics": {
            "alpha": null,
            "arithmetic_mean_ratio": null,
            "average_div_yld": null,
            "average_pb": "6.56",
            "average_pe": "25.37",
            "avg_maturity": null,
            "beta": "0.99",
            "correlation_ratio": null,
            "downside_deviation": null,
            "information_ratio": null,
            "macaulay": null,
            "mod_duration": null,
            "port_turnover_ratio": "1.03",
            "r_squared_ratio": null,
            "roe_ratio": null,
            "sharpe": "0.71",
            "sortino_ratio": null,
            "std_dev": "15.42",
            "tracking_error": null,
            "treynor_ratio": null,
            "upside_deviation": null,
            "ytm": null
        },
        "min_addl_amt": "",
        "min_addl_amt_multiple": "",
        "min_amt": "\u20b9 500",
        "min_amt_multiple": "\u20b9 500",
        "monthly_aaum_date": "31-03-2025",
        "monthly_aaum_value": "\u20b9 362.45",
        "mutual_fund_name": "ITI Mutual Fund",
        "page_number": [
            10
        ],
        "scheme_launch_date": "18-Oct-19"
    },
    "ITI Large Cap Fund": {
        "amc_name": "ITI Asset Management Limited",
        "benchmark_index": "Nifty 100 TRI",
        "fund_manager": [
            {
                "managing_fund_since": "04-Nov-2024",
                "name": "Alok Ranjan",
                "qualification": "",
                "total_exp": "25 Years"
            },
            {
                "managing_fund_since": "29-April-2022",
                "name": "Rohan Korde",
                "qualification": "",
                "total_exp": "17 Years"
            }
        ],
        "load": {
            "entry_load": "Nil",
            "exit_load": "1 if redeemed or switched out on or before completion of 3 months from the date of allotment of unitsNil, if redeemed or switched out after completion of 3 months from the date of allotment of units."
        },
        "main_scheme_name": "ITI Large Cap Fund",
        "metrics": {
            "alpha": null,
            "arithmetic_mean_ratio": null,
            "average_div_yld": null,
            "average_pb": "6.50",
            "average_pe": "21.66",
            "avg_maturity": null,
            "beta": "1.00",
            "correlation_ratio": null,
            "downside_deviation": null,
            "information_ratio": null,
            "macaulay": null,
            "mod_duration": null,
            "port_turnover_ratio": "0.78",
            "r_squared_ratio": null,
            "roe_ratio": null,
            "sharpe": "0.36",
            "sortino_ratio": null,
            "std_dev": "14.69",
            "tracking_error": null,
            "treynor_ratio": null,
            "upside_deviation": null,
            "ytm": null
        },
        "min_addl_amt": "",
        "min_addl_amt_multiple": "",
        "min_amt": "\u20b9 5,000",
        "min_amt_multiple": "\u20b9 1",
        "monthly_aaum_date": "31-03-2025",
        "monthly_aaum_value": "\u20b9 455.79",
        "mutual_fund_name": "ITI Mutual Fund",
        "page_number": [
            11
        ],
        "scheme_launch_date": "24-Dec-20"
    },
    "ITI Mid Cap Fund": {
        "amc_name": "ITI Asset Management Limited",
        "benchmark_index": "Nifty Midcap 150 TRI",
        "fund_manager": [
            {
                "managing_fund_since": "29 April 2022",
                "name": "Rohan Korde",
                "qualification": "",
                "total_exp": "17 Years"
            },
            {
                "managing_fund_since": "01-Oct-2022",
                "name": "Dhimant Shah",
                "qualification": "",
                "total_exp": "26 Years"
            }
        ],
        "load": {
            "entry_load": "Nil",
            "exit_load": "If units are redeemed switched out within 12 months - 1. Nil hereafter"
        },
        "main_scheme_name": "ITI Mid Cap Fund",
        "metrics": {
            "alpha": null,
            "arithmetic_mean_ratio": null,
            "average_div_yld": null,
            "average_pb": "9.34",
            "average_pe": "31.43",
            "avg_maturity": null,
            "beta": "0.96",
            "correlation_ratio": null,
            "downside_deviation": null,
            "information_ratio": null,
            "macaulay": null,
            "mod_duration": null,
            "port_turnover_ratio": "1.38",
            "r_squared_ratio": null,
            "roe_ratio": null,
            "sharpe": "0.84",
            "sortino_ratio": null,
            "std_dev": "17.10",
            "tracking_error": null,
            "treynor_ratio": null,
            "upside_deviation": null,
            "ytm": null
        },
        "min_addl_amt": "",
        "min_addl_amt_multiple": "",
        "min_amt": "\u20b9 5,000",
        "min_amt_multiple": "\u20b9 1",
        "monthly_aaum_date": "31-03-2025",
        "monthly_aaum_value": "\u20b9 1,048.69",
        "mutual_fund_name": "ITI Mutual Fund",
        "page_number": [
            12
        ],
        "scheme_launch_date": "05-Mar-2021"
    },
    "ITI Small Cap Fund": {
        "amc_name": "ITI Asset Management Limited",
        "benchmark_index": "Nifty Smallcap 250 TRI",
        "fund_manager": [
            {
                "managing_fund_since": "08 August 2022",
                "name": "Dhimant Shah",
                "qualification": "",
                "total_exp": "26 Years"
            },
            {
                "managing_fund_since": "01 December  2022",
                "name": "Rohan Korde",
                "qualification": "",
                "total_exp": "17 Years"
            }
        ],
        "load": {
            "entry_load": "Nil",
            "exit_load": "If units are redeemed switched out within 12 months - 1. Nil"
        },
        "main_scheme_name": "ITI Small Cap Fund",
        "metrics": {
            "alpha": null,
            "arithmetic_mean_ratio": null,
            "average_div_yld": null,
            "average_pb": "8.84",
            "average_pe": "35.69",
            "avg_maturity": null,
            "beta": "0.82",
            "correlation_ratio": null,
            "downside_deviation": null,
            "information_ratio": null,
            "macaulay": null,
            "mod_duration": null,
            "port_turnover_ratio": "1.12",
            "r_squared_ratio": null,
            "roe_ratio": null,
            "sharpe": "0.92",
            "sortino_ratio": null,
            "std_dev": "17.52",
            "tracking_error": null,
            "treynor_ratio": null,
            "upside_deviation": null,
            "ytm": null
        },
        "min_addl_amt": "",
        "min_addl_amt_multiple": "",
        "min_amt": "\u20b9 5,000",
        "min_amt_multiple": "\u20b9 1",
        "monthly_aaum_date": "31-03-2025",
        "monthly_aaum_value": "\u20b9 2,138.74",
        "mutual_fund_name": "ITI Mutual Fund",
        "page_number": [
            13
        ],
        "scheme_launch_date": "17-Feb-20"
    },
    "ITI Value Fund": {
        "amc_name": "ITI Asset Management Limited",
        "benchmark_index": "Nifty 500 TRI",
        "fund_manager": [
            {
                "managing_fund_since": "14-Jun-21",
                "name": "Rohan Korde",
                "qualification": "",
                "total_exp": "17 Years"
            },
            {
                "managing_fund_since": "01 December 2022",
                "name": "Dhimant Shah",
                "qualification": "",
                "total_exp": "26 Years"
            }
        ],
        "load": {
            "entry_load": "Nil",
            "exit_load": "1 if redeemed or switched out on or before completion of 3 months from the date of allotment of units   Nil, if redeemed or switched out after completion of 3 months from the date of allotment of units."
        },
        "main_scheme_name": "ITI Value Fund",
        "metrics": {
            "alpha": null,
            "arithmetic_mean_ratio": null,
            "average_div_yld": null,
            "average_pb": "6.08",
            "average_pe": "24.01",
            "avg_maturity": null,
            "beta": "1.01",
            "correlation_ratio": null,
            "downside_deviation": null,
            "information_ratio": null,
            "macaulay": null,
            "mod_duration": null,
            "port_turnover_ratio": "1.40",
            "r_squared_ratio": null,
            "roe_ratio": null,
            "sharpe": "0.63",
            "sortino_ratio": null,
            "std_dev": "15.52",
            "tracking_error": null,
            "treynor_ratio": null,
            "upside_deviation": null,
            "ytm": null
        },
        "min_addl_amt": "",
        "min_addl_amt_multiple": "",
        "min_amt": "",
        "min_amt_multiple": "",
        "monthly_aaum_date": "31-03-2025",
        "monthly_aaum_value": "\u20b9 288.87",
        "mutual_fund_name": "ITI Mutual Fund",
        "page_number": [
            14
        ],
        "scheme_launch_date": "14-June-2021"
    },
    "ITI Pharma and Healthcare Fund": {
        "amc_name": "ITI Asset Management Limited",
        "benchmark_index": "Nifty Healthcare TRI",
        "fund_manager": [
            {
                "managing_fund_since": "08-Nov-21",
                "name": "Rohan Korde",
                "qualification": "",
                "total_exp": "17 Years"
            },
            {
                "managing_fund_since": "01 December  2022",
                "name": "Dhimant Shah",
                "qualification": "",
                "total_exp": "26 Years"
            }
        ],
        "load": {
            "entry_load": "Nil",
            "exit_load": "1 if redeemed or switched out on or before completion of 12 months from the date of allotment of units   Nil, if redeemed or switched out after completion of 12 months from the date of allotment of units."
        },
        "main_scheme_name": "ITI Pharma and Healthcare Fund",
        "metrics": {
            "alpha": null,
            "arithmetic_mean_ratio": null,
            "average_div_yld": null,
            "average_pb": "9.65",
            "average_pe": "45.60",
            "avg_maturity": null,
            "beta": "0.91",
            "correlation_ratio": null,
            "downside_deviation": null,
            "information_ratio": null,
            "macaulay": null,
            "mod_duration": null,
            "port_turnover_ratio": "0.61",
            "r_squared_ratio": null,
            "roe_ratio": null,
            "sharpe": "0.66",
            "sortino_ratio": null,
            "std_dev": "16.40",
            "tracking_error": null,
            "treynor_ratio": null,
            "upside_deviation": null,
            "ytm": null
        },
        "min_addl_amt": "",
        "min_addl_amt_multiple": "",
        "min_amt": "",
        "min_amt_multiple": "",
        "monthly_aaum_date": "31-03-2025",
        "monthly_aaum_value": "\u20b9 207.19",
        "mutual_fund_name": "ITI Mutual Fund",
        "page_number": [
            15
        ],
        "scheme_launch_date": "08-Nov-2021"
    },
    "ITI Flexi Cap Fund": {
        "amc_name": "ITI Asset Management Limited",
        "benchmark_index": "Nifty 500 TRI",
        "fund_manager": [
            {
                "managing_fund_since": "17-Feb-2023",
                "name": "Dhimant Shah",
                "qualification": "",
                "total_exp": "26 Years"
            },
            {
                "managing_fund_since": "17-Feb-2023",
                "name": "Rohan Korde",
                "qualification": "",
                "total_exp": "17 Years"
            }
        ],
        "load": {
            "entry_load": "Not Applicable",
            "exit_load": "1 if redeemed or switched out on or before completion of 12 months from the date of allotment of units    Nil, if redeemed or switched out after completion of 12 months from the date of allotment of units."
        },
        "main_scheme_name": "ITI Flexi Cap Fund",
        "metrics": {
            "alpha": null,
            "arithmetic_mean_ratio": null,
            "average_div_yld": null,
            "average_pb": "6.76",
            "average_pe": "28.15",
            "avg_maturity": null,
            "beta": null,
            "correlation_ratio": null,
            "downside_deviation": null,
            "information_ratio": null,
            "macaulay": null,
            "mod_duration": null,
            "port_turnover_ratio": "1.09",
            "r_squared_ratio": null,
            "roe_ratio": null,
            "sharpe": null,
            "sortino_ratio": null,
            "std_dev": null,
            "tracking_error": null,
            "treynor_ratio": null,
            "upside_deviation": null,
            "ytm": null
        },
        "min_addl_amt": "",
        "min_addl_amt_multiple": "",
        "min_amt": "",
        "min_amt_multiple": "",
        "monthly_aaum_date": "31-03-2025",
        "monthly_aaum_value": "\u20b9 990.58",
        "mutual_fund_name": "ITI Mutual Fund",
        "page_number": [
            17
        ],
        "scheme_launch_date": "17-Feb-23"
    },
    "ITI Focused Equity Fund": {
        "amc_name": "ITI Asset Management Limited",
        "benchmark_index": "Nifty 500 TRI",
        "fund_manager": [
            {
                "managing_fund_since": "19-June-2023",
                "name": "Dhimant Shah",
                "qualification": "",
                "total_exp": "26 Years"
            },
            {
                "managing_fund_since": "19-June-2023",
                "name": "Rohan Korde",
                "qualification": "",
                "total_exp": "17 Years"
            }
        ],
        "load": {
            "entry_load": "Not Applicable",
            "exit_load": "1 if redeemed or switched out on or before completion of 12 months from the date of allotment of units    Nil, if redeemed or switched out after completion of 12 months from the date of allotment of units."
        },
        "main_scheme_name": "ITI Focused Equity Fund",
        "metrics": {
            "alpha": null,
            "arithmetic_mean_ratio": null,
            "average_div_yld": null,
            "average_pb": "8.87",
            "average_pe": "28.38",
            "avg_maturity": null,
            "beta": null,
            "correlation_ratio": null,
            "downside_deviation": null,
            "information_ratio": null,
            "macaulay": null,
            "mod_duration": null,
            "port_turnover_ratio": "0.79",
            "r_squared_ratio": null,
            "roe_ratio": null,
            "sharpe": null,
            "sortino_ratio": null,
            "std_dev": null,
            "tracking_error": null,
            "treynor_ratio": null,
            "upside_deviation": null,
            "ytm": null
        },
        "min_addl_amt": "",
        "min_addl_amt_multiple": "",
        "min_amt": "",
        "min_amt_multiple": "",
        "monthly_aaum_date": "31-03-2025",
        "monthly_aaum_value": "\u20b9 461.69",
        "mutual_fund_name": "ITI Mutual Fund",
        "page_number": [
            18
        ],
        "scheme_launch_date": "19-June-23"
    },
    "ITI Large & Mid Cap Fund": {
        "amc_name": "ITI Asset Management Limited",
        "benchmark_index": "NIFTY Large Midcap 250 TRI Minimum  Application Rs. 5,000- and  in Amount multiples  of  Rs. 1- Load Structure Entry Load Nil Exit Load  0.50 if redeemed or switched out on or before completion of 3 months from the date of allotment of units  Nil, if redeemed or switched out after completion of 3 months from the date of allotment of units. No Entry  Exit Load shall be levied on units allotted on Reinvestment of Income Distri",
        "fund_manager": [
            {
                "managing_fund_since": "04-Nov-24",
                "name": "Alok Ranjan",
                "qualification": "",
                "total_exp": "25 Years"
            },
            {
                "managing_fund_since": "11-Sept-24",
                "name": "Rohan Korde",
                "qualification": "",
                "total_exp": "17 Years"
            }
        ],
        "load": {
            "entry_load": "Nil",
            "exit_load": "0.50 if redeemed or switched out on or before completion of 3 months from the date of allotment of units  Nil, if redeemed or switched out after completion of 3 months from the date of allotment of units. No Entry  Exit Load shall be levied on units allotted on Reinvestment of Income Distribution cum Capital Withdrawal Option. In respect of Systematic Transactions such as SIP, STP, SWP, Exit Load, if any, prevailing on the date of registration  enrolment for SIPSTPSWP shall be levied for all the opted installments. Redemption of units would be done on First in First out Basis (FIFO). The entire Exit Load, net of Goods  service tax, shall be credited to the Scheme"
        },
        "main_scheme_name": "ITI Large & Mid Cap Fund",
        "metrics": {
            "alpha": null,
            "arithmetic_mean_ratio": null,
            "average_div_yld": null,
            "average_pb": "8.22",
            "average_pe": "26.81",
            "avg_maturity": null,
            "beta": null,
            "correlation_ratio": null,
            "downside_deviation": null,
            "information_ratio": null,
            "macaulay": null,
            "mod_duration": null,
            "port_turnover_ratio": null,
            "r_squared_ratio": null,
            "roe_ratio": null,
            "sharpe": null,
            "sortino_ratio": null,
            "std_dev": null,
            "tracking_error": null,
            "treynor_ratio": null,
            "upside_deviation": null,
            "ytm": null
        },
        "min_addl_amt": "",
        "min_addl_amt_multiple": "",
        "min_amt": "",
        "min_amt_multiple": "",
        "monthly_aaum_date": "31-03-2025",
        "monthly_aaum_value": "\u20b9 756.99",
        "mutual_fund_name": "ITI Mutual Fund",
        "page_number": [
            19
        ],
        "scheme_launch_date": "Sept 11, 2024"
    },
    "ITI Bharat Consumption Fund": {
        "amc_name": "ITI Asset Management Limited",
        "benchmark_index": "Nifty India Consumption TRI Minimum  Application Rs. 5,000- and  in Amount multiples  of  Rs. 1- Load Structure Entry Load Nil Exit Load  0.50 if redeemed or switched out on or before completion of 3 months from the date of allotment of units  Nil, if redeemed or switched out after completion of 3 months from the date of allotment of units No Entry  Exit Load shall be levied on units allotted on Reinvestment of Income Distri",
        "fund_manager": [
            {
                "managing_fund_since": "06-Mar-25",
                "name": "Rohan Korde",
                "qualification": "",
                "total_exp": "25 Years"
            },
            {
                "managing_fund_since": "06-Mar-25",
                "name": "Dhimant Shah",
                "qualification": "",
                "total_exp": "17 Years"
            }
        ],
        "load": {
            "entry_load": "Nil",
            "exit_load": "0.50 if redeemed or switched out on or before completion of 3 months from the date of allotment of units  Nil, if redeemed or switched out after completion of 3 months from the date of allotment of units No Entry  Exit Load shall be levied on units allotted on Reinvestment of Income Distribution cum Capital Withdrawal Option. Redemption of units would be done on First in First out Basis (FIFO). A switch-out under Systematic Transfer Plan (STP) or a withdrawal under Systematic Withdrawal Plan (SWP) shall also attract an Exit Load like any Redemption. Exit Load (net of Goods and Service Tax), if any charged, shall be credited to the Scheme. No exit load will be chargeable in case of switches made between different options of the scheme. Subject to the Regulations, the Trustees retains the right to change  impose an exit load."
        },
        "main_scheme_name": "ITI Bharat Consumption Fund",
        "metrics": {
            "alpha": null,
            "arithmetic_mean_ratio": null,
            "average_div_yld": null,
            "average_pb": "10.66",
            "average_pe": "42.63",
            "avg_maturity": null,
            "beta": null,
            "correlation_ratio": null,
            "downside_deviation": null,
            "information_ratio": null,
            "macaulay": null,
            "mod_duration": null,
            "port_turnover_ratio": null,
            "r_squared_ratio": null,
            "roe_ratio": null,
            "sharpe": null,
            "sortino_ratio": null,
            "std_dev": null,
            "tracking_error": null,
            "treynor_ratio": null,
            "upside_deviation": null,
            "ytm": null
        },
        "min_addl_amt": "",
        "min_addl_amt_multiple": "",
        "min_amt": "",
        "min_amt_multiple": "",
        "monthly_aaum_date": "31-03-2025",
        "monthly_aaum_value": "\u20b9 149.05",
        "mutual_fund_name": "ITI Mutual Fund",
        "page_number": [
            20
        ],
        "scheme_launch_date": "Mar 06, 2025"
    },
    "ITI Balanced Advantage Fund": {
        "amc_name": "ITI Asset Management Limited",
        "benchmark_index": "Nifty 50 Hybrid Composite Debt 5050 Index",
        "fund_manager": [
            {
                "managing_fund_since": "15-Sep-23",
                "name": "Rajesh Bhatia",
                "qualification": "",
                "total_exp": "31 Years"
            },
            {
                "managing_fund_since": "14-Nov-24",
                "name": "Rohan Korde",
                "qualification": "",
                "total_exp": "17 Years"
            },
            {
                "managing_fund_since": "01-Feb-25",
                "name": "Laukik Bagwe",
                "qualification": "",
                "total_exp": "25 Years"
            },
            {
                "managing_fund_since": "17-Feb-25",
                "name": "Vasav Sahgal",
                "qualification": "",
                "total_exp": "7 Years"
            }
        ],
        "load": {
            "entry_load": "Nil",
            "exit_load": "10 of the units allotted may be redeemed without any exit load, on or before completion of 3 months from the date of allotment of units. Any redemption in excess of such limit in the first 3 months from the date of allotment shall be subject to the following exit load  i. 1 if redeemed or switched out on or before completion of 3 months from the date of allotment of units ii. Nil, if redeemed or switched out after completion of 3 months from the date of allotment of units."
        },
        "main_scheme_name": "ITI Balanced Advantage Fund",
        "metrics": {
            "alpha": null,
            "arithmetic_mean_ratio": null,
            "average_div_yld": null,
            "average_pb": "4.37",
            "average_pe": "23.63",
            "avg_maturity": "0.20 Years",
            "beta": "0.91",
            "correlation_ratio": null,
            "downside_deviation": null,
            "information_ratio": null,
            "macaulay": "0.19 Years",
            "mod_duration": "0.18 Years",
            "port_turnover_ratio": "6.38",
            "r_squared_ratio": null,
            "roe_ratio": null,
            "sharpe": "0.24",
            "sortino_ratio": null,
            "std_dev": "7.66",
            "tracking_error": null,
            "treynor_ratio": null,
            "upside_deviation": null,
            "ytm": "6.84"
        },
        "min_addl_amt": "",
        "min_addl_amt_multiple": "",
        "min_amt": "\u20b9 5,000",
        "min_amt_multiple": "\u20b9 1",
        "monthly_aaum_date": "31-03-2025",
        "monthly_aaum_value": "\u20b9 374.14",
        "mutual_fund_name": "ITI Mutual Fund",
        "page_number": [
            21
        ],
        "scheme_launch_date": "31-Dec-19"
    },
    "ITI Arbitrage Fund": {
        "amc_name": "ITI Asset Management Limited",
        "benchmark_index": "Nifty 50 Arbitrage",
        "fund_manager": [
            {
                "managing_fund_since": "01-Jan-24",
                "name": "Vikas Nathani",
                "qualification": "",
                "total_exp": "18 Years"
            },
            {
                "managing_fund_since": "15-Nov-24",
                "name": "Rohan Korde",
                "qualification": "",
                "total_exp": "17 Years"
            },
            {
                "managing_fund_since": "01-Feb-25",
                "name": "Laukik Bagwe",
                "qualification": "",
                "total_exp": "25 Years"
            }
        ],
        "load": {
            "entry_load": "Nil",
            "exit_load": "If the Units are redeemed  switched out on or before 30 days from the date of allotment - 0.25. If the Units are redeemed switched out after 30 days from the date of allotment - NIL"
        },
        "main_scheme_name": "ITI Arbitrage Fund",
        "metrics": {
            "alpha": null,
            "arithmetic_mean_ratio": null,
            "average_div_yld": null,
            "average_pb": null,
            "average_pe": null,
            "avg_maturity": null,
            "beta": "0.79",
            "correlation_ratio": null,
            "downside_deviation": null,
            "information_ratio": null,
            "macaulay": null,
            "mod_duration": null,
            "port_turnover_ratio": null,
            "r_squared_ratio": null,
            "roe_ratio": null,
            "sharpe": "-2.06",
            "sortino_ratio": null,
            "std_dev": "0.67",
            "tracking_error": null,
            "treynor_ratio": null,
            "upside_deviation": null,
            "ytm": null
        },
        "min_addl_amt": "",
        "min_addl_amt_multiple": "",
        "min_amt": "\u20b9 5,000",
        "min_amt_multiple": "\u20b9 1",
        "monthly_aaum_date": "31-03-2025",
        "monthly_aaum_value": "\u20b9 46.64",
        "mutual_fund_name": "ITI Mutual Fund",
        "page_number": [
            22
        ],
        "scheme_launch_date": "09-Sep-19"
    },
    "ITI Overnight Fund": {
        "amc_name": "ITI Asset Management Limited",
        "benchmark_index": "CRISIL Liquid Overnight  Index",
        "fund_manager": [
            {
                "managing_fund_since": "01-Feb-25",
                "name": "Laukik Bagwe",
                "qualification": "",
                "total_exp": "25 Years"
            }
        ],
        "load": {
            "entry_load": "Nil",
            "exit_load": "Nil"
        },
        "main_scheme_name": "ITI Overnight Fund",
        "metrics": {
            "alpha": null,
            "arithmetic_mean_ratio": null,
            "average_div_yld": null,
            "average_pb": null,
            "average_pe": null,
            "avg_maturity": "1 Days",
            "beta": null,
            "correlation_ratio": null,
            "downside_deviation": null,
            "information_ratio": null,
            "macaulay": "1 Days",
            "mod_duration": "1 Days",
            "port_turnover_ratio": null,
            "r_squared_ratio": null,
            "roe_ratio": null,
            "sharpe": null,
            "sortino_ratio": null,
            "std_dev": null,
            "tracking_error": null,
            "treynor_ratio": null,
            "upside_deviation": null,
            "ytm": "6.82"
        },
        "min_addl_amt": "",
        "min_addl_amt_multiple": "",
        "min_amt": "\u20b9 5,000",
        "min_amt_multiple": "\u20b9 1",
        "monthly_aaum_date": "31-03-2025",
        "monthly_aaum_value": "\u20b9 21.64",
        "mutual_fund_name": "ITI Mutual Fund",
        "page_number": [
            23
        ],
        "scheme_launch_date": "25-Oct-19"
    },
    "ITI Liquid Fund": {
        "amc_name": "ITI Asset Management Limited",
        "benchmark_index": "CRISIL Liquid Debt A-I Index",
        "fund_manager": [
            {
                "managing_fund_since": "01-Feb-25",
                "name": "Laukik Bagwe",
                "qualification": "",
                "total_exp": "25 Years"
            }
        ],
        "load": {
            "entry_load": "Nil",
            "exit_load": "Investor exit upon subscription Exit Load  Up to Day 1 0.0070 Day 2 0.0065 Day 3 0.0060 Day 4 0.0055 Day 5 0.0050 Day 6 0.0045 Day 7 onwards 0.0000"
        },
        "main_scheme_name": "ITI Liquid Fund",
        "metrics": {
            "alpha": null,
            "arithmetic_mean_ratio": null,
            "average_div_yld": null,
            "average_pb": null,
            "average_pe": null,
            "avg_maturity": "54 Days",
            "beta": null,
            "correlation_ratio": null,
            "downside_deviation": null,
            "information_ratio": null,
            "macaulay": "54 Days",
            "mod_duration": "54 Days",
            "port_turnover_ratio": null,
            "r_squared_ratio": null,
            "roe_ratio": null,
            "sharpe": null,
            "sortino_ratio": null,
            "std_dev": null,
            "tracking_error": null,
            "treynor_ratio": null,
            "upside_deviation": null,
            "ytm": "7.04"
        },
        "min_addl_amt": "",
        "min_addl_amt_multiple": "",
        "min_amt": "",
        "min_amt_multiple": "",
        "monthly_aaum_date": "31-03-2025",
        "monthly_aaum_value": "\u20b9 48.74",
        "mutual_fund_name": "ITI Mutual Fund",
        "page_number": [
            24
        ],
        "scheme_launch_date": "24-Apr-19"
    },
    "ITI Ultra Short Duration Fund": {
        "amc_name": "ITI Asset Management Limited",
        "benchmark_index": "CRISIL Ultra Short Duration Debt A-I Index",
        "fund_manager": [
            {
                "managing_fund_since": "01-Feb-25",
                "name": "Laukik Bagwe",
                "qualification": "",
                "total_exp": "25 Years"
            }
        ],
        "load": {
            "entry_load": "Nil",
            "exit_load": "Nil"
        },
        "main_scheme_name": "ITI Ultra Short Duration Fund",
        "metrics": {
            "alpha": null,
            "arithmetic_mean_ratio": null,
            "average_div_yld": null,
            "average_pb": null,
            "average_pe": null,
            "avg_maturity": "179 Days",
            "beta": null,
            "correlation_ratio": null,
            "downside_deviation": null,
            "information_ratio": null,
            "macaulay": "176 Days",
            "mod_duration": "170 Days",
            "port_turnover_ratio": null,
            "r_squared_ratio": null,
            "roe_ratio": null,
            "sharpe": null,
            "sortino_ratio": null,
            "std_dev": null,
            "tracking_error": null,
            "treynor_ratio": null,
            "upside_deviation": null,
            "ytm": "7.09"
        },
        "min_addl_amt": "",
        "min_addl_amt_multiple": "",
        "min_amt": "\u20b9 5,000",
        "min_amt_multiple": "\u20b9 1",
        "monthly_aaum_date": "31-03-2025",
        "monthly_aaum_value": "\u20b9 235.51",
        "mutual_fund_name": "ITI Mutual Fund",
        "page_number": [
            25
        ],
        "scheme_launch_date": "05-May-2021"
    },
    "ITI Banking & PSU Debt Fund": {
        "amc_name": "ITI Asset Management Limited",
        "benchmark_index": "CRISIL Banking and PSU Debt A-II Index",
        "fund_manager": [
            {
                "managing_fund_since": "01-Feb-25",
                "name": "Laukik Bagwe",
                "qualification": "",
                "total_exp": "25 Years"
            }
        ],
        "load": {
            "entry_load": "Nil",
            "exit_load": "Nil"
        },
        "main_scheme_name": "ITI Banking & PSU Debt Fund",
        "metrics": {
            "alpha": null,
            "arithmetic_mean_ratio": null,
            "average_div_yld": null,
            "average_pb": null,
            "average_pe": null,
            "avg_maturity": "6.32 Years",
            "beta": null,
            "correlation_ratio": null,
            "downside_deviation": null,
            "information_ratio": null,
            "macaulay": "3.51 Years",
            "mod_duration": "3.37 Years",
            "port_turnover_ratio": null,
            "r_squared_ratio": null,
            "roe_ratio": null,
            "sharpe": null,
            "sortino_ratio": null,
            "std_dev": null,
            "tracking_error": null,
            "treynor_ratio": null,
            "upside_deviation": null,
            "ytm": "7.31"
        },
        "min_addl_amt": "",
        "min_addl_amt_multiple": "",
        "min_amt": "\u20b9 5,000",
        "min_amt_multiple": "\u20b9 1",
        "monthly_aaum_date": "31-03-2025",
        "monthly_aaum_value": "\u20b9 32.10",
        "mutual_fund_name": "ITI Mutual Fund",
        "page_number": [
            26
        ],
        "scheme_launch_date": "22-Oct-20"
    },
    "ITI Dynamic Bond Fund": {
        "amc_name": "ITI Asset Management Limited",
        "benchmark_index": "CRISIL Dynamic Bond A-III Index",
        "fund_manager": [
            {
                "managing_fund_since": "01-Feb-25",
                "name": "Laukik Bagwe",
                "qualification": "",
                "total_exp": "25 Years"
            }
        ],
        "load": {
            "entry_load": "Nil",
            "exit_load": "Nil"
        },
        "main_scheme_name": "ITI Dynamic Bond Fund",
        "metrics": {
            "alpha": null,
            "arithmetic_mean_ratio": null,
            "average_div_yld": null,
            "average_pb": null,
            "average_pe": null,
            "avg_maturity": "16.58 Years",
            "beta": null,
            "correlation_ratio": null,
            "downside_deviation": null,
            "information_ratio": null,
            "macaulay": "8.69 Years",
            "mod_duration": "8.40 Years",
            "port_turnover_ratio": null,
            "r_squared_ratio": null,
            "roe_ratio": null,
            "sharpe": null,
            "sortino_ratio": null,
            "std_dev": null,
            "tracking_error": null,
            "treynor_ratio": null,
            "upside_deviation": null,
            "ytm": "6.73"
        },
        "min_addl_amt": "",
        "min_addl_amt_multiple": "",
        "min_amt": "\u20b9 5,000",
        "min_amt_multiple": "\u20b9 1",
        "monthly_aaum_date": "31-03-2025",
        "monthly_aaum_value": "\u20b9 44.31",
        "mutual_fund_name": "ITI Mutual Fund",
        "page_number": [
            27
        ],
        "scheme_launch_date": "14-Jul-21"
    }
}