{
    "Parag Parikh Flexi Cap Fund": {
        "amc_name": "PPFAS Asset Management Private Limited",
        "benchmark_index": "NIFTY 500 (TRI",
        "fund_manager": [
            {
                "managing_fund_since": "Inception",
                "name": "Rajeev Thakkar",
                "qualification": "Equity Fund Manager",
                "total_exp": ""
            },
            {
                "managing_fund_since": "Inception",
                "name": "Raunak Onkar",
                "qualification": "Dedicatedfund Manager Name Of The Fund For Overseas Securities",
                "total_exp": ""
            },
            {
                "managing_fund_since": "January 27, 2016",
                "name": "Raj Mehta",
                "qualification": "Debt Fund Manager",
                "total_exp": ""
            },
            {
                "managing_fund_since": "May 16, 2022",
                "name": "Rukun Tarachandani",
                "qualification": "Equity Fund Manager",
                "total_exp": ""
            },
            {
                "managing_fund_since": "December 22, 2023",
                "name": "Mansi Kariya",
                "qualification": "Co  Fund Manager  Debt",
                "total_exp": ""
            }
        ],
        "load": {
            "entry_load": "Not Applicable",
            "exit_load": "In respect of each purchase switchin of Units,  10 of the units (the limit) may be redeemed without any exit load from the date of allotment. Any redemption or switchout in excess of the limit shall be subject to the following exit load 2.00 if the investment is redeemed on or before 365 days from the date of allotment of units. 1.00 if the investment is redeemed after 365 days but on or before 730 days from the date of allotment of units. No Exit Load will be charged if investment is redeemed after 730 days from the date of allotment of units. No exit load will be charged, in case of switch transactions between Regular Plan and Direct Plan of the Scheme for existing as well as prospective investors. Above exit load structure is applicable prospectively, for all investments (including SIPSTP and SWP registered) with effect from 15  Nov 2021. Any exit load charged (net off GST, if any) shall be credited back to the Scheme."
        },
        "main_scheme_name": "Parag Parikh Flexi Cap Fund",
        "metrics": {
            "alpha": null,
            "arithmetic_mean_ratio": null,
            "average_div_yld": null,
            "average_pb": null,
            "average_pe": null,
            "avg_maturity": null,
            "beta": "0.63",
            "correlation_ratio": null,
            "downside_deviation": null,
            "information_ratio": null,
            "macaulay": null,
            "mod_duration": null,
            "port_turnover_ratio": "26.47",
            "r_squared_ratio": null,
            "roe_ratio": null,
            "sharpe": "0.85",
            "sortino_ratio": null,
            "std_dev": "10.64",
            "tracking_error": null,
            "treynor_ratio": null,
            "upside_deviation": null,
            "ytm": null
        },
        "min_addl_amt": "\u20b9 1,000",
        "min_addl_amt_multiple": "",
        "min_amt": "\u20b9 1,000",
        "min_amt_multiple": "",
        "monthly_aaum_date": "31-03-2025",
        "monthly_aaum_value": "\u20b9 90,727.45 Crores",
        "mutual_fund_name": "PPFAS Mutual Fund",
        "page_number": [
            1
        ],
        "scheme_launch_date": " May 24, 2013"
    },
    "Parag Parikh ELSS Tax Saver Fund": {
        "amc_name": "PPFAS Asset Management Private Limited",
        "benchmark_index": "NIFTY 500 (TRI",
        "fund_manager": [
            {
                "managing_fund_since": "Inception",
                "name": "Rajeev Thakkar",
                "qualification": "Equity Fund Manager",
                "total_exp": ""
            },
            {
                "managing_fund_since": "Inception",
                "name": "Raunak Onkar",
                "qualification": "Co Fund Manager",
                "total_exp": ""
            },
            {
                "managing_fund_since": "Inception",
                "name": "Raj Mehta",
                "qualification": "Debt Fund Manager",
                "total_exp": ""
            },
            {
                "managing_fund_since": "May 16, 2022",
                "name": "Rukun Tarachandani",
                "qualification": "Equity Fund Manager",
                "total_exp": ""
            },
            {
                "managing_fund_since": "December 22, 2023",
                "name": "Mansi Kariya",
                "qualification": "Co  Fund Manager  Debt",
                "total_exp": ""
            }
        ],
        "load": {
            "entry_load": "Not Applicable",
            "exit_load": "NIL"
        },
        "main_scheme_name": "Parag Parikh ELSS Tax Saver Fund",
        "metrics": {
            "alpha": null,
            "arithmetic_mean_ratio": null,
            "average_div_yld": null,
            "average_pb": null,
            "average_pe": null,
            "avg_maturity": null,
            "beta": "0.65",
            "correlation_ratio": null,
            "downside_deviation": null,
            "information_ratio": null,
            "macaulay": null,
            "mod_duration": null,
            "port_turnover_ratio": "15.31",
            "r_squared_ratio": null,
            "roe_ratio": null,
            "sharpe": "0.91",
            "sortino_ratio": null,
            "std_dev": "10.52",
            "tracking_error": null,
            "treynor_ratio": null,
            "upside_deviation": null,
            "ytm": null
        },
        "min_addl_amt": "\u20b9 500",
        "min_addl_amt_multiple": "\u20b9 500",
        "min_amt": "\u20b9 500",
        "min_amt_multiple": "\u20b9 500",
        "monthly_aaum_date": "31-03-2025",
        "monthly_aaum_value": "\u20b9 4,673.77Crores",
        "mutual_fund_name": "PPFAS Mutual Fund",
        "page_number": [
            4
        ],
        "scheme_launch_date": " July 24, 2019"
    },
    "Parag Parikh Dynamic Asset Allocation Fund": {
        "amc_name": "PPFAS Asset Management Private Limited",
        "benchmark_index": "CRISIL Hybrid 5050 Moderate Index",
        "fund_manager": [
            {
                "managing_fund_since": "Inception",
                "name": "Rajeev Thakkar",
                "qualification": "Equity Fund Manager Fund Manager",
                "total_exp": ""
            },
            {
                "managing_fund_since": "Inception",
                "name": "Raunak Onkar",
                "qualification": "Equity Fund Manager",
                "total_exp": ""
            },
            {
                "managing_fund_since": "Inception",
                "name": "Raj Mehta",
                "qualification": "Debt Fund Manager",
                "total_exp": ""
            },
            {
                "managing_fund_since": "Inception",
                "name": "Rukun Tarachandani",
                "qualification": "Equity Fund Manager",
                "total_exp": ""
            },
            {
                "managing_fund_since": "Inception",
                "name": "Mansi Kariya",
                "qualification": "Co  Fund Manager  Debt",
                "total_exp": ""
            }
        ],
        "load": {
            "entry_load": "Not Applicable",
            "exit_load": "In respect of each purchase  switchin of Units, 10 of the units (thelimit) may be redeemed without any exit load from the date of allotment. Any redemption or switchout in excess of the limit shall be subject to thefollowing exit load Exit load of 1.00 is payable if Units are redeemed  switchedoutwithin 1 year from the date of allotment of units. No Exit Load is payable if Units are redeemed  switchedout after 1year from the date of allotment. Any exit load charged (net off GST, if any) shall be credited back to the Scheme."
        },
        "main_scheme_name": "Parag Parikh Dynamic Asset Allocation Fund",
        "metrics": {
            "alpha": null,
            "arithmetic_mean_ratio": null,
            "average_div_yld": null,
            "average_pb": null,
            "average_pe": null,
            "avg_maturity": null,
            "avgmaturityofthefundyears": "3.88",
            "beta": "0.69",
            "correlation_ratio": null,
            "downside_deviation": null,
            "information_ratio": null,
            "macaulay": "3.1799",
            "mod_duration": "3.0656",
            "port_turnover_ratio": "1.8617",
            "r_squared_ratio": null,
            "roe_ratio": null,
            "sharpe": "0.53",
            "sortino_ratio": null,
            "std_dev": "0.115",
            "tracking_error": null,
            "treynor_ratio": null,
            "upside_deviation": null,
            "ytm": "7.05"
        },
        "min_addl_amt": "\u20b9 500",
        "min_addl_amt_multiple": "any",
        "min_amt": "\u20b9 5,000",
        "min_amt_multiple": "any",
        "monthly_aaum_date": "31-03-2025",
        "monthly_aaum_value": "\u20b9 1,704.58Crores",
        "mutual_fund_name": "PPFAS Mutual Fund",
        "page_number": [
            6
        ],
        "scheme_launch_date": " February 27, 2024"
    },
    "Parag Parikh Conservative Hybrid Fund": {
        "amc_name": "PPFAS Asset Management Private Limited",
        "benchmark_index": "CRISIL Hybrid 8515 Conservative Index TRI",
        "fund_manager": [
            {
                "managing_fund_since": "Inception",
                "name": "Rajeev Thakkar",
                "qualification": "Equity Fund Manager Fund Manager",
                "total_exp": ""
            },
            {
                "managing_fund_since": "Inception",
                "name": "Raunak Onkar",
                "qualification": "Equity Fund Manager",
                "total_exp": ""
            },
            {
                "managing_fund_since": "Inception",
                "name": "Raj Mehta",
                "qualification": "Debt Fund Manager",
                "total_exp": ""
            },
            {
                "managing_fund_since": "May 16, 2022",
                "name": "Rukun Tarachandani",
                "qualification": "Equity Fund Manager",
                "total_exp": ""
            },
            {
                "managing_fund_since": "December 22, 2023",
                "name": "Mansi Kariya",
                "qualification": "Co  Fund Manager  Debt",
                "total_exp": ""
            }
        ],
        "load": {
            "entry_load": "Not Applicable",
            "exit_load": "In respect of each purchase  switchin of Units, 10 of the units (the limit) may be redeemed without any exit load from the date of allotment. Any redemption or switchout in excess of the limit shall be subject to the following exit load Exit load of 1.00 is payable if Units are redeemed  switchedout within 1 year from the date of allotment of units. No Exit Load is payable if Units are redeemed  switchedout after 1 year from the date of allotment. Any exit load charged (net off GST, if any) shall be credited back to the Scheme."
        },
        "main_scheme_name": "Parag Parikh Conservative Hybrid Fund",
        "metrics": {
            "alpha": null,
            "arithmetic_mean_ratio": null,
            "average_div_yld": null,
            "average_pb": null,
            "average_pe": null,
            "avg_maturity": null,
            "avgmaturityofthefundyears": "3.84",
            "beta": "0.69",
            "correlation_ratio": null,
            "downside_deviation": null,
            "information_ratio": null,
            "macaulay": "3.1882",
            "mod_duration": "3.0738",
            "port_turnover_ratio": "1.8617",
            "r_squared_ratio": null,
            "roe_ratio": null,
            "sharpe": "0.53",
            "sortino_ratio": null,
            "std_dev": "0.115",
            "tracking_error": null,
            "treynor_ratio": null,
            "upside_deviation": null,
            "ytm": "7.07"
        },
        "min_addl_amt": "\u20b9 1000",
        "min_addl_amt_multiple": "\u20b9 1",
        "min_amt": "\u20b9 5000",
        "min_amt_multiple": "\u20b9 1",
        "monthly_aaum_date": "31-03-2025",
        "monthly_aaum_value": "\u20b9 2,429.04Crores",
        "mutual_fund_name": "PPFAS Mutual Fund",
        "page_number": [
            9
        ],
        "scheme_launch_date": " May 26, 2021"
    },
    "Parag Parikh Arbitrage Fund": {
        "amc_name": "PPFAS Asset Management Private Limited",
        "benchmark_index": "Nifty 50 Arbitrage (TRI",
        "fund_manager": [
            {
                "managing_fund_since": "Inception",
                "name": "Rajeev Thakkar",
                "qualification": "Equity Fund Manager Fund Manager",
                "total_exp": ""
            },
            {
                "managing_fund_since": "Inception",
                "name": "Raunak Onkar",
                "qualification": "Equity Fund Manager",
                "total_exp": ""
            },
            {
                "managing_fund_since": "Inception",
                "name": "Raj Mehta",
                "qualification": "Debt Fund Manager",
                "total_exp": ""
            },
            {
                "managing_fund_since": "Inception",
                "name": "Rukun Tarachandani",
                "qualification": "Equity Fund Manager",
                "total_exp": ""
            },
            {
                "managing_fund_since": "December 22, 2023",
                "name": "Mansi Kariya",
                "qualification": "Co  Fund Manager  Debt",
                "total_exp": ""
            }
        ],
        "load": {
            "entry_load": "Not Applicable",
            "exit_load": "In respect of each purchase  switchin of units, an Exit Load of 0.25 is payable if Units are redeemed switchedout within 30 days from the date of allotment.  No Exit Load is payable if Units are redeemed  switchedout after 30 days from the date of allotment. Any exit load charged (net off GST, if any) shall be credited back to the Scheme. No exit load will be charged, in case of switch transactions between Plans. i.e Regular Plan and Direct Plan Any exit load charged (net off GST, if any) shall be credited back to the Scheme."
        },
        "main_scheme_name": "Parag Parikh Arbitrage Fund",
        "metrics": {
            "alpha": null,
            "arithmetic_mean_ratio": null,
            "average_div_yld": null,
            "average_pb": null,
            "average_pe": null,
            "avg_maturity": null,
            "avgmaturityofthefunddays": "133.01",
            "beta": "0.69",
            "correlation_ratio": null,
            "downside_deviation": null,
            "information_ratio": null,
            "macaulay": "0.3619",
            "mod_duration": "0.3379",
            "port_turnover_ratio": "1.8617",
            "r_squared_ratio": null,
            "roe_ratio": null,
            "sharpe": "0.53",
            "sortino_ratio": null,
            "std_dev": "0.115",
            "tracking_error": null,
            "treynor_ratio": null,
            "upside_deviation": null,
            "ytm": "7.00"
        },
        "min_addl_amt": "\u20b9 1000",
        "min_addl_amt_multiple": "\u20b9 1",
        "min_amt": "\u20b9 1000",
        "min_amt_multiple": "\u20b9 1",
        "monthly_aaum_date": "31-03-2025",
        "monthly_aaum_value": "\u20b9 1,292.36Crores",
        "mutual_fund_name": "PPFAS Mutual Fund",
        "page_number": [
            12
        ],
        "scheme_launch_date": " November 2, 2023"
    },
    "Parag Parikh Liquid Fund": {
        "amc_name": "PPFAS Asset Management Private Limited",
        "benchmark_index": "CRISIL Liquid Debt AI Index",
        "fund_manager": [
            {
                "managing_fund_since": "Inception",
                "name": "Raj Mehta",
                "qualification": "Debt Fund Manager Fund Manager",
                "total_exp": ""
            },
            {
                "managing_fund_since": "December 22, 2023",
                "name": "Mansi Kariya",
                "qualification": "Co  Fund Manager  Debt",
                "total_exp": ""
            }
        ],
        "load": {
            "entry_load": "Not Applicable",
            "exit_load": "Exit load as a  of Investor Exit upon redemption  subscription switch proceeds Day 1 0.0070 Day 2 0.0065 Day 3 0.0060 Day 4 0.0055 Day 5 0.0050 Day 6 0.0045 Day 7 onwards 0.0000  For purpose of levying exit load, if subscription (application  funds) is received within cutoff time on a day, Day 1 shall be considered to be the same day, else the day after the date of allotment of units shall be considered as Day 1. Any exit load charged (net off GST, if any) shall be credited back to the Scheme."
        },
        "main_scheme_name": "Parag Parikh Liquid Fund",
        "metrics": {
            "alpha": null,
            "arithmetic_mean_ratio": null,
            "average_div_yld": null,
            "average_pb": null,
            "average_pe": null,
            "avg_maturity": null,
            "avgmaturityofthefunddays": "40.65",
            "beta": "0.69",
            "correlation_ratio": null,
            "downside_deviation": null,
            "information_ratio": null,
            "macaulay": "0.1087",
            "mod_duration": "0.1020",
            "port_turnover_ratio": "1.8617",
            "r_squared_ratio": null,
            "roe_ratio": null,
            "sharpe": "0.53",
            "sortino_ratio": null,
            "std_dev": "0.115",
            "tracking_error": null,
            "treynor_ratio": null,
            "upside_deviation": null,
            "ytm": "6.79"
        },
        "min_addl_amt": "\u20b9 1,000",
        "min_addl_amt_multiple": "",
        "min_amt": "\u20b9 5,000",
        "min_amt_multiple": "\u20b9 0",
        "monthly_aaum_date": "31-03-2025",
        "monthly_aaum_value": "\u20b9 2,486.46 Crores",
        "mutual_fund_name": "PPFAS Mutual Fund",
        "page_number": [
            14
        ],
        "scheme_launch_date": " May 11, 2018"
    }
}