{
    "OLD BRIDGE FOCUSED EQUITY FUND": {
        "amc_name": "Old Bridge Asset Management Private Limited",
        "benchmark_index": "BSE 500 TRI",
        "fund_manager": [
            {
                "managing_fund_since": "Inception",
                "name": "Kenneth Andrade",
                "qualification": "",
                "total_exp": "30 Years"
            },
            {
                "managing_fund_since": "Inception",
                "name": "Tarang Agrawal",
                "qualification": "",
                "total_exp": "5 Years"
            }
        ],
        "load": {
            "entry_load": "NA",
            "exit_load": "(i) If redeemedswitched out within 365 days from the date of allotment 1 (ii) If redeemedswitched out after 365 days from the date of allotment  Nil (Data a"
        },
        "main_scheme_name": "OLD BRIDGE FOCUSED EQUITY FUND",
        "metrics": {
            "alpha": null,
            "arithmetic_mean_ratio": null,
            "average_div_yld": null,
            "average_pb": null,
            "average_pe": null,
            "avg_maturity": null,
            "beta": null,
            "correlation_ratio": null,
            "downside_deviation": null,
            "information_ratio": null,
            "macaulay": null,
            "mod_duration": null,
            "port_turnover_ratio": "0.25",
            "r_squared_ratio": null,
            "roe_ratio": null,
            "sharpe": null,
            "sortino_ratio": null,
            "std_dev": null,
            "tracking_error": null,
            "treynor_ratio": null,
            "upside_deviation": null,
            "ytm": null
        },
        "min_addl_amt": "\u20b9 1000",
        "min_addl_amt_multiple": "\u20b9 1",
        "min_amt": "\u20b9 5000",
        "min_amt_multiple": "\u20b9 1",
        "monthly_aaum_date": "31032025",
        "monthly_aaum_value": "\u20b9 1256.40",
        "mutual_fund_name": "Old Bridge Mutual Fund",
        "page_number": [
            5
        ],
        "scheme_launch_date": "13 January 24, 2024"
    }
}