{
    "SBI NIFTY 50 ETF": {
        "amc_name": "SBI Funds Management Limited",
        "benchmark_index": "Nifty 50 TRI Exchange Listed NSE Exchange SymbolScrip Code SETFNIF50 ISIN INF200KA1FS1 Bloomberg Code SBINIFT IN EQUITY Creation Unit Size 50,000 units and in multiples thereof Basket Value (Rs. in Lacs) 124.72 Minimum Investment Directly with the Mutual Fund For Market MakersThe Scheme offers units for subscriptionredemption directly with the Mutual Fund on all business days in creatio unit size to Market Makers at intraday NAV based on the actual execution price of the underlying portfolio. For other investorsOther investors can subscriberedeem the units directly with the Mutual Fund on all business days at intrada NAV based on the actual execution price of the underlying portfolio, provided the executed value of the units is greater than R 25 crores and units are in multiples of creat unit size (Not applicable to Employee Provident Fund Organisation, Recognised Provident Funds, approved Gratuity Funds, approved Superannuation Funds till Octobe 31, 2024). Directly with exchange The units of the Scheme can be purchase  redeem in minimum lot of 1 unit and in multiples there",
        "fund_manager": [
            {
                "managing_fund_since": "July 2015",
                "name": "Raviprakash Sharma",
                "qualification": "",
                "total_exp": "25 Years"
            }
        ],
        "load": {
            "entry_load": null,
            "exit_load": null
        },
        "main_scheme_name": "SBI NIFTY 50 ETF",
        "metrics": {
            "alpha": null,
            "arithmetic_mean_ratio": null,
            "average_div_yld": null,
            "average_pb": null,
            "average_pe": null,
            "avg_maturity": null,
            "beta": "1.00",
            "correlation_ratio": null,
            "downside_deviation": null,
            "information_ratio": null,
            "macaulay": null,
            "mod_duration": null,
            "port_turnover_ratio": "0.16",
            "r_squared_ratio": null,
            "roe_ratio": null,
            "sharpe": "0.36",
            "sortino_ratio": null,
            "std_dev": "13.37",
            "tracking_error": "0.0309",
            "treynor_ratio": null,
            "upside_deviation": null,
            "ytm": null
        },
        "min_addl_amt": "",
        "min_addl_amt_multiple": "",
        "min_amt": "\u20b9 25",
        "min_amt_multiple": "\u20b9 31",
        "monthly_aaum_date": "31-03-2025",
        "monthly_aaum_value": "\u20b9 1,82,250.99 crores",
        "mutual_fund_name": "SBI Mutual Fund",
        "page_number": [
            2
        ],
        "scheme_launch_date": "22072015"
    },
    "SBI NIFTY NEXT 50 ETF": {
        "amc_name": "SBI Funds Management Limited",
        "benchmark_index": "Nifty Next 50 TRI Exchange Listed NSE Exchange SymbolScrip Code SETFNN50 ISIN INF200KA1598 Bloomberg Code SBNIFTY IN EQUITY Creation Unit Size 5,000 units and in multiples thereof Basket Value (Rs. in Lacs) 33.45",
        "fund_manager": [
            {
                "managing_fund_since": "March 2015",
                "name": "Raviprakash Sharma",
                "qualification": "",
                "total_exp": "25 Years"
            }
        ],
        "load": {
            "entry_load": null,
            "exit_load": null
        },
        "main_scheme_name": "SBI NIFTY NEXT 50 ETF",
        "metrics": {
            "alpha": null,
            "arithmetic_mean_ratio": null,
            "average_div_yld": null,
            "average_pb": null,
            "average_pe": null,
            "avg_maturity": null,
            "beta": "1.00",
            "correlation_ratio": null,
            "downside_deviation": null,
            "information_ratio": null,
            "macaulay": null,
            "mod_duration": null,
            "port_turnover_ratio": "0.67",
            "r_squared_ratio": null,
            "roe_ratio": null,
            "sharpe": "0.48",
            "sortino_ratio": null,
            "std_dev": "20.38",
            "tracking_error": "0.0717",
            "treynor_ratio": null,
            "upside_deviation": null,
            "ytm": null
        },
        "min_addl_amt": "",
        "min_addl_amt_multiple": "",
        "min_amt": "",
        "min_amt_multiple": "",
        "monthly_aaum_date": "31-03-2025",
        "monthly_aaum_value": "\u20b9 2,777.26 crores",
        "mutual_fund_name": "SBI Mutual Fund",
        "page_number": [
            3
        ],
        "scheme_launch_date": "18032015"
    },
    "SBI NIFTY 200 QUALITY 30 ETF": {
        "amc_name": "SBI Funds Management Limited",
        "benchmark_index": "Nifty200 Quality 30 TRI Exchange Listed NSE Exchange SymbolScrip Code SBIETFQLTY ISIN INF200KA1WX6 Bloomberg Code SBIETFQ IN EQUITY Creation Unit Size 8,000 units and in multiples thereof Basket Value (Rs. in Lacs) 16.50 Minimum Investment Directly with the Mutual Fund For Market MakersThe Scheme offers units for subscriptionredemption directly with the Mutual Fund on all business days in creatio unit size to Market Makers at intraday NAV based on the actual execution price of the underlying portfolio. For other investorsOther investors can subscriberedeem the units directly with the Mutual Fund on all business days at intrada NAV based on the actual execution price o the underlying portfolio, provided the executed value of the units is greater than  25 crores and units are in multiples of crea unit size (Not applicable to Employee Provident Fund Organisation, Recognised Provident Funds, approved Gratuity Funds approved Superannuation Funds till Februa 28, 2025. Directly with exchange The units of the Scheme can be purchase  redeem in minimum lot of 1 unit and in multiples there",
        "fund_manager": [
            {
                "managing_fund_since": "December 2018",
                "name": "Raviprakash Sharma",
                "qualification": "",
                "total_exp": "24 Years"
            }
        ],
        "load": {
            "entry_load": null,
            "exit_load": null
        },
        "main_scheme_name": "SBI NIFTY 200 QUALITY 30 ETF",
        "metrics": {
            "alpha": null,
            "arithmetic_mean_ratio": null,
            "average_div_yld": null,
            "average_pb": null,
            "average_pe": null,
            "avg_maturity": null,
            "beta": "1.00",
            "correlation_ratio": null,
            "downside_deviation": null,
            "information_ratio": null,
            "macaulay": null,
            "mod_duration": null,
            "port_turnover_ratio": "0.32",
            "r_squared_ratio": null,
            "roe_ratio": null,
            "sharpe": "0.31",
            "sortino_ratio": null,
            "std_dev": "15.38",
            "tracking_error": "0.0675",
            "treynor_ratio": null,
            "upside_deviation": null,
            "ytm": null
        },
        "min_addl_amt": "",
        "min_addl_amt_multiple": "",
        "min_amt": "\u20b9 25",
        "min_amt_multiple": "\u20b9 28",
        "monthly_aaum_date": "31-03-2025",
        "monthly_aaum_value": "\u20b9 117.44 crores",
        "mutual_fund_name": "SBI Mutual Fund",
        "page_number": [
            4
        ],
        "scheme_launch_date": "10122018"
    },
    "SBI NIFTY BANK ETF": {
        "amc_name": "SBI Funds Management Limited",
        "benchmark_index": "Nifty Bank TRI Exchange Listed NSE Exchange SymbolScrip Code SETFNIFBK ISIN INF200KA1580 Bloomberg Code SBIBANK IN EQUITY Creation Unit Size 5,000 units and in multiples thereof Basket Value (Rs. in Lacs) 26.29 Minimum Investment Directly with the Mutual Fund For Market MakersThe Scheme offers units for subscriptionredemption directly with the Mutual Fund on all business days in creatio unit size to Market Makers at intraday NAV based on the actual execution price of the underlying portfolio. For other investors Other investors can subscriberedeem the units directly with the Mutual Fund on all business days at intrada NAV based on the actual execution price of  underlying portfolio, provided the executed value of the units is greater than Rs. 25 cror and units are in multiples of creation unit siz (Not applicable to Employee Provident Fund Organisation, Recognised Provident Funds, approved Gratuity Funds, approved Superannuation Funds till February 28, 202 Directly with exchange The units of the Scheme can be purchase  redeem in minim lot of 1 unit and in multiples thereof.",
        "fund_manager": [
            {
                "managing_fund_since": "March 2015",
                "name": "Raviprakash Sharma",
                "qualification": "",
                "total_exp": "25 Years"
            }
        ],
        "load": {
            "entry_load": null,
            "exit_load": null
        },
        "main_scheme_name": "SBI NIFTY BANK ETF",
        "metrics": {
            "alpha": null,
            "arithmetic_mean_ratio": null,
            "average_div_yld": null,
            "average_pb": null,
            "average_pe": null,
            "avg_maturity": null,
            "beta": null,
            "correlation_ratio": null,
            "downside_deviation": null,
            "information_ratio": null,
            "macaulay": null,
            "mod_duration": null,
            "port_turnover_ratio": "0.35",
            "r_squared_ratio": null,
            "roe_ratio": null,
            "sharpe": null,
            "sortino_ratio": null,
            "std_dev": null,
            "tracking_error": null,
            "treynor_ratio": null,
            "upside_deviation": null,
            "ytm": null
        },
        "min_addl_amt": "",
        "min_addl_amt_multiple": "",
        "min_amt": "\u20b9 25",
        "min_amt_multiple": "\u20b9 28",
        "monthly_aaum_date": "31-03-2025",
        "monthly_aaum_value": "\u20b9 3,998.88 crores",
        "mutual_fund_name": "SBI Mutual Fund",
        "page_number": [
            5
        ],
        "scheme_launch_date": "18032015"
    },
    "SBI NIFTY PRIVATE BANK ETF": {
        "amc_name": "SBI Funds Management Limited",
        "benchmark_index": "Nifty Private Bank TRI Exchange Listed NSE Exchange SymbolScrip Code SBIETFPB ISIN INF200KA1S22 Bloomberg Code SBIPBET IN EQUITY Creation Unit Size 8000 units and in multiples thereof Basket Value (Rs. in Lacs) 20.91 Minimum Investment Directly with the Mutual Fund For Market MakersThe Scheme offers units for subscriptionredemption directly with th Mutual Fund on all business days in creatio unit size to Market Makers at intraday NAV based on the actual execution price of the underlying portfolio. For other investors Other investors can subscriberedeem the units directly with the Mutual Fund on all business days at intrad NAV based on the actual execution price o underlying portfolio, provided the executed value of the units is greater than Rs. 25 cro and units are in multiples of creation unit s (Not applicable to Employee Provident Fun Organisation, Recognised Provident Funds approved Gratuity Funds, approved Superannuation Funds till February 28, 20 Directly with exchange The units of the Scheme can be purchase  redeem in mini lot of 1 unit and in multiples thereof.",
        "fund_manager": [
            {
                "managing_fund_since": "October 2020",
                "name": "Harsh Sethi",
                "qualification": "",
                "total_exp": "23 Years"
            }
        ],
        "load": {
            "entry_load": null,
            "exit_load": null
        },
        "main_scheme_name": "SBI NIFTY PRIVATE BANK ETF",
        "metrics": {
            "alpha": null,
            "arithmetic_mean_ratio": null,
            "average_div_yld": null,
            "average_pb": null,
            "average_pe": null,
            "avg_maturity": null,
            "beta": "0.99",
            "correlation_ratio": null,
            "downside_deviation": null,
            "information_ratio": null,
            "macaulay": null,
            "mod_duration": null,
            "port_turnover_ratio": "0.51",
            "r_squared_ratio": null,
            "roe_ratio": null,
            "sharpe": "0.36",
            "sortino_ratio": null,
            "std_dev": "15.25",
            "tracking_error": "0.0678",
            "treynor_ratio": null,
            "upside_deviation": null,
            "ytm": null
        },
        "min_addl_amt": "",
        "min_addl_amt_multiple": "",
        "min_amt": "\u20b9 25",
        "min_amt_multiple": "\u20b9 28",
        "monthly_aaum_date": "31-03-2025",
        "monthly_aaum_value": "\u20b9 163.83 crores",
        "mutual_fund_name": "SBI Mutual Fund",
        "page_number": [
            6
        ],
        "scheme_launch_date": "19102020"
    },
    "SBI NIFTY IT ETF": {
        "amc_name": "SBI Funds Management Limited",
        "benchmark_index": "Nifty IT TRI Exchange Listed NSE Exchange SymbolScrip Code SBIETFIT ISIN INF200KA1S14 Bloomberg Code SBIITET IN EQUITY Creation Unit Size 4000 units and in multiples thereof Basket Value (Rs. in Lacs) 15.94 Minimum Investment Directly with the Mutual Fund For Market MakersThe Scheme offers units for subscriptionredemption directly with th Mutual Fund on all business days in creatio unit size to Market Makers at intraday NAV based on the actual execution price of the underlying portfolio. For other investorsOther investors can subscriberedeem the units directly with the Mutual Fund on all business days at intrad NAV based on the actual execution price o the underlying portfolio, provided the executed value of the units is greater than  25 crores and units are in multiples of crea unit size (Not applicable to Employee Provident Fund Organisation, Recognised Provident Funds, approved Gratuity Funds approved Superannuation Funds till Febru 28, 2025. Directly with exchange The units of the Scheme can be purchase  redeem in minimum lot of 1 unit and in multiples there",
        "fund_manager": [
            {
                "managing_fund_since": "October 2020",
                "name": "Harsh Sethi",
                "qualification": "",
                "total_exp": "23 Years"
            }
        ],
        "load": {
            "entry_load": null,
            "exit_load": null
        },
        "main_scheme_name": "SBI NIFTY IT ETF",
        "metrics": {
            "alpha": null,
            "arithmetic_mean_ratio": null,
            "average_div_yld": null,
            "average_pb": null,
            "average_pe": null,
            "avg_maturity": null,
            "beta": "1.00",
            "correlation_ratio": null,
            "downside_deviation": null,
            "information_ratio": null,
            "macaulay": null,
            "mod_duration": null,
            "port_turnover_ratio": "0.62",
            "r_squared_ratio": null,
            "roe_ratio": null,
            "sharpe": "0.13",
            "sortino_ratio": null,
            "std_dev": "21.03",
            "tracking_error": "0.0501",
            "treynor_ratio": null,
            "upside_deviation": null,
            "ytm": null
        },
        "min_addl_amt": "",
        "min_addl_amt_multiple": "",
        "min_amt": "\u20b9 25",
        "min_amt_multiple": "\u20b9 28",
        "monthly_aaum_date": "31-03-2025",
        "monthly_aaum_value": "\u20b9 75.61 crores",
        "mutual_fund_name": "SBI Mutual Fund",
        "page_number": [
            7
        ],
        "scheme_launch_date": "19102020"
    },
    "SBI NIFTY CONSUMPTION ETF": {
        "amc_name": "SBI Funds Management Limited",
        "benchmark_index": "Nifty India Consumption TRI Exchange Listed NSE Exchange SymbolScrip Code SBIETFCON ISIN INF200KA1X17 Bloomberg Code SBICSMP IN EQUITY Creation Unit Size 45,000 units and in multiples thereof Basket Value (Rs. in Lacs) 49.46 Minimum Investment Directly with the Mutual Fund For Market MakersThe Scheme offers units for subscriptionredemption directly with th Mutual Fund on all business days in creatio unit size to Market Makers at intraday NAV based on the actual execution price of the underlying portfolio. For other investorsOther investors can subscriberedeem the units directly with the Mutual Fund on all business days at intrad NAV based on the actual execution price o the underlying portfolio, provided the executed value of the units is greater than  25 crores and units are in multiples of crea unit size (Not applicable to Employee Provident Fund Organisation, Recognised Provident Funds, approved Gratuity Funds approved Superannuation Funds till Febru 28, 2025). Directly with exchange The units of the Scheme can be purchase  redeem in minimum lot of 1 unit and in multiples there",
        "fund_manager": [
            {
                "managing_fund_since": "July 2021",
                "name": "Harsh Sethi",
                "qualification": "",
                "total_exp": "23 Years"
            }
        ],
        "load": {
            "entry_load": null,
            "exit_load": null
        },
        "main_scheme_name": "SBI NIFTY CONSUMPTION ETF",
        "metrics": {
            "alpha": null,
            "arithmetic_mean_ratio": null,
            "average_div_yld": null,
            "average_pb": null,
            "average_pe": null,
            "avg_maturity": null,
            "beta": null,
            "correlation_ratio": null,
            "downside_deviation": null,
            "information_ratio": null,
            "macaulay": null,
            "mod_duration": null,
            "port_turnover_ratio": "0.15",
            "r_squared_ratio": null,
            "roe_ratio": null,
            "sharpe": null,
            "sortino_ratio": null,
            "std_dev": null,
            "tracking_error": "0.0230",
            "treynor_ratio": null,
            "upside_deviation": null,
            "ytm": null
        },
        "min_addl_amt": "",
        "min_addl_amt_multiple": "",
        "min_amt": "\u20b9 25",
        "min_amt_multiple": "\u20b9 28",
        "monthly_aaum_date": "31-03-2025",
        "monthly_aaum_value": "\u20b9 19.20 crores",
        "mutual_fund_name": "SBI Mutual Fund",
        "page_number": [
            8
        ],
        "scheme_launch_date": "22072021"
    },
    "SBI NIFTY50 EQUAL WEIGHT ETF": {
        "amc_name": "SBI Funds Management Limited",
        "benchmark_index": "Nifty50 Equal Weight TRI Exchange Listed NSE and BSE Exchange SymbolScrip Code SBINEQWETF ISIN INF200KB1282 Bloomberg Code SBIN50E IN EQUITY Creation Unit Size 50,000 units and in multiples thereof Basket Value (Rs. in Lacs) 14.70 Minimum Investment For Market Makers The Scheme offers un for subscription directly with the Mutual Fund on all business days in creation unit size to Market Makers at intraday NAV based on the actual execution price of the underlying portfolio. For Large investors Investors can subscribe the units directly with the Mutua Fund on all business days at intraday NAV based on the actual execution price of the underlying portfolio, provided, the execute value of the units is greater than Rs. 25 crores and units are in multiples of creatio unit size (Not applicable to Employee Provident Fund Organisation, Recognised Provident Funds, approved Gratuity Funds approved Superannuation Funds till February 28, 2025). On the Exchange  The units of the Scheme can be purchase  minimum lot of 1 unit and in multiples thereof.",
        "fund_manager": [
            {
                "managing_fund_since": "July 2024",
                "name": "Viral Chhadva",
                "qualification": "",
                "total_exp": "19 Years"
            }
        ],
        "load": {
            "entry_load": null,
            "exit_load": null
        },
        "main_scheme_name": "SBI NIFTY50 EQUAL WEIGHT ETF",
        "metrics": {
            "alpha": null,
            "arithmetic_mean_ratio": null,
            "average_div_yld": null,
            "average_pb": null,
            "average_pe": null,
            "avg_maturity": null,
            "beta": null,
            "correlation_ratio": null,
            "downside_deviation": null,
            "information_ratio": null,
            "macaulay": null,
            "mod_duration": null,
            "port_turnover_ratio": "0.33",
            "r_squared_ratio": null,
            "roe_ratio": null,
            "sharpe": null,
            "sortino_ratio": null,
            "std_dev": null,
            "tracking_error": null,
            "treynor_ratio": null,
            "upside_deviation": null,
            "ytm": null
        },
        "min_addl_amt": "",
        "min_addl_amt_multiple": "",
        "min_amt": "\u20b9 25",
        "min_amt_multiple": "\u20b9 28",
        "monthly_aaum_date": "31-03-2025",
        "monthly_aaum_value": "\u20b9 25.03 crores",
        "mutual_fund_name": "SBI Mutual Fund",
        "page_number": [
            9
        ],
        "scheme_launch_date": "22072024"
    },
    "SBI BSE SENSEX ETF": {
        "amc_name": "SBI Funds Management Limited",
        "benchmark_index": "BSE SENSEX TRI Exchange Listed BSE Exchange SymbolScrip Code SBISENSEX535276 ISIN INF200K01VT2 Bloomberg Code SBISENX IN EQUITY Creation Unit Size 4,000 units and in multiples thereof Basket Value (Rs. in Lacs) 34.00 Minimum Investment Directly with the Mutual Fund For Market MakersThe Scheme offers units for subscriptionredemption directly with the Mutual Fund on all business days in creatio unit size to Market Makers at intraday NAV based on the actual execution price of the underlying portfolio. For other investors Other investors can subscriberedeem the units directly with the Mutual Fund on all business days at intrada NAV based on the actual execution price of underlying portfolio, provided the executed value of the units is greater than Rs. 25 cro and units are in multiples of creation unit siz (Not applicable to Employee Provident Fun Organisation, Recognised Provident Funds approved Gratuity Funds, approved Superannuation Funds till February 28, 202 Directly with exchange The units of the Scheme can be purchase  redeem in minim lot of 1 unit and in multiples thereof.",
        "fund_manager": [
            {
                "managing_fund_since": "March 2013",
                "name": "Raviprakash Sharma",
                "qualification": "",
                "total_exp": "25 Years"
            }
        ],
        "load": {
            "entry_load": null,
            "exit_load": null
        },
        "main_scheme_name": "SBI BSE SENSEX ETF",
        "metrics": {
            "alpha": null,
            "arithmetic_mean_ratio": null,
            "average_div_yld": null,
            "average_pb": null,
            "average_pe": null,
            "avg_maturity": null,
            "beta": "1.00",
            "correlation_ratio": null,
            "downside_deviation": null,
            "information_ratio": null,
            "macaulay": null,
            "mod_duration": null,
            "port_turnover_ratio": "0.15",
            "r_squared_ratio": null,
            "roe_ratio": null,
            "sharpe": "0.32",
            "sortino_ratio": null,
            "std_dev": "12.93",
            "tracking_error": "0.0356",
            "treynor_ratio": null,
            "upside_deviation": null,
            "ytm": null
        },
        "min_addl_amt": "",
        "min_addl_amt_multiple": "",
        "min_amt": "\u20b9 25",
        "min_amt_multiple": "\u20b9 28",
        "monthly_aaum_date": "31-03-2025",
        "monthly_aaum_value": "\u20b9 1,05,714.60 crores",
        "mutual_fund_name": "SBI Mutual Fund",
        "page_number": [
            10
        ],
        "scheme_launch_date": "15032013"
    },
    "SBI BSE SENSEX NEXT 50 ETF": {
        "amc_name": "SBI Funds Management Limited",
        "benchmark_index": "BSE SENSEX Next 50 TRI Exchange Listed BSE Exchange SymbolScrip Code SETFSN50541972 ISIN INF200KA1VQ2 Bloomberg Code SBISN50 IN EQUITY Creation Unit Size 5,000 units and in multiples thereof Basket Value (Rs. in Lacs) 41.72 Minimum Investment Directly with the Mutual Fund For Market MakersThe Scheme offers units for subscriptionredemption directly with th Mutual Fund on all business days in creatio unit size to Market Makers at intraday NAV based on the actual execution price of the underlying portfolio. For other investorsOther investors can subscriberedeem the units directly with the Mutual Fund on all business days at intrad NAV based on the actual execution price o the underlying portfolio, provided the executed value of the units is greater than  25 crores and units are in multiples of crea unit size (Not applicable to Employee Provident Fund Organisation, Recognised Provident Funds, approved Gratuity Funds approved Superannuation Funds till Octob 31, 2024). Directly with exchange The units of the Scheme can be purchase  redeem in minimum lot of 1 unit and in multiples there",
        "fund_manager": [
            {
                "managing_fund_since": "October 2018",
                "name": "Raviprakash Sharma",
                "qualification": "",
                "total_exp": "25 Years"
            }
        ],
        "load": {
            "entry_load": null,
            "exit_load": null
        },
        "main_scheme_name": "SBI BSE SENSEX NEXT 50 ETF",
        "metrics": {
            "alpha": null,
            "arithmetic_mean_ratio": null,
            "average_div_yld": null,
            "average_pb": null,
            "average_pe": null,
            "avg_maturity": null,
            "beta": "1.00",
            "correlation_ratio": null,
            "downside_deviation": null,
            "information_ratio": null,
            "macaulay": null,
            "mod_duration": null,
            "port_turnover_ratio": "0.34",
            "r_squared_ratio": null,
            "roe_ratio": null,
            "sharpe": "0.64",
            "sortino_ratio": null,
            "std_dev": "18.80",
            "tracking_error": "0.0506",
            "treynor_ratio": null,
            "upside_deviation": null,
            "ytm": null
        },
        "min_addl_amt": "",
        "min_addl_amt_multiple": "",
        "min_amt": "\u20b9 25",
        "min_amt_multiple": "\u20b9 31",
        "monthly_aaum_date": "31-03-2025",
        "monthly_aaum_value": "\u20b9 21.25 crores",
        "mutual_fund_name": "SBI Mutual Fund",
        "page_number": [
            11
        ],
        "scheme_launch_date": "25092018"
    },
    "SBI BSE 100 ETF": {
        "amc_name": "SBI Funds Management Limited",
        "benchmark_index": "BSE 100 TRI Exchange Listed BSE Exchange SymbolScrip Code SETFBSE100539031 ISIN INF200KA1572 Bloomberg Code SBSE100 IN EQUITY Creation Unit Size 1,00,000 units and in multiples there Basket Value (Rs. in Lacs) 269.21 Minimum Investment Directly with the Mutual Fund For Market MakersThe Scheme offers units for subscriptionredemption directly with the Mutual Fund on all business days in creatio unit size to Market Makers at intraday NAV based on the actual execution price of the underlying portfolio. For other investors Other investors can subscriberedeem the units directly with the Mutual Fund on all business days at intrad NAV based on the actual execution price o underlying portfolio, provided the executed value of the units is greater than Rs. 25 cro and units are in multiples of creation unit s (Not applicable to Employee Provident Fun Organisation, Recognised Provident Funds approved Gratuity Funds, approved Superannuation Funds till February 28, 202 Directly with exchange The units of the Scheme can be purchase  redeem in minimum lot of 1 unit and in multiples there",
        "fund_manager": [
            {
                "managing_fund_since": "March 2015",
                "name": "Raviprakash Sharma",
                "qualification": "",
                "total_exp": "25 Years"
            }
        ],
        "load": {
            "entry_load": null,
            "exit_load": null
        },
        "main_scheme_name": "SBI BSE 100 ETF",
        "metrics": {
            "alpha": null,
            "arithmetic_mean_ratio": null,
            "average_div_yld": null,
            "average_pb": null,
            "average_pe": null,
            "avg_maturity": null,
            "beta": "1.00",
            "correlation_ratio": null,
            "downside_deviation": null,
            "information_ratio": null,
            "macaulay": null,
            "mod_duration": null,
            "port_turnover_ratio": "0.07",
            "r_squared_ratio": null,
            "roe_ratio": null,
            "sharpe": "0.42",
            "sortino_ratio": null,
            "std_dev": "14.01",
            "tracking_error": "0.0267",
            "treynor_ratio": null,
            "upside_deviation": null,
            "ytm": null
        },
        "min_addl_amt": "",
        "min_addl_amt_multiple": "",
        "min_amt": "\u20b9 25",
        "min_amt_multiple": "\u20b9 28",
        "monthly_aaum_date": "31-03-2025",
        "monthly_aaum_value": "\u20b9 8.74 crores",
        "mutual_fund_name": "SBI Mutual Fund",
        "page_number": [
            12
        ],
        "scheme_launch_date": "18032015"
    },
    "SBI BSE PSU BANK ETF": {
        "amc_name": "SBI Funds Management Limited",
        "benchmark_index": "BSE PSU Bank TRI Exchange Listed BSE and NSE Exchange SymbolScrip Code SBIBPB 544385 ISIN INF200KB1712 Bloomberg Code SBPBERG IN EQUITY Creation Unit Size 40,000 units and in multiples thereof Basket Value (Rs. in Lacs) Minimum Investment Directly with the Mutual Fund For Market MakersThe Scheme offers units for subscription directly with the Mutual Fu on all business days in creation unit size to Market Makers at intraday NAV based on t actual execution price of the underlying portfolio. For Large investors  Investors can subscri the units directly with the Mutual Fund on a business days at intraday NAV based on th actual execution price of the underlying portfolio, provided, the executed value of th units is greater than Rs. 25 crores and unit in multiples of creation unit size (Not applic to Employee Provident Fund Organisation, Recognised Provident Funds, approved Gratuity Funds, approved Superannuation Funds till August 31, 2025). Directly with exchange The units of the Scheme can be purchase in minimum lot o unit and in multiples thereof",
        "fund_manager": [
            {
                "managing_fund_since": "March 2025",
                "name": "Viral Chhadva",
                "qualification": "",
                "total_exp": "19 Years"
            }
        ],
        "load": {
            "entry_load": null,
            "exit_load": null
        },
        "main_scheme_name": "SBI BSE PSU BANK ETF",
        "metrics": {
            "alpha": null,
            "arithmetic_mean_ratio": null,
            "average_div_yld": null,
            "average_pb": null,
            "average_pe": null,
            "avg_maturity": null,
            "beta": null,
            "correlation_ratio": null,
            "downside_deviation": null,
            "information_ratio": null,
            "macaulay": null,
            "mod_duration": null,
            "port_turnover_ratio": "0.00",
            "r_squared_ratio": null,
            "roe_ratio": null,
            "sharpe": null,
            "sortino_ratio": null,
            "std_dev": null,
            "tracking_error": null,
            "treynor_ratio": null,
            "upside_deviation": null,
            "ytm": null
        },
        "min_addl_amt": "",
        "min_addl_amt_multiple": "",
        "min_amt": "\u20b9 25",
        "min_amt_multiple": "\u20b9 31",
        "monthly_aaum_date": "31-03-2025",
        "monthly_aaum_value": "\u20b9 33.80 crores",
        "mutual_fund_name": "SBI Mutual Fund",
        "page_number": [
            13
        ],
        "scheme_launch_date": "25032025"
    },
    "SBI NIFTY 10 YR BENCHMARK G-SEC ETF": {
        "amc_name": "SBI Funds Management Limited",
        "benchmark_index": "NIFTY 10Yr Benchmark GSec Inde Exchange Listed NSE Exchange SymbolScrip Code SETF10GILT ISIN INF200KA1JT1 Bloomberg Code SBIGILT IS Creation Unit Size 5,000 units Basket Value (Rs. in Lacs) 12.53 Minimum Investment Directly with the Mutual Fund For Market MakersThe Scheme offers units for subscriptionredemption directly with the Mutual Fund on all business days in creatio unit size to Market Makers at intraday NAV based on the actual execution price of the underlying portfolio. For other investorsOther investors can subscriberedeem the units directly with the Mutual Fund on all business days at intrada NAV based on the actual execution price of the underlying portfolio, provided the executed value of the units is greater than R 25 crores and units are in multiples of creat unit size (Not applicable to Employee Provident Fund Organisation, Recognised Provident Funds, approved Gratuity Funds, approved Superannuation Funds till Februa 28, 2025). Directly with exchange The units of the Scheme can be purchase  redeem in minimum lot of 1 unit and in multiples there",
        "fund_manager": [
            {
                "managing_fund_since": "December 2023",
                "name": "Tejas Soman",
                "qualification": "",
                "total_exp": "12 Years"
            },
            {
                "managing_fund_since": "December 2023",
                "name": "Ardhendhu Bhattacharya",
                "qualification": "",
                "total_exp": "15 Years"
            }
        ],
        "load": {
            "entry_load": null,
            "exit_load": null
        },
        "main_scheme_name": "SBI NIFTY 10 YR BENCHMARK G-SEC ETF",
        "metrics": {
            "alpha": null,
            "arithmetic_mean_ratio": null,
            "average_div_yld": null,
            "average_pb": null,
            "average_pe": null,
            "avg_maturity": null,
            "beta": "1.00",
            "correlation_ratio": null,
            "downside_deviation": null,
            "information_ratio": null,
            "macaulay": null,
            "mod_duration": null,
            "port_turnover_ratio": "2.01",
            "r_squared_ratio": null,
            "roe_ratio": null,
            "sharpe": "0.07",
            "sortino_ratio": null,
            "std_dev": "3.03",
            "tracking_error": "0.0361",
            "treynor_ratio": null,
            "upside_deviation": null,
            "ytm": null
        },
        "min_addl_amt": "",
        "min_addl_amt_multiple": "",
        "min_amt": "\u20b9 25",
        "min_amt_multiple": "\u20b9 28",
        "monthly_aaum_date": "31-03-2025",
        "monthly_aaum_value": "\u20b9 3,136.29 crores",
        "mutual_fund_name": "SBI Mutual Fund",
        "page_number": [
            25
        ],
        "scheme_launch_date": "09062016"
    },
    "SBI NIFTY 1D RATE ETF": {
        "amc_name": "SBI Funds Management Limited",
        "benchmark_index": "NIFTY 1D Rate Index Exchange Listed NSE, BSE Exchange SymbolScrip Code NSE LIQUIDSBI, BSE LIQUIDSBI ISIN INF200KA13Z8 Bloomberg Code SBNIF1D Creation Unit Size 500 units and in multiples thereafter. Basket Value (Rs. in Lacs) 50.13 Minimum Investment Directly with the Mutual Fund For Market MakersThe Scheme offers units fo Additional Investment redemption directly with the Mutual Fund on al business days in creation unit size to Market M at intraday NAV based on the actual execution of the underlying portfolio. For Large investorsInvestors can redeem the u directly with the Mutual Fund on all business d intraday NAV based on the actual execution pr the underlying portfolio, provided, the executed value of the units is greater than Rs. 25 crores units are in multiples of creation unit size (Not applicable to Employee Provident Fund Organisation, Recognised Provident Funds approved Gratuity Funds, approved Superannu Funds till February 28, 2025). On the Exchange  The units of the Scheme can be redeemed in minimum lot of 1 unit and in multiples thereof.",
        "fund_manager": [
            {
                "managing_fund_since": "October 2023",
                "name": "Tejas Soman",
                "qualification": "",
                "total_exp": "12 Years"
            }
        ],
        "load": {
            "entry_load": null,
            "exit_load": null
        },
        "main_scheme_name": "SBI NIFTY 1D RATE ETF",
        "metrics": {
            "alpha": null,
            "arithmetic_mean_ratio": null,
            "average_div_yld": null,
            "average_pb": null,
            "average_pe": null,
            "avg_maturity": null,
            "beta": null,
            "correlation_ratio": null,
            "downside_deviation": null,
            "information_ratio": null,
            "macaulay": null,
            "mod_duration": null,
            "port_turnover_ratio": null,
            "r_squared_ratio": null,
            "roe_ratio": null,
            "sharpe": null,
            "sortino_ratio": null,
            "std_dev": null,
            "tracking_error": null,
            "treynor_ratio": null,
            "upside_deviation": null,
            "ytm": null
        },
        "min_addl_amt": "",
        "min_addl_amt_multiple": "",
        "min_amt": "",
        "min_amt_multiple": "",
        "monthly_aaum_date": "31-03-2025",
        "monthly_aaum_value": "\u20b9 28.74 crores",
        "mutual_fund_name": "SBI Mutual Fund",
        "page_number": [
            26
        ],
        "scheme_launch_date": "27102023"
    },
    "S35 GOLD ETF": {
        "amc_name": "SBI Funds Management Limited",
        "benchmark_index": "Price of Gold Exchange Listed NSE Exchange SymbolScrip Code SETFGOLD ISIN INF200K01099 Bloomberg Code SETFGOLD IN EQUITY Creation Unit Size 1,15,000 units Basket Value (Rs. in Lacs) 89.83 Minimum Investment Directly with the Mutual Fund For Market MakersThe Scheme offers units for subscriptionredemption directly with the Mutual Fund on all business days in creatio unit size to Market Makers at intraday NAV based on the actual execution price of the underlying portfolio. For other investorsOther investors can subscriberedeem the units directly with the Mutual Fund on all business days at intrada NAV based on the actual execution price of the underlying portfolio, provided the executed value of the units is greater than R 25 crores and units are in multiples of creat unit size (Not applicable to Employee Provident Fund Organisation, Recognised Provident Funds, approved Gratuity Funds, approved Superannuation Funds till Februa 28, 2025). Directly with exchange The units of the Scheme can be purchase  redeem in minimum lot of 1 unit and in multiples thereo",
        "fund_manager": [
            {
                "managing_fund_since": "January 2024",
                "name": "Vandna Soni",
                "qualification": "",
                "total_exp": "12 Years"
            }
        ],
        "load": {
            "entry_load": null,
            "exit_load": null
        },
        "main_scheme_name": "S35 GOLD ETF",
        "metrics": {
            "alpha": null,
            "arithmetic_mean_ratio": null,
            "average_div_yld": null,
            "average_pb": null,
            "average_pe": null,
            "avg_maturity": null,
            "beta": "0.98",
            "correlation_ratio": null,
            "downside_deviation": null,
            "information_ratio": null,
            "macaulay": null,
            "mod_duration": null,
            "port_turnover_ratio": "0.03",
            "r_squared_ratio": null,
            "roe_ratio": null,
            "sharpe": "0.90",
            "sortino_ratio": null,
            "std_dev": "12.30",
            "tracking_error": "0.1984",
            "treynor_ratio": null,
            "upside_deviation": null,
            "ytm": null
        },
        "min_addl_amt": "",
        "min_addl_amt_multiple": "",
        "min_amt": "\u20b9 25",
        "min_amt_multiple": "\u20b9 28",
        "monthly_aaum_date": "31-03-2025",
        "monthly_aaum_value": "\u20b9 7,335.08 crores",
        "mutual_fund_name": "SBI Mutual Fund",
        "page_number": [
            32
        ],
        "scheme_launch_date": "18052009"
    },
    "SBI SILVER ETF": {
        "amc_name": "SBI Funds Management Limited",
        "benchmark_index": "Domestic price of silver",
        "fund_manager": [
            {
                "managing_fund_since": "July 2024",
                "name": "Harsh Sethi",
                "qualification": "",
                "total_exp": "23 Years"
            }
        ],
        "load": {
            "entry_load": "For exit on or before 15 days from the date of allotment 1,  For",
            "exit_load": "after 15 days from the date of allotment Nil"
        },
        "main_scheme_name": "SBI SILVER ETF",
        "metrics": {
            "alpha": null,
            "arithmetic_mean_ratio": null,
            "average_div_yld": null,
            "average_pb": null,
            "average_pe": null,
            "avg_maturity": null,
            "beta": null,
            "correlation_ratio": null,
            "downside_deviation": null,
            "information_ratio": null,
            "macaulay": null,
            "mod_duration": null,
            "port_turnover_ratio": "0.14",
            "r_squared_ratio": null,
            "roe_ratio": null,
            "sharpe": null,
            "sortino_ratio": null,
            "std_dev": null,
            "tracking_error": null,
            "treynor_ratio": null,
            "upside_deviation": null,
            "ytm": null
        },
        "min_addl_amt": "",
        "min_addl_amt_multiple": "",
        "min_amt": "\u20b9 5,000",
        "min_amt_multiple": "\u20b9 1",
        "monthly_aaum_date": "31-03-2025",
        "monthly_aaum_value": "\u20b9 309.10 crores",
        "mutual_fund_name": "SBI Mutual Fund",
        "page_number": [
            33,
            34
        ],
        "scheme_launch_date": "11072024"
    }
}