{
    "Sundaram Large Cap Fund": {
        "amc_name": "Sundaram Asset Management Company Limited",
        "benchmark_index": "Nifty 100 TRI ",
        "fund_manager": [
            {
                "managing_fund_since": "",
                "name": "Ashwin Jain",
                "qualification": "",
                "total_exp": ""
            },
            {
                "managing_fund_since": "",
                "name": "Bharath S",
                "qualification": "",
                "total_exp": ""
            }
        ],
        "load": {
            "entry_load": "",
            "exit_load": "Upto 25, within 365 days from the date of allotment Nil. More than 25 within 365 days from the date of allotment 1. 365 days Nil"
        },
        "main_scheme_name": "Sundaram Large Cap Fund",
        "metrics": {
            "alpha": null,
            "arithmetic_mean_ratio": null,
            "average_div_yld": null,
            "average_pb": null,
            "average_pe": null,
            "avg_maturity": null,
            "beta": "0.9",
            "correlation_ratio": null,
            "downside_deviation": null,
            "information_ratio": "-0.4",
            "macaulay": null,
            "mod_duration": null,
            "port_turnover_ratio": "34.3",
            "r_squared_ratio": null,
            "roe_ratio": null,
            "sharpe": "0.4",
            "sortino_ratio": null,
            "std_dev": "12.9",
            "tracking_error": null,
            "treynor_ratio": null,
            "upside_deviation": null,
            "ytm": null
        },
        "min_addl_amt": "",
        "min_addl_amt_multiple": "",
        "min_amt": "\u20b9 100",
        "min_amt_multiple": "\u20b9 1",
        "monthly_aaum_date": "31-03-2025",
        "monthly_aaum_value": "INR 3,207 Cr.",
        "mutual_fund_name": "Sundaram Mutual Fund",
        "page_number": [
            7
        ],
        "scheme_launch_date": "Jul 30, 2002"
    },
    "Sundaram Mid Cap Fund": {
        "amc_name": "Sundaram Asset Management Company Limited",
        "benchmark_index": "Nifty MidCap 150 TRI ",
        "fund_manager": [
            {
                "managing_fund_since": "",
                "name": "S Bharath",
                "qualification": "",
                "total_exp": ""
            },
            {
                "managing_fund_since": "",
                "name": "Ratish B Varier",
                "qualification": "",
                "total_exp": ""
            }
        ],
        "load": {
            "entry_load": "",
            "exit_load": "Upto 25, within 365 days from the date of allotment Nil. More than 25 within 365 days from the date of allotment 1. 365 days Nil"
        },
        "main_scheme_name": "Sundaram Mid Cap Fund",
        "metrics": {
            "alpha": null,
            "arithmetic_mean_ratio": null,
            "average_div_yld": null,
            "average_pb": null,
            "average_pe": null,
            "avg_maturity": null,
            "beta": "1.0",
            "correlation_ratio": null,
            "downside_deviation": null,
            "information_ratio": "0.2",
            "macaulay": null,
            "mod_duration": null,
            "port_turnover_ratio": "39.8",
            "r_squared_ratio": null,
            "roe_ratio": null,
            "sharpe": "0.9",
            "sortino_ratio": null,
            "std_dev": "16.9",
            "tracking_error": null,
            "treynor_ratio": null,
            "upside_deviation": null,
            "ytm": null
        },
        "min_addl_amt": "",
        "min_addl_amt_multiple": "",
        "min_amt": "\u20b9 100",
        "min_amt_multiple": "\u20b9 1",
        "monthly_aaum_date": "31-03-2025",
        "monthly_aaum_value": "INR 10,917 Cr.",
        "mutual_fund_name": "Sundaram Mutual Fund",
        "page_number": [
            8
        ],
        "scheme_launch_date": "Jul 30, 2002"
    },
    "Sundaram Small Cap Fund": {
        "amc_name": "Sundaram Asset Management Company Limited",
        "benchmark_index": "Nifty Small Cap 250 TRI ",
        "fund_manager": [
            {
                "managing_fund_since": "",
                "name": "Rohit Seksaria",
                "qualification": "",
                "total_exp": ""
            }
        ],
        "load": {
            "entry_load": "",
            "exit_load": "Upto 25, within 365 days from the date of allotment Nil. More than 25 within 365 days from the date of allotment 1. 365 days Nil"
        },
        "main_scheme_name": "Sundaram Small Cap Fund",
        "metrics": {
            "alpha": null,
            "arithmetic_mean_ratio": null,
            "average_div_yld": null,
            "average_pb": null,
            "average_pe": null,
            "avg_maturity": null,
            "beta": "0.8",
            "correlation_ratio": null,
            "downside_deviation": null,
            "information_ratio": "-0.4",
            "macaulay": null,
            "mod_duration": null,
            "port_turnover_ratio": "66.1",
            "r_squared_ratio": null,
            "roe_ratio": null,
            "sharpe": "0.5",
            "sortino_ratio": null,
            "std_dev": "16.4",
            "tracking_error": null,
            "treynor_ratio": null,
            "upside_deviation": null,
            "ytm": null
        },
        "min_addl_amt": "",
        "min_addl_amt_multiple": "",
        "min_amt": "\u20b9 100",
        "min_amt_multiple": "\u20b9 1",
        "monthly_aaum_date": "31-03-2025",
        "monthly_aaum_value": "INR 2,874 Cr.",
        "mutual_fund_name": "Sundaram Mutual Fund",
        "page_number": [
            10
        ],
        "scheme_launch_date": "Feb 15, 2005"
    },
    "Sundaram Large and Mid Cap Fund": {
        "amc_name": "Sundaram Asset Management Company Limited",
        "benchmark_index": "Nifty Large Mid Cap 250 TRI ",
        "fund_manager": [
            {
                "managing_fund_since": "",
                "name": "Bharath S",
                "qualification": "",
                "total_exp": ""
            },
            {
                "managing_fund_since": "",
                "name": "Ashish Aggarwal",
                "qualification": "",
                "total_exp": ""
            }
        ],
        "load": {
            "entry_load": "",
            "exit_load": "Upto 25, within 365 days from the date of allotment Nil. More than 25 within 365 days from the date of allotment 1. 365 days Nil"
        },
        "main_scheme_name": "Sundaram Large and Mid Cap Fund",
        "metrics": {
            "alpha": null,
            "arithmetic_mean_ratio": null,
            "average_div_yld": null,
            "average_pb": null,
            "average_pe": null,
            "avg_maturity": null,
            "beta": "1.0",
            "correlation_ratio": null,
            "downside_deviation": null,
            "information_ratio": "-1.0",
            "macaulay": null,
            "mod_duration": null,
            "port_turnover_ratio": "35.0",
            "r_squared_ratio": null,
            "roe_ratio": null,
            "sharpe": "0.4",
            "sortino_ratio": null,
            "std_dev": "15.5",
            "tracking_error": null,
            "treynor_ratio": null,
            "upside_deviation": null,
            "ytm": null
        },
        "min_addl_amt": "",
        "min_addl_amt_multiple": "",
        "min_amt": "\u20b9 100",
        "min_amt_multiple": "\u20b9 1",
        "monthly_aaum_date": "31-03-2025",
        "monthly_aaum_value": "INR 6,145 Cr.",
        "mutual_fund_name": "Sundaram Mutual Fund",
        "page_number": [
            12
        ],
        "scheme_launch_date": "Feb 27, 2007"
    },
    "Sundaram Multi Cap Fund": {
        "amc_name": "Sundaram Asset Management Company Limited",
        "benchmark_index": "Nifty 500 Multicap 502525 TRI ",
        "fund_manager": [
            {
                "managing_fund_since": "",
                "name": "Sudhir Kedia",
                "qualification": "",
                "total_exp": ""
            },
            {
                "managing_fund_since": "",
                "name": "Ratish B Varier",
                "qualification": "",
                "total_exp": ""
            }
        ],
        "load": {
            "entry_load": "",
            "exit_load": "Upto 25, within 365 days from the date of allotment Nil. More than 25 within 365 days from the date of allotment 1. 365 days Nil"
        },
        "main_scheme_name": "Sundaram Multi Cap Fund",
        "metrics": {
            "alpha": null,
            "arithmetic_mean_ratio": null,
            "average_div_yld": null,
            "average_pb": null,
            "average_pe": null,
            "avg_maturity": null,
            "beta": "0.9",
            "correlation_ratio": null,
            "downside_deviation": null,
            "information_ratio": "-0.7",
            "macaulay": null,
            "mod_duration": null,
            "port_turnover_ratio": "60.2",
            "r_squared_ratio": null,
            "roe_ratio": null,
            "sharpe": "0.5",
            "sortino_ratio": null,
            "std_dev": "14.9",
            "tracking_error": null,
            "treynor_ratio": null,
            "upside_deviation": null,
            "ytm": null
        },
        "min_addl_amt": "",
        "min_addl_amt_multiple": "",
        "min_amt": "\u20b9 100",
        "min_amt_multiple": "\u20b9 1",
        "monthly_aaum_date": "31-03-2025",
        "monthly_aaum_value": "INR 2,526 Cr.",
        "mutual_fund_name": "Sundaram Mutual Fund",
        "page_number": [
            14
        ],
        "scheme_launch_date": "Oct 25, 2000"
    },
    "Sundaram Flexi Cap Fund": {
        "amc_name": "Sundaram Asset Management Company Limited",
        "benchmark_index": "Nifty 500 TRI ",
        "fund_manager": [
            {
                "managing_fund_since": "",
                "name": "Sudhir Kedia",
                "qualification": "",
                "total_exp": ""
            },
            {
                "managing_fund_since": "",
                "name": "Bharath S",
                "qualification": "",
                "total_exp": ""
            },
            {
                "managing_fund_since": "",
                "name": "Dwijendra Srivastava",
                "qualification": "",
                "total_exp": ""
            },
            {
                "managing_fund_since": "",
                "name": "Pathanjali Srinivasan",
                "qualification": "",
                "total_exp": ""
            },
            {
                "managing_fund_since": "",
                "name": "Overseas Equities",
                "qualification": "",
                "total_exp": ""
            }
        ],
        "load": {
            "entry_load": "",
            "exit_load": "Upto 25, within 365 days from the date of allotment Nil. More than 25 within 365 days from the date of allotment 1. 365 days Nil"
        },
        "main_scheme_name": "Sundaram Flexi Cap Fund",
        "metrics": {
            "alpha": null,
            "arithmetic_mean_ratio": null,
            "average_div_yld": null,
            "average_pb": null,
            "average_pe": null,
            "avg_maturity": null,
            "beta": null,
            "correlation_ratio": null,
            "downside_deviation": null,
            "information_ratio": null,
            "macaulay": null,
            "mod_duration": null,
            "port_turnover_ratio": "29.7",
            "r_squared_ratio": null,
            "roe_ratio": null,
            "sharpe": null,
            "sortino_ratio": null,
            "std_dev": null,
            "tracking_error": null,
            "treynor_ratio": null,
            "upside_deviation": null,
            "ytm": null
        },
        "min_addl_amt": "",
        "min_addl_amt_multiple": "",
        "min_amt": "\u20b9 100",
        "min_amt_multiple": "\u20b9 1",
        "monthly_aaum_date": "31-03-2025",
        "monthly_aaum_value": "INR 1,901 Cr.",
        "mutual_fund_name": "Sundaram Mutual Fund",
        "page_number": [
            16
        ],
        "scheme_launch_date": "Sep 6, 2022"
    },
    "Sundaram Focused Fund": {
        "amc_name": "Sundaram Asset Management Company Limited",
        "benchmark_index": "Nifty 500 TRI ",
        "fund_manager": [
            {
                "managing_fund_since": "",
                "name": "Bharath S",
                "qualification": "",
                "total_exp": ""
            },
            {
                "managing_fund_since": "",
                "name": "Ashwin Jain",
                "qualification": "",
                "total_exp": ""
            }
        ],
        "load": {
            "entry_load": "",
            "exit_load": "0.25 within 7 days from the date of allotment 7 days Nil"
        },
        "main_scheme_name": "Sundaram Focused Fund",
        "metrics": {
            "alpha": null,
            "arithmetic_mean_ratio": null,
            "average_div_yld": null,
            "average_pb": null,
            "average_pe": null,
            "avg_maturity": null,
            "beta": "0.9",
            "correlation_ratio": null,
            "downside_deviation": null,
            "information_ratio": "-0.6",
            "macaulay": null,
            "mod_duration": null,
            "port_turnover_ratio": "69.1",
            "r_squared_ratio": null,
            "roe_ratio": null,
            "sharpe": "0.3",
            "sortino_ratio": null,
            "std_dev": "13.9",
            "tracking_error": null,
            "treynor_ratio": null,
            "upside_deviation": null,
            "ytm": null
        },
        "min_addl_amt": "",
        "min_addl_amt_multiple": "",
        "min_amt": "\u20b9 300",
        "min_amt_multiple": "\u20b9 1",
        "monthly_aaum_date": "31-03-2025",
        "monthly_aaum_value": "INR 1,022 Cr.",
        "mutual_fund_name": "Sundaram Mutual Fund",
        "page_number": [
            17
        ],
        "scheme_launch_date": "Nov 11, 2005"
    },
    "Sundaram ELSS Tax Saver Fund": {
        "amc_name": "Sundaram Asset Management Company Limited",
        "benchmark_index": "Nifty 500 TRI ",
        "fund_manager": [
            {
                "managing_fund_since": "",
                "name": "Sudhir Kedia",
                "qualification": "",
                "total_exp": ""
            },
            {
                "managing_fund_since": "",
                "name": "Rohit Seksaria",
                "qualification": "",
                "total_exp": ""
            }
        ],
        "load": {
            "entry_load": "",
            "exit_load": "Nil (lock in period 36 months)"
        },
        "main_scheme_name": "Sundaram ELSS Tax Saver Fund",
        "metrics": {
            "alpha": null,
            "arithmetic_mean_ratio": null,
            "average_div_yld": null,
            "average_pb": null,
            "average_pe": null,
            "avg_maturity": null,
            "beta": "0.9",
            "correlation_ratio": null,
            "downside_deviation": null,
            "information_ratio": "-0.3",
            "macaulay": null,
            "mod_duration": null,
            "port_turnover_ratio": "33.7",
            "r_squared_ratio": null,
            "roe_ratio": null,
            "sharpe": "0.5",
            "sortino_ratio": null,
            "std_dev": "13.1",
            "tracking_error": null,
            "treynor_ratio": null,
            "upside_deviation": null,
            "ytm": null
        },
        "min_addl_amt": "",
        "min_addl_amt_multiple": "",
        "min_amt": "\u20b9 500",
        "min_amt_multiple": "\u20b9 1",
        "monthly_aaum_date": "31-03-2025",
        "monthly_aaum_value": "INR 1,252 Cr.",
        "mutual_fund_name": "Sundaram Mutual Fund",
        "page_number": [
            18
        ],
        "scheme_launch_date": "Mar 31, 1996"
    },
    "Sundaram Dividend Yield Fund": {
        "amc_name": "Sundaram Asset Management Company Limited",
        "benchmark_index": "Nifty 500 TRI ",
        "fund_manager": [
            {
                "managing_fund_since": "",
                "name": "Ratish B Varier",
                "qualification": "",
                "total_exp": ""
            },
            {
                "managing_fund_since": "",
                "name": "Ashish Aggarwal",
                "qualification": "",
                "total_exp": ""
            }
        ],
        "load": {
            "entry_load": "",
            "exit_load": "Upto 24, within 365 days from the date of allotment Nil. More than 24 within 365 days from the date of allotment 1. 365 days Nil"
        },
        "main_scheme_name": "Sundaram Dividend Yield Fund",
        "metrics": {
            "alpha": null,
            "arithmetic_mean_ratio": null,
            "average_div_yld": null,
            "average_pb": null,
            "average_pe": null,
            "avg_maturity": null,
            "beta": "0.9",
            "correlation_ratio": null,
            "downside_deviation": null,
            "information_ratio": "0.3",
            "macaulay": null,
            "mod_duration": null,
            "port_turnover_ratio": "55.4",
            "r_squared_ratio": null,
            "roe_ratio": null,
            "sharpe": "0.6",
            "sortino_ratio": null,
            "std_dev": "13.9",
            "tracking_error": null,
            "treynor_ratio": null,
            "upside_deviation": null,
            "ytm": null
        },
        "min_addl_amt": "",
        "min_addl_amt_multiple": "",
        "min_amt": "\u20b9 5000",
        "min_amt_multiple": "\u20b9 1",
        "monthly_aaum_date": "31-03-2025",
        "monthly_aaum_value": "INR 837 Cr.",
        "mutual_fund_name": "Sundaram Mutual Fund",
        "page_number": [
            20
        ],
        "scheme_launch_date": "Oct 15, 2004"
    },
    "Sundaram Consumption Fund": {
        "amc_name": "Sundaram Asset Management Company Limited",
        "benchmark_index": "Nifty India Consumption TRI ",
        "fund_manager": [
            {
                "managing_fund_since": "",
                "name": "Ratish B Varier",
                "qualification": "",
                "total_exp": ""
            }
        ],
        "load": {
            "entry_load": "",
            "exit_load": "0.5 - For redemption, withdrawn by way of SWP or transfer by way of SwitchSTP within 30 days from the date of allotment. NIL - For redemption or withdrawn by way of SWP or transfer by way of SwitchSTP after 30 days from the date of allotment"
        },
        "main_scheme_name": "Sundaram Consumption Fund",
        "metrics": {
            "alpha": null,
            "arithmetic_mean_ratio": null,
            "average_div_yld": null,
            "average_pb": null,
            "average_pe": null,
            "avg_maturity": null,
            "beta": "0.9",
            "correlation_ratio": null,
            "downside_deviation": null,
            "information_ratio": "-0.1",
            "macaulay": null,
            "mod_duration": null,
            "port_turnover_ratio": "25.5",
            "r_squared_ratio": null,
            "roe_ratio": null,
            "sharpe": "0.7",
            "sortino_ratio": null,
            "std_dev": "15.2",
            "tracking_error": null,
            "treynor_ratio": null,
            "upside_deviation": null,
            "ytm": null
        },
        "min_addl_amt": "",
        "min_addl_amt_multiple": "",
        "min_amt": "\u20b9 100",
        "min_amt_multiple": "\u20b9 1",
        "monthly_aaum_date": "31-03-2025",
        "monthly_aaum_value": "INR 1,423 Cr.",
        "mutual_fund_name": "Sundaram Mutual Fund",
        "page_number": [
            21
        ],
        "scheme_launch_date": "May 12, 2006"
    },
    "Sundaram Services Fund": {
        "amc_name": "Sundaram Asset Management Company Limited",
        "benchmark_index": "Nifty Services Sector TRI ",
        "fund_manager": [
            {
                "managing_fund_since": "",
                "name": "Rohit Seksaria",
                "qualification": "",
                "total_exp": ""
            },
            {
                "managing_fund_since": "",
                "name": "Bharath S",
                "qualification": "",
                "total_exp": ""
            },
            {
                "managing_fund_since": "",
                "name": "Pathanjali Srinivasan",
                "qualification": "",
                "total_exp": ""
            },
            {
                "managing_fund_since": "",
                "name": "Overseas Equities",
                "qualification": "",
                "total_exp": ""
            }
        ],
        "load": {
            "entry_load": "",
            "exit_load": "Upto 25, within 365 days from the date of allotment Nil. More than 25 within 365 days from the date of allotment 1. 365 days Nil"
        },
        "main_scheme_name": "Sundaram Services Fund",
        "metrics": {
            "alpha": null,
            "arithmetic_mean_ratio": null,
            "average_div_yld": null,
            "average_pb": null,
            "average_pe": null,
            "avg_maturity": null,
            "beta": "0.9",
            "correlation_ratio": null,
            "downside_deviation": null,
            "information_ratio": "0.8",
            "macaulay": null,
            "mod_duration": null,
            "port_turnover_ratio": "81.0",
            "r_squared_ratio": null,
            "roe_ratio": null,
            "sharpe": "0.6",
            "sortino_ratio": null,
            "std_dev": "13.6",
            "tracking_error": null,
            "treynor_ratio": null,
            "upside_deviation": null,
            "ytm": null
        },
        "min_addl_amt": "",
        "min_addl_amt_multiple": "",
        "min_amt": "\u20b9 100",
        "min_amt_multiple": "\u20b9 1",
        "monthly_aaum_date": "31-03-2025",
        "monthly_aaum_value": "INR 3,645 Cr.",
        "mutual_fund_name": "Sundaram Mutual Fund",
        "page_number": [
            22
        ],
        "scheme_launch_date": "Sep 21, 2018"
    },
    "Sundaram Infrastructure Advantage Fund": {
        "amc_name": "Sundaram Asset Management Company Limited",
        "benchmark_index": "Nifty Infrastructure TRI ",
        "fund_manager": [
            {
                "managing_fund_since": "",
                "name": "Ashish Aggarwal",
                "qualification": "",
                "total_exp": ""
            },
            {
                "managing_fund_since": "",
                "name": "Ratish B Varier",
                "qualification": "",
                "total_exp": ""
            }
        ],
        "load": {
            "entry_load": "",
            "exit_load": "0.5 - For redemption, withdrawn by way of SWP or transfer by way of SwitchSTP within 30 days from the date of allotment. NIL - For redemption or withdrawn by way of SWP or transfer by way of SwitchSTP after 30 days from the date of allotment"
        },
        "main_scheme_name": "Sundaram Infrastructure Advantage Fund",
        "metrics": {
            "alpha": null,
            "arithmetic_mean_ratio": null,
            "average_div_yld": null,
            "average_pb": null,
            "average_pe": null,
            "avg_maturity": null,
            "beta": "0.9",
            "correlation_ratio": null,
            "downside_deviation": null,
            "information_ratio": "-0.0",
            "macaulay": null,
            "mod_duration": null,
            "port_turnover_ratio": "37.1",
            "r_squared_ratio": null,
            "roe_ratio": null,
            "sharpe": "0.8",
            "sortino_ratio": null,
            "std_dev": "16.9",
            "tracking_error": null,
            "treynor_ratio": null,
            "upside_deviation": null,
            "ytm": null
        },
        "min_addl_amt": "",
        "min_addl_amt_multiple": "",
        "min_amt": "\u20b9 100",
        "min_amt_multiple": "\u20b9 1",
        "monthly_aaum_date": "31-03-2025",
        "monthly_aaum_value": "INR 850 Cr.",
        "mutual_fund_name": "Sundaram Mutual Fund",
        "page_number": [
            23
        ],
        "scheme_launch_date": "Sep 29, 2005"
    },
    "Sundaram Financial Services Opportunities Fund": {
        "amc_name": "Sundaram Asset Management Company Limited",
        "benchmark_index": "Nifty Financial Services Index TR ",
        "fund_manager": [
            {
                "managing_fund_since": "",
                "name": "Rohit Seksaria",
                "qualification": "",
                "total_exp": ""
            },
            {
                "managing_fund_since": "",
                "name": "Ashish Aggarwal",
                "qualification": "",
                "total_exp": ""
            }
        ],
        "load": {
            "entry_load": "",
            "exit_load": "0.5 - For redemption, withdrawn by way of SWP or transfer by way of SwitchSTP within 30 days from the date of allotment. NIL - For redemption or withdrawn by way of SWP or transfer by way of SwitchSTP after 30 days from the date of allotment"
        },
        "main_scheme_name": "Sundaram Financial Services Opportunities Fund",
        "metrics": {
            "alpha": null,
            "arithmetic_mean_ratio": null,
            "average_div_yld": null,
            "average_pb": null,
            "average_pe": null,
            "avg_maturity": null,
            "beta": "0.9",
            "correlation_ratio": null,
            "downside_deviation": null,
            "information_ratio": "0.6",
            "macaulay": null,
            "mod_duration": null,
            "port_turnover_ratio": "74.4",
            "r_squared_ratio": null,
            "roe_ratio": null,
            "sharpe": "0.8",
            "sortino_ratio": null,
            "std_dev": "14.6",
            "tracking_error": null,
            "treynor_ratio": null,
            "upside_deviation": null,
            "ytm": null
        },
        "min_addl_amt": "",
        "min_addl_amt_multiple": "",
        "min_amt": "\u20b9 100",
        "min_amt_multiple": "\u20b9 1",
        "monthly_aaum_date": "31-03-2025",
        "monthly_aaum_value": "INR 1,366 Cr.",
        "mutual_fund_name": "Sundaram Mutual Fund",
        "page_number": [
            24
        ],
        "scheme_launch_date": "Jun 16, 2008"
    },
    "Sundaram Business Cycle Fund": {
        "amc_name": "Sundaram Asset Management Company Limited",
        "benchmark_index": "NIFTY 500 TRI ",
        "fund_manager": [
            {
                "managing_fund_since": "",
                "name": "Ratish B Varier  Mr",
                "qualification": "",
                "total_exp": ""
            },
            {
                "managing_fund_since": "",
                "name": "Bharath S",
                "qualification": "",
                "total_exp": ""
            },
            {
                "managing_fund_since": "",
                "name": "Equity",
                "qualification": "",
                "total_exp": ""
            },
            {
                "managing_fund_since": "",
                "name": "Dwijendra Srivastava  Mr",
                "qualification": "",
                "total_exp": ""
            },
            {
                "managing_fund_since": "",
                "name": "Sandeep Agarwal",
                "qualification": "",
                "total_exp": ""
            },
            {
                "managing_fund_since": "",
                "name": "Fixed Income",
                "qualification": "",
                "total_exp": ""
            },
            {
                "managing_fund_since": "",
                "name": "Pathanjali Srinivasan",
                "qualification": "",
                "total_exp": ""
            },
            {
                "managing_fund_since": "",
                "name": "Overseas Investments",
                "qualification": "",
                "total_exp": ""
            }
        ],
        "load": {
            "entry_load": "",
            "exit_load": "Within 365 days from the date of allotment 1. 365 days Nil"
        },
        "main_scheme_name": "Sundaram Business Cycle Fund",
        "metrics": {
            "alpha": null,
            "arithmetic_mean_ratio": null,
            "average_div_yld": null,
            "average_pb": null,
            "average_pe": null,
            "avg_maturity": null,
            "beta": null,
            "correlation_ratio": null,
            "downside_deviation": null,
            "information_ratio": null,
            "macaulay": null,
            "mod_duration": null,
            "port_turnover_ratio": "27.7",
            "r_squared_ratio": null,
            "roe_ratio": null,
            "sharpe": null,
            "sortino_ratio": null,
            "std_dev": null,
            "tracking_error": null,
            "treynor_ratio": null,
            "upside_deviation": null,
            "ytm": null
        },
        "min_addl_amt": "",
        "min_addl_amt_multiple": "",
        "min_amt": "\u20b9 100",
        "min_amt_multiple": "\u20b9 1",
        "monthly_aaum_date": "31-03-2025",
        "monthly_aaum_value": "INR 1,548 Cr.",
        "mutual_fund_name": "Sundaram Mutual Fund",
        "page_number": [
            25
        ],
        "scheme_launch_date": "Jun 25, 2024"
    },
    "Sundaram Global Brand Fund": {
        "amc_name": "Sundaram Asset Management Company Limited",
        "benchmark_index": "MSCI ACWI TRI (INR) ",
        "fund_manager": [
            {
                "managing_fund_since": "",
                "name": "Patanjali Srinivasan",
                "qualification": "",
                "total_exp": ""
            }
        ],
        "load": {
            "entry_load": "",
            "exit_load": "Upto 25, within 365 days from the date of allotment Nil. More than 25 within 365 days from the date of allotment 1. 365 days Nil"
        },
        "main_scheme_name": "Sundaram Global Brand Fund",
        "metrics": {
            "alpha": null,
            "arithmetic_mean_ratio": null,
            "average_div_yld": null,
            "average_pb": null,
            "average_pe": null,
            "avg_maturity": null,
            "beta": null,
            "correlation_ratio": null,
            "downside_deviation": null,
            "information_ratio": null,
            "macaulay": null,
            "mod_duration": null,
            "port_turnover_ratio": null,
            "r_squared_ratio": null,
            "roe_ratio": null,
            "sharpe": null,
            "sortino_ratio": null,
            "std_dev": null,
            "tracking_error": null,
            "treynor_ratio": null,
            "upside_deviation": null,
            "ytm": null
        },
        "min_addl_amt": "",
        "min_addl_amt_multiple": "",
        "min_amt": "\u20b9 100",
        "min_amt_multiple": "\u20b9 1",
        "monthly_aaum_date": "31-03-2025",
        "monthly_aaum_value": "INR 116 Cr.",
        "mutual_fund_name": "Sundaram Mutual Fund",
        "page_number": [
            26
        ],
        "scheme_launch_date": "Mar 29, 2004"
    },
    "Sundaram Nifty 100 Equal Weight Fund": {
        "amc_name": "Sundaram Asset Management Company Limited",
        "benchmark_index": "NIFTY 100 Equal Weighted Index TR ",
        "fund_manager": [
            {
                "managing_fund_since": "",
                "name": "Rohit Seksaria",
                "qualification": "",
                "total_exp": ""
            },
            {
                "managing_fund_since": "",
                "name": "Ashish Aggarwal",
                "qualification": "",
                "total_exp": ""
            }
        ],
        "load": {
            "entry_load": "",
            "exit_load": "Nil"
        },
        "main_scheme_name": "Sundaram Nifty 100 Equal Weight Fund",
        "metrics": {
            "alpha": null,
            "arithmetic_mean_ratio": null,
            "average_div_yld": null,
            "average_pb": null,
            "average_pe": null,
            "avg_maturity": null,
            "beta": "1.0",
            "correlation_ratio": null,
            "downside_deviation": null,
            "information_ratio": "-2.1",
            "macaulay": null,
            "mod_duration": null,
            "port_turnover_ratio": "29.0",
            "r_squared_ratio": null,
            "roe_ratio": null,
            "sharpe": "0.5",
            "sortino_ratio": null,
            "std_dev": "16.3",
            "tracking_error": null,
            "treynor_ratio": null,
            "upside_deviation": null,
            "ytm": null
        },
        "min_addl_amt": "",
        "min_addl_amt_multiple": "",
        "min_amt": "\u20b9 100",
        "min_amt_multiple": "\u20b9 1",
        "monthly_aaum_date": "31-03-2025",
        "monthly_aaum_value": "INR 96 Cr.",
        "mutual_fund_name": "Sundaram Mutual Fund",
        "page_number": [
            27
        ],
        "scheme_launch_date": "Jul 27, 1999"
    },
    "Sundaram Aggressive Hybrid Fund": {
        "amc_name": "Sundaram Asset Management Company Limited",
        "benchmark_index": "CRISIL Hybrid 3565 Aggressive Index ",
        "fund_manager": [
            {
                "managing_fund_since": "",
                "name": "Bharath S",
                "qualification": "",
                "total_exp": ""
            },
            {
                "managing_fund_since": "",
                "name": "Clyton Richard Fernandes",
                "qualification": "",
                "total_exp": ""
            },
            {
                "managing_fund_since": "",
                "name": "Sandeep Agarwal",
                "qualification": "",
                "total_exp": ""
            },
            {
                "managing_fund_since": "",
                "name": "Dwijendra Srivastava",
                "qualification": "",
                "total_exp": ""
            }
        ],
        "load": {
            "entry_load": "",
            "exit_load": "Upto 25, within 365 days from the date of allotment Nil. More than 25 within 365 days from the date of allotment 1. 365 days Nil"
        },
        "main_scheme_name": "Sundaram Aggressive Hybrid Fund",
        "metrics": {
            "alpha": null,
            "arithmetic_mean_ratio": null,
            "average_div_yld": null,
            "average_pb": null,
            "average_pe": null,
            "avg_maturity": "6.73 Years",
            "beta": "1.0",
            "correlation_ratio": null,
            "downside_deviation": null,
            "information_ratio": "-0.1",
            "macaulay": "4.40 Years",
            "mod_duration": "4.83 Years",
            "port_turnover_ratio": "63.4",
            "r_squared_ratio": null,
            "roe_ratio": null,
            "sharpe": "0.4",
            "sortino_ratio": null,
            "std_dev": "10.7",
            "tracking_error": null,
            "treynor_ratio": null,
            "upside_deviation": null,
            "ytm": "6.13"
        },
        "min_addl_amt": "",
        "min_addl_amt_multiple": "",
        "min_amt": "\u20b9 100",
        "min_amt_multiple": "\u20b9 1",
        "monthly_aaum_date": "31-03-2025",
        "monthly_aaum_value": "INR 5,447 Cr.",
        "mutual_fund_name": "Sundaram Mutual Fund",
        "page_number": [
            29
        ],
        "scheme_launch_date": "Jan 14, 2000"
    },
    "Sundaram Equity Savings Fund": {
        "amc_name": "Sundaram Asset Management Company Limited",
        "benchmark_index": "Nifty Equity Savings Index TRI ",
        "fund_manager": [
            {
                "managing_fund_since": "",
                "name": "Sudhir Kedia  Rohit Seksaria",
                "qualification": "",
                "total_exp": ""
            },
            {
                "managing_fund_since": "",
                "name": "Equity Portion",
                "qualification": "",
                "total_exp": ""
            },
            {
                "managing_fund_since": "",
                "name": "Dwijendra Srivastava",
                "qualification": "",
                "total_exp": ""
            },
            {
                "managing_fund_since": "",
                "name": "Fixed Income Portion",
                "qualification": "",
                "total_exp": ""
            }
        ],
        "load": {
            "entry_load": "",
            "exit_load": "0.5 if redeemed within 7 days from the date of allotment.  7 Days Nil"
        },
        "main_scheme_name": "Sundaram Equity Savings Fund",
        "metrics": {
            "alpha": null,
            "arithmetic_mean_ratio": null,
            "average_div_yld": null,
            "average_pb": null,
            "average_pe": null,
            "avg_maturity": "4.24 Years",
            "beta": "1.1",
            "correlation_ratio": null,
            "downside_deviation": null,
            "information_ratio": "0.6",
            "macaulay": "3.15 Years",
            "mod_duration": "3.03 Years",
            "port_turnover_ratio": "68.8",
            "r_squared_ratio": null,
            "roe_ratio": null,
            "sharpe": "0.7",
            "sortino_ratio": null,
            "std_dev": "5.8",
            "tracking_error": null,
            "treynor_ratio": null,
            "upside_deviation": null,
            "ytm": "6.93"
        },
        "min_addl_amt": "",
        "min_addl_amt_multiple": "",
        "min_amt": "\u20b9 100",
        "min_amt_multiple": "\u20b9 1",
        "monthly_aaum_date": "31-03-2025",
        "monthly_aaum_value": "INR 1,012 Cr.",
        "mutual_fund_name": "Sundaram Mutual Fund",
        "page_number": [
            31
        ],
        "scheme_launch_date": "May 23, 2002"
    },
    "Sundaram Balanced Advantage Fund": {
        "amc_name": "Sundaram Asset Management Company Limited",
        "benchmark_index": "NIFTY 50 Hybrid Composite debt 5050 Index ",
        "fund_manager": [
            {
                "managing_fund_since": "",
                "name": "Bharath S",
                "qualification": "",
                "total_exp": ""
            },
            {
                "managing_fund_since": "",
                "name": "Clyton Richard Fernandes",
                "qualification": "",
                "total_exp": ""
            },
            {
                "managing_fund_since": "",
                "name": "Dwijendra Srivastava",
                "qualification": "",
                "total_exp": ""
            }
        ],
        "load": {
            "entry_load": "",
            "exit_load": "Upto 25, within 365 days from the date of allotment Nil. More than 25 within 365 days from the date of allotment 1. 365 days Nil"
        },
        "main_scheme_name": "Sundaram Balanced Advantage Fund",
        "metrics": {
            "alpha": null,
            "arithmetic_mean_ratio": null,
            "average_div_yld": null,
            "average_pb": null,
            "average_pe": null,
            "avg_maturity": "7.12 Years",
            "beta": "1.0",
            "correlation_ratio": null,
            "downside_deviation": null,
            "information_ratio": "0.1",
            "macaulay": "4.61 Years",
            "mod_duration": "4.42 Years",
            "port_turnover_ratio": "68.9",
            "r_squared_ratio": null,
            "roe_ratio": null,
            "sharpe": "0.4",
            "sortino_ratio": null,
            "std_dev": "8.1",
            "tracking_error": null,
            "treynor_ratio": null,
            "upside_deviation": null,
            "ytm": "6.84"
        },
        "min_addl_amt": "",
        "min_addl_amt_multiple": "",
        "min_amt": "\u20b9 100",
        "min_amt_multiple": "\u20b9 1",
        "monthly_aaum_date": "31-03-2025",
        "monthly_aaum_value": "INR 1,463 Cr.",
        "mutual_fund_name": "Sundaram Mutual Fund",
        "page_number": [
            33
        ],
        "scheme_launch_date": "Dec 16, 2010"
    },
    "Sundaram Multi Asset Allocation Fund": {
        "amc_name": "Sundaram Asset Management Company Limited",
        "benchmark_index": "NIFTY 500 TRI (65)  NIFTY Short Duration Debt Index (10)  Domestic Prices of Gold (25) ",
        "fund_manager": [
            {
                "managing_fund_since": "",
                "name": "Rohit Seksaria  Clyton Richard Fernandes",
                "qualification": "",
                "total_exp": ""
            },
            {
                "managing_fund_since": "",
                "name": "Equity",
                "qualification": "",
                "total_exp": ""
            },
            {
                "managing_fund_since": "",
                "name": "Dwijendra Srivastava  Sandeep Agarwal",
                "qualification": "",
                "total_exp": ""
            },
            {
                "managing_fund_since": "",
                "name": "Fixed Income",
                "qualification": "",
                "total_exp": ""
            },
            {
                "managing_fund_since": "",
                "name": "Arjun Nagarajan",
                "qualification": "",
                "total_exp": ""
            },
            {
                "managing_fund_since": "",
                "name": "Gold Etfs",
                "qualification": "",
                "total_exp": ""
            }
        ],
        "load": {
            "entry_load": "",
            "exit_load": "Upto 30, within 365 days from the date of allotment Nil. More than 30 within 365 days from the date of allotment 1. 365 days Nil"
        },
        "main_scheme_name": "Sundaram Multi Asset Allocation Fund",
        "metrics": {
            "alpha": null,
            "arithmetic_mean_ratio": null,
            "average_div_yld": null,
            "average_pb": null,
            "average_pe": null,
            "avg_maturity": "4.02 Years",
            "beta": null,
            "correlation_ratio": null,
            "downside_deviation": null,
            "information_ratio": null,
            "macaulay": "3.29 Years",
            "mod_duration": "3.19 Years",
            "port_turnover_ratio": null,
            "r_squared_ratio": null,
            "roe_ratio": null,
            "sharpe": null,
            "sortino_ratio": null,
            "std_dev": null,
            "tracking_error": null,
            "treynor_ratio": null,
            "upside_deviation": null,
            "ytm": "6.58"
        },
        "min_addl_amt": "",
        "min_addl_amt_multiple": "",
        "min_amt": "\u20b9 100",
        "min_amt_multiple": "\u20b9 1",
        "monthly_aaum_date": "31-03-2025",
        "monthly_aaum_value": "INR 2,435 Cr.",
        "mutual_fund_name": "Sundaram Mutual Fund",
        "page_number": [
            35
        ],
        "scheme_launch_date": "Jan 25, 2024"
    },
    "Sundaram Arbitrage Fund": {
        "amc_name": "Sundaram Asset Management Company Limited",
        "benchmark_index": "NIFTY 50 Arbitrage Index TRI ",
        "fund_manager": [
            {
                "managing_fund_since": "",
                "name": "Rohit Seksaria  Ashish Aggarwal",
                "qualification": "",
                "total_exp": ""
            },
            {
                "managing_fund_since": "",
                "name": "Equity",
                "qualification": "",
                "total_exp": ""
            },
            {
                "managing_fund_since": "",
                "name": "Dwijendra Srivastava",
                "qualification": "",
                "total_exp": ""
            },
            {
                "managing_fund_since": "",
                "name": "Fixedincome",
                "qualification": "",
                "total_exp": ""
            }
        ],
        "load": {
            "entry_load": "",
            "exit_load": "Upto 25, within 15 days from the date of allotment Nil. More than 25 within 15 days from the date of allotment 0.25. 15 days Nil"
        },
        "main_scheme_name": "Sundaram Arbitrage Fund",
        "metrics": {
            "alpha": null,
            "arithmetic_mean_ratio": null,
            "average_div_yld": null,
            "average_pb": null,
            "average_pe": null,
            "avg_maturity": "0.28 Years",
            "beta": "0.6",
            "correlation_ratio": null,
            "downside_deviation": null,
            "information_ratio": "-1.6",
            "macaulay": "0.26 Years",
            "mod_duration": "0.00 Years",
            "port_turnover_ratio": "79.8",
            "r_squared_ratio": null,
            "roe_ratio": null,
            "sharpe": "-0.2",
            "sortino_ratio": null,
            "std_dev": "0.6",
            "tracking_error": null,
            "treynor_ratio": null,
            "upside_deviation": null,
            "ytm": "4.56"
        },
        "min_addl_amt": "",
        "min_addl_amt_multiple": "",
        "min_amt": "\u20b9 100",
        "min_amt_multiple": "\u20b9 1",
        "monthly_aaum_date": "31-03-2025",
        "monthly_aaum_value": "INR 260 Cr.",
        "mutual_fund_name": "Sundaram Mutual Fund",
        "page_number": [
            37
        ],
        "scheme_launch_date": "Apr 21, 2016"
    },
    "Sundaram Diversified Equity Fund": {
        "amc_name": "Sundaram Asset Management Company Limited",
        "benchmark_index": "Nifty 500 TRI ",
        "fund_manager": [
            {
                "managing_fund_since": "",
                "name": "Sudhir Kedia",
                "qualification": "",
                "total_exp": ""
            },
            {
                "managing_fund_since": "",
                "name": "Rohit Seksaria",
                "qualification": "",
                "total_exp": ""
            }
        ],
        "load": {
            "entry_load": "",
            "exit_load": "Nil (Lock in period of 36 months)"
        },
        "main_scheme_name": "Sundaram Diversified Equity Fund",
        "metrics": {
            "alpha": null,
            "arithmetic_mean_ratio": null,
            "average_div_yld": null,
            "average_pb": null,
            "average_pe": null,
            "avg_maturity": null,
            "beta": "0.9",
            "correlation_ratio": null,
            "downside_deviation": null,
            "information_ratio": "-0.7",
            "macaulay": null,
            "mod_duration": null,
            "port_turnover_ratio": "30.7",
            "r_squared_ratio": null,
            "roe_ratio": null,
            "sharpe": "0.4",
            "sortino_ratio": null,
            "std_dev": "13.1",
            "tracking_error": null,
            "treynor_ratio": null,
            "upside_deviation": null,
            "ytm": null
        },
        "min_addl_amt": "",
        "min_addl_amt_multiple": "",
        "min_amt": "",
        "min_amt_multiple": "",
        "monthly_aaum_date": "31-03-2025",
        "monthly_aaum_value": "INR 1,396 Cr.",
        "mutual_fund_name": "Sundaram Mutual Fund",
        "page_number": [
            39
        ],
        "scheme_launch_date": "Nov 22, 1999"
    },
    "Sundaram Liquid Fund": {
        "amc_name": "Sundaram Asset Management Company Limited",
        "benchmark_index": "Nifty Liquid Index A-I ",
        "fund_manager": [
            {
                "managing_fund_since": "",
                "name": "Dwijendra Srivastava",
                "qualification": "",
                "total_exp": ""
            },
            {
                "managing_fund_since": "",
                "name": "Sandeep Agarwal",
                "qualification": "",
                "total_exp": ""
            }
        ],
        "load": {
            "entry_load": "",
            "exit_load": "Exit day from subscription Exit Load as a  of redemption proceeds Day 1 0.0070 Day 2 0.0065 Day 3 0.0060 Day 4 0.0055 Day 5 0.0050 Day 6 0.0045 Day 7 onwards Nil"
        },
        "main_scheme_name": "Sundaram Liquid Fund",
        "metrics": {
            "alpha": null,
            "arithmetic_mean_ratio": null,
            "average_div_yld": null,
            "average_pb": null,
            "average_pe": null,
            "avg_maturity": "0.17 Years",
            "beta": null,
            "correlation_ratio": null,
            "downside_deviation": null,
            "information_ratio": null,
            "macaulay": "0.17 Years",
            "mod_duration": "0.17 Years",
            "port_turnover_ratio": null,
            "r_squared_ratio": null,
            "roe_ratio": null,
            "sharpe": null,
            "sortino_ratio": null,
            "std_dev": null,
            "tracking_error": null,
            "treynor_ratio": null,
            "upside_deviation": null,
            "ytm": "7.06"
        },
        "min_addl_amt": "",
        "min_addl_amt_multiple": "",
        "min_amt": "\u20b9 1000",
        "min_amt_multiple": "\u20b9 1",
        "monthly_aaum_date": "31-03-2025",
        "monthly_aaum_value": "INR 7,266 Cr.",
        "mutual_fund_name": "Sundaram Mutual Fund",
        "page_number": [
            42
        ],
        "scheme_launch_date": "Aug 30, 2004"
    },
    "Sundaram Overnight Fund": {
        "amc_name": "Sundaram Asset Management Company Limited",
        "benchmark_index": "NIFTY1D Rate Index ",
        "fund_manager": [
            {
                "managing_fund_since": "",
                "name": "Dwijendra Srivastava",
                "qualification": "",
                "total_exp": ""
            },
            {
                "managing_fund_since": "",
                "name": "Sandeep Agarwal",
                "qualification": "",
                "total_exp": ""
            }
        ],
        "load": {
            "entry_load": "",
            "exit_load": "Nil"
        },
        "main_scheme_name": "Sundaram Overnight Fund",
        "metrics": {
            "alpha": null,
            "arithmetic_mean_ratio": null,
            "average_div_yld": null,
            "average_pb": null,
            "average_pe": null,
            "avg_maturity": "0.02 Years",
            "beta": null,
            "correlation_ratio": null,
            "downside_deviation": null,
            "information_ratio": null,
            "macaulay": "0.02 Years",
            "mod_duration": "0.00 Years",
            "port_turnover_ratio": null,
            "r_squared_ratio": null,
            "roe_ratio": null,
            "sharpe": null,
            "sortino_ratio": null,
            "std_dev": null,
            "tracking_error": null,
            "treynor_ratio": null,
            "upside_deviation": null,
            "ytm": "7.14"
        },
        "min_addl_amt": "",
        "min_addl_amt_multiple": "",
        "min_amt": "\u20b9 5000",
        "min_amt_multiple": "\u20b9 1",
        "monthly_aaum_date": "31-03-2025",
        "monthly_aaum_value": "INR 804 Cr.",
        "mutual_fund_name": "Sundaram Mutual Fund",
        "page_number": [
            43
        ],
        "scheme_launch_date": "Mar 20, 2019"
    },
    "Sundaram Short Duration Fund": {
        "amc_name": "Sundaram Asset Management Company Limited",
        "benchmark_index": "Nifty Short Duration Debt Index A-II ",
        "fund_manager": [
            {
                "managing_fund_since": "",
                "name": "Dwijendra Srivastava",
                "qualification": "",
                "total_exp": ""
            },
            {
                "managing_fund_since": "",
                "name": "Sandeep Agarwal",
                "qualification": "",
                "total_exp": ""
            }
        ],
        "load": {
            "entry_load": "",
            "exit_load": "Nil"
        },
        "main_scheme_name": "Sundaram Short Duration Fund",
        "metrics": {
            "alpha": null,
            "arithmetic_mean_ratio": null,
            "average_div_yld": null,
            "average_pb": null,
            "average_pe": null,
            "avg_maturity": "3.62 Years",
            "beta": null,
            "correlation_ratio": null,
            "downside_deviation": null,
            "information_ratio": null,
            "macaulay": "2.95 Years",
            "mod_duration": "2.81 Years",
            "port_turnover_ratio": null,
            "r_squared_ratio": null,
            "roe_ratio": null,
            "sharpe": null,
            "sortino_ratio": null,
            "std_dev": null,
            "tracking_error": null,
            "treynor_ratio": null,
            "upside_deviation": null,
            "ytm": "7.24"
        },
        "min_addl_amt": "",
        "min_addl_amt_multiple": "",
        "min_amt": "\u20b9 5000",
        "min_amt_multiple": "\u20b9 1",
        "monthly_aaum_date": "31-03-2025",
        "monthly_aaum_value": "INR 208 Cr.",
        "mutual_fund_name": "Sundaram Mutual Fund",
        "page_number": [
            49
        ],
        "scheme_launch_date": "Sep 4, 2002"
    },
    "Sundaram Money Market Fund": {
        "amc_name": "Sundaram Asset Management Company Limited",
        "benchmark_index": "Nifty Money Market Index A-I ",
        "fund_manager": [
            {
                "managing_fund_since": "",
                "name": "Dwijendra Srivastava",
                "qualification": "",
                "total_exp": ""
            },
            {
                "managing_fund_since": "",
                "name": "Sandeep Agarwal",
                "qualification": "",
                "total_exp": ""
            }
        ],
        "load": {
            "entry_load": "",
            "exit_load": "Nil"
        },
        "main_scheme_name": "Sundaram Money Market Fund",
        "metrics": {
            "alpha": null,
            "arithmetic_mean_ratio": null,
            "average_div_yld": null,
            "average_pb": null,
            "average_pe": null,
            "avg_maturity": "0.78 Years",
            "beta": null,
            "correlation_ratio": null,
            "downside_deviation": null,
            "information_ratio": null,
            "macaulay": "0.78 Years",
            "mod_duration": "0.78 Years",
            "port_turnover_ratio": null,
            "r_squared_ratio": null,
            "roe_ratio": null,
            "sharpe": null,
            "sortino_ratio": null,
            "std_dev": null,
            "tracking_error": null,
            "treynor_ratio": null,
            "upside_deviation": null,
            "ytm": "7.14"
        },
        "min_addl_amt": "",
        "min_addl_amt_multiple": "",
        "min_amt": "\u20b9 1000",
        "min_amt_multiple": "\u20b9 1",
        "monthly_aaum_date": "31-03-2025",
        "monthly_aaum_value": "INR 888 Cr.",
        "mutual_fund_name": "Sundaram Mutual Fund",
        "page_number": [
            46
        ],
        "scheme_launch_date": "Sep 26, 2018"
    },
    "Sundaram Low Duration Fund": {
        "amc_name": "Sundaram Asset Management Company Limited",
        "benchmark_index": "Nifty Low Duration Debt Index A-I ",
        "fund_manager": [
            {
                "managing_fund_since": "",
                "name": "Dwijendra Srivastava",
                "qualification": "",
                "total_exp": ""
            },
            {
                "managing_fund_since": "",
                "name": "Sandeep Agarwal",
                "qualification": "",
                "total_exp": ""
            }
        ],
        "load": {
            "entry_load": "",
            "exit_load": "Nil"
        },
        "main_scheme_name": "Sundaram Low Duration Fund",
        "metrics": {
            "alpha": null,
            "arithmetic_mean_ratio": null,
            "average_div_yld": null,
            "average_pb": null,
            "average_pe": null,
            "avg_maturity": "1.10 Years",
            "beta": null,
            "correlation_ratio": null,
            "downside_deviation": null,
            "information_ratio": null,
            "macaulay": "1.03 Years",
            "mod_duration": "0.97 Years",
            "port_turnover_ratio": null,
            "r_squared_ratio": null,
            "roe_ratio": null,
            "sharpe": null,
            "sortino_ratio": null,
            "std_dev": null,
            "tracking_error": null,
            "treynor_ratio": null,
            "upside_deviation": null,
            "ytm": "7.53"
        },
        "min_addl_amt": "",
        "min_addl_amt_multiple": "",
        "min_amt": "\u20b9 1000",
        "min_amt_multiple": "\u20b9 1",
        "monthly_aaum_date": "31-03-2025",
        "monthly_aaum_value": "INR 371 Cr.",
        "mutual_fund_name": "Sundaram Mutual Fund",
        "page_number": [
            47
        ],
        "scheme_launch_date": "Sep 14, 2004"
    },
    "Sundaram Banking & PSU Fund": {
        "amc_name": "Sundaram Asset Management Company Limited",
        "benchmark_index": "Nifty Banking  PSU Debt Index A-II ",
        "fund_manager": [
            {
                "managing_fund_since": "",
                "name": "Dwijendra Srivastava",
                "qualification": "",
                "total_exp": ""
            },
            {
                "managing_fund_since": "",
                "name": "Sandeep Agarwal",
                "qualification": "",
                "total_exp": ""
            }
        ],
        "load": {
            "entry_load": "",
            "exit_load": "Nil"
        },
        "main_scheme_name": "Sundaram Banking & PSU Fund",
        "metrics": {
            "alpha": null,
            "arithmetic_mean_ratio": null,
            "average_div_yld": null,
            "average_pb": null,
            "average_pe": null,
            "avg_maturity": "5.02 Years",
            "beta": null,
            "correlation_ratio": null,
            "downside_deviation": null,
            "information_ratio": null,
            "macaulay": "3.59 Years",
            "mod_duration": "3.41 Years",
            "port_turnover_ratio": null,
            "r_squared_ratio": null,
            "roe_ratio": null,
            "sharpe": null,
            "sortino_ratio": null,
            "std_dev": null,
            "tracking_error": null,
            "treynor_ratio": null,
            "upside_deviation": null,
            "ytm": "7.10"
        },
        "min_addl_amt": "",
        "min_addl_amt_multiple": "",
        "min_amt": "\u20b9 5,000",
        "min_amt_multiple": "\u20b9 1",
        "monthly_aaum_date": "31-03-2025",
        "monthly_aaum_value": "INR 350 Cr.",
        "mutual_fund_name": "Sundaram Mutual Fund",
        "page_number": [
            48
        ],
        "scheme_launch_date": "Dec 29, 2004"
    },
    "Sundaram Medium Duration Fund": {
        "amc_name": "Sundaram Asset Management Company Limited",
        "benchmark_index": "Nifty Medium Duration Debt Index A-III ",
        "fund_manager": [
            {
                "managing_fund_since": "",
                "name": "Dwijendra Srivastava",
                "qualification": "",
                "total_exp": ""
            },
            {
                "managing_fund_since": "",
                "name": "Sandeep Agarwal",
                "qualification": "",
                "total_exp": ""
            }
        ],
        "load": {
            "entry_load": "",
            "exit_load": "Nil"
        },
        "main_scheme_name": "Sundaram Medium Duration Fund",
        "metrics": {
            "alpha": null,
            "arithmetic_mean_ratio": null,
            "average_div_yld": null,
            "average_pb": null,
            "average_pe": null,
            "avg_maturity": "5.06 Years",
            "beta": null,
            "correlation_ratio": null,
            "downside_deviation": null,
            "information_ratio": null,
            "macaulay": "3.93 Years",
            "mod_duration": "3.79 Years",
            "port_turnover_ratio": null,
            "r_squared_ratio": null,
            "roe_ratio": null,
            "sharpe": null,
            "sortino_ratio": null,
            "std_dev": null,
            "tracking_error": null,
            "treynor_ratio": null,
            "upside_deviation": null,
            "ytm": "6.89"
        },
        "min_addl_amt": "",
        "min_addl_amt_multiple": "",
        "min_amt": "\u20b9 5000",
        "min_amt_multiple": "\u20b9 1",
        "monthly_aaum_date": "31-03-2025",
        "monthly_aaum_value": "INR 43 Cr.",
        "mutual_fund_name": "Sundaram Mutual Fund",
        "page_number": [
            50
        ],
        "scheme_launch_date": "Dec 18, 1997"
    },
    "Sundaram Corporate Bond Fund": {
        "amc_name": "Sundaram Asset Management Company Limited",
        "benchmark_index": "Nifty Corporate Bond Index A-II ",
        "fund_manager": [
            {
                "managing_fund_since": "",
                "name": "Dwijendra Srivastava",
                "qualification": "",
                "total_exp": ""
            },
            {
                "managing_fund_since": "",
                "name": "Sandeep Agarwal",
                "qualification": "",
                "total_exp": ""
            }
        ],
        "load": {
            "entry_load": "",
            "exit_load": "Nil"
        },
        "main_scheme_name": "Sundaram Corporate Bond Fund",
        "metrics": {
            "alpha": null,
            "arithmetic_mean_ratio": null,
            "average_div_yld": null,
            "average_pb": null,
            "average_pe": null,
            "avg_maturity": "5.98 Years",
            "beta": null,
            "correlation_ratio": null,
            "downside_deviation": null,
            "information_ratio": null,
            "macaulay": "4.06 Years",
            "mod_duration": "3.84 Years",
            "port_turnover_ratio": null,
            "r_squared_ratio": null,
            "roe_ratio": null,
            "sharpe": null,
            "sortino_ratio": null,
            "std_dev": null,
            "tracking_error": null,
            "treynor_ratio": null,
            "upside_deviation": null,
            "ytm": "7.15"
        },
        "min_addl_amt": "",
        "min_addl_amt_multiple": "",
        "min_amt": "\u20b9 5000",
        "min_amt_multiple": "\u20b9 1",
        "monthly_aaum_date": "31-03-2025",
        "monthly_aaum_value": "INR 698 Cr.",
        "mutual_fund_name": "Sundaram Mutual Fund",
        "page_number": [
            51
        ],
        "scheme_launch_date": "Dec 29, 2004"
    },
    "Sundaram Conservative Hybrid Fund": {
        "amc_name": "Sundaram Asset Management Company Limited",
        "benchmark_index": "CRISIL Hybrid 8515 - Conservative Index ",
        "fund_manager": [
            {
                "managing_fund_since": "",
                "name": "Mr",
                "qualification": "",
                "total_exp": ""
            },
            {
                "managing_fund_since": "",
                "name": "Dwijendra Srivastava  Mr",
                "qualification": "",
                "total_exp": ""
            },
            {
                "managing_fund_since": "",
                "name": "Sandeep Agarwal",
                "qualification": "",
                "total_exp": ""
            },
            {
                "managing_fund_since": "",
                "name": "Fixed Income Portion",
                "qualification": "",
                "total_exp": ""
            },
            {
                "managing_fund_since": "",
                "name": "Mr",
                "qualification": "",
                "total_exp": ""
            },
            {
                "managing_fund_since": "",
                "name": "Bharath S  Mr",
                "qualification": "",
                "total_exp": ""
            },
            {
                "managing_fund_since": "",
                "name": "Ashish",
                "qualification": "",
                "total_exp": ""
            },
            {
                "managing_fund_since": "",
                "name": "Aggarwal",
                "qualification": "",
                "total_exp": ""
            },
            {
                "managing_fund_since": "",
                "name": "Equity Portion",
                "qualification": "",
                "total_exp": ""
            }
        ],
        "load": {
            "entry_load": "",
            "exit_load": "Nil"
        },
        "main_scheme_name": "Sundaram Conservative Hybrid Fund",
        "metrics": {
            "alpha": null,
            "arithmetic_mean_ratio": null,
            "average_div_yld": null,
            "average_pb": null,
            "average_pe": null,
            "avg_maturity": "16.60 Years",
            "beta": null,
            "correlation_ratio": null,
            "downside_deviation": null,
            "information_ratio": null,
            "macaulay": "8.04 Years",
            "mod_duration": "7.77 Years",
            "port_turnover_ratio": null,
            "r_squared_ratio": null,
            "roe_ratio": null,
            "sharpe": null,
            "sortino_ratio": null,
            "std_dev": null,
            "tracking_error": null,
            "treynor_ratio": null,
            "upside_deviation": null,
            "ytm": "6.88"
        },
        "min_addl_amt": "",
        "min_addl_amt_multiple": "",
        "min_amt": "\u20b9 5000",
        "min_amt_multiple": "\u20b9 1",
        "monthly_aaum_date": "31-03-2025",
        "monthly_aaum_value": "INR 27 Cr.",
        "mutual_fund_name": "Sundaram Mutual Fund",
        "page_number": [
            52
        ],
        "scheme_launch_date": "Mar 8, 2010"
    }
}