{
    "GROWW Large Cap Fund": {
        "amc_name": "Groww Asset Management Company Limited",
        "benchmark_index": "NIFTY 100 - TRI",
        "fund_manager": [
            {
                "managing_fund_since": "May 11, 2023",
                "name": "Anupam Tiwari",
                "qualification": "Head-Equity",
                "total_exp": "18 Years"
            }
        ],
        "load": {
            "entry_load": "Not Applicable",
            "exit_load": "a) 1 if redeemed/ switched out within 7 Days from the date of allotment. b) Nil - if redeemed/ switched out after 7 Days from the date of allotment."
        },
        "main_scheme_name": "GROWW Large Cap Fund",
        "metrics": {
            "alpha": null,
            "arithmetic_mean_ratio": null,
            "average_div_yld": null,
            "average_pb": null,
            "average_pe": null,
            "avg_maturity": null,
            "beta": "0.96",
            "correlation_ratio": null,
            "downside_deviation": null,
            "information_ratio": null,
            "macaulay": null,
            "mod_duration": null,
            "port_turnover_ratio": "2.22",
            "r_squared_ratio": "0.96",
            "roe_ratio": null,
            "sharpe": "0.37",
            "sortino_ratio": null,
            "std_dev": "4.0206",
            "tracking_error": null,
            "treynor_ratio": null,
            "upside_deviation": null,
            "ytm": null
        },
        "min_addl_amt": "\u20b9 100",
        "min_addl_amt_multiple": "\u20b9 1",
        "min_amt": "\u20b9 500",
        "min_amt_multiple": "\u20b9 1",
        "monthly_aaum_date": "31-03-2025",
        "monthly_aaum_value": "\u20b9 116.52 Crore",
        "mutual_fund_name": "Groww Mutual Fund",
        "page_number": [
            20,
            21
        ],
        "scheme_launch_date": "10th February, 2012"
    },
    "GROWW Aggressive Hybrid Fund": {
        "amc_name": "Groww Asset Management Company Limited",
        "benchmark_index": "CRISIL Hybrid 3565 - Aggressive Index",
        "fund_manager": [
            {
                "managing_fund_since": "May 11, 2023",
                "name": "Kaustubh Sule",
                "qualification": "",
                "total_exp": "17 Years"
            },
            {
                "managing_fund_since": "May 11, 2023",
                "name": "Anupam Tiwari",
                "qualification": "Head-Equity",
                "total_exp": "18 Years"
            }
        ],
        "load": {
            "entry_load": "Not Applicable",
            "exit_load": "a)1 if redeemed/ switched out within 7 Days from the date of allotment, b)Nil - if redeemed/ switched out after 7 Days from the date of allotment Minimum Additional Investment 100 and in multiples of 1/- thereafter Minimum Investment Amount (for fresh application) For Lumpsum  SIP  500 and in multiples of 1/-"
        },
        "main_scheme_name": "GROWW Aggressive Hybrid Fund",
        "metrics": {
            "alpha": null,
            "arithmetic_mean_ratio": null,
            "average_div_yld": null,
            "average_pb": null,
            "average_pe": null,
            "avg_maturity": null,
            "beta": "1.07",
            "correlation_ratio": null,
            "downside_deviation": null,
            "information_ratio": null,
            "macaulay": null,
            "mod_duration": null,
            "port_turnover_ratio": "2.04",
            "r_squared_ratio": "0.95",
            "roe_ratio": null,
            "sharpe": "1.15",
            "sortino_ratio": null,
            "std_dev": "3.1204",
            "tracking_error": null,
            "treynor_ratio": null,
            "upside_deviation": null,
            "ytm": null
        },
        "min_addl_amt": "\u20b9 100",
        "min_addl_amt_multiple": "\u20b9 1",
        "min_amt": "\u20b9 500",
        "min_amt_multiple": "\u20b9 1",
        "monthly_aaum_date": "31-03-2025",
        "monthly_aaum_value": "\u20b9 43.58 Crore",
        "mutual_fund_name": "Groww Mutual Fund",
        "page_number": [
            22,
            23
        ],
        "scheme_launch_date": "13th December, 2018"
    },
    "GROWW Value Fund": {
        "amc_name": "Groww Asset Management Company Limited",
        "benchmark_index": "Nifty 500 TRI",
        "fund_manager": [
            {
                "managing_fund_since": "May 11, 2023",
                "name": "Anupam Tiwari",
                "qualification": "Head-Equity",
                "total_exp": "18 Years"
            }
        ],
        "load": {
            "entry_load": "Not Applicable",
            "exit_load": "a) 1 if redeemed/ switched out within 1 year from the date of allotment. b) NIL, if redeemed/ switched out after 1 year from the date of allotment"
        },
        "main_scheme_name": "GROWW Value Fund",
        "metrics": {
            "alpha": null,
            "arithmetic_mean_ratio": null,
            "average_div_yld": null,
            "average_pb": null,
            "average_pe": null,
            "avg_maturity": null,
            "beta": "0.93",
            "correlation_ratio": null,
            "downside_deviation": null,
            "information_ratio": null,
            "macaulay": null,
            "mod_duration": null,
            "port_turnover_ratio": "1.47",
            "r_squared_ratio": "0.94",
            "roe_ratio": null,
            "sharpe": "0.48",
            "sortino_ratio": null,
            "std_dev": "4.0964",
            "tracking_error": null,
            "treynor_ratio": null,
            "upside_deviation": null,
            "ytm": null
        },
        "min_addl_amt": "\u20b9 100",
        "min_addl_amt_multiple": "\u20b9 1",
        "min_amt": "\u20b9 500",
        "min_amt_multiple": "\u20b9 1",
        "monthly_aaum_date": "31-03-2025",
        "monthly_aaum_value": "\u20b9 48.11 Crore",
        "mutual_fund_name": "Groww Mutual Fund",
        "page_number": [
            24,
            25
        ],
        "scheme_launch_date": "8th September, 2015"
    },
    "GROWW ELSS Tax Saver Fund": {
        "amc_name": "Groww Asset Management Company Limited",
        "benchmark_index": "BSE 500 TRI",
        "fund_manager": [
            {
                "managing_fund_since": "May 11, 2023",
                "name": "Anupam Tiwari",
                "qualification": "Head-Equity",
                "total_exp": "18 Years"
            }
        ],
        "load": {
            "entry_load": "Not Applicable",
            "exit_load": "Nil"
        },
        "main_scheme_name": "GROWW ELSS Tax Saver Fund",
        "metrics": {
            "alpha": null,
            "arithmetic_mean_ratio": null,
            "average_div_yld": null,
            "average_pb": null,
            "average_pe": null,
            "avg_maturity": null,
            "beta": "0.96",
            "correlation_ratio": null,
            "downside_deviation": null,
            "information_ratio": null,
            "macaulay": null,
            "mod_duration": null,
            "port_turnover_ratio": "1.83",
            "r_squared_ratio": "0.92",
            "roe_ratio": null,
            "sharpe": "0.35",
            "sortino_ratio": null,
            "std_dev": "4.2642",
            "tracking_error": null,
            "treynor_ratio": null,
            "upside_deviation": null,
            "ytm": null
        },
        "min_addl_amt": "\u20b9 500",
        "min_addl_amt_multiple": "\u20b9 500",
        "min_amt": "\u20b9 500",
        "min_amt_multiple": "\u20b9 500",
        "monthly_aaum_date": "31-03-2025",
        "monthly_aaum_value": "\u20b9 44.43 Crore",
        "mutual_fund_name": "Groww Mutual Fund",
        "page_number": [
            26,
            27
        ],
        "scheme_launch_date": "28th December, 2017"
    },
    "GROWW Multicap Fund": {
        "amc_name": "Groww Asset Management Company Limited",
        "benchmark_index": "Nifty 500 Multicap 502525 Index TRI",
        "fund_manager": [
            {
                "managing_fund_since": "December 16, 2024",
                "name": "Anupam Tiwari",
                "qualification": "Head-Equity",
                "total_exp": "18 Years"
            }
        ],
        "load": {
            "entry_load": "Not Applicable",
            "exit_load": "a) 1 if redeemed/ switched out within 1 year from the date of allotment. b) NIL, if redeemed/ switched out after 1 year from the date of allotment"
        },
        "main_scheme_name": "GROWW Multicap Fund",
        "metrics": {
            "alpha": null,
            "arithmetic_mean_ratio": null,
            "average_div_yld": null,
            "average_pb": null,
            "average_pe": null,
            "avg_maturity": null,
            "beta": null,
            "correlation_ratio": null,
            "downside_deviation": null,
            "information_ratio": null,
            "macaulay": null,
            "mod_duration": null,
            "port_turnover_ratio": null,
            "r_squared_ratio": null,
            "roe_ratio": null,
            "sharpe": null,
            "sortino_ratio": null,
            "std_dev": null,
            "tracking_error": null,
            "treynor_ratio": null,
            "upside_deviation": null,
            "ytm": null
        },
        "min_addl_amt": "\u20b9 100",
        "min_addl_amt_multiple": "\u20b9 1",
        "min_amt": "\u20b9 500",
        "min_amt_multiple": "\u20b9 1",
        "monthly_aaum_date": "31-03-2025",
        "monthly_aaum_value": "\u20b9 77.34 Crore",
        "mutual_fund_name": "Groww Mutual Fund",
        "page_number": [
            28
        ],
        "scheme_launch_date": "16th December, 2024"
    },
    "GROWW Nifty Total Market Index Fund": {
        "amc_name": "Groww Asset Management Company Limited",
        "benchmark_index": "Nifty Total Market Index TRI (Total Return Index)",
        "fund_manager": [
            {
                "managing_fund_since": "January 03, 2024",
                "name": "Abhishek Jain",
                "qualification": "Fund Manager  Dealer  Equity",
                "total_exp": "12 Years"
            },
            {
                "managing_fund_since": "February 21, 2025",
                "name": "Nikhil Satam",
                "qualification": "Fund Manager  Dealer  Equity",
                "total_exp": "06 Years"
            }
        ],
        "load": {
            "entry_load": "Nil",
            "exit_load": "0.25 if redeemed/ switched out within 7 Days from the date of allotment.  Nil - if redeemed/ switched out after 7 Days from the date of allotment"
        },
        "main_scheme_name": "GROWW Nifty Total Market Index Fund",
        "metrics": {
            "alpha": null,
            "arithmetic_mean_ratio": null,
            "average_div_yld": null,
            "average_pb": null,
            "average_pe": null,
            "avg_maturity": null,
            "beta": null,
            "correlation_ratio": null,
            "downside_deviation": null,
            "information_ratio": null,
            "macaulay": null,
            "mod_duration": null,
            "port_turnover_ratio": null,
            "r_squared_ratio": null,
            "roe_ratio": null,
            "sharpe": null,
            "sortino_ratio": null,
            "std_dev": null,
            "tracking_error": null,
            "treynor_ratio": null,
            "upside_deviation": null,
            "ytm": null
        },
        "min_addl_amt": "\u20b9 100",
        "min_addl_amt_multiple": "\u20b9 1",
        "min_amt": "\u20b9 500",
        "min_amt_multiple": "\u20b9 1",
        "monthly_aaum_date": "31-03-2025",
        "monthly_aaum_value": "\u20b9 263.46 Crore",
        "mutual_fund_name": "Groww Mutual Fund",
        "page_number": [
            29,
            30
        ],
        "scheme_launch_date": "23rd October, 2023"
    },
    "GROWW Banking & Financial Services Fund": {
        "amc_name": "Groww Asset Management Company Limited",
        "benchmark_index": "Nifty Financial Services Total Return Index",
        "fund_manager": [
            {
                "managing_fund_since": "Inception",
                "name": "Anupam Tiwari",
                "qualification": "Head-Equity",
                "total_exp": "18 Years"
            },
            {
                "managing_fund_since": "24Th March 2025",
                "name": "Saptarshee Chatterjee",
                "qualification": "Assistant Fund Manager",
                "total_exp": "08 Years"
            }
        ],
        "load": {
            "entry_load": "Nil",
            "exit_load": "For redemption / switch-out of units on or before 30 days from the date of allotment 1.00 of applicable NAV  For redemption / switch-out of units after 30 days from the date of allotment Nil"
        },
        "main_scheme_name": "GROWW Banking & Financial Services Fund",
        "metrics": {
            "alpha": null,
            "arithmetic_mean_ratio": null,
            "average_div_yld": null,
            "average_pb": null,
            "average_pe": null,
            "avg_maturity": null,
            "beta": null,
            "correlation_ratio": null,
            "downside_deviation": null,
            "information_ratio": null,
            "macaulay": null,
            "mod_duration": null,
            "port_turnover_ratio": null,
            "r_squared_ratio": null,
            "roe_ratio": null,
            "sharpe": null,
            "sortino_ratio": null,
            "std_dev": null,
            "tracking_error": null,
            "treynor_ratio": null,
            "upside_deviation": null,
            "ytm": null
        },
        "min_addl_amt": "\u20b9 100",
        "min_addl_amt_multiple": "\u20b9 1",
        "min_amt": "\u20b9 500",
        "min_amt_multiple": "\u20b9 1",
        "monthly_aaum_date": "31-03-2025",
        "monthly_aaum_value": "\u20b9 46.98 Crore",
        "mutual_fund_name": "Groww Mutual Fund",
        "page_number": [
            31
        ],
        "scheme_launch_date": "6th February, 2024"
    },
    "GROWW Nifty Smallcap 250 Index Fund": {
        "amc_name": "Groww Asset Management Company Limited",
        "benchmark_index": "Nifty Smallcap 250 Index TRI (Total Return Index)",
        "fund_manager": [
            {
                "managing_fund_since": "February 29, 2024",
                "name": "Abhishek Jain",
                "qualification": "Fund Manager  Dealer  Equity",
                "total_exp": "12 Years"
            },
            {
                "managing_fund_since": "February 21, 2025",
                "name": "Nikhil Satam",
                "qualification": "Fund Manager  Dealer  Equity",
                "total_exp": "06 Years"
            }
        ],
        "load": {
            "entry_load": "Not Applicable",
            "exit_load": "0.25 if redeemed/ switched out within 7 Days from the date of allotment.  Nil - if redeemed/ switched out after 7 Days from the date of allotment"
        },
        "main_scheme_name": "GROWW Nifty Smallcap 250 Index Fund",
        "metrics": {
            "alpha": null,
            "arithmetic_mean_ratio": null,
            "average_div_yld": null,
            "average_pb": null,
            "average_pe": null,
            "avg_maturity": null,
            "beta": null,
            "correlation_ratio": null,
            "downside_deviation": null,
            "information_ratio": null,
            "macaulay": null,
            "mod_duration": null,
            "port_turnover_ratio": null,
            "r_squared_ratio": null,
            "roe_ratio": null,
            "sharpe": null,
            "sortino_ratio": null,
            "std_dev": null,
            "tracking_error": null,
            "treynor_ratio": null,
            "upside_deviation": null,
            "ytm": null
        },
        "min_addl_amt": "\u20b9 500",
        "min_addl_amt_multiple": "\u20b9 1",
        "min_amt": "\u20b9 500",
        "min_amt_multiple": "\u20b9 1",
        "monthly_aaum_date": "31-03-2025",
        "monthly_aaum_value": "\u20b9 90.32 Crore",
        "mutual_fund_name": "Groww Mutual Fund",
        "page_number": [
            33
        ],
        "scheme_launch_date": "29th February, 2024"
    },
    "GROWW Nifty EV & New Age Automotive ETF FOF": {
        "amc_name": "Groww Asset Management Company Limited",
        "benchmark_index": "Nifty EV and New Age Automotive Index-TRI",
        "fund_manager": [
            {
                "managing_fund_since": "August 12, 2024",
                "name": "Abhishek Jain",
                "qualification": "Fund Manager  Dealer  Equity",
                "total_exp": "12 Years"
            },
            {
                "managing_fund_since": "February 21, 2025",
                "name": "Nikhil Satam",
                "qualification": "Fund Manager  Dealer  Equity",
                "total_exp": "06 Years"
            }
        ],
        "load": {
            "entry_load": "Nil",
            "exit_load": "If redeemed within 30 days from the date of allotment 1 If redeemed after 30 days from the date of allotment NIL"
        },
        "main_scheme_name": "GROWW Nifty EV & New Age Automotive ETF FOF",
        "metrics": {
            "alpha": null,
            "arithmetic_mean_ratio": null,
            "average_div_yld": null,
            "average_pb": null,
            "average_pe": null,
            "avg_maturity": null,
            "beta": null,
            "correlation_ratio": null,
            "downside_deviation": null,
            "information_ratio": null,
            "macaulay": null,
            "mod_duration": null,
            "port_turnover_ratio": null,
            "r_squared_ratio": null,
            "roe_ratio": null,
            "sharpe": null,
            "sortino_ratio": null,
            "std_dev": null,
            "tracking_error": null,
            "treynor_ratio": null,
            "upside_deviation": null,
            "ytm": null
        },
        "min_addl_amt": "\u20b9 500",
        "min_addl_amt_multiple": "\u20b9 1",
        "min_amt": "\u20b9 500",
        "min_amt_multiple": "\u20b9 1",
        "monthly_aaum_date": "31-03-2025",
        "monthly_aaum_value": "\u20b9 115.37 Crore",
        "mutual_fund_name": "Groww Mutual Fund",
        "page_number": [
            37
        ],
        "scheme_launch_date": "12th August, 2024"
    },
    "GROWW Nifty Non-Cyclical Consumer Index Fund": {
        "amc_name": "Groww Asset Management Company Limited",
        "benchmark_index": "Nifty Non-Cyclical Consumer Index TRI (Total Return Index)",
        "fund_manager": [
            {
                "managing_fund_since": "May 22, 2024",
                "name": "Abhishek Jain",
                "qualification": "Fund Manager  Dealer  Equity",
                "total_exp": "12 Years"
            },
            {
                "managing_fund_since": "February 21, 2025",
                "name": "Nikhil Satam",
                "qualification": "Fund Manager  Dealer  Equity",
                "total_exp": "06 Years"
            }
        ],
        "load": {
            "entry_load": "Nil",
            "exit_load": "In respect of each purchase/switch-in of units, an Exit load of 1 is payable if units are redeemed/switched-out within 30 days from the date of allotment.  No Exit Load is payable if units are redeemed / switched-out after 30 days from the date of allotment. No Entry / Exit Load shall be levied on Units allotted on Re-investment of Income Distribution cum Capital Withdrawal. In respect of Systematic Transactions such as SIP, STP, etc. Exit Load, if any, prevailing on the date of registration / enrolment shall be levied."
        },
        "main_scheme_name": "GROWW Nifty Non-Cyclical Consumer Index Fund",
        "metrics": {
            "alpha": null,
            "arithmetic_mean_ratio": null,
            "average_div_yld": null,
            "average_pb": null,
            "average_pe": null,
            "avg_maturity": null,
            "beta": null,
            "correlation_ratio": null,
            "downside_deviation": null,
            "information_ratio": null,
            "macaulay": null,
            "mod_duration": null,
            "port_turnover_ratio": null,
            "r_squared_ratio": null,
            "roe_ratio": null,
            "sharpe": null,
            "sortino_ratio": null,
            "std_dev": null,
            "tracking_error": null,
            "treynor_ratio": null,
            "upside_deviation": null,
            "ytm": null
        },
        "min_addl_amt": "\u20b9 500",
        "min_addl_amt_multiple": "\u20b9 1",
        "min_amt": "\u20b9 500",
        "min_amt_multiple": "\u20b9 1",
        "monthly_aaum_date": "31-03-2025",
        "monthly_aaum_value": "\u20b9 44.50 Crore",
        "mutual_fund_name": "Groww Mutual Fund",
        "page_number": [
            38
        ],
        "scheme_launch_date": "22nd May, 2024"
    },
    "GROWW Liquid Fund": {
        "amc_name": "Groww Asset Management Company Limited",
        "benchmark_index": "CRISIL Liquid Debt A-I Index",
        "fund_manager": [
            {
                "managing_fund_since": "May 11, 2023",
                "name": "Kaustubh Sule",
                "qualification": "",
                "total_exp": "17 Years"
            }
        ],
        "load": {
            "entry_load": "Not Applicable",
            "exit_load": "Investor exit Day 7 Day 1 Day 2 Day 3 Day 4 Day 5 Day 6 upon subscription onwards Exit Load as a  of redemption proceeds 0.0070 0.0065 0.0060 0.0055 0.0050 0.0045 0.0000 The date of applicable NAV towards redemption units shall be considered for calculating the number of subscription days."
        },
        "main_scheme_name": "GROWW Liquid Fund",
        "metrics": {
            "alpha": null,
            "arithmetic_mean_ratio": null,
            "average_div_yld": null,
            "average_pb": null,
            "average_pe": null,
            "avg_maturity": "62.89 Days",
            "beta": null,
            "correlation_ratio": null,
            "downside_deviation": null,
            "information_ratio": null,
            "macaulay": "62.75 Days",
            "mod_duration": "62.11 Days",
            "port_turnover_ratio": null,
            "r_squared_ratio": null,
            "roe_ratio": null,
            "sharpe": null,
            "sortino_ratio": null,
            "std_dev": null,
            "tracking_error": null,
            "treynor_ratio": null,
            "upside_deviation": null,
            "ytm": "7.07"
        },
        "min_addl_amt": "\u20b9 100",
        "min_addl_amt_multiple": "\u20b9 1",
        "min_amt": "\u20b9 500",
        "min_amt_multiple": "\u20b9 1",
        "monthly_aaum_date": "31-03-2025",
        "monthly_aaum_value": "\u20b9 157.32 Crore",
        "mutual_fund_name": "Groww Mutual Fund",
        "page_number": [
            51,
            52
        ],
        "scheme_launch_date": "25th October, 2011"
    },
    "GROWW Nifty India Defence ETF": {
        "amc_name": "Groww Asset Management Company Limited",
        "benchmark_index": "Nifty India Defence Index - TRI",
        "fund_manager": [
            {
                "managing_fund_since": "Inception",
                "name": "Abhishek Jain",
                "qualification": "Fund Manager  Dealer  Equity",
                "total_exp": "12 Years"
            },
            {
                "managing_fund_since": "February 21, 2025",
                "name": "Nikhil Satam",
                "qualification": "Fund Manager  Dealer  Equity",
                "total_exp": "06 Years"
            }
        ],
        "load": {
            "entry_load": "Nil",
            "exit_load": "If redeemed within 30 days from the date of allotment 1 If redeemed after 30 days from the date of allotment NIL"
        },
        "main_scheme_name": "GROWW Nifty India Defence ETF",
        "metrics": {
            "alpha": null,
            "arithmetic_mean_ratio": null,
            "average_div_yld": null,
            "average_pb": null,
            "average_pe": null,
            "avg_maturity": null,
            "beta": null,
            "correlation_ratio": null,
            "downside_deviation": null,
            "information_ratio": null,
            "macaulay": null,
            "mod_duration": null,
            "port_turnover_ratio": null,
            "r_squared_ratio": null,
            "roe_ratio": null,
            "sharpe": null,
            "sortino_ratio": null,
            "std_dev": null,
            "tracking_error": null,
            "treynor_ratio": null,
            "upside_deviation": null,
            "ytm": null
        },
        "min_addl_amt": "\u20b9 500",
        "min_addl_amt_multiple": "\u20b9 1",
        "min_amt": "\u20b9 500",
        "min_amt_multiple": "\u20b9 1",
        "monthly_aaum_date": "31-03-2025",
        "monthly_aaum_value": "\u20b9 30.98 Crore",
        "mutual_fund_name": "Groww Mutual Fund",
        "page_number": [
            42
        ],
        "scheme_launch_date": "11th October, 2024"
    },
    "GROWW Gold ETF": {
        "amc_name": "Groww Asset Management Company Limited",
        "benchmark_index": "Domestic Price of Gold",
        "fund_manager": [
            {
                "managing_fund_since": "Inception",
                "name": "Wilfred Gonsalves",
                "qualification": "",
                "total_exp": "07 Years"
            }
        ],
        "load": {
            "entry_load": "Nil",
            "exit_load": "If redeemed within 30 days from the date of allotment 1 If redeemed after 30 days from the date of allotment NIL"
        },
        "main_scheme_name": "GROWW Gold ETF",
        "metrics": {
            "alpha": null,
            "arithmetic_mean_ratio": null,
            "average_div_yld": null,
            "average_pb": null,
            "average_pe": null,
            "avg_maturity": null,
            "beta": null,
            "correlation_ratio": null,
            "downside_deviation": null,
            "information_ratio": null,
            "macaulay": null,
            "mod_duration": null,
            "port_turnover_ratio": null,
            "r_squared_ratio": null,
            "roe_ratio": null,
            "sharpe": null,
            "sortino_ratio": null,
            "std_dev": null,
            "tracking_error": null,
            "treynor_ratio": null,
            "upside_deviation": null,
            "ytm": null
        },
        "min_addl_amt": "\u20b9 500",
        "min_addl_amt_multiple": "\u20b9 1",
        "min_amt": "\u20b9 500",
        "min_amt_multiple": "\u20b9 1",
        "monthly_aaum_date": "31-03-2025",
        "monthly_aaum_value": "\u20b9 21.94 Crore",
        "mutual_fund_name": "Groww Mutual Fund",
        "page_number": [
            44
        ],
        "scheme_launch_date": "06th November, 2024"
    },
    "GROWW Nifty India Railways PSU Index Fund": {
        "amc_name": "Groww Asset Management Company Limited",
        "benchmark_index": "Nifty India Railways PSU Index - TRI.",
        "fund_manager": [
            {
                "managing_fund_since": "Inception",
                "name": "Abhishek Jain",
                "qualification": "Fund Manager  Dealer  Equity",
                "total_exp": "12 Years"
            },
            {
                "managing_fund_since": "February 21, 2025",
                "name": "Nikhil Satam",
                "qualification": "",
                "total_exp": "06 Years"
            }
        ],
        "load": {
            "entry_load": "Nil",
            "exit_load": "1, if redeemed within 30 days"
        },
        "main_scheme_name": "GROWW Nifty India Railways PSU Index Fund",
        "metrics": {
            "alpha": null,
            "arithmetic_mean_ratio": null,
            "average_div_yld": null,
            "average_pb": null,
            "average_pe": null,
            "avg_maturity": null,
            "beta": null,
            "correlation_ratio": null,
            "downside_deviation": null,
            "information_ratio": null,
            "macaulay": null,
            "mod_duration": null,
            "port_turnover_ratio": null,
            "r_squared_ratio": null,
            "roe_ratio": null,
            "sharpe": null,
            "sortino_ratio": null,
            "std_dev": null,
            "tracking_error": null,
            "treynor_ratio": null,
            "upside_deviation": null,
            "ytm": null
        },
        "min_addl_amt": "\u20b9 500",
        "min_addl_amt_multiple": "\u20b9 1",
        "min_amt": "\u20b9 500",
        "min_amt_multiple": "\u20b9 1",
        "monthly_aaum_date": "31-03-2025",
        "monthly_aaum_value": "\u20b9 21.70 Crore",
        "mutual_fund_name": "Groww Mutual Fund",
        "page_number": [
            45
        ],
        "scheme_launch_date": "04th February, 2025"
    },
    "GROWW Nifty India Railways PSU ETF": {
        "amc_name": "Groww Asset Management Company Limited",
        "benchmark_index": "Nifty India Railways PSU India- TRI",
        "fund_manager": [
            {
                "managing_fund_since": "Inception",
                "name": "Abhishek Jain",
                "qualification": "Fund Manager  Dealer  Equity",
                "total_exp": "12 Years"
            },
            {
                "managing_fund_since": "February 21, 2025",
                "name": "Nikhil Satam",
                "qualification": "",
                "total_exp": "06 Years"
            }
        ],
        "load": {
            "entry_load": "Nil",
            "exit_load": "NIL"
        },
        "main_scheme_name": "GROWW Nifty India Railways PSU ETF",
        "metrics": {
            "alpha": null,
            "arithmetic_mean_ratio": null,
            "average_div_yld": null,
            "average_pb": null,
            "average_pe": null,
            "avg_maturity": null,
            "beta": null,
            "correlation_ratio": null,
            "downside_deviation": null,
            "information_ratio": null,
            "macaulay": null,
            "mod_duration": null,
            "port_turnover_ratio": null,
            "r_squared_ratio": null,
            "roe_ratio": null,
            "sharpe": null,
            "sortino_ratio": null,
            "std_dev": null,
            "tracking_error": null,
            "treynor_ratio": null,
            "upside_deviation": null,
            "ytm": null
        },
        "min_addl_amt": "\u20b9 500",
        "min_addl_amt_multiple": "\u20b9 1",
        "min_amt": "\u20b9 500",
        "min_amt_multiple": "\u20b9 1",
        "monthly_aaum_date": "31-03-2025",
        "monthly_aaum_value": "\u20b9 27.35 Crore",
        "mutual_fund_name": "Groww Mutual Fund",
        "page_number": [
            46
        ],
        "scheme_launch_date": "05th February, 2025"
    },
    "GROWW Nifty 200 ETF": {
        "amc_name": "Groww Asset Management Company Limited",
        "benchmark_index": "Nifty 200 Index TRI",
        "fund_manager": [
            {
                "managing_fund_since": "Inception",
                "name": "Abhishek Jain",
                "qualification": "Fund Manager  Dealer  Equity",
                "total_exp": "12 Years"
            }
        ],
        "load": {
            "entry_load": "Nil",
            "exit_load": "If redeemed within 30 days from the date of allotment 1 If redeemed after 30 days from the date of allotment NIL"
        },
        "main_scheme_name": "GROWW Nifty 200 ETF",
        "metrics": {
            "alpha": null,
            "arithmetic_mean_ratio": null,
            "average_div_yld": null,
            "average_pb": null,
            "average_pe": null,
            "avg_maturity": null,
            "beta": null,
            "correlation_ratio": null,
            "downside_deviation": null,
            "information_ratio": null,
            "macaulay": null,
            "mod_duration": null,
            "port_turnover_ratio": null,
            "r_squared_ratio": null,
            "roe_ratio": null,
            "sharpe": null,
            "sortino_ratio": null,
            "std_dev": null,
            "tracking_error": null,
            "treynor_ratio": null,
            "upside_deviation": null,
            "ytm": null
        },
        "min_addl_amt": "\u20b9 500",
        "min_addl_amt_multiple": "\u20b9 1",
        "min_amt": "\u20b9 500",
        "min_amt_multiple": "\u20b9 1",
        "monthly_aaum_date": "31-03-2025",
        "monthly_aaum_value": "\u20b9 12.82 Crore",
        "mutual_fund_name": "Groww Mutual Fund",
        "page_number": [
            48
        ],
        "scheme_launch_date": "28th February, 2025"
    },
    "GROWW Overnight Fund": {
        "amc_name": "Groww Asset Management Company Limited",
        "benchmark_index": "CRISIL Liquid Overnight Index",
        "fund_manager": [
            {
                "managing_fund_since": "May 11, 2023",
                "name": "Kaustubh Sule",
                "qualification": "",
                "total_exp": "17 Years"
            }
        ],
        "load": {
            "entry_load": "Not Applicable",
            "exit_load": "Nil"
        },
        "main_scheme_name": "GROWW Overnight Fund",
        "metrics": {
            "alpha": null,
            "arithmetic_mean_ratio": null,
            "average_div_yld": null,
            "average_pb": null,
            "average_pe": null,
            "avg_maturity": "1.98 Days",
            "beta": null,
            "correlation_ratio": null,
            "downside_deviation": null,
            "information_ratio": null,
            "macaulay": "1.98 Days",
            "mod_duration": "1.98 Days",
            "port_turnover_ratio": null,
            "r_squared_ratio": null,
            "roe_ratio": null,
            "sharpe": null,
            "sortino_ratio": null,
            "std_dev": null,
            "tracking_error": null,
            "treynor_ratio": null,
            "upside_deviation": null,
            "ytm": "6.85"
        },
        "min_addl_amt": "\u20b9 100",
        "min_addl_amt_multiple": "\u20b9 1",
        "min_amt": "\u20b9 500",
        "min_amt_multiple": "\u20b9 1",
        "monthly_aaum_date": "31-03-2025",
        "monthly_aaum_value": "\u20b9 17.81 Crore",
        "mutual_fund_name": "Groww Mutual Fund",
        "page_number": [
            49
        ],
        "scheme_launch_date": "08th July, 2019"
    },
    "GROWW Short Duration Fund": {
        "amc_name": "Groww Asset Management Company Limited",
        "benchmark_index": "CRISIL Short Duration Debt A-II Index",
        "fund_manager": [
            {
                "managing_fund_since": "May 11, 2023",
                "name": "Kaustubh Sule",
                "qualification": "",
                "total_exp": "17 Years"
            }
        ],
        "load": {
            "entry_load": "Not Applicable",
            "exit_load": "Nil"
        },
        "main_scheme_name": "GROWW Short Duration Fund",
        "metrics": {
            "alpha": null,
            "arithmetic_mean_ratio": null,
            "average_div_yld": null,
            "average_pb": null,
            "average_pe": null,
            "avg_maturity": "3.26 Years",
            "beta": null,
            "correlation_ratio": null,
            "downside_deviation": null,
            "information_ratio": null,
            "macaulay": "2.84 Years",
            "mod_duration": "2.67 Years",
            "port_turnover_ratio": null,
            "r_squared_ratio": null,
            "roe_ratio": null,
            "sharpe": null,
            "sortino_ratio": null,
            "std_dev": null,
            "tracking_error": null,
            "treynor_ratio": null,
            "upside_deviation": null,
            "ytm": "7.21"
        },
        "min_addl_amt": "\u20b9 100",
        "min_addl_amt_multiple": "\u20b9 1",
        "min_amt": "\u20b9 500",
        "min_amt_multiple": "\u20b9 1",
        "monthly_aaum_date": "31-03-2025",
        "monthly_aaum_value": "\u20b9 66.36 Crore",
        "mutual_fund_name": "Groww Mutual Fund",
        "page_number": [
            53,
            54
        ],
        "scheme_launch_date": "13th September, 2013"
    },
    "GROWW Dynamic Bond Fund": {
        "amc_name": "Groww Asset Management Company Limited",
        "benchmark_index": "CRISIL Dynamic Bond A-III Index",
        "fund_manager": [
            {
                "managing_fund_since": "May 11, 2023",
                "name": "Kaustubh Sule",
                "qualification": "",
                "total_exp": "17 Years"
            }
        ],
        "load": {
            "entry_load": "Not Applicable",
            "exit_load": "Nil"
        },
        "main_scheme_name": "GROWW Dynamic Bond Fund",
        "metrics": {
            "alpha": null,
            "arithmetic_mean_ratio": null,
            "average_div_yld": null,
            "average_pb": null,
            "average_pe": null,
            "avg_maturity": "25.99 Years",
            "beta": null,
            "correlation_ratio": null,
            "downside_deviation": null,
            "information_ratio": null,
            "macaulay": "9.80 Years",
            "mod_duration": "9.47 Years",
            "port_turnover_ratio": null,
            "r_squared_ratio": null,
            "roe_ratio": null,
            "sharpe": null,
            "sortino_ratio": null,
            "std_dev": null,
            "tracking_error": null,
            "treynor_ratio": null,
            "upside_deviation": null,
            "ytm": "7.05"
        },
        "min_addl_amt": "\u20b9 100",
        "min_addl_amt_multiple": "\u20b9 1",
        "min_amt": "\u20b9 500",
        "min_amt_multiple": "\u20b9 1",
        "monthly_aaum_date": "31-03-2025",
        "monthly_aaum_value": "\u20b9 61.60 Crore",
        "mutual_fund_name": "Groww Mutual Fund",
        "page_number": [
            55
        ],
        "scheme_launch_date": "06th December, 2018"
    }
}