{
    "360 ONE FOCUSED EQUITY FUND": {
        "amc_name": "360 ONE Asset Management Limited",
        "benchmark_index": "BSE 500 TRI",
        "fund_manager": [
            {
                "managing_fund_since": "",
                "name": "Mayur Patel Mr. Mayur Patel",
                "qualification": "",
                "total_exp": "20 Years"
            },
            {
                "managing_fund_since": "",
                "name": "Ashish Ongari Mr. Ashish",
                "qualification": "",
                "total_exp": "Six Years"
            }
        ],
        "load": {
            "entry_load": "NIL",
            "exit_load": "1 - if redeemedswitched out, on or before 12 months from the date of allotment w.e.f April 02, 2019."
        },
        "main_scheme_name": "360 ONE FOCUSED EQUITY FUND",
        "metrics": {
            "alpha": null,
            "arithmetic_mean_ratio": null,
            "average_div_yld": null,
            "average_pb": null,
            "average_pe": null,
            "avg_maturity": null,
            "beta": "0.90",
            "correlation_ratio": null,
            "downside_deviation": null,
            "information_ratio": null,
            "macaulay": null,
            "mod_duration": null,
            "port_turnover_ratio": "0.32",
            "r_squared_ratio": "0.92",
            "roe_ratio": null,
            "sharpe": "0.54",
            "sortino_ratio": null,
            "std_dev": "13.86",
            "tracking_error": null,
            "treynor_ratio": "0.69",
            "upside_deviation": null,
            "ytm": null
        },
        "min_addl_amt": "\u20b9 1,000",
        "min_addl_amt_multiple": "\u20b9 1",
        "min_amt": "\u20b9 1,000",
        "min_amt_multiple": "\u20b9 1",
        "monthly_aaum_date": "31-03-2025",
        "monthly_aaum_value": "\u20b9 6,567.14 crore",
        "mutual_fund_name": "360 ONE Mutual Fund",
        "page_number": [
            5
        ],
        "scheme_launch_date": "October 30, 2014"
    },
    "360 ONE FLEXICAP FUND": {
        "amc_name": "360 ONE Asset Management Limited",
        "benchmark_index": "BSE 500 TRI",
        "fund_manager": [
            {
                "managing_fund_since": "",
                "name": "Mayur Patel Mr. Mayur Patel",
                "qualification": "",
                "total_exp": "20 Years"
            },
            {
                "managing_fund_since": "",
                "name": "Ashish Ongari Mr. Ashish",
                "qualification": "",
                "total_exp": "Six Years"
            }
        ],
        "load": {
            "entry_load": "NIL",
            "exit_load": "For redemptionswitchout of units before 365 days from the date of allotment - 1 of the applicable NAV For redemptionswitched- out of units on or after 365 days from the date of allotment  NIL"
        },
        "main_scheme_name": "360 ONE FLEXICAP FUND",
        "metrics": {
            "alpha": null,
            "arithmetic_mean_ratio": null,
            "average_div_yld": null,
            "average_pb": null,
            "average_pe": null,
            "avg_maturity": null,
            "beta": "NA",
            "correlation_ratio": null,
            "downside_deviation": null,
            "information_ratio": null,
            "macaulay": null,
            "mod_duration": null,
            "port_turnover_ratio": "0.26",
            "r_squared_ratio": "NA",
            "roe_ratio": null,
            "sharpe": "NA",
            "sortino_ratio": null,
            "std_dev": "NA",
            "tracking_error": null,
            "treynor_ratio": "NA",
            "upside_deviation": null,
            "ytm": null
        },
        "min_addl_amt": "\u20b9 1,000",
        "min_addl_amt_multiple": "\u20b9 1",
        "min_amt": "\u20b9 1,000",
        "min_amt_multiple": "\u20b9 1",
        "monthly_aaum_date": "31-03-2025",
        "monthly_aaum_value": "\u20b9 1,398.34 crore",
        "mutual_fund_name": "360 ONE Mutual Fund",
        "page_number": [
            6
        ],
        "scheme_launch_date": "June 30, 2023"
    },
    "360 ONE QUANT FUND": {
        "amc_name": "360 ONE Asset Management Limited",
        "benchmark_index": "BSE 200 TRI",
        "fund_manager": [
            {
                "managing_fund_since": "",
                "name": "Parijat Garg Mr. Parijat",
                "qualification": "",
                "total_exp": "16 Years"
            },
            {
                "managing_fund_since": "",
                "name": "Ashish Ongari Mr. Ashish",
                "qualification": "",
                "total_exp": "Six Years"
            }
        ],
        "load": {
            "entry_load": "NIL",
            "exit_load": "1 - if redeemedswitched out, on or before 12 onths from the date of allotment"
        },
        "main_scheme_name": "360 ONE QUANT FUND",
        "metrics": {
            "alpha": null,
            "arithmetic_mean_ratio": null,
            "average_div_yld": null,
            "average_pb": null,
            "average_pe": null,
            "avg_maturity": null,
            "beta": "1.23",
            "correlation_ratio": null,
            "downside_deviation": null,
            "information_ratio": null,
            "macaulay": null,
            "mod_duration": null,
            "port_turnover_ratio": "0.62",
            "r_squared_ratio": "0.92",
            "roe_ratio": null,
            "sharpe": "0.71",
            "sortino_ratio": null,
            "std_dev": "18.63",
            "tracking_error": null,
            "treynor_ratio": "0.89",
            "upside_deviation": null,
            "ytm": null
        },
        "min_addl_amt": "\u20b9 1,000",
        "min_addl_amt_multiple": "\u20b9 1",
        "min_amt": "\u20b9 1,000",
        "min_amt_multiple": "\u20b9 1",
        "monthly_aaum_date": "31-03-2025",
        "monthly_aaum_value": "\u20b9 605.09 crore",
        "mutual_fund_name": "360 ONE Mutual Fund",
        "page_number": [
            7
        ],
        "scheme_launch_date": "November 29, 2021"
    },
    "360 ONE ELSS TAX SAVER NIFTY 50 INDEX FUND": {
        "amc_name": "360 ONE Asset Management Limited",
        "benchmark_index": "NIFTY 50 TRI",
        "fund_manager": [
            {
                "managing_fund_since": "",
                "name": "Parijat Garg Mr. Parijat",
                "qualification": "",
                "total_exp": "16 Years"
            },
            {
                "managing_fund_since": "",
                "name": "Ashish Ongari Mr. Ashish",
                "qualification": "",
                "total_exp": "Six Years"
            }
        ],
        "load": {
            "entry_load": "NIL",
            "exit_load": "NIL"
        },
        "main_scheme_name": "360 ONE ELSS TAX SAVER NIFTY 50 INDEX FUND",
        "metrics": {
            "alpha": null,
            "arithmetic_mean_ratio": null,
            "average_div_yld": null,
            "average_pb": null,
            "average_pe": null,
            "avg_maturity": null,
            "beta": null,
            "correlation_ratio": null,
            "downside_deviation": null,
            "information_ratio": null,
            "macaulay": null,
            "mod_duration": null,
            "port_turnover_ratio": "0.06",
            "r_squared_ratio": null,
            "roe_ratio": null,
            "sharpe": null,
            "sortino_ratio": null,
            "std_dev": null,
            "tracking_error": "0.12",
            "treynor_ratio": null,
            "upside_deviation": null,
            "ytm": null
        },
        "min_addl_amt": "\u20b9 500",
        "min_addl_amt_multiple": "\u20b9 500",
        "min_amt": "\u20b9 500",
        "min_amt_multiple": "\u20b9 500",
        "monthly_aaum_date": "31-03-2025",
        "monthly_aaum_value": "\u20b9 76.40 crore",
        "mutual_fund_name": "360 ONE Mutual Fund",
        "page_number": [
            8
        ],
        "scheme_launch_date": "December 28, 2022"
    },
    "360 ONE BALANCED HYBRID FUND": {
        "amc_name": "360 ONE Asset Management Limited",
        "benchmark_index": "Nifty 50 Hybrid Composite Debt 5050 Index",
        "fund_manager": [
            {
                "managing_fund_since": "",
                "name": "Mayur Patel Equity Mr. Mayur Patel",
                "qualification": "",
                "total_exp": "20 Years"
            },
            {
                "managing_fund_since": "",
                "name": "Ashish Equity Ongari Mr. Ashish",
                "qualification": "",
                "total_exp": "Six Years"
            },
            {
                "managing_fund_since": "",
                "name": "Milan Mody Debt Mr. Mody",
                "qualification": "",
                "total_exp": "20 Years"
            },
            {
                "managing_fund_since": "",
                "name": "Manumaharaj Debt Saravanaraj Mr. Saravanaraj",
                "qualification": "",
                "total_exp": "1 Year"
            }
        ],
        "load": {
            "entry_load": "NIL",
            "exit_load": "- Redemption  switch-out of 10 of Units alloted on or before completion of 12 months from the date of allotment- NIL exit load. - Redemption switch out in excess of the 10 of Units allotted on or before completion of 12 months from the date of allotment 1.00 exit load. - Nil - if redeemed  switched out after 12 months from the date of allotment"
        },
        "main_scheme_name": "360 ONE BALANCED HYBRID FUND",
        "metrics": {
            "alpha": null,
            "arithmetic_mean_ratio": null,
            "average_div_yld": null,
            "average_pb": null,
            "average_pe": null,
            "avg_maturity": "3.0870 years",
            "beta": "NA",
            "correlation_ratio": null,
            "downside_deviation": null,
            "information_ratio": null,
            "macaulay": "2.6780 years",
            "mod_duration": null,
            "port_turnover_ratio": "0.60",
            "r_squared_ratio": "NA",
            "roe_ratio": null,
            "sharpe": "NA",
            "sortino_ratio": null,
            "std_dev": "NA",
            "tracking_error": null,
            "treynor_ratio": "NA",
            "upside_deviation": null,
            "ytm": "7.2641"
        },
        "min_addl_amt": "\u20b9 1000",
        "min_addl_amt_multiple": "\u20b9 1",
        "min_amt": "\u20b9 1000",
        "min_amt_multiple": "\u20b9 1",
        "monthly_aaum_date": "31-03-2025",
        "monthly_aaum_value": "\u20b9 826.51 crore",
        "mutual_fund_name": "360 ONE Mutual Fund",
        "page_number": [
            9,
            10
        ],
        "scheme_launch_date": "September 25, 2023"
    },
    "360 ONE DYNAMIC BOND FUND": {
        "amc_name": "360 ONE Asset Management Limited",
        "benchmark_index": "CRISIL Dynamic Bond A-III Index",
        "fund_manager": [
            {
                "managing_fund_since": "",
                "name": "Milan Mody Mr. Mody",
                "qualification": "",
                "total_exp": "20 Years"
            },
            {
                "managing_fund_since": "",
                "name": "Manumaharaj Co- Fund Manager Saravanaraj Mr. Saravanaraj",
                "qualification": "",
                "total_exp": "1 Year"
            }
        ],
        "load": {
            "entry_load": "NIL",
            "exit_load": "NIL"
        },
        "main_scheme_name": "360 ONE DYNAMIC BOND FUND",
        "metrics": {
            "alpha": null,
            "arithmetic_mean_ratio": null,
            "average_div_yld": null,
            "average_pb": null,
            "average_pe": null,
            "avg_maturity": "6.3987 years",
            "beta": null,
            "correlation_ratio": null,
            "downside_deviation": null,
            "information_ratio": null,
            "macaulay": "4.8549 years",
            "mod_duration": null,
            "port_turnover_ratio": null,
            "r_squared_ratio": null,
            "roe_ratio": null,
            "sharpe": null,
            "sortino_ratio": null,
            "std_dev": null,
            "tracking_error": null,
            "treynor_ratio": null,
            "upside_deviation": null,
            "ytm": "7.2745"
        },
        "min_addl_amt": "\u20b9 1000",
        "min_addl_amt_multiple": "\u20b9 1",
        "min_amt": "\u20b9 10,000",
        "min_amt_multiple": "\u20b9 1",
        "monthly_aaum_date": "31-03-2025",
        "monthly_aaum_value": "\u20b9 716.82 crore",
        "mutual_fund_name": "360 ONE Mutual Fund",
        "page_number": [
            11
        ],
        "scheme_launch_date": "June 24, 2013"
    },
    "360 ONE LIQUID FUND": {
        "amc_name": "360 ONE Asset Management Limited",
        "benchmark_index": "CRISIL Liquid Debt A-I Index",
        "fund_manager": [
            {
                "managing_fund_since": "",
                "name": "Milan Mody Mr. Mody",
                "qualification": "",
                "total_exp": "20 Years"
            },
            {
                "managing_fund_since": "",
                "name": "Manumaharaj Co- Fund Manager Saravanaraj Mr. Saravanaraj",
                "qualification": "",
                "total_exp": "1 Year"
            }
        ],
        "load": {
            "entry_load": "NIL",
            "exit_load": "Investor exit upon Exit load as a  of Subscription redemption proceeds Day 1  0.0070 Day 2  0.0065 Day 3  0.0060 Day 4  0.0055 Day 5  0.0050 Day 6  0.0045 Day 7 Onwards  0.0000 Past performance may or may not be sustained in future. Different plans shall have different expense structure. Point to Point (PTP) returns in is based on stan"
        },
        "main_scheme_name": "360 ONE LIQUID FUND",
        "metrics": {
            "alpha": null,
            "arithmetic_mean_ratio": null,
            "average_div_yld": null,
            "average_pb": null,
            "average_pe": null,
            "avg_maturity": "0.1195 years",
            "beta": null,
            "correlation_ratio": null,
            "downside_deviation": null,
            "information_ratio": null,
            "macaulay": "0.1192 years",
            "mod_duration": null,
            "port_turnover_ratio": null,
            "r_squared_ratio": null,
            "roe_ratio": null,
            "sharpe": null,
            "sortino_ratio": null,
            "std_dev": null,
            "tracking_error": null,
            "treynor_ratio": null,
            "upside_deviation": null,
            "ytm": "7.0178"
        },
        "min_addl_amt": "\u20b9 1000",
        "min_addl_amt_multiple": "\u20b9 1",
        "min_amt": "\u20b9 5,000",
        "min_amt_multiple": "\u20b9 1",
        "monthly_aaum_date": "31-03-2025",
        "monthly_aaum_value": "\u20b9 1,029.71 crore",
        "mutual_fund_name": "360 ONE Mutual Fund",
        "page_number": [
            12
        ],
        "scheme_launch_date": "November 13, 2013"
    },
    "360 ONE Gold ETF": {
        "amc_name": "360 ONE Asset Management Limited",
        "benchmark_index": "Domestic Prices of Gold",
        "fund_manager": [
            {
                "managing_fund_since": "",
                "name": "Rahul Khetawat Mr. Khetawat",
                "qualification": "",
                "total_exp": "14 Years"
            }
        ],
        "load": {
            "entry_load": "NIL",
            "exit_load": "NIL"
        },
        "main_scheme_name": "360 ONE Gold ETF",
        "metrics": {
            "alpha": null,
            "arithmetic_mean_ratio": null,
            "average_div_yld": null,
            "average_pb": null,
            "average_pe": null,
            "avg_maturity": null,
            "beta": null,
            "correlation_ratio": null,
            "downside_deviation": null,
            "information_ratio": null,
            "macaulay": null,
            "mod_duration": null,
            "port_turnover_ratio": null,
            "r_squared_ratio": null,
            "roe_ratio": null,
            "sharpe": null,
            "sortino_ratio": null,
            "std_dev": null,
            "tracking_error": "0.43",
            "treynor_ratio": null,
            "upside_deviation": null,
            "ytm": null
        },
        "min_addl_amt": "\u20b9 1",
        "min_addl_amt_multiple": ",",
        "min_amt": "",
        "min_amt_multiple": "",
        "monthly_aaum_date": "31-03-2025",
        "monthly_aaum_value": "\u20b9 10.25 crore",
        "mutual_fund_name": "360 ONE Mutual Fund",
        "page_number": [
            13
        ],
        "scheme_launch_date": "March 07, 2025"
    },
    "360 ONE Silver ETF": {
        "amc_name": "360 ONE Asset Management Limited",
        "benchmark_index": "Domestic Prices of Silver",
        "fund_manager": [
            {
                "managing_fund_since": "",
                "name": "Rahul Khetawat Mr. Khetawat",
                "qualification": "",
                "total_exp": "14 Years"
            }
        ],
        "load": {
            "entry_load": "NIL",
            "exit_load": "NIL"
        },
        "main_scheme_name": "360 ONE Silver ETF",
        "metrics": {
            "alpha": null,
            "arithmetic_mean_ratio": null,
            "average_div_yld": null,
            "average_pb": null,
            "average_pe": null,
            "avg_maturity": null,
            "beta": null,
            "correlation_ratio": null,
            "downside_deviation": null,
            "information_ratio": null,
            "macaulay": null,
            "mod_duration": null,
            "port_turnover_ratio": null,
            "r_squared_ratio": null,
            "roe_ratio": null,
            "sharpe": null,
            "sortino_ratio": null,
            "std_dev": null,
            "tracking_error": "03",
            "treynor_ratio": null,
            "upside_deviation": null,
            "ytm": null
        },
        "min_addl_amt": "\u20b9 1",
        "min_addl_amt_multiple": ",",
        "min_amt": "",
        "min_amt_multiple": "",
        "monthly_aaum_date": "31-03-2025",
        "monthly_aaum_value": "\u20b9 0.89 crore",
        "mutual_fund_name": "360 ONE Mutual Fund",
        "page_number": [
            14
        ],
        "scheme_launch_date": "March 28, 2025"
    }
}