{
    "CANARA ROBECO FLEXICAP FUND (CRFCF)": {
        "amc_name": "Canara Robeco Asset Management Company Limited",
        "benchmark_index": "BSE 500 TRI",
        "fund_manager": [
            {
                "managing_fund_since": "5-July-16",
                "name": "Shridatta Bhandwaldar",
                "qualification": "",
                "total_exp": "19 Years"
            },
            {
                "managing_fund_since": "6-Nov-23",
                "name": "Pranav Gokhale",
                "qualification": "",
                "total_exp": "23 Years"
            }
        ],
        "load": {
            "entry_load": "Nil",
            "exit_load": "1 - if redeemedswitched out within 1 year from the date of allotment. Nil  if redeemed  switched out after 1 year from the date of allotment."
        },
        "main_scheme_name": "CANARA ROBECO FLEXICAP FUND (CRFCF)",
        "metrics": {
            "alpha": null,
            "arithmetic_mean_ratio": null,
            "average_div_yld": null,
            "average_pb": null,
            "average_pe": null,
            "avg_maturity": null,
            "beta": "0.90",
            "correlation_ratio": null,
            "downside_deviation": null,
            "information_ratio": null,
            "macaulay": null,
            "mod_duration": null,
            "port_turnover_ratio": "0.3",
            "r_squared_ratio": null,
            "roe_ratio": null,
            "rsquared": "0.97",
            "sharpe": "0.39",
            "sortino_ratio": null,
            "std_dev": "14.17",
            "tracking_error": null,
            "treynor_ratio": null,
            "upside_deviation": null,
            "ytm": null
        },
        "min_addl_amt": "\u20b9 1000",
        "min_addl_amt_multiple": "\u20b9 1",
        "min_amt": "\u20b9 5000",
        "min_amt_multiple": "\u20b9 1",
        "monthly_aaum_date": "31-03-2025",
        "monthly_aaum_value": "\u20b9 11,851.58 Crores",
        "mutual_fund_name": "Canara Robeco Mutual Fund",
        "page_number": [
            8
        ],
        "scheme_launch_date": "September 16, 2003"
    },
    "CANARA ROBECO BLUE CHIP EQUITY FUND (CRBCEF)": {
        "amc_name": "Canara Robeco Asset Management Company Limited",
        "benchmark_index": "BSE 100 TRI",
        "fund_manager": [
            {
                "managing_fund_since": "5-July-16",
                "name": "Shridatta Bhandwaldar",
                "qualification": "",
                "total_exp": "19 Years"
            },
            {
                "managing_fund_since": "01-June-21",
                "name": "Vishal Mishra",
                "qualification": "",
                "total_exp": "21 Years"
            }
        ],
        "load": {
            "entry_load": "Nil",
            "exit_load": "1 - if redeemedswitched out within 1 year from the date of allotment. Nil  if redeemed  switched out after 1 year from the date of allotment"
        },
        "main_scheme_name": "CANARA ROBECO BLUE CHIP EQUITY FUND (CRBCEF)",
        "metrics": {
            "alpha": null,
            "arithmetic_mean_ratio": null,
            "average_div_yld": null,
            "average_pb": null,
            "average_pe": null,
            "avg_maturity": null,
            "beta": "0.89",
            "correlation_ratio": null,
            "downside_deviation": null,
            "information_ratio": null,
            "macaulay": null,
            "mod_duration": null,
            "port_turnover_ratio": "0.24",
            "r_squared_ratio": null,
            "roe_ratio": null,
            "rsquared": "0.98",
            "sharpe": "0.50",
            "sortino_ratio": null,
            "std_dev": "13.11",
            "tracking_error": null,
            "treynor_ratio": null,
            "upside_deviation": null,
            "ytm": null
        },
        "min_addl_amt": "\u20b9 1000",
        "min_addl_amt_multiple": "\u20b9 1",
        "min_amt": "\u20b9 5000",
        "min_amt_multiple": "\u20b9 1",
        "monthly_aaum_date": "31-03-2025",
        "monthly_aaum_value": "\u20b9 14,461.88 Crores",
        "mutual_fund_name": "Canara Robeco Mutual Fund",
        "page_number": [
            9
        ],
        "scheme_launch_date": "August 20, 2010"
    },
    "CANARA ROBECO EMERGING EQUITIES (CREE)": {
        "amc_name": "Canara Robeco Asset Management Company Limited",
        "benchmark_index": "NIFTY Large Midcap 250 TRI",
        "fund_manager": [
            {
                "managing_fund_since": "28-Aug-23",
                "name": "Amit Nadekar",
                "qualification": "",
                "total_exp": "21 Years"
            },
            {
                "managing_fund_since": "01-Oct-19",
                "name": "Shridatta Bhandwaldar",
                "qualification": "",
                "total_exp": "19 Years"
            }
        ],
        "load": {
            "entry_load": "Nil",
            "exit_load": "1 - If redeemedswitched out within 1 year from the date of allotment  Source ICRA MFI Explorer   Monthend AUM as on 28.03. management fees.  Please refer page no. 59 for Definition"
        },
        "main_scheme_name": "CANARA ROBECO EMERGING EQUITIES (CREE)",
        "metrics": {
            "alpha": null,
            "arithmetic_mean_ratio": null,
            "average_div_yld": null,
            "average_pb": null,
            "average_pe": null,
            "avg_maturity": null,
            "beta": "0.94",
            "correlation_ratio": null,
            "downside_deviation": null,
            "information_ratio": null,
            "macaulay": null,
            "mod_duration": null,
            "port_turnover_ratio": "0.6",
            "r_squared_ratio": null,
            "roe_ratio": null,
            "rsquared": "0.93",
            "sharpe": "0.50",
            "sortino_ratio": null,
            "std_dev": "15.39",
            "tracking_error": null,
            "treynor_ratio": null,
            "upside_deviation": null,
            "ytm": null
        },
        "min_addl_amt": "\u20b9 1000",
        "min_addl_amt_multiple": "\u20b9 1",
        "min_amt": "\u20b9 5000",
        "min_amt_multiple": "\u20b9 1",
        "monthly_aaum_date": "31-03-2025",
        "monthly_aaum_value": "\u20b9 22,567.03 Crores",
        "mutual_fund_name": "Canara Robeco Mutual Fund",
        "page_number": [
            10
        ],
        "scheme_launch_date": "March 11, 2005"
    },
    "CANARA ROBECO SMALL CAP FUND (CRSCF)": {
        "amc_name": "Canara Robeco Asset Management Company Limited",
        "benchmark_index": "Nifty Smallcap 250 Index TRI",
        "fund_manager": [
            {
                "managing_fund_since": "06-Nov-23",
                "name": "Pranav Gokhale",
                "qualification": "",
                "total_exp": "23 Years"
            },
            {
                "managing_fund_since": "01-Oct-19",
                "name": "Shridatta Bhandwaldar",
                "qualification": "",
                "total_exp": "19 Years"
            }
        ],
        "load": {
            "entry_load": "Nil",
            "exit_load": "In respect of each purchase  switch-in of units,1 - if Units are redeemed  switched-out within 1  12 Source ICRA MFI E"
        },
        "main_scheme_name": "CANARA ROBECO SMALL CAP FUND (CRSCF)",
        "metrics": {
            "alpha": null,
            "arithmetic_mean_ratio": null,
            "average_div_yld": null,
            "average_pb": null,
            "average_pe": null,
            "avg_maturity": null,
            "beta": "0.77",
            "correlation_ratio": null,
            "downside_deviation": null,
            "information_ratio": null,
            "macaulay": null,
            "mod_duration": null,
            "port_turnover_ratio": "0.27",
            "r_squared_ratio": null,
            "roe_ratio": null,
            "rsquared": "0.93",
            "sharpe": "0.40",
            "sortino_ratio": null,
            "std_dev": "17.20",
            "tracking_error": null,
            "treynor_ratio": null,
            "upside_deviation": null,
            "ytm": null
        },
        "min_addl_amt": "\u20b9 1000",
        "min_addl_amt_multiple": "\u20b9 1",
        "min_amt": "\u20b9 5000",
        "min_amt_multiple": "\u20b9 1",
        "monthly_aaum_date": "31-03-2025",
        "monthly_aaum_value": "\u20b9 10,779.60 Crores",
        "mutual_fund_name": "Canara Robeco Mutual Fund",
        "page_number": [
            11
        ],
        "scheme_launch_date": "February 15, 2019"
    },
    "CANARA ROBECO INFRASTRUCTURE (CRI)": {
        "amc_name": "Canara Robeco Asset Management Company Limited",
        "benchmark_index": "BSE India Infrastructure TRI  Source ICRA MFI Explorer   Monthend AUM as on 28.03. management fees.  Please refer page no. 59 for Definition",
        "fund_manager": [
            {
                "managing_fund_since": "26-June-21",
                "name": "Vishal Mishra",
                "qualification": "",
                "total_exp": "21 Years"
            },
            {
                "managing_fund_since": "29-Sept-18",
                "name": "Shridatta Bhandwaldar",
                "qualification": "",
                "total_exp": "19 Years"
            }
        ],
        "load": {
            "entry_load": "Nil",
            "exit_load": "1 - if redeemedswitched out within 1 year from the date of allotment. Nil  if redeemed  switched out after 1 year from the date of allotment"
        },
        "main_scheme_name": "CANARA ROBECO INFRASTRUCTURE (CRI)",
        "metrics": {
            "alpha": null,
            "arithmetic_mean_ratio": null,
            "average_div_yld": null,
            "average_pb": null,
            "average_pe": null,
            "avg_maturity": null,
            "beta": "0.64",
            "correlation_ratio": null,
            "downside_deviation": null,
            "information_ratio": null,
            "macaulay": null,
            "mod_duration": null,
            "port_turnover_ratio": "0.37",
            "r_squared_ratio": null,
            "roe_ratio": null,
            "rsquared": "0.70",
            "sharpe": "0.92",
            "sortino_ratio": null,
            "std_dev": "19.47",
            "tracking_error": null,
            "treynor_ratio": null,
            "upside_deviation": null,
            "ytm": null
        },
        "min_addl_amt": "\u20b9 1000",
        "min_addl_amt_multiple": "\u20b9 1",
        "min_amt": "\u20b9 5000",
        "min_amt_multiple": "\u20b9 1",
        "monthly_aaum_date": "31-03-2025",
        "monthly_aaum_value": "\u20b9 781.52 Crores",
        "mutual_fund_name": "Canara Robeco Mutual Fund",
        "page_number": [
            12
        ],
        "scheme_launch_date": "December 2, 2005"
    },
    "CANARA ROBECO CONSUMER TRENDS FUND (CRCTF)": {
        "amc_name": "Canara Robeco Asset Management Company Limited",
        "benchmark_index": "BSE 100 TRI",
        "fund_manager": [
            {
                "managing_fund_since": "01-Oct-21",
                "name": "Ennette Fernandes",
                "qualification": "",
                "total_exp": ""
            },
            {
                "managing_fund_since": "01-Oct-19",
                "name": "Shridatta Bhandwaldar",
                "qualification": "",
                "total_exp": ""
            }
        ],
        "load": {
            "entry_load": "Nil",
            "exit_load": "1 - If redeemedswitched out within 1 year from the date of allotment. Nil - if redeemedswitched out after 1 year from the date of allotment 14"
        },
        "main_scheme_name": "CANARA ROBECO CONSUMER TRENDS FUND (CRCTF)",
        "metrics": {
            "alpha": null,
            "arithmetic_mean_ratio": null,
            "average_div_yld": null,
            "average_pb": null,
            "average_pe": null,
            "avg_maturity": null,
            "beta": "0.91",
            "correlation_ratio": null,
            "downside_deviation": null,
            "information_ratio": null,
            "macaulay": null,
            "mod_duration": null,
            "port_turnover_ratio": "0.21",
            "r_squared_ratio": null,
            "roe_ratio": null,
            "rsquared": "0.83",
            "sharpe": "0.65",
            "sortino_ratio": null,
            "std_dev": "14.53",
            "tracking_error": null,
            "treynor_ratio": null,
            "upside_deviation": null,
            "ytm": null
        },
        "min_addl_amt": "\u20b9 1000",
        "min_addl_amt_multiple": "\u20b9 1",
        "min_amt": "\u20b9 5000",
        "min_amt_multiple": "\u20b9 1",
        "monthly_aaum_date": "31-03-2025",
        "monthly_aaum_value": "\u20b9 1,641.00 Crores",
        "mutual_fund_name": "Canara Robeco Mutual Fund",
        "page_number": [
            13
        ],
        "scheme_launch_date": "September 14, 2009"
    },
    "CANARA ROBECO ELSS TAX SAVER (CRETS)": {
        "amc_name": "Canara Robeco Asset Management Company Limited",
        "benchmark_index": "BSE 500 TRI",
        "fund_manager": [
            {
                "managing_fund_since": "26-June-21",
                "name": "Vishal Mishra",
                "qualification": "",
                "total_exp": "21 Years"
            },
            {
                "managing_fund_since": "01-Oct-19",
                "name": "Shridatta Bhandwaldar",
                "qualification": "",
                "total_exp": "19 Years"
            }
        ],
        "load": {
            "entry_load": "Nil",
            "exit_load": "Nil"
        },
        "main_scheme_name": "CANARA ROBECO ELSS TAX SAVER (CRETS)",
        "metrics": {
            "alpha": null,
            "arithmetic_mean_ratio": null,
            "average_div_yld": null,
            "average_pb": null,
            "average_pe": null,
            "avg_maturity": null,
            "beta": "0.91",
            "correlation_ratio": null,
            "downside_deviation": null,
            "information_ratio": null,
            "macaulay": null,
            "mod_duration": null,
            "port_turnover_ratio": "0.29",
            "r_squared_ratio": null,
            "roe_ratio": null,
            "rsquared": "0.97",
            "sharpe": "0.43",
            "sortino_ratio": null,
            "std_dev": "14.27",
            "tracking_error": null,
            "treynor_ratio": null,
            "upside_deviation": null,
            "ytm": null
        },
        "min_addl_amt": "\u20b9 500",
        "min_addl_amt_multiple": "\u20b9 1",
        "min_amt": "\u20b9 500",
        "min_amt_multiple": "\u20b9 1",
        "monthly_aaum_date": "31-03-2025",
        "monthly_aaum_value": "\u20b9 8,037.02 Crores",
        "mutual_fund_name": "Canara Robeco Mutual Fund",
        "page_number": [
            14
        ],
        "scheme_launch_date": "March 31, 1993"
    },
    "CANARA ROBECO FOCUSED EQUITY FUND (CRFEF)": {
        "amc_name": "Canara Robeco Asset Management Company Limited",
        "benchmark_index": "BSE 500 TRI",
        "fund_manager": [
            {
                "managing_fund_since": "17-May-21",
                "name": "Shridatta Bhandwaldar",
                "qualification": "",
                "total_exp": "19 Years"
            },
            {
                "managing_fund_since": "10-April-24",
                "name": "Amit Kadam",
                "qualification": "",
                "total_exp": "14 Years"
            }
        ],
        "load": {
            "entry_load": "Nil",
            "exit_load": "1 - If redeemedswitched out within 365 days from the date of allotment. Nil - if redeemedswitched out after 365 days from the date of allotment"
        },
        "main_scheme_name": "CANARA ROBECO FOCUSED EQUITY FUND (CRFEF)",
        "metrics": {
            "alpha": null,
            "arithmetic_mean_ratio": null,
            "average_div_yld": null,
            "average_pb": null,
            "average_pe": null,
            "avg_maturity": null,
            "beta": "0.88",
            "correlation_ratio": null,
            "downside_deviation": null,
            "information_ratio": null,
            "macaulay": null,
            "mod_duration": null,
            "port_turnover_ratio": "0.48",
            "r_squared_ratio": null,
            "roe_ratio": null,
            "rsquared": "0.94",
            "sharpe": "0.63",
            "sortino_ratio": null,
            "std_dev": "14.10",
            "tracking_error": null,
            "treynor_ratio": null,
            "upside_deviation": null,
            "ytm": null
        },
        "min_addl_amt": "\u20b9 1000.00",
        "min_addl_amt_multiple": "\u20b9 1.00",
        "min_amt": "\u20b9 5,000.00",
        "min_amt_multiple": "\u20b9 1.00",
        "monthly_aaum_date": "31-03-2025",
        "monthly_aaum_value": "\u20b9 2,377.61 Crores",
        "mutual_fund_name": "Canara Robeco Mutual Fund",
        "page_number": [
            15
        ],
        "scheme_launch_date": "May 17, 2021"
    },
    "CANARA ROBECO VALUE FUND (CRVF)": {
        "amc_name": "Canara Robeco Asset Management Company Limited",
        "benchmark_index": "BSE 500 TRI",
        "fund_manager": [
            {
                "managing_fund_since": "03-September -21",
                "name": "Vishal Mishra",
                "qualification": "",
                "total_exp": "21 Years"
            },
            {
                "managing_fund_since": "01-October -21",
                "name": "Silky Jain",
                "qualification": "",
                "total_exp": "14 Years"
            }
        ],
        "load": {
            "entry_load": "Nil  Source ICRA MFI Explorer   Monthend AUM as on 28.03. GST on investment management fees.  Please refer page n",
            "exit_load": "1 - If redeemedswitched out within 365 days from the date of allotment. Nil - if redeemedswitched out after 365 days from the date of allotment"
        },
        "main_scheme_name": "CANARA ROBECO VALUE FUND (CRVF)",
        "metrics": {
            "alpha": null,
            "arithmetic_mean_ratio": null,
            "average_div_yld": null,
            "average_pb": null,
            "average_pe": null,
            "avg_maturity": null,
            "beta": "0.91",
            "correlation_ratio": null,
            "downside_deviation": null,
            "information_ratio": null,
            "macaulay": null,
            "mod_duration": null,
            "port_turnover_ratio": "0.39",
            "r_squared_ratio": null,
            "roe_ratio": null,
            "rsquared": "0.96",
            "sharpe": "0.75",
            "sortino_ratio": null,
            "std_dev": "14.38",
            "tracking_error": null,
            "treynor_ratio": null,
            "upside_deviation": null,
            "ytm": null
        },
        "min_addl_amt": "\u20b9 1000.00",
        "min_addl_amt_multiple": "\u20b9 1.00",
        "min_amt": "\u20b9 5,000.00",
        "min_amt_multiple": "\u20b9 1.00",
        "monthly_aaum_date": "31-03-2025",
        "monthly_aaum_value": "\u20b9 1,161.88 Crores",
        "mutual_fund_name": "Canara Robeco Mutual Fund",
        "page_number": [
            16
        ],
        "scheme_launch_date": "September 03, 2021"
    },
    "CANARA ROBECO MID CAP FUND (CRMCF)": {
        "amc_name": "Canara Robeco Asset Management Company Limited",
        "benchmark_index": "BSE 150 Mid Cap TRI",
        "fund_manager": [
            {
                "managing_fund_since": "06-November-23",
                "name": "Pranav Gokhale",
                "qualification": "",
                "total_exp": "23 Years"
            },
            {
                "managing_fund_since": "02 - December - 22",
                "name": "Shridatta Bhandwaldar",
                "qualification": "",
                "total_exp": "19 Years"
            }
        ],
        "load": {
            "entry_load": "N.A",
            "exit_load": "In respect of each purchase  switch-in of units 1 - If redeemedswitched out within 365 days from the date of allotment. Nil - if redeemedswitched out after 365 days from the date of allotment"
        },
        "main_scheme_name": "CANARA ROBECO MID CAP FUND (CRMCF)",
        "metrics": {
            "alpha": null,
            "arithmetic_mean_ratio": null,
            "average_div_yld": null,
            "average_pb": null,
            "average_pe": null,
            "avg_maturity": null,
            "beta": null,
            "correlation_ratio": null,
            "downside_deviation": null,
            "information_ratio": null,
            "macaulay": null,
            "mod_duration": null,
            "port_turnover_ratio": null,
            "r_squared_ratio": null,
            "roe_ratio": null,
            "sharpe": null,
            "sortino_ratio": null,
            "std_dev": null,
            "tracking_error": null,
            "treynor_ratio": null,
            "upside_deviation": null,
            "ytm": null
        },
        "min_addl_amt": "\u20b9 1000.00",
        "min_addl_amt_multiple": "\u20b9 1.00",
        "min_amt": "\u20b9 5,000.00",
        "min_amt_multiple": "\u20b9 1.00",
        "monthly_aaum_date": "31-03-2025",
        "monthly_aaum_value": "\u20b9 2,520.64 Crores",
        "mutual_fund_name": "Canara Robeco Mutual Fund",
        "page_number": [
            17
        ],
        "scheme_launch_date": "December 02, 2022"
    },
    "CANARA ROBECO MULTI CAP FUND (CRMUCF)": {
        "amc_name": "Canara Robeco Asset Management Company Limited",
        "benchmark_index": "NIFTY 500 Multicap 502525 Index TRI",
        "fund_manager": [
            {
                "managing_fund_since": "28- July-2023",
                "name": "Shridatta Bhandwaldar",
                "qualification": "",
                "total_exp": "19 Years"
            },
            {
                "managing_fund_since": "28- July-2023",
                "name": "Vishal Mishra",
                "qualification": "",
                "total_exp": "21 Years"
            }
        ],
        "load": {
            "entry_load": "Nil",
            "exit_load": "1 - If redeemedswitched out within 365 days from the date of allotment. Nil - if redeemedswitched out after 365 days from the date of allotment"
        },
        "main_scheme_name": "CANARA ROBECO MULTI CAP FUND (CRMUCF)",
        "metrics": {
            "alpha": null,
            "arithmetic_mean_ratio": null,
            "average_div_yld": null,
            "average_pb": null,
            "average_pe": null,
            "avg_maturity": null,
            "beta": null,
            "correlation_ratio": null,
            "downside_deviation": null,
            "information_ratio": null,
            "macaulay": null,
            "mod_duration": null,
            "port_turnover_ratio": null,
            "r_squared_ratio": null,
            "roe_ratio": null,
            "sharpe": null,
            "sortino_ratio": null,
            "std_dev": null,
            "tracking_error": null,
            "treynor_ratio": null,
            "upside_deviation": null,
            "ytm": null
        },
        "min_addl_amt": "",
        "min_addl_amt_multiple": "",
        "min_amt": "\u20b9 5,000.00",
        "min_amt_multiple": "\u20b9 1.00",
        "monthly_aaum_date": "31-03-2025",
        "monthly_aaum_value": "\u20b9 3,710.24 Crores",
        "mutual_fund_name": "Canara Robeco Mutual Fund",
        "page_number": [
            18
        ],
        "scheme_launch_date": "28th July 2023"
    },
    "CANARA ROBECO MANUFACTURING FUND (CRMTF)": {
        "amc_name": "Canara Robeco Asset Management Company Limited",
        "benchmark_index": "Nifty India Manufacturing TRI",
        "fund_manager": [
            {
                "managing_fund_since": "11- March-2024",
                "name": "Pranav Gokhale",
                "qualification": "",
                "total_exp": "23 Years"
            },
            {
                "managing_fund_since": "11- March-2024",
                "name": "Shridatta Bhandwaldar",
                "qualification": "",
                "total_exp": "19 Years"
            }
        ],
        "load": {
            "entry_load": "Nil",
            "exit_load": "1 - If redeemedswitched out within 365 days from the date of allotment. 20"
        },
        "main_scheme_name": "CANARA ROBECO MANUFACTURING FUND (CRMTF)",
        "metrics": {
            "alpha": null,
            "arithmetic_mean_ratio": null,
            "average_div_yld": null,
            "average_pb": null,
            "average_pe": null,
            "avg_maturity": null,
            "beta": null,
            "correlation_ratio": null,
            "downside_deviation": null,
            "information_ratio": null,
            "macaulay": null,
            "mod_duration": null,
            "port_turnover_ratio": null,
            "r_squared_ratio": null,
            "roe_ratio": null,
            "sharpe": null,
            "sortino_ratio": null,
            "std_dev": null,
            "tracking_error": null,
            "treynor_ratio": null,
            "upside_deviation": null,
            "ytm": null
        },
        "min_addl_amt": "",
        "min_addl_amt_multiple": "",
        "min_amt": "\u20b9 5,000",
        "min_amt_multiple": "\u20b9 1",
        "monthly_aaum_date": "31-03-2025",
        "monthly_aaum_value": "\u20b9 1,475.70 Crores",
        "mutual_fund_name": "Canara Robeco Mutual Fund",
        "page_number": [
            19
        ],
        "scheme_launch_date": "11th March 2024"
    },
    "CANARA ROBECO OVERNIGHT FUND (CROF)": {
        "amc_name": "Canara Robeco Asset Management Company Limited",
        "benchmark_index": "CRISIL Liquid Overnight Index",
        "fund_manager": [],
        "load": {
            "entry_load": "Nil",
            "exit_load": "Nil"
        },
        "main_scheme_name": "CANARA ROBECO OVERNIGHT FUND (CROF)",
        "metrics": {
            "": "99.94",
            "alpha": null,
            "arithmetic_mean_ratio": null,
            "average_div_yld": null,
            "average_pb": null,
            "average_pe": null,
            "avg_maturity": null,
            "beta": null,
            "correlation_ratio": null,
            "downside_deviation": null,
            "information_ratio": null,
            "macaulay": null,
            "mod_duration": null,
            "port_turnover_ratio": null,
            "r_squared_ratio": null,
            "roe_ratio": null,
            "sharpe": null,
            "sortino_ratio": null,
            "std_dev": null,
            "tracking_error": null,
            "treynor_ratio": null,
            "upside_deviation": null,
            "ytm": null
        },
        "min_addl_amt": "",
        "min_addl_amt_multiple": "",
        "min_amt": "\u20b9 5,000.00",
        "min_amt_multiple": "\u20b9 1.00",
        "monthly_aaum_date": "31-03-2025",
        "monthly_aaum_value": "\u20b9 360.86 Crores",
        "mutual_fund_name": "Canara Robeco Mutual Fund",
        "page_number": [
            20
        ],
        "scheme_launch_date": "24th July, 2019"
    },
    "CANARA ROBECO LIQUID FUND (CRL)": {
        "amc_name": "Canara Robeco Asset Management Company Limited",
        "benchmark_index": "CRISIL Liquid Debt A-I Index",
        "fund_manager": [
            {
                "managing_fund_since": "18-July-22",
                "name": "Kunal Jain",
                "qualification": "",
                "total_exp": "17 Years"
            },
            {
                "managing_fund_since": "01-April-22",
                "name": "Avnish Jain",
                "qualification": "",
                "total_exp": "30 Years"
            }
        ],
        "load": {
            "entry_load": "Nil",
            "exit_load": "If redeemed on Day 1 - Exit Load is 0.0070 If redeemed on Day 2 -Exit Load is 0.0065 If redeemed on Day 3 -Exit Load is 0.0060 If redeemed on Day 4 -Exit Load is 0.0055 If redeemed on Day 5 -Exit Load is 0.0050 If redeemed on Day 6 -Exit Load is 0.0045 If redeemed on or after Day 7 -  Exit Load is Nil"
        },
        "main_scheme_name": "CANARA ROBECO LIQUID FUND (CRL)",
        "metrics": {
            "alpha": null,
            "arithmetic_mean_ratio": null,
            "average_div_yld": null,
            "average_pb": null,
            "average_pe": null,
            "avg_maturity": "0.20 Years",
            "beta": null,
            "correlation_ratio": null,
            "downside_deviation": null,
            "information_ratio": null,
            "macaulay": "0.20 Years",
            "mod_duration": "0.19 Years",
            "port_turnover_ratio": null,
            "r_squared_ratio": null,
            "roe_ratio": null,
            "sharpe": null,
            "sortino_ratio": null,
            "std_dev": null,
            "tracking_error": null,
            "treynor_ratio": null,
            "upside_deviation": null,
            "ytm": "7.10"
        },
        "min_addl_amt": "\u20b9 1000",
        "min_addl_amt_multiple": "\u20b9 1",
        "min_amt": "\u20b9 5000",
        "min_amt_multiple": "\u20b9 1",
        "monthly_aaum_date": "31-03-2025",
        "monthly_aaum_value": "\u20b9 5,514.14 Crores",
        "mutual_fund_name": "Canara Robeco Mutual Fund",
        "page_number": [
            21
        ],
        "scheme_launch_date": "January 15, 2002"
    },
    "CANARA ROBECO ULTRA SHORT TERM FUND (CRUSTF)": {
        "amc_name": "Canara Robeco Asset Management Company Limited",
        "benchmark_index": "CRISIL Ultra Short Duration Debt A-I Index",
        "fund_manager": [
            {
                "managing_fund_since": "16-Sept.-24",
                "name": "Kunal Jain",
                "qualification": "",
                "total_exp": "17 Years"
            },
            {
                "managing_fund_since": "01-April-22",
                "name": "Avnish Jain",
                "qualification": "",
                "total_exp": ""
            }
        ],
        "load": {
            "entry_load": "Nil",
            "exit_load": "Nil"
        },
        "main_scheme_name": "CANARA ROBECO ULTRA SHORT TERM FUND (CRUSTF)",
        "metrics": {
            "alpha": null,
            "arithmetic_mean_ratio": null,
            "average_div_yld": null,
            "average_pb": null,
            "average_pe": null,
            "avg_maturity": "0.62 Years",
            "beta": null,
            "correlation_ratio": null,
            "downside_deviation": null,
            "information_ratio": null,
            "macaulay": "0.54 Years",
            "mod_duration": "0.50 Years",
            "port_turnover_ratio": null,
            "r_squared_ratio": null,
            "roe_ratio": null,
            "sharpe": null,
            "sortino_ratio": null,
            "std_dev": null,
            "tracking_error": null,
            "treynor_ratio": null,
            "upside_deviation": null,
            "ytm": "7.22"
        },
        "min_addl_amt": "\u20b9 500",
        "min_addl_amt_multiple": "\u20b9 1",
        "min_amt": "\u20b9 500",
        "min_amt_multiple": "\u20b9 1",
        "monthly_aaum_date": "31-03-2025",
        "monthly_aaum_value": "\u20b9 551.87 Crores",
        "mutual_fund_name": "Canara Robeco Mutual Fund",
        "page_number": [
            22
        ],
        "scheme_launch_date": "September 16, 2003"
    },
    "CANARA ROBECO SAVINGS FUND (CRSF)": {
        "amc_name": "Canara Robeco Asset Management Company Limited",
        "benchmark_index": "CRISIL Low Duration Debt A-I Index",
        "fund_manager": [
            {
                "managing_fund_since": "18-July-22",
                "name": "Kunal Jain",
                "qualification": "",
                "total_exp": "17 Years"
            },
            {
                "managing_fund_since": "01-April-22",
                "name": "Avnish Jain",
                "qualification": "",
                "total_exp": "30 Years"
            }
        ],
        "load": {
            "entry_load": "Nil",
            "exit_load": "Nil"
        },
        "main_scheme_name": "CANARA ROBECO SAVINGS FUND (CRSF)",
        "metrics": {
            "alpha": null,
            "arithmetic_mean_ratio": null,
            "average_div_yld": null,
            "average_pb": null,
            "average_pe": null,
            "avg_maturity": "0.95 Years",
            "beta": null,
            "correlation_ratio": null,
            "downside_deviation": null,
            "information_ratio": null,
            "macaulay": "0.90 Years",
            "mod_duration": "0.84 Years",
            "port_turnover_ratio": null,
            "r_squared_ratio": null,
            "roe_ratio": null,
            "sharpe": null,
            "sortino_ratio": null,
            "std_dev": null,
            "tracking_error": null,
            "treynor_ratio": null,
            "upside_deviation": null,
            "ytm": "7.24"
        },
        "min_addl_amt": "\u20b9 1000",
        "min_addl_amt_multiple": "\u20b9 1",
        "min_amt": "\u20b9 5000",
        "min_amt_multiple": "\u20b9 1",
        "monthly_aaum_date": "31-03-2025",
        "monthly_aaum_value": "\u20b9 812.99 Crores",
        "mutual_fund_name": "Canara Robeco Mutual Fund",
        "page_number": [
            23
        ],
        "scheme_launch_date": "March 4, 2005"
    },
    "CANARA ROBECO SHORT DURATION FUND (CRSDF)": {
        "amc_name": "Canara Robeco Asset Management Company Limited",
        "benchmark_index": "CRISIL Short Duration Debt A-II Index",
        "fund_manager": [
            {
                "managing_fund_since": "16-Sep-12",
                "name": "Suman Prasad",
                "qualification": "",
                "total_exp": "27 Years"
            },
            {
                "managing_fund_since": "18-July-22",
                "name": "Avnish Jain",
                "qualification": "",
                "total_exp": "30 Years"
            }
        ],
        "load": {
            "entry_load": "Nil",
            "exit_load": "Nil  Source ICRA MFI Explorer  Monthend AUM as on 28.03 GST on investment management fees. Please refer page January 07, 2025 for change in the risk-o-meter of the benc"
        },
        "main_scheme_name": "CANARA ROBECO SHORT DURATION FUND (CRSDF)",
        "metrics": {
            "": "50.99",
            "alpha": null,
            "arithmetic_mean_ratio": null,
            "average_div_yld": null,
            "average_pb": null,
            "average_pe": null,
            "avg_maturity": null,
            "beta": null,
            "correlation_ratio": null,
            "downside_deviation": null,
            "information_ratio": null,
            "macaulay": null,
            "mod_duration": null,
            "port_turnover_ratio": null,
            "r_squared_ratio": null,
            "roe_ratio": null,
            "sharpe": null,
            "sortino_ratio": null,
            "std_dev": null,
            "tracking_error": null,
            "treynor_ratio": null,
            "upside_deviation": null,
            "ytm": null
        },
        "min_addl_amt": "\u20b9 1000",
        "min_addl_amt_multiple": "\u20b9 1",
        "min_amt": "\u20b9 5000",
        "min_amt_multiple": "\u20b9 1",
        "monthly_aaum_date": "31-03-2025",
        "monthly_aaum_value": "\u20b9 334.61 Crores",
        "mutual_fund_name": "Canara Robeco Mutual Fund",
        "page_number": [
            24
        ],
        "scheme_launch_date": "25 April, 2011"
    },
    "CANARA ROBECO INCOME FUND (CRINC)": {
        "amc_name": "Canara Robeco Asset Management Company Limited",
        "benchmark_index": "CRISIL Medium to Long Duration Debt A-III Index 26",
        "fund_manager": [
            {
                "managing_fund_since": "25-June-14",
                "name": "Avnish Jain",
                "qualification": "",
                "total_exp": "30 Years"
            },
            {
                "managing_fund_since": "18-July-22",
                "name": "Kunal Jain",
                "qualification": "",
                "total_exp": "17 Years"
            }
        ],
        "load": {
            "entry_load": "Nil",
            "exit_load": "Nil"
        },
        "main_scheme_name": "CANARA ROBECO INCOME FUND (CRINC)",
        "metrics": {
            "": "54.58",
            "alpha": null,
            "arithmetic_mean_ratio": null,
            "average_div_yld": null,
            "average_pb": null,
            "average_pe": null,
            "avg_maturity": null,
            "beta": null,
            "correlation_ratio": null,
            "downside_deviation": null,
            "information_ratio": null,
            "macaulay": null,
            "mod_duration": null,
            "port_turnover_ratio": null,
            "r_squared_ratio": null,
            "roe_ratio": null,
            "sharpe": null,
            "sortino_ratio": null,
            "std_dev": null,
            "tracking_error": null,
            "treynor_ratio": null,
            "upside_deviation": null,
            "ytm": null
        },
        "min_addl_amt": "\u20b9 1000",
        "min_addl_amt_multiple": "\u20b9 1",
        "min_amt": "\u20b9 5000",
        "min_amt_multiple": "\u20b9 1",
        "monthly_aaum_date": "31-03-2025",
        "monthly_aaum_value": "\u20b9 119.43 Crores",
        "mutual_fund_name": "Canara Robeco Mutual Fund",
        "page_number": [
            25
        ],
        "scheme_launch_date": "September 19, 2002"
    },
    "CANARA ROBECO DYNAMIC BOND FUND (CRDBF)": {
        "amc_name": "Canara Robeco Asset Management Company Limited",
        "benchmark_index": "CRISIL Dynamic Bond A-III Index",
        "fund_manager": [
            {
                "managing_fund_since": "18-July-22",
                "name": "Kunal Jain",
                "qualification": "",
                "total_exp": "17 Years"
            },
            {
                "managing_fund_since": "01-April-22",
                "name": "Avnish Jain",
                "qualification": "",
                "total_exp": "30 Years"
            }
        ],
        "load": {
            "entry_load": "Nil",
            "exit_load": "Nil"
        },
        "main_scheme_name": "CANARA ROBECO DYNAMIC BOND FUND (CRDBF)",
        "metrics": {
            "": "95.31",
            "alpha": null,
            "arithmetic_mean_ratio": null,
            "average_div_yld": null,
            "average_pb": null,
            "average_pe": null,
            "avg_maturity": null,
            "beta": null,
            "correlation_ratio": null,
            "downside_deviation": null,
            "information_ratio": null,
            "macaulay": null,
            "mod_duration": null,
            "port_turnover_ratio": null,
            "r_squared_ratio": null,
            "roe_ratio": null,
            "sharpe": null,
            "sortino_ratio": null,
            "std_dev": null,
            "tracking_error": null,
            "treynor_ratio": null,
            "upside_deviation": null,
            "ytm": null
        },
        "min_addl_amt": "\u20b9 1000",
        "min_addl_amt_multiple": "\u20b9 1",
        "min_amt": "\u20b9 5000",
        "min_amt_multiple": "\u20b9 1",
        "monthly_aaum_date": "31-03-2025",
        "monthly_aaum_value": "\u20b9 123.73  Crores",
        "mutual_fund_name": "Canara Robeco Mutual Fund",
        "page_number": [
            26
        ],
        "scheme_launch_date": "May 29, 2009"
    },
    "CANARA ROBECO CORPORATE BOND FUND (CRCBF)": {
        "amc_name": "Canara Robeco Asset Management Company Limited",
        "benchmark_index": "CRISIL Corporate Debt A-II Index",
        "fund_manager": [
            {
                "managing_fund_since": "7-Feb-14",
                "name": "Avnish Jain",
                "qualification": "",
                "total_exp": "30 Years"
            },
            {
                "managing_fund_since": "18-July-22",
                "name": "Suman Prasad",
                "qualification": "",
                "total_exp": "27 Years"
            }
        ],
        "load": {
            "entry_load": "Nil",
            "exit_load": "Nil"
        },
        "main_scheme_name": "CANARA ROBECO CORPORATE BOND FUND (CRCBF)",
        "metrics": {
            "": "47.67",
            "alpha": null,
            "arithmetic_mean_ratio": null,
            "average_div_yld": null,
            "average_pb": null,
            "average_pe": null,
            "avg_maturity": null,
            "beta": null,
            "correlation_ratio": null,
            "downside_deviation": null,
            "information_ratio": null,
            "macaulay": null,
            "mod_duration": null,
            "port_turnover_ratio": null,
            "r_squared_ratio": null,
            "roe_ratio": null,
            "sharpe": null,
            "sortino_ratio": null,
            "std_dev": null,
            "tracking_error": null,
            "treynor_ratio": null,
            "upside_deviation": null,
            "ytm": null
        },
        "min_addl_amt": "\u20b9 1000",
        "min_addl_amt_multiple": "\u20b9 1",
        "min_amt": "\u20b9 5000",
        "min_amt_multiple": "\u20b9 1",
        "monthly_aaum_date": "31-03-2025",
        "monthly_aaum_value": "\u20b9 119.24 Crores",
        "mutual_fund_name": "Canara Robeco Mutual Fund",
        "page_number": [
            27
        ],
        "scheme_launch_date": "7th February, 2014"
    },
    "CANARA ROBECO GILT FUND (CRGILT)": {
        "amc_name": "Canara Robeco Asset Management Company Limited",
        "benchmark_index": "CRISIL Dynamic Gilt Index",
        "fund_manager": [
            {
                "managing_fund_since": "",
                "name": "Kunal Jain",
                "qualification": "",
                "total_exp": "17 Years"
            },
            {
                "managing_fund_since": "",
                "name": "Avnish Jain",
                "qualification": "",
                "total_exp": ""
            }
        ],
        "load": {
            "entry_load": "Nil",
            "exit_load": "Nil"
        },
        "main_scheme_name": "CANARA ROBECO GILT FUND (CRGILT)",
        "metrics": {
            "": "96.79",
            "alpha": null,
            "arithmetic_mean_ratio": null,
            "average_div_yld": null,
            "average_pb": null,
            "average_pe": null,
            "avg_maturity": null,
            "beta": null,
            "correlation_ratio": null,
            "downside_deviation": null,
            "information_ratio": null,
            "macaulay": null,
            "mod_duration": null,
            "port_turnover_ratio": null,
            "r_squared_ratio": null,
            "roe_ratio": null,
            "sharpe": null,
            "sortino_ratio": null,
            "std_dev": null,
            "tracking_error": null,
            "treynor_ratio": null,
            "upside_deviation": null,
            "ytm": null
        },
        "min_addl_amt": "\u20b9 1000",
        "min_addl_amt_multiple": "\u20b9 1",
        "min_amt": "\u20b9 5000",
        "min_amt_multiple": "\u20b9 1",
        "monthly_aaum_date": "31-03-2025",
        "monthly_aaum_value": "\u20b9 132.80 Crores",
        "mutual_fund_name": "Canara Robeco Mutual Fund",
        "page_number": [
            28
        ],
        "scheme_launch_date": "December 29, 1999"
    },
    "CANARA ROBECO BANKING AND PSU DEBT FUND (CRBPDF)": {
        "amc_name": "Canara Robeco Asset Management Company Limited",
        "benchmark_index": "CRISIL Banking and PSU Debt A-II Index",
        "fund_manager": [
            {
                "managing_fund_since": "16-Sept.-24",
                "name": "Suman Prasad",
                "qualification": "",
                "total_exp": ""
            },
            {
                "managing_fund_since": "22-August-22",
                "name": "Avnish Jain",
                "qualification": "",
                "total_exp": ""
            }
        ],
        "load": {
            "entry_load": "NA",
            "exit_load": "Nil"
        },
        "main_scheme_name": "CANARA ROBECO BANKING AND PSU DEBT FUND (CRBPDF)",
        "metrics": {
            "": "37.31",
            "alpha": null,
            "arithmetic_mean_ratio": null,
            "average_div_yld": null,
            "average_pb": null,
            "average_pe": null,
            "avg_maturity": null,
            "beta": null,
            "correlation_ratio": null,
            "downside_deviation": null,
            "information_ratio": null,
            "macaulay": null,
            "mod_duration": null,
            "port_turnover_ratio": null,
            "r_squared_ratio": null,
            "roe_ratio": null,
            "sharpe": null,
            "sortino_ratio": null,
            "std_dev": null,
            "tracking_error": null,
            "treynor_ratio": null,
            "upside_deviation": null,
            "ytm": null
        },
        "min_addl_amt": "\u20b9 1000.00",
        "min_addl_amt_multiple": "\u20b9 1.00",
        "min_amt": "\u20b9 5,000.00",
        "min_amt_multiple": "\u20b9 1.00",
        "monthly_aaum_date": "31-03-2025",
        "monthly_aaum_value": "\u20b9 227.69 Crores",
        "mutual_fund_name": "Canara Robeco Mutual Fund",
        "page_number": [
            29
        ],
        "scheme_launch_date": "August 22, 2022"
    },
    "CANARA ROBECO CONSERVATIVE HYBRID FUND (CRCHF)": {
        "amc_name": "Canara Robeco Asset Management Company Limited",
        "benchmark_index": "CRISIL Hybrid 8515-Conservative Index",
        "fund_manager": [
            {
                "managing_fund_since": "7-Oct-13",
                "name": "Avnish Jain",
                "qualification": "",
                "total_exp": "30 Years"
            },
            {
                "managing_fund_since": "10-April-24",
                "name": "Amit Kadam",
                "qualification": "",
                "total_exp": "14 Years"
            }
        ],
        "load": {
            "entry_load": "Nil",
            "exit_load": "For any redemption  switch out upto 10 of units within 1 Year from the date of allotment - Nil For any redemption  switch out more than 10 of units within 1 Year from the date of allotment - 1 For any redemption  switch out after 1 Year from the date of allotment - Nil  Source ICRA MFI Explorer  Monthend AUM as on 28 03"
        },
        "main_scheme_name": "CANARA ROBECO CONSERVATIVE HYBRID FUND (CRCHF)",
        "metrics": {
            "": "50.50",
            "alpha": null,
            "arithmetic_mean_ratio": null,
            "average_div_yld": null,
            "average_pb": null,
            "average_pe": null,
            "avg_maturity": null,
            "beta": null,
            "correlation_ratio": null,
            "downside_deviation": null,
            "information_ratio": null,
            "macaulay": null,
            "mod_duration": null,
            "port_turnover_ratio": null,
            "r_squared_ratio": null,
            "roe_ratio": null,
            "sharpe": null,
            "sortino_ratio": null,
            "std_dev": null,
            "tracking_error": null,
            "treynor_ratio": null,
            "upside_deviation": null,
            "ytm": null
        },
        "min_addl_amt": "\u20b9 1000",
        "min_addl_amt_multiple": "\u20b9 1",
        "min_amt": "\u20b9 5000",
        "min_amt_multiple": "\u20b9 1",
        "monthly_aaum_date": "31-03-2025",
        "monthly_aaum_value": "\u20b9 922.45 Crores",
        "mutual_fund_name": "Canara Robeco Mutual Fund",
        "page_number": [
            30
        ],
        "scheme_launch_date": "April 24, 1988"
    },
    "CANARA ROBECO EQUITY HYBRID FUND (CREHF)": {
        "amc_name": "Canara Robeco Asset Management Company Limited",
        "benchmark_index": "CRISIL Hybrid 3565 - Aggressive Index",
        "fund_manager": [
            {
                "managing_fund_since": "01-Oct-21",
                "name": "Ennette Fernandes",
                "qualification": "",
                "total_exp": "15 Years"
            },
            {
                "managing_fund_since": "5-July-16",
                "name": "Shridatta Bhandwaldar",
                "qualification": "",
                "total_exp": "19 Years"
            },
            {
                "managing_fund_since": "7-Oct-13",
                "name": "Avnish Jain",
                "qualification": "",
                "total_exp": "30 Years"
            }
        ],
        "load": {
            "entry_load": "Nil",
            "exit_load": "For any redemption  switch out upto 10 of units within 1 Year from the date of allotment  Nil. For any redemption  switch out more than 10 of units within 1 Year from the date of  allotment - 1. For any redemption  switch out after 1 Year from the date of allotment - Nil"
        },
        "main_scheme_name": "CANARA ROBECO EQUITY HYBRID FUND (CREHF)",
        "metrics": {
            "": "0.61",
            "alpha": null,
            "arithmetic_mean_ratio": null,
            "average_div_yld": null,
            "average_pb": null,
            "average_pe": null,
            "avg_maturity": "7.47 Years",
            "beta": "1.04",
            "correlation_ratio": null,
            "downside_deviation": null,
            "information_ratio": null,
            "macaulay": "3.85 Years",
            "mod_duration": "3.67 Years",
            "port_turnover_ratio": null,
            "r_squared_ratio": null,
            "roe_ratio": null,
            "rsquared": "0.96",
            "sharpe": "0.41",
            "sortino_ratio": null,
            "std_dev": "10.95",
            "tracking_error": null,
            "treynor_ratio": null,
            "upside_deviation": null,
            "ytm": "7.17"
        },
        "min_addl_amt": "\u20b9 1000",
        "min_addl_amt_multiple": "\u20b9 1",
        "min_amt": "\u20b9 5000",
        "min_amt_multiple": "\u20b9 1",
        "monthly_aaum_date": "31-03-2025",
        "monthly_aaum_value": "\u20b9 10,135.58 Crores",
        "mutual_fund_name": "Canara Robeco Mutual Fund",
        "page_number": [
            31
        ],
        "scheme_launch_date": "February 1, 1993"
    },
    "CANARA ROBECO BALANCED ADVANTAGE FUND (CRBAF)": {
        "amc_name": "Canara Robeco Asset Management Company Limited",
        "benchmark_index": "CRISIL Hybrid 5050  Moderate Index",
        "fund_manager": [
            {
                "managing_fund_since": "02-Aug.-24",
                "name": "Shridatta Bhandwaldar",
                "qualification": "",
                "total_exp": "19 Years"
            }
        ],
        "load": {
            "entry_load": "Nil",
            "exit_load": "1 - if redeemedswitched out above 12 of allotted units within 365 days from the date of allotment. Nil - if redeemedswitched out upto 12 of allotted units within 365 days from the date of allotment, Nil - if redeemedswitched out after 365 days from the date of allotment"
        },
        "main_scheme_name": "CANARA ROBECO BALANCED ADVANTAGE FUND (CRBAF)",
        "metrics": {
            "alpha": null,
            "arithmetic_mean_ratio": null,
            "average_div_yld": null,
            "average_pb": null,
            "average_pe": null,
            "avg_maturity": "4.63 Years",
            "beta": null,
            "correlation_ratio": null,
            "downside_deviation": null,
            "information_ratio": null,
            "macaulay": "3.05 Years",
            "mod_duration": "2.91 Years",
            "port_turnover_ratio": null,
            "r_squared_ratio": null,
            "roe_ratio": null,
            "sharpe": null,
            "sortino_ratio": null,
            "std_dev": null,
            "tracking_error": null,
            "treynor_ratio": null,
            "upside_deviation": null,
            "ytm": "7.10"
        },
        "min_addl_amt": "",
        "min_addl_amt_multiple": "",
        "min_amt": "\u20b9 5,000",
        "min_amt_multiple": "\u20b9 1",
        "monthly_aaum_date": "31-03-2025",
        "monthly_aaum_value": "\u20b9 1,409.12 Crores",
        "mutual_fund_name": "Canara Robeco Mutual Fund",
        "page_number": [
            32
        ],
        "scheme_launch_date": "2nd August, 2024"
    }
}