{
    "Quant Small Cap Fund": {
        "amc_name": "Quant Money Managers Limited",
        "benchmark_index": "NIFTY SMALLCAP 250 TRI",
        "fund_manager": [
            {
                "managing_fund_since": "",
                "name": "Sandeep Tandon",
                "qualification": "",
                "total_exp": ""
            },
            {
                "managing_fund_since": "",
                "name": "Ankit Pande",
                "qualification": "",
                "total_exp": ""
            },
            {
                "managing_fund_since": "",
                "name": "Varun Pattani",
                "qualification": "",
                "total_exp": ""
            },
            {
                "managing_fund_since": "",
                "name": "Ayusha Kumbhat",
                "qualification": "",
                "total_exp": ""
            },
            {
                "managing_fund_since": "",
                "name": "Yug Tibrewal",
                "qualification": "",
                "total_exp": ""
            },
            {
                "managing_fund_since": "",
                "name": "Sameer Kate",
                "qualification": "",
                "total_exp": ""
            },
            {
                "managing_fund_since": "",
                "name": "Sanjeev Sharma",
                "qualification": "",
                "total_exp": ""
            }
        ],
        "generate_avg_manage": [
            11
        ],
        "load": {
            "entry_load": "Nil",
            "exit_load": "1 if exit  1 Year NAV Details  Pleaseclick here EXPENSE RATIO  Please click here (For both Direct and Reqular plans) BENCHMARK INDEX NIFTY SMALLCAP 250 TRI Scheme Riskometer Benchmark Riskometer Investors should consult their financial advisers if in doubt about whether the product is suitable for them As on March 31, 2025"
        },
        "main_scheme_name": "Quant Small Cap Fund",
        "metrics": {
            "alpha": "11.23",
            "arithmetic_mean_ratio": null,
            "average_div_yld": null,
            "average_pb": null,
            "average_pe": null,
            "avg_maturity": null,
            "beta": null,
            "correlation_ratio": null,
            "downside_deviation": null,
            "information_ratio": null,
            "macaulay": null,
            "mod_duration": null,
            "port_turnover_ratio": null,
            "r_squared_ratio": "0.77",
            "roe_ratio": null,
            "sharpe": "1.94",
            "sortino_ratio": "4.39",
            "std_dev": "23.46",
            "tracking_error": null,
            "treynor_ratio": null,
            "upside_deviation": null,
            "ytm": null
        },
        "min_addl_amt": "\u20b9 1000",
        "min_addl_amt_multiple": "\u20b9 1",
        "min_amt": "\u20b9 5000",
        "min_amt_multiple": "\u20b9 1",
        "monthly_aaum_date": "31-03-2025",
        "monthly_aaum_value": "\u20b9 24,893 cr",
        "mutual_fund_name": "Quant Mutual Fund",
        "page_number": [
            11
        ],
        "scheme_launch_date": "29 October 1996"
    },
    "Quant ELSS Tax Saver Fund": {
        "amc_name": "Quant Money Managers Limited",
        "benchmark_index": "NIFTY 500 TRI",
        "fund_manager": [
            {
                "managing_fund_since": "",
                "name": "Sandeep Tandon",
                "qualification": "",
                "total_exp": ""
            },
            {
                "managing_fund_since": "",
                "name": "Ankit Pande",
                "qualification": "",
                "total_exp": ""
            },
            {
                "managing_fund_since": "",
                "name": "Varun Pattani",
                "qualification": "",
                "total_exp": ""
            },
            {
                "managing_fund_since": "",
                "name": "Ayusha Kumbhat",
                "qualification": "",
                "total_exp": ""
            },
            {
                "managing_fund_since": "",
                "name": "Yug Tibrewal",
                "qualification": "",
                "total_exp": ""
            },
            {
                "managing_fund_since": "",
                "name": "Sameer Kate",
                "qualification": "",
                "total_exp": ""
            },
            {
                "managing_fund_since": "",
                "name": "Sanjeev Sharma",
                "qualification": "",
                "total_exp": ""
            }
        ],
        "generate_avg_manage": [
            13
        ],
        "load": {
            "entry_load": "Nil",
            "exit_load": "Nil NAV Details  Pleaseclick here EXPENSE RATIO  Please click here (For both Direct and Reqular plans) BENCHMARK INDEX NIFTY 500 TRI Scheme Riskometer Benchmark Riskometer Investors should consult their financial advisers if in doubt about whether the product is suitable for them As on March 31, 2025"
        },
        "main_scheme_name": "Quant ELSS Tax Saver Fund",
        "metrics": {
            "alpha": "10.18",
            "arithmetic_mean_ratio": null,
            "average_div_yld": null,
            "average_pb": null,
            "average_pe": null,
            "avg_maturity": null,
            "beta": null,
            "correlation_ratio": null,
            "downside_deviation": null,
            "information_ratio": null,
            "macaulay": null,
            "mod_duration": null,
            "port_turnover_ratio": null,
            "r_squared_ratio": "0.72",
            "roe_ratio": null,
            "sharpe": "1.68",
            "sortino_ratio": "3.43",
            "std_dev": "18.49",
            "tracking_error": null,
            "treynor_ratio": null,
            "upside_deviation": null,
            "ytm": null
        },
        "min_addl_amt": "\u20b9 500",
        "min_addl_amt_multiple": "\u20b9 1",
        "min_amt": "\u20b9 500",
        "min_amt_multiple": "\u20b9 1",
        "monthly_aaum_date": "31-03-2025",
        "monthly_aaum_value": "\u20b9 10,405 cr",
        "mutual_fund_name": "Quant Mutual Fund",
        "page_number": [
            13
        ],
        "scheme_launch_date": "13 April 2000"
    },
    "Quant Active Fund": {
        "amc_name": "Quant Money Managers Limited",
        "benchmark_index": "NIFTY 500 MULTICAP 502525 TRI",
        "fund_manager": [
            {
                "managing_fund_since": "",
                "name": "Sandeep Tandon",
                "qualification": "",
                "total_exp": ""
            },
            {
                "managing_fund_since": "",
                "name": "Ankit Pande",
                "qualification": "",
                "total_exp": ""
            },
            {
                "managing_fund_since": "",
                "name": "Lokesh Garg",
                "qualification": "",
                "total_exp": ""
            },
            {
                "managing_fund_since": "",
                "name": "Varun Pattani",
                "qualification": "",
                "total_exp": ""
            },
            {
                "managing_fund_since": "",
                "name": "Ayusha Kumbhat",
                "qualification": "",
                "total_exp": ""
            },
            {
                "managing_fund_since": "",
                "name": "Yug Tibrewal",
                "qualification": "",
                "total_exp": ""
            },
            {
                "managing_fund_since": "",
                "name": "Sameer Kate",
                "qualification": "",
                "total_exp": ""
            },
            {
                "managing_fund_since": "",
                "name": "Sanjeev Sharma",
                "qualification": "",
                "total_exp": ""
            }
        ],
        "generate_avg_manage": [
            15
        ],
        "load": {
            "entry_load": "Nil",
            "exit_load": "1 for 15 days NAV Details  Pleaseclick here EXPENSE RATIO  Please click here (For both Direct and Reqular plans) BENCHMARK INDEX NIFTY 500 MULTICAP 502525 TRI Scheme Riskometer Benchmark Riskometer Investors should consult their financial advisers if in doubt about whether the product is suitable for them As on March 31, 2025"
        },
        "main_scheme_name": "Quant Active Fund",
        "metrics": {
            "alpha": "3.21",
            "arithmetic_mean_ratio": null,
            "average_div_yld": null,
            "average_pb": null,
            "average_pe": null,
            "avg_maturity": null,
            "beta": null,
            "correlation_ratio": null,
            "downside_deviation": null,
            "information_ratio": null,
            "macaulay": null,
            "mod_duration": null,
            "port_turnover_ratio": null,
            "r_squared_ratio": "0.79",
            "roe_ratio": null,
            "sharpe": "1.50",
            "sortino_ratio": "2.95",
            "std_dev": "17.98",
            "tracking_error": null,
            "treynor_ratio": null,
            "upside_deviation": null,
            "ytm": null
        },
        "min_addl_amt": "\u20b9 1000",
        "min_addl_amt_multiple": "\u20b9 1",
        "min_amt": "\u20b9 5000",
        "min_amt_multiple": "\u20b9 1",
        "monthly_aaum_date": "31-03-2025",
        "monthly_aaum_value": "\u20b9 9,389 cr",
        "mutual_fund_name": "Quant Mutual Fund",
        "page_number": [
            15
        ],
        "scheme_launch_date": "17 April 2001"
    },
    "Quant Mid Cap Fund": {
        "amc_name": "Quant Money Managers Limited",
        "benchmark_index": "NIFTY LARGE MIDCAP 250 TRI",
        "fund_manager": [
            {
                "managing_fund_since": "",
                "name": "Sandeep Tandon",
                "qualification": "",
                "total_exp": ""
            },
            {
                "managing_fund_since": "",
                "name": "Ankit Pande",
                "qualification": "",
                "total_exp": ""
            },
            {
                "managing_fund_since": "",
                "name": "Varun Pattani",
                "qualification": "",
                "total_exp": ""
            },
            {
                "managing_fund_since": "",
                "name": "Ayusha Kumbhat",
                "qualification": "",
                "total_exp": ""
            },
            {
                "managing_fund_since": "",
                "name": "Yug Tibrewal",
                "qualification": "",
                "total_exp": ""
            },
            {
                "managing_fund_since": "",
                "name": "Sameer Kate",
                "qualification": "",
                "total_exp": ""
            },
            {
                "managing_fund_since": "",
                "name": "Sanjeev Sharma",
                "qualification": "",
                "total_exp": ""
            }
        ],
        "generate_avg_manage": [
            21
        ],
        "load": {
            "entry_load": "Nil",
            "exit_load": "1 for 15 days NAV Details  Pleaseclick here EXPENSE RATIO  Please click here (For both Direct and Reqular plans) BENCHMARK INDEX NIFTY LARGE MIDCAP 250 TRI Scheme Riskometer Benchmark Riskometer Investors should consult their financial advisers if in doubt about whether the product is suitable for them As on March 31, 2025"
        },
        "main_scheme_name": "Quant Mid Cap Fund",
        "metrics": {
            "alpha": "0.38",
            "arithmetic_mean_ratio": null,
            "average_div_yld": null,
            "average_pb": null,
            "average_pe": null,
            "avg_maturity": null,
            "beta": null,
            "correlation_ratio": null,
            "downside_deviation": null,
            "information_ratio": null,
            "macaulay": null,
            "mod_duration": null,
            "port_turnover_ratio": null,
            "r_squared_ratio": "0.75",
            "roe_ratio": null,
            "sharpe": "1.36",
            "sortino_ratio": "2.71",
            "std_dev": "16.55",
            "tracking_error": null,
            "treynor_ratio": null,
            "upside_deviation": null,
            "ytm": null
        },
        "min_addl_amt": "\u20b9 1000",
        "min_addl_amt_multiple": "\u20b9 1",
        "min_amt": "\u20b9 5000",
        "min_amt_multiple": "\u20b9 1",
        "monthly_aaum_date": "31-03-2025",
        "monthly_aaum_value": "\u20b9 3,519 cr",
        "mutual_fund_name": "Quant Mutual Fund",
        "page_number": [
            21
        ],
        "scheme_launch_date": "08 January 2007"
    },
    "Quant Flexi Cap Fund": {
        "amc_name": "Quant Money Managers Limited",
        "benchmark_index": "NIFTY 500 TRI",
        "fund_manager": [
            {
                "managing_fund_since": "",
                "name": "Sandeep Tandon",
                "qualification": "",
                "total_exp": ""
            },
            {
                "managing_fund_since": "",
                "name": "Ankit Pande",
                "qualification": "",
                "total_exp": ""
            },
            {
                "managing_fund_since": "",
                "name": "Lokesh Garg",
                "qualification": "",
                "total_exp": ""
            },
            {
                "managing_fund_since": "",
                "name": "Varun Pattani",
                "qualification": "",
                "total_exp": ""
            },
            {
                "managing_fund_since": "",
                "name": "Ayusha Kumbhat",
                "qualification": "",
                "total_exp": ""
            },
            {
                "managing_fund_since": "",
                "name": "Yug Tibrewal",
                "qualification": "",
                "total_exp": ""
            },
            {
                "managing_fund_since": "",
                "name": "Sameer Kate",
                "qualification": "",
                "total_exp": ""
            },
            {
                "managing_fund_since": "",
                "name": "Sanjeev Sharma",
                "qualification": "",
                "total_exp": ""
            }
        ],
        "generate_avg_manage": [
            19
        ],
        "load": {
            "entry_load": "Nil",
            "exit_load": "1 for 15 days NAV Details  Pleaseclick here EXPENSE RATIO  Please click here (For both Direct and Reqular plans) BENCHMARK INDEX NIFTY 500 TRI Scheme Riskometer Benchmark Riskometer Investors should consult their financial advisers if in doubt about whether the product is suitable for them As on March 31, 2025"
        },
        "main_scheme_name": "Quant Flexi Cap Fund",
        "metrics": {
            "alpha": "10.86",
            "arithmetic_mean_ratio": null,
            "average_div_yld": null,
            "average_pb": null,
            "average_pe": null,
            "avg_maturity": null,
            "beta": null,
            "correlation_ratio": null,
            "downside_deviation": null,
            "information_ratio": null,
            "macaulay": null,
            "mod_duration": null,
            "port_turnover_ratio": null,
            "r_squared_ratio": "0.70",
            "roe_ratio": null,
            "sharpe": "1.69",
            "sortino_ratio": "3.45",
            "std_dev": "18.34",
            "tracking_error": null,
            "treynor_ratio": null,
            "upside_deviation": null,
            "ytm": null
        },
        "min_addl_amt": "\u20b9 1000",
        "min_addl_amt_multiple": "\u20b9 1",
        "min_amt": "\u20b9 5000",
        "min_amt_multiple": "\u20b9 1",
        "monthly_aaum_date": "31-03-2025",
        "monthly_aaum_value": "\u20b9 6,712 cr",
        "mutual_fund_name": "Quant Mutual Fund",
        "page_number": [
            19
        ],
        "scheme_launch_date": "17 October 2008"
    },
    "Quant Infrastructure Fund": {
        "amc_name": "Quant Money Managers Limited",
        "benchmark_index": "NIFTY INFRASTRUCTURE TRI",
        "fund_manager": [
            {
                "managing_fund_since": "",
                "name": "Sandeep Tandon",
                "qualification": "",
                "total_exp": ""
            },
            {
                "managing_fund_since": "",
                "name": "Ankit Pande",
                "qualification": "",
                "total_exp": ""
            },
            {
                "managing_fund_since": "",
                "name": "Lokesh Garg",
                "qualification": "",
                "total_exp": ""
            },
            {
                "managing_fund_since": "",
                "name": "Varun Pattani",
                "qualification": "",
                "total_exp": ""
            },
            {
                "managing_fund_since": "",
                "name": "Ayusha Kumbhat",
                "qualification": "",
                "total_exp": ""
            },
            {
                "managing_fund_since": "",
                "name": "Yug Tibrewal",
                "qualification": "",
                "total_exp": ""
            },
            {
                "managing_fund_since": "",
                "name": "Sameer Kate",
                "qualification": "",
                "total_exp": ""
            },
            {
                "managing_fund_since": "",
                "name": "Sanjeev Sharma",
                "qualification": "",
                "total_exp": ""
            }
        ],
        "generate_avg_manage": [
            23
        ],
        "load": {
            "entry_load": "Nil",
            "exit_load": "0.5 if exit  3 Months NAV Details  Pleaseclick here EXPENSE RATIO  Please click here (For both Direct and Reqular plans) BENCHMARK INDEX NIFTY INFRASTRUCTURE TRI Scheme Riskometer Benchmark Riskometer Investors should consult their financial advisers if in doubt about whether the product is suitable for them As on March 31, 2025"
        },
        "main_scheme_name": "Quant Infrastructure Fund",
        "metrics": {
            "alpha": "9.82",
            "arithmetic_mean_ratio": null,
            "average_div_yld": null,
            "average_pb": null,
            "average_pe": null,
            "avg_maturity": null,
            "beta": null,
            "correlation_ratio": null,
            "downside_deviation": null,
            "information_ratio": null,
            "macaulay": null,
            "mod_duration": null,
            "port_turnover_ratio": null,
            "r_squared_ratio": "0.66",
            "roe_ratio": null,
            "sharpe": "1.91",
            "sortino_ratio": "3.82",
            "std_dev": "19.84",
            "tracking_error": null,
            "treynor_ratio": null,
            "upside_deviation": null,
            "ytm": null
        },
        "min_addl_amt": "\u20b9 1000",
        "min_addl_amt_multiple": "\u20b9 1",
        "min_amt": "\u20b9 5000",
        "min_amt_multiple": "\u20b9 1",
        "monthly_aaum_date": "31-03-2025",
        "monthly_aaum_value": "\u20b9 3,158 cr",
        "mutual_fund_name": "Quant Mutual Fund",
        "page_number": [
            23
        ],
        "scheme_launch_date": "20 September 2007"
    },
    "Quant Large Cap Fund": {
        "amc_name": "Quant Money Managers Limited",
        "benchmark_index": "NIFTY 100 TRI",
        "fund_manager": [
            {
                "managing_fund_since": "",
                "name": "Sandeep Tandon",
                "qualification": "",
                "total_exp": ""
            },
            {
                "managing_fund_since": "",
                "name": "Ankit Pande",
                "qualification": "",
                "total_exp": ""
            },
            {
                "managing_fund_since": "",
                "name": "Lokesh Garg",
                "qualification": "",
                "total_exp": ""
            },
            {
                "managing_fund_since": "",
                "name": "Varun Pattani",
                "qualification": "",
                "total_exp": ""
            },
            {
                "managing_fund_since": "",
                "name": "Ayusha Kumbhat",
                "qualification": "",
                "total_exp": ""
            },
            {
                "managing_fund_since": "",
                "name": "Yug Tibrewal",
                "qualification": "",
                "total_exp": ""
            },
            {
                "managing_fund_since": "",
                "name": "Sameer Kate",
                "qualification": "",
                "total_exp": ""
            },
            {
                "managing_fund_since": "",
                "name": "Sanjeev Sharma",
                "qualification": "",
                "total_exp": ""
            }
        ],
        "generate_avg_manage": [
            25
        ],
        "load": {
            "entry_load": "Nil",
            "exit_load": "1 for 15 days NAV Details  Pleaseclick here EXPENSE RATIO  Please click here (For both Direct and Reqular plans) BENCHMARK INDEX NIFTY 100 TRI Scheme Riskometer Benchmark Riskometer Investors should consult their financial advisers if in doubt about whether the product is suitable for them As on March 31, 2025"
        },
        "main_scheme_name": "Quant Large Cap Fund",
        "metrics": {
            "alpha": "-0.01",
            "arithmetic_mean_ratio": null,
            "average_div_yld": null,
            "average_pb": null,
            "average_pe": null,
            "avg_maturity": null,
            "beta": null,
            "correlation_ratio": null,
            "downside_deviation": null,
            "information_ratio": null,
            "macaulay": null,
            "mod_duration": null,
            "port_turnover_ratio": null,
            "r_squared_ratio": "0.83",
            "roe_ratio": null,
            "sharpe": "0.40",
            "sortino_ratio": "0.63",
            "std_dev": "11.56",
            "tracking_error": null,
            "treynor_ratio": null,
            "upside_deviation": null,
            "ytm": null
        },
        "min_addl_amt": "\u20b9 1000",
        "min_addl_amt_multiple": "\u20b9 1",
        "min_amt": "\u20b9 5000",
        "min_amt_multiple": "\u20b9 1",
        "monthly_aaum_date": "31-03-2025",
        "monthly_aaum_value": "\u20b9 2,434 cr",
        "mutual_fund_name": "Quant Mutual Fund",
        "page_number": [
            25
        ],
        "scheme_launch_date": "11 August 2022"
    },
    "Quant Absolute Fund": {
        "amc_name": "Quant Money Managers Limited",
        "benchmark_index": "NIFTY 50 Hybrid Composite Debt 6535 Index",
        "fund_manager": [
            {
                "managing_fund_since": "",
                "name": "Sandeep Tandon",
                "qualification": "",
                "total_exp": ""
            },
            {
                "managing_fund_since": "",
                "name": "Ankit Pande",
                "qualification": "",
                "total_exp": ""
            },
            {
                "managing_fund_since": "",
                "name": "Lokesh Garg",
                "qualification": "",
                "total_exp": ""
            },
            {
                "managing_fund_since": "",
                "name": "Varun Pattani",
                "qualification": "",
                "total_exp": ""
            },
            {
                "managing_fund_since": "",
                "name": "Ayusha Kumbhat",
                "qualification": "",
                "total_exp": ""
            },
            {
                "managing_fund_since": "",
                "name": "Yug Tibrewal",
                "qualification": "",
                "total_exp": ""
            },
            {
                "managing_fund_since": "",
                "name": "Sameer Kate",
                "qualification": "",
                "total_exp": ""
            },
            {
                "managing_fund_since": "",
                "name": "Sanjeev Sharma",
                "qualification": "",
                "total_exp": ""
            }
        ],
        "generate_avg_manage": [
            27
        ],
        "load": {
            "entry_load": "Nil",
            "exit_load": "1 for 15 days NAV Details  Pleaseclick here EXPENSE RATIO  Please click here (For both Direct and Reqular plans) BENCHMARK INDEX NIFTY 50 Hybrid Composite Debt 6535 Index Scheme Riskometer Benchmark Riskometer Investors should consult their financial advisers if in doubt about whether the product is suitable for them As on March 31, 2025"
        },
        "main_scheme_name": "Quant Absolute Fund",
        "metrics": {
            "alpha": "13.38",
            "arithmetic_mean_ratio": null,
            "average_div_yld": null,
            "average_pb": null,
            "average_pe": null,
            "avg_maturity": null,
            "beta": null,
            "correlation_ratio": null,
            "downside_deviation": null,
            "information_ratio": null,
            "macaulay": null,
            "mod_duration": null,
            "port_turnover_ratio": null,
            "r_squared_ratio": "0.59",
            "roe_ratio": null,
            "sharpe": "1.65",
            "sortino_ratio": "3.36",
            "std_dev": "13.87",
            "tracking_error": null,
            "treynor_ratio": null,
            "upside_deviation": null,
            "ytm": null
        },
        "min_addl_amt": "\u20b9 1000",
        "min_addl_amt_multiple": "\u20b9 1",
        "min_amt": "\u20b9 5000",
        "min_amt_multiple": "\u20b9 1",
        "monthly_aaum_date": "31-03-2025",
        "monthly_aaum_value": "\u20b9 2,000 cr",
        "mutual_fund_name": "Quant Mutual Fund",
        "page_number": [
            27
        ],
        "scheme_launch_date": "04 April 2001"
    },
    "Quant Quantamental Fund": {
        "amc_name": "Quant Money Managers Limited",
        "benchmark_index": "NIFTY 200 TRI",
        "fund_manager": [
            {
                "managing_fund_since": "",
                "name": "Sandeep Tandon",
                "qualification": "",
                "total_exp": ""
            },
            {
                "managing_fund_since": "",
                "name": "Ankit Pande",
                "qualification": "",
                "total_exp": ""
            },
            {
                "managing_fund_since": "",
                "name": "Varun Pattani",
                "qualification": "",
                "total_exp": ""
            },
            {
                "managing_fund_since": "",
                "name": "Ayusha Kumbhat",
                "qualification": "",
                "total_exp": ""
            },
            {
                "managing_fund_since": "",
                "name": "Yug Tibrewal",
                "qualification": "",
                "total_exp": ""
            },
            {
                "managing_fund_since": "",
                "name": "Sameer Kate",
                "qualification": "",
                "total_exp": ""
            },
            {
                "managing_fund_since": "",
                "name": "Sanjeev Sharma",
                "qualification": "",
                "total_exp": ""
            }
        ],
        "generate_avg_manage": [
            29
        ],
        "load": {
            "entry_load": "Nil",
            "exit_load": "1 for 15 days NAV Details  Pleaseclick here EXPENSE RATIO  Please click here (For both Direct and Reqular plans) BENCHMARK INDEX NIFTY 200 TRI Scheme Riskometer Benchmark Riskometer Investors should consult their financial advisers if in doubt about whether the product is suitable for them As on March 31, 2025"
        },
        "main_scheme_name": "Quant Quantamental Fund",
        "metrics": {
            "alpha": "4.71",
            "arithmetic_mean_ratio": null,
            "average_div_yld": null,
            "average_pb": null,
            "average_pe": null,
            "avg_maturity": null,
            "beta": null,
            "correlation_ratio": null,
            "downside_deviation": null,
            "information_ratio": null,
            "macaulay": null,
            "mod_duration": null,
            "port_turnover_ratio": null,
            "r_squared_ratio": "0.65",
            "roe_ratio": null,
            "sharpe": "0.91",
            "sortino_ratio": "1.58",
            "std_dev": "13.83",
            "tracking_error": null,
            "treynor_ratio": null,
            "upside_deviation": null,
            "ytm": null
        },
        "min_addl_amt": "\u20b9 1000",
        "min_addl_amt_multiple": "\u20b9 1",
        "min_amt": "\u20b9 5000",
        "min_amt_multiple": "\u20b9 1",
        "monthly_aaum_date": "31-03-2025",
        "monthly_aaum_value": "\u20b9 1,892 cr",
        "mutual_fund_name": "Quant Mutual Fund",
        "page_number": [
            29
        ],
        "scheme_launch_date": "03 May 2021"
    },
    "Quant Value Fund": {
        "amc_name": "Quant Money Managers Limited",
        "benchmark_index": "NIFTY 500 TRI",
        "fund_manager": [
            {
                "managing_fund_since": "",
                "name": "Sandeep Tandon",
                "qualification": "",
                "total_exp": ""
            },
            {
                "managing_fund_since": "",
                "name": "Ankit Pande",
                "qualification": "",
                "total_exp": ""
            },
            {
                "managing_fund_since": "",
                "name": "Varun Pattani",
                "qualification": "",
                "total_exp": ""
            },
            {
                "managing_fund_since": "",
                "name": "Ayusha Kumbhat",
                "qualification": "",
                "total_exp": ""
            },
            {
                "managing_fund_since": "",
                "name": "Yug Tibrewal",
                "qualification": "",
                "total_exp": ""
            },
            {
                "managing_fund_since": "",
                "name": "Sameer Kate",
                "qualification": "",
                "total_exp": ""
            },
            {
                "managing_fund_since": "",
                "name": "Sanjeev Sharma",
                "qualification": "",
                "total_exp": ""
            }
        ],
        "generate_avg_manage": [
            31
        ],
        "load": {
            "entry_load": "Nil",
            "exit_load": "1 for 15 days NAV Details  Pleaseclick here EXPENSE RATIO  Please click here (For both Direct and Reqular plans) BENCHMARK INDEX NIFTY 500 TRI Scheme Riskometer Benchmark Riskometer Investors should consult their financial advisers if in doubt about whether the product is suitable for them As on March 31, 2025"
        },
        "main_scheme_name": "Quant Value Fund",
        "metrics": {
            "alpha": "5.06",
            "arithmetic_mean_ratio": null,
            "average_div_yld": null,
            "average_pb": null,
            "average_pe": null,
            "avg_maturity": null,
            "beta": null,
            "correlation_ratio": null,
            "downside_deviation": null,
            "information_ratio": null,
            "macaulay": null,
            "mod_duration": null,
            "port_turnover_ratio": null,
            "r_squared_ratio": "0.77",
            "roe_ratio": null,
            "sharpe": "0.63",
            "sortino_ratio": "1.08",
            "std_dev": "16.01",
            "tracking_error": null,
            "treynor_ratio": null,
            "upside_deviation": null,
            "ytm": null
        },
        "min_addl_amt": "\u20b9 1000",
        "min_addl_amt_multiple": "\u20b9 1",
        "min_amt": "\u20b9 5000",
        "min_amt_multiple": "\u20b9 1",
        "monthly_aaum_date": "31-03-2025",
        "monthly_aaum_value": "\u20b9 1,675 cr",
        "mutual_fund_name": "Quant Mutual Fund",
        "page_number": [
            31
        ],
        "scheme_launch_date": "30 November 2021"
    },
    "Quant Momentum Fund": {
        "amc_name": "Quant Money Managers Limited",
        "benchmark_index": "NIFTY 500 TRI",
        "fund_manager": [
            {
                "managing_fund_since": "",
                "name": "Sandeep Tandon",
                "qualification": "",
                "total_exp": ""
            },
            {
                "managing_fund_since": "",
                "name": "Ankit Pande",
                "qualification": "",
                "total_exp": ""
            },
            {
                "managing_fund_since": "",
                "name": "Varun Pattani",
                "qualification": "",
                "total_exp": ""
            },
            {
                "managing_fund_since": "",
                "name": "Ayusha Kumbhat",
                "qualification": "",
                "total_exp": ""
            },
            {
                "managing_fund_since": "",
                "name": "Yug Tibrewal",
                "qualification": "",
                "total_exp": ""
            },
            {
                "managing_fund_since": "",
                "name": "Sameer Kate",
                "qualification": "",
                "total_exp": ""
            },
            {
                "managing_fund_since": "",
                "name": "Sanjeev Sharma",
                "qualification": "",
                "total_exp": ""
            }
        ],
        "generate_avg_manage": [
            33
        ],
        "load": {
            "entry_load": "Nil",
            "exit_load": "1 for 15 days NAV Details  Pleaseclick here EXPENSE RATIO  Please click here (For both Direct and Reqular plans) BENCHMARK INDEX NIFTY 500 TRI Scheme Riskometer Benchmark Riskometer Investors should consult their financial advisers if in doubt about whether the product is suitable for them As on March 31, 2025"
        },
        "main_scheme_name": "Quant Momentum Fund",
        "metrics": {
            "alpha": "8.43",
            "arithmetic_mean_ratio": null,
            "average_div_yld": null,
            "average_pb": null,
            "average_pe": null,
            "avg_maturity": null,
            "beta": null,
            "correlation_ratio": null,
            "downside_deviation": null,
            "information_ratio": null,
            "macaulay": null,
            "mod_duration": null,
            "port_turnover_ratio": null,
            "r_squared_ratio": "0.75",
            "roe_ratio": null,
            "sharpe": "0.82",
            "sortino_ratio": "1.52",
            "std_dev": "17.43",
            "tracking_error": null,
            "treynor_ratio": null,
            "upside_deviation": null,
            "ytm": null
        },
        "min_addl_amt": "\u20b9 1000",
        "min_addl_amt_multiple": "\u20b9 1",
        "min_amt": "\u20b9 5000",
        "min_amt_multiple": "\u20b9 1",
        "monthly_aaum_date": "31-03-2025",
        "monthly_aaum_value": "\u20b9 1,672 cr",
        "mutual_fund_name": "Quant Mutual Fund",
        "page_number": [
            33
        ],
        "scheme_launch_date": "20 November 2023"
    },
    "Quant Business Cycle Fund": {
        "amc_name": "Quant Money Managers Limited",
        "benchmark_index": "NIFTY 500 TRI",
        "fund_manager": [
            {
                "managing_fund_since": "",
                "name": "Sandeep Tandon",
                "qualification": "",
                "total_exp": ""
            },
            {
                "managing_fund_since": "",
                "name": "Ankit Pande",
                "qualification": "",
                "total_exp": ""
            },
            {
                "managing_fund_since": "",
                "name": "Lokesh Garg",
                "qualification": "",
                "total_exp": ""
            },
            {
                "managing_fund_since": "",
                "name": "Varun Pattani",
                "qualification": "",
                "total_exp": ""
            },
            {
                "managing_fund_since": "",
                "name": "Ayusha Kumbhat",
                "qualification": "",
                "total_exp": ""
            },
            {
                "managing_fund_since": "",
                "name": "Yug Tibrewal",
                "qualification": "",
                "total_exp": ""
            },
            {
                "managing_fund_since": "",
                "name": "Sameer Kate",
                "qualification": "",
                "total_exp": ""
            },
            {
                "managing_fund_since": "",
                "name": "Sanjeev Sharma",
                "qualification": "",
                "total_exp": ""
            }
        ],
        "generate_avg_manage": [
            35
        ],
        "load": {
            "entry_load": "Nil",
            "exit_load": "1 for 15 days NAV Details  Pleaseclick here EXPENSE RATIO  Please click here (For both Direct and Reqular plans) BENCHMARK INDEX NIFTY 500 TRI Scheme Riskometer Benchmark Riskometer Investors should consult their financial advisers if in doubt about whether the product is suitable for them As on March 31, 2025"
        },
        "main_scheme_name": "Quant Business Cycle Fund",
        "metrics": {
            "alpha": "5.11",
            "arithmetic_mean_ratio": null,
            "average_div_yld": null,
            "average_pb": null,
            "average_pe": null,
            "avg_maturity": null,
            "beta": null,
            "correlation_ratio": null,
            "downside_deviation": null,
            "information_ratio": null,
            "macaulay": null,
            "mod_duration": null,
            "port_turnover_ratio": null,
            "r_squared_ratio": "0.77",
            "roe_ratio": null,
            "sharpe": "0.86",
            "sortino_ratio": "1.36",
            "std_dev": "15.23",
            "tracking_error": null,
            "treynor_ratio": null,
            "upside_deviation": null,
            "ytm": null
        },
        "min_addl_amt": "\u20b9 1000",
        "min_addl_amt_multiple": "\u20b9 1",
        "min_amt": "\u20b9 5000",
        "min_amt_multiple": "\u20b9 1",
        "monthly_aaum_date": "31-03-2025",
        "monthly_aaum_value": "\u20b9 1,238 cr",
        "mutual_fund_name": "Quant Mutual Fund",
        "page_number": [
            35
        ],
        "scheme_launch_date": "30 May 2023"
    },
    "Quant Dynamic Asset Allocation Fund": {
        "amc_name": "Quant Money Managers Limited",
        "benchmark_index": "NIFTY 50 Hybrid Composite debt 5050 Index",
        "fund_manager": [
            {
                "managing_fund_since": "",
                "name": "Sandeep Tandon",
                "qualification": "",
                "total_exp": ""
            },
            {
                "managing_fund_since": "",
                "name": "Ankit Pande",
                "qualification": "",
                "total_exp": ""
            },
            {
                "managing_fund_since": "",
                "name": "Varun Pattani",
                "qualification": "",
                "total_exp": ""
            },
            {
                "managing_fund_since": "",
                "name": "Ayusha Kumbhat",
                "qualification": "",
                "total_exp": ""
            },
            {
                "managing_fund_since": "",
                "name": "Yug Tibrewal",
                "qualification": "",
                "total_exp": ""
            },
            {
                "managing_fund_since": "",
                "name": "Sameer Kate",
                "qualification": "",
                "total_exp": ""
            },
            {
                "managing_fund_since": "",
                "name": "Sanjeev Sharma",
                "qualification": "",
                "total_exp": ""
            }
        ],
        "generate_avg_manage": [
            37
        ],
        "load": {
            "entry_load": "Nil",
            "exit_load": "1 for 15 days NAV Details  Pleaseclick here EXPENSE RATIO  Please click here (For both Direct and Reqular plans) BENCHMARK INDEX NIFTY 50 Hybrid Composite debt 5050 Index Scheme Riskometer Benchmark Riskometer Investors should consult their financial advisers if in doubt about whether the product is suitable for them As on March 31, 2025"
        },
        "main_scheme_name": "Quant Dynamic Asset Allocation Fund",
        "metrics": {
            "alpha": "13.12",
            "arithmetic_mean_ratio": null,
            "average_div_yld": null,
            "average_pb": null,
            "average_pe": null,
            "avg_maturity": null,
            "beta": null,
            "correlation_ratio": null,
            "downside_deviation": null,
            "information_ratio": null,
            "macaulay": null,
            "mod_duration": null,
            "port_turnover_ratio": null,
            "r_squared_ratio": "0.62",
            "roe_ratio": null,
            "sharpe": "1.08",
            "sortino_ratio": "2.04",
            "std_dev": "14.05",
            "tracking_error": null,
            "treynor_ratio": null,
            "upside_deviation": null,
            "ytm": null
        },
        "min_addl_amt": "\u20b9 1000",
        "min_addl_amt_multiple": "\u20b9 1",
        "min_amt": "\u20b9 5000",
        "min_amt_multiple": "\u20b9 1",
        "monthly_aaum_date": "31-03-2025",
        "monthly_aaum_value": "\u20b9 1,199 cr",
        "mutual_fund_name": "Quant Mutual Fund",
        "page_number": [
            37
        ],
        "scheme_launch_date": "12 April 2023"
    },
    "Quant Focused Fund": {
        "amc_name": "Quant Money Managers Limited",
        "benchmark_index": "NIFTY 500 TRI",
        "fund_manager": [
            {
                "managing_fund_since": "",
                "name": "Sandeep Tandon",
                "qualification": "",
                "total_exp": ""
            },
            {
                "managing_fund_since": "",
                "name": "Ankit Pande",
                "qualification": "",
                "total_exp": ""
            },
            {
                "managing_fund_since": "",
                "name": "Lokesh Garg",
                "qualification": "",
                "total_exp": ""
            },
            {
                "managing_fund_since": "",
                "name": "Varun Pattani",
                "qualification": "",
                "total_exp": ""
            },
            {
                "managing_fund_since": "",
                "name": "Ayusha Kumbhat",
                "qualification": "",
                "total_exp": ""
            },
            {
                "managing_fund_since": "",
                "name": "Yug Tibrewal",
                "qualification": "",
                "total_exp": ""
            },
            {
                "managing_fund_since": "",
                "name": "Sameer Kate",
                "qualification": "",
                "total_exp": ""
            },
            {
                "managing_fund_since": "",
                "name": "Sanjeev Sharma",
                "qualification": "",
                "total_exp": ""
            }
        ],
        "generate_avg_manage": [
            39
        ],
        "load": {
            "entry_load": "Nil",
            "exit_load": "1 for 15 days NAV Details  Pleaseclick here EXPENSE RATIO  Please click here (For both Direct and Reqular plans) BENCHMARK INDEX NIFTY 500 TRI Scheme Riskometer Benchmark Riskometer Investors should consult their financial advisers if in doubt about whether the product is suitable for them As on March 31, 2025"
        },
        "main_scheme_name": "Quant Focused Fund",
        "metrics": {
            "alpha": "2.22",
            "arithmetic_mean_ratio": null,
            "average_div_yld": null,
            "average_pb": null,
            "average_pe": null,
            "avg_maturity": null,
            "beta": null,
            "correlation_ratio": null,
            "downside_deviation": null,
            "information_ratio": null,
            "macaulay": null,
            "mod_duration": null,
            "port_turnover_ratio": null,
            "r_squared_ratio": "0.75",
            "roe_ratio": null,
            "sharpe": "1.32",
            "sortino_ratio": "2.60",
            "std_dev": "15.81",
            "tracking_error": null,
            "treynor_ratio": null,
            "upside_deviation": null,
            "ytm": null
        },
        "min_addl_amt": "\u20b9 1000",
        "min_addl_amt_multiple": "\u20b9 1",
        "min_amt": "\u20b9 5000",
        "min_amt_multiple": "\u20b9 1",
        "monthly_aaum_date": "31-03-2025",
        "monthly_aaum_value": "\u20b9 1,013 cr",
        "mutual_fund_name": "Quant Mutual Fund",
        "page_number": [
            39
        ],
        "scheme_launch_date": "28 August 2008"
    },
    "Quant Manufacturing Fund": {
        "amc_name": "Quant Money Managers Limited",
        "benchmark_index": "Nifty India Manufacturing Index",
        "fund_manager": [
            {
                "managing_fund_since": "",
                "name": "Sandeep Tandon",
                "qualification": "",
                "total_exp": ""
            },
            {
                "managing_fund_since": "",
                "name": "Ankit Pande",
                "qualification": "",
                "total_exp": ""
            },
            {
                "managing_fund_since": "",
                "name": "Lokesh Garg",
                "qualification": "",
                "total_exp": ""
            },
            {
                "managing_fund_since": "",
                "name": "Varun Pattani",
                "qualification": "",
                "total_exp": ""
            },
            {
                "managing_fund_since": "",
                "name": "Ayusha Kumbhat",
                "qualification": "",
                "total_exp": ""
            },
            {
                "managing_fund_since": "",
                "name": "Yug Tibrewal",
                "qualification": "",
                "total_exp": ""
            },
            {
                "managing_fund_since": "",
                "name": "Sameer Kate",
                "qualification": "",
                "total_exp": ""
            },
            {
                "managing_fund_since": "",
                "name": "Sanjeev Sharma",
                "qualification": "",
                "total_exp": ""
            }
        ],
        "generate_avg_manage": [
            41
        ],
        "load": {
            "entry_load": "Nil",
            "exit_load": "1 for 15 days NAV Details  Pleaseclick here EXPENSE RATIO  Please click here (For both Direct and Reqular plans) BENCHMARK INDEX Nifty India Manufacturing Index Scheme Riskometer Benchmark Riskometer Investors should consult their financial advisers if in doubt about whether the product is suitable for them As on March 31, 2025"
        },
        "main_scheme_name": "Quant Manufacturing Fund",
        "metrics": {
            "alpha": "-1.51",
            "arithmetic_mean_ratio": null,
            "average_div_yld": null,
            "average_pb": null,
            "average_pe": null,
            "avg_maturity": null,
            "beta": null,
            "correlation_ratio": null,
            "downside_deviation": null,
            "information_ratio": null,
            "macaulay": null,
            "mod_duration": null,
            "port_turnover_ratio": null,
            "r_squared_ratio": "0.75",
            "roe_ratio": null,
            "sharpe": "0.70",
            "sortino_ratio": "1.11",
            "std_dev": "14.61",
            "tracking_error": null,
            "treynor_ratio": null,
            "upside_deviation": null,
            "ytm": null
        },
        "min_addl_amt": "\u20b9 1000",
        "min_addl_amt_multiple": "\u20b9 1",
        "min_amt": "\u20b9 5000",
        "min_amt_multiple": "\u20b9 1",
        "monthly_aaum_date": "31-03-2025",
        "monthly_aaum_value": "\u20b9 826 cr",
        "mutual_fund_name": "Quant Mutual Fund",
        "page_number": [
            41
        ],
        "scheme_launch_date": "14 August 2023"
    },
    "Quant PSU Fund": {
        "amc_name": "Quant Money Managers Limited",
        "benchmark_index": "Nifty PSE TRI",
        "fund_manager": [
            {
                "managing_fund_since": "",
                "name": "Sandeep Tandon",
                "qualification": "",
                "total_exp": ""
            },
            {
                "managing_fund_since": "",
                "name": "Ankit Pande",
                "qualification": "",
                "total_exp": ""
            },
            {
                "managing_fund_since": "",
                "name": "Varun Pattani",
                "qualification": "",
                "total_exp": ""
            },
            {
                "managing_fund_since": "",
                "name": "Ayusha Kumbhat",
                "qualification": "",
                "total_exp": ""
            },
            {
                "managing_fund_since": "",
                "name": "Yug Tibrewal",
                "qualification": "",
                "total_exp": ""
            },
            {
                "managing_fund_since": "",
                "name": "Sameer Kate",
                "qualification": "",
                "total_exp": ""
            },
            {
                "managing_fund_since": "",
                "name": "Sanjeev Sharma",
                "qualification": "",
                "total_exp": ""
            }
        ],
        "generate_avg_manage": [
            43
        ],
        "load": {
            "entry_load": "Nil",
            "exit_load": "1 for 15 days NAV Details  Pleaseclick here EXPENSE RATIO  Please click here (For both Direct and Reqular plans) BENCHMARK INDEX Nifty PSE TRI Scheme Riskometer Benchmark Riskometer Investors should consult their financial advisers if in doubt about whether the product is suitable for them As on March 31, 2025"
        },
        "main_scheme_name": "Quant PSU Fund",
        "metrics": {
            "alpha": "-2.12",
            "arithmetic_mean_ratio": null,
            "average_div_yld": null,
            "average_pb": null,
            "average_pe": null,
            "avg_maturity": null,
            "beta": null,
            "correlation_ratio": null,
            "downside_deviation": null,
            "information_ratio": null,
            "macaulay": null,
            "mod_duration": null,
            "port_turnover_ratio": null,
            "r_squared_ratio": "0.93",
            "roe_ratio": null,
            "sharpe": "-0.35",
            "sortino_ratio": "-0.52",
            "std_dev": "16.48",
            "tracking_error": null,
            "treynor_ratio": null,
            "upside_deviation": null,
            "ytm": null
        },
        "min_addl_amt": "\u20b9 1000",
        "min_addl_amt_multiple": "\u20b9 1",
        "min_amt": "\u20b9 5000",
        "min_amt_multiple": "\u20b9 1",
        "monthly_aaum_date": "31-03-2025",
        "monthly_aaum_value": "\u20b9 699 cr",
        "mutual_fund_name": "Quant Mutual Fund",
        "page_number": [
            43
        ],
        "scheme_launch_date": "20 February 2024"
    },
    "Quant BFSI Fund": {
        "amc_name": "Quant Money Managers Limited",
        "benchmark_index": "Nifty Financial Services TRI",
        "fund_manager": [
            {
                "managing_fund_since": "",
                "name": "Sandeep Tandon",
                "qualification": "",
                "total_exp": ""
            },
            {
                "managing_fund_since": "",
                "name": "Ankit Pande",
                "qualification": "",
                "total_exp": ""
            },
            {
                "managing_fund_since": "",
                "name": "Varun Pattani",
                "qualification": "",
                "total_exp": ""
            },
            {
                "managing_fund_since": "",
                "name": "Ayusha Kumbhat",
                "qualification": "",
                "total_exp": ""
            },
            {
                "managing_fund_since": "",
                "name": "Yug Tibrewal",
                "qualification": "",
                "total_exp": ""
            },
            {
                "managing_fund_since": "",
                "name": "Sameer Kate",
                "qualification": "",
                "total_exp": ""
            },
            {
                "managing_fund_since": "",
                "name": "Sanjeev Sharma",
                "qualification": "",
                "total_exp": ""
            }
        ],
        "generate_avg_manage": [
            45
        ],
        "load": {
            "entry_load": "Nil",
            "exit_load": "1 for 15 days NAV Details  Pleaseclick here EXPENSE RATIO  Please click here (For both Direct and Reqular plans) BENCHMARK INDEX Nifty Financial Services TRI Scheme Riskometer Benchmark Riskometer Investors should consult their financial advisers if in doubt about whether the product is suitable for them As on March 31, 2025"
        },
        "main_scheme_name": "Quant BFSI Fund",
        "metrics": {
            "alpha": "7.98",
            "arithmetic_mean_ratio": null,
            "average_div_yld": null,
            "average_pb": null,
            "average_pe": null,
            "avg_maturity": null,
            "beta": null,
            "correlation_ratio": null,
            "downside_deviation": null,
            "information_ratio": null,
            "macaulay": null,
            "mod_duration": null,
            "port_turnover_ratio": null,
            "r_squared_ratio": "0.11",
            "roe_ratio": null,
            "sharpe": "0.92",
            "sortino_ratio": "1.49",
            "std_dev": "14.44",
            "tracking_error": null,
            "treynor_ratio": null,
            "upside_deviation": null,
            "ytm": null
        },
        "min_addl_amt": "\u20b9 1000",
        "min_addl_amt_multiple": "\u20b9 1",
        "min_amt": "\u20b9 5000",
        "min_amt_multiple": "\u20b9 1",
        "monthly_aaum_date": "31-03-2025",
        "monthly_aaum_value": "\u20b9 560 cr",
        "mutual_fund_name": "Quant Mutual Fund",
        "page_number": [
            45
        ],
        "scheme_launch_date": "20 June 2023"
    },
    "Quant Teck Fund": {
        "amc_name": "Quant Money Managers Limited",
        "benchmark_index": "Nifty IT TRI",
        "fund_manager": [
            {
                "managing_fund_since": "",
                "name": "Sandeep Tandon",
                "qualification": "",
                "total_exp": ""
            },
            {
                "managing_fund_since": "",
                "name": "Ankit Pande",
                "qualification": "",
                "total_exp": ""
            },
            {
                "managing_fund_since": "",
                "name": "Varun Pattani",
                "qualification": "",
                "total_exp": ""
            },
            {
                "managing_fund_since": "",
                "name": "Ayusha Kumbhat",
                "qualification": "",
                "total_exp": ""
            },
            {
                "managing_fund_since": "",
                "name": "Yug Tibrewal",
                "qualification": "",
                "total_exp": ""
            },
            {
                "managing_fund_since": "",
                "name": "Sameer Kate",
                "qualification": "",
                "total_exp": ""
            },
            {
                "managing_fund_since": "",
                "name": "Sanjeev Sharma",
                "qualification": "",
                "total_exp": ""
            }
        ],
        "generate_avg_manage": [
            47
        ],
        "load": {
            "entry_load": "Nil",
            "exit_load": "1 for 15 days NAV Details  Pleaseclick here EXPENSE RATIO  Please click here (For both Direct and Reqular plans) BENCHMARK INDEX Nifty IT TRI Scheme Riskometer Benchmark Riskometer Investors should consult their financial advisers if in doubt about whether the product is suitable for them As on March 31, 2025"
        },
        "main_scheme_name": "Quant Teck Fund",
        "metrics": {
            "alpha": "-1.49",
            "arithmetic_mean_ratio": null,
            "average_div_yld": null,
            "average_pb": null,
            "average_pe": null,
            "avg_maturity": null,
            "beta": null,
            "correlation_ratio": null,
            "downside_deviation": null,
            "information_ratio": null,
            "macaulay": null,
            "mod_duration": null,
            "port_turnover_ratio": null,
            "r_squared_ratio": "0.66",
            "roe_ratio": null,
            "sharpe": "0.09",
            "sortino_ratio": "0.14",
            "std_dev": "15.54",
            "tracking_error": null,
            "treynor_ratio": null,
            "upside_deviation": null,
            "ytm": null
        },
        "min_addl_amt": "\u20b9 1000",
        "min_addl_amt_multiple": "\u20b9 1",
        "min_amt": "\u20b9 5000",
        "min_amt_multiple": "\u20b9 1",
        "monthly_aaum_date": "31-03-2025",
        "monthly_aaum_value": "\u20b9 373 cr",
        "mutual_fund_name": "Quant Mutual Fund",
        "page_number": [
            47
        ],
        "scheme_launch_date": "11 September 2023"
    },
    "Quant Healthcare Fund": {
        "amc_name": "Quant Money Managers Limited",
        "benchmark_index": "NIFTY Healthcare TRI",
        "fund_manager": [
            {
                "managing_fund_since": "",
                "name": "Sandeep Tandon",
                "qualification": "",
                "total_exp": ""
            },
            {
                "managing_fund_since": "",
                "name": "Ankit Pande",
                "qualification": "",
                "total_exp": ""
            },
            {
                "managing_fund_since": "",
                "name": "Varun Pattani",
                "qualification": "",
                "total_exp": ""
            },
            {
                "managing_fund_since": "",
                "name": "Ayusha Kumbhat",
                "qualification": "",
                "total_exp": ""
            },
            {
                "managing_fund_since": "",
                "name": "Yug Tibrewal",
                "qualification": "",
                "total_exp": ""
            },
            {
                "managing_fund_since": "",
                "name": "Sameer Kate",
                "qualification": "",
                "total_exp": ""
            },
            {
                "managing_fund_since": "",
                "name": "Sanjeev Sharma",
                "qualification": "",
                "total_exp": ""
            }
        ],
        "generate_avg_manage": [
            49
        ],
        "load": {
            "entry_load": "Nil",
            "exit_load": "1 for 15 days NAV Details  Pleaseclick here EXPENSE RATIO  Please click here (For both Direct and Reqular plans) BENCHMARK INDEX NIFTY Healthcare TRI Scheme Riskometer Benchmark Riskometer Investors should consult their financial advisers if in doubt about whether the product is suitable for them As on March 31, 2025"
        },
        "main_scheme_name": "Quant Healthcare Fund",
        "metrics": {
            "alpha": "0.42",
            "arithmetic_mean_ratio": null,
            "average_div_yld": null,
            "average_pb": null,
            "average_pe": null,
            "avg_maturity": null,
            "beta": null,
            "correlation_ratio": null,
            "downside_deviation": null,
            "information_ratio": null,
            "macaulay": null,
            "mod_duration": null,
            "port_turnover_ratio": null,
            "r_squared_ratio": "0.70",
            "roe_ratio": null,
            "sharpe": "0.75",
            "sortino_ratio": "1.30",
            "std_dev": "16.31",
            "tracking_error": null,
            "treynor_ratio": null,
            "upside_deviation": null,
            "ytm": null
        },
        "min_addl_amt": "\u20b9 1000",
        "min_addl_amt_multiple": "\u20b9 1",
        "min_amt": "\u20b9 5000",
        "min_amt_multiple": "\u20b9 1",
        "monthly_aaum_date": "31-03-2025",
        "monthly_aaum_value": "\u20b9 370 cr",
        "mutual_fund_name": "Quant Mutual Fund",
        "page_number": [
            49
        ],
        "scheme_launch_date": "17 July 2023"
    },
    "Quant Commodities Fund": {
        "amc_name": "Quant Money Managers Limited",
        "benchmark_index": "Nifty Commodities TRI",
        "fund_manager": [
            {
                "managing_fund_since": "",
                "name": "Sandeep Tandon",
                "qualification": "",
                "total_exp": ""
            },
            {
                "managing_fund_since": "",
                "name": "Ankit Pande",
                "qualification": "",
                "total_exp": ""
            },
            {
                "managing_fund_since": "",
                "name": "Varun Pattani",
                "qualification": "",
                "total_exp": ""
            },
            {
                "managing_fund_since": "",
                "name": "Ayusha Kumbhat",
                "qualification": "",
                "total_exp": ""
            },
            {
                "managing_fund_since": "",
                "name": "Yug Tibrewal",
                "qualification": "",
                "total_exp": ""
            },
            {
                "managing_fund_since": "",
                "name": "Sameer Kate",
                "qualification": "",
                "total_exp": ""
            },
            {
                "managing_fund_since": "",
                "name": "Sanjeev Sharma",
                "qualification": "",
                "total_exp": ""
            }
        ],
        "generate_avg_manage": [
            51
        ],
        "load": {
            "entry_load": "Nil",
            "exit_load": "1 for 15 days NAV Details  Pleaseclick here EXPENSE RATIO  Please click here (For both Direct and Reqular plans) BENCHMARK INDEX Nifty Commodities TRI Scheme Riskometer Benchmark Riskometer Investors should consult their financial advisers if in doubt about whether the product is suitable for them As on March 31, 2025"
        },
        "main_scheme_name": "Quant Commodities Fund",
        "metrics": {
            "alpha": "7.88",
            "arithmetic_mean_ratio": null,
            "average_div_yld": null,
            "average_pb": null,
            "average_pe": null,
            "avg_maturity": null,
            "beta": null,
            "correlation_ratio": null,
            "downside_deviation": null,
            "information_ratio": null,
            "macaulay": null,
            "mod_duration": null,
            "port_turnover_ratio": null,
            "r_squared_ratio": "0.55",
            "roe_ratio": null,
            "sharpe": "0.50",
            "sortino_ratio": "0.83",
            "std_dev": "16.13",
            "tracking_error": null,
            "treynor_ratio": null,
            "upside_deviation": null,
            "ytm": null
        },
        "min_addl_amt": "\u20b9 1000",
        "min_addl_amt_multiple": "\u20b9 1",
        "min_amt": "\u20b9 5000",
        "min_amt_multiple": "\u20b9 1",
        "monthly_aaum_date": "31-03-2025",
        "monthly_aaum_value": "\u20b9 368 cr",
        "mutual_fund_name": "Quant Mutual Fund",
        "page_number": [
            51
        ],
        "scheme_launch_date": "27 December 2023"
    },
    "Quant ESG Equity Fund": {
        "amc_name": "Quant Money Managers Limited",
        "benchmark_index": "NIFTY 100 ESG TRI",
        "fund_manager": [
            {
                "managing_fund_since": "",
                "name": "Sandeep Tandon",
                "qualification": "",
                "total_exp": ""
            },
            {
                "managing_fund_since": "",
                "name": "Ankit Pande",
                "qualification": "",
                "total_exp": ""
            },
            {
                "managing_fund_since": "",
                "name": "Varun Pattani",
                "qualification": "",
                "total_exp": ""
            },
            {
                "managing_fund_since": "",
                "name": "Ayusha Kumbhat",
                "qualification": "",
                "total_exp": ""
            },
            {
                "managing_fund_since": "",
                "name": "Yug Tibrewal",
                "qualification": "",
                "total_exp": ""
            },
            {
                "managing_fund_since": "",
                "name": "Sameer Kate",
                "qualification": "",
                "total_exp": ""
            },
            {
                "managing_fund_since": "",
                "name": "Sanjeev Sharma",
                "qualification": "",
                "total_exp": ""
            }
        ],
        "generate_avg_manage": [
            53
        ],
        "load": {
            "entry_load": "Nil",
            "exit_load": "1 for 15 days NAV Details  Pleaseclick here EXPENSE RATIO  Please click here (For both Direct and Reqular plans) BENCHMARK INDEX NIFTY 100 ESG TRI Scheme Riskometer Benchmark Riskometer Investors should consult their financial advisers if in doubt about whether the product is suitable for them As on March 31, 2025"
        },
        "main_scheme_name": "Quant ESG Equity Fund",
        "metrics": {
            "alpha": "11.46",
            "arithmetic_mean_ratio": null,
            "average_div_yld": null,
            "average_pb": null,
            "average_pe": null,
            "avg_maturity": null,
            "beta": null,
            "correlation_ratio": null,
            "downside_deviation": null,
            "information_ratio": null,
            "macaulay": null,
            "mod_duration": null,
            "port_turnover_ratio": null,
            "r_squared_ratio": "0.63",
            "roe_ratio": null,
            "sharpe": "1.26",
            "sortino_ratio": "2.28",
            "std_dev": "16.16",
            "tracking_error": null,
            "treynor_ratio": null,
            "upside_deviation": null,
            "ytm": null
        },
        "min_addl_amt": "\u20b9 1000",
        "min_addl_amt_multiple": "\u20b9 1",
        "min_amt": "\u20b9 5000",
        "min_amt_multiple": "\u20b9 1",
        "monthly_aaum_date": "31-03-2025",
        "monthly_aaum_value": "\u20b9 277 cr",
        "mutual_fund_name": "Quant Mutual Fund",
        "page_number": [
            53
        ],
        "scheme_launch_date": "05 November 2020"
    },
    "Quant Consumption Fund": {
        "amc_name": "Quant Money Managers Limited",
        "benchmark_index": "NIFTY India Consumption TRI",
        "fund_manager": [
            {
                "managing_fund_since": "",
                "name": "Sandeep Tandon",
                "qualification": "",
                "total_exp": ""
            },
            {
                "managing_fund_since": "",
                "name": "Ankit Pande",
                "qualification": "",
                "total_exp": ""
            },
            {
                "managing_fund_since": "",
                "name": "Varun Pattani",
                "qualification": "",
                "total_exp": ""
            },
            {
                "managing_fund_since": "",
                "name": "Ayusha Kumbhat",
                "qualification": "",
                "total_exp": ""
            },
            {
                "managing_fund_since": "",
                "name": "Yug Tibrewal",
                "qualification": "",
                "total_exp": ""
            },
            {
                "managing_fund_since": "",
                "name": "Sameer Kate",
                "qualification": "",
                "total_exp": ""
            },
            {
                "managing_fund_since": "",
                "name": "Sanjeev Sharma",
                "qualification": "",
                "total_exp": ""
            }
        ],
        "generate_avg_manage": [
            55
        ],
        "load": {
            "entry_load": "Nil",
            "exit_load": "1 for 15 days NAV Details  Pleaseclick here EXPENSE RATIO  Please click here (For both Direct and Reqular plans) BENCHMARK INDEX NIFTY India Consumption TRI Scheme Riskometer Benchmark Riskometer Investors should consult their financial advisers if in doubt about whether the product is suitable for them As on March 31, 2025"
        },
        "main_scheme_name": "Quant Consumption Fund",
        "metrics": {
            "alpha": "-12.66",
            "arithmetic_mean_ratio": null,
            "average_div_yld": null,
            "average_pb": null,
            "average_pe": null,
            "avg_maturity": null,
            "beta": null,
            "correlation_ratio": null,
            "downside_deviation": null,
            "information_ratio": null,
            "macaulay": null,
            "mod_duration": null,
            "port_turnover_ratio": null,
            "r_squared_ratio": "0.71",
            "roe_ratio": null,
            "sharpe": "-0.54",
            "sortino_ratio": "-0.74",
            "std_dev": "10.88",
            "tracking_error": null,
            "treynor_ratio": null,
            "upside_deviation": null,
            "ytm": null
        },
        "min_addl_amt": "\u20b9 1000",
        "min_addl_amt_multiple": "\u20b9 1",
        "min_amt": "\u20b9 5000",
        "min_amt_multiple": "\u20b9 1",
        "monthly_aaum_date": "31-03-2025",
        "monthly_aaum_value": "\u20b9 272 cr",
        "mutual_fund_name": "Quant Mutual Fund",
        "page_number": [
            55
        ],
        "scheme_launch_date": "24 January 2024"
    },
    "Quant Multi Asset Fund": {
        "amc_name": "Quant Money Managers Limited",
        "benchmark_index": "",
        "fund_manager": [
            {
                "managing_fund_since": "",
                "name": "Sandeep Tandon",
                "qualification": "",
                "total_exp": ""
            },
            {
                "managing_fund_since": "",
                "name": "Ankit Pande",
                "qualification": "",
                "total_exp": ""
            },
            {
                "managing_fund_since": "",
                "name": "Varun Pattani",
                "qualification": "",
                "total_exp": ""
            },
            {
                "managing_fund_since": "",
                "name": "Ayusha Kumbhat",
                "qualification": "",
                "total_exp": ""
            },
            {
                "managing_fund_since": "",
                "name": "Yug Tibrewal",
                "qualification": "",
                "total_exp": ""
            },
            {
                "managing_fund_since": "",
                "name": "Sameer Kate",
                "qualification": "",
                "total_exp": ""
            },
            {
                "managing_fund_since": "",
                "name": "Sanjeev Sharma",
                "qualification": "",
                "total_exp": ""
            }
        ],
        "generate_avg_manage": [
            57
        ],
        "load": {
            "entry_load": null,
            "exit_load": null
        },
        "main_scheme_name": "Quant Multi Asset Fund",
        "metrics": {
            "alpha": "22.76",
            "arithmetic_mean_ratio": null,
            "average_div_yld": null,
            "average_pb": null,
            "average_pe": null,
            "avg_maturity": "263 Days",
            "beta": null,
            "correlation_ratio": null,
            "downside_deviation": null,
            "information_ratio": null,
            "macaulay": "212 Days",
            "mod_duration": "204 Days",
            "port_turnover_ratio": null,
            "r_squared_ratio": "0.50",
            "roe_ratio": null,
            "sharpe": "1.74",
            "sortino_ratio": "4.24",
            "std_dev": "16.68",
            "tracking_error": null,
            "treynor_ratio": null,
            "upside_deviation": null,
            "ytm": "6.27"
        },
        "min_addl_amt": "\u20b9 1000",
        "min_addl_amt_multiple": "\u20b9 1",
        "min_amt": "\u20b9 5000",
        "min_amt_multiple": "\u20b9 1",
        "monthly_aaum_date": "31-03-2025",
        "monthly_aaum_value": "\u20b9 3,183 cr",
        "mutual_fund_name": "Quant Mutual Fund",
        "page_number": [
            57
        ],
        "scheme_launch_date": "17 April 2001"
    },
    "Quant Liquid Fund": {
        "amc_name": "Quant Money Managers Limited",
        "benchmark_index": "CRISIL LIQUID FUND A1 INDEX",
        "fund_manager": [
            {
                "managing_fund_since": "",
                "name": "T Sanjeev Sharma",
                "qualification": "",
                "total_exp": ""
            },
            {
                "managing_fund_since": "",
                "name": "Harshvardhan Bharatiab A",
                "qualification": "",
                "total_exp": ""
            }
        ],
        "generate_avg_manage": [
            60
        ],
        "load": {
            "entry_load": "Nil",
            "exit_load": "(w.e.f. October 20, 2019) T lnvestor exit upon Exit Load as a  of C subscription  switch-In redemption Proceeds ( Day1 0.0070 T Day2 0.0065 G Day3 0.0060 Day4 0.0055 Day5 0.0050 Day6 0.0045 Day7 Onwards 0.0000 BENCHMARK INDEX CRISIL LIQUID FUND A1 INDEX Scheme Riskometer Benchmark Riskometer i Investors should consult their financial advisers if in doubt about whether the product is B suitable for them As on March 31, 2025"
        },
        "main_scheme_name": "Quant Liquid Fund",
        "metrics": {
            "alpha": null,
            "arithmetic_mean_ratio": null,
            "average_div_yld": null,
            "average_pb": null,
            "average_pe": null,
            "avg_maturity": "43 Days",
            "beta": null,
            "correlation_ratio": null,
            "downside_deviation": null,
            "information_ratio": null,
            "macaulay": "43 Days",
            "mod_duration": "40 Days",
            "port_turnover_ratio": null,
            "r_squared_ratio": null,
            "roe_ratio": null,
            "sharpe": null,
            "sortino_ratio": null,
            "std_dev": null,
            "tracking_error": null,
            "treynor_ratio": null,
            "upside_deviation": null,
            "ytm": "6.94"
        },
        "min_addl_amt": "\u20b9 1000",
        "min_addl_amt_multiple": "\u20b9 1",
        "min_amt": "\u20b9 5000",
        "min_amt_multiple": "\u20b9 1",
        "monthly_aaum_date": "31-03-2025",
        "monthly_aaum_value": "\u20b9 1,536 cr",
        "mutual_fund_name": "Quant Mutual Fund",
        "page_number": [
            60
        ],
        "scheme_launch_date": "03 October 2005"
    },
    "Quant Overnight Fund": {
        "amc_name": "Quant Money Managers Limited",
        "benchmark_index": "CRISIL OVERNIGHT INDEX",
        "fund_manager": [
            {
                "managing_fund_since": "",
                "name": "Sanjeev Sharma",
                "qualification": "",
                "total_exp": ""
            },
            {
                "managing_fund_since": "",
                "name": "Harshvardhan Bharatia",
                "qualification": "",
                "total_exp": ""
            }
        ],
        "generate_avg_manage": [
            62
        ],
        "load": {
            "entry_load": "Nil",
            "exit_load": "Nil BENCHMARK INDEX CRISIL OVERNIGHT INDEX Scheme Riskometer Benchmark Riskometer i Investors should consult their financial advisers if in doubt about whether the product is B suitable for them As on March 31, 2025"
        },
        "main_scheme_name": "Quant Overnight Fund",
        "metrics": {
            "alpha": null,
            "arithmetic_mean_ratio": null,
            "average_div_yld": null,
            "average_pb": null,
            "average_pe": null,
            "avg_maturity": "5 Days",
            "beta": null,
            "correlation_ratio": null,
            "downside_deviation": null,
            "information_ratio": null,
            "macaulay": "5 Days",
            "mod_duration": "5 Days",
            "port_turnover_ratio": null,
            "r_squared_ratio": null,
            "roe_ratio": null,
            "sharpe": null,
            "sortino_ratio": null,
            "std_dev": null,
            "tracking_error": null,
            "treynor_ratio": null,
            "upside_deviation": null,
            "ytm": "6.18"
        },
        "min_addl_amt": "\u20b9 1000",
        "min_addl_amt_multiple": "\u20b9 1",
        "min_amt": "\u20b9 5000",
        "min_amt_multiple": "\u20b9 1",
        "monthly_aaum_date": "31-03-2025",
        "monthly_aaum_value": "\u20b9 139 cr",
        "mutual_fund_name": "Quant Mutual Fund",
        "page_number": [
            62
        ],
        "scheme_launch_date": "04 December 2022"
    },
    "Quant Gilt Fund": {
        "amc_name": "Quant Money Managers Limited",
        "benchmark_index": "CRISIL DYNAMIC GILT INDEX",
        "fund_manager": [
            {
                "managing_fund_since": "",
                "name": "Sanjeev Sharma",
                "qualification": "",
                "total_exp": ""
            },
            {
                "managing_fund_since": "",
                "name": "Harshvardhan Bharatia",
                "qualification": "",
                "total_exp": ""
            },
            {
                "managing_fund_since": "",
                "name": "T",
                "qualification": "",
                "total_exp": ""
            }
        ],
        "generate_avg_manage": [
            64
        ],
        "load": {
            "entry_load": "Nil",
            "exit_load": "Nil G BENCHMARK INDEX CRISIL DYNAMIC GILT INDEX Scheme Riskometer Benchmark Riskometer i Investors should consult their financial advisers if in doubt about whether the product is B suitable for them As on March 31, 2025"
        },
        "main_scheme_name": "Quant Gilt Fund",
        "metrics": {
            "alpha": null,
            "arithmetic_mean_ratio": null,
            "average_div_yld": null,
            "average_pb": null,
            "average_pe": null,
            "avg_maturity": "3371 Days",
            "beta": null,
            "correlation_ratio": null,
            "downside_deviation": null,
            "information_ratio": null,
            "macaulay": "1937 Days",
            "mod_duration": "1871 Days",
            "port_turnover_ratio": null,
            "r_squared_ratio": null,
            "roe_ratio": null,
            "sharpe": null,
            "sortino_ratio": null,
            "std_dev": null,
            "tracking_error": null,
            "treynor_ratio": null,
            "upside_deviation": null,
            "ytm": "6.71"
        },
        "min_addl_amt": "\u20b9 1000",
        "min_addl_amt_multiple": "\u20b9 1",
        "min_amt": "\u20b9 5000",
        "min_amt_multiple": "\u20b9 1",
        "monthly_aaum_date": "31-03-2025",
        "monthly_aaum_value": "\u20b9 125 cr",
        "mutual_fund_name": "Quant Mutual Fund",
        "page_number": [
            64
        ],
        "scheme_launch_date": "21 December 2022"
    }
}