{
    "Axis Nifty 100 Index Fund": {
        "amc_name": "Axis Asset Management Company Limited",
        "benchmark_index": "NIFTY 100 TRI",
        "fund_manager": [
            {
                "managing_fund_since": "3Rd August 2023",
                "name": "Karthik Kumar",
                "qualification": "",
                "total_exp": "15 Years"
            }
        ],
        "load": {
            "entry_load": "NA",
            "exit_load": "Nil"
        },
        "main_scheme_name": "Axis Nifty 100 Index Fund",
        "metrics": {
            "alpha": null,
            "arithmetic_mean_ratio": null,
            "average_div_yld": "1.42",
            "average_pb": null,
            "average_pe": null,
            "avg_maturity": null,
            "beta": null,
            "correlation_ratio": null,
            "downside_deviation": null,
            "information_ratio": null,
            "macaulay": null,
            "mod_duration": null,
            "port_turnover_ratio": null,
            "r_squared_ratio": null,
            "roe_ratio": null,
            "sharpe": null,
            "sortino_ratio": null,
            "std_dev": null,
            "tracking_error": "0.08",
            "treynor_ratio": null,
            "upside_deviation": null,
            "ytm": null
        },
        "min_addl_amt": "",
        "min_addl_amt_multiple": "",
        "min_amt": "\u20b9 100",
        "min_amt_multiple": "\u20b9 1",
        "monthly_aaum_date": "31-03-2025",
        "monthly_aaum_value": "\u20b9 1656.97 cr.",
        "mutual_fund_name": "Axis Mutual Fund",
        "page_number": [
            6
        ],
        "scheme_launch_date": ""
    },
    "Axis Nifty 50 Index Fund": {
        "amc_name": "Axis Asset Management Company Limited",
        "benchmark_index": "Ni y 50 TRI",
        "fund_manager": [
            {
                "managing_fund_since": "3Rd August 2023",
                "name": "Karthik Kumar",
                "qualification": "",
                "total_exp": "15 Years"
            }
        ],
        "load": {
            "entry_load": "NA",
            "exit_load": "Nil"
        },
        "main_scheme_name": "Axis Nifty 50 Index Fund",
        "metrics": {
            "alpha": null,
            "arithmetic_mean_ratio": null,
            "average_div_yld": "1.43",
            "average_pb": null,
            "average_pe": null,
            "avg_maturity": null,
            "beta": null,
            "correlation_ratio": null,
            "downside_deviation": null,
            "information_ratio": null,
            "macaulay": null,
            "mod_duration": null,
            "port_turnover_ratio": null,
            "r_squared_ratio": null,
            "roe_ratio": null,
            "sharpe": null,
            "sortino_ratio": null,
            "std_dev": null,
            "tracking_error": "0.09",
            "treynor_ratio": null,
            "upside_deviation": null,
            "ytm": null
        },
        "min_addl_amt": "",
        "min_addl_amt_multiple": "",
        "min_amt": "\u20b9 100",
        "min_amt_multiple": "\u20b9 1",
        "monthly_aaum_date": "31-03-2025",
        "monthly_aaum_value": "\u20b9 620.88 cr.",
        "mutual_fund_name": "Axis Mutual Fund",
        "page_number": [
            7
        ],
        "scheme_launch_date": ""
    },
    "Axis BSE Sensex Index Fund": {
        "amc_name": "Axis Asset Management Company Limited",
        "benchmark_index": "BSE Sensex TRI",
        "fund_manager": [
            {
                "managing_fund_since": "27Th February 2024",
                "name": "Karthik Kumar",
                "qualification": "",
                "total_exp": "15 Years"
            }
        ],
        "load": {
            "entry_load": "NA",
            "exit_load": "If redeemedswitched out within 7 days from the  investmentallotment 0.25, If redeemedswitch a er 7 days from the date of investmentallotmen"
        },
        "main_scheme_name": "Axis BSE Sensex Index Fund",
        "metrics": {
            "alpha": null,
            "arithmetic_mean_ratio": null,
            "average_div_yld": "1.25",
            "average_pb": null,
            "average_pe": null,
            "avg_maturity": null,
            "beta": null,
            "correlation_ratio": null,
            "downside_deviation": null,
            "information_ratio": null,
            "macaulay": null,
            "mod_duration": null,
            "port_turnover_ratio": null,
            "r_squared_ratio": null,
            "roe_ratio": null,
            "sharpe": null,
            "sortino_ratio": null,
            "std_dev": null,
            "tracking_error": "0.07",
            "treynor_ratio": null,
            "upside_deviation": null,
            "ytm": null
        },
        "min_addl_amt": "",
        "min_addl_amt_multiple": "",
        "min_amt": "\u20b9 500",
        "min_amt_multiple": "\u20b9 1",
        "monthly_aaum_date": "31-03-2025",
        "monthly_aaum_value": "",
        "mutual_fund_name": "Axis Mutual Fund",
        "page_number": [
            8
        ],
        "scheme_launch_date": ""
    },
    "Axis Nifty Next 50 Index Fund": {
        "amc_name": "Axis Asset Management Company Limited",
        "benchmark_index": "Ni y Next 50 Index TRI",
        "fund_manager": [
            {
                "managing_fund_since": "3Rd August 2023",
                "name": "Karthik Kumar",
                "qualification": "",
                "total_exp": "15 Years"
            }
        ],
        "load": {
            "entry_load": "NA",
            "exit_load": "the date of investmentallotment 0.25, If"
        },
        "main_scheme_name": "Axis Nifty Next 50 Index Fund",
        "metrics": {
            "alpha": null,
            "arithmetic_mean_ratio": null,
            "average_div_yld": "1.35",
            "average_pb": null,
            "average_pe": null,
            "avg_maturity": null,
            "beta": null,
            "correlation_ratio": null,
            "downside_deviation": null,
            "information_ratio": null,
            "macaulay": null,
            "mod_duration": null,
            "port_turnover_ratio": null,
            "r_squared_ratio": null,
            "roe_ratio": null,
            "sharpe": null,
            "sortino_ratio": null,
            "std_dev": null,
            "tracking_error": "0.25",
            "treynor_ratio": null,
            "upside_deviation": null,
            "ytm": null
        },
        "min_addl_amt": "",
        "min_addl_amt_multiple": "",
        "min_amt": "\u20b9 100",
        "min_amt_multiple": "\u20b9 1",
        "monthly_aaum_date": "31-03-2025",
        "monthly_aaum_value": "\u20b9 293.05 cr.",
        "mutual_fund_name": "Axis Mutual Fund",
        "page_number": [
            9
        ],
        "scheme_launch_date": ""
    },
    "Axis Nifty Smallcap 50 Index Fund": {
        "amc_name": "Axis Asset Management Company Limited",
        "benchmark_index": "Ni y Smallcap 50 Index TRI",
        "fund_manager": [
            {
                "managing_fund_since": "3Rd August 2023",
                "name": "Karthik Kumar",
                "qualification": "",
                "total_exp": "15 Years"
            }
        ],
        "load": {
            "entry_load": "NA",
            "exit_load": "redeemedswitched out a er 7 days from the"
        },
        "main_scheme_name": "Axis Nifty Smallcap 50 Index Fund",
        "metrics": {
            "alpha": null,
            "arithmetic_mean_ratio": null,
            "average_div_yld": "1.06",
            "average_pb": null,
            "average_pe": null,
            "avg_maturity": null,
            "beta": null,
            "correlation_ratio": null,
            "downside_deviation": null,
            "information_ratio": null,
            "macaulay": null,
            "mod_duration": null,
            "port_turnover_ratio": null,
            "r_squared_ratio": null,
            "roe_ratio": null,
            "sharpe": null,
            "sortino_ratio": null,
            "std_dev": null,
            "tracking_error": "0.59",
            "treynor_ratio": null,
            "upside_deviation": null,
            "ytm": null
        },
        "min_addl_amt": "",
        "min_addl_amt_multiple": "",
        "min_amt": "\u20b9 100",
        "min_amt_multiple": "\u20b9 1",
        "monthly_aaum_date": "31-03-2025",
        "monthly_aaum_value": "\u20b9 422.24 cr.",
        "mutual_fund_name": "Axis Mutual Fund",
        "page_number": [
            10
        ],
        "scheme_launch_date": ""
    },
    "Axis Nifty Midcap 50 Index Fund": {
        "amc_name": "Axis Asset Management Company Limited",
        "benchmark_index": "NA",
        "fund_manager": [
            {
                "managing_fund_since": "3Rd August 2023",
                "name": "Karthik Kumar",
                "qualification": "",
                "total_exp": "15 Years"
            }
        ],
        "load": {
            "entry_load": "",
            "exit_load": ""
        },
        "main_scheme_name": "Axis Nifty Midcap 50 Index Fund",
        "metrics": {
            "alpha": null,
            "arithmetic_mean_ratio": null,
            "average_div_yld": "0.77",
            "average_pb": null,
            "average_pe": null,
            "avg_maturity": null,
            "beta": null,
            "correlation_ratio": null,
            "downside_deviation": null,
            "information_ratio": null,
            "macaulay": null,
            "mod_duration": null,
            "port_turnover_ratio": null,
            "r_squared_ratio": null,
            "roe_ratio": null,
            "sharpe": null,
            "sortino_ratio": null,
            "std_dev": null,
            "tracking_error": "0.15",
            "treynor_ratio": null,
            "upside_deviation": null,
            "ytm": null
        },
        "min_addl_amt": "",
        "min_addl_amt_multiple": "",
        "min_amt": "\u20b9 100",
        "min_amt_multiple": "\u20b9 1",
        "monthly_aaum_date": "31-03-2025",
        "monthly_aaum_value": "\u20b9 387.30 cr.",
        "mutual_fund_name": "Axis Mutual Fund",
        "page_number": [
            11
        ],
        "scheme_launch_date": ""
    },
    "Axis Nifty IT Index Fund": {
        "amc_name": "Axis Asset Management Company Limited",
        "benchmark_index": "NIFTY IT TRI",
        "fund_manager": [
            {
                "managing_fund_since": "5Th April 2024",
                "name": "Karthik Kumar",
                "qualification": "",
                "total_exp": "15 Years"
            }
        ],
        "load": {
            "entry_load": "NA",
            "exit_load": "If redeemed or switched out within 7 days from th of allotment 0.25, If redeemed  switched out a days from the date of allotment Nil"
        },
        "main_scheme_name": "Axis Nifty IT Index Fund",
        "metrics": {
            "alpha": null,
            "arithmetic_mean_ratio": null,
            "average_div_yld": "2.74",
            "average_pb": null,
            "average_pe": null,
            "avg_maturity": null,
            "beta": null,
            "correlation_ratio": null,
            "downside_deviation": null,
            "information_ratio": null,
            "macaulay": null,
            "mod_duration": null,
            "port_turnover_ratio": null,
            "r_squared_ratio": null,
            "roe_ratio": null,
            "sharpe": null,
            "sortino_ratio": null,
            "std_dev": null,
            "tracking_error": "0.10",
            "treynor_ratio": null,
            "upside_deviation": null,
            "ytm": null
        },
        "min_addl_amt": "",
        "min_addl_amt_multiple": "",
        "min_amt": "\u20b9 100",
        "min_amt_multiple": "\u20b9 1",
        "monthly_aaum_date": "31-03-2025",
        "monthly_aaum_value": "\u20b9 125.69 cr.",
        "mutual_fund_name": "Axis Mutual Fund",
        "page_number": [
            12
        ],
        "scheme_launch_date": ""
    },
    "Axis Nifty Bank Index Fund": {
        "amc_name": "Axis Asset Management Company Limited",
        "benchmark_index": "Ni y Bank TRI",
        "fund_manager": [
            {
                "managing_fund_since": "24Th May 2024",
                "name": "Karthik Kumar",
                "qualification": "",
                "total_exp": "15 Years"
            }
        ],
        "load": {
            "entry_load": "NA",
            "exit_load": "0.25 if redeemed switched out within 7 days fr date of allotment Investment"
        },
        "main_scheme_name": "Axis Nifty Bank Index Fund",
        "metrics": {
            "alpha": null,
            "arithmetic_mean_ratio": null,
            "average_div_yld": "1.04",
            "average_pb": null,
            "average_pe": null,
            "avg_maturity": null,
            "beta": null,
            "correlation_ratio": null,
            "downside_deviation": null,
            "information_ratio": null,
            "macaulay": null,
            "mod_duration": null,
            "port_turnover_ratio": null,
            "r_squared_ratio": null,
            "roe_ratio": null,
            "sharpe": null,
            "sortino_ratio": null,
            "std_dev": null,
            "tracking_error": null,
            "treynor_ratio": null,
            "upside_deviation": null,
            "ytm": null
        },
        "min_addl_amt": "",
        "min_addl_amt_multiple": "",
        "min_amt": "\u20b9 500",
        "min_amt_multiple": "\u20b9 1",
        "monthly_aaum_date": "31-03-2025",
        "monthly_aaum_value": "\u20b9 125.90 cr.",
        "mutual_fund_name": "Axis Mutual Fund",
        "page_number": [
            13
        ],
        "scheme_launch_date": ""
    },
    "Axis Nifty 500 Index Fund": {
        "amc_name": "Axis Asset Management Company Limited",
        "benchmark_index": "Ni y 500 TRI",
        "fund_manager": [
            {
                "managing_fund_since": "16Th July 2024",
                "name": "Karthik Kumar",
                "qualification": "",
                "total_exp": "15 Years"
            }
        ],
        "load": {
            "entry_load": "NA",
            "exit_load": "If redeemed switched out within 15 days from th of allotment 0.25, if redeemed switched out a days from the date of allotment Nil"
        },
        "main_scheme_name": "Axis Nifty 500 Index Fund",
        "metrics": {
            "alpha": null,
            "arithmetic_mean_ratio": null,
            "average_div_yld": "1.28",
            "average_pb": null,
            "average_pe": null,
            "avg_maturity": null,
            "beta": null,
            "correlation_ratio": null,
            "downside_deviation": null,
            "information_ratio": null,
            "macaulay": null,
            "mod_duration": null,
            "port_turnover_ratio": null,
            "r_squared_ratio": null,
            "roe_ratio": null,
            "sharpe": null,
            "sortino_ratio": null,
            "std_dev": null,
            "tracking_error": null,
            "treynor_ratio": null,
            "upside_deviation": null,
            "ytm": null
        },
        "min_addl_amt": "",
        "min_addl_amt_multiple": "",
        "min_amt": "\u20b9 100",
        "min_amt_multiple": "\u20b9 1",
        "monthly_aaum_date": "31-03-2025",
        "monthly_aaum_value": "\u20b9 227.27 cr.",
        "mutual_fund_name": "Axis Mutual Fund",
        "page_number": [
            14
        ],
        "scheme_launch_date": ""
    },
    "Axis Nifty500 Value 50 Index Fund": {
        "amc_name": "Axis Asset Management Company Limited",
        "benchmark_index": "NIFTY 500 Value 50 TRI",
        "fund_manager": [
            {
                "managing_fund_since": "24Th October 2024",
                "name": "Karthik Kumar",
                "qualification": "",
                "total_exp": "15 Years"
            }
        ],
        "load": {
            "entry_load": "NA",
            "exit_load": "If redeemed switched out within 15 days from th of allotment 0.25, If redeemed switched out a days from the date of allotment Nil"
        },
        "main_scheme_name": "Axis Nifty500 Value 50 Index Fund",
        "metrics": {
            "alpha": null,
            "arithmetic_mean_ratio": null,
            "average_div_yld": null,
            "average_pb": null,
            "average_pe": null,
            "avg_maturity": null,
            "beta": null,
            "correlation_ratio": null,
            "downside_deviation": null,
            "information_ratio": null,
            "macaulay": null,
            "mod_duration": null,
            "port_turnover_ratio": null,
            "r_squared_ratio": null,
            "roe_ratio": null,
            "sharpe": null,
            "sortino_ratio": null,
            "std_dev": null,
            "tracking_error": null,
            "treynor_ratio": null,
            "upside_deviation": null,
            "ytm": null
        },
        "min_addl_amt": "",
        "min_addl_amt_multiple": "",
        "min_amt": "\u20b9 100",
        "min_amt_multiple": "\u20b9 1",
        "monthly_aaum_date": "31-03-2025",
        "monthly_aaum_value": "",
        "mutual_fund_name": "Axis Mutual Fund",
        "page_number": [
            15
        ],
        "scheme_launch_date": ""
    },
    "Axis Nifty500 Momentum 50 Index Fund": {
        "amc_name": "Axis Asset Management Company Limited",
        "benchmark_index": "",
        "fund_manager": [
            {
                "managing_fund_since": "13Th February 2025",
                "name": "Karthik Kumar",
                "qualification": "",
                "total_exp": "15 Years"
            },
            {
                "managing_fund_since": "13Th February 2025",
                "name": "Sachin Relekar",
                "qualification": "",
                "total_exp": "23 Years"
            }
        ],
        "load": {
            "entry_load": "NA",
            "exit_load": "If redeemed switched out within 15 days from th days from the date of allotment Nil"
        },
        "main_scheme_name": "Axis Nifty500 Momentum 50 Index Fund",
        "metrics": {
            "alpha": null,
            "arithmetic_mean_ratio": null,
            "average_div_yld": "0.67",
            "average_pb": null,
            "average_pe": null,
            "avg_maturity": null,
            "beta": null,
            "correlation_ratio": null,
            "downside_deviation": null,
            "information_ratio": null,
            "macaulay": null,
            "mod_duration": null,
            "port_turnover_ratio": null,
            "r_squared_ratio": null,
            "roe_ratio": null,
            "sharpe": null,
            "sortino_ratio": null,
            "std_dev": null,
            "tracking_error": null,
            "treynor_ratio": null,
            "upside_deviation": null,
            "ytm": null
        },
        "min_addl_amt": "",
        "min_addl_amt_multiple": "",
        "min_amt": "",
        "min_amt_multiple": "",
        "monthly_aaum_date": "31-03-2025",
        "monthly_aaum_value": "",
        "mutual_fund_name": "Axis Mutual Fund",
        "page_number": [
            16
        ],
        "scheme_launch_date": ""
    },
    "Axis CRISIL IBX 7030 CPSE Plus SDL April 2025 Index Fund": {
        "amc_name": "Axis Asset Management Company Limited",
        "benchmark_index": "CRISIL IBX 7030 CPSE Plus SDL  April 2025",
        "fund_manager": [
            {
                "managing_fund_since": "28Th January 2022",
                "name": "Devang Shah",
                "qualification": "",
                "total_exp": "19 Years"
            },
            {
                "managing_fund_since": "1St February 2023",
                "name": "Sachin Jain",
                "qualification": "",
                "total_exp": "11 Years"
            }
        ],
        "load": {
            "entry_load": "NA",
            "exit_load": "Nil"
        },
        "main_scheme_name": "Axis CRISIL IBX 7030 CPSE Plus SDL April 2025 Index Fund",
        "metrics": {
            "alpha": null,
            "arithmetic_mean_ratio": null,
            "average_div_yld": null,
            "average_pb": null,
            "average_pe": null,
            "avg_maturity": "15 days",
            "beta": null,
            "correlation_ratio": null,
            "downside_deviation": null,
            "information_ratio": null,
            "macaulay": null,
            "mod_duration": "14 days",
            "port_turnover_ratio": null,
            "r_squared_ratio": null,
            "roe_ratio": null,
            "sharpe": null,
            "sortino_ratio": null,
            "std_dev": null,
            "tracking_error": null,
            "treynor_ratio": null,
            "upside_deviation": null,
            "ytm": "6.86"
        },
        "min_addl_amt": "",
        "min_addl_amt_multiple": "",
        "min_amt": "\u20b9 5000",
        "min_amt_multiple": "\u20b9 1",
        "monthly_aaum_date": "31-03-2025",
        "monthly_aaum_value": "\u20b9 457.37 cr.",
        "mutual_fund_name": "Axis Mutual Fund",
        "page_number": [
            17
        ],
        "scheme_launch_date": "28Jan2022"
    },
    "Axis CRISIL IBX SDL May 2027 Index Fund": {
        "amc_name": "Axis Asset Management Company Limited",
        "benchmark_index": "CRISIL IBX SDL Index May 2027",
        "fund_manager": [
            {
                "managing_fund_since": "23Rd February 2022",
                "name": "Hardik Shah",
                "qualification": "",
                "total_exp": "15 Years"
            },
            {
                "managing_fund_since": "1St February 2023",
                "name": "Aditya Pagaria",
                "qualification": "",
                "total_exp": "16 Years"
            }
        ],
        "load": {
            "entry_load": "NA",
            "exit_load": "Nil"
        },
        "main_scheme_name": "Axis CRISIL IBX SDL May 2027 Index Fund",
        "metrics": {
            "alpha": null,
            "arithmetic_mean_ratio": null,
            "average_div_yld": null,
            "average_pb": null,
            "average_pe": null,
            "avg_maturity": "2.01 years",
            "beta": null,
            "correlation_ratio": null,
            "downside_deviation": null,
            "information_ratio": null,
            "macaulay": null,
            "mod_duration": "1.81 years",
            "port_turnover_ratio": null,
            "r_squared_ratio": null,
            "roe_ratio": null,
            "sharpe": null,
            "sortino_ratio": null,
            "std_dev": null,
            "tracking_error": null,
            "treynor_ratio": null,
            "upside_deviation": null,
            "ytm": "6.86"
        },
        "min_addl_amt": "",
        "min_addl_amt_multiple": "",
        "min_amt": "\u20b9 5000",
        "min_amt_multiple": "\u20b9 1",
        "monthly_aaum_date": "31-03-2025",
        "monthly_aaum_value": "\u20b9 2235.95 cr.",
        "mutual_fund_name": "Axis Mutual Fund",
        "page_number": [
            18
        ],
        "scheme_launch_date": "23Feb2022"
    },
    "Axis Nifty SDL September 2026 Debt Index Fund": {
        "amc_name": "Axis Asset Management Company Limited",
        "benchmark_index": "Nifty SDL Sep 2026 Index",
        "fund_manager": [
            {
                "managing_fund_since": "22Nd November 2022",
                "name": "Aditya Pagaria",
                "qualification": "",
                "total_exp": "16 Years"
            },
            {
                "managing_fund_since": "1St February 2023",
                "name": "Sachin Jain",
                "qualification": "",
                "total_exp": "11 Years"
            }
        ],
        "load": {
            "entry_load": "NA",
            "exit_load": "Nil"
        },
        "main_scheme_name": "Axis Nifty SDL September 2026 Debt Index Fund",
        "metrics": {
            "alpha": null,
            "arithmetic_mean_ratio": null,
            "average_div_yld": null,
            "average_pb": null,
            "average_pe": null,
            "avg_maturity": "1.38 years",
            "beta": null,
            "correlation_ratio": null,
            "downside_deviation": null,
            "information_ratio": null,
            "macaulay": null,
            "mod_duration": "1.28 years",
            "port_turnover_ratio": null,
            "r_squared_ratio": null,
            "roe_ratio": null,
            "sharpe": null,
            "sortino_ratio": null,
            "std_dev": null,
            "tracking_error": null,
            "treynor_ratio": null,
            "upside_deviation": null,
            "ytm": "6.77"
        },
        "min_addl_amt": "",
        "min_addl_amt_multiple": "",
        "min_amt": "\u20b9 5000",
        "min_amt_multiple": "\u20b9 1",
        "monthly_aaum_date": "31-03-2025",
        "monthly_aaum_value": "\u20b9 75.66 cr.",
        "mutual_fund_name": "Axis Mutual Fund",
        "page_number": [
            19
        ],
        "scheme_launch_date": "22Nov2022"
    },
    "Axis CRISIL IBX 5050 Gilt Plus SDL June 2028 Index Fund": {
        "amc_name": "Axis Asset Management Company Limited",
        "benchmark_index": "CRISIL IBX 5050 Gilt Plus SDL Index June 2028",
        "fund_manager": [
            {
                "managing_fund_since": "24Th January 2023",
                "name": "Hardik Shah",
                "qualification": "",
                "total_exp": "15 Years"
            }
        ],
        "load": {
            "entry_load": "NA",
            "exit_load": "Nil"
        },
        "main_scheme_name": "Axis CRISIL IBX 5050 Gilt Plus SDL June 2028 Index Fund",
        "metrics": {
            "alpha": null,
            "arithmetic_mean_ratio": null,
            "average_div_yld": null,
            "average_pb": null,
            "average_pe": null,
            "avg_maturity": "2.92 years",
            "beta": null,
            "correlation_ratio": null,
            "downside_deviation": null,
            "information_ratio": null,
            "macaulay": null,
            "mod_duration": "2.5 years",
            "port_turnover_ratio": null,
            "r_squared_ratio": null,
            "roe_ratio": null,
            "sharpe": null,
            "sortino_ratio": null,
            "std_dev": null,
            "tracking_error": null,
            "treynor_ratio": null,
            "upside_deviation": null,
            "ytm": "6.76"
        },
        "min_addl_amt": "",
        "min_addl_amt_multiple": "",
        "min_amt": "\u20b9 5000",
        "min_amt_multiple": "\u20b9 1",
        "monthly_aaum_date": "31-03-2025",
        "monthly_aaum_value": "\u20b9 75.70 cr.",
        "mutual_fund_name": "Axis Mutual Fund",
        "page_number": [
            20
        ],
        "scheme_launch_date": "24Jan2023"
    },
    "Axis CRISIL IBX 5050 Gilt Plus SDL September 2027 Index Fund": {
        "amc_name": "Axis Asset Management Company Limited",
        "benchmark_index": "CRISIL IBX 5050 Gilt Plus SDL Index  September 2027",
        "fund_manager": [
            {
                "managing_fund_since": "27Th February 2023",
                "name": "Aditya Pagaria",
                "qualification": "",
                "total_exp": "16 Years"
            },
            {
                "managing_fund_since": "27Th February 2023",
                "name": "Sachin Jain",
                "qualification": "",
                "total_exp": "11 Years"
            }
        ],
        "load": {
            "entry_load": "NA",
            "exit_load": "Nil"
        },
        "main_scheme_name": "Axis CRISIL IBX 5050 Gilt Plus SDL September 2027 Index Fund",
        "metrics": {
            "alpha": null,
            "arithmetic_mean_ratio": null,
            "average_div_yld": null,
            "average_pb": null,
            "average_pe": null,
            "avg_maturity": "2.18 years",
            "beta": null,
            "correlation_ratio": null,
            "downside_deviation": null,
            "information_ratio": null,
            "macaulay": null,
            "mod_duration": "1.96 years",
            "port_turnover_ratio": null,
            "r_squared_ratio": null,
            "roe_ratio": null,
            "sharpe": null,
            "sortino_ratio": null,
            "std_dev": null,
            "tracking_error": null,
            "treynor_ratio": null,
            "upside_deviation": null,
            "ytm": "6.70"
        },
        "min_addl_amt": "",
        "min_addl_amt_multiple": "",
        "min_amt": "\u20b9 5000",
        "min_amt_multiple": "\u20b9 1",
        "monthly_aaum_date": "31-03-2025",
        "monthly_aaum_value": "\u20b9 32.71 cr.",
        "mutual_fund_name": "Axis Mutual Fund",
        "page_number": [
            21
        ],
        "scheme_launch_date": "27Feb2023"
    },
    "Axis CRISIL IBX SDL June 2034 Debt Index Fund": {
        "amc_name": "Axis Asset Management Company Limited",
        "benchmark_index": "CRISIL IBX SDL Index  June 2034",
        "fund_manager": [
            {
                "managing_fund_since": "21St March 2024",
                "name": "Hardik Shah",
                "qualification": "",
                "total_exp": "15 Years"
            }
        ],
        "load": {
            "entry_load": "NA",
            "exit_load": "Nil"
        },
        "main_scheme_name": "Axis CRISIL IBX SDL June 2034 Debt Index Fund",
        "metrics": {
            "alpha": null,
            "arithmetic_mean_ratio": null,
            "average_div_yld": null,
            "average_pb": null,
            "average_pe": null,
            "avg_maturity": "8.63 years",
            "beta": null,
            "correlation_ratio": null,
            "downside_deviation": null,
            "information_ratio": null,
            "macaulay": null,
            "mod_duration": "6.06 years",
            "port_turnover_ratio": null,
            "r_squared_ratio": null,
            "roe_ratio": null,
            "sharpe": null,
            "sortino_ratio": null,
            "std_dev": null,
            "tracking_error": null,
            "treynor_ratio": null,
            "upside_deviation": null,
            "ytm": "7.06"
        },
        "min_addl_amt": "",
        "min_addl_amt_multiple": "",
        "min_amt": "\u20b9 5000",
        "min_amt_multiple": "\u20b9 1",
        "monthly_aaum_date": "31-03-2025",
        "monthly_aaum_value": "\u20b9 15.42 cr.",
        "mutual_fund_name": "Axis Mutual Fund",
        "page_number": [
            22
        ],
        "scheme_launch_date": "21Mar2024"
    },
    "Axis CRISIL-IBX AAA Bond NBFC-HFC - Jun 2027 Index Fund": {
        "amc_name": "Axis Asset Management Company Limited",
        "benchmark_index": "CRISILIBX AAA NBFCHFC Index  Jun 2027",
        "fund_manager": [
            {
                "managing_fund_since": "11Th December 2024",
                "name": "Aditya Pagaria",
                "qualification": "",
                "total_exp": "16 Years"
            }
        ],
        "load": {
            "entry_load": "NA",
            "exit_load": "Nil"
        },
        "main_scheme_name": "Axis CRISIL-IBX AAA Bond NBFC-HFC - Jun 2027 Index Fund",
        "metrics": {
            "alpha": null,
            "arithmetic_mean_ratio": null,
            "average_div_yld": null,
            "average_pb": null,
            "average_pe": null,
            "avg_maturity": "1.91 years",
            "beta": null,
            "correlation_ratio": null,
            "downside_deviation": null,
            "information_ratio": null,
            "macaulay": null,
            "mod_duration": "1.62 years",
            "port_turnover_ratio": null,
            "r_squared_ratio": null,
            "roe_ratio": null,
            "sharpe": null,
            "sortino_ratio": null,
            "std_dev": null,
            "tracking_error": null,
            "treynor_ratio": null,
            "upside_deviation": null,
            "ytm": "7.42"
        },
        "min_addl_amt": "",
        "min_addl_amt_multiple": "",
        "min_amt": "\u20b9 5000",
        "min_amt_multiple": "\u20b9 1",
        "monthly_aaum_date": "31-03-2025",
        "monthly_aaum_value": "\u20b9 40.78 cr.",
        "mutual_fund_name": "Axis Mutual Fund",
        "page_number": [
            23
        ],
        "scheme_launch_date": "11Dec2024"
    },
    "Axis CRISIL-IBX AAA Bond NBFC - Jun 2027 Index Fund": {
        "amc_name": "Axis Asset Management Company Limited",
        "benchmark_index": "CRISILIBX AAA NBFC Index Jun 2027",
        "fund_manager": [
            {
                "managing_fund_since": "24Th September 2024",
                "name": "Aditya Pagaria",
                "qualification": "",
                "total_exp": "16 Years"
            }
        ],
        "load": {
            "entry_load": "NA",
            "exit_load": "Nil"
        },
        "main_scheme_name": "Axis CRISIL-IBX AAA Bond NBFC - Jun 2027 Index Fund",
        "metrics": {
            "alpha": null,
            "arithmetic_mean_ratio": null,
            "average_div_yld": null,
            "average_pb": null,
            "average_pe": null,
            "avg_maturity": "2 years",
            "beta": null,
            "correlation_ratio": null,
            "downside_deviation": null,
            "information_ratio": null,
            "macaulay": null,
            "mod_duration": "1.71 years",
            "port_turnover_ratio": null,
            "r_squared_ratio": null,
            "roe_ratio": null,
            "sharpe": null,
            "sortino_ratio": null,
            "std_dev": null,
            "tracking_error": null,
            "treynor_ratio": null,
            "upside_deviation": null,
            "ytm": "7.66"
        },
        "min_addl_amt": "",
        "min_addl_amt_multiple": "",
        "min_amt": "\u20b9 5000",
        "min_amt_multiple": "\u20b9 1",
        "monthly_aaum_date": "31-03-2025",
        "monthly_aaum_value": "\u20b9 763.82 cr.",
        "mutual_fund_name": "Axis Mutual Fund",
        "page_number": [
            24
        ],
        "scheme_launch_date": "24Sep2024"
    },
    "Axis CRISIL-IBX AAA Bond Financial Services - Sep 2027 Index Fund": {
        "amc_name": "Axis Asset Management Company Limited",
        "benchmark_index": "CRISIL IBX AAA Financial Services Index Sep 2027",
        "fund_manager": [
            {
                "managing_fund_since": "22Nd November 2024",
                "name": "Aditya Pagaria",
                "qualification": "",
                "total_exp": "16 Years"
            }
        ],
        "load": {
            "entry_load": "NA",
            "exit_load": "Nil"
        },
        "main_scheme_name": "Axis CRISIL-IBX AAA Bond Financial Services - Sep 2027 Index Fund",
        "metrics": {
            "alpha": null,
            "arithmetic_mean_ratio": null,
            "average_div_yld": null,
            "average_pb": null,
            "average_pe": null,
            "avg_maturity": "2.25 years",
            "beta": null,
            "correlation_ratio": null,
            "downside_deviation": null,
            "information_ratio": null,
            "macaulay": null,
            "mod_duration": "1.91 years",
            "port_turnover_ratio": null,
            "r_squared_ratio": null,
            "roe_ratio": null,
            "sharpe": null,
            "sortino_ratio": null,
            "std_dev": null,
            "tracking_error": null,
            "treynor_ratio": null,
            "upside_deviation": null,
            "ytm": "7.46"
        },
        "min_addl_amt": "",
        "min_addl_amt_multiple": "",
        "min_amt": "\u20b9 5000",
        "min_amt_multiple": "\u20b9 1",
        "monthly_aaum_date": "31-03-2025",
        "monthly_aaum_value": "\u20b9 127.74 cr.",
        "mutual_fund_name": "Axis Mutual Fund",
        "page_number": [
            25
        ],
        "scheme_launch_date": "22Nov2024"
    },
    "Axis NIFTY 50 ETF": {
        "amc_name": "Axis Asset Management Company Limited",
        "benchmark_index": "Underlying Index Exchange Listed NSE Exchange SymbolScrip Code AXISNIFTY iNAV symbol AXISNIINAV ISIN INF846K01W98 Bloomberg Code AXSNIFT IN Equity",
        "fund_manager": [
            {
                "managing_fund_since": "3Rd August 2023",
                "name": "Karthik Kumar",
                "qualification": "",
                "total_exp": "15 Years"
            }
        ],
        "load": {
            "entry_load": "NA",
            "exit_load": "Nil Basket Size (As on 31March, 2025) 12792400 For benchmark riskometer and PRC, please refer to page no 53  59."
        },
        "main_scheme_name": "Axis NIFTY 50 ETF",
        "metrics": {
            "alpha": null,
            "arithmetic_mean_ratio": null,
            "average_div_yld": "1.43",
            "average_pb": null,
            "average_pe": null,
            "avg_maturity": null,
            "beta": null,
            "correlation_ratio": null,
            "downside_deviation": null,
            "information_ratio": null,
            "macaulay": null,
            "mod_duration": null,
            "port_turnover_ratio": null,
            "r_squared_ratio": null,
            "roe_ratio": null,
            "sharpe": null,
            "sortino_ratio": null,
            "std_dev": null,
            "tracking_error": "0.05",
            "treynor_ratio": null,
            "upside_deviation": null,
            "ytm": null
        },
        "min_addl_amt": "",
        "min_addl_amt_multiple": "",
        "min_amt": "",
        "min_amt_multiple": "",
        "monthly_aaum_date": "31-03-2025",
        "monthly_aaum_value": "\u20b9 668.42 cr.",
        "mutual_fund_name": "Axis Mutual Fund",
        "page_number": [
            26
        ],
        "scheme_launch_date": ""
    },
    "Axis NIFTY Bank ETF": {
        "amc_name": "Axis Asset Management Company Limited",
        "benchmark_index": "Underlying Index Exchange Listed NSE Exchange SymbolScrip Code AXISBNKETF iNAV symbol AXISBNINAV ISIN INF846K01X63 Bloomberg Code AXSBANK IN Equity",
        "fund_manager": [
            {
                "managing_fund_since": "3Rd August 2023",
                "name": "Karthik Kumar",
                "qualification": "",
                "total_exp": "15 Years"
            }
        ],
        "load": {
            "entry_load": "NA",
            "exit_load": "Nil Basket Size (As on 31March, 2025) 5267473 For benchmark riskometer and PRC, please refer to page no 53  59."
        },
        "main_scheme_name": "Axis NIFTY Bank ETF",
        "metrics": {
            "alpha": null,
            "arithmetic_mean_ratio": null,
            "average_div_yld": "1.04",
            "average_pb": null,
            "average_pe": null,
            "avg_maturity": null,
            "beta": null,
            "correlation_ratio": null,
            "downside_deviation": null,
            "information_ratio": null,
            "macaulay": null,
            "mod_duration": null,
            "port_turnover_ratio": null,
            "r_squared_ratio": null,
            "roe_ratio": null,
            "sharpe": null,
            "sortino_ratio": null,
            "std_dev": null,
            "tracking_error": "0.07",
            "treynor_ratio": null,
            "upside_deviation": null,
            "ytm": null
        },
        "min_addl_amt": "",
        "min_addl_amt_multiple": "",
        "min_amt": "",
        "min_amt_multiple": "",
        "monthly_aaum_date": "31-03-2025",
        "monthly_aaum_value": "\u20b9 304.30 cr.",
        "mutual_fund_name": "Axis Mutual Fund",
        "page_number": [
            27
        ],
        "scheme_launch_date": ""
    },
    "Axis NIFTY IT ETF": {
        "amc_name": "Axis Asset Management Company Limited",
        "benchmark_index": "Underlying Index Exchange Listed NSE,BSE Exchange SymbolScrip Code AXISTECETF, 543347 iNAV symbol AXISTEINAV ISIN INF846K01Y96 Bloomberg Code ATECHETF IN Equity",
        "fund_manager": [
            {
                "managing_fund_since": "3Rd August 2023",
                "name": "Karthik Kumar",
                "qualification": "",
                "total_exp": "15 Years"
            }
        ],
        "load": {
            "entry_load": "NA",
            "exit_load": "Nil Basket Size (As on 31March, 2025) 5926428 For benchmark riskometer and PRC, please refer to page no 53  59."
        },
        "main_scheme_name": "Axis NIFTY IT ETF",
        "metrics": {
            "alpha": null,
            "arithmetic_mean_ratio": null,
            "average_div_yld": "2.74",
            "average_pb": null,
            "average_pe": null,
            "avg_maturity": null,
            "beta": null,
            "correlation_ratio": null,
            "downside_deviation": null,
            "information_ratio": null,
            "macaulay": null,
            "mod_duration": null,
            "port_turnover_ratio": null,
            "r_squared_ratio": null,
            "roe_ratio": null,
            "sharpe": null,
            "sortino_ratio": null,
            "std_dev": null,
            "tracking_error": "0.07",
            "treynor_ratio": null,
            "upside_deviation": null,
            "ytm": null
        },
        "min_addl_amt": "",
        "min_addl_amt_multiple": "",
        "min_amt": "",
        "min_amt_multiple": "",
        "monthly_aaum_date": "31-03-2025",
        "monthly_aaum_value": "\u20b9 174.49 cr.",
        "mutual_fund_name": "Axis Mutual Fund",
        "page_number": [
            28
        ],
        "scheme_launch_date": ""
    },
    "Axis NIFTY Healthcare ETF": {
        "amc_name": "Axis Asset Management Company Limited",
        "benchmark_index": "Underlying Index Exchange Listed NSE,BSE Exchange SymbolScrip Code AXISHETF, 543348 iNAV symbol AXISHCINAV ISIN INF846K01Z12 Bloomberg Code AXIHETF IN Equity",
        "fund_manager": [
            {
                "managing_fund_since": "3Rd August 2023",
                "name": "Karthik Kumar",
                "qualification": "",
                "total_exp": "15 Years"
            }
        ],
        "load": {
            "entry_load": "NA",
            "exit_load": "Nil Basket Size (As on 31March, 2025) 6938015 For benchmark riskometer and PRC, please refer to page no 53  59."
        },
        "main_scheme_name": "Axis NIFTY Healthcare ETF",
        "metrics": {
            "alpha": null,
            "arithmetic_mean_ratio": null,
            "average_div_yld": null,
            "average_pb": null,
            "average_pe": null,
            "avg_maturity": null,
            "beta": null,
            "correlation_ratio": null,
            "downside_deviation": null,
            "information_ratio": null,
            "macaulay": null,
            "mod_duration": null,
            "port_turnover_ratio": null,
            "r_squared_ratio": null,
            "roe_ratio": null,
            "sharpe": null,
            "sortino_ratio": null,
            "std_dev": null,
            "tracking_error": "0.03",
            "treynor_ratio": null,
            "upside_deviation": null,
            "ytm": null
        },
        "min_addl_amt": "",
        "min_addl_amt_multiple": "",
        "min_amt": "",
        "min_amt_multiple": "",
        "monthly_aaum_date": "31-03-2025",
        "monthly_aaum_value": "",
        "mutual_fund_name": "Axis Mutual Fund",
        "page_number": [
            29
        ],
        "scheme_launch_date": ""
    },
    "Axis NIFTY India Consumption ETF": {
        "amc_name": "Axis Asset Management Company Limited",
        "benchmark_index": "Underlying Index Exchange Listed NSE,BSE Exchange SymbolScrip Code AXISCETF, 543357 iNAV symbol AXISCEINAV ISIN INF846K016C7 Bloomberg Code ACSMETF IN Equity",
        "fund_manager": [
            {
                "managing_fund_since": "3Rd August 2023",
                "name": "Karthik Kumar",
                "qualification": "",
                "total_exp": "15 Years"
            }
        ],
        "load": {
            "entry_load": "NA",
            "exit_load": "Nil Basket Size (As on 31March, 2025) 5474500 For benchmark riskometer and PRC, please refer to page no 53  59."
        },
        "main_scheme_name": "Axis NIFTY India Consumption ETF",
        "metrics": {
            "alpha": null,
            "arithmetic_mean_ratio": null,
            "average_div_yld": "1.06",
            "average_pb": null,
            "average_pe": null,
            "avg_maturity": null,
            "beta": null,
            "correlation_ratio": null,
            "downside_deviation": null,
            "information_ratio": null,
            "macaulay": null,
            "mod_duration": null,
            "port_turnover_ratio": null,
            "r_squared_ratio": null,
            "roe_ratio": null,
            "sharpe": null,
            "sortino_ratio": null,
            "std_dev": null,
            "tracking_error": "0.04",
            "treynor_ratio": null,
            "upside_deviation": null,
            "ytm": null
        },
        "min_addl_amt": "",
        "min_addl_amt_multiple": "",
        "min_amt": "",
        "min_amt_multiple": "",
        "monthly_aaum_date": "31-03-2025",
        "monthly_aaum_value": "",
        "mutual_fund_name": "Axis Mutual Fund",
        "page_number": [
            30
        ],
        "scheme_launch_date": ""
    },
    "Axis Gold ETF": {
        "amc_name": "Axis Asset Management Company Limited",
        "benchmark_index": "Domestic price of Gold Underlying Index Price of Gold Exchange Listed NSE,BSE Exchange SymbolScrip Code AXISGOLD, 533570 iNAV symbol AXISGOINAV ISIN INF846K01347 Bloomberg Code AXGOLD IN Equity Creation Unit Size 1,00,000 units and in multiples thereof",
        "fund_manager": [
            {
                "managing_fund_since": "1St June 2024",
                "name": "Aditya Pagaria",
                "qualification": "",
                "total_exp": "16 Years"
            },
            {
                "managing_fund_since": "1St February 2025",
                "name": "Pratik Tibrewal",
                "qualification": "",
                "total_exp": "13 Years"
            }
        ],
        "load": {
            "entry_load": "NA",
            "exit_load": "Nil Basket Size (As on 31 March, 2025) 7481920 For benchmark riskometer and PRC, please refer to page no 53  59."
        },
        "main_scheme_name": "Axis Gold ETF",
        "metrics": {
            "alpha": null,
            "arithmetic_mean_ratio": null,
            "average_div_yld": null,
            "average_pb": null,
            "average_pe": null,
            "avg_maturity": null,
            "beta": null,
            "correlation_ratio": null,
            "downside_deviation": null,
            "information_ratio": null,
            "macaulay": null,
            "mod_duration": null,
            "port_turnover_ratio": null,
            "r_squared_ratio": null,
            "roe_ratio": null,
            "sharpe": null,
            "sortino_ratio": null,
            "std_dev": null,
            "tracking_error": null,
            "treynor_ratio": null,
            "upside_deviation": null,
            "ytm": null
        },
        "min_addl_amt": "",
        "min_addl_amt_multiple": "",
        "min_amt": "",
        "min_amt_multiple": "",
        "monthly_aaum_date": "31-03-2025",
        "monthly_aaum_value": "\u20b9 1482.70 cr.",
        "mutual_fund_name": "Axis Mutual Fund",
        "page_number": [
            31
        ],
        "scheme_launch_date": "10Nov2010"
    },
    "Axis Silver ETF": {
        "amc_name": "Axis Asset Management Company Limited",
        "benchmark_index": "Domestic Price of Physical Silver (based on LBMA Silve daily spot AM fixing price) Underlying Index Price of Silver Exchange Listed NSE Exchange SymbolScrip Code AXISILVER iNAV symbol AXISILIINAV ISIN INF846K011K1 Bloomberg Code AXSLVRF IN Equity Creation Unit Size 30,000 units and in multiples thereof",
        "fund_manager": [
            {
                "managing_fund_since": "1St June 2024",
                "name": "Aditya Pagaria",
                "qualification": "",
                "total_exp": "16 Years"
            },
            {
                "managing_fund_since": "1St February 2025",
                "name": "Pratik Tibrewal",
                "qualification": "",
                "total_exp": "13 Years"
            }
        ],
        "load": {
            "entry_load": "NA",
            "exit_load": "Nil Basket Size (As on 31 March, 2025) 3043185 For benchmark riskometer and PRC, please refer to page no 53  59."
        },
        "main_scheme_name": "Axis Silver ETF",
        "metrics": {
            "alpha": null,
            "arithmetic_mean_ratio": null,
            "average_div_yld": null,
            "average_pb": null,
            "average_pe": null,
            "avg_maturity": null,
            "beta": null,
            "correlation_ratio": null,
            "downside_deviation": null,
            "information_ratio": null,
            "macaulay": null,
            "mod_duration": null,
            "port_turnover_ratio": null,
            "r_squared_ratio": null,
            "roe_ratio": null,
            "sharpe": null,
            "sortino_ratio": null,
            "std_dev": null,
            "tracking_error": null,
            "treynor_ratio": null,
            "upside_deviation": null,
            "ytm": null
        },
        "min_addl_amt": "",
        "min_addl_amt_multiple": "",
        "min_amt": "",
        "min_amt_multiple": "",
        "monthly_aaum_date": "31-03-2025",
        "monthly_aaum_value": "\u20b9 176.22 cr.",
        "mutual_fund_name": "Axis Mutual Fund",
        "page_number": [
            32
        ],
        "scheme_launch_date": "21Sep2022"
    },
    "Axis Nifty AAA Bond Plus SDL Apr 2026 5050 ETF": {
        "amc_name": "Axis Asset Management Company Limited",
        "benchmark_index": "Nifty AAA Bond Plus SDL Apr 2026 5050 Index Underlying Index NIFTY AAA Bond Plus SDL Apr 2026 Exchange Listed NSE Exchange SymbolScrip Code AXISBPSETF iNAV symbol AXISBPINAV ISIN INF846K01Z04 Bloomberg Code AXBPSETF Creation Unit Size 2,50,0000 units and in multiples thereof",
        "fund_manager": [
            {
                "managing_fund_since": "11Th May 2021",
                "name": "Aditya Pagaria",
                "qualification": "",
                "total_exp": "16 Years"
            },
            {
                "managing_fund_since": "1St February 2023",
                "name": "Sachin Jain",
                "qualification": "",
                "total_exp": "11 Years"
            }
        ],
        "load": {
            "entry_load": "NA",
            "exit_load": "Nil Basket Size (As on 31 March, 2025) 31292250 For benchmark riskometer and PRC, please refer to page no 53  59."
        },
        "main_scheme_name": "Axis Nifty AAA Bond Plus SDL Apr 2026 5050 ETF",
        "metrics": {
            "alpha": null,
            "arithmetic_mean_ratio": null,
            "average_div_yld": null,
            "average_pb": null,
            "average_pe": null,
            "avg_maturity": "0.63 years",
            "beta": null,
            "correlation_ratio": null,
            "downside_deviation": null,
            "information_ratio": null,
            "macaulay": null,
            "mod_duration": "0.59 years",
            "port_turnover_ratio": null,
            "r_squared_ratio": null,
            "roe_ratio": null,
            "sharpe": null,
            "sortino_ratio": null,
            "std_dev": null,
            "tracking_error": null,
            "treynor_ratio": null,
            "upside_deviation": null,
            "ytm": "7.00"
        },
        "min_addl_amt": "",
        "min_addl_amt_multiple": "",
        "min_amt": "",
        "min_amt_multiple": "",
        "monthly_aaum_date": "31-03-2025",
        "monthly_aaum_value": "\u20b9 1118.69 cr.",
        "mutual_fund_name": "Axis Mutual Fund",
        "page_number": [
            33
        ],
        "scheme_launch_date": "11May2021"
    },
    "Axis BSE SENSEX ETF": {
        "amc_name": "Axis Asset Management Company Limited",
        "benchmark_index": "BSE Sensex TRI Underlying Index BSE Sensex Exchange Listed NSE, BSE Exchange SymbolScrip Code AXSENSEX iNAV symbol AXSNSXINAV ISIN INF846K010Q0 Bloomberg Code ASPSNSX",
        "fund_manager": [
            {
                "managing_fund_since": "3Rd August 2023",
                "name": "Karthik Kumar",
                "qualification": "",
                "total_exp": "15 Years"
            }
        ],
        "load": {
            "entry_load": "NA",
            "exit_load": "Nil Basket Size (As on 31March, 2025) 3156972 For benchmark riskometer and PRC, please refer to page no 53  59."
        },
        "main_scheme_name": "Axis BSE SENSEX ETF",
        "metrics": {
            "alpha": null,
            "arithmetic_mean_ratio": null,
            "average_div_yld": "1.25",
            "average_pb": null,
            "average_pe": null,
            "avg_maturity": null,
            "beta": null,
            "correlation_ratio": null,
            "downside_deviation": null,
            "information_ratio": null,
            "macaulay": null,
            "mod_duration": null,
            "port_turnover_ratio": null,
            "r_squared_ratio": null,
            "roe_ratio": null,
            "sharpe": null,
            "sortino_ratio": null,
            "std_dev": null,
            "tracking_error": "0.05",
            "treynor_ratio": null,
            "upside_deviation": null,
            "ytm": null
        },
        "min_addl_amt": "",
        "min_addl_amt_multiple": "",
        "min_amt": "",
        "min_amt_multiple": "",
        "monthly_aaum_date": "31-03-2025",
        "monthly_aaum_value": "\u20b9 121.73 cr.",
        "mutual_fund_name": "Axis Mutual Fund",
        "page_number": [
            34
        ],
        "scheme_launch_date": ""
    },
    "Axis Nifty500 Value 50 ETF": {
        "amc_name": "Axis Asset Management Company Limited",
        "benchmark_index": "Underlying Index Exchange Listed NSE, BSE Exchange SymbolScrip Code AXISVALUE,544382 iNAV symbol AX ISIN INF846KA1119 Bloomberg Code A 60,000 units and in multiples thereof",
        "fund_manager": [
            {
                "managing_fund_since": "13Th March 2025",
                "name": "Karthik Kumar",
                "qualification": "",
                "total_exp": "15 Years"
            }
        ],
        "load": {
            "entry_load": "NA",
            "exit_load": "Nil Basket Size (As on 31March, 2025) 1608144 For benchmark riskometer and PRC, please refer to page no 53  59."
        },
        "main_scheme_name": "Axis Nifty500 Value 50 ETF",
        "metrics": {
            "alpha": null,
            "arithmetic_mean_ratio": null,
            "average_div_yld": null,
            "average_pb": null,
            "average_pe": null,
            "avg_maturity": null,
            "beta": null,
            "correlation_ratio": null,
            "downside_deviation": null,
            "information_ratio": null,
            "macaulay": null,
            "mod_duration": null,
            "port_turnover_ratio": null,
            "r_squared_ratio": null,
            "roe_ratio": null,
            "sharpe": null,
            "sortino_ratio": null,
            "std_dev": null,
            "tracking_error": null,
            "treynor_ratio": null,
            "upside_deviation": null,
            "ytm": null
        },
        "min_addl_amt": "",
        "min_addl_amt_multiple": "",
        "min_amt": "",
        "min_amt_multiple": "",
        "monthly_aaum_date": "31-03-2025",
        "monthly_aaum_value": "",
        "mutual_fund_name": "Axis Mutual Fund",
        "page_number": [
            35
        ],
        "scheme_launch_date": ""
    },
    "Axis Equity ETFs FoF": {
        "amc_name": "Axis Asset Management Company Limited",
        "benchmark_index": "Nifty 500 TRI",
        "fund_manager": [
            {
                "managing_fund_since": "3Rd August 2023",
                "name": "Karthik Kumar",
                "qualification": "",
                "total_exp": "15 Years"
            }
        ],
        "load": {
            "entry_load": "NA",
            "exit_load": "If redeemed  switchedout within 15 days from th of allotment  1 If redeemedswitched out after  from the date of allotment  Nil."
        },
        "main_scheme_name": "Axis Equity ETFs FoF",
        "metrics": {
            "alpha": null,
            "arithmetic_mean_ratio": null,
            "average_div_yld": "1.28",
            "average_pb": null,
            "average_pe": null,
            "avg_maturity": null,
            "beta": null,
            "correlation_ratio": null,
            "downside_deviation": null,
            "information_ratio": null,
            "macaulay": null,
            "mod_duration": null,
            "pb_multiple": "3.52",
            "pe_multiple": "22.31",
            "port_turnover_ratio": null,
            "r_squared_ratio": null,
            "roe_ratio": null,
            "sharpe": null,
            "sortino_ratio": null,
            "std_dev": null,
            "tracking_error": null,
            "treynor_ratio": null,
            "upside_deviation": null,
            "ytm": null
        },
        "min_addl_amt": "",
        "min_addl_amt_multiple": "",
        "min_amt": "\u20b9 100",
        "min_amt_multiple": "\u20b9 1",
        "monthly_aaum_date": "31-03-2025",
        "monthly_aaum_value": "",
        "mutual_fund_name": "Axis Mutual Fund",
        "page_number": [
            36
        ],
        "scheme_launch_date": "24Feb2022"
    },
    "Axis Gold Fund": {
        "amc_name": "Axis Asset Management Company Limited",
        "benchmark_index": "Domestic price of Gold",
        "fund_manager": [
            {
                "managing_fund_since": "9Th November 2021",
                "name": "Aditya Pagaria",
                "qualification": "",
                "total_exp": "16 Years"
            },
            {
                "managing_fund_since": "1St February 2025",
                "name": "Pratik Tibrewal",
                "qualification": "",
                "total_exp": "13 Years"
            }
        ],
        "load": {
            "entry_load": "NA",
            "exit_load": "Exit Load of 1 is payable if Units are redeemed switchedout within 15 days from the date of allo"
        },
        "main_scheme_name": "Axis Gold Fund",
        "metrics": {
            "alpha": null,
            "arithmetic_mean_ratio": null,
            "average_div_yld": null,
            "average_pb": null,
            "average_pe": null,
            "avg_maturity": null,
            "beta": null,
            "correlation_ratio": null,
            "downside_deviation": null,
            "information_ratio": null,
            "macaulay": null,
            "mod_duration": null,
            "port_turnover_ratio": null,
            "r_squared_ratio": null,
            "roe_ratio": null,
            "sharpe": null,
            "sortino_ratio": null,
            "std_dev": null,
            "tracking_error": null,
            "treynor_ratio": null,
            "upside_deviation": null,
            "ytm": null
        },
        "min_addl_amt": "",
        "min_addl_amt_multiple": "",
        "min_amt": "\u20b9 100",
        "min_amt_multiple": "\u20b9 1",
        "monthly_aaum_date": "31-03-2025",
        "monthly_aaum_value": "\u20b9 913.86 cr.",
        "mutual_fund_name": "Axis Mutual Fund",
        "page_number": [
            37
        ],
        "scheme_launch_date": "20Oct2011"
    },
    "Axis Silver Fund of Fund": {
        "amc_name": "Axis Asset Management Company Limited",
        "benchmark_index": "Domestic Price of Physical Silver (based on LBM daily spot AM fixing price)",
        "fund_manager": [
            {
                "managing_fund_since": "21St September 2022",
                "name": "Aditya Pagaria",
                "qualification": "",
                "total_exp": "16 Years"
            },
            {
                "managing_fund_since": "1St February 2025",
                "name": "Pratik Tibrewal",
                "qualification": "",
                "total_exp": "13 Years"
            }
        ],
        "load": {
            "entry_load": "NA",
            "exit_load": "If redeemed before 7 Day Exit Load is 0.25 For benchmark riskometer and PRC, please refer to page no 53  59."
        },
        "main_scheme_name": "Axis Silver Fund of Fund",
        "metrics": {
            "alpha": null,
            "arithmetic_mean_ratio": null,
            "average_div_yld": null,
            "average_pb": null,
            "average_pe": null,
            "avg_maturity": null,
            "beta": null,
            "correlation_ratio": null,
            "downside_deviation": null,
            "information_ratio": null,
            "macaulay": null,
            "mod_duration": null,
            "port_turnover_ratio": null,
            "r_squared_ratio": null,
            "roe_ratio": null,
            "sharpe": null,
            "sortino_ratio": null,
            "std_dev": null,
            "tracking_error": null,
            "treynor_ratio": null,
            "upside_deviation": null,
            "ytm": null
        },
        "min_addl_amt": "",
        "min_addl_amt_multiple": "",
        "min_amt": "",
        "min_amt_multiple": "",
        "monthly_aaum_date": "31-03-2025",
        "monthly_aaum_value": "",
        "mutual_fund_name": "Axis Mutual Fund",
        "page_number": [
            38
        ],
        "scheme_launch_date": "21Sep2022"
    },
    "Axis Nifty AAA Bond Plus SDL Apr 2026 5050 ETF FOF": {
        "amc_name": "Axis Asset Management Company Limited",
        "benchmark_index": "Nifty AAA Bond Plus SDL Apr 2026 5050 Index",
        "fund_manager": [
            {
                "managing_fund_since": "20Th October 2021",
                "name": "Aditya Pagaria",
                "qualification": "",
                "total_exp": "16 Years"
            }
        ],
        "load": {
            "entry_load": "NA",
            "exit_load": "Nil"
        },
        "main_scheme_name": "Axis Nifty AAA Bond Plus SDL Apr 2026 5050 ETF FOF",
        "metrics": {
            "alpha": null,
            "arithmetic_mean_ratio": null,
            "average_div_yld": null,
            "average_pb": null,
            "average_pe": null,
            "avg_maturity": null,
            "beta": null,
            "correlation_ratio": null,
            "downside_deviation": null,
            "information_ratio": null,
            "macaulay": null,
            "mod_duration": null,
            "port_turnover_ratio": null,
            "r_squared_ratio": null,
            "roe_ratio": null,
            "sharpe": null,
            "sortino_ratio": null,
            "std_dev": null,
            "tracking_error": null,
            "treynor_ratio": null,
            "upside_deviation": null,
            "ytm": null
        },
        "min_addl_amt": "",
        "min_addl_amt_multiple": "",
        "min_amt": "\u20b9 5000",
        "min_amt_multiple": "\u20b9 1",
        "monthly_aaum_date": "31-03-2025",
        "monthly_aaum_value": "\u20b9 277.16 cr.",
        "mutual_fund_name": "Axis Mutual Fund",
        "page_number": [
            39
        ],
        "scheme_launch_date": "20Oct2021"
    }
}