{
    "Baroda BNP Paribas Large Cap Fund": {
        "amc_name": "Baroda BNP Paribas Asset Management India Private Limited",
        "benchmark_index": "(AMFI Tier 1) Nifty 100 TRI",
        "fund_manager": [
            {
                "managing_fund_since": "16-Jun-22",
                "name": "Jitendra Sriram",
                "qualification": "",
                "total_exp": "27 Years"
            },
            {
                "managing_fund_since": "21-Oct-24",
                "name": "Kushant Arora",
                "qualification": "",
                "total_exp": "11 Years"
            }
        ],
        "load": {
            "entry_load": "",
            "exit_load": "If units of the Scheme are redeemed or switched out within 30 days of the date of allotment - 1 of the applicable Net Asset Value (NAV)  If units of the Scheme are redeemed or switched out after 30 days of allotment - Nil. For detailed load structure please refer Scheme Information Document."
        },
        "main_scheme_name": "Baroda BNP Paribas Large Cap Fund",
        "metrics": {
            "alpha": null,
            "arithmetic_mean_ratio": null,
            "average_div_yld": null,
            "average_pb": null,
            "average_pe": null,
            "avg_maturity": null,
            "beta": "0.93",
            "correlation_ratio": null,
            "downside_deviation": null,
            "information_ratio": null,
            "macaulay": null,
            "mod_duration": null,
            "port_turnover_ratio": "0.67",
            "r_squared_ratio": null,
            "roe_ratio": "17.82",
            "sharpe": "0.57",
            "sortino_ratio": null,
            "std_dev": "13.64",
            "tracking_error": null,
            "treynor_ratio": null,
            "upside_deviation": null,
            "ytm": null
        },
        "min_addl_amt": "\u20b9 1,000",
        "min_addl_amt_multiple": "\u20b9 1",
        "min_amt": "\u20b9 5,000",
        "min_amt_multiple": "\u20b9 1",
        "monthly_aaum_date": "31-03-2025",
        "monthly_aaum_value": "\u20b9 2,357.83",
        "mutual_fund_name": "Baroda BNP Paribas Mutual Fund",
        "page_number": [
            6
        ],
        "scheme_launch_date": "September 23, 2004"
    },
    "Baroda BNP Paribas Large & Mid Cap Fund": {
        "amc_name": "Baroda BNP Paribas Asset Management India Private Limited",
        "benchmark_index": "(AMFI Tier 1) BSE 250 Large  Mid Cap TRI",
        "fund_manager": [
            {
                "managing_fund_since": "04-Sep-20",
                "name": "Sanjay Chawla",
                "qualification": "",
                "total_exp": "33 Years"
            },
            {
                "managing_fund_since": "01-Jan-25",
                "name": "Kirtan Mehta",
                "qualification": "",
                "total_exp": "26 Years"
            }
        ],
        "load": {
            "entry_load": "",
            "exit_load": "If units are redeemed up to 10 of the units held on or before 365 days from the date of allotment - Nil  If units are redeemed over and above the 10 limit on or before 365 days from the date of allotment - 1 of the applicable Net Asset Value (NAV)  If units of scheme are redeemed after 365 days from the date of allotment - Nil. For detailed load structure please refer Scheme Information Document."
        },
        "main_scheme_name": "Baroda BNP Paribas Large & Mid Cap Fund",
        "metrics": {
            "alpha": null,
            "arithmetic_mean_ratio": null,
            "average_div_yld": null,
            "average_pb": null,
            "average_pe": null,
            "avg_maturity": null,
            "beta": "1.00",
            "correlation_ratio": null,
            "downside_deviation": null,
            "information_ratio": null,
            "macaulay": null,
            "mod_duration": null,
            "port_turnover_ratio": "0.83",
            "r_squared_ratio": null,
            "roe_ratio": "16.30",
            "sharpe": "0.51",
            "sortino_ratio": null,
            "std_dev": "15.78",
            "tracking_error": null,
            "treynor_ratio": null,
            "upside_deviation": null,
            "ytm": null
        },
        "min_addl_amt": "\u20b9 1,000",
        "min_addl_amt_multiple": "\u20b9 1",
        "min_amt": "\u20b9 5,000",
        "min_amt_multiple": "\u20b9 1",
        "monthly_aaum_date": "31-03-2025",
        "monthly_aaum_value": "\u20b9 1,395.91",
        "mutual_fund_name": "Baroda BNP Paribas Mutual Fund",
        "page_number": [
            7
        ],
        "scheme_launch_date": "September 04, 2020"
    },
    "Baroda BNP Paribas Mid Cap Fund": {
        "amc_name": "Baroda BNP Paribas Asset Management India Private Limited",
        "benchmark_index": "(Tier 1) Nifty Midcap 150 TRI",
        "fund_manager": [
            {
                "managing_fund_since": "13-Jul-22",
                "name": "Shiv Chanani",
                "qualification": "",
                "total_exp": "21 Years"
            },
            {
                "managing_fund_since": "21-Oct-24",
                "name": "Himanshu Singh",
                "qualification": "",
                "total_exp": "10 Years"
            }
        ],
        "load": {
            "entry_load": "",
            "exit_load": "If units of the Scheme are redeemed or switched out up to 10 of the units (the limit) within 12 months from the date of allotment - Nil  If units of the scheme are redeemed or switched out in excess of the limit within 12 months from the date of allotment - 1 of the applicable NAV  If units of scheme are redeemed or switched out after 12 months from the date of allotment - Nil. For detailed load structure please refer Scheme Information Document."
        },
        "main_scheme_name": "Baroda BNP Paribas Mid Cap Fund",
        "metrics": {
            "alpha": null,
            "arithmetic_mean_ratio": null,
            "average_div_yld": null,
            "average_pb": null,
            "average_pe": null,
            "avg_maturity": null,
            "beta": "0.85",
            "correlation_ratio": null,
            "downside_deviation": null,
            "information_ratio": null,
            "macaulay": null,
            "mod_duration": null,
            "port_turnover_ratio": "0.92",
            "r_squared_ratio": null,
            "roe_ratio": "16.96",
            "sharpe": "0.66",
            "sortino_ratio": null,
            "std_dev": "15.07",
            "tracking_error": null,
            "treynor_ratio": null,
            "upside_deviation": null,
            "ytm": null
        },
        "min_addl_amt": "",
        "min_addl_amt_multiple": "",
        "min_amt": "",
        "min_amt_multiple": "",
        "monthly_aaum_date": "31-03-2025",
        "monthly_aaum_value": "\u20b9 1,931.80",
        "mutual_fund_name": "Baroda BNP Paribas Mutual Fund",
        "page_number": [
            8
        ],
        "scheme_launch_date": "May 02, 2006"
    },
    "Baroda BNP Paribas Small Cap Fund": {
        "amc_name": "Baroda BNP Paribas Asset Management India Private Limited",
        "benchmark_index": "(AMFI Tier 1) Nifty Small Cap 250 TRI",
        "fund_manager": [
            {
                "managing_fund_since": "30-Oct-23",
                "name": "Shiv Chanani",
                "qualification": "",
                "total_exp": "21 Years"
            },
            {
                "managing_fund_since": "21-Oct-24",
                "name": "Himanshu Singh",
                "qualification": "",
                "total_exp": "10 Years"
            }
        ],
        "load": {
            "entry_load": "",
            "exit_load": "If units of the Scheme are redeemed or switched out up to 10 of the units within 1 year from the date of allotment - Nil.  If units of the scheme are redeemed or switched out in excess of the limit within 1 year from the date of allotment - 1 of the applicable NAV.  If units of scheme are redeemed or switched out after 1 year from the date of allotment - Nil. For detailed load structure please refer Scheme Information Document."
        },
        "main_scheme_name": "Baroda BNP Paribas Small Cap Fund",
        "metrics": {
            "alpha": null,
            "arithmetic_mean_ratio": null,
            "average_div_yld": null,
            "average_pb": null,
            "average_pe": null,
            "avg_maturity": null,
            "beta": null,
            "correlation_ratio": null,
            "downside_deviation": null,
            "information_ratio": null,
            "macaulay": null,
            "mod_duration": null,
            "port_turnover_ratio": "0.75",
            "r_squared_ratio": null,
            "roe_ratio": "14.67",
            "sharpe": null,
            "sortino_ratio": null,
            "std_dev": null,
            "tracking_error": null,
            "treynor_ratio": null,
            "upside_deviation": null,
            "ytm": null
        },
        "min_addl_amt": "\u20b9 1,000",
        "min_addl_amt_multiple": "\u20b9 1",
        "min_amt": "\u20b9 5,000",
        "min_amt_multiple": "\u20b9 1",
        "monthly_aaum_date": "31-03-2025",
        "monthly_aaum_value": "\u20b9 1,161.35",
        "mutual_fund_name": "Baroda BNP Paribas Mutual Fund",
        "page_number": [
            9
        ],
        "scheme_launch_date": "October 30, 2023"
    },
    "Baroda BNP Paribas Flexi Cap Fund": {
        "amc_name": "Baroda BNP Paribas Asset Management India Private Limited",
        "benchmark_index": "(AMFI Tier 1) Nifty 500 TRI",
        "fund_manager": [
            {
                "managing_fund_since": "17-Aug-22",
                "name": "Sanjay Chawla",
                "qualification": "",
                "total_exp": "33 Years"
            },
            {
                "managing_fund_since": "01-Jan-25",
                "name": "Kirtan Mehta",
                "qualification": "",
                "total_exp": "26 Years"
            }
        ],
        "load": {
            "entry_load": "",
            "exit_load": "If units of the Scheme are redeemed or switched out up to 10 of the units (the limit) within 12 months from the date of allotment - Nil.  If units of the scheme are redeemed or switched out in excess of the limit within 12 months from the date of allotment - 1 of the applicable NAV.  If units of scheme are redeemed or switched out after 12 months from the date of allotment - Nil. For detailed load structure please refer Scheme Information Document."
        },
        "main_scheme_name": "Baroda BNP Paribas Flexi Cap Fund",
        "metrics": {
            "alpha": null,
            "arithmetic_mean_ratio": null,
            "average_div_yld": null,
            "average_pb": null,
            "average_pe": null,
            "avg_maturity": null,
            "beta": null,
            "correlation_ratio": null,
            "downside_deviation": null,
            "information_ratio": null,
            "macaulay": null,
            "mod_duration": null,
            "port_turnover_ratio": "0.84",
            "r_squared_ratio": null,
            "roe_ratio": "15.20",
            "sharpe": null,
            "sortino_ratio": null,
            "std_dev": null,
            "tracking_error": null,
            "treynor_ratio": null,
            "upside_deviation": null,
            "ytm": null
        },
        "min_addl_amt": "\u20b9 1,000",
        "min_addl_amt_multiple": "\u20b9 1",
        "min_amt": "\u20b9 5,000",
        "min_amt_multiple": "\u20b9 1",
        "monthly_aaum_date": "31-03-2025",
        "monthly_aaum_value": "\u20b9 1,149.82",
        "mutual_fund_name": "Baroda BNP Paribas Mutual Fund",
        "page_number": [
            10
        ],
        "scheme_launch_date": "August 17, 2022"
    },
    "Baroda BNP Paribas Multi Cap Fund": {
        "amc_name": "Baroda BNP Paribas Asset Management India Private Limited",
        "benchmark_index": "(AMFI Tier 1) Nifty 500 Multicap 502525 TRI",
        "fund_manager": [
            {
                "managing_fund_since": "01-Nov-15",
                "name": "Sanjay Chawla",
                "qualification": "",
                "total_exp": "33 Years"
            },
            {
                "managing_fund_since": "14-Mar-22",
                "name": "Sandeep Jain",
                "qualification": "",
                "total_exp": "16 Years"
            }
        ],
        "load": {
            "entry_load": "",
            "exit_load": "1 if redeemed on or before 12 months from the date of allotment of units. NIL if redeemed after 12 months from the date of allotment of units For detailed load structure please refer Scheme Information Document."
        },
        "main_scheme_name": "Baroda BNP Paribas Multi Cap Fund",
        "metrics": {
            "alpha": null,
            "arithmetic_mean_ratio": null,
            "average_div_yld": null,
            "average_pb": null,
            "average_pe": null,
            "avg_maturity": null,
            "beta": "0.93",
            "correlation_ratio": null,
            "downside_deviation": null,
            "information_ratio": null,
            "macaulay": null,
            "mod_duration": null,
            "port_turnover_ratio": "1.22",
            "r_squared_ratio": null,
            "roe_ratio": "15.29",
            "sharpe": "0.52",
            "sortino_ratio": null,
            "std_dev": "15.43",
            "tracking_error": null,
            "treynor_ratio": null,
            "upside_deviation": null,
            "ytm": null
        },
        "min_addl_amt": "\u20b9 1,000",
        "min_addl_amt_multiple": "\u20b9 1",
        "min_amt": "\u20b9 5,000",
        "min_amt_multiple": "\u20b9 1",
        "monthly_aaum_date": "31-03-2025",
        "monthly_aaum_value": "\u20b9 2,530.10",
        "mutual_fund_name": "Baroda BNP Paribas Mutual Fund",
        "page_number": [
            11
        ],
        "scheme_launch_date": "September 12, 2003"
    },
    "Baroda BNP Paribas Value Fund": {
        "amc_name": "Baroda BNP Paribas Asset Management India Private Limited",
        "benchmark_index": "(AMFI Tier 1) Nifty 500 TRI",
        "fund_manager": [
            {
                "managing_fund_since": "07-Jun-23",
                "name": "Shiv Chanani",
                "qualification": "",
                "total_exp": "21 Years"
            },
            {
                "managing_fund_since": "21-Oct-24",
                "name": "Himanshu Singh",
                "qualification": "",
                "total_exp": "10 Years"
            }
        ],
        "load": {
            "entry_load": "",
            "exit_load": "If units of the Scheme are redeemed or switched out up to 10 of the units (the limit) within 1 year from the date of allotment - Nil.  If units of the scheme are redeemed or switched out in excess of the limit within 1 year from the date of allotment - 1 of the applicable NAV.  If units of scheme are redeemed or switched out after 1 year from the date of allotment - Nil. For detailed load structure please refer Scheme Information Document."
        },
        "main_scheme_name": "Baroda BNP Paribas Value Fund",
        "metrics": {
            "alpha": null,
            "arithmetic_mean_ratio": null,
            "average_div_yld": null,
            "average_pb": null,
            "average_pe": null,
            "avg_maturity": null,
            "beta": null,
            "correlation_ratio": null,
            "downside_deviation": null,
            "information_ratio": null,
            "macaulay": null,
            "mod_duration": null,
            "port_turnover_ratio": "0.70",
            "r_squared_ratio": null,
            "roe_ratio": "18.21",
            "sharpe": null,
            "sortino_ratio": null,
            "std_dev": null,
            "tracking_error": null,
            "treynor_ratio": null,
            "upside_deviation": null,
            "ytm": null
        },
        "min_addl_amt": "\u20b9 1,000",
        "min_addl_amt_multiple": "\u20b9 1",
        "min_amt": "\u20b9 5,000",
        "min_amt_multiple": "\u20b9 1",
        "monthly_aaum_date": "31-03-2025",
        "monthly_aaum_value": "\u20b9 1,278.53",
        "mutual_fund_name": "Baroda BNP Paribas Mutual Fund",
        "page_number": [
            12
        ],
        "scheme_launch_date": "June 07, 2023"
    },
    "Baroda BNP Paribas Dividend Yield Fund": {
        "amc_name": "Baroda BNP Paribas Asset Management India Private Limited",
        "benchmark_index": "(Tier 1) Nifty 500 TRI",
        "fund_manager": [
            {
                "managing_fund_since": "11-Sep-24",
                "name": "Shiv Chanani",
                "qualification": "",
                "total_exp": "21 Years"
            },
            {
                "managing_fund_since": "21-Oct-24",
                "name": "Himanshu Singh",
                "qualification": "",
                "total_exp": "10 Years"
            }
        ],
        "load": {
            "entry_load": "",
            "exit_load": "If units of the Scheme are redeemed or switched out up to 10 of the units within 1 year from the date of allotment - Nil.  If units of the scheme are redeemed or switched out in excess of the limit within 1 year from the date of allotment - 1 of the applicable NAV.  If units of scheme are redeemed or switched out after 1 year from the date of allotment - Nil For detailed load structure please refer Scheme Information Document."
        },
        "main_scheme_name": "Baroda BNP Paribas Dividend Yield Fund",
        "metrics": {
            "alpha": null,
            "arithmetic_mean_ratio": null,
            "average_div_yld": null,
            "average_pb": null,
            "average_pe": null,
            "avg_maturity": null,
            "beta": null,
            "correlation_ratio": null,
            "downside_deviation": null,
            "information_ratio": null,
            "macaulay": null,
            "mod_duration": null,
            "port_turnover_ratio": "0.83",
            "r_squared_ratio": null,
            "roe_ratio": "17.66",
            "sharpe": null,
            "sortino_ratio": null,
            "std_dev": null,
            "tracking_error": null,
            "treynor_ratio": null,
            "upside_deviation": null,
            "ytm": null
        },
        "min_addl_amt": "",
        "min_addl_amt_multiple": "",
        "min_amt": "",
        "min_amt_multiple": "",
        "monthly_aaum_date": "31-03-2025",
        "monthly_aaum_value": "\u20b9 933.95",
        "mutual_fund_name": "Baroda BNP Paribas Mutual Fund",
        "page_number": [
            13
        ],
        "scheme_launch_date": "September 11, 2024"
    },
    "Baroda BNP Paribas Focused Fund": {
        "amc_name": "Baroda BNP Paribas Asset Management India Private Limited",
        "benchmark_index": "(AMFI Tier 1) Nifty 500 TRI",
        "fund_manager": [
            {
                "managing_fund_since": "14-Mar-22",
                "name": "Sanjay Chawla",
                "qualification": "",
                "total_exp": "33 Years"
            },
            {
                "managing_fund_since": "01-Jan-25",
                "name": "Kirtan Mehta",
                "qualification": "",
                "total_exp": "26 Years"
            }
        ],
        "load": {
            "entry_load": "",
            "exit_load": "If units of the Scheme are redeemed or switched out up to 10 of the units (the limit) within 12 months from the date of allotment - Nil  If units of the scheme are redeemed or switched out in excess of the limit within 12 months from the date of allotment - 1 of the applicable NAV  If units of scheme are redeemed or switched out after 12 months from the date of allotment - Nil. For detailed load structure please refer Scheme Information Document."
        },
        "main_scheme_name": "Baroda BNP Paribas Focused Fund",
        "metrics": {
            "alpha": null,
            "arithmetic_mean_ratio": null,
            "average_div_yld": null,
            "average_pb": null,
            "average_pe": null,
            "avg_maturity": null,
            "beta": "0.99",
            "correlation_ratio": null,
            "downside_deviation": null,
            "information_ratio": null,
            "macaulay": null,
            "mod_duration": null,
            "port_turnover_ratio": "1.45",
            "r_squared_ratio": null,
            "roe_ratio": "16.21",
            "sharpe": "0.31",
            "sortino_ratio": null,
            "std_dev": "15.47",
            "tracking_error": null,
            "treynor_ratio": null,
            "upside_deviation": null,
            "ytm": null
        },
        "min_addl_amt": "\u20b9 1,000",
        "min_addl_amt_multiple": "\u20b9 1",
        "min_amt": "\u20b9 5,000",
        "min_amt_multiple": "\u20b9 1",
        "monthly_aaum_date": "31-03-2025",
        "monthly_aaum_value": "\u20b9 609.07",
        "mutual_fund_name": "Baroda BNP Paribas Mutual Fund",
        "page_number": [
            14
        ],
        "scheme_launch_date": "October 06, 2017"
    },
    "Baroda BNP Paribas ELSS Tax Saver Fund": {
        "amc_name": "Baroda BNP Paribas Asset Management India Private Limited",
        "benchmark_index": "",
        "fund_manager": [],
        "load": {
            "entry_load": null,
            "exit_load": null
        },
        "main_scheme_name": "Baroda BNP Paribas ELSS Tax Saver Fund",
        "metrics": {
            "alpha": null,
            "arithmetic_mean_ratio": null,
            "average_div_yld": null,
            "average_pb": null,
            "average_pe": null,
            "avg_maturity": null,
            "beta": null,
            "correlation_ratio": null,
            "downside_deviation": null,
            "information_ratio": null,
            "macaulay": null,
            "mod_duration": null,
            "port_turnover_ratio": null,
            "r_squared_ratio": null,
            "roe_ratio": null,
            "sharpe": null,
            "sortino_ratio": null,
            "std_dev": null,
            "tracking_error": null,
            "treynor_ratio": null,
            "upside_deviation": null,
            "ytm": null
        },
        "min_addl_amt": "",
        "min_addl_amt_multiple": "",
        "min_amt": "",
        "min_amt_multiple": "",
        "monthly_aaum_date": "31-03-2025",
        "monthly_aaum_value": "",
        "mutual_fund_name": "Baroda BNP Paribas Mutual Fund",
        "page_number": [
            15
        ],
        "scheme_launch_date": ""
    },
    "Baroda BNP Paribas India Consumption Fund": {
        "amc_name": "Baroda BNP Paribas Asset Management India Private Limited",
        "benchmark_index": "(AMFI Tier 1) Nifty India Consumption TRI",
        "fund_manager": [
            {
                "managing_fund_since": "13-Jul-22",
                "name": "Shiv Chanani",
                "qualification": "",
                "total_exp": "21 Years"
            },
            {
                "managing_fund_since": "21-Oct-24",
                "name": "Himanshu Singh",
                "qualification": "",
                "total_exp": "10 Years"
            }
        ],
        "load": {
            "entry_load": "",
            "exit_load": "If units of the Scheme are redeemed or switched out up to 10 of the units (the limit) within 12 months from the date of allotment - Nil  If units of the scheme are redeemed or switched out in excess of the limit within 12 months from the date of allotment - 1 of the applicable NAV  If units of scheme are redeemed or switched out after 12 months from the date of allotment - Nil. For detailed load structure please refer Scheme Information Document."
        },
        "main_scheme_name": "Baroda BNP Paribas India Consumption Fund",
        "metrics": {
            "alpha": null,
            "arithmetic_mean_ratio": null,
            "average_div_yld": null,
            "average_pb": null,
            "average_pe": null,
            "avg_maturity": null,
            "beta": "0.89",
            "correlation_ratio": null,
            "downside_deviation": null,
            "information_ratio": null,
            "macaulay": null,
            "mod_duration": null,
            "port_turnover_ratio": "0.66",
            "r_squared_ratio": null,
            "roe_ratio": "18.99",
            "sharpe": "0.62",
            "sortino_ratio": null,
            "std_dev": "14.85",
            "tracking_error": null,
            "treynor_ratio": null,
            "upside_deviation": null,
            "ytm": null
        },
        "min_addl_amt": "\u20b9 1,000",
        "min_addl_amt_multiple": "\u20b9 1",
        "min_amt": "\u20b9 5,000",
        "min_amt_multiple": "\u20b9 1",
        "monthly_aaum_date": "31-03-2025",
        "monthly_aaum_value": "\u20b9 1,338.77",
        "mutual_fund_name": "Baroda BNP Paribas Mutual Fund",
        "page_number": [
            16
        ],
        "scheme_launch_date": "September 07, 2018"
    },
    "Baroda BNP Paribas Business Cycle Fund": {
        "amc_name": "Baroda BNP Paribas Asset Management India Private Limited",
        "benchmark_index": "(AMFI Tier 1) BSE 500 TRI",
        "fund_manager": [
            {
                "managing_fund_since": "01-Nov-23",
                "name": "Jitendra Sriram",
                "qualification": "",
                "total_exp": "27 Years"
            },
            {
                "managing_fund_since": "21-Oct-24",
                "name": "Kushant Arora",
                "qualification": "",
                "total_exp": "11 Years"
            }
        ],
        "load": {
            "entry_load": "",
            "exit_load": "Redemption  switch out of units upto 10 of the units allotted before 1 year from the date of allotment - NIL  If units are redeemed over and above the 10 limit, before 1 year from the date of allotment - 1 of the applicable Net Asset Value (NAV)  For redemption  switch out of units after 1 year from the date of allotment NIL For detailed load structure please refer Scheme Information Document."
        },
        "main_scheme_name": "Baroda BNP Paribas Business Cycle Fund",
        "metrics": {
            "alpha": null,
            "arithmetic_mean_ratio": null,
            "average_div_yld": null,
            "average_pb": null,
            "average_pe": null,
            "avg_maturity": null,
            "beta": "1.03",
            "correlation_ratio": null,
            "downside_deviation": null,
            "information_ratio": null,
            "macaulay": null,
            "mod_duration": null,
            "port_turnover_ratio": "0.62",
            "r_squared_ratio": null,
            "roe_ratio": "18.13",
            "sharpe": "0.44",
            "sortino_ratio": null,
            "std_dev": "15.78",
            "tracking_error": null,
            "treynor_ratio": null,
            "upside_deviation": null,
            "ytm": null
        },
        "min_addl_amt": "\u20b9 1,000",
        "min_addl_amt_multiple": "\u20b9 1",
        "min_amt": "\u20b9 5,000",
        "min_amt_multiple": "\u20b9 1",
        "monthly_aaum_date": "31-03-2025",
        "monthly_aaum_value": "\u20b9 531.71",
        "mutual_fund_name": "Baroda BNP Paribas Mutual Fund",
        "page_number": [
            17
        ],
        "scheme_launch_date": "September 15, 2021"
    },
    "Baroda BNP Paribas Banking and Financial Services Fund": {
        "amc_name": "Baroda BNP Paribas Asset Management India Private Limited",
        "benchmark_index": "(Tier 1) Nifty Financial Services TRI",
        "fund_manager": [
            {
                "managing_fund_since": "14-Mar-22",
                "name": "Sandeep Jain",
                "qualification": "",
                "total_exp": "16 Years"
            },
            {
                "managing_fund_since": "21-Oct-24",
                "name": "Arjun Bagga",
                "qualification": "",
                "total_exp": "7 Years"
            }
        ],
        "load": {
            "entry_load": "",
            "exit_load": "if units of the Scheme are redeemed or switched out within 30 days of the date of allotment 1 of the applicable Net Asset Value (NAV)  if units of the Scheme are redeemed are switched out after 30 days of allotment - Nil For detailed load structure please refer Scheme Information Document."
        },
        "main_scheme_name": "Baroda BNP Paribas Banking and Financial Services Fund",
        "metrics": {
            "alpha": null,
            "arithmetic_mean_ratio": null,
            "average_div_yld": null,
            "average_pb": null,
            "average_pe": null,
            "avg_maturity": null,
            "beta": "0.94",
            "correlation_ratio": null,
            "downside_deviation": null,
            "information_ratio": null,
            "macaulay": null,
            "mod_duration": null,
            "port_turnover_ratio": "1.11",
            "r_squared_ratio": null,
            "roe_ratio": "16.60",
            "sharpe": "0.69",
            "sortino_ratio": null,
            "std_dev": "14.75",
            "tracking_error": null,
            "treynor_ratio": null,
            "upside_deviation": null,
            "ytm": null
        },
        "min_addl_amt": "",
        "min_addl_amt_multiple": "",
        "min_amt": "",
        "min_amt_multiple": "",
        "monthly_aaum_date": "31-03-2025",
        "monthly_aaum_value": "\u20b9 223.24",
        "mutual_fund_name": "Baroda BNP Paribas Mutual Fund",
        "page_number": [
            18
        ],
        "scheme_launch_date": "June 22, 2012"
    },
    "Baroda BNP Paribas Innovation Fund": {
        "amc_name": "Baroda BNP Paribas Asset Management India Private Limited",
        "benchmark_index": "(AMFI Tier 1) Nifty 500 TRI",
        "fund_manager": [
            {
                "managing_fund_since": "05-Mar-24",
                "name": "Pratish Krishnan",
                "qualification": "",
                "total_exp": "23 Years"
            },
            {
                "managing_fund_since": "01-Jan-25",
                "name": "Ankeet Pandya",
                "qualification": "",
                "total_exp": "11 Years"
            }
        ],
        "load": {
            "entry_load": "",
            "exit_load": "If units of the Scheme are redeemed or switched out up to 10 of the units within 1 year from the date of allotment - Nil.  If units of the scheme are redeemed or switched out in excess of the limit within 1 year from the date of allotment - 1 of the applicable NAV.  If units of scheme are redeemed or switched out after 1 year from the date of allotment - Nil. For detailed load structure please refer Scheme Information Document."
        },
        "main_scheme_name": "Baroda BNP Paribas Innovation Fund",
        "metrics": {
            "alpha": null,
            "arithmetic_mean_ratio": null,
            "average_div_yld": null,
            "average_pb": null,
            "average_pe": null,
            "avg_maturity": null,
            "beta": null,
            "correlation_ratio": null,
            "downside_deviation": null,
            "information_ratio": null,
            "macaulay": null,
            "mod_duration": null,
            "port_turnover_ratio": "0.70",
            "r_squared_ratio": null,
            "roe_ratio": "17.36",
            "sharpe": null,
            "sortino_ratio": null,
            "std_dev": null,
            "tracking_error": null,
            "treynor_ratio": null,
            "upside_deviation": null,
            "ytm": null
        },
        "min_addl_amt": "\u20b9 1,000",
        "min_addl_amt_multiple": "\u20b9 1",
        "min_amt": "\u20b9 1,000",
        "min_amt_multiple": "\u20b9 1",
        "monthly_aaum_date": "31-03-2025",
        "monthly_aaum_value": "\u20b9 959.34",
        "mutual_fund_name": "Baroda BNP Paribas Mutual Fund",
        "page_number": [
            19
        ],
        "scheme_launch_date": "March 05, 2024"
    },
    "Baroda BNP Paribas Manufacturing Fund": {
        "amc_name": "Baroda BNP Paribas Asset Management India Private Limited",
        "benchmark_index": "(AMFI Tier 1) Nifty India Manufacturing TRI",
        "fund_manager": [
            {
                "managing_fund_since": "28-Jun-24",
                "name": "Jitendra Sriram",
                "qualification": "",
                "total_exp": "27 Years"
            },
            {
                "managing_fund_since": "21-Oct-24",
                "name": "Kushant Arora",
                "qualification": "",
                "total_exp": "11 Years"
            }
        ],
        "load": {
            "entry_load": "",
            "exit_load": "If units of the Scheme are redeemed or switched out up to 10 of the units within 1 year from the date of allotment - Nil.  If units of the scheme are redeemed or switched out in excess of the limit within 1 year from the date of allotment - 1 of the applicable NAV.  If units of scheme are redeemed or switched out after 1 year from the date of allotment - Nil For detailed load structure please refer Scheme Information Document."
        },
        "main_scheme_name": "Baroda BNP Paribas Manufacturing Fund",
        "metrics": {
            "alpha": null,
            "arithmetic_mean_ratio": null,
            "average_div_yld": null,
            "average_pb": null,
            "average_pe": null,
            "avg_maturity": null,
            "beta": null,
            "correlation_ratio": null,
            "downside_deviation": null,
            "information_ratio": null,
            "macaulay": null,
            "mod_duration": null,
            "port_turnover_ratio": "0.50",
            "r_squared_ratio": null,
            "roe_ratio": "16.30",
            "sharpe": null,
            "sortino_ratio": null,
            "std_dev": null,
            "tracking_error": null,
            "treynor_ratio": null,
            "upside_deviation": null,
            "ytm": null
        },
        "min_addl_amt": "\u20b9 1,000",
        "min_addl_amt_multiple": "\u20b9 1",
        "min_amt": "\u20b9 1,000",
        "min_amt_multiple": "\u20b9 1",
        "monthly_aaum_date": "31-03-2025",
        "monthly_aaum_value": "\u20b9 1,205.16",
        "mutual_fund_name": "Baroda BNP Paribas Mutual Fund",
        "page_number": [
            20
        ],
        "scheme_launch_date": "June 28, 2024"
    },
    "Baroda BNP Paribas Energy Opportunities Fund": {
        "amc_name": "Baroda BNP Paribas Asset Management India Private Limited",
        "benchmark_index": "(Tier 1) Nifty Energy TRI",
        "fund_manager": [
            {
                "managing_fund_since": "10-Feb-25",
                "name": "Sanjay Chawla",
                "qualification": "",
                "total_exp": "33 Years"
            },
            {
                "managing_fund_since": "10-Feb-25",
                "name": "Sandeep Jain",
                "qualification": "",
                "total_exp": "16 Years"
            }
        ],
        "load": {
            "entry_load": "",
            "exit_load": "For redemptionswitch out of units more than 10 of units, within 1 year from the date of allotment - 1 of applicable NAV.  For redemption switch out of units in any other case NiL For detailed load structure please refer Scheme Information Document."
        },
        "main_scheme_name": "Baroda BNP Paribas Energy Opportunities Fund",
        "metrics": {
            "alpha": null,
            "arithmetic_mean_ratio": null,
            "average_div_yld": null,
            "average_pb": null,
            "average_pe": null,
            "avg_maturity": null,
            "beta": null,
            "correlation_ratio": null,
            "downside_deviation": null,
            "information_ratio": null,
            "macaulay": null,
            "mod_duration": null,
            "port_turnover_ratio": "0.02",
            "r_squared_ratio": null,
            "roe_ratio": "17.28",
            "sharpe": null,
            "sortino_ratio": null,
            "std_dev": null,
            "tracking_error": null,
            "treynor_ratio": null,
            "upside_deviation": null,
            "ytm": null
        },
        "min_addl_amt": "",
        "min_addl_amt_multiple": "",
        "min_amt": "",
        "min_amt_multiple": "",
        "monthly_aaum_date": "31-03-2025",
        "monthly_aaum_value": "\u20b9 709.12",
        "mutual_fund_name": "Baroda BNP Paribas Mutual Fund",
        "page_number": [
            21
        ],
        "scheme_launch_date": "February 10, 2025"
    },
    "Baroda BNP Paribas Aqua Fund of Fund": {
        "amc_name": "Baroda BNP Paribas Asset Management India Private Limited",
        "benchmark_index": "(AMFI Tier 1) MSCI World Index (TRI)",
        "fund_manager": [
            {
                "managing_fund_since": "21-Oct-24",
                "name": "Swapna Shelar",
                "qualification": "",
                "total_exp": "14 Years"
            }
        ],
        "load": {
            "entry_load": "",
            "exit_load": "If units of the Scheme are redeemed or switched out within 12 months from the date of allotment - 1 of the applicable NAV  If units of Scheme are redeemed or switched out after 12 months from the date of allotment - Nil. For detailed load structure please refer Scheme Information Document."
        },
        "main_scheme_name": "Baroda BNP Paribas Aqua Fund of Fund",
        "metrics": {
            "alpha": null,
            "arithmetic_mean_ratio": null,
            "average_div_yld": null,
            "average_pb": null,
            "average_pe": null,
            "avg_maturity": null,
            "beta": null,
            "correlation_ratio": null,
            "downside_deviation": null,
            "information_ratio": null,
            "macaulay": null,
            "mod_duration": null,
            "port_turnover_ratio": "0.39",
            "r_squared_ratio": null,
            "roe_ratio": null,
            "sharpe": null,
            "sortino_ratio": null,
            "std_dev": null,
            "tracking_error": null,
            "treynor_ratio": null,
            "upside_deviation": null,
            "ytm": null
        },
        "min_addl_amt": "\u20b9 1,000",
        "min_addl_amt_multiple": "\u20b9 1",
        "min_amt": "\u20b9 5,000",
        "min_amt_multiple": "\u20b9 1",
        "monthly_aaum_date": "31-03-2025",
        "monthly_aaum_value": "\u20b9 40.61",
        "mutual_fund_name": "Baroda BNP Paribas Mutual Fund",
        "page_number": [
            22
        ],
        "scheme_launch_date": "May 07, 2021"
    },
    "Baroda BNP Paribas Balanced Advantage Fund": {
        "amc_name": "Baroda BNP Paribas Asset Management India Private Limited",
        "benchmark_index": "(Tier 1) NIFTY 50 Hybrid Composite debt 5050 Index",
        "fund_manager": [
            {
                "managing_fund_since": "14-Nov-18",
                "name": "Sanjay Chawla",
                "qualification": "",
                "total_exp": "33 Years"
            },
            {
                "managing_fund_since": "05-Aug-21",
                "name": "Pratish Krishnan",
                "qualification": "",
                "total_exp": "23 Years"
            },
            {
                "managing_fund_since": "21-Oct-24",
                "name": "Neeraj Saxena",
                "qualification": "",
                "total_exp": "20 Years"
            },
            {
                "managing_fund_since": "21-Oct-24",
                "name": "Gurvinder Singh Wasan",
                "qualification": "",
                "total_exp": "21 Years"
            }
        ],
        "load": {
            "entry_load": "",
            "exit_load": "If units are redeemed upto 10 of the units, on or before one year from the date of allotment Nil  If units are redeemed over and above the 10 limit, on or before one year from the date of allotment 1 of the applicable Net asset Value (NAV)  If the units are redeemed after one year from the date of allotment Nil For detailed load structure please refer Scheme Information Document of the scheme."
        },
        "main_scheme_name": "Baroda BNP Paribas Balanced Advantage Fund",
        "metrics": {
            "alpha": null,
            "arithmetic_mean_ratio": null,
            "average_div_yld": null,
            "average_pb": null,
            "average_pe": null,
            "avg_maturity": "6.66",
            "beta": "1.33",
            "correlation_ratio": null,
            "downside_deviation": null,
            "information_ratio": null,
            "macaulay": "3.85",
            "mod_duration": "3.69",
            "port_turnover_ratio": "2.12",
            "r_squared_ratio": null,
            "roe_ratio": null,
            "sharpe": "0.48",
            "sortino_ratio": null,
            "std_dev": "10.49",
            "tracking_error": null,
            "treynor_ratio": null,
            "upside_deviation": null,
            "ytm": "7.80"
        },
        "min_addl_amt": "",
        "min_addl_amt_multiple": "",
        "min_amt": "",
        "min_amt_multiple": "",
        "monthly_aaum_date": "31-03-2025",
        "monthly_aaum_value": "\u20b9 3,958.64",
        "mutual_fund_name": "Baroda BNP Paribas Mutual Fund",
        "page_number": [
            23
        ],
        "scheme_launch_date": "November 14, 2018"
    },
    "Baroda BNP Paribas Aggressive Hybrid Fund": {
        "amc_name": "Baroda BNP Paribas Asset Management India Private Limited",
        "benchmark_index": "(AMFI Tier 1) CRISIL Hybrid 3565-Aggressive Index",
        "fund_manager": [
            {
                "managing_fund_since": "16-Jun-22",
                "name": "Jitendra Sriram",
                "qualification": "",
                "total_exp": "27 Years"
            },
            {
                "managing_fund_since": "14-Mar-22",
                "name": "Pratish Krishnan",
                "qualification": "",
                "total_exp": "23 Years"
            },
            {
                "managing_fund_since": "21-Oct-24",
                "name": "Gurvinder Singh",
                "qualification": "",
                "total_exp": "21 Years"
            }
        ],
        "load": {
            "entry_load": "",
            "exit_load": "If units of the Scheme are redeemed or switched out up to 10 of the units (the limit) within 12 months from the date of allotment - Nil.  If units of the scheme are redeemed or switched out in excess of the limit within 12 months from the date of allotment - 1 of the applicable NAV.  If units of scheme are redeemed or switched out after 12 months from the date of allotment - Nil For detailed load structure please refer Scheme Information Document."
        },
        "main_scheme_name": "Baroda BNP Paribas Aggressive Hybrid Fund",
        "metrics": {
            "alpha": null,
            "arithmetic_mean_ratio": null,
            "average_div_yld": null,
            "average_pb": null,
            "average_pe": null,
            "avg_maturity": "5.26",
            "beta": "1.03",
            "correlation_ratio": null,
            "downside_deviation": null,
            "information_ratio": null,
            "macaulay": "3.23",
            "mod_duration": "3.08",
            "port_turnover_ratio": "0.91",
            "r_squared_ratio": null,
            "roe_ratio": null,
            "sharpe": "0.55",
            "sortino_ratio": null,
            "std_dev": "10.44",
            "tracking_error": null,
            "treynor_ratio": null,
            "upside_deviation": null,
            "ytm": "7.70"
        },
        "min_addl_amt": "\u20b9 1,000",
        "min_addl_amt_multiple": "\u20b9 1",
        "min_amt": "\u20b9 5,000",
        "min_amt_multiple": "\u20b9 1",
        "monthly_aaum_date": "31-03-2025",
        "monthly_aaum_value": "\u20b9 1,120.61",
        "mutual_fund_name": "Baroda BNP Paribas Mutual Fund",
        "page_number": [
            25
        ],
        "scheme_launch_date": "April 07, 2017"
    },
    "Baroda BNP Paribas Multi Asset Fund": {
        "amc_name": "Baroda BNP Paribas Asset Management India Private Limited",
        "benchmark_index": "(Tier 1) 65 of Nifty 500 TRI  20 of NIFTY Composite Debt Index  15 of INR Price of Gold",
        "fund_manager": [
            {
                "managing_fund_since": "19-Dec-22",
                "name": "Jitendra Sriram",
                "qualification": "",
                "total_exp": "27 Years"
            },
            {
                "managing_fund_since": "21-Oct-24",
                "name": "Pratish Krishnan",
                "qualification": "",
                "total_exp": "23 Years"
            },
            {
                "managing_fund_since": "19-Dec-22",
                "name": "Vikram Pamnani",
                "qualification": "",
                "total_exp": "14 Years"
            }
        ],
        "load": {
            "entry_load": "",
            "exit_load": "If units of the Scheme are redeemed or switched out up to 10 of the units (the limit) within 12 months from the date of allotment - Nil.  If units of the scheme are redeemed or switched out in excess of the limit within 12 months from the date of allotment - 1 of the applicable NAV.  If units of scheme are redeemed or switched out after 12 months from the date of allotment - Nil. For detailed load structure please refer Scheme Information Document."
        },
        "main_scheme_name": "Baroda BNP Paribas Multi Asset Fund",
        "metrics": {
            "alpha": null,
            "arithmetic_mean_ratio": null,
            "average_div_yld": null,
            "average_pb": null,
            "average_pe": null,
            "avg_maturity": "3.35",
            "beta": null,
            "correlation_ratio": null,
            "downside_deviation": null,
            "information_ratio": null,
            "macaulay": "2.87",
            "mod_duration": "2.72",
            "port_turnover_ratio": "0.54",
            "r_squared_ratio": null,
            "roe_ratio": null,
            "sharpe": null,
            "sortino_ratio": null,
            "std_dev": null,
            "tracking_error": null,
            "treynor_ratio": null,
            "upside_deviation": null,
            "ytm": "7.17"
        },
        "min_addl_amt": "",
        "min_addl_amt_multiple": "",
        "min_amt": "",
        "min_amt_multiple": "",
        "monthly_aaum_date": "31-03-2025",
        "monthly_aaum_value": "\u20b9 1,112.10",
        "mutual_fund_name": "Baroda BNP Paribas Mutual Fund",
        "page_number": [
            26
        ],
        "scheme_launch_date": "December 19, 2022"
    },
    "Baroda BNP Paribas Equity Savings Fund": {
        "amc_name": "Baroda BNP Paribas Asset Management India Private Limited",
        "benchmark_index": "(AMFI Tier 1) Nifty Equity Savings Index TRI",
        "fund_manager": [
            {
                "managing_fund_since": "05-Sep-19",
                "name": "Pratish Krishnan",
                "qualification": "",
                "total_exp": "23 Years"
            },
            {
                "managing_fund_since": "21-Oct-24",
                "name": "Neeraj Saxena",
                "qualification": "",
                "total_exp": "20 Years"
            },
            {
                "managing_fund_since": "01-Jan-25",
                "name": "Ankeet Pandya",
                "qualification": "",
                "total_exp": "11 Years"
            },
            {
                "managing_fund_since": "21-Oct-24",
                "name": "Gurvinder Singh",
                "qualification": "",
                "total_exp": "21 Years"
            }
        ],
        "load": {
            "entry_load": "",
            "exit_load": "if units of the Scheme are redeemed or switched out within 30 days of the date of allotment - 1 of the applicable Net Asset Value (NAV)  if units of the Scheme are redeemed are switched out after 30 days of allotment Nil For detailed load structure please refer Scheme Information Document."
        },
        "main_scheme_name": "Baroda BNP Paribas Equity Savings Fund",
        "metrics": {
            "alpha": null,
            "arithmetic_mean_ratio": null,
            "average_div_yld": null,
            "average_pb": null,
            "average_pe": null,
            "avg_maturity": "4.21",
            "beta": "1.07",
            "correlation_ratio": null,
            "downside_deviation": null,
            "information_ratio": null,
            "macaulay": "3.40",
            "mod_duration": "3.24",
            "port_turnover_ratio": "4.70",
            "r_squared_ratio": null,
            "roe_ratio": null,
            "sharpe": "0.28",
            "sortino_ratio": null,
            "std_dev": "5.52",
            "tracking_error": null,
            "treynor_ratio": null,
            "upside_deviation": null,
            "ytm": "6.97"
        },
        "min_addl_amt": "\u20b9 1,000",
        "min_addl_amt_multiple": "\u20b9 1",
        "min_amt": "\u20b9 5,000",
        "min_amt_multiple": "\u20b9 1",
        "monthly_aaum_date": "31-03-2025",
        "monthly_aaum_value": "\u20b9 248.12",
        "mutual_fund_name": "Baroda BNP Paribas Mutual Fund",
        "page_number": [
            27
        ],
        "scheme_launch_date": "July 25, 2019"
    },
    "Baroda BNP Paribas Conservative Hybrid Fund": {
        "amc_name": "Baroda BNP Paribas Asset Management India Private Limited",
        "benchmark_index": "(Tier 1) CRISIL Hybrid 8515  Conservative Index",
        "fund_manager": [
            {
                "managing_fund_since": "14-Mar-22",
                "name": "Pratish",
                "qualification": "",
                "total_exp": "23 Years"
            },
            {
                "managing_fund_since": "01-Jan-25",
                "name": "Ankeet",
                "qualification": "",
                "total_exp": "11 Years"
            },
            {
                "managing_fund_since": "21-Oct-22",
                "name": "Prashant",
                "qualification": "",
                "total_exp": "24 Years"
            },
            {
                "managing_fund_since": "21-Oct-24",
                "name": "Gurvinder",
                "qualification": "",
                "total_exp": "21 Years"
            }
        ],
        "load": {
            "entry_load": "",
            "exit_load": "1.00, if redeemed or switched-out upto 6 months from the date of allotment of units.  Nil, if redeemed or switched-out after 6 months from the date of allotment of units For detailed load structure please refer Scheme Information Document."
        },
        "main_scheme_name": "Baroda BNP Paribas Conservative Hybrid Fund",
        "metrics": {
            "alpha": null,
            "arithmetic_mean_ratio": null,
            "average_div_yld": null,
            "average_pb": null,
            "average_pe": null,
            "avg_maturity": "5.66",
            "beta": null,
            "correlation_ratio": null,
            "downside_deviation": null,
            "information_ratio": null,
            "macaulay": "3.75",
            "mod_duration": "3.57",
            "port_turnover_ratio": "1.44",
            "r_squared_ratio": null,
            "roe_ratio": null,
            "sharpe": null,
            "sortino_ratio": null,
            "std_dev": null,
            "tracking_error": null,
            "treynor_ratio": null,
            "upside_deviation": null,
            "ytm": "7.48"
        },
        "min_addl_amt": "",
        "min_addl_amt_multiple": "",
        "min_amt": "",
        "min_amt_multiple": "",
        "monthly_aaum_date": "31-03-2025",
        "monthly_aaum_value": "\u20b9 732.22",
        "mutual_fund_name": "Baroda BNP Paribas Mutual Fund",
        "page_number": [
            28
        ],
        "scheme_launch_date": "September 23, 2004"
    },
    "Baroda BNP Paribas Arbitrage Fund": {
        "amc_name": "Baroda BNP Paribas Asset Management India Private Limited",
        "benchmark_index": "(Tier 1) Nifty 50 Arbitrage Index",
        "fund_manager": [
            {
                "managing_fund_since": "14-Mar-22",
                "name": "Neeraj Saxena",
                "qualification": "",
                "total_exp": "20 Years"
            },
            {
                "managing_fund_since": "16-Mar-22",
                "name": "Vikram Pamnani",
                "qualification": "",
                "total_exp": "14 Years"
            }
        ],
        "load": {
            "entry_load": "",
            "exit_load": "If units of the Scheme are redeemed or switched out within 15 days from the date of allotment  0.25 of the applicable NAV.  If units of the Scheme are redeemed or switched out after 15 days from the date of allotment - Nil For detailed load structure please refer Scheme Information Document."
        },
        "main_scheme_name": "Baroda BNP Paribas Arbitrage Fund",
        "metrics": {
            "alpha": null,
            "arithmetic_mean_ratio": null,
            "average_div_yld": null,
            "average_pb": null,
            "average_pe": null,
            "avg_maturity": "0.76",
            "beta": "0.65",
            "correlation_ratio": null,
            "downside_deviation": null,
            "information_ratio": null,
            "macaulay": "0.54",
            "mod_duration": "0.53",
            "port_turnover_ratio": "17.73",
            "r_squared_ratio": null,
            "roe_ratio": null,
            "sharpe": null,
            "sortino_ratio": null,
            "std_dev": "0.59",
            "tracking_error": null,
            "treynor_ratio": null,
            "upside_deviation": null,
            "ytm": "6.89"
        },
        "min_addl_amt": "",
        "min_addl_amt_multiple": "",
        "min_amt": "",
        "min_amt_multiple": "",
        "monthly_aaum_date": "31-03-2025",
        "monthly_aaum_value": "\u20b9 1,115.31",
        "mutual_fund_name": "Baroda BNP Paribas Mutual Fund",
        "page_number": [
            29
        ],
        "scheme_launch_date": "December 28, 2016"
    },
    "Baroda BNP Paribas Retirement Fund": {
        "amc_name": "Baroda BNP Paribas Asset Management India Private Limited",
        "benchmark_index": "(Tier 1) CRISIL Hybrid 3565 Aggressive Index",
        "fund_manager": [
            {
                "managing_fund_since": "28-May-24",
                "name": "Pratish Krishnan",
                "qualification": "",
                "total_exp": "23 Years"
            },
            {
                "managing_fund_since": "01-Jan-25",
                "name": "Ankeet Pandya",
                "qualification": "",
                "total_exp": "11 Years"
            },
            {
                "managing_fund_since": "21-Oct-24",
                "name": "Gurvinder Singh",
                "qualification": "",
                "total_exp": "21 Years"
            }
        ],
        "load": {
            "entry_load": "",
            "exit_load": "No Exit Load shall be imposed for switching between Investment Plan(s) and PlansOptions within the Investment Plan(s), subject to completion of lock-in period For detailed load structure please refer Scheme Information Document."
        },
        "main_scheme_name": "Baroda BNP Paribas Retirement Fund",
        "metrics": {
            "alpha": null,
            "arithmetic_mean_ratio": null,
            "average_div_yld": null,
            "average_pb": null,
            "average_pe": null,
            "avg_maturity": "26.38",
            "beta": null,
            "correlation_ratio": null,
            "downside_deviation": null,
            "information_ratio": null,
            "macaulay": "9.73",
            "mod_duration": "9.39",
            "port_turnover_ratio": "0.81",
            "r_squared_ratio": null,
            "roe_ratio": null,
            "sharpe": null,
            "sortino_ratio": null,
            "std_dev": null,
            "tracking_error": null,
            "treynor_ratio": null,
            "upside_deviation": null,
            "ytm": "7.09"
        },
        "min_addl_amt": "",
        "min_addl_amt_multiple": "",
        "min_amt": "",
        "min_amt_multiple": "",
        "monthly_aaum_date": "31-03-2025",
        "monthly_aaum_value": "\u20b9 343.36",
        "mutual_fund_name": "Baroda BNP Paribas Mutual Fund",
        "page_number": [
            30
        ],
        "scheme_launch_date": "May 28, 2024"
    },
    "Baroda BNP Paribas Childrens Fund": {
        "amc_name": "Baroda BNP Paribas Asset Management India Private Limited",
        "benchmark_index": "(AMFI Tier 1) Nifty 500 TRI",
        "fund_manager": [
            {
                "managing_fund_since": "27-Dec-24",
                "name": "Pratish Krishnan",
                "qualification": "",
                "total_exp": "23 Years"
            },
            {
                "managing_fund_since": "01-Jan-25",
                "name": "Ankeet Pandya",
                "qualification": "",
                "total_exp": "11 Years"
            }
        ],
        "load": {
            "entry_load": "",
            "exit_load": "If units of the Scheme are redeemed or switched out within 1 year from the date of allotment  1 of the applicable NAV.  If units of the Scheme are redeemed or switched out after 1 year from the date of allotment - Nil For detailed load structure please refer Scheme Information Document."
        },
        "main_scheme_name": "Baroda BNP Paribas Childrens Fund",
        "metrics": {
            "alpha": null,
            "arithmetic_mean_ratio": null,
            "average_div_yld": null,
            "average_pb": null,
            "average_pe": null,
            "avg_maturity": null,
            "beta": null,
            "correlation_ratio": null,
            "downside_deviation": null,
            "information_ratio": null,
            "macaulay": null,
            "mod_duration": null,
            "port_turnover_ratio": "0.48",
            "r_squared_ratio": null,
            "roe_ratio": "14.86",
            "sharpe": null,
            "sortino_ratio": null,
            "std_dev": null,
            "tracking_error": null,
            "treynor_ratio": null,
            "upside_deviation": null,
            "ytm": null
        },
        "min_addl_amt": "\u20b9 1,000",
        "min_addl_amt_multiple": "\u20b9 1",
        "min_amt": "\u20b9 1,000",
        "min_amt_multiple": "\u20b9 1",
        "monthly_aaum_date": "31-03-2025",
        "monthly_aaum_value": "\u20b9 72.76",
        "mutual_fund_name": "Baroda BNP Paribas Mutual Fund",
        "page_number": [
            31
        ],
        "scheme_launch_date": "December 27, 2024"
    },
    "Baroda BNP Paribas Liquid Fund": {
        "amc_name": "Baroda BNP Paribas Asset Management India Private Limited",
        "benchmark_index": "(AMFI Tier 1) CRISIL Liquid Debt A-I Index",
        "fund_manager": [
            {
                "managing_fund_since": "14-Mar-22",
                "name": "Vikram Pamnani",
                "qualification": "",
                "total_exp": "14 Years"
            },
            {
                "managing_fund_since": "21-Oct-24",
                "name": "Gurvinder Singh",
                "qualification": "",
                "total_exp": "21 Years"
            }
        ],
        "load": {
            "entry_load": "",
            "exit_load": "Investor exit upon subscribtion - exit load as  of redemption proceeds Day 1-0.0070 Day 2-0.0065 Day 3-0.0060 Day 4-0.0055 Day 5-0.0050 Day 6-0.0045 Day 7 Onwards-0.0000 For detailed load structure please refer Scheme Information Document of the scheme."
        },
        "main_scheme_name": "Baroda BNP Paribas Liquid Fund",
        "metrics": {
            "alpha": null,
            "arithmetic_mean_ratio": null,
            "average_div_yld": null,
            "average_pb": null,
            "average_pe": null,
            "avg_maturity": null,
            "beta": null,
            "correlation_ratio": null,
            "downside_deviation": null,
            "information_ratio": null,
            "macaulay": null,
            "mod_duration": null,
            "port_turnover_ratio": null,
            "r_squared_ratio": null,
            "roe_ratio": null,
            "sharpe": null,
            "sortino_ratio": null,
            "std_dev": null,
            "tracking_error": null,
            "treynor_ratio": null,
            "upside_deviation": null,
            "ytm": "7.10"
        },
        "min_addl_amt": "\u20b9 1,000",
        "min_addl_amt_multiple": "\u20b9 1",
        "min_amt": "\u20b9 5,000",
        "min_amt_multiple": "\u20b9 1",
        "monthly_aaum_date": "31-03-2025",
        "monthly_aaum_value": "\u20b9 10,728.48",
        "mutual_fund_name": "Baroda BNP Paribas Mutual Fund",
        "page_number": [
            32
        ],
        "scheme_launch_date": "February 21, 2002"
    },
    "Baroda BNP Paribas Overnight Fund": {
        "amc_name": "Baroda BNP Paribas Asset Management India Private Limited",
        "benchmark_index": "(AMFI Tier 1) CRISIL Liquid Overnight Index",
        "fund_manager": [
            {
                "managing_fund_since": "14-Mar-22",
                "name": "Vikram Pamnani",
                "qualification": "",
                "total_exp": "14 Years"
            },
            {
                "managing_fund_since": "21-Oct-24",
                "name": "Gurvinder Singh",
                "qualification": "",
                "total_exp": "21 Years"
            }
        ],
        "load": {
            "entry_load": "",
            "exit_load": "Nil. For detailed load structure please refer Scheme Information Document of the scheme."
        },
        "main_scheme_name": "Baroda BNP Paribas Overnight Fund",
        "metrics": {
            "alpha": null,
            "arithmetic_mean_ratio": null,
            "average_div_yld": null,
            "average_pb": null,
            "average_pe": null,
            "avg_maturity": null,
            "beta": null,
            "correlation_ratio": null,
            "downside_deviation": null,
            "information_ratio": null,
            "macaulay": null,
            "mod_duration": null,
            "port_turnover_ratio": null,
            "r_squared_ratio": null,
            "roe_ratio": null,
            "sharpe": null,
            "sortino_ratio": null,
            "std_dev": null,
            "tracking_error": null,
            "treynor_ratio": null,
            "upside_deviation": null,
            "ytm": "7.20"
        },
        "min_addl_amt": "\u20b9 1,000",
        "min_addl_amt_multiple": "\u20b9 1",
        "min_amt": "\u20b9 5,000",
        "min_amt_multiple": "\u20b9 1",
        "monthly_aaum_date": "31-03-2025",
        "monthly_aaum_value": "\u20b9 858.56",
        "mutual_fund_name": "Baroda BNP Paribas Mutual Fund",
        "page_number": [
            33
        ],
        "scheme_launch_date": "April 25, 2019"
    },
    "Baroda BNP Paribas Short Duration Fund": {
        "amc_name": "Baroda BNP Paribas Asset Management India Private Limited",
        "benchmark_index": "(Tier 1) CRISIL Short Duration Debt A-II Index",
        "fund_manager": [
            {
                "managing_fund_since": "21-Oct-24",
                "name": "Gurvinder Singh",
                "qualification": "",
                "total_exp": "21 Years"
            },
            {
                "managing_fund_since": "14-Mar-22",
                "name": "Vikram Pamnani",
                "qualification": "",
                "total_exp": "14 Years"
            }
        ],
        "load": {
            "entry_load": "",
            "exit_load": "Nil. For detailed load structure please refer Scheme Information Document of the scheme."
        },
        "main_scheme_name": "Baroda BNP Paribas Short Duration Fund",
        "metrics": {
            "alpha": null,
            "arithmetic_mean_ratio": null,
            "average_div_yld": null,
            "average_pb": null,
            "average_pe": null,
            "avg_maturity": "3.29",
            "beta": null,
            "correlation_ratio": null,
            "downside_deviation": null,
            "information_ratio": null,
            "macaulay": "2.86",
            "mod_duration": "2.70",
            "port_turnover_ratio": null,
            "r_squared_ratio": null,
            "roe_ratio": null,
            "sharpe": null,
            "sortino_ratio": null,
            "std_dev": null,
            "tracking_error": null,
            "treynor_ratio": null,
            "upside_deviation": null,
            "ytm": "7.35"
        },
        "min_addl_amt": "",
        "min_addl_amt_multiple": "",
        "min_amt": "",
        "min_amt_multiple": "",
        "monthly_aaum_date": "31-03-2025",
        "monthly_aaum_value": "\u20b9 210.65",
        "mutual_fund_name": "Baroda BNP Paribas Mutual Fund",
        "page_number": [
            38
        ],
        "scheme_launch_date": "June 30, 2010"
    },
    "Baroda BNP Paribas Low Duration Fund": {
        "amc_name": "Baroda BNP Paribas Asset Management India Private Limited",
        "benchmark_index": "(AMFI Tier 1) CRISIL Low Duration Debt A-I Index",
        "fund_manager": [
            {
                "managing_fund_since": "27-Dec-17",
                "name": "Vikram Pamnani",
                "qualification": "",
                "total_exp": "14 Years"
            },
            {
                "managing_fund_since": "21-Oct-24",
                "name": "Gurvinder Singh",
                "qualification": "",
                "total_exp": "21 Years"
            }
        ],
        "load": {
            "entry_load": "",
            "exit_load": "Nil. For detailed load structure please refer Scheme Information Document of the scheme."
        },
        "main_scheme_name": "Baroda BNP Paribas Low Duration Fund",
        "metrics": {
            "alpha": null,
            "arithmetic_mean_ratio": null,
            "average_div_yld": null,
            "average_pb": null,
            "average_pe": null,
            "avg_maturity": "0.98",
            "beta": null,
            "correlation_ratio": null,
            "downside_deviation": null,
            "information_ratio": null,
            "macaulay": "0.93",
            "mod_duration": "0.88",
            "port_turnover_ratio": null,
            "r_squared_ratio": null,
            "roe_ratio": null,
            "sharpe": null,
            "sortino_ratio": null,
            "std_dev": null,
            "tracking_error": null,
            "treynor_ratio": null,
            "upside_deviation": null,
            "ytm": "7.41"
        },
        "min_addl_amt": "\u20b9 1,000",
        "min_addl_amt_multiple": "\u20b9 1",
        "min_amt": "\u20b9 5,000",
        "min_amt_multiple": "\u20b9 1",
        "monthly_aaum_date": "31-03-2025",
        "monthly_aaum_value": "\u20b9 289.95",
        "mutual_fund_name": "Baroda BNP Paribas Mutual Fund",
        "page_number": [
            35
        ],
        "scheme_launch_date": "October 21, 2005"
    },
    "Baroda BNP Paribas Money Market Fund": {
        "amc_name": "Baroda BNP Paribas Asset Management India Private Limited",
        "benchmark_index": "(AMFI Tier 1) CRISIL Money Market A-I Index",
        "fund_manager": [
            {
                "managing_fund_since": "14-Mar-22",
                "name": "Vikram Pamnani",
                "qualification": "",
                "total_exp": "14 Years"
            },
            {
                "managing_fund_since": "21-Oct-24",
                "name": "Gurvinder Singh",
                "qualification": "",
                "total_exp": "21 Years"
            }
        ],
        "load": {
            "entry_load": "",
            "exit_load": "Nil. For detailed load structure please refer Scheme Information Document of the scheme."
        },
        "main_scheme_name": "Baroda BNP Paribas Money Market Fund",
        "metrics": {
            "alpha": null,
            "arithmetic_mean_ratio": null,
            "average_div_yld": null,
            "average_pb": null,
            "average_pe": null,
            "avg_maturity": "0.78",
            "beta": null,
            "correlation_ratio": null,
            "downside_deviation": null,
            "information_ratio": null,
            "macaulay": "0.78",
            "mod_duration": "0.78",
            "port_turnover_ratio": null,
            "r_squared_ratio": null,
            "roe_ratio": null,
            "sharpe": null,
            "sortino_ratio": null,
            "std_dev": null,
            "tracking_error": null,
            "treynor_ratio": null,
            "upside_deviation": null,
            "ytm": "7.28"
        },
        "min_addl_amt": "\u20b9 1,000",
        "min_addl_amt_multiple": "\u20b9 1",
        "min_amt": "\u20b9 5,000",
        "min_amt_multiple": "\u20b9 1",
        "monthly_aaum_date": "31-03-2025",
        "monthly_aaum_value": "\u20b9 1,213.38",
        "mutual_fund_name": "Baroda BNP Paribas Mutual Fund",
        "page_number": [
            36
        ],
        "scheme_launch_date": "June 19, 2019"
    },
    "Baroda BNP Paribas Banking and PSU Bond Fund": {
        "amc_name": "Baroda BNP Paribas Asset Management India Private Limited",
        "benchmark_index": "(AMFI Tier 1) CRISIL Banking and PSU Debt A-II Index",
        "fund_manager": [
            {
                "managing_fund_since": "21-Oct-24",
                "name": "Gurvinder Singh",
                "qualification": "",
                "total_exp": "21 Years"
            },
            {
                "managing_fund_since": "11-Jul-24",
                "name": "Vikram Pamnani",
                "qualification": "",
                "total_exp": "14 Years"
            }
        ],
        "load": {
            "entry_load": "",
            "exit_load": "Nil. For detailed load structure please refer Scheme Information Document of the scheme."
        },
        "main_scheme_name": "Baroda BNP Paribas Banking and PSU Bond Fund",
        "metrics": {
            "alpha": null,
            "arithmetic_mean_ratio": null,
            "average_div_yld": null,
            "average_pb": null,
            "average_pe": null,
            "avg_maturity": "5.01",
            "beta": null,
            "correlation_ratio": null,
            "downside_deviation": null,
            "information_ratio": null,
            "macaulay": "3.92",
            "mod_duration": "3.74",
            "port_turnover_ratio": null,
            "r_squared_ratio": null,
            "roe_ratio": null,
            "sharpe": null,
            "sortino_ratio": null,
            "std_dev": null,
            "tracking_error": null,
            "treynor_ratio": null,
            "upside_deviation": null,
            "ytm": "6.98"
        },
        "min_addl_amt": "\u20b9 1,000",
        "min_addl_amt_multiple": "\u20b9 1",
        "min_amt": "\u20b9 5,000",
        "min_amt_multiple": "\u20b9 1",
        "monthly_aaum_date": "31-03-2025",
        "monthly_aaum_value": "\u20b9 25.35",
        "mutual_fund_name": "Baroda BNP Paribas Mutual Fund",
        "page_number": [
            37
        ],
        "scheme_launch_date": "December 17, 2020"
    },
    "Baroda BNP Paribas Credit Risk Fund": {
        "amc_name": "Baroda BNP Paribas Asset Management India Private Limited",
        "benchmark_index": "(AMFI Tier 1) CRISIL Credit Risk Debt B-II Index",
        "fund_manager": [
            {
                "managing_fund_since": "21-Oct-24",
                "name": "Gurvinder Singh",
                "qualification": "",
                "total_exp": "21 Years"
            },
            {
                "managing_fund_since": "11-Jul-24",
                "name": "Vikram Pamnani",
                "qualification": "",
                "total_exp": "14 Years"
            }
        ],
        "load": {
            "entry_load": "",
            "exit_load": "If units are redeemed upto 10 of the units, on or before one year from the date of allotment Nil 2. If units are redeemed over and above the 10 limit, on or before one year from the date of allotment 1 of the applicable Net Asset Value (NAV) 3. If units are redeemed after one year from the date of allotment Nil For detailed load structure please refer Scheme Information Document of the scheme."
        },
        "main_scheme_name": "Baroda BNP Paribas Credit Risk Fund",
        "metrics": {
            "alpha": null,
            "arithmetic_mean_ratio": null,
            "average_div_yld": null,
            "average_pb": null,
            "average_pe": null,
            "avg_maturity": "3.29",
            "beta": null,
            "correlation_ratio": null,
            "downside_deviation": null,
            "information_ratio": null,
            "macaulay": "2.38",
            "mod_duration": "2.26",
            "port_turnover_ratio": null,
            "r_squared_ratio": null,
            "roe_ratio": null,
            "sharpe": null,
            "sortino_ratio": null,
            "std_dev": null,
            "tracking_error": null,
            "treynor_ratio": null,
            "upside_deviation": null,
            "ytm": "8.14"
        },
        "min_addl_amt": "\u20b9 1,000",
        "min_addl_amt_multiple": "\u20b9 1",
        "min_amt": "\u20b9 5,000",
        "min_amt_multiple": "\u20b9 1",
        "monthly_aaum_date": "31-03-2025",
        "monthly_aaum_value": "\u20b9 175.55",
        "mutual_fund_name": "Baroda BNP Paribas Mutual Fund",
        "page_number": [
            39
        ],
        "scheme_launch_date": "January 23, 2015"
    },
    "Baroda BNP Paribas Corporate Bond Fund": {
        "amc_name": "Baroda BNP Paribas Asset Management India Private Limited",
        "benchmark_index": "(AMFI Tier 1) CRISIL Corporate Debt A-II Index",
        "fund_manager": [
            {
                "managing_fund_since": "21-Oct-24",
                "name": "Gurvinder Singh",
                "qualification": "",
                "total_exp": "21 Years"
            },
            {
                "managing_fund_since": "11-Jul-24",
                "name": "Vikram Pamnani",
                "qualification": "",
                "total_exp": "14 Years"
            }
        ],
        "load": {
            "entry_load": "",
            "exit_load": "Nil. For detailed load structure please refer Scheme Information Document of the scheme."
        },
        "main_scheme_name": "Baroda BNP Paribas Corporate Bond Fund",
        "metrics": {
            "alpha": null,
            "arithmetic_mean_ratio": null,
            "average_div_yld": null,
            "average_pb": null,
            "average_pe": null,
            "avg_maturity": "4.89",
            "beta": null,
            "correlation_ratio": null,
            "downside_deviation": null,
            "information_ratio": null,
            "macaulay": "3.78",
            "mod_duration": "3.57",
            "port_turnover_ratio": null,
            "r_squared_ratio": null,
            "roe_ratio": null,
            "sharpe": null,
            "sortino_ratio": null,
            "std_dev": null,
            "tracking_error": null,
            "treynor_ratio": null,
            "upside_deviation": null,
            "ytm": "7.21"
        },
        "min_addl_amt": "\u20b9 1,000",
        "min_addl_amt_multiple": "\u20b9 1",
        "min_amt": "\u20b9 5,000",
        "min_amt_multiple": "\u20b9 1",
        "monthly_aaum_date": "31-03-2025",
        "monthly_aaum_value": "\u20b9 200.86",
        "mutual_fund_name": "Baroda BNP Paribas Mutual Fund",
        "page_number": [
            40
        ],
        "scheme_launch_date": "November 08, 2008"
    },
    "Baroda BNP Paribas Dynamic Bond Fund": {
        "amc_name": "Baroda BNP Paribas Asset Management India Private Limited",
        "benchmark_index": "(AMFI Tier 1) CRISIL Dynamic Bond A-III Index",
        "fund_manager": [
            {
                "managing_fund_since": "21-Oct-24",
                "name": "Gurvinder Singh",
                "qualification": "",
                "total_exp": "21 Years"
            },
            {
                "managing_fund_since": "11-Jul-24",
                "name": "Prashant Pimple",
                "qualification": "",
                "total_exp": "24 Years"
            }
        ],
        "load": {
            "entry_load": "",
            "exit_load": "Nil. For detailed load structure please refer Scheme Information Document of the scheme."
        },
        "main_scheme_name": "Baroda BNP Paribas Dynamic Bond Fund",
        "metrics": {
            "alpha": null,
            "arithmetic_mean_ratio": null,
            "average_div_yld": null,
            "average_pb": null,
            "average_pe": null,
            "avg_maturity": "17.85",
            "beta": null,
            "correlation_ratio": null,
            "downside_deviation": null,
            "information_ratio": null,
            "macaulay": "8.67",
            "mod_duration": "8.38",
            "port_turnover_ratio": null,
            "r_squared_ratio": null,
            "roe_ratio": null,
            "sharpe": null,
            "sortino_ratio": null,
            "std_dev": null,
            "tracking_error": null,
            "treynor_ratio": null,
            "upside_deviation": null,
            "ytm": "6.69"
        },
        "min_addl_amt": "\u20b9 1,000",
        "min_addl_amt_multiple": "\u20b9 1",
        "min_amt": "\u20b9 5,000",
        "min_amt_multiple": "\u20b9 1",
        "monthly_aaum_date": "31-03-2025",
        "monthly_aaum_value": "\u20b9 175.16",
        "mutual_fund_name": "Baroda BNP Paribas Mutual Fund",
        "page_number": [
            41
        ],
        "scheme_launch_date": "September 23, 2004"
    },
    "Baroda BNP Paribas Gilt Fund": {
        "amc_name": "Baroda BNP Paribas Asset Management India Private Limited",
        "benchmark_index": "(AMFI Tier 1) CRISIL Dynamic Gilt Index",
        "fund_manager": [
            {
                "managing_fund_since": "21-Oct-24",
                "name": "Gurvinder Singh",
                "qualification": "",
                "total_exp": "21 Years"
            },
            {
                "managing_fund_since": "11-Jul-24",
                "name": "Prashant Pimple",
                "qualification": "",
                "total_exp": "24 Years"
            }
        ],
        "load": {
            "entry_load": "",
            "exit_load": "Nil. For detailed load structure please refer Scheme Information Document of the scheme."
        },
        "main_scheme_name": "Baroda BNP Paribas Gilt Fund",
        "metrics": {
            "alpha": null,
            "arithmetic_mean_ratio": null,
            "average_div_yld": null,
            "average_pb": null,
            "average_pe": null,
            "avg_maturity": "11.92",
            "beta": null,
            "correlation_ratio": null,
            "downside_deviation": null,
            "information_ratio": null,
            "macaulay": "7.29",
            "mod_duration": "7.05",
            "port_turnover_ratio": null,
            "r_squared_ratio": null,
            "roe_ratio": null,
            "sharpe": null,
            "sortino_ratio": null,
            "std_dev": null,
            "tracking_error": null,
            "treynor_ratio": null,
            "upside_deviation": null,
            "ytm": "6.76"
        },
        "min_addl_amt": "\u20b9 1,000",
        "min_addl_amt_multiple": "\u20b9 1",
        "min_amt": "\u20b9 5,000",
        "min_amt_multiple": "\u20b9 1",
        "monthly_aaum_date": "31-03-2025",
        "monthly_aaum_value": "\u20b9 1,738.45",
        "mutual_fund_name": "Baroda BNP Paribas Mutual Fund",
        "page_number": [
            42
        ],
        "scheme_launch_date": "March 21, 2002"
    },
    "Baroda BNP Paribas NIFTY SDL December 2026 Index Fund": {
        "amc_name": "Baroda BNP Paribas Asset Management India Private Limited",
        "benchmark_index": "(AMFI Tier 1) NIFTY SDL December 2026 Index",
        "fund_manager": [
            {
                "managing_fund_since": "21-Oct-24",
                "name": "Gurvinder Singh",
                "qualification": "",
                "total_exp": "21 Years"
            },
            {
                "managing_fund_since": "11-Jul-24",
                "name": "Vikram Pamnani",
                "qualification": "",
                "total_exp": "14 Years"
            }
        ],
        "load": {
            "entry_load": "",
            "exit_load": "Nil. For detailed load structure please refer Scheme Information Document of the scheme."
        },
        "main_scheme_name": "Baroda BNP Paribas NIFTY SDL December 2026 Index Fund",
        "metrics": {
            "alpha": null,
            "arithmetic_mean_ratio": null,
            "average_div_yld": null,
            "average_pb": null,
            "average_pe": null,
            "avg_maturity": "1.70",
            "beta": null,
            "correlation_ratio": null,
            "downside_deviation": null,
            "information_ratio": null,
            "macaulay": "1.60",
            "mod_duration": "1.55",
            "port_turnover_ratio": null,
            "r_squared_ratio": null,
            "roe_ratio": null,
            "sharpe": null,
            "sortino_ratio": null,
            "std_dev": null,
            "tracking_error": "0.72",
            "tracking_error_direct": "0.72",
            "treynor_ratio": null,
            "upside_deviation": null,
            "ytm": "6.66"
        },
        "min_addl_amt": "\u20b9 1,000",
        "min_addl_amt_multiple": "\u20b9 1",
        "min_amt": "\u20b9 5,000",
        "min_amt_multiple": "\u20b9 1",
        "monthly_aaum_date": "31-03-2025",
        "monthly_aaum_value": "\u20b9 116.10",
        "mutual_fund_name": "Baroda BNP Paribas Mutual Fund",
        "page_number": [
            43
        ],
        "scheme_launch_date": "January 25, 2023"
    },
    "Baroda BNP Paribas NIFTY SDL December 2028 Index Fund": {
        "amc_name": "Baroda BNP Paribas Asset Management India Private Limited",
        "benchmark_index": "(AMFI Tier 1) NIFTY SDL December 2028 Index",
        "fund_manager": [
            {
                "managing_fund_since": "21-Oct-24",
                "name": "Gurvinder Singh",
                "qualification": "",
                "total_exp": "21 Years"
            },
            {
                "managing_fund_since": "11-Jul-24",
                "name": "Vikram Pamnani",
                "qualification": "",
                "total_exp": "14 Years"
            }
        ],
        "load": {
            "entry_load": "",
            "exit_load": "Nil. For detailed load structure please refer Scheme Information Document of the scheme."
        },
        "main_scheme_name": "Baroda BNP Paribas NIFTY SDL December 2028 Index Fund",
        "metrics": {
            "alpha": null,
            "arithmetic_mean_ratio": null,
            "average_div_yld": null,
            "average_pb": null,
            "average_pe": null,
            "avg_maturity": "3.60",
            "beta": null,
            "correlation_ratio": null,
            "downside_deviation": null,
            "information_ratio": null,
            "macaulay": "3.12",
            "mod_duration": "3.02",
            "port_turnover_ratio": null,
            "r_squared_ratio": null,
            "roe_ratio": null,
            "sharpe": null,
            "sortino_ratio": null,
            "std_dev": null,
            "tracking_error": "1.24",
            "tracking_error_direct": "1.24",
            "treynor_ratio": null,
            "upside_deviation": null,
            "ytm": "6.84"
        },
        "min_addl_amt": "\u20b9 1,000",
        "min_addl_amt_multiple": "\u20b9 1",
        "min_amt": "\u20b9 5,000",
        "min_amt_multiple": "\u20b9 1",
        "monthly_aaum_date": "31-03-2025",
        "monthly_aaum_value": "\u20b9 31.51",
        "mutual_fund_name": "Baroda BNP Paribas Mutual Fund",
        "page_number": [
            44
        ],
        "scheme_launch_date": "March 24, 2023"
    },
    "Baroda BNP Paribas Nifty 50 Index Fund": {
        "amc_name": "Baroda BNP Paribas Asset Management India Private Limited",
        "benchmark_index": "(AMFI Tier 1) Nifty 50 TRI",
        "fund_manager": [
            {
                "managing_fund_since": "29-Jan-24",
                "name": "Neeraj Saxena",
                "qualification": "",
                "total_exp": "20 Years"
            }
        ],
        "load": {
            "entry_load": "",
            "exit_load": "0.2- If redeemed on or before 30 days from the date of allotment. Nil- If redeemed after 30 days from the date of allotment. For detailed load structure please refer Scheme Information Document."
        },
        "main_scheme_name": "Baroda BNP Paribas Nifty 50 Index Fund",
        "metrics": {
            "alpha": null,
            "arithmetic_mean_ratio": null,
            "average_div_yld": null,
            "average_pb": null,
            "average_pe": null,
            "avg_maturity": null,
            "beta": null,
            "correlation_ratio": null,
            "downside_deviation": null,
            "information_ratio": null,
            "macaulay": null,
            "mod_duration": null,
            "port_turnover_ratio": "0.96",
            "r_squared_ratio": null,
            "roe_ratio": null,
            "sharpe": null,
            "sortino_ratio": null,
            "std_dev": null,
            "tracking_error": "0.17",
            "tracking_error_direct": "0.17",
            "treynor_ratio": null,
            "upside_deviation": null,
            "ytm": null
        },
        "min_addl_amt": "\u20b9 1,000",
        "min_addl_amt_multiple": "\u20b9 1",
        "min_amt": "\u20b9 5,000",
        "min_amt_multiple": "\u20b9 1",
        "monthly_aaum_date": "31-03-2025",
        "monthly_aaum_value": "\u20b9 63.29",
        "mutual_fund_name": "Baroda BNP Paribas Mutual Fund",
        "page_number": [
            45
        ],
        "scheme_launch_date": "January 29, 2024"
    },
    "Baroda BNP Paribas Gold ETF": {
        "amc_name": "Baroda BNP Paribas Asset Management India Private Limited",
        "benchmark_index": "(AMFI Tier 1) Domestic Price of Gold",
        "fund_manager": [
            {
                "managing_fund_since": "21-Oct-24",
                "name": "Gurvinder Singh",
                "qualification": "",
                "total_exp": "21 Years"
            },
            {
                "managing_fund_since": "01-Jan-25",
                "name": "Madhav Vyas",
                "qualification": "",
                "total_exp": "9 Years"
            }
        ],
        "load": {
            "entry_load": "",
            "exit_load": "Nil. For detailed load structure please refer Scheme Information Document of the scheme."
        },
        "main_scheme_name": "Baroda BNP Paribas Gold ETF",
        "metrics": {
            "alpha": null,
            "arithmetic_mean_ratio": null,
            "average_div_yld": null,
            "average_pb": null,
            "average_pe": null,
            "avg_maturity": null,
            "beta": null,
            "correlation_ratio": null,
            "downside_deviation": null,
            "information_ratio": null,
            "macaulay": null,
            "mod_duration": null,
            "port_turnover_ratio": null,
            "r_squared_ratio": null,
            "roe_ratio": null,
            "sharpe": null,
            "sortino_ratio": null,
            "std_dev": null,
            "tracking_error": null,
            "treynor_ratio": null,
            "upside_deviation": null,
            "ytm": null
        },
        "min_addl_amt": "",
        "min_addl_amt_multiple": "",
        "min_amt": "",
        "min_amt_multiple": "",
        "monthly_aaum_date": "31-03-2025",
        "monthly_aaum_value": "\u20b9 84.56",
        "mutual_fund_name": "Baroda BNP Paribas Mutual Fund",
        "page_number": [
            46
        ],
        "scheme_launch_date": "December 13, 2023"
    },
    "Baroda BNP Paribas NIFTY BANK ETF": {
        "amc_name": "Baroda BNP Paribas Asset Management India Private Limited",
        "benchmark_index": "(AMFI Tier 1) Nifty Bank TRI",
        "fund_manager": [
            {
                "managing_fund_since": "18-Jun-24",
                "name": "Neeraj Saxena",
                "qualification": "",
                "total_exp": "20 Years"
            }
        ],
        "load": {
            "entry_load": "",
            "exit_load": "Nil. For detailed load structure please refer Scheme Information Document of the scheme."
        },
        "main_scheme_name": "Baroda BNP Paribas NIFTY BANK ETF",
        "metrics": {
            "alpha": null,
            "arithmetic_mean_ratio": null,
            "average_div_yld": null,
            "average_pb": null,
            "average_pe": null,
            "avg_maturity": null,
            "beta": null,
            "correlation_ratio": null,
            "downside_deviation": null,
            "information_ratio": null,
            "macaulay": null,
            "mod_duration": null,
            "port_turnover_ratio": "2.10",
            "r_squared_ratio": null,
            "roe_ratio": null,
            "sharpe": null,
            "sortino_ratio": null,
            "std_dev": null,
            "tracking_error": null,
            "treynor_ratio": null,
            "upside_deviation": null,
            "ytm": null
        },
        "min_addl_amt": "",
        "min_addl_amt_multiple": "",
        "min_amt": "",
        "min_amt_multiple": "",
        "monthly_aaum_date": "31-03-2025",
        "monthly_aaum_value": "\u20b9 3.99",
        "mutual_fund_name": "Baroda BNP Paribas Mutual Fund",
        "page_number": [
            47
        ],
        "scheme_launch_date": "June 18, 2024"
    },
    "Baroda BNP Paribas Nifty200 Momentum 30 Index Fund": {
        "amc_name": "Baroda BNP Paribas Asset Management India Private Limited",
        "benchmark_index": "(AMFI Tier 1) Nifty 200 Momentum 30 TRI",
        "fund_manager": [
            {
                "managing_fund_since": "15-Oct-24",
                "name": "Neeraj Saxena",
                "qualification": "",
                "total_exp": "20 Years"
            }
        ],
        "load": {
            "entry_load": "",
            "exit_load": "0.2- If redeemed on or before 7 days from the date of allotment Nil- If redeemed after 7 days from the date of allotment For detailed load structure please refer Scheme Information Document of the scheme."
        },
        "main_scheme_name": "Baroda BNP Paribas Nifty200 Momentum 30 Index Fund",
        "metrics": {
            "alpha": null,
            "arithmetic_mean_ratio": null,
            "average_div_yld": null,
            "average_pb": null,
            "average_pe": null,
            "avg_maturity": null,
            "beta": null,
            "correlation_ratio": null,
            "downside_deviation": null,
            "information_ratio": null,
            "macaulay": null,
            "mod_duration": null,
            "port_turnover_ratio": "1.32",
            "r_squared_ratio": null,
            "roe_ratio": null,
            "sharpe": null,
            "sortino_ratio": null,
            "std_dev": null,
            "tracking_error": "0.28",
            "tracking_error_direct": "0.27",
            "treynor_ratio": null,
            "upside_deviation": null,
            "ytm": null
        },
        "min_addl_amt": "\u20b9 1,000",
        "min_addl_amt_multiple": "\u20b9 1",
        "min_amt": "\u20b9 1,000",
        "min_amt_multiple": "\u20b9 1",
        "monthly_aaum_date": "31-03-2025",
        "monthly_aaum_value": "\u20b9 22.89",
        "mutual_fund_name": "Baroda BNP Paribas Mutual Fund",
        "page_number": [
            48
        ],
        "scheme_launch_date": "October 15, 2024"
    },
    "Baroda BNP Paribas NIFTY Midcap 150 Index Fund": {
        "amc_name": "Baroda BNP Paribas Asset Management India Private Limited",
        "benchmark_index": "(AMFI Tier 1) Nifty Midcap 150 Total Returns Index",
        "fund_manager": [
            {
                "managing_fund_since": "04-Nov-24",
                "name": "Neeraj Saxena",
                "qualification": "",
                "total_exp": "20 Years"
            }
        ],
        "load": {
            "entry_load": "",
            "exit_load": "0.2- If redeemed on or before 7 days from the date of allotment. Nil- If redeemed after 7 days from the date of allotment. For detailed load structure please refer Scheme Information Document of the scheme."
        },
        "main_scheme_name": "Baroda BNP Paribas NIFTY Midcap 150 Index Fund",
        "metrics": {
            "alpha": null,
            "arithmetic_mean_ratio": null,
            "average_div_yld": null,
            "average_pb": null,
            "average_pe": null,
            "avg_maturity": null,
            "beta": null,
            "correlation_ratio": null,
            "downside_deviation": null,
            "information_ratio": null,
            "macaulay": null,
            "mod_duration": null,
            "port_turnover_ratio": "0.59",
            "r_squared_ratio": null,
            "roe_ratio": null,
            "sharpe": null,
            "sortino_ratio": null,
            "std_dev": null,
            "tracking_error": "0.23",
            "tracking_error_direct": "0.23",
            "treynor_ratio": null,
            "upside_deviation": null,
            "ytm": null
        },
        "min_addl_amt": "\u20b9 1,000",
        "min_addl_amt_multiple": "\u20b9 1",
        "min_amt": "\u20b9 1,000",
        "min_amt_multiple": "\u20b9 1",
        "monthly_aaum_date": "31-03-2025",
        "monthly_aaum_value": "\u20b9 7.84",
        "mutual_fund_name": "Baroda BNP Paribas Mutual Fund",
        "page_number": [
            49
        ],
        "scheme_launch_date": "November 04, 2024"
    }
}