{
    "Unifi Dynamic Asset Allocation Fund": {
        "amc_name": "Unifi Asset Management Limited",
        "benchmark_index": "CRISIL Hybrid 50+50 Moderate Index Additional Benchmark Not Applicable",
        "fund_manager": [
            {
                "managing_fund_since": "",
                "name": "V N Saravanan",
                "qualification": "CIO & Fund Manager",
                "total_exp": ""
            },
            {
                "managing_fund_since": "",
                "name": "Aejas Lakhani",
                "qualification": "Equity Fund Manager",
                "total_exp": ""
            },
            {
                "managing_fund_since": "",
                "name": "Karthik Srinivas",
                "qualification": "Debt Fund Manager",
                "total_exp": ""
            }
        ],
        "load": {
            "entry_load": "Nil",
            "exit_load": "Within 12 months from the date of allotment: Upto 20% of units Nil, In excess of 20% of units 1.5% of applicable NAV; Post 12 months Nil"
        },
        "main_scheme_name": "Unifi Dynamic Asset Allocation Fund",
        "metrics": {
            "alpha": null,
            "arithmetic_mean_ratio": null,
            "average_div_yld": null,
            "average_pb": null,
            "average_pe": null,
            "avg_maturity": "2.50 years",
            "beta": null,
            "correlation_ratio": null,
            "downside_deviation": null,
            "information_ratio": null,
            "macaulay": "2.08 years",
            "mod_duration": "1.97 years",
            "port_turnover_ratio": null,
            "r_squared_ratio": null,
            "roe_ratio": null,
            "sharpe": null,
            "sortino_ratio": null,
            "std_dev": null,
            "tracking_error": null,
            "treynor_ratio": null,
            "upside_deviation": null,
            "ytm": "8.17"
        },
        "min_addl_amt": "\u20b9 1,000",
        "min_addl_amt_multiple": "",
        "min_amt": "\u20b9 5,000",
        "min_amt_multiple": "",
        "monthly_aaum_date": "2025-03-31",
        "monthly_aaum_value": "\u20b9 320.10 Crores",
        "mutual_fund_name": "Unifi Mutual Fund",
        "page_number": [1],
        "scheme_launch_date": "March 13, 2025"
    }
}
