{
    "Mahindra Manulife ELSS Tax Saver Fund": {
        "amc_name": "Mahindra Manulife Investment Management Private Limited",
        "benchmark_index": "Nifty 500 TRI",
        "fund_manager": [
            {
                "managing_fund_since": "October 16, 2020",
                "name": "Fatema Pacha",
                "qualification": "4 Years And 5 Months",
                "total_exp": "18 Years"
            },
            {
                "managing_fund_since": "December 21, 2020",
                "name": "Manish Lodha",
                "qualification": "4 Years And 3 Months",
                "total_exp": "23 Years"
            }
        ],
        "load": {
            "entry_load": "N.A.",
            "exit_load": "Nil NAV as on March 28, 2025 Regular Plan Direct Plan NAV/Unit (In Rs.) (In Rs.) IDCW 17.0955 20.8462 Growth 26.3859 30.8015"
        },
        "main_scheme_name": "Mahindra Manulife ELSS Tax Saver Fund",
        "metrics": {
            "alpha": "-0.0876",
            "arithmetic_mean_ratio": null,
            "average_div_yld": null,
            "average_pb": null,
            "average_pe": null,
            "avg_maturity": null,
            "beta": "0.89",
            "correlation_ratio": null,
            "downside_deviation": null,
            "information_ratio": null,
            "macaulay": null,
            "mod_duration": null,
            "port_turnover_ratio": "0.78",
            "r_squared_ratio": null,
            "roe_ratio": null,
            "sharpe": "0.38",
            "sortino_ratio": null,
            "std_dev": "13.90",
            "tracking_error": null,
            "treynor_ratio": null,
            "upside_deviation": null,
            "ytm": null
        },
        "min_addl_amt": "\u20b9 500",
        "min_addl_amt_multiple": "\u20b9 500",
        "min_amt": "\u20b9 500",
        "min_amt_multiple": "\u20b9 500",
        "monthly_aaum_date": "31-03-2025",
        "monthly_aaum_value": "\u20b9 871.18",
        "mutual_fund_name": "Mahindra Manulife Mutual Fund",
        "page_number": [
            8
        ],
        "scheme_launch_date": "October 18, 2016"
    },
    "Mahindra Manulife Multi Cap Fund": {
        "amc_name": "Mahindra Manulife Investment Management Private Limited",
        "benchmark_index": "Nifty 500 Multicap 502525 TRI",
        "fund_manager": [
            {
                "managing_fund_since": "December 21, 2020",
                "name": "Manish Lodha",
                "qualification": "4 Years And 3 Months",
                "total_exp": "23 Years"
            },
            {
                "managing_fund_since": "October 16, 2020",
                "name": "Fatema Pacha",
                "qualification": "4 Years And 5 Months",
                "total_exp": "18 Years"
            }
        ],
        "load": {
            "entry_load": "N.A.",
            "exit_load": "An Exit Load of 1 is payable if Units are redeemed / switched-out upto 3 months from the date of allotment  Nil if Units are redeemed / switched-out after 3 months from the date of allotment. NAV as on March 28, 2025 Regular Plan Direct Plan NAV/Unit (In Rs.) (In Rs.) IDCW 23.1722 27.7777 Growth 31.9278 36.8913"
        },
        "main_scheme_name": "Mahindra Manulife Multi Cap Fund",
        "metrics": {
            "alpha": "0.0135",
            "arithmetic_mean_ratio": null,
            "average_div_yld": null,
            "average_pb": null,
            "average_pe": null,
            "avg_maturity": null,
            "beta": "0.95",
            "correlation_ratio": null,
            "downside_deviation": null,
            "information_ratio": null,
            "macaulay": null,
            "mod_duration": null,
            "port_turnover_ratio": "1.24",
            "r_squared_ratio": null,
            "roe_ratio": null,
            "sharpe": "0.54",
            "sortino_ratio": null,
            "std_dev": "16.07",
            "tracking_error": null,
            "treynor_ratio": null,
            "upside_deviation": null,
            "ytm": null
        },
        "min_addl_amt": "\u20b9 1,000",
        "min_addl_amt_multiple": "\u20b9 1",
        "min_amt": "\u20b9 1,000",
        "min_amt_multiple": "\u20b9 1",
        "monthly_aaum_date": "31-03-2025",
        "monthly_aaum_value": "\u20b9 4,669.31",
        "mutual_fund_name": "Mahindra Manulife Mutual Fund",
        "page_number": [
            9
        ],
        "scheme_launch_date": "May 11, 2017"
    },
    "Mahindra Manulife Mid Cap Fund": {
        "amc_name": "Mahindra Manulife Investment Management Private Limited",
        "benchmark_index": "Nifty Midcap 150 TRI",
        "fund_manager": [
            {
                "managing_fund_since": "December 03, 2024.",
                "name": "Kirti Dalvi",
                "qualification": "4 Months",
                "total_exp": "18 Years"
            },
            {
                "managing_fund_since": "December 21, 2020",
                "name": "Krishna Sanghavi",
                "qualification": "5 Month S (Managing Since October 24, 2024) Fund Manager  Mr. Manish Lodha Total Experience 23 Years Experience In Managing This Fund 4 Years And 3 Months",
                "total_exp": "27 Years"
            }
        ],
        "load": {
            "entry_load": "N.A.",
            "exit_load": "An Exit Load of 1 is payable if Units are redeemed / switched-out upto 3 months from the date of allotment  Nil if Units are redeemed / switched-out after 3 months from the date of allotment. NAV as on March 28, 2025 Regular Plan Direct Plan NAV/Unit (In Rs.) (In Rs.) IDCW 23.6033 27.2401 Growth 30.2637 34.1008"
        },
        "main_scheme_name": "Mahindra Manulife Mid Cap Fund",
        "metrics": {
            "alpha": "0.0092",
            "arithmetic_mean_ratio": null,
            "average_div_yld": null,
            "average_pb": null,
            "average_pe": null,
            "avg_maturity": null,
            "beta": "0.95",
            "correlation_ratio": null,
            "downside_deviation": null,
            "information_ratio": null,
            "macaulay": null,
            "mod_duration": null,
            "port_turnover_ratio": "0.62",
            "r_squared_ratio": null,
            "roe_ratio": null,
            "sharpe": "0.75",
            "sortino_ratio": null,
            "std_dev": "17.08",
            "tracking_error": null,
            "treynor_ratio": null,
            "upside_deviation": null,
            "ytm": null
        },
        "min_addl_amt": "\u20b9 1,000",
        "min_addl_amt_multiple": "\u20b9 1",
        "min_amt": "\u20b9 1,000",
        "min_amt_multiple": "\u20b9 1",
        "monthly_aaum_date": "31-03-2025",
        "monthly_aaum_value": "\u20b9 3,267.08",
        "mutual_fund_name": "Mahindra Manulife Mutual Fund",
        "page_number": [
            10
        ],
        "scheme_launch_date": "January 30, 2018"
    },
    "Mahindra Manulife Consumption Fund": {
        "amc_name": "Mahindra Manulife Investment Management Private Limited",
        "benchmark_index": "Nifty India Consumption TRI",
        "fund_manager": [
            {
                "managing_fund_since": "October 24, 2024",
                "name": "Navin Matta",
                "qualification": "5 Months",
                "total_exp": "19 Years"
            },
            {
                "managing_fund_since": "December 21, 2020",
                "name": "Fatema Pacha",
                "qualification": "4 Years And 3 Months",
                "total_exp": "18 Years"
            }
        ],
        "load": {
            "entry_load": "N.A.",
            "exit_load": "An Exit Load of 1 is payable if Units are redeemed / switched-out upto 3 months from the date of allotment  Nil if Units are redeemed / switched-out after 3 months from the date of allotment. NAV as on March 28, 2025 Regular Plan Direct Plan NAV/Unit (In Rs.) (In Rs.) IDCW 15.5763 17.8011 Growth 20.6639 23.0397"
        },
        "main_scheme_name": "Mahindra Manulife Consumption Fund",
        "metrics": {
            "alpha": "-0.1087",
            "arithmetic_mean_ratio": null,
            "average_div_yld": null,
            "average_pb": null,
            "average_pe": null,
            "avg_maturity": null,
            "beta": "0.87",
            "correlation_ratio": null,
            "downside_deviation": null,
            "information_ratio": null,
            "macaulay": null,
            "mod_duration": null,
            "port_turnover_ratio": "0.27",
            "r_squared_ratio": null,
            "roe_ratio": null,
            "sharpe": "0.52",
            "sortino_ratio": null,
            "std_dev": "14.97",
            "tracking_error": null,
            "treynor_ratio": null,
            "upside_deviation": null,
            "ytm": null
        },
        "min_addl_amt": "\u20b9 1,000",
        "min_addl_amt_multiple": "\u20b9 1",
        "min_amt": "\u20b9 1,000",
        "min_amt_multiple": "\u20b9 1",
        "monthly_aaum_date": "31-03-2025",
        "monthly_aaum_value": "\u20b9 432.88",
        "mutual_fund_name": "Mahindra Manulife Mutual Fund",
        "page_number": [
            11
        ],
        "scheme_launch_date": "November 13, 2018"
    },
    "Mahindra Manulife Large Cap Fund": {
        "amc_name": "Mahindra Manulife Investment Management Private Limited",
        "benchmark_index": "Nifty 100 TRI",
        "fund_manager": [
            {
                "managing_fund_since": "December 21, 2020",
                "name": "Fatema Pacha",
                "qualification": "4 Years And 3 Months",
                "total_exp": "18 Years"
            }
        ],
        "load": {
            "entry_load": "N.A.",
            "exit_load": "An Exit Load of 1 is payable if Units are redeemed / switched-out upto 3 months from the date of allotment  Nil if Units are redeemed / switched-out after 3 months from the date of allotment. NAV as on March 28, 2025 Regular Plan Direct Plan NAV/Unit (In Rs.) (In Rs.) IDCW 15.9432 18.3179 Growth 21.6799 24.1992"
        },
        "main_scheme_name": "Mahindra Manulife Large Cap Fund",
        "metrics": {
            "alpha": "0.0110",
            "arithmetic_mean_ratio": null,
            "average_div_yld": null,
            "average_pb": null,
            "average_pe": null,
            "avg_maturity": null,
            "beta": "0.89",
            "correlation_ratio": null,
            "downside_deviation": null,
            "information_ratio": null,
            "macaulay": null,
            "mod_duration": null,
            "port_turnover_ratio": "0.70",
            "r_squared_ratio": null,
            "roe_ratio": null,
            "sharpe": "0.37",
            "sortino_ratio": null,
            "std_dev": "13.29",
            "tracking_error": null,
            "treynor_ratio": null,
            "upside_deviation": null,
            "ytm": null
        },
        "min_addl_amt": "\u20b9 1,000",
        "min_addl_amt_multiple": "\u20b9 1",
        "min_amt": "\u20b9 1,000",
        "min_amt_multiple": "\u20b9 1",
        "monthly_aaum_date": "31-03-2025",
        "monthly_aaum_value": "\u20b9 587.57",
        "mutual_fund_name": "Mahindra Manulife Mutual Fund",
        "page_number": [
            12
        ],
        "scheme_launch_date": "March 15, 2019"
    },
    "Mahindra Manulife Large & Mid Cap Fund": {
        "amc_name": "Mahindra Manulife Investment Management Private Limited",
        "benchmark_index": "NIFTY Large Midcap 250 TRI",
        "fund_manager": [
            {
                "managing_fund_since": "December 21, 2020",
                "name": "Manish Lodha",
                "qualification": "4 Years And 3 Months",
                "total_exp": "23 Years"
            }
        ],
        "load": {
            "entry_load": "N.A.",
            "exit_load": "An Exit Load of 1 is payable if Units are redeemed / switched-out upto 3 months from the date of allotment  Nil if Units are redeemed / switched-out after 3 months from the date of allotment. NAV as on March 28, 2025 Regular Plan Direct Plan NAV/Unit (In Rs.) (In Rs.) IDCW 18.6872 20.8860 Growth 24.5062 26.8814"
        },
        "main_scheme_name": "Mahindra Manulife Large & Mid Cap Fund",
        "metrics": {
            "alpha": "-0.2239",
            "arithmetic_mean_ratio": null,
            "average_div_yld": null,
            "average_pb": null,
            "average_pe": null,
            "avg_maturity": null,
            "beta": "0.92",
            "correlation_ratio": null,
            "downside_deviation": null,
            "information_ratio": null,
            "macaulay": null,
            "mod_duration": null,
            "port_turnover_ratio": "1.41",
            "r_squared_ratio": null,
            "roe_ratio": null,
            "sharpe": "0.40",
            "sortino_ratio": null,
            "std_dev": "14.91",
            "tracking_error": null,
            "treynor_ratio": null,
            "upside_deviation": null,
            "ytm": null
        },
        "min_addl_amt": "",
        "min_addl_amt_multiple": "",
        "min_amt": "\u20b9 1,000",
        "min_amt_multiple": "\u20b9 1",
        "monthly_aaum_date": "31-03-2025",
        "monthly_aaum_value": "\u20b9 2,325.72",
        "mutual_fund_name": "Mahindra Manulife Mutual Fund",
        "page_number": [
            13
        ],
        "scheme_launch_date": "December 30, 2019"
    },
    "Mahindra Manulife Focused Fund": {
        "amc_name": "Mahindra Manulife Investment Management Private Limited",
        "benchmark_index": "Nifty 500 TRI",
        "fund_manager": [
            {
                "managing_fund_since": "November 17, 2020",
                "name": "Krishna Sanghavi",
                "qualification": "4 Years And 4 Months",
                "total_exp": "27 Years"
            },
            {
                "managing_fund_since": "December 21, 2020",
                "name": "Fatema Pacha",
                "qualification": "4 Years And 3 Months",
                "total_exp": "18 Years"
            }
        ],
        "load": {
            "entry_load": "N.A.",
            "exit_load": "An Exit Load of 1 is payable if Units are redeemed / switched-out upto 3 months from the date of allotment  Nil if Units are redeemed / switched-out after 3 months from the date of allotment. NAV as on March 28, 2025 Regular Plan Direct Plan NAV/Unit (In Rs.) (In Rs.) IDCW 18.0548 19.9295 Growth 25.0243 27.1982"
        },
        "main_scheme_name": "Mahindra Manulife Focused Fund",
        "metrics": {
            "alpha": "0.3346",
            "arithmetic_mean_ratio": null,
            "average_div_yld": null,
            "average_pb": null,
            "average_pe": null,
            "avg_maturity": null,
            "beta": "0.88",
            "correlation_ratio": null,
            "downside_deviation": null,
            "information_ratio": null,
            "macaulay": null,
            "mod_duration": null,
            "port_turnover_ratio": "0.33",
            "r_squared_ratio": null,
            "roe_ratio": null,
            "sharpe": "0.73",
            "sortino_ratio": null,
            "std_dev": "14.13",
            "tracking_error": null,
            "treynor_ratio": null,
            "upside_deviation": null,
            "ytm": null
        },
        "min_addl_amt": "",
        "min_addl_amt_multiple": "",
        "min_amt": "\u20b9 1,000",
        "min_amt_multiple": "\u20b9 1",
        "monthly_aaum_date": "31-03-2025",
        "monthly_aaum_value": "\u20b9 1,971.36",
        "mutual_fund_name": "Mahindra Manulife Mutual Fund",
        "page_number": [
            14
        ],
        "scheme_launch_date": "November 17, 2020"
    },
    "Mahindra Manulife Flexi Cap Fund": {
        "amc_name": "Mahindra Manulife Investment Management Private Limited",
        "benchmark_index": "Nifty 500 TRI",
        "fund_manager": [
            {
                "managing_fund_since": "August 23, 2021",
                "name": "Fatema Pacha",
                "qualification": "3 Years And 7 Months",
                "total_exp": "18 Years"
            },
            {
                "managing_fund_since": "August 23, 2021",
                "name": "Manish Lodha",
                "qualification": "3 Years And 7 Months",
                "total_exp": "23 Years"
            }
        ],
        "load": {
            "entry_load": "N.A.",
            "exit_load": "An Exit Load of 1 is payable if Units are redeemed / switched-out upto 3 months from the date of allotment  Nil if Units are redeemed / switched-out after 3 months from the date of allotment. Redemption /Switch-Out of Units would be done on First in First out Basis (FIFO). NAV as on March 28, 2025 Regular Plan Direct Plan NAV/Unit (In Rs.) (In Rs.) IDCW 12.8262 13.8409 Growth 14.9637 15.9982"
        },
        "main_scheme_name": "Mahindra Manulife Flexi Cap Fund",
        "metrics": {
            "alpha": "0.0263",
            "arithmetic_mean_ratio": null,
            "average_div_yld": null,
            "average_pb": null,
            "average_pe": null,
            "avg_maturity": null,
            "beta": "0.91",
            "correlation_ratio": null,
            "downside_deviation": null,
            "information_ratio": null,
            "macaulay": null,
            "mod_duration": null,
            "port_turnover_ratio": "0.80",
            "r_squared_ratio": null,
            "roe_ratio": null,
            "sharpe": "0.48",
            "sortino_ratio": null,
            "std_dev": "14.15",
            "tracking_error": null,
            "treynor_ratio": null,
            "upside_deviation": null,
            "ytm": null
        },
        "min_addl_amt": "\u20b9 1,000",
        "min_addl_amt_multiple": "\u20b9 1",
        "min_amt": "\u20b9 1,000",
        "min_amt_multiple": "\u20b9 1",
        "monthly_aaum_date": "31-03-2025",
        "monthly_aaum_value": "\u20b9 1,361.64",
        "mutual_fund_name": "Mahindra Manulife Mutual Fund",
        "page_number": [
            15
        ],
        "scheme_launch_date": "August 23, 2021"
    },
    "Mahindra Manulife Small Cap Fund": {
        "amc_name": "Mahindra Manulife Investment Management Private Limited",
        "benchmark_index": "BSE 250 Small Cap TRI",
        "fund_manager": [
            {
                "managing_fund_since": "December 23, 2024",
                "name": "Vishal Jajoo",
                "qualification": "3 Months",
                "total_exp": "17 Years"
            },
            {
                "managing_fund_since": "October 24, 2024",
                "name": "Krishna Sanghavi",
                "qualification": "5 Months",
                "total_exp": "27 Years"
            },
            {
                "managing_fund_since": "December 12, 2022",
                "name": "Manish Lodha",
                "qualification": "2 Years And 3 Months",
                "total_exp": "23 Years"
            }
        ],
        "load": {
            "entry_load": "N.A.",
            "exit_load": "An Exit Load of 1 is payable if Units are redeemed / switched-out upto 3 months from the date of allotment  Nil if Units are redeemed / switched-out after 3 months from the date of allotment. NAV as on March 28, 2025 Regular Plan Direct Plan NAV/Unit (In Rs.) (In Rs.) IDCW 17.1312 17.7952 Growth 17.1312 17.7953"
        },
        "main_scheme_name": "Mahindra Manulife Small Cap Fund",
        "metrics": {
            "alpha": null,
            "arithmetic_mean_ratio": null,
            "average_div_yld": null,
            "average_pb": null,
            "average_pe": null,
            "avg_maturity": null,
            "beta": null,
            "correlation_ratio": null,
            "downside_deviation": null,
            "information_ratio": null,
            "macaulay": null,
            "mod_duration": null,
            "port_turnover_ratio": "0.99",
            "r_squared_ratio": null,
            "roe_ratio": null,
            "sharpe": null,
            "sortino_ratio": null,
            "std_dev": null,
            "tracking_error": null,
            "treynor_ratio": null,
            "upside_deviation": null,
            "ytm": null
        },
        "min_addl_amt": "\u20b9 1,000",
        "min_addl_amt_multiple": "\u20b9 1",
        "min_amt": "\u20b9 1000",
        "min_amt_multiple": "\u20b9 1",
        "monthly_aaum_date": "31-03-2025",
        "monthly_aaum_value": "\u20b9 3,338.18",
        "mutual_fund_name": "Mahindra Manulife Mutual Fund",
        "page_number": [
            16
        ],
        "scheme_launch_date": "December 12, 2022"
    },
    "Mahindra Manulife Business Cycle Fund": {
        "amc_name": "Mahindra Manulife Investment Management Private Limited",
        "benchmark_index": "NIFTY 500 TRI",
        "fund_manager": [
            {
                "managing_fund_since": "September 11, 2023",
                "name": "Krishna Sanghavi",
                "qualification": "1 Year And 6 Months",
                "total_exp": "27 Years"
            },
            {
                "managing_fund_since": "September 11, 2023",
                "name": "Renjith Sivaram",
                "qualification": "1 Year And 6 Months",
                "total_exp": "14 Years"
            }
        ],
        "load": {
            "entry_load": "N.A.",
            "exit_load": "An Exit Load of 1 is payable if Units are redeemed / switched-out upto 3 months from the date of allotment  Nil if Units are redeemed / switched-out after 3 months from the date of allotment. Redemption /Switch-Out of Units would be done on First in First out Basis (FIFO). NAV as on March 28, 2025 Regular Plan Direct Plan NAV/Unit (In Rs.) (In Rs.) IDCW 12.3678 12.7398 Growth 13.4195 13.7928"
        },
        "main_scheme_name": "Mahindra Manulife Business Cycle Fund",
        "metrics": {
            "alpha": null,
            "arithmetic_mean_ratio": null,
            "average_div_yld": null,
            "average_pb": null,
            "average_pe": null,
            "avg_maturity": null,
            "beta": null,
            "correlation_ratio": null,
            "downside_deviation": null,
            "information_ratio": null,
            "macaulay": null,
            "mod_duration": null,
            "port_turnover_ratio": "0.64",
            "r_squared_ratio": null,
            "roe_ratio": null,
            "sharpe": null,
            "sortino_ratio": null,
            "std_dev": null,
            "tracking_error": null,
            "treynor_ratio": null,
            "upside_deviation": null,
            "ytm": null
        },
        "min_addl_amt": "\u20b9 1,000",
        "min_addl_amt_multiple": "\u20b9 1",
        "min_amt": "\u20b9 1000",
        "min_amt_multiple": "\u20b9 1",
        "monthly_aaum_date": "31-03-2025",
        "monthly_aaum_value": "\u20b9 1,096.51",
        "mutual_fund_name": "Mahindra Manulife Mutual Fund",
        "page_number": [
            17
        ],
        "scheme_launch_date": "September 11, 2023"
    },
    "Mahindra Manulife Manufacturing Fund": {
        "amc_name": "Mahindra Manulife Investment Management Private Limited",
        "benchmark_index": "BSE India Manufacturing TRI",
        "fund_manager": [
            {
                "managing_fund_since": "June 24, 2024",
                "name": "Renjith Sivaram",
                "qualification": "9 Months",
                "total_exp": "14 Years"
            },
            {
                "managing_fund_since": "June 24, 2024",
                "name": "Manish Lodha",
                "qualification": "9 Months",
                "total_exp": "23 Years"
            }
        ],
        "load": {
            "entry_load": "N.A.",
            "exit_load": "An Exit Load of 0.5 is payable if Units are redeemed / switched-out upto 3 months from the date of allotment  Nil - If Units are redeemed / switched-out after completion of 3 months from the date of allotment. Redemption /Switch-Out of Units would be done on First in First Out Basis (FIFO). NAV as on March 28, 2025 Regular Plan Direct Plan NAV/Unit (In Rs.) (In Rs.) IDCW 8.8109 8.9203 Growth 8.8109 8.9203"
        },
        "main_scheme_name": "Mahindra Manulife Manufacturing Fund",
        "metrics": {
            "alpha": null,
            "arithmetic_mean_ratio": null,
            "average_div_yld": null,
            "average_pb": null,
            "average_pe": null,
            "avg_maturity": null,
            "beta": null,
            "correlation_ratio": null,
            "downside_deviation": null,
            "information_ratio": null,
            "macaulay": null,
            "mod_duration": null,
            "port_turnover_ratio": null,
            "r_squared_ratio": null,
            "roe_ratio": null,
            "sharpe": null,
            "sortino_ratio": null,
            "std_dev": null,
            "tracking_error": null,
            "treynor_ratio": null,
            "upside_deviation": null,
            "ytm": null
        },
        "min_addl_amt": "\u20b9 1,000",
        "min_addl_amt_multiple": "\u20b9 1",
        "min_amt": "\u20b9 1,000",
        "min_amt_multiple": "\u20b9 1",
        "monthly_aaum_date": "31-03-2025",
        "monthly_aaum_value": "\u20b9 789.49",
        "mutual_fund_name": "Mahindra Manulife Mutual Fund",
        "page_number": [
            18
        ],
        "scheme_launch_date": "June 24, 2024"
    },
    "Mahindra Manulife Value Fund": {
        "amc_name": "Mahindra Manulife Investment Management Private Limited",
        "benchmark_index": "Nifty 500 TRI",
        "fund_manager": [
            {
                "managing_fund_since": "March 3, 2025",
                "name": "Krishna Sanghavi",
                "qualification": "1 Month",
                "total_exp": "27 Years"
            },
            {
                "managing_fund_since": "March 3, 2025",
                "name": "Vishal Jajoo",
                "qualification": "1 Month",
                "total_exp": "17 Years"
            }
        ],
        "load": {
            "entry_load": "N.A.",
            "exit_load": "(as  of NAV)  An Exit Load of 0.5 is payable if Units are redeemed / switched-out up to 3 months from the date of allotment  Nil if Units are redeemed / switched-out after 3 months from the date of allotment. Redemption /Switch-Out of Units would be done on First in First Out Basis (FIFO). NAV as on March 28, 2025 Regular Plan Direct Plan NAV/Unit (In Rs.) (In Rs.) IDCW 10.4924 10.5068 Growth 10.4924 10.5068"
        },
        "main_scheme_name": "Mahindra Manulife Value Fund",
        "metrics": {
            "alpha": null,
            "arithmetic_mean_ratio": null,
            "average_div_yld": null,
            "average_pb": null,
            "average_pe": null,
            "avg_maturity": null,
            "beta": null,
            "correlation_ratio": null,
            "downside_deviation": null,
            "information_ratio": null,
            "macaulay": null,
            "mod_duration": null,
            "port_turnover_ratio": null,
            "r_squared_ratio": null,
            "roe_ratio": null,
            "sharpe": null,
            "sortino_ratio": null,
            "std_dev": null,
            "tracking_error": null,
            "treynor_ratio": null,
            "upside_deviation": null,
            "ytm": null
        },
        "min_addl_amt": "\u20b9 1,000",
        "min_addl_amt_multiple": "\u20b9 1",
        "min_amt": "\u20b9 1,000",
        "min_amt_multiple": "\u20b9 1",
        "monthly_aaum_date": "31-03-2025",
        "monthly_aaum_value": "\u20b9 230.67",
        "mutual_fund_name": "Mahindra Manulife Mutual Fund",
        "page_number": [
            19
        ],
        "scheme_launch_date": "March 3, 2025"
    },
    "Mahindra Manulife Pacific REITs FOF": {
        "amc_name": "Mahindra Manulife Investment Management Private Limited",
        "benchmark_index": "FTSE EPRA Nareit Asia ex Japan REITs Index",
        "fund_manager": [
            {
                "managing_fund_since": "January 01, 2025",
                "name": "Krishna Sanghavi",
                "qualification": "3 Months",
                "total_exp": "27 Years"
            },
            {
                "managing_fund_since": "October 20, 2021",
                "name": "Amit Garg",
                "qualification": "3 Years And 5 Months",
                "total_exp": "19 Years"
            }
        ],
        "load": {
            "entry_load": "N.A.",
            "exit_load": "10 of the units allotted shall be redeemed without any exit load, on or before completion of 12 months from the date of allotment of Units. Any redemption in excess of the above limit shall be subject to the following exit load   An exit load of 1 is payable if Units are redeemed / switched-out on or before completion of 12 months from the date of allotment of Units  Nil - If Units are redeemed / switched-out after completion of 12 months from the date of allotment of Units. Redemption /Switch-Out of Units would be done on First in First Out Basis (FIFO). NAV as on March 28, 2025 Regular Plan Direct Plan NAV/Unit (In Rs.) (In Rs.) IDCW 8.4158 8.7036 Growth 8.4158 8.7036"
        },
        "main_scheme_name": "Mahindra Manulife Pacific REITs FOF",
        "metrics": {
            "alpha": null,
            "arithmetic_mean_ratio": null,
            "average_div_yld": null,
            "average_pb": null,
            "average_pe": null,
            "avg_maturity": null,
            "beta": null,
            "correlation_ratio": null,
            "downside_deviation": null,
            "information_ratio": null,
            "macaulay": null,
            "mod_duration": null,
            "port_turnover_ratio": null,
            "r_squared_ratio": null,
            "roe_ratio": null,
            "sharpe": null,
            "sortino_ratio": null,
            "std_dev": null,
            "tracking_error": null,
            "treynor_ratio": null,
            "upside_deviation": null,
            "ytm": null
        },
        "min_addl_amt": "\u20b9 1,000",
        "min_addl_amt_multiple": "\u20b9 1",
        "min_amt": "\u20b9 5,000",
        "min_amt_multiple": "\u20b9 1",
        "monthly_aaum_date": "31-03-2025",
        "monthly_aaum_value": "\u20b9 24.42",
        "mutual_fund_name": "Mahindra Manulife Mutual Fund",
        "page_number": [
            20
        ],
        "scheme_launch_date": "October 20, 2021"
    },
    "Mahindra Manulife Equity Savings Fund": {
        "amc_name": "Mahindra Manulife Investment Management Private Limited",
        "benchmark_index": "Nifty Equity Savings TRI",
        "fund_manager": [
            {
                "managing_fund_since": "December 21, 2020",
                "name": "Manish Lodha",
                "qualification": "4 Years And 3 Months",
                "total_exp": "23 Years"
            },
            {
                "managing_fund_since": "July 03, 2023",
                "name": "Renjith Sivaram",
                "qualification": "1 Year And 9 Months",
                "total_exp": "14 Years"
            },
            {
                "managing_fund_since": "February 1, 2017",
                "name": "Rahul Pal",
                "qualification": "8 Years And 2 Months",
                "total_exp": "22 Years"
            }
        ],
        "load": {
            "entry_load": "N.A.",
            "exit_load": "10 of the units allotted shall be redeemed without any exit load, on or before completion of 15 calendar days from the date of allotment of Units. Any redemption in excess of the above limit shall be subject to the following exit load  An exit load of 1 is payable if Units are redeemed / switched-out on or before completion of 15 calendar days from the date of allotment of Units  Nil - If Units are redeemed / switched-out after completion of 15 calendar days from the date of allotment of Units."
        },
        "main_scheme_name": "Mahindra Manulife Equity Savings Fund",
        "metrics": {
            "alpha": "-0.0651",
            "arithmetic_mean_ratio": null,
            "average_div_yld": null,
            "average_pb": null,
            "average_pe": null,
            "avg_maturity": "1.94 Years",
            "beta": "1.09",
            "correlation_ratio": null,
            "downside_deviation": null,
            "information_ratio": null,
            "macaulay": "1.62 Years",
            "mod_duration": "1.56",
            "port_turnover_ratio": "4.69",
            "r_squared_ratio": null,
            "roe_ratio": null,
            "sharpe": "0.13",
            "sortino_ratio": null,
            "std_dev": "5.75",
            "tracking_error": null,
            "treynor_ratio": null,
            "upside_deviation": null,
            "ytm": "6.79"
        },
        "min_addl_amt": "\u20b9 1,000",
        "min_addl_amt_multiple": "\u20b9 1",
        "min_amt": "\u20b9 1,000",
        "min_amt_multiple": "\u20b9 1",
        "monthly_aaum_date": "31-03-2025",
        "monthly_aaum_value": "\u20b9 550.48",
        "mutual_fund_name": "Mahindra Manulife Mutual Fund",
        "page_number": [
            22
        ],
        "scheme_launch_date": "February 1, 2017"
    },
    "Mahindra Manulife Aggressive Hybrid Fund": {
        "amc_name": "Mahindra Manulife Investment Management Private Limited",
        "benchmark_index": "CRISIL Hybrid 3565 Aggressive Index",
        "fund_manager": [
            {
                "managing_fund_since": "October 16, 2020",
                "name": "Fatema Pacha",
                "qualification": "4 Years And 5 Months",
                "total_exp": "18 Years"
            },
            {
                "managing_fund_since": "December 21, 2020",
                "name": "Manish Lodha",
                "qualification": "4 Years And 3 Months",
                "total_exp": "23 Years"
            },
            {
                "managing_fund_since": "July 19, 2019",
                "name": "Rahul Pal",
                "qualification": "5 Years And 8 Months",
                "total_exp": "22 Years"
            },
            {
                "managing_fund_since": "May 02, 2024",
                "name": "Amit Garg",
                "qualification": "11 Months",
                "total_exp": "19 Years"
            }
        ],
        "load": {
            "entry_load": "N.A.",
            "exit_load": "10 of the units allotted shall be redeemed without any exit load, on or before completion of 3 months from the date of allotment of Units. Any redemption in excess of the above limit shall be subject to the following exit load  An exit load of 1 is payable if Units are redeemed / switched-out on or before completion of 3 months from the date of allotment of Units  Nil - If Units are redeemed / switched-out after completion of 3 months from the date of allotment of Units"
        },
        "main_scheme_name": "Mahindra Manulife Aggressive Hybrid Fund",
        "metrics": {
            "alpha": "0.1822",
            "arithmetic_mean_ratio": null,
            "average_div_yld": null,
            "average_pb": null,
            "average_pe": null,
            "avg_maturity": "11.06 years",
            "beta": "1.11",
            "correlation_ratio": null,
            "downside_deviation": null,
            "information_ratio": null,
            "macaulay": "5.44 years",
            "mod_duration": "5.22",
            "port_turnover_ratio": "0.74",
            "r_squared_ratio": null,
            "roe_ratio": null,
            "sharpe": "0.59",
            "sortino_ratio": null,
            "std_dev": "11.61",
            "tracking_error": null,
            "treynor_ratio": null,
            "upside_deviation": null,
            "ytm": "7.43"
        },
        "min_addl_amt": "",
        "min_addl_amt_multiple": "",
        "min_amt": "\u20b9 1,000",
        "min_amt_multiple": "\u20b9 1",
        "monthly_aaum_date": "31-03-2025",
        "monthly_aaum_value": "\u20b9 1,517.88",
        "mutual_fund_name": "Mahindra Manulife Mutual Fund",
        "page_number": [
            23
        ],
        "scheme_launch_date": "July 19, 2019"
    },
    "Mahindra Manulife Balanced Advantage Fund": {
        "amc_name": "Mahindra Manulife Investment Management Private Limited",
        "benchmark_index": "Nifty 50 Hybrid Composite Debt 50 50 Index TRI",
        "fund_manager": [
            {
                "managing_fund_since": "December 30, 2021",
                "name": "Manish Lodha",
                "qualification": "3 Years And 3 Months",
                "total_exp": "23 Years"
            },
            {
                "managing_fund_since": "December 30, 2021",
                "name": "Fatema Pacha",
                "qualification": "3 Years And 3 Months",
                "total_exp": "18 Years"
            },
            {
                "managing_fund_since": "December 30, 2021",
                "name": "Rahul Pal",
                "qualification": "3 Years And 3 Months",
                "total_exp": "22 Years"
            }
        ],
        "load": {
            "entry_load": "N.A.",
            "exit_load": "10 of the units allotted shall be redeemed without any exit load, on or before completion of 3 months from the date of allotment of Units. Any redemption in excess of the above limit shall be subject to the following exit load  An Exit Load of 1 is payable if Units are redeemed / switched-out on or before completion of 3 months from the date of allotment of Units  Nil - If Units are redeemed / switched-out after completion of 3 months from the date of allotment of Units."
        },
        "main_scheme_name": "Mahindra Manulife Balanced Advantage Fund",
        "metrics": {
            "alpha": "0.1122",
            "arithmetic_mean_ratio": null,
            "average_div_yld": null,
            "average_pb": null,
            "average_pe": null,
            "avg_maturity": "6.78 years",
            "beta": "1.02",
            "correlation_ratio": null,
            "downside_deviation": null,
            "information_ratio": null,
            "macaulay": "3.70 years",
            "mod_duration": "3.56",
            "port_turnover_ratio": "3.03",
            "r_squared_ratio": null,
            "roe_ratio": null,
            "sharpe": "0.41",
            "sortino_ratio": null,
            "std_dev": "8.82",
            "tracking_error": null,
            "treynor_ratio": null,
            "upside_deviation": null,
            "ytm": "6.88"
        },
        "min_addl_amt": "\u20b9 1,000",
        "min_addl_amt_multiple": "\u20b9 1",
        "min_amt": "\u20b9 1,000",
        "min_amt_multiple": "\u20b9 1",
        "monthly_aaum_date": "31-03-2025",
        "monthly_aaum_value": "\u20b9 849.45",
        "mutual_fund_name": "Mahindra Manulife Mutual Fund",
        "page_number": [
            24
        ],
        "scheme_launch_date": "December 30, 2021"
    },
    "Mahindra Manulife Multi Asset Allocation Fund": {
        "amc_name": "Mahindra Manulife Investment Management Private Limited",
        "benchmark_index": "NIFTY 500 TRI",
        "fund_manager": [
            {
                "managing_fund_since": "March 13, 2024",
                "name": "Renjith Sivaram",
                "qualification": "1 Year",
                "total_exp": "14 Years"
            },
            {
                "managing_fund_since": "March 13, 2024",
                "name": "Rahul Pal",
                "qualification": "1 Year",
                "total_exp": "22 Years"
            }
        ],
        "load": {
            "entry_load": "N.A.",
            "exit_load": "An Exit Load of 0.5 is payable if Units are redeemed / switched-out up to 3 months from the date of allotment  Nil if Units are redeemed / switched-out after 3 months from the date of allotment. Redemption /Switch-Out of Units would be done on First in First out Basis (FIFO)."
        },
        "main_scheme_name": "Mahindra Manulife Multi Asset Allocation Fund",
        "metrics": {
            "alpha": null,
            "arithmetic_mean_ratio": null,
            "average_div_yld": null,
            "average_pb": null,
            "average_pe": null,
            "avg_maturity": "10.75 years",
            "beta": null,
            "correlation_ratio": null,
            "downside_deviation": null,
            "information_ratio": null,
            "macaulay": "5.97 years",
            "mod_duration": "5.74",
            "port_turnover_ratio": null,
            "r_squared_ratio": null,
            "roe_ratio": null,
            "sharpe": null,
            "sortino_ratio": null,
            "std_dev": null,
            "tracking_error": null,
            "treynor_ratio": null,
            "upside_deviation": null,
            "ytm": "7.33"
        },
        "min_addl_amt": "\u20b9 1,000",
        "min_addl_amt_multiple": "\u20b9 1",
        "min_amt": "\u20b9 1,000",
        "min_amt_multiple": "\u20b9 1",
        "monthly_aaum_date": "31-03-2025",
        "monthly_aaum_value": "\u20b9 551.42",
        "mutual_fund_name": "Mahindra Manulife Mutual Fund",
        "page_number": [
            25
        ],
        "scheme_launch_date": "March 13, 2024"
    },
    "Mahindra Manulife Arbitrage Fund": {
        "amc_name": "Mahindra Manulife Investment Management Private Limited",
        "benchmark_index": "Nifty 50 Arbitrage TRI",
        "fund_manager": [
            {
                "managing_fund_since": "October 24, 2024",
                "name": "Navin Matta",
                "qualification": "5 Months",
                "total_exp": "19 Years"
            },
            {
                "managing_fund_since": "December 21, 2020",
                "name": "Manish Lodha",
                "qualification": "4 Years And 3 Months",
                "total_exp": "23 Years"
            },
            {
                "managing_fund_since": "August 24, 2020",
                "name": "Rahul Pal",
                "qualification": "4 Years And 7 Months",
                "total_exp": "22 Years"
            }
        ],
        "load": {
            "entry_load": "N.A.",
            "exit_load": "An exit load of 0.25 is payable if Units are redeemed / switched-out on or before completion of 30 days from the date of allotment of Units  Nil - If Units are redeemed / switched-out after completion of 30 days from the date of allotment of Units. Redemption /Switch-Out of Units would be done on First in First out Basis (FIFO)."
        },
        "main_scheme_name": "Mahindra Manulife Arbitrage Fund",
        "metrics": {
            "alpha": "-0.1501",
            "arithmetic_mean_ratio": null,
            "average_div_yld": null,
            "average_pb": null,
            "average_pe": null,
            "avg_maturity": "60.72 days",
            "beta": "0.57",
            "correlation_ratio": null,
            "downside_deviation": null,
            "information_ratio": null,
            "macaulay": "60.72 days",
            "mod_duration": "0.17",
            "port_turnover_ratio": "8.59",
            "r_squared_ratio": null,
            "roe_ratio": null,
            "sharpe": "-3.95",
            "sortino_ratio": null,
            "std_dev": "0.52",
            "tracking_error": null,
            "treynor_ratio": null,
            "upside_deviation": null,
            "ytm": "6.50"
        },
        "min_addl_amt": "1,000",
        "min_addl_amt_multiple": "1",
        "min_amt": "1,000",
        "min_amt_multiple": "1",
        "monthly_aaum_date": "31-03-2025",
        "monthly_aaum_value": "104.08",
        "mutual_fund_name": "Mahindra Manulife Mutual Fund",
        "page_number": [
            26
        ],
        "scheme_launch_date": "August 24, 2020"
    },
    "Mahindra Manulife Liquid Fund": {
        "amc_name": "Mahindra Manulife Investment Management Private Limited",
        "benchmark_index": "CRISIL Liquid Debt A-I Index ",
        "fund_manager": [
            {
                "managing_fund_since": "July 04, 2016",
                "name": "Rahul Pal",
                "qualification": "8 Years And 9 Months",
                "total_exp": "22 Years"
            },
            {
                "managing_fund_since": "June 8, 2020",
                "name": "Amit Garg",
                "qualification": "4 Years And 10 Months",
                "total_exp": "19 Years"
            }
        ],
        "load": {
            "entry_load": "N.A.",
            "exit_load": "Investor Exit upon Exit Load as  of subscription redemption proceed Day 1 0.0070 Day 2 0.0065 Day 3 0.0060 Day 4 0.0055 Day 5 0.0050 Day 6 0.0045 Day 7 onwards 0.0000 Redemption /Switch-Out of Units would be done on First in First out Basis (FIFO). The above mentioned exit load shall not apply to the Unclaimed Plan offered under the scheme."
        },
        "main_scheme_name": "Mahindra Manulife Liquid Fund",
        "metrics": {
            "alpha": null,
            "arithmetic_mean_ratio": null,
            "average_div_yld": null,
            "average_pb": null,
            "average_pe": null,
            "avg_maturity": "56.27 days",
            "beta": null,
            "correlation_ratio": null,
            "downside_deviation": null,
            "information_ratio": null,
            "macaulay": "56.24 days",
            "mod_duration": "0.15",
            "port_turnover_ratio": null,
            "r_squared_ratio": null,
            "roe_ratio": null,
            "sharpe": null,
            "sortino_ratio": null,
            "std_dev": null,
            "tracking_error": null,
            "treynor_ratio": null,
            "upside_deviation": null,
            "ytm": "7.12"
        },
        "min_addl_amt": "\u20b9 1,000",
        "min_addl_amt_multiple": "\u20b9 1",
        "min_amt": "\u20b9 1,000",
        "min_amt_multiple": "\u20b9 1",
        "monthly_aaum_date": "31-03-2025",
        "monthly_aaum_value": "\u20b9 1,424.23",
        "mutual_fund_name": "Mahindra Manulife Mutual Fund",
        "page_number": [
            28
        ],
        "scheme_launch_date": "July 4, 2016"
    },
    "Mahindra Manulife Low Duration Fund": {
        "amc_name": "Mahindra Manulife Investment Management Private Limited",
        "benchmark_index": "CRISIL Low Duration Debt A-I Index ",
        "fund_manager": [
            {
                "managing_fund_since": "February 15, 2017",
                "name": "Rahul Pal",
                "qualification": "8 Years And 2 Months",
                "total_exp": "22 Years"
            }
        ],
        "load": {
            "entry_load": "N.A.",
            "exit_load": "Nil"
        },
        "main_scheme_name": "Mahindra Manulife Low Duration Fund",
        "metrics": {
            "alpha": null,
            "arithmetic_mean_ratio": null,
            "average_div_yld": null,
            "average_pb": null,
            "average_pe": null,
            "avg_maturity": "429.50 days",
            "beta": null,
            "correlation_ratio": null,
            "downside_deviation": null,
            "information_ratio": null,
            "macaulay": "333.25 days",
            "mod_duration": "0.86",
            "port_turnover_ratio": null,
            "r_squared_ratio": null,
            "roe_ratio": null,
            "sharpe": null,
            "sortino_ratio": null,
            "std_dev": null,
            "tracking_error": null,
            "treynor_ratio": null,
            "upside_deviation": null,
            "ytm": "7.61"
        },
        "min_addl_amt": "\u20b9 1,000",
        "min_addl_amt_multiple": "\u20b9 1",
        "min_amt": "\u20b9 1,000",
        "min_amt_multiple": "\u20b9 1",
        "monthly_aaum_date": "31-03-2025",
        "monthly_aaum_value": "\u20b9 586.12",
        "mutual_fund_name": "Mahindra Manulife Mutual Fund",
        "page_number": [
            29
        ],
        "scheme_launch_date": "February 15, 2017"
    },
    "Mahindra Manulife Dynamic Bond Fund": {
        "amc_name": "Mahindra Manulife Investment Management Private Limited",
        "benchmark_index": "CRISIL Dynamic Bond A-III Index ",
        "fund_manager": [
            {
                "managing_fund_since": "August 20, 2018",
                "name": "Rahul Pal",
                "qualification": "6 Years And 8 Months",
                "total_exp": "22 Years"
            }
        ],
        "load": {
            "entry_load": "N.A.",
            "exit_load": "Nil"
        },
        "main_scheme_name": "Mahindra Manulife Dynamic Bond Fund",
        "metrics": {
            "alpha": null,
            "arithmetic_mean_ratio": null,
            "average_div_yld": null,
            "average_pb": null,
            "average_pe": null,
            "avg_maturity": "18.17 years",
            "beta": null,
            "correlation_ratio": null,
            "downside_deviation": null,
            "information_ratio": null,
            "macaulay": "8.50 years",
            "mod_duration": "8.20",
            "port_turnover_ratio": null,
            "r_squared_ratio": null,
            "roe_ratio": null,
            "sharpe": null,
            "sortino_ratio": null,
            "std_dev": null,
            "tracking_error": null,
            "treynor_ratio": null,
            "upside_deviation": null,
            "ytm": "7.12"
        },
        "min_addl_amt": "\u20b9 1,000",
        "min_addl_amt_multiple": "\u20b9 1",
        "min_amt": "\u20b9 1,000",
        "min_amt_multiple": "\u20b9 1",
        "monthly_aaum_date": "31-03-2025",
        "monthly_aaum_value": "\u20b9 78.34",
        "mutual_fund_name": "Mahindra Manulife Mutual Fund",
        "page_number": [
            30
        ],
        "scheme_launch_date": "August 20, 2018"
    },
    "Mahindra Manulife Overnight Fund": {
        "amc_name": "Mahindra Manulife Investment Management Private Limited",
        "benchmark_index": "CRISIL Liquid Overnight Index ",
        "fund_manager": [
            {
                "managing_fund_since": "July 23, 2019",
                "name": "Rahul Pal",
                "qualification": "5 Years And 8 Months",
                "total_exp": "22 Years"
            },
            {
                "managing_fund_since": "June 8, 2020",
                "name": "Amit Garg",
                "qualification": "4 Years And 10 Months",
                "total_exp": "19 Years"
            }
        ],
        "load": {
            "entry_load": "N.A.",
            "exit_load": "Nil"
        },
        "main_scheme_name": "Mahindra Manulife Overnight Fund",
        "metrics": {
            "alpha": null,
            "arithmetic_mean_ratio": null,
            "average_div_yld": null,
            "average_pb": null,
            "average_pe": null,
            "avg_maturity": "4.28 days",
            "beta": null,
            "correlation_ratio": null,
            "downside_deviation": null,
            "information_ratio": null,
            "macaulay": "4.28 days",
            "mod_duration": "0.01",
            "port_turnover_ratio": null,
            "r_squared_ratio": null,
            "roe_ratio": null,
            "sharpe": null,
            "sortino_ratio": null,
            "std_dev": null,
            "tracking_error": null,
            "treynor_ratio": null,
            "upside_deviation": null,
            "ytm": "7.18"
        },
        "min_addl_amt": "",
        "min_addl_amt_multiple": "",
        "min_amt": "\u20b9 1,000",
        "min_amt_multiple": "\u20b9 1",
        "monthly_aaum_date": "31-03-2025",
        "monthly_aaum_value": "\u20b9 250.23",
        "mutual_fund_name": "Mahindra Manulife Mutual Fund",
        "page_number": [
            31
        ],
        "scheme_launch_date": "July 23, 2019"
    },
    "Mahindra Manulife Ultra Short Duration Fund": {
        "amc_name": "Mahindra Manulife Investment Management Private Limited",
        "benchmark_index": "CRISIL Ultra Short Duration Debt A-I Index ",
        "fund_manager": [
            {
                "managing_fund_since": "October 17,  2019",
                "name": "Rahul Pal",
                "qualification": "5 Years And 5 Months",
                "total_exp": "22 Years"
            },
            {
                "managing_fund_since": "June 8, 2020",
                "name": "Amit Garg",
                "qualification": "4 Years And 10 Months",
                "total_exp": "19 Years"
            }
        ],
        "load": {
            "entry_load": "Nil",
            "exit_load": "Nil"
        },
        "main_scheme_name": "Mahindra Manulife Ultra Short Duration Fund",
        "metrics": {
            "alpha": null,
            "arithmetic_mean_ratio": null,
            "average_div_yld": null,
            "average_pb": null,
            "average_pe": null,
            "avg_maturity": "168.04 days",
            "beta": null,
            "correlation_ratio": null,
            "downside_deviation": null,
            "information_ratio": null,
            "macaulay": "151.40 days",
            "mod_duration": "0.40",
            "port_turnover_ratio": null,
            "r_squared_ratio": null,
            "roe_ratio": null,
            "sharpe": null,
            "sortino_ratio": null,
            "std_dev": null,
            "tracking_error": null,
            "treynor_ratio": null,
            "upside_deviation": null,
            "ytm": "7.35"
        },
        "min_addl_amt": "",
        "min_addl_amt_multiple": "",
        "min_amt": "\u20b9 1,000",
        "min_amt_multiple": "\u20b9 1",
        "monthly_aaum_date": "31-03-2025",
        "monthly_aaum_value": "\u20b9 212.35",
        "mutual_fund_name": "Mahindra Manulife Mutual Fund",
        "page_number": [
            32
        ],
        "scheme_launch_date": "October 17, 2019"
    },
    "Mahindra Manulife Short Duration Fund": {
        "amc_name": "Mahindra Manulife Investment Management Private Limited",
        "benchmark_index": "CRISIL Short Duration Debt A-II Index ",
        "fund_manager": [
            {
                "managing_fund_since": "February 23, 2021",
                "name": "Rahul Pal",
                "qualification": "4 Years And 1 Month",
                "total_exp": "22 Years"
            }
        ],
        "load": {
            "entry_load": "Nil",
            "exit_load": "Nil"
        },
        "main_scheme_name": "Mahindra Manulife Short Duration Fund",
        "metrics": {
            "alpha": null,
            "arithmetic_mean_ratio": null,
            "average_div_yld": null,
            "average_pb": null,
            "average_pe": null,
            "avg_maturity": "2.78 years",
            "beta": null,
            "correlation_ratio": null,
            "downside_deviation": null,
            "information_ratio": null,
            "macaulay": "2.41 years",
            "mod_duration": "2.29",
            "port_turnover_ratio": null,
            "r_squared_ratio": null,
            "roe_ratio": null,
            "sharpe": null,
            "sortino_ratio": null,
            "std_dev": null,
            "tracking_error": null,
            "treynor_ratio": null,
            "upside_deviation": null,
            "ytm": "7.37"
        },
        "min_addl_amt": "\u20b9 1,000",
        "min_addl_amt_multiple": "\u20b9 1",
        "min_amt": "\u20b9 1,000",
        "min_amt_multiple": "\u20b9 1",
        "monthly_aaum_date": "31-03-2025",
        "monthly_aaum_value": "\u20b9 73.51",
        "mutual_fund_name": "Mahindra Manulife Mutual Fund",
        "page_number": [
            33
        ],
        "scheme_launch_date": "February 23, 2021"
    }
}