{
    "MIRAE ASSET NIFTY 50 ETF": {
        "amc_name": "Mirae Asset Investment Managers (India) Private Limited",
        "benchmark_index": "Nifty 50 Index (TRI)",
        "fund_manager": [
            {
                "managing_fund_since": "",
                "name": "Ekta Gala",
                "qualification": "",
                "total_exp": ""
            },
            {
                "managing_fund_since": "",
                "name": "Ritesh Patel",
                "qualification": "",
                "total_exp": ""
            }
        ],
        "load": {
            "entry_load": null,
            "exit_load": "Please refer page no.66"
        },
        "main_scheme_name": "MIRAE ASSET NIFTY 50 ETF",
        "metrics": {
            "alpha": null,
            "arithmetic_mean_ratio": null,
            "average_div_yld": null,
            "average_pb": null,
            "average_pe": null,
            "avg_maturity": null,
            "beta": null,
            "correlation_ratio": null,
            "downside_deviation": null,
            "information_ratio": null,
            "macaulay": null,
            "mod_duration": null,
            "port_turnover_ratio": null,
            "r_squared_ratio": null,
            "roe_ratio": null,
            "sharpe": null,
            "sortino_ratio": null,
            "std_dev": null,
            "tracking_error": null,
            "treynor_ratio": null,
            "upside_deviation": null,
            "ytm": null
        },
        "min_addl_amt": "",
        "min_addl_amt_multiple": "",
        "min_amt": "\u20b9 25",
        "min_amt_multiple": "\u20b9 1",
        "monthly_aaum_date": "31-03-2025",
        "monthly_aaum_value": "(Cr.) 4,292.9200 Tracking Error Value  0.03 1 Year Tracking Error is",
        "mutual_fund_name": "Mirae Asset Mutual Fund",
        "page_number": [
            10
        ],
        "scheme_launch_date": "20 November 2018"
    },
    "MIRAE ASSET NIFTY NEXT 50 ETF": {
        "amc_name": "Mirae Asset Investment Managers (India) Private Limited",
        "benchmark_index": "Nifty Next 50 Index (TRI)",
        "fund_manager": [
            {
                "managing_fund_since": "",
                "name": "Ekta Gala",
                "qualification": "",
                "total_exp": ""
            },
            {
                "managing_fund_since": "",
                "name": "Ritesh Patel",
                "qualification": "",
                "total_exp": ""
            }
        ],
        "load": {
            "entry_load": null,
            "exit_load": "Please refer page no.66"
        },
        "main_scheme_name": "MIRAE ASSET NIFTY NEXT 50 ETF",
        "metrics": {
            "alpha": null,
            "arithmetic_mean_ratio": null,
            "average_div_yld": null,
            "average_pb": null,
            "average_pe": null,
            "avg_maturity": null,
            "beta": null,
            "correlation_ratio": null,
            "downside_deviation": null,
            "information_ratio": null,
            "macaulay": null,
            "mod_duration": null,
            "port_turnover_ratio": null,
            "r_squared_ratio": null,
            "roe_ratio": null,
            "sharpe": null,
            "sortino_ratio": null,
            "std_dev": null,
            "tracking_error": null,
            "treynor_ratio": null,
            "upside_deviation": null,
            "ytm": null
        },
        "min_addl_amt": "",
        "min_addl_amt_multiple": "",
        "min_amt": "\u20b9 25",
        "min_amt_multiple": "\u20b9 1",
        "monthly_aaum_date": "31-03-2025",
        "monthly_aaum_value": "(Cr.) 540.9800 Tracking Error Value  0.14 1 Year Tracking Error is",
        "mutual_fund_name": "Mirae Asset Mutual Fund",
        "page_number": [
            11
        ],
        "scheme_launch_date": "24 January 2020"
    },
    "MIRAE ASSET NIFTY FINANCIAL SERVICES ETF": {
        "amc_name": "Mirae Asset Investment Managers (India) Private Limited",
        "benchmark_index": "Nifty Financial Services Total Return Index (TRI)",
        "fund_manager": [
            {
                "managing_fund_since": "",
                "name": "Ekta Gala",
                "qualification": "",
                "total_exp": ""
            },
            {
                "managing_fund_since": "",
                "name": "Ritesh Patel",
                "qualification": "",
                "total_exp": ""
            }
        ],
        "load": {
            "entry_load": null,
            "exit_load": "Please refer page no.66"
        },
        "main_scheme_name": "MIRAE ASSET NIFTY FINANCIAL SERVICES ETF",
        "metrics": {
            "alpha": null,
            "arithmetic_mean_ratio": null,
            "average_div_yld": null,
            "average_pb": null,
            "average_pe": null,
            "avg_maturity": null,
            "beta": null,
            "correlation_ratio": null,
            "downside_deviation": null,
            "information_ratio": null,
            "macaulay": null,
            "mod_duration": null,
            "port_turnover_ratio": null,
            "r_squared_ratio": null,
            "roe_ratio": null,
            "sharpe": null,
            "sortino_ratio": null,
            "std_dev": null,
            "tracking_error": null,
            "treynor_ratio": null,
            "upside_deviation": null,
            "ytm": null
        },
        "min_addl_amt": "",
        "min_addl_amt_multiple": "",
        "min_amt": "\u20b9 25",
        "min_amt_multiple": "\u20b9 1",
        "monthly_aaum_date": "31-03-2025",
        "monthly_aaum_value": "(Cr.) 393.1300 Tracking Error Value  0.06 1 Year Tracking Error is",
        "mutual_fund_name": "Mirae Asset Mutual Fund",
        "page_number": [
            12
        ],
        "scheme_launch_date": "30 July 2021"
    },
    "MIRAE ASSET NIFTY MIDCAP 150 ETF": {
        "amc_name": "Mirae Asset Investment Managers (India) Private Limited",
        "benchmark_index": "Nifty Midcap 150 Index (TRI)",
        "fund_manager": [
            {
                "managing_fund_since": "",
                "name": "Ekta Gala",
                "qualification": "",
                "total_exp": ""
            },
            {
                "managing_fund_since": "",
                "name": "Ritesh Patel",
                "qualification": "",
                "total_exp": ""
            }
        ],
        "load": {
            "entry_load": null,
            "exit_load": "Please refer page no.67"
        },
        "main_scheme_name": "MIRAE ASSET NIFTY MIDCAP 150 ETF",
        "metrics": {
            "alpha": null,
            "arithmetic_mean_ratio": null,
            "average_div_yld": null,
            "average_pb": null,
            "average_pe": null,
            "avg_maturity": null,
            "beta": null,
            "correlation_ratio": null,
            "downside_deviation": null,
            "information_ratio": null,
            "macaulay": null,
            "mod_duration": null,
            "port_turnover_ratio": null,
            "r_squared_ratio": null,
            "roe_ratio": null,
            "sharpe": null,
            "sortino_ratio": null,
            "std_dev": null,
            "tracking_error": null,
            "treynor_ratio": null,
            "upside_deviation": null,
            "ytm": null
        },
        "min_addl_amt": "",
        "min_addl_amt_multiple": "",
        "min_amt": "\u20b9 25",
        "min_amt_multiple": "\u20b9 1",
        "monthly_aaum_date": "31-03-2025",
        "monthly_aaum_value": "(Cr.) 927.4600 Tracking Error Value  0.05 1 Year Tracking Error is",
        "mutual_fund_name": "Mirae Asset Mutual Fund",
        "page_number": [
            14
        ],
        "scheme_launch_date": "9 March 2022"
    },
    "MIRAE ASSET NIFTY 100 LOW VOLATILITY 30 ETF": {
        "amc_name": "Mirae Asset Investment Managers (India) Private Limited",
        "benchmark_index": "Nifty 100 Low Volatility 30 (TRI)",
        "fund_manager": [
            {
                "managing_fund_since": "",
                "name": "Ekta Gala",
                "qualification": "",
                "total_exp": ""
            },
            {
                "managing_fund_since": "",
                "name": "Akshay Udeshi",
                "qualification": "",
                "total_exp": ""
            }
        ],
        "load": {
            "entry_load": null,
            "exit_load": "Please refer page no.67"
        },
        "main_scheme_name": "MIRAE ASSET NIFTY 100 LOW VOLATILITY 30 ETF",
        "metrics": {
            "alpha": null,
            "arithmetic_mean_ratio": null,
            "average_div_yld": null,
            "average_pb": null,
            "average_pe": null,
            "avg_maturity": null,
            "beta": null,
            "correlation_ratio": null,
            "downside_deviation": null,
            "information_ratio": null,
            "macaulay": null,
            "mod_duration": null,
            "port_turnover_ratio": null,
            "r_squared_ratio": null,
            "roe_ratio": null,
            "sharpe": null,
            "sortino_ratio": null,
            "std_dev": null,
            "tracking_error": null,
            "treynor_ratio": null,
            "upside_deviation": null,
            "ytm": null
        },
        "min_addl_amt": "",
        "min_addl_amt_multiple": "",
        "min_amt": "\u20b9 25",
        "min_amt_multiple": "\u20b9 1",
        "monthly_aaum_date": "31-03-2025",
        "monthly_aaum_value": "(Cr.) 40.7300 Tracking Error Value  0.05 1 Year Tracking Error is",
        "mutual_fund_name": "Mirae Asset Mutual Fund",
        "page_number": [
            15
        ],
        "scheme_launch_date": "24 March 2023"
    },
    "MIRAE ASSET BSE SENSEX ETF": {
        "amc_name": "Mirae Asset Investment Managers (India) Private Limited",
        "benchmark_index": "BSE Sensex (TRI)",
        "fund_manager": [
            {
                "managing_fund_since": "",
                "name": "Ekta Gala Mr",
                "qualification": "",
                "total_exp": ""
            }
        ],
        "load": {
            "entry_load": null,
            "exit_load": "Please refer page no.68"
        },
        "main_scheme_name": "MIRAE ASSET BSE SENSEX ETF",
        "metrics": {
            "alpha": null,
            "arithmetic_mean_ratio": null,
            "average_div_yld": null,
            "average_pb": null,
            "average_pe": null,
            "avg_maturity": null,
            "beta": null,
            "correlation_ratio": null,
            "downside_deviation": null,
            "information_ratio": null,
            "macaulay": null,
            "mod_duration": null,
            "port_turnover_ratio": null,
            "r_squared_ratio": null,
            "roe_ratio": null,
            "sharpe": null,
            "sortino_ratio": null,
            "std_dev": null,
            "tracking_error": null,
            "treynor_ratio": null,
            "upside_deviation": null,
            "ytm": null
        },
        "min_addl_amt": "",
        "min_addl_amt_multiple": "",
        "min_amt": "\u20b9 25",
        "min_amt_multiple": "\u20b9 1",
        "monthly_aaum_date": "31-03-2025",
        "monthly_aaum_value": "(Cr.) 18.4100 Tracking Error Value  0.04 1 Year Tracking Error is",
        "mutual_fund_name": "Mirae Asset Mutual Fund",
        "page_number": [
            16
        ],
        "scheme_launch_date": "29 September 2023"
    },
    "MIRAE ASSET NIFTY 200 ALPHA 30 ETF": {
        "amc_name": "Mirae Asset Investment Managers (India) Private Limited",
        "benchmark_index": "Nifty 200 Alpha 30 (TRI)",
        "fund_manager": [
            {
                "managing_fund_since": "",
                "name": "Ekta Gala",
                "qualification": "",
                "total_exp": ""
            },
            {
                "managing_fund_since": "",
                "name": "Akshay Udeshi",
                "qualification": "",
                "total_exp": ""
            }
        ],
        "load": {
            "entry_load": null,
            "exit_load": "Please refer page no.68"
        },
        "main_scheme_name": "MIRAE ASSET NIFTY 200 ALPHA 30 ETF",
        "metrics": {
            "alpha": null,
            "arithmetic_mean_ratio": null,
            "average_div_yld": null,
            "average_pb": null,
            "average_pe": null,
            "avg_maturity": null,
            "beta": null,
            "correlation_ratio": null,
            "downside_deviation": null,
            "information_ratio": null,
            "macaulay": null,
            "mod_duration": null,
            "port_turnover_ratio": null,
            "r_squared_ratio": null,
            "roe_ratio": null,
            "sharpe": null,
            "sortino_ratio": null,
            "std_dev": null,
            "tracking_error": null,
            "treynor_ratio": null,
            "upside_deviation": null,
            "ytm": null
        },
        "min_addl_amt": "",
        "min_addl_amt_multiple": "",
        "min_amt": "\u20b9 25",
        "min_amt_multiple": "\u20b9 1",
        "monthly_aaum_date": "31-03-2025",
        "monthly_aaum_value": "(Cr.) 378.4000 Tracking Error Value  0.22 1 Year Tracking Error is",
        "mutual_fund_name": "Mirae Asset Mutual Fund",
        "page_number": [
            17
        ],
        "scheme_launch_date": "20 October 2023"
    },
    "MIRAE ASSET NIFTY SMALLCAP 250 MOMENTUM 100 ETF": {
        "amc_name": "Mirae Asset Investment Managers (India) Private Limited",
        "benchmark_index": "Nifty Smallcap 250 Momentum Quality 100 (TRI)",
        "fund_manager": [
            {
                "managing_fund_since": "",
                "name": "Ekta Gala",
                "qualification": "",
                "total_exp": ""
            },
            {
                "managing_fund_since": "",
                "name": "Akshay Udeshi",
                "qualification": "",
                "total_exp": ""
            }
        ],
        "load": {
            "entry_load": null,
            "exit_load": "Please refer page no.68"
        },
        "main_scheme_name": "MIRAE ASSET NIFTY SMALLCAP 250 MOMENTUM 100 ETF",
        "metrics": {
            "alpha": null,
            "arithmetic_mean_ratio": null,
            "average_div_yld": null,
            "average_pb": null,
            "average_pe": null,
            "avg_maturity": null,
            "beta": null,
            "correlation_ratio": null,
            "downside_deviation": null,
            "information_ratio": null,
            "macaulay": null,
            "mod_duration": null,
            "port_turnover_ratio": null,
            "r_squared_ratio": null,
            "roe_ratio": null,
            "sharpe": null,
            "sortino_ratio": null,
            "std_dev": null,
            "tracking_error": null,
            "treynor_ratio": null,
            "upside_deviation": null,
            "ytm": null
        },
        "min_addl_amt": "",
        "min_addl_amt_multiple": "",
        "min_amt": "\u20b9 25",
        "min_amt_multiple": "\u20b9 1",
        "monthly_aaum_date": "31-03-2025",
        "monthly_aaum_value": "(Cr.) 547.3900 Tracking Error Value  0.25 1 Year Tracking Error is",
        "mutual_fund_name": "Mirae Asset Mutual Fund",
        "page_number": [
            18
        ],
        "scheme_launch_date": "23 February 2024"
    },
    "MIRAE ASSET NIFTY MIDSMALLCAP400 MOMENT QUALITY 100 ETF": {
        "amc_name": "Mirae Asset Investment Managers (India) Private Limited",
        "benchmark_index": "Nifty MidSmallcap400 Momentum Quality 100 (TRI)",
        "fund_manager": [
            {
                "managing_fund_since": "",
                "name": "Ekta Gala",
                "qualification": "",
                "total_exp": ""
            },
            {
                "managing_fund_since": "",
                "name": "Akshay Udeshi",
                "qualification": "",
                "total_exp": ""
            }
        ],
        "load": {
            "entry_load": null,
            "exit_load": "Please refer page no.69"
        },
        "main_scheme_name": "MIRAE ASSET NIFTY MIDSMALLCAP400 MOMENT QUALITY 100 ETF",
        "metrics": {
            "alpha": null,
            "arithmetic_mean_ratio": null,
            "average_div_yld": null,
            "average_pb": null,
            "average_pe": null,
            "avg_maturity": null,
            "beta": null,
            "correlation_ratio": null,
            "downside_deviation": null,
            "information_ratio": null,
            "macaulay": null,
            "mod_duration": null,
            "port_turnover_ratio": null,
            "r_squared_ratio": null,
            "roe_ratio": null,
            "sharpe": null,
            "sortino_ratio": null,
            "std_dev": null,
            "tracking_error": null,
            "treynor_ratio": null,
            "upside_deviation": null,
            "ytm": null
        },
        "min_addl_amt": "",
        "min_addl_amt_multiple": "",
        "min_amt": "\u20b9 25",
        "min_amt_multiple": "\u20b9 1",
        "monthly_aaum_date": "31-03-2025",
        "monthly_aaum_value": "(Cr.) 300.8500 Tracking Error Value  0.14 Since Inception Tracking Error is",
        "mutual_fund_name": "Mirae Asset Mutual Fund",
        "page_number": [
            19
        ],
        "scheme_launch_date": "22 May 2024"
    },
    "MIRAE ASSET NIFTY500 MULTICAP 502525 ETF": {
        "amc_name": "Mirae Asset Investment Managers (India) Private Limited",
        "benchmark_index": "Nifty500 Multicap 502525 (TRI)",
        "fund_manager": [
            {
                "managing_fund_since": "",
                "name": "Ekta Gala",
                "qualification": "",
                "total_exp": ""
            },
            {
                "managing_fund_since": "",
                "name": "Ritesh Patel",
                "qualification": "",
                "total_exp": ""
            }
        ],
        "load": {
            "entry_load": null,
            "exit_load": "Please refer page no.69"
        },
        "main_scheme_name": "MIRAE ASSET NIFTY500 MULTICAP 502525 ETF",
        "metrics": {
            "alpha": null,
            "arithmetic_mean_ratio": null,
            "average_div_yld": null,
            "average_pb": null,
            "average_pe": null,
            "avg_maturity": null,
            "beta": null,
            "correlation_ratio": null,
            "downside_deviation": null,
            "information_ratio": null,
            "macaulay": null,
            "mod_duration": null,
            "port_turnover_ratio": null,
            "r_squared_ratio": null,
            "roe_ratio": null,
            "sharpe": null,
            "sortino_ratio": null,
            "std_dev": null,
            "tracking_error": null,
            "treynor_ratio": null,
            "upside_deviation": null,
            "ytm": null
        },
        "min_addl_amt": "",
        "min_addl_amt_multiple": "",
        "min_amt": "\u20b9 25",
        "min_amt_multiple": "\u20b9 1",
        "monthly_aaum_date": "31-03-2025",
        "monthly_aaum_value": "(Cr.) 44.2100 Tracking Error Value  0.11 Since Inception Tracking Error is",
        "mutual_fund_name": "Mirae Asset Mutual Fund",
        "page_number": [
            20
        ],
        "scheme_launch_date": "30 August 2024"
    },
    "MIRAE ASSET BSE 200 EQUAL WEIGHT ETF": {
        "amc_name": "Mirae Asset Investment Managers (India) Private Limited",
        "benchmark_index": "BSE 200 Equal Weight (TRI)",
        "fund_manager": [
            {
                "managing_fund_since": "",
                "name": "Ekta Gala",
                "qualification": "",
                "total_exp": ""
            },
            {
                "managing_fund_since": "",
                "name": "Akshay Udeshi",
                "qualification": "",
                "total_exp": ""
            }
        ],
        "load": {
            "entry_load": null,
            "exit_load": "Please refer page no.70"
        },
        "main_scheme_name": "MIRAE ASSET BSE 200 EQUAL WEIGHT ETF",
        "metrics": {
            "alpha": null,
            "arithmetic_mean_ratio": null,
            "average_div_yld": null,
            "average_pb": null,
            "average_pe": null,
            "avg_maturity": null,
            "beta": null,
            "correlation_ratio": null,
            "downside_deviation": null,
            "information_ratio": null,
            "macaulay": null,
            "mod_duration": null,
            "port_turnover_ratio": null,
            "r_squared_ratio": null,
            "roe_ratio": null,
            "sharpe": null,
            "sortino_ratio": null,
            "std_dev": null,
            "tracking_error": null,
            "treynor_ratio": null,
            "upside_deviation": null,
            "ytm": null
        },
        "min_addl_amt": "",
        "min_addl_amt_multiple": "",
        "min_amt": "\u20b9 25",
        "min_amt_multiple": "\u20b9 1",
        "monthly_aaum_date": "31-03-2025",
        "monthly_aaum_value": "(Cr.) 14.2100 Tracking Error Value  0.77 Since Inception Tracking Error is",
        "mutual_fund_name": "Mirae Asset Mutual Fund",
        "page_number": [
            22
        ],
        "scheme_launch_date": "10 March 2025"
    },
    "MIRAE ASSET BSE SELECT IPO ETF": {
        "amc_name": "Mirae Asset Investment Managers (India) Private Limited",
        "benchmark_index": "BSE Select IPO (TRI)",
        "fund_manager": [
            {
                "managing_fund_since": "",
                "name": "Ekta Gala",
                "qualification": "",
                "total_exp": ""
            },
            {
                "managing_fund_since": "",
                "name": "Akshay Udeshi",
                "qualification": "",
                "total_exp": ""
            }
        ],
        "load": {
            "entry_load": null,
            "exit_load": "Please refer page no.70"
        },
        "main_scheme_name": "MIRAE ASSET BSE SELECT IPO ETF",
        "metrics": {
            "alpha": null,
            "arithmetic_mean_ratio": null,
            "average_div_yld": null,
            "average_pb": null,
            "average_pe": null,
            "avg_maturity": null,
            "beta": null,
            "correlation_ratio": null,
            "downside_deviation": null,
            "information_ratio": null,
            "macaulay": null,
            "mod_duration": null,
            "port_turnover_ratio": null,
            "r_squared_ratio": null,
            "roe_ratio": null,
            "sharpe": null,
            "sortino_ratio": null,
            "std_dev": null,
            "tracking_error": null,
            "treynor_ratio": null,
            "upside_deviation": null,
            "ytm": null
        },
        "min_addl_amt": "",
        "min_addl_amt_multiple": "",
        "min_amt": "\u20b9 25",
        "min_amt_multiple": "\u20b9 1",
        "monthly_aaum_date": "31-03-2025",
        "monthly_aaum_value": "(Cr.) 14.6100 Tracking Error Value  0.67 Since Inception Tracking Error is",
        "mutual_fund_name": "Mirae Asset Mutual Fund",
        "page_number": [
            23
        ],
        "scheme_launch_date": "10 March 2025"
    },
    "MIRAE ASSET NIFTY 100 ESG SECTOR LEADERS E NSE Symbol ESG BSE Scrip Code 543246 (Exchange Traded Fund (ETF": {
        "amc_name": "Mirae Asset Investment Managers (India) Private Limited",
        "benchmark_index": "Nifty 100 ESG Sector Leaders Index (TRI)",
        "fund_manager": [
            {
                "managing_fund_since": "",
                "name": "Ekta Gala",
                "qualification": "",
                "total_exp": ""
            },
            {
                "managing_fund_since": "",
                "name": "Akshay Udeshi",
                "qualification": "",
                "total_exp": ""
            }
        ],
        "load": {
            "entry_load": null,
            "exit_load": "Please refer page no.70"
        },
        "main_scheme_name": "MIRAE ASSET NIFTY 100 ESG SECTOR LEADERS E NSE Symbol ESG BSE Scrip Code 543246 (Exchange Traded Fund (ETF",
        "metrics": {
            "alpha": null,
            "arithmetic_mean_ratio": null,
            "average_div_yld": null,
            "average_pb": null,
            "average_pe": null,
            "avg_maturity": null,
            "beta": null,
            "correlation_ratio": null,
            "downside_deviation": null,
            "information_ratio": null,
            "macaulay": null,
            "mod_duration": null,
            "port_turnover_ratio": null,
            "r_squared_ratio": null,
            "roe_ratio": null,
            "sharpe": null,
            "sortino_ratio": null,
            "std_dev": null,
            "tracking_error": null,
            "treynor_ratio": null,
            "upside_deviation": null,
            "ytm": null
        },
        "min_addl_amt": "",
        "min_addl_amt_multiple": "",
        "min_amt": "\u20b9 25",
        "min_amt_multiple": "\u20b9 1",
        "monthly_aaum_date": "31-03-2025",
        "monthly_aaum_value": "(Cr.) 116.6400 Tracking Error Value  0.04 1 Year Tracking Error is",
        "mutual_fund_name": "Mirae Asset Mutual Fund",
        "page_number": [
            24
        ],
        "scheme_launch_date": "17 November 2020"
    },
    "MIRAE ASSET NYSE FANG + ETF": {
        "amc_name": "Mirae Asset Investment Managers (India) Private Limited",
        "benchmark_index": "NYSE FANG  Index (TRI) (INR)",
        "fund_manager": [
            {
                "managing_fund_since": "",
                "name": "Siddharth Srivastava",
                "qualification": "",
                "total_exp": ""
            }
        ],
        "load": {
            "entry_load": null,
            "exit_load": "Please refer page no.71"
        },
        "main_scheme_name": "MIRAE ASSET NYSE FANG + ETF",
        "metrics": {
            "alpha": null,
            "arithmetic_mean_ratio": null,
            "average_div_yld": null,
            "average_pb": null,
            "average_pe": null,
            "avg_maturity": null,
            "beta": null,
            "correlation_ratio": null,
            "downside_deviation": null,
            "information_ratio": null,
            "macaulay": null,
            "mod_duration": null,
            "port_turnover_ratio": null,
            "r_squared_ratio": null,
            "roe_ratio": null,
            "sharpe": null,
            "sortino_ratio": null,
            "std_dev": null,
            "tracking_error": null,
            "treynor_ratio": null,
            "upside_deviation": null,
            "ytm": null
        },
        "min_addl_amt": "",
        "min_addl_amt_multiple": "",
        "min_amt": "\u20b9 25",
        "min_amt_multiple": "\u20b9 1",
        "monthly_aaum_date": "31-03-2025",
        "monthly_aaum_value": "(Cr.) 2,405.7000 Tracking Error Value  0.04 1 Year Tracking Error is",
        "mutual_fund_name": "Mirae Asset Mutual Fund",
        "page_number": [
            25
        ],
        "scheme_launch_date": "6 May 2021"
    },
    "MIRAE ASSET S&P 500 TOP 50 ETF": {
        "amc_name": "Mirae Asset Investment Managers (India) Private Limited",
        "benchmark_index": "SP 500 Top 50 (TRI) (INR)",
        "fund_manager": [
            {
                "managing_fund_since": "",
                "name": "Siddharth Srivastava",
                "qualification": "",
                "total_exp": ""
            }
        ],
        "load": {
            "entry_load": null,
            "exit_load": "Please refer page no.71"
        },
        "main_scheme_name": "MIRAE ASSET S&P 500 TOP 50 ETF",
        "metrics": {
            "alpha": null,
            "arithmetic_mean_ratio": null,
            "average_div_yld": null,
            "average_pb": null,
            "average_pe": null,
            "avg_maturity": null,
            "beta": null,
            "correlation_ratio": null,
            "downside_deviation": null,
            "information_ratio": null,
            "macaulay": null,
            "mod_duration": null,
            "port_turnover_ratio": null,
            "r_squared_ratio": null,
            "roe_ratio": null,
            "sharpe": null,
            "sortino_ratio": null,
            "std_dev": null,
            "tracking_error": null,
            "treynor_ratio": null,
            "upside_deviation": null,
            "ytm": null
        },
        "min_addl_amt": "",
        "min_addl_amt_multiple": "",
        "min_amt": "\u20b9 25",
        "min_amt_multiple": "\u20b9 1",
        "monthly_aaum_date": "31-03-2025",
        "monthly_aaum_value": "(Cr.) 744.6100 Tracking Error Value  0.05 1 Year Tracking Error is",
        "mutual_fund_name": "Mirae Asset Mutual Fund",
        "page_number": [
            26
        ],
        "scheme_launch_date": "20 September 2021"
    },
    "MIRAE ASSET HANG SENG TECH ETF": {
        "amc_name": "Mirae Asset Investment Managers (India) Private Limited",
        "benchmark_index": "Hang Seng TECH Index (TRI) (INR)",
        "fund_manager": [
            {
                "managing_fund_since": "",
                "name": "Siddharth Srivastava",
                "qualification": "",
                "total_exp": ""
            }
        ],
        "load": {
            "entry_load": null,
            "exit_load": "Please refer page no.71"
        },
        "main_scheme_name": "MIRAE ASSET HANG SENG TECH ETF",
        "metrics": {
            "alpha": null,
            "arithmetic_mean_ratio": null,
            "average_div_yld": null,
            "average_pb": null,
            "average_pe": null,
            "avg_maturity": null,
            "beta": null,
            "correlation_ratio": null,
            "downside_deviation": null,
            "information_ratio": null,
            "macaulay": null,
            "mod_duration": null,
            "port_turnover_ratio": null,
            "r_squared_ratio": null,
            "roe_ratio": null,
            "sharpe": null,
            "sortino_ratio": null,
            "std_dev": null,
            "tracking_error": null,
            "treynor_ratio": null,
            "upside_deviation": null,
            "ytm": null
        },
        "min_addl_amt": "",
        "min_addl_amt_multiple": "",
        "min_amt": "\u20b9 25",
        "min_amt_multiple": "\u20b9 1",
        "monthly_aaum_date": "31-03-2025",
        "monthly_aaum_value": "(Cr.) 382.8400 Tracking Error Value  0.13 1 Year Tracking Error is",
        "mutual_fund_name": "Mirae Asset Mutual Fund",
        "page_number": [
            27
        ],
        "scheme_launch_date": "6 December 2021"
    },
    "MIRAE ASSET NIFTY BANK ETF": {
        "amc_name": "Mirae Asset Investment Managers (India) Private Limited",
        "benchmark_index": "Nifty Bank Index (TRI)",
        "fund_manager": [
            {
                "managing_fund_since": "",
                "name": "Ekta Gala",
                "qualification": "",
                "total_exp": ""
            },
            {
                "managing_fund_since": "",
                "name": "Ritesh Patel",
                "qualification": "",
                "total_exp": ""
            }
        ],
        "load": {
            "entry_load": null,
            "exit_load": "Please refer page no.72"
        },
        "main_scheme_name": "MIRAE ASSET NIFTY BANK ETF",
        "metrics": {
            "alpha": null,
            "arithmetic_mean_ratio": null,
            "average_div_yld": null,
            "average_pb": null,
            "average_pe": null,
            "avg_maturity": null,
            "beta": null,
            "correlation_ratio": null,
            "downside_deviation": null,
            "information_ratio": null,
            "macaulay": null,
            "mod_duration": null,
            "port_turnover_ratio": null,
            "r_squared_ratio": null,
            "roe_ratio": null,
            "sharpe": null,
            "sortino_ratio": null,
            "std_dev": null,
            "tracking_error": null,
            "treynor_ratio": null,
            "upside_deviation": null,
            "ytm": null
        },
        "min_addl_amt": "",
        "min_addl_amt_multiple": "",
        "min_amt": "\u20b9 25",
        "min_amt_multiple": "\u20b9 1",
        "monthly_aaum_date": "31-03-2025",
        "monthly_aaum_value": "(Cr.) 228.5500 Tracking Error Value  0.05 1 Year Tracking Error is",
        "mutual_fund_name": "Mirae Asset Mutual Fund",
        "page_number": [
            28
        ],
        "scheme_launch_date": "20 July 2023"
    },
    "MIRAE ASSET NIFTY IT ETF": {
        "amc_name": "Mirae Asset Investment Managers (India) Private Limited",
        "benchmark_index": "Nifty IT (TRI)",
        "fund_manager": [
            {
                "managing_fund_since": "",
                "name": "Ekta Gala",
                "qualification": "",
                "total_exp": ""
            },
            {
                "managing_fund_since": "",
                "name": "Ritesh Patel",
                "qualification": "",
                "total_exp": ""
            }
        ],
        "load": {
            "entry_load": null,
            "exit_load": "Please refer page no.72"
        },
        "main_scheme_name": "MIRAE ASSET NIFTY IT ETF",
        "metrics": {
            "alpha": null,
            "arithmetic_mean_ratio": null,
            "average_div_yld": null,
            "average_pb": null,
            "average_pe": null,
            "avg_maturity": null,
            "beta": null,
            "correlation_ratio": null,
            "downside_deviation": null,
            "information_ratio": null,
            "macaulay": null,
            "mod_duration": null,
            "port_turnover_ratio": null,
            "r_squared_ratio": null,
            "roe_ratio": null,
            "sharpe": null,
            "sortino_ratio": null,
            "std_dev": null,
            "tracking_error": null,
            "treynor_ratio": null,
            "upside_deviation": null,
            "ytm": null
        },
        "min_addl_amt": "",
        "min_addl_amt_multiple": "",
        "min_amt": "\u20b9 25",
        "min_amt_multiple": "\u20b9 1",
        "monthly_aaum_date": "31-03-2025",
        "monthly_aaum_value": "(Cr.) 135.5400 Tracking Error Value  0.06 1 Year Tracking Error is",
        "mutual_fund_name": "Mirae Asset Mutual Fund",
        "page_number": [
            29
        ],
        "scheme_launch_date": "20 October 2023"
    },
    "MIRAE ASSET NIFTY EV AND NEW AGE AUTOMOTI NSE Symbol EVINDIA BSE Scrip Code 544212 (Exchange Traded Fund (ETF": {
        "amc_name": "Mirae Asset Investment Managers (India) Private Limited",
        "benchmark_index": "Nifty EV and New Age Automotive (TRI)",
        "fund_manager": [
            {
                "managing_fund_since": "",
                "name": "Ekta Gala",
                "qualification": "",
                "total_exp": ""
            },
            {
                "managing_fund_since": "",
                "name": "Akshay Udeshi",
                "qualification": "",
                "total_exp": ""
            }
        ],
        "load": {
            "entry_load": null,
            "exit_load": "Please refer page no.72"
        },
        "main_scheme_name": "MIRAE ASSET NIFTY EV AND NEW AGE AUTOMOTI NSE Symbol EVINDIA BSE Scrip Code 544212 (Exchange Traded Fund (ETF",
        "metrics": {
            "alpha": null,
            "arithmetic_mean_ratio": null,
            "average_div_yld": null,
            "average_pb": null,
            "average_pe": null,
            "avg_maturity": null,
            "beta": null,
            "correlation_ratio": null,
            "downside_deviation": null,
            "information_ratio": null,
            "macaulay": null,
            "mod_duration": null,
            "port_turnover_ratio": null,
            "r_squared_ratio": null,
            "roe_ratio": null,
            "sharpe": null,
            "sortino_ratio": null,
            "std_dev": null,
            "tracking_error": null,
            "treynor_ratio": null,
            "upside_deviation": null,
            "ytm": null
        },
        "min_addl_amt": "",
        "min_addl_amt_multiple": "",
        "min_amt": "\u20b9 25",
        "min_amt_multiple": "\u20b9 1",
        "monthly_aaum_date": "31-03-2025",
        "monthly_aaum_value": "(Cr.) 157.8600 Tracking Error Value  0.04 Since Inception Tracking Error is",
        "mutual_fund_name": "Mirae Asset Mutual Fund",
        "page_number": [
            30
        ],
        "scheme_launch_date": "10 July 2024"
    },
    "MIRAE ASSET GOLD ETF": {
        "amc_name": "Mirae Asset Investment Managers (India) Private Limited",
        "benchmark_index": "Domestic Price of Physical Gold",
        "fund_manager": [
            {
                "managing_fund_since": "",
                "name": "Ritesh Patel",
                "qualification": "",
                "total_exp": ""
            },
            {
                "managing_fund_since": "",
                "name": "Akshay Udeshi",
                "qualification": "Co-Fund Manager",
                "total_exp": ""
            }
        ],
        "load": {
            "entry_load": null,
            "exit_load": "Please refer page no.73"
        },
        "main_scheme_name": "MIRAE ASSET GOLD ETF",
        "metrics": {
            "alpha": null,
            "arithmetic_mean_ratio": null,
            "average_div_yld": null,
            "average_pb": null,
            "average_pe": null,
            "avg_maturity": null,
            "beta": null,
            "correlation_ratio": null,
            "downside_deviation": null,
            "information_ratio": null,
            "macaulay": null,
            "mod_duration": null,
            "port_turnover_ratio": null,
            "r_squared_ratio": null,
            "roe_ratio": null,
            "sharpe": null,
            "sortino_ratio": null,
            "std_dev": null,
            "tracking_error": null,
            "treynor_ratio": null,
            "upside_deviation": null,
            "ytm": null
        },
        "min_addl_amt": "",
        "min_addl_amt_multiple": "",
        "min_amt": "\u20b9 25",
        "min_amt_multiple": "\u20b9 1",
        "monthly_aaum_date": "31-03-2025",
        "monthly_aaum_value": "(Cr.) 733.7400 Tracking Error Value  0.36 1 Year Tracking Error is",
        "mutual_fund_name": "Mirae Asset Mutual Fund",
        "page_number": [
            33
        ],
        "scheme_launch_date": "20 February 2023"
    },
    "MIRAE ASSET SILVER ETF": {
        "amc_name": "Mirae Asset Investment Managers (India) Private Limited",
        "benchmark_index": "Domestic Price of Physical Silver",
        "fund_manager": [
            {
                "managing_fund_since": "",
                "name": "Ritesh Patel",
                "qualification": "",
                "total_exp": ""
            },
            {
                "managing_fund_since": "",
                "name": "Akshay Udeshi",
                "qualification": "Co-Fund Manager",
                "total_exp": ""
            }
        ],
        "load": {
            "entry_load": null,
            "exit_load": "Please refer page no.74"
        },
        "main_scheme_name": "MIRAE ASSET SILVER ETF",
        "metrics": {
            "alpha": null,
            "arithmetic_mean_ratio": null,
            "average_div_yld": null,
            "average_pb": null,
            "average_pe": null,
            "avg_maturity": null,
            "beta": null,
            "correlation_ratio": null,
            "downside_deviation": null,
            "information_ratio": null,
            "macaulay": null,
            "mod_duration": null,
            "port_turnover_ratio": null,
            "r_squared_ratio": null,
            "roe_ratio": null,
            "sharpe": null,
            "sortino_ratio": null,
            "std_dev": null,
            "tracking_error": null,
            "treynor_ratio": null,
            "upside_deviation": null,
            "ytm": null
        },
        "min_addl_amt": "",
        "min_addl_amt_multiple": "",
        "min_amt": "\u20b9 25",
        "min_amt_multiple": "\u20b9 1",
        "monthly_aaum_date": "31-03-2025",
        "monthly_aaum_value": "(Cr.) 94.1000 Tracking Error Value  0.74 1 Year Tracking Error is",
        "mutual_fund_name": "Mirae Asset Mutual Fund",
        "page_number": [
            34
        ],
        "scheme_launch_date": "9 June 2023"
    },
    "MIRAE ASSET NIFTY 8-13 YR G-SEC ETF": {
        "amc_name": "Mirae Asset Investment Managers (India) Private Limited",
        "benchmark_index": "Nifty 8-13 yr G-Sec Index",
        "fund_manager": [
            {
                "managing_fund_since": "",
                "name": "Amit Modani",
                "qualification": "",
                "total_exp": ""
            }
        ],
        "load": {
            "entry_load": null,
            "exit_load": "Please refer page no.74"
        },
        "main_scheme_name": "MIRAE ASSET NIFTY 8-13 YR G-SEC ETF",
        "metrics": {
            "alpha": null,
            "arithmetic_mean_ratio": null,
            "average_div_yld": null,
            "average_pb": null,
            "average_pe": null,
            "avg_maturity": null,
            "beta": null,
            "correlation_ratio": null,
            "downside_deviation": null,
            "information_ratio": null,
            "macaulay": null,
            "mod_duration": null,
            "port_turnover_ratio": null,
            "r_squared_ratio": null,
            "roe_ratio": null,
            "sharpe": null,
            "sortino_ratio": null,
            "std_dev": null,
            "tracking_error": null,
            "treynor_ratio": null,
            "upside_deviation": null,
            "ytm": null
        },
        "min_addl_amt": "",
        "min_addl_amt_multiple": "",
        "min_amt": "\u20b9 25",
        "min_amt_multiple": "\u20b9 1",
        "monthly_aaum_date": "31-03-2025",
        "monthly_aaum_value": "(Cr.) 89.8000 Tracking Error Value  0.09 1 Year Tracking Error is",
        "mutual_fund_name": "Mirae Asset Mutual Fund",
        "page_number": [
            35
        ],
        "scheme_launch_date": "31 March 2023"
    },
    "MIRAE ASSET NIFTY 1D RATE LIQUID ETF": {
        "amc_name": "Mirae Asset Investment Managers (India) Private Limited",
        "benchmark_index": "Nifty 1D Rate Index",
        "fund_manager": [
            {
                "managing_fund_since": "",
                "name": "Amit Modani",
                "qualification": "",
                "total_exp": ""
            }
        ],
        "load": {
            "entry_load": null,
            "exit_load": "Please refer page no.75"
        },
        "main_scheme_name": "MIRAE ASSET NIFTY 1D RATE LIQUID ETF",
        "metrics": {
            "alpha": null,
            "arithmetic_mean_ratio": null,
            "average_div_yld": null,
            "average_pb": null,
            "average_pe": null,
            "avg_maturity": null,
            "beta": null,
            "correlation_ratio": null,
            "downside_deviation": null,
            "information_ratio": null,
            "macaulay": null,
            "mod_duration": null,
            "port_turnover_ratio": null,
            "r_squared_ratio": null,
            "roe_ratio": null,
            "sharpe": null,
            "sortino_ratio": null,
            "std_dev": null,
            "tracking_error": null,
            "treynor_ratio": null,
            "upside_deviation": null,
            "ytm": null
        },
        "min_addl_amt": "",
        "min_addl_amt_multiple": "",
        "min_amt": "\u20b9 25",
        "min_amt_multiple": "\u20b9 1",
        "monthly_aaum_date": "31-03-2025",
        "monthly_aaum_value": "(Cr.) 256.0500 Tracking Error Value  0.05 Since Inception Tracking Error is",
        "mutual_fund_name": "Mirae Asset Mutual Fund",
        "page_number": [
            36,
            37
        ],
        "scheme_launch_date": "7 November 2024"
    },
    "MIRAE ASSET NIFTY SDL JUN 2027 INDEX FUND": {
        "amc_name": "Mirae Asset Investment Managers (India) Private Limited",
        "benchmark_index": "Nifty SDL Jun 2027 Index",
        "fund_manager": [
            {
                "managing_fund_since": "",
                "name": "Amit Modani",
                "qualification": "",
                "total_exp": ""
            }
        ],
        "load": {
            "entry_load": null,
            "exit_load": "Please refer page no.82"
        },
        "main_scheme_name": "MIRAE ASSET NIFTY SDL JUN 2027 INDEX FUND",
        "metrics": {
            "alpha": null,
            "arithmetic_mean_ratio": null,
            "average_div_yld": null,
            "average_pb": null,
            "average_pe": null,
            "avg_maturity": "2.05 Years",
            "beta": null,
            "correlation_ratio": null,
            "downside_deviation": null,
            "information_ratio": null,
            "macaulay": "1.90 Years",
            "mod_duration": "1.84 Years",
            "port_turnover_ratio": null,
            "r_squared_ratio": null,
            "roe_ratio": null,
            "sharpe": null,
            "sortino_ratio": null,
            "std_dev": null,
            "tracking_error": null,
            "treynor_ratio": null,
            "upside_deviation": null,
            "ytm": "6.87"
        },
        "min_addl_amt": "\u20b9 1,000",
        "min_addl_amt_multiple": "\u20b9 1",
        "min_amt": "\u20b9 5,000",
        "min_amt_multiple": "\u20b9 1",
        "monthly_aaum_date": "31-03-2025",
        "monthly_aaum_value": "(Cr.) 757.5000 Tracking Error Value  0.79 1 Year Tracking Difference for Direct Plan is",
        "mutual_fund_name": "Mirae Asset Mutual Fund",
        "page_number": [
            56
        ],
        "scheme_launch_date": "30 March 2022"
    },
    "MIRAE ASSET CRISIL IBX GILT INDEX - APRIL 2033 FUND": {
        "amc_name": "Mirae Asset Investment Managers (India) Private Limited",
        "benchmark_index": "CRISIL IBX Gilt Index  April 2033",
        "fund_manager": [
            {
                "managing_fund_since": "",
                "name": "Amit Modani",
                "qualification": "",
                "total_exp": ""
            }
        ],
        "load": {
            "entry_load": null,
            "exit_load": "Please refer page no.82"
        },
        "main_scheme_name": "MIRAE ASSET CRISIL IBX GILT INDEX - APRIL 2033 FUND",
        "metrics": {
            "alpha": null,
            "arithmetic_mean_ratio": null,
            "average_div_yld": null,
            "average_pb": null,
            "average_pe": null,
            "avg_maturity": "7.42 Years",
            "beta": null,
            "correlation_ratio": null,
            "downside_deviation": null,
            "information_ratio": null,
            "macaulay": "5.79 Years",
            "mod_duration": "5.61 Years",
            "port_turnover_ratio": null,
            "r_squared_ratio": null,
            "roe_ratio": null,
            "sharpe": null,
            "sortino_ratio": null,
            "std_dev": null,
            "tracking_error": null,
            "treynor_ratio": null,
            "upside_deviation": null,
            "ytm": "6.69"
        },
        "min_addl_amt": "\u20b9 1,000",
        "min_addl_amt_multiple": "\u20b9 1",
        "min_amt": "\u20b9 5,000",
        "min_amt_multiple": "\u20b9 1",
        "monthly_aaum_date": "31-03-2025",
        "monthly_aaum_value": "(Cr.) 237.1800 Tracking Error Value  0.09 1 Year Tracking Difference for Direct Plan is",
        "mutual_fund_name": "Mirae Asset Mutual Fund",
        "page_number": [
            57
        ],
        "scheme_launch_date": "20 October 2022"
    },
    "MIRAE ASSET NIFTY AAA PSU BOND PLUS SDL AP 5050 INDEX FUND": {
        "amc_name": "Mirae Asset Investment Managers (India) Private Limited",
        "benchmark_index": "Nifty AAA PSU Bond Plus SDL Apr 2026 5050 Index",
        "fund_manager": [
            {
                "managing_fund_since": "",
                "name": "Amit Modani",
                "qualification": "",
                "total_exp": ""
            }
        ],
        "load": {
            "entry_load": null,
            "exit_load": "Please refer page no.82"
        },
        "main_scheme_name": "MIRAE ASSET NIFTY AAA PSU BOND PLUS SDL AP 5050 INDEX FUND",
        "metrics": {
            "alpha": null,
            "arithmetic_mean_ratio": null,
            "average_div_yld": null,
            "average_pb": null,
            "average_pe": null,
            "avg_maturity": "0.89 Years",
            "beta": null,
            "correlation_ratio": null,
            "downside_deviation": null,
            "information_ratio": null,
            "macaulay": "0.87 Years",
            "mod_duration": "0.83 Years",
            "port_turnover_ratio": null,
            "r_squared_ratio": null,
            "roe_ratio": null,
            "sharpe": null,
            "sortino_ratio": null,
            "std_dev": null,
            "tracking_error": null,
            "treynor_ratio": null,
            "upside_deviation": null,
            "ytm": "6.98"
        },
        "min_addl_amt": "\u20b9 1,000",
        "min_addl_amt_multiple": "\u20b9 1",
        "min_amt": "\u20b9 5,000",
        "min_amt_multiple": "\u20b9 1",
        "monthly_aaum_date": "31-03-2025",
        "monthly_aaum_value": "(Cr.) 90.1200 Tracking Error Value  0.27 1 Year Tracking Difference for Direct Plan is",
        "mutual_fund_name": "Mirae Asset Mutual Fund",
        "page_number": [
            58
        ],
        "scheme_launch_date": "20 October 2022"
    },
    "MIRAE ASSET NIFTY SDL JUNE 2028 INDEX FUND": {
        "amc_name": "Mirae Asset Investment Managers (India) Private Limited",
        "benchmark_index": "Nifty SDL June 2028 Index",
        "fund_manager": [
            {
                "managing_fund_since": "",
                "name": "Mahendra Jajoo",
                "qualification": "",
                "total_exp": ""
            }
        ],
        "load": {
            "entry_load": null,
            "exit_load": "Please refer page no.83"
        },
        "main_scheme_name": "MIRAE ASSET NIFTY SDL JUNE 2028 INDEX FUND",
        "metrics": {
            "alpha": null,
            "arithmetic_mean_ratio": null,
            "average_div_yld": null,
            "average_pb": null,
            "average_pe": null,
            "avg_maturity": "3.02 Years",
            "beta": null,
            "correlation_ratio": null,
            "downside_deviation": null,
            "information_ratio": null,
            "macaulay": "2.69 Years",
            "mod_duration": "2.60 Years",
            "port_turnover_ratio": null,
            "r_squared_ratio": null,
            "roe_ratio": null,
            "sharpe": null,
            "sortino_ratio": null,
            "std_dev": null,
            "tracking_error": null,
            "treynor_ratio": null,
            "upside_deviation": null,
            "ytm": "6.95"
        },
        "min_addl_amt": "\u20b9 1,000",
        "min_addl_amt_multiple": "\u20b9 1",
        "min_amt": "\u20b9 5,000",
        "min_amt_multiple": "\u20b9 1",
        "monthly_aaum_date": "31-03-2025",
        "monthly_aaum_value": "(Cr.) 71.7200 Tracking Error Value  1.24 1 Year Tracking Difference for Direct Plan is",
        "mutual_fund_name": "Mirae Asset Mutual Fund",
        "page_number": [
            59
        ],
        "scheme_launch_date": "31 March 2023"
    }
}