{
    "Angel One Nifty 1D Rate Liquid ETF - Growth": {
        "amc_name": "Angel One AMC Limited",
        "benchmark_index": "Nifty 1D Rate Index",
        "fund_manager": [
            {
                "managing_fund_since": "March 2025",
                "name": "Mr. Mehul Dama",
                "qualification": "",
                "total_exp": "19 years"
            },
            {
                "managing_fund_since": "March 2025",
                "name": "Mr. Kewal Shah",
                "qualification": "",
                "total_exp": "10 years"
            }
        ],
        "load": {
            "entry_load": "",
            "exit_load": ""
        },
        "main_scheme_name": "Angel One Mutual Fund",
        "metrics": {
            "alpha": null,
            "arithmetic_mean_ratio": null,
            "average_div_yld": null,
            "average_pb": null,
            "average_pe": null,
            "avg_maturity": null,
            "beta": null,
            "correlation_ratio": null,
            "downside_deviation": null,
            "information_ratio": null,
            "macaulay": null,
            "mod_duration": null,
            "port_turnover_ratio": null,
            "r_squared_ratio": null,
            "roe_ratio": null,
            "sharpe": null,
            "sortino_ratio": null,
            "std_dev": null,
            "tracking_error": null,
            "treynor_ratio": null,
            "upside_deviation": null,
            "ytm": null
        },
        "min_addl_amt": "",
        "min_addl_amt_multiple": "",
        "min_amt": "",
        "min_amt_multiple": "",
        "monthly_aaum_date": "2025-03-31",
        "monthly_aaum_value": "\u20b9 5.92 crs",
        "mutual_fund_name": "Angel One Mutual Fund",
        "page_number": [0],
        "scheme_launch_date": "25th March 2025"
    },
    "Angel One Nifty Total Market ETF ": {
        "amc_name": "Angel One AMC Limited",
        "benchmark_index": "Nifty Total Market TRI (Total Return Index)",
        "fund_manager": [
            {
                "managing_fund_since": "March 2025",
                "name": "Mr. Mehul Dama",
                "qualification": "",
                "total_exp": "19 years"
            },
            {
                "managing_fund_since": "March 2025",
                "name": "Mr. Kewal Shah",
                "qualification": "",
                "total_exp": "10 years"
            }
        ],
        "load": {
            "entry_load": "",
            "exit_load": ""
        },
        "main_scheme_name": "Angel One Mutual Fund",
        "metrics": {
            "alpha": null,
            "arithmetic_mean_ratio": null,
            "average_div_yld": null,
            "average_pb": null,
            "average_pe": null,
            "avg_maturity": null,
            "beta": null,
            "correlation_ratio": null,
            "downside_deviation": null,
            "information_ratio": null,
            "macaulay": null,
            "mod_duration": null,
            "port_turnover_ratio": null,
            "r_squared_ratio": null,
            "roe_ratio": null,
            "sharpe": null,
            "sortino_ratio": null,
            "std_dev": null,
            "tracking_error": "0.05",
            "treynor_ratio": null,
            "upside_deviation": null,
            "ytm": null
        },
        "min_addl_amt": "",
        "min_addl_amt_multiple": "",
        "min_amt": "",
        "min_amt_multiple": "",
        "monthly_aaum_date": "2025-03-31",
        "monthly_aaum_value": "\u20b9 15.60 crs",
        "mutual_fund_name": "Angel One Mutual Fund",
        "page_number": [2],
        "scheme_launch_date": "28th February 2025"
    },
    "Angel One Nifty Total Market Index Fund": {
        "amc_name": "Angel One AMC Limited",
        "benchmark_index": "Nifty 1D Rate Index",
        "fund_manager": [
            {
                "managing_fund_since": "March 2025",
                "name": "Mr. Mehul Dama",
                "qualification": "",
                "total_exp": "19 years"
            },
            {
                "managing_fund_since": "March 2025",
                "name": "Mr. Kewal Shah",
                "qualification": "",
                "total_exp": "10 years"
            }
        ],
        "load": {
            "entry_load": "NA",
            "exit_load": "Nil"
        },
        "main_scheme_name": "Angel One Mutual Fund",
        "metrics": {
            "alpha": null,
            "arithmetic_mean_ratio": null,
            "average_div_yld": null,
            "average_pb": null,
            "average_pe": null,
            "avg_maturity": null,
            "beta": null,
            "correlation_ratio": null,
            "downside_deviation": null,
            "information_ratio": null,
            "macaulay": null,
            "mod_duration": null,
            "port_turnover_ratio": null,
            "r_squared_ratio": null,
            "roe_ratio": null,
            "sharpe": null,
            "sortino_ratio": null,
            "std_dev": null,
            "tracking_error": "0.16",
            "treynor_ratio": null,
            "upside_deviation": null,
            "ytm": null
        },
        "min_addl_amt": "\u20b9 1000",
        "min_addl_amt_multiple": "\u20b9 1",
        "min_amt": "\u20b9 1000",
        "min_amt_multiple": "\u20b9 1",
        "monthly_aaum_date": "2025-03-31",
        "monthly_aaum_value": "\u20b9 31.84 crs",
        "mutual_fund_name": "Angel One Mutual Fund",
        "page_number": [0],
        "scheme_launch_date": "28th February 2025"
    }
}
