{
    "Franklin India Flexi Cap Fund": {
        "amc_name": "Franklin Templeton Asset Management (India) Private Limited",
        "benchmark_index": "Nifty 500 ",
        "fund_manager": [
            {
                "managing_fund_since": "",
                "name": "R. Janakiraman",
                "qualification": "",
                "total_exp": ""
            },
            {
                "managing_fund_since": "",
                "name": "Rajasa Kakulavarapu",
                "qualification": "",
                "total_exp": ""
            },
            {
                "managing_fund_since": "",
                "name": "Sandeep Manam",
                "qualification": "",
                "total_exp": ""
            }
        ],
        "load": {
            "entry_load": "Nil",
            "exit_load": "(for each purchase of Units) In respect of each purchase of Units - 1 if the Units are redeemed/switched-out within one year of allotment Different plans have a different expense structure"
        },
        "main_scheme_name": "Franklin India Flexi Cap Fund",
        "metrics": {
            "alpha": null,
            "arithmetic_mean_ratio": null,
            "average_div_yld": null,
            "average_pb": null,
            "average_pe": null,
            "avg_maturity": null,
            "beta": "0.89",
            "correlation_ratio": null,
            "downside_deviation": null,
            "information_ratio": null,
            "macaulay": null,
            "mod_duration": null,
            "port_turnover_ratio": "26.70",
            "r_squared_ratio": null,
            "roe_ratio": null,
            "sharpe": "0.71",
            "sortino_ratio": null,
            "std_dev": "3.99",
            "tracking_error": null,
            "treynor_ratio": null,
            "upside_deviation": null,
            "ytm": null
        },
        "min_addl_amt": "\u20b9 1000",
        "min_addl_amt_multiple": "\u20b9 1",
        "min_amt": "\u20b9 5000",
        "min_amt_multiple": "\u20b9 1",
        "monthly_aaum_date": "31-03-2025",
        "monthly_aaum_value": "\u20b9 16835.19",
        "mutual_fund_name": "Franklin Templeton Mutual Fund",
        "page_number": [
            5,
            18
        ],
        "scheme_launch_date": "September 29, 1994 "
    },
    "Franklin India Opportunities Fund": {
        "amc_name": "Franklin Templeton Asset Management (India) Private Limited",
        "benchmark_index": "Nifty 500 ",
        "fund_manager": [
            {
                "managing_fund_since": "",
                "name": "Kiran Sebastian",
                "qualification": "",
                "total_exp": ""
            },
            {
                "managing_fund_since": "",
                "name": "Janakiraman Sandeep Manam",
                "qualification": "",
                "total_exp": ""
            }
        ],
        "load": {
            "entry_load": "Nil",
            "exit_load": "(for each purchase of Units) In respect of each purchase of Units - 1 if the Units are redeemed/switched-out within one year of allotment Different plans have a different expense structure"
        },
        "main_scheme_name": "Franklin India Opportunities Fund",
        "metrics": {
            "alpha": null,
            "arithmetic_mean_ratio": null,
            "average_div_yld": null,
            "average_pb": null,
            "average_pe": null,
            "avg_maturity": null,
            "beta": "0.98",
            "correlation_ratio": null,
            "downside_deviation": null,
            "information_ratio": null,
            "macaulay": null,
            "mod_duration": null,
            "port_turnover_ratio": "58.00",
            "r_squared_ratio": null,
            "roe_ratio": null,
            "sharpe": "1.18",
            "sortino_ratio": null,
            "std_dev": "4.85",
            "tracking_error": null,
            "treynor_ratio": null,
            "upside_deviation": null,
            "ytm": null
        },
        "min_addl_amt": "\u20b9 1000",
        "min_addl_amt_multiple": "\u20b9 1",
        "min_amt": "\u20b9 5000",
        "min_amt_multiple": "\u20b9 1",
        "monthly_aaum_date": "31-03-2025",
        "monthly_aaum_value": "\u20b9 5802.41",
        "mutual_fund_name": "Franklin Templeton Mutual Fund",
        "page_number": [
            6,
            27
        ],
        "scheme_launch_date": "February 21, 2000 "
    },
    "Franklin India Liquid Fund": {
        "amc_name": "Franklin Templeton Asset Management (India) Private Limited",
        "benchmark_index": "NIFTY Liquid Index A-I ",
        "fund_manager": [
            {
                "managing_fund_since": "",
                "name": "Pallab Roy",
                "qualification": "",
                "total_exp": ""
            },
            {
                "managing_fund_since": "",
                "name": "Rohan Maru",
                "qualification": "",
                "total_exp": ""
            }
        ],
        "load": {
            "entry_load": "",
            "exit_load": ""
        },
        "main_scheme_name": "Franklin India Liquid Fund",
        "metrics": {
            "alpha": null,
            "arithmetic_mean_ratio": null,
            "average_div_yld": null,
            "average_pb": null,
            "average_pe": null,
            "avg_maturity": "0.22 Years 79 Days  7.11 0.20 Years 74 D",
            "beta": null,
            "correlation_ratio": null,
            "downside_deviation": null,
            "information_ratio": null,
            "macaulay": "FIL Gro  Yields of all securities are in",
            "mod_duration": "T NA",
            "port_turnover_ratio": null,
            "r_squared_ratio": null,
            "roe_ratio": null,
            "sharpe": null,
            "sortino_ratio": null,
            "std_dev": null,
            "tracking_error": null,
            "treynor_ratio": null,
            "upside_deviation": null,
            "ytm": ""
        },
        "min_addl_amt": "\u20b9 1",
        "min_addl_amt_multiple": "\u20b9 1",
        "min_amt": "\u20b9 25",
        "min_amt_multiple": "\u20b9 1",
        "monthly_aaum_date": "31-03-2025",
        "monthly_aaum_value": "\u20b9 2414.66",
        "mutual_fund_name": "Franklin Templeton Mutual Fund",
        "page_number": [
            7,
            38,
            55
        ],
        "scheme_launch_date": "FILF - R Plan April 29, 1998 FILF- I Plan June 22, 2004 FILF - SI Plan September 2, 2005 "
    },
    "Franklin India Arbitrage Fund": {
        "amc_name": "Franklin Templeton Asset Management (India) Private Limited",
        "benchmark_index": "Nifty 50 Arbitrage Index ",
        "fund_manager": [
            {
                "managing_fund_since": "",
                "name": "Yogik Pitti",
                "qualification": "",
                "total_exp": ""
            },
            {
                "managing_fund_since": "",
                "name": "Rajasa Kakulavarapu",
                "qualification": "",
                "total_exp": ""
            },
            {
                "managing_fund_since": "",
                "name": "Pallab Roy",
                "qualification": "",
                "total_exp": ""
            },
            {
                "managing_fund_since": "",
                "name": "Rohan Maru",
                "qualification": "",
                "total_exp": ""
            }
        ],
        "load": {
            "entry_load": "Nil",
            "exit_load": "(for each purchase of Units) Nil (For 10 of the units purchased on or before 1 Month from the date of allotment) Upto 1 Month - 0.25 Nil - If redeemed after 30 days from the date of allotment  (w.e.f. January 06, 2025) Different plans have a different expense structure Sales suspended in Plan B - All Options"
        },
        "main_scheme_name": "Franklin India Arbitrage Fund",
        "metrics": {
            "alpha": null,
            "arithmetic_mean_ratio": null,
            "average_div_yld": null,
            "average_pb": null,
            "average_pe": null,
            "avg_maturity": "",
            "beta": null,
            "correlation_ratio": null,
            "downside_deviation": null,
            "information_ratio": null,
            "macaulay": "0.48 years  Yields of all securities are",
            "mod_duration": "0.45 years",
            "port_turnover_ratio": "904.72",
            "r_squared_ratio": null,
            "roe_ratio": null,
            "sharpe": null,
            "sortino_ratio": null,
            "std_dev": null,
            "tracking_error": null,
            "treynor_ratio": null,
            "upside_deviation": null,
            "ytm": "6.82"
        },
        "min_addl_amt": "\u20b9 1000",
        "min_addl_amt_multiple": "\u20b9 1",
        "min_amt": "",
        "min_amt_multiple": "",
        "monthly_aaum_date": "31-03-2025",
        "monthly_aaum_value": "\u20b9 195.88",
        "mutual_fund_name": "Franklin Templeton Mutual Fund",
        "page_number": [
            8,
            44
        ],
        "scheme_launch_date": "November 19, 2024 "
    },
    "Franklin India Equity Hybrid Fund": {
        "amc_name": "Franklin Templeton Asset Management (India) Private Limited",
        "benchmark_index": "CRISIL Hybrid 35+65 - Aggressive Index ",
        "fund_manager": [
            {
                "managing_fund_since": "",
                "name": "Rajasa Kakulavarapu",
                "qualification": "",
                "total_exp": ""
            },
            {
                "managing_fund_since": "",
                "name": "Chandni Gupta",
                "qualification": "",
                "total_exp": ""
            },
            {
                "managing_fund_since": "",
                "name": "Anuj Tagra",
                "qualification": "",
                "total_exp": ""
            },
            {
                "managing_fund_since": "",
                "name": "Sandeep Manam",
                "qualification": "",
                "total_exp": ""
            }
        ],
        "load": {
            "entry_load": "Nil",
            "exit_load": "(for each purchase of Units) Upto 10 of the Units may be redeemed without any exit load within 1 year from the date of allotment. Any redemption in excess of the above limit shall be subject to the following exit load 1.00 - if redeemed on or before 1 year from the date of allotment Nil - if redeemed after 1 year from the date of allotment Different plans have a different expense structure"
        },
        "main_scheme_name": "Franklin India Equity Hybrid Fund",
        "metrics": {
            "alpha": null,
            "arithmetic_mean_ratio": null,
            "average_div_yld": null,
            "average_pb": null,
            "average_pe": null,
            "avg_maturity": "7.51",
            "beta": null,
            "correlation_ratio": null,
            "downside_deviation": null,
            "information_ratio": null,
            "macaulay": "3.63 Years  Yields of all securities are",
            "mod_duration": "3.45 Years",
            "port_turnover_ratio": "32.34",
            "r_squared_ratio": null,
            "roe_ratio": null,
            "sharpe": null,
            "sortino_ratio": null,
            "std_dev": null,
            "tracking_error": null,
            "treynor_ratio": null,
            "upside_deviation": null,
            "ytm": ""
        },
        "min_addl_amt": "\u20b9 1000",
        "min_addl_amt_multiple": "\u20b9 1",
        "min_amt": "\u20b9 5000",
        "min_amt_multiple": "\u20b9 1",
        "monthly_aaum_date": "31-03-2025",
        "monthly_aaum_value": "\u20b9 2001.36",
        "mutual_fund_name": "Franklin Templeton Mutual Fund",
        "page_number": [
            9,
            49
        ],
        "scheme_launch_date": "December 10, 1999 "
    },
    "Franklin India Multi Cap Fund": {
        "amc_name": "Franklin Templeton Asset Management (India) Private Limited",
        "benchmark_index": "NIFTY 500 Multicap 50:25:25 TRI ",
        "fund_manager": [
            {
                "managing_fund_since": "",
                "name": "Kiran Sebastian",
                "qualification": "",
                "total_exp": ""
            },
            {
                "managing_fund_since": "",
                "name": "Akhil Kalluri",
                "qualification": "",
                "total_exp": ""
            },
            {
                "managing_fund_since": "",
                "name": "R. Janakiraman Sandeep",
                "qualification": "",
                "total_exp": ""
            }
        ],
        "load": {
            "entry_load": "Nil",
            "exit_load": "(for each purchase of Units) In respect of each purchase of Units - 1 if the Units are redeemed/switched-out within one year of allotment. Different plans have a different expense structure"
        },
        "main_scheme_name": "Franklin India Multi Cap Fund",
        "metrics": {
            "alpha": null,
            "arithmetic_mean_ratio": null,
            "average_div_yld": null,
            "average_pb": null,
            "average_pe": null,
            "avg_maturity": null,
            "beta": null,
            "correlation_ratio": null,
            "downside_deviation": null,
            "information_ratio": null,
            "macaulay": null,
            "mod_duration": null,
            "port_turnover_ratio": "28.12",
            "r_squared_ratio": null,
            "roe_ratio": null,
            "sharpe": null,
            "sortino_ratio": null,
            "std_dev": null,
            "tracking_error": null,
            "treynor_ratio": null,
            "upside_deviation": null,
            "ytm": null
        },
        "min_addl_amt": "\u20b9 1000",
        "min_addl_amt_multiple": "\u20b9 1",
        "min_amt": "\u20b9 5000",
        "min_amt_multiple": "\u20b9 1",
        "monthly_aaum_date": "31-03-2025",
        "monthly_aaum_value": "\u20b9 4277.85",
        "mutual_fund_name": "Franklin Templeton Mutual Fund",
        "page_number": [
            16,
            57
        ],
        "scheme_launch_date": "July 29, 2024 "
    },
    "Franklin India Bluechip Fund": {
        "amc_name": "Franklin Templeton Asset Management (India) Private Limited",
        "benchmark_index": "Nifty 100 ",
        "fund_manager": [
            {
                "managing_fund_since": "",
                "name": "Venkatesh Sanjeevi",
                "qualification": "",
                "total_exp": ""
            },
            {
                "managing_fund_since": "",
                "name": "Ajay Argal",
                "qualification": "",
                "total_exp": ""
            },
            {
                "managing_fund_since": "",
                "name": "Sandeep Manam",
                "qualification": "",
                "total_exp": ""
            }
        ],
        "load": {
            "entry_load": "Nil",
            "exit_load": "(for each purchase of Units) In respect of each purchase of Units - 1 if the Units are redeemed/switched-out within one year of allotment Different plans have a different expense structure"
        },
        "main_scheme_name": "Franklin India Bluechip Fund",
        "metrics": {
            "alpha": null,
            "arithmetic_mean_ratio": null,
            "average_div_yld": null,
            "average_pb": null,
            "average_pe": null,
            "avg_maturity": null,
            "beta": "0.86",
            "correlation_ratio": null,
            "downside_deviation": null,
            "information_ratio": null,
            "macaulay": null,
            "mod_duration": null,
            "port_turnover_ratio": "89.12",
            "r_squared_ratio": null,
            "roe_ratio": null,
            "sharpe": "0.35",
            "sortino_ratio": null,
            "std_dev": "3.73",
            "tracking_error": null,
            "treynor_ratio": null,
            "upside_deviation": null,
            "ytm": null
        },
        "min_addl_amt": "\u20b9 1000",
        "min_addl_amt_multiple": "\u20b9 1",
        "min_amt": "\u20b9 5000",
        "min_amt_multiple": "\u20b9 1",
        "monthly_aaum_date": "31-03-2025",
        "monthly_aaum_value": "\u20b9 7138.52",
        "mutual_fund_name": "Franklin Templeton Mutual Fund",
        "page_number": [
            17,
            52,
            58
        ],
        "scheme_launch_date": "December 1, 1993 "
    },
    "Franklin India Equity Advantage Fund": {
        "amc_name": "Franklin Templeton Asset Management (India) Private Limited",
        "benchmark_index": "Nifty LargeMidcap 250 ",
        "fund_manager": [
            {
                "managing_fund_since": "",
                "name": "Venkatesh Sanjeevi",
                "qualification": "",
                "total_exp": ""
            },
            {
                "managing_fund_since": "",
                "name": "R. Janakiraman",
                "qualification": "",
                "total_exp": ""
            },
            {
                "managing_fund_since": "",
                "name": "Sandeep Manam",
                "qualification": "",
                "total_exp": ""
            }
        ],
        "load": {
            "entry_load": "Nil",
            "exit_load": "(for each purchase of Units) In respect of each purchase of Units - 1 if the Units are redeemed/switched-out within one year of allotment Different plans have a different expense structure"
        },
        "main_scheme_name": "Franklin India Equity Advantage Fund",
        "metrics": {
            "alpha": null,
            "arithmetic_mean_ratio": null,
            "average_div_yld": null,
            "average_pb": null,
            "average_pe": null,
            "avg_maturity": null,
            "beta": "0.87",
            "correlation_ratio": null,
            "downside_deviation": null,
            "information_ratio": null,
            "macaulay": null,
            "mod_duration": null,
            "port_turnover_ratio": "113.78",
            "r_squared_ratio": null,
            "roe_ratio": null,
            "sharpe": "0.42",
            "sortino_ratio": null,
            "std_dev": "4.09",
            "tracking_error": null,
            "treynor_ratio": null,
            "upside_deviation": null,
            "ytm": null
        },
        "min_addl_amt": "\u20b9 1000",
        "min_addl_amt_multiple": "\u20b9 1",
        "min_amt": "\u20b9 5000",
        "min_amt_multiple": "\u20b9 1",
        "monthly_aaum_date": "31-03-2025",
        "monthly_aaum_value": "\u20b9 3205.47",
        "mutual_fund_name": "Franklin Templeton Mutual Fund",
        "page_number": [
            19
        ],
        "scheme_launch_date": "March 2, 2005 "
    },
    "Franklin India ELSS Tax Saver Fund": {
        "amc_name": "Franklin Templeton Asset Management (India) Private Limited",
        "benchmark_index": "Nifty 500 ",
        "fund_manager": [
            {
                "managing_fund_since": "",
                "name": "R. Janakiraman",
                "qualification": "",
                "total_exp": ""
            },
            {
                "managing_fund_since": "",
                "name": "Rajasa Kakulavarapu",
                "qualification": "",
                "total_exp": ""
            }
        ],
        "load": {
            "entry_load": "Nil",
            "exit_load": "(for each purchase of Units) Nil Different plans have a different expense structure"
        },
        "main_scheme_name": "Franklin India ELSS Tax Saver Fund",
        "metrics": {
            "alpha": null,
            "arithmetic_mean_ratio": null,
            "average_div_yld": null,
            "average_pb": null,
            "average_pe": null,
            "avg_maturity": null,
            "beta": "0.91",
            "correlation_ratio": null,
            "downside_deviation": null,
            "information_ratio": null,
            "macaulay": null,
            "mod_duration": null,
            "port_turnover_ratio": "22.95",
            "r_squared_ratio": null,
            "roe_ratio": null,
            "sharpe": "0.73",
            "sortino_ratio": null,
            "std_dev": "4.06",
            "tracking_error": null,
            "treynor_ratio": null,
            "upside_deviation": null,
            "ytm": null
        },
        "min_addl_amt": "\u20b9 500",
        "min_addl_amt_multiple": "\u20b9 500",
        "min_amt": "\u20b9 500",
        "min_amt_multiple": "\u20b9 500",
        "monthly_aaum_date": "31-03-2025",
        "monthly_aaum_value": "\u20b9 6182.72",
        "mutual_fund_name": "Franklin Templeton Mutual Fund",
        "page_number": [
            20
        ],
        "scheme_launch_date": "April 10, 1999 "
    },
    "Franklin India Focused Equity Fund": {
        "amc_name": "Franklin Templeton Asset Management (India) Private Limited",
        "benchmark_index": "Nifty 500 ",
        "fund_manager": [
            {
                "managing_fund_since": "",
                "name": "Ajay Argal",
                "qualification": "",
                "total_exp": ""
            },
            {
                "managing_fund_since": "",
                "name": "Venkatesh Sanjeevi",
                "qualification": "",
                "total_exp": ""
            },
            {
                "managing_fund_since": "",
                "name": "Sandeep Manam",
                "qualification": "",
                "total_exp": ""
            }
        ],
        "load": {
            "entry_load": "Nil",
            "exit_load": "(for each purchase of Units) 1 if redeemed/switched- out within one year of allotment. Different plans have a different expense structure"
        },
        "main_scheme_name": "Franklin India Focused Equity Fund",
        "metrics": {
            "alpha": null,
            "arithmetic_mean_ratio": null,
            "average_div_yld": null,
            "average_pb": null,
            "average_pe": null,
            "avg_maturity": null,
            "beta": "0.85",
            "correlation_ratio": null,
            "downside_deviation": null,
            "information_ratio": null,
            "macaulay": null,
            "mod_duration": null,
            "port_turnover_ratio": "19.37",
            "r_squared_ratio": null,
            "roe_ratio": null,
            "sharpe": "0.59",
            "sortino_ratio": null,
            "std_dev": "3.87",
            "tracking_error": null,
            "treynor_ratio": null,
            "upside_deviation": null,
            "ytm": null
        },
        "min_addl_amt": "\u20b9 1000",
        "min_addl_amt_multiple": "\u20b9 1",
        "min_amt": "\u20b9 5000",
        "min_amt_multiple": "\u20b9 1",
        "monthly_aaum_date": "31-03-2025",
        "monthly_aaum_value": "\u20b9 11161.37",
        "mutual_fund_name": "Franklin Templeton Mutual Fund",
        "page_number": [
            21
        ],
        "scheme_launch_date": "July 26, 2007 "
    },
    "Templeton India Value Fund": {
        "amc_name": "Franklin Templeton Asset Management (India) Private Limited",
        "benchmark_index": "# Tier I - Nifty 500 Index Tier II - Nifty500 Value 50 Index # The benchmark has been changed from NIFTY500 Value 50 TRI to Nifty 500 Index w.e.f. August 1, 2023. ",
        "fund_manager": [
            {
                "managing_fund_since": "",
                "name": "Ajay Argal",
                "qualification": "",
                "total_exp": ""
            },
            {
                "managing_fund_since": "",
                "name": "Rajasa Kakulavarapu",
                "qualification": "",
                "total_exp": ""
            }
        ],
        "load": {
            "entry_load": "Nil",
            "exit_load": "(for each purchase of Units) In respect of each purchase of Units - 1 if the Units are redeemed/switched-out within one year of allotment Different plans have a different expense structure"
        },
        "main_scheme_name": "Templeton India Value Fund",
        "metrics": {
            "alpha": null,
            "arithmetic_mean_ratio": null,
            "average_div_yld": null,
            "average_pb": null,
            "average_pe": null,
            "avg_maturity": null,
            "beta": "0.72",
            "correlation_ratio": null,
            "downside_deviation": null,
            "information_ratio": null,
            "macaulay": null,
            "mod_duration": null,
            "port_turnover_ratio": "32.94",
            "r_squared_ratio": null,
            "roe_ratio": null,
            "sharpe": "0.80",
            "sortino_ratio": null,
            "std_dev": "4.02",
            "tracking_error": null,
            "treynor_ratio": null,
            "upside_deviation": null,
            "ytm": null
        },
        "min_addl_amt": "\u20b9 1000",
        "min_addl_amt_multiple": "\u20b9 1",
        "min_amt": "\u20b9 5000",
        "min_amt_multiple": "\u20b9 1",
        "monthly_aaum_date": "31-03-2025",
        "monthly_aaum_value": "\u20b9 2028.54",
        "mutual_fund_name": "Franklin Templeton Mutual Fund",
        "page_number": [
            22
        ],
        "scheme_launch_date": "September 10, 1996 "
    },
    "Templeton India Equity Income Fund": {
        "amc_name": "Franklin Templeton Asset Management (India) Private Limited",
        "benchmark_index": "# Tier I - Nifty 500 Index Tier II - Nifty Dividend Opportunities 50 Index # The benchmark has been changed from Nifty Dividend Opportunities 50 to Nifty 500 Index w.e.f August 1, 2023. ",
        "fund_manager": [
            {
                "managing_fund_since": "",
                "name": "Rajasa Kakulavarapu",
                "qualification": "",
                "total_exp": ""
            },
            {
                "managing_fund_since": "",
                "name": "Ajay Argal",
                "qualification": "",
                "total_exp": ""
            },
            {
                "managing_fund_since": "",
                "name": "Sandeep Manam",
                "qualification": "",
                "total_exp": ""
            }
        ],
        "load": {
            "entry_load": "Nil",
            "exit_load": "(for each purchase of Units) In respect of each purchase of Units - 1 if the Units are redeemed/switched-out within one year of allotment Different plans have a different expense structure"
        },
        "main_scheme_name": "Templeton India Equity Income Fund",
        "metrics": {
            "alpha": null,
            "arithmetic_mean_ratio": null,
            "average_div_yld": null,
            "average_pb": null,
            "average_pe": null,
            "avg_maturity": null,
            "beta": "0.82",
            "correlation_ratio": null,
            "downside_deviation": null,
            "information_ratio": null,
            "macaulay": null,
            "mod_duration": null,
            "port_turnover_ratio": "10.10",
            "r_squared_ratio": null,
            "roe_ratio": null,
            "sharpe": "0.77",
            "sortino_ratio": null,
            "std_dev": "3.81",
            "tracking_error": null,
            "treynor_ratio": null,
            "upside_deviation": null,
            "ytm": null
        },
        "min_addl_amt": "\u20b9 1000",
        "min_addl_amt_multiple": "\u20b9 1",
        "min_amt": "\u20b9 5000",
        "min_amt_multiple": "\u20b9 1",
        "monthly_aaum_date": "31-03-2025",
        "monthly_aaum_value": "\u20b9 2257.38",
        "mutual_fund_name": "Franklin Templeton Mutual Fund",
        "page_number": [
            23,
            53,
            59
        ],
        "scheme_launch_date": "May 18, 2006 "
    },
    "Franklin India Prima Fund": {
        "amc_name": "Franklin Templeton Asset Management (India) Private Limited",
        "benchmark_index": "Nifty Midcap 150 ",
        "fund_manager": [
            {
                "managing_fund_since": "",
                "name": "Akhil Kalluri",
                "qualification": "",
                "total_exp": ""
            },
            {
                "managing_fund_since": "",
                "name": "Janakiraman Sandeep Manam",
                "qualification": "",
                "total_exp": ""
            }
        ],
        "load": {
            "entry_load": "Nil",
            "exit_load": "(for each purchase of Units) In respect of each purchase of Units - 1 if the Units are redeemed/switched-out within one year of allotment Different plans have a different expense structure"
        },
        "main_scheme_name": "Franklin India Prima Fund",
        "metrics": {
            "alpha": null,
            "arithmetic_mean_ratio": null,
            "average_div_yld": null,
            "average_pb": null,
            "average_pe": null,
            "avg_maturity": null,
            "beta": "0.90",
            "correlation_ratio": null,
            "downside_deviation": null,
            "information_ratio": null,
            "macaulay": null,
            "mod_duration": null,
            "port_turnover_ratio": "24.90",
            "r_squared_ratio": null,
            "roe_ratio": null,
            "sharpe": "0.83",
            "sortino_ratio": null,
            "std_dev": "4.72",
            "tracking_error": null,
            "treynor_ratio": null,
            "upside_deviation": null,
            "ytm": null
        },
        "min_addl_amt": "\u20b9 1000",
        "min_addl_amt_multiple": "\u20b9 1",
        "min_amt": "\u20b9 5000",
        "min_amt_multiple": "\u20b9 1",
        "monthly_aaum_date": "31-03-2025",
        "monthly_aaum_value": "\u20b9 11055.32",
        "mutual_fund_name": "Franklin Templeton Mutual Fund",
        "page_number": [
            24
        ],
        "scheme_launch_date": "December 1, 1993 "
    },
    "Franklin India Smaller Companies Fund": {
        "amc_name": "Franklin Templeton Asset Management (India) Private Limited",
        "benchmark_index": "Nifty Smallcap 250 ",
        "fund_manager": [
            {
                "managing_fund_since": "",
                "name": "Akhil Kalluri",
                "qualification": "",
                "total_exp": ""
            },
            {
                "managing_fund_since": "",
                "name": "Janakiraman Sandeep Manam",
                "qualification": "",
                "total_exp": ""
            }
        ],
        "load": {
            "entry_load": "Nil",
            "exit_load": "(for each purchase of Units) 1 if the Units are redeemed/switched-out within one year of allotment Different plans have a different expense structure"
        },
        "main_scheme_name": "Franklin India Smaller Companies Fund",
        "metrics": {
            "alpha": null,
            "arithmetic_mean_ratio": null,
            "average_div_yld": null,
            "average_pb": null,
            "average_pe": null,
            "avg_maturity": null,
            "beta": "0.80",
            "correlation_ratio": null,
            "downside_deviation": null,
            "information_ratio": null,
            "macaulay": null,
            "mod_duration": null,
            "port_turnover_ratio": "23.87",
            "r_squared_ratio": null,
            "roe_ratio": null,
            "sharpe": "0.71",
            "sortino_ratio": null,
            "std_dev": "5.04",
            "tracking_error": null,
            "treynor_ratio": null,
            "upside_deviation": null,
            "ytm": null
        },
        "min_addl_amt": "\u20b9 1000",
        "min_addl_amt_multiple": "\u20b9 1",
        "min_amt": "\u20b9 5000",
        "min_amt_multiple": "\u20b9 1",
        "monthly_aaum_date": "31-03-2025",
        "monthly_aaum_value": "\u20b9 11672.95",
        "mutual_fund_name": "Franklin Templeton Mutual Fund",
        "page_number": [
            25
        ],
        "scheme_launch_date": "January 13, 2006 (Launched as a closed end scheme, the scheme was converted into an open end scheme effective January 14, 2011). "
    },
    "Franklin Build India Fund": {
        "amc_name": "Franklin Templeton Asset Management (India) Private Limited",
        "benchmark_index": "BSE India Infrastructure Index The Benchmark name is renamed from S&P BSE India Infrastructure Index to BSE India Infrastructure Index w.e.f. 01st June, 2024. ",
        "fund_manager": [
            {
                "managing_fund_since": "",
                "name": "Ajay Argal",
                "qualification": "",
                "total_exp": ""
            },
            {
                "managing_fund_since": "",
                "name": "Kiran Sebastian Sandeep",
                "qualification": "",
                "total_exp": ""
            }
        ],
        "load": {
            "entry_load": "Nil",
            "exit_load": "(for each purchase of Units) 1 if redeemed/switched- out  within one year of allotment. Different plans have a different expense structure"
        },
        "main_scheme_name": "Franklin Build India Fund",
        "metrics": {
            "alpha": null,
            "arithmetic_mean_ratio": null,
            "average_div_yld": null,
            "average_pb": null,
            "average_pe": null,
            "avg_maturity": null,
            "beta": "0.55",
            "correlation_ratio": null,
            "downside_deviation": null,
            "information_ratio": null,
            "macaulay": null,
            "mod_duration": null,
            "port_turnover_ratio": "23.48",
            "r_squared_ratio": null,
            "roe_ratio": null,
            "sharpe": "1.21",
            "sortino_ratio": null,
            "std_dev": "4.79",
            "tracking_error": null,
            "treynor_ratio": null,
            "upside_deviation": null,
            "ytm": null
        },
        "min_addl_amt": "\u20b9 1000",
        "min_addl_amt_multiple": "\u20b9 1",
        "min_amt": "\u20b9 5000",
        "min_amt_multiple": "\u20b9 1",
        "monthly_aaum_date": "31-03-2025",
        "monthly_aaum_value": "\u20b9 2539.59",
        "mutual_fund_name": "Franklin Templeton Mutual Fund",
        "page_number": [
            26
        ],
        "scheme_launch_date": "September 4, 2009 "
    },
    "Franklin India Technology Fund": {
        "amc_name": "Franklin Templeton Asset Management (India) Private Limited",
        "benchmark_index": "BSE Teck (w.e.f. 01st June, 2024) The Benchmark name is renamed from S&P BSE Teck TRI to BSE Teck w.e.f. 01st June, 2024. ",
        "fund_manager": [
            {
                "managing_fund_since": "",
                "name": "R. Janakiraman",
                "qualification": "",
                "total_exp": ""
            },
            {
                "managing_fund_since": "",
                "name": "Venkatesh Sanjeevi",
                "qualification": "",
                "total_exp": ""
            },
            {
                "managing_fund_since": "",
                "name": "Sandeep Manam",
                "qualification": "",
                "total_exp": ""
            }
        ],
        "load": {
            "entry_load": "Nil",
            "exit_load": "(for each purchase of Units) 1 if redeemed/switched- out within one year of allotment. Different plans have a different expense structure"
        },
        "main_scheme_name": "Franklin India Technology Fund",
        "metrics": {
            "alpha": null,
            "arithmetic_mean_ratio": null,
            "average_div_yld": null,
            "average_pb": null,
            "average_pe": null,
            "avg_maturity": null,
            "beta": "0.89",
            "correlation_ratio": null,
            "downside_deviation": null,
            "information_ratio": null,
            "macaulay": null,
            "mod_duration": null,
            "port_turnover_ratio": "61.16",
            "r_squared_ratio": null,
            "roe_ratio": null,
            "sharpe": "0.27",
            "sortino_ratio": null,
            "std_dev": "5.27",
            "tracking_error": null,
            "treynor_ratio": null,
            "upside_deviation": null,
            "ytm": null
        },
        "min_addl_amt": "\u20b9 1000",
        "min_addl_amt_multiple": "\u20b9 1",
        "min_amt": "\u20b9 5000",
        "min_amt_multiple": "\u20b9 1",
        "monthly_aaum_date": "31-03-2025",
        "monthly_aaum_value": "\u20b9 1771.15",
        "mutual_fund_name": "Franklin Templeton Mutual Fund",
        "page_number": [
            28,
            60
        ],
        "scheme_launch_date": "August 22, 1998 "
    },
    "Franklin India Feeder - Franklin U.S. Opportunities Fund": {
        "amc_name": "Franklin Templeton Asset Management (India) Private Limited",
        "benchmark_index": "Russell 3000 Growth Index ",
        "fund_manager": [],
        "load": {
            "entry_load": "Nil",
            "exit_load": "(for each purchase of Units) 1 if Units are redeemed/switched out within one year from the date of allotment (effective January 15, 2020) Different plans have a different expense structure Investors may note that they will be bearing the recurring expenses of this Scheme in addition to the expenses of the underlying Schemes in which this Scheme makes investment"
        },
        "main_scheme_name": "Franklin India Feeder - Franklin U.S. Opportunities Fund",
        "metrics": {
            "alpha": null,
            "arithmetic_mean_ratio": null,
            "average_div_yld": null,
            "average_pb": null,
            "average_pe": null,
            "avg_maturity": null,
            "beta": null,
            "correlation_ratio": null,
            "downside_deviation": null,
            "information_ratio": null,
            "macaulay": null,
            "mod_duration": null,
            "port_turnover_ratio": null,
            "r_squared_ratio": null,
            "roe_ratio": null,
            "sharpe": null,
            "sortino_ratio": null,
            "std_dev": null,
            "tracking_error": null,
            "treynor_ratio": null,
            "upside_deviation": null,
            "ytm": null
        },
        "min_addl_amt": "\u20b9 1000",
        "min_addl_amt_multiple": "\u20b9 1",
        "min_amt": "\u20b9 5,000",
        "min_amt_multiple": "\u20b9 1",
        "monthly_aaum_date": "31-03-2025",
        "monthly_aaum_value": "\u20b9 3608.03",
        "mutual_fund_name": "Franklin Templeton Mutual Fund",
        "page_number": [
            29,
            62
        ],
        "scheme_launch_date": "February 06, 2012 "
    },
    "Franklin India Feeder - Templeton European Opportunities Fund": {
        "amc_name": "Franklin Templeton Asset Management (India) Private Limited",
        "benchmark_index": "MSCI Europe Index ",
        "fund_manager": [],
        "load": {
            "entry_load": "Nil",
            "exit_load": "(for each purchase of Units) 1 if the Units are redeemed/ switched out within one year from the date of allotment (effective January 15, 2020) Different plans have a different expense structure Investors may note that they will be bearing the recurring expenses of this Scheme in addition to the expenses of the underlying Schemes in which this Scheme makes investment"
        },
        "main_scheme_name": "Franklin India Feeder - Templeton European Opportunities Fund",
        "metrics": {
            "alpha": null,
            "arithmetic_mean_ratio": null,
            "average_div_yld": null,
            "average_pb": null,
            "average_pe": null,
            "avg_maturity": null,
            "beta": null,
            "correlation_ratio": null,
            "downside_deviation": null,
            "information_ratio": null,
            "macaulay": null,
            "mod_duration": null,
            "port_turnover_ratio": null,
            "r_squared_ratio": null,
            "roe_ratio": null,
            "sharpe": null,
            "sortino_ratio": null,
            "std_dev": null,
            "tracking_error": null,
            "treynor_ratio": null,
            "upside_deviation": null,
            "ytm": null
        },
        "min_addl_amt": "\u20b9 1000",
        "min_addl_amt_multiple": "\u20b9 1",
        "min_amt": "\u20b9 5,000",
        "min_amt_multiple": "\u20b9 1",
        "monthly_aaum_date": "31-03-2025",
        "monthly_aaum_value": "\u20b9 16.44",
        "mutual_fund_name": "Franklin Templeton Mutual Fund",
        "page_number": [
            30
        ],
        "scheme_launch_date": "May 16, 2014 "
    },
    "Franklin Asian Equity Fund": {
        "amc_name": "Franklin Templeton Asset Management (India) Private Limited",
        "benchmark_index": "75% MSCI Asia (Ex-Japan) Standard Index + 25% Nifty 500 Index (w.e.f. March 9, 2024) ",
        "fund_manager": [
            {
                "managing_fund_since": "",
                "name": "Shyam Sundar Sriram",
                "qualification": "",
                "total_exp": ""
            },
            {
                "managing_fund_since": "",
                "name": "Sandeep Manam",
                "qualification": "",
                "total_exp": ""
            }
        ],
        "load": {
            "entry_load": "Nil",
            "exit_load": "(for each purchase of Units) 1 if the Units are redeemed/switched- out within one year from the date of allotment (effective January 15, 2020) Different plans have a different expense structure"
        },
        "main_scheme_name": "Franklin Asian Equity Fund",
        "metrics": {
            "alpha": null,
            "arithmetic_mean_ratio": null,
            "average_div_yld": null,
            "average_pb": null,
            "average_pe": null,
            "avg_maturity": null,
            "beta": "0.97",
            "correlation_ratio": null,
            "downside_deviation": null,
            "information_ratio": null,
            "macaulay": null,
            "mod_duration": null,
            "port_turnover_ratio": "21.70",
            "r_squared_ratio": null,
            "roe_ratio": null,
            "sharpe": "-0.30",
            "sortino_ratio": null,
            "std_dev": "5.09",
            "tracking_error": null,
            "treynor_ratio": null,
            "upside_deviation": null,
            "ytm": null
        },
        "min_addl_amt": "\u20b9 1000",
        "min_addl_amt_multiple": "\u20b9 1",
        "min_amt": "\u20b9 5000",
        "min_amt_multiple": "\u20b9 1",
        "monthly_aaum_date": "31-03-2025",
        "monthly_aaum_value": "\u20b9 243.34",
        "mutual_fund_name": "Franklin Templeton Mutual Fund",
        "page_number": [
            31
        ],
        "scheme_launch_date": "January 16, 2008 "
    },
    "Franklin India NSE Nifty 50 Index Fund": {
        "amc_name": "Franklin Templeton Asset Management (India) Private Limited",
        "benchmark_index": "Nifty 50 ",
        "fund_manager": [
            {
                "managing_fund_since": "",
                "name": "Shyam Sundar Sriram",
                "qualification": "",
                "total_exp": ""
            },
            {
                "managing_fund_since": "",
                "name": "Sandeep Manam",
                "qualification": "",
                "total_exp": ""
            }
        ],
        "load": {
            "entry_load": "Nil",
            "exit_load": "(for each purchase of Units) Nil(Effective April 21, 2023) Different plans have a different expense structure"
        },
        "main_scheme_name": "Franklin India NSE Nifty 50 Index Fund",
        "metrics": {
            "alpha": null,
            "arithmetic_mean_ratio": null,
            "average_div_yld": null,
            "average_pb": null,
            "average_pe": null,
            "avg_maturity": null,
            "beta": null,
            "correlation_ratio": null,
            "downside_deviation": null,
            "information_ratio": null,
            "macaulay": null,
            "mod_duration": null,
            "port_turnover_ratio": null,
            "r_squared_ratio": null,
            "roe_ratio": null,
            "sharpe": null,
            "sortino_ratio": null,
            "std_dev": null,
            "tracking_error": null,
            "treynor_ratio": null,
            "upside_deviation": null,
            "ytm": null
        },
        "min_addl_amt": "\u20b9 1000",
        "min_addl_amt_multiple": "\u20b9 1",
        "min_amt": "\u20b9 5000",
        "min_amt_multiple": "\u20b9 1",
        "monthly_aaum_date": "31-03-2025",
        "monthly_aaum_value": "\u20b9 669.84",
        "mutual_fund_name": "Franklin Templeton Mutual Fund",
        "page_number": [
            32,
            54
        ],
        "scheme_launch_date": "August 4, 2000 "
    },
    "Franklin India Low Duration Fund": {
        "amc_name": "Franklin Templeton Asset Management (India) Private Limited",
        "benchmark_index": "NIFTY Low Duration Debt Index A-I ",
        "fund_manager": [
            {
                "managing_fund_since": "",
                "name": "Chandni Gupta",
                "qualification": "",
                "total_exp": ""
            },
            {
                "managing_fund_since": "",
                "name": "Rahan Maru",
                "qualification": "",
                "total_exp": ""
            },
            {
                "managing_fund_since": "",
                "name": "Rahul Goswami",
                "qualification": "",
                "total_exp": ""
            }
        ],
        "load": {
            "entry_load": "Nil",
            "exit_load": "(for each purchase of Units) Nil Different plans have a different expense structure"
        },
        "main_scheme_name": "Franklin India Low Duration Fund",
        "metrics": {
            "alpha": null,
            "arithmetic_mean_ratio": null,
            "average_div_yld": null,
            "average_pb": null,
            "average_pe": null,
            "avg_maturity": "1.74 years  7.37 0.97 years 1.03 years",
            "beta": null,
            "correlation_ratio": null,
            "downside_deviation": null,
            "information_ratio": null,
            "macaulay": "Yields of all securities are in annualis",
            "mod_duration": "",
            "port_turnover_ratio": null,
            "r_squared_ratio": null,
            "roe_ratio": null,
            "sharpe": null,
            "sortino_ratio": null,
            "std_dev": null,
            "tracking_error": null,
            "treynor_ratio": null,
            "upside_deviation": null,
            "ytm": ""
        },
        "min_addl_amt": "\u20b9 1000",
        "min_addl_amt_multiple": "\u20b9 1",
        "min_amt": "",
        "min_amt_multiple": "",
        "monthly_aaum_date": "31-03-2025",
        "monthly_aaum_value": "\u20b9 394.95",
        "mutual_fund_name": "Franklin Templeton Mutual Fund",
        "page_number": [
            33
        ],
        "scheme_launch_date": "March 6, 2025 "
    },
    "Franklin India Long Duration Fund": {
        "amc_name": "Franklin Templeton Asset Management (India) Private Limited",
        "benchmark_index": "CRISIL Long Duration Debt A-III Index ",
        "fund_manager": [
            {
                "managing_fund_since": "",
                "name": "Anuj Tagra",
                "qualification": "",
                "total_exp": ""
            },
            {
                "managing_fund_since": "",
                "name": "Chandni Gupta",
                "qualification": "",
                "total_exp": ""
            }
        ],
        "load": {
            "entry_load": "Nil",
            "exit_load": "(for each purchase of Units) Nil Different plans have a different expense structure"
        },
        "main_scheme_name": "Franklin India Long Duration Fund",
        "metrics": {
            "alpha": null,
            "arithmetic_mean_ratio": null,
            "average_div_yld": null,
            "average_pb": null,
            "average_pe": null,
            "avg_maturity": "17.42 years  7.09 9.35 years 9.68 years",
            "beta": null,
            "correlation_ratio": null,
            "downside_deviation": null,
            "information_ratio": null,
            "macaulay": "Yields of all securities are in annualis",
            "mod_duration": "",
            "port_turnover_ratio": null,
            "r_squared_ratio": null,
            "roe_ratio": null,
            "sharpe": null,
            "sortino_ratio": null,
            "std_dev": null,
            "tracking_error": null,
            "treynor_ratio": null,
            "upside_deviation": null,
            "ytm": ""
        },
        "min_addl_amt": "\u20b9 1000",
        "min_addl_amt_multiple": "\u20b9 1",
        "min_amt": "",
        "min_amt_multiple": "",
        "monthly_aaum_date": "31-03-2025",
        "monthly_aaum_value": "\u20b9 25.82",
        "mutual_fund_name": "Franklin Templeton Mutual Fund",
        "page_number": [
            34
        ],
        "scheme_launch_date": "December 13, 2024 "
    },
    "Franklin India Medium To Long Duration Fund": {
        "amc_name": "Franklin Templeton Asset Management (India) Private Limited",
        "benchmark_index": "CRISIL Medium to Long Duration Debt A-III Index ",
        "fund_manager": [
            {
                "managing_fund_since": "",
                "name": "Anuj Tagra",
                "qualification": "",
                "total_exp": ""
            },
            {
                "managing_fund_since": "",
                "name": "Chandni Gupta",
                "qualification": "",
                "total_exp": ""
            }
        ],
        "load": {
            "entry_load": "Nil",
            "exit_load": "(for each purchase of Units) Nil Different plans have a different expense structure"
        },
        "main_scheme_name": "Franklin India Medium To Long Duration Fund",
        "metrics": {
            "alpha": null,
            "arithmetic_mean_ratio": null,
            "average_div_yld": null,
            "average_pb": null,
            "average_pe": null,
            "avg_maturity": "12.18 years  7.13 6.44 years 6.67 years",
            "beta": null,
            "correlation_ratio": null,
            "downside_deviation": null,
            "information_ratio": null,
            "macaulay": "Yields of all securities are in annualis",
            "mod_duration": "",
            "port_turnover_ratio": null,
            "r_squared_ratio": null,
            "roe_ratio": null,
            "sharpe": null,
            "sortino_ratio": null,
            "std_dev": null,
            "tracking_error": null,
            "treynor_ratio": null,
            "upside_deviation": null,
            "ytm": ""
        },
        "min_addl_amt": "\u20b9 1000",
        "min_addl_amt_multiple": "\u20b9 1",
        "min_amt": "",
        "min_amt_multiple": "",
        "monthly_aaum_date": "31-03-2025",
        "monthly_aaum_value": "\u20b9 49.54",
        "mutual_fund_name": "Franklin Templeton Mutual Fund",
        "page_number": [
            35,
            63
        ],
        "scheme_launch_date": "September 24, 2024 "
    },
    "Franklin India Ultra Short Duration Fund": {
        "amc_name": "Franklin Templeton Asset Management (India) Private Limited",
        "benchmark_index": "NIFTY Ultra Short Duration Debt Index A-I ",
        "fund_manager": [
            {
                "managing_fund_since": "",
                "name": "Rohan Maru",
                "qualification": "",
                "total_exp": ""
            },
            {
                "managing_fund_since": "",
                "name": "Pallab Roy",
                "qualification": "",
                "total_exp": ""
            },
            {
                "managing_fund_since": "",
                "name": "Rahul Goswami",
                "qualification": "",
                "total_exp": ""
            }
        ],
        "load": {
            "entry_load": "Nil",
            "exit_load": "(for each purchase of Units) Nil Different plans have a different expense structure"
        },
        "main_scheme_name": "Franklin India Ultra Short Duration Fund",
        "metrics": {
            "alpha": null,
            "arithmetic_mean_ratio": null,
            "average_div_yld": null,
            "average_pb": null,
            "average_pe": null,
            "avg_maturity": "0.89 years  7.35 0.47 years 0.51 years",
            "beta": null,
            "correlation_ratio": null,
            "downside_deviation": null,
            "information_ratio": null,
            "macaulay": "Yields of all securities are in annualis",
            "mod_duration": "",
            "port_turnover_ratio": null,
            "r_squared_ratio": null,
            "roe_ratio": null,
            "sharpe": null,
            "sortino_ratio": null,
            "std_dev": null,
            "tracking_error": null,
            "treynor_ratio": null,
            "upside_deviation": null,
            "ytm": ""
        },
        "min_addl_amt": "\u20b9 1000",
        "min_addl_amt_multiple": "\u20b9 1",
        "min_amt": "",
        "min_amt_multiple": "",
        "monthly_aaum_date": "31-03-2025",
        "monthly_aaum_value": "\u20b9 237.44",
        "mutual_fund_name": "Franklin Templeton Mutual Fund",
        "page_number": [
            36
        ],
        "scheme_launch_date": "August 29, 2024 "
    },
    "Franklin India Overnight Fund": {
        "amc_name": "Franklin Templeton Asset Management (India) Private Limited",
        "benchmark_index": "NIFTY 1D Rate Index (w.e.f. April 1, 2024) ",
        "fund_manager": [
            {
                "managing_fund_since": "",
                "name": "Pallab Roy",
                "qualification": "",
                "total_exp": ""
            },
            {
                "managing_fund_since": "",
                "name": "Rohan Maru",
                "qualification": "",
                "total_exp": ""
            }
        ],
        "load": {
            "entry_load": "",
            "exit_load": ""
        },
        "main_scheme_name": "Franklin India Overnight Fund",
        "metrics": {
            "alpha": null,
            "arithmetic_mean_ratio": null,
            "average_div_yld": null,
            "average_pb": null,
            "average_pe": null,
            "avg_maturity": "0.01 Years 2 Days  7.20 0.01 Years 2 Day",
            "beta": null,
            "correlation_ratio": null,
            "downside_deviation": null,
            "information_ratio": null,
            "macaulay": "Yields of all securities are in annualis",
            "mod_duration": "",
            "port_turnover_ratio": null,
            "r_squared_ratio": null,
            "roe_ratio": null,
            "sharpe": null,
            "sortino_ratio": null,
            "std_dev": null,
            "tracking_error": null,
            "treynor_ratio": null,
            "upside_deviation": null,
            "ytm": ""
        },
        "min_addl_amt": "",
        "min_addl_amt_multiple": "",
        "min_amt": "\u20b9 5000",
        "min_amt_multiple": "\u20b9 1",
        "monthly_aaum_date": "31-03-2025",
        "monthly_aaum_value": "\u20b9 508.51",
        "mutual_fund_name": "Franklin Templeton Mutual Fund",
        "page_number": [
            37
        ],
        "scheme_launch_date": "May 08, 2019 "
    },
    "Franklin India Money Market Fund": {
        "amc_name": "Franklin Templeton Asset Management (India) Private Limited",
        "benchmark_index": "NIFTY Money Market Index A-I (w.e.f. April 1, 2024) ",
        "fund_manager": [
            {
                "managing_fund_since": "",
                "name": "Rohan Maru",
                "qualification": "",
                "total_exp": ""
            },
            {
                "managing_fund_since": "",
                "name": "Chandni Gupta",
                "qualification": "",
                "total_exp": ""
            },
            {
                "managing_fund_since": "",
                "name": "Rahul Goswami",
                "qualification": "",
                "total_exp": ""
            }
        ],
        "load": {
            "entry_load": "Nil",
            "exit_load": "(for each purchase of Units) Nil Different plans have a different  expense  structure All in conc impa issu"
        },
        "main_scheme_name": "Franklin India Money Market Fund",
        "metrics": {
            "alpha": null,
            "arithmetic_mean_ratio": null,
            "average_div_yld": null,
            "average_pb": null,
            "average_pe": null,
            "avg_maturity": "0.91 Years 332 Days  7.15 0.85 Years 310",
            "beta": null,
            "correlation_ratio": null,
            "downside_deviation": null,
            "information_ratio": null,
            "macaulay": "Yields of all securities are in annualis",
            "mod_duration": "",
            "port_turnover_ratio": null,
            "r_squared_ratio": null,
            "roe_ratio": null,
            "sharpe": null,
            "sortino_ratio": null,
            "std_dev": null,
            "tracking_error": null,
            "treynor_ratio": null,
            "upside_deviation": null,
            "ytm": ""
        },
        "min_addl_amt": "\u20b9 1000",
        "min_addl_amt_multiple": "\u20b9 1",
        "min_amt": "\u20b9 10,000",
        "min_amt_multiple": "\u20b9 1",
        "monthly_aaum_date": "31-03-2025",
        "monthly_aaum_value": "\u20b9 2572.21",
        "mutual_fund_name": "Franklin Templeton Mutual Fund",
        "page_number": [
            39
        ],
        "scheme_launch_date": "Retail Option Feb 11, 2002 Institutional Option Sep 6, 2005 "
    },
    "Franklin India Floating Rate Fund": {
        "amc_name": "Franklin Templeton Asset Management (India) Private Limited",
        "benchmark_index": "",
        "fund_manager": [
            {
                "managing_fund_since": "",
                "name": "Pallab Roy",
                "qualification": "",
                "total_exp": ""
            },
            {
                "managing_fund_since": "",
                "name": "Rohan Maru",
                "qualification": "",
                "total_exp": ""
            },
            {
                "managing_fund_since": "",
                "name": "Sandeep Manam",
                "qualification": "",
                "total_exp": ""
            }
        ],
        "load": {
            "entry_load": "",
            "exit_load": ""
        },
        "main_scheme_name": "Franklin India Floating Rate Fund",
        "metrics": {
            "alpha": null,
            "arithmetic_mean_ratio": null,
            "average_div_yld": null,
            "average_pb": null,
            "average_pe": null,
            "avg_maturity": "",
            "beta": null,
            "correlation_ratio": null,
            "downside_deviation": null,
            "information_ratio": null,
            "macaulay": "7.40 3.91 years 4.08 years Yields of all",
            "mod_duration": "",
            "port_turnover_ratio": null,
            "r_squared_ratio": null,
            "roe_ratio": null,
            "sharpe": null,
            "sortino_ratio": null,
            "std_dev": null,
            "tracking_error": null,
            "treynor_ratio": null,
            "upside_deviation": null,
            "ytm": ""
        },
        "min_addl_amt": "",
        "min_addl_amt_multiple": "",
        "min_amt": "\u20b9 1000",
        "min_amt_multiple": "\u20b9 1",
        "monthly_aaum_date": "31-03-2025",
        "monthly_aaum_value": "\u20b9 316.17",
        "mutual_fund_name": "Franklin Templeton Mutual Fund",
        "page_number": [
            40
        ],
        "scheme_launch_date": "April 23, 2001 "
    },
    "Franklin India Corporate Debt Fund": {
        "amc_name": "Franklin Templeton Asset Management (India) Private Limited",
        "benchmark_index": "NIFTY Corporate Bond Index A-II (w.e.f. April 1, 2024) ",
        "fund_manager": [
            {
                "managing_fund_since": "",
                "name": "Anuj Tagra",
                "qualification": "",
                "total_exp": ""
            },
            {
                "managing_fund_since": "",
                "name": "Chandni Gupta",
                "qualification": "",
                "total_exp": ""
            },
            {
                "managing_fund_since": "",
                "name": "Rahul Goswami",
                "qualification": "",
                "total_exp": ""
            }
        ],
        "load": {
            "entry_load": "Nil",
            "exit_load": "(for each purchase of Units)  Nil Sales suspended in Plan B - All Options Different plans have a different expense structure"
        },
        "main_scheme_name": "Franklin India Corporate Debt Fund",
        "metrics": {
            "alpha": null,
            "arithmetic_mean_ratio": null,
            "average_div_yld": null,
            "average_pb": null,
            "average_pe": null,
            "avg_maturity": "5.36 years 22.",
            "beta": null,
            "correlation_ratio": null,
            "downside_deviation": null,
            "information_ratio": null,
            "macaulay": "7.41 3.36 years 3.54 years  Yields of al",
            "mod_duration": "",
            "port_turnover_ratio": null,
            "r_squared_ratio": null,
            "roe_ratio": null,
            "sharpe": null,
            "sortino_ratio": null,
            "std_dev": null,
            "tracking_error": null,
            "treynor_ratio": null,
            "upside_deviation": null,
            "ytm": ""
        },
        "min_addl_amt": "\u20b9 1000",
        "min_addl_amt_multiple": "\u20b9 1",
        "min_amt": "\u20b9 10,000",
        "min_amt_multiple": "\u20b9 1",
        "monthly_aaum_date": "31-03-2025",
        "monthly_aaum_value": "\u20b9 751.38",
        "mutual_fund_name": "Franklin Templeton Mutual Fund",
        "page_number": [
            41
        ],
        "scheme_launch_date": "June 23, 1997 "
    },
    "Franklin India Banking & PSU Debt Fund": {
        "amc_name": "Franklin Templeton Asset Management (India) Private Limited",
        "benchmark_index": "Nifty Banking & PSU Debt Index A-II Com (w.e.f. April 1, 2024) ",
        "fund_manager": [
            {
                "managing_fund_since": "",
                "name": "Chandni Gupta",
                "qualification": "",
                "total_exp": ""
            },
            {
                "managing_fund_since": "",
                "name": "Anuj Tagra",
                "qualification": "",
                "total_exp": ""
            },
            {
                "managing_fund_since": "",
                "name": "Sandeep Manam",
                "qualification": "",
                "total_exp": ""
            }
        ],
        "load": {
            "entry_load": "Nil conc impa",
            "exit_load": "(for each purchase of Units) issu Nil Different plans have a different expense structure This instr the v port"
        },
        "main_scheme_name": "Franklin India Banking & PSU Debt Fund",
        "metrics": {
            "alpha": null,
            "arithmetic_mean_ratio": null,
            "average_div_yld": null,
            "average_pb": null,
            "average_pe": null,
            "avg_maturity": "Ple 4.96 years",
            "beta": null,
            "correlation_ratio": null,
            "downside_deviation": null,
            "information_ratio": null,
            "macaulay": "7.25 3.17 years 3.37 years Yields of all",
            "mod_duration": "",
            "port_turnover_ratio": null,
            "r_squared_ratio": null,
            "roe_ratio": null,
            "sharpe": null,
            "sortino_ratio": null,
            "std_dev": null,
            "tracking_error": null,
            "treynor_ratio": null,
            "upside_deviation": null,
            "ytm": ""
        },
        "min_addl_amt": "\u20b9 1000",
        "min_addl_amt_multiple": "\u20b9 1",
        "min_amt": "\u20b9 5,000",
        "min_amt_multiple": "\u20b9 1",
        "monthly_aaum_date": "31-03-2025",
        "monthly_aaum_value": "\u20b9 570.66",
        "mutual_fund_name": "Franklin Templeton Mutual Fund",
        "page_number": [
            42
        ],
        "scheme_launch_date": "April 25, 2014 "
    },
    "Franklin India Government Securities Fund": {
        "amc_name": "Franklin Templeton Asset Management (India) Private Limited",
        "benchmark_index": "NIFTY All Duration G-Sec Index ",
        "fund_manager": [
            {
                "managing_fund_since": "",
                "name": "Anuj Tagra",
                "qualification": "",
                "total_exp": ""
            },
            {
                "managing_fund_since": "",
                "name": "Rahul Goswami",
                "qualification": "",
                "total_exp": ""
            }
        ],
        "load": {
            "entry_load": "Nil",
            "exit_load": "(for each purchase of Units)Nil CDSC is treated similarly Different plans have a different expense structure Benchmark for FIGSF has been changed to NIFTY All Duration G-Sec Index, effective from 8th September 2021 Franklin India Government Securities Fund (FI"
        },
        "main_scheme_name": "Franklin India Government Securities Fund",
        "metrics": {
            "alpha": null,
            "arithmetic_mean_ratio": null,
            "average_div_yld": null,
            "average_pb": null,
            "average_pe": null,
            "avg_maturity": "12.49 years  6.99 6.46 years 6.68 years",
            "beta": null,
            "correlation_ratio": null,
            "downside_deviation": null,
            "information_ratio": null,
            "macaulay": "Yields of all securities are in annualis",
            "mod_duration": "",
            "port_turnover_ratio": null,
            "r_squared_ratio": null,
            "roe_ratio": null,
            "sharpe": null,
            "sortino_ratio": null,
            "std_dev": null,
            "tracking_error": null,
            "treynor_ratio": null,
            "upside_deviation": null,
            "ytm": ""
        },
        "min_addl_amt": "\u20b9 1000",
        "min_addl_amt_multiple": "\u20b9 1",
        "min_amt": "",
        "min_amt_multiple": "",
        "monthly_aaum_date": "31-03-2025",
        "monthly_aaum_value": "\u20b9 150.71",
        "mutual_fund_name": "Franklin Templeton Mutual Fund",
        "page_number": [
            43
        ],
        "scheme_launch_date": "December 7, 2001 "
    },
    "Franklin India Debt Hybrid Fund": {
        "amc_name": "Franklin Templeton Asset Management (India) Private Limited",
        "benchmark_index": "CRISIL Hybrid 85+15 - Conservative Index ",
        "fund_manager": [
            {
                "managing_fund_since": "",
                "name": "Rohan Maru",
                "qualification": "",
                "total_exp": ""
            },
            {
                "managing_fund_since": "",
                "name": "Pallab Roy",
                "qualification": "",
                "total_exp": ""
            },
            {
                "managing_fund_since": "",
                "name": "Rahul Goswami",
                "qualification": "",
                "total_exp": ""
            },
            {
                "managing_fund_since": "",
                "name": "Rajasa Kakulavarapu",
                "qualification": "",
                "total_exp": ""
            },
            {
                "managing_fund_since": "",
                "name": "Sandeep Manam",
                "qualification": "",
                "total_exp": ""
            }
        ],
        "load": {
            "entry_load": "Nil",
            "exit_load": "(for each purchase of Units) Nil (effective October 11, 2021) Different plans have a different expense structure Sales suspended in Plan B - All Options"
        },
        "main_scheme_name": "Franklin India Debt Hybrid Fund",
        "metrics": {
            "alpha": null,
            "arithmetic_mean_ratio": null,
            "average_div_yld": null,
            "average_pb": null,
            "average_pe": null,
            "avg_maturity": "",
            "beta": null,
            "correlation_ratio": null,
            "downside_deviation": null,
            "information_ratio": null,
            "macaulay": "5.27 years Yields of all securities are ",
            "mod_duration": "5.03 years",
            "port_turnover_ratio": null,
            "r_squared_ratio": null,
            "roe_ratio": null,
            "sharpe": null,
            "sortino_ratio": null,
            "std_dev": null,
            "tracking_error": null,
            "treynor_ratio": null,
            "upside_deviation": null,
            "ytm": "7.29"
        },
        "min_addl_amt": "\u20b9 1000",
        "min_addl_amt_multiple": "\u20b9 1",
        "min_amt": "\u20b9 10,000",
        "min_amt_multiple": "\u20b9 1",
        "monthly_aaum_date": "31-03-2025",
        "monthly_aaum_value": "\u20b9 196.72",
        "mutual_fund_name": "Franklin Templeton Mutual Fund",
        "page_number": [
            45
        ],
        "scheme_launch_date": "September 28, 2000 "
    },
    "Franklin India Equity Savings Fund": {
        "amc_name": "Franklin Templeton Asset Management (India) Private Limited",
        "benchmark_index": "Nifty Equity Savings Index ",
        "fund_manager": [
            {
                "managing_fund_since": "",
                "name": "Rajasa Kakulavarapu",
                "qualification": "",
                "total_exp": ""
            },
            {
                "managing_fund_since": "",
                "name": "Venkatesh Sanjeevi",
                "qualification": "",
                "total_exp": ""
            },
            {
                "managing_fund_since": "",
                "name": "Anuj Tagra",
                "qualification": "",
                "total_exp": ""
            },
            {
                "managing_fund_since": "",
                "name": "Rohan Maru",
                "qualification": "",
                "total_exp": ""
            },
            {
                "managing_fund_since": "",
                "name": "Sandeep Manam",
                "qualification": "",
                "total_exp": ""
            }
        ],
        "load": {
            "entry_load": "Nil",
            "exit_load": "(for each purchase of Units)  Nil (effective October 11, 2021)   This no load redemption limit is applicable on a yearly basis (from the date of allotment of such units) and the limit not availed during a year shall not be clubbed or carried forward to the next year. Different plans have a different expense structure"
        },
        "main_scheme_name": "Franklin India Equity Savings Fund",
        "metrics": {
            "alpha": null,
            "arithmetic_mean_ratio": null,
            "average_div_yld": null,
            "average_pb": null,
            "average_pe": null,
            "avg_maturity": "",
            "beta": null,
            "correlation_ratio": null,
            "downside_deviation": null,
            "information_ratio": null,
            "macaulay": "3.54 years  Yields of all securities are",
            "mod_duration": "3.38 years",
            "port_turnover_ratio": "898.72",
            "r_squared_ratio": null,
            "roe_ratio": null,
            "sharpe": null,
            "sortino_ratio": null,
            "std_dev": null,
            "tracking_error": null,
            "treynor_ratio": null,
            "upside_deviation": null,
            "ytm": "7.14"
        },
        "min_addl_amt": "\u20b9 1,000",
        "min_addl_amt_multiple": "\u20b9 1",
        "min_amt": "\u20b9 5,000",
        "min_amt_multiple": "\u20b9 1",
        "monthly_aaum_date": "31-03-2025",
        "monthly_aaum_value": "\u20b9 633.01",
        "mutual_fund_name": "Franklin Templeton Mutual Fund",
        "page_number": [
            46,
            61
        ],
        "scheme_launch_date": "August 27, 2018 "
    },
    "Franklin India Pension Plan": {
        "amc_name": "Franklin Templeton Asset Management (India) Private Limited",
        "benchmark_index": "CRISIL Short Term Debt Hybrid 60+40 Index (The Benchmark has been changed from 40% Nifty 500+ 60% Crisil Composite Bond Index to CRISIL Short Term Debt Hybrid 60+40 Index w.e.f  12th August, 2024.) ",
        "fund_manager": [
            {
                "managing_fund_since": "",
                "name": "Anuj Tagra",
                "qualification": "",
                "total_exp": ""
            },
            {
                "managing_fund_since": "",
                "name": "Pallab Roy",
                "qualification": "",
                "total_exp": ""
            },
            {
                "managing_fund_since": "",
                "name": "Rajasa Kakulavarapu",
                "qualification": "",
                "total_exp": ""
            },
            {
                "managing_fund_since": "",
                "name": "Ajay Argal",
                "qualification": "",
                "total_exp": ""
            }
        ],
        "load": {
            "entry_load": "Nil",
            "exit_load": "(for each purchase of Units) 3, if redeemed before the age of 58 years (subject to lock-in period) and target amount Nil, if redeemed after the age of 58 years Different plans have a different expense structure Retirement age  60 years"
        },
        "main_scheme_name": "Franklin India Pension Plan",
        "metrics": {
            "alpha": null,
            "arithmetic_mean_ratio": null,
            "average_div_yld": null,
            "average_pb": null,
            "average_pe": null,
            "avg_maturity": "",
            "beta": null,
            "correlation_ratio": null,
            "downside_deviation": null,
            "information_ratio": null,
            "macaulay": "7.43 3.31 years 3.50 years Yields of all",
            "mod_duration": "",
            "port_turnover_ratio": null,
            "r_squared_ratio": null,
            "roe_ratio": null,
            "sharpe": null,
            "sortino_ratio": null,
            "std_dev": null,
            "tracking_error": null,
            "treynor_ratio": null,
            "upside_deviation": null,
            "ytm": ""
        },
        "min_addl_amt": "\u20b9 500",
        "min_addl_amt_multiple": "\u20b9 1",
        "min_amt": "\u20b9 500",
        "min_amt_multiple": "\u20b9 1",
        "monthly_aaum_date": "31-03-2025",
        "monthly_aaum_value": "\u20b9 499.10",
        "mutual_fund_name": "Franklin Templeton Mutual Fund",
        "page_number": [
            47
        ],
        "scheme_launch_date": "March 31, 1997 "
    },
    "Franklin India Multi-Asset Solution Fund of Funds": {
        "amc_name": "Franklin Templeton Asset Management (India) Private Limited",
        "benchmark_index": "",
        "fund_manager": [
            {
                "managing_fund_since": "",
                "name": "Rajasa Kakulavarapu Venkatesh",
                "qualification": "",
                "total_exp": ""
            }
        ],
        "load": {
            "entry_load": "Nil",
            "exit_load": "(for each purchase of Units) In respect of each purchase of Units -  NIL Exit load  for 10 of the units upto completion of 12 months. o The First In First Out (FIFO) logic will be applied while selecting the units for redemption o Waiver of Exit load is calculated for each inflow transaction separately on FIFO basis and not on the total units through multiple inflows o The load free units from purchases made subsequent to the initial purchase will be available only after redeeming all units from the initial purchase  All units redeemed /switched-out in excess of the 10 load free units will be subject to the below mentioned exit load. o 1.00 - if Units are redeemed/switched-out on or before 1 year from the date of allotment o Nil - if redeemed after 1 year from the date of allotment This no load redemption limit is applicable on a yearly basis (from the date of allotment of such units) and the limit not availed during a year shall not be clubbed or carried forward to the next year."
        },
        "main_scheme_name": "Franklin India Multi-Asset Solution Fund of Funds",
        "metrics": {
            "alpha": null,
            "arithmetic_mean_ratio": null,
            "average_div_yld": null,
            "average_pb": null,
            "average_pe": null,
            "avg_maturity": null,
            "beta": null,
            "correlation_ratio": null,
            "downside_deviation": null,
            "information_ratio": null,
            "macaulay": null,
            "mod_duration": null,
            "port_turnover_ratio": null,
            "r_squared_ratio": null,
            "roe_ratio": null,
            "sharpe": null,
            "sortino_ratio": null,
            "std_dev": null,
            "tracking_error": null,
            "treynor_ratio": null,
            "upside_deviation": null,
            "ytm": null
        },
        "min_addl_amt": "",
        "min_addl_amt_multiple": "",
        "min_amt": "",
        "min_amt_multiple": "",
        "monthly_aaum_date": "31-03-2025",
        "monthly_aaum_value": "\u20b9 1250.03",
        "mutual_fund_name": "Franklin Templeton Mutual Fund",
        "page_number": [
            48
        ],
        "scheme_launch_date": "October 31, 2003 "
    },
    "Franklin India Balanced Advantage Fund": {
        "amc_name": "Franklin Templeton Asset Management (India) Private Limited",
        "benchmark_index": "NIFTY 50 Hybrid Composite Debt 50:50 Index ",
        "fund_manager": [
            {
                "managing_fund_since": "",
                "name": "Rajasa Kakulavarapu",
                "qualification": "",
                "total_exp": ""
            },
            {
                "managing_fund_since": "",
                "name": "Venkatesh Sanjeevi",
                "qualification": "",
                "total_exp": ""
            },
            {
                "managing_fund_since": "",
                "name": "Chandni Gupta",
                "qualification": "",
                "total_exp": ""
            },
            {
                "managing_fund_since": "",
                "name": "Anuj Tagra",
                "qualification": "",
                "total_exp": ""
            },
            {
                "managing_fund_since": "",
                "name": "Rahul Goswami",
                "qualification": "",
                "total_exp": ""
            },
            {
                "managing_fund_since": "",
                "name": "Sandeep Manam",
                "qualification": "",
                "total_exp": ""
            }
        ],
        "load": {
            "entry_load": "Nil",
            "exit_load": "(for each purchase of Units)  Upto 10 of the Units may be redeemed without any exit load within 1 year from the date of allotment. Any redemption in excess of the above limit shall be subject to the following exit load 1.00 - if redeemed on or before 1 year from the date of allotment Nil - if redeemed after 1 year from the date of allotment Different plans have a different expense structure"
        },
        "main_scheme_name": "Franklin India Balanced Advantage Fund",
        "metrics": {
            "alpha": null,
            "arithmetic_mean_ratio": null,
            "average_div_yld": null,
            "average_pb": null,
            "average_pe": null,
            "avg_maturity": "",
            "beta": null,
            "correlation_ratio": null,
            "downside_deviation": null,
            "information_ratio": null,
            "macaulay": "3.76 years Yields of all securities are ",
            "mod_duration": "3.58 years",
            "port_turnover_ratio": "371.65",
            "r_squared_ratio": null,
            "roe_ratio": null,
            "sharpe": null,
            "sortino_ratio": null,
            "std_dev": null,
            "tracking_error": null,
            "treynor_ratio": null,
            "upside_deviation": null,
            "ytm": "7.34"
        },
        "min_addl_amt": "\u20b9 1,000",
        "min_addl_amt_multiple": "\u20b9 1",
        "min_amt": "\u20b9 5,000",
        "min_amt_multiple": "\u20b9 1",
        "monthly_aaum_date": "31-03-2025",
        "monthly_aaum_value": "\u20b9 2442.65",
        "mutual_fund_name": "Franklin Templeton Mutual Fund",
        "page_number": [
            50
        ],
        "scheme_launch_date": "September 06, 2022 "
    }
}