{
    "PGIM INDIA LARGE CAP FUND": {
        "amc_name": "PGIM India Asset Management Private Limited",
        "benchmark_index": "NIFTY 100 TRI",
        "fund_manager": [
            {
                "managing_fund_since": "August 19, 2023",
                "name": "Anandha Padmanabhan Anjeneyan",
                "qualification": "Equity Portion",
                "total_exp": "15 Years"
            },
            {
                "managing_fund_since": "April 15, 2024",
                "name": "Vivek Sharma",
                "qualification": "Equity Portion",
                "total_exp": "14 Years"
            },
            {
                "managing_fund_since": "April 01, 2023",
                "name": "Vinay Paharia",
                "qualification": "Equity Portion",
                "total_exp": "20 Years"
            },
            {
                "managing_fund_since": "April 01, 2023",
                "name": "Bhupesh Kalyani",
                "qualification": "Debt Portion",
                "total_exp": "18 Years"
            }
        ],
        "load": {
            "entry_load": "NA.",
            "exit_load": "For Exits within 90 days from date of allotment of units 0.50 For Exits beyond 90 days from date of allotment of units NIL."
        },
        "main_scheme_name": "PGIM INDIA LARGE CAP FUND",
        "metrics": {
            "alpha": null,
            "arithmetic_mean_ratio": null,
            "average_div_yld": null,
            "average_pb": null,
            "average_pe": null,
            "avg_maturity": null,
            "beta": "0.90",
            "correlation_ratio": null,
            "downside_deviation": null,
            "information_ratio": null,
            "macaulay": null,
            "mod_duration": null,
            "port_turnover_ratio": "0.49",
            "r_squared_ratio": null,
            "roe_ratio": null,
            "sharpe": "0.36",
            "sortino_ratio": null,
            "std_dev": "13.45",
            "tracking_error": null,
            "treynor_ratio": null,
            "upside_deviation": null,
            "volatility_measures": "3 Years",
            "ytm": null
        },
        "min_addl_amt": "\u20b9 1000",
        "min_addl_amt_multiple": "\u20b9 1",
        "min_amt": "\u20b9 5000",
        "min_amt_multiple": "\u20b9 1",
        "monthly_aaum_date": "31-03-2025",
        "monthly_aaum_value": "\u20b9 551.72",
        "mutual_fund_name": "PGIM India Mutual Fund",
        "page_number": [
            7
        ],
        "scheme_launch_date": "30012003"
    },
    "PGIM INDIA FLEXI CAP FUND": {
        "amc_name": "PGIM India Asset Management Private Limited",
        "benchmark_index": "Nifty 500 TRI",
        "fund_manager": [
            {
                "managing_fund_since": "June 01, 2021",
                "name": "Anandha Padmanabhan Anjeneyan",
                "qualification": "Equity Portion",
                "total_exp": "15 Years"
            },
            {
                "managing_fund_since": "April 15, 2024",
                "name": "Vivek Sharma",
                "qualification": "Equity Portion",
                "total_exp": "14 Years"
            },
            {
                "managing_fund_since": "April 01, 2023",
                "name": "Vinay Paharia",
                "qualification": "Equity Portion",
                "total_exp": "20 Years"
            },
            {
                "managing_fund_since": "April 01, 2023",
                "name": "Puneet Pal",
                "qualification": "Debt Portion",
                "total_exp": "22 Years"
            }
        ],
        "load": {
            "entry_load": "NA.",
            "exit_load": "For Exits within 90 days from date of allotment of units 0.50 For Exits beyond 90 days from date of allotment of units NIL."
        },
        "main_scheme_name": "PGIM INDIA FLEXI CAP FUND",
        "metrics": {
            "alpha": null,
            "arithmetic_mean_ratio": null,
            "average_div_yld": null,
            "average_pb": null,
            "average_pe": null,
            "avg_maturity": null,
            "beta": "0.90",
            "correlation_ratio": null,
            "downside_deviation": null,
            "information_ratio": null,
            "macaulay": null,
            "mod_duration": null,
            "port_turnover_ratio": "0.47",
            "r_squared_ratio": null,
            "roe_ratio": null,
            "sharpe": null,
            "sortino_ratio": null,
            "std_dev": "13.77",
            "tracking_error": null,
            "treynor_ratio": null,
            "upside_deviation": null,
            "volatility_measures": "3 Years",
            "ytm": null
        },
        "min_addl_amt": "\u20b9 1000",
        "min_addl_amt_multiple": "\u20b9 1",
        "min_amt": "\u20b9 5000",
        "min_amt_multiple": "\u20b9 1",
        "monthly_aaum_date": "31-03-2025",
        "monthly_aaum_value": "\u20b9 5788.37",
        "mutual_fund_name": "PGIM India Mutual Fund",
        "page_number": [
            8
        ],
        "scheme_launch_date": "04032015"
    },
    "PGIM INDIA LARGE AND MID CAP FUND": {
        "amc_name": "PGIM India Asset Management Private Limited",
        "benchmark_index": "NIFTY LargeMidcap 250 Index TRI",
        "fund_manager": [
            {
                "managing_fund_since": "February 12, 2024",
                "name": "Vinay Paharia",
                "qualification": "Equity Portion",
                "total_exp": "20 Years"
            },
            {
                "managing_fund_since": "February 12, 2024",
                "name": "Anandha Padmanabhan Anjeneyan",
                "qualification": "Equity Portion",
                "total_exp": "15 Years"
            },
            {
                "managing_fund_since": "February 12, 2024",
                "name": "Utsav Mehta",
                "qualification": "Equity Portion",
                "total_exp": "13 Years"
            },
            {
                "managing_fund_since": "February 12, 2024",
                "name": "Puneet Pal",
                "qualification": "Debt Portion",
                "total_exp": "22 Years"
            }
        ],
        "load": {
            "entry_load": "NA.",
            "exit_load": "For Exits within 90 days from date of allotment of units 0.50 For Exits beyond 90 days from date of allotment of units NIL."
        },
        "main_scheme_name": "PGIM INDIA LARGE AND MID CAP FUND",
        "metrics": {
            "alpha": null,
            "arithmetic_mean_ratio": null,
            "average_div_yld": null,
            "average_pb": null,
            "average_pe": null,
            "avg_maturity": null,
            "beta": null,
            "correlation_ratio": null,
            "downside_deviation": null,
            "information_ratio": null,
            "macaulay": null,
            "mod_duration": null,
            "port_turnover_ratio": "0.31",
            "r_squared_ratio": null,
            "roe_ratio": null,
            "sharpe": null,
            "sortino_ratio": null,
            "std_dev": null,
            "tracking_error": null,
            "treynor_ratio": null,
            "upside_deviation": null,
            "ytm": null
        },
        "min_addl_amt": "\u20b9 1000",
        "min_addl_amt_multiple": "\u20b9 1",
        "min_amt": "\u20b9 5000",
        "min_amt_multiple": "\u20b9 1",
        "monthly_aaum_date": "31-03-2025",
        "monthly_aaum_value": "\u20b9 594.04",
        "mutual_fund_name": "PGIM India Mutual Fund",
        "page_number": [
            9
        ],
        "scheme_launch_date": "12022024"
    },
    "PGIM INDIA MULTICAP FUND": {
        "amc_name": "PGIM India Asset Management Private Limited",
        "benchmark_index": "Nifty 500 Multicap 502525 TRI",
        "fund_manager": [
            {
                "managing_fund_since": "September 10, 2024",
                "name": "Vivek Sharma",
                "qualification": "Equity Portion",
                "total_exp": "14 Years"
            },
            {
                "managing_fund_since": "September 10, 2024",
                "name": "Utsav Mehta",
                "qualification": "Equity Portion",
                "total_exp": "13 Years"
            },
            {
                "managing_fund_since": "September 10, 2024",
                "name": "Anandha Padmanabhan Anjeneyan",
                "qualification": "Equity Portion",
                "total_exp": "15 Years"
            },
            {
                "managing_fund_since": "September 10, 2024",
                "name": "Puneet Pal",
                "qualification": "Debt Portion",
                "total_exp": "22 Years"
            }
        ],
        "load": {
            "entry_load": "NA.",
            "exit_load": "For Exits within 90 days from date of allotment of units 0.50 For Exits beyond 90 days from date of allotment of units NIL."
        },
        "main_scheme_name": "PGIM INDIA MULTICAP FUND",
        "metrics": {
            "alpha": null,
            "arithmetic_mean_ratio": null,
            "average_div_yld": null,
            "average_pb": null,
            "average_pe": null,
            "avg_maturity": null,
            "beta": null,
            "correlation_ratio": null,
            "downside_deviation": null,
            "information_ratio": null,
            "macaulay": null,
            "mod_duration": null,
            "port_turnover_ratio": "0.12",
            "r_squared_ratio": null,
            "roe_ratio": null,
            "sharpe": null,
            "sortino_ratio": null,
            "std_dev": null,
            "tracking_error": null,
            "treynor_ratio": null,
            "upside_deviation": null,
            "ytm": null
        },
        "min_addl_amt": "\u20b9 1000",
        "min_addl_amt_multiple": "\u20b9 1",
        "min_amt": "\u20b9 5000",
        "min_amt_multiple": "\u20b9 1",
        "monthly_aaum_date": "31-03-2025",
        "monthly_aaum_value": "\u20b9 335.66",
        "mutual_fund_name": "PGIM India Mutual Fund",
        "page_number": [
            10
        ],
        "scheme_launch_date": "10092024"
    },
    "PGIM INDIA MIDCAP OPPORTUNITIES FUND": {
        "amc_name": "PGIM India Asset Management Private Limited",
        "benchmark_index": "NIFTY Midcap 150 TRI",
        "fund_manager": [
            {
                "managing_fund_since": "April 15, 2024",
                "name": "Vivek Sharma",
                "qualification": "Equity Portion",
                "total_exp": "14 Years"
            },
            {
                "managing_fund_since": "November 01, 2023",
                "name": "Utsav Mehta",
                "qualification": "Equity Portion",
                "total_exp": "13 Years"
            },
            {
                "managing_fund_since": "April 01, 2023",
                "name": "Vinay Paharia",
                "qualification": "Equity Portion",
                "total_exp": "20 Years"
            },
            {
                "managing_fund_since": "July 16, 2022",
                "name": "Puneet Pal",
                "qualification": "Debt Portion",
                "total_exp": "22 Years"
            }
        ],
        "load": {
            "entry_load": "NA.",
            "exit_load": "For Exits within 90 days from date of allotment of units 0.50 For Exits beyond 90 days from date of allotment of units NIL."
        },
        "main_scheme_name": "PGIM INDIA MIDCAP OPPORTUNITIES FUND",
        "metrics": {
            "alpha": null,
            "arithmetic_mean_ratio": null,
            "average_div_yld": null,
            "average_pb": null,
            "average_pe": null,
            "avg_maturity": null,
            "beta": "0.82",
            "correlation_ratio": null,
            "downside_deviation": null,
            "information_ratio": null,
            "macaulay": null,
            "mod_duration": null,
            "port_turnover_ratio": "0.48",
            "r_squared_ratio": null,
            "roe_ratio": null,
            "sharpe": "0.35",
            "sortino_ratio": null,
            "std_dev": "16.28",
            "tracking_error": null,
            "treynor_ratio": null,
            "upside_deviation": null,
            "volatility_measures": "3 Years",
            "ytm": null
        },
        "min_addl_amt": "\u20b9 1000",
        "min_addl_amt_multiple": "\u20b9 1",
        "min_amt": "\u20b9 5000",
        "min_amt_multiple": "\u20b9 1",
        "monthly_aaum_date": "31-03-2025",
        "monthly_aaum_value": "\u20b9 10024.50",
        "mutual_fund_name": "PGIM India Mutual Fund",
        "page_number": [
            11
        ],
        "scheme_launch_date": "02122013"
    },
    "PGIM INDIA SMALL CAP FUND": {
        "amc_name": "PGIM India Asset Management Private Limited",
        "benchmark_index": "NIFTY Smallcap 250 TRI",
        "fund_manager": [
            {
                "managing_fund_since": "April 15, 2024",
                "name": "Utsav Mehta",
                "qualification": "Equity Portion",
                "total_exp": "13 Years"
            },
            {
                "managing_fund_since": "April 15, 2024",
                "name": "Vivek Sharma",
                "qualification": "Equity Portion",
                "total_exp": "14 Years"
            },
            {
                "managing_fund_since": "April 01, 2023",
                "name": "Vinay Paharia",
                "qualification": "Equity Portion",
                "total_exp": "20 Years"
            },
            {
                "managing_fund_since": "April 01, 2023",
                "name": "Puneet Pal",
                "qualification": "Debt Portion",
                "total_exp": "22 Years"
            }
        ],
        "load": {
            "entry_load": "NA.",
            "exit_load": "For Exits within 90 days from date of allotment of units 0.50 For Exits beyond 90 days from date of allotment of units NIL."
        },
        "main_scheme_name": "PGIM INDIA SMALL CAP FUND",
        "metrics": {
            "alpha": null,
            "arithmetic_mean_ratio": null,
            "average_div_yld": null,
            "average_pb": null,
            "average_pe": null,
            "avg_maturity": null,
            "beta": "0.75",
            "correlation_ratio": null,
            "downside_deviation": null,
            "information_ratio": null,
            "macaulay": null,
            "mod_duration": null,
            "port_turnover_ratio": "0.63",
            "r_squared_ratio": null,
            "roe_ratio": null,
            "sharpe": "0.18",
            "sortino_ratio": null,
            "std_dev": "18.33",
            "tracking_error": null,
            "treynor_ratio": null,
            "upside_deviation": null,
            "volatility_measures": "3 Years",
            "ytm": null
        },
        "min_addl_amt": "\u20b9 1000",
        "min_addl_amt_multiple": "\u20b9 1",
        "min_amt": "\u20b9 5000",
        "min_amt_multiple": "\u20b9 1",
        "monthly_aaum_date": "31-03-2025",
        "monthly_aaum_value": "\u20b9 1331.65",
        "mutual_fund_name": "PGIM India Mutual Fund",
        "page_number": [
            12
        ],
        "scheme_launch_date": "29072021"
    },
    "PGIM INDIA ELSS TAX SAVER FUND": {
        "amc_name": "PGIM India Asset Management Private Limited",
        "benchmark_index": "NIFTY 500 TRI",
        "fund_manager": [
            {
                "managing_fund_since": "April 15, 2024",
                "name": "Vivek Sharma",
                "qualification": "Equity Portion",
                "total_exp": "14 Years"
            },
            {
                "managing_fund_since": "April 15, 2024",
                "name": "Utsav Mehta",
                "qualification": "Equity Portion",
                "total_exp": "13 Years"
            },
            {
                "managing_fund_since": "April 01, 2023",
                "name": "Vinay Paharia",
                "qualification": "Equity Portion",
                "total_exp": "20 Years"
            },
            {
                "managing_fund_since": "April 01, 2023",
                "name": "Bhupesh Kalyani",
                "qualification": "Debt Portion",
                "total_exp": "18 Years"
            }
        ],
        "load": {
            "entry_load": "NA.",
            "exit_load": "Nil"
        },
        "main_scheme_name": "PGIM INDIA ELSS TAX SAVER FUND",
        "metrics": {
            "alpha": null,
            "arithmetic_mean_ratio": null,
            "average_div_yld": null,
            "average_pb": null,
            "average_pe": null,
            "avg_maturity": null,
            "beta": "0.86",
            "correlation_ratio": null,
            "downside_deviation": null,
            "information_ratio": null,
            "macaulay": null,
            "mod_duration": null,
            "port_turnover_ratio": "0.37",
            "r_squared_ratio": null,
            "roe_ratio": null,
            "sharpe": "0.36",
            "sortino_ratio": null,
            "std_dev": "13.77",
            "tracking_error": null,
            "treynor_ratio": null,
            "upside_deviation": null,
            "volatility_measures": "3 Years",
            "ytm": null
        },
        "min_addl_amt": "\u20b9 1000",
        "min_addl_amt_multiple": "\u20b9 1",
        "min_amt": "\u20b9 500",
        "min_amt_multiple": "\u20b9 500",
        "monthly_aaum_date": "31-03-2025",
        "monthly_aaum_value": "\u20b9 722.63",
        "mutual_fund_name": "PGIM India Mutual Fund",
        "page_number": [
            13
        ],
        "scheme_launch_date": "11122015"
    },
    "PGIM INDIA HEALTHCARE FUND": {
        "amc_name": "PGIM India Asset Management Private Limited",
        "benchmark_index": "BSE Healthcare TRI",
        "fund_manager": [
            {
                "managing_fund_since": "Dec 06, 2024",
                "name": "Anandha Padmanabhan Anjeneyan",
                "qualification": "Equity Portion",
                "total_exp": "15 Years"
            },
            {
                "managing_fund_since": "",
                "name": "Utsav Mehta",
                "qualification": "Equity Portion",
                "total_exp": "13 Years"
            },
            {
                "managing_fund_since": "",
                "name": "Vivek Sharma",
                "qualification": "Equity Portion",
                "total_exp": "14 Years"
            },
            {
                "managing_fund_since": "Dec 06, 2024",
                "name": "Puneet Pal",
                "qualification": "",
                "total_exp": "22 Years"
            }
        ],
        "load": {
            "entry_load": "NA.",
            "exit_load": "For Exits within 90 days from date of allotment of units 0.50 For Exits beyond 90 days from date of allotment of units NIL."
        },
        "main_scheme_name": "PGIM INDIA HEALTHCARE FUND",
        "metrics": {
            "alpha": null,
            "arithmetic_mean_ratio": null,
            "average_div_yld": null,
            "average_pb": null,
            "average_pe": null,
            "avg_maturity": null,
            "beta": null,
            "correlation_ratio": null,
            "downside_deviation": null,
            "information_ratio": null,
            "macaulay": null,
            "mod_duration": null,
            "port_turnover_ratio": "0.05",
            "r_squared_ratio": null,
            "roe_ratio": null,
            "sharpe": null,
            "sortino_ratio": null,
            "std_dev": null,
            "tracking_error": null,
            "treynor_ratio": null,
            "upside_deviation": null,
            "ytm": null
        },
        "min_addl_amt": "\u20b9 1000",
        "min_addl_amt_multiple": "\u20b9 1",
        "min_amt": "\u20b9 5000",
        "min_amt_multiple": "\u20b9 1",
        "monthly_aaum_date": "31-03-2025",
        "monthly_aaum_value": "\u20b9 100.97",
        "mutual_fund_name": "PGIM India Mutual Fund",
        "page_number": [
            14
        ],
        "scheme_launch_date": "06122024"
    },
    "PGIM INDIA RETIREMENT FUND": {
        "amc_name": "PGIM India Asset Management Private Limited",
        "benchmark_index": "BSE 500 TRI",
        "fund_manager": [
            {
                "managing_fund_since": "April 15, 2024",
                "name": "Vinay Paharia",
                "qualification": "Equity Portion",
                "total_exp": "20 Years"
            },
            {
                "managing_fund_since": "April 15, 2024",
                "name": "Puneet Pal",
                "qualification": "Reits  Invits Debt Portion",
                "total_exp": "22 Years"
            },
            {
                "managing_fund_since": "August 01, 2024",
                "name": "Anandha Padmanabhan Anjeneyan",
                "qualification": "Equity Portion",
                "total_exp": "15 Years"
            },
            {
                "managing_fund_since": "August 01, 2024",
                "name": "Vivek Sharma",
                "qualification": "Equity Portion",
                "total_exp": "14 Years"
            }
        ],
        "load": {
            "entry_load": "NA.",
            "exit_load": "NIL."
        },
        "main_scheme_name": "PGIM INDIA RETIREMENT FUND",
        "metrics": {
            "alpha": null,
            "arithmetic_mean_ratio": null,
            "average_div_yld": null,
            "average_pb": null,
            "average_pe": null,
            "avg_maturity": null,
            "beta": null,
            "correlation_ratio": null,
            "downside_deviation": null,
            "information_ratio": null,
            "macaulay": null,
            "mod_duration": null,
            "port_turnover_ratio": "0.26",
            "r_squared_ratio": null,
            "roe_ratio": null,
            "sharpe": null,
            "sortino_ratio": null,
            "std_dev": null,
            "tracking_error": null,
            "treynor_ratio": null,
            "upside_deviation": null,
            "ytm": null
        },
        "min_addl_amt": "\u20b9 1000",
        "min_addl_amt_multiple": "\u20b9 1",
        "min_amt": "\u20b9 5000",
        "min_amt_multiple": "\u20b9 1",
        "monthly_aaum_date": "31-03-2025",
        "monthly_aaum_value": "\u20b9 70.64",
        "mutual_fund_name": "PGIM India Mutual Fund",
        "page_number": [
            15
        ],
        "scheme_launch_date": "15042024"
    },
    "PGIM INDIA EMERGING MARKETS EQUITY FUND": {
        "amc_name": "PGIM India Asset Management Private Limited",
        "benchmark_index": "",
        "fund_manager": [
            {
                "managing_fund_since": "February 15, 2025",
                "name": "Anandha Padmanabhan Anjeneyan",
                "qualification": "Over 15 Years Of Experience In Equity Market",
                "total_exp": "14 Years"
            }
        ],
        "load": {
            "entry_load": "NA.",
            "exit_load": "For Exits within 90 days from date of allotment of units 0.50 For Exits beyond 90 days from date of allotment of units NIL."
        },
        "main_scheme_name": "PGIM INDIA EMERGING MARKETS EQUITY FUND",
        "metrics": {
            "alpha": null,
            "arithmetic_mean_ratio": null,
            "average_div_yld": null,
            "average_pb": null,
            "average_pe": null,
            "avg_maturity": null,
            "beta": null,
            "correlation_ratio": null,
            "downside_deviation": null,
            "information_ratio": null,
            "macaulay": null,
            "mod_duration": null,
            "port_turnover_ratio": null,
            "r_squared_ratio": null,
            "roe_ratio": null,
            "sharpe": null,
            "sortino_ratio": null,
            "std_dev": null,
            "tracking_error": null,
            "treynor_ratio": null,
            "upside_deviation": null,
            "ytm": null
        },
        "min_addl_amt": "\u20b9 1000",
        "min_addl_amt_multiple": "\u20b9 1",
        "min_amt": "\u20b9 5000",
        "min_amt_multiple": "\u20b9 1",
        "monthly_aaum_date": "31-03-2025",
        "monthly_aaum_value": "\u20b9 97.98",
        "mutual_fund_name": "PGIM India Mutual Fund",
        "page_number": [
            16
        ],
        "scheme_launch_date": "11092007"
    },
    "PGIM INDIA GLOBAL EQUITY OPPORTUNITIES FUND": {
        "amc_name": "PGIM India Asset Management Private Limited",
        "benchmark_index": "MSCI All Country World Index",
        "fund_manager": [
            {
                "managing_fund_since": "February 15, 2025",
                "name": "Anandha Padmanabhan Anjeneyan",
                "qualification": "Over 15 Years Of Experience In Equity Market",
                "total_exp": "14 Years"
            }
        ],
        "load": {
            "entry_load": "NA.",
            "exit_load": "For Exits within 90 days from date of allotment of units 0.50 For Exits beyond 90 days from date of allotment of units NIL."
        },
        "main_scheme_name": "PGIM INDIA GLOBAL EQUITY OPPORTUNITIES FUND",
        "metrics": {
            "alpha": null,
            "arithmetic_mean_ratio": null,
            "average_div_yld": null,
            "average_pb": null,
            "average_pe": null,
            "avg_maturity": null,
            "beta": null,
            "correlation_ratio": null,
            "downside_deviation": null,
            "information_ratio": null,
            "macaulay": null,
            "mod_duration": null,
            "port_turnover_ratio": null,
            "r_squared_ratio": null,
            "roe_ratio": null,
            "sharpe": null,
            "sortino_ratio": null,
            "std_dev": null,
            "tracking_error": null,
            "treynor_ratio": null,
            "upside_deviation": null,
            "ytm": null
        },
        "min_addl_amt": "\u20b9 1000",
        "min_addl_amt_multiple": "\u20b9 1",
        "min_amt": "\u20b9 5000",
        "min_amt_multiple": "\u20b9 1",
        "monthly_aaum_date": "31-03-2025",
        "monthly_aaum_value": "\u20b9 1315.14",
        "mutual_fund_name": "PGIM India Mutual Fund",
        "page_number": [
            17
        ],
        "scheme_launch_date": "13052010"
    },
    "PGIM INDIA GLOBAL SELECT REAL ESTATE SECURITIES FUND OF FUND": {
        "amc_name": "PGIM India Asset Management Private Limited",
        "benchmark_index": "FTSE EPRA  NAREIT Developed Index",
        "fund_manager": [
            {
                "managing_fund_since": "February 15, 2025",
                "name": "Anandha Padmanabhan Anjeneyan",
                "qualification": "Over 15 Years Of Experience In Equity Market",
                "total_exp": "14 Years"
            }
        ],
        "load": {
            "entry_load": "NA.",
            "exit_load": "For Exits within 90 days from date of allotment of units 0.50 For Exits beyond 90 days from date of allotment of units NIL."
        },
        "main_scheme_name": "PGIM INDIA GLOBAL SELECT REAL ESTATE SECURITIES FUND OF FUND",
        "metrics": {
            "alpha": null,
            "arithmetic_mean_ratio": null,
            "average_div_yld": null,
            "average_pb": null,
            "average_pe": null,
            "avg_maturity": null,
            "beta": null,
            "correlation_ratio": null,
            "downside_deviation": null,
            "information_ratio": null,
            "macaulay": null,
            "mod_duration": null,
            "port_turnover_ratio": null,
            "r_squared_ratio": null,
            "roe_ratio": null,
            "sharpe": null,
            "sortino_ratio": null,
            "std_dev": null,
            "tracking_error": null,
            "treynor_ratio": null,
            "upside_deviation": null,
            "ytm": null
        },
        "min_addl_amt": "\u20b9 1000",
        "min_addl_amt_multiple": "\u20b9 1",
        "min_amt": "\u20b9 5000",
        "min_amt_multiple": "\u20b9 1",
        "monthly_aaum_date": "31-03-2025",
        "monthly_aaum_value": "\u20b9 47.71",
        "mutual_fund_name": "PGIM India Mutual Fund",
        "page_number": [
            18
        ],
        "scheme_launch_date": "03122021"
    },
    "PGIM INDIA HYBRID EQUITY FUND": {
        "amc_name": "PGIM India Asset Management Private Limited",
        "benchmark_index": "CRISIL Hybrid 3565 - Aggresive Index",
        "fund_manager": [
            {
                "managing_fund_since": "April 15, 2024) Vivek Sharma (Equity Portion) (Over 14 Years Of Experience In Equity Market, Research And Fund Management) (W.E.F. August 19, 2023",
                "name": "Anandha  Padmanabhan Anjeneyan",
                "qualification": "Equity Portion",
                "total_exp": "15 Years"
            },
            {
                "managing_fund_since": "April 01, 2023",
                "name": "Vinay Paharia",
                "qualification": "Equity Portion",
                "total_exp": "20 Years"
            },
            {
                "managing_fund_since": "April 01, 2023",
                "name": "Puneet Pal",
                "qualification": "Debt Portion",
                "total_exp": "22 Years"
            }
        ],
        "load": {
            "entry_load": "NA",
            "exit_load": "For Exits within 90 days from date of allotment of units 0.50 For Exits beyond 90 days from date of allotment of units NIL."
        },
        "main_scheme_name": "PGIM INDIA HYBRID EQUITY FUND",
        "metrics": {
            "alpha": null,
            "arithmetic_mean_ratio": null,
            "average_div_yld": null,
            "average_pb": null,
            "average_pe": null,
            "avg_maturity": "9.61 yrs",
            "beta": "1.06",
            "correlation_ratio": null,
            "downside_deviation": null,
            "information_ratio": null,
            "macaulay": null,
            "mod_duration": "5.54 yrs",
            "port_turnover_ratio": "0.28",
            "r_squared_ratio": null,
            "roe_ratio": null,
            "sharpe": "0.38",
            "sortino_ratio": null,
            "std_dev": "8.57",
            "tracking_error": null,
            "treynor_ratio": null,
            "upside_deviation": null,
            "volatility_measures": "3 Years",
            "ytm": "6.87"
        },
        "min_addl_amt": "\u20b9 1000",
        "min_addl_amt_multiple": "\u20b9 1",
        "min_amt": "\u20b9 5000",
        "min_amt_multiple": "\u20b9 1",
        "monthly_aaum_date": "31-03-2025",
        "monthly_aaum_value": "\u20b9 201.32",
        "mutual_fund_name": "PGIM India Mutual Fund",
        "page_number": [
            19
        ],
        "scheme_launch_date": "05022004"
    },
    "PGIM INDIA ARBITRAGE FUND": {
        "amc_name": "PGIM India Asset Management Private Limited",
        "benchmark_index": "Nifty 50 Arbitrage Index",
        "fund_manager": [
            {
                "managing_fund_since": "March 29, 2024",
                "name": "Chetan Chavan",
                "qualification": "Equity Portion",
                "total_exp": "20 Years"
            },
            {
                "managing_fund_since": "April 22, 2022",
                "name": "Puneet Pal",
                "qualification": "Debt Portion",
                "total_exp": "22 Years"
            }
        ],
        "load": {
            "entry_load": "NA",
            "exit_load": "(w.e.f. October 25, 2023) For exits within 30 days from the date of allotment of units 0.25 For exits beyond 30 days from the date of allotment of units Nil"
        },
        "main_scheme_name": "PGIM INDIA ARBITRAGE FUND",
        "metrics": {
            "alpha": null,
            "arithmetic_mean_ratio": null,
            "average_div_yld": null,
            "average_pb": null,
            "average_pe": null,
            "avg_maturity": null,
            "beta": "0.49",
            "correlation_ratio": null,
            "downside_deviation": null,
            "information_ratio": null,
            "macaulay": null,
            "mod_duration": null,
            "port_turnover_ratio": "1.21",
            "r_squared_ratio": null,
            "roe_ratio": null,
            "sharpe": "0.06",
            "sortino_ratio": null,
            "std_dev": "1.20",
            "tracking_error": null,
            "treynor_ratio": null,
            "upside_deviation": null,
            "volatility_measures": "3 Years",
            "ytm": null
        },
        "min_addl_amt": "\u20b9 1000",
        "min_addl_amt_multiple": "\u20b9 1",
        "min_amt": "\u20b9 5000",
        "min_amt_multiple": "\u20b9 1",
        "monthly_aaum_date": "31-03-2025",
        "monthly_aaum_value": "\u20b9 94.54",
        "mutual_fund_name": "PGIM India Mutual Fund",
        "page_number": [
            20
        ],
        "scheme_launch_date": "27082014"
    },
    "PGIM INDIA EQUITY SAVINGS FUND": {
        "amc_name": "PGIM India Asset Management Private Limited",
        "benchmark_index": "NIFTY Equity Savings Index",
        "fund_manager": [
            {
                "managing_fund_since": "May 12, 2022",
                "name": "Anandha Padmanabhan Anjeneyan",
                "qualification": "Equity Portion",
                "total_exp": "15 Years"
            },
            {
                "managing_fund_since": "April 15, 2024",
                "name": "Vivek Sharma",
                "qualification": "Equity Portion",
                "total_exp": "14 Years"
            },
            {
                "managing_fund_since": "April 01, 2023",
                "name": "Vinay Paharia",
                "qualification": "Equity Portion",
                "total_exp": "20 Years"
            },
            {
                "managing_fund_since": "December 01, 2021",
                "name": "Puneet Pal",
                "qualification": "Debt Portion",
                "total_exp": "22 Years"
            }
        ],
        "load": {
            "entry_load": "NA",
            "exit_load": "Nil"
        },
        "main_scheme_name": "PGIM INDIA EQUITY SAVINGS FUND",
        "metrics": {
            "alpha": null,
            "arithmetic_mean_ratio": null,
            "average_div_yld": null,
            "average_pb": null,
            "average_pe": null,
            "avg_maturity": "4.53 yrs",
            "beta": "0.43",
            "correlation_ratio": null,
            "downside_deviation": null,
            "information_ratio": null,
            "macaulay": null,
            "mod_duration": "3.32 yrs",
            "port_turnover_ratio": "0.31",
            "r_squared_ratio": null,
            "roe_ratio": null,
            "sharpe": "0.08",
            "sortino_ratio": null,
            "std_dev": "4.50",
            "tracking_error": null,
            "treynor_ratio": null,
            "upside_deviation": null,
            "volatility_measures": "3 Years",
            "ytm": "6.96"
        },
        "min_addl_amt": "\u20b9 1000",
        "min_addl_amt_multiple": "\u20b9 1",
        "min_amt": "\u20b9 5000",
        "min_amt_multiple": "\u20b9 1",
        "monthly_aaum_date": "31-03-2025",
        "monthly_aaum_value": "\u20b9 69.77",
        "mutual_fund_name": "PGIM India Mutual Fund",
        "page_number": [
            21
        ],
        "scheme_launch_date": "05022004"
    },
    "PGIM INDIA BALANCED ADVANTAGE FUND": {
        "amc_name": "PGIM India Asset Management Private Limited",
        "benchmark_index": "CRISIL Hybrid 5050 Moderate Index",
        "fund_manager": [
            {
                "managing_fund_since": "April 15, 2024",
                "name": "Utsav Mehta",
                "qualification": "Equity Portion",
                "total_exp": "13 Years"
            },
            {
                "managing_fund_since": "April 01, 2023",
                "name": "Anandha Padmanabhan Anjeneyan",
                "qualification": "Equity Portion",
                "total_exp": "15 Years"
            },
            {
                "managing_fund_since": "April 01, 2023",
                "name": "Vinay Paharia",
                "qualification": "Equity Portion",
                "total_exp": "20 Years"
            },
            {
                "managing_fund_since": "December 01, 2021",
                "name": "Puneet Pal",
                "qualification": "Debt Portion",
                "total_exp": "22 Years"
            }
        ],
        "load": {
            "entry_load": "NA.",
            "exit_load": "For Exits within 90 days from date of allotment of units 0.50 For Exits beyond 90 days from date of allotment of units NIL."
        },
        "main_scheme_name": "PGIM INDIA BALANCED ADVANTAGE FUND",
        "metrics": {
            "alpha": null,
            "arithmetic_mean_ratio": null,
            "average_div_yld": null,
            "average_pb": null,
            "average_pe": null,
            "avg_maturity": "9.09 years",
            "beta": "1.03",
            "correlation_ratio": null,
            "downside_deviation": null,
            "information_ratio": null,
            "macaulay": null,
            "mod_duration": "4.91 years",
            "port_turnover_ratio": "0.50",
            "r_squared_ratio": null,
            "roe_ratio": null,
            "sharpe": "0.18",
            "sortino_ratio": null,
            "std_dev": "7.24",
            "tracking_error": null,
            "treynor_ratio": null,
            "upside_deviation": null,
            "volatility_measures": "3 Years",
            "ytm": "7.03"
        },
        "min_addl_amt": "\u20b9 1000",
        "min_addl_amt_multiple": "\u20b9 1",
        "min_amt": "\u20b9 5000",
        "min_amt_multiple": "\u20b9 1",
        "monthly_aaum_date": "31-03-2025",
        "monthly_aaum_value": "\u20b9 941.70",
        "mutual_fund_name": "PGIM India Mutual Fund",
        "page_number": [
            22
        ],
        "scheme_launch_date": ""
    },
    "PGIM INDIA OVERNIGHT FUND": {
        "amc_name": "PGIM India Asset Management Private Limited",
        "benchmark_index": "",
        "fund_manager": [
            {
                "managing_fund_since": "September 13, 2022",
                "name": "Bhupesh Kalyani",
                "qualification": "",
                "total_exp": "18 Years"
            },
            {
                "managing_fund_since": "July 16, 2022",
                "name": "Puneet Pal",
                "qualification": "",
                "total_exp": "22 Years"
            }
        ],
        "load": {
            "entry_load": "NA.",
            "exit_load": "Nil For rating methodology refer page no. 34"
        },
        "main_scheme_name": "PGIM INDIA OVERNIGHT FUND",
        "metrics": {
            "alpha": null,
            "arithmetic_mean_ratio": null,
            "average_div_yld": null,
            "average_pb": null,
            "average_pe": null,
            "avg_maturity": "1 day",
            "beta": null,
            "correlation_ratio": null,
            "downside_deviation": null,
            "information_ratio": null,
            "macaulay": "1 day",
            "mod_duration": "1 day",
            "port_turnover_ratio": null,
            "r_squared_ratio": null,
            "roe_ratio": null,
            "sharpe": null,
            "sortino_ratio": null,
            "std_dev": null,
            "tracking_error": null,
            "treynor_ratio": null,
            "upside_deviation": null,
            "ytm": "7.30"
        },
        "min_addl_amt": "\u20b9 1000",
        "min_addl_amt_multiple": "\u20b9 1",
        "min_amt": "",
        "min_amt_multiple": "",
        "monthly_aaum_date": "31-03-2025",
        "monthly_aaum_value": "\u20b9 81.42",
        "mutual_fund_name": "PGIM India Mutual Fund",
        "page_number": [
            25
        ],
        "scheme_launch_date": "27082019"
    },
    "PGIM INDIA LIQUID FUND": {
        "amc_name": "PGIM India Asset Management Private Limited",
        "benchmark_index": "",
        "fund_manager": [
            {
                "managing_fund_since": "September 13, 2022",
                "name": "Bhupesh Kalyani",
                "qualification": "",
                "total_exp": "18 Years"
            },
            {
                "managing_fund_since": "July 16, 2022",
                "name": "Puneet Pal",
                "qualification": "",
                "total_exp": "22 Years"
            }
        ],
        "load": {
            "entry_load": "NA. Exit Load Investor exit upon",
            "exit_load": "as a  of redemption subscription switch proceeds Day 1 0.0070 Day 2 0.0065 Day 3 0.0060 Day 4 0.0055 Day 5 0.0050 Day 6 0.0045 Day 7 onwards 0.0000 For rating methodology refer page no. 34"
        },
        "main_scheme_name": "PGIM INDIA LIQUID FUND",
        "metrics": {
            "alpha": null,
            "arithmetic_mean_ratio": null,
            "average_div_yld": null,
            "average_pb": null,
            "average_pe": null,
            "avg_maturity": "2.64 months",
            "beta": null,
            "correlation_ratio": null,
            "downside_deviation": null,
            "information_ratio": null,
            "macaulay": "2.69 months",
            "mod_duration": "2.51 months",
            "port_turnover_ratio": null,
            "r_squared_ratio": null,
            "roe_ratio": null,
            "sharpe": null,
            "sortino_ratio": null,
            "std_dev": null,
            "tracking_error": null,
            "treynor_ratio": null,
            "upside_deviation": null,
            "ytm": "6.93"
        },
        "min_addl_amt": "\u20b9 1000",
        "min_addl_amt_multiple": "\u20b9 1",
        "min_amt": "",
        "min_amt_multiple": "",
        "monthly_aaum_date": "31-03-2025",
        "monthly_aaum_value": "\u20b9 360.45",
        "mutual_fund_name": "PGIM India Mutual Fund",
        "page_number": [
            26
        ],
        "scheme_launch_date": "05092007"
    },
    "PGIM INDIA ULTRA SHORT DURATION FUND": {
        "amc_name": "PGIM India Asset Management Private Limited",
        "benchmark_index": "CRISIL Ultra Short Duration Debt A-I Index",
        "fund_manager": [
            {
                "managing_fund_since": "July 16, 2022",
                "name": "Puneet Pal",
                "qualification": "",
                "total_exp": "22 Years"
            },
            {
                "managing_fund_since": "September 13, 2022",
                "name": "Bhupesh Kalyani",
                "qualification": "",
                "total_exp": "18 Years"
            }
        ],
        "load": {
            "entry_load": "NA.",
            "exit_load": "Nil. For rating methodology refer page no. 34"
        },
        "main_scheme_name": "PGIM INDIA ULTRA SHORT DURATION FUND",
        "metrics": {
            "alpha": null,
            "arithmetic_mean_ratio": null,
            "average_div_yld": null,
            "average_pb": null,
            "average_pe": null,
            "avg_maturity": "5.64 months",
            "beta": null,
            "correlation_ratio": null,
            "downside_deviation": null,
            "information_ratio": null,
            "macaulay": "5.63 months",
            "mod_duration": "5.24 months",
            "port_turnover_ratio": null,
            "r_squared_ratio": null,
            "roe_ratio": null,
            "sharpe": null,
            "sortino_ratio": null,
            "std_dev": null,
            "tracking_error": null,
            "treynor_ratio": null,
            "upside_deviation": null,
            "ytm": "7.29"
        },
        "min_addl_amt": "\u20b9 1000",
        "min_addl_amt_multiple": "\u20b9 1",
        "min_amt": "",
        "min_amt_multiple": "",
        "monthly_aaum_date": "31-03-2025",
        "monthly_aaum_value": "\u20b9 205.92",
        "mutual_fund_name": "PGIM India Mutual Fund",
        "page_number": [
            27
        ],
        "scheme_launch_date": "14072008"
    },
    "PGIM INDIA MONEY MARKET FUND": {
        "amc_name": "PGIM India Asset Management Private Limited",
        "benchmark_index": "CRISIL Money Market A-I Index",
        "fund_manager": [
            {
                "managing_fund_since": "July 16, 2022",
                "name": "Puneet Pal",
                "qualification": "",
                "total_exp": "22 Years"
            },
            {
                "managing_fund_since": "September 13, 2022",
                "name": "Bhupesh Kalyani",
                "qualification": "",
                "total_exp": "18 Years"
            }
        ],
        "load": {
            "entry_load": "NA.",
            "exit_load": "(W.e.f. January 10, 2022) Nil. For rating methodology refer page no. 34"
        },
        "main_scheme_name": "PGIM INDIA MONEY MARKET FUND",
        "metrics": {
            "alpha": null,
            "arithmetic_mean_ratio": null,
            "average_div_yld": null,
            "average_pb": null,
            "average_pe": null,
            "avg_maturity": "10.68 months",
            "beta": null,
            "correlation_ratio": null,
            "downside_deviation": null,
            "information_ratio": null,
            "macaulay": "10.71 months",
            "mod_duration": "9.99 months",
            "port_turnover_ratio": null,
            "r_squared_ratio": null,
            "roe_ratio": null,
            "sharpe": null,
            "sortino_ratio": null,
            "std_dev": null,
            "tracking_error": null,
            "treynor_ratio": null,
            "upside_deviation": null,
            "ytm": "7.19"
        },
        "min_addl_amt": "\u20b9 1000",
        "min_addl_amt_multiple": "\u20b9 1",
        "min_amt": "\u20b9 5000",
        "min_amt_multiple": "\u20b9 1",
        "monthly_aaum_date": "31-03-2025",
        "monthly_aaum_value": "\u20b9 170.54",
        "mutual_fund_name": "PGIM India Mutual Fund",
        "page_number": [
            28
        ],
        "scheme_launch_date": "06032020"
    },
    "PGIM INDIA DYNAMIC BOND FUND": {
        "amc_name": "PGIM India Asset Management Private Limited",
        "benchmark_index": "",
        "fund_manager": [
            {
                "managing_fund_since": "",
                "name": "Puneet Pal",
                "qualification": "",
                "total_exp": "22 Years"
            },
            {
                "managing_fund_since": "September 13, 2022",
                "name": "Bhupesh Kalyani",
                "qualification": "",
                "total_exp": "18 Years"
            }
        ],
        "load": {
            "entry_load": "NA.",
            "exit_load": "(W.e.f. January 10, 2022) Nil For rating methodology refer page no. 34"
        },
        "main_scheme_name": "PGIM INDIA DYNAMIC BOND FUND",
        "metrics": {
            "alpha": null,
            "arithmetic_mean_ratio": null,
            "average_div_yld": null,
            "average_pb": null,
            "average_pe": null,
            "avg_maturity": "15.37 yrs",
            "beta": null,
            "correlation_ratio": null,
            "downside_deviation": null,
            "information_ratio": null,
            "macaulay": "8.18 yrs",
            "mod_duration": "7.90 yrs",
            "port_turnover_ratio": null,
            "r_squared_ratio": null,
            "roe_ratio": null,
            "sharpe": null,
            "sortino_ratio": null,
            "std_dev": null,
            "tracking_error": null,
            "treynor_ratio": null,
            "upside_deviation": null,
            "ytm": "6.90"
        },
        "min_addl_amt": "\u20b9 1000",
        "min_addl_amt_multiple": "\u20b9 1",
        "min_amt": "",
        "min_amt_multiple": "",
        "monthly_aaum_date": "31-03-2025",
        "monthly_aaum_value": "\u20b9 103.43",
        "mutual_fund_name": "PGIM India Mutual Fund",
        "page_number": [
            29
        ],
        "scheme_launch_date": "12012012"
    },
    "PGIM INDIA CORPORATE BOND FUND": {
        "amc_name": "PGIM India Asset Management Private Limited",
        "benchmark_index": "CRISIL Corporate Debt A-II Index",
        "fund_manager": [
            {
                "managing_fund_since": "",
                "name": "Puneet Pal",
                "qualification": "",
                "total_exp": "22 Years"
            },
            {
                "managing_fund_since": "September 13, 2022",
                "name": "Bhupesh Kalyani",
                "qualification": "",
                "total_exp": "18 Years"
            }
        ],
        "load": {
            "entry_load": "NA.",
            "exit_load": "Nil For rating methodology refer page no. 34"
        },
        "main_scheme_name": "PGIM INDIA CORPORATE BOND FUND",
        "metrics": {
            "alpha": null,
            "arithmetic_mean_ratio": null,
            "average_div_yld": null,
            "average_pb": null,
            "average_pe": null,
            "avg_maturity": "5.32 yrs",
            "beta": null,
            "correlation_ratio": null,
            "downside_deviation": null,
            "information_ratio": null,
            "macaulay": "4.09 yrs",
            "mod_duration": "3.88 yrs",
            "port_turnover_ratio": null,
            "r_squared_ratio": null,
            "roe_ratio": null,
            "sharpe": null,
            "sortino_ratio": null,
            "std_dev": null,
            "tracking_error": null,
            "treynor_ratio": null,
            "upside_deviation": null,
            "ytm": "7.17"
        },
        "min_addl_amt": "\u20b9 1000",
        "min_addl_amt_multiple": "\u20b9 1",
        "min_amt": "\u20b9 5000",
        "min_amt_multiple": "\u20b9 1",
        "monthly_aaum_date": "31-03-2025",
        "monthly_aaum_value": "\u20b9 93.62",
        "mutual_fund_name": "PGIM India Mutual Fund",
        "page_number": [
            30
        ],
        "scheme_launch_date": "30012003"
    },
    "PGIM INDIA GILT FUND": {
        "amc_name": "PGIM India Asset Management Private Limited",
        "benchmark_index": "",
        "fund_manager": [
            {
                "managing_fund_since": "",
                "name": "Puneet Pal",
                "qualification": "",
                "total_exp": "22 Years"
            },
            {
                "managing_fund_since": "September 13, 2022",
                "name": "Bhupesh Kalyani",
                "qualification": "",
                "total_exp": "18 Years"
            }
        ],
        "load": {
            "entry_load": "NA.",
            "exit_load": "Nil."
        },
        "main_scheme_name": "PGIM INDIA GILT FUND",
        "metrics": {
            "alpha": null,
            "arithmetic_mean_ratio": null,
            "average_div_yld": null,
            "average_pb": null,
            "average_pe": null,
            "avg_maturity": "18.48 yrs",
            "beta": null,
            "correlation_ratio": null,
            "downside_deviation": null,
            "information_ratio": null,
            "macaulay": "9.18 yrs",
            "mod_duration": "8.88 yrs",
            "port_turnover_ratio": null,
            "r_squared_ratio": null,
            "roe_ratio": null,
            "sharpe": null,
            "sortino_ratio": null,
            "std_dev": null,
            "tracking_error": null,
            "treynor_ratio": null,
            "upside_deviation": null,
            "ytm": "6.90"
        },
        "min_addl_amt": "\u20b9 1000",
        "min_addl_amt_multiple": "\u20b9 1",
        "min_amt": "\u20b9 5000",
        "min_amt_multiple": "\u20b9 1",
        "monthly_aaum_date": "31-03-2025",
        "monthly_aaum_value": "\u20b9 114.53",
        "mutual_fund_name": "PGIM India Mutual Fund",
        "page_number": [
            31
        ],
        "scheme_launch_date": "27102008"
    },
    "PGIM INDIA CRISIL IBX GILT INDEX - APR 2028 FUND": {
        "amc_name": "PGIM India Asset Management Private Limited",
        "benchmark_index": "",
        "fund_manager": [
            {
                "managing_fund_since": "",
                "name": "Puneet Pal",
                "qualification": "",
                "total_exp": "22 Years"
            },
            {
                "managing_fund_since": "",
                "name": "Bhupesh Kalyani",
                "qualification": "",
                "total_exp": "18 Years"
            }
        ],
        "load": {
            "entry_load": "NA.",
            "exit_load": "Nil."
        },
        "main_scheme_name": "PGIM INDIA CRISIL IBX GILT INDEX - APR 2028 FUND",
        "metrics": {
            "alpha": null,
            "arithmetic_mean_ratio": null,
            "average_div_yld": null,
            "average_pb": null,
            "average_pe": null,
            "avg_maturity": "2.60 yrs",
            "beta": null,
            "correlation_ratio": null,
            "downside_deviation": null,
            "information_ratio": null,
            "macaulay": "2.35 yrs",
            "mod_duration": "2.27 yrs",
            "port_turnover_ratio": null,
            "r_squared_ratio": null,
            "roe_ratio": null,
            "sharpe": null,
            "sortino_ratio": null,
            "std_dev": null,
            "tracking_error": null,
            "treynor_ratio": null,
            "upside_deviation": null,
            "ytm": "6.58"
        },
        "min_addl_amt": "\u20b9 1000",
        "min_addl_amt_multiple": "\u20b9 1",
        "min_amt": "\u20b9 5000",
        "min_amt_multiple": "\u20b9 1",
        "monthly_aaum_date": "31-03-2025",
        "monthly_aaum_value": "\u20b9 26.62",
        "mutual_fund_name": "PGIM India Mutual Fund",
        "page_number": [
            32
        ],
        "scheme_launch_date": "22022023"
    }
}