{
    "Quantum Small Cap Fund": {
        "amc_name": "Quantum Asset Management Company Private Limited",
        "benchmark_index": "BSE 250 SmallCap TRI",
        "fund_manager": [
            {
                "managing_fund_since": "November 03, 2023",
                "name": "Fund Manager",
                "qualification": "",
                "total_exp": "22 Years"
            },
            {
                "managing_fund_since": "November 03, 2023",
                "name": "Associate Fund Manager",
                "qualification": "",
                "total_exp": "18 Years"
            }
        ],
        "load": {
            "entry_load": "Not Applicable",
            "exit_load": "NIL If 10 of units If redeemed or switched out on or before 365 days from the date of allotment.  1 If Remaining 90 of units if redeemed or switched out on or before 365 days from the date of allotment.  NIL If redeemed or switched out after 365 days from the date of allotment. Note Redemptions, Switch, Systematic Withdrawal Plan (SWP) and Systematic Transfer Plan (STP) will be processed on First In First Out (FIFO) basis and the applicable exit load will be charged. However, no exit load will be charged for switches between option plan within the scheme."
        },
        "main_scheme_name": "Quantum Small Cap Fund",
        "metrics": {
            "alpha": null,
            "arithmetic_mean_ratio": null,
            "average_div_yld": null,
            "average_pb": null,
            "average_pe": null,
            "avg_maturity": null,
            "beta": null,
            "correlation_ratio": null,
            "downside_deviation": null,
            "information_ratio": null,
            "macaulay": null,
            "mod_duration": null,
            "port_turnover_ratio": "11.50",
            "r_squared_ratio": null,
            "roe_ratio": null,
            "sharpe": null,
            "sortino_ratio": null,
            "std_dev": null,
            "tracking_error": null,
            "treynor_ratio": null,
            "upside_deviation": null,
            "ytm": null
        },
        "min_addl_amt": "\u20b9 500",
        "min_addl_amt_multiple": "\u20b9 1",
        "min_amt": "\u20b9 500",
        "min_amt_multiple": "\u20b9 1",
        "monthly_aaum_date": "31-03-2025",
        "monthly_aaum_value": "\u20b9 103.98",
        "mutual_fund_name": "Quantum Mutual Fund",
        "page_number": [
            7
        ],
        "scheme_launch_date": "(Date of Allotment) November 03, 2023"
    },
    "Quantum Long Term Equity Value Fund": {
        "amc_name": "Quantum Asset Management Company Private Limited",
        "benchmark_index": "Tier I Benchmark - BSE 500 TRI Tier II Benchmark - BSE 200 TRI",
        "fund_manager": [
            {
                "managing_fund_since": "April 01, 2022",
                "name": "Fund Manager",
                "qualification": "",
                "total_exp": "11 Years"
            },
            {
                "managing_fund_since": "November 23, 2022",
                "name": "Fund Manager",
                "qualification": "",
                "total_exp": "10 Years"
            }
        ],
        "load": {
            "entry_load": "Not Applicable",
            "exit_load": "NIL If 10 of units if redeemed or switched out during exit load period i.e. 730 days from the allotment Exit Load Period  730 days from the date of allotment \t Remaining 90 of units in parts or full i.\t2 If redeemed or switched out on or before 365 days from the date of allotment ii.\t1 If redeemed or switched out after 365 days but on or before 730 days from the date of allotment \t NIL If units redeemed or switched out after 730 days from the date of allotment Note Redemptions, Switch, Systematic Withdrawal Plan (SWP) and Systematic Transfer Plan (STP) will be processed on First In First Out (FIFO) basis and the applicable exit load will be charged. However, no exit load will be charged for switches between option plan within the scheme."
        },
        "main_scheme_name": "Quantum Long Term Equity Value Fund",
        "metrics": {
            "alpha": null,
            "arithmetic_mean_ratio": null,
            "average_div_yld": null,
            "average_pb": null,
            "average_pe": null,
            "avg_maturity": null,
            "beta": "0.80",
            "correlation_ratio": null,
            "downside_deviation": null,
            "information_ratio": null,
            "macaulay": null,
            "mod_duration": null,
            "port_turnover_ratio": "14.04",
            "r_squared_ratio": null,
            "roe_ratio": null,
            "sharpe": "0.76",
            "sortino_ratio": null,
            "std_dev": "12.65",
            "tracking_error": null,
            "treynor_ratio": null,
            "upside_deviation": null,
            "ytm": null
        },
        "min_addl_amt": "",
        "min_addl_amt_multiple": "",
        "min_amt": "",
        "min_amt_multiple": "",
        "monthly_aaum_date": "31-03-2025",
        "monthly_aaum_value": "\u20b9 1,101.86",
        "mutual_fund_name": "Quantum Mutual Fund",
        "page_number": [
            9
        ],
        "scheme_launch_date": "(Date of Allotment) March 13, 2006"
    },
    "Quantum Ethical Fund": {
        "amc_name": "Quantum Asset Management Company Private Limited",
        "benchmark_index": "Tier I Benchmark  NIFTY 500 Shariah TRI",
        "fund_manager": [
            {
                "managing_fund_since": "December 20, 2024",
                "name": "Chirag Mehta",
                "qualification": "",
                "total_exp": "22 Years"
            }
        ],
        "load": {
            "entry_load": "Not Applicable",
            "exit_load": "NIL 10 of units If redeemed or switched out on or before 365 days from the date of allotment. \t 1 Remaining 90 of units if redeemed or switched out on or before 365 days from the date of allotment. \t Nil If redeemed or switched out after 365 days from the date of allotment Note Redemptions, Switch, Systematic Withdrawal Plan (SWP) and Systematic Transfer Plan (STP) will be processed on First In First Out (FIFO) basis and the applicable exit load will be charged. However, no exit load will be charged for switches between option plan within the scheme."
        },
        "main_scheme_name": "Quantum Ethical Fund",
        "metrics": {
            "alpha": null,
            "arithmetic_mean_ratio": null,
            "average_div_yld": null,
            "average_pb": null,
            "average_pe": null,
            "avg_maturity": null,
            "beta": null,
            "correlation_ratio": null,
            "downside_deviation": null,
            "information_ratio": null,
            "macaulay": null,
            "mod_duration": null,
            "port_turnover_ratio": "NA",
            "r_squared_ratio": null,
            "roe_ratio": null,
            "sharpe": null,
            "sortino_ratio": null,
            "std_dev": null,
            "tracking_error": null,
            "treynor_ratio": null,
            "upside_deviation": null,
            "ytm": null
        },
        "min_addl_amt": "\u20b9 500",
        "min_addl_amt_multiple": "\u20b9 1",
        "min_amt": "\u20b9 500",
        "min_amt_multiple": "\u20b9 1",
        "monthly_aaum_date": "31-03-2025",
        "monthly_aaum_value": "\u20b9 44.54",
        "mutual_fund_name": "Quantum Mutual Fund",
        "page_number": [
            12
        ],
        "scheme_launch_date": "(Date of Allotment) December 20, 2024"
    },
    "Quantum ELSS Tax Saver Fund": {
        "amc_name": "Quantum Asset Management Company Private Limited",
        "benchmark_index": "Tier I Benchmark - BSE 500 TRI Tier II Benchmark - BSE 200 TRI",
        "fund_manager": [
            {
                "managing_fund_since": "April 1, 2022",
                "name": "Fund Manager",
                "qualification": "",
                "total_exp": "11 Years"
            },
            {
                "managing_fund_since": "November 23, 2022",
                "name": "Fund Manager",
                "qualification": "",
                "total_exp": "10 Years"
            },
            {
                "managing_fund_since": "February 01, 2025",
                "name": "Associate Fund Manager",
                "qualification": "",
                "total_exp": "13 Years"
            }
        ],
        "load": {
            "entry_load": "Not Applicable",
            "exit_load": "NIL Lock-in Period 3 years from the date of allotment of the respective Units."
        },
        "main_scheme_name": "Quantum ELSS Tax Saver Fund",
        "metrics": {
            "alpha": null,
            "arithmetic_mean_ratio": null,
            "average_div_yld": null,
            "average_pb": null,
            "average_pe": null,
            "avg_maturity": null,
            "beta": "0.79",
            "correlation_ratio": null,
            "downside_deviation": null,
            "information_ratio": null,
            "macaulay": null,
            "mod_duration": null,
            "port_turnover_ratio": "15.65",
            "r_squared_ratio": null,
            "roe_ratio": null,
            "sharpe": "0.78",
            "sortino_ratio": null,
            "std_dev": "12.51",
            "tracking_error": null,
            "treynor_ratio": null,
            "upside_deviation": null,
            "ytm": null
        },
        "min_addl_amt": "\u20b9 500",
        "min_addl_amt_multiple": "\u20b9 500",
        "min_amt": "\u20b9 500",
        "min_amt_multiple": "\u20b9 500",
        "monthly_aaum_date": "31-03-2025",
        "monthly_aaum_value": "\u20b9 204.81",
        "mutual_fund_name": "Quantum Mutual Fund",
        "page_number": [
            14
        ],
        "scheme_launch_date": "(Date of Allotment) December 23, 2008"
    },
    "Quantum Multi Asset Allocation Fund": {
        "amc_name": "Quantum Asset Management Company Private Limited",
        "benchmark_index": "NIFTY 50 TRI (40)  CRISIL Short Duration Debt A-II Index (45)  Domestic Price of Gold (15)",
        "fund_manager": [
            {
                "managing_fund_since": "March 07, 2024",
                "name": "Fund Manager",
                "qualification": "",
                "total_exp": "22 Years"
            },
            {
                "managing_fund_since": "April 01, 2025",
                "name": "Fund Manager",
                "qualification": "",
                "total_exp": "14 Years"
            },
            {
                "managing_fund_since": "April 01, 2025",
                "name": "",
                "qualification": "",
                "total_exp": "11 Years"
            }
        ],
        "load": {
            "entry_load": "Not Applicable",
            "exit_load": "1.00 If redeemed or switch out on or before 90 days from the date of allotment of units. \t NIL If redeemed or switch out after 90 days from the date of allotment of units. Note Redemptions, Switch, Systematic Withdrawal Plan (SWP) and Systematic Transfer Plan (STP) will be processed on First In First Out (FIFO) basis and the applicable exit load will be charged. However, no exit load will be charged for switches between option plan within the scheme."
        },
        "main_scheme_name": "Quantum Multi Asset Allocation Fund",
        "metrics": {
            "alpha": null,
            "arithmetic_mean_ratio": null,
            "average_div_yld": null,
            "average_pb": null,
            "average_pe": null,
            "avg_maturity": null,
            "beta": null,
            "correlation_ratio": null,
            "downside_deviation": null,
            "information_ratio": null,
            "macaulay": null,
            "mod_duration": null,
            "port_turnover_ratio": "2.59",
            "r_squared_ratio": null,
            "roe_ratio": null,
            "sharpe": null,
            "sortino_ratio": null,
            "std_dev": null,
            "tracking_error": null,
            "treynor_ratio": null,
            "upside_deviation": null,
            "ytm": null
        },
        "min_addl_amt": "",
        "min_addl_amt_multiple": "",
        "min_amt": "",
        "min_amt_multiple": "",
        "monthly_aaum_date": "31-03-2025",
        "monthly_aaum_value": "\u20b9 31.83",
        "mutual_fund_name": "Quantum Mutual Fund",
        "page_number": [
            16
        ],
        "scheme_launch_date": "(Date of Allotment) March 07, 2024"
    },
    "Quantum Equity Fund of Funds": {
        "amc_name": "Quantum Asset Management Company Private Limited",
        "benchmark_index": "Tier I Benchmark - BSE 200 Total Return Index",
        "fund_manager": [
            {
                "managing_fund_since": "November 1, 2013",
                "name": "Fund Manager",
                "qualification": "",
                "total_exp": "22 Years"
            },
            {
                "managing_fund_since": "April 01, 2025",
                "name": "Associate Fund Manager",
                "qualification": "",
                "total_exp": "20 Years"
            }
        ],
        "load": {
            "entry_load": "Not Applicable",
            "exit_load": "NIL If 10 of units if redeemed or switched out on or before 365 days from the date of allotment \t 1 If Remaining 90 of units if redeemed or switched out on or before 365 days from the date allotment \t NIL If redeemed or switched out of units after 365 days from the date of allotment. Note Redemptions, Switch, Systematic Withdrawal Plan (SWP) and Systematic Transfer Plan (STP) will be processed on First In First Out (FIFO) basis and the applicable exit load will be charged. However, no exit load will be charged for switches between option plan within the scheme."
        },
        "main_scheme_name": "Quantum Equity Fund of Funds",
        "metrics": {
            "alpha": null,
            "arithmetic_mean_ratio": null,
            "average_div_yld": null,
            "average_pb": null,
            "average_pe": null,
            "avg_maturity": null,
            "beta": "0.89",
            "correlation_ratio": null,
            "downside_deviation": null,
            "information_ratio": null,
            "macaulay": null,
            "mod_duration": null,
            "port_turnover_ratio": null,
            "r_squared_ratio": null,
            "roe_ratio": null,
            "sharpe": "0.50",
            "sortino_ratio": null,
            "std_dev": "13.52",
            "tracking_error": null,
            "treynor_ratio": null,
            "upside_deviation": null,
            "ytm": null
        },
        "min_addl_amt": "",
        "min_addl_amt_multiple": "",
        "min_amt": "",
        "min_amt_multiple": "",
        "monthly_aaum_date": "31-03-2025",
        "monthly_aaum_value": "\u20b9 117.22",
        "mutual_fund_name": "Quantum Mutual Fund",
        "page_number": [
            18
        ],
        "scheme_launch_date": "(Date of Allotment) July 20, 2009"
    },
    "Quantum ESG Best in Class Strategy Fund": {
        "amc_name": "Quantum Asset Management Company Private Limited",
        "benchmark_index": "Tier I Benchmark - Nifty100 ESG Total Return Index",
        "fund_manager": [
            {
                "managing_fund_since": "July 12, 2019",
                "name": "Fund Manager",
                "qualification": "",
                "total_exp": "22 Years"
            }
        ],
        "load": {
            "entry_load": "Not Applicable",
            "exit_load": "NIL If 10 of units If redeemed or switched out on or before 365 days from the date of allotment \t 1 If Remaining 90 of units if redeemed or switched out on or before 365 days from the date of allotment \t NIL If redeemed or switched out after 365 days from the date of allotment Note Redemptions, Switch, Systematic Withdrawal Plan (SWP) and Systematic Transfer Plan (STP) will be processed on First In First Out (FIFO) basis and the applicable exit load will be charged. However, no exit load will be charged for switches between option plan within the scheme."
        },
        "main_scheme_name": "Quantum ESG Best in Class Strategy Fund",
        "metrics": {
            "alpha": null,
            "arithmetic_mean_ratio": null,
            "average_div_yld": null,
            "average_pb": null,
            "average_pe": null,
            "avg_maturity": null,
            "beta": "0.87",
            "correlation_ratio": null,
            "downside_deviation": null,
            "information_ratio": null,
            "macaulay": null,
            "mod_duration": null,
            "port_turnover_ratio": "17.42",
            "r_squared_ratio": null,
            "roe_ratio": null,
            "sharpe": "0.39",
            "sortino_ratio": null,
            "std_dev": "13.76",
            "tracking_error": null,
            "treynor_ratio": null,
            "upside_deviation": null,
            "ytm": null
        },
        "min_addl_amt": "\u20b9 500",
        "min_addl_amt_multiple": "\u20b9 1",
        "min_amt": "\u20b9 500",
        "min_amt_multiple": "\u20b9 1",
        "monthly_aaum_date": "31-03-2025",
        "monthly_aaum_value": "\u20b9 89.29",
        "mutual_fund_name": "Quantum Mutual Fund",
        "page_number": [
            20
        ],
        "scheme_launch_date": "(Date of Allotment) July 12, 2019"
    },
    "Quantum Liquid Fund": {
        "amc_name": "Quantum Asset Management Company Private Limited",
        "benchmark_index": "Tier I Benchmark - CRISIL Liquid Debt A-I Index",
        "fund_manager": [
            {
                "managing_fund_since": "April 01, 2025",
                "name": "Pankaj Pathak",
                "qualification": "",
                "total_exp": "14 Years"
            }
        ],
        "load": {
            "entry_load": "Not Applicable",
            "exit_load": "Investor Exit Upon Subscription  of Exit Load Day 1 0.0070 Day 2 0.0065 Day 3 0.0060 Day 4 0.0055 Day 5 0.0050 Day 6 0.0045 Day 7 Onwards NIL Note Redemptions, Switch, Systematic Withdrawal Plan (SWP) and Systematic Transfer Plan (STP) will be processed on First In First Out (FIFO) basis and the applicable exit load will be charged. However, no exit load will be charged for switches between option plan within the scheme."
        },
        "main_scheme_name": "Quantum Liquid Fund",
        "metrics": {
            "alpha": null,
            "arithmetic_mean_ratio": null,
            "average_div_yld": null,
            "average_pb": null,
            "average_pe": null,
            "avg_maturity": "41 days",
            "beta": null,
            "correlation_ratio": null,
            "downside_deviation": null,
            "information_ratio": null,
            "macaulay": "41 days",
            "mod_duration": "39 days",
            "port_turnover_ratio": null,
            "r_squared_ratio": null,
            "roe_ratio": null,
            "sharpe": null,
            "sortino_ratio": null,
            "std_dev": null,
            "tracking_error": null,
            "treynor_ratio": null,
            "upside_deviation": null,
            "ytm": "6.70"
        },
        "min_addl_amt": "",
        "min_addl_amt_multiple": "",
        "min_amt": "",
        "min_amt_multiple": "",
        "monthly_aaum_date": "31-03-2025",
        "monthly_aaum_value": "\u20b9 538.05",
        "mutual_fund_name": "Quantum Mutual Fund",
        "page_number": [
            22
        ],
        "scheme_launch_date": "(Date of Allotment) 07 April, 2006"
    },
    "Quantum Dynamic Bond Fund": {
        "amc_name": "Quantum Asset Management Company Private Limited",
        "benchmark_index": "Tier I Benchmark - CRISIL Dynamic Bond A-III Index",
        "fund_manager": [
            {
                "managing_fund_since": "April 01, 2025",
                "name": "Pankaj Pathak",
                "qualification": "",
                "total_exp": "14 Years"
            }
        ],
        "load": {
            "entry_load": "Not Applicable",
            "exit_load": "NIL"
        },
        "main_scheme_name": "Quantum Dynamic Bond Fund",
        "metrics": {
            "alpha": null,
            "arithmetic_mean_ratio": null,
            "average_div_yld": null,
            "average_pb": null,
            "average_pe": null,
            "avg_maturity": null,
            "beta": null,
            "correlation_ratio": null,
            "downside_deviation": null,
            "information_ratio": null,
            "macaulay": "9.13 years",
            "mod_duration": "20.96 years",
            "port_turnover_ratio": null,
            "r_squared_ratio": null,
            "roe_ratio": null,
            "sharpe": null,
            "sortino_ratio": null,
            "std_dev": null,
            "tracking_error": null,
            "treynor_ratio": null,
            "upside_deviation": null,
            "ytm": "6.90"
        },
        "min_addl_amt": "\u20b9 500",
        "min_addl_amt_multiple": "\u20b9 1",
        "min_amt": "\u20b9 500",
        "min_amt_multiple": "\u20b9 1",
        "monthly_aaum_date": "31-03-2025",
        "monthly_aaum_value": "\u20b9 133.39",
        "mutual_fund_name": "Quantum Mutual Fund",
        "page_number": [
            24
        ],
        "scheme_launch_date": "(Date of Allotment) May 19, 2015"
    },
    "Quantum Gold Savings Fund": {
        "amc_name": "Quantum Asset Management Company Private Limited",
        "benchmark_index": "Tier I Benchmark - Domestic Price of Physical Gold",
        "fund_manager": [
            {
                "managing_fund_since": "May 19, 2011",
                "name": "Chirag Mehta",
                "qualification": "",
                "total_exp": "22 Years"
            }
        ],
        "load": {
            "entry_load": "Not Applicable",
            "exit_load": "NIL"
        },
        "main_scheme_name": "Quantum Gold Savings Fund",
        "metrics": {
            "alpha": null,
            "arithmetic_mean_ratio": null,
            "average_div_yld": null,
            "average_pb": null,
            "average_pe": null,
            "avg_maturity": null,
            "beta": null,
            "correlation_ratio": null,
            "downside_deviation": null,
            "information_ratio": null,
            "macaulay": null,
            "mod_duration": null,
            "port_turnover_ratio": null,
            "r_squared_ratio": null,
            "roe_ratio": null,
            "sharpe": null,
            "sortino_ratio": null,
            "std_dev": null,
            "tracking_error": null,
            "treynor_ratio": null,
            "upside_deviation": null,
            "ytm": null
        },
        "min_addl_amt": "\u20b9 500",
        "min_addl_amt_multiple": "\u20b9 1",
        "min_amt": "\u20b9 500",
        "min_amt_multiple": "\u20b9 1",
        "monthly_aaum_date": "31-03-2025",
        "monthly_aaum_value": "\u20b9 175.24",
        "mutual_fund_name": "Quantum Mutual Fund",
        "page_number": [
            26
        ],
        "scheme_launch_date": "(Date of Allotment) May 19, 2011"
    },
    "Quantum Multi Asset Fund of Funds": {
        "amc_name": "Quantum Asset Management Company Private Limited",
        "benchmark_index": "CRISIL Dynamic Bond A-III Index (20)  CRISIL Liquid Debt A-I Index (25)  Nifty 50 TRI (40)  Domestic price of Gold (15)",
        "fund_manager": [
            {
                "managing_fund_since": "July 11, 2012",
                "name": "Fund Manager",
                "qualification": "",
                "total_exp": "22 Years"
            },
            {
                "managing_fund_since": "April 01, 2025",
                "name": "Associate Fund Manager",
                "qualification": "",
                "total_exp": "8 Years"
            },
            {
                "managing_fund_since": "April 01, 2025",
                "name": "Associate Fund Manager",
                "qualification": "",
                "total_exp": "11 Years"
            }
        ],
        "load": {
            "entry_load": "Not Applicable",
            "exit_load": "Repurchase Redemption Switch Out - a) On or before 90 days from the date of allotment 1.00. b) After 90 days from the date of allotment Nil Note Redemptions, Switch, Systematic Withdrawal Plan (SWP) and Systematic Transfer Plan (STP) will be processed on First In First Out (FIFO) basis and the applicable exit load will be charged. However, no exit load will be charged for switches between option plan within the scheme."
        },
        "main_scheme_name": "Quantum Multi Asset Fund of Funds",
        "metrics": {
            "alpha": null,
            "arithmetic_mean_ratio": null,
            "average_div_yld": null,
            "average_pb": null,
            "average_pe": null,
            "avg_maturity": null,
            "beta": "0.84",
            "correlation_ratio": null,
            "downside_deviation": null,
            "information_ratio": null,
            "macaulay": null,
            "mod_duration": null,
            "port_turnover_ratio": null,
            "r_squared_ratio": null,
            "roe_ratio": null,
            "sharpe": "0.72",
            "sortino_ratio": null,
            "std_dev": "5.14",
            "tracking_error": null,
            "treynor_ratio": null,
            "upside_deviation": null,
            "ytm": null
        },
        "min_addl_amt": "\u20b9 500",
        "min_addl_amt_multiple": "\u20b9 1",
        "min_amt": "\u20b9 500",
        "min_amt_multiple": "\u20b9 1",
        "monthly_aaum_date": "31-03-2025",
        "monthly_aaum_value": "\u20b9 60.87",
        "mutual_fund_name": "Quantum Mutual Fund",
        "page_number": [
            28
        ],
        "scheme_launch_date": "(Date of Allotment) July 11, 2012"
    },
    "Quantum Nifty 50 ETF Fund of Fund": {
        "amc_name": "Quantum Asset Management Company Private Limited",
        "benchmark_index": "Tier I Benchmark - Nifty 50 TRI",
        "fund_manager": [
            {
                "managing_fund_since": "July 10, 2008",
                "name": "Hitendra Parekh",
                "qualification": "",
                "total_exp": "32 Years"
            }
        ],
        "load": {
            "entry_load": "Not Applicable",
            "exit_load": "NIL (retail Investor can exit the scheme only through secondary market)"
        },
        "main_scheme_name": "Quantum Nifty 50 ETF Fund of Fund",
        "metrics": {
            "alpha": null,
            "arithmetic_mean_ratio": null,
            "average_div_yld": null,
            "average_pb": null,
            "average_pe": null,
            "avg_maturity": null,
            "beta": null,
            "correlation_ratio": null,
            "downside_deviation": null,
            "information_ratio": null,
            "macaulay": null,
            "mod_duration": null,
            "port_turnover_ratio": "9.75",
            "r_squared_ratio": null,
            "roe_ratio": null,
            "sharpe": null,
            "sortino_ratio": null,
            "std_dev": null,
            "tracking_error": "0.035",
            "treynor_ratio": null,
            "upside_deviation": null,
            "ytm": null
        },
        "min_addl_amt": "",
        "min_addl_amt_multiple": "",
        "min_amt": ",",
        "min_amt_multiple": "\u20b9 1",
        "monthly_aaum_date": "31-03-2025",
        "monthly_aaum_value": "\u20b9 62.05",
        "mutual_fund_name": "Quantum Mutual Fund",
        "page_number": [
            33
        ],
        "scheme_launch_date": "(Date of Allotment) July 10, 2008"
    },
    "Quantum Gold Fund": {
        "amc_name": "Quantum Asset Management Company Private Limited",
        "benchmark_index": "Tier I Benchmark - Domestic Price of Physical Gold",
        "fund_manager": [
            {
                "managing_fund_since": "June 1, 2024",
                "name": "Chirag Mehta",
                "qualification": "",
                "total_exp": "22 Years"
            }
        ],
        "load": {
            "entry_load": "Not Applicable",
            "exit_load": "Nil (retail investor can exit the scheme only through secondary market)"
        },
        "main_scheme_name": "Quantum Gold Fund",
        "metrics": {
            "alpha": null,
            "arithmetic_mean_ratio": null,
            "average_div_yld": null,
            "average_pb": null,
            "average_pe": null,
            "avg_maturity": null,
            "beta": null,
            "correlation_ratio": null,
            "downside_deviation": null,
            "information_ratio": null,
            "macaulay": null,
            "mod_duration": null,
            "port_turnover_ratio": null,
            "r_squared_ratio": null,
            "roe_ratio": null,
            "sharpe": null,
            "sortino_ratio": null,
            "std_dev": null,
            "tracking_error": "0.144",
            "treynor_ratio": null,
            "upside_deviation": null,
            "ytm": null
        },
        "min_addl_amt": "",
        "min_addl_amt_multiple": "",
        "min_amt": "\u20b9 0",
        "min_amt_multiple": "\u20b9 01",
        "monthly_aaum_date": "31-03-2025",
        "monthly_aaum_value": "\u20b9 285.15",
        "mutual_fund_name": "Quantum Mutual Fund",
        "page_number": [
            32
        ],
        "scheme_launch_date": "(Date of Allotment) February 22, 2008"
    }
}