{
    "MIRAE ASSET LARGE CAP FUND": {
        "fund_information": [
            "Fund Managers",
            "Mr. Gaurav Misra",
            "Allotment Date :",
            "04",
            "April, 2008",
            "Benchmark :",
            "Nifty 100 (TRI)",
            "Net AUM (Cr.)",
            "37,845.29",
            "Exit Load :",
            "Please refer page no.10",
            "Plan Available :",
            "Regular and Direct Plan",
            "Minimum Investment Amount",
            "\u00b7 5,000/- and in multiples of",
            "\u00b7 1/- thereafter. Minimum",
            "Additional Application Amount:",
            "\u00b7 1,000/- per",
            "application and in multiples of",
            "\u00b7 1/- thereafter.",
            ""
        ],
        "net_asset_value_(nav)": [
            "Direct",
            "Regular",
            "Growth",
            "\u00b7 117.198",
            "\u00b7 104.432",
            "IDCW",
            "\u00b7 66.336",
            "\u00b7 29.011",
            ""
        ],
        "ratios_(annualised)": [
            "Volatility",
            "12.05%",
            "Beta",
            "0.85",
            "R Squared",
            "0.95",
            "Sharpe Ratio#",
            "0.29",
            "Information Ratio",
            "-0.71",
            "Portfolio Turnover Ratio",
            "0.49 times",
            "please refer page no 72 for detail",
            ""
        ],
        "expense_ratio": [
            "Regular Plan",
            "1.52%",
            "Direct Plan",
            "0.49%",
            ""
        ],
        "income_distribution_cum_capital": [
            ""
        ],
        "withdrawal": [
            "Regular Plan",
            "Record",
            "Quantum",
            "Face Value",
            "NAV",
            "Date",
            "(\u00b7 per unit)",
            "(\u00b7 per unit)",
            "(per unit)",
            "23-Mar-2021",
            "1 650",
            "10 000",
            "21 620",
            ""
        ],
        "dummyhyhbezhfmmjryoo": [
            ""
        ],
        "amc_name": "Mirae Asset Investment Managers (India) Private Limited",
        "main_scheme_name": "MIRAE ASSET LARGE CAP FUND",
        "monthly_aaum_date": "28FEBRUARY2025",
        "page_number": [
            23
        ],
        "mutual_fund_name": "Mirae Asset Mutual Fund"
    },
    "MIRAE ASSET LARGE  MIDCAP FUND": {
        "fund_information": [
            "Fund Managers :",
            "Mr. Neelesh Surana",
            "Mr. Ankit Jain",
            "Allotment Date :",
            "09",
            "July, 2010",
            "Benchmark :",
            "Nifty Large Midcap 250 (TRI)",
            "Net AUM (Cr.)",
            "36,514.01",
            "Exit Load :",
            "Please refer page no.10",
            "Plan Available :",
            "Regular and Direct Plan",
            "##",
            "Minimum Investment Amount",
            "\u00b7 5,000/- and in multiples of",
            "\u00b7 1/- thereafter",
            ""
        ],
        "net_asset_value_(nav)": [
            "Direct",
            "Regular",
            "Growth",
            "\u00b7 153.628",
            "\u00b7 137.092",
            "IDCW",
            "\u00b7 84.073",
            "\u00b7 49.180",
            ""
        ],
        "ratios_(annualised)": [
            "Volatility",
            "13.65%",
            "Beta",
            "0.91",
            "R Squared",
            "0.96",
            "Sharpe Ratio#",
            "0.38",
            "Information Ratio",
            "-1.78",
            "Portfolio Turnover Ratio",
            "0.92 times",
            "please refer page no 72 for detail",
            ""
        ],
        "expense_ratio": [
            "Regular Plan",
            "1.55%",
            "Direct Plan",
            "0.60%",
            ""
        ],
        "income_distribution_cum_capital": [
            ""
        ],
        "withdrawal": [
            "Regular Plan",
            "Record",
            "Quantum",
            "Face Value",
            "NAV",
            "Date",
            "(\u00b7 per unit)",
            "(\u00b7 per unit)",
            "(per unit)",
            "14 M",
            "2022",
            "3 500",
            "10 000",
            "43 020",
            ""
        ],
        "dummyjkyztcgjsekipbz": [
            ""
        ],
        "amc_name": "Mirae Asset Investment Managers (India) Private Limited",
        "main_scheme_name": "MIRAE ASSET LARGE  MIDCAP FUND",
        "monthly_aaum_date": "28FEBRUARY2025",
        "page_number": [
            24
        ],
        "mutual_fund_name": "Mirae Asset Mutual Fund"
    },
    "MIRAE ASSET GREAT CONSUMER FUND": {
        "fund_information": [
            "Fund Managers :",
            "Mr. Ankit Jain",
            "Mr. Siddhant Chhabria",
            "Allotment Date :",
            "29",
            "March, 2011",
            "Benchmark :",
            "Nifty India Consumption Index (TRI)",
            "Net AUM (Cr.)",
            "3,942.01",
            "Exit Load :",
            "Please refer page no.10",
            "Plan Available :",
            "Regular and Direct Plan",
            "Minimum Investment Amount",
            "\u00b7 5,000/- and in multiples of",
            "\u00b7 1/- thereafter. Minimum",
            "Additional Application Amount:",
            "\u00b7 1,000/- per",
            "application and in multiples of",
            "\u00b7 1/- thereafter.",
            ""
        ],
        "net_asset_value_(nav)": [
            "Direct",
            "Regular",
            "Growth",
            "\u00b7 102.634",
            "\u00b7 86.673",
            "IDCW",
            "\u00b7 66.796",
            "\u00b7 26.304",
            ""
        ],
        "ratios_(annualised)": [
            "Volatility",
            "14.92%",
            "Beta",
            "0.92",
            "R Squared",
            "0.89",
            "Sharpe Ratio#",
            "0.69",
            "Information Ratio",
            "-0.27",
            "Portfolio Turnover Ratio",
            "0.45 times",
            "please refer page no 72 for detail",
            ""
        ],
        "expense_ratio": [
            "Regular Plan",
            "1.85%",
            "Direct Plan",
            "0.43%",
            ""
        ],
        "income_distribution_cum_capital": [
            ""
        ],
        "withdrawal": [
            "Regular Plan",
            "Record",
            "Quantum",
            "Face Value",
            "NAV",
            "Date",
            "(\u00b7 per unit)",
            "(\u00b7 per unit)",
            "(per unit)",
            ""
        ],
        "dummyimycwcopiiilpiy": [
            ""
        ],
        "amc_name": "Mirae Asset Investment Managers (India) Private Limited",
        "main_scheme_name": "MIRAE ASSET GREAT CONSUMER FUND",
        "monthly_aaum_date": "28FEBRUARY2025",
        "page_number": [
            25
        ],
        "mutual_fund_name": "Mirae Asset Mutual Fund"
    },
    "MIRAE ASSET ELSS TAX SAVER FUND": {
        "fund_information": [
            "Fund Managers :",
            "Mr. Neelesh Surana",
            "Allotment Date :",
            "28",
            "December, 2015",
            "Benchmark :",
            "Tier-1-Nifty 500 (TRI)",
            "Tier-2-Nifty 200 (TRI)",
            "Net AUM (Cr.)",
            "24,007.47",
            "Exit Load :",
            "Nil",
            "Plan Available :",
            "Regular and Direct Plan",
            "Minimum Investment Amount",
            "\u00b7 500/- and in multiples of",
            "\u00b7 500/- thereafter",
            ""
        ],
        "net_asset_value_(nav)": [
            "Direct",
            "Regular",
            "Growth",
            "\u00b7 50.228",
            "\u00b7 44.593",
            "IDCW",
            "\u00b7 29.818",
            "\u00b7 25.442",
            ""
        ],
        "ratios_(annualised)": [
            "Volatility",
            "13.18%",
            "Beta",
            "0.91",
            "R Squared",
            "0.96",
            "Sharpe Ratio#",
            "0.47",
            "Information Ratio",
            "-0.54",
            "Portfolio Turnover Ratio",
            "1.27 times",
            "please refer page no 72 for detail",
            ""
        ],
        "expense_ratio": [
            "Regular Plan",
            "1.56%",
            "Direct Plan",
            "0.57%",
            ""
        ],
        "income_distribution_cum_capital": [
            ""
        ],
        "withdrawal": [
            "Regular Plan",
            "Record",
            "Quantum",
            "Face Value",
            "NAV",
            "Date",
            "(\u00b7 per unit)",
            "(\u00b7 per unit)",
            "(per unit)",
            "14 Mar 2022",
            "1 750",
            "10 000",
            "21 860",
            ""
        ],
        "dummyxadvlsgtstyxywc": [
            ""
        ],
        "amc_name": "Mirae Asset Investment Managers (India) Private Limited",
        "main_scheme_name": "MIRAE ASSET ELSS TAX SAVER FUND",
        "monthly_aaum_date": "28FEBRUARY2025",
        "page_number": [
            26
        ],
        "mutual_fund_name": "Mirae Asset Mutual Fund"
    },
    "MIRAE ASSET HEALTHCARE FUND": {
        "fund_information": [
            "Fund Managers :",
            "Mr. Vrijesh Kasera",
            "Allotment Date :",
            "02",
            "July, 2018",
            "Benchmark :",
            "BSE Healthcare Index (TRI)",
            "Net AUM (Cr.)",
            "2,652.24",
            "Exit Load :",
            "Please refer page no.11",
            "Plan Available :",
            "Regular and Direct Plan",
            "Minimum Investment Amount",
            "\u00b7 5,000/- and in multiples of",
            "\u00b7 1/- thereafter. Minimum",
            "Additional Application Amount:",
            "\u00b7 1,000/- per",
            "application and in multiples of",
            "\u00b7 1/- thereafter.",
            ""
        ],
        "net_asset_value_(nav)": [
            "Direct",
            "Regular",
            "Growth",
            "\u00b7 40.323",
            "\u00b7 36.408",
            "IDCW",
            "\u00b7 28.644",
            "\u00b7 25.278",
            ""
        ],
        "ratios_(annualised)": [
            "Volatility",
            "16.03%",
            "Beta",
            "0.96",
            "R Squared",
            "0.96",
            "Sharpe Ratio#",
            "0.68",
            "Information Ratio",
            "-1.07",
            "Portfolio Turnover Ratio",
            "0.39 times",
            "please refer page no 72 for detail",
            ""
        ],
        "expense_ratio": [
            "Regular Plan",
            "1.94%",
            "Direct Plan",
            "0.44%",
            ""
        ],
        "income_distribution_cum_capital": [
            ""
        ],
        "withdrawal": [
            "Regular Plan",
            "Record",
            "Quantum",
            "Face Value",
            "NAV",
            "Date",
            "(\u00b7 per unit)",
            "(\u00b7 per unit)",
            "(per unit)",
            "27-Oct-2022",
            "1.800",
            "10.000",
            "20.310",
            ""
        ],
        "dummywhgtalxogrrdvbg": [
            ""
        ],
        "amc_name": "Mirae Asset Investment Managers (India) Private Limited",
        "main_scheme_name": "MIRAE ASSET HEALTHCARE FUND",
        "monthly_aaum_date": "28FEBRUARY2025",
        "page_number": [
            27
        ],
        "mutual_fund_name": "Mirae Asset Mutual Fund"
    },
    "MIRAE ASSET FOCUSED FUND": {
        "fund_information": [
            "Fund Managers :",
            "Mr. Gaurav Misra",
            "Allotment Date :",
            "14",
            "May, 2019",
            "Benchmark :",
            "Tier-1-Nifty 500 (TRI)",
            "Tier-2-Nifty 200 (TRI)",
            "Net AUM (Cr.)",
            "7,663.56",
            "Exit Load :",
            "Please refer page no.11",
            "Plan Available :",
            "Regular and Direct Plan",
            "Minimum Investment Amount",
            "\u00b7 5,000/- and in multiples of",
            "\u00b7 1/- thereafter. Minimum",
            "Additional Application Amount:",
            "\u00b7 1,000/- per",
            "application and in multiples of",
            "\u00b7 1/- thereafter",
            ""
        ],
        "net_asset_value_(nav)": [
            "Direct",
            "Regular",
            "Growth",
            "\u00b7 25.826",
            "\u00b7 23.866",
            "IDCW",
            "\u00b7 23.757",
            "\u00b7 21.941",
            ""
        ],
        "ratios_(annualised)": [
            "Volatility",
            "12.24%",
            "Beta",
            "0.80",
            "R Squared",
            "0.85",
            "Sharpe Ratio#",
            "0.00",
            "Information Ratio",
            "-1.43",
            "Portfolio Turnover Ratio",
            "0.37 times",
            "please refer page no 72 for detail",
            ""
        ],
        "expense_ratio": [
            "Regular Plan",
            "1.76%",
            "Direct Plan",
            "0.55%",
            ""
        ],
        "income_distribution_cum_capital": [
            ""
        ],
        "withdrawal": [
            "Regular Plan",
            "Record",
            "Quantum",
            "Face Value",
            "NAV",
            ""
        ],
        "dummyqtnjyemgzcizguq": [
            ""
        ],
        "amc_name": "Mirae Asset Investment Managers (India) Private Limited",
        "main_scheme_name": "MIRAE ASSET FOCUSED FUND",
        "monthly_aaum_date": "28FEBRUARY2025",
        "page_number": [
            28
        ],
        "mutual_fund_name": "Mirae Asset Mutual Fund"
    },
    "MIRAE ASSET MIDCAP FUND": {
        "fund_information": [
            "Fund Managers :",
            "Mr. Ankit Jain",
            "Allotment Date :",
            "29",
            "July, 2019",
            "Benchmark :",
            "NIFTY Midcap 150 Index (TRI)",
            "Net AUM (Cr.)",
            "15,460.84",
            "Exit Load :",
            "Please refer page no.12",
            "Plan Available :",
            "Regular and Direct Plan",
            "Minimum Investment Amount",
            "\u00b7 5,000/- and in multiples of",
            "\u00b7 1/- thereafter. Minimum",
            "Additional Application Amount:",
            "\u00b7 1,000/- per",
            "application and in multiples of",
            "\u00b7 1/- thereafter.",
            ""
        ],
        "net_asset_value_(nav)": [
            "Direct",
            "Regular",
            "Growth",
            "\u00b7 34.886",
            "\u00b7 32.415",
            "IDCW",
            "\u00b7 26.999",
            "\u00b7 24.936",
            ""
        ],
        "ratios_(annualised)": [
            "Volatility",
            "15.75%",
            "Beta",
            "0.92",
            "R Squared",
            "0.96",
            "Sharpe Ratio#",
            "0.57",
            "Information Ratio",
            "-1.65",
            "Portfolio Turnover Ratio",
            "0.97 times",
            "please refer page no 72 for detail",
            ""
        ],
        "expense_ratio": [
            "Regular Plan",
            "1.67%",
            "Direct Plan",
            "0.55%",
            ""
        ],
        "income_distribution_cum_capital": [
            ""
        ],
        "withdrawal": [
            "Regular Plan",
            "Record",
            "Quantum",
            "Face Value",
            "NAV",
            "Date",
            "(\u00b7 per unit)",
            "(\u00b7 per unit)",
            "(per unit)",
            "28-Mar-2022",
            "1.650",
            "10.000",
            "20.120",
            ""
        ],
        "dummywpwtzvzgisnuayt": [
            ""
        ],
        "amc_name": "Mirae Asset Investment Managers (India) Private Limited",
        "main_scheme_name": "MIRAE ASSET MIDCAP FUND",
        "monthly_aaum_date": "28FEBRUARY2025",
        "page_number": [
            29
        ],
        "mutual_fund_name": "Mirae Asset Mutual Fund"
    },
    "MIRAE ASSET FLEXI CAP FUND": {
        "fund_information": [
            "Fund Managers",
            "Mr. Varun Goel",
            "Allotment Date :",
            "24",
            "February, 2023",
            "Benchmark :",
            "Nifty 500 (TRI)",
            "Net AUM (Cr.)",
            "2,472.76",
            "Exit Load :",
            "Please refer page no.12",
            "Plan Available :",
            "Regular and Direct Plan",
            "Minimum Investment Amount",
            "\u00b7 5,000/- and in multiples of",
            "\u00b7 1/- thereafter. Minimum",
            "Additional Application Amount:",
            "\u00b7 1,000/- per",
            "application and in multiples of",
            "\u00b7 1/- thereafter",
            ""
        ],
        "net_asset_value_(nav)": [
            "Direct",
            "Regular",
            "Growth",
            "\u00b7 14.996",
            "\u00b7 14.565",
            "IDCW",
            "\u00b7 14.952",
            "\u00b7 14.570",
            ""
        ],
        "ratios_(annualised)": [
            "Portfolio Turnover",
            "0.43 times",
            "Ratio",
            "please refer page no 72 for detail",
            "Since the fund has not completed 3 Years other ratios",
            "are not applicable.",
            ""
        ],
        "expense_ratio": [
            "Regular Plan",
            "1.96%",
            "Direct Plan",
            "0.51%",
            ""
        ],
        "dummypnfyhjrzyrvgxtw": [
            ""
        ],
        "amc_name": "Mirae Asset Investment Managers (India) Private Limited",
        "main_scheme_name": "MIRAE ASSET FLEXI CAP FUND",
        "monthly_aaum_date": "28FEBRUARY2025",
        "page_number": [
            31
        ],
        "mutual_fund_name": "Mirae Asset Mutual Fund"
    },
    "MIRAE ASSET MULTICAP FUND": {
        "fund_information": [
            "Fund Managers :",
            "Mr. Ankit Jain",
            "Allotment Date :",
            "21",
            "August, 2023",
            "Benchmark :",
            "Nifty 500 Multicap 50:25:25 (TRI)",
            "Net AUM (Cr.)",
            "3,299.81",
            "Exit Load :",
            "Please refer page no.13",
            "Plan Available :",
            "Regular and Direct Plan",
            "Minimum Investment Amount",
            "\u00b7 5,000/- and in multiples of",
            "\u00b7 1/- thereafter. Minimum",
            "Additional Application Amount:",
            "\u00b7 1,000/- per",
            "application and in multiples of",
            "\u00b7 1/- thereafter",
            ""
        ],
        "net_asset_value_(nav)": [
            "Direct",
            "Regular",
            "Growth",
            "\u00b7 13.157",
            "\u00b7 12.871",
            "IDCW",
            "\u00b7 13.156",
            "\u00b7 12.864",
            ""
        ],
        "ratios_(annualised)": [
            "Portfolio Turnover",
            "0.96 times",
            "Ratio",
            "please refer page no 72 for detail",
            "Since the fund has not completed 3 Years other ratios",
            "are not applicable.",
            ""
        ],
        "expense_ratio": [
            "Regular Plan",
            "1.89%",
            "Direct Plan",
            "0.43%",
            ""
        ],
        "dummywqnsqblmpjfkcek": [
            ""
        ],
        "amc_name": "Mirae Asset Investment Managers (India) Private Limited",
        "main_scheme_name": "MIRAE ASSET MULTICAP FUND",
        "monthly_aaum_date": "28FEBRUARY2025",
        "page_number": [
            32
        ],
        "mutual_fund_name": "Mirae Asset Mutual Fund"
    },
    "MIRAE ASSET SMALL CAP FUND": {
        "fund_information": [
            "Fund Managers :",
            "Mr. Varun Goel",
            "Mr. Siddharth Srivastava",
            "Allotment Date :",
            "31",
            "January, 2025",
            "Benchmark :",
            "Nifty Small cap 250 (TRI)",
            "Net AUM (Cr.)",
            "1,049.52",
            "Exit Load :",
            "Please refer page no.13",
            "Plan Available :",
            "Regular and Direct Plan",
            "Minimum Investment Amount",
            "\u00b7 5,000/- and in multiples of",
            "\u00b7 1/- thereafter. Minimum",
            "Additional Application Amount:",
            "\u00b7 1,000/- per",
            "application and in multiples of",
            "\u00b7 1/- thereafter.",
            ""
        ],
        "net_asset_value_(nav)": [
            "Direct",
            "Regular",
            "Growth",
            "\u00b7 10.000",
            "\u00b7 10.000",
            "IDCW",
            "\u00b7 10.000",
            "\u00b7 10.000",
            ""
        ],
        "expense_ratio": [
            "Regular Plan",
            "2.15%",
            "Direct Plan",
            "0.41%",
            "Pursuant to clause 13.2.2 of SEBI master circula",
            ""
        ],
        "dummyrpitnqaubpzmzxw": [
            ""
        ],
        "amc_name": "Mirae Asset Investment Managers (India) Private Limited",
        "main_scheme_name": "MIRAE ASSET SMALL CAP FUND",
        "monthly_aaum_date": "28FEBRUARY2025",
        "page_number": [
            33
        ],
        "mutual_fund_name": "Mirae Asset Mutual Fund"
    },
    "MIRAE ASSET LIQUID FUND": {
        "fund_information": [
            "Fund Managers",
            "Mr. Abhishek Iyer",
            "Mr. Amit Modani",
            "Allotment Date :",
            "12",
            "January, 2009",
            "Benchmark :",
            "Nifty Liquid Index A-I",
            "Net AUM (Cr.)",
            "13,614.30",
            "Exit Load :",
            "Please refer page no.14",
            "Plan Available :",
            "Regular and Direct Plan",
            "Minimum Investment Amount",
            "\u00b7 5,000/- and in multiples of",
            "\u00b7 1/-thereafter. Minimum",
            "Additional Application Amount:",
            "\u00b7 1,000/- per",
            "application and in multiples of",
            "\u00b7 1/- thereafter.",
            ""
        ],
        "net_asset_value_(nav)": [
            "Direct",
            "Regular",
            "Growth",
            "\u00b7 2706.4570",
            "\u00b7 2661.6235",
            "Daily IDCW:",
            "\u00b7 1075.8332",
            "\u00b7 1066.4347",
            "Weekly IDCW:",
            "\u00b7 1216.6793",
            "\u00b7 1152.9913",
            "Monthly IDCW:",
            "\u00b7 1136.2324",
            "\u00b7 1153.8812",
            ""
        ],
        "quantitative:_debt": [
            "Average Maturity",
            "37.56 Days",
            "Modified Duration",
            "0.1 Years",
            "Macaulay Duration:",
            "0.1 Years",
            "Annualized Portfolio YTM*",
            "7.23%",
            "*In case of semi annual YTM, it will be annualized.",
            ""
        ],
        "expense_ratio": [
            "Regular Plan",
            "0.20%",
            "Direct Plan",
            "0.08%",
            ""
        ],
        "income_distribution_cum_capital": [
            ""
        ],
        "withdrawal": [
            "Regular Plan",
            "R",
            "d",
            "Q",
            "t",
            "(",
            "it)",
            "NAV",
            ""
        ],
        "dummyxgnbjfsvccbpclo": [
            ""
        ],
        "amc_name": "Mirae Asset Investment Managers (India) Private Limited",
        "main_scheme_name": "MIRAE ASSET LIQUID FUND",
        "monthly_aaum_date": "28FEBRUARY2025",
        "page_number": [
            38
        ],
        "mutual_fund_name": "Mirae Asset Mutual Fund"
    },
    "MIRAE ASSET LOW DURATION FUND": {
        "before": [
            "Monthly Factsheet as on 31 January, 2025",
            ""
        ],
        "fund_information": [
            "1",
            "Fund Managers",
            "Mr. Basant Bafna",
            "Allotment Date :",
            "26",
            "June, 2012",
            "Benchmark :",
            "Nifty Low Duration Debt Index A-I",
            "Net AUM (Cr.)",
            "1,392.91",
            "Exit Load :",
            "Nil",
            "Plan Available :",
            "Regular and Direct Plan",
            "Minimum Investment Amount",
            "\u00b7 5,000/- and in multiples of",
            "\u00b7 1/-thereafter. Minimum",
            "Additional Application Amount:",
            "\u00b7 1,000/- per",
            "application and in multiples of",
            "\u00b7 1/- thereafter.",
            ""
        ],
        "net_asset_value_(nav)": [
            "Direct",
            "Regular",
            "Growth",
            "\u00b7 2372.3033",
            "\u00b7 2185.3569",
            "Daily IDCW:",
            "\u00b7 1208.9337",
            "\u00b7 1005.1646",
            "Weekly IDCW:",
            "\u00b7 1454.9982",
            "\u00b7 1107.0651",
            "Monthly IDCW:",
            "\u00b7 1161.1972",
            "\u00b7 1088.5198",
            "Quaterly IDCW:",
            "\u00b7 1006.1485",
            "\u00b7 1005.5668",
            ""
        ],
        "quantitative:_debt": [
            "Average Maturity",
            "386.28 Days",
            "Modified Duration",
            "0.93 Years",
            "Macaulay Duration:",
            "0.99 Years",
            "Annualized Portfolio YTM*",
            "7.58%",
            "*In case of semi annual YTM, it will be annualized.",
            ""
        ],
        "expense_ratio": [
            "Regular Plan",
            "0.85%",
            "Direct Plan",
            "0.21%",
            ""
        ],
        "income_distribution_cum_capital": [
            ""
        ],
        "withdrawal": [
            ""
        ],
        "dummyevrigcysdtbbewe": [
            ""
        ],
        "amc_name": "Mirae Asset Investment Managers (India) Private Limited",
        "main_scheme_name": "MIRAE ASSET LOW DURATION FUND",
        "monthly_aaum_date": "28FEBRUARY2025",
        "page_number": [
            39
        ],
        "mutual_fund_name": "Mirae Asset Mutual Fund"
    },
    "MIRAE ASSET DYNAMIC BOND FUND": {
        "fund_information": [
            "Fund Managers :",
            "Mr. Amit Modani",
            "Allotment Date :",
            "24",
            "March, 2017",
            "Benchmark :",
            "Tier-1-CRISIL Dynamic Bond A-III",
            "Index",
            "Tier-2-Nifty PSU Bond Plus SDL April",
            "2027 50:50 Index",
            "Net AUM (Cr.)",
            "118.44",
            "Exit Load :",
            "Nil",
            "Plan Available :",
            "Regular and Direct Plan",
            "Minimum Investment Amount",
            "\u00b7 5,000/- and in multiples of",
            "\u00b7 1/-thereafter. Minimum",
            "Additional Application Amount:",
            "\u00b7 1,000/- per",
            "application and in multiples of",
            "\u00b7 1/- thereafter.",
            ""
        ],
        "net_asset_value_(nav)": [
            "Direct",
            "Regular",
            "Growth",
            "\u00b7 17.0040",
            "\u00b7 15.6088",
            "IDCW",
            "\u00b7 16.9934",
            "\u00b7 15.6092",
            ""
        ],
        "quantitative:_debt": [
            "Average Maturity",
            "2.06 Years",
            "Modified Duration",
            "1.8 Years",
            "Macaulay Duration:",
            "1.9 Years",
            "Annualized Portfolio YTM*",
            "7.18%",
            "*In case of semi annual YTM, it will be annualized.",
            ""
        ],
        "expense_ratio": [
            "Regular Plan",
            "1.03%",
            "Direct Plan",
            "0.16%",
            ""
        ],
        "dummyiayxrmrgvsjacmw": [
            ""
        ],
        "amc_name": "Mirae Asset Investment Managers (India) Private Limited",
        "main_scheme_name": "MIRAE ASSET DYNAMIC BOND FUND",
        "monthly_aaum_date": "28FEBRUARY2025",
        "page_number": [
            40
        ],
        "mutual_fund_name": "Mirae Asset Mutual Fund"
    },
    "MIRAE ASSET SHORT DURATION FUND": {
        "before": [
            "Monthly Factsheet as on 31 January, 2025",
            ""
        ],
        "fund_information": [
            "Fund Managers",
            "Mr. Basant Bafna",
            "Allotment Date :",
            "16",
            "March, 2018",
            "Benchmark :",
            "CRISIL Short Duration Debt A-II Index",
            "Net AUM (Cr.)",
            "342.45",
            "Exit Load :",
            "Nil",
            "Plan Available :",
            "Regular and Direct Plan",
            "Minimum Investment Amount",
            "\u00b7 5,000/- and in multiples of",
            "\u00b7 1/-thereafter. Minimum",
            "Additional Application Amount:",
            "\u00b7 1,000/- per",
            "application and in multiples of",
            "\u00b7 1/- thereafter.",
            ""
        ],
        "net_asset_value_(nav)": [
            "Direct",
            "Regular",
            "Growth",
            "\u00b7 16.0240",
            "\u00b7 15.1603",
            "IDCW",
            "\u00b7 15.9895",
            "\u00b7 15.1635",
            ""
        ],
        "quantitative:_debt": [
            "Average Maturity",
            "3.56 Years",
            "Modified Duration",
            "2.75 Years",
            "Macaulay Duration:",
            "2.89 Years",
            "Annualized Portfolio YTM*",
            "7.41%",
            "*In case of semi annual YTM, it will be annualized.",
            ""
        ],
        "expense_ratio": [
            "Regular Plan",
            "1.11%",
            "Direct Plan",
            "0.24%",
            ""
        ],
        "dummywvyfxhtoqshpezf": [
            ""
        ],
        "amc_name": "Mirae Asset Investment Managers (India) Private Limited",
        "main_scheme_name": "MIRAE ASSET SHORT DURATION FUND",
        "monthly_aaum_date": "28FEBRUARY2025",
        "page_number": [
            41
        ],
        "mutual_fund_name": "Mirae Asset Mutual Fund"
    },
    "MIRAE ASSET OVERNIGHT FUND": {
        "fund_information": [
            "Fund Managers :",
            "Mr. Abhishek Iyer",
            "Allotment Date :",
            "15",
            "October, 2019",
            "Benchmark :",
            "NIFTY 1D Rate Index",
            "Net AUM (Cr.)",
            "944.06",
            "Exit Load :",
            "Nil",
            "Plan Available :",
            "Regular and Direct Plan",
            "Minimum Investment Amount",
            "\u00b7 5,000/- and in multiples of",
            "\u00b7 1/-thereafter. Minimum",
            "Additional Application Amount:",
            "\u00b7 1,000/- per",
            "application and in multiples of",
            "\u00b7 1/- thereafter.",
            ""
        ],
        "net_asset_value_(nav)": [
            "Direct",
            "Regular",
            "Growth",
            "\u00b7 1296.1184",
            "\u00b7 1289.6974",
            "Daily IDCW:",
            "\u00b7 1000.0011",
            "\u00b7 1000.0005",
            "Weekly IDCW:",
            "\u00b7 1000.3592",
            "\u00b7 1000.3523",
            "Monthly IDCW:",
            "\u00b7 1001.2532",
            "\u00b7 1001.2337",
            ""
        ],
        "quantitative:_debt": [
            "Average Maturity",
            "3.23 Days",
            "Modified Duration",
            "0.01 Years",
            "Macaulay Duration:",
            "0.01 Years",
            "Annualized Portfolio YTM*",
            "6.63%",
            "*In case of semi annual YTM, it will be annualized.",
            ""
        ],
        "expense_ratio": [
            "Regular Plan",
            "0.16%",
            "Direct Plan",
            "0.06%",
            ""
        ],
        "income_distribution_cum_capital": [
            ""
        ],
        "withdrawal": [
            "Regular Plan",
            "Record",
            "Quantum",
            "(per unit)",
            "NAV",
            "Date",
            "Individual",
            "Corporate",
            "(per unit)",
            ""
        ],
        "dummyhtxmkonlzfjoezf": [
            ""
        ],
        "amc_name": "Mirae Asset Investment Managers (India) Private Limited",
        "main_scheme_name": "MIRAE ASSET OVERNIGHT FUND",
        "monthly_aaum_date": "28FEBRUARY2025",
        "page_number": [
            42
        ],
        "mutual_fund_name": "Mirae Asset Mutual Fund"
    },
    "MIRAE ASSET BANKING AND PSU FUND": {
        "before": [
            "Monthly Factsheet as on 31 January, 2025",
            ""
        ],
        "fund_information": [
            "Fund Managers",
            "Ms. Kruti Chheta",
            "Allotment Date :",
            "24",
            "July, 2020",
            "Benchmark :",
            "CRISIL Banking and PSU Debt A-II",
            "Index",
            "Net AUM (Cr.)",
            "49.03",
            "Exit Load :",
            "Nil",
            "Plan Available :",
            "Regular and Direct Plan",
            "Minimum Investment Amount",
            "\u00b7 5,000/- and in multiples of",
            "\u00b7 1/-thereafter. Minimum",
            "Additional Application Amount:",
            "\u00b7 1,000/- per",
            "application and in multiples of",
            "\u00b7 1/- thereafter.",
            ""
        ],
        "net_asset_value_(nav)": [
            "Direct",
            "Regular",
            "Growth",
            "\u00b7 12.7556",
            "\u00b7 12.5002",
            "IDCW",
            "\u00b7 12.7518",
            "\u00b7 12.5012",
            ""
        ],
        "quantitative:_debt": [
            "Average Maturity",
            "4.91 Years",
            "Modified Duration",
            "3.67 Years",
            "Macaulay Duration:",
            "3.89 Years",
            "Annualized Portfolio YTM*",
            "7.21%",
            "*In case of semi annual YTM, it will be annualized.",
            ""
        ],
        "expense_ratio": [
            "Regular Plan",
            "0.81%",
            "Direct Plan",
            "0.34%",
            ""
        ],
        "dummyrpzfswhwahtrdnr": [
            ""
        ],
        "amc_name": "Mirae Asset Investment Managers (India) Private Limited",
        "main_scheme_name": "MIRAE ASSET BANKING AND PSU FUND",
        "monthly_aaum_date": "28FEBRUARY2025",
        "page_number": [
            43
        ],
        "mutual_fund_name": "Mirae Asset Mutual Fund"
    },
    "MIRAE ASSET ULTRA SHORT DURATION FUND": {
        "before": [
            "Monthly Factsheet as on 31 January, 2025",
            ""
        ],
        "fund_information": [
            "Fund Managers :",
            "Mr. Basant Bafna",
            "Allotment Date :",
            "07",
            "October, 2020",
            "Benchmark :",
            "Nifty Ultra Short Duration Debt Index",
            "A-I",
            "Net AUM (Cr.)",
            "1,781.56",
            "Exit Load :",
            "Nil",
            "Plan Available :",
            "Regular and Direct Plan",
            "Minimum Investment Amount",
            "\u00b7 5,000/- and in multiples of",
            "\u00b7 1/-thereafter. Minimum",
            "Additional Application Amount:",
            "\u00b7 1,000/- per",
            "application and in multiples of",
            "\u00b7 1/- thereafter.",
            ""
        ],
        "net_asset_value_(nav)": [
            "Direct",
            "Regular",
            "Growth",
            "\u00b7 1279.1030",
            "\u00b7 1266.6851",
            "IDCW",
            "\u00b7 1279.0160",
            "\u00b7 1266.2293",
            ""
        ],
        "quantitative:_debt": [
            "Average Maturity",
            "187.12 Days",
            "Modified Duration",
            "0.46 Years",
            "Macaulay Duration:",
            "0.49 Years",
            "Annualized Portfolio YTM*",
            "7.53%",
            "*In case of semi annual YTM, it will be annualized.",
            ""
        ],
        "expense_ratio": [
            "Regular Plan",
            "0.42%",
            "Direct Plan",
            "0.21%",
            ""
        ],
        "dummyxzyiplyvectsgbk": [
            ""
        ],
        "amc_name": "Mirae Asset Investment Managers (India) Private Limited",
        "main_scheme_name": "MIRAE ASSET ULTRA SHORT DURATION FUND",
        "monthly_aaum_date": "28FEBRUARY2025",
        "page_number": [
            44
        ],
        "mutual_fund_name": "Mirae Asset Mutual Fund"
    },
    "MIRAE ASSET CORPORATE BOND FUND": {
        "fund_information": [
            "Fund Managers",
            "Mr. Amit Modani",
            "Allotment Date :",
            "17",
            "March, 2021",
            "Benchmark :",
            "CRISIL Corporate Debt A-II Index",
            "Net AUM (Cr.)",
            "41.56",
            "Exit Load :",
            "Nil",
            "Plan Available :",
            "Regular and Direct Plan",
            "Minimum Investment Amount",
            "\u00b7 5,000/- and in multiples of",
            "\u00b7 1/- thereafter. Minimum",
            "Additional Application Amount:",
            "\u00b7 1,000/- per",
            "application and in multiples of",
            "\u00b7 1/- thereafter",
            ""
        ],
        "net_asset_value_(nav)": [
            "Direct",
            "Regular",
            "Growth",
            "\u00b7 12.5029",
            "\u00b7 12.2892",
            "IDCW",
            "\u00b7 12.5003",
            "\u00b7 12.2891",
            ""
        ],
        "quantitative:_debt": [
            "Average Maturity",
            "4.58 Years",
            "Modified Duration",
            "3.47 Years",
            "Macaulay Duration:",
            "3.65 Years",
            "Annualized Portfolio YTM*",
            "7.35%",
            "*In case of semi annual YTM, it will be annualized.",
            ""
        ],
        "expense_ratio": [
            "Regular Plan",
            "0.63%",
            "Direct Plan",
            "0.22%",
            ""
        ],
        "dummyvclcexrtebynmyk": [
            ""
        ],
        "amc_name": "Mirae Asset Investment Managers (India) Private Limited",
        "main_scheme_name": "MIRAE ASSET CORPORATE BOND FUND",
        "monthly_aaum_date": "28FEBRUARY2025",
        "page_number": [
            45
        ],
        "mutual_fund_name": "Mirae Asset Mutual Fund"
    },
    "MIRAE ASSET MONEY MARKET FUND": {
        "fund_information": [
            "Fund Managers :",
            "Mr. Amit Modani",
            "Allotment Date :",
            "11",
            "August, 2021",
            "Benchmark :",
            "Nifty Money Market Index A-I",
            "Net AUM (Cr.)",
            "1,911.53",
            "Exit Load :",
            "Nil",
            "Plan Available :",
            "Regular and Direct Plan",
            "Minimum Investment Amount",
            "\u00b7 5,000/- and in multiples of",
            "\u00b7 1/-thereafter. Minimum",
            "Additional Application Amount:",
            "\u00b7 1,000/- per",
            "application and in multiples of",
            "\u00b7 1/- thereafter.",
            ""
        ],
        "net_asset_value_(nav)": [
            "Direct",
            "Regular",
            "Growth",
            "\u00b7 1234.9638",
            "\u00b7 1219.4334",
            "IDCW",
            "\u00b7 1232.9280",
            "\u00b7 1219.4070",
            ""
        ],
        "quantitative:_debt": [
            "Average Maturity",
            "181.87 Days",
            "Modified Duration",
            "0.5 Years",
            "Macaulay Duration:",
            "0.5 Years",
            "Annualized Portfolio YTM*",
            "7.54%",
            "*In case of semi annual YTM, it will be annualized.",
            ""
        ],
        "expense_ratio": [
            "Regular Plan",
            "0.45%",
            "Direct Plan",
            "0.11%",
            ""
        ],
        "dummyolroxqvdefskryy": [
            ""
        ],
        "amc_name": "Mirae Asset Investment Managers (India) Private Limited",
        "main_scheme_name": "MIRAE ASSET MONEY MARKET FUND",
        "monthly_aaum_date": "28FEBRUARY2025",
        "page_number": [
            46
        ],
        "mutual_fund_name": "Mirae Asset Mutual Fund"
    },
    "MIRAE ASSET LONG DURATION FUND": {
        "before": [
            "Monthly Factsheet as on 31 January, 2025",
            ""
        ],
        "fund_information": [
            "Fund Managers :",
            "Ms. Kruti Chheta",
            "Allotment Date :",
            "06",
            "December, 2024",
            "Benchmark :",
            "CRISIL Long Duration Debt A-III Index",
            "Net AUM (Cr.)",
            "37.69",
            "Exit Load :",
            "Nil",
            "Plan Available :",
            "Regular and Direct Plan",
            "Minimum Investment Amount",
            "\u00b7 5,000/- and in multiples of",
            "\u00b7 1/- thereafter. Minimum",
            "Additional Application Amount:",
            "\u00b7 1,000/- per",
            "application and in multiples of",
            "\u00b7 1/- thereafter",
            ""
        ],
        "net_asset_value_(nav)": [
            "Direct",
            "Regular",
            "Growth",
            "\u00b7 10.0680",
            "\u00b7 10.0585",
            "IDCW",
            "\u00b7 10.0679",
            "\u00b7 10.0584",
            ""
        ],
        "quantitative:_debt": [
            "Average Maturity",
            "33.95 Years",
            "Modified Duration",
            "12.2 Years",
            "Macaulay Duration:",
            "12.62 Years",
            "Annualized Portfolio YTM*",
            "7.12%",
            "*In case of semi annual YTM, it will be annualized.",
            ""
        ],
        "expense_ratio": [
            "Regular Plan",
            "0.74%",
            "Direct Plan",
            "0.13%",
            ""
        ],
        "dummyxezsvavqshxoqxl": [
            ""
        ],
        "amc_name": "Mirae Asset Investment Managers (India) Private Limited",
        "main_scheme_name": "MIRAE ASSET LONG DURATION FUND",
        "monthly_aaum_date": "28FEBRUARY2025",
        "page_number": [
            47
        ],
        "mutual_fund_name": "Mirae Asset Mutual Fund"
    },
    "MIRAE ASSET AGGRESSIVE HYBRID FUND": {
        "fund_information": [
            "Fund Managers :",
            "Mr. Harshad Borawake (Equity Portion),",
            "Mr. Vrijesh Kasera (Equity Portion) &",
            "Mr. Mahendra Jajoo (Debt Portion)",
            "Allotment Date :",
            "29",
            "July, 2015",
            "Benchmark :",
            "CRISIL Hybrid 35+65 - Aggressive",
            "Index",
            "Net AUM (Cr.)",
            "8,685.12",
            "Exit Load :",
            "Please refer page no.18",
            "Plan Available :",
            "Regular and Direct Plan",
            "Minimum Investment Amount",
            "\u00b7 5,000/- and in multiples of",
            "\u00b7 1/- thereafter. Minimum",
            "Additional Application Amount:",
            "\u00b7 1,000/- per",
            "application and in multiples of",
            "\u00b7 1/- thereafter",
            ""
        ],
        "net_asset_value_(nav)": [
            "Direct",
            "Regular",
            "Growth",
            "\u00b7 34.643",
            "\u00b7 29.876",
            "IDCW",
            "\u00b7 21.259",
            "\u00b7 17.576",
            ""
        ],
        "ratios_(annualised)": [
            "Volatility:",
            "9.91%",
            "Beta",
            "1.03",
            "R Squared",
            "0.96",
            "Sharpe Ratio#",
            "0.41",
            "Information Ratio",
            "-0.39",
            "Portfolio Turnover",
            "1.09 Times",
            "Ratio",
            "please refer page no 72 for detail",
            ""
        ],
        "quantitative:_debt": [
            "Average Maturity",
            "5.74 Years",
            "Modified Duration",
            "3.73 Years",
            "Macaulay Duration:",
            "3.90 Years",
            "Annualized Portfolio YTM*",
            "7.38%",
            ""
        ],
        "dummywenfziywpvnjetv": [
            ""
        ],
        "amc_name": "Mirae Asset Investment Managers (India) Private Limited",
        "main_scheme_name": "MIRAE ASSET AGGRESSIVE HYBRID FUND",
        "monthly_aaum_date": "28FEBRUARY2025",
        "page_number": [
            50
        ],
        "mutual_fund_name": "Mirae Asset Mutual Fund"
    },
    "MIRAE ASSET EQUITY SAVINGS FUND": {
        "fund_information": [
            "Fund Managers :",
            "Mr. Harshad Borawake, Mr. Vrijesh Kasera (Equity",
            "portion),",
            "Ms. Bharti Sawant (Equity portion) &",
            "Mr. Mahendra Jajoo (Debt portion)",
            "Allotment Date :",
            "17",
            "December, 2018",
            "Benchmark :",
            "Nifty Equity Savings Index",
            "Net AUM (Cr.)",
            "1,370.74",
            "Exit Load :",
            "Please refer page no.18",
            "Plan Available :",
            "Regular and Direct Plan",
            "Minimum Investment Amount",
            "\u00b7 5,000/- and in multiples of",
            "\u00b7 1/- thereafter. Minimum",
            "Additional Application Amount:",
            "\u00b7 1,000/- per",
            "application and in multiples of",
            "\u00b7 1/- thereafter",
            ""
        ],
        "net_asset_value_(nav)": [
            "Direct",
            "Regular",
            "Growth",
            "\u00b7 20.366",
            "\u00b7 19.110",
            "IDCW",
            "\u00b7 14.382",
            "\u00b7 13.340",
            ""
        ],
        "ratios_(annualised)": [
            "Volatility:",
            "5.48%",
            "Beta",
            "1.10",
            "R Squared",
            "0.87",
            "Sharpe Ratio#",
            "0.48",
            "Information Ratio",
            "0.14",
            "Portfolio Turnover",
            "4.56 Times",
            "Ratio",
            "please refer page no 72 for detail",
            ""
        ],
        "quantitative:_debt": [
            "Average Maturity",
            "3.50 Years",
            "Modified Duration",
            "2.74 Years",
            "Macaulay Duration:",
            "2.86 Years",
            "Annualized Portfolio YTM*",
            "6.89%",
            "*In case of semi annual YTM, it will be annualized.",
            ""
        ],
        "dummysgkfswagvmytuoo": [
            ""
        ],
        "amc_name": "Mirae Asset Investment Managers (India) Private Limited",
        "main_scheme_name": "MIRAE ASSET EQUITY SAVINGS FUND",
        "monthly_aaum_date": "28FEBRUARY2025",
        "page_number": [
            51
        ],
        "mutual_fund_name": "Mirae Asset Mutual Fund"
    },
    "MIRAE ASSET ARBITRAGE FUND": {
        "fund_information": [
            "Fund Managers :",
            "Mr. Jignesh Rao (Equity Portion),",
            "Mr. Jigar Sethia (Equity Portion) &",
            "Mr. Abhishek Iyer (Debt Portion)",
            "Allotment Date :",
            "19",
            "June, 2020",
            "Benchmark :",
            "NIFTY 50 Arbitrage Index",
            "Net AUM (Cr.)",
            "2,900.03",
            "Exit Load :",
            "Please refer page no.18",
            "Plan Available :",
            "Regular and Direct Plan",
            "Minimum Investment Amount",
            "\u00b7 5,000/- and in multiples of",
            "\u00b7 1/- thereafter. Minimum",
            "Additional Application Amount:",
            "\u00b7 1,000/- per",
            "application and in multiples of",
            "\u00b7 1/- thereafter",
            ""
        ],
        "net_asset_value_(nav)": [
            "Direct",
            "Regular",
            "Growth",
            "\u00b7 13.128",
            "\u00b7 12.695",
            "IDCW",
            "\u00b7 13.110",
            "\u00b7 12.695",
            ""
        ],
        "ratios_(annualised)": [
            "Portfolio Turnover Ratio",
            "19.26 Times",
            "please refer page no 72 for detail",
            ""
        ],
        "quantitative:_debt": [
            "Average Maturity",
            "0.06 Years",
            "Modified Duration",
            "0.06 Years",
            "Macaulay Duration:",
            "0.06 Years",
            "Annualized Portfolio YTM*",
            "6.57%",
            "*In case of semi annual YTM, it will be annualized.",
            ""
        ],
        "expense_ratio": [
            "Regular Plan",
            "0.93%",
            "Direct Plan",
            "0.15%",
            ""
        ],
        "dummyhhpijizxzbqtmrd": [
            ""
        ],
        "amc_name": "Mirae Asset Investment Managers (India) Private Limited",
        "main_scheme_name": "MIRAE ASSET ARBITRAGE FUND",
        "monthly_aaum_date": "28FEBRUARY2025",
        "page_number": [
            52
        ],
        "mutual_fund_name": "Mirae Asset Mutual Fund"
    },
    "MIRAE ASSET BALANCED ADVANTAGE FUND": {
        "fund_information": [
            "Fund Managers :",
            "Mr. Harshad Borawake (Equity portion) &",
            "Mr. Mahendra Jajoo (Debt portion)",
            "Allotment Date :",
            "11",
            "August, 2022",
            "Benchmark :",
            "Nifty 50 Hybrid Composite Debt",
            "50:50 Index",
            "Net AUM (Cr.)",
            "1,750.90",
            "Exit Load :",
            "Please refer page no.19",
            "Plan Available :",
            "Regular and Direct Plan",
            "Minimum Investment Amount",
            "\u00b7 5,000/- and in multiples of",
            "\u00b7 1/- thereafter. Minimum",
            "Additional Application Amount:",
            "\u00b7 1,000/- per",
            "application and in multiples of",
            "\u00b7 1/- thereafter",
            ""
        ],
        "net_asset_value_(nav)": [
            "Direct",
            "Regular",
            "Growth",
            "\u00b7 13.718",
            "\u00b7 13.245",
            "IDCW",
            "\u00b7 13.711",
            "\u00b7 13.242",
            ""
        ],
        "ratios_(annualised)": [
            "Portfolio Turnover Ratio",
            "2.94 Times",
            "please refer page no 72 for detail",
            "Since the fund has not completed 3 Years other ratios",
            "are not applicable.",
            ""
        ],
        "quantitative:_debt": [
            "Average Maturity",
            "3.85 Years",
            "Modified Duration",
            "2.98 Years",
            "Macaulay Duration:",
            "3.11 Years",
            "Annualized Portfolio YTM*",
            "6.94%",
            "*In case of semi annual YTM, it will be annualized.",
            ""
        ],
        "expense_ratio": [
            "Regular Plan",
            "2.07%",
            "Direct Plan",
            "0.68%",
            ""
        ],
        "dummyoojwpkfowjwjjqd": [
            ""
        ],
        "amc_name": "Mirae Asset Investment Managers (India) Private Limited",
        "main_scheme_name": "MIRAE ASSET BALANCED ADVANTAGE FUND",
        "monthly_aaum_date": "28FEBRUARY2025",
        "page_number": [
            53
        ],
        "mutual_fund_name": "Mirae Asset Mutual Fund"
    },
    "MIRAE ASSET MULTI ASSET ALLOCATION FUND": {
        "fund_information": [
            "Fund Managers :",
            "Mr. Harshad Borawake (Equity Portion),",
            "Mr. Amit Modani (Debt Portion),",
            "Mr. Siddharth Srivastava (Dedicated Fund Manager",
            "for Overseas Investments) &",
            "Mr. Ritesh Patel (Dedicated Fund Manager for",
            "Commodity Investments)",
            "Allotment Date :",
            "31",
            "January, 2024",
            "Benchmark : 65% Nifty 500 (TRI) + 25% Nifty Short",
            "Duration Debt Index + 7.5% Domestic",
            "Price of Gold + 2.5% Domestic Price",
            "of Silver",
            "Net AUM (Cr.)",
            "1,799.77",
            "Exit Load :",
            "Please refer page no.19",
            "Plan Available :",
            "Regular and Direct Plan",
            "Minimum Investment Amount",
            "\u00b7 5,000/- and in multiples of",
            "\u00b7 1/- thereafter. Minimum",
            "Additional Application Amount:",
            "\u00b7 1,000/- per",
            "application and in multiples of",
            "\u00b7 1/- thereafter",
            ""
        ],
        "net_asset_value_(nav)": [
            "Direct",
            "Regular",
            "Growth",
            "\u00b7 11.364",
            "\u00b7 11.180",
            "IDCW",
            "\u00b7 11.364",
            "\u00b7 11.178",
            ""
        ],
        "ratios_(annualised)": [
            "Portfolio Turnover Ratio",
            "2.93 Times",
            "please refer page no 72 for detail",
            "Since the fund has not completed 3 Years other ratios",
            "are not applicable.",
            ""
        ],
        "quantitative:_debt": [
            "Average Maturity",
            "5.93 Years",
            "Modified Duration",
            "4.38 Years",
            "Macaulay Duration:",
            "4.58 Years",
            "Annualized Portfolio YTM*",
            "6.79%",
            ""
        ],
        "dummyosucbyhkwwwiezo": [
            ""
        ],
        "amc_name": "Mirae Asset Investment Managers (India) Private Limited",
        "main_scheme_name": "MIRAE ASSET MULTI ASSET ALLOCATION FUND",
        "monthly_aaum_date": "28FEBRUARY2025",
        "page_number": [
            54
        ],
        "mutual_fund_name": "Mirae Asset Mutual Fund"
    }
}