{
    "taurus flexi cap fund": {
        "before": [
            "mid cap, small cap stocks)",
            ""
        ],
        "scheme_features": [
            ""
        ],
        "investment_objec\u00b7ve": [
            "The basic objec\u00b7ve of the Scheme is to pr ovide",
            "long-term capital apprecia\u00b7on. Emphasis will beon",
            "sharing growth through apprecia\u00b7on as wellas on",
            "distribu\u00b7on of income by way of dividend.",
            ""
        ],
        "fund_manager": [
            "Mr. Anuj Kapil (w.e.f June 13, 2023)",
            "Total work experience: 17 yrs",
            ""
        ],
        "date_of_allotment": [
            "January 29, 1994",
            ""
        ],
        "benchmark": [
            "BSE 500 TRI",
            ""
        ],
        "monthly_aum": [
            "Monthly Average AUM :356.32 Cr.",
            "Month End AUM :350.54 Cr.",
            ""
        ],
        "load_structure": [
            "Entry Load - NIL",
            "Exit Load- Upto any amount (Including SIP):",
            "\u00b7 1% if exited on or before 365 days",
            "\u00b7 Nil if exited a\u00b7er 365 days",
            "Switch:Exit load applicability for switch",
            "transac\u00b7on will be as per the Switch Out",
            "(From scheme)",
            ""
        ],
        "minimum_applica\u00b7on_amount:": [
            "500/- & mul\u00b7ples of 1/- therea\u00b7er.",
            ""
        ],
        "net_asset_value_(nav)": [
            "Face Value10/-",
            "(IDCW) Per Unit    (G) Per Unit",
            "Regular Plan",
            "105.60",
            "217.61",
            "Direct Plan",
            "114.18",
            "226.32",
            "NAV Calcula\u00b7on: All Business days.",
            ""
        ],
        "month_end_ter:*": [
            "Regular Plan : 2.62 %",
            "Direct Plan : 2.53%",
            "*Including addi\u00b7onal expenses and GST on management fees.",
            ""
        ],
        "quan\u00b7ta\u00b7ve_data": [
            "Regular Plan :",
            "Sharpe Ra\u00b7o: 0.66",
            "Standard Devia\u00b7on: 15.30%",
            "Beta: 1.05",
            "Por\u00b7olio Turnover: 0.80",
            "DIVIDEND HISTORY",
            "Month & Year",
            "Regular Plan",
            "Direct Plan",
            "Net Dividend",
            "Net Dividend",
            "per unit ( )",
            "per unit ( )",
            "#February 2020",
            "0.50",
            "0.50",
            "#January 2020",
            "0.50",
            "0.50",
            "#December 2019",
            "0.50",
            "0.50",
            "#The above rate is net of Dividend Distribu\u00b7on Tax.",
            "Please note: There has been change in the fundamental",
            "a\u00b7ributes of Taurus Starshare (Mul\u00b7 Cap) Fund w.e.f.",
            "January 31, 2021 now the scheme is known as Taurus",
            "Flexi Cap Fund.",
            "Aggregate amount invested by the AMC and its Key Employees in",
            "Taurus Flexi Cap Fund is",
            "Rs. 213.80Lakhswhich is 0.58% of the AUM.",
            "Total Amount held in Taurus Flexi Cap Fund as per SEBI Circular",
            "rela\u00b7ng to Alignment of interest of Key Employees (\u00b7Designated",
            "Employees\u00b7) of Asset Management Companies (\u00b7AMCs\u00b7) with the",
            "unitholder of the Mutual Fund Schemes (as on 31st January 2025)",
            "Scheme Name",
            "Amount Invested (In Lakhs)",
            "Taurus Flexi Cap Fund (G)",
            "Rs. 90.55",
            "Note: Mr. Anuj Kapil has been appointed as the Fund Manager",
            "Addendum dated 15th June 2023). Earlier, since 1st October 202",
            ""
        ],
        "dummydhgthixqsnpeery": [
            ""
        ],
        "amc_name": "Taurus Asset Management Company Limited",
        "main_scheme_name": "taurus flexi cap fund",
        "monthly_aaum_date": "28FEBRUARY2025",
        "page_number": [
            11
        ],
        "mutual_fund_name": "Taurus Mutual Fund"
    },
    "taurus ethical fund": {
        "scheme_features": [
            ""
        ],
        "investment_objec\u00b7ve": [
            "To provide capital appreciation and income",
            "distribution to unitholders through investment in",
            "a diversified portfolio of equities, which are based",
            "on the principles of Shariah.",
            ""
        ],
        "fund_manager": [
            "Mr. Anuj Kapil (w.e.f November 01, 2022)",
            "Total work experience: 17 yrs",
            ""
        ],
        "date_of_allotment": [
            "April 6, 2009",
            ""
        ],
        "benchmark": [
            "BSE 500 Shariah TRI",
            ""
        ],
        "monthly_aum": [
            "Monthly Average AUM :269.32 Cr.",
            "Month End AUM :271.22 Cr.",
            ""
        ],
        "load_structure": [
            "Entry Load - NIL",
            "Exit Load- Upto any amount (Including SIP):",
            "\u00b7 1% if exited on or before 365 days",
            "\u00b7 Nil if exited a\u00b7er 365 days",
            "Switch:Exit load applicability for switch",
            "transac\u00b7on will be as per the Switch Out",
            "(From scheme)",
            ""
        ],
        "minimum_applica\u00b7on_amount:": [
            "500/- & mul\u00b7ples of 1/- therea\u00b7er.",
            ""
        ],
        "net_asset_value_(nav)": [
            "Face Value10/-",
            "(IDCW) Per Unit  (G) Per Unit   (B) Per Unit",
            "Regular Plan",
            "84.96",
            "125.69",
            "125.66",
            "Direct Plan",
            "94.43",
            "140.67",
            "46.10",
            "NAV Calcula\u00b7on: All Business days.",
            ""
        ],
        "month_end_ter:*": [
            "Regular Plan : 2.33%",
            "Direct Plan : 0.56%",
            "*Including addi\u00b7onal expenses and GST on",
            "management fees.",
            ""
        ],
        "quan\u00b7ta\u00b7ve_data": [
            "Regular Plan :",
            "Sharpe Ra\u00b7o: 0.60",
            "Standard Devia\u00b7on: 14.06%",
            "Beta: 0.95",
            "Por\u00b7olio Turnover: 1.13",
            "Aggregate amount invested by the AMC and its Key Employees in",
            "Taurus Ethical Fund is",
            "Rs. 101.89Lakhswhich is 0.51% of the AUM.",
            "Total Amount held in Taurus",
            "Ethical Fundas per SEBI Circular rela\u00b7ng",
            "to Alignment of interest of Key Employees (\u00b7Designated Employees\u00b7)",
            "of Asset Management Companies (\u00b7AMCs\u00b7) with the unitholder of the",
            "Mutual Fund Schemes (as on 31st January 2025)",
            "Scheme Name",
            "Amount Invested (In Lakhs)",
            "Taurus Ethical Fund (G)",
            "Rs. 38.31",
            ""
        ],
        "dummyqtzdtzplgedfibb": [
            ""
        ],
        "amc_name": "Taurus Asset Management Company Limited",
        "main_scheme_name": "taurus ethical fund",
        "monthly_aaum_date": "28FEBRUARY2025",
        "page_number": [
            12
        ],
        "mutual_fund_name": "Taurus Mutual Fund"
    },
    "taurus mid cap fund": {
        "scheme_features": [
            ""
        ],
        "investment_objec\u00b7ve": [
            "The prime objective of the Scheme is to achieve",
            "long term capital appreciation by investing in a",
            "portfolio consisting of equity and equity related",
            "securities predominantly of mid cap companies.",
            ""
        ],
        "fund_manager": [
            "Mr. Anuj Kapil (w.e.f. June 13, 2023)",
            "Total work experience: 17 yrs",
            "Mr. Hemanshu Srivastava (w.e.f. July 18, 2024)",
            "Total work experience: 12 yrs",
            ""
        ],
        "date_of_allotment": [
            "September 5, 1994",
            ""
        ],
        "benchmark": [
            "Nifty Midcap 150 TRI",
            ""
        ],
        "monthly_aum": [
            "Monthly Average AUM :121.73 Cr.",
            "Month End AUM :119.95 Cr.",
            ""
        ],
        "load_structure": [
            "Entry Load - NIL",
            "Exit Load Upto any amount (Including SIP):",
            "\u00b7 1% if exited on or before 365 days.",
            "\u00b7 Nil, if exited after 365 days",
            "Switch: Exit load applicability for switch transaction",
            "will be as per the Switch Out (From scheme)",
            ""
        ],
        "minimum_applica\u00b7on_amount:": [
            "500/- & mul\u00b7ples of 1- therea\u00b7er.",
            ""
        ],
        "net_asset_value_(nav)": [
            "Face Value10/-",
            "(IDCW) Per Unit    (G) Per Unit",
            "Regular Plan",
            "100.49",
            "112.73",
            "Direct Plan",
            "105.50",
            "118.76",
            "NAV Calcula\u00b7on: All Business days.",
            ""
        ],
        "month_end_ter:*": [
            "Regular Plan : 2.52%",
            "Direct Plan : 1.98%",
            "*Including addi\u00b7onal expenses and GST on management fees.",
            ""
        ],
        "quan\u00b7ta\u00b7ve_data": [
            "Regular Plan :",
            "Sharpe Ra\u00b7o: 0.73",
            "Standard Devia\u00b7on: 16.61%",
            "Beta: 1.00",
            "Por\u00b7olio Turnover: 1.16",
            "DIVIDEND HISTORY",
            "Month & Year",
            "Regular Plan",
            "Direct Plan",
            "Net Dividend",
            "Net Dividend",
            "per unit ( )",
            "per unit ( )",
            "December 2016",
            "3.50",
            "3.50",
            "Fund Manager Comments: We have chosen to remain",
            "well diversi\u00b7ed across emerging sectors. Companies with",
            "be\u00b7er visibility for growth have been preferred. As the",
            "fund remains sector-agnos\u00b7c, we reiterate our op\u00b7mis\u00b7c",
            "view on select stock opportuni\u00b7es over sector movements.",
            "Aggregate amount invested by the AMC and its Key Employees in",
            "Taurus Mid Cap Fund is",
            "Rs. 123.39Lakhs which is0.93%of the AUM.",
            "Total Amount held in Taurus",
            "Mid Cap Fundas per SEBI Circular rela\u00b7ng to",
            "Alignment of interest of Key Employees (\u00b7Designated Employees\u00b7) of",
            "Asset Management Companies (\u00b7AMCs\u00b7) with the unitholder of the",
            "Mutual Fund Schemes (as on 31st  January 2025)",
            "Scheme Name",
            "Amount Invested (In Lakhs)",
            "Taurus Mid Cap Fund (G)",
            "Rs. 34.25",
            "1. Note: Mr. Anuj Kapil has been appointed as the Fund Mana",
            "cum Addendum dated 9th November 2023). Earlier, since 23rd M",
            "2. Note: Mr. Hemanshu Srivastava has been appointed as th",
            "18, 2024 (No\u00b7ce cum Addendum dated 17th July 2024).",
            ""
        ],
        "dummymtarhjtrpnvfbmz": [
            ""
        ],
        "amc_name": "Taurus Asset Management Company Limited",
        "main_scheme_name": "taurus mid cap fund",
        "monthly_aaum_date": "28FEBRUARY2025",
        "page_number": [
            13
        ],
        "mutual_fund_name": "Taurus Mutual Fund"
    },
    "taurus elss tax saver fund": {
        "before": [
            "y",
            ")",
            ""
        ],
        "scheme_features": [
            ""
        ],
        "investment_objec\u00b7ve": [
            "To provide long term capital appreciation over the",
            "life of the scheme through investment pre-",
            "dominantly in equity shares, besides tax benefits.",
            ""
        ],
        "fund_manager": [
            "Mr. Anuj Kapil (w.e.f August 07, 2023)",
            "Total work experience: 17 yrs",
            ""
        ],
        "date_of_allotment": [
            "March 31, 1996",
            ""
        ],
        "benchmark": [
            "BSE 500 TRI",
            ""
        ],
        "monthly_aum": [
            "Monthly Average AUM :77.54 Cr.",
            "Month End AUM :76.73 Cr.",
            ""
        ],
        "load_structure": [
            "Entry Load - NIL",
            "Exit Load- Upto any amount (Including SIP):",
            "NA (lock - in period of 3 years)",
            "Switch:Switch to any (Debt/Equity)",
            "schemes after 3  years; Exit Load : Nil",
            ""
        ],
        "minimum_applica\u00b7on_amount:": [
            "500/- & mul\u00b7ples of 500/- therea\u00b7er.",
            ""
        ],
        "net_asset_value_(nav)": [
            "Face Value10/-",
            "(IDCW) Per Unit    (G) Per Unit",
            "Regular Plan",
            "82.86",
            "176.87",
            "Direct Plan",
            "88.60",
            "192.24",
            "NAV Calcula\u00b7on: All Business days.",
            ""
        ],
        "month_end_ter:*": [
            "Regular Plan : 2.43%",
            "Direct Plan : 1.54%",
            "*Including addi\u00b7onal expenses and GST on",
            "management fees.",
            ""
        ],
        "quan\u00b7ta\u00b7ve_data": [
            "Regular Plan :",
            "Sharpe Ra\u00b7o: 1.02",
            "Standard Devia\u00b7on: 11.65%",
            "Beta: 0.76",
            "Por\u00b7olio Turnover: 0.61",
            "Fund Manager Comments: Scheme comprises stocks of",
            "businesses with low debt, stronger pricing power than",
            "their compe\u00b7tors, sustainable cash \u00b7ows and good",
            "corporate governance, bought at discounted prices to our",
            "es\u00b7mate of their intrinsic values. Occasionally, we may",
            "take very small posi\u00b7ons in certain special situa\u00b7ons.",
            "Aggregate amount invested by the AMC and its Key Employees in",
            "Taurus ELSS Tax Saver Fund is",
            "Rs. 201.22Lakhs which is 2.58% of the",
            "AUM.",
            "Total Amount held in Taurus",
            "ELSS Tax S",
            "aver Fund as per SEBI Circular",
            "rela\u00b7ng to Alignment of interest of Key Employees (\u00b7Designated",
            "Employees\u00b7) of Asset Management Companies (\u00b7AMCs\u00b7) with the",
            "unitholder of the Mutual Fund Schemes (as on 31st  January 2025)",
            "Scheme Name",
            "Amount Invested (In Lakhs)",
            "Taurus ELSS Tax Saver Fund (G)",
            "Rs. 24.95",
            "Note: Mr. Anuj Kapil has been appointed as the Fund Ma",
            "(No\u00b7ce cum Addendum dated 8th August 2023). Earlier, since",
            "for this scheme.",
            ""
        ],
        "dummypgxqlnlbhnyvkyx": [
            ""
        ],
        "amc_name": "Taurus Asset Management Company Limited",
        "main_scheme_name": "taurus elss tax saver fund",
        "monthly_aaum_date": "28FEBRUARY2025",
        "page_number": [
            14
        ],
        "mutual_fund_name": "Taurus Mutual Fund"
    },
    "taurus large cap fund": {
        "scheme_features": [
            ""
        ],
        "investment_objec\u00b7ve": [
            "The investment objective is to provide investors",
            "long-term capital appreciation. Investments shall be",
            "primarily in Equity and Equity related instruments",
            "of large cap companies.",
            ""
        ],
        "fund_manager": [
            "Mr. Anuj Kapil (w.e.f. June 13, 2023)",
            "Total work experience: 17 yrs",
            ""
        ],
        "date_of_allotment": [
            "February 28, 1995",
            ""
        ],
        "benchmark": [
            "BSE 100 TRI",
            ""
        ],
        "monthly_aum": [
            "Monthly Average AUM :47.71 Cr.",
            "Month End AUM :47.48 Cr.",
            ""
        ],
        "load_structure": [
            "Entry Load - NIL",
            "Exit Load Upto any amount (Including SIP):",
            "\u00b7 1% if exited on or before 365 days.",
            "\u00b7 Nil, if exited after 365 days",
            "Switch: Exit load applicability for switch transaction",
            "will be as per the Switch Out (From scheme)",
            ""
        ],
        "minimum_applica\u00b7on_amount:": [
            "500/- & mul\u00b7ples of 1- therea\u00b7er.",
            ""
        ],
        "net_asset_value_(nav)": [
            "Face Value10/-",
            "(IDCW) Per Unit    (G) Per Unit",
            "Regular Plan",
            "64.64",
            "147.56",
            "Direct Plan",
            "68.71",
            "155.97",
            "NAV Calcula\u00b7on: All Business days.",
            ""
        ],
        "month_end_ter:*": [
            "Regular Plan : 2.57%",
            "Direct Plan : 2.37%",
            "*Including addi\u00b7onal expenses and GST on",
            "management fees.",
            ""
        ],
        "quan\u00b7ta\u00b7ve_data": [
            "Regular Plan :",
            "Sharpe Ra\u00b7o: 0.60",
            "Standard Devia\u00b7on: 16.02%",
            "Beta: 1.12",
            "Por\u00b7olio Turnover: 0.87",
            "DIVIDEND HISTORY",
            "Month & Year",
            "Regular Plan",
            "Direct Plan",
            "Net Dividend",
            "Net Dividend",
            "per unit ( )",
            "per unit ( )",
            "January 2018",
            "3.00",
            "3.00",
            "November 2017",
            "12.00",
            "12.00",
            "July 2017",
            "5.35",
            "5.35",
            "Aggregate amount invested by the AMC and its Key Employees in",
            "Taurus Large Cap Fundis",
            "Rs. 65.97Lakhs which is 1.35% of  the AUM.",
            "Total Amount held in TaurusLarge Cap Fundas per SEBI Circular",
            "rela\u00b7ng to Alignment of interest of Key Employees (\u00b7Designated",
            "Employees\u00b7) of Asset Management Companies (\u00b7AMCs\u00b7) with the",
            "unitholder of the Mutual Fund Schemes (as on 31st January 2025)",
            "Scheme Name",
            "Amount Invested (In Lakhs)",
            "Taurus Large Cap Fund(G)",
            "Rs. 11.84",
            "Note: Mr. Anuj Kapil has been appointed as the Fund M",
            "(No\u00b7ce cum Addendum dated 15th June 2023). Earlier, since",
            "for this scheme.",
            ""
        ],
        "dummylxvmbixdzvjmpmf": [
            ""
        ],
        "amc_name": "Taurus Asset Management Company Limited",
        "main_scheme_name": "taurus large cap fund",
        "monthly_aaum_date": "28FEBRUARY2025",
        "page_number": [
            15
        ],
        "mutual_fund_name": "Taurus Mutual Fund"
    },
    "taurus banking & financial services fund": {
        "scheme_features": [
            ""
        ],
        "investment_objec\u00b7ve": [
            "The primary objective of the Scheme is to generate",
            "capital appreciation through a portfolio that invests",
            "predominantly in equity and equity related",
            "instruments of Banking, Financial and Non Banking",
            "Financial Companies that form a part of the BFSI",
            "Sector.",
            ""
        ],
        "fund_manager": [
            "Mr. Anuj Kapil (w.e.f June 13, 2023)",
            "Total work experience: 17 yrs",
            ""
        ],
        "date_of_allotment": [
            "May 22, 2012",
            ""
        ],
        "benchmark": [
            "BSE Bankex TRI",
            ""
        ],
        "monthly_aum": [
            "Monthly Average AUM :10.37 Cr.",
            "Month End AUM :10.65Cr.",
            ""
        ],
        "load_structure": [
            "Entry Load - NIL",
            "Exit Load- Upto any amount (Including SIP):",
            "\u00b7 1% if exited on or before 365 days,",
            "\u00b7 Nil, if exited after 365 days",
            "Switch: Exit load applicability for switch transaction",
            "will be as per the Switch Out (From scheme)",
            ""
        ],
        "minimum_applica\u00b7on_amount:": [
            "500/- & mul\u00b7ples of 1- therea\u00b7er.",
            ""
        ],
        "net_asset_value_(nav)": [
            "Face Value10/-",
            "(IDCW) Per Unit    (G) Per Unit",
            "Regular Plan",
            "42.99",
            "48.03",
            "Direct Plan",
            "52.85",
            "53.46",
            "NAV Calcula\u00b7on: All Business days.",
            ""
        ],
        "month_end_ter:*": [
            "Regular Plan : 2.31%",
            "Direct Plan : 1.36%",
            "*Including addi\u00b7onal expenses and GST on",
            "management fees.",
            ""
        ],
        "quan\u00b7ta\u00b7ve_data": [
            "Regular Plan :",
            "Sharpe Ra\u00b7o: 0.58",
            "Standard Devia\u00b7on: 14.18%",
            "Beta: 0.91",
            "Por\u00b7olio Turnover: 0.30",
            "Aggregate amount invested by the AMC and its Key Employees in",
            "Taurus Banking & Financial Services Fund is",
            "Rs. 25.72Lakhs which is",
            "2.30%of the AUM.",
            "Total Amount held in Taurus",
            "Banking & Financial ServicesFund as per",
            "SEBI Circular rela\u00b7ng to Alignment of interest of Key Employees",
            "(\u00b7Designated Employees\u00b7) of Asset Management Companies (\u00b7AMCs\u00b7)",
            "with the unitholder of the Mutual Fund Schemes (as on 31st January",
            "2025)",
            "Scheme Name",
            "Amount Invested (In Lakhs)",
            "Taurus Banking & Financial Services Fund (G)",
            "Rs. 3.19",
            "Note: Mr. Anuj Kapil has been appointed as the Fund Man",
            "June 13, 2023 (No\u00b7ce cum Addendum dated 15th June 2023",
            "Fund Manager for this scheme.",
            ""
        ],
        "dummyydfecaaogpwcrty": [
            ""
        ],
        "amc_name": "Taurus Asset Management Company Limited",
        "main_scheme_name": "taurus banking & financial services fund",
        "monthly_aaum_date": "28FEBRUARY2025",
        "page_number": [
            16
        ],
        "mutual_fund_name": "Taurus Mutual Fund"
    },
    "taurus infrastructure fund": {
        "scheme_features": [
            ""
        ],
        "investment_objec\u00b7ve": [
            "To provide capital appreciation and income",
            "distribution to unitholders by investing pre-",
            "dominantly in equity and equity related",
            "securities of the companies belonging to",
            "infrastructure sector and it's related industries.",
            ""
        ],
        "fund_manager": [
            "Mr. Anuj Kapil (w.e.f November 15, 2023)",
            "Total work experience: 17 yrs",
            ""
        ],
        "date_of_allotment": [
            "March 5, 2007",
            ""
        ],
        "benchmark": [
            "Nifty Infrastructure Index TRI",
            ""
        ],
        "monthly_aum": [
            "Monthly Average AUM :9.22 Cr.",
            "Month End AUM :8.97 Cr.",
            ""
        ],
        "load_structure": [
            "Entry Load - NIL",
            "Exit Load Upto any amount (Including SIP):",
            "\u00b7 1% if exited on or before 365 days,",
            "\u00b7 Nil, if exited after 365 days",
            "Switch: Exit load applicability for switch transaction",
            "will be as per the Switch Out (From scheme)",
            ""
        ],
        "minimum_applica\u00b7on_amount:": [
            "500/- & mul\u00b7ples of 1/- therea\u00b7er.",
            ""
        ],
        "net_asset_value_(nav)": [
            "Face Value10/-",
            "(IDCW) Per Unit    (G) Per Unit",
            "Regular Plan",
            "59.51",
            "63.36",
            "Direct Plan",
            "63.17",
            "67.83",
            "NAV Calcula\u00b7on: All Business days.",
            ""
        ],
        "month_end_ter:*": [
            "Regular Plan : 2.44%",
            "Direct Plan : 1.54%",
            "*Including addi\u00b7onal expenses and GST on",
            "management fees.",
            ""
        ],
        "quan\u00b7ta\u00b7ve_data": [
            "Regular Plan :",
            "Sharpe Ra\u00b7o: 0.91",
            "Standard Devia\u00b7on: 15.45%",
            "Beta: 0.90",
            "Por\u00b7olio Turnover: 1.02",
            "Fund Manager Comments: Infrastructure remains an",
            "important pillar of India growth story. However, we",
            "con\u00b7nue to align our por\u00b7olio with a strong balance",
            "sheet coupled with reasonable valua\u00b7ons. We believe",
            "that we are at the cusp of a capex cycle which will last for",
            "the coming 3-4 years. Hence the por\u00b7olio is more \u00b7lted",
            "towards companies which will bene\u00b7t out of the capex",
            "cycle.",
            "Aggregate amount invested by the AMC and its Key Employees in",
            "Taurus Infrastructure Fund is",
            "Rs. 29.65Lakhs which is 2.97% of the",
            "AUM.",
            "Total Amount held in Taurus",
            "Infrastructure Fundas per SEBI Circular",
            "rela\u00b7ng to Alignment of interest of Key Employees (\u00b7Designated",
            "Employees\u00b7) of Asset Management Companies (\u00b7AMCs\u00b7) with the",
            "unitholder of the Mutual Fund Schemes (as on 31st January 2025)",
            "Scheme Name",
            "Amount Invested (In Lakhs)",
            "Taurus Infrastructure Fund (G)",
            "Rs. 4.13",
            "Note: Mr. Anuj Kapil has been appointed as the Fund Man",
            "2023 (No\u00b7ce cum Addendum dated 9th November 2023). E",
            "Manager for this scheme.",
            ""
        ],
        "dummyxrsumslyxnvwggz": [
            ""
        ],
        "amc_name": "Taurus Asset Management Company Limited",
        "main_scheme_name": "taurus infrastructure fund",
        "monthly_aaum_date": "28FEBRUARY2025",
        "page_number": [
            17
        ],
        "mutual_fund_name": "Taurus Mutual Fund"
    },
    "taurus nifty 50 index fund": {
        "scheme_features": [
            ""
        ],
        "investment_objec\u00b7ve": [
            "The investment objective of the scheme is to",
            "replicate the Nifty 50 by investing in securities of",
            "the Nifty 50 Index in the same proportion/",
            "weightage",
            ""
        ],
        "fund_manager": [
            "Mr. Anuj Kapil (w.e.f August 07, 2023)",
            "Total work experience: 17 yrs",
            ""
        ],
        "date_of_allotment": [
            "June 19, 2010",
            ""
        ],
        "benchmark": [
            "Nifty 50 TRI",
            ""
        ],
        "monthly_aum": [
            "Monthly Average AUM :4.81 Cr.",
            "Month End AUM :4.88Cr.",
            ""
        ],
        "load_structure": [
            "Entry Load - NIL",
            "Exit Load-Up to any amount (Including SIP )",
            "\u00b7 1% if exited on or before 365 days,",
            "\u00b7 Nil, if exited after 365 days",
            "Switch:Exit load applicability for switch transaction",
            "will be as per the Switch Out (From scheme)",
            ""
        ],
        "minimum_applica\u00b7on_amount:": [
            "500/- & multiples of 1/- thereafter.",
            ""
        ],
        "net_asset_value_(nav)": [
            "Face Value10/-",
            "(IDCW) Per Unit    (G) Per Unit",
            "Regular Plan",
            "28.43",
            "44.59",
            "Direct Plan",
            "44.40",
            "47.44",
            "NAV Calcula\u00b7on: All Business days.",
            ""
        ],
        "month_end_ter:*": [
            "Regular Plan : 1.04%",
            "Direct Plan : 0.67%",
            "*Including addi\u00b7onal expenses and GST on",
            "management fees.",
            ""
        ],
        "quan\u00b7ta\u00b7ve_data": [
            "Regular Plan :",
            "Sharpe Ra\u00b7o: 0.41",
            "Standard Devia\u00b7on: 12.52%",
            "Beta: 0.98",
            "Por\u00b7olio Turnover: 0.05",
            "Tracking Error: 0.05",
            "DIVIDEND HISTORY",
            "Month & Year",
            "Regular Plan",
            "Direct Plan",
            "Net Dividend",
            "Net Dividend",
            "per unit ( )",
            "per unit ( )",
            "March 2018",
            "6.70",
            "1.00",
            "Total Amount held in Taurus",
            "Ni\u00b7y 50 Index Fund as per SEBI Circular",
            "rela\u00b7ng to Alignment of interest of Key Employees (\u00b7Designated",
            "Employees\u00b7) of Asset Management Companies (\u00b7AMCs\u00b7) with the",
            "unitholder of the Mutual Fund Schemes (as on 31st January 2025)",
            "Scheme Name",
            "Amount Invested (In Lakhs)",
            "Taurus Ni\u00b7y 50 Index Fund (G)",
            "Note: Mr. Anuj Kapil has been appointed as the Fund Manag",
            "Fund w.e.f August 07, 2023 (No\u00b7ce cum Addendum dated 8t",
            "1st November 2022 Mr. Ramneek Kundra was Fund Manager",
            ""
        ],
        "dummynuavhaflbtnalsf": [
            ""
        ],
        "amc_name": "Taurus Asset Management Company Limited",
        "main_scheme_name": "taurus nifty 50 index fund",
        "monthly_aaum_date": "28FEBRUARY2025",
        "page_number": [
            18
        ],
        "mutual_fund_name": "Taurus Mutual Fund"
    }
}