{
    "trustmf flexi cap fund": {
        "before": [
            "g",
            "g",
            "\u00b7 Focused portfolio of 56 high-conviction stocks",
            "\u00b7 Aims to capture the full value creation over the s",
            ""
        ],
        "scheme_features": [
            "Date of Allotment",
            "26 April 2024",
            "Fund Manager (Managing Since)",
            "Mihir Vora (since inception)",
            "Total Experience - 29 years",
            "Aakash Manghani (since inception)",
            "Total Experience - 14 years",
            "Fund Size",
            "Month end AUM: 881.88 Cr",
            "Monthly Average AUM: 882.53 Cr",
            "Load Structure",
            "Entry Load: Nil",
            "Exit Load: 1% - If redeemed/",
            "switched out within 180 days from",
            "the date of allotment.",
            "Nil if redeemed/switched out after",
            "180 days from the date of allotment",
            "Benchmark",
            "NIFTY 500 TRI",
            "Minimum",
            "Additional",
            "Purchase",
            "Amount: Minimum of \u00b7 1,000/- and in",
            "multiples of any amount thereafter.",
            "Minimum Redemption / Switch-out",
            "Amount: There will be no minimum",
            "redemption criterion.",
            ""
        ],
        "nav_as_on_31_january_2025": [
            "Regular Plan Direct Plan",
            "Growth",
            "11.03",
            "11.18",
            "Total Expense Ratio (TER)",
            "Including Additional Expenses and",
            "GST on Management Fees",
            "\u00b7 Regular. 2.19%",
            "\u00b7 Direct: 0.49%",
            "Please refer How to Read a Factsheet",
            "section for definition of Large Cap, Mid",
            "Cap and Small Cap.\u0003",
            "Portfolio",
            "Beta,",
            "Standard",
            "Deviation,",
            "and Sharpe Ratio of the Scheme is not",
            "computed owing to the short time frame",
            "(<3years) since launch of the scheme",
            "Note:\u0007\u0007Please refer to page 10 for Performance Details, Pleas",
            "Note:\u0007Ratios for TRUSTMF Flexi Cap Fund are not captured s",
            "+Our investment approach aims to capture outsized opportu",
            "Megatrends. #Growth at Reasonable Valuations (GARV) is a",
            ""
        ],
        "dummyscetuahxoehfasi": [
            ""
        ],
        "amc_name": "Trust Asset Management Private Limited",
        "main_scheme_name": "trustmf flexi cap fund",
        "monthly_aaum_date": "28FEBRUARY2025",
        "page_number": [
            7
        ],
        "mutual_fund_name": "Trust Mutual Fund"
    },
    "trustmf small cap fund": {
        "before": [
            "\u00b7",
            "Deep research and expertise to select under-",
            "\u00b7",
            "Ideal investment option for Long Term wealt",
            ""
        ],
        "scheme_features": [
            "Date of Allotment",
            "04 November 2024",
            "Fund Manager (Managing Since)",
            "Mihir Vora (since inception)",
            "Total Experience - 29 years",
            "Aakash Manghani (since inception)",
            "Total Experience - 14 years",
            "Fund Size",
            "Month end AUM: 502.98 Cr",
            "Monthly Average AUM: 493.62 Cr",
            "Load Structure",
            "Entry Load: Nil",
            "Exit Load: 1% - If redeemed/",
            "switched out within 180 days from",
            "the date of allotment.",
            "Nil - if redeemed/switched out after",
            "180 days from the date of allotment",
            "Benchmark",
            "NIFTY Smallcap 250 TRI",
            "Minimum",
            "Additional",
            "Purchase",
            "Amount: Minimum of \u00b7 1,000/- and in",
            "multiples of any amount thereafter.",
            "Minimum Redemption / Switch-out",
            "Amount: There will be no minimum",
            "redemption criterion.",
            ""
        ],
        "nav_as_on_31_january_2025": [
            "Regular Plan",
            "Direct Plan",
            "Growth",
            "9.58",
            "9.62",
            "Total Expense Ratio (TER)",
            "Including Additional Expenses and",
            "GST on Management Fees",
            "\u00b7 Regular. 2.35%",
            "\u00b7 Direct: 0.51%",
            "Please refer How to Read a Factsheet",
            "section for definition of Large Cap, Mid",
            "Cap and Small Cap.",
            "Portfolio",
            "Beta,",
            "Standard",
            "Deviation,",
            "and Sharpe Ratio of the Scheme is not",
            "computed owing to the short time frame",
            "(<3years) since launch of the scheme",
            "Note- Ratios for TRUSTMF Small Cap Fund are not captured",
            "+Our investment approach aims to capture outsized opportu",
            "at Reasonable Valuations (GARV) is an investment approach",
            ""
        ],
        "dummyrvegebnnjdgugkn": [
            ""
        ],
        "amc_name": "Trust Asset Management Private Limited",
        "main_scheme_name": "trustmf small cap fund",
        "monthly_aaum_date": "28FEBRUARY2025",
        "page_number": [
            8
        ],
        "mutual_fund_name": "Trust Mutual Fund"
    },
    "trustmf banking & psu fund": {
        "before": [
            "respective G Secs",
            "\u00b7",
            "Aims to reduce volatility for better risk adjusted return",
            ""
        ],
        "scheme_features": [
            "Date of Allotment",
            "1 February 2021",
            "Fund Manager (Managing Since)",
            "Jalpan Shah since (11",
            "June 2024)",
            "Total Experience - 20 years",
            "Neeraj Jain since (11",
            "April 2024)",
            "Total Experience - 7 years",
            "Fund Size",
            "Month end AUM: 192.80 Cr",
            "Monthly Average AUM: 190.43 Cr",
            "Load Structure",
            "Entry Load: Nil",
            "Exit Load: Nil",
            "Benchmark",
            "Tier I Benchmark - CRISIL Banking",
            "and PSU Debt A-II Index",
            "Tier II Benchmark - CRISIL Select",
            "AAA Roll Down Banking & PSU Debt",
            "Index",
            "Minimum Investment: (lumpsum):",
            "\u00b7 1,000/-",
            ""
        ],
        "nav_as_on_31_january_2025": [
            "Regular Plan",
            "Direct Plan",
            "Growth",
            "1223.4435",
            "1248.1511",
            "IDCW",
            "1090.4989",
            "1107.4822",
            "(Monthly)",
            "Income Distribution cum Capital",
            "Withdrawal",
            "Total Expense Ratio (TER)",
            "Including Additional Expenses and",
            "GST on Management Fees",
            "\u00b7 Regular. 0.71%",
            "\u00b7 Direct: 0.21%",
            "Portfolio Parameters",
            "Maturity",
            "Yield**",
            "7.37%",
            "Average Maturity",
            "3.45 Years",
            "Modified Duration",
            "2.82 Years",
            "Macaulay Duration",
            "3.01 Years",
            "Considering the special features bonds (AT1 bonds) are",
            "called on the call date **in case of semi annual YTM, it",
            "will be annualised",
            "#CRISIL has been engaged for - construction & periodic re",
            "investment approach with approximate tenure on a tactical",
            "related",
            "Note : Yield to Maturity and Yield to Call details should not",
            "09 for IDCW Details, page 10 for Performance Details and",
            "Disclaimer:- $The scheme is currently following a \u00b7roll dow",
            "investment will be made in line with investment strategy and",
            ""
        ],
        "dummypkbroqmgqkmgacb": [
            ""
        ],
        "amc_name": "Trust Asset Management Private Limited",
        "main_scheme_name": "trustmf banking & psu fund",
        "monthly_aaum_date": "28FEBRUARY2025",
        "page_number": [
            9
        ],
        "mutual_fund_name": "Trust Mutual Fund"
    },
    "trustmf corporate bond fund": {
        "before": [
            "\u00b7",
            "Unique methodology in partnership with CRIS",
            "\u00b7",
            "Strong Internal and External  Risk Controls",
            ""
        ],
        "scheme_features": [
            "Date of Allotment",
            "20 January 2023",
            "Fund Manager (Managing Since)",
            "Jalpan Shah since (11",
            "June 2024)",
            "Total Experience - 20 years",
            "Neeraj Jain since (11",
            "April 2024)",
            "Total Experience - 7 years",
            "Fund Size",
            "Month end AUM: 70.81 Cr",
            "Monthly Average AUM: 67.16 Cr",
            "Load Structure",
            "Entry Load: Nil",
            "Exit Load: Nil",
            "Benchmark",
            "Tier I Benchmark - CRISIL Corporate",
            "Debt A-II Index",
            "Tier II Benchmark - CRISIL Select",
            "AAA Corporate Bond Fund Index",
            "Minimum Investment: (lumpsum):",
            "\u00b7 1,000/-",
            ""
        ],
        "nav_as_on_31_january_2025": [
            "Regular Plan",
            "Direct Plan",
            "Growth",
            "1147.1892",
            "1156.5393",
            "IDCW",
            "1114.9994",
            "1125.6823",
            "(Monthly)",
            "Income Distribution cum Capital",
            "Withdrawal",
            "Total Expense Ratio (TER)",
            "Including Additional Expenses and",
            "GST on Management Fees",
            "\u00b7 Regular. 0.65%",
            "\u00b7 Direct: 0.25%",
            "Portfolio Parameters",
            "Maturity",
            "Yield**",
            "7.20%",
            "Average Maturity",
            "5.33 Years",
            "Modified Duration",
            "4.40 Years",
            "Macaulay Duration",
            "4.59 Years",
            "**in case of semi annual YTM, it will be annualised",
            "Note :Please refer to page 11 for Performance Details, No",
            "riskometer. *CRISIL has been engaged for - construction & p",
            "Note :Yield to Maturity details should not be construed as i",
            ""
        ],
        "dummymsleuqzuglolant": [
            ""
        ],
        "amc_name": "Trust Asset Management Private Limited",
        "main_scheme_name": "trustmf corporate bond fund",
        "monthly_aaum_date": "28FEBRUARY2025",
        "page_number": [
            10
        ],
        "mutual_fund_name": "Trust Mutual Fund"
    },
    "trustmf short duration fund": {
        "before": [
            "\u00b7",
            "Aims to provide the highest quality portfolio of se",
            "\u00b7",
            "Unique methodology in partnership with CRISIL",
            "#",
            ""
        ],
        "scheme_features": [
            "Date of Allotment",
            "06 August 2021",
            "Fund Manager (Managing Since)",
            "Jalpan Shah since (11",
            "June 2024)",
            "Total Experience - 20 years",
            "Neeraj Jain since (11",
            "April 2024)",
            "Total Experience - 7 years",
            "Fund Size",
            "Month end AUM: 115.26 Cr",
            "Monthly Average AUM: 118.11 Cr",
            "Load Structure",
            "Entry Load: Nil",
            "Exit Load: Nil",
            "Benchmark",
            "Tier I Benchmark - CRISIL Short",
            "Duration Debt A-II Index",
            "Tier II Benchmark - CRISIL Select",
            "AAA Short Duration Fund Index",
            "Minimum Investment: (lumpsum):",
            "\u00b7 1,000/-",
            ""
        ],
        "nav_as_on_31_january_2025": [
            "Regular Plan",
            "Direct Plan",
            "Growth",
            "1203.4523",
            "1224.6398",
            "IDCW",
            "1088.6095",
            "1099.9399",
            "(Monthly)",
            "Income Distribution cum Capital",
            "Withdrawal",
            "Total Expense Ratio (TER)",
            "Including Additional Expenses and",
            "GST on Management Fees",
            "\u00b7 Regular. 0.73%",
            "\u00b7 Direct: 0.23%",
            "Portfolio Parameters",
            "Maturity",
            "Yield**",
            "7.22%",
            "Average Maturity",
            "3.27 Years",
            "Modified Duration",
            "2.68 Years",
            "Macaulay Duration",
            "2.82 Years",
            "**in case of semi annual YTM, it will be annualised",
            "*CRISIL has been engaged for - construction & periodic reba",
            "Note :Yield to Maturity details should not be construed as i",
            "#Macaulay duration is the measure of the weighted average",
            "refer to the scheme information document. Please refer to p",
            "page no 13 for scheme riskometer & benchmark riskometer",
            ""
        ],
        "dummyixxrojttiqhnfvh": [
            ""
        ],
        "amc_name": "Trust Asset Management Private Limited",
        "main_scheme_name": "trustmf short duration fund",
        "monthly_aaum_date": "28FEBRUARY2025",
        "page_number": [
            11
        ],
        "mutual_fund_name": "Trust Mutual Fund"
    },
    "trustmf money market fund": {
        "before": [
            "\u00b7",
            "Ideal strategy for rising rate scenario",
            ""
        ],
        "scheme_features": [
            "Date of Allotment",
            "17 August 2022",
            "Fund Manager (Managing Since)",
            "Jalpan Shah since (11",
            "June 2024)",
            "Total Experience - 20 years",
            "Neeraj Jain since (11",
            "April 2024)",
            "Total Experience - 7 years",
            "Fund Size",
            "Month end AUM: 84.25 Cr",
            "Monthly Average AUM: 86.50 Cr",
            "Load Structure",
            "Entry Load: Nil",
            "Exit Load: Nil",
            "Benchmark",
            "Tier I Benchmark - CRISIL Money",
            "Market A-I Index",
            "Minimum Investment: (lumpsum):",
            "\u00b7 1,000/-",
            ""
        ],
        "nav_as_on_31_january_2025": [
            "Regular Plan",
            "Direct Plan",
            "Growth",
            "1181.7440",
            "1186.1829",
            "IDCW",
            "1098.0530",
            "1102.2839",
            "(Monthly)",
            "Income Distribution cum Capital",
            "Withdrawal",
            "Total Expense Ratio (TER)",
            "Including Additional Expenses and",
            "GST on Management Fees",
            "\u00b7 Regular. 0.46%",
            "\u00b7 Direct: 0.16%",
            "Portfolio Parameters",
            "Maturity",
            "Yield**",
            "7.46%",
            "Average Maturity",
            "177 Days",
            "Modified Duration",
            "165 Days",
            "Macaulay Duration",
            "177 Days",
            "**in case of semi annual YTM, it will be annualised",
            "*CRISIL has been engaged for - construction & periodic",
            "Note : Yield to Maturity details should not be construed",
            "Please refer to page 09 for IDCW",
            "Details, page 11 for P",
            "Please refer page no 13 for scheme riskometer & bench",
            ""
        ],
        "dummywgpxxhqjfuvviqm": [
            ""
        ],
        "amc_name": "Trust Asset Management Private Limited",
        "main_scheme_name": "trustmf money market fund",
        "monthly_aaum_date": "28FEBRUARY2025",
        "page_number": [
            12
        ],
        "mutual_fund_name": "Trust Mutual Fund"
    },
    "trustmf liquid fund": {
        "before": [
            "\u00b7",
            "Structurally Laddered Portfolio with Segmenta",
            ""
        ],
        "scheme_features": [
            "Date of Allotment",
            "23 April 2021",
            "Fund Manager (Managing Since)",
            "Jalpan Shah since (11",
            "June 2024)",
            "Total Experience - 20 years",
            "Neeraj Jain since (11",
            "April 2024)",
            "Total Experience - 7 years",
            "Fund Size",
            "Month end AUM: 348.48 Cr",
            "Monthly Average AUM: 353.02 Cr",
            "Load Structure",
            "Entry Load: Nil",
            "Exit Load: Exit Load: as a % of",
            "redemption proceeds (including",
            "systematic transactions) Up to",
            "Day 1 : 0.0070%, Day 2 : 0.0065%,",
            "Day 3 : 0.0060%, Day 4 : 0.0055%,",
            "Day 5 : 0.0050%, Day 6 : 0.0045%,",
            "Day 7 onwards Nil",
            "Benchmark",
            "Tier I Benchmark - CRISIL Liquid",
            "Debt A-I Index",
            "Tier II Benchmark - CRISIL Select",
            "AAA Liquid Fund Index",
            "Minimum Investment: (lumpsum):",
            "\u00b7 1,000/-",
            ""
        ],
        "nav_as_on_31_january_2025": [
            "Regular Plan",
            "Direct Plan",
            "Growth",
            "1234.1877",
            "1241.2556",
            "IDCW",
            "1135.6535",
            "1141.6057",
            "(Monthly)",
            "Income Distribution cum Capital",
            "Withdrawal",
            "Total Expense Ratio (TER)",
            "Including Additional Expenses and",
            "GST on Management Fees",
            "\u00b7 Regular. 0.25%",
            "\u00b7 Direct: 0.10%",
            "Portfolio Parameters",
            "Maturity",
            "Yield**",
            "7.14%",
            "Average Maturity",
            "45 Days",
            "Modified Duration",
            "42 Days",
            "Macaulay Duration",
            "45 Days",
            "**in case of semi annual YTM, it will be annualised",
            "Note :Yield to Maturity details should not be construed as i",
            "Please refer to page 09 for IDCW Details, page 10 for Perfo",
            "Please refer page no 13 for scheme riskometer & benchmar",
            ""
        ],
        "dummyaitjwjssthkqbls": [
            ""
        ],
        "amc_name": "Trust Asset Management Private Limited",
        "main_scheme_name": "trustmf liquid fund",
        "monthly_aaum_date": "28FEBRUARY2025",
        "page_number": [
            13
        ],
        "mutual_fund_name": "Trust Mutual Fund"
    },
    "trustmf overnight fund": {
        "before": [
            "\u00b7",
            "Less sensitive to interest rate changes",
            ""
        ],
        "scheme_features": [
            "Date of Allotment",
            "19 January 2022",
            "Fund Manager (Managing Since)",
            "Jalpan Shah since (11",
            "June 2024)",
            "Total Experience - 20 years",
            "Neeraj Jain since (11",
            "April 2024)",
            "Total Experience - 7 years",
            "Fund Size",
            "Month end AUM: 196.29 Cr",
            "Monthly Average AUM: 201.26 Cr",
            "Load Structure",
            "Entry Load: Nil",
            "Exit Load: Nil",
            "Benchmark",
            "CRISIL Liquid Overnight Index",
            "Minimum Investment: (lumpsum):",
            "\u00b7 1,000/-",
            ""
        ],
        "nav_as_on_31_january_2025": [
            "Regular Plan",
            "Direct Plan",
            "Growth",
            "1194.9199",
            "1196.7181",
            "IDCW",
            "1183.7702",
            "1184.9068",
            "(Monthly)",
            "Income Distribution cum Capital",
            "Withdrawal",
            "Total Expense Ratio (TER)",
            "Including Additional Expenses and",
            "GST on Management Fees",
            "\u00b7 Regular. 0.12%",
            "\u00b7 Direct: 0.07%",
            "Portfolio Parameters",
            "Maturity",
            "Yield**",
            "6.59%",
            "Average Maturity",
            "3 Days",
            "Modified Duration",
            "3 Days",
            "Macaulay Duration",
            "3 Days",
            "**in case of semi annual YTM, it will be annualised",
            "Note :Yield to Maturity details should not be construed as i",
            "Please refer to page 11 for Performance Details. Please refe",
            ""
        ],
        "dummysctkpmyznaihqts": [
            ""
        ],
        "amc_name": "Trust Asset Management Private Limited",
        "main_scheme_name": "trustmf overnight fund",
        "monthly_aaum_date": "28FEBRUARY2025",
        "page_number": [
            14
        ],
        "mutual_fund_name": "Trust Mutual Fund"
    }
}