{
    "Navi Niy 50 Index Fund": {
        "investment_objective": [
            "The investment objective of the scheme is to achieve return equivalent to",
            "Ni\u00b7y 50 Index by investing in stocks of companies comprising Ni\u00b7y 50",
            "Index, subject to tracking error. There is no assurance that the investment",
            "objective of the scheme will be achieved.",
            ""
        ],
        "fund_manager": [
            "Mr. Aditya Mulkiis managing this fund w.e.f. 18th March, 2022.",
            "Mr. Aditya Mulki manages 16 schemes of the concerned Mutual Fund",
            "Mr. Ashutosh Shirwaikaras a co fund manager is managing this fund",
            "w.e.f. 01st August, 2023",
            "Mr. Ashutosh Shirwaikar manages 14 number of schemes of the concerned Mutual Fund",
            ""
        ],
        "scheme_details": [
            "Inception Date (Date of Allotment):",
            "15 July, 2021",
            "Index:Ni\u00b7y 50 TRI",
            "Minimum Application Amount::",
            "10/- and in multiples of",
            "1/- therea\u00b7er",
            "Load Structure: Exit Load : NIL",
            "Asset Allocation Pattern:",
            "Equity and equity related securities",
            "covered by Ni\u00b7y 50 Index : 95% to 100%",
            "Debt and Money Market Instruments: 0% to 5%",
            "#",
            "Total Expense Ratio (TER) :",
            "Regular Plan: 0.26% | Direct Plan: 0.06%",
            "Portfolio Turnover Ratio (Times):",
            "0.20",
            "# - Above TER includes additional expenses but excludes GST. For TER",
            "inclusive of GST please refer to page no. 28",
            "Expense structure for Direct & Regular Plan may vary.",
            "Scheme",
            "NAV (in )",
            ""
        ],
        "net_asset_value_(nav)": [
            "as on January 31, 2025",
            "Direct Plan - Growth Option",
            "15.2493",
            "Regular Plan - Growth Option",
            "15.1391",
            ""
        ],
        "fund_size": [
            "(as on January 31, 2025)",
            "AUM:",
            "2685.55 Crs |",
            "Monthly Average AUM:",
            "2614.17 Crs",
            ""
        ],
        "tracking_error": [
            "(Annualised as on January 31, 2025)",
            "Tracking Error",
            "Tracking Di\u00b7erence",
            "0.04%",
            "-0.22%",
            ""
        ],
        "dummyahgghajndoqczzh": [
            ""
        ],
        "industry_allocation": [
            ""
        ],
        "equity_(%)": [
            "0",
            "10",
            "20",
            "30",
            "40",
            "Equity",
            "99.94",
            "BANKS",
            "29.34",
            "IT - SOFTWARE",
            "13.97",
            "PETROLEUM PRODUCTS",
            "8.61",
            "AUTOMOBILES",
            "7.60",
            "DIVERSIFIED FMCG",
            "6.02",
            "TELECOM - SERVICES",
            "4.13",
            "CONSTRUCTION",
            "3.98",
            "FINANCE",
            "3.7",
            "PHARMACEUTICALS &",
            "BIOTECHNOLOGY",
            "3.25",
            "POWER",
            "2.74",
            "CONSUMER DURABLES",
            "2.36",
            "CEMENT & CEMENT PRODUCTS",
            "2.12",
            "FERROUS METALS",
            "1.92",
            "FOOD PRODUCTS",
            "1.35",
            "INSURANCE",
            "1.28",
            "RETAILING",
            "1.2",
            "AEROSPACE & DEFENSE",
            "0.99%",
            "OIL",
            "0.96%",
            "CONSUMABLE FUELS",
            "0.85%",
            "NON - FERROUS METALS",
            "0.82%",
            "TRANSPORT INFRASTRUCTURE",
            "0.77",
            "HEALTHCARE SERVICES",
            "0.65%",
            "AGRICULTURAL FOOD & OTHER",
            "0.63%",
            "PRODUCTS",
            "METALS & MINERALS TRADING",
            "0.54",
            "LEISURE SERVICES",
            "0.14",
            ""
        ],
        "dummykobdakgrtatzdsd": [
            ""
        ],
        "amc_name": "Navi AMC Limited",
        "main_scheme_name": "Navi Niy 50 Index Fund",
        "monthly_aaum_date": "28FEBRUARY2025",
        "page_number": [
            2
        ],
        "mutual_fund_name": "Navi Mutual Fund"
    },
    "Navi US Total Stock Market Fund": {
        "investment_objective": [
            "The investment objective of the scheme is to provide long-term capital",
            "appreciation by investing in units of the Vanguard Total Stock Market",
            "ETF (VTI) or in the Schwab Total Stock Market Index Fund (SWTSX).",
            "There is no assurance that the investment objective of the scheme will",
            "be achieved. .",
            ""
        ],
        "scheme_details": [
            "Inception Date (Date of Allotment):",
            "24th February, 2022",
            "Index: CRSP US Total Market TRI",
            "Minimum Application Amount:",
            "10/- and in multiples of",
            "1/- therea\u00b7er",
            "Load Structure:",
            "Exit Load : NIL",
            "Asset Allocation Pattern:",
            "Units of units of the Vanguard Total Stock",
            "Market ETF (VTI) or the (SWTSX): 95% to 100%",
            "Debt and Money Market Instruments, including Tri Party Repo^, G-Secs",
            "and Cash: 0% to 5%",
            "#",
            "Total Expense Ratio (TER) :",
            "Regular Plan: 0.06% | Direct Plan: 0.06%",
            "# - Above TER includes additional expenses but excludes GST. For TER",
            "inclusive of GST please refer to page no.",
            "28",
            "Expense structure for Direct & Regular Plan may vary.",
            ""
        ],
        "fund_manager": [
            "Mr. Aditya Mulkiis managing this fund w.e.f. 18th March, 2022.",
            "Mr. Aditya Mulki manages 16 schemes of the concerned Mutual Fund",
            ""
        ],
        "performance_as_on_january_31,_2025": [
            "Navi US Total Stock Market",
            "CRSP US Total",
            "Period",
            "Fund of Fund -",
            "Market  TRI*@",
            "Regular Growth",
            "1 Year CAGR %",
            "30.79%",
            "24.47%",
            "30.79%",
            "24.47%",
            "Since Inception CAGR %",
            "18.10%",
            "11.66%",
            "18.13%",
            "11.66%",
            "Current Value of investment if",
            "10000/- was invested on",
            "Inception date (in",
            ")",
            "16299",
            "13826",
            "16314",
            "13826",
            "Current Value of Investment if 10000/- was invested 1 year",
            "13088",
            "12454",
            "13088",
            "12454",
            "ago",
            "*In case, the start date or the end date of the concerned period is a non-business day, the NAV of the previous business day is considered for computation of returns. Past performance may or may not be",
            "sustained in future. The Direct Plan has a lower expense ratio as compared to the Regular/ Other than Direct Plan to the extent of distribution expenses, commission, etc. and no commission or distribution",
            "expenses for distribution of Units or distribution expenses are paid / charged under the Direct Plan. Standard TRIs prescribed are as per the applicable circular by SEBI.",
            "@- TRI .",
            "Note: Pursuant to AMFI communication vide letter no 35P/MEM-COR/126 dated March 20, 2024, in\u00b7ows and subscriptions (including by way of lump sum, switch-ins, new/existing registrations of",
            "Systematic Investment Plan (SIP) and Systematic Transfer Plan (STP)) is not being accepted.",
            "as on January 31, 2025",
            "Since",
            "SIP Tenure (in Years)",
            "1 Year",
            "Inception",
            "Investment Amount",
            "10,000",
            "10,000",
            "SIP date every 1st business day of the month",
            "Total No. of Installments",
            "12",
            "34",
            "SIP Returns are for regular plan. Past performance may or may not sustained in the future. Assuming",
            "10,000 invested systematic",
            "Total Amount Invested (in )",
            "120000",
            "340000",
            "on the \u00b7rst Business Day of every month over a period of time. Load is not taken into consideration for computation of performance. Th",
            "above investment simulation is for illustrative purpose only and should not be construed as a promise on minimum returns and",
            "Present Value (in )",
            "138757",
            "498100",
            "safeguard of capital. The AMC/Mutual Fund is not guaranteeing or promising or forecasting any returns. SIP does not assure a pro\u00b7t or",
            "CRSP US Total Market Index",
            "gurrantee protection against a loss in a declining market.",
            "Total No. Units",
            "8513",
            "30561",
            "Yield (%)",
            "30.12",
            "25.02",
            ""
        ],
        "this_product_is_suitable_for_investors_who_are_see": [
            "Capital appreciation over the long term",
            "Scheme Riskometer",
            "Ideal for Equity investors who want exposure to Vanguard Total Stock",
            "Market ETF (VTI) or in the Schwab Total Stock Market Index Fund (SWTSX)",
            "Moderate Risk",
            "Moderately High Risk",
            "Low to Moderate Risk",
            "High Risk",
            "Low Risk",
            "Very High Risk",
            "^",
            "Investors should consult their \u00b7nancial advisers if in doubt about whether",
            "the product is suitable for them.",
            "RISKOMETER",
            "Scheme",
            "The risk of the scheme/benchmark",
            "is Very High",
            ""
        ],
        "dummypszkzfhslkawewd": [
            ""
        ],
        "fund_size": [
            "(as on January 31, 2025)",
            "AUM:` 982.16 Crs | Monthly Average AUM: ` 970.08 Crs",
            "as on January 31, 2025",
            ""
        ],
        "net_asset_value_(nav)": [
            "Scheme",
            "NAV (in )",
            "Direct Plan - Growth Option",
            "16.3144",
            "Regular Plan - Growth Option",
            "16.2986",
            ""
        ],
        "portfolio_holdings": [
            ""
        ],
        "as_on_january_31,_2025": [
            "Portfolio Holdings",
            "% of Net Asse",
            "MUTUAL FUND UNITS",
            "99.76%",
            "VANGUARD TOTAL STOCK MARKET ETF",
            "99.76%",
            "TREPS (including TBILL held as Collateral)/Reverse",
            "Repo/Net Current Assets/Cash/Cash Equivalent",
            "0.24%",
            "Total",
            "100.00",
            "Navi US Total Stock Market",
            "CRSP US Total",
            "Fund of Fund -",
            "Market TRI*@",
            "Direct Growth",
            "As per AMFI Tier I benchmark",
            "CRSP US Total Market TRI",
            "Moderate Risk",
            "Moderately High Risk",
            "Low to Moderate Risk",
            "High Risk",
            "Low Risk",
            "Very High Risk",
            "RISKOMETER",
            "Scheme",
            "The risk of the scheme/benchmark",
            "is Very High",
            ""
        ],
        "dummyyozixnsolxixwjd": [
            ""
        ],
        "amc_name": "Navi AMC Limited",
        "main_scheme_name": "Navi US Total Stock Market Fund",
        "monthly_aaum_date": "28FEBRUARY2025",
        "page_number": [
            4
        ],
        "mutual_fund_name": "Navi Mutual Fund"
    },
    "Navi NASDAQ 100  Fund": {
        "investment_objective": [
            "The investment objective of the scheme is to provide long-term capital",
            "appreciation by investing in units of overseas ETF\u00b7s and/ or Index Fund",
            "based on NASDAQ 100 Index. There is no assurance that the",
            "investment objective of the scheme will be realized.",
            ""
        ],
        "scheme_details": [
            "Inception Date (Date of Allotment):",
            "23rd March, 2022",
            "Index: NASDAQ 100 TRI",
            "Minimum Application Amount:",
            "10/- and in multiples of",
            "1/- therea\u00b7er",
            "Load Structure:",
            "Exit Load : NIL",
            "Asset Allocation Pattern:",
            "To Units of overseas ETF\u00b7s and/or Index Fund",
            "based on NASDAQ 100 Index 95% to 100.",
            "To Debt schemes, Debt & Money Market Instruments, including Tri",
            "Party Repo, G-Secs and Cash-0% to 5%",
            "#",
            "Total Expense Ratio (TER) :",
            "Regular Plan: 0.30% | Direct Plan: 0.16%",
            "# - Above TER includes additional expenses but excludes GST. For TER",
            "inclusive of GST please refer to page no.",
            "28",
            "Expense structure for Direct & Regular Plan may vary.",
            ""
        ],
        "fund_manager": [
            "Mr. Aditya Mulkiis managing this fund w.e.f. 23rd March, 2022.",
            "Mr. Aditya Mulki manages 16 schemes of the concerned Mutual Fund",
            ""
        ],
        "performance_as_on_january_31,_2025": [
            "Navi NASDAQ 100",
            "NASDAQ 100",
            "Period",
            "Fund of Fund -",
            "TRI*@",
            "Regular Growth",
            "1 Year CAGR %",
            "30.76%",
            "25.25%",
            "30.97%",
            "25.25%",
            "Since Inception CAGR %",
            "19.11%",
            "14.04%",
            "19.34%",
            "14.04%",
            "Current Value of investment if",
            "10000/- was invested on",
            "Inception date (in",
            ")",
            "16481",
            "14557",
            "16573",
            "14557",
            "Current Value of Investment if 10000/- was invested 1 year",
            "13086",
            "12533",
            "13107",
            "12533",
            "ago",
            "*In case, the start date or the end date of the concerned period is a non-business day, the NAV of the previous business day is considered for computation of returns. Past performance may or may not be sustained in future. The Direct Plan",
            "has a lower expense ratio as compared to the Regular/ Other than Direct Plan to the extent of distribution expenses, commission, etc. and no commission or distribution expenses for distribution of Units or distribution expenses are paid /",
            "charged under the Direct Plan. Standard TRIs prescribed are as per the applicable circular by SEBI.",
            "@- TRI .",
            "Note: Pursuant to AMFI communication vide letter no 35P/MEM-COR/126 dated March 20, 2024, in\u00b7ows and subscriptions (including by way of lump sum, switch-ins, new/existing registrations of Systematic Investment Plan (SIP) and",
            "Systematic Transfer Plan (STP)) is not being accepted..",
            "as on January 31, 2025",
            "Since",
            "SIP Tenure (in Years)",
            "1 Year",
            "Inception",
            "Investment Amount",
            "10,000",
            "10,000",
            "SIP date every 1st business day of the month",
            "Total No. of Installments",
            "12",
            "33",
            "SIP Returns are for regular plan. Past performance may or may not sustained in the future. Assuming",
            "10,000 invested",
            "Total Amount Invested (in )",
            "120000",
            "330000",
            "systematically on the \u00b7rst Business Day of every month over a period of time. Load is not taken into consideration for computation of",
            "performance. The above investment simulation is for illustrative purpose only and should not be construed as a promise on",
            "Present Value (in )",
            "139825",
            "521195",
            "minimum returns and safeguard of capital. The AMC/Mutual Fund is not guaranteeing or promising or forecasting any returns. SIP",
            "NASDAQ 100 Index",
            "135198",
            "491987",
            "does not assure a pro\u00b7t or gurrantee protection against a loss in a declining market.",
            "Total No. Units",
            "8484",
            "31623",
            "Yield (%)",
            "31.90",
            "31.70",
            ""
        ],
        "this_product_is_suitable_for_investors_who_are_see": [
            "Capital appreciation over the long term",
            "Return that corresponds generally to the performance of NASDAQ 100 Index,",
            "Moderate Risk",
            "Moderately High Risk",
            "subject to tracking error",
            "Low to Moderate Risk",
            "High Risk",
            "^",
            "Investors should consult their \u00b7nancial advisers if in doubt about",
            "Low Risk",
            "Very High Risk",
            "whether the product is suitable for them.",
            "RISKOMETER",
            "Scheme",
            "The risk of the scheme/benchmark",
            "is Very High",
            ""
        ],
        "dummyyjawddbsdtbovuo": [
            "as on January 31, 2025",
            ""
        ],
        "net_asset_value_(nav)": [
            "Scheme",
            "NAV (in )",
            "Direct Plan - Growth Option",
            "16.5730",
            "Regular Plan - Growth Option",
            "16.4813",
            ""
        ],
        "fund_size": [
            "(as on January 31, 2025)",
            "AUM:` 1058.86 Crs | Monthly Average AUM: ` 1051.90 Cr",
            ""
        ],
        "portfolio_holdings": [
            ""
        ],
        "as_on_january_31,_2025": [
            "Portfolio Holdings",
            "% of Net Asse",
            "MUTUAL FUND UNITS",
            "99.81%",
            "INVESCO NASDAQ 100 ETF (QQQM)",
            "99.81%",
            "TREPS (including TBILL held as Collateral)/Reverse",
            "Repo/Net Current Assets/Cash/Cash Equivalent",
            "0.19%",
            "Total",
            "100.00%",
            "*Top Holdings",
            "Navi NASDAQ 100",
            "NASDAQ 100",
            "Fund of Fund -",
            "TRI*@",
            "Direct Growth",
            "As per AMFI Tier I benchmark",
            "Scheme Riskometer",
            "NASDAQ 100 TRI",
            "Moderate Risk",
            "Moderately High Risk",
            "Low to Moderate Risk",
            "High Risk",
            "Low Risk",
            "Very High Risk",
            "RISKOMETER",
            "Scheme",
            "The risk of the scheme/benchmark",
            "is Very High",
            ""
        ],
        "dummyzlagmozdvnxmnxo": [
            ""
        ],
        "amc_name": "Navi AMC Limited",
        "main_scheme_name": "Navi NASDAQ 100  Fund",
        "monthly_aaum_date": "28FEBRUARY2025",
        "page_number": [
            5
        ],
        "mutual_fund_name": "Navi Mutual Fund"
    },
    "Navi Niy Next 50  Index Fund": {
        "investment_objective": [
            "The investment objective of the Scheme is to invest in companies whose",
            "securities are included in Ni\u00b7y Next 50 Index and to endeavour to achieve",
            "the returns of the index, though subject to tracking error. The objective",
            "is that the performance of the NAV of the Scheme should track the",
            "performance of the Ni\u00b7y Next 50 Index over the same period subject",
            "to tracking error. There is no assurance that the investment objective",
            "of the Scheme will be achieved.",
            ""
        ],
        "fund_manager": [
            "Mr. Aditya Mulkiis managing this fund w.e.f. 18th March, 2022.",
            "Mr. Aditya Mulki manages 16 schemes of the concerned Mutual Fund",
            "Mr. Ashutosh Shirwaikaras a co fund manager is managing this fund",
            "w.e.f. 01st August, 2023",
            "Mr. Ashutosh Shirwaikar manages 14 number of schemes of the concerned Mutual Fund",
            ""
        ],
        "scheme_details": [
            "Inception Date (Date of Allotment):",
            "20th January, 2022",
            "Index: Ni\u00b7y Next 50 TRI",
            "Minimum Application Amount:",
            "100/- and in multiples of",
            "1/-",
            "therea\u00b7er",
            "Load Structure:",
            "Exit Load : NIL",
            "Asset Allocation Pattern:",
            "Equity and equity related securities covered",
            "by Ni\u00b7y Next 50 Index: 95% to 100%",
            "Debt and Money Market Instruments: 0% to 5%",
            "#",
            "Total Expense Ratio (TER) :",
            "Regular Plan: 0.58% | Direct Plan: 0.12%",
            "Portfolio Turnover Ratio (Times):",
            "0.75",
            "# - Above TER includes additional expenses but excludes GST. For TER",
            "inclusive of GST please refer to page no.",
            "28",
            "Expense structure for Direct & Regular Plan may vary.",
            ""
        ],
        "net_asset_value_(nav)": [
            "as on January 31, 2025",
            "Scheme",
            "NAV (in )",
            "Direct Plan - Growth Option",
            "14.9180",
            "Regular Plan - Growth Option",
            "14.6979",
            ""
        ],
        "fund_size": [
            "CHEMICALS & PETROCHEMICALS",
            "(as on January 31, 2025)",
            "AUM: 697.58 Crs | Monthly Average AUM:",
            "700.14 Crs",
            ""
        ],
        "tracking_error": [
            "(Annualised as on January 31, 2025)",
            "Tracking Error",
            "Tracking Di\u00b7erence",
            "0.43%",
            "-0.33%",
            ""
        ],
        "dummyuszzwhrmcnnqxny": [
            ""
        ],
        "industry_allocation": [
            ""
        ],
        "equity_(%)": [
            "0",
            "3",
            "6",
            "9",
            "12",
            "15",
            "Equity",
            "100.0",
            "FINANCE",
            "14.4",
            "RETAILING",
            "11.8",
            "POWER",
            "9.36",
            "BANKS",
            "5.67",
            "PHARMACEUTICALS &",
            "5.56",
            "BIOTECHNOLOGY",
            "5.04",
            "BEVERAGES",
            "4.9",
            "ELECTRICAL EQUIPMENT",
            "3.85",
            "INSURANCE",
            "3.75",
            "TRANSPORT SERVICES",
            "3.59",
            "REALTY",
            "3.3",
            "DIVERSIFIED METALS",
            "3.30",
            "AEROSPACE & DEFENSE",
            "3.24",
            "PERSONAL PRODUCTS",
            "CEMENT & CEMENT PRODUCTS",
            "3.1",
            "AUTO COMPONENTS",
            "2.94",
            "GAS",
            "2.90",
            "AUTOMOBILES",
            "2.55",
            "IT - SOFTWARE",
            "2.42",
            "PETROLEUM PRODUCTS",
            "2.1",
            "1.9",
            "CONSUMER DURABLES",
            "1.7",
            "FERROUS METALS",
            "1.3",
            "LEISURE SERVICES",
            "1.09",
            ""
        ],
        "dummydqloglsgqzcolyu": [
            ""
        ],
        "amc_name": "Navi AMC Limited",
        "main_scheme_name": "Navi Niy Next 50  Index Fund",
        "monthly_aaum_date": "28FEBRUARY2025",
        "page_number": [
            6
        ],
        "mutual_fund_name": "Navi Mutual Fund"
    },
    "Navi Niy Bank  Index Fund": {
        "investment_objective": [
            "The investment objective of the scheme is to achieve return equivalent to",
            "Ni\u00b7y Bank Index by investing in stocks of companies comprising Ni\u00b7y",
            "Bank Index, subject to tracking error. There is no assurance",
            "that the investment objective of the scheme will be achieved.",
            ""
        ],
        "scheme_details": [
            "Inception Date (Date of Allotment):",
            "04th February, 2022",
            "Index: Ni\u00b7y Bank TRI",
            "Minimum Application Amount:",
            "10/- and in multiples of",
            "1/- therea\u00b7er",
            "Load Structure:",
            "Exit Load : NIL",
            "Asset Allocation Pattern:",
            "Equity and equity related securities covered",
            "by Ni\u00b7y Bank Index: 95% to 100%",
            "Debt and Money Market Instruments: 0% to 5%",
            "#",
            "Total Expense Ratio (TER) :",
            "Regular Plan: 0.80% | Direct Plan: 0.10%",
            "Portfolio Turnover Ratio (Times):",
            "0.52",
            "# - Above TER includes additional expenses but excludes GST. For TER",
            "inclusive of GST please refer to page no.",
            "28",
            "Expense structure for Direct & Regular Plan may vary.",
            ""
        ],
        "fund_manager": [
            "Mr. Aditya Mulki is managing this fund w.e.f. 18th March, 2022.",
            "Mr. Aditya Mulki manages 16 schemes of the concerned Mutual Fund",
            "Mr. Ashutosh Shirwaikaras a co fund manager is managing this fund",
            "w.e.f. 01st August, 2023",
            "Mr. Ashutosh Shirwaikar manages 14 number of schemes of the concerned Mutual Fund",
            ""
        ],
        "fund_size": [
            "(as on January 31, 2025)",
            "AUM: 519.74 Crs | Monthly Average AUM:",
            "511.84 Crs",
            ""
        ],
        "performance_as_on_january_31,_2025": [
            "Navi Ni\u00b7y Bank",
            "Ni\u00b7y Bank",
            "Period",
            "Index Fund -",
            "TRI  *@",
            "Regular Growth",
            "1 Year CAGR %",
            "7.72%",
            "8.74%",
            "8.50%",
            "8.74%",
            "Since Inception CAGR %",
            "8.28%",
            "9.48%",
            "9.05%",
            "9.48%",
            "Current Value of investment if",
            "10000/- was invested on",
            "Inception date (in",
            ")",
            "12686",
            "13112",
            "12960",
            "13112",
            "Current Value of Investment if 10000/- was invested 1 year",
            "10774",
            "10877",
            "10852",
            "10877",
            "ago",
            "*In case, the start date or the end date of the concerned period is a non-business day, the NAV of the previous business day is considered for computation of returns. Past performance may or may not",
            "be sustained in future. The Direct Plan has a lower expense ratio as compared to the Regular/ Other than Direct Plan to the extent of distribution expenses, commission, etc. and no commission or",
            "distribution expenses for distribution of Units or distribution expenses are paid / charged under the Direct Plan. Standard TRIs prescribed are as per the applicable circular by SEBI. The performance of",
            "the Scheme is TRIed to the Total Return variant of the Index TRI. @- TRI .",
            ""
        ],
        "dummyxvjuqfkcxzzaypq": [
            ""
        ],
        "tracking_error": [
            "(Annualised as on January 31, 2025)",
            "Tracking Error",
            "Tracking Di\u00b7erence",
            "0.07%",
            "-0.38%",
            ""
        ],
        "net_asset_value_(nav)": [
            "as on January 31, 2025",
            "Scheme",
            "NAV (in )",
            "Direct Plan - Growth Option",
            "12.9598",
            "Regular Plan - Growth Option",
            "12.6864",
            ""
        ],
        "industry_allocation": [
            ""
        ],
        "equity_(%)": [
            "0",
            "20",
            "40",
            "60",
            "80",
            "100",
            "Equity",
            "100.28",
            "BANKS",
            "100.28%",
            "Navi Ni\u00b7y Bank",
            "Ni\u00b7y Bank",
            "Index Fund -",
            "TRI*@",
            "Direct Growth",
            ""
        ],
        "dummyxqygpiftdbkuuho": [
            ""
        ],
        "amc_name": "Navi AMC Limited",
        "main_scheme_name": "Navi Niy Bank  Index Fund",
        "monthly_aaum_date": "28FEBRUARY2025",
        "page_number": [
            8
        ],
        "mutual_fund_name": "Navi Mutual Fund"
    },
    "Navi Niy Midcap 150  Index Fund": {
        "investment_objective": [
            "The investment objective of the scheme is to achieve return equivalent to",
            "Ni\u00b7y Midcap 150 Index by investing in stocks of companies comprising",
            "Ni\u00b7y Midcap 150 Index, subject to tracking error. There is no assurance",
            "that the investment objective of the scheme will be achieved. .",
            ""
        ],
        "fund_manager": [
            "Mr. Aditya Mulki is managing this fund w.e.f. 18th March, 2022.",
            "Mr. Aditya Mulki manages 16 schemes of the concerned Mutual Fund",
            "Mr. Ashutosh Shirwaikaras a co fund manager is managing this fund",
            "w.e.f. 01st August, 2023",
            "Mr. Ashutosh Shirwaikar manages 14 number of schemes of the concerned Mutual Fund",
            ""
        ],
        "scheme_details": [
            "Inception Date (Date of Allotment):",
            "11th March, 2022",
            "Index:Ni\u00b7y Midcap 150 TRI",
            "Minimum Application Amount",
            "10/- and in multiples of",
            "1/- therea\u00b7er",
            "Load Structure: Exit Load : NIL",
            "Asset Allocation Pattern:",
            "Equity and equity related securities covered",
            "by Ni\u00b7y Midcap 150 Index : 95% to 100%",
            "Debt and Money Market Instruments: 0% to 5%",
            "FINANCIAL TECHNOLOGY (FINTECH)",
            "#",
            "Total Expense Ratio (TER) :",
            "Regular Plan: 1.00% | Direct Plan: 0.22%",
            "Portfolio Turnover Ratio (Times):",
            "0.42",
            "# - Above TER includes additional expenses but excludes GST. For TER",
            "inclusive of GST please refer to page no.",
            "28",
            "Expense structure for Direct & Regular Plan may vary.",
            ""
        ],
        "net_asset_value_(nav)": [
            "as on January 31, 2025",
            "Scheme",
            "NAV (in )",
            "Direct Plan - Growth Option",
            "18.7644",
            "Regular Plan - Growth Option",
            "18.2883",
            ""
        ],
        "fund_size": [
            "(as on January 31, 2025)",
            "AUM: 223.74 Crs | Monthly Average AUM:",
            "224.32 Crs",
            ""
        ],
        "tracking_error": [
            "(Annualised as on January 31, 2025)",
            "Tracking Error",
            "Tracking Di\u00b7erence",
            "0.24%",
            "-0.62%",
            ""
        ],
        "dummydxkflcfpsgpwnoy": [
            ""
        ],
        "industry_allocation": [
            ""
        ],
        "equity_(%)": [
            "0",
            "3",
            "5",
            "7",
            "Equity",
            "99.9",
            "AUTO COMPONENTS",
            "7.2",
            "INDUSTRIAL PRODUCTS",
            "6.9",
            "IT - SOFTWARE",
            "6.7",
            "BANKS",
            "6.7",
            "PHARMACEUTICALS &",
            "6.7",
            "BIOTECHNOLOGY",
            "6.02",
            "FINANCE",
            "4.2",
            "ELECTRICAL EQUIPMENT",
            "HEALTHCARE SERVICES",
            "4.1",
            "CHEMICALS & PETROCHEMICALS",
            "3.88",
            "CONSUMER DURABLES",
            "3.83",
            "CAPITAL MARKETS",
            "3.7",
            "REALTY",
            "3.4",
            "TELECOM - SERVICES",
            "2.98",
            "FERTILIZERS & AGROCHEMICALS",
            "2.9",
            "LEISURE SERVICES",
            "2.9",
            "2.5",
            "PERSONAL PRODUCTS",
            "1.9",
            "AGRICULTURAL FOOD & OTHER",
            "1.8",
            "PRODUCTS",
            "1.7",
            "INSURANCE",
            "1.",
            "FERROUS METALS",
            "1.",
            "CEMENT & CEMENT PRODUCTS",
            "1.4",
            "GAS",
            "AGRICULTURAL, COMMERCIAL &",
            "1.3",
            "CONSTRUCTION VEHICLES",
            "1.3",
            "POWER",
            "1.",
            "CONSTRUCTION",
            "1.",
            "TRANSPORT SERVICES",
            "1.",
            "INDUSTRIAL MANUFACTURING",
            "1.",
            "TEXTILES & APPARELS",
            "1.",
            "PETROLEUM PRODUCTS",
            "1.0",
            "RETAILING",
            "1.0",
            "TRANSPORT INFRASTRUCTURE",
            "0.84",
            "IT - SERVICES",
            "0.7",
            "OIL",
            "0.7",
            "MINERALS & MINING",
            "0.50",
            "BEVERAGES",
            "0.44",
            "DIVERSIFIED",
            "0.42",
            "NON - FERROUS METALS",
            "AEROSPACE & DEFENSE",
            "0.37",
            "ENTERTAINMENT",
            "0.1",
            ""
        ],
        "dummyqxyrdodguutqfyk": [
            ""
        ],
        "amc_name": "Navi AMC Limited",
        "main_scheme_name": "Navi Niy Midcap 150  Index Fund",
        "monthly_aaum_date": "28FEBRUARY2025",
        "page_number": [
            10
        ],
        "mutual_fund_name": "Navi Mutual Fund"
    },
    "Navi Niy India  Manufacturing Index Fund": {
        "investment_objective": [
            "The investment objective of the scheme is to achieve return equivalent to",
            "Ni\u00b7y India Manufacturing Index by investing in stocks of companies",
            "comprising Ni\u00b7y India Manufacturing Index, subject to tracking error. There",
            "is no assurance that the investment objective of the scheme will be",
            "achieved. .",
            ""
        ],
        "fund_manager": [
            "Mr. Aditya Mulki is managing this fund w.e.f. 29th August, 2022.",
            "Mr. Aditya Mulki manages 16 schemes of the concerned Mutual Fund",
            "Mr. Ashutosh Shirwaikaras a co fund manager is managing this fund",
            "w.e.f. 01st August, 2023",
            "Mr. Ashutosh Shirwaikar manages 14 number of schemes of the concerned Mutual Fund",
            ""
        ],
        "scheme_details": [
            "Inception Date (Date of Allotment):",
            "29th August, 2022",
            "Index:Ni\u00b7y India Manufacturing TRI",
            "Minimum Application Amount:",
            "10/- and in multiples of",
            "1/- therea\u00b7er",
            "Load Structure: Exit Load : NIL",
            "Asset Allocation Pattern:",
            "Equity & equity related securities covered by",
            "Ni\u00b7y India Manufacturing Index: 95% to 100%",
            "Debt & Money Market Instruments: 0% to 5%",
            "#",
            "Total Expense Ratio (TER) : Regular Plan: 1.00% | Direct Plan: 0.22%",
            "Portfolio Turnover Ratio (Times):",
            "0.49",
            "# - Above TER includes additional expenses but excludes GST. For TER",
            "inclusive of GST please refer to page no.",
            "28",
            "CHEMICALS & PETROCHEMICALS",
            "Expense structure for Direct & Regular Plan may vary.",
            ""
        ],
        "net_asset_value_(nav)": [
            "as on January 31, 2025",
            "Scheme",
            "NAV (in )",
            "Direct Plan - Growth Option",
            "16.0769",
            "Regular Plan - Growth Option",
            "15.7519",
            ""
        ],
        "fund_size": [
            "(as on January 31, 2025)",
            "AUM: 51.81 Crs | Monthly Average AUM:",
            "51.41 Crs",
            ""
        ],
        "tracking_error": [
            "PAPER, FOREST & JUTE PRODUCTS",
            "(Annualised as on January 31, 2025)",
            "Tracking Error",
            "Tracking Di\u00b7erence",
            "0.24%",
            "-0.57%",
            ""
        ],
        "dummycnujfxqvabrzjdl": [
            ""
        ],
        "industry_allocation": [
            ""
        ],
        "equity_(%)": [
            "0",
            "5",
            "10",
            "15",
            "20",
            "25",
            "Equity",
            "99.68%",
            "AUTOMOBILES",
            "22.91%",
            "PHARMACEUTICALS &",
            "15.74%",
            "BIOTECHNOLOGY",
            "8.57%",
            "PETROLEUM PRODUCTS",
            "7.36%",
            "AUTO COMPONENTS",
            "6.91%",
            "FERROUS METALS",
            "ELECTRICAL EQUIPMENT",
            "6.15%",
            "INDUSTRIAL PRODUCTS",
            "5.96%",
            "CONSUMER DURABLES",
            "5.01%",
            "AEROSPACE & DEFENSE",
            "5.01%",
            "4.52%",
            "NON - FERROUS METALS",
            "3.20%",
            "FERTILIZERS & AGROCHEMICALS",
            "2.44%",
            "DIVERSIFIED METALS",
            "2.22%",
            "AGRICULTURAL, COMMERCIAL &",
            "CONSTRUCTION VEHICLES",
            "1.21%",
            "TEXTILES & APPARELS",
            "1.11%",
            "INDUSTRIAL MANUFACTURING",
            "0.82%",
            "0.33%",
            "TELECOM - EQUIPMENT &",
            "0.21%",
            "ACCESSORIES",
            ""
        ],
        "dummyajctkhtsyxhwiof": [
            ""
        ],
        "amc_name": "Navi AMC Limited",
        "main_scheme_name": "Navi Niy India  Manufacturing Index Fund",
        "monthly_aaum_date": "28FEBRUARY2025",
        "page_number": [
            13
        ],
        "mutual_fund_name": "Navi Mutual Fund"
    },
    "Navi ELSS Tax Saver  Niy 50 Index Fund": {
        "investment_objective": [
            "The investment objective of the Scheme is to invest in companies whose",
            "securities are included in Ni\u00b7y 50 Index (the Index) and to endeavour to",
            "achieve the returns of the index, though subject to tracking error.",
            "Investment in this scheme would be subject to statutory lock-in period",
            "of 3 years from the date of allotment to be eligible for income tax bene\u00b7t",
            "under section 80 C. There is no assurance that the investment",
            "objective of the Scheme will be realized.",
            ""
        ],
        "fund_manager": [
            "Mr. Aditya Mulki is managing this fund w.e.f.20th March, 2023",
            "Mr. Aditya Mulki manages 16 schemes of the concerned Mutual Fund",
            "Mr. Ashutosh Shirwaikaras a co fund manager is managing this fund",
            "w.e.f. 01st August, 2023",
            "Mr. Ashutosh Shirwaikar manages 14 number of schemes of the concerned Mutual Fund",
            ""
        ],
        "scheme_details": [
            "Inception Date (Date of Allotment):",
            "20th March, 2023",
            "Index: Ni\u00b7y 50 TRI",
            "Minimum Application Amount:",
            "500/- and in multiples of",
            "500/- therea\u00b7er",
            "Load Structure:",
            "Exit Load : NIL",
            "Asset Allocation Pattern:",
            "Equity & equity related securities covered by",
            "Ni\u00b7y 50 Index: 95% to 100%",
            "Debt & Money Market Instruments: 0% to 5%",
            "#",
            "Total Expense Ratio (TER) :",
            "Regular Plan: 1.00% | Direct Plan: 0.10%",
            "# - Above TER includes additional expenses but excludes GST. For TER",
            "inclusive of GST please refer to page no.",
            "28",
            "Portfolio Turnover Ratio (Times):",
            "0.06",
            "Expense structure for Direct & Regular Plan may vary.",
            ""
        ],
        "net_asset_value_(nav)": [
            "as on January 31, 2025",
            "Scheme",
            "NAV (in )",
            "Direct Plan - Dividend Option",
            "14.0789",
            "Direct Plan - Growth Option",
            "14.0722",
            "Regular Plan - Dividend Option",
            "13.8559",
            "Regular Plan - Growth Option",
            "13.8012",
            ""
        ],
        "fund_size": [
            "(as on January 31, 2025)",
            "AUM: 79.37 Crs | Monthly Average AUM:",
            "77.03 Crs",
            ""
        ],
        "tracking_error": [
            "(Annualised as on January 31, 2025)",
            "Tracking Error",
            "Tracking Di\u00b7erence",
            "0.O5%",
            "-0.38%",
            ""
        ],
        "dummybdcawiweubwqspm": [
            ""
        ],
        "industry_allocation": [
            ""
        ],
        "equity_(%)": [
            "0",
            "10",
            "20",
            "30",
            "40",
            "100.03",
            "BANKS",
            "29.38%",
            "IT - SOFTWARE",
            "13.98%",
            "PETROLEUM PRODUCTS",
            "8.62%",
            "AUTOMOBILES",
            "7.61%",
            "DIVERSIFIED FMCG",
            "6.02%",
            "TELECOM - SERVICES",
            "4.13%",
            "CONSTRUCTION",
            "3.98%",
            "FINANCE",
            "3.71%",
            "PHARMACEUTICALS &",
            "3.25%",
            "BIOTECHNOLOGY",
            "2.75%",
            "POWER",
            "2.36%",
            "CONSUMER DURABLES",
            "2.12%",
            "CEMENT & CEMENT PRODUCTS",
            "FERROUS METALS",
            "1.92%",
            "FOOD PRODUCTS",
            "1.35%",
            "INSURANCE",
            "1.28%",
            "RETAILING",
            "1.21%",
            "AEROSPACE & DEFENSE",
            "0.99%",
            "OIL",
            "0.97%",
            "CONSUMABLE FUELS",
            "0.85%",
            "NON - FERROUS METALS",
            "0.82%",
            "TRANSPORT INFRASTRUCTURE",
            "0.77%",
            "HEALTHCARE SERVICES",
            "0.65%",
            "AGRICULTURAL FOOD & OTHER",
            "0.63%",
            "PRODUCTS",
            "0.54%",
            "METALS & MINERALS TRADING",
            "0.14%",
            "LEISURE SERVICES",
            ""
        ],
        "dummyvrprkragyjcicjt": [
            ""
        ],
        "amc_name": "Navi AMC Limited",
        "main_scheme_name": "Navi ELSS Tax Saver  Niy 50 Index Fund",
        "monthly_aaum_date": "28FEBRUARY2025",
        "page_number": [
            16
        ],
        "mutual_fund_name": "Navi Mutual Fund"
    },
    "Navi BSE Sensex  Index Fund": {
        "investment_objective": [
            "The investment objective of the Scheme is to generate returns that are",
            "commensurate with the performance of the BSE SENSEX Index,",
            "subject to tracking errors. There is no assurance that the investment",
            "objective of the Scheme will be achieved.",
            ""
        ],
        "fund_manager": [
            "Mr. Aditya Mulki is managing this fund w.e.f.04th September, 2023",
            "Mr. Aditya Mulki manages 16 schemes of the concerned Mutual Fund",
            "Mr. Ashutosh Shirwaikaras a co fund manager is managing this fund",
            "w.e.f. 04th September, 2023",
            "Mr. Ashutosh Shirwaikar manages 14 number of schemes of the concerned Mutual Fund",
            ""
        ],
        "scheme_details": [
            "Inception Date (Date of Allotment):",
            "04th September, 2023",
            "Index: BSE SENSEX TRI",
            "Minimum Application Amount:",
            "10/- and in multiples of",
            "1/- therea\u00b7er",
            "Load Structure:",
            "Exit Load : NIL",
            "Asset Allocation Pattern:",
            "Equity and Equity related securities of",
            "companies constituting the underlying index i.e. BSE Sensex",
            "Index:- 95% to 100%",
            "Debt and Money Market instruments: 0% to 5%",
            "#",
            "Total Expense Ratio (TER) :",
            "Regular Plan: 0.90% | Direct Plan: 0.14%",
            "# - Above TER includes additional expenses but excludes GST. For TER",
            "inclusive of GST please refer to page no. 29",
            "Portfolio Turnover Ratio (Times):",
            "0.35",
            "Expense structure for Direct & Regular Plan may vary.",
            "Scheme",
            "NAV (in )",
            ""
        ],
        "net_asset_value_(nav)": [
            "as on January 31, 2025",
            "Direct Plan - Growth Option",
            "11.9091",
            "Regular Plan - Growth Option",
            "11.7818",
            ""
        ],
        "fund_size": [
            "(as on January 31, 2025)",
            "AUM: 15.02 Crs | Monthly Average AUM:",
            "14.70 Crs",
            ""
        ],
        "tracking_error": [
            "(Annualised as on January 31, 2025)",
            "Tracking Error",
            "Tracking Di\u00b7erence",
            "0.12%",
            "-0.32%",
            ""
        ],
        "dummyhvixmcltolgdgtf": [
            ""
        ],
        "industry_allocation": [
            ""
        ],
        "equity_(%)": [
            "0",
            "10",
            "20",
            "30",
            "40",
            "Equity",
            "99.77",
            "BANKS",
            "34.29%",
            "IT - SOFTWARE",
            "15.36%",
            "PETROLEUM PRODUCTS",
            "9.46%",
            "DIVERSIFIED FMCG",
            "7.04%",
            "AUTOMOBILES",
            "6.40%",
            "TELECOM - SERVICES",
            "4.85%",
            "4.62%",
            "CONSTRUCTION",
            "3.48%",
            "FINANCE",
            "3.24%",
            "POWER",
            "2.76%",
            "CONSUMER DURABLES",
            "PHARMACEUTICALS &",
            "2.11%",
            "BIOTECHNOLOGY",
            "1.67%",
            "RETAILING",
            "1.44%",
            "CEMENT & CEMENT PRODUCTS",
            "1.23%",
            "FERROUS METALS",
            "FOOD PRODUCTS",
            "0.92%",
            "TRANSPORT INFRASTRUCTURE",
            "0.90%",
            ""
        ],
        "dummygmhpzjgvfidkiec": [
            ""
        ],
        "amc_name": "Navi AMC Limited",
        "main_scheme_name": "Navi BSE Sensex  Index Fund",
        "monthly_aaum_date": "28FEBRUARY2025",
        "page_number": [
            18
        ],
        "mutual_fund_name": "Navi Mutual Fund"
    },
    "Navi Niy IT Index Fund": {
        "investment_objective": [
            "The investment objective of the scheme is to achieve return equivalent",
            "to Ni\u00b7y IT Index by investing in stocks of companies comprising Ni\u00b7y",
            "IT Index, subject to tracking error. There is no assurance",
            "that the investment objective of the Scheme will be achieved.",
            ""
        ],
        "fund_manager": [
            "Mr. Aditya Mulkiis managing this fund w.e.f. 11th March, 2024.",
            "Mr. Aditya Mulki manages 16 schemes of the concerned Mutual Fund",
            "Mr. Ashutosh Shirwaikaras a co fund manager is managing this fund",
            "w.e.f. 11th March, 2024",
            "Mr. Ashutosh Shirwaikar manages 14 number of schemes of the concerned Mutual Fund",
            ""
        ],
        "scheme_details": [
            "Inception Date (Date of Allotment):",
            "11th March, 2024",
            "Index:Ni\u00b7y IT TRI",
            "Minimum Application Amount:",
            "10/- and in multiples of",
            "1/- therea\u00b7er",
            "Load Structure: Exit Load : NIL",
            "Asset Allocation Pattern:",
            "Equity & equity related securities covered by",
            "Ni\u00b7y IT Index: 95% to 100%",
            "Debt & Money Market Instruments: 0% to 5%",
            "#",
            "Total Expense Ratio (TER) :",
            "Regular Plan: 1.00% | Direct Plan:0.22%",
            "# - Above TER includes additional expenses but excludes GST. For TER",
            "inclusive of GST please refer to page no. 29",
            "Expense structure for Direct & Regular Plan may vary.",
            "Portfolio Turnover Ratio (Times)",
            ": 0.76",
            "Expense structure for Direct & Regular Plan may vary.",
            ""
        ],
        "net_asset_value_(nav)": [
            "as on January 31, 2025",
            "Scheme",
            "NAV (in )",
            "Direct Plan - Growth Option",
            "12.3955",
            "Regular Plan - Growth Option",
            "12.3135",
            ""
        ],
        "fund_size": [
            "(as on January 31, 2025)",
            "AUM: 15.20 Crs | Monthly Average AUM:",
            "15.08 Crs",
            ""
        ],
        "tracking_error": [
            "(Annualised as on January 31, 2025)",
            "Tracking Error",
            "Tracking Di\u00b7erence",
            "0.11%",
            "-0.88",
            ""
        ],
        "this_product_is_suitable_for_investors_who_are_see": [
            "Capital appreciation over the long term.",
            "Scheme Riskometer",
            "Equity and equity related securities covered by Ni\u00b7y IT Index",
            "Moderate Risk",
            "Moderately High Risk",
            "Return that corresponds to the performance of Ni\u00b7y IT index, subject to",
            "tracking error.",
            "Low to Moderate Risk",
            "High Risk",
            "Low Risk",
            "Very High Risk",
            "^",
            "Investors should consult their \u00b7nancial advisers if in doubt about whether",
            "the product is suitable for them.",
            "RISKOMETER",
            "Scheme",
            "The risk of the scheme/benchmark",
            "is Very High",
            ""
        ],
        "dummyvlwkkcsorptgead": [
            ""
        ],
        "industry_allocation": [
            ""
        ],
        "equity_(%)": [
            "0",
            "20",
            "40",
            "60",
            "80",
            "100",
            "Equity",
            "99.0",
            "IT - SOFTWARE",
            "97.73",
            "IT - SERVICES",
            "1.36",
            "Portfolio Holdings",
            "Sector",
            "% of N",
            "EQUITY SHARES",
            "9",
            "INFOSYS LIMITED",
            "IT - SOFTWARE",
            "2",
            "TATA CONSULTANCY SERVICES LIMITED",
            "IT - SOFTWARE",
            "2",
            "HCL TECHNOLOGIES LIMITED",
            "IT - SOFTWARE",
            "1",
            "TECH MAHINDRA LIMITED",
            "IT - SOFTWARE",
            "9",
            "WIPRO LIMITED",
            "IT - SOFTWARE",
            "8",
            "PERSISTENT SYSTEMS LTD",
            "IT - SOFTWARE",
            "COFORGE LIMITED",
            "IT - SOFTWARE",
            "LTIMINDTREE LTD",
            "IT - SOFTWARE",
            "4",
            "MPHASIS LIMITED",
            "IT - SOFTWARE",
            "2",
            "L&T TECHNOLOGY SERVICES LTD",
            "IT - SERVICES",
            "TREPS (including TBILL held as Collateral)/",
            "Reverse Repo/Net Current Assets/Cash/Cash Equivalent",
            "0",
            "Total",
            "10",
            "Note: \u00b7The simple annualized returns shall be provided once the scheme has completed 6 months\u00b7.",
            "As per AMFI Tier I benchmark",
            "Nifty IT TRI",
            "Moderate Risk",
            "Moderately High Risk",
            "Low to Moderate Risk",
            "High Risk",
            "Low Risk",
            "Very High Risk",
            "RISKOMETER",
            "Scheme",
            "The risk of the scheme/benchmark",
            "is Very High",
            ""
        ],
        "dummyttqfjbhttbseqtu": [
            ""
        ],
        "amc_name": "Navi AMC Limited",
        "main_scheme_name": "Navi Niy IT Index Fund",
        "monthly_aaum_date": "28FEBRUARY2025",
        "page_number": [
            20
        ],
        "mutual_fund_name": "Navi Mutual Fund"
    },
    "Navi Niy 500 Multicap 5025 Index Fund": {
        "investment_objective": [
            "The investment objective of the scheme is to achieve return equivalent",
            "to Ni\u00b7y 500 Multicap 50:25:25 Index by investing in stocks of companies",
            "comprising Ni\u00b7y 500 Multicap 50:25:25 Index, subject to tracking error.",
            "There is no assurance that the investment objective of the Scheme will",
            "be achieved.",
            ""
        ],
        "fund_manager": [
            "Mr. Aditya Mulkiis managing this fund w.e.f. 1st August 2024.",
            "Mr. Aditya Mulki manages 16 schemes of the concerned Mutual Fund",
            "Mr. Ashutosh Shirwaikaras a co fund manager is managing this fund",
            "w.e.f. 1st August 2024.",
            "Mr. Ashutosh Shirwaikar manages 14 number of schemes of the concerned Mutual Fund",
            ""
        ],
        "scheme_details": [
            "Inception Date (Date of Allotment):",
            "1st August 2024.",
            "Index:Ni\u00b7y 500 Multicap 50:25:25 TRI",
            "Minimum Application Amount:",
            "10/- and in multiples of",
            "1/- therea\u00b7er",
            "Load Structure: Exit Load : NIL",
            "Asset Allocation Pattern:",
            "Equity & equity related securities covered by",
            "Ni\u00b7y 500 Multicap 50:25:25 Index Index: 95% to 100%",
            "Debt & Money Market Instruments: 0% to 5%",
            "#",
            "Total Expense Ratio (TER) :",
            "Regular Plan: 0.99% | Direct Plan:0.25%",
            "# - Above TER includes additional expenses but excludes GST. For TER",
            "inclusive of GST please refer to page no. 29",
            "Expense structure for Direct & Regular Plan may vary.",
            "Portfolio Turnover Ratio (Times)",
            ": 0.25",
            "Expense structure for Direct & Regular Plan may vary.",
            ""
        ],
        "net_asset_value_(nav)": [
            "as on January 31, 2025",
            "Scheme",
            "NAV (in )",
            "Direct Plan - Growth Option",
            "9.2140",
            "Regular Plan - Growth Option",
            "9.1797",
            ""
        ],
        "fund_size": [
            "(as on January 31, 2025)",
            "AUM: 21.81 Crs | Monthly Average AUM:",
            "20.44 Crs",
            ""
        ],
        "tracking_error": [
            "TELECOM - EQUIPMENT & ACCESSORIES",
            "(Annualised as on January 31, 2025)",
            "Tracking Error",
            "Tracking Di\u00b7erence",
            "0.24%",
            "-0.54%",
            ""
        ],
        "dummyricbuuozpcoilep": [
            ""
        ],
        "industry_allocation": [
            ""
        ],
        "equity_(%)": [
            "0",
            "03",
            "06",
            "09",
            "12",
            "15",
            "Equity",
            "98.6",
            "BANKS",
            "15.3",
            "IT - SOFTWARE",
            "8.56",
            "FINANCE",
            "6.1",
            "PHARMACEUTICALS & BIOTECHNOLOGY",
            "5.59",
            "PETROLEUM PRODUCTS",
            "4.2",
            "CONSUMER DURABLES",
            "3.53",
            "AUTOMOBILES",
            "3.4",
            "CAPITAL MARKETS",
            "3.1",
            "INDUSTRIAL PRODUCTS",
            "3.09",
            "CONSTRUCTION",
            "3.04",
            "AUTO COMPONENTS",
            "2.90",
            "TELECOM - SERVICES",
            "2.7",
            "POWER",
            "2.5",
            "DIVERSIFIED FMCG",
            "2.5",
            "CHEMICALS & PETROCHEMICALS",
            "2.4",
            "ELECTRICAL EQUIPMENT",
            "2.20",
            "HEALTHCARE SERVICES",
            "2.1",
            "RETAILING",
            "2.06",
            "CEMENT & CEMENT PRODUCTS",
            "1.8",
            "REALTY",
            "1.7",
            "LEISURE SERVICES",
            "1.5",
            "INSURANCE",
            "1.3",
            "FERROUS METALS",
            "1.3",
            "FERTILIZERS & AGROCHEMICALS",
            "1.0",
            "INDUSTRIAL MANUFACTURING",
            "0.96",
            "AEROSPACE & DEFENSE",
            "0.96",
            "GAS",
            "0.96",
            "AGRICULTURAL FOOD & OTHER",
            "PRODUCTS",
            "0.94",
            "PERSONAL PRODUCTS",
            "0.90",
            "TRANSPORT SERVICES",
            "0.87",
            "BEVERAGES",
            "0.8",
            "NON - FERROUS METALS",
            "0.78",
            "FOOD PRODUCTS",
            "0.76",
            "TRANSPORT INFRASTRUCTURE",
            "0.63",
            "FINANCIAL TECHNOLOGY (FINTECH)",
            "0.63",
            "OIL",
            "0.57",
            "IT - SERVICES",
            "0.53",
            "AGRICULTURAL, COMMERCIAL &",
            "CONSTRUCTION VEHICLES",
            "0.50",
            "TEXTILES & APPARELS",
            "0.48",
            "COMMERCIAL SERVICES & SUPPLIES",
            "0.45",
            "ENTERTAINMENT",
            "0.37",
            "CONSUMABLE FUELS",
            "0.36",
            "DIVERSIFIED METALS",
            "0.30",
            "METALS & MINERALS TRADING",
            "0.23",
            "DIVERSIFIED",
            "0.2",
            "MINERALS & MINING",
            "0.2",
            "PAPER, FOREST & JUTE PRODUCTS",
            "0.1",
            "0.1",
            "HOUSEHOLD PRODUCTS",
            "0.1",
            "HEALTHCARE EQUIPMENT & SUPPLIES",
            "0.1",
            "CIGARETTES & TOBACCO PRODUCTS",
            "0.08",
            ""
        ],
        "dummyszxalwvuhexaspe": [
            ""
        ],
        "amc_name": "Navi AMC Limited",
        "main_scheme_name": "Navi Niy 500 Multicap 5025 Index Fund",
        "monthly_aaum_date": "28FEBRUARY2025",
        "page_number": [
            22
        ],
        "mutual_fund_name": "Navi Mutual Fund"
    }
}