{
    "SHRIRAM AGGRESSIVE HYBRID FUND": {
        "before.about_the_fund": "29 November 2013",
        "before.fund_managers": [
            {
                "managing_fund_since": "August 20, 2022",
                "name": "Deepak Ramaraju",
                "qualification": "",
                "total_exp": "21 Years"
            },
            {
                "managing_fund_since": "November 15, 2016",
                "name": "Gargi Bhattacharyya Banerjee",
                "qualification": "",
                "total_exp": "22 Years"
            },
            {
                "managing_fund_since": "October 03, 2024",
                "name": "Sudip Suresh More",
                "qualification": "",
                "total_exp": "19 Years"
            }
        ],
        "before.investment_objective": "The investment objective of the Scheme would be to In generate long term Capital appreciation and current H income with reduced volatility by investing in a judicious H mix of a diversified portfolio of equity and equity related TV investments, debt and money market instruments. There is no assurance that the investment objective of the Scheme will be achieved. C IT",
        "before.type_of_scheme": "Ta An open ended hybrid scheme investing predominantly H in Equity and Equity related instruments. Ta PN PlansOptions Available D Bh Direct Plan NAV (Rs.) UT Growth Option 32.0756 BS IDCW Option 25.3376 H M Regular Plan NAV (Rs.) M Growth Option 28.2127 To IDCW Option 22.5575 H D The IDCW Option offers IDCW Payout and Reinvestment Fo facilities. U Income Distribution cum Capital Withdrawal option D Other Details Ji O Monthly Average AUM Net AUM C 45.36 Cr. 43.69 Cr. N Pa Expense Ratio (Including GST) BE Regular Direct Pr 2.40 0.85 C Pr PB Annual Portfolio Turnover Ratio (Equity) 373.3 Pe Loads Exit Load If redeemed  switchedout within 90 days from the date of allotment Upto 12 of units Nil More than 12 of units 1 of applicable Net Asset Value (NAV) If redeemedswitchedout after 90 days from the date of allotment Nil NI Minimum Investment Lump sum Minimum Application AmountMinimum Additional Purchase Amount Switchin Amount Rs. 500 and in multiples of Re. 1thereafter. SIPThe facility can be exercised on WeeklyFortnightlyMonthly Quarterly Any date of every month (between 1st  28th) i) Rs. 500 and in multiples of Re. 1thereafter for minimum 24 installments ii) Rs. 1000and in multiples of Re. 1thereafter for minimum 12 installments To Fe Mutual Fund investments are su",
        "before.other_details": "Ji O Monthly",
        "before.average_aum": "45.36 Cr",
        "before.expense_ratio": "(Including GST) BE Regular Direct Pr 2.40 0.85 C Pr PB",
        "before.annual_portfolio_turnover_ratio": "373.3",
        "before.benchmark": "CRISIL Hybrid 3565Aggressive Index",
        "before.loads": {
            "entry_load": "",
            "exit_load": "If redeemed  switchedout within 90 days from the date of allotment Upto 12 of units Nil More than 12 of units 1 of applicable Net Asset Value (NAV) If redeemedswitchedout after 90 days from the date of allotment Nil NI"
        },
        "before.minimum_investment": {
            "amt": "500",
            "thraftr": "1"
        },
        "company__to_nav": [
            ""
        ],
        "_to_nav": [
            ""
        ],
        "derivative": [
            "HDFC Bank Ltd.",
            "4.12",
            "-1.09",
            "ICICI Bank Ltd.",
            "4.11",
            "Bharti Airtel Ltd.",
            "2.86",
            "Eicher Motors Ltd.",
            "2.51",
            "Mahindra & Mahindra Ltd.",
            "2.43",
            "-1.04",
            "Zomato Ltd.",
            "2.12",
            "Bajaj Holdings & Investment Ltd.",
            "2.12",
            "Sun Pharmaceutical Industries Ltd.",
            "2.07",
            "D",
            "Dixon Technologies (India) Ltd.",
            "2.02",
            "Wipro Ltd.",
            "2.00",
            "-0.96",
            "Marico Ltd.",
            "1.83",
            "Pidilite Industries Ltd.",
            "1.82",
            "Persistent Systems Ltd.",
            "1.82",
            "The Federal Bank Ltd.",
            "1.69",
            "Maruti Suzuki India Ltd.",
            "1.64",
            "InterGlobe Aviation Ltd.",
            "1.64",
            "The Indian Hotels Company Ltd.",
            "1.64",
            "Info Edge (India) Ltd.",
            "1.60",
            "Hindustan Unilever Ltd.",
            "1.50",
            "Havells India Ltd.",
            "1.50",
            "-0.98",
            "TVS Motor Company Ltd.",
            "1.43",
            "State Bank of India",
            "1.42",
            "Coromandel International Ltd.",
            "1.41",
            "ITC Ltd.",
            "1.38",
            "Tata Consultancy Services Ltd.",
            "1.36",
            "Hindustan Construction Company Ltd.",
            "0.99",
            "Tata Investment Corporation Ltd.",
            "0.97",
            "PNB Housing Finance Ltd.",
            "0.96",
            "Divi's Laboratories Ltd.",
            "0.96",
            "Bharat Electronics Ltd.",
            "0.94",
            "UTI Asset Management Company Ltd.",
            "0.90",
            "BSE Ltd.",
            "0.85",
            "Hindustan Aeronautics Ltd.",
            "0.78",
            "Max Financial Services Ltd.",
            "0.75",
            "Muthoot Finance Ltd.",
            "0.73",
            "Torrent Pharmaceuticals Ltd.",
            "0.54",
            "Hitachi Energy India Ltd.",
            "0.52",
            "Dabur India Ltd.",
            "0.50",
            "Fortis Healthcare Ltd.",
            "0.49",
            "United Breweries Ltd.",
            "0.49",
            "DLF Ltd.",
            "0.44",
            "Jio Financial Services Ltd.",
            "0.43",
            "One 97 Communications Ltd.",
            "0.43",
            "City Union Bank Ltd.",
            "0.42",
            "Narayana Hrudayalaya ltd.",
            "0.40",
            "Page Industries Ltd.",
            "0.37",
            "BEML Ltd.",
            "0.34",
            "Procter & Gamble Hygiene&HealthCare Ltd.",
            "0.31",
            "Central Depository Services (I) Ltd.",
            "0.23",
            "Premier Energies Ltd.",
            "0.22",
            "PB Fintech Ltd.",
            "0.03",
            "Petronet LNG Ltd.",
            "0.01",
            "A",
            ""
        ],
        "407_equity_total_6504": [
            "Derivative Portfolio (Other than hedge)",
            "NIFTY MIDCAP",
            "(1.18)",
            "Futures Total",
            "-1.18",
            "Agr",
            "Options Total",
            "0.00",
            "Total Exposure to derivatives instruments as on",
            "February 28, 2025: Rs. 229.86 Lakhs.",
            "Mutual Fund investments are subject to market risks read all scheme re",
            ""
        ],
        "dummyvmldeakineneosy.benchmark": "Returns  11.88 Additional Benchmark Returns  12.81 CRISIL Hybrid 3565  Aggressive Index is the Scheme Benchmark. NIFTY 50 TRI Past Performance may or may not be sustained in future. Note For compu structure. The reference and details provided here in are of Regular Plan  Gr the performance of other funds managed by the same fund managers plea The scheme is being currently managed by Mr. Deepak Ramaraju with effe October 3, 2024. Mutual Fund investments are su",
        "dummyvmldeakineneosy.quantitative_data": {
            "Standard Deviation": "10.94",
            "Portfolio Beta": "1.03",
            "Sharpe Ratio": "0.20",
            "Information Ratio": "0.44",
            "Average Maturity": "4.11 years",
            "Modified Duration": "3.33 years",
            "Macaulay Duration": "3.49 years",
            "Yield to Maturity": "7.36"
        },
        "record_face_value_idcw": [
            ""
        ],
        "date_rs_rsunit": [
            ""
        ],
        "nav": [
            "Computed for the 3-year period ended February 28, 2025 based on month-end NAV (regular growth).",
            "19-Mar-14",
            "10.00",
            "10.4657",
            "0.25",
            "27-Oct-14",
            "10.00",
            "11.9236",
            "1.05",
            "14-Nov-15",
            "10.00",
            "11.4100",
            "1.15",
            "Past Performance may or may not be sustained in the future. There",
            "distribution nor is there a guarantee that the IDCW will be paid regularly",
            "the per Unit NAV falls to the extent of the payout and statutory levy, if an",
            "Regular Plan - Growth Option",
            "as on February 28, 2025 |",
            "NAV as on Februa",
            "Additional",
            "Scheme",
            "Benchmark",
            "Scheme",
            "Benchmark",
            "(NIFTY50 TRI)",
            "Returns (%)",
            "Returns (%)",
            "Returns (%)",
            "Schem",
            "-3.89",
            "3.30",
            "1.89",
            "9,611",
            "8.61",
            "10.50",
            "10.92",
            "12,81",
            "10.61",
            "14.07",
            "15.95",
            "16,56",
            "7.71",
            "10.73",
            "10.89",
            "21,03",
            "9.65",
            "12.72",
            "13.36",
            "28,21",
            "Direct Plan - Growth Option",
            "as on February 28, 2025 |",
            "NAV as on Febru",
            "Additional",
            "Scheme",
            "Benchmark",
            "Scheme",
            "Benchmark",
            "(NIFTY50 TRI)",
            "Returns (%)",
            "Returns (%)",
            "Returns (%)",
            "Schem",
            "-2.31",
            "3.30",
            "1.89",
            "9,76",
            "10.35",
            "10.50",
            "10.92",
            "13,44",
            "12.35",
            "14.07",
            "15.95",
            "17,90",
            "9.03",
            "10.73",
            "10.89",
            "23,75",
            "10.91",
            "12.72",
            "13.36",
            "32,07",
            "CRISIL Hybrid 35+65 \u00b7 Aggressive Index is the scheme benchmark. As per SEBI circular no. SEBI/HO/IMD/IMD-PoD-1/P/CIR/2024/90 dated June 27, 2024, the",
            "variant of the Index. The returns are Compounded Annual Growth Returns (CAGR) for the past 1 year, 3 years, 5 years, 10 years & since inception and absolu",
            "expense structure. The performance details provided herein are of Regular Plan-Growth Option & Direct Plan-Growth Option. Performance of Income Distribu",
            "distribution tax, if any. For computation of return since inception (%) the allotment NAV has been taken as Rs. 10.00. Point-to-point returns on a standard inve",
            "Load is not considered for computation of returns. In case, the start/end date of the concerned pe",
            "considered for computation of returns. The NAV per unit shown in the table is as on the start date of the said period. The scheme is being currently manag",
            "Gargi Bhattacharyya Banerjee with effect from November 15, 2016 along with Mr. Sudip More with effect from October 3, 2024.",
            "SIP Performance",
            "10 Years",
            "5 Years",
            "3 Years",
            "2 Y",
            "1,200,000",
            "600,000",
            "360,000",
            "240",
            "1,891,438",
            "746,868",
            "392,745",
            "243",
            "8.81%",
            "8.70%",
            "5.74%",
            "1.5",
            "11.85%",
            "11.69%",
            "9.18%",
            "6.",
            "12.99%",
            "13.08%",
            "8.74%",
            "5.",
            "Past Performance may or may not be sustained in future. Note: For computation of since inception returns (%) the allotment NAV has been taken as Rs. 1",
            "structure. The reference and details provided here in are of Regular Plan - Growth Option &The SIP returns are calculated by XIRR approach assuming investm",
            "the performance of other funds managed by the same fund managers please refer AMC website www.shriramamc.in",
            "The scheme is being currently managed by Mr. Deepak Ramaraju with effect from August 20, 2022, Ms. Gargi Bhattacharyya Banerjee with effect from No",
            "Mutual Fund investments are subject to market risks read all scheme re",
            ""
        ],
        "amc_name": "Shriram Asset Management Company Limited",
        "main_scheme_name": "SHRIRAM AGGRESSIVE HYBRID FUND",
        "monthly_aaum_date": "31MARCH2025",
        "page_number": [
            6,
            7
        ],
        "mutual_fund_name": "Shriram Mutual fund"
    },
    "SHRIRAM FLEXI CAP FUND": {
        "before.about_the_fund": "28 September 2018",
        "before.fund_managers": [
            {
                "managing_fund_since": "August 20, 2022",
                "name": "Deepak Ramaraju",
                "qualification": "",
                "total_exp": "21 Years"
            },
            {
                "managing_fund_since": "September 28, 2018",
                "name": "Gargi Bhattacharyya Banerjee",
                "qualification": "",
                "total_exp": "22 Years"
            },
            {
                "managing_fund_since": "October 03, 2024",
                "name": "Sudip Suresh More",
                "qualification": "",
                "total_exp": "19 Years"
            }
        ],
        "before.investment_objective": "S M The primary investment objective of the scheme is to generate long term capital appreciation by investing in H an actively managed portfolio predominantly consisting C of Equity  equity related securities diversified over Z various sectors. However, there is no assurance or O guarantee that the investment objective of the Scheme will be achieved. The Scheme does not assure or guarantee any returns. D T",
        "before.type_of_scheme": "K An Open Ended Dynamic Equity Scheme Investing O Across Large Cap, Mid Cap, Small Cap Stocks. D L PlansOptions Available F G Direct Plan NAV (Rs.) C Growth Option 19.9654 C IDCW Option 19.7825 D B Regular Plan NAV (Rs.) B Growth Option 17.8015 T E IDCW Option 17.7976 The IDCW Option offers IDCW Payout and Reinvestment H facilities. H  Income Distribution cum Capital Withdrawal option D Other Details U C Monthly Average AUM Net AUM M 128.54 cr. 121.54 cr. B V Expense Ratio (Including GST) K Regular Direct 2.39 0.79 A H Annual Portfolio Turnover Ratio (Equity) 611.1 B H R Loads T Exit Load If redeemed  switchedout within A 90 days from the date of allotment T Upto 12 of units Nil More than 12 of units 1 of applicable Net S Asset Value (NAV) G If redeemedswitchedout after 90 days from the date of allotment Nil G Minimum Investment Lump sum Minimum Application AmountMinimum Additional Purchase Amount Switchin Amount Rs. 500 and in multiples of Re. 1 thereafter. SIPThe facility can be exercised on WeeklyFortnightlyMonthly Quarterly Any date of every month (between 1st  28th) i) Rs. 500 and in multiples of Re. 1thereafter for minimum 24 installments ii) Rs. 1000and in multiples of Re. 1thereafter for minimum  Le 12 installmentss Mutual Fund investments are su",
        "before.other_details": "U C Monthly",
        "before.average_aum": "128.54 cr",
        "before.expense_ratio": "(Including GST) K Regular Direct 2.39 0.79 A H",
        "before.annual_portfolio_turnover_ratio": "611.1",
        "before.benchmark": "NIFTY 500 TRI",
        "before.loads": {
            "entry_load": "",
            "exit_load": "If redeemed  switchedout within A 90 days from the date of allotment T Upto 12 of units Nil More than 12 of units 1 of applicable Net S Asset Value (NAV) G If redeemedswitchedout after 90 days from the date of allotment Nil G"
        },
        "before.minimum_investment": {
            "amt": "500",
            "thraftr": "1"
        },
        "company__to_nav": [
            ""
        ],
        "_to_nav": [
            ""
        ],
        "derivative": [
            "Bharti Airtel Ltd.",
            "5.69",
            "HDFC Bank Ltd.",
            "4.76",
            "ICICI Bank Ltd.",
            "4.73",
            "Bajaj Holdings & Investment Ltd.",
            "3.90",
            "Eicher Motors Ltd.",
            "3.81",
            "Sun Pharmaceutical Industries Ltd.",
            "3.80",
            "Mahindra & Mahindra Ltd.",
            "3.72",
            "Marico Ltd.",
            "3.45",
            "Maruti Suzuki India Ltd.",
            "3.05",
            "The Indian Hotels Company Ltd.",
            "2.99",
            "The Federal Bank Ltd.",
            "2.92",
            "To",
            "as",
            "Wipro Ltd.",
            "2.84",
            "Dixon Technologies (India) Ltd.",
            "2.53",
            "T",
            "TVS Motor Company Ltd.",
            "1.89",
            "Pidilite Industries Ltd.",
            "1.86",
            "State Bank of India",
            "1.84",
            "Muthoot Finance Ltd.",
            "1.81",
            "Havells India Ltd.",
            "1.78",
            "Coromandel International Ltd.",
            "1.76",
            "Zomato Ltd.",
            "1.60",
            "One 97 Communications Ltd.",
            "1.54",
            "Persistent Systems Ltd.",
            "1.53",
            "Divi's Laboratories Ltd.",
            "1.47",
            "Torrent Pharmaceuticals Ltd.",
            "1.43",
            "Krishna Inst of Medical Sciences Ltd.",
            "1.32",
            "Oracle Financial Services Software Ltd.",
            "1.15",
            "Dabur India Ltd.",
            "1.10",
            "Lloyds Metals And Energy Ltd.",
            "1.09",
            "Fortis Healthcare Ltd.",
            "1.07",
            "Gillette India Ltd.",
            "1.05",
            "Cholamandalam Investment & Finance",
            "1.04",
            "City Union Bank Ltd.",
            "1.03",
            "Doms Industries Ltd.",
            "1.03",
            "Bharat Electronics Ltd.",
            "1.00",
            "Bajaj Finance Ltd.",
            "0.98",
            "Tata Consumer Products Ltd.",
            "0.98",
            "Eris Lifesciences Ltd.",
            "0.97",
            "PNB Housing Finance Ltd.",
            "0.94",
            "Hindustan Construction Company Ltd.",
            "0.92",
            "Hindustan Aeronautics Ltd.",
            "0.89",
            "Dr. Lal Path Labs Ltd.",
            "0.87",
            "UTI Asset Management Company Ltd.",
            "0.86",
            "Coforge Ltd.",
            "0.85",
            "Mazagon Dock Shipbuilders Ltd.",
            "0.79",
            "BSE Ltd.",
            "0.76",
            "V-Guard Industries Ltd.",
            "0.75",
            "Kilburn Engineering Ltd.",
            "0.67",
            "Page Industries Ltd.",
            "0.67",
            "Aavas Financiers Ltd.",
            "0.58",
            "Himadri Speciality Chemical Ltd.",
            "0.52",
            "BEML Ltd.",
            "0.51",
            "Hitachi Energy India Ltd.",
            "0.46",
            "Rail Vikas Nigam Ltd.",
            "0.44",
            "Tata Investment Corporation Ltd.",
            "0.40",
            "Apeejay Surrendra Park Hotels Ltd.",
            "0.35",
            "Transformers And Rectifiers (India) Ltd.",
            "0.34",
            "Premier Energies Ltd.",
            "0.33",
            "Signatureglobal (India) Ltd.",
            "0.21",
            "Garden Reach Shipbuilders & Engineers",
            "0.21",
            "Godrej Agrovet Ltd.",
            "0.08",
            "Agr",
            "^ Less than 0.01%",
            ""
        ],
        "000_equity_total_9391": [
            "Mutual Fund investments are subject to market risks read all scheme re",
            ""
        ],
        "dummygqzqvpwgpxggwth.benchmark": "Returns  14.99 Additional Benchmark Returns  13.32 NIFTY 500 TRI is the scheme benchmark. NIFTY 50 TRI Past Performance may or may not be sustained in future. Note For computa reference and details provided here in are of Regular Plan  Growth Option  other funds managed by the same fund managers please refer AMC websit The scheme is currently managed by Mr. Deepak Ramaraju, effective from A",
        "dummygqzqvpwgpxggwth.quantitative_data": {
            "Standard Deviation": "15.55",
            "Portfolio Beta": "0.95",
            "Sharpe Ratio": "0.11",
            "Information Ratio": "0.65"
        },
        "dummykjrhcropbglyjha.benchmark": "Scheme Benchmark (NIFTY50 TRI) Returns () Returns () Returns () Schem 12.22 0.08 1.89 8,778 8.16 12.70 10.92 12,655 11.40 17.79 15.95 17,161 NA NA NA NA 9.39 14.09 12.91 17,802 Direct Plan  Growth Option as on February 28, 2025  NAV as on Febru Additional Scheme Benchmark Scheme Benchmark (NIFTY50 TRI) Returns () Returns () Returns () Schem 10.69 0.08 1.89 8,931 10.07 12.70 10.92 13,338 13.40 17.79 15.95 18,756 NA NA NA NA 11.36 14.09 12.91 19,965 NIFTY 500 TRI  is the scheme benchmark. As per SEBI circular no. SEBIHOIMDIMDPoD1PCIR202490 dated June 27, 2024, the performance of the scheme are Compounded Annual Growth Returns (CAGR) for the past 1 year, 3 years, 5 years  since inception and absolute return for less than 1 year. Different plans provided herein are of Regular PlanGrowth Option  Direct PlanGrowth Option. Performance of Income Distribution cum Capital Withdrawal (IDCW) optio return since inception () the allotment NAV has been taken as Rs. 10.00. Pointtopoint returns on a standard investment of Rs. 10,000. Load is not considered for computation of returns. In case, the startend date of the concerned p considered for computation of returns. The NAV per unit shown in the table is as on the start date of the said period. The scheme is currently managed b Bhattacharyya Banerjee, effective from September 28, 2018 and Mr. Sudip More effective from October 3, 2024. SIP Performance 10 Years 5 Years 3 Years 2 Y NA 600,000 360,000 24 NA 744,946 378,704 23 NA 8.60 3.32 3 NA 14.86 9.96 5 NA 13.08 8.74 5 Past Performance may or may not be sustained in future. Note For computation of since inception returns () the allotment NAV has been taken as Rs. 10. Di reference and details provided here in are of Regular Plan  Growth Option The SIP returns are calculated by XIRR approach assuming investment of Rs.10,0 other funds managed by the same fund managers please refer AMC website www.shriramamc.in The scheme is currently managed by Mr. Deepak Ramaraju, effective from August 20, 2022 Ms. Gargi Bhattacharyya Banerjee, effective from September 28,",
        "amc_name": "Shriram Asset Management Company Limited",
        "main_scheme_name": "SHRIRAM FLEXI CAP FUND",
        "monthly_aaum_date": "31MARCH2025",
        "page_number": [
            8,
            9
        ],
        "mutual_fund_name": "Shriram Mutual fund"
    },
    "SHRIRAM ELSS TAX SAVER FUND": {
        "before.about_the_fund": "25 January 2019",
        "before.fund_managers": [
            {
                "managing_fund_since": "August 20, 2022",
                "name": "Deepak Ramaraju",
                "qualification": "",
                "total_exp": "21 Years"
            },
            {
                "managing_fund_since": "January 25, 2019",
                "name": "Gargi Bhattacharyya Banerjee",
                "qualification": "",
                "total_exp": "22 Years"
            },
            {
                "managing_fund_since": "October 03, 2024",
                "name": "Sudip Suresh More",
                "qualification": "",
                "total_exp": "19 Years"
            }
        ],
        "before.investment_objective": "In Ha The primary investment objective of the Scheme is to In generate income and longterm capital appreciation Pe from a diversified portfolio of predominantly equity and TV equity related securities and enable investors to avail Zo the income tax rebate, as permitted from time to time. However, there is no assurance or guarantee that the Ta investment objective of the Scheme will be achieved. Di The Scheme does not assure or guarantee any returns. M Di",
        "before.type_of_scheme": "C C An open ended equity linked saving scheme with a statutory lock in of 3 years and tax benefit. Po Ra Kr PlansOptions Available M Direct Plan NAV (Rs.) O Growth Option 20.6814 To UT IDCW Option 20.5382 Ta Regular Plan NAV (Rs.) PN Bh Growth Option 18.5310 Llo IDCW Option 18.5371 Hi Ze The IDCW Option offers IDCW Payout facilities. Pa  Income Distribution cum Capital Withdrawal option Aa Hi Other Details G Monthly Average AUM Net AUM Da Do 47.10 Cr. 44.32 Cr. Fo Expense Ratio (Including GST) O Regular Direct Vi C 2.34 0.84 D Hi Annual Portfolio Turnover Ratio (Equity) 493.3 Er V G Si Loads Pr Exit Load  NIL Ap BS Minimum Investment Tr Lump sum M Minimum Application AmountMinimum Additional Purchase Amount Switchin Amount Rs. 500 and Pr in multiples of Rs. 500thereafter. Hi Ra SIPThe facility can be exercised on G WeeklyFortnightlyMonthlyQuarterly Any date of every month (between 1st  28th) i) Rs. 500 and in multiples of Rs. 500thereafter for minimum 24 installments ii) Rs. 1000and in multiples of Rs. 500thereafter for minimum 12 installments Mutual Fund investments are su",
        "before.other_details": "G Monthly",
        "before.average_aum": "47.10 Cr",
        "before.expense_ratio": "(Including GST) O Regular Direct Vi C 2.34 0.84 D Hi",
        "before.annual_portfolio_turnover_ratio": "493.3",
        "before.benchmark": "NIFTY 500 TRI",
        "before.loads": {
            "entry_load": "",
            "exit_load": "NIL Ap BS"
        },
        "before.minimum_investment": {
            "amt": "500",
            "thraftr": "500"
        },
        "company__to_nav": [
            ""
        ],
        "_to_nav": [
            ""
        ],
        "derivative": [
            "Bharti Airtel Ltd.",
            "4.78",
            "ICICI Bank Ltd.",
            "3.51",
            "Mahindra & Mahindra Ltd.",
            "3.44",
            "Bajaj Holdings & Investment Ltd.",
            "3.13",
            "Eicher Motors Ltd.",
            "3.12",
            "Sun Pharmaceutical Industries Ltd.",
            "3.06",
            "HDFC Bank Ltd.",
            "2.97",
            "To",
            "Marico Ltd.",
            "2.72",
            "as",
            "Bajaj Finance Ltd.",
            "2.69",
            "Pidilite Industries Ltd",
            "2.60",
            "T",
            "The Federal Bank Ltd.",
            "2.53",
            "Hindustan Unilever Ltd.",
            "2.52",
            "Maruti Suzuki India Ltd.",
            "2.43",
            "The Indian Hotels Company Ltd.",
            "2.41",
            "Wipro Ltd.",
            "2.28",
            "Infosys Ltd.",
            "2.28",
            "Havells India Ltd.",
            "2.25",
            "InterGlobe Aviation Ltd.",
            "2.22",
            "Persistent Systems Ltd.",
            "2.18",
            "TVS Motor Company Ltd.",
            "2.16",
            "Zomato Ltd.",
            "1.94",
            "Tata Consultancy Services Ltd.",
            "1.89",
            "Divi's Laboratories Ltd.",
            "1.55",
            "Muthoot Finance Ltd.",
            "1.44",
            "Dixon Technologies (India) Ltd.",
            "1.44",
            "Coromandel International Ltd.",
            "1.39",
            "Coforge Ltd.",
            "1.30",
            "Polycab India Ltd.",
            "1.28",
            "Radico Khaitan Ltd.",
            "1.26",
            "Krishna Inst of Medical Sciences Ltd.",
            "1.25",
            "Max Financial Services Ltd.",
            "1.24",
            "Oracle Financial Services Software Ltd.",
            "1.23",
            "Torrent Pharmaceuticals Ltd.",
            "1.13",
            "UTI Asset Management Company Ltd.",
            "1.10",
            "Tata Investment Corporation Ltd.",
            "1.09",
            "PNB Housing Finance Ltd.",
            "1.03",
            "Bharat Electronics Ltd.",
            "1.03",
            "Lloyds Metals And Energy Ltd.",
            "0.99",
            "Hindustan Construction Company Ltd.",
            "0.93",
            "Zensar Technologies Ltd.",
            "0.92",
            "Page Industries Ltd.",
            "0.91",
            "Aavas Financiers Ltd.",
            "0.91",
            "Hindustan Aeronautics Ltd.",
            "0.91",
            "Gillette India Ltd.",
            "0.89",
            "Dabur India Ltd.",
            "0.88",
            "Doms Industries Ltd.",
            "0.87",
            "Fortis Healthcare Ltd.",
            "0.86",
            "One 97 Communications Ltd.",
            "0.84",
            "Vijaya Diagnostic Centre Ltd.",
            "0.83",
            "City Union Bank Ltd.",
            "0.80",
            "A",
            "Dr. Lal Path Labs Ltd.",
            "0.73",
            "Himadri Speciality Chemical Ltd.",
            "0.66",
            "Eris Lifesciences Ltd.",
            "0.57",
            "V-Guard Industries Ltd.",
            "0.47",
            "Godrej Agrovet Ltd.",
            "0.45",
            "Signatureglobal (India) Ltd.",
            "0.45",
            "Procter & Gamble Hygiene&HealthCare Ltd.",
            "0.41",
            "Apeejay Surrendra Park Hotels Ltd.",
            "0.40",
            "BSE Ltd.",
            "0.26",
            "Transformers And Rectifiers (India) Ltd.",
            "0.24",
            "Mazagon Dock Shipbuilders Ltd.",
            "0.24",
            "Premier Energies Ltd.",
            "0.24",
            "Hitachi Energy India Ltd.",
            "0.13",
            "Rail Vikas Nigam Ltd.",
            "0.11",
            "Garden Reach Shipbuilders & Engineers",
            "0.09",
            ""
        ],
        "000_equity_total_9486": [
            "Mutual Fund investments are subject to market risks read all scheme re",
            ""
        ],
        "dummypioifcqvthzznpg.benchmark": "Returns  15.06 Additional Benchmark Returns  13.30 NIFTY 500 TRI is the scheme benchmark. NIFTY 50 TRI Past Performance may or may not be sustained in future. Note For computa reference and details provided here in are of Regular Plan  Growth Option  other funds managed by the same fund managers please refer AMC websi Banerjee with effect from January 25, 2019 along with Mr. Sudip More with ef Mutual Fund investments are su",
        "dummypioifcqvthzznpg.quantitative_data": {
            "Standard Deviation": "15.27",
            "Portfolio Beta": "0.94",
            "Sharpe Ratio": "0.12",
            "Information Ratio": "0.66"
        },
        "dummygfmqakzjiwlqhwb.benchmark": "Scheme Benchmark (NIFTY50 TRI) Returns () Returns () Returns () Schem 10.79 0.08 1.89 8,921 8.26 12.70 10.92 12,692 11.27 17.79 15.95 17,065 NA NA NA NA 10.64 15.11 13.86 18,531 Direct Plan  Growth Option as on February 28, 2025  NAV as on Febru Additional Scheme Benchmark Scheme Benchmark (NIFTY50 TRI) Returns () Returns () Returns () Schem 9.33 0.08 1.89 9,067 10.12 12.70 10.92 13,358 13.25 17.79 15.95 18,633 NA NA NA NA 12.65 15.11 13.86 20,68 NIFTY 500 TRI is the scheme benchmark. As per SEBI circular no. SEBIHOIMDIMDPoD1PCIR202490 dated June 27, 202, the performance of the scheme is are Compounded Annual Growth Returns (CAGR) for the past 1 year, 3 years, 5 years   since inception and absolute return for less than 1 year. Different plans provided herein are of Regular PlanGrowth Option  Direct PlanGrowth Option.  Performance of Income Distribution cum Capital Withdrawal (IDCW) optio return since inception () the allotment NAV has been taken as Rs. 10.00. Pointtopoint returns on a standard investment of Rs. 10,000. Load is not considered for computation of returns. In case, the startend date of the concerned p considered for computation of returns. The NAV per unit shown in the table is as on the start date of the said period. The scheme is being currently manag Gargi Bhattacharyya Banerjee with effect from January 25, 2019 along with Mr. Sudip More with effect from October 3, 2024. SIP Performance 10 Years 5 Years 3 Years 2 Y NA 600,000 360,000 24 NA 736,594 377,885 23 NA 8.14 3.18 3 NA 14.86 9.96 5 NA 13.08 8.74 5 Past Performance may or may not be sustained in future. Note For computation of since inception returns () the allotment NAV has been taken as Rs. 10. Di reference and details provided here in are of Regular Plan  Growth Option The SIP returns are calculated by XIRR approach assuming investment of Rs.10,0 other funds managed by the same fund managers please refer AMC website www.shriramamc.in. The scheme is being currently managed by Mr. Deepak R Banerjee with effect from January 25, 2019 along with Mr. Sudip More with effect from October 3, 2024. Mutual Fund investments are subject to market risks read all scheme re",
        "amc_name": "Shriram Asset Management Company Limited",
        "main_scheme_name": "SHRIRAM ELSS TAX SAVER FUND",
        "monthly_aaum_date": "31MARCH2025",
        "page_number": [
            10,
            11
        ],
        "mutual_fund_name": "Shriram Mutual fund"
    },
    "SHRIRAM BALANCED ADVANTAGE FUND": {
        "before.about_the_fund": "05 July 2019",
        "before.fund_managers": [
            {
                "managing_fund_since": "August 20, 2022",
                "name": "Deepak Ramaraju",
                "qualification": "",
                "total_exp": "21 Years"
            },
            {
                "managing_fund_since": "July 05, 2019",
                "name": "Gargi Bhattacharyya Banerjee",
                "qualification": "",
                "total_exp": "22 Years"
            },
            {
                "managing_fund_since": "October 03, 2024",
                "name": "Sudip Suresh More",
                "qualification": "",
                "total_exp": "19 Years"
            }
        ],
        "before.investment_objective": "H Tr The primary objective of the Scheme is to generate Zo capital appreciation with relatively lower volatility over a La longer tenure of time. The Scheme will accordingly invest in equities, arbitrage opportunities, derivative TV strategies and debt and money market instruments. H However, there is no assurance or guarantee that the S investment objective of the Scheme will be achieved. The Scheme does not assure or guarantee any returns. In Pe",
        "before.type_of_scheme": "C Ji An Open Ended Dynamic Asset Allocation Fund D N PlansOptions Available Lu Direct Plan NAV (Rs.) Growth Option 17.4112 IDCW Option 17.3033 Regular Plan NAV (Rs.) Growth Option 15.6573 IDCW Option 15.6776 The IDCW Option offers IDCW Payout and Reinvestment facilities. Income Distribution cum Capital Withdrawal option Other Details Monthly Average AUM Net AUM 60.15 cr. 58.30 cr. Expense Ratio (Including GST) Regular Direct 2.38 0.70 Annual Portfolio Turnover Ratio (Equity) 366.5 Loads Exit Load  If redeemed  switchedout within 90 days from the date of allotment Upto 12 of units Nil More than 12 of units 1 of applicable Net Asset Value (NAV) NI If redeemedswitchedout after 90 days from the date of allotment Nil Minimum Investment Lump sum Minimum Application AmountMinimum Additional Purchase Amount Switchin Amount Rs. 500 and in multiples of Re. 1thereafter. SIPThe facility can be exercised on WeeklyFortnightlyMonthly Quarterly Any date of every month (between 1st  28th) i) Rs. 500 and in multiples of Re. 1thereafter for minimum 24 installments ii) Rs. 1000and in multiples of Re. 1thereafter for minimum To 12 installments Fe Mutual Fund investments are su",
        "before.other_details": "Monthly",
        "before.average_aum": "60.15 cr",
        "before.expense_ratio": "(Including GST) Regular Direct 2.38 0.70",
        "before.annual_portfolio_turnover_ratio": "366.5",
        "before.benchmark": "NIFTY 50 Hybrid Composite Debt 5050 Index",
        "before.loads": {
            "entry_load": "",
            "exit_load": "If redeemed  switchedout within 90 days from the date of allotment Upto 12 of units Nil More than 12 of units 1 of applicable Net Asset Value (NAV) NI If redeemedswitchedout after 90 days from the date of allotment Nil"
        },
        "before.minimum_investment": {
            "amt": "500",
            "thraftr": "1"
        },
        "company__to_nav": [
            ""
        ],
        "_to_nav": [
            ""
        ],
        "derivative": [
            "7.",
            "&",
            "HDFC Bank Ltd.",
            "5.56",
            "8.",
            "Bharti Airtel Ltd.",
            "3.81",
            "7.",
            "ICICI Bank Ltd.",
            "3.75",
            "6.",
            "7.",
            "Hindustan Unilever Ltd.",
            "3.16",
            "Mahindra & Mahindra Ltd.",
            "3.13",
            "-1.01",
            "Eicher Motors Ltd.",
            "2.78",
            "Bajaj Holdings & Investment Ltd.",
            "2.78",
            "Wipro Ltd.",
            "2.50",
            "-1.01",
            "D",
            "Bajaj Finance Ltd.",
            "2.49",
            "Marico Ltd.",
            "2.44",
            "T",
            "Dixon Technologies (India) Ltd.",
            "2.39",
            "The Federal Bank Ltd.",
            "2.26",
            "Maruti Suzuki India Ltd.",
            "2.25",
            "The Indian Hotels Company Ltd.",
            "2.21",
            "Havells India Ltd.",
            "2.00",
            "-0.98",
            "Trent Ltd.",
            "1.98",
            "Zomato Ltd.",
            "1.97",
            "Larsen & Toubro Ltd.",
            "1.95",
            "TVS Motor Company Ltd.",
            "1.95",
            "HCL Technologies Ltd.",
            "1.95",
            "Sun Pharmaceutical Industries Ltd.",
            "1.91",
            "State Bank of India",
            "1.89",
            "Infosys Ltd.",
            "1.88",
            "Persistent Systems Ltd.",
            "1.86",
            "Cholamandalam Investment & Finance co.",
            "1.59",
            "Jio Financial Services Ltd.",
            "1.18",
            "DLF Ltd.",
            "0.87",
            "Narayana Hrudayalaya ltd.",
            "0.25",
            "Lupin Ltd.",
            "0.22",
            "0.",
            "A",
            ""
        ],
        "300_equity_total_6496": [
            "Derivative Portfolio (Other than hedge)",
            "Company",
            "% to NAV",
            "Derivative",
            "% to NAV",
            "NIFTY",
            "-12.04",
            "Futures Total",
            "-12.04",
            "Options Total",
            "0.00",
            "Total Exposure to derivatives instruments as on",
            "February 28, 2025: Rs. 876.81 Lakhs.",
            "Mutual Fund investments are subject to market risks read all scheme re",
            ""
        ],
        "dummyqayukjfvqvwiguk.benchmark": ". As pe variant of the Index. The returns are Compounded Annual Growth Returns ( structure. The performance details provided herein are of Regular PlanG distribution tax, if any. For computation of return since inception () the allo Past performance may or may not be sustained in future. Load is not consid considered for computation of returns. The NAV per unit shown in the table Gargi Bhattacharyya Banerjee with effect from July 05, 2019 along with Mr. S Since Particulars Inception Total Amount Invested  (In ) 670,000 Mkt Value as on Feb 28, 2025 (In ) 819,003 Scheme Returns  7.12 Scheme Benchmark Returns  10.14 Additional Benchmark Returns  13.34 NIFTY 50 Hybrid Composite Debt 5050 Index is the Scheme Benchmark. NIFTY 50 TRI Past Performance may or may not be sustained in future. Note For comput The reference and details provided here in are of Regular Plan  Growth performance of other funds managed by the same fund managers please The scheme is being currently managed by Mr. Deepak Ramaraju with effec Mutual Fund investments are su",
        "dummyqayukjfvqvwiguk.quantitative_data": {
            "Standard Deviation": "9.70",
            "Portfolio Beta": "1.05",
            "Sharpe Ratio": "0.05",
            "Information Ratio": "0.33"
        },
        "dummydhdmdszphwrygxr.benchmark": "Scheme Benchmark (NIFTY50 TRI) Returns () Returns () Returns () Schem 6.31 4.96 1.89 9,369 6.88 8.86 10.92 12,211 8.91 11.80 15.95 15,325 NA NA NA NA 8.25 10.59 13.06 15,657 Direct Plan  Growth Option as on February 28, 2025  NAV as on Febru Additional Scheme Benchmark Scheme Benchmark (NIFTY50 TRI) Returns () Returns () Returns () Schem 4.59 4.96 1.89 9,541 8.84 8.86 10.92 12,898 10.94 11.80 15.95 16,809 NA NA NA NA 10.30 10.59 13.06 17,411 NIFTY 50 Hybrid Composite Debt 5050 Index is the Scheme Benchmark. As per SEBI circular no. SEBIHOIMDIMDPoD1PCIR202490 dated June 27, 2024, th variant of the Index. The returns are Compounded Annual Growth Returns (CAGR) for the past 1 year, 3 years, 5 years  since inception and absolute return structure. The performance details provided herein are of Regular PlanGrowth Option  Direct PlanGrowth Option. Performance of Income Distribution distribution tax, if any. For computation of return since inception () the allotment NAV has been taken as Rs. 10.00. Pointtopoint returns on a standard inve Load is not considered for computation of returns. In case, the startend date of the concerned pe considered for computation of returns. The NAV per unit shown in the table is as on the start date of the said period. The scheme is being currently manag Gargi Bhattacharyya Banerjee with effect from July 05, 2019 along with Mr. Sudip More with effect from October 3, 2024. SIP Performance 10 Years 5 Years 3 Years 2 Y NA 600,000 360,000 24 NA 711,607 384,596 24 NA 6.76 4.34 0 NA 9.85 8.29 6 NA 13.08 8.74 5 Past Performance may or may not be sustained in future. Note For computation of since inception returns () the allotment NAV has been taken as Rs. 10. D The reference and details provided here in are of Regular Plan  Growth Option The SIP returns are calculated by XIRR approach assuming investmen performance of other funds managed by the same fund managers please refer AMC website www.shriramamc.in The scheme is being currently managed by Mr. Deepak Ramaraju with effect from August 20, 2022, Ms. Gargi Bhattacharyya Banerjee with effect from July 0 Mutual Fund investments are subject to market risks read all scheme re",
        "amc_name": "Shriram Asset Management Company Limited",
        "main_scheme_name": "SHRIRAM BALANCED ADVANTAGE FUND",
        "monthly_aaum_date": "31MARCH2025",
        "page_number": [
            12,
            13
        ],
        "mutual_fund_name": "Shriram Mutual fund"
    },
    "SHRIRAM OVERNIGHT FUND": {
        "before.about_the_fund": {},
        "before.fund_managers": [
            {
                "managing_fund_since": "August 26, 2022",
                "name": "Deepak Ramaraju",
                "qualification": "",
                "total_exp": "21 Years"
            },
            {
                "managing_fund_since": "August 26, 2022",
                "name": "Gargi Bhattacharyya Banerjee",
                "qualification": "",
                "total_exp": "22 Years"
            },
            {
                "managing_fund_since": "October 03, 2024",
                "name": "Sudip Suresh More",
                "qualification": "",
                "total_exp": "19 Years"
            }
        ],
        "before.investment_objective": "The primary objective of the scheme is to generate returns co with low risk and providing high level of liquidity, through invest in debt and money market instruments with overnight matur there is no assurance or guarantee that the investment obj Scheme will be achieved. The Scheme does not assure or gu returns.",
        "before.type_of_scheme": "An open ended debt scheme investing in overnight securities Low Interest Rate Risk and Relatively Low Credit Risk. PlansOptions Available Direct Plan NAV (Rs.) Growth Option 11.7369 Daily IDCW Option 10.0000 Monthly IDCW Option 10.0182 Regular Plan NAV (Rs.) Growth Option 11.7096 Daily IDCW Option 10.0000 Monthly IDCW Option 10.0181 The IDCW Option offers Payout and Reinvestment facilities ( Da Option offer Reinvestment facilities) Income Distribution cum Capital Withdrawal option Other Details Monthly Average AUM Net AUM 195.12 Cr. 185.70 Cr. Expense Ratio (Including GST) Regular Direct 0.16 0.11 Loads Exit Load NIL Minimum Investment Lump sum Investment Minimum Application AmountPurchas Switch in Amount Rs. 500 and in multiples of Re. 1 thereafter Minimum Subsequent purchases Rs. 500 and multiples of Re. 1 thereafter Minimum amount per SIP Installment The facility can be exerc Weekly  Fortnightly  Monthly  Quarterly Any date of every mo (between 1st  28th) (In case, the date fixed happens to be a ho nonbusiness day, the cheques shall be deposited  Auto Debit will be affected on the next business day). (i) Rs. 500 and in multiples of Re. 1 thereafter for minimum 2 (ii) Rs. 1000 and in multiples of Re. 1 thereafter for minimum Mutual Fund investments are su",
        "before.other_details": "Monthly",
        "before.average_aum": "195.12 Cr",
        "before.expense_ratio": "(Including GST) Regular Direct 0.16 0.11 Loads Exit Load NIL Minimum Investment Lump sum Investment Minimum Application AmountPurchas Switch in Amount Rs. 500 and in multiples of Re. 1 thereafter Minimum Subsequent purchases Rs. 500 and multiples of Re. 1 thereafter Minimum amount per SIP Installment The facility can be exerc Weekly  Fortnightly  Monthly  Quarterly Any date of every mo (between 1st  28th) (In case, the date fixed happens to be a ho nonbusiness day, the cheques shall be deposited  Auto Debit will be affected on the next business day). (i) Rs. 500 and in multiples of Re. 1 thereafter for minimum 2 (ii) Rs. 1000 and in multiples of Re. 1 thereafter for minimum Mutual Fund investments are su",
        "before.benchmark": "Crisil Liquid Overnight Index",
        "before.loads": {
            "entry_load": "",
            "exit_load": "NIL"
        },
        "before.minimum_investment": {
            "amt": "500",
            "thraftr": "1"
        },
        "dummyagcyxbqjglfzucq.quantitative_data": {},
        "record_face_value": [
            ""
        ],
        "date_rs": [
            ""
        ],
        "nav": [
            "28-Feb-25",
            "10.00",
            "10.00",
            "Past performance may or may not be sustained in future. There is neither assu",
            "of Rs. 10 per Unit. After payment  of the IDCW, the per Unit NAV falls to the exten",
            "Performance of Scheme",
            "Returns of Regular Plan - Grow",
            "NAV (Rs.)",
            "Date",
            "Period",
            "Per Unit",
            "February 21, 2025",
            "Last 7 Days",
            "11.6962",
            "February 13, 2025",
            "Last 15 Days",
            "11.6809",
            "January 31, 2025",
            "Last 1 Month",
            "11.6556",
            "November 30, 2024",
            "Last 3 Months",
            "11.5323",
            "August 31, 2024",
            "Last 6 Months",
            "11.3548",
            "February 29, 2024",
            "Last 1 Year",
            "10.9970",
            "NA",
            "Last 3 Year",
            "NA",
            "August 26, 2022",
            "Since Inception",
            "10.0000",
            "Returns of Direct Plan - Growth",
            "NAV (Rs.)",
            "Date",
            "Period",
            "Per Unit",
            "February 21, 2025",
            "Last 7 Days",
            "11.7232",
            "February 13, 2025",
            "Last 15 Days",
            "11.7077",
            "January 31, 2025",
            "Last 1 Month",
            "11.6822",
            "November 30, 2024",
            "Last 3 Months",
            "11.5576",
            "August 31, 2024",
            "Last 6 Months",
            "11.3782",
            "February 29, 2024",
            "Last 1 Year",
            "11.0152",
            "NA",
            "Last 3 Year",
            "NA",
            "August 26, 2022",
            "Since Inception",
            "10.0000",
            "CRISIL Liquid Overnight Index is the scheme benchmark.  As per SEBI Master c",
            "of the Index.",
            "The returns are Compounded Annual Growth Returns (CAGR) for the past 1 y",
            "details provided herein are of Regular Plan-Growth Option & Direct Plan-Gro",
            "Performance of Income Distribution cum Capital Withdrawal (IDCW) option w",
            "returns on a standard investment of Rs. 10,000/-.",
            "Past performance may or may not be sustained in future.",
            "Load is not cons",
            "considered for computation of returns. The NAV per unit shown in the table is",
            "The scheme is being currently managed by Mr. Deepak Ramaraju, Ms. Gargi",
            "Since",
            "Particulars",
            "Inception",
            "Total Amount Invested  (In \u00b7)",
            "300,000",
            "Mkt Value as on Feb 28, 2025 (In \u00b7)",
            "325,756",
            "Scheme Returns %",
            "6.52%",
            "*Scheme Benchmark Returns %",
            "6.71%",
            "**Additional Benchmark Returns %",
            "7.29%",
            "*CRISIL Liquid Overnight Index is the Scheme Benchmark.",
            "**Crisil 1 Yr T-Bill Index",
            "Past Performance may or may not be sustained in future. Note: For computa",
            "reference and details provided here in are of Regular Plan - Growth Option &",
            "other funds managed by the same fund managers please refer AMC websit",
            "The scheme is being currently managed by Mr. Deepak Ramaraju, Ms. Garg",
            ""
        ],
        "nav_bravo": [
            ""
        ],
        "idcw_record_face_value": [
            ""
        ],
        "rsunit_date_rs": [
            "10.0000",
            "0.0016",
            "28-Feb-25",
            "10.00",
            "10.0",
            "Past performance may or may not be sustained in future. There is neither assurance to unit holders as to rate/quantum of IDCW distribution nor is there guara",
            "of Rs. 10 per Unit. After payment  of the IDCW, the per Unit NAV falls to the extent of the payout and statutory  levy, if any.",
            "Regular Plan - Growth Option",
            "as on February 28, 2025 |",
            "NAV as on Feb",
            "Additional",
            "Benchmark",
            "Scheme",
            "Crisil 1 Yr T",
            "Scheme",
            "Benchmark",
            "Bill Index",
            "Returns (%)",
            "Returns (%)",
            "Returns (%)",
            "Schem",
            "5.97",
            "6.22",
            "7.48",
            "10,011",
            "5.98",
            "6.24",
            "6.57",
            "10,025",
            "6.04",
            "6.29",
            "7.06",
            "10,04",
            "6.24",
            "6.51",
            "6.74",
            "10,154",
            "6.30",
            "6.53",
            "7.02",
            "10,312",
            "6.48",
            "6.68",
            "7.50",
            "10,648",
            "NA",
            "NA",
            "NA",
            "NA",
            "6.48",
            "6.63",
            "6.96",
            "11,710",
            "Direct Plan - Growth Option",
            "as on February 28, 2025 |",
            "NAV as on Febru",
            "Additional",
            "Benchmark",
            "Scheme",
            "Crisil 1 Yr T",
            "Scheme",
            "Benchmark",
            "Bill Index",
            "Returns (%)",
            "Returns (%)",
            "Returns (%)",
            "Schem",
            "6.09",
            "6.22",
            "7.48",
            "10,012",
            "6.07",
            "6.24",
            "6.57",
            "10,025",
            "6.10",
            "6.29",
            "7.06",
            "10,047",
            "6.29",
            "6.51",
            "6.74",
            "10,155",
            "6.36",
            "6.53",
            "7.02",
            "10,315",
            "6.55",
            "6.68",
            "7.50",
            "10,655",
            "NA",
            "NA",
            "NA",
            "NA",
            "6.58",
            "6.63",
            "6.96",
            "11,737",
            "CRISIL Liquid Overnight Index is the scheme benchmark.  As per SEBI Master circular no. SEBI/HO/IMD/IMD-PoD-1/P/CIR/2024/90 dated June 27, 2024, the perfo",
            "The returns are Compounded Annual Growth Returns (CAGR) for the past 1 year & since inception and simple annualised returns for less than 1 year. Differe",
            "details provided herein are of Regular Plan-Growth Option & Direct Plan-Growth Option.",
            "Performance of Income Distribution cum Capital Withdrawal (IDCW) option would be Net of IDCW distribution tax, if any. For computation of return since incepti",
            "Load is not considered for computation of returns. In case, the start/end date of the concerned p",
            "considered for computation of returns. The NAV per unit shown in the table is as on the start date of the said period.",
            "The scheme is being currently managed by Mr. Deepak Ramaraju, Ms. Gargi Bhattacharyya Banerjee with effect from August 26, 2022 along with Mr. Sudip Mo",
            "SIP Performance",
            "5 Years",
            "3 Years",
            "2 Years",
            "1 Y",
            "NA",
            "NA",
            "240,000",
            "120",
            "NA",
            "NA",
            "256,427",
            "124",
            "NA",
            "NA",
            "6.52%",
            "6",
            "NA",
            "NA",
            "6.72%",
            "6",
            "NA",
            "NA",
            "7.35%",
            "7",
            "Past Performance may or may not be sustained in future. Note: For computation of since inception returns (%) the allotment NAV has been taken as Rs. 10. Di",
            "reference and details provided here in are of Regular Plan - Growth Option &The SIP returns are calculated by XIRR approach assuming investment of Rs.10,0",
            "other funds managed by the same fund managers please refer AMC website www.shriramamc.in",
            "The scheme is being currently managed by Mr. Deepak Ramaraju, Ms. Gargi Bhattacharyya Banerjee with effect from August 26, 2022 along with Mr. Sudip M",
            ""
        ],
        "amc_name": "Shriram Asset Management Company Limited",
        "main_scheme_name": "SHRIRAM OVERNIGHT FUND",
        "monthly_aaum_date": "31MARCH2025",
        "page_number": [
            14,
            15
        ],
        "mutual_fund_name": "Shriram Mutual fund"
    },
    "SHRIRAM MULTI ASSET ALLOCATION FUND": {
        "before.about_the_fund": "08 September 2023",
        "before.fund_managers": [
            {
                "managing_fund_since": "September 08, 2023",
                "name": "Deepak Ramaraju",
                "qualification": "",
                "total_exp": "21 Years"
            },
            {
                "managing_fund_since": "September 08, 2023",
                "name": "Gargi Bhattacharyya Banerjee",
                "qualification": "",
                "total_exp": "22 Years"
            },
            {
                "managing_fund_since": "October 03, 2024",
                "name": "Sudip Suresh More",
                "qualification": "",
                "total_exp": "19 Years"
            }
        ],
        "before.investment_objective": "H The primary objective of the scheme is to generate long T term capital appreciation with inflation beating returns IT by investing in Equity and Equity related securities, Debt T and Money Market instruments, GoldSilver ETFs, and H REITs InvITs. There is no assurance that the investment objective of the Scheme will be achieved. L H H",
        "before.type_of_scheme": "B An open ended scheme investing in Equity, Debt  U Money Market Securities and GoldSilver ETFs and F related instruments M B PlansOptions Available T C Direct Plan NAV (Rs.) M Growth Option 11.3048 N Regular Plan NAV (Rs.) C Growth Option 10.9924 J Other Details Monthly Average AUM Net AUM 145.43 cr. 139.11 cr Expense Ratio (Including GST) Regular Direct 2.35 0.55 Annual Portfolio Turnover Ratio (Equity) 391.3 N N Loads Exit Load If redeemedswitchedout within 90 days from the date of allotment Upto 12 of units Nil More than 12 of units 1 of applicable Net N Asset Value (NAV) If redeemedswitchedout after 90 days from the date of allotment Nil Minimum Investment Lump sum Minimum Application AmountMinimum Additional Purchase Amount Switchin Amount Rs. 500 and in multiples of Re. 1thereafter SIPThe facility can be exercised on WeeklyFortnightlyMonthlyQuarterly i) Rs. 500 and in multiples of Re. 1thereafter for minimum 24 installments ii) Rs. 1000and in multiples of Re. 1thereafter for minimum 12 installments To on Mutual Fund investments are su",
        "before.other_details": "Monthly",
        "before.average_aum": "145.43 cr",
        "before.expense_ratio": "(Including GST) Regular Direct 2.35 0.55",
        "before.annual_portfolio_turnover_ratio": "391.3",
        "before.benchmark": "Nifty 50 TRI",
        "before.loads": {
            "entry_load": "",
            "exit_load": "If redeemedswitchedout within 90 days from the date of allotment Upto 12 of units Nil More than 12 of units 1 of applicable Net N Asset Value (NAV) If redeemedswitchedout after 90 days from the date of allotment Nil"
        },
        "before.minimum_investment": {
            "amt": "500",
            "thraftr": "1"
        },
        "company__to_nav": [
            ""
        ],
        "_to_nav": [
            ""
        ],
        "derivative": [
            "7.",
            "7.",
            "8.",
            "ICICI Bank Ltd.",
            "4.89",
            "8.",
            "Mahindra & Mahindra Ltd.",
            "4.37",
            "-0.65",
            "8.",
            "HDFC Bank Ltd.",
            "4.17",
            "-0.69",
            "7.",
            "8.",
            "The Federal Bank Ltd.",
            "3.16",
            "7.",
            "Maruti Suzuki India Ltd.",
            "3.09",
            "Bharti Airtel Ltd.",
            "2.89",
            "Zomato Ltd.",
            "2.20",
            "D",
            "Eicher Motors Ltd.",
            "2.09",
            "T",
            "Sun Pharmaceutical Industries Ltd.",
            "2.07",
            "Bajaj Holdings & Investment Ltd.",
            "2.03",
            "Wipro Ltd.",
            "1.97",
            "-0.60",
            "Persistent Systems Ltd.",
            "1.94",
            "Dixon Technologies (India) Ltd.",
            "1.90",
            "Marico Ltd.",
            "1.88",
            "Pidilite Industries Ltd.",
            "1.84",
            "One 97 Communications Ltd.",
            "1.84",
            "InterGlobe Aviation Ltd.",
            "1.69",
            "The Indian Hotels Company Ltd.",
            "1.65",
            "Info Edge (India) Ltd.",
            "1.55",
            "Havells India Ltd.",
            "1.50",
            "-0.51",
            "Hindustan Unilever Ltd.",
            "1.48",
            "TVS Motor Company Ltd.",
            "1.46",
            "ITC Ltd.",
            "1.39",
            "Tata Consultancy Services Ltd.",
            "1.30",
            "Hitachi Energy India Ltd.",
            "1.30",
            "Lupin Ltd.",
            "1.05",
            "Hindustan Construction Company Ltd.",
            "1.03",
            "Hindustan Aeronautics Ltd.",
            "1.01",
            "BSE Ltd.",
            "0.93",
            "United Breweries Ltd.",
            "0.80",
            "Fortis Healthcare Ltd.",
            "0.78",
            "Max Financial Services Ltd.",
            "0.75",
            "BEML Ltd.",
            "0.67",
            "Torrent Pharmaceuticals Ltd.",
            "0.55",
            "Coromandel International Ltd.",
            "0.42",
            "Muthoot Finance Ltd.",
            "0.38",
            "Narayana Hrudayalaya ltd.",
            "0.30",
            "Page Industries Ltd.",
            "0.29",
            "City Union Bank Ltd.",
            "0.26",
            "Jio Financial Services Ltd.",
            "0.18",
            ""
        ],
        "245_equity_total_6505": [
            "ETF",
            "Nippon India ETF Gold BeES",
            "15.96",
            "Nippon India Silver ETF",
            "4.58",
            ""
        ],
        "etf_total_2054": [
            "Derivative Portfolio (Other than hedge)",
            "NIFTY MIDCAP",
            "(0.37)",
            "Futures Total",
            "-0.37",
            "Ag",
            "Options Total",
            "0.00",
            "Total Exposure to derivatives instruments as",
            "on February 28, 2025: Rs. 393.63 Lakhs.",
            "Mutual Fund investments are subject to market risks read all scheme re",
            ""
        ],
        "dummynbjwcfrtxjjntxa.benchmark": "Returns  2.95 Additional Benchmark 2.02 (NIFTY50) Returns  Nifty 50 TRI (70)  NIFTY Short Duration Debt Index (20)  Domestic pric NIFTY 50 TRI is the additional benchmark The scheme is benchmarked to the Total Return variant of the Index. The re expense structure. The performance details provided herein are of Regula standard investment of Rs. 10,000 are in addition to CAGR for the Scheme Past performance may or may not be sustained in future. Load is not cons is considered for computation of returns. The scheme is being currently ma October 3, 2024. Mutual Fund investments are su",
        "dummynbjwcfrtxjjntxa.quantitative_data": {
            "Standard Deviation": "11.10",
            "Portfolio Beta": "0.92",
            "Information Ratio": "0.54"
        },
        "dummylmgszizejbcwcyt.benchmark": "Scheme Benchmark (NIFTY50 TRI) Returns () Returns () Returns () Schem 6.03 6.40 1.89 9,397 NA NA NA NA 6.62 10.53 8.90 10,99 Direct Plan  Growth Option as on February 28, 2025  NAV as on Febru Additional Scheme Benchmark Scheme Benchmark (NIFTY50 TRI) Returns () Returns () Returns () Schem 4.26 6.40 1.89 9,574 NA NA NA NA 8.66 10.53 8.90 11,30 Nifty 50 TRI (70)  NIFTY Short Duration Debt Index (20)  Domestic prices of Gold (8)  Domestic prices of Silver (2). As per SEBI circular no. SEBIHOIMD The returns are Compounded Annual Growth Returns (CAGR) for the past 1 year  since inception and absolute return for less than 1 year. Different plans s provided herein are of Regular PlanGrowth Option  Direct PlanGrowth Option. For computation of return since inception () the allotment NAV has been ta Load is not considered for computation of returns. In case, the startend date of the concerned p is considered for computation of returns. The NAV per unit shown in the table is as on the start date of the said period. The scheme is being currently mana with effect from September 08, 2023 along with Mr. Sudip More with effect from October 3, 2024. SIP Performance 10 Years 5 Years 3 Years 2 Y NA NA NA N NA NA NA N NA NA NA N NA NA NA N NA NA NA N Nifty 50 TRI (70)  NIFTY Short Duration Debt Index (20)  Domestic prices of Gold (8)  Domestic prices of Silver (2) is the Scheme Benchmark. The scheme is benchmarked to the Total Return variant of the Index. The returns are Compounded Annual Growth Returns (CAGR) for the past 1 year, 3 year expense structure. The performance details provided herein are of Regular PlanGrowth Option. For computation of return since inception () the allotme standard investment of Rs. 10,000 are in addition to CAGR for the Scheme. Past performance may or may not be sustained in future. Load is not considered for computation of returns. In case, the startend date of the concerned p is considered for computation of returns. The scheme is being currently managed by Mr. Deepak Ramaraju, Ms. Gargi Bhattacharyya Banerjee with effect fro Mutual Fund investments are subject to market risks read all scheme re",
        "dummylmgszizejbcwcyt.quantitative_data": {
            "Average Maturity": "2.65 years",
            "Modified Duration": "2.25 years",
            "Macaulay Duration": "2.41 years",
            "Yield to Maturity": "7.59"
        },
        "amc_name": "Shriram Asset Management Company Limited",
        "main_scheme_name": "SHRIRAM MULTI ASSET ALLOCATION FUND",
        "monthly_aaum_date": "31MARCH2025",
        "page_number": [
            16,
            17
        ],
        "mutual_fund_name": "Shriram Mutual fund"
    },
    "SHRIRAM Nifty 1D Rate Liquid ETF": {
        "before.about_the_fund": {},
        "before.fund_managers": [
            {
                "managing_fund_since": "July 5, 2024",
                "name": "Deepak Ramaraju",
                "qualification": "",
                "total_exp": "21 Years"
            },
            {
                "managing_fund_since": "July 5, 2024",
                "name": "Gargi Bhattacharyya Banerjee",
                "qualification": "",
                "total_exp": "22 Years"
            },
            {
                "managing_fund_since": "October 03, 2024",
                "name": "Sudip Suresh More",
                "qualification": "",
                "total_exp": "19 Years"
            }
        ],
        "before.investment_objective": "The investment objective of the Scheme is to invest in Tri Pa Government securities or treasury bills. The Scheme aims investment returns that, before expenses, correspond to the r NIFTY 1D Rate Index, subject to tracking error. There is no a guarantee that the investment objective of the Scheme would b Types of Scheme An open ended Exchange Traded Fund replicating tracking Index. A relatively low interest rate risk and relatively low credit r NAV Details (Rs) Direct Plan Growth Option 1040.6227 Other Details Monthly Average AUM Net AUM 23.27 Cr 24.53 Cr Expenses Ratio (Including GST) Direct Plan Direct 0.41 Loads Exit Load NIL Minimum Investment 1 Unit NSE Symbol LIQUIDSHRI BSE Code 544208 Performance of Scheme Shriram Nifty 1D Rate Liquid ETF Gro NAV (Rs.) Date Period Per Unit February 21, 2025 Last 7 Days 1039.4610 February 13, 2025 Last 15 Days 1038.1353 January 31, 2025 Last 1 Month 1035.9496 November 30, 2024 Last 3 Months 1025.2479 August 31, 2024 Last 6 Months 1010.0901 NA Last 1 Year NA July 5, 2024 Since Inception 1000.0000 As per SEBI circular no. SEBIHOIMDIMDPoD1PCIR202490 dated June 27 are no plans under the scheme. The scheme offers only growth option. For co are in addition to CAGR for the Scheme. Past performance may or may not be sustained in future. Load is not consid considered for computation of returns. The NAV per unit shown in the table is The scheme is being currently managed by Mr. Deepak Ramaraju, Ms. Gargi Mutual Fund investments are su",
        "before.other_details": "Monthly",
        "before.average_aum": "23.27 Cr",
        "before.benchmark": "NIFTY 1D Rate Index",
        "before.loads": {
            "entry_load": "",
            "exit_load": "NIL"
        },
        "before.minimum_investment": {
            "amt": "",
            "thraftr": ""
        },
        "dummyqtunflookspbucn.benchmark": "Scheme Crisil 1 Yr T Scheme Benchmark Bill Index Returns () Returns () Returns () Schem 5.83 6.20 7.48 10,011 5.83 6.24 6.57 10,024 5.88 6.29 7.06 10,045 6.08 6.52 6.74 10,150 6.10 6.54 7.02 10,302 NA NA NA NA 6.23 6.56 7.33 10,406 As per SEBI circular no. SEBIHOIMDIMDPoD1PCIR202490 dated June 27, 2024, the performance of the scheme is benchmarked to the Nifty 1D Rate Index. are no plans under the scheme. The scheme offers only growth option. For computation of return since inception the allotment NAV has been taken as Rs. 1000 Past performance may or may not be sustained in future. Load is not considered for computation of returns. In case, the startend date of the concerned pe considered for computation of returns. The NAV per unit shown in the table is as on the start date of the said period. The scheme is being currently managed by Mr. Deepak Ramaraju, Ms. Gargi Bhattacharyya Banerjee with effect from July 05, 2024 along with Mr. Sudip More Mutual Fund investments are subject to market risks read all scheme re",
        "dummyqtunflookspbucn.quantitative_data": {},
        "amc_name": "Shriram Asset Management Company Limited",
        "main_scheme_name": "SHRIRAM Nifty 1D Rate Liquid ETF",
        "monthly_aaum_date": "31MARCH2025",
        "page_number": [
            18
        ],
        "mutual_fund_name": "Shriram Mutual fund"
    },
    "SHRIRAM LIQUID FUND": {
        "before.about_the_fund": {},
        "before.fund_managers": [
            {
                "managing_fund_since": "14 November, 2024",
                "name": "Deepak Ramaraju",
                "qualification": "",
                "total_exp": "21 Years"
            },
            {
                "managing_fund_since": "14 November, 2024",
                "name": "Gargi Bhattacharyya Banerjee",
                "qualification": "",
                "total_exp": "22 Years"
            },
            {
                "managing_fund_since": "14 November, 2024",
                "name": "Sudip Suresh More",
                "qualification": "",
                "total_exp": "19 Years"
            }
        ],
        "before.investment_objective": "The investment objective of the Scheme is to generate opt consistent with lower to moderate levels of risk and high liquidity in debt and money market instruments. The fund maintains maturity in the range of 91 days. There is no assurance that th objective of the Scheme will be achieved.",
        "before.type_of_scheme": "An open ended Liquid scheme. A relatively low interest rate risk ate credit risk. PlansOptions Available Direct Plan NAV (Rs.) Growth Option 1021.0732 Regular Plan NAV (Rs.) Growth Option 1020.6516 Other Details Monthly Average AUM Net AUM 120.00 Cr. 112.73 Cr. Expense Ratio (Including GST) Regular Direct 0.26 0.12 Loads Exit Load Investor exit upon Subscription Exit load as a  of rede proceeds Investor exit upon Subscription Exit load as a  of redemption proce Day 1 0.0070 Day 2 0.0065 Day 3 0.0060 Day 4 0.0055 Day 5 0.0050 Day 6 0.0045 Day 7 onwards 0.0000 Minimum Investment Lump sum Investment Minimum Application Amount Subseq AmountSwitch in Amount Rs. 1000 and in multiples of Re. 1  Minimum amount per SIP Installment (i)Minimum amount per SIP Installment Monthly Rs. 1000 and in multiples of Re. 1 thereafter Quarterly Rs. 3000 and in multiples of Re. 1 thereafter (ii)No. of SIP Installments a. Minimum  Monthly12 installments, Quarterly  4 Installments b. Maximum No Limit Mutual Fund investments are su",
        "before.other_details": "Monthly",
        "before.average_aum": "120.00 Cr",
        "before.expense_ratio": "(Including GST) Regular Direct 0.26 0.12 Loads Exit Load Investor exit upon Subscription Exit load as a  of rede proceeds Investor exit upon Subscription Exit load as a  of redemption proce Day 1 0.0070 Day 2 0.0065 Day 3 0.0060 Day 4 0.0055 Day 5 0.0050 Day 6 0.0045 Day 7 onwards 0.0000 Minimum Investment Lump sum Investment Minimum Application Amount Subseq AmountSwitch in Amount Rs. 1000 and in multiples of Re. 1  Minimum amount per SIP Installment (i)Minimum amount per SIP Installment Monthly Rs. 1000 and in multiples of Re. 1 thereafter Quarterly Rs. 3000 and in multiples of Re. 1 thereafter (ii)No. of SIP Installments a. Minimum  Monthly12 installments, Quarterly  4 Installments b. Maximum No Limit Mutual Fund investments are su",
        "before.benchmark": "Nifty Liquid Index",
        "before.loads": {
            "entry_load": "",
            "exit_load": "Investor exit upon Subscription Exit load as a  of rede proceeds Investor exit upon Subscription Exit load as a  of redemption proce Day 1 0.0070 Day 2 0.0065 Day 3 0.0060 Day 4 0.0055 Day 5 0.0050 Day 6 0.0045 Day 7 onwards 0.0000"
        },
        "before.minimum_investment": {
            "amt": "",
            "thraftr": ""
        },
        "name_of_instrument": [
            ""
        ],
        "money_market_instruments": [
            "The investment objective of the Scheme is to generate optimal returns",
            "consistent with lower to moderate levels of risk and high liquidity by investing",
            "in debt and money market instruments. The fund maintains an average",
            "Certificate of Deposit",
            "maturity in the range of <91 days. There is no assurance that the investment",
            "Canara Bank #",
            "National Bank for Agriculture & Rural Dev",
            "Kotak Mahindra Bank Ltd. ** #",
            "An open ended Liquid scheme. A relatively low interest rate risk and moder-",
            "Punjab National Bank ** #",
            "HDFC Bank Ltd. ** #",
            "Indian Bank #",
            "Axis Bank Ltd. ** #",
            "Sub Total",
            "Commercial Paper",
            "Export Import Bank of India **",
            "ICICI Securities Ltd.",
            "Sub Total",
            "Treasury Bill",
            "182 DAYS TBILL RED 06-03-2025",
            "91 DAYS TBILL RED 13-03-2025",
            "91 DAYS TBILL RED 20-03-2025",
            "91 DAYS TBILL RED 06-03-2025",
            "Sub Total",
            "Investor exit upon Subscription Exit load as a % of redemption",
            ""
        ],
        "total": [
            "Exit load as a % of redemption proceeds",
            "Alternative Investment Fund Units",
            "SBI CDMDF--A2  (Corporate Debt Ma",
            "Sub Total",
            "Treps / Reverse Repo",
            "Clearing Corporation of India Ltd.",
            "Sub Total",
            "Minimum Application Amount/ Subsequent Purchase",
            "Amount/Switch in Amount Rs. 1000/- and in multiples of Re. 1 /-thereafter",
            "Net Receivables / (Payables)",
            ""
        ],
        "grand_total": [
            "#  Unlisted Security",
            "** Non Traded Security",
            "Top 10 Holdings",
            "Mutual Fund investments are subject to market risks read all scheme re",
            ""
        ],
        "dummytiqsyyahiqiyqby.quantitative_data": {},
        "dummyvtjorhvqlzjhhtf.benchmark": "Scheme Crisil 1 Yr T Scheme Benchmark Bill Index Returns () Returns () Returns () Schem 6.34 6.38 7.48 10,012 6.39 6.61 6.57 10,026 6.79 7.07 7.06 10,052 6.78 6.97 6.74 10,167 NA NA NA NA 7.11 6.94 6.89 10,207 Direct Plan  Growth Option as on February 28, 2025  NAV as on Februa Additional Benchmark Scheme Crisil 1 Yr T Scheme Benchmark Bill Index Returns () Returns () Returns () Schem 6.48 6.38 7.48 10,012 6.53 6.61 6.57 10,027 6.93 7.07 7.06 10,053 6.92 6.97 6.74 10,171 NA NA NA NA 7.26 6.94 6.89 10,211 The performance of the scheme is benchmarked to the Nifty Liquid Index AI. The returns are simple annualised returns for less than 1 year. Different plans provided herein are of Regular PlanGrowth Option  Direct PlanGrowth Option. For computation of return since inception () the allotment NAV has been tak investment of Rs. 10,000. Load is not considered for computation of returns. In case, the startend date of the concerned period is a NonBusiness Date (NBD), th The NAV per unit shown in the table is as on the start date of the said period. The scheme is being currently managed by Mr. Deepak Ramaraju  along with",
        "amc_name": "Shriram Asset Management Company Limited",
        "main_scheme_name": "SHRIRAM LIQUID FUND",
        "monthly_aaum_date": "31MARCH2025",
        "page_number": [
            19,
            20
        ],
        "mutual_fund_name": "Shriram Mutual fund"
    },
    "SHRIRAM MULTI SECTOR ROTATION FUND": {
        "before.about_the_fund": "09 December 2024",
        "before.fund_managers": [
            {
                "managing_fund_since": "December 09, 2024",
                "name": "Deepak Ramaraju",
                "qualification": "",
                "total_exp": "21 Years"
            },
            {
                "managing_fund_since": "December 09, 2024",
                "name": "Gargi Bhattacharyya Banerjee",
                "qualification": "",
                "total_exp": "22 Years"
            }
        ],
        "before.investment_objective": "The investment objective of the scheme is to generate longterm capital appreciation by employing a quantamental approach of investing in equity and equity derivatives of specific sectors that are trending due to better earnings expectation. The allocation among sectors and stock selection will be decided by the inhouse proprietary quantitative model and further augmented with fundamental analysis. There is no assurance or guarantee that the investment objective of the Scheme will be achieved.",
        "before.type_of_scheme": "An openended scheme investing in equity and related instruments following multi sector rotation theme PlansOptions Available Direct Plan NAV (Rs.) Growth Option 7.5042 Regular Plan NAV (Rs.) Growth Option 7.4764 Other Details Monthly Average AUM Net AUM 186.01 Cr 174.95  cr Expense Ratio (Including GST) Regular Direct 2.32 0.37 To Annual Portfolio Turnover Ratio (Equity) 127.8 T Loads Exit Load 1 of the applicable NAV, if redeemed within 3 months from the date of allotment. Nil if redeemed after 3 months from the date of allotment. Minimum Investment Lump sum For Purchase  Rs. 500 and in multiples of Re. 1 thereafter. For Switchin  Rs. 500 and in multiples of Re. 1 thereafter. Minimum Additional Purchase Amount Minimum of Rs. 500 and in multiples of Re. 1 thereafter SIPThe facility can be exercised on WeeklyFortnightlyMonthlyQuarterly i) Rs. 500 and in multiples of Re. 1thereafter for minimum 24 installments ii) Rs. 1000and in multiples of Re. 1thereafter for minimum 12 installments Mutual Fund investments are su",
        "before.other_details": "Monthly",
        "before.average_aum": "186.01 Cr",
        "before.expense_ratio": "(Including GST) Regular Direct 2.32 0.37 To",
        "before.annual_portfolio_turnover_ratio": "127.8",
        "before.benchmark": "Nifty 500 TRI",
        "before.loads": {
            "entry_load": "",
            "exit_load": "1 of the applicable NAV, if redeemed within 3 months from the date of allotment. Nil if redeemed after 3 months from the date of allotment."
        },
        "before.minimum_investment": {
            "amt": "500",
            "thraftr": "1"
        },
        "theme_sectorcompany": [
            "Automobile and Auto Compon",
            "Maruti Suzuki India Ltd.",
            "Mahindra & Mahindra Ltd.",
            "Bajaj Auto Ltd.",
            "Minda Corporation Ltd.",
            "UNO Minda Ltd.",
            "Sub Total",
            "Consumer Durables",
            "Dixon Technologies (India) Ltd",
            "Consumption",
            "Blue Star Ltd.",
            "Amber Enterprises India Ltd.",
            "Pokarna Ltd.",
            "Sub Total",
            "Fast Moving Consumer Goods",
            "Hindustan Unilever Ltd.",
            "Marico Ltd.",
            "ITC Ltd.",
            "Godrej Industries Ltd.",
            "Radico Khaitan Ltd.",
            "Doms Industries Ltd.",
            "United Spirits Ltd.",
            "Godrej Agrovet Ltd.",
            "Sub Total",
            "Financial Services",
            "ICICI Bank Ltd.",
            "HDFC Bank Ltd.",
            "State Bank of India",
            "Financial Services",
            "The Federal Bank Ltd.",
            "BSE Ltd.",
            "One 97 Communications Ltd.",
            "Kfin Technologies Ltd.",
            ""
        ],
        "equity_total": [
            "Total Exposure to derivatives instruments as on February 28, 2025: N",
            "Top 10 Holdings",
            "Portfolio Composition",
            "92.22%",
            "Equity and Equity",
            "Related",
            "7.78%",
            "Cash and Cash",
            "Equivalents",
            "Cons",
            "Aut",
            "Auto C",
            "Mutual Fund investments are subject to market risks read all scheme re",
            ""
        ],
        "amc_name": "Shriram Asset Management Company Limited",
        "main_scheme_name": "SHRIRAM MULTI SECTOR ROTATION FUND",
        "monthly_aaum_date": "31MARCH2025",
        "page_number": [
            21
        ],
        "mutual_fund_name": "Shriram Mutual fund"
    }
}