{
    "bajaj finserv large cap fund": {
        "investment_objective": [
            "The objective of the Scheme is to generate",
            "equity and equity related instruments of lar",
            "However, there is no assurance that the inve",
            ""
        ],
        "scheme_details": [
            ""
        ],
        "nav": [
            "(IN",
            ") (as on 31 January, 2025)",
            "Direct Growth",
            "9.413",
            "Direct IDCW",
            "9.413",
            "Regular Growth",
            "9.349",
            "Regular IDCW",
            "9.349",
            ""
        ],
        "fund_features": [
            ""
        ],
        "scheme_category:": [
            "Large Cap Fund",
            ""
        ],
        "plans:": [
            "Regular Plan and Direct Plan",
            ""
        ],
        "options:": [
            "Growth and Income Distribution",
            "cum Capital Withdrawal (IDCW) option with",
            "Payout of Income Distribution cum Capital",
            "Withdrawal sub-option, Reinvestment of",
            "Income Distribution cum Capital Withdrawal",
            "sub-option and Transfer of Income",
            "Distribution cum Capital Withdrawal",
            "sub-option.",
            ""
        ],
        "minimum_investment_amount:": [
            "Rs. 500/-",
            "and in multiples of Re. 1/-",
            ""
        ],
        "minimum_additional_investment_amount:": [
            "INR 100/- and multiples of INR 1",
            ""
        ],
        "entry_load:": [
            "NA",
            ""
        ],
        "exit_load:": [
            "For each purchase of units",
            "through Lumpsum / switch-in / Systematic",
            "Investment Plan (SIP) and Systematic",
            "Transfer Plan (STP), exit load will be as",
            "follows:",
            "\u00b7 if units are redeemed / switched out within",
            "6 months from the date of allotment: 1% of",
            "applicable NAV.",
            "\u00b7 if units are redeemed/switched out after 6",
            "months from the date of allotment, no exit",
            "load is payable.",
            "The Scheme will not levy exit load in case the",
            "timelines for rebalancing portfolio as stated",
            "in SEBI Master Circular for Mutual Funds",
            "dated June 27, 2024, is not complied with.",
            ""
        ],
        "total_expense_ratio_(ter)": [
            "Including Additional Expenses and GST on",
            "Management Fees",
            "Regular Plan",
            "2.09%",
            "Direct Plan",
            "0.61%",
            ""
        ],
        "composition_by_asset_(%)": [
            "3.81%",
            "96.19%",
            "Equities",
            "Reverse Repo / TREPS",
            "& Net Current Assets",
            "Kindly refer to Page No. 47, 48 & 49 for Risk-o-meter and Pr",
            ""
        ],
        "dummypunpzmfgeokonpp": [
            "nantly investing in large cap stocks",
            "ate long term capital appreciation and income",
            "large cap companies.",
            "nvestment objective of the Scheme will be ach",
            ""
        ],
        "*aum": [
            "(IN",
            "CRORE)",
            "Month end AUM",
            "1,344.51",
            "AAUM",
            "1,320.42",
            "*AUM as reported to SEBI & AMFI in the",
            "Monthly Cumulative Report (MCR)",
            ""
        ],
        "date_of_allotment:": [
            "20 August 2024",
            ""
        ],
        "benchmark": [
            "Nifty 100 Total Return",
            "Index (TRI)",
            ""
        ],
        "portfolio_(as_on_31_january,_2025)": [
            "Stock",
            "HDFC Bank Limited",
            "Infosys Limited",
            "Reliance Industries Limited",
            "Tata Consultancy Services Limited",
            "Larsen & Toubro Limited",
            ""
        ],
        "dummybviyykxuzsjdfqg": [
            "e distribution to investors by predominantly investing in",
            "hieved.",
            ""
        ],
        "fund_manager:": [
            "Mr. Nimesh Chandan",
            "(Equity Portion) (Managing",
            "fundsince inception & Overall experience of 24",
            "years)",
            "Mr. Sorbh Gupta (Equity Portion) (Managing fund",
            "since inception & Overall experience of 16 years)",
            "Mr. Siddharth Chaudhary",
            "(Debt Portion)",
            "(Managing fund since inception & Overall",
            "experience of 18 years)",
            "Equity",
            "Future",
            "Industry",
            "% of NAV",
            "% of N",
            "Banks",
            "6.96%",
            "-0.33",
            "IT - Software",
            "6.51%",
            "Petroleum Products",
            "6.38%",
            "IT - Software",
            "5.58%",
            "Construction",
            "5.02%",
            ""
        ],
        "dummyenyngyjvodlyyql": [
            ""
        ],
        "amc_name": "Bajaj Finserv Asset Management Limited",
        "main_scheme_name": "bajaj finserv large cap fund",
        "monthly_aaum_date": "28FEBRUARY2025",
        "page_number": [
            17
        ],
        "mutual_fund_name": "BajaJ Finserv Mutual Fund"
    },
    "bajaj finserv flexi cap fund": {
        "investment_objective": [
            "To generate long term capital appreciation by i",
            "However, There is no assurance that the invest",
            ""
        ],
        "scheme_details": [
            ""
        ],
        "nav": [
            "(IN ) (as on 31 January, 2025)",
            "Direct Growth",
            "13.653",
            "Direct IDCW",
            "13.653",
            "Regular Growth",
            "13.362",
            "Regular IDCW",
            "13.362",
            ""
        ],
        "fund_features": [
            ""
        ],
        "scheme_category:": [
            "Flexi Cap Fund",
            ""
        ],
        "plans:": [
            "Regular Plan and Direct Plan",
            ""
        ],
        "options:": [
            "Growth and Income Distribution",
            "cum Capital Withdrawal (IDCW) option with",
            "Payout of Income Distribution cum Capital",
            "Withdrawal sub-option, Reinvestment of",
            "Income Distribution cum Capital Withdrawal",
            "sub-option and Transfer of Income",
            "Distribution cum Capital Withdrawal",
            "sub-option.",
            ""
        ],
        "minimum_investment_amount:": [
            "INR 500/-",
            "and multiples of INR 1",
            ""
        ],
        "minimum_additional_investment_amount:": [
            "INR 100/- and multiples of INR 1",
            ""
        ],
        "entry_load:": [
            "NA",
            ""
        ],
        "exit_load:": [
            "For each purchase of units",
            "through Lumpsum / switch-in / Systematic",
            "Investment Plan (SIP) and Systematic",
            "Transfer Plan (STP), exit load will be as",
            "follows:",
            "If units are redeemed / switched out within",
            "6 months from the date of allotment:",
            "\u00b7 if upto 10% of units allotted are redeemed",
            "/ switched out \u00b7 Nil",
            "\u00b7 any redemption / switch-out of units in",
            "excess of 10% of units allotted - 1% of",
            "applicable NAV.",
            "If units are redeemed/switched out after 6",
            "months from the date of allotment, no exit",
            "load is payable.",
            ""
        ],
        "total_expense_ratio_(ter)": [
            "Including Additional Expenses and GST on",
            "Management Fees",
            "Regular Plan",
            "1.85%",
            "Direct Plan",
            "0.48%",
            ""
        ],
        "market_cap_allocation": [
            "4.53%",
            "Large Cap",
            "20.70%",
            "Mid Cap",
            "Small Cap",
            "Cash & Others",
            "14.82%",
            "59.94%",
            ""
        ],
        "composition_by_asset_(%)": [
            "4.53%",
            "95.47%",
            "Equities",
            "Reverse Repo/TREPS & Net Current Assets",
            "Kindly refer to Page No. 40, 41, 42, 43 & 44 for Performance Dat",
            ""
        ],
        "dummycnialbgfblzzcag": [
            "g across large cap, mid cap, small cap stocks",
            "by investing predominantly in equity and equity re",
            "vestment objective of the Scheme will be achieved",
            ""
        ],
        "*aum": [
            "(IN",
            "CRORE)",
            "Month end AUM",
            "4,051.72",
            "AAUM",
            "4,035.67",
            "*AUM as reported to SEBI & AMFI in the",
            "Monthly Cumulative Report (MCR)",
            ""
        ],
        "date_of_allotment:": [
            "14th August 2023",
            ""
        ],
        "benchmark:": [
            "BSE 500 TRI",
            ""
        ],
        "portfolio_(as_on_31_january,_2025)": [
            "Equity",
            "F",
            "Stock",
            "% of NAV",
            "%",
            "HDFC Bank Limited",
            "8.15%",
            "Tata Consultancy Services Limited",
            "4.74%",
            "Reliance Industries Limited",
            "4.60%",
            "Hindustan Unilever Limited",
            "4.41%",
            "Infosys Limited",
            "4.09%",
            "Divi's Laboratories Limited",
            "4.02%",
            ""
        ],
        "dummyoqksvllibnahyqi": [
            "s.",
            "elated instruments across market capitalisation.",
            "d.",
            ""
        ],
        "fund_manager:": [
            "Mr. Nimesh Chandan (Equity Portion) (Managing fund",
            "since inception & Overall experience of 24 years)",
            "Mr. Sorbh Gupta (Equity Portion) (Managing fund since",
            "inception & Overall experience of 16 years)",
            "Mr. Siddharth Chaudhary",
            "(Debt Portion) (Managing fund",
            "since inception & Overall experience of 18 years)",
            "Futures",
            "Equity",
            "Futu",
            "% of NAV",
            "Stock",
            "% of NAV",
            "% of",
            "Gillette India Limited",
            "0.81%",
            "Landmark Cars Limited",
            "0.77%",
            "The Ramco Cements Limited",
            "0.75%",
            "VA Tech Wabag Limited",
            "0.70%",
            "Orchid Pharma Limited",
            "0.66%",
            "PNB Housing Finance Limited",
            "0.66%",
            ""
        ],
        "dummyhsxrxoghrfeadaj": [
            ""
        ],
        "amc_name": "Bajaj Finserv Asset Management Limited",
        "main_scheme_name": "bajaj finserv flexi cap fund",
        "monthly_aaum_date": "28FEBRUARY2025",
        "page_number": [
            19
        ],
        "mutual_fund_name": "BajaJ Finserv Mutual Fund"
    },
    "bajaj finserv large and mid cap fund": {
        "investment_objective": [
            "To generate long-term capital appreciation by",
            "mid-cap stocks from various sectors. The fund",
            "However, there is no assurance that the invest",
            ""
        ],
        "scheme_details": [
            ""
        ],
        "nav": [
            "(IN",
            ") (as on 31 January, 2025)",
            "Direct Growth",
            "11.604",
            "Direct IDCW",
            "11.604",
            "Regular Growth",
            "11.441",
            "Regular IDCW",
            "11.441",
            ""
        ],
        "fund_features": [
            ""
        ],
        "scheme_category:": [
            "Large and Mid Cap Fund",
            ""
        ],
        "plans:": [
            "Regular Plan and Direct Plan",
            ""
        ],
        "options:": [
            "Growth and Income Distribution",
            "cum Capital Withdrawal (IDCW) option with",
            "Payout of Income Distribution cum Capital",
            "Withdrawal sub-option, Reinvestment of",
            "Income Distribution cum Capital Withdrawal",
            "sub-option and Transfer of Income",
            "Distribution cum Capital Withdrawal",
            "sub-option.",
            ""
        ],
        "minimum_investment_amount:": [
            "Rs. 500/-",
            "and in multiples of Re. 1/",
            ""
        ],
        "minimum_additional_investment_amount:": [
            "Rs. 100/- and in multiples of Re. 1/",
            ""
        ],
        "entry_load:": [
            "NA",
            ""
        ],
        "exit_load:": [
            "For each purchase of units through",
            "Lumpsum / switch-in / Systematic Investment",
            "Plan (SIP) and Systematic Transfer Plan (STP),",
            "exit load will be as follows:",
            "if units are redeemed / switched out within 6",
            "months from the date of allotment:",
            "\u00b7",
            "if upto 10% of units allotted are",
            "redeemed/switched out \u00b7 Nil",
            "\u00b7",
            "any redemption / switch-out of units in",
            "excess of 10% of units allotted - 1% of applicable",
            "NAV.",
            "if units are redeemed/switched out after 6",
            "months from the date of allotment, no exit load",
            "is payable.",
            ""
        ],
        "total_expense_ratio_(ter)": [
            "Including Additional Expenses and GST on",
            "Management Fees",
            "Regular Plan",
            "2.05%",
            "Direct Plan",
            "0.62%",
            ""
        ],
        "market_cap_allocation": [
            "3.86%",
            "7.39%",
            "Large Cap",
            "Mid Cap",
            "56.60%",
            "Small Cap",
            "Cash & Others",
            "32.15%",
            ""
        ],
        "composition_by_asset_(%)": [
            "3.86%",
            "96.14%",
            "Equities",
            "Reverse Repo/TREPS & Net Current Assets",
            "Kindly refer to Page No. 40, 41, 42, 43 & 44 for Performanc",
            ""
        ],
        "dummyqjrqcsqobgxxhll": [
            "g in both large cap and mid cap stocks.",
            "n by investing in a diversi\u00b7ed portfolio of equity",
            "und manager may also seek participation in other",
            "estment objective of the Scheme will be achieved",
            ""
        ],
        "*aum": [
            "(IN",
            "CRORE)",
            "Month end AUM",
            "1,705.46",
            "AAUM",
            "1,692.61",
            "*AUM as reported to SEBI & AMFI in the",
            "Monthly Cumulative Report (MCR)",
            ""
        ],
        "date_of_allotment:": [
            "27 February 2024",
            ""
        ],
        "benchmark:": [
            "Nifty Large Midcap 250 TRI",
            ""
        ],
        "portfolio_(as_on_31_january,_2025)": [
            "Equity",
            "Stock",
            "% of NAV",
            "HDFC Bank Limited",
            "6.29%",
            "Infosys Limited",
            "4.36%",
            "Tata Consultancy Services Limited",
            "4.18%",
            "Reliance Industries Limited",
            "3.85%",
            "Divi's Laboratories Limited",
            "3.30%",
            "Cipla Limited",
            "3.19%",
            "Hi d",
            "t",
            "U il",
            "Li",
            "it d",
            "2 85%",
            ""
        ],
        "dummyqgebsfcofgnzuvo": [
            "and equity related securities, predominantly in large and",
            "equity and equity related securities.",
            "d.",
            ""
        ],
        "fund_manager:": [
            "Mr. Nimesh Chandan (Equity Portion) (Managing fund",
            "since inception & Overall experience of 24 years)",
            "Mr. Sorbh Gupta (Equity Portion) (Managing fund since",
            "inception & Overall experience of 16 years)",
            "Mr. Siddharth Chaudhary",
            "(Debt Portion) (Managing fund",
            "since inception & Overall experience of 18 years)",
            "Futures",
            "Equity",
            "Fut",
            "% of NAV",
            "Stock",
            "% of NAV % of",
            "Emami Limited",
            "0.88%",
            "ICICI Lombard General Insurance Company Limited",
            "0.85%",
            "Berger Paints (I) Limited",
            "0.81%",
            "Senco Gold Limited",
            "0.76%",
            "ABB India Limited",
            "0.72%",
            "AIA Engineering Limited",
            "0.70%",
            "Gl",
            "S",
            "ithKli",
            "Ph",
            "ti",
            "l Li",
            "it d",
            "0 65%",
            ""
        ],
        "dummydbzoqfsgfrndtuj": [
            ""
        ],
        "amc_name": "Bajaj Finserv Asset Management Limited",
        "main_scheme_name": "bajaj finserv large and mid cap fund",
        "monthly_aaum_date": "28FEBRUARY2025",
        "page_number": [
            21
        ],
        "mutual_fund_name": "BajaJ Finserv Mutual Fund"
    },
    "bajaj finserv consumption fund": {
        "investment_objective": [
            "The objective of the Scheme is to generate",
            "companies that are likely to bene\u00b7t directly",
            "investment objective of the Scheme will be",
            ""
        ],
        "scheme_details": [
            ""
        ],
        "nav": [
            "(IN",
            ") (as on 31 January, 2025)",
            "Direct Growth",
            "9.422",
            "Direct IDCW",
            "9.422",
            "Regular Growth",
            "9.394",
            "Regular IDCW",
            "9.394",
            ""
        ],
        "fund_features": [
            ""
        ],
        "scheme_category:": [
            "Thematic Fund",
            ""
        ],
        "plans:": [
            "Regular Plan and Direct Plan",
            ""
        ],
        "options:": [
            "Growth Option and Income",
            "Distribution cum Capital Withdrawal (IDCW)",
            "option with Payout of Income Distribution",
            "cum Capital Withdrawal sub-option,",
            "Reinvestment of Income Distribution cum",
            "Capital Withdrawal sub-option and Transfer",
            "of Income Distribution cum Capital",
            "Withdrawal sub-option.",
            ""
        ],
        "minimum_investment_amount:": [
            "Rs. 500/-",
            "and in multiples of Re. 1/- thereafter.",
            ""
        ],
        "minimum_additional_investment_amount:": [
            "Rs. 500/- and in multiples of Re. 1/-",
            ""
        ],
        "entry_load:": [
            "NA",
            ""
        ],
        "exit_load:": [
            "\u00b7 if units are redeemed / switched out within",
            "3 months from the date of allotment: 1% of",
            "applicable NAV.",
            "\u00b7 if units are redeemed/switched out after 3",
            "months from the date of allotment, no exit",
            "load is payable.",
            ""
        ],
        "total_expense_ratio_(ter)": [
            "Including Additional Expenses and GST on",
            "Management Fees",
            "Regular Plan",
            "2.34%",
            "Direct Plan",
            "0.67%",
            ""
        ],
        "composition_by_asset_(%)": [
            "10.99%",
            "89.01%",
            "Equities",
            "Reverse Repo / TREPS",
            "& Net Current Assets",
            "Kindly refer to Page No. 47, 48 & 49 for Risk-o-meter and Pr",
            ""
        ],
        "dummyjerjhlaawzlzilx": [
            "g consumption theme",
            "te long term capital appreciation by predomina",
            "tly or indirectly from the domestic consumptio",
            "be achieved.",
            ""
        ],
        "*aum": [
            "(IN",
            "CRORE)",
            "Month end AUM",
            "520.84",
            "AAUM",
            "520.89",
            "*AUM as reported to SEBI & AMFI in the",
            "Monthly Cumulative Report (MCR)",
            ""
        ],
        "date_of_allotment:": [
            "29th November 2024",
            ""
        ],
        "benchmark": [
            "Nifty India Consumption",
            "Total Return Index (TRI)",
            ""
        ],
        "portfolio_(as_on_31_january,_2025)": [
            "Stock",
            "ITC Limited",
            "Trent Limited",
            "Mahindra & Mahindra Limited",
            "Info Edge (India) Limited",
            "InterGlobe Aviation Limited",
            "United Breweries Limited",
            "Jubilant Foodworks Limited",
            "Hi d",
            "t",
            "U il",
            "Li",
            "it d",
            ""
        ],
        "dummyixlmqfxhqzxadkh": [
            "antly investing in equity and equity related securities of",
            "on led demand. However, there is no assurance that the",
            ""
        ],
        "fund_manager:": [
            "Mr. Nimesh Chandan",
            "(Equity Portion) (Managing",
            "fundsince inception & Overall experience of 24",
            "years)",
            "Mr. Sorbh Gupta (Equity Portion) (Managing fund",
            "since inception & Overall experience of 16 years)",
            "Mr. Siddharth Chaudhary",
            "(Debt Portion)",
            "(Managing fund since inception & Overall",
            "experience of 18 years)",
            "Industry",
            "% of NA",
            "Diversi\u00b7ed FMCG",
            "4.1",
            "Retailing",
            "3.4",
            "Automobiles",
            "3.40",
            "Retailing",
            "3.23",
            "Transport Services",
            "3.1",
            "Beverages",
            "3.1",
            "Leisure Services",
            "3.03",
            "Di",
            "i\u00b7d FMCG",
            "2 98",
            ""
        ],
        "dummymdzqtsjhpktdfrg": [
            ""
        ],
        "amc_name": "Bajaj Finserv Asset Management Limited",
        "main_scheme_name": "bajaj finserv consumption fund",
        "monthly_aaum_date": "28FEBRUARY2025",
        "page_number": [
            23
        ],
        "mutual_fund_name": "BajaJ Finserv Mutual Fund"
    },
    "bajaj finserv healthcare fund": {
        "investment_objective": [
            "The objective of the Scheme is to generate",
            "pharma, healthcare and allied companies. H",
            ""
        ],
        "scheme_details": [
            ""
        ],
        "nav": [
            "(IN",
            ") (as on 31 January, 2025)",
            "Direct Growth",
            "9.414",
            "Direct IDCW",
            "9.414",
            "Regular Growth",
            "9.398",
            "Regular IDCW",
            "9.398",
            ""
        ],
        "fund_features": [
            ""
        ],
        "scheme_category:": [
            "Thematic Fund",
            ""
        ],
        "plans:": [
            "Regular Plan and Direct Plan",
            ""
        ],
        "options:": [
            "Growth Option and Income",
            "Distribution cum Capital Withdrawal (IDCW)",
            "option with Payout of Income Distribution",
            "cum Capital Withdrawal sub-option,",
            "Reinvestment of Income Distribution cum",
            "Capital Withdrawal sub-option and Transfer",
            "of Income Distribution cum Capital",
            "Withdrawal sub-option.",
            ""
        ],
        "minimum_investment_amount:": [
            "Rs. 500/-",
            "and in multiples of Re. 1/- thereafter.",
            ""
        ],
        "minimum_additional_investment_amount:": [
            "Rs. 500/- and in multiples of Re. 1/-",
            ""
        ],
        "entry_load:": [
            "NA",
            ""
        ],
        "exit_load:": [
            "\u00b7 if units are redeemed / switched out within",
            "3 months from the date of allotment: 1% of",
            "applicable NAV.",
            "\u00b7 if units are redeemed/switched out after 3",
            "months from the date of allotment, no exit",
            "load is payable.",
            ""
        ],
        "total_expense_ratio_(ter)": [
            "Including Additional Expenses and GST on",
            "Management Fees",
            "Regular Plan",
            "2.36%",
            "Direct Plan",
            "0.61%",
            ""
        ],
        "composition_by_asset_(%)": [
            "8.18%",
            "91.82%",
            "Equities",
            "Reverse Repo / TREPS",
            "& Net Current Assets",
            "Kindly refer to Page No. 47, 48 & 49 for Risk-o-meter and Pr",
            ""
        ],
        "dummyaeoshixkrprmxdp": [
            "g pharma, healthcare and allied theme",
            "te long term capital appreciation by predomina",
            "s. However, there is no assurance that the inve",
            ""
        ],
        "*aum": [
            "(IN",
            "CRORE)",
            "Month end AUM",
            "302.02",
            "AAUM",
            "301.12",
            "*AUM as reported to SEBI & AMFI in the",
            "Monthly Cumulative Report (MCR)",
            ""
        ],
        "date_of_allotment:": [
            "27th December 2024",
            ""
        ],
        "benchmark": [
            "BSE Healthcare Total Return",
            "Index (TRI)",
            ""
        ],
        "portfolio_(as_on_31_january,_2025)": [
            "Stock",
            "Divi's Laboratories Limited",
            "Sun Pharmaceutical Industries Limited",
            "Dr. Reddy's Laboratories Limited",
            "Cipla Limited",
            "Apollo Hospitals Enterprise Limited",
            "Biocon Limited",
            ""
        ],
        "dummyqhjdkodyoxyckje": [
            "antly investing in equity and equity related securities of",
            "stment objective of the Scheme will be achieved.",
            ""
        ],
        "fund_manager:": [
            "Mr. Nimesh Chandan",
            "(Equity Portion) (Managing",
            "fundsince inception & Overall experience of 24",
            "years)",
            "Mr. Sorbh Gupta (Equity Portion) (Managing fund",
            "since inception & Overall experience of 16 years)",
            "Mr. Siddharth Chaudhary",
            "(Debt Portion)",
            "(Managing fund since inception & Overall",
            "experience of 18 years)",
            "Industry",
            "% of NA",
            "Pharmaceuticals & Biotechnology",
            "8.74",
            "Pharmaceuticals & Biotechnology",
            "8.65",
            "Pharmaceuticals & Biotechnology",
            "8.46",
            "Pharmaceuticals & Biotechnology",
            "7.1",
            "Healthcare Services",
            "5.28",
            "Pharmaceuticals & Biotechnology",
            "4 24",
            ""
        ],
        "dummyrxcvkmrugynjyux": [
            ""
        ],
        "amc_name": "Bajaj Finserv Asset Management Limited",
        "main_scheme_name": "bajaj finserv healthcare fund",
        "monthly_aaum_date": "28FEBRUARY2025",
        "page_number": [
            25
        ],
        "mutual_fund_name": "BajaJ Finserv Mutual Fund"
    },
    "bajaj finserv balanced advantage fund": {
        "investment_objective": [
            "The investment objective of the scheme is to",
            "managing the portfolio through investmen",
            "derivatives. However, there is no assurance",
            ""
        ],
        "scheme_details": [
            ""
        ],
        "nav": [
            "(IN",
            ") (as on 31 January, 2025)",
            "Direct Growth",
            "10.925",
            "Direct IDCW",
            "10.925",
            "Regular Growth",
            "10.732",
            "Regular IDCW",
            "10.732",
            ""
        ],
        "fund_features": [
            ""
        ],
        "scheme_category:": [
            "Balanced Advantage Fund",
            ""
        ],
        "plans:": [
            "Regular Plan and Direct Plan",
            ""
        ],
        "options:": [
            "Growth and Income Distribution",
            "cum Capital Withdrawal (IDCW) option with",
            "Payout of Income Distribution cum Capital",
            "Withdrawal sub-option, Reinvestment of",
            "Income Distribution cum Capital Withdrawal",
            "sub-option and Transfer of Income",
            "Distribution cum Capital Withdrawal",
            "sub-option.",
            ""
        ],
        "minimum_investment_amount:": [
            "INR 500/-",
            "and multiples of INR 1",
            ""
        ],
        "minimum_additional_investment_amount:": [
            "INR 100/- and multiples of INR 1",
            ""
        ],
        "entry_load:": [
            "NA",
            ""
        ],
        "exit_load:": [
            "For each purchase of units",
            "through Lumpsum / switch-in / Systematic",
            "Investment Plan (SIP) and Systematic",
            "Transfer Plan (STP), exit load will be as",
            "follows:",
            "if units are redeemed / switched out within 6",
            "months from the date of allotment:",
            "\u00b7 if upto 8% of units allotted are",
            "redeemed/switched out \u00b7 Nil",
            "\u00b7 any redemption / switch-out of units in",
            "excess of 8% of units allotted - 1% of",
            "applicable NAV.",
            "if units are redeemed/switched out after 6",
            "months from the date of allotment, no exit",
            "load is payable.",
            ""
        ],
        "total_expense_ratio_(ter)": [
            "Including Additional Expenses and GST on",
            "Management Fees",
            "Regular Plan",
            "2.07%",
            "Direct Plan",
            "0.56%",
            ""
        ],
        "other_parameters*": [
            "(as on 31 Jan, 2025)",
            "Average Maturity",
            "6.28 Years",
            "Modi\u00b7ed Duration",
            "2.66 Years",
            "Macaulay Duration",
            "2.77 Years",
            "Yield to Maturity",
            "6.72%",
            "Note : YTM details should not be construed as indicative returns and the securities",
            "bought by the Fund may or may not be held till the respective",
            "maturities.Performance, SIP & other parameters are not disclosed as fund has not",
            "completed 1 year.",
            "*For the debt portion of the portfolio",
            ""
        ],
        "composition_by_asset_(%)": [
            "1.19%",
            "4.34%",
            "0.82%",
            "8.66%",
            "85.00%",
            "Equities",
            "Government Bond",
            "Corporate Bond",
            "Reverse Repo / TREPS & Net Current Assets",
            "State Government Bond",
            "Kindly refer to Page No. 40, 41, 42, 43 & 44 for Performance Dat",
            ""
        ],
        "dummyirhjmleqeddlgdj": [
            "on Fund",
            "s to capitalize on the potential upside of equitie",
            "ment in equity & equity related instruments an",
            "ce that the investment objective of the Schem",
            ""
        ],
        "*aum": [
            "(IN",
            "CRORE)",
            "Month end AUM",
            "1,275.51",
            "AAUM",
            "1,278.20",
            "*AUM as reported to SEBI & AMFI in the",
            "Monthly Cumulative Report (MCR)",
            ""
        ],
        "date_of_allotment:": [
            "15 December 2023",
            ""
        ],
        "benchmark": [
            "NIFTY 50 Hybrid Composite",
            "debt 50:50 Index",
            ""
        ],
        "portfolio_(as_on_31_january,_2025)": [
            "Equity",
            "Stock",
            "% of NAV       %",
            "HDFC Bank Limited",
            "8.72%",
            "Reliance Industries Limited",
            "6.74%",
            "Infosys Limited",
            "6.16%",
            "Tata Consultancy Services Limited",
            "4.09%",
            "ICICI Bank Limited",
            "3.74%",
            ""
        ],
        "dummyvtiosrcbgzhbjjs": [
            "es while attempting to limit the downside by dynamically",
            "nd active use of debt, money market instruments and",
            "me will be achieved.",
            ""
        ],
        "fund_manager:": [
            "Mr. Nimesh Chandan (Equity Portion) (Managing",
            "fund since inception & Overall experience of 24",
            "years)",
            "Mr. Sorbh Gupta (Equity Portion) (Managing fund",
            "since inception & Overall experience of 16 years)",
            "Mr. Siddharth Chaudhary",
            "(Debt Portion)",
            "(Managing fund since inception & Overall",
            "experience of 18 years)",
            "Futures",
            "Equity",
            "Futu",
            "% of NAV",
            "Stock",
            "% of NAV % of ",
            "Bajaj Finance Limited",
            "0.74%",
            "Maruti Suzuki India Limited",
            "0.73%",
            "-0.5",
            "Tata Motors Limited",
            "0.66%",
            "-0.4",
            "-0.28%",
            "Eicher Motors Limited",
            "0.65%",
            "-0.69%",
            "Power Grid Corporation of India Limited",
            "0.53%",
            ""
        ],
        "dummyfxlqlzydgkfnssz": [
            ""
        ],
        "amc_name": "Bajaj Finserv Asset Management Limited",
        "main_scheme_name": "bajaj finserv balanced advantage fund",
        "monthly_aaum_date": "28FEBRUARY2025",
        "page_number": [
            26
        ],
        "mutual_fund_name": "BajaJ Finserv Mutual Fund"
    },
    "bajaj finserv multi asset allocation fund": {
        "before": [
            "market instruments, Gold ETFs, Silver ETFs",
            ""
        ],
        "investment_objective": [
            "To generate income from \u00b7xed income inst",
            "securities including derivatives, Gold ETFs, S",
            "no assurance that the investment objective",
            ""
        ],
        "scheme_details": [
            ""
        ],
        "nav": [
            "(IN",
            ") (as on 31 January, 2025)",
            "Direct Growth",
            "10.3871",
            "Direct IDCW",
            "10.3871",
            "Regular Growth",
            "10.2801",
            "Regular IDCW",
            "10.2801",
            ""
        ],
        "fund_features": [
            ""
        ],
        "scheme_category:": [
            "Multi Asset Allocation Fund",
            ""
        ],
        "plans:": [
            "Regular Plan and Direct Plan",
            ""
        ],
        "options:": [
            "Growth and Income Distribution",
            "cum Capital Withdrawal (IDCW) option with",
            "Payout of Income Distribution cum Capital",
            "Withdrawal sub-option, Reinvestment of",
            "Income Distribution cum Capital Withdrawal",
            "sub-option and Transfer of Income",
            "Distribution cum Capital Withdrawal",
            "sub-option.",
            ""
        ],
        "minimum_investment_amount:": [
            "Rs. 500/-",
            "and in multiples of Re. 1/- thereafter",
            ""
        ],
        "minimum_additional_investment_amount:": [
            "INR 100/- and multiples of Re. 1",
            ""
        ],
        "entry_load:": [
            "NA",
            ""
        ],
        "exit_load:": [
            "For each purchase of units through Lumpsum /",
            "switch-in / Systematic Investment Plan (SIP) and Systematic",
            "Transfer Plan (STP), exit load will be as follows:",
            "- if units are redeemed / switched out within 1 year from the",
            "date of allotment:",
            "\u00b7 if up to 30% of units allotted are redeemed/switched out \u00b7 Nil",
            "\u00b7 any redemption / switch-out of units in",
            "excess of 30% of",
            "units allotted \u00b7 1% of applicable NAV.",
            "- If units purchased or switched in from another scheme of the",
            "Fund are redeemed or switched out after 1 year from the date",
            "of allotment, no exit load is payable.",
            ""
        ],
        "total_expense_ratio_(ter)": [
            "Including Additional Expenses and GST on",
            "Management Fees",
            "Regular Plan",
            "2.05%",
            "Direct Plan",
            "0.53%",
            ""
        ],
        "other_parameters*": [
            "(as on 31 Jan, 2025)",
            "Average Maturity",
            "2.35 Years",
            "Modi\u00b7ed Duration",
            "1.98 Years",
            "Macaulay Duration",
            "2.14 Years",
            "Yield to Maturity",
            "8.01%",
            "Note : YTM details should not be construed as indicative returns",
            "and the securities bought by the Fund may or may not be held",
            "till the respective maturities.Performance, SIP & other",
            "parameters are not disclosed as fund has not completed 1 year.",
            "*For the debt portion of the portfolio",
            ""
        ],
        "composition_by_asset_(%)": [
            "5.13%",
            "11.32%",
            "64.50%",
            "19.05%",
            "Total Equities",
            "Total Gold and Silver ETFs",
            "Total Fixed",
            "Other Assets, Short Term",
            "Income",
            "Debt and Net Current Assets",
            "Kindly refer to Page No. 40, 41, 42, 43 & 44 for Performance",
            ""
        ],
        "dummygyaezcotxkhnidm": [
            "uity and equity related instruments, debt & d",
            "TFs, exchange traded commodity derivatives",
            "nstruments and generate capital appreciation",
            "s, Silver ETFs, exchange traded commodity der",
            "ive of the Scheme will be achieved.",
            ""
        ],
        "*aum": [
            "(IN",
            "CRORE)",
            "Month end AUM",
            "1,110.57",
            "AAUM",
            "1,099.31",
            "*AUM as reported to SEBI & AMFI in the",
            "Monthly Cumulative Report (MCR)",
            ""
        ],
        "date_of_allotment:": [
            "3 June 2024",
            ""
        ],
        "benchmark:": [
            "65% Nifty 50 TRI + 25%",
            "NIFTY Short Duration Debt Index + 10%",
            "Domestic Prices of Gold",
            ""
        ],
        "portfolio_(as_on_31_january,_2025)": [
            "Equity",
            "Stock",
            "% of NAV       %",
            "HDFC Bank Limited",
            "6.79%",
            "Infosys Limited",
            "3.54%",
            "ITC Limited",
            "3 45%",
            ""
        ],
        "dummykxskmgqzprstaed": [
            "debt derivatives and money",
            "s and in units of REITs and InvITs",
            "n for investors by investing in equity and equity related",
            "rivatives and in units of REITs & InvITs. However, there is",
            ""
        ],
        "fund_manager:": [
            "Mr. Nimesh Chandan (Equity & Debt Portion) (Managing",
            "fund since inception & Overall experience of 24 years)",
            "Mr. Sorbh Gupta (Equity Portion) (Managing fund since",
            "inception & Overall experience of 16 years)",
            "Mr. Siddharth Chaudhary",
            "(Debt Portion) (Managing fund",
            "since inception & Overall experience of 18 years)",
            "Mr. Vinay Bafna (Commodity investments portion)",
            "(Managing fund since inception & Overall experience of 10+",
            "years)",
            "Futures",
            "Equity",
            "Futu",
            "% of NAV",
            "Stock",
            "% of NAV % of ",
            "Hindustan Petroleum Corporation Limited",
            "0.83%",
            "VIP Industries Limited",
            "0.82%",
            "Bank of Baroda",
            "0 82%",
            ""
        ],
        "dummycuqbkneskgmjuzw": [
            ""
        ],
        "amc_name": "Bajaj Finserv Asset Management Limited",
        "main_scheme_name": "bajaj finserv multi asset allocation fund",
        "monthly_aaum_date": "28FEBRUARY2025",
        "page_number": [
            28
        ],
        "mutual_fund_name": "BajaJ Finserv Mutual Fund"
    },
    "bajaj finserv arbitrage fund": {
        "investment_objective": [
            "The investment objective of the Scheme is",
            "segments of the equity markets and by inv",
            "investment objective of the Scheme will be",
            ""
        ],
        "scheme_details": [
            ""
        ],
        "nav": [
            "(IN ) (as on 31 January, 2025)",
            "Direct Growth",
            "11.056",
            "Direct IDCW",
            "11.056",
            "Regular Growth",
            "10.949",
            "Regular IDCW",
            "10.949",
            ""
        ],
        "fund_features": [
            ""
        ],
        "scheme_category:": [
            "Arbitrage Fund",
            ""
        ],
        "plans:": [
            "Regular Plan and Direct Plan",
            ""
        ],
        "options:": [
            "Growth and Income Distribution",
            "cum Capital Withdrawal (IDCW) option with",
            "Payout of Income Distribution cum Capital",
            "Withdrawal sub-option, Reinvestment of",
            "Income Distribution cum Capital Withdrawal",
            "sub-option and Transfer of Income",
            "Distribution cum Capital Withdrawal",
            "sub-option.",
            ""
        ],
        "minimum_investment_amount:": [
            "INR 500/-",
            "and multiples of INR 1",
            ""
        ],
        "minimum_additional_investment_amount:": [
            "INR 100/- and multiples of INR 1",
            ""
        ],
        "entry_load:": [
            "NA",
            ""
        ],
        "exit_load:": [
            "For each purchase of units",
            "through Lumpsum / switch-in / Systematic",
            "Investment Plan (SIP) and Systematic",
            "Transfer Plan (STP), exit load will be as",
            "follows:",
            "\u00b7 0.25% of applicable NAV if",
            "redeemed/switched out within 15 days from",
            "the date of allotment.",
            "\u00b7 Nil if redeemed/switched out after 15 days",
            "from the date of allotment.",
            ""
        ],
        "total_expense_ratio_(ter)": [
            "Including Additional Expenses and GST on",
            "Management Fees",
            "Regular Plan",
            "0.97%",
            "Direct Plan",
            "0.27%",
            ""
        ],
        "other_parameters*": [
            "(as on 31 Jan, 2025)",
            "Average Maturity",
            "55 Days",
            "Modi\u00b7ed Duration",
            "53 Days",
            "Macaulay Duration",
            "55 Days",
            "Yield to Maturity",
            "7.29%",
            "Note : YTM details should not be construed as indicative returns",
            "and the securities bought by the Fund may or may not be held till",
            "the respective maturities.Performance, SIP & other parameters",
            "are not disclosed as fund has not completed 1 year.",
            "*For the debt portion of the portfolio",
            ""
        ],
        "composition_by_asset_(%)": [
            "2.03%",
            "25.00%",
            "72.97%",
            "Equities",
            "Certi\u00b7cate of Deposit",
            "Mutual Fund Units",
            "Kindly refer to Page No. 40, 41, 42, 43 & 44 for Performance Data",
            ""
        ],
        "dummyhrylpenotgxdvjb": [
            "itrage opportunities",
            "e is to seek to generate returns by investing",
            "investing balance in debt and money market",
            "be achieved.",
            ""
        ],
        "*aum": [
            "(IN",
            "CRORE)",
            "Month end AUM",
            "707.16",
            "AAUM",
            "957.86",
            "*AUM as reported to SEBI & AMFI in the",
            "Monthly Cumulative Report (MCR)",
            ""
        ],
        "date_of_allotment:": [
            "15 September 2023",
            ""
        ],
        "benchmark:": [
            "Nifty 50 Arbitrage Index",
            "(TRI)",
            ""
        ],
        "portfolio_(as_on_31_january,_2025)": [
            "Equity",
            "Stock",
            "% of NAV       %",
            "Reliance Industries Limited",
            "8.64%",
            "Punjab National Bank",
            "4.90%",
            "Axis Bank Limited",
            "4.86%",
            ""
        ],
        "dummyjgkmakqufgbpksj": [
            "in arbitrage opportunities in the cash and derivatives",
            "t instruments.However, There is no assurance that the",
            ""
        ],
        "fund_manager:": [
            "Mr. Ilesh Savla (Equity Portion)(Managing fund",
            "since inception & Overall experience of over 23",
            "years)",
            "Mr. Siddharth Chaudhary",
            "(Debt Portion)(Managing",
            "fund since inception & Overall experience of 18",
            "years)",
            "Futures",
            "Equity",
            "Futu",
            "% of NAV",
            "Stock",
            "% of NAV % of ",
            "-8.67%",
            "Grasim Industries Limited",
            "0.30%",
            "-0.3",
            "-4.93%",
            "Coal India Limited",
            "0.28%",
            "-0.2",
            "-4.88%",
            "Adani Enterprises Limited",
            "0.26%",
            "-0.2",
            ""
        ],
        "dummydflwuplwltbaedm": [
            ""
        ],
        "amc_name": "Bajaj Finserv Asset Management Limited",
        "main_scheme_name": "bajaj finserv arbitrage fund",
        "monthly_aaum_date": "28FEBRUARY2025",
        "page_number": [
            30
        ],
        "mutual_fund_name": "BajaJ Finserv Mutual Fund"
    },
    "bajaj finserv liquid fund": {
        "investment_objective": [
            "To provide a level of income consistent with",
            "primarily in money market and debt securiti",
            "Disclaimer: There is no assurance that the in",
            ""
        ],
        "scheme_details": [
            ""
        ],
        "nav": [
            "(IN",
            ") (as on 31 January, 2025)",
            "Direct Growth",
            "1118.4611",
            "Regular Growth",
            "1115.4623",
            ""
        ],
        "fund_features": [
            ""
        ],
        "scheme_category:": [
            "Liquid Fund",
            ""
        ],
        "plans:": [
            "Regular Plan and Direct Plan",
            ""
        ],
        "options:": [
            "Growth and Income Distribution",
            "cum Capital Withdrawal (IDCW) option with",
            "Payout of Income Distribution cum Capital",
            "Withdrawal sub-option, Reinvestment of",
            "Income Distribution cum Capital Withdrawal",
            "sub-option and Transfer of Income",
            "Distribution cum Capital Withdrawal",
            "sub-option",
            ""
        ],
        "minimum_investment_amount:": [
            "INR 100/-",
            "and multiples of INR 1",
            ""
        ],
        "minimum_additional_investment_amount:": [
            "INR 100/- and multiples of INR 1",
            ""
        ],
        "entry_load:": [
            "NA",
            ""
        ],
        "exit_load:": [
            "For each purchase of units",
            "through Lumpsum / switch-in / Systematic",
            "Investment Plan (SIP) and Systematic",
            "Transfer Plan (STP), exit load will be as",
            "follows:as a % of redemption proceeds",
            "(including systematic transactions) Up to",
            "Units redeemed/switched-out",
            "Exit load as a %",
            "Units redeemed/switched-out",
            "Exit load as a %",
            "within \u00b7X\u00b7 days from the date",
            "of redemption",
            "within \u00b7X\u00b7 days from the date",
            "of redemption",
            "of allotment",
            "proceeds",
            "of allotment",
            "proceeds",
            "Day 1",
            "0.0070%",
            "Day 5",
            "0.0050%",
            "Day 2",
            "0.0065%",
            "Day 6",
            "0.0045%",
            "Day 3",
            "0.0060%",
            "Day 7 onwards Nil",
            "Day 4",
            "0.0055%",
            "Note 1: For the purpose of levying exit load, if subscription",
            "(application & funds) is received within cut-off time on a day,",
            "Day 1 shall be considered to be the same day, else the day after",
            "the date of allotment of units shall be considered as Day 1.",
            "The Scheme will not levy exit load in case the timelines for",
            "rebalancing portfolio as stated in SEBI Circular dated March 30,",
            "2022 is not complied with.",
            ""
        ],
        "total_expense_ratio_(ter)": [
            "Including Additional Expenses and GST on",
            "Management Fees",
            "Regular Plan",
            "0.28%",
            "Direct Plan",
            "0.11%",
            ""
        ],
        "other_parameters": [
            "(as on 31 Jan, 2025)",
            "Average Maturity",
            "45 Days",
            "Modi\u00b7ed Duration",
            "45 Days",
            "Macaulay Duration",
            "47 Days",
            "Yield to Maturity",
            "7.23%",
            "Note : YTM details should not be construed as indicative returns",
            "and the securities bought by the Fund may or may not be held till",
            "the respective maturities.Performance, SIP & other parameters",
            "are not disclosed as fund has not completed 1 year.",
            ""
        ],
        "composition_by_rating_(%)": [
            "0.16%",
            "4.56%",
            "16.79%",
            "78.48%",
            "Corporate Debt Market",
            "Sovereign",
            "Development Fund Class A2",
            "Reverse Repo / TREPS",
            "AAA/A1+",
            "& Net Current Assets",
            "Kindly refer to Page No. 40, 41, 42, 43 & 44 for Performance D",
            ""
        ],
        "dummyejyhbwuppnwdust": [
            "atively Low Interest Rate Risk and Moderate",
            "with the objectives of preservation of capital, l",
            "rities with maturity of up to 91 days only.",
            "e investment objective of the Scheme will be a",
            ""
        ],
        "*aum": [
            "(IN",
            "CRORE)",
            "Month end AUM",
            "4,234.72",
            "AAUM",
            "3,479.28",
            "*AUM as reported to SEBI & AMFI in the",
            "Monthly Cumulative Report (MCR)",
            ""
        ],
        "date_of_allotment:": [
            "5 July 2023",
            ""
        ],
        "benchmark:": [
            "NIFTY Liquid Index A-I",
            ""
        ],
        "portfolio_(as_on_31_january,_2025)": [
            "Stock",
            "Certi\u00b7cate of Deposit",
            "Axis Bank Limited",
            "Indian Bank",
            "Bank of Baroda",
            "HDFC Bank Limited",
            "Union Bank of India",
            "Canara Bank",
            "National Bank For Agriculture and Rural Development",
            "ICICI Bank Limited",
            ""
        ],
        "dummyeynsjguasmzubxl": [
            "Credit Risk",
            "lower risk and high liquidity through investments made",
            "achieved.",
            ""
        ],
        "fund_manager:": [
            "Mr. Siddharth Chaudhary",
            "(Managing fund since",
            "inception & Overall experience of 18 years)",
            "Mr. Nimesh Chandan (Managing fund since",
            "inception & Overall experience of 24 years)",
            "Rating",
            "% of N",
            "46.28",
            "CRISIL A1+",
            "8.7",
            "CRISIL A1+",
            "7.0",
            "CRISIL A1+/FITCH A1+",
            "6.4",
            "CARE A1+/FITCH A1+",
            "5.8",
            "FITCH A1+",
            "5.8",
            "CRISIL A1+",
            "4.6",
            "CRISIL A1+",
            "4.1",
            "ICRA A1+",
            "1 ",
            ""
        ],
        "dummytivbvqdrpiggpjm": [
            ""
        ],
        "amc_name": "Bajaj Finserv Asset Management Limited",
        "main_scheme_name": "bajaj finserv liquid fund",
        "monthly_aaum_date": "28FEBRUARY2025",
        "page_number": [
            31
        ],
        "mutual_fund_name": "BajaJ Finserv Mutual Fund"
    },
    "bajaj finserv money market fund": {
        "before": [
            "Low Interest Rate Risk and Moderate Credi",
            ""
        ],
        "investment_objective": [
            "The investment objective of the scheme",
            "instruments.",
            "However, There is no assurance that the inv",
            ""
        ],
        "scheme_details": [
            ""
        ],
        "nav": [
            "(IN",
            ") (as on 31 January, 2025)",
            "Direct Growth",
            "1121.7378",
            "Regular Growth",
            "1112.3101",
            ""
        ],
        "fund_features": [
            ""
        ],
        "scheme_category:": [
            "Money Market Fund",
            ""
        ],
        "plans:": [
            "Regular Plan and Direct Plan",
            ""
        ],
        "options:": [
            "Growth and Income Distribution",
            "cum Capital Withdrawal (IDCW) option with",
            "Payout of Income Distribution cum Capital",
            "Withdrawal sub-option, Reinvestment of",
            "Income Distribution cum Capital Withdrawal",
            "sub-option and Transfer of Income",
            "Distribution cum Capital Withdrawal",
            "sub-option.",
            ""
        ],
        "minimum_investment_amount:": [
            "INR 1,000/-",
            "and multiples of INR 1",
            ""
        ],
        "minimum_additional_investment_amount:": [
            "INR 1,000/- and multiples of INR 1",
            ""
        ],
        "entry_load:": [
            "NA",
            ""
        ],
        "exit_load:": [
            "Nil",
            ""
        ],
        "total_expense_ratio_(ter)": [
            "Including Additional Expenses and GST on",
            "Management Fees",
            "Regular Plan",
            "0.76%",
            "Direct Plan",
            "0.11%",
            ""
        ],
        "other_parameters": [
            "(as on 31 Jan, 2025)",
            "Average Maturity",
            "204 Days",
            "Modi\u00b7ed Duration",
            "193 Days",
            "Macaulay Duration",
            "201 Days",
            "Yield to Maturity",
            "7.51%",
            "Note : YTM details should not be construed as indicative",
            "returns and the securities bought by the Fund may or may",
            "not be held till the respective maturities.",
            "Performance, SIP & other parameters are not disclosed as",
            "fund has not completed 1 year.",
            ""
        ],
        "composition_by_rating_(%)": [
            "-3.50%",
            "0.24%",
            "13.37%",
            "89.90%",
            "Cash & Cash Equivalent",
            "Sovereign",
            "Corporate Debt Market",
            "A1+",
            "Development Fund Class A2",
            "Kindly refer to Page No. 40, 41, 42, 43 & 44 for Performance D",
            ""
        ],
        "dummyptduofremhekwqu": [
            "n money market instruments with Relatively",
            "edit Risk.",
            "me is to generate regular income through in",
            "investment objective of the Scheme will be ac",
            ""
        ],
        "*aum": [
            "(IN",
            "CRORE)",
            "Month end AUM",
            "2,935.33",
            "AAUM",
            "3,168.79",
            "*AUM as reported to SEBI & AMFI in the",
            "Monthly Cumulative Report (MCR)",
            ""
        ],
        "date_of_allotment:": [
            "24 July 2023",
            ""
        ],
        "benchmark:": [
            "NIFTY Money Market Index A-I",
            ""
        ],
        "portfolio_(as_on_31_january,_2025)": [
            "Stock",
            "Certi\u00b7cate of Deposit",
            "Bank of Baroda",
            "Kotak Mahindra Bank Limited",
            "HDFC Bank Limited",
            "C",
            "B",
            "k",
            ""
        ],
        "dummyrildgpxcrkmwnax": [
            "y",
            "vestment in a portfolio comprising of money market",
            "hieved.",
            ""
        ],
        "fund_manager:": [
            "Mr. Siddharth Chaudhary",
            "(Managing fund since",
            "inception & Overall experience of 18 years)",
            "Mr. Nimesh Chandan (Managing fund since",
            "inception & Overall experience of 24 years)",
            "Rating",
            "% of N",
            "60.67",
            "FITCH A1+",
            "11.3",
            "CRISIL A1+",
            "8.0",
            "CARE A1+/CRISIL A1+",
            "8.0",
            "CRISIL A1",
            "794",
            ""
        ],
        "dummyhaprhhafvhgsbda": [
            ""
        ],
        "amc_name": "Bajaj Finserv Asset Management Limited",
        "main_scheme_name": "bajaj finserv money market fund",
        "monthly_aaum_date": "28FEBRUARY2025",
        "page_number": [
            32
        ],
        "mutual_fund_name": "BajaJ Finserv Mutual Fund"
    },
    "bajaj finserv gilt fund": {
        "before": [
            "interest rate risk and relatively low credit ri",
            ""
        ],
        "investment_objective": [
            "The objective of the Scheme is to generate cre",
            "State Government(s) and/or any security uncon",
            "RBI Regulations and Guidelines. The Scheme m",
            "similar instruments as may be noti\u00b7ed from time",
            ""
        ],
        "scheme_details": [
            ""
        ],
        "nav": [
            "(IN ) (as on 31 January, 2025)",
            "Direct Growth",
            "1005.4466",
            "Regular Growth",
            "1005.1418",
            ""
        ],
        "fund_features": [
            ""
        ],
        "scheme_category:": [
            "Gilt Fund",
            ""
        ],
        "plans:": [
            "Regular Plan and Direct Plan",
            ""
        ],
        "options:": [
            "Growth Option and Income",
            "Distribution cum Capital Withdrawal (IDCW)",
            "option with Payout of Income Distribution",
            "cum Capital Withdrawal sub-option,",
            "Reinvestment of Income Distribution cum",
            "Capital Withdrawal sub option and Transfer",
            "of Income Distribution cum Capital",
            "Withdrawal sub-option.",
            ""
        ],
        "minimum_investment_amount:": [
            "Rs. 5,000/-",
            "and in multiples of Re. 1/- thereafter.",
            ""
        ],
        "minimum_additional_investment_amount:": [
            "Rs. 1,000/- and in multiples of Re. 1/-",
            ""
        ],
        "entry_load:": [
            "Nil",
            ""
        ],
        "exit_load:": [
            "Nil",
            ""
        ],
        "total_expense_ratio_(ter)": [
            "Including Additional Expenses and GST on",
            "Management Fees",
            "Regular Plan",
            "1.04%",
            "Direct Plan",
            "0.39%",
            ""
        ],
        "other_parameters": [
            "(as on 31 Jan, 2025)",
            "Average Maturity",
            "23.9 Years",
            "Modi\u00b7ed Duration",
            "9.7 Years",
            "Macaulay Duration",
            "10.4 Years",
            "Yield to Maturity",
            "6.90%",
            "Note : YTM details should not be construed as indicative",
            "returns and the securities bought by the Fund may or may",
            "not be held till the respective maturities.",
            "Performance, SIP & other parameters are not disclosed as",
            "fund has not completed 1 year.",
            ""
        ],
        "composition_by_rating_(%)": [
            "6.55%",
            "93.45%",
            "Sovereign",
            "Reverse Repo / TREPS & Net",
            "Current Assets",
            "Kindly refer to Page No. 46 for Potential Risk Class (PRC). | Kin",
            ""
        ],
        "dummyueamwsbfowtukgp": [
            "n government securities across maturity wit",
            "t risk",
            "credit risk-free returns through investments in sov",
            "conditionally guaranteed by the Government of Ind",
            "e may also be investing in Reverse repo, Triparty r",
            "ime to time. However, there is no assurance that th",
            ""
        ],
        "*aum": [
            "(IN",
            "CRORE)",
            "Month end AUM",
            "46.65",
            "AAUM",
            "25.03",
            "*AUM as reported to SEBI & AMFI in the",
            "Monthly Cumulative Report (MCR)",
            ""
        ],
        "date_of_allotment:": [
            "15 Jan 2025",
            ""
        ],
        "benchmark:": [
            "CRISIL Dynamic Gilt Index",
            ""
        ],
        "portfolio_(as_on_31_january,_2025)": [
            "Stock",
            "Government Bond",
            "7.3% GOI (MD 19/06/2053)",
            "6.79% GOI (MD 07/10/2034)",
            "7 34% GOI (MD 22/04/2064)",
            ""
        ],
        "dummyazqlkfdesfmjpyk": [
            "th relatively high",
            "vereign securities issued by the Central Government and/",
            "dia, and/or reverse repos in such securities as per applicab",
            "repo on Government securities or treasury bills and/or othe",
            "he investment objective of the Scheme will be achieved.",
            ""
        ],
        "fund_manager:": [
            "Mr. Siddharth Chaudhary",
            "(Managing fund since",
            "inception & Overall experience of 18 years)",
            "Mr. Nimesh Chandan (Managing fund since",
            "inception & Overall experience of 24 years)",
            "Rating",
            "% of NA",
            "93.45",
            "SOVEREIGN",
            "33.2",
            "SOVEREIGN",
            "32.3",
            "SOVEREIGN",
            "27 8",
            ""
        ],
        "dummynnupdcakhzzzkmb": [
            ""
        ],
        "amc_name": "Bajaj Finserv Asset Management Limited",
        "main_scheme_name": "bajaj finserv gilt fund",
        "monthly_aaum_date": "28FEBRUARY2025",
        "page_number": [
            33
        ],
        "mutual_fund_name": "BajaJ Finserv Mutual Fund"
    },
    "bajaj finserv overnight fund": {
        "before": [
            "Interest Rate Risk and Relatively Low Credi",
            ""
        ],
        "investment_objective": [
            "The Scheme aims to provide reasonable ret",
            "overnight securities having maturity of 1 bu",
            "There is no assurance that the investment o",
            ""
        ],
        "scheme_details": [
            ""
        ],
        "nav": [
            "(IN ) (as on 31 January, 2025)",
            "Direct Growth",
            "1108.4728",
            "Regular Growth",
            "1107.5986",
            ""
        ],
        "fund_features": [
            ""
        ],
        "scheme_category:": [
            "Overnight Fund",
            ""
        ],
        "plans:": [
            "Regular Plan and Direct Plan",
            ""
        ],
        "options:": [
            "Growth and Income Distribution",
            "cum Capital Withdrawal (IDCW) option with",
            "Payout of Income Distribution cum Capital",
            "Withdrawal sub-option, Reinvestment of",
            "Income Distribution cum Capital Withdrawal",
            "sub-option and Transfer of Income",
            "Distribution cum Capital Withdrawal",
            "sub-option.",
            ""
        ],
        "minimum_investment_amount:": [
            "INR 100/-",
            "and multiples of INR 1",
            ""
        ],
        "minimum_additional_investment_amount:": [
            "INR 100/- and multiples of INR 1",
            ""
        ],
        "entry_load:": [
            "NA",
            ""
        ],
        "exit_load:": [
            "Nil",
            ""
        ],
        "total_expense_ratio_(ter)": [
            "Including Additional Expenses and GST on",
            "Management Fees",
            "Regular Plan",
            "0.13%",
            "Direct Plan",
            "0.08%",
            ""
        ],
        "other_parameters": [
            "(as on 31 Jan, 2025)",
            "Average Maturity",
            "1 Days",
            "Modi\u00b7ed Duration",
            "1 Days",
            "Macaulay Duration",
            "1 Days",
            "Yield to Maturity",
            "6.73%",
            "Note : YTM details should not be construed as indicative",
            "returns and the securities bought by the Fund may or may",
            "not be held till the respective maturities.",
            "Performance, SIP & other parameters are not disclosed as",
            "fund has not completed 1 year.",
            ""
        ],
        "composition_by_rating_(%)": [
            "2.91%",
            "97.09%",
            "Sovereign",
            "Reverse Repo / TREPS & Net",
            "Current Assets",
            "Kindly refer to Page No. 40, 41, 42, 43 & 44 for Performance D",
            ""
        ],
        "dummymtntiberkkxwmqx": [
            "n overnight securities with Relatively Low",
            "edit Risk.",
            "returns commensurate with low risk and high l",
            "business day.",
            "nt objective of the Scheme will be achieved.",
            ""
        ],
        "*aum": [
            "(IN",
            "CRORE)",
            "Month end AUM",
            "342.28",
            "AAUM",
            "355.68",
            "*AUM as reported to SEBI & AMFI in the",
            "Monthly Cumulative Report (MCR)",
            ""
        ],
        "date_of_allotment:": [
            "5 July 2023",
            ""
        ],
        "benchmark:": [
            "CRISIL Liquid Overnight",
            "Index",
            ""
        ],
        "portfolio_(as_on_31_january,_2025)": [
            "Stock",
            "Treasury Bill",
            "182 Days Tbill (MD 14/02/2025)",
            "91 Days Tbill (MD 27/02/2025)",
            "R",
            "R",
            "/ TREPS",
            ""
        ],
        "dummybtxshfngirafogz": [
            "level of liquidity, through investments made primarily in",
            ""
        ],
        "fund_manager:": [
            "Mr. Siddharth Chaudhary",
            "(Managing fund since",
            "inception & Overall experience of 18 years)",
            "Mr. Nimesh Chandan (Managing fund since",
            "inception & Overall experience of 24 years)",
            "Rating",
            "% of NA",
            "2.9",
            "SOVEREIGN",
            "1.4",
            "SOVEREIGN",
            "1.4",
            "97 1",
            ""
        ],
        "dummypvscxlvwrrwavnh": [
            ""
        ],
        "amc_name": "Bajaj Finserv Asset Management Limited",
        "main_scheme_name": "bajaj finserv overnight fund",
        "monthly_aaum_date": "28FEBRUARY2025",
        "page_number": [
            34
        ],
        "mutual_fund_name": "BajaJ Finserv Mutual Fund"
    },
    "bajaj finserv banking and psu fund": {
        "before": [
            "Public Financial Institutions and Municipal Bond",
            ""
        ],
        "investment_objective": [
            "To generate income by predominantly investing in",
            "(PFI), Municipal Bonds and Reverse repos in such",
            "unconditionally guaranteed by the Govt. of India. T",
            ""
        ],
        "scheme_details": [
            ""
        ],
        "nav": [
            "(IN",
            ") (as on 31 January, 2025)",
            "Direct Growth",
            "11.0405",
            "Regular Growth",
            "10.9666",
            ""
        ],
        "fund_features": [
            ""
        ],
        "scheme_category:": [
            "Banking and PSU Fund",
            ""
        ],
        "plans:": [
            "Regular Plan and Direct Plan",
            ""
        ],
        "options:": [
            "Growth and Income Distribution",
            "cum Capital Withdrawal (IDCW) option with",
            "Payout of Income Distribution cum Capital",
            "Withdrawal sub-option, Reinvestment of",
            "Income Distribution cum Capital Withdrawal",
            "sub-option and Transfer of Income",
            "Distribution cum Capital Withdrawal",
            "sub-option.",
            ""
        ],
        "minimum_investment_amount:": [
            "INR 1,000/-",
            "and multiples of INR 1",
            ""
        ],
        "minimum_additional_investment_amount:": [
            "INR 1,000/- and multiples of INR 1",
            ""
        ],
        "entry_load:": [
            "NA",
            ""
        ],
        "exit_load:": [
            "Nil",
            ""
        ],
        "total_expense_ratio_(ter)": [
            "Including Additional Expenses and GST on",
            "Management Fees",
            "Regular Plan",
            "0.89%",
            "Direct Plan",
            "0.34%",
            ""
        ],
        "other_parameters": [
            "(as on 31 Jan, 2025)",
            "Average Maturity",
            "4.46 Years",
            "Modi\u00b7ed Duration",
            "3.66 Years",
            "Macaulay Duration",
            "3.83 Years",
            "Yield to Maturity",
            "7.21%",
            "Note : YTM details should not be construed as indicative",
            "returns and the securities bought by the Fund may or may",
            "not be held till the respective maturities.",
            "Performance, SIP & other parameters are not disclosed as",
            "fund has not completed 1 year.",
            ""
        ],
        "composition_by_rating_(%)": [
            "0.24%",
            "2.90%",
            "25.12%",
            "71.75%",
            "Corporate Debt Market",
            "Sovereign",
            "Development Fund",
            "Cash & Cash Equivalent",
            "AAA",
            "Kindly refer to Page No. 40, 41, 42, 43 & 44 for Performance D",
            ""
        ],
        "dummyedafpahcbuvaggx": [
            "nvesting in Debt instruments of banks, Public Se",
            "onds with relatively high interest rate risk and mo",
            "g in debt & money market securities issued by Banks,",
            "ch securities, sovereign securities issued by the Cen",
            "ia. There is no assurance that or guarantee that the i",
            ""
        ],
        "*aum": [
            "(IN",
            "CRORE)",
            "Month end AUM",
            "115.15",
            "AAUM",
            "105.42",
            "*AUM as reported to SEBI & AMFI in the",
            "Monthly Cumulative Report (MCR)",
            ""
        ],
        "date_of_allotment:": [
            "13 November 2023",
            ""
        ],
        "benchmark": [
            "Nifty Banking & PSU Debt",
            "Index A-II",
            ""
        ],
        "portfolio_(as_on_31_january,_2025)": [
            "Stock",
            "Corporate Bond",
            "Indian Railway Finance Corporation Limited",
            "Housing & Urban Development Corporation Limited",
            "REC Li it d",
            ""
        ],
        "dummydtczlywyzsqvbrb": [
            "ctor Undertakings,",
            "derate credit risk.",
            ", Public Sector Undertaking (PSUs), Public Financial Instit",
            "ntral Government and State Governments, and / or any se",
            "investment objective of the scheme will be achieved.",
            ""
        ],
        "fund_manager:": [
            "Mr. Siddharth Chaudhary",
            "(Managing fund since",
            "inception & Overall experience of 18 years)",
            "Mr. Nimesh Chandan (Managing fund since",
            "inception & Overall experience of 24 years)",
            "Rating",
            "% of N",
            "71.75",
            "CRISIL AAA",
            "9.1",
            "ICRA AAA",
            "9.1",
            "CRISIL AAA",
            "9 06",
            ""
        ],
        "dummyrpbqzkgzzcqwwhf": [
            ""
        ],
        "amc_name": "Bajaj Finserv Asset Management Limited",
        "main_scheme_name": "bajaj finserv banking and psu fund",
        "monthly_aaum_date": "28FEBRUARY2025",
        "page_number": [
            35
        ],
        "mutual_fund_name": "BajaJ Finserv Mutual Fund"
    },
    "bajaj finserv nifty 50 etf": {
        "investment_objective": [
            "The investment objective of the Scheme is to prov",
            "However, there can be no assurance or guarantee",
            ""
        ],
        "scheme_details": [
            ""
        ],
        "nav": [
            "(IN",
            ") (as on 31 January, 2025)",
            "Bajaj Finserv Nifty 50",
            "237.5404",
            "ETF",
            ""
        ],
        "fund_features": [
            ""
        ],
        "scheme_category:": [
            "Exchange Traded Fund",
            ""
        ],
        "options:": [
            "There are no options under the",
            "Scheme.",
            ""
        ],
        "minimum_investment_amount:": [
            ""
        ],
        "on_exchange:": [
            "Investors can buy/sell units",
            "of the Scheme in round lot of 1 unit and in",
            "multiples thereof.",
            ""
        ],
        "directly_with_the_mutual_fund:": [
            "In creation",
            "unit size viz.50,000 units and in multiples",
            "thereof",
            ""
        ],
        "entry_load:": [
            "NA",
            ""
        ],
        "exit_load:": [
            "Nil",
            ""
        ],
        "total_expense_ratio_(ter)": [
            "Including Additional Expenses and GST on",
            "Management Fees",
            "Bajaj Finserv Nifty 50 ETF",
            "0.07%",
            ""
        ],
        "composition_by_industry_(%)": [
            "Banks",
            "29.31%",
            "IT - Software",
            "13.95%",
            "Petroleum Products",
            "8.60%",
            "Automobiles",
            "7.59%",
            "Diversi\u00b7ed FMCG",
            "6.01%",
            "Telecom - Services",
            "4.13%",
            "Construction",
            "3.97%",
            "Finance",
            "3.70%",
            "Pharmaceuticals & Biotechnology 3.25%",
            "Power",
            "2.74%",
            "Consumer Durables",
            "2.35%",
            "Cement & Cement Products",
            "2.12%",
            "Ferrous Metals",
            "1.91%",
            "Food Products",
            "1.36%",
            "Insurance",
            "1.27%",
            "Retailing",
            "1.21%",
            "Aerospace & Defense",
            "0.99%",
            "Oil",
            "0.96%",
            "Consumable Fuels",
            "0.85%",
            "Non - Ferrous Metals",
            "0.82%",
            "Transport Infrastructure",
            "0.77%",
            "Healthcare Services",
            "0.65%",
            "Agricultural Food & other Products 0.63%",
            "Metals & Minerals Trading",
            "0.54%",
            "Leisure Services",
            "0.14%",
            "Kindly refer to Page No. 40, 41, 42, 43 & 44 for Performance",
            ""
        ],
        "dummyxjemlcmifhqkzri": [
            "racking NIFTY 50 Index",
            "provide returns that are corresponding with the perfo",
            "ntee that the investment objective of the Scheme wo",
            ""
        ],
        "*aum": [
            "(IN",
            "CRORE)",
            "Month end AUM",
            "193.85",
            "AAUM",
            "192.67",
            "*AUM as reported to SEBI & AMFI in the",
            "Monthly Cumulative Report (MCR)",
            ""
        ],
        "date_of_allotment:": [
            "19 January 2024",
            ""
        ],
        "benchmark:": [
            "Nifty 50 TRI",
            ""
        ],
        "portfolio_(as_on_31_january,_2025)": [
            "Stock",
            "HDFC Bank Limited",
            "ICICI Bank Limited",
            "Reliance Industries Limited",
            "I f",
            "Li",
            "it d",
            ""
        ],
        "dummyjyndfvpxiqagqrq": [
            "ormance of the NIFTY 50 Index, subject to tracking errors",
            "ould be achieved",
            ""
        ],
        "fund_manager:": [
            "Mr. Ilesh Savla (Managing fund since inception &",
            "Overall experience of over 23 years)",
            "Mr. Haresh Mehta",
            "(Managing fund since 16th",
            "December 2024 & Overall experience of 17 years)",
            "Industry",
            "% of N",
            "Banks",
            "12.2",
            "Banks",
            "8.3",
            "Petroleum Products",
            "8.1",
            "IT",
            "S ft",
            "6 4",
            ""
        ],
        "dummyhmnkxyagldjiddc": [
            ""
        ],
        "amc_name": "Bajaj Finserv Asset Management Limited",
        "main_scheme_name": "bajaj finserv nifty 50 etf",
        "monthly_aaum_date": "28FEBRUARY2025",
        "page_number": [
            36
        ],
        "mutual_fund_name": "BajaJ Finserv Mutual Fund"
    },
    "bajaj finserv nifty bank etf": {
        "investment_objective": [
            "The investment objective of the Scheme is to prov",
            "However, there can be no assurance or guarantee",
            ""
        ],
        "scheme_details": [
            ""
        ],
        "nav": [
            "(IN",
            ") (as on 31 January, 2025)",
            "Bajaj Finserv Nifty Bank",
            "49.8913",
            "ETF",
            ""
        ],
        "fund_features": [
            ""
        ],
        "scheme_category:": [
            "Exchange Traded Fund",
            ""
        ],
        "options:": [
            "There are no options under the",
            "Scheme.",
            ""
        ],
        "minimum_investment_amount:": [
            ""
        ],
        "on_exchange:": [
            "Investors can buy/sell units",
            "of the Scheme in round lot of 1 unit and in",
            "multiples thereof.",
            ""
        ],
        "directly_with_the_mutual_fund:": [
            "In creation",
            "unit size viz. 50,000 units and in multiples",
            "thereof",
            ""
        ],
        "entry_load:": [
            "NA",
            ""
        ],
        "exit_load:": [
            "Nil",
            ""
        ],
        "total_expense_ratio_(ter)": [
            "Including Additional Expenses and GST on",
            "Management Fees",
            "Bajaj Finserv Nifty Bank",
            "0.12%",
            "ETF",
            "Kindly refer to Page No. 40, 41, 42, 43 & 44 for Performance",
            ""
        ],
        "dummypvheppyxidssiel": [
            "racking Nifty Bank Index",
            "provide returns that are corresponding with the perfo",
            "ntee that the investment objective of the Scheme wo",
            ""
        ],
        "*aum": [
            "(IN",
            "CRORE)",
            "Month end AUM",
            "188.08",
            "AAUM",
            "258.01",
            "*AUM as reported to SEBI & AMFI in the",
            "Monthly Cumulative Report (MCR)",
            ""
        ],
        "date_of_allotment:": [
            "19 January 2024",
            ""
        ],
        "benchmark:": [
            "Nifty Bank TRI",
            ""
        ],
        "portfolio_(as_on_31_january,_2025)": [
            "Stock",
            "HDFC Bank Limited",
            "ICICI Bank Limited",
            "Kotak Mahindra Bank Limited",
            "St t",
            "B",
            "k",
            "f I di",
            ""
        ],
        "dummypbdhrwuzwrontph": [
            "ormance of the Nifty Bank Index, subject to tracking errors",
            "ould be achieved.",
            ""
        ],
        "fund_manager:": [
            "Mr. Ilesh Savla (Managing fund since inception &",
            "Overall experience of over 23 years)",
            "Mr. Haresh Mehta",
            "(Managing fund since 16th",
            "December 2024 & Overall experience of 17 years)",
            "Industry",
            "% of NA",
            "Banks",
            "27.6",
            "Banks",
            "25.05",
            "Banks",
            "9.6",
            "B",
            "k",
            "8 43",
            ""
        ],
        "dummyrraoeznfobjgspo": [
            ""
        ],
        "amc_name": "Bajaj Finserv Asset Management Limited",
        "main_scheme_name": "bajaj finserv nifty bank etf",
        "monthly_aaum_date": "28FEBRUARY2025",
        "page_number": [
            37
        ],
        "mutual_fund_name": "BajaJ Finserv Mutual Fund"
    },
    "bajaj finserv nifty 1d rate liquid etf - growth": {
        "before": [
            "Relatively Low Credit Risk",
            "INVESTMENT OBJECTIVE",
            "The investment objective of Scheme is to seek",
            "portfolio of Tri-Party Repo on Government Sec",
            "correspond to the returns of Nifty 1D Rate in",
            "objective of the Scheme would be achieved.",
            "SCHEME DETAILS",
            "NAV(IN ) (as on 31 January, 2025)",
            "Bajaj Finserv Nifty 1D",
            "1013.5508",
            "Rate Liquid ETF - Growth",
            "FUND FEATURES",
            "Scheme Category: Exchange Traded Fund",
            "Options: There are no options under the",
            "Scheme.",
            "Minimum Investment Amount:",
            "On Exchange: Investors can buy/sell units",
            "of the scheme in round lot of 1 unit and in",
            "multiples thereof.",
            "Directly with the Mutual Fund:",
            "Any order",
            "placed for redemption or subscription",
            "directly with the AMC must be of greater",
            "than Rs. 25 Cr.",
            "Entry Load: NA",
            "Exit Load: Nil",
            "TOTAL EXPENSE RATIO (TER)",
            "Including Additional Expenses and GST on",
            "Management Fees",
            "Bajaj Finserv Nifty 1D Rate",
            "0.19%",
            "Liquid ETF - Growth",
            "COMPOSITION BY ASSET (%)",
            "Reverse Repo / TREPS",
            "Cash & Cash Equivalent 0.68%",
            "0% 10% 20% 3",
            "Kindly refer to Page No. 46 for Potential Risk Class (PRC). | K",
            ""
        ],
        "dummyywtkdlubaxjqfuu": [
            "tracking Nifty 1D Rate Index with Relatively L",
            "eek to provide current income, commensurate wit",
            "Securities or T-bills / Repo & Reverse Repo. The",
            "e index, subject to tracking error. However, there",
            "*AUM(IN",
            "CRORE)",
            "Month end AUM",
            "290.10",
            "AAUM",
            "239.76",
            "*AUM as reported to SEBI & AMFI in the",
            "Monthly Cumulative Report (MCR)",
            "DATE OF ALLOTMENT:28 May 2024",
            "BENCHMARK:Nifty 1D Rate Index",
            "PORTFOLIO (as on 31 January, 2025)",
            "Stock",
            "Reverse Repo / TREPS",
            "Cash & Cash Equivalent",
            "Grand Total",
            ""
        ],
        "dummygmcofyiucbbovzu": [
            "Low Interest Rate Risk and",
            "th low risk while providing a high level of liquidity through a",
            "Scheme will provide returns that before expenses, closely",
            "e can be no assurance or guarantee that the investment",
            "FUND MANAGER:",
            "Mr. Siddharth Chaudhary",
            "(Managing fund since",
            "inception & Overall experience of 18 years)",
            "% of N",
            "99.32%",
            "0.68%",
            "100.00%",
            ""
        ],
        "dummybiygxlmuwxyizey": [
            ""
        ],
        "amc_name": "Bajaj Finserv Asset Management Limited",
        "main_scheme_name": "bajaj finserv nifty 1d rate liquid etf - growth",
        "monthly_aaum_date": "28FEBRUARY2025",
        "page_number": [
            38
        ],
        "mutual_fund_name": "BajaJ Finserv Mutual Fund"
    }
}