{
    "quant small cap fund": {
        "scheme_snapshot": [
            "INCEPTION DATE",
            "29 October 1996",
            "RISK ADJUSTED MEASURES\u00b7",
            "Indicators",
            "(5 Years)",
            "Sharpe Ratio",
            "1.33",
            "Sortino Ratio",
            "2.29",
            "Jensen\u00b7s Alpha",
            "13.47%",
            "R- Squared",
            "0.82",
            "Downside Deviation",
            "15.38%",
            "Upside Deviation",
            "23.29%",
            "Downside Capture",
            "0.82",
            "Upside Capture",
            "1.17",
            "CONTRIBUTION BY MARKET CAP",
            "PORTFOLIO CONCENTRATION",
            "Top Holding",
            "% of Portfolio",
            "10",
            "38.59",
            "20",
            "57.61",
            "30",
            "70.88",
            "INVESTOR CONCENTRATION",
            "Top Investors",
            "% Concentration",
            "10",
            "1.03",
            "20",
            "1.63",
            "30",
            "2.05",
            "FUND MANAGERS",
            "Ankit Pande, Vasav Sahgal, Sanjeev",
            "Sharma",
            "LOAD STRUCTURE",
            "Entry: Nil | Exit:1% if exit <= 1 Year",
            "NAV Details : Pleaseclick here",
            "EXPENSE RATIO : Please",
            "click here",
            "(For both Direct and Reqular plans)",
            "BENCHMARK INDEX:",
            "NIFTY SMALLCAP 250 TRI",
            "Scheme Riskometer",
            "Benchmark Riskometer",
            "*Investors should consult their financial advisers if in doubt about whether the product is",
            "suitable for them",
            "As on January 31, 2025",
            ""
        ],
        "dummymfdxagrnimvhfis": [
            "& provide long-term growth",
            "FUND SIZE",
            "ve of the Scheme will be",
            "$ 2.91 bn",
            ""
        ],
        "relative_weightage": [
            "V",
            "4",
            "5",
            "7",
            "0",
            "9",
            ""
        ],
        "dummyorsqsrikvmcgjtp": [
            "y",
            "*Since Inception Date = Date of First allotment in the Scheme / Plan.    \u00b7 Returns / Ratios are for Regular Plan",
            "MINIMUM INVESTMENT :",
            "5000/- and multiple of Re. 1/",
            "SUBSEQUENT INVESTMENT :",
            "1000/- and multiple of Re. 1/-",
            ""
        ],
        "dummylrnqwnaqiqpbpvc": [
            ""
        ],
        "amc_name": "Quant Money Managers Limited",
        "main_scheme_name": "quant small cap fund",
        "monthly_aaum_date": "28FEBRUARY2025",
        "page_number": [
            12
        ],
        "mutual_fund_name": "Quant Mutual Fund"
    },
    "quant elss tax saver fund": {
        "scheme_snapshot": [
            "INCEPTION DATE",
            "13 April 2000",
            "RISK ADJUSTED MEASURES\u00b7",
            "Indicators",
            "(5 Years)",
            "Sharpe Ratio",
            "1.11",
            "Sortino Ratio",
            "1.79",
            "Jensen\u00b7s Alpha",
            "10.54%",
            "R- Squared",
            "0.78",
            "Downside Deviation",
            "13.34%",
            "Upside Deviation",
            "18.18%",
            "Downside Capture",
            "0.88",
            "Upside Capture",
            "1.25",
            "CONTRIBUTION BY MARKET CAP",
            "PORTFOLIO CONCENTRATION",
            "Top Holding",
            "% of Portfolio",
            "10",
            "60.91",
            "20",
            "87.36",
            "30",
            "95.48",
            "INVESTOR CONCENTRATION",
            "Top Investors",
            "% Concentration",
            "10",
            "0.34",
            "20",
            "0.49",
            "30",
            "0.59",
            "FUND MANAGERS",
            "Ankit Pande, Vasav Sahgal",
            "LOAD STRUCTURE",
            "Entry: Nil | Exit:Nil",
            "NAV Details : Pleaseclick here",
            "EXPENSE RATIO : Please",
            "click here",
            "(For both Direct and Reqular plans)",
            "BENCHMARK INDEX:",
            "NIFTY 500 TRI",
            "Scheme Riskometer",
            "Benchmark Riskometer",
            "*Investors should consult their financial advisers if in doubt about whether the product is",
            "suitable for them",
            "As on January 31, 2025",
            ""
        ],
        "dummyyqljxxdefmuvmcv": [
            "sting",
            "predominantly in",
            "a",
            "FUND SIZE",
            "e of the Scheme will be",
            "$ 1.19 bn",
            ""
        ],
        "relative_weightage": [
            "V",
            "6",
            "3",
            "9",
            "3",
            ""
        ],
        "dummyqemdvjfcpdvxxyk": [
            "y",
            "*Since Inception Date = Date of First allotment in the Scheme / Plan.    \u00b7 Returns / Ratios are for Regular Plan",
            "MINIMUM INVESTMENT :",
            "500/- and multiple of Re. 1/",
            "SUBSEQUENT INVESTMENT :",
            "500/- and multiple of Re. 1/-",
            ""
        ],
        "dummyvbcfvbkxazchedx": [
            ""
        ],
        "amc_name": "Quant Money Managers Limited",
        "main_scheme_name": "quant elss tax saver fund",
        "monthly_aaum_date": "28FEBRUARY2025",
        "page_number": [
            14
        ],
        "mutual_fund_name": "Quant Mutual Fund"
    },
    "quant active fund": {
        "scheme_snapshot": [
            "INCEPTION DATE",
            "17 April 2001",
            "RISK ADJUSTED MEASURES\u00b7",
            "Indicators",
            "(5 Years)",
            "Sharpe Ratio",
            "1.02",
            "Sortino Ratio",
            "1.66",
            "Jensen\u00b7s Alpha",
            "5.52%",
            "R- Squared",
            "0.83",
            "Downside Deviation",
            "13.03%",
            "Upside Deviation",
            "17.73%",
            "Downside Capture",
            "0.93",
            "Upside Capture",
            "1.11",
            "CONTRIBUTION BY MARKET CAP",
            "PORTFOLIO CONCENTRATION",
            "Top Holding",
            "% of Portfolio",
            "10",
            "42.64",
            "20",
            "68.21",
            "30",
            "81.63",
            "INVESTOR CONCENTRATION",
            "Top Investors",
            "% Concentration",
            "10",
            "2.21",
            "20",
            "3.11",
            "30",
            "3.73",
            "FUND MANAGERS",
            "Ankit Pande, Vasav Sahgal, Sanjeev",
            "Sharma",
            "LOAD STRUCTURE",
            "Entry: Nil | Exit:1% for 15 days",
            "NAV Details : Pleaseclick here",
            "EXPENSE RATIO : Please",
            "click here",
            "(For both Direct and Reqular plans)",
            "BENCHMARK INDEX:",
            "NIFTY 500 MULTICAP 50:25:25 TRI",
            "Scheme Riskometer",
            "Benchmark Riskometer",
            "*Investors should consult their financial advisers if in doubt about whether the product is",
            "suitable for them",
            "As on January 31, 2025",
            ""
        ],
        "dummynadboqbehonvruu": [
            "& provide long-term growth",
            "FUND SIZE",
            "the investment objective of",
            "$ 1.14 bn",
            ""
        ],
        "relative_weightage": [
            "V",
            "0",
            "2",
            "3",
            "7",
            "5",
            ""
        ],
        "dummyixddivzijxtooqi": [
            "y",
            "*Since Inception Date = Date of First allotment in the Scheme / Plan.    \u00b7 Returns / Ratios are for Regular Plan",
            "MINIMUM INVESTMENT :",
            "5000/- and multiple of Re. 1/",
            "SUBSEQUENT INVESTMENT :",
            "1000/- and multiple of Re. 1/-",
            ""
        ],
        "dummyvhduglzhjxijtum": [
            ""
        ],
        "amc_name": "Quant Money Managers Limited",
        "main_scheme_name": "quant active fund",
        "monthly_aaum_date": "28FEBRUARY2025",
        "page_number": [
            16
        ],
        "mutual_fund_name": "Quant Mutual Fund"
    },
    "quant mid cap fund": {
        "scheme_snapshot": [
            "INCEPTION DATE",
            "20 March 2001",
            "RISK ADJUSTED MEASURES\u00b7",
            "Indicators",
            "(5 Years)",
            "Sharpe Ratio",
            "1.20",
            "Sortino Ratio",
            "1.99",
            "Jensen\u00b7s Alpha",
            "4.74%",
            "R- Squared",
            "0.76",
            "Downside Deviation",
            "12.37%",
            "Upside Deviation",
            "17.68%",
            "Downside Capture",
            "0.75",
            "Upside Capture",
            "0.94",
            "CONTRIBUTION BY MARKET CAP",
            "PORTFOLIO CONCENTRATION",
            "Top Holding",
            "% of Portfolio",
            "10",
            "65.30",
            "20",
            "86.80",
            "30",
            "96.13",
            "INVESTOR CONCENTRATION",
            "Top Investors",
            "% Concentration",
            "10",
            "1.47",
            "20",
            "2.02",
            "30",
            "2.42",
            "FUND MANAGERS",
            "Ankit Pande, Vasav Sahgal, Sanjeev",
            "Sharma",
            "LOAD STRUCTURE",
            "Entry: Nil | Exit:0.5% if exit <= 3 Months",
            "NAV Details : Pleaseclick here",
            "EXPENSE RATIO : Please",
            "click here",
            "(For both Direct and Reqular plans)",
            "BENCHMARK INDEX:",
            "NIFTY MIDCAP 150 TRI",
            "Scheme Riskometer",
            "Benchmark Riskometer",
            "*Investors should consult their financial advisers if in doubt about whether the product is",
            "suitable for them",
            "As on January 31, 2025",
            ""
        ],
        "dummyhjdawqwsugegcjx": [
            "& provide long-term growth",
            "FUND SIZE",
            "ve of the Scheme will be",
            "$ 0.99 bn",
            ""
        ],
        "relative_weightage": [
            "V",
            "8",
            "2",
            "3",
            "1",
            "7",
            ""
        ],
        "dummycuzzlqbihamhbvd": [
            "y",
            "*Since Inception Date = Date of First allotment in the Scheme / Plan.    \u00b7 Returns / Ratios are for Regular Plan",
            "MINIMUM INVESTMENT :",
            "5000/- and multiple of Re. 1/",
            "SUBSEQUENT INVESTMENT :",
            "1000/- and multiple of Re. 1/-",
            ""
        ],
        "dummyuytzquupptwykrt": [
            ""
        ],
        "amc_name": "Quant Money Managers Limited",
        "main_scheme_name": "quant mid cap fund",
        "monthly_aaum_date": "28FEBRUARY2025",
        "page_number": [
            18
        ],
        "mutual_fund_name": "Quant Mutual Fund"
    },
    "quant flexi cap fund": {
        "scheme_snapshot": [
            "INCEPTION DATE",
            "17 October 2008",
            "RISK ADJUSTED MEASURES\u00b7",
            "Indicators",
            "(5 Years)",
            "Sharpe Ratio",
            "1.21",
            "Sortino Ratio",
            "2.07",
            "Jensen\u00b7s Alpha",
            "12.06%",
            "R- Squared",
            "0.74",
            "Downside Deviation",
            "12.02%",
            "Upside Deviation",
            "17.97%",
            "Downside Capture",
            "0.84",
            "Upside Capture",
            "1.25",
            "CONTRIBUTION BY MARKET CAP",
            "PORTFOLIO CONCENTRATION",
            "Top Holding",
            "% of Portfolio",
            "10",
            "54.67",
            "20",
            "79.05",
            "30",
            "89.68",
            "INVESTOR CONCENTRATION",
            "Top Investors",
            "% Concentration",
            "10",
            "3.76",
            "20",
            "5.44",
            "30",
            "6.69",
            "FUND MANAGERS",
            "Sandeep Tandon, Ankit Pande, Sanjeev",
            "Sharma, Vasav Sahgal",
            "LOAD STRUCTURE",
            "Entry: Nil | Exit:1% for 15 days",
            "NAV Details : Pleaseclick here",
            "EXPENSE RATIO : Please",
            "click here",
            "(For both Direct and Reqular plans)",
            "BENCHMARK INDEX:",
            "NIFTY 500 TRI",
            "Scheme Riskometer",
            "Benchmark Riskometer",
            "*Investors should consult their financial advisers if in doubt about whether the product is",
            "suitable for them",
            "As on January 31, 2025",
            ""
        ],
        "dummyvupdcqmjoqaxdjk": [
            "investing in a portfolio of",
            "FUND SIZE",
            "e of the Scheme will be",
            "$ 0.79 bn",
            ""
        ],
        "relative_weightage": [
            "V",
            "5",
            "1",
            "6",
            "4",
            ""
        ],
        "dummyfuljxzmnyfqljao": [
            "y",
            "*Since Inception Date = Date of First allotment in the Scheme / Plan.    \u00b7 Returns / Ratios are for Regular Plan",
            "MINIMUM INVESTMENT :",
            "5000/- and multiple of Re. 1/",
            "SUBSEQUENT INVESTMENT :",
            "1000/- and multiple of Re. 1/-",
            ""
        ],
        "dummymowgtkrkkdrvwmh": [
            ""
        ],
        "amc_name": "Quant Money Managers Limited",
        "main_scheme_name": "quant flexi cap fund",
        "monthly_aaum_date": "28FEBRUARY2025",
        "page_number": [
            20
        ],
        "mutual_fund_name": "Quant Mutual Fund"
    },
    "quant large & mid cap fund": {
        "scheme_snapshot": [
            "INCEPTION DATE",
            "08 January 2007",
            "RISK ADJUSTED MEASURES\u00b7",
            "Indicators",
            "(5 Years)",
            "Sharpe Ratio",
            "1.01",
            "Sortino Ratio",
            "1.76",
            "Jensen\u00b7s Alpha",
            "3.64%",
            "R- Squared",
            "0.76",
            "Downside Deviation",
            "10.77%",
            "Upside Deviation",
            "16.19%",
            "Downside Capture",
            "0.82",
            "Upside Capture",
            "0.96",
            "CONTRIBUTION BY MARKET CAP",
            "PORTFOLIO CONCENTRATION",
            "Top Holding",
            "% of Portfolio",
            "10",
            "56.88",
            "20",
            "80.56",
            "30",
            "89.42",
            "INVESTOR CONCENTRATION",
            "Top Investors",
            "% Concentration",
            "10",
            "3.00",
            "20",
            "4.06",
            "30",
            "4.89",
            "FUND MANAGERS",
            "Ankit Pande, Vasav Sahgal, Sanjeev",
            "Sharma",
            "LOAD STRUCTURE",
            "Entry: Nil | Exit:1% for 15 days",
            "NAV Details : Pleaseclick here",
            "EXPENSE RATIO : Please",
            "click here",
            "(For both Direct and Reqular plans)",
            "BENCHMARK INDEX:",
            "NIFTY LARGE MIDCAP 250 TRI",
            "Scheme Riskometer",
            "Benchmark Riskometer",
            "*Investors should consult their financial advisers if in doubt about whether the product is",
            "suitable for them",
            "As on January 31, 2025",
            ""
        ],
        "dummyuojzaodrfxlzwhm": [
            "& provide long-term growth",
            "FUND SIZE",
            "nvestment objective of the",
            "$ 0.42 bn",
            ""
        ],
        "relative_weightage": [
            "V",
            "1",
            "9",
            "4",
            "4",
            "0",
            ""
        ],
        "dummyptcurmfjsywvdpe": [
            "y",
            "*Since Inception Date = Date of First allotment in the Scheme / Plan.    \u00b7 Returns / Ratios are for Regular Plan",
            "MINIMUM INVESTMENT :",
            "5000/- and multiple of Re. 1/",
            "SUBSEQUENT INVESTMENT :",
            "1000/- and multiple of Re. 1/-",
            ""
        ],
        "dummybaogihkjvwrwmoq": [
            ""
        ],
        "amc_name": "Quant Money Managers Limited",
        "main_scheme_name": "quant large & mid cap fund",
        "monthly_aaum_date": "28FEBRUARY2025",
        "page_number": [
            22
        ],
        "mutual_fund_name": "Quant Mutual Fund"
    },
    "quant infrastructure fund": {
        "scheme_snapshot": [
            "INCEPTION DATE",
            "20 September 2007",
            "RISK ADJUSTED MEASURES\u00b7",
            "Indicators",
            "(5 Years)",
            "Sharpe Ratio",
            "1.17",
            "Sortino Ratio",
            "1.78",
            "Jensen\u00b7s Alpha",
            "8.79%",
            "R- Squared",
            "0.75",
            "Downside Deviation",
            "15.66%",
            "Upside Deviation",
            "19.49%",
            "Downside Capture",
            "0.91",
            "Upside Capture",
            "1.24",
            "CONTRIBUTION BY MARKET CAP",
            "PORTFOLIO CONCENTRATION",
            "Top Holding",
            "% of Portfolio",
            "10",
            "71.30",
            "20",
            "95.08",
            "30",
            "98.53",
            "INVESTOR CONCENTRATION",
            "Top Investors",
            "% Concentration",
            "10",
            "1.20",
            "20",
            "1.92",
            "30",
            "2.48",
            "FUND MANAGERS",
            "Ankit Pande, Vasav Sahgal",
            "LOAD STRUCTURE",
            "Entry: Nil | Exit:0.5% if exit <= 3 Months",
            "NAV Details : Pleaseclick here",
            "EXPENSE RATIO : Please",
            "click here",
            "(For both Direct and Reqular plans)",
            "BENCHMARK INDEX:",
            "NIFTY INFRASTRUCTURE TRI",
            "Scheme Riskometer",
            "Benchmark Riskometer",
            "*Investors should consult their financial advisers if in doubt about whether the product is",
            "suitable for them",
            "As on January 31, 2025",
            ""
        ],
        "dummyotdxsvjvbnuarqm": [
            "& provide long-term growth",
            "FUND SIZE",
            "nvestment objective of",
            "the",
            "$ 0.38 bn",
            ""
        ],
        "relative_weightage": [
            "V",
            "3",
            "2",
            "5",
            "8",
            "4",
            ""
        ],
        "dummyuhaslmrvutgvhlx": [
            "y",
            "*Since Inception Date = Date of First allotment in the Scheme / Plan.    \u00b7 Returns / Ratios are for Regular Plan",
            "MINIMUM INVESTMENT :",
            "5000/- and multiple of Re. 1/",
            "SUBSEQUENT INVESTMENT :",
            "1000/- and multiple of Re. 1/-",
            ""
        ],
        "dummyqezqziwobiivjoj": [
            ""
        ],
        "amc_name": "Quant Money Managers Limited",
        "main_scheme_name": "quant infrastructure fund",
        "monthly_aaum_date": "28FEBRUARY2025",
        "page_number": [
            24
        ],
        "mutual_fund_name": "Quant Mutual Fund"
    },
    "quant large cap fund": {
        "scheme_snapshot": [
            "INCEPTION DATE",
            "11 August 2022",
            "RISK ADJUSTED MEASURES\u00b7",
            "Indicators",
            "(Since Inception)",
            "Sharpe Ratio",
            "0.62",
            "Sortino Ratio",
            "1.10",
            "Jensen\u00b7s Alpha",
            "1.81%",
            "R- Squared",
            "0.80",
            "Downside Deviation",
            "7.96%",
            "Upside Deviation",
            "11.37%",
            "Downside Capture",
            "1.03",
            "Upside Capture",
            "1.10",
            "CONTRIBUTION BY MARKET CAP",
            "PORTFOLIO CONCENTRATION",
            "Top Holding",
            "% of Portfolio",
            "10",
            "56.62",
            "20",
            "84.36",
            "30",
            "96.99",
            "INVESTOR CONCENTRATION",
            "Top Investors",
            "% Concentration",
            "10",
            "5.64",
            "20",
            "7.66",
            "30",
            "9.30",
            "FUND MANAGERS",
            "Sandeep Tandon, Ankit Pande, Sanjeev",
            "Sharma, Vasav Sahgal",
            "LOAD STRUCTURE",
            "Entry: Nil | Exit:1% for 15 days",
            "NAV Details : Pleaseclick here",
            "EXPENSE RATIO : Please",
            "click here",
            "(For both Direct and Reqular plans)",
            "BENCHMARK INDEX:",
            "NIFTY 100 TRI",
            "Scheme Riskometer",
            "Benchmark Riskometer",
            "*Investors should consult their financial advisers if in doubt about whether the product is",
            "suitable for them",
            "As on January 31, 2025",
            ""
        ],
        "dummydjdvkiutmimojgx": [
            "y investing in equity and",
            "FUND SIZE",
            "rance that",
            "the",
            "investment",
            "$ 0.29 bn",
            ""
        ],
        "relative_weightage": [
            "V",
            "8",
            "6",
            "3",
            "9",
            "3",
            ""
        ],
        "dummyodtizaubzfsupwq": [
            "y",
            "*Since Inception Date = Date of First allotment in the Scheme / Plan.    \u00b7 Returns / Ratios are for Regular Plan",
            "MINIMUM INVESTMENT :",
            "5000/- and multiple of Re. 1/",
            "SUBSEQUENT INVESTMENT :",
            "1000/- and multiple of Re. 1/-",
            ""
        ],
        "dummyxmtchgjrrtezjsr": [
            ""
        ],
        "amc_name": "Quant Money Managers Limited",
        "main_scheme_name": "quant large cap fund",
        "monthly_aaum_date": "28FEBRUARY2025",
        "page_number": [
            26
        ],
        "mutual_fund_name": "Quant Mutual Fund"
    },
    "quant quantamental fund": {
        "before": [
            "objective of the scheme will be realized.",
            ""
        ],
        "scheme_snapshot": [
            "INCEPTION DATE",
            "03 May 2021",
            "RISK ADJUSTED MEASURES\u00b7",
            "Indicators",
            "(Since Inception)",
            "Sharpe Ratio",
            "1.10",
            "Sortino Ratio",
            "2.09",
            "Jensen\u00b7s Alpha",
            "5.93%",
            "R- Squared",
            "0.61",
            "Downside Deviation",
            "8.33%",
            "Upside Deviation",
            "13.77%",
            "Downside Capture",
            "0.81",
            "Upside Capture",
            "1.13",
            "CONTRIBUTION BY MARKET CAP",
            "PORTFOLIO CONCENTRATION",
            "Top Holding",
            "% of Portfolio",
            "10",
            "67.76",
            "20",
            "90.93",
            "30",
            "91.39",
            "INVESTOR CONCENTRATION",
            "Top Investors",
            "% Concentration",
            "10",
            "13.32",
            "20",
            "17.24",
            "30",
            "19.66",
            "FUND MANAGERS",
            "Ankit Pande, Sandeep Tandon, Sanjeev",
            "Sharma, Vasav Sahgal",
            "LOAD STRUCTURE",
            "Entry: Nil | Exit:1% for 15 days",
            "NAV Details : Pleaseclick here",
            "EXPENSE RATIO : Please",
            "click here",
            "(For both Direct and Reqular plans)",
            "BENCHMARK INDEX:",
            "NIFTY 200 TRI",
            "Scheme Riskometer",
            "Benchmark Riskometer",
            "*Investors should consult their financial advisers if in doubt about whether the product is",
            "suitable for them",
            "As on January 31, 2025",
            ""
        ],
        "dummydyiczwzybnxcyaq": [
            "underlying benchmark over",
            "FUND SIZE",
            "be selected, weighed and",
            "urance that the investment",
            "$ 0.24 bn",
            ""
        ],
        "relative_weightage": [
            "V",
            "4",
            "4",
            "9",
            "5",
            "4",
            ""
        ],
        "dummynbtijbtmtavulcd": [
            "y",
            "*Since Inception Date = Date of First allotment in the Scheme / Plan.    \u00b7 Returns / Ratios are for Regular Plan",
            "MINIMUM INVESTMENT :",
            "5000/- and multiple of Re. 1/",
            "SUBSEQUENT INVESTMENT :",
            "1000/- and multiple of Re. 1/-",
            ""
        ],
        "dummykadggfcedzqbueb": [
            ""
        ],
        "amc_name": "Quant Money Managers Limited",
        "main_scheme_name": "quant quantamental fund",
        "monthly_aaum_date": "28FEBRUARY2025",
        "page_number": [
            28
        ],
        "mutual_fund_name": "Quant Mutual Fund"
    },
    "quant absolute fund": {
        "scheme_snapshot": [
            "INCEPTION DATE",
            "04 April 2001",
            "RISK ADJUSTED MEASURES\u00b7",
            "Indicators",
            "(5 Years)",
            "Sharpe Ratio",
            "1.08",
            "Sortino Ratio",
            "1.72",
            "Jensen\u00b7s Alpha",
            "11.19%",
            "R- Squared",
            "0.69",
            "Downside Deviation",
            "10.21%",
            "Upside Deviation",
            "13.59%",
            "Downside Capture",
            "1.10",
            "Upside Capture",
            "1.52",
            "CONTRIBUTION BY MARKET CAP",
            "PORTFOLIO CONCENTRATION",
            "Top Holding",
            "% of Portfolio",
            "10",
            "60.56",
            "20",
            "73.59",
            "30",
            "73.59",
            "INVESTOR CONCENTRATION",
            "Top Investors",
            "% Concentration",
            "10",
            "3.51",
            "20",
            "4.86",
            "30",
            "5.81",
            "FUND MANAGERS",
            "Sanjeev Sharma, Ankit Pande, Vasav",
            "Sahgal",
            "LOAD STRUCTURE",
            "Entry: Nil | Exit:1% for 15 days",
            "NAV Details : Pleaseclick here",
            "EXPENSE RATIO : Please",
            "click here",
            "(For both Direct and Reqular plans)",
            "BENCHMARK INDEX:",
            "NIFTY 50 Hybrid Composite Debt",
            "65:35 Index",
            "Scheme Riskometer",
            "Benchmark Riskometer",
            "*Investors should consult their financial advisers if in doubt about whether the product is",
            "suitable for them",
            "As on January 31, 2025",
            ""
        ],
        "dummyocahpdxyqgnkgfk": [
            "g",
            "primarily in",
            "equity and",
            "FUND SIZE",
            "s",
            "no",
            "assurance that",
            "the",
            "$ 0.24 bn",
            ""
        ],
        "relative_weightage": [
            "V",
            "4",
            "7",
            "5",
            "2",
            "1",
            ""
        ],
        "dummyykllcrshalneicx": [
            "y",
            "*Since Inception Date = Date of First allotment in the Scheme / Plan.    \u00b7 Returns / Ratios are for Regular Plan",
            "MINIMUM INVESTMENT :",
            "5000/- and multiple of Re. 1/",
            "SUBSEQUENT INVESTMENT :",
            "1000/- and multiple of Re. 1/-",
            ""
        ],
        "dummyxxfjfvvomgagrcg": [
            ""
        ],
        "amc_name": "Quant Money Managers Limited",
        "main_scheme_name": "quant absolute fund",
        "monthly_aaum_date": "28FEBRUARY2025",
        "page_number": [
            30
        ],
        "mutual_fund_name": "Quant Mutual Fund"
    },
    "quant momentum fund": {
        "before": [
            "potential for significant capital appreciation over the specifie",
            ""
        ],
        "scheme_snapshot": [
            "INCEPTION DATE",
            "20 November 2023",
            "RISK ADJUSTED MEASURES\u00b7",
            "Indicators",
            "(Since Inception)",
            "Sharpe Ratio",
            "1.22",
            "Sortino Ratio",
            "2.79",
            "Jensen\u00b7s Alpha",
            "11.65%",
            "R- Squared",
            "0.66",
            "Downside Deviation",
            "8.65%",
            "Upside Deviation",
            "17.40%",
            "Downside Capture",
            "1.10",
            "Upside Capture",
            "1.58",
            "CONTRIBUTION BY MARKET CAP",
            "PORTFOLIO CONCENTRATION",
            "Top Holding",
            "% of Portfolio",
            "10",
            "67.11",
            "20",
            "86.37",
            "30",
            "86.71",
            "INVESTOR CONCENTRATION",
            "Top Investors",
            "% Concentration",
            "10",
            "7.40",
            "20",
            "9.75",
            "30",
            "11.31",
            "FUND MANAGERS",
            "Sandeep Tandon, Ankit Pande, Sanjeev",
            "Sharma, Vasav Sahgal",
            "LOAD STRUCTURE",
            "Entry: Nil | Exit:1% for 15 days",
            "NAV Details : Pleaseclick here",
            "EXPENSE RATIO : Please",
            "click here",
            "(For both Direct and Reqular plans)",
            "BENCHMARK INDEX:",
            "NIFTY 500 TRI",
            "Scheme Riskometer",
            "Benchmark Riskometer",
            "*Investors should consult their financial advisers if in doubt about whether the product is",
            "suitable for them",
            "As on January 31, 2025",
            ""
        ],
        "dummylyafvwlsjrunoxy": [
            "on",
            "for",
            "its",
            "investors. This",
            "FUND SIZE",
            "ts. The selection of these",
            "ortunities that",
            "exhibit",
            "the",
            "$ 0.22 bn",
            ""
        ],
        "relative_weightage": [
            "V",
            "0",
            "7",
            "2",
            "2",
            "7",
            ""
        ],
        "dummyijwltxbmsmfzing": [
            "y",
            "*Since Inception Date = Date of First allotment in the Scheme / Plan.    \u00b7 Returns / Ratios are for Regular Plan",
            "MINIMUM INVESTMENT :",
            "5000/- and multiple of Re. 1/",
            "SUBSEQUENT INVESTMENT :",
            "1000/- and multiple of Re. 1/-",
            ""
        ],
        "dummyxiueyhvfopejypn": [
            ""
        ],
        "amc_name": "Quant Money Managers Limited",
        "main_scheme_name": "quant momentum fund",
        "monthly_aaum_date": "28FEBRUARY2025",
        "page_number": [
            32
        ],
        "mutual_fund_name": "Quant Mutual Fund"
    },
    "quant value fund": {
        "scheme_snapshot": [
            "INCEPTION DATE",
            "30 November 2021",
            "RISK ADJUSTED MEASURES\u00b7",
            "Indicators",
            "(Since Inception)",
            "Sharpe Ratio",
            "0.80",
            "Sortino Ratio",
            "1.45",
            "Jensen\u00b7s Alpha",
            "6.72%",
            "R- Squared",
            "0.75",
            "Downside Deviation",
            "10.74%",
            "Upside Deviation",
            "16.18%",
            "Downside Capture",
            "1.10",
            "Upside Capture",
            "1.40",
            "CONTRIBUTION BY MARKET CAP",
            "PORTFOLIO CONCENTRATION",
            "Top Holding",
            "% of Portfolio",
            "10",
            "64.32",
            "20",
            "88.95",
            "30",
            "96.11",
            "INVESTOR CONCENTRATION",
            "Top Investors",
            "% Concentration",
            "10",
            "8.00",
            "20",
            "9.37",
            "30",
            "10.49",
            "FUND MANAGERS",
            "Sandeep Tandon, Ankit Pande, Sanjeev",
            "Sharma, Vasav Sahgal",
            "LOAD STRUCTURE",
            "Entry: Nil | Exit:1% for 15 days",
            "NAV Details : Pleaseclick here",
            "EXPENSE RATIO : Please",
            "click here",
            "(For both Direct and Reqular plans)",
            "BENCHMARK INDEX:",
            "NIFTY 500 TRI",
            "Scheme Riskometer",
            "Benchmark Riskometer",
            "*Investors should consult their financial advisers if in doubt about whether the product is",
            "suitable for them",
            "As on January 31, 2025",
            ""
        ],
        "dummysdkdrkhasqjxjst": [
            "the long-term by primarily",
            "FUND SIZE",
            "ive of the Scheme will be",
            "$ 0.20 bn",
            ""
        ],
        "relative_weightage": [
            "V",
            "7",
            "6",
            "1",
            "1",
            "0",
            ""
        ],
        "dummybxxrsrbatsuenez": [
            "y",
            "*Since Inception Date = Date of First allotment in the Scheme / Plan.    \u00b7 Returns / Ratios are for Regular Plan",
            "MINIMUM INVESTMENT :",
            "5000/- and multiple of Re. 1/",
            "SUBSEQUENT INVESTMENT :",
            "1000/- and multiple of Re. 1/-",
            ""
        ],
        "dummyfvirptgbdvzvbze": [
            ""
        ],
        "amc_name": "Quant Money Managers Limited",
        "main_scheme_name": "quant value fund",
        "monthly_aaum_date": "28FEBRUARY2025",
        "page_number": [
            34
        ],
        "mutual_fund_name": "Quant Mutual Fund"
    },
    "quant business cycle fund": {
        "scheme_snapshot": [
            "INCEPTION DATE",
            "30 May 2023",
            "RISK ADJUSTED MEASURES\u00b7",
            "Indicators",
            "(Since Inception)",
            "Sharpe Ratio",
            "1.48",
            "Sortino Ratio",
            "2.95",
            "Jensen\u00b7s Alpha",
            "10.39%",
            "R- Squared",
            "0.69",
            "Downside Deviation",
            "8.56%",
            "Upside Deviation",
            "15.12%",
            "Downside Capture",
            "0.85",
            "Upside Capture",
            "1.28",
            "CONTRIBUTION BY MARKET CAP",
            "PORTFOLIO CONCENTRATION",
            "Top Holding",
            "% of Portfolio",
            "10",
            "59.60",
            "20",
            "88.72",
            "30",
            "98.37",
            "INVESTOR CONCENTRATION",
            "Top Investors",
            "% Concentration",
            "10",
            "19.25",
            "20",
            "23.01",
            "30",
            "24.89",
            "FUND MANAGERS",
            "Sandeep Tandon, Ankit Pande, Sanjeev",
            "Sharma, Vasav Sahgal",
            "LOAD STRUCTURE",
            "Entry: Nil | Exit:1% for 15 days",
            "NAV Details : Pleaseclick here",
            "EXPENSE RATIO : Please",
            "click here",
            "(For both Direct and Reqular plans)",
            "BENCHMARK INDEX:",
            "NIFTY 500 TRI",
            "Scheme Riskometer",
            "Benchmark Riskometer",
            "*Investors should consult their financial advisers if in doubt about whether the product is",
            "suitable for them",
            "As on January 31, 2025",
            ""
        ],
        "dummykkcesowqibvzeka": [
            "through allocation between",
            "FUND SIZE",
            "nvestment objective of the",
            "$ 0.16 bn",
            ""
        ],
        "relative_weightage": [
            "V",
            "0",
            "5",
            "1",
            "1",
            ""
        ],
        "dummyxtyzuswjnyysyou": [
            "y",
            "*Since Inception Date = Date of First allotment in the Scheme / Plan.    \u00b7 Returns / Ratios are for Regular Plan",
            "MINIMUM INVESTMENT :",
            "5000/- and multiple of Re. 1/",
            "SUBSEQUENT INVESTMENT :",
            "1000/- and multiple of Re. 1/-",
            ""
        ],
        "dummyiwvtptsitkiwjus": [
            ""
        ],
        "amc_name": "Quant Money Managers Limited",
        "main_scheme_name": "quant business cycle fund",
        "monthly_aaum_date": "28FEBRUARY2025",
        "page_number": [
            36
        ],
        "mutual_fund_name": "Quant Mutual Fund"
    },
    "quant dynamic asset allocation fund": {
        "scheme_snapshot": [
            "INCEPTION DATE",
            "12 April 2023",
            "RISK ADJUSTED MEASURES\u00b7",
            "Indicators",
            "(Since Inception)",
            "Sharpe Ratio",
            "1.45",
            "Sortino Ratio",
            "3.40",
            "Jensen\u00b7s Alpha",
            "16.25%",
            "R- Squared",
            "0.51",
            "Downside Deviation",
            "6.33%",
            "Upside Deviation",
            "13.76%",
            "Downside Capture",
            "1.78",
            "Upside Capture",
            "2.28",
            "CONTRIBUTION BY MARKET CAP",
            "PORTFOLIO CONCENTRATION",
            "Top Holding",
            "% of Portfolio",
            "10",
            "66.37",
            "20",
            "80.67",
            "30",
            "80.67",
            "INVESTOR CONCENTRATION",
            "Top Investors",
            "% Concentration",
            "10",
            "5.66",
            "20",
            "8.03",
            "30",
            "9.81",
            "FUND MANAGERS",
            "Sandeep Tandon, Ankit Pande, Sanjeev",
            "Sharma, Vasav Sahgal",
            "LOAD STRUCTURE",
            "Entry: Nil | Exit:1% for 15 days",
            "NAV Details : Pleaseclick here",
            "EXPENSE RATIO : Please",
            "click here",
            "(For both Direct and Reqular plans)",
            "BENCHMARK INDEX:",
            "NIFTY 50 Hybrid Composite debt",
            "50:50 Index",
            "Scheme Riskometer",
            "Benchmark Riskometer",
            "*Investors should consult their financial advisers if in doubt about whether the product is",
            "suitable for them",
            "As on January 31, 2025",
            ""
        ],
        "dummymexgvvbkpdsznkl": [
            "ting",
            "in",
            "equity and equity",
            "FUND SIZE",
            "urance that the investment",
            "$ 0.15 bn",
            ""
        ],
        "relative_weightage": [
            "V",
            "6",
            "4",
            "9",
            "0",
            "5",
            ""
        ],
        "dummyfuprxeuyvohctew": [
            "y",
            "*Since Inception Date = Date of First allotment in the Scheme / Plan.    \u00b7 Returns / Ratios are for Regular Plan",
            "MINIMUM INVESTMENT :",
            "5000/- and multiple of Re. 1/",
            "SUBSEQUENT INVESTMENT :",
            "1000/- and multiple of Re. 1/-",
            ""
        ],
        "dummyekiigovtbmmabvv": [
            ""
        ],
        "amc_name": "Quant Money Managers Limited",
        "main_scheme_name": "quant dynamic asset allocation fund",
        "monthly_aaum_date": "28FEBRUARY2025",
        "page_number": [
            38
        ],
        "mutual_fund_name": "Quant Mutual Fund"
    },
    "quant focused fund": {
        "scheme_snapshot": [
            "INCEPTION DATE",
            "28 August 2008",
            "RISK ADJUSTED MEASURES\u00b7",
            "Indicators",
            "(5 Years)",
            "Sharpe Ratio",
            "0.83",
            "Sortino Ratio",
            "1.32",
            "Jensen\u00b7s Alpha",
            "3.50%",
            "R- Squared",
            "0.80",
            "Downside Deviation",
            "12.09%",
            "Upside Deviation",
            "15.62%",
            "Downside Capture",
            "0.90",
            "Upside Capture",
            "1.01",
            "CONTRIBUTION BY MARKET CAP",
            "PORTFOLIO CONCENTRATION",
            "Top Holding",
            "% of Portfolio",
            "10",
            "69.31",
            "20",
            "97.98",
            "30",
            "98.32",
            "INVESTOR CONCENTRATION",
            "Top Investors",
            "% Concentration",
            "10",
            "12.69",
            "20",
            "15.61",
            "30",
            "17.34",
            "FUND MANAGERS",
            "Ankit Pande, Vasav Sahgal, Sanjeev",
            "Sharma",
            "LOAD STRUCTURE",
            "Entry: Nil | Exit:1% for 15 days",
            "NAV Details : Pleaseclick here",
            "EXPENSE RATIO : Please",
            "click here",
            "(For both Direct and Reqular plans)",
            "BENCHMARK INDEX:",
            "NIFTY 500 TRI",
            "Scheme Riskometer",
            "Benchmark Riskometer",
            "*Investors should consult their financial advisers if in doubt about whether the product is",
            "suitable for them",
            "As on January 31, 2025",
            ""
        ],
        "dummyzuvtxxqjaobxjsk": [
            "& provide long-term growth",
            "FUND SIZE",
            "the investment objective of",
            "$ 0.12 bn",
            ""
        ],
        "relative_weightage": [
            "V",
            "5",
            "2",
            "8",
            "2",
            "8",
            ""
        ],
        "dummywatwpkjrtpdgwnf": [
            "y",
            "*Since Inception Date = Date of First allotment in the Scheme / Plan.    \u00b7 Returns / Ratios are for Regular Plan",
            "MINIMUM INVESTMENT :",
            "5000/- and multiple of Re. 1/",
            "SUBSEQUENT INVESTMENT :",
            "1000/- and multiple of Re. 1/-",
            ""
        ],
        "dummycsddqvibafckakp": [
            ""
        ],
        "amc_name": "Quant Money Managers Limited",
        "main_scheme_name": "quant focused fund",
        "monthly_aaum_date": "28FEBRUARY2025",
        "page_number": [
            40
        ],
        "mutual_fund_name": "Quant Mutual Fund"
    },
    "quant manufacturing fund": {
        "scheme_snapshot": [
            "INCEPTION DATE",
            "14 August 2023",
            "RISK ADJUSTED MEASURES\u00b7",
            "Indicators",
            "(Since Inception)",
            "Sharpe Ratio",
            "1.22",
            "Sortino Ratio",
            "2.30",
            "Jensen\u00b7s Alpha",
            "1.95%",
            "R- Squared",
            "0.67",
            "Downside Deviation",
            "9.43%",
            "Upside Deviation",
            "14.66%",
            "Downside Capture",
            "1.09",
            "Upside Capture",
            "1.06",
            "CONTRIBUTION BY MARKET CAP",
            "PORTFOLIO CONCENTRATION",
            "Top Holding",
            "% of Portfolio",
            "10",
            "62.89",
            "20",
            "90.17",
            "30",
            "95.70",
            "INVESTOR CONCENTRATION",
            "Top Investors",
            "% Concentration",
            "10",
            "3.29",
            "20",
            "5.13",
            "30",
            "6.49",
            "FUND MANAGERS",
            "Sandeep Tandon, Ankit Pande, Sanjeev",
            "Sharma, Vasav Sahgal",
            "LOAD STRUCTURE",
            "Entry: Nil | Exit:1% for 15 days",
            "NAV Details : Pleaseclick here",
            "EXPENSE RATIO : Please",
            "click here",
            "(For both Direct and Reqular plans)",
            "BENCHMARK INDEX:",
            "Nifty India Manufacturing Index",
            "Scheme Riskometer",
            "Benchmark Riskometer",
            "*Investors should consult their financial advisers if in doubt about whether the product is",
            "suitable for them",
            "As on January 31, 2025",
            ""
        ],
        "dummymhmwzlrmiuethwl": [
            "ting",
            "in",
            "equity and equity",
            "FUND SIZE",
            "antee that",
            "the",
            "investment",
            "$ 0.10 bn",
            ""
        ],
        "relative_weightage": [
            "V",
            "9",
            "7",
            "4",
            "0",
            "2",
            ""
        ],
        "dummyjrpatpegiftljtm": [
            "y",
            "*Since Inception Date = Date of First allotment in the Scheme / Plan.    \u00b7 Returns / Ratios are for Regular Plan",
            "MINIMUM INVESTMENT :",
            "5000/- and multiple of Re. 1/",
            "SUBSEQUENT INVESTMENT :",
            "1000/- and multiple of Re. 1/-",
            ""
        ],
        "dummyhrcbqumdvmlkpty": [
            ""
        ],
        "amc_name": "Quant Money Managers Limited",
        "main_scheme_name": "quant manufacturing fund",
        "monthly_aaum_date": "28FEBRUARY2025",
        "page_number": [
            42
        ],
        "mutual_fund_name": "Quant Mutual Fund"
    },
    "quant psu fund": {
        "scheme_snapshot": [
            "INCEPTION DATE",
            "20 February 2024",
            "RISK ADJUSTED MEASURES\u00b7",
            "Indicators",
            "(Since Inception)",
            "Sharpe Ratio",
            "-0.27",
            "Sortino Ratio",
            "-0.44",
            "Jensen\u00b7s Alpha",
            "2.58%",
            "R- Squared",
            "0.97",
            "Downside Deviation",
            "14.51%",
            "Upside Deviation",
            "15.17%",
            "Downside Capture",
            "1.14",
            "Upside Capture",
            "1.08",
            "CONTRIBUTION BY MARKET CAP",
            "PORTFOLIO CONCENTRATION",
            "Top Holding",
            "% of Portfolio",
            "10",
            "79.28",
            "20",
            "93.75",
            "30",
            "93.75",
            "INVESTOR CONCENTRATION",
            "Top Investors",
            "% Concentration",
            "10",
            "5.12",
            "20",
            "6.97",
            "30",
            "8.29",
            "FUND MANAGERS",
            "Sandeep Tandon, Ankit Pande, Sanjeev",
            "Sharma, Vasav Sahgal",
            "LOAD STRUCTURE",
            "Entry: Nil | Exit:1% for 15 days",
            "NAV Details : Pleaseclick here",
            "EXPENSE RATIO : Please",
            "click here",
            "(For both Direct and Reqular plans)",
            "BENCHMARK INDEX:",
            "Nifty PSE TRI",
            "Scheme Riskometer",
            "Benchmark Riskometer",
            "*Investors should consult their financial advisers if in doubt about whether the product is",
            "suitable for them",
            "As on January 31, 2025",
            ""
        ],
        "dummyllvohfxfwfeeqrn": [
            "edominantly in",
            "equity and",
            "FUND SIZE",
            "e of the Scheme will be",
            "$ 0.09 bn",
            ""
        ],
        "relative_weightage": [
            "V",
            "2",
            "1",
            "8",
            "6",
            "0",
            ""
        ],
        "dummyxprxdtbgxwccbcv": [
            "y",
            "*Since Inception Date = Date of First allotment in the Scheme / Plan.    \u00b7 Returns / Ratios are for Regular Plan",
            "MINIMUM INVESTMENT :",
            "5000/- and multiple of Re. 1/",
            "SUBSEQUENT INVESTMENT :",
            "1000/- and multiple of Re. 1/-",
            ""
        ],
        "dummykgbmmjhqbsbdxow": [
            ""
        ],
        "amc_name": "Quant Money Managers Limited",
        "main_scheme_name": "quant psu fund",
        "monthly_aaum_date": "28FEBRUARY2025",
        "page_number": [
            44
        ],
        "mutual_fund_name": "Quant Mutual Fund"
    },
    "quant bfsi fund": {
        "scheme_snapshot": [
            "INCEPTION DATE",
            "20 June 2023",
            "RISK ADJUSTED MEASURES\u00b7",
            "Indicators",
            "(Since Inception)",
            "Sharpe Ratio",
            "1.29",
            "Sortino Ratio",
            "2.29",
            "Jensen\u00b7s Alpha",
            "17.30%",
            "R- Squared",
            "0.08",
            "Downside Deviation",
            "9.95%",
            "Upside Deviation",
            "14.59%",
            "Downside Capture",
            "-0.42",
            "Upside Capture",
            "0.98",
            "CONTRIBUTION BY MARKET CAP",
            "PORTFOLIO CONCENTRATION",
            "Top Holding",
            "% of Portfolio",
            "10",
            "80.69",
            "20",
            "94.01",
            "30",
            "94.01",
            "INVESTOR CONCENTRATION",
            "Top Investors",
            "% Concentration",
            "10",
            "9.55",
            "20",
            "12.30",
            "30",
            "14.41",
            "FUND MANAGERS",
            "Sandeep Tandon, Ankit Pande, Sanjeev",
            "Sharma, Vasav Sahgal",
            "LOAD STRUCTURE",
            "Entry: Nil | Exit:1% for 15 days",
            "NAV Details : Pleaseclick here",
            "EXPENSE RATIO : Please",
            "click here",
            "(For both Direct and Reqular plans)",
            "BENCHMARK INDEX:",
            "Nifty Financial Services TRI",
            "Scheme Riskometer",
            "Benchmark Riskometer",
            "*Investors should consult their financial advisers if in doubt about whether the product is",
            "suitable for them",
            "As on January 31, 2025",
            ""
        ],
        "dummyqvpqgdizjtxhblp": [
            "ting",
            "in",
            "equity and equity",
            "FUND SIZE",
            "e of the Scheme will be",
            "$ 0.07 bn",
            ""
        ],
        "relative_weightage": [
            "V",
            "2",
            "2",
            "6",
            "7",
            "5",
            ""
        ],
        "dummyissmdoitmijtych": [
            "y",
            "*Since Inception Date = Date of First allotment in the Scheme / Plan.    \u00b7 Returns / Ratios are for Regular Plan",
            "MINIMUM INVESTMENT :",
            "5000/- and multiple of Re. 1/",
            "SUBSEQUENT INVESTMENT :",
            "1000/- and multiple of Re. 1/-",
            ""
        ],
        "dummyjtfdedovcavweet": [
            ""
        ],
        "amc_name": "Quant Money Managers Limited",
        "main_scheme_name": "quant bfsi fund",
        "monthly_aaum_date": "28FEBRUARY2025",
        "page_number": [
            46
        ],
        "mutual_fund_name": "Quant Mutual Fund"
    },
    "quant teck fund": {
        "scheme_snapshot": [
            "INCEPTION DATE",
            "11 September 2023",
            "RISK ADJUSTED MEASURES\u00b7",
            "Indicators",
            "(Since Inception)",
            "Sharpe Ratio",
            "0.42",
            "Sortino Ratio",
            "0.74",
            "Jensen\u00b7s Alpha",
            "-7.44%",
            "R- Squared",
            "0.63",
            "Downside Deviation",
            "11.70%",
            "Upside Deviation",
            "15.93%",
            "Downside Capture",
            "1.09",
            "Upside Capture",
            "0.76",
            "CONTRIBUTION BY MARKET CAP",
            "PORTFOLIO CONCENTRATION",
            "Top Holding",
            "% of Portfolio",
            "10",
            "79.19",
            "20",
            "89.37",
            "30",
            "89.37",
            "INVESTOR CONCENTRATION",
            "Top Investors",
            "% Concentration",
            "10",
            "5.37",
            "20",
            "7.78",
            "30",
            "9.24",
            "FUND MANAGERS",
            "Sanjeev Sharma, Ankit Pande, Vasav",
            "Sahgal",
            "LOAD STRUCTURE",
            "Entry: Nil | Exit:1% for 15 days",
            "NAV Details : Pleaseclick here",
            "EXPENSE RATIO : Please",
            "click here",
            "(For both Direct and Reqular plans)",
            "BENCHMARK INDEX:",
            "Nifty IT TRI",
            "Scheme Riskometer",
            "Benchmark Riskometer",
            "*Investors should consult their financial advisers if in doubt about whether the product is",
            "suitable for them",
            "As on January 31, 2025",
            ""
        ],
        "dummycgqjadbuctnrpoo": [
            "y investing in equity and",
            "FUND SIZE",
            "t objective of the Scheme",
            "$ 0.05 bn",
            ""
        ],
        "relative_weightage": [
            "V",
            "4",
            "8",
            "3",
            "9",
            "6",
            ""
        ],
        "dummyppwouohnrndupeq": [
            "y",
            "*Since Inception Date = Date of First allotment in the Scheme / Plan.    \u00b7 Returns / Ratios are for Regular Plan",
            "MINIMUM INVESTMENT :",
            "5000/- and multiple of Re. 1/",
            "SUBSEQUENT INVESTMENT :",
            "1000/- and multiple of Re. 1/-",
            ""
        ],
        "dummyfcolzdivkbemofr": [
            ""
        ],
        "amc_name": "Quant Money Managers Limited",
        "main_scheme_name": "quant teck fund",
        "monthly_aaum_date": "28FEBRUARY2025",
        "page_number": [
            48
        ],
        "mutual_fund_name": "Quant Mutual Fund"
    },
    "quant healthcare fund": {
        "scheme_snapshot": [
            "INCEPTION DATE",
            "17 July 2023",
            "RISK ADJUSTED MEASURES\u00b7",
            "Indicators",
            "(Since Inception)",
            "Sharpe Ratio",
            "1.25",
            "Sortino Ratio",
            "2.86",
            "Jensen\u00b7s Alpha",
            "5.37%",
            "R- Squared",
            "0.62",
            "Downside Deviation",
            "8.05%",
            "Upside Deviation",
            "16.38%",
            "Downside Capture",
            "0.29",
            "Upside Capture",
            "0.68",
            "CONTRIBUTION BY MARKET CAP",
            "PORTFOLIO CONCENTRATION",
            "Top Holding",
            "% of Portfolio",
            "10",
            "73.82",
            "20",
            "98.11",
            "30",
            "98.11",
            "INVESTOR CONCENTRATION",
            "Top Investors",
            "% Concentration",
            "10",
            "10.42",
            "20",
            "13.13",
            "30",
            "15.07",
            "FUND MANAGERS",
            "Sandeep Tandon, Ankit Pande, Sanjeev",
            "Sharma, Vasav Sahgal",
            "LOAD STRUCTURE",
            "Entry: Nil | Exit:1% for 15 days",
            "NAV Details : Pleaseclick here",
            "EXPENSE RATIO : Please",
            "click here",
            "(For both Direct and Reqular plans)",
            "BENCHMARK INDEX:",
            "NIFTY Healthcare TRI",
            "Scheme Riskometer",
            "Benchmark Riskometer",
            "*Investors should consult their financial advisers if in doubt about whether the product is",
            "suitable for them",
            "As on January 31, 2025",
            ""
        ],
        "dummysvklftgzgiibgqf": [
            "ting",
            "in",
            "equity and equity",
            "FUND SIZE",
            "urance that the investment",
            "$ 0.05 bn",
            ""
        ],
        "relative_weightage": [
            "V",
            "8",
            "1",
            "9",
            "4",
            "6",
            ""
        ],
        "dummylttmyuxjnhxxmbt": [
            "y",
            "*Since Inception Date = Date of First allotment in the Scheme / Plan.    \u00b7 Returns / Ratios are for Regular Plan",
            "MINIMUM INVESTMENT :",
            "5000/- and multiple of Re. 1/",
            "SUBSEQUENT INVESTMENT :",
            "1000/- and multiple of Re. 1/-",
            ""
        ],
        "dummyeuyhudohhslzlrj": [
            ""
        ],
        "amc_name": "Quant Money Managers Limited",
        "main_scheme_name": "quant healthcare fund",
        "monthly_aaum_date": "28FEBRUARY2025",
        "page_number": [
            50
        ],
        "mutual_fund_name": "Quant Mutual Fund"
    },
    "quant commodities fund": {
        "scheme_snapshot": [
            "INCEPTION DATE",
            "27 December 2023",
            "RISK ADJUSTED MEASURES\u00b7",
            "Indicators",
            "(Since Inception)",
            "Sharpe Ratio",
            "0.62",
            "Sortino Ratio",
            "1.07",
            "Jensen\u00b7s Alpha",
            "13.99%",
            "R- Squared",
            "0.49",
            "Downside Deviation",
            "12.60%",
            "Upside Deviation",
            "15.95%",
            "Downside Capture",
            "1.00",
            "Upside Capture",
            "1.71",
            "CONTRIBUTION BY MARKET CAP",
            "PORTFOLIO CONCENTRATION",
            "Top Holding",
            "% of Portfolio",
            "10",
            "74.17",
            "20",
            "94.12",
            "30",
            "94.12",
            "INVESTOR CONCENTRATION",
            "Top Investors",
            "% Concentration",
            "10",
            "4.32",
            "20",
            "6.84",
            "30",
            "8.64",
            "FUND MANAGERS",
            "Sandeep Tandon, Ankit Pande, Sanjeev",
            "Sharma, Vasav Sahgal, Varun Pattani",
            "LOAD STRUCTURE",
            "Entry: Nil | Exit:1% for 15 days",
            "NAV Details : Pleaseclick here",
            "EXPENSE RATIO : Please",
            "click here",
            "(For both Direct and Reqular plans)",
            "BENCHMARK INDEX:",
            "Nifty Commodities TRI",
            "Scheme Riskometer",
            "Benchmark Riskometer",
            "*Investors should consult their financial advisers if in doubt about whether the product is",
            "suitable for them",
            "As on January 31, 2025",
            ""
        ],
        "dummyitgqcwqszhgekfq": [
            "portfolio",
            "that",
            "is",
            "invested",
            "FUND SIZE",
            "ted",
            "sectors. There is",
            "no",
            "$ 0.04 bn",
            ""
        ],
        "relative_weightage": [
            "V",
            "5",
            "0",
            "2",
            "8",
            "2",
            ""
        ],
        "dummyytkflcxtltovapy": [
            "y",
            "*Since Inception Date = Date of First allotment in the Scheme / Plan.    \u00b7 Returns / Ratios are for Regular Plan",
            "MINIMUM INVESTMENT :",
            "5000/- and multiple of Re. 1/",
            "SUBSEQUENT INVESTMENT :",
            "1000/- and multiple of Re. 1/-",
            ""
        ],
        "dummyaywbwhhsuhmlnvq": [
            ""
        ],
        "amc_name": "Quant Money Managers Limited",
        "main_scheme_name": "quant commodities fund",
        "monthly_aaum_date": "28FEBRUARY2025",
        "page_number": [
            52
        ],
        "mutual_fund_name": "Quant Mutual Fund"
    },
    "quant consumption fund": {
        "scheme_snapshot": [
            "INCEPTION DATE",
            "24 January 2024",
            "RISK ADJUSTED MEASURES\u00b7",
            "Indicators",
            "(Since Inception)",
            "Sharpe Ratio",
            "-0.27",
            "Sortino Ratio",
            "-0.45",
            "Jensen\u00b7s Alpha",
            "-10.28%",
            "R- Squared",
            "0.58",
            "Downside Deviation",
            "9.76%",
            "Upside Deviation",
            "10.87%",
            "Downside Capture",
            "1.06",
            "Upside Capture",
            "0.53",
            "CONTRIBUTION BY MARKET CAP",
            "PORTFOLIO CONCENTRATION",
            "Top Holding",
            "% of Portfolio",
            "10",
            "76.38",
            "20",
            "97.20",
            "30",
            "97.20",
            "INVESTOR CONCENTRATION",
            "Top Investors",
            "% Concentration",
            "10",
            "13.80",
            "20",
            "16.25",
            "30",
            "17.91",
            "FUND MANAGERS",
            "Sandeep Tandon, Ankit Pande, Sanjeev",
            "Sharma, Vasav Sahgal",
            "LOAD STRUCTURE",
            "Entry: Nil | Exit:1% for 15 days",
            "NAV Details : Pleaseclick here",
            "EXPENSE RATIO : Please",
            "click here",
            "(For both Direct and Reqular plans)",
            "BENCHMARK INDEX:",
            "NIFTY India Consumption TRI",
            "Scheme Riskometer",
            "Benchmark Riskometer",
            "*Investors should consult their financial advisers if in doubt about whether the product is",
            "suitable for them",
            "As on January 31, 2025",
            ""
        ],
        "dummyzfsaiijisrbkrgf": [
            "provide long-term growth",
            "FUND SIZE",
            "t objective of the Scheme",
            "$ 0.04 bn",
            ""
        ],
        "relative_weightage": [
            "V",
            "7",
            "2",
            "9",
            "0",
            "5",
            ""
        ],
        "dummyzdevgwncpwpvdll": [
            "y",
            "*Since Inception Date = Date of First allotment in the Scheme / Plan.    \u00b7 Returns / Ratios are for Regular Plan",
            "MINIMUM INVESTMENT :",
            "5000/- and multiple of Re. 1/",
            "SUBSEQUENT INVESTMENT :",
            "1000/- and multiple of Re. 1/-",
            ""
        ],
        "dummyqsulzurqsqsmxgs": [
            ""
        ],
        "amc_name": "Quant Money Managers Limited",
        "main_scheme_name": "quant consumption fund",
        "monthly_aaum_date": "28FEBRUARY2025",
        "page_number": [
            54
        ],
        "mutual_fund_name": "Quant Mutual Fund"
    },
    "quant esg equity fund": {
        "scheme_snapshot": [
            "INCEPTION DATE",
            "05 November 2020",
            "RISK ADJUSTED MEASURES\u00b7",
            "Indicators",
            "(Since Inception)",
            "Sharpe Ratio",
            "1.46",
            "Sortino Ratio",
            "2.89",
            "Jensen\u00b7s Alpha",
            "13.37%",
            "R- Squared",
            "0.60",
            "Downside Deviation",
            "8.92%",
            "Upside Deviation",
            "16.25%",
            "Downside Capture",
            "0.99",
            "Upside Capture",
            "1.53",
            "CONTRIBUTION BY MARKET CAP",
            "PORTFOLIO CONCENTRATION",
            "Top Holding",
            "% of Portfolio",
            "10",
            "75.87",
            "20",
            "99.49",
            "30",
            "99.49",
            "INVESTOR CONCENTRATION",
            "Top Investors",
            "% Concentration",
            "10",
            "7.50",
            "20",
            "10.86",
            "30",
            "13.18",
            "FUND MANAGERS",
            "Ankit Pande, Sanjeev Sharma, Vasav",
            "Sahgal",
            "LOAD STRUCTURE",
            "Entry: Nil | Exit:1% for 15 days",
            "NAV Details : Pleaseclick here",
            "EXPENSE RATIO : Please",
            "click here",
            "(For both Direct and Reqular plans)",
            "BENCHMARK INDEX:",
            "NIFTY 100 ESG TRI",
            "Scheme Riskometer",
            "Benchmark Riskometer",
            "*Investors should consult their financial advisers if in doubt about whether the product is",
            "suitable for them",
            "As on January 31, 2025",
            ""
        ],
        "dummyhcgwpxarcjmrvuu": [
            "s",
            "demonstrating sustainable",
            "FUND SIZE",
            "the investment objective of",
            "$ 0.03 bn",
            ""
        ],
        "relative_weightage": [
            "V",
            "3",
            "6",
            "4",
            "8",
            "3",
            ""
        ],
        "dummyiiyyhkwjkmoxzpq": [
            "y",
            "*Since Inception Date = Date of First allotment in the Scheme / Plan.    \u00b7 Returns / Ratios are for Regular Plan",
            "MINIMUM INVESTMENT :",
            "5000/- and multiple of Re. 1/",
            "SUBSEQUENT INVESTMENT :",
            "1000/- and multiple of Re. 1/-",
            ""
        ],
        "dummybvfmacsbidllcfo": [
            ""
        ],
        "amc_name": "Quant Money Managers Limited",
        "main_scheme_name": "quant esg equity fund",
        "monthly_aaum_date": "28FEBRUARY2025",
        "page_number": [
            56
        ],
        "mutual_fund_name": "Quant Mutual Fund"
    },
    "quant multi asset fund": {
        "scheme_snapshot": [
            "INCEPTION DATE",
            "17 April 2001",
            "RISK ADJUSTED MEASURES\u00b7",
            "Indicators",
            "(5 Years)",
            "Sharpe Ratio",
            "1.12",
            "Sortino Ratio",
            "1.88",
            "Jensen\u00b7s Alpha",
            "17.79%",
            "R- Squared",
            "0.63",
            "Downside Deviation",
            "11.47%",
            "Upside Deviation",
            "16.51%",
            "FIXED INCOME ANALYTICS",
            "Fund",
            "Residual/Average Maturity",
            "256 Days",
            "Modified Duration",
            "197 Days",
            "Macaulay Duration",
            "206 Days",
            "Yield to Maturity",
            "6.57%",
            "CONTRIBUTION BY MARKET CAP",
            "TOP CONTRIBUTIONS",
            "Equity & Equity Related",
            "55.08",
            "Cash & Other Receivable",
            "22.98",
            "ETF",
            "11.20",
            "TBL-Treasury Bills",
            "7.50",
            "Goverment Securities",
            "2.40",
            "Certificate of Deposits",
            "0.79",
            "INVESTOR CONCENTRATION",
            "Top Investors",
            "% Concentration",
            "10",
            "5.11",
            "20",
            "7.10",
            "30",
            "8.29",
            "FUND MANAGERS",
            "Sandeep Tandon, Ankit Pande,",
            "Sanjeev Sharma, Vasav Sahgal, Varun",
            "Pattani",
            "MINIMUM INVESTMENT",
            "5000/- and multiple of Re. 1/",
            "SUBSEQUENT INVESTMENT",
            "1000/- and multiple of Re. 1/-",
            "As on January 31, 2025",
            ""
        ],
        "dummysroooedttdcwzsx": [
            "m growth opportunities by",
            "FUND SIZE",
            "the investment objective of",
            "3,162 cr",
            "$ 0.36 bn",
            ""
        ],
        "relative_weightage": [
            "V",
            "4",
            "9",
            "7",
            "6",
            "5",
            "7",
            "7",
            ""
        ],
        "dummygtxdsxpvzfrwwix": [
            "0% GS2027 CSTRIP 12 Sep 2026",
            "0.37",
            "Total TBL-Treasury Bills",
            "7.50",
            ""
        ],
        "dummyrczwdqicjlzdzfp": [
            ""
        ],
        "amc_name": "Quant Money Managers Limited",
        "main_scheme_name": "quant multi asset fund",
        "monthly_aaum_date": "28FEBRUARY2025",
        "page_number": [
            58
        ],
        "mutual_fund_name": "Quant Mutual Fund"
    },
    "quant liquid fund": {
        "scheme_snapshot": [
            "INCEPTION DATE",
            "L",
            "03 October 2005",
            "I",
            "A",
            "RISK ADJUSTED MEASURES\u00b7",
            "T",
            "Residual/Average Maturity",
            "52 Days",
            "Modified Duration",
            "48 Days",
            "M",
            "Macaulay Duration",
            "52 Days",
            "L",
            "Yield to Maturity",
            "7.44%",
            "G",
            "T",
            "INVESTOR CONCENTRATION",
            "Top Investors",
            "% Concentration",
            "M",
            "10",
            "18.43",
            "I",
            "20",
            "21.42",
            "B",
            "30",
            "23.31",
            "R",
            "FUND MANAGERS",
            "T",
            "Sanjeev Sharma",
            "N",
            "MINIMUM INVESTMENT",
            "B",
            "5000/- and multiple of Re. 1/",
            "S",
            "SUBSEQUENT INVESTMENT",
            "1000/- and multiple of Re. 1/-",
            "H",
            "T",
            "NAV Details : Pleaseclick here",
            "T",
            "EXPENSE RATIO : Please",
            "click here",
            "C",
            "(For both Direct and Reqular plans)",
            "T",
            "LOAD STRUCTURE",
            "9",
            "Entry: Nil",
            "Exit(w.e.f. October 20, 2019)",
            "9",
            "lnvestor exit upon",
            "Exit Load as a % of 9",
            "subscription / switch-In",
            "redemption Proceeds",
            "T",
            "Day1",
            "0.0070%",
            "C",
            "Day2",
            "0.0065%",
            "Day3",
            "0.0060%",
            "(",
            "Day4",
            "0.0055%",
            "T",
            "Day5",
            "0.0050%",
            "G",
            "Day6",
            "0.0045%",
            "Day7 Onwards",
            "0.0000%",
            "BENCHMARK INDEX",
            "CRISIL LIQUID FUND A1 INDEX",
            "Scheme Riskometer",
            "Benchmark Riskometer",
            "i",
            "*Investors should consult their financial advisers if in doubt about whether the product is",
            "B",
            "suitable for them",
            "As on January 31, 2025",
            ""
        ],
        "dummyybkljawxtxvwcnc": [
            "money market and debt",
            "FUND SIZE",
            "\u00b7 1,547 cr",
            "$ 0.18 bn",
            ""
        ],
        "rating_profile/asset_allocation(%)": [
            "Potential Risk Class (Maximum risk the Same can take)",
            "TO NAV",
            "Credit Risk \u00b7",
            "Relatively Low (Class A)",
            "Moderate (Class B)",
            "Relativ",
            "6.46",
            "Interest Rate Risk \u00b7",
            "Relatively Low (Class I)",
            "B-I",
            "6.40",
            "Moderate (Class II)",
            "Relatively High (Class III)",
            "6.39",
            "B-I   -A Scheme with Relatively Low Interest Rate Risk and Moderate Credit Ri",
            "Portfolio Information",
            "5.73",
            "Scheme Name",
            "quant Liquid Fund",
            "Description",
            "The investment objective of the scheme is to generate income through a portfolio comprising",
            "4.81",
            "money market and debt instruments. There is no assurance that the investment objective of th",
            "Scheme will be realized.",
            "Annualised Portfolio YTM",
            "7.44%",
            "4.77",
            "Macaulary Duration (Days)",
            "52",
            "Residual Maturity (Days)",
            "52",
            "3.22",
            "As on (Date)",
            "January 31, 25",
            "3.20",
            "3 20",
            ""
        ],
        "dummyyyrqhtmknwmipas": [
            "Past performance may or may not be sustained in the future. Returns are compounded annualized (CAGR). Load is",
            "into consideration for computation of performance. XIRR formula is used for SIP calculations of Rs.",
            "10,000 invested",
            "Business Day of each month.",
            "*Since Inception Date = Date of First allotment in the Scheme / Plan.    \u00b7 Returns / Ratios are for Regular Plan",
            ""
        ],
        "dummyghyqtcuyoiurrrr": [
            ""
        ],
        "amc_name": "Quant Money Managers Limited",
        "main_scheme_name": "quant liquid fund",
        "monthly_aaum_date": "28FEBRUARY2025",
        "page_number": [
            61
        ],
        "mutual_fund_name": "Quant Mutual Fund"
    },
    "quant gilt fund": {
        "scheme_snapshot": [
            "INCEPTION DATE",
            "L",
            "21 December 2022",
            "7",
            "7",
            "RISK ADJUSTED MEASURES\u00b7",
            "7",
            "Residual/Average Maturity",
            "3204 Days",
            "Modified Duration",
            "1786 Days 6",
            "Macaulay Duration",
            "1851 Days G",
            "Yield to Maturity",
            "6.89%",
            "7",
            "5",
            "INVESTOR CONCENTRATION",
            "Top Investors",
            "% Concentration",
            "7",
            "10",
            "21.92",
            "7",
            "20",
            "27.09",
            "7",
            "30",
            "30.92",
            "7",
            "FUND MANAGERS",
            "7",
            "Sanjeev Sharma",
            "8",
            "T",
            "MINIMUM INVESTMENT",
            "T",
            "5000/- and multiple of Re. 1/",
            "C",
            "SUBSEQUENT INVESTMENT",
            "1000/- and multiple of Re. 1/-",
            "T",
            "3",
            "NAV Details : Pleaseclick here",
            "0",
            "EXPENSE RATIO : Please",
            "click here",
            "0",
            "(For both Direct and Reqular plans)",
            "G",
            "LOAD STRUCTURE",
            "T",
            "Entry: Nil | Exit: Nil",
            "G",
            "BENCHMARK INDEX",
            "CRISIL DYNAMIC GILT INDEX",
            "Scheme Riskometer",
            "Benchmark Riskometer",
            "i",
            "*Investors should consult their financial advisers if in doubt about whether the product is",
            "B",
            "suitable for them",
            "As on January 31, 2025",
            ""
        ],
        "dummymymzxtyragedtfa": [
            "Government and/or",
            "State",
            "FUND SIZE",
            "\u00b7 121 cr",
            "$ 0.01 bn",
            ""
        ],
        "rating_profile/asset_allocation(%)": [
            "Potential Risk Class (Maximum risk the Same can take)",
            "TO NAV",
            "Credit Risk \u00b7",
            "Relatively Low (Class A)",
            "Moderate (Class B)",
            "Relativ",
            "10.07",
            "Interest Rate Risk \u00b7",
            "Relatively Low (Class I)",
            "8.59",
            "Moderate (Class II)",
            "Relatively High (Class III)",
            "A-III",
            "8.51",
            "A-III - A Scheme with Relatively High Interest Rate Risk and Relatively Low Credit",
            "Portfolio Information",
            "8.33",
            "Scheme Name",
            "quant Gilt Fund",
            "Description",
            "To generate returns through investments in sovereign securities issued by the Central Govern",
            "8.29",
            "and/or State Government. However, there can be no assurance that the investment objective o",
            "the Scheme will be realized.",
            "Annualised Portfolio YTM",
            "6.89%",
            "6.44",
            "Macaulary Duration (Days)",
            "1851",
            "Residual Maturity (Days)",
            "3204",
            "5.78",
            "As on (Date)",
            "January 31, 25",
            "5.43",
            "4 27",
            ""
        ],
        "dummyzmamretvlxsvmcv": [
            "Past performance may or may not be sustained in the future. Returns are compounded annualized (CAGR). Load is",
            "into consideration for computation of performance. XIRR formula is used for SIP calculations of Rs.",
            "10,000 invested",
            "Business Day of each month.",
            "*Since Inception Date = Date of First allotment in the Scheme / Plan.    \u00b7 Returns / Ratios are for Regular Plan",
            ""
        ],
        "dummyorofixmgrslzzzi": [
            ""
        ],
        "amc_name": "Quant Money Managers Limited",
        "main_scheme_name": "quant gilt fund",
        "monthly_aaum_date": "28FEBRUARY2025",
        "page_number": [
            63
        ],
        "mutual_fund_name": "Quant Mutual Fund"
    },
    "quant overnight fund": {
        "scheme_snapshot": [
            "INCEPTION DATE",
            "L",
            "04 December 2022",
            "T",
            "C",
            "RISK ADJUSTED MEASURES\u00b7",
            "T",
            "Residual/Average Maturity",
            "3 Days",
            "Modified Duration",
            "2 Days",
            "G",
            "Macaulay Duration",
            "2 Days",
            "Yield to Maturity",
            "6.51%",
            "INVESTOR CONCENTRATION",
            "Top Investors",
            "% Concentration",
            "10",
            "22.36",
            "20",
            "30.05",
            "30",
            "34.19",
            "FUND MANAGERS",
            "Sanjeev Sharma",
            "MINIMUM INVESTMENT",
            "5000/- and multiple of Re. 1/",
            "SUBSEQUENT INVESTMENT",
            "1000/- and multiple of Re. 1/-",
            "NAV Details : Pleaseclick here",
            "EXPENSE RATIO : Please",
            "click here",
            "(For both Direct and Reqular plans)",
            "LOAD STRUCTURE",
            "Entry: Nil | Exit: Nil",
            "BENCHMARK INDEX",
            "CRISIL OVERNIGHT INDEX",
            "Scheme Riskometer",
            "Benchmark Riskometer",
            "i",
            "*Investors should consult their financial advisers if in doubt about whether the product is",
            "B",
            "suitable for them",
            "As on January 31, 2025",
            ""
        ],
        "dummyobeneuarodmenca": [
            "ey market instruments with",
            "FUND SIZE",
            "\u00b7 117 cr",
            "$ 0.01 bn",
            ""
        ],
        "rating_profile/asset_allocation(%)": [
            "Potential Risk Class (Maximum risk the Same can take)",
            "TO NAV",
            "Credit Risk \u00b7",
            "Relatively Low (Class A)",
            "Moderate (Class B)",
            "Relativ",
            "102.50",
            "Interest Rate Risk \u00b7",
            "Relatively Low (Class I)",
            "A-I",
            "-2.50",
            "Moderate (Class II)",
            "Relatively High (Class III)",
            "100.00",
            "A-I   - A Scheme with Relatively Low Interest Rate Risk and Low Credit Risk",
            "Portfolio Information",
            "100.00",
            "Scheme Name",
            "quant Overnight Fund",
            "Description",
            "The investment objective of the scheme is to generate returns by investing in debt and money",
            "market instruments with overnight maturity. However, there can be no assurance that the",
            "investment objective of the Scheme will be realized.",
            "Annualised Portfolio YTM",
            "6.51%",
            "Macaulary Duration (Days)",
            "2",
            "Residual Maturity (Days)",
            "3",
            "As on (Date)",
            "January 31, 25",
            ""
        ],
        "dummyyddxyjhmbejgxdf": [
            "Past performance may or may not be sustained in the future. Returns are compounded annualized (CAGR). Load is",
            "into consideration for computation of performance. XIRR formula is used for SIP calculations of Rs.",
            "10,000 invested",
            "Business Day of each month.",
            "*Since Inception Date = Date of First allotment in the Scheme / Plan.    \u00b7 Returns / Ratios are for Regular Plan",
            ""
        ],
        "dummybpwwcjpgnkglnjo": [
            ""
        ],
        "amc_name": "Quant Money Managers Limited",
        "main_scheme_name": "quant overnight fund",
        "monthly_aaum_date": "28FEBRUARY2025",
        "page_number": [
            65
        ],
        "mutual_fund_name": "Quant Mutual Fund"
    }
}