{
    "quantum small cap fund": {
        "before": [
            "Category of Scheme",
            "Small Cap Fund",
            "Investment Objective",
            "The Investment Objective of the Scheme to generate",
            "capital appreciation by investing predominantly in Small",
            "Cap Stocks.",
            "There is no assurance that the investment objective of the",
            "scheme will be achieved.",
            "Inception Date (Date of Allotment)",
            "November 03, 2023",
            "Benchmark Index",
            "BSE 250 Small Cap TRI",
            "Declaration of Net Asset Value (NAV)",
            "Every Business Day",
            "NAV of Plans/Options",
            "(as on January 31, 2025)",
            "Direct",
            "Regular",
            "(\u00b7/Unit)",
            "(\u00b7/Unit)",
            "Growth",
            "11.63",
            "11.42",
            "AUM \u00b7 (In Crores)",
            "(as on January 31, 2025)",
            "Average AUM*",
            ": 101.96",
            "Absolute AUM",
            ": 102.41",
            "*Cumulative Daily AUM / No of days in the month",
            "Fund Manager",
            "Mr. Chirag Mehta - Fund Manager",
            "(Work experience: 22 years)",
            "He has been managing this fund effective from",
            "November 03, 2023.",
            "Mrs. Abhilasha Satale - Associate Fund Manager",
            "(Work experience: 18 years)",
            "She has been managing this fund effective from",
            "November 03, 2023.",
            "Entry Load",
            "Not Applicable",
            "Exit Load",
            "\u00b7 NIL: If 10% of units If redeemed or switched out on or",
            "before 365 days from the date of allotment.",
            "\u00b7 1%: If Remaining 90% of units if redeemed or switched",
            "out on or before 365 days from the date of allotment.",
            "\u00b7 NIL: If redeemed or switched out after 365 days from",
            "the date of allotment.",
            "Note: Redemptions / Switch outs of units will be done on First In First",
            "Out (FIFO) basis. The above-mentioned load structure shall be equally",
            "applicable to the special facilities such as Systematic Withdrawal Plan",
            "(SWP) / Systematic Transfer Plan (STP) and Switches etc. However, no load",
            "shall be charged for switching between option / plan within the Scheme.",
            "Total Expense Ratio",
            "(As on month end)",
            "Direct Plan \u00b7 Total TER",
            ": 0.60%",
            "Regular Plan \u00b7 Total TER",
            ": 2.10%",
            "TER specified are the actual expenses charged (i.e. effective rate)",
            "as at the end of the month.",
            "Minimum Application Amount (Under each Option)",
            "Purchase: \u00b7500/- and in multiples of \u00b71/- thereafter.",
            "Additional Purchase: \u00b7500/- and in multiples of \u00b71/-",
            "thereafter/ 50 units.",
            "Brokerages & Commissions Details",
            "Brokerages on Investments for January 2025:",
            "\u00b7 83,329.00",
            "Distributor commissions for January 2025:",
            "\u00b7 4,53538.00",
            "Portfolio Turnover Ratio (Last one year):",
            "11.86%",
            "Redemption Proceeds",
            "Processed through RTGS/NEFT mode on T+2 basis from",
            "the date of transaction where the investor\u00b7s Bank details",
            "are available.",
            "Processed through cheque on T+2 basis from the",
            "date of transaction where the required Bank details of",
            "investor are not available.",
            ""
        ],
        "dummyecumtkajigfeicq": [
            ""
        ],
        "amc_name": "Quantum Asset Management Company Private Limited",
        "main_scheme_name": "quantum small cap fund",
        "monthly_aaum_date": "28FEBRUARY2025",
        "page_number": [
            7
        ],
        "mutual_fund_name": "Quantum Mutual Fund"
    },
    "quantum long term equity value fund": {
        "before": [
            "Category of Scheme",
            "Value Fund",
            "Investment Objective",
            "To achieve long-term capital appreciation by investing",
            "primarily in shares of companies that will typically be",
            "included in the BSE 200 Index and are in a position to",
            "benefit from the anticipated growth and development of",
            "the Indian economy and its markets. There is no assurance",
            "that the investment objective of the Scheme will be",
            "achieved.",
            "Inception Date (Date of Allotment)",
            "March 13, 2006",
            "Benchmark Index",
            "Tier I Benchmark - BSE 500 TRI",
            "Tier II Benchmark - BSE 200 TRI",
            "Declaration of Net Asset Value (NAV)",
            "Every Business Day",
            "NAV of Plans/Options",
            "(as on January 31, 2025)",
            "Direct",
            "Regular",
            "(\u00b7/Unit)",
            "(\u00b7/Unit)",
            "IDCW",
            "127.08",
            "121.89",
            "Growth",
            "126.00",
            "121.20",
            "AUM \u00b7 (In Crores) (as on January 31, 2025)",
            "Average AUM*",
            ": 1,145.84",
            "Absolute AUM",
            ": 1,150.05",
            "*Cumulative Daily AUM / No of days in the month",
            "Fund Manager",
            "Mr. George Thomas - Fund Manager",
            "(Work experience: 11 years)",
            "He has been managing this fund effective from April 01,",
            "2022.",
            "Mr. Christy Mathai - Fund Manager",
            "(Work experience: 10 years)",
            "He has been managing this fund effective from",
            "November 23, 2022.",
            "Key Statistics",
            "^^Standard Deviation",
            ": 12.28%",
            "^^Beta",
            ": 0.83",
            "^^Sharpe Ratio",
            ": 0.86",
            "Entry Load",
            "Not Applicable",
            "Exit Load",
            "\u00b7\t NIL: If 10% of units if redeemed or switched out during",
            "exit load period i.e. 730 days from the allotment",
            "Exit",
            "Load Period : 730 days from the date of allotment",
            "\u00b7\t Remaining 90% of units in parts or full:",
            "i.\t2%: If redeemed or switched out on or before 365",
            "days from the date of allotment",
            "ii.\t1%: If redeemed or switched out after 365 days but",
            "on or before 730 days from the date of allotment",
            "\u00b7\t NIL: If units redeemed or switched out after 730 days",
            "from the date of allotment",
            "Note: Redemptions / Switch outs of units will be done on First In First",
            "Out (FIFO) basis. The above mentioned Exit Load shall be equally",
            "applicable to the special products such as Systematic Withdrawal",
            "Plan (SWP)/Systematic Transfer Plan (STP) and Switches etc. However,",
            "no load shall be charged for switching in between option / plan",
            "within the scheme.",
            "Total Expense Ratio",
            "(As on month end)",
            "Direct Plan \u00b7 Total TER",
            ": 1.10%",
            "Regular Plan \u00b7 Total TER",
            ": 2.00%",
            "TER specified are the actual expenses charged (i.e. effective rate)",
            "as at the end of the month.",
            "Brokerages & Commissions Details",
            "Brokerages on Investments for January 2025:",
            "\u00b7 357,236.00",
            "Distributor commissions for January 2025:",
            "\u00b7 311,803.00",
            "Portfolio Turnover Ratio (Last one year):",
            "11.47%",
            ""
        ],
        "dummysxnqkwpvpreqhbv": [
            ""
        ],
        "amc_name": "Quantum Asset Management Company Private Limited",
        "main_scheme_name": "quantum long term equity value fund",
        "monthly_aaum_date": "28FEBRUARY2025",
        "page_number": [
            9
        ],
        "mutual_fund_name": "Quantum Mutual Fund"
    },
    "quantum ethical fund": {
        "before": [
            "Category of Scheme",
            "Thematic Scheme",
            "Investment Objective",
            "The Investment Objective of the scheme is to achieve",
            "long-term capital appreciation by investing in Equity &",
            "Equity Related Instruments of companies following an",
            "Ethical Set of Principles. There is no assurance that the",
            "investment objective of the scheme will be achieved.",
            "Inception Date (Date of Allotment)",
            "December 20, 2024",
            "Benchmark Index",
            "Tier I Benchmark : NIFTY 500 Shariah TRI",
            "Declaration of Net Asset Value (NAV)",
            "Every Business Day",
            "NAV of Plans/Options",
            "(as on January 31, 2025)",
            "Direct",
            "Regular",
            "(\u00b7/Unit)",
            "(\u00b7/Unit)",
            "Growth",
            "9.62",
            "9.61",
            "AUM \u00b7 (In Crores) (as on January 31, 2025)",
            "Average AUM*",
            ": 43.25",
            "Absolute AUM",
            ": 44.49",
            "*Cumulative Daily AUM / No of days in the month",
            "Fund Manager",
            "Mr. Chirag Mehta",
            "(Work experience: 18 years)",
            "He has been managing this fund effective from",
            "December 20, 2024.",
            "Entry Load",
            "Not Applicable",
            "Exit Load",
            "\u00b7\t NIL: 10% of units If redeemed or switched out on or",
            "before 365 days from the date of allotment.",
            "\u00b7\t 1%: Remaining 90% of units if redeemed or switched",
            "out on or before 365 days from the date of allotment.",
            "\u00b7\t Nil: If redeemed or switched out after 365 days from",
            "the date of allotment",
            "Note: Redemptions / Switch outs of units will be done on First In First",
            "Out (FIFO) basis. The above mentioned Exit Load shall be equally",
            "applicable to the special products such as Systematic Withdrawal",
            "Plan (SWP)/Systematic Transfer Plan (STP) and Switches etc. However,",
            "no load shall be charged for switching in between option / plan",
            "within the scheme.",
            "Total Expense Ratio",
            "(As on month end)",
            "Direct Plan \u00b7 Total TER",
            ": 0.74%",
            "Regular Plan \u00b7 Total TER",
            ": 2.09%",
            "TER specified are the actual expenses charged (i.e. effective rate)",
            "as at the end of the month.",
            "Brokerages & Commissions Details",
            "Brokerages on Investments for January 2025:",
            "\u00b7 227,451.00",
            "Distributor commissions for January 2025:",
            "\u00b7 210,778.00",
            "Portfolio Turnover Ratio (Last one year):",
            "NA",
            "Minimum Application Amount (Under each Option)",
            "Purchase: \u00b7500/- and in multiples of \u00b71/- therefore.",
            "Additional Purchase: \u00b7500/- and in multiples of \u00b71/-",
            "thereafter / 50 units",
            "Redemption Proceeds",
            "Processed through RTGS/NEFT mode on T+2 basis from",
            "the date of transaction where the investor\u00b7s Bank details",
            "are available. Processed through cheque on T+2 basis",
            "from the date of transaction where the required Bank",
            "details of investor are not available.",
            ""
        ],
        "dummylchirsschuhjctn": [
            ""
        ],
        "amc_name": "Quantum Asset Management Company Private Limited",
        "main_scheme_name": "quantum ethical fund",
        "monthly_aaum_date": "28FEBRUARY2025",
        "page_number": [
            12
        ],
        "mutual_fund_name": "Quantum Mutual Fund"
    },
    "quantum elss tax saver fund": {
        "before": [
            "Equity Linked Saving",
            "Category of Scheme",
            "Scheme (ELSS)",
            "Investment Objective",
            "To achieve long-term capital appreciation by investing",
            "primarily in shares of companies that will typically be",
            "included in the BSE 200 Index and are in a position to",
            "benefit from the anticipated growth and development of",
            "the Indian economy and its markets. There is no assurance",
            "that the investment objective of the Scheme will be",
            "achieved.",
            "Inception Date (Date of Allotment)",
            "December 23, 2008",
            "Benchmark Index",
            "Tier I Benchmark - BSE 500 TRI",
            "Tier II Benchmark - BSE 200 TRI",
            "Declaration of Net Asset Value (NAV)",
            "Every Business Day",
            "NAV of Plans/Options",
            "(as on January 31, 2025)",
            "Direct",
            "Regular",
            "(\u00b7/Unit)",
            "(\u00b7/Unit)",
            "IDCW",
            "125.41",
            "120.26",
            "Growth",
            "125.41",
            "120.26",
            "AUM \u00b7 (In Crores) (as on January 31, 2025)",
            "Average AUM*",
            ": 210.34",
            "Absolute AUM",
            ": 212.10",
            "*Cumulative Daily AUM / No of days in the month",
            "Fund Manager",
            "Mr. George Thomas - Fund Manager",
            "(Work experience: 11 years)",
            "He has been managing the fund since April 1, 2022.",
            "Mr. Christy Mathai - Fund Manager",
            "(Work experience: 10 years)",
            "He has been managing this fund effective from",
            "November 23, 2022.",
            "Mr. Ketan Gujarathi - Associate Fund Manager",
            "(Work experience: 13 years).",
            "He will be managing this fund with effective from",
            "February 01, 2025.",
            "Key Statistics",
            "^^Standard Deviation",
            ": 12.12%",
            "^^Beta",
            ": 0.82",
            "^^Sharpe Ratio",
            ": 0.88",
            "Entry Load",
            "Not Applicable",
            "Exit Load",
            "NIL",
            "Lock-in Period",
            "3 years from the date of allotment of the respective Units.",
            "Total Expense Ratio",
            "(As on month end)",
            "Direct Plan \u00b7 Total TER",
            ": 0.89%",
            "Regular Plan \u00b7 Total TER",
            ": 1.99%",
            "TER specified are the actual expenses charged (i.e. effective rate)",
            "as at the end of the month.",
            "Brokerages & Commissions Details",
            "Brokerages on Investments for January 2025:",
            "\u00b7 96,667.00",
            "Distributor commissions for January 2025:",
            "\u00b7 306,514.00",
            "Portfolio Turnover Ratio (Last one year)",
            "17.05%",
            "Minimum Application Amount (Under each Option)",
            "Purchase: \u00b7500/- and in multiples of \u00b7500/- thereafter.",
            "Additional Purchase: \u00b7500/- and in multiples of \u00b7500/-",
            "thereafter.",
            "Redemption Proceeds",
            "Processed through RTGS/NEFT mode on T+2 basis from",
            "the date of transaction where the investor\u00b7s Bank details",
            "are available. Processed through cheque on T+2 basis from",
            "the date of transaction where the required Bank details of",
            "investor are not available.",
            ""
        ],
        "dummypmchftmuaxzaood": [
            ""
        ],
        "amc_name": "Quantum Asset Management Company Private Limited",
        "main_scheme_name": "quantum elss tax saver fund",
        "monthly_aaum_date": "28FEBRUARY2025",
        "page_number": [
            14
        ],
        "mutual_fund_name": "Quantum Mutual Fund"
    },
    "quantum multi asset allocation fund": {
        "before": [
            "Category of Scheme",
            "Multi Asset Allocation",
            "Investment Objective",
            "The investment objective of the Scheme is to generate",
            "long term capital appreciation /income by investing in",
            "Diversified portfolio of Equity & Equity Related Instruments,",
            "Debt & Money Market Instruments and Gold Related",
            "Instruments. There is no assurance that the investment",
            "objective of the scheme will be achieved.",
            "Inception Date (Date of Allotment)",
            "March 07, 2024",
            "Benchmark Index",
            "NIFTY 50 TRI (40%) + CRISIL Short Duration Debt A-II Index",
            "(45%) + Domestic Price of Gold (15%)",
            "Declaration of Net Asset Value (NAV)",
            "Every Business Day",
            "NAV of Plans/Options",
            "(as on January 31, 2025)",
            "Direct",
            "Regular",
            "(\u00b7/Unit)",
            "(\u00b7/Unit)",
            "Growth Option",
            "11.05",
            "10.89",
            "AUM \u00b7 (In Crores) (as on January 31, 2025)",
            "Average AUM*",
            ": 30.61",
            "Absolute AUM",
            ": 30.82",
            "*Cumulative Daily AUM / No of days in the month",
            "Fund Manager",
            "Mr. Chirag Mehta - Fund Manager",
            "(Work experience: 22 years)",
            "He has been managing this fund effective from March",
            "07, 2024.",
            "Mr. Pankaj Pathak - Fund Manager",
            "(Work experience: 14 years)",
            "He has been managing this fund effective from March",
            "07, 2024.",
            "Entry Load",
            "Not Applicable",
            "Exit Load",
            "\u00b7\t 1.00%: If redeemed or switch out on or before 90 days",
            "from the date of allotment of units.",
            "\u00b7\t NIL: If redeemed or switch out after 90 days from the",
            "date of allotment of units.",
            "Note: Redemptions / Switch outs of units will be done on First In",
            "First Out (FIFO) basis. The above-mentioned load structure shall",
            "be equally applicable to the special facilities such as Systematic",
            "Withdrawal Plan (SWP) / Systematic Transfer Plan (STP) and Switches",
            "etc. However, no load shall be charged for switching between option",
            "/ plan within the Scheme.",
            "Total Expense Ratio",
            "(As on month end)",
            "Direct Plan \u00b7 Total TER",
            ": 0.37%",
            "Regular Plan \u00b7 Total TER",
            ": 1.97%",
            "TER specified are the actual expenses charged (i.e. effective rate)",
            "as at the end of the month.",
            "Brokerages & Commissions Details",
            "Brokerages on Investments for January 2025:",
            "\u00b7 17,762.00",
            "Distributor commissions for January 2025:",
            "\u00b7 1,68,821.00",
            "Portfolio Turnover Ratio (Last one year)",
            "NA",
            "Minimum Application Amount (Under each Option)",
            "Purchase: \u00b7500/- and in multiples of \u00b71/- thereafter.",
            "Additional Purchase: \u00b7500/- and in multiples of \u00b71/-",
            "thereafter/ 50 units.",
            "Minimum Redemption Amount: \u00b7500/- and multiple of \u00b71/-",
            "thereafter or account balance whichever is less / 50 Units",
            "Redemption Proceeds",
            "Processed through RTGS/NEFT mode on T+2 basis from the",
            "date of transaction where the investor\u00b7s Bank details are",
            "available.",
            "Processed through cheque on T+2 basis from the date of",
            "transaction where the required Bank details of investor are",
            "not available.",
            ""
        ],
        "dummyclojrizjcaibgan": [
            ""
        ],
        "amc_name": "Quantum Asset Management Company Private Limited",
        "main_scheme_name": "quantum multi asset allocation fund",
        "monthly_aaum_date": "28FEBRUARY2025",
        "page_number": [
            16
        ],
        "mutual_fund_name": "Quantum Mutual Fund"
    },
    "quantum equity fund of funds": {
        "before": [
            "Category of Scheme",
            "Fund of Funds \u00b7 Domestic",
            "Investment Objective",
            "The investment objective of the scheme is to generate",
            "long-term capital appreciation by investing in a portfolio",
            "of open-ended diversified equity schemes of mutual funds",
            "registered with SEBI. There can be no assurance of positive",
            "returns from following the stated investment strategy.",
            "Inception Date (Date of Allotment)",
            "July 20, 2009",
            "Benchmark Index",
            "Tier I Benchmark - BSE 200 - Total Return Index",
            "Declaration of Net Asset Value (NAV)",
            "Every Business Day",
            "NAV of Plans/Options",
            "(as on January 31, 2025)",
            "Direct",
            "Regular",
            "(\u00b7/Unit)",
            "(\u00b7/Unit)",
            "IDCW",
            "78.744",
            "77.468",
            "Growth",
            "78.744",
            "77.468",
            "AUM \u00b7 (In Crores)",
            "(as on January 31, 2025)",
            "Average AUM*",
            ": 122.81",
            "Absolute AUM",
            ": 121.24",
            "*Cumulative Daily AUM / No of days in the month",
            "Fund Manager",
            "Mr. Chirag Mehta",
            "(Work experience: 22 years)",
            "He has been managing this fund since November 1, 2013",
            "Key Statistics",
            "Benchmark BSE",
            "QEFOF*",
            "200 TRI",
            "^^Standard Deviation",
            "(Annualised)",
            "12.60%",
            "13.63%",
            "Measures the up/down movement over",
            "time also known as volatility",
            "^^Beta",
            "Measures how QEFOF moved relative to",
            "0.88",
            "1.00",
            "the Index which is 1.00",
            "^^Sharpe Ratio",
            "Measures the return relative to the",
            "0.53",
            "0.54",
            "volatility",
            "Calculated over a 3-Yr period, Monthly Rolling Return basis. Data as of",
            "January 2025.",
            "Entry Load",
            "Not Applicable",
            "Exit Load",
            "\u00b7\t NIL: If 10% of units if redeemed or switched out on or",
            "before 365 days from the date of allotment",
            "\u00b7\t 1%: If Remaining 90% of units if redeemed or",
            "switched out on or before 365 days from the date",
            "allotment",
            "\u00b7\t NIL: If redeemed or switched out of units after 365",
            "days from the date of allotment.",
            "Note: Redemptions / Switch outs of units will be done on First In First Out",
            "(FIFO) basis. The above mentioned Exit Load shall be equally applicable to",
            "the special products such as Systematic Withdrawal Plan (SWP) / Systematic",
            "Transfer Plan (STP) and Switches etc. However, no load shall be charged for",
            "switching in between option / plan within the scheme.",
            "Total Expense Ratio",
            "(As on month end)",
            "TER specified are the actual expenses charged (i.e. effective rate)",
            "as at the end of the month.",
            "Direct Plan \u00b7 Total TER",
            ": 0.51%",
            "Regular Plan \u00b7 Total TER",
            ": 0.75%",
            "Brokerages & Commissions Details",
            "Brokerages on Investments for January 2025:",
            "Nil",
            "Distributor commissions for January 2025:",
            "\u00b7 21,770.00",
            "Minimum Application Amount (Under each Option)",
            "Purchase: \u00b7500/- and in multiples of \u00b71/- thereafter.",
            "Additional Purchase: \u00b7500/- and in multiples of \u00b71/-",
            "thereafter/ 50 units",
            ""
        ],
        "dummymuqntlahpsnfdcg": [
            ""
        ],
        "amc_name": "Quantum Asset Management Company Private Limited",
        "main_scheme_name": "quantum equity fund of funds",
        "monthly_aaum_date": "28FEBRUARY2025",
        "page_number": [
            18
        ],
        "mutual_fund_name": "Quantum Mutual Fund"
    },
    "quantum esg best in class strategy fund": {
        "before": [
            "Category of Scheme",
            "Thematic Scheme",
            "Investment Objective",
            "The Investment Objective of the scheme is to achieve",
            "long-term capital appreciation by investing in share of",
            "companies identified based on the Environment, Social and",
            "Governance (ESG) theme following Best in Class Strategy.",
            "There is no assurance that the Investment Objective of the",
            "Scheme will be achieved.",
            "Inception Date (Date of Allotment)",
            "July 12, 2019",
            "Benchmark Index",
            "Tier I Benchmark - Nifty 100 ESG Total Return Index",
            "Declaration of Net Asset Value (NAV)",
            "Every Business Day",
            "NAV of Plans/Options",
            "(as on January 31, 2025)",
            "Direct",
            "Regular",
            "(\u00b7/Unit)",
            "(\u00b7/Unit)",
            "Growth",
            "24.13",
            "23.02",
            "AUM \u00b7 (In Crores)",
            "(as on January 31, 2025)",
            "Average AUM*",
            ": 88.91",
            "Absolute AUM",
            ": 91.89",
            "*Cumulative Daily AUM / No of days in the month",
            "Fund Manager",
            "Mr. Chirag Mehta - Fund Manager",
            "(Work experience: 22 years)",
            "He has been managing this fund since July 12, 2019",
            "Mr. Rajorshi Palit",
            "- Associate Fund Manager",
            "(Work experience: 3.5 years)",
            "He has been managing this fund since Nov 04, 2024",
            "Key Statistics",
            "^^Standard Deviation",
            ": 12.88%",
            "^^Beta",
            ": 0.86",
            "^^Sharpe Ratio",
            ": 0.47",
            "Weighted Average ESG",
            ": 73.72",
            "Score of the Scheme",
            "SEBI Registered ESG Rating Provider (ERP)",
            "Name is Stakeholders Empowerment Services (SES)",
            "Entry Load",
            "Not Applicable",
            "Exit Load",
            "\u00b7\t NIL: If 10% of units If redeemed or switched out on or",
            "before 365 days from the date of allotment",
            "\u00b7\t 1%: If Remaining 90% of units if redeemed or",
            "switched out on or before 365 days from the date of",
            "allotment",
            "\u00b7\t NIL: If redeemed or switched out after 365 days from",
            "the date of allotment",
            "Note: Redemptions / Switch outs of units will be done on First In First",
            "Out (FIFO) basis. The above mentioned load structure shall be equally",
            "applicable to the special facilities such as Systematic Wit drawal Plan",
            "(SWP) / Systematic Transfer Plan (STP) and Switches etc. However,",
            "no load shall be charged for switching between option / plan within",
            "the Scheme.",
            "Total Expense Ratio",
            "(As on month end)",
            "Direct Plan \u00b7 Total TER",
            ": 0.74%",
            "Regular Plan \u00b7 Total TER",
            ": 2.09%",
            "Brokerages & Commissions Details",
            "Brokerages on Investments for January 2025:",
            "\u00b7 85,640.00",
            "Distributor commissions for January 2025:",
            "\u00b7 238,486.00",
            "Portfolio Turnover Ratio (Last one year):",
            "21.34%",
            "Minimum Application Amount (Under each Option)",
            "Purchase: \u00b7500/- and in multiples of \u00b71/- thereafter.",
            "Additional Purchase: \u00b7500/- and in multiples of \u00b71/-",
            "thereafter.",
            ""
        ],
        "dummymurngfnqxfuogpb": [
            ""
        ],
        "amc_name": "Quantum Asset Management Company Private Limited",
        "main_scheme_name": "quantum esg best in class strategy fund",
        "monthly_aaum_date": "28FEBRUARY2025",
        "page_number": [
            20
        ],
        "mutual_fund_name": "Quantum Mutual Fund"
    },
    "quantum liquid fund": {
        "before": [
            "Category of Scheme",
            "Liquid Fund",
            "Investment Objective",
            "To provide optimal returns with low to moderate levels",
            "of risk and high liquidity through judicious investments",
            "in money market and debt instruments. There is no as-",
            "surance that the investment objective of the Scheme will",
            "be achieved.",
            "Inception Date (Date of Allotment)",
            "07 April, 2006",
            "Benchmark Index",
            "#Tier I Benchmark - CRISIL Liquid Debt A-I Index",
            "#Tier-I Benchmark of the scheme has been changed from CRISIL",
            "Liquid Fund AI Index to CRISIL Liquid Debt A-I Index w.e.f. April",
            "03, 2023",
            "Declaration of Net Asset Value (NAV)",
            "All Calendar Days",
            "NAV of Plans/Options",
            "(as on January 31, 2025)",
            "Direct",
            "Regular",
            "(\u00b7/Unit)",
            "(\u00b7/Unit)",
            "Daily IDCW",
            "10.0085",
            "10.0002",
            "Monthly IDCW",
            "10.0181",
            "10.0157",
            "Growth",
            "34.3076",
            "34.082",
            "Unclaimed IDCW Plan Below",
            "10.7867",
            "--",
            "3 Years",
            "Unclaimed IDCW Plan",
            "10.0000",
            "--",
            "Above 3 years",
            "Unclaimed Redemption Plan",
            "10.0000",
            "--",
            "Above 3 years",
            "Unclaimed Redemption Plan",
            "10.3724",
            "--",
            "Below 3 years",
            "AUM \u00b7 (In Crores)",
            "(as on January 31, 2025)",
            "Average AUM*",
            ": 534.83",
            "Absolute AUM",
            ": 526.78",
            "*Cumulative Daily AUM / No of days in the month",
            "Fund Manager",
            "Mr. Pankaj Pathak",
            "(Work experience: 14 years)",
            "He has been managing this fund since March 01, 2017",
            "Quantum Liquid Fund",
            "Portfolio Information",
            "Annualised Portfolio YTM*",
            ": 6.84%",
            "Macaulay\u00b7s Duration",
            ": 33 days",
            "Modified Duration",
            ": 31 days",
            "Weighted Average Maturity",
            "At the end of the month",
            ": 33 days",
            "Average during the month",
            ": 30 days",
            "As on January 31, 2025",
            "*in case of semi annual YTM,  it will be annualised",
            "Entry Load",
            "Not Applicable",
            "Exit Load",
            "Investor Exit Upon Subscription",
            "% of Exit Load",
            "Day 1",
            "0.0070%",
            "Day 2",
            "0.0065%",
            "Day 3",
            "0.0060%",
            "Day 4",
            "0.0055%",
            "Day 5",
            "0.0050%",
            "Day 6",
            "0.0045%",
            "Day 7 Onwards",
            "NIL",
            "Note: Redemption / Switched Outs will be done on First in First out (FIFO)",
            "basis.",
            "The above mentioned Exit Load shall be equally applicable to Systematic",
            "Withdrawal Plan (SWP), Systematic Transfer Plan (STP) and Switches in-",
            "cluding existing installment of existing SIPs/ STPs / SWPs falling due after",
            "the effective date. However, no exit load will be charged for switching",
            "between option / plan within the scheme.",
            "Total Expense Ratio",
            "(As on month end)",
            "Direct Plan \u00b7 Total TER",
            ": 0.16%",
            "Regular Plan \u00b7 Total TER",
            ": 0.26%",
            "TER specified are the actual expenses charged (i.e. effective rate)",
            "as at the end of the month.",
            ""
        ],
        "dummyocusropsujvxfcy": [
            ""
        ],
        "amc_name": "Quantum Asset Management Company Private Limited",
        "main_scheme_name": "quantum liquid fund",
        "monthly_aaum_date": "28FEBRUARY2025",
        "page_number": [
            22
        ],
        "mutual_fund_name": "Quantum Mutual Fund"
    },
    "quantum dynamic bond fund": {
        "before": [
            "Category of Scheme",
            "Dynamic Bond Fund",
            "Investment Objective",
            "To generate income and capital appreciation through",
            "active management of a portfolio consisting of short",
            "term and long term debt and money market instruments.",
            "There is no assurance that the investment objective of the",
            "Scheme will be achieved.",
            "Inception Date (Date of Allotment)",
            "May 19, 2015",
            "Benchmark Index",
            "#Tier I Benchmark - CRISIL Dynamic Bond A-III Index",
            "#Tier-I Benchmark of the scheme has been changed from CRISIL",
            "Dynamic Bond Fund AIII Index to CRISIL Dynamic Bond A-III Index",
            "w.e.f. April 03, 2023",
            "Declaration of Net Asset Value (NAV)",
            "Every Business Day",
            "NAV of Plans/Options",
            "(as on January 31, 2025)",
            "Direct",
            "Regular",
            "(\u00b7/Unit)",
            "(\u00b7/Unit)",
            "Monthly IDCW",
            "10.2963",
            "10.3581",
            "Growth",
            "20.9425",
            "20.6509",
            "AUM \u00b7 (In Crores)",
            "(as on January 31, 2025)",
            "Average AUM*",
            ": 133.19",
            "Absolute AUM",
            ": 133.92",
            "*Cumulative Daily AUM / No of days in the month",
            "Fund Manager",
            "Mr. Pankaj Pathak",
            "(Work experience: 14 years)",
            "He has been managing this fund since March 01, 2017",
            "Quantum Dynamic Bond Fund",
            "Portfolio Information",
            "Annualised Portfolio YTM*",
            ": 7.02%",
            "Residual Maturity",
            ": 24.74 years",
            "Macaulay\u00b7s Duration",
            ": 10.1 years",
            "Modified Duration",
            ": 9.74 years",
            "As on January 31, 2025",
            "*in case of semi annual YTM,  it will be annualised",
            "Entry Load",
            "Not Applicable",
            "Exit Load",
            "NIL",
            "Total Expense Ratio",
            "(As on month end)",
            "Direct Plan \u00b7 Total TER",
            ": 0.51%",
            "Regular Plan \u00b7 Total TER",
            ": 0.96%",
            "TER specified are the actual expenses charged (i.e. effective rate)",
            "as at the end of the month.",
            "Minimum Application Amount",
            "(Under each Option)",
            "Purchase: \u00b7500/- and in multiples of \u00b71/- thereafter.",
            "Additional Purchase: \u00b7500/- and in multiples of \u00b71/-",
            "thereafter/ 50 units",
            "Brokerages & Commissions Details",
            "Brokerages on Investments for January 2025:",
            "NIL",
            "Distributor commissions for January 2025:",
            "\u00b7 20,227.00",
            "Redemption Proceeds",
            "Processed through RTGS/NEFT mode on T+1 basis from the",
            "date of transaction where the investor\u00b7s Bank details are",
            "available.",
            "Processed through cheque on T+1 basis from the date of",
            "transaction where the required Bank details of investor are",
            "not available.",
            ""
        ],
        "dummyogxitrkjkbbjspv": [
            ""
        ],
        "amc_name": "Quantum Asset Management Company Private Limited",
        "main_scheme_name": "quantum dynamic bond fund",
        "monthly_aaum_date": "28FEBRUARY2025",
        "page_number": [
            24
        ],
        "mutual_fund_name": "Quantum Mutual Fund"
    },
    "quantum gold savings fund": {
        "before": [
            "Category of Scheme",
            "Fund of Fund \u00b7 Domestic",
            "Investment Objective",
            "To provide capital appreciation by predominantly",
            "investing in units of Quantum Gold Fund Replicating /",
            "Tracking Gold an Exchange Traded Fund. The performance",
            "of the Scheme may differ from that of Quantum Gold",
            "Fund and the domestic prices of gold due to expenses",
            "and certain other factors. There can be no assurance or",
            "guarantee that the investment objective of the Scheme",
            "will be achieved.",
            "Inception Date (Date of Allotment)",
            "May 19, 2011",
            "Benchmark Index",
            "Tier I Benchmark - Domestic Price of Physical Gold",
            "Declaration of Net Asset Value (NAV)",
            "Every Business Day",
            "NAV of Plans/Options",
            "(as on January 31, 2025)",
            "Direct",
            "Regular",
            "(\u00b7/Unit)",
            "(\u00b7/Unit)",
            "Growth",
            "31.8376",
            "31.5114",
            "AUM \u00b7 (In Crores)",
            "(as on January 31, 2025)",
            "Average AUM*",
            ": 151.10",
            "Absolute AUM",
            ": 161.32",
            "*Cumulative Daily AUM / No of days in the month",
            "Fund Manager",
            "Mr. Chirag Mehta",
            "(Work experience: 22 years)",
            "He has been managing this fund since May 19, 2011.",
            "Entry Load",
            "Not Applicable",
            "Exit Load",
            "NIL",
            "Total Expense Ratio",
            "(As on month end)",
            "TER specified are the actual expenses charged (i.e. effective rate)",
            "as at the end of the month.",
            "Direct Plan \u00b7 Total TER",
            ": 0.03%",
            "Regular Plan \u00b7 Total TER",
            ": 0.21%",
            "Minimum Application Amount",
            "(Under each Option)",
            "Purchase: \u00b7500/- and in multiples of \u00b71/- thereafter.",
            "Additional Purchase: \u00b7500/- and in multiples of \u00b71/-",
            "thereafter/ 50 units",
            "Brokerages & Commissions Details",
            "Brokerages on Investments for January 2025:",
            "\u00b7 116,397.00",
            "Distributor commissions for January 2025:",
            "\u00b7 42,721.10",
            "Redemption Proceeds",
            "Processed through RTGS/NEFT mode on T+2 basis from the",
            "date of transaction where the investor\u00b7s Bank details are",
            "available.",
            "Processed through cheque on T+2 basis from the date of",
            "transaction where the required Bank details of investor are",
            "not available.",
            ""
        ],
        "dummybofexezytijorgf": [
            ""
        ],
        "amc_name": "Quantum Asset Management Company Private Limited",
        "main_scheme_name": "quantum gold savings fund",
        "monthly_aaum_date": "28FEBRUARY2025",
        "page_number": [
            26
        ],
        "mutual_fund_name": "Quantum Mutual Fund"
    },
    "quantum multi asset fund of funds": {
        "before": [
            "Category of Scheme",
            "Fund of Funds \u00b7 Domestic",
            "Investment Objective",
            "The investment objective of the Scheme is to generate",
            "modest capital appreciation while trying to reduce risk (by",
            "diversifying risks across asset classes) from a combined",
            "portfolio of equity, debt / money markets and Gold",
            "schemes of Quantum Mutual Fund. The Scheme may invest",
            "in the units of debt / money market schemes of other",
            "mutual funds to gain exposure to debt as an asset class",
            "to manage any investment and regulatory constraints that",
            "arise/ that prevent the Scheme from increasing investments",
            "in the schemes of Quantum Mutual Fund. There can be no",
            "assurance that the investment objective of the Scheme will",
            "be realized.",
            "Inception Date (Date of Allotment)",
            "July 11, 2012",
            "Benchmark Index",
            "CRISIL Dynamic Bond Fund AIII Index (20%) + CRISIL Liquid",
            "Fund AI Index (25%) + Nifty 50 TRI (40%) + Domestic price",
            "of Gold (15%). w.e.f. April 03, 2023, benchmark of the",
            "scheme has been changed to CRISIL Dynamic Bond A-III",
            "Index (20%) + CRISIL Liquid Debt A-I Index (25%) + Nifty 50",
            "TRI (40%) + Domestic price of Gold (15%)",
            "Declaration of Net Asset Value (NAV)",
            "Every Business Day",
            "NAV of Plans/Options",
            "(as on January 31, 2025)",
            "Direct",
            "Regular",
            "(\u00b7/Unit)",
            "(\u00b7/Unit)",
            "Growth",
            "32.5325",
            "31.8454",
            "AUM \u00b7 (In Crores)",
            "(as on January 31, 2025)",
            "Average AUM*",
            ": 59.79",
            "Absolute AUM",
            ": 60.17",
            "*Cumulative Daily AUM / No of days in the month",
            "Fund Manager",
            "Mr. Chirag Mehta",
            "(Work experience: 22 years)",
            "He has been managing this fund since July 11, 2012.",
            "Key Statistics",
            "^^Standard Deviation",
            ": 4.67%",
            "^^Beta",
            ": 0.82",
            "^^Sharpe Ratio",
            ": 0.91",
            "Entry Load",
            "Not Applicable",
            "Exit Load",
            "Repurchase/ Redemption/ Switch Out -",
            "a) On or before 90 days from the date of allotment: 1.00%.",
            "b) After 90 days from the date of allotment: Nil",
            "Total Expense Ratio",
            "(As on month end)",
            "TER specified are the actual expenses charged (i.e. effective rate) as",
            "at the end of the month.",
            "Direct Plan \u00b7 Total TER",
            ": 0.10%",
            "Regular Plan \u00b7 Total TER",
            ": 0.47%",
            "Minimum Application Amount",
            "(Under each Option)",
            "Purchase: \u00b7500/- and in multiples of \u00b71/- thereafter.",
            "Additional Purchase: \u00b7500/- and in multiples of \u00b71/-",
            "thereafter/ 50 units",
            "Brokerages & Commissions Details",
            "Brokerages on Investments for January 2025:",
            "Nil",
            "Distributor commissions for January 2025:",
            "\u00b7 13,666.00",
            "Redemption Proceeds",
            "Processed through RTGS/NEFT mode on T+2 basis from",
            "the date of transaction where the investor\u00b7s Bank details",
            "are available. Processed through cheque on T+2 basis from",
            "the date of transaction where the required Bank details of",
            "investor are not available.",
            ""
        ],
        "dummymvhzfdzzvuxssru": [
            ""
        ],
        "amc_name": "Quantum Asset Management Company Private Limited",
        "main_scheme_name": "quantum multi asset fund of funds",
        "monthly_aaum_date": "28FEBRUARY2025",
        "page_number": [
            28
        ],
        "mutual_fund_name": "Quantum Mutual Fund"
    },
    "quantum nifty 50 etf fund of fund": {
        "before": [
            "Category of Scheme",
            "Fund of Funds - Domestic",
            "Investment Objective",
            "The investment objective of the Scheme is to provide",
            "capital appreciation by investing in units of Quantum Nifty",
            "50 ETF - Replicating / Tracking Nifty 50 Index.",
            "There is no assurance that the investment objective of the",
            "Scheme will be achieved.",
            "Inception Date (Date of Allotment)",
            "August 05, 2022",
            "Benchmark Index",
            "Tier I Benchmark - Nifty 50 TRI",
            "Declaration of Net Asset Value (NAV)",
            "Every Business Day",
            "NAV of Plans/Options",
            "(as on January 31, 2025)",
            "Direct",
            "Regular",
            "(\u00b7/Unit)",
            "(\u00b7/Unit)",
            "Growth",
            "13.7907",
            "13.7493",
            "AUM \u00b7 (In Crores)",
            "(as on January 31, 2025)",
            "Average AUM*",
            ": 24.29",
            "Absolute AUM",
            ": 24.72",
            "*Cumulative Daily AUM / No of days in the month",
            "Fund Manager",
            "Mr. Hitendra Parekh",
            "(Work experience: 32 years)",
            "He has been managing this fund since August 05, 2022",
            "Entry Load",
            "Not Applicable",
            "Exit Load",
            "NIL",
            "Total Expense Ratio",
            "(As on month end)",
            "TER specified are the actual expenses charged (i.e. effective rate) as",
            "at the end of the month.",
            "Direct Plan \u00b7 Total TER",
            ": 0.06%",
            "Regular Plan \u00b7 Total TER",
            ": 0.18%",
            "Minimum Application Amount",
            "(Under each Option)",
            "Purchase: \u00b7500/- and in multiples of \u00b71/- thereafter.",
            "Additional Purchase: \u00b7500/- and in multiples of \u00b71/-",
            "thereafter/ 50 units",
            "Brokerages & Commissions Details",
            "Brokerages on Investments for January 2025:",
            "\u00b7 11,847.00",
            "Distributor commissions for January 2025:",
            "\u00b7 1,698.00",
            "Redemption Proceeds",
            "Processed through RTGS/NEFT mode on T+2 basis from the",
            "date of transaction where the investor\u00b7s Bank details are",
            "available.",
            "Processed through cheque on T+2 basis from the date of",
            "transaction where the required Bank details of investor are",
            "not available.",
            "Equity oriented schemes will also attract Securities Transaction",
            "Tax (STT) @ 0.001% at the time of redemption and switch to other",
            "schemes.",
            "Stamp Duty applicable on Investors subscription unit transactions",
            "including Switch in as per the rate mentioned in the Amendments to",
            "Indian Stamp Act,1899",
            "TRANSACTION CHARGES: No Transaction Charges shall be deducted",
            "from the investment amount for applications received.",
            "Brokerage and STT have been expensed out of the Scheme.",
            "Please refer to page no. 53 for details on taxation.",
            ""
        ],
        "dummygzcrgkjbywyzotu": [
            ""
        ],
        "amc_name": "Quantum Asset Management Company Private Limited",
        "main_scheme_name": "quantum nifty 50 etf fund of fund",
        "monthly_aaum_date": "28FEBRUARY2025",
        "page_number": [
            30
        ],
        "mutual_fund_name": "Quantum Mutual Fund"
    },
    "quantum gold fund": {
        "before": [
            "Category of Scheme",
            "Exchange Traded Fund",
            "Investment Objective",
            "The Investment Objective of the Scheme is to generate",
            "returns that are in line with the performance of gold and",
            "gold related instruments subject to tracking errors. How-",
            "ever, investment in gold related instruments will be made",
            "if and when SEBI permits mutual funds to invest, in gold",
            "related instruments. The Scheme is designed to provide",
            "returns that before expenses, closely correspond to the",
            "returns provided by gold. There is no assurance that the",
            "Investment Objective of the Scheme will be achieved.",
            "Inception Date (Date of Allotment)",
            "February 22, 2008",
            "Benchmark Index",
            "Tier I Benchmark - Domestic Price of Physical Gold",
            "Declaration of Net Asset Value (NAV)",
            "Every Business Day",
            "NAV (\u00b7/Unit)",
            "(as on January 31, 2025)",
            "68.5205",
            "AUM \u00b7 (In Crores)",
            "(as on January 31, 2025)",
            "Average AUM*",
            ": 249.59",
            "Absolute AUM",
            ": 264.21",
            "*Cumulative Daily AUM / No of days in the month",
            "Fund Manager",
            "Mr. Chirag Mehta",
            "(Work experience: 22 years)",
            "He has been managing this fund since June 1, 2024",
            "Scrip Code",
            "NSE:QGOLDHALFBSE: 590099",
            "Key Statistics",
            "Tracking Error",
            ": 0.140%",
            "Entry Load",
            "Not Applicable",
            "Exit Load",
            "Nil (retail investor can exit the scheme only through",
            "secondary market)",
            "Total Expense Ratio",
            "(As on month end)",
            "TER specified are the actual expenses charged (i.e. effective rate) as",
            "at the end of the month.",
            "Direct Plan \u00b7 Total TER",
            ": 0.78%",
            "Minimum Application Amount",
            "(Under each Option)",
            "Directly with Fund: The investors can create / redeem in",
            "exchange of Portfolio Deposit and Cash Component in",
            "creation unit size at NAV based Price. On the Exchange:",
            "Approx equal to price of 1/100 gram of Gold quoted on the",
            "NSE. On NSE, the units can be purchased / sold in minimum",
            "lot of 1 units and in multiples therefore.",
            "Brokerages & Commissions Details",
            "Brokerages on Investments for January 2025:",
            "Nil",
            "Distributor commissions for January 2025:",
            "Nil",
            "Redemption Proceeds",
            "Processed through RTGS/NEFT mode on T+2 basis from the",
            "date of transaction where the investor\u00b7s Bank details are",
            "available.",
            "Processed through cheque on T+2 basis from the date of",
            "transaction where the required Bank details of investor are",
            "not available.",
            ""
        ],
        "dummyxlvnkxrrvltrdrx": [
            ""
        ],
        "amc_name": "Quantum Asset Management Company Private Limited",
        "main_scheme_name": "quantum gold fund",
        "monthly_aaum_date": "28FEBRUARY2025",
        "page_number": [
            32
        ],
        "mutual_fund_name": "Quantum Mutual Fund"
    },
    "quantum nifty 50 etf": {
        "before": [
            "Category of Scheme",
            "Exchange Traded Fund",
            "Investment Objective",
            "The investment objective of the scheme is to invest in stocks",
            "of companies comprising Nifty 50 Index and endeavor to",
            "achieve returns equivalent to the Nifty by \u00b7passive\u00b7 investment.",
            "The scheme will be managed by replicating the Index in the",
            "same weightage as in the Nifty 50 Index with the intention of",
            "minimizing the performance differences between the scheme",
            "and the Nifty 50 Index in capital terms, subject to market",
            "liquidity, costs of trading, management expenses and other",
            "factors which may cause tracking error. There is no assurance",
            "that the Investment Objective of the Scheme will be achieved.",
            "Inception Date (Date of Allotment)",
            "July 10, 2008",
            "Benchmark Index",
            "Tier I Benchmark - Nifty 50 TRI",
            "Declaration of Net Asset Value (NAV)",
            "Every Business Day",
            "NAV (\u00b7/Unit)",
            "(as on January 31, 2025)",
            "2542.0038",
            "AUM \u00b7 (In Crores)",
            "(as on January 31, 2025)",
            "Average AUM*",
            ": 60.68",
            "Absolute AUM",
            ": 61.81",
            "*Cumulative Daily AUM / No of days in the month",
            "Scrip Code",
            "NSE: QNIFTY BSE: 590110",
            "Fund Manager",
            "Mr. Hitendra Parekh",
            "(Work experience: 32 years)",
            "He has been managing this fund since July 10, 2008",
            "Key Statistics",
            "Tracking Error",
            ": 0.035%",
            "Entry Load",
            "Not Applicable",
            "Exit Load",
            "NIL (retail Investor can exit the scheme only through",
            "secondary market)",
            "Total Expense Ratio",
            "(As on month end)",
            "TER specified are the actual expenses charged (i.e. effective rate) as",
            "at the end of the month.",
            "Direct Plan \u00b7 Total TER",
            ": 0.09%",
            "Minimum Application Amount",
            "(Under each Option)",
            "Directly with Fund:",
            "The investors can create / redeem in",
            "exchange of Portfolio Deposit and Cash Component in creation",
            "unit size at NAV based Price. On the Exchange: At prices which",
            "may be close to the NAV of QNIFTY Units. On NSE, the units can",
            "be purchased / sold in minimum lot of 1 unit and in multiples",
            "thereof. The units of QNIFTY issued under the scheme will be",
            "approximately equal to the price of 1/10 (one-tenth) of the Nifty",
            "50 Index.",
            "Brokerages & Commissions Details",
            "Brokerages on Investments for January 2025:",
            "\u00b7 4,588.00",
            "Distributor commissions for January 2025:",
            "Nil",
            "Portfolio Turnover Ratio (Last one year):",
            "8.38%",
            "Redemption Proceeds",
            "Processed through RTGS/NEFT mode on T+2 basis from the date",
            "of transaction where the investor\u00b7s Bank details are available.",
            "Processed through cheque on T+2 basis from the date of",
            "transaction where the required Bank details of investor are not",
            "available.",
            ""
        ],
        "dummyxxxowxnjnbmzwvb": [
            ""
        ],
        "amc_name": "Quantum Asset Management Company Private Limited",
        "main_scheme_name": "quantum nifty 50 etf",
        "monthly_aaum_date": "28FEBRUARY2025",
        "page_number": [
            33
        ],
        "mutual_fund_name": "Quantum Mutual Fund"
    }
}