{
    "360 one focused equity fund": {
        "investment_objective": [
            "The investment objective of the scheme is to",
            "generate long term capital appreciation for",
            "investors from a portfolio of equity and equity",
            "related securities. However there can be no",
            "assurance or guarantee that the investment",
            "objective of the scheme would be achieved.",
            ""
        ],
        "fund_manager_mr._mayur_patel": [
            "Mr. Mayur Patel has 20 years of work experience",
            "including investment management and research",
            "experience of more than 18 years.",
            ""
        ],
        "co-_fund_manager_mr_rohit_vaidyanathan": [
            "Mr. Vaidyanathan has over 10 years of experience",
            "at 360 ONE Asset Management Limited, specializing",
            "in sectors like cement, building materials, real",
            "estate, and logistics.",
            ""
        ],
        "fund_details": [
            "Date of Allotment",
            ": October 30, 2014",
            "Bloomberg Code",
            ": IIFGRRG IN",
            "Benchmark Index",
            ": BSE 500 TRI",
            "Plans Offered",
            ": Regular & Direct",
            "Options Offered",
            ": Growth & IDCW",
            "Minimum Application",
            "1,000 and in multiples of",
            "New Purchase",
            "1 thereafter",
            "Additional Purchase",
            "1,000 and in multiples of",
            "1 thereafter",
            "Weekly SIP Option*",
            "1,000 per instalment for",
            "a minimum period of 6",
            "weeks - any business",
            "day between Monday to",
            "Friday. Default day will be",
            "Tuesday.",
            "Fortnightly",
            "1,000 per instalment for",
            "SIP Option*",
            "a minimum period of 6",
            "fortnights - 2 and 16",
            "of every month",
            "Monthly SIP Option",
            "1,000 per instalment for",
            "a minimum period of 6",
            "months - Any date 1 to",
            "28 (Default \u00b7 7 of every",
            "month)",
            "Quarterly SIP Option",
            "1,000 per instalment for",
            "a minimum period of 6",
            "quarters- Any date 1 to",
            "28 (Default \u00b7 7",
            ")",
            "Entry Load",
            ": NIL",
            "Exit Load",
            ": 1% - if redeemed/switched",
            "out, on or before 12",
            "months",
            "from the date of allotment",
            "w.e.f April 02, 2019.",
            "Dematerialization",
            ": D-Mat Option Available",
            "Portfolio Turnover",
            ": 0.35 times",
            "Ratio",
            "*Weekly and Fortnightly SIP frequencies are not",
            "available on BSE STAR MF Platform",
            ""
        ],
        "nav_as_on_january_31,_2025": [
            "Regular - Growth",
            "43.7117",
            "Regular - IDCW",
            "38.6761",
            "Direct - Growth",
            "49.3137",
            "Direct - IDCW",
            "48.8107",
            ""
        ],
        "aum_as_on_january_31,_2025": [
            "Net AUM",
            "6,714.76 crore",
            "Monthly Average AUM",
            "6,939.30crore",
            ""
        ],
        "total_expense_ratio": [
            "Regular Plan",
            "1.76% p.a.",
            "Direct Plan",
            "0.61% p.a.",
            "Total Expense Ratio is as on the last business day",
            "of the month.",
            ""
        ],
        "volatility_measures": [
            "Fund",
            "Benchmark",
            "Std. Dev",
            "13.68%",
            "13.84%",
            "(Annualised)",
            "Sharpe Ratio",
            "0.47",
            "0.55",
            "Portfolio Beta",
            "0.95",
            "1.00",
            "R Squared",
            "0.92",
            "NA",
            "Treynor",
            "0.57",
            "0.63",
            "February 2025",
            "Mutual Fund investments are subject to market risks, read all scheme related documents carefully.",
            "Page | 5",
            ""
        ],
        "dummydzhcwcnvlzvykyw": [
            ""
        ],
        "amc_name": "360 ONE Asset Management Limited",
        "main_scheme_name": "360 one focused equity fund",
        "monthly_aaum_date": "28FEBRUARY2025",
        "page_number": [
            5
        ],
        "mutual_fund_name": "360 ONE Mutual Fund"
    },
    "360 one flexicap fund": {
        "investment_objective": [
            "The investment objective of the scheme is to",
            "generate",
            "long-term",
            "capital",
            "appreciation",
            "by",
            "primarily investing in equity and equity related",
            "securities across the entire market capitalization",
            "range and investing the remaining portion in debt",
            "and money market instruments. However, there can",
            "be no assurance or guarantee that the investment",
            "objective of the scheme would be achieved.",
            ""
        ],
        "fund_manager_mr._mayur_patel": [
            "Mr. Mayur Patel has 20 years of work experience",
            "including investment management and research",
            "experience of more than 18 years.",
            ""
        ],
        "co-_fund_manager_mr_rohit_vaidyanathan": [
            "Mr. Vaidyanathan has over 10 years of experience",
            "at 360 ONE Asset Management Limited, specializing",
            "in sectors like cement, building materials, real",
            "estate, and logistics.",
            ""
        ],
        "fund_details": [
            "Date of Allotment",
            ": June 30, 2023",
            "Bloomberg Code",
            ": -",
            "Benchmark Index",
            "BSE 500 TRI",
            "Plans Offered",
            ": Regular & Direct",
            "Options Offered",
            ": Growth & IDCW",
            "New Purchase",
            "1,000 and in multiples of",
            "1 thereafter",
            "Additional Purchase",
            "1,000 and in multiples of",
            "1 thereafter",
            "Weekly SIP Option**",
            "1,000 per instalment for",
            "a minimum period of 6",
            "weeks - any business",
            "day between Monday to",
            "Friday. Default day will be",
            "Tuesday.",
            "Fortnightly",
            "1,000 per instalment for",
            "SIP Option**",
            "a minimum period of 6",
            "fortnights - 2 and 16",
            "of every month",
            "Monthly SIP Option",
            "1,000 per instalment for",
            "a minimum period of 6",
            "months - Any date 1 to",
            "28 (Default \u00b7 7 of every",
            "month)",
            "Quarterly SIP Option",
            "1,000 per instalment for",
            "a minimum period of 6",
            "quarters- Any date 1 to",
            "28 (Default \u00b7 7",
            ")",
            "Entry Load",
            ": NIL",
            "Exit Load",
            ": For redemption/switchout",
            "of units before 365 days",
            "from the date of allotment",
            "- 1% of the applicable NAV",
            "For redemption/switched-",
            "out of units on or after 365",
            "days from the date of",
            "allotment \u00b7 NIL",
            "Dematerialization",
            ": D-Mat Option Available",
            "Portfolio Turnover",
            ": 0.27 times",
            "Ratio",
            "**Weekly and Fortnightly SIP frequencies are not",
            "available on BSE STAR MF Platform",
            ""
        ],
        "nav_as_on_january_31,_2025": [
            "Regular - Growth",
            "14.1227",
            "Regular - IDCW",
            "14.1227",
            "Direct - Growth",
            "14.4913",
            "Direct - IDCW",
            "14.4913",
            ""
        ],
        "aum_as_on_january_31,_2025": [
            "Net AUM",
            "1,359.58 crore",
            "Monthly Average AUM",
            "1,334.45 crore",
            ""
        ],
        "total_expense_ratio": [
            "Regular Plan",
            "2.11% p.a.",
            "Direct Plan",
            "0.69% p.a.",
            "Total Expense Ratio is as on the last business",
            "day of the month.",
            ""
        ],
        "volatility_measures": [
            "Fund",
            "Benchmark",
            "Std. Dev",
            "NA",
            "NA",
            "(Annualised)",
            "Sharpe Ratio",
            "NA",
            "NA",
            "Portfolio Beta",
            "NA",
            "NA",
            "R Squared",
            "NA",
            "NA",
            "Treynor",
            "NA",
            "NA",
            "February 2025",
            "Mutual Fund investments are subject to market risks, read all scheme related documents carefully.",
            "Page | 6",
            ""
        ],
        "dummyvunzkfsjgunxqof": [
            ""
        ],
        "amc_name": "360 ONE Asset Management Limited",
        "main_scheme_name": "360 one flexicap fund",
        "monthly_aaum_date": "28FEBRUARY2025",
        "page_number": [
            6
        ],
        "mutual_fund_name": "360 ONE Mutual Fund"
    },
    "360 one quant fund": {
        "investment_objective": [
            "The investment objective of the scheme is to",
            "generate long term capital appreciation for",
            "investors from a portfolio of equity and equity",
            "related securities based on a quant theme.",
            "However, there can be no assurance or guarantee",
            "that the investment objective of the Scheme would",
            "be achieved.",
            ""
        ],
        "fund_manager_mr._parijat_garg": [
            "Mr. Parijat has over 16 years of experience in the",
            "financial services industry including algorithmic",
            "trading, stock broking and financial data services.",
            ""
        ],
        "co-_fund_manager_mr_rohit_vaidyanathan": [
            "Mr. Vaidyanathan has over 10 years of experience",
            "at 360 ONE Asset Management Limited, specializing",
            "in sectors like cement, building materials, real",
            "estate, and logistics.",
            ""
        ],
        "fund_details": [
            "Date of Allotment",
            ": November 29, 2021",
            "Bloomberg Code",
            ": -",
            "Benchmark Index",
            "BSE 200 TRI",
            "Plans Offered",
            ": Regular & Direct",
            "Options Offered",
            ": Growth & IDCW",
            "Minimum Application",
            "1,000 and in multiples of",
            "New Purchase",
            "1 thereafter",
            "Additional Purchase",
            "1,000 and in multiples of",
            "1 thereafter",
            "Weekly SIP Option*",
            "1,000 per instalment for",
            "a minimum period of 6",
            "weeks - any business",
            "day between Monday to",
            "Friday. Default day will be",
            "Tuesday.",
            "Fortnightly",
            "1,000 per instalment for",
            "SIP Option*",
            "a minimum period of 6",
            "fortnights - 2 and 16",
            "of every month",
            "Monthly SIP Option",
            "1,000 per instalment for",
            "a minimum period of 6",
            "months - Any date 1 to",
            "28 (Default \u00b7 7 of every",
            "month)",
            "Quarterly SIP Option",
            "1,000 per instalment for",
            "a minimum period of 6",
            "quarters- Any date 1 to",
            "28 (Default \u00b7 7",
            ")",
            "Entry Load",
            ": NIL",
            "Exit Load",
            ": 1% - if redeemed/switched",
            "out, on or before 12 onths",
            "from the date of allotment",
            "Dematerialization",
            ": D-Mat Option Available",
            "Portfolio Turnover",
            ": 0.72 times",
            "Ratio",
            "*Weekly and Fortnightly SIP frequencies are not",
            "available on BSE STAR MF Platform",
            ""
        ],
        "nav_as_on_january_31,_2025": [
            "Regular - Growth",
            "17.7052",
            "Regular - IDCW",
            "17.7052",
            "Direct - Growth",
            "18.4007",
            "Direct - IDCW",
            "18.4007",
            ""
        ],
        "aum_as_on_january_31,_2025": [
            "Net AUM",
            "623.48 crore",
            "Monthly Average AUM",
            "620.54 crore",
            ""
        ],
        "total_expense_ratio": [
            "Regular Plan",
            "1.99% p.a.",
            "Direct Plan",
            "0.69% p.a.",
            "Total Expense Ratio is as on the last business",
            "day of the month.",
            ""
        ],
        "volatility_measures": [
            "Fund",
            "Benchmark",
            "Std. Dev",
            "16.98%",
            "13.63%",
            "(Annualised)",
            "Sharpe Ratio",
            "0.86",
            "0.54",
            "Portfolio Beta",
            "1.19",
            "1.00",
            "R Squared",
            "0.91",
            "NA",
            "Treynor",
            "1.03",
            "0.61",
            "February 2025",
            "Mutual Fund investments are subject to market risks, read all scheme related documents carefully.",
            "Page | 7",
            ""
        ],
        "dummyreutawfudvxgbod": [
            ""
        ],
        "amc_name": "360 ONE Asset Management Limited",
        "main_scheme_name": "360 one quant fund",
        "monthly_aaum_date": "28FEBRUARY2025",
        "page_number": [
            7
        ],
        "mutual_fund_name": "360 ONE Mutual Fund"
    },
    "360 one elss tax saver nifty 50 index fund": {
        "before": [
            "(Formerly known as IIFL ELSS NIFTY 50 Tax Saver Index Fund)",
            "(An open-ended Passive Equity Linked Saving Scheme with a statutory lock-in period of 3 years and tax benefit,",
            "replicating/tracking the Nifty 50 index)",
            ""
        ],
        "investment_objective": [
            "The investment objective of scheme is to invest in",
            "stocks comprising the Nifty 50 Index in the same",
            "proportion as in the Index to achieve returns equivalent",
            "to the Total Returns Index of Nifty 50 Index (subject",
            "to tracking error), while offering deduction on such",
            "investment made in the scheme under section 80C of",
            "the Incometax Act, 1961. It also seeks to distribute",
            "income periodically depending on distributable surplus.",
            "There is no assurance or guarantee that the investment",
            "objective of the Scheme would be achieved Investments",
            "in this scheme would be subject to a statutory lock-in",
            "of 3 years from the date of allotment to avail Section",
            "80C benefits.",
            ""
        ],
        "fund_manager_mr._parijat_garg": [
            "Mr. Parijat has over 16 years of experience in the",
            "financial services industry including algorithmic trading,",
            "stock broking and financial data services.",
            ""
        ],
        "co-_fund_manager_mr_rohit_vaidyanathan": [
            "Mr. Vaidyanathan has over 10 years of experience",
            "at 360 ONE Asset Management Limited, specializing",
            "in sectors like cement, building materials, real",
            "estate, and logistics.",
            ""
        ],
        "fund_details": [
            "Date of Allotment",
            ": December 28, 2022",
            "Bloomberg Code",
            ": -",
            "Benchmark Index",
            ": NIFTY 50 TRI",
            "Plans Offered",
            ": Regular & Direct",
            "Options Offered",
            ": Growth & IDCW",
            "Minimum Application",
            "500 and in multiples of",
            "New Purchase*",
            "500 thereafter",
            "Additional Purchase*",
            "500 and in multiples of",
            "500 thereafter",
            "Weekly SIP Option*",
            "500 per instalment for",
            "a minimum period of 12",
            "weeks - Every Tuesday",
            "Fortnightly",
            "500 per instalment for",
            "SIP Option**",
            "a minimum period of 12",
            "fortnights - 2 and 16",
            "of every month",
            "Monthly SIP Option",
            "500 per instalment for",
            "a minimum period of 12",
            "months - Any date 1to",
            "28 (Default \u00b7 7 of every",
            "month)",
            "Quarterly SIP Option",
            "500 per instalment for",
            "a minimum period of 12",
            "quarters- Any date 1to",
            "28 (Default \u00b7 7 )",
            "Entry Load",
            ": NIL",
            "Exit Load",
            ": NIL",
            "Dematerialization",
            ": D-Mat Option Available",
            "Tracking Error",
            "Regular Plan: 0.11%",
            "Tracking Error",
            "Direct Plan: 0.11%",
            "Portfolio Turnover",
            ": 0.07 times",
            "Ratio",
            "*(subject to lock-in-period of 3 years from the date of",
            "allotment).",
            "**Weekly and Fortnightly SIP frequencies are not",
            "available on BSE STAR MF Platform",
            ""
        ],
        "tracking_difference": [
            "1 Year",
            "Since Inception",
            "Regular",
            "Direct",
            "Regular",
            "Direct",
            "0.53%",
            "0.28%",
            "0.67%",
            "0.42%",
            ""
        ],
        "nav_as_on_january_31,_2025": [
            "Regular - Growth",
            "13.0896",
            "Regular - IDCW",
            "13.0896",
            "Direct - Growth",
            "13.1584",
            "Direct - IDCW",
            "13.1584",
            ""
        ],
        "aum_as_on_january_31,_2025": [
            "Net AUM",
            "76.65 crore",
            "Monthly Average AUM",
            "75.60 crore",
            ""
        ],
        "total_expense_ratio": [
            "Regular Plan",
            "0.52% p.a.",
            "Direct Plan",
            "0.27% p.a.",
            "Total Expense Ratio is as on the last business",
            "day of the month.",
            ""
        ],
        "volatility_measures": [
            "Fund",
            "Benchmark",
            "Std. Dev",
            "NA",
            "NA",
            "(Annualised)",
            "Sharpe Ratio",
            "NA",
            "NA",
            "Portfolio Beta",
            "NA",
            "NA",
            "R Squared",
            "NA",
            "NA",
            "Treynor",
            "NA",
            "NA",
            "February 2025",
            "Mutual Fund investments are subject to market risks, read all scheme related documents carefully.",
            "Page | 8",
            ""
        ],
        "dummytcwwndebcofkjuh": [
            ""
        ],
        "amc_name": "360 ONE Asset Management Limited",
        "main_scheme_name": "360 one elss tax saver nifty 50 index fund",
        "monthly_aaum_date": "28FEBRUARY2025",
        "page_number": [
            8
        ],
        "mutual_fund_name": "360 ONE Mutual Fund"
    },
    "360 one balanced hybrid fund": {
        "investment_objective": [
            "The Investment Objective of the fund is to generate",
            "long term capital appreciation/income by investing",
            "in equity and debt instruments. However, there is",
            "no assurance or guarantee that the investment",
            "objective of the Scheme will be achieved. The",
            "Scheme does not assure or guarantee any returns.",
            ""
        ],
        "fund_manager_mr._mayur_patel": [
            ""
        ],
        "equity": [
            "Mr. Vaidyanathan has over 10 years of experience",
            "at 360 ONE Asset Management Limited, specializing",
            "in sectors like cement, building materials, real",
            "estate, and logistics.",
            ""
        ],
        "co-_fund_manager_mr_rohit": [
            ""
        ],
        "vaidyanathan": [
            ""
        ],
        "fund_manager_mr._milan_mody": [
            ""
        ],
        "debt": [
            "Mr. Mody has over 20 years of work experience in",
            "the Fixed Income market.",
            ""
        ],
        "co-_fund_manager_mr._manumaharaj": [
            ""
        ],
        "saravanaraj_debt": [
            "Mr. Saravanaraj has over 1 year of work experience.",
            "He has done research in Tracks Telecom, Textile",
            "and IT sectors.",
            ""
        ],
        "fund_details": [
            "Date of Allotment",
            ": September 25, 2023",
            "Bloomberg Code",
            ": -",
            "Benchmark Index",
            "Nifty 50 Hybrid",
            "Composite Debt 50:50",
            "Index",
            "Plans Offered",
            ": Regular & Direct",
            "Options Offered",
            ": Growth & IDCW",
            "New Purchase",
            "1000 and in multiples of",
            "1 thereafter",
            "Additional Purchase",
            "1000 and in multiples of",
            "1 thereafter",
            "Weekly SIP Option**",
            "1000 per instalment for",
            "a minimum period of 6",
            "weeks - any business",
            "day between Monday to",
            "Friday. Default day will",
            "be Tuesday.",
            "Fortnightly",
            "1000 per instalment for",
            "SIP Option**",
            "a minimum period of 6",
            "fortnights - 2 and 16",
            "of every month",
            "Monthly SIP Option",
            "1000 per instalment for",
            "a minimum period of 6",
            "months - Any date 1 to",
            "28 (Default \u00b7 7 of every",
            "month)",
            "Quarterly SIP Option",
            "1000 per instalment for",
            "a minimum period of 6",
            "quarters- Any date 1 to",
            "28 (Default \u00b7 7",
            ")",
            "Entry Load",
            ": NIL",
            "Exit Load",
            ": - Redemption / switch-out",
            "of 10% of Units alloted on",
            "or before completion",
            "of 12 months from the",
            "date of allotment- NIL",
            "exit load.",
            "- Redemption/ switch out",
            "in excess of the 10% of",
            "Units allotted on or",
            "before completion of 12",
            "months from the date",
            "of allotment \u00b71.00% exit",
            "load.",
            "- Nil - if redeemed /",
            "switched out after 12",
            "months from the date of",
            "allotment",
            "Dematerialization",
            ": D-Mat Option Available",
            "Portfolio Turnover",
            ": 0.61 times",
            "Ratio",
            "**Weekly and Fortnightly SIP frequencies are not",
            "available on BSE STAR MF Platform",
            ""
        ],
        "nav_as_on_january_31,_2025": [
            "Regular - Growth",
            "12.0437",
            "Regular - IDCW",
            "12.0437",
            "Direct - Growth",
            "12.2910",
            "Direct - IDCW",
            "12.2910",
            "February 2025",
            "Mutual Fund investments are subject to market risks, read all scheme related documents carefully.",
            "Page | 9",
            ""
        ],
        "dummylmjtmymuivttzqq": [
            ""
        ],
        "aum_as_on_january_31,_2025": [
            "Net AUM",
            "840.37 crore",
            "Monthly Average AUM",
            "852.49 crore",
            ""
        ],
        "total_expense_ratio": [
            "Regular Plan",
            "1.99% p.a.",
            "Direct Plan",
            "0.60% p.a.",
            "Total Expense Ratio is as on the last business",
            "day of the month.",
            ""
        ],
        "volatility_measures": [
            "Fund",
            "Benchmark",
            "Std. Dev",
            "NA",
            "NA",
            "(Annualised)",
            "Sharpe Ratio",
            "NA",
            "NA",
            "Portfolio Beta",
            "NA",
            "NA",
            "R Squared",
            "NA",
            "NA",
            "Treynor",
            "NA",
            "NA",
            ""
        ],
        "statistical_debt_indicators": [
            "Annualised Portfolio",
            "7.4549%",
            "YTM",
            "Macaulay Duration",
            "2.8642 years",
            "Residual Maturity",
            "3.2725 years",
            "10",
            ""
        ],
        "dummycedqgayxyfillvr": [
            ""
        ],
        "amc_name": "360 ONE Asset Management Limited",
        "main_scheme_name": "360 one balanced hybrid fund",
        "monthly_aaum_date": "28FEBRUARY2025",
        "page_number": [
            9,
            10
        ],
        "mutual_fund_name": "360 ONE Mutual Fund"
    },
    "360 one dynamic bond fund": {
        "before": [
            "(Formerly known as IIFL Dynamic Bond Fund)",
            "(An open ended dynamic debt scheme investing across duration. A relatively high interest rate risk and relatively high",
            "credit risk.)",
            ""
        ],
        "investment_objective": [
            "The investment objective of the scheme is to",
            "generate income and long term gains by investing",
            "in a range of debt and money market instruments",
            "of various maturities. The scheme will seek to",
            "flexibly manage its investment across the maturity",
            "spectrum with a view to optimize the risk return",
            "proposition for the Investors.",
            ""
        ],
        "fund_manager_mr._milan_mody": [
            "Mr. Mody has over 20 years of work experience in",
            "the Fixed Income market.",
            ""
        ],
        "co-_fund_manager": [
            ""
        ],
        "mr._manumaharaj": [
            ""
        ],
        "saravanaraj": [
            "Mr. Saravanaraj has over 1 year of work experience.",
            "He has done research in Tracks Telecom, Textile",
            "and IT sectors.",
            ""
        ],
        "fund_details": [
            "Date of Allotment",
            ": June 24, 2013",
            "Bloomberg Code",
            ": IIFDBDBIN",
            "Benchmark Index",
            "CRISIL Dynamic Bond",
            "A-III Index",
            "Plans Offered",
            ": Regular & Direct",
            "Options Offered",
            ": Growth & IDCW",
            "Minimum Application",
            "10,000 and in multiples",
            "New Purchase",
            "of",
            "1 thereafter",
            "Additional Purchase",
            "1000 and in multiples of",
            "1 thereafter",
            "Weekly SIP Option*",
            "1000 per instalment for",
            "a minimum period of 6",
            "weeks - any business",
            "day between Monday to",
            "Friday. Default day will",
            "be Tuesday.",
            "Fortnightly",
            "1000 per instalment for",
            "SIP Option*",
            "a minimum period of 6",
            "fortnights - 2 and 16",
            "of every month",
            "Monthly SIP Option",
            "1000 per instalment for",
            "a minimum period of 6",
            "months - Any date 1 to",
            "28 (Default \u00b7 7 of every",
            "month)",
            "Quarterly SIP Option",
            "1,500 per instalment for",
            "a minimum period of 4",
            "quarters- Any date 1st to",
            "28th (Default \u00b7 7th)",
            "Entry Load",
            ": NIL",
            "Exit Load",
            ": NIL",
            "Dematerialization",
            ": D-Mat Option Available",
            "Asset Allocation",
            "Debt Market",
            ": 0% to 100%",
            "Money Market",
            ": 0% to 100%",
            "REITs & InvITs",
            ": 0% to 10%",
            "*Weekly and Fortnightly SIP frequencies are not",
            "available on BSE STAR MF Platform",
            ""
        ],
        "nav_as_on_january_31,_2025": [
            "Regular Plan Growth",
            "21.6759",
            "#Regular Plan Bonus",
            "21.6758",
            "Regular Quarterly IDCW",
            "20.9173",
            "#Regular Half Yearly IDCW",
            "20.9171",
            "#Regular Monthly IDCW",
            "12.6097",
            "Direct Plan Growth",
            "22.8446",
            "Direct Monthly IDCW",
            "13.5657",
            "Direct Quarterly IDCW",
            "21.0798",
            "#Note: Bonus plan and Monthly & Half yearly",
            "Dividend payout options are discontinued no new",
            "investors can invest in the said option ,existing",
            "investors remain invested in the said options.",
            ""
        ],
        "aum_as_on_january_31,_2025": [
            "Net AUM",
            "719.51 crore",
            "Monthly Average AUM",
            "731.04 crore",
            ""
        ],
        "total_expense_ratio": [
            "Regular Plan",
            "0.52% p.a.",
            "Direct Plan",
            "0.27% p.a.",
            "Total Expense Ratio is as on the last business",
            "day of the month.",
            ""
        ],
        "statistical_debt_indicators": [
            "Annualised Portfolio",
            "7.4631%",
            "YTM",
            "Macaulay Duration",
            "4.7121 years",
            "Residual Maturity",
            "6.2085 years",
            "Note: For PRC Matrix of the fund please",
            "refer to Glossary.",
            "February 2025",
            "Mutual Fund investments are subject to market risks, read all scheme related documents carefully.",
            "Page | 11",
            ""
        ],
        "dummyvlsgatqvetepmge": [
            ""
        ],
        "amc_name": "360 ONE Asset Management Limited",
        "main_scheme_name": "360 one dynamic bond fund",
        "monthly_aaum_date": "28FEBRUARY2025",
        "page_number": [
            11
        ],
        "mutual_fund_name": "360 ONE Mutual Fund"
    },
    "360 one liquid fund": {
        "investment_objective": [
            "To provide liquidity with reasonable returns",
            "commensurate with low risk through a portfolio of",
            "money market and debt securities with residual",
            "maturity of up to 91 days. However, there can be",
            "no assurance that the investment objective of the",
            "scheme will be achieved.",
            ""
        ],
        "fund_manager_mr._milan_mody": [
            "Mr. Mody has over 20 years of work experience in",
            "the Fixed Income market.",
            ""
        ],
        "co-_fund_manager": [
            ""
        ],
        "mr._manumaharaj": [
            ""
        ],
        "saravanaraj": [
            "Mr. Saravanaraj has over 1 year of work experience.",
            "He has done research in Tracks Telecom, Textile",
            "and IT sectors.",
            ""
        ],
        "fund_details": [
            "Date of Allotment",
            ": November 13, 2013",
            "Benchmark Index",
            "CRISIL Liquid Debt A-I",
            "Index",
            "Plans Offered",
            ": Regular & Direct",
            "Options Offered",
            ": Growth & IDCW",
            "Minimum Application",
            "5,000 and in multiples of",
            "New Purchase",
            "1 thereafter",
            "Additional Purchase",
            "1000 and in multiples of",
            "1 thereafter",
            "Weekly SIP Option*",
            "1000 per instalment for",
            "a minimum period of 6",
            "weeks - any business",
            "day between Monday to",
            "Friday. Default day will",
            "be Tuesday.",
            "Fortnightly",
            "1000 per instalment for",
            "SIP Option*",
            "a minimum period of 6",
            "fortnights - 2 and 16",
            "of every month",
            "Monthly SIP Option",
            "1000 per instalment for",
            "a minimum period of 6",
            "months - Any date 1 to",
            "28 (Default \u00b7 7 of every",
            "month)",
            "Quarterly SIP Option",
            "1,500 per instalment for",
            "a minimum period of 4",
            "quarters- Any date 1 to",
            "28 (Default \u00b7 7",
            ")",
            "Entry Load",
            ": NIL",
            "Exit Load",
            "Investor exit upon",
            "Exit load as a % of",
            "Subscription",
            "redemption proceeds",
            "Day 1",
            ": 0.0070%",
            "Past performance may or may not be sustained in future. Different plans shall have different expense structure. Point to Point (PTP) returns in",
            "is based on stan",
            "Day 2",
            ": 0.0065%",
            "investment of 10,000; Since Inception date is 13-Nov-2013; * CRISIL Liquid Debt A-I Index,** CRISIL 1 Year T-Bill Index.",
            "Day 3",
            ": 0.0060%",
            "Day 4",
            ": 0.0055%",
            "Day 5",
            ": 0.0050%",
            "Day 6",
            ": 0.0045%",
            "Day 7 Onwards",
            ": 0.0000%",
            "Dematerialization",
            ": D-Mat Option Available",
            "Asset Allocation",
            ": 0.0050%",
            "Money market and",
            "debt instruments",
            "with residual",
            ": 0% to 100%",
            "maturity up to",
            "91 days",
            "*Weekly and Fortnightly SIP frequencies are not",
            "available on BSE STAR MF Platform",
            ""
        ],
        "nav_as_on_january_31,_2025": [
            "Regular Plan Growth",
            "1956.0134",
            "Regular Plan Weekly IDCW",
            "1005.5827",
            "Regular Plan Daily IDCW",
            "1000.1990",
            "Direct Plan Growth",
            "1967.0477",
            "Direct Plan Daily IDCW",
            "1000.1990",
            "Direct Plan Weekly IDCW",
            "1005.5919",
            ""
        ],
        "aum_as_on_january_31,_2025": [
            "Net AUM",
            "1,023.77 crore",
            "Monthly Average AUM",
            "951.48 crore",
            ""
        ],
        "total_expense_ratio": [
            "Regular Plan",
            "0.25% p.a.",
            "Direct Plan",
            "0.20% p.a.",
            "Total Expense Ratio is as on the last business",
            "day of the month.",
            ""
        ],
        "statistical_debt_indicators": [
            "Annualised Portfolio",
            "7.2154%",
            "YTM",
            "Macaulay Duration",
            "0.1367 years",
            "Residual Maturity",
            "0.1372 years",
            "Note: For PRC Matrix of the fund please",
            "refer to Glossary.",
            "February 2025",
            "Mutual Fund investments are subject to market risks, read all scheme related documents carefully.",
            "Page | 12",
            ""
        ],
        "dummyxjzszpcdtpfxgqf": [
            ""
        ],
        "amc_name": "360 ONE Asset Management Limited",
        "main_scheme_name": "360 one liquid fund",
        "monthly_aaum_date": "28FEBRUARY2025",
        "page_number": [
            12
        ],
        "mutual_fund_name": "360 ONE Mutual Fund"
    }
}