{
    "iti multi cap fund": {
        "before": [
            "CATEGORY OF SCHEME:",
            ""
        ],
        "multicap_fund": [
            ""
        ],
        "investment_objective": [
            "The investment objective of the Scheme is to",
            "generate long-term capital appreciation from a",
            "diversified portfolio that predominantly invests in",
            "equity and equity-related securities of companies",
            "across various market capitalisation. However,",
            "there can be no assurance that the investment",
            "objective of the Scheme will be realised.",
            ""
        ],
        "scheme_details": [
            "Inception Date",
            "(Date of Allotment):",
            "15-May-19",
            "Benchmark:",
            "Nifty 500 Multicap",
            "50:25:25 TRI",
            "Minimum Application",
            "Rs.1,000/- and in multiples",
            "Amount:",
            "of Rs. 1/- thereafter",
            "Load Structure:",
            "Entry Load:",
            "Nil",
            "Exit Load:",
            "\u00b71% if redeemed or",
            "switched out on or before completion of 3 months",
            "from the date of allotment of units",
            "\u00b7Nil, if redeemed",
            "or switched out after completion of 3 months from",
            "the date of allotment of units.",
            "Total Expense Ratio (TER):",
            "Including Additional Expenses and Goods and Service",
            "Tax on Management Fees",
            "Regular Plan: 1.94%",
            "Direct Plan: 0.18%",
            ""
        ],
        "fund_manager": [
            "Mr. Dhimant Shah(Since 08-Aug-22)",
            "Total Experience : 26 years",
            "Mr. Rohan Korde(Since 01-Dec-22)",
            "Total Experience: 17 years",
            ""
        ],
        "portfolio_details": [
            "AUM (in Rs. Cr):",
            "1,312.94",
            "AAUM (in Rs. Cr):",
            "1,337.78",
            "% of top 5 holdings:",
            "14.50%",
            "% of top 10 holdings:",
            "23.92%",
            "No. of scrips:",
            "81",
            ""
        ],
        "ratio": [
            "Standard Deviation^:",
            "13.81%",
            "Beta^:",
            "0.90",
            "Sharpe Ratio^*:",
            "0.74",
            "Average P/B",
            "9.04",
            "Average P/E",
            "29.77",
            "Portfolio Turnover Ratio",
            "0.93",
            "^Computed for the 3-yr period ended January 31,",
            "2025. Based on monthly return.",
            "*Risk free rate: 6.65 (Source: FIMMDA MIBOR)",
            ""
        ],
        "nav_as_on_january_31,_2025": [
            "Regular Plan",
            "Direct Plan",
            "(in Rs.)",
            "(in Rs.)",
            "Growth:",
            "21.8438",
            "24.5013",
            "IDCW:",
            "20.0244",
            "22.5786",
            ""
        ],
        "this_product_is_suitable": [
            ""
        ],
        "for_investors_who_are_seeking^": [
            "\u00b7",
            "Long-term capital growth",
            "\u00b7",
            "Investment in equity and equity-related securities",
            "of companies across various market capitalization",
            "^Investors should consult their financial advisers if in",
            "doubt about whether the product is suitable for them.",
            "Moderate",
            "Moderately",
            "Risk",
            "High Risk",
            "Low to",
            "Moderate Risk",
            "High Risk",
            "Very",
            "Low Risk",
            "High Risk",
            "RISKOMETER",
            "The risk of the scheme is very high",
            "Nifty 500 Multicap 50:25:25 TRI",
            "Moderate",
            "Moderately",
            "Risk",
            "High Risk",
            "Low to",
            "Moderate Risk",
            "High Risk",
            "Very",
            "Low Risk",
            "High Risk",
            "RISKOMETER",
            "The risk of the benchmark is very high",
            ""
        ],
        "dummykqhbpytmaggwqbu": [
            ""
        ],
        "amc_name": "ITI Asset Management Limited",
        "main_scheme_name": "iti multi cap fund",
        "monthly_aaum_date": "28FEBRUARY2025",
        "page_number": [
            9
        ],
        "mutual_fund_name": "ITI Mutual Fund"
    },
    "iti elss tax saver fund": {
        "before": [
            "CATEGORY OF SCHEME:",
            ""
        ],
        "elss_fund": [
            ""
        ],
        "investment_objective": [
            "To provide long-term capital appreciation by",
            "investing predominantly in equity and equity",
            "related securities. However, there is no assurance or",
            "guarantee that the investment objective of the",
            "Scheme will be achieved. The scheme does not",
            "assure or guarantee any returns.",
            ""
        ],
        "scheme_details": [
            "Inception Date",
            "(Date of Allotment):",
            "18-Oct-19",
            "Benchmark:",
            "Nifty 500 TRI",
            "Minimum Application",
            "Rs. 500/- and in multiples",
            "Amount:",
            "of Rs. 500/- thereafter",
            "Load Structure:",
            "Entry Load:",
            "Nil",
            "Exit Load:",
            "Nil",
            "Total Expense Ratio (TER):",
            "Including Additional Expenses and Goods and",
            "Service Tax on Management Fees",
            "Regular Plan: 2.25%",
            "Direct Plan: 0.50%",
            ""
        ],
        "fund_manager": [
            "Mr. Alok Ranjan(Since 04-Nov-24)",
            "Total Experience: 25 years",
            "Mr. Dhimant Shah(Since 01-Dec-22)",
            "Total Experience : 26 years",
            ""
        ],
        "portfolio_details": [
            "AUM (in Rs. Cr):",
            "374.22",
            "AAUM (in Rs. Cr):",
            "377.28",
            "% of top 5 holdings:",
            "19.15%",
            "% of top 10 holdings: 31.98%",
            "No. of scrips:",
            "70",
            ""
        ],
        "ratio": [
            "Standard Deviation^:",
            "13.91%",
            "Beta^:",
            "0.93",
            "Sharpe Ratio^*:",
            "0.76",
            "Average P/B",
            "7.51",
            "Average P/E",
            "27.12",
            "Portfolio Turnover Ratio",
            "1.20",
            "^Computed for the 3-yr period ended January 31,",
            "2025. Based on monthly return.",
            "* Risk free rate: 6.65(Source: FIMMDA MIBOR)",
            ""
        ],
        "nav_as_on_january_31,_2025": [
            "Regular Plan",
            "Direct Plan",
            "(in Rs.)",
            "(in Rs.)",
            "Growth:",
            "22.2106",
            "24.7110",
            "IDCW:",
            "20.3820",
            "22.7866",
            ""
        ],
        "this_product_is_suitable": [
            ""
        ],
        "for_investors_who_are_seeking^": [
            "\u00b7",
            "Capital appreciation over long term",
            "\u00b7",
            "Investment in equity and equity related",
            "securities",
            "^Investors should consult their financial advisers if",
            "in doubt about whether the product is suitable for",
            "them.",
            "Moderate",
            "Moderately",
            "Risk",
            "High Risk",
            "Low to",
            "Moderate Risk",
            "High Risk",
            "Very",
            "Low Risk",
            "High Risk",
            "RISKOMETER",
            "The risk of the scheme is very high",
            "Nifty 500 TRI",
            "Moderate",
            "Moderately",
            "Risk",
            "High Risk",
            "Low to",
            "Moderate Risk",
            "High Risk",
            "Very",
            "Low Risk",
            "High Risk",
            "RISKOMETER",
            "The risk of the benchmark is very high",
            ""
        ],
        "dummyzzczcuwtbjjzlwr": [
            ""
        ],
        "amc_name": "ITI Asset Management Limited",
        "main_scheme_name": "iti elss tax saver fund",
        "monthly_aaum_date": "28FEBRUARY2025",
        "page_number": [
            10
        ],
        "mutual_fund_name": "ITI Mutual Fund"
    },
    "iti large cap fund": {
        "before": [
            "CATEGORY OF SCHEME:",
            ""
        ],
        "large_cap_fund": [
            ""
        ],
        "investment_objective": [
            "The investment objective of the Scheme is to seek to",
            "generate long term capital appreciation by",
            "predominantly investing in equity and equity related",
            "securities of large cap stocks. However, there can be",
            "no assurance that the investment objective of the",
            "scheme would be achieved.",
            ""
        ],
        "scheme_details": [
            "Inception Date",
            "(Date of Allotment):",
            "24-Dec-20",
            "Benchmark:",
            "Nifty 100 TRI",
            "Minimum Application",
            "Rs. 5,000/- and in multiples",
            "Amount:",
            "of Re. 1/- thereafter",
            "Load Structure:",
            "Entry Load:",
            "Nil",
            "Exit Load:",
            "\u00b71% if redeemed or",
            "switched out on or before completion of 3 months",
            "from the date of allotment of units\u00b7Nil, if redeemed",
            "or switched out after completion of 3 months from the",
            "date of allotment of units.",
            "Total Expense Ratio (TER):",
            "Including Additional Expenses and Goods and Service",
            "Tax on Management Fees",
            "Regular Plan: 2.25%",
            "Direct Plan: 0.49%",
            ""
        ],
        "fund_manager": [
            "Mr. Alok Ranjan(Since 04-Nov-2024)",
            "Total Experience: 25 years",
            "Mr Rohan Korde(Since 29-April-2022)",
            "Total Experience: 17 years",
            ""
        ],
        "portfolio_details": [
            "AUM (in Rs. Cr):",
            "364.35",
            "AAUM (in Rs. Cr):",
            "365.79",
            "% of top 5 holdings:",
            "31.09%",
            "% of top 10 holdings:",
            "45.81%",
            "No. of scrips:",
            "59",
            ""
        ],
        "ratio": [
            "Standard Deviation^:",
            "13.32%",
            "Beta^:",
            "0.95",
            "Sharpe Ratio^*:",
            "0.32",
            "Average P/B",
            "6.67",
            "Average P/E",
            "21.95",
            "Portfolio Turnover Ratio",
            "0.83",
            "^Computed for the 3-yr period ended January 31,",
            "2025. Based on monthly return.",
            "* Risk free rate: 6.65 (Source: FIMMDA MIBOR)",
            ""
        ],
        "nav_as_on_january_31,_2025": [
            "Regular Plan",
            "Direct Plan",
            "(in Rs.)",
            "(in Rs.)",
            "Growth:",
            "16.6534",
            "18.1435",
            "IDCW:",
            "16.6534",
            "18.1435",
            ""
        ],
        "this_product_is_suitable": [
            ""
        ],
        "for_investors_who_are_seeking^": [
            "\u00b7",
            "Capital appreciation over long term",
            "\u00b7",
            "Investment in equity and equity related",
            "instruments of large cap companies",
            "^Investors should consult their financial advisers if in",
            "doubt about whether the product is suitable for",
            "them.",
            "Moderate",
            "Moderately",
            "Risk",
            "High Risk",
            "Low to",
            "Moderate Risk",
            "High Risk",
            "Very",
            "Low Risk",
            "High Risk",
            "RISKOMETER",
            "The risk of the scheme is very high",
            "Nifty 100 TRI",
            "Moderate",
            "Moderately",
            "Risk",
            "High Risk",
            "Low to",
            "Moderate Risk",
            "High Risk",
            "Very",
            "Low Risk",
            "High Risk",
            "RISKOMETER",
            "The risk of the benchmark is very high",
            ""
        ],
        "dummynxpeaqoukommwrx": [
            ""
        ],
        "amc_name": "ITI Asset Management Limited",
        "main_scheme_name": "iti large cap fund",
        "monthly_aaum_date": "28FEBRUARY2025",
        "page_number": [
            11
        ],
        "mutual_fund_name": "ITI Mutual Fund"
    },
    "iti mid cap fund": {
        "before": [
            "CATEGORY OF SCHEME:",
            ""
        ],
        "mid_cap_fund": [
            ""
        ],
        "investment_objective": [
            "The investment objective of the Scheme is to seek to",
            "generate long term capital appreciation by",
            "predominantly investing in equity and equity related",
            "securities of Mid Cap stocks. However, there can be",
            "no assurance that the investment objective of the",
            "scheme would be achieved.",
            ""
        ],
        "scheme_details": [
            "Inception Date",
            "(Date of Allotment):",
            "05-Mar-2021",
            "Benchmark:",
            "Nifty Midcap 150 TRI",
            "Minimum Application",
            "Rs. 5,000/- and in",
            "Amount:",
            "multiples  of Re. 1/-",
            "Load Structure:",
            "Entry Load:",
            "Nil",
            "Exit Load:",
            "If units are redeemed",
            "/switched out within 12",
            "months - 1%. Nil",
            "hereafter",
            "Total Expense Ratio (TER):",
            "Including Additional Expenses and Goods and Service",
            "Tax on Management Fees",
            "Regular Plan: 2.00%",
            "Direct Plan: 0.11%",
            ""
        ],
        "fund_manager": [
            "Mr. Rohan Korde(Since 29 April 2022)",
            "Total Experience: 17 years",
            "Mr. Dhimant Shah(Since 01-Oct-2022)",
            "Total Experience: 26 years",
            ""
        ],
        "portfolio_details": [
            "AUM (in Rs. Cr):",
            "1,095.38",
            "AAUM (in Rs. Cr):",
            "1,113.18",
            "% of top 5 holdings:",
            "12.16%",
            "% of top 10 holdings:",
            "21.28%",
            "No. of scrips:",
            "79",
            ""
        ],
        "ratio": [
            "Standard Deviation^:",
            "15.40%",
            "Beta^:",
            "0.91",
            "Sharpe Ratio^*:",
            "0.93",
            "Average P/B",
            "10.15",
            "Average P/E",
            "30.99",
            "Portfolio Turnover Ratio",
            "1.32",
            "^Computed for the 3-yr period ended January 31,",
            "2025. Based on monthly return. * Risk free rate:",
            "6.65 (Source: FIMMDA MIBOR)",
            ""
        ],
        "nav_as_on_january_31,_2025": [
            "Regular Plan",
            "Direct Plan",
            "(in Rs.)",
            "(in Rs.)",
            "Growth:",
            "19.7469",
            "21.3982",
            "IDCW:",
            "18.8685",
            "20.5054",
            ""
        ],
        "this_product_is_suitable": [
            ""
        ],
        "for_investors_who_are_seeking^": [
            "\u00b7",
            "Capital appreciation over long term",
            "\u00b7",
            "Investment in a diversified portfolio",
            "predominantly consisting of equity and equity",
            "related instruments of mid cap companies",
            "^Investors should consult their financial advisers if in",
            "doubt about whether the product is suitable for them.",
            "Moderate",
            "Moderately",
            "Risk",
            "High Risk",
            "Low to",
            "Moderate Risk",
            "High Risk",
            "Very",
            "Low Risk",
            "High Risk",
            "RISKOMETER",
            "The risk of the scheme is very high",
            "Nifty Midcap 150 TRI",
            "Moderate",
            "Moderately",
            "Risk",
            "High Risk",
            "Low to",
            "Moderate Risk",
            "High Risk",
            "Very",
            "Low Risk",
            "High Risk",
            "RISKOMETER",
            "The risk of the benchmark is very high",
            ""
        ],
        "dummyyemoapukttpunmd": [
            ""
        ],
        "amc_name": "ITI Asset Management Limited",
        "main_scheme_name": "iti mid cap fund",
        "monthly_aaum_date": "28FEBRUARY2025",
        "page_number": [
            12
        ],
        "mutual_fund_name": "ITI Mutual Fund"
    },
    "iti small cap fund": {
        "before": [
            "CATEGORY OF SCHEME:",
            ""
        ],
        "small_cap_fund": [
            ""
        ],
        "investment_objective": [
            "The investment objective of the Scheme is to",
            "generate capital appreciation by predominantly",
            "investing in equity and equity related securities of",
            "small cap companies. However, there can be no",
            "assurance that the investment objective of the",
            "scheme would be achieved.",
            ""
        ],
        "scheme_details": [
            "Inception Date",
            "(Date of Allotment):",
            "17-Feb-20",
            "Benchmark:",
            "Nifty Smallcap 250 TRI",
            "Minimum Application",
            "Rs. 5,000/- and in",
            "Amount:",
            "multiples of Rs. 1/-",
            "Load Structure:",
            "Entry Load:",
            "Nil",
            "Exit Load:",
            "If units are redeemed",
            "/switched out within 12",
            "months - 1%. Nil",
            "Total Expense Ratio (TER):",
            "Including Additional Expenses and Goods and",
            "Service Tax on Management Fees",
            "Regular Plan: 1.84%",
            "Direct Plan: 0.44%",
            ""
        ],
        "fund_manager": [
            "Mr. Dhimant Shah(Since 08 August 2022)",
            "Total Experience: 26 years",
            "Mr. Rohan Korde(Since 01 December  2022)",
            "Total Experience: 17 years",
            ""
        ],
        "portfolio_details": [
            "AUM (in Rs. Cr):",
            "2,253.76",
            "AAUM (in Rs. Cr):",
            "2,347.45",
            "% of top 5 holdings:",
            "11.87%",
            "% of top 10 holdings:",
            "20.10%",
            "No. of scrips:",
            "81",
            ""
        ],
        "ratio": [
            "Standard Deviation^:",
            "16.27%",
            "Beta^:",
            "0.79",
            "Sharpe Ratio^*:",
            "0.90",
            "Average P/B",
            "8.84",
            "Average P/E",
            "34.15",
            "Portfolio Turnover Ratio",
            "1.38",
            "^Computed for the 3-yr period ended January 31,",
            "2025. Based on monthly return.",
            "* Risk free rate: 6.65 (Source: FIMMDA MIBOR)",
            ""
        ],
        "nav_as_on_january_31,_2025": [
            "Regular Plan",
            "Direct Plan",
            "(in Rs.)",
            "(in Rs.)",
            "Growth:",
            "26.1425",
            "28.8273",
            "IDCW:",
            "25.2209",
            "27.8919",
            ""
        ],
        "this_product_is_suitable": [
            ""
        ],
        "for_investors_who_are_seeking^": [
            "\u00b7",
            "Capital appreciation over long term",
            "\u00b7",
            "Investment in a diversified portfolio",
            "predominantly consisting of equity and equity",
            "related instruments of small cap companies",
            "^Investors should consult their financial advisers if",
            "in doubt about whether the product is suitable for",
            "them.",
            "Moderate",
            "Moderately",
            "Risk",
            "High Risk",
            "Low to",
            "Moderate Risk",
            "High Risk",
            "Very",
            "Low Risk",
            "High Risk",
            "RISKOMETER",
            "The risk of the scheme is very high",
            "Nifty Smallcap 250 TRI",
            "Moderate",
            "Moderately",
            "Risk",
            "High Risk",
            "Low to",
            "Moderate Risk",
            "High Risk",
            "Very",
            "Low Risk",
            "High Risk",
            "RISKOMETER",
            "The risk of the benchmark is very high",
            ""
        ],
        "dummygjhrghdddjrytjv": [
            ""
        ],
        "amc_name": "ITI Asset Management Limited",
        "main_scheme_name": "iti small cap fund",
        "monthly_aaum_date": "28FEBRUARY2025",
        "page_number": [
            13
        ],
        "mutual_fund_name": "ITI Mutual Fund"
    },
    "iti value fund": {
        "before": [
            "CATEGORY OF SCHEME:",
            ""
        ],
        "value_fund": [
            ""
        ],
        "investment_objective": [
            "The investment objective of the scheme is to seek",
            "to generate long term capital appreciation by",
            "investing substantially in a portfolio of equity and",
            "equity related instruments by following value",
            "investing strategy. However, there can be no",
            "assurance or guarantee that the investment",
            "objective of the scheme would be achieved.",
            ""
        ],
        "scheme_details": [
            "Inception Date",
            "(Date of Allotment):",
            "14-June-2021",
            "Benchmark:",
            "Nifty 500 TRI",
            "Minimum ApplicationRs. 5,000/- and in",
            "Amount:",
            "multiples  of Re. 1/-",
            "Load Structure:",
            "Entry Load:",
            "Nil",
            "Exit Load:",
            "\u00b71% if redeemed or",
            "switched out on or before completion of 3 months",
            "from the date of allotment of units \u00b7  Nil, if",
            "redeemed or switched out after completion of 3",
            "months from the date of allotment of units.",
            "Total Expense Ratio (TER):",
            "Including Additional Expenses and Goods and",
            "Service Tax on Management Fees",
            "Regular Plan: 2.25% Direct Plan: 0.45%",
            ""
        ],
        "fund_manager": [
            "Mr. Rohan Korde(Since 14-Jun-21)",
            "Total Experience: 17 years",
            "Mr. Dhimant Shah(Since 01 December 2022)",
            "Total Experience : 26 years",
            ""
        ],
        "portfolio_details": [
            "AUM (in Rs. Cr):",
            "301.03",
            "AAUM (in Rs. Cr):",
            "305.35",
            "% of top 5 holdings:",
            "18.43%",
            "% of top 10 holdings:",
            "29.61%",
            "No. of scrips:",
            "70",
            ""
        ],
        "ratio": [
            "Standard Deviation^:",
            "14.04%",
            "Beta^:",
            "0.96",
            "Sharpe Ratio^*:",
            "0.71",
            "Average P/B",
            "6.51",
            "Average P/E",
            "24.23",
            "Portfolio Turnover Ratio",
            "1.37",
            "^Computed for the 3-yr period ended January 31,",
            "2025. Based on monthly return. * Risk free rate:",
            "6.65 (Source: FIMMDA MIBOR)",
            ""
        ],
        "nav_as_on_january_31,_2025": [
            "Regular Plan",
            "Direct Plan",
            "(in Rs.)",
            "(in Rs.)",
            "Growth:",
            "15.6149",
            "16.8249",
            "IDCW:",
            "15.6149",
            "16.8249",
            ""
        ],
        "this_product_is_suitable": [
            ""
        ],
        "for_investors_who_are_seeking^": [
            "\u00b7",
            "Capital appreciation over long term",
            "\u00b7",
            "Investments in portfolio predominantly consisting",
            "of equity and equity related instruments by",
            "following a value investment strategy.",
            "^Investors should consult their financial advisers if in",
            "doubt about whether the product is suitable for",
            "them.",
            "Moderate",
            "Moderately",
            "Risk",
            "High Risk",
            "Low to",
            "Moderate Risk",
            "High Risk",
            "Very",
            "Low Risk",
            "High Risk",
            "RISKOMETER",
            "The risk of the scheme is very high",
            "Nifty 500 TRI",
            "Moderate",
            "Moderately",
            "Risk",
            "High Risk",
            "Low to",
            "Moderate Risk",
            "High Risk",
            "Very",
            "Low Risk",
            "High Risk",
            "RISKOMETER",
            "The risk of the benchmark is very high",
            ""
        ],
        "dummyktogxaxxdvxfhxg": [
            ""
        ],
        "amc_name": "ITI Asset Management Limited",
        "main_scheme_name": "iti value fund",
        "monthly_aaum_date": "28FEBRUARY2025",
        "page_number": [
            14
        ],
        "mutual_fund_name": "ITI Mutual Fund"
    },
    "iti pharma and healthcare fund": {
        "before": [
            "CATEGORY OF SCHEME:",
            ""
        ],
        "sectoral/_thematic": [
            ""
        ],
        "investment_objective": [
            "The investment objective of the scheme is to seek",
            "to generate long term capital appreciation",
            "through investing in equity and equity related",
            "securities of companies engaged in Pharma and",
            "Healthcare. However, there can be no assurance",
            "that the investment objective of the scheme",
            "would be achieved.",
            ""
        ],
        "scheme_details": [
            "Inception Date",
            "(Date of Allotment): 08-Nov-2021",
            "Benchmark:",
            "Nifty Healthcare TRI",
            "Minimum ApplicationRs. 5,000/- and in multiples",
            "Amount:",
            "of Re. 1/- thereafter",
            "Load Structure:",
            "Entry Load:",
            "Nil",
            "Exit Load:",
            "\u00b71% if redeemed or",
            "switched out on or before completion of 12 months",
            "from the date of allotment of units; \u00b7  Nil, if",
            "redeemed or switched out after completion of 12",
            "months from the date of allotment of units.",
            "Total Expense Ratio (TER):",
            "Including Additional Expenses and Goods and",
            "Service Tax on Management Fees",
            "Regular Plan: 2.25%",
            "Direct Plan: 0.37%",
            ""
        ],
        "fund_manager": [
            "Mr. Rohan Korde(Since 08-Nov-21)",
            "Total Experience: 17 years",
            "Mr. Dhimant Shah(Since 01 December  2022)",
            "Total Experience : 26 years",
            ""
        ],
        "portfolio_details": [
            "AUM (in Rs. Cr):",
            "216.51",
            "AAUM (in Rs. Cr):",
            "223.27",
            "% of top 5 holdings:",
            "37.14%",
            "% of top 10 holdings:",
            "56.12%",
            "No. of scrips:",
            "37",
            ""
        ],
        "ratio": [
            "Standard Deviation^:",
            "15.67%",
            "Beta^:",
            "0.91",
            "Sharpe Ratio^*:",
            "0.72",
            "Average P/B",
            "8.78",
            "Average P/E",
            "46.65",
            "Portfolio Turnover Ratio",
            "0.64",
            "^Computed for the 3-yr period ended January 31,",
            "2025. Based on monthly return. * Risk free rate:",
            "6.65 (Source: FIMMDA MIBOR)",
            ""
        ],
        "nav_as_on_january_31,_2025": [
            "Regular Plan",
            "Direct Plan",
            "(in Rs.)",
            "(in Rs.)",
            "Growth:",
            "15.8617",
            "16.9514",
            "IDCW:",
            "15.8617",
            "16.9514",
            ""
        ],
        "this_product_is_suitable": [
            ""
        ],
        "for_investors_who_are_seeking^": [
            "\u00b7",
            "Capital appreciation over long term",
            "\u00b7",
            "Investments in equity and equity related",
            "securities of companies engaged in  Pharma",
            "and Healthcare.",
            "^Investors should consult their financial advisers if in",
            "doubt about whether the product is suitable for",
            "them.",
            "Moderate",
            "Moderately",
            "Risk",
            "High Risk",
            "Low to",
            "Moderate Risk",
            "High Risk",
            "Very",
            "Low Risk",
            "High Risk",
            "RISKOMETER",
            "The risk of the scheme is very high",
            "Nifty Healthcare TRI",
            "Moderate",
            "Moderately",
            "Risk",
            "High Risk",
            "Low to",
            "Moderate Risk",
            "High Risk",
            "Very",
            "Low Risk",
            "High Risk",
            "RISKOMETER",
            "The risk of the benchmark is very high",
            ""
        ],
        "dummykevxpbztxfotcan": [
            ""
        ],
        "amc_name": "ITI Asset Management Limited",
        "main_scheme_name": "iti pharma and healthcare fund",
        "monthly_aaum_date": "28FEBRUARY2025",
        "page_number": [
            15
        ],
        "mutual_fund_name": "ITI Mutual Fund"
    },
    "iti banking and financial services fund": {
        "before": [
            "CATEGORY OF SCHEME:",
            ""
        ],
        "sectoral/_thematic_fund": [
            ""
        ],
        "investment_objective": [
            "The investment objective of the scheme is to",
            "generate long-term capital appreciation from a",
            "portfolio that is invested predominantly in equity",
            "and equity related securities of companies",
            "engaged in banking and financial services.",
            "However, there can be no assurance that the",
            "investment objective of the scheme would be",
            "achieved.",
            ""
        ],
        "scheme_details": [
            "Inception Date",
            "(Date of Allotment):",
            "06-Dec-21",
            "Benchmark:",
            "Nifty Financial Services",
            "TRI",
            "Minimum  Application",
            "Rs. 5,000/- and  in",
            "Amount:",
            "multiples of  Rs. 1/-",
            "Load Structure:",
            "Entry Load:",
            "Nil",
            "Exit Load:",
            "\u00b7 1% if redeemed or",
            "switched out on or before completion of 12 months",
            "from the date of allotment of units",
            "\u00b7  Nil, if redeemed or switched out after completion",
            "of 12 months from the date of allotment of units.",
            "Total Expense Ratio (TER):",
            "Including Additional Expenses and Goods and",
            "Service Tax on Management Fees",
            "Regular Plan: 2.25%",
            "Direct Plan: 0.35%",
            ""
        ],
        "fund_manager": [
            "Mr. Nilay Dalal(Since 05 May 2023)",
            "Total Experience : 12 years",
            "Mr. Rohan Korde(Since 29-Apr-22)",
            "Total Experience: 17 years",
            ""
        ],
        "portfolio_details": [
            "AUM (in Rs. Cr):",
            "265.94",
            "AAUM (in Rs. Cr):",
            "262.84",
            "% of top 5 holdings:",
            "58.79%",
            "% of top 10 holdings:",
            "72.54%",
            "No. of scrips:",
            "30",
            ""
        ],
        "ratio": [
            "Standard Deviation^:",
            "13.99%",
            "Beta^:",
            "0.92",
            "Sharpe Ratio^*:",
            "0.20",
            "Average P/B",
            "4.02",
            "Average P/E",
            "15.76",
            "Portfolio Beta",
            "NA",
            "Portfolio Turnover Ratio",
            "1.41",
            "^Computed for the 3-yr period ended January 31, 2025.",
            "Based on monthly return. *Risk free rate: 6.65 (Source:",
            "FIMMDA MIBOR) (P/E ratio taken on net equity level)",
            ""
        ],
        "nav_as_on_january_31,_2025": [
            "Regular Plan",
            "Direct Plan",
            "(in Rs.)",
            "(in Rs.)",
            "Growth:",
            "13.2212",
            "14.1007",
            "IDCW:",
            "13.2212",
            "14.1007",
            ""
        ],
        "this_product_is_suitable": [
            ""
        ],
        "for_investors_who_are_seeking^": [
            "\u00b7",
            "Capital appreciation over long term",
            "\u00b7",
            "Investments in equity and equity related securities",
            "of companies engaged in banking and financial",
            "services",
            "^Investors should consult their financial advisers if in",
            "doubt about whether the product is suitable for them.",
            "Moderate",
            "Moderately",
            "Risk",
            "High Risk",
            "Low to",
            "Moderate Risk",
            "High Risk",
            "Very",
            "Low Risk",
            "High Risk",
            "RISKOMETER",
            "The risk of the scheme is very high",
            "Nifty Financial Services TRI",
            "Moderate",
            "Moderately",
            "Risk",
            "High Risk",
            "Low to",
            "Moderate Risk",
            "High Risk",
            "Very",
            "Low Risk",
            "High Risk",
            "RISKOMETER",
            "The risk of the benchmark is very high",
            ""
        ],
        "dummyyxzaoepzqdnmwhh": [
            ""
        ],
        "amc_name": "ITI Asset Management Limited",
        "main_scheme_name": "iti banking and financial services fund",
        "monthly_aaum_date": "28FEBRUARY2025",
        "page_number": [
            16
        ],
        "mutual_fund_name": "ITI Mutual Fund"
    },
    "iti flexi cap fund": {
        "before": [
            "CATEGORY OF SCHEME:",
            ""
        ],
        "flexi_cap_fund": [
            ""
        ],
        "investment_objective": [
            "The investment objective of the scheme is to",
            "generate long-term capital appreciation from a",
            "diversified portfolio that dynamically invests in",
            "equity and equity-related securities of companies",
            "across various market capitalisation. However,",
            "there can be no assurance that the investment",
            "objective of the scheme would be achieved.",
            ""
        ],
        "scheme_details": [
            "Inception Date",
            "(Date of Allotment):",
            "17-Feb-23",
            "Benchmark:",
            "Nifty 500 TRI",
            "Minimum  Application",
            "Rs. 5,000/- and  in",
            "Amount:",
            "multiples  of  Rs. 1/-",
            "Load Structure:",
            "Entry Load:",
            "Not Applicable",
            "Exit Load:",
            "\u00b7 1% if redeemed or",
            "switched out on or before completion of 12 months",
            "from the date of allotment of units;",
            "\u00b7  Nil, if redeemed or switched out after completion",
            "of 12 months from the date of allotment of units.",
            "Total Expense Ratio (TER):",
            "Including Additional Expenses and Goods and",
            "Service Tax on Management Fees",
            "Regular Plan: 1.97%",
            "Direct Plan: 0.15%",
            ""
        ],
        "fund_manager": [
            "Mr. Dhimant Shah(Since 17-Feb-2023)",
            "Total Experience : 26 years",
            "Mr. Rohan Korde(Since 17-Feb-2023)",
            "Total Experience: 17 years",
            ""
        ],
        "portfolio_details": [
            "AUM (in Rs. Cr):",
            "1,200.60",
            "AAUM (in Rs. Cr):",
            "1,235.40",
            "% of top 5 holdings:",
            "18.17%",
            "% of top 10 holdings:",
            "29.02%",
            "No. of scrips:",
            "77",
            ""
        ],
        "ratio": [
            "Standard Deviation^:",
            "NA",
            "Beta^:",
            "NA",
            "Sharpe Ratio^*:",
            "NA",
            "Average P/B",
            "7.24",
            "Average P/E",
            "28.05",
            "Portfolio Beta",
            "NA",
            "Portfolio Turnover Ratio",
            "0.95",
            "^Scheme has not completed 3 years hence NA",
            "* Risk free rate: 7.15 (Source: FIMMDA MIBOR)",
            ""
        ],
        "nav_as_on_january_31,_2025": [
            "Regular Plan",
            "Direct Plan",
            "(in Rs.)",
            "(in Rs.)",
            "Growth:",
            "16.3034",
            "16.8940",
            "IDCW:",
            "16.3034",
            "16.8940",
            ""
        ],
        "this_product_is_suitable": [
            ""
        ],
        "for_investors_who_are_seeking^": [
            "\u00b7",
            "Capital appreciation over long term",
            "\u00b7",
            "Investments in a diversified portfolio consisting of",
            "equity and equity related instruments across",
            "market capitalization",
            "^Investors should consult their financial advisers if in",
            "doubt about whether the product is suitable for them.",
            "Moderate",
            "Moderately",
            "Risk",
            "High Risk",
            "Low to",
            "Moderate Risk",
            "High Risk",
            "Very",
            "Low Risk",
            "High Risk",
            "RISKOMETER",
            "The risk of the scheme is very high",
            "Nifty 500 TRI",
            "Moderate",
            "Moderately",
            "Risk",
            "High Risk",
            "Low to",
            "Moderate Risk",
            "High Risk",
            "Very",
            "Low Risk",
            "High Risk",
            "RISKOMETER",
            "The risk of the benchmark is very high",
            ""
        ],
        "dummyoeqbnkvdwpuspax": [
            ""
        ],
        "amc_name": "ITI Asset Management Limited",
        "main_scheme_name": "iti flexi cap fund",
        "monthly_aaum_date": "28FEBRUARY2025",
        "page_number": [
            17
        ],
        "mutual_fund_name": "ITI Mutual Fund"
    },
    "iti focused equity fund": {
        "before": [
            "CATEGORY OF SCHEME:",
            ""
        ],
        "focused_fund": [
            ""
        ],
        "investment_objective": [
            "The investment objective of the scheme is to seek",
            "to generate long term capital appreciation by",
            "investing in a concentrated portfolio of equity &",
            "equity related instruments of upto 30 companies",
            "across market capitalization. However, there can",
            "be no assurance that the investment objective of",
            "the scheme would be achieved.",
            ""
        ],
        "scheme_details": [
            "Inception Date",
            "(Date of Allotment):",
            "19-June-23",
            "Benchmark:",
            "Nifty 500 TRI",
            "Minimum  Application",
            "Rs. 5,000/- and  in",
            "Amount:",
            "multiples  of  Rs. 1/-",
            "Load Structure:",
            "Entry Load:",
            "Not Applicable",
            "Exit Load:",
            "\u00b7 1% if redeemed or",
            "switched out on or before completion of 12 months",
            "from the date of allotment of units;",
            "\u00b7  Nil, if redeemed or switched out after completion",
            "of 12 months from the date of allotment of units.",
            "Total Expense Ratio (TER):",
            "Including Additional Expenses and Goods and",
            "Service Tax on Management Fees",
            "Regular Plan: 2.20%",
            "Direct Plan: 0.54%",
            ""
        ],
        "fund_manager": [
            "Mr. Dhimant Shah(Since 19-June-2023)",
            "Total Experience : 26 years",
            "Mr. Rohan Korde(Since 19-June-2023)",
            "Total Experience: 17 years",
            ""
        ],
        "portfolio_details": [
            "AUM (in Rs. Cr):",
            "482.56",
            "AAUM (in Rs. Cr):",
            "489.89",
            "% of top 5 holdings:",
            "24.31%",
            "% of top 10 holdings:",
            "43.50%",
            "No. of scrips:",
            "30",
            ""
        ],
        "ratio": [
            "Standard Deviation^:",
            "NA",
            "Beta^:",
            "NA",
            "Sharpe Ratio^*:",
            "NA",
            "Average P/B",
            "9.86",
            "Average P/E",
            "29.78",
            "Portfolio Beta",
            "NA",
            "Portfolio Turnover Ratio",
            "0.90",
            "^Scheme has not completed 3 years hence NA",
            "* Risk free rate: 6.65 (Source: FIMMDA MIBOR)",
            ""
        ],
        "nav_as_on_january_31,_2025": [
            "Regular Plan",
            "Direct Plan",
            "(in Rs.)",
            "(in Rs.)",
            "Growth:",
            "13.8413",
            "14.2743",
            "IDCW:",
            "13.8413",
            "14.2743",
            ""
        ],
        "this_product_is_suitable": [
            ""
        ],
        "for_investors_who_are_seeking^": [
            "\u00b7",
            "Capital appreciation over long term",
            "\u00b7",
            "Investments in a concentrated portfolio of equity",
            "& equity related instruments of up to 30",
            "companies",
            "^Investors should consult their financial advisers if in",
            "doubt about whether the product is suitable for them.",
            "Moderate",
            "Moderately",
            "Risk",
            "High Risk",
            "Low to",
            "Moderate Risk",
            "High Risk",
            "Very",
            "Low Risk",
            "High Risk",
            "RISKOMETER",
            "The risk of the scheme is very high",
            "Nifty 500 TRI",
            "Moderate",
            "Moderately",
            "Risk",
            "High Risk",
            "Low to",
            "Moderate Risk",
            "High Risk",
            "Very",
            "Low Risk",
            "High Risk",
            "RISKOMETER",
            "The risk of the benchmark is very high",
            ""
        ],
        "dummypoaimqdmjslawer": [
            ""
        ],
        "amc_name": "ITI Asset Management Limited",
        "main_scheme_name": "iti focused equity fund",
        "monthly_aaum_date": "28FEBRUARY2025",
        "page_number": [
            18
        ],
        "mutual_fund_name": "ITI Mutual Fund"
    },
    "iti large & mid cap fund": {
        "before": [
            "CATEGORY OF SCHEME:",
            ""
        ],
        "large_&_mid_cap_fund": [
            ""
        ],
        "investment_objective": [
            "The investment objective of the Scheme is to seek",
            "to generate long term capital appreciation by",
            "investing in equity and equity related securities of",
            "large cap & mid cap stocks. However, there can be",
            "no assurance that the investment objective of the",
            "scheme would be achieved.",
            ""
        ],
        "scheme_details": [
            "Inception Date",
            "(Date of Allotment):",
            "Sept 11, 2024",
            "Benchmark:",
            "NIFTY Large Midcap",
            "250 TRI",
            "Minimum  Application",
            "Rs. 5,000/- and  in",
            "Amount:",
            "multiples  of  Rs. 1/-",
            "Load Structure:",
            "Entry Load:",
            "Nil",
            "Exit Load*:",
            "\u00b7",
            "0.50% if redeemed or switched out on or",
            "before completion of 3 months from the",
            "date of allotment of units",
            "\u00b7",
            "Nil, if redeemed or switched out after",
            "completion of 3 months from the date of",
            "allotment of units. No Entry / Exit Load shall",
            "be levied on units allotted on Reinvestment",
            "of Income Distribution cum Capital",
            "Withdrawal Option. In respect of Systematic",
            "Transactions such as SIP, STP, SWP, Exit Load,",
            "if any, prevailing on the date of registration /",
            "enrolment for SIP/STP/SWP shall be levied",
            "for all the opted installments. Redemption of",
            "units would be done on First in First out Basis",
            "(FIFO). *The entire Exit Load, net of Goods &",
            "service tax, shall be credited to the Scheme",
            "Total Expense Ratio (TER):",
            "Including Additional Expenses and Goods and",
            "Service Tax on Management Fees",
            "Regular Plan: 2.11%",
            "Direct Plan: 0.37%",
            ""
        ],
        "fund_manager": [
            "Mr. Alok Ranjan(Since 04-Nov-24)",
            "Total Experience : 25 years",
            "Mr. Rohan Korde(Since 11-Sept-24)",
            "Total Experience: 17 years",
            ""
        ],
        "portfolio_details": [
            "AUM (in Rs. Cr):",
            "783.37",
            "AAUM (in Rs. Cr):",
            "791.94",
            "% of top 5 holdings:",
            "14.41%",
            "% of top 10 holdings:",
            "25.53%",
            "No. of scrips:",
            "84",
            ""
        ],
        "ratio": [
            "Standard Deviation^:",
            "NA",
            "Beta^:",
            "NA",
            "Sharpe Ratio^*:",
            "NA",
            "Average P/B",
            "8.39",
            "Average P/E",
            "28.64",
            "Portfolio Beta",
            "NA",
            "Portfolio Turnover Ratio",
            "^Scheme has not completed 3 years hence NA",
            "* Risk free rate: 6.65 (Source: FIMMDA MIBOR)",
            ""
        ],
        "nav_as_on_january_31,_2025": [
            "Regular Plan",
            "Direct Plan",
            "(in Rs.)",
            "(in Rs.)",
            "Growth:",
            "9.0319",
            "9.0963",
            "IDCW:",
            "9.0319",
            "9.0963",
            ""
        ],
        "this_product_is_suitable": [
            ""
        ],
        "for_investors_who_are_seeking^": [
            "\u00b7",
            "Capital appreciation over long term",
            "\u00b7",
            "Investments in equity and equity related",
            "instruments of large cap and mid cap companies",
            "^Investors should consult their financial advisers if in",
            "doubt about whether the product is suitable for them.",
            "Moderate",
            "Moderately",
            "Risk",
            "High Risk",
            "Low to",
            "Moderate Risk",
            "High Risk",
            "Very",
            "Low Risk",
            "High Risk",
            "RISKOMETER",
            "The risk of the scheme is very high",
            "[As per AMFI, Tier I Benchmark is NIFTY",
            "LARGE - MIDCAP 250 Index (TRI)]",
            "Moderate",
            "Moderately",
            "Risk",
            "High Risk",
            "Low to",
            "Moderate Risk",
            "High Risk",
            "Very",
            "Low Risk",
            "High Risk",
            "RISKOMETER",
            "The risk of the benchmark is very high",
            ""
        ],
        "dummyyjrplpdvbukjcjx": [
            ""
        ],
        "amc_name": "ITI Asset Management Limited",
        "main_scheme_name": "iti large & mid cap fund",
        "monthly_aaum_date": "28FEBRUARY2025",
        "page_number": [
            19
        ],
        "mutual_fund_name": "ITI Mutual Fund"
    },
    "iti balanced advantage fund": {
        "before": [
            "CATEGORY OF SCHEME:",
            ""
        ],
        "balanced_advantage_fund": [
            ""
        ],
        "investment_objective": [
            "The investment objective of the Scheme is to seek",
            "capital appreciation by investing in equity and",
            "equity related securities and fixed income",
            "instruments. The allocation between equity",
            "instruments and fixed income will be managed",
            "dynamically so as to provide investors with long",
            "term capital appreciation. However, there can be",
            "no assurance that the investment objective of the",
            "scheme will be realized.",
            ""
        ],
        "scheme_details": [
            "Inception Date",
            "(Date of Allotment):",
            "31-Dec-19",
            "Benchmark:",
            "Nifty 50 Hybrid",
            "Composite",
            "Debt 50:50 Index",
            "Minimum Application",
            "Rs. 5,000/- and in",
            "Amount:",
            "multiples of Rs. 1/-",
            "Load Structure:",
            "Entry Load:",
            "Nil",
            "Exit Load:",
            "\u00b7   10% of the units allotted",
            "may be redeemed without any exit load, on or before",
            "completion of 3 months from the date of allotment of units.",
            "Any redemption in excess of such limit in the first 3 months",
            "from the date of allotment shall be subject to the following exit",
            "load  i. 1% if redeemed or switched out on or before",
            "completion of 3 months from the date of allotment of units ii.",
            "Nil, if redeemed or switched out after completion of 3 months",
            "from the date of allotment of units.",
            "Total Expense Ratio (TER):",
            "Including Additional Expenses and Goods and Service Tax on",
            "Management Fees",
            "Regular Plan: 2.25%",
            "Direct Plan: 0.51%",
            ""
        ],
        "fund_manager": [
            "Mr. Rajesh Bhatia(Since 15-Sep-23)",
            "Total Experience: 31 years",
            "Mr. Rohan Korde* (Since 14-Nov-24)",
            "Total experience: 17 years",
            ""
        ],
        "portfolio_details": [
            "AUM (in Rs. Cr):",
            "378.30",
            "AAUM (in Rs. Cr):",
            "380.87",
            "% of top 5 holdings:",
            "22.76%",
            "% of top 10 holdings:",
            "35.15%",
            "No. of scrips:",
            "41",
            ""
        ],
        "debt_attributions_for_fixed": [
            ""
        ],
        "income_portion": [
            "Average Maturity:",
            "0.04 Years",
            "Macaulay Duration:",
            "0.04 Years",
            "Modified Duration:",
            "0.04 Years",
            "Yield To Maturity",
            "(Regular & Direct) Plans :",
            "6.46%",
            ""
        ],
        "ratio": [
            "Standard Deviation^:",
            "7.49%",
            "Beta^:",
            "0.90",
            "Sharpe Ratio^*:",
            "0.16",
            "Average P/B:",
            "4.16",
            "Average P/E:",
            "30.55",
            "Portfolio Turnover Ratio",
            "6.93",
            "^Computed for the 3-yr period ended January 31, 2025.",
            "Based on monthly return. * Risk free rate: 6.65",
            "(Source: FIMMDA MIBOR)",
            ""
        ],
        "nav_as_on_january_31,_2025": [
            "Regular Plan",
            "Direct Plan",
            "(in Rs.)",
            "(in Rs.)",
            "Growth:",
            "13.7597",
            "15.2300",
            "IDCW:",
            "12.4400",
            "13.8966",
            ""
        ],
        "this_product_is_suitable": [
            ""
        ],
        "for_investors_who_are_seeking^": [
            "\u00b7",
            "Capital appreciation while generating income over",
            "medium to long term",
            "\u00b7",
            "Dynamic Asset allocation between equity, equity related",
            "Instruments and fixed income instruments so as to provide",
            "with long term capital appreciation",
            "^Investors should consult their financial advisers if in doubt",
            "about whether the product is suitable for them.",
            "Moderate",
            "Moderately",
            "Risk",
            "High Risk",
            "Low to",
            "Moderate Risk",
            "High Risk",
            "Very",
            "Low Risk",
            "High Risk",
            "RISKOMETER",
            "The risk of the benchmark is Very high",
            "Nifty 50 Hybrid Composite",
            "Debt 50:50 Index",
            "Moderate",
            "Moderately",
            "Risk",
            "High Risk",
            "Low to",
            "Moderate Risk",
            "High Risk",
            "Very",
            "Low Risk",
            "High Risk",
            "RISKOMETER",
            "The risk of the benchmark is high",
            ""
        ],
        "dummysbqefvbgrtceuie": [
            ""
        ],
        "amc_name": "ITI Asset Management Limited",
        "main_scheme_name": "iti balanced advantage fund",
        "monthly_aaum_date": "28FEBRUARY2025",
        "page_number": [
            20
        ],
        "mutual_fund_name": "ITI Mutual Fund"
    },
    "iti arbitrage fund": {
        "before": [
            "CATEGORY OF SCHEME:",
            ""
        ],
        "arbitrage_fund": [
            ""
        ],
        "investment_objective": [
            "The investment objective of the Scheme is to",
            "generate income by predominantly investing in",
            "arbitrage opportunities in the cash and the",
            "derivative segments of the equity markets and the",
            "arbitrage opportunities available within the",
            "derivative segment and by investing the balance in",
            "debt and money market instruments. However,",
            "there is no assurance that the investment",
            "objective of the scheme will be realized.",
            ""
        ],
        "scheme_details": [
            "Inception Date",
            "(Date of Allotment):",
            "09-Sep-19",
            "Benchmark:",
            "Nifty 50 Arbitrage",
            "Minimum Application",
            "Rs. 5,000/- and in multiples",
            "Amount:",
            "of Rs. 1/- thereafter",
            "Load Structure:",
            "Entry Load:",
            "Nil",
            "Exit Load:",
            "If the Units are redeemed",
            "/ switched out on or",
            "before 30 days from the",
            "date of allotment -",
            "0.25%. If the Units are",
            "redeemed /switched out",
            "after 30 days from the",
            "date of allotment - NIL",
            "Total Expense Ratio (TER):",
            "Including Additional Expenses and Goods and",
            "Service Tax on Management Fees",
            "Regular Plan: 0.92%",
            "Direct Plan: 0.20%",
            ""
        ],
        "fund_manager": [
            "Mr. Rajesh Bhatia(Since 15-Nov-24)",
            "Total Experience: 31 years",
            "Mr Vikas Nathani(Since 01-Jan-24)",
            "Total Experience: 18 years",
            "Mr. Rohan Korde*(Since 15-Nov-24)",
            "Total Experience: 17 years",
            ""
        ],
        "portfolio_details": [
            "AUM (in Rs. Cr):",
            "43.18",
            "AAUM (in Rs. Cr):",
            "40.16",
            ""
        ],
        "quantitative_data": [
            "Average Maturity:",
            "Macaulay Duration:",
            "Modified Duration:",
            "Yield To Maturity",
            "(Regular & Direct) Plans :",
            ""
        ],
        "ratio": [
            "Standard Deviation:",
            "0.75%",
            "Beta:",
            "0.26",
            "Sharpe Ratio*:",
            "-1.56",
            "* Risk free rate: 6.65 (Source: FIMMDA MIBOR)",
            ""
        ],
        "nav_as_on_january_31,_2025": [
            "Regular Plan",
            "Direct Plan",
            "(in Rs.)",
            "(in Rs.)",
            "Growth:",
            "12.6039",
            "13.1240",
            "IDCW:",
            "12.6039",
            "13.1240",
            ""
        ],
        "this_product_is_suitable": [
            ""
        ],
        "for_investors_who_are_seeking^": [
            "\u00b7",
            "To generate income by predominantly investing in",
            "arbitrage opportunities",
            "\u00b7",
            "Investments predominantly in arbitrage opportunities in",
            "the cash and derivative segments of the equity markets",
            "and the arbitrage opportunities available within the",
            "derivative segment and by investing the balance in debt",
            "and money market instruments",
            "^Investors should consult their financial advisers if in doubt",
            "about whether the product is suitable for them.",
            "Moderate",
            "Moderately",
            "Risk",
            "High Risk",
            "Low to",
            "Moderate Risk",
            "High Risk",
            "Very",
            "Low Risk",
            "High Risk",
            "RISKOMETER",
            "The risk of the scheme is low",
            "Nifty 50 Arbitrage Index",
            "Moderate",
            "Moderately",
            "Risk",
            "High Risk",
            "Low to",
            "Moderate Risk",
            "High Risk",
            "Very",
            "Low Risk",
            "High Risk",
            "RISKOMETER",
            "The risk of the benchmark is low",
            ""
        ],
        "dummyfupsgdtddnkcfxy": [
            ""
        ],
        "amc_name": "ITI Asset Management Limited",
        "main_scheme_name": "iti arbitrage fund",
        "monthly_aaum_date": "28FEBRUARY2025",
        "page_number": [
            21
        ],
        "mutual_fund_name": "ITI Mutual Fund"
    },
    "iti overnight fund": {
        "before": [
            "CATEGORY OF SCHEME:",
            ""
        ],
        "overnight_fund": [
            ""
        ],
        "investment_objective": [
            "The investment objective of the Scheme is to",
            "provide reasonable returns commensurate with",
            "low risk and providing a high level of liquidity,",
            "through investments made primarily in overnight",
            "securities having maturity of 1 business day.",
            "However there can be no assurance or guarantee",
            "that the investment objective of the scheme",
            "would be achieved.",
            ""
        ],
        "scheme_details": [
            "Inception Date",
            "(Date of Allotment):",
            "25-Oct-19",
            "Benchmark:",
            "CRISIL Liquid",
            "Overnight  Index",
            "Minimum Application",
            "Rs. 5,000/- and in",
            "Amount:",
            "multiples of Rs. 1/-",
            "Load Structure:",
            "Entry Load:",
            "Nil",
            "Exit Load:",
            "Nil",
            "Total Expense Ratio (TER):",
            "Including Additional Expenses and Goods and",
            "Service Tax on Management Fees",
            "Regular Plan: 0.18%",
            "Direct Plan: 0.08%",
            ""
        ],
        "fund_manager": [
            "Mr. Rajesh Bhatia*(Since 15-Nov-2024)",
            "Total Experience: 31 years",
            ""
        ],
        "portfolio_details": [
            "AUM (in Rs. Cr):",
            "18.29",
            "AAUM (in Rs. Cr):",
            "16.93",
            ""
        ],
        "quantitative_data": [
            "Average Maturity:",
            "3 Days",
            "Macaulay Duration:",
            "3 Days",
            "Modified Duration:",
            "3 Days",
            "Yield To Maturity",
            "(Regular & Direct) Plans : 6.60%",
            ""
        ],
        "nav_as_on_january_31,_2025": [
            "Regular Plan",
            "Direct Plan",
            "(in Rs.)",
            "(in Rs.)",
            "Growth",
            "1,275.6646",
            "1,282.5237",
            "Daily IDCW",
            "1,001.0000",
            "NA",
            "Weekly IDCW",
            "1,001.5090",
            "NA",
            "Fortnightly IDCW",
            "1,001.5185",
            "NA",
            "Monthly IDCW",
            "1,001.0714",
            "1,001.5160",
            "Annual IDCW",
            "1,196.1956",
            "NA",
            ""
        ],
        "this_product_is_suitable": [
            ""
        ],
        "for_investors_who_are_seeking^": [
            "\u00b7",
            "Regular income with low risk and high level of",
            "liquidity",
            "\u00b7",
            "Investment in money market and debt",
            "instruments with overnight maturity",
            "^Investors should consult their financial advisers if in",
            "doubt about whether the product is suitable for them.",
            "Moderate",
            "Moderately",
            "Risk",
            "High Risk",
            "Low to",
            "Moderate Risk",
            "High Risk",
            "Very",
            "Low Risk",
            "High Risk",
            "RISKOMETER",
            "The risk of the scheme is low",
            "CRISIL Liquid Overnight Index",
            "Moderate",
            "Moderately",
            "Risk",
            "High Risk",
            "Low to",
            "Moderate Risk",
            "High Risk",
            "Very",
            "Low Risk",
            "High Risk",
            "RISKOMETER",
            "The risk of the benchmark is low",
            ""
        ],
        "dummylcoahannlhuujxt": [
            ""
        ],
        "amc_name": "ITI Asset Management Limited",
        "main_scheme_name": "iti overnight fund",
        "monthly_aaum_date": "28FEBRUARY2025",
        "page_number": [
            22
        ],
        "mutual_fund_name": "ITI Mutual Fund"
    },
    "iti liquid fund": {
        "before": [
            "CATEGORY OF SCHEME:",
            ""
        ],
        "liquid_fund": [
            ""
        ],
        "investment_objective": [
            "The investment objective of the Scheme is to",
            "provide reasonable returns, commensurate with",
            "low risk while providing a high level of liquidity,",
            "through a portfolio of money market and debt",
            "securities. However, there can be no assurance",
            "that the investment objective of the scheme will",
            "be realised.",
            ""
        ],
        "scheme_details": [
            "Inception Date",
            "(Date of Allotment): 24-Apr-19",
            "Benchmark:",
            "CRISIL Liquid Debt A-I Index",
            "Minimum ApplicationRs. 5,000/- and in multiples",
            "Amount:",
            "of Rs. 1/- thereafter",
            "Load Structure:",
            "Entry Load:",
            "Nil",
            "Exit Load:",
            "Investor exit upon",
            "subscription",
            "Exit Load %",
            "Up to Day 1",
            "0.0070%",
            "Day 2",
            "0.0065%",
            "Day 3",
            "0.0060%",
            "Day 4",
            "0.0055%",
            "Day 5",
            "0.0050%",
            "Day 6",
            "0.0045%",
            "Day 7 onwards 0.0000%",
            "Total Expense Ratio (TER):",
            "Including Additional Expenses and Goods and",
            "Service Tax on Management Fees",
            "Regular Plan: 0.25%",
            "Direct Plan: 0.09%",
            ""
        ],
        "fund_manager": [
            "Mr. Rajesh Bhatia*(Since 15-Nov-2024)",
            "Total Experience: 31 years",
            ""
        ],
        "portfolio_details": [
            "AUM (in Rs. Cr):",
            "80.55",
            "AAUM (in Rs. Cr):",
            "79.53",
            ""
        ],
        "quantitative_data": [
            "Average Maturity:",
            "23 Days",
            "Macaulay Duration:",
            "23 Days",
            "Modified Duration:",
            "23 Days",
            "Yield To Maturity",
            "(Regular & Direct) Plans : 7.03%",
            ""
        ],
        "nav_as_on_january_31,_2025": [
            "Regular Plan Direct Plan",
            "(in Rs.)",
            "(in Rs.)",
            "Growth",
            "1,323.0494",
            "1,333.4366",
            "Daily IDCW",
            "1,001.0000",
            "1,001.0000",
            "Weekly IDCW",
            "1,001.5610",
            "1,001.5745",
            "Fortnightly IDCW",
            "1,001.5599",
            "NA",
            "Monthly IDCW",
            "1,001.5385",
            "1,001.5739",
            "Annual IDCW",
            "1,329.8158",
            "1,334.8942",
            ""
        ],
        "this_product_is_suitable": [
            ""
        ],
        "for_investors_who_are_seeking^": [
            "\u00b7",
            "Income over short term.",
            "\u00b7",
            "Investment in money market and debt",
            "instruments.",
            "^Investors should consult their financial advisers if in",
            "doubt about whether the product is suitable for them.",
            "Moderate",
            "Moderately",
            "Risk",
            "High Risk",
            "Low to",
            "Moderate Risk",
            "High Risk",
            "Very",
            "Low Risk",
            "High Risk",
            "RISKOMETER",
            "The risk of the scheme is low to moderate",
            "CRISIL Liquid Debt A-I Index",
            "Moderate",
            "Moderately",
            "Risk",
            "High Risk",
            "Low to",
            "Moderate Risk",
            "High Risk",
            "Very",
            "Low Risk",
            "High Risk",
            "RISKOMETER",
            "The risk of the benchmark is low to moderate",
            ""
        ],
        "dummymqoxgqrkelvadxe": [
            ""
        ],
        "amc_name": "ITI Asset Management Limited",
        "main_scheme_name": "iti liquid fund",
        "monthly_aaum_date": "28FEBRUARY2025",
        "page_number": [
            23
        ],
        "mutual_fund_name": "ITI Mutual Fund"
    },
    "iti ultra short duration fund": {
        "before": [
            "y",
            "CATEGORY OF SCHEME:",
            "Ultra Short Duration Fund",
            ""
        ],
        "investment_objective": [
            "The investment objective of the Scheme is to",
            "generate regular income and capital appreciation",
            "through investment in a portfolio of short term",
            "debt & money market instruments such that the",
            "Macaulay duration of the portfolio is between 3 -",
            "6 months. However, there can be no assurance or",
            "guarantee that the investment objective of the",
            "scheme would be achieved.",
            ""
        ],
        "scheme_details": [
            "Inception Date",
            "(Date of Allotment):",
            "05-May-2021",
            "Benchmark:",
            "CRISIL Ultra Short",
            "Duration Debt A-I",
            "Index",
            "Minimum Application",
            "Rs. 5,000/- and in",
            "Amount:",
            "multiples  of Rs. 1/-",
            "Load Structure:",
            "Entry Load:",
            "Nil",
            "Exit Load:",
            "Nil",
            "Total Expense Ratio (TER):",
            "Including Additional Expenses and Goods and",
            "Service Tax on Management Fees",
            "Regular Plan: 0.95%",
            "Direct Plan: 0.13%",
            ""
        ],
        "fund_manager": [
            "Mr. Rajesh Bhatia*(Since 15-Nov-2024)",
            "Total Experience: 31 years",
            ""
        ],
        "portfolio_details": [
            "AUM (in Rs. Cr):",
            "317.43",
            "AAUM (in Rs. Cr):",
            "258.93",
            ""
        ],
        "quantitative_data": [
            "Average Maturity:",
            "117 Days",
            "Macaulay Duration:",
            "115 Days",
            "Modified Duration:",
            "111 Days",
            "Yield To Maturity",
            "(Regular & Direct) Plans : 7.26%",
            ""
        ],
        "nav_as_on_january_31,_2025": [
            "Regular Plan Direct Plan",
            "(in Rs.)",
            "(in Rs.)",
            "Growth",
            "1,202.0754",
            "1,240.8334",
            "Daily IDCW",
            "1,001.1748",
            "NA",
            "Weekly IDCW",
            "1,002.8943",
            "NA",
            "Fortnightly IDCW",
            "1,001.8909",
            "NA",
            "Monthly IDCW",
            "1,001.8954",
            "NA",
            "Annual IDCW",
            "1,202.1224",
            "1,242.4063",
            ""
        ],
        "this_product_is_suitable": [
            ""
        ],
        "for_investors_who_are_seeking^": [
            "\u00b7",
            "Regular income over short term",
            "\u00b7",
            "Investments in debt and money market",
            "instruments, such that the Macaulay duration of",
            "the portfolio is between 3 months - 6 months.",
            "^Investors should consult their financial advisers if",
            "in doubt about whether the product is suitable for",
            "them.",
            "Moderate",
            "Moderately",
            "Risk",
            "High Risk",
            "Low to",
            "Moderate Risk",
            "High Risk",
            "Very",
            "Low Risk",
            "High Risk",
            "RISKOMETER",
            "The risk of the scheme is low to moderate",
            "CRISIL Ultra Short Duration",
            "Debt A-I Index",
            "Moderate",
            "Moderately",
            "Risk",
            "High Risk",
            "Low to",
            "Moderate Risk",
            "High Risk",
            "Very",
            "Low Risk",
            "High Risk",
            "RISKOMETER",
            "The risk of the benchmark is low to moderate",
            ""
        ],
        "dummyqlstakeyiwsbyin": [
            ""
        ],
        "amc_name": "ITI Asset Management Limited",
        "main_scheme_name": "iti ultra short duration fund",
        "monthly_aaum_date": "28FEBRUARY2025",
        "page_number": [
            24
        ],
        "mutual_fund_name": "ITI Mutual Fund"
    },
    "iti banking & psu debt fund": {
        "before": [
            "CATEGORY OF SCHEME:",
            "Banking and PSU Fund",
            ""
        ],
        "investment_objective": [
            "The investment objective of the Scheme is to",
            "generate income / capital appreciation through",
            "investments in debt and money market",
            "instruments consisting predominantly of",
            "securities issued by entities such as Scheduled",
            "Commercial Banks (SCBs), Public Sector",
            "undertakings (PSUs), Public Financial Institutions",
            "(PFIs) and Municipal Bonds. However, there can",
            "be no assurance or guarantee that the investment",
            "objective of the scheme would be achieved.",
            ""
        ],
        "scheme_details": [
            "Inception Date",
            "(Date of Allotment):",
            "22-Oct-20",
            "Benchmark:",
            "CRISIL Banking and PSU",
            "Debt A-II Index",
            "Minimum Application",
            "Rs. 5,000/- and in multiples",
            "Amount:",
            "of Rs. 1/- thereafter",
            "Load Structure:",
            "Entry Load:",
            "Nil",
            "Exit Load:",
            "Nil",
            "Total Expense Ratio (TER):",
            "Including Additional Expenses and Goods and",
            "Service Tax on Management Fees",
            "Regular Plan: 0.70%",
            "Direct Plan: 0.15%",
            ""
        ],
        "fund_manager": [
            "Mr. Rajesh Bhatia*(Since 15-Nov-2024)",
            "Total Experience: 31 years",
            ""
        ],
        "portfolio_details": [
            "AUM (in Rs. Cr):",
            "30.73",
            "AAUM (in Rs. Cr):",
            "30.59",
            ""
        ],
        "quantitative_data": [
            "Average Maturity:",
            "2.07 Years",
            "Macaulay Duration:",
            "1.63 Years",
            "Modified Duration:",
            "1.57 Years",
            "Yield To Maturity",
            "(Regular & Direct) Plans :7.32%",
            ""
        ],
        "nav_as_on_january_31,_2025": [
            "Regular Plan",
            "Direct Plan",
            "(in Rs.)",
            "(in Rs.)",
            "Growth:",
            "12.5801",
            "12.8802",
            "IDCW:",
            "12.5811",
            "12.8807",
            ""
        ],
        "this_product_is_suitable": [
            ""
        ],
        "for_investors_who_are_seeking^": [
            "\u00b7",
            "Regular income over short to medium term",
            "\u00b7",
            "Investments in debt and money market",
            "instruments, consisting predominantly of",
            "securities issued by Banks, Public Sector",
            "undertakings, Public Financial Institutions &",
            "Municipal Bonds",
            "^Investors should consult their financial advisers if",
            "in doubt about whether the product is suitable for",
            "them.",
            "Moderate",
            "Moderately",
            "Risk",
            "High Risk",
            "Low to",
            "Moderate Risk",
            "High Risk",
            "Very",
            "Low Risk",
            "High Risk",
            "RISKOMETER",
            "The risk of the scheme is low to moderate",
            "CRISIL Banking and PSU Debt A-II Index",
            "Moderate",
            "Moderately",
            "Risk",
            "High Risk",
            "Low to",
            "Moderate Risk",
            "High Risk",
            "Very",
            "Low Risk",
            "High Risk",
            "RISKOMETER",
            "The risk of the benchmark is moderate",
            ""
        ],
        "dummyqptkfuihrkxlzgn": [
            ""
        ],
        "amc_name": "ITI Asset Management Limited",
        "main_scheme_name": "iti banking & psu debt fund",
        "monthly_aaum_date": "28FEBRUARY2025",
        "page_number": [
            25
        ],
        "mutual_fund_name": "ITI Mutual Fund"
    },
    "iti dynamic bond fund": {
        "before": [
            "CATEGORY OF SCHEME:",
            "Dynamic Bond Fund",
            ""
        ],
        "investment_objective": [
            "The investment objective of the Scheme is to",
            "maximize returns through an active management",
            "of a portfolio comprising of debt and money",
            "market instruments. However, there can be no",
            "assurance or guarantee that the investment",
            "objective of the scheme would be achieved.",
            ""
        ],
        "scheme_details": [
            "Inception Date",
            "(Date of Allotment):",
            "14-Jul-21",
            "Benchmark:",
            "CRISIL Dynamic Bond",
            "A-III Index",
            "Minimum Application",
            "Rs. 5,000/- and in",
            "Amount:",
            "multiples  of Re. 1/-",
            "Load Structure:",
            "Entry Load:",
            "Nil",
            "Exit Load:",
            "Nil",
            "Total Expense Ratio (TER):",
            "Including Additional Expenses and Goods and",
            "Service Tax on Management Fees",
            "Regular Plan: 1.19%",
            "Direct Plan: 0.14%",
            ""
        ],
        "fund_manager": [
            "Mr. Rajesh Bhatia*(Since 15-Nov-2024)",
            "Total Experience: 31 years",
            ""
        ],
        "portfolio_details": [
            "AUM (in Rs. Cr):",
            "47.38",
            "AAUM (in Rs. Cr):",
            "50.60",
            ""
        ],
        "quantitative_data": [
            "Average Maturity:",
            "8.46 Years",
            "Macaulay Duration:",
            "6.22 Years",
            "Modified Duration:",
            "6.02 Years",
            "Yield To Maturity",
            "(Regular & Direct) Plans : 7.43%",
            ""
        ],
        "nav_as_on_january_31,_2025": [
            "Regular Plan",
            "Direct Plan",
            "(in Rs.)",
            "(in Rs.)",
            "Growth",
            "12.2228",
            "12.6927",
            "Half Yearly IDCW",
            "12.2248",
            "Monthly IDCW",
            "10.0550",
            "10.1820",
            "Annual IDCW",
            "12.2228",
            "12.6926",
            "Quarterly IDCW",
            "12.2240",
            "12.7145",
            ""
        ],
        "this_product_is_suitable": [
            ""
        ],
        "for_investors_who_are_seeking^": [
            "\u00b7",
            "Regular income over medium to long term",
            "\u00b7",
            "Investment in Debt and Money Market",
            "Securities with flexible maturity profile of",
            "securities depending on the prevailing market",
            "condition.",
            "^Investors should consult their financial advisers if",
            "in doubt about whether the product is suitable for",
            "them.",
            "Moderate",
            "Moderately",
            "Risk",
            "High Risk",
            "Low to",
            "Moderate Risk",
            "High Risk",
            "Very",
            "Low Risk",
            "High Risk",
            "RISKOMETER",
            "The risk of the scheme is moderate",
            "CRISIL Dynamic Bond A-III Index",
            "Moderate",
            "Moderately",
            "Risk",
            "High Risk",
            "Low to",
            "Moderate Risk",
            "High Risk",
            "Very",
            "Low Risk",
            "High Risk",
            "RISKOMETER",
            "The risk of the benchmark is moderate",
            ""
        ],
        "dummyjdgywwdssnvfcao": [
            ""
        ],
        "amc_name": "ITI Asset Management Limited",
        "main_scheme_name": "iti dynamic bond fund",
        "monthly_aaum_date": "28FEBRUARY2025",
        "page_number": [
            26
        ],
        "mutual_fund_name": "ITI Mutual Fund"
    }
}