{
    "zerodha nifty largemidcap": {
        "before": [
            "An open-ended scheme tracking Nifty LargeMidcap 250 Index",
            "as on 31 Jan 2025",
            ""
        ],
        "scheme_details": [
            "Launched: 8th Nov 2023",
            "Min. Investment: \u00b7100",
            "Expense Ratio: 0.27%",
            "Exit Load: 0%",
            "Benchmark: Nifty LargeMidcap 250 Index-TRI",
            "NAV: \u00b712.8209",
            ""
        ],
        "fund_size": [
            "Month end AUM: \u00b7763.17 Cr",
            "Monthly average AUM: \u00b7750.68 Cr",
            "Quarterly average AUM: \u00b7688.55 Cr",
            ""
        ],
        "investment_objective": [
            "The investment objective of the scheme is to invest in stocks comprising the Nifty LargeMidcap 250",
            "Index in the same proportion as in the index to achieve returns equivalent to the Total Return",
            "Index of Nifty LargeMidcap 250 Index (subject to tracking error).",
            ""
        ],
        "past_performance": [
            "Scheme CAGR",
            "Benchmark",
            "Period",
            "Scheme(\u00b7)",
            "Benchamark(\u00b7)",
            "(%)",
            "CAGR (%)",
            "Last 1 year",
            "10.93",
            "11.06",
            "11,093",
            "11,106",
            "Since inception",
            "22.33",
            "22.63",
            "12,821",
            "12,860",
            ""
        ],
        "dummygnutbmmtbqmumty": [
            ""
        ],
        "fund_manager": [
            "Mr. Kedarnath Mirajkar",
            "Total experience:19 years",
            "Managing this fund since: Nov 2023",
            "Also manages:",
            "\u0019 Zerodha ELSS Tax Saver Nifty LargeMidcap 2",
            "Index Fun&",
            "\u0019 Zerodha Nifty 1D Rate Liquid ET",
            "\u0019 Zerodha Nifty 100 ET",
            "\u0019 Zerodha Nifty Midcap 150 ET",
            "\u0019 Zerodha Gold ETF (Co-Fund Manager\u0001",
            "\u0019 Zerodha Gold ETF FoF (Co-Fund Manager)",
            ""
        ],
        "qualitative_data": [
            "Portfolio Turnover Ratio: 0.14",
            "Tracking Error: 0.03%",
            "Value of \u00b710,000 invested",
            "Page 4",
            ""
        ],
        "dummymjovlqeklcvqhgi": [
            ""
        ],
        "amc_name": "Zerodha Asset Management Private Limited",
        "main_scheme_name": "zerodha nifty largemidcap",
        "monthly_aaum_date": "28FEBRUARY2025",
        "page_number": [
            3
        ],
        "mutual_fund_name": "Zerodha Mutual Fund"
    },
    "zerodha elss tax saver nifty": {
        "before": [
            "An open-ended passive equity linked savings scheme with a statutory lock-in",
            "period of 3 years and tax benefit replicating/tracking Nifty LargeMidcap 250 Index",
            "as on 31 Jan 2025",
            ""
        ],
        "scheme_details": [
            "Launched: 8th Nov 2023",
            "Min. Investment: \u00b7500",
            "Expense Ratio: 0.27%",
            "Also manages:",
            "Exit Load: 0%",
            "Benchmark: Nifty LargeMidcap 250 Index-TRI",
            "NAV: \u00b712.8325",
            "Lock-in period: 3 Years",
            ""
        ],
        "fund_size": [
            "Month end AUM: \u00b7161.01 Cr",
            "Monthly average AUM: \u00b7157.63 Cr",
            "Quarterly average AUM: \u00b7142.70 Cr",
            ""
        ],
        "investment_objective": [
            "The investment objective of the scheme is to invest in stocks comprising the Nifty LargeMidcap 250",
            "Index in the same proportion as in the index to achieve returns equivalent to the Total Return Index",
            "Nifty LargeMidcap 250 Index (subject to tracking error), while offering deduction on such investmen",
            "made in the scheme under Section 80C of the Income-tax Act, 1961.",
            ""
        ],
        "past_performance": [
            "Scheme",
            "Benchmark",
            "Period",
            "Scheme(\u00b7)",
            "Benchamark(\u00b7)",
            "CAGR(%)",
            "CAGR(%)",
            "Last 1 year",
            "11.04",
            "11.06",
            "11,104",
            "11,106",
            "Since inception",
            "22.42",
            "22.63",
            "12,833",
            "12,860",
            ""
        ],
        "dummyauchtdywarlpivm": [
            ""
        ],
        "fund_manager": [
            "Mr. Kedarnath Mirajkar",
            "Total experience:19 years",
            "Managing this fund since: Nov 2023",
            "Zerodha Nifty LargeMidcap 250 Index Fun(",
            "Zerodha Nifty 1D Rate Liquid ET",
            "Zerodha Nifty 100 ET",
            "Zerodha Nifty Midcap 150 ET",
            "Zerodha Gold ETF (Co-Fund Manager\u0001",
            "Zerodha Gold ETF FoF (Co-Fund Manager)",
            ""
        ],
        "qualitative_data": [
            "Portfolio Turnover Ratio: 0.15",
            "Tracking Error: 0.04%",
            "Value of \u00b710,000 invested",
            "Page 6",
            ""
        ],
        "dummytjvqdsqqchpduxx": [
            ""
        ],
        "amc_name": "Zerodha Asset Management Private Limited",
        "main_scheme_name": "zerodha elss tax saver nifty",
        "monthly_aaum_date": "28FEBRUARY2025",
        "page_number": [
            5
        ],
        "mutual_fund_name": "Zerodha Mutual Fund"
    },
    "zerodha nifty 1d rate": {
        "before": [
            "An open-ended Exchange Traded Fund replicating/ tracking Nifty 1D Rate Index.",
            "A relatively low interest rate risk and relatively low credit risk.",
            "as on 31 Jan 2025",
            ""
        ],
        "scheme_details": [
            "Allotment Date: 17th Jan 2024",
            "Min. Investment (at exchange): 1 Unit",
            "Min. Investment (direct with AMC): In Creation Unit Size",
            "Expense Ratio: 0.27%",
            "Exit Load: 0%",
            "Benchmark: Nifty 1D Rate Index",
            "NAV: \u00b7106.7800",
            "Creation Unit Size: 5000",
            ""
        ],
        "fund_size": [
            "Month end AUM: \u00b73458.45 Cr",
            "Monthly average AUM: \u00b73258.77 Cr",
            "Quarterly average AUM: \u00b72838.33 Cr",
            ""
        ],
        "investment_objective": [
            "The investment objective of the Scheme is to invest in Tri Party repo on Government securities or",
            "treasury bills (TREPS). The Scheme aims to provide investment returns that, before expenses,",
            "correspond to the returns of the NIFTY 1D Rate Index, subject to tracking error.",
            ""
        ],
        "past_performance": [
            "Scheme",
            "Benchmark",
            "Period",
            "Scheme(\u00b7)",
            "Benchamark(\u00b7)",
            "CAGR(%)",
            "CAGR(%)",
            "Last 1 year",
            "6.41",
            "6.73",
            "10,641",
            "10,673",
            "Since inception",
            "6.51",
            "6.72",
            "10,679",
            "10,701",
            "The scheme has completed one year as on Jan 17 2024.",
            ""
        ],
        "dummyinjgrtwrypoplrd": [
            ""
        ],
        "fund_manager": [
            "Mr. Kedarnath Mirajkar",
            "Total experience:19 years",
            "Managing this fund since: Jan 2025",
            "\u0160 Zerodha Nifty LargeMidcap 250 Index Fun\u201d",
            "\u0160 Zerodha ELSS Tax Saver Nifty LargeMidcap 25",
            "Index Fun\u201d",
            "\u0160 Zerodha Nifty 100 ET\u2022",
            "\u0160 Zerodha Nifty Midcap 150 ET\u2022",
            "\u0160 Zerodha Gold ETF (Co-Fund Managero",
            "\u0160 Zerodha Gold ETF FoF (Co-Fund Manager)",
            ""
        ],
        "qualitative_data": [
            "Average Maturity: 0.01 Years",
            "Macaulay Duration: 0.01 Years",
            "Tracking Error: 0.02%",
            ""
        ],
        "others": [
            "NSE Symbol: LIQUIDCASE",
            "BSE Symbol: LIQUIDCASE",
            "BSE Scrip Code: 544089",
            "Value of \u00b710,000 invested",
            "Page 8",
            ""
        ],
        "dummyubhiordqxygkzcl": [
            ""
        ],
        "amc_name": "Zerodha Asset Management Private Limited",
        "main_scheme_name": "zerodha nifty 1d rate",
        "monthly_aaum_date": "28FEBRUARY2025",
        "page_number": [
            7
        ],
        "mutual_fund_name": "Zerodha Mutual Fund"
    },
    "zerodha gold etf": {
        "before": [
            "An open-ended scheme replicating/tracking domestic price of Physical Gold",
            "as on 31 Jan 2025",
            ""
        ],
        "scheme_details": [
            "Allotment Date: 26th Feb 2024",
            "Min. Investment (at exchange): 1 Unit",
            "Min. Investment (direct with AMC): In Creation Unit Size",
            "Expense Ratio: 0.31%",
            "Exit Load: 0%",
            "Benchmark: Domestic Price of Physical Gold",
            "NAV: \u00b713.0481",
            "Creation Unit Size: 6,30,000",
            ""
        ],
        "fund_size": [
            "Month end AUM: \u00b7159.48 Cr",
            "Monthly average AUM: \u00b7145.18 Cr",
            "Quarterly average AUM: \u00b7111.64 Cr",
            ""
        ],
        "past_performance": [
            "Simple Annualized Returns - past 6 months (Fund): 35.50%",
            "Simple Annualized Returns - past 6 months (Benchmark): 36.94%",
            ""
        ],
        "investment_objective": [
            "The investment objective of the scheme is to generate returns corresponding to the Domestic Price",
            "Physical Gold before expenses, subject to tracking errors, fees and expenses by investing in Physi",
            "Gold.",
            "Simple annualized returns have been provided as per the existing guidelines since the scheme has completed more than 6 months but less than",
            "1 year.",
            ""
        ],
        "dummyoupngzfvblyydtj": [
            ""
        ],
        "fund_managers": [
            "Shyam Agarwal",
            "Total experience:4 years",
            "Managing this fund since: Feb 202",
            "Also manages:",
            "Zerodha Gold ETF FoF",
            "Mr. Kedarnath Mirajkar",
            "Total experience:19 years",
            "Co-managing this fund since: Sep",
            "Also manages:",
            "\u00df Zerodha Nifty LargeMidcap 250 Index Fu",
            "\u00df Zerodha ELSS Tax Saver Nifty LargeMid",
            "250 Index Fun\u00eb",
            "\u00df Zerodha Nifty 1D Rate Liquid ET\u00e2",
            "\u00df Zerodha Nifty 100 ET\u00e2",
            "\u00df Zerodha Nifty Midcap 150 ET\u00e2",
            "\u00df Zerodha Gold ETF FoF (Co-Fund Manag",
            ""
        ],
        "others": [
            "NSE Symbol: GOLDCASE",
            "BSE Symbol: GOLDCASE",
            "BSE Scrip Code: 544132",
            ""
        ],
        "qualitative_data": [
            "Tracking Error: 0.37%",
            "Page 10",
            ""
        ],
        "dummyeagzhabukenjdfq": [
            ""
        ],
        "amc_name": "Zerodha Asset Management Private Limited",
        "main_scheme_name": "zerodha gold etf",
        "monthly_aaum_date": "28FEBRUARY2025",
        "page_number": [
            9
        ],
        "mutual_fund_name": "Zerodha Mutual Fund"
    },
    "zerodha nifty": {
        "before": [
            "An open-ended scheme replicating/tracking Nifty 100 Total Returns Index",
            "as on 31 Jan 2025",
            ""
        ],
        "scheme_details": [
            "Allotment Date: 12th Jun 2024",
            "Min. Investment (direct with AMC): In Creation Unit Size",
            "Expense Ratio: 0.21%",
            "Benchmark: Nifty Midcap 150 Index-TRI",
            "NAV: \u00b79.8152",
            "Creation Unit Size: 7,83,000",
            ""
        ],
        "fund_size": [
            "Month end AUM: \u00b748.05 Cr",
            "Monthly average AUM: \u00b739.96 Cr",
            "Quarterly average AUM: \u00b731.43 Cr",
            ""
        ],
        "past_performance": [
            "Simple Annualized Returns - past 6 months (Fund): -17.77%",
            "Simple Annualized Returns - past 6 months (Benchmark): -18.01%",
            ""
        ],
        "investment_objective": [
            "The investment objective of the scheme is to invest in stocks comprising the Nifty Midcap 150 Index",
            "the same proportion as in the index to achieve returns equivalent to the Total Return Index of Nifty",
            "Midcap 150 Index (subject to tracking error).",
            "Simple annualized returns have been provided as per the existing guidelines since the scheme has completed more than 6 months but less than",
            "1 year.",
            ""
        ],
        "dummygelicambnruqeqi": [
            ""
        ],
        "fund_manager": [
            "Mr. Kedarnath Mirajkar",
            "Total experience:19 years",
            "Managing this fund since: Jun ",
            "Also manages:",
            "s Zerodha Nifty LargeMidcap 250 Index Fu",
            "s Zerodha ELSS Tax Saver Nifty LargeMid",
            "250 Index Fun\u2022",
            "s Zerodha Nifty 1D Rate Liquid ETv",
            "s Zerodha Nifty 100 ETv",
            "s Zerodha Gold ETF (Co-Fund ManagerV",
            "s Zerodha Gold ETF FoF (Co-Fund Manag",
            ""
        ],
        "qualitative_data": [
            "Portfolio Turnover Ratio: 0.14",
            "Tracking Error: 0.07%",
            ""
        ],
        "others": [
            "NSE Symbol: MID150CASE",
            "BSE Symbol: MID150CASE",
            "BSE Scrip Code: 544193",
            "Page 14",
            ""
        ],
        "dummyuohbwflnfbtyvmf": [
            "An open-ended scheme replicating/tracking Nifty Midcap 150 Total Return Index",
            "as on 31 Jan 2025",
            ""
        ],
        "dummycixxuekhnpvlueq": [
            ""
        ],
        "dummyvvwcnxqvduieyzh": [
            ""
        ],
        "amc_name": "Zerodha Asset Management Private Limited",
        "main_scheme_name": "zerodha nifty",
        "monthly_aaum_date": "28FEBRUARY2025",
        "page_number": [
            11,
            13
        ],
        "mutual_fund_name": "Zerodha Mutual Fund"
    },
    "zerodha gold etf fof": {
        "before": [
            "An open-ended fund of fund scheme investing in units of Gold ETF",
            "as on 31 Jan 2025",
            ""
        ],
        "scheme_details": [
            "Allotment Date: 13th Nov 2024",
            "Min. Investment: 1 Unit",
            "Expense Ratio: 0.23%",
            "Exit Load: 0%",
            "Benchmark: Domestic Price of Physical Gold",
            "NAV: \u00b710.9147",
            ""
        ],
        "fund_size": [
            "Month end AUM: \u00b727.8 Cr",
            "Monthly average AUM: \u00b722.77 Cr",
            "Quarterly average AUM: \u00b79.08 Cr",
            ""
        ],
        "investment_objective": [
            "The investment objective of the scheme is to seek capital appreciation by investing in units of Gold ",
            ""
        ],
        "dummydppnhjsafrilidl": [
            ""
        ],
        "fund_managers": [
            "Shyam Agarwal",
            "Total experience:4 years",
            "Managing this fund since: Nov 20",
            "Also manages:",
            "Zerodha Gold ETF",
            "Mr. Kedarnath Mirajkar",
            "Total experience:19 years",
            "Co-managing this fund since: Nov",
            "Also manages:",
            "v Zerodha Nifty LargeMidcap 250 Index Fun\u201a",
            "v Zerodha ELSS Tax Saver Nifty LargeMidca",
            "250 Index Fun\u201a",
            "v Zerodha Nifty 1D Rate Liquid ETy",
            "v Zerodha Nifty 100 ETy",
            "v Zerodha Nifty Midcap 150 ETy",
            "v Zerodha Gold ETF (Co-fund Manager)",
            "Page 16",
            ""
        ],
        "dummymgzbkkdfqelxvze": [
            ""
        ],
        "amc_name": "Zerodha Asset Management Private Limited",
        "main_scheme_name": "zerodha gold etf fof",
        "monthly_aaum_date": "28FEBRUARY2025",
        "page_number": [
            15
        ],
        "mutual_fund_name": "Zerodha Mutual Fund"
    }
}