{
    "jm elss tax saver fund": {
        "inception_date_31st_march,_2008": [
            "#Benchmark Index:",
            "BSE 500 TRI",
            "##Additional Benchmark Index:",
            "Nifty 50 TRI",
            ""
        ],
        "fund_manager_details": [
            "Fund Manager",
            "Mr. Chaitanya Choksi",
            "(Managing this Scheme since J",
            "has around 21 years of work experience in the ",
            "and fund management).",
            "Co-Fund Managers",
            "Mr. Satish Ramanathan",
            "(Managing this Scheme sinc",
            "2024 & total years of experience of around 3 de",
            "Mr. Asit Bhandarkar",
            "(Managing this Scheme since D",
            "total 20 years of experience in fund manageme",
            "Debt Portion",
            "Ms. Ruchi Fozdar",
            "(Managing this Scheme since Oct",
            "has 10 years of experience in fixed income mar",
            ""
        ],
        "nav_details_(in_rs._per_unit)": [
            "(Regular) - Growth Option: 46.0134",
            "(Regular) - IDCW (Payout): 46.0127",
            "(Direct) - Growth Option: 52.2418",
            "(Direct) - IDCW (Payout): 50.9538",
            ""
        ],
        "fund_size": [
            "Month End AUM : Rs. 180.14 Crore",
            "Monthly AAUM : Rs. 181.80 Crore",
            ""
        ],
        "isin": [
            "(Regular) - Growth Option: INF192K01650",
            "(Direct) - Growth Option: INF192K01CE3",
            ""
        ],
        "portfolio_turnover_ratio_1.0032": [
            ""
        ],
        "minimum_application_amount": [
            "Purchase:",
            "500/- and in multiples of Rs. 500/- there",
            "Additional Purchase:",
            "500/- and in multiples of Rs. 50",
            ""
        ],
        "exit_load": [
            "NIL",
            ""
        ],
        "expense_ratio": [
            "Regular Plan",
            "2.39%",
            "Direct Plan",
            "1.27%",
            ""
        ],
        "risk_ratios": [
            "Scheme Name",
            "Beta",
            "Sharpe",
            "~",
            "Std. D",
            "JM ELSS Tax Saver Fund -",
            "0.94",
            "0.69",
            "14.9",
            "Growth Option",
            "BSE 500 TRI",
            "0.55",
            "14.0",
            "Source: www.mutualfundsindia.com",
            "Disclaimer :Sharpe, ",
            "Standard Deviation are calculated on the basis ",
            "1-month rolling & 1-month frequency for a perio",
            "& Standard Deviation are annualized by SQRT",
            "~Risk Free rat",
            "For Risk-o-meter (Scheme & Benchmark), refe",
            "Scan for complete portfolio",
            "15",
            ""
        ],
        "dummyltgwdezrrrmdjjz": [
            ""
        ],
        "amc_name": "JM Financial Asset Management Limited",
        "main_scheme_name": "jm elss tax saver fund",
        "monthly_aaum_date": "28FEBRUARY2025",
        "page_number": [
            18
        ],
        "mutual_fund_name": "JM Financial Mutual Fund"
    },
    "jm flexicap fund": {
        "inception_date_23rd_september,_2008": [
            "#Benchmark Index:",
            "BSE 500 TRI",
            "##Additional Benchmark Index:",
            "Nifty 50 TRI",
            ""
        ],
        "fund_manager_details": [
            "Fund Manager",
            "Mr. Satish Ramanathan",
            "(Managing this Scheme since ",
            "2021 & total years of experience of around 3 dec",
            "Co-Fund Managers",
            "Mr. Asit Bhandarkar",
            "(Managing this Scheme since Oc",
            "& total 20 years of experience in fund manageme",
            "Mr. Chaitanya Choksi",
            "(Managing this Scheme since De",
            "and has around 21 years of work experience in th",
            "research and fund management).",
            "Debt Portion",
            "Ms. Ruchi Fozdar",
            "(Managing this Scheme since Octo",
            "has 10 years of experience in fixed income mark",
            ""
        ],
        "nav_details_(in_rs._per_unit)": [
            "(Regular) - Growth Option: 96.3644",
            "(Regular) - IDCW (Payout): 74.2562",
            "(Direct) - Growth Option: 109.0034",
            "(Direct) - IDCW (Payout): 99.0788",
            ""
        ],
        "fund_size": [
            "Month End AUM : Rs. 5,254.65 Crore",
            "Monthly AAUM : Rs. 5,244.25 Crore",
            ""
        ],
        "isin": [
            "(Regular) - Growth Option: INF192K01635",
            "(Direct) - Growth Option: INF192K01CC7",
            ""
        ],
        "portfolio_turnover_ratio_1.2085": [
            ""
        ],
        "minimum_application_amount": [
            "Purchase:",
            "1000/- and in multiples of Re. 1 thereafte",
            "Additional Purchase:",
            "100/- and in multiples of Re. 1 the",
            ""
        ],
        "exit_load": [
            "\u00b7\t If the units are redeemed/switched out on or be",
            "date of allotment \u00b7 1.00%.",
            "\u00b7 \t If the units are redeemed / switched out after 3",
            "of allotment \u00b7 Nil.",
            ""
        ],
        "expense_ratio": [
            "Regular Plan",
            "1.81%",
            "Direct Plan",
            "0.56%",
            ""
        ],
        "risk_ratios": [
            "Scheme Name",
            "Beta Sharpe",
            "~",
            "Std. De",
            "JM Flexicap Fund - Growth Option",
            "0.91",
            "1.04",
            "14.62",
            "BSE 500 TRI",
            "0.55",
            "14.03",
            "Source: www.mutualfundsindia.com",
            "Disclaimer :Sharpe, Be",
            "Standard Deviation are calculated on the basis o",
            "1-month rolling & 1-month frequency for a period",
            "& Standard Deviation are annualized by SQRT12",
            "~Risk Free rate",
            "For Risk-o-meter (Scheme & Benchmark), refer p",
            "Scan for complete portfolio",
            ""
        ],
        "dummyfswatpsuknhzzdr": [
            ""
        ],
        "amc_name": "JM Financial Asset Management Limited",
        "main_scheme_name": "jm flexicap fund",
        "monthly_aaum_date": "28FEBRUARY2025",
        "page_number": [
            19
        ],
        "mutual_fund_name": "JM Financial Mutual Fund"
    },
    "jm midcap fund": {
        "inception_date_21st_november,_2022": [
            "#Benchmark Index:",
            "Nifty Midcap 150 TRI",
            "##Additional Benchmark Index:",
            "Nifty 50 TRI",
            ""
        ],
        "fund_manager_details": [
            "Fund Manager",
            "Mr. Satish Ramanathan",
            "(Managing this Scheme sinc",
            "2022 & total years of experience of around 3 de",
            "Co-Fund Managers",
            "Mr. Asit Bhandarkar",
            "(Managing this Scheme since O",
            "& total 20 years of experience in fund managem",
            "Mr. Chaitanya Choksi",
            "(Managing this Scheme since N",
            "and has around 21  years of work experience in",
            "and fund management).",
            "Debt Portion",
            "Ms. Ruchi Fozdar",
            "(Managing this Scheme since Oct",
            "has 10 years of experience in fixed income mar",
            ""
        ],
        "nav_details_(in_rs._per_unit)": [
            "(Regular) - Growth Option: 17.8532",
            "(Regular) - IDCW (Payout): 17.8532",
            "(Direct) - Growth Option: 18.5931",
            "(Direct) - IDCW ( Payout): 18.5930",
            ""
        ],
        "fund_size": [
            "Month End AUM : Rs. 1,320.48 Crore",
            "Monthly AAUM : Rs. 1,359.57 Crore",
            ""
        ],
        "isin": [
            "(Regular) - Growth Option: INF192K01MS2",
            "(Direct) - Growth Option: INF192K01MV6",
            ""
        ],
        "portfolio_turnover_ratio_1.6018": [
            ""
        ],
        "minimum_application_amount": [
            "Purchase:",
            "1000/- and in multiples of Re. 1 thereaf",
            "Additional Purchase:",
            "100/- and in multiples of Re. 1 t",
            ""
        ],
        "exit_load": [
            "\u00b7\t If the units are redeemed/switched out on or b",
            "date of allotment \u00b7 1.00%.",
            "\u00b7\t If the units are redeemed/switched out after 1",
            "of allotment \u00b7 Nil.",
            ""
        ],
        "expense_ratio": [
            "Regular Plan",
            "2.09%",
            "Direct Plan",
            "0.53%",
            ""
        ],
        "risk_ratios": [
            "Portfolio Beta, Standard Deviation, Sharpe Rati",
            "Scheme is not computed since the Scheme has",
            "from its inception.",
            "For Risk-o-meter (Scheme & Benchmark), refer",
            "Scan for complete portfolio",
            "17",
            ""
        ],
        "dummyfpemufgojojnpje": [
            ""
        ],
        "amc_name": "JM Financial Asset Management Limited",
        "main_scheme_name": "jm midcap fund",
        "monthly_aaum_date": "28FEBRUARY2025",
        "page_number": [
            20
        ],
        "mutual_fund_name": "JM Financial Mutual Fund"
    },
    "jm small cap fund": {
        "inception_date_18th_june,_2024": [
            "#Benchmark Index:",
            "Nifty Smallcap 250 TRI",
            "##Additional Benchmark Index:",
            "Nifty 50 TRI",
            ""
        ],
        "fund_manager_details": [
            "Fund Manager",
            "Mr. Asit Bhandarkar",
            "(Managing this Scheme since Jun",
            "20 years of experience in fund management & eq",
            "Co-Fund Managers",
            "Mr. Satish Ramanathan",
            "(Managing this Scheme since ",
            "2024 & total years of experience of around 3 dec",
            "Mr. Chaitanya Choksi",
            "(Managing this Scheme since Ju",
            "and has around 21 years of work experience in th",
            "research and fund management).",
            "Debt Portion",
            "Ms. Ruchi Fozdar",
            "(Managing this Scheme since Octo",
            "has 10 years of experience in fixed income mark",
            ""
        ],
        "nav_details_(in_rs._per_unit)": [
            "(Regular) - Growth Option: 9.4363",
            "(Regular) - IDCW (Payout): 9.4363",
            "(Direct) - Growth Option: 9.5399",
            "(Direct) - IDCW (Payout): 9.5400",
            ""
        ],
        "fund_size": [
            "Month End AUM : Rs. 595.33 Crore",
            "Monthly AAUM : Rs. 607.94 Crore",
            ""
        ],
        "isin": [
            "(Regular) - Growth Option: INF192K01NE0",
            "(Direct) - Growth Option: INF192K01NH3",
            ""
        ],
        "minimum_application_amount": [
            "Purchase:",
            "1000/- and in multiples of Re. 1 thereafte",
            "Additional Purchase:",
            "100/- and in multiples of Re. 1 the",
            ""
        ],
        "exit_load": [
            "\u00b7\t If the units are redeemed/switched out on or be",
            "date of allotment \u00b7 1.00%.",
            "\u00b7 \t If the units are redeemed / switched out after 1",
            "of allotment \u00b7 Nil.",
            ""
        ],
        "expense_ratio": [
            "Regular Plan",
            "2.32%",
            "Direct Plan",
            "0.69%",
            ""
        ],
        "risk_ratios": [
            "Portfolio Beta, Standard Deviation, Sharpe Ratio ",
            "Scheme is not computed since the Scheme has n",
            "from its inception.",
            "Portfolio Turnover Ratio is not computed since th",
            "completed 1 year from its inception.",
            "For Risk-o-meter (Scheme & Benchmark), refer p",
            "Scan for complete portfolio",
            ""
        ],
        "dummyesfvlpytfbkddfw": [
            ""
        ],
        "amc_name": "JM Financial Asset Management Limited",
        "main_scheme_name": "jm small cap fund",
        "monthly_aaum_date": "28FEBRUARY2025",
        "page_number": [
            21
        ],
        "mutual_fund_name": "JM Financial Mutual Fund"
    },
    "jm large cap fund": {
        "inception_date_1st_april,_1995": [
            "#Benchmark Index:",
            "BSE 100 TRI",
            "##Additional Benchmark Index:",
            "Nifty 50 TRI",
            ""
        ],
        "fund_manager_details": [
            "Fund Manager",
            "Mr. Satish Ramanathan",
            "(Managing this Scheme sinc",
            "2021 & total experience of around 3 decades).",
            "Co-Fund Managers",
            "Mr. Asit Bhandarkar",
            "(Managing this Scheme since O",
            "total 20 years of experience in fund manageme",
            "Mr. Deepak Gupta",
            "(Managing this Scheme since Ja",
            "has around 21 years of work experience in the ",
            "and fund management).",
            "Debt Portion",
            "Ms. Ruchi Fozdar",
            "(Managing this Scheme since Oct",
            "has 10 years of experience in fixed income mar",
            ""
        ],
        "nav_details_(in_rs._per_unit)": [
            "(Regular) - Growth Option: 146.1252",
            "(Regular) - IDCW (Payout): 28.3664",
            "(Direct) - Growth Option: 165.9462",
            "(Direct) - IDCW (Payout): 66.6255",
            ""
        ],
        "fund_size": [
            "Month End AUM : Rs. 490.70 Crore",
            "Monthly AAUM : Rs. 482.25 Crore",
            ""
        ],
        "isin": [
            "(Regular) - Growth Option: INF192K01601",
            "(Direct) - Growth Option: INF192K01BZ0",
            ""
        ],
        "portfolio_turnover_ratio_2.7734": [
            ""
        ],
        "minimum_application_amount": [
            "Purchase:",
            "1000/- and in multiples of Re. 1 thereaf",
            "Additional Purchase:",
            "100/- and in multiples of Re. 1 t",
            ""
        ],
        "exit_load": [
            "\u00b7\t If the units are redeemed/switched out on or b",
            "date of allotment \u00b7 1.00%.",
            "\u00b7 \t If the units are redeemed / switched out after",
            "of allotment \u00b7 Nil.",
            ""
        ],
        "expense_ratio": [
            "Regular Plan",
            "2.37%",
            "Direct Plan",
            "0.72%",
            ""
        ],
        "risk_ratios": [
            "Scheme Name",
            "Beta Sharpe",
            "~",
            "Std. D",
            "JM Large Cap Fund - Growth Option",
            "0.90",
            "0.55",
            "13.4",
            "BSE 100 TRI",
            "0.48",
            "13.3",
            "Source: www.mutualfundsindia.com",
            "Disclaimer :Sharpe, ",
            "Standard Deviation are calculated on the basis ",
            "1-month rolling & 1-month frequency for a perio",
            "& Standard Deviation are annualized by SQRT",
            "~Risk Free rat",
            "For Risk-o-meter (Scheme & Benchmark), refer",
            "Scan for complete portfolio",
            "19",
            ""
        ],
        "dummynmtdhimtglantoh": [
            ""
        ],
        "amc_name": "JM Financial Asset Management Limited",
        "main_scheme_name": "jm large cap fund",
        "monthly_aaum_date": "28FEBRUARY2025",
        "page_number": [
            22
        ],
        "mutual_fund_name": "JM Financial Mutual Fund"
    },
    "jm value fund": {
        "inception_date_2nd_june,_1997": [
            "#Benchmark Index:",
            "BSE 500 TRI",
            "##Additional Benchmark Index:",
            "Nifty 50 TRI",
            ""
        ],
        "fund_manager_details": [
            "Fund Manager",
            "Mr. Satish Ramanathan",
            "(Managing this Scheme since ",
            "2021 & total years of experience of around 3 dec",
            "Co-Fund Managers",
            "Mr. Chaitanya Choksi",
            "(Managing this Scheme since Oc",
            "2024 and has around 21 years of work experienc",
            "research and fund management).",
            "Mr. Asit Bhandarkar",
            "(Managing this Scheme since De",
            "total 20 years of experience in fund management",
            "Debt Portion",
            "Ms. Ruchi Fozdar",
            "(Managing this Scheme since Octo",
            "has 10 years of experience in fixed income mark",
            ""
        ],
        "nav_details_(in_rs._per_unit)": [
            "(Regular) - Growth Option: 93.5915",
            "(Regular) - IDCW (Payout): 65.3538",
            "(Direct) - Growth Option: 104.4674",
            "(Direct) - IDCW (Payout): 71.1776",
            ""
        ],
        "fund_size": [
            "Month End AUM : Rs. 1,027.07 Crore",
            "Monthly AAUM : Rs. 1,046.78 Crore",
            ""
        ],
        "isin": [
            "(Regular) - Growth Option: INF137A01037",
            "(Direct) - Growth Option: INF192K01BT3",
            ""
        ],
        "portfolio_turnover_ratio_1.1792": [
            ""
        ],
        "minimum_application_amount": [
            "Purchase:",
            "1000/- and in multiples of Re. 1 thereafte",
            "Additional Purchase:",
            "100/- and in multiples of Re. 1 the",
            ""
        ],
        "exit_load": [
            "\u00b7\t If the units are redeemed/switched out on or be",
            "date of allotment \u00b7 1.00%.",
            "\u00b7 \t If the units are redeemed / switched out after 3",
            "of allotment \u00b7 Nil.",
            ""
        ],
        "expense_ratio": [
            "Regular Plan",
            "2.22%",
            "Direct Plan",
            "1.02%",
            ""
        ],
        "risk_ratios": [
            "Scheme Name",
            "Beta Sharpe",
            "~",
            "Std. De",
            "JM Value Fund - Growth Option",
            "0.93",
            "0.94",
            "15.62",
            "BSE 500 TRI",
            "0.55",
            "14.03",
            "Source: www.mutualfundsindia.com",
            "Disclaimer :Sharpe, Be",
            "Standard Deviation are calculated on the basis o",
            "1-month rolling & 1-month frequency for a period",
            "& Standard Deviation are annualized by SQRT12",
            "~Risk Free rate",
            "For Risk-o-meter (Scheme & Benchmark), refer p",
            "Scan for complete portfolio",
            ""
        ],
        "dummyrmpwohcgfabqkqp": [
            ""
        ],
        "amc_name": "JM Financial Asset Management Limited",
        "main_scheme_name": "jm value fund",
        "monthly_aaum_date": "28FEBRUARY2025",
        "page_number": [
            23
        ],
        "mutual_fund_name": "JM Financial Mutual Fund"
    },
    "jm focused fund": {
        "inception_date_5th_march,_2008": [
            "#Benchmark Index:",
            "BSE 500 TRI",
            "##Additional Benchmark Index:",
            "Nifty 50 TRI",
            ""
        ],
        "fund_manager_details": [
            "Fund Manager",
            "Mr. Asit Bhandarkar",
            "(Managing this Scheme since ",
            "total 20 years of experience in fund manageme",
            "Co-Fund Managers",
            "Mr. Satish Ramanathan",
            "(Managing this Scheme sinc",
            "2024 & total years of experience of around 3 de",
            "Mr. Chaitanya Choksi",
            "(Managing this Scheme since J",
            "has around 21 years of work experience in the ",
            "and fund management).",
            "Debt Portion",
            "Ms. Ruchi Fozdar",
            "(Managing this Scheme since Oct",
            "has 10 years of experience in fixed income mar",
            ""
        ],
        "nav_details_(in_rs._per_unit)": [
            "(Regular) - Growth Option: 19.0661",
            "(Regular) - IDCW (Payout): 19.0653",
            "(Direct) - Growth Option: 22.0833",
            "(Direct) - IDCW (Payout): 21.6422",
            ""
        ],
        "fund_size": [
            "Month End AUM : Rs. 227.74 Crore",
            "Monthly AAUM : Rs. 225.02 Crore",
            ""
        ],
        "isin": [
            "(Regular) - Growth Option: INF192K01577",
            "(Direct) - Growth Option: INF192K01BW7",
            ""
        ],
        "portfolio_turnover_ratio_2.0481": [
            ""
        ],
        "minimum_application_amount": [
            "Purchase:",
            "1000/- and in multiples of Re. 1 thereaf",
            "Additional Purchase:",
            "100/- and in multiples of Re. 1 t",
            ""
        ],
        "exit_load": [
            "\u00b7\t If the units are redeemed/switched out on or b",
            "date of allotment \u00b7 1.00%.",
            "\u00b7 \t If the units are redeemed / switched out after",
            "of allotment \u00b7 Nil.",
            ""
        ],
        "expense_ratio": [
            "Regular Plan",
            "2.38%",
            "Direct Plan",
            "0.78%",
            ""
        ],
        "risk_ratios": [
            "Scheme Name",
            "Beta Sharpe",
            "~",
            "Std. D",
            "JM Focused Fund - Growth Option",
            "0.87",
            "0.76",
            "13.9",
            "BSE 500 TRI",
            "0.55",
            "14.0",
            "Source: www.mutualfundsindia.com",
            "Disclaimer :Sharpe, ",
            "Standard Deviation are calculated on the basis ",
            "1-month rolling & 1-month frequency for a perio",
            "& Standard Deviation are annualized by SQRT",
            "~Risk Free rat",
            "For Risk-o-meter (Scheme & Benchmark), refe",
            "Scan for complete portfolio",
            "21",
            ""
        ],
        "dummycpitdilpqlrdxos": [
            ""
        ],
        "amc_name": "JM Financial Asset Management Limited",
        "main_scheme_name": "jm focused fund",
        "monthly_aaum_date": "28FEBRUARY2025",
        "page_number": [
            24
        ],
        "mutual_fund_name": "JM Financial Mutual Fund"
    },
    "jm arbitrage fund": {
        "inception_date_18th_july,_2006": [
            "#Benchmark Index:",
            "Nifty 50 Arbitrage Index",
            "##Additional Benchmark Index:",
            "Crisil 1 Year T Bill Index",
            ""
        ],
        "name_of_instrument_%_to_nav_rating": [
            ""
        ],
        "%_to_nav": [
            ""
        ],
        "futures": [
            "91 Days T-Bill",
            "4.24",
            "SO",
            "Total Debt Holdings",
            "17.28",
            "TREPS & Others *",
            "14.02",
            "Total Assets",
            "100.00",
            "* includes net receivables / payables if any",
            "Total no. of Equity Stocks $$: 63",
            ""
        ],
        "fund_manager_details": [
            "Fund Manager",
            "Mr. Asit Bhandarkar",
            "(Managing this Scheme since Jul",
            "20 years of experience in fund management & eq",
            "Co-Fund Managers",
            "Mr. Satish Ramanathan",
            "(Managing this Scheme since ",
            "2024 & total years of experience of around 3 dec",
            "Mr. Chaitanya Choksi",
            "(Managing this Scheme since Fe",
            "and has around 21 years of work experience in th",
            "research and fund management).",
            "Debt Portion",
            "Ms. Ruchi Fozdar",
            "(Managing this Scheme since Octo",
            "has 10 years of experience in fixed income mark",
            ""
        ],
        "nav_details_(in_rs._per_unit)": [
            "(Regular) - Growth Option: 31.8190",
            "(Regular) - IDCW (Payout): 14.7684",
            "(Direct) - Growth Option: 33.8410",
            "(Direct) - IDCW (Payout): 15.9471",
            ""
        ],
        "fund_size": [
            "Month End AUM : Rs. 209.87 Crore",
            "Monthly AAUM : Rs. 196.33 Crore",
            ""
        ],
        "isin": [
            "(Regular) - Growth Option: INF192K01510",
            "(Direct) - Growth Option: INF192K01BN6",
            ""
        ],
        "portfolio_turnover_ratio_11.4711": [
            ""
        ],
        "minimum_application_amount": [
            "Purchase:",
            "1000/- and in multiples of Re. 1 thereafte",
            "Additional Purchase:",
            "100/- and in multiples of Re. 1 the",
            ""
        ],
        "exit_load": [
            "\u00b7\t If the units are redeemed / switched out on or b",
            "date of allotment \u00b7 0.50%.",
            "\u00b7\t If the units are redeemed / switched out after 3",
            "of allotment \u00b7 Nil.",
            ""
        ],
        "expense_ratio": [
            "Regular Plan",
            "1.07%",
            "Direct Plan",
            "0.40%",
            ""
        ],
        "dummyluiwaqvmbnmohuh": [
            ""
        ],
        "portfolio_classification_by_sector_allocation_(%)": [
            ""
        ],
        "market_capitalization_(%_of_total)": [
            "31.28%",
            "47.13%",
            "5.70%",
            "15.89%",
            "Large Cap",
            "Mid Cap",
            "Small Cap",
            "TREPS & O",
            "Scan for complete portfolio",
            "23",
            ""
        ],
        "dummyumjczcyrcswsbhc": [
            ""
        ],
        "amc_name": "JM Financial Asset Management Limited",
        "main_scheme_name": "jm arbitrage fund",
        "monthly_aaum_date": "28FEBRUARY2025",
        "page_number": [
            25,
            26
        ],
        "mutual_fund_name": "JM Financial Mutual Fund"
    },
    "jm aggressive hybrid fund": {
        "inception_date_1st_april,_1995": [
            "#Benchmark Index:",
            "CRISIL Hybrid 35+65 Aggressive",
            "##Additional Benchmark Index:",
            "Nifty 50 TRI",
            ""
        ],
        "fund_manager_details": [
            "Fund Manager: Mr. Asit Bhandarkar",
            "(Managing this Scheme sin",
            "2021 & total 20 years of experience in fund managemen",
            "Co-Fund Managers: Mr. Satish Ramanathan",
            "(Managing this Schem",
            "October 01, 2024 & total years of experience of around ",
            "Mr. Chaitanya Choksi",
            "(Managing this Scheme since August 2",
            "around 21 years of work experience in the field of equity",
            "management).",
            "Debt Portion: Ms. Ruchi Fozdar",
            "(Managing this Scheme since O",
            "and has 10 years of experience in fixed income market)",
            ""
        ],
        "nav_details_(in_rs._per_unit)": [
            "(Regular) - Growth Option: 115.6890",
            "(Regular) - IDCW (Payout): 32.3571",
            "(Direct) - Growth Option: 131.1895",
            "(Direct) - IDCW (Payout): 72.3276",
            ""
        ],
        "fund_size": [
            "Month End AUM : Rs. 752.06 Crore",
            "Monthly AAUM : Rs. 752.01 Crore",
            ""
        ],
        "isin": [
            "(Regular) - Growth Option: INF192K01544",
            "(Direct) - Growth Option: INF192K01BQ9",
            ""
        ],
        "portfolio_turnover_ratio_1.3697": [
            ""
        ],
        "minimum_application_amount": [
            "Purchase:",
            "1000/- and in multiples of Re. 1 thereafter.",
            "Additional Purchase:",
            "100/- and in multiples of Re. 1 thereafter",
            ""
        ],
        "exit_load": [
            "\u00b7",
            "If the units are redeemed / switched out on or before ",
            "allotment \u00b7 1.00%.",
            "\u00b7",
            "If the units are redeemed / switched out after 60 days",
            "\u00b7 Nil.",
            ""
        ],
        "expense_ratio": [
            "Regular Plan",
            "2.29%",
            "Direct Plan",
            "0.71%",
            ""
        ],
        "risk_ratios": [
            "Scheme Name",
            "Beta Sharpe",
            "~",
            "Std. De",
            "JM Aggressive Hybrid Fund - Growth",
            "1.01",
            "1.00",
            "12.06",
            "CRISIL Hybrid 35+65 Aggressive Index0.52",
            "9.21",
            "Source: www.mutualfundsindia.com",
            "Disclaimer:",
            "Sharpe, Beta & Stand",
            "are calculated on the basis of absolute return using 1-m",
            "frequency for a period of 3 years and Sharpe & Standar",
            "by SQRT12.",
            "~Risk Free rate: 6.65%.",
            ""
        ],
        "portfolio_statistics_(for_debt_portion)": [
            "Annualised Portfolio YTM",
            "!!",
            "7.17",
            "Modified Duration",
            "4.1877 y",
            "Average Maturity",
            "5.9649 y",
            "Macaulay Duration",
            "4.3686 y",
            "!!Semi annual YTM has been annualised.",
            "For Risk-o-meter (Scheme & Benchmark), refer page no",
            "Scan for complete portfolio",
            ""
        ],
        "dummydrmthzgpvzburjl": [
            ""
        ],
        "amc_name": "JM Financial Asset Management Limited",
        "main_scheme_name": "jm aggressive hybrid fund",
        "monthly_aaum_date": "28FEBRUARY2025",
        "page_number": [
            27
        ],
        "mutual_fund_name": "JM Financial Mutual Fund"
    },
    "jm overnight fund": {
        "inception_date_3rd_december,_2019": [
            "#Benchmark Index:",
            "CRISIL Liquid Overnight Index",
            "##Additional Benchmark Index:",
            "Crisil 1 Year T Bill Inde",
            ""
        ],
        "fund_manager_details": [
            "Fund Manager",
            "Mr. Killol Pandya",
            "(Managing this Scheme since Nov",
            "has more than 17 years of experience in the as",
            "Co-Fund Managers",
            "Ms. Naghma Khoja",
            "(Managing this Scheme since A",
            "has more than 6 years of experience in the ass",
            "Ms. Ruchi Fozdar",
            "(Managing this Scheme since Apr",
            "10 years of experience in fixed income market)",
            ""
        ],
        "nav_details_(in_rs._per_unit)": [
            "(Regular) - Growth Option : 1278.4895",
            "(Direct) - Growth Option : 1283.1019",
            ""
        ],
        "fund_size": [
            "Month End AUM : Rs. 104.64 Crore",
            "Monthly AAUM : Rs. 221.70 Crore",
            ""
        ],
        "isin": [
            "(Regular) - Growth Option: INF192K01LX4",
            "(Direct) - Growth Option: INF192K01MB8",
            ""
        ],
        "minimum_application_amount": [
            "Purchase:",
            "1000/- and in multiples of Re. 1 thereaf",
            "Additional Purchase:",
            "100/- and in multiples of Re. 1 t",
            ""
        ],
        "exit_load": [
            "NIL",
            ""
        ],
        "expense_ratio": [
            "Regular Plan",
            "0.15%",
            "Direct Plan",
            "0.08%",
            ""
        ],
        "portfolio_statistics": [
            "Annualised Portfolio YTM",
            "!!",
            "6.6",
            "Modified Duration",
            "2.81",
            "Average Maturity",
            "2.99",
            "Macaulay Duration",
            "2.99",
            "!!Semi annual YTM has been annualised.",
            "For Risk-o-meter (Scheme & Benchmark) & Po",
            "refer page no. 40.",
            "25",
            ""
        ],
        "dummyxymvxumouxepxbo": [
            ""
        ],
        "amc_name": "JM Financial Asset Management Limited",
        "main_scheme_name": "jm overnight fund",
        "monthly_aaum_date": "28FEBRUARY2025",
        "page_number": [
            28
        ],
        "mutual_fund_name": "JM Financial Mutual Fund"
    },
    "jm liquid fund": {
        "inception_date_31st_december,_1997": [
            "#Benchmark Index:",
            "CRISIL Liquid Debt A-I Index",
            "##Additional Benchmark Index:",
            "Crisil 1 Year T Bill Index",
            ""
        ],
        "fund_manager_details": [
            "Fund Manager",
            "Mr. Killol Pandya",
            "(Managing this Scheme since Nove",
            "has more than 17 years of experience in the asse",
            "Co-Fund Managers",
            "Ms. Naghma Khoja",
            "(Managing this Scheme since Oct",
            "has more than 6 years of experience in the asset",
            "Ms. Ruchi Fozdar",
            "(Managing this Scheme since April ",
            "10 years of experience in fixed income market).",
            ""
        ],
        "nav_details_(in_rs._per_unit)": [
            "(Regular) - Growth Option : 69.2752",
            "(Direct) - Growth Option : 69.9878",
            ""
        ],
        "fund_size": [
            "Month End AUM : Rs. 3,220.67 Crore",
            "Monthly AAUM : Rs. 3,254.15 Crore",
            ""
        ],
        "isin": [
            "(Regular) - Growth Option: INF192K01882",
            "(Direct) - Growth Option: INF192K01CM6",
            ""
        ],
        "minimum_application_amount": [
            "Purchase:",
            "1000/- and in multiples of Re. 1 thereafte",
            "Additional Purchase:",
            "100/- and in multiples of Re. 1 the",
            ""
        ],
        "expense_ratio": [
            "Regular Plan",
            "0.26%",
            "Direct Plan",
            "0.16%",
            ""
        ],
        "exit_load": [
            "Investor Exit upon Exit Load as a % of redem",
            "subscription (based onproceeds (including syste",
            "Applicable NAV)",
            "transactions)",
            "Day 1",
            "0.0070%",
            "Day 2",
            "0.0065%",
            "Day 3",
            "0.0060%",
            "Day 4",
            "0.0055%",
            "Day 5",
            "0.0050%",
            "Day 6",
            "0.0045%",
            "Day 7 Onwards",
            "0.0000%",
            ""
        ],
        "portfolio_statistics": [
            "Annualised Portfolio YTM",
            "!!",
            "7.23",
            "Modified Duration",
            "0.1132 y",
            "Average Maturity",
            "0.1219 y",
            "Macaulay Duration",
            "0.1213 y",
            "!!Semi annual YTM has been annualised.",
            "For Risk-o-meter (Scheme & Benchmark) & Pote",
            "refer page no. 40.",
            ""
        ],
        "dummysuwhvcwrfdvddzq": [
            ""
        ],
        "amc_name": "JM Financial Asset Management Limited",
        "main_scheme_name": "jm liquid fund",
        "monthly_aaum_date": "28FEBRUARY2025",
        "page_number": [
            29
        ],
        "mutual_fund_name": "JM Financial Mutual Fund"
    },
    "jm short duration fund": {
        "inception_date_29th_august,_2022": [
            "#Benchmark Index:",
            "CRISIL Short Duration Debt A-I",
            "##Additional Benchmark Index:",
            "Crisil 1 Year T Bill Inde",
            ""
        ],
        "fund_manager_details": [
            "Fund Manager",
            "Mr. Killol Pandya",
            "(Managing this Scheme since Nov",
            "has more than 17 years of experience in the as",
            "Co-Fund Managers",
            "Ms. Naghma Khoja",
            "(Managing this Scheme since A",
            "has more than 6 years of experience in the ass",
            "Ms. Ruchi Fozdar",
            "(Managing this Scheme since Apr",
            "10 years of experience in fixed income market)",
            ""
        ],
        "nav_details_(in_rs._per_unit)": [
            "(Regular) - Growth Option: 11.5940",
            "(Direct) - Growth Option: 11.8283",
            ""
        ],
        "fund_size": [
            "Month End AUM : Rs. 117.22 Crore",
            "Monthly AAUM : Rs. 118.01 Crore",
            ""
        ],
        "isin": [
            "(Regular) - Growth Option: INF192K01MM5",
            "(Direct) - Growth Option: INF192K01MP8",
            ""
        ],
        "minimum_application_amount": [
            "Purchase:",
            "1000/- and in multiples of Re. 1 thereaf",
            "Additional Purchase:",
            "100/- and in multiples of Re. 1 t",
            ""
        ],
        "exit_load": [
            "NIL",
            ""
        ],
        "expense_ratio": [
            "Regular Plan1.09%",
            "Direct Plan",
            "0.37%",
            ""
        ],
        "portfolio_statistics": [
            "Annualised Portfolio YTM",
            "!!",
            "7.3",
            "Modified Duration",
            "2.4731",
            "Average Maturity",
            "3.0118",
            "Macaulay Duration",
            "2.6092",
            "!!Semi annual YTM has been annualised.",
            "For Risk-o-meter (Scheme & Benchmark) & Po",
            "refer page no. 40.",
            ""
        ],
        "maturity_profile**": [
            "50.00",
            "46.05%",
            "45.00",
            "40.00",
            "36.54%",
            "35.00",
            "30.00",
            "25.00",
            "20.00",
            "17.11%",
            "15.00",
            "10.00",
            "5.00",
            "0.00",
            "0 to 1 year",
            "1 to 4 years",
            "4 to 7 years",
            "** Excluding investment in CDMDFA2",
            "27",
            ""
        ],
        "dummyarybclqmkyhpxnc": [
            ""
        ],
        "amc_name": "JM Financial Asset Management Limited",
        "main_scheme_name": "jm short duration fund",
        "monthly_aaum_date": "28FEBRUARY2025",
        "page_number": [
            30
        ],
        "mutual_fund_name": "JM Financial Mutual Fund"
    },
    "jm dynamic bond fund": {
        "inception_date_25th_june,_2003": [
            "#Benchmark Index:",
            "CRISIL Dynamic Bond A-III Index",
            "##Additional Benchmark Index:",
            "Crisil 10 Year Gilt Index",
            ""
        ],
        "fund_manager_details": [
            "Fund Manager",
            "Mr. Killol Pandya",
            "(Managing this Scheme since Nove",
            "has more than 17 years of experience in the asse",
            "Co-Fund Managers",
            "Ms. Naghma Khoja",
            "(Managing this Scheme since Ap",
            "has more than 6 years of experience in the asset",
            "Ms. Ruchi Fozdar",
            "(Managing this Scheme since April ",
            "10 years of experience in fixed income market).",
            ""
        ],
        "nav_details_(in_rs._per_unit)": [
            "(Regular) - Growth Option : 40.0026",
            "(Direct) - Growth Option : 42.5942",
            ""
        ],
        "fund_size": [
            "Month End AUM : Rs. 43.74 Crore",
            "Monthly AAUM : Rs. 43.71 Crore",
            ""
        ],
        "isin": [
            "(Regular) - Growth Option: INF192K01700",
            "(Direct) - Growth Option: INF192K01DD3",
            ""
        ],
        "minimum_application_amount": [
            "Purchase:",
            "1000/- and in multiples of Re. 1 thereafte",
            "Additional Purchase:",
            "100/- and in multiples of Re. 1 the",
            ""
        ],
        "exit_load": [
            "NIL",
            ""
        ],
        "expense_ratio": [
            "Regular Plan",
            "0.97%",
            "Direct Plan",
            "0.52%",
            ""
        ],
        "portfolio_statistics": [
            "Annualised Portfolio YTM",
            "!!",
            "6.83",
            "Modified Duration",
            "6.8704 y",
            "Average Maturity",
            "10.1360 y",
            "Macaulay Duration",
            "7.1019 y",
            "!!Semi annual YTM has been annualised.",
            "For Risk-o-meter (Scheme & Benchmark) & Pote",
            "refer page no. 40.",
            ""
        ],
        "dummyiopswfgxrwiealc": [
            ""
        ],
        "amc_name": "JM Financial Asset Management Limited",
        "main_scheme_name": "jm dynamic bond fund",
        "monthly_aaum_date": "28FEBRUARY2025",
        "page_number": [
            31
        ],
        "mutual_fund_name": "JM Financial Mutual Fund"
    },
    "jm low duration fund": {
        "inception_date_27th_september,_2006": [
            "#Benchmark Index:",
            "CRISIL Low Duration Debt A-I I",
            "##Additional Benchmark Index:",
            "Crisil 1 Year T Bill Inde",
            ""
        ],
        "fund_manager_details": [
            "Fund Manager",
            "Mr. Killol Pandya",
            "(Managing this Scheme since Nov",
            "has more than 17 years of experience in the as",
            "Co-Fund Managers",
            "Ms. Naghma Khoja",
            "(Managing this Scheme since A",
            "has more than 6 years of experience in the ass",
            "Ms. Ruchi Fozdar",
            "(Managing this Scheme since Apr",
            "10 years of experience in fixed income market)",
            ""
        ],
        "nav_details_(in_rs._per_unit)": [
            "(Regular) - Growth Option: 35.8494",
            "(Direct) - Growth Option: 36.7709",
            ""
        ],
        "fund_size": [
            "Month End AUM : Rs. 228.84 Crore",
            "Monthly AAUM : Rs. 231.41 Crore",
            ""
        ],
        "isin": [
            "(Regular) - Growth Option: INF192K01AY5",
            "(Direct) - Growth Option: INF192K01DW3",
            ""
        ],
        "minimum_application_amount": [
            "Purchase:",
            "1000/- and in multiples of Re. 1 thereaf",
            "Additional Purchase:",
            "100/- and in multiples of Re. 1 t",
            ""
        ],
        "exit_load": [
            "NIL",
            ""
        ],
        "expense_ratio": [
            "Regular Plan0.73%",
            "Direct Plan",
            "0.35%",
            ""
        ],
        "portfolio_statistics": [
            "Annualised Portfolio YTM",
            "!!",
            "7.7",
            "Modified Duration",
            "0.8733",
            "Average Maturity",
            "0.9968",
            "Macaulay Duration",
            "0.9281",
            "!!Semi annual YTM has been annualised.",
            "For Risk-o-meter (Scheme & Benchmark) & Po",
            "refer page no. 40.",
            ""
        ],
        "maturity_profile**": [
            "45.00",
            "40.91%",
            "40.00",
            "35.00",
            "30.00",
            "24.80%",
            "25.00",
            "20.00",
            "18.76%",
            "15.00",
            "10.90%",
            "10.00",
            "4.35%",
            "5.00",
            "0.00",
            "0 to 1 month 1 to 3 months 3 to 6 months 6 to 12 months",
            "Above 1 y",
            "** Excluding investment in CDMDFA2",
            "29",
            ""
        ],
        "dummyinponfqdqxsrohi": [
            ""
        ],
        "amc_name": "JM Financial Asset Management Limited",
        "main_scheme_name": "jm low duration fund",
        "monthly_aaum_date": "28FEBRUARY2025",
        "page_number": [
            32
        ],
        "mutual_fund_name": "JM Financial Mutual Fund"
    },
    "jm medium to long duration fund": {
        "inception_date_1st_april,_1995": [
            "#Benchmark Index:",
            "CRISIL Medium to Long Duration",
            "##Additional Benchmark Index:",
            "Crisil 10 Year Gilt Index",
            ""
        ],
        "fund_manager_details": [
            "Fund Manager",
            "Mr. Killol Pandya",
            "(Managing this Scheme since Nove",
            "has more than 17 years of experience in the asse",
            "Co-Fund Managers",
            "Ms. Naghma Khoja",
            "(Managing this Scheme since Apr",
            "has more than 6 years of experience in the asset",
            "Ms. Ruchi Fozdar",
            "(Managing this Scheme since April ",
            "10 years of experience in fixed income market).",
            ""
        ],
        "nav_details_(in_rs._per_unit)": [
            "(Regular) - Growth Option : 59.7638",
            "(Direct) - Growth Option : 66.4523",
            ""
        ],
        "fund_size": [
            "Month End AUM : Rs. 26.21 Crore",
            "Monthly AAUM : Rs. 26.58 Crore",
            ""
        ],
        "isin": [
            "(Regular) - Growth Option: INF192K01AB3",
            "(Direct) - Growth Option: INF192K01CW5",
            ""
        ],
        "minimum_application_amount": [
            "Purchase:",
            "1000/- and in multiples of Re. 1 thereafte",
            "Additional Purchase:",
            "100/- and in multiples of Re. 1 the",
            ""
        ],
        "exit_load": [
            "NIL",
            ""
        ],
        "expense_ratio": [
            "Regular Plan",
            "1.07%",
            "Direct Plan",
            "0.54%",
            ""
        ],
        "portfolio_statistics": [
            "Annualised Portfolio YTM",
            "!!",
            "6.80",
            "Modified Duration",
            "6.3764 y",
            "Average Maturity",
            "9.0777 y",
            "Macaulay Duration",
            "6.5902 y",
            "!!Semi annual YTM has been annualised.",
            "For Risk-o-meter (Scheme & Benchmark) & Pote",
            "refer page no. 40.",
            "nsitivity to interest rate changes. Duration tells investors t",
            "sitivity i.e. the changes in price of higher duration bonds ",
            "residual maturity.",
            "Formula:",
            "There is more than one way to calcu",
            "ds, M = maturity value (in",
            "), P = market price of bond.",
            "Notes:Duration is ",
            "st-rate risk. Or, stated differently, duration is a measure o",
            "d\u00b7s price will decline by 4%.\u00b7",
            ""
        ],
        "dummynjvimzyphhuuzel": [
            ""
        ],
        "amc_name": "JM Financial Asset Management Limited",
        "main_scheme_name": "jm medium to long duration fund",
        "monthly_aaum_date": "28FEBRUARY2025",
        "page_number": [
            33
        ],
        "mutual_fund_name": "JM Financial Mutual Fund"
    }
}