{
    "samco active momentum fund": {
        "investment_objective": [
            "The investment objective of the Scheme is to seek to",
            "generate long-term capital appreciation by investing in",
            "stocks showing strong momentum. Momentum stocks are",
            "such that exhibit positive price momentum \u00b7 based on the",
            "phenomenon that stocks which have performed well in the",
            "past relative to other stocks (winners) continue to perform",
            "well in the future, and stocks that have performed",
            "relatively poorly (losers) continue to perform poorly.",
            "However, there can be no assurance or guarantee that the",
            "investment objective of the scheme would be achieved.",
            ""
        ],
        "scheme_details": [
            "Inception Date",
            "05-Jul-2023",
            "(Date of Allotment)",
            "Benchmark",
            "Nifty 500 TRI",
            "Min.Application",
            "\u00b75000/- and in multiples of \u00b71/-",
            "Amount",
            "Additional",
            "\u00b7500/- and in multiples of \u00b71/- thereafter",
            "Purchase",
            "Entry Load",
            "NIL",
            "Exit Load",
            "1.00% If the investment is redeemed",
            "or switched out on or before 365 days",
            "from the date of allotment of units.",
            "No Exit Load will be charged if",
            "investment is redeemed or switched",
            "out after 365 days from the date of",
            "allotment of units.",
            "(With effect from October 03, 2024)",
            "Total Expense",
            "Regular Plan",
            "Direct Plan",
            "Ratio (TER)",
            "2.25%",
            "0.87%",
            "as on January31,",
            "2025",
            "Including Goods and Service Tax on",
            "Management Fees.",
            ""
        ],
        "fund_manager": [
            "Mr. Paras Matalia,",
            "Fund Manager & Head - Research Equity",
            "(Managing this scheme since inception)",
            "Total Experience:",
            "Around 9 years",
            "Mr. Umeshkumar Mehta,",
            "Director, CIO & Fund Manager",
            "(Managing the scheme since August 01, 2023)",
            "Total Experience:",
            "Over 20 years",
            "Mr. Dhawal Ghanshyam Dhanani",
            "(Dedicated Fund Manager for Overseas investments since inception)",
            "Total Experience:",
            "Around 6 years",
            ""
        ],
        "nav_as_on_31_january_2025_(\u00b7_per_unit)": [
            "Regular Growth",
            "\u00b7 14.55",
            "Direct Growth",
            "\u00b7 14.88",
            ""
        ],
        "quantitative_data": [
            "Portfolio Turnover Ratio:",
            "6.07 times",
            "Lower of sales or purchases divided by average AUM for last rolling 12 months",
            ""
        ],
        "assets_under_management_(aum)": [
            "AUM as on January 31, 2025",
            "\u00b7 890.41 Crs",
            "Average AUM for Month of January 2025",
            "\u00b7 905.80 Crs",
            ""
        ],
        "dummyejkynfmhdmiypke": [
            ""
        ],
        "amc_name": "Samco Asset Management Private Limited",
        "main_scheme_name": "samco active momentum fund",
        "monthly_aaum_date": "28FEBRUARY2025",
        "page_number": [
            3
        ],
        "mutual_fund_name": "Samco Mutual Fund"
    },
    "samco dynamic asset allocation fund": {
        "investment_objective": [
            "The investment objective of the Scheme is to generate",
            "income/long-term capital appreciation by investing in",
            "equity, equity derivatives, fixed income instruments and",
            "foreign",
            "securities.",
            "The",
            "allocation",
            "between",
            "equity",
            "instruments",
            "and",
            "fixed",
            "income",
            "will",
            "be",
            "managed",
            "dynamically so as to provide investors with long term",
            "capital appreciation while managing downside risk.",
            "However, there can be no assurance or guarantee that the",
            "investment objective of the scheme would be achieved.",
            ""
        ],
        "scheme_details": [
            "Inception Date",
            "28-Dec-2023",
            "(Date of Allotment)",
            "Benchmark",
            "NIFTY50 Hybrid Composite Debt",
            "50: 50 Index",
            "Min. Application",
            "\u00b75000/- and in multiples of \u00b71/-",
            "Amount",
            "Additional",
            "\u00b7500/- and in multiples of \u00b71/- thereafter",
            "Purchase",
            "Entry Load",
            "NIL",
            "Exit Load",
            "25% of the units allotted may be",
            "redeemed without any exit load, on or",
            "before completion of 12 months from",
            "the date of allotment of units. Any",
            "redemption in excess of such limit in the",
            "first 12 months from the date of",
            "allotment shall be subject to the",
            "following exit load:",
            "\u00b7 1% if redeemed or switched out on or",
            "before completion of 12 months from",
            "the date of allotment of units;",
            "\u00b7 Nil, if redeemed or switched out after",
            "completion of 12 months from the date",
            "of allotment of unit.",
            "Total Expense",
            "Regular Plan",
            "Direct Plan",
            "Ratio (TER)",
            "2.37%",
            "0.80%",
            "as on January 31,",
            "Including Goods and Service Tax on",
            "2025",
            "Management Fees.",
            ""
        ],
        "fund_manager": [
            "Mr. Umeshkumar Mehta,",
            "Director, CIO & Fund Manager",
            "(Managing this scheme since inception)",
            "Total Experience:",
            "Over 20 years",
            "Mr. Paras Matalia,",
            "Fund Manager & Head - Research Equity",
            "(Managing this scheme since inception)",
            "Total Experience:",
            "Around 9 years",
            "Mr. Dhawal Ghanshyam Dhanani",
            "(Dedicated Fund Manager for Overseas investments since inception)",
            "Total Experience:",
            "Around 6 years",
            ""
        ],
        "nav_as_on_31_january_2025_(\u00b7_per_unit)": [
            "Regular Growth",
            "\u00b7 10.36",
            "Direct Growth",
            "\u00b7 10.56",
            "Regular IDCW",
            "\u00b7 10.36",
            "Direct IDCW",
            "\u00b7 10.55",
            ""
        ],
        "assets_under_management_(aum)": [
            "AUM as on January 31, 2025",
            "\u00b7 565.30 Crs",
            "Average AUM for Month of",
            "January 2025",
            "\u00b7 589.32 Crs",
            ""
        ],
        "quantitative_data": [
            "Portfolio Turnover Ratio:",
            "7.90 times",
            "Lower of sales or purchases divided by average AUM for last rolling 12 months",
            ""
        ],
        "dummyjwbqcfcnrujajbu": [
            ""
        ],
        "amc_name": "Samco Asset Management Private Limited",
        "main_scheme_name": "samco dynamic asset allocation fund",
        "monthly_aaum_date": "28FEBRUARY2025",
        "page_number": [
            5
        ],
        "mutual_fund_name": "Samco Mutual Fund"
    },
    "samco flexi cap fund": {
        "investment_objective": [
            "The investment objective of the Scheme is to seek to",
            "generate long-term capital growth from an actively",
            "managed portfolio of Indian & foreign equity instruments",
            "across market capitalisation. However, there is no",
            "assurance or guarantee that the investment objective of",
            "the Scheme will be achieved.",
            ""
        ],
        "scheme_details": [
            "Inception Date",
            "04-Feb-2022",
            "(Date of Allotment)",
            "Benchmark",
            "Nifty 500 TRI",
            "Min.Application",
            "\u00b75,000/- and in multiples of \u00b71/-",
            "Amount",
            "Additional",
            "\u00b7500/- and in multiples of \u00b71/- thereafter",
            "Purchase",
            "Entry Load",
            "NIL",
            "Exit Load",
            "10% of the units allotted may be redeemed",
            "without any exit load, on or before",
            "completion of 12 months from the date of",
            "allotment of units. Any redemption in",
            "excess of such limit in the first 12 months",
            "from the date of allotment shall be subject",
            "to the following exit load:",
            "\u00b7 1% if redeemed or switched out on or",
            "before completion of 12 months from the",
            "date of allotment of units;",
            "\u00b7 Nil, if redeemed or switched out after",
            "completion of 12 months from the date",
            "of allotment of unit.",
            "Total Expense",
            "Regular Plan",
            "Direct Plan",
            "Ratio (TER)",
            "2.41%",
            "1.06%",
            "as on January 31,",
            "2025",
            "Including",
            "Additional",
            "Expenses",
            "and",
            "Goods and Service Tax on Management",
            "Fees.",
            ""
        ],
        "fund_manager": [
            "Ms. Nirali Bhansali,",
            "Fund Manager",
            "(Managing this scheme since inception)",
            "Total Experience:",
            "Around 9 years",
            "Mr. Umeshkumar Mehta,",
            "Director, CIO & Fund Manager",
            "(Managing the scheme since August 01, 2023)",
            "Total Experience:",
            "Over 20 years",
            "Mr. Dhawal Ghanshyam Dhanani",
            "(Dedicated Fund Manager for Overseas investments since inception)",
            "Total Experience:",
            "Around 6 years",
            ""
        ],
        "nav_as_on_31_january_2025_(\u00b7_per_unit)": [
            "Regular Growth:",
            "\u00b7 10.19",
            "Direct Growth:",
            "\u00b7 10.65",
            ""
        ],
        "quantitative_data": [
            "Portfolio Turnover Ratio:",
            "2.26 times",
            "Lower of sales or purchases divided by average AUM for last rolling 12 months",
            "\u00b7",
            ""
        ],
        "assets_under_management_(aum)": [
            "AUM as on January 31, 2024",
            "\u00b7495.13 Crs",
            "Average AUM for Month of January 2025",
            "\u00b7551.44 Crs",
            ""
        ],
        "dummyzfbvrehjpiwhkrq": [
            ""
        ],
        "amc_name": "Samco Asset Management Private Limited",
        "main_scheme_name": "samco flexi cap fund",
        "monthly_aaum_date": "28FEBRUARY2025",
        "page_number": [
            7
        ],
        "mutual_fund_name": "Samco Mutual Fund"
    },
    "samco multi cap fund": {
        "investment_objective": [
            "The investment objective of the scheme is to generate",
            "long term capital appreciation by investing in a portfolio of",
            "equity and equity related securities of large cap, midcap",
            "and small cap companies.   There is no assurance that the",
            "investment objective of the scheme will be achieved.",
            ""
        ],
        "scheme_details": [
            "Inception Date",
            "30-Oct-2024",
            "(Date of Allotment)",
            "Benchmark",
            "Nifty 500 Multicap 50:25:25 Total Returns Index",
            "Min.Application",
            "\u00b75,000/- and in multiples of \u00b71/-",
            "Amount",
            "Additional",
            "\u00b7500/- and in multiples of \u00b71/- thereafter",
            "Purchase",
            "Entry Load",
            "NIL",
            "Exit Load",
            "10% of units can be redeemed without an",
            "exit load within 12 months of allotment.",
            "Any redemption in excess of such limit in",
            "the first 12 months will incur 1% exit load.",
            "No exit load, if redeemed or switched out",
            "after 12 months from the date of allotment",
            "of unit.",
            "Total Expense",
            "Regular Plan",
            "Direct Plan",
            "Ratio (TER)",
            "2.38%",
            "0.71%",
            "as on January",
            "Including",
            "Additional",
            "Expenses",
            "and",
            "31, 2025",
            "Goods and Service Tax on Management",
            "Fees.",
            ""
        ],
        "fund_manager": [
            "Mr. Umeshkumar Mehta,",
            "Director, CIO & Fund Manager",
            "(Managing this scheme since inception)",
            "Total Experience:",
            "Over 20 years",
            "Mr. Paras Matalia,",
            "Fund Manager & Head - Research Equity",
            "(Managing this scheme since inception)",
            "Total Experience:",
            "Around 9 years",
            "Mr. Dhawal Ghanshyam Dhanani",
            "(Dedicated Fund Manager for Overseas investments since inception)",
            "Total Experience:",
            "Around 6 years",
            ""
        ],
        "nav_as_on_31_january_2025_(\u00b7_per_unit)": [
            "Regular Growth:",
            "\u00b7 9.07",
            "Direct Growth:",
            "\u00b7 9.11",
            ""
        ],
        "assets_under_management_(aum)": [
            "\u00b7",
            "AUM as on January 31, 2025",
            "\u00b7340.85 Crs",
            "Average AUM for Month of January 2025",
            "\u00b7347.37 Crs",
            ""
        ],
        "market_capitalisation_(%_of_allocation)": [
            "25.28%",
            "18.30%",
            "23.45%",
            "Large Cap",
            "Mid Cap",
            "Small Cap",
            "Grand Total: 67.03%",
            ""
        ],
        "dummyquctguomcmeelto": [
            ""
        ],
        "amc_name": "Samco Asset Management Private Limited",
        "main_scheme_name": "samco multi cap fund",
        "monthly_aaum_date": "28FEBRUARY2025",
        "page_number": [
            9
        ],
        "mutual_fund_name": "Samco Mutual Fund"
    },
    "samco special opportunities fund": {
        "investment_objective": [
            "The investment objective of the scheme is to achieve",
            "long-term capital appreciation by investing in a portfolio of",
            "securities that are involved in special situations such as",
            "restructurings,",
            "turnarounds,",
            "spin-offs,",
            "mergers",
            "&",
            "acquisitions, new trends, new & emerging sectors,",
            "digitization, premiumization, and other special corporate",
            "actions. These situations often create mispricings and",
            "undervalued opportunities that the fund aims to exploit for",
            "potential capital appreciation. However, there can be no",
            "assurance or guarantee that the investment objective of",
            "the scheme would be achieved.",
            ""
        ],
        "scheme_details": [
            "Inception Date",
            "06-Jun-2024",
            "(Date of Allotment)",
            "Benchmark",
            "Nifty 500 TRI",
            "Min. Application",
            "\u00b75000/- and in multiples of \u00b71/-",
            "Amount",
            "Additional",
            "\u00b7500/- and in multiples of \u00b71/- thereafter",
            "Purchase",
            "Entry Load",
            "NIL",
            "Exit Load",
            "1.00% If the investment is redeemed",
            "or switched out on or before 365 days",
            "from the date of allotment of units.",
            "No Exit Load will be charged if",
            "investment is redeemed or switched",
            "out after 365 days from the date of",
            "allotment of units.",
            "(With effect from October 03, 2024)",
            "Total Expense",
            "Regular Plan",
            "Direct Plan",
            "Ratio (TER)",
            "2.41%",
            "0.91%",
            "as on January 31,",
            "Including Goods and Service Tax on",
            "2025",
            "Management Fees.",
            ""
        ],
        "fund_manager": [
            "Mr. Paras Matalia,",
            "Fund Manager & Head - Research Equity",
            "(Managing this scheme since inception)",
            "Total Experience:",
            "Around 9 years",
            "Mr. Umeshkumar Mehta,",
            "Director, CIO & Fund Manager",
            "(Managing this scheme since inception)",
            "Total Experience:",
            "Over 20 years",
            "Mr. Dhawal Ghanshyam Dhanani",
            "(Dedicated Fund Manager for Overseas investments since inception)",
            "Total Experience:",
            "Around 6 years",
            ""
        ],
        "nav_as_on_31_january_2025_(\u00b7_per_unit)": [
            "Regular Growth",
            "\u00b7 8.28",
            "Direct Growth",
            "\u00b7 8.37",
            ""
        ],
        "assets_under_management_(aum)": [
            "AUM as on January 31, 2025",
            "\u00b7 167.24 Crs",
            "Average AUM for Month of January 2025",
            "\u00b7 179.52 Crs",
            ""
        ],
        "dummyjfbkptshdmvrwit": [
            ""
        ],
        "amc_name": "Samco Asset Management Private Limited",
        "main_scheme_name": "samco special opportunities fund",
        "monthly_aaum_date": "28FEBRUARY2025",
        "page_number": [
            11
        ],
        "mutual_fund_name": "Samco Mutual Fund"
    },
    "samco elss tax saver fund": {
        "investment_objective": [
            "The investment objective of the scheme is to generate",
            "long-term capital appreciation through investments made",
            "predominantly in equity and equity related instruments.",
            "However, there can be no assurance or guarantee that the",
            "investment objective of the scheme would be achieved.",
            ""
        ],
        "scheme_details": [
            "Inception Date",
            "22-Dec-2022",
            "(Date of Allotment)",
            "Benchmark",
            "Nifty 500 TRI",
            "Min.Application",
            "\u00b7500/- and in multiples of \u00b7500/-",
            "Amount",
            "Additional",
            "\u00b7500/- and in multiples of \u00b7500/-",
            "Purchase",
            "Entry Load",
            "NIL",
            "Exit Load",
            "NIL",
            "Total Expense",
            "Regular Plan",
            "Direct Plan",
            "Ratio (TER)",
            "2.38%",
            "0.98%",
            "as on January31,",
            "2025",
            "Including Goods and Service Tax on",
            "Management Fees.",
            ""
        ],
        "fund_manager": [
            "Ms. Nirali Bhansali",
            "Fund Manager",
            "(Managing this scheme since inception)",
            "Total Experience:",
            "Around 9 years",
            "Mr. Umeshkumar Mehta,",
            "Director, CIO & Fund Manager",
            "(Managing the scheme since August 01, 2023)",
            "Total Experience:",
            "Over 20 years",
            ""
        ],
        "nav_as_on_31_january_2025_(\u00b7_per_unit)": [
            "Regular Growth",
            "\u00b7 12.31",
            "Direct Growth",
            "\u00b7 12.69",
            ""
        ],
        "quantitative_data": [
            "Portfolio Turnover Ratio:",
            "1.80 times",
            "Lower of sales or purchases divided by average AUM for last rolling 12 months",
            ""
        ],
        "assets_under_management_(aum)": [
            "AUM as on January 31, 2025",
            "\u00b7 106.24 Crs",
            "Average AUM for Month of January 2025",
            "\u00b7 115.04 Crs",
            ""
        ],
        "dummymivlvuiklwmywyb": [
            ""
        ],
        "amc_name": "Samco Asset Management Private Limited",
        "main_scheme_name": "samco elss tax saver fund",
        "monthly_aaum_date": "28FEBRUARY2025",
        "page_number": [
            13
        ],
        "mutual_fund_name": "Samco Mutual Fund"
    },
    "samco multi asset allocation fund": {
        "investment_objective": [
            "The investment objective of the scheme is to generate long term",
            "capital appreciation by investing in a diversified portfolio of equity",
            "and equity related instruments, debt and money market",
            "instruments, Exchange Traded Commodity Derivatives / Units of",
            "Gold ETFs, Silver ETF & units of REITs/InvITs. There is no assurance",
            "that the investment objective of the scheme will be achieved.",
            ""
        ],
        "scheme_details": [
            "Inception Date",
            "24-Dec-2024",
            "(Date of Allotment)",
            "Benchmark",
            "65% Nifty 50 TRI + 20% CRISIL Short Term",
            "Bond Fund Index + 10% Domestic Price of",
            "Gold and 5% Domestic Price of Silver",
            "Min.Application",
            "\u00b75,000/- and in multiples of \u00b71/- thereafter",
            "Amount",
            "Additional",
            "\u00b7500/- and in multiples of \u00b71/- thereafter",
            "Purchase",
            "Entry Load",
            "NIL",
            "Exit Load",
            "10% of units can be redeemed without an exit",
            "load within 12 months of allotment. Any",
            "redemption in excess of such limit in the first",
            "12 months will incur 1% exit load. No exit load,",
            "if redeemed or switched out after 12 months",
            "from the date of allotment of unit.",
            "Total Expense",
            "Regular Plan",
            "Direct Plan",
            "Ratio (TER)",
            "2.01%",
            "0.34%",
            "as on January 31,",
            "Including Additional Expenses and Goods",
            "2025",
            "and Service Tax on Management Fees.",
            ""
        ],
        "fund_manager": [
            "Mr. Umeshkumar Mehta,",
            "Director, CIO & Fund Manager",
            "(Managing the scheme since inception)",
            "Total Experience:",
            "Over 20 years",
            "Ms. Nirali Bhansali,",
            "Fund Manager",
            "(Managing this scheme since inception)",
            "Total Experience:",
            "Around 9 years",
            "Mr. Dhawal Ghanshyam Dhanani",
            "(Dedicated Fund Manager for Overseas investments since inception)",
            "Total Experience:",
            "Around 6 years",
            ""
        ],
        "nav_as_on_31_january_2025_(\u00b7_per_unit)": [
            "Regular Growth:",
            "\u00b7 10.23",
            "Direct Growth:",
            "\u00b7 10.25",
            ""
        ],
        "quantitative_data": [
            "Annualised Portfolio YTM",
            ":  6.62%",
            "Macaulay Duration",
            ":  1.10 years",
            "Residual Maturity",
            ":  1.14 years",
            "Modified Duration",
            ":  1.06 years",
            ""
        ],
        "assets_under_management_(aum)": [
            "AUM as on January 31, 2025",
            "\u00b7190.76 Crs",
            "Average AUM for Month of January 2025",
            "\u00b7180.83 Crs",
            ""
        ],
        "market_capitalisation_(%_of_allocation)": [
            "0.50%",
            "9.75%",
            "1.96%",
            "Large Cap",
            "Mid Cap",
            "Small Cap",
            "Grand Total: 12.21%",
            ""
        ],
        "dummypjybzxrhklnnueo": [
            ""
        ],
        "amc_name": "Samco Asset Management Private Limited",
        "main_scheme_name": "samco multi asset allocation fund",
        "monthly_aaum_date": "28FEBRUARY2025",
        "page_number": [
            15
        ],
        "mutual_fund_name": "Samco Mutual Fund"
    },
    "samco overnight fund": {
        "investment_objective": [
            "The investment objective of the Scheme is to provide",
            "reasonable returns commensurate with very low risk and",
            "providing a high level of liquidity, through investments",
            "made primarily in overnight securities having maturity/",
            "residual maturity of 1 day. However, there can be no",
            "assurance or guarantee that the investment objective of",
            "the scheme would be achieved.",
            ""
        ],
        "scheme_details": [
            "Inception Date",
            "12-Oct-2022",
            "(Date of Allotment)",
            "Benchmark",
            "CRISIL Liquid Overnight Index",
            "Min.Application",
            "\u00b75,000/- and in multiples of \u00b71/-",
            "Amount",
            "Additional",
            "\u00b7500/- and in multiples of \u00b71/-",
            "Purchase",
            "Entry Load",
            "NIL",
            "Exit Load",
            "NIL",
            "Total Expense",
            "Regular Plan",
            "Direct Plan",
            "Ratio (TER)",
            "0.33%",
            "0.13%",
            "as on January31,",
            "2025",
            "Including Goods and Service Tax on",
            "Management Fees.",
            ""
        ],
        "fund_manager": [
            "Mr. Dhawal Ghanshyam Dhanani",
            "(Managing this scheme since inception)",
            "Total Experience:",
            "Around 6 years",
            "Mr. Umeshkumar Mehta,",
            "Director, CIO & Fund Manager",
            "(Managing this scheme since April 03, 2024)",
            "Total Experience:",
            "Over 20 years",
            ""
        ],
        "nav_as_on_31_january_2025_(\u00b7_per_unit)": [
            "Regular Growth",
            "\u00b7 1152.0525",
            "Direct Growth",
            "\u00b7 1158.0394",
            ""
        ],
        "quantitative_data": [
            "Annualised Portfolio YTM",
            ":  6.45%",
            "Macaulay Duration",
            ":  3 days",
            "Residual Maturity",
            ":  3 days",
            "Modified Duration",
            ":  3 days",
            ""
        ],
        "assets_under_management_(aum)": [
            "AUM as on January 31, 2025",
            "\u00b749.59 Crs",
            "Average AUM for Month of January 2025",
            "\u00b749.28 Crs",
            "Note: The Scheme risk-o-meter and Benchmark ris",
            "Mutual Fund investments are subject t",
            ""
        ],
        "dummysmyqssvrvvvbqrb": [
            ""
        ],
        "amc_name": "Samco Asset Management Private Limited",
        "main_scheme_name": "samco overnight fund",
        "monthly_aaum_date": "28FEBRUARY2025",
        "page_number": [
            17
        ],
        "mutual_fund_name": "Samco Mutual Fund"
    },
    "samco arbitrage fund": {
        "investment_objective": [
            "The investment objective of the Scheme is to generate",
            "capital appreciation and income by predominantly",
            "investing in arbitrage opportunities in the cash and the",
            "derivative segments of the equity markets and the",
            "arbitrage opportunities available within the derivative",
            "segment and by investing the balance in debt and money",
            "market instruments. There is no assurance that the",
            "investment objective of the scheme will be achieved.",
            ""
        ],
        "scheme_details": [
            "Inception Date",
            "27-Nov-2024",
            "(Date of Allotment)",
            "Benchmark",
            "Nifty 50 Arbitrage TRI",
            "Min. Application",
            "\u00b75000/- and in multiples of \u00b71/-",
            "Amount",
            "Additional",
            "\u00b7500/- and in multiples of \u00b71/- thereafter",
            "Purchase",
            "Entry Load",
            "NIL",
            "Exit Load",
            "0.25% If the investment is redeemed",
            "or switched out on or before 7 days",
            "from the date of allotment of units; No",
            "Exit Load will be charged if investment",
            "is redeemed or switched out after 7",
            "days from the date of allotment of",
            "units.",
            "Total Expense",
            "Regular Plan",
            "Direct Plan",
            "Ratio (TER)",
            "1.18%",
            "0.38%",
            "as on January 31,",
            "The TER of the scheme shall be available on",
            "2025",
            "the date of re-opens for subscription.",
            ""
        ],
        "fund_manager": [
            "Mr. Umeshkumar Mehta,",
            "Director, CIO & Fund Manager",
            "(Managing this scheme since inception)",
            "Total Experience:",
            "Over 20 years",
            "Mr. Paras Matalia,",
            "Fund Manager & Head - Research Equity",
            "(Managing this scheme since inception)",
            "Total Experience:",
            "Around 9 years",
            "Mr. Dhawal Ghanshyam Dhanani",
            "(Dedicated Fund Manager for Overseas investments since inception)",
            "Total Experience:",
            "Around 6 years",
            ""
        ],
        "nav_as_on_31_january_2025_(\u00b7_per_unit)": [
            "Regular Growth",
            "\u00b7 10.09",
            "Direct Growth",
            "\u00b7 10.10",
            "This product is suitable for investors who are seeking",
            "To generate low volatility returns over short to med",
            "Predominantly investing in arbitrage opportunities in",
            "derivative segments of the equity markets",
            "*Investors should consult their financial advisers if in doubt a",
            "is suitable for them.",
            "Note: The Scheme risk-o-meter and Benchmark ris",
            "Mutual Fund investments are subject t",
            ""
        ],
        "dummyeivoggdcvfinsuk": [
            ""
        ],
        "amc_name": "Samco Asset Management Private Limited",
        "main_scheme_name": "samco arbitrage fund",
        "monthly_aaum_date": "28FEBRUARY2025",
        "page_number": [
            18
        ],
        "mutual_fund_name": "Samco Mutual Fund"
    }
}