{
    "groww large cap fund": {
        "before": [
            "(Large Cap Fund- An open ended equity scheme predominantly investing in large cap stocks)",
            "January 2025",
            ""
        ],
        "investment_objective": [
            "The primary investment objective of the Scheme is to seek to provide long-term capital appreciation from a portfolio that is invested predominantly in equity and",
            "equity-related securities of blue-chip large-cap companies. However, there can be no assurance that the investment objective of the scheme will be achieved.",
            ""
        ],
        "fund_snapshot": [
            "Inception Date (Date of Allotment)",
            "10th February, 2012",
            "Benchmark",
            "NIFTY 100 - TRI",
            "Fund Manager",
            "Mr. Anupam Tiwari (Head-Equity)",
            "(Managing Fund Since May 11, 2023)",
            "Total experience - over 18 years",
            "Minimum Investment Amount (for fresh application)",
            "For Lumpsum & SIP :",
            "500 and in multiples of",
            "1/-",
            "Minimum Additional Investment",
            "100 and in multiples of",
            "1/- thereafter",
            "Load Structure (as % of NAV)",
            "Entry Load: Not Applicable",
            "Exit Load: a) 1% if redeemed/ switched out within 7",
            "Days from the date of allotment.",
            "b) Nil - if redeemed/ switched out after 7 Days from",
            "the date of allotment.",
            ""
        ],
        "fund_size_(as_on_january_31,_2025)": [
            "Monthly Average AUM",
            "120.73 Crore",
            "Month End AUM",
            "119.34 Crore",
            ""
        ],
        "portfolio_details": [
            "Top 10 Stocks",
            "48.22%",
            "Top 10 Sectors",
            "83.45%",
            ""
        ],
        "total_expense_ratio": [
            "Direct Plan",
            "1.03%",
            "Regular Plan",
            "2.43%",
            "(Including Additional Expenses and goods and service tax",
            "on management fees.)",
            ""
        ],
        "nav_of_plans_/_options_per_unit": [
            "Regular Plan",
            "Direct Plan",
            "Growth",
            "39.4400",
            "Growth",
            "47.0100",
            "IDCW",
            "22.2200",
            "IDCW",
            "27.2500",
            "Monthly IDCW",
            "22.7100",
            "Monthly IDCW",
            "21.0100",
            "Quarterly IDCW",
            "23.5500",
            "Quarterly IDCW",
            "26.2400",
            "Half YearlyIDCW",
            "23.6800",
            "Half YearlyIDCW",
            "26.4400",
            "*NIFTY 100 - TRI, **BSE SENSEX-TRI",
            "Systematic Investment Plan (SIP) returns are worked out assuming",
            "investment of Rs. 10,000/- every month at NAV per unit of the",
            "scheme as on the \u00b7rst working day for the respective time periods.",
            "The loads have not been taken into account. Past performance",
            "may or may not be sustained in future and its not a guarantee of",
            "any future returns.. Returns are for Growth option only. CAGR",
            "returns are computed after accounting for the cash \u00b7ow by using",
            "XIRR method (investment internal rate of return).",
            "Data as on 31st January 2025",
            ""
        ],
        "dummyipwthzgivcdfdfa": [
            "Large Cap Fund- An open ended equity scheme predominantly investing in large cap stocks)",
            ""
        ],
        "quantitative_/_volatility_measures": [
            "Standard",
            "Sharpe",
            "Portfolio",
            "Deviation",
            "Ratio*",
            "Turnover",
            "3.8155",
            "0.34",
            "2.14%",
            "No. of",
            "Beta",
            "R Square",
            "Stocks",
            "0.96",
            "0.95",
            "35",
            "*Annualised. Risk free rate assumed to be 6.65%",
            "(FBIL OVERNIGHT MIBOR)",
            ""
        ],
        "dummypkjzoarjaluzueu": [
            ""
        ],
        "amc_name": "Groww Asset Management Limited",
        "main_scheme_name": "groww large cap fund",
        "monthly_aaum_date": "28FEBRUARY2025",
        "page_number": [
            13,
            14
        ],
        "mutual_fund_name": "Groww Mutual Fund"
    },
    "groww aggressive hybrid fund": {
        "before": [
            "(An open ended hybrid scheme investing predominantly in equity and equity related",
            "instruments)",
            "January 2025",
            ""
        ],
        "investment_objective": [
            "The Scheme seeks to generate periodic return and long term capital appreciation from a judicious mix of equity and debt instruments. However, there can be no",
            "assurance that the investment objective of the Scheme will be achieved. The Scheme does not assure or guarantee any returns.",
            ""
        ],
        "fund_snapshot": [
            "Inception Date (Date of Allotment)",
            "13th December, 2018",
            "Benchmark",
            "CRISIL Hybrid 35+65 - Aggressive Index",
            "Fund Manager",
            "Debt - Mr. Kaustubh Sule",
            "(Managing Fund Since May 11, 2023)",
            "Total experience - over 17 years",
            "Equity - Mr. Anupam Tiwari (Head-Equity)",
            "(Managing Fund Since May 11, 2023)",
            "Total experience - over 18 years",
            "Load Structure (as % of NAV)",
            "Entry Load: Not Applicable",
            "Exit Load:",
            "a)1% if redeemed/ switched out within 7 Days from the",
            "date of allotment,",
            "b)Nil - if redeemed/ switched out after 7 Days from the",
            "date of allotment",
            "Minimum Additional Investment",
            "100 and in multiples of",
            "1/- thereafter",
            "Minimum Investment Amount (for fresh application)",
            "For Lumpsum & SIP :",
            "500 and in multiples of",
            "1/-",
            ""
        ],
        "fund_size_(as_on_january_31,_2025)": [
            "Monthly Average AUM",
            "44.86 Crore",
            "Month End AUM",
            "44.77 Crore",
            ""
        ],
        "portfolio_details": [
            "Top 10 Stocks",
            "38.22%",
            "Top 10 Sectors",
            "61.00%",
            ""
        ],
        "total_expense_ratio": [
            "Direct Plan",
            "0.85%",
            "Regular Plan",
            "2.30%",
            "(Including Additional Expenses and goods and service tax",
            "on management fees.)",
            ""
        ],
        "nav_of_plans_/_options_per_unit": [
            "Regular Plan",
            "Direct Plan",
            "Growth",
            "19.5959",
            "Growth",
            "21.7697",
            "IDCW",
            "19.5930",
            "IDCW",
            "21.5987",
            "Monthly IDCW",
            "19.5941",
            "Monthly IDCW",
            "21.5646",
            "Quarterly IDCW",
            "20.7703",
            "Quarterly IDCW",
            "21.3426",
            "Half YearlyIDCW",
            "19.5498",
            "Half YearlyIDCW",
            "20.9466",
            "*CRISIL Hybrid 35+65 - Aggressive Index, **Nifty 50",
            "TRI",
            "Systematic Investment Plan (SIP) returns are worked",
            "out assuming investment of Rs. 10,000/- every month",
            "at NAV per unit of the scheme as on the \u00b7rst working",
            "day for the respective time periods. The loads have not",
            "been taken into account. Past performance may or may",
            "not be sustained in future and its not a guarantee of",
            "any future returns.. Returns are for Growth option only.",
            "CAGR returns are computed after accounting for the",
            "cash \u00b7ow by using XIRR method (investment internal",
            "rate of return).",
            "Data as on 31st January 2025",
            ""
        ],
        "dummykafcbcwrwrcolux": [
            ""
        ],
        "quantitative_/_volatility_measures": [
            "Standard",
            "Sharpe",
            "Portfolio",
            "Deviation",
            "Ratio*",
            "Turnover",
            "2.8924",
            "1.23",
            "1.97%",
            "No. of",
            "Beta",
            "R Square",
            "Stocks",
            "1.05",
            "0.94",
            "33",
            "*Annualised. Risk free rate assumed to be 6.65%",
            "(FBIL OVERNIGHT MIBOR)",
            ""
        ],
        "dummyqqqupzxcjfmlsmc": [
            ""
        ],
        "amc_name": "Groww Asset Management Limited",
        "main_scheme_name": "groww aggressive hybrid fund",
        "monthly_aaum_date": "28FEBRUARY2025",
        "page_number": [
            15,
            16
        ],
        "mutual_fund_name": "Groww Mutual Fund"
    },
    "groww value fund": {
        "before": [
            "(An open ended equity scheme following a value investment strategy)",
            "January 2025",
            ""
        ],
        "investment_objective": [
            "To generate returns through a combination of dividend income and capital appreciation by investing primarily in a well-diversi\u00b7ed portfolio of value stocks.",
            "However, there is no assurance that the investment objective of the Scheme will be realized and the Scheme does not assure or guarantee any returns.",
            ""
        ],
        "fund_snapshot": [
            "Inception Date (Date of Allotment)",
            "8th September, 2015",
            "Benchmark",
            "Nifty 500 TRI",
            "Fund Manager",
            "Equity - Mr. Anupam Tiwari",
            "(Head-Equity)",
            "(Managing Fund Since May 11, 2023)",
            "Total experience - over 18 years",
            "#",
            "Minimum Investment Amount (for fresh application)",
            "For Lumpsum:",
            "500/- and in multiples of",
            "1/- thereafter",
            "For SIP:",
            "500/- and in multiples of",
            "1/-",
            "Minimum Additional Investment",
            "100/- and in multiples of",
            "1/- thereafter",
            "Load Structure (as % of NAV)",
            "Entry Load: Not Applicable",
            "Exit Load: a) 1% if redeemed/ switched out within",
            "1 year from the date of allotment.",
            "b) NIL, if redeemed/ switched out after 1 year from the",
            "date of allotment",
            ""
        ],
        "fund_size_(as_on_january_31,_2025)": [
            "Monthly Average AUM",
            "45.08 Crore",
            "Month End AUM",
            "44.87 Crore",
            ""
        ],
        "portfolio_details": [
            "Top 10 Stocks",
            "47.59%",
            "Top 10 Sectors",
            "70.25%",
            ""
        ],
        "total_expense_ratio": [
            "Direct Plan",
            "0.90%",
            "Regular Plan",
            "2.30%",
            "(Including Additional Expenses and goods and service tax",
            "on management fees.)",
            ""
        ],
        "nav_of_plans_/_options_per_unit": [
            "Regular Plan",
            "Direct Plan",
            "Growth",
            "24.4621",
            "Growth",
            "28.9726",
            "IDCW",
            "24.4538",
            "IDCW",
            "28.8658",
            "Monthly IDCW",
            "18.9834",
            "Monthly IDCW",
            "21.2505",
            "Quarterly IDCW",
            "18.5002",
            "Quarterly IDCW",
            "23.1799",
            "Half YearlyIDCW",
            "20.0372",
            "Half YearlyIDCW",
            "23.1982",
            "*Nifty 500 TRI, **NIFTY 50-TRI",
            "Systematic Investment Plan (SIP) returns are worked",
            "out assuming investment of Rs. 10,000/- every month",
            "at NAV per unit of the scheme as on the \u00b7rst working",
            "day for the respective time periods. The loads have not",
            "been taken into account. Past performance may or may",
            "not be sustained in future and its not a guarantee of",
            "any future returns.. Returns are for Growth option only.",
            "CAGR returns are computed after accounting for the",
            "cash \u00b7ow by using XIRR method (investment internal",
            "rate of return).",
            "Data as on 31st January 2025",
            ""
        ],
        "dummyokmbrxwiqeiknhy": [
            ""
        ],
        "quantitative_/_volatility_measures": [
            "Standard",
            "Sharpe",
            "Portfolio",
            "Deviation",
            "Ratio*",
            "Turnover",
            "3.9351",
            "0.42",
            "1.46%",
            "No. of",
            "Beta",
            "R Square",
            "Stocks",
            "0.95",
            "0.93",
            "33",
            "*Annualised. Risk free rate assumed to be 6.65%",
            "(FBIL OVERNIGHT MIBOR)",
            ""
        ],
        "dummyryfwlyrbmjuhomd": [
            ""
        ],
        "amc_name": "Groww Asset Management Limited",
        "main_scheme_name": "groww value fund",
        "monthly_aaum_date": "28FEBRUARY2025",
        "page_number": [
            17,
            18
        ],
        "mutual_fund_name": "Groww Mutual Fund"
    },
    "groww elss tax saver fund": {
        "before": [
            "(An open ended equity linked saving scheme with a statutory lock-in of 3 years and tax",
            "bene\u00b7t.)",
            "January 2025",
            ""
        ],
        "investment_objective": [
            "The investment objective of the Scheme is to generate long-term capital appreciation from a diversi\u00b7ed portfolio of predominantly equity and equity-related",
            "Securities. The scheme shall offer tax bene\u00b7ts under Section 80C of the Income Tax Act. However, there can be no assurance that the investment objective of the",
            "scheme will be achieved. The Scheme does not assure or guarantee any returns.",
            ""
        ],
        "fund_snapshot": [
            "Inception Date (Date of Allotment)",
            "28th December, 2017",
            "Benchmark",
            "BSE 500 TRI",
            "Fund Manager",
            "Equity - Mr. Anupam Tiwari",
            "(Head-Equity)",
            "(Managing Fund Since May 11, 2023)",
            "Total experience - over 18 years",
            "Minimum Investment Amount (for fresh application)",
            "For Lumpsum & SIP :",
            "500 and in multiples of",
            "500/- thereafter",
            "Minimum Additional Investment",
            "500 and in multiples of",
            "1/- thereafter",
            "Load Structure (as % of NAV)",
            "Entry Load: Not Applicable",
            "Exit Load: Nil",
            ""
        ],
        "fund_size_(as_on_january_31,_2025)": [
            "Monthly Average AUM",
            "47.62 Crore",
            "Month End AUM",
            "46.17 Crore",
            ""
        ],
        "portfolio_details": [
            "Top 10 Stocks",
            "34.75%",
            "Top 10 Sectors",
            "66.22%",
            ""
        ],
        "total_expense_ratio": [
            "Direct Plan",
            "0.55%",
            "Regular Plan",
            "2.25%",
            "(Including Additional Expenses and goods and service tax",
            "on management fees.)",
            ""
        ],
        "nav_of_plans_/_options_per_unit": [
            "Regular Plan",
            "Direct Plan",
            "Growth",
            "18.6300",
            "Growth",
            "20.9800",
            "IDCW",
            "18.6300",
            "IDCW",
            "20.9500",
            "*BSE 500-TRI, **Nifty 50-TRI.",
            "Systematic Investment Plan (SIP) returns are worked out",
            "assuming investment of Rs. 10,000/- every month at",
            "NAV per unit of the scheme as on the \u00b7rst working day",
            "for the respective time periods. The loads have not been",
            "taken into account. Past performance may or may not be",
            "sustained in future and its not a guarantee of any future",
            "returns.. Returns are for Growth option only. CAGR",
            "returns are computed after accounting for the cash \u00b7ow",
            "by using XIRR method (investment internal rate of",
            "return).",
            "Data as on 31st January 2025",
            "2",
            ""
        ],
        "dummyldyvvasndrvftqk": [
            "January 2025",
            ""
        ],
        "quantitative_/_volatility_measures": [
            "Standard",
            "Sharpe",
            "Portfolio",
            "Deviation",
            "Ratio*",
            "Turnover",
            "4.0048",
            "0.38",
            "1.68%",
            "Beta",
            "R Square",
            "No. of Stocks",
            "0.96",
            "0.91",
            "44",
            "*Annualised. Risk free rate assumed to be",
            "6.65%",
            "(FBIL OVERNIGHT MIBOR)",
            "2",
            ""
        ],
        "dummyedqtpeekiihrylh": [
            ""
        ],
        "amc_name": "Groww Asset Management Limited",
        "main_scheme_name": "groww elss tax saver fund",
        "monthly_aaum_date": "28FEBRUARY2025",
        "page_number": [
            19,
            20
        ],
        "mutual_fund_name": "Groww Mutual Fund"
    },
    "groww multicap fund": {
        "before": [
            "(An open-ended equity scheme investing across large-cap, mid-cap, and small-cap stocks )",
            "January 2025",
            ""
        ],
        "investment_objective": [
            "To achieve long-term capital appreciation by predominantly investing in equity and equity-related instruments of large, mid and small-cap companies. However,",
            "there can be no assurance that the investment objective of the scheme will be realised.",
            ""
        ],
        "fund_snapshot": [
            "Inception Date (Date of Allotment)",
            "16th December, 2024",
            "Benchmark",
            "Nifty 500 Multicap 50:25:25 Index TRI",
            "Fund Manager",
            "Equity - Mr. Anupam Tiwari",
            "(Head-Equity)",
            "(Managing Fund Since December 16, 2024)",
            "Total experience - over 18 years",
            "Minimum Investment Amount (for fresh application)",
            "For Lumpsum & SIP :",
            "500 and in multiples of",
            "1/-",
            "Minimum Additional Investment",
            "100 and in multiples of",
            "1/- thereafter",
            "Load Structure (as % of NAV)",
            "Entry Load: Not Applicable",
            "Exit Load: a) 1% if redeemed/ switched out within 1 year",
            "from the date of allotment.",
            "b) NIL, if redeemed/ switched out after 1 year from the",
            "date of allotment",
            ""
        ],
        "fund_size_(as_on_january_31,_2025)": [
            "Monthly Average AUM",
            "70.17 Crore",
            "Month End AUM",
            "72.30 Crore",
            ""
        ],
        "portfolio_details": [
            "Top 10 Stocks",
            "32.77%",
            "Top 10 Sectors",
            "61.57%",
            ""
        ],
        "total_expense_ratio": [
            "Direct Plan",
            "0.45%",
            "Regular Plan",
            "2.30%",
            "(Including Additional Expenses and goods and service tax",
            "on management fees.)",
            ""
        ],
        "nav_of_plans_/_options_per_unit": [
            "Regular Plan",
            "Direct Plan",
            "Growth",
            "9.2171",
            "Growth",
            "9.2388",
            "IDCW",
            "9.2169",
            "IDCW",
            "9.2388",
            "Data as on 31st January 2025",
            "2",
            ""
        ],
        "dummynfbdukksnaetklk": [
            ""
        ],
        "amc_name": "Groww Asset Management Limited",
        "main_scheme_name": "groww multicap fund",
        "monthly_aaum_date": "28FEBRUARY2025",
        "page_number": [
            21
        ],
        "mutual_fund_name": "Groww Mutual Fund"
    },
    "groww nifty total market index fund": {
        "before": [
            "(An open-ended scheme replicating/tracking Nifty Total Market Index.)",
            "January 2025",
            ""
        ],
        "investment_objective": [
            "The investment objective of the scheme is to achieve a return equivalent to the NiftyTotal Market Index-TRI subject to tracking error. This index is diversi\u00b7ed",
            "throughout the Indian market across sectors and market caps and aims to bene\u00b7t from India\u00b7s economic growth. However, there is no assurance or guarantee that",
            "the investment objective of the Scheme will be achieved. The Scheme does not assure or guarantee any returns",
            ""
        ],
        "fund_snapshot": [
            "Inception Date (Date of Allotment)",
            "23rd October, 2023",
            "Benchmark",
            "Nifty Total Market Index TRI (Total Return Index)",
            "*Fund Manager",
            "Mr. Abhishek Jain (Fund Manager & Dealer \u00b7 Equity )",
            "(Managing Fund since January 03, 2024)",
            "Total experience - over 12 years",
            "#",
            "Minimum Investment Amount (for fresh application)",
            "For Lumpsum:",
            "500/- and in multiples of",
            "1/- thereafter",
            "For SIP:",
            "500/- and in multiples of",
            "1/-",
            "Minimum Additional Investment",
            "100/- and in multiples of",
            "1/- thereafter",
            "^Load Structure (as % of NAV)",
            "Entry Load: Nil",
            "Exit Load:",
            "\u00b7 0.25% if redeemed/ switched out within 7 Days from",
            "the date of allotment.",
            "\u00b7 Nil - if redeemed/ switched out after 7 Days from the",
            "date of allotment",
            ""
        ],
        "fund_size_(as_on_january_31,_2025)": [
            "Monthly Average AUM",
            "262.37 Crore",
            "Month End AUM",
            "262.95 Crore",
            ""
        ],
        "portfolio_details": [
            "Top 10 Stocks",
            "32.35%",
            "Top 10 Sectors",
            "62.65%",
            ""
        ],
        "total_expense_ratio": [
            "Direct Plan",
            "0.40%",
            "Regular Plan",
            "1.05%",
            "(Including Additional Expenses and goods and service tax",
            "on management fees.)",
            ""
        ],
        "nav_of_plans_/_options_per_unit": [
            "Regular Plan",
            "Direct Plan",
            "Growth",
            "12.7425",
            "Growth",
            "12.8664",
            "IDCW",
            "12.7431",
            "IDCW",
            "12.8660",
            "*NIFTY Total Return Index **Nifty 50 TRI.",
            "Systematic Investment Plan (SIP) returns are worked out",
            "assuming investment of Rs. 10,000/- every month at NAV",
            "per unit of the scheme as on the \u00b7rst working day for the",
            "respective time periods. The loads have not been taken",
            "into account. Past performance may or may not be",
            "sustained in future and its not a guarantee of any future",
            "returns.. Returns are for Growth option only. CAGR",
            "returns are computed after accounting for the cash \u00b7ow",
            "by using XIRR method (investment internal rate of",
            "return).",
            "Data as on 31st January 2025",
            "2",
            ""
        ],
        "dummyqzmbzgvkhkofeto": [
            "(An open-ended scheme replicating/tracking Nifty Total Market Index.)",
            ""
        ],
        "performance_report": [
            "Regular Plan",
            "Scheme",
            "Benchmark*",
            "Additional Benchmark**",
            "Period",
            "Returns",
            "Value of Std",
            "Returns",
            "(%)",
            "Investment of",
            "(%)",
            "Rs. 10,000",
            "invested",
            "1 Year",
            "8.6894",
            "10,871.42",
            "10.0528",
            "11,008.17",
            "9.5483",
            "10,957.56",
            "3 Years",
            "NA",
            "NA",
            "NA",
            "NA",
            "NA",
            "NA",
            "5 Years",
            "NA",
            "NA",
            "NA",
            "NA",
            "NA",
            "NA",
            "Since Inception",
            "20.8552",
            "12,742.50",
            "22.6175",
            "12,973.47",
            "18.1294",
            "12,370.30",
            "Direct Plan",
            "1 Year",
            "9.5057",
            "10,953.30",
            "10.0528",
            "11,008.17",
            "9.5483",
            "10,957.56",
            "3 Years",
            "NA",
            "NA",
            "NA",
            "NA",
            "NA",
            "NA",
            "5 Years",
            "NA",
            "NA",
            "NA",
            "NA",
            "NA",
            "NA",
            "Since Inception",
            "21.7727",
            "12,866.40",
            "22.6175",
            "12,973.47",
            "18.1294",
            "12,370.30",
            "*NIFTY Total Return Index **Nifty 50 TRI.",
            "Returns greater than 1 year period are compounded annualized returns (CAGR). Load is not taken into",
            "consideration. Different plans shall have different expense structure. Returns are for Growth Option only.",
            "In case the start/end date is non business day, the NAV of previous working day is used for computation.",
            "Please refer page no. 45 & 46 for name of the other schemes currently managed by the Fund Managers",
            "and relevant scheme for performance. Past performance may or may not be sustained in future and its",
            "not a guarantee of any future returns. Data as on 31st January 2025",
            "Note :Mr Anupam Tiwari manages 5 schemes; Mr Kaustubh Sule manages 5 schemes; Mr Abhishek Jain",
            "manages 7 schemes; Mr Anupam Tiwari co-manages 1 scheme with Mr Kaustubh Sule.Mr Wilfred",
            "Gonsalves manages 2 Schemes.",
            "*Anupam Tiwari was the Fund Manager since inception and Mr. Madhu Babu co-managed the Scheme effective",
            "November 30, 2023 further vide notice cum addendum dated 52/2023 the Scheme is managed by only Mr. Abhishek",
            "Jain effective January 03,2024.",
            "2",
            ""
        ],
        "dummytrkvnimvszmuksm": [
            ""
        ],
        "amc_name": "Groww Asset Management Limited",
        "main_scheme_name": "groww nifty total market index fund",
        "monthly_aaum_date": "28FEBRUARY2025",
        "page_number": [
            22,
            23
        ],
        "mutual_fund_name": "Groww Mutual Fund"
    },
    "groww banking & financial services fund": {
        "before": [
            "(An open ended equity scheme investing in banking and \u00b7nancial services related sectors)",
            "January 2025",
            ""
        ],
        "investment_objective": [
            "The primary investment objective of the scheme is to generate consistent long-term returns by investing in equity and equity-related instruments of banking and",
            "\u00b7nancial services companies and other related sectors/companies. The fund aims to capitalize on the growth opportunities and growth potential of various sub-",
            "sectors within the BFSI sector, including (but not limited to) banks, NBFCs, insurance companies, asset management companies, capital market participants,",
            "\u00b7ntech players etc. (This includes companies bene\u00b7ting from or contributing to the growth of the banking and  \u00b7nancial services sector). However, there is no",
            "assurance or guarantee that the investment objective of the Scheme will be achieved. The Scheme does not assure or guarantee any returns.",
            ""
        ],
        "fund_snapshot": [
            "Inception Date (Date of Allotment)",
            "6th February, 2024",
            "Benchmark",
            "Nifty Financial Services Total Return Index",
            "Fund Manager",
            "*Mr. Anupam Tiwari (Head-Equity)",
            "(Managing Fund Since 6th February 2024)",
            "Total experience - over 18 years",
            "#",
            "Minimum Investment Amount (for fresh application)",
            "For Lumpsum:",
            "500/- and in multiples of",
            "1/- thereafter",
            "For SIP:",
            "500/- and in multiples of",
            "1/-",
            "Minimum Additional Investment",
            "100/- and in multiples of",
            "1/- thereafter",
            "Load Structure (as % of NAV)",
            "Entry Load: Nil",
            "Exit Load:",
            "\u00b7 For redemption / switch-out of units on or before 30 days",
            "from the date of allotment: 1.00% of applicable NAV",
            "\u00b7 For redemption / switch-out of units after 30 days from",
            "the date of allotment: Nil",
            ""
        ],
        "fund_size_(as_on_january_31,_2025)": [
            "Monthly Average AUM",
            "47.00 Crore",
            "Month End AUM",
            "46.43 Crore",
            ""
        ],
        "portfolio_details": [
            "Top 10 Stocks",
            "61.75%",
            "Top  Sectors",
            "91.41%",
            ""
        ],
        "total_expense_ratio": [
            "Direct Plan",
            "0.36%",
            "Regular Plan",
            "2.30%",
            "(Including Additional Expenses and goods and service tax",
            "on management fees.)",
            ""
        ],
        "nav_of_plans_/_options_per_unit": [
            "Regular Plan",
            "Direct Plan",
            "Growth",
            "10.1321",
            "Growth",
            "10.3277",
            "IDCW",
            "10.1321",
            "IDCW",
            "10.3271",
            "Data as on 31st January 2025",
            "2",
            ""
        ],
        "dummypnlfrieywjijxpv": [
            ""
        ],
        "amc_name": "Groww Asset Management Limited",
        "main_scheme_name": "groww banking & financial services fund",
        "monthly_aaum_date": "28FEBRUARY2025",
        "page_number": [
            24
        ],
        "mutual_fund_name": "Groww Mutual Fund"
    },
    "groww nifty smallcap 250 index fund": {
        "before": [
            "(An open-ended scheme replicating/tracking Nifty Smallcap 250 Index-TRI)",
            "January 2025",
            ""
        ],
        "investment_objective": [
            "The Scheme seeks investment return that corresponds to the performance of Nifty Smallcap 250 Total Return Index subject to tracking error. However, there can",
            "be no assurance or guarantee that the investment objective of the Scheme would be achieved.",
            ""
        ],
        "fund_snapshot": [
            "Inception Date (Date of Allotment)",
            "29th February, 2024",
            "Benchmark",
            "Nifty Smallcap 250 Index TRI (Total Return Index)",
            "Fund Manager",
            "Mr. Abhishek Jain (Fund Manager & Dealer \u00b7 Equity )",
            "(Managing Fund since February 29, 2024)",
            "Total experience - over 12 years",
            "Minimum Investment Amount (for fresh application)",
            "For Lumpsum:",
            "500/- and in multiples of",
            "1/-",
            "For SIP:",
            "500/- and in multiples of",
            "1/-",
            "Minimum Additional Investment",
            "500/- and in multiples of",
            "1/- thereafter",
            "^Load Structure (as % of NAV)",
            "Entry Load: Not Applicable",
            "Exit Load:",
            "\u00b7 0.25% if redeemed/ switched out within 7 Days from",
            "the date of allotment.",
            "\u00b7 Nil - if redeemed/ switched out after 7 Days from the",
            "date of allotment",
            ""
        ],
        "fund_size_(as_on_january_31,_2025)": [
            "Monthly Average AUM",
            "94.50 Crore",
            "Month End AUM",
            "91.77 Crore",
            ""
        ],
        "portfolio_details": [
            "Top 10 Stocks",
            "12.45%",
            "Top 10 Sectors",
            "59.63%",
            ""
        ],
        "total_expense_ratio": [
            "Direct Plan",
            "0.45%",
            "Regular Plan",
            "1.05%",
            "(Including Additional Expenses and goods and service tax",
            "on management fees.)",
            ""
        ],
        "nav_of_plans_/_options_per_unit": [
            "Regular Plan",
            "Direct Plan",
            "Growth",
            "10.5010",
            "Growth",
            "10.5466",
            "IDCW",
            "10.4884",
            "IDCW",
            "10.5509",
            "Data as on 31st January 2025",
            "2",
            ""
        ],
        "dummyjdimeibvjwgpfsa": [
            ""
        ],
        "amc_name": "Groww Asset Management Limited",
        "main_scheme_name": "groww nifty smallcap 250 index fund",
        "monthly_aaum_date": "28FEBRUARY2025",
        "page_number": [
            26
        ],
        "mutual_fund_name": "Groww Mutual Fund"
    },
    "groww nifty ev & new age automotive etf": {
        "before": [
            "(An open-ended scheme replicating/tracking Nifty EV and New Age Automotive Index -",
            "Total Return Index)",
            "January 2025",
            ""
        ],
        "investment_objective": [
            "The investment objective of the Scheme is to generate long term capital growth by investing in securities of the Nifty EV & New Age Automotive Index in the same",
            "proportion / weightage with anaim to provide returns before expenses that track the total return of Nifty EV & New Age Automotive Index, subject to tracking",
            "errors.However, there can be no assurance or guarantee that the investment objective of the scheme will be achieved.",
            ""
        ],
        "fund_snapshot": [
            "Inception Date (Date of Allotment)",
            "07th August, 2024",
            "Benchmark",
            "Nifty EV and New Age Automotive Index-TRI",
            "Fund Manager",
            "Mr. Abhishek Jain (Fund Manager & Dealer \u00b7 Equity )",
            "(Managing Fund since August 07, 2024)",
            "Total experience - over 12 years",
            "Minimum Investment Amount (for fresh application)",
            "For Lumpsum:",
            "500/- and in multiples of",
            "1/-",
            "Minimum Additional Investment",
            "500/- and in multiples of",
            "1/- thereafter",
            "Load Structure (as % of NAV)",
            "Entry Load: Nil",
            "Exit Load:Nil",
            ""
        ],
        "fund_size_(as_on_january_31,_2025)": [
            "Monthly Average AUM",
            "227.18 Crore",
            "Month End AUM",
            "228.84 Crore",
            ""
        ],
        "total_expense_ratio": [
            "Direct Plan",
            "0.47%",
            "(Including Additional Expenses and goods and service tax",
            "on management fees.)",
            ""
        ],
        "nav_of_plans_/_options_per_unit": [
            "Growth",
            "28.5923",
            "Data as on 31st January 2025",
            "2",
            ""
        ],
        "dummyihhfvmisauhlbnl": [
            ""
        ],
        "amc_name": "Groww Asset Management Limited",
        "main_scheme_name": "groww nifty ev & new age automotive etf",
        "monthly_aaum_date": "28FEBRUARY2025",
        "page_number": [
            28
        ],
        "mutual_fund_name": "Groww Mutual Fund"
    },
    "groww nifty ev & new age automotive etf fof": {
        "before": [
            "(An open-ended fund of fund scheme investing in units of Groww Nifty EV & New Age",
            "Automotive ETF)",
            "January 2025",
            ""
        ],
        "investment_objective": [
            "The investment objective of the Scheme is to generate long term capital gains by investing in units of the Groww Nifty EV & New Age Automotive ETF. However,",
            "there can be no assurance or guarantee that the investment objective of the scheme will be achieved.",
            ""
        ],
        "fund_snapshot": [
            "Inception Date (Date of Allotment)",
            "12th August, 2024",
            "Benchmark",
            "Nifty EV and New Age Automotive Index-TRI",
            "Fund Manager",
            "Mr. Abhishek Jain (Fund Manager & Dealer \u00b7 Equity )",
            "(Managing Fund since August 12, 2024)",
            "Total experience - over 12 years",
            "Minimum Investment Amount (for fresh application)",
            "For Lumpsum:",
            "500/- and in multiples of",
            "1/-",
            "For SIP:",
            "500/- and in multiples of",
            "1/-",
            "Minimum Additional Investment",
            "500/- and in multiples of",
            "1/- thereafter",
            "Load Structure (as % of NAV)",
            "Entry Load: Nil",
            "Exit Load:If redeemed within 30 days from the date",
            "of allotment: 1%; If redeemed after 30 days from",
            "the date of allotment: NIL",
            ""
        ],
        "fund_size_(as_on_january_31,_2025)": [
            "Monthly Average AUM",
            "114.01 Crore",
            "Month End AUM",
            "114.65 Crore",
            ""
        ],
        "total_expense_ratio": [
            "Direct Plan",
            "0.19%",
            "Regular Plan",
            "0.62%",
            "(Including Additional Expenses and goods and service tax",
            "on management fees.)",
            ""
        ],
        "nav_of_plans_/_options_per_unit": [
            "Regular Plan",
            "Direct Plan",
            "Growth",
            "8.8013",
            "Growth",
            "8.8195",
            "IDCW",
            "8.8014",
            "IDCW",
            "8.8202",
            "Data as on 31st January 2025",
            "3",
            ""
        ],
        "dummynnfyxxvlacteqyy": [
            ""
        ],
        "amc_name": "Groww Asset Management Limited",
        "main_scheme_name": "groww nifty ev & new age automotive etf fof",
        "monthly_aaum_date": "28FEBRUARY2025",
        "page_number": [
            29
        ],
        "mutual_fund_name": "Groww Mutual Fund"
    },
    "groww nifty non-cyclical consumer index fund": {
        "before": [
            "(An open\u00b7ended scheme tracking Nifty Non-Cyclical Consumer Index \u00b7 TRI)",
            "January 2025",
            ""
        ],
        "investment_objective": [
            "The investment objective of the Scheme is to generate long term capital growth by investing in securities of the Nifty Non-Cyclical Consumer Index (TRI) in the",
            "same proportion / weightage with an aim to provide returns before expenses that track the total return of Nifty Non-Cyclical Consumer Index, subject to tracking",
            "errors. How ever, there can be no assurance or guarantee that the investment objective of the scheme will be achieved.",
            ""
        ],
        "fund_snapshot": [
            "Inception Date (Date of Allotment)",
            "22nd May, 2024",
            "Benchmark",
            "Nifty Non-Cyclical Consumer Index TRI (Total Return Index)",
            "Fund Manager",
            "*Mr. Abhishek Jain (Fund Manager & Dealer \u00b7 Equity )",
            "(Managing Fund since May 22, 2024)",
            "Total experience - over 12 years",
            "#",
            "Minimum Investment Amount (for fresh application)",
            "For Lumpsum:",
            "500/- and in multiples of",
            "1/-",
            "For SIP:",
            "500/- and in multiples of",
            "1/-",
            "Minimum Additional Investment",
            "500/- and in multiples of",
            "1/- thereafter",
            "Load Structure (as % of NAV)",
            "Entry Load: Nil",
            "Exit Load:\u00b7 In respect of each purchase/switch-in of",
            "units, an Exit load of 1% is payable if units are",
            "redeemed/switched-out within 30 days from the date",
            "of allotment.",
            "\u00b7 No Exit Load is payable if units are redeemed",
            "/ switched-out after 30 days from the date of allotment.",
            "No Entry / Exit Load shall be levied on Units allotted on",
            "Re-investment of Income Distribution cum Capital",
            "Withdrawal. In respect of Systematic Transactions such",
            "as SIP, STP, etc. Exit Load, if any, prevailing on the date",
            "of registration / enrolment shall be levied.",
            ""
        ],
        "fund_size_(as_on_january_31,_2025)": [
            "Monthly Average AUM",
            "45.49 Crore",
            "Month End AUM",
            "44.89 Crore",
            ""
        ],
        "portfolio_details": [
            "Top 10 Stocks",
            "64.78%",
            "Top 10 Sectors",
            "98.34%",
            "Groww Nifty Non-Cyclical Consumer Index Fund was launched on 22nd May,2024 and the Scheme has not completed a",
            "year. Hence we have not provided the performance of scheme.",
            ""
        ],
        "total_expense_ratio": [
            "Direct Plan",
            "0.40%",
            "Regular Plan",
            "1.00%",
            "(Including Additional Expenses and goods and service tax",
            "on management fees.)",
            ""
        ],
        "nav_of_plans_/_options_per_unit": [
            "Regular Plan",
            "Direct Plan",
            "Growth",
            "10.3921",
            "Growth",
            "10.4347",
            "IDCW",
            "10.3910",
            "IDCW",
            "10.4346",
            "Data as on 31st January 2025",
            "3",
            ""
        ],
        "dummykummfeeietonaok": [
            ""
        ],
        "amc_name": "Groww Asset Management Limited",
        "main_scheme_name": "groww nifty non-cyclical consumer index fund",
        "monthly_aaum_date": "28FEBRUARY2025",
        "page_number": [
            30
        ],
        "mutual_fund_name": "Groww Mutual Fund"
    },
    "groww nifty 1d rate liquid etf": {
        "before": [
            "(An open ended Exchange Traded Fund replicating / tracking Nifty 1D Rate Index. A relatively",
            "low interest rate risk and relatively low credit risk scheme)",
            "January 2025",
            ""
        ],
        "investment_objective": [
            "The investment objective of the Scheme is to provide current income, commensurate with relatively low risk while providing a high level of liquidity, primarily",
            "through a portfolio of Tri-Party REPO), Repo in Government Securities, Reverse Repos and similar other overnight instruments. However, there can be no",
            "assurance or guarantee that the investment objective of the scheme will be achieved.",
            ""
        ],
        "fund_snapshot": [
            "Inception Date (Date of Allotment)",
            "24th September, 2024",
            "Benchmark",
            "Nifty 1D Rate Index -TRI",
            "Fund Manager",
            "Mr. Kaustubh Sule  (Senior Fund Manager )",
            "Total experience - over 17 years",
            "Minimum Investment Amount (for fresh application)",
            "For Lumpsum:",
            "500/- and in multiples of",
            "1/-",
            "Minimum Additional Investment",
            "500/- and in multiples of",
            "1/- thereafter",
            "Load Structure (as % of NAV)",
            "Entry Load: Nil",
            "Exit Load: NiL",
            ""
        ],
        "fund_size_(as_on_january_31,_2025)": [
            "Monthly Average AUM",
            "42.51 Crore",
            "Month End AUM",
            "48.53 Crore",
            ""
        ],
        "maturity_and_yield": [
            "Modi\u00b7ed",
            "Average",
            "Macaulay",
            "Annualized",
            "Duration",
            "Maturity",
            "Duration",
            "YTM",
            "3.00 Days",
            "3.00 Days",
            "3.00 Days",
            "6.75%",
            ""
        ],
        "total_expense_ratio": [
            "Direct Plan",
            "0.29%",
            "(Including Additional Expenses and goods and service tax",
            "on management fees.)",
            ""
        ],
        "nav_of_plans_/_options_per_unit": [
            "Growth",
            "102.3340",
            "Data as on 31st January 2025",
            "3",
            ""
        ],
        "dummyfcbnoawzvumqmhb": [
            ""
        ],
        "amc_name": "Groww Asset Management Limited",
        "main_scheme_name": "groww nifty 1d rate liquid etf",
        "monthly_aaum_date": "28FEBRUARY2025",
        "page_number": [
            32
        ],
        "mutual_fund_name": "Groww Mutual Fund"
    },
    "groww nifty india defence etf": {
        "before": [
            "An open\u00b7ended scheme tracking the Nifty India Defence Index - TRI)",
            "January 2025",
            ""
        ],
        "investment_objective": [
            "The investment objective of the Scheme is to generate long-term capital growth by investing in securities of the Nifty India Defence in the same proportion/",
            "weightage with an aim to provide returns before expenses that track the total return of Nifty India Defence Index, subject to tracking errors. However, there can",
            "be no assurance or guarantee that the investment objective of the scheme will be achieved.",
            ""
        ],
        "fund_snapshot": [
            "Inception Date (Date of Allotment)",
            "08th October, 2024",
            "Benchmark",
            "Nifty India Defence Index - TRI",
            "Fund Manager",
            "Mr. Abhishek Jain (Fund Manager & Dealer \u00b7 Equity )",
            "(Managing Fund since Inception)",
            "Total experience - over 12 years",
            "Minimum Investment Amount (for fresh application)",
            "For Lumpsum:",
            "500/- and in multiples of",
            "1/-",
            "Minimum Additional Investment",
            "500/- and in multiples of",
            "1/- thereafter",
            "Load Structure (as % of NAV)",
            "Entry Load: Nil",
            "Exit Load: NiL",
            ""
        ],
        "fund_size_(as_on_january_31,_2025)": [
            "Monthly Average AUM",
            "75.33 Crore",
            "Month End AUM",
            "81.10 Crore",
            ""
        ],
        "portfolio_details": [
            "Top 10 Stocks",
            "93.03%",
            "Top Sectors",
            "100.00%",
            ""
        ],
        "total_expense_ratio": [
            "Direct Plan",
            "0.43%",
            "(Including Additional Expenses and goods and service tax",
            "on management fees.)",
            ""
        ],
        "nav_of_plans_/_options_per_unit": [
            "Growth",
            "63.8660",
            "Data as on 31st January 2025",
            "3",
            ""
        ],
        "dummyalokndocvnoapiv": [
            ""
        ],
        "amc_name": "Groww Asset Management Limited",
        "main_scheme_name": "groww nifty india defence etf",
        "monthly_aaum_date": "28FEBRUARY2025",
        "page_number": [
            33
        ],
        "mutual_fund_name": "Groww Mutual Fund"
    },
    "groww nifty india defence etf fof": {
        "before": [
            "(An open-ended fund of fund scheme investing in units of Groww Nifty India Defence ETF)",
            "January 2025",
            ""
        ],
        "investment_objective": [
            "The investment objective of the Scheme is to generate long term capital gains by investing in units of the Groww Nifty India Defence ETF. However, there can be",
            "no assurance or guarantee that the investment objective of the scheme will be achieved.",
            ""
        ],
        "fund_snapshot": [
            "Inception Date (Date of Allotment)",
            "11th October, 2024",
            "Benchmark",
            "Nifty India Defence Index - TRI",
            "Fund Manager",
            "Mr. Abhishek Jain (Fund Manager & Dealer \u00b7 Equity )",
            "(Managing Fund since Inception",
            "Total experience - over 12 years",
            "Minimum Investment Amount (for fresh application)",
            "For Lumpsum:",
            "500/- and in multiples of",
            "1/-",
            "For SIP:",
            "500/- and in multiples of",
            "1/-",
            "Minimum Additional Investment",
            "500/- and in multiples of",
            "1/- thereafter",
            "Load Structure (as % of NAV)",
            "Entry Load: Nil",
            "Exit Load:If redeemed within 30 days from the date",
            "of allotment: 1%; If redeemed after 30 days from",
            "the date of allotment: NIL",
            ""
        ],
        "fund_size_(as_on_january_31,_2025)": [
            "Monthly Average AUM",
            "28.33 Crore",
            "Month End AUM",
            "29.97 Crore",
            ""
        ],
        "total_expense_ratio": [
            "Direct Plan",
            "0.21%",
            "Regular Plan",
            "0.63%",
            "(Including Additional Expenses and goods and service tax",
            "on management fees.)",
            ""
        ],
        "nav_of_plans_/_options_per_unit": [
            "Regular Plan",
            "Direct Plan",
            "Growth",
            "9.4559",
            "Growth",
            "9.4659",
            "IDCW",
            "9.4539",
            "IDCW",
            "9.4663",
            "Data as on 31st January 2025",
            "3",
            ""
        ],
        "dummyfkuomgibdgfzbks": [
            ""
        ],
        "amc_name": "Groww Asset Management Limited",
        "main_scheme_name": "groww nifty india defence etf fof",
        "monthly_aaum_date": "28FEBRUARY2025",
        "page_number": [
            34
        ],
        "mutual_fund_name": "Groww Mutual Fund"
    },
    "groww gold etf": {
        "before": [
            "An open-ended Exchange Traded Fund replicating/ tracking domestic price of Physical Gold)",
            "January 2025",
            ""
        ],
        "investment_objective": [
            "The investment objective of the scheme is to generate returns corresponding to the Domestic Price of Physical Gold before expenses, subject to tracking errors,",
            "fees and expenses by investing in Physical Gold. There is no assurance or guarantee that the investment objective of the scheme would be achieved.",
            ""
        ],
        "fund_snapshot": [
            "Inception Date (Date of Allotment)",
            "22nd October, 2024",
            "Benchmark",
            "Domestic Price of Physical Gold",
            "Fund Manager",
            "Mr. Wilfred Gonsalves",
            "(Managing Fund since Inception)",
            "Total experience - over 07 years",
            "Minimum Investment Amount (for fresh application)",
            "For Lumpsum:",
            "500/- and in multiples of",
            "1/-",
            "Minimum Additional Investment",
            "500/- and in multiples of",
            "1/- thereafter",
            "Load Structure (as % of NAV)",
            "Entry Load: Nil",
            "Exit Load: NiL",
            ""
        ],
        "fund_size_(as_on_january_31,_2025)": [
            "Monthly Average AUM",
            "57.63 Crore",
            "Month End AUM",
            "60.15 Crore",
            ""
        ],
        "total_expense_ratio": [
            "Direct Plan",
            "0.51%",
            "(Including Additional Expenses and goods and service tax",
            "on management fees.)",
            ""
        ],
        "nav_of_plans_/_options_per_unit": [
            "Growth",
            "81.5496",
            "Data as on 31st January 2025",
            "3",
            ""
        ],
        "dummyfkxqeqhepcyutzm": [
            ""
        ],
        "amc_name": "Groww Asset Management Limited",
        "main_scheme_name": "groww gold etf",
        "monthly_aaum_date": "28FEBRUARY2025",
        "page_number": [
            35
        ],
        "mutual_fund_name": "Groww Mutual Fund"
    },
    "groww gold etf fof": {
        "before": [
            "(An open-ended fund of fund scheme investing in units of Groww Gold ETF )",
            "January 2025",
            ""
        ],
        "investment_objective": [
            "The investment objective of the Scheme is to seek to provide returns that are in line with returns provided by Groww Gold ETF. However, there is no assurance or",
            "guarantee that the investment objective of the Scheme will be achieved.",
            ""
        ],
        "fund_snapshot": [
            "Inception Date (Date of Allotment)",
            "06th November, 2024",
            "Benchmark",
            "Domestic Price of Gold",
            "Fund Manager",
            "Mr. Wilfred Gonsalves",
            "(Managing Fund since Inception)",
            "Total experience - over 07 years",
            "Minimum Investment Amount (for fresh application)",
            "For Lumpsum:",
            "500/- and in multiples of",
            "1/-",
            "For SIP:",
            "500/- and in multiples of",
            "1/-",
            "Minimum Additional Investment",
            "500/- and in multiples of",
            "1/- thereafter",
            "Load Structure (as % of NAV)",
            "Entry Load: Nil",
            "Exit Load:If redeemed within 30 days from the date",
            "of allotment: 1%; If redeemed after 30 days from",
            "the date of allotment: NIL",
            ""
        ],
        "fund_size_(as_on_january_31,_2025)": [
            "Monthly Average AUM",
            "16.89 Crore",
            "Month End AUM",
            "17.97 Crore",
            ""
        ],
        "total_expense_ratio": [
            "Direct Plan",
            "0.23%",
            "Regular Plan",
            "0.55%",
            "(Including Additional Expenses and goods and service tax",
            "on management fees.)",
            ""
        ],
        "nav_of_plans_/_options_per_unit": [
            "Regular Plan",
            "Direct Plan",
            "Growth",
            "10.4315",
            "Growth",
            "10.4396",
            "IDCW",
            "10.4315",
            "IDCW",
            "10.4395",
            "Data as on 31st January 2025",
            "3",
            ""
        ],
        "dummyafbbhilugdapbsa": [
            ""
        ],
        "amc_name": "Groww Asset Management Limited",
        "main_scheme_name": "groww gold etf fof",
        "monthly_aaum_date": "28FEBRUARY2025",
        "page_number": [
            36
        ],
        "mutual_fund_name": "Groww Mutual Fund"
    },
    "groww overnight fund": {
        "before": [
            "(An open ended debt scheme investing in overnight securities. A relatively low interest rate",
            "risk and relatively low credit risk)",
            "January 2025",
            ""
        ],
        "investment_objective": [
            "The Scheme aims to provide reasonable returns commensurate with low risk and providing a high level of liquidity, through investments made primarily in",
            "overnight securities having maturity of 1 business day. However, there can be no assurance that the investment objective of the scheme will be achieved.",
            ""
        ],
        "fund_snapshot": [
            "Inception Date (Date of Allotment)",
            "08th July, 2019",
            "Benchmark",
            "CRISIL Liquid Overnight Index",
            "Fund Manager",
            "Mr. Kaustubh Sule",
            "(Managing Fund Since May 11, 2023)",
            "Total experience - over 17 years",
            "#",
            "Minimum Investment Amount (for fresh application)",
            "For Lumpsum & SIP :",
            "500 and in multiples of",
            "1/-",
            "Minimum Additional Investment",
            "100 and in multiples of",
            "1/- thereafter",
            "Load Structure (as % of NAV)",
            "Entry Load: Not Applicable",
            "Exit Load: Nil",
            ""
        ],
        "fund_size_(as_on_january_31,_2025)": [
            "Monthly Average AUM",
            "33.74 Crore",
            "Month End AUM",
            "33.51 Crore",
            ""
        ],
        "maturity_and_yield": [
            "Modi\u00b7ed",
            "Average",
            "Macaulay",
            "Annualized",
            "Duration",
            "Maturity",
            "Duration",
            "YTM",
            "2.99 Days",
            "2.99 Days",
            "2.99 Days",
            "6.75%",
            ""
        ],
        "total_expense_ratio": [
            "Direct Plan",
            "0.14%",
            "Regular Plan",
            "0.24%",
            "(Including Additional Expenses and goods and service tax",
            "on management fees.)",
            ""
        ],
        "nav_of_plans_/_options_per_unit": [
            "Regular Plan",
            "Direct Plan",
            "Growth",
            "1297.12 Growth",
            "1303.78",
            "Daily IDCW",
            "1001.02 Daily IDCW",
            "1001.11",
            "Weekly IDCW",
            "1001.63",
            "Weekly IDCW",
            "NA",
            "Fortnightly IDCW",
            "1001.59 Fortnightly IDCW",
            "1215.56",
            "Monthly IDCW",
            "1006.98 Monthly IDCW",
            "1007.34",
            ""
        ],
        "fund_style": [
            "Credit Quality",
            "Note :Mr Anupam Tiwari manages 5 schemes; Mr Kaustubh Sule manages 5 schemes; Mr Abhishek Jain",
            "High",
            "Mid",
            "Low",
            "manages 7 schemes; Mr Anupam Tiwari co-manages 1 scheme with Mr Kaustubh Sule. Mr Wilfred",
            "High",
            "Gonsalves manages 2 Schemes.",
            "Interest Rate",
            "Sensitivity",
            "Mid",
            "Low",
            "Data as on 31st January 2025",
            "3",
            ""
        ],
        "dummymhxxijqadwurmfu": [
            ""
        ],
        "amc_name": "Groww Asset Management Limited",
        "main_scheme_name": "groww overnight fund",
        "monthly_aaum_date": "28FEBRUARY2025",
        "page_number": [
            37
        ],
        "mutual_fund_name": "Groww Mutual Fund"
    },
    "groww liquid fund": {
        "before": [
            "(An open ended liquid scheme. A relatively low interest rate risk and moderate credit risk.)",
            "January 2025",
            ""
        ],
        "investment_objective": [
            "To provide a high level of liquidity with returns commensurate with low risk through a portfolio of money market and debt securities with maturity of upto 91 days.",
            "However, there can be no assurance that the investment objective of the scheme will be achieved.",
            ""
        ],
        "fund_snapshot": [
            "Inception Date (Date of Allotment)",
            "25th October, 2011",
            "Benchmark",
            "CRISIL Liquid Debt A-I Index",
            "Fund Manager",
            "Mr. Kaustubh Sule",
            "(Managing Fund Since May 11, 2023)",
            "Total experience - over 17 years",
            "#",
            "Minimum Investment Amount (for fresh application)",
            "For Lumpsum & SIP :",
            "500 and in multiples of",
            "1/-",
            "Minimum Additional Investment",
            "100 and in multiples of",
            "1/- thereafter",
            "Load Structure (as % of NAV)",
            "Entry Load: Not Applicable",
            "Exit Load:",
            "Investor exit",
            "Day 7",
            "Day 1",
            "Day 2",
            "Day 3",
            "Day 4",
            "Day 5",
            "Day 6",
            "upon subscription*",
            "onwards",
            "Exit Load as a % of",
            "redemption proceeds 0.0070% 0.0065% 0.0060% 0.0055% 0.0050% 0.0045%",
            "0.0000%",
            "*The date of applicable NAV towards redemption units shall be considered",
            "for calculating the number of subscription days.",
            ""
        ],
        "fund_size_(as_on_january_31,_2025)": [
            "Monthly Average AUM",
            "162.27 Crore",
            "Month End AUM",
            "179.98 Crore",
            ""
        ],
        "maturity_and_yield": [
            "Modi\u00b7ed",
            "Average",
            "Macaulay",
            "Annualized",
            "Duration",
            "Maturity",
            "Duration",
            "YTM",
            "38.62 Days",
            "39.35 Days",
            "39.11 Days",
            "7.20%",
            ""
        ],
        "total_expense_ratio": [
            "Direct Plan",
            "0.10%",
            "Regular Plan",
            "0.20%",
            "(Including Additional Expenses and goods and service tax",
            "on management fees.)",
            ""
        ],
        "nav_of_plans_/_options_per_unit": [
            "Regular Plan",
            "Direct Plan",
            "Growth",
            "2453.56",
            "Growth",
            "2482.49",
            "Daily IDCW",
            "1001.15 Daily IDCW",
            "1001.06",
            "Weekly IDCW",
            "1002.38",
            "Weekly IDCW",
            "1001.70",
            "Fortnightly IDCW",
            "1001.75 Fortnightly IDCW",
            "1001.76",
            "Monthly IDCW",
            "1006.53 Monthly IDCW",
            "1035.27",
            "Data as on 31st January 2025",
            "3",
            ""
        ],
        "dummywatsuxeaywswuin": [
            "(An open ended liquid scheme. A relatively low interest rate risk and moderate credit risk.)",
            "January 2025",
            ""
        ],
        "fund_style": [
            "Credit Quality",
            "High",
            "Mid",
            "Low",
            "High",
            "Interest Rate",
            "Sensitivity",
            "Mid",
            "Low",
            "4",
            ""
        ],
        "dummydmabyysztpcmspd": [
            ""
        ],
        "amc_name": "Groww Asset Management Limited",
        "main_scheme_name": "groww liquid fund",
        "monthly_aaum_date": "28FEBRUARY2025",
        "page_number": [
            38,
            39
        ],
        "mutual_fund_name": "Groww Mutual Fund"
    },
    "groww short duration fund": {
        "before": [
            "An open ended short term debt scheme investing in instruments such that the Macaulay Duration of the",
            "portfolio is between 1 year and 3 years. A Moderate Interest Rate Risk and Moderate Credit Risk.",
            "January 2025",
            ""
        ],
        "investment_objective": [
            ""
        ],
        "fund_snapshot": [
            "Inception Date (Date of Allotment)",
            "13th September, 2013",
            "Benchmark",
            "CRISIL Short Duration Debt A-II Index",
            "Fund Manager",
            "Mr. Kaustubh Sule",
            "(Managing Fund Since May 11, 2023)",
            "Total experience - over 17 years",
            "#",
            "Minimum Investment Amount (for fresh application)",
            "For Lumpsum & SIP :",
            "500 and in multiples of",
            "1/-",
            "Minimum Additional Investment",
            "100 and in multiples of",
            "1/- thereafter",
            "Load Structure (as % of NAV)",
            "Entry Load: Not Applicable",
            "Exit Load: Nil",
            ""
        ],
        "fund_size_(as_on_january_31,_2025)": [
            "Monthly Average AUM",
            "59.88 Crore",
            "Month End AUM",
            "60.56 Crore",
            ""
        ],
        "maturity_and_yield": [
            "Modi\u00b7ed",
            "Average",
            "Macaulay",
            "Annualized",
            "Duration",
            "Maturity",
            "Duration",
            "YTM",
            "2.70 Years3.43 Years",
            "2.84 Years",
            "7.40%",
            ""
        ],
        "total_expense_ratio": [
            "Direct Plan",
            "0.40%",
            "Regular Plan",
            "1.60%",
            "(Including Additional Expenses and goods and service tax",
            "on management fees.)",
            ""
        ],
        "nav_of_plans_/_options_per_unit": [
            "Regular Plan",
            "Direct Plan",
            "Growth",
            "2004.41 Growth",
            "2293.41",
            "Weekly IDCW",
            "1013.72 Weekly IDCW",
            "1013.85",
            "Fortnightly IDCW",
            "1015.41 Fortnightly IDCW",
            "1014.53",
            "Monthly IDCW",
            "1020.40 Monthly IDCW",
            "1014.62",
            "Data as on 31st January 2025",
            ""
        ],
        "dummygxqepjnhbtzhvjb": [
            "An open ended short term debt scheme investing in instruments such that the Macaulay Duration of the",
            "portfolio is between 1 year and 3 years. A Moderate Interest Rate Risk and Moderate Credit Risk.",
            "January 2025",
            ""
        ],
        "fund_style": [
            "Credit Quality",
            "High",
            "Mid",
            "Low",
            "High",
            "Interest Rate",
            "Sensitivity",
            "Mid",
            "Low",
            ""
        ],
        "dummysutgoynffwartmv": [
            ""
        ],
        "amc_name": "Groww Asset Management Limited",
        "main_scheme_name": "groww short duration fund",
        "monthly_aaum_date": "28FEBRUARY2025",
        "page_number": [
            40,
            41
        ],
        "mutual_fund_name": "Groww Mutual Fund"
    },
    "groww dynamic bond fund": {
        "before": [
            "(An open ended dynamic debt scheme investing across duration. A relatively high interest",
            "rate risk and moderate credit risk.)",
            "January 2025",
            ""
        ],
        "investment_objective": [
            "To generate reasonable returns commensurate with the risk taken by active duration management of the portfolio. The Scheme would be investing in debt",
            "instruments including but not limited to bonds, debentures, government securities and money market instruments over various maturity periods. However, there",
            "can be no assurance that the investment objective of the scheme will be achieved. The Scheme does not assure or guarantee any returns.",
            ""
        ],
        "fund_snapshot": [
            "Inception Date (Date of Allotment)",
            "06th December, 2018",
            "Benchmark",
            "CRISIL Dynamic Bond A-III Index",
            "Fund Manager",
            "Mr. Kaustubh Sule",
            "(Managing Fund Since May 11, 2023)",
            "Total experience - over 17 years",
            "#",
            "Minimum Investment Amount (for fresh application)",
            "For Lumpsum & SIP :",
            "500 and in multiples of",
            "1/-",
            "Minimum Additional Investment",
            "100 and in multiples of",
            "1/- thereafter",
            "Load Structure (as % of NAV)",
            "Entry Load: Not Applicable",
            "Exit Load: Nil",
            ""
        ],
        "fund_size_(as_on_january_31,_2025)": [
            "Monthly Average AUM",
            "57.49 Crore",
            "Month End AUM",
            "56.71 Crore",
            ""
        ],
        "maturity_and_yield": [
            "Modi\u00b7ed",
            "Average",
            "Macaulay",
            "Annualized",
            "Duration",
            "Maturity",
            "Duration",
            "YTM",
            "10.92 Years32.10 Years",
            "11.31 Years",
            "7.12%",
            ""
        ],
        "total_expense_ratio": [
            "Direct Plan",
            "0.45%",
            "Regular Plan",
            "1.45%",
            "(Including Additional Expenses and goods and service tax",
            "on management fees.)",
            ""
        ],
        "nav_of_plans_/_options_per_unit": [
            "Regular Plan",
            "Direct Plan",
            "Growth",
            "1422.34 Growth",
            "1479.23",
            "Daily IDCW",
            "1008.92",
            "Daily IDCW",
            "1006.55",
            "Weekly IDCW",
            "1005.36 Weekly IDCW",
            "1005.37",
            "Fortnightly IDCW",
            "1007.04 Fortnightly IDCW",
            "1012.13",
            "Monthly IDCW",
            "1005.46 Monthly IDCW",
            "1005.50",
            "Data as on 31st January 2025",
            "4",
            ""
        ],
        "dummyvesmupguhfyqobf": [
            ""
        ],
        "amc_name": "Groww Asset Management Limited",
        "main_scheme_name": "groww dynamic bond fund",
        "monthly_aaum_date": "28FEBRUARY2025",
        "page_number": [
            42
        ],
        "mutual_fund_name": "Groww Mutual Fund"
    }
}