{
    "helios flexi cap fund": {
        "before": [
            "(An open ended dynamic equity scheme investing across large cap, mid cap & small cap stocks.)",
            ""
        ],
        "data_as_on_january_31,_2025_investment_objective": [
            "To generate long-term capital appreciation by investing predominantly in equity & equity related instruments across market capitalization. However, there is no",
            "assurance or guarantee that the investment objective of the Scheme will be achieved.",
            ""
        ],
        "fund_features": [
            ""
        ],
        "portfolio": [
            "Scheme Category:",
            "Flexi Cap Fund",
            "Benchmark:",
            "NIFTY 500 Total Return Index(TRI)",
            "Plans and Options:",
            "Direct and Regular Plan, each with",
            "Growth and IDCW Option (Re-investment, Transfer,",
            "Pay-out Sub-Option)",
            "Inception Date :",
            "13th November 2023",
            "Minimum Investment Amount:",
            "Rs. 5,000/- (plus in multiple",
            "of Re.1)",
            "Additional Investment Amount:",
            "Rs.1,000/- (plus in multiple",
            "of Re.1)",
            "Fund Manager:",
            "Mr. Alok Bahl (Since Inception / Overall 32 years",
            "of experience)",
            "Mr. Pratik Singh",
            "(Since April 20, 2024 / Overall 10 years of",
            "experience)",
            "Entry Load:",
            "NA",
            "Exit Load: (i) If units redeemed or switched out are upto 10%",
            "(limit) of the units purchased or switched in within 3 months",
            "from the date of allotment \u00b7 Nil",
            "(ii) If units redeemed or switched out are over and above",
            "the limit within 3 months from the date of allotment \u00b7 1% of",
            "the applicable NAV",
            "(iii) If redeemed/switched out after 3 months from the date",
            "of allotment \u00b7 Nil",
            "Face Value per Unit:",
            "Rs. 10",
            ""
        ],
        "aum_details": [
            "Monthly Avg AUM",
            "2,542.60 Crores",
            "Month end AUM",
            "2,548.89 Crores",
            ""
        ],
        "total_expense_ratio": [
            "#",
            "Regular Plan",
            "1.95%",
            "Direct Plan",
            "0.51%",
            ""
        ],
        "nav": [
            "(Data As On January 31, 2025)",
            "Option / Plan",
            "NAV p.u",
            "Regular Plan - IDCW Option",
            "13.12",
            "Regular Plan - Growth Option",
            "13.11",
            "Direct Plan - IDCW Option",
            "13.36",
            "Direct Plan - Growth Option",
            "13.36",
            ""
        ],
        "portfolio_turnover*_(times)": [
            "Equity Turnover",
            "0.58",
            "Total Turnover",
            "0.58",
            "# Total Expense Ratio is as on the last business day of the month and",
            "includes Additional Expenses and Goods & Service Tax on Management",
            "Fees.",
            "Portfolio Turnover = lower of total sale or total purchase for the last 12",
            "months (including equity derivatives) upon Avg. AUM of trailing twelve",
            "months.",
            "Note : Portfolio Beta, Standard Deviation, R Squared and Sharpe Ratio of",
            "the Scheme is not computed owing to the short time frame (<3years)",
            "since launch of the Scheme",
            "The scheme currently does not have Income Distribution History.",
            ""
        ],
        "dummyhylnpsixenbdzsl": [
            ""
        ],
        "amc_name": "Helios Capital Asset Management (India) Private Limited",
        "main_scheme_name": "helios flexi cap fund",
        "monthly_aaum_date": "28FEBRUARY2025",
        "page_number": [
            2
        ],
        "mutual_fund_name": "Helios Mutual Fund"
    },
    "helios financial services fund": {
        "before": [
            "(An open-ended equity scheme investing in \u00b7nancial service sector)",
            ""
        ],
        "data_as_on_january_31,_2025_investment_objective": [
            "To generate long-term capital appreciation from a portfolio that is invested predominantly in equity and equity related securities of companies engaged in",
            "\u00b7nancial services. However, there is no assurance or guarantee that the investment objective of the Scheme will be achieved.",
            ""
        ],
        "fund_features": [
            ""
        ],
        "portfolio": [
            "Scheme Category:",
            "Sectoral Fund",
            "Benchmark:",
            "NIFTY Financial Services Total Return Index(TRI)",
            "Plans and Options:",
            "Direct and Regular Plan, each with",
            "Growth and IDCW Option (Re-investment, Transfer,",
            "Pay-out Sub-Option)",
            "Inception Date :",
            "24th June 2024",
            "Minimum Investment Amount:",
            "Rs. 5,000/- (plus in multiple",
            "of Re.1)",
            "Additional Investment Amount:",
            "Rs.1,000/- (plus in multiple",
            "of Re.1)",
            "Fund Manager:",
            "Mr. Alok Bahl (Since Inception / Overall 32 years",
            "of experience)",
            "Mr. Pratik Singh",
            "(Since Inception / Overall 10 years of experience)",
            "Entry Load:",
            "NA",
            "Exit Load: (i) If units redeemed or switched out are upto 10%",
            "(limit) of the units purchased or switched in within 3 months",
            "from the date of allotment \u00b7 Nil",
            "(ii) If units redeemed or switched out are over and above",
            "the limit within 3 months from the date of allotment \u00b7 1% of",
            "the applicable NAV",
            "(iii) If redeemed/switched out after 3 months from the date",
            "of allotment \u00b7 Nil",
            "Face Value per Unit:",
            "Rs. 10",
            ""
        ],
        "aum_details": [
            "Monthly Avg AUM",
            "146.46 Crores",
            "Month end AUM",
            "147.03 Crores",
            ""
        ],
        "total_expense_ratio": [
            "#",
            "Regular Plan",
            "2.40%",
            "Direct Plan",
            "0.81%",
            ""
        ],
        "nav": [
            "(Data As On January 31, 2025)",
            "Option / Plan",
            "NAV p.u",
            "Regular Plan - IDCW Option",
            "10.01",
            "Regular Plan - Growth Option",
            "10.01",
            "Direct Plan - IDCW Option",
            "10.11",
            "Direct Plan - Growth Option",
            "10.11",
            ""
        ],
        "portfolio_turnover*_(times)": [
            "Equity Turnover",
            "0.38",
            "Total Turnover",
            "0.38",
            "# Total Expense Ratio is as on the last business day of the month and",
            "includes Additional Expenses and Goods & Service Tax on Management",
            "Fees.",
            "Portfolio Turnover = lower of total sale or total purchase for the last 12",
            "months (including equity derivatives) upon Avg. AUM of trailing twelve",
            "months.",
            "Note : Portfolio Beta, Standard Deviation, R Squared and Sharpe Ratio of",
            "the Scheme is not computed owing to the short time frame (<3years)",
            "since launch of the Scheme",
            "The scheme currently does not have Income Distribution History.",
            ""
        ],
        "dummytolcjuvyslexnqu": [
            ""
        ],
        "amc_name": "Helios Capital Asset Management (India) Private Limited",
        "main_scheme_name": "helios financial services fund",
        "monthly_aaum_date": "28FEBRUARY2025",
        "page_number": [
            4
        ],
        "mutual_fund_name": "Helios Mutual Fund"
    },
    "helios large & mid cap fund": {
        "before": [
            "(Large & Mid Cap Fund - An open-ended equity scheme investing in both large cap and mid cap stocks)",
            ""
        ],
        "data_as_on_january_31,_2025_investment_objective": [
            "The investment objective of the scheme is to generate long-term capital appreciation from a portfolio that is invested predominantly in equity and equity related",
            "securities of large cap and mid cap companies. However, there can be no assurance that the investment objective of the Scheme will be realized.",
            ""
        ],
        "fund_features": [
            ""
        ],
        "portfolio": [
            "Scheme Category:",
            "Large & Mid Cap Fund",
            "Benchmark:",
            "NIFTY Large Midcap 250 Total Return Index (TRI)",
            "Plans and Options:",
            "Direct and Regular Plan, each with",
            "Growth and IDCW Option (Re-investment, Transfer,",
            "Pay-out Sub-Option)",
            "Inception Date:",
            "30th October 2024",
            "Minimum Investment Amount:",
            "Rs. 5,000/- (plus in multiple",
            "of Re.1)",
            "Additional Investment Amount:",
            "Rs.1,000/- (plus in multiple",
            "of Re.1)",
            "Fund Manager:",
            "Mr. Alok Bahl (Since Inception / Overall 32 years",
            "of experience)",
            "Mr. Pratik Singh",
            "(Since Inception / Overall 10 years of experience)",
            "Entry Load:",
            "NA",
            "Exit Load: i) If units redeemed or switched out are upto 10%",
            "(limit) of the units purchased or switched in within 3 months",
            "from the date of allotment \u00b7 Nil",
            "(ii) If units redeemed or switched out are over and above",
            "the limit within 3 months from thedate of allotment \u00b7 1% of",
            "the applicable NAV",
            "(iii) If redeemed/switched out after 3 months from the date",
            "of allotment \u00b7 Nil",
            "Face Value per Unit:",
            "Rs. 10",
            ""
        ],
        "aum_details": [
            "Monthly Avg AUM",
            "240.82 Crores",
            "Month end AUM",
            "247.08 Crores",
            ""
        ],
        "total_expense_ratio": [
            "#",
            "Regular Plan",
            "2.38%",
            "Direct Plan",
            "0.76%",
            ""
        ],
        "nav": [
            "(Data As On January 31, 2025)",
            "Option / Plan",
            "NAV p.u",
            "Regular Plan - IDCW Option",
            "9.39",
            "Regular Plan - Growth Option",
            "9.38",
            "Direct Plan - IDCW Option",
            "9.42",
            "Direct Plan - Growth Option",
            "9.42",
            ""
        ],
        "portfolio_turnover*_(times)": [
            "Equity Turnover",
            "0.03",
            "Total Turnover",
            "0.03",
            "# Total Expense Ratio is as on the last business day of the month and",
            "includes Additional Expenses and Goods & Service Tax on Management",
            "Fees.",
            "Portfolio Turnover = lower of total sale or total purchase for the last 12",
            "months (including equity derivatives) upon Avg. AUM of trailing twelve",
            "months.",
            "Note : Portfolio Beta, Standard Deviation, R Squared and Sharpe Ratio of",
            "the Scheme is not computed owing to the short time frame (<3years)",
            "since launch of the Scheme",
            "The scheme currently does not have Income Distribution History.",
            ""
        ],
        "dummyvkfevluekxwsbka": [
            ""
        ],
        "amc_name": "Helios Capital Asset Management (India) Private Limited",
        "main_scheme_name": "helios large & mid cap fund",
        "monthly_aaum_date": "28FEBRUARY2025",
        "page_number": [
            6
        ],
        "mutual_fund_name": "Helios Mutual Fund"
    },
    "helios balanced advantage fund": {
        "before": [
            "(An open-ended dynamic asset allocation fund)",
            ""
        ],
        "data_as_on_january_31,_2025_investment_objective": [
            "The investment objective of the scheme is to capitalize on the potential upside of equities while attempting to limit the downside by dynamically managing the",
            "portfolio through investment in equity & equity related instruments and active use of debt, money market instruments and derivatives. However, there can be no",
            "assurance that the investment objective of the Scheme will be realized.",
            ""
        ],
        "fund_features": [
            ""
        ],
        "portfolio": [
            "Scheme Category:",
            "Balanced Advantage Fund",
            "Benchmark:",
            "CRISIL Hybrid 50+50 \u00b7 Moderate Total Return",
            "Index (TRI)",
            "Plans and Options:",
            "Direct and Regular Plan, each with",
            "Growth and IDCW Option",
            "Inception Date :",
            "27th March 2024",
            "Minimum Investment Amount (lumpsum) :",
            "Lumpsum",
            "investment: Rs. 5,000 and in multiples of Re. 1 thereafter",
            "Additional Investment Amount (lumpsum) :",
            "Rs 1,000/- per",
            "application and in multiples of Re. 1/- thereafter",
            "Fund Manager:",
            "Mr. Alok Bahl (for equities) (Since Inception",
            "/ Overall 32 years of experience)",
            "Mr. Pratik Singh (for equities) (Since Inception / Overall 10",
            "years of experience)",
            "Mr. Utssav Modi (for Fixed Income securities) (Since",
            "Inception / Overall 11 years of experience)",
            "Entry Load:",
            "NA",
            "Exit Load: (i) If units redeemed or switched out are upto 10%",
            "(limit) of the units purchased or switched in within 3 months",
            "from the date of allotment \u00b7 Nil",
            "(ii) If units redeemed or switched out are over and above",
            "the limit within 3 months from the date of allotment \u00b7 1% of",
            "the applicable NAV",
            "(iii) If units are redeemed/switched out after 3 months from",
            "the date of allotment \u00b7 Nil",
            "Face Value per Unit:",
            "Rs. 10",
            ""
        ],
        "aum_details": [
            "Monthly Avg AUM",
            "278.69 Crores",
            "Month end AUM",
            "284.67 Crores",
            ""
        ],
        "total_expense_ratio": [
            "#",
            "Regular Plan",
            "2.38%",
            "Direct Plan",
            "0.73%",
            ""
        ],
        "nav": [
            "(Data As On January 31, 2025)",
            "Option / Plan",
            "NAV p.u",
            "Regular Plan - IDCW Option",
            "10.64",
            "Regular Plan - Growth Option",
            "10.64",
            "Direct Plan - IDCW Option",
            "10.80",
            "Direct Plan - Growth Option",
            "10.79",
            ""
        ],
        "portfolio_turnover*_(times)": [
            "Equity Turnover",
            "0.49",
            "Total Turnover",
            "3.56",
            "# Total Expense Ratio is as on the last business day of the month and",
            "includes Additional Expenses and Goods & Service Tax on Management",
            "Fees.",
            "Portfolio Turnover = lower of total sale or total purchase for the last 12",
            "months (including equity derivatives) upon Avg. AUM of trailing twelve",
            "months.",
            "Note : Portfolio Beta, Standard Deviation, R Squared and Sharpe Ratio of",
            "the Scheme is not computed owing to the short time frame (<3years)",
            "since launch of the Scheme",
            "The scheme currently does not have Income Distribution History.",
            "^Net of short futures position of the respective stock",
            "*Less than 0.01%",
            ""
        ],
        "dummysjjanckysykvneo": [
            ""
        ],
        "amc_name": "Helios Capital Asset Management (India) Private Limited",
        "main_scheme_name": "helios balanced advantage fund",
        "monthly_aaum_date": "28FEBRUARY2025",
        "page_number": [
            8
        ],
        "mutual_fund_name": "Helios Mutual Fund"
    },
    "helios overnight fund": {
        "before": [
            "(An open ended debt scheme investing in overnight securities. Relatively Low",
            "Interest Rate Risk and Relatively Low Credit Risk.)",
            ""
        ],
        "data_as_on_january_31,_2025_investment_objective": [
            "The primary objective of the Scheme is to seek to generate returns commensurate with low risk and providing high level of liquidity, through investments made",
            "in debt and money market securities having maturity of 1 business day including TREPS (Tri-Party Repo) and Reverse Repo. However, there is no assurance or",
            "guarantee that the investment objective of the Scheme will be achieved.",
            ""
        ],
        "fund_features": [
            ""
        ],
        "portfolio": [
            "Scheme Category:",
            "Overnight Fund",
            "Benchmark:",
            "CRISIL Liquid Overnight Index",
            "Plans and Options:",
            "Direct and Regular Plan, each with",
            "Growth and Daily IDCW Re-investment Option",
            "Inception Date:",
            "25th October 2023",
            "Minimum Investment Amount:",
            "Growth Option: Rs. 5,000",
            "and in multiples of Re. 1 thereafter.",
            "Daily IDCW Re-investment Option: Rs. 25,000 and in",
            "multiples of Re. 1 thereafter.",
            "Additional Investment Amount:",
            "Rs 1,000/- per application",
            "and in multiples of Re. 1/- thereafter",
            "Fund Manager:",
            "Mr. Alok Bahl (Since Inception / Overall 32 years",
            "of experience)",
            "Mr. Utssav Modi",
            "(Since Inception / Overall 11 years of experience)",
            "Entry Load:",
            "NA",
            "Exit Load: NIL",
            "Face Value per Unit:",
            "Rs. 1,000",
            ""
        ],
        "aum_details": [
            "Monthly Avg AUM",
            "145.35 Crores",
            "Month end AUM",
            "145.67 Crores",
            ""
        ],
        "total_expense_ratio": [
            "#",
            "Regular Plan",
            "0.18%",
            "Direct Plan",
            "0.13%",
            ""
        ],
        "other_parameters": [
            "Average Maturity",
            "1 day",
            "Modi\u00b7ed Duration",
            "1 day",
            "Macaulay Duration",
            "1 day",
            "Yield to Maturity (Annualised)",
            "6.60%",
            "# Total Expense Ratio is as on the last business day of the month and",
            "includes Additional Expenses and Goods & Service Tax on Management",
            "Fees.",
            "The scheme currently does not have income other than daily income",
            "Distribution History.",
            ""
        ],
        "potential_risk_class_(prc)": [
            "Credit Risk of the scheme",
            "Relatively Low (Class A)",
            "Moderate (Class B)",
            "Relatively High (Class C)",
            "Interest Rate Risk of the scheme",
            "Relatively Low (Class I)",
            "Moderate (Class II)",
            "Relatively High (Class III)",
            "A-I - A Scheme with Relatively Low Interest Rate Risk and Relatively Low Credit Risk.",
            "The PRC matrix denotes the maximum risk that the respective Scheme can take i.e. maximum interest rate risk (measured by Macaulay Duration of the Scheme) and maximum credit risk",
            "(measured by credit risk value of the Scheme)",
            ""
        ],
        "dummyxppvzbqkfzhhzwk": [
            ""
        ],
        "amc_name": "Helios Capital Asset Management (India) Private Limited",
        "main_scheme_name": "helios overnight fund",
        "monthly_aaum_date": "28FEBRUARY2025",
        "page_number": [
            10
        ],
        "mutual_fund_name": "Helios Mutual Fund"
    }
}