{
    "whiteoak capital flexi cap fund": {
        "inception_date": [
            "02  August 2022",
            ""
        ],
        "benchmark": [
            "BSE 500 TRI",
            ""
        ],
        "fund_manager": [
            "Mr. Ramesh Mantri (Equity)",
            "Managing this Scheme from its inception",
            "Total Work Experience-Over 20 Years",
            "Mr. Piyush Baranwal (Debt)",
            "Managing this Scheme from its inception",
            "Total Work Experience-Over 15 Years",
            "Ms. Trupti Agrawal (Assistant Fund Manager/Equity)",
            "Managing this Scheme from 11th August 2022",
            "Total Work Experience -Over 15 Years",
            "Mr. Dheeresh Pathak (Asst. Fund Manager \u00b7 Equity)",
            "Managing this Scheme from   01st April 2024",
            "Total Work Experience-Over 16 Years",
            "Mr. Ashish Agrawal (For Arbitrage Transactions)",
            "Managing this Scheme from January 6, 2025",
            "Total Work Experience-Over 17 Years",
            ""
        ],
        "category_of_the_scheme": [
            ""
        ],
        "aum": [
            "Monthly Average AUM",
            "4253.10 Crore",
            "Month End AUM",
            "4231.01 Crore",
            ""
        ],
        "minimum_investment_&": [
            ""
        ],
        "additional_purchase_amount": [
            "Minimum of Rs. 500/- and in multiples of Re. 1/- thereafter",
            ""
        ],
        "expense_ratio_(p.a_%)": [
            "Regular Plan :",
            "1.84",
            "Direct Plan :",
            "0.45",
            "$",
            "Total Expense Ratio - As on last day of the month & includes additional expenses",
            "provided in Regulation 52(6A)(b) and 52(6A)(c) of SEBI (Mutual Funds)",
            "Regulations, 1996 and Goods and Service Tax on Management Fees.",
            "Different",
            "plans have different expense structure.",
            "For more details please",
            "visit our Website.",
            ""
        ],
        "nav_of_plans_/_options~_as_on_january_31,_2025": [
            "Regular Plan",
            "Growth",
            "15.954",
            "Growth",
            "16.576",
            "IDCW",
            "15.954",
            "IDCW",
            "16.576",
            "~Plans:Regular and Direct",
            "Options: Growth and  IDCW",
            "(Pursuant to payment of IDCW, the NAV of IDCW Option of scheme/plans would fall",
            "to the extent of payout and statutory levy, if applicable.)",
            ""
        ],
        "portfolio_details*": [
            "Weight in Top 10 Stocks:                   32.66%",
            "Weight in Top 20 Stocks:                   47.16%",
            "Total number of Stock :                     120",
            "*Post adjustment of long & short future positions",
            ""
        ],
        "ratios": [
            "Portfolio Turn Over Ratio                   1.65 Times",
            ""
        ],
        "load_structure": [
            "#",
            "Entry Load :Nil",
            "Exit Load:1.00% (of applicable NAV); if units are redeemed/",
            "switched-out within 1 month from the date of allotment. Nil",
            "#SEBI vide its circular no. SEBI/IMD/CIR No. 4/ 168230/09 dated June 30, 2009 has decided that there",
            "shall be no entry Load for all Mutual Fund Schemes.",
            ""
        ],
        "quantitative_information": [
            "Portfolio Beta, Standard Deviation, Sharpe Ratio and Tracking Error of the",
            "Scheme is not computed since the scheme has not completed 3 year from its",
            "inception.",
            ""
        ],
        "dummynrwyfbnppfswulk": [
            ""
        ],
        "amc_name": "WhiteOak Capital Asset Management Limited",
        "main_scheme_name": "whiteoak capital flexi cap fund",
        "monthly_aaum_date": "28FEBRUARY2025",
        "page_number": [
            7
        ],
        "mutual_fund_name": "WhiteOak Mutual Fund"
    },
    "whiteoak capital mid cap fund": {
        "inception_date": [
            "07  September 2022",
            ""
        ],
        "benchmark": [
            "BSE Midcap 150 TRI",
            ""
        ],
        "fund_manager": [
            "Mr. Ramesh Mantri (Equity)",
            "Managing this Scheme from its inception",
            "Total Work Experience-Over 20 Years",
            "Mr. Piyush Baranwal (Debt)",
            "Managing this Scheme from its inception",
            "Total Work Experience-Over 15 Years",
            "Ms. Trupti Agrawal (Assistant Fund Manager/Equity)",
            "Managing this Scheme from its inception",
            "Total Work Experience -Over 15 Years",
            "Mr. Dheeresh Pathak (Asst. Fund Manager \u00b7 Equity)",
            "Managing this Scheme from 01st April 2024",
            "Total Work Experience-Over 16 Years",
            "Mr. Ashish Agrawal (For Arbitrage Transactions)",
            "Managing this Scheme from January 6, 2025",
            "Total Work Experience-Over 17 Years",
            ""
        ],
        "category_of_the_scheme": [
            ""
        ],
        "aum": [
            "Monthly Average AUM",
            "2723.18 Crore",
            "Month End AUM",
            "2659.12 Crore",
            ""
        ],
        "minimum_investment_&": [
            ""
        ],
        "additional_purchase_amount": [
            "Lumpsum-Rs. 500/- and in multiples of Re. 1/- thereafter",
            "(Lumpsum subscriptions with a limit of Rs. 1 lakh per day per",
            "PAN w.e.f November 06, 2023)",
            ""
        ],
        "expense_ratio_(p.a_%)": [
            "Regular Plan :",
            "1.92",
            "Direct Plan :",
            "0.44",
            "$",
            "Total Expense Ratio - As on last day of the month & includes additional expenses",
            "provided in Regulation 52(6A)(b) and 52(6A)(c) of SEBI (Mutual Funds)",
            "Regulations, 1996 and Goods and Service Tax on Management Fees.",
            "Different",
            "plans have different expense structure.",
            "For more details please",
            "visit our website.",
            ""
        ],
        "nav_of_plans_/_options~_as_on_january_31,_2025": [
            "Regular Plan",
            "Direct Plan",
            "Growth",
            "17.3390",
            "Growth",
            "18.0410",
            "IDCW",
            "17.3390",
            "IDCW",
            "18.0410",
            "~Plans:Regular and Direct",
            "Options: Growth and  IDCW",
            "(Pursuant to payment of IDCW, the NAV of IDCW Option of scheme/plans would fall",
            "to the extent of payout and statutory levy, if applicable.)",
            ""
        ],
        "portfolio_details*": [
            "Weight in Top 10 Stocks:                   28.47%",
            "Weight in Top 20 Stocks:                   46.22%",
            "Total number of Stock :                      114",
            "*Post adjustment of long & short future positions",
            ""
        ],
        "ratios": [
            "Portfolio Turn Over Ratio                   1.94 Times",
            ""
        ],
        "load_structure": [
            "#",
            "Entry Load :Nil",
            "Exit Load:1.00% (of applicable NAV); if units are redeemed/",
            "switched-out within 1 month from the date of allotment. Nil",
            "#SEBI vide its circular no. SEBI/IMD/CIR No. 4/ 168230/09 dated June 30, 2009 has decided that there",
            "shall be no entry Load for all Mutual Fund Schemes.",
            ""
        ],
        "quantitative_information": [
            "Portfolio Beta, Standard Deviation, Sharpe Ratio and Tracking Error of the",
            "Scheme is not computed since the scheme has not completed 3 years from its",
            "inception",
            ""
        ],
        "dummysqopauvwgcivdlj": [
            ""
        ],
        "amc_name": "WhiteOak Capital Asset Management Limited",
        "main_scheme_name": "whiteoak capital mid cap fund",
        "monthly_aaum_date": "28FEBRUARY2025",
        "page_number": [
            9
        ],
        "mutual_fund_name": "WhiteOak Mutual Fund"
    },
    "whiteoak capital elss tax saver fund": {
        "inception_date": [
            "14  October 2022",
            ""
        ],
        "benchmark": [
            "BSE 500 TRI",
            ""
        ],
        "fund_manager": [
            "Mr. Ramesh Mantri (Equity)",
            "Managing this Scheme from its inception",
            "Total Work Experience-Over 20 Years",
            "Mr. Piyush Baranwal (Debt)",
            "Managing this Scheme from its inception",
            "Total Work Experience-Over 15 Years",
            "Ms. Trupti Agrawal (Assistant Fund Manager/Equity)",
            "Managing this Scheme from its inception",
            "Total Work Experience -Over 15 Years",
            "Mr. Dheeresh Pathak (Asst. Fund Manager \u00b7 Equity)",
            "Managing this Scheme from 01st April 2024",
            "Total Work Experience-Over 16 Years",
            "Mr. Ashish Agrawal (For Arbitrage Transactions)",
            "Managing this Scheme from January 6, 2025",
            "Total Work Experience-Over 17 Years",
            ""
        ],
        "category_of_the_scheme": [
            ""
        ],
        "aum": [
            "Monthly Average AUM",
            "313.78 Crore",
            "Month End AUM",
            "312.39 Crore",
            ""
        ],
        "minimum_investment_&": [
            ""
        ],
        "additional_purchase_amount": [
            "Minimum of Rs. 500/- and in multiples of Re. 500/- thereafter",
            ""
        ],
        "expense_ratio_(p.a_%)": [
            "Regular Plan :",
            "2.34",
            "Direct Plan :",
            "0.70",
            "$Total Expense Ratio - As on last day of the month & includes additional expenses",
            "provided in Regulation 52(6A)(b) and 52(6A)(c) of SEBI (Mutual Funds)",
            "Regulations, 1996 and Goods and Service Tax on Management Fees.",
            "Different",
            "plans have different expense structure.",
            "For more details please",
            "visit our Website.",
            ""
        ],
        "nav_of_plans_/_options~_as_on_january_31,_2025": [
            "Regular Plan",
            "Direct Plan",
            "Growth",
            "16.1120",
            "Growth",
            "16.7670",
            "IDCW",
            "16.1120",
            "IDCW",
            "16.7670",
            "~Plans:Regular and Direct",
            "Options: Growth and  IDCW",
            "(Pursuant to payment of IDCW, the NAV of IDCW Option of scheme/plans would fall",
            "to the extent of payout and statutory levy, if applicable.)",
            ""
        ],
        "portfolio_details*": [
            "Weight in Top 10 Stocks:                   28.58%",
            "Weight in Top 20 Stocks:                   42.26%",
            "Total number of Stock :                     142",
            "*Post adjustment of long & short future positions",
            ""
        ],
        "ratios": [
            "Portfolio Turn Over Ratio                  0.39 Times",
            ""
        ],
        "load_structure": [
            "#",
            "Entry Load :Nil",
            "Exit Load:Nil (subject to Lock-in period of 3 years)",
            "#SEBI vide its circular no. SEBI/IMD/CIR No. 4/ 168230/09 dated June 30, 2009 has decided that there",
            "shall be no entry Load for all Mutual Fund Schemes.",
            ""
        ],
        "quantitative_information": [
            "Portfolio Beta, Standard Deviation, Sharpe Ratio and Tracking Error of the",
            "Scheme is not computed since the scheme has not completed 3 years from its",
            "inception",
            ""
        ],
        "dummyxaqcnnegtoncpou": [
            ""
        ],
        "amc_name": "WhiteOak Capital Asset Management Limited",
        "main_scheme_name": "whiteoak capital elss tax saver fund",
        "monthly_aaum_date": "28FEBRUARY2025",
        "page_number": [
            11
        ],
        "mutual_fund_name": "WhiteOak Mutual Fund"
    },
    "whiteoak capital large cap fund": {
        "inception_date": [
            "1  December 2022",
            ""
        ],
        "benchmark": [
            "BSE 100 TRI",
            ""
        ],
        "fund_manager": [
            "Mr. Ramesh Mantri (Equity)",
            "Managing this Scheme from its inception",
            "Total Work Experience-Over 20 Years",
            "Mr. Piyush Baranwal (Debt)",
            "Managing this Scheme from its inception",
            "Total Work Experience-Over 15 Years",
            "Ms. Trupti Agrawal (Assistant Fund Manager/Equity)",
            "Managing this Scheme from its inception",
            "Total Work Experience -Over 15 Years",
            "Mr. Dheeresh Pathak (Asst. Fund Manager \u00b7 Equity)",
            "Managing this Scheme from 01st April 2024",
            "Total Work Experience-Over 16 Years",
            "Mr. Ashish Agrawal (For Arbitrage Transactions)",
            "Managing this Scheme from January 6, 2025",
            "Total Work Experience-Over 17 Years",
            ""
        ],
        "category_of_the_scheme": [
            ""
        ],
        "aum": [
            "Monthly Average AUM",
            "684.65 Crore",
            "Month End AUM",
            "702.03 Crore",
            ""
        ],
        "minimum_investment_&": [
            ""
        ],
        "additional_purchase_amount": [
            "Minimum of Rs. 500/- and in multiples of Re. 1/- thereafter",
            ""
        ],
        "expense_ratio_(p.a_%)": [
            "Regular Plan :",
            "2.31",
            "Direct Plan :",
            "0.66",
            "$Total Expense Ratio - As on last day of the month & includes additional expenses",
            "provided in Regulation 52(6A)(b) and 52(6A)(c) of SEBI (Mutual Funds)",
            "Regulations, 1996 and Goods and Service Tax on Management Fees.",
            "Different",
            "plans have different expense structure.",
            "For more details please",
            "visit our Website.",
            ""
        ],
        "nav_of_plans_/_options~_as_on_january_31,_2025": [
            "Regular Plan",
            "Direct Plan",
            "Growth",
            "13.7240",
            "Growth",
            "14.2370",
            "IDCW",
            "13.7240",
            "IDCW",
            "14.2370",
            "~Plans:Regular and Direct",
            "Options: Growth and  IDCW",
            "(Pursuant to payment of IDCW, the NAV of IDCW Option of scheme/plans would fall",
            "to the extent of payout and statutory levy, if applicable.)",
            ""
        ],
        "portfolio_details*": [
            "Weight in Top 10 Stocks:                   45.17%",
            "Weight in Top 20 Stocks:                   62.79%",
            "Total number of Stock :                     65",
            "*Post adjustment of long & short future positions",
            ""
        ],
        "ratios": [
            "Portfolio Turn Over Ratio                  1.52 Times",
            ""
        ],
        "load_structure": [
            "#",
            "Entry Load :Nil",
            "Exit Load:1.00% (of applicable NAV); if units are",
            "redeemed/switched-out within 1 month from the date of",
            "allotment. Nil thereafter",
            "#SEBI vide its circular no. SEBI/IMD/CIR No. 4/ 168230/09 dated June 30, 2009 has decided that there",
            "shall be no entry Load for all Mutual Fund Schemes.",
            ""
        ],
        "quantitative_information": [
            "Portfolio Beta, Standard Deviation, Sharpe Ratio and Tracking Error of the",
            "Scheme is not computed since the scheme has not completed 3 years from its",
            "inception.",
            ""
        ],
        "dummyztektwbyqghiwsi": [
            ""
        ],
        "amc_name": "WhiteOak Capital Asset Management Limited",
        "main_scheme_name": "whiteoak capital large cap fund",
        "monthly_aaum_date": "28FEBRUARY2025",
        "page_number": [
            13
        ],
        "mutual_fund_name": "WhiteOak Mutual Fund"
    },
    "whiteoak capital large & mid cap fund": {
        "inception_date": [
            "22  December 2023",
            ""
        ],
        "benchmark": [
            "BSE 250 Large MidCap TRI",
            ""
        ],
        "fund_manager": [
            "Mr. Ramesh Mantri (Equity)",
            "Managing this Scheme from its inception",
            "Total Work Experience-Over 20 Years",
            "Ms. Trupti Agrawal (Assistant Fund Manager/Equity)",
            "Managing this Scheme from its inception",
            "Total Work Experience -Over 15 Years",
            "Mr. Piyush Baranwal (Debt)",
            "Managing this Scheme from its inception",
            "Total Work Experience-Over 14 Years",
            "Mr. Dheeresh Pathak (Asst. Fund Manager \u00b7 Equity)",
            "Managing this Scheme from 01st April 2024",
            "Total Work Experience-Over 16 Years",
            "Mr. Ashish Agrawal (For Arbitrage Transactions)",
            "Managing this Scheme from January 6, 2025",
            "Total Work Experience-Over 17 Years",
            ""
        ],
        "category_of_the_scheme": [
            ""
        ],
        "aum": [
            "Monthly Average AUM",
            "1517.06 Crore",
            "Month End AUM",
            "1494.54Crore",
            ""
        ],
        "minimum_investment_&": [
            ""
        ],
        "additional_purchase_amount": [
            "For Lumpsum: Minimum of Rs. 500/- and in multiples of Re.",
            "1/- thereafter.",
            ""
        ],
        "expense_ratio_(p.a_%)": [
            "Regular Plan :",
            "2.06",
            "Direct Plan :",
            "0.43",
            "$Total Expense Ratio - As on last day of the month & includes additional expenses",
            "provided in Regulation 52(6A)(b) and 52(6A)(c) of SEBI (Mutual Funds)",
            "Regulations, 1996 and Goods and Service Tax on Management Fees.",
            "Different",
            "plans have different expense structure.",
            "For more details please",
            "visit our Website.",
            ""
        ],
        "nav_of_plans_/_options~_as_on_january_31,_2025": [
            "Regular Plan",
            "Direct Plan",
            "Growth",
            "11.9190",
            "Growth",
            "12.1480",
            "~Plans:Regular and Direct",
            "Options: Growth and  IDCW",
            "(Pursuant to payment of IDCW, the NAV of IDCW Option of scheme/plans would fall",
            "to the extent of payout and statutory levy, if applicable.)",
            ""
        ],
        "portfolio_details*": [
            "Weight in Top 10 Stocks:                   28.64%",
            "Weight in Top 20 Stocks:                   43.67%",
            "Total number of Stock :                     109",
            "*Post adjustment of long & short future positions",
            ""
        ],
        "ratios": [
            "Portfolio Turn Over Ratio                  1.65 Times",
            ""
        ],
        "load_structure": [
            "#",
            "Entry Load :Nil",
            "Exit Load:1.00% (of applicable NAV); if units are redeemed/",
            "switched-out within 1 month from the date of allotment. Nil",
            "#SEBI vide its circular no. SEBI/IMD/CIR No. 4/ 168230/09 dated June 30, 2009 has decided that there",
            "shall be no entry Load for all Mutual Fund Schemes.",
            ""
        ],
        "quantitative_information": [
            "Portfolio Beta, Standard Deviation, Sharpe Ratio and Tracking Error of the",
            "Scheme is not computed since the scheme has not completed 3 years from",
            "its inception.",
            ""
        ],
        "dummyhtglumyqrqbztfy": [
            ""
        ],
        "amc_name": "WhiteOak Capital Asset Management Limited",
        "main_scheme_name": "whiteoak capital large & mid cap fund",
        "monthly_aaum_date": "28FEBRUARY2025",
        "page_number": [
            15
        ],
        "mutual_fund_name": "WhiteOak Mutual Fund"
    },
    "whiteoak capital multi cap fund": {
        "inception_date": [
            "22  September 2023",
            ""
        ],
        "benchmark": [
            "NIFTY 500 Multicap 50:25:25 TRI",
            ""
        ],
        "fund_manager": [
            "Mr. Ramesh Mantri (Equity)",
            "Managing this Scheme from its inception",
            "Total Work Experience-Over 20 Years",
            "Mr. Piyush Baranwal (Debt)",
            "Managing this Scheme from its inception",
            "Total Work Experience-Over 15 Years",
            "Ms. Trupti Agrawal (Assistant Fund Manager/Equity)",
            "Managing this Scheme from its inception",
            "Total Work Experience -Over 15 Years",
            "Mr. Dheeresh Pathak (Asst. Fund Manager \u00b7 Equity)",
            "Managing this Scheme from 01st April 2024",
            "Total Work Experience-Over 16 Years",
            "Mr. Ashish Agrawal (For Arbitrage Transactions)",
            "Managing this Scheme from January 6, 2025",
            "Total Work Experience-Over 17 Years",
            ""
        ],
        "category_of_the_scheme": [
            ""
        ],
        "aum": [
            "Monthly Average AUM",
            "1478.82 Crore",
            "Month End AUM",
            "1483.43Crore",
            ""
        ],
        "minimum_investment_&": [
            ""
        ],
        "additional_purchase_amount": [
            "Lumpsum-Rs. 500/- and in multiples of Re. 1/- thereafter",
            ""
        ],
        "expense_ratio_(p.a_%)": [
            "Regular Plan :",
            "2.06",
            "Direct Plan :",
            "0.47",
            "$",
            "Total Expense Ratio - As on last day of the month & includes additional",
            "expenses provided in Regulation 52(6A)(b) and 52(6A)(c) of SEBI (Mutual",
            "Funds) Regulations, 1996 and Goods and Service Tax on Management",
            "Fees.Different plans have different expense structure.",
            "For more details",
            "pleasevisit our Website.",
            ""
        ],
        "nav_of_plans_/_options~_as_on_january_31,_2025": [
            "Regular Plan",
            "Direct Plan",
            "Growth",
            "13.6400",
            "Growth",
            "13.9550",
            "~Plans:Regular and Direct",
            "Options: Growth",
            "(Pursuant to payment of IDCW, the NAV of IDCW Option of scheme/plans would fall",
            "to the extent of payout and statutory levy, if applicable.)",
            ""
        ],
        "portfolio_details*": [
            "Weight in Top 10 Stocks:                   22.03%",
            "Weight in Top 20 Stocks:                   33.92%",
            "Total number of Stock :                     171",
            "*Post adjustment of long & short future positions",
            ""
        ],
        "ratios": [
            "Portfolio Turn Over Ratio                  1.47 Times",
            ""
        ],
        "load_structure": [
            "#",
            "Entry Load :Nil",
            "Exit Load:1.00% (of applicable NAV); if units are",
            "redeemed/switched-out within 1 month from the date of",
            "allotment. Nil thereafter",
            "#SEBI vide its circular no. SEBI/IMD/CIR No. 4/ 168230/09 dated June 30, 2009 has decided that there",
            "shall be no entry Load for all Mutual Fund Schemes.",
            ""
        ],
        "quantitative_information": [
            "Portfolio Beta, Standard Deviation, Sharpe Ratio and Tracking Error of the",
            "Scheme is not computed since the scheme has not completed 3 years from its",
            "inception.",
            "Portfolio Turnover Ratio is not computed since the Scheme has not completed",
            "1 year from its inception.",
            ""
        ],
        "dummyrlzssdhozzlmvpj": [
            ""
        ],
        "amc_name": "WhiteOak Capital Asset Management Limited",
        "main_scheme_name": "whiteoak capital multi cap fund",
        "monthly_aaum_date": "28FEBRUARY2025",
        "page_number": [
            17
        ],
        "mutual_fund_name": "WhiteOak Mutual Fund"
    },
    "whiteoak capital pharma and healthcare fund": {
        "inception_date": [
            "06  February 2024",
            ""
        ],
        "benchmark": [
            "BSE Healthcare TRI",
            ""
        ],
        "fund_manager": [
            "Mr. Ramesh Mantri (Equity)",
            "Managing this Scheme from its inception",
            "Total Work Experience-Over 20 Years",
            "Mr. Dheeresh Pathak (Assistant Fund Manager- Equity)",
            "Managing this Scheme from its inception",
            "Total Work Experience-Over 16 Years",
            "Mr. Piyush Baranwal (Debt)",
            "Managing this Scheme from its inception",
            "Total Work Experience-Over 15 Years",
            "Mr. Ashish Agrawal (For Arbitrage Transactions)",
            "Managing this Scheme from January 6, 2025",
            "Total Work Experience-Over 17 Years",
            ""
        ],
        "category_of_the_scheme": [
            ""
        ],
        "aum": [
            "Monthly Average AUM",
            "284.80 Crore",
            "Month End AUM",
            "286.66Crore",
            ""
        ],
        "minimum_investment_&": [
            ""
        ],
        "additional_purchase_amount": [
            "Lumpsum-Rs. 500/- and in multiples of Re. 1/- thereafter.",
            ""
        ],
        "expense_ratio_(p.a_%)": [
            "Regular Plan :",
            "2.39",
            "Direct Plan :",
            "0.68",
            "$Total Expense Ratio - As on last day of the month & includes additional expenses",
            "provided in Regulation 52(6A)(b) and 52(6A)(c) of SEBI (Mutual Funds)",
            "Regulations, 1996 and Goods and Service Tax on Management Fees.",
            "Different",
            "plans have different expense structure.",
            "For more details please",
            "visit our Website.",
            ""
        ],
        "nav_of_plans_/_options~_as_on_january_31,_2025": [
            "Regular Plan",
            "Direct Plan",
            "Growth",
            "12.8670",
            "Growth",
            "13.0930",
            "~Plans:Regular and Direct",
            "Options: Growth",
            "(Pursuant to payment of IDCW, the NAV of IDCW Option of scheme/plans would fall",
            "to the extent of payout and statutory levy, if applicable.)",
            ""
        ],
        "portfolio_details*": [
            "Weight in Top 10 Stocks:                   54.52%",
            "Weight in Top 20 Stocks:                   73.41%",
            "Total number of Stock :                     45",
            "*Post adjustment of long & short future positions",
            ""
        ],
        "load_structure": [
            "#",
            "Entry Load :Nil",
            "Exit Load:1.00% (of applicable NAV); if units are",
            "redeemed/switched-out within 1 month from the date of",
            "allotment. Nil thereafter",
            "#SEBI vide its circular no. SEBI/IMD/CIR No. 4/ 168230/09 dated June 30, 2009 has decided that there",
            "shall be no entry Load for all Mutual Fund Schemes.",
            ""
        ],
        "quantitative_information": [
            "Portfolio Beta, Standard Deviation, Sharpe Ratio and Tracking Error of the",
            "Scheme is not computed since the scheme has not completed 3 years from its",
            "inception.",
            "Portfolio Turnover Ratio is not computed since the Scheme has not completed",
            "1 year from its inception.",
            ""
        ],
        "dummyeecnpwxtfvgqzfj": [
            ""
        ],
        "amc_name": "WhiteOak Capital Asset Management Limited",
        "main_scheme_name": "whiteoak capital pharma and healthcare fund",
        "monthly_aaum_date": "28FEBRUARY2025",
        "page_number": [
            19
        ],
        "mutual_fund_name": "WhiteOak Mutual Fund"
    },
    "whiteoak capital banking & financial services fund": {
        "inception_date": [
            "06  February 2024",
            ""
        ],
        "benchmark": [
            "Nifty Financial Services Total Return Index (TRI)",
            ""
        ],
        "fund_manager": [
            "Ms. Trupti Agrawal (Equity)",
            "Managing this Scheme from its inception",
            "Total Work Experience-Over 15 Years",
            "Mr. Ramesh Mantri (Equity)",
            "Managing this Scheme from its inception",
            "Total Work Experience-Over 20 Years",
            "Mr. Piyush Baranwal (Debt)",
            "Managing this Scheme from its inception",
            "Total Work Experience-Over 15 Years",
            "Mr. Dheeresh Pathak (Asst. Fund Manager \u00b7 Equity)",
            "Managing this Scheme from 01st April 2024",
            "Total Work Experience-Over 16 Years",
            "Mr. Ashish Agrawal (For Arbitrage Transactions)",
            "Managing this Scheme from January 6, 2025",
            "Total Work Experience-Over 17 Years",
            ""
        ],
        "category_of_the_scheme": [
            ""
        ],
        "aum": [
            "Monthly Average AUM",
            "308.23 Crore",
            "Month End AUM",
            "314.98Crore",
            ""
        ],
        "minimum_investment_&": [
            ""
        ],
        "additional_purchase_amount": [
            "Lumpsum-Rs. 500/- and in multiples of Re. 1/- thereafter.",
            ""
        ],
        "expense_ratio_(p.a_%)": [
            "Regular Plan :",
            "2.38",
            "Direct Plan :",
            "0.66",
            "$",
            "Total Expense Ratio - As on last day of the month & includes additional",
            "expenses provided in Regulation 52(6A)(b) and 52(6A)(c) of SEBI (Mutual",
            "Funds) Regulations, 1996 and Goods and Service Tax on Management",
            "Fees.Different plans have different expense structure.",
            "For more details",
            "pleasevisit our Website.",
            ""
        ],
        "nav_of_plans_/_options~_as_on_january_31,_2025": [
            "Regular Plan",
            "Direct Plan",
            "Growth",
            "10.8980",
            "Growth",
            "11.0860",
            "~Plans:Regular and Direct",
            "Options: Growth and IDCW",
            "(Pursuant to payment of IDCW, the NAV of IDCW Option of scheme/plans would fall",
            "to the extent of payout and statutory levy, if applicable.)",
            ""
        ],
        "portfolio_details*": [
            "Weight in Top 10 Stocks:                   71.78%",
            "Weight in Top 20 Stocks:                   84.80%",
            "Total number of Stock :                     39",
            "*Post adjustment of long & short future positions",
            ""
        ],
        "load_structure": [
            "#",
            "Entry Load :Nil",
            "Exit Load:1.00% (of applicable NAV); if units are",
            "redeemed/switched-out within 1 month from the date of",
            "allotment. Nil thereafter",
            "#SEBI vide its circular no. SEBI/IMD/CIR No. 4/ 168230/09 dated June 30, 2009 has decided that there",
            "shall be no entry Load for all Mutual Fund Schemes.",
            ""
        ],
        "quantitative_information": [
            "Portfolio Beta, Standard Deviation, Sharpe Ratio and Tracking Error of the",
            "Scheme is not computed since the scheme has not completed 3 years from its",
            "inception.",
            "Portfolio Turnover Ratio is not computed since the Scheme has not completed",
            "1 year from its inception.",
            ""
        ],
        "dummyeewsjolcfjwfxsm": [
            ""
        ],
        "amc_name": "WhiteOak Capital Asset Management Limited",
        "main_scheme_name": "whiteoak capital banking & financial services fund",
        "monthly_aaum_date": "28FEBRUARY2025",
        "page_number": [
            20
        ],
        "mutual_fund_name": "WhiteOak Mutual Fund"
    },
    "whiteoak capital special opportunities fund": {
        "inception_date": [
            "4th  June 2024",
            ""
        ],
        "benchmark": [
            "BSE 500 TRI",
            ""
        ],
        "fund_manager": [
            "Mr. Dheeresh Pathak (Fund Manager- Equity)",
            "Managing this Scheme from its inception",
            "Total Work Experience-Over 16 Years",
            "Ms. Trupti Agrawal (Assistant Fund Manager-Equity)",
            "Managing this Scheme from its inception",
            "Total Work Experience-Over 15 Years",
            "Mr. Piyush Baranwal (Debt)",
            "Managing this Scheme from its inception",
            "Total Work Experience-Over 15 Years",
            "Mr. Ashish Agrawal (For Arbitrage Transactions)",
            "Managing this Scheme from January 6, 2025",
            "Total Work Experience-Over 17 Years",
            ""
        ],
        "category_of_the_scheme": [
            ""
        ],
        "aum": [
            "Monthly Average AUM",
            "728.41 Crore",
            "Month End AUM",
            "728.94Crore",
            ""
        ],
        "minimum_investment_&": [
            ""
        ],
        "additional_purchase_amount": [
            "Lumpsum-Rs. 500/- and in multiples of Re. 1/- thereafter",
            ""
        ],
        "expense_ratio_(p.a_%)": [
            "Regular Plan :",
            "2.29",
            "Direct Plan :",
            "0.60",
            "$",
            "Total Expense Ratio - As on last day of the month & includes additional expenses",
            "provided in Regulation 52(6A)(b) and 52(6A)(c) of SEBI (Mutual Funds)",
            "Regulations, 1996 and Goods and Service Tax on Management Fees.",
            "Different",
            "plans have different expense structure.",
            "For more details please",
            "visit our Website.",
            ""
        ],
        "nav_of_plans_/_options~_as_on_january_31,_2025": [
            "Regular Plan",
            "Direct Plan",
            "Growth",
            "11.5270",
            "Growth",
            "11.7070",
            "~Plans:Regular and Direct",
            "Options: Growth and IDWC",
            "(Pursuant to payment of IDCW, the NAV of IDCW Option of scheme/plans would fall",
            "to the extent of payout and statutory levy, if applicable.)",
            ""
        ],
        "portfolio_details*": [
            "Weight in Top 10 Stocks:                   37.34%",
            "Weight in Top 20 Stocks:                   57.36%",
            "Total number of Stock :                     60",
            "*Post adjustment of long & short future positions",
            ""
        ],
        "load_structure": [
            "#",
            "Entry Load :Nil",
            "Exit Load:1.00% (of applicable NAV); if units are redeemed/",
            "switched-out within 1 month from the date of allotment. Nil",
            "thereafter.",
            "#",
            "SEBI vide its circular no. SEBI/IMD/CIR No. 4/ 168230/09 dated June 30, 2009 has",
            "decided that there shall be no entry Load for all Mutual Fund Schemes.",
            ""
        ],
        "quantitative_information": [
            "Portfolio Beta, Standard Deviation, Sharpe Ratio and Tracking Error of the",
            "Scheme is not computed since the scheme has not completed 3 years from its",
            "inception.",
            "Portfolio Turnover Ratio is not computed since the Scheme has not completed 1",
            "yearfromitsinception",
            ""
        ],
        "dummytwcvucfzsqmbuas": [
            ""
        ],
        "amc_name": "WhiteOak Capital Asset Management Limited",
        "main_scheme_name": "whiteoak capital special opportunities fund",
        "monthly_aaum_date": "28FEBRUARY2025",
        "page_number": [
            21
        ],
        "mutual_fund_name": "WhiteOak Mutual Fund"
    },
    "whiteoak capital esg best-in-class strategy fund": {
        "inception_date": [
            "30  October 2024",
            ""
        ],
        "benchmark": [
            "Nifty 100 ESG TRI.",
            ""
        ],
        "fund_manager": [
            "Mr. Ramesh Mantri (Equity)",
            "Managing this Scheme from its inception",
            "Total Work Experience-Over 20 Years",
            "Ms. Trupti Agrawal (Assistant Fund Manager\u00b7Equity)",
            "Managing this Scheme from its inception",
            "Total Work Experience -Over 15 Years",
            "Mr. Dheeresh Pathak (Asst. Fund Manager \u00b7 Equity)",
            "Managing this Scheme from its inception",
            "Total Work Experience-Over 16 Years",
            "Mr. Piyush Baranwal (Debt)",
            "Managing this Scheme from its inception",
            "Total Work Experience-Over 15 Years",
            "Mr. Ashish Agrawal (For Arbitrage Transactions)",
            "Managing this Scheme from January 6, 2025",
            "Total Work Experience-Over 17 Years",
            ""
        ],
        "category_of_the_scheme": [
            ""
        ],
        "aum": [
            "Monthly Average AUM",
            "61.28 Crore",
            "Month End AUM",
            "61.56 Crore",
            ""
        ],
        "minimum_investment_&": [
            ""
        ],
        "additional_purchase_amount": [
            "Minimum of Rs. 500/- and in multiples of Re. 1/- thereafter",
            ""
        ],
        "expense_ratio_(p.a_%)": [
            "Regular Plan :",
            "2.36",
            "Direct Plan :",
            "0.60",
            "$Total Expense Ratio - As on last day of the month & includes additional expenses",
            "provided in Regulation 52(6A)(b) and 52(6A)(c) of SEBI (Mutual Funds)",
            "Regulations, 1996 and Goods and Service Tax on Management Fees.",
            "Different",
            "plans have different expense structure.",
            "For more details please",
            "visit our Website.",
            ""
        ],
        "nav_of_plans_/_options~_as_on_january_31,_2025": [
            "Regular Plan",
            "Direct Plan",
            "Growth",
            "9.7230",
            "Growth",
            "9.7670",
            "~Plans:Regular and Direct",
            "Options: Growth and  IDCW",
            "(Pursuant to payment of IDCW, the NAV of IDCW Option of scheme/plans would fall",
            "to the extent of payout and statutory levy, if applicable.)",
            ""
        ],
        "portfolio_details*": [
            "Weight in Top 10 Stocks:                   41.89%",
            "Weight in Top 20 Stocks:                   60.68%",
            "Total number of Stock :                     60",
            "*Post adjustment of long & short future positions",
            ""
        ],
        "load_structure": [
            "#",
            "Entry Load :Nil",
            "Exit Load: 1% (of applicable NAV); if units are redeemed/",
            "switched-out within 1 month from the date of allotment. Nil",
            "thereafter.",
            "#SEBI vide its circular no. SEBI/IMD/CIR No. 4/ 168230/09 dated June 30, 2009 has decided that there",
            "shall be no entry Load for all Mutual Fund Schemes.",
            ""
        ],
        "quantitative_information": [
            "Portfolio Beta, Standard Deviation, Sharpe Ratio and Tracking Error of the",
            "Scheme is not computed since the scheme has not completed 3 years from its",
            "inception.",
            "Portfolio Turnover Ratio is not computed since the Scheme has not completed",
            "1yearfromitsinception",
            ""
        ],
        "dummytvucjmrxpmnfuuk": [
            ""
        ],
        "amc_name": "WhiteOak Capital Asset Management Limited",
        "main_scheme_name": "whiteoak capital esg best-in-class strategy fund",
        "monthly_aaum_date": "28FEBRUARY2025",
        "page_number": [
            23
        ],
        "mutual_fund_name": "WhiteOak Mutual Fund"
    },
    "whiteoak capital digital bharat fund": {
        "inception_date": [
            "11  October 2024",
            ""
        ],
        "benchmark": [
            "BSE Teck TRI.",
            ""
        ],
        "fund_manager": [
            "Mr. Ramesh Mantri (Equity)",
            "Managing this Scheme from its inception",
            "Total Work Experience-Over 20 Years",
            "Ms. Trupti Agrawal (Assistant Fund Manager\u00b7Equity)",
            "Managing this Scheme from its inception",
            "Total Work Experience -Over 15 Years",
            "Mr. Dheeresh Pathak (Asst. Fund Manager \u00b7 Equity)",
            "Managing this Scheme from its inception",
            "Total Work Experience-Over 16 Years",
            "Mr. Piyush Baranwal (Debt)",
            "Managing this Scheme from its inception",
            "Total Work Experience-Over 15 Years",
            "Mr. Ashish Agrawal (For Arbitrage Transactions)",
            "Managing this Scheme from January 6, 2025",
            "Total Work Experience-Over 17 Years",
            ""
        ],
        "category_of_the_scheme": [
            ""
        ],
        "aum": [
            "Monthly Average AUM",
            "315.35 Crore",
            "Month End AUM",
            "308.98 Crore",
            ""
        ],
        "minimum_investment_&": [
            ""
        ],
        "additional_purchase_amount": [
            "For Lumpsum:Minimum of Rs. 500/- and in multiples of Re.",
            "1/- thereafter",
            ""
        ],
        "expense_ratio_(p.a_%)": [
            "Regular Plan :",
            "2.37",
            "Direct Plan :",
            "0.67",
            "$",
            "Total Expense Ratio - As on last day of the month & includes additional expenses",
            "provided in Regulation 52(6A)(b) and 52(6A)(c) of SEBI (Mutual Funds)",
            "Regulations, 1996 and Goods and Service Tax on Management Fees.",
            "Different",
            "plans have different expense structure.",
            "For more details please",
            "visit our Website.",
            ""
        ],
        "nav_of_plans_/_options~_as_on_january_31,_2025": [
            "Regular Plan",
            "Direct Plan",
            "Growth",
            "9.6950",
            "Growth",
            "9.7470",
            "~Plans:Regular and Direct",
            "Options: Growth and  IDCW",
            "(Pursuant to payment of IDCW, the NAV of IDCW Option of scheme/plans would fall",
            "to the extent of payout and statutory levy, if applicable.)",
            ""
        ],
        "portfolio_details*": [
            "Weight in Top 10 Stocks:                   63.35%",
            "Weight in Top 20 Stocks:                   83.41%",
            "Total number of Stock :                     32",
            "*Post adjustment of long & short future positions",
            ""
        ],
        "load_structure": [
            "#",
            "Entry Load :Nil",
            "Exit Load:: 1.00% (of applicable NAV); if units are redeemed/",
            "switched-out within 1 month from the date of allotment. Nil",
            "thereafter.",
            "#SEBI vide its circular no. SEBI/IMD/CIR No. 4/ 168230/09 dated June 30, 2009 has decided that there",
            "shall be no entry Load for all Mutual Fund Schemes.",
            ""
        ],
        "quantitative_information": [
            "Portfolio Beta, Standard Deviation, Sharpe Ratio and Tracking Error of the",
            "Scheme is not computed since the scheme has not completed 3 years from its",
            "inception.",
            "Portfolio Turnover Ratio is not computed since the Scheme has not completed",
            ""
        ],
        "dummynovivskusyftjxi": [
            ""
        ],
        "amc_name": "WhiteOak Capital Asset Management Limited",
        "main_scheme_name": "whiteoak capital digital bharat fund",
        "monthly_aaum_date": "28FEBRUARY2025",
        "page_number": [
            25
        ],
        "mutual_fund_name": "WhiteOak Mutual Fund"
    },
    "whiteoak capital quality equity fund": {
        "inception_date": [
            "29  January 2025",
            ""
        ],
        "benchmark": [
            "BSE Quality TRI.",
            ""
        ],
        "fund_manager": [
            "Mr. Ramesh Mantri (Equity)",
            "Managing this Scheme from its inception",
            "Total Work Experience-Over 20 Years",
            "Ms. Trupti Agrawal (Equity)",
            "Managing this Scheme from its inception",
            "Total Work Experience -Over 15 Years",
            "Mr. Dheeresh Pathak ((Equity)",
            "Managing this Scheme from its inception",
            "Total Work Experience-Over 16 Years",
            "Mr. Piyush Baranwal (Debt)",
            "Managing this Scheme from its inception",
            "Total Work Experience-Over 15 Years",
            "Mr. Ashish Agrawal (For Arbitrage Transactions)",
            "Managing this Scheme from its inception",
            "Total Work Experience-Over 17 Years",
            ""
        ],
        "category_of_the_scheme": [
            ""
        ],
        "aum": [
            "Monthly Average AUM",
            "26.70 Crore",
            "Month End AUM",
            "280.06Crore",
            ""
        ],
        "minimum_investment_&": [
            ""
        ],
        "additional_purchase_amount": [
            "Minimum of Rs. 500/- and in multiples of Re. 1/- thereafter",
            ""
        ],
        "expense_ratio_(p.a_%)": [
            "Regular Plan :",
            "2.35",
            "Direct Plan :",
            "0.59",
            "$",
            "Total Expense Ratio - As on last day of the month & includes additional expenses",
            "provided in Regulation 52(6A)(b) and 52(6A)(c) of SEBI (Mutual Funds)",
            "Regulations, 1996 and Goods and Service Tax on Management Fees.",
            "Different",
            "plans have different expense structure.",
            "For more details please",
            "visit our Website.",
            ""
        ],
        "nav_of_plans_/_options~_as_on_january_31,_2025": [
            "Regular Plan",
            "Direct Plan",
            "Growth",
            "10.1240",
            "Growth",
            "10.1260",
            "~Plans:Regular and Direct",
            "Options: Growth and  IDCW",
            "(Pursuant to payment of IDCW, the NAV of IDCW Option of scheme/plans would fall",
            "to the extent of payout and statutory levy, if applicable.)",
            ""
        ],
        "portfolio_details*": [
            "Weight in Top 10 Stocks:                   39.62%",
            "Weight in Top 20 Stocks:                   58.63%",
            "Total number of Stock :                     53",
            "*Post adjustment of long & short future positions",
            ""
        ],
        "load_structure": [
            "#",
            "Entry Load :Nil",
            "Exit Load: In respect of each purchase / switch-in of Units, an Exit",
            "Load of 1.00% is payable if Units are redeemed/ switched-out within 1",
            "month from the date of allotment. No Exit Load is payable if Units are",
            "redeemed / switched-out after 1 month from the date of allotment.",
            "#SEBI vide its circular no. SEBI/IMD/CIR No. 4/ 168230/09 dated June 30, 2009 has decided that there",
            "shall be no entry Load for all Mutual Fund Schemes.",
            ""
        ],
        "quantitative_information": [
            "Portfolio Beta, Standard Deviation, Sharpe Ratio and Tracking Error of",
            "the Scheme is not computed since the scheme has not completed 3",
            "years from its inception.",
            "Portfolio Turnover Ratio is not computed since the Scheme has not",
            "l t d1",
            "f",
            "it i",
            "ti",
            ""
        ],
        "dummyhcrvnkguwikrvfu": [
            ""
        ],
        "amc_name": "WhiteOak Capital Asset Management Limited",
        "main_scheme_name": "whiteoak capital quality equity fund",
        "monthly_aaum_date": "28FEBRUARY2025",
        "page_number": [
            26
        ],
        "mutual_fund_name": "WhiteOak Mutual Fund"
    },
    "whiteoak capital balanced advantage fund": {
        "inception_date": [
            "10  February 2023",
            ""
        ],
        "benchmark": [
            "CRISIL Hybrid 50+50 - Moderate Index",
            ""
        ],
        "fund_manager": [
            "Mr. Ramesh Mantri (Equity)",
            "Managing this Scheme from its inception",
            "Total Work Experience-Over 20 Years",
            "Mr. Piyush Baranwal (Debt)",
            "Managing this Scheme from its inception",
            "Total Work Experience-Over 15 Years",
            "Ms. Trupti Agrawal (Assistant Fund Manager/Equity)",
            "Managing this Scheme from its inception",
            "Total Work Experience -Over 15 Years",
            "Mr. Dheeresh Pathak (Asst. Fund Manager \u00b7 Equity)",
            "Managing this Scheme from 01st April 2024",
            "Total Work Experience-Over 16 Years",
            "Mr. Ashish Agrawal (For Arbitrage Transactions)",
            "Managing this Scheme from January 6, 2025",
            "Total Work Experience-Over 17 Years",
            ""
        ],
        "category_of_the_scheme": [
            "Hybrid Scheme - Balanced Advantage Fund /Dynamic Asset",
            "Allocation Fund",
            ""
        ],
        "aum": [
            "Monthly Average AUM",
            "1329.39 Crore",
            "Month End AUM",
            "1329.94Crore",
            ""
        ],
        "minimum_investment_&": [
            ""
        ],
        "additional_purchase_amount": [
            "Minimum of Rs. 500/- and in multiples of Re. 1/- thereafter",
            ""
        ],
        "expense_ratio_(p.a_%)": [
            "Regular Plan :",
            "2.10",
            "Direct Plan :",
            "0.53",
            "$",
            "Total Expense Ratio - As on last day of the month & includes additional expenses",
            "provided in Regulation 52(6A)(b) and 52(6A)(c) of SEBI (Mutual Funds)",
            "Regulations, 1996 and Goods and Service Tax on Management Fees.",
            "Different",
            "plans have different expense structure.",
            "For more details please",
            "visit our Website.",
            ""
        ],
        "nav_of_plans_/_options~_as_on_january_31,_2025": [
            "Regular Plan",
            "Direct Plan",
            "Growth",
            "13.3910",
            "Growth",
            "13.8330",
            "~Plans:Regular and Direct",
            "Options: Growth",
            "Currently, the Scheme is not offering Income Distribution cum Capital",
            "Withdrawal Option (IDCW).",
            ""
        ],
        "portfolio_details*": [
            "Weight in Top 10 Stocks:                   23.06%",
            "Weight in Top 20 Stocks:                   33.19%",
            "Total number of Stock :                     97",
            ""
        ],
        "net_equity_exposure": [
            "57.77% (*Post adjustment of long",
            "& short future positions)",
            "Hedge allocation -9.74%",
            ""
        ],
        "quantitative_information_as_on_january_31,_2025": [
            "Annualised Portfolio YTM*:",
            "7.23%",
            "Macaulay Duration :",
            "2.13 Years",
            "Residual Maturity :",
            "2.77 Years",
            "Modified Duration :",
            "2.03 Years",
            "* in case of semi-annual YTM, it will be annualised",
            "(Calculated on amount invested in debt securities (including accrued interest),",
            "deployment of funds in TREPS and Reverse Repo and net receivable / payable.)",
            ""
        ],
        "ratios": [
            "Portfolio Turn Over Ratio                  3.56 Times",
            ""
        ],
        "load_structure": [
            "#",
            "Entry Load :Nil",
            "Exit Load:1.00% (of applicable NAV); if units are",
            "redeemed/switched-out within 1 month from the date of",
            "allotment. Nil thereafter",
            "#SEBI vide its circular no. SEBI/IMD/CIR No. 4/ 168230/09 dated June 30, 2009 has decided that there",
            "shall be no entry Load for all Mutual Fund Schemes.",
            ""
        ],
        "quantitative_information": [
            "Portfolio Beta, Standard Deviation, Sharpe Ratio and Tracking Error of the",
            "Scheme is not computed since the scheme has not completed 3 years from its",
            ""
        ],
        "dummyhwcxqfdlxpredmq": [
            ""
        ],
        "amc_name": "WhiteOak Capital Asset Management Limited",
        "main_scheme_name": "whiteoak capital balanced advantage fund",
        "monthly_aaum_date": "28FEBRUARY2025",
        "page_number": [
            28
        ],
        "mutual_fund_name": "WhiteOak Mutual Fund"
    },
    "whiteoak capital multi asset allocation fund": {
        "inception_date": [
            "19  May 2023",
            ""
        ],
        "benchmark": [
            "BSE 500 TRI (35%) + CRISIL Short Term Bond Index (45%) +",
            "Domestic prices of Gold (19%) + Domestic prices of Silver (1%)",
            ""
        ],
        "fund_manager": [
            "Mr. Ramesh Mantri (Equity)",
            "Managing this Scheme from its inception",
            "Total Work Experience-Over 20 Years",
            "Mr. Piyush Baranwal (Debt)",
            "Managing this Scheme from its inception",
            "Total Work Experience-Over 15 Years",
            "Mr. Dheeresh Pathak (Asst. Fund Manager \u00b7 Equity)",
            "Managing this Scheme from 01st April 2024",
            "Total Work Experience-Over 16 Years",
            "Mr. Ashish Agrawal (For Arbitrage Transactions)",
            "Managing this Scheme from January 6, 2025",
            "Total Work Experience-Over 17 Years",
            ""
        ],
        "category_of_the_scheme": [
            ""
        ],
        "aum": [
            "Monthly Average AUM",
            "1219.65 Crore",
            "Month End AUM",
            "1295.62 Crore",
            ""
        ],
        "minimum_investment_&": [
            ""
        ],
        "additional_purchase_amount": [
            "Minimum of Rs. 500/- and in multiples of Re. 1/- thereafter",
            ""
        ],
        "expense_ratio_(p.a_%)": [
            "Regular Plan :",
            "1.84",
            "Direct Plan :",
            "0.61",
            "$Total Expense Ratio - As on last day of the month & includes additional expenses",
            "provided in Regulation 52(6A)(b) and 52(6A)(c) of SEBI (Mutual Funds)",
            "Regulations, 1996 and Goods and Service Tax on Management Fees.",
            "Different",
            "plans have different expense structure.",
            "For more details please",
            "visit our Website.",
            ""
        ],
        "nav_of_plans_/_options~_as_on_january_31,_2025": [
            "Regular Plan",
            "Direct Plan",
            "Growth",
            "13.0920",
            "Growth",
            "13.3600",
            "~Plans:Regular and Direct",
            "Options: Growth",
            "Currently, the Scheme is not offering Income Distribution cum Capital",
            "Withdrawal Option (IDCW).",
            ""
        ],
        "portfolio_details*": [
            "Weight in Top 10 Stocks:                   10.59%",
            "Weight in Top 20 Stocks:                   15.00%",
            "Total number of Stock :                      101",
            ""
        ],
        "net_equity_exposure": [
            "25.92% (*Post adjustment of long",
            "& short future positions)",
            "Hedge allocation -9.98%",
            ""
        ],
        "quantitative_information_as_on_january_31,_2025": [
            "Annualised Portfolio YTM*:",
            "7.05%",
            "Macaulay Duration :",
            "1.85",
            "Years",
            "Residual Maturity :",
            "2.39Years",
            "Modified Duration :",
            "1.77Years",
            "* in case of semi-annual YTM, it will be annualised",
            "(Calculated on amount invested in debt securities (including accrued interest),",
            "deployment of funds in TREPS and Reverse Repo and net receivable / payable.)",
            ""
        ],
        "ratios": [
            "Portfolio Turn Over Ratio                  3.42 Times",
            ""
        ],
        "load_structure": [
            "#",
            "Entry Load :Nil",
            "Exit Load:1.00% (of applicable NAV); if units are",
            "redeemed/switched-out within 1 month from the date of",
            "allotment. Nil thereafter",
            "#SEBI vide its circular no. SEBI/IMD/CIR No. 4/ 168230/09 dated June 30, 2009 has decided that there",
            "shall be no entry Load for all Mutual Fund Schemes.",
            ""
        ],
        "quantitative_information": [
            "Portfolio Beta, Standard Deviation, Sharpe Ratio and Tracking Error of the",
            "Scheme is not computed since the scheme has not completed 3 years from",
            ""
        ],
        "dummykvzaevplxyxnuph": [
            ""
        ],
        "amc_name": "WhiteOak Capital Asset Management Limited",
        "main_scheme_name": "whiteoak capital multi asset allocation fund",
        "monthly_aaum_date": "28FEBRUARY2025",
        "page_number": [
            30
        ],
        "mutual_fund_name": "WhiteOak Mutual Fund"
    },
    "whiteoak capital balanced hybrid fund": {
        "inception_date": [
            "27  October 2023",
            ""
        ],
        "benchmark": [
            "CRISIL Hybrid 50+50 - Moderate Index",
            ""
        ],
        "fund_manager": [
            "Mr. Ramesh Mantri (Equity)",
            "Managing this Scheme from its inception",
            "Total Work Experience-Over 20 Years",
            "Mr. Piyush Baranwal (Debt)",
            "Managing this Scheme from its inception",
            "Total Work Experience-Over 15 Years",
            "Ms. Trupti Agrawal (Assistant Fund Manager- Equity)",
            "Managing this Scheme from its inception",
            "Total Work Experience-Over 15 Years",
            "Mr. Dheeresh Pathak (Asst. Fund Manager \u00b7 Equity)",
            "Managing this Scheme from 01st April 2024",
            "Total Work Experience-Over 16 Years",
            "Mr. Ashish Agrawal (For Arbitrage Transactions)",
            "Managing this Scheme from January 6, 2025",
            "Total Work Experience-Over 17 Years",
            ""
        ],
        "category_of_the_scheme": [
            ""
        ],
        "aum": [
            "Monthly Average AUM",
            "156.24 Crore",
            "Month End AUM",
            "157.32 Crore",
            ""
        ],
        "minimum_investment_&": [
            ""
        ],
        "additional_purchase_amount": [
            "Minimum of Rs. 500/- and in multiples of Re. 1/- thereafter",
            ""
        ],
        "expense_ratio_(p.a_%)": [
            "Regular Plan :",
            "2.14",
            "Direct Plan :",
            "0.70",
            "$",
            "Total Expense Ratio - As on last day of the month & includes additional expenses",
            "provided in Regulation 52(6A)(b) and 52(6A)(c) of SEBI (Mutual Funds)",
            "Regulations, 1996 and Goods and Service Tax on Management Fees.",
            "Different",
            "plans have different expense structure.",
            "For more details please",
            "visit our Website.",
            ""
        ],
        "nav_of_plans_/_options~_as_on_january_31,_2025": [
            "Regular Plan",
            "Direct Plan",
            "Growth",
            "12.0870",
            "Growth",
            "12.3170",
            "~Plans:Regular and Direct",
            "Options: Growth",
            "Currently, the Scheme is not offering Income Distribution cum Capital",
            "Withdrawal Option (IDCW).",
            ""
        ],
        "portfolio_details*": [
            "Weight in Top 10 Stocks:                   19.90%",
            "Weight in Top 20 Stocks:                   28.84%",
            "Total number of Stock :                      97",
            "*Post adjustment of long & short future positions",
            ""
        ],
        "net_equity_exposure": [
            "52.88% (*Post adjustment of long",
            "& short future positions)",
            ""
        ],
        "quantitative_information_as_on_january_31,_2025": [
            "Annualised Portfolio YTM*:",
            "7.24%",
            "Macaulay Duration :",
            "2.68 Years",
            "Residual Maturity :",
            "3.47 Years",
            "Modified Duration :",
            "2.57 Years",
            "* in case of semi-annual YTM, it will be annualised",
            "(Calculated on amount invested in debt securities (including accrued interest),",
            "deployment of funds in TREPS and Reverse Repo and net receivable / payable.)",
            ""
        ],
        "ratios": [
            "Portfolio Turn Over Ratio                  1.15 Times",
            ""
        ],
        "load_structure": [
            "#",
            "Entry Load :Nil",
            "Exit Load:1.00% (of applicable NAV); if units are redeemed/",
            "switched-out within 1 month from the date of allotment.",
            "Nil thereafter",
            "#SEBI vide its circular no. SEBI/IMD/CIR No. 4/ 168230/09 dated June 30, 2009 has decided that there",
            "shall be no entry Load for all Mutual Fund Schemes.",
            ""
        ],
        "quantitative_information": [
            "Portfolio Beta, Standard Deviation, Sharpe Ratio and Tracking Error of the",
            "Scheme is not computed since the scheme has not completed 3 years from",
            ""
        ],
        "dummyuhkyhlyjdoxesmz": [
            ""
        ],
        "amc_name": "WhiteOak Capital Asset Management Limited",
        "main_scheme_name": "whiteoak capital balanced hybrid fund",
        "monthly_aaum_date": "28FEBRUARY2025",
        "page_number": [
            32
        ],
        "mutual_fund_name": "WhiteOak Mutual Fund"
    },
    "whiteoak capital arbitrage fund": {
        "inception_date": [
            "09  September 2024",
            ""
        ],
        "benchmark": [
            "Nifty 50 Arbitrage Index",
            ""
        ],
        "fund_manager": [
            "Mr. Ramesh Mantri (Equity)",
            "Managing this Scheme from its inception",
            "Total Work Experience-Over 20 Years",
            "Mr. Ashish Agrawal (Equity)",
            "Managing this Scheme from its inception",
            "Total Work Experience-Over 17 Years",
            "Mr. Piyush Baranwal (Debt)",
            "Managing this Scheme from its inception",
            "Total Work Experience-Over 15 Years",
            "Mr. Bhavin Patadia",
            "(Assistant Fund Manager)",
            "Managing this Scheme from 06th November 2024",
            "Total Work Experience-Over 16 Years",
            ""
        ],
        "category_of_the_scheme": [
            ""
        ],
        "aum": [
            "Monthly Average AUM",
            "159.33 Crore",
            "Month End AUM",
            "170.36Crore",
            ""
        ],
        "minimum_investment_&": [
            ""
        ],
        "additional_purchase_amount": [
            "Minimum of Rs. 500/- and in multiples of Re. 1/- thereafter",
            ""
        ],
        "expense_ratio_(p.a_%)": [
            "Regular Plan :",
            "1.13",
            "Direct Plan :",
            "0.40",
            "$",
            "Total Expense Ratio - As on last day of the month & includes additional",
            "expenses provided in Regulation 52(6A)(b) and 52(6A)(c) of SEBI (Mutual",
            "Funds) Regulations, 1996 and Goods and Service Tax on Management",
            "Fees.Different plans have different expense structure.",
            "For more details",
            "pleasevisit our Website.",
            ""
        ],
        "nav_of_plans_/_options~_as_on_january_31,_2025": [
            "Regular Plan",
            "Direct Plan",
            "Growth",
            "10.2700",
            "Growth",
            "10.3000",
            "~Plans:Regular and Direct",
            "Options: Growth and IDCW",
            "(Pursuant to payment of IDCW, the NAV of IDCW Option of scheme/plans would fall",
            "to the extent of payout and statutory levy, if applicable.)",
            ""
        ],
        "portfolio_details*": [
            "Weight in Top 10 Stocks:                   26.78%",
            "Weight in Top 20 Stocks:                   39.47%",
            "Total number of Stock :                      100",
            "*Hedged positions considered",
            ""
        ],
        "hedged_equity_exposure": [
            "74.93%",
            ""
        ],
        "quantitative_information_as_on_january_31,_2025": [
            "Annualised Portfolio YTM*:",
            "6.94%",
            "Macaulay Duration :",
            "0.22 Year",
            "Residual Maturity :",
            "0.22 Year",
            "Modified Duration :",
            "0.20 Year",
            "* in case of semi-annual YTM, it will be annualised",
            ""
        ],
        "load_structure": [
            "#",
            "Entry Load :Nil",
            "Exit Load:0.25% (of applicable NAV); if units are",
            "redeemed/switched-out within 7 days from the date of",
            "allotment. Nil thereafter.",
            "#SEBI vide its circular no. SEBI/IMD/CIR No. 4/ 168230/09 dated June 30, 2009 has decided that there",
            "shall be no entry Load for all Mutual Fund Schemes.",
            ""
        ],
        "quantitative_information": [
            "Portfolio Beta, Standard Deviation, Sharpe Ratio and Tracking Error of the",
            "Scheme is not computed since the scheme has not completed 3 years from",
            "its inception.",
            "Portfolio Turnover Ratio is not computed since the Scheme has not",
            ""
        ],
        "dummyzgbnurpeskjpiok": [
            ""
        ],
        "amc_name": "WhiteOak Capital Asset Management Limited",
        "main_scheme_name": "whiteoak capital arbitrage fund",
        "monthly_aaum_date": "28FEBRUARY2025",
        "page_number": [
            34
        ],
        "mutual_fund_name": "WhiteOak Mutual Fund"
    },
    "whiteoak capital liquid fund": {
        "inception_date": [
            "16  January 2019",
            ""
        ],
        "benchmark": [
            "CRISIL Liquid Debt A-I Index",
            ""
        ],
        "fund_manager": [
            "Mr. Piyush Baranwal",
            "Managing this scheme since its inception",
            "Total Work Experience - Over 15 Years",
            ""
        ],
        "category_of_the_scheme": [
            "Liquid Fund",
            ""
        ],
        "aum": [
            "Monthly Average AUM",
            "320.87 Crore",
            "Month End AUM",
            "319.63 Crore",
            ""
        ],
        "minimum_investment_&": [
            ""
        ],
        "additional_purchase_amount": [
            "Growth Option: 500 and in multiples of1/- thereafter.",
            "Income Distribution cum capital withdrawal option (Payout &",
            "Reinvestment): `2,000 and in multiples of1/ thereafter.",
            ""
        ],
        "expense_ratio_(p.a_%)": [
            "Regular Plan :",
            "0.30",
            "Direct Plan :",
            "0.20",
            "$Total Expense Ratio - As on last day of the month & includes additional expenses",
            "provided in Regulation 52(6A)(b) and 52(6A)(c) of SEBI (Mutual Funds)",
            "Regulations, 1996 and Goods and Service Tax on Management Fees.",
            "Different",
            "plans have different expense structure",
            ". For more details please visit our",
            "Website.",
            ""
        ],
        "nav_of_plans_/_options~_as_on_january_31,_2025": [
            "Regular Plan",
            "Direct Plan",
            "Growth",
            "1365.7277",
            "Growth",
            "1373.2979",
            "Daily IDCW.",
            "1001.0037",
            "Daily IDCW.",
            "1000.9934",
            "Weekly IDCW.",
            "1001.9174",
            "Weekly IDCW.",
            "1001.9260",
            "Fortnightly IDCW. 1003.3384",
            "Fortnightly IDCW.",
            "1001.4446",
            "Monthly IDCW.",
            "1004.2047",
            "Monthly IDCW.",
            "1003.7216",
            "~Plans:Regular and Direct",
            "Options: Growth and IDCW",
            ""
        ],
        "quantitative_information_as_on_january_31,_2025": [
            "Annualised Portfolio YTM*:",
            "7.25%",
            "Macaulay Duration :",
            "0.11 Year",
            "Residual Maturity :",
            "0.11 Year",
            "Modified Duration :",
            "0.11 Year",
            "* in case of semi-annual YTM, it will be annualised",
            ""
        ],
        "load_structure": [
            "#",
            "Entry Load :Nil",
            "Exit Load:(w.e.f. October 19, 2019)",
            "Investor",
            "exit upon",
            "Day 1",
            "Day 2",
            "Day 3",
            "Day 4",
            "Day 5",
            "Day 6",
            "Day 7",
            "subscription*",
            "onwards",
            "Exit Load as a",
            "% of",
            "0.0070%",
            "0.0065%",
            "0.0060%",
            "0.0055%",
            "0.0050% 0.0045% 0.0000%",
            "redemption",
            "proceeds",
            "#",
            "SEBI vide its circular no. SEBI/IMD/CIR No. 4/ 168230/09 dated June 30, 2009 has",
            "decided that there shall be no entry Load for all Mutual Fund Schemes.",
            ""
        ],
        "dummyfubotdklbvchkwv": [
            ""
        ],
        "amc_name": "WhiteOak Capital Asset Management Limited",
        "main_scheme_name": "whiteoak capital liquid fund",
        "monthly_aaum_date": "28FEBRUARY2025",
        "page_number": [
            36
        ],
        "mutual_fund_name": "WhiteOak Mutual Fund"
    },
    "whiteoak capital ultra short duration fund": {
        "inception_date": [
            "06  June 2019",
            ""
        ],
        "benchmark": [
            "CRISIL Ultra Short Duration Debt A-I Index",
            ""
        ],
        "fund_manager": [
            "Mr. Piyush Baranwal",
            "Managing this scheme since its inception",
            "Total Work Experience - Over 15 Years",
            ""
        ],
        "category_of_the_scheme": [
            "Ultra Short Duration Fund",
            ""
        ],
        "aum": [
            "Monthly Average AUM",
            "346.38 Crore",
            "Month End AUM",
            "338.43 Crore",
            ""
        ],
        "minimum_investment_&": [
            ""
        ],
        "additional_purchase_amount": [
            "Growth Option: 500 and in multiples of1/- thereafter.",
            "Income Distribution cum capital withdrawal option (Payout",
            "& Reinvestment): `2,000 and in multiples of1/ thereafter.",
            ""
        ],
        "expense_ratio_(p.a_%)": [
            "Regular Plan :",
            "1.03",
            "Direct Plan :",
            "0.51",
            "$Total Expense Ratio - As on last day of the month & includes additional expenses",
            "provided in Regulation 52(6A)(b) and 52(6A)(c) of SEBI (Mutual Funds)",
            "Regulations, 1996 and Goods and Service Tax on Management Fees.",
            "Different",
            "plans have different expense structure.",
            "For more details please",
            "visit our Website.",
            ""
        ],
        "nav_of_plans_/_options~_as_on_january_31,_2025": [
            "Regular Plan",
            "Direct Plan",
            "Growth",
            "1322.4337",
            "Growth",
            "1365.9220",
            "Daily IDCW.",
            "1002.8945",
            "Daily IDCW.",
            "1002.8953",
            "Weekly IDCW.",
            "1004.7070",
            "Weekly IDCW.",
            "1003.4160",
            "Fortnightly IDCW 1003.3700",
            "Fortnightly IDCW.",
            "1003.4311",
            "Monthly IDCW.",
            "1005.4034",
            "Monthly IDCW.",
            "1006.7136",
            "~Plans:Regular and Direct",
            "Options: Growth and IDCW",
            ""
        ],
        "quantitative_information_as_on_january_31,_2025": [
            "Annualised Portfolio YTM*:",
            "7.59%",
            "Macaulay Duration :",
            "0.34 Year",
            "Residual Maturity :",
            "0.35 Year",
            "Modified Duration :",
            "0.32 Year",
            "* in case of semi-annual YTM, it will be annualised",
            ""
        ],
        "load_structure": [
            "#",
            "Entry Load :Nil",
            "Exit Load:Nil",
            "#SEBI vide its circular no. SEBI/IMD/CIR No. 4/ 168230/09 dated June 30, 2009 has decided that there",
            "shall be no entry Load for all Mutual Fund Schemes.",
            ""
        ],
        "dummypjmirsxwrfoucky": [
            ""
        ],
        "amc_name": "WhiteOak Capital Asset Management Limited",
        "main_scheme_name": "whiteoak capital ultra short duration fund",
        "monthly_aaum_date": "28FEBRUARY2025",
        "page_number": [
            37
        ],
        "mutual_fund_name": "WhiteOak Mutual Fund"
    }
}