{
    "nj flexi cap fund": {
        "before": [
            "An open ended dynamic equity scheme investing acro",
            ""
        ],
        "objective:": [
            "The investment objective of the Scheme is to generate long term",
            "capital appreciation by investing in equity and equity related",
            "instruments across market capitalizations. However, there is no",
            "assurance or guarantee that the investment objective of the",
            "scheme will be achieved.",
            ""
        ],
        "type_of_the_scheme:": [
            "An open ended dynamic equity scheme investing across",
            "large cap, mid cap, small cap stocks",
            ""
        ],
        "entry_load:": [
            "NA",
            ""
        ],
        "exit_load:_1.": [
            "Nil Exit load \u00b7 for 5% of the units upto completion",
            "of 30 days",
            "\u00b7 The \u00b7First In First Out (FIFO)\u00b7 logic will be applied while",
            "selecting the units for redemption",
            "\u00b7 Waiver of Exit load is calculated for each inflow transaction",
            "separately on FIFO basis and not on the total units through",
            "multiple inflows",
            "\u00b7 The load free units from purchases made subsequent to the",
            "initial purchase will be available only after redeeming all units",
            "from the initial purchase",
            "All units redeemed /switched-out in excess of the 5% load free",
            "units will be subject to the below mentioned exit load.",
            "\u00b7 1.00% - if Units are redeemed/switched-out on or before 30",
            "days from the date of allotment",
            "\u00b7 Nil - if redeemed after 30 days from the date of allotment.",
            ""
        ],
        "benchmark:": [
            "NIFTY 500 TRI",
            ""
        ],
        "additional_benchmark:": [
            "Nifty 50 TRI",
            ""
        ],
        "name_of_the_fund_manager:": [
            "Mr. Dhaval Patel and Mr.",
            "Viral Shah.",
            ""
        ],
        "work_experience:": [
            "Mr. Dhaval Patel - 17 years and Mr.",
            "Viral Shah - 20 years.",
            ""
        ],
        "managing_the_scheme_since:": [
            "Mr. Dhaval Patel is",
            "managing the scheme since September 6, 2023 and Mr.",
            "Viral Shah is managing the scheme from May 1, 2024.",
            ""
        ],
        "plans:": [
            "Regular Plan and Direct Plan",
            ""
        ],
        "options:": [
            "Growth and IDCW",
            ""
        ],
        "date_of_allotment:": [
            "September 5, 2023",
            ""
        ],
        "total_expense_ratio#": [
            "Regular Plan",
            "2.05%",
            "Direct Plan",
            "0.70%",
            ""
        ],
        "monthly_average_aum": [
            "INR 1979.09 Crores",
            ""
        ],
        "closing_aum": [
            "INR 1977.83 Crores",
            ""
        ],
        "minimum_investment_amount": [
            "For Lumpsum Investment: INR 500/- and in multiple of",
            "INR 1/- thereafter",
            "For SIP Investment: INR 100/- and in multiple of INR 1/-",
            "For STP and SWP Investment: INR 500/- and in multiple",
            "of INR 1/- thereafter",
            ""
        ],
        "additional_investment_amount": [
            "INR 500 and multiples of INR 1/- thereafter",
            ""
        ],
        "nav_(as_on_january_31,_2025)": [
            "Direct IDCW",
            "13.44",
            "Direct Growth",
            "13.44",
            "Regular IDCW",
            "13.12",
            "Regular Growth",
            "13.12",
            ""
        ],
        "other_parameters": [
            "(as on January 31, 2025)",
            "Portfolio Turnover Ratio",
            "1.04",
            "Note:  Portfolio Beta, Standard Deviation, R Squared and Sharpe Ratio of",
            "the Scheme are not computed owing to the short time frame since launch",
            "of the Scheme.",
            "IDCW history is not available since no income is distributed since the",
            "launch of the scheme.",
            "# # Total Expense Ratio is as on the last business day of the month and",
            "incudes Additional Expenses and Goods & Service Tax on Management",
            "Fees.",
            "DISCLAIMER: MUTUAL FUND INVESTMENTS ARE SUBJE",
            ""
        ],
        "dummymwcowdonqifshxs": [
            ""
        ],
        "amc_name": "NJ Asset Management Private Limited",
        "main_scheme_name": "nj flexi cap fund",
        "monthly_aaum_date": "28FEBRUARY2025",
        "page_number": [
            1
        ],
        "mutual_fund_name": "NJ Mutual Fund"
    },
    "nj elss tax saver scheme": {
        "before": [
            "An open ended equity linked saving scheme with a sta",
            ""
        ],
        "objective:": [
            "The investment objective of the scheme is to generate income",
            "and long term capital appreciation from a diversified portfolio of",
            "predominantly equity and equity-related instruments. However,",
            "there is no assurance or guarantee that the investment objective",
            "of the scheme will be achieved.",
            ""
        ],
        "type_of_the_scheme:": [
            "An open ended equity linked saving scheme with a",
            "statutory lock in of 3 years and tax benefit",
            ""
        ],
        "entry_load:": [
            "NA",
            ""
        ],
        "exit_load:": [
            "Nil",
            ""
        ],
        "benchmark:": [
            "NIFTY 500 TRI",
            ""
        ],
        "additional_benchmark:": [
            "Nifty 50 TRI",
            ""
        ],
        "name_of_the_fund_manager:": [
            "Mr. Viral Shah and",
            "Mr. Dhaval Patel.",
            ""
        ],
        "work_experience:": [
            "Mr. Viral Shah - 20 years and",
            "Mr. Dhaval Patel - 17 years",
            ""
        ],
        "managing_the_scheme_since:": [
            "Mr. Viral Shah &",
            "Mr. Dhaval Patel are managing the scheme since",
            "June 19, 2023",
            ""
        ],
        "plans:": [
            "Regular Plan and Direct Plan",
            ""
        ],
        "options:": [
            "Growth and IDCW",
            ""
        ],
        "date_of_allotment:": [
            "June 16, 2023",
            ""
        ],
        "total_expense_ratio#": [
            "Regular Plan",
            "2.31%",
            "Direct Plan",
            "0.54%",
            ""
        ],
        "monthly_average_aum": [
            "INR 251.39 Crores",
            ""
        ],
        "closing_aum": [
            "INR 246.77 Crores",
            ""
        ],
        "minimum_investment_amount": [
            "For Lumpsum Investment: INR 500/- and in multiple of",
            "INR 500/- thereafter",
            "For SIP Investment: INR 500/- and in multiple of INR",
            "500/- thereafter",
            "For STP and SWP Investment: INR 500/- and in",
            "multiple of INR 1/- thereafter",
            ""
        ],
        "additional_investment_amount": [
            "INR 500 and multiples of INR 500",
            ""
        ],
        "nav_(as_on_january_31,_2025)": [
            "Direct IDCW",
            "14.21",
            "Direct Growth",
            "14.21",
            "Regular IDCW",
            "13.80",
            "Regular Growth",
            "13.80",
            ""
        ],
        "other_parameters": [
            "(as on January 31, 2025)",
            "Portfolio Turnover Ratio",
            "0.95",
            "Note: Portfolio Beta, Standard Deviation, R Squared and Sharpe Ratio of",
            "the Scheme are not computed owing to the short time frame since  launch",
            "of the Scheme.",
            "IDCW history is not available since no income is distributed since the",
            "launch of the scheme.",
            "# Total Expense Ratio is as on the last business day of the month and",
            "incudes Additional Expenses and Goods & Service Tax on Management",
            "Fees.",
            "DISCLAIMER: MUTUAL FUND INVESTMENTS ARE SUBJE",
            ""
        ],
        "dummyondtwjsxdjmacut": [
            ""
        ],
        "amc_name": "NJ Asset Management Private Limited",
        "main_scheme_name": "nj elss tax saver scheme",
        "monthly_aaum_date": "28FEBRUARY2025",
        "page_number": [
            3
        ],
        "mutual_fund_name": "NJ Mutual Fund"
    },
    "nj balanced advantage fund": {
        "before": [
            "An open-ended dynamic asset allocation fund",
            ""
        ],
        "objective:": [
            "The investment objective of the scheme is to generate capital",
            "appreciation by dynamically allocating its assets between equity",
            "and specified debt securities. However, there is no assurance or",
            "guarantee that the investment objective of the scheme will be",
            "achieved.",
            ""
        ],
        "type_of_the_scheme:": [
            "An open-ended dynamic asset allocation fund",
            ""
        ],
        "entry_load:": [
            "NA",
            ""
        ],
        "exit_load:": [
            "1. NIL Exit load \u00b7 for 5% of the units upto completion of 30 days",
            "\u00b7 The \u00b7First In First Out (FIFO)\u00b7 logic will be applied while",
            "selecting the units for redemption",
            "\u00b7 Waiver of Exit load is calculated for each inflow transaction",
            "separately on FIFO basis and not on the total units through",
            "multiple inflows",
            "\u00b7 The load free units from purchases made subsequent to the",
            "initial purchase will be available only after redeeming all units",
            "from the initial purchase",
            "2. All units redeemed /switched-out in excess of the 5% load free",
            "units will be subject to the below mentioned exit load.",
            "\u00b7 1.00% - if Units are redeemed/switched-out on or before 30",
            "days from the date of allotment",
            "\u00b7 Nil - if redeemed after 30 days from the date of allotment.",
            ""
        ],
        "benchmark:": [
            "NIFTY 50 Hybrid Composite Debt 50:50 Index",
            ""
        ],
        "additional_benchmark:": [
            "Nifty 50 TRI",
            ""
        ],
        "name_of_the_fund_manager:": [
            "Mr. Viral Shah, Mr. Dhaval",
            "Patel",
            ""
        ],
        "work_experience:": [
            "Mr. Viral Shah - 20 years, Mr. Dhaval",
            "Patel - 17 years",
            ""
        ],
        "managing_the_scheme_since:": [
            "Mr. Viral Shah from",
            "October 20, 2022. Mr. Dhaval Patel since March 8, 2023",
            ""
        ],
        "plans:": [
            "Regular Plan and Direct Plan",
            ""
        ],
        "options:": [
            "Growth and IDCW",
            ""
        ],
        "date_of_allotment:": [
            "October 29, 2021",
            ""
        ],
        "total_expense_ratio#": [
            "Regular Plan",
            "1.90%",
            "Direct Plan",
            "0.64%",
            ""
        ],
        "monthly_average_aum": [
            "INR 3878.08 Crores",
            ""
        ],
        "closing_aum": [
            "INR 3836.81 Crores",
            ""
        ],
        "minimum_investment_amount": [
            "For Lumpsum Investment: INR 500/- and in multiple of INR",
            "1/- thereafter",
            "For SIP Investment: INR 100/- and in multiple of INR 1/-",
            "For STP and SWP Investment: INR 500/- and in multiple of",
            "INR 1/- thereafter",
            ""
        ],
        "additional_investment_amount": [
            "INR 500 and multiples of INR 1/- thereafter",
            ""
        ],
        "nav_(as_on_january_31,_2025)": [
            "Direct IDCW",
            "13.74",
            "Direct Growth",
            "13.74",
            "Regular IDCW",
            "13.17",
            "Regular Growth",
            "13.17",
            ""
        ],
        "other_parameters": [
            "(as on January 31, 2025)",
            "Average Maturity*",
            "90 Days",
            "Modified Duration*",
            "86 Days",
            "Yield to Maturity",
            "6.59%",
            "Macaulay Duration*",
            "90 Days",
            "Portfolio Turnover Ratio",
            "4.04",
            ""
        ],
        "risk_ratio": [
            "Standard deviation",
            "9.04",
            "Beta",
            "1.24",
            "Sharpe Ratio**",
            "0.42",
            "Computed for the 3 years period ended January 31,2025.",
            "Based on the month end NAV.",
            "DISCLAIMER: MUTUAL FUND INVESTMENTS ARE SUBJE",
            ""
        ],
        "dummyonhgvinqzxkgemc": [
            ""
        ],
        "amc_name": "NJ Asset Management Private Limited",
        "main_scheme_name": "nj balanced advantage fund",
        "monthly_aaum_date": "28FEBRUARY2025",
        "page_number": [
            5
        ],
        "mutual_fund_name": "NJ Mutual Fund"
    },
    "nj arbitrage fund": {
        "before": [
            "An open ended scheme investing in arbitrage opportu",
            ""
        ],
        "objective:": [
            "The investment objective of the scheme is to generate capital",
            "appreciation and income by predominantly investing in arbitrage",
            "opportunities in the cash and derivatives segment of the equity",
            "market and by investing the balance in debt and money market",
            "instruments. However, there is no assurance or guarantee that the",
            "investment objective of the scheme will be achieved.",
            ""
        ],
        "type_of_the_scheme:": [
            "An open ended scheme investing in arbitrage opportunities",
            ""
        ],
        "entry_load:": [
            "NA",
            ""
        ],
        "exit_load:": [
            "NIL",
            ""
        ],
        "benchmark:": [
            "Nifty 50 Arbitrage Index",
            ""
        ],
        "additional_benchmark:": [
            "NIFTY 1 Year T-Bill Index",
            ""
        ],
        "name_of_the_fund_manager:": [
            "Mr. Dhaval Patel and",
            "Mr. Viral Shah",
            ""
        ],
        "work_experience:": [
            "Mr. Dhaval Patel - 17 years, Mr. Viral",
            "Shah - 20 years",
            ""
        ],
        "managing_the_scheme_since:": [
            "Mr. Dhaval Patel is",
            "managing the scheme since March 8, 2023. Mr. Viral",
            "Shah managing the scheme since December 3, 2024",
            ""
        ],
        "plans:": [
            "Regular Plan and Direct Plan",
            ""
        ],
        "options:": [
            "Growth",
            ""
        ],
        "date_of_allotment:": [
            "August 01, 2022",
            ""
        ],
        "total_expense_ratio#": [
            "Regular Plan",
            "1.00%",
            "Direct Plan",
            "0.27%",
            ""
        ],
        "monthly_average_aum": [
            "INR 305.30 Crores",
            ""
        ],
        "closing_aum": [
            "INR 304.06 Crores",
            ""
        ],
        "minimum_investment_amount": [
            "For Lumpsum Investment: INR 5000/- and in multiple of",
            "INR 1/- thereafter",
            "For SIP Investment: INR 100/- and in multiple of INR 1/-",
            "For STP and SWP Investment: INR 500/- and in multiple",
            "of INR 1/- thereafter",
            ""
        ],
        "additional_investment_amount": [
            "INR 500 and multiples of INR 1/- thereafter",
            ""
        ],
        "nav_(as_on_january_31,_2025)": [
            "Direct Growth",
            "11.9151",
            "Regular Growth",
            "11.7109",
            ""
        ],
        "other_parameters": [
            "(as on January 31, 2025)",
            "Average Maturity*",
            "77 Days",
            "Modified Duration*",
            "74 Days",
            "Yield to Maturity",
            "6.56%",
            "Macaulay Duration*",
            "77 Days",
            "Portfolio Turnover Ratio",
            "9.58",
            "#Total Expense Ratio is as on the last business day of the month and",
            "includes Additional Expenses and Goods & Service Tax on",
            "Management Fees.",
            "*Calculated on amount invested in debt securities (including accrued",
            "interest), deployment of funds in TREPS.",
            ""
        ],
        "note:": [
            "Portfolio Beta, Standard Deviation, R-Squared and Sharpe Ratio",
            "of the Scheme are not computed owing to the short time frame since",
            "launch of the Scheme.",
            "DISCLAIMER: MUTUAL FUND INVESTMENTS ARE SUBJE",
            ""
        ],
        "dummyphzlfpkmpgavtgb": [
            ""
        ],
        "amc_name": "NJ Asset Management Private Limited",
        "main_scheme_name": "nj arbitrage fund",
        "monthly_aaum_date": "28FEBRUARY2025",
        "page_number": [
            7
        ],
        "mutual_fund_name": "NJ Mutual Fund"
    },
    "nj overnight fund": {
        "before": [
            "An open ended debt scheme investing in overnight se",
            "interest rate risk and relatively low credit risk",
            ""
        ],
        "objective:": [
            "The investment objective of the scheme is to seek to generate",
            "returns commensurate with risk of investments in overnight",
            "instruments.However, there is no assurance or guarantee that",
            "the investment objective of the scheme will be achieved.",
            ""
        ],
        "type_of_the_scheme:": [
            "An open ended debt scheme investing in overnight",
            "securities with a relatively low interest rate risk and",
            "relatively low credit risk",
            ""
        ],
        "entry_load:": [
            "NA",
            ""
        ],
        "exit_load:": [
            "Nil",
            ""
        ],
        "benchmark:": [
            "NIFTY 1D Rate Index",
            ""
        ],
        "additional_benchmark:": [
            "NIFTY 1 Year T-Bill Index",
            ""
        ],
        "name_of_the_fund_manager:": [
            "Mr. Viral Shah and",
            "Mr. Dhaval Patel",
            ""
        ],
        "work_experience:": [
            "Mr. Viral Shah - 20 years, Mr. Dhaval",
            "Patel - 17 years",
            ""
        ],
        "managing_the_scheme_since:": [
            "Mr. Viral Shah from October",
            "20, 2022 and Mr. Dhaval Patel since March 8, 2023.",
            ""
        ],
        "plans:": [
            "Regular Plan and Direct Plan",
            ""
        ],
        "options:": [
            "Growth",
            ""
        ],
        "date_of_allotment:": [
            "August 01, 2022",
            ""
        ],
        "total_expense_ratio#": [
            "Regular Plan",
            "0.15%",
            "Direct Plan",
            "0.05%",
            ""
        ],
        "monthly_average_aum": [
            "INR 164.39 Crores",
            ""
        ],
        "closing_aum": [
            "INR 165.17 Crores",
            ""
        ],
        "minimum_investment_amount": [
            "For Lumpsum Investment: INR 5000/- and in multiple of",
            "INR 1/- thereafter",
            "For SIP Investment: INR 100/- and in multiple of INR 1/-",
            "For STP and SWP Investment: INR 500/- and in",
            "multiple of INR 1/- thereafter",
            ""
        ],
        "additional_investment_amount": [
            "INR 500 and multiples of INR 1/- thereafter",
            ""
        ],
        "nav_(as_on_january_31,_2025)": [
            "Direct Growth",
            "1170.8298",
            "Regular Growth",
            "1167.8742",
            ""
        ],
        "other_parameters": [
            "(as on January 31, 2025)",
            "Average Maturity*",
            "3 Days",
            "Modified Duration*",
            "3 Days",
            "Yield to Maturity",
            "6.57%",
            "Macaulay Duration*",
            "3 Days",
            "# Total Expense Ratio is as on the last business day of the month and includes",
            "Additional Expenses and Goods & Service Tax on Management Fees.",
            "*Calculated on amount invested in debt securities (including accrued interest),",
            "deployment of funds in TREPS.",
            "DISCLAIMER: MUTUAL FUND INVESTMENTS ARE SUBJE",
            ""
        ],
        "dummyepmefgzanlghhhw": [
            ""
        ],
        "amc_name": "NJ Asset Management Private Limited",
        "main_scheme_name": "nj overnight fund",
        "monthly_aaum_date": "28FEBRUARY2025",
        "page_number": [
            9
        ],
        "mutual_fund_name": "NJ Mutual Fund"
    }
}