{
    "Parag Parikh Long Term Equity Fund": {
        "before": [
            "Name of the Fund",
            "Parag Parikh Flexi Cap Fund (PPFCF)",
            "To seek to generate long-term capital growth from an",
            "actively managed portfolio primarily of Equity and Equity",
            "Investment Objective",
            "Related Securities. Scheme shall invest in Indian equities,",
            "foreign equities and related instruments and debt",
            "securities. However, there is no assurance that the",
            "investment objective of the Scheme will be achieved and",
            "the Scheme does not assure or guarantee any returns.",
            "An open-ended dynamic Equity scheme",
            "Type of the Scheme",
            "investing across large cap, mid cap,",
            "small cap Stocks.",
            "Date of Allotment",
            "May 24, 2013",
            "Mr. Rajeev Thakkar - Equity Fund Manager",
            "(Since Inception)",
            "Mr. Raunak Onkar - DedicatedFund Manager",
            "Name of the Fund",
            "for Overseas Securities (Since Inception)",
            "Managers",
            "Mr. Raj Mehta Debt Fund Manager",
            "(Since January 27, 2016)",
            "Mr. Rukun Tarachandani",
            "Equity Fund Manager",
            "(Since May 16, 2022)",
            "Ms. Mansi Kariya - Co - Fund Manager - Debt",
            "(Since December 22, 2023)",
            "Assets Under Management",
            "88,004.52 Crores",
            "(AUM) as on Feb 28, 2025",
            "Average AUM",
            "89,561.70 Crores",
            "for the Month",
            "Net Asset Value (NAV) as",
            "Regular Plan: 76.8061",
            "on Feb 28, 2025",
            "Direct Plan: 83.4913",
            "Regular Plan: 1.33%*",
            "Month End Expense Ratio",
            "Direct Plan: 0.63%*",
            "*Including additional expenses and GST on",
            "management fees. Total Expense ratio is as on",
            "last business day of the month",
            "Tier 1 Benchmark Index",
            "NIFTY 500 (TRI)",
            "Additional Benchmark",
            "NIFTY 50 (TRI)",
            "Minimum Application /",
            "New Purchase: 1,000",
            "Additional Purchase Amount",
            "Additional Purchase: 1,000",
            "Minimum SIP Investment",
            "Monthly SIP: 1,000,Quarterly SIP:",
            "3,000",
            "Amount",
            "Load Structure",
            "Entry Load",
            "Not Applicable",
            "Exit Load",
            "In respect of each purchase switch-in of Units,",
            "/",
            "10% of the units",
            "(\"the limit\")",
            "may be redeemed without any exit load from the date of allotment.",
            "Any redemption or switch-out in excess of the limit shall be subject to the",
            "following exit load:",
            "2.00% if the investment is redeemed on or before 365 days from the date",
            "of allotment of units.",
            "1.00% if the investment is redeemed after 365 days but on or before",
            "730 days from the date of allotment of units.",
            "No Exit Load will be charged if investment is redeemed after 730 days",
            "from the date of allotment of units.",
            "No exit load will be charged, in case of switch transactions between",
            "Regular Plan and Direct Plan of the Scheme for existing as well as",
            "prospective investors.",
            "Above exit load structure is applicable prospectively, for all investments",
            "(including SIP/STP and SWP registered) with effect from 15  Nov 2021.",
            "Any exit load charged (net off GST, if any) shall be credited back to the",
            "Scheme.",
            "Quantitative Indicators",
            "Beta",
            "0.66",
            "Standard Deviation",
            "10.75%",
            "Sharpe Ratio",
            "0.96",
            "Portfolio Turnover (excl Equity Arbitrage)",
            "12.85%",
            "Portfolio Turnover (incl Equity Arbitrage)",
            "25.08%",
            "- Above figures are annualised.",
            "- Risk free rate assumed to be6.40%(FBIL Overnight MIBOR as on Feb 28, 2025)",
            "Note: Fresh Investment in foreign securities were temporarily suspended from February 2, 2022. Further,",
            "SEBI vide its letter SEBI/HO/OW/IMD-II/DOF3/P/25095/2022 dated June 17, 2022 has permitted the",
            "AMCs to resume subscription and make investments in overseas funds / securities upto the headroom",
            ""
        ],
        "dummyhkzhfcambjschgl": [
            ""
        ],
        "amc_name": "PPFAS Asset Management Private Limited",
        "main_scheme_name": "Parag Parikh Long Term Equity Fund",
        "monthly_aaum_date": "31MARCH2025",
        "page_number": [
            1
        ],
        "mutual_fund_name": "PPFAS Mutual Fund"
    },
    "Parag Parikh ELSS  Tax Saver Fund": {
        "before": [
            "Name of the Fund",
            "Parag Parikh ELSS Tax Saver Fund (PPTSF)",
            "Investment Objective",
            "The investment objective of the Scheme is to",
            "generate long-term capital appreciation through",
            "a diversified portfolio of equity and equity",
            "related instruments. (80% of total assets in",
            "accordance with Equity Linked Saving Scheme,",
            "2005 notified by Ministry of Finance) However,",
            "there can be no assurance or guarantee that",
            "the investment objective of the Scheme would",
            "be achieved.",
            "An open-ended equity linked savings",
            "Type of the Scheme",
            "scheme with a statutory lock in of",
            "3 years and tax benefit.",
            "Date of Allotment",
            "July 24, 2019",
            "Mr. Rajeev Thakkar - Equity Fund Manager",
            "(Since Inception)",
            "Name of the Fund",
            "Managers",
            "Mr. Raunak Onkar - Co Fund Manager",
            "(Since Inception)",
            "Mr. Raj Mehta - Debt Fund Manager",
            "(Since Inception)",
            "Mr. Rukun Tarachandani Equity Fund Manager",
            "(Since May 16, 2022)",
            "Ms. Mansi Kariya - Co - Fund Manager - Debt",
            "(Since December 22, 2023)",
            "Assets Under Management",
            "4,477.32Crores",
            "(AUM) as on Feb 28, 2025",
            "Average AUM for the Month",
            "4,731.97Crores",
            "Net Asset Value (NAV) as",
            "Regular Plan: 28.5580",
            "on Feb 28, 2025",
            "Direct Plan: 30.5626",
            "Regular Plan: 1.73%*",
            "Month End Expense Ratio",
            "Direct Plan: 0.63%*",
            "*Including additional expenses and GST on",
            "management fees. Total Expense ratio is as on",
            "last business day of the month",
            "Tier 1 Benchmark Index",
            "NIFTY 500 (TRI)",
            "Additional Benchmark",
            "NIFTY 50 (TRI)",
            "Minimum Application /",
            "New Purchase:",
            "500 and in multiples of",
            "500",
            "Additional Purchase Amount",
            "Additional Purchase:",
            "500 and in multiples of",
            "500",
            "Minimum SIP Investment",
            "Monthly SIP:",
            "1,000,Quarterly SIP:",
            "3,000",
            "Amount",
            "Load Structure",
            "Entry Load",
            "Not Applicable",
            "Exit Load",
            "NIL",
            "Quantitative Indicators",
            "Beta",
            "0.65",
            "Standard Deviation",
            "10.28%",
            "Sharpe Ratio",
            "0.91",
            "Portfolio Turnover",
            "15.29%",
            "-   Above figures are annualised.",
            "- Risk free rate assumed to be 6.40% (FBIL Overnight MIBOR as on Feb 28, 2025)",
            "Industry Allocation",
            "Banks",
            "20.70%",
            "Finance",
            "13.78%",
            "IT - Software",
            "13.17%",
            "Debt and Money Market Instruments",
            "10.28%",
            "Cash & Cash Equivalent",
            "8.60%",
            "Automobiles",
            "7.46%",
            "Consumable Fuels",
            "6.06%",
            "Power",
            "5.91%",
            "Diversified FMCG",
            "4.70%",
            "Pharmaceuticals & Biotechnology",
            "4.08%",
            "Capital Markets",
            "1.72%",
            "Auto Components",
            "1.44%",
            "Commercial Services & Supplies0.73%",
            "Healthcare Services0.34%",
            "Fertilizers & Agrochemicals0.28%",
            "Agricultural Food & other Products",
            "0.23%",
            "L i",
            "S",
            "i",
            "0 19%",
            ""
        ],
        "dummyiuaoienvsgpvpoz": [
            ""
        ],
        "amc_name": "PPFAS Asset Management Private Limited",
        "main_scheme_name": "Parag Parikh ELSS  Tax Saver Fund",
        "monthly_aaum_date": "31MARCH2025",
        "page_number": [
            4
        ],
        "mutual_fund_name": "PPFAS Mutual Fund"
    },
    "Parag Parikh  Dynamic Asset Allocation Fund": {
        "before": [
            "y",
            "Name of the Fund",
            "Parag Parikh Dynamic Asset Allocation Fund (PPDAAF)",
            "The investment objective of the Scheme is to generate income/",
            "Investment Objective",
            "long-term capital appreciation by investing in equity, equity",
            "derivatives, fixed income instruments. The allocation between",
            "equity instruments and fixed income will be managed",
            "dynamically so as to provide investors with long term capital",
            "appreciation while managing downside risk.",
            "However, there is no assurance that the investment objective of",
            "the Scheme will be achieved and the Scheme does not assure",
            "or guarantee any returns.",
            "Type of the Scheme",
            "An open-ended dynamic asset allocation fund",
            "Date of Allotment",
            "February 27, 2024",
            "Name of the",
            "Mr. Rajeev Thakkar - Equity Fund Manager",
            "Fund Manager",
            "(Since Inception)",
            "Mr. Raunak Onkar - Equity Fund Manager",
            "(Since Inception)",
            "Mr. Raj Mehta Debt Fund Manager",
            "(Since Inception)",
            "Mr. Rukun Tarachandani",
            "Equity Fund Manager",
            "(Since Inception)",
            "Ms. Mansi Kariya - Co - Fund Manager - Debt",
            "(Since Inception)",
            "Assets Under",
            "Management (AUM) as on",
            "1,647.82Crores",
            "Feb 28, 2025",
            "Average AUM",
            "1,630.81Crores",
            "for the Month",
            "Net Asset Value (NAV) as",
            "Regular Plan: 10.7773",
            "on Feb 28, 2025",
            "Direct Plan: 10.8099",
            "Regular Plan - Monthly IDCW: 10.0069",
            "Direct Plan - Monthly IDCW: 10.1630",
            "Regular Plan: 0.64%*",
            "Month End Expense Ratio",
            "Direct Plan: 0.34%*",
            "*Including additional expenses and GST on",
            "management fees. Total Expense ratio is as on",
            "last business day of the month",
            "Tier 1 Benchmark Index",
            "CRISIL Hybrid 50+50 Moderate Index",
            "Additional Benchmark",
            "Nifty 50 TRI",
            "Minimum Application /",
            "Initial purchase - 5,000and any amount thereafter",
            "Additional Purchase Amount",
            "Additional purchase -",
            "500 and any amount",
            "Minimum SIP Investment",
            "Monthly SIP:  1000 and Quarterly SIP  3000",
            "Amount",
            "Load Structure",
            "Entry Load",
            "Not Applicable",
            "Exit Load",
            "In respect of each purchase / switch-in of Units,",
            "10% of the units (\"thelimit\") may be redeemed",
            "without any exit load from the date of allotment.",
            "Any redemption or switch-out in excess of the limit",
            "shall be subject to thefollowing exit load:",
            "-Exit load of 1.00% is payable if Units are redeemed /",
            "switched-outwithin 1 year from the date of allotment",
            "of units.",
            "-No Exit Load is payable if Units are redeemed /",
            "switched-out after 1year from the date of allotment.",
            "Any exit load charged (net off GST, if any) shall be",
            "credited back to the Scheme.",
            "Quantitive Indicators",
            "Q",
            "u",
            "a",
            "n",
            "t",
            "i",
            "t",
            "a",
            "t",
            "i",
            "v",
            "e",
            " ",
            "I",
            "n",
            "d",
            "i",
            "c",
            "a",
            "t",
            "o",
            "r",
            "s",
            "B",
            "e",
            "t",
            "a",
            "0",
            ".",
            "6",
            "9",
            "S",
            "t",
            "a",
            "n",
            "d",
            "a",
            "r",
            "d",
            " ",
            "D",
            "e",
            "v",
            "i",
            "a",
            "t",
            "i",
            "o",
            "n",
            "0",
            ".",
            "1",
            "1",
            "5",
            "S",
            "h",
            "a",
            "r",
            "p",
            "e",
            " ",
            "R",
            "a",
            "t",
            "i",
            "o",
            "0",
            ".",
            "5",
            "3",
            "P",
            "o",
            "r",
            "t",
            "f",
            "o",
            "l",
            "i",
            "o",
            " ",
            "T",
            "u",
            "r",
            "n",
            "o",
            "v",
            "e",
            "r",
            " ",
            "(",
            "e",
            "x",
            "c",
            "l",
            " ",
            "E",
            "q",
            "u",
            "i",
            "t",
            "y",
            " ",
            "A",
            "r",
            "b",
            "i",
            "t",
            "r",
            "a",
            "g",
            "e",
            ")",
            "0",
            ".",
            "1",
            "1",
            "9",
            "2",
            "P",
            "o",
            "r",
            "t",
            "f",
            "o",
            "l",
            "i",
            "o",
            " ",
            "T",
            "u",
            "r",
            "n",
            "o",
            "v",
            "e",
            "r",
            " ",
            "(",
            "i",
            "n",
            "c",
            "l",
            " ",
            "E",
            "q",
            "u",
            "i",
            "t",
            "y",
            " ",
            "A",
            "r",
            "b",
            "i",
            "t",
            "r",
            "a",
            "g",
            "e",
            ")",
            "1",
            ".",
            "8",
            "6",
            "1",
            "7",
            "Avg maturity of the fund (Years)",
            "3.86",
            "#",
            "Modified Duration (Years)*",
            "3.0556",
            "#$",
            "Yield to Maturity*^",
            "7.24%",
            "#",
            "Macaulay duration (Years)*",
            "3.1736",
            "*Calculated on amount invest in debt securities (including accrued interest),",
            "deployment of funds in TREPS & Reverse Repo and net receivables/payables.",
            "^YTM is calculated on the basis of annualised yield for all securities.",
            ""
        ],
        "dummybhsbcyqsvwufrpt": [
            ""
        ],
        "amc_name": "PPFAS Asset Management Private Limited",
        "main_scheme_name": "Parag Parikh  Dynamic Asset Allocation Fund",
        "monthly_aaum_date": "31MARCH2025",
        "page_number": [
            6
        ],
        "mutual_fund_name": "PPFAS Mutual Fund"
    },
    "Parag Parikh Conservative Hybrid Fund": {
        "before": [
            "Name of the Fund",
            "Parag Parikh Conservative Hybrid Fund (PPCHF)",
            "To generate regular income through investments",
            "Investment Objective",
            "predominantly in debt and money market",
            "instruments. The Scheme also seeks to generate",
            "long term capital appreciation from the portion of",
            "equity investments under the scheme. However,",
            "there is no assurance or guarantee that the",
            "investment objective of the Scheme will be achieved.",
            "An open-ended hybrid scheme investing",
            "Type of the Scheme",
            "predominantly in debt instruments.",
            "Date of Allotment",
            "May 26, 2021",
            "Name of the",
            "Mr. Rajeev Thakkar - Equity Fund Manager",
            "Fund Manager",
            "(Since Inception)",
            "Mr. Raunak Onkar - Equity Fund Manager",
            "(Since Inception)",
            "Mr. Raj Mehta Debt Fund Manager",
            "(Since Inception)",
            "Mr. Rukun Tarachandani",
            "Equity Fund Manager",
            "(Since May 16, 2022)",
            "Ms. Mansi Kariya - Co - Fund Manager - Debt",
            "(Since December 22, 2023)",
            "Assets Under",
            "Management (AUM) as on",
            "2,409.19Crores",
            "Feb 28, 2025",
            "Average AUM",
            "2,401.53Crores",
            "for the Month",
            "Net Asset Value (NAV) as",
            "Regular Plan: 14.3574",
            "on Feb 28, 2025",
            "Direct Plan: 14.5197",
            "Regular Plan - Monthly IDCW: 10.7071",
            "Direct Plan - Monthly IDCW: 10.7032",
            "Regular Plan: 0.65%*",
            "Month End Expense Ratio",
            "Direct Plan: 0.35%*",
            "*Including additional expenses and GST on",
            "management fees. Total Expense ratio is as on",
            "last business day of the month",
            "Tier 1 Benchmark Index",
            "CRISIL Hybrid 85+15 Conservative Index TRI",
            "Q",
            "u",
            "a",
            "n",
            "t",
            "i",
            "t",
            "a",
            "t",
            "i",
            "v",
            "e",
            " ",
            "I",
            "n",
            "d",
            "i",
            "c",
            "a",
            "t",
            "o",
            "r",
            "s",
            "B",
            "e",
            "t",
            "a",
            "0",
            ".",
            "6",
            "9",
            "S",
            "t",
            "a",
            "n",
            "d",
            "a",
            "r",
            "d",
            " ",
            "D",
            "e",
            "v",
            "i",
            "a",
            "t",
            "i",
            "o",
            "n",
            "0",
            ".",
            "1",
            "1",
            "5",
            "S",
            "h",
            "a",
            "r",
            "p",
            "e",
            " ",
            "R",
            "a",
            "t",
            "i",
            "o",
            "0",
            ".",
            "5",
            "3",
            "P",
            "o",
            "r",
            "t",
            "f",
            "o",
            "l",
            "i",
            "o",
            " ",
            "T",
            "u",
            "r",
            "n",
            "o",
            "v",
            "e",
            "r",
            " ",
            "(",
            "e",
            "x",
            "c",
            "l",
            " ",
            "E",
            "q",
            "u",
            "i",
            "t",
            "y",
            " ",
            "A",
            "r",
            "b",
            "i",
            "t",
            "r",
            "a",
            "g",
            "e",
            ")",
            "0",
            ".",
            "1",
            "1",
            "9",
            "2",
            "P",
            "o",
            "r",
            "t",
            "f",
            "o",
            "l",
            "i",
            "o",
            " ",
            "T",
            "u",
            "r",
            "n",
            "o",
            "v",
            "e",
            "r",
            " ",
            "(",
            "i",
            "n",
            "c",
            "l",
            " ",
            "E",
            "q",
            "u",
            "i",
            "t",
            "y",
            " ",
            "A",
            "r",
            "b",
            "i",
            "t",
            "r",
            "a",
            "g",
            "e",
            ")",
            "1",
            ".",
            "8",
            "6",
            "1",
            "7",
            "Additional Benchmark",
            "CRISIL 10 year GILT Index",
            "Minimum Application /",
            "New Purchase:  5000 and in multiples of  1",
            "Additional Purchase Amount",
            "thereafter.",
            "Additional Purchase: 1000 and in multiples of  1",
            "thereafter.",
            "Minimum SIP Investment",
            "Monthly SIP:  1000 and Quarterly SIP  3000",
            "Amount",
            "Load Structure",
            "Entry Load",
            "Not Applicable",
            "Exit Load",
            "In respect of each purchase / switch-in of Units, 10% of the units",
            "(\u00b7the limit\u00b7) may be redeemed without any exit load from the date",
            "of allotment. Any redemption or switch-out in excess of the limit",
            "shall be subject to the following exit load:",
            "Exit load of 1.00% is payable if Units are redeemed / switched-out",
            "within 1 year from the date of allotment of units.",
            "No Exit Load is payable if Units are redeemed / switched-out after",
            "1 year from the date of allotment.",
            "Any exit load charged (net off GST, if any) shall be credited back to",
            "the Scheme.",
            "Quantitive Indicators",
            "Avg maturity of the fund (Years)",
            "3.89",
            "#",
            "Modified Duration (Years)*",
            "3.1050",
            "#$",
            "Yield to Maturity*^",
            "7.24%",
            "#",
            "Macaulay duration (Years)*",
            "3.2231",
            "*Calculated on amount invest in debt securities (including accrued interest),",
            "deployment of funds in TREPS & Reverse Repo and net receivables/payables.",
            "^YTM is calculated on the basis of annualised yield for all securities.",
            ""
        ],
        "dummyvfvfcuggceovghd": [
            ""
        ],
        "amc_name": "PPFAS Asset Management Private Limited",
        "main_scheme_name": "Parag Parikh Conservative Hybrid Fund",
        "monthly_aaum_date": "31MARCH2025",
        "page_number": [
            9
        ],
        "mutual_fund_name": "PPFAS Mutual Fund"
    },
    "Parag Parikh Arbitrage Fund": {
        "before": [
            "Name of the Fund",
            "Parag Parikh Arbitrage Fund (PPAF)",
            "Investment Objective",
            "The investment objective of the scheme is to",
            "generate capital appreciation and income by",
            "predominantly investing in arbitrage opportunities",
            "in the cash and derivatives segment of the equity",
            "market, and by investing the balance in debt and",
            "money market instruments.",
            "However, there is no assurance that the",
            "investment objective of the Scheme will be",
            "achieved and the Scheme does not assure or",
            "guarantee any returns.",
            "An open-ended scheme investing in arbitrage",
            "Type of the Scheme",
            "opportunities",
            "Date of Allotment",
            "November 2, 2023",
            "Name of the",
            "Mr. Rajeev Thakkar - Equity Fund Manager",
            "Fund Manager",
            "(Since Inception)",
            "Mr. Raunak Onkar - Equity Fund Manager",
            "(Since Inception)",
            "Mr. Raj Mehta Debt Fund Manager",
            "(Since Inception)",
            "Mr. Rukun Tarachandani",
            "Equity Fund Manager",
            "(Since Inception)",
            "Ms. Mansi Kariya - Co - Fund Manager - Debt",
            "(Since December 22, 2023)",
            "Assets Under Management",
            "1,285.51Crores",
            "(AUM) as on Feb 28, 2025",
            "Average AUM for the Month",
            "1,251.39Crores",
            "Net Asset Value (NAV) as",
            "Regular Plan: 10.9747",
            "on Feb 28, 2025",
            "Direct Plan: 11.0257",
            "Regular Plan: 0.65%",
            "Month End Expense Ratio",
            "Direct Plan: 0.30%",
            "*Including additional expenses and GST on",
            "management fees. Total Expense ratio is as on",
            "last business day of the month",
            "Tier 1 Benchmark Index",
            "Nifty 50 Arbitrage (TRI)",
            "Additional Benchmark",
            "CRISIL 1 Year T-Bill Index",
            "Q",
            "u",
            "a",
            "n",
            "t",
            "i",
            "t",
            "a",
            "t",
            "i",
            "v",
            "e",
            " ",
            "I",
            "n",
            "d",
            "i",
            "c",
            "a",
            "t",
            "o",
            "r",
            "s",
            "B",
            "e",
            "t",
            "a",
            "0",
            ".",
            "6",
            "9",
            "S",
            "t",
            "a",
            "n",
            "d",
            "a",
            "r",
            "d",
            " ",
            "D",
            "e",
            "v",
            "i",
            "a",
            "t",
            "i",
            "o",
            "n",
            "0",
            ".",
            "1",
            "1",
            "5",
            "S",
            "h",
            "a",
            "r",
            "p",
            "e",
            " ",
            "R",
            "a",
            "t",
            "i",
            "o",
            "0",
            ".",
            "5",
            "3",
            "P",
            "o",
            "r",
            "t",
            "f",
            "o",
            "l",
            "i",
            "o",
            " ",
            "T",
            "u",
            "r",
            "n",
            "o",
            "v",
            "e",
            "r",
            " ",
            "(",
            "e",
            "x",
            "c",
            "l",
            " ",
            "E",
            "q",
            "u",
            "i",
            "t",
            "y",
            " ",
            "A",
            "r",
            "b",
            "i",
            "t",
            "r",
            "a",
            "g",
            "e",
            ")",
            "0",
            ".",
            "1",
            "1",
            "9",
            "2",
            "P",
            "o",
            "r",
            "t",
            "f",
            "o",
            "l",
            "i",
            "o",
            " ",
            "T",
            "u",
            "r",
            "n",
            "o",
            "v",
            "e",
            "r",
            " ",
            "(",
            "i",
            "n",
            "c",
            "l",
            " ",
            "E",
            "q",
            "u",
            "i",
            "t",
            "y",
            " ",
            "A",
            "r",
            "b",
            "i",
            "t",
            "r",
            "a",
            "g",
            "e",
            ")",
            "1",
            ".",
            "8",
            "6",
            "1",
            "7",
            "Minimum Application /",
            "New Purchase:  1000 and in multiples of  1",
            "Additional Purchase Amount",
            "thereafter.",
            "Additional Purchase: 1000 and in multiples of  1",
            "thereafter.",
            "Minimum SIP Investment",
            "Monthly SIP:  1000 and Quarterly SIP  3000",
            "Amount",
            "Load Structure",
            "Entry Load",
            "Not Applicable",
            "Exit Load",
            "\u00b7 In respect of each purchase / switch-in of units, an",
            "Exit Load of 0.25% is payable if Units are redeemed/",
            "switched-out within 30 days from the date of allotment.",
            "\u00b7 No Exit Load is payable if Units are redeemed /",
            "switched-out after 30 days from the date of allotment.",
            "Any exit load charged (net off GST, if any) shall be",
            "credited back to the Scheme.",
            "No exit load will be charged, in case of switch",
            "transactions between Plans. i.e Regular Plan and",
            "Direct Plan",
            "Any exit load charged (net off GST, if any) shall be",
            "credited back to the Scheme.",
            "Quantitive Indicators",
            "Avg maturity of the fund (Days)*",
            "128.29",
            "Modified Duration (Years)*",
            "0.3248",
            "$",
            "Yield to Maturity*^",
            "7.26%",
            "Macaulay duration (Years)*",
            "0.3490",
            "*Calculated on amount invest in debt securities (including accrued interest),",
            "deployment of funds in TREPS & Reverse Repo and net receivables/payables.",
            "^YTM i",
            "l",
            "l t d",
            "b",
            "i",
            "f",
            "li",
            "d i ld f",
            "ll",
            "iti",
            ""
        ],
        "dummyspcnqcylzutxbro": [
            ""
        ],
        "amc_name": "PPFAS Asset Management Private Limited",
        "main_scheme_name": "Parag Parikh Arbitrage Fund",
        "monthly_aaum_date": "31MARCH2025",
        "page_number": [
            12
        ],
        "mutual_fund_name": "PPFAS Mutual Fund"
    }
}