{
    "Bandhan 6Pall CaS und formerly Bandhan Emerging Businesses Fund": {
        "amc_name": "Bandhan Asset Management Company Limited",
        "benchmark_index": null,
        "fund_manager": [],
        "load": {
            "entry_load": null,
            "exit_load": null
        },
        "main_scheme_name": "Bandhan 6Pall CaS und formerly Bandhan Emerging Businesses Fund",
        "metrics": {
            "alpha": null,
            "arithmetic_mean_ratio": null,
            "average_div_yld": null,
            "average_pb": null,
            "average_pe": null,
            "avg_maturity": null,
            "beta": null,
            "correlation_ratio": null,
            "downside_deviation": null,
            "information_ratio": null,
            "macaulay": null,
            "mod_duration": null,
            "port_turnover_ratio": null,
            "r_squared_ratio": null,
            "roe_ratio": null,
            "sharpe": null,
            "sortino_ratio": null,
            "std_dev": null,
            "tracking_error": null,
            "treynor_ratio": null,
            "upside_deviation": null,
            "ytm": null
        },
        "min_addl_amt": null,
        "min_addl_amt_multiple": null,
        "min_amt": "\u20b9 1,000",
        "min_amt_multiple": "any",
        "monthly_aaum_date": "3 1 - 0 3 - 2 0 2 5",
        "monthly_aaum_value": null,
        "mutual_fund_name": "Bandhan Mutual Fund",
        "page_number": [
            16
        ],
        "scheme_launch_date": null
    },
    "Bandhan Core Tuit und ClicN here to noZ Pore Large & Mid Cap Fund": {
        "amc_name": "Bandhan Asset Management Company Limited",
        "benchmark_index": null,
        "fund_manager": [],
        "load": {
            "entry_load": null,
            "exit_load": null
        },
        "main_scheme_name": "Bandhan Core Tuit und ClicN here to noZ Pore Large & Mid Cap Fund",
        "metrics": {
            "alpha": null,
            "arithmetic_mean_ratio": null,
            "average_div_yld": null,
            "average_pb": null,
            "average_pe": null,
            "avg_maturity": null,
            "beta": null,
            "correlation_ratio": null,
            "downside_deviation": null,
            "information_ratio": null,
            "macaulay": null,
            "mod_duration": null,
            "port_turnover_ratio": null,
            "r_squared_ratio": null,
            "roe_ratio": null,
            "sharpe": null,
            "sortino_ratio": null,
            "std_dev": null,
            "tracking_error": null,
            "treynor_ratio": null,
            "upside_deviation": null,
            "ytm": null
        },
        "min_addl_amt": null,
        "min_addl_amt_multiple": null,
        "min_amt": "\u20b9 1,000",
        "min_amt_multiple": "any",
        "monthly_aaum_date": "3 1 - 0 3 - 2 0 2 5",
        "monthly_aaum_value": null,
        "mutual_fund_name": "Bandhan Mutual Fund",
        "page_number": [
            17
        ],
        "scheme_launch_date": null
    },
    "Bandhan ncoPe Plus ArEitrage und oI unds ClicN here to noZ Pore Potential l ss formerly Bandhan All Seasons Bond Fund": {
        "amc_name": "Bandhan Asset Management Company Limited",
        "benchmark_index": null,
        "fund_manager": [],
        "load": {
            "entry_load": null,
            "exit_load": null
        },
        "main_scheme_name": "Bandhan ncoPe Plus ArEitrage und oI unds ClicN here to noZ Pore Potential l ss formerly Bandhan All Seasons Bond Fund",
        "metrics": {
            "alpha": null,
            "arithmetic_mean_ratio": null,
            "average_div_yld": null,
            "average_pb": null,
            "average_pe": null,
            "avg_maturity": null,
            "beta": null,
            "correlation_ratio": null,
            "downside_deviation": null,
            "information_ratio": null,
            "macaulay": null,
            "mod_duration": null,
            "port_turnover_ratio": null,
            "r_squared_ratio": null,
            "roe_ratio": null,
            "sharpe": null,
            "sortino_ratio": null,
            "std_dev": null,
            "tracking_error": null,
            "treynor_ratio": null,
            "upside_deviation": null,
            "ytm": null
        },
        "min_addl_amt": null,
        "min_addl_amt_multiple": null,
        "min_amt": "\u20b9 1,000",
        "min_amt_multiple": "any",
        "monthly_aaum_date": "3 1 - 0 3 - 2 0 2 5",
        "monthly_aaum_value": null,
        "mutual_fund_name": "Bandhan Mutual Fund",
        "page_number": [
            41
        ],
        "scheme_launch_date": null
    },
    "Bandhan Overnight Fund": {
        "amc_name": "Bandhan Asset Management Company Limited",
        "benchmark_index": "Nifty 1D Rate Index ",
        "fund_manager": [
            {
                "managing_fund_since": "1St February 2019",
                "name": "Brimesh Shah",
                "qualification": "",
                "total_exp": ""
            }
        ],
        "load": {
            "entry_load": null,
            "exit_load": "Nil. "
        },
        "main_scheme_name": "Bandhan Overnight Fund",
        "metrics": {
            "alpha": null,
            "arithmetic_mean_ratio": null,
            "average_div_yld": null,
            "average_pb": null,
            "average_pe": null,
            "avg_maturity": "4 Days",
            "beta": null,
            "correlation_ratio": null,
            "downside_deviation": null,
            "information_ratio": null,
            "macaulay": "4 Days",
            "mod_duration": "4 Days",
            "port_turnover_ratio": null,
            "r_squared_ratio": null,
            "roe_ratio": null,
            "sharpe": null,
            "sortino_ratio": null,
            "std_dev": "0.12",
            "tracking_error": null,
            "treynor_ratio": null,
            "upside_deviation": null,
            "ytm": null
        },
        "min_addl_amt": null,
        "min_addl_amt_multiple": null,
        "min_amt": "\u20b9 1,000",
        "min_amt_multiple": "any",
        "monthly_aaum_date": "3 1 - 0 3 - 2 0 2 5",
        "monthly_aaum_value": "\u20b9 845.02 Crores ",
        "mutual_fund_name": "Bandhan Mutual Fund",
        "page_number": [
            43
        ],
        "scheme_launch_date": "18 January 2019 "
    },
    "Bandhan Liquid Fund": {
        "amc_name": "Bandhan Asset Management Company Limited",
        "benchmark_index": "NIFT< Liquid Index A-I (w.e.f. 1st April 2022) ",
        "fund_manager": [
            {
                "managing_fund_since": "15Th September 2015",
                "name": "Harshal Joshi",
                "qualification": "",
                "total_exp": ""
            },
            {
                "managing_fund_since": "1St December 2021",
                "name": "Brimesh Shah",
                "qualification": "",
                "total_exp": ""
            }
        ],
        "load": {
            "entry_load": null,
            "exit_load": [
                ""
            ]
        },
        "main_scheme_name": "Bandhan Liquid Fund",
        "metrics": {
            "alpha": null,
            "arithmetic_mean_ratio": null,
            "average_div_yld": null,
            "average_pb": null,
            "average_pe": null,
            "avg_maturity": "46 Days",
            "beta": null,
            "correlation_ratio": null,
            "downside_deviation": null,
            "information_ratio": null,
            "macaulay": "46 Days",
            "mod_duration": "46 Days",
            "port_turnover_ratio": null,
            "r_squared_ratio": null,
            "roe_ratio": null,
            "sharpe": null,
            "sortino_ratio": null,
            "std_dev": "0.14",
            "tracking_error": null,
            "treynor_ratio": null,
            "upside_deviation": null,
            "ytm": null
        },
        "min_addl_amt": null,
        "min_addl_amt_multiple": null,
        "min_amt": "\u20b9 100",
        "min_amt_multiple": "any",
        "monthly_aaum_date": "3 1 - 0 3 - 2 0 2 5",
        "monthly_aaum_value": "\u20b9 16,468.87 Crores ",
        "mutual_fund_name": "Bandhan Mutual Fund",
        "page_number": [
            44
        ],
        "scheme_launch_date": "2 July 2001 "
    },
    "Bandhan Ultra Short Term Fund": {
        "amc_name": "Bandhan Asset Management Company Limited",
        "benchmark_index": "NIFT< 8ltra Short Duration Debt Index A-I (w.e.f. 1st April 2022) ",
        "fund_manager": [
            {
                "managing_fund_since": "18Th July 2018",
                "name": "Harshal Joshi",
                "qualification": "",
                "total_exp": ""
            }
        ],
        "load": {
            "entry_load": null,
            "exit_load": "Nil "
        },
        "main_scheme_name": "Bandhan Ultra Short Term Fund",
        "metrics": {
            "alpha": null,
            "arithmetic_mean_ratio": null,
            "average_div_yld": null,
            "average_pb": null,
            "average_pe": null,
            "avg_maturity": "175 Days",
            "beta": null,
            "correlation_ratio": null,
            "downside_deviation": null,
            "information_ratio": null,
            "macaulay": "172 Days",
            "mod_duration": "166 Days",
            "port_turnover_ratio": null,
            "r_squared_ratio": null,
            "roe_ratio": null,
            "sharpe": null,
            "sortino_ratio": null,
            "std_dev": "0.16",
            "tracking_error": null,
            "treynor_ratio": null,
            "upside_deviation": null,
            "ytm": null
        },
        "min_addl_amt": null,
        "min_addl_amt_multiple": null,
        "min_amt": "\u20b9 100",
        "min_amt_multiple": "any",
        "monthly_aaum_date": "3 1 - 0 3 - 2 0 2 5",
        "monthly_aaum_value": "\u20b9 3,804.49 Crores ",
        "mutual_fund_name": "Bandhan Mutual Fund",
        "page_number": [
            45
        ],
        "scheme_launch_date": "18th July 2018 "
    },
    "Bandhan Low Duration Fund": {
        "amc_name": "Bandhan Asset Management Company Limited",
        "benchmark_index": "NIFT< Low Duration Debt Index A-I (w.e.f. 1st April 2022) ",
        "fund_manager": [
            {
                "managing_fund_since": "28Th July 2021",
                "name": "Harshal Joshi",
                "qualification": "",
                "total_exp": ""
            }
        ],
        "load": {
            "entry_load": null,
            "exit_load": "Nil (Since 29th June 2012) "
        },
        "main_scheme_name": "Bandhan Low Duration Fund",
        "metrics": {
            "alpha": null,
            "arithmetic_mean_ratio": null,
            "average_div_yld": null,
            "average_pb": null,
            "average_pe": null,
            "avg_maturity": "369 Days",
            "beta": null,
            "correlation_ratio": null,
            "downside_deviation": null,
            "information_ratio": null,
            "macaulay": "344 Days",
            "mod_duration": "330 Days",
            "port_turnover_ratio": null,
            "r_squared_ratio": null,
            "roe_ratio": null,
            "sharpe": null,
            "sortino_ratio": null,
            "std_dev": "0.17",
            "tracking_error": null,
            "treynor_ratio": null,
            "upside_deviation": null,
            "ytm": null
        },
        "min_addl_amt": null,
        "min_addl_amt_multiple": null,
        "min_amt": "\u20b9 100",
        "min_amt_multiple": "any",
        "monthly_aaum_date": "3 1 - 0 3 - 2 0 2 5",
        "monthly_aaum_value": "\u20b9 5,468.90 Crores ",
        "mutual_fund_name": "Bandhan Mutual Fund",
        "page_number": [
            46
        ],
        "scheme_launch_date": "17 January 2006 "
    },
    "Bandhan Money Manager Fund": {
        "amc_name": "Bandhan Asset Management Company Limited",
        "benchmark_index": "NIFT< Money Market Index A-I (w.e.f. 1st April 2022) ",
        "fund_manager": [
            {
                "managing_fund_since": "12Th July 2021",
                "name": "Brimesh Shah",
                "qualification": "",
                "total_exp": ""
            },
            {
                "managing_fund_since": "1St December 2021",
                "name": "Aul",
                "qualification": "",
                "total_exp": ""
            }
        ],
        "load": {
            "entry_load": null,
            "exit_load": "Nil "
        },
        "main_scheme_name": "Bandhan Money Manager Fund",
        "metrics": {
            "alpha": null,
            "arithmetic_mean_ratio": null,
            "average_div_yld": null,
            "average_pb": null,
            "average_pe": null,
            "avg_maturity": "235 Days",
            "beta": null,
            "correlation_ratio": null,
            "downside_deviation": null,
            "information_ratio": null,
            "macaulay": "234 Days",
            "mod_duration": "233 Days",
            "port_turnover_ratio": null,
            "r_squared_ratio": null,
            "roe_ratio": null,
            "sharpe": null,
            "sortino_ratio": null,
            "std_dev": "0.17",
            "tracking_error": null,
            "treynor_ratio": null,
            "upside_deviation": null,
            "ytm": null
        },
        "min_addl_amt": null,
        "min_addl_amt_multiple": null,
        "min_amt": "\u20b9 100",
        "min_amt_multiple": "any",
        "monthly_aaum_date": "3 1 - 0 3 - 2 0 2 5",
        "monthly_aaum_value": "\u20b9 11,129.60 Crores ",
        "mutual_fund_name": "Bandhan Mutual Fund",
        "page_number": [
            47
        ],
        "scheme_launch_date": "18 February 2003 "
    },
    "Bandhan Banking & PSU Debt Fund": {
        "amc_name": "Bandhan Asset Management Company Limited",
        "benchmark_index": "Nifty Banking & PS8 Debt Index A-II (w.e.f. 12th March 2024) ",
        "fund_manager": [
            {
                "managing_fund_since": "1St December 2021",
                "name": "Aul",
                "qualification": "",
                "total_exp": ""
            },
            {
                "managing_fund_since": "28Th July 2021",
                "name": "Suyash Choudhary",
                "qualification": "",
                "total_exp": ""
            }
        ],
        "load": {
            "entry_load": null,
            "exit_load": "Nil (w.e.f. June 12th 2017) "
        },
        "main_scheme_name": "Bandhan Banking & PSU Debt Fund",
        "metrics": {
            "alpha": null,
            "arithmetic_mean_ratio": null,
            "average_div_yld": null,
            "average_pb": null,
            "average_pe": null,
            "avg_maturity": "3.00",
            "beta": null,
            "correlation_ratio": null,
            "downside_deviation": null,
            "information_ratio": null,
            "macaulay": "2.46",
            "mod_duration": "2.36",
            "port_turnover_ratio": null,
            "r_squared_ratio": null,
            "roe_ratio": null,
            "sharpe": null,
            "sortino_ratio": null,
            "std_dev": "0.56",
            "tracking_error": null,
            "treynor_ratio": null,
            "upside_deviation": null,
            "ytm": null
        },
        "min_addl_amt": null,
        "min_addl_amt_multiple": null,
        "min_amt": "\u20b9 1,000",
        "min_amt_multiple": "any",
        "monthly_aaum_date": "3 1 - 0 3 - 2 0 2 5",
        "monthly_aaum_value": "\u20b9 13,425.69 Crores ",
        "mutual_fund_name": "Bandhan Mutual Fund",
        "page_number": [
            48
        ],
        "scheme_launch_date": "7 March 2013 "
    },
    "Bandhan Corporate Bond Fund": {
        "amc_name": "Bandhan Asset Management Company Limited",
        "benchmark_index": "Moderate Moderately High Low to Moderate High Very Low High Riskometer The risk of the benchmark is low to moderate. Tier 2: NIFT< AAA Short Duration Bond Index ",
        "fund_manager": [
            {
                "managing_fund_since": "1St December 2021",
                "name": "Aul",
                "qualification": "",
                "total_exp": ""
            },
            {
                "managing_fund_since": "28Th July 2021",
                "name": "Suyash Choudhary",
                "qualification": "",
                "total_exp": ""
            }
        ],
        "load": {
            "entry_load": null,
            "exit_load": "Nil "
        },
        "main_scheme_name": "Bandhan Corporate Bond Fund",
        "metrics": {
            "alpha": null,
            "arithmetic_mean_ratio": null,
            "average_div_yld": null,
            "average_pb": null,
            "average_pe": null,
            "avg_maturity": "3.91 years",
            "beta": null,
            "correlation_ratio": null,
            "downside_deviation": null,
            "information_ratio": null,
            "macaulay": "3.15 years",
            "mod_duration": "3.00 years",
            "port_turnover_ratio": null,
            "r_squared_ratio": null,
            "roe_ratio": null,
            "sharpe": null,
            "sortino_ratio": null,
            "std_dev": "0.73",
            "tracking_error": null,
            "treynor_ratio": null,
            "upside_deviation": null,
            "ytm": null
        },
        "min_addl_amt": null,
        "min_addl_amt_multiple": null,
        "min_amt": "\u20b9 1,000",
        "min_amt_multiple": "any",
        "monthly_aaum_date": "3 1 - 0 3 - 2 0 2 5",
        "monthly_aaum_value": "\u20b9 14,007.21 Crores ",
        "mutual_fund_name": "Bandhan Mutual Fund",
        "page_number": [
            49
        ],
        "scheme_launch_date": "12 January 2016 "
    },
    "Bandhan Bond Fund  Short Term Plan": {
        "amc_name": "Bandhan Asset Management Company Limited",
        "benchmark_index": "Moderate Moderately High Low to Moderate High Very Low High Riskometer The risk of the benchmark is low to moderate. Tier 2: NIFT< AAA Short Duration Bond Index ",
        "fund_manager": [],
        "load": {
            "entry_load": null,
            "exit_load": "Nil (w.e.f. 23rd May 2016) "
        },
        "main_scheme_name": "Bandhan Bond Fund  Short Term Plan",
        "metrics": {
            "alpha": null,
            "arithmetic_mean_ratio": null,
            "average_div_yld": null,
            "average_pb": null,
            "average_pe": null,
            "avg_maturity": "3.71 years",
            "beta": null,
            "correlation_ratio": null,
            "downside_deviation": null,
            "information_ratio": null,
            "macaulay": "2.98 years",
            "mod_duration": "2.88 years",
            "port_turnover_ratio": null,
            "r_squared_ratio": null,
            "roe_ratio": null,
            "sharpe": null,
            "sortino_ratio": null,
            "std_dev": "0.72",
            "tracking_error": null,
            "treynor_ratio": null,
            "upside_deviation": null,
            "ytm": null
        },
        "min_addl_amt": null,
        "min_addl_amt_multiple": null,
        "min_amt": "\u20b9 1,000",
        "min_amt_multiple": "any",
        "monthly_aaum_date": "3 1 - 0 3 - 2 0 2 5",
        "monthly_aaum_value": "\u20b9 9,689.28 Crores ",
        "mutual_fund_name": "Bandhan Mutual Fund",
        "page_number": [
            50
        ],
        "scheme_launch_date": "14 December 2000 "
    },
    "Bandhan Bond Fund  Medium Term Plan": {
        "amc_name": "Bandhan Asset Management Company Limited",
        "benchmark_index": "Moderate Moderately High Low to Moderate High Very Low High Riskometer The risk of the benchmark is moderate. Tier 2: NIFT< AAA Medium Duration Bond Index ",
        "fund_manager": [
            {
                "managing_fund_since": "15Th September 2015",
                "name": "Suyash Choudhary",
                "qualification": "",
                "total_exp": ""
            }
        ],
        "load": {
            "entry_load": null,
            "exit_load": "NIL (w.e.f. 15th January 2019) "
        },
        "main_scheme_name": "Bandhan Bond Fund  Medium Term Plan",
        "metrics": {
            "alpha": null,
            "arithmetic_mean_ratio": null,
            "average_div_yld": null,
            "average_pb": null,
            "average_pe": null,
            "avg_maturity": "5.04 years",
            "beta": null,
            "correlation_ratio": null,
            "downside_deviation": null,
            "information_ratio": null,
            "macaulay": "3.98 years",
            "mod_duration": "3.84 years",
            "port_turnover_ratio": null,
            "r_squared_ratio": null,
            "roe_ratio": null,
            "sharpe": null,
            "sortino_ratio": null,
            "std_dev": "1.04",
            "tracking_error": null,
            "treynor_ratio": null,
            "upside_deviation": null,
            "ytm": null
        },
        "min_addl_amt": null,
        "min_addl_amt_multiple": null,
        "min_amt": "\u20b9 1,000",
        "min_amt_multiple": "any",
        "monthly_aaum_date": "3 1 - 0 3 - 2 0 2 5",
        "monthly_aaum_value": "\u20b9 1,469.30 Crores ",
        "mutual_fund_name": "Bandhan Mutual Fund",
        "page_number": [
            51
        ],
        "scheme_launch_date": "8 July 2003 "
    },
    "Bandhan Floating Rate Fund": {
        "amc_name": "Bandhan Asset Management Company Limited",
        "benchmark_index": "NIFT< Short Duration Debt Index A-II (w.e.f. 12th March 2024) ",
        "fund_manager": [
            {
                "managing_fund_since": "14Th March 2024",
                "name": "Debram Lahiri",
                "qualification": "",
                "total_exp": ""
            }
        ],
        "load": {
            "entry_load": null,
            "exit_load": "NIL "
        },
        "main_scheme_name": "Bandhan Floating Rate Fund",
        "metrics": {
            "alpha": null,
            "arithmetic_mean_ratio": null,
            "average_div_yld": null,
            "average_pb": null,
            "average_pe": null,
            "avg_maturity": "3.52 years",
            "beta": null,
            "correlation_ratio": null,
            "downside_deviation": null,
            "information_ratio": null,
            "macaulay": "2.90 years",
            "mod_duration": "2.77 years",
            "port_turnover_ratio": null,
            "r_squared_ratio": null,
            "roe_ratio": null,
            "sharpe": null,
            "sortino_ratio": null,
            "std_dev": "0.63",
            "tracking_error": null,
            "treynor_ratio": null,
            "upside_deviation": null,
            "ytm": null
        },
        "min_addl_amt": null,
        "min_addl_amt_multiple": null,
        "min_amt": "\u20b9 1,000",
        "min_amt_multiple": "any",
        "monthly_aaum_date": "3 1 - 0 3 - 2 0 2 5",
        "monthly_aaum_value": "\u20b9 274.83 Crores ",
        "mutual_fund_name": "Bandhan Mutual Fund",
        "page_number": [
            52
        ],
        "scheme_launch_date": "18 February 2021 "
    },
    "Bandhan Credit Risk Fund": {
        "amc_name": "Bandhan Asset Management Company Limited",
        "benchmark_index": "Moderate Moderately High Low to Moderate High Very Low High Riskometer The risk of the benchmark is moderately high. Tier 2: 65% NIFT< AA Short Duration Bond Index + 35% NIFT< AAA Short Duration Bond Index ",
        "fund_manager": [
            {
                "managing_fund_since": "16 July 2022",
                "name": "Aul",
                "qualification": "",
                "total_exp": ""
            },
            {
                "managing_fund_since": "17April 2023",
                "name": "Debram Lahiri",
                "qualification": "",
                "total_exp": ""
            }
        ],
        "load": {
            "entry_load": null,
            "exit_load": "1% if redeemed/switched out within 365 days from the date of allotment "
        },
        "main_scheme_name": "Bandhan Credit Risk Fund",
        "metrics": {
            "alpha": null,
            "arithmetic_mean_ratio": null,
            "average_div_yld": null,
            "average_pb": null,
            "average_pe": null,
            "avg_maturity": "3.45 years",
            "beta": null,
            "correlation_ratio": null,
            "downside_deviation": null,
            "information_ratio": null,
            "macaulay": "2.61 years",
            "mod_duration": "2.49 years",
            "port_turnover_ratio": null,
            "r_squared_ratio": null,
            "roe_ratio": null,
            "sharpe": null,
            "sortino_ratio": null,
            "std_dev": "0.56",
            "tracking_error": null,
            "treynor_ratio": null,
            "upside_deviation": null,
            "ytm": null
        },
        "min_addl_amt": null,
        "min_addl_amt_multiple": null,
        "min_amt": "\u20b9 1,000",
        "min_amt_multiple": "any",
        "monthly_aaum_date": "3 1 - 0 3 - 2 0 2 5",
        "monthly_aaum_value": "\u20b9 289.61 Crores ",
        "mutual_fund_name": "Bandhan Mutual Fund",
        "page_number": [
            53
        ],
        "scheme_launch_date": "03 March 2017 "
    },
    "Bandhan Bond Fund  Income Plan": {
        "amc_name": "Bandhan Asset Management Company Limited",
        "benchmark_index": "NIFT< Medium to Long Duration Debt Index A- III (w.e.f. 1st April 2022) ",
        "fund_manager": [],
        "load": {
            "entry_load": null,
            "exit_load": "If redeemed/switched out within 365 days from the date of allotment: For 10% of investment : Nil, For remaining investment : 1% If redeemed/switched out after 365 days from the date of allotment: Nil "
        },
        "main_scheme_name": "Bandhan Bond Fund  Income Plan",
        "metrics": {
            "alpha": null,
            "arithmetic_mean_ratio": null,
            "average_div_yld": null,
            "average_pb": null,
            "average_pe": null,
            "avg_maturity": "15.21 years",
            "beta": null,
            "correlation_ratio": null,
            "downside_deviation": null,
            "information_ratio": null,
            "macaulay": "6.93 years",
            "mod_duration": "6.69 years",
            "port_turnover_ratio": null,
            "r_squared_ratio": null,
            "roe_ratio": null,
            "sharpe": null,
            "sortino_ratio": null,
            "std_dev": "1.97",
            "tracking_error": null,
            "treynor_ratio": null,
            "upside_deviation": null,
            "ytm": null
        },
        "min_addl_amt": null,
        "min_addl_amt_multiple": null,
        "min_amt": "\u20b9 1,000",
        "min_amt_multiple": "any",
        "monthly_aaum_date": "3 1 - 0 3 - 2 0 2 5",
        "monthly_aaum_value": "\u20b9 484.00 Crores ",
        "mutual_fund_name": "Bandhan Mutual Fund",
        "page_number": [
            54
        ],
        "scheme_launch_date": "14 July 2000 "
    },
    "Bandhan Dynamic Bond Fund": {
        "amc_name": "Bandhan Asset Management Company Limited",
        "benchmark_index": "NIFT< Composite Debt Index A-III (w.e.f. 1st April 2022) ",
        "fund_manager": [],
        "load": {
            "entry_load": null,
            "exit_load": "Nil (w.e.f. 17th October 2016) "
        },
        "main_scheme_name": "Bandhan Dynamic Bond Fund",
        "metrics": {
            "alpha": null,
            "arithmetic_mean_ratio": null,
            "average_div_yld": null,
            "average_pb": null,
            "average_pe": null,
            "avg_maturity": "28.33 years",
            "beta": null,
            "correlation_ratio": null,
            "downside_deviation": null,
            "information_ratio": null,
            "macaulay": "12.31 years",
            "mod_duration": "11.89 years",
            "port_turnover_ratio": null,
            "r_squared_ratio": null,
            "roe_ratio": null,
            "sharpe": null,
            "sortino_ratio": null,
            "std_dev": "3.78",
            "tracking_error": null,
            "treynor_ratio": null,
            "upside_deviation": null,
            "ytm": null
        },
        "min_addl_amt": null,
        "min_addl_amt_multiple": null,
        "min_amt": "\u20b9 1,000",
        "min_amt_multiple": "any",
        "monthly_aaum_date": "3 1 - 0 3 - 2 0 2 5",
        "monthly_aaum_value": "\u20b9 3,064.78 Crores ",
        "mutual_fund_name": "Bandhan Mutual Fund",
        "page_number": [
            55
        ],
        "scheme_launch_date": "25 June 2002 "
    },
    "Bandhan Long Duration Fund": {
        "amc_name": "Bandhan Asset Management Company Limited",
        "benchmark_index": "NIFT< Long Duration Debt Index A-III ",
        "fund_manager": [],
        "load": {
            "entry_load": null,
            "exit_load": "Nil "
        },
        "main_scheme_name": "Bandhan Long Duration Fund",
        "metrics": {
            "alpha": null,
            "arithmetic_mean_ratio": null,
            "average_div_yld": null,
            "average_pb": null,
            "average_pe": null,
            "avg_maturity": "28.09 years",
            "beta": null,
            "correlation_ratio": null,
            "downside_deviation": null,
            "information_ratio": null,
            "macaulay": "11.99 years",
            "mod_duration": "11.58 years",
            "port_turnover_ratio": null,
            "r_squared_ratio": null,
            "roe_ratio": null,
            "sharpe": null,
            "sortino_ratio": null,
            "std_dev": null,
            "tracking_error": null,
            "treynor_ratio": null,
            "upside_deviation": null,
            "ytm": null
        },
        "min_addl_amt": null,
        "min_addl_amt_multiple": null,
        "min_amt": "\u20b9 1,000",
        "min_amt_multiple": "any",
        "monthly_aaum_date": "3 1 - 0 3 - 2 0 2 5",
        "monthly_aaum_value": "\u20b9 207.73 Crores ",
        "mutual_fund_name": "Bandhan Mutual Fund",
        "page_number": [
            56
        ],
        "scheme_launch_date": "20 March 2024 "
    },
    "Bandhan Government Securities Fund - Constant Maturity Plan": {
        "amc_name": "Bandhan Asset Management Company Limited",
        "benchmark_index": "CRISIL 10 year Gilt Index (w.e.f. 28th May 2018) ",
        "fund_manager": [
            {
                "managing_fund_since": "15Th May 2017",
                "name": "Harshal Joshi",
                "qualification": "",
                "total_exp": ""
            }
        ],
        "load": {
            "entry_load": null,
            "exit_load": "Nil. "
        },
        "main_scheme_name": "Bandhan Government Securities Fund - Constant Maturity Plan",
        "metrics": {
            "alpha": null,
            "arithmetic_mean_ratio": null,
            "average_div_yld": null,
            "average_pb": null,
            "average_pe": null,
            "avg_maturity": "10.65 years",
            "beta": null,
            "correlation_ratio": null,
            "downside_deviation": null,
            "information_ratio": null,
            "macaulay": "7.54 years",
            "mod_duration": "7.29 years",
            "port_turnover_ratio": null,
            "r_squared_ratio": null,
            "roe_ratio": null,
            "sharpe": null,
            "sortino_ratio": null,
            "std_dev": "2.10",
            "tracking_error": null,
            "treynor_ratio": null,
            "upside_deviation": null,
            "ytm": null
        },
        "min_addl_amt": null,
        "min_addl_amt_multiple": null,
        "min_amt": "\u20b9 1,000",
        "min_amt_multiple": "any",
        "monthly_aaum_date": "3 1 - 0 3 - 2 0 2 5",
        "monthly_aaum_value": "\u20b9 354.72 Crores ",
        "mutual_fund_name": "Bandhan Mutual Fund",
        "page_number": [
            57
        ],
        "scheme_launch_date": "9 March 2002 "
    },
    "Bandhan Government Securities Fund  Investment Plan": {
        "amc_name": "Bandhan Asset Management Company Limited",
        "benchmark_index": "CRISIL Dynamic Gilt Index (w.e.f. 01 February 2019) ",
        "fund_manager": [],
        "load": {
            "entry_load": null,
            "exit_load": "Nil (w.e.f. 15th July 2011) "
        },
        "main_scheme_name": "Bandhan Government Securities Fund  Investment Plan",
        "metrics": {
            "alpha": null,
            "arithmetic_mean_ratio": null,
            "average_div_yld": null,
            "average_pb": null,
            "average_pe": null,
            "avg_maturity": "28.30 years",
            "beta": null,
            "correlation_ratio": null,
            "downside_deviation": null,
            "information_ratio": null,
            "macaulay": "12.30 years",
            "mod_duration": "11.88 years",
            "port_turnover_ratio": null,
            "r_squared_ratio": null,
            "roe_ratio": null,
            "sharpe": null,
            "sortino_ratio": null,
            "std_dev": "3.79",
            "tracking_error": null,
            "treynor_ratio": null,
            "upside_deviation": null,
            "ytm": null
        },
        "min_addl_amt": null,
        "min_addl_amt_multiple": null,
        "min_amt": "\u20b9 1,000",
        "min_amt_multiple": "any",
        "monthly_aaum_date": "3 1 - 0 3 - 2 0 2 5",
        "monthly_aaum_value": "\u20b9 3,627.44 Crores ",
        "mutual_fund_name": "Bandhan Mutual Fund",
        "page_number": [
            58
        ],
        "scheme_launch_date": "9 March 2002 "
    },
    "Bandhan Nifty 50 Index Fund": {
        "amc_name": "Bandhan Asset Management Company Limited",
        "benchmark_index": "Nifty 50 TRI ",
        "fund_manager": [
            {
                "managing_fund_since": "March 01, 2022",
                "name": "Nemish Sheth",
                "qualification": "",
                "total_exp": ""
            }
        ],
        "load": {
            "entry_load": null,
            "exit_load": "NIL (w.e.f. 4th February 2019) "
        },
        "main_scheme_name": "Bandhan Nifty 50 Index Fund",
        "metrics": {
            "alpha": null,
            "arithmetic_mean_ratio": null,
            "average_div_yld": null,
            "average_pb": null,
            "average_pe": null,
            "avg_maturity": null,
            "beta": "1.00",
            "correlation_ratio": null,
            "downside_deviation": null,
            "information_ratio": null,
            "macaulay": null,
            "mod_duration": null,
            "port_turnover_ratio": "0.16",
            "r_squared_ratio": "1.00",
            "roe_ratio": null,
            "sharpe": "0.29",
            "sortino_ratio": null,
            "std_dev": "13.12",
            "tracking_error": "0.08",
            "treynor_ratio": null,
            "upside_deviation": null,
            "ytm": null
        },
        "min_addl_amt": null,
        "min_addl_amt_multiple": null,
        "min_amt": "\u20b9 1,000",
        "min_amt_multiple": "any",
        "monthly_aaum_date": "3 1 - 0 3 - 2 0 2 5",
        "monthly_aaum_value": "\u20b9 1,657.64 Crores ",
        "mutual_fund_name": "Bandhan Mutual Fund",
        "page_number": [
            59
        ],
        "scheme_launch_date": "30 April 2010 "
    },
    "Bandhan Nifty 100 Index Fund": {
        "amc_name": "Bandhan Asset Management Company Limited",
        "benchmark_index": "Nifty 100 TRI ",
        "fund_manager": [],
        "load": {
            "entry_load": null,
            "exit_load": "Nil "
        },
        "main_scheme_name": "Bandhan Nifty 100 Index Fund",
        "metrics": {
            "alpha": null,
            "arithmetic_mean_ratio": null,
            "average_div_yld": null,
            "average_pb": null,
            "average_pe": null,
            "avg_maturity": null,
            "beta": null,
            "correlation_ratio": null,
            "downside_deviation": null,
            "information_ratio": null,
            "macaulay": null,
            "mod_duration": null,
            "port_turnover_ratio": "0.10",
            "r_squared_ratio": null,
            "roe_ratio": null,
            "sharpe": null,
            "sortino_ratio": null,
            "std_dev": null,
            "tracking_error": "0.06",
            "treynor_ratio": null,
            "upside_deviation": null,
            "ytm": null
        },
        "min_addl_amt": null,
        "min_addl_amt_multiple": null,
        "min_amt": "\u20b9 1,000",
        "min_amt_multiple": "\u20b9 1",
        "monthly_aaum_date": "3 1 - 0 3 - 2 0 2 5",
        "monthly_aaum_value": "\u20b9 153.28 Crores ",
        "mutual_fund_name": "Bandhan Mutual Fund",
        "page_number": [
            60
        ],
        "scheme_launch_date": "24 February, 2022 "
    },
    "Bandhan Nifty100 Low Volatility 30 Index Fund": {
        "amc_name": "Bandhan Asset Management Company Limited",
        "benchmark_index": "Nifty100 Low Volatility 30 TRI ",
        "fund_manager": [],
        "load": {
            "entry_load": null,
            "exit_load": "Nil "
        },
        "main_scheme_name": "Bandhan Nifty100 Low Volatility 30 Index Fund",
        "metrics": {
            "alpha": null,
            "arithmetic_mean_ratio": null,
            "average_div_yld": null,
            "average_pb": null,
            "average_pe": null,
            "avg_maturity": null,
            "beta": null,
            "correlation_ratio": null,
            "downside_deviation": null,
            "information_ratio": null,
            "macaulay": null,
            "mod_duration": null,
            "port_turnover_ratio": "0.45",
            "r_squared_ratio": null,
            "roe_ratio": null,
            "sharpe": null,
            "sortino_ratio": null,
            "std_dev": null,
            "tracking_error": "0.08",
            "treynor_ratio": null,
            "upside_deviation": null,
            "ytm": null
        },
        "min_addl_amt": null,
        "min_addl_amt_multiple": null,
        "min_amt": "\u20b9 1,000",
        "min_amt_multiple": "\u20b9 1",
        "monthly_aaum_date": "3 1 - 0 3 - 2 0 2 5",
        "monthly_aaum_value": "\u20b9 1,399.22 Crores ",
        "mutual_fund_name": "Bandhan Mutual Fund",
        "page_number": [
            61
        ],
        "scheme_launch_date": "06 October, 2022 "
    },
    "Bandhan Nifty200 Momentum 30 Index Fund": {
        "amc_name": "Bandhan Asset Management Company Limited",
        "benchmark_index": "Nifty200 Momentum 30 TRI ",
        "fund_manager": [],
        "load": {
            "entry_load": null,
            "exit_load": "Nil "
        },
        "main_scheme_name": "Bandhan Nifty200 Momentum 30 Index Fund",
        "metrics": {
            "alpha": null,
            "arithmetic_mean_ratio": null,
            "average_div_yld": null,
            "average_pb": null,
            "average_pe": null,
            "avg_maturity": null,
            "beta": null,
            "correlation_ratio": null,
            "downside_deviation": null,
            "information_ratio": null,
            "macaulay": null,
            "mod_duration": null,
            "port_turnover_ratio": "1.35",
            "r_squared_ratio": null,
            "roe_ratio": null,
            "sharpe": null,
            "sortino_ratio": null,
            "std_dev": null,
            "tracking_error": "0.31",
            "treynor_ratio": null,
            "upside_deviation": null,
            "ytm": null
        },
        "min_addl_amt": null,
        "min_addl_amt_multiple": null,
        "min_amt": "\u20b9 1,000",
        "min_amt_multiple": "\u20b9 1",
        "monthly_aaum_date": "3 1 - 0 3 - 2 0 2 5",
        "monthly_aaum_value": "\u20b9 121.93 Crores ",
        "mutual_fund_name": "Bandhan Mutual Fund",
        "page_number": [
            62
        ],
        "scheme_launch_date": "2 September, 2022 "
    },
    "Bandhan Nifty Alpha 50 Index Fund": {
        "amc_name": "Bandhan Asset Management Company Limited",
        "benchmark_index": "Nifty Alpha 50 Index TRI ",
        "fund_manager": [],
        "load": {
            "entry_load": null,
            "exit_load": "Nil "
        },
        "main_scheme_name": "Bandhan Nifty Alpha 50 Index Fund",
        "metrics": {
            "alpha": null,
            "arithmetic_mean_ratio": null,
            "average_div_yld": null,
            "average_pb": null,
            "average_pe": null,
            "avg_maturity": null,
            "beta": null,
            "correlation_ratio": null,
            "downside_deviation": null,
            "information_ratio": null,
            "macaulay": null,
            "mod_duration": null,
            "port_turnover_ratio": "1.30",
            "r_squared_ratio": null,
            "roe_ratio": null,
            "sharpe": null,
            "sortino_ratio": null,
            "std_dev": null,
            "tracking_error": "0.76",
            "treynor_ratio": null,
            "upside_deviation": null,
            "ytm": null
        },
        "min_addl_amt": null,
        "min_addl_amt_multiple": null,
        "min_amt": "\u20b9 1,000",
        "min_amt_multiple": "\u20b9 1",
        "monthly_aaum_date": "3 1 - 0 3 - 2 0 2 5",
        "monthly_aaum_value": "\u20b9 326.91 Crores ",
        "mutual_fund_name": "Bandhan Mutual Fund",
        "page_number": [
            63
        ],
        "scheme_launch_date": "09 November, 2023 "
    },
    "Bandhan Nifty Smallcap 250 Index Fund": {
        "amc_name": "Bandhan Asset Management Company Limited",
        "benchmark_index": "Nifty Smallcap 250 Index TRI ",
        "fund_manager": [],
        "load": {
            "entry_load": null,
            "exit_load": "Nil "
        },
        "main_scheme_name": "Bandhan Nifty Smallcap 250 Index Fund",
        "metrics": {
            "alpha": null,
            "arithmetic_mean_ratio": null,
            "average_div_yld": null,
            "average_pb": null,
            "average_pe": null,
            "avg_maturity": null,
            "beta": null,
            "correlation_ratio": null,
            "downside_deviation": null,
            "information_ratio": null,
            "macaulay": null,
            "mod_duration": null,
            "port_turnover_ratio": "0.44",
            "r_squared_ratio": null,
            "roe_ratio": null,
            "sharpe": null,
            "sortino_ratio": null,
            "std_dev": null,
            "tracking_error": "0.22",
            "treynor_ratio": null,
            "upside_deviation": null,
            "ytm": null
        },
        "min_addl_amt": null,
        "min_addl_amt_multiple": null,
        "min_amt": "\u20b9 1,000",
        "min_amt_multiple": "\u20b9 1",
        "monthly_aaum_date": "3 1 - 0 3 - 2 0 2 5",
        "monthly_aaum_value": "\u20b9 43.09 Crores ",
        "mutual_fund_name": "Bandhan Mutual Fund",
        "page_number": [
            64
        ],
        "scheme_launch_date": "22 December, 2023 "
    },
    "Bandhan Nifty IT Index Fund": {
        "amc_name": "Bandhan Asset Management Company Limited",
        "benchmark_index": "Nifty IT  TRI ",
        "fund_manager": [],
        "load": {
            "entry_load": null,
            "exit_load": "Nil "
        },
        "main_scheme_name": "Bandhan Nifty IT Index Fund",
        "metrics": {
            "alpha": null,
            "arithmetic_mean_ratio": null,
            "average_div_yld": null,
            "average_pb": null,
            "average_pe": null,
            "avg_maturity": null,
            "beta": null,
            "correlation_ratio": null,
            "downside_deviation": null,
            "information_ratio": null,
            "macaulay": null,
            "mod_duration": null,
            "port_turnover_ratio": "0.27",
            "r_squared_ratio": null,
            "roe_ratio": null,
            "sharpe": null,
            "sortino_ratio": null,
            "std_dev": null,
            "tracking_error": "0.13",
            "treynor_ratio": null,
            "upside_deviation": null,
            "ytm": null
        },
        "min_addl_amt": null,
        "min_addl_amt_multiple": null,
        "min_amt": "\u20b9 1,000",
        "min_amt_multiple": "\u20b9 1",
        "monthly_aaum_date": "3 1 - 0 3 - 2 0 2 5",
        "monthly_aaum_value": "\u20b9 28.39 Crores ",
        "mutual_fund_name": "Bandhan Mutual Fund",
        "page_number": [
            65
        ],
        "scheme_launch_date": "31 August, 2023 "
    },
    "Bandhan Nifty Total Market Index Fund": {
        "amc_name": "Bandhan Asset Management Company Limited",
        "benchmark_index": "Nifty Total Market TRI ",
        "fund_manager": [],
        "load": {
            "entry_load": null,
            "exit_load": "\u00b7 0.25% if redeemed on or before 15 days from the allotment date. \u00b7 Nil if redeemed after 15 days from allotment date. "
        },
        "main_scheme_name": "Bandhan Nifty Total Market Index Fund",
        "metrics": {
            "alpha": null,
            "arithmetic_mean_ratio": null,
            "average_div_yld": null,
            "average_pb": null,
            "average_pe": null,
            "avg_maturity": null,
            "beta": null,
            "correlation_ratio": null,
            "downside_deviation": null,
            "information_ratio": null,
            "macaulay": null,
            "mod_duration": null,
            "port_turnover_ratio": null,
            "r_squared_ratio": null,
            "roe_ratio": null,
            "sharpe": null,
            "sortino_ratio": null,
            "std_dev": null,
            "tracking_error": null,
            "treynor_ratio": null,
            "upside_deviation": null,
            "ytm": null
        },
        "min_addl_amt": null,
        "min_addl_amt_multiple": null,
        "min_amt": "\u20b9 1,000",
        "min_amt_multiple": "\u20b9 1",
        "monthly_aaum_date": "3 1 - 0 3 - 2 0 2 5",
        "monthly_aaum_value": "\u20b9 34.94 Crores ",
        "mutual_fund_name": "Bandhan Mutual Fund",
        "page_number": [
            66
        ],
        "scheme_launch_date": "10 July, 2024 "
    },
    "Bandhan Nifty Bank Index Fund": {
        "amc_name": "Bandhan Asset Management Company Limited",
        "benchmark_index": "Nifty Bank TRI ",
        "fund_manager": [],
        "load": {
            "entry_load": null,
            "exit_load": "\u00b7 0.25% if redeemed on or before 15 days from the allotment date. \u00b7 Nil if redeemed after 15 days from allotment date. "
        },
        "main_scheme_name": "Bandhan Nifty Bank Index Fund",
        "metrics": {
            "alpha": null,
            "arithmetic_mean_ratio": null,
            "average_div_yld": null,
            "average_pb": null,
            "average_pe": null,
            "avg_maturity": null,
            "beta": null,
            "correlation_ratio": null,
            "downside_deviation": null,
            "information_ratio": null,
            "macaulay": null,
            "mod_duration": null,
            "port_turnover_ratio": null,
            "r_squared_ratio": null,
            "roe_ratio": null,
            "sharpe": null,
            "sortino_ratio": null,
            "std_dev": null,
            "tracking_error": null,
            "treynor_ratio": null,
            "upside_deviation": null,
            "ytm": null
        },
        "min_addl_amt": null,
        "min_addl_amt_multiple": null,
        "min_amt": "\u20b9 1,000",
        "min_amt_multiple": "\u20b9 1",
        "monthly_aaum_date": "3 1 - 0 3 - 2 0 2 5",
        "monthly_aaum_value": "\u20b9 14.36 Crores ",
        "mutual_fund_name": "Bandhan Mutual Fund",
        "page_number": [
            67
        ],
        "scheme_launch_date": "27 August, 2024 "
    },
    "Bandhan BSE Healthcare Index Fund": {
        "amc_name": "Bandhan Asset Management Company Limited",
        "benchmark_index": "BSE Healthcare TRI ",
        "fund_manager": [],
        "load": {
            "entry_load": null,
            "exit_load": "\u00b7 0.25% if redeemed on or before 15 days from the allotment date. \u00b7 Nil if redeemed after 15 days from allotment date. "
        },
        "main_scheme_name": "Bandhan BSE Healthcare Index Fund",
        "metrics": {
            "alpha": null,
            "arithmetic_mean_ratio": null,
            "average_div_yld": null,
            "average_pb": null,
            "average_pe": null,
            "avg_maturity": null,
            "beta": null,
            "correlation_ratio": null,
            "downside_deviation": null,
            "information_ratio": null,
            "macaulay": null,
            "mod_duration": null,
            "port_turnover_ratio": null,
            "r_squared_ratio": null,
            "roe_ratio": null,
            "sharpe": null,
            "sortino_ratio": null,
            "std_dev": null,
            "tracking_error": null,
            "treynor_ratio": null,
            "upside_deviation": null,
            "ytm": null
        },
        "min_addl_amt": null,
        "min_addl_amt_multiple": null,
        "min_amt": "\u20b9 1,000",
        "min_amt_multiple": "\u20b9 1",
        "monthly_aaum_date": "3 1 - 0 3 - 2 0 2 5",
        "monthly_aaum_value": "\u20b9 17.04 Crores ",
        "mutual_fund_name": "Bandhan Mutual Fund",
        "page_number": [
            68
        ],
        "scheme_launch_date": "06 September, 2024 "
    },
    "Bandhan Nifty Midcap 150 Index Fund": {
        "amc_name": "Bandhan Asset Management Company Limited",
        "benchmark_index": "Nifty Midcap 150 TRI ",
        "fund_manager": [],
        "load": {
            "entry_load": null,
            "exit_load": "\u00b7 0.25% if redeemed on or before 15 days from the allotment date. \u00b7 Nil if redeemed after 15 days from allotment date. "
        },
        "main_scheme_name": "Bandhan Nifty Midcap 150 Index Fund",
        "metrics": {
            "alpha": null,
            "arithmetic_mean_ratio": null,
            "average_div_yld": null,
            "average_pb": null,
            "average_pe": null,
            "avg_maturity": null,
            "beta": null,
            "correlation_ratio": null,
            "downside_deviation": null,
            "information_ratio": null,
            "macaulay": null,
            "mod_duration": null,
            "port_turnover_ratio": null,
            "r_squared_ratio": null,
            "roe_ratio": null,
            "sharpe": null,
            "sortino_ratio": null,
            "std_dev": null,
            "tracking_error": null,
            "treynor_ratio": null,
            "upside_deviation": null,
            "ytm": null
        },
        "min_addl_amt": null,
        "min_addl_amt_multiple": null,
        "min_amt": "\u20b9 1,000",
        "min_amt_multiple": "\u20b9 1",
        "monthly_aaum_date": "3 1 - 0 3 - 2 0 2 5",
        "monthly_aaum_value": "\u20b9 20.36 Crores ",
        "mutual_fund_name": "Bandhan Mutual Fund",
        "page_number": [
            69
        ],
        "scheme_launch_date": "19 September, 2024 "
    },
    "Bandhan Nifty 500 Momentum 50 Index Fund": {
        "amc_name": "Bandhan Asset Management Company Limited",
        "benchmark_index": "Nifty 500 Momentum 50 TRI ",
        "fund_manager": [],
        "load": {
            "entry_load": null,
            "exit_load": "\u00b7 0.25% if redeemed on or before 15 days from the allotment date. \u00b7 Nil if redeemed after 15 days from allotment date. "
        },
        "main_scheme_name": "Bandhan Nifty 500 Momentum 50 Index Fund",
        "metrics": {
            "alpha": null,
            "arithmetic_mean_ratio": null,
            "average_div_yld": null,
            "average_pb": null,
            "average_pe": null,
            "avg_maturity": null,
            "beta": null,
            "correlation_ratio": null,
            "downside_deviation": null,
            "information_ratio": null,
            "macaulay": null,
            "mod_duration": null,
            "port_turnover_ratio": null,
            "r_squared_ratio": null,
            "roe_ratio": null,
            "sharpe": null,
            "sortino_ratio": null,
            "std_dev": null,
            "tracking_error": null,
            "treynor_ratio": null,
            "upside_deviation": null,
            "ytm": null
        },
        "min_addl_amt": null,
        "min_addl_amt_multiple": null,
        "min_amt": "\u20b9 1,000",
        "min_amt_multiple": "\u20b9 1",
        "monthly_aaum_date": "3 1 - 0 3 - 2 0 2 5",
        "monthly_aaum_value": "\u20b9 17.34 Crores ",
        "mutual_fund_name": "Bandhan Mutual Fund",
        "page_number": [
            70
        ],
        "scheme_launch_date": "30 October, 2024 "
    },
    "Bandhan Nifty 500 Value 50 Index Fund": {
        "amc_name": "Bandhan Asset Management Company Limited",
        "benchmark_index": "Nifty 500 Value 50 TRI ",
        "fund_manager": [],
        "load": {
            "entry_load": null,
            "exit_load": "\u00b7 0.25% if redeemed on or before 15 days from the allotment date. \u00b7 Nil if redeemed after 15 days from allotment date. "
        },
        "main_scheme_name": "Bandhan Nifty 500 Value 50 Index Fund",
        "metrics": {
            "alpha": null,
            "arithmetic_mean_ratio": null,
            "average_div_yld": null,
            "average_pb": null,
            "average_pe": null,
            "avg_maturity": null,
            "beta": null,
            "correlation_ratio": null,
            "downside_deviation": null,
            "information_ratio": null,
            "macaulay": null,
            "mod_duration": null,
            "port_turnover_ratio": null,
            "r_squared_ratio": null,
            "roe_ratio": null,
            "sharpe": null,
            "sortino_ratio": null,
            "std_dev": null,
            "tracking_error": null,
            "treynor_ratio": null,
            "upside_deviation": null,
            "ytm": null
        },
        "min_addl_amt": null,
        "min_addl_amt_multiple": null,
        "min_amt": "\u20b9 1,000",
        "min_amt_multiple": "\u20b9 1",
        "monthly_aaum_date": "3 1 - 0 3 - 2 0 2 5",
        "monthly_aaum_value": "\u20b9 9.96 Crores ",
        "mutual_fund_name": "Bandhan Mutual Fund",
        "page_number": [
            71
        ],
        "scheme_launch_date": "30 October, 2024 "
    },
    "Bandhan Nifty 200 Quality 30 Index Fund": {
        "amc_name": "Bandhan Asset Management Company Limited",
        "benchmark_index": "Nifty 200 Quality 30 TRI ",
        "fund_manager": [],
        "load": {
            "entry_load": null,
            "exit_load": "\u00b7 0.25% if redeemed on or before 15 days from the allotment date. \u00b7 Nil if redeemed after 15 days from allotment date. "
        },
        "main_scheme_name": "Bandhan Nifty 200 Quality 30 Index Fund",
        "metrics": {
            "alpha": null,
            "arithmetic_mean_ratio": null,
            "average_div_yld": null,
            "average_pb": null,
            "average_pe": null,
            "avg_maturity": null,
            "beta": null,
            "correlation_ratio": null,
            "downside_deviation": null,
            "information_ratio": null,
            "macaulay": null,
            "mod_duration": null,
            "port_turnover_ratio": null,
            "r_squared_ratio": null,
            "roe_ratio": null,
            "sharpe": null,
            "sortino_ratio": null,
            "std_dev": null,
            "tracking_error": null,
            "treynor_ratio": null,
            "upside_deviation": null,
            "ytm": null
        },
        "min_addl_amt": null,
        "min_addl_amt_multiple": null,
        "min_amt": "\u20b9 1,000",
        "min_amt_multiple": "\u20b9 1",
        "monthly_aaum_date": "3 1 - 0 3 - 2 0 2 5",
        "monthly_aaum_value": "\u20b9 9.02 Crores ",
        "mutual_fund_name": "Bandhan Mutual Fund",
        "page_number": [
            72
        ],
        "scheme_launch_date": "04 December, 2024 "
    },
    "Bandhan Nifty Alpha Low Volatility 30 Index Fund": {
        "amc_name": "Bandhan Asset Management Company Limited",
        "benchmark_index": "Nifty Alpha Low Volatility 30 TRI ",
        "fund_manager": [],
        "load": {
            "entry_load": null,
            "exit_load": "\u00b7 0.25% if redeemed on or before 15 days from the allotment date. \u00b7 Nil if redeemed after 15 days from allotment date. "
        },
        "main_scheme_name": "Bandhan Nifty Alpha Low Volatility 30 Index Fund",
        "metrics": {
            "alpha": null,
            "arithmetic_mean_ratio": null,
            "average_div_yld": null,
            "average_pb": null,
            "average_pe": null,
            "avg_maturity": null,
            "beta": null,
            "correlation_ratio": null,
            "downside_deviation": null,
            "information_ratio": null,
            "macaulay": null,
            "mod_duration": null,
            "port_turnover_ratio": null,
            "r_squared_ratio": null,
            "roe_ratio": null,
            "sharpe": null,
            "sortino_ratio": null,
            "std_dev": null,
            "tracking_error": null,
            "treynor_ratio": null,
            "upside_deviation": null,
            "ytm": null
        },
        "min_addl_amt": null,
        "min_addl_amt_multiple": null,
        "min_amt": "\u20b9 1,000",
        "min_amt_multiple": "\u20b9 1",
        "monthly_aaum_date": "3 1 - 0 3 - 2 0 2 5",
        "monthly_aaum_value": "\u20b9 7.60 Crores ",
        "mutual_fund_name": "Bandhan Mutual Fund",
        "page_number": [
            73
        ],
        "scheme_launch_date": "21 January, 2025 "
    },
    "Bandhan Nifty Next 50 Index Fund": {
        "amc_name": "Bandhan Asset Management Company Limited",
        "benchmark_index": "Nifty Next 50 TRI ",
        "fund_manager": [],
        "load": {
            "entry_load": null,
            "exit_load": "\u00b7 0.25% if redeemed on or before 15 days from the allotment date. \u00b7 Nil if redeemed after 15 days from allotment date. "
        },
        "main_scheme_name": "Bandhan Nifty Next 50 Index Fund",
        "metrics": {
            "alpha": null,
            "arithmetic_mean_ratio": null,
            "average_div_yld": null,
            "average_pb": null,
            "average_pe": null,
            "avg_maturity": null,
            "beta": null,
            "correlation_ratio": null,
            "downside_deviation": null,
            "information_ratio": null,
            "macaulay": null,
            "mod_duration": null,
            "port_turnover_ratio": null,
            "r_squared_ratio": null,
            "roe_ratio": null,
            "sharpe": null,
            "sortino_ratio": null,
            "std_dev": null,
            "tracking_error": null,
            "treynor_ratio": null,
            "upside_deviation": null,
            "ytm": null
        },
        "min_addl_amt": null,
        "min_addl_amt_multiple": null,
        "min_amt": "\u20b9 1,000",
        "min_amt_multiple": "\u20b9 1",
        "monthly_aaum_date": "3 1 - 0 3 - 2 0 2 5",
        "monthly_aaum_value": "\u20b9 0.38 Crores ",
        "mutual_fund_name": "Bandhan Mutual Fund",
        "page_number": [
            74
        ],
        "scheme_launch_date": "28 February, 2025 "
    },
    "Bandhan BSE Sensex ETF": {
        "amc_name": "Bandhan Asset Management Company Limited",
        "benchmark_index": "BSE Sensex TRI ",
        "fund_manager": [],
        "load": {
            "entry_load": null,
            "exit_load": "Nil "
        },
        "main_scheme_name": "Bandhan BSE Sensex ETF",
        "metrics": {
            "alpha": null,
            "arithmetic_mean_ratio": null,
            "average_div_yld": null,
            "average_pb": null,
            "average_pe": null,
            "avg_maturity": null,
            "beta": "1.00",
            "correlation_ratio": null,
            "downside_deviation": null,
            "information_ratio": null,
            "macaulay": null,
            "mod_duration": null,
            "port_turnover_ratio": "0.05",
            "r_squared_ratio": "1.00",
            "roe_ratio": null,
            "sharpe": "0.29",
            "sortino_ratio": null,
            "std_dev": "12.73",
            "tracking_error": "0.07",
            "treynor_ratio": null,
            "upside_deviation": null,
            "ytm": null
        },
        "min_addl_amt": null,
        "min_addl_amt_multiple": null,
        "min_amt": null,
        "min_amt_multiple": null,
        "monthly_aaum_date": "3 1 - 0 3 - 2 0 2 5",
        "monthly_aaum_value": "\u20b9 1.15 Crores ",
        "mutual_fund_name": "Bandhan Mutual Fund",
        "page_number": [
            75
        ],
        "scheme_launch_date": "07 October 2016 "
    },
    "Bandhan Nifty 50 ETF": {
        "amc_name": "Bandhan Asset Management Company Limited",
        "benchmark_index": "Nifty 50 TRI ",
        "fund_manager": [],
        "load": {
            "entry_load": null,
            "exit_load": "Nil "
        },
        "main_scheme_name": "Bandhan Nifty 50 ETF",
        "metrics": {
            "alpha": null,
            "arithmetic_mean_ratio": null,
            "average_div_yld": null,
            "average_pb": null,
            "average_pe": null,
            "avg_maturity": null,
            "beta": "1.00",
            "correlation_ratio": null,
            "downside_deviation": null,
            "information_ratio": null,
            "macaulay": null,
            "mod_duration": null,
            "port_turnover_ratio": "0.04",
            "r_squared_ratio": "1.00",
            "roe_ratio": null,
            "sharpe": "0.33",
            "sortino_ratio": null,
            "std_dev": "13.11",
            "tracking_error": "0.05",
            "treynor_ratio": null,
            "upside_deviation": null,
            "ytm": null
        },
        "min_addl_amt": null,
        "min_addl_amt_multiple": null,
        "min_amt": null,
        "min_amt_multiple": null,
        "monthly_aaum_date": "3 1 - 0 3 - 2 0 2 5",
        "monthly_aaum_value": "\u20b9 26.13 Crores ",
        "mutual_fund_name": "Bandhan Mutual Fund",
        "page_number": [
            76
        ],
        "scheme_launch_date": "07 October 2016 "
    },
    "Bandhan CRISIL IBX Gilt April 2026 Index Fund": {
        "amc_name": "Bandhan Asset Management Company Limited",
        "benchmark_index": "CRISIL IBX Gilt Index - April 2026 ",
        "fund_manager": [],
        "load": {
            "entry_load": null,
            "exit_load": "Nil "
        },
        "main_scheme_name": "Bandhan CRISIL IBX Gilt April 2026 Index Fund",
        "metrics": {
            "alpha": null,
            "arithmetic_mean_ratio": null,
            "average_div_yld": null,
            "average_pb": null,
            "average_pe": null,
            "avg_maturity": "1.02 years",
            "beta": null,
            "correlation_ratio": null,
            "downside_deviation": null,
            "information_ratio": null,
            "macaulay": "0.98 years",
            "mod_duration": "0.95 years",
            "port_turnover_ratio": null,
            "r_squared_ratio": null,
            "roe_ratio": null,
            "sharpe": null,
            "sortino_ratio": null,
            "std_dev": "0.39",
            "tracking_error": null,
            "treynor_ratio": null,
            "upside_deviation": null,
            "ytm": null
        },
        "min_addl_amt": null,
        "min_addl_amt_multiple": null,
        "min_amt": "\u20b9 1,000",
        "min_amt_multiple": "\u20b9 1",
        "monthly_aaum_date": "3 1 - 0 3 - 2 0 2 5",
        "monthly_aaum_value": "\u20b9 442.54 Crores ",
        "mutual_fund_name": "Bandhan Mutual Fund",
        "page_number": [
            77
        ],
        "scheme_launch_date": "20 October, 2022 "
    },
    "Bandhan CRISIL IBX Gilt June 2027 Index Fund": {
        "amc_name": "Bandhan Asset Management Company Limited",
        "benchmark_index": "CRISIL-IBX Gilt Index - June 2027 ",
        "fund_manager": [
            {
                "managing_fund_since": "28Th July 2021",
                "name": "Harshal Joshi",
                "qualification": "",
                "total_exp": ""
            },
            {
                "managing_fund_since": "1St December 2021",
                "name": "Aul",
                "qualification": "",
                "total_exp": ""
            }
        ],
        "load": {
            "entry_load": null,
            "exit_load": "Nil "
        },
        "main_scheme_name": "Bandhan CRISIL IBX Gilt June 2027 Index Fund",
        "metrics": {
            "alpha": null,
            "arithmetic_mean_ratio": null,
            "average_div_yld": null,
            "average_pb": null,
            "average_pe": null,
            "avg_maturity": "2.21 years",
            "beta": null,
            "correlation_ratio": null,
            "downside_deviation": null,
            "information_ratio": null,
            "macaulay": "2.05 years",
            "mod_duration": "1.98 years",
            "port_turnover_ratio": null,
            "r_squared_ratio": null,
            "roe_ratio": null,
            "sharpe": null,
            "sortino_ratio": null,
            "std_dev": "0.75",
            "tracking_error": null,
            "treynor_ratio": null,
            "upside_deviation": null,
            "ytm": null
        },
        "min_addl_amt": null,
        "min_addl_amt_multiple": null,
        "min_amt": "\u20b9 1,000",
        "min_amt_multiple": "any",
        "monthly_aaum_date": "3 1 - 0 3 - 2 0 2 5",
        "monthly_aaum_value": "\u20b9 7,004.43 Crores ",
        "mutual_fund_name": "Bandhan Mutual Fund",
        "page_number": [
            78
        ],
        "scheme_launch_date": "23 March 2021 "
    },
    "Bandhan CRISIL IBX Gilt April 2028 Index Fund": {
        "amc_name": "Bandhan Asset Management Company Limited",
        "benchmark_index": "CRISIL-IBX Gilt Index - April 2028 ",
        "fund_manager": [
            {
                "managing_fund_since": "28Th July 2021",
                "name": "Harshal Joshi",
                "qualification": "",
                "total_exp": ""
            },
            {
                "managing_fund_since": "1St December 2021",
                "name": "Aul",
                "qualification": "",
                "total_exp": ""
            }
        ],
        "load": {
            "entry_load": null,
            "exit_load": "Nil "
        },
        "main_scheme_name": "Bandhan CRISIL IBX Gilt April 2028 Index Fund",
        "metrics": {
            "alpha": null,
            "arithmetic_mean_ratio": null,
            "average_div_yld": null,
            "average_pb": null,
            "average_pe": null,
            "avg_maturity": "2.68 years",
            "beta": null,
            "correlation_ratio": null,
            "downside_deviation": null,
            "information_ratio": null,
            "macaulay": "2.42 years",
            "mod_duration": "2.35 years",
            "port_turnover_ratio": null,
            "r_squared_ratio": null,
            "roe_ratio": null,
            "sharpe": null,
            "sortino_ratio": null,
            "std_dev": "0.83",
            "tracking_error": null,
            "treynor_ratio": null,
            "upside_deviation": null,
            "ytm": null
        },
        "min_addl_amt": null,
        "min_addl_amt_multiple": null,
        "min_amt": "\u20b9 1,000",
        "min_amt_multiple": "any",
        "monthly_aaum_date": "3 1 - 0 3 - 2 0 2 5",
        "monthly_aaum_value": "\u20b9 4,702.71 Crores ",
        "mutual_fund_name": "Bandhan Mutual Fund",
        "page_number": [
            79
        ],
        "scheme_launch_date": "23 March 2021 "
    },
    "Bandhan CRISIL IBX Gilt April 2032 Index Fund": {
        "amc_name": "Bandhan Asset Management Company Limited",
        "benchmark_index": "Crisil IBX Gilt Index - April 2032 ",
        "fund_manager": [],
        "load": {
            "entry_load": null,
            "exit_load": "Nil "
        },
        "main_scheme_name": "Bandhan CRISIL IBX Gilt April 2032 Index Fund",
        "metrics": {
            "alpha": null,
            "arithmetic_mean_ratio": null,
            "average_div_yld": null,
            "average_pb": null,
            "average_pe": null,
            "avg_maturity": "6.73 years",
            "beta": null,
            "correlation_ratio": null,
            "downside_deviation": null,
            "information_ratio": null,
            "macaulay": "5.49 years",
            "mod_duration": "5.31 years",
            "port_turnover_ratio": null,
            "r_squared_ratio": null,
            "roe_ratio": null,
            "sharpe": null,
            "sortino_ratio": null,
            "std_dev": "1.75",
            "tracking_error": null,
            "treynor_ratio": null,
            "upside_deviation": null,
            "ytm": null
        },
        "min_addl_amt": null,
        "min_addl_amt_multiple": null,
        "min_amt": "\u20b9 1,000",
        "min_amt_multiple": "\u20b9 1",
        "monthly_aaum_date": "3 1 - 0 3 - 2 0 2 5",
        "monthly_aaum_value": "\u20b9 439.79 Crores ",
        "mutual_fund_name": "Bandhan Mutual Fund",
        "page_number": [
            80
        ],
        "scheme_launch_date": "15 February 2023 "
    },
    "Bandhan CRISIL IBX 9010 SDL Plus Gilt November 2026 Index Fund": {
        "amc_name": "Bandhan Asset Management Company Limited",
        "benchmark_index": "CRISIL IBX 90:10 SDL plus Gilt Index \u00b7 November 2026 ",
        "fund_manager": [],
        "load": {
            "entry_load": null,
            "exit_load": "Nil "
        },
        "main_scheme_name": "Bandhan CRISIL IBX 9010 SDL Plus Gilt November 2026 Index Fund",
        "metrics": {
            "alpha": null,
            "arithmetic_mean_ratio": null,
            "average_div_yld": null,
            "average_pb": null,
            "average_pe": null,
            "avg_maturity": "1.56 years",
            "beta": null,
            "correlation_ratio": null,
            "downside_deviation": null,
            "information_ratio": null,
            "macaulay": "1.47 years",
            "mod_duration": "1.42 years",
            "port_turnover_ratio": null,
            "r_squared_ratio": null,
            "roe_ratio": null,
            "sharpe": null,
            "sortino_ratio": null,
            "std_dev": "0.45",
            "tracking_error": null,
            "treynor_ratio": null,
            "upside_deviation": null,
            "ytm": null
        },
        "min_addl_amt": null,
        "min_addl_amt_multiple": null,
        "min_amt": "\u20b9 1,000",
        "min_amt_multiple": "\u20b9 1",
        "monthly_aaum_date": "3 1 - 0 3 - 2 0 2 5",
        "monthly_aaum_value": "\u20b9 114.65 Crores ",
        "mutual_fund_name": "Bandhan Mutual Fund",
        "page_number": [
            81
        ],
        "scheme_launch_date": "17 November, 2022 "
    },
    "Bandhan CRISIL IBX 9010 SDL Plus Gilt September 2027 Index Fund": {
        "amc_name": "Bandhan Asset Management Company Limited",
        "benchmark_index": "CRISIL IBX 90:10 SDL plus Gilt Index \u00b7 September 2027 ",
        "fund_manager": [],
        "load": {
            "entry_load": null,
            "exit_load": "Nil "
        },
        "main_scheme_name": "Bandhan CRISIL IBX 9010 SDL Plus Gilt September 2027 Index Fund",
        "metrics": {
            "alpha": null,
            "arithmetic_mean_ratio": null,
            "average_div_yld": null,
            "average_pb": null,
            "average_pe": null,
            "avg_maturity": "2.34 years",
            "beta": null,
            "correlation_ratio": null,
            "downside_deviation": null,
            "information_ratio": null,
            "macaulay": "2.16 years",
            "mod_duration": "2.09 years",
            "port_turnover_ratio": null,
            "r_squared_ratio": null,
            "roe_ratio": null,
            "sharpe": null,
            "sortino_ratio": null,
            "std_dev": "0.61",
            "tracking_error": null,
            "treynor_ratio": null,
            "upside_deviation": null,
            "ytm": null
        },
        "min_addl_amt": null,
        "min_addl_amt_multiple": null,
        "min_amt": "\u20b9 1,000",
        "min_amt_multiple": "\u20b9 1",
        "monthly_aaum_date": "3 1 - 0 3 - 2 0 2 5",
        "monthly_aaum_value": "\u20b9 151.91 Crores ",
        "mutual_fund_name": "Bandhan Mutual Fund",
        "page_number": [
            82
        ],
        "scheme_launch_date": "24 November, 2022 "
    },
    "Bandhan CRISIL IBX 9010 SDL Plus GiltApril 2032 Index Fund": {
        "amc_name": "Bandhan Asset Management Company Limited",
        "benchmark_index": "CRISIL IBX 90:10 SDL plus Gilt Index \u00b7 April 2032 ",
        "fund_manager": [],
        "load": {
            "entry_load": null,
            "exit_load": "Nil "
        },
        "main_scheme_name": "Bandhan CRISIL IBX 9010 SDL Plus GiltApril 2032 Index Fund",
        "metrics": {
            "alpha": null,
            "arithmetic_mean_ratio": null,
            "average_div_yld": null,
            "average_pb": null,
            "average_pe": null,
            "avg_maturity": "6.89 years",
            "beta": null,
            "correlation_ratio": null,
            "downside_deviation": null,
            "information_ratio": null,
            "macaulay": "5.40 years",
            "mod_duration": "5.22 years",
            "port_turnover_ratio": null,
            "r_squared_ratio": null,
            "roe_ratio": null,
            "sharpe": null,
            "sortino_ratio": null,
            "std_dev": "1.31",
            "tracking_error": null,
            "treynor_ratio": null,
            "upside_deviation": null,
            "ytm": null
        },
        "min_addl_amt": null,
        "min_addl_amt_multiple": null,
        "min_amt": "\u20b9 1,000",
        "min_amt_multiple": "\u20b9 1",
        "monthly_aaum_date": "3 1 - 0 3 - 2 0 2 5",
        "monthly_aaum_value": "\u20b9 553.23 Crores ",
        "mutual_fund_name": "Bandhan Mutual Fund",
        "page_number": [
            83
        ],
        "scheme_launch_date": "29 November, 2022 "
    }
}