{
    "CANARA ROBECO FLEXICAP FUND (CRFCF)": {
        "amc_name": "Canara Robeco Asset Management Company Limited",
        "benchmark_index": "BSE 500 TRI",
        "fund_manager": [
            {
                "managing_fund_since": "",
                "name": "Shridatta Bhandwaldar",
                "qualification": "",
                "total_exp": ""
            },
            {
                "managing_fund_since": "",
                "name": "Pranav Gokhale",
                "qualification": "",
                "total_exp": ""
            }
        ],
        "load": {
            "entry_load": "Nil",
            "exit_load": "1 - if redeemedswitched out within 1 year from the date of allotment. Nil  if redeemed  switched out after 1 year from the date of allotment."
        },
        "main_scheme_name": "CANARA ROBECO FLEXICAP FUND (CRFCF)",
        "metrics": {
            "alpha": null,
            "arithmetic_mean_ratio": null,
            "average_div_yld": null,
            "average_pb": null,
            "average_pe": null,
            "avg_maturity": null,
            "beta": "0.90",
            "correlation_ratio": null,
            "downside_deviation": null,
            "information_ratio": null,
            "macaulay": null,
            "mod_duration": null,
            "port_turnover_ratio": "0.3",
            "r_squared_ratio": null,
            "roe_ratio": null,
            "rsquared": "0.96",
            "sharpe": "0.29",
            "sortino_ratio": null,
            "std_dev": "13.75",
            "tracking_error": null,
            "treynor_ratio": null,
            "upside_deviation": null,
            "ytm": null
        },
        "min_addl_amt": "\u20b9 1000",
        "min_addl_amt_multiple": "\u20b9 1",
        "min_amt": "\u20b9 5000",
        "min_amt_multiple": "\u20b9 1",
        "monthly_aaum_date": "31-03-2025",
        "monthly_aaum_value": "\u20b9 11,995.21 Crores",
        "mutual_fund_name": "Canara Robeco Mutual Fund",
        "page_number": [
            8
        ],
        "scheme_launch_date": "September 16, 2003"
    },
    "CANARA ROBECO BLUE CHIP EQUITY FUND (CRBCEF)": {
        "amc_name": "Canara Robeco Asset Management Company Limited",
        "benchmark_index": "BSE 100 TRI",
        "fund_manager": [
            {
                "managing_fund_since": "",
                "name": "Shridatta Bhandwaldar",
                "qualification": "",
                "total_exp": ""
            },
            {
                "managing_fund_since": "",
                "name": "Vishal Mishra",
                "qualification": "",
                "total_exp": ""
            }
        ],
        "load": {
            "entry_load": "Nil",
            "exit_load": "1 - if redeemedswitched out within 1 year from the date of allotment. Nil  if redeemed  switched out after 1 year from the date of allotment"
        },
        "main_scheme_name": "CANARA ROBECO BLUE CHIP EQUITY FUND (CRBCEF)",
        "metrics": {
            "alpha": null,
            "arithmetic_mean_ratio": null,
            "average_div_yld": null,
            "average_pb": null,
            "average_pe": null,
            "avg_maturity": null,
            "beta": "0.88",
            "correlation_ratio": null,
            "downside_deviation": null,
            "information_ratio": null,
            "macaulay": null,
            "mod_duration": null,
            "port_turnover_ratio": "0.25",
            "r_squared_ratio": null,
            "roe_ratio": null,
            "rsquared": "0.97",
            "sharpe": "0.42",
            "sortino_ratio": null,
            "std_dev": "12.71",
            "tracking_error": null,
            "treynor_ratio": null,
            "upside_deviation": null,
            "ytm": null
        },
        "min_addl_amt": "\u20b9 1000",
        "min_addl_amt_multiple": "\u20b9 1",
        "min_amt": "\u20b9 5000",
        "min_amt_multiple": "\u20b9 1",
        "monthly_aaum_date": "31-03-2025",
        "monthly_aaum_value": "\u20b9 14,419.08 Crores",
        "mutual_fund_name": "Canara Robeco Mutual Fund",
        "page_number": [
            9
        ],
        "scheme_launch_date": "August 20, 2010"
    },
    "CANARA ROBECO EMERGING EQUITIES (CREE)": {
        "amc_name": "Canara Robeco Asset Management Company Limited",
        "benchmark_index": "NIFTY Large Midcap 250 TRI",
        "fund_manager": [
            {
                "managing_fund_since": "",
                "name": "Amit Nadekar",
                "qualification": "",
                "total_exp": ""
            },
            {
                "managing_fund_since": "",
                "name": "Shridatta Bhandwaldar",
                "qualification": "",
                "total_exp": ""
            }
        ],
        "load": {
            "entry_load": "Nil",
            "exit_load": "1 - If redeemedswitched out within 1 year from the date of allotment  Source ICRA MFI Explorer   Monthend AUM as on 28.02. management fees.  Please refer page no. 59 for Definition"
        },
        "main_scheme_name": "CANARA ROBECO EMERGING EQUITIES (CREE)",
        "metrics": {
            "alpha": null,
            "arithmetic_mean_ratio": null,
            "average_div_yld": null,
            "average_pb": null,
            "average_pe": null,
            "avg_maturity": null,
            "beta": "0.92",
            "correlation_ratio": null,
            "downside_deviation": null,
            "information_ratio": null,
            "macaulay": null,
            "mod_duration": null,
            "port_turnover_ratio": "0.64",
            "r_squared_ratio": null,
            "roe_ratio": null,
            "rsquared": "0.92",
            "sharpe": "0.41",
            "sortino_ratio": null,
            "std_dev": "14.90",
            "tracking_error": null,
            "treynor_ratio": null,
            "upside_deviation": null,
            "ytm": null
        },
        "min_addl_amt": "\u20b9 1000",
        "min_addl_amt_multiple": "\u20b9 1",
        "min_amt": "\u20b9 5000",
        "min_amt_multiple": "\u20b9 1",
        "monthly_aaum_date": "31-03-2025",
        "monthly_aaum_value": "\u20b9 22,726.44 Crores",
        "mutual_fund_name": "Canara Robeco Mutual Fund",
        "page_number": [
            10
        ],
        "scheme_launch_date": "March 11, 2005"
    },
    "CANARA ROBECO SMALL CAP FUND (CRSCF)": {
        "amc_name": "Canara Robeco Asset Management Company Limited",
        "benchmark_index": "Nifty Smallcap 250 Index TRI",
        "fund_manager": [
            {
                "managing_fund_since": "",
                "name": "Pranav Gokhale",
                "qualification": "",
                "total_exp": ""
            },
            {
                "managing_fund_since": "",
                "name": "Shridatta Bhandwaldar",
                "qualification": "",
                "total_exp": ""
            }
        ],
        "load": {
            "entry_load": "Nil",
            "exit_load": "In respect of each purchase  switch-in of units,1 - if Units are redeemed  switched-out within 1  12 Source ICRA MFI Ex"
        },
        "main_scheme_name": "CANARA ROBECO SMALL CAP FUND (CRSCF)",
        "metrics": {
            "alpha": null,
            "arithmetic_mean_ratio": null,
            "average_div_yld": null,
            "average_pb": null,
            "average_pe": null,
            "avg_maturity": null,
            "beta": "0.78",
            "correlation_ratio": null,
            "downside_deviation": null,
            "information_ratio": null,
            "macaulay": null,
            "mod_duration": null,
            "port_turnover_ratio": "0.26",
            "r_squared_ratio": null,
            "roe_ratio": null,
            "rsquared": "0.93",
            "sharpe": "0.42",
            "sortino_ratio": null,
            "std_dev": "17.07",
            "tracking_error": null,
            "treynor_ratio": null,
            "upside_deviation": null,
            "ytm": null
        },
        "min_addl_amt": "\u20b9 1000",
        "min_addl_amt_multiple": "\u20b9 1",
        "min_amt": "\u20b9 5000",
        "min_amt_multiple": "\u20b9 1",
        "monthly_aaum_date": "31-03-2025",
        "monthly_aaum_value": "\u20b9 11,047.45 Crores",
        "mutual_fund_name": "Canara Robeco Mutual Fund",
        "page_number": [
            11
        ],
        "scheme_launch_date": "February 15, 2019"
    },
    "CANARA ROBECO INFRASTRUCTURE (CRI)": {
        "amc_name": "Canara Robeco Asset Management Company Limited",
        "benchmark_index": "BSE India Infrastructure TRI  Source ICRA MFI Explorer   Monthend AUM as on 28.02. management fees.  Please refer page no. 59 for Definition",
        "fund_manager": [
            {
                "managing_fund_since": "",
                "name": "Vishal Mishra",
                "qualification": "",
                "total_exp": ""
            },
            {
                "managing_fund_since": "",
                "name": "Shridatta Bhandwaldar",
                "qualification": "",
                "total_exp": ""
            }
        ],
        "load": {
            "entry_load": "Nil",
            "exit_load": "1 - if redeemedswitched out within 1 year from the date of allotment. Nil  if redeemed  switched out after 1 year from the date of allotment"
        },
        "main_scheme_name": "CANARA ROBECO INFRASTRUCTURE (CRI)",
        "metrics": {
            "alpha": null,
            "arithmetic_mean_ratio": null,
            "average_div_yld": null,
            "average_pb": null,
            "average_pe": null,
            "avg_maturity": null,
            "beta": "0.63",
            "correlation_ratio": null,
            "downside_deviation": null,
            "information_ratio": null,
            "macaulay": null,
            "mod_duration": null,
            "port_turnover_ratio": "0.37",
            "r_squared_ratio": null,
            "roe_ratio": null,
            "rsquared": "0.67",
            "sharpe": "0.68",
            "sortino_ratio": null,
            "std_dev": "18.73",
            "tracking_error": null,
            "treynor_ratio": null,
            "upside_deviation": null,
            "ytm": null
        },
        "min_addl_amt": "\u20b9 1000",
        "min_addl_amt_multiple": "\u20b9 1",
        "min_amt": "\u20b9 5000",
        "min_amt_multiple": "\u20b9 1",
        "monthly_aaum_date": "31-03-2025",
        "monthly_aaum_value": "\u20b9 767.66 Crores",
        "mutual_fund_name": "Canara Robeco Mutual Fund",
        "page_number": [
            12
        ],
        "scheme_launch_date": "December 2, 2005"
    },
    "CANARA ROBECO CONSUMER TRENDS FUND (CRCTF)": {
        "amc_name": "Canara Robeco Asset Management Company Limited",
        "benchmark_index": "BSE 100 TRI",
        "fund_manager": [
            {
                "managing_fund_since": "",
                "name": "Ennette Fernandes",
                "qualification": "",
                "total_exp": ""
            },
            {
                "managing_fund_since": "",
                "name": "Shridatta Bhandwaldar",
                "qualification": "",
                "total_exp": ""
            }
        ],
        "load": {
            "entry_load": "Nil",
            "exit_load": "1 - If redeemedswitched out within 1 year from the date of allotment. Nil - if redeemedswitched out after 1 year from the date of allotment 14"
        },
        "main_scheme_name": "CANARA ROBECO CONSUMER TRENDS FUND (CRCTF)",
        "metrics": {
            "alpha": null,
            "arithmetic_mean_ratio": null,
            "average_div_yld": null,
            "average_pb": null,
            "average_pe": null,
            "avg_maturity": null,
            "beta": "0.91",
            "correlation_ratio": null,
            "downside_deviation": null,
            "information_ratio": null,
            "macaulay": null,
            "mod_duration": null,
            "port_turnover_ratio": "0.22",
            "r_squared_ratio": null,
            "roe_ratio": null,
            "rsquared": "0.81",
            "sharpe": "0.57",
            "sortino_ratio": null,
            "std_dev": "14.33",
            "tracking_error": null,
            "treynor_ratio": null,
            "upside_deviation": null,
            "ytm": null
        },
        "min_addl_amt": "\u20b9 1000",
        "min_addl_amt_multiple": "\u20b9 1",
        "min_amt": "\u20b9 5000",
        "min_amt_multiple": "\u20b9 1",
        "monthly_aaum_date": "31-03-2025",
        "monthly_aaum_value": "\u20b9 1,653.65 Crores",
        "mutual_fund_name": "Canara Robeco Mutual Fund",
        "page_number": [
            13
        ],
        "scheme_launch_date": "September 14, 2009"
    },
    "CANARA ROBECO ELSS TAX SAVER (CRETS)": {
        "amc_name": "Canara Robeco Asset Management Company Limited",
        "benchmark_index": "BSE 500 TRI",
        "fund_manager": [
            {
                "managing_fund_since": "",
                "name": "Vishal Mishra",
                "qualification": "",
                "total_exp": ""
            },
            {
                "managing_fund_since": "",
                "name": "Shridatta Bhandwaldar",
                "qualification": "",
                "total_exp": ""
            }
        ],
        "load": {
            "entry_load": "Nil",
            "exit_load": "Nil"
        },
        "main_scheme_name": "CANARA ROBECO ELSS TAX SAVER (CRETS)",
        "metrics": {
            "alpha": null,
            "arithmetic_mean_ratio": null,
            "average_div_yld": null,
            "average_pb": null,
            "average_pe": null,
            "avg_maturity": null,
            "beta": "0.90",
            "correlation_ratio": null,
            "downside_deviation": null,
            "information_ratio": null,
            "macaulay": null,
            "mod_duration": null,
            "port_turnover_ratio": "0.29",
            "r_squared_ratio": null,
            "roe_ratio": null,
            "rsquared": "0.96",
            "sharpe": "0.33",
            "sortino_ratio": null,
            "std_dev": "13.84",
            "tracking_error": null,
            "treynor_ratio": null,
            "upside_deviation": null,
            "ytm": null
        },
        "min_addl_amt": "\u20b9 500",
        "min_addl_amt_multiple": "\u20b9 1",
        "min_amt": "\u20b9 500",
        "min_amt_multiple": "\u20b9 1",
        "monthly_aaum_date": "31-03-2025",
        "monthly_aaum_value": "\u20b9 8,161.37 Crores",
        "mutual_fund_name": "Canara Robeco Mutual Fund",
        "page_number": [
            14
        ],
        "scheme_launch_date": "March 31, 1993"
    },
    "CANARA ROBECO FOCUSED EQUITY FUND (CRFEF)": {
        "amc_name": "Canara Robeco Asset Management Company Limited",
        "benchmark_index": "BSE 500 TRI",
        "fund_manager": [
            {
                "managing_fund_since": "",
                "name": "Shridatta Bhandwaldar",
                "qualification": "",
                "total_exp": ""
            },
            {
                "managing_fund_since": "",
                "name": "Amit Kadam",
                "qualification": "",
                "total_exp": ""
            }
        ],
        "load": {
            "entry_load": "Nil",
            "exit_load": "1 - If redeemedswitched out within 365 days from the date of allotment. Nil - if redeemedswitched out after 365 days from the date of allotment"
        },
        "main_scheme_name": "CANARA ROBECO FOCUSED EQUITY FUND (CRFEF)",
        "metrics": {
            "alpha": null,
            "arithmetic_mean_ratio": null,
            "average_div_yld": null,
            "average_pb": null,
            "average_pe": null,
            "avg_maturity": null,
            "beta": "0.87",
            "correlation_ratio": null,
            "downside_deviation": null,
            "information_ratio": null,
            "macaulay": null,
            "mod_duration": null,
            "port_turnover_ratio": "0.5",
            "r_squared_ratio": null,
            "roe_ratio": null,
            "rsquared": "0.92",
            "sharpe": "0.51",
            "sortino_ratio": null,
            "std_dev": "13.63",
            "tracking_error": null,
            "treynor_ratio": null,
            "upside_deviation": null,
            "ytm": null
        },
        "min_addl_amt": "\u20b9 1000.00",
        "min_addl_amt_multiple": "\u20b9 1.00",
        "min_amt": "\u20b9 5,000.00",
        "min_amt_multiple": "\u20b9 1.00",
        "monthly_aaum_date": "31-03-2025",
        "monthly_aaum_value": "\u20b9 2,396.64 Crores",
        "mutual_fund_name": "Canara Robeco Mutual Fund",
        "page_number": [
            15
        ],
        "scheme_launch_date": "May 17, 2021"
    },
    "CANARA ROBECO VALUE FUND (CRVF)": {
        "amc_name": "Canara Robeco Asset Management Company Limited",
        "benchmark_index": "BSE 500 TRI",
        "fund_manager": [
            {
                "managing_fund_since": "",
                "name": "Vishal Mishra",
                "qualification": "",
                "total_exp": ""
            },
            {
                "managing_fund_since": "",
                "name": "Silky Jain",
                "qualification": "",
                "total_exp": ""
            }
        ],
        "load": {
            "entry_load": "Nil  Source ICRA MFI Explorer   Monthend AUM as on 28.02. GST on investment management fees.  Please refer page n",
            "exit_load": "1 - If redeemedswitched out within 365 days from the date of allotment. Nil - if redeemedswitched out after 365 days from the date of allotment"
        },
        "main_scheme_name": "CANARA ROBECO VALUE FUND (CRVF)",
        "metrics": {
            "alpha": null,
            "arithmetic_mean_ratio": null,
            "average_div_yld": null,
            "average_pb": null,
            "average_pe": null,
            "avg_maturity": null,
            "beta": "0.90",
            "correlation_ratio": null,
            "downside_deviation": null,
            "information_ratio": null,
            "macaulay": null,
            "mod_duration": null,
            "port_turnover_ratio": "0.4",
            "r_squared_ratio": null,
            "roe_ratio": null,
            "rsquared": "0.95",
            "sharpe": "0.70",
            "sortino_ratio": null,
            "std_dev": "13.93",
            "tracking_error": null,
            "treynor_ratio": null,
            "upside_deviation": null,
            "ytm": null
        },
        "min_addl_amt": "\u20b9 1000.00",
        "min_addl_amt_multiple": "\u20b9 1.00",
        "min_amt": "\u20b9 5,000.00",
        "min_amt_multiple": "\u20b9 1.00",
        "monthly_aaum_date": "31-03-2025",
        "monthly_aaum_value": "\u20b9 1,171.23 Crores",
        "mutual_fund_name": "Canara Robeco Mutual Fund",
        "page_number": [
            16
        ],
        "scheme_launch_date": "September 03, 2021"
    },
    "CANARA ROBECO MID CAP FUND (CRMCF)": {
        "amc_name": "Canara Robeco Asset Management Company Limited",
        "benchmark_index": "BSE 150 Mid Cap TRI",
        "fund_manager": [
            {
                "managing_fund_since": "",
                "name": "Pranav Gokhale",
                "qualification": "",
                "total_exp": ""
            },
            {
                "managing_fund_since": "",
                "name": "Shridatta Bhandwaldar",
                "qualification": "",
                "total_exp": ""
            }
        ],
        "load": {
            "entry_load": "N.A",
            "exit_load": "In respect of each purchase  switch-in of units 1 - If redeemedswitched out within 365 days from the date of allotment. Nil - if redeemedswitched out after 365 days from the date of allotment"
        },
        "main_scheme_name": "CANARA ROBECO MID CAP FUND (CRMCF)",
        "metrics": {
            "alpha": null,
            "arithmetic_mean_ratio": null,
            "average_div_yld": null,
            "average_pb": null,
            "average_pe": null,
            "avg_maturity": null,
            "beta": null,
            "correlation_ratio": null,
            "downside_deviation": null,
            "information_ratio": null,
            "macaulay": null,
            "mod_duration": null,
            "port_turnover_ratio": null,
            "r_squared_ratio": null,
            "roe_ratio": null,
            "sharpe": null,
            "sortino_ratio": null,
            "std_dev": null,
            "tracking_error": null,
            "treynor_ratio": null,
            "upside_deviation": null,
            "ytm": null
        },
        "min_addl_amt": "\u20b9 1000.00",
        "min_addl_amt_multiple": "\u20b9 1.00",
        "min_amt": "\u20b9 5,000.00",
        "min_amt_multiple": "\u20b9 1.00",
        "monthly_aaum_date": "31-03-2025",
        "monthly_aaum_value": "\u20b9 2,535.20 Crores",
        "mutual_fund_name": "Canara Robeco Mutual Fund",
        "page_number": [
            17
        ],
        "scheme_launch_date": "December 02, 2022"
    },
    "CANARA ROBECO MULTI CAP FUND (CRMUCF)": {
        "amc_name": "Canara Robeco Asset Management Company Limited",
        "benchmark_index": "NIFTY 500 Multicap 502525 Index TRI",
        "fund_manager": [
            {
                "managing_fund_since": "",
                "name": "Shridatta Bhandwaldar",
                "qualification": "",
                "total_exp": ""
            },
            {
                "managing_fund_since": "",
                "name": "Vishal Mishra",
                "qualification": "",
                "total_exp": ""
            }
        ],
        "load": {
            "entry_load": "Nil",
            "exit_load": "1 - If redeemedswitched out within 365 days from the date of allotment. Nil - if redeemedswitched out after 365 days from the date of allotment"
        },
        "main_scheme_name": "CANARA ROBECO MULTI CAP FUND (CRMUCF)",
        "metrics": {
            "alpha": null,
            "arithmetic_mean_ratio": null,
            "average_div_yld": null,
            "average_pb": null,
            "average_pe": null,
            "avg_maturity": null,
            "beta": null,
            "correlation_ratio": null,
            "downside_deviation": null,
            "information_ratio": null,
            "macaulay": null,
            "mod_duration": null,
            "port_turnover_ratio": null,
            "r_squared_ratio": null,
            "roe_ratio": null,
            "sharpe": null,
            "sortino_ratio": null,
            "std_dev": null,
            "tracking_error": null,
            "treynor_ratio": null,
            "upside_deviation": null,
            "ytm": null
        },
        "min_addl_amt": null,
        "min_addl_amt_multiple": null,
        "min_amt": "\u20b9 5,000.00",
        "min_amt_multiple": "\u20b9 1.00",
        "monthly_aaum_date": "31-03-2025",
        "monthly_aaum_value": "\u20b9 3,724.70 Crores",
        "mutual_fund_name": "Canara Robeco Mutual Fund",
        "page_number": [
            18
        ],
        "scheme_launch_date": "28th July 2023"
    },
    "CANARA ROBECO MANUFACTURING FUND (CRMTF)": {
        "amc_name": "Canara Robeco Asset Management Company Limited",
        "benchmark_index": "Nifty India Manufacturing TRI",
        "fund_manager": [
            {
                "managing_fund_since": "",
                "name": "Pranav Gokhale",
                "qualification": "",
                "total_exp": ""
            },
            {
                "managing_fund_since": "",
                "name": "Shridatta Bhandwaldar",
                "qualification": "",
                "total_exp": ""
            }
        ],
        "load": {
            "entry_load": "Nil",
            "exit_load": "1 - If redeemedswitched out within 365 days from the date of allotment. 20"
        },
        "main_scheme_name": "CANARA ROBECO MANUFACTURING FUND (CRMTF)",
        "metrics": {
            "alpha": null,
            "arithmetic_mean_ratio": null,
            "average_div_yld": null,
            "average_pb": null,
            "average_pe": null,
            "avg_maturity": null,
            "beta": null,
            "correlation_ratio": null,
            "downside_deviation": null,
            "information_ratio": null,
            "macaulay": null,
            "mod_duration": null,
            "port_turnover_ratio": null,
            "r_squared_ratio": null,
            "roe_ratio": null,
            "sharpe": null,
            "sortino_ratio": null,
            "std_dev": null,
            "tracking_error": null,
            "treynor_ratio": null,
            "upside_deviation": null,
            "ytm": null
        },
        "min_addl_amt": null,
        "min_addl_amt_multiple": null,
        "min_amt": "\u20b9 5,000",
        "min_amt_multiple": "\u20b9 1",
        "monthly_aaum_date": "31-03-2025",
        "monthly_aaum_value": "\u20b9 1,505.72 Crores",
        "mutual_fund_name": "Canara Robeco Mutual Fund",
        "page_number": [
            19
        ],
        "scheme_launch_date": "11th March 2024"
    },
    "CANARA ROBECO OVERNIGHT FUND (CROF)": {
        "amc_name": "Canara Robeco Asset Management Company Limited",
        "benchmark_index": "CRISIL Liquid Overnight Index",
        "fund_manager": [
            {
                "managing_fund_since": "",
                "name": "Suman Prasad",
                "qualification": "",
                "total_exp": ""
            }
        ],
        "load": {
            "entry_load": "Nil",
            "exit_load": "Nil"
        },
        "main_scheme_name": "CANARA ROBECO OVERNIGHT FUND (CROF)",
        "metrics": {
            "": "98.82",
            "alpha": null,
            "arithmetic_mean_ratio": null,
            "average_div_yld": null,
            "average_pb": null,
            "average_pe": null,
            "avg_maturity": null,
            "beta": null,
            "correlation_ratio": null,
            "downside_deviation": null,
            "information_ratio": null,
            "macaulay": null,
            "mod_duration": null,
            "port_turnover_ratio": null,
            "r_squared_ratio": null,
            "roe_ratio": null,
            "sharpe": null,
            "sortino_ratio": null,
            "std_dev": null,
            "tracking_error": null,
            "treynor_ratio": null,
            "upside_deviation": null,
            "ytm": null
        },
        "min_addl_amt": null,
        "min_addl_amt_multiple": null,
        "min_amt": "\u20b9 5,000.00",
        "min_amt_multiple": "\u20b9 1.00",
        "monthly_aaum_date": "31-03-2025",
        "monthly_aaum_value": "\u20b9 424.49 Crores",
        "mutual_fund_name": "Canara Robeco Mutual Fund",
        "page_number": [
            20
        ],
        "scheme_launch_date": "24th July, 2019"
    },
    "CANARA ROBECO LIQUID FUND (CRL)": {
        "amc_name": "Canara Robeco Asset Management Company Limited",
        "benchmark_index": "CRISIL Liquid Debt A-I Index",
        "fund_manager": [
            {
                "managing_fund_since": "",
                "name": "Kunal Jain",
                "qualification": "",
                "total_exp": ""
            },
            {
                "managing_fund_since": "",
                "name": "Avnish Jain",
                "qualification": "",
                "total_exp": ""
            }
        ],
        "load": {
            "entry_load": "Nil",
            "exit_load": "If redeemed on Day 1 - Exit Load is 0.0070 If redeemed on Day 2 -Exit Load is 0.0065 If redeemed on Day 3 -Exit Load is 0.0060 If redeemed on Day 4 -Exit Load is 0.0055 If redeemed on Day 5 -Exit Load is 0.0050 If redeemed on Day 6 -Exit Load is 0.0045 If redeemed on or after Day 7 -  Exit Load is Nil"
        },
        "main_scheme_name": "CANARA ROBECO LIQUID FUND (CRL)",
        "metrics": {
            "alpha": null,
            "arithmetic_mean_ratio": null,
            "average_div_yld": null,
            "average_pb": null,
            "average_pe": null,
            "avg_maturity": "0.09 Years",
            "beta": null,
            "correlation_ratio": null,
            "downside_deviation": null,
            "information_ratio": null,
            "macaulay": "0.09 Years",
            "mod_duration": "0.08 Years",
            "port_turnover_ratio": null,
            "r_squared_ratio": null,
            "roe_ratio": null,
            "sharpe": null,
            "sortino_ratio": null,
            "std_dev": null,
            "tracking_error": null,
            "treynor_ratio": null,
            "upside_deviation": null,
            "ytm": "7.03"
        },
        "min_addl_amt": "\u20b9 1000",
        "min_addl_amt_multiple": "\u20b9 1",
        "min_amt": "\u20b9 5000",
        "min_amt_multiple": "\u20b9 1",
        "monthly_aaum_date": "31-03-2025",
        "monthly_aaum_value": "\u20b9 4,942.74 Crores",
        "mutual_fund_name": "Canara Robeco Mutual Fund",
        "page_number": [
            21
        ],
        "scheme_launch_date": "January 15, 2002"
    },
    "CANARA ROBECO ULTRA SHORT TERM FUND (CRUSTF)": {
        "amc_name": "Canara Robeco Asset Management Company Limited",
        "benchmark_index": "CRISIL Ultra Short Duration Debt A-I Index",
        "fund_manager": [
            {
                "managing_fund_since": "",
                "name": "Kunal Jain",
                "qualification": "",
                "total_exp": ""
            },
            {
                "managing_fund_since": "",
                "name": "Avnish Jain",
                "qualification": "",
                "total_exp": ""
            }
        ],
        "load": {
            "entry_load": "Nil",
            "exit_load": "Nil"
        },
        "main_scheme_name": "CANARA ROBECO ULTRA SHORT TERM FUND (CRUSTF)",
        "metrics": {
            "alpha": null,
            "arithmetic_mean_ratio": null,
            "average_div_yld": null,
            "average_pb": null,
            "average_pe": null,
            "avg_maturity": "0.67 Years",
            "beta": null,
            "correlation_ratio": null,
            "downside_deviation": null,
            "information_ratio": null,
            "macaulay": "0.42 Years",
            "mod_duration": "0.39 Years",
            "port_turnover_ratio": null,
            "r_squared_ratio": null,
            "roe_ratio": null,
            "sharpe": null,
            "sortino_ratio": null,
            "std_dev": null,
            "tracking_error": null,
            "treynor_ratio": null,
            "upside_deviation": null,
            "ytm": "7.39"
        },
        "min_addl_amt": "\u20b9 500",
        "min_addl_amt_multiple": "\u20b9 1",
        "min_amt": "\u20b9 500",
        "min_amt_multiple": "\u20b9 1",
        "monthly_aaum_date": "31-03-2025",
        "monthly_aaum_value": "\u20b9 512.43 Crores",
        "mutual_fund_name": "Canara Robeco Mutual Fund",
        "page_number": [
            22
        ],
        "scheme_launch_date": "September 16, 2003"
    },
    "CANARA ROBECO SAVINGS FUND (CRSF)": {
        "amc_name": "Canara Robeco Asset Management Company Limited",
        "benchmark_index": "CRISIL Low Duration Debt A-I Index",
        "fund_manager": [
            {
                "managing_fund_since": "",
                "name": "Kunal Jain",
                "qualification": "",
                "total_exp": ""
            },
            {
                "managing_fund_since": "",
                "name": "Avnish Jain",
                "qualification": "",
                "total_exp": ""
            }
        ],
        "load": {
            "entry_load": "Nil",
            "exit_load": "Nil"
        },
        "main_scheme_name": "CANARA ROBECO SAVINGS FUND (CRSF)",
        "metrics": {
            "alpha": null,
            "arithmetic_mean_ratio": null,
            "average_div_yld": null,
            "average_pb": null,
            "average_pe": null,
            "avg_maturity": "0.84 Years",
            "beta": null,
            "correlation_ratio": null,
            "downside_deviation": null,
            "information_ratio": null,
            "macaulay": "0.79 Years",
            "mod_duration": "0.74 Years",
            "port_turnover_ratio": null,
            "r_squared_ratio": null,
            "roe_ratio": null,
            "sharpe": null,
            "sortino_ratio": null,
            "std_dev": null,
            "tracking_error": null,
            "treynor_ratio": null,
            "upside_deviation": null,
            "ytm": "7.58"
        },
        "min_addl_amt": "\u20b9 1000",
        "min_addl_amt_multiple": "\u20b9 1",
        "min_amt": "\u20b9 5000",
        "min_amt_multiple": "\u20b9 1",
        "monthly_aaum_date": "31-03-2025",
        "monthly_aaum_value": "\u20b9 800.96 Crores",
        "mutual_fund_name": "Canara Robeco Mutual Fund",
        "page_number": [
            23
        ],
        "scheme_launch_date": "March 4, 2005"
    },
    "CANARA ROBECO SHORT DURATION FUND (CRSDF)": {
        "amc_name": "Canara Robeco Asset Management Company Limited",
        "benchmark_index": "CRISIL Short Duration Debt A-II Index",
        "fund_manager": [
            {
                "managing_fund_since": "",
                "name": "Suman Prasad",
                "qualification": "",
                "total_exp": ""
            },
            {
                "managing_fund_since": "",
                "name": "Avnish Jain",
                "qualification": "",
                "total_exp": ""
            }
        ],
        "load": {
            "entry_load": "Nil",
            "exit_load": "Nil  Source ICRA MFI Explorer  Monthend AUM as on 28.02 GST on investment management fees. Please refer page January 07, 2025 for change in the risk-o-meter of the benc"
        },
        "main_scheme_name": "CANARA ROBECO SHORT DURATION FUND (CRSDF)",
        "metrics": {
            "": "44.58",
            "alpha": null,
            "arithmetic_mean_ratio": null,
            "average_div_yld": null,
            "average_pb": null,
            "average_pe": null,
            "avg_maturity": null,
            "beta": null,
            "correlation_ratio": null,
            "downside_deviation": null,
            "information_ratio": null,
            "macaulay": null,
            "mod_duration": null,
            "port_turnover_ratio": null,
            "r_squared_ratio": null,
            "roe_ratio": null,
            "sharpe": null,
            "sortino_ratio": null,
            "std_dev": null,
            "tracking_error": null,
            "treynor_ratio": null,
            "upside_deviation": null,
            "ytm": null
        },
        "min_addl_amt": "\u20b9 1000",
        "min_addl_amt_multiple": "\u20b9 1",
        "min_amt": "\u20b9 5000",
        "min_amt_multiple": "\u20b9 1",
        "monthly_aaum_date": "31-03-2025",
        "monthly_aaum_value": "\u20b9 338.32 Crores",
        "mutual_fund_name": "Canara Robeco Mutual Fund",
        "page_number": [
            24
        ],
        "scheme_launch_date": "25 April, 2011"
    },
    "CANARA ROBECO INCOME FUND (CRINC)": {
        "amc_name": "Canara Robeco Asset Management Company Limited",
        "benchmark_index": "CRISIL Medium to Long Duration Debt A-III Index 26",
        "fund_manager": [
            {
                "managing_fund_since": "",
                "name": "Avnish Jain",
                "qualification": "",
                "total_exp": ""
            },
            {
                "managing_fund_since": "",
                "name": "Kunal Jain",
                "qualification": "",
                "total_exp": ""
            }
        ],
        "load": {
            "entry_load": "Nil",
            "exit_load": "Nil"
        },
        "main_scheme_name": "CANARA ROBECO INCOME FUND (CRINC)",
        "metrics": {
            "": "77.02",
            "alpha": null,
            "arithmetic_mean_ratio": null,
            "average_div_yld": null,
            "average_pb": null,
            "average_pe": null,
            "avg_maturity": null,
            "beta": null,
            "correlation_ratio": null,
            "downside_deviation": null,
            "information_ratio": null,
            "macaulay": null,
            "mod_duration": null,
            "port_turnover_ratio": null,
            "r_squared_ratio": null,
            "roe_ratio": null,
            "sharpe": null,
            "sortino_ratio": null,
            "std_dev": null,
            "tracking_error": null,
            "treynor_ratio": null,
            "upside_deviation": null,
            "ytm": null
        },
        "min_addl_amt": "\u20b9 1000",
        "min_addl_amt_multiple": "\u20b9 1",
        "min_amt": "\u20b9 5000",
        "min_amt_multiple": "\u20b9 1",
        "monthly_aaum_date": "31-03-2025",
        "monthly_aaum_value": "\u20b9 119.32 Crores",
        "mutual_fund_name": "Canara Robeco Mutual Fund",
        "page_number": [
            25
        ],
        "scheme_launch_date": "September 19, 2002"
    },
    "CANARA ROBECO DYNAMIC BOND FUND (CRDBF)": {
        "amc_name": "Canara Robeco Asset Management Company Limited",
        "benchmark_index": "CRISIL Dynamic Bond A-III Index",
        "fund_manager": [
            {
                "managing_fund_since": "",
                "name": "Kunal Jain",
                "qualification": "",
                "total_exp": ""
            },
            {
                "managing_fund_since": "",
                "name": "Avnish Jain",
                "qualification": "",
                "total_exp": ""
            }
        ],
        "load": {
            "entry_load": "Nil",
            "exit_load": "Nil"
        },
        "main_scheme_name": "CANARA ROBECO DYNAMIC BOND FUND (CRDBF)",
        "metrics": {
            "": "94.45",
            "alpha": null,
            "arithmetic_mean_ratio": null,
            "average_div_yld": null,
            "average_pb": null,
            "average_pe": null,
            "avg_maturity": null,
            "beta": null,
            "correlation_ratio": null,
            "downside_deviation": null,
            "information_ratio": null,
            "macaulay": null,
            "mod_duration": null,
            "port_turnover_ratio": null,
            "r_squared_ratio": null,
            "roe_ratio": null,
            "sharpe": null,
            "sortino_ratio": null,
            "std_dev": null,
            "tracking_error": null,
            "treynor_ratio": null,
            "upside_deviation": null,
            "ytm": null
        },
        "min_addl_amt": "\u20b9 1000",
        "min_addl_amt_multiple": "\u20b9 1",
        "min_amt": "\u20b9 5000",
        "min_amt_multiple": "\u20b9 1",
        "monthly_aaum_date": "31-03-2025",
        "monthly_aaum_value": "\u20b9 124.20  Crores",
        "mutual_fund_name": "Canara Robeco Mutual Fund",
        "page_number": [
            26
        ],
        "scheme_launch_date": "May 29, 2009"
    },
    "CANARA ROBECO CORPORATE BOND FUND (CRCBF)": {
        "amc_name": "Canara Robeco Asset Management Company Limited",
        "benchmark_index": "CRISIL Corporate Debt A-II Index",
        "fund_manager": [
            {
                "managing_fund_since": "",
                "name": "Avnish Jain",
                "qualification": "",
                "total_exp": ""
            },
            {
                "managing_fund_since": "",
                "name": "Suman Prasad",
                "qualification": "",
                "total_exp": ""
            }
        ],
        "load": {
            "entry_load": "Nil",
            "exit_load": "Nil"
        },
        "main_scheme_name": "CANARA ROBECO CORPORATE BOND FUND (CRCBF)",
        "metrics": {
            "": "50.88",
            "alpha": null,
            "arithmetic_mean_ratio": null,
            "average_div_yld": null,
            "average_pb": null,
            "average_pe": null,
            "avg_maturity": null,
            "beta": null,
            "correlation_ratio": null,
            "downside_deviation": null,
            "information_ratio": null,
            "macaulay": null,
            "mod_duration": null,
            "port_turnover_ratio": null,
            "r_squared_ratio": null,
            "roe_ratio": null,
            "sharpe": null,
            "sortino_ratio": null,
            "std_dev": null,
            "tracking_error": null,
            "treynor_ratio": null,
            "upside_deviation": null,
            "ytm": null
        },
        "min_addl_amt": "\u20b9 1000",
        "min_addl_amt_multiple": "\u20b9 1",
        "min_amt": "\u20b9 5000",
        "min_amt_multiple": "\u20b9 1",
        "monthly_aaum_date": "31-03-2025",
        "monthly_aaum_value": "\u20b9 121.90 Crores",
        "mutual_fund_name": "Canara Robeco Mutual Fund",
        "page_number": [
            27
        ],
        "scheme_launch_date": "7th February, 2014"
    },
    "CANARA ROBECO GILT FUND (CRGILT)": {
        "amc_name": "Canara Robeco Asset Management Company Limited",
        "benchmark_index": "CRISIL Dynamic Gilt Index",
        "fund_manager": [
            {
                "managing_fund_since": "",
                "name": "Kunal Jain",
                "qualification": "",
                "total_exp": ""
            },
            {
                "managing_fund_since": "",
                "name": "Avnish Jain",
                "qualification": "",
                "total_exp": ""
            }
        ],
        "load": {
            "entry_load": "Nil",
            "exit_load": "Nil"
        },
        "main_scheme_name": "CANARA ROBECO GILT FUND (CRGILT)",
        "metrics": {
            "": "96.78",
            "alpha": null,
            "arithmetic_mean_ratio": null,
            "average_div_yld": null,
            "average_pb": null,
            "average_pe": null,
            "avg_maturity": null,
            "beta": null,
            "correlation_ratio": null,
            "downside_deviation": null,
            "information_ratio": null,
            "macaulay": null,
            "mod_duration": null,
            "port_turnover_ratio": null,
            "r_squared_ratio": null,
            "roe_ratio": null,
            "sharpe": null,
            "sortino_ratio": null,
            "std_dev": null,
            "tracking_error": null,
            "treynor_ratio": null,
            "upside_deviation": null,
            "ytm": null
        },
        "min_addl_amt": "\u20b9 1000",
        "min_addl_amt_multiple": "\u20b9 1",
        "min_amt": "\u20b9 5000",
        "min_amt_multiple": "\u20b9 1",
        "monthly_aaum_date": "31-03-2025",
        "monthly_aaum_value": "\u20b9 137.51 Crores",
        "mutual_fund_name": "Canara Robeco Mutual Fund",
        "page_number": [
            28
        ],
        "scheme_launch_date": "December 29, 1999"
    },
    "CANARA ROBECO BANKING AND PSU DEBT FUND (CRBPDF)": {
        "amc_name": "Canara Robeco Asset Management Company Limited",
        "benchmark_index": "CRISIL Banking and PSU Debt A-II Index",
        "fund_manager": [
            {
                "managing_fund_since": "",
                "name": "Suman Prasad",
                "qualification": "",
                "total_exp": ""
            },
            {
                "managing_fund_since": "",
                "name": "Avnish Jain",
                "qualification": "",
                "total_exp": ""
            }
        ],
        "load": {
            "entry_load": "NA",
            "exit_load": "Nil"
        },
        "main_scheme_name": "CANARA ROBECO BANKING AND PSU DEBT FUND (CRBPDF)",
        "metrics": {
            "": "40.65",
            "alpha": null,
            "arithmetic_mean_ratio": null,
            "average_div_yld": null,
            "average_pb": null,
            "average_pe": null,
            "avg_maturity": null,
            "beta": null,
            "correlation_ratio": null,
            "downside_deviation": null,
            "information_ratio": null,
            "macaulay": null,
            "mod_duration": null,
            "port_turnover_ratio": null,
            "r_squared_ratio": null,
            "roe_ratio": null,
            "sharpe": null,
            "sortino_ratio": null,
            "std_dev": null,
            "tracking_error": null,
            "treynor_ratio": null,
            "upside_deviation": null,
            "ytm": null
        },
        "min_addl_amt": null,
        "min_addl_amt_multiple": null,
        "min_amt": null,
        "min_amt_multiple": null,
        "monthly_aaum_date": "31-03-2025",
        "monthly_aaum_value": null,
        "mutual_fund_name": "Canara Robeco Mutual Fund",
        "page_number": [
            29
        ],
        "scheme_launch_date": null
    },
    "CANARA ROBECO CONSERVATIVE HYBRID FUND (CRCHF)": {
        "amc_name": "Canara Robeco Asset Management Company Limited",
        "benchmark_index": "CRISIL Hybrid 8515-Conservative Index",
        "fund_manager": [
            {
                "managing_fund_since": "",
                "name": "Avnish Jain",
                "qualification": "",
                "total_exp": ""
            },
            {
                "managing_fund_since": "",
                "name": "Amit Kadam",
                "qualification": "",
                "total_exp": ""
            }
        ],
        "load": {
            "entry_load": "Nil",
            "exit_load": "For any redemption  switch out upto 10 of units within 1 Year from the date of allotment - Nil For any redemption  switch out more than 10 of units within 1 Year from the date of allotment - 1 For any redemption  switch out after 1 Year from the date of allotment - Nil  Source ICRA MFI Explorer  Monthend AUM as on 28 02"
        },
        "main_scheme_name": "CANARA ROBECO CONSERVATIVE HYBRID FUND (CRCHF)",
        "metrics": {
            "": "52.35",
            "alpha": null,
            "arithmetic_mean_ratio": null,
            "average_div_yld": null,
            "average_pb": null,
            "average_pe": null,
            "avg_maturity": null,
            "beta": null,
            "correlation_ratio": null,
            "downside_deviation": null,
            "information_ratio": null,
            "macaulay": null,
            "mod_duration": null,
            "port_turnover_ratio": null,
            "r_squared_ratio": null,
            "roe_ratio": null,
            "sharpe": null,
            "sortino_ratio": null,
            "std_dev": null,
            "tracking_error": null,
            "treynor_ratio": null,
            "upside_deviation": null,
            "ytm": null
        },
        "min_addl_amt": "\u20b9 1000",
        "min_addl_amt_multiple": "\u20b9 1",
        "min_amt": "\u20b9 5000",
        "min_amt_multiple": "\u20b9 1",
        "monthly_aaum_date": "31-03-2025",
        "monthly_aaum_value": "\u20b9 928.25 Crores",
        "mutual_fund_name": "Canara Robeco Mutual Fund",
        "page_number": [
            30
        ],
        "scheme_launch_date": "April 24, 1988"
    },
    "CANARA ROBECO EQUITY HYBRID FUND (CREHF)": {
        "amc_name": "Canara Robeco Asset Management Company Limited",
        "benchmark_index": "CRISIL Hybrid 3565 - Aggressive Index",
        "fund_manager": [
            {
                "managing_fund_since": "",
                "name": "Ennette Fernandes",
                "qualification": "",
                "total_exp": ""
            },
            {
                "managing_fund_since": "",
                "name": "Shridatta Bhandwaldar",
                "qualification": "",
                "total_exp": ""
            },
            {
                "managing_fund_since": "",
                "name": "Avnish Jain",
                "qualification": "",
                "total_exp": ""
            }
        ],
        "load": {
            "entry_load": "Nil",
            "exit_load": "For any redemption  switch out upto 10 of units within 1 Year from the date of allotment  Nil. For any redemption  switch out more than 10 of units within 1 Year from the date of  allotment - 1. For any redemption  switch out after 1 Year from the date of allotment - Nil"
        },
        "main_scheme_name": "CANARA ROBECO EQUITY HYBRID FUND (CREHF)",
        "metrics": {
            "": "0.59",
            "alpha": null,
            "arithmetic_mean_ratio": null,
            "average_div_yld": null,
            "average_pb": null,
            "average_pe": null,
            "avg_maturity": "7.50 Years",
            "beta": "1.04",
            "correlation_ratio": null,
            "downside_deviation": null,
            "information_ratio": null,
            "macaulay": "3.88 Years",
            "mod_duration": "3.69 Years",
            "port_turnover_ratio": null,
            "r_squared_ratio": null,
            "roe_ratio": null,
            "rsquared": "0.95",
            "sharpe": "0.26",
            "sortino_ratio": null,
            "std_dev": "10.52",
            "tracking_error": null,
            "treynor_ratio": null,
            "upside_deviation": null,
            "ytm": "7.30"
        },
        "min_addl_amt": "\u20b9 1000",
        "min_addl_amt_multiple": "\u20b9 1",
        "min_amt": "\u20b9 5000",
        "min_amt_multiple": "\u20b9 1",
        "monthly_aaum_date": "31-03-2025",
        "monthly_aaum_value": "\u20b9 10,242.26 Crores",
        "mutual_fund_name": "Canara Robeco Mutual Fund",
        "page_number": [
            31
        ],
        "scheme_launch_date": "February 1, 1993"
    },
    "CANARA ROBECO BALANCED ADVANTAGE FUND (CRBAF)": {
        "amc_name": "Canara Robeco Asset Management Company Limited",
        "benchmark_index": "CRISIL Hybrid 5050  Moderate Index",
        "fund_manager": [
            {
                "managing_fund_since": "",
                "name": "Shridatta Bhandwaldar",
                "qualification": "",
                "total_exp": ""
            }
        ],
        "load": {
            "entry_load": "Nil",
            "exit_load": "1 - if redeemedswitched out above 12 of allotted units within 365 days from the date of allotment. Nil - if redeemedswitched out upto 12 of allotted units within 365 days from the date of allotment, Nil - if redeemedswitched out after 365 days from the date of allotment"
        },
        "main_scheme_name": "CANARA ROBECO BALANCED ADVANTAGE FUND (CRBAF)",
        "metrics": {
            "alpha": null,
            "arithmetic_mean_ratio": null,
            "average_div_yld": null,
            "average_pb": null,
            "average_pe": null,
            "avg_maturity": "4.41 Years",
            "beta": null,
            "correlation_ratio": null,
            "downside_deviation": null,
            "information_ratio": null,
            "macaulay": "2.92 Years",
            "mod_duration": "2.78 Years",
            "port_turnover_ratio": null,
            "r_squared_ratio": null,
            "roe_ratio": null,
            "sharpe": null,
            "sortino_ratio": null,
            "std_dev": null,
            "tracking_error": null,
            "treynor_ratio": null,
            "upside_deviation": null,
            "ytm": "7.18"
        },
        "min_addl_amt": null,
        "min_addl_amt_multiple": null,
        "min_amt": "\u20b9 5,000",
        "min_amt_multiple": "\u20b9 1",
        "monthly_aaum_date": "31-03-2025",
        "monthly_aaum_value": "\u20b9 1,414.91 Crores",
        "mutual_fund_name": "Canara Robeco Mutual Fund",
        "page_number": [
            32
        ],
        "scheme_launch_date": "2nd August, 2024"
    }
}