{
    "MIRAE ASSET NIFTY 50 ETF": {
        "amc_name": "Mirae Asset Investment Managers (India) Private Limited",
        "benchmark_index": "Nifty 50 Index (TRI)",
        "fund_manager": [
            {
                "managing_fund_since": "",
                "name": "Ekta Gala",
                "qualification": "",
                "total_exp": ""
            },
            {
                "managing_fund_since": "",
                "name": "Vishal Singh",
                "qualification": "",
                "total_exp": ""
            }
        ],
        "load": {
            "entry_load": null,
            "exit_load": "Please refer page no.59"
        },
        "main_scheme_name": "MIRAE ASSET NIFTY 50 ETF",
        "metrics": {
            "alpha": null,
            "arithmetic_mean_ratio": null,
            "average_div_yld": null,
            "average_pb": null,
            "average_pe": null,
            "avg_maturity": null,
            "beta": null,
            "correlation_ratio": null,
            "downside_deviation": null,
            "information_ratio": null,
            "macaulay": null,
            "mod_duration": null,
            "port_turnover_ratio": null,
            "r_squared_ratio": null,
            "roe_ratio": null,
            "sharpe": null,
            "sortino_ratio": null,
            "std_dev": null,
            "tracking_error": null,
            "treynor_ratio": null,
            "upside_deviation": null,
            "ytm": null
        },
        "min_addl_amt": "",
        "min_addl_amt_multiple": "",
        "min_amt": "\u20b9 25",
        "min_amt_multiple": "\u20b9 1",
        "monthly_aaum_date": "31-03-2025",
        "monthly_aaum_value": "(Cr.) 3,984.1100 Tracking Error Value  0.03 1 Year Tracking Error is",
        "mutual_fund_name": "Mirae Asset Mutual Fund",
        "page_number": [
            8
        ],
        "scheme_launch_date": "20 November 2018"
    },
    "MIRAE ASSET NIFTY NEXT 50 ETF": {
        "amc_name": "Mirae Asset Investment Managers (India) Private Limited",
        "benchmark_index": "Nifty Next 50 Index (TRI)",
        "fund_manager": [
            {
                "managing_fund_since": "",
                "name": "Ekta Gala",
                "qualification": "",
                "total_exp": ""
            },
            {
                "managing_fund_since": "",
                "name": "Vishal Singh",
                "qualification": "",
                "total_exp": ""
            }
        ],
        "load": {
            "entry_load": null,
            "exit_load": "Please refer page no.59"
        },
        "main_scheme_name": "MIRAE ASSET NIFTY NEXT 50 ETF",
        "metrics": {
            "alpha": null,
            "arithmetic_mean_ratio": null,
            "average_div_yld": null,
            "average_pb": null,
            "average_pe": null,
            "avg_maturity": null,
            "beta": null,
            "correlation_ratio": null,
            "downside_deviation": null,
            "information_ratio": null,
            "macaulay": null,
            "mod_duration": null,
            "port_turnover_ratio": null,
            "r_squared_ratio": null,
            "roe_ratio": null,
            "sharpe": null,
            "sortino_ratio": null,
            "std_dev": null,
            "tracking_error": null,
            "treynor_ratio": null,
            "upside_deviation": null,
            "ytm": null
        },
        "min_addl_amt": "",
        "min_addl_amt_multiple": "",
        "min_amt": "\u20b9 25",
        "min_amt_multiple": "\u20b9 1",
        "monthly_aaum_date": "31-03-2025",
        "monthly_aaum_value": "(Cr.) 499.4500 Tracking Error Value  0.13 1 Year Tracking Error is",
        "mutual_fund_name": "Mirae Asset Mutual Fund",
        "page_number": [
            9
        ],
        "scheme_launch_date": "24 January 2020"
    },
    "MIRAE ASSET NIFTY FINANCIAL SERVICES ETF": {
        "amc_name": "Mirae Asset Investment Managers (India) Private Limited",
        "benchmark_index": "Nifty Financial Services Total Return Index (TRI)",
        "fund_manager": [
            {
                "managing_fund_since": "",
                "name": "Ekta Gala",
                "qualification": "",
                "total_exp": ""
            },
            {
                "managing_fund_since": "",
                "name": "Vishal Singh",
                "qualification": "",
                "total_exp": ""
            }
        ],
        "load": {
            "entry_load": null,
            "exit_load": "Please refer page no.59"
        },
        "main_scheme_name": "MIRAE ASSET NIFTY FINANCIAL SERVICES ETF",
        "metrics": {
            "alpha": null,
            "arithmetic_mean_ratio": null,
            "average_div_yld": null,
            "average_pb": null,
            "average_pe": null,
            "avg_maturity": null,
            "beta": null,
            "correlation_ratio": null,
            "downside_deviation": null,
            "information_ratio": null,
            "macaulay": null,
            "mod_duration": null,
            "port_turnover_ratio": null,
            "r_squared_ratio": null,
            "roe_ratio": null,
            "sharpe": null,
            "sortino_ratio": null,
            "std_dev": null,
            "tracking_error": null,
            "treynor_ratio": null,
            "upside_deviation": null,
            "ytm": null
        },
        "min_addl_amt": "",
        "min_addl_amt_multiple": "",
        "min_amt": "\u20b9 25",
        "min_amt_multiple": "\u20b9 1",
        "monthly_aaum_date": "31-03-2025",
        "monthly_aaum_value": "(Cr.) 214.4600 Tracking Error Value  0.06 1 Year Tracking Error is",
        "mutual_fund_name": "Mirae Asset Mutual Fund",
        "page_number": [
            10
        ],
        "scheme_launch_date": "30 July 2021"
    },
    "MIRAE ASSET NIFTY INDIA MANUFACTURING ETF": {
        "amc_name": "Mirae Asset Investment Managers (India) Private Limited",
        "benchmark_index": "Nifty India Manufacturing Index (TRI)",
        "fund_manager": [
            {
                "managing_fund_since": "",
                "name": "Ekta Gala",
                "qualification": "",
                "total_exp": ""
            },
            {
                "managing_fund_since": "",
                "name": "Vishal Singh",
                "qualification": "",
                "total_exp": ""
            }
        ],
        "load": {
            "entry_load": null,
            "exit_load": "Please refer page no.60"
        },
        "main_scheme_name": "MIRAE ASSET NIFTY INDIA MANUFACTURING ETF",
        "metrics": {
            "alpha": null,
            "arithmetic_mean_ratio": null,
            "average_div_yld": null,
            "average_pb": null,
            "average_pe": null,
            "avg_maturity": null,
            "beta": null,
            "correlation_ratio": null,
            "downside_deviation": null,
            "information_ratio": null,
            "macaulay": null,
            "mod_duration": null,
            "port_turnover_ratio": null,
            "r_squared_ratio": null,
            "roe_ratio": null,
            "sharpe": null,
            "sortino_ratio": null,
            "std_dev": null,
            "tracking_error": null,
            "treynor_ratio": null,
            "upside_deviation": null,
            "ytm": null
        },
        "min_addl_amt": "",
        "min_addl_amt_multiple": "",
        "min_amt": "\u20b9 25",
        "min_amt_multiple": "\u20b9 1",
        "monthly_aaum_date": "31-03-2025",
        "monthly_aaum_value": "(Cr.) 187.5900 Tracking Error Value  0.03 1 Year Tracking Error is",
        "mutual_fund_name": "Mirae Asset Mutual Fund",
        "page_number": [
            11
        ],
        "scheme_launch_date": "27 January 2022"
    },
    "MIRAE ASSET NIFTY MIDCAP 150 ETF": {
        "amc_name": "Mirae Asset Investment Managers (India) Private Limited",
        "benchmark_index": "Nifty Midcap 150 Index (TRI)",
        "fund_manager": [
            {
                "managing_fund_since": "",
                "name": "Ekta Gala",
                "qualification": "",
                "total_exp": ""
            },
            {
                "managing_fund_since": "",
                "name": "Vishal Singh",
                "qualification": "",
                "total_exp": ""
            }
        ],
        "load": {
            "entry_load": null,
            "exit_load": "Please refer page no.60"
        },
        "main_scheme_name": "MIRAE ASSET NIFTY MIDCAP 150 ETF",
        "metrics": {
            "alpha": null,
            "arithmetic_mean_ratio": null,
            "average_div_yld": null,
            "average_pb": null,
            "average_pe": null,
            "avg_maturity": null,
            "beta": null,
            "correlation_ratio": null,
            "downside_deviation": null,
            "information_ratio": null,
            "macaulay": null,
            "mod_duration": null,
            "port_turnover_ratio": null,
            "r_squared_ratio": null,
            "roe_ratio": null,
            "sharpe": null,
            "sortino_ratio": null,
            "std_dev": null,
            "tracking_error": null,
            "treynor_ratio": null,
            "upside_deviation": null,
            "ytm": null
        },
        "min_addl_amt": "",
        "min_addl_amt_multiple": "",
        "min_amt": "\u20b9 25",
        "min_amt_multiple": "\u20b9 1",
        "monthly_aaum_date": "31-03-2025",
        "monthly_aaum_value": "(Cr.) 890.7200 Tracking Error Value  0.05 1 Year Tracking Error is",
        "mutual_fund_name": "Mirae Asset Mutual Fund",
        "page_number": [
            12
        ],
        "scheme_launch_date": "9 March 2022"
    },
    "MIRAE ASSET NIFTY 100 LOW VOLATILITY 30 ETF": {
        "amc_name": "Mirae Asset Investment Managers (India) Private Limited",
        "benchmark_index": "Nifty 100 Low Volatility 30 (TRI)",
        "fund_manager": [
            {
                "managing_fund_since": "",
                "name": "Ekta Gala",
                "qualification": "",
                "total_exp": ""
            },
            {
                "managing_fund_since": "",
                "name": "Vishal Singh",
                "qualification": "",
                "total_exp": ""
            }
        ],
        "load": {
            "entry_load": null,
            "exit_load": "Please refer page no.60"
        },
        "main_scheme_name": "MIRAE ASSET NIFTY 100 LOW VOLATILITY 30 ETF",
        "metrics": {
            "alpha": null,
            "arithmetic_mean_ratio": null,
            "average_div_yld": null,
            "average_pb": null,
            "average_pe": null,
            "avg_maturity": null,
            "beta": null,
            "correlation_ratio": null,
            "downside_deviation": null,
            "information_ratio": null,
            "macaulay": null,
            "mod_duration": null,
            "port_turnover_ratio": null,
            "r_squared_ratio": null,
            "roe_ratio": null,
            "sharpe": null,
            "sortino_ratio": null,
            "std_dev": null,
            "tracking_error": null,
            "treynor_ratio": null,
            "upside_deviation": null,
            "ytm": null
        },
        "min_addl_amt": "",
        "min_addl_amt_multiple": "",
        "min_amt": "\u20b9 25",
        "min_amt_multiple": "\u20b9 1",
        "monthly_aaum_date": "31-03-2025",
        "monthly_aaum_value": "(Cr.) 38.7700 Tracking Error Value  0.06 1 Year Tracking Error is",
        "mutual_fund_name": "Mirae Asset Mutual Fund",
        "page_number": [
            13
        ],
        "scheme_launch_date": "24 March 2023"
    },
    "MIRAE ASSET BSE SENSEX ETF": {
        "amc_name": "Mirae Asset Investment Managers (India) Private Limited",
        "benchmark_index": "BSE Sensex (TRI)",
        "fund_manager": [
            {
                "managing_fund_since": "",
                "name": "Ekta Gala",
                "qualification": "",
                "total_exp": ""
            },
            {
                "managing_fund_since": "",
                "name": "Vishal Singh",
                "qualification": "",
                "total_exp": ""
            }
        ],
        "load": {
            "entry_load": null,
            "exit_load": "Please refer page no.61"
        },
        "main_scheme_name": "MIRAE ASSET BSE SENSEX ETF",
        "metrics": {
            "alpha": null,
            "arithmetic_mean_ratio": null,
            "average_div_yld": null,
            "average_pb": null,
            "average_pe": null,
            "avg_maturity": null,
            "beta": null,
            "correlation_ratio": null,
            "downside_deviation": null,
            "information_ratio": null,
            "macaulay": null,
            "mod_duration": null,
            "port_turnover_ratio": null,
            "r_squared_ratio": null,
            "roe_ratio": null,
            "sharpe": null,
            "sortino_ratio": null,
            "std_dev": null,
            "tracking_error": null,
            "treynor_ratio": null,
            "upside_deviation": null,
            "ytm": null
        },
        "min_addl_amt": "",
        "min_addl_amt_multiple": "",
        "min_amt": "\u20b9 25",
        "min_amt_multiple": "\u20b9 1",
        "monthly_aaum_date": "31-03-2025",
        "monthly_aaum_value": "(Cr.) 17.4100 Tracking Error Value  0.04 1 Year Tracking Error is",
        "mutual_fund_name": "Mirae Asset Mutual Fund",
        "page_number": [
            14
        ],
        "scheme_launch_date": "29 September 2023"
    },
    "MIRAE ASSET NIFTY 200 ALPHA 30 ETF": {
        "amc_name": "Mirae Asset Investment Managers (India) Private Limited",
        "benchmark_index": "Nifty 200 Alpha 30 (TRI)",
        "fund_manager": [
            {
                "managing_fund_since": "",
                "name": "Ekta Gala",
                "qualification": "",
                "total_exp": ""
            },
            {
                "managing_fund_since": "",
                "name": "Vishal Singh",
                "qualification": "",
                "total_exp": ""
            }
        ],
        "load": {
            "entry_load": null,
            "exit_load": "Please refer page no.61"
        },
        "main_scheme_name": "MIRAE ASSET NIFTY 200 ALPHA 30 ETF",
        "metrics": {
            "alpha": null,
            "arithmetic_mean_ratio": null,
            "average_div_yld": null,
            "average_pb": null,
            "average_pe": null,
            "avg_maturity": null,
            "beta": null,
            "correlation_ratio": null,
            "downside_deviation": null,
            "information_ratio": null,
            "macaulay": null,
            "mod_duration": null,
            "port_turnover_ratio": null,
            "r_squared_ratio": null,
            "roe_ratio": null,
            "sharpe": null,
            "sortino_ratio": null,
            "std_dev": null,
            "tracking_error": null,
            "treynor_ratio": null,
            "upside_deviation": null,
            "ytm": null
        },
        "min_addl_amt": "",
        "min_addl_amt_multiple": "",
        "min_amt": "\u20b9 25",
        "min_amt_multiple": "\u20b9 1",
        "monthly_aaum_date": "31-03-2025",
        "monthly_aaum_value": "(Cr.) 339.7700 Tracking Error Value  0.17 1 Year Tracking Error is",
        "mutual_fund_name": "Mirae Asset Mutual Fund",
        "page_number": [
            15
        ],
        "scheme_launch_date": "20 October 2023"
    },
    "MIRAE ASSET NIFTY SMALLCAP 250 MOMENTUM 100 ETF": {
        "amc_name": "Mirae Asset Investment Managers (India) Private Limited",
        "benchmark_index": "Nifty Smallcap 250 Momentum Quality 100 (TRI)",
        "fund_manager": [
            {
                "managing_fund_since": "",
                "name": "Ekta Gala",
                "qualification": "",
                "total_exp": ""
            },
            {
                "managing_fund_since": "",
                "name": "Vishal Singh",
                "qualification": "",
                "total_exp": ""
            }
        ],
        "load": {
            "entry_load": null,
            "exit_load": "Please refer page no.61"
        },
        "main_scheme_name": "MIRAE ASSET NIFTY SMALLCAP 250 MOMENTUM 100 ETF",
        "metrics": {
            "alpha": null,
            "arithmetic_mean_ratio": null,
            "average_div_yld": null,
            "average_pb": null,
            "average_pe": null,
            "avg_maturity": null,
            "beta": null,
            "correlation_ratio": null,
            "downside_deviation": null,
            "information_ratio": null,
            "macaulay": null,
            "mod_duration": null,
            "port_turnover_ratio": null,
            "r_squared_ratio": null,
            "roe_ratio": null,
            "sharpe": null,
            "sortino_ratio": null,
            "std_dev": null,
            "tracking_error": null,
            "treynor_ratio": null,
            "upside_deviation": null,
            "ytm": null
        },
        "min_addl_amt": "",
        "min_addl_amt_multiple": "",
        "min_amt": "\u20b9 25",
        "min_amt_multiple": "\u20b9 1",
        "monthly_aaum_date": "31-03-2025",
        "monthly_aaum_value": "(Cr.) 475.0300 Tracking Error Value  0.28 1 Year Tracking Error is",
        "mutual_fund_name": "Mirae Asset Mutual Fund",
        "page_number": [
            16
        ],
        "scheme_launch_date": "23 February 2024"
    },
    "MIRAE ASSET NIFTY MIDSMALLCAP400 MOMENT QUALITY 100 ETF": {
        "amc_name": "Mirae Asset Investment Managers (India) Private Limited",
        "benchmark_index": "Nifty MidSmallcap400 Momentum Quality 100 (TRI)",
        "fund_manager": [
            {
                "managing_fund_since": "",
                "name": "Ekta Gala",
                "qualification": "",
                "total_exp": ""
            },
            {
                "managing_fund_since": "",
                "name": "Vishal Singh",
                "qualification": "",
                "total_exp": ""
            }
        ],
        "load": {
            "entry_load": null,
            "exit_load": "Please refer page no.62"
        },
        "main_scheme_name": "MIRAE ASSET NIFTY MIDSMALLCAP400 MOMENT QUALITY 100 ETF",
        "metrics": {
            "alpha": null,
            "arithmetic_mean_ratio": null,
            "average_div_yld": null,
            "average_pb": null,
            "average_pe": null,
            "avg_maturity": null,
            "beta": null,
            "correlation_ratio": null,
            "downside_deviation": null,
            "information_ratio": null,
            "macaulay": null,
            "mod_duration": null,
            "port_turnover_ratio": null,
            "r_squared_ratio": null,
            "roe_ratio": null,
            "sharpe": null,
            "sortino_ratio": null,
            "std_dev": null,
            "tracking_error": null,
            "treynor_ratio": null,
            "upside_deviation": null,
            "ytm": null
        },
        "min_addl_amt": "",
        "min_addl_amt_multiple": "",
        "min_amt": "\u20b9 25",
        "min_amt_multiple": "\u20b9 1",
        "monthly_aaum_date": "31-03-2025",
        "monthly_aaum_value": "(Cr.) 276.0100 Tracking Error Value  0.14 Since Inception Tracking Error is",
        "mutual_fund_name": "Mirae Asset Mutual Fund",
        "page_number": [
            17
        ],
        "scheme_launch_date": "22 May 2024"
    },
    "MIRAE ASSET NIFTY500 MULTICAP 502525 ETF": {
        "amc_name": "Mirae Asset Investment Managers (India) Private Limited",
        "benchmark_index": "Nifty500 Multicap 502525 (TRI)",
        "fund_manager": [
            {
                "managing_fund_since": "",
                "name": "Ekta Gala",
                "qualification": "",
                "total_exp": ""
            },
            {
                "managing_fund_since": "",
                "name": "Vishal Singh",
                "qualification": "",
                "total_exp": ""
            }
        ],
        "load": {
            "entry_load": null,
            "exit_load": "Please refer page no.62"
        },
        "main_scheme_name": "MIRAE ASSET NIFTY500 MULTICAP 502525 ETF",
        "metrics": {
            "alpha": null,
            "arithmetic_mean_ratio": null,
            "average_div_yld": null,
            "average_pb": null,
            "average_pe": null,
            "avg_maturity": null,
            "beta": null,
            "correlation_ratio": null,
            "downside_deviation": null,
            "information_ratio": null,
            "macaulay": null,
            "mod_duration": null,
            "port_turnover_ratio": null,
            "r_squared_ratio": null,
            "roe_ratio": null,
            "sharpe": null,
            "sortino_ratio": null,
            "std_dev": null,
            "tracking_error": null,
            "treynor_ratio": null,
            "upside_deviation": null,
            "ytm": null
        },
        "min_addl_amt": "",
        "min_addl_amt_multiple": "",
        "min_amt": "\u20b9 25",
        "min_amt_multiple": "\u20b9 1",
        "monthly_aaum_date": "31-03-2025",
        "monthly_aaum_value": "(Cr.) 40.2600 Tracking Error Value  0.12 Since Inception Tracking Error is",
        "mutual_fund_name": "Mirae Asset Mutual Fund",
        "page_number": [
            18
        ],
        "scheme_launch_date": "30 August 2024"
    },
    "MIRAE ASSET NIFTY 100 ESG SECTOR LEADERS E NSE Symbol ESG BSE Scrip Code 543246 (Exchange Traded Fund (ETF": {
        "amc_name": "Mirae Asset Investment Managers (India) Private Limited",
        "benchmark_index": "Nifty 100 ESG Sector Leaders Index (TRI)",
        "fund_manager": [
            {
                "managing_fund_since": "",
                "name": "Ekta Gala",
                "qualification": "",
                "total_exp": ""
            },
            {
                "managing_fund_since": "",
                "name": "Akshay Udeshi",
                "qualification": "",
                "total_exp": ""
            }
        ],
        "load": {
            "entry_load": null,
            "exit_load": "Please refer page no.63"
        },
        "main_scheme_name": "MIRAE ASSET NIFTY 100 ESG SECTOR LEADERS E NSE Symbol ESG BSE Scrip Code 543246 (Exchange Traded Fund (ETF",
        "metrics": {
            "alpha": null,
            "arithmetic_mean_ratio": null,
            "average_div_yld": null,
            "average_pb": null,
            "average_pe": null,
            "avg_maturity": null,
            "beta": null,
            "correlation_ratio": null,
            "downside_deviation": null,
            "information_ratio": null,
            "macaulay": null,
            "mod_duration": null,
            "port_turnover_ratio": null,
            "r_squared_ratio": null,
            "roe_ratio": null,
            "sharpe": null,
            "sortino_ratio": null,
            "std_dev": null,
            "tracking_error": null,
            "treynor_ratio": null,
            "upside_deviation": null,
            "ytm": null
        },
        "min_addl_amt": "",
        "min_addl_amt_multiple": "",
        "min_amt": "\u20b9 25",
        "min_amt_multiple": "\u20b9 1",
        "monthly_aaum_date": "31-03-2025",
        "monthly_aaum_value": "(Cr.) 112.7100 Tracking Error Value  0.04 1 Year Tracking Error is",
        "mutual_fund_name": "Mirae Asset Mutual Fund",
        "page_number": [
            20
        ],
        "scheme_launch_date": "17 November 2020"
    },
    "MIRAE ASSET NYSE FANG + ETF": {
        "amc_name": "Mirae Asset Investment Managers (India) Private Limited",
        "benchmark_index": "NYSE FANG  Index (TRI) (INR)",
        "fund_manager": [
            {
                "managing_fund_since": "",
                "name": "Siddharth Srivastava",
                "qualification": "",
                "total_exp": ""
            }
        ],
        "load": {
            "entry_load": null,
            "exit_load": "Please refer page no.63"
        },
        "main_scheme_name": "MIRAE ASSET NYSE FANG + ETF",
        "metrics": {
            "alpha": null,
            "arithmetic_mean_ratio": null,
            "average_div_yld": null,
            "average_pb": null,
            "average_pe": null,
            "avg_maturity": null,
            "beta": null,
            "correlation_ratio": null,
            "downside_deviation": null,
            "information_ratio": null,
            "macaulay": null,
            "mod_duration": null,
            "port_turnover_ratio": null,
            "r_squared_ratio": null,
            "roe_ratio": null,
            "sharpe": null,
            "sortino_ratio": null,
            "std_dev": null,
            "tracking_error": null,
            "treynor_ratio": null,
            "upside_deviation": null,
            "ytm": null
        },
        "min_addl_amt": "",
        "min_addl_amt_multiple": "",
        "min_amt": "\u20b9 25",
        "min_amt_multiple": "\u20b9 1",
        "monthly_aaum_date": "31-03-2025",
        "monthly_aaum_value": "(Cr.) 2,745.0700 Tracking Error Value  0.05 1 Year Tracking Error is",
        "mutual_fund_name": "Mirae Asset Mutual Fund",
        "page_number": [
            21
        ],
        "scheme_launch_date": "6 May 2021"
    },
    "MIRAE ASSET S&P 500 TOP 50 ETF": {
        "amc_name": "Mirae Asset Investment Managers (India) Private Limited",
        "benchmark_index": "SP 500 Top 50 (TRI) (INR)",
        "fund_manager": [
            {
                "managing_fund_since": "",
                "name": "Siddharth Srivastava",
                "qualification": "",
                "total_exp": ""
            }
        ],
        "load": {
            "entry_load": null,
            "exit_load": "Please refer page no.63"
        },
        "main_scheme_name": "MIRAE ASSET S&P 500 TOP 50 ETF",
        "metrics": {
            "alpha": null,
            "arithmetic_mean_ratio": null,
            "average_div_yld": null,
            "average_pb": null,
            "average_pe": null,
            "avg_maturity": null,
            "beta": null,
            "correlation_ratio": null,
            "downside_deviation": null,
            "information_ratio": null,
            "macaulay": null,
            "mod_duration": null,
            "port_turnover_ratio": null,
            "r_squared_ratio": null,
            "roe_ratio": null,
            "sharpe": null,
            "sortino_ratio": null,
            "std_dev": null,
            "tracking_error": null,
            "treynor_ratio": null,
            "upside_deviation": null,
            "ytm": null
        },
        "min_addl_amt": "",
        "min_addl_amt_multiple": "",
        "min_amt": "\u20b9 25",
        "min_amt_multiple": "\u20b9 1",
        "monthly_aaum_date": "31-03-2025",
        "monthly_aaum_value": "(Cr.) 818.9000 Tracking Error Value  0.05 1 Year Tracking Error is",
        "mutual_fund_name": "Mirae Asset Mutual Fund",
        "page_number": [
            22
        ],
        "scheme_launch_date": "20 September 2021"
    },
    "MIRAE ASSET HANG SENG TECH ETF": {
        "amc_name": "Mirae Asset Investment Managers (India) Private Limited",
        "benchmark_index": "Hang Seng TECH Index (TRI) (INR)",
        "fund_manager": [
            {
                "managing_fund_since": "",
                "name": "Siddharth Srivastava",
                "qualification": "",
                "total_exp": ""
            }
        ],
        "load": {
            "entry_load": null,
            "exit_load": "Please refer page no.64"
        },
        "main_scheme_name": "MIRAE ASSET HANG SENG TECH ETF",
        "metrics": {
            "alpha": null,
            "arithmetic_mean_ratio": null,
            "average_div_yld": null,
            "average_pb": null,
            "average_pe": null,
            "avg_maturity": null,
            "beta": null,
            "correlation_ratio": null,
            "downside_deviation": null,
            "information_ratio": null,
            "macaulay": null,
            "mod_duration": null,
            "port_turnover_ratio": null,
            "r_squared_ratio": null,
            "roe_ratio": null,
            "sharpe": null,
            "sortino_ratio": null,
            "std_dev": null,
            "tracking_error": null,
            "treynor_ratio": null,
            "upside_deviation": null,
            "ytm": null
        },
        "min_addl_amt": "",
        "min_addl_amt_multiple": "",
        "min_amt": "\u20b9 25",
        "min_amt_multiple": "\u20b9 1",
        "monthly_aaum_date": "31-03-2025",
        "monthly_aaum_value": "(Cr.) 403.9500 Tracking Error Value  0.11 1 Year Tracking Error is",
        "mutual_fund_name": "Mirae Asset Mutual Fund",
        "page_number": [
            23
        ],
        "scheme_launch_date": "6 December 2021"
    },
    "MIRAE ASSET NIFTY BANK ETF": {
        "amc_name": "Mirae Asset Investment Managers (India) Private Limited",
        "benchmark_index": "Nifty Bank Index (TRI)",
        "fund_manager": [
            {
                "managing_fund_since": "",
                "name": "Ekta Gala",
                "qualification": "",
                "total_exp": ""
            },
            {
                "managing_fund_since": "",
                "name": "Vishal Singh",
                "qualification": "",
                "total_exp": ""
            }
        ],
        "load": {
            "entry_load": null,
            "exit_load": "Please refer page no.64"
        },
        "main_scheme_name": "MIRAE ASSET NIFTY BANK ETF",
        "metrics": {
            "alpha": null,
            "arithmetic_mean_ratio": null,
            "average_div_yld": null,
            "average_pb": null,
            "average_pe": null,
            "avg_maturity": null,
            "beta": null,
            "correlation_ratio": null,
            "downside_deviation": null,
            "information_ratio": null,
            "macaulay": null,
            "mod_duration": null,
            "port_turnover_ratio": null,
            "r_squared_ratio": null,
            "roe_ratio": null,
            "sharpe": null,
            "sortino_ratio": null,
            "std_dev": null,
            "tracking_error": null,
            "treynor_ratio": null,
            "upside_deviation": null,
            "ytm": null
        },
        "min_addl_amt": "",
        "min_addl_amt_multiple": "",
        "min_amt": "\u20b9 25",
        "min_amt_multiple": "\u20b9 1",
        "monthly_aaum_date": "31-03-2025",
        "monthly_aaum_value": "(Cr.) 212.8500 Tracking Error Value  0.05 1 Year Tracking Error is",
        "mutual_fund_name": "Mirae Asset Mutual Fund",
        "page_number": [
            24
        ],
        "scheme_launch_date": "20 July 2023"
    },
    "MIRAE ASSET NIFTY IT ETF": {
        "amc_name": "Mirae Asset Investment Managers (India) Private Limited",
        "benchmark_index": "Nifty IT (TRI)",
        "fund_manager": [
            {
                "managing_fund_since": "",
                "name": "Ekta Gala",
                "qualification": "",
                "total_exp": ""
            },
            {
                "managing_fund_since": "",
                "name": "Vishal Singh",
                "qualification": "",
                "total_exp": ""
            }
        ],
        "load": {
            "entry_load": null,
            "exit_load": "Please refer page no.64"
        },
        "main_scheme_name": "MIRAE ASSET NIFTY IT ETF",
        "metrics": {
            "alpha": null,
            "arithmetic_mean_ratio": null,
            "average_div_yld": null,
            "average_pb": null,
            "average_pe": null,
            "avg_maturity": null,
            "beta": null,
            "correlation_ratio": null,
            "downside_deviation": null,
            "information_ratio": null,
            "macaulay": null,
            "mod_duration": null,
            "port_turnover_ratio": null,
            "r_squared_ratio": null,
            "roe_ratio": null,
            "sharpe": null,
            "sortino_ratio": null,
            "std_dev": null,
            "tracking_error": null,
            "treynor_ratio": null,
            "upside_deviation": null,
            "ytm": null
        },
        "min_addl_amt": "",
        "min_addl_amt_multiple": "",
        "min_amt": "\u20b9 25",
        "min_amt_multiple": "\u20b9 1",
        "monthly_aaum_date": "31-03-2025",
        "monthly_aaum_value": "(Cr.) 145.4300 Tracking Error Value  0.06 1 Year Tracking Error is",
        "mutual_fund_name": "Mirae Asset Mutual Fund",
        "page_number": [
            25
        ],
        "scheme_launch_date": "20 October 2023"
    },
    "MIRAE ASSET NIFTY EV AND NEW AGE AUTOMOTI NSE Symbol EVINDIA BSE Scrip Code 544212 (Exchange Traded Fund (ETF": {
        "amc_name": "Mirae Asset Investment Managers (India) Private Limited",
        "benchmark_index": "Nifty EV and New Age Automotive (TRI)",
        "fund_manager": [
            {
                "managing_fund_since": "",
                "name": "Ekta Gala",
                "qualification": "",
                "total_exp": ""
            },
            {
                "managing_fund_since": "",
                "name": "Akshay Udeshi",
                "qualification": "",
                "total_exp": ""
            }
        ],
        "load": {
            "entry_load": null,
            "exit_load": "Please refer page no.65"
        },
        "main_scheme_name": "MIRAE ASSET NIFTY EV AND NEW AGE AUTOMOTI NSE Symbol EVINDIA BSE Scrip Code 544212 (Exchange Traded Fund (ETF",
        "metrics": {
            "alpha": null,
            "arithmetic_mean_ratio": null,
            "average_div_yld": null,
            "average_pb": null,
            "average_pe": null,
            "avg_maturity": null,
            "beta": null,
            "correlation_ratio": null,
            "downside_deviation": null,
            "information_ratio": null,
            "macaulay": null,
            "mod_duration": null,
            "port_turnover_ratio": null,
            "r_squared_ratio": null,
            "roe_ratio": null,
            "sharpe": null,
            "sortino_ratio": null,
            "std_dev": null,
            "tracking_error": null,
            "treynor_ratio": null,
            "upside_deviation": null,
            "ytm": null
        },
        "min_addl_amt": "",
        "min_addl_amt_multiple": "",
        "min_amt": "\u20b9 25",
        "min_amt_multiple": "\u20b9 1",
        "monthly_aaum_date": "31-03-2025",
        "monthly_aaum_value": "(Cr.) 149.9800 Tracking Error Value  0.04 Since Inception Tracking Error is",
        "mutual_fund_name": "Mirae Asset Mutual Fund",
        "page_number": [
            26
        ],
        "scheme_launch_date": "10 July 2024"
    },
    "MIRAE ASSET GOLD ETF": {
        "amc_name": "Mirae Asset Investment Managers (India) Private Limited",
        "benchmark_index": "Domestic Price of Physical Gold",
        "fund_manager": [
            {
                "managing_fund_since": "",
                "name": "Ritesh Patel",
                "qualification": "",
                "total_exp": ""
            },
            {
                "managing_fund_since": "",
                "name": "Akshay Udeshi",
                "qualification": "Co-Fund Manager",
                "total_exp": ""
            }
        ],
        "load": {
            "entry_load": null,
            "exit_load": "Please refer page no.66"
        },
        "main_scheme_name": "MIRAE ASSET GOLD ETF",
        "metrics": {
            "alpha": null,
            "arithmetic_mean_ratio": null,
            "average_div_yld": null,
            "average_pb": null,
            "average_pe": null,
            "avg_maturity": null,
            "beta": null,
            "correlation_ratio": null,
            "downside_deviation": null,
            "information_ratio": null,
            "macaulay": null,
            "mod_duration": null,
            "port_turnover_ratio": null,
            "r_squared_ratio": null,
            "roe_ratio": null,
            "sharpe": null,
            "sortino_ratio": null,
            "std_dev": null,
            "tracking_error": null,
            "treynor_ratio": null,
            "upside_deviation": null,
            "ytm": null
        },
        "min_addl_amt": "",
        "min_addl_amt_multiple": "",
        "min_amt": "\u20b9 25",
        "min_amt_multiple": "\u20b9 1",
        "monthly_aaum_date": "31-03-2025",
        "monthly_aaum_value": "(Cr.) 634.4300 Tracking Error Value  0.38 1 Year Tracking Error is",
        "mutual_fund_name": "Mirae Asset Mutual Fund",
        "page_number": [
            29
        ],
        "scheme_launch_date": "20 February 2023"
    },
    "MIRAE ASSET SILVER ETF": {
        "amc_name": "Mirae Asset Investment Managers (India) Private Limited",
        "benchmark_index": "Domestic Price of Physical Silver",
        "fund_manager": [
            {
                "managing_fund_since": "",
                "name": "Ritesh Patel",
                "qualification": "",
                "total_exp": ""
            },
            {
                "managing_fund_since": "",
                "name": "Akshay Udeshi",
                "qualification": "Co-Fund Manager",
                "total_exp": ""
            }
        ],
        "load": {
            "entry_load": null,
            "exit_load": "Please refer page no.66"
        },
        "main_scheme_name": "MIRAE ASSET SILVER ETF",
        "metrics": {
            "alpha": null,
            "arithmetic_mean_ratio": null,
            "average_div_yld": null,
            "average_pb": null,
            "average_pe": null,
            "avg_maturity": null,
            "beta": null,
            "correlation_ratio": null,
            "downside_deviation": null,
            "information_ratio": null,
            "macaulay": null,
            "mod_duration": null,
            "port_turnover_ratio": null,
            "r_squared_ratio": null,
            "roe_ratio": null,
            "sharpe": null,
            "sortino_ratio": null,
            "std_dev": null,
            "tracking_error": null,
            "treynor_ratio": null,
            "upside_deviation": null,
            "ytm": null
        },
        "min_addl_amt": "",
        "min_addl_amt_multiple": "",
        "min_amt": "\u20b9 25",
        "min_amt_multiple": "\u20b9 1",
        "monthly_aaum_date": "31-03-2025",
        "monthly_aaum_value": "(Cr.) 87.4700 Tracking Error Value  0.75 1 Year Tracking Error is",
        "mutual_fund_name": "Mirae Asset Mutual Fund",
        "page_number": [
            30
        ],
        "scheme_launch_date": "9 June 2023"
    },
    "MIRAE ASSET NIFTY 8-13 YR G-SEC ETF": {
        "amc_name": "Mirae Asset Investment Managers (India) Private Limited",
        "benchmark_index": "Nifty 8-13 yr G-Sec Index",
        "fund_manager": [
            {
                "managing_fund_since": "",
                "name": "Amit Modani",
                "qualification": "",
                "total_exp": ""
            }
        ],
        "load": {
            "entry_load": null,
            "exit_load": "Please refer page no.66"
        },
        "main_scheme_name": "MIRAE ASSET NIFTY 8-13 YR G-SEC ETF",
        "metrics": {
            "alpha": null,
            "arithmetic_mean_ratio": null,
            "average_div_yld": null,
            "average_pb": null,
            "average_pe": null,
            "avg_maturity": null,
            "beta": null,
            "correlation_ratio": null,
            "downside_deviation": null,
            "information_ratio": null,
            "macaulay": null,
            "mod_duration": null,
            "port_turnover_ratio": null,
            "r_squared_ratio": null,
            "roe_ratio": null,
            "sharpe": null,
            "sortino_ratio": null,
            "std_dev": null,
            "tracking_error": null,
            "treynor_ratio": null,
            "upside_deviation": null,
            "ytm": null
        },
        "min_addl_amt": "",
        "min_addl_amt_multiple": "",
        "min_amt": "\u20b9 25",
        "min_amt_multiple": "\u20b9 1",
        "monthly_aaum_date": "31-03-2025",
        "monthly_aaum_value": "(Cr.) 88.3900 Tracking Error Value  0.09 1 Year Tracking Error is",
        "mutual_fund_name": "Mirae Asset Mutual Fund",
        "page_number": [
            31
        ],
        "scheme_launch_date": "31 March 2023"
    },
    "MIRAE ASSET NIFTY 1D RATE LIQUID ETF": {
        "amc_name": "Mirae Asset Investment Managers (India) Private Limited",
        "benchmark_index": "Nifty 1D Rate Index",
        "fund_manager": [
            {
                "managing_fund_since": "",
                "name": "Amit Modani",
                "qualification": "",
                "total_exp": ""
            }
        ],
        "load": {
            "entry_load": null,
            "exit_load": "Please refer page no.67"
        },
        "main_scheme_name": "MIRAE ASSET NIFTY 1D RATE LIQUID ETF",
        "metrics": {
            "alpha": null,
            "arithmetic_mean_ratio": null,
            "average_div_yld": null,
            "average_pb": null,
            "average_pe": null,
            "avg_maturity": null,
            "beta": null,
            "correlation_ratio": null,
            "downside_deviation": null,
            "information_ratio": null,
            "macaulay": null,
            "mod_duration": null,
            "port_turnover_ratio": null,
            "r_squared_ratio": null,
            "roe_ratio": null,
            "sharpe": null,
            "sortino_ratio": null,
            "std_dev": null,
            "tracking_error": null,
            "treynor_ratio": null,
            "upside_deviation": null,
            "ytm": null
        },
        "min_addl_amt": "",
        "min_addl_amt_multiple": "",
        "min_amt": "\u20b9 25",
        "min_amt_multiple": "\u20b9 1",
        "monthly_aaum_date": "31-03-2025",
        "monthly_aaum_value": "(Cr.) 195.0200 Tracking Error Value  0.06 Since Inception Tracking Error is",
        "mutual_fund_name": "Mirae Asset Mutual Fund",
        "page_number": [
            32,
            33
        ],
        "scheme_launch_date": "7 November 2024"
    },
    "MIRAE ASSET NIFTY SDL JUN 2027 INDEX FUND": {
        "amc_name": "Mirae Asset Investment Managers (India) Private Limited",
        "benchmark_index": "Nifty SDL Jun 2027 Index",
        "fund_manager": [
            {
                "managing_fund_since": "",
                "name": "Amit Modani",
                "qualification": "",
                "total_exp": ""
            }
        ],
        "load": {
            "entry_load": null,
            "exit_load": "Please refer page no.74"
        },
        "main_scheme_name": "MIRAE ASSET NIFTY SDL JUN 2027 INDEX FUND",
        "metrics": {
            "alpha": null,
            "arithmetic_mean_ratio": null,
            "average_div_yld": null,
            "average_pb": null,
            "average_pe": null,
            "avg_maturity": "2.16 Years",
            "beta": null,
            "correlation_ratio": null,
            "downside_deviation": null,
            "information_ratio": null,
            "macaulay": "1.99 Years",
            "mod_duration": "1.93 Years",
            "port_turnover_ratio": null,
            "r_squared_ratio": null,
            "roe_ratio": null,
            "sharpe": null,
            "sortino_ratio": null,
            "std_dev": null,
            "tracking_error": null,
            "treynor_ratio": null,
            "upside_deviation": null,
            "ytm": "6.95"
        },
        "min_addl_amt": "\u20b9 1,000",
        "min_addl_amt_multiple": "\u20b9 1",
        "min_amt": "\u20b9 5,000",
        "min_amt_multiple": "\u20b9 1",
        "monthly_aaum_date": "31-03-2025",
        "monthly_aaum_value": "(Cr.) 764.8100 Tracking Error Value  0.80 1 Year Tracking Difference for Direct Plan is",
        "mutual_fund_name": "Mirae Asset Mutual Fund",
        "page_number": [
            50
        ],
        "scheme_launch_date": "30 March 2022"
    },
    "MIRAE ASSET CRISIL IBX GILT INDEX - APRIL 2033 FUND": {
        "amc_name": "Mirae Asset Investment Managers (India) Private Limited",
        "benchmark_index": "CRISIL IBX Gilt Index  April 2033",
        "fund_manager": [
            {
                "managing_fund_since": "",
                "name": "Amit Modani",
                "qualification": "",
                "total_exp": ""
            }
        ],
        "load": {
            "entry_load": null,
            "exit_load": "Please refer page no.74"
        },
        "main_scheme_name": "MIRAE ASSET CRISIL IBX GILT INDEX - APRIL 2033 FUND",
        "metrics": {
            "alpha": null,
            "arithmetic_mean_ratio": null,
            "average_div_yld": null,
            "average_pb": null,
            "average_pe": null,
            "avg_maturity": "7.49 Years",
            "beta": null,
            "correlation_ratio": null,
            "downside_deviation": null,
            "information_ratio": null,
            "macaulay": "5.84 Years",
            "mod_duration": "5.65 Years",
            "port_turnover_ratio": null,
            "r_squared_ratio": null,
            "roe_ratio": null,
            "sharpe": null,
            "sortino_ratio": null,
            "std_dev": null,
            "tracking_error": null,
            "treynor_ratio": null,
            "upside_deviation": null,
            "ytm": "6.87"
        },
        "min_addl_amt": "\u20b9 1,000",
        "min_addl_amt_multiple": "\u20b9 1",
        "min_amt": "\u20b9 5,000",
        "min_amt_multiple": "\u20b9 1",
        "monthly_aaum_date": "31-03-2025",
        "monthly_aaum_value": "(Cr.) 240.5200 Tracking Error Value  0.07 1 Year Tracking Difference for Direct Plan is",
        "mutual_fund_name": "Mirae Asset Mutual Fund",
        "page_number": [
            51
        ],
        "scheme_launch_date": "20 October 2022"
    },
    "MIRAE ASSET NIFTY AAA PSU BOND PLUS SDL AP 5050 INDEX FUND": {
        "amc_name": "Mirae Asset Investment Managers (India) Private Limited",
        "benchmark_index": "Nifty AAA PSU Bond Plus SDL Apr 2026 5050 Index",
        "fund_manager": [
            {
                "managing_fund_since": "",
                "name": "Amit Modani",
                "qualification": "",
                "total_exp": ""
            }
        ],
        "load": {
            "entry_load": null,
            "exit_load": "Please refer page no.74"
        },
        "main_scheme_name": "MIRAE ASSET NIFTY AAA PSU BOND PLUS SDL AP 5050 INDEX FUND",
        "metrics": {
            "alpha": null,
            "arithmetic_mean_ratio": null,
            "average_div_yld": null,
            "average_pb": null,
            "average_pe": null,
            "avg_maturity": "0.98 Years",
            "beta": null,
            "correlation_ratio": null,
            "downside_deviation": null,
            "information_ratio": null,
            "macaulay": "0.94 Years",
            "mod_duration": "0.89 Years",
            "port_turnover_ratio": null,
            "r_squared_ratio": null,
            "roe_ratio": null,
            "sharpe": null,
            "sortino_ratio": null,
            "std_dev": null,
            "tracking_error": null,
            "treynor_ratio": null,
            "upside_deviation": null,
            "ytm": "7.25"
        },
        "min_addl_amt": "\u20b9 1,000",
        "min_addl_amt_multiple": "\u20b9 1",
        "min_amt": "\u20b9 5,000",
        "min_amt_multiple": "\u20b9 1",
        "monthly_aaum_date": "31-03-2025",
        "monthly_aaum_value": "(Cr.) 94.1600 Tracking Error Value  0.28 1 Year Tracking Difference for Direct Plan is",
        "mutual_fund_name": "Mirae Asset Mutual Fund",
        "page_number": [
            52
        ],
        "scheme_launch_date": "20 October 2022"
    },
    "MIRAE ASSET NIFTY SDL JUNE 2028 INDEX FUND": {
        "amc_name": "Mirae Asset Investment Managers (India) Private Limited",
        "benchmark_index": "Nifty SDL June 2028 Index",
        "fund_manager": [
            {
                "managing_fund_since": "",
                "name": "Mahendra Jajoo",
                "qualification": "",
                "total_exp": ""
            }
        ],
        "load": {
            "entry_load": null,
            "exit_load": "Please refer page no.75"
        },
        "main_scheme_name": "MIRAE ASSET NIFTY SDL JUNE 2028 INDEX FUND",
        "metrics": {
            "alpha": null,
            "arithmetic_mean_ratio": null,
            "average_div_yld": null,
            "average_pb": null,
            "average_pe": null,
            "avg_maturity": "3.11 Years",
            "beta": null,
            "correlation_ratio": null,
            "downside_deviation": null,
            "information_ratio": null,
            "macaulay": "2.78 Years",
            "mod_duration": "2.68 Years",
            "port_turnover_ratio": null,
            "r_squared_ratio": null,
            "roe_ratio": null,
            "sharpe": null,
            "sortino_ratio": null,
            "std_dev": null,
            "tracking_error": null,
            "treynor_ratio": null,
            "upside_deviation": null,
            "ytm": "6.99"
        },
        "min_addl_amt": "\u20b9 1,000",
        "min_addl_amt_multiple": "\u20b9 1",
        "min_amt": "\u20b9 5,000",
        "min_amt_multiple": "\u20b9 1",
        "monthly_aaum_date": "31-03-2025",
        "monthly_aaum_value": "(Cr.) 71.2600 Tracking Error Value  1.19 1 Year Tracking Difference for Direct Plan is",
        "mutual_fund_name": "Mirae Asset Mutual Fund",
        "page_number": [
            53
        ],
        "scheme_launch_date": "31 March 2023"
    }
}