{
    "GROWW LARGE CAP FUND": {
        "amc_name": "Groww Asset Management Company Limited",
        "benchmark_index": "NIFTY 100 - TRI",
        "fund_manager": [
            {
                "managing_fund_since": "May 11, 2023",
                "name": "Anupam Tiwari",
                "qualification": "Head-Equity",
                "total_exp": "18 Years"
            }
        ],
        "load": {
            "entry_load": "Not Applicable",
            "exit_load": "a) 1 if redeemed/ switched out within 7 Days from the date of allotment. b) Nil - if redeemed/ switched out after 7 Days from the date of allotment."
        },
        "main_scheme_name": "GROWW LARGE CAP FUND",
        "metrics": {
            "alpha": null,
            "arithmetic_mean_ratio": null,
            "average_div_yld": null,
            "average_pb": null,
            "average_pe": null,
            "avg_maturity": null,
            "beta": "0.95",
            "correlation_ratio": null,
            "downside_deviation": null,
            "information_ratio": null,
            "macaulay": null,
            "mod_duration": null,
            "port_turnover_ratio": "2.13",
            "r_squared_ratio": "0.96",
            "roe_ratio": null,
            "sharpe": "0.29",
            "sortino_ratio": null,
            "std_dev": "3.9075",
            "tracking_error": null,
            "treynor_ratio": null,
            "upside_deviation": null,
            "ytm": null
        },
        "min_addl_amt": "\u20b9 100",
        "min_addl_amt_multiple": "\u20b9 1",
        "min_amt": "\u20b9 500",
        "min_amt_multiple": "\u20b9 1",
        "monthly_aaum_date": "31-03-2025",
        "monthly_aaum_value": "\u20b9 117.06 Crore",
        "mutual_fund_name": "Groww Mutual Fund",
        "page_number": [
            21,
            22
        ],
        "scheme_launch_date": "10th February, 2012"
    },
    "GROWW AGGRESSIVE HYBRID FUND": {
        "amc_name": "Groww Asset Management Company Limited",
        "benchmark_index": "CRISIL Hybrid 3565 - Aggressive Index",
        "fund_manager": [
            {
                "managing_fund_since": "May 11, 2023",
                "name": "Kaustubh Sule",
                "qualification": "",
                "total_exp": "17 Years"
            },
            {
                "managing_fund_since": "May 11, 2023",
                "name": "Anupam Tiwari",
                "qualification": "Head-Equity",
                "total_exp": "18 Years"
            }
        ],
        "load": {
            "entry_load": "Not Applicable",
            "exit_load": "a)1 if redeemed/ switched out within 7 Days from the date of allotment, b)Nil - if redeemed/ switched out after 7 Days from the date of allotment Minimum Additional Investment 100 and in multiples of 1/- thereafter Minimum Investment Amount (for fresh application) For Lumpsum  SIP  500 and in multiples of 1/-"
        },
        "main_scheme_name": "GROWW AGGRESSIVE HYBRID FUND",
        "metrics": {
            "alpha": null,
            "arithmetic_mean_ratio": null,
            "average_div_yld": null,
            "average_pb": null,
            "average_pe": null,
            "avg_maturity": null,
            "beta": "1.05",
            "correlation_ratio": null,
            "downside_deviation": null,
            "information_ratio": null,
            "macaulay": null,
            "mod_duration": null,
            "port_turnover_ratio": "1.98",
            "r_squared_ratio": "0.94",
            "roe_ratio": null,
            "sharpe": "1.09",
            "sortino_ratio": null,
            "std_dev": "3.0055",
            "tracking_error": null,
            "treynor_ratio": null,
            "upside_deviation": null,
            "ytm": null
        },
        "min_addl_amt": "\u20b9 100",
        "min_addl_amt_multiple": "\u20b9 1",
        "min_amt": "\u20b9 500",
        "min_amt_multiple": "\u20b9 1",
        "monthly_aaum_date": "31-03-2025",
        "monthly_aaum_value": "\u20b9 44.03 Crore",
        "mutual_fund_name": "Groww Mutual Fund",
        "page_number": [
            23,
            24
        ],
        "scheme_launch_date": "13th December, 2018"
    },
    "GROWW VALUE FUND": {
        "amc_name": "Groww Asset Management Company Limited",
        "benchmark_index": "Nifty 500 TRI",
        "fund_manager": [
            {
                "managing_fund_since": "May 11, 2023",
                "name": "Anupam Tiwari",
                "qualification": "Head-Equity",
                "total_exp": "18 Years"
            }
        ],
        "load": {
            "entry_load": "Not Applicable",
            "exit_load": "a) 1 if redeemed/ switched out within 1 year from the date of allotment. b) NIL, if redeemed/ switched out after 1 year from the date of allotment"
        },
        "main_scheme_name": "GROWW VALUE FUND",
        "metrics": {
            "alpha": null,
            "arithmetic_mean_ratio": null,
            "average_div_yld": null,
            "average_pb": null,
            "average_pe": null,
            "avg_maturity": null,
            "beta": "0.92",
            "correlation_ratio": null,
            "downside_deviation": null,
            "information_ratio": null,
            "macaulay": null,
            "mod_duration": null,
            "port_turnover_ratio": "1.47",
            "r_squared_ratio": "0.93",
            "roe_ratio": null,
            "sharpe": "0.39",
            "sortino_ratio": null,
            "std_dev": "3.9934",
            "tracking_error": null,
            "treynor_ratio": null,
            "upside_deviation": null,
            "ytm": null
        },
        "min_addl_amt": "\u20b9 100",
        "min_addl_amt_multiple": "\u20b9 1",
        "min_amt": "\u20b9 500",
        "min_amt_multiple": "\u20b9 1",
        "monthly_aaum_date": "31-03-2025",
        "monthly_aaum_value": "\u20b9 44.80 Crore",
        "mutual_fund_name": "Groww Mutual Fund",
        "page_number": [
            25,
            26
        ],
        "scheme_launch_date": "8th September, 2015"
    },
    "GROWW ELSS TAX SAVER FUND": {
        "amc_name": "Groww Asset Management Company Limited",
        "benchmark_index": "BSE 500 TRI",
        "fund_manager": [
            {
                "managing_fund_since": "May 11, 2023",
                "name": "Anupam Tiwari",
                "qualification": "Head-Equity",
                "total_exp": "18 Years"
            }
        ],
        "load": {
            "entry_load": "Not Applicable",
            "exit_load": "Nil"
        },
        "main_scheme_name": "GROWW ELSS TAX SAVER FUND",
        "metrics": {
            "alpha": null,
            "arithmetic_mean_ratio": null,
            "average_div_yld": null,
            "average_pb": null,
            "average_pe": null,
            "avg_maturity": null,
            "beta": "0.96",
            "correlation_ratio": null,
            "downside_deviation": null,
            "information_ratio": null,
            "macaulay": null,
            "mod_duration": null,
            "port_turnover_ratio": "1.78",
            "r_squared_ratio": "0.92",
            "roe_ratio": null,
            "sharpe": "0.29",
            "sortino_ratio": null,
            "std_dev": "4.1834",
            "tracking_error": null,
            "treynor_ratio": null,
            "upside_deviation": null,
            "ytm": null
        },
        "min_addl_amt": "\u20b9 500",
        "min_addl_amt_multiple": "\u20b9 1",
        "min_amt": "\u20b9 500",
        "min_amt_multiple": "\u20b9 500",
        "monthly_aaum_date": "31-03-2025",
        "monthly_aaum_value": "\u20b9 44.92 Crore",
        "mutual_fund_name": "Groww Mutual Fund",
        "page_number": [
            27,
            28
        ],
        "scheme_launch_date": "28th December, 2017"
    },
    "GROWW MULTICAP FUND": {
        "amc_name": "Groww Asset Management Company Limited",
        "benchmark_index": "Nifty 500 Multicap 502525 Index TRI",
        "fund_manager": [
            {
                "managing_fund_since": "December 16, 2024",
                "name": "Anupam Tiwari",
                "qualification": "Head-Equity",
                "total_exp": "18 Years"
            }
        ],
        "load": {
            "entry_load": "Not Applicable",
            "exit_load": "a) 1 if redeemed/ switched out within 1 year from the date of allotment. b) NIL, if redeemed/ switched out after 1 year from the date of allotment"
        },
        "main_scheme_name": "GROWW MULTICAP FUND",
        "metrics": {
            "alpha": null,
            "arithmetic_mean_ratio": null,
            "average_div_yld": null,
            "average_pb": null,
            "average_pe": null,
            "avg_maturity": null,
            "beta": null,
            "correlation_ratio": null,
            "downside_deviation": null,
            "information_ratio": null,
            "macaulay": null,
            "mod_duration": null,
            "port_turnover_ratio": null,
            "r_squared_ratio": null,
            "roe_ratio": null,
            "sharpe": null,
            "sortino_ratio": null,
            "std_dev": null,
            "tracking_error": null,
            "treynor_ratio": null,
            "upside_deviation": null,
            "ytm": null
        },
        "min_addl_amt": "\u20b9 100",
        "min_addl_amt_multiple": "\u20b9 1",
        "min_amt": "\u20b9 500",
        "min_amt_multiple": "\u20b9 1",
        "monthly_aaum_date": "31-03-2025",
        "monthly_aaum_value": "\u20b9 72.62 Crore",
        "mutual_fund_name": "Groww Mutual Fund",
        "page_number": [
            29
        ],
        "scheme_launch_date": "16th December, 2024"
    },
    "GROWW Nifty Total Market Index Fund": {
        "amc_name": "Groww Asset Management Company Limited",
        "benchmark_index": "Nifty Total Market Index TRI (Total Return Index)",
        "fund_manager": [
            {
                "managing_fund_since": "January 03, 2024",
                "name": "Abhishek Jain",
                "qualification": "Fund Manager  Dealer  Equity",
                "total_exp": "12 Years"
            },
            {
                "managing_fund_since": "February 21, 2025",
                "name": "Nikhil Satam",
                "qualification": "Fund Manager  Dealer  Equity",
                "total_exp": "06 Years"
            }
        ],
        "load": {
            "entry_load": "Nil",
            "exit_load": "0.25 if redeemed/ switched out within 7 Days from the date of allotment.  Nil - if redeemed/ switched out after 7 Days from the date of allotment"
        },
        "main_scheme_name": "GROWW Nifty Total Market Index Fund",
        "metrics": {
            "alpha": null,
            "arithmetic_mean_ratio": null,
            "average_div_yld": null,
            "average_pb": null,
            "average_pe": null,
            "avg_maturity": null,
            "beta": null,
            "correlation_ratio": null,
            "downside_deviation": null,
            "information_ratio": null,
            "macaulay": null,
            "mod_duration": null,
            "port_turnover_ratio": null,
            "r_squared_ratio": null,
            "roe_ratio": null,
            "sharpe": null,
            "sortino_ratio": null,
            "std_dev": null,
            "tracking_error": null,
            "treynor_ratio": null,
            "upside_deviation": null,
            "ytm": null
        },
        "min_addl_amt": "\u20b9 100",
        "min_addl_amt_multiple": "\u20b9 1",
        "min_amt": "\u20b9 500",
        "min_amt_multiple": "\u20b9 1",
        "monthly_aaum_date": "31-03-2025",
        "monthly_aaum_value": "\u20b9 260.39 Crore",
        "mutual_fund_name": "Groww Mutual Fund",
        "page_number": [
            30,
            31
        ],
        "scheme_launch_date": "23rd October, 2023"
    },
    "GROWW Banking & Financial Services Fund": {
        "amc_name": "Groww Asset Management Company Limited",
        "benchmark_index": "Nifty Financial Services Total Return Index",
        "fund_manager": [
            {
                "managing_fund_since": "Inception",
                "name": "Anupam Tiwari",
                "qualification": "Head-Equity",
                "total_exp": "18 Years"
            },
            {
                "managing_fund_since": "24Th February 2025",
                "name": "Saptarshee Chatterjee",
                "qualification": "Assistant Fund Manager",
                "total_exp": "08 Years"
            }
        ],
        "load": {
            "entry_load": "Nil",
            "exit_load": "For redemption / switch-out of units on or before 30 days from the date of allotment 1.00 of applicable NAV  For redemption / switch-out of units after 30 days from the date of allotment Nil"
        },
        "main_scheme_name": "GROWW Banking & Financial Services Fund",
        "metrics": {
            "alpha": null,
            "arithmetic_mean_ratio": null,
            "average_div_yld": null,
            "average_pb": null,
            "average_pe": null,
            "avg_maturity": null,
            "beta": null,
            "correlation_ratio": null,
            "downside_deviation": null,
            "information_ratio": null,
            "macaulay": null,
            "mod_duration": null,
            "port_turnover_ratio": null,
            "r_squared_ratio": null,
            "roe_ratio": null,
            "sharpe": null,
            "sortino_ratio": null,
            "std_dev": null,
            "tracking_error": null,
            "treynor_ratio": null,
            "upside_deviation": null,
            "ytm": null
        },
        "min_addl_amt": "\u20b9 100",
        "min_addl_amt_multiple": "\u20b9 1",
        "min_amt": "\u20b9 500",
        "min_amt_multiple": "\u20b9 1",
        "monthly_aaum_date": "31-03-2025",
        "monthly_aaum_value": "\u20b9 46.37 Crore",
        "mutual_fund_name": "Groww Mutual Fund",
        "page_number": [
            32
        ],
        "scheme_launch_date": "6th February, 2024"
    },
    "GROWW Nifty Smallcap 250 Index Fund": {
        "amc_name": "Groww Asset Management Company Limited",
        "benchmark_index": "Nifty Smallcap 250 Index TRI (Total Return Index)",
        "fund_manager": [
            {
                "managing_fund_since": "February 29, 2024",
                "name": "Abhishek Jain",
                "qualification": "Fund Manager  Dealer  Equity",
                "total_exp": "12 Years"
            },
            {
                "managing_fund_since": "February 21, 2025",
                "name": "Nikhil Satam",
                "qualification": "Fund Manager  Dealer  Equity",
                "total_exp": "06 Years"
            }
        ],
        "load": {
            "entry_load": "Not Applicable",
            "exit_load": "0.25 if redeemed/ switched out within 7 Days from the date of allotment.  Nil - if redeemed/ switched out after 7 Days from the date of allotment"
        },
        "main_scheme_name": "GROWW Nifty Smallcap 250 Index Fund",
        "metrics": {
            "alpha": null,
            "arithmetic_mean_ratio": null,
            "average_div_yld": null,
            "average_pb": null,
            "average_pe": null,
            "avg_maturity": null,
            "beta": null,
            "correlation_ratio": null,
            "downside_deviation": null,
            "information_ratio": null,
            "macaulay": null,
            "mod_duration": null,
            "port_turnover_ratio": null,
            "r_squared_ratio": null,
            "roe_ratio": null,
            "sharpe": null,
            "sortino_ratio": null,
            "std_dev": null,
            "tracking_error": null,
            "treynor_ratio": null,
            "upside_deviation": null,
            "ytm": null
        },
        "min_addl_amt": "\u20b9 500",
        "min_addl_amt_multiple": "\u20b9 1",
        "min_amt": "\u20b9 500",
        "min_amt_multiple": "\u20b9 1",
        "monthly_aaum_date": "31-03-2025",
        "monthly_aaum_value": "\u20b9 88.99 Crore",
        "mutual_fund_name": "Groww Mutual Fund",
        "page_number": [
            34
        ],
        "scheme_launch_date": "29th February, 2024"
    },
    "GROWW Nifty EV & New Age Automotive ETF": {
        "amc_name": "Groww Asset Management Company Limited",
        "benchmark_index": "Nifty EV and New Age Automotive Index-TRI",
        "fund_manager": [
            {
                "managing_fund_since": "August 07, 2024",
                "name": "Abhishek Jain",
                "qualification": "Fund Manager  Dealer  Equity",
                "total_exp": "12 Years"
            },
            {
                "managing_fund_since": "February 21, 2025",
                "name": "Nikhil Satam",
                "qualification": "Fund Manager  Dealer  Equity",
                "total_exp": "06 Years"
            }
        ],
        "load": {
            "entry_load": "Nil",
            "exit_load": "Nil"
        },
        "main_scheme_name": "GROWW Nifty EV & New Age Automotive ETF",
        "metrics": {
            "alpha": null,
            "arithmetic_mean_ratio": null,
            "average_div_yld": null,
            "average_pb": null,
            "average_pe": null,
            "avg_maturity": null,
            "beta": null,
            "correlation_ratio": null,
            "downside_deviation": null,
            "information_ratio": null,
            "macaulay": null,
            "mod_duration": null,
            "port_turnover_ratio": null,
            "r_squared_ratio": null,
            "roe_ratio": null,
            "sharpe": null,
            "sortino_ratio": null,
            "std_dev": null,
            "tracking_error": null,
            "treynor_ratio": null,
            "upside_deviation": null,
            "ytm": null
        },
        "min_addl_amt": "\u20b9 500",
        "min_addl_amt_multiple": "\u20b9 1",
        "min_amt": "\u20b9 500",
        "min_amt_multiple": "\u20b9 1",
        "monthly_aaum_date": "31-03-2025",
        "monthly_aaum_value": "\u20b9 226.87 Crore",
        "mutual_fund_name": "Groww Mutual Fund",
        "page_number": [
            36
        ],
        "scheme_launch_date": "07th August, 2024"
    },
    "GROWW Nifty EV & New Age Automotive ETF FOF": {
        "amc_name": "Groww Asset Management Company Limited",
        "benchmark_index": "Nifty EV and New Age Automotive Index-TRI",
        "fund_manager": [
            {
                "managing_fund_since": "August 12, 2024",
                "name": "Abhishek Jain",
                "qualification": "Fund Manager  Dealer  Equity",
                "total_exp": "12 Years"
            },
            {
                "managing_fund_since": "February 21, 2025",
                "name": "Nikhil Satam",
                "qualification": "Fund Manager  Dealer  Equity",
                "total_exp": "06 Years"
            }
        ],
        "load": {
            "entry_load": "Nil",
            "exit_load": "If redeemed within 30 days from the date of allotment 1 If redeemed after 30 days from the date of allotment NIL"
        },
        "main_scheme_name": "GROWW Nifty EV & New Age Automotive ETF FOF",
        "metrics": {
            "alpha": null,
            "arithmetic_mean_ratio": null,
            "average_div_yld": null,
            "average_pb": null,
            "average_pe": null,
            "avg_maturity": null,
            "beta": null,
            "correlation_ratio": null,
            "downside_deviation": null,
            "information_ratio": null,
            "macaulay": null,
            "mod_duration": null,
            "port_turnover_ratio": null,
            "r_squared_ratio": null,
            "roe_ratio": null,
            "sharpe": null,
            "sortino_ratio": null,
            "std_dev": null,
            "tracking_error": null,
            "treynor_ratio": null,
            "upside_deviation": null,
            "ytm": null
        },
        "min_addl_amt": "\u20b9 500",
        "min_addl_amt_multiple": "\u20b9 1",
        "min_amt": "\u20b9 500",
        "min_amt_multiple": "\u20b9 1",
        "monthly_aaum_date": "31-03-2025",
        "monthly_aaum_value": "\u20b9 114.54 Crore",
        "mutual_fund_name": "Groww Mutual Fund",
        "page_number": [
            38
        ],
        "scheme_launch_date": "12th August, 2024"
    },
    "GROWW Nifty Non-Cyclical Consumer Index Fund": {
        "amc_name": "Groww Asset Management Company Limited",
        "benchmark_index": "Nifty Non-Cyclical Consumer Index TRI (Total Return Index)",
        "fund_manager": [
            {
                "managing_fund_since": "May 22, 2024",
                "name": "Abhishek Jain",
                "qualification": "Fund Manager  Dealer  Equity",
                "total_exp": "12 Years"
            },
            {
                "managing_fund_since": "February 21, 2025",
                "name": "Nikhil Satam",
                "qualification": "Fund Manager  Dealer  Equity",
                "total_exp": "06 Years"
            }
        ],
        "load": {
            "entry_load": "Nil",
            "exit_load": "In respect of each purchase/switch-in of units, an Exit load of 1 is payable if units are redeemed/switched-out within 30 days from the date of allotment.  No Exit Load is payable if units are redeemed / switched-out after 30 days from the date of allotment. No Entry / Exit Load shall be levied on Units allotted on Re-investment of Income Distribution cum Capital Withdrawal. In respect of Systematic Transactions such as SIP, STP, etc. Exit Load, if any, prevailing on the date of registration / enrolment shall be levied."
        },
        "main_scheme_name": "GROWW Nifty Non-Cyclical Consumer Index Fund",
        "metrics": {
            "alpha": null,
            "arithmetic_mean_ratio": null,
            "average_div_yld": null,
            "average_pb": null,
            "average_pe": null,
            "avg_maturity": null,
            "beta": null,
            "correlation_ratio": null,
            "downside_deviation": null,
            "information_ratio": null,
            "macaulay": null,
            "mod_duration": null,
            "port_turnover_ratio": null,
            "r_squared_ratio": null,
            "roe_ratio": null,
            "sharpe": null,
            "sortino_ratio": null,
            "std_dev": null,
            "tracking_error": null,
            "treynor_ratio": null,
            "upside_deviation": null,
            "ytm": null
        },
        "min_addl_amt": "\u20b9 500",
        "min_addl_amt_multiple": "\u20b9 1",
        "min_amt": "\u20b9 500",
        "min_amt_multiple": "\u20b9 1",
        "monthly_aaum_date": "31-03-2025",
        "monthly_aaum_value": "\u20b9 44.37 Crore",
        "mutual_fund_name": "Groww Mutual Fund",
        "page_number": [
            39
        ],
        "scheme_launch_date": "22nd May, 2024"
    },
    "GROWW Nifty 1D Rate Liquid ETF": {
        "amc_name": "Groww Asset Management Company Limited",
        "benchmark_index": "Nifty 1D Rate Index -TRI",
        "fund_manager": [],
        "load": {
            "entry_load": "Nil",
            "exit_load": "NiL"
        },
        "main_scheme_name": "GROWW Nifty 1D Rate Liquid ETF",
        "metrics": {
            "alpha": null,
            "arithmetic_mean_ratio": null,
            "average_div_yld": null,
            "average_pb": null,
            "average_pe": null,
            "avg_maturity": "3.00 Days",
            "beta": null,
            "correlation_ratio": null,
            "downside_deviation": null,
            "information_ratio": null,
            "macaulay": "3.00 Days",
            "mod_duration": "3.00 Days",
            "port_turnover_ratio": null,
            "r_squared_ratio": null,
            "roe_ratio": null,
            "sharpe": null,
            "sortino_ratio": null,
            "std_dev": null,
            "tracking_error": null,
            "treynor_ratio": null,
            "upside_deviation": null,
            "ytm": "6.35"
        },
        "min_addl_amt": "\u20b9 500",
        "min_addl_amt_multiple": "\u20b9 1",
        "min_amt": "\u20b9 500",
        "min_amt_multiple": "\u20b9 1",
        "monthly_aaum_date": "31-03-2025",
        "monthly_aaum_value": "\u20b9 53.74 Crore",
        "mutual_fund_name": "Groww Mutual Fund",
        "page_number": [
            41
        ],
        "scheme_launch_date": "24th September, 2024"
    },
    "GROWW    Nifty India Defence ETF": {
        "amc_name": "Groww Asset Management Company Limited",
        "benchmark_index": "Nifty India Defence Index - TRI",
        "fund_manager": [
            {
                "managing_fund_since": "Inception",
                "name": "Abhishek Jain",
                "qualification": "Fund Manager  Dealer  Equity",
                "total_exp": "12 Years"
            },
            {
                "managing_fund_since": "February 21, 2025",
                "name": "Nikhil Satam",
                "qualification": "Fund Manager  Dealer  Equity",
                "total_exp": "06 Years"
            }
        ],
        "load": {
            "entry_load": "Nil",
            "exit_load": "NiL"
        },
        "main_scheme_name": "GROWW    Nifty India Defence ETF",
        "metrics": {
            "alpha": null,
            "arithmetic_mean_ratio": null,
            "average_div_yld": null,
            "average_pb": null,
            "average_pe": null,
            "avg_maturity": null,
            "beta": null,
            "correlation_ratio": null,
            "downside_deviation": null,
            "information_ratio": null,
            "macaulay": null,
            "mod_duration": null,
            "port_turnover_ratio": null,
            "r_squared_ratio": null,
            "roe_ratio": null,
            "sharpe": null,
            "sortino_ratio": null,
            "std_dev": null,
            "tracking_error": null,
            "treynor_ratio": null,
            "upside_deviation": null,
            "ytm": null
        },
        "min_addl_amt": "\u20b9 500",
        "min_addl_amt_multiple": "\u20b9 1",
        "min_amt": "\u20b9 500",
        "min_amt_multiple": "\u20b9 1",
        "monthly_aaum_date": "31-03-2025",
        "monthly_aaum_value": "\u20b9 75.89 Crore",
        "mutual_fund_name": "Groww Mutual Fund",
        "page_number": [
            42
        ],
        "scheme_launch_date": "08th October, 2024"
    },
    "GROWW Nifty India Defence ETF FOF": {
        "amc_name": "Groww Asset Management Company Limited",
        "benchmark_index": "Nifty India Defence Index - TRI",
        "fund_manager": [
            {
                "managing_fund_since": "Inception",
                "name": "Abhishek Jain",
                "qualification": "Fund Manager  Dealer  Equity",
                "total_exp": "12 Years"
            },
            {
                "managing_fund_since": "February 21, 2025",
                "name": "Nikhil Satam",
                "qualification": "Fund Manager  Dealer  Equity",
                "total_exp": "06 Years"
            }
        ],
        "load": {
            "entry_load": "Nil",
            "exit_load": "If redeemed within 30 days from the date of allotment 1 If redeemed after 30 days from the date of allotment NIL"
        },
        "main_scheme_name": "GROWW Nifty India Defence ETF FOF",
        "metrics": {
            "alpha": null,
            "arithmetic_mean_ratio": null,
            "average_div_yld": null,
            "average_pb": null,
            "average_pe": null,
            "avg_maturity": null,
            "beta": null,
            "correlation_ratio": null,
            "downside_deviation": null,
            "information_ratio": null,
            "macaulay": null,
            "mod_duration": null,
            "port_turnover_ratio": null,
            "r_squared_ratio": null,
            "roe_ratio": null,
            "sharpe": null,
            "sortino_ratio": null,
            "std_dev": null,
            "tracking_error": null,
            "treynor_ratio": null,
            "upside_deviation": null,
            "ytm": null
        },
        "min_addl_amt": "\u20b9 500",
        "min_addl_amt_multiple": "\u20b9 1",
        "min_amt": "\u20b9 500",
        "min_amt_multiple": "\u20b9 1",
        "monthly_aaum_date": "31-03-2025",
        "monthly_aaum_value": "\u20b9 27.72 Crore",
        "mutual_fund_name": "Groww Mutual Fund",
        "page_number": [
            43
        ],
        "scheme_launch_date": "11th October, 2024"
    },
    "GROWW      Gold ETF": {
        "amc_name": "Groww Asset Management Company Limited",
        "benchmark_index": "Domestic Price of Physical Gold",
        "fund_manager": [
            {
                "managing_fund_since": "Inception",
                "name": "Wilfred Gonsalves",
                "qualification": "",
                "total_exp": "07 Years"
            }
        ],
        "load": {
            "entry_load": "Nil",
            "exit_load": "NiL"
        },
        "main_scheme_name": "GROWW      Gold ETF",
        "metrics": {
            "alpha": null,
            "arithmetic_mean_ratio": null,
            "average_div_yld": null,
            "average_pb": null,
            "average_pe": null,
            "avg_maturity": null,
            "beta": null,
            "correlation_ratio": null,
            "downside_deviation": null,
            "information_ratio": null,
            "macaulay": null,
            "mod_duration": null,
            "port_turnover_ratio": null,
            "r_squared_ratio": null,
            "roe_ratio": null,
            "sharpe": null,
            "sortino_ratio": null,
            "std_dev": null,
            "tracking_error": null,
            "treynor_ratio": null,
            "upside_deviation": null,
            "ytm": null
        },
        "min_addl_amt": "\u20b9 500",
        "min_addl_amt_multiple": "\u20b9 1",
        "min_amt": "\u20b9 500",
        "min_amt_multiple": "\u20b9 1",
        "monthly_aaum_date": "31-03-2025",
        "monthly_aaum_value": "\u20b9 69.12 Crore",
        "mutual_fund_name": "Groww Mutual Fund",
        "page_number": [
            44
        ],
        "scheme_launch_date": "22nd October, 2024"
    },
    "GROWW Gold ETF FOF": {
        "amc_name": "Groww Asset Management Company Limited",
        "benchmark_index": "Domestic Price of Gold",
        "fund_manager": [
            {
                "managing_fund_since": "Inception",
                "name": "Wilfred Gonsalves",
                "qualification": "",
                "total_exp": "07 Years"
            }
        ],
        "load": {
            "entry_load": "Nil",
            "exit_load": "If redeemed within 30 days from the date of allotment 1 If redeemed after 30 days from the date of allotment NIL"
        },
        "main_scheme_name": "GROWW Gold ETF FOF",
        "metrics": {
            "alpha": null,
            "arithmetic_mean_ratio": null,
            "average_div_yld": null,
            "average_pb": null,
            "average_pe": null,
            "avg_maturity": null,
            "beta": null,
            "correlation_ratio": null,
            "downside_deviation": null,
            "information_ratio": null,
            "macaulay": null,
            "mod_duration": null,
            "port_turnover_ratio": null,
            "r_squared_ratio": null,
            "roe_ratio": null,
            "sharpe": null,
            "sortino_ratio": null,
            "std_dev": null,
            "tracking_error": null,
            "treynor_ratio": null,
            "upside_deviation": null,
            "ytm": null
        },
        "min_addl_amt": "\u20b9 500",
        "min_addl_amt_multiple": "\u20b9 1",
        "min_amt": "\u20b9 500",
        "min_amt_multiple": "\u20b9 1",
        "monthly_aaum_date": "31-03-2025",
        "monthly_aaum_value": "\u20b9 19.66Crore",
        "mutual_fund_name": "Groww Mutual Fund",
        "page_number": [
            45
        ],
        "scheme_launch_date": "06th November, 2024"
    },
    "GROWW Nifty India Railways PSU Index Fund": {
        "amc_name": "Groww Asset Management Company Limited",
        "benchmark_index": "Nifty India Railways PSU Index - TRI.",
        "fund_manager": [
            {
                "managing_fund_since": "Inception",
                "name": "Abhishek Jain",
                "qualification": "Fund Manager  Dealer  Equity",
                "total_exp": "12 Years"
            },
            {
                "managing_fund_since": "February 21, 2025",
                "name": "Nikhil Satam",
                "qualification": "",
                "total_exp": "06 Years"
            }
        ],
        "load": {
            "entry_load": "Nil",
            "exit_load": "1, if redeemed within 30 days"
        },
        "main_scheme_name": "GROWW Nifty India Railways PSU Index Fund",
        "metrics": {
            "alpha": null,
            "arithmetic_mean_ratio": null,
            "average_div_yld": null,
            "average_pb": null,
            "average_pe": null,
            "avg_maturity": null,
            "beta": null,
            "correlation_ratio": null,
            "downside_deviation": null,
            "information_ratio": null,
            "macaulay": null,
            "mod_duration": null,
            "port_turnover_ratio": null,
            "r_squared_ratio": null,
            "roe_ratio": null,
            "sharpe": null,
            "sortino_ratio": null,
            "std_dev": null,
            "tracking_error": null,
            "treynor_ratio": null,
            "upside_deviation": null,
            "ytm": null
        },
        "min_addl_amt": "\u20b9 500",
        "min_addl_amt_multiple": "\u20b9 1",
        "min_amt": "\u20b9 500",
        "min_amt_multiple": "\u20b9 1",
        "monthly_aaum_date": "31-03-2025",
        "monthly_aaum_value": "\u20b9 20.44 Crore",
        "mutual_fund_name": "Groww Mutual Fund",
        "page_number": [
            46
        ],
        "scheme_launch_date": "04th February, 2025"
    },
    "GROWW  Nifty India Railways PSU ETF": {
        "amc_name": "Groww Asset Management Company Limited",
        "benchmark_index": "Nifty India Railways PSU India- TRI",
        "fund_manager": [
            {
                "managing_fund_since": "Inception",
                "name": "Abhishek Jain",
                "qualification": "Fund Manager  Dealer  Equity",
                "total_exp": "12 Years"
            },
            {
                "managing_fund_since": "February 21, 2025",
                "name": "Nikhil Satam",
                "qualification": "",
                "total_exp": "06 Years"
            }
        ],
        "load": {
            "entry_load": "Nil",
            "exit_load": "NIL"
        },
        "main_scheme_name": "GROWW  Nifty India Railways PSU ETF",
        "metrics": {
            "alpha": null,
            "arithmetic_mean_ratio": null,
            "average_div_yld": null,
            "average_pb": null,
            "average_pe": null,
            "avg_maturity": null,
            "beta": null,
            "correlation_ratio": null,
            "downside_deviation": null,
            "information_ratio": null,
            "macaulay": null,
            "mod_duration": null,
            "port_turnover_ratio": null,
            "r_squared_ratio": null,
            "roe_ratio": null,
            "sharpe": null,
            "sortino_ratio": null,
            "std_dev": null,
            "tracking_error": null,
            "treynor_ratio": null,
            "upside_deviation": null,
            "ytm": null
        },
        "min_addl_amt": "\u20b9 500",
        "min_addl_amt_multiple": "\u20b9 1",
        "min_amt": "\u20b9 500",
        "min_amt_multiple": "\u20b9 1",
        "monthly_aaum_date": "31-03-2025",
        "monthly_aaum_value": "\u20b9 24.75 Crore",
        "mutual_fund_name": "Groww Mutual Fund",
        "page_number": [
            47
        ],
        "scheme_launch_date": "05th February, 2025"
    },
    "GROWW  Nifty 200 ETF": {
        "amc_name": "Groww Asset Management Company Limited",
        "benchmark_index": "Nifty 200 Index TRI",
        "fund_manager": [
            {
                "managing_fund_since": "Inception",
                "name": "Abhishek Jain",
                "qualification": "Fund Manager  Dealer  Equity",
                "total_exp": "12 Years"
            }
        ],
        "load": {
            "entry_load": "Nil",
            "exit_load": "NIL"
        },
        "main_scheme_name": "GROWW  Nifty 200 ETF",
        "metrics": {
            "alpha": null,
            "arithmetic_mean_ratio": null,
            "average_div_yld": null,
            "average_pb": null,
            "average_pe": null,
            "avg_maturity": null,
            "beta": null,
            "correlation_ratio": null,
            "downside_deviation": null,
            "information_ratio": null,
            "macaulay": null,
            "mod_duration": null,
            "port_turnover_ratio": null,
            "r_squared_ratio": null,
            "roe_ratio": null,
            "sharpe": null,
            "sortino_ratio": null,
            "std_dev": null,
            "tracking_error": null,
            "treynor_ratio": null,
            "upside_deviation": null,
            "ytm": null
        },
        "min_addl_amt": "\u20b9 500",
        "min_addl_amt_multiple": "\u20b9 1",
        "min_amt": "\u20b9 500",
        "min_amt_multiple": "\u20b9 1",
        "monthly_aaum_date": "31-03-2025",
        "monthly_aaum_value": "\u20b9 9.79   Crore",
        "mutual_fund_name": "Groww Mutual Fund",
        "page_number": [
            48
        ],
        "scheme_launch_date": "25th February, 2025"
    },
    "GROWW OVERNIGHT FUND": {
        "amc_name": "Groww Asset Management Company Limited",
        "benchmark_index": "CRISIL Liquid Overnight Index",
        "fund_manager": [
            {
                "managing_fund_since": "May 11, 2023",
                "name": "Kaustubh Sule",
                "qualification": "",
                "total_exp": "17 Years"
            }
        ],
        "load": {
            "entry_load": "Not Applicable",
            "exit_load": "Nil"
        },
        "main_scheme_name": "GROWW OVERNIGHT FUND",
        "metrics": {
            "alpha": null,
            "arithmetic_mean_ratio": null,
            "average_div_yld": null,
            "average_pb": null,
            "average_pe": null,
            "avg_maturity": "2.96 Days",
            "beta": null,
            "correlation_ratio": null,
            "downside_deviation": null,
            "information_ratio": null,
            "macaulay": "2.96 Days",
            "mod_duration": "2.96 Days",
            "port_turnover_ratio": null,
            "r_squared_ratio": null,
            "roe_ratio": null,
            "sharpe": null,
            "sortino_ratio": null,
            "std_dev": null,
            "tracking_error": null,
            "treynor_ratio": null,
            "upside_deviation": null,
            "ytm": "6.36"
        },
        "min_addl_amt": "\u20b9 100",
        "min_addl_amt_multiple": "\u20b9 1",
        "min_amt": "\u20b9 500",
        "min_amt_multiple": "\u20b9 1",
        "monthly_aaum_date": "31-03-2025",
        "monthly_aaum_value": "\u20b9 28.09 Crore",
        "mutual_fund_name": "Groww Mutual Fund",
        "page_number": [
            49
        ],
        "scheme_launch_date": "08th July, 2019"
    },
    "GROWW LIQUID FUND": {
        "amc_name": "Groww Asset Management Company Limited",
        "benchmark_index": "CRISIL Liquid Debt A-I Index",
        "fund_manager": [
            {
                "managing_fund_since": "May 11, 2023",
                "name": "Kaustubh Sule",
                "qualification": "",
                "total_exp": "17 Years"
            }
        ],
        "load": {
            "entry_load": "Not Applicable",
            "exit_load": "Investor exit Day 7 Day 1 Day 2 Day 3 Day 4 Day 5 Day 6 upon subscription onwards Exit Load as a  of redemption proceeds 0.00700.00650.00600.00550.00500.0045 0.0000 The date of applicable NAV towards redemption units shall be considered for calculating the number of subscription days."
        },
        "main_scheme_name": "GROWW LIQUID FUND",
        "metrics": {
            "alpha": null,
            "arithmetic_mean_ratio": null,
            "average_div_yld": null,
            "average_pb": null,
            "average_pe": null,
            "avg_maturity": "32.68 Days",
            "beta": null,
            "correlation_ratio": null,
            "downside_deviation": null,
            "information_ratio": null,
            "macaulay": "32.49 Days",
            "mod_duration": "32.34 Days",
            "port_turnover_ratio": null,
            "r_squared_ratio": null,
            "roe_ratio": null,
            "sharpe": null,
            "sortino_ratio": null,
            "std_dev": null,
            "tracking_error": null,
            "treynor_ratio": null,
            "upside_deviation": null,
            "ytm": "7.02"
        },
        "min_addl_amt": "\u20b9 100",
        "min_addl_amt_multiple": "\u20b9 1",
        "min_amt": "\u20b9 500",
        "min_amt_multiple": "\u20b9 1",
        "monthly_aaum_date": "31-03-2025",
        "monthly_aaum_value": "\u20b9 174.23 Crore",
        "mutual_fund_name": "Groww Mutual Fund",
        "page_number": [
            50,
            51
        ],
        "scheme_launch_date": "25th October, 2011"
    },
    "GROWW SHORT DURATION FUND": {
        "amc_name": "Groww Asset Management Company Limited",
        "benchmark_index": "CRISIL Short Duration Debt A-II Index",
        "fund_manager": [
            {
                "managing_fund_since": "May 11, 2023",
                "name": "Kaustubh Sule",
                "qualification": "",
                "total_exp": "17 Years"
            }
        ],
        "load": {
            "entry_load": "Not Applicable",
            "exit_load": "Nil"
        },
        "main_scheme_name": "GROWW SHORT DURATION FUND",
        "metrics": {
            "alpha": null,
            "arithmetic_mean_ratio": null,
            "average_div_yld": null,
            "average_pb": null,
            "average_pe": null,
            "avg_maturity": "3.05 Years",
            "beta": null,
            "correlation_ratio": null,
            "downside_deviation": null,
            "information_ratio": null,
            "macaulay": "2.68 Years",
            "mod_duration": "2.54 Years",
            "port_turnover_ratio": null,
            "r_squared_ratio": null,
            "roe_ratio": null,
            "sharpe": null,
            "sortino_ratio": null,
            "std_dev": null,
            "tracking_error": null,
            "treynor_ratio": null,
            "upside_deviation": null,
            "ytm": "7.27"
        },
        "min_addl_amt": "\u20b9 100",
        "min_addl_amt_multiple": "\u20b9 1",
        "min_amt": "\u20b9 500",
        "min_amt_multiple": "\u20b9 1",
        "monthly_aaum_date": "31-03-2025",
        "monthly_aaum_value": "\u20b9 61.83 Crore",
        "mutual_fund_name": "Groww Mutual Fund",
        "page_number": [
            52,
            53
        ],
        "scheme_launch_date": "13th September, 2013"
    },
    "GROWW DYNAMIC BOND FUND": {
        "amc_name": "Groww Asset Management Company Limited",
        "benchmark_index": "CRISIL Dynamic Bond A-III Index",
        "fund_manager": [
            {
                "managing_fund_since": "May 11, 2023",
                "name": "Kaustubh Sule",
                "qualification": "",
                "total_exp": "17 Years"
            }
        ],
        "load": {
            "entry_load": "Not Applicable",
            "exit_load": "Nil"
        },
        "main_scheme_name": "GROWW DYNAMIC BOND FUND",
        "metrics": {
            "alpha": null,
            "arithmetic_mean_ratio": null,
            "average_div_yld": null,
            "average_pb": null,
            "average_pe": null,
            "avg_maturity": "24.99 Years",
            "beta": null,
            "correlation_ratio": null,
            "downside_deviation": null,
            "information_ratio": null,
            "macaulay": "9.04 Years",
            "mod_duration": "8.70 Years",
            "port_turnover_ratio": null,
            "r_squared_ratio": null,
            "roe_ratio": null,
            "sharpe": null,
            "sortino_ratio": null,
            "std_dev": null,
            "tracking_error": null,
            "treynor_ratio": null,
            "upside_deviation": null,
            "ytm": "7.17"
        },
        "min_addl_amt": "\u20b9 100",
        "min_addl_amt_multiple": "\u20b9 1",
        "min_amt": "\u20b9 500",
        "min_amt_multiple": "\u20b9 1",
        "monthly_aaum_date": "31-03-2025",
        "monthly_aaum_value": "\u20b9 56.73 Crore",
        "mutual_fund_name": "Groww Mutual Fund",
        "page_number": [
            54
        ],
        "scheme_launch_date": "06th December, 2018"
    }
}