{
    "quant Small Cap Fund": {
        "amc_name": "Quant Money Managers Limited",
        "benchmark_index": "NIFTY SMALLCAP 250 TRI",
        "fund_manager": [
            {
                "managing_fund_since": "",
                "name": "Sandeep Tandon",
                "qualification": "",
                "total_exp": ""
            },
            {
                "managing_fund_since": "",
                "name": "Ankit Pande",
                "qualification": "",
                "total_exp": ""
            },
            {
                "managing_fund_since": "",
                "name": "Varun Pattani",
                "qualification": "",
                "total_exp": ""
            },
            {
                "managing_fund_since": "",
                "name": "Ayusha Kumbhat",
                "qualification": "",
                "total_exp": ""
            },
            {
                "managing_fund_since": "",
                "name": "Sanjeev Sharma",
                "qualification": "",
                "total_exp": ""
            }
        ],
        "load": {
            "entry_load": "Nil",
            "exit_load": "1 if exit  1 Year NAV Details  Pleaseclick here EXPENSE RATIO  Please click here (For both Direct and Reqular plans) BENCHMARK INDEX NIFTY SMALLCAP 250 TRI Scheme Riskometer Benchmark Riskometer Investors should consult their financial advisers if in doubt about whether the product is suitable for them As on February 28, 2025"
        },
        "main_scheme_name": "quant Small Cap Fund",
        "metrics": {
            "alpha": "13.89",
            "arithmetic_mean_ratio": null,
            "average_div_yld": null,
            "average_pb": null,
            "average_pe": null,
            "avg_maturity": null,
            "beta": null,
            "correlation_ratio": null,
            "downside_deviation": null,
            "information_ratio": null,
            "macaulay": null,
            "mod_duration": null,
            "port_turnover_ratio": null,
            "r_squared_ratio": "0.83",
            "roe_ratio": null,
            "sharpe": "1.27",
            "sortino_ratio": "2.15",
            "std_dev": "23.29",
            "tracking_error": null,
            "treynor_ratio": null,
            "upside_deviation": null,
            "ytm": null
        },
        "min_addl_amt": "\u20b9 1000",
        "min_addl_amt_multiple": "\u20b9 1",
        "min_amt": "\u20b9 5000",
        "min_amt_multiple": "\u20b9 1",
        "monthly_aaum_date": "31-03-2025",
        "monthly_aaum_value": "\u20b9 2.61 bn",
        "mutual_fund_name": "Quant Mutual Fund",
        "page_number": [
            13
        ],
        "scheme_launch_date": "29 October 1996"
    },
    "quant ELSS Tax Saver Fund": {
        "amc_name": "Quant Money Managers Limited",
        "benchmark_index": "NIFTY 500 TRI",
        "fund_manager": [
            {
                "managing_fund_since": "",
                "name": "Sandeep Tandon",
                "qualification": "",
                "total_exp": ""
            },
            {
                "managing_fund_since": "",
                "name": "Ankit Pande",
                "qualification": "",
                "total_exp": ""
            },
            {
                "managing_fund_since": "",
                "name": "Varun Pattani",
                "qualification": "",
                "total_exp": ""
            },
            {
                "managing_fund_since": "",
                "name": "Ayusha Kumbhat",
                "qualification": "",
                "total_exp": ""
            },
            {
                "managing_fund_since": "",
                "name": "Sanjeev Sharma",
                "qualification": "",
                "total_exp": ""
            }
        ],
        "load": {
            "entry_load": "Nil",
            "exit_load": "Nil NAV Details  Pleaseclick here EXPENSE RATIO  Please click here (For both Direct and Reqular plans) BENCHMARK INDEX NIFTY 500 TRI Scheme Riskometer Benchmark Riskometer Investors should consult their financial advisers if in doubt about whether the product is suitable for them As on February 28, 2025"
        },
        "main_scheme_name": "quant ELSS Tax Saver Fund",
        "metrics": {
            "alpha": "10.28",
            "arithmetic_mean_ratio": null,
            "average_div_yld": null,
            "average_pb": null,
            "average_pe": null,
            "avg_maturity": null,
            "beta": null,
            "correlation_ratio": null,
            "downside_deviation": null,
            "information_ratio": null,
            "macaulay": null,
            "mod_duration": null,
            "port_turnover_ratio": null,
            "r_squared_ratio": "0.79",
            "roe_ratio": null,
            "sharpe": "1.07",
            "sortino_ratio": "1.71",
            "std_dev": "18.18",
            "tracking_error": null,
            "treynor_ratio": null,
            "upside_deviation": null,
            "ytm": null
        },
        "min_addl_amt": "\u20b9 500",
        "min_addl_amt_multiple": "\u20b9 1",
        "min_amt": "\u20b9 500",
        "min_amt_multiple": "\u20b9 1",
        "monthly_aaum_date": "31-03-2025",
        "monthly_aaum_value": "\u20b9 1.09 bn",
        "mutual_fund_name": "Quant Mutual Fund",
        "page_number": [
            15
        ],
        "scheme_launch_date": "13 April 2000"
    },
    "quant Active Fund": {
        "amc_name": "Quant Money Managers Limited",
        "benchmark_index": "NIFTY 500 MULTICAP 502525 TRI",
        "fund_manager": [
            {
                "managing_fund_since": "",
                "name": "Sandeep Tandon",
                "qualification": "",
                "total_exp": ""
            },
            {
                "managing_fund_since": "",
                "name": "Ankit Pande",
                "qualification": "",
                "total_exp": ""
            },
            {
                "managing_fund_since": "",
                "name": "Lokesh Garg",
                "qualification": "",
                "total_exp": ""
            },
            {
                "managing_fund_since": "",
                "name": "Varun Pattani",
                "qualification": "",
                "total_exp": ""
            },
            {
                "managing_fund_since": "",
                "name": "Ayusha Kumbhat",
                "qualification": "",
                "total_exp": ""
            },
            {
                "managing_fund_since": "",
                "name": "Sanjeev Sharma",
                "qualification": "",
                "total_exp": ""
            }
        ],
        "load": {
            "entry_load": "Nil",
            "exit_load": "1 for 15 days NAV Details  Pleaseclick here EXPENSE RATIO  Please click here (For both Direct and Reqular plans) BENCHMARK INDEX NIFTY 500 MULTICAP 502525 TRI Scheme Riskometer Benchmark Riskometer Investors should consult their financial advisers if in doubt about whether the product is suitable for them As on February 28, 2025"
        },
        "main_scheme_name": "quant Active Fund",
        "metrics": {
            "alpha": "5.05",
            "arithmetic_mean_ratio": null,
            "average_div_yld": null,
            "average_pb": null,
            "average_pe": null,
            "avg_maturity": null,
            "beta": null,
            "correlation_ratio": null,
            "downside_deviation": null,
            "information_ratio": null,
            "macaulay": null,
            "mod_duration": null,
            "port_turnover_ratio": null,
            "r_squared_ratio": "0.83",
            "roe_ratio": null,
            "sharpe": "0.95",
            "sortino_ratio": "1.50",
            "std_dev": "17.73",
            "tracking_error": null,
            "treynor_ratio": null,
            "upside_deviation": null,
            "ytm": null
        },
        "min_addl_amt": "\u20b9 1000",
        "min_addl_amt_multiple": "\u20b9 1",
        "min_amt": "\u20b9 5000",
        "min_amt_multiple": "\u20b9 1",
        "monthly_aaum_date": "31-03-2025",
        "monthly_aaum_value": "\u20b9 1.00 bn",
        "mutual_fund_name": "Quant Mutual Fund",
        "page_number": [
            17
        ],
        "scheme_launch_date": "17 April 2001"
    },
    "quant Mid Cap Fund": {
        "amc_name": "Quant Money Managers Limited",
        "benchmark_index": "NIFTY MIDCAP 150 TRI",
        "fund_manager": [
            {
                "managing_fund_since": "",
                "name": "Sandeep Tandon",
                "qualification": "",
                "total_exp": ""
            },
            {
                "managing_fund_since": "",
                "name": "Ankit Pande",
                "qualification": "",
                "total_exp": ""
            },
            {
                "managing_fund_since": "",
                "name": "Varun Pattani",
                "qualification": "",
                "total_exp": ""
            },
            {
                "managing_fund_since": "",
                "name": "Ayusha Kumbhat",
                "qualification": "",
                "total_exp": ""
            },
            {
                "managing_fund_since": "",
                "name": "Sanjeev Sharma",
                "qualification": "",
                "total_exp": ""
            }
        ],
        "load": {
            "entry_load": "Nil",
            "exit_load": "0.5 if exit  3 Months NAV Details  Pleaseclick here EXPENSE RATIO  Please click here (For both Direct and Reqular plans) BENCHMARK INDEX NIFTY MIDCAP 150 TRI Scheme Riskometer Benchmark Riskometer Investors should consult their financial advisers if in doubt about whether the product is suitable for them As on February 28, 2025"
        },
        "main_scheme_name": "quant Mid Cap Fund",
        "metrics": {
            "alpha": "4.45",
            "arithmetic_mean_ratio": null,
            "average_div_yld": null,
            "average_pb": null,
            "average_pe": null,
            "avg_maturity": null,
            "beta": null,
            "correlation_ratio": null,
            "downside_deviation": null,
            "information_ratio": null,
            "macaulay": null,
            "mod_duration": null,
            "port_turnover_ratio": null,
            "r_squared_ratio": "0.77",
            "roe_ratio": null,
            "sharpe": "1.09",
            "sortino_ratio": "1.74",
            "std_dev": "17.68",
            "tracking_error": null,
            "treynor_ratio": null,
            "upside_deviation": null,
            "ytm": null
        },
        "min_addl_amt": "\u20b9 1000",
        "min_addl_amt_multiple": "\u20b9 1",
        "min_amt": "\u20b9 5000",
        "min_amt_multiple": "\u20b9 1",
        "monthly_aaum_date": "31-03-2025",
        "monthly_aaum_value": "\u20b9 0.87 bn",
        "mutual_fund_name": "Quant Mutual Fund",
        "page_number": [
            19
        ],
        "scheme_launch_date": "20 March 2001"
    },
    "quant Flexi Cap Fund": {
        "amc_name": "Quant Money Managers Limited",
        "benchmark_index": "NIFTY 500 TRI",
        "fund_manager": [
            {
                "managing_fund_since": "",
                "name": "Sandeep Tandon",
                "qualification": "",
                "total_exp": ""
            },
            {
                "managing_fund_since": "",
                "name": "Ankit Pande",
                "qualification": "",
                "total_exp": ""
            },
            {
                "managing_fund_since": "",
                "name": "Lokesh Garg",
                "qualification": "",
                "total_exp": ""
            },
            {
                "managing_fund_since": "",
                "name": "Varun Pattani",
                "qualification": "",
                "total_exp": ""
            },
            {
                "managing_fund_since": "",
                "name": "Ayusha Kumbhat",
                "qualification": "",
                "total_exp": ""
            },
            {
                "managing_fund_since": "",
                "name": "Sanjeev Sharma",
                "qualification": "",
                "total_exp": ""
            }
        ],
        "load": {
            "entry_load": "Nil",
            "exit_load": "1 for 15 days NAV Details  Pleaseclick here EXPENSE RATIO  Please click here (For both Direct and Reqular plans) BENCHMARK INDEX NIFTY 500 TRI Scheme Riskometer Benchmark Riskometer Investors should consult their financial advisers if in doubt about whether the product is suitable for them As on February 28, 2025"
        },
        "main_scheme_name": "quant Flexi Cap Fund",
        "metrics": {
            "alpha": "11.74",
            "arithmetic_mean_ratio": null,
            "average_div_yld": null,
            "average_pb": null,
            "average_pe": null,
            "avg_maturity": null,
            "beta": null,
            "correlation_ratio": null,
            "downside_deviation": null,
            "information_ratio": null,
            "macaulay": null,
            "mod_duration": null,
            "port_turnover_ratio": null,
            "r_squared_ratio": "0.75",
            "roe_ratio": null,
            "sharpe": "1.16",
            "sortino_ratio": "1.96",
            "std_dev": "17.97",
            "tracking_error": null,
            "treynor_ratio": null,
            "upside_deviation": null,
            "ytm": null
        },
        "min_addl_amt": "\u20b9 1000",
        "min_addl_amt_multiple": "\u20b9 1",
        "min_amt": "\u20b9 5000",
        "min_amt_multiple": "\u20b9 1",
        "monthly_aaum_date": "31-03-2025",
        "monthly_aaum_value": "\u20b9 0.71 bn",
        "mutual_fund_name": "Quant Mutual Fund",
        "page_number": [
            21
        ],
        "scheme_launch_date": "17 October 2008"
    },
    "quant Large & Mid Cap Fund": {
        "amc_name": "Quant Money Managers Limited",
        "benchmark_index": "NIFTY LARGE MIDCAP 250 TRI",
        "fund_manager": [
            {
                "managing_fund_since": "",
                "name": "Sandeep Tandon",
                "qualification": "",
                "total_exp": ""
            },
            {
                "managing_fund_since": "",
                "name": "Ankit Pande",
                "qualification": "",
                "total_exp": ""
            },
            {
                "managing_fund_since": "",
                "name": "Varun Pattani",
                "qualification": "",
                "total_exp": ""
            },
            {
                "managing_fund_since": "",
                "name": "Ayusha Kumbhat",
                "qualification": "",
                "total_exp": ""
            },
            {
                "managing_fund_since": "",
                "name": "Sanjeev Sharma",
                "qualification": "",
                "total_exp": ""
            }
        ],
        "load": {
            "entry_load": "Nil",
            "exit_load": "1 for 15 days NAV Details  Pleaseclick here EXPENSE RATIO  Please click here (For both Direct and Reqular plans) BENCHMARK INDEX NIFTY LARGE MIDCAP 250 TRI Scheme Riskometer Benchmark Riskometer Investors should consult their financial advisers if in doubt about whether the product is suitable for them As on February 28, 2025"
        },
        "main_scheme_name": "quant Large & Mid Cap Fund",
        "metrics": {
            "alpha": "2.92",
            "arithmetic_mean_ratio": null,
            "average_div_yld": null,
            "average_pb": null,
            "average_pe": null,
            "avg_maturity": null,
            "beta": null,
            "correlation_ratio": null,
            "downside_deviation": null,
            "information_ratio": null,
            "macaulay": null,
            "mod_duration": null,
            "port_turnover_ratio": null,
            "r_squared_ratio": "0.77",
            "roe_ratio": null,
            "sharpe": "0.91",
            "sortino_ratio": "1.52",
            "std_dev": "16.19",
            "tracking_error": null,
            "treynor_ratio": null,
            "upside_deviation": null,
            "ytm": null
        },
        "min_addl_amt": "\u20b9 1000",
        "min_addl_amt_multiple": "\u20b9 1",
        "min_amt": "\u20b9 5000",
        "min_amt_multiple": "\u20b9 1",
        "monthly_aaum_date": "31-03-2025",
        "monthly_aaum_value": "\u20b9 0.37 bn",
        "mutual_fund_name": "Quant Mutual Fund",
        "page_number": [
            23
        ],
        "scheme_launch_date": "08 January 2007"
    },
    "quant Infrastructure Fund": {
        "amc_name": "Quant Money Managers Limited",
        "benchmark_index": "NIFTY INFRASTRUCTURE TRI",
        "fund_manager": [
            {
                "managing_fund_since": "",
                "name": "Sandeep Tandon",
                "qualification": "",
                "total_exp": ""
            },
            {
                "managing_fund_since": "",
                "name": "Ankit Pande",
                "qualification": "",
                "total_exp": ""
            },
            {
                "managing_fund_since": "",
                "name": "Lokesh Garg",
                "qualification": "",
                "total_exp": ""
            },
            {
                "managing_fund_since": "",
                "name": "Ayusha Kumbhat",
                "qualification": "",
                "total_exp": ""
            },
            {
                "managing_fund_since": "",
                "name": "Varun Pattani",
                "qualification": "",
                "total_exp": ""
            },
            {
                "managing_fund_since": "",
                "name": "Sanjeev Sharma",
                "qualification": "",
                "total_exp": ""
            }
        ],
        "load": {
            "entry_load": "Nil",
            "exit_load": "0.5 if exit  3 Months NAV Details  Pleaseclick here EXPENSE RATIO  Please click here (For both Direct and Reqular plans) BENCHMARK INDEX NIFTY INFRASTRUCTURE TRI Scheme Riskometer Benchmark Riskometer Investors should consult their financial advisers if in doubt about whether the product is suitable for them As on February 28, 2025"
        },
        "main_scheme_name": "quant Infrastructure Fund",
        "metrics": {
            "alpha": "8.00",
            "arithmetic_mean_ratio": null,
            "average_div_yld": null,
            "average_pb": null,
            "average_pe": null,
            "avg_maturity": null,
            "beta": null,
            "correlation_ratio": null,
            "downside_deviation": null,
            "information_ratio": null,
            "macaulay": null,
            "mod_duration": null,
            "port_turnover_ratio": null,
            "r_squared_ratio": "0.75",
            "roe_ratio": null,
            "sharpe": "1.11",
            "sortino_ratio": "1.67",
            "std_dev": "19.49",
            "tracking_error": null,
            "treynor_ratio": null,
            "upside_deviation": null,
            "ytm": null
        },
        "min_addl_amt": "\u20b9 1000",
        "min_addl_amt_multiple": "\u20b9 1",
        "min_amt": "\u20b9 5000",
        "min_amt_multiple": "\u20b9 1",
        "monthly_aaum_date": "31-03-2025",
        "monthly_aaum_value": "\u20b9 0.33 bn",
        "mutual_fund_name": "Quant Mutual Fund",
        "page_number": [
            25
        ],
        "scheme_launch_date": "20 September 2007"
    },
    "quant Large Cap Fund": {
        "amc_name": "Quant Money Managers Limited",
        "benchmark_index": "NIFTY 100 TRI",
        "fund_manager": [
            {
                "managing_fund_since": "",
                "name": "Sandeep Tandon",
                "qualification": "",
                "total_exp": ""
            },
            {
                "managing_fund_since": "",
                "name": "Ankit Pande",
                "qualification": "",
                "total_exp": ""
            },
            {
                "managing_fund_since": "",
                "name": "Lokesh Garg",
                "qualification": "",
                "total_exp": ""
            },
            {
                "managing_fund_since": "",
                "name": "Varun Pattani",
                "qualification": "",
                "total_exp": ""
            },
            {
                "managing_fund_since": "",
                "name": "Ayusha Kumbhat",
                "qualification": "",
                "total_exp": ""
            },
            {
                "managing_fund_since": "",
                "name": "Sanjeev Sharma",
                "qualification": "",
                "total_exp": ""
            }
        ],
        "load": {
            "entry_load": "Nil",
            "exit_load": "1 for 15 days NAV Details  Pleaseclick here EXPENSE RATIO  Please click here (For both Direct and Reqular plans) BENCHMARK INDEX NIFTY 100 TRI Scheme Riskometer Benchmark Riskometer Investors should consult their financial advisers if in doubt about whether the product is suitable for them As on February 28, 2025"
        },
        "main_scheme_name": "quant Large Cap Fund",
        "metrics": {
            "alpha": "0.27",
            "arithmetic_mean_ratio": null,
            "average_div_yld": null,
            "average_pb": null,
            "average_pe": null,
            "avg_maturity": null,
            "beta": null,
            "correlation_ratio": null,
            "downside_deviation": null,
            "information_ratio": null,
            "macaulay": null,
            "mod_duration": null,
            "port_turnover_ratio": null,
            "r_squared_ratio": "0.83",
            "roe_ratio": null,
            "sharpe": "0.25",
            "sortino_ratio": "0.40",
            "std_dev": "11.19",
            "tracking_error": null,
            "treynor_ratio": null,
            "upside_deviation": null,
            "ytm": null
        },
        "min_addl_amt": "\u20b9 1000",
        "min_addl_amt_multiple": "\u20b9 1",
        "min_amt": "\u20b9 5000",
        "min_amt_multiple": "\u20b9 1",
        "monthly_aaum_date": "31-03-2025",
        "monthly_aaum_value": "\u20b9 0.26 bn",
        "mutual_fund_name": "Quant Mutual Fund",
        "page_number": [
            27
        ],
        "scheme_launch_date": "11 August 2022"
    },
    "quant Absolute Fund": {
        "amc_name": "Quant Money Managers Limited",
        "benchmark_index": "NIFTY 50 Hybrid Composite Debt 6535 Index",
        "fund_manager": [
            {
                "managing_fund_since": "",
                "name": "Sandeep Tandon",
                "qualification": "",
                "total_exp": ""
            },
            {
                "managing_fund_since": "",
                "name": "Ankit Pande",
                "qualification": "",
                "total_exp": ""
            },
            {
                "managing_fund_since": "",
                "name": "Lokesh Garg",
                "qualification": "",
                "total_exp": ""
            },
            {
                "managing_fund_since": "",
                "name": "Varun Pattani",
                "qualification": "",
                "total_exp": ""
            },
            {
                "managing_fund_since": "",
                "name": "Ayusha Kumbhat",
                "qualification": "",
                "total_exp": ""
            },
            {
                "managing_fund_since": "",
                "name": "Sanjeev Sharma",
                "qualification": "",
                "total_exp": ""
            }
        ],
        "load": {
            "entry_load": "Nil",
            "exit_load": "1 for 15 days NAV Details  Pleaseclick here EXPENSE RATIO  Please click here (For both Direct and Reqular plans) BENCHMARK INDEX NIFTY 50 Hybrid Composite Debt 6535 Index Scheme Riskometer Benchmark Riskometer Investors should consult their financial advisers if in doubt about whether the product is suitable for them As on February 28, 2025"
        },
        "main_scheme_name": "quant Absolute Fund",
        "metrics": {
            "alpha": "10.81",
            "arithmetic_mean_ratio": null,
            "average_div_yld": null,
            "average_pb": null,
            "average_pe": null,
            "avg_maturity": null,
            "beta": null,
            "correlation_ratio": null,
            "downside_deviation": null,
            "information_ratio": null,
            "macaulay": null,
            "mod_duration": null,
            "port_turnover_ratio": null,
            "r_squared_ratio": "0.69",
            "roe_ratio": null,
            "sharpe": "1.04",
            "sortino_ratio": "1.64",
            "std_dev": "13.59",
            "tracking_error": null,
            "treynor_ratio": null,
            "upside_deviation": null,
            "ytm": null
        },
        "min_addl_amt": "\u20b9 1000",
        "min_addl_amt_multiple": "\u20b9 1",
        "min_amt": "\u20b9 5000",
        "min_amt_multiple": "\u20b9 1",
        "monthly_aaum_date": "31-03-2025",
        "monthly_aaum_value": "\u20b9 0.22 bn",
        "mutual_fund_name": "Quant Mutual Fund",
        "page_number": [
            29
        ],
        "scheme_launch_date": "04 April 2001"
    },
    "quant Quantamental Fund": {
        "amc_name": "Quant Money Managers Limited",
        "benchmark_index": "NIFTY 200 TRI",
        "fund_manager": [
            {
                "managing_fund_since": "",
                "name": "Sandeep Tandon",
                "qualification": "",
                "total_exp": ""
            },
            {
                "managing_fund_since": "",
                "name": "Ankit Pande",
                "qualification": "",
                "total_exp": ""
            },
            {
                "managing_fund_since": "",
                "name": "Sameer Kate",
                "qualification": "",
                "total_exp": ""
            },
            {
                "managing_fund_since": "",
                "name": "Ayusha Kumbhat",
                "qualification": "",
                "total_exp": ""
            },
            {
                "managing_fund_since": "",
                "name": "Varun Pattani",
                "qualification": "",
                "total_exp": ""
            },
            {
                "managing_fund_since": "",
                "name": "Sanjeev Sharma",
                "qualification": "",
                "total_exp": ""
            }
        ],
        "load": {
            "entry_load": "Nil",
            "exit_load": "1 for 15 days NAV Details  Pleaseclick here EXPENSE RATIO  Please click here (For both Direct and Reqular plans) BENCHMARK INDEX NIFTY 200 TRI Scheme Riskometer Benchmark Riskometer Investors should consult their financial advisers if in doubt about whether the product is suitable for them As on February 28, 2025"
        },
        "main_scheme_name": "quant Quantamental Fund",
        "metrics": {
            "alpha": "4.96",
            "arithmetic_mean_ratio": null,
            "average_div_yld": null,
            "average_pb": null,
            "average_pe": null,
            "avg_maturity": null,
            "beta": null,
            "correlation_ratio": null,
            "downside_deviation": null,
            "information_ratio": null,
            "macaulay": null,
            "mod_duration": null,
            "port_turnover_ratio": null,
            "r_squared_ratio": "0.65",
            "roe_ratio": null,
            "sharpe": "0.82",
            "sortino_ratio": "1.41",
            "std_dev": "13.62",
            "tracking_error": null,
            "treynor_ratio": null,
            "upside_deviation": null,
            "ytm": null
        },
        "min_addl_amt": "\u20b9 1000",
        "min_addl_amt_multiple": "\u20b9 1",
        "min_amt": "\u20b9 5000",
        "min_amt_multiple": "\u20b9 1",
        "monthly_aaum_date": "31-03-2025",
        "monthly_aaum_value": "\u20b9 0.21 bn",
        "mutual_fund_name": "Quant Mutual Fund",
        "page_number": [
            31
        ],
        "scheme_launch_date": "03 May 2021"
    },
    "quant Momentum Fund": {
        "amc_name": "Quant Money Managers Limited",
        "benchmark_index": "NIFTY 500 TRI",
        "fund_manager": [
            {
                "managing_fund_since": "",
                "name": "Sandeep Tandon",
                "qualification": "",
                "total_exp": ""
            },
            {
                "managing_fund_since": "",
                "name": "Ankit Pande",
                "qualification": "",
                "total_exp": ""
            },
            {
                "managing_fund_since": "",
                "name": "Sameer Kate",
                "qualification": "",
                "total_exp": ""
            },
            {
                "managing_fund_since": "",
                "name": "Varun Pattani",
                "qualification": "",
                "total_exp": ""
            },
            {
                "managing_fund_since": "",
                "name": "Ayusha Kumbhat",
                "qualification": "",
                "total_exp": ""
            },
            {
                "managing_fund_since": "",
                "name": "Sanjeev Sharma",
                "qualification": "",
                "total_exp": ""
            }
        ],
        "load": {
            "entry_load": "Nil",
            "exit_load": "1 for 15 days NAV Details  Pleaseclick here EXPENSE RATIO  Please click here (For both Direct and Reqular plans) BENCHMARK INDEX NIFTY 500 TRI Scheme Riskometer Benchmark Riskometer Investors should consult their financial advisers if in doubt about whether the product is suitable for them As on February 28, 2025"
        },
        "main_scheme_name": "quant Momentum Fund",
        "metrics": {
            "alpha": "8.09",
            "arithmetic_mean_ratio": null,
            "average_div_yld": null,
            "average_pb": null,
            "average_pe": null,
            "avg_maturity": null,
            "beta": null,
            "correlation_ratio": null,
            "downside_deviation": null,
            "information_ratio": null,
            "macaulay": null,
            "mod_duration": null,
            "port_turnover_ratio": null,
            "r_squared_ratio": "0.74",
            "roe_ratio": null,
            "sharpe": "0.56",
            "sortino_ratio": "1.02",
            "std_dev": "16.85",
            "tracking_error": null,
            "treynor_ratio": null,
            "upside_deviation": null,
            "ytm": null
        },
        "min_addl_amt": "\u20b9 1000",
        "min_addl_amt_multiple": "\u20b9 1",
        "min_amt": "\u20b9 5000",
        "min_amt_multiple": "\u20b9 1",
        "monthly_aaum_date": "31-03-2025",
        "monthly_aaum_value": "\u20b9 0.19 bn",
        "mutual_fund_name": "Quant Mutual Fund",
        "page_number": [
            33
        ],
        "scheme_launch_date": "20 November 2023"
    },
    "quant Value Fund": {
        "amc_name": "Quant Money Managers Limited",
        "benchmark_index": "NIFTY 500 TRI",
        "fund_manager": [
            {
                "managing_fund_since": "",
                "name": "Sandeep Tandon",
                "qualification": "",
                "total_exp": ""
            },
            {
                "managing_fund_since": "",
                "name": "Ankit Pande",
                "qualification": "",
                "total_exp": ""
            },
            {
                "managing_fund_since": "",
                "name": "Varun Pattani",
                "qualification": "",
                "total_exp": ""
            },
            {
                "managing_fund_since": "",
                "name": "Ayusha Kumbhat",
                "qualification": "",
                "total_exp": ""
            },
            {
                "managing_fund_since": "",
                "name": "Sanjeev Sharma",
                "qualification": "",
                "total_exp": ""
            }
        ],
        "load": {
            "entry_load": "Nil",
            "exit_load": "1 for 15 days NAV Details  Pleaseclick here EXPENSE RATIO  Please click here (For both Direct and Reqular plans) BENCHMARK INDEX NIFTY 500 TRI Scheme Riskometer Benchmark Riskometer Investors should consult their financial advisers if in doubt about whether the product is suitable for them As on February 28, 2025"
        },
        "main_scheme_name": "quant Value Fund",
        "metrics": {
            "alpha": "5.90",
            "arithmetic_mean_ratio": null,
            "average_div_yld": null,
            "average_pb": null,
            "average_pe": null,
            "avg_maturity": null,
            "beta": null,
            "correlation_ratio": null,
            "downside_deviation": null,
            "information_ratio": null,
            "macaulay": null,
            "mod_duration": null,
            "port_turnover_ratio": null,
            "r_squared_ratio": "0.77",
            "roe_ratio": null,
            "sharpe": "0.56",
            "sortino_ratio": "0.94",
            "std_dev": "15.97",
            "tracking_error": null,
            "treynor_ratio": null,
            "upside_deviation": null,
            "ytm": null
        },
        "min_addl_amt": "\u20b9 1000",
        "min_addl_amt_multiple": "\u20b9 1",
        "min_amt": "\u20b9 5000",
        "min_amt_multiple": "\u20b9 1",
        "monthly_aaum_date": "31-03-2025",
        "monthly_aaum_value": "\u20b9 0.18 bn",
        "mutual_fund_name": "Quant Mutual Fund",
        "page_number": [
            35
        ],
        "scheme_launch_date": "30 November 2021"
    },
    "quant Business Cycle Fund": {
        "amc_name": "Quant Money Managers Limited",
        "benchmark_index": "NIFTY 500 TRI",
        "fund_manager": [
            {
                "managing_fund_since": "",
                "name": "Sandeep Tandon",
                "qualification": "",
                "total_exp": ""
            },
            {
                "managing_fund_since": "",
                "name": "Ankit Pande",
                "qualification": "",
                "total_exp": ""
            },
            {
                "managing_fund_since": "",
                "name": "Lokesh Garg",
                "qualification": "",
                "total_exp": ""
            },
            {
                "managing_fund_since": "",
                "name": "Varun Pattani",
                "qualification": "",
                "total_exp": ""
            },
            {
                "managing_fund_since": "",
                "name": "Ayusha Kumbhat",
                "qualification": "",
                "total_exp": ""
            },
            {
                "managing_fund_since": "",
                "name": "Sanjeev Sharma",
                "qualification": "",
                "total_exp": ""
            }
        ],
        "load": {
            "entry_load": "Nil",
            "exit_load": "1 for 15 days NAV Details  Pleaseclick here EXPENSE RATIO  Please click here (For both Direct and Reqular plans) BENCHMARK INDEX NIFTY 500 TRI Scheme Riskometer Benchmark Riskometer Investors should consult their financial advisers if in doubt about whether the product is suitable for them As on February 28, 2025"
        },
        "main_scheme_name": "quant Business Cycle Fund",
        "metrics": {
            "alpha": "5.26",
            "arithmetic_mean_ratio": null,
            "average_div_yld": null,
            "average_pb": null,
            "average_pe": null,
            "avg_maturity": null,
            "beta": null,
            "correlation_ratio": null,
            "downside_deviation": null,
            "information_ratio": null,
            "macaulay": null,
            "mod_duration": null,
            "port_turnover_ratio": null,
            "r_squared_ratio": "0.76",
            "roe_ratio": null,
            "sharpe": "0.67",
            "sortino_ratio": "1.05",
            "std_dev": "14.77",
            "tracking_error": null,
            "treynor_ratio": null,
            "upside_deviation": null,
            "ytm": null
        },
        "min_addl_amt": "\u20b9 1000",
        "min_addl_amt_multiple": "\u20b9 1",
        "min_amt": "\u20b9 5000",
        "min_amt_multiple": "\u20b9 1",
        "monthly_aaum_date": "31-03-2025",
        "monthly_aaum_value": "\u20b9 0.13 bn",
        "mutual_fund_name": "Quant Mutual Fund",
        "page_number": [
            37
        ],
        "scheme_launch_date": "30 May 2023"
    },
    "quant Dynamic Asset Allocation Fund": {
        "amc_name": "Quant Money Managers Limited",
        "benchmark_index": "NIFTY 50 Hybrid Composite debt 5050 Index",
        "fund_manager": [
            {
                "managing_fund_since": "",
                "name": "Sandeep Tandon",
                "qualification": "",
                "total_exp": ""
            },
            {
                "managing_fund_since": "",
                "name": "Ankit Pande",
                "qualification": "",
                "total_exp": ""
            },
            {
                "managing_fund_since": "",
                "name": "Sameer Kate",
                "qualification": "",
                "total_exp": ""
            },
            {
                "managing_fund_since": "",
                "name": "Varun Pattani",
                "qualification": "",
                "total_exp": ""
            },
            {
                "managing_fund_since": "",
                "name": "Ayusha Kumbhat",
                "qualification": "",
                "total_exp": ""
            },
            {
                "managing_fund_since": "",
                "name": "Sanjeev Sharma",
                "qualification": "",
                "total_exp": ""
            }
        ],
        "load": {
            "entry_load": "Nil",
            "exit_load": "1 for 15 days NAV Details  Pleaseclick here EXPENSE RATIO  Please click here (For both Direct and Reqular plans) BENCHMARK INDEX NIFTY 50 Hybrid Composite debt 5050 Index Scheme Riskometer Benchmark Riskometer Investors should consult their financial advisers if in doubt about whether the product is suitable for them As on February 28, 2025"
        },
        "main_scheme_name": "quant Dynamic Asset Allocation Fund",
        "metrics": {
            "alpha": "10.99",
            "arithmetic_mean_ratio": null,
            "average_div_yld": null,
            "average_pb": null,
            "average_pe": null,
            "avg_maturity": null,
            "beta": null,
            "correlation_ratio": null,
            "downside_deviation": null,
            "information_ratio": null,
            "macaulay": null,
            "mod_duration": null,
            "port_turnover_ratio": null,
            "r_squared_ratio": "0.60",
            "roe_ratio": null,
            "sharpe": "0.87",
            "sortino_ratio": "1.60",
            "std_dev": "13.46",
            "tracking_error": null,
            "treynor_ratio": null,
            "upside_deviation": null,
            "ytm": null
        },
        "min_addl_amt": "\u20b9 1000",
        "min_addl_amt_multiple": "\u20b9 1",
        "min_amt": "\u20b9 5000",
        "min_amt_multiple": "\u20b9 1",
        "monthly_aaum_date": "31-03-2025",
        "monthly_aaum_value": "\u20b9 0.13 bn",
        "mutual_fund_name": "Quant Mutual Fund",
        "page_number": [
            39
        ],
        "scheme_launch_date": "12 April 2023"
    },
    "quant Focused Fund": {
        "amc_name": "Quant Money Managers Limited",
        "benchmark_index": "NIFTY 500 TRI",
        "fund_manager": [
            {
                "managing_fund_since": "",
                "name": "Sandeep Tandon",
                "qualification": "",
                "total_exp": ""
            },
            {
                "managing_fund_since": "",
                "name": "Ankit Pande",
                "qualification": "",
                "total_exp": ""
            },
            {
                "managing_fund_since": "",
                "name": "Lokesh Garg",
                "qualification": "",
                "total_exp": ""
            },
            {
                "managing_fund_since": "",
                "name": "Varun Pattani",
                "qualification": "",
                "total_exp": ""
            },
            {
                "managing_fund_since": "",
                "name": "Ayusha Kumbhat",
                "qualification": "",
                "total_exp": ""
            },
            {
                "managing_fund_since": "",
                "name": "Sanjeev Sharma",
                "qualification": "",
                "total_exp": ""
            }
        ],
        "load": {
            "entry_load": "Nil",
            "exit_load": "1 for 15 days NAV Details  Pleaseclick here EXPENSE RATIO  Please click here (For both Direct and Reqular plans) BENCHMARK INDEX NIFTY 500 TRI Scheme Riskometer Benchmark Riskometer Investors should consult their financial advisers if in doubt about whether the product is suitable for them As on February 28, 2025"
        },
        "main_scheme_name": "quant Focused Fund",
        "metrics": {
            "alpha": "3.68",
            "arithmetic_mean_ratio": null,
            "average_div_yld": null,
            "average_pb": null,
            "average_pe": null,
            "avg_maturity": null,
            "beta": null,
            "correlation_ratio": null,
            "downside_deviation": null,
            "information_ratio": null,
            "macaulay": null,
            "mod_duration": null,
            "port_turnover_ratio": null,
            "r_squared_ratio": "0.81",
            "roe_ratio": null,
            "sharpe": "0.81",
            "sortino_ratio": "1.29",
            "std_dev": "15.62",
            "tracking_error": null,
            "treynor_ratio": null,
            "upside_deviation": null,
            "ytm": null
        },
        "min_addl_amt": "\u20b9 1000",
        "min_addl_amt_multiple": "\u20b9 1",
        "min_amt": "\u20b9 5000",
        "min_amt_multiple": "\u20b9 1",
        "monthly_aaum_date": "31-03-2025",
        "monthly_aaum_value": "\u20b9 0.11 bn",
        "mutual_fund_name": "Quant Mutual Fund",
        "page_number": [
            41
        ],
        "scheme_launch_date": "28 August 2008"
    },
    "quant Manufacturing Fund": {
        "amc_name": "Quant Money Managers Limited",
        "benchmark_index": "Nifty India Manufacturing Index",
        "fund_manager": [
            {
                "managing_fund_since": "",
                "name": "Sandeep Tandon",
                "qualification": "",
                "total_exp": ""
            },
            {
                "managing_fund_since": "",
                "name": "Ankit Pande",
                "qualification": "",
                "total_exp": ""
            },
            {
                "managing_fund_since": "",
                "name": "Lokesh Garg",
                "qualification": "",
                "total_exp": ""
            },
            {
                "managing_fund_since": "",
                "name": "Varun Pattani",
                "qualification": "",
                "total_exp": ""
            },
            {
                "managing_fund_since": "",
                "name": "Ayusha Kumbhat",
                "qualification": "",
                "total_exp": ""
            },
            {
                "managing_fund_since": "",
                "name": "Sanjeev Sharma",
                "qualification": "",
                "total_exp": ""
            }
        ],
        "load": {
            "entry_load": "Nil",
            "exit_load": "1 for 15 days NAV Details  Pleaseclick here EXPENSE RATIO  Please click here (For both Direct and Reqular plans) BENCHMARK INDEX Nifty India Manufacturing Index Scheme Riskometer Benchmark Riskometer Investors should consult their financial advisers if in doubt about whether the product is suitable for them As on February 28, 2025"
        },
        "main_scheme_name": "quant Manufacturing Fund",
        "metrics": {
            "alpha": "-0.04",
            "arithmetic_mean_ratio": null,
            "average_div_yld": null,
            "average_pb": null,
            "average_pe": null,
            "avg_maturity": null,
            "beta": null,
            "correlation_ratio": null,
            "downside_deviation": null,
            "information_ratio": null,
            "macaulay": null,
            "mod_duration": null,
            "port_turnover_ratio": null,
            "r_squared_ratio": "0.75",
            "roe_ratio": null,
            "sharpe": "0.52",
            "sortino_ratio": "0.81",
            "std_dev": "14.27",
            "tracking_error": null,
            "treynor_ratio": null,
            "upside_deviation": null,
            "ytm": null
        },
        "min_addl_amt": "\u20b9 1000",
        "min_addl_amt_multiple": "\u20b9 1",
        "min_amt": "\u20b9 5000",
        "min_amt_multiple": "\u20b9 1",
        "monthly_aaum_date": "31-03-2025",
        "monthly_aaum_value": "\u20b9 0.09 bn",
        "mutual_fund_name": "Quant Mutual Fund",
        "page_number": [
            43
        ],
        "scheme_launch_date": "14 August 2023"
    },
    "quant PSU Fund": {
        "amc_name": "Quant Money Managers Limited",
        "benchmark_index": "Nifty PSE TRI",
        "fund_manager": [
            {
                "managing_fund_since": "",
                "name": "Sandeep Tandon",
                "qualification": "",
                "total_exp": ""
            },
            {
                "managing_fund_since": "",
                "name": "Ankit Pande",
                "qualification": "",
                "total_exp": ""
            },
            {
                "managing_fund_since": "",
                "name": "Varun Pattani",
                "qualification": "",
                "total_exp": ""
            },
            {
                "managing_fund_since": "",
                "name": "Ayusha Kumbhat",
                "qualification": "",
                "total_exp": ""
            },
            {
                "managing_fund_since": "",
                "name": "Sanjeev Sharma",
                "qualification": "",
                "total_exp": ""
            }
        ],
        "load": {
            "entry_load": "Nil",
            "exit_load": "1 for 15 days NAV Details  Pleaseclick here EXPENSE RATIO  Please click here (For both Direct and Reqular plans) BENCHMARK INDEX Nifty PSE TRI Scheme Riskometer Benchmark Riskometer Investors should consult their financial advisers if in doubt about whether the product is suitable for them As on February 28, 2025"
        },
        "main_scheme_name": "quant PSU Fund",
        "metrics": {
            "alpha": "5.87",
            "arithmetic_mean_ratio": null,
            "average_div_yld": null,
            "average_pb": null,
            "average_pe": null,
            "avg_maturity": null,
            "beta": null,
            "correlation_ratio": null,
            "downside_deviation": null,
            "information_ratio": null,
            "macaulay": null,
            "mod_duration": null,
            "port_turnover_ratio": null,
            "r_squared_ratio": "0.97",
            "roe_ratio": null,
            "sharpe": "-0.71",
            "sortino_ratio": "-0.98",
            "std_dev": "14.57",
            "tracking_error": null,
            "treynor_ratio": null,
            "upside_deviation": null,
            "ytm": null
        },
        "min_addl_amt": "\u20b9 1000",
        "min_addl_amt_multiple": "\u20b9 1",
        "min_amt": "\u20b9 5000",
        "min_amt_multiple": "\u20b9 1",
        "monthly_aaum_date": "31-03-2025",
        "monthly_aaum_value": "\u20b9 0.07 bn",
        "mutual_fund_name": "Quant Mutual Fund",
        "page_number": [
            45
        ],
        "scheme_launch_date": "20 February 2024"
    },
    "quant BFSI Fund": {
        "amc_name": "Quant Money Managers Limited",
        "benchmark_index": "Nifty Financial Services TRI",
        "fund_manager": [
            {
                "managing_fund_since": "",
                "name": "Sandeep Tandon",
                "qualification": "",
                "total_exp": ""
            },
            {
                "managing_fund_since": "",
                "name": "Ankit Pande",
                "qualification": "",
                "total_exp": ""
            },
            {
                "managing_fund_since": "",
                "name": "Varun Pattani",
                "qualification": "",
                "total_exp": ""
            },
            {
                "managing_fund_since": "",
                "name": "Ayusha Kumbhat",
                "qualification": "",
                "total_exp": ""
            },
            {
                "managing_fund_since": "",
                "name": "Sanjeev Sharma",
                "qualification": "",
                "total_exp": ""
            }
        ],
        "load": {
            "entry_load": "Nil",
            "exit_load": "1 for 15 days NAV Details  Pleaseclick here EXPENSE RATIO  Please click here (For both Direct and Reqular plans) BENCHMARK INDEX Nifty Financial Services TRI Scheme Riskometer Benchmark Riskometer Investors should consult their financial advisers if in doubt about whether the product is suitable for them As on February 28, 2025"
        },
        "main_scheme_name": "quant BFSI Fund",
        "metrics": {
            "alpha": "10.15",
            "arithmetic_mean_ratio": null,
            "average_div_yld": null,
            "average_pb": null,
            "average_pe": null,
            "avg_maturity": null,
            "beta": null,
            "correlation_ratio": null,
            "downside_deviation": null,
            "information_ratio": null,
            "macaulay": null,
            "mod_duration": null,
            "port_turnover_ratio": null,
            "r_squared_ratio": "0.09",
            "roe_ratio": null,
            "sharpe": "0.76",
            "sortino_ratio": "1.22",
            "std_dev": "14.24",
            "tracking_error": null,
            "treynor_ratio": null,
            "upside_deviation": null,
            "ytm": null
        },
        "min_addl_amt": "\u20b9 1000",
        "min_addl_amt_multiple": "\u20b9 1",
        "min_amt": "\u20b9 5000",
        "min_amt_multiple": "\u20b9 1",
        "monthly_aaum_date": "31-03-2025",
        "monthly_aaum_value": "\u20b9 0.06 bn",
        "mutual_fund_name": "Quant Mutual Fund",
        "page_number": [
            47
        ],
        "scheme_launch_date": "20 June 2023"
    },
    "quant Teck Fund": {
        "amc_name": "Quant Money Managers Limited",
        "benchmark_index": "Nifty IT TRI",
        "fund_manager": [
            {
                "managing_fund_since": "",
                "name": "Sandeep Tandon",
                "qualification": "",
                "total_exp": ""
            },
            {
                "managing_fund_since": "",
                "name": "Ankit Pande",
                "qualification": "",
                "total_exp": ""
            },
            {
                "managing_fund_since": "",
                "name": "Varun Pattani",
                "qualification": "",
                "total_exp": ""
            },
            {
                "managing_fund_since": "",
                "name": "Ayusha Kumbhat",
                "qualification": "",
                "total_exp": ""
            },
            {
                "managing_fund_since": "",
                "name": "Sanjeev Sharma",
                "qualification": "",
                "total_exp": ""
            }
        ],
        "load": {
            "entry_load": "Nil",
            "exit_load": "1 for 15 days NAV Details  Pleaseclick here EXPENSE RATIO  Please click here (For both Direct and Reqular plans) BENCHMARK INDEX Nifty IT TRI Scheme Riskometer Benchmark Riskometer Investors should consult their financial advisers if in doubt about whether the product is suitable for them As on February 28, 2025"
        },
        "main_scheme_name": "quant Teck Fund",
        "metrics": {
            "alpha": "-6.13",
            "arithmetic_mean_ratio": null,
            "average_div_yld": null,
            "average_pb": null,
            "average_pe": null,
            "avg_maturity": null,
            "beta": null,
            "correlation_ratio": null,
            "downside_deviation": null,
            "information_ratio": null,
            "macaulay": null,
            "mod_duration": null,
            "port_turnover_ratio": null,
            "r_squared_ratio": "0.71",
            "roe_ratio": null,
            "sharpe": "-0.06",
            "sortino_ratio": "-0.09",
            "std_dev": "15.48",
            "tracking_error": null,
            "treynor_ratio": null,
            "upside_deviation": null,
            "ytm": null
        },
        "min_addl_amt": "\u20b9 1000",
        "min_addl_amt_multiple": "\u20b9 1",
        "min_amt": "\u20b9 5000",
        "min_amt_multiple": "\u20b9 1",
        "monthly_aaum_date": "31-03-2025",
        "monthly_aaum_value": "\u20b9 0.04 bn",
        "mutual_fund_name": "Quant Mutual Fund",
        "page_number": [
            49
        ],
        "scheme_launch_date": "11 September 2023"
    },
    "quant Healthcare Fund": {
        "amc_name": "Quant Money Managers Limited",
        "benchmark_index": "NIFTY Healthcare TRI",
        "fund_manager": [
            {
                "managing_fund_since": "",
                "name": "Sandeep Tandon",
                "qualification": "",
                "total_exp": ""
            },
            {
                "managing_fund_since": "",
                "name": "Ankit Pande",
                "qualification": "",
                "total_exp": ""
            },
            {
                "managing_fund_since": "",
                "name": "Varun Pattani",
                "qualification": "",
                "total_exp": ""
            },
            {
                "managing_fund_since": "",
                "name": "Ayusha Kumbhat",
                "qualification": "",
                "total_exp": ""
            },
            {
                "managing_fund_since": "",
                "name": "Sanjeev Sharma",
                "qualification": "",
                "total_exp": ""
            }
        ],
        "load": {
            "entry_load": "Nil",
            "exit_load": "1 for 15 days NAV Details  Pleaseclick here EXPENSE RATIO  Please click here (For both Direct and Reqular plans) BENCHMARK INDEX NIFTY Healthcare TRI Scheme Riskometer Benchmark Riskometer Investors should consult their financial advisers if in doubt about whether the product is suitable for them As on February 28, 2025"
        },
        "main_scheme_name": "quant Healthcare Fund",
        "metrics": {
            "alpha": "-0.12",
            "arithmetic_mean_ratio": null,
            "average_div_yld": null,
            "average_pb": null,
            "average_pe": null,
            "avg_maturity": null,
            "beta": null,
            "correlation_ratio": null,
            "downside_deviation": null,
            "information_ratio": null,
            "macaulay": null,
            "mod_duration": null,
            "port_turnover_ratio": null,
            "r_squared_ratio": "0.69",
            "roe_ratio": null,
            "sharpe": "0.56",
            "sortino_ratio": "0.96",
            "std_dev": "15.97",
            "tracking_error": null,
            "treynor_ratio": null,
            "upside_deviation": null,
            "ytm": null
        },
        "min_addl_amt": "\u20b9 1000",
        "min_addl_amt_multiple": "\u20b9 1",
        "min_amt": "\u20b9 5000",
        "min_amt_multiple": "\u20b9 1",
        "monthly_aaum_date": "31-03-2025",
        "monthly_aaum_value": "\u20b9 0.04 bn",
        "mutual_fund_name": "Quant Mutual Fund",
        "page_number": [
            51
        ],
        "scheme_launch_date": "17 July 2023"
    },
    "quant Commodities Fund": {
        "amc_name": "Quant Money Managers Limited",
        "benchmark_index": "Nifty Commodities TRI",
        "fund_manager": [
            {
                "managing_fund_since": "",
                "name": "Sandeep Tandon",
                "qualification": "",
                "total_exp": ""
            },
            {
                "managing_fund_since": "",
                "name": "Ankit Pande",
                "qualification": "",
                "total_exp": ""
            },
            {
                "managing_fund_since": "",
                "name": "Sameer Kate",
                "qualification": "",
                "total_exp": ""
            },
            {
                "managing_fund_since": "",
                "name": "Varun Pattani",
                "qualification": "",
                "total_exp": ""
            },
            {
                "managing_fund_since": "",
                "name": "Ayusha Kumbhat",
                "qualification": "",
                "total_exp": ""
            },
            {
                "managing_fund_since": "",
                "name": "Sanjeev Sharma",
                "qualification": "",
                "total_exp": ""
            }
        ],
        "load": {
            "entry_load": "Nil",
            "exit_load": "1 for 15 days NAV Details  Pleaseclick here EXPENSE RATIO  Please click here (For both Direct and Reqular plans) BENCHMARK INDEX Nifty Commodities TRI Scheme Riskometer Benchmark Riskometer Investors should consult their financial advisers if in doubt about whether the product is suitable for them As on February 28, 2025"
        },
        "main_scheme_name": "quant Commodities Fund",
        "metrics": {
            "alpha": "11.98",
            "arithmetic_mean_ratio": null,
            "average_div_yld": null,
            "average_pb": null,
            "average_pe": null,
            "avg_maturity": null,
            "beta": null,
            "correlation_ratio": null,
            "downside_deviation": null,
            "information_ratio": null,
            "macaulay": null,
            "mod_duration": null,
            "port_turnover_ratio": null,
            "r_squared_ratio": "0.55",
            "roe_ratio": null,
            "sharpe": "0.23",
            "sortino_ratio": "0.37",
            "std_dev": "15.41",
            "tracking_error": null,
            "treynor_ratio": null,
            "upside_deviation": null,
            "ytm": null
        },
        "min_addl_amt": "\u20b9 1000",
        "min_addl_amt_multiple": "\u20b9 1",
        "min_amt": "\u20b9 5000",
        "min_amt_multiple": "\u20b9 1",
        "monthly_aaum_date": "31-03-2025",
        "monthly_aaum_value": "\u20b9 0.04 bn",
        "mutual_fund_name": "Quant Mutual Fund",
        "page_number": [
            53
        ],
        "scheme_launch_date": "27 December 2023"
    },
    "quant Consumption Fund": {
        "amc_name": "Quant Money Managers Limited",
        "benchmark_index": "NIFTY India Consumption TRI",
        "fund_manager": [
            {
                "managing_fund_since": "",
                "name": "Sandeep Tandon",
                "qualification": "",
                "total_exp": ""
            },
            {
                "managing_fund_since": "",
                "name": "Ankit Pande",
                "qualification": "",
                "total_exp": ""
            },
            {
                "managing_fund_since": "",
                "name": "Varun Pattani",
                "qualification": "",
                "total_exp": ""
            },
            {
                "managing_fund_since": "",
                "name": "Ayusha Kumbhat",
                "qualification": "",
                "total_exp": ""
            },
            {
                "managing_fund_since": "",
                "name": "Sanjeev Sharma",
                "qualification": "",
                "total_exp": ""
            }
        ],
        "load": {
            "entry_load": "Nil",
            "exit_load": "1 for 15 days NAV Details  Pleaseclick here EXPENSE RATIO  Please click here (For both Direct and Reqular plans) BENCHMARK INDEX NIFTY India Consumption TRI Scheme Riskometer Benchmark Riskometer Investors should consult their financial advisers if in doubt about whether the product is suitable for them As on February 28, 2025"
        },
        "main_scheme_name": "quant Consumption Fund",
        "metrics": {
            "alpha": "-14.26",
            "arithmetic_mean_ratio": null,
            "average_div_yld": null,
            "average_pb": null,
            "average_pe": null,
            "avg_maturity": null,
            "beta": null,
            "correlation_ratio": null,
            "downside_deviation": null,
            "information_ratio": null,
            "macaulay": null,
            "mod_duration": null,
            "port_turnover_ratio": null,
            "r_squared_ratio": "0.69",
            "roe_ratio": null,
            "sharpe": "-0.78",
            "sortino_ratio": "-1.04",
            "std_dev": "10.48",
            "tracking_error": null,
            "treynor_ratio": null,
            "upside_deviation": null,
            "ytm": null
        },
        "min_addl_amt": "\u20b9 1000",
        "min_addl_amt_multiple": "\u20b9 1",
        "min_amt": "\u20b9 5000",
        "min_amt_multiple": "\u20b9 1",
        "monthly_aaum_date": "31-03-2025",
        "monthly_aaum_value": "\u20b9 0.03 bn",
        "mutual_fund_name": "Quant Mutual Fund",
        "page_number": [
            55
        ],
        "scheme_launch_date": "24 January 2024"
    },
    "quant ESG Equity Fund": {
        "amc_name": "Quant Money Managers Limited",
        "benchmark_index": "NIFTY 100 ESG TRI",
        "fund_manager": [
            {
                "managing_fund_since": "",
                "name": "Sandeep Tandon",
                "qualification": "",
                "total_exp": ""
            },
            {
                "managing_fund_since": "",
                "name": "Ankit Pande",
                "qualification": "",
                "total_exp": ""
            },
            {
                "managing_fund_since": "",
                "name": "Ayusha Kumbhat",
                "qualification": "",
                "total_exp": ""
            },
            {
                "managing_fund_since": "",
                "name": "Ayusha Kumbhat",
                "qualification": "",
                "total_exp": ""
            },
            {
                "managing_fund_since": "",
                "name": "Sanjeev Sharma",
                "qualification": "",
                "total_exp": ""
            }
        ],
        "load": {
            "entry_load": "Nil",
            "exit_load": "1 for 15 days NAV Details  Pleaseclick here EXPENSE RATIO  Please click here (For both Direct and Reqular plans) BENCHMARK INDEX NIFTY 100 ESG TRI Scheme Riskometer Benchmark Riskometer Investors should consult their financial advisers if in doubt about whether the product is suitable for them As on February 28, 2025"
        },
        "main_scheme_name": "quant ESG Equity Fund",
        "metrics": {
            "alpha": "11.60",
            "arithmetic_mean_ratio": null,
            "average_div_yld": null,
            "average_pb": null,
            "average_pe": null,
            "avg_maturity": null,
            "beta": null,
            "correlation_ratio": null,
            "downside_deviation": null,
            "information_ratio": null,
            "macaulay": null,
            "mod_duration": null,
            "port_turnover_ratio": null,
            "r_squared_ratio": "0.63",
            "roe_ratio": null,
            "sharpe": "1.19",
            "sortino_ratio": "2.15",
            "std_dev": "16.10",
            "tracking_error": null,
            "treynor_ratio": null,
            "upside_deviation": null,
            "ytm": null
        },
        "min_addl_amt": "\u20b9 1000",
        "min_addl_amt_multiple": "\u20b9 1",
        "min_amt": "\u20b9 5000",
        "min_amt_multiple": "\u20b9 1",
        "monthly_aaum_date": "31-03-2025",
        "monthly_aaum_value": "\u20b9 0.03 bn",
        "mutual_fund_name": "Quant Mutual Fund",
        "page_number": [
            57
        ],
        "scheme_launch_date": "05 November 2020"
    },
    "quant Multi Asset Fund": {
        "amc_name": "Quant Money Managers Limited",
        "benchmark_index": null,
        "fund_manager": [
            {
                "managing_fund_since": "",
                "name": "Sandeep Tandon",
                "qualification": "",
                "total_exp": ""
            },
            {
                "managing_fund_since": "",
                "name": "Ankit Pande",
                "qualification": "",
                "total_exp": ""
            },
            {
                "managing_fund_since": "",
                "name": "Sameer Kate",
                "qualification": "",
                "total_exp": ""
            },
            {
                "managing_fund_since": "",
                "name": "Varun Pattani",
                "qualification": "",
                "total_exp": ""
            },
            {
                "managing_fund_since": "",
                "name": "Ayusha Kumbhat",
                "qualification": "",
                "total_exp": ""
            },
            {
                "managing_fund_since": "",
                "name": "Sanjeev Sharma",
                "qualification": "",
                "total_exp": ""
            }
        ],
        "load": {
            "entry_load": null,
            "exit_load": null
        },
        "main_scheme_name": "quant Multi Asset Fund",
        "metrics": {
            "alpha": "16.97",
            "arithmetic_mean_ratio": null,
            "average_div_yld": null,
            "average_pb": null,
            "average_pe": null,
            "avg_maturity": "325 Days",
            "beta": null,
            "correlation_ratio": null,
            "downside_deviation": null,
            "information_ratio": null,
            "macaulay": "260 Days",
            "mod_duration": "250 Days",
            "port_turnover_ratio": null,
            "r_squared_ratio": "0.64",
            "roe_ratio": null,
            "sharpe": "1.07",
            "sortino_ratio": "1.77",
            "std_dev": "16.51",
            "tracking_error": null,
            "treynor_ratio": null,
            "upside_deviation": null,
            "ytm": "6.40"
        },
        "min_addl_amt": "\u20b9 1000",
        "min_addl_amt_multiple": "\u20b9 1",
        "min_amt": "\u20b9 5000",
        "min_amt_multiple": "\u20b9 1",
        "monthly_aaum_date": "31-03-2025",
        "monthly_aaum_value": "\u20b9 0.34 bn",
        "mutual_fund_name": "Quant Mutual Fund",
        "page_number": [
            59
        ],
        "scheme_launch_date": "17 April 2001"
    },
    "quant Liquid Fund": {
        "amc_name": "Quant Money Managers Limited",
        "benchmark_index": "CRISIL LIQUID FUND A1 INDEX",
        "fund_manager": [
            {
                "managing_fund_since": "",
                "name": "Sanjeev Sharma",
                "qualification": "",
                "total_exp": ""
            },
            {
                "managing_fund_since": "",
                "name": "Harshvardhan Bharatiab H",
                "qualification": "",
                "total_exp": ""
            }
        ],
        "load": {
            "entry_load": "Nil",
            "exit_load": "(w.e.f. October 20, 2019) T lnvestor exit upon Exit Load as a  of C subscription  switch-In redemption Proceeds ( Day1 0.0070 T Day2 0.0065 G Day3 0.0060 Day4 0.0055 Day5 0.0050 Day6 0.0045 Day7 Onwards 0.0000 BENCHMARK INDEX CRISIL LIQUID FUND A1 INDEX Scheme Riskometer Benchmark Riskometer i Investors should consult their financial advisers if in doubt about whether the product is B suitable for them As on February 28, 2025"
        },
        "main_scheme_name": "quant Liquid Fund",
        "metrics": {
            "alpha": null,
            "arithmetic_mean_ratio": null,
            "average_div_yld": null,
            "average_pb": null,
            "average_pe": null,
            "avg_maturity": "31 Days",
            "beta": null,
            "correlation_ratio": null,
            "downside_deviation": null,
            "information_ratio": null,
            "macaulay": "31 Days",
            "mod_duration": "29 Days",
            "port_turnover_ratio": null,
            "r_squared_ratio": null,
            "roe_ratio": null,
            "sharpe": null,
            "sortino_ratio": null,
            "std_dev": null,
            "tracking_error": null,
            "treynor_ratio": null,
            "upside_deviation": null,
            "ytm": "7.20"
        },
        "min_addl_amt": "\u20b9 1000",
        "min_addl_amt_multiple": "\u20b9 1",
        "min_amt": "\u20b9 5000",
        "min_amt_multiple": "\u20b9 1",
        "monthly_aaum_date": "31-03-2025",
        "monthly_aaum_value": "\u20b9 0.18 bn",
        "mutual_fund_name": "Quant Mutual Fund",
        "page_number": [
            62
        ],
        "scheme_launch_date": "03 October 2005"
    },
    "quant Overnight Fund": {
        "amc_name": "Quant Money Managers Limited",
        "benchmark_index": "CRISIL OVERNIGHT INDEX",
        "fund_manager": [
            {
                "managing_fund_since": "",
                "name": "Sanjeev Sharma",
                "qualification": "",
                "total_exp": ""
            },
            {
                "managing_fund_since": "",
                "name": "Harshvardhan Bharatia",
                "qualification": "",
                "total_exp": ""
            }
        ],
        "load": {
            "entry_load": "Nil",
            "exit_load": "Nil BENCHMARK INDEX CRISIL OVERNIGHT INDEX Scheme Riskometer Benchmark Riskometer i Investors should consult their financial advisers if in doubt about whether the product is B suitable for them As on February 28, 2025"
        },
        "main_scheme_name": "quant Overnight Fund",
        "metrics": {
            "alpha": null,
            "arithmetic_mean_ratio": null,
            "average_div_yld": null,
            "average_pb": null,
            "average_pe": null,
            "avg_maturity": "3 Days",
            "beta": null,
            "correlation_ratio": null,
            "downside_deviation": null,
            "information_ratio": null,
            "macaulay": "3 Days",
            "mod_duration": "3 Days",
            "port_turnover_ratio": null,
            "r_squared_ratio": null,
            "roe_ratio": null,
            "sharpe": null,
            "sortino_ratio": null,
            "std_dev": null,
            "tracking_error": null,
            "treynor_ratio": null,
            "upside_deviation": null,
            "ytm": "6.27"
        },
        "min_addl_amt": "\u20b9 1000",
        "min_addl_amt_multiple": "\u20b9 1",
        "min_amt": "\u20b9 5000",
        "min_amt_multiple": "\u20b9 1",
        "monthly_aaum_date": "31-03-2025",
        "monthly_aaum_value": "\u20b9 0.02 bn",
        "mutual_fund_name": "Quant Mutual Fund",
        "page_number": [
            64
        ],
        "scheme_launch_date": "04 December 2022"
    },
    "quant Gilt Fund": {
        "amc_name": "Quant Money Managers Limited",
        "benchmark_index": "CRISIL DYNAMIC GILT INDEX",
        "fund_manager": [
            {
                "managing_fund_since": "",
                "name": "Sanjeev Sharma",
                "qualification": "",
                "total_exp": ""
            },
            {
                "managing_fund_since": "",
                "name": "Harshvardhan Bharatia",
                "qualification": "",
                "total_exp": ""
            },
            {
                "managing_fund_since": "",
                "name": "T",
                "qualification": "",
                "total_exp": ""
            }
        ],
        "load": {
            "entry_load": "Nil",
            "exit_load": "Nil G BENCHMARK INDEX CRISIL DYNAMIC GILT INDEX Scheme Riskometer Benchmark Riskometer i Investors should consult their financial advisers if in doubt about whether the product is B suitable for them As on February 28, 2025"
        },
        "main_scheme_name": "quant Gilt Fund",
        "metrics": {
            "alpha": null,
            "arithmetic_mean_ratio": null,
            "average_div_yld": null,
            "average_pb": null,
            "average_pe": null,
            "avg_maturity": "3432 Days",
            "beta": null,
            "correlation_ratio": null,
            "downside_deviation": null,
            "information_ratio": null,
            "macaulay": "1961 Days",
            "mod_duration": "1892 Days",
            "port_turnover_ratio": null,
            "r_squared_ratio": null,
            "roe_ratio": null,
            "sharpe": null,
            "sortino_ratio": null,
            "std_dev": null,
            "tracking_error": null,
            "treynor_ratio": null,
            "upside_deviation": null,
            "ytm": "6.89"
        },
        "min_addl_amt": "\u20b9 1000",
        "min_addl_amt_multiple": "\u20b9 1",
        "min_amt": "\u20b9 5000",
        "min_amt_multiple": "\u20b9 1",
        "monthly_aaum_date": "31-03-2025",
        "monthly_aaum_value": "\u20b9 0.01 bn",
        "mutual_fund_name": "Quant Mutual Fund",
        "page_number": [
            66
        ],
        "scheme_launch_date": "21 December 2022"
    }
}