{
    "Parag Parikh Long Term Equity Fund": {
        "amc_name": "PPFAS Asset Management Private Limited",
        "benchmark_index": "NIFTY 500 (TRI) ",
        "fund_manager": [
            {
                "managing_fund_since": "Inception",
                "name": "Rajeev Thakkar",
                "qualification": "Equity Fund Manager",
                "total_exp": ""
            },
            {
                "managing_fund_since": "Inception",
                "name": "Raunak Onkar",
                "qualification": "Dedicatedfund Manager Name Of The Fund For Overseas Securities",
                "total_exp": ""
            },
            {
                "managing_fund_since": "January 27, 2016",
                "name": "Raj Mehta",
                "qualification": "Debt Fund Manager",
                "total_exp": ""
            },
            {
                "managing_fund_since": "May 16, 2022",
                "name": "Rukun Tarachandani",
                "qualification": "Equity Fund Manager",
                "total_exp": ""
            },
            {
                "managing_fund_since": "December 22, 2023",
                "name": "Mansi Kariya",
                "qualification": "Co  Fund Manager  Debt",
                "total_exp": ""
            }
        ],
        "load": {
            "entry_load": "Not Applicable",
            "exit_load": "In respect of each purchase switchin of Units,  10 of the units (the limit) may be redeemed without any exit load from the date of allotment. Any redemption or switchout in excess of the limit shall be subject to the following exit load 2.00 if the investment is redeemed on or before 365 days from the date of allotment of units. 1.00 if the investment is redeemed after 365 days but on or before 730 days from the date of allotment of units. No Exit Load will be charged if investment is redeemed after 730 days from the date of allotment of units. No exit load will be charged, in case of switch transactions between Regular Plan and Direct Plan of the Scheme for existing as well as prospective investors. Above exit load structure is applicable prospectively, for all investments (including SIPSTP and SWP registered) with effect from 15  Nov 2021. Any exit load charged (net off GST, if any) shall be credited back to the Scheme."
        },
        "main_scheme_name": "Parag Parikh Long Term Equity Fund",
        "metrics": {
            "alpha": null,
            "arithmetic_mean_ratio": null,
            "average_div_yld": null,
            "average_pb": null,
            "average_pe": null,
            "avg_maturity": null,
            "beta": "0.66",
            "correlation_ratio": null,
            "downside_deviation": null,
            "information_ratio": null,
            "macaulay": null,
            "mod_duration": null,
            "port_turnover_ratio": "25.08",
            "r_squared_ratio": null,
            "roe_ratio": null,
            "sharpe": "0.96",
            "sortino_ratio": null,
            "std_dev": "10.75",
            "tracking_error": null,
            "treynor_ratio": null,
            "upside_deviation": null,
            "ytm": null
        },
        "min_addl_amt": "\u20b9 1,000",
        "min_addl_amt_multiple": "",
        "min_amt": "\u20b9 1,000",
        "min_amt_multiple": "",
        "monthly_aaum_date": "31-03-2025",
        "monthly_aaum_value": "\u20b9 89,561.70 Crores",
        "mutual_fund_name": "PPFAS Mutual Fund",
        "page_number": [
            1
        ],
        "scheme_launch_date": " May 24, 2013"
    },
    "Parag Parikh ELSS  Tax Saver Fund": {
        "amc_name": "PPFAS Asset Management Private Limited",
        "benchmark_index": "NIFTY 500 (TRI) ",
        "fund_manager": [
            {
                "managing_fund_since": "Inception",
                "name": "Rajeev Thakkar",
                "qualification": "Equity Fund Manager",
                "total_exp": ""
            },
            {
                "managing_fund_since": "Inception",
                "name": "Raunak Onkar",
                "qualification": "Co Fund Manager",
                "total_exp": ""
            },
            {
                "managing_fund_since": "Inception",
                "name": "Raj Mehta",
                "qualification": "Debt Fund Manager",
                "total_exp": ""
            },
            {
                "managing_fund_since": "May 16, 2022",
                "name": "Rukun Tarachandani",
                "qualification": "Equity Fund Manager",
                "total_exp": ""
            },
            {
                "managing_fund_since": "December 22, 2023",
                "name": "Mansi Kariya",
                "qualification": "Co  Fund Manager  Debt",
                "total_exp": ""
            }
        ],
        "load": {
            "entry_load": "Not Applicable",
            "exit_load": "NIL"
        },
        "main_scheme_name": "Parag Parikh ELSS  Tax Saver Fund",
        "metrics": {
            "alpha": null,
            "arithmetic_mean_ratio": null,
            "average_div_yld": null,
            "average_pb": null,
            "average_pe": null,
            "avg_maturity": null,
            "beta": "0.65",
            "correlation_ratio": null,
            "downside_deviation": null,
            "information_ratio": null,
            "macaulay": null,
            "mod_duration": null,
            "port_turnover_ratio": "15.29",
            "r_squared_ratio": null,
            "roe_ratio": null,
            "sharpe": "0.91",
            "sortino_ratio": null,
            "std_dev": "10.28",
            "tracking_error": null,
            "treynor_ratio": null,
            "upside_deviation": null,
            "ytm": null
        },
        "min_addl_amt": "\u20b9 500",
        "min_addl_amt_multiple": "",
        "min_amt": "\u20b9 500",
        "min_amt_multiple": "",
        "monthly_aaum_date": "31-03-2025",
        "monthly_aaum_value": "\u20b9 4,731.97Crores",
        "mutual_fund_name": "PPFAS Mutual Fund",
        "page_number": [
            4
        ],
        "scheme_launch_date": " July 24, 2019"
    },
    "Parag Parikh  Dynamic Asset Allocation Fund": {
        "amc_name": "PPFAS Asset Management Private Limited",
        "benchmark_index": "CRISIL Hybrid 5050 Moderate Index ",
        "fund_manager": [
            {
                "managing_fund_since": "Inception",
                "name": "Rajeev Thakkar",
                "qualification": "Equity Fund Manager Fund Manager",
                "total_exp": ""
            },
            {
                "managing_fund_since": "Inception",
                "name": "Raunak Onkar",
                "qualification": "Equity Fund Manager",
                "total_exp": ""
            },
            {
                "managing_fund_since": "Inception",
                "name": "Raj Mehta",
                "qualification": "Debt Fund Manager",
                "total_exp": ""
            },
            {
                "managing_fund_since": "Inception",
                "name": "Rukun Tarachandani",
                "qualification": "Equity Fund Manager",
                "total_exp": ""
            },
            {
                "managing_fund_since": "Inception",
                "name": "Mansi Kariya",
                "qualification": "Co  Fund Manager  Debt",
                "total_exp": ""
            }
        ],
        "load": {
            "entry_load": "Not Applicable",
            "exit_load": "In respect of each purchase  switchin of Units, 10 of the units (thelimit) may be redeemed without any exit load from the date of allotment. Any redemption or switchout in excess of the limit shall be subject to thefollowing exit load Exit load of 1.00 is payable if Units are redeemed  switchedoutwithin 1 year from the date of allotment of units. No Exit Load is payable if Units are redeemed  switchedout after 1year from the date of allotment. Any exit load charged (net off GST, if any) shall be credited back to the Scheme."
        },
        "main_scheme_name": "Parag Parikh  Dynamic Asset Allocation Fund",
        "metrics": {
            "alpha": null,
            "arithmetic_mean_ratio": null,
            "average_div_yld": null,
            "average_pb": null,
            "average_pe": null,
            "avg_maturity": null,
            "beta": null,
            "correlation_ratio": null,
            "downside_deviation": null,
            "information_ratio": null,
            "macaulay": null,
            "mod_duration": null,
            "port_turnover_ratio": null,
            "r_squared_ratio": null,
            "roe_ratio": null,
            "sharpe": null,
            "sortino_ratio": null,
            "std_dev": null,
            "tracking_error": null,
            "treynor_ratio": null,
            "upside_deviation": null,
            "ytm": null
        },
        "min_addl_amt": "\u20b9 500",
        "min_addl_amt_multiple": "",
        "min_amt": "\u20b9 5,000",
        "min_amt_multiple": "",
        "monthly_aaum_date": "31-03-2025",
        "monthly_aaum_value": "\u20b9 1,630.81Crores",
        "mutual_fund_name": "PPFAS Mutual Fund",
        "page_number": [
            6
        ],
        "scheme_launch_date": " February 27, 2024"
    },
    "Parag Parikh Conservative Hybrid Fund": {
        "amc_name": "PPFAS Asset Management Private Limited",
        "benchmark_index": "CRISIL Hybrid 8515 Conservative Index TRI Q u a n t i t a t i v e   I n d i c a t o r s B e t a 0 . 6 9 S t a n d a r d   D e v i a t i o n 0 . 1 1 5 S h a r p e   R a t i o 0 . 5 3 P o r t f o l i o   T u r n o v e r   ( e x c l   E q u i t y   A r b i t r a g e ) 0 . 1 1 9 2 P o r t f o l i o   T u r n o v e r   ( i n c l   E q u i t y   A r b i t r a g e ) 1 . 8 6 1 7 ",
        "fund_manager": [
            {
                "managing_fund_since": "Inception",
                "name": "Rajeev Thakkar",
                "qualification": "Equity Fund Manager Fund Manager",
                "total_exp": ""
            },
            {
                "managing_fund_since": "Inception",
                "name": "Raunak Onkar",
                "qualification": "Equity Fund Manager",
                "total_exp": ""
            },
            {
                "managing_fund_since": "Inception",
                "name": "Raj Mehta",
                "qualification": "Debt Fund Manager",
                "total_exp": ""
            },
            {
                "managing_fund_since": "May 16, 2022",
                "name": "Rukun Tarachandani",
                "qualification": "Equity Fund Manager",
                "total_exp": ""
            },
            {
                "managing_fund_since": "December 22, 2023",
                "name": "Mansi Kariya",
                "qualification": "Co  Fund Manager  Debt",
                "total_exp": ""
            }
        ],
        "load": {
            "entry_load": "Not Applicable",
            "exit_load": "In respect of each purchase  switchin of Units, 10 of the units (the limit) may be redeemed without any exit load from the date of allotment. Any redemption or switchout in excess of the limit shall be subject to the following exit load Exit load of 1.00 is payable if Units are redeemed  switchedout within 1 year from the date of allotment of units. No Exit Load is payable if Units are redeemed  switchedout after 1 year from the date of allotment. Any exit load charged (net off GST, if any) shall be credited back to the Scheme."
        },
        "main_scheme_name": "Parag Parikh Conservative Hybrid Fund",
        "metrics": {
            "alpha": null,
            "arithmetic_mean_ratio": null,
            "average_div_yld": null,
            "average_pb": null,
            "average_pe": null,
            "avg_maturity": null,
            "beta": null,
            "correlation_ratio": null,
            "downside_deviation": null,
            "information_ratio": null,
            "macaulay": null,
            "mod_duration": null,
            "port_turnover_ratio": null,
            "r_squared_ratio": null,
            "roe_ratio": null,
            "sharpe": null,
            "sortino_ratio": null,
            "std_dev": null,
            "tracking_error": null,
            "treynor_ratio": null,
            "upside_deviation": null,
            "ytm": null
        },
        "min_addl_amt": ".",
        "min_addl_amt_multiple": "",
        "min_amt": "\u20b9 5000",
        "min_amt_multiple": "",
        "monthly_aaum_date": "31-03-2025",
        "monthly_aaum_value": "\u20b9 2,401.53Crores",
        "mutual_fund_name": "PPFAS Mutual Fund",
        "page_number": [
            9
        ],
        "scheme_launch_date": " May 26, 2021"
    },
    "Parag Parikh Arbitrage Fund": {
        "amc_name": "PPFAS Asset Management Private Limited",
        "benchmark_index": "Nifty 50 Arbitrage (TRI) ",
        "fund_manager": [
            {
                "managing_fund_since": "Inception",
                "name": "Rajeev Thakkar",
                "qualification": "Equity Fund Manager Fund Manager",
                "total_exp": ""
            },
            {
                "managing_fund_since": "Inception",
                "name": "Raunak Onkar",
                "qualification": "Equity Fund Manager",
                "total_exp": ""
            },
            {
                "managing_fund_since": "Inception",
                "name": "Raj Mehta",
                "qualification": "Debt Fund Manager",
                "total_exp": ""
            },
            {
                "managing_fund_since": "Inception",
                "name": "Rukun Tarachandani",
                "qualification": "Equity Fund Manager",
                "total_exp": ""
            },
            {
                "managing_fund_since": "December 22, 2023",
                "name": "Mansi Kariya",
                "qualification": "Co  Fund Manager  Debt",
                "total_exp": ""
            }
        ],
        "load": {
            "entry_load": "Not Applicable",
            "exit_load": "In respect of each purchase  switchin of units, an Exit Load of 0.25 is payable if Units are redeemed switchedout within 30 days from the date of allotment.  No Exit Load is payable if Units are redeemed  switchedout after 30 days from the date of allotment. Any exit load charged (net off GST, if any) shall be credited back to the Scheme. No exit load will be charged, in case of switch transactions between Plans. i.e Regular Plan and Direct Plan Any exit load charged (net off GST, if any) shall be credited back to the Scheme."
        },
        "main_scheme_name": "Parag Parikh Arbitrage Fund",
        "metrics": {
            "alpha": null,
            "arithmetic_mean_ratio": null,
            "average_div_yld": null,
            "average_pb": null,
            "average_pe": null,
            "avg_maturity": null,
            "beta": null,
            "correlation_ratio": null,
            "downside_deviation": null,
            "information_ratio": null,
            "macaulay": null,
            "mod_duration": null,
            "port_turnover_ratio": null,
            "r_squared_ratio": null,
            "roe_ratio": null,
            "sharpe": null,
            "sortino_ratio": null,
            "std_dev": null,
            "tracking_error": null,
            "treynor_ratio": null,
            "upside_deviation": null,
            "ytm": null
        },
        "min_addl_amt": ".",
        "min_addl_amt_multiple": "",
        "min_amt": "\u20b9 1000",
        "min_amt_multiple": "",
        "monthly_aaum_date": "31-03-2025",
        "monthly_aaum_value": "\u20b9 1,251.39Crores",
        "mutual_fund_name": "PPFAS Mutual Fund",
        "page_number": [
            12
        ],
        "scheme_launch_date": " November 2, 2023"
    }
}