{
    "JM ELSS Tax Saver Fund": {
        "amc_name": "JM Financial Asset Management Limited",
        "benchmark_index": "BSE 500 TRI Additional Benchmark Index Nifty 50 TRI",
        "fund_manager": [
            {
                "managing_fund_since": "",
                "name": "Chaitanya Choksi",
                "qualification": "",
                "total_exp": "21 Years"
            },
            {
                "managing_fund_since": "",
                "name": "Asit Bhandarkar",
                "qualification": "",
                "total_exp": "20 Years"
            },
            {
                "managing_fund_since": "",
                "name": "Ruchi Fozdar",
                "qualification": "",
                "total_exp": "10 Years"
            }
        ],
        "load": {
            "entry_load": null,
            "exit_load": "NIL"
        },
        "main_scheme_name": "JM ELSS Tax Saver Fund",
        "metrics": {
            "alpha": null,
            "arithmetic_mean_ratio": null,
            "average_div_yld": null,
            "average_pb": null,
            "average_pe": null,
            "avg_maturity": null,
            "beta": "0.96",
            "correlation_ratio": null,
            "downside_deviation": null,
            "information_ratio": null,
            "macaulay": null,
            "mod_duration": null,
            "port_turnover_ratio": "0.959",
            "r_squared_ratio": null,
            "roe_ratio": null,
            "sharpe": "0.45",
            "sortino_ratio": null,
            "std_dev": "15.8",
            "tracking_error": null,
            "treynor_ratio": null,
            "upside_deviation": null,
            "ytm": null
        },
        "min_addl_amt": "\u20b9 500",
        "min_addl_amt_multiple": "\u20b9 50",
        "min_amt": "\u20b9 500",
        "min_amt_multiple": "\u20b9 500",
        "monthly_aaum_date": "31-03-2025",
        "monthly_aaum_value": "\u20b9 176.33 Crore",
        "mutual_fund_name": "JM Financial Mutual Fund",
        "page_number": [
            21
        ],
        "scheme_launch_date": "31st March, 20"
    },
    "JM Flexicap Fund": {
        "amc_name": "JM Financial Asset Management Limited",
        "benchmark_index": "BSE 500 TRI Additional Benchmark Index Nifty 50 TRI",
        "fund_manager": [
            {
                "managing_fund_since": "",
                "name": "Asit Bhandarkar",
                "qualification": "",
                "total_exp": "20 Years"
            },
            {
                "managing_fund_since": "",
                "name": "Chaitanya Choksi",
                "qualification": "",
                "total_exp": "21 Years"
            },
            {
                "managing_fund_since": "",
                "name": "Ruchi Fozdar",
                "qualification": "",
                "total_exp": "10 Years"
            }
        ],
        "load": {
            "entry_load": null,
            "exit_load": "If the units are redeemedswitched out on or be date of allotment  1.00.  \t If the units are redeemed  switched out after 3 of allotment  Nil."
        },
        "main_scheme_name": "JM Flexicap Fund",
        "metrics": {
            "alpha": null,
            "arithmetic_mean_ratio": null,
            "average_div_yld": null,
            "average_pb": null,
            "average_pe": null,
            "avg_maturity": null,
            "beta": "0.95",
            "correlation_ratio": null,
            "downside_deviation": null,
            "information_ratio": null,
            "macaulay": null,
            "mod_duration": null,
            "port_turnover_ratio": "1.4722",
            "r_squared_ratio": null,
            "roe_ratio": null,
            "sharpe": "0.45",
            "sortino_ratio": null,
            "std_dev": "15.87",
            "tracking_error": null,
            "treynor_ratio": null,
            "upside_deviation": null,
            "ytm": null
        },
        "min_addl_amt": "\u20b9 100",
        "min_addl_amt_multiple": "\u20b9 1",
        "min_amt": "\u20b9 1000",
        "min_amt_multiple": "\u20b9 1",
        "monthly_aaum_date": "31-03-2025",
        "monthly_aaum_value": "\u20b9 5,183.11 Crore",
        "mutual_fund_name": "JM Financial Mutual Fund",
        "page_number": [
            22
        ],
        "scheme_launch_date": "23rd September, 20"
    },
    "JM Midcap Fund": {
        "amc_name": "JM Financial Asset Management Limited",
        "benchmark_index": "Nifty Midcap 150 TRI Additional Benchmark Index Nifty 50 TRI",
        "fund_manager": [
            {
                "managing_fund_since": "",
                "name": "Asit Bhandarkar",
                "qualification": "",
                "total_exp": "20 Years"
            },
            {
                "managing_fund_since": "",
                "name": "Ruchi Fozdar",
                "qualification": "",
                "total_exp": "10 Years"
            }
        ],
        "load": {
            "entry_load": null,
            "exit_load": "If the units are redeemedswitched out on or b date of allotment  1.00. \t If the units are redeemedswitched out after 1 of allotment  Nil."
        },
        "main_scheme_name": "JM Midcap Fund",
        "metrics": {
            "alpha": null,
            "arithmetic_mean_ratio": null,
            "average_div_yld": null,
            "average_pb": null,
            "average_pe": null,
            "avg_maturity": null,
            "beta": null,
            "correlation_ratio": null,
            "downside_deviation": null,
            "information_ratio": null,
            "macaulay": null,
            "mod_duration": null,
            "port_turnover_ratio": "1.8177",
            "r_squared_ratio": null,
            "roe_ratio": null,
            "sharpe": null,
            "sortino_ratio": null,
            "std_dev": null,
            "tracking_error": null,
            "treynor_ratio": null,
            "upside_deviation": null,
            "ytm": null
        },
        "min_addl_amt": "\u20b9 100",
        "min_addl_amt_multiple": "\u20b9 1",
        "min_amt": "\u20b9 1000",
        "min_amt_multiple": "\u20b9 1",
        "monthly_aaum_date": "31-03-2025",
        "monthly_aaum_value": "\u20b9 1,279.39 Crore",
        "mutual_fund_name": "JM Financial Mutual Fund",
        "page_number": [
            23
        ],
        "scheme_launch_date": "21st November, 2"
    },
    "JM Small Cap Fund": {
        "amc_name": "JM Financial Asset Management Limited",
        "benchmark_index": "Nifty Smallcap 250 TRI Additional Benchmark Index Nifty 50 TRI",
        "fund_manager": [
            {
                "managing_fund_since": "",
                "name": "Asit Bhandarkar",
                "qualification": "",
                "total_exp": "20 Years"
            },
            {
                "managing_fund_since": "",
                "name": "Chaitanya Choksi",
                "qualification": "",
                "total_exp": "21 Years"
            },
            {
                "managing_fund_since": "",
                "name": "Ruchi Fozdar",
                "qualification": "",
                "total_exp": "10 Years"
            }
        ],
        "load": {
            "entry_load": null,
            "exit_load": "If the units are redeemedswitched out on or be date of allotment  1.00.  \t If the units are redeemed  switched out after 1 of allotment  Nil."
        },
        "main_scheme_name": "JM Small Cap Fund",
        "metrics": {
            "alpha": null,
            "arithmetic_mean_ratio": null,
            "average_div_yld": null,
            "average_pb": null,
            "average_pe": null,
            "avg_maturity": null,
            "beta": null,
            "correlation_ratio": null,
            "downside_deviation": null,
            "information_ratio": null,
            "macaulay": null,
            "mod_duration": null,
            "port_turnover_ratio": null,
            "r_squared_ratio": null,
            "roe_ratio": null,
            "sharpe": null,
            "sortino_ratio": null,
            "std_dev": null,
            "tracking_error": null,
            "treynor_ratio": null,
            "upside_deviation": null,
            "ytm": null
        },
        "min_addl_amt": "\u20b9 100",
        "min_addl_amt_multiple": "\u20b9 1",
        "min_amt": "\u20b9 1000",
        "min_amt_multiple": "\u20b9 1",
        "monthly_aaum_date": "31-03-2025",
        "monthly_aaum_value": "\u20b9 580.68 Crore",
        "mutual_fund_name": "JM Financial Mutual Fund",
        "page_number": [
            24
        ],
        "scheme_launch_date": "18th June, 202"
    },
    "JM Large Cap Fund": {
        "amc_name": "JM Financial Asset Management Limited",
        "benchmark_index": "BSE 100 TRI Additional Benchmark Index Nifty 50 TRI",
        "fund_manager": [
            {
                "managing_fund_since": "",
                "name": "Asit Bhandarkar",
                "qualification": "",
                "total_exp": "20 Years"
            },
            {
                "managing_fund_since": "",
                "name": "Deepak Gupta",
                "qualification": "",
                "total_exp": "21 Years"
            },
            {
                "managing_fund_since": "",
                "name": "Ruchi Fozdar",
                "qualification": "",
                "total_exp": "10 Years"
            }
        ],
        "load": {
            "entry_load": null,
            "exit_load": "If the units are redeemedswitched out on or b date of allotment  1.00.  \t If the units are redeemed  switched out after of allotment  Nil."
        },
        "main_scheme_name": "JM Large Cap Fund",
        "metrics": {
            "alpha": null,
            "arithmetic_mean_ratio": null,
            "average_div_yld": null,
            "average_pb": null,
            "average_pe": null,
            "avg_maturity": null,
            "beta": "0.91",
            "correlation_ratio": null,
            "downside_deviation": null,
            "information_ratio": null,
            "macaulay": null,
            "mod_duration": null,
            "port_turnover_ratio": "2.7616",
            "r_squared_ratio": null,
            "roe_ratio": null,
            "sharpe": "0.42",
            "sortino_ratio": null,
            "std_dev": "14.1",
            "tracking_error": null,
            "treynor_ratio": null,
            "upside_deviation": null,
            "ytm": null
        },
        "min_addl_amt": "\u20b9 100",
        "min_addl_amt_multiple": "\u20b9 1",
        "min_amt": "\u20b9 1000",
        "min_amt_multiple": "\u20b9 1",
        "monthly_aaum_date": "31-03-2025",
        "monthly_aaum_value": "\u20b9 481.22 Crore",
        "mutual_fund_name": "JM Financial Mutual Fund",
        "page_number": [
            25
        ],
        "scheme_launch_date": "1st April, 19"
    },
    "JM Value Fund": {
        "amc_name": "JM Financial Asset Management Limited",
        "benchmark_index": "BSE 500 TRI Additional Benchmark Index Nifty 50 TRI",
        "fund_manager": [
            {
                "managing_fund_since": "",
                "name": "Asit Bhandarkar",
                "qualification": "",
                "total_exp": "20 Years"
            },
            {
                "managing_fund_since": "",
                "name": "Ruchi Fozdar",
                "qualification": "",
                "total_exp": "10 Years"
            }
        ],
        "load": {
            "entry_load": null,
            "exit_load": "If the units are redeemedswitched out on or be date of allotment  1.00.  \t If the units are redeemed  switched out after 3 of allotment  Nil."
        },
        "main_scheme_name": "JM Value Fund",
        "metrics": {
            "alpha": null,
            "arithmetic_mean_ratio": null,
            "average_div_yld": null,
            "average_pb": null,
            "average_pe": null,
            "avg_maturity": null,
            "beta": "0.97",
            "correlation_ratio": null,
            "downside_deviation": null,
            "information_ratio": null,
            "macaulay": null,
            "mod_duration": null,
            "port_turnover_ratio": "1.1521",
            "r_squared_ratio": null,
            "roe_ratio": null,
            "sharpe": "0.45",
            "sortino_ratio": null,
            "std_dev": "16.77",
            "tracking_error": null,
            "treynor_ratio": null,
            "upside_deviation": null,
            "ytm": null
        },
        "min_addl_amt": "\u20b9 100",
        "min_addl_amt_multiple": "\u20b9 1",
        "min_amt": "\u20b9 1000",
        "min_amt_multiple": "\u20b9 1",
        "monthly_aaum_date": "31-03-2025",
        "monthly_aaum_value": "\u20b9 997.89 Crore",
        "mutual_fund_name": "JM Financial Mutual Fund",
        "page_number": [
            26
        ],
        "scheme_launch_date": "2nd June, 199"
    },
    "JM Focused Fund": {
        "amc_name": "JM Financial Asset Management Limited",
        "benchmark_index": "BSE 500 TRI Additional Benchmark Index Nifty 50 TRI",
        "fund_manager": [
            {
                "managing_fund_since": "",
                "name": "Asit Bhandarkar",
                "qualification": "",
                "total_exp": "20 Years"
            },
            {
                "managing_fund_since": "",
                "name": "Chaitanya Choksi",
                "qualification": "",
                "total_exp": "21 Years"
            },
            {
                "managing_fund_since": "",
                "name": "Ruchi Fozdar",
                "qualification": "",
                "total_exp": "10 Years"
            }
        ],
        "load": {
            "entry_load": null,
            "exit_load": "If the units are redeemedswitched out on or b date of allotment  1.00.  \t If the units are redeemed  switched out after of allotment  Nil."
        },
        "main_scheme_name": "JM Focused Fund",
        "metrics": {
            "alpha": null,
            "arithmetic_mean_ratio": null,
            "average_div_yld": null,
            "average_pb": null,
            "average_pe": null,
            "avg_maturity": null,
            "beta": "0.89",
            "correlation_ratio": null,
            "downside_deviation": null,
            "information_ratio": null,
            "macaulay": null,
            "mod_duration": null,
            "port_turnover_ratio": "2.006",
            "r_squared_ratio": null,
            "roe_ratio": null,
            "sharpe": "0.45",
            "sortino_ratio": null,
            "std_dev": "14.9",
            "tracking_error": null,
            "treynor_ratio": null,
            "upside_deviation": null,
            "ytm": null
        },
        "min_addl_amt": "\u20b9 100",
        "min_addl_amt_multiple": "\u20b9 1",
        "min_amt": "\u20b9 1000",
        "min_amt_multiple": "\u20b9 1",
        "monthly_aaum_date": "31-03-2025",
        "monthly_aaum_value": "\u20b9 224.92 Crore",
        "mutual_fund_name": "JM Financial Mutual Fund",
        "page_number": [
            27
        ],
        "scheme_launch_date": "5th  March, 2"
    },
    "JM Arbitrage Fund": {
        "amc_name": "JM Financial Asset Management Limited",
        "benchmark_index": "Nifty 50 Arbitrage Index Additional Benchmark Index Crisil 1 Year T Bill Index  to NAV Name of Instrument  to NAV Ratin Futures Treasury Bills 13.13 182 Days T-Bill 4.68 SO 91 Days T-Bill 6.53 SO 364 Days T-Bill 1.92 SO Total Debt Holdings 19.48 TREPS  Others  10.97 Total Assets 100.00  includes net receivables  payables if any Total no. of Equity Stocks  67",
        "fund_manager": [
            {
                "managing_fund_since": "",
                "name": "Asit Bhandarkar",
                "qualification": "",
                "total_exp": "20 Years"
            },
            {
                "managing_fund_since": "",
                "name": "Chaitanya Choksi",
                "qualification": "",
                "total_exp": "21 Years"
            },
            {
                "managing_fund_since": "",
                "name": "Ruchi Fozdar",
                "qualification": "",
                "total_exp": "10 Years"
            }
        ],
        "load": {
            "entry_load": null,
            "exit_load": "If the units are redeemed  switched out on or b date of allotment  0.50. \t If the units are redeemed  switched out after 3 of allotment  Nil."
        },
        "main_scheme_name": "JM Arbitrage Fund",
        "metrics": {
            "alpha": null,
            "arithmetic_mean_ratio": null,
            "average_div_yld": null,
            "average_pb": null,
            "average_pe": null,
            "avg_maturity": null,
            "beta": null,
            "correlation_ratio": null,
            "downside_deviation": null,
            "information_ratio": null,
            "macaulay": null,
            "mod_duration": null,
            "port_turnover_ratio": "10.9434",
            "r_squared_ratio": null,
            "roe_ratio": null,
            "sharpe": null,
            "sortino_ratio": null,
            "std_dev": null,
            "tracking_error": null,
            "treynor_ratio": null,
            "upside_deviation": null,
            "ytm": null
        },
        "min_addl_amt": "\u20b9 100",
        "min_addl_amt_multiple": "\u20b9 1",
        "min_amt": "\u20b9 1000",
        "min_amt_multiple": "\u20b9 1",
        "monthly_aaum_date": "31-03-2025",
        "monthly_aaum_value": "\u20b9 211.53 Crore",
        "mutual_fund_name": "JM Financial Mutual Fund",
        "page_number": [
            28,
            29
        ],
        "scheme_launch_date": "18th July, 20"
    },
    "JM Aggressive Hybrid Fund": {
        "amc_name": "JM Financial Asset Management Limited",
        "benchmark_index": "CRISIL Hybrid 3565 Aggressive Additional Benchmark Index Nifty 50 TRI",
        "fund_manager": [
            {
                "managing_fund_since": "",
                "name": "Ruchi Fozdar",
                "qualification": "",
                "total_exp": "10 Years"
            }
        ],
        "load": {
            "entry_load": null,
            "exit_load": "If the units are redeemed  switched out on or before  allotment  1.00.  If the units are redeemed  switched out after 60 days  Nil."
        },
        "main_scheme_name": "JM Aggressive Hybrid Fund",
        "metrics": {
            "alpha": null,
            "arithmetic_mean_ratio": null,
            "average_div_yld": null,
            "average_pb": null,
            "average_pe": null,
            "avg_maturity": "4.4141",
            "beta": "9.60",
            "correlation_ratio": null,
            "downside_deviation": null,
            "information_ratio": null,
            "macaulay": "3.1685",
            "mod_duration": "3.0349",
            "port_turnover_ratio": "1.4010",
            "r_squared_ratio": null,
            "roe_ratio": null,
            "sharpe": "6.40",
            "sortino_ratio": null,
            "std_dev": "12.51",
            "tracking_error": null,
            "treynor_ratio": null,
            "upside_deviation": null,
            "ytm": "6.95"
        },
        "min_addl_amt": "\u20b9 100",
        "min_addl_amt_multiple": "\u20b9 1",
        "min_amt": "\u20b9 1000",
        "min_amt_multiple": "\u20b9 1",
        "monthly_aaum_date": "31-03-2025",
        "monthly_aaum_value": "\u20b9 750.94 Crore",
        "mutual_fund_name": "JM Financial Mutual Fund",
        "page_number": [
            30
        ],
        "scheme_launch_date": "1st April, 1995"
    },
    "JM Overnight Fund": {
        "amc_name": "JM Financial Asset Management Limited",
        "benchmark_index": "CRISIL Liquid Overnight Index Additional Benchmark Index Crisil 1 Year T Bill Inde",
        "fund_manager": [
            {
                "managing_fund_since": "",
                "name": "Killol Pandya",
                "qualification": "",
                "total_exp": "17 Years"
            },
            {
                "managing_fund_since": "",
                "name": "Naghma Khoja",
                "qualification": "",
                "total_exp": "6 Years"
            },
            {
                "managing_fund_since": "",
                "name": "Ruchi Fozdar",
                "qualification": "",
                "total_exp": "10 Years"
            }
        ],
        "load": {
            "entry_load": null,
            "exit_load": "NIL"
        },
        "main_scheme_name": "JM Overnight Fund",
        "metrics": {
            "alpha": null,
            "arithmetic_mean_ratio": null,
            "average_div_yld": null,
            "average_pb": null,
            "average_pe": null,
            "avg_maturity": "2.99",
            "beta": null,
            "correlation_ratio": null,
            "downside_deviation": null,
            "information_ratio": null,
            "macaulay": "2.99",
            "mod_duration": "2.81",
            "port_turnover_ratio": null,
            "r_squared_ratio": null,
            "roe_ratio": null,
            "sharpe": null,
            "sortino_ratio": null,
            "std_dev": null,
            "tracking_error": null,
            "treynor_ratio": null,
            "upside_deviation": null,
            "ytm": "6.2"
        },
        "min_addl_amt": "\u20b9 100",
        "min_addl_amt_multiple": "\u20b9 1",
        "min_amt": "\u20b9 1000",
        "min_amt_multiple": "\u20b9 1",
        "monthly_aaum_date": "31-03-2025",
        "monthly_aaum_value": "\u20b9 133.56 Crore",
        "mutual_fund_name": "JM Financial Mutual Fund",
        "page_number": [
            31
        ],
        "scheme_launch_date": "3rd December, 2"
    },
    "JM Liquid Fund": {
        "amc_name": "JM Financial Asset Management Limited",
        "benchmark_index": "CRISIL Liquid Debt A-I Index Additional Benchmark Index Crisil 1 Year T Bill Index",
        "fund_manager": [
            {
                "managing_fund_since": "",
                "name": "Killol Pandya",
                "qualification": "",
                "total_exp": "17 Years"
            },
            {
                "managing_fund_since": "",
                "name": "Naghma Khoja",
                "qualification": "",
                "total_exp": "6 Years"
            },
            {
                "managing_fund_since": "",
                "name": "Ruchi Fozdar",
                "qualification": "",
                "total_exp": "10 Years"
            }
        ],
        "load": {
            "entry_load": null,
            "exit_load": null
        },
        "main_scheme_name": "JM Liquid Fund",
        "metrics": {
            "alpha": null,
            "arithmetic_mean_ratio": null,
            "average_div_yld": null,
            "average_pb": null,
            "average_pe": null,
            "avg_maturity": "0.1207",
            "beta": null,
            "correlation_ratio": null,
            "downside_deviation": null,
            "information_ratio": null,
            "macaulay": "0.1202",
            "mod_duration": "0.1120",
            "port_turnover_ratio": null,
            "r_squared_ratio": null,
            "roe_ratio": null,
            "sharpe": null,
            "sortino_ratio": null,
            "std_dev": null,
            "tracking_error": null,
            "treynor_ratio": null,
            "upside_deviation": null,
            "ytm": "7.13"
        },
        "min_addl_amt": "\u20b9 100",
        "min_addl_amt_multiple": "\u20b9 1",
        "min_amt": "\u20b9 1000",
        "min_amt_multiple": "\u20b9 1",
        "monthly_aaum_date": "31-03-2025",
        "monthly_aaum_value": "\u20b9 3,450.25 Crore",
        "mutual_fund_name": "JM Financial Mutual Fund",
        "page_number": [
            32
        ],
        "scheme_launch_date": "31st December, 199"
    },
    "JM Short Duration Fund": {
        "amc_name": "JM Financial Asset Management Limited",
        "benchmark_index": "CRISIL Short Duration Debt A-I Additional Benchmark Index Crisil 1 Year T Bill Inde",
        "fund_manager": [
            {
                "managing_fund_since": "",
                "name": "Killol Pandya",
                "qualification": "",
                "total_exp": "17 Years"
            },
            {
                "managing_fund_since": "",
                "name": "Naghma Khoja",
                "qualification": "",
                "total_exp": "6 Years"
            },
            {
                "managing_fund_since": "",
                "name": "Ruchi Fozdar",
                "qualification": "",
                "total_exp": "10 Years"
            }
        ],
        "load": {
            "entry_load": null,
            "exit_load": "NIL"
        },
        "main_scheme_name": "JM Short Duration Fund",
        "metrics": {
            "alpha": null,
            "arithmetic_mean_ratio": null,
            "average_div_yld": null,
            "average_pb": null,
            "average_pe": null,
            "avg_maturity": "3.1474",
            "beta": null,
            "correlation_ratio": null,
            "downside_deviation": null,
            "information_ratio": null,
            "macaulay": "2.7254",
            "mod_duration": "2.5864",
            "port_turnover_ratio": null,
            "r_squared_ratio": null,
            "roe_ratio": null,
            "sharpe": null,
            "sortino_ratio": null,
            "std_dev": null,
            "tracking_error": null,
            "treynor_ratio": null,
            "upside_deviation": null,
            "ytm": "7.3"
        },
        "min_addl_amt": "\u20b9 100",
        "min_addl_amt_multiple": "\u20b9 1",
        "min_amt": "\u20b9 1000",
        "min_amt_multiple": "\u20b9 1",
        "monthly_aaum_date": "31-03-2025",
        "monthly_aaum_value": "\u20b9 116.13 Crore",
        "mutual_fund_name": "JM Financial Mutual Fund",
        "page_number": [
            33
        ],
        "scheme_launch_date": "29th August, 2"
    },
    "JM Dynamic Bond Fund": {
        "amc_name": "JM Financial Asset Management Limited",
        "benchmark_index": "CRISIL Dynamic Bond A-III Index Additional Benchmark Index Crisil 10 Year Gilt Index",
        "fund_manager": [
            {
                "managing_fund_since": "",
                "name": "Killol Pandya",
                "qualification": "",
                "total_exp": "17 Years"
            },
            {
                "managing_fund_since": "",
                "name": "Naghma Khoja",
                "qualification": "",
                "total_exp": "6 Years"
            },
            {
                "managing_fund_since": "",
                "name": "Ruchi Fozdar",
                "qualification": "",
                "total_exp": "10 Years"
            }
        ],
        "load": {
            "entry_load": null,
            "exit_load": "NIL"
        },
        "main_scheme_name": "JM Dynamic Bond Fund",
        "metrics": {
            "alpha": null,
            "arithmetic_mean_ratio": null,
            "average_div_yld": null,
            "average_pb": null,
            "average_pe": null,
            "avg_maturity": "10.4352",
            "beta": null,
            "correlation_ratio": null,
            "downside_deviation": null,
            "information_ratio": null,
            "macaulay": "7.1280",
            "mod_duration": "6.8932",
            "port_turnover_ratio": null,
            "r_squared_ratio": null,
            "roe_ratio": null,
            "sharpe": null,
            "sortino_ratio": null,
            "std_dev": null,
            "tracking_error": null,
            "treynor_ratio": null,
            "upside_deviation": null,
            "ytm": "6.87"
        },
        "min_addl_amt": "\u20b9 100",
        "min_addl_amt_multiple": "\u20b9 1",
        "min_amt": "\u20b9 1000",
        "min_amt_multiple": "\u20b9 1",
        "monthly_aaum_date": "31-03-2025",
        "monthly_aaum_value": "\u20b9 44.04 Crore",
        "mutual_fund_name": "JM Financial Mutual Fund",
        "page_number": [
            34
        ],
        "scheme_launch_date": "25th June, 20"
    },
    "JM Low Duration Fund": {
        "amc_name": "JM Financial Asset Management Limited",
        "benchmark_index": "CRISIL Low Duration Debt A-I I Additional Benchmark Index Crisil 1 Year T Bill Inde",
        "fund_manager": [
            {
                "managing_fund_since": "",
                "name": "Killol Pandya",
                "qualification": "",
                "total_exp": "17 Years"
            },
            {
                "managing_fund_since": "",
                "name": "Naghma Khoja",
                "qualification": "",
                "total_exp": "6 Years"
            },
            {
                "managing_fund_since": "",
                "name": "Ruchi Fozdar",
                "qualification": "",
                "total_exp": "10 Years"
            }
        ],
        "load": {
            "entry_load": null,
            "exit_load": "NIL"
        },
        "main_scheme_name": "JM Low Duration Fund",
        "metrics": {
            "alpha": null,
            "arithmetic_mean_ratio": null,
            "average_div_yld": null,
            "average_pb": null,
            "average_pe": null,
            "avg_maturity": "1.0669",
            "beta": null,
            "correlation_ratio": null,
            "downside_deviation": null,
            "information_ratio": null,
            "macaulay": "0.9991",
            "mod_duration": "0.9369",
            "port_turnover_ratio": null,
            "r_squared_ratio": null,
            "roe_ratio": null,
            "sharpe": null,
            "sortino_ratio": null,
            "std_dev": null,
            "tracking_error": null,
            "treynor_ratio": null,
            "upside_deviation": null,
            "ytm": "7.7"
        },
        "min_addl_amt": "\u20b9 100",
        "min_addl_amt_multiple": "\u20b9 1",
        "min_amt": "\u20b9 1000",
        "min_amt_multiple": "\u20b9 1",
        "monthly_aaum_date": "31-03-2025",
        "monthly_aaum_value": "\u20b9 228.74 Crore",
        "mutual_fund_name": "JM Financial Mutual Fund",
        "page_number": [
            35
        ],
        "scheme_launch_date": "27th September, 2"
    },
    "JM Medium to Long Duration Fund": {
        "amc_name": "JM Financial Asset Management Limited",
        "benchmark_index": "CRISIL Medium to Long Duration Additional Benchmark Index Crisil 10 Year Gilt Index",
        "fund_manager": [
            {
                "managing_fund_since": "",
                "name": "Killol Pandya",
                "qualification": "",
                "total_exp": "17 Years"
            },
            {
                "managing_fund_since": "",
                "name": "Naghma Khoja",
                "qualification": "",
                "total_exp": "6 Years"
            },
            {
                "managing_fund_since": "",
                "name": "Ruchi Fozdar",
                "qualification": "",
                "total_exp": "10 Years"
            }
        ],
        "load": {
            "entry_load": null,
            "exit_load": "NIL"
        },
        "main_scheme_name": "JM Medium to Long Duration Fund",
        "metrics": {
            "alpha": null,
            "arithmetic_mean_ratio": null,
            "average_div_yld": null,
            "average_pb": null,
            "average_pe": null,
            "avg_maturity": "9.3927",
            "beta": null,
            "correlation_ratio": null,
            "downside_deviation": null,
            "information_ratio": null,
            "macaulay": "6.7569",
            "mod_duration": "6.5364",
            "port_turnover_ratio": null,
            "r_squared_ratio": null,
            "roe_ratio": null,
            "sharpe": null,
            "sortino_ratio": null,
            "std_dev": null,
            "tracking_error": null,
            "treynor_ratio": null,
            "upside_deviation": null,
            "ytm": "6.83"
        },
        "min_addl_amt": "\u20b9 100",
        "min_addl_amt_multiple": "\u20b9 1",
        "min_amt": "\u20b9 1000",
        "min_amt_multiple": "\u20b9 1",
        "monthly_aaum_date": "31-03-2025",
        "monthly_aaum_value": "\u20b9 25.51 Crore",
        "mutual_fund_name": "JM Financial Mutual Fund",
        "page_number": [
            36
        ],
        "scheme_launch_date": "1st April, 199"
    }
}