{
    "TAURUS FLEXI CAP FUND": {
        "amc_name": "Taurus Asset Management Company Limited",
        "benchmark_index": "BSE 500 TRI ",
        "fund_manager": [
            {
                "managing_fund_since": "June 13, 2023",
                "name": "Anuj Kapil",
                "qualification": "",
                "total_exp": "19 Yrs"
            }
        ],
        "load": {
            "entry_load": "- NIL",
            "exit_load": "- Upto any amount (Including SIP)  1 if exited on or before 365 days  Nil if exited aer 365 days SwitchExit load applicability for switch transacon will be as per the Switch Out (From scheme)"
        },
        "main_scheme_name": "TAURUS FLEXI CAP FUND",
        "metrics": {
            "alpha": null,
            "arithmetic_mean_ratio": null,
            "average_div_yld": null,
            "average_pb": null,
            "average_pe": null,
            "avg_maturity": null,
            "beta": "1.06",
            "correlation_ratio": null,
            "downside_deviation": null,
            "information_ratio": null,
            "macaulay": null,
            "mod_duration": null,
            "port_turnover_ratio": "0.75",
            "r_squared_ratio": null,
            "roe_ratio": null,
            "sharpe": "0.51",
            "sortino_ratio": null,
            "std_dev": "15.68",
            "tracking_error": null,
            "treynor_ratio": null,
            "upside_deviation": null,
            "ytm": null
        },
        "min_addl_amt": null,
        "min_addl_amt_multiple": null,
        "min_amt": "\u20b9 500",
        "min_amt_multiple": "\u20b9 1",
        "monthly_aaum_date": "31-03-2025",
        "monthly_aaum_value": "\u20b9 320.80 Cr",
        "mutual_fund_name": "Taurus Mutual Fund",
        "page_number": [
            11
        ],
        "scheme_launch_date": "January 29, 1994 "
    },
    "TAURUS ETHICAL FUND": {
        "amc_name": "Taurus Asset Management Company Limited",
        "benchmark_index": "BSE 500 Shariah TRI ",
        "fund_manager": [
            {
                "managing_fund_since": "November 01, 2022",
                "name": "Anuj Kapil",
                "qualification": "",
                "total_exp": "19 Yrs"
            }
        ],
        "load": {
            "entry_load": "- NIL",
            "exit_load": "- Upto any amount (Including SIP)  1 if exited on or before 365 days  Nil if exited aer 365 days SwitchExit load applicability for switch transacon will be as per the Switch Out (From scheme)"
        },
        "main_scheme_name": "TAURUS ETHICAL FUND",
        "metrics": {
            "alpha": null,
            "arithmetic_mean_ratio": null,
            "average_div_yld": null,
            "average_pb": null,
            "average_pe": null,
            "avg_maturity": null,
            "beta": "0.95",
            "correlation_ratio": null,
            "downside_deviation": null,
            "information_ratio": null,
            "macaulay": null,
            "mod_duration": null,
            "port_turnover_ratio": "1.15",
            "r_squared_ratio": null,
            "roe_ratio": null,
            "sharpe": "0.62",
            "sortino_ratio": null,
            "std_dev": "14.01",
            "tracking_error": null,
            "treynor_ratio": null,
            "upside_deviation": null,
            "ytm": null
        },
        "min_addl_amt": null,
        "min_addl_amt_multiple": null,
        "min_amt": "\u20b9 500",
        "min_amt_multiple": "\u20b9 1",
        "monthly_aaum_date": "31-03-2025",
        "monthly_aaum_value": "\u20b9 251.45 Cr",
        "mutual_fund_name": "Taurus Mutual Fund",
        "page_number": [
            12
        ],
        "scheme_launch_date": "April 6, 2009 "
    },
    "Taurus Mid Cap Fund": {
        "amc_name": "Taurus Asset Management Company Limited",
        "benchmark_index": "Nifty Midcap 150 TRI ",
        "fund_manager": [
            {
                "managing_fund_since": "June 13, 2023",
                "name": "Anuj Kapil",
                "qualification": "",
                "total_exp": "19 Yrs"
            },
            {
                "managing_fund_since": "July 18, 2024",
                "name": "Hemanshu Srivastava",
                "qualification": "",
                "total_exp": "12 Yrs"
            }
        ],
        "load": {
            "entry_load": "- NIL",
            "exit_load": "Upto any amount (Including SIP)  1 if exited on or before 365 days.  Nil, if exited after 365 days Switch Exit load applicability for switch transaction will be as per the Switch Out (From scheme)"
        },
        "main_scheme_name": "Taurus Mid Cap Fund",
        "metrics": {
            "alpha": null,
            "arithmetic_mean_ratio": null,
            "average_div_yld": null,
            "average_pb": null,
            "average_pe": null,
            "avg_maturity": null,
            "beta": "0.99",
            "correlation_ratio": null,
            "downside_deviation": null,
            "information_ratio": null,
            "macaulay": null,
            "mod_duration": null,
            "port_turnover_ratio": "1.08",
            "r_squared_ratio": null,
            "roe_ratio": null,
            "sharpe": "0.59",
            "sortino_ratio": null,
            "std_dev": "17.08",
            "tracking_error": null,
            "treynor_ratio": null,
            "upside_deviation": null,
            "ytm": null
        },
        "min_addl_amt": null,
        "min_addl_amt_multiple": null,
        "min_amt": "\u20b9 500",
        "min_amt_multiple": "\u20b9 1",
        "monthly_aaum_date": "31-03-2025",
        "monthly_aaum_value": "\u20b9 105.98 Cr",
        "mutual_fund_name": "Taurus Mutual Fund",
        "page_number": [
            13
        ],
        "scheme_launch_date": "September 5, 1994 "
    },
    "TAURUS ELSS TAX SAVER FUND": {
        "amc_name": "Taurus Asset Management Company Limited",
        "benchmark_index": "BSE 500 TRI ",
        "fund_manager": [
            {
                "managing_fund_since": "August 07, 2023",
                "name": "Anuj Kapil",
                "qualification": "",
                "total_exp": "19 Yrs"
            }
        ],
        "load": {
            "entry_load": "- NIL",
            "exit_load": "- Upto any amount (Including SIP) NA (lock - in period of 3 years) SwitchSwitch to any (DebtEquity) schemes after 3  years Exit Load  Nil"
        },
        "main_scheme_name": "TAURUS ELSS TAX SAVER FUND",
        "metrics": {
            "alpha": null,
            "arithmetic_mean_ratio": null,
            "average_div_yld": null,
            "average_pb": null,
            "average_pe": null,
            "avg_maturity": null,
            "beta": "0.78",
            "correlation_ratio": null,
            "downside_deviation": null,
            "information_ratio": null,
            "macaulay": null,
            "mod_duration": null,
            "port_turnover_ratio": "0.63",
            "r_squared_ratio": null,
            "roe_ratio": null,
            "sharpe": "0.81",
            "sortino_ratio": null,
            "std_dev": "12.12",
            "tracking_error": null,
            "treynor_ratio": null,
            "upside_deviation": null,
            "ytm": null
        },
        "min_addl_amt": null,
        "min_addl_amt_multiple": null,
        "min_amt": "\u20b9 500",
        "min_amt_multiple": "\u20b9 500",
        "monthly_aaum_date": "31-03-2025",
        "monthly_aaum_value": "\u20b9 72.17 Cr",
        "mutual_fund_name": "Taurus Mutual Fund",
        "page_number": [
            14
        ],
        "scheme_launch_date": "March 31, 1996 "
    },
    "TAURUS LARGE CAP FUND": {
        "amc_name": "Taurus Asset Management Company Limited",
        "benchmark_index": "BSE 100 TRI ",
        "fund_manager": [
            {
                "managing_fund_since": "June 13, 2023",
                "name": "Anuj Kapil",
                "qualification": "",
                "total_exp": "19 Yrs"
            }
        ],
        "load": {
            "entry_load": "- NIL",
            "exit_load": "Upto any amount (Including SIP)  1 if exited on or before 365 days.  Nil, if exited after 365 days Switch Exit load applicability for switch transaction will be as per the Switch Out (From scheme)"
        },
        "main_scheme_name": "TAURUS LARGE CAP FUND",
        "metrics": {
            "alpha": null,
            "arithmetic_mean_ratio": null,
            "average_div_yld": null,
            "average_pb": null,
            "average_pe": null,
            "avg_maturity": null,
            "beta": "1.14",
            "correlation_ratio": null,
            "downside_deviation": null,
            "information_ratio": null,
            "macaulay": null,
            "mod_duration": null,
            "port_turnover_ratio": "0.82",
            "r_squared_ratio": null,
            "roe_ratio": null,
            "sharpe": "0.48",
            "sortino_ratio": null,
            "std_dev": "16.35",
            "tracking_error": null,
            "treynor_ratio": null,
            "upside_deviation": null,
            "ytm": null
        },
        "min_addl_amt": null,
        "min_addl_amt_multiple": null,
        "min_amt": "\u20b9 500",
        "min_amt_multiple": "\u20b9 1",
        "monthly_aaum_date": "31-03-2025",
        "monthly_aaum_value": "\u20b9 44.07 Cr",
        "mutual_fund_name": "Taurus Mutual Fund",
        "page_number": [
            15
        ],
        "scheme_launch_date": "February 28, 1995 "
    },
    "TAURUS BANKING & FINANCIAL SERVICES FUND": {
        "amc_name": "Taurus Asset Management Company Limited",
        "benchmark_index": "BSE Bankex TRI ",
        "fund_manager": [
            {
                "managing_fund_since": "June 13, 2023",
                "name": "Anuj Kapil",
                "qualification": "",
                "total_exp": "19 Yrs"
            }
        ],
        "load": {
            "entry_load": "- NIL",
            "exit_load": "- Upto any amount (Including SIP)  1 if exited on or before 365 days,  Nil, if exited after 365 days Switch Exit load applicability for switch transaction will be as per the Switch Out (From scheme)"
        },
        "main_scheme_name": "TAURUS BANKING & FINANCIAL SERVICES FUND",
        "metrics": {
            "alpha": null,
            "arithmetic_mean_ratio": null,
            "average_div_yld": null,
            "average_pb": null,
            "average_pe": null,
            "avg_maturity": null,
            "beta": "0.95",
            "correlation_ratio": null,
            "downside_deviation": null,
            "information_ratio": null,
            "macaulay": null,
            "mod_duration": null,
            "port_turnover_ratio": "0.29",
            "r_squared_ratio": null,
            "roe_ratio": null,
            "sharpe": "0.40",
            "sortino_ratio": null,
            "std_dev": "14.27",
            "tracking_error": null,
            "treynor_ratio": null,
            "upside_deviation": null,
            "ytm": null
        },
        "min_addl_amt": null,
        "min_addl_amt_multiple": null,
        "min_amt": "\u20b9 500",
        "min_amt_multiple": "\u20b9 1",
        "monthly_aaum_date": "31-03-2025",
        "monthly_aaum_value": "\u20b9 10.24 Cr",
        "mutual_fund_name": "Taurus Mutual Fund",
        "page_number": [
            16
        ],
        "scheme_launch_date": "May 22, 2012 "
    },
    "TAURUS INFRASTRUCTURE FUND": {
        "amc_name": "Taurus Asset Management Company Limited",
        "benchmark_index": "Nifty Infrastructure Index TRI ",
        "fund_manager": [
            {
                "managing_fund_since": "November 15, 2023",
                "name": "Anuj Kapil",
                "qualification": "",
                "total_exp": "19 Yrs"
            }
        ],
        "load": {
            "entry_load": "- NIL",
            "exit_load": "Upto any amount (Including SIP)  1 if exited on or before 365 days,  Nil, if exited after 365 days Switch Exit load applicability for switch transaction will be as per the Switch Out (From scheme)"
        },
        "main_scheme_name": "TAURUS INFRASTRUCTURE FUND",
        "metrics": {
            "alpha": null,
            "arithmetic_mean_ratio": null,
            "average_div_yld": null,
            "average_pb": null,
            "average_pe": null,
            "avg_maturity": null,
            "beta": "0.92",
            "correlation_ratio": null,
            "downside_deviation": null,
            "information_ratio": null,
            "macaulay": null,
            "mod_duration": null,
            "port_turnover_ratio": "0.98",
            "r_squared_ratio": null,
            "roe_ratio": null,
            "sharpe": "0.74",
            "sortino_ratio": null,
            "std_dev": "16.00",
            "tracking_error": null,
            "treynor_ratio": null,
            "upside_deviation": null,
            "ytm": null
        },
        "min_addl_amt": null,
        "min_addl_amt_multiple": null,
        "min_amt": "\u20b9 500",
        "min_amt_multiple": "\u20b9 1",
        "monthly_aaum_date": "31-03-2025",
        "monthly_aaum_value": "\u20b9 7.92 Cr",
        "mutual_fund_name": "Taurus Mutual Fund",
        "page_number": [
            17
        ],
        "scheme_launch_date": "March 5, 2007 "
    },
    "TAURUS NIFTY 50 INDEX FUND": {
        "amc_name": "Taurus Asset Management Company Limited",
        "benchmark_index": "Nifty 50 TRI ",
        "fund_manager": [
            {
                "managing_fund_since": "August 07, 2023",
                "name": "Anuj Kapil",
                "qualification": "",
                "total_exp": "19 Yrs"
            }
        ],
        "load": {
            "entry_load": "- NIL",
            "exit_load": "-Up to any amount (Including SIP )  1 if exited on or before 365 days,  Nil, if exited after 365 days SwitchExit load applicability for switch transaction will be as per the Switch Out (From scheme)"
        },
        "main_scheme_name": "TAURUS NIFTY 50 INDEX FUND",
        "metrics": {
            "alpha": null,
            "arithmetic_mean_ratio": null,
            "average_div_yld": null,
            "average_pb": null,
            "average_pe": null,
            "avg_maturity": null,
            "beta": "0.98",
            "correlation_ratio": null,
            "downside_deviation": null,
            "information_ratio": null,
            "macaulay": null,
            "mod_duration": null,
            "port_turnover_ratio": "0.04",
            "r_squared_ratio": null,
            "roe_ratio": null,
            "sharpe": "0.39",
            "sortino_ratio": null,
            "std_dev": "12.54",
            "tracking_error": "0.23",
            "treynor_ratio": null,
            "upside_deviation": null,
            "ytm": null
        },
        "min_addl_amt": null,
        "min_addl_amt_multiple": null,
        "min_amt": "\u20b9 500",
        "min_amt_multiple": "\u20b9 1",
        "monthly_aaum_date": "31-03-2025",
        "monthly_aaum_value": "\u20b9 4.81 Cr",
        "mutual_fund_name": "Taurus Mutual Fund",
        "page_number": [
            18
        ],
        "scheme_launch_date": "June 19, 2010 "
    }
}