{
    "SBI NIFTY 50 ETF": {
        "amc_name": "SBI Funds Management Limited",
        "benchmark_index": "Nifty 50 TRI",
        "fund_manager": [
            {
                "managing_fund_since": "July 2015",
                "name": "Raviprakash Sharma",
                "qualification": "",
                "total_exp": "25 Years"
            }
        ],
        "load": {
            "entry_load": "",
            "exit_load": ""
        },
        "main_scheme_name": "SBI NIFTY 50 ETF",
        "metrics": {
            "alpha": null,
            "arithmetic_mean_ratio": null,
            "average_div_yld": null,
            "average_pb": null,
            "average_pe": null,
            "avg_maturity": null,
            "beta": "1.00",
            "correlation_ratio": null,
            "downside_deviation": null,
            "information_ratio": null,
            "macaulay": null,
            "mod_duration": null,
            "port_turnover_ratio": "0.14",
            "r_squared_ratio": null,
            "roe_ratio": null,
            "sharpe": "0.36",
            "sortino_ratio": null,
            "std_dev": "13.12",
            "tracking_error": "0.0307",
            "treynor_ratio": null,
            "upside_deviation": null,
            "ytm": null
        },
        "min_addl_amt": null,
        "min_addl_amt_multiple": null,
        "min_amt": "\u20b9 25",
        "min_amt_multiple": "\u20b9 31",
        "monthly_aaum_date": "31-03-2025",
        "monthly_aaum_value": "\u20b9 1,85,239.48 crores",
        "mutual_fund_name": "SBI Mutual Fund",
        "page_number": [
            2
        ],
        "scheme_launch_date": "22072015"
    },
    "SBI NIFTY NEXT 50 ETF": {
        "amc_name": "SBI Funds Management Limited",
        "benchmark_index": "Nifty Next 50 TRI",
        "fund_manager": [
            {
                "managing_fund_since": "March 2015",
                "name": "Raviprakash Sharma",
                "qualification": "",
                "total_exp": "25 Years"
            }
        ],
        "load": {
            "entry_load": "",
            "exit_load": ""
        },
        "main_scheme_name": "SBI NIFTY NEXT 50 ETF",
        "metrics": {
            "alpha": null,
            "arithmetic_mean_ratio": null,
            "average_div_yld": null,
            "average_pb": null,
            "average_pe": null,
            "avg_maturity": null,
            "beta": "1.00",
            "correlation_ratio": null,
            "downside_deviation": null,
            "information_ratio": null,
            "macaulay": null,
            "mod_duration": null,
            "port_turnover_ratio": "0.61",
            "r_squared_ratio": null,
            "roe_ratio": null,
            "sharpe": "0.41",
            "sortino_ratio": null,
            "std_dev": "19.67",
            "tracking_error": "0.0655",
            "treynor_ratio": null,
            "upside_deviation": null,
            "ytm": null
        },
        "min_addl_amt": null,
        "min_addl_amt_multiple": null,
        "min_amt": "\u20b9 25",
        "min_amt_multiple": "\u20b9 31",
        "monthly_aaum_date": "31-03-2025",
        "monthly_aaum_value": "\u20b9 2,752.96 crores",
        "mutual_fund_name": "SBI Mutual Fund",
        "page_number": [
            3
        ],
        "scheme_launch_date": "18032015"
    },
    "SBI NIFTY 200 QUALITY 30 ETF": {
        "amc_name": "SBI Funds Management Limited",
        "benchmark_index": "Nifty200 Quality 30 TRI",
        "fund_manager": [
            {
                "managing_fund_since": "December 2018",
                "name": "Raviprakash Sharma",
                "qualification": "",
                "total_exp": "24 Years"
            }
        ],
        "load": {
            "entry_load": "",
            "exit_load": ""
        },
        "main_scheme_name": "SBI NIFTY 200 QUALITY 30 ETF",
        "metrics": {
            "alpha": null,
            "arithmetic_mean_ratio": null,
            "average_div_yld": null,
            "average_pb": null,
            "average_pe": null,
            "avg_maturity": null,
            "beta": "1.00",
            "correlation_ratio": null,
            "downside_deviation": null,
            "information_ratio": null,
            "macaulay": null,
            "mod_duration": null,
            "port_turnover_ratio": "0.33",
            "r_squared_ratio": null,
            "roe_ratio": null,
            "sharpe": "0.29",
            "sortino_ratio": null,
            "std_dev": "15.15",
            "tracking_error": "0.0682",
            "treynor_ratio": null,
            "upside_deviation": null,
            "ytm": null
        },
        "min_addl_amt": null,
        "min_addl_amt_multiple": null,
        "min_amt": "\u20b9 25",
        "min_amt_multiple": "\u20b9 28",
        "monthly_aaum_date": "31-03-2025",
        "monthly_aaum_value": "\u20b9 124.45 crores",
        "mutual_fund_name": "SBI Mutual Fund",
        "page_number": [
            4
        ],
        "scheme_launch_date": "10122018"
    },
    "SBI NIFTY BANK ETF": {
        "amc_name": "SBI Funds Management Limited",
        "benchmark_index": "Nifty Bank TRI",
        "fund_manager": [
            {
                "managing_fund_since": "March 2015",
                "name": "Raviprakash Sharma",
                "qualification": "",
                "total_exp": "25 Years"
            }
        ],
        "load": {
            "entry_load": "",
            "exit_load": ""
        },
        "main_scheme_name": "SBI NIFTY BANK ETF",
        "metrics": {
            "alpha": null,
            "arithmetic_mean_ratio": null,
            "average_div_yld": null,
            "average_pb": null,
            "average_pe": null,
            "avg_maturity": null,
            "beta": "1.00",
            "correlation_ratio": null,
            "downside_deviation": null,
            "information_ratio": null,
            "macaulay": null,
            "mod_duration": null,
            "port_turnover_ratio": "0.34",
            "r_squared_ratio": null,
            "roe_ratio": null,
            "sharpe": "0.34",
            "sortino_ratio": null,
            "std_dev": "14.32",
            "tracking_error": "0.0615",
            "treynor_ratio": null,
            "upside_deviation": null,
            "ytm": null
        },
        "min_addl_amt": null,
        "min_addl_amt_multiple": null,
        "min_amt": "\u20b9 25",
        "min_amt_multiple": "\u20b9 28",
        "monthly_aaum_date": "31-03-2025",
        "monthly_aaum_value": "\u20b9 3,983.10 crores",
        "mutual_fund_name": "SBI Mutual Fund",
        "page_number": [
            5
        ],
        "scheme_launch_date": "18032015"
    },
    "SBI NIFTY PRIVATE BANK ETF": {
        "amc_name": "SBI Funds Management Limited",
        "benchmark_index": "Nifty Private Bank TRI",
        "fund_manager": [
            {
                "managing_fund_since": "October 2020",
                "name": "Harsh Sethi",
                "qualification": "",
                "total_exp": "23 Years"
            }
        ],
        "load": {
            "entry_load": "",
            "exit_load": ""
        },
        "main_scheme_name": "SBI NIFTY PRIVATE BANK ETF",
        "metrics": {
            "alpha": null,
            "arithmetic_mean_ratio": null,
            "average_div_yld": null,
            "average_pb": null,
            "average_pe": null,
            "avg_maturity": null,
            "beta": "0.99",
            "correlation_ratio": null,
            "downside_deviation": null,
            "information_ratio": null,
            "macaulay": null,
            "mod_duration": null,
            "port_turnover_ratio": "0.57",
            "r_squared_ratio": null,
            "roe_ratio": null,
            "sharpe": "0.29",
            "sortino_ratio": null,
            "std_dev": "14.95",
            "tracking_error": "0.0686",
            "treynor_ratio": null,
            "upside_deviation": null,
            "ytm": null
        },
        "min_addl_amt": null,
        "min_addl_amt_multiple": null,
        "min_amt": "\u20b9 25",
        "min_amt_multiple": "\u20b9 28",
        "monthly_aaum_date": "31-03-2025",
        "monthly_aaum_value": "\u20b9 162.09 crores",
        "mutual_fund_name": "SBI Mutual Fund",
        "page_number": [
            6
        ],
        "scheme_launch_date": "19102020"
    },
    "SBI NIFTY IT ETF": {
        "amc_name": "SBI Funds Management Limited",
        "benchmark_index": "Nifty IT TRI",
        "fund_manager": [
            {
                "managing_fund_since": "October 2020",
                "name": "Harsh Sethi",
                "qualification": "",
                "total_exp": "23 Years"
            }
        ],
        "load": {
            "entry_load": "",
            "exit_load": ""
        },
        "main_scheme_name": "SBI NIFTY IT ETF",
        "metrics": {
            "alpha": null,
            "arithmetic_mean_ratio": null,
            "average_div_yld": null,
            "average_pb": null,
            "average_pe": null,
            "avg_maturity": null,
            "beta": "1.00",
            "correlation_ratio": null,
            "downside_deviation": null,
            "information_ratio": null,
            "macaulay": null,
            "mod_duration": null,
            "port_turnover_ratio": "0.63",
            "r_squared_ratio": null,
            "roe_ratio": null,
            "sharpe": "0.04",
            "sortino_ratio": null,
            "std_dev": "21.38",
            "tracking_error": "0.0504",
            "treynor_ratio": null,
            "upside_deviation": null,
            "ytm": null
        },
        "min_addl_amt": null,
        "min_addl_amt_multiple": null,
        "min_amt": "\u20b9 25",
        "min_amt_multiple": "\u20b9 28",
        "monthly_aaum_date": "31-03-2025",
        "monthly_aaum_value": "\u20b9 83.27 crores",
        "mutual_fund_name": "SBI Mutual Fund",
        "page_number": [
            7
        ],
        "scheme_launch_date": "19102020"
    },
    "SBI NIFTY CONSUMPTION ETF": {
        "amc_name": "SBI Funds Management Limited",
        "benchmark_index": "Nifty India Consumption TRI",
        "fund_manager": [
            {
                "managing_fund_since": "July 2021",
                "name": "Harsh Sethi",
                "qualification": "",
                "total_exp": "23 Years"
            }
        ],
        "load": {
            "entry_load": "",
            "exit_load": ""
        },
        "main_scheme_name": "SBI NIFTY CONSUMPTION ETF",
        "metrics": {
            "alpha": null,
            "arithmetic_mean_ratio": null,
            "average_div_yld": null,
            "average_pb": null,
            "average_pe": null,
            "avg_maturity": null,
            "beta": null,
            "correlation_ratio": null,
            "downside_deviation": null,
            "information_ratio": null,
            "macaulay": null,
            "mod_duration": null,
            "port_turnover_ratio": "0.20",
            "r_squared_ratio": null,
            "roe_ratio": null,
            "sharpe": null,
            "sortino_ratio": null,
            "std_dev": null,
            "tracking_error": "0.0278",
            "treynor_ratio": null,
            "upside_deviation": null,
            "ytm": null
        },
        "min_addl_amt": null,
        "min_addl_amt_multiple": null,
        "min_amt": "\u20b9 25",
        "min_amt_multiple": "\u20b9 28",
        "monthly_aaum_date": "31-03-2025",
        "monthly_aaum_value": "\u20b9 19.66 crores",
        "mutual_fund_name": "SBI Mutual Fund",
        "page_number": [
            8
        ],
        "scheme_launch_date": "22072021"
    },
    "SBI NIFTY50 EQUAL WEIGHT ETF": {
        "amc_name": "SBI Funds Management Limited",
        "benchmark_index": "Nifty50 Equal Weight TRI",
        "fund_manager": [
            {
                "managing_fund_since": "July 2024",
                "name": "Viral Chhadva",
                "qualification": "",
                "total_exp": "19 Years"
            }
        ],
        "load": {
            "entry_load": "",
            "exit_load": ""
        },
        "main_scheme_name": "SBI NIFTY50 EQUAL WEIGHT ETF",
        "metrics": {
            "alpha": null,
            "arithmetic_mean_ratio": null,
            "average_div_yld": null,
            "average_pb": null,
            "average_pe": null,
            "avg_maturity": null,
            "beta": null,
            "correlation_ratio": null,
            "downside_deviation": null,
            "information_ratio": null,
            "macaulay": null,
            "mod_duration": null,
            "port_turnover_ratio": "0.20",
            "r_squared_ratio": null,
            "roe_ratio": null,
            "sharpe": null,
            "sortino_ratio": null,
            "std_dev": null,
            "tracking_error": null,
            "treynor_ratio": null,
            "upside_deviation": null,
            "ytm": null
        },
        "min_addl_amt": null,
        "min_addl_amt_multiple": null,
        "min_amt": "\u20b9 25",
        "min_amt_multiple": "\u20b9 28",
        "monthly_aaum_date": "31-03-2025",
        "monthly_aaum_value": "\u20b9 23.54 crores",
        "mutual_fund_name": "SBI Mutual Fund",
        "page_number": [
            9
        ],
        "scheme_launch_date": "22072024"
    },
    "SBI BSE SENSEX ETF": {
        "amc_name": "SBI Funds Management Limited",
        "benchmark_index": "BSE SENSEX TRI",
        "fund_manager": [
            {
                "managing_fund_since": "March 2013",
                "name": "Raviprakash Sharma",
                "qualification": "",
                "total_exp": "25 Years"
            }
        ],
        "load": {
            "entry_load": "",
            "exit_load": ""
        },
        "main_scheme_name": "SBI BSE SENSEX ETF",
        "metrics": {
            "alpha": null,
            "arithmetic_mean_ratio": null,
            "average_div_yld": null,
            "average_pb": null,
            "average_pe": null,
            "avg_maturity": null,
            "beta": "1.00",
            "correlation_ratio": null,
            "downside_deviation": null,
            "information_ratio": null,
            "macaulay": null,
            "mod_duration": null,
            "port_turnover_ratio": "0.15",
            "r_squared_ratio": null,
            "roe_ratio": null,
            "sharpe": "0.34",
            "sortino_ratio": null,
            "std_dev": "12.76",
            "tracking_error": "0.0359",
            "treynor_ratio": null,
            "upside_deviation": null,
            "ytm": null
        },
        "min_addl_amt": null,
        "min_addl_amt_multiple": null,
        "min_amt": "\u20b9 25",
        "min_amt_multiple": "\u20b9 28",
        "monthly_aaum_date": "31-03-2025",
        "monthly_aaum_value": "\u20b9 1,07,886.84 crores",
        "mutual_fund_name": "SBI Mutual Fund",
        "page_number": [
            10
        ],
        "scheme_launch_date": "15032013"
    },
    "SBI BSE SENSEX NEXT 50 ETF": {
        "amc_name": "SBI Funds Management Limited",
        "benchmark_index": "BSE SENSEX Next 50 TRI",
        "fund_manager": [
            {
                "managing_fund_since": "October 2018",
                "name": "Raviprakash Sharma",
                "qualification": "",
                "total_exp": "25 Years"
            }
        ],
        "load": {
            "entry_load": "",
            "exit_load": ""
        },
        "main_scheme_name": "SBI BSE SENSEX NEXT 50 ETF",
        "metrics": {
            "alpha": null,
            "arithmetic_mean_ratio": null,
            "average_div_yld": null,
            "average_pb": null,
            "average_pe": null,
            "avg_maturity": null,
            "beta": "1.00",
            "correlation_ratio": null,
            "downside_deviation": null,
            "information_ratio": null,
            "macaulay": null,
            "mod_duration": null,
            "port_turnover_ratio": "0.35",
            "r_squared_ratio": null,
            "roe_ratio": null,
            "sharpe": "0.60",
            "sortino_ratio": null,
            "std_dev": "18.15",
            "tracking_error": "0.0511",
            "treynor_ratio": null,
            "upside_deviation": null,
            "ytm": null
        },
        "min_addl_amt": null,
        "min_addl_amt_multiple": null,
        "min_amt": "\u20b9 25",
        "min_amt_multiple": "\u20b9 31",
        "monthly_aaum_date": "31-03-2025",
        "monthly_aaum_value": "\u20b9 20.34 crores",
        "mutual_fund_name": "SBI Mutual Fund",
        "page_number": [
            11
        ],
        "scheme_launch_date": "25092018"
    },
    "SBI BSE 100 ETF": {
        "amc_name": "SBI Funds Management Limited",
        "benchmark_index": "BSE 100 TRI",
        "fund_manager": [
            {
                "managing_fund_since": "March 2015",
                "name": "Raviprakash Sharma",
                "qualification": "",
                "total_exp": "25 Years"
            }
        ],
        "load": {
            "entry_load": "",
            "exit_load": ""
        },
        "main_scheme_name": "SBI BSE 100 ETF",
        "metrics": {
            "alpha": null,
            "arithmetic_mean_ratio": null,
            "average_div_yld": null,
            "average_pb": null,
            "average_pe": null,
            "avg_maturity": null,
            "beta": "1.00",
            "correlation_ratio": null,
            "downside_deviation": null,
            "information_ratio": null,
            "macaulay": null,
            "mod_duration": null,
            "port_turnover_ratio": "0.36",
            "r_squared_ratio": null,
            "roe_ratio": null,
            "sharpe": "0.42",
            "sortino_ratio": null,
            "std_dev": "13.69",
            "tracking_error": "0.0269",
            "treynor_ratio": null,
            "upside_deviation": null,
            "ytm": null
        },
        "min_addl_amt": null,
        "min_addl_amt_multiple": null,
        "min_amt": "\u20b9 25",
        "min_amt_multiple": "\u20b9 28",
        "monthly_aaum_date": "31-03-2025",
        "monthly_aaum_value": "\u20b9 8.83 crores",
        "mutual_fund_name": "SBI Mutual Fund",
        "page_number": [
            12
        ],
        "scheme_launch_date": "18032015"
    },
    "SBI NIFTY 10 YR BENCHMARK G-SEC ETF": {
        "amc_name": "SBI Funds Management Limited",
        "benchmark_index": "NIFTY 10Yr Benchmark GSec Inde",
        "fund_manager": [
            {
                "managing_fund_since": "December 2023",
                "name": "Tejas Soman",
                "qualification": "",
                "total_exp": "12 Years"
            },
            {
                "managing_fund_since": "December 2023",
                "name": "Ardhendhu Bhattacharya",
                "qualification": "",
                "total_exp": "15 Years"
            }
        ],
        "load": {
            "entry_load": "",
            "exit_load": ""
        },
        "main_scheme_name": "SBI NIFTY 10 YR BENCHMARK G-SEC ETF",
        "metrics": {
            "alpha": null,
            "arithmetic_mean_ratio": null,
            "average_div_yld": null,
            "average_pb": null,
            "average_pe": null,
            "avg_maturity": null,
            "beta": "0.99",
            "correlation_ratio": null,
            "downside_deviation": null,
            "information_ratio": null,
            "macaulay": null,
            "mod_duration": null,
            "port_turnover_ratio": null,
            "r_squared_ratio": null,
            "roe_ratio": null,
            "sharpe": "0.05",
            "sortino_ratio": null,
            "std_dev": "2.98",
            "tracking_error": "0.0362",
            "treynor_ratio": null,
            "upside_deviation": null,
            "ytm": null
        },
        "min_addl_amt": null,
        "min_addl_amt_multiple": null,
        "min_amt": "\u20b9 25",
        "min_amt_multiple": "\u20b9 28",
        "monthly_aaum_date": "31-03-2025",
        "monthly_aaum_value": "\u20b9 3,110.98 crores",
        "mutual_fund_name": "SBI Mutual Fund",
        "page_number": [
            21
        ],
        "scheme_launch_date": "09062016"
    },
    "SBI NIFTY 1D RATE ETF": {
        "amc_name": "SBI Funds Management Limited",
        "benchmark_index": "NIFTY 1D Rate Index",
        "fund_manager": [
            {
                "managing_fund_since": "October 2023",
                "name": "Tejas Soman",
                "qualification": "",
                "total_exp": "12 Years"
            }
        ],
        "load": {
            "entry_load": "",
            "exit_load": ""
        },
        "main_scheme_name": "SBI NIFTY 1D RATE ETF",
        "metrics": {
            "alpha": null,
            "arithmetic_mean_ratio": null,
            "average_div_yld": null,
            "average_pb": null,
            "average_pe": null,
            "avg_maturity": null,
            "beta": null,
            "correlation_ratio": null,
            "downside_deviation": null,
            "information_ratio": null,
            "macaulay": null,
            "mod_duration": null,
            "port_turnover_ratio": null,
            "r_squared_ratio": null,
            "roe_ratio": null,
            "sharpe": null,
            "sortino_ratio": null,
            "std_dev": null,
            "tracking_error": null,
            "treynor_ratio": null,
            "upside_deviation": null,
            "ytm": null
        },
        "min_addl_amt": null,
        "min_addl_amt_multiple": null,
        "min_amt": "",
        "min_amt_multiple": "",
        "monthly_aaum_date": "31-03-2025",
        "monthly_aaum_value": "\u20b9 28.51 crores",
        "mutual_fund_name": "SBI Mutual Fund",
        "page_number": [
            22
        ],
        "scheme_launch_date": "27102023"
    },
    "S35 GOLD ETF": {
        "amc_name": "SBI Funds Management Limited",
        "benchmark_index": "Price of Gold",
        "fund_manager": [
            {
                "managing_fund_since": "January 2024",
                "name": "Vandna Soni",
                "qualification": "",
                "total_exp": "12 Years"
            }
        ],
        "load": {
            "entry_load": "",
            "exit_load": ""
        },
        "main_scheme_name": "S35 GOLD ETF",
        "metrics": {
            "alpha": null,
            "arithmetic_mean_ratio": null,
            "average_div_yld": null,
            "average_pb": null,
            "average_pe": null,
            "avg_maturity": null,
            "beta": "0.98",
            "correlation_ratio": null,
            "downside_deviation": null,
            "information_ratio": null,
            "macaulay": null,
            "mod_duration": null,
            "port_turnover_ratio": "0.03",
            "r_squared_ratio": null,
            "roe_ratio": null,
            "sharpe": "0.87",
            "sortino_ratio": null,
            "std_dev": "11.97",
            "tracking_error": "0.1998",
            "treynor_ratio": null,
            "upside_deviation": null,
            "ytm": null
        },
        "min_addl_amt": null,
        "min_addl_amt_multiple": null,
        "min_amt": "\u20b9 25",
        "min_amt_multiple": "\u20b9 28",
        "monthly_aaum_date": "31-03-2025",
        "monthly_aaum_value": "\u20b9 6,942.33 crores",
        "mutual_fund_name": "SBI Mutual Fund",
        "page_number": [
            28
        ],
        "scheme_launch_date": "18052009"
    },
    "SBI SILVER ETF": {
        "amc_name": "SBI Funds Management Limited",
        "benchmark_index": "Domestic price of silver",
        "fund_manager": [
            {
                "managing_fund_since": "July 2024",
                "name": "Vandna Soni",
                "qualification": "",
                "total_exp": "12 Years"
            }
        ],
        "load": {
            "entry_load": "",
            "exit_load": ""
        },
        "main_scheme_name": "SBI SILVER ETF",
        "metrics": {
            "alpha": null,
            "arithmetic_mean_ratio": null,
            "average_div_yld": null,
            "average_pb": null,
            "average_pe": null,
            "avg_maturity": null,
            "beta": null,
            "correlation_ratio": null,
            "downside_deviation": null,
            "information_ratio": null,
            "macaulay": null,
            "mod_duration": null,
            "port_turnover_ratio": "0.14",
            "r_squared_ratio": null,
            "roe_ratio": null,
            "sharpe": null,
            "sortino_ratio": null,
            "std_dev": null,
            "tracking_error": null,
            "treynor_ratio": null,
            "upside_deviation": null,
            "ytm": null
        },
        "min_addl_amt": null,
        "min_addl_amt_multiple": null,
        "min_amt": "\u20b9 25",
        "min_amt_multiple": "\u20b9 31",
        "monthly_aaum_date": "31-03-2025",
        "monthly_aaum_value": "\u20b9 605.36 crores",
        "mutual_fund_name": "SBI Mutual Fund",
        "page_number": [
            29,
            30
        ],
        "scheme_launch_date": "03072024"
    }
}