amc_name,main_scheme_name,mutual_fund_name,benchmark_index,monthly_aaum_date,monthly_aaum_value,scheme_launch_date,min_addl_amt,min_addl_amt_multiple,min_amt,min_amt_multiple,entry,exit,alpha,arithmetic_mean_ratio,average_div_yield,average_pb,average_pe,avg_maturity,beta,correlation_ratio,downside_deviation,information_ratio,macaulay,mod_duration,port_turnover_ratio,r_squared_ratio,roe_ratio,sharpe,sortino_ratio,std_dev,tracking_error,treynor_ratio,upside_deviation,ytm,name_1,managing_fund_since_1,total_exp_1,qualification_1,name_2,managing_fund_since_2,total_exp_2,qualification_2,name_3,managing_fund_since_3,total_exp_3,qualification_3,field_location
HDFC Asset Management Company Limited,HDFC Flexi Cap Fund,HDFC Mutual Fund,Nifty 50 Index (TRI),20251231,"89,160.41Cr",19950101,100,,100,,,"$$ · In respect of each purchase / switch-in of Units, an Exit Load of 1.00% is payable if Units are redeemed / switched-out within 1 year from the date of allotment. · No Exit Load is payable if Units are redeemed / switched-out after 1 year from the date of allotment. For Product label and Riskometers, refer page no: 115-1 7 | October 2025",,,,,,,0.779,,,,,,1738,,,1.416,,10.589,,,,,Roshi Jain,"July 29, 2022",19 Years,,,,,,,,,,"{""amc_name"": ""7"", ""benchmark_index"": ""7"", ""count"": 47, ""fund_manager_managing_fund_since"": ""7"", ""fund_manager_name"": ""7"", ""fund_manager_qualification"": ""7"", ""fund_manager_total_exp"": ""7"", ""load_exit"": ""7"", ""main_scheme_name"": ""7"", ""metrics_beta"": ""7"", ""metrics_port_turnover_ratio"": ""7"", ""metrics_sharpe"": ""7"", ""metrics_std_dev"": ""7"", ""min_addl_amt"": ""7"", ""min_addl_amt_multiple"": ""7"", ""min_amt"": ""7"", ""min_amt_multiple"": ""7"", ""monthly_aaum_date"": ""7"", ""monthly_aaum_value"": ""7"", ""mutual_fund_name"": ""7"", ""riskometer"": ""7"", ""riskometer_benchmark"": ""7"", ""scheme_launch_date"": ""7""}"
HDFC Asset Management Company Limited,HDFC Multi Cap Fund,HDFC Mutual Fund,Nifty 50 Index (TRI),20251231,"19,404.68Cr",20211210,100,,100,,,"$$ · In respect of each purchase / switch-in of Units, an Exit Load of 1.00% is payable if Units are redeemed / switched-out within 1 year from the date of allotment. · No Exit Load is payable if Units are redeemed / switched-out after 1 year from the date of allotment. For Product label and Riskometers, refer page no: 115-1 9 | October 2025",,,,,,,0.978,,,,,,2056,,,1.039,,14.102,,,,,Amar,"September 01, 2025",23 Years,,,,,,,,,,"{""amc_name"": ""9"", ""benchmark_index"": ""9"", ""count"": 47, ""fund_manager_managing_fund_since"": ""9"", ""fund_manager_name"": ""9"", ""fund_manager_qualification"": ""9"", ""fund_manager_total_exp"": ""9"", ""load_exit"": ""9"", ""main_scheme_name"": ""9"", ""metrics_beta"": ""9"", ""metrics_port_turnover_ratio"": ""9"", ""metrics_sharpe"": ""9"", ""metrics_std_dev"": ""9"", ""min_addl_amt"": ""9"", ""min_addl_amt_multiple"": ""9"", ""min_amt"": ""9"", ""min_amt_multiple"": ""9"", ""monthly_aaum_date"": ""9"", ""monthly_aaum_value"": ""9"", ""mutual_fund_name"": ""9"", ""riskometer"": ""9"", ""riskometer_benchmark"": ""9"", ""scheme_launch_date"": ""9""}"
HDFC Asset Management Company Limited,HDFC Large Cap Fund,HDFC Mutual Fund,BSE SENSEX Index (TRI),20251231,"39,535.28Cr",19961011,100,,100,,,"$$ · In respect of each purchase / switch-in of Units, an Exit Load of 1.00% is payable if Units are redeemed / switched-out within 1 year from the date of allotment. · No Exit Load is payable if Units are redeemed / switched-out after 1 year from the date of allotment. For Product label and Riskometers, refer page no: 115-1 12 | October 2025",,,,,,,0.902,,,,,,2651,,,0.847,,11.533,,,,,Rahul Baijal,"July 29, 2022",24 Years,,,,,,,,,,"{""amc_name"": ""12"", ""benchmark_index"": ""12"", ""count"": 47, ""fund_manager_managing_fund_since"": ""12"", ""fund_manager_name"": ""12"", ""fund_manager_qualification"": ""12"", ""fund_manager_total_exp"": ""12"", ""load_exit"": ""12"", ""main_scheme_name"": ""12"", ""metrics_beta"": ""12"", ""metrics_port_turnover_ratio"": ""12"", ""metrics_sharpe"": ""12"", ""metrics_std_dev"": ""12"", ""min_addl_amt"": ""12"", ""min_addl_amt_multiple"": ""12"", ""min_amt"": ""12"", ""min_amt_multiple"": ""12"", ""monthly_aaum_date"": ""12"", ""monthly_aaum_value"": ""12"", ""mutual_fund_name"": ""12"", ""riskometer"": ""12"", ""riskometer_benchmark"": ""12"", ""scheme_launch_date"": ""12""}"
HDFC Asset Management Company Limited,HDFC Mid Cap Fund,HDFC Mutual Fund,Nifty 50 Index (TRI),20251231,"87,723.68Cr",20070625,100,,100,,,"$$ · In respect of each purchase / switch-in of Units, an Exit Load of 1.00% is payable if Units are redeemed / switched-out within 1 year from the date of allotment. · No Exit Load is payable if Units are redeemed / switched-out after 1 year from the date of allotment For Product label and Riskometers, refer page no: 115-1 14 | October 2025",,,,,,,0.858,,,,,,1349,,,1.336,,13.864,,,,,Chirag Setalvad,"June 25, 2007",28 Years,,,,,,,,,,"{""amc_name"": ""14"", ""benchmark_index"": ""14"", ""count"": 47, ""fund_manager_managing_fund_since"": ""14"", ""fund_manager_name"": ""14"", ""fund_manager_qualification"": ""14"", ""fund_manager_total_exp"": ""14"", ""load_exit"": ""14"", ""main_scheme_name"": ""14"", ""metrics_beta"": ""14"", ""metrics_port_turnover_ratio"": ""14"", ""metrics_sharpe"": ""14"", ""metrics_std_dev"": ""14"", ""min_addl_amt"": ""14"", ""min_addl_amt_multiple"": ""14"", ""min_amt"": ""14"", ""min_amt_multiple"": ""14"", ""monthly_aaum_date"": ""14"", ""monthly_aaum_value"": ""14"", ""mutual_fund_name"": ""14"", ""riskometer"": ""14"", ""riskometer_benchmark"": ""14"", ""scheme_launch_date"": ""14""}"
HDFC Asset Management Company Limited,HDFC Small Cap Fund,HDFC Mutual Fund,Nifty 50 Index (TRI),20251231,"37,756.56Cr",20080403,100,,100,,,"$$ · In respect of each purchase / switch-in of Units, an Exit Load of 1.00% is payable if Units are redeemed / switched-out within 1 year from the date of allotment. · No Exit Load is payable if Units are redeemed / switched-out after 1 year from the date of allotment For Product label and Riskometers, refer page no: 115-1 16 | October 2025",,,,,,,0.785,,,,,,892,,,1.072,,15.312,,,,,Chirag Setalvad,"June 28, 2014",28 Years,,,,,,,,,,"{""amc_name"": ""16"", ""benchmark_index"": ""16"", ""count"": 47, ""fund_manager_managing_fund_since"": ""16"", ""fund_manager_name"": ""16"", ""fund_manager_qualification"": ""16"", ""fund_manager_total_exp"": ""16"", ""load_exit"": ""16"", ""main_scheme_name"": ""16"", ""metrics_beta"": ""16"", ""metrics_port_turnover_ratio"": ""16"", ""metrics_sharpe"": ""16"", ""metrics_std_dev"": ""16"", ""min_addl_amt"": ""16"", ""min_addl_amt_multiple"": ""16"", ""min_amt"": ""16"", ""min_amt_multiple"": ""16"", ""monthly_aaum_date"": ""16"", ""monthly_aaum_value"": ""16"", ""mutual_fund_name"": ""16"", ""riskometer"": ""16"", ""riskometer_benchmark"": ""16"", ""scheme_launch_date"": ""16""}"
HDFC Asset Management Company Limited,HDFC Large and Mid Cap Fund,HDFC Mutual Fund,BSE SENSEX Index (TRI),20251231,"28,038.34Cr",19940218,100,,100,,,"$$ · In respect of each purchase / switch-in of Units, an Exit Load of 1.00% is payable if Units are redeemed / switched-out within 1 year from the date of allotment. · No Exit Load is payable if Units are redeemed / switched-out after 1 year from the date of allotment. For Product label and Riskometers, refer page no: 115-1 18 | October 2025",,,,,,,1.008,,,,,,354,,,1.021,,13.897,,,,,Gopal Agrawal,"July 16, 2020",21 Years,,,,,,,,,,"{""amc_name"": ""18"", ""benchmark_index"": ""18"", ""count"": 47, ""fund_manager_managing_fund_since"": ""18"", ""fund_manager_name"": ""18"", ""fund_manager_qualification"": ""18"", ""fund_manager_total_exp"": ""18"", ""load_exit"": ""18"", ""main_scheme_name"": ""18"", ""metrics_beta"": ""18"", ""metrics_port_turnover_ratio"": ""18"", ""metrics_sharpe"": ""18"", ""metrics_std_dev"": ""18"", ""min_addl_amt"": ""18"", ""min_addl_amt_multiple"": ""18"", ""min_amt"": ""18"", ""min_amt_multiple"": ""18"", ""monthly_aaum_date"": ""18"", ""monthly_aaum_value"": ""18"", ""mutual_fund_name"": ""18"", ""riskometer"": ""18"", ""riskometer_benchmark"": ""18"", ""scheme_launch_date"": ""18""}"
HDFC Asset Management Company Limited,HDFC Value Fund,HDFC Mutual Fund,Nifty 50 Index (TRI),20251231,"7,487.20Cr",19940201,100,,100,,,"$$ · In respect of each purchase / switch-in of Units, an Exit Load of 1.00% is payable if Units are redeemed / switched-out within 1 year from the date of allotment. · No Exit Load is payable if Units are redeemed / switched-out after 1 year from the date of allotment. For Product label and Riskometers, refer page no: 115-1 21 | October 2025",,,,,,,0.975,,,,,,2397,,,0.975,,13.059,,,,,Anand Laddha,"February 01, 2024",21 Years,,,,,,,,,,"{""amc_name"": ""21"", ""benchmark_index"": ""21"", ""count"": 47, ""fund_manager_managing_fund_since"": ""21"", ""fund_manager_name"": ""21"", ""fund_manager_qualification"": ""21"", ""fund_manager_total_exp"": ""21"", ""load_exit"": ""21"", ""main_scheme_name"": ""21"", ""metrics_beta"": ""21"", ""metrics_port_turnover_ratio"": ""21"", ""metrics_sharpe"": ""21"", ""metrics_std_dev"": ""21"", ""min_addl_amt"": ""21"", ""min_addl_amt_multiple"": ""21"", ""min_amt"": ""21"", ""min_amt_multiple"": ""21"", ""monthly_aaum_date"": ""21"", ""monthly_aaum_value"": ""21"", ""mutual_fund_name"": ""21"", ""riskometer"": ""21"", ""riskometer_benchmark"": ""21"", ""scheme_launch_date"": ""21""}"
HDFC Asset Management Company Limited,HDFC Dividend Yield Fund,HDFC Mutual Fund,Nifty 50 Index (TRI),20251231,"6,356.39Cr",20201218,100,,100,,,"$$ · In respect of each purchase / switch-in of Units, an Exit Load of 1.00% is payable if Units are redeemed / switched-out within 1 year from the date of allotment. · No Exit Load is payable if Units are redeemed / switched-out after 1 year from the date of allotment. For Product label and Riskometers, refer page no: 115-1 23 | October 2025",,,,,,,0.991,,,,,,892,,,0.934,,13.445,,,,,,,,,,,,,,,,,"{""amc_name"": ""23"", ""benchmark_index"": ""23"", ""count"": 47, ""load_exit"": ""23"", ""main_scheme_name"": ""23"", ""metrics_beta"": ""23"", ""metrics_port_turnover_ratio"": ""23"", ""metrics_sharpe"": ""23"", ""metrics_std_dev"": ""23"", ""min_addl_amt"": ""23"", ""min_addl_amt_multiple"": ""23"", ""min_amt"": ""23"", ""min_amt_multiple"": ""23"", ""monthly_aaum_date"": ""23"", ""monthly_aaum_value"": ""23"", ""mutual_fund_name"": ""23"", ""riskometer"": ""23"", ""riskometer_benchmark"": ""23"", ""scheme_launch_date"": ""23""}"
HDFC Asset Management Company Limited,HDFC Focused Fund,HDFC Mutual Fund,BSE SENSEX Index (TRI),20251231,"24,602.90Cr",20040917,100,,100,,,"$$ · In respect of each purchase / switch-in of Units, an Exit Load of 1.00% is payable if Units are redeemed / switched-out within 1 year from the date of allotment. · No Exit Load is payable if Units are redeemed / switched-out after 1 year from the date of al- allotment. Industry Allocation of E uity Holding of Net Assets an s 3 . Automobiles 10. harmaceuticals iotechnology 5. 3 IT Software . 5 Auto Components .0 Insurance 3. Leisure Services 3.5 ower . 5 Consumer Durables .55 Telecom Service",,,,,,,0.716,,,,,,1193,,,1.488,,9.783,,,,,Roshi Jain,"January 13, 2022",19 Years,,,,,,,,,,"{""amc_name"": ""26"", ""benchmark_index"": ""26"", ""count"": 47, ""fund_manager_managing_fund_since"": ""26"", ""fund_manager_name"": ""26"", ""fund_manager_qualification"": ""26"", ""fund_manager_total_exp"": ""26"", ""load_exit"": ""26"", ""main_scheme_name"": ""26"", ""metrics_beta"": ""26"", ""metrics_port_turnover_ratio"": ""26"", ""metrics_sharpe"": ""26"", ""metrics_std_dev"": ""26"", ""min_addl_amt"": ""26"", ""min_addl_amt_multiple"": ""26"", ""min_amt"": ""26"", ""min_amt_multiple"": ""26"", ""monthly_aaum_date"": ""26"", ""monthly_aaum_value"": ""26"", ""mutual_fund_name"": ""26"", ""riskometer"": ""26"", ""riskometer_benchmark"": ""26"", ""scheme_launch_date"": ""26""}"
HDFC Asset Management Company Limited,HDFC Business Cycle Fund,HDFC Mutual Fund,Nifty 50 Index (TRI),20251231,"2,981.25Cr",20221130,100,,100,,,"$$ · In respect of each purchase/switch-in of units, an Exit load of 1% is payable if units are redeemed/switched-out within 1 year from the date of allotment. · No Exit Load is payable if units are redeemed / switched-out after 1 year from the date of allotment. For Product label and Riskometers, refer page no: 115-1 27 | October 2025",,,,,,,0.872,,,,,,7123,,,0.758,,11.841,,,,,Rahul Baijal,"November 30, 2022",24 Years,,,,,,,,,,"{""amc_name"": ""27"", ""benchmark_index"": ""27"", ""count"": 47, ""fund_manager_managing_fund_since"": ""27"", ""fund_manager_name"": ""27"", ""fund_manager_qualification"": ""27"", ""fund_manager_total_exp"": ""27"", ""load_exit"": ""27"", ""main_scheme_name"": ""27"", ""metrics_beta"": ""27"", ""metrics_port_turnover_ratio"": ""27"", ""metrics_sharpe"": ""27"", ""metrics_std_dev"": ""27"", ""min_addl_amt"": ""27"", ""min_addl_amt_multiple"": ""27"", ""min_amt"": ""27"", ""min_amt_multiple"": ""27"", ""monthly_aaum_date"": ""27"", ""monthly_aaum_value"": ""27"", ""mutual_fund_name"": ""27"", ""riskometer"": ""27"", ""riskometer_benchmark"": ""27"", ""scheme_launch_date"": ""27""}"
HDFC Asset Management Company Limited,HDFC Transportation and Logistics Fund,HDFC Mutual Fund,Nifty 50 Index (TRI),20251231,"1,696.63Cr",20230817,100,,100,,,"$$ · In respect of each purchase/switch-in of units, an Exit load of 1% is payable if units are redeemed/switched-out within 30 days from the date of allotment. · No Exit Load is payable if units are redeemed / switched-out after 30 days from the date of allotment. Industry Allocation of E uity Holding of Net Assets Automobiles 3. Auto Components 0.58 Industrial roducts5. Transport Services 3. etailing . 5 Agricultural, Commercial Construction Vehicles .18 il 0. 0 10 0 30 0 50 For Product label ",,,,,,,,,,,,,2623,,,,,,,,,,Priya Ranjan,"August 17, 2023",17 Years,,,,,,,,,,"{""amc_name"": ""29"", ""benchmark_index"": ""29"", ""count"": 47, ""fund_manager_managing_fund_since"": ""29"", ""fund_manager_name"": ""29"", ""fund_manager_qualification"": ""29"", ""fund_manager_total_exp"": ""29"", ""load_exit"": ""29"", ""main_scheme_name"": ""29"", ""metrics_port_turnover_ratio"": ""29"", ""min_addl_amt"": ""29"", ""min_addl_amt_multiple"": ""29"", ""min_amt"": ""29"", ""min_amt_multiple"": ""29"", ""monthly_aaum_date"": ""29"", ""monthly_aaum_value"": ""29"", ""mutual_fund_name"": ""29"", ""riskometer"": ""29"", ""riskometer_benchmark"": ""29"", ""scheme_launch_date"": ""29""}"
HDFC Asset Management Company Limited,HDFC Defence Fund,HDFC Mutual Fund,Nifty 50 Index (TRI),20251231,"7,398.40Cr",20230602,100,,100,,,"$$ · In respect of each purchase/switch-in of units, an Exit load of 1% is payable if units are redeemed/switched-out within 1 year from the date of allotment. · No Exit Load is payable if units are redeemed / switched-out after 1 year from the date of allotment For Product label and Riskometers, refer page no: 115-1 30 | October 2025",,,,,,,0.830,,,,,,1533,,,1.219,,31.061,,,,,Rahul Baijal,"April 18, 2025",24 Years,,Priya Ranjan,"April 18, 2025",17 Years,,,,,,"{""amc_name"": ""30"", ""benchmark_index"": ""30"", ""count"": 47, ""fund_manager_managing_fund_since"": ""30"", ""fund_manager_name"": ""30"", ""fund_manager_qualification"": ""30"", ""fund_manager_total_exp"": ""30"", ""load_exit"": ""30"", ""main_scheme_name"": ""30"", ""metrics_beta"": ""30"", ""metrics_port_turnover_ratio"": ""30"", ""metrics_sharpe"": ""30"", ""metrics_std_dev"": ""30"", ""min_addl_amt"": ""30"", ""min_addl_amt_multiple"": ""30"", ""min_amt"": ""30"", ""min_amt_multiple"": ""30"", ""monthly_aaum_date"": ""30"", ""monthly_aaum_value"": ""30"", ""mutual_fund_name"": ""30"", ""riskometer"": ""30"", ""riskometer_benchmark"": ""30"", ""scheme_launch_date"": ""30""}"
HDFC Asset Management Company Limited,HDFC Banking & Financial Services Fund,HDFC Mutual Fund,Nifty 50 Index (TRI),20251231,"4,247.50Cr",20210701,100,,100,,,"$$ · In respect of each purchase/switch-in of units, an Exit load of 1% is payable if units are redeemed/switched-out within 30 days from the date of allotment. · No Exit Load is payable if units are redeemed / switched-out after 30 days from the date of allotment. Industry Allocation of E uity Holding of Net Assets an s .1 Finance 1 .8 Insurance .5 Capital Mar ets Financial Technology Fintech 0.1 0 10 0 30 0 50 0 0 For Product label and Riskometers, refer page no: 115-1 31 | October 2025",,,,,,,0.941,,,,,,2120,,,0.855,,12.519,,,,,Anand Laddha,"July 1, 2021",21 Years,,,,,,,,,,"{""amc_name"": ""31"", ""benchmark_index"": ""31"", ""count"": 47, ""fund_manager_managing_fund_since"": ""31"", ""fund_manager_name"": ""31"", ""fund_manager_qualification"": ""31"", ""fund_manager_total_exp"": ""31"", ""load_exit"": ""31"", ""main_scheme_name"": ""31"", ""metrics_beta"": ""31"", ""metrics_port_turnover_ratio"": ""31"", ""metrics_sharpe"": ""31"", ""metrics_std_dev"": ""31"", ""min_addl_amt"": ""31"", ""min_addl_amt_multiple"": ""31"", ""min_amt"": ""31"", ""min_amt_multiple"": ""31"", ""monthly_aaum_date"": ""31"", ""monthly_aaum_value"": ""31"", ""mutual_fund_name"": ""31"", ""riskometer"": ""31"", ""riskometer_benchmark"": ""31"", ""scheme_launch_date"": ""31""}"
HDFC Asset Management Company Limited,HDFC Technology Fund,HDFC Mutual Fund,Nifty 50 Index (TRI),20251231,"1,517.46Cr",20230908,100,,100,,,"$$ · In respect of each purchase/switch-in of units, an Exit load of 1% is payable if units are redeemed/switched-out within 30 days from the date of allotment. · No Exit Load is payable if units are redeemed / switched-out after 30 days from the date of allotment. Industry Allocation of E uity Holding of Net Assets IT Software 5 .1 Telecom Services 18. etailing Commercial Services Supplies 8.03 IT Services 1.08 Financial Technology Fintech 1.0 Entertainment 0. 1 0 10 0 30 0 50 0 0 For Product l",,,,,,,1.136,,,,,,445,,,0.616,,17.996,,,,,Balakumar B,"September 8, 2023",15 Years,,,,,,,,,,"{""amc_name"": ""32"", ""benchmark_index"": ""32"", ""count"": 47, ""fund_manager_managing_fund_since"": ""32"", ""fund_manager_name"": ""32"", ""fund_manager_qualification"": ""32"", ""fund_manager_total_exp"": ""32"", ""load_exit"": ""32"", ""main_scheme_name"": ""32"", ""metrics_beta"": ""32"", ""metrics_port_turnover_ratio"": ""32"", ""metrics_sharpe"": ""32"", ""metrics_std_dev"": ""32"", ""min_addl_amt"": ""32"", ""min_addl_amt_multiple"": ""32"", ""min_amt"": ""32"", ""min_amt_multiple"": ""32"", ""monthly_aaum_date"": ""32"", ""monthly_aaum_value"": ""32"", ""mutual_fund_name"": ""32"", ""riskometer"": ""32"", ""riskometer_benchmark"": ""32"", ""scheme_launch_date"": ""32""}"
HDFC Asset Management Company Limited,HDFC Pharma and Healthcare Fund,HDFC Mutual Fund,Nifty 50 Index (TRI),20251231,"1,951.41Cr",20231004,100,,100,,,"$$ · In respect of each purchase/switch-in of units, an Exit load of 1% is payable if units are redeemed/switched-out within 30 days from the date of allotment. · No Exit Load is payable if units are redeemed / switched-out after 30 days from the date of allotment. Industry Allocation of E uity Holding of Net Assets harmaceuticals iotechnology Healthcare Services 3.01 Healthcare E uipment Supplies1.03 0 10 0 30 0 50 0 0 For Product label and Riskometers, refer page no: 115-1 33 | October 2025",,,,,,,1.022,,,,,,3447,,,1.445,,16.668,,,,,Nikhil Mathur,"October 4, 2023",15 Years,,,,,,,,,,"{""amc_name"": ""33"", ""benchmark_index"": ""33"", ""count"": 47, ""fund_manager_managing_fund_since"": ""33"", ""fund_manager_name"": ""33"", ""fund_manager_qualification"": ""33"", ""fund_manager_total_exp"": ""33"", ""load_exit"": ""33"", ""main_scheme_name"": ""33"", ""metrics_beta"": ""33"", ""metrics_port_turnover_ratio"": ""33"", ""metrics_sharpe"": ""33"", ""metrics_std_dev"": ""33"", ""min_addl_amt"": ""33"", ""min_addl_amt_multiple"": ""33"", ""min_amt"": ""33"", ""min_amt_multiple"": ""33"", ""monthly_aaum_date"": ""33"", ""monthly_aaum_value"": ""33"", ""mutual_fund_name"": ""33"", ""riskometer"": ""33"", ""riskometer_benchmark"": ""33"", ""scheme_launch_date"": ""33""}"
HDFC Asset Management Company Limited,HDFC Housing Opportunities Fund,HDFC Mutual Fund,Nifty 50 Index (TRI),20251231,"1,311.14Cr",20171206,100,,100,,,"$$ · In respect of each purchase/switch-in of units, an Exit load of 1% is payable if units are redeemed/switched-out within 30 days from the date of allotment. · No Exit Load is payable if units are redeemed / switched-out after 30 days from the date of allotment. Industry Allocation of E uity Holding of Net Assets an s 8. Construction 15. Cement Cement roducts 1 .8 Consumer Durables 10. 8 ealty ower .10 Ferrous Metals .55 Non Ferrous Metals 3. Finance . 8 etailing .1 Gas 1.5 Industrial roducts",,,,,,,0.924,,,,,,413,,,0.851,,15.474,,,,,Srinivasan January,"January 12, 2024",18 Years,,,,,,,,,,"{""amc_name"": ""34"", ""benchmark_index"": ""34"", ""count"": 47, ""fund_manager_managing_fund_since"": ""34"", ""fund_manager_name"": ""34"", ""fund_manager_qualification"": ""34"", ""fund_manager_total_exp"": ""34"", ""load_exit"": ""34"", ""main_scheme_name"": ""34"", ""metrics_beta"": ""34"", ""metrics_port_turnover_ratio"": ""34"", ""metrics_sharpe"": ""34"", ""metrics_std_dev"": ""34"", ""min_addl_amt"": ""34"", ""min_addl_amt_multiple"": ""34"", ""min_amt"": ""34"", ""min_amt_multiple"": ""34"", ""monthly_aaum_date"": ""34"", ""monthly_aaum_value"": ""34"", ""mutual_fund_name"": ""34"", ""riskometer"": ""34"", ""riskometer_benchmark"": ""34"", ""scheme_launch_date"": ""34""}"
HDFC Asset Management Company Limited,HDFC Infrastructure Fund,HDFC Mutual Fund,Nifty 50 Index (TRI),20251231,"2,560.58Cr",20080310,100,,100,,,"$$ · In respect of each purchase/switch-in of units, an Exit load of 1% is payable if units are redeemed/switched-out within 30 days from the date of allotment. · No Exit Load is payable if units are redeemed / switched-out after 30 days from the date of allotment. For Product label and Riskometers, refer page no: 115-1 35 | October 2025",,,,,,,0.582,,,,,,1049,,,1.287,,16.006,,,,,Srinivasan Ramamurthy,"F 12, 2024",18 Years,,,,,,,,,,"{""amc_name"": ""35"", ""benchmark_index"": ""35"", ""count"": 47, ""fund_manager_managing_fund_since"": ""35"", ""fund_manager_name"": ""35"", ""fund_manager_qualification"": ""35"", ""fund_manager_total_exp"": ""35"", ""load_exit"": ""35"", ""main_scheme_name"": ""35"", ""metrics_beta"": ""35"", ""metrics_port_turnover_ratio"": ""35"", ""metrics_sharpe"": ""35"", ""metrics_std_dev"": ""35"", ""min_addl_amt"": ""35"", ""min_addl_amt_multiple"": ""35"", ""min_amt"": ""35"", ""min_amt_multiple"": ""35"", ""monthly_aaum_date"": ""35"", ""monthly_aaum_value"": ""35"", ""mutual_fund_name"": ""35"", ""riskometer"": ""35"", ""riskometer_benchmark"": ""35"", ""scheme_launch_date"": ""35""}"
HDFC Asset Management Company Limited,HDFC MNC Fund,HDFC Mutual Fund,Nifty 50 Index (TRI),20251231,603.32Cr,20230309,100,,100,,,"$$ · In respect of each purchase/switch-in of units, an Exit load of 1% is payable if units are redeemed/switched-out within 1 year from the date of allotment. · No Exit Load is payable if units are redeemed / switched-out after 1 year from the date of allotment. Industry Allocation of E uity Holding of Net Assets harmaceuticals iotechnology 1 . 5 Food roducts 1 .8 Industrial roducts 10. 0 Automobiles 10.53 Agricultural, Commercial Construction Vehicles . 5 everages Healthcare Services .0 Auto C",,,,,,,0.957,,,,,,6179,,,0.561,,13.608,,,,,Rahul Baijal,"March 09, 2023",24 Years,,,,,,,,,,"{""amc_name"": ""37"", ""benchmark_index"": ""37"", ""count"": 47, ""fund_manager_managing_fund_since"": ""37"", ""fund_manager_name"": ""37"", ""fund_manager_qualification"": ""37"", ""fund_manager_total_exp"": ""37"", ""load_exit"": ""37"", ""main_scheme_name"": ""37"", ""metrics_beta"": ""37"", ""metrics_port_turnover_ratio"": ""37"", ""metrics_sharpe"": ""37"", ""metrics_std_dev"": ""37"", ""min_addl_amt"": ""37"", ""min_addl_amt_multiple"": ""37"", ""min_amt"": ""37"", ""min_amt_multiple"": ""37"", ""monthly_aaum_date"": ""37"", ""monthly_aaum_value"": ""37"", ""mutual_fund_name"": ""37"", ""riskometer"": ""37"", ""riskometer_benchmark"": ""37"", ""scheme_launch_date"": ""37""}"
HDFC Asset Management Company Limited,HDFC Non-Cyclical Consumer Fund,HDFC Mutual Fund,Nifty 50 Index (TRI),20251231,"1,089.31Cr",20230712,100,,100,,,"$$ · In respect of each purchase/switch-in of units, an Exit load of 1% is payable if units are redeemed/switched-out within 30 days from the date of allotment. · No Exit Load is payable if units are redeemed / switched-out after 30 days year from the date of allotment. Industry Allocation of E uity Holding of Net Assets etailing 1. 0 Consumer Durables 11. Diversi ied Fmcg 11.1 Leisure Services everages Automobiles ersonal roducts .3 Food roducts .1 Healthcare Services .0 Telecom Services 3.3 Fi",,,,,,,0.933,,,,,,2983,,,0.844,,14.587,,,,,Amit Sinha,"July 12, 2023",21 Years,,,,,,,,,,"{""amc_name"": ""38"", ""benchmark_index"": ""38"", ""count"": 47, ""fund_manager_managing_fund_since"": ""38"", ""fund_manager_name"": ""38"", ""fund_manager_qualification"": ""38"", ""fund_manager_total_exp"": ""38"", ""load_exit"": ""38"", ""main_scheme_name"": ""38"", ""metrics_beta"": ""38"", ""metrics_port_turnover_ratio"": ""38"", ""metrics_sharpe"": ""38"", ""metrics_std_dev"": ""38"", ""min_addl_amt"": ""38"", ""min_addl_amt_multiple"": ""38"", ""min_amt"": ""38"", ""min_amt_multiple"": ""38"", ""monthly_aaum_date"": ""38"", ""monthly_aaum_value"": ""38"", ""mutual_fund_name"": ""38"", ""riskometer"": ""38"", ""riskometer_benchmark"": ""38"", ""scheme_launch_date"": ""38""}"
HDFC Asset Management Company Limited,HDFC Manufacturing Fund,HDFC Mutual Fund,Nifty 50 Index (TRI),20251231,"11,660.44Cr",20240516,100,,100,,,"$$ In respect of each purchase/switch-in of units, an Exit load of 1% is payable if units are redeemed/switched-out within 1 month from the date of allotment. No Exit Load is payable if units are redeemed / switched-out after 1 month from the date of allotment. For Product label and Riskometers, refer page no: 115-1 39 | October 2025",,,,,,,,,,,,,2838,,,,,,,,,,Rakesh Sethia,"May 16, 2024",17 Years,,,,,,,,,,"{""amc_name"": ""39"", ""benchmark_index"": ""39"", ""count"": 47, ""fund_manager_managing_fund_since"": ""39"", ""fund_manager_name"": ""39"", ""fund_manager_qualification"": ""39"", ""fund_manager_total_exp"": ""39"", ""load_exit"": ""39"", ""main_scheme_name"": ""39"", ""metrics_port_turnover_ratio"": ""39"", ""min_addl_amt"": ""39"", ""min_addl_amt_multiple"": ""39"", ""min_amt"": ""39"", ""min_amt_multiple"": ""39"", ""monthly_aaum_date"": ""39"", ""monthly_aaum_value"": ""39"", ""mutual_fund_name"": ""39"", ""riskometer"": ""39"", ""riskometer_benchmark"": ""39"", ""scheme_launch_date"": ""39""}"
HDFC Asset Management Company Limited,HDFC Innovation Fund,HDFC Mutual Fund,Nifty 50 Index (TRI),20251231,"2,693.96Cr",20250717,100,,100,,,"$$ · In respect of each purchase / switch-in of Units, an Exit Load of 1.00% is payable if Units are redeemed/ switched-out within 1month from the date of allotment. · No Exit Load is payable if Units are redeemed / switched-out after 1 month from the date of allotment. Industry Allocation of E uity Holding of Net Assets harmaceuticals iotechnology 1 . 5 etailing 1 . 1 Aerospace Defense Chemicals etrochemicals 5.58 Electrical E uipment 5. Finance 5. IT Software 5. 0 Automobiles 5.11 Financial Te",,,,,,,,,,,,,,,,,,,,,,,Amit Sinha,"July 17, 2025",21 Years,,,,,,,,,,"{""amc_name"": ""41"", ""benchmark_index"": ""41"", ""count"": 47, ""fund_manager_managing_fund_since"": ""41"", ""fund_manager_name"": ""41"", ""fund_manager_qualification"": ""41"", ""fund_manager_total_exp"": ""41"", ""load_exit"": ""41"", ""main_scheme_name"": ""41"", ""min_addl_amt"": ""41"", ""min_addl_amt_multiple"": ""41"", ""min_amt"": ""41"", ""min_amt_multiple"": ""41"", ""monthly_aaum_date"": ""41"", ""monthly_aaum_value"": ""41"", ""mutual_fund_name"": ""41"", ""riskometer"": ""41"", ""riskometer_benchmark"": ""41"", ""scheme_launch_date"": ""41""}"
HDFC Asset Management Company Limited,HDFC Balanced Advantage Fund,HDFC Mutual Fund,"Nifty 50 Index (TRI) NET EQUITY EXPOSURE 63.92% For Product label and Riskometers, refer page no: 115-1 42 | October 2025",20251231,"105,379.84Cr",19940201,100,,100,,,,,,,,,7.63,1.198,,,,4.48,4.26,11497,,,1.356,,8.751,,,,6.81,Gopal Agrawal,"July 29, 2022",21 Years,,Anil Bamboli,"October 6, 2022",26 Years,,Arun Agarwal,"March 29, 2025",2 Years,,"{""amc_name"": ""42"", ""benchmark_index"": ""42"", ""count"": 47, ""fund_manager_managing_fund_since"": ""42"", ""fund_manager_name"": ""42"", ""fund_manager_qualification"": ""42"", ""fund_manager_total_exp"": ""42"", ""main_scheme_name"": ""42"", ""metrics_avg_maturity"": ""42"", ""metrics_beta"": ""42"", ""metrics_macaulay"": ""42"", ""metrics_mod_duration"": ""42"", ""metrics_port_turnover_ratio"": ""42"", ""metrics_sharpe"": ""42"", ""metrics_std_dev"": ""42"", ""metrics_ytm"": ""42"", ""min_addl_amt"": ""42"", ""min_addl_amt_multiple"": ""42"", ""min_amt"": ""42"", ""min_amt_multiple"": ""42"", ""monthly_aaum_date"": ""42"", ""monthly_aaum_value"": ""42"", ""mutual_fund_name"": ""42"", ""riskometer"": ""42"", ""riskometer_benchmark"": ""42"", ""scheme_launch_date"": ""42""}"
HDFC Asset Management Company Limited,HDFC Hybrid Equity Fund,HDFC Mutual Fund,Nifty 50 Index (TRI) NET EQUITY EXPOSURE 69.16%,20251231,"24,517.16Cr",20000911,100,,100,,,"$$ · In respect of each purchase / switch-in of Units, upto 15% of the units may be redeemed without any exit load from the date of allotment. · Any redemption in excess of the above limit shall be subject to the following exit load: · Exit load of 1.00 is payable if Units are redeemed / switched-out within 1 year from the date of allotment of units. · No Exit Load is payable if Units are redeemed / switched-out after 1 year from the date of allotment. For Product label and Riskometers, refer pa",,,,,,11.84,1.007,,,,6.13,5.83,1814,,,0.787,,8.367,,,,7.08,Anupam Joshi,"July 1, 2022",19 Years,,,,,,,,,,"{""amc_name"": ""46"", ""benchmark_index"": ""46"", ""count"": 47, ""fund_manager_managing_fund_since"": ""46"", ""fund_manager_name"": ""46"", ""fund_manager_qualification"": ""46"", ""fund_manager_total_exp"": ""46"", ""load_exit"": ""46"", ""main_scheme_name"": ""46"", ""metrics_avg_maturity"": ""46"", ""metrics_beta"": ""46"", ""metrics_macaulay"": ""46"", ""metrics_mod_duration"": ""46"", ""metrics_port_turnover_ratio"": ""46"", ""metrics_sharpe"": ""46"", ""metrics_std_dev"": ""46"", ""metrics_ytm"": ""46"", ""min_addl_amt"": ""46"", ""min_addl_amt_multiple"": ""46"", ""min_amt"": ""46"", ""min_amt_multiple"": ""46"", ""monthly_aaum_date"": ""46"", ""monthly_aaum_value"": ""46"", ""mutual_fund_name"": ""46"", ""riskometer"": ""46"", ""riskometer_benchmark"": ""46"", ""scheme_launch_date"": ""46""}"
HDFC Asset Management Company Limited,HDFC Multi-Asset Fund,HDFC Mutual Fund,"Nifty 50 Index (TRI) NET EQUITY EXPOSURE 49.18% For Product label and Riskometers, refer page no: 115-1 49 | October 2025",20251231,"5,077.59Cr",20050817,100,,100,,,"$$ · In respect of each purchase / switch-in of Units, upto 1 of the units ·the limit· may be redeemed without any Exit Load from the date of allotment. · However, please note that the Units will be redeemed on First In First Out (FIFO) basis. Any redemption in excess of the above limit shall be subject to the following exit load: · Exit Load of 1.00 is payable if units are redeemed / switched-out within 12 months from the date of allotment of units. · No Exit Load is payable if Units are redeem",,,,,,2.92,0.734,,,,2.15,2.04,27091,,,1.408,,5.932,,,,6.37,Anil Bamboli,"August 17, 2005",30 Years,,Arun Agarwal,"January 13, 2022",18 Years,,Srinivasan January,"March 29, 2025",2 Years,,"{""amc_name"": ""49"", ""benchmark_index"": ""49"", ""count"": 47, ""fund_manager_managing_fund_since"": ""49"", ""fund_manager_name"": ""49"", ""fund_manager_qualification"": ""49"", ""fund_manager_total_exp"": ""49"", ""load_exit"": ""49"", ""main_scheme_name"": ""49"", ""metrics_avg_maturity"": ""49"", ""metrics_beta"": ""49"", ""metrics_macaulay"": ""49"", ""metrics_mod_duration"": ""49"", ""metrics_port_turnover_ratio"": ""49"", ""metrics_sharpe"": ""49"", ""metrics_std_dev"": ""49"", ""metrics_ytm"": ""49"", ""min_addl_amt"": ""49"", ""min_addl_amt_multiple"": ""49"", ""min_amt"": ""49"", ""min_amt_multiple"": ""49"", ""monthly_aaum_date"": ""49"", ""monthly_aaum_value"": ""49"", ""mutual_fund_name"": ""49"", ""riskometer"": ""49"", ""riskometer_benchmark"": ""49"", ""scheme_launch_date"": ""49""}"
HDFC Asset Management Company Limited,HDFC Multi-Asset Active FOF (Name changed from HDFC Asset Allocator Fund of Funds,HDFC Mutual Fund,Nifty 50 Index (TRI),20251231,"4,961.45Cr",20210505,100,,100,,,"$$ · In respect of each purchase / switch-in of Units, 15 of the units ·the limit· may be redeemed without any Exit Load from the date of allotment. · Any redemption in excess of the above limit shall be subject to the following exit load: · Exit Load of 1.00 is payable if units are redeemed / switched-out within 12 months from the date of allotment. · No Exit Load is payable if units are redeemed / switched-out after 12 months from the date of allotment. For Product label and Riskometers, refer",,,,,,,,,,,,,,,,,,,,,,,Anil Bamboli,"May 05, 2021",30 Years,,Srinivasan January,"February 02, 2022",30 Years,,,,,,"{""amc_name"": ""52"", ""benchmark_index"": ""52"", ""count"": 47, ""fund_manager_managing_fund_since"": ""52"", ""fund_manager_name"": ""52"", ""fund_manager_qualification"": ""52"", ""fund_manager_total_exp"": ""52"", ""load_exit"": ""52"", ""main_scheme_name"": ""52"", ""min_addl_amt"": ""52"", ""min_addl_amt_multiple"": ""52"", ""min_amt"": ""52"", ""min_amt_multiple"": ""52"", ""monthly_aaum_date"": ""52"", ""monthly_aaum_value"": ""52"", ""mutual_fund_name"": ""52"", ""riskometer"": ""52"", ""riskometer_benchmark"": ""52"", ""scheme_launch_date"": ""52""}"
HDFC Asset Management Company Limited,HDFC Diversified Equity All Cap Active FOF An Open-ended Fund of Fund,HDFC Mutual Fund,NIFTY 50 (TRI),20251231,"1,211.54Cr",20250929,100,,100,,,"$$ · In respect of each purchase / switch-in of Units, an Exit Load of 1.00% is payable if Units are redeemed/ switched-out within 1 year from the date of allotment. · No Exit Load is payable if Units are redeemed / switched-out after 1 Year from the date of allotment. · No Entry / Exit Load shall be levied on bonus units and Units allotted on Re-investment of Income Distribution cum Capital Withdrawal. · In respect of Systematic Transactions such as SIP, Flex SIP, STP, Flex STP, Swing STP, Exit",,,,,,,,,,,,,,,,,,,,,,,Srinivasan,"September 29, 2025",18 Years,,,,,,,,,,"{""amc_name"": ""53"", ""benchmark_index"": ""53"", ""count"": 47, ""fund_manager_managing_fund_since"": ""53"", ""fund_manager_name"": ""53"", ""fund_manager_qualification"": ""53"", ""fund_manager_total_exp"": ""53"", ""load_exit"": ""53"", ""main_scheme_name"": ""53"", ""min_addl_amt"": ""53"", ""min_addl_amt_multiple"": ""53"", ""min_amt"": ""53"", ""min_amt_multiple"": ""53"", ""monthly_aaum_date"": ""53"", ""monthly_aaum_value"": ""53"", ""mutual_fund_name"": ""53"", ""riskometer"": ""53"", ""riskometer_benchmark"": ""53"", ""scheme_launch_date"": ""53""}"
HDFC Asset Management Company Limited,HDFC Equity Savings Fund,HDFC Mutual Fund,"CRISIL 10 Year Gilt Index NET EQUITY EXPOSURE 37.6% For Product label and Riskometers, refer page no: 115-1 54 | October 2025",20251231,"5,806.72Cr",20040917,100,,100,,,"$$ · In respect of each purchase / switch-in of Units, upto 15% of the units may be redeemed without any exit load from the date of allotment. However, please note that the Units will be redeemed on First In First Out (FIFO) basis. · Any redemption in excess of the above limit shall be subject to the following exit load: · Exit load of 1.00 is payable if Units are redeemed / switched-out within 1 month from the date of allotment of units. · No Exit Load is payable if Units are redeemed / switche",,,,,,3.88,0.989,,,,2.96,2.82,43773,,,0.944,,4.416,,,,6.61,Anil Bamboli,"August 24, 2004",30 Years,,,,,,,,,,"{""amc_name"": ""54"", ""benchmark_index"": ""54"", ""count"": 47, ""fund_manager_managing_fund_since"": ""54"", ""fund_manager_name"": ""54"", ""fund_manager_qualification"": ""54"", ""fund_manager_total_exp"": ""54"", ""load_exit"": ""54"", ""main_scheme_name"": ""54"", ""metrics_avg_maturity"": ""54"", ""metrics_beta"": ""54"", ""metrics_macaulay"": ""54"", ""metrics_mod_duration"": ""54"", ""metrics_port_turnover_ratio"": ""54"", ""metrics_sharpe"": ""54"", ""metrics_std_dev"": ""54"", ""metrics_ytm"": ""54"", ""min_addl_amt"": ""54"", ""min_addl_amt_multiple"": ""54"", ""min_amt"": ""54"", ""min_amt_multiple"": ""54"", ""monthly_aaum_date"": ""54"", ""monthly_aaum_value"": ""54"", ""mutual_fund_name"": ""54"", ""riskometer"": ""54"", ""riskometer_benchmark"": ""54"", ""scheme_launch_date"": ""54""}"
HDFC Asset Management Company Limited,HDFC Hybrid Debt Fund,HDFC Mutual Fund,CRISIL 10 Year Gilt Index,20251231,"3,378.22Cr",20031226,100,,100,,,"$$ · In respect of each purchase / switch-in of Units, upto 15% of the units may be redeemed without any exit load from the date of allotment. · Any redemption in excess of the above limit shall be subject to the following exit load: · Exit load of 1.00 is payable if Units are redeemed / switched-out within 1 year from the date of allotment of units. · No Exit Load is payable if Units are redeemed / switched-out after 1 year from the date of allotment. For Product label and Riskometers, refer pa",,,,,,11.72,1.290,,,,6.19,5.93,,,,1.071,,3.910,,,,7.00,,,,,,,,,,,,,"{""amc_name"": ""56"", ""benchmark_index"": ""56"", ""count"": 47, ""load_exit"": ""56"", ""main_scheme_name"": ""56"", ""metrics_avg_maturity"": ""56"", ""metrics_beta"": ""56"", ""metrics_macaulay"": ""56"", ""metrics_mod_duration"": ""56"", ""metrics_sharpe"": ""56"", ""metrics_std_dev"": ""56"", ""metrics_ytm"": ""56"", ""min_addl_amt"": ""56"", ""min_addl_amt_multiple"": ""56"", ""min_amt"": ""56"", ""min_amt_multiple"": ""56"", ""monthly_aaum_date"": ""56"", ""monthly_aaum_value"": ""56"", ""mutual_fund_name"": ""56"", ""riskometer"": ""56"", ""riskometer_benchmark"": ""56"", ""scheme_launch_date"": ""56""}"
HDFC Asset Management Company Limited,HDFC Childrens Fund,HDFC Mutual Fund,"Nifty 50 Index (TRI) LOCK-IN PERIOD For Fresh investments by investors including SIP/STP registrations, etc (effective May 23, 2018): Lock-in period will be compulsory. Lock-in period shall be earlier of · 5 Years from the date of allotment; or · Until the Unit holder being the beneficiary child) attains the age of majority",20251231,"10,417.35Cr",20010302,100,,100,,,"$$ (i) For existing investments by investors including SIP / SWAP registrations, etc. (until May 22, 2018) In respect of units subject to lock-in period: Nil In respect of units not subject to lock-in period:- · In respect of each purchase/ Switch-in of units, an exit load of 3% is payable if units are redeemed / switched-out within 1 year from the date of allotment. · In respect of each purchase/ Switch-in of units, an exit load of 2% is payable if units are redeemed / switched-out between 1st ",,,,,,7.69,,,,,5.13,4.9,1391,,,,,,,,,6.72,Chirag Setalvad,"April 2, 2007",28 Years,,,,,,,,,,"{""amc_name"": ""60"", ""benchmark_index"": ""60"", ""count"": 47, ""fund_manager_managing_fund_since"": ""60"", ""fund_manager_name"": ""60"", ""fund_manager_qualification"": ""60"", ""fund_manager_total_exp"": ""60"", ""load_exit"": ""60"", ""main_scheme_name"": ""60"", ""metrics_avg_maturity"": ""60"", ""metrics_macaulay"": ""60"", ""metrics_mod_duration"": ""60"", ""metrics_port_turnover_ratio"": ""60"", ""metrics_ytm"": ""60"", ""min_addl_amt"": ""60"", ""min_addl_amt_multiple"": ""60"", ""min_amt"": ""60"", ""min_amt_multiple"": ""60"", ""monthly_aaum_date"": ""60"", ""monthly_aaum_value"": ""60"", ""mutual_fund_name"": ""60"", ""riskometer"": ""60"", ""riskometer_benchmark"": ""60"", ""scheme_launch_date"": ""60""}"
HDFC Asset Management Company Limited,HDFC Retirement Savings Fund,HDFC Mutual Fund,"CRISIL 10 Year Gilt Index LOCK-IN PERIOD Existing investments by investors including SIP / STP registrations, etc (until June 1, 2018): Units purchased cannot be assigned / transferred / pledged / redeemed / switched out until completion of 5 years from the date of allotment of Units under the Scheme. (Note: Exit Load may apply. Please refer Page 104 to 113 for details. Fresh investments by investors including SIP / STP registrations, etc (effective June 2, 2018): Units purchased cannot be assigned / transferred / pledged / redeemed / switched out until completion of 5 years from the date of allotment of Units or Retirement Age of Unit holder (i.e. completion of 60 years), whichever is earlier. (Note: No exit load) NET EQUITY EXPOSURE 22.63% 66",20251231,161.29Cr,20160226,,,,,,"$$ Existing investments by investors including SIP / STP registrations, etc (until June 1, 2018): Exit Load (Upon completion of lock-in period of 5 years) In respect of each purchase/switch-in of units offered under the respective Investment Plan(s):- · An Exit Load of 1 is payable if Units are redeemed/ switched-out before completion of 60 years of age · No Exit Load is payable if Units are redeemed / switched-out on or after attainment of 60 years of age. Fresh investments by investors includi",,,,,,7.05,,,,,4.35,4.18,1307,,,,,,,,,6.66,Shobhit Mehrotra,"February 26, 2016",32 Years,,Arun Agarwal,"December 14, 2021",18 Years,,,,,,"{""amc_name"": ""62"", ""benchmark_index"": ""62"", ""count"": 47, ""fund_manager_managing_fund_since"": ""62"", ""fund_manager_name"": ""62"", ""fund_manager_qualification"": ""62"", ""fund_manager_total_exp"": ""62"", ""load_exit"": ""62"", ""main_scheme_name"": ""62"", ""metrics_avg_maturity"": ""62"", ""metrics_macaulay"": ""62"", ""metrics_mod_duration"": ""62"", ""metrics_port_turnover_ratio"": ""62"", ""metrics_ytm"": ""62"", ""monthly_aaum_date"": ""62"", ""monthly_aaum_value"": ""62"", ""mutual_fund_name"": ""62"", ""riskometer"": ""62"", ""riskometer_benchmark"": ""62"", ""scheme_launch_date"": ""62""}"
HDFC Asset Management Company Limited,HDFC Overnight Fund,HDFC Mutual Fund,CRISIL 1 Year T-Bill Index,20251231,"13,919.71Cr",20020206,100,,100,,,"$$ Nil For Product label and Riskometers, refer page no: 115-1 68 | October 2025",,,,,,0.01,,,,,0.01,0.01,,,,,,,,,,5.60,Swapnil Jangam,"March 01, 2025",14 Years,,Rohan Pillai,"October 01, 2025",11 Years,,,,,,"{""amc_name"": ""68"", ""benchmark_index"": ""68"", ""count"": 47, ""fund_manager_managing_fund_since"": ""68"", ""fund_manager_name"": ""68"", ""fund_manager_qualification"": ""68"", ""fund_manager_total_exp"": ""68"", ""load_exit"": ""68"", ""main_scheme_name"": ""68"", ""metrics_avg_maturity"": ""68"", ""metrics_macaulay"": ""68"", ""metrics_mod_duration"": ""68"", ""metrics_ytm"": ""68"", ""min_addl_amt"": ""68"", ""min_addl_amt_multiple"": ""68"", ""min_amt"": ""68"", ""min_amt_multiple"": ""68"", ""monthly_aaum_date"": ""68"", ""monthly_aaum_value"": ""68"", ""mutual_fund_name"": ""68"", ""riskometer"": ""68"", ""riskometer_benchmark"": ""68"", ""scheme_launch_date"": ""68""}"
HDFC Asset Management Company Limited,HDFC Liquid Fund,HDFC Mutual Fund,CRISIL 1 Year T-Bill Index,20251231,"61,306.23Cr",20001017,100,,100,,,"$$ · n investments made on or before ctober 1 , 2019: NIL · n investments including through existing systematic plan registrations) made on or after October 20, 2019, as follows: Units redeemed / Exit load as a % of switched-out redemption within ·X· days proceeds from the date of allotment Day 1 0.0070% Day 2 0.0065% Day 3 0.0060% Day 4 0.0055% Day 5 0.0050% Day 6 0.0045% Day 7 onwards Nil For Product label and Riskometers, refer page no: 115-1 69 | October 2025",,,,,,0.13,,,,,0.13,0.12,,,,,,,,,,6.02,Swapnil Jangam,"October 6, 2022",14 Years,,Rohan Pillai,"October 01, 2025",11 Years,,,,,,"{""amc_name"": ""69"", ""benchmark_index"": ""69"", ""count"": 47, ""fund_manager_managing_fund_since"": ""69"", ""fund_manager_name"": ""69"", ""fund_manager_qualification"": ""69"", ""fund_manager_total_exp"": ""69"", ""load_exit"": ""69"", ""main_scheme_name"": ""69"", ""metrics_avg_maturity"": ""69"", ""metrics_macaulay"": ""69"", ""metrics_mod_duration"": ""69"", ""metrics_ytm"": ""69"", ""min_addl_amt"": ""69"", ""min_addl_amt_multiple"": ""69"", ""min_amt"": ""69"", ""min_amt_multiple"": ""69"", ""monthly_aaum_date"": ""69"", ""monthly_aaum_value"": ""69"", ""mutual_fund_name"": ""69"", ""riskometer"": ""69"", ""riskometer_benchmark"": ""69"", ""scheme_launch_date"": ""69""}"
HDFC Asset Management Company Limited,HDFC Ultra Short Term Fund,HDFC Mutual Fund,CRISIL 1 Year T-Bill Index,20251231,"17,105.36Cr",20180925,100,,100,,,"$$ Nil For Product label and Riskometers, refer page no: 115-1 71 | October 2025",,,,,,0.66,,,,,0.49,0.45,,,,,,,,,,6.60,Anil Bamboli,"September 25, 2018",30 Years,,Praveen Jain,"August 31, 2024",20 Years,,,,,,"{""amc_name"": ""71"", ""benchmark_index"": ""71"", ""count"": 47, ""fund_manager_managing_fund_since"": ""71"", ""fund_manager_name"": ""71"", ""fund_manager_qualification"": ""71"", ""fund_manager_total_exp"": ""71"", ""load_exit"": ""71"", ""main_scheme_name"": ""71"", ""metrics_avg_maturity"": ""71"", ""metrics_macaulay"": ""71"", ""metrics_mod_duration"": ""71"", ""metrics_ytm"": ""71"", ""min_addl_amt"": ""71"", ""min_addl_amt_multiple"": ""71"", ""min_amt"": ""71"", ""min_amt_multiple"": ""71"", ""monthly_aaum_date"": ""71"", ""monthly_aaum_value"": ""71"", ""mutual_fund_name"": ""71"", ""riskometer"": ""71"", ""riskometer_benchmark"": ""71"", ""scheme_launch_date"": ""71""}"
HDFC Asset Management Company Limited,HDFC Low Duration Fund,HDFC Mutual Fund,CRISIL 1 Year T-Bill Index,20251231,"25,356.80Cr",19991118,100,,100,,,"$$ Nil For Product label and Riskometers, refer page no: 115-1 73 | October 2025",,,,,,1.87,,,,,0.96,0.9,,,,,,,,,,6.92,Anupam Joshi,"October 27, 2015",19 Years,,Praveen Jain,"October 6, 2022",20 Years,,,,,,"{""amc_name"": ""73"", ""benchmark_index"": ""73"", ""count"": 47, ""fund_manager_managing_fund_since"": ""73"", ""fund_manager_name"": ""73"", ""fund_manager_qualification"": ""73"", ""fund_manager_total_exp"": ""73"", ""load_exit"": ""73"", ""main_scheme_name"": ""73"", ""metrics_avg_maturity"": ""73"", ""metrics_macaulay"": ""73"", ""metrics_mod_duration"": ""73"", ""metrics_ytm"": ""73"", ""min_addl_amt"": ""73"", ""min_addl_amt_multiple"": ""73"", ""min_amt"": ""73"", ""min_amt_multiple"": ""73"", ""monthly_aaum_date"": ""73"", ""monthly_aaum_value"": ""73"", ""mutual_fund_name"": ""73"", ""riskometer"": ""73"", ""riskometer_benchmark"": ""73"", ""scheme_launch_date"": ""73""}"
HDFC Asset Management Company Limited,HDFC Money Market Fund,HDFC Mutual Fund,CRISIL 1 Year T-Bill Index,20251231,"36,749.00Cr",19991118,100,,100,,,"$$ Nil For Product label and Riskometers, refer page no: 115-1 75 | October 2025",,,,,,0.36,,,,,0.36,0.34,,,,,,,,,,6.24,Praveen Jain,"August 31, 2024",20 Years,,,,,,,,,,"{""amc_name"": ""75"", ""benchmark_index"": ""75"", ""count"": 47, ""fund_manager_managing_fund_since"": ""75"", ""fund_manager_name"": ""75"", ""fund_manager_qualification"": ""75"", ""fund_manager_total_exp"": ""75"", ""load_exit"": ""75"", ""main_scheme_name"": ""75"", ""metrics_avg_maturity"": ""75"", ""metrics_macaulay"": ""75"", ""metrics_mod_duration"": ""75"", ""metrics_ytm"": ""75"", ""min_addl_amt"": ""75"", ""min_addl_amt_multiple"": ""75"", ""min_amt"": ""75"", ""min_amt_multiple"": ""75"", ""monthly_aaum_date"": ""75"", ""monthly_aaum_value"": ""75"", ""mutual_fund_name"": ""75"", ""riskometer"": ""75"", ""riskometer_benchmark"": ""75"", ""scheme_launch_date"": ""75""}"
HDFC Asset Management Company Limited,HDFC Short Term Debt Fund,HDFC Mutual Fund,CRISIL 10 Year Gilt Index,20251231,"17,886.00Cr",20100625,100,,100,,,"$$ Nil For Product label and Riskometers, refer page no: 115-1 77 | October 2025",,,,,,3.44,,,,,2.43,2.29,,,,,,,,,,6.98,Anil Bamboli,"June 25, 2010",30 Years,,,,,,,,,,"{""amc_name"": ""77"", ""benchmark_index"": ""77"", ""count"": 47, ""fund_manager_managing_fund_since"": ""77"", ""fund_manager_name"": ""77"", ""fund_manager_qualification"": ""77"", ""fund_manager_total_exp"": ""77"", ""load_exit"": ""77"", ""main_scheme_name"": ""77"", ""metrics_avg_maturity"": ""77"", ""metrics_macaulay"": ""77"", ""metrics_mod_duration"": ""77"", ""metrics_ytm"": ""77"", ""min_addl_amt"": ""77"", ""min_addl_amt_multiple"": ""77"", ""min_amt"": ""77"", ""min_amt_multiple"": ""77"", ""monthly_aaum_date"": ""77"", ""monthly_aaum_value"": ""77"", ""mutual_fund_name"": ""77"", ""riskometer"": ""77"", ""riskometer_benchmark"": ""77"", ""scheme_launch_date"": ""77""}"
HDFC Asset Management Company Limited,HDFC Medium Term Debt Fund,HDFC Mutual Fund,CRISIL 10 Year Gilt Index,20251231,"3,873.52Cr",20020206,100,,100,,,"$$ Nil For Product label and Riskometers, refer page no: 115-1 79 | October 2025",,,,,,5.47,,,,,3.56,3.39,,,,,,,,,,7.60,Shobhit Mehrotra,"September 1, 2007",32 Years,,Bhavyesh,"March 01, 2025",15 Years,,,,,,"{""amc_name"": ""79"", ""benchmark_index"": ""79"", ""count"": 47, ""fund_manager_managing_fund_since"": ""79"", ""fund_manager_name"": ""79"", ""fund_manager_qualification"": ""79"", ""fund_manager_total_exp"": ""79"", ""load_exit"": ""79"", ""main_scheme_name"": ""79"", ""metrics_avg_maturity"": ""79"", ""metrics_macaulay"": ""79"", ""metrics_mod_duration"": ""79"", ""metrics_ytm"": ""79"", ""min_addl_amt"": ""79"", ""min_addl_amt_multiple"": ""79"", ""min_amt"": ""79"", ""min_amt_multiple"": ""79"", ""monthly_aaum_date"": ""79"", ""monthly_aaum_value"": ""79"", ""mutual_fund_name"": ""79"", ""riskometer"": ""79"", ""riskometer_benchmark"": ""79"", ""scheme_launch_date"": ""79""}"
HDFC Asset Management Company Limited,HDFC Income Fund,HDFC Mutual Fund,CRISIL 10 Year Gilt Index,20251231,937.19Cr,20000911,100,,100,,,"$$ Nil ( ) G Sec, SDL 5. 1 Credit Exposure 1 .5 Cash, Cash E uivalents and Net Current Assets Units issued by eIT 0. Alternative Investment Fund Units 0. ( ) Sovereign 5. 1 AAA/AAA S /A1+/A1+ S E uivalent 1 .5 Cash, Cash E uivalents and Net Current Assets Units issued by eIT 0. Alternative Investment Fund Units 0. For Product label and Riskometers, refer page no: 115-1 81 | October 2025",,,,,,12.46,,,,,6.9,6.64,,,,,,,,,,6.88,Shobhit Mehrotra,"September 11, 2007",32 Years,,,,,,,,,,"{""amc_name"": ""81"", ""benchmark_index"": ""81"", ""count"": 47, ""fund_manager_managing_fund_since"": ""81"", ""fund_manager_name"": ""81"", ""fund_manager_qualification"": ""81"", ""fund_manager_total_exp"": ""81"", ""load_exit"": ""81"", ""main_scheme_name"": ""81"", ""metrics_avg_maturity"": ""81"", ""metrics_macaulay"": ""81"", ""metrics_mod_duration"": ""81"", ""metrics_ytm"": ""81"", ""min_addl_amt"": ""81"", ""min_addl_amt_multiple"": ""81"", ""min_amt"": ""81"", ""min_amt_multiple"": ""81"", ""monthly_aaum_date"": ""81"", ""monthly_aaum_value"": ""81"", ""mutual_fund_name"": ""81"", ""riskometer"": ""81"", ""riskometer_benchmark"": ""81"", ""scheme_launch_date"": ""81""}"
HDFC Asset Management Company Limited,HDFC Long Duration Debt Fund,HDFC Mutual Fund,CRISIL 10 Year Gilt Index,20251231,"5,587.87Cr",20230120,100,,100,,,"$$ Nil ( ) G Sec Cash, Cash E uivalents and Net Current Assets Alternative Investment Fund Units 0. ( ) Sovereign Cash, Cash E uivalents and Net Current Assets Alternative Investment Fund Units 0. For Product label and Riskometers, refer page no: 115-1 82 | October 2025",,,,,,29.96,,,,,12.2,11.77,,,,,,,,,,7.36,Shobhit Mehrotra,"January 20, 2023",32 Years,,,,,,,,,,"{""amc_name"": ""82"", ""benchmark_index"": ""82"", ""count"": 47, ""fund_manager_managing_fund_since"": ""82"", ""fund_manager_name"": ""82"", ""fund_manager_qualification"": ""82"", ""fund_manager_total_exp"": ""82"", ""load_exit"": ""82"", ""main_scheme_name"": ""82"", ""metrics_avg_maturity"": ""82"", ""metrics_macaulay"": ""82"", ""metrics_mod_duration"": ""82"", ""metrics_ytm"": ""82"", ""min_addl_amt"": ""82"", ""min_addl_amt_multiple"": ""82"", ""min_amt"": ""82"", ""min_amt_multiple"": ""82"", ""monthly_aaum_date"": ""82"", ""monthly_aaum_value"": ""82"", ""mutual_fund_name"": ""82"", ""riskometer"": ""82"", ""riskometer_benchmark"": ""82"", ""scheme_launch_date"": ""82""}"
HDFC Asset Management Company Limited,HDFC Arbitrage Fund,HDFC Mutual Fund,CRISIL 1 Year T-Bill Index,20251231,"22,517.12Cr",20071023,100,,100,,,"$$ · In respect of each purchase / switch-in of Units, an Exit Load of 0.25% is payable if Units are redeemed / switched-out within 1 month from the date of allotment. · No Exit Load is payable if Units are redeemed / switched-out after 1 month from the date of allotment. For Product label and Riskometers, refer page no: 115-1 83 | October 2025",,,,,,0.15,,,,,0.15,0.14,122875,,,,,,,,,6.07,Anil Bamboli,"August 24, 2022",30 Years,,,,,,,,,,"{""amc_name"": ""83"", ""benchmark_index"": ""83"", ""count"": 47, ""fund_manager_managing_fund_since"": ""83"", ""fund_manager_name"": ""83"", ""fund_manager_qualification"": ""83"", ""fund_manager_total_exp"": ""83"", ""load_exit"": ""83"", ""main_scheme_name"": ""83"", ""metrics_avg_maturity"": ""83"", ""metrics_macaulay"": ""83"", ""metrics_mod_duration"": ""83"", ""metrics_port_turnover_ratio"": ""83"", ""metrics_ytm"": ""83"", ""min_addl_amt"": ""83"", ""min_addl_amt_multiple"": ""83"", ""min_amt"": ""83"", ""min_amt_multiple"": ""83"", ""monthly_aaum_date"": ""83"", ""monthly_aaum_value"": ""83"", ""mutual_fund_name"": ""83"", ""riskometer"": ""83"", ""riskometer_benchmark"": ""83"", ""scheme_launch_date"": ""83""}"
HDFC Asset Management Company Limited,HDFC Floating Rate Debt Fund,HDFC Mutual Fund,CRISIL 10 Year Gilt Index,20251231,"15,529.18Cr",20071023,100,,100,,,"$$ Nil For Product label and Riskometers, refer page no: 115-1 86 | October 2025",,,,,,4.32,,,,,1.8,1.69,,,,,,,,,,6.99,Shobhit Mehrotra,"October 23, 2007",32 Years,,,,,,,,,,"{""amc_name"": ""86"", ""benchmark_index"": ""86"", ""count"": 47, ""fund_manager_managing_fund_since"": ""86"", ""fund_manager_name"": ""86"", ""fund_manager_qualification"": ""86"", ""fund_manager_total_exp"": ""86"", ""load_exit"": ""86"", ""main_scheme_name"": ""86"", ""metrics_avg_maturity"": ""86"", ""metrics_macaulay"": ""86"", ""metrics_mod_duration"": ""86"", ""metrics_ytm"": ""86"", ""min_addl_amt"": ""86"", ""min_addl_amt_multiple"": ""86"", ""min_amt"": ""86"", ""min_amt_multiple"": ""86"", ""monthly_aaum_date"": ""86"", ""monthly_aaum_value"": ""86"", ""mutual_fund_name"": ""86"", ""riskometer"": ""86"", ""riskometer_benchmark"": ""86"", ""scheme_launch_date"": ""86""}"
HDFC Asset Management Company Limited,HDFC Corporate Bond Fund,HDFC Mutual Fund,CRISIL 10 Year Gilt Index,20251231,"36,041.69Cr",20100629,100,,100,,,"$$ Nil For Product label and Riskometers, refer page no: 115-1 88 | October 2025",,,,,,7.08,,,,,4.51,4.27,,,,,,,,,,6.97,Anupam Joshi,"October 27, 2015",19 Years,,,,,,,,,,"{""amc_name"": ""88"", ""benchmark_index"": ""88"", ""count"": 47, ""fund_manager_managing_fund_since"": ""88"", ""fund_manager_name"": ""88"", ""fund_manager_qualification"": ""88"", ""fund_manager_total_exp"": ""88"", ""load_exit"": ""88"", ""main_scheme_name"": ""88"", ""metrics_avg_maturity"": ""88"", ""metrics_macaulay"": ""88"", ""metrics_mod_duration"": ""88"", ""metrics_ytm"": ""88"", ""min_addl_amt"": ""88"", ""min_addl_amt_multiple"": ""88"", ""min_amt"": ""88"", ""min_amt_multiple"": ""88"", ""monthly_aaum_date"": ""88"", ""monthly_aaum_value"": ""88"", ""mutual_fund_name"": ""88"", ""riskometer"": ""88"", ""riskometer_benchmark"": ""88"", ""scheme_launch_date"": ""88""}"
HDFC Asset Management Company Limited,HDFC Banking and PSU Debt Fund,HDFC Mutual Fund,CRISIL 10 Year Gilt Index,20251231,"5,890.02Cr",20140326,100,,100,,,"$$ Nil For Product label and Riskometers, refer page no: 115-1 90 | October 2025",,,,,,4.61,,,,,3.41,3.22,,,,,,,,,,6.85,Anil Bamboli,"March 26, 2014",30 Years,,,,,,,,,,"{""amc_name"": ""90"", ""benchmark_index"": ""90"", ""count"": 47, ""fund_manager_managing_fund_since"": ""90"", ""fund_manager_name"": ""90"", ""fund_manager_qualification"": ""90"", ""fund_manager_total_exp"": ""90"", ""load_exit"": ""90"", ""main_scheme_name"": ""90"", ""metrics_avg_maturity"": ""90"", ""metrics_macaulay"": ""90"", ""metrics_mod_duration"": ""90"", ""metrics_ytm"": ""90"", ""min_addl_amt"": ""90"", ""min_addl_amt_multiple"": ""90"", ""min_amt"": ""90"", ""min_amt_multiple"": ""90"", ""monthly_aaum_date"": ""90"", ""monthly_aaum_value"": ""90"", ""mutual_fund_name"": ""90"", ""riskometer"": ""90"", ""riskometer_benchmark"": ""90"", ""scheme_launch_date"": ""90""}"
HDFC Asset Management Company Limited,HDFC Credit Risk Debt Fund,HDFC Mutual Fund,CRISIL 10 Year Gilt Index,20251231,"7,015.47Cr",20140325,100,,100,,,"$$ · In respect of each purchase / switch-in of Units, 15 of the units ·the limit· may be redeemed without any exit Load from the date of allotment · Any redemption in excess of the above limit shall be subject to the following exit load: · In respect of each purchase / switch-in of Units, an Exit Load of 1.00% is payable if Units are redeemed / switched-out within 12 months from the date of allotment · In respect of each purchase / switch-in of Units, an Exit Load of 0.50% is payable if Units a",,,,,,3.73,,,,,2.51,2.38,,,,,,,,,,8.02,Shobhit Mehrotra,"March 25, 2014",32 Years,,,,,,,,,,"{""amc_name"": ""92"", ""benchmark_index"": ""92"", ""count"": 47, ""fund_manager_managing_fund_since"": ""92"", ""fund_manager_name"": ""92"", ""fund_manager_qualification"": ""92"", ""fund_manager_total_exp"": ""92"", ""load_exit"": ""92"", ""main_scheme_name"": ""92"", ""metrics_avg_maturity"": ""92"", ""metrics_macaulay"": ""92"", ""metrics_mod_duration"": ""92"", ""metrics_ytm"": ""92"", ""min_addl_amt"": ""92"", ""min_addl_amt_multiple"": ""92"", ""min_amt"": ""92"", ""min_amt_multiple"": ""92"", ""monthly_aaum_date"": ""92"", ""monthly_aaum_value"": ""92"", ""mutual_fund_name"": ""92"", ""riskometer"": ""92"", ""riskometer_benchmark"": ""92"", ""scheme_launch_date"": ""92""}"
HDFC Asset Management Company Limited,HDFC Dynamic Debt Fund,HDFC Mutual Fund,CRISIL 10 Year Gilt Index,20251231,786.32Cr,19970428,100,,100,,,"$$ Nil For Product label and Riskometers, refer page no: 115-1 94 | October 2025",,,,,,19.68,,,,,7.67,7.39,,,,,,,,,,7.05,Anil Bamboli,"February 16, 2004",30 Years,,,,,,,,,,"{""amc_name"": ""94"", ""benchmark_index"": ""94"", ""count"": 47, ""fund_manager_managing_fund_since"": ""94"", ""fund_manager_name"": ""94"", ""fund_manager_qualification"": ""94"", ""fund_manager_total_exp"": ""94"", ""load_exit"": ""94"", ""main_scheme_name"": ""94"", ""metrics_avg_maturity"": ""94"", ""metrics_macaulay"": ""94"", ""metrics_mod_duration"": ""94"", ""metrics_ytm"": ""94"", ""min_addl_amt"": ""94"", ""min_addl_amt_multiple"": ""94"", ""min_amt"": ""94"", ""min_amt_multiple"": ""94"", ""monthly_aaum_date"": ""94"", ""monthly_aaum_value"": ""94"", ""mutual_fund_name"": ""94"", ""riskometer"": ""94"", ""riskometer_benchmark"": ""94"", ""scheme_launch_date"": ""94""}"
HDFC Asset Management Company Limited,HDFC Gilt Fund,HDFC Mutual Fund,CRISIL 10 Year Gilt Index,20251231,"2,969.55Cr",20010725,100,,100,,,"$$ Nil ( ) G Sec, SDL .1 Cash, Cash E uivalents and Net Current Assets .81 ( ) Sovereign .1 Cash, Cash E uivalents and Net Current Assets .81 For Product label and Riskometers, refer page no: 115-1 96 | October 2025",,,,,,19.38,,,,,8.31,8.02,,,,,,,,,,7.05,Anil Bamboli,"September 1, 2007",30 Years,,,,,,,,,,"{""amc_name"": ""96"", ""benchmark_index"": ""96"", ""count"": 47, ""fund_manager_managing_fund_since"": ""96"", ""fund_manager_name"": ""96"", ""fund_manager_qualification"": ""96"", ""fund_manager_total_exp"": ""96"", ""load_exit"": ""96"", ""main_scheme_name"": ""96"", ""metrics_avg_maturity"": ""96"", ""metrics_macaulay"": ""96"", ""metrics_mod_duration"": ""96"", ""metrics_ytm"": ""96"", ""min_addl_amt"": ""96"", ""min_addl_amt_multiple"": ""96"", ""min_amt"": ""96"", ""min_amt_multiple"": ""96"", ""monthly_aaum_date"": ""96"", ""monthly_aaum_value"": ""96"", ""mutual_fund_name"": ""96"", ""riskometer"": ""96"", ""riskometer_benchmark"": ""96"", ""scheme_launch_date"": ""96""}"
HDFC Asset Management Company Limited,HDFC Income Plus Arbitrage Active FOF An open ended Fund of Fund,HDFC Mutual Fund,Crisil 10 Year Gilt Index,20251231,"1,868.19Cr",20120206,100,,100,,,"$$ Nil ( ) Mutual Fund Units Cash, Cash E uivalents and Net Current Assets 0. 8 For Product label and Riskometers, refer page no: 115-1 97 | October 2025",,,,,,,,,,,,,,,,,,,,,,,Anil Bamboli,"June 28, 2014",30 Years,,,,,,,,,,"{""amc_name"": ""97"", ""benchmark_index"": ""97"", ""count"": 47, ""fund_manager_managing_fund_since"": ""97"", ""fund_manager_name"": ""97"", ""fund_manager_qualification"": ""97"", ""fund_manager_total_exp"": ""97"", ""load_exit"": ""97"", ""main_scheme_name"": ""97"", ""min_addl_amt"": ""97"", ""min_addl_amt_multiple"": ""97"", ""min_amt"": ""97"", ""min_amt_multiple"": ""97"", ""monthly_aaum_date"": ""97"", ""monthly_aaum_value"": ""97"", ""mutual_fund_name"": ""97"", ""riskometer"": ""97"", ""riskometer_benchmark"": ""97"", ""scheme_launch_date"": ""97""}"
