amc_name,main_scheme_name,mutual_fund_name,benchmark_index,monthly_aaum_date,monthly_aaum_value,scheme_launch_date,min_addl_amt,min_addl_amt_multiple,min_amt,min_amt_multiple,entry,exit,alpha,arithmetic_mean_ratio,average_div_yield,average_pb,average_pe,avg_maturity,beta,correlation_ratio,downside_deviation,information_ratio,macaulay,mod_duration,port_turnover_ratio,r_squared_ratio,roe_ratio,sharpe,sortino_ratio,std_dev,tracking_error,treynor_ratio,upside_deviation,ytm,name_1,managing_fund_since_1,total_exp_1,qualification_1,name_2,managing_fund_since_2,total_exp_2,qualification_2,name_3,managing_fund_since_3,total_exp_3,qualification_3,name_4,managing_fund_since_4,total_exp_4,qualification_4,field_location
Canara Robeco Asset Management Company Limited,CANARA ROBECO LARGE CAP FUND,Canara Robeco Mutual Fund,BSE 100 TRI,20250831,,20100820,100,1,100,1,,,,,,,,,0.9,,,,,,18,0.98,,0.72,,12.36,,,,,Shridatta Bhandwaldar,5-July-16,1 Year,,Vishal Mishra,01-June-21,1 Year,,,,,,,,,,"{""amc_name"": ""14"", ""benchmark_index"": ""14"", ""count"": 24, ""fund_manager_managing_fund_since"": ""14"", ""fund_manager_name"": ""14"", ""fund_manager_qualification"": ""14"", ""fund_manager_total_exp"": ""14"", ""load_exit"": ""14"", ""main_scheme_name"": ""14"", ""metrics_beta"": ""14"", ""metrics_port_turnover_ratio"": ""14"", ""metrics_r_squared_ratio"": ""14"", ""metrics_sharpe"": ""14"", ""metrics_std_dev"": ""14"", ""min_addl_amt"": ""14"", ""min_addl_amt_multiple"": ""14"", ""min_amt"": ""14"", ""min_amt_multiple"": ""14"", ""monthly_aaum_date"": ""14"", ""mutual_fund_name"": ""14"", ""scheme_launch_date"": ""14""}"
Canara Robeco Asset Management Company Limited,CANARA ROBECO MID CAP FUND,Canara Robeco Mutual Fund,BSE 150 Mid Cap TRI,20250831,,20221202,1000,1,5000,1,,,,,,,,,,,,,,,,,,,,,,,,,Pranav Gokhale,06-November-23,23 Years,,Shridatta Bhandwaldar,02 - December - 22,19 Years,,,,,,,,,,"{""amc_name"": ""15"", ""benchmark_index"": ""15"", ""count"": 24, ""fund_manager_managing_fund_since"": ""15"", ""fund_manager_name"": ""15"", ""fund_manager_qualification"": ""15"", ""fund_manager_total_exp"": ""15"", ""load_exit"": ""15"", ""main_scheme_name"": ""15"", ""min_addl_amt"": ""15"", ""min_addl_amt_multiple"": ""15"", ""min_amt"": ""15"", ""min_amt_multiple"": ""15"", ""monthly_aaum_date"": ""15"", ""mutual_fund_name"": ""15"", ""scheme_launch_date"": ""15""}"
Canara Robeco Asset Management Company Limited,CANARA ROBECO SMALL CAP FUND,Canara Robeco Mutual Fund,Nifty Smallcap 250 Index,20250831,,20190215,1000,1,5000,1,,,,,,,,,0.76,,,,,,30,0.94,,0.62,,15.89,,,,,Pranav Gokhale,06-Nov-23,1 Year,,Shridatta Bhandwaldar,01-Oct-19,1 Year,,,,,,,,,,"{""amc_name"": ""16"", ""benchmark_index"": ""16"", ""count"": 24, ""fund_manager_managing_fund_since"": ""16"", ""fund_manager_name"": ""16"", ""fund_manager_qualification"": ""16"", ""fund_manager_total_exp"": ""16"", ""load_exit"": ""16"", ""main_scheme_name"": ""16"", ""metrics_beta"": ""16"", ""metrics_port_turnover_ratio"": ""16"", ""metrics_r_squared_ratio"": ""16"", ""metrics_sharpe"": ""16"", ""metrics_std_dev"": ""16"", ""min_addl_amt"": ""16"", ""min_addl_amt_multiple"": ""16"", ""min_amt"": ""16"", ""min_amt_multiple"": ""16"", ""monthly_aaum_date"": ""16"", ""mutual_fund_name"": ""16"", ""scheme_launch_date"": ""16""}"
Canara Robeco Asset Management Company Limited,CANARA ROBECO LARGE AND MID CAP FUND,Canara Robeco Mutual Fund,NIFTY Large Midcap 250 TRI,20250831,,20050311,1000,1,5000,1,,,,,,,,,0.95,,,,,,40,0.92,,0.72,,14.47,,,,,Amit Nadekar,28-Aug-23,1 Year,,Shridatta Bhandwaldar,01-Oct-19,1 Year,,,,,,,,,,"{""amc_name"": ""17"", ""benchmark_index"": ""17"", ""count"": 24, ""fund_manager_managing_fund_since"": ""17"", ""fund_manager_name"": ""17"", ""fund_manager_qualification"": ""17"", ""fund_manager_total_exp"": ""17"", ""load_exit"": ""17"", ""main_scheme_name"": ""17"", ""metrics_beta"": ""17"", ""metrics_port_turnover_ratio"": ""17"", ""metrics_r_squared_ratio"": ""17"", ""metrics_sharpe"": ""17"", ""metrics_std_dev"": ""17"", ""min_addl_amt"": ""17"", ""min_addl_amt_multiple"": ""17"", ""min_amt"": ""17"", ""min_amt_multiple"": ""17"", ""monthly_aaum_date"": ""17"", ""mutual_fund_name"": ""17"", ""scheme_launch_date"": ""17""}"
Canara Robeco Asset Management Company Limited,CANARA ROBECO MULTI CAP FUND,Canara Robeco Mutual Fund,NIFTY 500 Multicap 50:25:25 Index TRI,20250831,,20230728,100000,100,500000,100,,,,,,,,,,,,,,,,,,,,,,,,,Ful,28-July-2023,19 Years,,Shridatta Bhandwaldar,28-July-2023,21 Years,,Vishal Mishra,,,,,,,,"{""amc_name"": ""18"", ""benchmark_index"": ""18"", ""count"": 24, ""fund_manager_managing_fund_since"": ""18"", ""fund_manager_name"": ""18"", ""fund_manager_qualification"": ""18"", ""fund_manager_total_exp"": ""18"", ""load_exit"": ""18"", ""main_scheme_name"": ""18"", ""min_addl_amt"": ""18"", ""min_addl_amt_multiple"": ""18"", ""min_amt"": ""18"", ""min_amt_multiple"": ""18"", ""monthly_aaum_date"": ""18"", ""mutual_fund_name"": ""18"", ""scheme_launch_date"": ""18""}"
Canara Robeco Asset Management Company Limited,CANARA ROBECO FLEXICAP FUND,Canara Robeco Mutual Fund,BSE 500 TRI,20250831,,20030916,1000,1,5000,1,,,,,,,,,0.91,,,,,,28,0.97,,0.7,,13.2,,,,,Shridatta Bhandwaldar,5-July-16,1 Year,,Pranav Gokhale,6-Nov-23,1 Year,,,,,,,,,,"{""amc_name"": ""19"", ""benchmark_index"": ""19"", ""count"": 24, ""fund_manager_managing_fund_since"": ""19"", ""fund_manager_name"": ""19"", ""fund_manager_qualification"": ""19"", ""fund_manager_total_exp"": ""19"", ""load_exit"": ""19"", ""main_scheme_name"": ""19"", ""metrics_beta"": ""19"", ""metrics_port_turnover_ratio"": ""19"", ""metrics_r_squared_ratio"": ""19"", ""metrics_sharpe"": ""19"", ""metrics_std_dev"": ""19"", ""min_addl_amt"": ""19"", ""min_addl_amt_multiple"": ""19"", ""min_amt"": ""19"", ""min_amt_multiple"": ""19"", ""monthly_aaum_date"": ""19"", ""mutual_fund_name"": ""19"", ""scheme_launch_date"": ""19""}"
Canara Robeco Asset Management Company Limited,CANARA ROBECO FOCUSED FUND,Canara Robeco Mutual Fund,BSE 500 TRI,20250831,,20210517,100000,1,500000,1,,,,,,,,,0.88,,,,,,38,0.93,,0.87,,13.05,,,,,Shridatta Bhandwaldar,17-May-21,19 Years,,Amit Kadam,10-April-24,14 Years,,,,,,,,,,"{""amc_name"": ""20"", ""benchmark_index"": ""20"", ""count"": 24, ""fund_manager_managing_fund_since"": ""20"", ""fund_manager_name"": ""20"", ""fund_manager_qualification"": ""20"", ""fund_manager_total_exp"": ""20"", ""load_exit"": ""20"", ""main_scheme_name"": ""20"", ""metrics_beta"": ""20"", ""metrics_port_turnover_ratio"": ""20"", ""metrics_r_squared_ratio"": ""20"", ""metrics_sharpe"": ""20"", ""metrics_std_dev"": ""20"", ""min_addl_amt"": ""20"", ""min_addl_amt_multiple"": ""20"", ""min_amt"": ""20"", ""min_amt_multiple"": ""20"", ""monthly_aaum_date"": ""20"", ""mutual_fund_name"": ""20"", ""scheme_launch_date"": ""20""}"
Canara Robeco Asset Management Company Limited,CANARA ROBECO ELSS TAX SAVER,Canara Robeco Mutual Fund,BSE 500 TRI,20250831,,19930331,500,1,500,1,,,,,,,,,0.91,,,,,,21,0.97,,0.63,,13.2,,,,,Vishal Mishra,26-June-21,21 Years,,Shridatta Bhandwaldar,01-Oct-19,19 Years,,,,,,,,,,"{""amc_name"": ""21"", ""benchmark_index"": ""21"", ""count"": 24, ""fund_manager_managing_fund_since"": ""21"", ""fund_manager_name"": ""21"", ""fund_manager_qualification"": ""21"", ""fund_manager_total_exp"": ""21"", ""load_exit"": ""21"", ""main_scheme_name"": ""21"", ""metrics_beta"": ""21"", ""metrics_port_turnover_ratio"": ""21"", ""metrics_r_squared_ratio"": ""21"", ""metrics_sharpe"": ""21"", ""metrics_std_dev"": ""21"", ""min_addl_amt"": ""21"", ""min_addl_amt_multiple"": ""21"", ""min_amt"": ""21"", ""min_amt_multiple"": ""21"", ""monthly_aaum_date"": ""21"", ""mutual_fund_name"": ""21"", ""scheme_launch_date"": ""21""}"
Canara Robeco Asset Management Company Limited,CANARA ROBECO CONSUMER TRENDS FUND,Canara Robeco Mutual Fund,BSE 100 TRI,20250831,,20090914,1000,1,5000,1,,,,,,,,,0.86,,,,,,19,0.82,,0.77,,13,,,,,Ennette Fernandes,01-Oct-21,1 Year,,Shridatta Bhandwaldar,01-Oct-19,1 Year,,,,,,,,,,"{""amc_name"": ""22"", ""benchmark_index"": ""22"", ""count"": 24, ""fund_manager_managing_fund_since"": ""22"", ""fund_manager_name"": ""22"", ""fund_manager_qualification"": ""22"", ""fund_manager_total_exp"": ""22"", ""load_exit"": ""22"", ""main_scheme_name"": ""22"", ""metrics_beta"": ""22"", ""metrics_port_turnover_ratio"": ""22"", ""metrics_r_squared_ratio"": ""22"", ""metrics_sharpe"": ""22"", ""metrics_std_dev"": ""22"", ""min_addl_amt"": ""22"", ""min_addl_amt_multiple"": ""22"", ""min_amt"": ""22"", ""min_amt_multiple"": ""22"", ""monthly_aaum_date"": ""22"", ""mutual_fund_name"": ""22"", ""scheme_launch_date"": ""22""}"
Canara Robeco Asset Management Company Limited,CANARA ROBECO MANUFACTURING FUND,Canara Robeco Mutual Fund,Nifty India Manufacturing TRI,20250831,,20240311,,,500000,100,,,,,,,,,,,,,,,,,,,,,,,,,Pranav Gokhale,11- March-2024,23 Years,,Shridatta Bhandwaldar,11- March-2024,19 Years,,,,,,,,,,"{""amc_name"": ""23"", ""benchmark_index"": ""23"", ""count"": 24, ""fund_manager_managing_fund_since"": ""23"", ""fund_manager_name"": ""23"", ""fund_manager_qualification"": ""23"", ""fund_manager_total_exp"": ""23"", ""load_exit"": ""23"", ""main_scheme_name"": ""23"", ""min_amt"": ""23"", ""min_amt_multiple"": ""23"", ""monthly_aaum_date"": ""23"", ""mutual_fund_name"": ""23"", ""scheme_launch_date"": ""23""}"
Canara Robeco Asset Management Company Limited,CANARA ROBECO INFRASTRUCTURE FUND,Canara Robeco Mutual Fund,BSE India Infrastructure TRI,20250831,,20051202,1000,1,5000,1,,,,,,,,,0.64,,,,,,27,0.68,,0.96,,18.07,,,,,Vishal Mishra,26-June-21,21 Years,,Shridatta Bhandwaldar,29-Sept-18,19 Years,,,,,,,,,,"{""amc_name"": ""24"", ""benchmark_index"": ""24"", ""count"": 24, ""fund_manager_managing_fund_since"": ""24"", ""fund_manager_name"": ""24"", ""fund_manager_qualification"": ""24"", ""fund_manager_total_exp"": ""24"", ""load_exit"": ""24"", ""main_scheme_name"": ""24"", ""metrics_beta"": ""24"", ""metrics_port_turnover_ratio"": ""24"", ""metrics_r_squared_ratio"": ""24"", ""metrics_sharpe"": ""24"", ""metrics_std_dev"": ""24"", ""min_addl_amt"": ""24"", ""min_addl_amt_multiple"": ""24"", ""min_amt"": ""24"", ""min_amt_multiple"": ""24"", ""monthly_aaum_date"": ""24"", ""mutual_fund_name"": ""24"", ""scheme_launch_date"": ""24""}"
Canara Robeco Asset Management Company Limited,CANARA ROBECO VALUE FUND,Canara Robeco Mutual Fund,BSE 500 TRI,20250831,,20210903,100000,100,500000,100,,,,,,,,,0.94,,,,,,24,0.95,,0.83,,13.78,,,,,Vishal Mishra,03-September -21,21 Years,,Silky Jain,01-October -21,14 Years,,,,,,,,,,"{""amc_name"": ""25"", ""benchmark_index"": ""25"", ""count"": 24, ""fund_manager_managing_fund_since"": ""25"", ""fund_manager_name"": ""25"", ""fund_manager_qualification"": ""25"", ""fund_manager_total_exp"": ""25"", ""load_exit"": ""25"", ""main_scheme_name"": ""25"", ""metrics_beta"": ""25"", ""metrics_port_turnover_ratio"": ""25"", ""metrics_r_squared_ratio"": ""25"", ""metrics_sharpe"": ""25"", ""metrics_std_dev"": ""25"", ""min_addl_amt"": ""25"", ""min_addl_amt_multiple"": ""25"", ""min_amt"": ""25"", ""min_amt_multiple"": ""25"", ""monthly_aaum_date"": ""25"", ""mutual_fund_name"": ""25"", ""scheme_launch_date"": ""25""}"
Canara Robeco Asset Management Company Limited,CANARA ROBECO OVERNIGHT FUND,Canara Robeco Mutual Fund,CRISIL Liquid Overnight Index,20250831,,20190724,1000,100,500000,100,,,,,,,,0.01,,,,,0.01,0.01,,,,,,,,,,5.37,Suman Prasad,24-July-19,27 Years,,,,,,,,,,,,,,"{""amc_name"": ""26"", ""benchmark_index"": ""26"", ""count"": 24, ""fund_manager_managing_fund_since"": ""26"", ""fund_manager_name"": ""26"", ""fund_manager_qualification"": ""26"", ""fund_manager_total_exp"": ""26"", ""load_exit"": ""26"", ""main_scheme_name"": ""26"", ""metrics_avg_maturity"": ""26"", ""metrics_macaulay"": ""26"", ""metrics_mod_duration"": ""26"", ""metrics_ytm"": ""26"", ""min_addl_amt"": ""26"", ""min_addl_amt_multiple"": ""26"", ""min_amt"": ""26"", ""min_amt_multiple"": ""26"", ""monthly_aaum_date"": ""26"", ""mutual_fund_name"": ""26"", ""scheme_launch_date"": ""26""}"
Canara Robeco Asset Management Company Limited,CANARA ROBECO LIQUID FUND,Canara Robeco Mutual Fund,CRISIL Liquid Debt A-I Index,20250831,,20020115,1000,1,5000,1,,,,,,,,0.9,,,,,0.9,0.9,,,,,,,,,,5.82,Kunal Jain,18-July-22,17 Years,,Avnish Jain,01-April-22,30 Years,,,,,,,,,,"{""amc_name"": ""27"", ""benchmark_index"": ""27"", ""count"": 24, ""fund_manager_managing_fund_since"": ""27"", ""fund_manager_name"": ""27"", ""fund_manager_qualification"": ""27"", ""fund_manager_total_exp"": ""27"", ""load_exit"": ""27"", ""main_scheme_name"": ""27"", ""metrics_avg_maturity"": ""27"", ""metrics_macaulay"": ""27"", ""metrics_mod_duration"": ""27"", ""metrics_ytm"": ""27"", ""min_addl_amt"": ""27"", ""min_addl_amt_multiple"": ""27"", ""min_amt"": ""27"", ""min_amt_multiple"": ""27"", ""monthly_aaum_date"": ""27"", ""mutual_fund_name"": ""27"", ""scheme_launch_date"": ""27""}"
Canara Robeco Asset Management Company Limited,CANARA ROBECO ULTRA SHORT TERM FUND,Canara Robeco Mutual Fund,CRISIL Ultra Short Duration Debt A-I Index,20250831,,20030916,500,1,500,1,,,,,,,,0.43,,,,,0.37,0.35,,,,,,,,,,6.1,Kunal Jain,16-Sept.-24,17 Years,,Avnish Jain,01-April-22,30 Years,,,,,,,,,,"{""amc_name"": ""28"", ""benchmark_index"": ""28"", ""count"": 24, ""fund_manager_managing_fund_since"": ""28"", ""fund_manager_name"": ""28"", ""fund_manager_qualification"": ""28"", ""fund_manager_total_exp"": ""28"", ""load_exit"": ""28"", ""main_scheme_name"": ""28"", ""metrics_avg_maturity"": ""28"", ""metrics_macaulay"": ""28"", ""metrics_mod_duration"": ""28"", ""metrics_ytm"": ""28"", ""min_addl_amt"": ""28"", ""min_addl_amt_multiple"": ""28"", ""min_amt"": ""28"", ""min_amt_multiple"": ""28"", ""monthly_aaum_date"": ""28"", ""mutual_fund_name"": ""28"", ""scheme_launch_date"": ""28""}"
Canara Robeco Asset Management Company Limited,CANARA ROBECO SAVINGS FUND,Canara Robeco Mutual Fund,CRISIL Low Duration Debt A-I Index,20250831,,20050304,1000,1,5000,1,,,,,,,,1.04,,,,,0.98,0.92,,,,,,,,,,6.35,Kunal Jain,18-July-22,17 Years,,Avnish Jain,01-April-22,30 Years,,,,,,,,,,"{""amc_name"": ""29"", ""benchmark_index"": ""29"", ""count"": 24, ""fund_manager_managing_fund_since"": ""29"", ""fund_manager_name"": ""29"", ""fund_manager_qualification"": ""29"", ""fund_manager_total_exp"": ""29"", ""load_exit"": ""29"", ""main_scheme_name"": ""29"", ""metrics_avg_maturity"": ""29"", ""metrics_macaulay"": ""29"", ""metrics_mod_duration"": ""29"", ""metrics_ytm"": ""29"", ""min_addl_amt"": ""29"", ""min_addl_amt_multiple"": ""29"", ""min_amt"": ""29"", ""min_amt_multiple"": ""29"", ""monthly_aaum_date"": ""29"", ""mutual_fund_name"": ""29"", ""scheme_launch_date"": ""29""}"
Canara Robeco Asset Management Company Limited,CANARA ROBECO SHORT DURATION FUND,Canara Robeco Mutual Fund,CRISIL Short Duration Debt A-II Index,20250831,,20110425,1000,1,5000,1,,,,,,,,2.81,,,,,2.44,2.31,,,,,,,,,,6.67,Suman Prasad,16-Sep-12,27 Years,,Avnish Jain,18-July-22,30 Years,,,,,,,,,,"{""amc_name"": ""30"", ""benchmark_index"": ""30"", ""count"": 24, ""fund_manager_managing_fund_since"": ""30"", ""fund_manager_name"": ""30"", ""fund_manager_qualification"": ""30"", ""fund_manager_total_exp"": ""30"", ""load_exit"": ""30"", ""main_scheme_name"": ""30"", ""metrics_avg_maturity"": ""30"", ""metrics_macaulay"": ""30"", ""metrics_mod_duration"": ""30"", ""metrics_ytm"": ""30"", ""min_addl_amt"": ""30"", ""min_addl_amt_multiple"": ""30"", ""min_amt"": ""30"", ""min_amt_multiple"": ""30"", ""monthly_aaum_date"": ""30"", ""mutual_fund_name"": ""30"", ""scheme_launch_date"": ""30""}"
Canara Robeco Asset Management Company Limited,CANARA ROBECO INCOME FUND,Canara Robeco Mutual Fund,CRISIL Medium to Long Duration Debt A-III Index,20250831,,20020919,1000,1,5000,1,,,,,,,,8.29,,,,,4.3,4.14,,,,,,,,,,6.77,Avnish Jain,25-June-14,30 Years,,Kunal Jain,18-July-22,17 Years,,,,,,,,,,"{""amc_name"": ""31"", ""benchmark_index"": ""31"", ""count"": 24, ""fund_manager_managing_fund_since"": ""31"", ""fund_manager_name"": ""31"", ""fund_manager_qualification"": ""31"", ""fund_manager_total_exp"": ""31"", ""load_exit"": ""31"", ""main_scheme_name"": ""31"", ""metrics_avg_maturity"": ""31"", ""metrics_macaulay"": ""31"", ""metrics_mod_duration"": ""31"", ""metrics_ytm"": ""31"", ""min_addl_amt"": ""31"", ""min_addl_amt_multiple"": ""31"", ""min_amt"": ""31"", ""min_amt_multiple"": ""31"", ""monthly_aaum_date"": ""31"", ""mutual_fund_name"": ""31"", ""scheme_launch_date"": ""31""}"
Canara Robeco Asset Management Company Limited,CANARA ROBECO DYNAMIC BOND FUND,Canara Robeco Mutual Fund,CRISIL Dynamic Bond A-III Index,20250831,,20090529,1000,1,,,,,,,,,,15.58,,,,,7.76,7.44,,,,,,,,,,6.94,Kunal Jain,18-July-22,17 Years,,Avnish Jain,01-April-22,30 Years,,,,,,,,,,"{""amc_name"": ""32"", ""benchmark_index"": ""32"", ""count"": 24, ""fund_manager_managing_fund_since"": ""32"", ""fund_manager_name"": ""32"", ""fund_manager_qualification"": ""32"", ""fund_manager_total_exp"": ""32"", ""load_exit"": ""32"", ""main_scheme_name"": ""32"", ""metrics_avg_maturity"": ""32"", ""metrics_macaulay"": ""32"", ""metrics_mod_duration"": ""32"", ""metrics_ytm"": ""32"", ""min_addl_amt"": ""32"", ""min_addl_amt_multiple"": ""32"", ""monthly_aaum_date"": ""32"", ""mutual_fund_name"": ""32"", ""scheme_launch_date"": ""32""}"
Canara Robeco Asset Management Company Limited,CANARA ROBECO CORPORATE BOND FUND,Canara Robeco Mutual Fund,CRISIL Corporate Debt A-II Index,20250831,,20140207,1000,1,5000,1,,,,,,,,4.33,,,,,3.46,3.28,,,,,,,,,,6.74,Avnish Jain,07-Feb-14,30 Years,,Suman Prasad,18-July-22,27 Years,,,,,,,,,,"{""amc_name"": ""33"", ""benchmark_index"": ""33"", ""count"": 24, ""fund_manager_managing_fund_since"": ""33"", ""fund_manager_name"": ""33"", ""fund_manager_qualification"": ""33"", ""fund_manager_total_exp"": ""33"", ""load_exit"": ""33"", ""main_scheme_name"": ""33"", ""metrics_avg_maturity"": ""33"", ""metrics_macaulay"": ""33"", ""metrics_mod_duration"": ""33"", ""metrics_ytm"": ""33"", ""min_addl_amt"": ""33"", ""min_addl_amt_multiple"": ""33"", ""min_amt"": ""33"", ""min_amt_multiple"": ""33"", ""monthly_aaum_date"": ""33"", ""mutual_fund_name"": ""33"", ""scheme_launch_date"": ""33""}"
Canara Robeco Asset Management Company Limited,CANARA ROBECO GILT FUND,Canara Robeco Mutual Fund,CRISIL Dynamic Gilt Index,20250831,,19991229,1000,1,5000,1,,,,,,,,20.04,,,,,9.3,8.91,,,,,,,,,,7,Kunal Jain,18-July-22,17 Years,,Avnish Jain,01-April-22,30 Years,,,,,,,,,,"{""amc_name"": ""34"", ""benchmark_index"": ""34"", ""count"": 24, ""fund_manager_managing_fund_since"": ""34"", ""fund_manager_name"": ""34"", ""fund_manager_qualification"": ""34"", ""fund_manager_total_exp"": ""34"", ""load_exit"": ""34"", ""main_scheme_name"": ""34"", ""metrics_avg_maturity"": ""34"", ""metrics_macaulay"": ""34"", ""metrics_mod_duration"": ""34"", ""metrics_ytm"": ""34"", ""min_addl_amt"": ""34"", ""min_addl_amt_multiple"": ""34"", ""min_amt"": ""34"", ""min_amt_multiple"": ""34"", ""monthly_aaum_date"": ""34"", ""mutual_fund_name"": ""34"", ""scheme_launch_date"": ""34""}"
Canara Robeco Asset Management Company Limited,CANARA ROBECO BANKING AND PSU DEBT FUND,Canara Robeco Mutual Fund,CRISIL Banking and PSU Debt A-II Index,20250831,,20220822,1000,1,5000,1,,,,,,,,3.53,,,,,2.96,2.81,,,,,,,,,,6.6,Suman Prasad,16-Sept-24,27 Years,,Avnish Jain,22-August-22,30 Years,,,,,,,,,,"{""amc_name"": ""35"", ""benchmark_index"": ""35"", ""count"": 24, ""fund_manager_managing_fund_since"": ""35"", ""fund_manager_name"": ""35"", ""fund_manager_qualification"": ""35"", ""fund_manager_total_exp"": ""35"", ""load_exit"": ""35"", ""main_scheme_name"": ""35"", ""metrics_avg_maturity"": ""35"", ""metrics_macaulay"": ""35"", ""metrics_mod_duration"": ""35"", ""metrics_ytm"": ""35"", ""min_addl_amt"": ""35"", ""min_addl_amt_multiple"": ""35"", ""min_amt"": ""35"", ""min_amt_multiple"": ""35"", ""monthly_aaum_date"": ""35"", ""mutual_fund_name"": ""35"", ""scheme_launch_date"": ""35""}"
Canara Robeco Asset Management Company Limited,CANARA ROBECO CONSERVATIVE HYBRID FUND,Canara Robeco Mutual Fund,CRISIL Hybrid 85+15-Conservative Index,20250831,,19880424,1000,1,5000,1,,,,,,,,,,,,,,,,,,,,,,,,,Avnish Jain,7-Oct-13,1 Year,,Amit Kadam,10-April-24,1 Year,,,,,,,,,,"{""amc_name"": ""36"", ""benchmark_index"": ""36"", ""count"": 24, ""fund_manager_managing_fund_since"": ""36"", ""fund_manager_name"": ""36"", ""fund_manager_qualification"": ""36"", ""fund_manager_total_exp"": ""36"", ""load_exit"": ""36"", ""main_scheme_name"": ""36"", ""min_addl_amt"": ""36"", ""min_addl_amt_multiple"": ""36"", ""min_amt"": ""36"", ""min_amt_multiple"": ""36"", ""monthly_aaum_date"": ""36"", ""mutual_fund_name"": ""36"", ""scheme_launch_date"": ""36""}"
Canara Robeco Asset Management Company Limited,CANARA ROBECO BALANCED ADVANTAGE FUND,Canara Robeco Mutual Fund,CRISIL Hybrid 50+50 Moderate Index,20250831,,20240802,1000,1,5000,1,,,,,,,,3.87,,,,,2.69,2.56,,,,,,,,,,6.39,Ennette Fernandes,02-Aug-24,15 Years,,Pranav Gokhale,05-May-25,23 Years,,Suman Prasad,02-Aug-24,27 Years,,Amit Kadam,02-Aug-24,14 Years,,"{""amc_name"": ""38"", ""benchmark_index"": ""38"", ""count"": 24, ""fund_manager_managing_fund_since"": ""38"", ""fund_manager_name"": ""38"", ""fund_manager_qualification"": ""38"", ""fund_manager_total_exp"": ""38"", ""load_exit"": ""38"", ""main_scheme_name"": ""38"", ""metrics_avg_maturity"": ""38"", ""metrics_macaulay"": ""38"", ""metrics_mod_duration"": ""38"", ""metrics_ytm"": ""38"", ""min_addl_amt"": ""38"", ""min_addl_amt_multiple"": ""38"", ""min_amt"": ""38"", ""min_amt_multiple"": ""38"", ""monthly_aaum_date"": ""38"", ""mutual_fund_name"": ""38"", ""scheme_launch_date"": ""38""}"
