{
    "Helios Flexi Cap Fund": {
        "amc_name": "Helios Capital Asset Management (India) Private Limited",
        "benchmark_index": "NIFTY 500 Total Return Index(TRI)",
        "fund_manager": [
            {
                "managing_fund_since": "Inception",
                "name": "Alok Bahl",
                "qualification": "",
                "total_exp": "32 Years"
            },
            {
                "managing_fund_since": "April 20, 2024",
                "name": "Pratik Singh",
                "qualification": "",
                "total_exp": "10 Years"
            }
        ],
        "load": {
            "entry_load": "NA",
            "exit_load": "(i) If units redeemed or switched out are upto 10 (limit) of the units purchased or switched in within 3 months from the date of allotment  Nil (ii) If units redeemed or switched out are over and above the limit within 3 months from the date of allotment  1 of the applicable NAV (iii) If redeemedswitched out after 3 months from the date of allotment  Nil"
        },
        "main_scheme_name": "Helios Flexi Cap Fund",
        "metrics": {
            "alpha": null,
            "arithmetic_mean_ratio": null,
            "average_div_yld": null,
            "average_pb": null,
            "average_pe": null,
            "avg_maturity": null,
            "beta": null,
            "correlation_ratio": null,
            "downside_deviation": null,
            "information_ratio": null,
            "macaulay": null,
            "mod_duration": null,
            "port_turnover_ratio": "0.58",
            "r_squared_ratio": null,
            "roe_ratio": null,
            "sharpe": null,
            "sortino_ratio": null,
            "std_dev": null,
            "tracking_error": null,
            "treynor_ratio": null,
            "upside_deviation": null,
            "ytm": null
        },
        "min_addl_amt": "\u20b9 1,000",
        "min_addl_amt_multiple": "\u20b9 1",
        "min_amt": "\u20b9 5,000",
        "min_amt_multiple": "\u20b9 1",
        "monthly_aaum_date": "30-04-2025",
        "monthly_aaum_value": "\u20b9 2,542.60",
        "mutual_fund_name": "Helios Mutual Fund",
        "page_number": [
            2
        ],
        "portfolio_turnover_timesequity_turnover": "0.58",
        "scheme_launch_date": "13th Novemb er 2023"
    },
    "Helios Financial Services Fund": {
        "amc_name": "Helios Capital Asset Management (India) Private Limited",
        "benchmark_index": "NIFTY Financial Services Total Return Index(TRI)",
        "fund_manager": [
            {
                "managing_fund_since": "Inception",
                "name": "Alok Bahl",
                "qualification": "",
                "total_exp": "32 Years"
            },
            {
                "managing_fund_since": "Inception",
                "name": "Pratik Singh",
                "qualification": "",
                "total_exp": "10 Years"
            }
        ],
        "load": {
            "entry_load": "NA",
            "exit_load": "(i) If units redeemed or switched out are upto 10 (limit) of the units purchased or switched in within 3 months from the date of allotment  Nil (ii) If units redeemed or switched out are over and above the limit within 3 months from the date of allotment  1 of the applicable NAV (iii) If redeemedswitched out after 3 months from the date of allotment  Nil"
        },
        "main_scheme_name": "Helios Financial Services Fund",
        "metrics": {
            "alpha": null,
            "arithmetic_mean_ratio": null,
            "average_div_yld": null,
            "average_pb": null,
            "average_pe": null,
            "avg_maturity": null,
            "beta": null,
            "correlation_ratio": null,
            "downside_deviation": null,
            "information_ratio": null,
            "macaulay": null,
            "mod_duration": null,
            "port_turnover_ratio": "0.38",
            "r_squared_ratio": null,
            "roe_ratio": null,
            "sharpe": null,
            "sortino_ratio": null,
            "std_dev": null,
            "tracking_error": null,
            "treynor_ratio": null,
            "upside_deviation": null,
            "ytm": null
        },
        "min_addl_amt": "\u20b9 1,000",
        "min_addl_amt_multiple": "\u20b9 1",
        "min_amt": "\u20b9 5,000",
        "min_amt_multiple": "\u20b9 1",
        "monthly_aaum_date": "30-04-2025",
        "monthly_aaum_value": "\u20b9 146.46",
        "mutual_fund_name": "Helios Mutual Fund",
        "page_number": [
            4
        ],
        "portfolio_turnover_timesequity_turnover": "0.38",
        "scheme_launch_date": "24th June 2024"
    },
    "Helios Large & Mid Cap Fund": {
        "amc_name": "Helios Capital Asset Management (India) Private Limited",
        "benchmark_index": "NIFTY Large Midcap 250 Total Return Index (TRI)",
        "fund_manager": [
            {
                "managing_fund_since": "Inception",
                "name": "Alok Bahl",
                "qualification": "",
                "total_exp": "32 Years"
            },
            {
                "managing_fund_since": "Inception",
                "name": "Pratik Singh",
                "qualification": "",
                "total_exp": "10 Years"
            }
        ],
        "load": {
            "entry_load": "NA",
            "exit_load": "i) If units redeemed or switched out are upto 10 (limit) of the units purchased or switched in within 3 months from the date of allotment  Nil (ii) If units redeemed or switched out are over and above the limit within 3 months from thedate of allotment  1 of the applicable NAV (iii) If redeemedswitched out after 3 months from the date of allotment  Nil"
        },
        "main_scheme_name": "Helios Large & Mid Cap Fund",
        "metrics": {
            "alpha": null,
            "arithmetic_mean_ratio": null,
            "average_div_yld": null,
            "average_pb": null,
            "average_pe": null,
            "avg_maturity": null,
            "beta": null,
            "correlation_ratio": null,
            "downside_deviation": null,
            "information_ratio": null,
            "macaulay": null,
            "mod_duration": null,
            "port_turnover_ratio": "0.03",
            "r_squared_ratio": null,
            "roe_ratio": null,
            "sharpe": null,
            "sortino_ratio": null,
            "std_dev": null,
            "tracking_error": null,
            "treynor_ratio": null,
            "upside_deviation": null,
            "ytm": null
        },
        "min_addl_amt": "\u20b9 1,000",
        "min_addl_amt_multiple": "\u20b9 1",
        "min_amt": "\u20b9 5,000",
        "min_amt_multiple": "\u20b9 1",
        "monthly_aaum_date": "30-04-2025",
        "monthly_aaum_value": "\u20b9 240.82",
        "mutual_fund_name": "Helios Mutual Fund",
        "page_number": [
            6
        ],
        "portfolio_turnover_timesequity_turnover": "0.03",
        "scheme_launch_date": "30th October 2024"
    },
    "Helios Balanced Advantage Fund": {
        "amc_name": "Helios Capital Asset Management (India) Private Limited",
        "benchmark_index": "CRISIL Hybrid 5050  Moderate Total Return Index (TRI)",
        "fund_manager": [
            {
                "managing_fund_since": "Inception",
                "name": "Alok Bahl",
                "qualification": "",
                "total_exp": "32 Years"
            },
            {
                "managing_fund_since": "Inception",
                "name": "Pratik Singh",
                "qualification": "",
                "total_exp": "10 Years"
            },
            {
                "managing_fund_since": "Inception",
                "name": "Utssav Modi",
                "qualification": "",
                "total_exp": "11 Years"
            }
        ],
        "load": {
            "entry_load": "NA",
            "exit_load": "(i) If units redeemed or switched out are upto 10 (limit) of the units purchased or switched in within 3 months from the date of allotment  Nil (ii) If units redeemed or switched out are over and above the limit within 3 months from the date of allotment  1 of the applicable NAV (iii) If units are redeemedswitched out after 3 months from the date of allotment  Nil"
        },
        "main_scheme_name": "Helios Balanced Advantage Fund",
        "metrics": {
            "alpha": null,
            "arithmetic_mean_ratio": null,
            "average_div_yld": null,
            "average_pb": null,
            "average_pe": null,
            "avg_maturity": null,
            "beta": null,
            "correlation_ratio": null,
            "downside_deviation": null,
            "information_ratio": null,
            "macaulay": null,
            "mod_duration": null,
            "port_turnover_ratio": "3.56",
            "r_squared_ratio": null,
            "roe_ratio": null,
            "sharpe": null,
            "sortino_ratio": null,
            "std_dev": null,
            "tracking_error": null,
            "treynor_ratio": null,
            "upside_deviation": null,
            "ytm": null
        },
        "min_addl_amt": "\u20b9 1,000",
        "min_addl_amt_multiple": "\u20b9 1",
        "min_amt": "\u20b9 5,000",
        "min_amt_multiple": "\u20b9 1",
        "monthly_aaum_date": "30-04-2025",
        "monthly_aaum_value": "\u20b9 278.69",
        "mutual_fund_name": "Helios Mutual Fund",
        "page_number": [
            8
        ],
        "portfolio_turnover_timesequity_turnover": "0.49",
        "scheme_launch_date": "27th March 2024"
    },
    "Helios Overnight Fund": {
        "amc_name": "Helios Capital Asset Management (India) Private Limited",
        "benchmark_index": "CRISIL Liquid Overnight Index",
        "fund_manager": [
            {
                "managing_fund_since": "Inception",
                "name": "Alok Bahl",
                "qualification": "",
                "total_exp": "32 Years"
            },
            {
                "managing_fund_since": "Inception",
                "name": "Utssav Modi",
                "qualification": "",
                "total_exp": "11 Years"
            }
        ],
        "load": {
            "entry_load": "NA",
            "exit_load": "NIL"
        },
        "main_scheme_name": "Helios Overnight Fund",
        "metrics": {
            "alpha": null,
            "arithmetic_mean_ratio": null,
            "average_div_yld": null,
            "average_pb": null,
            "average_pe": null,
            "avg_maturity": "1 day",
            "beta": null,
            "correlation_ratio": null,
            "downside_deviation": null,
            "information_ratio": null,
            "macaulay": "1 day",
            "mod_duration": "1 day",
            "port_turnover_ratio": null,
            "r_squared_ratio": null,
            "roe_ratio": null,
            "sharpe": null,
            "sortino_ratio": null,
            "std_dev": null,
            "tracking_error": null,
            "treynor_ratio": null,
            "upside_deviation": null,
            "ytm": "6.60"
        },
        "min_addl_amt": "\u20b9 1,000",
        "min_addl_amt_multiple": "\u20b9 1",
        "min_amt": "\u20b9 5,000",
        "min_amt_multiple": "\u20b9 1",
        "monthly_aaum_date": "30-04-2025",
        "monthly_aaum_value": "\u20b9 145.35",
        "mutual_fund_name": "Helios Mutual Fund",
        "page_number": [
            10
        ],
        "scheme_launch_date": "25th October 2023"
    }
}