{
    "JM ELSS Tax Saver Fund": {
        "amc_name": "JM Financial Asset Management Limited",
        "benchmark_index": "BSE 500 TRI Additional Benchmark Index Nifty 50 TRI",
        "fund_manager": [
            {
                "managing_fund_since": "",
                "name": "Chaitanya Choksi",
                "qualification": "",
                "total_exp": "21 Years"
            },
            {
                "managing_fund_since": "",
                "name": "Asit Bhandarkar",
                "qualification": "",
                "total_exp": "20 Years"
            },
            {
                "managing_fund_since": "",
                "name": "Ruchi Fozdar",
                "qualification": "",
                "total_exp": "10 Years"
            }
        ],
        "load": {
            "entry_load": null,
            "exit_load": "NIL"
        },
        "main_scheme_name": "JM ELSS Tax Saver Fund",
        "metrics": {
            "alpha": null,
            "arithmetic_mean_ratio": null,
            "average_div_yld": null,
            "average_pb": null,
            "average_pe": null,
            "avg_maturity": null,
            "beta": "0.94",
            "correlation_ratio": null,
            "downside_deviation": null,
            "information_ratio": null,
            "macaulay": null,
            "mod_duration": null,
            "port_turnover_ratio": "1.003",
            "r_squared_ratio": null,
            "roe_ratio": null,
            "sharpe": "0.55",
            "sortino_ratio": null,
            "std_dev": "14.9",
            "tracking_error": null,
            "treynor_ratio": null,
            "upside_deviation": null,
            "ytm": null
        },
        "min_addl_amt": "\u20b9 500",
        "min_addl_amt_multiple": "\u20b9 50",
        "min_amt": "\u20b9 500",
        "min_amt_multiple": "\u20b9 500",
        "monthly_aaum_date": "30-04-2025",
        "monthly_aaum_value": "\u20b9 181.80 Crore",
        "mutual_fund_name": "JM Financial Mutual Fund",
        "page_number": [
            18
        ],
        "scheme_launch_date": "31st March, 20"
    },
    "JM Flexicap Fund": {
        "amc_name": "JM Financial Asset Management Limited",
        "benchmark_index": "BSE 500 TRI Additional Benchmark Index Nifty 50 TRI",
        "fund_manager": [
            {
                "managing_fund_since": "",
                "name": "Asit Bhandarkar",
                "qualification": "",
                "total_exp": "20 Years"
            },
            {
                "managing_fund_since": "",
                "name": "Chaitanya Choksi",
                "qualification": "",
                "total_exp": "21 Years"
            },
            {
                "managing_fund_since": "",
                "name": "Ruchi Fozdar",
                "qualification": "",
                "total_exp": "10 Years"
            }
        ],
        "load": {
            "entry_load": null,
            "exit_load": "If the units are redeemedswitched out on or be date of allotment  1.00.  \t If the units are redeemed  switched out after 3 of allotment  Nil."
        },
        "main_scheme_name": "JM Flexicap Fund",
        "metrics": {
            "alpha": null,
            "arithmetic_mean_ratio": null,
            "average_div_yld": null,
            "average_pb": null,
            "average_pe": null,
            "avg_maturity": null,
            "beta": "0.91",
            "correlation_ratio": null,
            "downside_deviation": null,
            "information_ratio": null,
            "macaulay": null,
            "mod_duration": null,
            "port_turnover_ratio": "1.2085",
            "r_squared_ratio": null,
            "roe_ratio": null,
            "sharpe": "0.55",
            "sortino_ratio": null,
            "std_dev": "14.62",
            "tracking_error": null,
            "treynor_ratio": null,
            "upside_deviation": null,
            "ytm": null
        },
        "min_addl_amt": "\u20b9 100",
        "min_addl_amt_multiple": "\u20b9 1",
        "min_amt": "\u20b9 1000",
        "min_amt_multiple": "\u20b9 1",
        "monthly_aaum_date": "30-04-2025",
        "monthly_aaum_value": "\u20b9 5,244.25 Crore",
        "mutual_fund_name": "JM Financial Mutual Fund",
        "page_number": [
            19
        ],
        "scheme_launch_date": "23rd September, 20"
    },
    "JM Midcap Fund": {
        "amc_name": "JM Financial Asset Management Limited",
        "benchmark_index": "Nifty Midcap 150 TRI Additional Benchmark Index Nifty 50 TRI",
        "fund_manager": [
            {
                "managing_fund_since": "",
                "name": "Asit Bhandarkar",
                "qualification": "",
                "total_exp": "20 Years"
            },
            {
                "managing_fund_since": "",
                "name": "Ruchi Fozdar",
                "qualification": "",
                "total_exp": "10 Years"
            }
        ],
        "load": {
            "entry_load": null,
            "exit_load": "If the units are redeemedswitched out on or b date of allotment  1.00. \t If the units are redeemedswitched out after 1 of allotment  Nil."
        },
        "main_scheme_name": "JM Midcap Fund",
        "metrics": {
            "alpha": null,
            "arithmetic_mean_ratio": null,
            "average_div_yld": null,
            "average_pb": null,
            "average_pe": null,
            "avg_maturity": null,
            "beta": null,
            "correlation_ratio": null,
            "downside_deviation": null,
            "information_ratio": null,
            "macaulay": null,
            "mod_duration": null,
            "port_turnover_ratio": "1.6018",
            "r_squared_ratio": null,
            "roe_ratio": null,
            "sharpe": null,
            "sortino_ratio": null,
            "std_dev": null,
            "tracking_error": null,
            "treynor_ratio": null,
            "upside_deviation": null,
            "ytm": null
        },
        "min_addl_amt": "\u20b9 100",
        "min_addl_amt_multiple": "\u20b9 1",
        "min_amt": "\u20b9 1000",
        "min_amt_multiple": "\u20b9 1",
        "monthly_aaum_date": "30-04-2025",
        "monthly_aaum_value": "\u20b9 1,359.57 Crore",
        "mutual_fund_name": "JM Financial Mutual Fund",
        "page_number": [
            20
        ],
        "scheme_launch_date": "21st November, 2"
    },
    "JM Small Cap Fund": {
        "amc_name": "JM Financial Asset Management Limited",
        "benchmark_index": "Nifty Smallcap 250 TRI Additional Benchmark Index Nifty 50 TRI",
        "fund_manager": [
            {
                "managing_fund_since": "",
                "name": "Asit Bhandarkar",
                "qualification": "",
                "total_exp": "20 Years"
            },
            {
                "managing_fund_since": "",
                "name": "Chaitanya Choksi",
                "qualification": "",
                "total_exp": "21 Years"
            },
            {
                "managing_fund_since": "",
                "name": "Ruchi Fozdar",
                "qualification": "",
                "total_exp": "10 Years"
            }
        ],
        "load": {
            "entry_load": null,
            "exit_load": "If the units are redeemedswitched out on or be date of allotment  1.00.  \t If the units are redeemed  switched out after 1 of allotment  Nil."
        },
        "main_scheme_name": "JM Small Cap Fund",
        "metrics": {
            "alpha": null,
            "arithmetic_mean_ratio": null,
            "average_div_yld": null,
            "average_pb": null,
            "average_pe": null,
            "avg_maturity": null,
            "beta": null,
            "correlation_ratio": null,
            "downside_deviation": null,
            "information_ratio": null,
            "macaulay": null,
            "mod_duration": null,
            "port_turnover_ratio": null,
            "r_squared_ratio": null,
            "roe_ratio": null,
            "sharpe": null,
            "sortino_ratio": null,
            "std_dev": null,
            "tracking_error": null,
            "treynor_ratio": null,
            "upside_deviation": null,
            "ytm": null
        },
        "min_addl_amt": "\u20b9 100",
        "min_addl_amt_multiple": "\u20b9 1",
        "min_amt": "\u20b9 1000",
        "min_amt_multiple": "\u20b9 1",
        "monthly_aaum_date": "30-04-2025",
        "monthly_aaum_value": "\u20b9 607.94 Crore",
        "mutual_fund_name": "JM Financial Mutual Fund",
        "page_number": [
            21
        ],
        "scheme_launch_date": "18th June, 202"
    },
    "JM Large Cap Fund": {
        "amc_name": "JM Financial Asset Management Limited",
        "benchmark_index": "BSE 100 TRI Additional Benchmark Index Nifty 50 TRI",
        "fund_manager": [
            {
                "managing_fund_since": "",
                "name": "Asit Bhandarkar",
                "qualification": "",
                "total_exp": "20 Years"
            },
            {
                "managing_fund_since": "",
                "name": "Deepak Gupta",
                "qualification": "",
                "total_exp": "21 Years"
            },
            {
                "managing_fund_since": "",
                "name": "Ruchi Fozdar",
                "qualification": "",
                "total_exp": "10 Years"
            }
        ],
        "load": {
            "entry_load": null,
            "exit_load": "If the units are redeemedswitched out on or b date of allotment  1.00.  \t If the units are redeemed  switched out after of allotment  Nil."
        },
        "main_scheme_name": "JM Large Cap Fund",
        "metrics": {
            "alpha": null,
            "arithmetic_mean_ratio": null,
            "average_div_yld": null,
            "average_pb": null,
            "average_pe": null,
            "avg_maturity": null,
            "beta": "0.90",
            "correlation_ratio": null,
            "downside_deviation": null,
            "information_ratio": null,
            "macaulay": null,
            "mod_duration": null,
            "port_turnover_ratio": "2.7734",
            "r_squared_ratio": null,
            "roe_ratio": null,
            "sharpe": "0.48",
            "sortino_ratio": null,
            "std_dev": "13.4",
            "tracking_error": null,
            "treynor_ratio": null,
            "upside_deviation": null,
            "ytm": null
        },
        "min_addl_amt": "\u20b9 100",
        "min_addl_amt_multiple": "\u20b9 1",
        "min_amt": "\u20b9 1000",
        "min_amt_multiple": "\u20b9 1",
        "monthly_aaum_date": "30-04-2025",
        "monthly_aaum_value": "\u20b9 482.25 Crore",
        "mutual_fund_name": "JM Financial Mutual Fund",
        "page_number": [
            22
        ],
        "scheme_launch_date": "1st April, 19"
    },
    "JM Value Fund": {
        "amc_name": "JM Financial Asset Management Limited",
        "benchmark_index": "BSE 500 TRI Additional Benchmark Index Nifty 50 TRI",
        "fund_manager": [
            {
                "managing_fund_since": "",
                "name": "Asit Bhandarkar",
                "qualification": "",
                "total_exp": "20 Years"
            },
            {
                "managing_fund_since": "",
                "name": "Ruchi Fozdar",
                "qualification": "",
                "total_exp": "10 Years"
            }
        ],
        "load": {
            "entry_load": null,
            "exit_load": "If the units are redeemedswitched out on or be date of allotment  1.00.  \t If the units are redeemed  switched out after 3 of allotment  Nil."
        },
        "main_scheme_name": "JM Value Fund",
        "metrics": {
            "alpha": null,
            "arithmetic_mean_ratio": null,
            "average_div_yld": null,
            "average_pb": null,
            "average_pe": null,
            "avg_maturity": null,
            "beta": "0.93",
            "correlation_ratio": null,
            "downside_deviation": null,
            "information_ratio": null,
            "macaulay": null,
            "mod_duration": null,
            "port_turnover_ratio": "1.1792",
            "r_squared_ratio": null,
            "roe_ratio": null,
            "sharpe": "0.55",
            "sortino_ratio": null,
            "std_dev": "15.62",
            "tracking_error": null,
            "treynor_ratio": null,
            "upside_deviation": null,
            "ytm": null
        },
        "min_addl_amt": "\u20b9 100",
        "min_addl_amt_multiple": "\u20b9 1",
        "min_amt": "\u20b9 1000",
        "min_amt_multiple": "\u20b9 1",
        "monthly_aaum_date": "30-04-2025",
        "monthly_aaum_value": "\u20b9 1,046.78 Crore",
        "mutual_fund_name": "JM Financial Mutual Fund",
        "page_number": [
            23
        ],
        "scheme_launch_date": "2nd June, 199"
    },
    "JM Focused Fund": {
        "amc_name": "JM Financial Asset Management Limited",
        "benchmark_index": "BSE 500 TRI Additional Benchmark Index Nifty 50 TRI",
        "fund_manager": [
            {
                "managing_fund_since": "",
                "name": "Asit Bhandarkar",
                "qualification": "",
                "total_exp": "20 Years"
            },
            {
                "managing_fund_since": "",
                "name": "Chaitanya Choksi",
                "qualification": "",
                "total_exp": "21 Years"
            },
            {
                "managing_fund_since": "",
                "name": "Ruchi Fozdar",
                "qualification": "",
                "total_exp": "10 Years"
            }
        ],
        "load": {
            "entry_load": null,
            "exit_load": "If the units are redeemedswitched out on or b date of allotment  1.00.  \t If the units are redeemed  switched out after of allotment  Nil."
        },
        "main_scheme_name": "JM Focused Fund",
        "metrics": {
            "alpha": null,
            "arithmetic_mean_ratio": null,
            "average_div_yld": null,
            "average_pb": null,
            "average_pe": null,
            "avg_maturity": null,
            "beta": "0.87",
            "correlation_ratio": null,
            "downside_deviation": null,
            "information_ratio": null,
            "macaulay": null,
            "mod_duration": null,
            "port_turnover_ratio": "2.048",
            "r_squared_ratio": null,
            "roe_ratio": null,
            "sharpe": "0.55",
            "sortino_ratio": null,
            "std_dev": "13.9",
            "tracking_error": null,
            "treynor_ratio": null,
            "upside_deviation": null,
            "ytm": null
        },
        "min_addl_amt": "\u20b9 100",
        "min_addl_amt_multiple": "\u20b9 1",
        "min_amt": "\u20b9 1000",
        "min_amt_multiple": "\u20b9 1",
        "monthly_aaum_date": "30-04-2025",
        "monthly_aaum_value": "\u20b9 225.02 Crore",
        "mutual_fund_name": "JM Financial Mutual Fund",
        "page_number": [
            24
        ],
        "scheme_launch_date": "5th  March, 2"
    },
    "JM Arbitrage Fund": {
        "amc_name": "JM Financial Asset Management Limited",
        "benchmark_index": "Nifty 50 Arbitrage Index Additional Benchmark Index Crisil 1 Year T Bill Index  to NAV Name of Instrument  to NAV Ratin Futures 91 Days T-Bill 4.24 SO Total Debt Holdings 17.28 TREPS  Others  14.02 Total Assets 100.00  includes net receivables  payables if any Total no. of Equity Stocks  63",
        "fund_manager": [
            {
                "managing_fund_since": "",
                "name": "Asit Bhandarkar",
                "qualification": "",
                "total_exp": "20 Years"
            },
            {
                "managing_fund_since": "",
                "name": "Chaitanya Choksi",
                "qualification": "",
                "total_exp": "21 Years"
            },
            {
                "managing_fund_since": "",
                "name": "Ruchi Fozdar",
                "qualification": "",
                "total_exp": "10 Years"
            }
        ],
        "load": {
            "entry_load": null,
            "exit_load": "If the units are redeemed  switched out on or b date of allotment  0.50. \t If the units are redeemed  switched out after 3 of allotment  Nil."
        },
        "main_scheme_name": "JM Arbitrage Fund",
        "metrics": {
            "alpha": null,
            "arithmetic_mean_ratio": null,
            "average_div_yld": null,
            "average_pb": null,
            "average_pe": null,
            "avg_maturity": null,
            "beta": null,
            "correlation_ratio": null,
            "downside_deviation": null,
            "information_ratio": null,
            "macaulay": null,
            "mod_duration": null,
            "port_turnover_ratio": "11.4711",
            "r_squared_ratio": null,
            "roe_ratio": null,
            "sharpe": null,
            "sortino_ratio": null,
            "std_dev": null,
            "tracking_error": null,
            "treynor_ratio": null,
            "upside_deviation": null,
            "ytm": null
        },
        "min_addl_amt": "\u20b9 100",
        "min_addl_amt_multiple": "\u20b9 1",
        "min_amt": "\u20b9 1000",
        "min_amt_multiple": "\u20b9 1",
        "monthly_aaum_date": "30-04-2025",
        "monthly_aaum_value": "\u20b9 196.33 Crore",
        "mutual_fund_name": "JM Financial Mutual Fund",
        "page_number": [
            25,
            26
        ],
        "scheme_launch_date": "18th July, 20"
    },
    "JM Aggressive Hybrid Fund": {
        "amc_name": "JM Financial Asset Management Limited",
        "benchmark_index": "CRISIL Hybrid 3565 Aggressive Additional Benchmark Index Nifty 50 TRI",
        "fund_manager": [
            {
                "managing_fund_since": "",
                "name": "Ruchi Fozdar",
                "qualification": "",
                "total_exp": "10 Years"
            }
        ],
        "load": {
            "entry_load": null,
            "exit_load": "If the units are redeemed  switched out on or before  allotment  1.00.  If the units are redeemed  switched out after 60 days  Nil."
        },
        "main_scheme_name": "JM Aggressive Hybrid Fund",
        "metrics": {
            "alpha": null,
            "arithmetic_mean_ratio": null,
            "average_div_yld": null,
            "average_pb": null,
            "average_pe": null,
            "avg_maturity": "5.9649",
            "beta": "9.21",
            "correlation_ratio": null,
            "downside_deviation": null,
            "information_ratio": null,
            "macaulay": "4.3686",
            "mod_duration": "4.1877",
            "port_turnover_ratio": "1.3697",
            "r_squared_ratio": null,
            "roe_ratio": null,
            "sharpe": "6.65",
            "sortino_ratio": null,
            "std_dev": "12.06",
            "tracking_error": null,
            "treynor_ratio": null,
            "upside_deviation": null,
            "ytm": "7.17"
        },
        "min_addl_amt": "\u20b9 100",
        "min_addl_amt_multiple": "\u20b9 1",
        "min_amt": "\u20b9 1000",
        "min_amt_multiple": "\u20b9 1",
        "monthly_aaum_date": "30-04-2025",
        "monthly_aaum_value": "\u20b9 752.01 Crore",
        "mutual_fund_name": "JM Financial Mutual Fund",
        "page_number": [
            27
        ],
        "scheme_launch_date": "1st April, 1995"
    },
    "JM Overnight Fund": {
        "amc_name": "JM Financial Asset Management Limited",
        "benchmark_index": "CRISIL Liquid Overnight Index Additional Benchmark Index Crisil 1 Year T Bill Inde",
        "fund_manager": [
            {
                "managing_fund_since": "",
                "name": "Killol Pandya",
                "qualification": "",
                "total_exp": "17 Years"
            },
            {
                "managing_fund_since": "",
                "name": "Naghma Khoja",
                "qualification": "",
                "total_exp": "6 Years"
            },
            {
                "managing_fund_since": "",
                "name": "Ruchi Fozdar",
                "qualification": "",
                "total_exp": "10 Years"
            }
        ],
        "load": {
            "entry_load": null,
            "exit_load": "NIL"
        },
        "main_scheme_name": "JM Overnight Fund",
        "metrics": {
            "alpha": null,
            "arithmetic_mean_ratio": null,
            "average_div_yld": null,
            "average_pb": null,
            "average_pe": null,
            "avg_maturity": "2.99",
            "beta": null,
            "correlation_ratio": null,
            "downside_deviation": null,
            "information_ratio": null,
            "macaulay": "2.99",
            "mod_duration": "2.81",
            "port_turnover_ratio": null,
            "r_squared_ratio": null,
            "roe_ratio": null,
            "sharpe": null,
            "sortino_ratio": null,
            "std_dev": null,
            "tracking_error": null,
            "treynor_ratio": null,
            "upside_deviation": null,
            "ytm": "6.6"
        },
        "min_addl_amt": "\u20b9 100",
        "min_addl_amt_multiple": "\u20b9 1",
        "min_amt": "\u20b9 1000",
        "min_amt_multiple": "\u20b9 1",
        "monthly_aaum_date": "30-04-2025",
        "monthly_aaum_value": "\u20b9 221.70 Crore",
        "mutual_fund_name": "JM Financial Mutual Fund",
        "page_number": [
            28
        ],
        "scheme_launch_date": "3rd December, 2"
    },
    "JM Liquid Fund": {
        "amc_name": "JM Financial Asset Management Limited",
        "benchmark_index": "CRISIL Liquid Debt A-I Index Additional Benchmark Index Crisil 1 Year T Bill Index",
        "fund_manager": [
            {
                "managing_fund_since": "",
                "name": "Killol Pandya",
                "qualification": "",
                "total_exp": "17 Years"
            },
            {
                "managing_fund_since": "",
                "name": "Naghma Khoja",
                "qualification": "",
                "total_exp": "6 Years"
            },
            {
                "managing_fund_since": "",
                "name": "Ruchi Fozdar",
                "qualification": "",
                "total_exp": "10 Years"
            }
        ],
        "load": {
            "entry_load": null,
            "exit_load": null
        },
        "main_scheme_name": "JM Liquid Fund",
        "metrics": {
            "alpha": null,
            "arithmetic_mean_ratio": null,
            "average_div_yld": null,
            "average_pb": null,
            "average_pe": null,
            "avg_maturity": "0.1219",
            "beta": null,
            "correlation_ratio": null,
            "downside_deviation": null,
            "information_ratio": null,
            "macaulay": "0.1213",
            "mod_duration": "0.1132",
            "port_turnover_ratio": null,
            "r_squared_ratio": null,
            "roe_ratio": null,
            "sharpe": null,
            "sortino_ratio": null,
            "std_dev": null,
            "tracking_error": null,
            "treynor_ratio": null,
            "upside_deviation": null,
            "ytm": "7.23"
        },
        "min_addl_amt": "\u20b9 100",
        "min_addl_amt_multiple": "\u20b9 1",
        "min_amt": "\u20b9 1000",
        "min_amt_multiple": "\u20b9 1",
        "monthly_aaum_date": "30-04-2025",
        "monthly_aaum_value": "\u20b9 3,254.15 Crore",
        "mutual_fund_name": "JM Financial Mutual Fund",
        "page_number": [
            29
        ],
        "scheme_launch_date": "31st December, 199"
    },
    "JM Short Duration Fund": {
        "amc_name": "JM Financial Asset Management Limited",
        "benchmark_index": "CRISIL Short Duration Debt A-I Additional Benchmark Index Crisil 1 Year T Bill Inde",
        "fund_manager": [
            {
                "managing_fund_since": "",
                "name": "Killol Pandya",
                "qualification": "",
                "total_exp": "17 Years"
            },
            {
                "managing_fund_since": "",
                "name": "Naghma Khoja",
                "qualification": "",
                "total_exp": "6 Years"
            },
            {
                "managing_fund_since": "",
                "name": "Ruchi Fozdar",
                "qualification": "",
                "total_exp": "10 Years"
            }
        ],
        "load": {
            "entry_load": null,
            "exit_load": "NIL"
        },
        "main_scheme_name": "JM Short Duration Fund",
        "metrics": {
            "alpha": null,
            "arithmetic_mean_ratio": null,
            "average_div_yld": null,
            "average_pb": null,
            "average_pe": null,
            "avg_maturity": "3.0118",
            "beta": null,
            "correlation_ratio": null,
            "downside_deviation": null,
            "information_ratio": null,
            "macaulay": "2.6092",
            "mod_duration": "2.4731",
            "port_turnover_ratio": null,
            "r_squared_ratio": null,
            "roe_ratio": null,
            "sharpe": null,
            "sortino_ratio": null,
            "std_dev": null,
            "tracking_error": null,
            "treynor_ratio": null,
            "upside_deviation": null,
            "ytm": "7.3"
        },
        "min_addl_amt": "\u20b9 100",
        "min_addl_amt_multiple": "\u20b9 1",
        "min_amt": "\u20b9 1000",
        "min_amt_multiple": "\u20b9 1",
        "monthly_aaum_date": "30-04-2025",
        "monthly_aaum_value": "\u20b9 118.01 Crore",
        "mutual_fund_name": "JM Financial Mutual Fund",
        "page_number": [
            30
        ],
        "scheme_launch_date": "29th August, 2"
    },
    "JM Dynamic Bond Fund": {
        "amc_name": "JM Financial Asset Management Limited",
        "benchmark_index": "CRISIL Dynamic Bond A-III Index Additional Benchmark Index Crisil 10 Year Gilt Index",
        "fund_manager": [
            {
                "managing_fund_since": "",
                "name": "Killol Pandya",
                "qualification": "",
                "total_exp": "17 Years"
            },
            {
                "managing_fund_since": "",
                "name": "Naghma Khoja",
                "qualification": "",
                "total_exp": "6 Years"
            },
            {
                "managing_fund_since": "",
                "name": "Ruchi Fozdar",
                "qualification": "",
                "total_exp": "10 Years"
            }
        ],
        "load": {
            "entry_load": null,
            "exit_load": "NIL"
        },
        "main_scheme_name": "JM Dynamic Bond Fund",
        "metrics": {
            "alpha": null,
            "arithmetic_mean_ratio": null,
            "average_div_yld": null,
            "average_pb": null,
            "average_pe": null,
            "avg_maturity": "10.1360",
            "beta": null,
            "correlation_ratio": null,
            "downside_deviation": null,
            "information_ratio": null,
            "macaulay": "7.1019",
            "mod_duration": "6.8704",
            "port_turnover_ratio": null,
            "r_squared_ratio": null,
            "roe_ratio": null,
            "sharpe": null,
            "sortino_ratio": null,
            "std_dev": null,
            "tracking_error": null,
            "treynor_ratio": null,
            "upside_deviation": null,
            "ytm": "6.83"
        },
        "min_addl_amt": "\u20b9 100",
        "min_addl_amt_multiple": "\u20b9 1",
        "min_amt": "\u20b9 1000",
        "min_amt_multiple": "\u20b9 1",
        "monthly_aaum_date": "30-04-2025",
        "monthly_aaum_value": "\u20b9 43.71 Crore",
        "mutual_fund_name": "JM Financial Mutual Fund",
        "page_number": [
            31
        ],
        "scheme_launch_date": "25th June, 20"
    },
    "JM Low Duration Fund": {
        "amc_name": "JM Financial Asset Management Limited",
        "benchmark_index": "CRISIL Low Duration Debt A-I I Additional Benchmark Index Crisil 1 Year T Bill Inde",
        "fund_manager": [
            {
                "managing_fund_since": "",
                "name": "Killol Pandya",
                "qualification": "",
                "total_exp": "17 Years"
            },
            {
                "managing_fund_since": "",
                "name": "Naghma Khoja",
                "qualification": "",
                "total_exp": "6 Years"
            },
            {
                "managing_fund_since": "",
                "name": "Ruchi Fozdar",
                "qualification": "",
                "total_exp": "10 Years"
            }
        ],
        "load": {
            "entry_load": null,
            "exit_load": "NIL"
        },
        "main_scheme_name": "JM Low Duration Fund",
        "metrics": {
            "alpha": null,
            "arithmetic_mean_ratio": null,
            "average_div_yld": null,
            "average_pb": null,
            "average_pe": null,
            "avg_maturity": "0.9968",
            "beta": null,
            "correlation_ratio": null,
            "downside_deviation": null,
            "information_ratio": null,
            "macaulay": "0.9281",
            "mod_duration": "0.8733",
            "port_turnover_ratio": null,
            "r_squared_ratio": null,
            "roe_ratio": null,
            "sharpe": null,
            "sortino_ratio": null,
            "std_dev": null,
            "tracking_error": null,
            "treynor_ratio": null,
            "upside_deviation": null,
            "ytm": "7.7"
        },
        "min_addl_amt": "\u20b9 100",
        "min_addl_amt_multiple": "\u20b9 1",
        "min_amt": "\u20b9 1000",
        "min_amt_multiple": "\u20b9 1",
        "monthly_aaum_date": "30-04-2025",
        "monthly_aaum_value": "\u20b9 231.41 Crore",
        "mutual_fund_name": "JM Financial Mutual Fund",
        "page_number": [
            32
        ],
        "scheme_launch_date": "27th September, 2"
    },
    "JM Medium to Long Duration Fund": {
        "amc_name": "JM Financial Asset Management Limited",
        "benchmark_index": "CRISIL Medium to Long Duration Additional Benchmark Index Crisil 10 Year Gilt Index",
        "fund_manager": [
            {
                "managing_fund_since": "",
                "name": "Killol Pandya",
                "qualification": "",
                "total_exp": "17 Years"
            },
            {
                "managing_fund_since": "",
                "name": "Naghma Khoja",
                "qualification": "",
                "total_exp": "6 Years"
            },
            {
                "managing_fund_since": "",
                "name": "Ruchi Fozdar",
                "qualification": "",
                "total_exp": "10 Years"
            }
        ],
        "load": {
            "entry_load": null,
            "exit_load": "NIL"
        },
        "main_scheme_name": "JM Medium to Long Duration Fund",
        "metrics": {
            "alpha": null,
            "arithmetic_mean_ratio": null,
            "average_div_yld": null,
            "average_pb": null,
            "average_pe": null,
            "avg_maturity": "9.0777",
            "beta": null,
            "correlation_ratio": null,
            "downside_deviation": null,
            "information_ratio": null,
            "macaulay": "6.5902",
            "mod_duration": "6.3764",
            "port_turnover_ratio": null,
            "r_squared_ratio": null,
            "roe_ratio": null,
            "sharpe": null,
            "sortino_ratio": null,
            "std_dev": null,
            "tracking_error": null,
            "treynor_ratio": null,
            "upside_deviation": null,
            "ytm": "6.80"
        },
        "min_addl_amt": "\u20b9 100",
        "min_addl_amt_multiple": "\u20b9 1",
        "min_amt": "\u20b9 1000",
        "min_amt_multiple": "\u20b9 1",
        "monthly_aaum_date": "30-04-2025",
        "monthly_aaum_value": "\u20b9 26.58 Crore",
        "mutual_fund_name": "JM Financial Mutual Fund",
        "page_number": [
            33
        ],
        "scheme_launch_date": "1st April, 199"
    }
}