{
    "WhiteOak Capital Flexi Cap Fund": {
        "amc_name": "WhiteOak Capital Asset Management Limited",
        "benchmark_index": "BSE 500 TRI ",
        "fund_manager": [
            {
                "managing_fund_since": "Its Inception",
                "name": "Ramesh Mantri",
                "qualification": "Equity",
                "total_exp": "20 Years"
            },
            {
                "managing_fund_since": "Its Inception",
                "name": "Piyush Baranwal",
                "qualification": "Debt",
                "total_exp": "15 Years"
            },
            {
                "managing_fund_since": "11Th August 2022",
                "name": "Trupti Agrawal",
                "qualification": "Assistant Fund Managerequity",
                "total_exp": "15 Years"
            },
            {
                "managing_fund_since": "01St April 2024",
                "name": "",
                "qualification": "",
                "total_exp": "16 Years"
            },
            {
                "managing_fund_since": "January 6, 2025",
                "name": "Ashish Agrawal",
                "qualification": "For Arbitrage Transactions",
                "total_exp": "17 Years"
            }
        ],
        "load": {
            "entry_load": "Nil",
            "exit_load": "1.00 (of applicable NAV) if units are redeemed switched-out within 1 month from the date of allotment. Nil SEBI vide its circular no. SEBIIMDCIR No. 4 16823009 dated June 30, 2009 has decided that there shall be no entry Load for all Mutual Fund Schemes."
        },
        "main_scheme_name": "WhiteOak Capital Flexi Cap Fund",
        "metrics": {
            "alpha": null,
            "arithmetic_mean_ratio": null,
            "average_div_yld": null,
            "average_pb": null,
            "average_pe": null,
            "avg_maturity": null,
            "beta": null,
            "correlation_ratio": null,
            "downside_deviation": null,
            "information_ratio": null,
            "macaulay": null,
            "mod_duration": null,
            "port_turnover_ratio": "1.65",
            "r_squared_ratio": null,
            "roe_ratio": null,
            "sharpe": null,
            "sortino_ratio": null,
            "std_dev": null,
            "tracking_error": null,
            "treynor_ratio": null,
            "upside_deviation": null,
            "ytm": null
        },
        "min_addl_amt": "\u20b9 500",
        "min_addl_amt_multiple": "\u20b9 1",
        "min_amt": "\u20b9 500",
        "min_amt_multiple": "\u20b9 1",
        "monthly_aaum_date": "30-04-2025",
        "monthly_aaum_value": "\u20b9 4253.10",
        "mutual_fund_name": "WhiteOak Mutual Fund",
        "page_number": [
            7
        ],
        "scheme_launch_date": "02  August 2022 "
    },
    "WhiteOak Capital Mid Cap Fund": {
        "amc_name": "WhiteOak Capital Asset Management Limited",
        "benchmark_index": "BSE Midcap 150 TRI ",
        "fund_manager": [
            {
                "managing_fund_since": "Its Inception",
                "name": "Ramesh Mantri",
                "qualification": "Equity",
                "total_exp": "20 Years"
            },
            {
                "managing_fund_since": "Its Inception",
                "name": "Piyush Baranwal",
                "qualification": "Debt",
                "total_exp": "15 Years"
            },
            {
                "managing_fund_since": "Its Inception",
                "name": "Trupti Agrawal",
                "qualification": "Assistant Fund Managerequity",
                "total_exp": "15 Years"
            },
            {
                "managing_fund_since": "01St April 2024",
                "name": "",
                "qualification": "",
                "total_exp": "16 Years"
            },
            {
                "managing_fund_since": "January 6, 2025",
                "name": "Ashish Agrawal",
                "qualification": "For Arbitrage Transactions",
                "total_exp": "17 Years"
            }
        ],
        "load": {
            "entry_load": "Nil",
            "exit_load": "1.00 (of applicable NAV) if units are redeemed switched-out within 1 month from the date of allotment. Nil SEBI vide its circular no. SEBIIMDCIR No. 4 16823009 dated June 30, 2009 has decided that there shall be no entry Load for all Mutual Fund Schemes."
        },
        "main_scheme_name": "WhiteOak Capital Mid Cap Fund",
        "metrics": {
            "alpha": null,
            "arithmetic_mean_ratio": null,
            "average_div_yld": null,
            "average_pb": null,
            "average_pe": null,
            "avg_maturity": null,
            "beta": null,
            "correlation_ratio": null,
            "downside_deviation": null,
            "information_ratio": null,
            "macaulay": null,
            "mod_duration": null,
            "port_turnover_ratio": "1.94",
            "r_squared_ratio": null,
            "roe_ratio": null,
            "sharpe": null,
            "sortino_ratio": null,
            "std_dev": null,
            "tracking_error": null,
            "treynor_ratio": null,
            "upside_deviation": null,
            "ytm": null
        },
        "min_addl_amt": "\u20b9 500",
        "min_addl_amt_multiple": "\u20b9 1",
        "min_amt": "\u20b9 500",
        "min_amt_multiple": "\u20b9 1",
        "monthly_aaum_date": "30-04-2025",
        "monthly_aaum_value": "\u20b9 2723.18",
        "mutual_fund_name": "WhiteOak Mutual Fund",
        "page_number": [
            9
        ],
        "scheme_launch_date": "07  September 2022 "
    },
    "WhiteOak Capital ELSS Tax Saver Fund": {
        "amc_name": "WhiteOak Capital Asset Management Limited",
        "benchmark_index": "BSE 500 TRI ",
        "fund_manager": [
            {
                "managing_fund_since": "Its Inception",
                "name": "Ramesh Mantri",
                "qualification": "Equity",
                "total_exp": "20 Years"
            },
            {
                "managing_fund_since": "Its Inception",
                "name": "Piyush Baranwal",
                "qualification": "Debt",
                "total_exp": "15 Years"
            },
            {
                "managing_fund_since": "Its Inception",
                "name": "Trupti Agrawal",
                "qualification": "Assistant Fund Managerequity",
                "total_exp": "15 Years"
            },
            {
                "managing_fund_since": "01St April 2024",
                "name": "",
                "qualification": "",
                "total_exp": "16 Years"
            },
            {
                "managing_fund_since": "January 6, 2025",
                "name": "Ashish Agrawal",
                "qualification": "For Arbitrage Transactions",
                "total_exp": "17 Years"
            }
        ],
        "load": {
            "entry_load": "Nil",
            "exit_load": "Nil (subject to Lock-in period of 3 years) SEBI vide its circular no. SEBIIMDCIR No. 4 16823009 dated June 30, 2009 has decided that there shall be no entry Load for all Mutual Fund Schemes."
        },
        "main_scheme_name": "WhiteOak Capital ELSS Tax Saver Fund",
        "metrics": {
            "alpha": null,
            "arithmetic_mean_ratio": null,
            "average_div_yld": null,
            "average_pb": null,
            "average_pe": null,
            "avg_maturity": null,
            "beta": null,
            "correlation_ratio": null,
            "downside_deviation": null,
            "information_ratio": null,
            "macaulay": null,
            "mod_duration": null,
            "port_turnover_ratio": "0.39",
            "r_squared_ratio": null,
            "roe_ratio": null,
            "sharpe": null,
            "sortino_ratio": null,
            "std_dev": null,
            "tracking_error": null,
            "treynor_ratio": null,
            "upside_deviation": null,
            "ytm": null
        },
        "min_addl_amt": "\u20b9 500",
        "min_addl_amt_multiple": "\u20b9 500",
        "min_amt": "\u20b9 500",
        "min_amt_multiple": "\u20b9 500",
        "monthly_aaum_date": "30-04-2025",
        "monthly_aaum_value": "\u20b9 313.78",
        "mutual_fund_name": "WhiteOak Mutual Fund",
        "page_number": [
            11
        ],
        "scheme_launch_date": "14  October 2022 "
    },
    "WhiteOak Capital Large Cap Fund": {
        "amc_name": "WhiteOak Capital Asset Management Limited",
        "benchmark_index": "BSE 100 TRI ",
        "fund_manager": [
            {
                "managing_fund_since": "Its Inception",
                "name": "Ramesh Mantri",
                "qualification": "Equity",
                "total_exp": "20 Years"
            },
            {
                "managing_fund_since": "Its Inception",
                "name": "Piyush Baranwal",
                "qualification": "Debt",
                "total_exp": "15 Years"
            },
            {
                "managing_fund_since": "Its Inception",
                "name": "Trupti Agrawal",
                "qualification": "Assistant Fund Managerequity",
                "total_exp": "15 Years"
            },
            {
                "managing_fund_since": "01St April 2024",
                "name": "",
                "qualification": "",
                "total_exp": "16 Years"
            },
            {
                "managing_fund_since": "January 6, 2025",
                "name": "Ashish Agrawal",
                "qualification": "For Arbitrage Transactions",
                "total_exp": "17 Years"
            }
        ],
        "load": {
            "entry_load": "Nil",
            "exit_load": "1.00 (of applicable NAV) if units are redeemedswitched-out within 1 month from the date of allotment. Nil thereafter SEBI vide its circular no. SEBIIMDCIR No. 4 16823009 dated June 30, 2009 has decided that there shall be no entry Load for all Mutual Fund Schemes."
        },
        "main_scheme_name": "WhiteOak Capital Large Cap Fund",
        "metrics": {
            "alpha": null,
            "arithmetic_mean_ratio": null,
            "average_div_yld": null,
            "average_pb": null,
            "average_pe": null,
            "avg_maturity": null,
            "beta": null,
            "correlation_ratio": null,
            "downside_deviation": null,
            "information_ratio": null,
            "macaulay": null,
            "mod_duration": null,
            "port_turnover_ratio": "1.52",
            "r_squared_ratio": null,
            "roe_ratio": null,
            "sharpe": null,
            "sortino_ratio": null,
            "std_dev": null,
            "tracking_error": null,
            "treynor_ratio": null,
            "upside_deviation": null,
            "ytm": null
        },
        "min_addl_amt": "\u20b9 500",
        "min_addl_amt_multiple": "\u20b9 1",
        "min_amt": "\u20b9 500",
        "min_amt_multiple": "\u20b9 1",
        "monthly_aaum_date": "30-04-2025",
        "monthly_aaum_value": "\u20b9 684.65",
        "mutual_fund_name": "WhiteOak Mutual Fund",
        "page_number": [
            13
        ],
        "scheme_launch_date": "1  December 2022 "
    },
    "WhiteOak Capital Large & Mid Cap Fund": {
        "amc_name": "WhiteOak Capital Asset Management Limited",
        "benchmark_index": "BSE 250 Large MidCap TRI ",
        "fund_manager": [
            {
                "managing_fund_since": "Its Inception",
                "name": "Ramesh Mantri",
                "qualification": "Equity",
                "total_exp": "20 Years"
            },
            {
                "managing_fund_since": "Its Inception",
                "name": "Trupti Agrawal",
                "qualification": "Assistant Fund Managerequity",
                "total_exp": "15 Years"
            },
            {
                "managing_fund_since": "Its Inception",
                "name": "Piyush Baranwal",
                "qualification": "Debt",
                "total_exp": "14 Years"
            },
            {
                "managing_fund_since": "01St April 2024",
                "name": "",
                "qualification": "",
                "total_exp": "16 Years"
            },
            {
                "managing_fund_since": "January 6, 2025",
                "name": "Ashish Agrawal",
                "qualification": "For Arbitrage Transactions",
                "total_exp": "17 Years"
            }
        ],
        "load": {
            "entry_load": "Nil",
            "exit_load": "1.00 (of applicable NAV) if units are redeemed switched-out within 1 month from the date of allotment. Nil SEBI vide its circular no. SEBIIMDCIR No. 4 16823009 dated June 30, 2009 has decided that there shall be no entry Load for all Mutual Fund Schemes."
        },
        "main_scheme_name": "WhiteOak Capital Large & Mid Cap Fund",
        "metrics": {
            "alpha": null,
            "arithmetic_mean_ratio": null,
            "average_div_yld": null,
            "average_pb": null,
            "average_pe": null,
            "avg_maturity": null,
            "beta": null,
            "correlation_ratio": null,
            "downside_deviation": null,
            "information_ratio": null,
            "macaulay": null,
            "mod_duration": null,
            "port_turnover_ratio": "1.65",
            "r_squared_ratio": null,
            "roe_ratio": null,
            "sharpe": null,
            "sortino_ratio": null,
            "std_dev": null,
            "tracking_error": null,
            "treynor_ratio": null,
            "upside_deviation": null,
            "ytm": null
        },
        "min_addl_amt": "\u20b9 500",
        "min_addl_amt_multiple": "\u20b9 1",
        "min_amt": "\u20b9 500",
        "min_amt_multiple": "\u20b9 1",
        "monthly_aaum_date": "30-04-2025",
        "monthly_aaum_value": "\u20b9 1517.06",
        "mutual_fund_name": "WhiteOak Mutual Fund",
        "page_number": [
            15
        ],
        "scheme_launch_date": "22  December 2023 "
    },
    "WhiteOak Capital Multi Cap Fund": {
        "amc_name": "WhiteOak Capital Asset Management Limited",
        "benchmark_index": "NIFTY 500 Multicap 50:25:25 TRI ",
        "fund_manager": [
            {
                "managing_fund_since": "Its Inception",
                "name": "Ramesh Mantri",
                "qualification": "Equity",
                "total_exp": "20 Years"
            },
            {
                "managing_fund_since": "Its Inception",
                "name": "Piyush Baranwal",
                "qualification": "Debt",
                "total_exp": "15 Years"
            },
            {
                "managing_fund_since": "Its Inception",
                "name": "Trupti Agrawal",
                "qualification": "Assistant Fund Managerequity",
                "total_exp": "15 Years"
            },
            {
                "managing_fund_since": "01St April 2024",
                "name": "",
                "qualification": "",
                "total_exp": "16 Years"
            },
            {
                "managing_fund_since": "January 6, 2025",
                "name": "Ashish Agrawal",
                "qualification": "For Arbitrage Transactions",
                "total_exp": "17 Years"
            }
        ],
        "load": {
            "entry_load": "Nil",
            "exit_load": "1.00 (of applicable NAV) if units are redeemedswitched-out within 1 month from the date of allotment. Nil thereafter SEBI vide its circular no. SEBIIMDCIR No. 4 16823009 dated June 30, 2009 has decided that there shall be no entry Load for all Mutual Fund Schemes."
        },
        "main_scheme_name": "WhiteOak Capital Multi Cap Fund",
        "metrics": {
            "alpha": null,
            "arithmetic_mean_ratio": null,
            "average_div_yld": null,
            "average_pb": null,
            "average_pe": null,
            "avg_maturity": null,
            "beta": null,
            "correlation_ratio": null,
            "downside_deviation": null,
            "information_ratio": null,
            "macaulay": null,
            "mod_duration": null,
            "port_turnover_ratio": "1.47",
            "r_squared_ratio": null,
            "roe_ratio": null,
            "sharpe": null,
            "sortino_ratio": null,
            "std_dev": null,
            "tracking_error": null,
            "treynor_ratio": null,
            "upside_deviation": null,
            "ytm": null
        },
        "min_addl_amt": "\u20b9 500",
        "min_addl_amt_multiple": "\u20b9 1",
        "min_amt": "\u20b9 500",
        "min_amt_multiple": "\u20b9 1",
        "monthly_aaum_date": "30-04-2025",
        "monthly_aaum_value": "\u20b9 1478.82",
        "mutual_fund_name": "WhiteOak Mutual Fund",
        "page_number": [
            17
        ],
        "scheme_launch_date": "22  September 2023 "
    },
    "WhiteOak Capital Pharma and Healthcare Fund": {
        "amc_name": "WhiteOak Capital Asset Management Limited",
        "benchmark_index": "BSE Healthcare TRI ",
        "fund_manager": [
            {
                "managing_fund_since": "Its Inception",
                "name": "Ramesh Mantri",
                "qualification": "Equity",
                "total_exp": "20 Years"
            },
            {
                "managing_fund_since": "Its Inception",
                "name": "Dheeresh Pathak",
                "qualification": "Assistant Fund Manager- Equity",
                "total_exp": "16 Years"
            },
            {
                "managing_fund_since": "Its Inception",
                "name": "Piyush Baranwal",
                "qualification": "Debt",
                "total_exp": "15 Years"
            },
            {
                "managing_fund_since": "January 6, 2025",
                "name": "Ashish Agrawal",
                "qualification": "For Arbitrage Transactions",
                "total_exp": "17 Years"
            }
        ],
        "load": {
            "entry_load": "Nil",
            "exit_load": "1.00 (of applicable NAV) if units are redeemedswitched-out within 1 month from the date of allotment. Nil thereafter SEBI vide its circular no. SEBIIMDCIR No. 4 16823009 dated June 30, 2009 has decided that there shall be no entry Load for all Mutual Fund Schemes."
        },
        "main_scheme_name": "WhiteOak Capital Pharma and Healthcare Fund",
        "metrics": {
            "alpha": null,
            "arithmetic_mean_ratio": null,
            "average_div_yld": null,
            "average_pb": null,
            "average_pe": null,
            "avg_maturity": null,
            "beta": null,
            "correlation_ratio": null,
            "downside_deviation": null,
            "information_ratio": null,
            "macaulay": null,
            "mod_duration": null,
            "port_turnover_ratio": null,
            "r_squared_ratio": null,
            "roe_ratio": null,
            "sharpe": null,
            "sortino_ratio": null,
            "std_dev": null,
            "tracking_error": null,
            "treynor_ratio": null,
            "upside_deviation": null,
            "ytm": null
        },
        "min_addl_amt": "\u20b9 500",
        "min_addl_amt_multiple": "\u20b9 1",
        "min_amt": "\u20b9 500",
        "min_amt_multiple": "\u20b9 1",
        "monthly_aaum_date": "30-04-2025",
        "monthly_aaum_value": "\u20b9 284.80",
        "mutual_fund_name": "WhiteOak Mutual Fund",
        "page_number": [
            19
        ],
        "scheme_launch_date": "06  February 2024 "
    },
    "WhiteOak Capital Banking & Financial Services Fund": {
        "amc_name": "WhiteOak Capital Asset Management Limited",
        "benchmark_index": "Nifty Financial Services Total Return Index (TRI) ",
        "fund_manager": [
            {
                "managing_fund_since": "Its Inception",
                "name": "Trupti Agrawal",
                "qualification": "Equity",
                "total_exp": "15 Years"
            },
            {
                "managing_fund_since": "Its Inception",
                "name": "Ramesh Mantri",
                "qualification": "Equity",
                "total_exp": "20 Years"
            },
            {
                "managing_fund_since": "Its Inception",
                "name": "Piyush Baranwal",
                "qualification": "Debt",
                "total_exp": "15 Years"
            },
            {
                "managing_fund_since": "01St April 2024",
                "name": "",
                "qualification": "",
                "total_exp": "16 Years"
            },
            {
                "managing_fund_since": "January 6, 2025",
                "name": "Ashish Agrawal",
                "qualification": "For Arbitrage Transactions",
                "total_exp": "17 Years"
            }
        ],
        "load": {
            "entry_load": "Nil",
            "exit_load": "1.00 (of applicable NAV) if units are redeemedswitched-out within 1 month from the date of allotment. Nil thereafter SEBI vide its circular no. SEBIIMDCIR No. 4 16823009 dated June 30, 2009 has decided that there shall be no entry Load for all Mutual Fund Schemes."
        },
        "main_scheme_name": "WhiteOak Capital Banking & Financial Services Fund",
        "metrics": {
            "alpha": null,
            "arithmetic_mean_ratio": null,
            "average_div_yld": null,
            "average_pb": null,
            "average_pe": null,
            "avg_maturity": null,
            "beta": null,
            "correlation_ratio": null,
            "downside_deviation": null,
            "information_ratio": null,
            "macaulay": null,
            "mod_duration": null,
            "port_turnover_ratio": null,
            "r_squared_ratio": null,
            "roe_ratio": null,
            "sharpe": null,
            "sortino_ratio": null,
            "std_dev": null,
            "tracking_error": null,
            "treynor_ratio": null,
            "upside_deviation": null,
            "ytm": null
        },
        "min_addl_amt": "\u20b9 500",
        "min_addl_amt_multiple": "\u20b9 1",
        "min_amt": "\u20b9 500",
        "min_amt_multiple": "\u20b9 1",
        "monthly_aaum_date": "30-04-2025",
        "monthly_aaum_value": "\u20b9 308.23",
        "mutual_fund_name": "WhiteOak Mutual Fund",
        "page_number": [
            20
        ],
        "scheme_launch_date": "06  February 2024 "
    },
    "WhiteOak Capital Special Opportunities Fund": {
        "amc_name": "WhiteOak Capital Asset Management Limited",
        "benchmark_index": "BSE 500 TRI ",
        "fund_manager": [
            {
                "managing_fund_since": "Its Inception",
                "name": "Dheeresh Pathak",
                "qualification": "Fund Manager- Equity",
                "total_exp": "16 Years"
            },
            {
                "managing_fund_since": "Its Inception",
                "name": "Trupti Agrawal",
                "qualification": "Assistant Fund Manager-Equity",
                "total_exp": "15 Years"
            },
            {
                "managing_fund_since": "Its Inception",
                "name": "Piyush Baranwal",
                "qualification": "Debt",
                "total_exp": "15 Years"
            },
            {
                "managing_fund_since": "January 6, 2025",
                "name": "Ashish Agrawal",
                "qualification": "For Arbitrage Transactions",
                "total_exp": "17 Years"
            }
        ],
        "load": {
            "entry_load": "Nil",
            "exit_load": "1.00 (of applicable NAV) if units are redeemed switched-out within 1 month from the date of allotment. Nil thereafter.  SEBI vide its circular no. SEBIIMDCIR No. 4 16823009 dated June 30, 2009 has decided that there shall be no entry Load for all Mutual Fund Schemes."
        },
        "main_scheme_name": "WhiteOak Capital Special Opportunities Fund",
        "metrics": {
            "alpha": null,
            "arithmetic_mean_ratio": null,
            "average_div_yld": null,
            "average_pb": null,
            "average_pe": null,
            "avg_maturity": null,
            "beta": null,
            "correlation_ratio": null,
            "downside_deviation": null,
            "information_ratio": null,
            "macaulay": null,
            "mod_duration": null,
            "port_turnover_ratio": null,
            "r_squared_ratio": null,
            "roe_ratio": null,
            "sharpe": null,
            "sortino_ratio": null,
            "std_dev": null,
            "tracking_error": null,
            "treynor_ratio": null,
            "upside_deviation": null,
            "ytm": null
        },
        "min_addl_amt": "\u20b9 500",
        "min_addl_amt_multiple": "\u20b9 1",
        "min_amt": "\u20b9 500",
        "min_amt_multiple": "\u20b9 1",
        "monthly_aaum_date": "30-04-2025",
        "monthly_aaum_value": "\u20b9 728.41",
        "mutual_fund_name": "WhiteOak Mutual Fund",
        "page_number": [
            21
        ],
        "scheme_launch_date": "4th  June 2024 "
    },
    "WhiteOak Capital ESG Best-In-Class Strategy Fund": {
        "amc_name": "WhiteOak Capital Asset Management Limited",
        "benchmark_index": "Nifty 100 ESG TRI. ",
        "fund_manager": [
            {
                "managing_fund_since": "Its Inception",
                "name": "Ramesh Mantri",
                "qualification": "Equity",
                "total_exp": "20 Years"
            },
            {
                "managing_fund_since": "Its Inception",
                "name": "Trupti Agrawal",
                "qualification": "Assistant Fund Managerequity",
                "total_exp": "15 Years"
            },
            {
                "managing_fund_since": "Its Inception",
                "name": "",
                "qualification": "",
                "total_exp": "16 Years"
            },
            {
                "managing_fund_since": "Its Inception",
                "name": "Piyush Baranwal",
                "qualification": "Debt",
                "total_exp": "15 Years"
            },
            {
                "managing_fund_since": "January 6, 2025",
                "name": "Ashish Agrawal",
                "qualification": "For Arbitrage Transactions",
                "total_exp": "17 Years"
            }
        ],
        "load": {
            "entry_load": "Nil",
            "exit_load": "1 (of applicable NAV) if units are redeemed switched-out within 1 month from the date of allotment. Nil thereafter. SEBI vide its circular no. SEBIIMDCIR No. 4 16823009 dated June 30, 2009 has decided that there shall be no entry Load for all Mutual Fund Schemes."
        },
        "main_scheme_name": "WhiteOak Capital ESG Best-In-Class Strategy Fund",
        "metrics": {
            "alpha": null,
            "arithmetic_mean_ratio": null,
            "average_div_yld": null,
            "average_pb": null,
            "average_pe": null,
            "avg_maturity": null,
            "beta": null,
            "correlation_ratio": null,
            "downside_deviation": null,
            "information_ratio": null,
            "macaulay": null,
            "mod_duration": null,
            "port_turnover_ratio": null,
            "r_squared_ratio": null,
            "roe_ratio": null,
            "sharpe": null,
            "sortino_ratio": null,
            "std_dev": null,
            "tracking_error": null,
            "treynor_ratio": null,
            "upside_deviation": null,
            "ytm": null
        },
        "min_addl_amt": "\u20b9 500",
        "min_addl_amt_multiple": "\u20b9 1",
        "min_amt": "\u20b9 500",
        "min_amt_multiple": "\u20b9 1",
        "monthly_aaum_date": "30-04-2025",
        "monthly_aaum_value": "\u20b9 61.28",
        "mutual_fund_name": "WhiteOak Mutual Fund",
        "page_number": [
            23
        ],
        "scheme_launch_date": "30  October 2024 "
    },
    "WhiteOak Capital Digital Bharat Fund": {
        "amc_name": "WhiteOak Capital Asset Management Limited",
        "benchmark_index": "BSE Teck TRI. ",
        "fund_manager": [
            {
                "managing_fund_since": "Its Inception",
                "name": "Ramesh Mantri",
                "qualification": "Equity",
                "total_exp": "20 Years"
            },
            {
                "managing_fund_since": "Its Inception",
                "name": "Trupti Agrawal",
                "qualification": "Assistant Fund Managerequity",
                "total_exp": "15 Years"
            },
            {
                "managing_fund_since": "Its Inception",
                "name": "",
                "qualification": "",
                "total_exp": "16 Years"
            },
            {
                "managing_fund_since": "Its Inception",
                "name": "Piyush Baranwal",
                "qualification": "Debt",
                "total_exp": "15 Years"
            },
            {
                "managing_fund_since": "January 6, 2025",
                "name": "Ashish Agrawal",
                "qualification": "For Arbitrage Transactions",
                "total_exp": "17 Years"
            }
        ],
        "load": {
            "entry_load": "Nil",
            "exit_load": "1.00 (of applicable NAV) if units are redeemed switched-out within 1 month from the date of allotment. Nil thereafter. SEBI vide its circular no. SEBIIMDCIR No. 4 16823009 dated June 30, 2009 has decided that there shall be no entry Load for all Mutual Fund Schemes."
        },
        "main_scheme_name": "WhiteOak Capital Digital Bharat Fund",
        "metrics": {
            "alpha": null,
            "arithmetic_mean_ratio": null,
            "average_div_yld": null,
            "average_pb": null,
            "average_pe": null,
            "avg_maturity": null,
            "beta": null,
            "correlation_ratio": null,
            "downside_deviation": null,
            "information_ratio": null,
            "macaulay": null,
            "mod_duration": null,
            "port_turnover_ratio": null,
            "r_squared_ratio": null,
            "roe_ratio": null,
            "sharpe": null,
            "sortino_ratio": null,
            "std_dev": null,
            "tracking_error": null,
            "treynor_ratio": null,
            "upside_deviation": null,
            "ytm": null
        },
        "min_addl_amt": "\u20b9 500",
        "min_addl_amt_multiple": "\u20b9 1",
        "min_amt": "\u20b9 500",
        "min_amt_multiple": "\u20b9 1",
        "monthly_aaum_date": "30-04-2025",
        "monthly_aaum_value": "\u20b9 315.35",
        "mutual_fund_name": "WhiteOak Mutual Fund",
        "page_number": [
            25
        ],
        "scheme_launch_date": "11  October 2024 "
    },
    "WhiteOak Capital Quality Equity Fund": {
        "amc_name": "WhiteOak Capital Asset Management Limited",
        "benchmark_index": "BSE Quality TRI. ",
        "fund_manager": [
            {
                "managing_fund_since": "Its Inception",
                "name": "Ramesh Mantri",
                "qualification": "Equity",
                "total_exp": "20 Years"
            },
            {
                "managing_fund_since": "Its Inception",
                "name": "Trupti Agrawal",
                "qualification": "Equity",
                "total_exp": "15 Years"
            },
            {
                "managing_fund_since": "Its Inception",
                "name": "",
                "qualification": "",
                "total_exp": "16 Years"
            },
            {
                "managing_fund_since": "Its Inception",
                "name": "Piyush Baranwal",
                "qualification": "Debt",
                "total_exp": "15 Years"
            },
            {
                "managing_fund_since": "Its Inception",
                "name": "Ashish Agrawal",
                "qualification": "For Arbitrage Transactions",
                "total_exp": "17 Years"
            }
        ],
        "load": {
            "entry_load": "Nil",
            "exit_load": "In respect of each purchase  switch-in of Units, an Exit Load of 1.00 is payable if Units are redeemed switched-out within 1 month from the date of allotment. No Exit Load is payable if Units are redeemed  switched-out after 1 month from the date of allotment. SEBI vide its circular no. SEBIIMDCIR No. 4 16823009 dated June 30, 2009 has decided that there shall be no entry Load for all Mutual Fund Schemes."
        },
        "main_scheme_name": "WhiteOak Capital Quality Equity Fund",
        "metrics": {
            "alpha": null,
            "arithmetic_mean_ratio": null,
            "average_div_yld": null,
            "average_pb": null,
            "average_pe": null,
            "avg_maturity": null,
            "beta": null,
            "correlation_ratio": null,
            "downside_deviation": null,
            "information_ratio": null,
            "macaulay": null,
            "mod_duration": null,
            "port_turnover_ratio": null,
            "r_squared_ratio": null,
            "roe_ratio": null,
            "sharpe": null,
            "sortino_ratio": null,
            "std_dev": null,
            "tracking_error": null,
            "treynor_ratio": null,
            "upside_deviation": null,
            "ytm": null
        },
        "min_addl_amt": "\u20b9 500",
        "min_addl_amt_multiple": "\u20b9 1",
        "min_amt": "\u20b9 500",
        "min_amt_multiple": "\u20b9 1",
        "monthly_aaum_date": "30-04-2025",
        "monthly_aaum_value": "\u20b9 26.70",
        "mutual_fund_name": "WhiteOak Mutual Fund",
        "page_number": [
            26
        ],
        "scheme_launch_date": "29  January 2025 "
    },
    "WhiteOak Capital Balanced Advantage Fund": {
        "amc_name": "WhiteOak Capital Asset Management Limited",
        "benchmark_index": "CRISIL Hybrid 50+50 - Moderate Index ",
        "fund_manager": [
            {
                "managing_fund_since": "Its Inception",
                "name": "Ramesh Mantri",
                "qualification": "Equity",
                "total_exp": "20 Years"
            },
            {
                "managing_fund_since": "Its Inception",
                "name": "Piyush Baranwal",
                "qualification": "Debt",
                "total_exp": "15 Years"
            },
            {
                "managing_fund_since": "Its Inception",
                "name": "Trupti Agrawal",
                "qualification": "Assistant Fund Managerequity",
                "total_exp": "15 Years"
            },
            {
                "managing_fund_since": "01St April 2024",
                "name": "",
                "qualification": "",
                "total_exp": "16 Years"
            },
            {
                "managing_fund_since": "January 6, 2025",
                "name": "Ashish Agrawal",
                "qualification": "For Arbitrage Transactions",
                "total_exp": "17 Years"
            }
        ],
        "load": {
            "entry_load": "Nil",
            "exit_load": "1.00 (of applicable NAV) if units are redeemedswitched-out within 1 month from the date of allotment. Nil thereafter SEBI vide its circular no. SEBIIMDCIR No. 4 16823009 dated June 30, 2009 has decided that there shall be no entry Load for all Mutual Fund Schemes."
        },
        "main_scheme_name": "WhiteOak Capital Balanced Advantage Fund",
        "metrics": {
            "alpha": null,
            "arithmetic_mean_ratio": null,
            "average_div_yld": null,
            "average_pb": null,
            "average_pe": null,
            "avg_maturity": "2.77 Years",
            "beta": null,
            "correlation_ratio": null,
            "downside_deviation": null,
            "information_ratio": null,
            "macaulay": "2.13 Years",
            "mod_duration": "2.03 Years",
            "port_turnover_ratio": "3.56",
            "r_squared_ratio": null,
            "roe_ratio": null,
            "sharpe": null,
            "sortino_ratio": null,
            "std_dev": null,
            "tracking_error": null,
            "treynor_ratio": null,
            "upside_deviation": null,
            "ytm": "7.23"
        },
        "min_addl_amt": "\u20b9 500",
        "min_addl_amt_multiple": "\u20b9 1",
        "min_amt": "\u20b9 500",
        "min_amt_multiple": "\u20b9 1",
        "monthly_aaum_date": "30-04-2025",
        "monthly_aaum_value": "\u20b9 1329.39",
        "mutual_fund_name": "WhiteOak Mutual Fund",
        "page_number": [
            28
        ],
        "scheme_launch_date": "10  February 2023 "
    },
    "WhiteOak Capital Multi Asset Allocation Fund": {
        "amc_name": "WhiteOak Capital Asset Management Limited",
        "benchmark_index": "BSE 500 TRI (35%) + CRISIL Short Term Bond Index (45%) + Domestic prices of Gold (19%) + Domestic prices of Silver (1%) ",
        "fund_manager": [
            {
                "managing_fund_since": "Its Inception",
                "name": "Ramesh Mantri",
                "qualification": "Equity",
                "total_exp": "20 Years"
            },
            {
                "managing_fund_since": "Its Inception",
                "name": "Piyush Baranwal",
                "qualification": "Debt",
                "total_exp": "15 Years"
            },
            {
                "managing_fund_since": "01St April 2024",
                "name": "",
                "qualification": "",
                "total_exp": "16 Years"
            },
            {
                "managing_fund_since": "January 6, 2025",
                "name": "Ashish Agrawal",
                "qualification": "For Arbitrage Transactions",
                "total_exp": "17 Years"
            }
        ],
        "load": {
            "entry_load": "Nil",
            "exit_load": "1.00 (of applicable NAV) if units are redeemedswitched-out within 1 month from the date of allotment. Nil thereafter SEBI vide its circular no. SEBIIMDCIR No. 4 16823009 dated June 30, 2009 has decided that there shall be no entry Load for all Mutual Fund Schemes."
        },
        "main_scheme_name": "WhiteOak Capital Multi Asset Allocation Fund",
        "metrics": {
            "alpha": null,
            "arithmetic_mean_ratio": null,
            "average_div_yld": null,
            "average_pb": null,
            "average_pe": null,
            "avg_maturity": "2.39Years",
            "beta": null,
            "correlation_ratio": null,
            "downside_deviation": null,
            "information_ratio": null,
            "macaulay": "1.85 Years",
            "mod_duration": "1.77Years",
            "port_turnover_ratio": "3.42",
            "r_squared_ratio": null,
            "roe_ratio": null,
            "sharpe": null,
            "sortino_ratio": null,
            "std_dev": null,
            "tracking_error": null,
            "treynor_ratio": null,
            "upside_deviation": null,
            "ytm": "7.05"
        },
        "min_addl_amt": "\u20b9 500",
        "min_addl_amt_multiple": "\u20b9 1",
        "min_amt": "\u20b9 500",
        "min_amt_multiple": "\u20b9 1",
        "monthly_aaum_date": "30-04-2025",
        "monthly_aaum_value": "\u20b9 1219.65",
        "mutual_fund_name": "WhiteOak Mutual Fund",
        "page_number": [
            30
        ],
        "scheme_launch_date": "19  May 2023 "
    },
    "WhiteOak Capital Balanced Hybrid Fund": {
        "amc_name": "WhiteOak Capital Asset Management Limited",
        "benchmark_index": "CRISIL Hybrid 50+50 - Moderate Index ",
        "fund_manager": [
            {
                "managing_fund_since": "Its Inception",
                "name": "Ramesh Mantri",
                "qualification": "Equity",
                "total_exp": "20 Years"
            },
            {
                "managing_fund_since": "Its Inception",
                "name": "Piyush Baranwal",
                "qualification": "Debt",
                "total_exp": "15 Years"
            },
            {
                "managing_fund_since": "Its Inception",
                "name": "Trupti Agrawal",
                "qualification": "Assistant Fund Manager- Equity",
                "total_exp": "15 Years"
            },
            {
                "managing_fund_since": "01St April 2024",
                "name": "",
                "qualification": "",
                "total_exp": "16 Years"
            },
            {
                "managing_fund_since": "January 6, 2025",
                "name": "Ashish Agrawal",
                "qualification": "For Arbitrage Transactions",
                "total_exp": "17 Years"
            }
        ],
        "load": {
            "entry_load": "Nil",
            "exit_load": "1.00 (of applicable NAV) if units are redeemed switched-out within 1 month from the date of allotment. Nil thereafter SEBI vide its circular no. SEBIIMDCIR No. 4 16823009 dated June 30, 2009 has decided that there shall be no entry Load for all Mutual Fund Schemes."
        },
        "main_scheme_name": "WhiteOak Capital Balanced Hybrid Fund",
        "metrics": {
            "alpha": null,
            "arithmetic_mean_ratio": null,
            "average_div_yld": null,
            "average_pb": null,
            "average_pe": null,
            "avg_maturity": "3.47 Years",
            "beta": null,
            "correlation_ratio": null,
            "downside_deviation": null,
            "information_ratio": null,
            "macaulay": "2.68 Years",
            "mod_duration": "2.57 Years",
            "port_turnover_ratio": "1.15",
            "r_squared_ratio": null,
            "roe_ratio": null,
            "sharpe": null,
            "sortino_ratio": null,
            "std_dev": null,
            "tracking_error": null,
            "treynor_ratio": null,
            "upside_deviation": null,
            "ytm": "7.24"
        },
        "min_addl_amt": "\u20b9 500",
        "min_addl_amt_multiple": "\u20b9 1",
        "min_amt": "\u20b9 500",
        "min_amt_multiple": "\u20b9 1",
        "monthly_aaum_date": "30-04-2025",
        "monthly_aaum_value": "\u20b9 156.24",
        "mutual_fund_name": "WhiteOak Mutual Fund",
        "page_number": [
            32
        ],
        "scheme_launch_date": "27  October 2023 "
    },
    "WhiteOak Capital Arbitrage Fund": {
        "amc_name": "WhiteOak Capital Asset Management Limited",
        "benchmark_index": "Nifty 50 Arbitrage Index ",
        "fund_manager": [
            {
                "managing_fund_since": "Its Inception",
                "name": "Ramesh Mantri",
                "qualification": "Equity",
                "total_exp": "20 Years"
            },
            {
                "managing_fund_since": "Its Inception",
                "name": "Ashish Agrawal",
                "qualification": "Equity",
                "total_exp": "17 Years"
            },
            {
                "managing_fund_since": "Its Inception",
                "name": "Piyush Baranwal",
                "qualification": "Debt",
                "total_exp": "15 Years"
            },
            {
                "managing_fund_since": "06Th November 2024",
                "name": "Bhavin Patadia",
                "qualification": "Assistant Fund Manager",
                "total_exp": "16 Years"
            }
        ],
        "load": {
            "entry_load": "Nil",
            "exit_load": "0.25 (of applicable NAV) if units are redeemedswitched-out within 7 days from the date of allotment. Nil thereafter. SEBI vide its circular no. SEBIIMDCIR No. 4 16823009 dated June 30, 2009 has decided that there shall be no entry Load for all Mutual Fund Schemes."
        },
        "main_scheme_name": "WhiteOak Capital Arbitrage Fund",
        "metrics": {
            "alpha": null,
            "arithmetic_mean_ratio": null,
            "average_div_yld": null,
            "average_pb": null,
            "average_pe": null,
            "avg_maturity": "0.22 Year",
            "beta": null,
            "correlation_ratio": null,
            "downside_deviation": null,
            "information_ratio": null,
            "macaulay": "0.22 Year",
            "mod_duration": "0.20 Year",
            "port_turnover_ratio": null,
            "r_squared_ratio": null,
            "roe_ratio": null,
            "sharpe": null,
            "sortino_ratio": null,
            "std_dev": null,
            "tracking_error": null,
            "treynor_ratio": null,
            "upside_deviation": null,
            "ytm": "6.94"
        },
        "min_addl_amt": "\u20b9 500",
        "min_addl_amt_multiple": "\u20b9 1",
        "min_amt": "\u20b9 500",
        "min_amt_multiple": "\u20b9 1",
        "monthly_aaum_date": "30-04-2025",
        "monthly_aaum_value": "\u20b9 159.33",
        "mutual_fund_name": "WhiteOak Mutual Fund",
        "page_number": [
            34
        ],
        "scheme_launch_date": "09  September 2024 "
    },
    "WhiteOak Capital Liquid Fund": {
        "amc_name": "WhiteOak Capital Asset Management Limited",
        "benchmark_index": "CRISIL Liquid Debt A-I Index ",
        "fund_manager": [],
        "load": {
            "entry_load": "Nil",
            "exit_load": "(w.e.f. October 19, 2019) Investor exit upon Day 1 Day 2 Day 3 Day 4 Day 5 Day 6 Day 7 subscription onwards Exit Load as a  of 0.0070 0.0065 0.0060 0.0055 0.0050 0.0045 0.0000 redemption proceeds  SEBI vide its circular no. SEBIIMDCIR No. 4 16823009 dated June 30, 2009 has decided that there shall be no entry Load for all Mutual Fund Schemes."
        },
        "main_scheme_name": "WhiteOak Capital Liquid Fund",
        "metrics": {
            "alpha": null,
            "arithmetic_mean_ratio": null,
            "average_div_yld": null,
            "average_pb": null,
            "average_pe": null,
            "avg_maturity": "0.11 Year",
            "beta": null,
            "correlation_ratio": null,
            "downside_deviation": null,
            "information_ratio": null,
            "macaulay": "0.11 Year",
            "mod_duration": "0.11 Year",
            "port_turnover_ratio": null,
            "r_squared_ratio": null,
            "roe_ratio": null,
            "sharpe": null,
            "sortino_ratio": null,
            "std_dev": null,
            "tracking_error": null,
            "treynor_ratio": null,
            "upside_deviation": null,
            "ytm": "7.25"
        },
        "min_addl_amt": "\u20b9 500",
        "min_addl_amt_multiple": "\u20b9 2,000",
        "min_amt": "\u20b9 500",
        "min_amt_multiple": "\u20b9 2,000",
        "monthly_aaum_date": "30-04-2025",
        "monthly_aaum_value": "\u20b9 320.87",
        "mutual_fund_name": "WhiteOak Mutual Fund",
        "page_number": [
            36
        ],
        "scheme_launch_date": "16  January 2019 "
    },
    "WhiteOak Capital Ultra Short Duration Fund": {
        "amc_name": "WhiteOak Capital Asset Management Limited",
        "benchmark_index": "CRISIL Ultra Short Duration Debt A-I Index ",
        "fund_manager": [],
        "load": {
            "entry_load": "Nil",
            "exit_load": "Nil SEBI vide its circular no. SEBIIMDCIR No. 4 16823009 dated June 30, 2009 has decided that there shall be no entry Load for all Mutual Fund Schemes."
        },
        "main_scheme_name": "WhiteOak Capital Ultra Short Duration Fund",
        "metrics": {
            "alpha": null,
            "arithmetic_mean_ratio": null,
            "average_div_yld": null,
            "average_pb": null,
            "average_pe": null,
            "avg_maturity": "0.35 Year",
            "beta": null,
            "correlation_ratio": null,
            "downside_deviation": null,
            "information_ratio": null,
            "macaulay": "0.34 Year",
            "mod_duration": "0.32 Year",
            "port_turnover_ratio": null,
            "r_squared_ratio": null,
            "roe_ratio": null,
            "sharpe": null,
            "sortino_ratio": null,
            "std_dev": null,
            "tracking_error": null,
            "treynor_ratio": null,
            "upside_deviation": null,
            "ytm": "7.59"
        },
        "min_addl_amt": "\u20b9 500",
        "min_addl_amt_multiple": "\u20b9 2,000",
        "min_amt": "\u20b9 500",
        "min_amt_multiple": "\u20b9 2,000",
        "monthly_aaum_date": "30-04-2025",
        "monthly_aaum_value": "\u20b9 346.38",
        "mutual_fund_name": "WhiteOak Mutual Fund",
        "page_number": [
            37
        ],
        "scheme_launch_date": "06  June 2019 "
    }
}