{
    "LIC MF LARGE CAP FUND": {
        "amc_name": "LIC Mutual Fund Asset Management Limited",
        "benchmark_index": "Nifty 100 TRI ",
        "fund_manager": [
            {
                "managing_fund_since": "",
                "name": "Nikhil Rungta",
                "qualification": "",
                "total_exp": "16 Years"
            },
            {
                "managing_fund_since": "",
                "name": "Sumit Bhatnagar",
                "qualification": "",
                "total_exp": "24 Years"
            }
        ],
        "load": {
            "entry_load": "",
            "exit_load": "12 of the units allotted shall be redeemed or switched out without any exit load, on or before completion of 3 months from the date of allotment of units.  1 on remaining units if redeemed or switched out on or before completion of 3 months from the date of allotment of units.  Nil, if redeemed or switched out after completion of 3 months from the date of allotment of units."
        },
        "main_scheme_name": "LIC MF LARGE CAP FUND",
        "metrics": {
            "alpha": null,
            "arithmetic_mean_ratio": null,
            "average_div_yld": null,
            "average_pb": null,
            "average_pe": null,
            "avg_maturity": null,
            "beta": "0.88",
            "correlation_ratio": null,
            "downside_deviation": null,
            "information_ratio": null,
            "macaulay": null,
            "mod_duration": null,
            "port_turnover_ratio": null,
            "r_squared_ratio": null,
            "roe_ratio": null,
            "sharpe": "0.23",
            "sortino_ratio": null,
            "std_dev": "12.70",
            "tracking_error": null,
            "treynor_ratio": null,
            "upside_deviation": null,
            "ytm": null
        },
        "min_addl_amt": "",
        "min_addl_amt_multiple": "",
        "min_amt": "\u20b9 5000",
        "min_amt_multiple": "\u20b9 1",
        "monthly_aaum_date": "30-04-2025",
        "monthly_aaum_value": "\u20b9 1,424.17",
        "mutual_fund_name": "LIC Mutual Fund",
        "page_number": [
            14
        ],
        "scheme_launch_date": "September 01, 1994 "
    },
    "LIC MF LARGE& MID CAPFUND": {
        "amc_name": "LIC Mutual Fund Asset Management Limited",
        "benchmark_index": "Nifty LargeMidcap 250 TRI ",
        "fund_manager": [
            {
                "managing_fund_since": "",
                "name": "Yogesh Patil",
                "qualification": "",
                "total_exp": "22 Years"
            },
            {
                "managing_fund_since": "",
                "name": "Dikshit Mittal",
                "qualification": "",
                "total_exp": "18 Years"
            }
        ],
        "load": {
            "entry_load": "",
            "exit_load": "12 of the units allotted shall be redeemed or switched out without any exit load, on or before completion of 3 months from the date of allotment of units.  1 on remaining units if redeemed or switched out on or before completion of 3 months from the date of allotment of units.  Nil, if redeemed or switched out after completion of 3 months from the date of allotment of units."
        },
        "main_scheme_name": "LIC MF LARGE& MID CAPFUND",
        "metrics": {
            "alpha": null,
            "arithmetic_mean_ratio": null,
            "average_div_yld": null,
            "average_pb": null,
            "average_pe": null,
            "avg_maturity": null,
            "beta": "0.89",
            "correlation_ratio": null,
            "downside_deviation": null,
            "information_ratio": null,
            "macaulay": null,
            "mod_duration": null,
            "port_turnover_ratio": null,
            "r_squared_ratio": null,
            "roe_ratio": null,
            "sharpe": "0.54",
            "sortino_ratio": null,
            "std_dev": "14.18",
            "tracking_error": null,
            "treynor_ratio": null,
            "upside_deviation": null,
            "ytm": null
        },
        "min_addl_amt": "",
        "min_addl_amt_multiple": "",
        "min_amt": "\u20b9 5000",
        "min_amt_multiple": "\u20b9 1",
        "monthly_aaum_date": "30-04-2025",
        "monthly_aaum_value": "\u20b9 3,034.35",
        "mutual_fund_name": "LIC Mutual Fund",
        "page_number": [
            15
        ],
        "scheme_launch_date": "February 25, 2015 "
    },
    "LIC MF An Open Ended dynamic equity scheme investing across large cap mid cap and small cap stocks": {
        "amc_name": "LIC Mutual Fund Asset Management Limited",
        "benchmark_index": "Nifty 500 TRI ",
        "fund_manager": [
            {
                "managing_fund_since": "",
                "name": "Nikhil Rungta",
                "qualification": "",
                "total_exp": "6  Years"
            },
            {
                "managing_fund_since": "",
                "name": "Jaiprakash Toshniwal",
                "qualification": "",
                "total_exp": "16Years"
            }
        ],
        "load": {
            "entry_load": "",
            "exit_load": "12 of the units allotted shall be redeemed or switched out without any exit load, on or before completion of 3 months from the date of allotment of units.  1 on remaining units if redeemed or switched out on or before completion of 3 months from the date of allotment of units.  Nil, if redeemed or switched out after completion of 3 months from the date of allotment of units."
        },
        "main_scheme_name": "LIC MF An Open Ended dynamic equity scheme investing across large cap mid cap and small cap stocks",
        "metrics": {
            "alpha": null,
            "arithmetic_mean_ratio": null,
            "average_div_yld": null,
            "average_pb": null,
            "average_pe": null,
            "avg_maturity": null,
            "beta": "0.86",
            "correlation_ratio": null,
            "downside_deviation": null,
            "information_ratio": null,
            "macaulay": null,
            "mod_duration": null,
            "port_turnover_ratio": null,
            "r_squared_ratio": null,
            "roe_ratio": null,
            "sharpe": "0.42",
            "sortino_ratio": null,
            "std_dev": "13.32",
            "tracking_error": null,
            "treynor_ratio": null,
            "upside_deviation": null,
            "ytm": null
        },
        "min_addl_amt": "",
        "min_addl_amt_multiple": "",
        "min_amt": "\u20b9 5000",
        "min_amt_multiple": "\u20b9 1",
        "monthly_aaum_date": "30-04-2025",
        "monthly_aaum_value": "\u20b9 1,024.39",
        "mutual_fund_name": "LIC Mutual Fund",
        "page_number": [
            16
        ],
        "scheme_launch_date": "April 15, 1993 "
    },
    "LIC MF MULTICAP FUND": {
        "amc_name": "LIC Mutual Fund Asset Management Limited",
        "benchmark_index": "NIFTY 500 Multicap 50:25:25 TRI ",
        "fund_manager": [
            {
                "managing_fund_since": "",
                "name": "Dikshit Mittal",
                "qualification": "",
                "total_exp": "18 Years"
            },
            {
                "managing_fund_since": "",
                "name": "Yogesh Patil",
                "qualification": "",
                "total_exp": "22 Years"
            }
        ],
        "load": {
            "entry_load": "",
            "exit_load": "12 of the units allotted shall be redeemed or switched out without any exit load, on or before completion of 12 months from the date of allotment of units.  1 on remaining units if redeemed or switched out on or before completion of 12 months from the date of allotment of units  Nil, if redeemed or switched out after completion of 12 months from the date of allotment of units."
        },
        "main_scheme_name": "LIC MF MULTICAP FUND",
        "metrics": {
            "alpha": null,
            "arithmetic_mean_ratio": null,
            "average_div_yld": null,
            "average_pb": null,
            "average_pe": null,
            "avg_maturity": null,
            "beta": "0.87",
            "correlation_ratio": null,
            "downside_deviation": null,
            "information_ratio": null,
            "macaulay": null,
            "mod_duration": null,
            "port_turnover_ratio": null,
            "r_squared_ratio": null,
            "roe_ratio": null,
            "sharpe": "1.12",
            "sortino_ratio": null,
            "std_dev": "13.57",
            "tracking_error": null,
            "treynor_ratio": null,
            "upside_deviation": null,
            "ytm": null
        },
        "min_addl_amt": "",
        "min_addl_amt_multiple": "",
        "min_amt": "\u20b9 5000",
        "min_amt_multiple": "\u20b9 1",
        "monthly_aaum_date": "30-04-2025",
        "monthly_aaum_value": "\u20b9 1,435.17",
        "mutual_fund_name": "LIC Mutual Fund",
        "page_number": [
            17
        ],
        "scheme_launch_date": "October 31, 2022 "
    },
    "LIC MF Vt CAP FUND": {
        "amc_name": "LIC Mutual Fund Asset Management Limited",
        "benchmark_index": "Nifty Midcap 150 TRI ",
        "fund_manager": [
            {
                "managing_fund_since": "",
                "name": "Karan Doshi",
                "qualification": "",
                "total_exp": "10.7 Years"
            },
            {
                "managing_fund_since": "",
                "name": "Dikshit Mittal",
                "qualification": "",
                "total_exp": "18 Years"
            }
        ],
        "load": {
            "entry_load": "",
            "exit_load": "Nil, If units of the Scheme are redeemed or switched out up to 12 of the units (the limit) within 12 months from the date of allotment.  1 of the applicable NAV, If units of the scheme are redeemed or switched out in excess of the limit within 12 months from the date of allotment.  Nil, If units of scheme are redeemed or switched out after 12 months from the date of allotment."
        },
        "main_scheme_name": "LIC MF Vt CAP FUND",
        "metrics": {
            "alpha": null,
            "arithmetic_mean_ratio": null,
            "average_div_yld": null,
            "average_pb": null,
            "average_pe": null,
            "avg_maturity": null,
            "beta": "0.93",
            "correlation_ratio": null,
            "downside_deviation": null,
            "information_ratio": null,
            "macaulay": null,
            "mod_duration": null,
            "port_turnover_ratio": null,
            "r_squared_ratio": null,
            "roe_ratio": null,
            "sharpe": "0.64",
            "sortino_ratio": null,
            "std_dev": "16.42",
            "tracking_error": null,
            "treynor_ratio": null,
            "upside_deviation": null,
            "ytm": null
        },
        "min_addl_amt": "",
        "min_addl_amt_multiple": "",
        "min_amt": "\u20b9 5000",
        "min_amt_multiple": "\u20b9 1",
        "monthly_aaum_date": "30-04-2025",
        "monthly_aaum_value": "\u20b9 317.58",
        "mutual_fund_name": "LIC Mutual Fund",
        "page_number": [
            18
        ],
        "scheme_launch_date": "January 25, 2017 "
    },
    "SMALLCAP FUND": {
        "amc_name": "LIC Mutual Fund Asset Management Limited",
        "benchmark_index": "Nifty Smallcap 250 - TRI ",
        "fund_manager": [
            {
                "managing_fund_since": "",
                "name": "Nikhil Rungta",
                "qualification": "",
                "total_exp": "16 Years"
            },
            {
                "managing_fund_since": "",
                "name": "Mahesh Bendre",
                "qualification": "",
                "total_exp": "8 Years"
            }
        ],
        "load": {
            "entry_load": "",
            "exit_load": "Nil, If units of the Scheme are redeemed or switched out up to 12 of the units (the limit) within 12 months from the date of allotment.  1 of the applicable NAV, If units of the scheme are redeemed or switched out in excess of the limit within 12 months from the date of allotment.  Nil, If units of scheme are redeemed or switched out after 12 months from the date of allotment."
        },
        "main_scheme_name": "SMALLCAP FUND",
        "metrics": {
            "alpha": null,
            "arithmetic_mean_ratio": null,
            "average_div_yld": null,
            "average_pb": null,
            "average_pe": null,
            "avg_maturity": null,
            "beta": "0.75",
            "correlation_ratio": null,
            "downside_deviation": null,
            "information_ratio": null,
            "macaulay": null,
            "mod_duration": null,
            "port_turnover_ratio": null,
            "r_squared_ratio": null,
            "roe_ratio": null,
            "sharpe": "0.79",
            "sortino_ratio": null,
            "std_dev": "16.47",
            "tracking_error": null,
            "treynor_ratio": null,
            "upside_deviation": null,
            "ytm": null
        },
        "min_addl_amt": "",
        "min_addl_amt_multiple": "",
        "min_amt": "\u20b9 5000",
        "min_amt_multiple": "\u20b9 1",
        "monthly_aaum_date": "30-04-2025",
        "monthly_aaum_value": "\u20b9 478.24",
        "mutual_fund_name": "LIC Mutual Fund",
        "page_number": [
            19
        ],
        "scheme_launch_date": "June 21, 2017 "
    },
    "LIC MF DIV_DEND YIELD FUND": {
        "amc_name": "LIC Mutual Fund Asset Management Limited",
        "benchmark_index": "Nifty 500 TRI ",
        "fund_manager": [
            {
                "managing_fund_since": "",
                "name": "Dikshit Mittal",
                "qualification": "",
                "total_exp": "18 Years"
            },
            {
                "managing_fund_since": "",
                "name": "Karan Doshi",
                "qualification": "",
                "total_exp": "10.7 Years"
            }
        ],
        "load": {
            "entry_load": "",
            "exit_load": "Nil, If units of the Scheme are redeemed or switched out up to 12 of the units (the limit) within 12 months from the date of allotment.  1 of the applicable NAV, If units of the scheme are redeemed or switched out in excess of the limit within 12 months from the date of allotment.  Nil, If units of scheme are redeemed or switched out after 12 months from the date of allotment."
        },
        "main_scheme_name": "LIC MF DIV_DEND YIELD FUND",
        "metrics": {
            "alpha": null,
            "arithmetic_mean_ratio": null,
            "average_div_yld": null,
            "average_pb": null,
            "average_pe": null,
            "avg_maturity": null,
            "beta": "0.98",
            "correlation_ratio": null,
            "downside_deviation": null,
            "information_ratio": null,
            "macaulay": null,
            "mod_duration": null,
            "port_turnover_ratio": null,
            "r_squared_ratio": null,
            "roe_ratio": null,
            "sharpe": "0.75",
            "sortino_ratio": null,
            "std_dev": "15.02",
            "tracking_error": null,
            "treynor_ratio": null,
            "upside_deviation": null,
            "ytm": null
        },
        "min_addl_amt": "",
        "min_addl_amt_multiple": "",
        "min_amt": "\u20b9 5000",
        "min_amt_multiple": "\u20b9 1",
        "monthly_aaum_date": "30-04-2025",
        "monthly_aaum_value": "\u20b9 487.82",
        "mutual_fund_name": "LIC Mutual Fund",
        "page_number": [
            21
        ],
        "scheme_launch_date": "December 21, 2018 "
    },
    "LIC MF VALUE FUND": {
        "amc_name": "LIC Mutual Fund Asset Management Limited",
        "benchmark_index": "Nifty 500 - TRI ",
        "fund_manager": [
            {
                "managing_fund_since": "",
                "name": "Nikhil Rungta",
                "qualification": "",
                "total_exp": "16 Years"
            },
            {
                "managing_fund_since": "",
                "name": "Mahesh Bendre",
                "qualification": "",
                "total_exp": "18 Years"
            }
        ],
        "load": {
            "entry_load": "",
            "exit_load": "Nil, If units of the Scheme are redeemed or switched out up to 12 of the units (the limit) within 12 months from the date of allotment.  1 of the applicable NAV, If units of the scheme are redeemed or switched out in excess of the limit within 12 months from the date of allotment.  Nil, If units of scheme are redeemed or switched out after 12 months from the date of allotment."
        },
        "main_scheme_name": "LIC MF VALUE FUND",
        "metrics": {
            "alpha": null,
            "arithmetic_mean_ratio": null,
            "average_div_yld": null,
            "average_pb": null,
            "average_pe": null,
            "avg_maturity": null,
            "beta": "0.93",
            "correlation_ratio": null,
            "downside_deviation": null,
            "information_ratio": null,
            "macaulay": null,
            "mod_duration": null,
            "port_turnover_ratio": null,
            "r_squared_ratio": null,
            "roe_ratio": null,
            "sharpe": "0.54",
            "sortino_ratio": null,
            "std_dev": "14.49",
            "tracking_error": null,
            "treynor_ratio": null,
            "upside_deviation": null,
            "ytm": null
        },
        "min_addl_amt": "",
        "min_addl_amt_multiple": "",
        "min_amt": "\u20b9 5000",
        "min_amt_multiple": "\u20b9 1",
        "monthly_aaum_date": "30-04-2025",
        "monthly_aaum_value": "\u20b9 151.54",
        "mutual_fund_name": "LIC Mutual Fund",
        "page_number": [
            22
        ],
        "scheme_launch_date": "August 20, 2018 "
    },
    "LIC MF FOCUSED FUND": {
        "amc_name": "LIC Mutual Fund Asset Management Limited",
        "benchmark_index": "Nifty 500 TRI ",
        "fund_manager": [
            {
                "managing_fund_since": "",
                "name": "Jaiprakash Toshniwal",
                "qualification": "",
                "total_exp": "16 Years"
            },
            {
                "managing_fund_since": "",
                "name": "Sumit Bhatnagar",
                "qualification": "",
                "total_exp": "24 Years"
            }
        ],
        "load": {
            "entry_load": "",
            "exit_load": "Nil, If units of the Scheme are redeemed or switched out up to 12 of the units (the limit) within 12 months from the date of allotment.  1 of the applicable NAV, If units of the scheme are redeemed or switched out in excess of the limit within 12 months from the date of allotment.  Nil, If units of scheme are redeemed or switched out after 12 months from the date of allotment."
        },
        "main_scheme_name": "LIC MF FOCUSED FUND",
        "metrics": {
            "alpha": null,
            "arithmetic_mean_ratio": null,
            "average_div_yld": null,
            "average_pb": null,
            "average_pe": null,
            "avg_maturity": null,
            "beta": "0.86",
            "correlation_ratio": null,
            "downside_deviation": null,
            "information_ratio": null,
            "macaulay": null,
            "mod_duration": null,
            "port_turnover_ratio": null,
            "r_squared_ratio": null,
            "roe_ratio": null,
            "sharpe": "0.71",
            "sortino_ratio": null,
            "std_dev": "13.08",
            "tracking_error": null,
            "treynor_ratio": null,
            "upside_deviation": null,
            "ytm": null
        },
        "min_addl_amt": "",
        "min_addl_amt_multiple": "",
        "min_amt": "\u20b9 5000",
        "min_amt_multiple": "\u20b9 1",
        "monthly_aaum_date": "30-04-2025",
        "monthly_aaum_value": "\u20b9 134.51",
        "mutual_fund_name": "LIC Mutual Fund",
        "page_number": [
            23
        ],
        "scheme_launch_date": "November 17, 2017 "
    },
    "LIC MF INFRASTRUCTURE FUND": {
        "amc_name": "LIC Mutual Fund Asset Management Limited",
        "benchmark_index": "Nifty Infrastructure TRI ",
        "fund_manager": [
            {
                "managing_fund_since": "",
                "name": "Yogesh Patil",
                "qualification": "",
                "total_exp": "22Years"
            },
            {
                "managing_fund_since": "",
                "name": "Mahesh Bendre",
                "qualification": "",
                "total_exp": "18 Years"
            }
        ],
        "load": {
            "entry_load": "",
            "exit_load": "12 of the units allotted shall be redeemed or switched out without any exit load, on or before completion of 90 days from the date of allotment of units.  1 on remaining units if redeemed or switched out on or before completion of 90 days from the date of allotment of units.  Nil, if redeemed or switched out after completion of 90 days from the date of allotment of units."
        },
        "main_scheme_name": "LIC MF INFRASTRUCTURE FUND",
        "metrics": {
            "alpha": null,
            "arithmetic_mean_ratio": null,
            "average_div_yld": null,
            "average_pb": null,
            "average_pe": null,
            "avg_maturity": null,
            "beta": "0.73",
            "correlation_ratio": null,
            "downside_deviation": null,
            "information_ratio": null,
            "macaulay": null,
            "mod_duration": null,
            "port_turnover_ratio": null,
            "r_squared_ratio": null,
            "roe_ratio": null,
            "sharpe": "1.17",
            "sortino_ratio": null,
            "std_dev": "15.97",
            "tracking_error": null,
            "treynor_ratio": null,
            "upside_deviation": null,
            "ytm": null
        },
        "min_addl_amt": "",
        "min_addl_amt_multiple": "",
        "min_amt": "\u20b9 5000",
        "min_amt_multiple": "\u20b9 1",
        "monthly_aaum_date": "30-04-2025",
        "monthly_aaum_value": "\u20b9 900.37",
        "mutual_fund_name": "LIC Mutual Fund",
        "page_number": [
            24
        ],
        "scheme_launch_date": "March 24, 2008 "
    },
    "LIC MF Poin MANGFACTURING FUND": {
        "amc_name": "LIC Mutual Fund Asset Management Limited",
        "benchmark_index": "Nifty India Manufacturing Index (TRI) ",
        "fund_manager": [
            {
                "managing_fund_since": "",
                "name": "Yogesh Patil",
                "qualification": "",
                "total_exp": "22Years"
            },
            {
                "managing_fund_since": "",
                "name": "Mahesh Bendre",
                "qualification": "",
                "total_exp": "17 Years"
            }
        ],
        "load": {
            "entry_load": "",
            "exit_load": "-  If units of the Scheme are redeemed  switched-out within 90 days from the date of allotment a) Upto 12 of the units No exit load will be levied b) Above 12 of the units exit load of 1 will be levied  If units of the Scheme are redeemed  switched-out after 90 days from the date of allotment No exit load will be levied."
        },
        "main_scheme_name": "LIC MF Poin MANGFACTURING FUND",
        "metrics": {
            "alpha": null,
            "arithmetic_mean_ratio": null,
            "average_div_yld": null,
            "average_pb": null,
            "average_pe": null,
            "avg_maturity": null,
            "beta": null,
            "correlation_ratio": null,
            "downside_deviation": null,
            "information_ratio": null,
            "macaulay": null,
            "mod_duration": null,
            "port_turnover_ratio": null,
            "r_squared_ratio": null,
            "roe_ratio": null,
            "sharpe": null,
            "sortino_ratio": null,
            "std_dev": null,
            "tracking_error": null,
            "treynor_ratio": null,
            "upside_deviation": null,
            "ytm": null
        },
        "min_addl_amt": "",
        "min_addl_amt_multiple": "",
        "min_amt": "\u20b9 5000",
        "min_amt_multiple": "\u20b9 1",
        "monthly_aaum_date": "30-04-2025",
        "monthly_aaum_value": "\u20b9 873.29",
        "mutual_fund_name": "LIC Mutual Fund",
        "page_number": [
            25
        ],
        "scheme_launch_date": "October 11, 2024 "
    },
    "BANKING & FINANC-AL SERVICES FUND": {
        "amc_name": "LIC Mutual Fund Asset Management Limited",
        "benchmark_index": "Nifty Financial Services TRI ",
        "fund_manager": [
            {
                "managing_fund_since": "",
                "name": "Jaiprakash Toshniwal",
                "qualification": "",
                "total_exp": "16Years"
            }
        ],
        "load": {
            "entry_load": "",
            "exit_load": "12 of the units allotted shall be redeemed or switched out without any exit load, on or before completion of 90 days from the date of allotment of units.  1 on remaining units if redeemed or switched out on or before completion of  90 days from the date of allotment of units.  Nil, if redeemed or switched out after completion of 90 days from the date of allotment of units."
        },
        "main_scheme_name": "BANKING & FINANC-AL SERVICES FUND",
        "metrics": {
            "alpha": null,
            "arithmetic_mean_ratio": null,
            "average_div_yld": null,
            "average_pb": null,
            "average_pe": null,
            "avg_maturity": null,
            "beta": "0.94",
            "correlation_ratio": null,
            "downside_deviation": null,
            "information_ratio": null,
            "macaulay": null,
            "mod_duration": null,
            "port_turnover_ratio": null,
            "r_squared_ratio": null,
            "roe_ratio": null,
            "sharpe": "0.24",
            "sortino_ratio": null,
            "std_dev": "15.23",
            "tracking_error": null,
            "treynor_ratio": null,
            "upside_deviation": null,
            "ytm": null
        },
        "min_addl_amt": "",
        "min_addl_amt_multiple": "",
        "min_amt": "\u20b9 5000",
        "min_amt_multiple": "\u20b9 1",
        "monthly_aaum_date": "30-04-2025",
        "monthly_aaum_value": "\u20b9 246.93",
        "mutual_fund_name": "LIC Mutual Fund",
        "page_number": [
            26
        ],
        "scheme_launch_date": "March 27, 2015 "
    },
    "HEALTHCARE FUND": {
        "amc_name": "LIC Mutual Fund Asset Management Limited",
        "benchmark_index": "BSE Healthcare- TRI ",
        "fund_manager": [
            {
                "managing_fund_since": "",
                "name": "Karan Doshi",
                "qualification": "",
                "total_exp": "10.7 Years"
            }
        ],
        "load": {
            "entry_load": "",
            "exit_load": "Nil, If units of the Scheme are redeemed or switched out up to 12 of the units (the limit) within 90 days from the date of allotment.  1 of the applicable NAV, If units of the scheme are redeemed or switched out in excess of the limit within 90 days from the date of allotment.  Nil, If units of scheme are redeemed or switched out after 90 days from the date of allotment."
        },
        "main_scheme_name": "HEALTHCARE FUND",
        "metrics": {
            "alpha": null,
            "arithmetic_mean_ratio": null,
            "average_div_yld": null,
            "average_pb": null,
            "average_pe": null,
            "avg_maturity": null,
            "beta": "0.86",
            "correlation_ratio": null,
            "downside_deviation": null,
            "information_ratio": null,
            "macaulay": null,
            "mod_duration": null,
            "port_turnover_ratio": null,
            "r_squared_ratio": null,
            "roe_ratio": null,
            "sharpe": "0.71",
            "sortino_ratio": null,
            "std_dev": "14.91",
            "tracking_error": null,
            "treynor_ratio": null,
            "upside_deviation": null,
            "ytm": null
        },
        "min_addl_amt": "",
        "min_addl_amt_multiple": "",
        "min_amt": "\u20b9 5000",
        "min_amt_multiple": "\u20b9 1",
        "monthly_aaum_date": "30-04-2025",
        "monthly_aaum_value": "\u20b9 84.81",
        "mutual_fund_name": "LIC Mutual Fund",
        "page_number": [
            27
        ],
        "scheme_launch_date": "February 28, 2019 "
    },
    "LiC MF EL_SS TAX SAVER": {
        "amc_name": "LIC Mutual Fund Asset Management Limited",
        "benchmark_index": "Nifty 500 TRI ",
        "fund_manager": [
            {
                "managing_fund_since": "",
                "name": "Yogesh Patil",
                "qualification": "",
                "total_exp": "22 Years"
            },
            {
                "managing_fund_since": "",
                "name": "Dikshit Mittal",
                "qualification": "",
                "total_exp": "18Years"
            }
        ],
        "load": {
            "entry_load": "",
            "exit_load": "Nil (Subject to lock-in period of 3 years)"
        },
        "main_scheme_name": "LiC MF EL_SS TAX SAVER",
        "metrics": {
            "alpha": null,
            "arithmetic_mean_ratio": null,
            "average_div_yld": null,
            "average_pb": null,
            "average_pe": null,
            "avg_maturity": null,
            "beta": "0.81",
            "correlation_ratio": null,
            "downside_deviation": null,
            "information_ratio": null,
            "macaulay": null,
            "mod_duration": null,
            "port_turnover_ratio": null,
            "r_squared_ratio": null,
            "roe_ratio": null,
            "sharpe": "0.54",
            "sortino_ratio": null,
            "std_dev": "13.10",
            "tracking_error": null,
            "treynor_ratio": null,
            "upside_deviation": null,
            "ytm": null
        },
        "min_addl_amt": "",
        "min_addl_amt_multiple": "",
        "min_amt": "\u20b9 500",
        "min_amt_multiple": "\u20b9 500",
        "monthly_aaum_date": "30-04-2025",
        "monthly_aaum_value": "\u20b9 1,123.15",
        "mutual_fund_name": "LIC Mutual Fund",
        "page_number": [
            28
        ],
        "scheme_launch_date": "March  31,1997 "
    },
    "LIC MF AGGRESSIVE HYBRiD FUND": {
        "amc_name": "LIC Mutual Fund Asset Management Limited",
        "benchmark_index": "Crisil Hybrid 35 + 65 - Aggressive Index ",
        "fund_manager": [
            {
                "managing_fund_since": "",
                "name": "Karan Doshi",
                "qualification": "",
                "total_exp": "10.7Years"
            },
            {
                "managing_fund_since": "",
                "name": "Pratik Shroff",
                "qualification": "",
                "total_exp": "17Years"
            },
            {
                "managing_fund_since": "",
                "name": "Sumit Bhatnagar",
                "qualification": "",
                "total_exp": "24Years"
            }
        ],
        "load": {
            "entry_load": "",
            "exit_load": "12 of the units allotted shall be redeemed or switched out without any exit load, on or before completion of 3 months from the date of allotment of units.  1 on remaining units if redeemed or switched out on or before completion of 3 months from the date of allotment of units.  Nil, if redeemed or switched out after completion of 3 months from the date of allotment of units."
        },
        "main_scheme_name": "LIC MF AGGRESSIVE HYBRiD FUND",
        "metrics": {
            "alpha": null,
            "arithmetic_mean_ratio": null,
            "average_div_yld": null,
            "average_pb": null,
            "average_pe": null,
            "avg_maturity": null,
            "beta": null,
            "correlation_ratio": null,
            "downside_deviation": null,
            "information_ratio": null,
            "macaulay": null,
            "mod_duration": null,
            "port_turnover_ratio": null,
            "r_squared_ratio": null,
            "roe_ratio": null,
            "sharpe": null,
            "sortino_ratio": null,
            "std_dev": null,
            "tracking_error": null,
            "treynor_ratio": null,
            "upside_deviation": null,
            "ytm": null
        },
        "min_addl_amt": "",
        "min_addl_amt_multiple": "",
        "min_amt": "\u20b9 5000",
        "min_amt_multiple": "\u20b9 1",
        "monthly_aaum_date": "30-04-2025",
        "monthly_aaum_value": "\u20b9 515.03",
        "mutual_fund_name": "LIC Mutual Fund",
        "page_number": [
            29
        ],
        "scheme_launch_date": "January 01, 1991 "
    },
    "LIC MF BLNCED ADVANTAGE FUND": {
        "amc_name": "LIC Mutual Fund Asset Management Limited",
        "benchmark_index": "NIFTY 50 Hybrid Composite Debt 50:50 Index ",
        "fund_manager": [
            {
                "managing_fund_since": "",
                "name": "Jaiprakash Toshniwal",
                "qualification": "",
                "total_exp": "16 Years"
            },
            {
                "managing_fund_since": "",
                "name": "Rahul Singh",
                "qualification": "",
                "total_exp": "20  Years"
            },
            {
                "managing_fund_since": "",
                "name": "Yogesh Patil",
                "qualification": "",
                "total_exp": "22 Years"
            }
        ],
        "load": {
            "entry_load": "",
            "exit_load": "12 of the units allotted shall be redeemed or switched out without any exit load, on or before completion of 3 months from the date of allotment of units.  1 on remaining units if redeemed or switched out on or before completion of 3 months from the date of allotment of units.  Nil, if redeemed or switched out after completion of 3 months from the date of allotment of units ."
        },
        "main_scheme_name": "LIC MF BLNCED ADVANTAGE FUND",
        "metrics": {
            "alpha": null,
            "arithmetic_mean_ratio": null,
            "average_div_yld": null,
            "average_pb": null,
            "average_pe": null,
            "avg_maturity": null,
            "beta": null,
            "correlation_ratio": null,
            "downside_deviation": null,
            "information_ratio": null,
            "macaulay": null,
            "mod_duration": null,
            "port_turnover_ratio": null,
            "r_squared_ratio": null,
            "roe_ratio": null,
            "sharpe": null,
            "sortino_ratio": null,
            "std_dev": null,
            "tracking_error": null,
            "treynor_ratio": null,
            "upside_deviation": null,
            "ytm": null
        },
        "min_addl_amt": "",
        "min_addl_amt_multiple": "",
        "min_amt": "\u20b9 5000",
        "min_amt_multiple": "\u20b9 1",
        "monthly_aaum_date": "30-04-2025",
        "monthly_aaum_value": "\u20b9 781.00",
        "mutual_fund_name": "LIC Mutual Fund",
        "page_number": [
            30
        ],
        "scheme_launch_date": "November 12, 2021 "
    },
    "LIC MF EQUITY SAVINGS FUND": {
        "amc_name": "LIC Mutual Fund Asset Management Limited",
        "benchmark_index": "Nifty Equity Savings Index ",
        "fund_manager": [
            {
                "managing_fund_since": "",
                "name": "Sumit Bhatnagar",
                "qualification": "",
                "total_exp": "24 Years"
            },
            {
                "managing_fund_since": "",
                "name": "Pratik Shroff",
                "qualification": "",
                "total_exp": "17 Years"
            }
        ],
        "load": {
            "entry_load": "",
            "exit_load": "Nil, If units of the Scheme are redeemed or switched out up to 12 of the units (the limit) within 3 months from the date of allotment.  1 of the applicable NAV, If units of the scheme are redeemed or switched out in excess of the limit  within 3 months from the date of allotment.  Nil, If units of scheme are redeemed or switched out after 3 months from the date of allotment."
        },
        "main_scheme_name": "LIC MF EQUITY SAVINGS FUND",
        "metrics": {
            "alpha": null,
            "arithmetic_mean_ratio": null,
            "average_div_yld": null,
            "average_pb": null,
            "average_pe": null,
            "avg_maturity": null,
            "beta": "1.06",
            "correlation_ratio": null,
            "downside_deviation": null,
            "information_ratio": null,
            "macaulay": null,
            "mod_duration": null,
            "port_turnover_ratio": null,
            "r_squared_ratio": null,
            "roe_ratio": null,
            "sharpe": "0.16",
            "sortino_ratio": null,
            "std_dev": "5.44",
            "tracking_error": null,
            "treynor_ratio": null,
            "upside_deviation": null,
            "ytm": null
        },
        "min_addl_amt": "",
        "min_addl_amt_multiple": "",
        "min_amt": "\u20b9 5000",
        "min_amt_multiple": "\u20b9 1",
        "monthly_aaum_date": "30-04-2025",
        "monthly_aaum_value": "\u20b9 19.83",
        "mutual_fund_name": "LIC Mutual Fund",
        "page_number": [
            31
        ],
        "scheme_launch_date": "March 07, 2011 "
    },
    "LIC MF CONSERWATIVE nip) FUND": {
        "amc_name": "LIC Mutual Fund Asset Management Limited",
        "benchmark_index": "Crisil Hybrid 85 + 15 - Conservative Index ",
        "fund_manager": [
            {
                "managing_fund_since": "",
                "name": "Nikhil Rungta",
                "qualification": "",
                "total_exp": "16 Years"
            },
            {
                "managing_fund_since": "",
                "name": "Pratik Shroff",
                "qualification": "",
                "total_exp": "17 Years"
            }
        ],
        "load": {
            "entry_load": "",
            "exit_load": "12 of the units allotted shall be redeemed or switched out without any exit load, on or before completion of 90 days from the date of allotment of units.  1 on remaining units if redeemed or switched out on or before completion of 90 days from the date of allotment of units  Nil, if redeemed or switched out after completion of 90 days from the date of allotment of units."
        },
        "main_scheme_name": "LIC MF CONSERWATIVE nip) FUND",
        "metrics": {
            "alpha": null,
            "arithmetic_mean_ratio": null,
            "average_div_yld": null,
            "average_pb": null,
            "average_pe": null,
            "avg_maturity": null,
            "beta": null,
            "correlation_ratio": null,
            "downside_deviation": null,
            "information_ratio": null,
            "macaulay": null,
            "mod_duration": null,
            "port_turnover_ratio": null,
            "r_squared_ratio": null,
            "roe_ratio": null,
            "sharpe": null,
            "sortino_ratio": null,
            "std_dev": null,
            "tracking_error": null,
            "treynor_ratio": null,
            "upside_deviation": null,
            "ytm": null
        },
        "min_addl_amt": "",
        "min_addl_amt_multiple": "",
        "min_amt": "\u20b9 5000",
        "min_amt_multiple": "\u20b9 1",
        "monthly_aaum_date": "30-04-2025",
        "monthly_aaum_value": "\u20b9 49.90",
        "mutual_fund_name": "LIC Mutual Fund",
        "page_number": [
            32
        ],
        "scheme_launch_date": "June 01, 1998 "
    },
    "LIC MF ARBITRAGE FUND": {
        "amc_name": "LIC Mutual Fund Asset Management Limited",
        "benchmark_index": "Nifty 50 Arbitrage Index ",
        "fund_manager": [
            {
                "managing_fund_since": "",
                "name": "Sumit Bhatnagar",
                "qualification": "",
                "total_exp": "24 Years"
            },
            {
                "managing_fund_since": "",
                "name": "Pratik Shroff",
                "qualification": "",
                "total_exp": "17 Years"
            }
        ],
        "load": {
            "entry_load": "",
            "exit_load": "For redemptionswitch out of units on or before 1 month from the date of allotment 0.25 of applicable NAV  For redemptionswitch out of units after 1 month from the date of allotment Nil"
        },
        "main_scheme_name": "LIC MF ARBITRAGE FUND",
        "metrics": {
            "alpha": null,
            "arithmetic_mean_ratio": null,
            "average_div_yld": null,
            "average_pb": null,
            "average_pe": null,
            "avg_maturity": null,
            "beta": null,
            "correlation_ratio": null,
            "downside_deviation": null,
            "information_ratio": null,
            "macaulay": null,
            "mod_duration": null,
            "port_turnover_ratio": null,
            "r_squared_ratio": null,
            "roe_ratio": null,
            "sharpe": null,
            "sortino_ratio": null,
            "std_dev": null,
            "tracking_error": null,
            "treynor_ratio": null,
            "upside_deviation": null,
            "ytm": null
        },
        "min_addl_amt": "",
        "min_addl_amt_multiple": "",
        "min_amt": "\u20b9 5000",
        "min_amt_multiple": "\u20b9 1",
        "monthly_aaum_date": "30-04-2025",
        "monthly_aaum_value": "\u20b9 315.34",
        "mutual_fund_name": "LIC Mutual Fund",
        "page_number": [
            33
        ],
        "scheme_launch_date": "January 25, 2019 "
    },
    "An open-ended insurance linked tax saving scheme": {
        "amc_name": "LIC Mutual Fund Asset Management Limited",
        "benchmark_index": "Crisil Hybrid 35 + 65 - Aggressive Index ",
        "fund_manager": [
            {
                "managing_fund_since": "",
                "name": "Dikshit Mittal",
                "qualification": "",
                "total_exp": "18 Years"
            },
            {
                "managing_fund_since": "",
                "name": "Karan Doshi",
                "qualification": "",
                "total_exp": "10.7 Years"
            },
            {
                "managing_fund_since": "",
                "name": "Pratik Shroff",
                "qualification": "",
                "total_exp": "17 Years"
            }
        ],
        "load": {
            "entry_load": "",
            "exit_load": "NIL (3 years lock-in period) Liquidity Repurchase after lock-in period of 3 years from the date of Investment."
        },
        "main_scheme_name": "An open-ended insurance linked tax saving scheme",
        "metrics": {
            "alpha": null,
            "arithmetic_mean_ratio": null,
            "average_div_yld": null,
            "average_pb": null,
            "average_pe": null,
            "avg_maturity": null,
            "beta": null,
            "correlation_ratio": null,
            "downside_deviation": null,
            "information_ratio": null,
            "macaulay": null,
            "mod_duration": null,
            "port_turnover_ratio": null,
            "r_squared_ratio": null,
            "roe_ratio": null,
            "sharpe": null,
            "sortino_ratio": null,
            "std_dev": null,
            "tracking_error": null,
            "treynor_ratio": null,
            "upside_deviation": null,
            "ytm": null
        },
        "min_addl_amt": "",
        "min_addl_amt_multiple": "",
        "min_amt": "\u20b9 10,000",
        "min_amt_multiple": "\u20b9 1,000",
        "monthly_aaum_date": "30-04-2025",
        "monthly_aaum_value": "\u20b9 482.15",
        "mutual_fund_name": "LIC Mutual Fund",
        "page_number": [
            35
        ],
        "scheme_launch_date": "June 19, 1989 "
    },
    "LIC MF OVERNIGHT FUND": {
        "amc_name": "LIC Mutual Fund Asset Management Limited",
        "benchmark_index": "NIFTY 1D Rate Index ",
        "fund_manager": [
            {
                "managing_fund_since": "",
                "name": "Rahul Singh",
                "qualification": "",
                "total_exp": "20 Years"
            }
        ],
        "load": {
            "entry_load": "",
            "exit_load": "Nil"
        },
        "main_scheme_name": "LIC MF OVERNIGHT FUND",
        "metrics": {
            "alpha": null,
            "arithmetic_mean_ratio": null,
            "average_div_yld": null,
            "average_pb": null,
            "average_pe": null,
            "avg_maturity": null,
            "beta": null,
            "correlation_ratio": null,
            "downside_deviation": null,
            "information_ratio": null,
            "macaulay": null,
            "mod_duration": null,
            "port_turnover_ratio": null,
            "r_squared_ratio": null,
            "roe_ratio": null,
            "sharpe": null,
            "sortino_ratio": null,
            "std_dev": null,
            "tracking_error": null,
            "treynor_ratio": null,
            "upside_deviation": null,
            "ytm": null
        },
        "min_addl_amt": "",
        "min_addl_amt_multiple": "",
        "min_amt": "\u20b9 5000",
        "min_amt_multiple": "\u20b9 1",
        "monthly_aaum_date": "30-04-2025",
        "monthly_aaum_value": "\u20b9 1,044.73",
        "mutual_fund_name": "LIC Mutual Fund",
        "page_number": [
            36
        ],
        "scheme_launch_date": "July 18, 2019 "
    },
    "LIC MF LIQUID FUND": {
        "amc_name": "LIC Mutual Fund Asset Management Limited",
        "benchmark_index": "CRISIL Liquid Debt A-I Index ",
        "fund_manager": [
            {
                "managing_fund_since": "",
                "name": "Rahul Singh",
                "qualification": "",
                "total_exp": "20 Years"
            }
        ],
        "load": {
            "entry_load": "",
            "exit_load": "Investor exit upon Exit load as a  of redemption  switch out Subscription proceeds Day 1 0.0070 Day 2 0.0065 Day 3 0.0060 Day 4 0.0055 Day 5 0.0050 Day 6 0.0045 Day 7 onwards 0.0000"
        },
        "main_scheme_name": "LIC MF LIQUID FUND",
        "metrics": {
            "alpha": null,
            "arithmetic_mean_ratio": null,
            "average_div_yld": null,
            "average_pb": null,
            "average_pe": null,
            "avg_maturity": null,
            "beta": null,
            "correlation_ratio": null,
            "downside_deviation": null,
            "information_ratio": null,
            "macaulay": null,
            "mod_duration": null,
            "port_turnover_ratio": null,
            "r_squared_ratio": null,
            "roe_ratio": null,
            "sharpe": null,
            "sortino_ratio": null,
            "std_dev": null,
            "tracking_error": null,
            "treynor_ratio": null,
            "upside_deviation": null,
            "ytm": null
        },
        "min_addl_amt": "",
        "min_addl_amt_multiple": "",
        "min_amt": "\u20b9 5000",
        "min_amt_multiple": "\u20b9 1",
        "monthly_aaum_date": "30-04-2025",
        "monthly_aaum_value": "\u20b9 10,907.83",
        "mutual_fund_name": "LIC Mutual Fund",
        "page_number": [
            37
        ],
        "scheme_launch_date": "March 18, 2002 "
    },
    "LIC MF ULTRA SHORT DURATION FUND": {
        "amc_name": "LIC Mutual Fund Asset Management Limited",
        "benchmark_index": "CRISIL Ultra Short Duration Debt A-I Index ",
        "fund_manager": [
            {
                "managing_fund_since": "",
                "name": "Rahul Singh",
                "qualification": "",
                "total_exp": "20 Years"
            }
        ],
        "load": {
            "entry_load": "",
            "exit_load": "N il"
        },
        "main_scheme_name": "LIC MF ULTRA SHORT DURATION FUND",
        "metrics": {
            "alpha": null,
            "arithmetic_mean_ratio": null,
            "average_div_yld": null,
            "average_pb": null,
            "average_pe": null,
            "avg_maturity": null,
            "beta": null,
            "correlation_ratio": null,
            "downside_deviation": null,
            "information_ratio": null,
            "macaulay": null,
            "mod_duration": null,
            "port_turnover_ratio": null,
            "r_squared_ratio": null,
            "roe_ratio": null,
            "sharpe": null,
            "sortino_ratio": null,
            "std_dev": null,
            "tracking_error": null,
            "treynor_ratio": null,
            "upside_deviation": null,
            "ytm": null
        },
        "min_addl_amt": "",
        "min_addl_amt_multiple": "",
        "min_amt": "\u20b9 5000",
        "min_amt_multiple": "\u20b9 1",
        "monthly_aaum_date": "30-04-2025",
        "monthly_aaum_value": "\u20b9 295.65",
        "mutual_fund_name": "LIC Mutual Fund",
        "page_number": [
            38
        ],
        "scheme_launch_date": "November 27, 2019 "
    },
    "MNEY MA2XET FUND": {
        "amc_name": "LIC Mutual Fund Asset Management Limited",
        "benchmark_index": "NIFTY Money Market Index A-I ",
        "fund_manager": [
            {
                "managing_fund_since": "",
                "name": "Rahul Singh",
                "qualification": "",
                "total_exp": "20 Years"
            }
        ],
        "load": {
            "entry_load": "",
            "exit_load": "Nil"
        },
        "main_scheme_name": "MNEY MA2XET FUND",
        "metrics": {
            "alpha": null,
            "arithmetic_mean_ratio": null,
            "average_div_yld": null,
            "average_pb": null,
            "average_pe": null,
            "avg_maturity": null,
            "beta": null,
            "correlation_ratio": null,
            "downside_deviation": null,
            "information_ratio": null,
            "macaulay": null,
            "mod_duration": null,
            "port_turnover_ratio": null,
            "r_squared_ratio": null,
            "roe_ratio": null,
            "sharpe": null,
            "sortino_ratio": null,
            "std_dev": null,
            "tracking_error": null,
            "treynor_ratio": null,
            "upside_deviation": null,
            "ytm": null
        },
        "min_addl_amt": "",
        "min_addl_amt_multiple": "",
        "min_amt": "\u20b9 5000",
        "min_amt_multiple": "\u20b9 1",
        "monthly_aaum_date": "30-04-2025",
        "monthly_aaum_value": "\u20b9 21.54",
        "mutual_fund_name": "LIC Mutual Fund",
        "page_number": [
            39
        ],
        "scheme_launch_date": "August 1, 2022 "
    },
    "LIC MF LOW DURATION FUND": {
        "amc_name": "LIC Mutual Fund Asset Management Limited",
        "benchmark_index": "CRISIL Low Duration Debt A-I Index ",
        "fund_manager": [
            {
                "managing_fund_since": "",
                "name": "Rahul Singh",
                "qualification": "",
                "total_exp": "20 Years"
            }
        ],
        "load": {
            "entry_load": "",
            "exit_load": "Nil"
        },
        "main_scheme_name": "LIC MF LOW DURATION FUND",
        "metrics": {
            "alpha": null,
            "arithmetic_mean_ratio": null,
            "average_div_yld": null,
            "average_pb": null,
            "average_pe": null,
            "avg_maturity": null,
            "beta": null,
            "correlation_ratio": null,
            "downside_deviation": null,
            "information_ratio": null,
            "macaulay": null,
            "mod_duration": null,
            "port_turnover_ratio": null,
            "r_squared_ratio": null,
            "roe_ratio": null,
            "sharpe": null,
            "sortino_ratio": null,
            "std_dev": null,
            "tracking_error": null,
            "treynor_ratio": null,
            "upside_deviation": null,
            "ytm": null
        },
        "min_addl_amt": "",
        "min_addl_amt_multiple": "",
        "min_amt": "\u20b9 5000",
        "min_amt_multiple": "\u20b9 1",
        "monthly_aaum_date": "30-04-2025",
        "monthly_aaum_value": "\u20b9 1,746.54",
        "mutual_fund_name": "LIC Mutual Fund",
        "page_number": [
            40
        ],
        "scheme_launch_date": "June 09, 2003 "
    },
    "LIC MF MEDIUM-F2LONG DURATION FUND": {
        "amc_name": "LIC Mutual Fund Asset Management Limited",
        "benchmark_index": "CRISIL Medium to Long Duration Debt A-III Index ",
        "fund_manager": [
            {
                "managing_fund_since": "",
                "name": "Marzban Irani",
                "qualification": "",
                "total_exp": "24 Years"
            },
            {
                "managing_fund_since": "",
                "name": "Pratik Shroff",
                "qualification": "",
                "total_exp": "17 Years"
            }
        ],
        "load": {
            "entry_load": "",
            "exit_load": "0.25 if redeemed or switched out on or before completion of 15 days from the date of allotment of units.  No Exit Load is payable if units are redeemedswitched-out after 15 days from the date of allotment."
        },
        "main_scheme_name": "LIC MF MEDIUM-F2LONG DURATION FUND",
        "metrics": {
            "alpha": null,
            "arithmetic_mean_ratio": null,
            "average_div_yld": null,
            "average_pb": null,
            "average_pe": null,
            "avg_maturity": null,
            "beta": null,
            "correlation_ratio": null,
            "downside_deviation": null,
            "information_ratio": null,
            "macaulay": null,
            "mod_duration": null,
            "port_turnover_ratio": null,
            "r_squared_ratio": null,
            "roe_ratio": null,
            "sharpe": null,
            "sortino_ratio": null,
            "std_dev": null,
            "tracking_error": null,
            "treynor_ratio": null,
            "upside_deviation": null,
            "ytm": null
        },
        "min_addl_amt": "",
        "min_addl_amt_multiple": "",
        "min_amt": "\u20b9 5000",
        "min_amt_multiple": "\u20b9 1",
        "monthly_aaum_date": "30-04-2025",
        "monthly_aaum_value": "\u20b9 183.08",
        "mutual_fund_name": "LIC Mutual Fund",
        "page_number": [
            41
        ],
        "scheme_launch_date": "June 23,1999 "
    },
    "LIC MF BANK&ONG & PSU FUND": {
        "amc_name": "LIC Mutual Fund Asset Management Limited",
        "benchmark_index": "NIFTY Banking & PSU Debt Index A-II ",
        "fund_manager": [
            {
                "managing_fund_since": "",
                "name": "Marzban Irani",
                "qualification": "",
                "total_exp": "24 Years"
            },
            {
                "managing_fund_since": "",
                "name": "Pratik Shroff",
                "qualification": "",
                "total_exp": "17 Years"
            }
        ],
        "load": {
            "entry_load": "",
            "exit_load": "Nil"
        },
        "main_scheme_name": "LIC MF BANK&ONG & PSU FUND",
        "metrics": {
            "alpha": null,
            "arithmetic_mean_ratio": null,
            "average_div_yld": null,
            "average_pb": null,
            "average_pe": null,
            "avg_maturity": null,
            "beta": null,
            "correlation_ratio": null,
            "downside_deviation": null,
            "information_ratio": null,
            "macaulay": null,
            "mod_duration": null,
            "port_turnover_ratio": null,
            "r_squared_ratio": null,
            "roe_ratio": null,
            "sharpe": null,
            "sortino_ratio": null,
            "std_dev": null,
            "tracking_error": null,
            "treynor_ratio": null,
            "upside_deviation": null,
            "ytm": null
        },
        "min_addl_amt": "",
        "min_addl_amt_multiple": "",
        "min_amt": "\u20b9 5000",
        "min_amt_multiple": "\u20b9 1",
        "monthly_aaum_date": "30-04-2025",
        "monthly_aaum_value": "\u20b9 1,817.62",
        "mutual_fund_name": "LIC Mutual Fund",
        "page_number": [
            42
        ],
        "scheme_launch_date": "May 31, 2007 "
    },
    "LIC MF_ SHORT DURATION FUND": {
        "amc_name": "LIC Mutual Fund Asset Management Limited",
        "benchmark_index": "CRISIL Short Duration Debt A-II Index ",
        "fund_manager": [
            {
                "managing_fund_since": "",
                "name": "Marzban Irani",
                "qualification": "",
                "total_exp": "24 Years"
            },
            {
                "managing_fund_since": "",
                "name": "Pratik Shroff",
                "qualification": "",
                "total_exp": "17 Years"
            }
        ],
        "load": {
            "entry_load": "",
            "exit_load": "Nil"
        },
        "main_scheme_name": "LIC MF_ SHORT DURATION FUND",
        "metrics": {
            "alpha": null,
            "arithmetic_mean_ratio": null,
            "average_div_yld": null,
            "average_pb": null,
            "average_pe": null,
            "avg_maturity": null,
            "beta": null,
            "correlation_ratio": null,
            "downside_deviation": null,
            "information_ratio": null,
            "macaulay": null,
            "mod_duration": null,
            "port_turnover_ratio": null,
            "r_squared_ratio": null,
            "roe_ratio": null,
            "sharpe": null,
            "sortino_ratio": null,
            "std_dev": null,
            "tracking_error": null,
            "treynor_ratio": null,
            "upside_deviation": null,
            "ytm": null
        },
        "min_addl_amt": "",
        "min_addl_amt_multiple": "",
        "min_amt": "\u20b9 5000",
        "min_amt_multiple": "\u20b9 1",
        "monthly_aaum_date": "30-04-2025",
        "monthly_aaum_value": "\u20b9 115.23",
        "mutual_fund_name": "LIC Mutual Fund",
        "page_number": [
            43
        ],
        "scheme_launch_date": "February 1, 2019 "
    },
    "LIC MGI FUND": {
        "amc_name": "LIC Mutual Fund Asset Management Limited",
        "benchmark_index": "NIFTY All Duration G-Sec Index ",
        "fund_manager": [
            {
                "managing_fund_since": "",
                "name": "Marzban Irani",
                "qualification": "",
                "total_exp": "24 Years"
            },
            {
                "managing_fund_since": "",
                "name": "Pratik Shroff",
                "qualification": "",
                "total_exp": "17 Years"
            }
        ],
        "load": {
            "entry_load": "",
            "exit_load": "0.25 if exit within 30 days from date of allotment of units"
        },
        "main_scheme_name": "LIC MGI FUND",
        "metrics": {
            "alpha": null,
            "arithmetic_mean_ratio": null,
            "average_div_yld": null,
            "average_pb": null,
            "average_pe": null,
            "avg_maturity": null,
            "beta": null,
            "correlation_ratio": null,
            "downside_deviation": null,
            "information_ratio": null,
            "macaulay": null,
            "mod_duration": null,
            "port_turnover_ratio": null,
            "r_squared_ratio": null,
            "roe_ratio": null,
            "sharpe": null,
            "sortino_ratio": null,
            "std_dev": null,
            "tracking_error": null,
            "treynor_ratio": null,
            "upside_deviation": null,
            "ytm": null
        },
        "min_addl_amt": "",
        "min_addl_amt_multiple": "",
        "min_amt": "\u20b9 10,000",
        "min_amt_multiple": "\u20b9 1",
        "monthly_aaum_date": "30-04-2025",
        "monthly_aaum_value": "\u20b9 102.23",
        "mutual_fund_name": "LIC Mutual Fund",
        "page_number": [
            45
        ],
        "scheme_launch_date": "December 10, 1999 "
    },
    "LIC MF l HILDRENS FUND": {
        "amc_name": "LIC Mutual Fund Asset Management Limited",
        "benchmark_index": "Crisil Hybrid 35 + 65 - Aggressive Index ",
        "fund_manager": [
            {
                "managing_fund_since": "",
                "name": "Nikhil Rungta",
                "qualification": "",
                "total_exp": "16 Years"
            },
            {
                "managing_fund_since": "",
                "name": "Pratik Shroff",
                "qualification": "",
                "total_exp": "17 Years"
            }
        ],
        "load": {
            "entry_load": "",
            "exit_load": "Nil Lock-in Period- Lock-in-period for at least 5 years or till the child attains age of majority whichever is earlier."
        },
        "main_scheme_name": "LIC MF l HILDRENS FUND",
        "metrics": {
            "alpha": null,
            "arithmetic_mean_ratio": null,
            "average_div_yld": null,
            "average_pb": null,
            "average_pe": null,
            "avg_maturity": null,
            "beta": null,
            "correlation_ratio": null,
            "downside_deviation": null,
            "information_ratio": null,
            "macaulay": null,
            "mod_duration": null,
            "port_turnover_ratio": null,
            "r_squared_ratio": null,
            "roe_ratio": null,
            "sharpe": null,
            "sortino_ratio": null,
            "std_dev": null,
            "tracking_error": null,
            "treynor_ratio": null,
            "upside_deviation": null,
            "ytm": null
        },
        "min_addl_amt": "",
        "min_addl_amt_multiple": "",
        "min_amt": "\u20b9 5000",
        "min_amt_multiple": "\u20b9 1",
        "monthly_aaum_date": "30-04-2025",
        "monthly_aaum_value": "\u20b9 16.44",
        "mutual_fund_name": "LIC Mutual Fund",
        "page_number": [
            46
        ],
        "scheme_launch_date": "November 12, 2001 "
    },
    "BSE SENSEX ETF": {
        "amc_name": "LIC Mutual Fund Asset Management Limited",
        "benchmark_index": "BSE Sensex TRI Minimum Investment (lumpsum): For Subscription of units directly with Mutual Fund: All direct transactions in units of the Scheme by Market Makers (MM) /Authorised Participants (AP) or other eligible investors with the AMC/the Fund shall be at intra-day NAV based on the actual execution price of the underlying portfolio. Any order placed for redemption or subscription directly with the AMC must be of greater than INR 25 Cr. The aforesaid threshold shall not be applicable for APs/MMs and shall be periodically reviewed. Each creation unit consists of 2,000 units of LIC MF  BSE Sensex ETF. The Fund may from time to time change the size of the Creation Unit in order to equate it with marketable lots of the underlying instruments. For Purchase / Sale of units through Stock Exchange: As the Units of the Schemes are listed on NSE & BSE, an Investor can buy Units on continuous basis on the capital market segment of NSE during trading hours like any other publicly traded stock at prices which may be close to the actual NAV of the Scheme. There is no minimum investment, although Units are Purchased in round lots of 1 (one) Unit. ",
        "fund_manager": [
            {
                "managing_fund_since": "",
                "name": "Sumit Bhatnagar",
                "qualification": "",
                "total_exp": "24Years"
            }
        ],
        "load": {
            "entry_load": "",
            "exit_load": "Nil Liquidity The Units of the scheme are listed on National Stock Exchange(NSE)  Bombay Stock Exchange Ltd.(BSE). NSE Disclaimer It is to be distinctly understood that the permission given by NSE Limited should not in any way be deemed or construed that the Scheme Information Document has been cleared or approved by NSE nor does it certify the correctness or completeness of any of the contents of the Scheme Information Document. The investors are advised to refer to the Scheme Information Document for the full text of the Disclaimer Clause of NSE . BSE Disclaimer It is to be distinctly understood that the permission given by BSE Limited should not in any way be deemed or construed that the SID has been cleared or approved by BSE Limited nor does it certify the correctness or completeness of any of the contents of the SID. The investors are advised to refer to the SID for the full text of the Disclaimer Clause of the BSE Limited."
        },
        "main_scheme_name": "BSE SENSEX ETF",
        "metrics": {
            "alpha": null,
            "arithmetic_mean_ratio": null,
            "average_div_yld": null,
            "average_pb": null,
            "average_pe": null,
            "avg_maturity": null,
            "beta": null,
            "correlation_ratio": null,
            "downside_deviation": null,
            "information_ratio": null,
            "macaulay": null,
            "mod_duration": null,
            "port_turnover_ratio": null,
            "r_squared_ratio": null,
            "roe_ratio": null,
            "sharpe": null,
            "sortino_ratio": null,
            "std_dev": null,
            "tracking_error": "0.06",
            "treynor_ratio": null,
            "upside_deviation": null,
            "ytm": null
        },
        "min_addl_amt": "",
        "min_addl_amt_multiple": "",
        "min_amt": "",
        "min_amt_multiple": "",
        "monthly_aaum_date": "30-04-2025",
        "monthly_aaum_value": "\u20b9 808.47",
        "mutual_fund_name": "LIC Mutual Fund",
        "page_number": [
            47
        ],
        "scheme_launch_date": "November 30, 2015 "
    },
    "LIC MF NIFTY 50ETF": {
        "amc_name": "LIC Mutual Fund Asset Management Limited",
        "benchmark_index": "Nifty 50 TRI Minimum Investment (lumpsum): For Subscription of units directly with Mutual Fund: All direct transactions in units of the Scheme by Market Makers (MM) /Authorised Participants (AP) or other eligible investors with the AMC/the Fund shall be at intra-day NAV based on the actual execution price of the underlying portfolio. Any order placed for redemption or subscription directly with the AMC must be of greater than INR 25 Cr. The aforesaid threshold shall not be applicable for APs/MMs and shall be periodically reviewed. Each creation unit consists of 50,000 units of LIC MF Nifty 50 ETF. The Fund may from time to time change the size of the Creation Unit in order to equate it with marketable lots of the underlying instruments. For Purchase / Sale of units through Stock Exchange: As the Units of the Schemes are listed on NSE & BSE, an Investor can buy Units on continuous basis on the capital market segment of NSE during trading hours like any other publicly traded stock at prices which may be close to the actual NAV of the Scheme. There is no minimum investment, although Units are Purchased in round lots of 1 (one) Unit. ",
        "fund_manager": [
            {
                "managing_fund_since": "",
                "name": "Sumit Bhatnagar",
                "qualification": "",
                "total_exp": "24Years"
            }
        ],
        "load": {
            "entry_load": "",
            "exit_load": "Nil Liquidity The Units of the scheme are listed on National Stock Exchange(NSE)  Bombay Stock Exchange Ltd.(BSE). NSE Disclaimer It is to be distinctly understood that the permission given by NSE Limited should not in any way be deemed or construed that the Scheme Information Document has been cleared or approved by NSE nor does it certify the correctness or completeness of any of the contents of the Scheme Information Document. The investors are advised to refer to the Scheme Information Document for the full text of the Disclaimer Clause of NSE . BSE Disclaimer It is to be distinctly understood that the permission given by BSE Limited should not in any way be deemed or construed that the SID has been cleared or approved by BSE Limited nor does it certify the correctness or completeness of any of the contents of the SID. The investors are advised to refer to the SID for the full text of the Disclaimer Clause of the BSE Limited."
        },
        "main_scheme_name": "LIC MF NIFTY 50ETF",
        "metrics": {
            "alpha": null,
            "arithmetic_mean_ratio": null,
            "average_div_yld": null,
            "average_pb": null,
            "average_pe": null,
            "avg_maturity": null,
            "beta": null,
            "correlation_ratio": null,
            "downside_deviation": null,
            "information_ratio": null,
            "macaulay": null,
            "mod_duration": null,
            "port_turnover_ratio": null,
            "r_squared_ratio": null,
            "roe_ratio": null,
            "sharpe": null,
            "sortino_ratio": null,
            "std_dev": null,
            "tracking_error": "0.06",
            "treynor_ratio": null,
            "upside_deviation": null,
            "ytm": null
        },
        "min_addl_amt": "",
        "min_addl_amt_multiple": "",
        "min_amt": "",
        "min_amt_multiple": "",
        "monthly_aaum_date": "30-04-2025",
        "monthly_aaum_value": "\u20b9 808.45",
        "mutual_fund_name": "LIC Mutual Fund",
        "page_number": [
            48
        ],
        "scheme_launch_date": "November 20, 2015 "
    },
    "LIC MF NIFTY 100 ETF": {
        "amc_name": "LIC Mutual Fund Asset Management Limited",
        "benchmark_index": "Nifty 100 TRI Minimum Investment (lumpsum): For Subscription of units directly with Mutual Fund: All direct transactions in units of the Scheme by Market Makers (MM) /Authorised Participants (AP) or other eligible investors with the AMC/the Fund shall be at intra-day NAV based on the actual execution price of the underlying portfolio. Any order placed for redemption or subscription directly with the AMC must be of greater than INR 25 Cr. The aforesaid threshold shall not be applicable for APs/MMs and shall be periodically reviewed. Each creation unit consists of 2,00,000 units of LIC MF Nifty  100 ETF. The Fund may from time to time change the size of the Creation Unit in order to equate it with marketable lots of the underlying instruments. For Purchase / Sale of units through Stock Exchange: As the Units of the Schemes are listed on NSE & BSE, an Investor can buy Units on continuous basis on the capital market segment of NSE during trading hours like any other publicly traded stock at prices which may be close to the actual NAV of the Scheme. There is no minimum investment, although Units are Purchased in round lots of 1 (one) Unit. ",
        "fund_manager": [
            {
                "managing_fund_since": "",
                "name": "Sumit Bhatnagar",
                "qualification": "",
                "total_exp": "24Years"
            }
        ],
        "load": {
            "entry_load": "",
            "exit_load": "Nil Liquidity The Units of the scheme are listed on National Stock Exchange(NSE)  Bombay Stock Exchange Ltd.(BSE). NSE Disclaimer It is to be distinctly understood that the permission given by NSE Limited should not in any way be deemed or construed that the Scheme Information Document has been cleared or approved by NSE nor does it certify the correctness or completeness of any of the contents of the Scheme Information Document. The investors are advised to refer to the Scheme Information Document for the full text of the Disclaimer Clause of NSE . BSE Disclaimer It is to be distinctly understood that the permission given by BSE Limited should not in any way be deemed or construed that the SID has been cleared or approved by BSE Limited nor does it certify the correctness or completeness of any of the contents of the SID. The investors are advised to refer to the SID for the full text of the Disclaimer Clause of the BSE Limited."
        },
        "main_scheme_name": "LIC MF NIFTY 100 ETF",
        "metrics": {
            "alpha": null,
            "arithmetic_mean_ratio": null,
            "average_div_yld": null,
            "average_pb": null,
            "average_pe": null,
            "avg_maturity": null,
            "beta": null,
            "correlation_ratio": null,
            "downside_deviation": null,
            "information_ratio": null,
            "macaulay": null,
            "mod_duration": null,
            "port_turnover_ratio": null,
            "r_squared_ratio": null,
            "roe_ratio": null,
            "sharpe": null,
            "sortino_ratio": null,
            "std_dev": null,
            "tracking_error": "0.07",
            "treynor_ratio": null,
            "upside_deviation": null,
            "ytm": null
        },
        "min_addl_amt": "",
        "min_addl_amt_multiple": "",
        "min_amt": "",
        "min_amt_multiple": "",
        "monthly_aaum_date": "30-04-2025",
        "monthly_aaum_value": "\u20b9 691.64",
        "mutual_fund_name": "LIC Mutual Fund",
        "page_number": [
            49
        ],
        "scheme_launch_date": "March 17, 2016 "
    },
    "LIC MF NIFTY MIDCAP 100 ETF": {
        "amc_name": "LIC Mutual Fund Asset Management Limited",
        "benchmark_index": "Nifty Midcap 100 - TRI Minimum Investment (lumpsum): For Subscription of units directly with Mutual Fund: All direct transactions in units of the Scheme by Market Makers/ Authorised Participants or other eligible investors with the AMC/the Fund shall be at intra- day NAV based on the actual execution price of the underlying portfolio. Any order placed for redemption or subscription directly with the AMC must be of greater than INR 25 Cr. The aforesaid threshold shall not be applicable for APs/MMs and shall be periodically reviewed. Each creation unit consists of 2,00,000 units of LIC MF Nifty Midcap 100 ETF. The Fund may from time to time change the size of the Creation Unit in order to equate it with marketable lots of the underlying instruments. For Purchase / Sale of units through Stock Exchange: As the Units of the Schemes are listed on NSE & BSE, an Investor can buy Units on continuous basis on the capital market segment of NSE during trading hours like any other publicly traded stock at prices which may be close to the actual NAV of the Scheme. There is no minimum investment, although Units are Purchased in round lots of 1 (one) Unit. ",
        "fund_manager": [
            {
                "managing_fund_since": "",
                "name": "Sumit Bhatnagar",
                "qualification": "",
                "total_exp": "24 Years"
            }
        ],
        "load": {
            "entry_load": "",
            "exit_load": "- Nil Liquidity The Units of the scheme are listed on National Stock Exchange(NSE)  Bombay Stock Exchange Ltd.(BSE). NSE Disclaimer It is to be distinctly understood that the permission given by NSE Limited should not in any way be deemed or construed that the Scheme Information Document has been cleared or approved by NSE nor does it certify the correctness or completeness of any of the contents of the Scheme Information Document. The investors are advised to refer to the Scheme Information Document for the full text of the Disclaimer Clause of NSE . BSE Disclaimer It is to be distinctly understood that the permission given by BSE Limited should not in any way be deemed or construed that the SID has been cleared or approved by BSE Limited nor does it certify the correctness or completeness of any of the contents of the SID. The investors are advised to refer to the SID for the full text of the Disclaimer Clause of  the BSE Limited."
        },
        "main_scheme_name": "LIC MF NIFTY MIDCAP 100 ETF",
        "metrics": {
            "alpha": null,
            "arithmetic_mean_ratio": null,
            "average_div_yld": null,
            "average_pb": null,
            "average_pe": null,
            "avg_maturity": null,
            "beta": null,
            "correlation_ratio": null,
            "downside_deviation": null,
            "information_ratio": null,
            "macaulay": null,
            "mod_duration": null,
            "port_turnover_ratio": null,
            "r_squared_ratio": null,
            "roe_ratio": null,
            "sharpe": null,
            "sortino_ratio": null,
            "std_dev": null,
            "tracking_error": "0.24",
            "treynor_ratio": null,
            "upside_deviation": null,
            "ytm": null
        },
        "min_addl_amt": "",
        "min_addl_amt_multiple": "",
        "min_amt": "",
        "min_amt_multiple": "",
        "monthly_aaum_date": "30-04-2025",
        "monthly_aaum_value": "\u20b9 675.50",
        "mutual_fund_name": "LIC Mutual Fund",
        "page_number": [
            50
        ],
        "scheme_launch_date": "February 14, 2024 "
    },
    "LIC MF NIFTY 8-13 YR G-SECETF": {
        "amc_name": "LIC Mutual Fund Asset Management Limited",
        "benchmark_index": "Nifty 8-13 yr G-Sec Index Minimum Investment (lumpsum): For Subscription of units directly with Mutual Fund: All direct transactions in units of the Scheme by Market Makers (MM) /Authorised Participants (AP)or other eligible investors with the AMC/the Fund shall be at intra-day NAV based on the actual execution price of the underlying portfolio. Any order placed for redemption or subscription directly with the AMC must be of greater than INR 25 Cr. The aforesaid threshold shall not be applicable for APs/MMs and shall be periodically reviewed. Each creation unit consists of 1,00,000 units of LIC MF Nifty 8-13 yr G-sec ETF. The Fund may from time to time change the size of the Creation Unit in order to equate it with marketable lots of the underlying instruments. For Purchase / Sale of units through Stock Exchange: As the Units of the Schemes are listed on NSE, an Investor can buy Units on continuous basis on the capital market segment of NSE during trading hours like any other publicly traded stock at prices which may be close to the actual NAV of the Scheme. There is no minimum investment, although Units are Purchased in round lots of 1 (one) Unit. ",
        "fund_manager": [
            {
                "managing_fund_since": "",
                "name": "Marzban Irani",
                "qualification": "",
                "total_exp": "24Years"
            },
            {
                "managing_fund_since": "",
                "name": "Pratik Shroff",
                "qualification": "",
                "total_exp": "17 Years"
            }
        ],
        "load": {
            "entry_load": "",
            "exit_load": "N il Liquidity The Units of the scheme are listed on National Stock Exchange(NSE). NSE Disclaimer It is to be distinctly understood that the permission given by NSE Limited should not in any way be deemed or construed that the Scheme Information Document has been cleared or approved by NSE nor does it certify the correctness or completeness of any of the contents of the Scheme Information Document. The investors are advised to refer to the Scheme Information Document for the full text of the Disclaimer Clause of NSE ."
        },
        "main_scheme_name": "LIC MF NIFTY 8-13 YR G-SECETF",
        "metrics": {
            "alpha": null,
            "arithmetic_mean_ratio": null,
            "average_div_yld": null,
            "average_pb": null,
            "average_pe": null,
            "avg_maturity": "8.88 years",
            "beta": null,
            "correlation_ratio": null,
            "downside_deviation": null,
            "information_ratio": null,
            "macaulay": "6.80 years",
            "mod_duration": "6.58 years",
            "port_turnover_ratio": null,
            "r_squared_ratio": null,
            "roe_ratio": null,
            "sharpe": null,
            "sortino_ratio": null,
            "std_dev": null,
            "tracking_error": "0.11",
            "treynor_ratio": null,
            "upside_deviation": null,
            "ytm": "6.83"
        },
        "min_addl_amt": "",
        "min_addl_amt_multiple": "",
        "min_amt": "",
        "min_amt_multiple": "",
        "monthly_aaum_date": "30-04-2025",
        "monthly_aaum_value": "\u20b9 2,408.51",
        "mutual_fund_name": "LIC Mutual Fund",
        "page_number": [
            51
        ],
        "scheme_launch_date": "December 24, 2014 "
    },
    "LIC MF BSE SENSEX INDEX FUND": {
        "amc_name": "LIC Mutual Fund Asset Management Limited",
        "benchmark_index": "BSE Sensex TRI ",
        "fund_manager": [
            {
                "managing_fund_since": "",
                "name": "Sumit Bhatnagar",
                "qualification": "",
                "total_exp": "24Years"
            }
        ],
        "load": {
            "entry_load": "",
            "exit_load": "0.25 if redeemed or switch out on or before completion of 7 Days from the date of allotment of units  Nil after 7 days"
        },
        "main_scheme_name": "LIC MF BSE SENSEX INDEX FUND",
        "metrics": {
            "alpha": null,
            "arithmetic_mean_ratio": null,
            "average_div_yld": null,
            "average_pb": null,
            "average_pe": null,
            "avg_maturity": null,
            "beta": null,
            "correlation_ratio": null,
            "downside_deviation": null,
            "information_ratio": null,
            "macaulay": null,
            "mod_duration": null,
            "port_turnover_ratio": null,
            "r_squared_ratio": null,
            "roe_ratio": null,
            "sharpe": null,
            "sortino_ratio": null,
            "std_dev": null,
            "tracking_error": "0.12",
            "treynor_ratio": null,
            "upside_deviation": null,
            "ytm": null
        },
        "min_addl_amt": "",
        "min_addl_amt_multiple": "",
        "min_amt": "\u20b9 5000",
        "min_amt_multiple": "\u20b9 1",
        "monthly_aaum_date": "30-04-2025",
        "monthly_aaum_value": "\u20b9 81.84",
        "mutual_fund_name": "LIC Mutual Fund",
        "page_number": [
            52
        ],
        "scheme_launch_date": "December 05, 2002 "
    },
    "LIC MF NIFTY 50 INDEX FUND": {
        "amc_name": "LIC Mutual Fund Asset Management Limited",
        "benchmark_index": "Nifty 50 TRI ",
        "fund_manager": [
            {
                "managing_fund_since": "",
                "name": "Sumit Bhatnagar",
                "qualification": "",
                "total_exp": "24Years"
            }
        ],
        "load": {
            "entry_load": "",
            "exit_load": "0.25 if redeemed or switch out on or before completion of 7 Days from the date of allotment of units  Nil after 7 days"
        },
        "main_scheme_name": "LIC MF NIFTY 50 INDEX FUND",
        "metrics": {
            "alpha": null,
            "arithmetic_mean_ratio": null,
            "average_div_yld": null,
            "average_pb": null,
            "average_pe": null,
            "avg_maturity": null,
            "beta": null,
            "correlation_ratio": null,
            "downside_deviation": null,
            "information_ratio": null,
            "macaulay": null,
            "mod_duration": null,
            "port_turnover_ratio": null,
            "r_squared_ratio": null,
            "roe_ratio": null,
            "sharpe": null,
            "sortino_ratio": null,
            "std_dev": null,
            "tracking_error": "0.10",
            "treynor_ratio": null,
            "upside_deviation": null,
            "ytm": null
        },
        "min_addl_amt": "",
        "min_addl_amt_multiple": "",
        "min_amt": "\u20b9 5000",
        "min_amt_multiple": "\u20b9 1",
        "monthly_aaum_date": "30-04-2025",
        "monthly_aaum_value": "\u20b9 311.64",
        "mutual_fund_name": "LIC Mutual Fund",
        "page_number": [
            53
        ],
        "scheme_launch_date": "December 05, 2002 "
    },
    "LIC MF NIFTY NEXT 50 INDEX FUND": {
        "amc_name": "LIC Mutual Fund Asset Management Limited",
        "benchmark_index": "Nifty Next 50 - TRI ",
        "fund_manager": [
            {
                "managing_fund_since": "",
                "name": "Sumit Bhatnagar",
                "qualification": "",
                "total_exp": "24 Years"
            }
        ],
        "load": {
            "entry_load": "",
            "exit_load": "- Nil"
        },
        "main_scheme_name": "LIC MF NIFTY NEXT 50 INDEX FUND",
        "metrics": {
            "alpha": null,
            "arithmetic_mean_ratio": null,
            "average_div_yld": null,
            "average_pb": null,
            "average_pe": null,
            "avg_maturity": null,
            "beta": null,
            "correlation_ratio": null,
            "downside_deviation": null,
            "information_ratio": null,
            "macaulay": null,
            "mod_duration": null,
            "port_turnover_ratio": null,
            "r_squared_ratio": null,
            "roe_ratio": null,
            "sharpe": null,
            "sortino_ratio": null,
            "std_dev": null,
            "tracking_error": "0.18",
            "treynor_ratio": null,
            "upside_deviation": null,
            "ytm": null
        },
        "min_addl_amt": "",
        "min_addl_amt_multiple": "",
        "min_amt": "\u20b9 5000",
        "min_amt_multiple": "\u20b9 1",
        "monthly_aaum_date": "30-04-2025",
        "monthly_aaum_value": "\u20b9 90.69",
        "mutual_fund_name": "LIC Mutual Fund",
        "page_number": [
            54
        ],
        "scheme_launch_date": "September 20, 2010 "
    },
    "LIC MF G2LD EXCHANGE TRADED FUND": {
        "amc_name": "LIC Mutual Fund Asset Management Limited",
        "benchmark_index": "Domestic Price of Gold ",
        "fund_manager": [
            {
                "managing_fund_since": "",
                "name": "Sumit Bhatnagar",
                "qualification": "",
                "total_exp": "24 Years"
            }
        ],
        "load": {
            "entry_load": "",
            "exit_load": "- Nil Liquidity The Units of the scheme are listed on National Stock Exchange(NSE)  Bombay Stock Exchange Ltd.(BSE). NSE Disclaimer It is to be distinctly understood that the permission given by NSE Limited should not in any way be deemed or construed that the Scheme Information Document has been cleared or approved by NSE nor does it certify the correctness or completeness of any of the contents of the Scheme Information Document. The investors are advised to refer to the Scheme Information Document for the full text of the Disclaimer Clause of NSE . BSE Disclaimer It is to be distinctly understood that the permission given by BSE Limited should not in any way be deemed or construed that the SID has been cleared or approved by BSE Limited nor does it certify the correctness or completeness of any of the contents of the SID. The investors are advised to refer to the SID for the full text of the Disclaimer Clause of  the BSE Limited."
        },
        "main_scheme_name": "LIC MF G2LD EXCHANGE TRADED FUND",
        "metrics": {
            "alpha": null,
            "arithmetic_mean_ratio": null,
            "average_div_yld": null,
            "average_pb": null,
            "average_pe": null,
            "avg_maturity": null,
            "beta": null,
            "correlation_ratio": null,
            "downside_deviation": null,
            "information_ratio": null,
            "macaulay": null,
            "mod_duration": null,
            "port_turnover_ratio": null,
            "r_squared_ratio": null,
            "roe_ratio": null,
            "sharpe": null,
            "sortino_ratio": null,
            "std_dev": null,
            "tracking_error": "0.12",
            "treynor_ratio": null,
            "upside_deviation": null,
            "ytm": null
        },
        "min_addl_amt": "",
        "min_addl_amt_multiple": "",
        "min_amt": "\u20b9 1000",
        "min_amt_multiple": "\u20b9 1000",
        "monthly_aaum_date": "30-04-2025",
        "monthly_aaum_value": "\u20b9 180.17",
        "mutual_fund_name": "LIC Mutual Fund",
        "page_number": [
            55
        ],
        "scheme_launch_date": "November 09, 2011 "
    },
    "LIC MF GSLD ETF FUND OF FUND": {
        "amc_name": "LIC Mutual Fund Asset Management Limited",
        "benchmark_index": "Domestic Price of Gold ",
        "fund_manager": [
            {
                "managing_fund_since": "",
                "name": "Sumit Bhatnagar",
                "qualification": "",
                "total_exp": "24 Years"
            }
        ],
        "load": {
            "entry_load": "",
            "exit_load": "1 for exit (redemption  switchout  transfer SWP) within 15 days from the date of allotment.  Nil, if units of scheme are redeemed or switched out after 15 days from the date of allotment."
        },
        "main_scheme_name": "LIC MF GSLD ETF FUND OF FUND",
        "metrics": {
            "alpha": null,
            "arithmetic_mean_ratio": null,
            "average_div_yld": null,
            "average_pb": null,
            "average_pe": null,
            "avg_maturity": null,
            "beta": null,
            "correlation_ratio": null,
            "downside_deviation": null,
            "information_ratio": null,
            "macaulay": null,
            "mod_duration": null,
            "port_turnover_ratio": null,
            "r_squared_ratio": null,
            "roe_ratio": null,
            "sharpe": null,
            "sortino_ratio": null,
            "std_dev": null,
            "tracking_error": null,
            "treynor_ratio": null,
            "upside_deviation": null,
            "ytm": null
        },
        "min_addl_amt": "",
        "min_addl_amt_multiple": "",
        "min_amt": "\u20b9 5000",
        "min_amt_multiple": "\u20b9 1",
        "monthly_aaum_date": "30-04-2025",
        "monthly_aaum_value": "\u20b9 75.93",
        "mutual_fund_name": "LIC Mutual Fund",
        "page_number": [
            56
        ],
        "scheme_launch_date": "August 14, 2012 "
    }
}