{
    "Axis Nifty 100 Index Fund": {
        "amc_name": "Axis Asset Management Company Limited",
        "benchmark_index": "NIFTY 100 TRI",
        "fund_manager": [
            {
                "managing_fund_since": "3Rd August 2023",
                "name": "Karthik Kumar",
                "qualification": "",
                "total_exp": "15 Years"
            }
        ],
        "load": {
            "entry_load": "NA",
            "exit_load": "Nil"
        },
        "main_scheme_name": "Axis Nifty 100 Index Fund",
        "metrics": {
            "alpha": null,
            "arithmetic_mean_ratio": null,
            "average_div_yld": "1.25",
            "average_pb": null,
            "average_pe": null,
            "avg_maturity": null,
            "beta": null,
            "correlation_ratio": null,
            "downside_deviation": null,
            "information_ratio": null,
            "macaulay": null,
            "mod_duration": null,
            "pb_multiple": "3.57",
            "pe_multiple": "22.29",
            "port_turnover_ratio": null,
            "r_squared_ratio": null,
            "roe_ratio": null,
            "sharpe": null,
            "sortino_ratio": null,
            "std_dev": null,
            "tracking_error": "0.10",
            "treynor_ratio": null,
            "upside_deviation": null,
            "ytm": null
        },
        "min_addl_amt": "",
        "min_addl_amt_multiple": "",
        "min_amt": "\u20b9 100",
        "min_amt_multiple": "\u20b9 1",
        "monthly_aaum_date": "30-04-2025",
        "monthly_aaum_value": "\u20b9 1670.59 cr.",
        "mutual_fund_name": "Axis Mutual Fund",
        "page_number": [
            6
        ],
        "scheme_launch_date": "18Oct2019"
    },
    "Axis Nifty 50 Index Fund": {
        "amc_name": "Axis Asset Management Company Limited",
        "benchmark_index": "Nifty 50 TRI",
        "fund_manager": [
            {
                "managing_fund_since": "3Rd August 2023",
                "name": "Karthik Kumar",
                "qualification": "",
                "total_exp": "15 Years"
            }
        ],
        "load": {
            "entry_load": "NA",
            "exit_load": "Nil"
        },
        "main_scheme_name": "Axis Nifty 50 Index Fund",
        "metrics": {
            "alpha": null,
            "arithmetic_mean_ratio": null,
            "average_div_yld": "1.27",
            "average_pb": null,
            "average_pe": null,
            "avg_maturity": null,
            "beta": null,
            "correlation_ratio": null,
            "downside_deviation": null,
            "information_ratio": null,
            "macaulay": null,
            "mod_duration": null,
            "pb_multiple": "3.54",
            "pe_multiple": "21.84",
            "port_turnover_ratio": null,
            "r_squared_ratio": null,
            "roe_ratio": null,
            "sharpe": null,
            "sortino_ratio": null,
            "std_dev": null,
            "tracking_error": "0.10",
            "treynor_ratio": null,
            "upside_deviation": null,
            "ytm": null
        },
        "min_addl_amt": "",
        "min_addl_amt_multiple": "",
        "min_amt": "\u20b9 100",
        "min_amt_multiple": "\u20b9 1",
        "monthly_aaum_date": "30-04-2025",
        "monthly_aaum_value": "\u20b9 587.61 cr.",
        "mutual_fund_name": "Axis Mutual Fund",
        "page_number": [
            7
        ],
        "scheme_launch_date": "03Dec2021"
    },
    "Axis BSE Sensex Index Fund": {
        "amc_name": "Axis Asset Management Company Limited",
        "benchmark_index": "BSE Sensex TRI",
        "fund_manager": [
            {
                "managing_fund_since": "27Th February 2024",
                "name": "Karthik Kumar",
                "qualification": "",
                "total_exp": "15 Years"
            }
        ],
        "load": {
            "entry_load": "NA",
            "exit_load": "If redeemedswitched out within 7 days from the  investmentallotment 0.25, If redeemedswitch"
        },
        "main_scheme_name": "Axis BSE Sensex Index Fund",
        "metrics": {
            "alpha": null,
            "arithmetic_mean_ratio": null,
            "average_div_yld": "1.16",
            "average_pb": null,
            "average_pe": null,
            "avg_maturity": null,
            "beta": null,
            "correlation_ratio": null,
            "downside_deviation": null,
            "information_ratio": null,
            "macaulay": null,
            "mod_duration": null,
            "port_turnover_ratio": null,
            "r_squared_ratio": null,
            "roe_ratio": null,
            "sharpe": null,
            "sortino_ratio": null,
            "std_dev": null,
            "tracking_error": "0.11",
            "treynor_ratio": null,
            "upside_deviation": null,
            "ytm": null
        },
        "min_addl_amt": "",
        "min_addl_amt_multiple": "",
        "min_amt": "",
        "min_amt_multiple": "",
        "monthly_aaum_date": "30-04-2025",
        "monthly_aaum_value": "\u20b9 45.49 cr.",
        "mutual_fund_name": "Axis Mutual Fund",
        "page_number": [
            8
        ],
        "scheme_launch_date": ""
    },
    "Axis Nifty Next 50 Index Fund": {
        "amc_name": "Axis Asset Management Company Limited",
        "benchmark_index": "",
        "fund_manager": [
            {
                "managing_fund_since": "3Rd August 2023",
                "name": "Karthik Kumar",
                "qualification": "",
                "total_exp": "15 Years"
            }
        ],
        "load": {
            "entry_load": "NA",
            "exit_load": "Nil"
        },
        "main_scheme_name": "Axis Nifty Next 50 Index Fund",
        "metrics": {
            "alpha": null,
            "arithmetic_mean_ratio": null,
            "average_div_yld": "1.16",
            "average_pb": null,
            "average_pe": null,
            "avg_maturity": null,
            "beta": null,
            "correlation_ratio": null,
            "downside_deviation": null,
            "information_ratio": null,
            "macaulay": null,
            "mod_duration": null,
            "port_turnover_ratio": null,
            "r_squared_ratio": null,
            "roe_ratio": null,
            "sharpe": null,
            "sortino_ratio": null,
            "std_dev": null,
            "tracking_error": null,
            "treynor_ratio": null,
            "upside_deviation": null,
            "ytm": null
        },
        "min_addl_amt": "",
        "min_addl_amt_multiple": "",
        "min_amt": "",
        "min_amt_multiple": "",
        "monthly_aaum_date": "30-04-2025",
        "monthly_aaum_value": "\u20b9 291.57 cr.",
        "mutual_fund_name": "Axis Mutual Fund",
        "page_number": [
            9
        ],
        "scheme_launch_date": ""
    },
    "Axis Nifty Smallcap 50 Index Fund": {
        "amc_name": "Axis Asset Management Company Limited",
        "benchmark_index": "",
        "fund_manager": [
            {
                "managing_fund_since": "3Rd August 2023",
                "name": "Karthik Kumar",
                "qualification": "",
                "total_exp": "15 Years"
            }
        ],
        "load": {
            "entry_load": "NA",
            "exit_load": "Nil"
        },
        "main_scheme_name": "Axis Nifty Smallcap 50 Index Fund",
        "metrics": {
            "alpha": null,
            "arithmetic_mean_ratio": null,
            "average_div_yld": "0.85",
            "average_pb": null,
            "average_pe": null,
            "avg_maturity": null,
            "beta": null,
            "correlation_ratio": null,
            "downside_deviation": null,
            "information_ratio": null,
            "macaulay": null,
            "mod_duration": null,
            "port_turnover_ratio": null,
            "r_squared_ratio": null,
            "roe_ratio": null,
            "sharpe": null,
            "sortino_ratio": null,
            "std_dev": null,
            "tracking_error": null,
            "treynor_ratio": null,
            "upside_deviation": null,
            "ytm": null
        },
        "min_addl_amt": "",
        "min_addl_amt_multiple": "",
        "min_amt": "",
        "min_amt_multiple": "",
        "monthly_aaum_date": "30-04-2025",
        "monthly_aaum_value": "\u20b9 448.86 cr.",
        "mutual_fund_name": "Axis Mutual Fund",
        "page_number": [
            10
        ],
        "scheme_launch_date": ""
    },
    "Axis Nifty Midcap 50 Index Fund": {
        "amc_name": "Axis Asset Management Company Limited",
        "benchmark_index": "",
        "fund_manager": [
            {
                "managing_fund_since": "3Rd August 2023",
                "name": "Karthik Kumar",
                "qualification": "",
                "total_exp": "15 Years"
            }
        ],
        "load": {
            "entry_load": "NA",
            "exit_load": "0.25 if redeemedswitched out within 7 days fro date of allotment Investment"
        },
        "main_scheme_name": "Axis Nifty Midcap 50 Index Fund",
        "metrics": {
            "alpha": null,
            "arithmetic_mean_ratio": null,
            "average_div_yld": "0.77",
            "average_pb": null,
            "average_pe": null,
            "avg_maturity": null,
            "beta": null,
            "correlation_ratio": null,
            "downside_deviation": null,
            "information_ratio": null,
            "macaulay": null,
            "mod_duration": null,
            "port_turnover_ratio": null,
            "r_squared_ratio": null,
            "roe_ratio": null,
            "sharpe": null,
            "sortino_ratio": null,
            "std_dev": null,
            "tracking_error": null,
            "treynor_ratio": null,
            "upside_deviation": null,
            "ytm": null
        },
        "min_addl_amt": "",
        "min_addl_amt_multiple": "",
        "min_amt": "",
        "min_amt_multiple": "",
        "monthly_aaum_date": "30-04-2025",
        "monthly_aaum_value": "\u20b9 408.63 cr.",
        "mutual_fund_name": "Axis Mutual Fund",
        "page_number": [
            11
        ],
        "scheme_launch_date": ""
    },
    "Axis Nifty IT Index Fund": {
        "amc_name": "Axis Asset Management Company Limited",
        "benchmark_index": "NIFTY IT TRI",
        "fund_manager": [
            {
                "managing_fund_since": "5Th April 2024",
                "name": "Karthik Kumar",
                "qualification": "",
                "total_exp": "15 Years"
            }
        ],
        "load": {
            "entry_load": "NA",
            "exit_load": "If redeemed or s itched out ithin 7 days from the date of allotment 0.25, If redeemed s itched out a 7 days from the date of allotment Nil"
        },
        "main_scheme_name": "Axis Nifty IT Index Fund",
        "metrics": {
            "alpha": null,
            "arithmetic_mean_ratio": null,
            "average_div_yld": "1.9",
            "average_pb": null,
            "average_pe": null,
            "avg_maturity": null,
            "beta": null,
            "correlation_ratio": null,
            "downside_deviation": null,
            "information_ratio": null,
            "macaulay": null,
            "mod_duration": null,
            "port_turnover_ratio": null,
            "r_squared_ratio": null,
            "roe_ratio": null,
            "sharpe": null,
            "sortino_ratio": null,
            "std_dev": null,
            "tracking_error": null,
            "treynor_ratio": null,
            "upside_deviation": null,
            "ytm": null
        },
        "min_addl_amt": "",
        "min_addl_amt_multiple": "",
        "min_amt": "\u20b9 100",
        "min_amt_multiple": "\u20b9 1",
        "monthly_aaum_date": "30-04-2025",
        "monthly_aaum_value": "\u20b9 141.63 cr.",
        "mutual_fund_name": "Axis Mutual Fund",
        "page_number": [
            12
        ],
        "scheme_launch_date": ""
    },
    "Axis Nifty Bank Index Fund": {
        "amc_name": "Axis Asset Management Company Limited",
        "benchmark_index": "",
        "fund_manager": [
            {
                "managing_fund_since": "24Th May 2024",
                "name": "Karthik Kumar",
                "qualification": "",
                "total_exp": "15 Years"
            }
        ],
        "load": {
            "entry_load": "NA",
            "exit_load": "0.25 if redeemed switched out within 7 days fr date of allotment Investment"
        },
        "main_scheme_name": "Axis Nifty Bank Index Fund",
        "metrics": {
            "alpha": null,
            "arithmetic_mean_ratio": null,
            "average_div_yld": "0.99",
            "average_pb": null,
            "average_pe": null,
            "avg_maturity": null,
            "beta": null,
            "correlation_ratio": null,
            "downside_deviation": null,
            "information_ratio": null,
            "macaulay": null,
            "mod_duration": null,
            "port_turnover_ratio": null,
            "r_squared_ratio": null,
            "roe_ratio": null,
            "sharpe": null,
            "sortino_ratio": null,
            "std_dev": null,
            "tracking_error": null,
            "treynor_ratio": null,
            "upside_deviation": null,
            "ytm": null
        },
        "min_addl_amt": "",
        "min_addl_amt_multiple": "",
        "min_amt": "",
        "min_amt_multiple": "",
        "monthly_aaum_date": "30-04-2025",
        "monthly_aaum_value": "\u20b9 120.93 cr.",
        "mutual_fund_name": "Axis Mutual Fund",
        "page_number": [
            13
        ],
        "scheme_launch_date": ""
    },
    "Axis Nifty 500 Index Fund": {
        "amc_name": "Axis Asset Management Company Limited",
        "benchmark_index": "",
        "fund_manager": [
            {
                "managing_fund_since": "16Th July 2024",
                "name": "Karthik Kumar",
                "qualification": "",
                "total_exp": "15 Years"
            }
        ],
        "load": {
            "entry_load": "NA",
            "exit_load": "If redeemed switched out within 15 days from th of allotment 0.25, if redeemed switched out a days from the date of allotment Nil"
        },
        "main_scheme_name": "Axis Nifty 500 Index Fund",
        "metrics": {
            "alpha": null,
            "arithmetic_mean_ratio": null,
            "average_div_yld": "1.12",
            "average_pb": null,
            "average_pe": null,
            "avg_maturity": null,
            "beta": null,
            "correlation_ratio": null,
            "downside_deviation": null,
            "information_ratio": null,
            "macaulay": null,
            "mod_duration": null,
            "port_turnover_ratio": null,
            "r_squared_ratio": null,
            "roe_ratio": null,
            "sharpe": null,
            "sortino_ratio": null,
            "std_dev": null,
            "tracking_error": null,
            "treynor_ratio": null,
            "upside_deviation": null,
            "ytm": null
        },
        "min_addl_amt": "",
        "min_addl_amt_multiple": "",
        "min_amt": "",
        "min_amt_multiple": "",
        "monthly_aaum_date": "30-04-2025",
        "monthly_aaum_value": "\u20b9 219.07 cr.",
        "mutual_fund_name": "Axis Mutual Fund",
        "page_number": [
            14
        ],
        "scheme_launch_date": ""
    },
    "Axis Nifty500 Value 50 Index Fund": {
        "amc_name": "Axis Asset Management Company Limited",
        "benchmark_index": "NIFTY 500 Value 50 TRI",
        "fund_manager": [
            {
                "managing_fund_since": "24Th October 2024",
                "name": "Karthik Kumar",
                "qualification": "",
                "total_exp": "15 Years"
            }
        ],
        "load": {
            "entry_load": "NA",
            "exit_load": "If redeemed switched out within 15 days from th of allotment 0.25, If redeemed switched out a days from the date of allotment Nil"
        },
        "main_scheme_name": "Axis Nifty500 Value 50 Index Fund",
        "metrics": {
            "alpha": null,
            "arithmetic_mean_ratio": null,
            "average_div_yld": null,
            "average_pb": null,
            "average_pe": null,
            "avg_maturity": null,
            "beta": null,
            "correlation_ratio": null,
            "downside_deviation": null,
            "information_ratio": null,
            "macaulay": null,
            "mod_duration": null,
            "port_turnover_ratio": null,
            "r_squared_ratio": null,
            "roe_ratio": null,
            "sharpe": null,
            "sortino_ratio": null,
            "std_dev": null,
            "tracking_error": null,
            "treynor_ratio": null,
            "upside_deviation": null,
            "ytm": null
        },
        "min_addl_amt": "",
        "min_addl_amt_multiple": "",
        "min_amt": "",
        "min_amt_multiple": "",
        "monthly_aaum_date": "30-04-2025",
        "monthly_aaum_value": "\u20b9 73.46 cr.",
        "mutual_fund_name": "Axis Mutual Fund",
        "page_number": [
            15
        ],
        "scheme_launch_date": ""
    },
    "Axis CRISIL IBX 7030 CPSE Plus SDL April 2025 Index Fund": {
        "amc_name": "Axis Asset Management Company Limited",
        "benchmark_index": "CRISIL IBX 7030 CPSE Plus SDL  April 2025",
        "fund_manager": [
            {
                "managing_fund_since": "28Th January 2022",
                "name": "Devang Shah",
                "qualification": "",
                "total_exp": "19 Years"
            },
            {
                "managing_fund_since": "1St February 2023",
                "name": "Sachin Jain",
                "qualification": "",
                "total_exp": "11 Years"
            }
        ],
        "load": {
            "entry_load": "NA",
            "exit_load": "Nil"
        },
        "main_scheme_name": "Axis CRISIL IBX 7030 CPSE Plus SDL April 2025 Index Fund",
        "metrics": {
            "alpha": null,
            "arithmetic_mean_ratio": null,
            "average_div_yld": null,
            "average_pb": null,
            "average_pe": null,
            "avg_maturity": "64 days",
            "beta": null,
            "correlation_ratio": null,
            "downside_deviation": null,
            "information_ratio": null,
            "macaulay": null,
            "mod_duration": "59 days",
            "port_turnover_ratio": null,
            "r_squared_ratio": null,
            "roe_ratio": null,
            "sharpe": null,
            "sortino_ratio": null,
            "std_dev": null,
            "tracking_error": null,
            "treynor_ratio": null,
            "upside_deviation": null,
            "ytm": "7.30"
        },
        "min_addl_amt": "",
        "min_addl_amt_multiple": "",
        "min_amt": "\u20b9 5000",
        "min_amt_multiple": "\u20b9 1",
        "monthly_aaum_date": "30-04-2025",
        "monthly_aaum_value": "\u20b9 458.24 cr.",
        "mutual_fund_name": "Axis Mutual Fund",
        "page_number": [
            16
        ],
        "scheme_launch_date": "28Jan2022"
    },
    "Axis CRISIL IBX SDL May 2027 Index Fund": {
        "amc_name": "Axis Asset Management Company Limited",
        "benchmark_index": "CRISIL IBX SDL Index May 2027",
        "fund_manager": [
            {
                "managing_fund_since": "23Rd February 2022",
                "name": "Hardik Shah",
                "qualification": "",
                "total_exp": "15 Years"
            },
            {
                "managing_fund_since": "1St February 2023",
                "name": "Aditya Pagaria",
                "qualification": "",
                "total_exp": "16 Years"
            }
        ],
        "load": {
            "entry_load": "NA",
            "exit_load": "Nil"
        },
        "main_scheme_name": "Axis CRISIL IBX SDL May 2027 Index Fund",
        "metrics": {
            "alpha": null,
            "arithmetic_mean_ratio": null,
            "average_div_yld": null,
            "average_pb": null,
            "average_pe": null,
            "avg_maturity": "2.16 years",
            "beta": null,
            "correlation_ratio": null,
            "downside_deviation": null,
            "information_ratio": null,
            "macaulay": null,
            "mod_duration": "1.93 years",
            "port_turnover_ratio": null,
            "r_squared_ratio": null,
            "roe_ratio": null,
            "sharpe": null,
            "sortino_ratio": null,
            "std_dev": null,
            "tracking_error": null,
            "treynor_ratio": null,
            "upside_deviation": null,
            "ytm": "6.95"
        },
        "min_addl_amt": "",
        "min_addl_amt_multiple": "",
        "min_amt": "\u20b9 5000",
        "min_amt_multiple": "\u20b9 1",
        "monthly_aaum_date": "30-04-2025",
        "monthly_aaum_value": "\u20b9 2232.23 cr.",
        "mutual_fund_name": "Axis Mutual Fund",
        "page_number": [
            17
        ],
        "scheme_launch_date": "23Feb2022"
    },
    "Axis Nifty SDL September 2026 Debt Index Fund": {
        "amc_name": "Axis Asset Management Company Limited",
        "benchmark_index": "Nifty SDL Sep 2026 Index",
        "fund_manager": [
            {
                "managing_fund_since": "22Nd November 2022",
                "name": "Aditya Pagaria",
                "qualification": "",
                "total_exp": "16 Years"
            },
            {
                "managing_fund_since": "1St February 2023",
                "name": "Sachin Jain",
                "qualification": "",
                "total_exp": "11 Years"
            }
        ],
        "load": {
            "entry_load": "NA",
            "exit_load": "Nil"
        },
        "main_scheme_name": "Axis Nifty SDL September 2026 Debt Index Fund",
        "metrics": {
            "alpha": null,
            "arithmetic_mean_ratio": null,
            "average_div_yld": null,
            "average_pb": null,
            "average_pe": null,
            "avg_maturity": "1.54 years",
            "beta": null,
            "correlation_ratio": null,
            "downside_deviation": null,
            "information_ratio": null,
            "macaulay": null,
            "mod_duration": "1.4 years",
            "port_turnover_ratio": null,
            "r_squared_ratio": null,
            "roe_ratio": null,
            "sharpe": null,
            "sortino_ratio": null,
            "std_dev": null,
            "tracking_error": null,
            "treynor_ratio": null,
            "upside_deviation": null,
            "ytm": "6.97"
        },
        "min_addl_amt": "",
        "min_addl_amt_multiple": "",
        "min_amt": "\u20b9 5000",
        "min_amt_multiple": "\u20b9 1",
        "monthly_aaum_date": "30-04-2025",
        "monthly_aaum_value": "\u20b9 74.85 cr.",
        "mutual_fund_name": "Axis Mutual Fund",
        "page_number": [
            18
        ],
        "scheme_launch_date": "22Nov2022"
    },
    "Axis CRISIL IBX 5050 Gilt Plus SDL June 2028 Index Fund": {
        "amc_name": "Axis Asset Management Company Limited",
        "benchmark_index": "CRISIL IBX 5050 Gilt Plus SDL Index June 2028",
        "fund_manager": [
            {
                "managing_fund_since": "24Th January 2023",
                "name": "Hardik Shah",
                "qualification": "",
                "total_exp": "15 Years"
            }
        ],
        "load": {
            "entry_load": "NA",
            "exit_load": "Nil"
        },
        "main_scheme_name": "Axis CRISIL IBX 5050 Gilt Plus SDL June 2028 Index Fund",
        "metrics": {
            "alpha": null,
            "arithmetic_mean_ratio": null,
            "average_div_yld": null,
            "average_pb": null,
            "average_pe": null,
            "avg_maturity": "3.04 years",
            "beta": null,
            "correlation_ratio": null,
            "downside_deviation": null,
            "information_ratio": null,
            "macaulay": null,
            "mod_duration": "2.61 years",
            "port_turnover_ratio": null,
            "r_squared_ratio": null,
            "roe_ratio": null,
            "sharpe": null,
            "sortino_ratio": null,
            "std_dev": null,
            "tracking_error": null,
            "treynor_ratio": null,
            "upside_deviation": null,
            "ytm": "6.88"
        },
        "min_addl_amt": "",
        "min_addl_amt_multiple": "",
        "min_amt": "\u20b9 5000",
        "min_amt_multiple": "\u20b9 1",
        "monthly_aaum_date": "30-04-2025",
        "monthly_aaum_value": "\u20b9 73.96 cr.",
        "mutual_fund_name": "Axis Mutual Fund",
        "page_number": [
            19
        ],
        "scheme_launch_date": "24Jan2023"
    },
    "Axis CRISIL IBX 5050 Gilt Plus SDL September 2027 Index Fund": {
        "amc_name": "Axis Asset Management Company Limited",
        "benchmark_index": "CRISIL IBX 5050 Gilt Plus SDL Index  September 2027",
        "fund_manager": [
            {
                "managing_fund_since": "27Th February 2023",
                "name": "Aditya Pagaria",
                "qualification": "",
                "total_exp": "16 Years"
            },
            {
                "managing_fund_since": "27Th February 2023",
                "name": "Sachin Jain",
                "qualification": "",
                "total_exp": "11 Years"
            }
        ],
        "load": {
            "entry_load": "NA",
            "exit_load": "Nil"
        },
        "main_scheme_name": "Axis CRISIL IBX 5050 Gilt Plus SDL September 2027 Index Fund",
        "metrics": {
            "alpha": null,
            "arithmetic_mean_ratio": null,
            "average_div_yld": null,
            "average_pb": null,
            "average_pe": null,
            "avg_maturity": "2.32 years",
            "beta": null,
            "correlation_ratio": null,
            "downside_deviation": null,
            "information_ratio": null,
            "macaulay": null,
            "mod_duration": "2.07 years",
            "port_turnover_ratio": null,
            "r_squared_ratio": null,
            "roe_ratio": null,
            "sharpe": null,
            "sortino_ratio": null,
            "std_dev": null,
            "tracking_error": null,
            "treynor_ratio": null,
            "upside_deviation": null,
            "ytm": "6.82"
        },
        "min_addl_amt": "",
        "min_addl_amt_multiple": "",
        "min_amt": "\u20b9 5000",
        "min_amt_multiple": "\u20b9 1",
        "monthly_aaum_date": "30-04-2025",
        "monthly_aaum_value": "\u20b9 32.30 cr.",
        "mutual_fund_name": "Axis Mutual Fund",
        "page_number": [
            20
        ],
        "scheme_launch_date": "27Feb2023"
    },
    "Axis CRISIL IBX SDL June 2034 Debt Index Fund": {
        "amc_name": "Axis Asset Management Company Limited",
        "benchmark_index": "CRISIL IBX SDL Index  June 2034",
        "fund_manager": [
            {
                "managing_fund_since": "21St March 2024",
                "name": "Hardik Shah",
                "qualification": "",
                "total_exp": "15 Years"
            }
        ],
        "load": {
            "entry_load": "NA",
            "exit_load": "Nil"
        },
        "main_scheme_name": "Axis CRISIL IBX SDL June 2034 Debt Index Fund",
        "metrics": {
            "alpha": null,
            "arithmetic_mean_ratio": null,
            "average_div_yld": null,
            "average_pb": null,
            "average_pe": null,
            "avg_maturity": "8.73 years",
            "beta": null,
            "correlation_ratio": null,
            "downside_deviation": null,
            "information_ratio": null,
            "macaulay": null,
            "mod_duration": "6.14 years",
            "port_turnover_ratio": null,
            "r_squared_ratio": null,
            "roe_ratio": null,
            "sharpe": null,
            "sortino_ratio": null,
            "std_dev": null,
            "tracking_error": null,
            "treynor_ratio": null,
            "upside_deviation": null,
            "ytm": "7.18"
        },
        "min_addl_amt": "",
        "min_addl_amt_multiple": "",
        "min_amt": "\u20b9 5000",
        "min_amt_multiple": "\u20b9 1",
        "monthly_aaum_date": "30-04-2025",
        "monthly_aaum_value": "\u20b9 26.45 cr.",
        "mutual_fund_name": "Axis Mutual Fund",
        "page_number": [
            21
        ],
        "scheme_launch_date": "21Mar2024"
    },
    "Axis CRISIL-IBX AAA Bond NBFC-HFC - Jun 2027 Index Fund": {
        "amc_name": "Axis Asset Management Company Limited",
        "benchmark_index": "CRISILIBX AAA NBFCHFC Index  Jun 2027",
        "fund_manager": [
            {
                "managing_fund_since": "11Th December 2024",
                "name": "Aditya Pagaria",
                "qualification": "",
                "total_exp": "16 Years"
            }
        ],
        "load": {
            "entry_load": "NA",
            "exit_load": "Nil"
        },
        "main_scheme_name": "Axis CRISIL-IBX AAA Bond NBFC-HFC - Jun 2027 Index Fund",
        "metrics": {
            "alpha": null,
            "arithmetic_mean_ratio": null,
            "average_div_yld": null,
            "average_pb": null,
            "average_pe": null,
            "avg_maturity": "2.15 years",
            "beta": null,
            "correlation_ratio": null,
            "downside_deviation": null,
            "information_ratio": null,
            "macaulay": null,
            "mod_duration": null,
            "port_turnover_ratio": null,
            "r_squared_ratio": null,
            "roe_ratio": null,
            "sharpe": null,
            "sortino_ratio": null,
            "std_dev": null,
            "tracking_error": null,
            "treynor_ratio": null,
            "upside_deviation": null,
            "ytm": null
        },
        "min_addl_amt": "",
        "min_addl_amt_multiple": "",
        "min_amt": "",
        "min_amt_multiple": "",
        "monthly_aaum_date": "30-04-2025",
        "monthly_aaum_value": "\u20b9 40.35 cr.",
        "mutual_fund_name": "Axis Mutual Fund",
        "page_number": [
            22
        ],
        "scheme_launch_date": ""
    },
    "Axis CRISIL-IBX AAA Bond NBFC - Jun 2027 Index Fund": {
        "amc_name": "Axis Asset Management Company Limited",
        "benchmark_index": "CRISILIBX AAA NBFC Index Jun 2027",
        "fund_manager": [
            {
                "managing_fund_since": "24Th September 2024",
                "name": "Aditya Pagaria",
                "qualification": "",
                "total_exp": "16 Years"
            }
        ],
        "load": {
            "entry_load": "NA",
            "exit_load": "Nil"
        },
        "main_scheme_name": "Axis CRISIL-IBX AAA Bond NBFC - Jun 2027 Index Fund",
        "metrics": {
            "alpha": null,
            "arithmetic_mean_ratio": null,
            "average_div_yld": null,
            "average_pb": null,
            "average_pe": null,
            "avg_maturity": "2.14 years",
            "beta": null,
            "correlation_ratio": null,
            "downside_deviation": null,
            "information_ratio": null,
            "macaulay": null,
            "mod_duration": null,
            "port_turnover_ratio": null,
            "r_squared_ratio": null,
            "roe_ratio": null,
            "sharpe": null,
            "sortino_ratio": null,
            "std_dev": null,
            "tracking_error": null,
            "treynor_ratio": null,
            "upside_deviation": null,
            "ytm": null
        },
        "min_addl_amt": "",
        "min_addl_amt_multiple": "",
        "min_amt": "",
        "min_amt_multiple": "",
        "monthly_aaum_date": "30-04-2025",
        "monthly_aaum_value": "\u20b9 705.71 cr.",
        "mutual_fund_name": "Axis Mutual Fund",
        "page_number": [
            23
        ],
        "scheme_launch_date": ""
    },
    "Axis CRISIL-IBX AAA Bond Financial Services - Sep 2027 Index Fund": {
        "amc_name": "Axis Asset Management Company Limited",
        "benchmark_index": "CRISIL IBX AAA Financial Services Index Sep",
        "fund_manager": [
            {
                "managing_fund_since": "22Nd November 2024",
                "name": "Aditya Pagaria",
                "qualification": "",
                "total_exp": "16 Years"
            }
        ],
        "load": {
            "entry_load": "NA",
            "exit_load": "Nil"
        },
        "main_scheme_name": "Axis CRISIL-IBX AAA Bond Financial Services - Sep 2027 Index Fund",
        "metrics": {
            "alpha": null,
            "arithmetic_mean_ratio": null,
            "average_div_yld": null,
            "average_pb": null,
            "average_pe": null,
            "avg_maturity": "2.41 years",
            "beta": null,
            "correlation_ratio": null,
            "downside_deviation": null,
            "information_ratio": null,
            "macaulay": null,
            "mod_duration": null,
            "port_turnover_ratio": null,
            "r_squared_ratio": null,
            "roe_ratio": null,
            "sharpe": null,
            "sortino_ratio": null,
            "std_dev": null,
            "tracking_error": null,
            "treynor_ratio": null,
            "upside_deviation": null,
            "ytm": null
        },
        "min_addl_amt": "",
        "min_addl_amt_multiple": "",
        "min_amt": "",
        "min_amt_multiple": "",
        "monthly_aaum_date": "30-04-2025",
        "monthly_aaum_value": "\u20b9 142.22 cr.",
        "mutual_fund_name": "Axis Mutual Fund",
        "page_number": [
            24
        ],
        "scheme_launch_date": ""
    },
    "Axis NIFTY 50 ETF": {
        "amc_name": "Axis Asset Management Company Limited",
        "benchmark_index": "Nifty 50 TRI Underlying Index Nifty 50 Exchange Listed NSE Exchange SymbolScrip Code AXISNIFTY iNAV symbol AXISNIINAV ISIN INF846K01W98 Bloomberg Code AXSNIFT IN Equity Creation Unit Size 50,000 units and in multiples thereof",
        "fund_manager": [
            {
                "managing_fund_since": "3Rd August 2023",
                "name": "Karthik Kumar",
                "qualification": "",
                "total_exp": "15 Years"
            }
        ],
        "load": {
            "entry_load": "NA",
            "exit_load": "Nil Basket Size (As on 31 January, 12771125 2025) For benchmark riskometer and PRC, please refer to page no 50  55."
        },
        "main_scheme_name": "Axis NIFTY 50 ETF",
        "metrics": {
            "alpha": null,
            "arithmetic_mean_ratio": null,
            "average_div_yld": "1.27",
            "average_pb": null,
            "average_pe": null,
            "avg_maturity": null,
            "beta": null,
            "correlation_ratio": null,
            "downside_deviation": null,
            "information_ratio": null,
            "macaulay": null,
            "mod_duration": null,
            "pb_multiple": "3.54",
            "pe_multiple": "21.84",
            "port_turnover_ratio": null,
            "r_squared_ratio": null,
            "roe_ratio": null,
            "sharpe": null,
            "sortino_ratio": null,
            "std_dev": null,
            "tracking_error": "0.05",
            "treynor_ratio": null,
            "upside_deviation": null,
            "ytm": null
        },
        "min_addl_amt": "",
        "min_addl_amt_multiple": "",
        "min_amt": "",
        "min_amt_multiple": "",
        "monthly_aaum_date": "30-04-2025",
        "monthly_aaum_value": "\u20b9 669.81 cr.",
        "mutual_fund_name": "Axis Mutual Fund",
        "page_number": [
            25
        ],
        "scheme_launch_date": "03Jul2017"
    },
    "Axis NIFTY Bank ETF": {
        "amc_name": "Axis Asset Management Company Limited",
        "benchmark_index": "Nifty Bank TRI Underlying Index Nifty Bank Exchange Listed NSE Exchange SymbolScrip Code AXISBNKETF iNAV symbol AXISBNINAV ISIN INF846K01X63 Bloomberg Code AXSBANK IN Equity Creation Unit Size 10,000 units and in multiples thereof",
        "fund_manager": [
            {
                "managing_fund_since": "3Rd August 2023",
                "name": "Karthik Kumar",
                "qualification": "",
                "total_exp": "15 Years"
            }
        ],
        "load": {
            "entry_load": "NA",
            "exit_load": "Nil Basket Size (As on 31 January, 5066229 2025) For benchmark riskometer and PRC, please refer to page no 50  55."
        },
        "main_scheme_name": "Axis NIFTY Bank ETF",
        "metrics": {
            "alpha": null,
            "arithmetic_mean_ratio": null,
            "average_div_yld": "0.99",
            "average_pb": null,
            "average_pe": null,
            "avg_maturity": null,
            "beta": null,
            "correlation_ratio": null,
            "downside_deviation": null,
            "information_ratio": null,
            "macaulay": null,
            "mod_duration": null,
            "pb_multiple": "2.21",
            "pe_multiple": "13.5",
            "port_turnover_ratio": null,
            "r_squared_ratio": null,
            "roe_ratio": null,
            "sharpe": null,
            "sortino_ratio": null,
            "std_dev": null,
            "tracking_error": "0.08",
            "treynor_ratio": null,
            "upside_deviation": null,
            "ytm": null
        },
        "min_addl_amt": "",
        "min_addl_amt_multiple": "",
        "min_amt": "",
        "min_amt_multiple": "",
        "monthly_aaum_date": "30-04-2025",
        "monthly_aaum_value": "\u20b9 295.85 cr.",
        "mutual_fund_name": "Axis Mutual Fund",
        "page_number": [
            26
        ],
        "scheme_launch_date": "03Nov2020"
    },
    "Axis NIFTY IT ETF": {
        "amc_name": "Axis Asset Management Company Limited",
        "benchmark_index": "Nifty IT TRI Underlying Index Nifty IT Exchange Listed NSE,BSE Exchange SymbolScrip Code AXISTECETF, 543347 iNAV symbol AXISTEINAV ISIN INF846K01Y96 Bloomberg Code ATECHETF IN Equity Creation Unit Size 15,000 units and in multiples thereof",
        "fund_manager": [
            {
                "managing_fund_since": "3Rd August 2023",
                "name": "Karthik Kumar",
                "qualification": "",
                "total_exp": "15 Years"
            }
        ],
        "load": {
            "entry_load": "NA",
            "exit_load": "Nil Basket Size (As on 31 January, 6856378.5 2025) For benchmark riskometer and PRC, please refer to page no 50  55."
        },
        "main_scheme_name": "Axis NIFTY IT ETF",
        "metrics": {
            "alpha": null,
            "arithmetic_mean_ratio": null,
            "average_div_yld": "1.9",
            "average_pb": null,
            "average_pe": null,
            "avg_maturity": null,
            "beta": null,
            "correlation_ratio": null,
            "downside_deviation": null,
            "information_ratio": null,
            "macaulay": null,
            "mod_duration": null,
            "pb_multiple": "8.98",
            "pe_multiple": "34.06",
            "port_turnover_ratio": null,
            "r_squared_ratio": null,
            "roe_ratio": null,
            "sharpe": null,
            "sortino_ratio": null,
            "std_dev": null,
            "tracking_error": "0.07",
            "treynor_ratio": null,
            "upside_deviation": null,
            "ytm": null
        },
        "min_addl_amt": "",
        "min_addl_amt_multiple": "",
        "min_amt": "",
        "min_amt_multiple": "",
        "monthly_aaum_date": "30-04-2025",
        "monthly_aaum_value": "\u20b9 205.14 cr.",
        "mutual_fund_name": "Axis Mutual Fund",
        "page_number": [
            27
        ],
        "scheme_launch_date": "25Mar2021"
    },
    "Axis NIFTY Healthcare ETF": {
        "amc_name": "Axis Asset Management Company Limited",
        "benchmark_index": "Nifty Healthcare TRI Underlying Index Nifty Healthcare Exchange Listed NSE,BSE Exchange SymbolScrip Code AXISHETF, 543348 iNAV symbol AXISHCINAV ISIN INF846K01Z12 Bloomberg Code AXIHETF IN Equity Creation Unit Size 50,000 units and in multiples thereof",
        "fund_manager": [
            {
                "managing_fund_since": "3Rd August 2023",
                "name": "Karthik Kumar",
                "qualification": "",
                "total_exp": "15 Years"
            }
        ],
        "load": {
            "entry_load": "NA",
            "exit_load": "Nil Basket Size (As on 31 January, 6984720 2025) For benchmark riskometer and PRC, please refer to page no 50  55."
        },
        "main_scheme_name": "Axis NIFTY Healthcare ETF",
        "metrics": {
            "alpha": null,
            "arithmetic_mean_ratio": null,
            "average_div_yld": null,
            "average_pb": null,
            "average_pe": null,
            "avg_maturity": null,
            "beta": null,
            "correlation_ratio": null,
            "downside_deviation": null,
            "information_ratio": null,
            "macaulay": null,
            "mod_duration": null,
            "port_turnover_ratio": null,
            "r_squared_ratio": null,
            "roe_ratio": null,
            "sharpe": null,
            "sortino_ratio": null,
            "std_dev": null,
            "tracking_error": "0.03",
            "treynor_ratio": null,
            "upside_deviation": null,
            "ytm": null
        },
        "min_addl_amt": "",
        "min_addl_amt_multiple": "",
        "min_amt": "",
        "min_amt_multiple": "",
        "monthly_aaum_date": "30-04-2025",
        "monthly_aaum_value": "\u20b9 19.58 cr.",
        "mutual_fund_name": "Axis Mutual Fund",
        "page_number": [
            28
        ],
        "scheme_launch_date": "17May2021"
    },
    "Axis NIFTY India Consumption ETF": {
        "amc_name": "Axis Asset Management Company Limited",
        "benchmark_index": "Nifty India Consumption TRI Underlying Index NIFTY India Consumption Exchange Listed NSE,BSE Exchange SymbolScrip Code AXISCETF, 543357 iNAV symbol AXISCEINAV ISIN INF846K016C7 Bloomberg Code ACSMETF IN Equity Creation Unit Size 50,000 units and in multiples thereof",
        "fund_manager": [
            {
                "managing_fund_since": "3Rd August 2023",
                "name": "Karthik Kumar",
                "qualification": "",
                "total_exp": "15 Years"
            }
        ],
        "load": {
            "entry_load": "NA",
            "exit_load": "Nil Basket Size (As on 31 January, 5668935 2025) For benchmark riskometer and PRC, please refer to page no 50  55."
        },
        "main_scheme_name": "Axis NIFTY India Consumption ETF",
        "metrics": {
            "alpha": null,
            "arithmetic_mean_ratio": null,
            "average_div_yld": "0.94",
            "average_pb": null,
            "average_pe": null,
            "avg_maturity": null,
            "beta": null,
            "correlation_ratio": null,
            "downside_deviation": null,
            "information_ratio": null,
            "macaulay": null,
            "mod_duration": null,
            "pb_multiple": "9.05",
            "pe_multiple": "46.94",
            "port_turnover_ratio": null,
            "r_squared_ratio": null,
            "roe_ratio": null,
            "sharpe": null,
            "sortino_ratio": null,
            "std_dev": null,
            "tracking_error": "0.10",
            "treynor_ratio": null,
            "upside_deviation": null,
            "ytm": null
        },
        "min_addl_amt": "",
        "min_addl_amt_multiple": "",
        "min_amt": "",
        "min_amt_multiple": "",
        "monthly_aaum_date": "30-04-2025",
        "monthly_aaum_value": "\u20b9 13.69 cr.",
        "mutual_fund_name": "Axis Mutual Fund",
        "page_number": [
            29
        ],
        "scheme_launch_date": "17Sep2021"
    },
    "Axis Gold ETF": {
        "amc_name": "Axis Asset Management Company Limited",
        "benchmark_index": "Domestic price of Gold Underlying Index Price of Gold Exchange Listed NSE,BSE Exchange SymbolScrip Code AXISGOLD, 533570 iNAV symbol AXISGOINAV ISIN INF846K01347 Bloomberg Code AXGOLD IN Equity Creation Unit Size 1,00,000 units and in multiples thereof",
        "fund_manager": [
            {
                "managing_fund_since": "1St June 2024",
                "name": "Aditya Pagaria",
                "qualification": "",
                "total_exp": "16 Years"
            }
        ],
        "load": {
            "entry_load": "NA",
            "exit_load": "Nil Basket Size (As on 31 January, 6914880 2025) For benchmark riskometer and PRC, please refer to page no 50  55."
        },
        "main_scheme_name": "Axis Gold ETF",
        "metrics": {
            "alpha": null,
            "arithmetic_mean_ratio": null,
            "average_div_yld": null,
            "average_pb": null,
            "average_pe": null,
            "avg_maturity": null,
            "beta": null,
            "correlation_ratio": null,
            "downside_deviation": null,
            "information_ratio": null,
            "macaulay": null,
            "mod_duration": null,
            "port_turnover_ratio": null,
            "r_squared_ratio": null,
            "roe_ratio": null,
            "sharpe": null,
            "sortino_ratio": null,
            "std_dev": null,
            "tracking_error": "0.24",
            "treynor_ratio": null,
            "upside_deviation": null,
            "ytm": null
        },
        "min_addl_amt": "",
        "min_addl_amt_multiple": "",
        "min_amt": "",
        "min_amt_multiple": "",
        "monthly_aaum_date": "30-04-2025",
        "monthly_aaum_value": "\u20b9 1239.07 cr.",
        "mutual_fund_name": "Axis Mutual Fund",
        "page_number": [
            30
        ],
        "scheme_launch_date": "10Nov2010"
    },
    "Axis Silver ETF": {
        "amc_name": "Axis Asset Management Company Limited",
        "benchmark_index": "daily spot AM xing price) Underlying Index Price of Silver Exchange Listed NSE Exchange SymbolScrip Code AXISILVER iNAV symbol AXISILIINAV ISIN INF846K011K1 Bloomberg Code AXSLVRF IN Equity",
        "fund_manager": [
            {
                "managing_fund_since": "1St June 2024",
                "name": "Aditya Pagaria",
                "qualification": "",
                "total_exp": "16 Years"
            }
        ],
        "load": {
            "entry_load": "NA",
            "exit_load": "Nil Basket Size (As on 31 January, 2823126 2025) For benchmark riskometer and PRC, please refer to page no 50  55."
        },
        "main_scheme_name": "Axis Silver ETF",
        "metrics": {
            "alpha": null,
            "arithmetic_mean_ratio": null,
            "average_div_yld": null,
            "average_pb": null,
            "average_pe": null,
            "avg_maturity": null,
            "beta": null,
            "correlation_ratio": null,
            "downside_deviation": null,
            "information_ratio": null,
            "macaulay": null,
            "mod_duration": null,
            "port_turnover_ratio": null,
            "r_squared_ratio": null,
            "roe_ratio": null,
            "sharpe": null,
            "sortino_ratio": null,
            "std_dev": null,
            "tracking_error": "0.66",
            "treynor_ratio": null,
            "upside_deviation": null,
            "ytm": null
        },
        "min_addl_amt": "",
        "min_addl_amt_multiple": "",
        "min_amt": "",
        "min_amt_multiple": "",
        "monthly_aaum_date": "30-04-2025",
        "monthly_aaum_value": "\u20b9 158.46 cr.",
        "mutual_fund_name": "Axis Mutual Fund",
        "page_number": [
            31
        ],
        "scheme_launch_date": ""
    },
    "Axis Nifty AAA Bond Plus SDL Apr 2026 5050 ETF": {
        "amc_name": "Axis Asset Management Company Limited",
        "benchmark_index": "Underlying Index NIFTY AAA Bond Plus SDL Apr 2026 Exchange Listed NSE Exchange SymbolScrip Code AXISBPSETF iNAV symbol AXISBPINAV ISIN INF846K01Z04 Bloomberg Code AXBPSETF",
        "fund_manager": [
            {
                "managing_fund_since": "11Th May 2021",
                "name": "Aditya Pagaria",
                "qualification": "",
                "total_exp": "16 Years"
            },
            {
                "managing_fund_since": "1St February 2023",
                "name": "Sachin Jain",
                "qualification": "",
                "total_exp": "11 Years"
            }
        ],
        "load": {
            "entry_load": "NA",
            "exit_load": "Nil Basket Size (As on 31 January, 30897250 2025) For benchmark riskometer and PRC, please refer to page no 50  55."
        },
        "main_scheme_name": "Axis Nifty AAA Bond Plus SDL Apr 2026 5050 ETF",
        "metrics": {
            "alpha": null,
            "arithmetic_mean_ratio": null,
            "average_div_yld": null,
            "average_pb": null,
            "average_pe": null,
            "avg_maturity": "0.81 years",
            "beta": null,
            "correlation_ratio": null,
            "downside_deviation": null,
            "information_ratio": null,
            "macaulay": null,
            "mod_duration": null,
            "port_turnover_ratio": null,
            "r_squared_ratio": null,
            "roe_ratio": null,
            "sharpe": null,
            "sortino_ratio": null,
            "std_dev": null,
            "tracking_error": null,
            "treynor_ratio": null,
            "upside_deviation": null,
            "ytm": null
        },
        "min_addl_amt": "",
        "min_addl_amt_multiple": "",
        "min_amt": "",
        "min_amt_multiple": "",
        "monthly_aaum_date": "30-04-2025",
        "monthly_aaum_value": "\u20b9 1180.81 cr.",
        "mutual_fund_name": "Axis Mutual Fund",
        "page_number": [
            32
        ],
        "scheme_launch_date": ""
    },
    "Axis BSE SENSEX ETF": {
        "amc_name": "Axis Asset Management Company Limited",
        "benchmark_index": "BSE Sensex TRI Underlying Index BSE Sensex Exchange Listed NSE, BSE Exchange SymbolScrip Code AXSENSEX iNAV symbol AXSNSXINAV ISIN INF846K010Q0 Bloomberg Code ASPSNSX",
        "fund_manager": [
            {
                "managing_fund_since": "3Rd August 2023",
                "name": "Karthik Kumar",
                "qualification": "",
                "total_exp": "15 Years"
            }
        ],
        "load": {
            "entry_load": "NA",
            "exit_load": "Nil Basket Size (As on 31 January, 3157288 2025) For benchmark riskometer and PRC, please refer to page no 50  55."
        },
        "main_scheme_name": "Axis BSE SENSEX ETF",
        "metrics": {
            "alpha": null,
            "arithmetic_mean_ratio": null,
            "average_div_yld": "1.16",
            "average_pb": null,
            "average_pe": null,
            "avg_maturity": null,
            "beta": null,
            "correlation_ratio": null,
            "downside_deviation": null,
            "information_ratio": null,
            "macaulay": null,
            "mod_duration": null,
            "port_turnover_ratio": null,
            "r_squared_ratio": null,
            "roe_ratio": null,
            "sharpe": null,
            "sortino_ratio": null,
            "std_dev": null,
            "tracking_error": null,
            "treynor_ratio": null,
            "upside_deviation": null,
            "ytm": null
        },
        "min_addl_amt": "",
        "min_addl_amt_multiple": "",
        "min_amt": "",
        "min_amt_multiple": "",
        "monthly_aaum_date": "30-04-2025",
        "monthly_aaum_value": "\u20b9 124.67 cr.",
        "mutual_fund_name": "Axis Mutual Fund",
        "page_number": [
            33
        ],
        "scheme_launch_date": ""
    },
    "Axis Silver Fund of Fund": {
        "amc_name": "Axis Asset Management Company Limited",
        "benchmark_index": "Domestic Price of Physical Silver (based on LBM daily spot AM fixing price)",
        "fund_manager": [
            {
                "managing_fund_since": "21St September 2022",
                "name": "Aditya Pagaria",
                "qualification": "",
                "total_exp": "16 Years"
            }
        ],
        "load": {
            "entry_load": "NA",
            "exit_load": "If redeemed before 7 Day Exit Load is 0.25 For benchmark riskometer and PRC, please refer to page no 50  55."
        },
        "main_scheme_name": "Axis Silver Fund of Fund",
        "metrics": {
            "alpha": null,
            "arithmetic_mean_ratio": null,
            "average_div_yld": null,
            "average_pb": null,
            "average_pe": null,
            "avg_maturity": null,
            "beta": null,
            "correlation_ratio": null,
            "downside_deviation": null,
            "information_ratio": null,
            "macaulay": null,
            "mod_duration": null,
            "port_turnover_ratio": null,
            "r_squared_ratio": null,
            "roe_ratio": null,
            "sharpe": null,
            "sortino_ratio": null,
            "std_dev": null,
            "tracking_error": null,
            "treynor_ratio": null,
            "upside_deviation": null,
            "ytm": null
        },
        "min_addl_amt": "",
        "min_addl_amt_multiple": "",
        "min_amt": "",
        "min_amt_multiple": "",
        "monthly_aaum_date": "30-04-2025",
        "monthly_aaum_value": "\u20b9 66.91 cr.",
        "mutual_fund_name": "Axis Mutual Fund",
        "page_number": [
            36
        ],
        "scheme_launch_date": "21Sep2022"
    },
    "Axis Nifty AAA Bond Plus SDL Apr 2026 5050 ETF FOF": {
        "amc_name": "Axis Asset Management Company Limited",
        "benchmark_index": "Nifty AAA Bond Plus SDL Apr 2026 5050 Index",
        "fund_manager": [
            {
                "managing_fund_since": "20Th October 2021",
                "name": "Aditya Pagaria",
                "qualification": "",
                "total_exp": "16 Years"
            }
        ],
        "load": {
            "entry_load": "NA",
            "exit_load": "Nil"
        },
        "main_scheme_name": "Axis Nifty AAA Bond Plus SDL Apr 2026 5050 ETF FOF",
        "metrics": {
            "alpha": null,
            "arithmetic_mean_ratio": null,
            "average_div_yld": null,
            "average_pb": null,
            "average_pe": null,
            "avg_maturity": null,
            "beta": null,
            "correlation_ratio": null,
            "downside_deviation": null,
            "information_ratio": null,
            "macaulay": null,
            "mod_duration": null,
            "port_turnover_ratio": null,
            "r_squared_ratio": null,
            "roe_ratio": null,
            "sharpe": null,
            "sortino_ratio": null,
            "std_dev": null,
            "tracking_error": null,
            "treynor_ratio": null,
            "upside_deviation": null,
            "ytm": null
        },
        "min_addl_amt": "",
        "min_addl_amt_multiple": "",
        "min_amt": "\u20b9 5000",
        "min_amt_multiple": "\u20b9 1",
        "monthly_aaum_date": "30-04-2025",
        "monthly_aaum_value": "\u20b9 275.08 cr.",
        "mutual_fund_name": "Axis Mutual Fund",
        "page_number": [
            37
        ],
        "scheme_launch_date": "20Oct2021"
    }
}