{
    "CANARA ROBECO FLEXICAP FUND (CRFCF)": {
        "amc_name": "Canara Robeco Asset Management Company Limited",
        "benchmark_index": "BSE 500 TRI",
        "fund_manager": [
            {
                "managing_fund_since": "5-July-16",
                "name": "Shridatta Bhandwaldar",
                "qualification": "",
                "total_exp": "19 Years"
            },
            {
                "managing_fund_since": "6-Nov-23",
                "name": "Pranav Gokhale",
                "qualification": "",
                "total_exp": "23 Years"
            }
        ],
        "load": {
            "entry_load": "Nil",
            "exit_load": "1 - if redeemedswitched out within 1 year from the date of allotment. Nil  if redeemed  switched out after 1 year from the date of allotment."
        },
        "main_scheme_name": "CANARA ROBECO FLEXICAP FUND (CRFCF)",
        "metrics": {
            "alpha": null,
            "arithmetic_mean_ratio": null,
            "average_div_yld": null,
            "average_pb": null,
            "average_pe": null,
            "avg_maturity": null,
            "beta": "0.87",
            "correlation_ratio": null,
            "downside_deviation": null,
            "information_ratio": null,
            "macaulay": null,
            "mod_duration": null,
            "port_turnover_ratio": "0.3",
            "r_squared_ratio": null,
            "roe_ratio": null,
            "rsquared": "0.95",
            "sharpe": "0.42",
            "sortino_ratio": null,
            "std_dev": "12.40",
            "tracking_error": null,
            "treynor_ratio": null,
            "upside_deviation": null,
            "ytm": null
        },
        "min_addl_amt": "\u20b9 1000",
        "min_addl_amt_multiple": "\u20b9 1",
        "min_amt": "\u20b9 5000",
        "min_amt_multiple": "\u20b9 1",
        "monthly_aaum_date": "30-04-2025",
        "monthly_aaum_value": "\u20b9 12,421.79 Crores",
        "mutual_fund_name": "Canara Robeco Mutual Fund",
        "page_number": [
            8
        ],
        "scheme_launch_date": "September 16, 2003"
    },
    "CANARA ROBECO BLUE CHIP EQUITY FUND (CRBCEF)": {
        "amc_name": "Canara Robeco Asset Management Company Limited",
        "benchmark_index": "BSE 100 TRI",
        "fund_manager": [
            {
                "managing_fund_since": "5-July-16",
                "name": "Shridatta Bhandwaldar",
                "qualification": "",
                "total_exp": "19 Years"
            },
            {
                "managing_fund_since": "01-June-21",
                "name": "Vishal Mishra",
                "qualification": "",
                "total_exp": "21 Years"
            }
        ],
        "load": {
            "entry_load": "Nil",
            "exit_load": "1 - if redeemedswitched out within 1 year from the date of allotment. Nil  if redeemed  switched out after 1 year from the date of allotment"
        },
        "main_scheme_name": "CANARA ROBECO BLUE CHIP EQUITY FUND (CRBCEF)",
        "metrics": {
            "alpha": null,
            "arithmetic_mean_ratio": null,
            "average_div_yld": null,
            "average_pb": null,
            "average_pe": null,
            "avg_maturity": null,
            "beta": "0.87",
            "correlation_ratio": null,
            "downside_deviation": null,
            "information_ratio": null,
            "macaulay": null,
            "mod_duration": null,
            "port_turnover_ratio": "0.25",
            "r_squared_ratio": null,
            "roe_ratio": null,
            "rsquared": "0.97",
            "sharpe": "0.54",
            "sortino_ratio": null,
            "std_dev": "11.50",
            "tracking_error": null,
            "treynor_ratio": null,
            "upside_deviation": null,
            "ytm": null
        },
        "min_addl_amt": "\u20b9 1000",
        "min_addl_amt_multiple": "\u20b9 1",
        "min_amt": "\u20b9 5000",
        "min_amt_multiple": "\u20b9 1",
        "monthly_aaum_date": "30-04-2025",
        "monthly_aaum_value": "\u20b9 14,556.17 Crores",
        "mutual_fund_name": "Canara Robeco Mutual Fund",
        "page_number": [
            9
        ],
        "scheme_launch_date": "August 20, 2010"
    },
    "CANARA ROBECO EMERGING EQUITIES (CREE)": {
        "amc_name": "Canara Robeco Asset Management Company Limited",
        "benchmark_index": "NIFTY Large Midcap 250 TRI",
        "fund_manager": [
            {
                "managing_fund_since": "28-Aug-23",
                "name": "Amit Nadekar",
                "qualification": "",
                "total_exp": "21 Years"
            },
            {
                "managing_fund_since": "01-Oct-19",
                "name": "Shridatta Bhandwaldar",
                "qualification": "",
                "total_exp": "19 Years"
            }
        ],
        "load": {
            "entry_load": null,
            "exit_load": "1 - If redeemedswitched out within 1 year from the date of allotment  Source ICRA MFI Explorer   Monthend AUM as on 31.01.2 management fees.  Please refer page no. 59 for Definition"
        },
        "main_scheme_name": "CANARA ROBECO EMERGING EQUITIES (CREE)",
        "metrics": {
            "alpha": null,
            "arithmetic_mean_ratio": null,
            "average_div_yld": null,
            "average_pb": null,
            "average_pe": null,
            "avg_maturity": null,
            "beta": "0.89",
            "correlation_ratio": null,
            "downside_deviation": null,
            "information_ratio": null,
            "macaulay": null,
            "mod_duration": null,
            "port_turnover_ratio": "0.65",
            "r_squared_ratio": null,
            "roe_ratio": null,
            "rsquared": "0.91",
            "sharpe": "0.56",
            "sortino_ratio": null,
            "std_dev": "13.30",
            "tracking_error": null,
            "treynor_ratio": null,
            "upside_deviation": null,
            "ytm": null
        },
        "min_addl_amt": "\u20b9 1000",
        "min_addl_amt_multiple": "\u20b9 1",
        "min_amt": "\u20b9 5000",
        "min_amt_multiple": "\u20b9 1",
        "monthly_aaum_date": "30-04-2025",
        "monthly_aaum_value": "\u20b9 23,809.72 Crores",
        "mutual_fund_name": "Canara Robeco Mutual Fund",
        "page_number": [
            10
        ],
        "scheme_launch_date": "March 11, 2005"
    },
    "CANARA ROBECO SMALL CAP FUND (CRSCF)": {
        "amc_name": "Canara Robeco Asset Management Company Limited",
        "benchmark_index": "Nifty Smallcap 250 Index TRI",
        "fund_manager": [
            {
                "managing_fund_since": "06-Nov-23",
                "name": "Pranav Gokhale",
                "qualification": "",
                "total_exp": "23 Years"
            },
            {
                "managing_fund_since": "01-Oct-19",
                "name": "Shridatta Bhandwaldar",
                "qualification": "",
                "total_exp": "19 Years"
            }
        ],
        "load": {
            "entry_load": "Nil",
            "exit_load": "In respect of each purchase  switch-in of units,1 - if Units are redeemed  switched-out within 1  12 Source ICRA MFI E"
        },
        "main_scheme_name": "CANARA ROBECO SMALL CAP FUND (CRSCF)",
        "metrics": {
            "alpha": null,
            "arithmetic_mean_ratio": null,
            "average_div_yld": null,
            "average_pb": null,
            "average_pe": null,
            "avg_maturity": null,
            "beta": "0.72",
            "correlation_ratio": null,
            "downside_deviation": null,
            "information_ratio": null,
            "macaulay": null,
            "mod_duration": null,
            "port_turnover_ratio": "0.26",
            "r_squared_ratio": null,
            "roe_ratio": null,
            "rsquared": "0.90",
            "sharpe": "0.63",
            "sortino_ratio": null,
            "std_dev": "15.24",
            "tracking_error": null,
            "treynor_ratio": null,
            "upside_deviation": null,
            "ytm": null
        },
        "min_addl_amt": "\u20b9 1000",
        "min_addl_amt_multiple": "\u20b9 1",
        "min_amt": "\u20b9 5000",
        "min_amt_multiple": "\u20b9 1",
        "monthly_aaum_date": "30-04-2025",
        "monthly_aaum_value": "\u20b9 11,884.61 Crores",
        "mutual_fund_name": "Canara Robeco Mutual Fund",
        "page_number": [
            11
        ],
        "scheme_launch_date": "February 15, 2019"
    },
    "CANARA ROBECO INFRASTRUCTURE (CRI)": {
        "amc_name": "Canara Robeco Asset Management Company Limited",
        "benchmark_index": "BSE India Infrastructure TRI  Source ICRA MFI Explorer   Monthend AUM as on 31.01.2 management fees.  Please refer page no. 59 for Definition",
        "fund_manager": [
            {
                "managing_fund_since": "26-June-21",
                "name": "Vishal Mishra",
                "qualification": "",
                "total_exp": "21 Years"
            },
            {
                "managing_fund_since": "29-Sept-18",
                "name": "Shridatta Bhandwaldar",
                "qualification": "",
                "total_exp": "19 Years"
            }
        ],
        "load": {
            "entry_load": "Nil",
            "exit_load": "1 - if redeemedswitched out within 1 year from the date of allotment. Nil  if redeemed  switched out after 1 year from the date of allotment"
        },
        "main_scheme_name": "CANARA ROBECO INFRASTRUCTURE (CRI)",
        "metrics": {
            "alpha": null,
            "arithmetic_mean_ratio": null,
            "average_div_yld": null,
            "average_pb": null,
            "average_pe": null,
            "avg_maturity": null,
            "beta": "0.54",
            "correlation_ratio": null,
            "downside_deviation": null,
            "information_ratio": null,
            "macaulay": null,
            "mod_duration": null,
            "port_turnover_ratio": "0.36",
            "r_squared_ratio": null,
            "roe_ratio": null,
            "rsquared": "0.61",
            "sharpe": "0.98",
            "sortino_ratio": null,
            "std_dev": "16.95",
            "tracking_error": null,
            "treynor_ratio": null,
            "upside_deviation": null,
            "ytm": null
        },
        "min_addl_amt": "\u20b9 1000",
        "min_addl_amt_multiple": "\u20b9 1",
        "min_amt": "\u20b9 5000",
        "min_amt_multiple": "\u20b9 1",
        "monthly_aaum_date": "30-04-2025",
        "monthly_aaum_value": "\u20b9 832.91 Crores",
        "mutual_fund_name": "Canara Robeco Mutual Fund",
        "page_number": [
            12
        ],
        "scheme_launch_date": "December 2, 2005"
    },
    "CANARA ROBECO CONSUMER TRENDS FUND (CRCTF)": {
        "amc_name": "Canara Robeco Asset Management Company Limited",
        "benchmark_index": "BSE 100 TRI",
        "fund_manager": [
            {
                "managing_fund_since": "01-Oct-21",
                "name": "Ennette Fernandes",
                "qualification": "",
                "total_exp": ""
            },
            {
                "managing_fund_since": "01-Oct-19",
                "name": "Shridatta Bhandwaldar",
                "qualification": "",
                "total_exp": ""
            }
        ],
        "load": {
            "entry_load": "Nil",
            "exit_load": "1 - If redeemedswitched out within 1 year from the date of allotment. Nil - if redeemedswitched out after 1 year from the date of allotment 14"
        },
        "main_scheme_name": "CANARA ROBECO CONSUMER TRENDS FUND (CRCTF)",
        "metrics": {
            "alpha": null,
            "arithmetic_mean_ratio": null,
            "average_div_yld": null,
            "average_pb": null,
            "average_pe": null,
            "avg_maturity": null,
            "beta": "0.92",
            "correlation_ratio": null,
            "downside_deviation": null,
            "information_ratio": null,
            "macaulay": null,
            "mod_duration": null,
            "port_turnover_ratio": "0.23",
            "r_squared_ratio": null,
            "roe_ratio": null,
            "rsquared": "0.79",
            "sharpe": "0.68",
            "sortino_ratio": null,
            "std_dev": "13.54",
            "tracking_error": null,
            "treynor_ratio": null,
            "upside_deviation": null,
            "ytm": null
        },
        "min_addl_amt": "\u20b9 1000",
        "min_addl_amt_multiple": "\u20b9 1",
        "min_amt": "\u20b9 5000",
        "min_amt_multiple": "\u20b9 1",
        "monthly_aaum_date": "30-04-2025",
        "monthly_aaum_value": "\u20b9 1,704.70   Crores",
        "mutual_fund_name": "Canara Robeco Mutual Fund",
        "page_number": [
            13
        ],
        "scheme_launch_date": "September 14, 2009"
    },
    "CANARA ROBECO ELSS TAX SAVER (CRETS)": {
        "amc_name": "Canara Robeco Asset Management Company Limited",
        "benchmark_index": "BSE 500 TRI",
        "fund_manager": [
            {
                "managing_fund_since": "26-June-21",
                "name": "Vishal Mishra",
                "qualification": "",
                "total_exp": "21 Years"
            },
            {
                "managing_fund_since": "01-Oct-19",
                "name": "Shridatta Bhandwaldar",
                "qualification": "",
                "total_exp": "19 Years"
            }
        ],
        "load": {
            "entry_load": "Nil",
            "exit_load": "Nil"
        },
        "main_scheme_name": "CANARA ROBECO ELSS TAX SAVER (CRETS)",
        "metrics": {
            "alpha": null,
            "arithmetic_mean_ratio": null,
            "average_div_yld": null,
            "average_pb": null,
            "average_pe": null,
            "avg_maturity": null,
            "beta": "0.88",
            "correlation_ratio": null,
            "downside_deviation": null,
            "information_ratio": null,
            "macaulay": null,
            "mod_duration": null,
            "port_turnover_ratio": "0.3",
            "r_squared_ratio": null,
            "roe_ratio": null,
            "rsquared": "0.95",
            "sharpe": "0.49",
            "sortino_ratio": null,
            "std_dev": "12.53",
            "tracking_error": null,
            "treynor_ratio": null,
            "upside_deviation": null,
            "ytm": null
        },
        "min_addl_amt": "\u20b9 500",
        "min_addl_amt_multiple": "\u20b9 1",
        "min_amt": "\u20b9 500",
        "min_amt_multiple": "\u20b9 1",
        "monthly_aaum_date": "30-04-2025",
        "monthly_aaum_value": "\u20b9 8,472.45 Crores",
        "mutual_fund_name": "Canara Robeco Mutual Fund",
        "page_number": [
            14
        ],
        "scheme_launch_date": "March 31, 1993"
    },
    "CANARA ROBECO FOCUSED EQUITY FUND (CRFEF)": {
        "amc_name": "Canara Robeco Asset Management Company Limited",
        "benchmark_index": "BSE 500 TRI",
        "fund_manager": [
            {
                "managing_fund_since": "17-May-21",
                "name": "Shridatta Bhandwaldar",
                "qualification": "",
                "total_exp": "19 Years"
            },
            {
                "managing_fund_since": "10-April-24",
                "name": "Amit Kadam",
                "qualification": "",
                "total_exp": "14 Years"
            }
        ],
        "load": {
            "entry_load": "Nil",
            "exit_load": "1 - If redeemedswitched out within 365 days from the date of allotment. Nil - if redeemedswitched out after 365 days from the date of allotment"
        },
        "main_scheme_name": "CANARA ROBECO FOCUSED EQUITY FUND (CRFEF)",
        "metrics": {
            "alpha": null,
            "arithmetic_mean_ratio": null,
            "average_div_yld": null,
            "average_pb": null,
            "average_pe": null,
            "avg_maturity": null,
            "beta": "0.84",
            "correlation_ratio": null,
            "downside_deviation": null,
            "information_ratio": null,
            "macaulay": null,
            "mod_duration": null,
            "port_turnover_ratio": "0.51",
            "r_squared_ratio": null,
            "roe_ratio": null,
            "rsquared": "0.91",
            "sharpe": "0.66",
            "sortino_ratio": null,
            "std_dev": "12.26",
            "tracking_error": null,
            "treynor_ratio": null,
            "upside_deviation": null,
            "ytm": null
        },
        "min_addl_amt": "\u20b9 1000.00",
        "min_addl_amt_multiple": "\u20b9 1.00",
        "min_amt": "\u20b9 5,000.00",
        "min_amt_multiple": "\u20b9 1.00",
        "monthly_aaum_date": "30-04-2025",
        "monthly_aaum_value": "\u20b9 2,471.67 Crores",
        "mutual_fund_name": "Canara Robeco Mutual Fund",
        "page_number": [
            15
        ],
        "scheme_launch_date": "May 17, 2021"
    },
    "CANARA ROBECO VALUE FUND (CRVF)": {
        "amc_name": "Canara Robeco Asset Management Company Limited",
        "benchmark_index": "BSE 500 TRI",
        "fund_manager": [
            {
                "managing_fund_since": "03-September -21",
                "name": "Vishal Mishra",
                "qualification": "",
                "total_exp": "21 Years"
            },
            {
                "managing_fund_since": "01-October -21",
                "name": "Silky Jain",
                "qualification": "",
                "total_exp": "14 Years"
            }
        ],
        "load": {
            "entry_load": "Nil  Source ICRA MFI Explorer   Monthend AUM as on 31.01.2 GST on investment management fees.  Please refer page n",
            "exit_load": "1 - If redeemedswitched out within 365 days from the date of allotment. Nil - if redeemedswitched out after 365 days from the date of allotment"
        },
        "main_scheme_name": "CANARA ROBECO VALUE FUND (CRVF)",
        "metrics": {
            "alpha": null,
            "arithmetic_mean_ratio": null,
            "average_div_yld": null,
            "average_pb": null,
            "average_pe": null,
            "avg_maturity": null,
            "beta": "0.88",
            "correlation_ratio": null,
            "downside_deviation": null,
            "information_ratio": null,
            "macaulay": null,
            "mod_duration": null,
            "port_turnover_ratio": "0.4",
            "r_squared_ratio": null,
            "roe_ratio": null,
            "rsquared": "0.95",
            "sharpe": "0.89",
            "sortino_ratio": null,
            "std_dev": "12.51",
            "tracking_error": null,
            "treynor_ratio": null,
            "upside_deviation": null,
            "ytm": null
        },
        "min_addl_amt": "\u20b9 1000.00",
        "min_addl_amt_multiple": "\u20b9 1.00",
        "min_amt": "\u20b9 5,000.00",
        "min_amt_multiple": "\u20b9 1.00",
        "monthly_aaum_date": "30-04-2025",
        "monthly_aaum_value": "\u20b9 1,217.10 Crores",
        "mutual_fund_name": "Canara Robeco Mutual Fund",
        "page_number": [
            16
        ],
        "scheme_launch_date": "September 03, 2021"
    },
    "CANARA ROBECO MID CAP FUND (CRMCF)": {
        "amc_name": "Canara Robeco Asset Management Company Limited",
        "benchmark_index": "BSE 150 Mid Cap TRI",
        "fund_manager": [
            {
                "managing_fund_since": "06-November-23",
                "name": "Pranav Gokhale",
                "qualification": "",
                "total_exp": "23 Years"
            },
            {
                "managing_fund_since": "02 - December - 22",
                "name": "Shridatta Bhandwaldar",
                "qualification": "",
                "total_exp": "19 Years"
            }
        ],
        "load": {
            "entry_load": "N.A",
            "exit_load": "In respect of each purchase  switch-in of units 1 - If redeemedswitched out within 365 days from the date of allotment. Nil - if redeemedswitched out after 365 days from the date of allotment"
        },
        "main_scheme_name": "CANARA ROBECO MID CAP FUND (CRMCF)",
        "metrics": {
            "alpha": null,
            "arithmetic_mean_ratio": null,
            "average_div_yld": null,
            "average_pb": null,
            "average_pe": null,
            "avg_maturity": null,
            "beta": null,
            "correlation_ratio": null,
            "downside_deviation": null,
            "information_ratio": null,
            "macaulay": null,
            "mod_duration": null,
            "port_turnover_ratio": null,
            "r_squared_ratio": null,
            "roe_ratio": null,
            "sharpe": null,
            "sortino_ratio": null,
            "std_dev": null,
            "tracking_error": null,
            "treynor_ratio": null,
            "upside_deviation": null,
            "ytm": null
        },
        "min_addl_amt": "\u20b9 1000.00",
        "min_addl_amt_multiple": "\u20b9 1.00",
        "min_amt": "",
        "min_amt_multiple": "",
        "monthly_aaum_date": "30-04-2025",
        "monthly_aaum_value": "\u20b9 2,669.57 Crores",
        "mutual_fund_name": "Canara Robeco Mutual Fund",
        "page_number": [
            17
        ],
        "scheme_launch_date": ""
    },
    "CANARA ROBECO MULTI CAP FUND (CRMUCF)": {
        "amc_name": "Canara Robeco Asset Management Company Limited",
        "benchmark_index": "NIFTY 500 Multicap 502525 Index TRI",
        "fund_manager": [
            {
                "managing_fund_since": "28- July-2023",
                "name": "Shridatta Bhandwaldar",
                "qualification": "",
                "total_exp": "19 Years"
            },
            {
                "managing_fund_since": "28- July-2023",
                "name": "Vishal Mishra",
                "qualification": "",
                "total_exp": "21 Years"
            }
        ],
        "load": {
            "entry_load": "Nil",
            "exit_load": "1 - If redeemedswitched out within 365 days from the date of allotment. Nil - if redeemedswitched out after 365 days from the date of allotment"
        },
        "main_scheme_name": "CANARA ROBECO MULTI CAP FUND (CRMUCF)",
        "metrics": {
            "alpha": null,
            "arithmetic_mean_ratio": null,
            "average_div_yld": null,
            "average_pb": null,
            "average_pe": null,
            "avg_maturity": null,
            "beta": null,
            "correlation_ratio": null,
            "downside_deviation": null,
            "information_ratio": null,
            "macaulay": null,
            "mod_duration": null,
            "port_turnover_ratio": null,
            "r_squared_ratio": null,
            "roe_ratio": null,
            "sharpe": null,
            "sortino_ratio": null,
            "std_dev": null,
            "tracking_error": null,
            "treynor_ratio": null,
            "upside_deviation": null,
            "ytm": null
        },
        "min_addl_amt": "",
        "min_addl_amt_multiple": "",
        "min_amt": "\u20b9 5,000.00",
        "min_amt_multiple": "\u20b9 1.00",
        "monthly_aaum_date": "30-04-2025",
        "monthly_aaum_value": "\u20b9 3,831.68 Crores",
        "mutual_fund_name": "Canara Robeco Mutual Fund",
        "page_number": [
            18
        ],
        "scheme_launch_date": "28th July 2023"
    },
    "CANARA ROBECO MANUFACTURING FUND (CRMTF)": {
        "amc_name": "Canara Robeco Asset Management Company Limited",
        "benchmark_index": "Nifty India Manufacturing TRI",
        "fund_manager": [
            {
                "managing_fund_since": "11- March-2024",
                "name": "Pranav Gokhale",
                "qualification": "",
                "total_exp": "23 Years"
            },
            {
                "managing_fund_since": "11- March-2024",
                "name": "Shridatta Bhandwaldar",
                "qualification": "",
                "total_exp": "19 Years"
            }
        ],
        "load": {
            "entry_load": "Nil",
            "exit_load": "1 - If redeemedswitched out within 365 days from the date of allotment. 20"
        },
        "main_scheme_name": "CANARA ROBECO MANUFACTURING FUND (CRMTF)",
        "metrics": {
            "alpha": null,
            "arithmetic_mean_ratio": null,
            "average_div_yld": null,
            "average_pb": null,
            "average_pe": null,
            "avg_maturity": null,
            "beta": null,
            "correlation_ratio": null,
            "downside_deviation": null,
            "information_ratio": null,
            "macaulay": null,
            "mod_duration": null,
            "port_turnover_ratio": null,
            "r_squared_ratio": null,
            "roe_ratio": null,
            "sharpe": null,
            "sortino_ratio": null,
            "std_dev": null,
            "tracking_error": null,
            "treynor_ratio": null,
            "upside_deviation": null,
            "ytm": null
        },
        "min_addl_amt": "",
        "min_addl_amt_multiple": "",
        "min_amt": "\u20b9 5,000",
        "min_amt_multiple": "\u20b9 1",
        "monthly_aaum_date": "30-04-2025",
        "monthly_aaum_value": "\u20b9 1,627.80 Crores",
        "mutual_fund_name": "Canara Robeco Mutual Fund",
        "page_number": [
            19
        ],
        "scheme_launch_date": "11th March 2024"
    },
    "CANARA ROBECO OVERNIGHT FUND (CROF)": {
        "amc_name": "Canara Robeco Asset Management Company Limited",
        "benchmark_index": "CRISIL Liquid Overnight Index",
        "fund_manager": [],
        "load": {
            "entry_load": "Nil",
            "exit_load": "Nil"
        },
        "main_scheme_name": "CANARA ROBECO OVERNIGHT FUND (CROF)",
        "metrics": {
            "": "99.49",
            "alpha": null,
            "arithmetic_mean_ratio": null,
            "average_div_yld": null,
            "average_pb": null,
            "average_pe": null,
            "avg_maturity": null,
            "beta": null,
            "correlation_ratio": null,
            "downside_deviation": null,
            "information_ratio": null,
            "macaulay": null,
            "mod_duration": null,
            "port_turnover_ratio": null,
            "r_squared_ratio": null,
            "roe_ratio": null,
            "sharpe": null,
            "sortino_ratio": null,
            "std_dev": null,
            "tracking_error": null,
            "treynor_ratio": null,
            "upside_deviation": null,
            "ytm": null
        },
        "min_addl_amt": "",
        "min_addl_amt_multiple": "",
        "min_amt": "\u20b9 5,000.00",
        "min_amt_multiple": "\u20b9 1.00",
        "monthly_aaum_date": "30-04-2025",
        "monthly_aaum_value": "\u20b9 382.52 Crores",
        "mutual_fund_name": "Canara Robeco Mutual Fund",
        "page_number": [
            20
        ],
        "scheme_launch_date": "24th July, 2019"
    },
    "CANARA ROBECO LIQUID FUND (CRL)": {
        "amc_name": "Canara Robeco Asset Management Company Limited",
        "benchmark_index": "CRISIL Liquid Debt A-I Index",
        "fund_manager": [
            {
                "managing_fund_since": "18-July-22",
                "name": "Kunal Jain",
                "qualification": "",
                "total_exp": "17 Years"
            },
            {
                "managing_fund_since": "01-April-22",
                "name": "Avnish Jain",
                "qualification": "",
                "total_exp": "30 Years"
            }
        ],
        "load": {
            "entry_load": "Nil",
            "exit_load": "If redeemed on Day 1 - Exit Load is 0.0070 If redeemed on Day 2 -Exit Load is 0.0065 If redeemed on Day 3 -Exit Load is 0.0060 If redeemed on Day 4 -Exit Load is 0.0055 If redeemed on Day 5 -Exit Load is 0.0050 If redeemed on Day 6 -Exit Load is 0.0045 If redeemed on or after Day 7 -  Exit Load is Nil"
        },
        "main_scheme_name": "CANARA ROBECO LIQUID FUND (CRL)",
        "metrics": {
            "alpha": null,
            "arithmetic_mean_ratio": null,
            "average_div_yld": null,
            "average_pb": null,
            "average_pe": null,
            "avg_maturity": "0.11 Years",
            "beta": null,
            "correlation_ratio": null,
            "downside_deviation": null,
            "information_ratio": null,
            "macaulay": "0.11 Years",
            "mod_duration": "0.10 Years",
            "port_turnover_ratio": null,
            "r_squared_ratio": null,
            "roe_ratio": null,
            "sharpe": null,
            "sortino_ratio": null,
            "std_dev": null,
            "tracking_error": null,
            "treynor_ratio": null,
            "upside_deviation": null,
            "ytm": "7.26"
        },
        "min_addl_amt": "\u20b9 1000",
        "min_addl_amt_multiple": "\u20b9 1",
        "min_amt": "",
        "min_amt_multiple": "",
        "monthly_aaum_date": "30-04-2025",
        "monthly_aaum_value": "\u20b9 4,444.53 Crores",
        "mutual_fund_name": "Canara Robeco Mutual Fund",
        "page_number": [
            21
        ],
        "scheme_launch_date": ""
    },
    "CANARA ROBECO ULTRA SHORT TERM FUND (CRUSTF)": {
        "amc_name": "Canara Robeco Asset Management Company Limited",
        "benchmark_index": "CRISIL Ultra Short Duration Debt A-I Index",
        "fund_manager": [
            {
                "managing_fund_since": "16-Sept.-24",
                "name": "Kunal Jain",
                "qualification": "",
                "total_exp": "17 Years"
            },
            {
                "managing_fund_since": "01-April-22",
                "name": "Avnish Jain",
                "qualification": "",
                "total_exp": ""
            }
        ],
        "load": {
            "entry_load": "Nil",
            "exit_load": "Nil"
        },
        "main_scheme_name": "CANARA ROBECO ULTRA SHORT TERM FUND (CRUSTF)",
        "metrics": {
            "alpha": null,
            "arithmetic_mean_ratio": null,
            "average_div_yld": null,
            "average_pb": null,
            "average_pe": null,
            "avg_maturity": "0.69 Years",
            "beta": null,
            "correlation_ratio": null,
            "downside_deviation": null,
            "information_ratio": null,
            "macaulay": "0.45 Years",
            "mod_duration": "0.42 Years",
            "port_turnover_ratio": null,
            "r_squared_ratio": null,
            "roe_ratio": null,
            "sharpe": null,
            "sortino_ratio": null,
            "std_dev": null,
            "tracking_error": null,
            "treynor_ratio": null,
            "upside_deviation": null,
            "ytm": "7.57"
        },
        "min_addl_amt": "\u20b9 500",
        "min_addl_amt_multiple": "\u20b9 1",
        "min_amt": "",
        "min_amt_multiple": "",
        "monthly_aaum_date": "30-04-2025",
        "monthly_aaum_value": "\u20b9 568.96 Crores",
        "mutual_fund_name": "Canara Robeco Mutual Fund",
        "page_number": [
            22
        ],
        "scheme_launch_date": ""
    },
    "CANARA ROBECO SAVINGS FUND (CRSF)": {
        "amc_name": "Canara Robeco Asset Management Company Limited",
        "benchmark_index": "CRISIL Low Duration Debt A-I Index",
        "fund_manager": [
            {
                "managing_fund_since": "18-July-22",
                "name": "Kunal Jain",
                "qualification": "",
                "total_exp": "17 Years"
            },
            {
                "managing_fund_since": "01-April-22",
                "name": "Avnish Jain",
                "qualification": "",
                "total_exp": "30 Years"
            }
        ],
        "load": {
            "entry_load": "Nil",
            "exit_load": "Nil"
        },
        "main_scheme_name": "CANARA ROBECO SAVINGS FUND (CRSF)",
        "metrics": {
            "alpha": null,
            "arithmetic_mean_ratio": null,
            "average_div_yld": null,
            "average_pb": null,
            "average_pe": null,
            "avg_maturity": "0.89 Years",
            "beta": null,
            "correlation_ratio": null,
            "downside_deviation": null,
            "information_ratio": null,
            "macaulay": "0.83 Years",
            "mod_duration": "0.78 Years",
            "port_turnover_ratio": null,
            "r_squared_ratio": null,
            "roe_ratio": null,
            "sharpe": null,
            "sortino_ratio": null,
            "std_dev": null,
            "tracking_error": null,
            "treynor_ratio": null,
            "upside_deviation": null,
            "ytm": "7.59"
        },
        "min_addl_amt": "\u20b9 1000",
        "min_addl_amt_multiple": "\u20b9 1",
        "min_amt": "\u20b9 5000",
        "min_amt_multiple": "\u20b9 1",
        "monthly_aaum_date": "30-04-2025",
        "monthly_aaum_value": "\u20b9 836.94 Crores",
        "mutual_fund_name": "Canara Robeco Mutual Fund",
        "page_number": [
            23
        ],
        "scheme_launch_date": "March 4, 2005"
    },
    "CANARA ROBECO SHORT DURATION FUND (CRSDF)": {
        "amc_name": "Canara Robeco Asset Management Company Limited",
        "benchmark_index": "CRISIL Short Duration Debt A-II Index",
        "fund_manager": [
            {
                "managing_fund_since": "16-Sep-12",
                "name": "Suman Prasad",
                "qualification": "",
                "total_exp": "27 Years"
            },
            {
                "managing_fund_since": "18-July-22",
                "name": "Avnish Jain",
                "qualification": "",
                "total_exp": "30 Years"
            }
        ],
        "load": {
            "entry_load": "Nil",
            "exit_load": "Nil  Source ICRA MFI Explorer  Monthend AUM as on 31.01 GST on investment management fees. Please refer page January 07, 2025 for change in the risk-o-meter of the benc"
        },
        "main_scheme_name": "CANARA ROBECO SHORT DURATION FUND (CRSDF)",
        "metrics": {
            "": "47.51",
            "alpha": null,
            "arithmetic_mean_ratio": null,
            "average_div_yld": null,
            "average_pb": null,
            "average_pe": null,
            "avg_maturity": null,
            "beta": null,
            "correlation_ratio": null,
            "downside_deviation": null,
            "information_ratio": null,
            "macaulay": null,
            "mod_duration": null,
            "port_turnover_ratio": null,
            "r_squared_ratio": null,
            "roe_ratio": null,
            "sharpe": null,
            "sortino_ratio": null,
            "std_dev": null,
            "tracking_error": null,
            "treynor_ratio": null,
            "upside_deviation": null,
            "ytm": null
        },
        "min_addl_amt": "\u20b9 1000",
        "min_addl_amt_multiple": "\u20b9 1",
        "min_amt": "\u20b9 5000",
        "min_amt_multiple": "\u20b9 1",
        "monthly_aaum_date": "30-04-2025",
        "monthly_aaum_value": "\u20b9 347.91 Crores",
        "mutual_fund_name": "Canara Robeco Mutual Fund",
        "page_number": [
            24
        ],
        "scheme_launch_date": "25 April, 2011"
    },
    "CANARA ROBECO INCOME FUND (CRINC)": {
        "amc_name": "Canara Robeco Asset Management Company Limited",
        "benchmark_index": "CRISIL Medium to Long Duration Debt A-III Index 26",
        "fund_manager": [
            {
                "managing_fund_since": "25-June-14",
                "name": "Avnish Jain",
                "qualification": "",
                "total_exp": "30 Years"
            },
            {
                "managing_fund_since": "18-July-22",
                "name": "Kunal Jain",
                "qualification": "",
                "total_exp": "17 Years"
            }
        ],
        "load": {
            "entry_load": "Nil",
            "exit_load": "Nil"
        },
        "main_scheme_name": "CANARA ROBECO INCOME FUND (CRINC)",
        "metrics": {
            "": "71.81",
            "alpha": null,
            "arithmetic_mean_ratio": null,
            "average_div_yld": null,
            "average_pb": null,
            "average_pe": null,
            "avg_maturity": null,
            "beta": null,
            "correlation_ratio": null,
            "downside_deviation": null,
            "information_ratio": null,
            "macaulay": null,
            "mod_duration": null,
            "port_turnover_ratio": null,
            "r_squared_ratio": null,
            "roe_ratio": null,
            "sharpe": null,
            "sortino_ratio": null,
            "std_dev": null,
            "tracking_error": null,
            "treynor_ratio": null,
            "upside_deviation": null,
            "ytm": null
        },
        "min_addl_amt": "\u20b9 1000",
        "min_addl_amt_multiple": "\u20b9 1",
        "min_amt": "\u20b9 5000",
        "min_amt_multiple": "\u20b9 1",
        "monthly_aaum_date": "30-04-2025",
        "monthly_aaum_value": "\u20b9 119.52 Crores",
        "mutual_fund_name": "Canara Robeco Mutual Fund",
        "page_number": [
            25
        ],
        "scheme_launch_date": "September 19, 2002"
    },
    "CANARA ROBECO DYNAMIC BOND FUND (CRDBF)": {
        "amc_name": "Canara Robeco Asset Management Company Limited",
        "benchmark_index": "CRISIL Dynamic Bond A-III Index",
        "fund_manager": [
            {
                "managing_fund_since": "18-July-22",
                "name": "Kunal Jain",
                "qualification": "",
                "total_exp": "17 Years"
            },
            {
                "managing_fund_since": "01-April-22",
                "name": "Avnish Jain",
                "qualification": "",
                "total_exp": "30 Years"
            }
        ],
        "load": {
            "entry_load": "Nil",
            "exit_load": "Nil"
        },
        "main_scheme_name": "CANARA ROBECO DYNAMIC BOND FUND (CRDBF)",
        "metrics": {
            "": "95.71",
            "alpha": null,
            "arithmetic_mean_ratio": null,
            "average_div_yld": null,
            "average_pb": null,
            "average_pe": null,
            "avg_maturity": null,
            "beta": null,
            "correlation_ratio": null,
            "downside_deviation": null,
            "information_ratio": null,
            "macaulay": null,
            "mod_duration": null,
            "port_turnover_ratio": null,
            "r_squared_ratio": null,
            "roe_ratio": null,
            "sharpe": null,
            "sortino_ratio": null,
            "std_dev": null,
            "tracking_error": null,
            "treynor_ratio": null,
            "upside_deviation": null,
            "ytm": null
        },
        "min_addl_amt": "\u20b9 1000",
        "min_addl_amt_multiple": "\u20b9 1",
        "min_amt": "\u20b9 5000",
        "min_amt_multiple": "\u20b9 1",
        "monthly_aaum_date": "30-04-2025",
        "monthly_aaum_value": "\u20b9 125.01   Crores",
        "mutual_fund_name": "Canara Robeco Mutual Fund",
        "page_number": [
            26
        ],
        "scheme_launch_date": ""
    },
    "CANARA ROBECO CORPORATE BOND FUND (CRCBF)": {
        "amc_name": "Canara Robeco Asset Management Company Limited",
        "benchmark_index": "CRISIL Corporate Debt A-II Index",
        "fund_manager": [
            {
                "managing_fund_since": "7-Feb-14",
                "name": "Avnish Jain",
                "qualification": "",
                "total_exp": "30 Years"
            },
            {
                "managing_fund_since": "18-July-22",
                "name": "Suman Prasad",
                "qualification": "",
                "total_exp": "27 Years"
            }
        ],
        "load": {
            "entry_load": "Nil",
            "exit_load": "Nil"
        },
        "main_scheme_name": "CANARA ROBECO CORPORATE BOND FUND (CRCBF)",
        "metrics": {
            "": "44",
            "alpha": null,
            "arithmetic_mean_ratio": null,
            "average_div_yld": null,
            "average_pb": null,
            "average_pe": null,
            "avg_maturity": null,
            "beta": null,
            "correlation_ratio": null,
            "downside_deviation": null,
            "information_ratio": null,
            "macaulay": null,
            "mod_duration": null,
            "port_turnover_ratio": null,
            "r_squared_ratio": null,
            "roe_ratio": null,
            "sharpe": null,
            "sortino_ratio": null,
            "std_dev": null,
            "tracking_error": null,
            "treynor_ratio": null,
            "upside_deviation": null,
            "ytm": null
        },
        "min_addl_amt": "\u20b9 1000",
        "min_addl_amt_multiple": "\u20b9 1",
        "min_amt": "\u20b9 5000",
        "min_amt_multiple": "\u20b9 1",
        "monthly_aaum_date": "30-04-2025",
        "monthly_aaum_value": "\u20b9 130.93 Crores",
        "mutual_fund_name": "Canara Robeco Mutual Fund",
        "page_number": [
            27
        ],
        "scheme_launch_date": "7th February, 2014"
    },
    "CANARA ROBECO GILT FUND (CRGILT)": {
        "amc_name": "Canara Robeco Asset Management Company Limited",
        "benchmark_index": "CRISIL Dynamic Gilt Index",
        "fund_manager": [
            {
                "managing_fund_since": "",
                "name": "Kunal Jain",
                "qualification": "",
                "total_exp": "17 Years"
            },
            {
                "managing_fund_since": "",
                "name": "Avnish Jain",
                "qualification": "",
                "total_exp": ""
            }
        ],
        "load": {
            "entry_load": "Nil",
            "exit_load": "Nil"
        },
        "main_scheme_name": "CANARA ROBECO GILT FUND (CRGILT)",
        "metrics": {
            "": "93.30",
            "alpha": null,
            "arithmetic_mean_ratio": null,
            "average_div_yld": null,
            "average_pb": null,
            "average_pe": null,
            "avg_maturity": null,
            "beta": null,
            "correlation_ratio": null,
            "downside_deviation": null,
            "information_ratio": null,
            "macaulay": null,
            "mod_duration": null,
            "port_turnover_ratio": null,
            "r_squared_ratio": null,
            "roe_ratio": null,
            "sharpe": null,
            "sortino_ratio": null,
            "std_dev": null,
            "tracking_error": null,
            "treynor_ratio": null,
            "upside_deviation": null,
            "ytm": null
        },
        "min_addl_amt": "\u20b9 1000",
        "min_addl_amt_multiple": "\u20b9 1",
        "min_amt": "\u20b9 5000",
        "min_amt_multiple": "\u20b9 1",
        "monthly_aaum_date": "30-04-2025",
        "monthly_aaum_value": "\u20b9 138.38 Crores",
        "mutual_fund_name": "Canara Robeco Mutual Fund",
        "page_number": [
            28
        ],
        "scheme_launch_date": "December 29, 1999"
    },
    "CANARA ROBECO BANKING AND PSU DEBT FUND (CRBPDF)": {
        "amc_name": "Canara Robeco Asset Management Company Limited",
        "benchmark_index": "CRISIL Banking and PSU Debt A-II Index",
        "fund_manager": [
            {
                "managing_fund_since": "16-Sept.-24",
                "name": "Suman Prasad",
                "qualification": "",
                "total_exp": ""
            },
            {
                "managing_fund_since": "22-August-22",
                "name": "Avnish Jain",
                "qualification": "",
                "total_exp": ""
            }
        ],
        "load": {
            "entry_load": "NA",
            "exit_load": "Nil"
        },
        "main_scheme_name": "CANARA ROBECO BANKING AND PSU DEBT FUND (CRBPDF)",
        "metrics": {
            "": "42",
            "alpha": null,
            "arithmetic_mean_ratio": null,
            "average_div_yld": null,
            "average_pb": null,
            "average_pe": null,
            "avg_maturity": null,
            "beta": null,
            "correlation_ratio": null,
            "downside_deviation": null,
            "information_ratio": null,
            "macaulay": null,
            "mod_duration": null,
            "port_turnover_ratio": null,
            "r_squared_ratio": null,
            "roe_ratio": null,
            "sharpe": null,
            "sortino_ratio": null,
            "std_dev": null,
            "tracking_error": null,
            "treynor_ratio": null,
            "upside_deviation": null,
            "ytm": null
        },
        "min_addl_amt": "\u20b9 1000.00",
        "min_addl_amt_multiple": "\u20b9 1.00",
        "min_amt": "\u20b9 5,000.00",
        "min_amt_multiple": "\u20b9 1.00",
        "monthly_aaum_date": "30-04-2025",
        "monthly_aaum_value": "\u20b9 236.75 Crores",
        "mutual_fund_name": "Canara Robeco Mutual Fund",
        "page_number": [
            29
        ],
        "scheme_launch_date": ""
    },
    "CANARA ROBECO CONSERVATIVE HYBRID FUND (CRCHF)": {
        "amc_name": "Canara Robeco Asset Management Company Limited",
        "benchmark_index": "CRISIL Hybrid 8515-Conservative Index",
        "fund_manager": [
            {
                "managing_fund_since": "7-Oct-13",
                "name": "Avnish Jain",
                "qualification": "",
                "total_exp": "30 Years"
            },
            {
                "managing_fund_since": "10-April-24",
                "name": "Amit Kadam",
                "qualification": "",
                "total_exp": "14 Years"
            }
        ],
        "load": {
            "entry_load": "Nil",
            "exit_load": "For any redemption  switch out upto 10 of units within 1 Year from the date of allotment - Nil For any redemption  switch out more than 10 of units within 1 Year from the date of allotment - 1 For any redemption  switch out after 1 Year from the date of allotment - Nil  Source ICRA MFI Explorer  Monthend AUM as on 31 01"
        },
        "main_scheme_name": "CANARA ROBECO CONSERVATIVE HYBRID FUND (CRCHF)",
        "metrics": {
            "": "48.13",
            "alpha": null,
            "arithmetic_mean_ratio": null,
            "average_div_yld": null,
            "average_pb": null,
            "average_pe": null,
            "avg_maturity": null,
            "beta": null,
            "correlation_ratio": null,
            "downside_deviation": null,
            "information_ratio": null,
            "macaulay": null,
            "mod_duration": null,
            "port_turnover_ratio": null,
            "r_squared_ratio": null,
            "roe_ratio": null,
            "sharpe": null,
            "sortino_ratio": null,
            "std_dev": null,
            "tracking_error": null,
            "treynor_ratio": null,
            "upside_deviation": null,
            "ytm": null
        },
        "min_addl_amt": "\u20b9 1000",
        "min_addl_amt_multiple": "\u20b9 1",
        "min_amt": "\u20b9 5000",
        "min_amt_multiple": "\u20b9 1",
        "monthly_aaum_date": "30-04-2025",
        "monthly_aaum_value": "\u20b9 938.14 Crores",
        "mutual_fund_name": "Canara Robeco Mutual Fund",
        "page_number": [
            30
        ],
        "scheme_launch_date": "April 24, 1988"
    },
    "CANARA ROBECO EQUITY HYBRID FUND (CREHF)": {
        "amc_name": "Canara Robeco Asset Management Company Limited",
        "benchmark_index": "CRISIL Hybrid 3565 - Aggressive Index",
        "fund_manager": [
            {
                "managing_fund_since": "01-Oct-21",
                "name": "Ennette Fernandes",
                "qualification": "",
                "total_exp": "15 Years"
            },
            {
                "managing_fund_since": "5-July-16",
                "name": "Shridatta Bhandwaldar",
                "qualification": "",
                "total_exp": "19 Years"
            },
            {
                "managing_fund_since": "7-Oct-13",
                "name": "Avnish Jain",
                "qualification": "",
                "total_exp": "30 Years"
            }
        ],
        "load": {
            "entry_load": "Nil",
            "exit_load": "For any redemption  switch out upto 10 of units within 1 Year from the date of allotment  Nil. For any redemption  switch out more than 10 of units within 1 Year from the date of  allotment - 1. For any redemption  switch out after 1 Year from the date of allotment - Nil"
        },
        "main_scheme_name": "CANARA ROBECO EQUITY HYBRID FUND (CREHF)",
        "metrics": {
            "": "0.6",
            "alpha": null,
            "arithmetic_mean_ratio": null,
            "average_div_yld": null,
            "average_pb": null,
            "average_pe": null,
            "avg_maturity": "7.21 Years",
            "beta": "1.02",
            "correlation_ratio": null,
            "downside_deviation": null,
            "information_ratio": null,
            "macaulay": "3.80 Years",
            "mod_duration": "3.61 Years",
            "port_turnover_ratio": null,
            "r_squared_ratio": null,
            "roe_ratio": null,
            "rsquared": "0.95",
            "sharpe": "0.48",
            "sortino_ratio": null,
            "std_dev": "9.63",
            "tracking_error": null,
            "treynor_ratio": null,
            "upside_deviation": null,
            "ytm": "7.32"
        },
        "min_addl_amt": "\u20b9 1000",
        "min_addl_amt_multiple": "\u20b9 1",
        "min_amt": "\u20b9 5000",
        "min_amt_multiple": "\u20b9 1",
        "monthly_aaum_date": "30-04-2025",
        "monthly_aaum_value": "\u20b9 10,527.59 Crores",
        "mutual_fund_name": "Canara Robeco Mutual Fund",
        "page_number": [
            31
        ],
        "scheme_launch_date": "February 1, 1993"
    },
    "CANARA ROBECO BALANCED ADVANTAGE FUND (CRBAF)": {
        "amc_name": "Canara Robeco Asset Management Company Limited",
        "benchmark_index": "CRISIL Hybrid 5050  Moderate Index",
        "fund_manager": [
            {
                "managing_fund_since": "02-Aug.-24",
                "name": "Shridatta Bhandwaldar",
                "qualification": "",
                "total_exp": "19 Years"
            },
            {
                "managing_fund_since": "02-Aug.-24",
                "name": "Ennette Fernandes",
                "qualification": "",
                "total_exp": "15 Years"
            },
            {
                "managing_fund_since": "02-Aug.-24",
                "name": "Suman Prasad",
                "qualification": "",
                "total_exp": "27 Years"
            },
            {
                "managing_fund_since": "02-Aug.-24",
                "name": "Amit Kadam",
                "qualification": "",
                "total_exp": "14 Years"
            }
        ],
        "load": {
            "entry_load": null,
            "exit_load": "1 - if redeemedswitched out above 12 of allotted units within 365 days from the date of allotment. Nil - if redeemedswitched out upto 12 of allotted units within 365 days from the date of allotment, Nil - if redeemedswitched out after 365 days from the date of allotment"
        },
        "main_scheme_name": "CANARA ROBECO BALANCED ADVANTAGE FUND (CRBAF)",
        "metrics": {
            "alpha": null,
            "arithmetic_mean_ratio": null,
            "average_div_yld": null,
            "average_pb": null,
            "average_pe": null,
            "avg_maturity": "5.02 Years",
            "beta": null,
            "correlation_ratio": null,
            "downside_deviation": null,
            "information_ratio": null,
            "macaulay": "3.35 Years",
            "mod_duration": "3.19 Years",
            "port_turnover_ratio": null,
            "r_squared_ratio": null,
            "roe_ratio": null,
            "sharpe": null,
            "sortino_ratio": null,
            "std_dev": null,
            "tracking_error": null,
            "treynor_ratio": null,
            "upside_deviation": null,
            "ytm": "7.23"
        },
        "min_addl_amt": "",
        "min_addl_amt_multiple": "",
        "min_amt": "\u20b9 5,000",
        "min_amt_multiple": "\u20b9 1",
        "monthly_aaum_date": "30-04-2025",
        "monthly_aaum_value": "\u20b9 1,448.34 Crores",
        "mutual_fund_name": "Canara Robeco Mutual Fund",
        "page_number": [
            32
        ],
        "scheme_launch_date": "2nd August, 2024"
    }
}