{
    "quant Small Cap Fund": {
        "amc_name": "Quant Money Managers Limited",
        "benchmark_index": "NIFTY SMALLCAP 250 TRI",
        "fund_manager": [
            {
                "managing_fund_since": "",
                "name": "Ankit Pande",
                "qualification": "",
                "total_exp": ""
            },
            {
                "managing_fund_since": "",
                "name": "Vasav Sahgal",
                "qualification": "",
                "total_exp": ""
            },
            {
                "managing_fund_since": "",
                "name": "Sanjeev Sharma",
                "qualification": "",
                "total_exp": ""
            }
        ],
        "generate_avg_manage": [
            12
        ],
        "load": {
            "entry_load": "Nil",
            "exit_load": "1 if exit  1 Year NAV Details  Pleaseclick here EXPENSE RATIO  Please click here (For both Direct and Reqular plans) BENCHMARK INDEX NIFTY SMALLCAP 250 TRI Scheme Riskometer Benchmark Riskometer Investors should consult their financial advisers if in doubt about whether the product is suitable for them As on January 31, 2025"
        },
        "main_scheme_name": "quant Small Cap Fund",
        "metrics": {
            "alpha": "13.47",
            "arithmetic_mean_ratio": null,
            "average_div_yld": null,
            "average_pb": null,
            "average_pe": null,
            "avg_maturity": null,
            "beta": null,
            "correlation_ratio": null,
            "downside_deviation": null,
            "information_ratio": null,
            "macaulay": null,
            "mod_duration": null,
            "port_turnover_ratio": null,
            "r_squared_ratio": "0.82",
            "roe_ratio": null,
            "sharpe": "1.33",
            "sortino_ratio": "2.29",
            "std_dev": "23.29",
            "tracking_error": null,
            "treynor_ratio": null,
            "upside_deviation": null,
            "ytm": null
        },
        "min_addl_amt": "\u20b9 1000",
        "min_addl_amt_multiple": "\u20b9 1",
        "min_amt": "\u20b9 5000",
        "min_amt_multiple": "\u20b9 1",
        "monthly_aaum_date": "30-04-2025",
        "monthly_aaum_value": "\u20b9 25,183 cr",
        "mutual_fund_name": "Quant Mutual Fund",
        "page_number": [
            12
        ],
        "scheme_launch_date": "29 October 1996"
    },
    "quant ELSS Tax Saver Fund": {
        "amc_name": "Quant Money Managers Limited",
        "benchmark_index": "NIFTY 500 TRI",
        "fund_manager": [
            {
                "managing_fund_since": "",
                "name": "Ankit Pande",
                "qualification": "",
                "total_exp": ""
            },
            {
                "managing_fund_since": "",
                "name": "Vasav Sahgal",
                "qualification": "",
                "total_exp": ""
            }
        ],
        "generate_avg_manage": [
            14
        ],
        "load": {
            "entry_load": "Nil",
            "exit_load": "Nil NAV Details  Pleaseclick here EXPENSE RATIO  Please click here (For both Direct and Reqular plans) BENCHMARK INDEX NIFTY 500 TRI Scheme Riskometer Benchmark Riskometer Investors should consult their financial advisers if in doubt about whether the product is suitable for them As on January 31, 2025"
        },
        "main_scheme_name": "quant ELSS Tax Saver Fund",
        "metrics": {
            "alpha": "10.54",
            "arithmetic_mean_ratio": null,
            "average_div_yld": null,
            "average_pb": null,
            "average_pe": null,
            "avg_maturity": null,
            "beta": null,
            "correlation_ratio": null,
            "downside_deviation": null,
            "information_ratio": null,
            "macaulay": null,
            "mod_duration": null,
            "port_turnover_ratio": null,
            "r_squared_ratio": "0.78",
            "roe_ratio": null,
            "sharpe": "1.11",
            "sortino_ratio": "1.79",
            "std_dev": "18.18",
            "tracking_error": null,
            "treynor_ratio": null,
            "upside_deviation": null,
            "ytm": null
        },
        "min_addl_amt": "\u20b9 500",
        "min_addl_amt_multiple": "\u20b9 1",
        "min_amt": "\u20b9 500",
        "min_amt_multiple": "\u20b9 1",
        "monthly_aaum_date": "30-04-2025",
        "monthly_aaum_value": "\u20b9 10,279 cr",
        "mutual_fund_name": "Quant Mutual Fund",
        "page_number": [
            14
        ],
        "scheme_launch_date": "13 April 2000"
    },
    "quant Active Fund": {
        "amc_name": "Quant Money Managers Limited",
        "benchmark_index": "NIFTY 500 MULTICAP 502525 TRI",
        "fund_manager": [
            {
                "managing_fund_since": "",
                "name": "Ankit Pande",
                "qualification": "",
                "total_exp": ""
            },
            {
                "managing_fund_since": "",
                "name": "Vasav Sahgal",
                "qualification": "",
                "total_exp": ""
            },
            {
                "managing_fund_since": "",
                "name": "Sanjeev Sharma",
                "qualification": "",
                "total_exp": ""
            }
        ],
        "generate_avg_manage": [
            16
        ],
        "load": {
            "entry_load": "Nil",
            "exit_load": "1 for 15 days NAV Details  Pleaseclick here EXPENSE RATIO  Please click here (For both Direct and Reqular plans) BENCHMARK INDEX NIFTY 500 MULTICAP 502525 TRI Scheme Riskometer Benchmark Riskometer Investors should consult their financial advisers if in doubt about whether the product is suitable for them As on January 31, 2025"
        },
        "main_scheme_name": "quant Active Fund",
        "metrics": {
            "alpha": "5.52",
            "arithmetic_mean_ratio": null,
            "average_div_yld": null,
            "average_pb": null,
            "average_pe": null,
            "avg_maturity": null,
            "beta": null,
            "correlation_ratio": null,
            "downside_deviation": null,
            "information_ratio": null,
            "macaulay": null,
            "mod_duration": null,
            "port_turnover_ratio": null,
            "r_squared_ratio": "0.83",
            "roe_ratio": null,
            "sharpe": "1.02",
            "sortino_ratio": "1.66",
            "std_dev": "17.73",
            "tracking_error": null,
            "treynor_ratio": null,
            "upside_deviation": null,
            "ytm": null
        },
        "min_addl_amt": "\u20b9 1000",
        "min_addl_amt_multiple": "\u20b9 1",
        "min_amt": "\u20b9 5000",
        "min_amt_multiple": "\u20b9 1",
        "monthly_aaum_date": "30-04-2025",
        "monthly_aaum_value": "\u20b9 9,863 cr",
        "mutual_fund_name": "Quant Mutual Fund",
        "page_number": [
            16
        ],
        "scheme_launch_date": "17 April 2001"
    },
    "quant Mid Cap Fund": {
        "amc_name": "Quant Money Managers Limited",
        "benchmark_index": "NIFTY MIDCAP 150 TRI",
        "fund_manager": [
            {
                "managing_fund_since": "",
                "name": "Ankit Pande",
                "qualification": "",
                "total_exp": ""
            },
            {
                "managing_fund_since": "",
                "name": "Vasav Sahgal",
                "qualification": "",
                "total_exp": ""
            },
            {
                "managing_fund_since": "",
                "name": "Sanjeev Sharma",
                "qualification": "",
                "total_exp": ""
            }
        ],
        "generate_avg_manage": [
            18
        ],
        "load": {
            "entry_load": "Nil",
            "exit_load": "0.5 if exit  3 Months NAV Details  Pleaseclick here EXPENSE RATIO  Please click here (For both Direct and Reqular plans) BENCHMARK INDEX NIFTY MIDCAP 150 TRI Scheme Riskometer Benchmark Riskometer Investors should consult their financial advisers if in doubt about whether the product is suitable for them As on January 31, 2025"
        },
        "main_scheme_name": "quant Mid Cap Fund",
        "metrics": {
            "alpha": "4.74",
            "arithmetic_mean_ratio": null,
            "average_div_yld": null,
            "average_pb": null,
            "average_pe": null,
            "avg_maturity": null,
            "beta": null,
            "correlation_ratio": null,
            "downside_deviation": null,
            "information_ratio": null,
            "macaulay": null,
            "mod_duration": null,
            "port_turnover_ratio": null,
            "r_squared_ratio": "0.76",
            "roe_ratio": null,
            "sharpe": "1.20",
            "sortino_ratio": "1.99",
            "std_dev": "17.68",
            "tracking_error": null,
            "treynor_ratio": null,
            "upside_deviation": null,
            "ytm": null
        },
        "min_addl_amt": "\u20b9 1000",
        "min_addl_amt_multiple": "\u20b9 1",
        "min_amt": "\u20b9 5000",
        "min_amt_multiple": "\u20b9 1",
        "monthly_aaum_date": "30-04-2025",
        "monthly_aaum_value": "\u20b9 8,608 cr",
        "mutual_fund_name": "Quant Mutual Fund",
        "page_number": [
            18
        ],
        "scheme_launch_date": "20 March 2001"
    },
    "quant Flexi Cap Fund": {
        "amc_name": "Quant Money Managers Limited",
        "benchmark_index": "NIFTY 500 TRI",
        "fund_manager": [
            {
                "managing_fund_since": "",
                "name": "Sandeep Tandon",
                "qualification": "",
                "total_exp": ""
            },
            {
                "managing_fund_since": "",
                "name": "Ankit Pande",
                "qualification": "",
                "total_exp": ""
            },
            {
                "managing_fund_since": "",
                "name": "Sanjeev Sharma",
                "qualification": "",
                "total_exp": ""
            },
            {
                "managing_fund_since": "",
                "name": "Vasav Sahgal",
                "qualification": "",
                "total_exp": ""
            }
        ],
        "generate_avg_manage": [
            20
        ],
        "load": {
            "entry_load": "Nil",
            "exit_load": "1 for 15 days NAV Details  Pleaseclick here EXPENSE RATIO  Please click here (For both Direct and Reqular plans) BENCHMARK INDEX NIFTY 500 TRI Scheme Riskometer Benchmark Riskometer Investors should consult their financial advisers if in doubt about whether the product is suitable for them As on January 31, 2025"
        },
        "main_scheme_name": "quant Flexi Cap Fund",
        "metrics": {
            "alpha": "12.06",
            "arithmetic_mean_ratio": null,
            "average_div_yld": null,
            "average_pb": null,
            "average_pe": null,
            "avg_maturity": null,
            "beta": null,
            "correlation_ratio": null,
            "downside_deviation": null,
            "information_ratio": null,
            "macaulay": null,
            "mod_duration": null,
            "port_turnover_ratio": null,
            "r_squared_ratio": "0.74",
            "roe_ratio": null,
            "sharpe": "1.21",
            "sortino_ratio": "2.07",
            "std_dev": "17.97",
            "tracking_error": null,
            "treynor_ratio": null,
            "upside_deviation": null,
            "ytm": null
        },
        "min_addl_amt": "\u20b9 1000",
        "min_addl_amt_multiple": "\u20b9 1",
        "min_amt": "\u20b9 5000",
        "min_amt_multiple": "\u20b9 1",
        "monthly_aaum_date": "30-04-2025",
        "monthly_aaum_value": "\u20b9 6,829 cr",
        "mutual_fund_name": "Quant Mutual Fund",
        "page_number": [
            20
        ],
        "scheme_launch_date": "17 October 2008"
    },
    "quant Large & Mid Cap Fund": {
        "amc_name": "Quant Money Managers Limited",
        "benchmark_index": "NIFTY LARGE MIDCAP 250 TRI",
        "fund_manager": [
            {
                "managing_fund_since": "",
                "name": "Ankit Pande",
                "qualification": "",
                "total_exp": ""
            },
            {
                "managing_fund_since": "",
                "name": "Vasav Sahgal",
                "qualification": "",
                "total_exp": ""
            },
            {
                "managing_fund_since": "",
                "name": "Sanjeev Sharma",
                "qualification": "",
                "total_exp": ""
            }
        ],
        "generate_avg_manage": [
            22
        ],
        "load": {
            "entry_load": "Nil",
            "exit_load": "1 for 15 days NAV Details  Pleaseclick here EXPENSE RATIO  Please click here (For both Direct and Reqular plans) BENCHMARK INDEX NIFTY LARGE MIDCAP 250 TRI Scheme Riskometer Benchmark Riskometer Investors should consult their financial advisers if in doubt about whether the product is suitable for them As on January 31, 2025"
        },
        "main_scheme_name": "quant Large & Mid Cap Fund",
        "metrics": {
            "alpha": "3.64",
            "arithmetic_mean_ratio": null,
            "average_div_yld": null,
            "average_pb": null,
            "average_pe": null,
            "avg_maturity": null,
            "beta": null,
            "correlation_ratio": null,
            "downside_deviation": null,
            "information_ratio": null,
            "macaulay": null,
            "mod_duration": null,
            "port_turnover_ratio": null,
            "r_squared_ratio": "0.76",
            "roe_ratio": null,
            "sharpe": "1.01",
            "sortino_ratio": "1.76",
            "std_dev": "16.19",
            "tracking_error": null,
            "treynor_ratio": null,
            "upside_deviation": null,
            "ytm": null
        },
        "min_addl_amt": "\u20b9 1000",
        "min_addl_amt_multiple": "\u20b9 1",
        "min_amt": "\u20b9 5000",
        "min_amt_multiple": "\u20b9 1",
        "monthly_aaum_date": "30-04-2025",
        "monthly_aaum_value": "\u20b9 3,612 cr",
        "mutual_fund_name": "Quant Mutual Fund",
        "page_number": [
            22
        ],
        "scheme_launch_date": "08 January 2007"
    },
    "quant Infrastructure Fund": {
        "amc_name": "Quant Money Managers Limited",
        "benchmark_index": "NIFTY INFRASTRUCTURE TRI",
        "fund_manager": [
            {
                "managing_fund_since": "",
                "name": "Ankit Pande",
                "qualification": "",
                "total_exp": ""
            },
            {
                "managing_fund_since": "",
                "name": "Vasav Sahgal",
                "qualification": "",
                "total_exp": ""
            }
        ],
        "generate_avg_manage": [
            24
        ],
        "load": {
            "entry_load": "Nil",
            "exit_load": "0.5 if exit  3 Months NAV Details  Pleaseclick here EXPENSE RATIO  Please click here (For both Direct and Reqular plans) BENCHMARK INDEX NIFTY INFRASTRUCTURE TRI Scheme Riskometer Benchmark Riskometer Investors should consult their financial advisers if in doubt about whether the product is suitable for them As on January 31, 2025"
        },
        "main_scheme_name": "quant Infrastructure Fund",
        "metrics": {
            "alpha": "8.79",
            "arithmetic_mean_ratio": null,
            "average_div_yld": null,
            "average_pb": null,
            "average_pe": null,
            "avg_maturity": null,
            "beta": null,
            "correlation_ratio": null,
            "downside_deviation": null,
            "information_ratio": null,
            "macaulay": null,
            "mod_duration": null,
            "port_turnover_ratio": null,
            "r_squared_ratio": "0.75",
            "roe_ratio": null,
            "sharpe": "1.17",
            "sortino_ratio": "1.78",
            "std_dev": "19.49",
            "tracking_error": null,
            "treynor_ratio": null,
            "upside_deviation": null,
            "ytm": null
        },
        "min_addl_amt": "\u20b9 1000",
        "min_addl_amt_multiple": "\u20b9 1",
        "min_amt": "\u20b9 5000",
        "min_amt_multiple": "\u20b9 1",
        "monthly_aaum_date": "30-04-2025",
        "monthly_aaum_value": "\u20b9 3,304 cr",
        "mutual_fund_name": "Quant Mutual Fund",
        "page_number": [
            24
        ],
        "scheme_launch_date": "20 September 2007"
    },
    "quant Large Cap Fund": {
        "amc_name": "Quant Money Managers Limited",
        "benchmark_index": "NIFTY 100 TRI",
        "fund_manager": [
            {
                "managing_fund_since": "",
                "name": "Sandeep Tandon",
                "qualification": "",
                "total_exp": ""
            },
            {
                "managing_fund_since": "",
                "name": "Ankit Pande",
                "qualification": "",
                "total_exp": ""
            },
            {
                "managing_fund_since": "",
                "name": "Sanjeev Sharma",
                "qualification": "",
                "total_exp": ""
            },
            {
                "managing_fund_since": "",
                "name": "Vasav Sahgal",
                "qualification": "",
                "total_exp": ""
            }
        ],
        "generate_avg_manage": [
            26
        ],
        "load": {
            "entry_load": "Nil",
            "exit_load": "1 for 15 days NAV Details  Pleaseclick here EXPENSE RATIO  Please click here (For both Direct and Reqular plans) BENCHMARK INDEX NIFTY 100 TRI Scheme Riskometer Benchmark Riskometer Investors should consult their financial advisers if in doubt about whether the product is suitable for them As on January 31, 2025"
        },
        "main_scheme_name": "quant Large Cap Fund",
        "metrics": {
            "alpha": "1.81",
            "arithmetic_mean_ratio": null,
            "average_div_yld": null,
            "average_pb": null,
            "average_pe": null,
            "avg_maturity": null,
            "beta": null,
            "correlation_ratio": null,
            "downside_deviation": null,
            "information_ratio": null,
            "macaulay": null,
            "mod_duration": null,
            "port_turnover_ratio": null,
            "r_squared_ratio": "0.80",
            "roe_ratio": null,
            "sharpe": "0.62",
            "sortino_ratio": "1.10",
            "std_dev": "11.37",
            "tracking_error": null,
            "treynor_ratio": null,
            "upside_deviation": null,
            "ytm": null
        },
        "min_addl_amt": "\u20b9 1000",
        "min_addl_amt_multiple": "\u20b9 1",
        "min_amt": "\u20b9 5000",
        "min_amt_multiple": "\u20b9 1",
        "monthly_aaum_date": "30-04-2025",
        "monthly_aaum_value": "\u20b9 2,521 cr",
        "mutual_fund_name": "Quant Mutual Fund",
        "page_number": [
            26
        ],
        "scheme_launch_date": "11 August 2022"
    },
    "quant Quantamental Fund": {
        "amc_name": "Quant Money Managers Limited",
        "benchmark_index": "NIFTY 200 TRI",
        "fund_manager": [
            {
                "managing_fund_since": "",
                "name": "Ankit Pande",
                "qualification": "",
                "total_exp": ""
            },
            {
                "managing_fund_since": "",
                "name": "Sandeep Tandon",
                "qualification": "",
                "total_exp": ""
            },
            {
                "managing_fund_since": "",
                "name": "Sanjeev Sharma",
                "qualification": "",
                "total_exp": ""
            },
            {
                "managing_fund_since": "",
                "name": "Vasav Sahgal",
                "qualification": "",
                "total_exp": ""
            }
        ],
        "generate_avg_manage": [
            28
        ],
        "load": {
            "entry_load": "Nil",
            "exit_load": "1 for 15 days NAV Details  Pleaseclick here EXPENSE RATIO  Please click here (For both Direct and Reqular plans) BENCHMARK INDEX NIFTY 200 TRI Scheme Riskometer Benchmark Riskometer Investors should consult their financial advisers if in doubt about whether the product is suitable for them As on January 31, 2025"
        },
        "main_scheme_name": "quant Quantamental Fund",
        "metrics": {
            "alpha": "5.93",
            "arithmetic_mean_ratio": null,
            "average_div_yld": null,
            "average_pb": null,
            "average_pe": null,
            "avg_maturity": null,
            "beta": null,
            "correlation_ratio": null,
            "downside_deviation": null,
            "information_ratio": null,
            "macaulay": null,
            "mod_duration": null,
            "port_turnover_ratio": null,
            "r_squared_ratio": "0.61",
            "roe_ratio": null,
            "sharpe": "1.10",
            "sortino_ratio": "2.09",
            "std_dev": "13.77",
            "tracking_error": null,
            "treynor_ratio": null,
            "upside_deviation": null,
            "ytm": null
        },
        "min_addl_amt": "\u20b9 1000",
        "min_addl_amt_multiple": "\u20b9 1",
        "min_amt": "\u20b9 5000",
        "min_amt_multiple": "\u20b9 1",
        "monthly_aaum_date": "30-04-2025",
        "monthly_aaum_value": "\u20b9 2,122 cr",
        "mutual_fund_name": "Quant Mutual Fund",
        "page_number": [
            28
        ],
        "scheme_launch_date": "03 May 2021"
    },
    "quant Absolute Fund": {
        "amc_name": "Quant Money Managers Limited",
        "benchmark_index": "NIFTY 50 Hybrid Composite Debt 6535 Index",
        "fund_manager": [
            {
                "managing_fund_since": "",
                "name": "Sanjeev Sharma",
                "qualification": "",
                "total_exp": ""
            },
            {
                "managing_fund_since": "",
                "name": "Ankit Pande",
                "qualification": "",
                "total_exp": ""
            },
            {
                "managing_fund_since": "",
                "name": "Vasav Sahgal",
                "qualification": "",
                "total_exp": ""
            }
        ],
        "generate_avg_manage": [
            30
        ],
        "load": {
            "entry_load": "Nil",
            "exit_load": "1 for 15 days NAV Details  Pleaseclick here EXPENSE RATIO  Please click here (For both Direct and Reqular plans) BENCHMARK INDEX NIFTY 50 Hybrid Composite Debt 6535 Index Scheme Riskometer Benchmark Riskometer Investors should consult their financial advisers if in doubt about whether the product is suitable for them As on January 31, 2025"
        },
        "main_scheme_name": "quant Absolute Fund",
        "metrics": {
            "alpha": "11.19",
            "arithmetic_mean_ratio": null,
            "average_div_yld": null,
            "average_pb": null,
            "average_pe": null,
            "avg_maturity": null,
            "beta": null,
            "correlation_ratio": null,
            "downside_deviation": null,
            "information_ratio": null,
            "macaulay": null,
            "mod_duration": null,
            "port_turnover_ratio": null,
            "r_squared_ratio": "0.69",
            "roe_ratio": null,
            "sharpe": "1.08",
            "sortino_ratio": "1.72",
            "std_dev": "13.59",
            "tracking_error": null,
            "treynor_ratio": null,
            "upside_deviation": null,
            "ytm": null
        },
        "min_addl_amt": "\u20b9 1000",
        "min_addl_amt_multiple": "\u20b9 1",
        "min_amt": "\u20b9 5000",
        "min_amt_multiple": "\u20b9 1",
        "monthly_aaum_date": "30-04-2025",
        "monthly_aaum_value": "\u20b9 2,056 cr",
        "mutual_fund_name": "Quant Mutual Fund",
        "page_number": [
            30
        ],
        "scheme_launch_date": "04 April 2001"
    },
    "quant Momentum Fund": {
        "amc_name": "Quant Money Managers Limited",
        "benchmark_index": "NIFTY 500 TRI",
        "fund_manager": [
            {
                "managing_fund_since": "",
                "name": "Sandeep Tandon",
                "qualification": "",
                "total_exp": ""
            },
            {
                "managing_fund_since": "",
                "name": "Ankit Pande",
                "qualification": "",
                "total_exp": ""
            },
            {
                "managing_fund_since": "",
                "name": "Sanjeev Sharma",
                "qualification": "",
                "total_exp": ""
            },
            {
                "managing_fund_since": "",
                "name": "Vasav Sahgal",
                "qualification": "",
                "total_exp": ""
            }
        ],
        "generate_avg_manage": [
            32
        ],
        "load": {
            "entry_load": "Nil",
            "exit_load": "1 for 15 days NAV Details  Pleaseclick here EXPENSE RATIO  Please click here (For both Direct and Reqular plans) BENCHMARK INDEX NIFTY 500 TRI Scheme Riskometer Benchmark Riskometer Investors should consult their financial advisers if in doubt about whether the product is suitable for them As on January 31, 2025"
        },
        "main_scheme_name": "quant Momentum Fund",
        "metrics": {
            "alpha": "11.65",
            "arithmetic_mean_ratio": null,
            "average_div_yld": null,
            "average_pb": null,
            "average_pe": null,
            "avg_maturity": null,
            "beta": null,
            "correlation_ratio": null,
            "downside_deviation": null,
            "information_ratio": null,
            "macaulay": null,
            "mod_duration": null,
            "port_turnover_ratio": null,
            "r_squared_ratio": "0.66",
            "roe_ratio": null,
            "sharpe": "1.22",
            "sortino_ratio": "2.79",
            "std_dev": "17.40",
            "tracking_error": null,
            "treynor_ratio": null,
            "upside_deviation": null,
            "ytm": null
        },
        "min_addl_amt": "\u20b9 1000",
        "min_addl_amt_multiple": "\u20b9 1",
        "min_amt": "\u20b9 5000",
        "min_amt_multiple": "\u20b9 1",
        "monthly_aaum_date": "30-04-2025",
        "monthly_aaum_value": "\u20b9 1,890 cr",
        "mutual_fund_name": "Quant Mutual Fund",
        "page_number": [
            32
        ],
        "scheme_launch_date": "20 November 2023"
    },
    "quant Value Fund": {
        "amc_name": "Quant Money Managers Limited",
        "benchmark_index": "NIFTY 500 TRI",
        "fund_manager": [
            {
                "managing_fund_since": "",
                "name": "Sandeep Tandon",
                "qualification": "",
                "total_exp": ""
            },
            {
                "managing_fund_since": "",
                "name": "Ankit Pande",
                "qualification": "",
                "total_exp": ""
            },
            {
                "managing_fund_since": "",
                "name": "Sanjeev Sharma",
                "qualification": "",
                "total_exp": ""
            },
            {
                "managing_fund_since": "",
                "name": "Vasav Sahgal",
                "qualification": "",
                "total_exp": ""
            }
        ],
        "generate_avg_manage": [
            34
        ],
        "load": {
            "entry_load": "Nil",
            "exit_load": "1 for 15 days NAV Details  Pleaseclick here EXPENSE RATIO  Please click here (For both Direct and Reqular plans) BENCHMARK INDEX NIFTY 500 TRI Scheme Riskometer Benchmark Riskometer Investors should consult their financial advisers if in doubt about whether the product is suitable for them As on January 31, 2025"
        },
        "main_scheme_name": "quant Value Fund",
        "metrics": {
            "alpha": "6.72",
            "arithmetic_mean_ratio": null,
            "average_div_yld": null,
            "average_pb": null,
            "average_pe": null,
            "avg_maturity": null,
            "beta": null,
            "correlation_ratio": null,
            "downside_deviation": null,
            "information_ratio": null,
            "macaulay": null,
            "mod_duration": null,
            "port_turnover_ratio": null,
            "r_squared_ratio": "0.75",
            "roe_ratio": null,
            "sharpe": "0.80",
            "sortino_ratio": "1.45",
            "std_dev": "16.18",
            "tracking_error": null,
            "treynor_ratio": null,
            "upside_deviation": null,
            "ytm": null
        },
        "min_addl_amt": "\u20b9 1000",
        "min_addl_amt_multiple": "\u20b9 1",
        "min_amt": "\u20b9 5000",
        "min_amt_multiple": "\u20b9 1",
        "monthly_aaum_date": "30-04-2025",
        "monthly_aaum_value": "\u20b9 1,776 cr",
        "mutual_fund_name": "Quant Mutual Fund",
        "page_number": [
            34
        ],
        "scheme_launch_date": "30 November 2021"
    },
    "quant Business Cycle Fund": {
        "amc_name": "Quant Money Managers Limited",
        "benchmark_index": "NIFTY 500 TRI",
        "fund_manager": [
            {
                "managing_fund_since": "",
                "name": "Sandeep Tandon",
                "qualification": "",
                "total_exp": ""
            },
            {
                "managing_fund_since": "",
                "name": "Ankit Pande",
                "qualification": "",
                "total_exp": ""
            },
            {
                "managing_fund_since": "",
                "name": "Sanjeev Sharma",
                "qualification": "",
                "total_exp": ""
            },
            {
                "managing_fund_since": "",
                "name": "Vasav Sahgal",
                "qualification": "",
                "total_exp": ""
            }
        ],
        "generate_avg_manage": [
            36
        ],
        "load": {
            "entry_load": "Nil",
            "exit_load": "1 for 15 days NAV Details  Pleaseclick here EXPENSE RATIO  Please click here (For both Direct and Reqular plans) BENCHMARK INDEX NIFTY 500 TRI Scheme Riskometer Benchmark Riskometer Investors should consult their financial advisers if in doubt about whether the product is suitable for them As on January 31, 2025"
        },
        "main_scheme_name": "quant Business Cycle Fund",
        "metrics": {
            "alpha": "10.39",
            "arithmetic_mean_ratio": null,
            "average_div_yld": null,
            "average_pb": null,
            "average_pe": null,
            "avg_maturity": null,
            "beta": null,
            "correlation_ratio": null,
            "downside_deviation": null,
            "information_ratio": null,
            "macaulay": null,
            "mod_duration": null,
            "port_turnover_ratio": null,
            "r_squared_ratio": "0.69",
            "roe_ratio": null,
            "sharpe": "1.48",
            "sortino_ratio": "2.95",
            "std_dev": "15.12",
            "tracking_error": null,
            "treynor_ratio": null,
            "upside_deviation": null,
            "ytm": null
        },
        "min_addl_amt": "\u20b9 1000",
        "min_addl_amt_multiple": "\u20b9 1",
        "min_amt": "\u20b9 5000",
        "min_amt_multiple": "\u20b9 1",
        "monthly_aaum_date": "30-04-2025",
        "monthly_aaum_value": "\u20b9 1,385 cr",
        "mutual_fund_name": "Quant Mutual Fund",
        "page_number": [
            36
        ],
        "scheme_launch_date": "30 May 2023"
    },
    "quant Dynamic Asset Allocation Fund": {
        "amc_name": "Quant Money Managers Limited",
        "benchmark_index": "NIFTY 50 Hybrid Composite debt 5050 Index",
        "fund_manager": [
            {
                "managing_fund_since": "",
                "name": "Sandeep Tandon",
                "qualification": "",
                "total_exp": ""
            },
            {
                "managing_fund_since": "",
                "name": "Ankit Pande",
                "qualification": "",
                "total_exp": ""
            },
            {
                "managing_fund_since": "",
                "name": "Sanjeev Sharma",
                "qualification": "",
                "total_exp": ""
            },
            {
                "managing_fund_since": "",
                "name": "Vasav Sahgal",
                "qualification": "",
                "total_exp": ""
            }
        ],
        "generate_avg_manage": [
            38
        ],
        "load": {
            "entry_load": "Nil",
            "exit_load": "1 for 15 days NAV Details  Pleaseclick here EXPENSE RATIO  Please click here (For both Direct and Reqular plans) BENCHMARK INDEX NIFTY 50 Hybrid Composite debt 5050 Index Scheme Riskometer Benchmark Riskometer Investors should consult their financial advisers if in doubt about whether the product is suitable for them As on January 31, 2025"
        },
        "main_scheme_name": "quant Dynamic Asset Allocation Fund",
        "metrics": {
            "alpha": "16.25",
            "arithmetic_mean_ratio": null,
            "average_div_yld": null,
            "average_pb": null,
            "average_pe": null,
            "avg_maturity": null,
            "beta": null,
            "correlation_ratio": null,
            "downside_deviation": null,
            "information_ratio": null,
            "macaulay": null,
            "mod_duration": null,
            "port_turnover_ratio": null,
            "r_squared_ratio": "0.51",
            "roe_ratio": null,
            "sharpe": "1.45",
            "sortino_ratio": "3.40",
            "std_dev": "13.76",
            "tracking_error": null,
            "treynor_ratio": null,
            "upside_deviation": null,
            "ytm": null
        },
        "min_addl_amt": "\u20b9 1000",
        "min_addl_amt_multiple": "\u20b9 1",
        "min_amt": "\u20b9 5000",
        "min_amt_multiple": "\u20b9 1",
        "monthly_aaum_date": "30-04-2025",
        "monthly_aaum_value": "\u20b9 1,274 cr",
        "mutual_fund_name": "Quant Mutual Fund",
        "page_number": [
            38
        ],
        "scheme_launch_date": "12 April 2023"
    },
    "quant Focused Fund": {
        "amc_name": "Quant Money Managers Limited",
        "benchmark_index": "NIFTY 500 TRI",
        "fund_manager": [
            {
                "managing_fund_since": "",
                "name": "Ankit Pande",
                "qualification": "",
                "total_exp": ""
            },
            {
                "managing_fund_since": "",
                "name": "Vasav Sahgal",
                "qualification": "",
                "total_exp": ""
            },
            {
                "managing_fund_since": "",
                "name": "Sanjeev Sharma",
                "qualification": "",
                "total_exp": ""
            }
        ],
        "generate_avg_manage": [
            40
        ],
        "load": {
            "entry_load": "Nil",
            "exit_load": "1 for 15 days NAV Details  Pleaseclick here EXPENSE RATIO  Please click here (For both Direct and Reqular plans) BENCHMARK INDEX NIFTY 500 TRI Scheme Riskometer Benchmark Riskometer Investors should consult their financial advisers if in doubt about whether the product is suitable for them As on January 31, 2025"
        },
        "main_scheme_name": "quant Focused Fund",
        "metrics": {
            "alpha": "3.50",
            "arithmetic_mean_ratio": null,
            "average_div_yld": null,
            "average_pb": null,
            "average_pe": null,
            "avg_maturity": null,
            "beta": null,
            "correlation_ratio": null,
            "downside_deviation": null,
            "information_ratio": null,
            "macaulay": null,
            "mod_duration": null,
            "port_turnover_ratio": null,
            "r_squared_ratio": "0.80",
            "roe_ratio": null,
            "sharpe": "0.83",
            "sortino_ratio": "1.32",
            "std_dev": "15.62",
            "tracking_error": null,
            "treynor_ratio": null,
            "upside_deviation": null,
            "ytm": null
        },
        "min_addl_amt": "\u20b9 1000",
        "min_addl_amt_multiple": "\u20b9 1",
        "min_amt": "\u20b9 5000",
        "min_amt_multiple": "\u20b9 1",
        "monthly_aaum_date": "30-04-2025",
        "monthly_aaum_value": "\u20b9 1,064 cr",
        "mutual_fund_name": "Quant Mutual Fund",
        "page_number": [
            40
        ],
        "scheme_launch_date": "28 August 2008"
    },
    "quant Manufacturing Fund": {
        "amc_name": "Quant Money Managers Limited",
        "benchmark_index": "Nifty India Manufacturing Index",
        "fund_manager": [
            {
                "managing_fund_since": "",
                "name": "Sandeep Tandon",
                "qualification": "",
                "total_exp": ""
            },
            {
                "managing_fund_since": "",
                "name": "Ankit Pande",
                "qualification": "",
                "total_exp": ""
            },
            {
                "managing_fund_since": "",
                "name": "Sanjeev Sharma",
                "qualification": "",
                "total_exp": ""
            },
            {
                "managing_fund_since": "",
                "name": "Vasav Sahgal",
                "qualification": "",
                "total_exp": ""
            }
        ],
        "generate_avg_manage": [
            42
        ],
        "load": {
            "entry_load": "Nil",
            "exit_load": "1 for 15 days NAV Details  Pleaseclick here EXPENSE RATIO  Please click here (For both Direct and Reqular plans) BENCHMARK INDEX Nifty India Manufacturing Index Scheme Riskometer Benchmark Riskometer Investors should consult their financial advisers if in doubt about whether the product is suitable for them As on January 31, 2025"
        },
        "main_scheme_name": "quant Manufacturing Fund",
        "metrics": {
            "alpha": "1.95",
            "arithmetic_mean_ratio": null,
            "average_div_yld": null,
            "average_pb": null,
            "average_pe": null,
            "avg_maturity": null,
            "beta": null,
            "correlation_ratio": null,
            "downside_deviation": null,
            "information_ratio": null,
            "macaulay": null,
            "mod_duration": null,
            "port_turnover_ratio": null,
            "r_squared_ratio": "0.67",
            "roe_ratio": null,
            "sharpe": "1.22",
            "sortino_ratio": "2.30",
            "std_dev": "14.66",
            "tracking_error": null,
            "treynor_ratio": null,
            "upside_deviation": null,
            "ytm": null
        },
        "min_addl_amt": "\u20b9 1000",
        "min_addl_amt_multiple": "\u20b9 1",
        "min_amt": "\u20b9 5000",
        "min_amt_multiple": "\u20b9 1",
        "monthly_aaum_date": "30-04-2025",
        "monthly_aaum_value": "\u20b9 894 cr",
        "mutual_fund_name": "Quant Mutual Fund",
        "page_number": [
            42
        ],
        "scheme_launch_date": "14 August 2023"
    },
    "quant PSU Fund": {
        "amc_name": "Quant Money Managers Limited",
        "benchmark_index": "Nifty PSE TRI",
        "fund_manager": [
            {
                "managing_fund_since": "",
                "name": "Sandeep Tandon",
                "qualification": "",
                "total_exp": ""
            },
            {
                "managing_fund_since": "",
                "name": "Ankit Pande",
                "qualification": "",
                "total_exp": ""
            },
            {
                "managing_fund_since": "",
                "name": "Sanjeev Sharma",
                "qualification": "",
                "total_exp": ""
            },
            {
                "managing_fund_since": "",
                "name": "Vasav Sahgal",
                "qualification": "",
                "total_exp": ""
            }
        ],
        "generate_avg_manage": [
            44
        ],
        "load": {
            "entry_load": "Nil",
            "exit_load": "1 for 15 days NAV Details  Pleaseclick here EXPENSE RATIO  Please click here (For both Direct and Reqular plans) BENCHMARK INDEX Nifty PSE TRI Scheme Riskometer Benchmark Riskometer Investors should consult their financial advisers if in doubt about whether the product is suitable for them As on January 31, 2025"
        },
        "main_scheme_name": "quant PSU Fund",
        "metrics": {
            "alpha": "2.58",
            "arithmetic_mean_ratio": null,
            "average_div_yld": null,
            "average_pb": null,
            "average_pe": null,
            "avg_maturity": null,
            "beta": null,
            "correlation_ratio": null,
            "downside_deviation": null,
            "information_ratio": null,
            "macaulay": null,
            "mod_duration": null,
            "port_turnover_ratio": null,
            "r_squared_ratio": "0.97",
            "roe_ratio": null,
            "sharpe": "-0.27",
            "sortino_ratio": "-0.44",
            "std_dev": "15.17",
            "tracking_error": null,
            "treynor_ratio": null,
            "upside_deviation": null,
            "ytm": null
        },
        "min_addl_amt": "\u20b9 1000",
        "min_addl_amt_multiple": "\u20b9 1",
        "min_amt": "\u20b9 5000",
        "min_amt_multiple": "\u20b9 1",
        "monthly_aaum_date": "30-04-2025",
        "monthly_aaum_value": "\u20b9 759 cr",
        "mutual_fund_name": "Quant Mutual Fund",
        "page_number": [
            44
        ],
        "scheme_launch_date": "20 February 2024"
    },
    "quant BFSI Fund": {
        "amc_name": "Quant Money Managers Limited",
        "benchmark_index": "Nifty Financial Services TRI",
        "fund_manager": [
            {
                "managing_fund_since": "",
                "name": "Sandeep Tandon",
                "qualification": "",
                "total_exp": ""
            },
            {
                "managing_fund_since": "",
                "name": "Ankit Pande",
                "qualification": "",
                "total_exp": ""
            },
            {
                "managing_fund_since": "",
                "name": "Sanjeev Sharma",
                "qualification": "",
                "total_exp": ""
            },
            {
                "managing_fund_since": "",
                "name": "Vasav Sahgal",
                "qualification": "",
                "total_exp": ""
            }
        ],
        "generate_avg_manage": [
            46
        ],
        "load": {
            "entry_load": "Nil",
            "exit_load": "1 for 15 days NAV Details  Pleaseclick here EXPENSE RATIO  Please click here (For both Direct and Reqular plans) BENCHMARK INDEX Nifty Financial Services TRI Scheme Riskometer Benchmark Riskometer Investors should consult their financial advisers if in doubt about whether the product is suitable for them As on January 31, 2025"
        },
        "main_scheme_name": "quant BFSI Fund",
        "metrics": {
            "alpha": "17.30",
            "arithmetic_mean_ratio": null,
            "average_div_yld": null,
            "average_pb": null,
            "average_pe": null,
            "avg_maturity": null,
            "beta": null,
            "correlation_ratio": null,
            "downside_deviation": null,
            "information_ratio": null,
            "macaulay": null,
            "mod_duration": null,
            "port_turnover_ratio": null,
            "r_squared_ratio": "0.08",
            "roe_ratio": null,
            "sharpe": "1.29",
            "sortino_ratio": "2.29",
            "std_dev": "14.59",
            "tracking_error": null,
            "treynor_ratio": null,
            "upside_deviation": null,
            "ytm": null
        },
        "min_addl_amt": "\u20b9 1000",
        "min_addl_amt_multiple": "\u20b9 1",
        "min_amt": "\u20b9 5000",
        "min_amt_multiple": "\u20b9 1",
        "monthly_aaum_date": "30-04-2025",
        "monthly_aaum_value": "\u20b9 601 cr",
        "mutual_fund_name": "Quant Mutual Fund",
        "page_number": [
            46
        ],
        "scheme_launch_date": "20 June 2023"
    },
    "quant Teck Fund": {
        "amc_name": "Quant Money Managers Limited",
        "benchmark_index": "Nifty IT TRI",
        "fund_manager": [
            {
                "managing_fund_since": "",
                "name": "Sanjeev Sharma",
                "qualification": "",
                "total_exp": ""
            },
            {
                "managing_fund_since": "",
                "name": "Ankit Pande",
                "qualification": "",
                "total_exp": ""
            },
            {
                "managing_fund_since": "",
                "name": "Vasav Sahgal",
                "qualification": "",
                "total_exp": ""
            }
        ],
        "generate_avg_manage": [
            48
        ],
        "load": {
            "entry_load": "Nil",
            "exit_load": "1 for 15 days NAV Details  Pleaseclick here EXPENSE RATIO  Please click here (For both Direct and Reqular plans) BENCHMARK INDEX Nifty IT TRI Scheme Riskometer Benchmark Riskometer Investors should consult their financial advisers if in doubt about whether the product is suitable for them As on January 31, 2025"
        },
        "main_scheme_name": "quant Teck Fund",
        "metrics": {
            "alpha": "-7.44",
            "arithmetic_mean_ratio": null,
            "average_div_yld": null,
            "average_pb": null,
            "average_pe": null,
            "avg_maturity": null,
            "beta": null,
            "correlation_ratio": null,
            "downside_deviation": null,
            "information_ratio": null,
            "macaulay": null,
            "mod_duration": null,
            "port_turnover_ratio": null,
            "r_squared_ratio": "0.63",
            "roe_ratio": null,
            "sharpe": "0.42",
            "sortino_ratio": "0.74",
            "std_dev": "15.93",
            "tracking_error": null,
            "treynor_ratio": null,
            "upside_deviation": null,
            "ytm": null
        },
        "min_addl_amt": "\u20b9 1000",
        "min_addl_amt_multiple": "\u20b9 1",
        "min_amt": "\u20b9 5000",
        "min_amt_multiple": "\u20b9 1",
        "monthly_aaum_date": "30-04-2025",
        "monthly_aaum_value": "\u20b9 407 cr",
        "mutual_fund_name": "Quant Mutual Fund",
        "page_number": [
            48
        ],
        "scheme_launch_date": "11 September 2023"
    },
    "quant Healthcare Fund": {
        "amc_name": "Quant Money Managers Limited",
        "benchmark_index": "NIFTY Healthcare TRI",
        "fund_manager": [
            {
                "managing_fund_since": "",
                "name": "Sandeep Tandon",
                "qualification": "",
                "total_exp": ""
            },
            {
                "managing_fund_since": "",
                "name": "Ankit Pande",
                "qualification": "",
                "total_exp": ""
            },
            {
                "managing_fund_since": "",
                "name": "Sanjeev Sharma",
                "qualification": "",
                "total_exp": ""
            },
            {
                "managing_fund_since": "",
                "name": "Vasav Sahgal",
                "qualification": "",
                "total_exp": ""
            }
        ],
        "generate_avg_manage": [
            50
        ],
        "load": {
            "entry_load": "Nil",
            "exit_load": "1 for 15 days NAV Details  Pleaseclick here EXPENSE RATIO  Please click here (For both Direct and Reqular plans) BENCHMARK INDEX NIFTY Healthcare TRI Scheme Riskometer Benchmark Riskometer Investors should consult their financial advisers if in doubt about whether the product is suitable for them As on January 31, 2025"
        },
        "main_scheme_name": "quant Healthcare Fund",
        "metrics": {
            "alpha": "5.37",
            "arithmetic_mean_ratio": null,
            "average_div_yld": null,
            "average_pb": null,
            "average_pe": null,
            "avg_maturity": null,
            "beta": null,
            "correlation_ratio": null,
            "downside_deviation": null,
            "information_ratio": null,
            "macaulay": null,
            "mod_duration": null,
            "port_turnover_ratio": null,
            "r_squared_ratio": "0.62",
            "roe_ratio": null,
            "sharpe": "1.25",
            "sortino_ratio": "2.86",
            "std_dev": "16.38",
            "tracking_error": null,
            "treynor_ratio": null,
            "upside_deviation": null,
            "ytm": null
        },
        "min_addl_amt": "\u20b9 1000",
        "min_addl_amt_multiple": "\u20b9 1",
        "min_amt": "\u20b9 5000",
        "min_amt_multiple": "\u20b9 1",
        "monthly_aaum_date": "30-04-2025",
        "monthly_aaum_value": "\u20b9 402 cr",
        "mutual_fund_name": "Quant Mutual Fund",
        "page_number": [
            50
        ],
        "scheme_launch_date": "17 July 2023"
    },
    "quant Commodities Fund": {
        "amc_name": "Quant Money Managers Limited",
        "benchmark_index": "Nifty Commodities TRI",
        "fund_manager": [
            {
                "managing_fund_since": "",
                "name": "Sandeep Tandon",
                "qualification": "",
                "total_exp": ""
            },
            {
                "managing_fund_since": "",
                "name": "Ankit Pande",
                "qualification": "",
                "total_exp": ""
            },
            {
                "managing_fund_since": "",
                "name": "Sanjeev Sharma",
                "qualification": "",
                "total_exp": ""
            },
            {
                "managing_fund_since": "",
                "name": "Vasav Sahgal",
                "qualification": "",
                "total_exp": ""
            },
            {
                "managing_fund_since": "",
                "name": "Varun Pattani",
                "qualification": "",
                "total_exp": ""
            }
        ],
        "generate_avg_manage": [
            52
        ],
        "load": {
            "entry_load": "Nil",
            "exit_load": "1 for 15 days NAV Details  Pleaseclick here EXPENSE RATIO  Please click here (For both Direct and Reqular plans) BENCHMARK INDEX Nifty Commodities TRI Scheme Riskometer Benchmark Riskometer Investors should consult their financial advisers if in doubt about whether the product is suitable for them As on January 31, 2025"
        },
        "main_scheme_name": "quant Commodities Fund",
        "metrics": {
            "alpha": "13.99",
            "arithmetic_mean_ratio": null,
            "average_div_yld": null,
            "average_pb": null,
            "average_pe": null,
            "avg_maturity": null,
            "beta": null,
            "correlation_ratio": null,
            "downside_deviation": null,
            "information_ratio": null,
            "macaulay": null,
            "mod_duration": null,
            "port_turnover_ratio": null,
            "r_squared_ratio": "0.49",
            "roe_ratio": null,
            "sharpe": "0.62",
            "sortino_ratio": "1.07",
            "std_dev": "15.95",
            "tracking_error": null,
            "treynor_ratio": null,
            "upside_deviation": null,
            "ytm": null
        },
        "min_addl_amt": "\u20b9 1000",
        "min_addl_amt_multiple": "\u20b9 1",
        "min_amt": "\u20b9 5000",
        "min_amt_multiple": "\u20b9 1",
        "monthly_aaum_date": "30-04-2025",
        "monthly_aaum_value": "\u20b9 375 cr",
        "mutual_fund_name": "Quant Mutual Fund",
        "page_number": [
            52
        ],
        "scheme_launch_date": "27 December 2023"
    },
    "quant Consumption Fund": {
        "amc_name": "Quant Money Managers Limited",
        "benchmark_index": "NIFTY India Consumption TRI",
        "fund_manager": [
            {
                "managing_fund_since": "",
                "name": "Sandeep Tandon",
                "qualification": "",
                "total_exp": ""
            },
            {
                "managing_fund_since": "",
                "name": "Ankit Pande",
                "qualification": "",
                "total_exp": ""
            },
            {
                "managing_fund_since": "",
                "name": "Sanjeev Sharma",
                "qualification": "",
                "total_exp": ""
            },
            {
                "managing_fund_since": "",
                "name": "Vasav Sahgal",
                "qualification": "",
                "total_exp": ""
            }
        ],
        "generate_avg_manage": [
            54
        ],
        "load": {
            "entry_load": "Nil",
            "exit_load": "1 for 15 days NAV Details  Pleaseclick here EXPENSE RATIO  Please click here (For both Direct and Reqular plans) BENCHMARK INDEX NIFTY India Consumption TRI Scheme Riskometer Benchmark Riskometer Investors should consult their financial advisers if in doubt about whether the product is suitable for them As on January 31, 2025"
        },
        "main_scheme_name": "quant Consumption Fund",
        "metrics": {
            "alpha": "-10.28",
            "arithmetic_mean_ratio": null,
            "average_div_yld": null,
            "average_pb": null,
            "average_pe": null,
            "avg_maturity": null,
            "beta": null,
            "correlation_ratio": null,
            "downside_deviation": null,
            "information_ratio": null,
            "macaulay": null,
            "mod_duration": null,
            "port_turnover_ratio": null,
            "r_squared_ratio": "0.58",
            "roe_ratio": null,
            "sharpe": "-0.27",
            "sortino_ratio": "-0.45",
            "std_dev": "10.87",
            "tracking_error": null,
            "treynor_ratio": null,
            "upside_deviation": null,
            "ytm": null
        },
        "min_addl_amt": "\u20b9 1000",
        "min_addl_amt_multiple": "\u20b9 1",
        "min_amt": "\u20b9 5000",
        "min_amt_multiple": "\u20b9 1",
        "monthly_aaum_date": "30-04-2025",
        "monthly_aaum_value": "\u20b9 310 cr",
        "mutual_fund_name": "Quant Mutual Fund",
        "page_number": [
            54
        ],
        "scheme_launch_date": "24 January 2024"
    },
    "quant ESG Equity Fund": {
        "amc_name": "Quant Money Managers Limited",
        "benchmark_index": "NIFTY 100 ESG TRI",
        "fund_manager": [
            {
                "managing_fund_since": "",
                "name": "Ankit Pande",
                "qualification": "",
                "total_exp": ""
            },
            {
                "managing_fund_since": "",
                "name": "Sanjeev Sharma",
                "qualification": "",
                "total_exp": ""
            },
            {
                "managing_fund_since": "",
                "name": "Vasav Sahgal",
                "qualification": "",
                "total_exp": ""
            }
        ],
        "generate_avg_manage": [
            56
        ],
        "load": {
            "entry_load": "Nil",
            "exit_load": "1 for 15 days NAV Details  Pleaseclick here EXPENSE RATIO  Please click here (For both Direct and Reqular plans) BENCHMARK INDEX NIFTY 100 ESG TRI Scheme Riskometer Benchmark Riskometer Investors should consult their financial advisers if in doubt about whether the product is suitable for them As on January 31, 2025"
        },
        "main_scheme_name": "quant ESG Equity Fund",
        "metrics": {
            "alpha": "13.37",
            "arithmetic_mean_ratio": null,
            "average_div_yld": null,
            "average_pb": null,
            "average_pe": null,
            "avg_maturity": null,
            "beta": null,
            "correlation_ratio": null,
            "downside_deviation": null,
            "information_ratio": null,
            "macaulay": null,
            "mod_duration": null,
            "port_turnover_ratio": null,
            "r_squared_ratio": "0.60",
            "roe_ratio": null,
            "sharpe": "1.46",
            "sortino_ratio": "2.89",
            "std_dev": "16.25",
            "tracking_error": null,
            "treynor_ratio": null,
            "upside_deviation": null,
            "ytm": null
        },
        "min_addl_amt": "\u20b9 1000",
        "min_addl_amt_multiple": "\u20b9 1",
        "min_amt": "\u20b9 5000",
        "min_amt_multiple": "\u20b9 1",
        "monthly_aaum_date": "30-04-2025",
        "monthly_aaum_value": "\u20b9 288 cr",
        "mutual_fund_name": "Quant Mutual Fund",
        "page_number": [
            56
        ],
        "scheme_launch_date": "05 November 2020"
    },
    "quant Multi Asset Fund": {
        "amc_name": "Quant Money Managers Limited",
        "benchmark_index": "",
        "fund_manager": [
            {
                "managing_fund_since": "",
                "name": "Sandeep Tandon",
                "qualification": "",
                "total_exp": ""
            },
            {
                "managing_fund_since": "",
                "name": "Ankit Pande",
                "qualification": "",
                "total_exp": ""
            },
            {
                "managing_fund_since": "",
                "name": "Sanjeev Sharma",
                "qualification": "",
                "total_exp": ""
            },
            {
                "managing_fund_since": "",
                "name": "Vasav Sahgal",
                "qualification": "",
                "total_exp": ""
            },
            {
                "managing_fund_since": "",
                "name": "Varun Pattani",
                "qualification": "",
                "total_exp": ""
            }
        ],
        "generate_avg_manage": [
            58
        ],
        "load": {
            "entry_load": null,
            "exit_load": null
        },
        "main_scheme_name": "quant Multi Asset Fund",
        "metrics": {
            "alpha": "17.79",
            "arithmetic_mean_ratio": null,
            "average_div_yld": null,
            "average_pb": null,
            "average_pe": null,
            "avg_maturity": "256 Days",
            "beta": null,
            "correlation_ratio": null,
            "downside_deviation": null,
            "information_ratio": null,
            "macaulay": "206 Days",
            "mod_duration": "197 Days",
            "port_turnover_ratio": null,
            "r_squared_ratio": "0.63",
            "roe_ratio": null,
            "sharpe": "1.12",
            "sortino_ratio": "1.88",
            "std_dev": "16.51",
            "tracking_error": null,
            "treynor_ratio": null,
            "upside_deviation": null,
            "ytm": "6.57"
        },
        "min_addl_amt": "\u20b9 1000",
        "min_addl_amt_multiple": "\u20b9 1",
        "min_amt": "\u20b9 5000",
        "min_amt_multiple": "\u20b9 1",
        "monthly_aaum_date": "30-04-2025",
        "monthly_aaum_value": "\u20b9 3,162 cr",
        "mutual_fund_name": "Quant Mutual Fund",
        "page_number": [
            58
        ],
        "scheme_launch_date": "17 April 2001"
    },
    "quant Liquid Fund": {
        "amc_name": "Quant Money Managers Limited",
        "benchmark_index": "CRISIL LIQUID FUND A1 INDEX",
        "fund_manager": [
            {
                "managing_fund_since": "",
                "name": "T Sanjeev Sharma N",
                "qualification": "",
                "total_exp": ""
            }
        ],
        "generate_avg_manage": [
            61
        ],
        "load": {
            "entry_load": "Nil",
            "exit_load": "(w.e.f. October 20, 2019) 9 lnvestor exit upon Exit Load as a  of 9 subscription  switch-In redemption Proceeds T Day1 0.0070 C Day2 0.0065 Day3 0.0060 ( Day4 0.0055 T Day5 0.0050 G Day6 0.0045 Day7 Onwards 0.0000 BENCHMARK INDEX CRISIL LIQUID FUND A1 INDEX Scheme Riskometer Benchmark Riskometer i Investors should consult their financial advisers if in doubt about whether the product is B suitable for them As on January 31, 2025"
        },
        "main_scheme_name": "quant Liquid Fund",
        "metrics": {
            "alpha": null,
            "arithmetic_mean_ratio": null,
            "average_div_yld": null,
            "average_pb": null,
            "average_pe": null,
            "avg_maturity": "52 Days",
            "beta": null,
            "correlation_ratio": null,
            "downside_deviation": null,
            "information_ratio": null,
            "macaulay": "52 Days",
            "mod_duration": "48 Days",
            "port_turnover_ratio": null,
            "r_squared_ratio": null,
            "roe_ratio": null,
            "sharpe": null,
            "sortino_ratio": null,
            "std_dev": null,
            "tracking_error": null,
            "treynor_ratio": null,
            "upside_deviation": null,
            "ytm": "7.44"
        },
        "min_addl_amt": "\u20b9 1000",
        "min_addl_amt_multiple": "\u20b9 1",
        "min_amt": "\u20b9 5000",
        "min_amt_multiple": "\u20b9 1",
        "monthly_aaum_date": "30-04-2025",
        "monthly_aaum_value": "\u20b9 1,547 cr",
        "mutual_fund_name": "Quant Mutual Fund",
        "page_number": [
            61
        ],
        "scheme_launch_date": "03 October 2005"
    },
    "quant Gilt Fund": {
        "amc_name": "Quant Money Managers Limited",
        "benchmark_index": "CRISIL DYNAMIC GILT INDEX",
        "fund_manager": [
            {
                "managing_fund_since": "",
                "name": "Sanjeev Sharma",
                "qualification": "",
                "total_exp": ""
            },
            {
                "managing_fund_since": "",
                "name": "T",
                "qualification": "",
                "total_exp": ""
            }
        ],
        "generate_avg_manage": [
            63
        ],
        "load": {
            "entry_load": "Nil",
            "exit_load": "Nil G BENCHMARK INDEX CRISIL DYNAMIC GILT INDEX Scheme Riskometer Benchmark Riskometer i Investors should consult their financial advisers if in doubt about whether the product is B suitable for them As on January 31, 2025"
        },
        "main_scheme_name": "quant Gilt Fund",
        "metrics": {
            "alpha": null,
            "arithmetic_mean_ratio": null,
            "average_div_yld": null,
            "average_pb": null,
            "average_pe": null,
            "avg_maturity": "3204 Days",
            "beta": null,
            "correlation_ratio": null,
            "downside_deviation": null,
            "information_ratio": null,
            "macaulay": "1851 Days",
            "mod_duration": "1786 Days",
            "port_turnover_ratio": null,
            "r_squared_ratio": null,
            "roe_ratio": null,
            "sharpe": null,
            "sortino_ratio": null,
            "std_dev": null,
            "tracking_error": null,
            "treynor_ratio": null,
            "upside_deviation": null,
            "ytm": "6.89"
        },
        "min_addl_amt": "\u20b9 1000",
        "min_addl_amt_multiple": "\u20b9 1",
        "min_amt": "\u20b9 5000",
        "min_amt_multiple": "\u20b9 1",
        "monthly_aaum_date": "30-04-2025",
        "monthly_aaum_value": "\u20b9 121 cr",
        "mutual_fund_name": "Quant Mutual Fund",
        "page_number": [
            63
        ],
        "scheme_launch_date": "21 December 2022"
    },
    "quant Overnight Fund": {
        "amc_name": "Quant Money Managers Limited",
        "benchmark_index": "CRISIL OVERNIGHT INDEX",
        "fund_manager": [
            {
                "managing_fund_since": "",
                "name": "Sanjeev Sharma",
                "qualification": "",
                "total_exp": ""
            }
        ],
        "generate_avg_manage": [
            65
        ],
        "load": {
            "entry_load": "Nil",
            "exit_load": "Nil BENCHMARK INDEX CRISIL OVERNIGHT INDEX Scheme Riskometer Benchmark Riskometer i Investors should consult their financial advisers if in doubt about whether the product is B suitable for them As on January 31, 2025"
        },
        "main_scheme_name": "quant Overnight Fund",
        "metrics": {
            "alpha": null,
            "arithmetic_mean_ratio": null,
            "average_div_yld": null,
            "average_pb": null,
            "average_pe": null,
            "avg_maturity": "3 Days",
            "beta": null,
            "correlation_ratio": null,
            "downside_deviation": null,
            "information_ratio": null,
            "macaulay": "2 Days",
            "mod_duration": "2 Days",
            "port_turnover_ratio": null,
            "r_squared_ratio": null,
            "roe_ratio": null,
            "sharpe": null,
            "sortino_ratio": null,
            "std_dev": null,
            "tracking_error": null,
            "treynor_ratio": null,
            "upside_deviation": null,
            "ytm": "6.51"
        },
        "min_addl_amt": "\u20b9 1000",
        "min_addl_amt_multiple": "\u20b9 1",
        "min_amt": "\u20b9 5000",
        "min_amt_multiple": "\u20b9 1",
        "monthly_aaum_date": "30-04-2025",
        "monthly_aaum_value": "\u20b9 117 cr",
        "mutual_fund_name": "Quant Mutual Fund",
        "page_number": [
            65
        ],
        "scheme_launch_date": "04 December 2022"
    }
}