{
    "HDFC BSE Sensex Index Fund": {
        "amc_name": "HDFC Asset Management Company Limited",
        "benchmark_index": "BSE SENSEX (Total Returns Index)  NIFTY 50 (Total Returns Index) ",
        "fund_manager": [
            {
                "managing_fund_since": "February 15, 2023",
                "name": "Nirman Morakhia",
                "qualification": "",
                "total_exp": "16 Years"
            },
            {
                "managing_fund_since": "August 24, 2020",
                "name": "Arun Agarwal",
                "qualification": "",
                "total_exp": "26 Years"
            }
        ],
        "load": {
            "entry_load": null,
            "exit_load": "\u00b7 In respect of each purchase / switch-in of Units, an Exit Load of 0.25% is payable if Units are redeemed / switched-out within 3 days from the date of allotment. \u00b7 No Exit load is payable if units are redeemed / switched-out after 3 days from the date of allotment. Industry Allocation of Equity Holding (  of Net Assets) Banks . 1 IT   Software 1 . Petroleum Products Diversi ied Fmcg Automobiles Telecom   Services Construction Finance Power Consumer Durables Pharmaceuticals   Biotechnology Retailing 1. Cement   Cement Products 1. Ferrous Metals 1. Food Products Transport Infrastructure eisure Services .1 1 6 | January 2025 "
        },
        "main_scheme_name": "HDFC BSE Sensex Index Fund",
        "metrics": {
            "alpha": null,
            "arithmetic_mean_ratio": null,
            "average_div_yld": null,
            "average_pb": null,
            "average_pe": null,
            "avg_maturity": null,
            "beta": null,
            "correlation_ratio": null,
            "downside_deviation": null,
            "information_ratio": null,
            "macaulay": null,
            "mod_duration": null,
            "port_turnover_ratio": "8.79",
            "r_squared_ratio": null,
            "roe_ratio": null,
            "sharpe": null,
            "sortino_ratio": null,
            "std_dev": null,
            "tracking_error": "0.04",
            "treynor_ratio": null,
            "upside_deviation": null,
            "ytm": null
        },
        "min_addl_amt": "",
        "min_addl_amt_multiple": "",
        "min_amt": "",
        "min_amt_multiple": "",
        "monthly_aaum_date": "30-04-2025",
        "monthly_aaum_value": "\u20b9 7,720.22",
        "mutual_fund_name": "HDFC Mutual Fund",
        "page_number": [
            5
        ],
        "scheme_launch_date": "July 17, 2002 "
    },
    "HDFC Nifty 50 Index Fund": {
        "amc_name": "HDFC Asset Management Company Limited",
        "benchmark_index": "NIFTY 50 (Total Returns Index)  BSE SENSEX (Total Returns Index) ",
        "fund_manager": [
            {
                "managing_fund_since": "February 15, 2023",
                "name": "Nirman Morakhia",
                "qualification": "",
                "total_exp": "16 Years"
            },
            {
                "managing_fund_since": "August 24, 2020",
                "name": "Arun Agarwal",
                "qualification": "",
                "total_exp": "26 Years"
            }
        ],
        "load": {
            "entry_load": null,
            "exit_load": "\u00b7 In respect of each purchase / switch-in of Units, an Exit Load of 0.25% is payable if Units are redeemed / switched-out within 3 days from the date of allotment. \u00b7 No Exit load is payable if units are redeemed / switched-out after 3 days from the date of allotment 7 | January 2025 "
        },
        "main_scheme_name": "HDFC Nifty 50 Index Fund",
        "metrics": {
            "alpha": null,
            "arithmetic_mean_ratio": null,
            "average_div_yld": null,
            "average_pb": null,
            "average_pe": null,
            "avg_maturity": null,
            "beta": null,
            "correlation_ratio": null,
            "downside_deviation": null,
            "information_ratio": null,
            "macaulay": null,
            "mod_duration": null,
            "port_turnover_ratio": "10.49",
            "r_squared_ratio": null,
            "roe_ratio": null,
            "sharpe": null,
            "sortino_ratio": null,
            "std_dev": null,
            "tracking_error": "0.03",
            "treynor_ratio": null,
            "upside_deviation": null,
            "ytm": null
        },
        "min_addl_amt": "",
        "min_addl_amt_multiple": "",
        "min_amt": "",
        "min_amt_multiple": "",
        "monthly_aaum_date": "30-04-2025",
        "monthly_aaum_value": "\u20b9 18,185.76",
        "mutual_fund_name": "HDFC Mutual Fund",
        "page_number": [
            6
        ],
        "scheme_launch_date": "July 17, 2002 "
    },
    "HDFC NIFTY Next 50 Index Fund": {
        "amc_name": "HDFC Asset Management Company Limited",
        "benchmark_index": "NIFTY Next 50 (Total Returns Index)  NIFTY 50 (Total Returns Index) ",
        "fund_manager": [
            {
                "managing_fund_since": "February 15, 2023",
                "name": "Nirman Morakhia",
                "qualification": "",
                "total_exp": "16 Years"
            },
            {
                "managing_fund_since": "February 01, 2022",
                "name": "Arun Agarwal",
                "qualification": "",
                "total_exp": "26 Years"
            }
        ],
        "load": {
            "entry_load": null,
            "exit_load": "Nil 9 | January 2025 "
        },
        "main_scheme_name": "HDFC NIFTY Next 50 Index Fund",
        "metrics": {
            "alpha": null,
            "arithmetic_mean_ratio": null,
            "average_div_yld": null,
            "average_pb": null,
            "average_pe": null,
            "avg_maturity": null,
            "beta": null,
            "correlation_ratio": null,
            "downside_deviation": null,
            "information_ratio": null,
            "macaulay": null,
            "mod_duration": null,
            "port_turnover_ratio": "78.52",
            "r_squared_ratio": null,
            "roe_ratio": null,
            "sharpe": null,
            "sortino_ratio": null,
            "std_dev": null,
            "tracking_error": "0.26",
            "treynor_ratio": null,
            "upside_deviation": null,
            "ytm": null
        },
        "min_addl_amt": "",
        "min_addl_amt_multiple": "",
        "min_amt": "",
        "min_amt_multiple": "",
        "monthly_aaum_date": "30-04-2025",
        "monthly_aaum_value": "\u20b9 1,706.10",
        "mutual_fund_name": "HDFC Mutual Fund",
        "page_number": [
            8
        ],
        "scheme_launch_date": "November 03, 2021 "
    },
    "HDFC NIFTY Midcap 150 Index Fund": {
        "amc_name": "HDFC Asset Management Company Limited",
        "benchmark_index": "NIFTY Midcap 150 (Total Returns Index)  NIFTY 50 (Total Returns Index) ",
        "fund_manager": [
            {
                "managing_fund_since": "April 21, 2023",
                "name": "Nirman Morakhia",
                "qualification": "",
                "total_exp": "16 Years"
            },
            {
                "managing_fund_since": "April 21, 2023",
                "name": "Arun Agarwal",
                "qualification": "",
                "total_exp": "26 Years"
            }
        ],
        "load": {
            "entry_load": null,
            "exit_load": "Nil For Product label and Riskometers, refer page no: 66-74 11 | January 2025 "
        },
        "main_scheme_name": "HDFC NIFTY Midcap 150 Index Fund",
        "metrics": {
            "alpha": null,
            "arithmetic_mean_ratio": null,
            "average_div_yld": null,
            "average_pb": null,
            "average_pe": null,
            "avg_maturity": null,
            "beta": null,
            "correlation_ratio": null,
            "downside_deviation": null,
            "information_ratio": null,
            "macaulay": null,
            "mod_duration": null,
            "port_turnover_ratio": "21.01",
            "r_squared_ratio": null,
            "roe_ratio": null,
            "sharpe": null,
            "sortino_ratio": null,
            "std_dev": null,
            "tracking_error": "0.07",
            "treynor_ratio": null,
            "upside_deviation": null,
            "ytm": null
        },
        "min_addl_amt": "",
        "min_addl_amt_multiple": "",
        "min_amt": "",
        "min_amt_multiple": "",
        "monthly_aaum_date": "30-04-2025",
        "monthly_aaum_value": "\u20b9 278.70",
        "mutual_fund_name": "HDFC Mutual Fund",
        "page_number": [
            10
        ],
        "scheme_launch_date": "April 21, 2023 "
    },
    "HDFC NIFTY Smallcap 250 Index Fund": {
        "amc_name": "HDFC Asset Management Company Limited",
        "benchmark_index": "NIFTY Smallcap 250 (Total Returns Index)  NIFTY 50 (Total Returns Index) ",
        "fund_manager": [
            {
                "managing_fund_since": "April 21, 2023",
                "name": "Nirman Morakhia",
                "qualification": "",
                "total_exp": "16 Years"
            },
            {
                "managing_fund_since": "April 21, 2023",
                "name": "Arun Agarwal",
                "qualification": "",
                "total_exp": "26 Years"
            }
        ],
        "load": {
            "entry_load": null,
            "exit_load": "Nil For Product label and Riskometers, refer page no: 66-74 12 | January 2025 "
        },
        "main_scheme_name": "HDFC NIFTY Smallcap 250 Index Fund",
        "metrics": {
            "alpha": null,
            "arithmetic_mean_ratio": null,
            "average_div_yld": null,
            "average_pb": null,
            "average_pe": null,
            "avg_maturity": null,
            "beta": null,
            "correlation_ratio": null,
            "downside_deviation": null,
            "information_ratio": null,
            "macaulay": null,
            "mod_duration": null,
            "port_turnover_ratio": "59.05",
            "r_squared_ratio": null,
            "roe_ratio": null,
            "sharpe": null,
            "sortino_ratio": null,
            "std_dev": null,
            "tracking_error": "0.18",
            "treynor_ratio": null,
            "upside_deviation": null,
            "ytm": null
        },
        "min_addl_amt": "",
        "min_addl_amt_multiple": "",
        "min_amt": "",
        "min_amt_multiple": "",
        "monthly_aaum_date": "30-04-2025",
        "monthly_aaum_value": "\u20b9 378.65",
        "mutual_fund_name": "HDFC Mutual Fund",
        "page_number": [
            11
        ],
        "scheme_launch_date": "April 21, 2023 "
    },
    "HDFC BSE 500 Index Fund": {
        "amc_name": "HDFC Asset Management Company Limited",
        "benchmark_index": "BSE 500 Total Returns Index  NIFTY 50 (Total Returns Index) ",
        "fund_manager": [
            {
                "managing_fund_since": "April 21, 2023",
                "name": "Nirman Morakhia",
                "qualification": "",
                "total_exp": "16 Years"
            },
            {
                "managing_fund_since": "April 21, 2023",
                "name": "Arun Agarwal",
                "qualification": "",
                "total_exp": "26 Years"
            }
        ],
        "load": {
            "entry_load": null,
            "exit_load": "Nil For Product label and Riskometers, refer page no: 66-7 13 | January 2025 "
        },
        "main_scheme_name": "HDFC BSE 500 Index Fund",
        "metrics": {
            "alpha": null,
            "arithmetic_mean_ratio": null,
            "average_div_yld": null,
            "average_pb": null,
            "average_pe": null,
            "avg_maturity": null,
            "beta": null,
            "correlation_ratio": null,
            "downside_deviation": null,
            "information_ratio": null,
            "macaulay": null,
            "mod_duration": null,
            "port_turnover_ratio": "23.74",
            "r_squared_ratio": null,
            "roe_ratio": null,
            "sharpe": null,
            "sortino_ratio": null,
            "std_dev": null,
            "tracking_error": "0.20",
            "treynor_ratio": null,
            "upside_deviation": null,
            "ytm": null
        },
        "min_addl_amt": "",
        "min_addl_amt_multiple": "",
        "min_amt": "",
        "min_amt_multiple": "",
        "monthly_aaum_date": "30-04-2025",
        "monthly_aaum_value": "\u20b9 202.24",
        "mutual_fund_name": "HDFC Mutual Fund",
        "page_number": [
            12
        ],
        "scheme_launch_date": "April 21, 2023 "
    },
    "HDFC NIFTY200 Momentum 30 Index Fund": {
        "amc_name": "HDFC Asset Management Company Limited",
        "benchmark_index": "NIFTY200 Momentum 30 (Total Returns Index)  NIFTY 50 (Total Returns Index) ",
        "fund_manager": [
            {
                "managing_fund_since": "February 28, 2024",
                "name": "Nirman Morakhia",
                "qualification": "",
                "total_exp": "16 Years"
            },
            {
                "managing_fund_since": "February 28, 2024",
                "name": "Arun Agarwal",
                "qualification": "",
                "total_exp": "26 Years"
            }
        ],
        "load": {
            "entry_load": null,
            "exit_load": "Nil For Product label and Riskometers, refer page no: 66-74 14 | January 2025 "
        },
        "main_scheme_name": "HDFC NIFTY200 Momentum 30 Index Fund",
        "metrics": {
            "alpha": null,
            "arithmetic_mean_ratio": null,
            "average_div_yld": null,
            "average_pb": null,
            "average_pe": null,
            "avg_maturity": null,
            "beta": null,
            "correlation_ratio": null,
            "downside_deviation": null,
            "information_ratio": null,
            "macaulay": null,
            "mod_duration": null,
            "port_turnover_ratio": null,
            "r_squared_ratio": null,
            "roe_ratio": null,
            "sharpe": null,
            "sortino_ratio": null,
            "std_dev": null,
            "tracking_error": null,
            "treynor_ratio": null,
            "upside_deviation": null,
            "ytm": null
        },
        "min_addl_amt": "",
        "min_addl_amt_multiple": "",
        "min_amt": "",
        "min_amt_multiple": "",
        "monthly_aaum_date": "30-04-2025",
        "monthly_aaum_value": "\u20b9 727.79",
        "mutual_fund_name": "HDFC Mutual Fund",
        "page_number": [
            13
        ],
        "scheme_launch_date": "February 28, 2024 "
    },
    "HDFC NIFTY Realty Index Fund": {
        "amc_name": "HDFC Asset Management Company Limited",
        "benchmark_index": "NIFTY Realty Index (Total Returns Index)  NIFTY 50 (Total Returns Index) ",
        "fund_manager": [
            {
                "managing_fund_since": "March 26, 2024",
                "name": "Nirman Morakhia",
                "qualification": "",
                "total_exp": "16 Years"
            },
            {
                "managing_fund_since": "March 26, 2024",
                "name": "Arun Agarwal",
                "qualification": "",
                "total_exp": "26 Years"
            }
        ],
        "load": {
            "entry_load": null,
            "exit_load": "Nil For Product label and Riskometers, refer page no: 66-74 15 | January 2025 "
        },
        "main_scheme_name": "HDFC NIFTY Realty Index Fund",
        "metrics": {
            "alpha": null,
            "arithmetic_mean_ratio": null,
            "average_div_yld": null,
            "average_pb": null,
            "average_pe": null,
            "avg_maturity": null,
            "beta": null,
            "correlation_ratio": null,
            "downside_deviation": null,
            "information_ratio": null,
            "macaulay": null,
            "mod_duration": null,
            "port_turnover_ratio": null,
            "r_squared_ratio": null,
            "roe_ratio": null,
            "sharpe": null,
            "sortino_ratio": null,
            "std_dev": null,
            "tracking_error": null,
            "treynor_ratio": null,
            "upside_deviation": null,
            "ytm": null
        },
        "min_addl_amt": "",
        "min_addl_amt_multiple": "",
        "min_amt": "",
        "min_amt_multiple": "",
        "monthly_aaum_date": "30-04-2025",
        "monthly_aaum_value": "\u20b9 111.44",
        "mutual_fund_name": "HDFC Mutual Fund",
        "page_number": [
            14
        ],
        "scheme_launch_date": "March 26, 2024 "
    },
    "HDFC NIFTY 100 Index Fund": {
        "amc_name": "HDFC Asset Management Company Limited",
        "benchmark_index": "NIFTY 100 (Total Returns Index)  NIFTY 50 (Total Returns Index) ",
        "fund_manager": [
            {
                "managing_fund_since": "February 15, 2023",
                "name": "Nirman Morakhia",
                "qualification": "",
                "total_exp": "16 Years"
            },
            {
                "managing_fund_since": "March 4, 2022",
                "name": "Arun Agarwal",
                "qualification": "",
                "total_exp": "26 Years"
            }
        ],
        "load": {
            "entry_load": null,
            "exit_load": "Nil For Product label and Riskometers, refer page no: 66-74 16 | January 2025 "
        },
        "main_scheme_name": "HDFC NIFTY 100 Index Fund",
        "metrics": {
            "alpha": null,
            "arithmetic_mean_ratio": null,
            "average_div_yld": null,
            "average_pb": null,
            "average_pe": null,
            "avg_maturity": null,
            "beta": null,
            "correlation_ratio": null,
            "downside_deviation": null,
            "information_ratio": null,
            "macaulay": null,
            "mod_duration": null,
            "port_turnover_ratio": "6.04",
            "r_squared_ratio": null,
            "roe_ratio": null,
            "sharpe": null,
            "sortino_ratio": null,
            "std_dev": null,
            "tracking_error": "0.08",
            "treynor_ratio": null,
            "upside_deviation": null,
            "ytm": null
        },
        "min_addl_amt": "",
        "min_addl_amt_multiple": "",
        "min_amt": "",
        "min_amt_multiple": "",
        "monthly_aaum_date": "30-04-2025",
        "monthly_aaum_value": "\u20b9 282.58",
        "mutual_fund_name": "HDFC Mutual Fund",
        "page_number": [
            15
        ],
        "scheme_launch_date": "February 23, 2022 "
    },
    "HDFC NIFTY 50 Equal Weight Index Fund": {
        "amc_name": "HDFC Asset Management Company Limited",
        "benchmark_index": "NIFTY50 Equal Weight (Total Returns Index)  NIFTY 50 (Total Returns Index) ",
        "fund_manager": [
            {
                "managing_fund_since": "February 15, 2023",
                "name": "Nirman Morakhia",
                "qualification": "",
                "total_exp": "16 Years"
            },
            {
                "managing_fund_since": "February 01, 2022",
                "name": "Arun Agarwal",
                "qualification": "",
                "total_exp": "26 Years"
            }
        ],
        "load": {
            "entry_load": null,
            "exit_load": "Nil Industry Allocation of Equity Holding (  of Net Assets) Automobiles 1 . Banks 11. IT   Software Finance Pharmaceuticals   Biotechnology Food Products Insurance .1 Consumer Durables .1 Cement   Cement Products Ferrous Metals Diversi ied Fmcg Power Petroleum Products Agricultural Food    ther Products il .1 Consumable Fuels Telecom   Services Aerospace   Defense 1. Construction 1. Metals   Minerals Trading 1. Non   Ferrous Metals 1. Healthcare Services 1. Transport Infrastructure 1. Retailing 1. eisure Services 1 1 17 | January 2025 "
        },
        "main_scheme_name": "HDFC NIFTY 50 Equal Weight Index Fund",
        "metrics": {
            "alpha": null,
            "arithmetic_mean_ratio": null,
            "average_div_yld": null,
            "average_pb": null,
            "average_pe": null,
            "avg_maturity": null,
            "beta": null,
            "correlation_ratio": null,
            "downside_deviation": null,
            "information_ratio": null,
            "macaulay": null,
            "mod_duration": null,
            "port_turnover_ratio": "26.48",
            "r_squared_ratio": null,
            "roe_ratio": null,
            "sharpe": null,
            "sortino_ratio": null,
            "std_dev": null,
            "tracking_error": "0.06",
            "treynor_ratio": null,
            "upside_deviation": null,
            "ytm": null
        },
        "min_addl_amt": "",
        "min_addl_amt_multiple": "",
        "min_amt": "",
        "min_amt_multiple": "",
        "monthly_aaum_date": "30-04-2025",
        "monthly_aaum_value": "\u20b9 1,376.56",
        "mutual_fund_name": "HDFC Mutual Fund",
        "page_number": [
            16
        ],
        "scheme_launch_date": "August 20, 2021 "
    },
    "HDFC NIFTY 100 Equal Weight Index Fund": {
        "amc_name": "HDFC Asset Management Company Limited",
        "benchmark_index": "NIFTY100 Equal Weight (Total Returns Index)  NIFTY 50 (Total Returns Index) ",
        "fund_manager": [
            {
                "managing_fund_since": "February 15, 2023",
                "name": "Nirman Morakhia",
                "qualification": "",
                "total_exp": "16 Years"
            },
            {
                "managing_fund_since": "March 4, 2022",
                "name": "Arun Agarwal",
                "qualification": "",
                "total_exp": "26 Years"
            }
        ],
        "load": {
            "entry_load": null,
            "exit_load": "Nil For Product label and Riskometers, refer page no: 66-74 18 |  January 2025 "
        },
        "main_scheme_name": "HDFC NIFTY 100 Equal Weight Index Fund",
        "metrics": {
            "alpha": null,
            "arithmetic_mean_ratio": null,
            "average_div_yld": null,
            "average_pb": null,
            "average_pe": null,
            "avg_maturity": null,
            "beta": null,
            "correlation_ratio": null,
            "downside_deviation": null,
            "information_ratio": null,
            "macaulay": null,
            "mod_duration": null,
            "port_turnover_ratio": "37.47",
            "r_squared_ratio": null,
            "roe_ratio": null,
            "sharpe": null,
            "sortino_ratio": null,
            "std_dev": null,
            "tracking_error": "0.13",
            "treynor_ratio": null,
            "upside_deviation": null,
            "ytm": null
        },
        "min_addl_amt": "",
        "min_addl_amt_multiple": "",
        "min_amt": "",
        "min_amt_multiple": "",
        "monthly_aaum_date": "30-04-2025",
        "monthly_aaum_value": "\u20b9 322.16",
        "mutual_fund_name": "HDFC Mutual Fund",
        "page_number": [
            17
        ],
        "scheme_launch_date": "February 23, 2022 "
    },
    "HDFC NIFTY100 Low Volatility 30 Index Fund": {
        "amc_name": "HDFC Asset Management Company Limited",
        "benchmark_index": "NIFTY100 Low Volatility 30 (TRI)  NIFTY 50 (Total Returns Index) ",
        "fund_manager": [
            {
                "managing_fund_since": "July 10, 2024",
                "name": "Nirman Morakhia",
                "qualification": "",
                "total_exp": "16 Years"
            },
            {
                "managing_fund_since": "July 10, 2024",
                "name": "Arun Agarwal",
                "qualification": "",
                "total_exp": "26 Years"
            }
        ],
        "load": {
            "entry_load": null,
            "exit_load": "Nil For Product label and Riskometers, refer page no: 66-74 19 | January 2025 "
        },
        "main_scheme_name": "HDFC NIFTY100 Low Volatility 30 Index Fund",
        "metrics": {
            "alpha": null,
            "arithmetic_mean_ratio": null,
            "average_div_yld": null,
            "average_pb": null,
            "average_pe": null,
            "avg_maturity": null,
            "beta": null,
            "correlation_ratio": null,
            "downside_deviation": null,
            "information_ratio": null,
            "macaulay": null,
            "mod_duration": null,
            "port_turnover_ratio": null,
            "r_squared_ratio": null,
            "roe_ratio": null,
            "sharpe": null,
            "sortino_ratio": null,
            "std_dev": null,
            "tracking_error": null,
            "treynor_ratio": null,
            "upside_deviation": null,
            "ytm": null
        },
        "min_addl_amt": "",
        "min_addl_amt_multiple": "",
        "min_amt": "",
        "min_amt_multiple": "",
        "monthly_aaum_date": "30-04-2025",
        "monthly_aaum_value": "\u20b9 345.20",
        "mutual_fund_name": "HDFC Mutual Fund",
        "page_number": [
            18
        ],
        "scheme_launch_date": "July 10, 2024 "
    },
    "HDFC Nifty G-Sec Dec 2026 Index Fund": {
        "amc_name": "HDFC Asset Management Company Limited",
        "benchmark_index": "NIFTY G-Sec Dec 2026 Index  CRISIL 10 Year Gilt Index ",
        "fund_manager": [
            {
                "managing_fund_since": "August 31, 2024",
                "name": "Anupam Joshi",
                "qualification": "",
                "total_exp": "19 Years"
            }
        ],
        "load": {
            "entry_load": null,
            "exit_load": "Nil For Product label and Riskometers, refer page no: 66-74 20 | January 2025 "
        },
        "main_scheme_name": "HDFC Nifty G-Sec Dec 2026 Index Fund",
        "metrics": {
            "alpha": null,
            "arithmetic_mean_ratio": null,
            "average_div_yld": null,
            "average_pb": null,
            "average_pe": null,
            "avg_maturity": "1.73 Years",
            "beta": null,
            "correlation_ratio": null,
            "downside_deviation": null,
            "information_ratio": null,
            "macaulay": "1.65 Years",
            "mod_duration": "1.59 Years",
            "port_turnover_ratio": null,
            "r_squared_ratio": null,
            "roe_ratio": null,
            "sharpe": null,
            "sortino_ratio": null,
            "std_dev": null,
            "tracking_error": "0.36",
            "treynor_ratio": null,
            "upside_deviation": null,
            "ytm": "6.72"
        },
        "min_addl_amt": "",
        "min_addl_amt_multiple": "",
        "min_amt": "",
        "min_amt_multiple": "",
        "monthly_aaum_date": "30-04-2025",
        "monthly_aaum_value": "\u20b9 1,336.20",
        "mutual_fund_name": "HDFC Mutual Fund",
        "page_number": [
            19
        ],
        "scheme_launch_date": "November 10, 2022 "
    },
    "HDFC Nifty G-Sec Jul 2031 Index Fund": {
        "amc_name": "HDFC Asset Management Company Limited",
        "benchmark_index": "NIFTY G-Sec July 2031 Index  CRISIL 10 Year Gilt Index ",
        "fund_manager": [
            {
                "managing_fund_since": "August 31, 2024",
                "name": "Anupam Joshi",
                "qualification": "",
                "total_exp": "19 Years"
            }
        ],
        "load": {
            "entry_load": null,
            "exit_load": "Nil For Product label and Riskometers, refer page no: 66-74 21 | January 2025 "
        },
        "main_scheme_name": "HDFC Nifty G-Sec Jul 2031 Index Fund",
        "metrics": {
            "alpha": null,
            "arithmetic_mean_ratio": null,
            "average_div_yld": null,
            "average_pb": null,
            "average_pe": null,
            "avg_maturity": "6.33 Years",
            "beta": null,
            "correlation_ratio": null,
            "downside_deviation": null,
            "information_ratio": null,
            "macaulay": "5.29 Years",
            "mod_duration": "5.12 Years",
            "port_turnover_ratio": null,
            "r_squared_ratio": null,
            "roe_ratio": null,
            "sharpe": null,
            "sortino_ratio": null,
            "std_dev": null,
            "tracking_error": "0.68",
            "treynor_ratio": null,
            "upside_deviation": null,
            "ytm": "6.81"
        },
        "min_addl_amt": "",
        "min_addl_amt_multiple": "",
        "min_amt": "",
        "min_amt_multiple": "",
        "monthly_aaum_date": "30-04-2025",
        "monthly_aaum_value": "\u20b9 676.33",
        "mutual_fund_name": "HDFC Mutual Fund",
        "page_number": [
            20
        ],
        "scheme_launch_date": "November 10, 2022 "
    },
    "HDFC Nifty G-Sec Jun 2027 Index Fund": {
        "amc_name": "HDFC Asset Management Company Limited",
        "benchmark_index": "NIFTY G-Sec Jun 2027 Index  CRISIL 10 Year Gilt Index ",
        "fund_manager": [
            {
                "managing_fund_since": "August 31, 2024",
                "name": "Anupam Joshi",
                "qualification": "",
                "total_exp": "19 Years"
            }
        ],
        "load": {
            "entry_load": null,
            "exit_load": "Nil For Product label and Riskometers, refer page no: 66-74 22 | January 2025 "
        },
        "main_scheme_name": "HDFC Nifty G-Sec Jun 2027 Index Fund",
        "metrics": {
            "alpha": null,
            "arithmetic_mean_ratio": null,
            "average_div_yld": null,
            "average_pb": null,
            "average_pe": null,
            "avg_maturity": "2.34 Years",
            "beta": null,
            "correlation_ratio": null,
            "downside_deviation": null,
            "information_ratio": null,
            "macaulay": "2.18 Years",
            "mod_duration": "2.11 Years",
            "port_turnover_ratio": null,
            "r_squared_ratio": null,
            "roe_ratio": null,
            "sharpe": null,
            "sortino_ratio": null,
            "std_dev": null,
            "tracking_error": "0.25",
            "treynor_ratio": null,
            "upside_deviation": null,
            "ytm": "6.71"
        },
        "min_addl_amt": "",
        "min_addl_amt_multiple": "",
        "min_amt": "",
        "min_amt_multiple": "",
        "monthly_aaum_date": "30-04-2025",
        "monthly_aaum_value": "\u20b9 742.11",
        "mutual_fund_name": "HDFC Mutual Fund",
        "page_number": [
            21
        ],
        "scheme_launch_date": "December 09, 2022 "
    },
    "HDFC Nifty G-Sec Sep 2032 Index Fund": {
        "amc_name": "HDFC Asset Management Company Limited",
        "benchmark_index": "NIFTY G-Sec Sep 2032 Index  CRISIL 10 Year Gilt Index ",
        "fund_manager": [
            {
                "managing_fund_since": "August 31, 2024",
                "name": "Anupam Joshi",
                "qualification": "",
                "total_exp": "19 Years"
            }
        ],
        "load": {
            "entry_load": null,
            "exit_load": "Nil For Product label and Riskometers, refer page no: 66 23 | January 2025 "
        },
        "main_scheme_name": "HDFC Nifty G-Sec Sep 2032 Index Fund",
        "metrics": {
            "alpha": null,
            "arithmetic_mean_ratio": null,
            "average_div_yld": null,
            "average_pb": null,
            "average_pe": null,
            "avg_maturity": "7.51 Years",
            "beta": null,
            "correlation_ratio": null,
            "downside_deviation": null,
            "information_ratio": null,
            "macaulay": "5.76 Years",
            "mod_duration": "5.57 Years",
            "port_turnover_ratio": null,
            "r_squared_ratio": null,
            "roe_ratio": null,
            "sharpe": null,
            "sortino_ratio": null,
            "std_dev": null,
            "tracking_error": "0.68",
            "treynor_ratio": null,
            "upside_deviation": null,
            "ytm": "6.86"
        },
        "min_addl_amt": "",
        "min_addl_amt_multiple": "",
        "min_amt": "",
        "min_amt_multiple": "",
        "monthly_aaum_date": "30-04-2025",
        "monthly_aaum_value": "\u20b9 602.11",
        "mutual_fund_name": "HDFC Mutual Fund",
        "page_number": [
            22
        ],
        "scheme_launch_date": "December 09, 2022 "
    },
    "HDFC NIFTY G-Sec Apr 2029 Index Fund": {
        "amc_name": "HDFC Asset Management Company Limited",
        "benchmark_index": "NIFTY G- Sec Apr 2029 Index  CRISIL 10 Year Gilt Index ",
        "fund_manager": [
            {
                "managing_fund_since": "August 31, 2024",
                "name": "Anupam Joshi",
                "qualification": "",
                "total_exp": "19 Years"
            }
        ],
        "load": {
            "entry_load": null,
            "exit_load": "Nil For Product label and Riskometers, refer page no: 66-74 24 | January 2025 "
        },
        "main_scheme_name": "HDFC NIFTY G-Sec Apr 2029 Index Fund",
        "metrics": {
            "alpha": null,
            "arithmetic_mean_ratio": null,
            "average_div_yld": null,
            "average_pb": null,
            "average_pe": null,
            "avg_maturity": "4.18 Years",
            "beta": null,
            "correlation_ratio": null,
            "downside_deviation": null,
            "information_ratio": null,
            "macaulay": "3.62 Years",
            "mod_duration": "3.50 Years",
            "port_turnover_ratio": null,
            "r_squared_ratio": null,
            "roe_ratio": null,
            "sharpe": null,
            "sortino_ratio": null,
            "std_dev": null,
            "tracking_error": "0.14",
            "treynor_ratio": null,
            "upside_deviation": null,
            "ytm": "6.75"
        },
        "min_addl_amt": "",
        "min_addl_amt_multiple": "",
        "min_amt": "",
        "min_amt_multiple": "",
        "monthly_aaum_date": "30-04-2025",
        "monthly_aaum_value": "\u20b9 164.85",
        "mutual_fund_name": "HDFC Mutual Fund",
        "page_number": [
            23
        ],
        "scheme_launch_date": "March 10, 2023 "
    },
    "HDFC NIFTY G-sec Jun 2036 Index Fund": {
        "amc_name": "HDFC Asset Management Company Limited",
        "benchmark_index": "NIFTY G-Sec Jun 2036 Index  CRISIL 10 Year Gilt Index ",
        "fund_manager": [
            {
                "managing_fund_since": "August 31, 2024",
                "name": "Anupam Joshi",
                "qualification": "",
                "total_exp": "19 Years"
            }
        ],
        "load": {
            "entry_load": null,
            "exit_load": "Nil For Product label and Riskometers, refer page no: 66 25 | January 2025 "
        },
        "main_scheme_name": "HDFC NIFTY G-sec Jun 2036 Index Fund",
        "metrics": {
            "alpha": null,
            "arithmetic_mean_ratio": null,
            "average_div_yld": null,
            "average_pb": null,
            "average_pe": null,
            "avg_maturity": "11.27 Years",
            "beta": null,
            "correlation_ratio": null,
            "downside_deviation": null,
            "information_ratio": null,
            "macaulay": "7.77 Years",
            "mod_duration": "7.52 Years",
            "port_turnover_ratio": null,
            "r_squared_ratio": null,
            "roe_ratio": null,
            "sharpe": null,
            "sortino_ratio": null,
            "std_dev": null,
            "tracking_error": "0.84",
            "treynor_ratio": null,
            "upside_deviation": null,
            "ytm": "6.93"
        },
        "min_addl_amt": "",
        "min_addl_amt_multiple": "",
        "min_amt": "",
        "min_amt_multiple": "",
        "monthly_aaum_date": "30-04-2025",
        "monthly_aaum_value": "\u20b9 805.26",
        "mutual_fund_name": "HDFC Mutual Fund",
        "page_number": [
            24
        ],
        "scheme_launch_date": "March 15, 2023 "
    },
    "HDFC NIFTY SDL Plus G-Sec Jun 2027 4060 Index Fund": {
        "amc_name": "HDFC Asset Management Company Limited",
        "benchmark_index": "NIFTY SDL Plus G-Sec Jun 2027 40:60 Index  CRISIL 10 Year Gilt Index ",
        "fund_manager": [
            {
                "managing_fund_since": "August 31, 2024",
                "name": "Anupam Joshi",
                "qualification": "",
                "total_exp": "19 Years"
            }
        ],
        "load": {
            "entry_load": null,
            "exit_load": "Nil For Product label and Riskometers, refer page no: 66-74 26 | January 2025 "
        },
        "main_scheme_name": "HDFC NIFTY SDL Plus G-Sec Jun 2027 4060 Index Fund",
        "metrics": {
            "alpha": null,
            "arithmetic_mean_ratio": null,
            "average_div_yld": null,
            "average_pb": null,
            "average_pe": null,
            "avg_maturity": "2.25 Years",
            "beta": null,
            "correlation_ratio": null,
            "downside_deviation": null,
            "information_ratio": null,
            "macaulay": "2.10 Years",
            "mod_duration": "2.03 Years",
            "port_turnover_ratio": null,
            "r_squared_ratio": null,
            "roe_ratio": null,
            "sharpe": null,
            "sortino_ratio": null,
            "std_dev": null,
            "tracking_error": "0.35",
            "treynor_ratio": null,
            "upside_deviation": null,
            "ytm": "6.81"
        },
        "min_addl_amt": "",
        "min_addl_amt_multiple": "",
        "min_amt": "",
        "min_amt_multiple": "",
        "monthly_aaum_date": "30-04-2025",
        "monthly_aaum_value": "\u20b9 48.55",
        "mutual_fund_name": "HDFC Mutual Fund",
        "page_number": [
            25
        ],
        "scheme_launch_date": "March 23, 2023 "
    },
    "HDFC Nifty SDL Oct 2026 Index Fund": {
        "amc_name": "HDFC Asset Management Company Limited",
        "benchmark_index": "NIFTY SDL Oct 2026 Index  CRISIL 10 Year Gilt Index ",
        "fund_manager": [
            {
                "managing_fund_since": "August 31, 2024",
                "name": "Anupam Joshi",
                "qualification": "",
                "total_exp": "19 Years"
            }
        ],
        "load": {
            "entry_load": null,
            "exit_load": "Nil For Product label and Riskometers, refer page no: 66-74 27 | January 2025 "
        },
        "main_scheme_name": "HDFC Nifty SDL Oct 2026 Index Fund",
        "metrics": {
            "alpha": null,
            "arithmetic_mean_ratio": null,
            "average_div_yld": null,
            "average_pb": null,
            "average_pe": null,
            "avg_maturity": "1.50 Years",
            "beta": null,
            "correlation_ratio": null,
            "downside_deviation": null,
            "information_ratio": null,
            "macaulay": "1.42 Years",
            "mod_duration": "1.37 Years",
            "port_turnover_ratio": null,
            "r_squared_ratio": null,
            "roe_ratio": null,
            "sharpe": null,
            "sortino_ratio": null,
            "std_dev": null,
            "tracking_error": "0.58",
            "treynor_ratio": null,
            "upside_deviation": null,
            "ytm": "6.94"
        },
        "min_addl_amt": "",
        "min_addl_amt_multiple": "",
        "min_amt": "",
        "min_amt_multiple": "",
        "monthly_aaum_date": "30-04-2025",
        "monthly_aaum_value": "\u20b9 195.17",
        "mutual_fund_name": "HDFC Mutual Fund",
        "page_number": [
            26
        ],
        "scheme_launch_date": "February 24, 2023 "
    },
    "HDFC NIFTY500 MULTICAP 502525 INDEX FUND": {
        "amc_name": "HDFC Asset Management Company Limited",
        "benchmark_index": "Nifty500 Multicap 50:25:25 Index (TRI)  NIFTY 50 (Total Returns Index) ",
        "fund_manager": [
            {
                "managing_fund_since": "August 23, 2024",
                "name": "Nirman Morakhia",
                "qualification": "",
                "total_exp": "16 Years"
            },
            {
                "managing_fund_since": "August 23, 2024",
                "name": "Arun Agarwal",
                "qualification": "",
                "total_exp": "26 Years"
            }
        ],
        "load": {
            "entry_load": null,
            "exit_load": "Nil For Product label and Riskometers, refer page no: 66-74 28 | January 2025 "
        },
        "main_scheme_name": "HDFC NIFTY500 MULTICAP 502525 INDEX FUND",
        "metrics": {
            "alpha": null,
            "arithmetic_mean_ratio": null,
            "average_div_yld": null,
            "average_pb": null,
            "average_pe": null,
            "avg_maturity": null,
            "beta": null,
            "correlation_ratio": null,
            "downside_deviation": null,
            "information_ratio": null,
            "macaulay": null,
            "mod_duration": null,
            "port_turnover_ratio": null,
            "r_squared_ratio": null,
            "roe_ratio": null,
            "sharpe": null,
            "sortino_ratio": null,
            "std_dev": null,
            "tracking_error": null,
            "treynor_ratio": null,
            "upside_deviation": null,
            "ytm": null
        },
        "min_addl_amt": "",
        "min_addl_amt_multiple": "",
        "min_amt": "",
        "min_amt_multiple": "",
        "monthly_aaum_date": "30-04-2025",
        "monthly_aaum_value": "\u20b9 406.86",
        "mutual_fund_name": "HDFC Mutual Fund",
        "page_number": [
            27
        ],
        "scheme_launch_date": "August 23, 2024 "
    },
    "HDFC Nifty LargeMidcap 250 Index Fund": {
        "amc_name": "HDFC Asset Management Company Limited",
        "benchmark_index": "NIFTY LargeMidcap 250 TRI  NIFTY 50 (Total Returns Index) ",
        "fund_manager": [],
        "load": {
            "entry_load": null,
            "exit_load": "Nil For Product label and Riskometers, refer page no: 66-74 29 | January 2025 "
        },
        "main_scheme_name": "HDFC Nifty LargeMidcap 250 Index Fund",
        "metrics": {
            "alpha": null,
            "arithmetic_mean_ratio": null,
            "average_div_yld": null,
            "average_pb": null,
            "average_pe": null,
            "avg_maturity": null,
            "beta": null,
            "correlation_ratio": null,
            "downside_deviation": null,
            "information_ratio": null,
            "macaulay": null,
            "mod_duration": null,
            "port_turnover_ratio": null,
            "r_squared_ratio": null,
            "roe_ratio": null,
            "sharpe": null,
            "sortino_ratio": null,
            "std_dev": null,
            "tracking_error": null,
            "treynor_ratio": null,
            "upside_deviation": null,
            "ytm": null
        },
        "min_addl_amt": "",
        "min_addl_amt_multiple": "",
        "min_amt": "",
        "min_amt_multiple": "",
        "monthly_aaum_date": "30-04-2025",
        "monthly_aaum_value": "\u20b9 458.36",
        "mutual_fund_name": "HDFC Mutual Fund",
        "page_number": [
            28
        ],
        "scheme_launch_date": "October 10, 2024 "
    },
    "HDFC Nifty India Digital Index Fund": {
        "amc_name": "HDFC Asset Management Company Limited",
        "benchmark_index": "Nifty India Digital Index (TRI)  NIFTY 50 (Total Returns Index ",
        "fund_manager": [
            {
                "managing_fund_since": "December 11, 2024",
                "name": "Nirman Morakhia",
                "qualification": "",
                "total_exp": "17 Years"
            },
            {
                "managing_fund_since": "December 11, 2024",
                "name": "Arun Agarwal",
                "qualification": "",
                "total_exp": "26 Years"
            }
        ],
        "load": {
            "entry_load": null,
            "exit_load": "Nil Industry Allocation of Equity Holding (  of Net Assets) IT   Software Retailing 1 . Telecom   Services 1 . Financial Technology (Fintech) 11.1 eisure Services .1 IT   Services 1 30 | January 2025 "
        },
        "main_scheme_name": "HDFC Nifty India Digital Index Fund",
        "metrics": {
            "alpha": null,
            "arithmetic_mean_ratio": null,
            "average_div_yld": null,
            "average_pb": null,
            "average_pe": null,
            "avg_maturity": null,
            "beta": null,
            "correlation_ratio": null,
            "downside_deviation": null,
            "information_ratio": null,
            "macaulay": null,
            "mod_duration": null,
            "port_turnover_ratio": null,
            "r_squared_ratio": null,
            "roe_ratio": null,
            "sharpe": null,
            "sortino_ratio": null,
            "std_dev": null,
            "tracking_error": null,
            "treynor_ratio": null,
            "upside_deviation": null,
            "ytm": null
        },
        "min_addl_amt": "",
        "min_addl_amt_multiple": "",
        "min_amt": "",
        "min_amt_multiple": "",
        "monthly_aaum_date": "30-04-2025",
        "monthly_aaum_value": "\u20b9 246.63",
        "mutual_fund_name": "HDFC Mutual Fund",
        "page_number": [
            29
        ],
        "scheme_launch_date": "December 11, 2024 "
    },
    "HDFC BSE SENSEX ETF": {
        "amc_name": "HDFC Asset Management Company Limited",
        "benchmark_index": "BSE SENSEX (Total Returns Index)  NIFTY 50 (Total Returns Index) ",
        "fund_manager": [
            {
                "managing_fund_since": "August 24, 2020",
                "name": "Arun Agarwal",
                "qualification": "",
                "total_exp": "26 Years"
            },
            {
                "managing_fund_since": "February 15, 2023",
                "name": "Abhishek Mor",
                "qualification": "",
                "total_exp": "7 Years"
            }
        ],
        "load": {
            "entry_load": null,
            "exit_load": "Not Applicable For Product label and Riskometers, refer page no: 66-74 31 | January 2025 "
        },
        "main_scheme_name": "HDFC BSE SENSEX ETF",
        "metrics": {
            "alpha": null,
            "arithmetic_mean_ratio": null,
            "average_div_yld": null,
            "average_pb": null,
            "average_pe": null,
            "avg_maturity": null,
            "beta": null,
            "correlation_ratio": null,
            "downside_deviation": null,
            "information_ratio": null,
            "macaulay": null,
            "mod_duration": null,
            "port_turnover_ratio": "24.25",
            "r_squared_ratio": null,
            "roe_ratio": null,
            "sharpe": null,
            "sortino_ratio": null,
            "std_dev": null,
            "tracking_error": "0.04",
            "treynor_ratio": null,
            "upside_deviation": null,
            "ytm": null
        },
        "min_addl_amt": "",
        "min_addl_amt_multiple": "",
        "min_amt": "",
        "min_amt_multiple": "",
        "monthly_aaum_date": "30-04-2025",
        "monthly_aaum_value": "\u20b9 453.83",
        "mutual_fund_name": "HDFC Mutual Fund",
        "page_number": [
            30
        ],
        "scheme_launch_date": "December 09, 2015 "
    },
    "HDFC NIFTY 50 ETF": {
        "amc_name": "HDFC Asset Management Company Limited",
        "benchmark_index": "NIFTY 50 (Total Returns Index)  BSE SENSEX (Total Returns Index) ",
        "fund_manager": [
            {
                "managing_fund_since": "August 24, 2020",
                "name": "Arun Agarwal",
                "qualification": "",
                "total_exp": "26 Years"
            },
            {
                "managing_fund_since": "February 15, 2023",
                "name": "Abhishek Mor",
                "qualification": "",
                "total_exp": "7 Years"
            }
        ],
        "load": {
            "entry_load": null,
            "exit_load": "Not Applicable Industry Allocation of Equity Holding (  of Net Assets) Banks IT   Software 1 . Petroleum Products . 1 Automobiles Diversi ied Fmcg . 1 Telecom   Services .1 Construction Finance . 1 Pharmaceuticals   Biotechnology Power Consumer Durables Cement   Cement Products .1 Ferrous Metals 1. Food Products 1. Insurance 1. Retailing 1. 1 Aerospace   Defense il Consumable Fuels Non   Ferrous Metals Transport Infrastructure Healthcare Services Agricultural Food    ther Products Metals   Minerals Trading eisure Services .1 1 32 | January 2025 "
        },
        "main_scheme_name": "HDFC NIFTY 50 ETF",
        "metrics": {
            "alpha": null,
            "arithmetic_mean_ratio": null,
            "average_div_yld": null,
            "average_pb": null,
            "average_pe": null,
            "avg_maturity": null,
            "beta": null,
            "correlation_ratio": null,
            "downside_deviation": null,
            "information_ratio": null,
            "macaulay": null,
            "mod_duration": null,
            "port_turnover_ratio": "10.63",
            "r_squared_ratio": null,
            "roe_ratio": null,
            "sharpe": null,
            "sortino_ratio": null,
            "std_dev": null,
            "tracking_error": "0.03",
            "treynor_ratio": null,
            "upside_deviation": null,
            "ytm": null
        },
        "min_addl_amt": "",
        "min_addl_amt_multiple": "",
        "min_amt": "",
        "min_amt_multiple": "",
        "monthly_aaum_date": "30-04-2025",
        "monthly_aaum_value": "\u20b9 4,002.24",
        "mutual_fund_name": "HDFC Mutual Fund",
        "page_number": [
            31
        ],
        "scheme_launch_date": "December 09, 2015 "
    },
    "HDFC NIFTY Next 50 ETF": {
        "amc_name": "HDFC Asset Management Company Limited",
        "benchmark_index": "NIFTY Next 50 (Total Returns Index)  NIFTY 50 (Total Returns Index) ",
        "fund_manager": [
            {
                "managing_fund_since": "August 05, 2022",
                "name": "Arun Agarwal",
                "qualification": "",
                "total_exp": "26 Years"
            },
            {
                "managing_fund_since": "February 15, 2023",
                "name": "Abhishek Mor",
                "qualification": "",
                "total_exp": "7 Years"
            }
        ],
        "load": {
            "entry_load": null,
            "exit_load": "Not Applicable Industry Allocation of Equity Holding (  of Net Assets) Finance 1 . Retailing 11. Power Banks Pharmaceuticals   Biotechnology Beverages Electrical Equipment . 1 Insurance Transport Services Realty Diversi ied Metals Aerospace   Defense Personal Products Cement   Cement Products .1 Auto Components Gas Automobiles IT   Software . 1 Petroleum Products .1 Chemicals   Petrochemicals 1. Consumer Durables 1. Ferrous Metals 1. eisure Services 1. 1 1 33 | January 2025 "
        },
        "main_scheme_name": "HDFC NIFTY Next 50 ETF",
        "metrics": {
            "alpha": null,
            "arithmetic_mean_ratio": null,
            "average_div_yld": null,
            "average_pb": null,
            "average_pe": null,
            "avg_maturity": null,
            "beta": null,
            "correlation_ratio": null,
            "downside_deviation": null,
            "information_ratio": null,
            "macaulay": null,
            "mod_duration": null,
            "port_turnover_ratio": "71.83",
            "r_squared_ratio": null,
            "roe_ratio": null,
            "sharpe": null,
            "sortino_ratio": null,
            "std_dev": null,
            "tracking_error": "0.07",
            "treynor_ratio": null,
            "upside_deviation": null,
            "ytm": null
        },
        "min_addl_amt": "",
        "min_addl_amt_multiple": "",
        "min_amt": "",
        "min_amt_multiple": "",
        "monthly_aaum_date": "30-04-2025",
        "monthly_aaum_value": "\u20b9 69.69",
        "mutual_fund_name": "HDFC Mutual Fund",
        "page_number": [
            32
        ],
        "scheme_launch_date": "August 05, 2022 "
    },
    "HDFC NIFTY 100 ETF": {
        "amc_name": "HDFC Asset Management Company Limited",
        "benchmark_index": "NIFTY 100 (Total Returns Index)  NIFTY 50 (Total Returns Index) ",
        "fund_manager": [
            {
                "managing_fund_since": "August 05, 2022",
                "name": "Arun Agarwal",
                "qualification": "",
                "total_exp": "26 Years"
            },
            {
                "managing_fund_since": "February 15, 2023",
                "name": "Abhishek Mor",
                "qualification": "",
                "total_exp": "7 Years"
            }
        ],
        "load": {
            "entry_load": null,
            "exit_load": "Not Applicable For Product label and Riskometers, refer page no: 66-74 34 | January 2025 "
        },
        "main_scheme_name": "HDFC NIFTY 100 ETF",
        "metrics": {
            "alpha": null,
            "arithmetic_mean_ratio": null,
            "average_div_yld": null,
            "average_pb": null,
            "average_pe": null,
            "avg_maturity": null,
            "beta": null,
            "correlation_ratio": null,
            "downside_deviation": null,
            "information_ratio": null,
            "macaulay": null,
            "mod_duration": null,
            "port_turnover_ratio": "10.32",
            "r_squared_ratio": null,
            "roe_ratio": null,
            "sharpe": null,
            "sortino_ratio": null,
            "std_dev": null,
            "tracking_error": "0.04",
            "treynor_ratio": null,
            "upside_deviation": null,
            "ytm": null
        },
        "min_addl_amt": "",
        "min_addl_amt_multiple": "",
        "min_amt": "",
        "min_amt_multiple": "",
        "monthly_aaum_date": "30-04-2025",
        "monthly_aaum_value": "\u20b9 24.43",
        "mutual_fund_name": "HDFC Mutual Fund",
        "page_number": [
            33
        ],
        "scheme_launch_date": "August 05, 2022 "
    },
    "HDFC NIFTY Bank ETF": {
        "amc_name": "HDFC Asset Management Company Limited",
        "benchmark_index": "NIFTY Bank (Total Returns Index)  NIFTY 50 (Total Returns Index) ",
        "fund_manager": [
            {
                "managing_fund_since": "August 24, 2020",
                "name": "Arun Agarwal",
                "qualification": "",
                "total_exp": "26 Years"
            },
            {
                "managing_fund_since": "February 15, 2023",
                "name": "Abhishek Mor",
                "qualification": "",
                "total_exp": "7 Years"
            }
        ],
        "load": {
            "entry_load": null,
            "exit_load": "Not Applicable For Product label and Riskometers, refer page no: 66-74 35 | January 2025 "
        },
        "main_scheme_name": "HDFC NIFTY Bank ETF",
        "metrics": {
            "alpha": null,
            "arithmetic_mean_ratio": null,
            "average_div_yld": null,
            "average_pb": null,
            "average_pe": null,
            "avg_maturity": null,
            "beta": null,
            "correlation_ratio": null,
            "downside_deviation": null,
            "information_ratio": null,
            "macaulay": null,
            "mod_duration": null,
            "port_turnover_ratio": "38.04",
            "r_squared_ratio": null,
            "roe_ratio": null,
            "sharpe": null,
            "sortino_ratio": null,
            "std_dev": null,
            "tracking_error": "0.06",
            "treynor_ratio": null,
            "upside_deviation": null,
            "ytm": null
        },
        "min_addl_amt": "",
        "min_addl_amt_multiple": "",
        "min_amt": "",
        "min_amt_multiple": "",
        "monthly_aaum_date": "30-04-2025",
        "monthly_aaum_value": "\u20b9 2,482.66",
        "mutual_fund_name": "HDFC Mutual Fund",
        "page_number": [
            34
        ],
        "scheme_launch_date": "August 21, 2020 "
    },
    "HDFC NIFTY IT ETF": {
        "amc_name": "HDFC Asset Management Company Limited",
        "benchmark_index": "NIFTY IT Index (Total Returns Index)  NIFTY 50 (Total Returns Index) ",
        "fund_manager": [
            {
                "managing_fund_since": "February 15, 2022",
                "name": "November Arun",
                "qualification": "",
                "total_exp": "26 Years"
            }
        ],
        "load": {
            "entry_load": null,
            "exit_load": "Not Applicable For Product label and Riskometers, refer page no: 66-74 36 | January 2025 "
        },
        "main_scheme_name": "HDFC NIFTY IT ETF",
        "metrics": {
            "alpha": null,
            "arithmetic_mean_ratio": null,
            "average_div_yld": null,
            "average_pb": null,
            "average_pe": null,
            "avg_maturity": null,
            "beta": null,
            "correlation_ratio": null,
            "downside_deviation": null,
            "information_ratio": null,
            "macaulay": null,
            "mod_duration": null,
            "port_turnover_ratio": "38.39",
            "r_squared_ratio": null,
            "roe_ratio": null,
            "sharpe": null,
            "sortino_ratio": null,
            "std_dev": null,
            "tracking_error": "0.06",
            "treynor_ratio": null,
            "upside_deviation": null,
            "ytm": null
        },
        "min_addl_amt": "",
        "min_addl_amt_multiple": "",
        "min_amt": "",
        "min_amt_multiple": "",
        "monthly_aaum_date": "30-04-2025",
        "monthly_aaum_value": "\u20b9 79.49",
        "mutual_fund_name": "HDFC Mutual Fund",
        "page_number": [
            35
        ],
        "scheme_launch_date": "November 16, 2022 "
    },
    "HDFC NIFTY Private Bank ETF": {
        "amc_name": "HDFC Asset Management Company Limited",
        "benchmark_index": "NIFTY Private Bank Index (Total Returns Index)  NIFTY 50 (Total Returns Index) ",
        "fund_manager": [
            {
                "managing_fund_since": "February 15, 2022",
                "name": "November Arun",
                "qualification": "",
                "total_exp": "26 Years"
            }
        ],
        "load": {
            "entry_load": null,
            "exit_load": "Not Applicable For Product label and Riskometers, refer page no: 66-74 37 | January 2025 "
        },
        "main_scheme_name": "HDFC NIFTY Private Bank ETF",
        "metrics": {
            "alpha": null,
            "arithmetic_mean_ratio": null,
            "average_div_yld": null,
            "average_pb": null,
            "average_pe": null,
            "avg_maturity": null,
            "beta": null,
            "correlation_ratio": null,
            "downside_deviation": null,
            "information_ratio": null,
            "macaulay": null,
            "mod_duration": null,
            "port_turnover_ratio": "43.13",
            "r_squared_ratio": null,
            "roe_ratio": null,
            "sharpe": null,
            "sortino_ratio": null,
            "std_dev": null,
            "tracking_error": "0.07",
            "treynor_ratio": null,
            "upside_deviation": null,
            "ytm": null
        },
        "min_addl_amt": "",
        "min_addl_amt_multiple": "",
        "min_amt": "",
        "min_amt_multiple": "",
        "monthly_aaum_date": "30-04-2025",
        "monthly_aaum_value": "\u20b9 302.35",
        "mutual_fund_name": "HDFC Mutual Fund",
        "page_number": [
            36
        ],
        "scheme_launch_date": "November 16, 2022 "
    },
    "HDFC NIFTY Midcap 150 ETF": {
        "amc_name": "HDFC Asset Management Company Limited",
        "benchmark_index": "NIFTY Midcap 150 Index (Total Returns Index)  NIFTY 50 (Total Returns Index) ",
        "fund_manager": [
            {
                "managing_fund_since": "February 15, 2023",
                "name": "Nirman Morakhia",
                "qualification": "",
                "total_exp": "16 Years"
            },
            {
                "managing_fund_since": "February 15, 2023",
                "name": "Arun Agarwal",
                "qualification": "",
                "total_exp": "26 Years"
            },
            {
                "managing_fund_since": "February 15, 2023",
                "name": "Abhishek Mor",
                "qualification": "",
                "total_exp": "7 Years"
            }
        ],
        "load": {
            "entry_load": null,
            "exit_load": "Not Applicable For Product label and Riskometers, refer page no: 66-74 38 | January 2025 "
        },
        "main_scheme_name": "HDFC NIFTY Midcap 150 ETF",
        "metrics": {
            "alpha": null,
            "arithmetic_mean_ratio": null,
            "average_div_yld": null,
            "average_pb": null,
            "average_pe": null,
            "avg_maturity": null,
            "beta": null,
            "correlation_ratio": null,
            "downside_deviation": null,
            "information_ratio": null,
            "macaulay": null,
            "mod_duration": null,
            "port_turnover_ratio": "32.12",
            "r_squared_ratio": null,
            "roe_ratio": null,
            "sharpe": null,
            "sortino_ratio": null,
            "std_dev": null,
            "tracking_error": "0.05",
            "treynor_ratio": null,
            "upside_deviation": null,
            "ytm": null
        },
        "min_addl_amt": "",
        "min_addl_amt_multiple": "",
        "min_amt": "",
        "min_amt_multiple": "",
        "monthly_aaum_date": "30-04-2025",
        "monthly_aaum_value": "\u20b9 71.43",
        "mutual_fund_name": "HDFC Mutual Fund",
        "page_number": [
            37
        ],
        "scheme_launch_date": "February 15, 2023 "
    },
    "HDFC NIFTY Smallcap 250 ETF": {
        "amc_name": "HDFC Asset Management Company Limited",
        "benchmark_index": "NIFTY Smallcap 250 Index (Total Returns Index)  NIFTY 50 (Total Returns Index) ",
        "fund_manager": [
            {
                "managing_fund_since": "February 15, 2023",
                "name": "Nirman Morakhia",
                "qualification": "",
                "total_exp": "16 Years"
            },
            {
                "managing_fund_since": "February 15, 2023",
                "name": "Arun Agarwal",
                "qualification": "",
                "total_exp": "26 Years"
            },
            {
                "managing_fund_since": "February 15, 2023",
                "name": "Abhishek Mor",
                "qualification": "",
                "total_exp": "7 Years"
            }
        ],
        "load": {
            "entry_load": null,
            "exit_load": "Not Applicable For Product label and Riskometers, refer page no: 66 39 | January 2025 "
        },
        "main_scheme_name": "HDFC NIFTY Smallcap 250 ETF",
        "metrics": {
            "alpha": null,
            "arithmetic_mean_ratio": null,
            "average_div_yld": null,
            "average_pb": null,
            "average_pe": null,
            "avg_maturity": null,
            "beta": null,
            "correlation_ratio": null,
            "downside_deviation": null,
            "information_ratio": null,
            "macaulay": null,
            "mod_duration": null,
            "port_turnover_ratio": "57.74",
            "r_squared_ratio": null,
            "roe_ratio": null,
            "sharpe": null,
            "sortino_ratio": null,
            "std_dev": null,
            "tracking_error": "0.15",
            "treynor_ratio": null,
            "upside_deviation": null,
            "ytm": null
        },
        "min_addl_amt": "",
        "min_addl_amt_multiple": "",
        "min_amt": "",
        "min_amt_multiple": "",
        "monthly_aaum_date": "30-04-2025",
        "monthly_aaum_value": "\u20b9 765.66",
        "mutual_fund_name": "HDFC Mutual Fund",
        "page_number": [
            38
        ],
        "scheme_launch_date": "February 15, 2023 "
    },
    "HDFC NIFTY PSU BANK ETF": {
        "amc_name": "HDFC Asset Management Company Limited",
        "benchmark_index": "NIFTY PSU Bank Index (Total Returns Index)  NIFTY 50 (Total Returns Index) ",
        "fund_manager": [
            {
                "managing_fund_since": "January 31, 2024",
                "name": "Arun Agarwal",
                "qualification": "",
                "total_exp": "26 Years"
            },
            {
                "managing_fund_since": "January 31, 2024",
                "name": "Abhishek Mor",
                "qualification": "",
                "total_exp": "7 Years"
            }
        ],
        "load": {
            "entry_load": null,
            "exit_load": null
        },
        "main_scheme_name": "HDFC NIFTY PSU BANK ETF",
        "metrics": {
            "alpha": null,
            "arithmetic_mean_ratio": null,
            "average_div_yld": null,
            "average_pb": null,
            "average_pe": null,
            "avg_maturity": null,
            "beta": null,
            "correlation_ratio": null,
            "downside_deviation": null,
            "information_ratio": null,
            "macaulay": null,
            "mod_duration": null,
            "port_turnover_ratio": "108.19",
            "r_squared_ratio": null,
            "roe_ratio": null,
            "sharpe": null,
            "sortino_ratio": null,
            "std_dev": null,
            "tracking_error": "0.12",
            "treynor_ratio": null,
            "upside_deviation": null,
            "ytm": null
        },
        "min_addl_amt": "",
        "min_addl_amt_multiple": "",
        "min_amt": "",
        "min_amt_multiple": "",
        "monthly_aaum_date": "30-04-2025",
        "monthly_aaum_value": "\u20b9 23.84",
        "mutual_fund_name": "HDFC Mutual Fund",
        "page_number": [
            39
        ],
        "scheme_launch_date": "January 31, 2024 "
    },
    "HDFC BSE 500 ETF": {
        "amc_name": "HDFC Asset Management Company Limited",
        "benchmark_index": "BSE 500 Index (Total Returns Index)  NIFTY 50 (Total Returns Index) ",
        "fund_manager": [
            {
                "managing_fund_since": "February 15, 2023",
                "name": "Nirman Morakhia",
                "qualification": "",
                "total_exp": "16 Years"
            },
            {
                "managing_fund_since": "February 15, 2023",
                "name": "Arun Agarwal",
                "qualification": "",
                "total_exp": "26 Years"
            },
            {
                "managing_fund_since": "February 15, 2023",
                "name": "Abhishek Mor",
                "qualification": "",
                "total_exp": "7 Years"
            }
        ],
        "load": {
            "entry_load": null,
            "exit_load": "Not Applicable For Product label and Riskometers, refer page no: 66-74 41 | January 2025 "
        },
        "main_scheme_name": "HDFC BSE 500 ETF",
        "metrics": {
            "alpha": null,
            "arithmetic_mean_ratio": null,
            "average_div_yld": null,
            "average_pb": null,
            "average_pe": null,
            "avg_maturity": null,
            "beta": null,
            "correlation_ratio": null,
            "downside_deviation": null,
            "information_ratio": null,
            "macaulay": null,
            "mod_duration": null,
            "port_turnover_ratio": "45.37",
            "r_squared_ratio": null,
            "roe_ratio": null,
            "sharpe": null,
            "sortino_ratio": null,
            "std_dev": null,
            "tracking_error": "0.08",
            "treynor_ratio": null,
            "upside_deviation": null,
            "ytm": null
        },
        "min_addl_amt": "",
        "min_addl_amt_multiple": "",
        "min_amt": "",
        "min_amt_multiple": "",
        "monthly_aaum_date": "30-04-2025",
        "monthly_aaum_value": "\u20b9 15.31",
        "mutual_fund_name": "HDFC Mutual Fund",
        "page_number": [
            40
        ],
        "scheme_launch_date": "February 15, 2023 "
    },
    "HDFC NIFTY 1D RATE LIQUID ETF": {
        "amc_name": "HDFC Asset Management Company Limited",
        "benchmark_index": "NIFTY 1D Rate Index (Total Returns Index)  CRISIL 10 Year Gilt Index ",
        "fund_manager": [
            {
                "managing_fund_since": "August 31, 2024",
                "name": "Swapnil Jangam",
                "qualification": "",
                "total_exp": "14 Years"
            }
        ],
        "load": {
            "entry_load": null,
            "exit_load": "Not Applicable For Product label and Riskometers, refer page no: 66-74 42 | January 2025 "
        },
        "main_scheme_name": "HDFC NIFTY 1D RATE LIQUID ETF",
        "metrics": {
            "alpha": null,
            "arithmetic_mean_ratio": null,
            "average_div_yld": null,
            "average_pb": null,
            "average_pe": null,
            "avg_maturity": "3 Days",
            "beta": null,
            "correlation_ratio": null,
            "downside_deviation": null,
            "information_ratio": null,
            "macaulay": "3 Days",
            "mod_duration": "3 Days",
            "port_turnover_ratio": null,
            "r_squared_ratio": null,
            "roe_ratio": null,
            "sharpe": null,
            "sortino_ratio": null,
            "std_dev": null,
            "tracking_error": "0.03",
            "treynor_ratio": null,
            "upside_deviation": null,
            "ytm": "6.56"
        },
        "min_addl_amt": "",
        "min_addl_amt_multiple": "",
        "min_amt": "",
        "min_amt_multiple": "",
        "monthly_aaum_date": "30-04-2025",
        "monthly_aaum_value": "\u20b9 40.70",
        "mutual_fund_name": "HDFC Mutual Fund",
        "page_number": [
            41
        ],
        "scheme_launch_date": "August 24, 2023 "
    },
    "HDFC NIFTY100 Quality 30 ETF": {
        "amc_name": "HDFC Asset Management Company Limited",
        "benchmark_index": "NIFTY100 Quality 30 Index (Total Returns Index)  NIFTY 50 (Total Returns Index) ",
        "fund_manager": [
            {
                "managing_fund_since": "September 23, 2022",
                "name": "Arun Agarwal",
                "qualification": "",
                "total_exp": "26 Years"
            },
            {
                "managing_fund_since": "February 15, 2023",
                "name": "Abhishek Mor",
                "qualification": "",
                "total_exp": "7 Years"
            }
        ],
        "load": {
            "entry_load": null,
            "exit_load": "Not Applicable For Product label and Riskometers, refer page no: 66-74 43 | January 2025 "
        },
        "main_scheme_name": "HDFC NIFTY100 Quality 30 ETF",
        "metrics": {
            "alpha": null,
            "arithmetic_mean_ratio": null,
            "average_div_yld": null,
            "average_pb": null,
            "average_pe": null,
            "avg_maturity": null,
            "beta": null,
            "correlation_ratio": null,
            "downside_deviation": null,
            "information_ratio": null,
            "macaulay": null,
            "mod_duration": null,
            "port_turnover_ratio": "35.55",
            "r_squared_ratio": null,
            "roe_ratio": null,
            "sharpe": null,
            "sortino_ratio": null,
            "std_dev": null,
            "tracking_error": "0.09",
            "treynor_ratio": null,
            "upside_deviation": null,
            "ytm": null
        },
        "min_addl_amt": "",
        "min_addl_amt_multiple": "",
        "min_amt": "",
        "min_amt_multiple": "",
        "monthly_aaum_date": "30-04-2025",
        "monthly_aaum_value": "\u20b9 16.77",
        "mutual_fund_name": "HDFC Mutual Fund",
        "page_number": [
            42
        ],
        "scheme_launch_date": "September 23, 2022 "
    },
    "HDFC NIFTY50 VALUE 20 ETF": {
        "amc_name": "HDFC Asset Management Company Limited",
        "benchmark_index": "NIFTY50 Value 20 Index  (Total Returns Index)  NIFTY 50 (Total Returns Index) ",
        "fund_manager": [
            {
                "managing_fund_since": "February 15, 2022",
                "name": "September Arun",
                "qualification": "",
                "total_exp": "26 Years"
            }
        ],
        "load": {
            "entry_load": null,
            "exit_load": "Not Applicable For Product label and Riskometers, refer page no: 66-74 44 | January 2025 "
        },
        "main_scheme_name": "HDFC NIFTY50 VALUE 20 ETF",
        "metrics": {
            "alpha": null,
            "arithmetic_mean_ratio": null,
            "average_div_yld": null,
            "average_pb": null,
            "average_pe": null,
            "avg_maturity": null,
            "beta": null,
            "correlation_ratio": null,
            "downside_deviation": null,
            "information_ratio": null,
            "macaulay": null,
            "mod_duration": null,
            "port_turnover_ratio": "24.58",
            "r_squared_ratio": null,
            "roe_ratio": null,
            "sharpe": null,
            "sortino_ratio": null,
            "std_dev": null,
            "tracking_error": "0.05",
            "treynor_ratio": null,
            "upside_deviation": null,
            "ytm": null
        },
        "min_addl_amt": "",
        "min_addl_amt_multiple": "",
        "min_amt": "",
        "min_amt_multiple": "",
        "monthly_aaum_date": "30-04-2025",
        "monthly_aaum_value": "\u20b9 33.54",
        "mutual_fund_name": "HDFC Mutual Fund",
        "page_number": [
            43
        ],
        "scheme_launch_date": "September 23, 2022 "
    },
    "HDFC NIFTY Growth Sectors 15 ETF": {
        "amc_name": "HDFC Asset Management Company Limited",
        "benchmark_index": "NIFTY Growth Sectors 15 Index (Total Returns Index)  NIFTY 50 (Total Returns Index) ",
        "fund_manager": [
            {
                "managing_fund_since": "September 23, 2022",
                "name": "Arun Agarwal",
                "qualification": "",
                "total_exp": "26 Years"
            },
            {
                "managing_fund_since": "February 15, 2023",
                "name": "Abhishek Mor",
                "qualification": "",
                "total_exp": "7 Years"
            }
        ],
        "load": {
            "entry_load": null,
            "exit_load": "Not Applicable For Product label and Riskometers, refer page no: 66 45 | January 2025 "
        },
        "main_scheme_name": "HDFC NIFTY Growth Sectors 15 ETF",
        "metrics": {
            "alpha": null,
            "arithmetic_mean_ratio": null,
            "average_div_yld": null,
            "average_pb": null,
            "average_pe": null,
            "avg_maturity": null,
            "beta": null,
            "correlation_ratio": null,
            "downside_deviation": null,
            "information_ratio": null,
            "macaulay": null,
            "mod_duration": null,
            "port_turnover_ratio": "50.95",
            "r_squared_ratio": null,
            "roe_ratio": null,
            "sharpe": null,
            "sortino_ratio": null,
            "std_dev": null,
            "tracking_error": "0.06",
            "treynor_ratio": null,
            "upside_deviation": null,
            "ytm": null
        },
        "min_addl_amt": "",
        "min_addl_amt_multiple": "",
        "min_amt": "",
        "min_amt_multiple": "",
        "monthly_aaum_date": "30-04-2025",
        "monthly_aaum_value": "\u20b9 13.46",
        "mutual_fund_name": "HDFC Mutual Fund",
        "page_number": [
            44
        ],
        "scheme_launch_date": "September 23, 2022 "
    },
    "HDFC NIFTY100 Low Volatility 30 ETF": {
        "amc_name": "HDFC Asset Management Company Limited",
        "benchmark_index": "NIFTY100 Low Volatility 30 Index (Total Returns Index)  NIFTY 50 (Total Returns Index) ",
        "fund_manager": [
            {
                "managing_fund_since": "October 11, 2022",
                "name": "Arun Agarwal",
                "qualification": "",
                "total_exp": "26 Years"
            },
            {
                "managing_fund_since": "February 15, 2023",
                "name": "Abhishek Mor",
                "qualification": "",
                "total_exp": "7 Years"
            }
        ],
        "load": {
            "entry_load": null,
            "exit_load": "Not Applicable For Product label and Riskometers, refer page no: 66 46 | January 2025 "
        },
        "main_scheme_name": "HDFC NIFTY100 Low Volatility 30 ETF",
        "metrics": {
            "alpha": null,
            "arithmetic_mean_ratio": null,
            "average_div_yld": null,
            "average_pb": null,
            "average_pe": null,
            "avg_maturity": null,
            "beta": null,
            "correlation_ratio": null,
            "downside_deviation": null,
            "information_ratio": null,
            "macaulay": null,
            "mod_duration": null,
            "port_turnover_ratio": "43.83",
            "r_squared_ratio": null,
            "roe_ratio": null,
            "sharpe": null,
            "sortino_ratio": null,
            "std_dev": null,
            "tracking_error": "0.05",
            "treynor_ratio": null,
            "upside_deviation": null,
            "ytm": null
        },
        "min_addl_amt": "",
        "min_addl_amt_multiple": "",
        "min_amt": "",
        "min_amt_multiple": "",
        "monthly_aaum_date": "30-04-2025",
        "monthly_aaum_value": "\u20b9 15.38",
        "mutual_fund_name": "HDFC Mutual Fund",
        "page_number": [
            45
        ],
        "scheme_launch_date": "October 11, 2022 "
    },
    "HDFC NIFTY200 Momentum 30 ETF": {
        "amc_name": "HDFC Asset Management Company Limited",
        "benchmark_index": "NIFTY 200 Momentum 30 Index (Total Returns Index)  NIFTY 50 (Total Returns Index) ",
        "fund_manager": [
            {
                "managing_fund_since": "October 11, 2022",
                "name": "Arun Agarwal",
                "qualification": "",
                "total_exp": "26 Years"
            }
        ],
        "load": {
            "entry_load": null,
            "exit_load": "Not Applicable For Product label and Riskometers, refer page no: 66-74 47 | January 2025 "
        },
        "main_scheme_name": "HDFC NIFTY200 Momentum 30 ETF",
        "metrics": {
            "alpha": null,
            "arithmetic_mean_ratio": null,
            "average_div_yld": null,
            "average_pb": null,
            "average_pe": null,
            "avg_maturity": null,
            "beta": null,
            "correlation_ratio": null,
            "downside_deviation": null,
            "information_ratio": null,
            "macaulay": null,
            "mod_duration": null,
            "port_turnover_ratio": "174.43",
            "r_squared_ratio": null,
            "roe_ratio": null,
            "sharpe": null,
            "sortino_ratio": null,
            "std_dev": null,
            "tracking_error": "0.18",
            "treynor_ratio": null,
            "upside_deviation": null,
            "ytm": null
        },
        "min_addl_amt": "",
        "min_addl_amt_multiple": "",
        "min_amt": "",
        "min_amt_multiple": "",
        "monthly_aaum_date": "30-04-2025",
        "monthly_aaum_value": "\u20b9 80.56",
        "mutual_fund_name": "HDFC Mutual Fund",
        "page_number": [
            46
        ],
        "scheme_launch_date": "October 11, 2022 "
    },
    "HDFC Gold ETF": {
        "amc_name": "HDFC Asset Management Company Limited",
        "benchmark_index": "Domestic Price of Physical Gold ",
        "fund_manager": [
            {
                "managing_fund_since": "February 02, 2022",
                "name": "Bhagyesh Kagalkar",
                "qualification": "",
                "total_exp": "30 Years"
            }
        ],
        "load": {
            "entry_load": null,
            "exit_load": "Not Applicable For Product label and Riskometers, refer page no: 66-74 48 | January 2025 "
        },
        "main_scheme_name": "HDFC Gold ETF",
        "metrics": {
            "alpha": null,
            "arithmetic_mean_ratio": null,
            "average_div_yld": null,
            "average_pb": null,
            "average_pe": null,
            "avg_maturity": null,
            "beta": null,
            "correlation_ratio": null,
            "downside_deviation": null,
            "information_ratio": null,
            "macaulay": null,
            "mod_duration": null,
            "port_turnover_ratio": null,
            "r_squared_ratio": null,
            "roe_ratio": null,
            "sharpe": null,
            "sortino_ratio": null,
            "std_dev": null,
            "tracking_error": "0.24",
            "treynor_ratio": null,
            "upside_deviation": null,
            "ytm": null
        },
        "min_addl_amt": "",
        "min_addl_amt_multiple": "",
        "min_amt": "",
        "min_amt_multiple": "",
        "monthly_aaum_date": "30-04-2025",
        "monthly_aaum_value": "\u20b9 7,186.64",
        "mutual_fund_name": "HDFC Mutual Fund",
        "page_number": [
            47
        ],
        "scheme_launch_date": "August 13, 2010 "
    },
    "HDFC Silver ETF": {
        "amc_name": "HDFC Asset Management Company Limited",
        "benchmark_index": "Domestic Prices of physical Silver (derived as per regulatory norms) ",
        "fund_manager": [
            {
                "managing_fund_since": "September 02, 2022",
                "name": "Bhagyesh September",
                "qualification": "",
                "total_exp": "30 Years"
            }
        ],
        "load": {
            "entry_load": null,
            "exit_load": "Not Applicable For Product label and Riskometers, refer page no: 66-74 49 | January 2025 "
        },
        "main_scheme_name": "HDFC Silver ETF",
        "metrics": {
            "alpha": null,
            "arithmetic_mean_ratio": null,
            "average_div_yld": null,
            "average_pb": null,
            "average_pe": null,
            "avg_maturity": null,
            "beta": null,
            "correlation_ratio": null,
            "downside_deviation": null,
            "information_ratio": null,
            "macaulay": null,
            "mod_duration": null,
            "port_turnover_ratio": null,
            "r_squared_ratio": null,
            "roe_ratio": null,
            "sharpe": null,
            "sortino_ratio": null,
            "std_dev": null,
            "tracking_error": "0.65",
            "treynor_ratio": null,
            "upside_deviation": null,
            "ytm": null
        },
        "min_addl_amt": "",
        "min_addl_amt_multiple": "",
        "min_amt": "",
        "min_amt_multiple": "",
        "monthly_aaum_date": "30-04-2025",
        "monthly_aaum_value": "\u20b9 480.66",
        "mutual_fund_name": "HDFC Mutual Fund",
        "page_number": [
            48
        ],
        "scheme_launch_date": "September 02, 2022 "
    },
    "HDFC Gold ETF Fund of Fund": {
        "amc_name": "HDFC Asset Management Company Limited",
        "benchmark_index": "Domestic Price of Physical Gold ",
        "fund_manager": [
            {
                "managing_fund_since": "February 15, 2023",
                "name": "Nirman Morakhia",
                "qualification": "",
                "total_exp": "16 Years"
            },
            {
                "managing_fund_since": "February 15, 2023",
                "name": "Arun Agarwal",
                "qualification": "",
                "total_exp": "26 Years"
            }
        ],
        "load": {
            "entry_load": null,
            "exit_load": "In respect of each purchase/switch-in of units \u00b7 an Exit  oad of 1  is payable if Units are redeemed/ switched-out within 15 days from the date of allotment. \u00b7 No Exit  oad is payable if Units are redeemed/ switched-out on or after 15 days from the date of allotment For Product label and Riskometers, refer page no: 66-74 50 | January 2025 "
        },
        "main_scheme_name": "HDFC Gold ETF Fund of Fund",
        "metrics": {
            "alpha": null,
            "arithmetic_mean_ratio": null,
            "average_div_yld": null,
            "average_pb": null,
            "average_pe": null,
            "avg_maturity": null,
            "beta": null,
            "correlation_ratio": null,
            "downside_deviation": null,
            "information_ratio": null,
            "macaulay": null,
            "mod_duration": null,
            "port_turnover_ratio": null,
            "r_squared_ratio": null,
            "roe_ratio": null,
            "sharpe": null,
            "sortino_ratio": null,
            "std_dev": null,
            "tracking_error": null,
            "treynor_ratio": null,
            "upside_deviation": null,
            "ytm": null
        },
        "min_addl_amt": "",
        "min_addl_amt_multiple": "",
        "min_amt": "",
        "min_amt_multiple": "",
        "monthly_aaum_date": "30-04-2025",
        "monthly_aaum_value": "\u20b9 2,910.09",
        "mutual_fund_name": "HDFC Mutual Fund",
        "page_number": [
            49
        ],
        "scheme_launch_date": "November 01, 2011 "
    },
    "HDFC Silver ETF Fund of Fund": {
        "amc_name": "HDFC Asset Management Company Limited",
        "benchmark_index": "Domestic Prices of physical Silver (derived as per regulatory norms) ",
        "fund_manager": [
            {
                "managing_fund_since": "February 15, 2023",
                "name": "Nirman Morakhia",
                "qualification": "",
                "total_exp": "16 Years"
            },
            {
                "managing_fund_since": "February 15, 2023",
                "name": "Arun Agarwal",
                "qualification": "",
                "total_exp": "26 Years"
            }
        ],
        "load": {
            "entry_load": null,
            "exit_load": "In respect of each purchase/switch-in of units \u00b7 an Exit  oad of 1  is payable if Units are redeemed/ switched-out within 15 days from the date of allotment. \u00b7 No Exit  oad is payable if Units are redeemed/ switched-out on or after 15 days from the date of allotment. For Product label and Riskometers, refer page no: 66-74 51 | January 2025 "
        },
        "main_scheme_name": "HDFC Silver ETF Fund of Fund",
        "metrics": {
            "alpha": null,
            "arithmetic_mean_ratio": null,
            "average_div_yld": null,
            "average_pb": null,
            "average_pe": null,
            "avg_maturity": null,
            "beta": null,
            "correlation_ratio": null,
            "downside_deviation": null,
            "information_ratio": null,
            "macaulay": null,
            "mod_duration": null,
            "port_turnover_ratio": null,
            "r_squared_ratio": null,
            "roe_ratio": null,
            "sharpe": null,
            "sortino_ratio": null,
            "std_dev": null,
            "tracking_error": null,
            "treynor_ratio": null,
            "upside_deviation": null,
            "ytm": null
        },
        "min_addl_amt": "",
        "min_addl_amt_multiple": "",
        "min_amt": "",
        "min_amt_multiple": "",
        "monthly_aaum_date": "30-04-2025",
        "monthly_aaum_value": "\u20b9 198.27",
        "mutual_fund_name": "HDFC Mutual Fund",
        "page_number": [
            50
        ],
        "scheme_launch_date": "October 28, 2022 "
    },
    "HDFC Developed World Indexes Fund of Funds": {
        "amc_name": "HDFC Asset Management Company Limited",
        "benchmark_index": "MSCI World Index (Net Total Returns Index)  NIFTY 50 (Total Returns Index) ",
        "fund_manager": [
            {
                "managing_fund_since": "February 15, 2023",
                "name": "Nirman Morakhia",
                "qualification": "",
                "total_exp": "16 Years"
            },
            {
                "managing_fund_since": "February 01, 2022",
                "name": "Arun Agarwal",
                "qualification": "",
                "total_exp": "26 Years"
            }
        ],
        "load": {
            "entry_load": null,
            "exit_load": "\u00b7 1.    is payable if Units are redeemed/switched-out within 30 days from the date of allotment of units. \u00b7 No Exit  oad is payable if Units are redeemed/ switched-out after 30 days from the date of allotment. For Product label and Riskometers, refer page no: 66-74 52 | January 2025 "
        },
        "main_scheme_name": "HDFC Developed World Indexes Fund of Funds",
        "metrics": {
            "alpha": null,
            "arithmetic_mean_ratio": null,
            "average_div_yld": null,
            "average_pb": null,
            "average_pe": null,
            "avg_maturity": null,
            "beta": null,
            "correlation_ratio": null,
            "downside_deviation": null,
            "information_ratio": null,
            "macaulay": null,
            "mod_duration": null,
            "port_turnover_ratio": null,
            "r_squared_ratio": null,
            "roe_ratio": null,
            "sharpe": null,
            "sortino_ratio": null,
            "std_dev": null,
            "tracking_error": null,
            "treynor_ratio": null,
            "upside_deviation": null,
            "ytm": null
        },
        "min_addl_amt": "",
        "min_addl_amt_multiple": "",
        "min_amt": "",
        "min_amt_multiple": "",
        "monthly_aaum_date": "30-04-2025",
        "monthly_aaum_value": "\u20b9 1,293.42",
        "mutual_fund_name": "HDFC Mutual Fund",
        "page_number": [
            51
        ],
        "scheme_launch_date": "October 06, 2021 "
    }
}