{
    "Samco Active Momentum Fund": {
        "amc_name": "Samco Asset Management Private Limited",
        "benchmark_index": "Nifty 500 TRI",
        "fund_manager": [
            {
                "managing_fund_since": "Inception",
                "name": "Paras Matalia",
                "qualification": "Fund Manager  Head  Research Equity",
                "total_exp": "9 Years"
            },
            {
                "managing_fund_since": "August 01, 2023",
                "name": "Umeshkumar Mehta",
                "qualification": "Director, Cio  Fund Manager",
                "total_exp": "20 Years"
            }
        ],
        "load": {
            "entry_load": "NIL",
            "exit_load": "1.00 If the investment is redeemed or switched out on or before 365 days from the date of allotment of units. No Exit Load will be charged if investment is redeemed or switched out after 365 days from the date of allotment of units. (With effect from October 03, 2024)"
        },
        "main_scheme_name": "Samco Active Momentum Fund",
        "metrics": {
            "alpha": null,
            "arithmetic_mean_ratio": null,
            "average_div_yld": null,
            "average_pb": null,
            "average_pe": null,
            "avg_maturity": null,
            "beta": null,
            "correlation_ratio": null,
            "downside_deviation": null,
            "information_ratio": null,
            "macaulay": null,
            "mod_duration": null,
            "port_turnover_ratio": "6.07",
            "r_squared_ratio": null,
            "roe_ratio": null,
            "sharpe": null,
            "sortino_ratio": null,
            "std_dev": null,
            "tracking_error": null,
            "treynor_ratio": null,
            "upside_deviation": null,
            "ytm": null
        },
        "min_addl_amt": "\u20b9 500",
        "min_addl_amt_multiple": "\u20b9 1",
        "min_amt": "\u20b9 5000",
        "min_amt_multiple": "\u20b9 1",
        "monthly_aaum_date": "30-04-2025",
        "monthly_aaum_value": "\u20b9 905.80",
        "mutual_fund_name": "Samco Mutual Fund",
        "page_number": [
            3
        ],
        "scheme_launch_date": "05Jul2023"
    },
    "Samco Dynamic Asset Allocation Fund": {
        "amc_name": "Samco Asset Management Private Limited",
        "benchmark_index": "NIFTY50 Hybrid Composite Debt 50 50 Index",
        "fund_manager": [
            {
                "managing_fund_since": "Inception",
                "name": "Umeshkumar Mehta",
                "qualification": "Director, Cio  Fund Manager",
                "total_exp": "20 Years"
            },
            {
                "managing_fund_since": "Inception",
                "name": "Paras Matalia",
                "qualification": "Fund Manager  Head  Research Equity",
                "total_exp": "9 Years"
            }
        ],
        "load": {
            "entry_load": "NIL",
            "exit_load": "25 of the units allotted may be redeemed without any exit load, on or before completion of 12 months from the date of allotment of units. Any redemption in excess of such limit in the first 12 months from the date of allotment shall be subject to the following exit load  1 if redeemed or switched out on or before completion of 12 months from the date of allotment of units  Nil, if redeemed or switched out after completion of 12 months from the date of allotment of unit."
        },
        "main_scheme_name": "Samco Dynamic Asset Allocation Fund",
        "metrics": {
            "alpha": null,
            "arithmetic_mean_ratio": null,
            "average_div_yld": null,
            "average_pb": null,
            "average_pe": null,
            "avg_maturity": "1.12 years",
            "beta": null,
            "correlation_ratio": null,
            "downside_deviation": null,
            "information_ratio": null,
            "macaulay": "1.04 years",
            "mod_duration": "1.01 years",
            "port_turnover_ratio": "7.90",
            "r_squared_ratio": null,
            "roe_ratio": null,
            "sharpe": null,
            "sortino_ratio": null,
            "std_dev": null,
            "tracking_error": null,
            "treynor_ratio": null,
            "upside_deviation": null,
            "ytm": "6.52"
        },
        "min_addl_amt": "\u20b9 500",
        "min_addl_amt_multiple": "\u20b9 1",
        "min_amt": "\u20b9 5000",
        "min_amt_multiple": "\u20b9 1",
        "monthly_aaum_date": "30-04-2025",
        "monthly_aaum_value": "\u20b9 589.32",
        "mutual_fund_name": "Samco Mutual Fund",
        "page_number": [
            5
        ],
        "scheme_launch_date": "28Dec2023"
    },
    "Samco Flexi Cap Fund": {
        "amc_name": "Samco Asset Management Private Limited",
        "benchmark_index": "Nifty 500 TRI",
        "fund_manager": [
            {
                "managing_fund_since": "Inception",
                "name": "Nirali Bhansali",
                "qualification": "Fund Manager",
                "total_exp": "9 Years"
            },
            {
                "managing_fund_since": "August 01, 2023",
                "name": "Umeshkumar Mehta",
                "qualification": "Director, Cio  Fund Manager",
                "total_exp": "20 Years"
            }
        ],
        "load": {
            "entry_load": "NIL",
            "exit_load": "10 of the units allotted may be redeemed without any exit load, on or before completion of 12 months from the date of allotment of units. Any redemption in excess of such limit in the first 12 months from the date of allotment shall be subject to the following exit load  1 if redeemed or switched out on or before completion of 12 months from the date of allotment of units  Nil, if redeemed or switched out after completion of 12 months from the date of allotment of unit."
        },
        "main_scheme_name": "Samco Flexi Cap Fund",
        "metrics": {
            "alpha": null,
            "arithmetic_mean_ratio": null,
            "average_div_yld": null,
            "average_pb": null,
            "average_pe": null,
            "avg_maturity": null,
            "beta": null,
            "correlation_ratio": null,
            "downside_deviation": null,
            "information_ratio": null,
            "macaulay": null,
            "mod_duration": null,
            "port_turnover_ratio": "2.26",
            "r_squared_ratio": null,
            "roe_ratio": null,
            "sharpe": null,
            "sortino_ratio": null,
            "std_dev": null,
            "tracking_error": null,
            "treynor_ratio": null,
            "upside_deviation": null,
            "ytm": null
        },
        "min_addl_amt": "\u20b9 500",
        "min_addl_amt_multiple": "\u20b9 1",
        "min_amt": "\u20b9 5,000",
        "min_amt_multiple": "\u20b9 1",
        "monthly_aaum_date": "30-04-2025",
        "monthly_aaum_value": "\u20b9 551.44",
        "mutual_fund_name": "Samco Mutual Fund",
        "page_number": [
            7
        ],
        "scheme_launch_date": "04Feb2022"
    },
    "Samco Multi Cap Fund": {
        "amc_name": "Samco Asset Management Private Limited",
        "benchmark_index": "Nifty 500 Multicap 502525 Total Returns Index",
        "fund_manager": [
            {
                "managing_fund_since": "Inception",
                "name": "Umeshkumar Mehta",
                "qualification": "Director, Cio  Fund Manager",
                "total_exp": "20 Years"
            },
            {
                "managing_fund_since": "Inception",
                "name": "Paras Matalia",
                "qualification": "Fund Manager  Head  Research Equity",
                "total_exp": "9 Years"
            }
        ],
        "load": {
            "entry_load": "NIL",
            "exit_load": "10 of units can be redeemed without an exit load within 12 months of allotment. Any redemption in excess of such limit in the first 12 months will incur 1 exit load. No exit load, if redeemed or switched out after 12 months from the date of allotment of unit."
        },
        "main_scheme_name": "Samco Multi Cap Fund",
        "metrics": {
            "alpha": null,
            "arithmetic_mean_ratio": null,
            "average_div_yld": null,
            "average_pb": null,
            "average_pe": null,
            "avg_maturity": null,
            "beta": null,
            "correlation_ratio": null,
            "downside_deviation": null,
            "information_ratio": null,
            "macaulay": null,
            "mod_duration": null,
            "port_turnover_ratio": null,
            "r_squared_ratio": null,
            "roe_ratio": null,
            "sharpe": null,
            "sortino_ratio": null,
            "std_dev": null,
            "tracking_error": null,
            "treynor_ratio": null,
            "upside_deviation": null,
            "ytm": null
        },
        "min_addl_amt": "\u20b9 500",
        "min_addl_amt_multiple": "\u20b9 1",
        "min_amt": "\u20b9 5,000",
        "min_amt_multiple": "\u20b9 1",
        "monthly_aaum_date": "30-04-2025",
        "monthly_aaum_value": "\u20b9 347.37",
        "mutual_fund_name": "Samco Mutual Fund",
        "page_number": [
            9
        ],
        "scheme_launch_date": "30Oct2024"
    },
    "Samco Special Opportunities Fund": {
        "amc_name": "Samco Asset Management Private Limited",
        "benchmark_index": "Nifty 500 TRI",
        "fund_manager": [
            {
                "managing_fund_since": "Inception",
                "name": "Paras Matalia",
                "qualification": "Fund Manager  Head  Research Equity",
                "total_exp": "9 Years"
            },
            {
                "managing_fund_since": "Inception",
                "name": "Umeshkumar Mehta",
                "qualification": "Director, Cio  Fund Manager",
                "total_exp": "20 Years"
            }
        ],
        "load": {
            "entry_load": "NIL",
            "exit_load": "1.00 If the investment is redeemed or switched out on or before 365 days from the date of allotment of units. No Exit Load will be charged if investment is redeemed or switched out after 365 days from the date of allotment of units. (With effect from October 03, 2024)"
        },
        "main_scheme_name": "Samco Special Opportunities Fund",
        "metrics": {
            "alpha": null,
            "arithmetic_mean_ratio": null,
            "average_div_yld": null,
            "average_pb": null,
            "average_pe": null,
            "avg_maturity": null,
            "beta": null,
            "correlation_ratio": null,
            "downside_deviation": null,
            "information_ratio": null,
            "macaulay": null,
            "mod_duration": null,
            "port_turnover_ratio": null,
            "r_squared_ratio": null,
            "roe_ratio": null,
            "sharpe": null,
            "sortino_ratio": null,
            "std_dev": null,
            "tracking_error": null,
            "treynor_ratio": null,
            "upside_deviation": null,
            "ytm": null
        },
        "min_addl_amt": "\u20b9 500",
        "min_addl_amt_multiple": "\u20b9 1",
        "min_amt": "\u20b9 5000",
        "min_amt_multiple": "\u20b9 1",
        "monthly_aaum_date": "30-04-2025",
        "monthly_aaum_value": "\u20b9 179.52",
        "mutual_fund_name": "Samco Mutual Fund",
        "page_number": [
            11
        ],
        "scheme_launch_date": "06Jun2024"
    },
    "Samco ELSS Tax Saver Fund": {
        "amc_name": "Samco Asset Management Private Limited",
        "benchmark_index": "Nifty 500 TRI",
        "fund_manager": [
            {
                "managing_fund_since": "Inception",
                "name": "Nirali Bhansali Fund Manager",
                "qualification": "",
                "total_exp": "9 Years"
            },
            {
                "managing_fund_since": "August 01, 2023",
                "name": "Umeshkumar Mehta",
                "qualification": "Director, Cio  Fund Manager",
                "total_exp": "20 Years"
            }
        ],
        "load": {
            "entry_load": "NIL",
            "exit_load": "NIL"
        },
        "main_scheme_name": "Samco ELSS Tax Saver Fund",
        "metrics": {
            "alpha": null,
            "arithmetic_mean_ratio": null,
            "average_div_yld": null,
            "average_pb": null,
            "average_pe": null,
            "avg_maturity": null,
            "beta": null,
            "correlation_ratio": null,
            "downside_deviation": null,
            "information_ratio": null,
            "macaulay": null,
            "mod_duration": null,
            "port_turnover_ratio": "1.80",
            "r_squared_ratio": null,
            "roe_ratio": null,
            "sharpe": null,
            "sortino_ratio": null,
            "std_dev": null,
            "tracking_error": null,
            "treynor_ratio": null,
            "upside_deviation": null,
            "ytm": null
        },
        "min_addl_amt": "\u20b9 500",
        "min_addl_amt_multiple": "\u20b9 500",
        "min_amt": "\u20b9 500",
        "min_amt_multiple": "\u20b9 500",
        "monthly_aaum_date": "30-04-2025",
        "monthly_aaum_value": "\u20b9 115.04",
        "mutual_fund_name": "Samco Mutual Fund",
        "page_number": [
            13
        ],
        "scheme_launch_date": "22Dec2022"
    },
    "Samco Multi Asset Allocation Fund": {
        "amc_name": "Samco Asset Management Private Limited",
        "benchmark_index": "65 Nifty 50 TRI  20 CRISIL Short Term Bond Fund Index  10 Domestic Price of Gold and 5 Domestic Price of Silver",
        "fund_manager": [
            {
                "managing_fund_since": "Inception",
                "name": "Umeshkumar Mehta",
                "qualification": "Director, Cio  Fund Manager",
                "total_exp": "20 Years"
            },
            {
                "managing_fund_since": "Inception",
                "name": "Nirali Bhansali",
                "qualification": "Fund Manager",
                "total_exp": "9 Years"
            }
        ],
        "load": {
            "entry_load": "NIL",
            "exit_load": "10 of units can be redeemed without an exit load within 12 months of allotment. Any redemption in excess of such limit in the first 12 months will incur 1 exit load. No exit load, if redeemed or switched out after 12 months from the date of allotment of unit."
        },
        "main_scheme_name": "Samco Multi Asset Allocation Fund",
        "metrics": {
            "alpha": null,
            "arithmetic_mean_ratio": null,
            "average_div_yld": null,
            "average_pb": null,
            "average_pe": null,
            "avg_maturity": "1.14 years",
            "beta": null,
            "correlation_ratio": null,
            "downside_deviation": null,
            "information_ratio": null,
            "macaulay": "1.10 years",
            "mod_duration": "1.06 years",
            "port_turnover_ratio": null,
            "r_squared_ratio": null,
            "roe_ratio": null,
            "sharpe": null,
            "sortino_ratio": null,
            "std_dev": null,
            "tracking_error": null,
            "treynor_ratio": null,
            "upside_deviation": null,
            "ytm": "6.62"
        },
        "min_addl_amt": "\u20b9 500",
        "min_addl_amt_multiple": "\u20b9 1",
        "min_amt": "\u20b9 5,000",
        "min_amt_multiple": "\u20b9 1",
        "monthly_aaum_date": "30-04-2025",
        "monthly_aaum_value": "\u20b9 180.83",
        "mutual_fund_name": "Samco Mutual Fund",
        "page_number": [
            15
        ],
        "scheme_launch_date": "24Dec2024"
    },
    "Samco Overnight Fund": {
        "amc_name": "Samco Asset Management Private Limited",
        "benchmark_index": "CRISIL Liquid Overnight Index",
        "fund_manager": [
            {
                "managing_fund_since": "Inception",
                "name": "Dhawal Ghanshyam Dhanani",
                "qualification": "",
                "total_exp": "6 Years"
            },
            {
                "managing_fund_since": "April 03, 2024",
                "name": "Umeshkumar Mehta",
                "qualification": "Director, Cio  Fund Manager",
                "total_exp": "20 Years"
            }
        ],
        "load": {
            "entry_load": "NIL",
            "exit_load": "NIL"
        },
        "main_scheme_name": "Samco Overnight Fund",
        "metrics": {
            "alpha": null,
            "arithmetic_mean_ratio": null,
            "average_div_yld": null,
            "average_pb": null,
            "average_pe": null,
            "avg_maturity": "3 days",
            "beta": null,
            "correlation_ratio": null,
            "downside_deviation": null,
            "information_ratio": null,
            "macaulay": "3 days",
            "mod_duration": "3 days",
            "port_turnover_ratio": null,
            "r_squared_ratio": null,
            "roe_ratio": null,
            "sharpe": null,
            "sortino_ratio": null,
            "std_dev": null,
            "tracking_error": null,
            "treynor_ratio": null,
            "upside_deviation": null,
            "ytm": "6.45"
        },
        "min_addl_amt": "\u20b9 500",
        "min_addl_amt_multiple": "\u20b9 1",
        "min_amt": "\u20b9 5,000",
        "min_amt_multiple": "\u20b9 1",
        "monthly_aaum_date": "30-04-2025",
        "monthly_aaum_value": "\u20b9 49.28",
        "mutual_fund_name": "Samco Mutual Fund",
        "page_number": [
            17
        ],
        "scheme_launch_date": "12Oct2022"
    },
    "Samco Arbitrage Fund": {
        "amc_name": "Samco Asset Management Private Limited",
        "benchmark_index": "Nifty 50 Arbitrage TRI",
        "fund_manager": [
            {
                "managing_fund_since": "Inception",
                "name": "Umeshkumar Mehta",
                "qualification": "Director, Cio  Fund Manager",
                "total_exp": "20 Years"
            },
            {
                "managing_fund_since": "Inception",
                "name": "Paras Matalia",
                "qualification": "Fund Manager  Head  Research Equity",
                "total_exp": "9 Years"
            }
        ],
        "load": {
            "entry_load": "NIL",
            "exit_load": "0.25 If the investment is redeemed or switched out on or before 7 days from the date of allotment of units No Exit Load will be charged if investment is redeemed or switched out after 7 days from the date of allotment of units."
        },
        "main_scheme_name": "Samco Arbitrage Fund",
        "metrics": {
            "alpha": null,
            "arithmetic_mean_ratio": null,
            "average_div_yld": null,
            "average_pb": null,
            "average_pe": null,
            "avg_maturity": null,
            "beta": null,
            "correlation_ratio": null,
            "downside_deviation": null,
            "information_ratio": null,
            "macaulay": null,
            "mod_duration": null,
            "port_turnover_ratio": null,
            "r_squared_ratio": null,
            "roe_ratio": null,
            "sharpe": null,
            "sortino_ratio": null,
            "std_dev": null,
            "tracking_error": null,
            "treynor_ratio": null,
            "upside_deviation": null,
            "ytm": null
        },
        "min_addl_amt": "\u20b9 500",
        "min_addl_amt_multiple": "\u20b9 1",
        "min_amt": "\u20b9 5000",
        "min_amt_multiple": "\u20b9 1",
        "monthly_aaum_date": "30-04-2025",
        "monthly_aaum_value": "",
        "mutual_fund_name": "Samco Mutual Fund",
        "page_number": [
            18
        ],
        "scheme_launch_date": "27Nov2024"
    }
}