{
    "HSBC Large Cap Fund": {
        "amc_name": "HSBC Asset Management (India) Private Limited",
        "benchmark_index": "10-Dec-02 Benchmark Nifty 100 TRI6",
        "fund_manager": [
            {
                "managing_fund_since": "May 27, 2013",
                "name": "Neelotpal Sahai",
                "qualification": "Equity",
                "total_exp": "30 Years"
            },
            {
                "managing_fund_since": "June 01, 2023",
                "name": "Gautam Bhupal",
                "qualification": "Equity",
                "total_exp": "20 Years"
            },
            {
                "managing_fund_since": "Dec, 2023",
                "name": "Sonal Gupta",
                "qualification": "Overseas Investments",
                "total_exp": "20 Years"
            }
        ],
        "load": {
            "entry_load": "NA",
            "exit_load": "If the units redeemed or switched out are upto 10 of the units purchased or switched in (the limit) within 1 year from the date of allotment - Nil  If units redeemed or switched out are over and above the limit within 1 year from the date of allot- ment - 1  If units are redeemed or switched out on or after 1 year from the date of allotment - Nil"
        },
        "main_scheme_name": "HSBC Large Cap Fund",
        "metrics": {
            "alpha": null,
            "arithmetic_mean_ratio": null,
            "average_div_yld": null,
            "average_pb": null,
            "average_pe": null,
            "avg_maturity": null,
            "beta": "0.93",
            "correlation_ratio": null,
            "downside_deviation": null,
            "information_ratio": null,
            "macaulay": null,
            "mod_duration": null,
            "port_turnover_ratio": "0.48",
            "r2": "0.92",
            "r_squared_ratio": null,
            "roe_ratio": null,
            "sharpe": null,
            "sortino_ratio": null,
            "std_dev": "13.38",
            "tracking_error": null,
            "treynor_ratio": null,
            "upside_deviation": null,
            "ytm": null
        },
        "min_addl_amt": "\u20b9 1,000",
        "min_addl_amt_multiple": "",
        "min_amt": "\u20b9 5,000",
        "min_amt_multiple": "",
        "monthly_aaum_date": "30-04-2025",
        "monthly_aaum_value": "\u20b9 1848.94 Cr",
        "mutual_fund_name": "HSBC Mutual Fund",
        "page_number": [
            10
        ],
        "scheme_launch_date": "10-Dec-02 Benchmark Nifty 100 TRI6"
    },
    "HSBC Large and Mid Cap Fund": {
        "amc_name": "HSBC Asset Management (India) Private Limited",
        "benchmark_index": "28-Mar-19 NIFTY Large Midcap Benchmark 6 250 TRI",
        "fund_manager": [
            {
                "managing_fund_since": "Nov 26, 2022",
                "name": "Cheenu Gupta",
                "qualification": "Equity",
                "total_exp": "18 Years"
            },
            {
                "managing_fund_since": "Apr 1, 2024",
                "name": "Abhishek Gupta",
                "qualification": "Equity",
                "total_exp": "19 Years"
            },
            {
                "managing_fund_since": "Dec, 2023",
                "name": "Sonal Gupta",
                "qualification": "Overseas Investments",
                "total_exp": "20 Years"
            }
        ],
        "load": {
            "entry_load": "NA",
            "exit_load": "If the units redeemed or switched out are upto 10 of the units purchased or switched in (the limit) with- in 1 year from the date of allotment - Nil If units redeemed or switched out are over and above the limit within 1 year from the date of allotment - 1 If units are redeemed or switched out on or after 1 year from the date of allotment - Nil"
        },
        "main_scheme_name": "HSBC Large and Mid Cap Fund",
        "metrics": {
            "alpha": null,
            "arithmetic_mean_ratio": null,
            "average_div_yld": null,
            "average_pb": null,
            "average_pe": null,
            "avg_maturity": null,
            "beta": "0.94",
            "correlation_ratio": null,
            "downside_deviation": null,
            "information_ratio": null,
            "macaulay": null,
            "mod_duration": null,
            "port_turnover_ratio": "0.79",
            "r2": "0.78",
            "r_squared_ratio": null,
            "roe_ratio": null,
            "sharpe": null,
            "sortino_ratio": null,
            "std_dev": "15.73",
            "tracking_error": null,
            "treynor_ratio": null,
            "upside_deviation": null,
            "ytm": null
        },
        "min_addl_amt": "\u20b9 1,000",
        "min_addl_amt_multiple": "",
        "min_amt": "\u20b9 5,000",
        "min_amt_multiple": "",
        "monthly_aaum_date": "30-04-2025",
        "monthly_aaum_value": "\u20b9 4056.39 Cr",
        "mutual_fund_name": "HSBC Mutual Fund",
        "page_number": [
            11
        ],
        "scheme_launch_date": "28-Mar-19 NIFTY Large Midcap Benchmark 6 250 TRI"
    },
    "HSBC Midcap Fund": {
        "amc_name": "HSBC Asset Management (India) Private Limited",
        "benchmark_index": "09-Aug-04 Benchmark NIFTY Midcap 150 TRI",
        "fund_manager": [
            {
                "managing_fund_since": "Nov 26 2022",
                "name": "Cheenu Gupta",
                "qualification": "Equity",
                "total_exp": "18 Years"
            },
            {
                "managing_fund_since": "Oct 01 2023",
                "name": "Venugopal  Manghat",
                "qualification": "Equity",
                "total_exp": "28 Years"
            },
            {
                "managing_fund_since": "Nov 26 2022",
                "name": "Sonal Gupta",
                "qualification": "Overseas Investments",
                "total_exp": "20 Years"
            }
        ],
        "load": {
            "entry_load": "NA",
            "exit_load": "If the units redeemed or switched out are upto 10 of the units purchased or switched in (the limit) within 1 year from the date of allotment - Nil  If units redeemed or switched out are over and above the limit within 1 year from the date of allot- ment - 1  If units are redeemed or switched out on or after 1 year from the date of allotment - Nil"
        },
        "main_scheme_name": "HSBC Midcap Fund",
        "metrics": {
            "alpha": null,
            "arithmetic_mean_ratio": null,
            "average_div_yld": null,
            "average_pb": null,
            "average_pe": null,
            "avg_maturity": null,
            "beta": "0.87",
            "correlation_ratio": null,
            "downside_deviation": null,
            "information_ratio": null,
            "macaulay": null,
            "mod_duration": null,
            "port_turnover_ratio": "0.98",
            "r2": "0.83",
            "r_squared_ratio": null,
            "roe_ratio": null,
            "sharpe": null,
            "sortino_ratio": null,
            "std_dev": "15.88",
            "tracking_error": null,
            "treynor_ratio": null,
            "upside_deviation": null,
            "ytm": null
        },
        "min_addl_amt": "\u20b9 1,000",
        "min_addl_amt_multiple": "",
        "min_amt": "\u20b9 5,000",
        "min_amt_multiple": "",
        "monthly_aaum_date": "30-04-2025",
        "monthly_aaum_value": "\u20b9 11407.69 Cr",
        "mutual_fund_name": "HSBC Mutual Fund",
        "page_number": [
            12
        ],
        "scheme_launch_date": "09-Aug-04 Benchmark NIFTY Midcap 150 TRI"
    },
    "HSBC Flexi Cap Fund": {
        "amc_name": "HSBC Asset Management (India) Private Limited",
        "benchmark_index": "24-Feb-04 Benchmark NIFTY 500 TRI6",
        "fund_manager": [
            {
                "managing_fund_since": "Mar, 01  2024",
                "name": "Abhishek Gupta",
                "qualification": "Equity",
                "total_exp": "19 Years"
            },
            {
                "managing_fund_since": "Apr, 01 2024",
                "name": "Venugopal Manghat",
                "qualification": "Equity",
                "total_exp": "28 Years"
            },
            {
                "managing_fund_since": "Dec, 2023",
                "name": "Sonal Gupta",
                "qualification": "Overseas Investments",
                "total_exp": "20 Years"
            }
        ],
        "load": {
            "entry_load": "NA",
            "exit_load": "If the units redeemed or switched out are upto 10 of the units purchased or switched in (the limit) within 1 year from the date of allotment - Nil If units redeemed or switched out are over and above the limit within 1 year from the date of allotment - 1 If units are redeemed or switched out on or after 1 year from the date of allotment - Nil"
        },
        "main_scheme_name": "HSBC Flexi Cap Fund",
        "metrics": {
            "alpha": null,
            "arithmetic_mean_ratio": null,
            "average_div_yld": null,
            "average_pb": null,
            "average_pe": null,
            "avg_maturity": null,
            "beta": "0.90",
            "correlation_ratio": null,
            "downside_deviation": null,
            "information_ratio": null,
            "macaulay": null,
            "mod_duration": null,
            "port_turnover_ratio": "0.57",
            "r2": "0.91",
            "r_squared_ratio": null,
            "roe_ratio": null,
            "sharpe": null,
            "sortino_ratio": null,
            "std_dev": "13.38",
            "tracking_error": null,
            "treynor_ratio": null,
            "upside_deviation": null,
            "ytm": null
        },
        "min_addl_amt": "\u20b9 1,000",
        "min_addl_amt_multiple": "",
        "min_amt": "\u20b9 5,000",
        "min_amt_multiple": "",
        "monthly_aaum_date": "30-04-2025",
        "monthly_aaum_value": "\u20b9 4821.17 Cr",
        "mutual_fund_name": "HSBC Mutual Fund",
        "page_number": [
            13
        ],
        "scheme_launch_date": "24-Feb-04 Benchmark NIFTY 500 TRI6"
    },
    "HSBC Multi Cap Fund": {
        "amc_name": "HSBC Asset Management (India) Private Limited",
        "benchmark_index": "30-Jan-23 NIFTY 500 Multicap Benchmark 4 502525 TRI",
        "fund_manager": [
            {
                "managing_fund_since": "Jan 30, 2023",
                "name": "Venugopal Manghat",
                "qualification": "Equity",
                "total_exp": "28 Years"
            },
            {
                "managing_fund_since": "Apr 01, 2024",
                "name": "Gautam Bhupal",
                "qualification": "Equity",
                "total_exp": "20 Years"
            },
            {
                "managing_fund_since": "Feb 1, 2025",
                "name": "Mahesh Chhabria",
                "qualification": "Fixed Income",
                "total_exp": "14.5 Years"
            },
            {
                "managing_fund_since": "Jan 30, 2023",
                "name": "Sonal Gupta",
                "qualification": "Overseas Investments",
                "total_exp": "20 Years"
            }
        ],
        "load": {
            "entry_load": "NA",
            "exit_load": "If units redeemed or switched out are upto 10 of the units purchased or switched in within 1 year from the date of allotment  Nil If units redeemed or switched out are over and above the limit within 1 year from the date of allotment  1 If units are redeemed or switched out on or after 1 year from the date of allotment.  Nil Month End Total Expenses Ratios (Annualized) 2 Regular3 1.87 Direct 0.60 Portfolio Turnover 0.28 1in multiples of Re 1 thereafter. 2TERAnnualized TER including GST on Investment Management Fees 3Continuing plans 4As per clause 1.9 of the SEBI Master Circular for Mutual Funds no. SEBIHOIMDIMD-PoD-1PCIR202490 dated June 27, 2024, on Guiding Principles for bringing uniformity in Benchmarks of Mutual Fund Schemes has introduced two-tiered structure for benchmarking of certain categories of schemes. Accordingly, the benchmark has been classified as Tier 1 benchmark. Furthermore , the same is effective from 01 December 2021. Note - Criteria for Large, Mid  Small companies - SEBI has demarcated the definitions of large cap, mid cap and small cap companies as given below. Large Cap 1st -100th company in terms of full market capitalization, Mid Cap 101st -250th company in terms of full market capitalization, Small Cap 251st company onwards in terms of full market capitalization of large midsmall cap companies. A list of stocks as per above criteria will be uploaded on AMFI website and updated every six months by AMFI. derate Moderat Mo Hig ely Risk h Risk to e Hi ow erat Ris gh L od isk k M R V er ow sk Ris yH L Ri k ig h The risk of the scheme is Very High Risk r"
        },
        "main_scheme_name": "HSBC Multi Cap Fund",
        "metrics": {
            "alpha": null,
            "arithmetic_mean_ratio": null,
            "average_div_yld": null,
            "average_pb": null,
            "average_pe": null,
            "avg_maturity": null,
            "beta": null,
            "correlation_ratio": null,
            "downside_deviation": null,
            "information_ratio": null,
            "macaulay": null,
            "mod_duration": null,
            "port_turnover_ratio": "0.28",
            "r_squared_ratio": null,
            "roe_ratio": null,
            "sharpe": null,
            "sortino_ratio": null,
            "std_dev": null,
            "tracking_error": null,
            "treynor_ratio": null,
            "upside_deviation": null,
            "ytm": null
        },
        "min_addl_amt": "\u20b9 1,000",
        "min_addl_amt_multiple": "",
        "min_amt": "\u20b9 5,000",
        "min_amt_multiple": "",
        "monthly_aaum_date": "30-04-2025",
        "monthly_aaum_value": "\u20b9 4335.94 Cr",
        "mutual_fund_name": "HSBC Mutual Fund",
        "page_number": [
            14
        ],
        "scheme_launch_date": "30-Jan-23 NIFTY 500 Multicap Benchmark 4 502525 TRI"
    },
    "HSBC Small Cap Fund": {
        "amc_name": "HSBC Asset Management (India) Private Limited",
        "benchmark_index": "12-May-14 NIFTY Small Cap Benchmark 6 250 TRI",
        "fund_manager": [
            {
                "managing_fund_since": "Dec 17, 2019",
                "name": "Venugopal Manghat",
                "qualification": "Equity",
                "total_exp": "28 Years"
            },
            {
                "managing_fund_since": "Oct 01, 2023",
                "name": "Cheenu Gupta",
                "qualification": "Equity",
                "total_exp": "18 Years"
            },
            {
                "managing_fund_since": "July 05, 2021",
                "name": "Sonal Gupta",
                "qualification": "Overseas Investments",
                "total_exp": "20 Years"
            }
        ],
        "load": {
            "entry_load": "NA",
            "exit_load": "If the units redeemed or switched out are upto 10 of the units purchased or switched in (the limit) within 1 year from the date of allotment - Nil  If units redeemed or switched out are over and above the limit within 1 year from the date of allot- ment - 1  If units are redeemed or switched out on or after 1 year from the date of allotment - Nil"
        },
        "main_scheme_name": "HSBC Small Cap Fund",
        "metrics": {
            "alpha": null,
            "arithmetic_mean_ratio": null,
            "average_div_yld": null,
            "average_pb": null,
            "average_pe": null,
            "avg_maturity": null,
            "beta": "0.80",
            "correlation_ratio": null,
            "downside_deviation": null,
            "information_ratio": null,
            "macaulay": null,
            "mod_duration": null,
            "port_turnover_ratio": "0.30",
            "r2": "0.92",
            "r_squared_ratio": null,
            "roe_ratio": null,
            "sharpe": null,
            "sortino_ratio": null,
            "std_dev": "16.70",
            "tracking_error": null,
            "treynor_ratio": null,
            "upside_deviation": null,
            "ytm": null
        },
        "min_addl_amt": "\u20b9 1,000",
        "min_addl_amt_multiple": "",
        "min_amt": "\u20b9 5,000",
        "min_amt_multiple": "",
        "monthly_aaum_date": "30-04-2025",
        "monthly_aaum_value": "\u20b9 16285.21 Cr",
        "mutual_fund_name": "HSBC Mutual Fund",
        "page_number": [
            15
        ],
        "scheme_launch_date": "12-May-14 NIFTY Small Cap Benchmark 6 250 TRI"
    },
    "HSBC Focused Fund": {
        "amc_name": "HSBC Asset Management (India) Private Limited",
        "benchmark_index": "22-July-2020 Benchmark Nifty 500 TRI4",
        "fund_manager": [
            {
                "managing_fund_since": "Jul 29, 2020",
                "name": "Neelotpal Sahai",
                "qualification": "Equity",
                "total_exp": "30 Years"
            },
            {
                "managing_fund_since": "Jun 01, 2023",
                "name": "Cheenu Gupta",
                "qualification": "Equity",
                "total_exp": "18 Years"
            },
            {
                "managing_fund_since": "Dec, 2023",
                "name": "Sonal Gupta",
                "qualification": "Overseas Investments",
                "total_exp": "20 Years"
            }
        ],
        "load": {
            "entry_load": "NA",
            "exit_load": "If the units redeemed or switched out are upto 10 of the units purchased or switched in (the limit) within 1 year from the date of allotment - Nil If units redeemed or switched out are over and above the limit within 1 year from the date of allotment - 1 If units are redeemed or switched out on or after 1 year from the date of allotment - Nil"
        },
        "main_scheme_name": "HSBC Focused Fund",
        "metrics": {
            "alpha": null,
            "arithmetic_mean_ratio": null,
            "average_div_yld": null,
            "average_pb": null,
            "average_pe": null,
            "avg_maturity": null,
            "beta": "0.91",
            "correlation_ratio": null,
            "downside_deviation": null,
            "information_ratio": null,
            "macaulay": null,
            "mod_duration": null,
            "port_turnover_ratio": "0.49",
            "r2": "0.85",
            "r_squared_ratio": null,
            "roe_ratio": null,
            "sharpe": null,
            "sortino_ratio": null,
            "std_dev": "13.97",
            "tracking_error": null,
            "treynor_ratio": null,
            "upside_deviation": null,
            "ytm": null
        },
        "min_addl_amt": "\u20b9 1,000",
        "min_addl_amt_multiple": "",
        "min_amt": "\u20b9 5,000",
        "min_amt_multiple": "",
        "monthly_aaum_date": "30-04-2025",
        "monthly_aaum_value": "\u20b9 1692.89 Cr",
        "mutual_fund_name": "HSBC Mutual Fund",
        "page_number": [
            16
        ],
        "scheme_launch_date": "22-July-2020 Benchmark Nifty 500 TRI4"
    },
    "HSBC Infrastructure Fund": {
        "amc_name": "HSBC Asset Management (India) Private Limited",
        "benchmark_index": "27-Sep-07 NIFTY Infrastructure Benchmark 6 TRI",
        "fund_manager": [
            {
                "managing_fund_since": "Dec 17, 2019",
                "name": "Venugopal Manghat",
                "qualification": "Equity",
                "total_exp": "28 Years"
            },
            {
                "managing_fund_since": "Nov 26, 2022",
                "name": "Gautam Bhupal",
                "qualification": "Equity",
                "total_exp": "20 Years"
            },
            {
                "managing_fund_since": "Nov 26, 2022",
                "name": "Sonal Gupta",
                "qualification": "Overseas Investment",
                "total_exp": "20 Years"
            }
        ],
        "load": {
            "entry_load": "NA",
            "exit_load": "If the units redeemed or switched out are upto 10 of the units purchased or switched in (the limit) within 1 year from the date of allotment - Nil  If units redeemed or switched out are over and above the limit within 1 year from the date of allot- ment - 1  If units are redeemed or switched out on or after 1 year from the date of allotment - Nil"
        },
        "main_scheme_name": "HSBC Infrastructure Fund",
        "metrics": {
            "alpha": null,
            "arithmetic_mean_ratio": null,
            "average_div_yld": null,
            "average_pb": null,
            "average_pe": null,
            "avg_maturity": null,
            "beta": "0.83",
            "correlation_ratio": null,
            "downside_deviation": null,
            "information_ratio": null,
            "macaulay": null,
            "mod_duration": null,
            "port_turnover_ratio": "0.25",
            "r2": "0.66",
            "r_squared_ratio": null,
            "roe_ratio": null,
            "sharpe": null,
            "sortino_ratio": null,
            "std_dev": "16.21",
            "tracking_error": null,
            "treynor_ratio": null,
            "upside_deviation": null,
            "ytm": null
        },
        "min_addl_amt": "\u20b9 1,000",
        "min_addl_amt_multiple": "",
        "min_amt": "\u20b9 5,000",
        "min_amt_multiple": "",
        "monthly_aaum_date": "30-04-2025",
        "monthly_aaum_value": "\u20b9 2371.99 Cr",
        "mutual_fund_name": "HSBC Mutual Fund",
        "page_number": [
            17
        ],
        "scheme_launch_date": "27-Sep-07 NIFTY Infrastructure Benchmark 6 TRI"
    },
    "HSBC Value Fund": {
        "amc_name": "HSBC Asset Management (India) Private Limited",
        "benchmark_index": "08-Jan-10 Benchmark Nifty 500 TRI6",
        "fund_manager": [
            {
                "managing_fund_since": "Oct 01, 2023",
                "name": "Gautam Bhupal",
                "qualification": "Equity",
                "total_exp": "20 Years"
            },
            {
                "managing_fund_since": "Jul 05, 2021",
                "name": "Sonal Gupta",
                "qualification": "Overseas Investments",
                "total_exp": "20 Years"
            }
        ],
        "load": {
            "entry_load": "NA",
            "exit_load": "If the units redeemed or switched out are upto 10 of the units purchased or switched in (the limit) within 1 year from the date of allotment - Nil If units redeemed or switched out are over and above the limit within 1 year from the date of allotment - 1 If units are redeemed or switched out on or after 1 year from the date of allotment - Nil"
        },
        "main_scheme_name": "HSBC Value Fund",
        "metrics": {
            "alpha": null,
            "arithmetic_mean_ratio": null,
            "average_div_yld": null,
            "average_pb": null,
            "average_pe": null,
            "avg_maturity": null,
            "beta": "0.95",
            "correlation_ratio": null,
            "downside_deviation": null,
            "information_ratio": null,
            "macaulay": null,
            "mod_duration": null,
            "port_turnover_ratio": "0.24",
            "r2": "0.88",
            "r_squared_ratio": null,
            "roe_ratio": null,
            "sharpe": null,
            "sortino_ratio": null,
            "std_dev": "14.33",
            "tracking_error": null,
            "treynor_ratio": null,
            "upside_deviation": null,
            "ytm": null
        },
        "min_addl_amt": "\u20b9 1,000",
        "min_addl_amt_multiple": "",
        "min_amt": "\u20b9 5,000",
        "min_amt_multiple": "",
        "monthly_aaum_date": "30-04-2025",
        "monthly_aaum_value": "\u20b9 13009.25 Cr",
        "mutual_fund_name": "HSBC Mutual Fund",
        "page_number": [
            18
        ],
        "scheme_launch_date": "08-Jan-10 Benchmark Nifty 500 TRI6"
    },
    "HSBC Business Cycles Fund": {
        "amc_name": "HSBC Asset Management (India) Private Limited",
        "benchmark_index": "20-Aug-14 Benchmark Nifty 500 TRI6",
        "fund_manager": [
            {
                "managing_fund_since": "Jun 01 2023",
                "name": "Gautam Bhupal",
                "qualification": "Equity",
                "total_exp": "20 Years"
            },
            {
                "managing_fund_since": "Aug 20 2014",
                "name": "Venugopal Manghat",
                "qualification": "Equity",
                "total_exp": "28 Years"
            },
            {
                "managing_fund_since": "Jul 05 2021",
                "name": "Sonal Gupta",
                "qualification": "Overseas Investments",
                "total_exp": "20 Years"
            }
        ],
        "load": {
            "entry_load": "NA",
            "exit_load": "If the units redeemed or switched out are upto 10 of the units purchased or switched in (the limit) within 1 year from the date of allotment - Nil  If units redeemed or switched out are over and above the limit within 1 year from the date of allot- ment - 1  If units are redeemed or switched out on or after 1 year from the date of allotment - Nil"
        },
        "main_scheme_name": "HSBC Business Cycles Fund",
        "metrics": {
            "alpha": null,
            "arithmetic_mean_ratio": null,
            "average_div_yld": null,
            "average_pb": null,
            "average_pe": null,
            "avg_maturity": null,
            "beta": "0.98",
            "correlation_ratio": null,
            "downside_deviation": null,
            "information_ratio": null,
            "macaulay": null,
            "mod_duration": null,
            "port_turnover_ratio": "0.21",
            "r2": "0.80",
            "r_squared_ratio": null,
            "roe_ratio": null,
            "sharpe": null,
            "sortino_ratio": null,
            "std_dev": "15.53",
            "tracking_error": null,
            "treynor_ratio": null,
            "upside_deviation": null,
            "ytm": null
        },
        "min_addl_amt": "\u20b9 1,000",
        "min_addl_amt_multiple": "",
        "min_amt": "\u20b9 5,000",
        "min_amt_multiple": "",
        "monthly_aaum_date": "30-04-2025",
        "monthly_aaum_value": "\u20b9 982.09 Cr",
        "mutual_fund_name": "HSBC Mutual Fund",
        "page_number": [
            19
        ],
        "scheme_launch_date": "20-Aug-14 Benchmark Nifty 500 TRI6"
    },
    "HSBC Consumption Fund": {
        "amc_name": "HSBC Asset Management (India) Private Limited",
        "benchmark_index": "31-Aug-23 Nifty India Benchmark Consumption Index TRI4",
        "fund_manager": [
            {
                "managing_fund_since": "Aug 31, 2023",
                "name": "Gautam Bhupal",
                "qualification": "Equity",
                "total_exp": "20 Years"
            },
            {
                "managing_fund_since": "Oct 01, 2023",
                "name": "Anish Goenka",
                "qualification": "Equity",
                "total_exp": "12 Years"
            },
            {
                "managing_fund_since": "Aug 31, 2023",
                "name": "Sonal Gupta",
                "qualification": "Overseas Investments",
                "total_exp": "20 Years"
            }
        ],
        "load": {
            "entry_load": "NA",
            "exit_load": "If units redeemed or switched out are upto 10 of the units purchased or switched in within 1 year from the date of allotment  Nil If units redeemed or switched out are over and above the limit within 1 year from the date of allotment  1 If units are redeemed or switched out on or after 1 year from the date of allotment  Nil Month End Total Expenses Ratios (Annualized) 2 Regular3 2.11 Direct 0.74 Portfolio Turnover 0.06 1in multiples of Re 1 thereafter. 2TERAnnualized TER including GST on Investment Management Fees 3Continuing plans 4As per clause 1.9 of the SEBI Master Circular for Mutual Funds no. SEBIHOIMDIMD-PoD-1PCIR202490 dated June 27, 2024, on Guiding Principles for bringing uniformity in Benchmarks of Mutual Fund Schemes has introduced two-tiered structure for benchmarking of certain categories of schemes. Accordingly, the benchmark has been classified as Tier 1 benchmark. Furthermore , the same is effective from 01 December 2021. derate Moderat Mo Hig ely Risk hRisk to te Hi owera Ris gh L od isk k M R V er ow sk Ris yH L Ri k ig h The risk of the scheme is Very High Risk r"
        },
        "main_scheme_name": "HSBC Consumption Fund",
        "metrics": {
            "alpha": null,
            "arithmetic_mean_ratio": null,
            "average_div_yld": null,
            "average_pb": null,
            "average_pe": null,
            "avg_maturity": null,
            "beta": null,
            "correlation_ratio": null,
            "downside_deviation": null,
            "information_ratio": null,
            "macaulay": null,
            "mod_duration": null,
            "port_turnover_ratio": "0.06",
            "r_squared_ratio": null,
            "roe_ratio": null,
            "sharpe": null,
            "sortino_ratio": null,
            "std_dev": null,
            "tracking_error": null,
            "treynor_ratio": null,
            "upside_deviation": null,
            "ytm": null
        },
        "min_addl_amt": "\u20b9 1,000",
        "min_addl_amt_multiple": "",
        "min_amt": "\u20b9 5,000",
        "min_amt_multiple": "",
        "monthly_aaum_date": "30-04-2025",
        "monthly_aaum_value": "\u20b9 1531.44 Cr",
        "mutual_fund_name": "HSBC Mutual Fund",
        "page_number": [
            20
        ],
        "scheme_launch_date": "31-Aug-23 Nifty India Benchmark Consumption Index TRI4"
    },
    "HSBC India Export Opportunities Fund": {
        "amc_name": "HSBC Asset Management (India) Private Limited",
        "benchmark_index": "25-Sep-24 Benchmark Nifty 500 TRI4",
        "fund_manager": [
            {
                "managing_fund_since": "Sep 30, 2024",
                "name": "Abhishek Gupta",
                "qualification": "Equity",
                "total_exp": "19 Years"
            },
            {
                "managing_fund_since": "Oct 01, 2024",
                "name": "Mr. Siddharth Vora",
                "qualification": "Equity",
                "total_exp": "12 Years"
            },
            {
                "managing_fund_since": "Sep 30, 2024",
                "name": "Sonal Gupta",
                "qualification": "Overseas Investments",
                "total_exp": "20 Years"
            }
        ],
        "load": {
            "entry_load": "NA",
            "exit_load": "If the units redeemed or switched out are upto 10 of the units purchased or switched in (the limit) within 1 year from the date of allotment  Nil. If units redeemed or switched out are over and above the limit within 1 year from the date of allotment  1. If units are redeemed or switched out on or after 1 year from the date of allotment  Nil. Month End Total Expenses Ratios (Annualized) 2 Regular3 2.07 Direct 0.65 Portfolio Turnover 0.01 1in multiples of Re 1 thereafter. 2TERAnnualized TER including GST on Investment Management Fees 3Continuing plans 4As per clause 1.9 of the SEBI Master Circular for Mutual Funds no. SEBIHOIMDIMD-PoD-1PCIR202490 dated June 27, 2024, on Guiding Principles for bringing uniformity in Benchmarks of Mutual Fund Schemes has introduced two-tiered structure for benchmarking of certain categories of schemes. Accordingly, the benchmark has been classified as Tier 1 benchmark. Furthermore , the same is effective from 01 December 2021. derate Moderat Mo Hig ely Risk hRisk to te Hi owera Ris gh L od isk k M R V er ow sk Ris yH L Ri k ig h The risk of the scheme is Very High Risk r"
        },
        "main_scheme_name": "HSBC India Export Opportunities Fund",
        "metrics": {
            "alpha": null,
            "arithmetic_mean_ratio": null,
            "average_div_yld": null,
            "average_pb": null,
            "average_pe": null,
            "avg_maturity": null,
            "beta": null,
            "correlation_ratio": null,
            "downside_deviation": null,
            "information_ratio": null,
            "macaulay": null,
            "mod_duration": null,
            "port_turnover_ratio": "0.01",
            "r_squared_ratio": null,
            "roe_ratio": null,
            "sharpe": null,
            "sortino_ratio": null,
            "std_dev": null,
            "tracking_error": null,
            "treynor_ratio": null,
            "upside_deviation": null,
            "ytm": null
        },
        "min_addl_amt": "\u20b9 1,000",
        "min_addl_amt_multiple": "",
        "min_amt": "\u20b9 5,000",
        "min_amt_multiple": "",
        "monthly_aaum_date": "30-04-2025",
        "monthly_aaum_value": "\u20b9 1791.89 Cr",
        "mutual_fund_name": "HSBC Mutual Fund",
        "page_number": [
            21
        ],
        "scheme_launch_date": "25-Sep-24 Benchmark Nifty 500 TRI4"
    },
    "HSBC Nifty 50 Index Fund": {
        "amc_name": "HSBC Asset Management (India) Private Limited",
        "benchmark_index": "15-Apr-20 Benchmark Nifty 50 TRI4",
        "fund_manager": [
            {
                "managing_fund_since": "Apr 15, 2020",
                "name": "Praveen Ayathan",
                "qualification": "Equity",
                "total_exp": "32 Years"
            },
            {
                "managing_fund_since": "Oct 01, 2023",
                "name": "Rajeesh Nair",
                "qualification": "Equity",
                "total_exp": "13 Years"
            }
        ],
        "load": {
            "entry_load": "NA",
            "exit_load": "If the units redeemed or switched out are upto 10 of the units purchased or switched in (the limit) within 1 Month from the date of allotment - Nil  If units redeemed or switched out are over and above the limit within 1 Month from the date of allotment - 1  If units are redeemed or switched out on or after 1 Month from the date of allotment - Nil Month End Total Expenses Ratios (Annualized) 2 Regular5 0.45 Direct 0.20 Portfolio Turnover 0.07 Tracking Difference Regular -0.84 Direct -0.43 Tracking Error Regular 0.07 Direct 0.06 1in multiples of Re 1 thereafter. 2TERAnnualized TER including GST on Investment Management Fees 3Continuing plans 4As per clause 1.9 of the SEBI Master Circular for Mutual Funds no. SEBIHOIMDIMD-PoD-1PCIR202490 dated June 27, 2024, on Guiding Principles for bringing uniformity in Benchmarks of Mutual Fund Schemes has introduced two-tiered structure for benchmarking of certain categories of schemes. Accordingly, the benchmark has been classified as Tier 1 benchmark. Furthermore , the same is effective from 01 December 2021. derate Moderat Mo Hig ely Risk hRisk to te Hi owera Ris gh L od isk k M R V er ow sk Ris yH L Ri k ig h The risk of the scheme is Very High Risk r"
        },
        "main_scheme_name": "HSBC Nifty 50 Index Fund",
        "metrics": {
            "alpha": null,
            "arithmetic_mean_ratio": null,
            "average_div_yld": null,
            "average_pb": null,
            "average_pe": null,
            "avg_maturity": null,
            "beta": null,
            "correlation_ratio": null,
            "downside_deviation": null,
            "information_ratio": null,
            "macaulay": null,
            "mod_duration": null,
            "port_turnover_ratio": "0.07",
            "r_squared_ratio": null,
            "roe_ratio": null,
            "sharpe": null,
            "sortino_ratio": null,
            "std_dev": null,
            "tracking_error": null,
            "treynor_ratio": null,
            "upside_deviation": null,
            "ytm": null
        },
        "min_addl_amt": "\u20b9 1,000",
        "min_addl_amt_multiple": "",
        "min_amt": "\u20b9 5,000",
        "min_amt_multiple": "",
        "monthly_aaum_date": "30-04-2025",
        "monthly_aaum_value": "\u20b9 287.91 Cr",
        "mutual_fund_name": "HSBC Mutual Fund",
        "page_number": [
            22
        ],
        "scheme_launch_date": "15-Apr-20 Benchmark Nifty 50 TRI4"
    },
    "HSBC Nifty Next 50 Index Fund": {
        "amc_name": "HSBC Asset Management (India) Private Limited",
        "benchmark_index": "15-Apr-20 Benchmark Nifty Next 50 TRI4",
        "fund_manager": [
            {
                "managing_fund_since": "Apr 15, 2020",
                "name": "Praveen Ayathan",
                "qualification": "Equity",
                "total_exp": "32 Years"
            },
            {
                "managing_fund_since": "Oct 01, 2023",
                "name": "Rajeesh Nair",
                "qualification": "Equity",
                "total_exp": "13 Years"
            }
        ],
        "load": {
            "entry_load": "NA",
            "exit_load": "If the units redeemed or switched out are upto 10 of the units purchased or switched in (the limit) within 1 Month from the date of allotment - Nil  If units redeemed or switched out are over and above the limit within 1 Month from the date of allot- ment - 1  If units are redeemed or switched out on or after 1 Month from the date of allotment - Nil Month End Total Expenses Ratios (Annualized) 2 Regular5 0.80 Direct 0.35 Portfolio Turnover 0.59 Tracking Difference Regular -1.34 Direct -0.79 Tracking Error Regular 0.15 Direct 0.14 1in multiples of Re 1 thereafter. 2TERAnnualized TER including GST on Investment Management Fees 3Continuing plans 4As per clause 1.9 of the SEBI Master Circular for Mutual Funds no. SEBIHOIMDIMD-PoD-1PCIR202490 dated June 27, 2024, on Guiding Principles for bringing uniformity in Benchmarks of Mutual Fund Schemes has introduced two-tiered structure for benchmarking of certain categories of schemes. Accordingly, the benchmark has been classified as Tier 1 benchmark. Furthermore , the same is effective from 01 December 2021. derate Moderat Mo k High ely Ris Risk to te Hig ow era Ris h L od isk k M R V er ow sk Ris yH L Ri k ig h The risk of the scheme is Very High Risk r"
        },
        "main_scheme_name": "HSBC Nifty Next 50 Index Fund",
        "metrics": {
            "alpha": null,
            "arithmetic_mean_ratio": null,
            "average_div_yld": null,
            "average_pb": null,
            "average_pe": null,
            "avg_maturity": null,
            "beta": null,
            "correlation_ratio": null,
            "downside_deviation": null,
            "information_ratio": null,
            "macaulay": null,
            "mod_duration": null,
            "port_turnover_ratio": "0.59",
            "r_squared_ratio": null,
            "roe_ratio": null,
            "sharpe": null,
            "sortino_ratio": null,
            "std_dev": null,
            "tracking_error": null,
            "treynor_ratio": null,
            "upside_deviation": null,
            "ytm": null
        },
        "min_addl_amt": "\u20b9 1,000",
        "min_addl_amt_multiple": "",
        "min_amt": "\u20b9 5,000",
        "min_amt_multiple": "",
        "monthly_aaum_date": "30-04-2025",
        "monthly_aaum_value": "\u20b9 126.05 Cr",
        "mutual_fund_name": "HSBC Mutual Fund",
        "page_number": [
            23
        ],
        "scheme_launch_date": "15-Apr-20 Benchmark Nifty Next 50 TRI4"
    },
    "HSBC ELSS Tax Saver Fund": {
        "amc_name": "HSBC Asset Management (India) Private Limited",
        "benchmark_index": "27-Feb-06 Benchmark Nifty 500 TRI6",
        "fund_manager": [
            {
                "managing_fund_since": "Mar, 01  2024",
                "name": "Abhishek Gupta",
                "qualification": "Equity",
                "total_exp": "19 Years"
            },
            {
                "managing_fund_since": "Nov 26, 2022",
                "name": "Gautam Bhupal",
                "qualification": "Equity",
                "total_exp": "20 Years"
            },
            {
                "managing_fund_since": "Jul 21, 2021",
                "name": "Sonal Gupta",
                "qualification": "Overseas Investments",
                "total_exp": "20 Years"
            }
        ],
        "load": {
            "entry_load": "NA",
            "exit_load": "Nil"
        },
        "main_scheme_name": "HSBC ELSS Tax Saver Fund",
        "metrics": {
            "alpha": null,
            "arithmetic_mean_ratio": null,
            "average_div_yld": null,
            "average_pb": null,
            "average_pe": null,
            "avg_maturity": null,
            "beta": "0.95",
            "correlation_ratio": null,
            "downside_deviation": null,
            "information_ratio": null,
            "macaulay": null,
            "mod_duration": null,
            "port_turnover_ratio": "0.30",
            "r2": "0.87",
            "r_squared_ratio": null,
            "roe_ratio": null,
            "sharpe": null,
            "sortino_ratio": null,
            "std_dev": "14.55",
            "tracking_error": null,
            "treynor_ratio": null,
            "upside_deviation": null,
            "ytm": null
        },
        "min_addl_amt": "\u20b9 500",
        "min_addl_amt_multiple": "",
        "min_amt": "\u20b9 500",
        "min_amt_multiple": "",
        "monthly_aaum_date": "30-04-2025",
        "monthly_aaum_value": "\u20b9 4100.39 Cr",
        "mutual_fund_name": "HSBC Mutual Fund",
        "page_number": [
            24
        ],
        "scheme_launch_date": "27-Feb-06 Benchmark Nifty 500 TRI6"
    },
    "HSBC Tax Saver Equity Fund": {
        "amc_name": "HSBC Asset Management (India) Private Limited",
        "benchmark_index": "05-Jan-07 Benchmark Nifty 500 TRI6",
        "fund_manager": [
            {
                "managing_fund_since": "July 23, 2019",
                "name": "Gautam Bhupal",
                "qualification": "",
                "total_exp": "20 Years"
            },
            {
                "managing_fund_since": "Dec, 2023",
                "name": "Sonal Gupta",
                "qualification": "Overseas Investments",
                "total_exp": "20 Years"
            }
        ],
        "load": {
            "entry_load": "NA",
            "exit_load": "Nil"
        },
        "main_scheme_name": "HSBC Tax Saver Equity Fund",
        "metrics": {
            "alpha": null,
            "arithmetic_mean_ratio": null,
            "average_div_yld": null,
            "average_pb": null,
            "average_pe": null,
            "avg_maturity": null,
            "beta": "0.91",
            "correlation_ratio": null,
            "downside_deviation": null,
            "information_ratio": null,
            "macaulay": null,
            "mod_duration": null,
            "port_turnover_ratio": "0.18",
            "r2": "0.84",
            "r_squared_ratio": null,
            "roe_ratio": null,
            "sharpe": "0.62",
            "sortino_ratio": null,
            "std_dev": "14.07",
            "tracking_error": null,
            "treynor_ratio": null,
            "upside_deviation": null,
            "ytm": null
        },
        "min_addl_amt": "\u20b9 500",
        "min_addl_amt_multiple": "",
        "min_amt": "\u20b9 500",
        "min_amt_multiple": "",
        "monthly_aaum_date": "30-04-2025",
        "monthly_aaum_value": "\u20b9 248.24 Cr",
        "mutual_fund_name": "HSBC Mutual Fund",
        "page_number": [
            25
        ],
        "scheme_launch_date": "05-Jan-07 Benchmark Nifty 500 TRI6"
    },
    "HSBC Aggressive Hybrid Fund": {
        "amc_name": "HSBC Asset Management (India) Private Limited",
        "benchmark_index": "07-Feb-11 Benchmark NIFTY 50 Hybrid Composite Debt 6535 Index6",
        "fund_manager": [
            {
                "managing_fund_since": "July 02, 2021",
                "name": "Cheenu Gupta",
                "qualification": "Equity",
                "total_exp": "18 Years"
            },
            {
                "managing_fund_since": "Oct 01, 2023",
                "name": "Gautam Bhupal",
                "qualification": "Equity",
                "total_exp": "18 Years"
            },
            {
                "managing_fund_since": "May 30, 2016",
                "name": "Shriram Ramanathan",
                "qualification": "Fixed Income",
                "total_exp": "24 Years"
            },
            {
                "managing_fund_since": "May 1, 2024",
                "name": "Mohd. Asif Rizwi",
                "qualification": "Fixed Income",
                "total_exp": "15.5 Years"
            },
            {
                "managing_fund_since": "Jul 05, 2021",
                "name": "Sonal Gupta",
                "qualification": "Overseas Investments",
                "total_exp": "20 Years"
            }
        ],
        "load": {
            "entry_load": "NA",
            "exit_load": "Any redemption  switch-out of units with- in 1 year from the date of allotment shall be subject to exit load as under a. For 10 of the units redeemed  switched-out Nil b. For remaining units redeemed or switched-out 1.00 No Exit Load will be charged, if Units are redeemed  switchedout after 1 year from the date of allotment."
        },
        "main_scheme_name": "HSBC Aggressive Hybrid Fund",
        "metrics": {
            "alpha": null,
            "arithmetic_mean_ratio": null,
            "average_div_yld": null,
            "average_pb": null,
            "average_pe": null,
            "avg_maturity": "5.68 Yea",
            "beta": "1.08",
            "correlation_ratio": null,
            "downside_deviation": null,
            "information_ratio": null,
            "macaulay": "3.86 Yea",
            "mod_duration": "3.69 Yea",
            "port_turnover_ratio": "0.65",
            "r2": "0.67",
            "r_squared_ratio": null,
            "roe_ratio": null,
            "sharpe": "0.43",
            "sortino_ratio": null,
            "std_dev": "11.68",
            "tracking_error": null,
            "treynor_ratio": null,
            "upside_deviation": null,
            "ytm": "7.32"
        },
        "min_addl_amt": "\u20b9 1,000",
        "min_addl_amt_multiple": "",
        "min_amt": "\u20b9 5,000",
        "min_amt_multiple": "",
        "monthly_aaum_date": "30-04-2025",
        "monthly_aaum_value": "\u20b9 5452.38 Cr",
        "mutual_fund_name": "HSBC Mutual Fund",
        "page_number": [
            26
        ],
        "scheme_launch_date": "07-Feb-11 Benchmark NIFTY 50 Hybrid Composite Debt 6535 Index6"
    },
    "HSBC Multi Asset Allocation Fund": {
        "amc_name": "HSBC Asset Management (India) Private Limited",
        "benchmark_index": "28-Feb-24 Benchmark BSE 200 TRI (65)  NIFTY Short Duration Debt Index (20) Domestic Price of Gold (10)Domestic Price of Silver (5)4",
        "fund_manager": [
            {
                "managing_fund_since": "Feb 28, 2024",
                "name": "Cheenu Gupta",
                "qualification": "Equity",
                "total_exp": "18 Years"
            },
            {
                "managing_fund_since": "Feb 28, 2024",
                "name": "Mahesh Chhabria",
                "qualification": "Fixed Income",
                "total_exp": "14.5 Years"
            },
            {
                "managing_fund_since": "Feb 1, 2025",
                "name": "Mohd. Asif Rizwi",
                "qualification": "Fixed Income",
                "total_exp": "15.5 Years"
            },
            {
                "managing_fund_since": "Feb 28, 2024",
                "name": "Dipan Parikh",
                "qualification": "Gold  Silver Etfs",
                "total_exp": "27 Years"
            },
            {
                "managing_fund_since": "Feb 28, 2024",
                "name": "Sonal Gupta",
                "qualification": "Overseas Investments",
                "total_exp": "20 Years"
            }
        ],
        "load": {
            "entry_load": "NA",
            "exit_load": "If units redeemed or switched out are upto 10 of the units purchased or switched in within 1 year from the date of allotment  Nil If units redeemed or switched out are over and above the limit within 1 year from the date of allotment  1 If units are redeemed or switched out on or after 1 year from the date of allotment  Nil Month End Total Expenses Ratios (Annualized) 2 Regular5 1.87 Direct 0.51 Portfolio Turnover 0.47 1in multiples of Re 1 thereafter. 2TERAnnualized TER including GST on Investment Management Fees 3Continuing plans 4As per clause 1.9 of the SEBI Master Circular for Mutual Funds no. SEBIHOIMDIMD-PoD-1PCIR202490 dated June 27, 2024, on Guiding Principles for bringing uniformity in Benchmarks of Mutual Fund Schemes has introduced two-tiered structure for benchmarking of certain categories of schemes. Accordingly, the benchmark has been classified as Tier 1 benchmark. Furthermore , the same is effective from 01 December 2021. YTM is annualized. The Macaulay duration is the weighted average term to maturity of the cash flows from a bond. The weight of each cash flow is determined by dividing the present value of the cash flow by the price. derate Moderat Mo Hig ely Risk hRisk to te Hi owera Ris gh L od isk k M R V er ow sk Ris yH L Ri k ig h The risk of the scheme is Very High Risk c"
        },
        "main_scheme_name": "HSBC Multi Asset Allocation Fund",
        "metrics": {
            "alpha": null,
            "arithmetic_mean_ratio": null,
            "average_div_yld": null,
            "average_pb": null,
            "average_pe": null,
            "avg_maturity": "6.16 Yea",
            "beta": null,
            "correlation_ratio": null,
            "downside_deviation": null,
            "information_ratio": null,
            "macaulay": "4.32 Yea",
            "mod_duration": "4.13 Yea",
            "port_turnover_ratio": "0.47",
            "r_squared_ratio": null,
            "roe_ratio": null,
            "sharpe": null,
            "sortino_ratio": null,
            "std_dev": null,
            "tracking_error": null,
            "treynor_ratio": null,
            "upside_deviation": null,
            "ytm": "7.42"
        },
        "min_addl_amt": "\u20b9 1,000",
        "min_addl_amt_multiple": "",
        "min_amt": "\u20b9 5,000",
        "min_amt_multiple": "",
        "monthly_aaum_date": "30-04-2025",
        "monthly_aaum_value": "\u20b9 2139.89 Cr",
        "mutual_fund_name": "HSBC Mutual Fund",
        "page_number": [
            27
        ],
        "scheme_launch_date": "28-Feb-24 Benchmark BSE 200 TRI (65)  NIFTY Short Duration Debt Index (20) Domestic Price of Gold (10)Domestic Price of Silver (5)4"
    },
    "HSBC Balanced Advantage Fund": {
        "amc_name": "HSBC Asset Management (India) Private Limited",
        "benchmark_index": "07-Feb-11 Benchmark Nifty 50 Hybrid composite debt 5050 Index4",
        "fund_manager": [
            {
                "managing_fund_since": "Nov 26, 2022",
                "name": "Neelotpal Sahai",
                "qualification": "Equity",
                "total_exp": "30 Years"
            },
            {
                "managing_fund_since": "Jul 15, 2023",
                "name": "Mahesh Chhabria",
                "qualification": "Fixed Income",
                "total_exp": "14.5 Years"
            },
            {
                "managing_fund_since": "Feb 1, 2025",
                "name": "Mohd. Asif Rizwi",
                "qualification": "Fixed Income",
                "total_exp": "15.5 Years"
            },
            {
                "managing_fund_since": "Oct 01, 2023",
                "name": "Gautam Bhupal",
                "qualification": "Equity",
                "total_exp": "20 Years"
            },
            {
                "managing_fund_since": "Oct 01, 2023",
                "name": "Praveen Ayathan",
                "qualification": "Arbitrage",
                "total_exp": "32 Years"
            },
            {
                "managing_fund_since": "Oct 01, 2023",
                "name": "Hitesh Gondhia",
                "qualification": "Arbitrage",
                "total_exp": "17 Years"
            },
            {
                "managing_fund_since": "Nov 26, 2022",
                "name": "Sonal Gupta",
                "qualification": "Overseas Investments",
                "total_exp": "20 Years"
            }
        ],
        "load": {
            "entry_load": "NA",
            "exit_load": "If the units redeemed or switched out are upto 10 of the units purchased or switched in (the limit) within 1 year from the date of allotment - Nil If units redeemed or switched out are over and above the limit within 1 year from the date of allotment - 1 If units are redeemed or switched out on or after 1 year from the date of allotment. - Nil Month End Total Expenses Ratios (Annualized) 2 Regular5 2.12 Direct 0.78 Portfolio Turnover 3.24 1in multiples of Re 1 thereafter. 2TERAnnualized TER including GST on Investment Management Fees 3Continuing plans 4As per clause 1.9 of the SEBI Master Circular for Mutual Funds no. SEBIHOIMDIMD-PoD-1PCIR202490 dated June 27, 2024, on Guiding Principles for bringing uniformity in Benchmarks of Mutual Fund Schemes has introduced two-tiered structure for benchmarking of certain categories of schemes. Accordingly, the benchmark has been classified as Tier 1 benchmark. Furthermore , the same is effective from 01 December 2021. YTM is annualized The Macaulay duration is the weighted average term to maturity of the cash flows from a bond. The weight of each cash flow is determined by dividing the present value of the cash flow by the price. derate Moderat Mo Hig ely Risk hRisk to te Hi owera Ris gh L od isk k M R V er ow sk Ris yH L Ri k ig h The risk of the scheme is High Risk Please note that the above risk-o-meter is as per the product T labelling of the scheme available as on the date of this communication disclosure. Any change in risk-o-meter shall be communicated by way of Notice cum Addendum and by way of an e-mail or SMS to unitholders of that particular Scheme."
        },
        "main_scheme_name": "HSBC Balanced Advantage Fund",
        "metrics": {
            "alpha": null,
            "arithmetic_mean_ratio": null,
            "average_div_yld": null,
            "average_pb": null,
            "average_pe": null,
            "avg_maturity": "3.35 Yea",
            "beta": null,
            "correlation_ratio": null,
            "downside_deviation": null,
            "information_ratio": null,
            "macaulay": "2.68 Yea",
            "mod_duration": "2.57 Yea",
            "port_turnover_ratio": "3.24",
            "r_squared_ratio": null,
            "roe_ratio": null,
            "sharpe": null,
            "sortino_ratio": null,
            "std_dev": null,
            "tracking_error": null,
            "treynor_ratio": null,
            "upside_deviation": null,
            "ytm": "7.32"
        },
        "min_addl_amt": "\u20b9 1,000",
        "min_addl_amt_multiple": "",
        "min_amt": "\u20b9 5,000",
        "min_amt_multiple": "",
        "monthly_aaum_date": "30-04-2025",
        "monthly_aaum_value": "\u20b9 1498.58 Cr",
        "mutual_fund_name": "HSBC Mutual Fund",
        "page_number": [
            28
        ],
        "scheme_launch_date": "07-Feb-11 Benchmark Nifty 50 Hybrid composite debt 5050 Index4"
    },
    "HSBC Equity Savings Fund": {
        "amc_name": "HSBC Asset Management (India) Private Limited",
        "benchmark_index": "18-Oct-11 NIFTY Equity Benchmark 4 Savings Index",
        "fund_manager": [
            {
                "managing_fund_since": "Jul 02, 2021",
                "name": "Cheenu Gupta",
                "qualification": "Equity",
                "total_exp": "18 Years"
            },
            {
                "managing_fund_since": "Jul 15, 2023",
                "name": "Mahesh Chhabria",
                "qualification": "Fixed Income",
                "total_exp": "14.5 Years"
            },
            {
                "managing_fund_since": "Feb 1, 2025",
                "name": "Mohd. Asif Rizwi",
                "qualification": "Fixed Income",
                "total_exp": "15.5 Years"
            },
            {
                "managing_fund_since": "Apr 01, 2024",
                "name": "Abhishek Gupta",
                "qualification": "Equity",
                "total_exp": "19 Years"
            },
            {
                "managing_fund_since": "Oct 01, 2023",
                "name": "Praveen Ayathan",
                "qualification": "Arbitrage",
                "total_exp": "32 Years"
            },
            {
                "managing_fund_since": "Oct 01, 2023",
                "name": "Hitesh Gondhia",
                "qualification": "Arbitrage",
                "total_exp": "17 Years"
            },
            {
                "managing_fund_since": "Nov 26, 2022",
                "name": "Sonal Gupta",
                "qualification": "Overseas Investments",
                "total_exp": "20 Years"
            }
        ],
        "load": {
            "entry_load": "NA",
            "exit_load": "If the units redeemed or switched out are upto 10 of the units purchased or switched in (the limit) within 1 Month from the date of allotment - Nil If redeemed or switched out units are over and above the limit i.e beyond 10 of the allotted units within 1 month exit load applicable - 0.50 If units are redeemed or switched out on or after 1 Month from the date of Purchase - Nil Month End Total Expenses Ratios (Annualized) 2 Regular 5 1.51 Direct 0.61 Portfolio Turnover 5.33 1in multiples of Re 1 thereafter. 2TERAnnualized TER including GST on Investment Management Fees 3Continuing plans 4As per clause 1.9 of the SEBI Master Circular for Mutual Funds no. SEBIHOIMDIMD-PoD-1PCIR202490 dated June 27, 2024, on Guiding Principles for bringing uniformity in Benchmarks of Mutual Fund Schemes has introduced two-tiered structure for benchmarking of certain categories of schemes. Accordingly, the benchmark has been classified as Tier 1 benchmark. Furthermore , the same is effective from 01 December 2021. YTM is annualized The Macaulay duration is the weighted average term to maturity of the cash flows from a bond. The weight of each cash flow is determined by dividing the present value of the cash flow by the price. derate Moderat Mo Hig ely Risk hRisk to te Hi owera Ris gh L od isk k M R V er ow sk Ris yH L Ri k ig h The risk of the scheme is Moderate Risk"
        },
        "main_scheme_name": "HSBC Equity Savings Fund",
        "metrics": {
            "alpha": null,
            "arithmetic_mean_ratio": null,
            "average_div_yld": null,
            "average_pb": null,
            "average_pe": null,
            "avg_maturity": "3.27 Yea",
            "beta": null,
            "correlation_ratio": null,
            "downside_deviation": null,
            "information_ratio": null,
            "macaulay": "2.75 Yea",
            "mod_duration": "2.64 Yea",
            "port_turnover_ratio": "5.33",
            "r_squared_ratio": null,
            "roe_ratio": null,
            "sharpe": null,
            "sortino_ratio": null,
            "std_dev": null,
            "tracking_error": null,
            "treynor_ratio": null,
            "upside_deviation": null,
            "ytm": "7.06"
        },
        "min_addl_amt": "\u20b9 1,000",
        "min_addl_amt_multiple": "",
        "min_amt": "\u20b9 5,000",
        "min_amt_multiple": "",
        "monthly_aaum_date": "30-04-2025",
        "monthly_aaum_value": "\u20b9 662.03 Cr",
        "mutual_fund_name": "HSBC Mutual Fund",
        "page_number": [
            29
        ],
        "scheme_launch_date": "18-Oct-11 NIFTY Equity Benchmark 4 Savings Index"
    },
    "HSBC Arbitrage Fund": {
        "amc_name": "HSBC Asset Management (India) Private Limited",
        "benchmark_index": "30-Jun-14 Benchmark Nifty 50 Arbitrage Index4",
        "fund_manager": [
            {
                "managing_fund_since": "Jun 30, 2014",
                "name": "Praveen Ayathan",
                "qualification": "Arbitrage",
                "total_exp": "32 Years"
            },
            {
                "managing_fund_since": "Jul 15, 2023",
                "name": "Mahesh Chhabria",
                "qualification": "Fixed Income",
                "total_exp": "14.5 Years"
            },
            {
                "managing_fund_since": "Oct 01, 2023",
                "name": "Hitesh Gondhia",
                "qualification": "Arbitrage",
                "total_exp": "17 Years"
            },
            {
                "managing_fund_since": "Feb 1, 2025",
                "name": "Mohd. Asif Rizwi",
                "qualification": "Fixed Income",
                "total_exp": "15.5 Years"
            }
        ],
        "load": {
            "entry_load": "NA",
            "exit_load": "Any redemptionswitch-out of units on or before 1 month from the date of allotment 0.25 If units are redeemed or switched out after 1 Month from the date of allotment NIL (Effective date August 01, 2023) Month End Total Expenses Ratios (Annualized) 2 Regular3 0.92 Direct 0.25 Portfolio Turnover 13.75 1in multiples of Re 1 thereafter. 2TERAnnualized TER including GST on Investment Management Fees 3Continuing plans Portfolio Classification By Market Segment Class () 10.09 16.52 49.59 23.80 Large Cap Debt Mid Cap Small Cap derate Moderat Mo Hig ely Risk hRisk to e Hi owerat Ris gh L od isk k M R V er ow sk Ris yH L Ri k ig h The risk of the scheme is Low Risk Please note that the above risk-o-meter is as per the product labelling of the scheme available as on the date of this T communication disclosure. Any change in risk-o-meter shall be communicated by way of Notice cum Addendum and by way of an  e-mail or SMS to unitholders of that particular Scheme.  a"
        },
        "main_scheme_name": "HSBC Arbitrage Fund",
        "metrics": {
            "alpha": null,
            "arithmetic_mean_ratio": null,
            "average_div_yld": null,
            "average_pb": null,
            "average_pe": null,
            "avg_maturity": null,
            "beta": null,
            "correlation_ratio": null,
            "downside_deviation": null,
            "information_ratio": null,
            "macaulay": null,
            "mod_duration": null,
            "port_turnover_ratio": "13.75",
            "r_squared_ratio": null,
            "roe_ratio": null,
            "sharpe": null,
            "sortino_ratio": null,
            "std_dev": null,
            "tracking_error": null,
            "treynor_ratio": null,
            "upside_deviation": null,
            "ytm": null
        },
        "min_addl_amt": "\u20b9 1,000",
        "min_addl_amt_multiple": "",
        "min_amt": "\u20b9 5,000",
        "min_amt_multiple": "",
        "monthly_aaum_date": "30-04-2025",
        "monthly_aaum_value": "\u20b9 2373.87 Cr",
        "mutual_fund_name": "HSBC Mutual Fund",
        "page_number": [
            30
        ],
        "scheme_launch_date": "30-Jun-14 Benchmark Nifty 50 Arbitrage Index4"
    },
    "HSBC Overnight Fund": {
        "amc_name": "HSBC Asset Management (India) Private Limited",
        "benchmark_index": "22-May-19 NIFTY 1D Rate Benchmark 5,6 Index",
        "fund_manager": [
            {
                "managing_fund_since": "Nov 26, 2022",
                "name": "Mahesh Chhabria",
                "qualification": "Fixed Income",
                "total_exp": "14.5 Years"
            }
        ],
        "load": {
            "entry_load": "NA",
            "exit_load": "NIL Month End Total Expenses Ratios (Annualized) 2 Regular3 0.16 Direct 0.06 1in multiples of Re 1 thereafter. 2TERAnnualized TER including GST on Investment Management Fees 3Continuing plans 4As per clause 1.9 of the SEBI Master Circular for Mutual Funds no. SEBIHOIMDIMD- PoD-1PCIR202490 dated June 27, 2024, on Guiding Principles for bringing uniformity in Benchmarks of Mutual Fund Schemes has introduced two-tiered structure for benchmarking of certain categories of schemes. Accordingly, the benchmark has been classified as Tier 1 benchmark. Furthermore, the same is effective from 01 December 2021. 6Funds benchmark has changed with effect from April 01, 2022. YTM is annualized. derate Moderat Mo Hig ely Risk hRisk to te Hi owera Ris gh L od isk k M R V er ow sk Ris yH L Ri k ig h The risk of the scheme is Low Risk r"
        },
        "main_scheme_name": "HSBC Overnight Fund",
        "metrics": {
            "alpha": null,
            "arithmetic_mean_ratio": null,
            "average_div_yld": null,
            "average_pb": null,
            "average_pe": null,
            "avg_maturity": "3.35",
            "beta": null,
            "correlation_ratio": null,
            "downside_deviation": null,
            "information_ratio": null,
            "macaulay": "3.35",
            "mod_duration": "3.35",
            "port_turnover_ratio": null,
            "r_squared_ratio": null,
            "roe_ratio": null,
            "sharpe": null,
            "sortino_ratio": null,
            "std_dev": null,
            "tracking_error": null,
            "treynor_ratio": null,
            "upside_deviation": null,
            "ytm": "6.64"
        },
        "min_addl_amt": "\u20b9 1,000",
        "min_addl_amt_multiple": "",
        "min_amt": "\u20b9 5,000",
        "min_amt_multiple": "",
        "monthly_aaum_date": "30-04-2025",
        "monthly_aaum_value": "\u20b9 3081.72 Cr",
        "mutual_fund_name": "HSBC Mutual Fund",
        "page_number": [
            34
        ],
        "scheme_launch_date": "22-May-19 NIFTY 1D Rate Benchmark 5,6 Index"
    },
    "HSBC Liquid Fund": {
        "amc_name": "HSBC Asset Management (India) Private Limited",
        "benchmark_index": "04-Dec-02 Benchmark NIFTY Liquid Index A-I6",
        "fund_manager": [
            {
                "managing_fund_since": "Feb 01, 2025",
                "name": "Mahesh Chhabria",
                "qualification": "Fixed Income",
                "total_exp": "14.5 Years"
            },
            {
                "managing_fund_since": "Nov 26, 2022",
                "name": "Shriram Ramanathan",
                "qualification": "Fixed Income",
                "total_exp": "24 Years"
            }
        ],
        "load": {
            "entry_load": null,
            "exit_load": null
        },
        "main_scheme_name": "HSBC Liquid Fund",
        "metrics": {
            "alpha": null,
            "arithmetic_mean_ratio": null,
            "average_div_yld": null,
            "average_pb": null,
            "average_pe": null,
            "avg_maturity": "41.98 Day",
            "beta": null,
            "correlation_ratio": null,
            "downside_deviation": null,
            "information_ratio": null,
            "macaulay": "41.98 Day",
            "mod_duration": "39.24 Day",
            "port_turnover_ratio": null,
            "r_squared_ratio": null,
            "roe_ratio": null,
            "sharpe": null,
            "sortino_ratio": null,
            "std_dev": null,
            "tracking_error": null,
            "treynor_ratio": null,
            "upside_deviation": null,
            "ytm": "7.25"
        },
        "min_addl_amt": "\u20b9 1,000",
        "min_addl_amt_multiple": "",
        "min_amt": "\u20b9 5,000",
        "min_amt_multiple": "",
        "monthly_aaum_date": "30-04-2025",
        "monthly_aaum_value": "\u20b9 22030.98 Cr",
        "mutual_fund_name": "HSBC Mutual Fund",
        "page_number": [
            35
        ],
        "scheme_launch_date": "04-Dec-02 Benchmark NIFTY Liquid Index A-I6"
    },
    "HSBC Money Market Fund": {
        "amc_name": "HSBC Asset Management (India) Private Limited",
        "benchmark_index": "10-Aug-05 Benchmark NIFTY Money Market Index A-I6",
        "fund_manager": [
            {
                "managing_fund_since": "Feb 01, 2025",
                "name": "Mahesh Chhabria",
                "qualification": "Fixed Income",
                "total_exp": "14.5 Years"
            },
            {
                "managing_fund_since": "Mar 21, 2020",
                "name": "Shriram Ramanathan",
                "qualification": "Fixed Income",
                "total_exp": "24 Years"
            }
        ],
        "load": {
            "entry_load": null,
            "exit_load": null
        },
        "main_scheme_name": "HSBC Money Market Fund",
        "metrics": {
            "alpha": null,
            "arithmetic_mean_ratio": null,
            "average_div_yld": null,
            "average_pb": null,
            "average_pe": null,
            "avg_maturity": "198.62",
            "beta": null,
            "correlation_ratio": null,
            "downside_deviation": null,
            "information_ratio": null,
            "macaulay": "198.62",
            "mod_duration": "185.24",
            "port_turnover_ratio": null,
            "r_squared_ratio": null,
            "roe_ratio": null,
            "sharpe": null,
            "sortino_ratio": null,
            "std_dev": null,
            "tracking_error": null,
            "treynor_ratio": null,
            "upside_deviation": null,
            "ytm": "7.50"
        },
        "min_addl_amt": "\u20b9 1,000",
        "min_addl_amt_multiple": "",
        "min_amt": "\u20b9 5,000",
        "min_amt_multiple": "",
        "monthly_aaum_date": "30-04-2025",
        "monthly_aaum_value": "\u20b9 2626.87 Cr",
        "mutual_fund_name": "HSBC Mutual Fund",
        "page_number": [
            36
        ],
        "scheme_launch_date": "10-Aug-05 Benchmark NIFTY Money Market Index A-I6"
    },
    "HSBC Low Duration Fund": {
        "amc_name": "HSBC Asset Management (India) Private Limited",
        "benchmark_index": "04-Dec-10 Benchmark NIFTY Low Duration Debt Index A-I 5",
        "fund_manager": [
            {
                "managing_fund_since": "Nov 24, 2012",
                "name": "Shriram Ramanathan",
                "qualification": "Fixed Income",
                "total_exp": "24 Years"
            },
            {
                "managing_fund_since": "Jan 16, 2024",
                "name": "Mohd Asif Rizwi",
                "qualification": "Fixed Income",
                "total_exp": "15 Years"
            }
        ],
        "load": {
            "entry_load": null,
            "exit_load": null
        },
        "main_scheme_name": "HSBC Low Duration Fund",
        "metrics": {
            "alpha": null,
            "arithmetic_mean_ratio": null,
            "average_div_yld": null,
            "average_pb": null,
            "average_pe": null,
            "avg_maturity": "13.39 Mont",
            "beta": null,
            "correlation_ratio": null,
            "downside_deviation": null,
            "information_ratio": null,
            "macaulay": "11.12 Mont",
            "mod_duration": "10.42 Mont",
            "port_turnover_ratio": null,
            "r_squared_ratio": null,
            "roe_ratio": null,
            "sharpe": null,
            "sortino_ratio": null,
            "std_dev": null,
            "tracking_error": null,
            "treynor_ratio": null,
            "upside_deviation": null,
            "ytm": "7.72"
        },
        "min_addl_amt": "\u20b9 1,000",
        "min_addl_amt_multiple": "",
        "min_amt": "\u20b9 5,000",
        "min_amt_multiple": "",
        "monthly_aaum_date": "30-04-2025",
        "monthly_aaum_value": "\u20b9 503.10 Cr",
        "mutual_fund_name": "HSBC Mutual Fund",
        "page_number": [
            37
        ],
        "scheme_launch_date": "04-Dec-10 Benchmark NIFTY Low Duration Debt Index A-I 5"
    },
    "HSBC Ultra Short Duration Fund": {
        "amc_name": "HSBC Asset Management (India) Private Limited",
        "benchmark_index": "29-Jan-20 Benchmark NIFTY Ultra Short Duration Debt Index A-I 5",
        "fund_manager": [
            {
                "managing_fund_since": "Nov 26, 2022",
                "name": "Mahesh Chhabria",
                "qualification": "Fixed Income",
                "total_exp": "14.5 Years"
            }
        ],
        "load": {
            "entry_load": null,
            "exit_load": null
        },
        "main_scheme_name": "HSBC Ultra Short Duration Fund",
        "metrics": {
            "alpha": null,
            "arithmetic_mean_ratio": null,
            "average_div_yld": null,
            "average_pb": null,
            "average_pe": null,
            "avg_maturity": "5.93 Mon",
            "beta": null,
            "correlation_ratio": null,
            "downside_deviation": null,
            "information_ratio": null,
            "macaulay": "5.68 Mon",
            "mod_duration": "5.30 Mon",
            "port_turnover_ratio": null,
            "r_squared_ratio": null,
            "roe_ratio": null,
            "sharpe": null,
            "sortino_ratio": null,
            "std_dev": null,
            "tracking_error": null,
            "treynor_ratio": null,
            "upside_deviation": null,
            "ytm": "7.47"
        },
        "min_addl_amt": "\u20b9 1,000",
        "min_addl_amt_multiple": "",
        "min_amt": "\u20b9 5,000",
        "min_amt_multiple": "",
        "monthly_aaum_date": "30-04-2025",
        "monthly_aaum_value": "\u20b9 2686.88 Cr",
        "mutual_fund_name": "HSBC Mutual Fund",
        "page_number": [
            38
        ],
        "scheme_launch_date": "29-Jan-20 Benchmark NIFTY Ultra Short Duration Debt Index A-I 5"
    },
    "HSBC Short Duration Fund": {
        "amc_name": "HSBC Asset Management (India) Private Limited",
        "benchmark_index": "27-Dec-11 Benchmark NIFTY Short Duration Debt Index A-II (effective September 04, 2023)5",
        "fund_manager": [
            {
                "managing_fund_since": "Jan 16, 2024",
                "name": "Mohd Asif Rizwi",
                "qualification": "Fixed Income",
                "total_exp": "15 Years"
            },
            {
                "managing_fund_since": "May 1, 2024",
                "name": "Shriram Ramanathan",
                "qualification": "Fixed Income",
                "total_exp": "24 Years"
            }
        ],
        "load": {
            "entry_load": null,
            "exit_load": null
        },
        "main_scheme_name": "HSBC Short Duration Fund",
        "metrics": {
            "alpha": null,
            "arithmetic_mean_ratio": null,
            "average_div_yld": null,
            "average_pb": null,
            "average_pe": null,
            "avg_maturity": "3.6 Yea",
            "beta": null,
            "correlation_ratio": null,
            "downside_deviation": null,
            "information_ratio": null,
            "macaulay": "2.96 Yea",
            "mod_duration": "2.82 Yea",
            "port_turnover_ratio": null,
            "r_squared_ratio": null,
            "roe_ratio": null,
            "sharpe": null,
            "sortino_ratio": null,
            "std_dev": null,
            "tracking_error": null,
            "treynor_ratio": null,
            "upside_deviation": null,
            "ytm": "7.37"
        },
        "min_addl_amt": "\u20b9 1,000",
        "min_addl_amt_multiple": "",
        "min_amt": "\u20b9 5,000",
        "min_amt_multiple": "",
        "monthly_aaum_date": "30-04-2025",
        "monthly_aaum_value": "\u20b9 3709.02 Cr",
        "mutual_fund_name": "HSBC Mutual Fund",
        "page_number": [
            39
        ],
        "scheme_launch_date": "27-Dec-11 Benchmark NIFTY Short Duration Debt Index A-II (effective September 04, 2023)5"
    },
    "HSBC Medium Duration Fund": {
        "amc_name": "HSBC Asset Management (India) Private Limited",
        "benchmark_index": "02-Feb-15 Benchmark NIFTY Medium Duration Debt Index A-III5",
        "fund_manager": [
            {
                "managing_fund_since": "Feb 02, 2015",
                "name": "Shriram Ramanathan",
                "qualification": "Fixed Income",
                "total_exp": "24 Years"
            }
        ],
        "load": {
            "entry_load": null,
            "exit_load": null
        },
        "main_scheme_name": "HSBC Medium Duration Fund",
        "metrics": {
            "alpha": null,
            "arithmetic_mean_ratio": null,
            "average_div_yld": null,
            "average_pb": null,
            "average_pe": null,
            "avg_maturity": "5.6 Yea",
            "beta": null,
            "correlation_ratio": null,
            "downside_deviation": null,
            "information_ratio": null,
            "macaulay": "3.95 Yea",
            "mod_duration": "3.79 Yea",
            "port_turnover_ratio": null,
            "r_squared_ratio": null,
            "roe_ratio": null,
            "sharpe": null,
            "sortino_ratio": null,
            "std_dev": null,
            "tracking_error": null,
            "treynor_ratio": null,
            "upside_deviation": null,
            "ytm": "7.77"
        },
        "min_addl_amt": "\u20b9 1,000",
        "min_addl_amt_multiple": "",
        "min_amt": "\u20b9 5,000",
        "min_amt_multiple": "",
        "monthly_aaum_date": "30-04-2025",
        "monthly_aaum_value": "\u20b9 746.34 Cr",
        "mutual_fund_name": "HSBC Mutual Fund",
        "page_number": [
            40
        ],
        "scheme_launch_date": "02-Feb-15 Benchmark NIFTY Medium Duration Debt Index A-III5"
    },
    "HSBC Medium to Long Duration Fund": {
        "amc_name": "HSBC Asset Management (India) Private Limited",
        "benchmark_index": "10-Dec-02 Benchmark NIFTY Medium to Long Dura- tion Debt Index A-III (effective September 04, 2023) 5",
        "fund_manager": [
            {
                "managing_fund_since": "Feb 01, 2025",
                "name": "Mohd. Asif Rizwi",
                "qualification": "Fixed Income",
                "total_exp": "15.5 Years"
            },
            {
                "managing_fund_since": "Nov, 26 2022",
                "name": "Shriram Ramanathan",
                "qualification": "Fixed Income",
                "total_exp": "24 Years"
            }
        ],
        "load": {
            "entry_load": null,
            "exit_load": null
        },
        "main_scheme_name": "HSBC Medium to Long Duration Fund",
        "metrics": {
            "alpha": null,
            "arithmetic_mean_ratio": null,
            "average_div_yld": null,
            "average_pb": null,
            "average_pe": null,
            "avg_maturity": "10.34 Year",
            "beta": null,
            "correlation_ratio": null,
            "downside_deviation": null,
            "information_ratio": null,
            "macaulay": "6.74 Year",
            "mod_duration": "6.50 Year",
            "port_turnover_ratio": null,
            "r_squared_ratio": null,
            "roe_ratio": null,
            "sharpe": null,
            "sortino_ratio": null,
            "std_dev": null,
            "tracking_error": null,
            "treynor_ratio": null,
            "upside_deviation": null,
            "ytm": "6.91"
        },
        "min_addl_amt": "\u20b9 1,000",
        "min_addl_amt_multiple": "",
        "min_amt": "\u20b9 5,000",
        "min_amt_multiple": "",
        "monthly_aaum_date": "30-04-2025",
        "monthly_aaum_value": "\u20b9 49.57 Cr",
        "mutual_fund_name": "HSBC Mutual Fund",
        "page_number": [
            41
        ],
        "scheme_launch_date": "10-Dec-02 Benchmark NIFTY Medium to Long Dura- tion Debt Index A-III (effective September 04, 2023) 5"
    },
    "HSBC Dynamic Bond Fund": {
        "amc_name": "HSBC Asset Management (India) Private Limited",
        "benchmark_index": "27-Sep-10 Benchmark NIFTY Composite Debt Index A-III 5",
        "fund_manager": [
            {
                "managing_fund_since": "May 1, 2024",
                "name": "Mahesh Chhabria",
                "qualification": "Fixed Income",
                "total_exp": "14.5 Years"
            },
            {
                "managing_fund_since": "Feb 02, 2015",
                "name": "Shriram Ramanathan",
                "qualification": "Fixed Income",
                "total_exp": "24 Years"
            }
        ],
        "load": {
            "entry_load": null,
            "exit_load": null
        },
        "main_scheme_name": "HSBC Dynamic Bond Fund",
        "metrics": {
            "alpha": null,
            "arithmetic_mean_ratio": null,
            "average_div_yld": null,
            "average_pb": null,
            "average_pe": null,
            "avg_maturity": "18.32 Yea",
            "beta": null,
            "correlation_ratio": null,
            "downside_deviation": null,
            "information_ratio": null,
            "macaulay": "9.05 Yea",
            "mod_duration": "8.73 Yea",
            "port_turnover_ratio": null,
            "r_squared_ratio": null,
            "roe_ratio": null,
            "sharpe": null,
            "sortino_ratio": null,
            "std_dev": null,
            "tracking_error": null,
            "treynor_ratio": null,
            "upside_deviation": null,
            "ytm": "7.03"
        },
        "min_addl_amt": "\u20b9 1,000",
        "min_addl_amt_multiple": "",
        "min_amt": "\u20b9 5,000",
        "min_amt_multiple": "",
        "monthly_aaum_date": "30-04-2025",
        "monthly_aaum_value": "\u20b9 158.46 Cr",
        "mutual_fund_name": "HSBC Mutual Fund",
        "page_number": [
            42
        ],
        "scheme_launch_date": "27-Sep-10 Benchmark NIFTY Composite Debt Index A-III 5"
    },
    "HSBC Corporate Bond Fund": {
        "amc_name": "HSBC Asset Management (India) Private Limited",
        "benchmark_index": "31-Mar-97 Benchmark NIFTY Corporate Bond Index A-II5",
        "fund_manager": [
            {
                "managing_fund_since": "Feb 01, 2025",
                "name": "Mohd. Asif Rizwi",
                "qualification": "Fixed Income",
                "total_exp": "15.5 Years"
            },
            {
                "managing_fund_since": "June 30, 2014",
                "name": "Shriram Ramanathan",
                "qualification": "Fixed Income",
                "total_exp": "24 Years"
            }
        ],
        "load": {
            "entry_load": null,
            "exit_load": null
        },
        "main_scheme_name": "HSBC Corporate Bond Fund",
        "metrics": {
            "alpha": null,
            "arithmetic_mean_ratio": null,
            "average_div_yld": null,
            "average_pb": null,
            "average_pe": null,
            "avg_maturity": "3.5",
            "beta": null,
            "correlation_ratio": null,
            "downside_deviation": null,
            "information_ratio": null,
            "macaulay": "3.08",
            "mod_duration": "2.91",
            "port_turnover_ratio": null,
            "r_squared_ratio": null,
            "roe_ratio": null,
            "sharpe": null,
            "sortino_ratio": null,
            "std_dev": null,
            "tracking_error": null,
            "treynor_ratio": null,
            "upside_deviation": null,
            "ytm": "7.29"
        },
        "min_addl_amt": "\u20b9 1,000",
        "min_addl_amt_multiple": "",
        "min_amt": "\u20b9 5,000",
        "min_amt_multiple": "",
        "monthly_aaum_date": "30-04-2025",
        "monthly_aaum_value": "\u20b9 5750.94 Cr",
        "mutual_fund_name": "HSBC Mutual Fund",
        "page_number": [
            43
        ],
        "scheme_launch_date": "31-Mar-97 Benchmark NIFTY Corporate Bond Index A-II5"
    },
    "HSBC Banking and PSU Debt Fund": {
        "amc_name": "HSBC Asset Management (India) Private Limited",
        "benchmark_index": "12-Sep-12 Benchmark Nifty Banking  PSU Debt Index A-II5",
        "fund_manager": [
            {
                "managing_fund_since": "May 1, 2024",
                "name": "Mohd. Asif Rizwi",
                "qualification": "Fixed Income",
                "total_exp": "15.5 Years"
            }
        ],
        "load": {
            "entry_load": null,
            "exit_load": null
        },
        "main_scheme_name": "HSBC Banking and PSU Debt Fund",
        "metrics": {
            "alpha": null,
            "arithmetic_mean_ratio": null,
            "average_div_yld": null,
            "average_pb": null,
            "average_pe": null,
            "avg_maturity": "2.28",
            "beta": null,
            "correlation_ratio": null,
            "downside_deviation": null,
            "information_ratio": null,
            "macaulay": "2.02",
            "mod_duration": "1.91",
            "port_turnover_ratio": null,
            "r_squared_ratio": null,
            "roe_ratio": null,
            "sharpe": null,
            "sortino_ratio": null,
            "std_dev": null,
            "tracking_error": null,
            "treynor_ratio": null,
            "upside_deviation": null,
            "ytm": "7.41"
        },
        "min_addl_amt": "\u20b9 1,000",
        "min_addl_amt_multiple": "",
        "min_amt": "\u20b9 5,000",
        "min_amt_multiple": "",
        "monthly_aaum_date": "30-04-2025",
        "monthly_aaum_value": "\u20b9 4145.65 Cr",
        "mutual_fund_name": "HSBC Mutual Fund",
        "page_number": [
            44
        ],
        "scheme_launch_date": "12-Sep-12 Benchmark Nifty Banking  PSU Debt Index A-II5"
    },
    "HSBC Credit Risk Fund": {
        "amc_name": "HSBC Asset Management (India) Private Limited",
        "benchmark_index": "08-Oct-09 Benchmark NIFTY Credit Risk Bond Index B-II5",
        "fund_manager": [
            {
                "managing_fund_since": "Nov 24, 2012",
                "name": "Shriram Ramanathan",
                "qualification": "Fixed Income",
                "total_exp": "24 Years"
            }
        ],
        "load": {
            "entry_load": null,
            "exit_load": null
        },
        "main_scheme_name": "HSBC Credit Risk Fund",
        "metrics": {
            "alpha": null,
            "arithmetic_mean_ratio": null,
            "average_div_yld": null,
            "average_pb": null,
            "average_pe": null,
            "avg_maturity": "3.03",
            "beta": null,
            "correlation_ratio": null,
            "downside_deviation": null,
            "information_ratio": null,
            "macaulay": "2.40",
            "mod_duration": "2.28",
            "port_turnover_ratio": null,
            "r_squared_ratio": null,
            "roe_ratio": null,
            "sharpe": null,
            "sortino_ratio": null,
            "std_dev": null,
            "tracking_error": null,
            "treynor_ratio": null,
            "upside_deviation": null,
            "ytm": "8.14"
        },
        "min_addl_amt": "\u20b9 1,000",
        "min_addl_amt_multiple": "",
        "min_amt": "\u20b9 5,000",
        "min_amt_multiple": "",
        "monthly_aaum_date": "30-04-2025",
        "monthly_aaum_value": "\u20b9 583.65 Cr",
        "mutual_fund_name": "HSBC Mutual Fund",
        "page_number": [
            45
        ],
        "scheme_launch_date": "08-Oct-09 Benchmark NIFTY Credit Risk Bond Index B-II5"
    },
    "HSBC Gilt Fund": {
        "amc_name": "HSBC Asset Management (India) Private Limited",
        "benchmark_index": "29-Mar-00 Benchmark NIFTY All Duration G-Sec Index5",
        "fund_manager": [
            {
                "managing_fund_since": "May 1, 2024",
                "name": "Mohd Asif Rizwi",
                "qualification": "Fixed Income",
                "total_exp": "15 Years"
            },
            {
                "managing_fund_since": "April 03, 2017",
                "name": "Shriram Ramanathan",
                "qualification": "Fixed Income",
                "total_exp": "24 Years"
            }
        ],
        "load": {
            "entry_load": null,
            "exit_load": null
        },
        "main_scheme_name": "HSBC Gilt Fund",
        "metrics": {
            "alpha": null,
            "arithmetic_mean_ratio": null,
            "average_div_yld": null,
            "average_pb": null,
            "average_pe": null,
            "avg_maturity": "23.34 Yea",
            "beta": null,
            "correlation_ratio": null,
            "downside_deviation": null,
            "information_ratio": null,
            "macaulay": "10.41 Yea",
            "mod_duration": "10.06 Yea",
            "port_turnover_ratio": null,
            "r_squared_ratio": null,
            "roe_ratio": null,
            "sharpe": null,
            "sortino_ratio": null,
            "std_dev": null,
            "tracking_error": null,
            "treynor_ratio": null,
            "upside_deviation": null,
            "ytm": "7.03"
        },
        "min_addl_amt": "\u20b9 1,000",
        "min_addl_amt_multiple": "",
        "min_amt": "\u20b9 5,000",
        "min_amt_multiple": "",
        "monthly_aaum_date": "30-04-2025",
        "monthly_aaum_value": "\u20b9 262.14 Cr",
        "mutual_fund_name": "HSBC Mutual Fund",
        "page_number": [
            46
        ],
        "scheme_launch_date": "29-Mar-00 Benchmark NIFTY All Duration G-Sec Index5"
    },
    "HSBC Conservative Hybrid Fund": {
        "amc_name": "HSBC Asset Management (India) Private Limited",
        "benchmark_index": "24-Feb-04 Benchmark NIFTY 50 Hybrid Composite Debt 1585 Index5",
        "fund_manager": [
            {
                "managing_fund_since": "Feb 01, 2025",
                "name": "Mohd. Asif Rizwi",
                "qualification": "Fixed Income",
                "total_exp": "15.5 Years"
            },
            {
                "managing_fund_since": "Dec, 2023",
                "name": "Sonal Gupta",
                "qualification": "Overseas Investments",
                "total_exp": "20 Years"
            }
        ],
        "load": {
            "entry_load": null,
            "exit_load": null
        },
        "main_scheme_name": "HSBC Conservative Hybrid Fund",
        "metrics": {
            "alpha": null,
            "arithmetic_mean_ratio": null,
            "average_div_yld": null,
            "average_pb": null,
            "average_pe": null,
            "avg_maturity": "14.44 Yea",
            "beta": null,
            "correlation_ratio": null,
            "downside_deviation": null,
            "information_ratio": null,
            "macaulay": "8.12 Yea",
            "mod_duration": "7.84 Yea",
            "port_turnover_ratio": null,
            "r_squared_ratio": null,
            "roe_ratio": null,
            "sharpe": null,
            "sortino_ratio": null,
            "std_dev": null,
            "tracking_error": null,
            "treynor_ratio": null,
            "upside_deviation": null,
            "ytm": "6.97"
        },
        "min_addl_amt": "\u20b9 1,000",
        "min_addl_amt_multiple": "",
        "min_amt": "",
        "min_amt_multiple": "",
        "monthly_aaum_date": "30-04-2025",
        "monthly_aaum_value": "\u20b9 150.50 Cr",
        "mutual_fund_name": "HSBC Mutual Fund",
        "page_number": [
            47
        ],
        "scheme_launch_date": "24-Feb-04 Benchmark NIFTY 50 Hybrid Composite Debt 1585 Index5"
    },
    "HSBC CRISIL IBX 5050 Gilt Plus SDL Apr 2028 Index Fund": {
        "amc_name": "HSBC Asset Management (India) Private Limited",
        "benchmark_index": "31-Mar-22 Benchmark CRISIL IBX 5050 Gilt Plus SDL Index - April 20285",
        "fund_manager": [
            {
                "managing_fund_since": "Jul 15, 2023",
                "name": "Mahesh Chhabria",
                "qualification": "Fixed Income",
                "total_exp": "14.5 Years"
            },
            {
                "managing_fund_since": "Feb 01, 2025",
                "name": "Mohd. Asif Rizwi",
                "qualification": "Fixed Income",
                "total_exp": "15.5 Years"
            }
        ],
        "load": {
            "entry_load": null,
            "exit_load": null
        },
        "main_scheme_name": "HSBC CRISIL IBX 5050 Gilt Plus SDL Apr 2028 Index Fund",
        "metrics": {
            "alpha": null,
            "arithmetic_mean_ratio": null,
            "average_div_yld": null,
            "average_pb": null,
            "average_pe": null,
            "avg_maturity": "2.97 Yea",
            "beta": null,
            "correlation_ratio": null,
            "downside_deviation": null,
            "information_ratio": null,
            "macaulay": "2.68 Yea",
            "mod_duration": "2.59 Yea",
            "port_turnover_ratio": null,
            "r_squared_ratio": null,
            "roe_ratio": null,
            "sharpe": null,
            "sortino_ratio": null,
            "std_dev": null,
            "tracking_error": null,
            "treynor_ratio": null,
            "upside_deviation": null,
            "ytm": "6.88"
        },
        "min_addl_amt": "\u20b9 1,000",
        "min_addl_amt_multiple": "",
        "min_amt": "\u20b9 5,000",
        "min_amt_multiple": "",
        "monthly_aaum_date": "30-04-2025",
        "monthly_aaum_value": "\u20b9 1886.13 Cr",
        "mutual_fund_name": "HSBC Mutual Fund",
        "page_number": [
            48
        ],
        "scheme_launch_date": "31-Mar-22 Benchmark CRISIL IBX 5050 Gilt Plus SDL Index - April 20285"
    },
    "HSBC CRISIL IBX Gilt June 2027 Index Fund": {
        "amc_name": "HSBC Asset Management (India) Private Limited",
        "benchmark_index": "23-Mar-23 Benchmark CRISIL-IBX Gilt Index - June 20275",
        "fund_manager": [
            {
                "managing_fund_since": "Jul 15, 2023",
                "name": "Mahesh Chhabria",
                "qualification": "Fixed Income",
                "total_exp": "14.5 Years"
            },
            {
                "managing_fund_since": "Feb 01, 2025",
                "name": "Mohd. Asif Rizwi",
                "qualification": "Fixed Income",
                "total_exp": "15.5 Years"
            }
        ],
        "load": {
            "entry_load": null,
            "exit_load": null
        },
        "main_scheme_name": "HSBC CRISIL IBX Gilt June 2027 Index Fund",
        "metrics": {
            "alpha": null,
            "arithmetic_mean_ratio": null,
            "average_div_yld": null,
            "average_pb": null,
            "average_pe": null,
            "avg_maturity": null,
            "beta": null,
            "correlation_ratio": null,
            "downside_deviation": null,
            "information_ratio": null,
            "macaulay": null,
            "mod_duration": null,
            "port_turnover_ratio": null,
            "r_squared_ratio": null,
            "roe_ratio": null,
            "sharpe": null,
            "sortino_ratio": null,
            "std_dev": null,
            "tracking_error": null,
            "treynor_ratio": null,
            "upside_deviation": null,
            "ytm": null
        },
        "min_addl_amt": "\u20b9 1,000",
        "min_addl_amt_multiple": "",
        "min_amt": "\u20b9 5,000",
        "min_amt_multiple": "",
        "monthly_aaum_date": "30-04-2025",
        "monthly_aaum_value": "\u20b9 194.95 Cr",
        "mutual_fund_name": "HSBC Mutual Fund",
        "page_number": [
            49
        ],
        "scheme_launch_date": "23-Mar-23 Benchmark CRISIL-IBX Gilt Index - June 20275"
    }
}