{
 "metadata": {
  "document_name": "12_31-Mar-25_FS.pdf",
  "file_type": "fs",
  "process_date": "20250422"
 },
 "records": [
  {
   "value": {
    "amc_name": "HDFC Asset Management Company Limited",
    "benchmark_index": [
     "Dr. Lal Path Labs Ltd Nifty 500 (Total Returns Index) Crompton Greaves"
    ],
    "field_location": [
     {
      "amc_name": "8",
      "benchmark_index": "8",
      "count": 48,
      "fund_manager_managing_fund_since": "8",
      "fund_manager_name": "8",
      "fund_manager_total_exp": "8",
      "load_exit": "8",
      "main_scheme_name": "8",
      "metrics_beta": "8",
      "metrics_net_equity_level": "8",
      "metrics_port_turnover_ratio": "8",
      "metrics_sharpe": "8",
      "metrics_std_dev": "8",
      "monthly_aaum_date": "8",
      "monthly_aaum_value": "8",
      "mutual_fund_name": "8",
      "scheme_launch_date": "8"
     }
    ],
    "fund_manager": [
     {
      "managing_fund_since": "july 29, 2022 ",
      "name": "Roshi Jain",
      "qualification": "",
      "total_exp": "19 years"
     }
    ],
    "load": [
     {
      "comment": "$ Prestige Estates Projects • In respect of each purchase / switch-in of Units, an Exit Load of 1.00% is payable if Units Tata Consultancy Services are redeemed / switched-out within 1 year from the date of allotment. CIE Automotive India Ltd Auto Components • No Exit Load is payable if Units are redeemed Fsn Ecommerce Ventures / switched-out after 1 year from the date of allotment. Bank of Baroda Kalpataru Projects Mahindra & Mahindra Varroc Engineering Lupin Ltd. JK Lakshmi Cement Ltd Metropolis Healthcare Nuvoco Vistas Cyient Ltd.",
      "type": "exit"
     }
    ],
    "main_scheme_name": "HDFC Flexi Cap Fund",
    "metrics": [
     {
      "name": "sharpe",
      "value": "1.098"
     },
     {
      "name": "std_dev",
      "value": "12.557%"
     },
     {
      "name": "beta",
      "value": "0.829"
     },
     {
      "name": "port_turnover_ratio",
      "value": "32.29"
     },
     {
      "name": "net_equity_level",
      "value": "87.35%"
     }
    ],
    "monthly_aaum_date": "20250331",
    "monthly_aaum_value": "₹66,878.06Cr",
    "mutual_fund_name": "HDFC Mutual Fund",
    "scheme_launch_date": "19950101"
   }
  },
  {
   "value": {
    "amc_name": "HDFC Asset Management Company Limited",
    "benchmark_index": [
     "NIFTY500 Multicap 50:25:25 (Total Returns Index) ##ADDL. BENCHMARK INDEX"
    ],
    "field_location": [
     {
      "amc_name": "10",
      "benchmark_index": "10",
      "count": 48,
      "fund_manager_managing_fund_since": "10",
      "fund_manager_name": "10",
      "fund_manager_total_exp": "10",
      "load_exit": "10",
      "main_scheme_name": "10",
      "metrics_beta": "10",
      "metrics_port_turnover_ratio": "10",
      "metrics_sharpe": "10",
      "metrics_std_dev": "10",
      "monthly_aaum_date": "10",
      "monthly_aaum_value": "10",
      "mutual_fund_name": "10",
      "scheme_launch_date": "10"
     }
    ],
    "fund_manager": [
     {
      "managing_fund_since": " december 10",
      "name": "Gopal Agrawal",
      "qualification": "",
      "total_exp": "2021 years"
     }
    ],
    "load": [
     {
      "comment": "$ • In respect of each purchase / switch-in of Units, an Exit Load of 1.00% is payable if Units are redeemed / switched-out within 1 year from the date of allotment. • No Exit Load is payable if Units are redeemed / switched-out after 1 year from the date of allotment.",
      "type": "exit"
     }
    ],
    "main_scheme_name": "HDFC Multi Cap Fund",
    "metrics": [
     {
      "name": "sharpe",
      "value": "0.809"
     },
     {
      "name": "std_dev",
      "value": "15.353%"
     },
     {
      "name": "beta",
      "value": "0.960"
     },
     {
      "name": "port_turnover_ratio",
      "value": "7.31"
     }
    ],
    "monthly_aaum_date": "20250331",
    "monthly_aaum_value": "₹15,354.71Cr",
    "mutual_fund_name": "HDFC Mutual Fund",
    "scheme_launch_date": "20211210"
   }
  },
  {
   "value": {
    "amc_name": "HDFC Asset Management Company Limited",
    "benchmark_index": [
     "NIFTY 100 (Total Returns Index)"
    ],
    "field_location": [
     {
      "amc_name": "13",
      "benchmark_index": "13",
      "count": 48,
      "fund_manager_managing_fund_since": "13",
      "fund_manager_name": "13",
      "fund_manager_total_exp": "13",
      "load_exit": "13",
      "main_scheme_name": "13",
      "metrics_beta": "13",
      "metrics_port_turnover_ratio": "13",
      "metrics_sharpe": "13",
      "metrics_std_dev": "13",
      "min_amt": "13",
      "monthly_aaum_date": "13",
      "monthly_aaum_value": "13",
      "mutual_fund_name": "13",
      "scheme_launch_date": "13"
     }
    ],
    "fund_manager": [
     {
      "managing_fund_since": "july 29, 2022 ",
      "name": "Rahul Baijal",
      "qualification": "",
      "total_exp": "24 years"
     }
    ],
    "load": [
     {
      "comment": "$ • In respect of each purchase / switch-in of Units, an Exit Load of 1.00% is payable if Units are redeemed / switched-out within 1 year from the date of allotment. • No Exit Load is payable if Units are redeemed / switched-out after 1 year from the date of allotment.",
      "type": "exit"
     }
    ],
    "main_scheme_name": "HDFC Large Cap Fund",
    "metrics": [
     {
      "name": "sharpe",
      "value": "0.638"
     },
     {
      "name": "std_dev",
      "value": "13.176%"
     },
     {
      "name": "beta",
      "value": "0.907"
     },
     {
      "name": "port_turnover_ratio",
      "value": "12.76"
     }
    ],
    "min_amt": "100",
    "monthly_aaum_date": "20250331",
    "monthly_aaum_value": "₹34,988.06Cr",
    "mutual_fund_name": "HDFC Mutual Fund",
    "scheme_launch_date": "19961011"
   }
  },
  {
   "value": {
    "amc_name": "HDFC Asset Management Company Limited",
    "benchmark_index": [
     "NIFTY Midcap 150 Index (Total Returns Index) ##ADDL. BENCHMARK INDEX"
    ],
    "field_location": [
     {
      "amc_name": "15",
      "benchmark_index": "15",
      "count": 48,
      "fund_manager_managing_fund_since": "15",
      "fund_manager_name": "15",
      "fund_manager_total_exp": "15",
      "load_exit": "15",
      "main_scheme_name": "15",
      "metrics_beta": "15",
      "metrics_port_turnover_ratio": "15",
      "metrics_sharpe": "15",
      "metrics_std_dev": "15",
      "monthly_aaum_date": "15",
      "monthly_aaum_value": "15",
      "mutual_fund_name": "15",
      "scheme_launch_date": "15"
     }
    ],
    "fund_manager": [
     {
      "managing_fund_since": " june 25",
      "name": "Chirag Setalvad",
      "qualification": "",
      "total_exp": "28 years"
     }
    ],
    "load": [
     {
      "comment": "$ • In respect of each purchase / switch-in of Units, an Exit Load of 1.00% is payable if Units are redeemed / switched-out within 1 year from the date of allotment. • No Exit Load is payable if Units are redeemed / switched-out after 1 year from the date of allotment",
      "type": "exit"
     }
    ],
    "main_scheme_name": "HDFC Mid-Cap Opportunities Fund",
    "metrics": [
     {
      "name": "sharpe",
      "value": "1.014"
     },
     {
      "name": "std_dev",
      "value": "15.529%"
     },
     {
      "name": "beta",
      "value": "0.881"
     },
     {
      "name": "port_turnover_ratio",
      "value": "18.22"
     }
    ],
    "monthly_aaum_date": "20250331",
    "monthly_aaum_value": "₹70,149.54Cr",
    "mutual_fund_name": "HDFC Mutual Fund",
    "scheme_launch_date": "20070625"
   }
  },
  {
   "value": {
    "amc_name": "HDFC Asset Management Company Limited",
    "benchmark_index": [
     "BSE 250 Smallcap Index (Total Returns Index)"
    ],
    "field_location": [
     {
      "amc_name": "17",
      "benchmark_index": "17",
      "count": 48,
      "fund_manager_managing_fund_since": "17",
      "fund_manager_name": "17",
      "fund_manager_total_exp": "17",
      "load_exit": "17",
      "main_scheme_name": "17",
      "metrics_beta": "17",
      "metrics_port_turnover_ratio": "17",
      "metrics_sharpe": "17",
      "metrics_std_dev": "17",
      "monthly_aaum_date": "17",
      "monthly_aaum_value": "17",
      "mutual_fund_name": "17",
      "scheme_launch_date": "17"
     }
    ],
    "fund_manager": [
     {
      "managing_fund_since": " june 28",
      "name": "Chirag Setalvad",
      "qualification": "",
      "total_exp": "28 years"
     }
    ],
    "load": [
     {
      "comment": "$ • In respect of each purchase / switch-in of Units, an Exit Load of 1.00% is payable if Units are redeemed / switched-out within 1 year from the date of allotment. • No Exit Load is payable if Units are redeemed / switched-out after 1 year from the date of allotment",
      "type": "exit"
     }
    ],
    "main_scheme_name": "HDFC Small Cap Fund",
    "metrics": [
     {
      "name": "sharpe",
      "value": "0.735"
     },
     {
      "name": "std_dev",
      "value": "16.481%"
     },
     {
      "name": "beta",
      "value": "0.805"
     },
     {
      "name": "port_turnover_ratio",
      "value": "11.71"
     }
    ],
    "monthly_aaum_date": "20250331",
    "monthly_aaum_value": "₹29,194.55Cr",
    "mutual_fund_name": "HDFC Mutual Fund",
    "scheme_launch_date": "20080403"
   }
  },
  {
   "value": {
    "amc_name": "HDFC Asset Management Company Limited",
    "benchmark_index": [
     "NIFTY Large Midcap 250 (Total Return Index) ##ADDL. BENCHMARK INDEX"
    ],
    "field_location": [
     {
      "amc_name": "19",
      "benchmark_index": "19",
      "count": 48,
      "fund_manager_managing_fund_since": "19",
      "fund_manager_name": "19",
      "fund_manager_total_exp": "19",
      "load_exit": "19",
      "main_scheme_name": "19",
      "metrics_beta": "19",
      "metrics_port_turnover_ratio": "19",
      "metrics_sharpe": "19",
      "metrics_std_dev": "19",
      "monthly_aaum_date": "19",
      "monthly_aaum_value": "19",
      "mutual_fund_name": "19",
      "scheme_launch_date": "19"
     }
    ],
    "fund_manager": [
     {
      "managing_fund_since": "july 16, 2020 ",
      "name": "Gopal Agrawal",
      "qualification": "",
      "total_exp": "21 years"
     }
    ],
    "load": [
     {
      "comment": "$ • In respect of each purchase / switch-in of Units, an Exit Load of 1.00% is payable if Units are redeemed / switched-out within 1 year from the date of allotment. • No Exit Load is payable if Units are redeemed / switched-out after 1 year from the date of allotment.",
      "type": "exit"
     }
    ],
    "main_scheme_name": "HDFC Large and Mid Cap Fund",
    "metrics": [
     {
      "name": "sharpe",
      "value": "0.736"
     },
     {
      "name": "std_dev",
      "value": "15.210%"
     },
     {
      "name": "beta",
      "value": "0.986"
     },
     {
      "name": "port_turnover_ratio",
      "value": "4.58"
     }
    ],
    "monthly_aaum_date": "20250331",
    "monthly_aaum_value": "₹22,523.80Cr",
    "mutual_fund_name": "HDFC Mutual Fund",
    "scheme_launch_date": "19940218"
   }
  },
  {
   "value": {
    "amc_name": "HDFC Asset Management Company Limited",
    "benchmark_index": [
     "NIFTY 500 (Total Returns Index) ##ADDL. BENCHMARK INDEX"
    ],
    "field_location": [
     {
      "amc_name": "22",
      "benchmark_index": "22",
      "count": 48,
      "fund_manager_managing_fund_since": "22",
      "fund_manager_name": "22",
      "fund_manager_total_exp": "22",
      "load_exit": "22",
      "main_scheme_name": "22",
      "metrics_beta": "22",
      "metrics_port_turnover_ratio": "22",
      "metrics_sharpe": "22",
      "metrics_std_dev": "22",
      "min_amt": "22",
      "monthly_aaum_date": "22",
      "monthly_aaum_value": "22",
      "mutual_fund_name": "22",
      "scheme_launch_date": "22"
     }
    ],
    "fund_manager": [
     {
      "managing_fund_since": " february 01",
      "name": "Anand Laddha",
      "qualification": "",
      "total_exp": "21 years"
     }
    ],
    "load": [
     {
      "comment": "$ • In respect of each purchase / switch-in of Units, an Exit Load of 1.00% is payable if Units are redeemed / switched-out within 1 year from the date of allotment. • No Exit Load is payable if Units are redeemed / switched-out after 1 year from the date of allotment.",
      "type": "exit"
     }
    ],
    "main_scheme_name": "HDFC Value Fund",
    "metrics": [
     {
      "name": "sharpe",
      "value": "0.591"
     },
     {
      "name": "std_dev",
      "value": "14.514%"
     },
     {
      "name": "beta",
      "value": "0.964"
     },
     {
      "name": "port_turnover_ratio",
      "value": "22.90"
     }
    ],
    "min_amt": "0",
    "monthly_aaum_date": "20250331",
    "monthly_aaum_value": "₹6,611.08Cr",
    "mutual_fund_name": "HDFC Mutual Fund",
    "scheme_launch_date": "19940201"
   }
  },
  {
   "value": {
    "amc_name": "HDFC Asset Management Company Limited",
    "benchmark_index": [
     "NIFTY 500 (Total Returns Index) ##ADDL. BENCHMARK INDEX"
    ],
    "field_location": [
     {
      "amc_name": "24",
      "benchmark_index": "24",
      "count": 48,
      "fund_manager_name": "24",
      "fund_manager_total_exp": "24",
      "load_exit": "24",
      "main_scheme_name": "24",
      "metrics_beta": "24",
      "metrics_port_turnover_ratio": "24",
      "metrics_sharpe": "24",
      "metrics_std_dev": "24",
      "monthly_aaum_date": "24",
      "monthly_aaum_value": "24",
      "mutual_fund_name": "24",
      "scheme_launch_date": "24"
     }
    ],
    "fund_manager": [
     {
      "managing_fund_since": "",
      "name": "Gopal Agrawal",
      "qualification": "",
      "total_exp": "21 years"
     }
    ],
    "load": [
     {
      "comment": "$ • In respect of each purchase / switch-in of Units, an Exit Load of 1.00% is payable if Units are redeemed / switched-out within 1 year from the date of allotment. • No Exit Load is payable if Units are redeemed / switched-out after 1 year from the date of allotment.",
      "type": "exit"
     }
    ],
    "main_scheme_name": "HDFC Dividend Yield Fund",
    "metrics": [
     {
      "name": "sharpe",
      "value": "0.666"
     },
     {
      "name": "std_dev",
      "value": "14.879%"
     },
     {
      "name": "beta",
      "value": "0.980"
     },
     {
      "name": "port_turnover_ratio",
      "value": "8.79"
     }
    ],
    "monthly_aaum_date": "20250331",
    "monthly_aaum_value": "₹5,749.10Cr",
    "mutual_fund_name": "HDFC Mutual Fund",
    "scheme_launch_date": "20201218"
   }
  },
  {
   "value": {
    "amc_name": "HDFC Asset Management Company Limited",
    "benchmark_index": [
     "NIFTY 500 (Total Returns Index)"
    ],
    "field_location": [
     {
      "amc_name": "27",
      "benchmark_index": "27",
      "count": 48,
      "fund_manager_managing_fund_since": "27",
      "fund_manager_name": "27",
      "fund_manager_total_exp": "27",
      "load_exit": "27",
      "main_scheme_name": "27",
      "metrics_beta": "27",
      "metrics_net_equity_level": "27",
      "metrics_port_turnover_ratio": "27",
      "metrics_sharpe": "27",
      "metrics_std_dev": "27",
      "min_amt": "27",
      "monthly_aaum_date": "27",
      "monthly_aaum_value": "27",
      "mutual_fund_name": "27",
      "scheme_launch_date": "27"
     }
    ],
    "fund_manager": [
     {
      "managing_fund_since": "january 13, 2022 ",
      "name": "Roshi Jain",
      "qualification": "",
      "total_exp": "19 years"
     }
    ],
    "load": [
     {
      "comment": "$ • In respect of each purchase / switch-in of Units, an Exit Load of 1.00% is payable if Units are redeemed / switched-out within 1 year from the date of allotment. • No Exit Load is payable if Units are redeemed / switched-out after 1 year from the date of al- lotment.",
      "type": "exit"
     }
    ],
    "main_scheme_name": "HDFC Focused 30 Fund",
    "metrics": [
     {
      "name": "sharpe",
      "value": "1.241"
     },
     {
      "name": "std_dev",
      "value": "11.375%"
     },
     {
      "name": "beta",
      "value": "0.747"
     },
     {
      "name": "port_turnover_ratio",
      "value": "30.73"
     },
     {
      "name": "net_equity_level",
      "value": "83.37%"
     }
    ],
    "min_amt": "1",
    "monthly_aaum_date": "20250331",
    "monthly_aaum_value": "₹16,332.79Cr",
    "mutual_fund_name": "HDFC Mutual Fund",
    "scheme_launch_date": "20040917"
   }
  },
  {
   "value": {
    "amc_name": "HDFC Asset Management Company Limited",
    "benchmark_index": [
     "NIFTY 500 (Total Returns Index)"
    ],
    "field_location": [
     {
      "amc_name": "29",
      "benchmark_index": "29",
      "count": 48,
      "fund_manager_name": "29",
      "fund_manager_total_exp": "29",
      "load_exit": "29",
      "main_scheme_name": "29",
      "metrics_beta": "29",
      "metrics_port_turnover_ratio": "29",
      "metrics_sharpe": "29",
      "metrics_std_dev": "29",
      "monthly_aaum_date": "29",
      "monthly_aaum_value": "29",
      "mutual_fund_name": "29",
      "scheme_launch_date": "29"
     }
    ],
    "fund_manager": [
     {
      "managing_fund_since": "",
      "name": "Rahul Baijal",
      "qualification": "",
      "total_exp": "24 years"
     }
    ],
    "load": [
     {
      "comment": "$ • In respect of each purchase/switch-in of units, an Exit load of 1% is payable if units are redeemed/switched-out within 1 year from the date of allotment. • No Exit Load is payable if units are redeemed / switched-out after 1 year from the date of allotment.",
      "type": "exit"
     }
    ],
    "main_scheme_name": "HDFC Business Cycle Fund",
    "metrics": [
     {
      "name": "sharpe",
      "value": "0.487"
     },
     {
      "name": "std_dev",
      "value": "12.908%"
     },
     {
      "name": "beta",
      "value": "0.801"
     },
     {
      "name": "port_turnover_ratio",
      "value": "43.37"
     }
    ],
    "monthly_aaum_date": "20250331",
    "monthly_aaum_value": "₹2,703.49Cr",
    "mutual_fund_name": "HDFC Mutual Fund",
    "scheme_launch_date": "20221130"
   }
  },
  {
   "value": {
    "amc_name": "HDFC Asset Management Company Limited",
    "benchmark_index": [
     "Varroc Engineering Limited NIFTY Transportation & Logistics Index FIEM INDUSTRIES LIMITED"
    ],
    "field_location": [
     {
      "amc_name": "31",
      "benchmark_index": "31",
      "count": 48,
      "fund_manager_managing_fund_since": "31",
      "fund_manager_name": "31",
      "fund_manager_total_exp": "31",
      "load_exit": "31",
      "main_scheme_name": "31",
      "metrics_port_turnover_ratio": "31",
      "min_amt": "31",
      "monthly_aaum_date": "31",
      "monthly_aaum_value": "31",
      "mutual_fund_name": "31",
      "scheme_launch_date": "31"
     }
    ],
    "fund_manager": [
     {
      "managing_fund_since": " august 17",
      "name": "Priya Ranjan",
      "qualification": "",
      "total_exp": "2023 years"
     }
    ],
    "load": [
     {
      "comment": "$ • In respect of each purchase/switch-in of units, VRL Logistics Ltd. an Exit load of 1% is payable if units are redeemed/switched-out within 30 days from the date of allotment. • No Exit Load is payable if units are redeemed / switched-out after 30 days from the date of allotment. Industry llocation of E uity Holding ( of Net ssets ssuming ₹ 10,000 invested systematically on the first usiness Day of every month over a period of time. CAGR returns are computed after accounting for the cash flow by using XIRR method (investment internal rate of return) for Regular Plan - Growth utomobiles .1 Option. The above investment simulation is for illustrative purposes only and should not be construed as a promise on minimum returns and safeguard of capital. uto Components 30.73 Transport Services 9. 7 Industrial roducts . Returns greater than 1 year period are compounded annualized (CAGR). For performance of other schemes",
      "type": "exit"
     }
    ],
    "main_scheme_name": "HDFC Transportation and Logistics Fund",
    "metrics": [
     {
      "name": "port_turnover_ratio",
      "value": "28.59"
     }
    ],
    "min_amt": "2",
    "monthly_aaum_date": "20250331",
    "monthly_aaum_value": "₹1,203.49Cr",
    "mutual_fund_name": "HDFC Mutual Fund",
    "scheme_launch_date": "20230817"
   }
  },
  {
   "value": {
    "amc_name": "HDFC Asset Management Company Limited",
    "benchmark_index": [
     "NIFTY India Defence Index TRI"
    ],
    "field_location": [
     {
      "amc_name": "32",
      "benchmark_index": "32",
      "count": 48,
      "fund_manager_managing_fund_since": "32",
      "fund_manager_name": "32",
      "fund_manager_total_exp": "32",
      "load_exit": "32",
      "main_scheme_name": "32",
      "metrics_beta": "32",
      "metrics_port_turnover_ratio": "32",
      "metrics_sharpe": "32",
      "metrics_std_dev": "32",
      "monthly_aaum_date": "32",
      "monthly_aaum_value": "32",
      "mutual_fund_name": "32",
      "scheme_launch_date": "32"
     }
    ],
    "fund_manager": [
     {
      "managing_fund_since": "june 02, 2023 ",
      "name": "Abhishek Poddar",
      "qualification": "",
      "total_exp": "20 years"
     }
    ],
    "load": [
     {
      "comment": "$ • In respect of each purchase/switch-in of units, an Exit load of 1% is payable if units are redeemed/switched-out within 1 year from the date of allotment. • No Exit Load is payable if units are redeemed / switched-out after 1 year from the date of allotment ssuming ₹ 10,000 invested systematically on the first usiness Day of every month over a period of time. C G returns are computed after accounting for the cash flow by using XIRR method (investment internal rate of return) for Regular Plan - Growth Option. The above investment simulation is for illustrative purposes only and should not be construed as a promise on minimum returns and safeguard of capital. Returns greater than 1 year period are compounded annualized (CAGR). For performance of other schemes",
      "type": "exit"
     }
    ],
    "main_scheme_name": "HDFC Defence Fund",
    "metrics": [
     {
      "name": "sharpe",
      "value": "1.124"
     },
     {
      "name": "std_dev",
      "value": "32.092%"
     },
     {
      "name": "beta",
      "value": "0.849"
     },
     {
      "name": "port_turnover_ratio",
      "value": "10.29"
     }
    ],
    "monthly_aaum_date": "20250331",
    "monthly_aaum_value": "₹4,468.37Cr",
    "mutual_fund_name": "HDFC Mutual Fund",
    "scheme_launch_date": "20230602"
   }
  },
  {
   "value": {
    "amc_name": "HDFC Asset Management Company Limited",
    "benchmark_index": [
     "NIFTY Financial Services (Total Returns Index)"
    ],
    "field_location": [
     {
      "amc_name": "33",
      "benchmark_index": "33",
      "count": 48,
      "fund_manager_managing_fund_since": "33",
      "fund_manager_name": "33",
      "fund_manager_total_exp": "33",
      "load_exit": "33",
      "main_scheme_name": "33",
      "metrics_beta": "33",
      "metrics_port_turnover_ratio": "33",
      "metrics_sharpe": "33",
      "metrics_std_dev": "33",
      "min_amt": "33",
      "monthly_aaum_date": "33",
      "monthly_aaum_value": "33",
      "mutual_fund_name": "33",
      "scheme_launch_date": "33"
     }
    ],
    "fund_manager": [
     {
      "managing_fund_since": "july 1, 2021 ",
      "name": "Anand Laddha",
      "qualification": "",
      "total_exp": "21 years"
     }
    ],
    "load": [
     {
      "comment": "$ • In respect of each purchase/switch-in of units, an Exit load of 1% is payable if units are redeemed/switched-out within 30 days from the date of allotment. • No Exit Load is payable if units are redeemed / switched-out after 30 days from the date of allotment. Industry llocation of E uity Holding ssuming ₹ 10,000 invested systematically on the first usiness Day of every month over a period of time. C G returns are ( of Net ssets computed after accounting for the cash flow by using XIRR method (investment internal rate of return) for Regular Plan - Growth Option. The above investment simulation is for illustrative purposes only and should not be construed as a promise on minimum returns and safeguard of capital. anks . Finance 0.01 Insurance . 0 Capital Markets 3. 7 Returns greater than 1 year period are compounded annualized (CAGR). For performance of other schemes",
      "type": "exit"
     }
    ],
    "main_scheme_name": "HDFC Banking & Financial Services Fund",
    "metrics": [
     {
      "name": "sharpe",
      "value": "0.564"
     },
     {
      "name": "std_dev",
      "value": "14.320%"
     },
     {
      "name": "beta",
      "value": "0.912"
     },
     {
      "name": "port_turnover_ratio",
      "value": "18.50"
     }
    ],
    "min_amt": "1",
    "monthly_aaum_date": "20250331",
    "monthly_aaum_value": "₹3,567.54Cr",
    "mutual_fund_name": "HDFC Mutual Fund",
    "scheme_launch_date": "20210701"
   }
  },
  {
   "value": {
    "amc_name": "HDFC Asset Management Company Limited",
    "benchmark_index": [
     "BSE Teck Index (Total Returns Index)"
    ],
    "field_location": [
     {
      "amc_name": "34",
      "benchmark_index": "34",
      "count": 48,
      "fund_manager_total_exp": "34",
      "load_exit": "34",
      "main_scheme_name": "34",
      "metrics_beta": "34",
      "metrics_port_turnover_ratio": "34",
      "metrics_sharpe": "34",
      "metrics_std_dev": "34",
      "min_amt": "34",
      "monthly_aaum_date": "34",
      "monthly_aaum_value": "34",
      "mutual_fund_name": "34",
      "scheme_launch_date": "34"
     }
    ],
    "fund_manager": [
     {
      "managing_fund_since": "",
      "name": "",
      "qualification": "",
      "total_exp": "23 years"
     }
    ],
    "load": [
     {
      "comment": "$ • In respect of each purchase/switch-in of units, an Exit load of 1% is payable if units are redeemed/switched-out within 30 days from the date of allotment. • No Exit Load is payable if units are redeemed / switched-out after 30 days from the date of allotment. Industry llocation of E uity Holding ( of Net ssets IT Software .9 Telecom Services 1 .93 Commercial Services Supplies .9 etailing . IT Services .1 Financial Technology (Fintech 1.07 Entertainment 0. 1 0 10 0 30 0 0 0 70",
      "type": "exit"
     }
    ],
    "main_scheme_name": "HDFC Technology Fund",
    "metrics": [
     {
      "name": "sharpe",
      "value": "0.622"
     },
     {
      "name": "std_dev",
      "value": "19.220%"
     },
     {
      "name": "beta",
      "value": "1.102"
     },
     {
      "name": "port_turnover_ratio",
      "value": "5.46"
     }
    ],
    "min_amt": "2",
    "monthly_aaum_date": "20250331",
    "monthly_aaum_value": "₹1,309.50Cr",
    "mutual_fund_name": "HDFC Mutual Fund",
    "scheme_launch_date": "20230908"
   }
  },
  {
   "value": {
    "amc_name": "HDFC Asset Management Company Limited",
    "benchmark_index": [
     "BSE Healthcare Index (Total Returns Index)"
    ],
    "field_location": [
     {
      "amc_name": "35",
      "benchmark_index": "35",
      "count": 48,
      "fund_manager_managing_fund_since": "35",
      "fund_manager_name": "35",
      "fund_manager_total_exp": "35",
      "load_exit": "35",
      "main_scheme_name": "35",
      "metrics_beta": "35",
      "metrics_port_turnover_ratio": "35",
      "metrics_sharpe": "35",
      "metrics_std_dev": "35",
      "min_amt": "35",
      "monthly_aaum_date": "35",
      "monthly_aaum_value": "35",
      "mutual_fund_name": "35",
      "scheme_launch_date": "35"
     }
    ],
    "fund_manager": [
     {
      "managing_fund_since": " october 4,2023",
      "name": "Nikhil Mathur",
      "qualification": "",
      "total_exp": "15 years"
     }
    ],
    "load": [
     {
      "comment": "$ • In respect of each purchase/switch-in of units, an Exit load of 1% is payable if units are redeemed/switched-out within 30 days from the date of allotment. • No Exit Load is payable if units are redeemed / switched-out after 30 days from the date of allotment. Industry llocation of E uity Holding ( of Net ssets harmaceuticals iotechnology 73. Healthcare Services 1.0 Healthcare E uipment Supplies 1.7 Insurance 1.0 0 10 0 30 0 0 0 70",
      "type": "exit"
     }
    ],
    "main_scheme_name": "HDFC Pharma and Healthcare Fund",
    "metrics": [
     {
      "name": "sharpe",
      "value": "1.552"
     },
     {
      "name": "std_dev",
      "value": "18.526%"
     },
     {
      "name": "beta",
      "value": "1.134"
     },
     {
      "name": "port_turnover_ratio",
      "value": "38.18"
     }
    ],
    "min_amt": "2",
    "monthly_aaum_date": "20250331",
    "monthly_aaum_value": "₹1,566.65Cr",
    "mutual_fund_name": "HDFC Mutual Fund",
    "scheme_launch_date": "20231004"
   }
  },
  {
   "value": {
    "amc_name": "HDFC Asset Management Company Limited",
    "benchmark_index": [
     "NIFTY Housing (Total Returns Index)"
    ],
    "field_location": [
     {
      "amc_name": "36",
      "benchmark_index": "36",
      "count": 48,
      "fund_manager_total_exp": "36",
      "load_exit": "36",
      "main_scheme_name": "36",
      "metrics_beta": "36",
      "metrics_port_turnover_ratio": "36",
      "metrics_sharpe": "36",
      "metrics_std_dev": "36",
      "min_amt": "36",
      "monthly_aaum_date": "36",
      "monthly_aaum_value": "36",
      "mutual_fund_name": "36",
      "scheme_launch_date": "36"
     }
    ],
    "fund_manager": [
     {
      "managing_fund_since": "",
      "name": "",
      "qualification": "",
      "total_exp": "24 years"
     }
    ],
    "load": [
     {
      "comment": "$ • In respect of each purchase/switch-in of units, an Exit load of 1% is payable if units are redeemed/switched-out within 30 days from the date of allotment. • No Exit Load is payable if units are redeemed / switched-out after 30 days from the date of allotment.",
      "type": "exit"
     }
    ],
    "main_scheme_name": "HDFC Housing Opportunities Fund",
    "metrics": [
     {
      "name": "sharpe",
      "value": "0.687"
     },
     {
      "name": "std_dev",
      "value": "17.174%"
     },
     {
      "name": "beta",
      "value": "0.821"
     },
     {
      "name": "port_turnover_ratio",
      "value": "5.35"
     }
    ],
    "min_amt": "2",
    "monthly_aaum_date": "20250331",
    "monthly_aaum_value": "₹1,212.78Cr",
    "mutual_fund_name": "HDFC Mutual Fund",
    "scheme_launch_date": "20171206"
   }
  },
  {
   "value": {
    "amc_name": "HDFC Asset Management Company Limited",
    "benchmark_index": [
     "BSE India Infrastructure Index"
    ],
    "field_location": [
     {
      "amc_name": "38",
      "benchmark_index": "38",
      "count": 48,
      "fund_manager_total_exp": "38",
      "load_exit": "38",
      "main_scheme_name": "38",
      "metrics_beta": "38",
      "metrics_port_turnover_ratio": "38",
      "metrics_sharpe": "38",
      "metrics_std_dev": "38",
      "monthly_aaum_date": "38",
      "monthly_aaum_value": "38",
      "mutual_fund_name": "38",
      "scheme_launch_date": "38"
     }
    ],
    "fund_manager": [
     {
      "managing_fund_since": "",
      "name": "",
      "qualification": "",
      "total_exp": "18 years"
     }
    ],
    "load": [
     {
      "comment": "$ • In respect of each purchase/switch-in of units, an Exit load of 1% is payable if units are redeemed/switched-out within 30 days from the date of allotment. • No Exit Load is payable if units are redeemed / switched-out after 30 days from the date of allotment.",
      "type": "exit"
     }
    ],
    "main_scheme_name": "HDFC Infrastructure Fund",
    "metrics": [
     {
      "name": "sharpe",
      "value": "1.168"
     },
     {
      "name": "std_dev",
      "value": "17.721%"
     },
     {
      "name": "beta",
      "value": "0.601"
     },
     {
      "name": "port_turnover_ratio",
      "value": "14.13"
     }
    ],
    "monthly_aaum_date": "20250331",
    "monthly_aaum_value": "₹2,232.14Cr",
    "mutual_fund_name": "HDFC Mutual Fund",
    "scheme_launch_date": "20080310"
   }
  },
  {
   "value": {
    "amc_name": "HDFC Asset Management Company Limited",
    "benchmark_index": [
     "Ashok Leyland  Ltd NIFTY MNC TRI  (Total Returns Index)"
    ],
    "field_location": [
     {
      "amc_name": "40",
      "benchmark_index": "40",
      "count": 48,
      "fund_manager_managing_fund_since": "40",
      "fund_manager_name": "40",
      "fund_manager_total_exp": "40",
      "load_exit": "40",
      "main_scheme_name": "40",
      "metrics_beta": "40",
      "metrics_port_turnover_ratio": "40",
      "metrics_sharpe": "40",
      "metrics_std_dev": "40",
      "min_amt": "40",
      "monthly_aaum_date": "40",
      "monthly_aaum_value": "40",
      "mutual_fund_name": "40",
      "scheme_launch_date": "40"
     }
    ],
    "fund_manager": [
     {
      "managing_fund_since": "march 09, 2023 ",
      "name": "Rahul Baijal",
      "qualification": "",
      "total_exp": "24 years"
     }
    ],
    "load": [
     {
      "comment": "$ • In respect of each purchase/switch-in of units, ABB India Ltd. an Exit load of 1% is payable if units are Gland Pharma Ltd. redeemed/switched-out within 1 year from the date of allotment. • No Exit Load is payable if units are redeemed / switched-out after 1 year from the date of allotment.",
      "type": "exit"
     }
    ],
    "main_scheme_name": "HDFC MNC Fund",
    "metrics": [
     {
      "name": "sharpe",
      "value": "0.291"
     },
     {
      "name": "std_dev",
      "value": "15.326%"
     },
     {
      "name": "beta",
      "value": "1.053"
     },
     {
      "name": "port_turnover_ratio",
      "value": "49.76"
     }
    ],
    "min_amt": "100",
    "monthly_aaum_date": "20250331",
    "monthly_aaum_value": "₹543.21Cr",
    "mutual_fund_name": "HDFC Mutual Fund",
    "scheme_launch_date": "20230309"
   }
  },
  {
   "value": {
    "amc_name": "HDFC Asset Management Company Limited",
    "benchmark_index": [
     "NIFTY India Consumption Index"
    ],
    "field_location": [
     {
      "amc_name": "42",
      "benchmark_index": "42",
      "count": 48,
      "fund_manager_managing_fund_since": "42",
      "fund_manager_name": "42",
      "fund_manager_total_exp": "42",
      "load_exit": "42",
      "main_scheme_name": "42",
      "metrics_beta": "42",
      "metrics_port_turnover_ratio": "42",
      "metrics_sharpe": "42",
      "metrics_std_dev": "42",
      "min_amt": "42",
      "monthly_aaum_date": "42",
      "monthly_aaum_value": "42",
      "mutual_fund_name": "42",
      "scheme_launch_date": "42"
     }
    ],
    "fund_manager": [
     {
      "managing_fund_since": "july 12, 2023 ",
      "name": "Amit Sinha",
      "qualification": "",
      "total_exp": "21 years"
     }
    ],
    "load": [
     {
      "comment": "$ • In respect of each purchase/switch-in of units, an Exit load of 1% is payable if units are redeemed/switched-out within 30 days from the date of allotment. • No Exit Load is payable if units are redeemed / switched-out after 30 days year from the date of allotment. Industry llocation of E uity Holding ( of Net ssets etailing . Diversi ied Fmcg 1 . ssuming ₹ 10,000 invested systematically on the first usiness Day of every month over a period of time. CAGR returns are computed after Consumer Durables 10.91 accounting for the cash flow by using XIRR method (investment internal rate of return) for Regular Plan - Growth Option. The above investment everages 9.99 simulation is for illustrative purposes only and should not be construed as a promise on minimum returns and safeguard of capital. ersonal roducts .0 utomobiles .1 Leisure Services .0 Healthcare Services 3. Telecom Services 3. Food roducts .99 Transport Services . 7 Financial Technology (Fintech . 7 gricultural Food ther roducts 1.99",
      "type": "exit"
     }
    ],
    "main_scheme_name": "HDFC Non-Cyclical Consumer Fund",
    "metrics": [
     {
      "name": "sharpe",
      "value": "0.611"
     },
     {
      "name": "std_dev",
      "value": "16.625%"
     },
     {
      "name": "beta",
      "value": "0.953"
     },
     {
      "name": "port_turnover_ratio",
      "value": "54.30"
     }
    ],
    "min_amt": "100",
    "monthly_aaum_date": "20250331",
    "monthly_aaum_value": "₹870.83Cr",
    "mutual_fund_name": "HDFC Mutual Fund",
    "scheme_launch_date": "20230712"
   }
  },
  {
   "value": {
    "amc_name": "HDFC Asset Management Company Limited",
    "benchmark_index": [
     "NIFTY India Manufacturing Index ##ADDL. BENCHMARK INDEX"
    ],
    "field_location": [
     {
      "amc_name": "43",
      "benchmark_index": "43",
      "count": 48,
      "fund_manager_managing_fund_since": "43",
      "fund_manager_name": "43",
      "fund_manager_total_exp": "43",
      "load_exit": "43",
      "main_scheme_name": "43",
      "monthly_aaum_date": "43",
      "monthly_aaum_value": "43",
      "mutual_fund_name": "43",
      "scheme_launch_date": "43"
     }
    ],
    "fund_manager": [
     {
      "managing_fund_since": "may 16, 2024 ",
      "name": "Rakesh Sethia",
      "qualification": "",
      "total_exp": "17 years"
     }
    ],
    "load": [
     {
      "comment": "$ In respect of each purchase/switch-in of units, an Exit load of 1% is payable if units are redeemed/switched-out within 1 month from the date of allotment. No Exit Load is payable if units are redeemed / switched-out after 1 month from the date of allotment.",
      "type": "exit"
     }
    ],
    "main_scheme_name": "HDFC Manufacturing Fund",
    "monthly_aaum_date": "20250331",
    "monthly_aaum_value": "₹11,299.28Cr",
    "mutual_fund_name": "HDFC Mutual Fund",
    "scheme_launch_date": "20240516"
   }
  },
  {
   "value": {
    "amc_name": "HDFC Asset Management Company Limited",
    "benchmark_index": [
     "NIFTY 50 Hybrid Composite Debt 50:50 Index Divis Laboratories"
    ],
    "field_location": [
     {
      "amc_name": "45",
      "benchmark_index": "45",
      "count": 48,
      "fund_manager_managing_fund_since": "45",
      "fund_manager_name": "45",
      "fund_manager_total_exp": "45",
      "main_scheme_name": "45",
      "metrics_avg_maturity": "45",
      "metrics_beta": "45",
      "metrics_macaulay": "45",
      "metrics_mod_duration": "45",
      "metrics_net_equity_level": "45",
      "metrics_port_turnover_ratio": "45",
      "metrics_sharpe": "45",
      "metrics_std_dev": "45",
      "metrics_ytm": "45",
      "monthly_aaum_date": "45",
      "monthly_aaum_value": "45",
      "mutual_fund_name": "45",
      "scheme_launch_date": "45"
     }
    ],
    "fund_manager": [
     {
      "managing_fund_since": " july 29",
      "name": "Gopal Agrawal",
      "qualification": "",
      "total_exp": "2022 years"
     },
     {
      "managing_fund_since": " july 29",
      "name": "Anil Bamboli",
      "qualification": "",
      "total_exp": "2022 years"
     },
     {
      "managing_fund_since": " july 29",
      "name": "Arun Agarwal",
      "qualification": "",
      "total_exp": "2022 years"
     },
     {
      "managing_fund_since": " march 29",
      "name": "Nandita Menezes",
      "qualification": "",
      "total_exp": "2022 years"
     },
     {
      "managing_fund_since": "",
      "name": "State Bank",
      "qualification": "",
      "total_exp": "2025 years"
     },
     {
      "managing_fund_since": "",
      "name": "India Banks",
      "qualification": "",
      "total_exp": ""
     },
     {
      "managing_fund_since": "",
      "name": "Bharti Airtel Ltd",
      "qualification": "",
      "total_exp": ""
     }
    ],
    "main_scheme_name": "HDFC Balanced Advantage Fund",
    "metrics": [
     {
      "name": "sharpe",
      "value": "1.160"
     },
     {
      "name": "std_dev",
      "value": "9.860%"
     },
     {
      "name": "beta",
      "value": "1.182"
     },
     {
      "name": "ytm",
      "value": "7.18%"
     },
     {
      "name": "port_turnover_ratio",
      "value": "190.59"
     },
     {
      "name": "mod_duration",
      "value": "4.24 Years"
     },
     {
      "name": "avg_maturity",
      "value": "7.33 Years"
     },
     {
      "name": "macaulay",
      "value": "4.46 Years"
     },
     {
      "name": "net_equity_level",
      "value": "59.14%"
     }
    ],
    "monthly_aaum_date": "20250331",
    "monthly_aaum_value": "₹92,693.69Cr",
    "mutual_fund_name": "HDFC Mutual Fund",
    "scheme_launch_date": "19940201"
   }
  },
  {
   "value": {
    "amc_name": "HDFC Asset Management Company Limited",
    "benchmark_index": [
     "NIFTY 50 Hybrid Composite Debt 65:35 Index"
    ],
    "field_location": [
     {
      "amc_name": "49",
      "benchmark_index": "49",
      "count": 48,
      "fund_manager_name": "49",
      "fund_manager_total_exp": "49",
      "load_exit": "49",
      "main_scheme_name": "49",
      "metrics_avg_maturity": "49",
      "metrics_beta": "49",
      "metrics_macaulay": "49",
      "metrics_mod_duration": "49",
      "metrics_port_turnover_ratio": "49",
      "metrics_sharpe": "49",
      "metrics_std_dev": "49",
      "metrics_ytm": "49",
      "monthly_aaum_date": "49",
      "monthly_aaum_value": "49",
      "mutual_fund_name": "49",
      "scheme_launch_date": "49"
     }
    ],
    "fund_manager": [
     {
      "managing_fund_since": "",
      "name": "Chirag Setalvad",
      "qualification": "",
      "total_exp": "2007 years"
     },
     {
      "managing_fund_since": "",
      "name": "Anupam Joshi",
      "qualification": "",
      "total_exp": "2022 years"
     }
    ],
    "load": [
     {
      "comment": "$ • In respect of each purchase / switch-in of Units, upto 15% of the units may be redeemed without any exit load from the date of allotment. • ny redemption in excess of the above limit shall be subject to the following exit load: • Exit load of 1.00 is payable if Units are redeemed / switched-out within 1 year from the date of allotment of units. • No Exit Load is payable if Units are redeemed / switched-out after 1 year from the date of allotment.",
      "type": "exit"
     }
    ],
    "main_scheme_name": "HDFC Hybrid Equity Fund",
    "metrics": [
     {
      "name": "sharpe",
      "value": "0.477"
     },
     {
      "name": "std_dev",
      "value": "9.645%"
     },
     {
      "name": "beta",
      "value": "1.019"
     },
     {
      "name": "ytm",
      "value": "7.30%"
     },
     {
      "name": "port_turnover_ratio",
      "value": "24.73"
     },
     {
      "name": "mod_duration",
      "value": "5.53 Years"
     },
     {
      "name": "avg_maturity",
      "value": "11.02 Years"
     },
     {
      "name": "macaulay",
      "value": "5.81 Years"
     }
    ],
    "monthly_aaum_date": "20250331",
    "monthly_aaum_value": "₹22,685.26Cr",
    "mutual_fund_name": "HDFC Mutual Fund",
    "scheme_launch_date": "20000911"
   }
  },
  {
   "value": {
    "amc_name": "HDFC Asset Management Company Limited",
    "benchmark_index": [
     "65% NIFTY 50 (Total Returns Index) + 25% Hindustan"
    ],
    "field_location": [
     {
      "amc_name": "51",
      "benchmark_index": "51",
      "count": 48,
      "fund_manager_managing_fund_since": "51",
      "fund_manager_name": "51",
      "fund_manager_total_exp": "51",
      "load_exit": "51",
      "main_scheme_name": "51",
      "metrics_avg_maturity": "51",
      "metrics_beta": "51",
      "metrics_macaulay": "51",
      "metrics_mod_duration": "51",
      "metrics_net_equity_level": "51",
      "metrics_port_turnover_ratio": "51",
      "metrics_sharpe": "51",
      "metrics_std_dev": "51",
      "metrics_ytm": "51",
      "monthly_aaum_date": "51",
      "monthly_aaum_value": "51",
      "mutual_fund_name": "51",
      "scheme_launch_date": "51"
     }
    ],
    "fund_manager": [
     {
      "managing_fund_since": " august 17",
      "name": "Anil Bamboli",
      "qualification": "",
      "total_exp": "2005 years"
     },
     {
      "managing_fund_since": " august 24",
      "name": "Arun Agarwal",
      "qualification": "",
      "total_exp": "2020 years"
     },
     {
      "managing_fund_since": " january 13",
      "name": "Bhagyesh Kagalkar",
      "qualification": "",
      "total_exp": "2022 years"
     },
     {
      "managing_fund_since": " march 29",
      "name": "Bank Ltd",
      "qualification": "",
      "total_exp": "2022 years"
     },
     {
      "managing_fund_since": "",
      "name": "Bharti Airtel Ltd",
      "qualification": "",
      "total_exp": "2025 years"
     },
     {
      "managing_fund_since": "",
      "name": "United Spirits",
      "qualification": "",
      "total_exp": ""
     },
     {
      "managing_fund_since": "",
      "name": "Nandita Menezes",
      "qualification": "",
      "total_exp": ""
     }
    ],
    "load": [
     {
      "comment": "$ • In respect of each purchase / switch-in of Units, 1 of the units (“the limit” may be redeemed without any Exit Load from the date of allotment. • ny redemption in excess of the above limit shall be subject to the following exit load: • Exit Load of 1.00 is payable if units are redeemed / switched-out within 12 months from the date of allotment. • No Exit Load is payable if units are redeemed / switched-out after 12 months from the date of allotment. Industry llocation of E uity Holding ( of Net ssets anks 1 . 7 etroleum roducts . utomobiles . 0 IT Software . harmaceuticals iotechnology 3.37 Diversi ied Fmcg 3.09 Telecom Services 3.07 everages . 0 ealty .3",
      "type": "exit"
     }
    ],
    "main_scheme_name": "HDFC Multi-Asset Fund",
    "metrics": [
     {
      "name": "sharpe",
      "value": "0.704"
     },
     {
      "name": "std_dev",
      "value": "6.779%"
     },
     {
      "name": "beta",
      "value": "0.732"
     },
     {
      "name": "ytm",
      "value": "7.01%"
     },
     {
      "name": "port_turnover_ratio",
      "value": "281.96"
     },
     {
      "name": "mod_duration",
      "value": "2.72 Years"
     },
     {
      "name": "avg_maturity",
      "value": "4.05 Years"
     },
     {
      "name": "macaulay",
      "value": "2.85 Years"
     },
     {
      "name": "net_equity_level",
      "value": "50.64%"
     }
    ],
    "monthly_aaum_date": "20250331",
    "monthly_aaum_value": "₹3,936.91Cr",
    "mutual_fund_name": "HDFC Mutual Fund",
    "scheme_launch_date": "AUG 17, 05"
   }
  },
  {
   "value": {
    "amc_name": "HDFC Asset Management Company Limited",
    "benchmark_index": [
     "90% NIFTY 50 Hybrid Composite Debt 65:35"
    ],
    "field_location": [
     {
      "amc_name": "54",
      "benchmark_index": "54",
      "count": 48,
      "fund_manager_managing_fund_since": "54",
      "fund_manager_name": "54",
      "fund_manager_total_exp": "54",
      "load_exit": "54",
      "main_scheme_name": "54",
      "metrics_average_div_yield": "54",
      "min_amt": "54",
      "monthly_aaum_date": "54",
      "monthly_aaum_value": "54",
      "mutual_fund_name": "54",
      "scheme_launch_date": "54"
     }
    ],
    "fund_manager": [
     {
      "managing_fund_since": " may 05",
      "name": "Anil Bamboli",
      "qualification": "",
      "total_exp": "2021 years"
     },
     {
      "managing_fund_since": " january 13",
      "name": "Bhagyesh Kagalkar",
      "qualification": "",
      "total_exp": "2022 years"
     },
     {
      "managing_fund_since": "",
      "name": "Flexi Cap",
      "qualification": "",
      "total_exp": ""
     }
    ],
    "load": [
     {
      "comment": "$ • In respect of each purchase / switch-in of Units, 1 of the units (“the limit” may be redeemed without any Exit Load from the date of allotment. • ny redemption in excess of the above limit shall be subject to the following exit load: • Exit Load of 1.00 is payable if units are redeemed / switched-out within 12 months from the date of allotment. • No Exit Load is payable if units are redeemed / switched-out after 12 months from the date of allotment. ( )",
      "type": "exit"
     }
    ],
    "main_scheme_name": "HDFC Asset Allocator Fund of Funds",
    "metrics": [
     {
      "name": "average_div_yield",
      "value": "1.09"
     }
    ],
    "min_amt": "100",
    "monthly_aaum_date": "20250331",
    "monthly_aaum_value": "₹3,572.61Cr",
    "mutual_fund_name": "HDFC Mutual Fund",
    "scheme_launch_date": "20210505"
   }
  },
  {
   "value": {
    "amc_name": "HDFC Asset Management Company Limited",
    "benchmark_index": [
     "35% NIFTY 50 Arbitrage Index + 60% NIFTY"
    ],
    "field_location": [
     {
      "amc_name": "55",
      "benchmark_index": "55",
      "count": 48,
      "fund_manager_managing_fund_since": "55",
      "fund_manager_name": "55",
      "fund_manager_total_exp": "55",
      "load_exit": "55",
      "main_scheme_name": "55",
      "monthly_aaum_date": "55",
      "monthly_aaum_value": "55",
      "mutual_fund_name": "55",
      "scheme_launch_date": "55"
     }
    ],
    "fund_manager": [
     {
      "managing_fund_since": "june 28, 2014 ",
      "name": "Anil Bamboli",
      "qualification": "",
      "total_exp": "30 years"
     }
    ],
    "load": [
     {
      "comment": "$ Nil ( )",
      "type": "exit"
     }
    ],
    "main_scheme_name": "HDFC Income Plus Arbitrage Active FOF",
    "monthly_aaum_date": "20250331",
    "monthly_aaum_value": "₹50.56Cr",
    "mutual_fund_name": "HDFC Mutual Fund",
    "scheme_launch_date": "20120206"
   }
  },
  {
   "value": {
    "amc_name": "HDFC Asset Management Company Limited",
    "benchmark_index": [
     "NIFTY Equity Savings Index"
    ],
    "field_location": [
     {
      "amc_name": "56",
      "benchmark_index": "56",
      "count": 48,
      "fund_manager_managing_fund_since": "56",
      "fund_manager_name": "56",
      "fund_manager_total_exp": "56",
      "load_exit": "56",
      "main_scheme_name": "56",
      "metrics_avg_maturity": "56",
      "metrics_beta": "56",
      "metrics_macaulay": "56",
      "metrics_mod_duration": "56",
      "metrics_net_equity_level": "56",
      "metrics_port_turnover_ratio": "56",
      "metrics_sharpe": "56",
      "metrics_std_dev": "56",
      "metrics_ytm": "56",
      "monthly_aaum_date": "56",
      "monthly_aaum_value": "56",
      "mutual_fund_name": "56",
      "scheme_launch_date": "56"
     }
    ],
    "fund_manager": [
     {
      "managing_fund_since": " august 24",
      "name": "Anil Bamboli",
      "qualification": "",
      "total_exp": "2004 years"
     },
     {
      "managing_fund_since": " march 29",
      "name": "Arun Agarwal",
      "qualification": "",
      "total_exp": "2020 years"
     },
     {
      "managing_fund_since": "",
      "name": "Bank Ltd",
      "qualification": "",
      "total_exp": "2021 years"
     },
     {
      "managing_fund_since": "",
      "name": "Reliance Industries",
      "qualification": "",
      "total_exp": "2025 years"
     },
     {
      "managing_fund_since": "",
      "name": "Nandita Menezes",
      "qualification": "",
      "total_exp": ""
     },
     {
      "managing_fund_since": "",
      "name": "Titan Company Ltd",
      "qualification": "",
      "total_exp": ""
     }
    ],
    "load": [
     {
      "comment": "$ • In respect of each purchase / switch-in of Units, upto 15% of the units may be redeemed without any exit load from the date of allotment. However, please note that the Units will be redeemed on First In First Out (FIFO) basis. • ny redemption in excess of the above limit shall be subject to the following exit load: • Exit load of 1.00 is payable if Units are redeemed / switched-out within 1 month from the date of allotment of units. • No Exit Load is payable if Units are redeemed / switched-out after 1 month from the date of allotment Industry llocation of E uity Holding ( of Net ssets anks 1 . etroleum roducts .19 IT Software .7 utomobiles .17 harmaceuticals iotechnology . Consumer Durables 3.1 Construction .",
      "type": "exit"
     }
    ],
    "main_scheme_name": "HDFC Equity Savings Fund",
    "metrics": [
     {
      "name": "sharpe",
      "value": "0.397"
     },
     {
      "name": "std_dev",
      "value": "5.046%"
     },
     {
      "name": "beta",
      "value": "0.997"
     },
     {
      "name": "ytm",
      "value": "7.08%"
     },
     {
      "name": "port_turnover_ratio",
      "value": "463.95"
     },
     {
      "name": "mod_duration",
      "value": "3.11 Years"
     },
     {
      "name": "avg_maturity",
      "value": "4.42 Years"
     },
     {
      "name": "macaulay",
      "value": "3.28 Years"
     },
     {
      "name": "net_equity_level",
      "value": "35.59%"
     }
    ],
    "monthly_aaum_date": "20250331",
    "monthly_aaum_value": "₹5,441.34Cr",
    "mutual_fund_name": "HDFC Mutual Fund",
    "scheme_launch_date": "20040917"
   }
  },
  {
   "value": {
    "amc_name": "HDFC Asset Management Company Limited",
    "benchmark_index": [
     "NIFTY 50 Hybrid Composite Debt 15:85 Index"
    ],
    "field_location": [
     {
      "amc_name": "58",
      "benchmark_index": "58",
      "count": 48,
      "fund_manager_name": "58",
      "fund_manager_total_exp": "58",
      "load_exit": "58",
      "main_scheme_name": "58",
      "metrics_avg_maturity": "58",
      "metrics_beta": "58",
      "metrics_macaulay": "58",
      "metrics_mod_duration": "58",
      "metrics_sharpe": "58",
      "metrics_std_dev": "58",
      "metrics_ytm": "58",
      "monthly_aaum_date": "58",
      "monthly_aaum_value": "58",
      "mutual_fund_name": "58",
      "scheme_launch_date": "58"
     }
    ],
    "fund_manager": [
     {
      "managing_fund_since": "",
      "name": "Shobhit Mehrotra",
      "qualification": "",
      "total_exp": "32 years"
     },
     {
      "managing_fund_since": "",
      "name": "",
      "qualification": "",
      "total_exp": "18 years"
     }
    ],
    "load": [
     {
      "comment": "$ • In respect of each purchase / switch-in of Units, upto 15% of the units may be redeemed without any exit load from the date of allotment. • ny redemption in excess of the above limit shall be subject to the following exit load: • Exit load of 1.00 is payable if Units are redeemed / switched-out within 1 year from the date of allotment of units. • No Exit Load is payable if Units are redeemed / switched-out after 1 year from the date of allotment.",
      "type": "exit"
     }
    ],
    "main_scheme_name": "HDFC Hybrid Debt Fund",
    "metrics": [
     {
      "name": "sharpe",
      "value": "0.624"
     },
     {
      "name": "std_dev",
      "value": "4.245%"
     },
     {
      "name": "beta",
      "value": "1.159"
     },
     {
      "name": "ytm",
      "value": "7.23%"
     },
     {
      "name": "mod_duration",
      "value": "5.73 Years"
     },
     {
      "name": "avg_maturity",
      "value": "11.05 Years"
     },
     {
      "name": "macaulay",
      "value": "6.00 Years"
     }
    ],
    "monthly_aaum_date": "20250331",
    "monthly_aaum_value": "₹3,273.18Cr",
    "mutual_fund_name": "HDFC Mutual Fund",
    "scheme_launch_date": "20031226"
   }
  },
  {
   "value": {
    "amc_name": "HDFC Asset Management Company Limited",
    "benchmark_index": [
     "NIFTY 500 (Total Returns Index) ##ADDL. BENCHMARK INDEX"
    ],
    "field_location": [
     {
      "amc_name": "60",
      "benchmark_index": "60",
      "count": 48,
      "fund_manager_managing_fund_since": "60",
      "fund_manager_name": "60",
      "fund_manager_total_exp": "60",
      "load_exit": "60",
      "main_scheme_name": "60",
      "metrics_beta": "60",
      "metrics_port_turnover_ratio": "60",
      "metrics_sharpe": "60",
      "metrics_std_dev": "60",
      "monthly_aaum_date": "60",
      "monthly_aaum_value": "60",
      "mutual_fund_name": "60",
      "scheme_launch_date": "60"
     }
    ],
    "fund_manager": [
     {
      "managing_fund_since": "january 13, 2022 ",
      "name": "Roshi Jain",
      "qualification": "",
      "total_exp": "19 years"
     }
    ],
    "load": [
     {
      "comment": "$ Nil",
      "type": "exit"
     }
    ],
    "main_scheme_name": "HDFC ELSS Tax saver Name changed from HDFC TaxSaver ",
    "metrics": [
     {
      "name": "sharpe",
      "value": "1.027"
     },
     {
      "name": "std_dev",
      "value": "12.467%"
     },
     {
      "name": "beta",
      "value": "0.825"
     },
     {
      "name": "port_turnover_ratio",
      "value": "30.04"
     }
    ],
    "monthly_aaum_date": "20250331",
    "monthly_aaum_value": "₹15,061.92Cr",
    "mutual_fund_name": "HDFC Mutual Fund",
    "scheme_launch_date": "19960331"
   }
  },
  {
   "value": {
    "amc_name": "HDFC Asset Management Company Limited",
    "benchmark_index": [
     "NIFTY 50 Hybrid Composite Debt 65:35 Index"
    ],
    "field_location": [
     {
      "amc_name": "62",
      "benchmark_index": "62",
      "count": 48,
      "fund_manager_managing_fund_since": "62",
      "fund_manager_name": "62",
      "fund_manager_total_exp": "62",
      "load_exit": "62",
      "main_scheme_name": "62",
      "metrics_avg_maturity": "62",
      "metrics_macaulay": "62",
      "metrics_mod_duration": "62",
      "metrics_port_turnover_ratio": "62",
      "metrics_ytm": "62",
      "monthly_aaum_date": "62",
      "monthly_aaum_value": "62",
      "mutual_fund_name": "62",
      "scheme_launch_date": "62"
     }
    ],
    "fund_manager": [
     {
      "managing_fund_since": "april 2, 2007 ",
      "name": "Chirag Setalvad",
      "qualification": "",
      "total_exp": "2022 years"
     },
     {
      "managing_fund_since": "",
      "name": "Anil Bamboli",
      "qualification": "",
      "total_exp": ""
     }
    ],
    "load": [
     {
      "comment": "$ (i) For existing investments by investors including SIP / SWAP registrations, etc. (until May 22, 2018) In respect of units subject to lock-in period: Nil In respect of units not subject to lock-in period:- • In respect of each purchase/ Switch-in of units, an exit load of 3% is payable if units are redeemed / switched-out within 1 year from the date of allotment. • In respect of each purchase/ Switch-in of units, an exit load of 2% is payable if units are redeemed / switched-out between 1st and 2nd year of the date of allotment. • In respect of each purchase/ Switch-in of units, an exit load of 1% is payable if units are redeemed / switched-out between 2nd and 3rd year of the date of allotment. • No exit load is payable, if units are redeemed / switched-out after 3rd year from the date of allotment. (ii) Fresh investments by investors including SIP/ SWAP registrations, etc (effective May 23, 2018): NIL",
      "type": "exit"
     }
    ],
    "main_scheme_name": "HDFC Children's Fund",
    "metrics": [
     {
      "name": "ytm",
      "value": "6.95%"
     },
     {
      "name": "port_turnover_ratio",
      "value": "17.18"
     },
     {
      "name": "mod_duration",
      "value": "5.08 Years"
     },
     {
      "name": "avg_maturity",
      "value": "7.31 Years"
     },
     {
      "name": "macaulay",
      "value": "5.31 Years"
     }
    ],
    "monthly_aaum_date": "20250331",
    "monthly_aaum_value": "₹9,304.53Cr",
    "mutual_fund_name": "HDFC Mutual Fund",
    "scheme_launch_date": "20010302"
   }
  },
  {
   "value": {
    "amc_name": "HDFC Asset Management Company Limited",
    "benchmark_index": [
     "NIFTY 500 (Total Returns Index) ##ADDL. BENCHMARK INDEX"
    ],
    "field_location": [
     {
      "amc_name": "64",
      "benchmark_index": "64",
      "count": 48,
      "fund_manager_managing_fund_since": "64",
      "fund_manager_name": "64",
      "fund_manager_total_exp": "64",
      "load_exit": "64",
      "main_scheme_name": "64",
      "metrics_net_equity_level": "64",
      "metrics_port_turnover_ratio": "64",
      "min_amt": "64",
      "monthly_aaum_date": "64",
      "monthly_aaum_value": "64",
      "mutual_fund_name": "64",
      "scheme_launch_date": "64"
     }
    ],
    "fund_manager": [
     {
      "managing_fund_since": " february 25",
      "name": "Shobhit Mehrotra",
      "qualification": "",
      "total_exp": "16 years"
     },
     {
      "managing_fund_since": "april 1, 2025 ",
      "name": "Arun Agarwal",
      "qualification": "",
      "total_exp": ""
     },
     {
      "managing_fund_since": "april 1, 2025 ",
      "name": "Nandita Menezes",
      "qualification": "",
      "total_exp": ""
     }
    ],
    "load": [
     {
      "comment": "NET EQUITY EXPOSURE 90.61%",
      "type": "exit"
     }
    ],
    "main_scheme_name": "HDFC Retirement Savings Fund - Equity Plan",
    "metrics": [
     {
      "name": "port_turnover_ratio",
      "value": "16.53"
     },
     {
      "name": "net_equity_level",
      "value": "90.61%"
     }
    ],
    "min_amt": "100",
    "monthly_aaum_date": "20250331",
    "monthly_aaum_value": "₹5,789.36Cr",
    "mutual_fund_name": "HDFC Mutual Fund",
    "scheme_launch_date": "20160225"
   }
  },
  {
   "value": {
    "amc_name": "HDFC Asset Management Company Limited",
    "benchmark_index": [
     "NIFTY 50 Hybrid Composite Debt 65:35 Index"
    ],
    "field_location": [
     {
      "amc_name": "66",
      "benchmark_index": "66",
      "count": 48,
      "fund_manager_name": "66",
      "fund_manager_total_exp": "66",
      "load_exit": "66",
      "main_scheme_name": "66",
      "metrics_avg_maturity": "66",
      "metrics_macaulay": "66",
      "metrics_mod_duration": "66",
      "metrics_port_turnover_ratio": "66",
      "metrics_ytm": "66",
      "monthly_aaum_date": "66",
      "monthly_aaum_value": "66",
      "mutual_fund_name": "66",
      "scheme_launch_date": "66"
     }
    ],
    "fund_manager": [
     {
      "managing_fund_since": "",
      "name": "Shobhit Mehrotra",
      "qualification": "",
      "total_exp": "2016 years"
     },
     {
      "managing_fund_since": "",
      "name": "Arun Agarwal",
      "qualification": "",
      "total_exp": "2021 years"
     },
     {
      "managing_fund_since": "",
      "name": "Nandita Menezes",
      "qualification": "",
      "total_exp": "2025 years"
     }
    ],
    "load": [
     {
      "comment": "",
      "type": "exit"
     }
    ],
    "main_scheme_name": "HDFC Retirement Savings Fund - Hybrid Equity Plan",
    "metrics": [
     {
      "name": "ytm",
      "value": "6.87%"
     },
     {
      "name": "port_turnover_ratio",
      "value": "11.06"
     },
     {
      "name": "mod_duration",
      "value": "2.87 Years"
     },
     {
      "name": "avg_maturity",
      "value": "4.21 Years"
     },
     {
      "name": "macaulay",
      "value": "3.00 Years"
     }
    ],
    "monthly_aaum_date": "20250331",
    "monthly_aaum_value": "₹1,527.24Cr",
    "mutual_fund_name": "HDFC Mutual Fund",
    "scheme_launch_date": "20160225"
   }
  },
  {
   "value": {
    "amc_name": "HDFC Asset Management Company Limited",
    "benchmark_index": [
     "Hindustan Petroleum NIFTY 50 Hybrid Composite Debt 15:85 Index Kalpataru Projects"
    ],
    "field_location": [
     {
      "amc_name": "68",
      "benchmark_index": "68",
      "count": 48,
      "fund_manager_managing_fund_since": "68",
      "fund_manager_name": "68",
      "fund_manager_total_exp": "68",
      "load_exit": "68",
      "main_scheme_name": "68",
      "metrics_avg_maturity": "68",
      "metrics_macaulay": "68",
      "metrics_mod_duration": "68",
      "metrics_net_equity_level": "68",
      "metrics_ytm": "68",
      "min_amt": "68",
      "monthly_aaum_date": "68",
      "monthly_aaum_value": "68",
      "mutual_fund_name": "68",
      "scheme_launch_date": "68"
     }
    ],
    "fund_manager": [
     {
      "managing_fund_since": "april 1,2025",
      "name": "Shobhit Mehrotra",
      "qualification": "",
      "total_exp": "2016 years"
     },
     {
      "managing_fund_since": "april 1,2025",
      "name": "Arun Agarwal",
      "qualification": "",
      "total_exp": "2021 years"
     },
     {
      "managing_fund_since": "",
      "name": "Nandita Menezes",
      "qualification": "",
      "total_exp": "2025 years"
     },
     {
      "managing_fund_since": "",
      "name": "Reliance Industries",
      "qualification": "",
      "total_exp": "3 years"
     }
    ],
    "load": [
     {
      "comment": "may apply. Please refer Page 104 to Gujarat Pipavav Port 113 for details. Fresh investments by investors including Lumax Industries Ltd SIP / STP registrations, etc (effective June 2, Gateway Distriparks 2018): Units purchased cannot be assigned / transferred / pledged / redeemed / switched Vardhman Textiles out until completion of 5 years from the date of allotment of Units or Retirement Age of Unit Goodyear India Ltd. holder (i.e. completion of 60 years), whichever Insecticides (India) is earlier. (Note: No exit load) PVR LIMITED OCCL Limited NET EQUITY EXPOSURE 21.29% Popular Vehicles and ITC Hotels Limited",
      "type": "exit"
     }
    ],
    "main_scheme_name": "HDFC Retirement Savings Fund - Hybrid Debt Plan",
    "metrics": [
     {
      "name": "ytm",
      "value": "7.07%"
     },
     {
      "name": "mod_duration",
      "value": "4.71 Years"
     },
     {
      "name": "avg_maturity",
      "value": "7.84 Years"
     },
     {
      "name": "macaulay",
      "value": "4.91 Years"
     },
     {
      "name": "net_equity_level",
      "value": "21.29%"
     }
    ],
    "min_amt": "100",
    "monthly_aaum_date": "20250331",
    "monthly_aaum_value": "₹156.44Cr",
    "mutual_fund_name": "HDFC Mutual Fund",
    "scheme_launch_date": "20160226"
   }
  },
  {
   "value": {
    "amc_name": "HDFC Asset Management Company Limited",
    "benchmark_index": [
     "CRISIL Liquid Overnight Index"
    ],
    "field_location": [
     {
      "amc_name": "70",
      "benchmark_index": "70",
      "count": 48,
      "fund_manager_managing_fund_since": "70",
      "fund_manager_name": "70",
      "fund_manager_total_exp": "70",
      "load_exit": "70",
      "main_scheme_name": "70",
      "metrics_avg_maturity": "70",
      "metrics_macaulay": "70",
      "metrics_mod_duration": "70",
      "metrics_ytm": "70",
      "min_amt": "70",
      "monthly_aaum_date": "70",
      "monthly_aaum_value": "70",
      "mutual_fund_name": "70",
      "scheme_launch_date": "70"
     }
    ],
    "fund_manager": [
     {
      "managing_fund_since": " march 01",
      "name": "Swapnil Jangam",
      "qualification": "",
      "total_exp": "30 years"
     }
    ],
    "load": [
     {
      "comment": "$ Nil",
      "type": "exit"
     }
    ],
    "main_scheme_name": "HDFC Overnight Fund",
    "metrics": [
     {
      "name": "ytm",
      "value": "7.08%"
     },
     {
      "name": "mod_duration",
      "value": "3 Days"
     },
     {
      "name": "avg_maturity",
      "value": "3 Days"
     },
     {
      "name": "macaulay",
      "value": "3 Days"
     }
    ],
    "min_amt": "91",
    "monthly_aaum_date": "20250331",
    "monthly_aaum_value": "₹12,818.24Cr",
    "mutual_fund_name": "HDFC Mutual Fund",
    "scheme_launch_date": "20020206"
   }
  },
  {
   "value": {
    "amc_name": "HDFC Asset Management Company Limited",
    "benchmark_index": [
     "CRISIL Liquid Debt A-I Index"
    ],
    "field_location": [
     {
      "amc_name": "71",
      "benchmark_index": "71",
      "count": 48,
      "fund_manager_name": "71",
      "fund_manager_total_exp": "71",
      "load_exit": "71",
      "main_scheme_name": "71",
      "metrics_avg_maturity": "71",
      "metrics_macaulay": "71",
      "metrics_mod_duration": "71",
      "metrics_ytm": "71",
      "min_amt": "71",
      "monthly_aaum_date": "71",
      "monthly_aaum_value": "71",
      "mutual_fund_name": "71",
      "scheme_launch_date": "71"
     }
    ],
    "fund_manager": [
     {
      "managing_fund_since": "",
      "name": "Anupam Joshi",
      "qualification": "",
      "total_exp": "19 years"
     },
     {
      "managing_fund_since": "",
      "name": "Swapnil Jangam",
      "qualification": "",
      "total_exp": "14 years"
     }
    ],
    "load": [
     {
      "comment": "$ • n investments made on or before ctober 19, 2019: NIL • n investments (including through existing systematic plan registrations) made on or after October 20, 2019, as follows: Units redeemed / Exit load as a % of switched-out redemption within “X” days proceeds from the date of allotment Day 1 0.0070% Day 2 0.0065% Day 3 0.0060% Day 4 0.0055% Day 5 0.0050% Day 6 0.0045% Day 7 onwards Nil",
      "type": "exit"
     }
    ],
    "main_scheme_name": "HDFC Liquid Fund",
    "metrics": [
     {
      "name": "ytm",
      "value": "7.02%"
     },
     {
      "name": "mod_duration",
      "value": "76 Days"
     },
     {
      "name": "avg_maturity",
      "value": "83 Days"
     },
     {
      "name": "macaulay",
      "value": "81 Days"
     }
    ],
    "min_amt": "1",
    "monthly_aaum_date": "20250331",
    "monthly_aaum_value": "₹67,238.51Cr",
    "mutual_fund_name": "HDFC Mutual Fund",
    "scheme_launch_date": "20001017"
   }
  },
  {
   "value": {
    "amc_name": "HDFC Asset Management Company Limited",
    "benchmark_index": [
     "CRISIL Ultra Short Duration Debt A-I Index"
    ],
    "field_location": [
     {
      "amc_name": "73",
      "benchmark_index": "73",
      "count": 48,
      "fund_manager_managing_fund_since": "73",
      "fund_manager_name": "73",
      "fund_manager_total_exp": "73",
      "load_exit": "73",
      "main_scheme_name": "73",
      "metrics_avg_maturity": "73",
      "metrics_macaulay": "73",
      "metrics_mod_duration": "73",
      "metrics_ytm": "73",
      "monthly_aaum_date": "73",
      "monthly_aaum_value": "73",
      "mutual_fund_name": "73",
      "scheme_launch_date": "73"
     }
    ],
    "fund_manager": [
     {
      "managing_fund_since": " august 31",
      "name": "Anil Bamboli",
      "qualification": "",
      "total_exp": "30 years"
     },
     {
      "managing_fund_since": "",
      "name": "Praveen Jain",
      "qualification": "",
      "total_exp": "20 years"
     }
    ],
    "load": [
     {
      "comment": "$ Nil",
      "type": "exit"
     }
    ],
    "main_scheme_name": "HDFC Ultra Short Term Fund",
    "metrics": [
     {
      "name": "ytm",
      "value": "7.56%"
     },
     {
      "name": "mod_duration",
      "value": "166 Days"
     },
     {
      "name": "avg_maturity",
      "value": "226 Days"
     },
     {
      "name": "macaulay",
      "value": "178 Days"
     }
    ],
    "monthly_aaum_date": "20250331",
    "monthly_aaum_value": "₹13,755.34Cr",
    "mutual_fund_name": "HDFC Mutual Fund",
    "scheme_launch_date": "20180925"
   }
  },
  {
   "value": {
    "amc_name": "HDFC Asset Management Company Limited",
    "benchmark_index": [
     "NIFTY Low Duration Debt Index A-I"
    ],
    "field_location": [
     {
      "amc_name": "75",
      "benchmark_index": "75",
      "count": 48,
      "fund_manager_managing_fund_since": "75",
      "fund_manager_name": "75",
      "fund_manager_total_exp": "75",
      "load_exit": "75",
      "main_scheme_name": "75",
      "metrics_avg_maturity": "75",
      "metrics_macaulay": "75",
      "metrics_mod_duration": "75",
      "metrics_ytm": "75",
      "min_amt": "75",
      "monthly_aaum_date": "75",
      "monthly_aaum_value": "75",
      "mutual_fund_name": "75",
      "scheme_launch_date": "75"
     }
    ],
    "fund_manager": [
     {
      "managing_fund_since": " october 27",
      "name": "Anupam Joshi",
      "qualification": "",
      "total_exp": "19 years"
     },
     {
      "managing_fund_since": "october 6, 2022 ",
      "name": "Praveen Jain",
      "qualification": "",
      "total_exp": "20 years"
     }
    ],
    "load": [
     {
      "comment": "$ Nil",
      "type": "exit"
     }
    ],
    "main_scheme_name": "HDFC Low Duration Fund",
    "metrics": [
     {
      "name": "ytm",
      "value": "7.70%"
     },
     {
      "name": "mod_duration",
      "value": "340 Days"
     },
     {
      "name": "avg_maturity",
      "value": "1.95 Years"
     },
     {
      "name": "macaulay",
      "value": "1.00 Years"
     }
    ],
    "min_amt": "0",
    "monthly_aaum_date": "20250331",
    "monthly_aaum_value": "₹18,442.52Cr",
    "mutual_fund_name": "HDFC Mutual Fund",
    "scheme_launch_date": "19991118"
   }
  },
  {
   "value": {
    "amc_name": "HDFC Asset Management Company Limited",
    "benchmark_index": [
     "CRISIL Money Market A-I Index ##ADDL. BENCHMARK INDEX"
    ],
    "field_location": [
     {
      "amc_name": "77",
      "benchmark_index": "77",
      "count": 48,
      "fund_manager_managing_fund_since": "77",
      "fund_manager_name": "77",
      "fund_manager_total_exp": "77",
      "load_exit": "77",
      "main_scheme_name": "77",
      "metrics_avg_maturity": "77",
      "metrics_macaulay": "77",
      "metrics_mod_duration": "77",
      "metrics_ytm": "77",
      "monthly_aaum_date": "77",
      "monthly_aaum_value": "77",
      "mutual_fund_name": "77",
      "scheme_launch_date": "77"
     }
    ],
    "fund_manager": [
     {
      "managing_fund_since": "august 31, 2024 ",
      "name": "Praveen Jain",
      "qualification": "",
      "total_exp": "20 years"
     }
    ],
    "load": [
     {
      "comment": "$ Nil",
      "type": "exit"
     }
    ],
    "main_scheme_name": "HDFC Money Market Fund",
    "metrics": [
     {
      "name": "ytm",
      "value": "7.29%"
     },
     {
      "name": "mod_duration",
      "value": "294 Days"
     },
     {
      "name": "avg_maturity",
      "value": "316 Days"
     },
     {
      "name": "macaulay",
      "value": "315 Days"
     }
    ],
    "monthly_aaum_date": "20250331",
    "monthly_aaum_value": "₹27,238.47Cr",
    "mutual_fund_name": "HDFC Mutual Fund",
    "scheme_launch_date": "19991118"
   }
  },
  {
   "value": {
    "amc_name": "HDFC Asset Management Company Limited",
    "benchmark_index": [
     "CRISIL Short Duration Debt A-II Index ##ADDL. BENCHMARK INDEX"
    ],
    "field_location": [
     {
      "amc_name": "79",
      "benchmark_index": "79",
      "count": 48,
      "fund_manager_managing_fund_since": "79",
      "fund_manager_name": "79",
      "fund_manager_total_exp": "79",
      "load_exit": "79",
      "main_scheme_name": "79",
      "metrics_avg_maturity": "79",
      "metrics_macaulay": "79",
      "metrics_mod_duration": "79",
      "metrics_ytm": "79",
      "min_amt": "79",
      "monthly_aaum_date": "79",
      "monthly_aaum_value": "79",
      "mutual_fund_name": "79",
      "scheme_launch_date": "79"
     }
    ],
    "fund_manager": [
     {
      "managing_fund_since": "june 25, 2010 ",
      "name": "Anil Bamboli",
      "qualification": "",
      "total_exp": "30 years"
     }
    ],
    "load": [
     {
      "comment": "$ Nil",
      "type": "exit"
     }
    ],
    "main_scheme_name": "HDFC Short Term Debt Fund",
    "metrics": [
     {
      "name": "ytm",
      "value": "7.47%"
     },
     {
      "name": "mod_duration",
      "value": "2.81 Years"
     },
     {
      "name": "avg_maturity",
      "value": "4.18 Years"
     },
     {
      "name": "macaulay",
      "value": "2.97 Years"
     }
    ],
    "min_amt": "1",
    "monthly_aaum_date": "20250331",
    "monthly_aaum_value": "₹14,136.47Cr",
    "mutual_fund_name": "HDFC Mutual Fund",
    "scheme_launch_date": "20100625"
   }
  },
  {
   "value": {
    "amc_name": "HDFC Asset Management Company Limited",
    "benchmark_index": [
     "NIFTY Medium Duration Debt Index A-III"
    ],
    "field_location": [
     {
      "amc_name": "81",
      "benchmark_index": "81",
      "count": 48,
      "fund_manager_managing_fund_since": "81",
      "fund_manager_name": "81",
      "fund_manager_total_exp": "81",
      "load_exit": "81",
      "main_scheme_name": "81",
      "metrics_avg_maturity": "81",
      "metrics_macaulay": "81",
      "metrics_mod_duration": "81",
      "metrics_ytm": "81",
      "min_amt": "81",
      "monthly_aaum_date": "81",
      "monthly_aaum_value": "81",
      "mutual_fund_name": "81",
      "scheme_launch_date": "81"
     }
    ],
    "fund_manager": [
     {
      "managing_fund_since": "march 01",
      "name": "Shobhit Mehrotra",
      "qualification": "",
      "total_exp": "2007 years"
     },
     {
      "managing_fund_since": "",
      "name": "Bhavyesh Divecha",
      "qualification": "",
      "total_exp": "2025 years"
     }
    ],
    "load": [
     {
      "comment": "$ Nil",
      "type": "exit"
     }
    ],
    "main_scheme_name": "HDFC Medium Term Debt Fund",
    "metrics": [
     {
      "name": "ytm",
      "value": "7.64%"
     },
     {
      "name": "mod_duration",
      "value": "3.94 Years"
     },
     {
      "name": "avg_maturity",
      "value": "6.29 Years"
     },
     {
      "name": "macaulay",
      "value": "4.13 Years"
     }
    ],
    "min_amt": "1",
    "monthly_aaum_date": "20250331",
    "monthly_aaum_value": "₹3,917.76Cr",
    "mutual_fund_name": "HDFC Mutual Fund",
    "scheme_launch_date": "20020206"
   }
  },
  {
   "value": {
    "amc_name": "HDFC Asset Management Company Limited",
    "benchmark_index": [
     "CRISIL Medium To Long Duration Debt A-III"
    ],
    "field_location": [
     {
      "amc_name": "83",
      "benchmark_index": "83",
      "count": 48,
      "fund_manager_managing_fund_since": "83",
      "fund_manager_name": "83",
      "fund_manager_total_exp": "83",
      "load_exit": "83",
      "main_scheme_name": "83",
      "metrics_avg_maturity": "83",
      "metrics_macaulay": "83",
      "metrics_mod_duration": "83",
      "metrics_ytm": "83",
      "min_amt": "83",
      "monthly_aaum_date": "83",
      "monthly_aaum_value": "83",
      "mutual_fund_name": "83",
      "scheme_launch_date": "83"
     }
    ],
    "fund_manager": [
     {
      "managing_fund_since": "september 11",
      "name": "Shobhit Mehrotra",
      "qualification": "",
      "total_exp": "2007 years"
     }
    ],
    "load": [
     {
      "comment": "$ Nil G Sec, SDL Credit Exposure Cash, Cash E uivalents and Net Current ssets Units issued by eIT lternative Investment Fund Units",
      "type": "exit"
     }
    ],
    "main_scheme_name": "HDFC Income Fund",
    "metrics": [
     {
      "name": "ytm",
      "value": "6.95%"
     },
     {
      "name": "mod_duration",
      "value": "6.73 Years"
     },
     {
      "name": "avg_maturity",
      "value": "12.30 Years"
     },
     {
      "name": "macaulay",
      "value": "6.98 Years"
     }
    ],
    "min_amt": "090630",
    "monthly_aaum_date": "20250331",
    "monthly_aaum_value": "₹876.77Cr",
    "mutual_fund_name": "HDFC Mutual Fund",
    "scheme_launch_date": "20000911"
   }
  },
  {
   "value": {
    "amc_name": "HDFC Asset Management Company Limited",
    "benchmark_index": [
     "NIFTY Long Duration Debt Index - A-III"
    ],
    "field_location": [
     {
      "amc_name": "85",
      "benchmark_index": "85",
      "count": 48,
      "fund_manager_managing_fund_since": "85",
      "fund_manager_name": "85",
      "fund_manager_total_exp": "85",
      "load_exit": "85",
      "main_scheme_name": "85",
      "metrics_avg_maturity": "85",
      "metrics_macaulay": "85",
      "metrics_mod_duration": "85",
      "metrics_ytm": "85",
      "monthly_aaum_date": "85",
      "monthly_aaum_value": "85",
      "mutual_fund_name": "85",
      "scheme_launch_date": "85"
     }
    ],
    "fund_manager": [
     {
      "managing_fund_since": "january 20",
      "name": "Shobhit Mehrotra",
      "qualification": "",
      "total_exp": "32 years"
     }
    ],
    "load": [
     {
      "comment": "$ Nil",
      "type": "exit"
     }
    ],
    "main_scheme_name": "HDFC Long Duration Debt Fund",
    "metrics": [
     {
      "name": "ytm",
      "value": "7.06%"
     },
     {
      "name": "mod_duration",
      "value": "12.16 Years"
     },
     {
      "name": "avg_maturity",
      "value": "30.15 Years"
     },
     {
      "name": "macaulay",
      "value": "12.58 Years"
     }
    ],
    "monthly_aaum_date": "20250331",
    "monthly_aaum_value": "₹5,606.70Cr",
    "mutual_fund_name": "HDFC Mutual Fund",
    "scheme_launch_date": "20230120"
   }
  },
  {
   "value": {
    "amc_name": "HDFC Asset Management Company Limited",
    "benchmark_index": [
     "Hindustan NIFTY 50 Arbitrage Index"
    ],
    "field_location": [
     {
      "amc_name": "86",
      "benchmark_index": "86",
      "count": 48,
      "fund_manager_managing_fund_since": "86",
      "fund_manager_name": "86",
      "fund_manager_total_exp": "86",
      "load_exit": "86",
      "main_scheme_name": "86",
      "metrics_avg_maturity": "86",
      "metrics_macaulay": "86",
      "metrics_mod_duration": "86",
      "metrics_port_turnover_ratio": "86",
      "metrics_ytm": "86",
      "monthly_aaum_date": "86",
      "monthly_aaum_value": "86",
      "mutual_fund_name": "86",
      "scheme_launch_date": "86"
     }
    ],
    "fund_manager": [
     {
      "managing_fund_since": " august 24",
      "name": "Anil Bamboli",
      "qualification": "",
      "total_exp": "2022 years"
     },
     {
      "managing_fund_since": " march 29",
      "name": "Arun Agarwal",
      "qualification": "",
      "total_exp": "2020 years"
     },
     {
      "managing_fund_since": "",
      "name": "Nandita Menezes",
      "qualification": "",
      "total_exp": "2025 years"
     },
     {
      "managing_fund_since": "",
      "name": "Bank Ltd",
      "qualification": "",
      "total_exp": ""
     }
    ],
    "load": [
     {
      "comment": "$ Kotak Mahindra • In respect of each purchase / switch-in of Units, an Exit Load of 0.25% is payable if Units Larsen and are redeemed / switched-out within 1 month from the date of allotment. ADANI • No Exit Load is payable if Units are redeemed / switched-out after 1 month from the date of Divis allotment. Indus Towers",
      "type": "exit"
     }
    ],
    "main_scheme_name": "HDFC Arbitrage Fund",
    "metrics": [
     {
      "name": "ytm",
      "value": "7.27%"
     },
     {
      "name": "port_turnover_ratio",
      "value": "1327.05"
     },
     {
      "name": "mod_duration",
      "value": "128 Days"
     },
     {
      "name": "avg_maturity",
      "value": "139 Days"
     },
     {
      "name": "macaulay",
      "value": "138 Days"
     }
    ],
    "monthly_aaum_date": "20250331",
    "monthly_aaum_value": "₹18,166.62Cr",
    "mutual_fund_name": "HDFC Mutual Fund",
    "scheme_launch_date": "20071023"
   }
  },
  {
   "value": {
    "amc_name": "HDFC Asset Management Company Limited",
    "benchmark_index": [
     "CRISIL Short Duration Debt A-II Index"
    ],
    "field_location": [
     {
      "amc_name": "89",
      "benchmark_index": "89",
      "count": 48,
      "fund_manager_managing_fund_since": "89",
      "fund_manager_name": "89",
      "fund_manager_total_exp": "89",
      "load_exit": "89",
      "main_scheme_name": "89",
      "metrics_avg_maturity": "89",
      "metrics_macaulay": "89",
      "metrics_mod_duration": "89",
      "metrics_ytm": "89",
      "min_amt": "89",
      "monthly_aaum_date": "89",
      "monthly_aaum_value": "89",
      "mutual_fund_name": "89",
      "scheme_launch_date": "89"
     }
    ],
    "fund_manager": [
     {
      "managing_fund_since": " october 23",
      "name": "Shobhit Mehrotra",
      "qualification": "",
      "total_exp": "32 years"
     }
    ],
    "load": [
     {
      "comment": "$ Nil",
      "type": "exit"
     }
    ],
    "main_scheme_name": "HDFC Floating Rate Debt Fund",
    "metrics": [
     {
      "name": "ytm",
      "value": "7.78%"
     },
     {
      "name": "mod_duration",
      "value": "1.52 Years"
     },
     {
      "name": "avg_maturity",
      "value": "4.56 Years"
     },
     {
      "name": "macaulay",
      "value": "1.61 Years"
     }
    ],
    "min_amt": "0",
    "monthly_aaum_date": "20250331",
    "monthly_aaum_value": "₹14,950.02Cr",
    "mutual_fund_name": "HDFC Mutual Fund",
    "scheme_launch_date": "20071023"
   }
  },
  {
   "value": {
    "amc_name": "HDFC Asset Management Company Limited",
    "benchmark_index": [
     "NIFTY Corporate Bond Index A- II"
    ],
    "field_location": [
     {
      "amc_name": "91",
      "benchmark_index": "91",
      "count": 48,
      "fund_manager_managing_fund_since": "91",
      "fund_manager_name": "91",
      "fund_manager_total_exp": "91",
      "load_exit": "91",
      "main_scheme_name": "91",
      "metrics_avg_maturity": "91",
      "metrics_macaulay": "91",
      "metrics_mod_duration": "91",
      "metrics_ytm": "91",
      "min_amt": "91",
      "monthly_aaum_date": "91",
      "monthly_aaum_value": "91",
      "mutual_fund_name": "91",
      "scheme_launch_date": "91"
     }
    ],
    "fund_manager": [
     {
      "managing_fund_since": " october 27",
      "name": "Anupam Joshi",
      "qualification": "",
      "total_exp": "19 years"
     }
    ],
    "load": [
     {
      "comment": "$ Nil",
      "type": "exit"
     }
    ],
    "main_scheme_name": "HDFC Corporate Bond Fund",
    "metrics": [
     {
      "name": "ytm",
      "value": "7.31%"
     },
     {
      "name": "mod_duration",
      "value": "3.75 Years"
     },
     {
      "name": "avg_maturity",
      "value": "5.84 Years"
     },
     {
      "name": "macaulay",
      "value": "3.97 Years"
     }
    ],
    "min_amt": "1",
    "monthly_aaum_date": "20250331",
    "monthly_aaum_value": "₹32,124.52Cr",
    "mutual_fund_name": "HDFC Mutual Fund",
    "scheme_launch_date": "20100629"
   }
  },
  {
   "value": {
    "amc_name": "HDFC Asset Management Company Limited",
    "benchmark_index": [
     "NIFTY Banking & PSU Debt Index A-II"
    ],
    "field_location": [
     {
      "amc_name": "93",
      "benchmark_index": "93",
      "count": 48,
      "fund_manager_managing_fund_since": "93",
      "fund_manager_name": "93",
      "fund_manager_total_exp": "93",
      "load_exit": "93",
      "main_scheme_name": "93",
      "metrics_avg_maturity": "93",
      "metrics_macaulay": "93",
      "metrics_mod_duration": "93",
      "metrics_ytm": "93",
      "monthly_aaum_date": "93",
      "monthly_aaum_value": "93",
      "mutual_fund_name": "93",
      "scheme_launch_date": "93"
     }
    ],
    "fund_manager": [
     {
      "managing_fund_since": "march 26, 2014 ",
      "name": "Anil Bamboli",
      "qualification": "",
      "total_exp": "30 years"
     }
    ],
    "load": [
     {
      "comment": "$ Nil",
      "type": "exit"
     }
    ],
    "main_scheme_name": "HDFC Banking and PSU Debt Fund",
    "metrics": [
     {
      "name": "ytm",
      "value": "7.25%"
     },
     {
      "name": "mod_duration",
      "value": "3.86 Years"
     },
     {
      "name": "avg_maturity",
      "value": "5.51 Years"
     },
     {
      "name": "macaulay",
      "value": "4.10 Years"
     }
    ],
    "monthly_aaum_date": "20250331",
    "monthly_aaum_value": "₹5,844.28Cr",
    "mutual_fund_name": "HDFC Mutual Fund",
    "scheme_launch_date": "20140326"
   }
  },
  {
   "value": {
    "amc_name": "HDFC Asset Management Company Limited",
    "benchmark_index": [
     "NIFTY Credit Risk Bond Index B-II ADITYA BIRLA"
    ],
    "field_location": [
     {
      "amc_name": "95",
      "benchmark_index": "95",
      "count": 48,
      "fund_manager_managing_fund_since": "95",
      "fund_manager_name": "95",
      "fund_manager_total_exp": "95",
      "load_exit": "95",
      "main_scheme_name": "95",
      "metrics_avg_maturity": "95",
      "metrics_macaulay": "95",
      "metrics_mod_duration": "95",
      "metrics_ytm": "95",
      "min_amt": "95",
      "monthly_aaum_date": "95",
      "monthly_aaum_value": "95",
      "mutual_fund_name": "95",
      "scheme_launch_date": "95"
     }
    ],
    "fund_manager": [
     {
      "managing_fund_since": " march 25",
      "name": "Shobhit Mehrotra",
      "qualification": "",
      "total_exp": "2014 years"
     }
    ],
    "load": [
     {
      "comment": "$ • In respect of each purchase / switch-in of JM FINANCIAL HOME Units, 1 of the units (“the limit” may be redeemed without any exit Load from the date GERA Development of allotment Godrej Industries Ltd. • ny redemption in excess of the above limit shall be subject to the following exit load: ONGC Petro Additions • In respect of each purchase / switch-in of Units, an Exit Load of 1.00% is payable if Units are redeemed / switched-out within 12 months from the date of allotment Infopark Properties • In respect of each purchase / switch-in of Units, an Exit Load of 0.50% is payable if Units Resco Global Wind are redeemed / switched-out after 12 months but within 18 months from the date of Ramco Industries Ltd. ICRA - AA- allotment SK FINANCE LIMITED • No Exit Load is payable if Units are redeemed / switched-out after 18 months from the date of REC Limited. allotment Muthoot Capital LIC Housing Finance",
      "type": "exit"
     }
    ],
    "main_scheme_name": "HDFC Credit Risk Debt Fund",
    "metrics": [
     {
      "name": "ytm",
      "value": "8.33%"
     },
     {
      "name": "mod_duration",
      "value": "2.62 Years"
     },
     {
      "name": "avg_maturity",
      "value": "4.07 Years"
     },
     {
      "name": "macaulay",
      "value": "2.76 Years"
     }
    ],
    "min_amt": "100",
    "monthly_aaum_date": "20250331",
    "monthly_aaum_value": "₹7,237.39Cr",
    "mutual_fund_name": "HDFC Mutual Fund",
    "scheme_launch_date": "MARCH 25"
   }
  },
  {
   "value": {
    "amc_name": "HDFC Asset Management Company Limited",
    "benchmark_index": [
     "NIFTY Composite Debt Index A- III"
    ],
    "field_location": [
     {
      "amc_name": "97",
      "benchmark_index": "97",
      "count": 48,
      "fund_manager_managing_fund_since": "97",
      "fund_manager_name": "97",
      "fund_manager_total_exp": "97",
      "load_exit": "97",
      "main_scheme_name": "97",
      "metrics_avg_maturity": "97",
      "metrics_macaulay": "97",
      "metrics_mod_duration": "97",
      "metrics_ytm": "97",
      "min_amt": "97",
      "monthly_aaum_date": "97",
      "monthly_aaum_value": "97",
      "mutual_fund_name": "97",
      "scheme_launch_date": "97"
     }
    ],
    "fund_manager": [
     {
      "managing_fund_since": " february 16",
      "name": "Anil Bamboli",
      "qualification": "",
      "total_exp": "2004 years"
     }
    ],
    "load": [
     {
      "comment": "$ Nil ( ) G Sec, SDL Credit Exposure Cash, Cash E uivalents and Net Current ssets Units issued by InvIT lternative Investment Fund Units Units issued by eIT",
      "type": "exit"
     }
    ],
    "main_scheme_name": "HDFC Dynamic Debt Fund",
    "metrics": [
     {
      "name": "ytm",
      "value": "6.96%"
     },
     {
      "name": "mod_duration",
      "value": "7.80 Years"
     },
     {
      "name": "avg_maturity",
      "value": "16.92 Years"
     },
     {
      "name": "macaulay",
      "value": "8.08 Years"
     }
    ],
    "min_amt": "6",
    "monthly_aaum_date": "20250331",
    "monthly_aaum_value": "₹782.39Cr",
    "mutual_fund_name": "HDFC Mutual Fund",
    "scheme_launch_date": "19970428"
   }
  },
  {
   "value": {
    "amc_name": "HDFC Asset Management Company Limited",
    "benchmark_index": [
     "NIFTY All Duration G-Sec Index • Top Ten Holdings"
    ],
    "field_location": [
     {
      "amc_name": "99",
      "benchmark_index": "99",
      "count": 48,
      "fund_manager_name": "99",
      "fund_manager_total_exp": "99",
      "load_exit": "99",
      "main_scheme_name": "99",
      "metrics_avg_maturity": "99",
      "metrics_macaulay": "99",
      "metrics_mod_duration": "99",
      "metrics_ytm": "99",
      "min_amt": "99",
      "monthly_aaum_date": "99",
      "monthly_aaum_value": "99",
      "mutual_fund_name": "99",
      "scheme_launch_date": "99"
     }
    ],
    "fund_manager": [
     {
      "managing_fund_since": "",
      "name": "Anil Bamboli",
      "qualification": "",
      "total_exp": "2007 years"
     }
    ],
    "load": [
     {
      "comment": "$ Nil ( ) ssuming ₹ 10,000 invested systematically on the first Business Day of every month over a period of time. CAGR returns are computed after accounting for the cash flow by using XIRR method (investment internal rate of return) for Regular Plan - Growth Option. The above investment simulation is for illustrative purposes only and should not be construed as a promise on minimum returns and safeguard of capital. G Sec, SDL 97. 9 Cash, Cash E uivalents and Net Current ssets .31 ( ) Returns greater than 1 year period are compounded annualized (CAGR). N.A. Not Available. For performance of other schemes",
      "type": "exit"
     }
    ],
    "main_scheme_name": "HDFC Gilt Fund",
    "metrics": [
     {
      "name": "ytm",
      "value": "6.85%"
     },
     {
      "name": "mod_duration",
      "value": "8.37 Years"
     },
     {
      "name": "avg_maturity",
      "value": "16.99 Years"
     },
     {
      "name": "macaulay",
      "value": "8.65 Years"
     }
    ],
    "min_amt": "3",
    "monthly_aaum_date": "20250331",
    "monthly_aaum_value": "₹2,947.00Cr",
    "mutual_fund_name": "HDFC Mutual Fund",
    "scheme_launch_date": "20010725"
   }
  }
 ]
}