{
 "metadata": {
  "document_name": "21_31-Mar-25_FS.pdf",
  "file_type": "fs",
  "process_date": "20250416"
 },
 "records": [
  {
   "value": {
    "amc_name": "Invesco Asset Management (India) Private Limited",
    "benchmark_index": [
     "BSE 500 TRI"
    ],
    "field_location": [
     {
      "amc_name": "5",
      "benchmark_index": "5",
      "count": 40,
      "fund_manager_managing_fund_since": "5",
      "fund_manager_name": "5",
      "fund_manager_total_exp": "5",
      "load_exit": "5",
      "main_scheme_name": "5",
      "metrics_average_pb": "5",
      "metrics_average_pe": "5",
      "metrics_beta": "5",
      "metrics_port_turnover_ratio": "5",
      "metrics_sharpe": "5",
      "metrics_std_dev": "5",
      "min_addl_amt": "5",
      "min_addl_amt_multiple": "5",
      "min_amt": "5",
      "min_amt_multiple": "5",
      "monthly_aaum_date": "5",
      "monthly_aaum_value": "5",
      "mutual_fund_name": "5",
      "scheme_launch_date": "5"
     }
    ],
    "fund_manager": [
     {
      "managing_fund_since": "september 03, 2020",
      "name": "Amit Nigam",
      "qualification": "",
      "total_exp": "23 years"
     },
     {
      "managing_fund_since": "march 29, 2018",
      "name": "Dhimant Kothari",
      "qualification": "",
      "total_exp": "19 years"
     }
    ],
    "load": [
     {
      "comment": "1 Nil",
      "type": "exit"
     }
    ],
    "main_scheme_name": "Invesco India ELSS Tax Saver Fund",
    "metrics": [
     {
      "name": "sharpe",
      "value": "0.11"
     },
     {
      "name": "std_dev",
      "value": "4.48%"
     },
     {
      "name": "beta",
      "value": "1.00"
     },
     {
      "name": "port_turnover_ratio",
      "value": "0.75 (1 Year)"
     },
     {
      "name": "average_pe",
      "value": "25"
     },
     {
      "name": "average_pb",
      "value": "5.3"
     }
    ],
    "min_addl_amt": "₹ 500",
    "min_addl_amt_multiple": "₹ 500",
    "min_amt": "₹ 500",
    "min_amt_multiple": "₹ 500",
    "monthly_aaum_date": "MARCH, 2025",
    "monthly_aaum_value": "₹ 2,581.76 crores",
    "mutual_fund_name": "Invesco Mutual Fund",
    "scheme_launch_date": "20061229"
   }
  },
  {
   "value": {
    "amc_name": "Invesco Asset Management (India) Private Limited",
    "benchmark_index": [
     "NIFTY 500 Multicap 50:25:25 TRI"
    ],
    "field_location": [
     {
      "amc_name": "6",
      "benchmark_index": "6",
      "count": 40,
      "fund_manager_managing_fund_since": "6",
      "fund_manager_name": "6",
      "fund_manager_total_exp": "6",
      "load_exit": "6",
      "main_scheme_name": "6",
      "metrics_average_pb": "6",
      "metrics_average_pe": "6",
      "metrics_beta": "6",
      "metrics_port_turnover_ratio": "6",
      "metrics_sharpe": "6",
      "metrics_std_dev": "6",
      "min_addl_amt": "6",
      "min_addl_amt_multiple": "6",
      "min_amt": "6",
      "min_amt_multiple": "6",
      "monthly_aaum_date": "6",
      "monthly_aaum_value": "6",
      "mutual_fund_name": "6",
      "scheme_launch_date": "6"
     }
    ],
    "fund_manager": [
     {
      "managing_fund_since": "december 01, 2023",
      "name": "Dhimant Kothari",
      "qualification": "",
      "total_exp": "19 years"
     },
     {
      "managing_fund_since": "september 03, 2020",
      "name": "Amit Nigam",
      "qualification": "",
      "total_exp": "23 years"
     }
    ],
    "load": [
     {
      "comment": "1 • Nil - if upto 10% of Units allotted are redeemed / switched-out within 1 year from the date of allotment. • 1% - for any redemption / switchout in excess of 10% of units allotted within one year from the date of allotment. • Nil - if units are redeemed or switched-out after 1 year from the date of allotment. Switch between the Plans under the Scheme, please refer page no. 63.",
      "type": "exit"
     }
    ],
    "main_scheme_name": "Invesco India Multicap Fund",
    "metrics": [
     {
      "name": "sharpe",
      "value": "0.17"
     },
     {
      "name": "std_dev",
      "value": "4.42%"
     },
     {
      "name": "beta",
      "value": "0.94"
     },
     {
      "name": "port_turnover_ratio",
      "value": "1.24 (1 Year)"
     },
     {
      "name": "average_pe",
      "value": "25"
     },
     {
      "name": "average_pb",
      "value": "6.0"
     }
    ],
    "min_addl_amt": "₹ 1,000",
    "min_addl_amt_multiple": "₹ 1",
    "min_amt": "₹ 1,000",
    "min_amt_multiple": "₹ 1",
    "monthly_aaum_date": "MARCH, 2025",
    "monthly_aaum_value": "₹ 3,537.33 crores",
    "mutual_fund_name": "Invesco Mutual Fund",
    "scheme_launch_date": "20080317"
   }
  },
  {
   "value": {
    "amc_name": "Invesco Asset Management (India) Private Limited",
    "benchmark_index": [
     "BSE 500 TRI"
    ],
    "field_location": [
     {
      "amc_name": "7",
      "benchmark_index": "7",
      "count": 40,
      "fund_manager_managing_fund_since": "7",
      "fund_manager_name": "7",
      "fund_manager_total_exp": "7",
      "load_exit": "7",
      "main_scheme_name": "7",
      "metrics_average_pb": "7",
      "metrics_average_pe": "7",
      "metrics_beta": "7",
      "metrics_port_turnover_ratio": "7",
      "metrics_sharpe": "7",
      "metrics_std_dev": "7",
      "min_addl_amt": "7",
      "min_addl_amt_multiple": "7",
      "min_amt": "7",
      "min_amt_multiple": "7",
      "monthly_aaum_date": "7",
      "monthly_aaum_value": "7",
      "mutual_fund_name": "7",
      "scheme_launch_date": "7"
     }
    ],
    "fund_manager": [
     {
      "managing_fund_since": "january 13, 2017",
      "name": "Taher Badshah",
      "qualification": "",
      "total_exp": "30 years"
     },
     {
      "managing_fund_since": "december 01, 2023",
      "name": "Amit Ganatra",
      "qualification": "",
      "total_exp": "21 years"
     }
    ],
    "load": [
     {
      "comment": "1 • Nil - if upto 10% of Units allotted are redeemed / switched-out within 1 year from the date of allotment. • 1% - for any redemption / switchout in excess of 10% of units allotted within one year from the date of allotment. • Nil - if units are redeemed or switched-out after 1 year from the date of allotment. Switch between the Plans under the Scheme, please refer page no. 63.",
      "type": "exit"
     }
    ],
    "main_scheme_name": "Invesco India Contra Fund",
    "metrics": [
     {
      "name": "sharpe",
      "value": "0.20"
     },
     {
      "name": "std_dev",
      "value": "4.29%"
     },
     {
      "name": "beta",
      "value": "0.97"
     },
     {
      "name": "port_turnover_ratio",
      "value": "0.65 (1 Year)"
     },
     {
      "name": "average_pe",
      "value": "25"
     },
     {
      "name": "average_pb",
      "value": "12"
     }
    ],
    "min_addl_amt": "₹ 1,000",
    "min_addl_amt_multiple": "₹ 1",
    "min_amt": "₹ 1,000",
    "min_amt_multiple": "₹ 1",
    "monthly_aaum_date": "MARCH, 2025",
    "monthly_aaum_value": "₹ 16,687.53 crores",
    "mutual_fund_name": "Invesco Mutual Fund",
    "scheme_launch_date": "20070411"
   }
  },
  {
   "value": {
    "amc_name": "Invesco Asset Management (India) Private Limited",
    "benchmark_index": [
     "NIFTY 100 TRI"
    ],
    "field_location": [
     {
      "amc_name": "8",
      "benchmark_index": "8",
      "count": 40,
      "fund_manager_managing_fund_since": "8",
      "fund_manager_name": "8",
      "fund_manager_total_exp": "8",
      "load_exit": "8",
      "main_scheme_name": "8",
      "metrics_average_pb": "8",
      "metrics_average_pe": "8",
      "metrics_beta": "8",
      "metrics_port_turnover_ratio": "8",
      "metrics_sharpe": "8",
      "metrics_std_dev": "8",
      "min_addl_amt": "8",
      "min_addl_amt_multiple": "8",
      "min_amt": "8",
      "min_amt_multiple": "8",
      "monthly_aaum_date": "8",
      "monthly_aaum_value": "8",
      "mutual_fund_name": "8",
      "scheme_launch_date": "8"
     }
    ],
    "fund_manager": [
     {
      "managing_fund_since": "september 03, 2020",
      "name": "Amit Nigam",
      "qualification": "",
      "total_exp": "23 years"
     },
     {
      "managing_fund_since": "december 01, 2023",
      "name": "Hiten Jain",
      "qualification": "",
      "total_exp": "15 years"
     }
    ],
    "load": [
     {
      "comment": "1 Nil",
      "type": "exit"
     }
    ],
    "main_scheme_name": "Invesco India Largecap Fund",
    "metrics": [
     {
      "name": "sharpe",
      "value": "0.12"
     },
     {
      "name": "std_dev",
      "value": "4.31%"
     },
     {
      "name": "beta",
      "value": "1.01"
     },
     {
      "name": "port_turnover_ratio",
      "value": "0.74 (1 Year)"
     },
     {
      "name": "average_pe",
      "value": "25"
     },
     {
      "name": "average_pb",
      "value": "12"
     }
    ],
    "min_addl_amt": "₹ 1,000",
    "min_addl_amt_multiple": "₹ 1",
    "min_amt": "₹ 1,000",
    "min_amt_multiple": "₹ 1",
    "monthly_aaum_date": "MARCH, 2025",
    "monthly_aaum_value": "₹ 1,288.18 crores",
    "mutual_fund_name": "Invesco Mutual Fund",
    "scheme_launch_date": "20090821"
   }
  },
  {
   "value": {
    "amc_name": "Invesco Asset Management (India) Private Limited",
    "benchmark_index": [
     "BSE 500 TRI"
    ],
    "field_location": [
     {
      "amc_name": "9",
      "benchmark_index": "9",
      "count": 40,
      "fund_manager_managing_fund_since": "9",
      "fund_manager_name": "9",
      "fund_manager_total_exp": "9",
      "load_exit": "9",
      "main_scheme_name": "9",
      "metrics_average_pb": "9",
      "metrics_average_pe": "9",
      "metrics_beta": "9",
      "metrics_port_turnover_ratio": "9",
      "metrics_sharpe": "9",
      "metrics_std_dev": "9",
      "min_addl_amt": "9",
      "min_addl_amt_multiple": "9",
      "min_amt": "9",
      "min_amt_multiple": "9",
      "monthly_aaum_date": "9",
      "monthly_aaum_value": "9",
      "mutual_fund_name": "9",
      "scheme_launch_date": "9"
     }
    ],
    "fund_manager": [
     {
      "managing_fund_since": "september 29, 2020",
      "name": "Taher Badshah",
      "qualification": "",
      "total_exp": "30 years"
     },
     {
      "managing_fund_since": "september 14, 2022",
      "name": "Hiten Jain",
      "qualification": "",
      "total_exp": "15 years"
     }
    ],
    "load": [
     {
      "comment": "1 • Nil - if upto 10% of Units allotted areredeemed / switched-out within1 year from the date of allotment. • 1% - for any redemption / switchoutin excess of 10% of unitsallotted within one year from thedate of allotment. • Nil - if units are redeemed orswitched- out after 1 year from thedate of allotment. Switch between the Plans under theScheme, please refer page no. 63.",
      "type": "exit"
     }
    ],
    "main_scheme_name": "Invesco India Focused Fund",
    "metrics": [
     {
      "name": "sharpe",
      "value": "0.21"
     },
     {
      "name": "std_dev",
      "value": "4.64%"
     },
     {
      "name": "beta",
      "value": "0.97"
     },
     {
      "name": "port_turnover_ratio",
      "value": "0.36 (1 Year)"
     },
     {
      "name": "average_pe",
      "value": "25"
     },
     {
      "name": "average_pb",
      "value": "6.6"
     }
    ],
    "min_addl_amt": "₹ 1,000",
    "min_addl_amt_multiple": "₹ 1",
    "min_amt": "₹ 1,000",
    "min_amt_multiple": "₹ 1",
    "monthly_aaum_date": "MARCH, 2025",
    "monthly_aaum_value": "₹ 3,302.68 crores",
    "mutual_fund_name": "Invesco Mutual Fund",
    "scheme_launch_date": "20200929"
   }
  },
  {
   "value": {
    "amc_name": "Invesco Asset Management (India) Private Limited",
    "benchmark_index": [
     "NIFTY LargeMidcap 250 TRI"
    ],
    "field_location": [
     {
      "amc_name": "10",
      "benchmark_index": "10",
      "count": 40,
      "fund_manager_managing_fund_since": "10",
      "fund_manager_name": "10",
      "fund_manager_total_exp": "10",
      "load_exit": "10",
      "main_scheme_name": "10",
      "metrics_average_pb": "10",
      "metrics_average_pe": "10",
      "metrics_beta": "10",
      "metrics_port_turnover_ratio": "10",
      "metrics_sharpe": "10",
      "metrics_std_dev": "10",
      "min_addl_amt": "10",
      "min_addl_amt_multiple": "10",
      "min_amt": "10",
      "min_amt_multiple": "10",
      "monthly_aaum_date": "10",
      "monthly_aaum_value": "10",
      "mutual_fund_name": "10",
      "scheme_launch_date": "10"
     }
    ],
    "fund_manager": [
     {
      "managing_fund_since": "november 09, 2023",
      "name": "Aditya Khemani",
      "qualification": "",
      "total_exp": "18 years"
     },
     {
      "managing_fund_since": "january 21, 2022",
      "name": "Amit Ganatra",
      "qualification": "",
      "total_exp": "21 years"
     }
    ],
    "load": [
     {
      "comment": "1 • Nil - if upto 10% of Units allotted are redeemed / switched-out within 1 year from the date of allotment. • 1% - for any redemption / switchout in excess of 10% of units allotted within one year from the date of allotment. • Nil - if units are redeemed or switched-out after 1 year from the date of allotment. Switch between the Plans under the Scheme, please refer page no. 63.",
      "type": "exit"
     }
    ],
    "main_scheme_name": "Invesco India Large & Mid Cap Fund",
    "metrics": [
     {
      "name": "sharpe",
      "value": "0.22"
     },
     {
      "name": "std_dev",
      "value": "4.53%"
     },
     {
      "name": "beta",
      "value": "0.97"
     },
     {
      "name": "port_turnover_ratio",
      "value": "0.63 (1 Year)"
     },
     {
      "name": "average_pe",
      "value": "25"
     },
     {
      "name": "average_pb",
      "value": "5.8"
     }
    ],
    "min_addl_amt": "₹ 1,000",
    "min_addl_amt_multiple": "₹ 1",
    "min_amt": "₹ 1,000",
    "min_amt_multiple": "₹ 1",
    "monthly_aaum_date": "MARCH, 2025",
    "monthly_aaum_value": "₹ 6,192.67 crores",
    "mutual_fund_name": "Invesco Mutual Fund",
    "scheme_launch_date": "20070809"
   }
  },
  {
   "value": {
    "amc_name": "Invesco Asset Management (India) Private Limited",
    "benchmark_index": [
     "BSE 150 Midcap TRI"
    ],
    "field_location": [
     {
      "amc_name": "11",
      "benchmark_index": "11",
      "count": 40,
      "fund_manager_managing_fund_since": "11",
      "fund_manager_name": "11",
      "fund_manager_total_exp": "11",
      "load_exit": "11",
      "main_scheme_name": "11",
      "metrics_average_pb": "11",
      "metrics_average_pe": "11",
      "metrics_beta": "11",
      "metrics_port_turnover_ratio": "11",
      "metrics_sharpe": "11",
      "metrics_std_dev": "11",
      "min_addl_amt": "11",
      "min_addl_amt_multiple": "11",
      "min_amt": "11",
      "min_amt_multiple": "11",
      "monthly_aaum_date": "11",
      "monthly_aaum_value": "11",
      "mutual_fund_name": "11",
      "scheme_launch_date": "11"
     }
    ],
    "fund_manager": [
     {
      "managing_fund_since": "november 09, 2023",
      "name": "Aditya Khemani",
      "qualification": "",
      "total_exp": "18 years"
     },
     {
      "managing_fund_since": "september 01, 2023",
      "name": "Amit Ganatra",
      "qualification": "",
      "total_exp": "21 years"
     }
    ],
    "load": [
     {
      "comment": "1 • Nil - if upto 10% of Units allotted are redeemed / switched-out within 1 year from the date of allotment. • 1% - for any redemption / switchout in excess of 10% of units allotted within one year from the date of allotment. • Nil - if units are redeemed or switched-out after 1 year from the date of allotment. Switch between the Plans under the Scheme, please refer page no. 63.",
      "type": "exit"
     }
    ],
    "main_scheme_name": "Invesco India Midcap Fund",
    "metrics": [
     {
      "name": "sharpe",
      "value": "0.23"
     },
     {
      "name": "std_dev",
      "value": "4.91%"
     },
     {
      "name": "beta",
      "value": "0.93"
     },
     {
      "name": "port_turnover_ratio",
      "value": "0.48 (1 Year)"
     },
     {
      "name": "average_pe",
      "value": "25"
     },
     {
      "name": "average_pb",
      "value": "12"
     }
    ],
    "min_addl_amt": "₹ 1,000",
    "min_addl_amt_multiple": "₹ 1",
    "min_amt": "₹ 1,000",
    "min_amt_multiple": "₹ 1",
    "monthly_aaum_date": "MARCH, 2025",
    "monthly_aaum_value": "₹ 5,524.35 crores",
    "mutual_fund_name": "Invesco Mutual Fund",
    "scheme_launch_date": "20070419"
   }
  },
  {
   "value": {
    "amc_name": "Invesco Asset Management (India) Private Limited",
    "benchmark_index": [
     "BSE 250 Smallcap TRI"
    ],
    "field_location": [
     {
      "amc_name": "12",
      "benchmark_index": "12",
      "count": 40,
      "fund_manager_managing_fund_since": "12",
      "fund_manager_name": "12",
      "fund_manager_total_exp": "12",
      "load_exit": "12",
      "main_scheme_name": "12",
      "metrics_average_pb": "12",
      "metrics_average_pe": "12",
      "metrics_beta": "12",
      "metrics_port_turnover_ratio": "12",
      "metrics_sharpe": "12",
      "metrics_std_dev": "12",
      "min_addl_amt": "12",
      "min_addl_amt_multiple": "12",
      "min_amt": "12",
      "min_amt_multiple": "12",
      "monthly_aaum_date": "12",
      "monthly_aaum_value": "12",
      "mutual_fund_name": "12",
      "scheme_launch_date": "12"
     }
    ],
    "fund_manager": [
     {
      "managing_fund_since": "october 30, 2018",
      "name": "Taher Badshah",
      "qualification": "",
      "total_exp": "30 years"
     },
     {
      "managing_fund_since": "november 09, 2023",
      "name": "Aditya Khemani",
      "qualification": "",
      "total_exp": "18 years"
     }
    ],
    "load": [
     {
      "comment": "1 • Nil - if upto 10% of Units allotted are redeemed / switched-out within 1 year from the date of allotment. • 1% - for any redemption / switchout in excess of 10% of units allotted within one year from the date of allotment. • Nil - if units are redeemed or switched-out after 1 year from the date of allotment. Switch between the Plans under the Scheme, please refer page no. 63.",
      "type": "exit"
     }
    ],
    "main_scheme_name": "Invesco India Smallcap Fund",
    "metrics": [
     {
      "name": "sharpe",
      "value": "0.22"
     },
     {
      "name": "std_dev",
      "value": "4.93%"
     },
     {
      "name": "beta",
      "value": "0.80"
     },
     {
      "name": "port_turnover_ratio",
      "value": "0.30 (1 Year)"
     },
     {
      "name": "average_pe",
      "value": "25"
     },
     {
      "name": "average_pb",
      "value": "6.3"
     }
    ],
    "min_addl_amt": "₹ 1,000",
    "min_addl_amt_multiple": "₹ 1",
    "min_amt": "₹ 1,000",
    "min_amt_multiple": "₹ 1",
    "monthly_aaum_date": "MARCH, 2025",
    "monthly_aaum_value": "₹ 5,612.19 crores",
    "mutual_fund_name": "Invesco Mutual Fund",
    "scheme_launch_date": "20181030"
   }
  },
  {
   "value": {
    "amc_name": "Invesco Asset Management (India) Private Limited",
    "benchmark_index": [
     "Nifty Financial Services TRI"
    ],
    "field_location": [
     {
      "amc_name": "13",
      "benchmark_index": "13",
      "count": 40,
      "fund_manager_managing_fund_since": "13",
      "fund_manager_name": "13",
      "fund_manager_total_exp": "13",
      "load_exit": "13",
      "main_scheme_name": "13",
      "metrics_average_pb": "13",
      "metrics_average_pe": "13",
      "metrics_beta": "13",
      "metrics_port_turnover_ratio": "13",
      "metrics_sharpe": "13",
      "metrics_std_dev": "13",
      "min_addl_amt": "13",
      "min_addl_amt_multiple": "13",
      "min_amt": "13",
      "min_amt_multiple": "13",
      "monthly_aaum_date": "13",
      "monthly_aaum_value": "13",
      "mutual_fund_name": "13",
      "scheme_launch_date": "13"
     }
    ],
    "fund_manager": [
     {
      "managing_fund_since": "may 19, 2020",
      "name": "Hiten Jain",
      "qualification": "",
      "total_exp": "15 years"
     },
     {
      "managing_fund_since": "june 01, 2018",
      "name": "Dhimant Kothari",
      "qualification": "",
      "total_exp": "19 years"
     }
    ],
    "load": [
     {
      "comment": "1 • Nil - if upto 10% of Units allotted are redeemed / switched-out within 1 year from the date of allotment. • 1% - for any redemption / switchout in excess of 10% of units allotted within one year from the date of allotment. • Nil - if units are redeemed or switched-out after 1 year from the date of allotment. Switch between the Plans under the Scheme, please refer page no. 63.",
      "type": "exit"
     }
    ],
    "main_scheme_name": "Invesco India Financial Services Fund",
    "metrics": [
     {
      "name": "sharpe",
      "value": "0.20"
     },
     {
      "name": "std_dev",
      "value": "4.34%"
     },
     {
      "name": "beta",
      "value": "0.89"
     },
     {
      "name": "port_turnover_ratio",
      "value": "0.19 (1 Year)"
     },
     {
      "name": "average_pe",
      "value": "25"
     },
     {
      "name": "average_pb",
      "value": "12"
     }
    ],
    "min_addl_amt": "₹ 1,000",
    "min_addl_amt_multiple": "₹ 1",
    "min_amt": "₹ 1,000",
    "min_amt_multiple": "₹ 1",
    "monthly_aaum_date": "MARCH, 2025",
    "monthly_aaum_value": "₹ 1,142.13 crores",
    "mutual_fund_name": "Invesco Mutual Fund",
    "scheme_launch_date": "20080714"
   }
  },
  {
   "value": {
    "amc_name": "Invesco Asset Management (India) Private Limited",
    "benchmark_index": [
     "BSE India Infrastructure TRI"
    ],
    "field_location": [
     {
      "amc_name": "14",
      "benchmark_index": "14",
      "count": 40,
      "fund_manager_managing_fund_since": "14",
      "fund_manager_name": "14",
      "fund_manager_total_exp": "14",
      "load_exit": "14",
      "main_scheme_name": "14",
      "metrics_average_pb": "14",
      "metrics_average_pe": "14",
      "metrics_beta": "14",
      "metrics_port_turnover_ratio": "14",
      "metrics_sharpe": "14",
      "metrics_std_dev": "14",
      "min_addl_amt": "14",
      "min_addl_amt_multiple": "14",
      "min_amt": "14",
      "min_amt_multiple": "14",
      "monthly_aaum_date": "14",
      "monthly_aaum_value": "14",
      "mutual_fund_name": "14",
      "scheme_launch_date": "14"
     }
    ],
    "fund_manager": [
     {
      "managing_fund_since": "september 03, 2020",
      "name": "Amit Nigam",
      "qualification": "",
      "total_exp": "23 years"
     },
     {
      "managing_fund_since": "march 01, 2025",
      "name": "Sagar Gandhi",
      "qualification": "",
      "total_exp": "15 years"
     }
    ],
    "load": [
     {
      "comment": "1 • Nil - if upto 10% of Units allotted are redeemed / switched-out within 1 year from the date of allotment. • 1% - for any redemption / switchout in excess of 10% of units allotted within one year from the date of allotment. • Nil - if units are redeemed or switched-out after 1 year from the date of allotment. Switch between the Plans under the Scheme, please refer page no. 63.",
      "type": "exit"
     }
    ],
    "main_scheme_name": "Invesco India Infrastructure Fund",
    "metrics": [
     {
      "name": "sharpe",
      "value": "0.23"
     },
     {
      "name": "std_dev",
      "value": "5.70%"
     },
     {
      "name": "beta",
      "value": "0.63"
     },
     {
      "name": "port_turnover_ratio",
      "value": "0.62 (1 Year)"
     },
     {
      "name": "average_pe",
      "value": "25"
     },
     {
      "name": "average_pb",
      "value": "12"
     }
    ],
    "min_addl_amt": "₹ 1,000",
    "min_addl_amt_multiple": "₹ 1",
    "min_amt": "₹ 1,000",
    "min_amt_multiple": "₹ 1",
    "monthly_aaum_date": "MARCH, 2025",
    "monthly_aaum_value": "₹ 1,348.43 crores",
    "mutual_fund_name": "Invesco Mutual Fund",
    "scheme_launch_date": "20071121"
   }
  },
  {
   "value": {
    "amc_name": "Invesco Asset Management (India) Private Limited",
    "benchmark_index": [
     "BSE PSU TRI"
    ],
    "field_location": [
     {
      "amc_name": "15",
      "benchmark_index": "15",
      "count": 40,
      "fund_manager_managing_fund_since": "15",
      "fund_manager_name": "15",
      "fund_manager_total_exp": "15",
      "load_exit": "15",
      "main_scheme_name": "15",
      "metrics_average_pb": "15",
      "metrics_average_pe": "15",
      "metrics_beta": "15",
      "metrics_port_turnover_ratio": "15",
      "metrics_sharpe": "15",
      "metrics_std_dev": "15",
      "min_addl_amt": "15",
      "min_addl_amt_multiple": "15",
      "min_amt": "15",
      "min_amt_multiple": "15",
      "monthly_aaum_date": "15",
      "monthly_aaum_value": "15",
      "mutual_fund_name": "15",
      "scheme_launch_date": "15"
     }
    ],
    "fund_manager": [
     {
      "managing_fund_since": "may 19, 2020",
      "name": "Dhimant Kothari",
      "qualification": "",
      "total_exp": "19 years"
     }
    ],
    "load": [
     {
      "comment": "1 • Nil - if upto 10% of Units allotted are redeemed / switched-out within 1 year from the date of allotment. • 1% - for any redemption / switchout in excess of 10% of units allotted within one year from the date of allotment. • Nil - if units are redeemed or switched-out after 1 year from the date of allotment. Switch between the Plans under the Scheme, please refer page no. 63.",
      "type": "exit"
     }
    ],
    "main_scheme_name": "Invesco India PSU Equity Fund",
    "metrics": [
     {
      "name": "sharpe",
      "value": "0.27"
     },
     {
      "name": "std_dev",
      "value": "6.68%"
     },
     {
      "name": "beta",
      "value": "0.97"
     },
     {
      "name": "port_turnover_ratio",
      "value": "0.56 (1 Year)"
     },
     {
      "name": "average_pe",
      "value": "25"
     },
     {
      "name": "average_pb",
      "value": "2.2"
     }
    ],
    "min_addl_amt": "₹ 1,000",
    "min_addl_amt_multiple": "₹ 1",
    "min_amt": "₹ 1,000",
    "min_amt_multiple": "₹ 1",
    "monthly_aaum_date": "MARCH, 2025",
    "monthly_aaum_value": "₹ 1,148.8 crores",
    "mutual_fund_name": "Invesco Mutual Fund",
    "scheme_launch_date": "20091118"
   }
  },
  {
   "value": {
    "amc_name": "Invesco Asset Management (India) Private Limited",
    "benchmark_index": [
     "Nifty100 ESG Index TRI"
    ],
    "field_location": [
     {
      "amc_name": "16",
      "benchmark_index": "16",
      "count": 40,
      "fund_manager_managing_fund_since": "16",
      "fund_manager_name": "16",
      "fund_manager_total_exp": "16",
      "load_exit": "16",
      "main_scheme_name": "16",
      "metrics_average_pb": "16",
      "metrics_average_pe": "16",
      "metrics_beta": "16",
      "metrics_port_turnover_ratio": "16",
      "metrics_sharpe": "16",
      "metrics_std_dev": "16",
      "min_addl_amt": "16",
      "min_addl_amt_multiple": "16",
      "min_amt": "16",
      "min_amt_multiple": "16",
      "monthly_aaum_date": "16",
      "monthly_aaum_value": "16",
      "mutual_fund_name": "16",
      "scheme_launch_date": "16"
     }
    ],
    "fund_manager": [
     {
      "managing_fund_since": "march 20, 2021",
      "name": "Taher Badshah",
      "qualification": "",
      "total_exp": "30 years"
     },
     {
      "managing_fund_since": "march 20, 2021",
      "name": "Amit Nigam",
      "qualification": "",
      "total_exp": "23 years"
     }
    ],
    "load": [
     {
      "comment": "1 • Nil - if upto 10% of Units allotted areredeemed / switched-out within1 year from the date of allotment. • 1% - for any redemption / switchoutin excess of 10% of unitsallotted within one year from thedate of allotment. • Nil - if units are redeemed orswitched- out after 1 year from thedate of allotment. Switch between the Plans under theScheme, please refer page no. 63.",
      "type": "exit"
     }
    ],
    "main_scheme_name": "Invesco India ESG Integration Strategy Fund",
    "metrics": [
     {
      "name": "sharpe",
      "value": "0.04"
     },
     {
      "name": "std_dev",
      "value": "4.20%"
     },
     {
      "name": "beta",
      "value": "0.91"
     },
     {
      "name": "port_turnover_ratio",
      "value": "0.56 (1 Year)"
     },
     {
      "name": "average_pe",
      "value": "25"
     },
     {
      "name": "average_pb",
      "value": "5.0"
     }
    ],
    "min_addl_amt": "₹ 1,000",
    "min_addl_amt_multiple": "₹ 1",
    "min_amt": "₹ 1,000",
    "min_amt_multiple": "₹ 1",
    "monthly_aaum_date": "MARCH, 2025",
    "monthly_aaum_value": "₹ 444.78 crores",
    "mutual_fund_name": "Invesco Mutual Fund",
    "scheme_launch_date": "20210320"
   }
  },
  {
   "value": {
    "amc_name": "Invesco Asset Management (India) Private Limited",
    "benchmark_index": [
     "BSE 500 TRI"
    ],
    "field_location": [
     {
      "amc_name": "17",
      "benchmark_index": "17",
      "count": 40,
      "fund_manager_managing_fund_since": "17",
      "fund_manager_name": "17",
      "fund_manager_total_exp": "17",
      "load_exit": "17",
      "main_scheme_name": "17",
      "metrics_average_pb": "17",
      "metrics_average_pe": "17",
      "metrics_beta": "17",
      "metrics_port_turnover_ratio": "17",
      "metrics_sharpe": "17",
      "metrics_std_dev": "17",
      "min_addl_amt": "17",
      "min_addl_amt_multiple": "17",
      "min_amt": "17",
      "min_amt_multiple": "17",
      "monthly_aaum_date": "17",
      "monthly_aaum_value": "17",
      "mutual_fund_name": "17",
      "scheme_launch_date": "17"
     }
    ],
    "fund_manager": [
     {
      "managing_fund_since": "september 01, 2022",
      "name": "Amit Ganatra",
      "qualification": "",
      "total_exp": "21 years"
     },
     {
      "managing_fund_since": "february 14, 2022",
      "name": "Taher Badshah",
      "qualification": "",
      "total_exp": "30 years"
     }
    ],
    "load": [
     {
      "comment": "1 If upto 10% of units allotted are redeemed/switched out within 1 year from the date of allotment – Nil - For any redemption / switch out in excess of 10% of units allotted within one year from the date of allotment – 1% - If units are redeemed/switched out after 1 year from the date of allotment- Nil Switch between the Plans under the Scheme, please refer page no. 63.",
      "type": "exit"
     }
    ],
    "main_scheme_name": "Invesco India Flexi Cap Fund",
    "metrics": [
     {
      "name": "sharpe",
      "value": "0.20"
     },
     {
      "name": "std_dev",
      "value": "4.38%"
     },
     {
      "name": "beta",
      "value": "0.94"
     },
     {
      "name": "port_turnover_ratio",
      "value": "0.85 (1 Year)"
     },
     {
      "name": "average_pe",
      "value": "25"
     },
     {
      "name": "average_pb",
      "value": "6.3"
     }
    ],
    "min_addl_amt": "₹ 1,000",
    "min_addl_amt_multiple": "₹ 1",
    "min_amt": "₹ 1,000",
    "min_amt_multiple": "₹ 1",
    "monthly_aaum_date": "MARCH, 2025",
    "monthly_aaum_value": "₹ 2,459.52 crores",
    "mutual_fund_name": "Invesco Mutual Fund",
    "scheme_launch_date": "20220214"
   }
  },
  {
   "value": {
    "amc_name": "Invesco Asset Management (India) Private Limited",
    "benchmark_index": [
     "Nifty India Manufacturing TRI"
    ],
    "field_location": [
     {
      "amc_name": "18",
      "benchmark_index": "18",
      "count": 40,
      "fund_manager_name": "18",
      "fund_manager_total_exp": "18",
      "load_exit": "18",
      "main_scheme_name": "18",
      "metrics_average_pb": "18",
      "metrics_average_pe": "18",
      "metrics_port_turnover_ratio": "18",
      "min_addl_amt": "18",
      "min_addl_amt_multiple": "18",
      "min_amt": "18",
      "min_amt_multiple": "18",
      "monthly_aaum_date": "18",
      "monthly_aaum_value": "18",
      "mutual_fund_name": "18",
      "scheme_launch_date": "18"
     }
    ],
    "fund_manager": [
     {
      "managing_fund_since": "",
      "name": "Amit Ganatra",
      "qualification": "",
      "total_exp": "21 years"
     },
     {
      "managing_fund_since": "",
      "name": "Dhimant Kothari",
      "qualification": "",
      "total_exp": "19 years"
     }
    ],
    "load": [
     {
      "comment": "1 If units are redeemed/switched out on or before 3 months from the date of allotment: 0.50%. - If units are redeemed/switched out after 3 months from the date of allotment: Nil. Switch between the Plans under the Scheme: Nil.",
      "type": "exit"
     }
    ],
    "main_scheme_name": "Invesco India Manufacturing Fund",
    "metrics": [
     {
      "name": "port_turnover_ratio",
      "value": "0.12 (1 Year)"
     },
     {
      "name": "average_pe",
      "value": "25"
     },
     {
      "name": "average_pb",
      "value": "12"
     }
    ],
    "min_addl_amt": "₹ 1,000",
    "min_addl_amt_multiple": "₹ 1",
    "min_amt": "₹ 1,000",
    "min_amt_multiple": "₹ 1",
    "monthly_aaum_date": "MARCH, 2025",
    "monthly_aaum_value": "₹ 732.03 crores",
    "mutual_fund_name": "Invesco Mutual Fund",
    "scheme_launch_date": "20240814"
   }
  },
  {
   "value": {
    "amc_name": "Invesco Asset Management (India) Private Limited",
    "benchmark_index": [
     "Nifty IT TRI"
    ],
    "field_location": [
     {
      "amc_name": "19",
      "benchmark_index": "19",
      "count": 40,
      "fund_manager_managing_fund_since": "19",
      "fund_manager_name": "19",
      "fund_manager_total_exp": "19",
      "load_exit": "19",
      "main_scheme_name": "19",
      "metrics_average_pb": "19",
      "metrics_average_pe": "19",
      "metrics_port_turnover_ratio": "19",
      "min_addl_amt": "19",
      "min_addl_amt_multiple": "19",
      "min_amt": "19",
      "min_amt_multiple": "19",
      "monthly_aaum_date": "19",
      "monthly_aaum_value": "19",
      "mutual_fund_name": "19",
      "scheme_launch_date": "19"
     }
    ],
    "fund_manager": [
     {
      "managing_fund_since": "september 23, 2024",
      "name": "Hiten Jain",
      "qualification": "",
      "total_exp": "15 years"
     },
     {
      "managing_fund_since": "september 23, 2024",
      "name": "Aditya Khemani",
      "qualification": "",
      "total_exp": "18 years"
     }
    ],
    "load": [
     {
      "comment": "1 If units are redeemed/switched out on or before 3 months from the date of allotment: 0.50%. - If units are redeemed/switched out after 3 months from the date of allotment: Nil. Switch between the Plans under the Scheme: Nil.",
      "type": "exit"
     }
    ],
    "main_scheme_name": "Invesco India Technology Fund",
    "metrics": [
     {
      "name": "port_turnover_ratio",
      "value": "0.02 (1 Year)"
     },
     {
      "name": "average_pe",
      "value": "25"
     },
     {
      "name": "average_pb",
      "value": "12"
     }
    ],
    "min_addl_amt": "₹ 1,000",
    "min_addl_amt_multiple": "₹ 1",
    "min_amt": "₹ 1,000",
    "min_amt_multiple": "₹ 1",
    "monthly_aaum_date": "MARCH, 2025",
    "monthly_aaum_value": "₹ 293.23 crores",
    "mutual_fund_name": "Invesco Mutual Fund",
    "scheme_launch_date": "20240923"
   }
  },
  {
   "value": {
    "amc_name": "Invesco Asset Management (India) Private Limited",
    "benchmark_index": [
     "Nifty 500 TRI"
    ],
    "field_location": [
     {
      "amc_name": "20",
      "benchmark_index": "20",
      "count": 40,
      "fund_manager_managing_fund_since": "20",
      "fund_manager_name": "20",
      "fund_manager_total_exp": "20",
      "load_exit": "20",
      "main_scheme_name": "20",
      "metrics_average_pb": "20",
      "metrics_average_pe": "20",
      "min_addl_amt": "20",
      "min_addl_amt_multiple": "20",
      "min_amt": "20",
      "min_amt_multiple": "20",
      "monthly_aaum_date": "20",
      "monthly_aaum_value": "20",
      "mutual_fund_name": "20",
      "scheme_launch_date": "20"
     }
    ],
    "fund_manager": [
     {
      "managing_fund_since": "february 27, 2025",
      "name": "Amit Ganatra",
      "qualification": "",
      "total_exp": "21 years"
     },
     {
      "managing_fund_since": "february 27, 2025",
      "name": "Aditya Khemani",
      "qualification": "",
      "total_exp": "18 years"
     }
    ],
    "load": [
     {
      "comment": "allotment: 0.50%. - If units are redeemed/switched out after Load 1 3 months from the date of allotment: Nil. Switch between the Plans under the Scheme: Nil.",
      "type": "exit"
     }
    ],
    "main_scheme_name": "Invesco India Business Cycle Fund",
    "metrics": [
     {
      "name": "average_pe",
      "value": "25"
     },
     {
      "name": "average_pb",
      "value": "12"
     }
    ],
    "min_addl_amt": "₹ 1,000",
    "min_addl_amt_multiple": "₹ 1",
    "min_amt": "₹ 1,000",
    "min_amt_multiple": "₹ 1",
    "monthly_aaum_date": "MARCH, 2025",
    "monthly_aaum_value": "₹ 250.45 crores",
    "mutual_fund_name": "Invesco Mutual Fund",
    "scheme_launch_date": "20250227"
   }
  },
  {
   "value": {
    "amc_name": "Invesco Asset Management (India) Private Limited",
    "benchmark_index": [
     "Nifty 50 Arbitrage"
    ],
    "field_location": [
     {
      "amc_name": "21",
      "benchmark_index": "21",
      "count": 40,
      "fund_manager_managing_fund_since": "21",
      "fund_manager_name": "21",
      "fund_manager_total_exp": "21",
      "load_exit": "21",
      "main_scheme_name": "21",
      "metrics_avg_maturity": "21",
      "metrics_beta": "21",
      "metrics_macaulay": "21",
      "metrics_mod_duration": "21",
      "metrics_port_turnover_ratio": "21",
      "metrics_sharpe": "21",
      "metrics_std_dev": "21",
      "metrics_ytm": "21",
      "min_addl_amt": "21",
      "min_addl_amt_multiple": "21",
      "min_amt": "21",
      "min_amt_multiple": "21",
      "monthly_aaum_date": "21",
      "monthly_aaum_value": "21",
      "mutual_fund_name": "21",
      "scheme_launch_date": "21"
     }
    ],
    "fund_manager": [
     {
      "managing_fund_since": "november 11, 2021",
      "name": "Deepak Gupta",
      "qualification": "",
      "total_exp": "19 years"
     },
     {
      "managing_fund_since": "september 01, 2022",
      "name": "Kuber Mannadi",
      "qualification": "",
      "total_exp": "19 years"
     }
    ],
    "load": [
     {
      "comment": "1 If redeemed/switchedout on or before 15 Days from the date of allotment : 0.5% If redeemed/switchedout after 15 Days from the date of allotment : Nil Switch between the Plans under the Scheme, please refer page no. 63.",
      "type": "exit"
     }
    ],
    "main_scheme_name": "Invesco India Arbitrage Fund",
    "metrics": [
     {
      "name": "sharpe",
      "value": "0.28"
     },
     {
      "name": "std_dev",
      "value": "0.14%"
     },
     {
      "name": "beta",
      "value": "0.56"
     },
     {
      "name": "ytm",
      "value": "4"
     },
     {
      "name": "port_turnover_ratio",
      "value": "17.35 (1 Year)"
     },
     {
      "name": "mod_duration",
      "value": "136 Days"
     },
     {
      "name": "avg_maturity",
      "value": "145 Days"
     },
     {
      "name": "macaulay",
      "value": "138 Days"
     }
    ],
    "min_addl_amt": "₹ 1,000",
    "min_addl_amt_multiple": "₹ 1",
    "min_amt": "₹ 1,000",
    "min_amt_multiple": "₹ 1",
    "monthly_aaum_date": "MARCH, 2025",
    "monthly_aaum_value": "₹ 15,166.46 crores",
    "mutual_fund_name": "Invesco Mutual Fund",
    "scheme_launch_date": "20070430"
   }
  },
  {
   "value": {
    "amc_name": "Invesco Asset Management (India) Private Limited",
    "benchmark_index": [
     "NIFTY 50 Hybrid Composite Debt 50:50 Index"
    ],
    "field_location": [
     {
      "amc_name": "23",
      "benchmark_index": "23",
      "count": 40,
      "fund_manager_managing_fund_since": "23",
      "fund_manager_name": "23",
      "fund_manager_total_exp": "23",
      "load_exit": "23",
      "main_scheme_name": "23",
      "metrics_average_pb": "23",
      "metrics_average_pe": "23",
      "metrics_avg_maturity": "23",
      "metrics_beta": "23",
      "metrics_macaulay": "23",
      "metrics_mod_duration": "23",
      "metrics_port_turnover_ratio": "23",
      "metrics_sharpe": "23",
      "metrics_std_dev": "23",
      "metrics_ytm": "23",
      "min_addl_amt": "23",
      "min_addl_amt_multiple": "23",
      "min_amt": "23",
      "min_amt_multiple": "23",
      "monthly_aaum_date": "23",
      "monthly_aaum_value": "23",
      "mutual_fund_name": "23",
      "scheme_launch_date": "23"
     }
    ],
    "fund_manager": [
     {
      "managing_fund_since": "september 01, 2022",
      "name": "Dhimant Kothari",
      "qualification": "",
      "total_exp": "19 years"
     },
     {
      "managing_fund_since": "september 01, 2022",
      "name": "Amit Ganatra",
      "qualification": "",
      "total_exp": "21 years"
     },
     {
      "managing_fund_since": "march 01, 2025",
      "name": "Krishna Cheemalapati",
      "qualification": "",
      "total_exp": "26 years"
     }
    ],
    "load": [
     {
      "comment": "1 • Nil - if upto 10% of Units allotted are redeemed / switched-out within 3 months from the date of allotment. • 0.25% - for any redemption / switch- out in excess of 10% of units allotted within 3 months from the date of allotment. • Nil - if units are redeemed or switched-out after 3 months from the date of allotment. Switch between the Plans under the Scheme, please refer page no. 63.",
      "type": "exit"
     }
    ],
    "main_scheme_name": "Invesco India Balanced Advantage Fund",
    "metrics": [
     {
      "name": "sharpe",
      "value": "0.14"
     },
     {
      "name": "std_dev",
      "value": "2.49%"
     },
     {
      "name": "beta",
      "value": "1.10"
     },
     {
      "name": "ytm",
      "value": "4"
     },
     {
      "name": "port_turnover_ratio",
      "value": "2.44 (1 Year)"
     },
     {
      "name": "average_pe",
      "value": "25"
     },
     {
      "name": "average_pb",
      "value": "5.2"
     },
     {
      "name": "mod_duration",
      "value": "1.12 Years"
     },
     {
      "name": "avg_maturity",
      "value": "1.37 Years"
     },
     {
      "name": "macaulay",
      "value": "1.16 Years"
     }
    ],
    "min_addl_amt": "₹ 1,000",
    "min_addl_amt_multiple": "₹ 1",
    "min_amt": "₹ 1,000",
    "min_amt_multiple": "₹ 1",
    "monthly_aaum_date": "MARCH, 2025",
    "monthly_aaum_value": "₹ 812.88 crores",
    "mutual_fund_name": "Invesco Mutual Fund",
    "scheme_launch_date": "20071004"
   }
  },
  {
   "value": {
    "amc_name": "Invesco Asset Management (India) Private Limited",
    "benchmark_index": [
     "CRISIL Hybrid 35 + 65 - Aggressive Index"
    ],
    "field_location": [
     {
      "amc_name": "24",
      "benchmark_index": "24",
      "count": 40,
      "fund_manager_managing_fund_since": "24",
      "fund_manager_name": "24",
      "fund_manager_total_exp": "24",
      "load_exit": "24",
      "main_scheme_name": "24",
      "metrics_avg_maturity": "24",
      "metrics_beta": "24",
      "metrics_macaulay": "24",
      "metrics_mod_duration": "24",
      "metrics_port_turnover_ratio": "24",
      "metrics_sharpe": "24",
      "metrics_std_dev": "24",
      "metrics_ytm": "24",
      "min_addl_amt": "24",
      "min_addl_amt_multiple": "24",
      "min_amt": "24",
      "min_amt_multiple": "24",
      "monthly_aaum_date": "24",
      "monthly_aaum_value": "24",
      "mutual_fund_name": "24",
      "scheme_launch_date": "24"
     }
    ],
    "fund_manager": [
     {
      "managing_fund_since": "september 01, 2022",
      "name": "Dhimant Kothari",
      "qualification": "",
      "total_exp": "19 years"
     },
     {
      "managing_fund_since": "december 01, 2023",
      "name": "Hiten Jain",
      "qualification": "",
      "total_exp": "15 years"
     },
     {
      "managing_fund_since": "june 30, 2018",
      "name": "Krishna Cheemalapati",
      "qualification": "",
      "total_exp": "26 years"
     }
    ],
    "load": [
     {
      "comment": "1 • Nil - if upto 10% of Units allotted are redeemed / switched-out within 1 year from the date of allotment. • 1% - for any redemption / switchout in excess of 10% of units allotted within one year from the date of allotment. • Nil - if units are redeemed or switched-out after 1 year from the date of allotment. Switch between the Plans under the Scheme, please refer page no. 63.",
      "type": "exit"
     }
    ],
    "main_scheme_name": "Invesco India Aggressive Hybrid Fund",
    "metrics": [
     {
      "name": "sharpe",
      "value": "0.17"
     },
     {
      "name": "std_dev",
      "value": "3.34%"
     },
     {
      "name": "beta",
      "value": "1.10"
     },
     {
      "name": "ytm",
      "value": "4"
     },
     {
      "name": "port_turnover_ratio",
      "value": "0.68 (1 Year)"
     },
     {
      "name": "mod_duration",
      "value": "3.18 Years"
     },
     {
      "name": "avg_maturity",
      "value": "4.39 Years"
     },
     {
      "name": "macaulay",
      "value": "3.33 Years"
     }
    ],
    "min_addl_amt": "₹ 1,000",
    "min_addl_amt_multiple": "₹ 1",
    "min_amt": "₹ 1,000",
    "min_amt_multiple": "₹ 1",
    "monthly_aaum_date": "MARCH, 2025",
    "monthly_aaum_value": "₹ 595.19 crores",
    "mutual_fund_name": "Invesco Mutual Fund",
    "scheme_launch_date": "20180630"
   }
  },
  {
   "value": {
    "amc_name": "Invesco Asset Management (India) Private Limited",
    "benchmark_index": [
     "Nifty Equity Savings Index"
    ],
    "field_location": [
     {
      "amc_name": "25",
      "benchmark_index": "25",
      "count": 40,
      "fund_manager_managing_fund_since": "25",
      "fund_manager_name": "25",
      "fund_manager_total_exp": "25",
      "load_exit": "25",
      "main_scheme_name": "25",
      "metrics_avg_maturity": "25",
      "metrics_beta": "25",
      "metrics_macaulay": "25",
      "metrics_mod_duration": "25",
      "metrics_net_equity_level": "25",
      "metrics_port_turnover_ratio": "25",
      "metrics_sharpe": "25",
      "metrics_std_dev": "25",
      "metrics_ytm": "25",
      "min_addl_amt": "25",
      "min_addl_amt_multiple": "25",
      "min_amt": "25",
      "min_amt_multiple": "25",
      "monthly_aaum_date": "25",
      "monthly_aaum_value": "25",
      "mutual_fund_name": "25",
      "scheme_launch_date": "25"
     }
    ],
    "fund_manager": [
     {
      "managing_fund_since": "may 19, 2020",
      "name": "Dhimant Kothari",
      "qualification": "",
      "total_exp": "19 years"
     },
     {
      "managing_fund_since": "september 03, 2020",
      "name": "Amit Nigam",
      "qualification": "",
      "total_exp": "23 years"
     },
     {
      "managing_fund_since": "december 01, 2023",
      "name": "Deepak Gupta",
      "qualification": "",
      "total_exp": "19 years"
     },
     {
      "managing_fund_since": "march 07, 2019",
      "name": "Krishna Cheemalapati",
      "qualification": "",
      "total_exp": "26 years"
     }
    ],
    "load": [
     {
      "comment": "1 • If redeemed / switched-out on or before 1 month from the date of allotment : 0.25%. • If redeemed / switched-out after 1 month from the date of allotment : Nil Switch between the Plans under the Scheme, please refer page no. 63.",
      "type": "exit"
     }
    ],
    "main_scheme_name": "Invesco India Equity Savings Fund",
    "metrics": [
     {
      "name": "sharpe",
      "value": "0.08"
     },
     {
      "name": "std_dev",
      "value": "1.77%"
     },
     {
      "name": "beta",
      "value": "1.08"
     },
     {
      "name": "ytm",
      "value": "4"
     },
     {
      "name": "port_turnover_ratio",
      "value": "4.76 (1 Year)"
     },
     {
      "name": "mod_duration",
      "value": "2.02 Years"
     },
     {
      "name": "avg_maturity",
      "value": "2.56 Years"
     },
     {
      "name": "macaulay",
      "value": "2.12 Years"
     },
     {
      "name": "net_equity_level",
      "value": "34.72%"
     }
    ],
    "min_addl_amt": "₹ 1,000",
    "min_addl_amt_multiple": "₹ 1",
    "min_amt": "₹ 1,000",
    "min_amt_multiple": "₹ 1",
    "monthly_aaum_date": "MARCH, 2025",
    "monthly_aaum_value": "₹ 380.48 crores",
    "mutual_fund_name": "Invesco Mutual Fund",
    "scheme_launch_date": "20190307"
   }
  },
  {
   "value": {
    "amc_name": "Invesco Asset Management (India) Private Limited",
    "benchmark_index": [
     "Nifty 200 TRI (60%) + CRISIL 10 year Gilt Index (30%) + Domestic Price of Gold (5%) + Domestic Price of Silver (5%)"
    ],
    "field_location": [
     {
      "amc_name": "26",
      "benchmark_index": "26",
      "count": 40,
      "fund_manager_managing_fund_since": "26",
      "fund_manager_name": "26",
      "fund_manager_total_exp": "26",
      "load_exit": "26",
      "main_scheme_name": "26",
      "metrics_port_turnover_ratio": "26",
      "min_addl_amt": "26",
      "min_addl_amt_multiple": "26",
      "min_amt": "26",
      "min_amt_multiple": "26",
      "monthly_aaum_date": "26",
      "monthly_aaum_value": "26",
      "mutual_fund_name": "26",
      "scheme_launch_date": "26"
     }
    ],
    "fund_manager": [
     {
      "managing_fund_since": "december 17, 2024",
      "name": "Taher Badshah",
      "qualification": "",
      "total_exp": "30 years"
     },
     {
      "managing_fund_since": "march 01, 2025",
      "name": "Dhimant Kothari",
      "qualification": "",
      "total_exp": "19 years"
     },
     {
      "managing_fund_since": "march 01, 2025",
      "name": "Krishna Cheemalapati",
      "qualification": "",
      "total_exp": "26 years"
     }
    ],
    "load": [
     {
      "comment": "excess of 10% of units within one year: 1% Load 1 • if units are redeemed or switched-out after 1 year: Nil Switch between the Plans under the Scheme: Nil",
      "type": "exit"
     }
    ],
    "main_scheme_name": "Invesco India Multi Asset Allocation Fund",
    "metrics": [
     {
      "name": "port_turnover_ratio",
      "value": "0.07 (1 Year)"
     }
    ],
    "min_addl_amt": "₹ 1,000",
    "min_addl_amt_multiple": "₹ 1",
    "min_amt": "₹ 1,000",
    "min_amt_multiple": "₹ 1",
    "monthly_aaum_date": "MARCH, 2025",
    "monthly_aaum_value": "₹ 268.25 crores",
    "mutual_fund_name": "Invesco Mutual Fund",
    "scheme_launch_date": "20241217"
   }
  },
  {
   "value": {
    "amc_name": "Invesco Asset Management (India) Private Limited",
    "benchmark_index": [
     "NIFTY Liquid Index A-I"
    ],
    "field_location": [
     {
      "amc_name": "27",
      "benchmark_index": "27",
      "count": 40,
      "fund_manager_managing_fund_since": "27",
      "fund_manager_name": "27",
      "fund_manager_total_exp": "27",
      "load_exit": "27",
      "main_scheme_name": "27",
      "metrics_avg_maturity": "27",
      "metrics_macaulay": "27",
      "metrics_ytm": "27",
      "min_addl_amt": "27",
      "min_addl_amt_multiple": "27",
      "min_amt": "27",
      "min_amt_multiple": "27",
      "monthly_aaum_date": "27",
      "monthly_aaum_value": "27",
      "mutual_fund_name": "27",
      "scheme_launch_date": "27"
     }
    ],
    "fund_manager": [
     {
      "managing_fund_since": "february 14, 2022",
      "name": "Prateek Jain",
      "qualification": "",
      "total_exp": "13 years"
     },
     {
      "managing_fund_since": "april 25, 2011",
      "name": "Krishna Cheemalapati",
      "qualification": "",
      "total_exp": "26 years"
     },
     {
      "managing_fund_since": "",
      "name": "Rating Profile",
      "qualification": "",
      "total_exp": ""
     },
     {
      "managing_fund_since": "",
      "name": "Maturity Profile",
      "qualification": "",
      "total_exp": ""
     },
     {
      "managing_fund_since": "",
      "name": "Corporate Market",
      "qualification": "",
      "total_exp": ""
     }
    ],
    "load": [
     {
      "comment": "4 Days 0.0055% Load 1 5 Days 0.0050% 6 Days 0.0045% On or after 7 Days Nil *Date of Allotment is date of subscription NAV. Switch between the Plans under the Scheme, please refer page no. 63 For detailed load structure please refer Scheme Information Document of the scheme.",
      "type": "exit"
     }
    ],
    "main_scheme_name": "Invesco India Liquid Fund",
    "metrics": [
     {
      "name": "ytm",
      "value": "4"
     },
     {
      "name": "avg_maturity",
      "value": "66 Days"
     },
     {
      "name": "macaulay",
      "value": "66 Days"
     }
    ],
    "min_addl_amt": "₹ 1,000",
    "min_addl_amt_multiple": "₹ 1",
    "min_amt": "₹ 1,000",
    "min_amt_multiple": "₹ 1",
    "monthly_aaum_date": "MARCH, 2025",
    "monthly_aaum_value": "₹ 12,790.82 crores",
    "mutual_fund_name": "Invesco Mutual Fund",
    "scheme_launch_date": "20061117"
   }
  },
  {
   "value": {
    "amc_name": "Invesco Asset Management (India) Private Limited",
    "benchmark_index": [
     "NIFTY 1D Rate Index"
    ],
    "field_location": [
     {
      "amc_name": "28",
      "benchmark_index": "28",
      "count": 40,
      "fund_manager_managing_fund_since": "28",
      "fund_manager_name": "28",
      "fund_manager_total_exp": "28",
      "load_exit": "28",
      "main_scheme_name": "28",
      "metrics_avg_maturity": "28",
      "metrics_macaulay": "28",
      "metrics_mod_duration": "28",
      "metrics_ytm": "28",
      "min_addl_amt": "28",
      "min_addl_amt_multiple": "28",
      "min_amt": "28",
      "min_amt_multiple": "28",
      "monthly_aaum_date": "28",
      "monthly_aaum_value": "28",
      "mutual_fund_name": "28",
      "scheme_launch_date": "28"
     }
    ],
    "fund_manager": [
     {
      "managing_fund_since": "february 14, 2022",
      "name": "Prateek Jain",
      "qualification": "",
      "total_exp": "13 years"
     },
     {
      "managing_fund_since": "january 08, 2020",
      "name": "Krishna Cheemalapati",
      "qualification": "",
      "total_exp": "26 years"
     },
     {
      "managing_fund_since": "",
      "name": "Rating Profile",
      "qualification": "",
      "total_exp": ""
     },
     {
      "managing_fund_since": "",
      "name": "Cash Equivalent",
      "qualification": "",
      "total_exp": ""
     },
     {
      "managing_fund_since": "",
      "name": "Average Maturity",
      "qualification": "",
      "total_exp": ""
     },
     {
      "managing_fund_since": "",
      "name": "Macaulay Duration",
      "qualification": "",
      "total_exp": ""
     },
     {
      "managing_fund_since": "",
      "name": "Modified Duration",
      "qualification": "",
      "total_exp": ""
     }
    ],
    "load": [
     {
      "comment": "1",
      "type": "exit"
     }
    ],
    "main_scheme_name": "Invesco India Overnight Fund",
    "metrics": [
     {
      "name": "ytm",
      "value": "4"
     },
     {
      "name": "mod_duration",
      "value": "3 Days"
     },
     {
      "name": "avg_maturity",
      "value": "1"
     },
     {
      "name": "macaulay",
      "value": "3 Days"
     }
    ],
    "min_addl_amt": "₹ 1,000",
    "min_addl_amt_multiple": "₹ 1",
    "min_amt": "₹ 1,000",
    "min_amt_multiple": "₹ 1",
    "monthly_aaum_date": "MARCH, 2025",
    "monthly_aaum_value": "₹ 508.35 crores",
    "mutual_fund_name": "Invesco Mutual Fund",
    "scheme_launch_date": "20200108"
   }
  },
  {
   "value": {
    "amc_name": "Invesco Asset Management (India) Private Limited",
    "benchmark_index": [
     "NIFTY Low Duration Debt Index A-I"
    ],
    "field_location": [
     {
      "amc_name": "29",
      "benchmark_index": "29",
      "count": 40,
      "fund_manager_managing_fund_since": "29",
      "fund_manager_name": "29",
      "fund_manager_total_exp": "29",
      "load_exit": "29",
      "main_scheme_name": "29",
      "metrics_avg_maturity": "29",
      "metrics_macaulay": "29",
      "metrics_mod_duration": "29",
      "metrics_ytm": "29",
      "min_addl_amt": "29",
      "min_addl_amt_multiple": "29",
      "min_amt": "29",
      "min_amt_multiple": "29",
      "monthly_aaum_date": "29",
      "monthly_aaum_value": "29",
      "mutual_fund_name": "29",
      "scheme_launch_date": "29"
     }
    ],
    "fund_manager": [
     {
      "managing_fund_since": "january 01, 2013",
      "name": "Krishna Cheemalapati",
      "qualification": "",
      "total_exp": "26 years"
     },
     {
      "managing_fund_since": "december 16, 2020",
      "name": "Vikas Garg",
      "qualification": "",
      "total_exp": "19 years"
     },
     {
      "managing_fund_since": "",
      "name": "Rating Profile",
      "qualification": "",
      "total_exp": "1 year"
     },
     {
      "managing_fund_since": "",
      "name": "Corporate Market",
      "qualification": "",
      "total_exp": "2 years"
     },
     {
      "managing_fund_since": "",
      "name": "Cash Equivalent",
      "qualification": "",
      "total_exp": "3 years"
     },
     {
      "managing_fund_since": "",
      "name": "Average Maturity",
      "qualification": "",
      "total_exp": "10 years"
     },
     {
      "managing_fund_since": "",
      "name": "Macaulay Duration",
      "qualification": "",
      "total_exp": ""
     },
     {
      "managing_fund_since": "",
      "name": "Modified Duration",
      "qualification": "",
      "total_exp": ""
     }
    ],
    "load": [
     {
      "comment": "1",
      "type": "exit"
     }
    ],
    "main_scheme_name": "Invesco India Low Duration Fund",
    "metrics": [
     {
      "name": "ytm",
      "value": "4"
     },
     {
      "name": "mod_duration",
      "value": "333 Days"
     },
     {
      "name": "avg_maturity",
      "value": "366 Days"
     },
     {
      "name": "macaulay",
      "value": "348 Days"
     }
    ],
    "min_addl_amt": "₹ 1,000",
    "min_addl_amt_multiple": "₹ 1",
    "min_amt": "₹ 1,000",
    "min_amt_multiple": "₹ 1",
    "monthly_aaum_date": "MARCH, 2025",
    "monthly_aaum_value": "₹ 1,481.58 crores",
    "mutual_fund_name": "Invesco Mutual Fund",
    "scheme_launch_date": "20070118"
   }
  },
  {
   "value": {
    "amc_name": "Invesco Asset Management (India) Private Limited",
    "benchmark_index": [
     "NIFTY Short Duration Debt Index A-II"
    ],
    "field_location": [
     {
      "amc_name": "30",
      "benchmark_index": "30",
      "count": 40,
      "fund_manager_managing_fund_since": "30",
      "fund_manager_name": "30",
      "fund_manager_total_exp": "30",
      "load_exit": "30",
      "main_scheme_name": "30",
      "metrics_avg_maturity": "30",
      "metrics_macaulay": "30",
      "metrics_mod_duration": "30",
      "metrics_ytm": "30",
      "min_addl_amt": "30",
      "min_addl_amt_multiple": "30",
      "min_amt": "30",
      "min_amt_multiple": "30",
      "monthly_aaum_date": "30",
      "monthly_aaum_value": "30",
      "mutual_fund_name": "30",
      "scheme_launch_date": "30"
     }
    ],
    "fund_manager": [
     {
      "managing_fund_since": "september 26, 2020",
      "name": "Vikas Garg",
      "qualification": "",
      "total_exp": "19 years"
     },
     {
      "managing_fund_since": "december 16, 2020",
      "name": "Krishna Cheemalapati",
      "qualification": "",
      "total_exp": "26 years"
     },
     {
      "managing_fund_since": "",
      "name": "Rating Profile",
      "qualification": "",
      "total_exp": "19 years"
     },
     {
      "managing_fund_since": "",
      "name": "Corporate Market",
      "qualification": "",
      "total_exp": "26 years"
     },
     {
      "managing_fund_since": "",
      "name": "Cash Equivalent",
      "qualification": "",
      "total_exp": "91 days"
     },
     {
      "managing_fund_since": "",
      "name": "Average Maturity",
      "qualification": "",
      "total_exp": "80 days"
     },
     {
      "managing_fund_since": "",
      "name": "Macaulay Duration",
      "qualification": "",
      "total_exp": ""
     },
     {
      "managing_fund_since": "",
      "name": "Modified Duration",
      "qualification": "",
      "total_exp": ""
     }
    ],
    "load": [
     {
      "comment": "1",
      "type": "exit"
     }
    ],
    "main_scheme_name": "Invesco India Short Duration Fund",
    "metrics": [
     {
      "name": "ytm",
      "value": "4"
     },
     {
      "name": "mod_duration",
      "value": "2.82 Years"
     },
     {
      "name": "avg_maturity",
      "value": "3.55 Years"
     },
     {
      "name": "macaulay",
      "value": "2.95 Years"
     }
    ],
    "min_addl_amt": "₹ 1,000",
    "min_addl_amt_multiple": "₹ 1",
    "min_amt": "₹ 1,000",
    "min_amt_multiple": "₹ 1",
    "monthly_aaum_date": "MARCH, 2025",
    "monthly_aaum_value": "₹ 511.63 crores",
    "mutual_fund_name": "Invesco Mutual Fund",
    "scheme_launch_date": "20070324"
   }
  },
  {
   "value": {
    "amc_name": "Invesco Asset Management (India) Private Limited",
    "benchmark_index": [
     "NIFTY Money Market Index A-I"
    ],
    "field_location": [
     {
      "amc_name": "31",
      "benchmark_index": "31",
      "count": 40,
      "fund_manager_managing_fund_since": "31",
      "fund_manager_name": "31",
      "fund_manager_total_exp": "31",
      "load_exit": "31",
      "main_scheme_name": "31",
      "metrics_avg_maturity": "31",
      "metrics_macaulay": "31",
      "metrics_mod_duration": "31",
      "metrics_ytm": "31",
      "min_addl_amt": "31",
      "min_addl_amt_multiple": "31",
      "min_amt": "31",
      "min_amt_multiple": "31",
      "monthly_aaum_date": "31",
      "monthly_aaum_value": "31",
      "mutual_fund_name": "31",
      "scheme_launch_date": "31"
     }
    ],
    "fund_manager": [
     {
      "managing_fund_since": "january 04, 2020",
      "name": "Krishna Cheemalapati",
      "qualification": "",
      "total_exp": "26 years"
     },
     {
      "managing_fund_since": "december 16, 2020",
      "name": "Vikas Garg",
      "qualification": "",
      "total_exp": "19 years"
     },
     {
      "managing_fund_since": "",
      "name": "Rating Profile",
      "qualification": "",
      "total_exp": "1 year"
     },
     {
      "managing_fund_since": "",
      "name": "Corporate Market",
      "qualification": "",
      "total_exp": ""
     },
     {
      "managing_fund_since": "",
      "name": "Cash Equivalent",
      "qualification": "",
      "total_exp": ""
     },
     {
      "managing_fund_since": "",
      "name": "Average Maturity",
      "qualification": "",
      "total_exp": ""
     },
     {
      "managing_fund_since": "",
      "name": "Macaulay Duration",
      "qualification": "",
      "total_exp": ""
     },
     {
      "managing_fund_since": "",
      "name": "Modified Duration",
      "qualification": "",
      "total_exp": ""
     }
    ],
    "load": [
     {
      "comment": "1",
      "type": "exit"
     }
    ],
    "main_scheme_name": "Invesco India Money Market Fund",
    "metrics": [
     {
      "name": "ytm",
      "value": "4"
     },
     {
      "name": "mod_duration",
      "value": "290 Days"
     },
     {
      "name": "avg_maturity",
      "value": "291 Days"
     },
     {
      "name": "macaulay",
      "value": "290 Days"
     }
    ],
    "min_addl_amt": "₹ 1,000",
    "min_addl_amt_multiple": "₹ 1",
    "min_amt": "₹ 1,000",
    "min_amt_multiple": "₹ 1",
    "monthly_aaum_date": "MARCH, 2025",
    "monthly_aaum_value": "₹ 5,367.4 crores",
    "mutual_fund_name": "Invesco Mutual Fund",
    "scheme_launch_date": "20090828"
   }
  },
  {
   "value": {
    "amc_name": "Invesco Asset Management (India) Private Limited",
    "benchmark_index": [
     "Nifty Ultra Short Duration Debt Index A-I"
    ],
    "field_location": [
     {
      "amc_name": "32",
      "benchmark_index": "32",
      "count": 40,
      "fund_manager_managing_fund_since": "32",
      "fund_manager_name": "32",
      "fund_manager_total_exp": "32",
      "load_exit": "32",
      "main_scheme_name": "32",
      "metrics_avg_maturity": "32",
      "metrics_macaulay": "32",
      "metrics_mod_duration": "32",
      "metrics_ytm": "32",
      "min_addl_amt": "32",
      "min_addl_amt_multiple": "32",
      "min_amt": "32",
      "min_amt_multiple": "32",
      "monthly_aaum_date": "32",
      "monthly_aaum_value": "32",
      "mutual_fund_name": "32",
      "scheme_launch_date": "32"
     }
    ],
    "fund_manager": [
     {
      "managing_fund_since": "january 04, 2020",
      "name": "Krishna Cheemalapati",
      "qualification": "",
      "total_exp": "26 years"
     },
     {
      "managing_fund_since": "july 27, 2021",
      "name": "Vikas Garg",
      "qualification": "",
      "total_exp": "19 years"
     },
     {
      "managing_fund_since": "",
      "name": "Rating Profile",
      "qualification": "",
      "total_exp": "1 year"
     },
     {
      "managing_fund_since": "",
      "name": "Corporate Market",
      "qualification": "",
      "total_exp": "2 years"
     },
     {
      "managing_fund_since": "",
      "name": "Cash Equivalent",
      "qualification": "",
      "total_exp": ""
     },
     {
      "managing_fund_since": "",
      "name": "Average Maturity",
      "qualification": "",
      "total_exp": ""
     },
     {
      "managing_fund_since": "",
      "name": "Macaulay Duration",
      "qualification": "",
      "total_exp": ""
     },
     {
      "managing_fund_since": "",
      "name": "Modified Duration",
      "qualification": "",
      "total_exp": ""
     }
    ],
    "load": [
     {
      "comment": "1",
      "type": "exit"
     }
    ],
    "main_scheme_name": "Invesco India Ultra Short Duration Fund",
    "metrics": [
     {
      "name": "ytm",
      "value": "4"
     },
     {
      "name": "mod_duration",
      "value": "196 Days"
     },
     {
      "name": "avg_maturity",
      "value": "215 Days"
     },
     {
      "name": "macaulay",
      "value": "208 Days"
     }
    ],
    "min_addl_amt": "₹ 1,000",
    "min_addl_amt_multiple": "₹ 1",
    "min_amt": "₹ 1,000",
    "min_amt_multiple": "₹ 1",
    "monthly_aaum_date": "MARCH, 2025",
    "monthly_aaum_value": "₹ 1,122.01 crores",
    "mutual_fund_name": "Invesco Mutual Fund",
    "scheme_launch_date": "20101230"
   }
  },
  {
   "value": {
    "amc_name": "Invesco Asset Management (India) Private Limited",
    "benchmark_index": [
     "Nifty Medium Duration Debt Index A-III"
    ],
    "field_location": [
     {
      "amc_name": "33",
      "benchmark_index": "33",
      "count": 40,
      "fund_manager_managing_fund_since": "33",
      "fund_manager_name": "33",
      "fund_manager_total_exp": "33",
      "load_exit": "33",
      "main_scheme_name": "33",
      "metrics_avg_maturity": "33",
      "metrics_macaulay": "33",
      "metrics_mod_duration": "33",
      "metrics_ytm": "33",
      "min_addl_amt": "33",
      "min_addl_amt_multiple": "33",
      "min_amt": "33",
      "min_amt_multiple": "33",
      "monthly_aaum_date": "33",
      "monthly_aaum_value": "33",
      "mutual_fund_name": "33",
      "scheme_launch_date": "33"
     }
    ],
    "fund_manager": [
     {
      "managing_fund_since": "july 16, 2021",
      "name": "Vikas Garg",
      "qualification": "",
      "total_exp": "19 years"
     },
     {
      "managing_fund_since": "july 16, 2021",
      "name": "Krishna Cheemalapati",
      "qualification": "",
      "total_exp": "26 years"
     },
     {
      "managing_fund_since": "",
      "name": "Rating Profile",
      "qualification": "",
      "total_exp": "19 years"
     },
     {
      "managing_fund_since": "",
      "name": "Corporate Market",
      "qualification": "",
      "total_exp": "26 years"
     },
     {
      "managing_fund_since": "",
      "name": "Cash Equivalent",
      "qualification": "",
      "total_exp": "81 days"
     },
     {
      "managing_fund_since": "",
      "name": "Average Maturity",
      "qualification": "",
      "total_exp": "1 year"
     },
     {
      "managing_fund_since": "",
      "name": "Macaulay Duration",
      "qualification": "",
      "total_exp": "2 years"
     },
     {
      "managing_fund_since": "",
      "name": "Modified Duration",
      "qualification": "",
      "total_exp": ""
     }
    ],
    "load": [
     {
      "comment": "1",
      "type": "exit"
     }
    ],
    "main_scheme_name": "Invesco India Medium Duration Fund",
    "metrics": [
     {
      "name": "ytm",
      "value": "4"
     },
     {
      "name": "mod_duration",
      "value": "3.79 Years"
     },
     {
      "name": "avg_maturity",
      "value": "5.18 Years"
     },
     {
      "name": "macaulay",
      "value": "3"
     }
    ],
    "min_addl_amt": "₹ 1,000",
    "min_addl_amt_multiple": "₹ 1",
    "min_amt": "₹ 1,000",
    "min_amt_multiple": "₹ 1",
    "monthly_aaum_date": "MARCH, 2025",
    "monthly_aaum_value": "₹ 164.15 crores",
    "mutual_fund_name": "Invesco Mutual Fund",
    "scheme_launch_date": "20210716"
   }
  },
  {
   "value": {
    "amc_name": "Invesco Asset Management (India) Private Limited",
    "benchmark_index": [
     "NIFTY Credit Risk Bond Index B-II"
    ],
    "field_location": [
     {
      "amc_name": "34",
      "benchmark_index": "34",
      "count": 40,
      "fund_manager_managing_fund_since": "34",
      "fund_manager_name": "34",
      "fund_manager_total_exp": "34",
      "load_exit": "34",
      "main_scheme_name": "34",
      "metrics_avg_maturity": "34",
      "metrics_macaulay": "34",
      "metrics_ytm": "34",
      "min_addl_amt": "34",
      "min_addl_amt_multiple": "34",
      "min_amt": "34",
      "min_amt_multiple": "34",
      "monthly_aaum_date": "34",
      "monthly_aaum_value": "34",
      "mutual_fund_name": "34",
      "scheme_launch_date": "34"
     }
    ],
    "fund_manager": [
     {
      "managing_fund_since": "september 26, 2020",
      "name": "Vikas Garg",
      "qualification": "",
      "total_exp": "19 years"
     },
     {
      "managing_fund_since": "december 16, 2020",
      "name": "Krishna Cheemalapati",
      "qualification": "",
      "total_exp": "26 years"
     },
     {
      "managing_fund_since": "",
      "name": "Rating Profile",
      "qualification": "",
      "total_exp": "19 years"
     },
     {
      "managing_fund_since": "",
      "name": "Corporate Market",
      "qualification": "",
      "total_exp": "26 years"
     },
     {
      "managing_fund_since": "",
      "name": "Cash Equivalent Including",
      "qualification": "",
      "total_exp": "80 days"
     },
     {
      "managing_fund_since": "",
      "name": "Average Maturity",
      "qualification": "",
      "total_exp": "81 days"
     },
     {
      "managing_fund_since": "",
      "name": "Macaulay Duration",
      "qualification": "",
      "total_exp": "1 year"
     }
    ],
    "load": [
     {
      "comment": "• an exit load of 4% is payable if units are Load 1 redeemed/ switchedout on or before 1 year from the date of allotment. • no exit load is payable if units are redeemed/ switched-out after 1 year from the date of allotment. Switch between the Plans under the Scheme: Nil",
      "type": "exit"
     }
    ],
    "main_scheme_name": "Invesco India Credit Risk Fund",
    "metrics": [
     {
      "name": "ytm",
      "value": "4"
     },
     {
      "name": "avg_maturity",
      "value": "4.32 Years"
     },
     {
      "name": "macaulay",
      "value": "3.24 Years"
     }
    ],
    "min_addl_amt": "₹ 1,000",
    "min_addl_amt_multiple": "₹ 1",
    "min_amt": "₹ 1,000",
    "min_amt_multiple": "₹ 1",
    "monthly_aaum_date": "MARCH, 2025",
    "monthly_aaum_value": "₹ 142.87 crores",
    "mutual_fund_name": "Invesco Mutual Fund",
    "scheme_launch_date": "20140904"
   }
  },
  {
   "value": {
    "amc_name": "Invesco Asset Management (India) Private Limited",
    "benchmark_index": [
     "NIFTY All Duration G-Sec Index"
    ],
    "field_location": [
     {
      "amc_name": "35",
      "benchmark_index": "35",
      "count": 40,
      "fund_manager_managing_fund_since": "35",
      "fund_manager_name": "35",
      "fund_manager_total_exp": "35",
      "load_exit": "35",
      "main_scheme_name": "35",
      "metrics_avg_maturity": "35",
      "metrics_macaulay": "35",
      "metrics_mod_duration": "35",
      "metrics_ytm": "35",
      "min_addl_amt": "35",
      "min_addl_amt_multiple": "35",
      "min_amt": "35",
      "min_amt_multiple": "35",
      "monthly_aaum_date": "35",
      "monthly_aaum_value": "35",
      "mutual_fund_name": "35",
      "scheme_launch_date": "35"
     }
    ],
    "fund_manager": [
     {
      "managing_fund_since": "july 27, 2021",
      "name": "Krishna Cheemalapati",
      "qualification": "",
      "total_exp": "26 years"
     },
     {
      "managing_fund_since": "september 26, 2020",
      "name": "Vikas Garg",
      "qualification": "",
      "total_exp": "19 years"
     },
     {
      "managing_fund_since": "",
      "name": "Rating Profile",
      "qualification": "",
      "total_exp": "26 years"
     },
     {
      "managing_fund_since": "",
      "name": "Cash Equivalent",
      "qualification": "",
      "total_exp": "19 years"
     },
     {
      "managing_fund_since": "",
      "name": "Average Maturity",
      "qualification": "",
      "total_exp": "10 years"
     },
     {
      "managing_fund_since": "",
      "name": "Macaulay Duration",
      "qualification": "",
      "total_exp": "15 years"
     },
     {
      "managing_fund_since": "",
      "name": "Modified Duration",
      "qualification": "",
      "total_exp": ""
     }
    ],
    "load": [
     {
      "comment": "1",
      "type": "exit"
     }
    ],
    "main_scheme_name": "Invesco India Gilt Fund",
    "metrics": [
     {
      "name": "ytm",
      "value": "4"
     },
     {
      "name": "mod_duration",
      "value": "11.03 Years"
     },
     {
      "name": "avg_maturity",
      "value": "26.84 Years"
     },
     {
      "name": "macaulay",
      "value": "11.41 Years"
     }
    ],
    "min_addl_amt": "₹ 1,000",
    "min_addl_amt_multiple": "₹ 1",
    "min_amt": "₹ 1,000",
    "min_amt_multiple": "₹ 1",
    "monthly_aaum_date": "MARCH, 2025",
    "monthly_aaum_value": "₹ 1,043.05 crores",
    "mutual_fund_name": "Invesco Mutual Fund",
    "scheme_launch_date": "20080209"
   }
  },
  {
   "value": {
    "amc_name": "Invesco Asset Management (India) Private Limited",
    "benchmark_index": [
     "Nifty Corporate Bond Index A-II"
    ],
    "field_location": [
     {
      "amc_name": "36",
      "benchmark_index": "36",
      "count": 40,
      "fund_manager_managing_fund_since": "36",
      "fund_manager_name": "36",
      "fund_manager_total_exp": "36",
      "load_exit": "36",
      "main_scheme_name": "36",
      "metrics_avg_maturity": "36",
      "metrics_macaulay": "36",
      "metrics_mod_duration": "36",
      "metrics_ytm": "36",
      "min_addl_amt": "36",
      "min_addl_amt_multiple": "36",
      "min_amt": "36",
      "min_amt_multiple": "36",
      "monthly_aaum_date": "36",
      "monthly_aaum_value": "36",
      "mutual_fund_name": "36",
      "scheme_launch_date": "36"
     }
    ],
    "fund_manager": [
     {
      "managing_fund_since": "september 26, 2020",
      "name": "Vikas Garg",
      "qualification": "",
      "total_exp": "19 years"
     },
     {
      "managing_fund_since": "december 16, 2020",
      "name": "Krishna Cheemalapati",
      "qualification": "",
      "total_exp": "26 years"
     },
     {
      "managing_fund_since": "",
      "name": "Rating Profile",
      "qualification": "",
      "total_exp": "19 years"
     },
     {
      "managing_fund_since": "",
      "name": "Corporate Market",
      "qualification": "",
      "total_exp": "26 years"
     },
     {
      "managing_fund_since": "",
      "name": "Cash Equivalent",
      "qualification": "",
      "total_exp": "60 days"
     },
     {
      "managing_fund_since": "",
      "name": "Average Maturity",
      "qualification": "",
      "total_exp": "91 days"
     },
     {
      "managing_fund_since": "",
      "name": "Macaulay Duration",
      "qualification": "",
      "total_exp": ""
     },
     {
      "managing_fund_since": "",
      "name": "Modified Duration",
      "qualification": "",
      "total_exp": ""
     }
    ],
    "load": [
     {
      "comment": "1",
      "type": "exit"
     }
    ],
    "main_scheme_name": "Invesco India Corporate Bond Fund",
    "metrics": [
     {
      "name": "ytm",
      "value": "4"
     },
     {
      "name": "mod_duration",
      "value": "3.59 Years"
     },
     {
      "name": "avg_maturity",
      "value": "4.87 Years"
     },
     {
      "name": "macaulay",
      "value": "3.77 Years"
     }
    ],
    "min_addl_amt": "₹ 1,000",
    "min_addl_amt_multiple": "₹ 1",
    "min_amt": "₹ 1,000",
    "min_amt_multiple": "₹ 1",
    "monthly_aaum_date": "MARCH, 2025",
    "monthly_aaum_value": "₹ 5,548.65 crores",
    "mutual_fund_name": "Invesco Mutual Fund",
    "scheme_launch_date": "20070802"
   }
  },
  {
   "value": {
    "amc_name": "Invesco Asset Management (India) Private Limited",
    "benchmark_index": [
     "Nifty Banking & PSU Debt Index A-II"
    ],
    "field_location": [
     {
      "amc_name": "37",
      "benchmark_index": "37",
      "count": 40,
      "fund_manager_managing_fund_since": "37",
      "fund_manager_name": "37",
      "fund_manager_total_exp": "37",
      "load_exit": "37",
      "main_scheme_name": "37",
      "metrics_avg_maturity": "37",
      "metrics_macaulay": "37",
      "metrics_mod_duration": "37",
      "metrics_ytm": "37",
      "min_addl_amt": "37",
      "min_addl_amt_multiple": "37",
      "min_amt": "37",
      "min_amt_multiple": "37",
      "monthly_aaum_date": "37",
      "monthly_aaum_value": "37",
      "mutual_fund_name": "37",
      "scheme_launch_date": "37"
     }
    ],
    "fund_manager": [
     {
      "managing_fund_since": "september 26, 2020",
      "name": "Vikas Garg",
      "qualification": "",
      "total_exp": "19 years"
     },
     {
      "managing_fund_since": "december 16, 2020",
      "name": "Krishna Cheemalapati",
      "qualification": "",
      "total_exp": "26 years"
     },
     {
      "managing_fund_since": "",
      "name": "Rating Profile",
      "qualification": "",
      "total_exp": "19 years"
     },
     {
      "managing_fund_since": "",
      "name": "Corporate Market",
      "qualification": "",
      "total_exp": "26 years"
     },
     {
      "managing_fund_since": "",
      "name": "Cash Equivalent",
      "qualification": "",
      "total_exp": "81 days"
     },
     {
      "managing_fund_since": "",
      "name": "Average Maturity",
      "qualification": "",
      "total_exp": "1 year"
     },
     {
      "managing_fund_since": "",
      "name": "Macaulay Duration",
      "qualification": "",
      "total_exp": "3 years"
     },
     {
      "managing_fund_since": "",
      "name": "Modified Duration",
      "qualification": "",
      "total_exp": ""
     }
    ],
    "load": [
     {
      "comment": "1",
      "type": "exit"
     }
    ],
    "main_scheme_name": "Invesco India Banking and PSU Fund",
    "metrics": [
     {
      "name": "ytm",
      "value": "4"
     },
     {
      "name": "mod_duration",
      "value": "3.78 Years"
     },
     {
      "name": "avg_maturity",
      "value": "5.38 Years"
     },
     {
      "name": "macaulay",
      "value": "3.99 Years"
     }
    ],
    "min_addl_amt": "₹ 1,000",
    "min_addl_amt_multiple": "₹ 1",
    "min_amt": "₹ 1,000",
    "min_amt_multiple": "₹ 1",
    "monthly_aaum_date": "MARCH, 2025",
    "monthly_aaum_value": "₹ 100.79 crores",
    "mutual_fund_name": "Invesco Mutual Fund",
    "scheme_launch_date": "20121229"
   }
  },
  {
   "value": {
    "amc_name": "Invesco Asset Management (India) Private Limited",
    "benchmark_index": [
     "Nifty G-sec Jul 2027 Index"
    ],
    "field_location": [
     {
      "amc_name": "38",
      "benchmark_index": "38",
      "count": 40,
      "load_exit": "38",
      "main_scheme_name": "38",
      "metrics_avg_maturity": "38",
      "metrics_macaulay": "38",
      "metrics_ytm": "38",
      "min_amt": "38",
      "min_amt_multiple": "38",
      "monthly_aaum_date": "38",
      "monthly_aaum_value": "38",
      "mutual_fund_name": "38",
      "scheme_launch_date": "38"
     }
    ],
    "load": [
     {
      "comment": "1 • If units are redeemed / switched out within 30 days from the date of allotment - 0.25% • If units are redeemed/switched out after 30 days from the date of allotment : Nil • Switch between the Plans under the Scheme: Nil Exit load is not applicable for segregated",
      "type": "exit"
     }
    ],
    "main_scheme_name": "Invesco India Nifty G-sec Jul 2027 Index Fund",
    "metrics": [
     {
      "name": "ytm",
      "value": "4"
     },
     {
      "name": "avg_maturity",
      "value": "2.16 Years"
     },
     {
      "name": "macaulay",
      "value": "1.99 Years"
     }
    ],
    "min_amt": "₹ 1,000",
    "min_amt_multiple": "₹ 1",
    "monthly_aaum_date": "MARCH, 2025",
    "monthly_aaum_value": "₹ 70.2 crores",
    "mutual_fund_name": "Invesco Mutual Fund",
    "scheme_launch_date": "20230320"
   }
  },
  {
   "value": {
    "amc_name": "Invesco Asset Management (India) Private Limited",
    "benchmark_index": [
     "MSCI World Consumer Discretionary Index- Net Total Return"
    ],
    "field_location": [
     {
      "amc_name": "39",
      "benchmark_index": "39",
      "count": 40,
      "fund_manager_managing_fund_since": "39",
      "fund_manager_name": "39",
      "fund_manager_total_exp": "39",
      "load_exit": "39",
      "main_scheme_name": "39",
      "min_addl_amt": "39",
      "min_addl_amt_multiple": "39",
      "min_amt": "39",
      "min_amt_multiple": "39",
      "monthly_aaum_date": "39",
      "monthly_aaum_value": "39",
      "mutual_fund_name": "39",
      "scheme_launch_date": "39"
     }
    ],
    "fund_manager": [
     {
      "managing_fund_since": "march 01, 2025",
      "name": "Sagar Gandhi",
      "qualification": "",
      "total_exp": "15 years"
     }
    ],
    "load": [
     {
      "comment": "excess of 10% of units allotted within one Load 1 year from the date of allotment. • Nil - if units are redeemed or switched-out after 1 year from the date of allotment. Switch between the Plans under the Scheme, please refer page no. 63.",
      "type": "exit"
     }
    ],
    "main_scheme_name": "Invesco India - Invesco Global Consumer Trends Fund of Fund",
    "min_addl_amt": "₹ 1,000",
    "min_addl_amt_multiple": "₹ 1",
    "min_amt": "₹ 1,000",
    "min_amt_multiple": "₹ 1",
    "monthly_aaum_date": "MARCH, 2025",
    "monthly_aaum_value": "₹ 265.71 crores",
    "mutual_fund_name": "Invesco Mutual Fund",
    "scheme_launch_date": "20201224"
   }
  },
  {
   "value": {
    "amc_name": "Invesco Asset Management (India) Private Limited",
    "benchmark_index": [
     "NASDAQ-100 Notional Index (Net Total Return)"
    ],
    "field_location": [
     {
      "amc_name": "40",
      "benchmark_index": "40",
      "count": 40,
      "fund_manager_managing_fund_since": "40",
      "fund_manager_name": "40",
      "fund_manager_total_exp": "40",
      "load_exit": "40",
      "main_scheme_name": "40",
      "metrics_tracking_error": "40",
      "min_addl_amt": "40",
      "min_addl_amt_multiple": "40",
      "min_amt": "40",
      "min_amt_multiple": "40",
      "monthly_aaum_date": "40",
      "monthly_aaum_value": "40",
      "mutual_fund_name": "40",
      "scheme_launch_date": "40"
     }
    ],
    "fund_manager": [
     {
      "managing_fund_since": "march 01, 2025",
      "name": "Sagar Gandhi",
      "qualification": "",
      "total_exp": "15 years"
     }
    ],
    "load": [
     {
      "comment": "1",
      "type": "exit"
     }
    ],
    "main_scheme_name": "Invesco India - Invesco EQQQ NASDAQ-100 ETF Fund of Fund",
    "metrics": [
     {
      "name": "tracking_error",
      "value": "100"
     }
    ],
    "min_addl_amt": "₹ 1,000",
    "min_addl_amt_multiple": "₹ 1",
    "min_amt": "₹ 1,000",
    "min_amt_multiple": "₹ 1",
    "monthly_aaum_date": "MARCH, 2025",
    "monthly_aaum_value": "₹ 374.21 crores",
    "mutual_fund_name": "Invesco Mutual Fund",
    "scheme_launch_date": "20220421"
   }
  },
  {
   "value": {
    "amc_name": "Invesco Asset Management (India) Private Limited",
    "benchmark_index": [
     "MSCI Europe Index - Net Total Return"
    ],
    "field_location": [
     {
      "amc_name": "41",
      "benchmark_index": "41",
      "count": 40,
      "fund_manager_managing_fund_since": "41",
      "fund_manager_name": "41",
      "fund_manager_total_exp": "41",
      "load_exit": "41",
      "main_scheme_name": "41",
      "min_addl_amt": "41",
      "min_addl_amt_multiple": "41",
      "min_amt": "41",
      "min_amt_multiple": "41",
      "monthly_aaum_date": "41",
      "monthly_aaum_value": "41",
      "mutual_fund_name": "41",
      "scheme_launch_date": "41"
     }
    ],
    "fund_manager": [
     {
      "managing_fund_since": "march 01, 2025",
      "name": "Sagar Gandhi",
      "qualification": "",
      "total_exp": "15 years"
     }
    ],
    "load": [
     {
      "comment": "of units allotted within one year from the Load 1 date of allotment. • Nil - if units are redeemed or switched-out after 1 year from the date of allotment. Switch between the Plans under the Scheme, please refer page no. 63.",
      "type": "exit"
     }
    ],
    "main_scheme_name": "Invesco India - Invesco Pan European Equity Fund of Fund",
    "min_addl_amt": "₹ 1,000",
    "min_addl_amt_multiple": "₹ 1",
    "min_amt": "₹ 1,000",
    "min_amt_multiple": "₹ 1",
    "monthly_aaum_date": "MARCH, 2025",
    "monthly_aaum_value": "₹ 38.13 crores",
    "mutual_fund_name": "Invesco Mutual Fund",
    "scheme_launch_date": "20140131"
   }
  },
  {
   "value": {
    "amc_name": "Invesco Asset Management (India) Private Limited",
    "benchmark_index": [
     "MSCI World Index - Net Total Return"
    ],
    "field_location": [
     {
      "amc_name": "42",
      "benchmark_index": "42",
      "count": 40,
      "fund_manager_managing_fund_since": "42",
      "fund_manager_name": "42",
      "fund_manager_total_exp": "42",
      "load_exit": "42",
      "main_scheme_name": "42",
      "min_addl_amt": "42",
      "min_addl_amt_multiple": "42",
      "min_amt": "42",
      "min_amt_multiple": "42",
      "monthly_aaum_date": "42",
      "monthly_aaum_value": "42",
      "mutual_fund_name": "42",
      "scheme_launch_date": "42"
     }
    ],
    "fund_manager": [
     {
      "managing_fund_since": "march 01, 2025",
      "name": "Sagar Gandhi",
      "qualification": "",
      "total_exp": "15 years"
     }
    ],
    "load": [
     {
      "comment": "of units allotted within one year from the Load 1 date of allotment. • Nil - if units are redeemed or switched-out after 1 year from the date of allotment. Switch between the Plans under the Scheme, please refer page no. 63.",
      "type": "exit"
     }
    ],
    "main_scheme_name": "Invesco India - Invesco Global Equity Income Fund of Fund",
    "min_addl_amt": "₹ 1,000",
    "min_addl_amt_multiple": "₹ 1",
    "min_amt": "₹ 1,000",
    "min_amt_multiple": "₹ 1",
    "monthly_aaum_date": "MARCH, 2025",
    "monthly_aaum_value": "₹ 31.82 crores",
    "mutual_fund_name": "Invesco Mutual Fund",
    "scheme_launch_date": "20140505"
   }
  },
  {
   "value": {
    "amc_name": "Invesco Asset Management (India) Private Limited",
    "benchmark_index": [
     "Price of Gold"
    ],
    "field_location": [
     {
      "amc_name": "43",
      "benchmark_index": "43",
      "count": 40,
      "fund_manager_managing_fund_since": "43",
      "fund_manager_name": "43",
      "fund_manager_total_exp": "43",
      "load_exit": "43",
      "main_scheme_name": "43",
      "min_addl_amt": "43",
      "min_addl_amt_multiple": "43",
      "min_amt": "43",
      "min_amt_multiple": "43",
      "monthly_aaum_date": "43",
      "monthly_aaum_value": "43",
      "mutual_fund_name": "43",
      "scheme_launch_date": "43"
     }
    ],
    "fund_manager": [
     {
      "managing_fund_since": "march 01, 2025",
      "name": "Krishna Cheemalapati",
      "qualification": "",
      "total_exp": "26 years"
     }
    ],
    "load": [
     {
      "comment": "1",
      "type": "exit"
     }
    ],
    "main_scheme_name": "Invesco India Gold ETF Fund of Fund",
    "min_addl_amt": "₹ 1,000",
    "min_addl_amt_multiple": "₹ 1",
    "min_amt": "₹ 1,000",
    "min_amt_multiple": "₹ 1",
    "monthly_aaum_date": "MARCH, 2025",
    "monthly_aaum_value": "₹ 135.77 crores",
    "mutual_fund_name": "Invesco Mutual Fund",
    "scheme_launch_date": "20111205"
   }
  },
  {
   "value": {
    "amc_name": "Invesco Asset Management (India) Private Limited",
    "benchmark_index": [
     "Price of Gold"
    ],
    "field_location": [
     {
      "amc_name": "44",
      "benchmark_index": "44",
      "count": 40,
      "creation_unit": "44",
      "fund_manager_managing_fund_since": "44",
      "fund_manager_name": "44",
      "fund_manager_total_exp": "44",
      "load_exit": "44",
      "main_scheme_name": "44",
      "metrics_tracking_error": "44",
      "monthly_aaum_date": "44",
      "monthly_aaum_value": "44",
      "mutual_fund_name": "44",
      "scheme_launch_date": "44"
     }
    ],
    "fund_manager": [
     {
      "managing_fund_since": "march 01, 2025",
      "name": "Krishna Cheemalapati",
      "qualification": "",
      "total_exp": "26 years"
     }
    ],
    "load": [
     {
      "comment": "1 Nil (For redemption in Creation Unit size.)",
      "type": "exit"
     }
    ],
    "main_scheme_name": "Invesco India Gold Exchange Traded Fund",
    "metrics": [
     {
      "name": "tracking_error",
      "value": "1"
     }
    ],
    "monthly_aaum_date": "MARCH, 2025",
    "monthly_aaum_value": "₹ 244.06 crores",
    "mutual_fund_name": "Invesco Mutual Fund",
    "scheme_launch_date": "20100312"
   }
  },
  {
   "value": {
    "amc_name": "Invesco Asset Management (India) Private Limited",
    "benchmark_index": [
     "Nifty 50 TRI"
    ],
    "field_location": [
     {
      "amc_name": "45",
      "benchmark_index": "45",
      "count": 40,
      "creation_unit": "45",
      "fund_manager_managing_fund_since": "45",
      "fund_manager_name": "45",
      "fund_manager_total_exp": "45",
      "load_exit": "45",
      "main_scheme_name": "45",
      "metrics_tracking_error": "45",
      "monthly_aaum_date": "45",
      "monthly_aaum_value": "45",
      "mutual_fund_name": "45",
      "scheme_launch_date": "45"
     }
    ],
    "fund_manager": [
     {
      "managing_fund_since": "may 19, 2020",
      "name": "Kuber Mannadi",
      "qualification": "",
      "total_exp": "19 years"
     },
     {
      "managing_fund_since": "",
      "name": "Key Information Memorandum",
      "qualification": "",
      "total_exp": ""
     }
    ],
    "load": [
     {
      "comment": "1, 1.1 size.)",
      "type": "exit"
     }
    ],
    "main_scheme_name": "Invesco India NIFTY 50 Exchange Traded Fund",
    "metrics": [
     {
      "name": "tracking_error",
      "value": "0.03"
     }
    ],
    "monthly_aaum_date": "MARCH, 2025",
    "monthly_aaum_value": "₹ 85.42 crores",
    "mutual_fund_name": "Invesco Mutual Fund",
    "scheme_launch_date": "20110613"
   }
  }
 ]
}