{
 "metadata": {
  "document_name": "27_31-Mar-25_FS.pdf",
  "file_type": "fs",
  "process_date": "20250422"
 },
 "records": [
  {
   "value": {
    "amc_name": "Mirae Asset Investment Managers (India) Private Limited",
    "benchmark_index": [
     ": Nifty 100 (TRI) Reliance Industries Ltd. Axis Bank Ltd."
    ],
    "field_location": [
     {
      "amc_name": "24",
      "benchmark_index": "24",
      "count": 26,
      "fund_manager_name": "24",
      "load_exit": "24",
      "main_scheme_name": "24",
      "metrics_beta": "24",
      "metrics_information_ratio": "24",
      "metrics_port_turnover_ratio": "24",
      "metrics_r_squared_ratio": "24",
      "metrics_sharpe": "24",
      "min_addl_amt": "24",
      "min_addl_amt_multiple": "24",
      "min_amt": "24",
      "min_amt_multiple": "24",
      "monthly_aaum_date": "24",
      "mutual_fund_name": "24",
      "scheme_launch_date": "24"
     }
    ],
    "fund_manager": [
     {
      "managing_fund_since": "",
      "name": "Mr. Gaurav Misra",
      "qualification": "",
      "total_exp": ""
     },
     {
      "managing_fund_since": "",
      "name": "Bank Ltd",
      "qualification": "",
      "total_exp": ""
     }
    ],
    "load": [
     {
      "comment": ": Please refer page no.10 Tata Consultancy Services Ltd. Plan Available : Regular and Direct Plan Larsen & Toubro Ltd. ITC Ltd.",
      "type": "exit"
     }
    ],
    "main_scheme_name": "MIRAE ASSET LARGE CAP FUND",
    "metrics": [
     {
      "name": "sharpe",
      "value": "0.32"
     },
     {
      "name": "beta",
      "value": "0.85"
     },
     {
      "name": "port_turnover_ratio",
      "value": "0.45 time"
     },
     {
      "name": "r_squared_ratio",
      "value": "0.96"
     },
     {
      "name": "information_ratio",
      "value": "0.44"
     }
    ],
    "min_addl_amt": "₹ 1,000",
    "min_addl_amt_multiple": "₹ 1",
    "min_amt": "₹ 5,000",
    "min_amt_multiple": "₹ 1",
    "monthly_aaum_date": "20250331",
    "mutual_fund_name": "Mirae Asset Mutual Fund",
    "scheme_launch_date": "4 TH APRIL 2008"
   }
  },
  {
   "value": {
    "amc_name": "Mirae Asset Investment Managers (India) Private Limited",
    "benchmark_index": [
     ": Nifty Large Midcap 250 (TRI) Larsen & Toubro Ltd. Infosys Ltd."
    ],
    "field_location": [
     {
      "amc_name": "25",
      "benchmark_index": "25",
      "count": 26,
      "fund_manager_name": "25",
      "load_exit": "25",
      "main_scheme_name": "25",
      "metrics_beta": "25",
      "metrics_information_ratio": "25",
      "metrics_port_turnover_ratio": "25",
      "metrics_r_squared_ratio": "25",
      "metrics_sharpe": "25",
      "min_amt": "25",
      "min_amt_multiple": "25",
      "monthly_aaum_date": "25",
      "mutual_fund_name": "25",
      "scheme_launch_date": "25"
     }
    ],
    "fund_manager": [
     {
      "managing_fund_since": "",
      "name": "Mr. Neelesh Surana",
      "qualification": "",
      "total_exp": ""
     },
     {
      "managing_fund_since": "",
      "name": "Mr. Ankit Jain",
      "qualification": "",
      "total_exp": ""
     },
     {
      "managing_fund_since": "",
      "name": "State Bank",
      "qualification": "",
      "total_exp": ""
     }
    ],
    "load": [
     {
      "comment": ": Please refer page no.10 Reliance Industries Ltd. Plan Available : Regular and Direct Plan One 97 Communications Ltd. Bharti Airtel Ltd.",
      "type": "exit"
     }
    ],
    "main_scheme_name": "MIRAE ASSET LARGE & MIDCAP FUND*",
    "metrics": [
     {
      "name": "sharpe",
      "value": "0.42"
     },
     {
      "name": "beta",
      "value": "0.92"
     },
     {
      "name": "port_turnover_ratio",
      "value": "0.94 time"
     },
     {
      "name": "r_squared_ratio",
      "value": "0.97"
     },
     {
      "name": "information_ratio",
      "value": "1.38"
     }
    ],
    "min_amt": "₹ 5,000",
    "min_amt_multiple": "₹ 1",
    "monthly_aaum_date": "20250331",
    "mutual_fund_name": "Mirae Asset Mutual Fund",
    "scheme_launch_date": "9 TH JULY 2010"
   }
  },
  {
   "value": {
    "amc_name": "Mirae Asset Investment Managers (India) Private Limited",
    "benchmark_index": [
     ": Nifty India Consumption Index (TRI) Trent Ltd. Zomato Ltd."
    ],
    "field_location": [
     {
      "amc_name": "26",
      "benchmark_index": "26",
      "count": 26,
      "fund_manager_name": "26",
      "load_exit": "26",
      "main_scheme_name": "26",
      "metrics_beta": "26",
      "metrics_information_ratio": "26",
      "metrics_port_turnover_ratio": "26",
      "metrics_r_squared_ratio": "26",
      "metrics_sharpe": "26",
      "min_addl_amt": "26",
      "min_addl_amt_multiple": "26",
      "min_amt": "26",
      "min_amt_multiple": "26",
      "monthly_aaum_date": "26",
      "mutual_fund_name": "26",
      "scheme_launch_date": "26"
     }
    ],
    "fund_manager": [
     {
      "managing_fund_since": "",
      "name": "Mr. Ankit Jain Bharti",
      "qualification": "",
      "total_exp": ""
     },
     {
      "managing_fund_since": "",
      "name": "Airtel Ltd",
      "qualification": "",
      "total_exp": ""
     },
     {
      "managing_fund_since": "",
      "name": "Mr. Siddhant Chhabria",
      "qualification": "",
      "total_exp": ""
     },
     {
      "managing_fund_since": "",
      "name": "Mahindra Ltd",
      "qualification": "",
      "total_exp": ""
     }
    ],
    "load": [
     {
      "comment": ": Please refer page no.10 Hindustan Unilever Ltd. Plan Available : Regular and Direct Plan Varun Beverages Ltd. Interglobe Aviation Ltd.",
      "type": "exit"
     }
    ],
    "main_scheme_name": "MIRAE ASSET GREAT CONSUMER FUND",
    "metrics": [
     {
      "name": "sharpe",
      "value": "0.62"
     },
     {
      "name": "beta",
      "value": "0.92"
     },
     {
      "name": "port_turnover_ratio",
      "value": "0.47 time"
     },
     {
      "name": "r_squared_ratio",
      "value": "0.92"
     },
     {
      "name": "information_ratio",
      "value": "0.21"
     }
    ],
    "min_addl_amt": "₹ 1,000",
    "min_addl_amt_multiple": "₹ 1",
    "min_amt": "₹ 5,000",
    "min_amt_multiple": "₹ 1",
    "monthly_aaum_date": "20250331",
    "mutual_fund_name": "Mirae Asset Mutual Fund",
    "scheme_launch_date": "29 TH MARCH 2011"
   }
  },
  {
   "value": {
    "amc_name": "Mirae Asset Investment Managers (India) Private Limited",
    "benchmark_index": [
     ": Tier-1-Nifty 500 (TRI) State Bank of India Tier-2-Nifty 200 (TRI) Infosys Ltd. Larsen & Toubro Ltd."
    ],
    "field_location": [
     {
      "amc_name": "27",
      "benchmark_index": "27",
      "count": 26,
      "fund_manager_name": "27",
      "load_exit": "27",
      "main_scheme_name": "27",
      "metrics_beta": "27",
      "metrics_information_ratio": "27",
      "metrics_port_turnover_ratio": "27",
      "metrics_r_squared_ratio": "27",
      "metrics_sharpe": "27",
      "min_amt": "27",
      "min_amt_multiple": "27",
      "monthly_aaum_date": "27",
      "mutual_fund_name": "27",
      "scheme_launch_date": "27"
     }
    ],
    "fund_manager": [
     {
      "managing_fund_since": "",
      "name": "Mr. Neelesh Surana",
      "qualification": "",
      "total_exp": ""
     },
     {
      "managing_fund_since": "",
      "name": "Bank Ltd",
      "qualification": "",
      "total_exp": ""
     }
    ],
    "load": [
     {
      "comment": ": Nil Tata Consultancy Services Ltd. Plan Available : Regular and Direct Plan ITC Ltd. Bharti Airtel Ltd.",
      "type": "exit"
     }
    ],
    "main_scheme_name": "MIRAE ASSET ELSS TAX SAVER FUND*",
    "metrics": [
     {
      "name": "sharpe",
      "value": "0.49"
     },
     {
      "name": "beta",
      "value": "0.90"
     },
     {
      "name": "port_turnover_ratio",
      "value": "1.25 time"
     },
     {
      "name": "r_squared_ratio",
      "value": "0.97"
     },
     {
      "name": "information_ratio",
      "value": "0.19"
     }
    ],
    "min_amt": "₹ 500",
    "min_amt_multiple": "₹ 500",
    "monthly_aaum_date": "20250331",
    "mutual_fund_name": "Mirae Asset Mutual Fund",
    "scheme_launch_date": "28 TH DECEMBER 2015"
   }
  },
  {
   "value": {
    "amc_name": "Mirae Asset Investment Managers (India) Private Limited",
    "benchmark_index": [
     ": BSE Healthcare Index (TRI) Lupin Ltd. Glenmark Pharmaceuticals Ltd."
    ],
    "field_location": [
     {
      "amc_name": "28",
      "benchmark_index": "28",
      "count": 26,
      "fund_manager_name": "28",
      "load_exit": "28",
      "main_scheme_name": "28",
      "metrics_beta": "28",
      "metrics_information_ratio": "28",
      "metrics_port_turnover_ratio": "28",
      "metrics_r_squared_ratio": "28",
      "metrics_sharpe": "28",
      "min_addl_amt": "28",
      "min_addl_amt_multiple": "28",
      "min_amt": "28",
      "min_amt_multiple": "28",
      "monthly_aaum_date": "28",
      "mutual_fund_name": "28",
      "scheme_launch_date": "28"
     }
    ],
    "fund_manager": [
     {
      "managing_fund_since": "",
      "name": "Mr. Vrijesh Kasera Sun",
      "qualification": "",
      "total_exp": ""
     },
     {
      "managing_fund_since": "",
      "name": "Pharmaceutical Industries Ltd",
      "qualification": "",
      "total_exp": ""
     },
     {
      "managing_fund_since": "",
      "name": "Mr. Tanmay Mehta Aurobindo",
      "qualification": "",
      "total_exp": ""
     },
     {
      "managing_fund_since": "",
      "name": "Pharma Ltd",
      "qualification": "",
      "total_exp": ""
     },
     {
      "managing_fund_since": "",
      "name": "Cipla Ltd",
      "qualification": "",
      "total_exp": ""
     }
    ],
    "load": [
     {
      "comment": ": Please refer page no.11 Dr. Reddy's Laboratories Ltd. Plan Available : Regular and Direct Plan Krishna Institute of Medical Sciences Ltd. Suven Pharmaceuticals Ltd.",
      "type": "exit"
     }
    ],
    "main_scheme_name": "MIRAE ASSET HEALTHCARE FUND",
    "metrics": [
     {
      "name": "sharpe",
      "value": "0.63"
     },
     {
      "name": "beta",
      "value": "0.95"
     },
     {
      "name": "port_turnover_ratio",
      "value": "0.36 time"
     },
     {
      "name": "r_squared_ratio",
      "value": "0.97"
     },
     {
      "name": "information_ratio",
      "value": "0.78"
     }
    ],
    "min_addl_amt": "1,000",
    "min_addl_amt_multiple": "₹ 1",
    "min_amt": "₹ 5,000",
    "min_amt_multiple": "₹ 1",
    "monthly_aaum_date": "20250331",
    "mutual_fund_name": "Mirae Asset Mutual Fund",
    "scheme_launch_date": "2 ND JULY 2018"
   }
  },
  {
   "value": {
    "amc_name": "Mirae Asset Investment Managers (India) Private Limited",
    "benchmark_index": [
     ": Tier-1-Nifty 500 (TRI) Axis Bank Ltd. Tier-2-Nifty 200 (TRI) Bharti Airtel Ltd. One 97 Communications Ltd."
    ],
    "field_location": [
     {
      "amc_name": "29",
      "benchmark_index": "29",
      "count": 26,
      "fund_manager_name": "29",
      "load_exit": "29",
      "main_scheme_name": "29",
      "metrics_beta": "29",
      "metrics_information_ratio": "29",
      "metrics_port_turnover_ratio": "29",
      "metrics_r_squared_ratio": "29",
      "metrics_sharpe": "29",
      "min_addl_amt": "29",
      "min_addl_amt_multiple": "29",
      "min_amt": "29",
      "min_amt_multiple": "29",
      "monthly_aaum_date": "29",
      "mutual_fund_name": "29",
      "scheme_launch_date": "29"
     }
    ],
    "fund_manager": [
     {
      "managing_fund_since": "",
      "name": "Mr. Gaurav Misra",
      "qualification": "",
      "total_exp": ""
     },
     {
      "managing_fund_since": "",
      "name": "Bank Ltd",
      "qualification": "",
      "total_exp": ""
     }
    ],
    "load": [
     {
      "comment": ": Please refer page no.11 FSN E-Commerce Ventures Ltd. Plan Available : Regular and Direct Plan Zomato Ltd. KPIT Technologies Ltd.",
      "type": "exit"
     }
    ],
    "main_scheme_name": "MIRAE ASSET FOCUSED FUND",
    "metrics": [
     {
      "name": "sharpe",
      "value": "0.04"
     },
     {
      "name": "beta",
      "value": "0.78"
     },
     {
      "name": "port_turnover_ratio",
      "value": "0.35 time"
     },
     {
      "name": "r_squared_ratio",
      "value": "0.87"
     },
     {
      "name": "information_ratio",
      "value": "1.25"
     }
    ],
    "min_addl_amt": "₹ 1,000",
    "min_addl_amt_multiple": "₹ 1",
    "min_amt": "₹ 5,000",
    "min_amt_multiple": "₹ 1",
    "monthly_aaum_date": "20250331",
    "mutual_fund_name": "Mirae Asset Mutual Fund",
    "scheme_launch_date": "14 TH MAY 2019"
   }
  },
  {
   "value": {
    "amc_name": "Mirae Asset Investment Managers (India) Private Limited",
    "benchmark_index": [
     ": Nifty Midcap 150 Index (TRI) One 97 Communications Ltd. Tata Communications Ltd."
    ],
    "field_location": [
     {
      "amc_name": "30",
      "benchmark_index": "30",
      "count": 26,
      "fund_manager_name": "30",
      "load_exit": "30",
      "main_scheme_name": "30",
      "metrics_beta": "30",
      "metrics_information_ratio": "30",
      "metrics_port_turnover_ratio": "30",
      "metrics_r_squared_ratio": "30",
      "metrics_sharpe": "30",
      "min_addl_amt": "30",
      "min_addl_amt_multiple": "30",
      "min_amt": "30",
      "min_amt_multiple": "30",
      "monthly_aaum_date": "30",
      "mutual_fund_name": "30",
      "scheme_launch_date": "30"
     }
    ],
    "fund_manager": [
     {
      "managing_fund_since": "",
      "name": "Mr. Ankit Jain",
      "qualification": "",
      "total_exp": ""
     },
     {
      "managing_fund_since": "",
      "name": "Federal Bank Ltd",
      "qualification": "",
      "total_exp": ""
     },
     {
      "managing_fund_since": "",
      "name": "Lupin Ltd",
      "qualification": "",
      "total_exp": ""
     }
    ],
    "load": [
     {
      "comment": ": Please refer page no.12 Voltas Ltd. Plan Available : Regular and Direct Plan L&T Finance Ltd. HDFC Asset Management Co. Ltd.",
      "type": "exit"
     }
    ],
    "main_scheme_name": "MIRAE ASSET MIDCAP FUND",
    "metrics": [
     {
      "name": "sharpe",
      "value": "0.51"
     },
     {
      "name": "beta",
      "value": "0.94"
     },
     {
      "name": "port_turnover_ratio",
      "value": "1.04 time"
     },
     {
      "name": "r_squared_ratio",
      "value": "0.96"
     },
     {
      "name": "information_ratio",
      "value": "1.64"
     }
    ],
    "min_addl_amt": "₹ 1,000",
    "min_addl_amt_multiple": "₹ 1",
    "min_amt": "₹ 5,000",
    "min_amt_multiple": "₹ 1",
    "monthly_aaum_date": "20250331",
    "mutual_fund_name": "Mirae Asset Mutual Fund",
    "scheme_launch_date": "29 TH JULY 2019"
   }
  },
  {
   "value": {
    "amc_name": "Mirae Asset Investment Managers (India) Private Limited",
    "benchmark_index": [
     ": Nifty Financial Services Index (TRI) Axis Bank Ltd. Bajaj Finance Ltd."
    ],
    "field_location": [
     {
      "amc_name": "31",
      "benchmark_index": "31",
      "count": 26,
      "fund_manager_name": "31",
      "load_exit": "31",
      "main_scheme_name": "31",
      "metrics_beta": "31",
      "metrics_information_ratio": "31",
      "metrics_port_turnover_ratio": "31",
      "metrics_r_squared_ratio": "31",
      "metrics_sharpe": "31",
      "min_addl_amt": "31",
      "min_addl_amt_multiple": "31",
      "min_amt": "31",
      "min_amt_multiple": "31",
      "monthly_aaum_date": "31",
      "mutual_fund_name": "31",
      "scheme_launch_date": "31"
     }
    ],
    "fund_manager": [
     {
      "managing_fund_since": "",
      "name": "Mr. Gaurav Kochar",
      "qualification": "",
      "total_exp": ""
     },
     {
      "managing_fund_since": "",
      "name": "Bank Ltd",
      "qualification": "",
      "total_exp": ""
     }
    ],
    "load": [
     {
      "comment": ": Please refer page no.12 India Shelter Finance Corporation Ltd. Plan Available : Regular and Direct Plan SBI Life Insurance Co. Ltd. Shriram Finance Ltd.",
      "type": "exit"
     }
    ],
    "main_scheme_name": "MIRAE ASSET BANKING AND FINANCIAL SERVICES FUND",
    "metrics": [
     {
      "name": "sharpe",
      "value": "0.63"
     },
     {
      "name": "beta",
      "value": "0.93"
     },
     {
      "name": "port_turnover_ratio",
      "value": "0.32 time"
     },
     {
      "name": "r_squared_ratio",
      "value": "0.87"
     },
     {
      "name": "information_ratio",
      "value": "0.18"
     }
    ],
    "min_addl_amt": "₹ 1,000",
    "min_addl_amt_multiple": "₹ 1",
    "min_amt": "₹ 5,000",
    "min_amt_multiple": "₹ 1",
    "monthly_aaum_date": "20250331",
    "mutual_fund_name": "Mirae Asset Mutual Fund",
    "scheme_launch_date": "11 TH DECEMBER 2020"
   }
  },
  {
   "value": {
    "amc_name": "Mirae Asset Investment Managers (India) Private Limited",
    "benchmark_index": [
     ": Nifty 500 (TRI) State Bank of India Infosys Ltd."
    ],
    "field_location": [
     {
      "amc_name": "32",
      "benchmark_index": "32",
      "count": 26,
      "fund_manager_name": "32",
      "load_exit": "32",
      "main_scheme_name": "32",
      "metrics_port_turnover_ratio": "32",
      "min_addl_amt": "32",
      "min_addl_amt_multiple": "32",
      "min_amt": "32",
      "min_amt_multiple": "32",
      "monthly_aaum_date": "32",
      "mutual_fund_name": "32",
      "scheme_launch_date": "32"
     }
    ],
    "fund_manager": [
     {
      "managing_fund_since": "",
      "name": "Mr. Varun Goel",
      "qualification": "",
      "total_exp": ""
     },
     {
      "managing_fund_since": "",
      "name": "Bank Ltd",
      "qualification": "",
      "total_exp": ""
     }
    ],
    "load": [
     {
      "comment": ": Please refer page no.12 Larsen & Toubro Ltd. Plan Available : Regular and Direct Plan Bharti Airtel Ltd. CarTrade Tech Ltd.",
      "type": "exit"
     }
    ],
    "main_scheme_name": "MIRAE ASSET FLEXI CAP FUND",
    "metrics": [
     {
      "name": "port_turnover_ratio",
      "value": "0.42 time"
     }
    ],
    "min_addl_amt": "₹ 1,000",
    "min_addl_amt_multiple": "₹ 1",
    "min_amt": "₹ 5,000",
    "min_amt_multiple": "₹ 1",
    "monthly_aaum_date": "20250331",
    "mutual_fund_name": "Mirae Asset Mutual Fund",
    "scheme_launch_date": "24 TH FEBRUARY 2023"
   }
  },
  {
   "value": {
    "amc_name": "Mirae Asset Investment Managers (India) Private Limited",
    "benchmark_index": [
     ": Nifty 500 Multicap 50:25:25 (TRI) Larsen & Toubro Ltd. State Bank of India"
    ],
    "field_location": [
     {
      "amc_name": "33",
      "benchmark_index": "33",
      "count": 26,
      "fund_manager_name": "33",
      "load_exit": "33",
      "main_scheme_name": "33",
      "metrics_port_turnover_ratio": "33",
      "min_addl_amt": "33",
      "min_addl_amt_multiple": "33",
      "min_amt": "33",
      "min_amt_multiple": "33",
      "monthly_aaum_date": "33",
      "mutual_fund_name": "33",
      "scheme_launch_date": "33"
     }
    ],
    "fund_manager": [
     {
      "managing_fund_since": "",
      "name": "Mr. Ankit Jain",
      "qualification": "",
      "total_exp": ""
     },
     {
      "managing_fund_since": "",
      "name": "Bank Ltd",
      "qualification": "",
      "total_exp": ""
     }
    ],
    "load": [
     {
      "comment": ": Please refer page no.13 Reliance Industries Ltd. Plan Available : Regular and Direct Plan CEAT Ltd. Lupin Ltd.",
      "type": "exit"
     }
    ],
    "main_scheme_name": "MIRAE ASSET MULTICAP FUND",
    "metrics": [
     {
      "name": "port_turnover_ratio",
      "value": "0.98 time"
     }
    ],
    "min_addl_amt": "₹ 1,000",
    "min_addl_amt_multiple": "₹ 1",
    "min_amt": "₹ 5,000",
    "min_amt_multiple": "₹ 1",
    "monthly_aaum_date": "20250331",
    "mutual_fund_name": "Mirae Asset Mutual Fund",
    "scheme_launch_date": "21 ST AUGUST 2023"
   }
  },
  {
   "value": {
    "amc_name": "Mirae Asset Investment Managers (India) Private Limited",
    "benchmark_index": [
     ": Nifty Small cap 250 (TRI) eClerx Services Ltd. Narayana Hrudayalaya Ltd."
    ],
    "field_location": [
     {
      "amc_name": "34",
      "benchmark_index": "34",
      "count": 26,
      "fund_manager_name": "34",
      "load_exit": "34",
      "main_scheme_name": "34",
      "min_addl_amt": "34",
      "min_addl_amt_multiple": "34",
      "min_amt": "34",
      "min_amt_multiple": "34",
      "monthly_aaum_date": "34",
      "mutual_fund_name": "34",
      "scheme_launch_date": "34"
     }
    ],
    "fund_manager": [
     {
      "managing_fund_since": "",
      "name": "Mr. Varun Goel",
      "qualification": "",
      "total_exp": ""
     },
     {
      "managing_fund_since": "",
      "name": "Hotels Ltd",
      "qualification": "",
      "total_exp": ""
     },
     {
      "managing_fund_since": "",
      "name": "Mr. Siddharth Srivastava Karur",
      "qualification": "",
      "total_exp": ""
     },
     {
      "managing_fund_since": "",
      "name": "Vysya Bank Ltd",
      "qualification": "",
      "total_exp": ""
     },
     {
      "managing_fund_since": "",
      "name": "Cholamandalam Financial",
      "qualification": "",
      "total_exp": ""
     }
    ],
    "load": [
     {
      "comment": ": Please refer page no.13 Multi Commodity Exchange of India Ltd. Plan Available : Regular and Direct Plan Praj Industries Ltd. Godawari Power & Ispat Ltd.",
      "type": "exit"
     }
    ],
    "main_scheme_name": "MIRAE ASSET SMALL CAP FUND",
    "min_addl_amt": "₹ 1,000",
    "min_addl_amt_multiple": "₹ 1",
    "min_amt": "₹ 5,000",
    "min_amt_multiple": "₹ 1",
    "monthly_aaum_date": "20250331",
    "mutual_fund_name": "Mirae Asset Mutual Fund",
    "scheme_launch_date": "31 ST JANUARY 2025"
   }
  },
  {
   "value": {
    "amc_name": "Mirae Asset Investment Managers (India) Private Limited",
    "benchmark_index": [
     ": Nifty Liquid Index A-I Canara Bank Others"
    ],
    "field_location": [
     {
      "amc_name": "39",
      "benchmark_index": "39",
      "count": 26,
      "fund_manager_name": "39",
      "load_exit": "39",
      "main_scheme_name": "39",
      "metrics_avg_maturity": "39",
      "metrics_macaulay": "39",
      "metrics_mod_duration": "39",
      "metrics_ytm": "39",
      "min_addl_amt": "39",
      "min_addl_amt_multiple": "39",
      "min_amt": "39",
      "min_amt_multiple": "39",
      "monthly_aaum_date": "39",
      "mutual_fund_name": "39",
      "scheme_launch_date": "39"
     }
    ],
    "fund_manager": [
     {
      "managing_fund_since": "",
      "name": "Mr. Amit Modani",
      "qualification": "",
      "total_exp": ""
     }
    ],
    "load": [
     {
      "comment": ": Please refer page no.14 National Bank for Agriculture and Rural Development Plan Available : Regular and Direct Plan ICICI Securities Ltd.",
      "type": "exit"
     }
    ],
    "main_scheme_name": "MIRAE ASSET LIQUID FUND*",
    "metrics": [
     {
      "name": "ytm",
      "value": "6.99%"
     },
     {
      "name": "mod_duration",
      "value": "0.18 Years"
     },
     {
      "name": "avg_maturity",
      "value": "65.84 Days"
     },
     {
      "name": "macaulay",
      "value": "0.18 Years"
     }
    ],
    "min_addl_amt": "₹ 1,000",
    "min_addl_amt_multiple": "₹ 1",
    "min_amt": "₹ 5,000",
    "min_amt_multiple": "₹ 1",
    "monthly_aaum_date": "20250331",
    "mutual_fund_name": "Mirae Asset Mutual Fund",
    "scheme_launch_date": "12 TH JANUARY 2009"
   }
  },
  {
   "value": {
    "amc_name": "Mirae Asset Investment Managers (India) Private Limited",
    "benchmark_index": [
     ": Nifty Low Duration Debt Index A-I Power Finance Corporation Ltd."
    ],
    "field_location": [
     {
      "amc_name": "40",
      "benchmark_index": "40",
      "count": 26,
      "fund_manager_name": "40",
      "load_exit": "40",
      "main_scheme_name": "40",
      "metrics_avg_maturity": "40",
      "metrics_macaulay": "40",
      "metrics_mod_duration": "40",
      "metrics_ytm": "40",
      "min_addl_amt": "40",
      "min_addl_amt_multiple": "40",
      "min_amt": "40",
      "min_amt_multiple": "40",
      "monthly_aaum_date": "40",
      "mutual_fund_name": "40",
      "scheme_launch_date": "40"
     }
    ],
    "fund_manager": [
     {
      "managing_fund_since": "",
      "name": "Mr. Basant Bafna",
      "qualification": "",
      "total_exp": ""
     }
    ],
    "load": [
     {
      "comment": ": Nil Government Bond 7.37% GOI (MD 23/10/2028) Plan Available : Regular and Direct Plan Government Bond Total",
      "type": "exit"
     }
    ],
    "main_scheme_name": "MIRAE ASSET LOW DURATION FUND*",
    "metrics": [
     {
      "name": "ytm",
      "value": "7.29%"
     },
     {
      "name": "mod_duration",
      "value": "0.89 Years"
     },
     {
      "name": "avg_maturity",
      "value": "369.53 Days"
     },
     {
      "name": "macaulay",
      "value": "0.95 Years"
     }
    ],
    "min_addl_amt": "₹ 1,000",
    "min_addl_amt_multiple": "₹ 1",
    "min_amt": "₹ 5,000",
    "min_amt_multiple": "₹ 1",
    "monthly_aaum_date": "20250331",
    "mutual_fund_name": "Mirae Asset Mutual Fund",
    "scheme_launch_date": "20120626"
   }
  },
  {
   "value": {
    "amc_name": "Mirae Asset Investment Managers (India) Private Limited",
    "benchmark_index": [
     ": Tier-1-CRISIL Dynamic Bond A-III Indian Railway Finance Corporation Ltd. Others Index Corporate Bond Total"
    ],
    "field_location": [
     {
      "amc_name": "41",
      "benchmark_index": "41",
      "count": 26,
      "fund_manager_name": "41",
      "load_exit": "41",
      "main_scheme_name": "41",
      "metrics_avg_maturity": "41",
      "metrics_macaulay": "41",
      "metrics_mod_duration": "41",
      "metrics_ytm": "41",
      "min_addl_amt": "41",
      "min_addl_amt_multiple": "41",
      "min_amt": "41",
      "min_amt_multiple": "41",
      "monthly_aaum_date": "41",
      "mutual_fund_name": "41",
      "scheme_launch_date": "41"
     }
    ],
    "fund_manager": [
     {
      "managing_fund_since": "",
      "name": "Mr. Amit Modani",
      "qualification": "",
      "total_exp": ""
     }
    ],
    "load": [
     {
      "comment": ": Nil Corporate Debt Market Development Fund Plan Available : Regular and Direct Plan Corporate Debt Market Development Fund - Class A2#",
      "type": "exit"
     }
    ],
    "main_scheme_name": "MIRAE ASSET DYNAMIC BOND FUND",
    "metrics": [
     {
      "name": "ytm",
      "value": "7.00%"
     },
     {
      "name": "mod_duration",
      "value": "1"
     },
     {
      "name": "avg_maturity",
      "value": "1.90 Years"
     },
     {
      "name": "macaulay",
      "value": "1.78 Years"
     }
    ],
    "min_addl_amt": "₹ 1,000",
    "min_addl_amt_multiple": "₹ 1",
    "min_amt": "₹ 5,000",
    "min_amt_multiple": "₹ 1",
    "monthly_aaum_date": "20250331",
    "mutual_fund_name": "Mirae Asset Mutual Fund",
    "scheme_launch_date": "20170324"
   }
  },
  {
   "value": {
    "amc_name": "Mirae Asset Investment Managers (India) Private Limited",
    "benchmark_index": [
     ": CRISIL Short Duration Debt A-II Index REC Ltd. Others"
    ],
    "field_location": [
     {
      "amc_name": "42",
      "benchmark_index": "42",
      "count": 26,
      "fund_manager_name": "42",
      "load_exit": "42",
      "main_scheme_name": "42",
      "metrics_avg_maturity": "42",
      "metrics_macaulay": "42",
      "metrics_mod_duration": "42",
      "metrics_ytm": "42",
      "min_addl_amt": "42",
      "min_addl_amt_multiple": "42",
      "min_amt": "42",
      "min_amt_multiple": "42",
      "monthly_aaum_date": "42",
      "mutual_fund_name": "42",
      "scheme_launch_date": "42"
     }
    ],
    "fund_manager": [
     {
      "managing_fund_since": "",
      "name": "Mr. Basant Bafna",
      "qualification": "",
      "total_exp": ""
     }
    ],
    "load": [
     {
      "comment": ": Nil 7.32% GOI (MD 13/11/2030) Plan Available : Regular and Direct Plan Others Government Bond Total",
      "type": "exit"
     }
    ],
    "main_scheme_name": "MIRAE ASSET SHORT DURATION FUND*",
    "metrics": [
     {
      "name": "ytm",
      "value": "7.32%"
     },
     {
      "name": "mod_duration",
      "value": "2.76 Years"
     },
     {
      "name": "avg_maturity",
      "value": "3.52 Years"
     },
     {
      "name": "macaulay",
      "value": "2.91 Years"
     }
    ],
    "min_addl_amt": "₹ 1,000",
    "min_addl_amt_multiple": "₹ 1",
    "min_amt": "₹ 5,000",
    "min_amt_multiple": "₹ 1",
    "monthly_aaum_date": "20250331",
    "mutual_fund_name": "Mirae Asset Mutual Fund",
    "scheme_launch_date": "20180316"
   }
  },
  {
   "value": {
    "amc_name": "Mirae Asset Investment Managers (India) Private Limited",
    "benchmark_index": [
     ": Nifty 1D Rate Index 91 Days Treasury Bills (MD 17/04/2025) 364 Days Treasury Bills (MD 24/04/2025)"
    ],
    "field_location": [
     {
      "amc_name": "43",
      "benchmark_index": "43",
      "count": 26,
      "fund_manager_name": "43",
      "load_exit": "43",
      "main_scheme_name": "43",
      "metrics_avg_maturity": "43",
      "metrics_macaulay": "43",
      "metrics_mod_duration": "43",
      "metrics_ytm": "43",
      "min_addl_amt": "43",
      "min_addl_amt_multiple": "43",
      "min_amt": "43",
      "min_amt_multiple": "43",
      "monthly_aaum_date": "43",
      "mutual_fund_name": "43",
      "scheme_launch_date": "43"
     }
    ],
    "fund_manager": [
     {
      "managing_fund_since": "",
      "name": "Mr. Amit Modani",
      "qualification": "",
      "total_exp": ""
     },
     {
      "managing_fund_since": "",
      "name": "Treasury Bill",
      "qualification": "",
      "total_exp": ""
     }
    ],
    "load": [
     {
      "comment": ": Nil TREPS/Reverse Repo Plan Available : Regular and Direct Plan Others Cash & Other Receivables Total",
      "type": "exit"
     }
    ],
    "main_scheme_name": "MIRAE ASSET OVERNIGHT FUND",
    "metrics": [
     {
      "name": "ytm",
      "value": "6.96%"
     },
     {
      "name": "mod_duration",
      "value": "0.01 Years"
     },
     {
      "name": "avg_maturity",
      "value": "3.13 Days"
     },
     {
      "name": "macaulay",
      "value": "0.01 Years"
     }
    ],
    "min_addl_amt": "₹ 1,000",
    "min_addl_amt_multiple": "₹ 1",
    "min_amt": "₹ 5,000",
    "min_amt_multiple": "₹ 1",
    "monthly_aaum_date": "20250331",
    "mutual_fund_name": "Mirae Asset Mutual Fund",
    "scheme_launch_date": "15 TH OCTOBER 2019"
   }
  },
  {
   "value": {
    "amc_name": "Mirae Asset Investment Managers (India) Private Limited",
    "benchmark_index": [
     ": CRISIL Banking and PSU Debt A-II HDFC Bank Ltd. Others Index Corporate Bond Total"
    ],
    "field_location": [
     {
      "amc_name": "44",
      "benchmark_index": "44",
      "count": 26,
      "fund_manager_name": "44",
      "load_exit": "44",
      "main_scheme_name": "44",
      "metrics_avg_maturity": "44",
      "metrics_macaulay": "44",
      "metrics_mod_duration": "44",
      "metrics_ytm": "44",
      "min_addl_amt": "44",
      "min_addl_amt_multiple": "44",
      "min_amt": "44",
      "min_amt_multiple": "44",
      "monthly_aaum_date": "44",
      "mutual_fund_name": "44",
      "scheme_launch_date": "44"
     }
    ],
    "fund_manager": [
     {
      "managing_fund_since": "",
      "name": "Ms. Kruti Chheta",
      "qualification": "",
      "total_exp": ""
     }
    ],
    "load": [
     {
      "comment": ": Nil Others Plan Available : Regular and Direct Plan Government Bond Total State Government Bond",
      "type": "exit"
     }
    ],
    "main_scheme_name": "MIRAE ASSET BANKING AND PSU FUND*",
    "metrics": [
     {
      "name": "ytm",
      "value": "7.12%"
     },
     {
      "name": "mod_duration",
      "value": "4.15 Years"
     },
     {
      "name": "avg_maturity",
      "value": "6.03 Years"
     },
     {
      "name": "macaulay",
      "value": "4.39 Years"
     }
    ],
    "min_addl_amt": "₹ 1,000",
    "min_addl_amt_multiple": "₹ 1",
    "min_amt": "7",
    "min_amt_multiple": "₹ 1",
    "monthly_aaum_date": "20250331",
    "mutual_fund_name": "Mirae Asset Mutual Fund",
    "scheme_launch_date": "20200724"
   }
  },
  {
   "value": {
    "amc_name": "Mirae Asset Investment Managers (India) Private Limited",
    "benchmark_index": [
     ": Nifty Ultra Short Duration Debt Index Others A-I Corporate Bond Total"
    ],
    "field_location": [
     {
      "amc_name": "45",
      "benchmark_index": "45",
      "count": 26,
      "fund_manager_name": "45",
      "load_exit": "45",
      "main_scheme_name": "45",
      "metrics_avg_maturity": "45",
      "metrics_macaulay": "45",
      "metrics_mod_duration": "45",
      "metrics_ytm": "45",
      "min_addl_amt": "45",
      "min_addl_amt_multiple": "45",
      "min_amt": "45",
      "min_amt_multiple": "45",
      "monthly_aaum_date": "45",
      "mutual_fund_name": "45",
      "scheme_launch_date": "45"
     }
    ],
    "fund_manager": [
     {
      "managing_fund_since": "",
      "name": "Mr. Basant Bafna",
      "qualification": "",
      "total_exp": ""
     }
    ],
    "load": [
     {
      "comment": ": Nil Certificate of Deposit Total Plan Available : Regular and Direct Plan Commercial Paper Sundaram Finance Ltd.",
      "type": "exit"
     }
    ],
    "main_scheme_name": "MIRAE ASSET ULTRA SHORT DURATION FUND",
    "metrics": [
     {
      "name": "ytm",
      "value": "7.27%"
     },
     {
      "name": "mod_duration",
      "value": "0.50 Years"
     },
     {
      "name": "avg_maturity",
      "value": "204.69 Days"
     },
     {
      "name": "macaulay",
      "value": "0.53 Years"
     }
    ],
    "min_addl_amt": "₹ 1,000",
    "min_addl_amt_multiple": "₹ 1",
    "min_amt": "1",
    "min_amt_multiple": "₹ 1",
    "monthly_aaum_date": "20250331",
    "mutual_fund_name": "Mirae Asset Mutual Fund",
    "scheme_launch_date": "20201007"
   }
  },
  {
   "value": {
    "amc_name": "Mirae Asset Investment Managers (India) Private Limited",
    "benchmark_index": [
     ": CRISIL Corporate Debt A-II Index Power Finance Corporation Ltd. Others"
    ],
    "field_location": [
     {
      "amc_name": "46",
      "benchmark_index": "46",
      "count": 26,
      "fund_manager_name": "46",
      "load_exit": "46",
      "main_scheme_name": "46",
      "metrics_avg_maturity": "46",
      "metrics_macaulay": "46",
      "metrics_mod_duration": "46",
      "metrics_ytm": "46",
      "min_addl_amt": "46",
      "min_addl_amt_multiple": "46",
      "min_amt": "46",
      "min_amt_multiple": "46",
      "monthly_aaum_date": "46",
      "mutual_fund_name": "46",
      "scheme_launch_date": "46"
     }
    ],
    "fund_manager": [
     {
      "managing_fund_since": "",
      "name": "Ms. Kruti Chheta",
      "qualification": "",
      "total_exp": ""
     }
    ],
    "load": [
     {
      "comment": ": Nil 6.79% GOI (MD 07/10/2034) Plan Available : Regular and Direct Plan Others Government Bond Total",
      "type": "exit"
     }
    ],
    "main_scheme_name": "MIRAE ASSET CORPORATE BOND FUND",
    "metrics": [
     {
      "name": "ytm",
      "value": "7.23%"
     },
     {
      "name": "mod_duration",
      "value": "3.85 Years"
     },
     {
      "name": "avg_maturity",
      "value": "5.69 Years"
     },
     {
      "name": "macaulay",
      "value": "4.05 Years"
     }
    ],
    "min_addl_amt": "₹ 1,000",
    "min_addl_amt_multiple": "₹ 1",
    "min_amt": "₹ 5,000",
    "min_amt_multiple": "₹ 1",
    "monthly_aaum_date": "20250331",
    "mutual_fund_name": "Mirae Asset Mutual Fund",
    "scheme_launch_date": "17 TH MARCH 2021"
   }
  },
  {
   "value": {
    "amc_name": "Mirae Asset Investment Managers (India) Private Limited",
    "benchmark_index": [
     ": Nifty Money Market Index A-I Small Industries Development Bank of India CRISIL A1+ Others"
    ],
    "field_location": [
     {
      "amc_name": "47",
      "benchmark_index": "47",
      "count": 26,
      "fund_manager_name": "47",
      "load_exit": "47",
      "main_scheme_name": "47",
      "metrics_avg_maturity": "47",
      "metrics_macaulay": "47",
      "metrics_mod_duration": "47",
      "metrics_ytm": "47",
      "min_addl_amt": "47",
      "min_addl_amt_multiple": "47",
      "min_amt": "47",
      "min_amt_multiple": "47",
      "monthly_aaum_date": "47",
      "mutual_fund_name": "47",
      "scheme_launch_date": "47"
     }
    ],
    "fund_manager": [
     {
      "managing_fund_since": "",
      "name": "Mr. Amit Modani",
      "qualification": "",
      "total_exp": ""
     }
    ],
    "load": [
     {
      "comment": ": Nil Bharti Telecom Ltd. Plan Available : Regular and Direct Plan Muthoot Finance Ltd. Axis Finance Ltd.",
      "type": "exit"
     }
    ],
    "main_scheme_name": "MIRAE ASSET MONEY MARKET FUND",
    "metrics": [
     {
      "name": "ytm",
      "value": "7.14%"
     },
     {
      "name": "mod_duration",
      "value": "0.90 Years"
     },
     {
      "name": "avg_maturity",
      "value": "328.02 Days"
     },
     {
      "name": "macaulay",
      "value": "0.90 Years"
     }
    ],
    "min_addl_amt": "₹ 1,000",
    "min_addl_amt_multiple": "₹ 1",
    "min_amt": "₹ 5,000",
    "min_amt_multiple": "₹ 1",
    "monthly_aaum_date": "20250331",
    "mutual_fund_name": "Mirae Asset Mutual Fund",
    "scheme_launch_date": "20210811"
   }
  },
  {
   "value": {
    "amc_name": "Mirae Asset Investment Managers (India) Private Limited",
    "benchmark_index": [
     ": CRISIL Long Duration Debt A-III Index Others Government Bond Total"
    ],
    "field_location": [
     {
      "amc_name": "48",
      "benchmark_index": "48",
      "count": 26,
      "fund_manager_name": "48",
      "load_exit": "48",
      "main_scheme_name": "48",
      "metrics_avg_maturity": "48",
      "metrics_macaulay": "48",
      "metrics_mod_duration": "48",
      "metrics_ytm": "48",
      "min_addl_amt": "48",
      "min_addl_amt_multiple": "48",
      "min_amt": "48",
      "min_amt_multiple": "48",
      "monthly_aaum_date": "48",
      "mutual_fund_name": "48",
      "scheme_launch_date": "48"
     }
    ],
    "fund_manager": [
     {
      "managing_fund_since": "",
      "name": "Ms. Kruti Chheta",
      "qualification": "",
      "total_exp": ""
     }
    ],
    "load": [
     {
      "comment": ": Nil Corporate Debt Market Development Fund - Class A2# Plan Available : Regular and Direct Plan Corporate Debt Market Development Fund Total",
      "type": "exit"
     }
    ],
    "main_scheme_name": "MIRAE ASSET LONG DURATION FUND",
    "metrics": [
     {
      "name": "ytm",
      "value": "6.97%"
     },
     {
      "name": "mod_duration",
      "value": "11.30 Years"
     },
     {
      "name": "avg_maturity",
      "value": "29.88 Years"
     },
     {
      "name": "macaulay",
      "value": "11.69 Years"
     }
    ],
    "min_addl_amt": "₹ 1,000",
    "min_addl_amt_multiple": "₹ 1",
    "min_amt": "₹ 5,000",
    "min_amt_multiple": "₹ 1",
    "monthly_aaum_date": "20250331",
    "mutual_fund_name": "Mirae Asset Mutual Fund",
    "scheme_launch_date": "20241206"
   }
  },
  {
   "value": {
    "amc_name": "Mirae Asset Investment Managers (India) Private Limited",
    "benchmark_index": [
     ": CRISIL Hybrid 35+65 - Aggressive Larsen & Toubro Ltd. Tata Consultancy Services Ltd. Index Others"
    ],
    "field_location": [
     {
      "amc_name": "52",
      "benchmark_index": "52",
      "count": 26,
      "load_exit": "52",
      "main_scheme_name": "52",
      "metrics_avg_maturity": "52",
      "metrics_beta": "52",
      "metrics_information_ratio": "52",
      "metrics_macaulay": "52",
      "metrics_mod_duration": "52",
      "metrics_port_turnover_ratio": "52",
      "metrics_r_squared_ratio": "52",
      "metrics_sharpe": "52",
      "metrics_ytm": "52",
      "min_addl_amt": "52",
      "min_addl_amt_multiple": "52",
      "min_amt": "52",
      "min_amt_multiple": "52",
      "monthly_aaum_date": "52",
      "mutual_fund_name": "52",
      "scheme_launch_date": "52"
     }
    ],
    "load": [
     {
      "comment": ": Please refer page no.18 HDFC Bank Ltd. Power Finance Corporation Ltd. Plan Available : Regular and Direct Plan Indian Railway Finance Corporation Ltd. National Bank for Agriculture and Rural",
      "type": "exit"
     }
    ],
    "main_scheme_name": "MIRAE ASSET AGGRESSIVE HYBRID FUND*",
    "metrics": [
     {
      "name": "sharpe",
      "value": "0.44"
     },
     {
      "name": "beta",
      "value": "1.04"
     },
     {
      "name": "ytm",
      "value": "7.19%"
     },
     {
      "name": "port_turnover_ratio",
      "value": "1.14 Time"
     },
     {
      "name": "r_squared_ratio",
      "value": "0.97"
     },
     {
      "name": "mod_duration",
      "value": "3.98 Years"
     },
     {
      "name": "avg_maturity",
      "value": "6.98 Years"
     },
     {
      "name": "macaulay",
      "value": "4.15 Years"
     },
     {
      "name": "information_ratio",
      "value": "0.07"
     }
    ],
    "min_addl_amt": "₹ 1,000",
    "min_addl_amt_multiple": "₹ 1",
    "min_amt": "₹ 5,000",
    "min_amt_multiple": "₹ 1",
    "monthly_aaum_date": "20250331",
    "mutual_fund_name": "Mirae Asset Mutual Fund",
    "scheme_launch_date": "20150729"
   }
  },
  {
   "value": {
    "amc_name": "Mirae Asset Investment Managers (India) Private Limited",
    "benchmark_index": [
     ": Nifty Equity Savings Index Bharti Airtel Ltd. Mahindra & Mahindra Ltd."
    ],
    "field_location": [
     {
      "amc_name": "53",
      "benchmark_index": "53",
      "count": 26,
      "fund_manager_name": "53",
      "load_exit": "53",
      "main_scheme_name": "53",
      "metrics_avg_maturity": "53",
      "metrics_beta": "53",
      "metrics_information_ratio": "53",
      "metrics_macaulay": "53",
      "metrics_mod_duration": "53",
      "metrics_port_turnover_ratio": "53",
      "metrics_r_squared_ratio": "53",
      "metrics_sharpe": "53",
      "metrics_ytm": "53",
      "min_addl_amt": "53",
      "min_addl_amt_multiple": "53",
      "min_amt": "53",
      "min_amt_multiple": "53",
      "monthly_aaum_date": "53",
      "mutual_fund_name": "53",
      "scheme_launch_date": "53"
     }
    ],
    "fund_manager": [
     {
      "managing_fund_since": "",
      "name": "Mr. Harshad Borawake",
      "qualification": "",
      "total_exp": ""
     },
     {
      "managing_fund_since": "",
      "name": "Mr. Vrijesh Kasera",
      "qualification": "",
      "total_exp": ""
     }
    ],
    "load": [
     {
      "comment": ": Please refer page no.18 Others Plan Available : Regular and Direct Plan Equity Holdings Total Corporate Bond",
      "type": "exit"
     }
    ],
    "main_scheme_name": "MIRAE ASSET EQUITY SAVINGS FUND",
    "metrics": [
     {
      "name": "sharpe",
      "value": "0.48"
     },
     {
      "name": "beta",
      "value": "1.16"
     },
     {
      "name": "ytm",
      "value": "6.83%"
     },
     {
      "name": "port_turnover_ratio",
      "value": "4.58 Time"
     },
     {
      "name": "r_squared_ratio",
      "value": "0.90"
     },
     {
      "name": "mod_duration",
      "value": "3.03 Years"
     },
     {
      "name": "avg_maturity",
      "value": "4.02 Years"
     },
     {
      "name": "macaulay",
      "value": "3.17 Years"
     },
     {
      "name": "information_ratio",
      "value": "0.52"
     }
    ],
    "min_addl_amt": "₹ 1,000",
    "min_addl_amt_multiple": "₹ 1",
    "min_amt": "₹ 5,000",
    "min_amt_multiple": "₹ 1",
    "monthly_aaum_date": "20250331",
    "mutual_fund_name": "Mirae Asset Mutual Fund",
    "scheme_launch_date": "17 TH DECEMBER 2018"
   }
  },
  {
   "value": {
    "amc_name": "Mirae Asset Investment Managers (India) Private Limited",
    "benchmark_index": [
     ": Nifty 50 Arbitrage Index Kotak Mahindra Bank Ltd. Vedanta Ltd."
    ],
    "field_location": [
     {
      "amc_name": "54",
      "benchmark_index": "54",
      "count": 26,
      "fund_manager_name": "54",
      "load_exit": "54",
      "main_scheme_name": "54",
      "metrics_avg_maturity": "54",
      "metrics_macaulay": "54",
      "metrics_mod_duration": "54",
      "metrics_port_turnover_ratio": "54",
      "metrics_ytm": "54",
      "min_addl_amt": "54",
      "min_addl_amt_multiple": "54",
      "min_amt": "54",
      "min_amt_multiple": "54",
      "monthly_aaum_date": "54",
      "mutual_fund_name": "54",
      "scheme_launch_date": "54"
     }
    ],
    "fund_manager": [
     {
      "managing_fund_since": "",
      "name": "Mr. Jignesh Rao",
      "qualification": "",
      "total_exp": ""
     },
     {
      "managing_fund_since": "",
      "name": "Mr. Jigar Sethia",
      "qualification": "",
      "total_exp": ""
     }
    ],
    "load": [
     {
      "comment": ": Please refer page no.18 Interglobe Aviation Ltd. ICICI Bank Ltd. Plan Available : Regular and Direct Plan Others",
      "type": "exit"
     }
    ],
    "main_scheme_name": "MIRAE ASSET ARBITRAGE FUND",
    "metrics": [
     {
      "name": "ytm",
      "value": "6.69%"
     },
     {
      "name": "port_turnover_ratio",
      "value": "18.90 Time"
     },
     {
      "name": "mod_duration",
      "value": "19"
     },
     {
      "name": "avg_maturity",
      "value": "0.02 Years"
     },
     {
      "name": "macaulay",
      "value": "0.02 Years"
     }
    ],
    "min_addl_amt": "₹ 1,000",
    "min_addl_amt_multiple": "₹ 1",
    "min_amt": "₹ 5,000",
    "min_amt_multiple": "₹ 1",
    "monthly_aaum_date": "20250331",
    "mutual_fund_name": "Mirae Asset Mutual Fund",
    "scheme_launch_date": "20200619"
   }
  },
  {
   "value": {
    "amc_name": "Mirae Asset Investment Managers (India) Private Limited",
    "benchmark_index": [
     ": Nifty 50 Hybrid Composite Debt State Bank of India 50:50 Index Reliance Industries Ltd."
    ],
    "field_location": [
     {
      "amc_name": "55",
      "benchmark_index": "55",
      "count": 26,
      "fund_manager_name": "55",
      "load_exit": "55",
      "main_scheme_name": "55",
      "metrics_avg_maturity": "55",
      "metrics_macaulay": "55",
      "metrics_mod_duration": "55",
      "metrics_port_turnover_ratio": "55",
      "metrics_ytm": "55",
      "min_addl_amt": "55",
      "min_addl_amt_multiple": "55",
      "min_amt": "55",
      "min_amt_multiple": "55",
      "monthly_aaum_date": "55",
      "mutual_fund_name": "55",
      "scheme_launch_date": "55"
     }
    ],
    "fund_manager": [
     {
      "managing_fund_since": "",
      "name": "Mr. Harshad Borawake",
      "qualification": "",
      "total_exp": ""
     },
     {
      "managing_fund_since": "",
      "name": "Mr. Mahendra Jajoo",
      "qualification": "",
      "total_exp": ""
     }
    ],
    "load": [
     {
      "comment": ": Please refer page no.19 Coal India Ltd. Axis Bank Ltd. Plan Available : Regular and Direct Plan Tata Consultancy Services Ltd. Others",
      "type": "exit"
     }
    ],
    "main_scheme_name": "MIRAE ASSET BALANCED ADVANTAGE FUND",
    "metrics": [
     {
      "name": "ytm",
      "value": "6.90%"
     },
     {
      "name": "port_turnover_ratio",
      "value": "3.05 Time"
     },
     {
      "name": "mod_duration",
      "value": "3.18 Years"
     },
     {
      "name": "avg_maturity",
      "value": "4.24 Years"
     },
     {
      "name": "macaulay",
      "value": "3.32 Years"
     }
    ],
    "min_addl_amt": "₹ 1,000",
    "min_addl_amt_multiple": "₹ 1",
    "min_amt": "₹ 5,000",
    "min_amt_multiple": "₹ 1",
    "monthly_aaum_date": "20250331",
    "mutual_fund_name": "Mirae Asset Mutual Fund",
    "scheme_launch_date": "11 TH AUGUST 2022"
   }
  },
  {
   "value": {
    "amc_name": "Mirae Asset Investment Managers (India) Private Limited",
    "benchmark_index": [
     ": 65% Nifty 500 (TRI) + 25% Nifty Short Tata Consultancy Services Ltd. Duration Debt Index + 7.5% Domestic Others"
    ],
    "field_location": [
     {
      "amc_name": "56",
      "benchmark_index": "56",
      "count": 26,
      "fund_manager_name": "56",
      "load_exit": "56",
      "main_scheme_name": "56",
      "metrics_avg_maturity": "56",
      "metrics_macaulay": "56",
      "metrics_mod_duration": "56",
      "metrics_port_turnover_ratio": "56",
      "metrics_ytm": "56",
      "min_addl_amt": "56",
      "min_addl_amt_multiple": "56",
      "min_amt": "56",
      "min_amt_multiple": "56",
      "monthly_aaum_date": "56",
      "mutual_fund_name": "56",
      "scheme_launch_date": "56"
     }
    ],
    "fund_manager": [
     {
      "managing_fund_since": "",
      "name": "Mr. Harshad Borawake",
      "qualification": "",
      "total_exp": ""
     }
    ],
    "load": [
     {
      "comment": ": Please refer page no.19 Power Finance Corporation Ltd. National Bank for Agriculture and Rural Plan Available : Regular and Direct Plan Development Power Grid Corporation of India Ltd.",
      "type": "exit"
     }
    ],
    "main_scheme_name": "MIRAE ASSET MULTI ASSET ALLOCATION FUND",
    "metrics": [
     {
      "name": "ytm",
      "value": "6.88%"
     },
     {
      "name": "port_turnover_ratio",
      "value": "2.99 Time"
     },
     {
      "name": "mod_duration",
      "value": "3.58 Years"
     },
     {
      "name": "avg_maturity",
      "value": "4.80 Years"
     },
     {
      "name": "macaulay",
      "value": "3.76 Years"
     }
    ],
    "min_addl_amt": "₹ 1,000",
    "min_addl_amt_multiple": "₹ 1",
    "min_amt": "₹ 5,000",
    "min_amt_multiple": "₹ 1",
    "monthly_aaum_date": "20250331",
    "mutual_fund_name": "Mirae Asset Mutual Fund",
    "scheme_launch_date": "31 ST JANUARY 2024"
   }
  }
 ]
}