{
 "metadata": {
  "document_name": "28_31-Mar-25_FS.pdf",
  "file_type": "fs",
  "process_date": "20250422"
 },
 "records": [
  {
   "value": {
    "amc_name": "Motilal Oswal Asset Management Company Limited",
    "benchmark_index": [
     "NIFTY 100 TRI"
    ],
    "field_location": [
     {
      "amc_name": "4",
      "benchmark_index": "4",
      "count": 19,
      "fund_manager_managing_fund_since": "4",
      "load_entry": "4",
      "load_exit": "4",
      "main_scheme_name": "4",
      "metrics_beta": "4",
      "metrics_port_turnover_ratio": "4",
      "metrics_std_dev": "4",
      "min_addl_amt": "4",
      "min_addl_amt_multiple": "4",
      "min_amt": "4",
      "min_amt_multiple": "4",
      "monthly_aaum_date": "4",
      "monthly_aaum_value": "4",
      "mutual_fund_name": "4",
      "scheme_launch_date": "4"
     }
    ],
    "fund_manager": [
     {
      "managing_fund_since": "06-feb-2024",
      "name": "",
      "qualification": "",
      "total_exp": ""
     }
    ],
    "load": [
     {
      "comment": "/",
      "type": "entry"
     },
     {
      "comment": "Entry Load: Nil Exit Load: 1% - If redeemed on or before 365 days from the date of allotment. Nil - If redeemed after 365 days from the date of allotment. Exit Load will be applicable on switch amongst the Schemes of MOMF. No Load shall be imposed for switching between Options within the Scheme. Further, it is clarified that there will be no exit load charged on a switch-out amongst the plans within the same scheme. Allotment Date 6-February-2024",
      "type": "exit"
     }
    ],
    "main_scheme_name": "Motilal Oswal Large Cap Fund",
    "metrics": [
     {
      "name": "std_dev",
      "value": "13.4%"
     },
     {
      "name": "beta",
      "value": "0.9"
     },
     {
      "name": "port_turnover_ratio",
      "value": "0.62"
     }
    ],
    "min_addl_amt": "500",
    "min_addl_amt_multiple": "1",
    "min_amt": "500",
    "min_amt_multiple": "1",
    "monthly_aaum_date": "20250331",
    "monthly_aaum_value": "1,804.44",
    "mutual_fund_name": "Motilal Oswal Mutual Fund",
    "scheme_launch_date": "6-FEBRUARY-2024"
   }
  },
  {
   "value": {
    "amc_name": "Motilal Oswal Asset Management Company Limited",
    "benchmark_index": [
     "NIFTY Large Midcap 250 TRI"
    ],
    "field_location": [
     {
      "amc_name": "5",
      "benchmark_index": "5",
      "count": 19,
      "fund_manager_managing_fund_since": "5",
      "load_entry": "5",
      "load_exit": "5",
      "main_scheme_name": "5",
      "metrics_beta": "5",
      "metrics_information_ratio": "5",
      "metrics_port_turnover_ratio": "5",
      "metrics_sharpe": "5",
      "metrics_std_dev": "5",
      "min_addl_amt": "5",
      "min_addl_amt_multiple": "5",
      "min_amt": "5",
      "min_amt_multiple": "5",
      "monthly_aaum_date": "5",
      "monthly_aaum_value": "5",
      "mutual_fund_name": "5",
      "scheme_launch_date": "5"
     }
    ],
    "fund_manager": [
     {
      "managing_fund_since": "11-dec-2023",
      "name": "",
      "qualification": "",
      "total_exp": ""
     }
    ],
    "load": [
     {
      "comment": "/",
      "type": "entry"
     },
     {
      "comment": "Entry Load: Nil Exit Load: 1% - If redeemed on or before 365 days from the date of allotment. Nil - If redeemed after 365 days from the date of allotment. Exit Load will be applicable on switch amongst the Schemes of MOMF. No Load shall be imposed for switching between Options within the Scheme. Further, it is clarified that there will be no exit load charged on a switch-out amongst the plans within the same scheme. Allotment Date 17-October-2019",
      "type": "exit"
     }
    ],
    "main_scheme_name": "Motilal Oswal Large and Midcap Fund",
    "metrics": [
     {
      "name": "sharpe",
      "value": "0.9"
     },
     {
      "name": "std_dev",
      "value": "18.4%"
     },
     {
      "name": "beta",
      "value": "1.1"
     },
     {
      "name": "port_turnover_ratio",
      "value": "0.42"
     },
     {
      "name": "information_ratio",
      "value": "0.86"
     }
    ],
    "min_addl_amt": "500",
    "min_addl_amt_multiple": "1",
    "min_amt": "500",
    "min_amt_multiple": "1",
    "monthly_aaum_date": "20250331",
    "monthly_aaum_value": "8,225.16",
    "mutual_fund_name": "Motilal Oswal Mutual Fund",
    "scheme_launch_date": "17-OCTOBER-2019"
   }
  },
  {
   "value": {
    "amc_name": "Motilal Oswal Asset Management Company Limited",
    "benchmark_index": [
     "Flexi Cap Fund Nifty 500 TRI"
    ],
    "field_location": [
     {
      "amc_name": "6",
      "benchmark_index": "6",
      "count": 19,
      "fund_manager_managing_fund_since": "6",
      "fund_manager_name": "6",
      "fund_manager_total_exp": "6",
      "load_entry": "6",
      "load_exit": "6",
      "main_scheme_name": "6",
      "metrics_beta": "6",
      "metrics_information_ratio": "6",
      "metrics_port_turnover_ratio": "6",
      "metrics_sharpe": "6",
      "metrics_std_dev": "6",
      "min_addl_amt": "6",
      "min_addl_amt_multiple": "6",
      "min_amt": "6",
      "min_amt_multiple": "6",
      "monthly_aaum_date": "6",
      "monthly_aaum_value": "6",
      "mutual_fund_name": "6",
      "scheme_launch_date": "6"
     }
    ],
    "fund_manager": [
     {
      "managing_fund_since": "01-july-2022",
      "name": "Mr. Niket Shah",
      "qualification": "",
      "total_exp": "15 years"
     },
     {
      "managing_fund_since": "01-oct-2024",
      "name": "Mr. Ajay Khandelwal",
      "qualification": "",
      "total_exp": "18 years"
     },
     {
      "managing_fund_since": "01-oct-2024",
      "name": "Mr. Atul Mehra",
      "qualification": "",
      "total_exp": "15 years"
     },
     {
      "managing_fund_since": "22-nov-2022",
      "name": "Mr. Rakesh Shetty",
      "qualification": "",
      "total_exp": "14 years"
     },
     {
      "managing_fund_since": "july 1, 2024",
      "name": "Mr. Sunil Sawant",
      "qualification": "",
      "total_exp": "16 years"
     }
    ],
    "load": [
     {
      "comment": "/",
      "type": "entry"
     },
     {
      "comment": "Entry Load: Nil Exit Load: 1% - If redeemed on or before 365 days from the date of allotment. Nil - If redeemed after 365 days from the date of allotment. Exit Load will be applicable on switch amongst the Schemes of MOMF. No Load shall be imposed for switching between Options within the Scheme. Further, it is clarified that there will be no exit load charged on a switch-out amongst the plans within the same scheme. Allotment Date 28-Apr-2014",
      "type": "exit"
     }
    ],
    "main_scheme_name": "Motilal Oswal Flexi Cap Fund",
    "metrics": [
     {
      "name": "sharpe",
      "value": "0.9"
     },
     {
      "name": "std_dev",
      "value": "16.0%"
     },
     {
      "name": "beta",
      "value": "0.9"
     },
     {
      "name": "port_turnover_ratio",
      "value": "1.57"
     },
     {
      "name": "information_ratio",
      "value": "0.94"
     }
    ],
    "min_addl_amt": "500",
    "min_addl_amt_multiple": "1",
    "min_amt": "500",
    "min_amt_multiple": "1",
    "monthly_aaum_date": "20250331",
    "monthly_aaum_value": "11,755.08",
    "mutual_fund_name": "Motilal Oswal Mutual Fund",
    "scheme_launch_date": "20140428"
   }
  },
  {
   "value": {
    "amc_name": "Motilal Oswal Asset Management Company Limited",
    "benchmark_index": [
     "Nifty 500 Multicap 50:25:25 Index TR"
    ],
    "field_location": [
     {
      "amc_name": "7",
      "benchmark_index": "7",
      "count": 19,
      "fund_manager_managing_fund_since": "7",
      "load_entry": "7",
      "load_exit": "7",
      "main_scheme_name": "7",
      "metrics_port_turnover_ratio": "7",
      "min_addl_amt": "7",
      "min_addl_amt_multiple": "7",
      "min_amt": "7",
      "min_amt_multiple": "7",
      "monthly_aaum_date": "7",
      "monthly_aaum_value": "7",
      "mutual_fund_name": "7",
      "scheme_launch_date": "7"
     }
    ],
    "fund_manager": [
     {
      "managing_fund_since": "18-june-2024",
      "name": "",
      "qualification": "",
      "total_exp": ""
     }
    ],
    "load": [
     {
      "comment": "/",
      "type": "entry"
     },
     {
      "comment": "Entry Load: Nil Exit Load: 1% - If redeemed on or before 365 days from the date of allotment. Nil - If redeemed after 365 days from the date of allotment. Exit Load will be applicable on switch amongst the Schemes of MOMF. No Load shall be imposed for switching between Options within the Scheme. Further, it is clarified that there will be no exit load charged on a switch-out amongst the plans within the same scheme. Allotment Date 18-June-2024",
      "type": "exit"
     }
    ],
    "main_scheme_name": "Motilal Oswal Multi Cap Fund",
    "metrics": [
     {
      "name": "port_turnover_ratio",
      "value": "1.95"
     }
    ],
    "min_addl_amt": "500",
    "min_addl_amt_multiple": "1",
    "min_amt": "500",
    "min_amt_multiple": "1",
    "monthly_aaum_date": "20250331",
    "monthly_aaum_value": "3,264.19",
    "mutual_fund_name": "Motilal Oswal Mutual Fund",
    "scheme_launch_date": "18-JUNE-2024"
   }
  },
  {
   "value": {
    "amc_name": "Motilal Oswal Asset Management Company Limited",
    "benchmark_index": [
     "Midcap Fund NIFTY Midcap 150 TRI"
    ],
    "field_location": [
     {
      "amc_name": "8",
      "benchmark_index": "8",
      "count": 19,
      "fund_manager_managing_fund_since": "8",
      "load_entry": "8",
      "load_exit": "8",
      "main_scheme_name": "8",
      "metrics_beta": "8",
      "metrics_information_ratio": "8",
      "metrics_port_turnover_ratio": "8",
      "metrics_sharpe": "8",
      "metrics_std_dev": "8",
      "min_addl_amt": "8",
      "min_addl_amt_multiple": "8",
      "min_amt": "8",
      "min_amt_multiple": "8",
      "monthly_aaum_date": "8",
      "monthly_aaum_value": "8",
      "mutual_fund_name": "8",
      "scheme_launch_date": "8"
     }
    ],
    "fund_manager": [
     {
      "managing_fund_since": "01-july-2020",
      "name": "",
      "qualification": "",
      "total_exp": ""
     }
    ],
    "load": [
     {
      "comment": "/",
      "type": "entry"
     },
     {
      "comment": "Entry Load: Nil Exit Load: 1% - If redeemed on or before 365 days from the date of allotment. Nil - If redeemed after 365 days from the date of allotment. Exit Load will be applicable on switch amongst the Schemes of MOMF. No Load shall be imposed for switching between Options within the Scheme. Further, it is clarified that there will be no exit load charged on a switch-out amongst the plans within the same scheme. Allotment Date 24-Feb-2014",
      "type": "exit"
     }
    ],
    "main_scheme_name": "Motilal Oswal Midcap Fund",
    "metrics": [
     {
      "name": "sharpe",
      "value": "1.1"
     },
     {
      "name": "std_dev",
      "value": "18.5%"
     },
     {
      "name": "beta",
      "value": "0.9"
     },
     {
      "name": "port_turnover_ratio",
      "value": "1.84"
     },
     {
      "name": "information_ratio",
      "value": "0.74"
     }
    ],
    "min_addl_amt": "500",
    "min_addl_amt_multiple": "1",
    "min_amt": "500",
    "min_amt_multiple": "1",
    "monthly_aaum_date": "20250331",
    "monthly_aaum_value": "24,904.21",
    "mutual_fund_name": "Motilal Oswal Mutual Fund",
    "scheme_launch_date": "20140224"
   }
  },
  {
   "value": {
    "amc_name": "Motilal Oswal Asset Management Company Limited",
    "benchmark_index": [
     "Nifty Smallcap 250 TRI"
    ],
    "field_location": [
     {
      "amc_name": "9",
      "benchmark_index": "9",
      "count": 19,
      "fund_manager_managing_fund_since": "9",
      "load_entry": "9",
      "load_exit": "9",
      "main_scheme_name": "9",
      "metrics_beta": "9",
      "metrics_port_turnover_ratio": "9",
      "metrics_std_dev": "9",
      "min_addl_amt": "9",
      "min_addl_amt_multiple": "9",
      "min_amt": "9",
      "min_amt_multiple": "9",
      "monthly_aaum_date": "9",
      "monthly_aaum_value": "9",
      "mutual_fund_name": "9",
      "scheme_launch_date": "9"
     }
    ],
    "fund_manager": [
     {
      "managing_fund_since": "26-dec-2023",
      "name": "",
      "qualification": "",
      "total_exp": ""
     }
    ],
    "load": [
     {
      "comment": "/",
      "type": "entry"
     },
     {
      "comment": "Entry Load: Nil Exit Load: 1% - If redeemed on or before 365 days from the date of allotment. Nil - If redeemed after 365 days from the date of allotment. Exit Load will be applicable on switch amongst the Schemes of MOMF. No Load shall be imposed for switching between Options within the Scheme. Further, it is clarified that there will be no exit load charged on a switch-out amongst the plans within the same scheme. Allotment Date 26-December-2023",
      "type": "exit"
     }
    ],
    "main_scheme_name": "Motilal Oswal Small Cap Fund",
    "metrics": [
     {
      "name": "std_dev",
      "value": "19.4%"
     },
     {
      "name": "beta",
      "value": "0.8"
     },
     {
      "name": "port_turnover_ratio",
      "value": "0.54"
     }
    ],
    "min_addl_amt": "500",
    "min_addl_amt_multiple": "1",
    "min_amt": "500",
    "min_amt_multiple": "1",
    "monthly_aaum_date": "20250331",
    "monthly_aaum_value": "3,968.32",
    "mutual_fund_name": "Motilal Oswal Mutual Fund",
    "scheme_launch_date": "26-DECEMBER-2023"
   }
  },
  {
   "value": {
    "amc_name": "Motilal Oswal Asset Management Company Limited",
    "benchmark_index": [
     "Focused Fund NIFTY 500 TRI"
    ],
    "field_location": [
     {
      "amc_name": "10",
      "benchmark_index": "10",
      "count": 19,
      "fund_manager_managing_fund_since": "10",
      "fund_manager_name": "10",
      "fund_manager_total_exp": "10",
      "load_entry": "10",
      "load_exit": "10",
      "main_scheme_name": "10",
      "metrics_beta": "10",
      "metrics_information_ratio": "10",
      "metrics_port_turnover_ratio": "10",
      "metrics_sharpe": "10",
      "metrics_std_dev": "10",
      "min_addl_amt": "10",
      "min_addl_amt_multiple": "10",
      "min_amt": "10",
      "min_amt_multiple": "10",
      "monthly_aaum_date": "10",
      "monthly_aaum_value": "10",
      "mutual_fund_name": "10",
      "scheme_launch_date": "10"
     }
    ],
    "fund_manager": [
     {
      "managing_fund_since": "01-oct-2024",
      "name": "Mr. Ajay Khandelwal",
      "qualification": "",
      "total_exp": "18 years"
     },
     {
      "managing_fund_since": "01-oct-2024",
      "name": "Mr. Atul Mehra",
      "qualification": "",
      "total_exp": "15 years"
     },
     {
      "managing_fund_since": "22-nov-2022",
      "name": "Mr. Rakesh Shetty",
      "qualification": "",
      "total_exp": "14 years"
     },
     {
      "managing_fund_since": "july 1, 2024",
      "name": "Mr. Sunil Sawant",
      "qualification": "",
      "total_exp": "16 years"
     }
    ],
    "load": [
     {
      "comment": "/",
      "type": "entry"
     },
     {
      "comment": "Entry Load: Nil Exit Load: 1% - If redeemed on or before 365 days from the date of allotment. Nil - If redeemed after 365 days from the date of allotment. Exit Load will be applicable on switch amongst the Schemes of MOMF. No Load shall be imposed for switching between Options within the Scheme. Further, it is clarified that there will be no exit load charged on a switch-out amongst the plans within the same scheme. Allotment Date 13-May-2013",
      "type": "exit"
     }
    ],
    "main_scheme_name": "Motilal Oswal Focused Fund",
    "metrics": [
     {
      "name": "sharpe",
      "value": "0.01"
     },
     {
      "name": "std_dev",
      "value": "17.0%"
     },
     {
      "name": "beta",
      "value": "1.0"
     },
     {
      "name": "port_turnover_ratio",
      "value": "1.03"
     },
     {
      "name": "information_ratio",
      "value": "0.95"
     }
    ],
    "min_addl_amt": "500",
    "min_addl_amt_multiple": "1",
    "min_amt": "500",
    "min_amt_multiple": "1",
    "monthly_aaum_date": "20250331",
    "monthly_aaum_value": "1,354.19",
    "mutual_fund_name": "Motilal Oswal Mutual Fund",
    "scheme_launch_date": "20130513"
   }
  },
  {
   "value": {
    "amc_name": "Motilal Oswal Asset Management Company Limited",
    "benchmark_index": [
     "ELSS Nifty 500 TRI"
    ],
    "field_location": [
     {
      "amc_name": "11",
      "benchmark_index": "11",
      "count": 19,
      "fund_manager_managing_fund_since": "11",
      "load_entry": "11",
      "load_exit": "11",
      "main_scheme_name": "11",
      "metrics_beta": "11",
      "metrics_information_ratio": "11",
      "metrics_port_turnover_ratio": "11",
      "metrics_sharpe": "11",
      "metrics_std_dev": "11",
      "min_addl_amt": "11",
      "min_addl_amt_multiple": "11",
      "min_amt": "11",
      "min_amt_multiple": "11",
      "monthly_aaum_date": "11",
      "monthly_aaum_value": "11",
      "mutual_fund_name": "11",
      "scheme_launch_date": "11"
     }
    ],
    "fund_manager": [
     {
      "managing_fund_since": "11-dec-2023",
      "name": "",
      "qualification": "",
      "total_exp": ""
     }
    ],
    "load": [
     {
      "comment": "/",
      "type": "entry"
     },
     {
      "comment": "Nil Allotment Date 21-Jan-2015",
      "type": "exit"
     }
    ],
    "main_scheme_name": "Motilal Oswal ELSS Tax Saver Fund",
    "metrics": [
     {
      "name": "sharpe",
      "value": "0.8"
     },
     {
      "name": "std_dev",
      "value": "19.0%"
     },
     {
      "name": "beta",
      "value": "1.1"
     },
     {
      "name": "port_turnover_ratio",
      "value": "0.53"
     },
     {
      "name": "information_ratio",
      "value": "0.96"
     }
    ],
    "min_addl_amt": "500",
    "min_addl_amt_multiple": "500",
    "min_amt": "500",
    "min_amt_multiple": "500",
    "monthly_aaum_date": "20250331",
    "monthly_aaum_value": "3,629.85",
    "mutual_fund_name": "Motilal Oswal Mutual Fund",
    "scheme_launch_date": "20150121"
   }
  },
  {
   "value": {
    "amc_name": "Motilal Oswal Asset Management Company Limited",
    "benchmark_index": [
     "Nifty 500 TRI"
    ],
    "field_location": [
     {
      "amc_name": "12",
      "benchmark_index": "12",
      "count": 19,
      "fund_manager_managing_fund_since": "12",
      "load_entry": "12",
      "load_exit": "12",
      "main_scheme_name": "12",
      "metrics_port_turnover_ratio": "12",
      "min_addl_amt": "12",
      "min_addl_amt_multiple": "12",
      "min_amt": "12",
      "min_amt_multiple": "12",
      "monthly_aaum_date": "12",
      "monthly_aaum_value": "12",
      "mutual_fund_name": "12",
      "scheme_launch_date": "12"
     }
    ],
    "fund_manager": [
     {
      "managing_fund_since": "27-august-2024",
      "name": "",
      "qualification": "",
      "total_exp": ""
     }
    ],
    "load": [
     {
      "comment": "/",
      "type": "entry"
     },
     {
      "comment": "Entry Load: Nil Exit Load: 1% - If redeemed on or before 365 days from the date of allotment. Nil - If redeemed after 365 days from the date of allotment. Exit Load will be applicable on switch amongst the Schemes of MOMF. No Load shall be imposed for switching between Options within the Scheme. Further, it is clarified that there will be no exit load charged on a switch-out amongst the plans within the same scheme. Allotment Date 27-August-2024",
      "type": "exit"
     }
    ],
    "main_scheme_name": "Motilal Oswal Business Cycle Fund",
    "metrics": [
     {
      "name": "port_turnover_ratio",
      "value": "1.41"
     }
    ],
    "min_addl_amt": "500",
    "min_addl_amt_multiple": "1",
    "min_amt": "500",
    "min_amt_multiple": "1",
    "monthly_aaum_date": "20250331",
    "monthly_aaum_value": "1,684.79",
    "mutual_fund_name": "Motilal Oswal Mutual Fund",
    "scheme_launch_date": "27-AUGUST-2024"
   }
  },
  {
   "value": {
    "amc_name": "Motilal Oswal Asset Management Company Limited",
    "benchmark_index": [
     "Nifty India Manufacturing Total Return Index"
    ],
    "field_location": [
     {
      "amc_name": "13",
      "benchmark_index": "13",
      "count": 19,
      "fund_manager_managing_fund_since": "13",
      "load_entry": "13",
      "load_exit": "13",
      "main_scheme_name": "13",
      "metrics_port_turnover_ratio": "13",
      "min_addl_amt": "13",
      "min_addl_amt_multiple": "13",
      "min_amt": "13",
      "min_amt_multiple": "13",
      "monthly_aaum_date": "13",
      "monthly_aaum_value": "13",
      "mutual_fund_name": "13",
      "scheme_launch_date": "13"
     }
    ],
    "fund_manager": [
     {
      "managing_fund_since": "8-august-2024",
      "name": "",
      "qualification": "",
      "total_exp": ""
     }
    ],
    "load": [
     {
      "comment": "/",
      "type": "entry"
     },
     {
      "comment": "Entry Load: Nil Exit Load: 1% - If redeemed on or before 90 days from the date of allotment. Nil - If redeemed after 90 days from the date of allotment. Exit Load will be applicable on switch amongst the Schemes of MOMF. No Load shall be imposed for switching between Options within the Scheme. Further, it is clarified that there will be no exit load charged on a switch-out amongst the plans within the same scheme. Allotment Date 08-August-2024",
      "type": "exit"
     }
    ],
    "main_scheme_name": "Motilal Oswal Manufacturing Fund",
    "metrics": [
     {
      "name": "port_turnover_ratio",
      "value": "0.32"
     }
    ],
    "min_addl_amt": "500",
    "min_addl_amt_multiple": "1",
    "min_amt": "500",
    "min_amt_multiple": "1",
    "monthly_aaum_date": "20250331",
    "monthly_aaum_value": "684.54",
    "mutual_fund_name": "Motilal Oswal Mutual Fund",
    "scheme_launch_date": "08-AUGUST-2024"
   }
  },
  {
   "value": {
    "amc_name": "Motilal Oswal Asset Management Company Limited",
    "benchmark_index": [
     "BSE Teck TRI"
    ],
    "field_location": [
     {
      "amc_name": "14",
      "benchmark_index": "14",
      "count": 19,
      "fund_manager_managing_fund_since": "14",
      "load_entry": "14",
      "load_exit": "14",
      "main_scheme_name": "14",
      "metrics_port_turnover_ratio": "14",
      "min_addl_amt": "14",
      "min_addl_amt_multiple": "14",
      "min_amt": "14",
      "min_amt_multiple": "14",
      "monthly_aaum_date": "14",
      "monthly_aaum_value": "14",
      "mutual_fund_name": "14",
      "scheme_launch_date": "14"
     }
    ],
    "fund_manager": [
     {
      "managing_fund_since": "04-november-2024",
      "name": "",
      "qualification": "",
      "total_exp": ""
     }
    ],
    "load": [
     {
      "comment": "/",
      "type": "entry"
     },
     {
      "comment": "Entry Load: Nil Exit Load: 1% - If redeemed on or before 90 days from the date of allotment. Nil - If redeemed after 90 days from the date of allotment. Exit Load will be applicable on switch amongst the Schemes of MOMF. No Load shall be imposed for switching between Options within the Scheme. Further, it is clarified that there will be no exit load charged on a switch-out amongst the plans within the same scheme. Allotment Date 04-November-2024",
      "type": "exit"
     }
    ],
    "main_scheme_name": "Motilal Oswal Digital India Fund",
    "metrics": [
     {
      "name": "port_turnover_ratio",
      "value": "0.21"
     }
    ],
    "min_addl_amt": "500",
    "min_addl_amt_multiple": "1",
    "min_amt": "500",
    "min_amt_multiple": "1",
    "monthly_aaum_date": "20250331",
    "monthly_aaum_value": "662.24",
    "mutual_fund_name": "Motilal Oswal Mutual Fund",
    "scheme_launch_date": "04-NOVEMBER-2024"
   }
  },
  {
   "value": {
    "amc_name": "Motilal Oswal Asset Management Company Limited",
    "benchmark_index": [
     "Nifty 200 Index TRI"
    ],
    "field_location": [
     {
      "amc_name": "15",
      "benchmark_index": "15",
      "count": 19,
      "fund_manager_managing_fund_since": "15",
      "load_entry": "15",
      "load_exit": "15",
      "main_scheme_name": "15",
      "metrics_port_turnover_ratio": "15",
      "min_addl_amt": "15",
      "min_addl_amt_multiple": "15",
      "min_amt": "15",
      "min_amt_multiple": "15",
      "monthly_aaum_date": "15",
      "monthly_aaum_value": "15",
      "mutual_fund_name": "15",
      "scheme_launch_date": "15"
     }
    ],
    "fund_manager": [
     {
      "managing_fund_since": "06-june-2024",
      "name": "",
      "qualification": "",
      "total_exp": ""
     }
    ],
    "load": [
     {
      "comment": "/",
      "type": "entry"
     },
     {
      "comment": "Entry Load: Nil Exit Load: 1% - If redeemed on or before 15 days from the date of allotment. Nil - If redeemed after 15 days from the date of allotment. Exit Load will be applicable on switch amongst the Schemes of MOMF. No Load shall be imposed for switching between Options within the Scheme. Further, it is clarified that there will be no exit load charged on a switch-out from Regular to Direct plan within the same scheme. Allotment Date 06-June-2024",
      "type": "exit"
     }
    ],
    "main_scheme_name": "Motilal Oswal Quant Fund",
    "metrics": [
     {
      "name": "port_turnover_ratio",
      "value": "1.55"
     }
    ],
    "min_addl_amt": "500",
    "min_addl_amt_multiple": "1",
    "min_amt": "500",
    "min_amt_multiple": "1",
    "monthly_aaum_date": "20250331",
    "monthly_aaum_value": "124.52",
    "mutual_fund_name": "Motilal Oswal Mutual Fund",
    "scheme_launch_date": "06-JUNE-2024"
   }
  },
  {
   "value": {
    "amc_name": "Motilal Oswal Asset Management Company Limited",
    "benchmark_index": [
     "Nifty 500 TRI"
    ],
    "field_location": [
     {
      "amc_name": "16",
      "benchmark_index": "16",
      "count": 19,
      "fund_manager_managing_fund_since": "16",
      "load_entry": "16",
      "load_exit": "16",
      "main_scheme_name": "16",
      "metrics_port_turnover_ratio": "16",
      "min_addl_amt": "16",
      "min_addl_amt_multiple": "16",
      "min_amt": "16",
      "min_amt_multiple": "16",
      "monthly_aaum_date": "16",
      "monthly_aaum_value": "16",
      "mutual_fund_name": "16",
      "scheme_launch_date": "16"
     }
    ],
    "fund_manager": [
     {
      "managing_fund_since": "18-february-2025",
      "name": "",
      "qualification": "",
      "total_exp": ""
     }
    ],
    "load": [
     {
      "comment": "/",
      "type": "entry"
     },
     {
      "comment": "Entry Load: Nil Exit Load: 1% - If redeemed within 90 days from the day of allotment. Nil - If redeemed after 90 days from the date of allotment. Exit Load will be applicable on switch amongst the Schemes of MOMF. No Load shall be imposed for switching between Options within the Scheme. Further, it is clarified that there will be no exit load charged on a switch-out amongst the plans within the same scheme. Allotment Date 18-February-2025",
      "type": "exit"
     }
    ],
    "main_scheme_name": "Motilal Oswal Innovation Opportunities Fund",
    "metrics": [
     {
      "name": "port_turnover_ratio",
      "value": "0.04"
     }
    ],
    "min_addl_amt": "500",
    "min_addl_amt_multiple": "1",
    "min_amt": "500",
    "min_amt_multiple": "1",
    "monthly_aaum_date": "20250331",
    "monthly_aaum_value": "133.35",
    "mutual_fund_name": "Motilal Oswal Mutual Fund",
    "scheme_launch_date": "18-FEBRUARY-2025"
   }
  },
  {
   "value": {
    "amc_name": "Motilal Oswal Asset Management Company Limited",
    "benchmark_index": [
     "Nifty 500 TRI"
    ],
    "field_location": [
     {
      "amc_name": "17",
      "benchmark_index": "17",
      "count": 19,
      "fund_manager_managing_fund_since": "17",
      "load_entry": "17",
      "load_exit": "17",
      "main_scheme_name": "17",
      "min_addl_amt": "17",
      "min_addl_amt_multiple": "17",
      "min_amt": "17",
      "min_amt_multiple": "17",
      "monthly_aaum_date": "17",
      "monthly_aaum_value": "17",
      "mutual_fund_name": "17",
      "scheme_launch_date": "17"
     }
    ],
    "fund_manager": [
     {
      "managing_fund_since": "17-march-2025",
      "name": "",
      "qualification": "",
      "total_exp": ""
     }
    ],
    "load": [
     {
      "comment": "/",
      "type": "entry"
     },
     {
      "comment": "Entry Load: Nil Exit Load: 1% - If redeemed on or before 90 days from the date of allotment. Nil - If redeemed after 90 days from the date of allotment. Exit Load will be applicable on switch amongst the Schemes of MOMF. No Load shall be imposed for switching between Options within the Scheme. Further, it is clarified that there will be no exit load charged on a switchout amongst the plans within the same scheme. Allotment Date 17-March-2025",
      "type": "exit"
     }
    ],
    "main_scheme_name": "Motilal Oswal Active Momentum Fund",
    "min_addl_amt": "500",
    "min_addl_amt_multiple": "1",
    "min_amt": "500",
    "min_amt_multiple": "1",
    "monthly_aaum_date": "20250331",
    "monthly_aaum_value": "20.72",
    "mutual_fund_name": "Motilal Oswal Mutual Fund",
    "scheme_launch_date": "17-MARCH-2025"
   }
  },
  {
   "value": {
    "amc_name": "Motilal Oswal Asset Management Company Limited",
    "field_location": [
     {
      "amc_name": "18",
      "count": 19,
      "fund_manager_managing_fund_since": "18",
      "fund_manager_name": "18",
      "fund_manager_total_exp": "18",
      "load_entry": "18",
      "load_exit": "18",
      "main_scheme_name": "18",
      "metrics_avg_maturity": "18",
      "metrics_beta": "18",
      "metrics_information_ratio": "18",
      "metrics_macaulay": "18",
      "metrics_mod_duration": "18",
      "metrics_port_turnover_ratio": "18",
      "metrics_sharpe": "18",
      "metrics_std_dev": "18",
      "metrics_ytm": "18",
      "min_addl_amt": "18",
      "min_addl_amt_multiple": "18",
      "min_amt": "18",
      "min_amt_multiple": "18",
      "monthly_aaum_date": "18",
      "monthly_aaum_value": "18",
      "mutual_fund_name": "18",
      "scheme_launch_date": "18"
     }
    ],
    "fund_manager": [
     {
      "managing_fund_since": "06-march-2025",
      "name": "Mr. Niket Shah",
      "qualification": "",
      "total_exp": "15 years"
     },
     {
      "managing_fund_since": "01-oct-2024",
      "name": "Mr. Ajay Khandelwal",
      "qualification": "",
      "total_exp": "18 years"
     },
     {
      "managing_fund_since": "01-oct-2024",
      "name": "Mr. Atul Mehra",
      "qualification": "",
      "total_exp": "15 years"
     },
     {
      "managing_fund_since": "22-nov-2022",
      "name": "Mr. Rakesh Shetty",
      "qualification": "",
      "total_exp": "14 years"
     },
     {
      "managing_fund_since": "july 1, 2024",
      "name": "Mr. Sunil Sawant",
      "qualification": "",
      "total_exp": "16 years"
     }
    ],
    "load": [
     {
      "comment": "/",
      "type": "entry"
     },
     {
      "comment": "Entry Load: Nil Exit Load: 1% - If redeemed on or before 365 days from the date of allotment. Nil - If redeemed after 365 days from the date of allotment. Exit Load will be applicable on switch amongst the Schemes of MOMF. No Load shall be imposed for switching between Options within the Scheme. Further, it is clarified that there will be no exit load charged on a switch-out amongst the plans within the same scheme. Allotment Date 27-Sep-2016",
      "type": "exit"
     }
    ],
    "main_scheme_name": "Motilal Oswal Balanced Advantage Fund",
    "metrics": [
     {
      "name": "sharpe",
      "value": "0.1"
     },
     {
      "name": "std_dev",
      "value": "14.0%"
     },
     {
      "name": "beta",
      "value": "1.3"
     },
     {
      "name": "ytm",
      "value": "7.20%"
     },
     {
      "name": "port_turnover_ratio",
      "value": "3.18"
     },
     {
      "name": "mod_duration",
      "value": "500"
     },
     {
      "name": "avg_maturity",
      "value": "1.19 Yrs"
     },
     {
      "name": "macaulay",
      "value": "1.08 Yrs"
     },
     {
      "name": "information_ratio",
      "value": "0.52"
     }
    ],
    "min_addl_amt": "500",
    "min_addl_amt_multiple": "1",
    "min_amt": "500",
    "min_amt_multiple": "1",
    "monthly_aaum_date": "20250331",
    "monthly_aaum_value": "908.46",
    "mutual_fund_name": "Motilal Oswal Mutual Fund",
    "scheme_launch_date": "20160927"
   }
  },
  {
   "value": {
    "amc_name": "Motilal Oswal Asset Management Company Limited",
    "benchmark_index": [
     "50% Nifty 500 TRI + 35% CRISIL Short Term Bond Fund Index + 13% Domestic Price of Gold + 2% Domestic Price of Silver. Redemption proceeds"
    ],
    "field_location": [
     {
      "amc_name": "19",
      "benchmark_index": "19",
      "count": 19,
      "fund_manager_managing_fund_since": "19",
      "load_entry": "19",
      "load_exit": "19",
      "main_scheme_name": "19",
      "metrics_avg_maturity": "19",
      "metrics_beta": "19",
      "metrics_macaulay": "19",
      "metrics_mod_duration": "19",
      "metrics_port_turnover_ratio": "19",
      "metrics_sharpe": "19",
      "metrics_std_dev": "19",
      "metrics_ytm": "19",
      "min_addl_amt": "19",
      "min_addl_amt_multiple": "19",
      "min_amt": "19",
      "min_amt_multiple": "19",
      "monthly_aaum_date": "19",
      "monthly_aaum_value": "19",
      "mutual_fund_name": "19",
      "scheme_launch_date": "19"
     }
    ],
    "fund_manager": [
     {
      "managing_fund_since": "01-oct-2024",
      "name": "",
      "qualification": "",
      "total_exp": ""
     }
    ],
    "load": [
     {
      "comment": "/",
      "type": "entry"
     },
     {
      "comment": "Entry Load: Nil Exit Load: 1% - If redeemed on or before 365 days from the date of allotment. Nil - If redeemed after 365 days from the date of allotment. Exit Load will be applicable on switch amongst the Schemes of MOMF. No Load shall be imposed for switching between Options within the Scheme. Further, it is clarified that there will be no exit load charged on a switch-out amongst the plans within the same scheme.",
      "type": "exit"
     }
    ],
    "main_scheme_name": "Motilal Oswal Multi Asset Fund",
    "metrics": [
     {
      "name": "sharpe",
      "value": "0.6"
     },
     {
      "name": "std_dev",
      "value": "9.4%"
     },
     {
      "name": "beta",
      "value": "1.1"
     },
     {
      "name": "ytm",
      "value": "6.82%"
     },
     {
      "name": "port_turnover_ratio",
      "value": "0.66"
     },
     {
      "name": "mod_duration",
      "value": "0.81 Yrs"
     },
     {
      "name": "avg_maturity",
      "value": "0.97 Yrs"
     },
     {
      "name": "macaulay",
      "value": "0.87 Yrs"
     }
    ],
    "min_addl_amt": "500",
    "min_addl_amt_multiple": "1",
    "min_amt": "500",
    "min_amt_multiple": "1",
    "monthly_aaum_date": "20250331",
    "monthly_aaum_value": "91.08",
    "mutual_fund_name": "Motilal Oswal Mutual Fund",
    "scheme_launch_date": "4-AUGUST-2020"
   }
  },
  {
   "value": {
    "amc_name": "Motilal Oswal Asset Management Company Limited",
    "benchmark_index": [
     "Nifty 50 Arbitrage TRI Redemption proceeds"
    ],
    "field_location": [
     {
      "amc_name": "20",
      "benchmark_index": "20",
      "count": 19,
      "fund_manager_managing_fund_since": "20",
      "load_entry": "20",
      "load_exit": "20",
      "main_scheme_name": "20",
      "metrics_avg_maturity": "20",
      "metrics_macaulay": "20",
      "metrics_mod_duration": "20",
      "metrics_port_turnover_ratio": "20",
      "metrics_ytm": "20",
      "min_addl_amt": "20",
      "min_addl_amt_multiple": "20",
      "min_amt": "20",
      "min_amt_multiple": "20",
      "monthly_aaum_date": "20",
      "monthly_aaum_value": "20",
      "mutual_fund_name": "20",
      "scheme_launch_date": "20"
     }
    ],
    "fund_manager": [
     {
      "managing_fund_since": "23-december-2024",
      "name": "",
      "qualification": "",
      "total_exp": ""
     }
    ],
    "load": [
     {
      "comment": "/",
      "type": "entry"
     },
     {
      "comment": "Entry Load: Nil Exit Load: 0.25% - If redeemed within 15 days from the day of allotment. Nil - If redeemed after 15 days from the date of allotment. Exit Load will be applicable on switch amongst the Schemes of MOMF. No Load shall be imposed for switching between Options within the Scheme. Further, it is clarified that there will be no exit load charged on a switch-out from Regular to Direct plan within the same scheme.",
      "type": "exit"
     }
    ],
    "main_scheme_name": "Motilal Oswal Arbitrage Fund",
    "metrics": [
     {
      "name": "ytm",
      "value": "6.44%"
     },
     {
      "name": "port_turnover_ratio",
      "value": "4.05"
     },
     {
      "name": "mod_duration",
      "value": "0.41 Yrs"
     },
     {
      "name": "avg_maturity",
      "value": "0.44 Yrs"
     },
     {
      "name": "macaulay",
      "value": "0.44 Yrs"
     }
    ],
    "min_addl_amt": "500",
    "min_addl_amt_multiple": "1",
    "min_amt": "500",
    "min_amt_multiple": "1",
    "monthly_aaum_date": "20250331",
    "monthly_aaum_value": "753.83",
    "mutual_fund_name": "Motilal Oswal Mutual Fund",
    "scheme_launch_date": "23-DECEMBER-2024"
   }
  },
  {
   "value": {
    "amc_name": "Motilal Oswal Asset Management Company Limited",
    "benchmark_index": [
     "CRISIL Ultra Short Duration Debt A-I Index"
    ],
    "field_location": [
     {
      "amc_name": "21",
      "benchmark_index": "21",
      "count": 19,
      "fund_manager_managing_fund_since": "21",
      "fund_manager_name": "21",
      "fund_manager_total_exp": "21",
      "load_entry": "21",
      "load_exit": "21",
      "main_scheme_name": "21",
      "metrics_avg_maturity": "21",
      "metrics_mod_duration": "21",
      "metrics_ytm": "21",
      "min_addl_amt": "21",
      "min_addl_amt_multiple": "21",
      "min_amt": "21",
      "min_amt_multiple": "21",
      "monthly_aaum_date": "21",
      "monthly_aaum_value": "21",
      "mutual_fund_name": "21",
      "scheme_launch_date": "21"
     }
    ],
    "fund_manager": [
     {
      "managing_fund_since": "22-nov-2022",
      "name": "Mr. Rakesh Shetty",
      "qualification": "",
      "total_exp": "14 years"
     }
    ],
    "load": [
     {
      "comment": "/",
      "type": "entry"
     },
     {
      "comment": "Nil Allotment Date 6-Sept-2013",
      "type": "exit"
     }
    ],
    "main_scheme_name": "Motilal Oswal Ultra Short Term Fund",
    "metrics": [
     {
      "name": "ytm",
      "value": "6.39%"
     },
     {
      "name": "mod_duration",
      "value": "28,"
     },
     {
      "name": "avg_maturity",
      "value": "0.35 Yrs"
     }
    ],
    "min_addl_amt": "500",
    "min_addl_amt_multiple": "1",
    "min_amt": "500",
    "min_amt_multiple": "1",
    "monthly_aaum_date": "20250331",
    "monthly_aaum_value": "505.90",
    "mutual_fund_name": "Motilal Oswal Mutual Fund",
    "scheme_launch_date": "6-SEPT-2013"
   }
  },
  {
   "value": {
    "amc_name": "Motilal Oswal Asset Management Company Limited",
    "benchmark_index": [
     "Crisil Liquid Fund A-I Index"
    ],
    "field_location": [
     {
      "amc_name": "22",
      "benchmark_index": "22",
      "count": 19,
      "fund_manager_managing_fund_since": "22",
      "fund_manager_name": "22",
      "fund_manager_total_exp": "22",
      "load_entry": "22",
      "load_exit": "22",
      "main_scheme_name": "22",
      "metrics_avg_maturity": "22",
      "metrics_mod_duration": "22",
      "metrics_ytm": "22",
      "min_addl_amt": "22",
      "min_addl_amt_multiple": "22",
      "min_amt": "22",
      "min_amt_multiple": "22",
      "monthly_aaum_date": "22",
      "mutual_fund_name": "22",
      "scheme_launch_date": "22"
     }
    ],
    "fund_manager": [
     {
      "managing_fund_since": "22-nov-2022",
      "name": "Mr. Rakesh Shetty",
      "qualification": "",
      "total_exp": "14 years"
     }
    ],
    "load": [
     {
      "comment": "/",
      "type": "entry"
     },
     {
      "comment": "Entry Load: Nil Exit Load: Day 1 - 0.0070% Day 2 - 0.0065% Day 3 - 0.0060% Day 4 - 0.0055% Day 5 - 0.0050% Day 6 - 0.0045% Day 7 onwards - Nil Exit Load will be applicable on switch amongst the Schemes of MOMF. No Load shall be imposed for switching between Options within the Scheme. Further, it is clarified that there will be no exit load charged on a switch- out from Regular to Direct plan within the same scheme.",
      "type": "exit"
     }
    ],
    "main_scheme_name": "Motilal Oswal Liquid Fund",
    "metrics": [
     {
      "name": "ytm",
      "value": "6.88%"
     },
     {
      "name": "mod_duration",
      "value": "0.10 Yrs"
     },
     {
      "name": "avg_maturity",
      "value": "0.11 Yrs"
     }
    ],
    "min_addl_amt": "500",
    "min_addl_amt_multiple": "1",
    "min_amt": "500",
    "min_amt_multiple": "1",
    "monthly_aaum_date": "20250331",
    "mutual_fund_name": "Motilal Oswal Mutual Fund",
    "scheme_launch_date": "20181220"
   }
  }
 ]
}