{
 "metadata": {
  "document_name": "55_31-Mar-25_FS.pdf",
  "file_type": "fs",
  "process_date": "20250411"
 },
 "records": [
  {
   "value": {
    "amc_name": "Trust Asset Management Private Limited",
    "benchmark_index": [
     "NIFTY 500 TRI"
    ],
    "field_location": [
     {
      "amc_name": "8",
      "benchmark_index": "8",
      "count": 8,
      "fund_manager_managing_fund_since": "8",
      "fund_manager_name": "8",
      "fund_manager_total_exp": "8",
      "load_entry": "8",
      "load_exit": "8",
      "main_scheme_name": "8",
      "metrics_beta": "8",
      "metrics_sharpe": "8",
      "metrics_std_dev": "8",
      "min_addl_amt": "8",
      "monthly_aaum_date": "8",
      "monthly_aaum_value": "8",
      "mutual_fund_name": "8",
      "scheme_launch_date": "8"
     }
    ],
    "fund_manager": [
     {
      "managing_fund_since": "inception",
      "name": "Mihir Vora",
      "qualification": "",
      "total_exp": "29 years"
     },
     {
      "managing_fund_since": "",
      "name": "Aakash Manghani",
      "qualification": "",
      "total_exp": "14 years"
     }
    ],
    "load": [
     {
      "comment": "Nil",
      "type": "entry"
     },
     {
      "comment": "1% - If redeemed/ switched out within 180 days from the date of allotment. Nil if redeemed/switched out after 180 days from the date of allotment",
      "type": "exit"
     }
    ],
    "main_scheme_name": "TRUSTMF Flexi Cap Fund",
    "metrics": [
     {
      "name": "sharpe",
      "value": "13.88"
     },
     {
      "name": "std_dev",
      "value": "13.88"
     },
     {
      "name": "beta",
      "value": "13.88"
     }
    ],
    "min_addl_amt": "₹ 1,000",
    "monthly_aaum_date": "20250331",
    "monthly_aaum_value": "908.46 Cr",
    "mutual_fund_name": "Trust Mutual Fund",
    "scheme_launch_date": "20240426"
   }
  },
  {
   "value": {
    "amc_name": "Trust Asset Management Private Limited",
    "benchmark_index": [
     "NIFTY Smallcap 250 TRI"
    ],
    "field_location": [
     {
      "amc_name": "9",
      "benchmark_index": "9",
      "count": 8,
      "fund_manager_managing_fund_since": "9",
      "fund_manager_name": "9",
      "fund_manager_total_exp": "9",
      "load_entry": "9",
      "load_exit": "9",
      "main_scheme_name": "9",
      "metrics_beta": "9",
      "metrics_sharpe": "9",
      "metrics_std_dev": "9",
      "min_addl_amt": "9",
      "monthly_aaum_date": "9",
      "monthly_aaum_value": "9",
      "mutual_fund_name": "9",
      "scheme_launch_date": "9"
     }
    ],
    "fund_manager": [
     {
      "managing_fund_since": "inception",
      "name": "Mihir Vora",
      "qualification": "",
      "total_exp": "29 years"
     },
     {
      "managing_fund_since": "",
      "name": "Aakash Manghani",
      "qualification": "",
      "total_exp": "14 years"
     }
    ],
    "load": [
     {
      "comment": "Nil",
      "type": "entry"
     },
     {
      "comment": "1% - If redeemed/ switched out within 180 days from the date of allotment. Nil - if redeemed/switched out after 180 days from the date of allotment",
      "type": "exit"
     }
    ],
    "main_scheme_name": "TRUSTMF Small Cap Fund",
    "metrics": [
     {
      "name": "sharpe",
      "value": "8.01"
     },
     {
      "name": "std_dev",
      "value": "3"
     },
     {
      "name": "beta",
      "value": "3"
     }
    ],
    "min_addl_amt": "₹ 1,000",
    "monthly_aaum_date": "20250331",
    "monthly_aaum_value": "770.85 Cr",
    "mutual_fund_name": "Trust Mutual Fund",
    "scheme_launch_date": "20241104"
   }
  },
  {
   "value": {
    "amc_name": "Trust Asset Management Private Limited",
    "benchmark_index": [
     "Tier I Benchmark - CRISIL Banking and PSU Debt A-II Index Tier II Benchmark - CRISIL Select AAA Roll Down Banking & PSU Debt Index"
    ],
    "field_location": [
     {
      "amc_name": "10",
      "benchmark_index": "10",
      "count": 8,
      "fund_manager_managing_fund_since": "10",
      "fund_manager_name": "10",
      "fund_manager_total_exp": "10",
      "load_entry": "10",
      "load_exit": "10",
      "main_scheme_name": "10",
      "metrics_avg_maturity": "10",
      "metrics_macaulay": "10",
      "metrics_mod_duration": "10",
      "min_amt": "10",
      "monthly_aaum_date": "10",
      "monthly_aaum_value": "10",
      "mutual_fund_name": "10",
      "scheme_launch_date": "10"
     }
    ],
    "fund_manager": [
     {
      "managing_fund_since": "11th june 2024",
      "name": "Jalpan Shah",
      "qualification": "",
      "total_exp": "20 years"
     },
     {
      "managing_fund_since": "11th april 2024",
      "name": "Neeraj Jain",
      "qualification": "",
      "total_exp": "7 years"
     }
    ],
    "load": [
     {
      "comment": "Nil",
      "type": "entry"
     },
     {
      "comment": "Nil",
      "type": "exit"
     }
    ],
    "main_scheme_name": "TRUSTMF Banking & PSU Fund",
    "metrics": [
     {
      "name": "mod_duration",
      "value": "2.18 Years"
     },
     {
      "name": "avg_maturity",
      "value": "2.58 Years"
     },
     {
      "name": "macaulay",
      "value": "2.31 Years"
     }
    ],
    "min_amt": "₹ 1,000",
    "monthly_aaum_date": "20250331",
    "monthly_aaum_value": "191.76 Cr",
    "mutual_fund_name": "Trust Mutual Fund",
    "scheme_launch_date": "20210201"
   }
  },
  {
   "value": {
    "amc_name": "Trust Asset Management Private Limited",
    "benchmark_index": [
     "Tier I Benchmark - CRISIL Corporate Debt A-II Index"
    ],
    "field_location": [
     {
      "amc_name": "11",
      "benchmark_index": "11",
      "count": 8,
      "fund_manager_managing_fund_since": "11",
      "fund_manager_name": "11",
      "fund_manager_total_exp": "11",
      "load_entry": "11",
      "load_exit": "11",
      "main_scheme_name": "11",
      "metrics_avg_maturity": "11",
      "metrics_macaulay": "11",
      "metrics_mod_duration": "11",
      "metrics_ytm": "11",
      "min_amt": "11",
      "monthly_aaum_date": "11",
      "monthly_aaum_value": "11",
      "mutual_fund_name": "11",
      "scheme_launch_date": "11"
     }
    ],
    "fund_manager": [
     {
      "managing_fund_since": "11th june 2024",
      "name": "Jalpan Shah",
      "qualification": "",
      "total_exp": "20 years"
     },
     {
      "managing_fund_since": "11th april 2024",
      "name": "Neeraj Jain",
      "qualification": "",
      "total_exp": "7 years"
     }
    ],
    "load": [
     {
      "comment": "Nil",
      "type": "entry"
     },
     {
      "comment": "Nil",
      "type": "exit"
     }
    ],
    "main_scheme_name": "TRUSTMF Corporate Bond Fund",
    "metrics": [
     {
      "name": "mod_duration",
      "value": "4.42 Years"
     },
     {
      "name": "avg_maturity",
      "value": "5.75 Years"
     },
     {
      "name": "macaulay",
      "value": "4.61 Years"
     },
     {
      "name": "ytm",
      "value": "37.33"
     }
    ],
    "min_amt": "₹ 1,000",
    "monthly_aaum_date": "20250331",
    "monthly_aaum_value": "58.45 Cr",
    "mutual_fund_name": "Trust Mutual Fund",
    "scheme_launch_date": "20230120"
   }
  },
  {
   "value": {
    "amc_name": "Trust Asset Management Private Limited",
    "benchmark_index": [
     "Tier I Benchmark - CRISIL Short Duration Debt A-II Index"
    ],
    "field_location": [
     {
      "amc_name": "12",
      "benchmark_index": "12",
      "count": 8,
      "fund_manager_managing_fund_since": "12",
      "fund_manager_name": "12",
      "fund_manager_total_exp": "12",
      "indicative_inv_horizon": "12",
      "load_entry": "12",
      "load_exit": "12",
      "main_scheme_name": "12",
      "metrics_avg_maturity": "12",
      "metrics_macaulay": "12",
      "metrics_mod_duration": "12",
      "metrics_ytm": "12",
      "min_amt": "12",
      "monthly_aaum_date": "12",
      "monthly_aaum_value": "12",
      "mutual_fund_name": "12",
      "scheme_launch_date": "12"
     }
    ],
    "fund_manager": [
     {
      "managing_fund_since": "11th june 2024",
      "name": "Jalpan Shah",
      "qualification": "",
      "total_exp": "20 years"
     },
     {
      "managing_fund_since": "11th april 2024",
      "name": "Neeraj Jain",
      "qualification": "",
      "total_exp": "7 years"
     }
    ],
    "indicative_inv_horizon": [
     "\n",
     "[ICRA]",
     "AAAmfs"
    ],
    "load": [
     {
      "comment": "Nil",
      "type": "entry"
     },
     {
      "comment": "Nil",
      "type": "exit"
     }
    ],
    "main_scheme_name": "TRUSTMF Short Duration Fund",
    "metrics": [
     {
      "name": "mod_duration",
      "value": "2.72 Years"
     },
     {
      "name": "avg_maturity",
      "value": "3.41 Years"
     },
     {
      "name": "macaulay",
      "value": "2.87 Years"
     },
     {
      "name": "ytm",
      "value": "13"
     }
    ],
    "min_amt": "₹ 1,000",
    "monthly_aaum_date": "20250331",
    "monthly_aaum_value": "103.38 Cr",
    "mutual_fund_name": "Trust Mutual Fund",
    "scheme_launch_date": "20210806"
   }
  },
  {
   "value": {
    "amc_name": "Trust Asset Management Private Limited",
    "benchmark_index": [
     "Tier I Benchmark - CRISIL Money Market A-I Index"
    ],
    "field_location": [
     {
      "amc_name": "13",
      "benchmark_index": "13",
      "count": 8,
      "fund_manager_managing_fund_since": "13",
      "fund_manager_name": "13",
      "fund_manager_total_exp": "13",
      "load_entry": "13",
      "load_exit": "13",
      "main_scheme_name": "13",
      "metrics_avg_maturity": "13",
      "metrics_macaulay": "13",
      "metrics_mod_duration": "13",
      "metrics_ytm": "13",
      "min_amt": "13",
      "monthly_aaum_date": "13",
      "monthly_aaum_value": "13",
      "mutual_fund_name": "13",
      "scheme_launch_date": "13"
     }
    ],
    "fund_manager": [
     {
      "managing_fund_since": "11th june 2024",
      "name": "Jalpan Shah",
      "qualification": "",
      "total_exp": "20 years"
     },
     {
      "managing_fund_since": "11th april 2024",
      "name": "Neeraj Jain",
      "qualification": "",
      "total_exp": "7 years"
     }
    ],
    "load": [
     {
      "comment": "Nil",
      "type": "entry"
     },
     {
      "comment": "Nil",
      "type": "exit"
     }
    ],
    "main_scheme_name": "TRUSTMF Money Market Fund",
    "metrics": [
     {
      "name": "mod_duration",
      "value": "206 Days"
     },
     {
      "name": "avg_maturity",
      "value": "221 Days"
     },
     {
      "name": "macaulay",
      "value": "221 Days"
     },
     {
      "name": "ytm",
      "value": "09"
     }
    ],
    "min_amt": "₹ 1,000",
    "monthly_aaum_date": "20250331",
    "monthly_aaum_value": "95.32 Cr",
    "mutual_fund_name": "Trust Mutual Fund",
    "scheme_launch_date": "20220817"
   }
  },
  {
   "value": {
    "amc_name": "Trust Asset Management Private Limited",
    "benchmark_index": [
     "Tier I Benchmark - CRISIL Liquid Debt A-I Index Tier II Benchmark - CRISIL Select"
    ],
    "field_location": [
     {
      "amc_name": "14",
      "benchmark_index": "14",
      "count": 8,
      "fund_manager_managing_fund_since": "14",
      "fund_manager_name": "14",
      "fund_manager_total_exp": "14",
      "load_entry": "14",
      "load_exit": "14",
      "main_scheme_name": "14",
      "metrics_avg_maturity": "14",
      "metrics_macaulay": "14",
      "metrics_mod_duration": "14",
      "metrics_ytm": "14",
      "min_amt": "14",
      "monthly_aaum_date": "14",
      "monthly_aaum_value": "14",
      "mutual_fund_name": "14",
      "scheme_launch_date": "14"
     }
    ],
    "fund_manager": [
     {
      "managing_fund_since": "11th june 2024",
      "name": "Jalpan Shah",
      "qualification": "",
      "total_exp": "20 years"
     },
     {
      "managing_fund_since": "11th april 2024",
      "name": "Neeraj Jain",
      "qualification": "",
      "total_exp": "7 years"
     }
    ],
    "load": [
     {
      "comment": "Nil",
      "type": "entry"
     },
     {
      "comment": "Exit Load: as a % of redemption proceeds (including systematic transactions) Up to Day 1 : 0.0070%, Day 2 : 0.0065%, Day 3 : 0.0060%, Day 4 : 0.0055%, Day 5 : 0.0050%, Day 6 : 0.0045%, Day 7 onwards Nil",
      "type": "exit"
     }
    ],
    "main_scheme_name": "TRUSTMF Liquid Fund",
    "metrics": [
     {
      "name": "mod_duration",
      "value": "60 Days"
     },
     {
      "name": "avg_maturity",
      "value": "64 Days"
     },
     {
      "name": "macaulay",
      "value": "64 Days"
     },
     {
      "name": "ytm",
      "value": "47.35"
     }
    ],
    "min_amt": "₹ 1,000",
    "monthly_aaum_date": "20250331",
    "monthly_aaum_value": "400.34 Cr",
    "mutual_fund_name": "Trust Mutual Fund",
    "scheme_launch_date": "20210423"
   }
  },
  {
   "value": {
    "amc_name": "Trust Asset Management Private Limited",
    "benchmark_index": [
     "CRISIL Liquid Overnight Index"
    ],
    "field_location": [
     {
      "amc_name": "15",
      "benchmark_index": "15",
      "count": 8,
      "fund_manager_managing_fund_since": "15",
      "fund_manager_name": "15",
      "fund_manager_total_exp": "15",
      "load_entry": "15",
      "load_exit": "15",
      "main_scheme_name": "15",
      "metrics_avg_maturity": "15",
      "metrics_macaulay": "15",
      "metrics_mod_duration": "15",
      "metrics_ytm": "15",
      "min_amt": "15",
      "monthly_aaum_date": "15",
      "monthly_aaum_value": "15",
      "mutual_fund_name": "15",
      "scheme_launch_date": "15"
     }
    ],
    "fund_manager": [
     {
      "managing_fund_since": "11th june 2024",
      "name": "Jalpan Shah",
      "qualification": "",
      "total_exp": "20 years"
     },
     {
      "managing_fund_since": "11th april 2024",
      "name": "Neeraj Jain",
      "qualification": "",
      "total_exp": "7 years"
     }
    ],
    "load": [
     {
      "comment": "Nil",
      "type": "entry"
     },
     {
      "comment": "Nil",
      "type": "exit"
     }
    ],
    "main_scheme_name": "TRUSTMF Overnight Fund",
    "metrics": [
     {
      "name": "mod_duration",
      "value": "2 Days"
     },
     {
      "name": "avg_maturity",
      "value": "2 Days"
     },
     {
      "name": "macaulay",
      "value": "2 Days"
     },
     {
      "name": "ytm",
      "value": "11"
     }
    ],
    "min_amt": "₹ 1,000",
    "monthly_aaum_date": "20250331",
    "monthly_aaum_value": "165.77 Cr",
    "mutual_fund_name": "Trust Mutual Fund",
    "scheme_launch_date": "20220119"
   }
  }
 ]
}