{
 "metadata": {
  "document_name": "59_31-Mar-25_FS.pdf",
  "file_type": "fs",
  "process_date": "20250422"
 },
 "records": [
  {
   "value": {
    "amc_name": "Bajaj Finserv Asset Management Limited",
    "benchmark_index": [
     "Nifty 100 Total Return Index (TRI) FUND FEATURES PORTFOLIO (as on 31 March, 2025)"
    ],
    "field_location": [
     {
      "amc_name": "15",
      "benchmark_index": "15",
      "count": 18,
      "fund_manager_managing_fund_since": "15",
      "load_entry": "15",
      "load_exit": "15",
      "main_scheme_name": "15",
      "min_addl_amt": "15",
      "min_addl_amt_multiple": "15",
      "min_amt": "15",
      "min_amt_multiple": "15",
      "monthly_aaum_date": "15",
      "monthly_aaum_value": "15",
      "mutual_fund_name": "15",
      "scheme_launch_date": "15"
     }
    ],
    "fund_manager": [
     {
      "managing_fund_since": "inception",
      "name": "",
      "qualification": "",
      "total_exp": ""
     }
    ],
    "load": [
     {
      "comment": "NAHDFC Life Insurance Company Limited",
      "type": "entry"
     },
     {
      "comment": "For each purchase of units Britannia Industries Limited through Lumpsum / switch-in / Systematic Hindustan Unilever Limited Investment Plan (SIP) and Systematic Transfer Plan (STP), exit load will be as Coal India Limited follows: Mahindra & Mahindra Limited • if units are redeemed / switched out within Dr. Reddy's Laboratories Limited 6 months from the date of allotment: 1% of ICICI Bank Limited applicable NAV. NTPC Limited • if units are redeemed/switched out after 6 Aditya Birla Capital Limited months from the date of allotment, no exit Bharti Airtel Limited load is payable. Hero MotoCorp Limited The Scheme will not levy exit load in case the Zomato Limited timelines for rebalancing",
      "type": "exit"
     }
    ],
    "main_scheme_name": "Bajaj Finserv Large Cap Fund",
    "min_addl_amt": "INR 100",
    "min_addl_amt_multiple": "INR 1",
    "min_amt": "500",
    "min_amt_multiple": "1",
    "monthly_aaum_date": "20250331",
    "monthly_aaum_value": "1,336.74",
    "mutual_fund_name": "Bajaj Finserv Mutual Fund",
    "scheme_launch_date": "20240820"
   }
  },
  {
   "value": {
    "amc_name": "Bajaj Finserv Asset Management Limited",
    "benchmark_index": [
     "BSE 500 TRI FUND FEATURES PORTFOLIO (as on 31 March, 2025)"
    ],
    "field_location": [
     {
      "amc_name": "17",
      "benchmark_index": "17",
      "count": 18,
      "fund_manager_managing_fund_since": "17",
      "load_entry": "17",
      "load_exit": "17",
      "main_scheme_name": "17",
      "metrics_port_turnover_ratio": "17",
      "min_addl_amt": "17",
      "min_addl_amt_multiple": "17",
      "min_amt": "17",
      "min_amt_multiple": "17",
      "monthly_aaum_date": "17",
      "monthly_aaum_value": "17",
      "mutual_fund_name": "17",
      "scheme_launch_date": "17"
     }
    ],
    "fund_manager": [
     {
      "managing_fund_since": "inception",
      "name": "",
      "qualification": "",
      "total_exp": ""
     }
    ],
    "load": [
     {
      "comment": "NA Aditya Birla Capital LimitedMulti Commodity Exchange of India Limited",
      "type": "entry"
     },
     {
      "comment": "For each purchase of units Infosys Limited through Lumpsum / switch-in / Systematic GE Vernova T&D India Limited Investment Plan (SIP) and Systematic United Breweries Limited Transfer Plan (STP), exit load will be as Zomato Limited follows: Dr. Reddy's Laboratories Limited Jio Financial Services Limited If units are redeemed / switched out within Sanoﬁ Consumer Healthcare India Limited 6 months from the date of allotment: HDFC Life Insurance Company Limited Can Fin Homes Limited if upto 10% of units allotted are redeemed Alkem Laboratories Limited / switched out - Nil Radico Khaitan Limited any redemption / switch-out of units in Affle (India) Limited Cummins India Limited excess of 10% of units allotted - 1% of Syngene International Limited applicable NAV. K.P.R. Mill Limited If units are redeemed/switched out after 6 Piramal Pharma Limited UNO Minda Limited months from the date of allotment, no exit Neuland Laboratories Limited load is payable. Hitachi Energy India Limited",
      "type": "exit"
     }
    ],
    "main_scheme_name": "Bajaj Finserv Flexi Cap Fund",
    "metrics": [
     {
      "name": "port_turnover_ratio",
      "value": "12"
     }
    ],
    "min_addl_amt": "INR 100",
    "min_addl_amt_multiple": "INR 1",
    "min_amt": "INR 500",
    "min_amt_multiple": "INR 1",
    "monthly_aaum_date": "20250331",
    "monthly_aaum_value": "4,031.37",
    "mutual_fund_name": "Bajaj Finserv Mutual Fund",
    "scheme_launch_date": "20230814"
   }
  },
  {
   "value": {
    "amc_name": "Bajaj Finserv Asset Management Limited",
    "benchmark_index": [
     "Nifty Large Midcap 250 TRI FUND FEATURES PORTFOLIO (as on 31 March, 2025)"
    ],
    "field_location": [
     {
      "amc_name": "19",
      "benchmark_index": "19",
      "count": 18,
      "fund_manager_managing_fund_since": "19",
      "load_entry": "19",
      "load_exit": "19",
      "main_scheme_name": "19",
      "metrics_port_turnover_ratio": "19",
      "min_addl_amt": "19",
      "min_addl_amt_multiple": "19",
      "min_amt": "19",
      "min_amt_multiple": "19",
      "monthly_aaum_date": "19",
      "monthly_aaum_value": "19",
      "mutual_fund_name": "19",
      "scheme_launch_date": "19"
     }
    ],
    "fund_manager": [
     {
      "managing_fund_since": "inception",
      "name": "",
      "qualification": "",
      "total_exp": ""
     }
    ],
    "load": [
     {
      "comment": "NA ITC LimitedBiocon Limited",
      "type": "entry"
     },
     {
      "comment": "For each purchase of units through Page Industries Limited Lumpsum / switch-in / Systematic Investment ICICI Bank Limited Plan (SIP) and Systematic Transfer Plan (STP), Larsen & Toubro Limited exit load will be as follows: State Bank of India if units are redeemed / switched out within 6 Abbott India Limited months from the date of allotment: CRISIL Limited Bajaj Finserv Limited if upto 10% of units allotted are United Breweries Limited redeemed/switched out - Nil Oberoi Realty Limited Havells India Limited any redemption / switch-out of units in Balkrishna Industries Limited excess of 10% of units allotted - 1% of applicable UNO Minda Limited NAV. GlaxoSmithKline Pharmaceuticals Limited if units are redeemed/switched out after 6 Voltas Limited months from the date of allotment, no exit load Info Edge (India) Limited is payable. Tata Consumer Products Limited The Indian Hotels Company Limited Alkem Laboratories Limited",
      "type": "exit"
     }
    ],
    "main_scheme_name": "Bajaj Finserv Large and Mid Cap Fund",
    "metrics": [
     {
      "name": "port_turnover_ratio",
      "value": "12"
     }
    ],
    "min_addl_amt": "100",
    "min_addl_amt_multiple": "1",
    "min_amt": "500",
    "min_amt_multiple": "1",
    "monthly_aaum_date": "20250331",
    "monthly_aaum_value": "1,702.42",
    "mutual_fund_name": "Bajaj Finserv Mutual Fund",
    "scheme_launch_date": "20240227"
   }
  },
  {
   "value": {
    "amc_name": "Bajaj Finserv Asset Management Limited",
    "benchmark_index": [
     "Nifty 500 Multicap 50:25:25 TRI FUND FEATURES PORTFOLIO (as on 31 March, 2025)"
    ],
    "field_location": [
     {
      "amc_name": "21",
      "benchmark_index": "21",
      "count": 18,
      "fund_manager_managing_fund_since": "21",
      "load_entry": "21",
      "load_exit": "21",
      "main_scheme_name": "21",
      "min_addl_amt": "21",
      "min_addl_amt_multiple": "21",
      "min_amt": "21",
      "min_amt_multiple": "21",
      "monthly_aaum_date": "21",
      "monthly_aaum_value": "21",
      "mutual_fund_name": "21",
      "scheme_launch_date": "21"
     }
    ],
    "fund_manager": [
     {
      "managing_fund_since": "inception",
      "name": "",
      "qualification": "",
      "total_exp": ""
     }
    ],
    "load": [
     {
      "comment": "NA Aditya Birla Capital LimitedAdani Wilmar Limited",
      "type": "entry"
     },
     {
      "comment": "ITC Hotels Limited CRISIL Limited For each purchase of units through Lumpsum / switch-in / Systematic Investment Plan (SIP) and The Federal Bank Limited Systematic Transfer Plan (STP), exit load will be Whirlpool of India Limited as follows: SRF Limited Can Fin Homes Limited if units are redeemed / switched out within 6 GlaxoSmithKline Pharmaceuticals Limited months from the date of allotment: Pﬁzer Limited if upto 10% of units allotted are Manappuram Finance Limited redeemed/switched out - Nil Century Plyboards (India) Limited any redemption / switch-out of units in excess RHI Magnesita India Limited of 10% of units allotted - 1% of applicable NAV. Balrampur Chini Mills Limited if units are redeemed/switched out after 6 City Union Bank Limited months from the date of allotment, no exit load is ICICI Lombard General Insurance Company Limited payable. 3M India Limited Havells India Limited",
      "type": "exit"
     }
    ],
    "main_scheme_name": "Bajaj Finserv Multi Cap Fund",
    "min_addl_amt": "100",
    "min_addl_amt_multiple": "1",
    "min_amt": "500",
    "min_amt_multiple": "1",
    "monthly_aaum_date": "20250331",
    "monthly_aaum_value": "464.69",
    "mutual_fund_name": "Bajaj Finserv Mutual Fund",
    "scheme_launch_date": "20250227"
   }
  },
  {
   "value": {
    "amc_name": "Bajaj Finserv Asset Management Limited",
    "benchmark_index": [
     "Nifty India Consumption Total Return Index (TRI) FUND FEATURES PORTFOLIO (as on 31 March, 2025)"
    ],
    "field_location": [
     {
      "amc_name": "22",
      "benchmark_index": "22",
      "count": 18,
      "fund_manager_managing_fund_since": "22",
      "load_entry": "22",
      "load_exit": "22",
      "main_scheme_name": "22",
      "min_addl_amt": "22",
      "min_addl_amt_multiple": "22",
      "monthly_aaum_date": "22",
      "monthly_aaum_value": "22",
      "mutual_fund_name": "22",
      "scheme_launch_date": "22"
     }
    ],
    "fund_manager": [
     {
      "managing_fund_since": "inception",
      "name": "",
      "qualification": "",
      "total_exp": ""
     }
    ],
    "load": [
     {
      "comment": "NA Devyani International Limited",
      "type": "entry"
     },
     {
      "comment": "Colgate Palmolive (India) Limited Voltas Limited • if units are redeemed / switched out within Emami Limited Zomato Limited 3 months from the date of allotment: 1% of Safari Industries (India) Limited applicable NAV. Astral Limited Century Plyboards (India) Limited • if units are redeemed/switched out after 3 ITC Hotels Limited months from the date of allotment, no exit Westlife Foodworld Limited load is payable. Metro Brands Limited Ganesha Ecosphere Limited Gillette India Limited Landmark Cars Limited Whirlpool of India Limited PVR INOX Limited Brainbees Solutions Ltd Orient Electric Limited",
      "type": "exit"
     }
    ],
    "main_scheme_name": "Bajaj Finserv Consumption Fund",
    "min_addl_amt": "500",
    "min_addl_amt_multiple": "1",
    "monthly_aaum_date": "20250331",
    "monthly_aaum_value": "501.49",
    "mutual_fund_name": "Bajaj Finserv Mutual Fund",
    "scheme_launch_date": "20241129"
   }
  },
  {
   "value": {
    "amc_name": "Bajaj Finserv Asset Management Limited",
    "benchmark_index": [
     "BSE Healthcare Total Return Index (TRI) FUND FEATURES PORTFOLIO (as on 31 March, 2025)"
    ],
    "field_location": [
     {
      "amc_name": "24",
      "benchmark_index": "24",
      "count": 18,
      "fund_manager_managing_fund_since": "24",
      "load_entry": "24",
      "load_exit": "24",
      "main_scheme_name": "24",
      "min_addl_amt": "24",
      "min_addl_amt_multiple": "24",
      "min_amt": "24",
      "min_amt_multiple": "24",
      "monthly_aaum_date": "24",
      "monthly_aaum_value": "24",
      "mutual_fund_name": "24",
      "scheme_launch_date": "24"
     }
    ],
    "fund_manager": [
     {
      "managing_fund_since": "inception",
      "name": "",
      "qualification": "",
      "total_exp": ""
     }
    ],
    "load": [
     {
      "comment": "NA Orchid Pharma Limited",
      "type": "entry"
     },
     {
      "comment": "Pﬁzer Limited Alkem Laboratories Limited • if units are redeemed / switched out within Emami Limited 3 months from the date of allotment: 1% of Lupin Limited applicable NAV. AstraZeneca Pharma India Limited • if units are redeemed/switched out after 3 Alembic Pharmaceuticals Limited months from the date of allotment, no exit Dr. Lal Path Labs Limited load is payable. Mankind Pharma Limited Marico Limited MedPlus Health Services Limited Jubilant Pharmova Limited Medi Assist Healthcare Services Limited Colgate Palmolive (India) Limited",
      "type": "exit"
     }
    ],
    "main_scheme_name": "Bajaj Finserv Healthcare Fund",
    "min_addl_amt": "500",
    "min_addl_amt_multiple": "1",
    "min_amt": "500",
    "min_amt_multiple": "1",
    "monthly_aaum_date": "20250331",
    "monthly_aaum_value": "298.55",
    "mutual_fund_name": "Bajaj Finserv Mutual Fund",
    "scheme_launch_date": "20241227"
   }
  },
  {
   "value": {
    "amc_name": "Bajaj Finserv Asset Management Limited",
    "benchmark_index": [
     "BSE 500 Total Return Index (TRI) FUND FEATURES PORTFOLIO (as on 31 March, 2025)"
    ],
    "field_location": [
     {
      "amc_name": "25",
      "benchmark_index": "25",
      "count": 18,
      "fund_manager_managing_fund_since": "25",
      "load_entry": "25",
      "load_exit": "25",
      "main_scheme_name": "25",
      "min_addl_amt": "25",
      "min_addl_amt_multiple": "25",
      "min_amt": "25",
      "monthly_aaum_date": "25",
      "monthly_aaum_value": "25",
      "mutual_fund_name": "25",
      "scheme_launch_date": "25"
     }
    ],
    "fund_manager": [
     {
      "managing_fund_since": "inception",
      "name": "",
      "qualification": "",
      "total_exp": ""
     }
    ],
    "load": [
     {
      "comment": "NilUnited Spirits Limited",
      "type": "entry"
     },
     {
      "comment": "Nil Kotak Mahindra Bank Limited Cipla Limited Havells India Limited Maruti Suzuki India Limited Abbott India Limited Oracle Financial Services Software Limited 3M India Limited Divi's Laboratories Limited Larsen & Toubro Limited GlaxoSmithKline Pharmaceuticals Limited Marico Limited Timken India Limited Dr. Reddy's Laboratories Limited Axis Bank Limited State Bank of India Star Cement Limited Cummins India Limited",
      "type": "exit"
     }
    ],
    "main_scheme_name": "Bajaj Finserv ELSS Tax Saver Fund",
    "min_addl_amt": "500",
    "min_addl_amt_multiple": "500",
    "min_amt": "500",
    "monthly_aaum_date": "20250331",
    "monthly_aaum_value": "10.502",
    "mutual_fund_name": "Bajaj Finserv Mutual Fund",
    "scheme_launch_date": "20250129"
   }
  },
  {
   "value": {
    "amc_name": "Bajaj Finserv Asset Management Limited",
    "benchmark_index": [
     "NIFTY 50 Hybrid Composite debt 50:50 Index FUND FEATURES PORTFOLIO (as on 31 March, 2025)"
    ],
    "field_location": [
     {
      "amc_name": "26",
      "benchmark_index": "26",
      "count": 18,
      "fund_manager_managing_fund_since": "26",
      "load_entry": "26",
      "load_exit": "26",
      "main_scheme_name": "26",
      "metrics_avg_maturity": "26",
      "metrics_macaulay": "26",
      "metrics_mod_duration": "26",
      "metrics_port_turnover_ratio": "26",
      "metrics_ytm": "26",
      "min_addl_amt": "26",
      "min_addl_amt_multiple": "26",
      "min_amt": "26",
      "monthly_aaum_date": "26",
      "monthly_aaum_value": "26",
      "mutual_fund_name": "26",
      "scheme_launch_date": "26"
     }
    ],
    "fund_manager": [
     {
      "managing_fund_since": "inception",
      "name": "",
      "qualification": "",
      "total_exp": ""
     }
    ],
    "load": [
     {
      "comment": "NA State Bank of IndiaDr. Reddy's Laboratories Limited",
      "type": "entry"
     },
     {
      "comment": "For each purchase of units Britannia Industries Limited through Lumpsum / switch-in / Systematic Kotak Mahindra Bank Limited Investment Plan (SIP) and Systematic Divi's Laboratories Limited Transfer Plan (STP), exit load will be as Bajaj Finance Limited follows: Bajaj Finserv Limited if units are redeemed / switched out within 6 Sanoﬁ Consumer Healthcare India Limited months from the date of allotment: InterGlobe Aviation Limited if upto 8% of units allotted are Indus Towers Limited redeemed/switched out - Nil Jio Financial Services Limited any redemption / switch-out of units in NTPC Limited excess of 8% of units allotted - 1% of Mahindra & Mahindra Limited Tata Consumer Products Limited applicable NAV. JSW Steel Limited if units are redeemed/switched out after 6 Tata Steel Limited months from the date of allotment, no exit Hindalco Industries Limited",
      "type": "exit"
     }
    ],
    "main_scheme_name": "Bajaj Finserv Balanced Advantage Fund",
    "metrics": [
     {
      "name": "ytm",
      "value": "7.03%"
     },
     {
      "name": "mod_duration",
      "value": "6.1 Years"
     },
     {
      "name": "avg_maturity",
      "value": "12.6 Years"
     },
     {
      "name": "macaulay",
      "value": "6.4 Years"
     },
     {
      "name": "port_turnover_ratio",
      "value": "12"
     }
    ],
    "min_addl_amt": "INR 100",
    "min_addl_amt_multiple": "INR 1",
    "min_amt": "INR 500",
    "monthly_aaum_date": "20250331",
    "monthly_aaum_value": "1,212.30",
    "mutual_fund_name": "Bajaj Finserv Mutual Fund",
    "scheme_launch_date": "20231215"
   }
  },
  {
   "value": {
    "amc_name": "Bajaj Finserv Asset Management Limited",
    "benchmark_index": [
     "65% Nifty 50 TRI + 25% NIFTY Short Duration Debt Index + 10%"
    ],
    "field_location": [
     {
      "amc_name": "28",
      "benchmark_index": "28",
      "count": 18,
      "fund_manager_managing_fund_since": "28",
      "load_entry": "28",
      "load_exit": "28",
      "main_scheme_name": "28",
      "metrics_avg_maturity": "28",
      "metrics_macaulay": "28",
      "metrics_mod_duration": "28",
      "metrics_ytm": "28",
      "min_addl_amt": "28",
      "min_addl_amt_multiple": "28",
      "min_amt": "28",
      "min_amt_multiple": "28",
      "monthly_aaum_date": "28",
      "monthly_aaum_value": "28",
      "mutual_fund_name": "28",
      "scheme_launch_date": "28"
     }
    ],
    "fund_manager": [
     {
      "managing_fund_since": "inception",
      "name": "",
      "qualification": "",
      "total_exp": ""
     }
    ],
    "load": [
     {
      "comment": "NABritannia Industries Limited",
      "type": "entry"
     },
     {
      "comment": "For each purchase of units through Lumpsum / switch-in / Systematic Investment Plan (SIP) and Systematic Bajaj Finserv Limited Transfer Plan (STP), exit load will be as follows: GlaxoSmithKline Pharmaceuticals Limited - if units are redeemed / switched out within 1 year from the date of allotment: Indus Towers Limited • if up to 30% of units allotted are redeemed/switched out - Nil CRISIL Limited • any redemption / switch-out of units in excess of 30% of Abbott India Limited units allotted - 1% of applicable NAV. - If units purchased or switched in from another scheme of the GAIL (India) Limited Fund are redeemed or switched out after 1 year from the date Bank of Baroda of allotment, no exit load is payable. Akzo Nobel India Limited",
      "type": "exit"
     }
    ],
    "main_scheme_name": "Bajaj Finserv Multi Asset Allocation Fund",
    "metrics": [
     {
      "name": "ytm",
      "value": "8.09%"
     },
     {
      "name": "mod_duration",
      "value": "2.1 Years"
     },
     {
      "name": "avg_maturity",
      "value": "2.5 Years"
     },
     {
      "name": "macaulay",
      "value": "2.3 Years"
     }
    ],
    "min_addl_amt": "INR 100",
    "min_addl_amt_multiple": "1",
    "min_amt": "500",
    "min_amt_multiple": "1",
    "monthly_aaum_date": "20250331",
    "monthly_aaum_value": "1,102.99",
    "mutual_fund_name": "Bajaj Finserv Mutual Fund",
    "scheme_launch_date": "20240603"
   }
  },
  {
   "value": {
    "amc_name": "Bajaj Finserv Asset Management Limited",
    "benchmark_index": [
     "Nifty 50 Arbitrage Index (TRI) FUND FEATURES PORTFOLIO (as on 31 March, 2025)"
    ],
    "field_location": [
     {
      "amc_name": "30",
      "benchmark_index": "30",
      "count": 18,
      "fund_manager_managing_fund_since": "30",
      "fund_manager_name": "30",
      "fund_manager_total_exp": "30",
      "load_entry": "30",
      "load_exit": "30",
      "main_scheme_name": "30",
      "metrics_avg_maturity": "30",
      "metrics_macaulay": "30",
      "metrics_mod_duration": "30",
      "metrics_ytm": "30",
      "min_addl_amt": "30",
      "min_addl_amt_multiple": "30",
      "min_amt": "30",
      "min_amt_multiple": "30",
      "monthly_aaum_date": "30",
      "monthly_aaum_value": "30",
      "mutual_fund_name": "30",
      "scheme_launch_date": "30"
     }
    ],
    "fund_manager": [
     {
      "managing_fund_since": "inception",
      "name": "Mr. Ilesh Savla",
      "qualification": "",
      "total_exp": "23 years"
     },
     {
      "managing_fund_since": "",
      "name": "Mr. Siddharth Chaudhary",
      "qualification": "",
      "total_exp": "18 years"
     },
     {
      "managing_fund_since": "",
      "name": "Economic Zone",
      "qualification": "",
      "total_exp": ""
     },
     {
      "managing_fund_since": "",
      "name": "Adani Enterprises",
      "qualification": "",
      "total_exp": ""
     },
     {
      "managing_fund_since": "",
      "name": "Exide Industries",
      "qualification": "",
      "total_exp": ""
     },
     {
      "managing_fund_since": "",
      "name": "Consumer Products",
      "qualification": "",
      "total_exp": ""
     },
     {
      "managing_fund_since": "",
      "name": "Bharat Petroleum Corporation",
      "qualification": "",
      "total_exp": ""
     },
     {
      "managing_fund_since": "",
      "name": "Granules India",
      "qualification": "",
      "total_exp": ""
     },
     {
      "managing_fund_since": "",
      "name": "Management Company",
      "qualification": "",
      "total_exp": ""
     }
    ],
    "load": [
     {
      "comment": "NA Bharat Electronics Limited",
      "type": "entry"
     },
     {
      "comment": "For each purchase of units Ambuja Cements Limited Godrej Properties Limited through Lumpsum / switch-in / Systematic ITC Limited Investment Plan (SIP) and Systematic GMR Airports Limited Transfer Plan (STP), exit load will be as Canara Bank follows: Maruti Suzuki India Limited LIC Housing Finance Limited 0.25% of applicable NAV if DLF Limited redeemed/switched out within 15 days from Bharti Airtel Limited the date of allotment. Hindalco Industries Limited Mahindra & Mahindra Limited Nil if redeemed/switched out after 15 days Cipla Limited from the date of allotment. Power Finance Corporation Limited Vodafone Idea Limited",
      "type": "exit"
     }
    ],
    "main_scheme_name": "Bajaj Finserv Arbitrage Fund",
    "metrics": [
     {
      "name": "ytm",
      "value": "6.99%"
     },
     {
      "name": "mod_duration",
      "value": "54 Days"
     },
     {
      "name": "avg_maturity",
      "value": "58 Days"
     },
     {
      "name": "macaulay",
      "value": "58 Days"
     }
    ],
    "min_addl_amt": "INR 100",
    "min_addl_amt_multiple": "INR 1",
    "min_amt": "INR 500",
    "min_amt_multiple": "INR 1",
    "monthly_aaum_date": "20250331",
    "monthly_aaum_value": "927.72",
    "mutual_fund_name": "Bajaj Finserv Mutual Fund",
    "scheme_launch_date": "20230915"
   }
  },
  {
   "value": {
    "amc_name": "Bajaj Finserv Asset Management Limited",
    "benchmark_index": [
     "NIFTY Liquid Index A-I FUND FEATURES PORTFOLIO (as on 31 March, 2025)"
    ],
    "field_location": [
     {
      "amc_name": "31",
      "benchmark_index": "31",
      "count": 18,
      "fund_manager_managing_fund_since": "31",
      "load_entry": "31",
      "load_exit": "31",
      "main_scheme_name": "31",
      "metrics_avg_maturity": "31",
      "metrics_macaulay": "31",
      "metrics_mod_duration": "31",
      "metrics_ytm": "31",
      "min_amt": "31",
      "min_amt_multiple": "31",
      "monthly_aaum_date": "31",
      "monthly_aaum_value": "31",
      "mutual_fund_name": "31",
      "scheme_launch_date": "31"
     }
    ],
    "fund_manager": [
     {
      "managing_fund_since": "inception",
      "name": "",
      "qualification": "",
      "total_exp": ""
     }
    ],
    "load": [
     {
      "comment": "NA ICICI Securities Limited",
      "type": "entry"
     },
     {
      "comment": "For each purchase of units Axis Finance Limited through Lumpsum / switch-in / Systematic Reliance Retail Ventures Limited Investment Plan (SIP) and Systematic Kotak Securities Limited Transfer Plan (STP), exit load will be as Export Import Bank of India follows:as a % of redemption proceeds Power Finance Corporation Limited (including systematic transactions) Up to L&T Finance Limited Units redeemed/switched-out Exit load as a % Units redeemed/switched-out Exit load as a % within days from the date of redemption within \"X\" days from the date of redemption Tata Capital Housing Finance Limited of allotment proceeds of allotment proceeds 0.0070% Day 5 0.0050% Standard Chartered Capital Limited Day 1 Day 2 0.0065% Day 6 0.0045% Axis Securities Limited Day 3 0.0060% Day 7 onwards Nil Kotak Mahindra Investments Limited Day 4 0.0055% Corporate Bond Note 1: For the purpose of levying exit load, if subscription (application & funds) is received within cut-off time on a day, Power Finance Corporation Limited Day 1 shall be considered to be the same day, else the day after Bajaj Finance Limited the date of allotment of units shall be considered as Day 1. HDFC Bank Limited The Scheme will not levy exit load in case the timelines for rebalancing",
      "type": "exit"
     }
    ],
    "main_scheme_name": "Bajaj Finserv Liquid Fund",
    "metrics": [
     {
      "name": "ytm",
      "value": "1"
     },
     {
      "name": "mod_duration",
      "value": "1"
     },
     {
      "name": "avg_maturity",
      "value": "1"
     },
     {
      "name": "macaulay",
      "value": "1"
     }
    ],
    "min_amt": "INR 100",
    "min_amt_multiple": "INR 1",
    "monthly_aaum_date": "20250331",
    "monthly_aaum_value": "4,657.06",
    "mutual_fund_name": "Bajaj Finserv Mutual Fund",
    "scheme_launch_date": "20230705"
   }
  },
  {
   "value": {
    "amc_name": "Bajaj Finserv Asset Management Limited",
    "benchmark_index": [
     "NIFTY Money Market Index A-I FUND FEATURES PORTFOLIO (as on 31 March, 2025)"
    ],
    "field_location": [
     {
      "amc_name": "32",
      "benchmark_index": "32",
      "count": 18,
      "fund_manager_managing_fund_since": "32",
      "fund_manager_name": "32",
      "fund_manager_total_exp": "32",
      "load_entry": "32",
      "load_exit": "32",
      "main_scheme_name": "32",
      "metrics_avg_maturity": "32",
      "metrics_macaulay": "32",
      "metrics_mod_duration": "32",
      "metrics_ytm": "32",
      "min_addl_amt": "32",
      "min_addl_amt_multiple": "32",
      "min_amt": "32",
      "min_amt_multiple": "32",
      "monthly_aaum_date": "32",
      "monthly_aaum_value": "32",
      "mutual_fund_name": "32",
      "scheme_launch_date": "32"
     }
    ],
    "fund_manager": [
     {
      "managing_fund_since": "inception",
      "name": "Mr. Siddharth Chaudhary",
      "qualification": "",
      "total_exp": "18 years"
     },
     {
      "managing_fund_since": "inception",
      "name": "Mr. Nimesh Chandan",
      "qualification": "",
      "total_exp": "25 years"
     }
    ],
    "load": [
     {
      "comment": "NA Axis Finance LimitedHDB Financial Services Limited",
      "type": "entry"
     },
     {
      "comment": "Nil Standard Chartered Capital Limited Muthoot Finance Limited",
      "type": "exit"
     }
    ],
    "main_scheme_name": "Bajaj Finserv Money Market Fund",
    "metrics": [
     {
      "name": "ytm",
      "value": "7.14%"
     },
     {
      "name": "mod_duration",
      "value": "286 Days"
     },
     {
      "name": "avg_maturity",
      "value": "306 Days"
     },
     {
      "name": "macaulay",
      "value": "306 Days"
     }
    ],
    "min_addl_amt": "INR 1,000",
    "min_addl_amt_multiple": "INR 1",
    "min_amt": "INR 1,000",
    "min_amt_multiple": "INR 1",
    "monthly_aaum_date": "20250331",
    "monthly_aaum_value": "3,213.17",
    "mutual_fund_name": "Bajaj Finserv Mutual Fund",
    "scheme_launch_date": "20230724"
   }
  },
  {
   "value": {
    "amc_name": "Bajaj Finserv Asset Management Limited",
    "benchmark_index": [
     "CRISIL Dynamic Gilt Index FUND FEATURES PORTFOLIO (as on 31 March, 2025)"
    ],
    "field_location": [
     {
      "amc_name": "33",
      "benchmark_index": "33",
      "count": 18,
      "fund_manager_managing_fund_since": "33",
      "fund_manager_name": "33",
      "fund_manager_total_exp": "33",
      "load_entry": "33",
      "load_exit": "33",
      "main_scheme_name": "33",
      "metrics_avg_maturity": "33",
      "metrics_macaulay": "33",
      "metrics_mod_duration": "33",
      "metrics_ytm": "33",
      "min_addl_amt": "33",
      "min_addl_amt_multiple": "33",
      "min_amt": "33",
      "min_amt_multiple": "33",
      "monthly_aaum_date": "33",
      "monthly_aaum_value": "33",
      "mutual_fund_name": "33",
      "scheme_launch_date": "33"
     }
    ],
    "fund_manager": [
     {
      "managing_fund_since": "inception",
      "name": "Mr. Siddharth Chaudhary",
      "qualification": "",
      "total_exp": "18 years"
     },
     {
      "managing_fund_since": "inception",
      "name": "Mr. Nimesh Chandan",
      "qualification": "",
      "total_exp": "25 years"
     }
    ],
    "load": [
     {
      "comment": "Nil",
      "type": "entry"
     },
     {
      "comment": "Nil",
      "type": "exit"
     }
    ],
    "main_scheme_name": "Bajaj Finserv Gilt Fund",
    "metrics": [
     {
      "name": "ytm",
      "value": "7.02%"
     },
     {
      "name": "mod_duration",
      "value": "11.5 Years"
     },
     {
      "name": "avg_maturity",
      "value": "30.7 Years"
     },
     {
      "name": "macaulay",
      "value": "11.9 Years"
     }
    ],
    "min_addl_amt": "1,000",
    "min_addl_amt_multiple": "1",
    "min_amt": "5,000",
    "min_amt_multiple": "1",
    "monthly_aaum_date": "20250331",
    "monthly_aaum_value": "43.54",
    "mutual_fund_name": "Bajaj Finserv Mutual Fund",
    "scheme_launch_date": "15  JAN 2025"
   }
  },
  {
   "value": {
    "amc_name": "Bajaj Finserv Asset Management Limited",
    "benchmark_index": [
     "CRISIL Liquid Overnight Index FUND FEATURES PORTFOLIO (as on 31 March, 2025)"
    ],
    "field_location": [
     {
      "amc_name": "34",
      "benchmark_index": "34",
      "count": 18,
      "fund_manager_managing_fund_since": "34",
      "fund_manager_name": "34",
      "fund_manager_total_exp": "34",
      "load_entry": "34",
      "load_exit": "34",
      "main_scheme_name": "34",
      "metrics_avg_maturity": "34",
      "metrics_macaulay": "34",
      "metrics_mod_duration": "34",
      "metrics_ytm": "34",
      "min_addl_amt": "34",
      "min_addl_amt_multiple": "34",
      "min_amt": "34",
      "min_amt_multiple": "34",
      "monthly_aaum_date": "34",
      "monthly_aaum_value": "34",
      "mutual_fund_name": "34",
      "scheme_launch_date": "34"
     }
    ],
    "fund_manager": [
     {
      "managing_fund_since": "inception",
      "name": "Mr. Siddharth Chaudhary",
      "qualification": "",
      "total_exp": "18 years"
     },
     {
      "managing_fund_since": "inception",
      "name": "Mr. Nimesh Chandan",
      "qualification": "",
      "total_exp": "25 years"
     }
    ],
    "load": [
     {
      "comment": "NA",
      "type": "entry"
     },
     {
      "comment": "Nil",
      "type": "exit"
     }
    ],
    "main_scheme_name": "Bajaj Finserv Overnight Fund",
    "metrics": [
     {
      "name": "ytm",
      "value": "7.16%"
     },
     {
      "name": "mod_duration",
      "value": "3 Days"
     },
     {
      "name": "avg_maturity",
      "value": "3 Days"
     },
     {
      "name": "macaulay",
      "value": "3 Days"
     }
    ],
    "min_addl_amt": "INR 100",
    "min_addl_amt_multiple": "INR 1",
    "min_amt": "INR 100",
    "min_amt_multiple": "INR 1",
    "monthly_aaum_date": "20250331",
    "monthly_aaum_value": "327.60",
    "mutual_fund_name": "Bajaj Finserv Mutual Fund",
    "scheme_launch_date": "20230705"
   }
  },
  {
   "value": {
    "amc_name": "Bajaj Finserv Asset Management Limited",
    "benchmark_index": [
     "Nifty Banking & PSU Debt Index A-II FUND FEATURES PORTFOLIO (as on 31 March, 2025)"
    ],
    "field_location": [
     {
      "amc_name": "35",
      "benchmark_index": "35",
      "count": 18,
      "fund_manager_managing_fund_since": "35",
      "fund_manager_name": "35",
      "fund_manager_total_exp": "35",
      "load_entry": "35",
      "load_exit": "35",
      "main_scheme_name": "35",
      "metrics_avg_maturity": "35",
      "metrics_macaulay": "35",
      "metrics_mod_duration": "35",
      "metrics_ytm": "35",
      "min_addl_amt": "35",
      "min_addl_amt_multiple": "35",
      "min_amt": "35",
      "min_amt_multiple": "35",
      "monthly_aaum_date": "35",
      "monthly_aaum_value": "35",
      "mutual_fund_name": "35",
      "scheme_launch_date": "35"
     }
    ],
    "fund_manager": [
     {
      "managing_fund_since": "inception",
      "name": "Mr. Siddharth Chaudhary",
      "qualification": "",
      "total_exp": "18 years"
     },
     {
      "managing_fund_since": "inception",
      "name": "Mr. Nimesh Chandan",
      "qualification": "",
      "total_exp": "25 years"
     }
    ],
    "load": [
     {
      "comment": "NAState Government Bond",
      "type": "entry"
     },
     {
      "comment": "Nil 7.11% Maharashtra SDL (MD 31/07/2029) Reverse Repo / TREPS",
      "type": "exit"
     }
    ],
    "main_scheme_name": "Bajaj Finserv Banking and PSU Fund",
    "metrics": [
     {
      "name": "ytm",
      "value": "7.11%"
     },
     {
      "name": "mod_duration",
      "value": "3.3 Years"
     },
     {
      "name": "avg_maturity",
      "value": "4 Years"
     },
     {
      "name": "macaulay",
      "value": "3.5 Years"
     }
    ],
    "min_addl_amt": "INR 1,000",
    "min_addl_amt_multiple": "INR 1",
    "min_amt": "INR 1,000",
    "min_amt_multiple": "INR 1",
    "monthly_aaum_date": "20250331",
    "monthly_aaum_value": "119.13",
    "mutual_fund_name": "Bajaj Finserv Mutual Fund",
    "scheme_launch_date": "20231113"
   }
  },
  {
   "value": {
    "amc_name": "Bajaj Finserv Asset Management Limited",
    "benchmark_index": [
     "Nifty 50 TRI FUND FEATURES PORTFOLIO (as on 31 March, 2025)"
    ],
    "field_location": [
     {
      "amc_name": "36",
      "benchmark_index": "36",
      "count": 18,
      "fund_manager_managing_fund_since": "36",
      "fund_manager_name": "36",
      "fund_manager_total_exp": "36",
      "load_entry": "36",
      "load_exit": "36",
      "main_scheme_name": "36",
      "monthly_aaum_date": "36",
      "monthly_aaum_value": "36",
      "mutual_fund_name": "36",
      "scheme_launch_date": "36"
     }
    ],
    "fund_manager": [
     {
      "managing_fund_since": "inception",
      "name": "Mr. Ilesh Savla",
      "qualification": "",
      "total_exp": "23 years"
     },
     {
      "managing_fund_since": "16th december 2024",
      "name": "Mr. Haresh Mehta",
      "qualification": "",
      "total_exp": "17 years"
     }
    ],
    "load": [
     {
      "comment": "NA Bajaj Finance LimitedHindustan Unilever Limited",
      "type": "entry"
     },
     {
      "comment": "Nil Sun Pharmaceutical Industries Limited NTPC Limited",
      "type": "exit"
     }
    ],
    "main_scheme_name": "Bajaj Finserv Nifty 50 ETF",
    "monthly_aaum_date": "20250331",
    "monthly_aaum_value": "188.52",
    "mutual_fund_name": "Bajaj Finserv Mutual Fund",
    "scheme_launch_date": "20240119"
   }
  },
  {
   "value": {
    "amc_name": "Bajaj Finserv Asset Management Limited",
    "benchmark_index": [
     "Nifty Bank TRI FUND FEATURES PORTFOLIO (as on 31 March, 2025)"
    ],
    "field_location": [
     {
      "amc_name": "37",
      "benchmark_index": "37",
      "count": 18,
      "fund_manager_managing_fund_since": "37",
      "fund_manager_name": "37",
      "fund_manager_total_exp": "37",
      "load_entry": "37",
      "load_exit": "37",
      "main_scheme_name": "37",
      "monthly_aaum_date": "37",
      "monthly_aaum_value": "37",
      "mutual_fund_name": "37",
      "scheme_launch_date": "37"
     }
    ],
    "fund_manager": [
     {
      "managing_fund_since": "inception",
      "name": "Mr. Ilesh Savla",
      "qualification": "",
      "total_exp": "23 years"
     },
     {
      "managing_fund_since": "16th december 2024",
      "name": "Mr. Haresh Mehta",
      "qualification": "",
      "total_exp": "17 years"
     }
    ],
    "load": [
     {
      "comment": "NACash & Cash Equivalent",
      "type": "entry"
     },
     {
      "comment": "Nil Grand Total",
      "type": "exit"
     }
    ],
    "main_scheme_name": "Bajaj Finserv Nifty Bank ETF",
    "monthly_aaum_date": "20250331",
    "monthly_aaum_value": "204.56",
    "mutual_fund_name": "Bajaj Finserv Mutual Fund",
    "scheme_launch_date": "20240119"
   }
  },
  {
   "value": {
    "amc_name": "Bajaj Finserv Asset Management Limited",
    "benchmark_index": [
     "Nifty 1D Rate Index FUND FEATURES PORTFOLIO (as on 31 March, 2025)"
    ],
    "field_location": [
     {
      "amc_name": "38",
      "benchmark_index": "38",
      "count": 18,
      "fund_manager_managing_fund_since": "38",
      "fund_manager_name": "38",
      "fund_manager_total_exp": "38",
      "load_entry": "38",
      "load_exit": "38",
      "main_scheme_name": "38",
      "monthly_aaum_date": "38",
      "monthly_aaum_value": "38",
      "mutual_fund_name": "38",
      "scheme_launch_date": "38"
     }
    ],
    "fund_manager": [
     {
      "managing_fund_since": "inception",
      "name": "Mr. Siddharth Chaudhary",
      "qualification": "",
      "total_exp": "18 years"
     },
     {
      "managing_fund_since": "",
      "name": "Rate Liquid",
      "qualification": "",
      "total_exp": ""
     }
    ],
    "load": [
     {
      "comment": "NA",
      "type": "entry"
     },
     {
      "comment": "Nil",
      "type": "exit"
     }
    ],
    "main_scheme_name": "Bajaj Finserv Nifty 1D Rate Liquid ETF - Growth",
    "monthly_aaum_date": "20250331",
    "monthly_aaum_value": "450.77",
    "mutual_fund_name": "Bajaj Finserv Mutual Fund",
    "scheme_launch_date": "20240528"
   }
  }
 ]
}