{
 "metadata": {
  "document_name": "60_31-Mar-25_FS.pdf",
  "file_type": "fs",
  "process_date": "20250408"
 },
 "records": [
  {
   "value": {
    "amc_name": "Helios Capital Asset Management Limited",
    "benchmark_index": [
     "NIFTY 500 Total Return Index(TRI)"
    ],
    "field_location": [
     {
      "amc_name": "3",
      "benchmark_index": "3",
      "count": 6,
      "fund_manager_managing_fund_since": "3",
      "fund_manager_name": "3",
      "fund_manager_total_exp": "3",
      "load_entry": "3",
      "load_exit": "3",
      "main_scheme_name": "3",
      "metrics_port_turnover_ratio": "3",
      "min_addl_amt": "3",
      "min_addl_amt_multiple": "3",
      "min_amt": "3",
      "min_amt_multiple": "3",
      "monthly_aaum_date": "3",
      "monthly_aaum_value": "3",
      "mutual_fund_name": "3",
      "scheme_launch_date": "3"
     }
    ],
    "fund_manager": [
     {
      "managing_fund_since": "inception",
      "name": "Mr. Alok Bahl",
      "qualification": "",
      "total_exp": "32 years"
     },
     {
      "managing_fund_since": "april 20, 2024 ",
      "name": "Mr. Pratik Singh",
      "qualification": "",
      "total_exp": "10 years of"
     }
    ],
    "load": [
     {
      "comment": "NA",
      "type": "entry"
     },
     {
      "comment": "(i) If units redeemed or switched out are upto 10% (limit) of the units purchased or switched in within 3 months from the date of allotment - Nil (ii) If units redeemed or switched out are over and above the limit within 3 months from the date of allotment - 1% of the applicable NAV (iii) If redeemed/switched out after 3 months from the date of allotment - Nil Face Value per Unit: Rs. 10",
      "type": "exit"
     }
    ],
    "main_scheme_name": "Helios Flexi Cap Fund",
    "metrics": [
     {
      "name": "port_turnover_ratio",
      "value": "0.79"
     }
    ],
    "min_addl_amt": "1,000",
    "min_addl_amt_multiple": "1",
    "min_amt": "5,000",
    "min_amt_multiple": "1",
    "monthly_aaum_date": "20250331",
    "monthly_aaum_value": "₹ 2,627.85 Crores",
    "mutual_fund_name": "Helios Mutual Fund",
    "scheme_launch_date": "20231113"
   }
  },
  {
   "value": {
    "amc_name": "Helios Capital Asset Management Limited",
    "benchmark_index": [
     "NIFTY Financial Services Total Return Index(TRI)"
    ],
    "field_location": [
     {
      "amc_name": "5",
      "benchmark_index": "5",
      "count": 6,
      "fund_manager_managing_fund_since": "5",
      "fund_manager_name": "5",
      "fund_manager_total_exp": "5",
      "load_entry": "5",
      "load_exit": "5",
      "main_scheme_name": "5",
      "metrics_mod_duration": "5",
      "metrics_port_turnover_ratio": "5",
      "min_addl_amt": "5",
      "min_addl_amt_multiple": "5",
      "min_amt": "5",
      "min_amt_multiple": "5",
      "monthly_aaum_date": "5",
      "monthly_aaum_value": "5",
      "mutual_fund_name": "5",
      "scheme_launch_date": "5"
     }
    ],
    "fund_manager": [
     {
      "managing_fund_since": "inception",
      "name": "Mr. Alok Bahl",
      "qualification": "",
      "total_exp": "32 years"
     },
     {
      "managing_fund_since": "inception",
      "name": "Mr. Pratik Singh",
      "qualification": "",
      "total_exp": "10 years"
     }
    ],
    "load": [
     {
      "comment": "NA",
      "type": "entry"
     },
     {
      "comment": "(i) If units redeemed or switched out are upto 10% (limit) of the units purchased or switched in within 3 months from the date of allotment - Nil (ii) If units redeemed or switched out are over and above the limit within 3 months from the date of allotment - 1% of the applicable NAV (iii) If redeemed/switched out after 3 months from the date of allotment - Nil Face Value per Unit: Rs. 10",
      "type": "exit"
     }
    ],
    "main_scheme_name": "Helios Financial Services Fund",
    "metrics": [
     {
      "name": "port_turnover_ratio",
      "value": "0.51"
     },
     {
      "name": "mod_duration",
      "value": "500"
     }
    ],
    "min_addl_amt": "1,000",
    "min_addl_amt_multiple": "1",
    "min_amt": "5,000",
    "min_amt_multiple": "1",
    "monthly_aaum_date": "20250331",
    "monthly_aaum_value": "₹ 143.66 Crores",
    "mutual_fund_name": "Helios Mutual Fund",
    "scheme_launch_date": "20240624"
   }
  },
  {
   "value": {
    "amc_name": "Helios Capital Asset Management Limited",
    "benchmark_index": [
     "NIFTY Large Midcap 250 Total Return Index (TRI)"
    ],
    "field_location": [
     {
      "amc_name": "7",
      "benchmark_index": "7",
      "count": 6,
      "fund_manager_managing_fund_since": "7",
      "fund_manager_name": "7",
      "fund_manager_total_exp": "7",
      "load_entry": "7",
      "load_exit": "7",
      "main_scheme_name": "7",
      "metrics_port_turnover_ratio": "7",
      "min_addl_amt": "7",
      "min_addl_amt_multiple": "7",
      "min_amt": "7",
      "min_amt_multiple": "7",
      "monthly_aaum_date": "7",
      "monthly_aaum_value": "7",
      "mutual_fund_name": "7",
      "scheme_launch_date": "7"
     }
    ],
    "fund_manager": [
     {
      "managing_fund_since": "inception",
      "name": "Mr. Alok Bahl",
      "qualification": "",
      "total_exp": "32 years"
     },
     {
      "managing_fund_since": "inception",
      "name": "Mr. Pratik Singh",
      "qualification": "",
      "total_exp": "10 years"
     }
    ],
    "load": [
     {
      "comment": "NA",
      "type": "entry"
     },
     {
      "comment": "i) If units redeemed or switched out are upto 10% (limit) of the units purchased or switched in within 3 months from the date of allotment - Nil (ii) If units redeemed or switched out are over and above the limit within 3 months from thedate of allotment - 1% of the applicable NAV (iii) If redeemed/switched out after 3 months from the date of allotment - Nil Face Value per Unit: Rs. 10",
      "type": "exit"
     }
    ],
    "main_scheme_name": "Helios Large & Mid Cap Fund",
    "metrics": [
     {
      "name": "port_turnover_ratio",
      "value": "0.28"
     }
    ],
    "min_addl_amt": "1,000",
    "min_addl_amt_multiple": "1",
    "min_amt": "5,000",
    "min_amt_multiple": "1",
    "monthly_aaum_date": "20250331",
    "monthly_aaum_value": "₹ 255.42 Crores",
    "mutual_fund_name": "Helios Mutual Fund",
    "scheme_launch_date": "20241030"
   }
  },
  {
   "value": {
    "amc_name": "Helios Capital Asset Management Limited",
    "benchmark_index": [
     "CRISIL Hybrid 50+50 - Moderate Total Return Reliance Industries Ltd. Index (TRI) HDFC Bank Ltd."
    ],
    "field_location": [
     {
      "amc_name": "9",
      "benchmark_index": "9",
      "count": 6,
      "fund_manager_managing_fund_since": "9",
      "fund_manager_name": "9",
      "fund_manager_total_exp": "9",
      "load_entry": "9",
      "load_exit": "9",
      "main_scheme_name": "9",
      "metrics_mod_duration": "9",
      "metrics_port_turnover_ratio": "9",
      "min_addl_amt": "9",
      "min_addl_amt_multiple": "9",
      "min_amt": "9",
      "min_amt_multiple": "9",
      "monthly_aaum_date": "9",
      "monthly_aaum_value": "9",
      "mutual_fund_name": "9",
      "scheme_launch_date": "9"
     }
    ],
    "fund_manager": [
     {
      "managing_fund_since": "inception",
      "name": "Mr. Alok Bahl",
      "qualification": "",
      "total_exp": "32 years"
     },
     {
      "managing_fund_since": "inception",
      "name": "Inception Bharat",
      "qualification": "",
      "total_exp": "11 years"
     },
     {
      "managing_fund_since": "inception",
      "name": "Petroleum Corporation Ltd",
      "qualification": "",
      "total_exp": ""
     },
     {
      "managing_fund_since": "",
      "name": "Communications Ltd",
      "qualification": "",
      "total_exp": ""
     },
     {
      "managing_fund_since": "",
      "name": "Mr. Pratik Singh",
      "qualification": "",
      "total_exp": ""
     },
     {
      "managing_fund_since": "",
      "name": "Varun Beverages Ltd",
      "qualification": "",
      "total_exp": ""
     },
     {
      "managing_fund_since": "",
      "name": "Bharti Airtel Ltd",
      "qualification": "",
      "total_exp": ""
     },
     {
      "managing_fund_since": "",
      "name": "Adani Enterprises Ltd",
      "qualification": "",
      "total_exp": ""
     },
     {
      "managing_fund_since": "",
      "name": "Mr. Utssav Modi",
      "qualification": "",
      "total_exp": ""
     },
     {
      "managing_fund_since": "",
      "name": "Aditya Fashion",
      "qualification": "",
      "total_exp": ""
     },
     {
      "managing_fund_since": "",
      "name": "And Retail Ltd",
      "qualification": "",
      "total_exp": ""
     },
     {
      "managing_fund_since": "",
      "name": "State Bank Of",
      "qualification": "",
      "total_exp": ""
     }
    ],
    "load": [
     {
      "comment": "NA Shriram Finance Ltd.",
      "type": "entry"
     },
     {
      "comment": "(i) If units redeemed or switched out are upto 10% DLF Ltd. (limit) of the units purchased or switched in within 3 months Bharat Electronics Ltd. from the date of allotment - Nil NTPC Ltd. KPIT Technologies Ltd. (ii) If units redeemed or switched out are over and above Indegene Ltd. the limit within 3 months from the date of allotment - 1% of PNB Housing Finance Ltd. the applicable NAV Bajaj Auto Ltd. (iii) If units are redeemed/switched out after 3 months from Torrent Pharmaceuticals Ltd. the date of allotment - Nil Titan Company Ltd. HDFC Asset Management Co. Ltd. Face Value per Unit: Rs. 10 Manappuram Finance Ltd. ABB India Ltd.",
      "type": "exit"
     }
    ],
    "main_scheme_name": "Helios Balanced Advantage Fund",
    "metrics": [
     {
      "name": "port_turnover_ratio",
      "value": "6.77"
     },
     {
      "name": "mod_duration",
      "value": "50"
     }
    ],
    "min_addl_amt": "Rs 1,000",
    "min_addl_amt_multiple": "1",
    "min_amt": "5,000",
    "min_amt_multiple": "1",
    "monthly_aaum_date": "20250331",
    "monthly_aaum_value": "₹ 287.41 Crores",
    "mutual_fund_name": "Helios Mutual Fund",
    "scheme_launch_date": "20240327"
   }
  },
  {
   "value": {
    "amc_name": "Helios Capital Asset Management Limited",
    "benchmark_index": [
     "NIFTY Midcap 150 Total Return Index (TRI)"
    ],
    "field_location": [
     {
      "amc_name": "11",
      "benchmark_index": "11",
      "count": 6,
      "fund_manager_managing_fund_since": "11",
      "fund_manager_name": "11",
      "fund_manager_total_exp": "11",
      "load_entry": "11",
      "load_exit": "11",
      "main_scheme_name": "11",
      "metrics_port_turnover_ratio": "11",
      "min_addl_amt": "11",
      "min_addl_amt_multiple": "11",
      "min_amt": "11",
      "min_amt_multiple": "11",
      "monthly_aaum_date": "11",
      "monthly_aaum_value": "11",
      "mutual_fund_name": "11",
      "scheme_launch_date": "11"
     }
    ],
    "fund_manager": [
     {
      "managing_fund_since": "inception",
      "name": "Mr. Alok Bahl",
      "qualification": "",
      "total_exp": "32 years"
     },
     {
      "managing_fund_since": "inception",
      "name": "Mr. Pratik Singh",
      "qualification": "",
      "total_exp": "10 years"
     }
    ],
    "load": [
     {
      "comment": "NA",
      "type": "entry"
     },
     {
      "comment": "(i) If units redeemed or switched out are upto 10% (limit) of the units purchased or switched in within 3 months from the date of allotment-Ni (ii) If units redeemed or switched out are over and above the limit within 3 months from the date of allotment of the applicable NAV - 1% of the applicable NAV (iii) If redeemed/switched out after 3 months from the date of allotment-Nil Face Value per Unit: Rs. 10",
      "type": "exit"
     }
    ],
    "main_scheme_name": "Helios Mid Cap Fund",
    "metrics": [
     {
      "name": "port_turnover_ratio",
      "value": "0.00"
     }
    ],
    "min_addl_amt": "1,000",
    "min_addl_amt_multiple": "1",
    "min_amt": "5,000",
    "min_amt_multiple": "1",
    "monthly_aaum_date": "20250331",
    "monthly_aaum_value": "₹ 51.04 Crores",
    "mutual_fund_name": "Helios Mutual Fund",
    "scheme_launch_date": "20250313"
   }
  },
  {
   "value": {
    "amc_name": "Helios Capital Asset Management Limited",
    "benchmark_index": [
     "CRISIL Liquid Overnight Index"
    ],
    "field_location": [
     {
      "amc_name": "13",
      "benchmark_index": "13",
      "count": 6,
      "fund_manager_managing_fund_since": "13",
      "fund_manager_name": "13",
      "fund_manager_total_exp": "13",
      "load_entry": "13",
      "load_exit": "13",
      "main_scheme_name": "13",
      "metrics_avg_maturity": "13",
      "metrics_macaulay": "13",
      "metrics_mod_duration": "13",
      "metrics_ytm": "13",
      "min_addl_amt": "13",
      "min_addl_amt_multiple": "13",
      "min_amt": "13",
      "min_amt_multiple": "13",
      "monthly_aaum_date": "13",
      "monthly_aaum_value": "13",
      "mutual_fund_name": "13",
      "scheme_launch_date": "13"
     }
    ],
    "fund_manager": [
     {
      "managing_fund_since": "inception",
      "name": "Mr. Alok Bahl",
      "qualification": "",
      "total_exp": "32 years"
     },
     {
      "managing_fund_since": "inception",
      "name": "Mr. Utssav Modi",
      "qualification": "",
      "total_exp": "11 years"
     }
    ],
    "load": [
     {
      "comment": "NA",
      "type": "entry"
     },
     {
      "comment": "NIL Face Value per Unit: Rs. 1,000",
      "type": "exit"
     }
    ],
    "main_scheme_name": "Helios Overnight Fund",
    "metrics": [
     {
      "name": "ytm",
      "value": "6.80%"
     },
     {
      "name": "mod_duration",
      "value": "11 years"
     },
     {
      "name": "avg_maturity",
      "value": "1 day"
     },
     {
      "name": "macaulay",
      "value": "1 day"
     }
    ],
    "min_addl_amt": "Rs 1,000",
    "min_addl_amt_multiple": "1",
    "min_amt": "5,000",
    "min_amt_multiple": "1",
    "monthly_aaum_date": "20250331",
    "monthly_aaum_value": "₹ 156.44 Crores",
    "mutual_fund_name": "Helios Mutual Fund",
    "scheme_launch_date": "20231025"
   }
  }
 ]
}