{
 "metadata": {
  "document_name": "11_31-Mar-25_FS.pdf",
  "file_type": "fs",
  "process_date": "20250416"
 },
 "records": [
  {
   "value": {
    "amc_name": "Franklin Templeton Asset Management (India) Private Limited",
    "benchmark_index": [
     "NIFTY 500 Multicap 50:25:25 TRI"
    ],
    "field_location": [
     {
      "amc_name": "17",
      "benchmark_index": "17",
      "count": 36,
      "fund_manager_name": "17",
      "load_entry": "17",
      "load_exit": "17",
      "main_scheme_name": "17",
      "metrics_port_turnover_ratio": "17",
      "min_addl_amt": "17",
      "min_addl_amt_multiple": "17",
      "min_amt": "17",
      "min_amt_multiple": "17",
      "monthly_aaum_date": "17",
      "monthly_aaum_value": "17",
      "mutual_fund_name": "17",
      "scheme_launch_date": "17"
     }
    ],
    "fund_manager": [
     {
      "managing_fund_since": "",
      "name": "Kiran Sebastian",
      "qualification": "",
      "total_exp": ""
     },
     {
      "managing_fund_since": "",
      "name": "Akhil Kalluri",
      "qualification": "",
      "total_exp": ""
     },
     {
      "managing_fund_since": "",
      "name": "R. Janakiraman",
      "qualification": "",
      "total_exp": ""
     },
     {
      "managing_fund_since": "",
      "name": "Sandeep Manam",
      "qualification": "",
      "total_exp": ""
     }
    ],
    "load": [
     {
      "comment": "Nil",
      "type": "entry"
     },
     {
      "comment": "(for each purchase of Units) In respect of each purchase of Units - 1% if the Units are redeemed/switched-out within one year of allotment.",
      "type": "exit"
     }
    ],
    "main_scheme_name": "Franklin India Multi Cap Fund",
    "metrics": [
     {
      "name": "port_turnover_ratio",
      "value": "28.12"
     }
    ],
    "min_addl_amt": "1000",
    "min_addl_amt_multiple": "1",
    "min_amt": "5000",
    "min_amt_multiple": "1",
    "monthly_aaum_date": "20250331",
    "monthly_aaum_value": "4277.85 crores",
    "mutual_fund_name": "Franklin Templeton Mutual Fund",
    "scheme_launch_date": "20240729"
   }
  },
  {
   "value": {
    "amc_name": "Franklin Templeton Asset Management (India) Private Limited",
    "benchmark_index": [
     "Nifty 100"
    ],
    "field_location": [
     {
      "amc_name": "18",
      "benchmark_index": "18",
      "count": 36,
      "fund_manager_managing_fund_since": "18",
      "fund_manager_name": "18",
      "load_entry": "18",
      "load_exit": "18",
      "main_scheme_name": "18",
      "metrics_beta": "18",
      "metrics_port_turnover_ratio": "18",
      "metrics_sharpe": "18",
      "metrics_std_dev": "18",
      "min_addl_amt": "18",
      "min_addl_amt_multiple": "18",
      "min_amt": "18",
      "min_amt_multiple": "18",
      "monthly_aaum_date": "18",
      "monthly_aaum_value": "18",
      "mutual_fund_name": "18",
      "scheme_launch_date": "18"
     }
    ],
    "fund_manager": [
     {
      "managing_fund_since": "december 1, 2023",
      "name": "Venkatesh Sanjeevi",
      "qualification": "",
      "total_exp": ""
     },
     {
      "managing_fund_since": "",
      "name": "Ajay Argal",
      "qualification": "",
      "total_exp": ""
     },
     {
      "managing_fund_since": "",
      "name": "Sandeep Manam",
      "qualification": "",
      "total_exp": ""
     }
    ],
    "load": [
     {
      "comment": "Nil",
      "type": "entry"
     },
     {
      "comment": "(for each purchase of Units) In respect of each purchase of Units - 1% if the Units are redeemed/switched-out within one year of allotment",
      "type": "exit"
     }
    ],
    "main_scheme_name": "Franklin India Bluechip Fund",
    "metrics": [
     {
      "name": "sharpe",
      "value": "0.35"
     },
     {
      "name": "std_dev",
      "value": "3.73%"
     },
     {
      "name": "beta",
      "value": "0.86"
     },
     {
      "name": "port_turnover_ratio",
      "value": "89.12"
     }
    ],
    "min_addl_amt": "1000",
    "min_addl_amt_multiple": "1",
    "min_amt": "5000",
    "min_amt_multiple": "1",
    "monthly_aaum_date": "20250331",
    "monthly_aaum_value": "7138.52 crores",
    "mutual_fund_name": "Franklin Templeton Mutual Fund",
    "scheme_launch_date": "19931201"
   }
  },
  {
   "value": {
    "amc_name": "Franklin Templeton Asset Management (India) Private Limited",
    "benchmark_index": [
     "Nifty 500"
    ],
    "field_location": [
     {
      "amc_name": "19",
      "benchmark_index": "19",
      "count": 36,
      "fund_manager_managing_fund_since": "19",
      "fund_manager_name": "19",
      "load_entry": "19",
      "load_exit": "19",
      "main_scheme_name": "19",
      "metrics_beta": "19",
      "metrics_port_turnover_ratio": "19",
      "metrics_sharpe": "19",
      "metrics_std_dev": "19",
      "min_addl_amt": "19",
      "min_addl_amt_multiple": "19",
      "min_amt": "19",
      "min_amt_multiple": "19",
      "monthly_aaum_date": "19",
      "monthly_aaum_value": "19",
      "mutual_fund_name": "19",
      "scheme_launch_date": "19"
     }
    ],
    "fund_manager": [
     {
      "managing_fund_since": "december 1, 2023",
      "name": "R. Janakiraman",
      "qualification": "",
      "total_exp": ""
     },
     {
      "managing_fund_since": "",
      "name": "Rajasa Kakulavarapu",
      "qualification": "",
      "total_exp": ""
     },
     {
      "managing_fund_since": "",
      "name": "Sandeep Manam",
      "qualification": "",
      "total_exp": ""
     }
    ],
    "load": [
     {
      "comment": "Nil",
      "type": "entry"
     },
     {
      "comment": "(for each purchase of Units) In respect of each purchase of Units - 1% if the Units are redeemed/switched-out within one year of allotment",
      "type": "exit"
     }
    ],
    "main_scheme_name": "Franklin India Flexi Cap Fund",
    "metrics": [
     {
      "name": "sharpe",
      "value": "0.71"
     },
     {
      "name": "std_dev",
      "value": "3.99%"
     },
     {
      "name": "beta",
      "value": "0.89"
     },
     {
      "name": "port_turnover_ratio",
      "value": "3"
     }
    ],
    "min_addl_amt": "1000",
    "min_addl_amt_multiple": "1",
    "min_amt": "5000",
    "min_amt_multiple": "1",
    "monthly_aaum_date": "20250331",
    "monthly_aaum_value": "16835.19 crores",
    "mutual_fund_name": "Franklin Templeton Mutual Fund",
    "scheme_launch_date": "19940929"
   }
  },
  {
   "value": {
    "amc_name": "Franklin Templeton Asset Management (India) Private Limited",
    "benchmark_index": [
     "Nifty LargeMidcap 250"
    ],
    "field_location": [
     {
      "amc_name": "20",
      "benchmark_index": "20",
      "count": 36,
      "fund_manager_name": "20",
      "load_entry": "20",
      "load_exit": "20",
      "main_scheme_name": "20",
      "metrics_beta": "20",
      "metrics_port_turnover_ratio": "20",
      "metrics_sharpe": "20",
      "metrics_std_dev": "20",
      "min_addl_amt": "20",
      "min_addl_amt_multiple": "20",
      "min_amt": "20",
      "min_amt_multiple": "20",
      "monthly_aaum_date": "20",
      "monthly_aaum_value": "20",
      "mutual_fund_name": "20",
      "scheme_launch_date": "20"
     }
    ],
    "fund_manager": [
     {
      "managing_fund_since": "",
      "name": "Venkatesh Sanjeevi",
      "qualification": "",
      "total_exp": ""
     },
     {
      "managing_fund_since": "",
      "name": "R. Janakiraman",
      "qualification": "",
      "total_exp": ""
     },
     {
      "managing_fund_since": "",
      "name": "Sandeep Manam",
      "qualification": "",
      "total_exp": ""
     }
    ],
    "load": [
     {
      "comment": "Nil",
      "type": "entry"
     },
     {
      "comment": "(for each purchase of Units) In respect of each purchase of Units - 1% if the Units are redeemed/switched-out within one year of allotment",
      "type": "exit"
     }
    ],
    "main_scheme_name": "Franklin India Equity Advantage Fund",
    "metrics": [
     {
      "name": "sharpe",
      "value": "0.42"
     },
     {
      "name": "std_dev",
      "value": "4.09%"
     },
     {
      "name": "beta",
      "value": "0.87"
     },
     {
      "name": "port_turnover_ratio",
      "value": "3"
     }
    ],
    "min_addl_amt": "1000",
    "min_addl_amt_multiple": "1",
    "min_amt": "5000",
    "min_amt_multiple": "1",
    "monthly_aaum_date": "20250331",
    "monthly_aaum_value": "3205.47 crores",
    "mutual_fund_name": "Franklin Templeton Mutual Fund",
    "scheme_launch_date": "20050302"
   }
  },
  {
   "value": {
    "amc_name": "Franklin Templeton Asset Management (India) Private Limited",
    "benchmark_index": [
     "Nifty 500"
    ],
    "field_location": [
     {
      "amc_name": "21",
      "benchmark_index": "21",
      "count": 36,
      "fund_manager_managing_fund_since": "21",
      "fund_manager_name": "21",
      "load_entry": "21",
      "load_exit": "21",
      "main_scheme_name": "21",
      "metrics_beta": "21",
      "metrics_port_turnover_ratio": "21",
      "metrics_sharpe": "21",
      "metrics_std_dev": "21",
      "min_addl_amt": "21",
      "min_addl_amt_multiple": "21",
      "min_amt": "21",
      "min_amt_multiple": "21",
      "monthly_aaum_date": "21",
      "monthly_aaum_value": "21",
      "mutual_fund_name": "21",
      "scheme_launch_date": "21"
     }
    ],
    "fund_manager": [
     {
      "managing_fund_since": "december 1, 2023",
      "name": "R. Janakiraman",
      "qualification": "",
      "total_exp": ""
     },
     {
      "managing_fund_since": "",
      "name": "Rajasa Kakulavarapu",
      "qualification": "",
      "total_exp": ""
     }
    ],
    "load": [
     {
      "comment": "Nil",
      "type": "entry"
     },
     {
      "comment": "(for each purchase of Units) Nil Different plans have a different expense structure TAX BENEFITS LOCK-IN-PERIOD Scheme specific risk factors: All investments in Franklin India ELSS Tax Saver Fund are subject to a lock-in-period of 3 years from the date of respective allotment and the unit holders cannot redeem, transfer, assign or pledge the units during this period. The Trustee, AMC, their directors of their employees shall not be liable for any of the tax consequences that may arise, in the event that the equity Linked Saving Scheme is wound up before the completion of the lock-in period. Investors are requested to review the prospectus carefully and obtain expert professional advice with regard to specific legal, tax and financial implications of the investment/participation in the scheme",
      "type": "exit"
     }
    ],
    "main_scheme_name": "Franklin India ELSS Tax Saver Fund",
    "metrics": [
     {
      "name": "sharpe",
      "value": "0.73"
     },
     {
      "name": "std_dev",
      "value": "4.06%"
     },
     {
      "name": "beta",
      "value": "0.91"
     },
     {
      "name": "port_turnover_ratio",
      "value": "22.95"
     }
    ],
    "min_addl_amt": "500",
    "min_addl_amt_multiple": "500",
    "min_amt": "500",
    "min_amt_multiple": "500",
    "monthly_aaum_date": "20250331",
    "monthly_aaum_value": "6182.72 crores",
    "mutual_fund_name": "Franklin Templeton Mutual Fund",
    "scheme_launch_date": "19990410"
   }
  },
  {
   "value": {
    "amc_name": "Franklin Templeton Asset Management (India) Private Limited",
    "benchmark_index": [
     "Nifty 500"
    ],
    "field_location": [
     {
      "amc_name": "22",
      "benchmark_index": "22",
      "count": 36,
      "fund_manager_managing_fund_since": "22",
      "fund_manager_name": "22",
      "load_entry": "22",
      "load_exit": "22",
      "main_scheme_name": "22",
      "metrics_beta": "22",
      "metrics_port_turnover_ratio": "22",
      "metrics_sharpe": "22",
      "metrics_std_dev": "22",
      "min_addl_amt": "22",
      "min_addl_amt_multiple": "22",
      "min_amt": "22",
      "min_amt_multiple": "22",
      "monthly_aaum_date": "22",
      "monthly_aaum_value": "22",
      "mutual_fund_name": "22",
      "scheme_launch_date": "22"
     }
    ],
    "fund_manager": [
     {
      "managing_fund_since": "october 4, 2024",
      "name": "Ajay Argal",
      "qualification": "",
      "total_exp": ""
     },
     {
      "managing_fund_since": "",
      "name": "Venkatesh Sanjeevi",
      "qualification": "",
      "total_exp": ""
     },
     {
      "managing_fund_since": "",
      "name": "Sandeep Manam",
      "qualification": "",
      "total_exp": ""
     }
    ],
    "load": [
     {
      "comment": "Nil",
      "type": "entry"
     },
     {
      "comment": "(for each purchase of Units) 1% if redeemed/switched- out within one year of allotment.",
      "type": "exit"
     }
    ],
    "main_scheme_name": "Franklin India Focused Equity Fund",
    "metrics": [
     {
      "name": "sharpe",
      "value": "0.59"
     },
     {
      "name": "std_dev",
      "value": "3.87%"
     },
     {
      "name": "beta",
      "value": "0.85"
     },
     {
      "name": "port_turnover_ratio",
      "value": "3"
     }
    ],
    "min_addl_amt": "1000",
    "min_addl_amt_multiple": "1",
    "min_amt": "5000",
    "min_amt_multiple": "1",
    "monthly_aaum_date": "20250331",
    "monthly_aaum_value": "11161.37 crores",
    "mutual_fund_name": "Franklin Templeton Mutual Fund",
    "scheme_launch_date": "20070726"
   }
  },
  {
   "value": {
    "amc_name": "Franklin Templeton Asset Management (India) Private Limited",
    "benchmark_index": [
     "# Tier I - Nifty 500 Index"
    ],
    "field_location": [
     {
      "amc_name": "23",
      "benchmark_index": "23",
      "count": 36,
      "fund_manager_managing_fund_since": "23",
      "fund_manager_name": "23",
      "load_entry": "23",
      "load_exit": "23",
      "main_scheme_name": "23",
      "metrics_beta": "23",
      "metrics_port_turnover_ratio": "23",
      "metrics_sharpe": "23",
      "metrics_std_dev": "23",
      "min_addl_amt": "23",
      "min_addl_amt_multiple": "23",
      "min_amt": "23",
      "min_amt_multiple": "23",
      "monthly_aaum_date": "23",
      "monthly_aaum_value": "23",
      "mutual_fund_name": "23",
      "scheme_launch_date": "23"
     }
    ],
    "fund_manager": [
     {
      "managing_fund_since": "december 1, 2023",
      "name": "Ajay Argal",
      "qualification": "",
      "total_exp": ""
     },
     {
      "managing_fund_since": "",
      "name": "Rajasa Kakulavarapu",
      "qualification": "",
      "total_exp": ""
     }
    ],
    "load": [
     {
      "comment": "Nil",
      "type": "entry"
     },
     {
      "comment": "(for each purchase of Units) In respect of each purchase of Units - 1% if the Units are redeemed/switched-out within one year of allotment",
      "type": "exit"
     }
    ],
    "main_scheme_name": "Templeton India Value Fund",
    "metrics": [
     {
      "name": "sharpe",
      "value": "0.80"
     },
     {
      "name": "std_dev",
      "value": "4.02%"
     },
     {
      "name": "beta",
      "value": "0.72"
     },
     {
      "name": "port_turnover_ratio",
      "value": "3"
     }
    ],
    "min_addl_amt": "1000",
    "min_addl_amt_multiple": "1",
    "min_amt": "5000",
    "min_amt_multiple": "1",
    "monthly_aaum_date": "20250331",
    "monthly_aaum_value": "2028.54 crores",
    "mutual_fund_name": "Franklin Templeton Mutual Fund",
    "scheme_launch_date": "19960910"
   }
  },
  {
   "value": {
    "amc_name": "Franklin Templeton Asset Management (India) Private Limited",
    "benchmark_index": [
     "has been changed from Nifty Dividend Opportunities 50 to Nifty 500 Index w.e.f August 1, 2023."
    ],
    "field_location": [
     {
      "amc_name": "24",
      "benchmark_index": "24",
      "count": 36,
      "fund_manager_managing_fund_since": "24",
      "fund_manager_name": "24",
      "load_entry": "24",
      "load_exit": "24",
      "main_scheme_name": "24",
      "metrics_average_div_yield": "24",
      "metrics_beta": "24",
      "metrics_port_turnover_ratio": "24",
      "metrics_sharpe": "24",
      "metrics_std_dev": "24",
      "min_addl_amt": "24",
      "min_addl_amt_multiple": "24",
      "min_amt": "24",
      "min_amt_multiple": "24",
      "monthly_aaum_date": "24",
      "monthly_aaum_value": "24",
      "mutual_fund_name": "24",
      "scheme_launch_date": "24"
     }
    ],
    "fund_manager": [
     {
      "managing_fund_since": "december 1, 2023",
      "name": "Rajasa Kakulavarapu",
      "qualification": "",
      "total_exp": ""
     },
     {
      "managing_fund_since": "",
      "name": "Ajay Argal",
      "qualification": "",
      "total_exp": ""
     },
     {
      "managing_fund_since": "",
      "name": "Sandeep Manam",
      "qualification": "",
      "total_exp": ""
     }
    ],
    "load": [
     {
      "comment": "Nil",
      "type": "entry"
     },
     {
      "comment": "(for each purchase of Units) In respect of each purchase of Units - 1% if the Units are redeemed/switched-out within one year of allotment",
      "type": "exit"
     }
    ],
    "main_scheme_name": "Templeton India Equity Income Fund",
    "metrics": [
     {
      "name": "sharpe",
      "value": "0.77"
     },
     {
      "name": "std_dev",
      "value": "3.81%"
     },
     {
      "name": "beta",
      "value": "0.82"
     },
     {
      "name": "port_turnover_ratio",
      "value": "3"
     },
     {
      "name": "average_div_yield",
      "value": "360"
     }
    ],
    "min_addl_amt": "1000",
    "min_addl_amt_multiple": "1",
    "min_amt": "5000",
    "min_amt_multiple": "1",
    "monthly_aaum_date": "20250331",
    "monthly_aaum_value": "2257.38 crores",
    "mutual_fund_name": "Franklin Templeton Mutual Fund",
    "scheme_launch_date": "20060518"
   }
  },
  {
   "value": {
    "amc_name": "Franklin Templeton Asset Management (India) Private Limited",
    "benchmark_index": [
     "Nifty Midcap 150"
    ],
    "field_location": [
     {
      "amc_name": "25",
      "benchmark_index": "25",
      "count": 36,
      "fund_manager_name": "25",
      "load_entry": "25",
      "load_exit": "25",
      "main_scheme_name": "25",
      "metrics_beta": "25",
      "metrics_port_turnover_ratio": "25",
      "metrics_sharpe": "25",
      "metrics_std_dev": "25",
      "min_addl_amt": "25",
      "min_addl_amt_multiple": "25",
      "min_amt": "25",
      "min_amt_multiple": "25",
      "monthly_aaum_date": "25",
      "monthly_aaum_value": "25",
      "mutual_fund_name": "25",
      "scheme_launch_date": "25"
     }
    ],
    "fund_manager": [
     {
      "managing_fund_since": "",
      "name": "Akhil Kalluri",
      "qualification": "",
      "total_exp": ""
     },
     {
      "managing_fund_since": "",
      "name": "R Janakiraman",
      "qualification": "",
      "total_exp": ""
     },
     {
      "managing_fund_since": "",
      "name": "Sandeep Manam",
      "qualification": "",
      "total_exp": ""
     }
    ],
    "load": [
     {
      "comment": "Nil",
      "type": "entry"
     },
     {
      "comment": "(for each purchase of Units) In respect of each purchase of Units - 1% if the Units are redeemed/switched-out within one year of allotment",
      "type": "exit"
     }
    ],
    "main_scheme_name": "Franklin India Prima Fund",
    "metrics": [
     {
      "name": "sharpe",
      "value": "0.83"
     },
     {
      "name": "std_dev",
      "value": "4.72%"
     },
     {
      "name": "beta",
      "value": "0.90"
     },
     {
      "name": "port_turnover_ratio",
      "value": "3"
     }
    ],
    "min_addl_amt": "1000",
    "min_addl_amt_multiple": "1",
    "min_amt": "5000",
    "min_amt_multiple": "1",
    "monthly_aaum_date": "20250331",
    "monthly_aaum_value": "11055.32 crores",
    "mutual_fund_name": "Franklin Templeton Mutual Fund",
    "scheme_launch_date": "19931201"
   }
  },
  {
   "value": {
    "amc_name": "Franklin Templeton Asset Management (India) Private Limited",
    "benchmark_index": [
     "Nifty Smallcap 250"
    ],
    "field_location": [
     {
      "amc_name": "26",
      "benchmark_index": "26",
      "count": 36,
      "fund_manager_name": "26",
      "load_entry": "26",
      "load_exit": "26",
      "main_scheme_name": "26",
      "metrics_beta": "26",
      "metrics_port_turnover_ratio": "26",
      "metrics_sharpe": "26",
      "metrics_std_dev": "26",
      "min_addl_amt": "26",
      "min_addl_amt_multiple": "26",
      "min_amt": "26",
      "min_amt_multiple": "26",
      "monthly_aaum_date": "26",
      "monthly_aaum_value": "26",
      "mutual_fund_name": "26",
      "scheme_launch_date": "26"
     }
    ],
    "fund_manager": [
     {
      "managing_fund_since": "",
      "name": "Akhil Kalluri",
      "qualification": "",
      "total_exp": ""
     },
     {
      "managing_fund_since": "",
      "name": "R Janakiraman",
      "qualification": "",
      "total_exp": ""
     },
     {
      "managing_fund_since": "",
      "name": "Sandeep Manam",
      "qualification": "",
      "total_exp": ""
     }
    ],
    "load": [
     {
      "comment": "Nil",
      "type": "entry"
     },
     {
      "comment": "(for each purchase of Units) 1% if the Units are redeemed/switched-out within one year of allotment",
      "type": "exit"
     }
    ],
    "main_scheme_name": "Franklin India Smaller Companies Fund",
    "metrics": [
     {
      "name": "sharpe",
      "value": "0.71"
     },
     {
      "name": "std_dev",
      "value": "5.04%"
     },
     {
      "name": "beta",
      "value": "0.80"
     },
     {
      "name": "port_turnover_ratio",
      "value": "23.87"
     }
    ],
    "min_addl_amt": "1000",
    "min_addl_amt_multiple": "1",
    "min_amt": "5000",
    "min_amt_multiple": "1",
    "monthly_aaum_date": "20250331",
    "monthly_aaum_value": "11672.95 crores",
    "mutual_fund_name": "Franklin Templeton Mutual Fund",
    "scheme_launch_date": "20060113"
   }
  },
  {
   "value": {
    "amc_name": "Franklin Templeton Asset Management (India) Private Limited",
    "benchmark_index": [
     "BSE India Infrastructure Index The Benchmark name is renamed from S&P BSE"
    ],
    "field_location": [
     {
      "amc_name": "27",
      "benchmark_index": "27",
      "count": 36,
      "fund_manager_name": "27",
      "load_entry": "27",
      "load_exit": "27",
      "main_scheme_name": "27",
      "metrics_beta": "27",
      "metrics_port_turnover_ratio": "27",
      "metrics_sharpe": "27",
      "metrics_std_dev": "27",
      "min_addl_amt": "27",
      "min_addl_amt_multiple": "27",
      "min_amt": "27",
      "min_amt_multiple": "27",
      "monthly_aaum_date": "27",
      "monthly_aaum_value": "27",
      "mutual_fund_name": "27",
      "scheme_launch_date": "27"
     }
    ],
    "fund_manager": [
     {
      "managing_fund_since": "",
      "name": "Ajay Argal",
      "qualification": "",
      "total_exp": ""
     },
     {
      "managing_fund_since": "",
      "name": "Kiran Sebastian",
      "qualification": "",
      "total_exp": ""
     },
     {
      "managing_fund_since": "",
      "name": "Sandeep Manam",
      "qualification": "",
      "total_exp": ""
     }
    ],
    "load": [
     {
      "comment": "Nil",
      "type": "entry"
     },
     {
      "comment": "(for each purchase of Units) 1% if redeemed/switched- out within one year of allotment.",
      "type": "exit"
     }
    ],
    "main_scheme_name": "Franklin Build India Fund",
    "metrics": [
     {
      "name": "sharpe",
      "value": "1.21"
     },
     {
      "name": "std_dev",
      "value": "4.79%"
     },
     {
      "name": "beta",
      "value": "0.55"
     },
     {
      "name": "port_turnover_ratio",
      "value": "3"
     }
    ],
    "min_addl_amt": "1000",
    "min_addl_amt_multiple": "1",
    "min_amt": "5000",
    "min_amt_multiple": "1",
    "monthly_aaum_date": "20250331",
    "monthly_aaum_value": "2539.59 crores",
    "mutual_fund_name": "Franklin Templeton Mutual Fund",
    "scheme_launch_date": "20090904"
   }
  },
  {
   "value": {
    "amc_name": "Franklin Templeton Asset Management (India) Private Limited",
    "benchmark_index": [
     "Nifty 500"
    ],
    "field_location": [
     {
      "amc_name": "28",
      "benchmark_index": "28",
      "count": 36,
      "fund_manager_name": "28",
      "load_entry": "28",
      "load_exit": "28",
      "main_scheme_name": "28",
      "metrics_beta": "28",
      "metrics_port_turnover_ratio": "28",
      "metrics_sharpe": "28",
      "metrics_std_dev": "28",
      "min_addl_amt": "28",
      "min_addl_amt_multiple": "28",
      "min_amt": "28",
      "min_amt_multiple": "28",
      "monthly_aaum_date": "28",
      "monthly_aaum_value": "28",
      "mutual_fund_name": "28",
      "scheme_launch_date": "28"
     }
    ],
    "fund_manager": [
     {
      "managing_fund_since": "",
      "name": "Kiran Sebastian",
      "qualification": "",
      "total_exp": ""
     },
     {
      "managing_fund_since": "",
      "name": "R Janakiraman",
      "qualification": "",
      "total_exp": ""
     },
     {
      "managing_fund_since": "",
      "name": "Sandeep Manam",
      "qualification": "",
      "total_exp": ""
     }
    ],
    "load": [
     {
      "comment": "Nil",
      "type": "entry"
     },
     {
      "comment": "(for each purchase of Units) In respect of each purchase of Units - 1% if the Units are redeemed/switched-out within one year of allotment",
      "type": "exit"
     }
    ],
    "main_scheme_name": "Franklin India Opportunities Fund",
    "metrics": [
     {
      "name": "sharpe",
      "value": "1.18"
     },
     {
      "name": "std_dev",
      "value": "4.85%"
     },
     {
      "name": "beta",
      "value": "0.98"
     },
     {
      "name": "port_turnover_ratio",
      "value": "3"
     }
    ],
    "min_addl_amt": "1000",
    "min_addl_amt_multiple": "1",
    "min_amt": "5000",
    "min_amt_multiple": "1",
    "monthly_aaum_date": "20250331",
    "monthly_aaum_value": "5802.41 crores",
    "mutual_fund_name": "Franklin Templeton Mutual Fund",
    "scheme_launch_date": "20000221"
   }
  },
  {
   "value": {
    "amc_name": "Franklin Templeton Asset Management (India) Private Limited",
    "benchmark_index": [
     "BSE Teck (w.e.f. 01st June, 2024)"
    ],
    "field_location": [
     {
      "amc_name": "29",
      "benchmark_index": "29",
      "count": 36,
      "fund_manager_managing_fund_since": "29",
      "fund_manager_name": "29",
      "load_entry": "29",
      "load_exit": "29",
      "main_scheme_name": "29",
      "metrics_beta": "29",
      "metrics_port_turnover_ratio": "29",
      "metrics_sharpe": "29",
      "metrics_std_dev": "29",
      "min_addl_amt": "29",
      "min_addl_amt_multiple": "29",
      "min_amt": "29",
      "min_amt_multiple": "29",
      "monthly_aaum_date": "29",
      "monthly_aaum_value": "29",
      "mutual_fund_name": "29",
      "scheme_launch_date": "29"
     }
    ],
    "fund_manager": [
     {
      "managing_fund_since": "december 1, 2023",
      "name": "R. Janakiraman",
      "qualification": "",
      "total_exp": ""
     },
     {
      "managing_fund_since": "october 4, 2024",
      "name": "Venkatesh Sanjeevi",
      "qualification": "",
      "total_exp": ""
     },
     {
      "managing_fund_since": "",
      "name": "Sandeep Manam",
      "qualification": "",
      "total_exp": ""
     }
    ],
    "load": [
     {
      "comment": "Nil",
      "type": "entry"
     },
     {
      "comment": "(for each purchase of Units) 1% if redeemed/switched- out within one year of allotment.",
      "type": "exit"
     }
    ],
    "main_scheme_name": "Franklin India Technology Fund",
    "metrics": [
     {
      "name": "sharpe",
      "value": "0.27"
     },
     {
      "name": "std_dev",
      "value": "5.27%"
     },
     {
      "name": "beta",
      "value": "0.89"
     },
     {
      "name": "port_turnover_ratio",
      "value": "61.16"
     }
    ],
    "min_addl_amt": "1000",
    "min_addl_amt_multiple": "1",
    "min_amt": "5000",
    "min_amt_multiple": "1",
    "monthly_aaum_date": "20250331",
    "monthly_aaum_value": "1771.15 crores",
    "mutual_fund_name": "Franklin Templeton Mutual Fund",
    "scheme_launch_date": "19980822"
   }
  },
  {
   "value": {
    "amc_name": "Franklin Templeton Asset Management (India) Private Limited",
    "benchmark_index": [
     "Russell 3000 Growth Index"
    ],
    "field_location": [
     {
      "amc_name": "30",
      "benchmark_index": "30",
      "count": 36,
      "fund_manager_name": "30",
      "load_entry": "30",
      "load_exit": "30",
      "main_scheme_name": "30",
      "min_addl_amt": "30",
      "min_addl_amt_multiple": "30",
      "min_amt": "30",
      "min_amt_multiple": "30",
      "monthly_aaum_date": "30",
      "monthly_aaum_value": "30",
      "mutual_fund_name": "30",
      "scheme_launch_date": "30"
     }
    ],
    "fund_manager": [
     {
      "managing_fund_since": "",
      "name": "Sandeep Manam",
      "qualification": "",
      "total_exp": ""
     },
     {
      "managing_fund_since": "",
      "name": "Grant Bowers",
      "qualification": "",
      "total_exp": ""
     },
     {
      "managing_fund_since": "",
      "name": "Sara Araghi",
      "qualification": "",
      "total_exp": ""
     }
    ],
    "load": [
     {
      "comment": "Nil",
      "type": "entry"
     },
     {
      "comment": "(for each purchase of Units) 1% if Units are redeemed/switched out within one year from the date of allotment (effective January 15, 2020)",
      "type": "exit"
     }
    ],
    "main_scheme_name": "Franklin India Feeder - Franklin U.S. Opportunities Fund",
    "min_addl_amt": "1000",
    "min_addl_amt_multiple": "1",
    "min_amt": "5,000",
    "min_amt_multiple": "1",
    "monthly_aaum_date": "20250331",
    "monthly_aaum_value": "3608.03 crores",
    "mutual_fund_name": "Franklin Templeton Mutual Fund",
    "scheme_launch_date": "20120206"
   }
  },
  {
   "value": {
    "amc_name": "Franklin Templeton Asset Management (India) Private Limited",
    "benchmark_index": [
     "MSCI Europe Index"
    ],
    "field_location": [
     {
      "amc_name": "31",
      "benchmark_index": "31",
      "count": 36,
      "fund_manager_name": "31",
      "load_entry": "31",
      "load_exit": "31",
      "main_scheme_name": "31",
      "min_addl_amt": "31",
      "min_addl_amt_multiple": "31",
      "min_amt": "31",
      "min_amt_multiple": "31",
      "monthly_aaum_date": "31",
      "monthly_aaum_value": "31",
      "mutual_fund_name": "31",
      "scheme_launch_date": "31"
     }
    ],
    "fund_manager": [
     {
      "managing_fund_since": "",
      "name": "Sandeep Manam",
      "qualification": "",
      "total_exp": ""
     },
     {
      "managing_fund_since": "",
      "name": "Craig Cameron",
      "qualification": "",
      "total_exp": ""
     },
     {
      "managing_fund_since": "",
      "name": "Tian Qiu",
      "qualification": "",
      "total_exp": ""
     },
     {
      "managing_fund_since": "",
      "name": "James Webb",
      "qualification": "",
      "total_exp": ""
     }
    ],
    "load": [
     {
      "comment": "Nil",
      "type": "entry"
     },
     {
      "comment": "(for each purchase of Units) 1% if the Units are redeemed/ switched out within one year from the date of allotment (effective January 15, 2020)",
      "type": "exit"
     }
    ],
    "main_scheme_name": "Franklin India Feeder - Templeton European Opportunities Fund",
    "min_addl_amt": "1000",
    "min_addl_amt_multiple": "1",
    "min_amt": "5,000",
    "min_amt_multiple": "1",
    "monthly_aaum_date": "20250331",
    "monthly_aaum_value": "16.44 crores",
    "mutual_fund_name": "Franklin Templeton Mutual Fund",
    "scheme_launch_date": "20140516"
   }
  },
  {
   "value": {
    "amc_name": "Franklin Templeton Asset Management (India) Private Limited",
    "benchmark_index": [
     "75% MSCI Asia (Ex-Japan) Standard Index +"
    ],
    "field_location": [
     {
      "amc_name": "32",
      "benchmark_index": "32",
      "count": 36,
      "fund_manager_managing_fund_since": "32",
      "fund_manager_name": "32",
      "load_entry": "32",
      "load_exit": "32",
      "main_scheme_name": "32",
      "metrics_beta": "32",
      "metrics_port_turnover_ratio": "32",
      "metrics_sharpe": "32",
      "metrics_std_dev": "32",
      "min_addl_amt": "32",
      "min_addl_amt_multiple": "32",
      "min_amt": "32",
      "min_amt_multiple": "32",
      "monthly_aaum_date": "32",
      "monthly_aaum_value": "32",
      "mutual_fund_name": "32",
      "scheme_launch_date": "32"
     }
    ],
    "fund_manager": [
     {
      "managing_fund_since": "september 26, 2024",
      "name": "Shyam Sundar Sriram",
      "qualification": "",
      "total_exp": ""
     },
     {
      "managing_fund_since": "",
      "name": "Sandeep Manam",
      "qualification": "",
      "total_exp": ""
     }
    ],
    "load": [
     {
      "comment": "Nil",
      "type": "entry"
     },
     {
      "comment": "(for each purchase of Units) 1% if the Units are redeemed/switched- out within one year from the date of allotment (effective January 15, 2020)",
      "type": "exit"
     }
    ],
    "main_scheme_name": "Franklin Asian Equity Fund",
    "metrics": [
     {
      "name": "sharpe",
      "value": "0.30"
     },
     {
      "name": "std_dev",
      "value": "5.09%"
     },
     {
      "name": "beta",
      "value": "0.97"
     },
     {
      "name": "port_turnover_ratio",
      "value": "3"
     }
    ],
    "min_addl_amt": "1000",
    "min_addl_amt_multiple": "1",
    "min_amt": "5000",
    "min_amt_multiple": "1",
    "monthly_aaum_date": "20250331",
    "monthly_aaum_value": "243.34 crores",
    "mutual_fund_name": "Franklin Templeton Mutual Fund",
    "scheme_launch_date": "20080116"
   }
  },
  {
   "value": {
    "amc_name": "Franklin Templeton Asset Management (India) Private Limited",
    "benchmark_index": [
     "Nifty 50"
    ],
    "field_location": [
     {
      "amc_name": "33",
      "benchmark_index": "33",
      "count": 36,
      "fund_manager_managing_fund_since": "33",
      "fund_manager_name": "33",
      "load_entry": "33",
      "load_exit": "33",
      "main_scheme_name": "33",
      "metrics_tracking_error": "33",
      "min_addl_amt": "33",
      "min_addl_amt_multiple": "33",
      "min_amt": "33",
      "min_amt_multiple": "33",
      "monthly_aaum_date": "33",
      "monthly_aaum_value": "33",
      "mutual_fund_name": "33",
      "scheme_launch_date": "33"
     }
    ],
    "fund_manager": [
     {
      "managing_fund_since": "september 26, 2024",
      "name": "Shyam Sundar Sriram",
      "qualification": "",
      "total_exp": ""
     },
     {
      "managing_fund_since": "",
      "name": "Sandeep Manam",
      "qualification": "",
      "total_exp": ""
     }
    ],
    "load": [
     {
      "comment": "Nil",
      "type": "entry"
     },
     {
      "comment": "(for each purchase of Units) Nil (Effective April 21, 2023)",
      "type": "exit"
     }
    ],
    "main_scheme_name": "Franklin India NSE Nifty 50 Index Fund",
    "metrics": [
     {
      "name": "tracking_error",
      "value": "95391"
     }
    ],
    "min_addl_amt": "1000",
    "min_addl_amt_multiple": "1",
    "min_amt": "5000",
    "min_amt_multiple": "1",
    "monthly_aaum_date": "20250331",
    "monthly_aaum_value": "669.84 crores",
    "mutual_fund_name": "Franklin Templeton Mutual Fund",
    "scheme_launch_date": "20000804"
   }
  },
  {
   "value": {
    "amc_name": "Franklin Templeton Asset Management (India) Private Limited",
    "benchmark_index": [
     "NIFTY Low Duration Debt Index A-I"
    ],
    "field_location": [
     {
      "amc_name": "34",
      "benchmark_index": "34",
      "count": 36,
      "fund_manager_name": "34",
      "load_entry": "34",
      "load_exit": "34",
      "main_scheme_name": "34",
      "metrics_avg_maturity": "34",
      "metrics_macaulay": "34",
      "metrics_mod_duration": "34",
      "metrics_ytm": "34",
      "min_addl_amt": "34",
      "min_addl_amt_multiple": "34",
      "min_amt": "34",
      "min_amt_multiple": "34",
      "monthly_aaum_date": "34",
      "monthly_aaum_value": "34",
      "mutual_fund_name": "34",
      "scheme_launch_date": "34"
     }
    ],
    "fund_manager": [
     {
      "managing_fund_since": "",
      "name": "Chandni Gupta",
      "qualification": "",
      "total_exp": ""
     },
     {
      "managing_fund_since": "",
      "name": "Rahan Maru",
      "qualification": "",
      "total_exp": ""
     },
     {
      "managing_fund_since": "",
      "name": "Rahul Goswami",
      "qualification": "",
      "total_exp": ""
     }
    ],
    "load": [
     {
      "comment": "Nil",
      "type": "entry"
     },
     {
      "comment": "(for each purchase of Units): Nil",
      "type": "exit"
     }
    ],
    "main_scheme_name": "Franklin India Low Duration Fund",
    "metrics": [
     {
      "name": "ytm",
      "value": "7.37%"
     },
     {
      "name": "mod_duration",
      "value": "0.97 years"
     },
     {
      "name": "avg_maturity",
      "value": "1.74 years"
     },
     {
      "name": "macaulay",
      "value": "6 months"
     }
    ],
    "min_addl_amt": "1000",
    "min_addl_amt_multiple": "1",
    "min_amt": "5000",
    "min_amt_multiple": "1",
    "monthly_aaum_date": "20250331",
    "monthly_aaum_value": "394.95 crores",
    "mutual_fund_name": "Franklin Templeton Mutual Fund",
    "scheme_launch_date": "20250306"
   }
  },
  {
   "value": {
    "amc_name": "Franklin Templeton Asset Management (India) Private Limited",
    "benchmark_index": [
     "CRISIL Long Duration Debt A-III Index"
    ],
    "field_location": [
     {
      "amc_name": "35",
      "benchmark_index": "35",
      "count": 36,
      "fund_manager_name": "35",
      "load_entry": "35",
      "load_exit": "35",
      "main_scheme_name": "35",
      "metrics_avg_maturity": "35",
      "metrics_macaulay": "35",
      "metrics_mod_duration": "35",
      "metrics_ytm": "35",
      "min_addl_amt": "35",
      "min_addl_amt_multiple": "35",
      "min_amt": "35",
      "min_amt_multiple": "35",
      "monthly_aaum_date": "35",
      "monthly_aaum_value": "35",
      "mutual_fund_name": "35",
      "scheme_launch_date": "35"
     }
    ],
    "fund_manager": [
     {
      "managing_fund_since": "",
      "name": "Anuj Tagra",
      "qualification": "",
      "total_exp": ""
     },
     {
      "managing_fund_since": "",
      "name": "Chandni Gupta",
      "qualification": "",
      "total_exp": ""
     }
    ],
    "load": [
     {
      "comment": "Nil",
      "type": "entry"
     },
     {
      "comment": "(for each purchase of Units): Nil",
      "type": "exit"
     }
    ],
    "main_scheme_name": "Franklin India Long Duration Fund",
    "metrics": [
     {
      "name": "ytm",
      "value": "7.09%"
     },
     {
      "name": "mod_duration",
      "value": "9.35 years"
     },
     {
      "name": "avg_maturity",
      "value": "17.42 years"
     },
     {
      "name": "macaulay",
      "value": "7.10"
     }
    ],
    "min_addl_amt": "1000",
    "min_addl_amt_multiple": "1",
    "min_amt": "5000",
    "min_amt_multiple": "1",
    "monthly_aaum_date": "20250331",
    "monthly_aaum_value": "25.82 crores",
    "mutual_fund_name": "Franklin Templeton Mutual Fund",
    "scheme_launch_date": "20241213"
   }
  },
  {
   "value": {
    "amc_name": "Franklin Templeton Asset Management (India) Private Limited",
    "benchmark_index": [
     "CRISIL Medium to Long Duration Debt A-III Index"
    ],
    "field_location": [
     {
      "amc_name": "36",
      "benchmark_index": "36",
      "count": 36,
      "fund_manager_name": "36",
      "load_entry": "36",
      "load_exit": "36",
      "main_scheme_name": "36",
      "metrics_avg_maturity": "36",
      "metrics_macaulay": "36",
      "metrics_mod_duration": "36",
      "metrics_ytm": "36",
      "min_addl_amt": "36",
      "min_addl_amt_multiple": "36",
      "min_amt": "36",
      "min_amt_multiple": "36",
      "monthly_aaum_date": "36",
      "monthly_aaum_value": "36",
      "mutual_fund_name": "36",
      "scheme_launch_date": "36"
     }
    ],
    "fund_manager": [
     {
      "managing_fund_since": "",
      "name": "Anuj Tagra",
      "qualification": "",
      "total_exp": ""
     },
     {
      "managing_fund_since": "",
      "name": "Chandni Gupta",
      "qualification": "",
      "total_exp": ""
     }
    ],
    "load": [
     {
      "comment": "Nil",
      "type": "entry"
     },
     {
      "comment": "(for each purchase of Units): Nil",
      "type": "exit"
     }
    ],
    "main_scheme_name": "Franklin India Medium To Long Duration Fund",
    "metrics": [
     {
      "name": "ytm",
      "value": "7.13%"
     },
     {
      "name": "mod_duration",
      "value": "6.44 years"
     },
     {
      "name": "avg_maturity",
      "value": "12.18 years"
     },
     {
      "name": "macaulay",
      "value": "7.10"
     }
    ],
    "min_addl_amt": "1000",
    "min_addl_amt_multiple": "1",
    "min_amt": "5000",
    "min_amt_multiple": "1",
    "monthly_aaum_date": "20250331",
    "monthly_aaum_value": "49.54 crores",
    "mutual_fund_name": "Franklin Templeton Mutual Fund",
    "scheme_launch_date": "20240924"
   }
  },
  {
   "value": {
    "amc_name": "Franklin Templeton Asset Management (India) Private Limited",
    "benchmark_index": [
     "NIFTY Ultra Short Duration Debt Index A-I"
    ],
    "field_location": [
     {
      "amc_name": "37",
      "benchmark_index": "37",
      "count": 36,
      "fund_manager_managing_fund_since": "37",
      "fund_manager_name": "37",
      "load_entry": "37",
      "load_exit": "37",
      "main_scheme_name": "37",
      "metrics_avg_maturity": "37",
      "metrics_macaulay": "37",
      "metrics_mod_duration": "37",
      "metrics_ytm": "37",
      "min_addl_amt": "37",
      "min_addl_amt_multiple": "37",
      "min_amt": "37",
      "min_amt_multiple": "37",
      "monthly_aaum_date": "37",
      "monthly_aaum_value": "37",
      "mutual_fund_name": "37",
      "scheme_launch_date": "37"
     }
    ],
    "fund_manager": [
     {
      "managing_fund_since": "october 10, 2024",
      "name": "Rohan Maru",
      "qualification": "",
      "total_exp": ""
     },
     {
      "managing_fund_since": "",
      "name": "Pallab Roy",
      "qualification": "",
      "total_exp": ""
     },
     {
      "managing_fund_since": "",
      "name": "Rahul Goswami",
      "qualification": "",
      "total_exp": ""
     }
    ],
    "load": [
     {
      "comment": "Nil",
      "type": "entry"
     },
     {
      "comment": "(for each purchase of Units): Nil",
      "type": "exit"
     }
    ],
    "main_scheme_name": "Franklin India Ultra Short Duration Fund",
    "metrics": [
     {
      "name": "ytm",
      "value": "7.35%"
     },
     {
      "name": "mod_duration",
      "value": "0.47 years"
     },
     {
      "name": "avg_maturity",
      "value": "0.89 years"
     },
     {
      "name": "macaulay",
      "value": "0.51 years"
     }
    ],
    "min_addl_amt": "1000",
    "min_addl_amt_multiple": "1",
    "min_amt": "5000",
    "min_amt_multiple": "1",
    "monthly_aaum_date": "20250331",
    "monthly_aaum_value": "237.44 crores",
    "mutual_fund_name": "Franklin Templeton Mutual Fund",
    "scheme_launch_date": "20240829"
   }
  },
  {
   "value": {
    "amc_name": "Franklin Templeton Asset Management (India) Private Limited",
    "benchmark_index": [
     "NIFTY 1D Rate Index (w.e.f. April 1, 2024)"
    ],
    "field_location": [
     {
      "amc_name": "38",
      "benchmark_index": "38",
      "count": 36,
      "fund_manager_managing_fund_since": "38",
      "fund_manager_name": "38",
      "load_entry": "38",
      "load_exit": "38",
      "main_scheme_name": "38",
      "metrics_avg_maturity": "38",
      "metrics_macaulay": "38",
      "metrics_mod_duration": "38",
      "metrics_ytm": "38",
      "min_addl_amt": "38",
      "min_addl_amt_multiple": "38",
      "min_amt": "38",
      "min_amt_multiple": "38",
      "monthly_aaum_date": "38",
      "monthly_aaum_value": "38",
      "mutual_fund_name": "38",
      "scheme_launch_date": "38"
     }
    ],
    "fund_manager": [
     {
      "managing_fund_since": "october 10, 2024",
      "name": "Pallab Roy",
      "qualification": "",
      "total_exp": ""
     },
     {
      "managing_fund_since": "",
      "name": "Rohan Maru",
      "qualification": "",
      "total_exp": ""
     }
    ],
    "load": [
     {
      "comment": ": Nil",
      "type": "entry"
     },
     {
      "comment": "(for each purchase of Units) : Nil",
      "type": "exit"
     }
    ],
    "main_scheme_name": "Franklin India Overnight Fund",
    "metrics": [
     {
      "name": "ytm",
      "value": "7.20%"
     },
     {
      "name": "mod_duration",
      "value": "0.01 Years"
     },
     {
      "name": "avg_maturity",
      "value": "0.01 Years"
     },
     {
      "name": "macaulay",
      "value": "0.01 Years"
     }
    ],
    "min_addl_amt": "1000",
    "min_addl_amt_multiple": "1",
    "min_amt": "5000",
    "min_amt_multiple": "1",
    "monthly_aaum_date": "20250331",
    "monthly_aaum_value": "508.51 crores",
    "mutual_fund_name": "Franklin Templeton Mutual Fund",
    "scheme_launch_date": "20190508"
   }
  },
  {
   "value": {
    "amc_name": "Franklin Templeton Asset Management (India) Private Limited",
    "benchmark_index": [
     "NIFTY Liquid Index A-I (w.e.f. April 1, 2024)"
    ],
    "field_location": [
     {
      "amc_name": "39",
      "benchmark_index": "39",
      "count": 36,
      "fund_manager_managing_fund_since": "39",
      "fund_manager_name": "39",
      "load_entry": "39",
      "load_exit": "39",
      "main_scheme_name": "39",
      "metrics_avg_maturity": "39",
      "metrics_macaulay": "39",
      "metrics_mod_duration": "39",
      "metrics_ytm": "39",
      "min_addl_amt": "39",
      "min_addl_amt_multiple": "39",
      "min_amt": "39",
      "min_amt_multiple": "39",
      "monthly_aaum_date": "39",
      "monthly_aaum_value": "39",
      "mutual_fund_name": "39",
      "scheme_launch_date": "39"
     }
    ],
    "fund_manager": [
     {
      "managing_fund_since": "october 10, 2024",
      "name": "Pallab Roy",
      "qualification": "",
      "total_exp": ""
     },
     {
      "managing_fund_since": "",
      "name": "Rohan Maru",
      "qualification": "",
      "total_exp": ""
     }
    ],
    "load": [
     {
      "comment": "Nil",
      "type": "entry"
     },
     {
      "comment": "(for each purchase of Units) Investor exit upon Exit load as a % of subscription redemption proceeds Day 1 0.0070% Day 2 0.0065% Day 3 0.0060% Day 4 0.0055% Day 5 0.0050% Day 6 0.0045% Day 7 onwards Nil",
      "type": "exit"
     }
    ],
    "main_scheme_name": "Franklin India Liquid Fund",
    "metrics": [
     {
      "name": "ytm",
      "value": "7.11%"
     },
     {
      "name": "mod_duration",
      "value": "0.20 Years"
     },
     {
      "name": "avg_maturity",
      "value": "0.22 Years"
     },
     {
      "name": "macaulay",
      "value": "0.21 Years"
     }
    ],
    "min_addl_amt": "1000",
    "min_addl_amt_multiple": "1",
    "min_amt": "10,000",
    "min_amt_multiple": "1",
    "monthly_aaum_date": "20250331",
    "monthly_aaum_value": "2414.66 crores",
    "mutual_fund_name": "Franklin Templeton Mutual Fund",
    "scheme_launch_date": "APRIL 29"
   }
  },
  {
   "value": {
    "amc_name": "Franklin Templeton Asset Management (India) Private Limited",
    "benchmark_index": [
     "NIFTY Money Market Index A-I (w.e.f. April 1, 2024)"
    ],
    "field_location": [
     {
      "amc_name": "40",
      "benchmark_index": "40",
      "count": 36,
      "fund_manager_managing_fund_since": "40",
      "fund_manager_name": "40",
      "load_entry": "40",
      "load_exit": "40",
      "main_scheme_name": "40",
      "metrics_avg_maturity": "40",
      "metrics_macaulay": "40",
      "metrics_mod_duration": "40",
      "metrics_ytm": "40",
      "min_addl_amt": "40",
      "min_addl_amt_multiple": "40",
      "min_amt": "40",
      "min_amt_multiple": "40",
      "monthly_aaum_date": "40",
      "monthly_aaum_value": "40",
      "mutual_fund_name": "40",
      "scheme_launch_date": "40"
     }
    ],
    "fund_manager": [
     {
      "managing_fund_since": "october 10, 2024",
      "name": "Rohan Maru",
      "qualification": "",
      "total_exp": ""
     },
     {
      "managing_fund_since": "april 30, 2024",
      "name": "Chandni Gupta",
      "qualification": "",
      "total_exp": ""
     },
     {
      "managing_fund_since": "",
      "name": "Rahul Goswami",
      "qualification": "",
      "total_exp": ""
     }
    ],
    "load": [
     {
      "comment": "Nil",
      "type": "entry"
     },
     {
      "comment": "(for each purchase of Units) Nil Different plans have a different expense structure",
      "type": "exit"
     }
    ],
    "main_scheme_name": "Franklin India Money Market Fund",
    "metrics": [
     {
      "name": "ytm",
      "value": "7.15%"
     },
     {
      "name": "mod_duration",
      "value": "0.85 Years"
     },
     {
      "name": "avg_maturity",
      "value": "0.91 Years"
     },
     {
      "name": "macaulay",
      "value": "0.91 Years"
     }
    ],
    "min_addl_amt": "1000",
    "min_addl_amt_multiple": "1",
    "min_amt": "10,000",
    "min_amt_multiple": "1",
    "monthly_aaum_date": "20250331",
    "monthly_aaum_value": "2572.21 crores",
    "mutual_fund_name": "Franklin Templeton Mutual Fund",
    "scheme_launch_date": "FEB 11"
   }
  },
  {
   "value": {
    "amc_name": "Franklin Templeton Asset Management (India) Private Limited",
    "benchmark_index": [
     "NIFTY Short Duration Debt Index A-II"
    ],
    "field_location": [
     {
      "amc_name": "41",
      "benchmark_index": "41",
      "count": 36,
      "fund_manager_managing_fund_since": "41",
      "fund_manager_name": "41",
      "load_entry": "41",
      "load_exit": "41",
      "main_scheme_name": "41",
      "metrics_avg_maturity": "41",
      "metrics_macaulay": "41",
      "metrics_mod_duration": "41",
      "metrics_ytm": "41",
      "min_addl_amt": "41",
      "min_addl_amt_multiple": "41",
      "min_amt": "41",
      "min_amt_multiple": "41",
      "monthly_aaum_date": "41",
      "monthly_aaum_value": "41",
      "mutual_fund_name": "41",
      "scheme_launch_date": "41"
     }
    ],
    "fund_manager": [
     {
      "managing_fund_since": "october 10, 2024",
      "name": "Pallab Roy",
      "qualification": "",
      "total_exp": ""
     },
     {
      "managing_fund_since": "",
      "name": "Rohan Maru",
      "qualification": "",
      "total_exp": ""
     },
     {
      "managing_fund_since": "",
      "name": "Sandeep Manam",
      "qualification": "",
      "total_exp": ""
     }
    ],
    "load": [
     {
      "comment": "Nil",
      "type": "entry"
     },
     {
      "comment": "(for each purchase of Units) Nil",
      "type": "exit"
     }
    ],
    "main_scheme_name": "Franklin India Floating Rate Fund",
    "metrics": [
     {
      "name": "ytm",
      "value": "7.40%"
     },
     {
      "name": "mod_duration",
      "value": "3.91 years"
     },
     {
      "name": "avg_maturity",
      "value": "9.38 years"
     },
     {
      "name": "macaulay",
      "value": "4.08 years"
     }
    ],
    "min_addl_amt": "1000",
    "min_addl_amt_multiple": "1",
    "min_amt": "1000",
    "min_amt_multiple": "1",
    "monthly_aaum_date": "20250331",
    "monthly_aaum_value": "316.17 crores",
    "mutual_fund_name": "Franklin Templeton Mutual Fund",
    "scheme_launch_date": "20010423"
   }
  },
  {
   "value": {
    "amc_name": "Franklin Templeton Asset Management (India) Private Limited",
    "benchmark_index": [
     "NIFTY Corporate Bond Index A-II"
    ],
    "field_location": [
     {
      "amc_name": "42",
      "benchmark_index": "42",
      "count": 36,
      "fund_manager_managing_fund_since": "42",
      "fund_manager_name": "42",
      "load_entry": "42",
      "load_exit": "42",
      "main_scheme_name": "42",
      "metrics_avg_maturity": "42",
      "metrics_macaulay": "42",
      "metrics_mod_duration": "42",
      "metrics_ytm": "42",
      "min_addl_amt": "42",
      "min_addl_amt_multiple": "42",
      "min_amt": "42",
      "min_amt_multiple": "42",
      "monthly_aaum_date": "42",
      "monthly_aaum_value": "42",
      "mutual_fund_name": "42",
      "scheme_launch_date": "42"
     }
    ],
    "fund_manager": [
     {
      "managing_fund_since": "march 07, 2024",
      "name": "Anuj Tagra",
      "qualification": "",
      "total_exp": ""
     },
     {
      "managing_fund_since": "march 07, 2024",
      "name": "Chandni Gupta",
      "qualification": "",
      "total_exp": ""
     },
     {
      "managing_fund_since": "october 6, 2023",
      "name": "Rahul Goswami",
      "qualification": "",
      "total_exp": ""
     }
    ],
    "load": [
     {
      "comment": ": Nil",
      "type": "entry"
     },
     {
      "comment": "(for each purchase of Units) : Nil Sales suspended in Plan B - All Options",
      "type": "exit"
     }
    ],
    "main_scheme_name": "Franklin India Corporate Debt Fund",
    "metrics": [
     {
      "name": "ytm",
      "value": "7.41%"
     },
     {
      "name": "mod_duration",
      "value": "3.36 years"
     },
     {
      "name": "avg_maturity",
      "value": "5.36 years"
     },
     {
      "name": "macaulay",
      "value": "3.54 years"
     }
    ],
    "min_addl_amt": "1000",
    "min_addl_amt_multiple": "1",
    "min_amt": "10,000",
    "min_amt_multiple": "1",
    "monthly_aaum_date": "20250331",
    "monthly_aaum_value": "751.38 crores",
    "mutual_fund_name": "Franklin Templeton Mutual Fund",
    "scheme_launch_date": "19970623"
   }
  },
  {
   "value": {
    "amc_name": "Franklin Templeton Asset Management (India) Private Limited",
    "benchmark_index": [
     "Nifty Banking & PSU Debt Index A-II (w.e.f. April 1, 2024)"
    ],
    "field_location": [
     {
      "amc_name": "43",
      "benchmark_index": "43",
      "count": 36,
      "fund_manager_managing_fund_since": "43",
      "fund_manager_name": "43",
      "load_entry": "43",
      "load_exit": "43",
      "main_scheme_name": "43",
      "metrics_avg_maturity": "43",
      "metrics_macaulay": "43",
      "metrics_mod_duration": "43",
      "metrics_ytm": "43",
      "min_addl_amt": "43",
      "min_addl_amt_multiple": "43",
      "min_amt": "43",
      "min_amt_multiple": "43",
      "monthly_aaum_date": "43",
      "monthly_aaum_value": "43",
      "mutual_fund_name": "43",
      "scheme_launch_date": "43"
     }
    ],
    "fund_manager": [
     {
      "managing_fund_since": "march 07, 2024",
      "name": "Chandni Gupta",
      "qualification": "",
      "total_exp": ""
     },
     {
      "managing_fund_since": "march 07, 2024",
      "name": "Anuj Tagra",
      "qualification": "",
      "total_exp": ""
     },
     {
      "managing_fund_since": "",
      "name": "Sandeep Manam",
      "qualification": "",
      "total_exp": ""
     }
    ],
    "load": [
     {
      "comment": "Nil",
      "type": "entry"
     },
     {
      "comment": "(for each purchase of Units) Nil",
      "type": "exit"
     }
    ],
    "main_scheme_name": "Franklin India Banking & PSU Debt Fund",
    "metrics": [
     {
      "name": "ytm",
      "value": "7.25%"
     },
     {
      "name": "mod_duration",
      "value": "3.17 years"
     },
     {
      "name": "avg_maturity",
      "value": "4.96 years"
     },
     {
      "name": "macaulay",
      "value": "3.37 years"
     }
    ],
    "min_addl_amt": "1000",
    "min_addl_amt_multiple": "1",
    "min_amt": "5,000",
    "min_amt_multiple": "1",
    "monthly_aaum_date": "20250331",
    "monthly_aaum_value": "570.66 crores",
    "mutual_fund_name": "Franklin Templeton Mutual Fund",
    "scheme_launch_date": "20140425"
   }
  },
  {
   "value": {
    "amc_name": "Franklin Templeton Asset Management (India) Private Limited",
    "benchmark_index": [
     "NIFTY All Duration G-Sec Index"
    ],
    "field_location": [
     {
      "amc_name": "44",
      "benchmark_index": "44",
      "count": 36,
      "fund_manager_managing_fund_since": "44",
      "fund_manager_name": "44",
      "load_entry": "44",
      "load_exit": "44",
      "main_scheme_name": "44",
      "metrics_avg_maturity": "44",
      "metrics_macaulay": "44",
      "metrics_mod_duration": "44",
      "metrics_ytm": "44",
      "min_addl_amt": "44",
      "min_addl_amt_multiple": "44",
      "min_amt": "44",
      "min_amt_multiple": "44",
      "monthly_aaum_date": "44",
      "monthly_aaum_value": "44",
      "mutual_fund_name": "44",
      "scheme_launch_date": "44"
     }
    ],
    "fund_manager": [
     {
      "managing_fund_since": "march 07, 2024",
      "name": "Anuj Tagra",
      "qualification": "",
      "total_exp": ""
     },
     {
      "managing_fund_since": "october 6, 2023",
      "name": "Rahul Goswami",
      "qualification": "",
      "total_exp": ""
     }
    ],
    "load": [
     {
      "comment": "Nil",
      "type": "entry"
     },
     {
      "comment": "(for each purchase of Units) * : Nil *CDSC is treated similarly",
      "type": "exit"
     }
    ],
    "main_scheme_name": "Franklin India Government Securities Fund",
    "metrics": [
     {
      "name": "ytm",
      "value": "6.99%"
     },
     {
      "name": "mod_duration",
      "value": "6.46 years"
     },
     {
      "name": "avg_maturity",
      "value": "12.49 years"
     },
     {
      "name": "macaulay",
      "value": "6.68 years"
     }
    ],
    "min_addl_amt": "1000",
    "min_addl_amt_multiple": "1",
    "min_amt": "10,000",
    "min_amt_multiple": "1",
    "monthly_aaum_date": "20250331",
    "monthly_aaum_value": "150.71 crores",
    "mutual_fund_name": "Franklin Templeton Mutual Fund",
    "scheme_launch_date": "20011207"
   }
  },
  {
   "value": {
    "amc_name": "Franklin Templeton Asset Management (India) Private Limited",
    "benchmark_index": [
     "Nifty 50 Arbitrage Index"
    ],
    "field_location": [
     {
      "amc_name": "45",
      "benchmark_index": "45",
      "count": 36,
      "fund_manager_managing_fund_since": "45",
      "fund_manager_name": "45",
      "load_entry": "45",
      "load_exit": "45",
      "main_scheme_name": "45",
      "metrics_avg_maturity": "45",
      "metrics_macaulay": "45",
      "metrics_mod_duration": "45",
      "metrics_port_turnover_ratio": "45",
      "metrics_ytm": "45",
      "min_addl_amt": "45",
      "min_addl_amt_multiple": "45",
      "min_amt": "45",
      "min_amt_multiple": "45",
      "monthly_aaum_date": "45",
      "monthly_aaum_value": "45",
      "mutual_fund_name": "45",
      "scheme_launch_date": "45"
     }
    ],
    "fund_manager": [
     {
      "managing_fund_since": "december 3, 2024",
      "name": "Yogik Pitti",
      "qualification": "",
      "total_exp": ""
     },
     {
      "managing_fund_since": "",
      "name": "Rajasa Kakulavarapu",
      "qualification": "",
      "total_exp": ""
     },
     {
      "managing_fund_since": "",
      "name": "Pallab Roy",
      "qualification": "",
      "total_exp": ""
     },
     {
      "managing_fund_since": "",
      "name": "Rohan Maru",
      "qualification": "",
      "total_exp": ""
     }
    ],
    "load": [
     {
      "comment": "Nil",
      "type": "entry"
     },
     {
      "comment": "(for each purchase of Units): Nil (For 10% of the units purchased on or before 1 Month from the date of allotment) Upto 1 Month - 0.25% Nil - If redeemed after 30 days from the date of allotment (w.e.f. January 06, 2025)",
      "type": "exit"
     }
    ],
    "main_scheme_name": "Franklin India Arbitrage Fund",
    "metrics": [
     {
      "name": "ytm",
      "value": "6.82%"
     },
     {
      "name": "port_turnover_ratio",
      "value": "657.36"
     },
     {
      "name": "mod_duration",
      "value": "0.45 years"
     },
     {
      "name": "avg_maturity",
      "value": "0.48 years"
     },
     {
      "name": "macaulay",
      "value": "0.48 years"
     }
    ],
    "min_addl_amt": "1000",
    "min_addl_amt_multiple": "1",
    "min_amt": "5000",
    "min_amt_multiple": "1",
    "monthly_aaum_date": "20250331",
    "monthly_aaum_value": "195.88 crores",
    "mutual_fund_name": "Franklin Templeton Mutual Fund",
    "scheme_launch_date": "20241119"
   }
  },
  {
   "value": {
    "amc_name": "Franklin Templeton Asset Management (India) Private Limited",
    "benchmark_index": [
     "CRISIL Hybrid 85+15 - Conservative Index"
    ],
    "field_location": [
     {
      "amc_name": "46",
      "benchmark_index": "46",
      "count": 36,
      "fund_manager_managing_fund_since": "46",
      "fund_manager_name": "46",
      "load_entry": "46",
      "load_exit": "46",
      "main_scheme_name": "46",
      "metrics_avg_maturity": "46",
      "metrics_macaulay": "46",
      "metrics_mod_duration": "46",
      "metrics_ytm": "46",
      "min_addl_amt": "46",
      "min_addl_amt_multiple": "46",
      "min_amt": "46",
      "min_amt_multiple": "46",
      "monthly_aaum_date": "46",
      "monthly_aaum_value": "46",
      "mutual_fund_name": "46",
      "scheme_launch_date": "46"
     }
    ],
    "fund_manager": [
     {
      "managing_fund_since": "october 10, 2024",
      "name": "Rohan Maru",
      "qualification": "",
      "total_exp": ""
     },
     {
      "managing_fund_since": "march 07, 2024",
      "name": "Pallab Roy",
      "qualification": "",
      "total_exp": ""
     },
     {
      "managing_fund_since": "november 10, 2023",
      "name": "Rahul Goswami",
      "qualification": "",
      "total_exp": ""
     },
     {
      "managing_fund_since": "october 4, 2024",
      "name": "Rajasa Kakulavarapu",
      "qualification": "",
      "total_exp": ""
     },
     {
      "managing_fund_since": "",
      "name": "Venkatesh Sanjeevi",
      "qualification": "",
      "total_exp": ""
     },
     {
      "managing_fund_since": "",
      "name": "Sandeep Manam",
      "qualification": "",
      "total_exp": ""
     }
    ],
    "load": [
     {
      "comment": "Nil",
      "type": "entry"
     },
     {
      "comment": "(for each purchase of Units): Nil (effective October 11, 2021)",
      "type": "exit"
     }
    ],
    "main_scheme_name": "Franklin India Debt Hybrid Fund",
    "metrics": [
     {
      "name": "ytm",
      "value": "7.29%"
     },
     {
      "name": "mod_duration",
      "value": "5.03 years"
     },
     {
      "name": "avg_maturity",
      "value": "8.05 years"
     },
     {
      "name": "macaulay",
      "value": "5.27 years"
     }
    ],
    "min_addl_amt": "1000",
    "min_addl_amt_multiple": "1",
    "min_amt": "10,000",
    "min_amt_multiple": "1",
    "monthly_aaum_date": "20250331",
    "monthly_aaum_value": "196.72 crores",
    "mutual_fund_name": "Franklin Templeton Mutual Fund",
    "scheme_launch_date": "20000928"
   }
  },
  {
   "value": {
    "amc_name": "Franklin Templeton Asset Management (India) Private Limited",
    "benchmark_index": [
     "Nifty Equity Savings Index"
    ],
    "field_location": [
     {
      "amc_name": "47",
      "benchmark_index": "47",
      "count": 36,
      "fund_manager_managing_fund_since": "47",
      "fund_manager_name": "47",
      "load_entry": "47",
      "load_exit": "47",
      "main_scheme_name": "47",
      "metrics_avg_maturity": "47",
      "metrics_macaulay": "47",
      "metrics_mod_duration": "47",
      "metrics_port_turnover_ratio": "47",
      "metrics_ytm": "47",
      "min_addl_amt": "47",
      "min_addl_amt_multiple": "47",
      "min_amt": "47",
      "min_amt_multiple": "47",
      "monthly_aaum_date": "47",
      "monthly_aaum_value": "47",
      "mutual_fund_name": "47",
      "scheme_launch_date": "47"
     }
    ],
    "fund_manager": [
     {
      "managing_fund_since": "october 4, 2024",
      "name": "Rajasa Kakulavarapu",
      "qualification": "",
      "total_exp": ""
     },
     {
      "managing_fund_since": "april 30, 2024",
      "name": "Venkatesh Sanjeevi",
      "qualification": "",
      "total_exp": ""
     },
     {
      "managing_fund_since": "october 10, 2024",
      "name": "Anuj Tagra",
      "qualification": "",
      "total_exp": ""
     },
     {
      "managing_fund_since": "",
      "name": "Rohan Maru",
      "qualification": "",
      "total_exp": ""
     },
     {
      "managing_fund_since": "",
      "name": "Sandeep Manam",
      "qualification": "",
      "total_exp": ""
     }
    ],
    "load": [
     {
      "comment": "Nil",
      "type": "entry"
     },
     {
      "comment": "(for each purchase of Units) : Nil (effective October 11, 2021) * This no load redemption limit is applicable on a yearly basis (from the date of allotment of such units) and the limit not availed during a year shall not be clubbed or carried forward to the next year.",
      "type": "exit"
     }
    ],
    "main_scheme_name": "Franklin India Equity Savings Fund",
    "metrics": [
     {
      "name": "ytm",
      "value": "7.14%"
     },
     {
      "name": "port_turnover_ratio",
      "value": "694.20"
     },
     {
      "name": "mod_duration",
      "value": "3.38 years"
     },
     {
      "name": "avg_maturity",
      "value": "5.60 years"
     },
     {
      "name": "macaulay",
      "value": "3.54 years"
     }
    ],
    "min_addl_amt": "1,000",
    "min_addl_amt_multiple": "1",
    "min_amt": "5,000",
    "min_amt_multiple": "1",
    "monthly_aaum_date": "20250331",
    "monthly_aaum_value": "633.01 crores",
    "mutual_fund_name": "Franklin Templeton Mutual Fund",
    "scheme_launch_date": "20180827"
   }
  },
  {
   "value": {
    "amc_name": "Franklin Templeton Asset Management (India) Private Limited",
    "benchmark_index": [
     "CRISIL Short Term Debt Hybrid 60+40 Index"
    ],
    "field_location": [
     {
      "amc_name": "48",
      "benchmark_index": "48",
      "count": 36,
      "fund_manager_managing_fund_since": "48",
      "fund_manager_name": "48",
      "load_entry": "48",
      "load_exit": "48",
      "main_scheme_name": "48",
      "metrics_avg_maturity": "48",
      "metrics_macaulay": "48",
      "metrics_mod_duration": "48",
      "metrics_ytm": "48",
      "min_addl_amt": "48",
      "min_addl_amt_multiple": "48",
      "min_amt": "48",
      "min_amt_multiple": "48",
      "monthly_aaum_date": "48",
      "monthly_aaum_value": "48",
      "mutual_fund_name": "48",
      "scheme_launch_date": "48"
     }
    ],
    "fund_manager": [
     {
      "managing_fund_since": "april 30, 2024",
      "name": "Anuj Tagra",
      "qualification": "",
      "total_exp": ""
     },
     {
      "managing_fund_since": "march 07, 2024",
      "name": "Pallab Roy",
      "qualification": "",
      "total_exp": ""
     },
     {
      "managing_fund_since": "october 4, 2024",
      "name": "Rajasa Kakulavarapu",
      "qualification": "",
      "total_exp": ""
     },
     {
      "managing_fund_since": "",
      "name": "Ajay Argal",
      "qualification": "",
      "total_exp": ""
     }
    ],
    "load": [
     {
      "comment": "Nil",
      "type": "entry"
     },
     {
      "comment": "(for each purchase of Units) 3%, if redeemed before the age of 58 years (subject to lock-in period) and target amount Nil, if redeemed after the age of 58 years",
      "type": "exit"
     }
    ],
    "main_scheme_name": "Franklin Indi",
    "metrics": [
     {
      "name": "ytm",
      "value": "7.43%"
     },
     {
      "name": "mod_duration",
      "value": "3.31 years"
     },
     {
      "name": "avg_maturity",
      "value": "4.68 years"
     },
     {
      "name": "macaulay",
      "value": "3.50 years"
     }
    ],
    "min_addl_amt": "500",
    "min_addl_amt_multiple": "1",
    "min_amt": "500",
    "min_amt_multiple": "1",
    "monthly_aaum_date": "20250331",
    "monthly_aaum_value": "499.10 crores",
    "mutual_fund_name": "Franklin Templeton Mutual Fund",
    "scheme_launch_date": "19970331"
   }
  },
  {
   "value": {
    "amc_name": "Franklin Templeton Asset Management (India) Private Limited",
    "field_location": [
     {
      "amc_name": "49",
      "count": 36,
      "fund_manager_managing_fund_since": "49",
      "fund_manager_name": "49",
      "load_entry": "49",
      "load_exit": "49",
      "main_scheme_name": "49",
      "monthly_aaum_date": "49",
      "monthly_aaum_value": "49",
      "mutual_fund_name": "49",
      "scheme_launch_date": "49"
     }
    ],
    "fund_manager": [
     {
      "managing_fund_since": "october 4, 2024",
      "name": "Rajasa Kakulavarapu",
      "qualification": "",
      "total_exp": ""
     },
     {
      "managing_fund_since": "",
      "name": "Venkatesh Sanjeevi",
      "qualification": "",
      "total_exp": ""
     }
    ],
    "load": [
     {
      "comment": "Nil",
      "type": "entry"
     },
     {
      "comment": "(for each purchase of Units) In respect of each purchase of Units -1% if redeemed within 3 year of allotment",
      "type": "exit"
     }
    ],
    "main_scheme_name": "Franklin India Multi-Asset Solution Fund of Funds",
    "monthly_aaum_date": "20250331",
    "monthly_aaum_value": "62.83 crores",
    "mutual_fund_name": "Franklin Templeton Mutual Fund",
    "scheme_launch_date": "20141128"
   }
  },
  {
   "value": {
    "amc_name": "Franklin Templeton Asset Management (India) Private Limited",
    "benchmark_index": [
     "CRISIL Hybrid 35+65 - Aggressive Index"
    ],
    "field_location": [
     {
      "amc_name": "50",
      "benchmark_index": "50",
      "count": 36,
      "fund_manager_managing_fund_since": "50",
      "fund_manager_name": "50",
      "load_entry": "50",
      "load_exit": "50",
      "main_scheme_name": "50",
      "metrics_avg_maturity": "50",
      "metrics_macaulay": "50",
      "metrics_mod_duration": "50",
      "metrics_port_turnover_ratio": "50",
      "metrics_ytm": "50",
      "min_addl_amt": "50",
      "min_addl_amt_multiple": "50",
      "min_amt": "50",
      "min_amt_multiple": "50",
      "monthly_aaum_date": "50",
      "monthly_aaum_value": "50",
      "mutual_fund_name": "50",
      "scheme_launch_date": "50"
     }
    ],
    "fund_manager": [
     {
      "managing_fund_since": "october 4, 2024",
      "name": "Rajasa Kakulavarapu",
      "qualification": "",
      "total_exp": ""
     },
     {
      "managing_fund_since": "march 07, 2024",
      "name": "Ajay Argal",
      "qualification": "",
      "total_exp": ""
     },
     {
      "managing_fund_since": "march 07, 2024",
      "name": "Chandni Gupta",
      "qualification": "",
      "total_exp": ""
     },
     {
      "managing_fund_since": "",
      "name": "Anuj Tagra",
      "qualification": "",
      "total_exp": ""
     },
     {
      "managing_fund_since": "",
      "name": "Sandeep Manam",
      "qualification": "",
      "total_exp": ""
     }
    ],
    "load": [
     {
      "comment": "Nil",
      "type": "entry"
     },
     {
      "comment": "(for each purchase of Units) Upto 10% of the Units may be redeemed without any exit load within 1 year from the date of allotment. Any redemption in excess of the above limit shall be subject to the following exit load: 1.00% - if redeemed on or before 1 year from the date of allotment Nil - if redeemed after 1 year from the date of allotment",
      "type": "exit"
     }
    ],
    "main_scheme_name": "Franklin India Equity Hybrid Fund",
    "metrics": [
     {
      "name": "ytm",
      "value": "7.51%"
     },
     {
      "name": "port_turnover_ratio",
      "value": "67.57"
     },
     {
      "name": "mod_duration",
      "value": "3.45 Years"
     },
     {
      "name": "avg_maturity",
      "value": "5.10 Years"
     },
     {
      "name": "macaulay",
      "value": "3.63 Years"
     }
    ],
    "min_addl_amt": "1000",
    "min_addl_amt_multiple": "1",
    "min_amt": "5000",
    "min_amt_multiple": "1",
    "monthly_aaum_date": "20250331",
    "monthly_aaum_value": "2001.36 crores",
    "mutual_fund_name": "Franklin Templeton Mutual Fund",
    "scheme_launch_date": "19991210"
   }
  },
  {
   "value": {
    "amc_name": "Franklin Templeton Asset Management (India) Private Limited",
    "benchmark_index": [
     "NIFTY 50 Hybrid Composite Debt 50:50 Index"
    ],
    "field_location": [
     {
      "amc_name": "51",
      "benchmark_index": "51",
      "count": 36,
      "fund_manager_managing_fund_since": "51",
      "fund_manager_name": "51",
      "load_entry": "51",
      "load_exit": "51",
      "main_scheme_name": "51",
      "metrics_avg_maturity": "51",
      "metrics_macaulay": "51",
      "metrics_mod_duration": "51",
      "metrics_port_turnover_ratio": "51",
      "metrics_ytm": "51",
      "min_addl_amt": "51",
      "min_addl_amt_multiple": "51",
      "min_amt": "51",
      "min_amt_multiple": "51",
      "monthly_aaum_date": "51",
      "monthly_aaum_value": "51",
      "mutual_fund_name": "51",
      "scheme_launch_date": "51"
     }
    ],
    "fund_manager": [
     {
      "managing_fund_since": "october 4, 2024",
      "name": "Rajasa Kakulavarapu",
      "qualification": "",
      "total_exp": ""
     },
     {
      "managing_fund_since": "march 07, 2024",
      "name": "Venkatesh Sanjeevi",
      "qualification": "",
      "total_exp": ""
     },
     {
      "managing_fund_since": "march 07, 2024",
      "name": "Chandni Gupta",
      "qualification": "",
      "total_exp": ""
     },
     {
      "managing_fund_since": "november 10, 2023",
      "name": "Anuj Tagra",
      "qualification": "",
      "total_exp": ""
     },
     {
      "managing_fund_since": "",
      "name": "Rahul Goswami",
      "qualification": "",
      "total_exp": ""
     },
     {
      "managing_fund_since": "",
      "name": "Sandeep Manam",
      "qualification": "",
      "total_exp": ""
     }
    ],
    "load": [
     {
      "comment": "Nil",
      "type": "entry"
     },
     {
      "comment": "(for each purchase of Units) : Upto 10% of the Units may be redeemed without any exit load within 1 year from the date of allotment. Any redemption in excess of the above limit shall be subject to the following exit load: 1.00% - if redeemed on or before 1 year from the date of allotment Nil - if redeemed after 1 year from the date of allotment",
      "type": "exit"
     }
    ],
    "main_scheme_name": "Franklin India Balanced Advantage Fund",
    "metrics": [
     {
      "name": "ytm",
      "value": "7.34%"
     },
     {
      "name": "port_turnover_ratio",
      "value": "317.06"
     },
     {
      "name": "mod_duration",
      "value": "3.58 years"
     },
     {
      "name": "avg_maturity",
      "value": "4.88 years"
     },
     {
      "name": "macaulay",
      "value": "3.76 years"
     }
    ],
    "min_addl_amt": "1,000",
    "min_addl_amt_multiple": "1",
    "min_amt": "5,000",
    "min_amt_multiple": "1",
    "monthly_aaum_date": "20250331",
    "monthly_aaum_value": "2442.65 crores",
    "mutual_fund_name": "Franklin Templeton Mutual Fund",
    "scheme_launch_date": "20220906"
   }
  },
  {
   "value": {
    "amc_name": "Franklin Templeton Asset Management (India) Private Limited",
    "field_location": [
     {
      "amc_name": "82",
      "count": 36,
      "main_scheme_name": "82",
      "monthly_aaum_date": "82",
      "mutual_fund_name": "82",
      "scheme_launch_date": "82"
     }
    ],
    "main_scheme_name": "IDCW^/BONUS HISTORY Record Date Rate per Record Date Record Date Rate per unit ( ` ) Record Date Record Date Rate per unit ( unit ( ` ) NAV* ( ` ) Individual /HUF and Others NAV*( ` ) Individual /HUF and Others Franklin India Bluechip Fund ** Templeton India Equity Income Fund ** Franklin India Pension Plan ** Jan 24, 2025 4.25 47.7607 Mar 21, 2025 0.90 25.9141 Dec 27, 2024 1.5500 1.5500 Sep 23, 2024 1.25 30.2090 1.2500 1.2500",
    "monthly_aaum_date": "20250331",
    "mutual_fund_name": "Franklin Templeton Mutual Fund",
    "scheme_launch_date": "APRIL 2018"
   }
  }
 ]
}