{
 "metadata": {
  "document_name": "20_31-Mar-25_FS.pdf",
  "file_type": "fs",
  "process_date": "20250415"
 },
 "records": [
  {
   "value": {
    "amc_name": "Groww Asset Management Company Limited",
    "benchmark_index": [
     "NIFTY 100 - TRI"
    ],
    "field_location": [
     {
      "amc_name": "21",
      "benchmark_index": "21",
      "count": 24,
      "fund_manager_managing_fund_since": "21",
      "fund_manager_name": "21",
      "fund_manager_total_exp": "21",
      "load_entry": "21",
      "load_exit": "21",
      "main_scheme_name": "21",
      "metrics_port_turnover_ratio": "21",
      "metrics_r_squared_ratio": "21",
      "metrics_sharpe": "21",
      "min_addl_amt": "21",
      "min_addl_amt_multiple": "21",
      "min_amt": "21",
      "min_amt_multiple": "21",
      "monthly_aaum_date": "21",
      "monthly_aaum_value": "21",
      "mutual_fund_name": "21",
      "scheme_launch_date": "21"
     }
    ],
    "fund_manager": [
     {
      "managing_fund_since": "may 11, 2023",
      "name": "Mr. Anupam Tiwari",
      "qualification": "",
      "total_exp": "18 years"
     }
    ],
    "load": [
     {
      "comment": "Not Applicable",
      "type": "entry"
     },
     {
      "comment": "a) 1% if redeemed/ switched out within 7 Days from the date of allotment. b) Nil - if redeemed/ switched out after 7 Days from the date of allotment. Fund Size (as on March 28, 2025) Monthly Average AUM ` 116.52 Crore",
      "type": "exit"
     }
    ],
    "main_scheme_name": "GROWW LARGE CAP FUND",
    "metrics": [
     {
      "name": "sharpe",
      "value": "0.37"
     },
     {
      "name": "port_turnover_ratio",
      "value": "2.22%"
     },
     {
      "name": "r_squared_ratio",
      "value": "5"
     }
    ],
    "min_addl_amt": "100",
    "min_addl_amt_multiple": "1",
    "min_amt": "500",
    "min_amt_multiple": "1",
    "monthly_aaum_date": "20250328",
    "monthly_aaum_value": "116.52 Crore",
    "mutual_fund_name": "Groww Mutual Fund",
    "scheme_launch_date": "20120210"
   }
  },
  {
   "value": {
    "amc_name": "Groww Asset Management Company Limited",
    "benchmark_index": [
     "CRISIL Hybrid 35+65 - Aggressive Index"
    ],
    "field_location": [
     {
      "amc_name": "23",
      "benchmark_index": "23",
      "count": 24,
      "fund_manager_managing_fund_since": "23",
      "fund_manager_name": "23",
      "fund_manager_total_exp": "23",
      "load_entry": "23",
      "load_exit": "23",
      "main_scheme_name": "23",
      "metrics_beta": "23",
      "metrics_port_turnover_ratio": "23",
      "metrics_r_squared_ratio": "23",
      "metrics_sharpe": "23",
      "min_addl_amt": "23",
      "min_addl_amt_multiple": "23",
      "min_amt": "23",
      "min_amt_multiple": "23",
      "monthly_aaum_date": "23",
      "monthly_aaum_value": "23",
      "mutual_fund_name": "23",
      "scheme_launch_date": "23"
     }
    ],
    "fund_manager": [
     {
      "managing_fund_since": "may 11, 2023",
      "name": "Mr. Kaustubh Sule",
      "qualification": "",
      "total_exp": "17 years"
     },
     {
      "managing_fund_since": "may 11, 2023",
      "name": "Mr. Anupam Tiwari",
      "qualification": "",
      "total_exp": "18 years"
     }
    ],
    "load": [
     {
      "comment": "Not Applicable",
      "type": "entry"
     },
     {
      "comment": "a)1% if redeemed/ switched out within 7 Days from the date of allotment, b)Nil - if redeemed/ switched out after 7 Days from the date of allotment Minimum Additional Investment ` 100 and in multiples of ` 1/- thereafter",
      "type": "exit"
     }
    ],
    "main_scheme_name": "GROWW AGGRESSIVE HYBRID FUND",
    "metrics": [
     {
      "name": "sharpe",
      "value": "1.15"
     },
     {
      "name": "beta",
      "value": "1.07"
     },
     {
      "name": "r_squared_ratio",
      "value": "0.95"
     },
     {
      "name": "port_turnover_ratio",
      "value": "2.04%"
     }
    ],
    "min_addl_amt": "100",
    "min_addl_amt_multiple": "1",
    "min_amt": "500",
    "min_amt_multiple": "1",
    "monthly_aaum_date": "20250328",
    "monthly_aaum_value": "43.58 Crore",
    "mutual_fund_name": "Groww Mutual Fund",
    "scheme_launch_date": "20181213"
   }
  },
  {
   "value": {
    "amc_name": "Groww Asset Management Company Limited",
    "benchmark_index": [
     "Nifty 500 TRI"
    ],
    "field_location": [
     {
      "amc_name": "25",
      "benchmark_index": "25",
      "count": 24,
      "fund_manager_managing_fund_since": "25",
      "fund_manager_name": "25",
      "fund_manager_total_exp": "25",
      "load_entry": "25",
      "load_exit": "25",
      "main_scheme_name": "25",
      "metrics_port_turnover_ratio": "25",
      "metrics_r_squared_ratio": "25",
      "metrics_sharpe": "25",
      "min_addl_amt": "25",
      "min_addl_amt_multiple": "25",
      "min_amt": "25",
      "min_amt_multiple": "25",
      "monthly_aaum_date": "25",
      "monthly_aaum_value": "25",
      "mutual_fund_name": "25",
      "scheme_launch_date": "25"
     }
    ],
    "fund_manager": [
     {
      "managing_fund_since": "may 11, 2023",
      "name": "Mr. Anupam Tiwari",
      "qualification": "",
      "total_exp": "18 years"
     }
    ],
    "load": [
     {
      "comment": "Not Applicable",
      "type": "entry"
     },
     {
      "comment": "a) 1% if redeemed/ switched out within 1 year from the date of allotment. b) NIL, if redeemed/ switched out after 1 year from the date of allotment Fund Size (as on March 28, 2 025) Monthly Average AUM ` 48.11 Crore",
      "type": "exit"
     }
    ],
    "main_scheme_name": "GROWW VALUE FUND",
    "metrics": [
     {
      "name": "sharpe",
      "value": "0.48"
     },
     {
      "name": "port_turnover_ratio",
      "value": "1.47%"
     },
     {
      "name": "r_squared_ratio",
      "value": "7"
     }
    ],
    "min_addl_amt": "100",
    "min_addl_amt_multiple": "1",
    "min_amt": "500",
    "min_amt_multiple": "1",
    "monthly_aaum_date": "20250328",
    "monthly_aaum_value": "48.11 Crore",
    "mutual_fund_name": "Groww Mutual Fund",
    "scheme_launch_date": "20150908"
   }
  },
  {
   "value": {
    "amc_name": "Groww Asset Management Company Limited",
    "benchmark_index": [
     "BSE 500 TRI"
    ],
    "field_location": [
     {
      "amc_name": "27",
      "benchmark_index": "27",
      "count": 24,
      "fund_manager_managing_fund_since": "27",
      "fund_manager_name": "27",
      "fund_manager_total_exp": "27",
      "load_entry": "27",
      "load_exit": "27",
      "main_scheme_name": "27",
      "metrics_beta": "27",
      "metrics_port_turnover_ratio": "27",
      "metrics_r_squared_ratio": "27",
      "metrics_sharpe": "27",
      "min_addl_amt": "27",
      "min_addl_amt_multiple": "27",
      "min_amt": "27",
      "min_amt_multiple": "27",
      "monthly_aaum_date": "27",
      "monthly_aaum_value": "27",
      "mutual_fund_name": "27",
      "scheme_launch_date": "27"
     }
    ],
    "fund_manager": [
     {
      "managing_fund_since": "may 11, 2023",
      "name": "Mr. Anupam Tiwari",
      "qualification": "",
      "total_exp": "18 years"
     }
    ],
    "load": [
     {
      "comment": "Not Applicable",
      "type": "entry"
     },
     {
      "comment": "Nil Fund Size (as on March 28, 2025) Monthly Average AUM ` 44.43 Crore",
      "type": "exit"
     }
    ],
    "main_scheme_name": "GROWW ELSS TAX SAVER FUND",
    "metrics": [
     {
      "name": "sharpe",
      "value": "0.35"
     },
     {
      "name": "beta",
      "value": "0.96"
     },
     {
      "name": "r_squared_ratio",
      "value": "0.92"
     },
     {
      "name": "port_turnover_ratio",
      "value": "1.83%"
     }
    ],
    "min_addl_amt": "500",
    "min_addl_amt_multiple": "500",
    "min_amt": "500",
    "min_amt_multiple": "500",
    "monthly_aaum_date": "20250328",
    "monthly_aaum_value": "44.43 Crore",
    "mutual_fund_name": "Groww Mutual Fund",
    "scheme_launch_date": "20171228"
   }
  },
  {
   "value": {
    "amc_name": "Groww Asset Management Company Limited",
    "benchmark_index": [
     "Nifty 500 Multicap 50:25:25 Index TRI"
    ],
    "field_location": [
     {
      "amc_name": "29",
      "benchmark_index": "29",
      "count": 24,
      "fund_manager_managing_fund_since": "29",
      "fund_manager_name": "29",
      "fund_manager_total_exp": "29",
      "load_entry": "29",
      "load_exit": "29",
      "main_scheme_name": "29",
      "min_addl_amt": "29",
      "min_addl_amt_multiple": "29",
      "min_amt": "29",
      "min_amt_multiple": "29",
      "monthly_aaum_date": "29",
      "monthly_aaum_value": "29",
      "mutual_fund_name": "29",
      "scheme_launch_date": "29"
     }
    ],
    "fund_manager": [
     {
      "managing_fund_since": "december 16, 2024",
      "name": "Mr. Anupam Tiwari",
      "qualification": "",
      "total_exp": "18 years"
     }
    ],
    "load": [
     {
      "comment": "Not Applicable",
      "type": "entry"
     },
     {
      "comment": "a) 1% if redeemed/ switched out within 1 year from the date of allotment. b) NIL, if redeemed/ switched out after 1 year from the date of allotment Fund Size (as on March 28, 2025) Monthly Average AUM ` 77.34 Crore",
      "type": "exit"
     }
    ],
    "main_scheme_name": "GROWW MULTICAP FUND",
    "min_addl_amt": "100",
    "min_addl_amt_multiple": "1",
    "min_amt": "500",
    "min_amt_multiple": "1",
    "monthly_aaum_date": "20250328",
    "monthly_aaum_value": "77.34 Crore",
    "mutual_fund_name": "Groww Mutual Fund",
    "scheme_launch_date": "20241216"
   }
  },
  {
   "value": {
    "amc_name": "Groww Asset Management Company Limited",
    "benchmark_index": [
     "Nifty Total Market Index TRI (Total Return Index)"
    ],
    "field_location": [
     {
      "amc_name": "30",
      "benchmark_index": "30",
      "count": 24,
      "fund_manager_managing_fund_since": "30",
      "fund_manager_total_exp": "30",
      "load_entry": "30",
      "load_exit": "30",
      "main_scheme_name": "30",
      "min_addl_amt": "30",
      "min_addl_amt_multiple": "30",
      "min_amt": "30",
      "min_amt_multiple": "30",
      "monthly_aaum_date": "30",
      "monthly_aaum_value": "30",
      "mutual_fund_name": "30",
      "scheme_launch_date": "30"
     }
    ],
    "fund_manager": [
     {
      "managing_fund_since": "january 03, 2024",
      "name": "",
      "qualification": "",
      "total_exp": "12 years"
     },
     {
      "managing_fund_since": "february 21, 2025",
      "name": "",
      "qualification": "",
      "total_exp": ""
     }
    ],
    "load": [
     {
      "comment": "Nil",
      "type": "entry"
     },
     {
      "comment": "• 0.25% if redeemed/ switched out within 7 Days from the date of allotment. • Nil - if redeemed/ switched out after 7 Days from the date of allotment Fund Size (as on March 28, 2025) Monthly Average AUM ` 263.46 Crore",
      "type": "exit"
     }
    ],
    "main_scheme_name": "GROWW Nifty Total Market Index Fund ",
    "min_addl_amt": "100",
    "min_addl_amt_multiple": "1",
    "min_amt": "500",
    "min_amt_multiple": "1",
    "monthly_aaum_date": "20250328",
    "monthly_aaum_value": "263.46 Crore",
    "mutual_fund_name": "Groww Mutual Fund",
    "scheme_launch_date": "20231023"
   }
  },
  {
   "value": {
    "amc_name": "Groww Asset Management Company Limited",
    "benchmark_index": [
     "Nifty Financial Services Total Return Index"
    ],
    "field_location": [
     {
      "amc_name": "32",
      "benchmark_index": "32",
      "count": 24,
      "fund_manager_managing_fund_since": "32",
      "fund_manager_name": "32",
      "fund_manager_total_exp": "32",
      "load_entry": "32",
      "load_exit": "32",
      "main_scheme_name": "32",
      "min_addl_amt": "32",
      "min_addl_amt_multiple": "32",
      "min_amt": "32",
      "min_amt_multiple": "32",
      "monthly_aaum_date": "32",
      "monthly_aaum_value": "32",
      "mutual_fund_name": "32",
      "scheme_launch_date": "32"
     }
    ],
    "fund_manager": [
     {
      "managing_fund_since": "inception",
      "name": "Mr. Anupam Tiwari",
      "qualification": "",
      "total_exp": "18 years"
     },
     {
      "managing_fund_since": "24th march 2025",
      "name": "Mr. Saptarshee Chatterjee",
      "qualification": "",
      "total_exp": "08 years"
     }
    ],
    "load": [
     {
      "comment": "Nil",
      "type": "entry"
     },
     {
      "comment": "• For redemption / switch-out of units on or before 30 days from the date of allotment: 1.00% of applicable NAV • For redemption / switch-out of units after 30 days from the date of allotment: Nil Fund Size (as on March 28, 2025) Monthly Average AUM ` 46.98 Crore",
      "type": "exit"
     }
    ],
    "main_scheme_name": "GROWW Banking & Financial Services Fund ",
    "min_addl_amt": "100",
    "min_addl_amt_multiple": "1",
    "min_amt": "500",
    "min_amt_multiple": "1",
    "monthly_aaum_date": "20250328",
    "monthly_aaum_value": "46.98 Crore",
    "mutual_fund_name": "Groww Mutual Fund",
    "scheme_launch_date": "20240206"
   }
  },
  {
   "value": {
    "amc_name": "Groww Asset Management Company Limited",
    "benchmark_index": [
     "Nifty Smallcap 250 Index TRI (Total Return Index)"
    ],
    "field_location": [
     {
      "amc_name": "34",
      "benchmark_index": "34",
      "count": 24,
      "fund_manager_managing_fund_since": "34",
      "fund_manager_name": "34",
      "fund_manager_total_exp": "34",
      "load_entry": "34",
      "load_exit": "34",
      "main_scheme_name": "34",
      "min_addl_amt": "34",
      "min_addl_amt_multiple": "34",
      "min_amt": "34",
      "min_amt_multiple": "34",
      "monthly_aaum_date": "34",
      "monthly_aaum_value": "34",
      "mutual_fund_name": "34",
      "scheme_launch_date": "34"
     }
    ],
    "fund_manager": [
     {
      "managing_fund_since": "february 29, 2024",
      "name": "Mr. Abhishek Jain",
      "qualification": "",
      "total_exp": "12 years"
     },
     {
      "managing_fund_since": "february 21, 2025",
      "name": "Mr. Nikhil Satam",
      "qualification": "",
      "total_exp": "06 years"
     }
    ],
    "load": [
     {
      "comment": "Not Applicable",
      "type": "entry"
     },
     {
      "comment": "• 0.25% if redeemed/ switched out within 7 Days from the date of allotment. • Nil - if redeemed/ switched out after 7 Days from the date of allotment Fund Size (as on March 28, 2025) Monthly Average AUM ` 90.32 Crore",
      "type": "exit"
     }
    ],
    "main_scheme_name": "GROWW Nifty Smallcap 250 Index Fund ",
    "min_addl_amt": "500",
    "min_addl_amt_multiple": "1",
    "min_amt": "500",
    "min_amt_multiple": "1",
    "monthly_aaum_date": "20250328",
    "monthly_aaum_value": "90.32 Crore",
    "mutual_fund_name": "Groww Mutual Fund",
    "scheme_launch_date": "20240229"
   }
  },
  {
   "value": {
    "amc_name": "Groww Asset Management Company Limited",
    "benchmark_index": [
     "Nifty EV and New Age Automotive Index-TRI"
    ],
    "field_location": [
     {
      "amc_name": "36",
      "benchmark_index": "36",
      "count": 24,
      "fund_manager_managing_fund_since": "36",
      "fund_manager_name": "36",
      "fund_manager_total_exp": "36",
      "load_entry": "36",
      "load_exit": "36",
      "main_scheme_name": "36",
      "min_addl_amt": "36",
      "min_addl_amt_multiple": "36",
      "min_amt": "36",
      "min_amt_multiple": "36",
      "monthly_aaum_date": "36",
      "monthly_aaum_value": "36",
      "mutual_fund_name": "36",
      "scheme_launch_date": "36"
     }
    ],
    "fund_manager": [
     {
      "managing_fund_since": "august 07, 2024",
      "name": "Mr. Abhishek Jain",
      "qualification": "",
      "total_exp": "12 years"
     },
     {
      "managing_fund_since": "february 21, 2025",
      "name": "Mr. Nikhil Satam",
      "qualification": "",
      "total_exp": "06 years"
     }
    ],
    "load": [
     {
      "comment": "Nil",
      "type": "entry"
     },
     {
      "comment": "Nil Fund Size (as on March 28, 2025) Monthly Average AUM ` 225.58 Crore",
      "type": "exit"
     }
    ],
    "main_scheme_name": "GROWW Nifty EV & New Age Automotive ETF ",
    "min_addl_amt": "500",
    "min_addl_amt_multiple": "1",
    "min_amt": "500",
    "min_amt_multiple": "1",
    "monthly_aaum_date": "20250328",
    "monthly_aaum_value": "225.58 Crore",
    "mutual_fund_name": "Groww Mutual Fund",
    "scheme_launch_date": "20240807"
   }
  },
  {
   "value": {
    "amc_name": "Groww Asset Management Company Limited",
    "benchmark_index": [
     "Nifty EV and New Age Automotive Index-TRI"
    ],
    "field_location": [
     {
      "amc_name": "38",
      "benchmark_index": "38",
      "count": 24,
      "fund_manager_managing_fund_since": "38",
      "fund_manager_name": "38",
      "fund_manager_total_exp": "38",
      "load_entry": "38",
      "load_exit": "38",
      "main_scheme_name": "38",
      "min_addl_amt": "38",
      "min_addl_amt_multiple": "38",
      "min_amt": "38",
      "min_amt_multiple": "38",
      "monthly_aaum_date": "38",
      "monthly_aaum_value": "38",
      "mutual_fund_name": "38",
      "scheme_launch_date": "38"
     }
    ],
    "fund_manager": [
     {
      "managing_fund_since": "august 12, 2024",
      "name": "Mr. Abhishek Jain",
      "qualification": "",
      "total_exp": "12 years"
     },
     {
      "managing_fund_since": "february 21, 2025",
      "name": "Mr. Nikhil Satam",
      "qualification": "",
      "total_exp": "06 years"
     }
    ],
    "load": [
     {
      "comment": "Nil",
      "type": "entry"
     },
     {
      "comment": "If redeemed within 30 days from the date of allotment: 1%; If redeemed after 30 days from the date of allotment: NIL Fund Size (as on March 28, 2025) ` 115.37 Crore ` 118.23 Crore",
      "type": "exit"
     }
    ],
    "main_scheme_name": "GROWW Nifty EV & New Age Automotive ETF FOF ",
    "min_addl_amt": "500",
    "min_addl_amt_multiple": "1",
    "min_amt": "500",
    "min_amt_multiple": "1",
    "monthly_aaum_date": "20250328",
    "monthly_aaum_value": "115.37 Crore",
    "mutual_fund_name": "Groww Mutual Fund",
    "scheme_launch_date": "20240812"
   }
  },
  {
   "value": {
    "amc_name": "Groww Asset Management Company Limited",
    "benchmark_index": [
     "Nifty Non-Cyclical Consumer Index TRI (Total Return Index)"
    ],
    "field_location": [
     {
      "amc_name": "39",
      "benchmark_index": "39",
      "count": 24,
      "fund_manager_managing_fund_since": "39",
      "fund_manager_name": "39",
      "fund_manager_total_exp": "39",
      "load_entry": "39",
      "load_exit": "39",
      "main_scheme_name": "39",
      "min_addl_amt": "39",
      "min_addl_amt_multiple": "39",
      "min_amt": "39",
      "min_amt_multiple": "39",
      "monthly_aaum_date": "39",
      "monthly_aaum_value": "39",
      "mutual_fund_name": "39",
      "scheme_launch_date": "39"
     }
    ],
    "fund_manager": [
     {
      "managing_fund_since": "may 22, 2024",
      "name": "Mr. Abhishek Jain",
      "qualification": "",
      "total_exp": "12 years"
     },
     {
      "managing_fund_since": "february 21, 2025",
      "name": "Mr. Nikhil Satam",
      "qualification": "",
      "total_exp": "06 years"
     }
    ],
    "load": [
     {
      "comment": "Nil",
      "type": "entry"
     },
     {
      "comment": "• In respect of each purchase/switch-in of units, an Exit load of 1% is payable if units are redeemed/switched-out within 30 days from the date of allotment. • No Exit Load is payable if units are redeemed / switched-out after 30 days from the date of allotment. No Entry / Exit Load shall be levied on Units allotted on Re-investment of Income Distribution cum Capital Withdrawal. In respect of Systematic Transactions such as SIP, STP, etc. Exit Load, if any, prevailing on the date of registration / enrolment shall be levied. Fund Size (as on March 28, 2025) Monthly Average AUM ` 44.50 Crore",
      "type": "exit"
     }
    ],
    "main_scheme_name": "GROWW Nifty Non-Cyclical Consumer Index Fund ",
    "min_addl_amt": "500",
    "min_addl_amt_multiple": "1",
    "min_amt": "500",
    "min_amt_multiple": "1",
    "monthly_aaum_date": "20250328",
    "monthly_aaum_value": "44.50 Crore",
    "mutual_fund_name": "Groww Mutual Fund",
    "scheme_launch_date": "20240522"
   }
  },
  {
   "value": {
    "amc_name": "Groww Asset Management Company Limited",
    "benchmark_index": [
     "Nifty 1D Rate Index -TRI"
    ],
    "field_location": [
     {
      "amc_name": "41",
      "benchmark_index": "41",
      "count": 24,
      "fund_manager_name": "41",
      "fund_manager_total_exp": "41",
      "load_entry": "41",
      "load_exit": "41",
      "main_scheme_name": "41",
      "metrics_macaulay": "41",
      "metrics_ytm": "41",
      "min_addl_amt": "41",
      "min_addl_amt_multiple": "41",
      "min_amt": "41",
      "min_amt_multiple": "41",
      "monthly_aaum_date": "41",
      "monthly_aaum_value": "41",
      "mutual_fund_name": "41",
      "scheme_launch_date": "41"
     }
    ],
    "fund_manager": [
     {
      "managing_fund_since": "",
      "name": "Mr. Kaustubh Sule",
      "qualification": "",
      "total_exp": "17 years"
     }
    ],
    "load": [
     {
      "comment": "Nil",
      "type": "entry"
     },
     {
      "comment": "NiL Fund Size (as on March 28, 2025) ` 62.19 Crore ` 59.47 Crore",
      "type": "exit"
     }
    ],
    "main_scheme_name": "GROWW Nifty 1D Rate Liquid ETF ",
    "metrics": [
     {
      "name": "ytm",
      "value": "6.85%"
     },
     {
      "name": "macaulay",
      "value": "2.13 Days"
     }
    ],
    "min_addl_amt": "500",
    "min_addl_amt_multiple": "1",
    "min_amt": "500",
    "min_amt_multiple": "1",
    "monthly_aaum_date": "20250328",
    "monthly_aaum_value": "62.19 Crore",
    "mutual_fund_name": "Groww Mutual Fund",
    "scheme_launch_date": "20240924"
   }
  },
  {
   "value": {
    "amc_name": "Groww Asset Management Company Limited",
    "benchmark_index": [
     "Nifty India Defence Index - TRI"
    ],
    "field_location": [
     {
      "amc_name": "42",
      "benchmark_index": "42",
      "count": 24,
      "fund_manager_managing_fund_since": "42",
      "fund_manager_name": "42",
      "fund_manager_total_exp": "42",
      "load_entry": "42",
      "load_exit": "42",
      "main_scheme_name": "42",
      "min_addl_amt": "42",
      "min_addl_amt_multiple": "42",
      "min_amt": "42",
      "min_amt_multiple": "42",
      "monthly_aaum_date": "42",
      "monthly_aaum_value": "42",
      "mutual_fund_name": "42",
      "scheme_launch_date": "42"
     }
    ],
    "fund_manager": [
     {
      "managing_fund_since": "inception",
      "name": "Mr. Abhishek Jain",
      "qualification": "",
      "total_exp": "12 years"
     },
     {
      "managing_fund_since": "february 21, 2025",
      "name": "Mr. Nikhil Satam",
      "qualification": "",
      "total_exp": "06 years"
     }
    ],
    "load": [
     {
      "comment": "Nil",
      "type": "entry"
     },
     {
      "comment": "NiL Fund Size (as on March 28, 2025) ` 84.30 Crore ` 91.85 Crore",
      "type": "exit"
     }
    ],
    "main_scheme_name": "GROWW Nifty India Defence ETF ",
    "min_addl_amt": "500",
    "min_addl_amt_multiple": "1",
    "min_amt": "500",
    "min_amt_multiple": "1",
    "monthly_aaum_date": "20250328",
    "monthly_aaum_value": "84.30 Crore",
    "mutual_fund_name": "Groww Mutual Fund",
    "scheme_launch_date": "20241008"
   }
  },
  {
   "value": {
    "amc_name": "Groww Asset Management Company Limited",
    "benchmark_index": [
     "Nifty India Defence Index - TRI"
    ],
    "field_location": [
     {
      "amc_name": "43",
      "benchmark_index": "43",
      "count": 24,
      "fund_manager_managing_fund_since": "43",
      "fund_manager_name": "43",
      "fund_manager_total_exp": "43",
      "load_entry": "43",
      "load_exit": "43",
      "main_scheme_name": "43",
      "min_addl_amt": "43",
      "min_addl_amt_multiple": "43",
      "min_amt": "43",
      "min_amt_multiple": "43",
      "monthly_aaum_date": "43",
      "monthly_aaum_value": "43",
      "mutual_fund_name": "43",
      "scheme_launch_date": "43"
     }
    ],
    "fund_manager": [
     {
      "managing_fund_since": "inception",
      "name": "Mr. Abhishek Jain",
      "qualification": "",
      "total_exp": "12 years"
     },
     {
      "managing_fund_since": "february 21, 2025",
      "name": "Mr. Nikhil Satam",
      "qualification": "",
      "total_exp": "06 years"
     }
    ],
    "load": [
     {
      "comment": "Nil",
      "type": "entry"
     },
     {
      "comment": "If redeemed within 30 days from the date of allotment: 1%; If redeemed after 30 days from the date of allotment: NIL Fund Size (as on March 28, 2025) ` 30.98 Crore ` 34.12 Crore",
      "type": "exit"
     }
    ],
    "main_scheme_name": "GROWW Nifty India Defence ETF FOF ",
    "min_addl_amt": "500",
    "min_addl_amt_multiple": "1",
    "min_amt": "500",
    "min_amt_multiple": "1",
    "monthly_aaum_date": "20250328",
    "monthly_aaum_value": "30.98 Crore",
    "mutual_fund_name": "Groww Mutual Fund",
    "scheme_launch_date": "20241011"
   }
  },
  {
   "value": {
    "amc_name": "Groww Asset Management Company Limited",
    "benchmark_index": [
     "Domestic Price of Physical Gold"
    ],
    "field_location": [
     {
      "amc_name": "44",
      "benchmark_index": "44",
      "count": 24,
      "fund_manager_managing_fund_since": "44",
      "fund_manager_name": "44",
      "fund_manager_total_exp": "44",
      "load_entry": "44",
      "load_exit": "44",
      "main_scheme_name": "44",
      "min_addl_amt": "44",
      "min_addl_amt_multiple": "44",
      "min_amt": "44",
      "min_amt_multiple": "44",
      "monthly_aaum_date": "44",
      "monthly_aaum_value": "44",
      "mutual_fund_name": "44",
      "scheme_launch_date": "44"
     }
    ],
    "fund_manager": [
     {
      "managing_fund_since": "inception",
      "name": "Mr. Wilfred Gonsalves",
      "qualification": "",
      "total_exp": "07 years"
     }
    ],
    "load": [
     {
      "comment": "Nil",
      "type": "entry"
     },
     {
      "comment": "NiL Fund Size (as on March 28, 2025) ` 77.39 Crore ` 82.61 Crore",
      "type": "exit"
     }
    ],
    "main_scheme_name": "GROWW Gold ETF ",
    "min_addl_amt": "500",
    "min_addl_amt_multiple": "1",
    "min_amt": "500",
    "min_amt_multiple": "1",
    "monthly_aaum_date": "20250328",
    "monthly_aaum_value": "77.39 Crore",
    "mutual_fund_name": "Groww Mutual Fund",
    "scheme_launch_date": "20241022"
   }
  },
  {
   "value": {
    "amc_name": "Groww Asset Management Company Limited",
    "benchmark_index": [
     "Domestic Price of Gold"
    ],
    "field_location": [
     {
      "amc_name": "45",
      "benchmark_index": "45",
      "count": 24,
      "fund_manager_managing_fund_since": "45",
      "fund_manager_name": "45",
      "fund_manager_total_exp": "45",
      "load_entry": "45",
      "load_exit": "45",
      "main_scheme_name": "45",
      "min_addl_amt": "45",
      "min_addl_amt_multiple": "45",
      "min_amt": "45",
      "min_amt_multiple": "45",
      "monthly_aaum_date": "45",
      "monthly_aaum_value": "45",
      "mutual_fund_name": "45",
      "scheme_launch_date": "45"
     }
    ],
    "fund_manager": [
     {
      "managing_fund_since": "inception",
      "name": "Mr. Wilfred Gonsalves",
      "qualification": "",
      "total_exp": "07 years"
     }
    ],
    "load": [
     {
      "comment": "Nil",
      "type": "entry"
     },
     {
      "comment": "If redeemed within 30 days from the date of allotment: 1%; If redeemed after 30 days from the date of allotment: NIL Fund Size (as on March 28, 2025) ` 21.94 Crore ` 23.04 Crore",
      "type": "exit"
     }
    ],
    "main_scheme_name": "GROWW Gold ETF FOF ",
    "min_addl_amt": "500",
    "min_addl_amt_multiple": "1",
    "min_amt": "500",
    "min_amt_multiple": "1",
    "monthly_aaum_date": "20250328",
    "monthly_aaum_value": "21.94 Crore",
    "mutual_fund_name": "Groww Mutual Fund",
    "scheme_launch_date": "20241106"
   }
  },
  {
   "value": {
    "amc_name": "Groww Asset Management Company Limited",
    "benchmark_index": [
     "Nifty India Railways PSU Index - TRI."
    ],
    "field_location": [
     {
      "amc_name": "46",
      "benchmark_index": "46",
      "count": 24,
      "fund_manager_managing_fund_since": "46",
      "fund_manager_name": "46",
      "fund_manager_total_exp": "46",
      "load_entry": "46",
      "load_exit": "46",
      "main_scheme_name": "46",
      "min_addl_amt": "46",
      "min_addl_amt_multiple": "46",
      "min_amt": "46",
      "min_amt_multiple": "46",
      "monthly_aaum_date": "46",
      "monthly_aaum_value": "46",
      "mutual_fund_name": "46",
      "scheme_launch_date": "46"
     }
    ],
    "fund_manager": [
     {
      "managing_fund_since": "inception",
      "name": "Mr. Abhishek Jain",
      "qualification": "",
      "total_exp": "12 years"
     },
     {
      "managing_fund_since": "february 21, 2025",
      "name": "Nikhil Satam",
      "qualification": "",
      "total_exp": "06 years"
     }
    ],
    "load": [
     {
      "comment": "Nil",
      "type": "entry"
     },
     {
      "comment": "1%, if redeemed within 30 days Fund Size (as on March 28, 2025) ` 21.70 Crore ` 23.50 Crore",
      "type": "exit"
     }
    ],
    "main_scheme_name": "GROWW Nifty India Railways PSU Index Fund ",
    "min_addl_amt": "500",
    "min_addl_amt_multiple": "1",
    "min_amt": "500",
    "min_amt_multiple": "1",
    "monthly_aaum_date": "20250328",
    "monthly_aaum_value": "21.70 Crore",
    "mutual_fund_name": "Groww Mutual Fund",
    "scheme_launch_date": "20250204"
   }
  },
  {
   "value": {
    "amc_name": "Groww Asset Management Company Limited",
    "benchmark_index": [
     "Nifty India Railways PSU India- TRI"
    ],
    "field_location": [
     {
      "amc_name": "47",
      "benchmark_index": "47",
      "count": 24,
      "fund_manager_managing_fund_since": "47",
      "fund_manager_name": "47",
      "fund_manager_total_exp": "47",
      "load_entry": "47",
      "load_exit": "47",
      "main_scheme_name": "47",
      "min_addl_amt": "47",
      "min_addl_amt_multiple": "47",
      "min_amt": "47",
      "min_amt_multiple": "47",
      "monthly_aaum_date": "47",
      "monthly_aaum_value": "47",
      "mutual_fund_name": "47",
      "scheme_launch_date": "47"
     }
    ],
    "fund_manager": [
     {
      "managing_fund_since": "inception",
      "name": "Mr. Abhishek Jain",
      "qualification": "",
      "total_exp": "12 years"
     },
     {
      "managing_fund_since": "february 21, 2025",
      "name": "Nikhil Satam",
      "qualification": "",
      "total_exp": "06 years"
     }
    ],
    "load": [
     {
      "comment": "Nil",
      "type": "entry"
     },
     {
      "comment": "NIL Fund Size (as on March 28, 2025) ` 27.35 Crore ` 29.11 Crore",
      "type": "exit"
     }
    ],
    "main_scheme_name": "GROWW Nifty India Railways PSU ETF ",
    "min_addl_amt": "500",
    "min_addl_amt_multiple": "1",
    "min_amt": "500",
    "min_amt_multiple": "1",
    "monthly_aaum_date": "20250328",
    "monthly_aaum_value": "27.35 Crore",
    "mutual_fund_name": "Groww Mutual Fund",
    "scheme_launch_date": "20250205"
   }
  },
  {
   "value": {
    "amc_name": "Groww Asset Management Company Limited",
    "benchmark_index": [
     "Nifty 200 Index TRI"
    ],
    "field_location": [
     {
      "amc_name": "48",
      "benchmark_index": "48",
      "count": 24,
      "fund_manager_managing_fund_since": "48",
      "fund_manager_name": "48",
      "fund_manager_total_exp": "48",
      "load_entry": "48",
      "load_exit": "48",
      "main_scheme_name": "48",
      "min_addl_amt": "48",
      "min_addl_amt_multiple": "48",
      "min_amt": "48",
      "min_amt_multiple": "48",
      "monthly_aaum_date": "48",
      "monthly_aaum_value": "48",
      "mutual_fund_name": "48",
      "scheme_launch_date": "48"
     }
    ],
    "fund_manager": [
     {
      "managing_fund_since": "inception",
      "name": "Mr. Abhishek Jain",
      "qualification": "",
      "total_exp": "12 years"
     },
     {
      "managing_fund_since": "3rd march, 2025",
      "name": "Mr. Nikhil Satam",
      "qualification": "",
      "total_exp": "06 years"
     }
    ],
    "load": [
     {
      "comment": "Nil",
      "type": "entry"
     },
     {
      "comment": "NIL Fund Size (as on March 28, 2025) ` 19.36 Crore ` 13.49 Crore",
      "type": "exit"
     }
    ],
    "main_scheme_name": "GROWW Nifty 200 ETF ",
    "min_addl_amt": "500",
    "min_addl_amt_multiple": "1",
    "min_amt": "500",
    "min_amt_multiple": "1",
    "monthly_aaum_date": "20250328",
    "monthly_aaum_value": "19.36 Crore",
    "mutual_fund_name": "Groww Mutual Fund",
    "scheme_launch_date": "20250225"
   }
  },
  {
   "value": {
    "amc_name": "Groww Asset Management Company Limited",
    "benchmark_index": [
     "Nifty 200 Index TRI"
    ],
    "field_location": [
     {
      "amc_name": "49",
      "benchmark_index": "49",
      "count": 24,
      "fund_manager_managing_fund_since": "49",
      "fund_manager_name": "49",
      "fund_manager_total_exp": "49",
      "load_entry": "49",
      "load_exit": "49",
      "main_scheme_name": "49",
      "min_addl_amt": "49",
      "min_addl_amt_multiple": "49",
      "min_amt": "49",
      "min_amt_multiple": "49",
      "monthly_aaum_date": "49",
      "monthly_aaum_value": "49",
      "mutual_fund_name": "49",
      "scheme_launch_date": "49"
     }
    ],
    "fund_manager": [
     {
      "managing_fund_since": "inception",
      "name": "Mr. Abhishek Jain",
      "qualification": "",
      "total_exp": "12 years"
     },
     {
      "managing_fund_since": "28th february, 2025",
      "name": "Mr. Nikhil Satam",
      "qualification": "",
      "total_exp": "06 years"
     }
    ],
    "load": [
     {
      "comment": "Nil",
      "type": "entry"
     },
     {
      "comment": "If redeemed within 30 days from the date of allotment: 1%; If redeemed after 30 days from the date of allotment: NIL Fund Size (as on March 28, 2025) ` 12.82 Crore ` 7.43 Crore",
      "type": "exit"
     }
    ],
    "main_scheme_name": "GROWW Nifty 200 ETF FOF ",
    "min_addl_amt": "500",
    "min_addl_amt_multiple": "1",
    "min_amt": "500",
    "min_amt_multiple": "1",
    "monthly_aaum_date": "20250328",
    "monthly_aaum_value": "12.82 Crore",
    "mutual_fund_name": "Groww Mutual Fund",
    "scheme_launch_date": "20250228"
   }
  },
  {
   "value": {
    "amc_name": "Groww Asset Management Company Limited",
    "benchmark_index": [
     "CRISIL Liquid Overnight Index"
    ],
    "field_location": [
     {
      "amc_name": "50",
      "benchmark_index": "50",
      "count": 24,
      "fund_manager_managing_fund_since": "50",
      "fund_manager_name": "50",
      "fund_manager_total_exp": "50",
      "load_entry": "50",
      "load_exit": "50",
      "main_scheme_name": "50",
      "metrics_macaulay": "50",
      "metrics_mod_duration": "50",
      "metrics_ytm": "50",
      "min_addl_amt": "50",
      "min_addl_amt_multiple": "50",
      "min_amt": "50",
      "min_amt_multiple": "50",
      "monthly_aaum_date": "50",
      "monthly_aaum_value": "50",
      "mutual_fund_name": "50",
      "scheme_launch_date": "50"
     }
    ],
    "fund_manager": [
     {
      "managing_fund_since": "may 11, 2023",
      "name": "Mr. Kaustubh Sule",
      "qualification": "",
      "total_exp": "17 years"
     }
    ],
    "load": [
     {
      "comment": "Not Applicable",
      "type": "entry"
     },
     {
      "comment": "Nil Fund Size (as on March 28, 2025) Monthly Average AUM ` 17.81 Crore",
      "type": "exit"
     }
    ],
    "main_scheme_name": "GROWW OVERNIGHT FUND",
    "metrics": [
     {
      "name": "ytm",
      "value": "6.85%"
     },
     {
      "name": "mod_duration",
      "value": "1.98 Days"
     },
     {
      "name": "macaulay",
      "value": "1.98 Days"
     }
    ],
    "min_addl_amt": "100",
    "min_addl_amt_multiple": "1",
    "min_amt": "500",
    "min_amt_multiple": "1",
    "monthly_aaum_date": "20250328",
    "monthly_aaum_value": "17.81 Crore",
    "mutual_fund_name": "Groww Mutual Fund",
    "scheme_launch_date": "20190708"
   }
  },
  {
   "value": {
    "amc_name": "Groww Asset Management Company Limited",
    "benchmark_index": [
     "CRISIL Liquid Debt A-I Index"
    ],
    "field_location": [
     {
      "amc_name": "52",
      "benchmark_index": "52",
      "count": 24,
      "fund_manager_managing_fund_since": "52",
      "fund_manager_name": "52",
      "fund_manager_total_exp": "52",
      "load_entry": "52",
      "load_exit": "52",
      "main_scheme_name": "52",
      "metrics_macaulay": "52",
      "metrics_mod_duration": "52",
      "metrics_ytm": "52",
      "min_addl_amt": "52",
      "min_addl_amt_multiple": "52",
      "min_amt": "52",
      "min_amt_multiple": "52",
      "monthly_aaum_date": "52",
      "monthly_aaum_value": "52",
      "mutual_fund_name": "52",
      "scheme_launch_date": "52"
     }
    ],
    "fund_manager": [
     {
      "managing_fund_since": "may 11, 2023",
      "name": "Mr. Kaustubh Sule",
      "qualification": "",
      "total_exp": "17 years"
     }
    ],
    "load": [
     {
      "comment": "Not Applicable",
      "type": "entry"
     },
     {
      "comment": "Investor exit Day 7 Day 1 Day 2 Day 3 Day 4 Day 5 Day 6 upon subscription* onwards Exit Load as a % of redemption proceeds 0.0070% 0.0065% 0.0060% 0.0055% 0.0050% 0.0045% 0.0000% *The date of applicable NAV towards redemption units shall be considered for calculating the number of subscription days. Fund Size (as on March 28, 2025) Monthly Average AUM ` 157.32 Crore",
      "type": "exit"
     }
    ],
    "main_scheme_name": "GROWW LIQUID FUND",
    "metrics": [
     {
      "name": "ytm",
      "value": "7.07%"
     },
     {
      "name": "mod_duration",
      "value": "62.89 Days"
     },
     {
      "name": "macaulay",
      "value": "62.75 Days"
     }
    ],
    "min_addl_amt": "100",
    "min_addl_amt_multiple": "1",
    "min_amt": "500",
    "min_amt_multiple": "1",
    "monthly_aaum_date": "20250328",
    "monthly_aaum_value": "157.32 Crore",
    "mutual_fund_name": "Groww Mutual Fund",
    "scheme_launch_date": "20111025"
   }
  },
  {
   "value": {
    "amc_name": "Groww Asset Management Company Limited",
    "benchmark_index": [
     "CRISIL Short Duration Debt A-II Index"
    ],
    "field_location": [
     {
      "amc_name": "54",
      "benchmark_index": "54",
      "count": 24,
      "fund_manager_managing_fund_since": "54",
      "fund_manager_name": "54",
      "fund_manager_total_exp": "54",
      "load_entry": "54",
      "load_exit": "54",
      "main_scheme_name": "54",
      "metrics_macaulay": "54",
      "metrics_mod_duration": "54",
      "metrics_ytm": "54",
      "min_addl_amt": "54",
      "min_addl_amt_multiple": "54",
      "min_amt": "54",
      "min_amt_multiple": "54",
      "monthly_aaum_date": "54",
      "monthly_aaum_value": "54",
      "mutual_fund_name": "54",
      "scheme_launch_date": "54"
     }
    ],
    "fund_manager": [
     {
      "managing_fund_since": "may 11, 2023",
      "name": "Mr. Kaustubh Sule",
      "qualification": "",
      "total_exp": "17 years"
     }
    ],
    "load": [
     {
      "comment": "Not Applicable",
      "type": "entry"
     },
     {
      "comment": "Nil Fund Size (as on March 28, 2025) Monthly Average AUM ` 66.36 Crore",
      "type": "exit"
     }
    ],
    "main_scheme_name": "GROWW SHORT DURATION FUND",
    "metrics": [
     {
      "name": "ytm",
      "value": "7.21%"
     },
     {
      "name": "mod_duration",
      "value": "3.26 Years"
     },
     {
      "name": "macaulay",
      "value": "2.84 Years"
     }
    ],
    "min_addl_amt": "100",
    "min_addl_amt_multiple": "1",
    "min_amt": "500",
    "min_amt_multiple": "1",
    "monthly_aaum_date": "20250328",
    "monthly_aaum_value": "66.36 Crore",
    "mutual_fund_name": "Groww Mutual Fund",
    "scheme_launch_date": "20130913"
   }
  },
  {
   "value": {
    "amc_name": "Groww Asset Management Company Limited",
    "benchmark_index": [
     "CRISIL Dynamic Bond A-III Index"
    ],
    "field_location": [
     {
      "amc_name": "56",
      "benchmark_index": "56",
      "count": 24,
      "fund_manager_managing_fund_since": "56",
      "fund_manager_name": "56",
      "fund_manager_total_exp": "56",
      "load_entry": "56",
      "load_exit": "56",
      "main_scheme_name": "56",
      "metrics_macaulay": "56",
      "metrics_mod_duration": "56",
      "metrics_ytm": "56",
      "min_addl_amt": "56",
      "min_addl_amt_multiple": "56",
      "min_amt": "56",
      "min_amt_multiple": "56",
      "monthly_aaum_date": "56",
      "monthly_aaum_value": "56",
      "mutual_fund_name": "56",
      "scheme_launch_date": "56"
     }
    ],
    "fund_manager": [
     {
      "managing_fund_since": "may 11, 2023",
      "name": "Mr. Kaustubh Sule",
      "qualification": "",
      "total_exp": "17 years"
     }
    ],
    "load": [
     {
      "comment": "Not Applicable",
      "type": "entry"
     },
     {
      "comment": "Nil Fund Size (as on March 28, 2025) Monthly Average AUM ` 61.60 Crore",
      "type": "exit"
     }
    ],
    "main_scheme_name": "GROWW DYNAMIC BOND FUND",
    "metrics": [
     {
      "name": "ytm",
      "value": "7.05%"
     },
     {
      "name": "mod_duration",
      "value": "25.99 Years"
     },
     {
      "name": "macaulay",
      "value": "9.80 Years"
     }
    ],
    "min_addl_amt": "100",
    "min_addl_amt_multiple": "1",
    "min_amt": "500",
    "min_amt_multiple": "1",
    "monthly_aaum_date": "20250328",
    "monthly_aaum_value": "61.60 Crore",
    "mutual_fund_name": "Groww Mutual Fund",
    "scheme_launch_date": "20181206"
   }
  }
 ]
}