{
 "metadata": {
  "document_name": "22_31-Mar-25_FS.pdf",
  "file_type": "fs",
  "process_date": "20250411"
 },
 "records": [
  {
   "value": {
    "amc_name": "JM Financial Asset Management Limited",
    "benchmark_index": [
     "BSE 500 TRI ##",
     "Additional Benchmark Index: Nifty 50 TRI"
    ],
    "field_location": [
     {
      "amc_name": "21",
      "benchmark_index": "21",
      "count": 15,
      "fund_manager_managing_fund_since": "21",
      "fund_manager_name": "21",
      "fund_manager_total_exp": "21",
      "load_exit": "21",
      "main_scheme_name": "21",
      "metrics_beta": "21",
      "metrics_port_turnover_ratio": "21",
      "metrics_sharpe": "21",
      "metrics_std_dev": "21",
      "min_addl_amt": "21",
      "min_addl_amt_multiple": "21",
      "min_amt": "21",
      "min_amt_multiple": "21",
      "monthly_aaum_date": "21",
      "monthly_aaum_value": "21",
      "mutual_fund_name": "21",
      "scheme_launch_date": "21"
     }
    ],
    "fund_manager": [
     {
      "managing_fund_since": "july 18, 2014 ",
      "name": "Mr. Chaitanya Choksi",
      "qualification": "",
      "total_exp": "21 years"
     },
     {
      "managing_fund_since": "october 01, 2024 ",
      "name": "Mr. Satish Ramanathan",
      "qualification": "",
      "total_exp": "20 years"
     },
     {
      "managing_fund_since": "december, 2021",
      "name": "Mr. Asit Bhandarkar",
      "qualification": "",
      "total_exp": "10 years"
     },
     {
      "managing_fund_since": "october 04, 2024 ",
      "name": "Ms. Ruchi Fozdar",
      "qualification": "",
      "total_exp": ""
     }
    ],
    "load": [
     {
      "comment": "NIL",
      "type": "exit"
     }
    ],
    "main_scheme_name": "JM ELSS Tax Saver Fund",
    "metrics": [
     {
      "name": "sharpe",
      "value": "0.59"
     },
     {
      "name": "std_dev",
      "value": "16.07"
     },
     {
      "name": "beta",
      "value": "0.93"
     },
     {
      "name": "port_turnover_ratio",
      "value": "0.9275"
     }
    ],
    "min_addl_amt": "500",
    "min_addl_amt_multiple": "500",
    "min_amt": "500",
    "min_amt_multiple": "500",
    "monthly_aaum_date": "20250331",
    "monthly_aaum_value": "176.30 Crore",
    "mutual_fund_name": "JM Financial Mutual Fund",
    "scheme_launch_date": "20080331"
   }
  },
  {
   "value": {
    "amc_name": "JM Financial Asset Management Limited",
    "benchmark_index": [
     "BSE 500 TRI ##",
     "Additional Benchmark Index: Nifty 50 TRI"
    ],
    "field_location": [
     {
      "amc_name": "22",
      "benchmark_index": "22",
      "count": 15,
      "fund_manager_managing_fund_since": "22",
      "fund_manager_name": "22",
      "fund_manager_total_exp": "22",
      "load_exit": "22",
      "main_scheme_name": "22",
      "metrics_beta": "22",
      "metrics_port_turnover_ratio": "22",
      "metrics_sharpe": "22",
      "metrics_std_dev": "22",
      "min_addl_amt": "22",
      "min_addl_amt_multiple": "22",
      "min_amt": "22",
      "min_amt_multiple": "22",
      "monthly_aaum_date": "22",
      "monthly_aaum_value": "22",
      "mutual_fund_name": "22",
      "scheme_launch_date": "22"
     }
    ],
    "fund_manager": [
     {
      "managing_fund_since": "august 20, 2021 ",
      "name": "Mr. Satish Ramanathan",
      "qualification": "",
      "total_exp": "20 years"
     },
     {
      "managing_fund_since": "october 01, 2024",
      "name": "Mr. Asit Bhandarkar",
      "qualification": "",
      "total_exp": "21 years"
     },
     {
      "managing_fund_since": "december 2021",
      "name": "Mr. Chaitanya Choksi",
      "qualification": "",
      "total_exp": "10 years"
     },
     {
      "managing_fund_since": "october 04, 2024 ",
      "name": "Ms. Ruchi Fozdar",
      "qualification": "",
      "total_exp": ""
     }
    ],
    "load": [
     {
      "comment": "• If the units are redeemed/switched out on or before 30 days from the date of allotment – 1.00%. • If the units are redeemed / switched out after 30 days from the date of allotment – Nil.",
      "type": "exit"
     }
    ],
    "main_scheme_name": "JM Flexicap Fund",
    "metrics": [
     {
      "name": "sharpe",
      "value": "0.83"
     },
     {
      "name": "std_dev",
      "value": "15.98"
     },
     {
      "name": "beta",
      "value": "0.92"
     },
     {
      "name": "port_turnover_ratio",
      "value": "1.5927"
     }
    ],
    "min_addl_amt": "100",
    "min_addl_amt_multiple": "1",
    "min_amt": "1000",
    "min_amt_multiple": "1",
    "monthly_aaum_date": "20250331",
    "monthly_aaum_value": "5,105.11 Crore",
    "mutual_fund_name": "JM Financial Mutual Fund",
    "scheme_launch_date": "20080923"
   }
  },
  {
   "value": {
    "amc_name": "JM Financial Asset Management Limited",
    "benchmark_index": [
     "Nifty Midcap 150 TRI ##",
     "Additional Benchmark Index: Nifty 50 TRI"
    ],
    "field_location": [
     {
      "amc_name": "23",
      "benchmark_index": "23",
      "count": 15,
      "fund_manager_managing_fund_since": "23",
      "fund_manager_name": "23",
      "fund_manager_total_exp": "23",
      "load_exit": "23",
      "main_scheme_name": "23",
      "metrics_beta": "23",
      "metrics_port_turnover_ratio": "23",
      "metrics_sharpe": "23",
      "metrics_std_dev": "23",
      "metrics_tracking_error": "23",
      "min_addl_amt": "23",
      "min_addl_amt_multiple": "23",
      "min_amt": "23",
      "min_amt_multiple": "23",
      "monthly_aaum_date": "23",
      "monthly_aaum_value": "23",
      "mutual_fund_name": "23",
      "scheme_launch_date": "23"
     }
    ],
    "fund_manager": [
     {
      "managing_fund_since": "november 21, 2022 ",
      "name": "Mr. Satish Ramanathan",
      "qualification": "",
      "total_exp": "20 years"
     },
     {
      "managing_fund_since": "october 01, 2024",
      "name": "Mr. Asit Bhandarkar",
      "qualification": "",
      "total_exp": "21 years"
     },
     {
      "managing_fund_since": "november 21, 2022",
      "name": "Mr. Chaitanya Choksi",
      "qualification": "",
      "total_exp": "10 years"
     },
     {
      "managing_fund_since": "october 04, 2024 ",
      "name": "Ms. Ruchi Fozdar",
      "qualification": "",
      "total_exp": ""
     }
    ],
    "load": [
     {
      "comment": "• If the units are redeemed/switched out on or before 180 days from the date of allotment – 1.00%. • If the units are redeemed/switched out after 180 days from the date of allotment – Nil.",
      "type": "exit"
     }
    ],
    "main_scheme_name": "JM Midcap Fund",
    "metrics": [
     {
      "name": "sharpe",
      "value": "41."
     },
     {
      "name": "std_dev",
      "value": "41."
     },
     {
      "name": "beta",
      "value": "41."
     },
     {
      "name": "tracking_error",
      "value": "41."
     },
     {
      "name": "port_turnover_ratio",
      "value": "1.8558"
     }
    ],
    "min_addl_amt": "100",
    "min_addl_amt_multiple": "1",
    "min_amt": "1000",
    "min_amt_multiple": "1",
    "monthly_aaum_date": "20250331",
    "monthly_aaum_value": "1,228.89 Crore",
    "mutual_fund_name": "JM Financial Mutual Fund",
    "scheme_launch_date": "20221121"
   }
  },
  {
   "value": {
    "amc_name": "JM Financial Asset Management Limited",
    "benchmark_index": [
     "Nifty Smallcap 250 TRI ##",
     "Additional Benchmark Index: Nifty 50 TRI"
    ],
    "field_location": [
     {
      "amc_name": "24",
      "benchmark_index": "24",
      "count": 15,
      "fund_manager_managing_fund_since": "24",
      "fund_manager_name": "24",
      "fund_manager_total_exp": "24",
      "load_exit": "24",
      "main_scheme_name": "24",
      "metrics_port_turnover_ratio": "24",
      "min_addl_amt": "24",
      "min_addl_amt_multiple": "24",
      "min_amt": "24",
      "min_amt_multiple": "24",
      "monthly_aaum_date": "24",
      "monthly_aaum_value": "24",
      "mutual_fund_name": "24",
      "scheme_launch_date": "24"
     }
    ],
    "fund_manager": [
     {
      "managing_fund_since": "june 18, 2024 ",
      "name": "Mr. Asit Bhandarkar",
      "qualification": "",
      "total_exp": "20 years"
     },
     {
      "managing_fund_since": "october 01, 2024 ",
      "name": "Mr. Satish Ramanathan",
      "qualification": "",
      "total_exp": "21 years"
     },
     {
      "managing_fund_since": "june 18, 2024",
      "name": "Mr. Chaitanya Choksi",
      "qualification": "",
      "total_exp": "10 years"
     },
     {
      "managing_fund_since": "october 04, 2024 ",
      "name": "Ms. Ruchi Fozdar",
      "qualification": "",
      "total_exp": ""
     }
    ],
    "load": [
     {
      "comment": "• If the units are redeemed/switched out on or before 180 days from the date of allotment – 1.00%. • If the units are redeemed / switched out after 180 days from the date of allotment – Nil.",
      "type": "exit"
     }
    ],
    "main_scheme_name": "JM Small Cap Fund",
    "metrics": [
     {
      "name": "port_turnover_ratio",
      "value": "41."
     }
    ],
    "min_addl_amt": "100",
    "min_addl_amt_multiple": "1",
    "min_amt": "1000",
    "min_amt_multiple": "1",
    "monthly_aaum_date": "20250331",
    "monthly_aaum_value": "576.94 Crore",
    "mutual_fund_name": "JM Financial Mutual Fund",
    "scheme_launch_date": "20240618"
   }
  },
  {
   "value": {
    "amc_name": "JM Financial Asset Management Limited",
    "benchmark_index": [
     "BSE 100 TRI ##",
     "Additional Benchmark Index: Nifty 50 TRI"
    ],
    "field_location": [
     {
      "amc_name": "25",
      "benchmark_index": "25",
      "count": 15,
      "fund_manager_managing_fund_since": "25",
      "fund_manager_name": "25",
      "fund_manager_total_exp": "25",
      "load_exit": "25",
      "main_scheme_name": "25",
      "metrics_beta": "25",
      "metrics_port_turnover_ratio": "25",
      "metrics_sharpe": "25",
      "metrics_std_dev": "25",
      "min_addl_amt": "25",
      "min_addl_amt_multiple": "25",
      "min_amt": "25",
      "min_amt_multiple": "25",
      "monthly_aaum_date": "25",
      "monthly_aaum_value": "25",
      "mutual_fund_name": "25",
      "scheme_launch_date": "25"
     }
    ],
    "fund_manager": [
     {
      "managing_fund_since": "august 20, 2021 ",
      "name": "Mr. Satish Ramanathan",
      "qualification": "",
      "total_exp": "20 years"
     },
     {
      "managing_fund_since": "october 5, 2017 ",
      "name": "Mr. Asit Bhandarkar",
      "qualification": "",
      "total_exp": "21 years"
     },
     {
      "managing_fund_since": "january 27, 2025 ",
      "name": "Mr. Deepak Gupta",
      "qualification": "",
      "total_exp": "10 years"
     },
     {
      "managing_fund_since": "october 04, 2024 ",
      "name": "Ms. Ruchi Fozdar",
      "qualification": "",
      "total_exp": ""
     }
    ],
    "load": [
     {
      "comment": "• If the units are redeemed/switched out on or before 30 days from the date of allotment – 1.00%. • If the units are redeemed / switched out after 30 days from the date of allotment – Nil.",
      "type": "exit"
     }
    ],
    "main_scheme_name": "JM Large Cap Fund",
    "metrics": [
     {
      "name": "sharpe",
      "value": "0.44"
     },
     {
      "name": "std_dev",
      "value": "14.30"
     },
     {
      "name": "beta",
      "value": "0.87"
     },
     {
      "name": "port_turnover_ratio",
      "value": "2.8334"
     }
    ],
    "min_addl_amt": "100",
    "min_addl_amt_multiple": "1",
    "min_amt": "1000",
    "min_amt_multiple": "1",
    "monthly_aaum_date": "20250331",
    "monthly_aaum_value": "477.21 Crore",
    "mutual_fund_name": "JM Financial Mutual Fund",
    "scheme_launch_date": "19950401"
   }
  },
  {
   "value": {
    "amc_name": "JM Financial Asset Management Limited",
    "benchmark_index": [
     "BSE 500 TRI ##",
     "Additional Benchmark Index: Nifty 50 TRI"
    ],
    "field_location": [
     {
      "amc_name": "26",
      "benchmark_index": "26",
      "count": 15,
      "fund_manager_managing_fund_since": "26",
      "fund_manager_name": "26",
      "fund_manager_total_exp": "26",
      "load_exit": "26",
      "main_scheme_name": "26",
      "metrics_beta": "26",
      "metrics_port_turnover_ratio": "26",
      "metrics_sharpe": "26",
      "metrics_std_dev": "26",
      "min_addl_amt": "26",
      "min_addl_amt_multiple": "26",
      "min_amt": "26",
      "min_amt_multiple": "26",
      "monthly_aaum_date": "26",
      "monthly_aaum_value": "26",
      "mutual_fund_name": "26",
      "scheme_launch_date": "26"
     }
    ],
    "fund_manager": [
     {
      "managing_fund_since": "august 20, 2021 ",
      "name": "Mr. Satish Ramanathan",
      "qualification": "",
      "total_exp": "21 years"
     },
     {
      "managing_fund_since": "october 01, 2024 ",
      "name": "Mr. Chaitanya Choksi",
      "qualification": "",
      "total_exp": "20 years"
     },
     {
      "managing_fund_since": "december, 2006",
      "name": "Mr. Asit Bhandarkar",
      "qualification": "",
      "total_exp": "10 years"
     },
     {
      "managing_fund_since": "october 04, 2024 ",
      "name": "Ms. Ruchi Fozdar",
      "qualification": "",
      "total_exp": ""
     }
    ],
    "load": [
     {
      "comment": "• If the units are redeemed/switched out on or before 30 days from the date of allotment – 1.00%. • If the units are redeemed / switched out after 30 days from the date of allotment – Nil.",
      "type": "exit"
     }
    ],
    "main_scheme_name": "JM Value Fund",
    "metrics": [
     {
      "name": "sharpe",
      "value": "0.75"
     },
     {
      "name": "std_dev",
      "value": "16.87"
     },
     {
      "name": "beta",
      "value": "0.94"
     },
     {
      "name": "port_turnover_ratio",
      "value": "1.1784"
     }
    ],
    "min_addl_amt": "100",
    "min_addl_amt_multiple": "1",
    "min_amt": "1000",
    "min_amt_multiple": "1",
    "monthly_aaum_date": "20250331",
    "monthly_aaum_value": "969.14 Crore",
    "mutual_fund_name": "JM Financial Mutual Fund",
    "scheme_launch_date": "19970602"
   }
  },
  {
   "value": {
    "amc_name": "JM Financial Asset Management Limited",
    "benchmark_index": [
     "BSE 500 TRI ##",
     "Additional Benchmark Index: Nifty 50 TRI"
    ],
    "field_location": [
     {
      "amc_name": "27",
      "benchmark_index": "27",
      "count": 15,
      "fund_manager_managing_fund_since": "27",
      "fund_manager_name": "27",
      "fund_manager_total_exp": "27",
      "load_exit": "27",
      "main_scheme_name": "27",
      "metrics_beta": "27",
      "metrics_port_turnover_ratio": "27",
      "metrics_sharpe": "27",
      "metrics_std_dev": "27",
      "min_addl_amt": "27",
      "min_addl_amt_multiple": "27",
      "min_amt": "27",
      "min_amt_multiple": "27",
      "monthly_aaum_date": "27",
      "monthly_aaum_value": "27",
      "mutual_fund_name": "27",
      "scheme_launch_date": "27"
     }
    ],
    "fund_manager": [
     {
      "managing_fund_since": "february, 2009",
      "name": "Mr. Asit Bhandarkar",
      "qualification": "",
      "total_exp": "20 years"
     },
     {
      "managing_fund_since": "october 01, 2024 ",
      "name": "Mr. Satish Ramanathan",
      "qualification": "",
      "total_exp": "21 years"
     },
     {
      "managing_fund_since": "july 18, 2014 ",
      "name": "Mr. Chaitanya Choksi",
      "qualification": "",
      "total_exp": "10 years"
     },
     {
      "managing_fund_since": "october 04, 2024 ",
      "name": "Ms. Ruchi Fozdar",
      "qualification": "",
      "total_exp": ""
     }
    ],
    "load": [
     {
      "comment": "• If the units are redeemed/switched out on or before 30 days from the date of allotment – 1.00%. • If the units are redeemed / switched out after 30 days from the date of allotment – Nil.",
      "type": "exit"
     }
    ],
    "main_scheme_name": "JM Focused Fund",
    "metrics": [
     {
      "name": "sharpe",
      "value": "0.64"
     },
     {
      "name": "std_dev",
      "value": "15.28"
     },
     {
      "name": "beta",
      "value": "0.86"
     },
     {
      "name": "port_turnover_ratio",
      "value": "1.9077"
     }
    ],
    "min_addl_amt": "100",
    "min_addl_amt_multiple": "1",
    "min_amt": "1000",
    "min_amt_multiple": "1",
    "monthly_aaum_date": "20250331",
    "monthly_aaum_value": "233.45 Crore",
    "mutual_fund_name": "JM Financial Mutual Fund",
    "scheme_launch_date": "20080305"
   }
  },
  {
   "value": {
    "amc_name": "JM Financial Asset Management Limited",
    "benchmark_index": [
     "Nifty 50 Arbitrage Index ##",
     "Additional Benchmark Index: Crisil 1 Year T Bill Index"
    ],
    "field_location": [
     {
      "amc_name": "28",
      "benchmark_index": "28",
      "count": 15,
      "fund_manager_managing_fund_since": "28",
      "fund_manager_name": "28",
      "fund_manager_total_exp": "28",
      "main_scheme_name": "28",
      "metrics_avg_maturity": "28",
      "metrics_beta": "28",
      "metrics_macaulay": "28",
      "metrics_mod_duration": "28",
      "metrics_port_turnover_ratio": "28",
      "metrics_sharpe": "28",
      "metrics_std_dev": "28",
      "metrics_ytm": "28",
      "monthly_aaum_date": "28",
      "mutual_fund_name": "28",
      "scheme_launch_date": "28"
     }
    ],
    "fund_manager": [
     {
      "managing_fund_since": "july 18, 2014 ",
      "name": "Mr. Asit Bhandarkar",
      "qualification": "",
      "total_exp": "20 years"
     },
     {
      "managing_fund_since": "october 01, 2024 ",
      "name": "Mr. Satish Ramanathan",
      "qualification": "",
      "total_exp": "21 years"
     },
     {
      "managing_fund_since": "february 01, 2011",
      "name": "Mr. Chaitanya Choksi",
      "qualification": "",
      "total_exp": "10 years"
     },
     {
      "managing_fund_since": "october 04, 2024 ",
      "name": "Ms. Ruchi Fozdar",
      "qualification": "",
      "total_exp": ""
     }
    ],
    "main_scheme_name": "JM Arbitrage Fund",
    "metrics": [
     {
      "name": "port_turnover_ratio",
      "value": "11.2395"
     },
     {
      "name": "sharpe",
      "value": "6.50"
     },
     {
      "name": "std_dev",
      "value": "6.50%"
     },
     {
      "name": "beta",
      "value": "6.50"
     },
     {
      "name": "ytm",
      "value": "6.50%"
     },
     {
      "name": "mod_duration",
      "value": "0.0776 years"
     },
     {
      "name": "avg_maturity",
      "value": "0.0839 years"
     },
     {
      "name": "macaulay",
      "value": "0.0828 years"
     }
    ],
    "monthly_aaum_date": "20250331",
    "mutual_fund_name": "JM Financial Mutual Fund",
    "scheme_launch_date": "20060718"
   }
  },
  {
   "value": {
    "amc_name": "JM Financial Asset Management Limited",
    "benchmark_index": [
     "CRISIL Hybrid 35+65 Aggressive Index ##",
     "Additional Benchmark Index: Nifty 50 TRI"
    ],
    "field_location": [
     {
      "amc_name": "30",
      "benchmark_index": "30",
      "count": 15,
      "fund_manager_managing_fund_since": "30",
      "fund_manager_name": "30",
      "fund_manager_total_exp": "30",
      "load_exit": "30",
      "main_scheme_name": "30",
      "metrics_avg_maturity": "30",
      "metrics_beta": "30",
      "metrics_macaulay": "30",
      "metrics_mod_duration": "30",
      "metrics_port_turnover_ratio": "30",
      "metrics_sharpe": "30",
      "metrics_std_dev": "30",
      "metrics_ytm": "30",
      "min_addl_amt": "30",
      "min_addl_amt_multiple": "30",
      "min_amt": "30",
      "min_amt_multiple": "30",
      "monthly_aaum_date": "30",
      "monthly_aaum_value": "30",
      "mutual_fund_name": "30",
      "scheme_launch_date": "30"
     }
    ],
    "fund_manager": [
     {
      "managing_fund_since": "october 01, 2024 ",
      "name": "Mr. Asit Bhandarkar",
      "qualification": "",
      "total_exp": "20 years"
     },
     {
      "managing_fund_since": "august 20, 2021 ",
      "name": "Mr. Satish Ramanathan",
      "qualification": "",
      "total_exp": "21 years"
     },
     {
      "managing_fund_since": "october 04, 2024",
      "name": "Mr. Chaitanya Choksi",
      "qualification": "",
      "total_exp": "10 years"
     },
     {
      "managing_fund_since": "",
      "name": "Ms. Ruchi Fozdar",
      "qualification": "",
      "total_exp": ""
     }
    ],
    "load": [
     {
      "comment": "• If the units are redeemed / switched out on or before 60 days from the date of allotment – 1.00%. • If the units are redeemed / switched out after 60 days from the date of allotment – Nil.",
      "type": "exit"
     }
    ],
    "main_scheme_name": "JM Aggressive Hybrid Fund",
    "metrics": [
     {
      "name": "sharpe",
      "value": "0.88"
     },
     {
      "name": "std_dev",
      "value": "12.58"
     },
     {
      "name": "beta",
      "value": "1.00"
     },
     {
      "name": "ytm",
      "value": "6.96%"
     },
     {
      "name": "port_turnover_ratio",
      "value": "1.3815"
     },
     {
      "name": "mod_duration",
      "value": "3.9637 years"
     },
     {
      "name": "avg_maturity",
      "value": "5.7671 years"
     },
     {
      "name": "macaulay",
      "value": "4.1395 years"
     }
    ],
    "min_addl_amt": "100",
    "min_addl_amt_multiple": "1",
    "min_amt": "1000",
    "min_amt_multiple": "1",
    "monthly_aaum_date": "20250331",
    "monthly_aaum_value": "750.34 Crore",
    "mutual_fund_name": "JM Financial Mutual Fund",
    "scheme_launch_date": "19950401"
   }
  },
  {
   "value": {
    "amc_name": "JM Financial Asset Management Limited",
    "benchmark_index": [
     "CRISIL Liquid Overnight Index ##",
     "Additional Benchmark Index: Crisil 1 Year T Bill Index"
    ],
    "field_location": [
     {
      "amc_name": "31",
      "benchmark_index": "31",
      "count": 15,
      "fund_manager_managing_fund_since": "31",
      "fund_manager_name": "31",
      "fund_manager_total_exp": "31",
      "load_exit": "31",
      "main_scheme_name": "31",
      "metrics_avg_maturity": "31",
      "metrics_macaulay": "31",
      "metrics_mod_duration": "31",
      "metrics_ytm": "31",
      "min_addl_amt": "31",
      "min_addl_amt_multiple": "31",
      "min_amt": "31",
      "min_amt_multiple": "31",
      "monthly_aaum_date": "31",
      "monthly_aaum_value": "31",
      "mutual_fund_name": "31",
      "scheme_launch_date": "31"
     }
    ],
    "fund_manager": [
     {
      "managing_fund_since": "november 05, 2024 ",
      "name": "Mr. Killol Pandya",
      "qualification": "",
      "total_exp": "17 years"
     },
     {
      "managing_fund_since": "april 05, 2022 ",
      "name": "Ms. Naghma Khoja",
      "qualification": "",
      "total_exp": "6 years"
     },
     {
      "managing_fund_since": "april 03, 2024 ",
      "name": "Ms. Ruchi Fozdar",
      "qualification": "",
      "total_exp": "10 years"
     }
    ],
    "load": [
     {
      "comment": "NIL",
      "type": "exit"
     }
    ],
    "main_scheme_name": "JM Overnight Fund",
    "metrics": [
     {
      "name": "ytm",
      "value": "6.62%"
     },
     {
      "name": "mod_duration",
      "value": "1.86 days"
     },
     {
      "name": "avg_maturity",
      "value": "2.01 days"
     },
     {
      "name": "macaulay",
      "value": "2.01 days"
     }
    ],
    "min_addl_amt": "100",
    "min_addl_amt_multiple": "1",
    "min_amt": "1000",
    "min_amt_multiple": "1",
    "monthly_aaum_date": "20250331",
    "monthly_aaum_value": "213.62 Crore",
    "mutual_fund_name": "JM Financial Mutual Fund",
    "scheme_launch_date": "20191203"
   }
  },
  {
   "value": {
    "amc_name": "JM Financial Asset Management Limited",
    "benchmark_index": [
     "CRISIL Liquid Debt A-I Index ##",
     "Additional Benchmark Index: Crisil 1 Year T Bill Index"
    ],
    "field_location": [
     {
      "amc_name": "32",
      "benchmark_index": "32",
      "count": 15,
      "fund_manager_managing_fund_since": "32",
      "fund_manager_name": "32",
      "fund_manager_total_exp": "32",
      "load_exit": "32",
      "main_scheme_name": "32",
      "metrics_avg_maturity": "32",
      "metrics_macaulay": "32",
      "metrics_mod_duration": "32",
      "metrics_ytm": "32",
      "min_addl_amt": "32",
      "min_addl_amt_multiple": "32",
      "min_amt": "32",
      "min_amt_multiple": "32",
      "monthly_aaum_date": "32",
      "monthly_aaum_value": "32",
      "mutual_fund_name": "32",
      "scheme_launch_date": "32"
     }
    ],
    "fund_manager": [
     {
      "managing_fund_since": "november 05, 2024 ",
      "name": "Mr. Killol Pandya",
      "qualification": "",
      "total_exp": "17 years"
     },
     {
      "managing_fund_since": "october 21, 2021 ",
      "name": "Ms. Naghma Khoja",
      "qualification": "",
      "total_exp": "6 years"
     },
     {
      "managing_fund_since": "april 03, 2024 ",
      "name": "Ms. Ruchi Fozdar",
      "qualification": "",
      "total_exp": "10 years"
     }
    ],
    "load": [
     {
      "comment": "Investor Exit upon Exit Load as a % of redemption subscription (based on proceeds (including systematic Applicable NAV) transactions) Day 1 0.0070% Day 2 0.0065% Day 3 0.0060% Day 4 0.0055% Day 5 0.0050% Day 6 0.0045% Day 7 Onwards 0.0000%",
      "type": "exit"
     }
    ],
    "main_scheme_name": "JM Liquid Fund",
    "metrics": [
     {
      "name": "ytm",
      "value": "7.03%"
     },
     {
      "name": "mod_duration",
      "value": "0.1499 years"
     },
     {
      "name": "avg_maturity",
      "value": "0.1609 years"
     },
     {
      "name": "macaulay",
      "value": "0.1603 years"
     }
    ],
    "min_addl_amt": "100",
    "min_addl_amt_multiple": "1",
    "min_amt": "1000",
    "min_amt_multiple": "1",
    "monthly_aaum_date": "20250331",
    "monthly_aaum_value": "3,264.35 Crore",
    "mutual_fund_name": "JM Financial Mutual Fund",
    "scheme_launch_date": "19971231"
   }
  },
  {
   "value": {
    "amc_name": "JM Financial Asset Management Limited",
    "benchmark_index": [
     "CRISIL Short Duration Debt A-II Index ##",
     "Additional Benchmark Index: Crisil 1 Year T Bill Index"
    ],
    "field_location": [
     {
      "amc_name": "33",
      "benchmark_index": "33",
      "count": 15,
      "fund_manager_managing_fund_since": "33",
      "fund_manager_name": "33",
      "fund_manager_total_exp": "33",
      "load_exit": "33",
      "main_scheme_name": "33",
      "metrics_avg_maturity": "33",
      "metrics_macaulay": "33",
      "metrics_mod_duration": "33",
      "metrics_ytm": "33",
      "min_addl_amt": "33",
      "min_addl_amt_multiple": "33",
      "min_amt": "33",
      "min_amt_multiple": "33",
      "monthly_aaum_date": "33",
      "monthly_aaum_value": "33",
      "mutual_fund_name": "33",
      "scheme_launch_date": "33"
     }
    ],
    "fund_manager": [
     {
      "managing_fund_since": "november 05, 2024 ",
      "name": "Mr. Killol Pandya",
      "qualification": "",
      "total_exp": "17 years"
     },
     {
      "managing_fund_since": "april 03, 2024 ",
      "name": "Ms. Naghma Khoja",
      "qualification": "",
      "total_exp": "6 years"
     },
     {
      "managing_fund_since": "april 03, 2024 ",
      "name": "Ms. Ruchi Fozdar",
      "qualification": "",
      "total_exp": "10 years"
     }
    ],
    "load": [
     {
      "comment": "NIL",
      "type": "exit"
     }
    ],
    "main_scheme_name": "JM Short Duration Fund",
    "metrics": [
     {
      "name": "ytm",
      "value": "7.19%"
     },
     {
      "name": "mod_duration",
      "value": "2.4948 years"
     },
     {
      "name": "avg_maturity",
      "value": "3.0417 years"
     },
     {
      "name": "macaulay",
      "value": "2.6308 years"
     }
    ],
    "min_addl_amt": "100",
    "min_addl_amt_multiple": "1",
    "min_amt": "1000",
    "min_amt_multiple": "1",
    "monthly_aaum_date": "20250331",
    "monthly_aaum_value": "116.86 Crore",
    "mutual_fund_name": "JM Financial Mutual Fund",
    "scheme_launch_date": "20220829"
   }
  },
  {
   "value": {
    "amc_name": "JM Financial Asset Management Limited",
    "benchmark_index": [
     "CRISIL Dynamic Bond A-III Index ##",
     "Additional Benchmark Index: Crisil 10 Year Gilt Index"
    ],
    "field_location": [
     {
      "amc_name": "34",
      "benchmark_index": "34",
      "count": 15,
      "fund_manager_managing_fund_since": "34",
      "fund_manager_name": "34",
      "fund_manager_total_exp": "34",
      "load_exit": "34",
      "main_scheme_name": "34",
      "metrics_avg_maturity": "34",
      "metrics_macaulay": "34",
      "metrics_mod_duration": "34",
      "metrics_ytm": "34",
      "min_addl_amt": "34",
      "min_addl_amt_multiple": "34",
      "min_amt": "34",
      "min_amt_multiple": "34",
      "monthly_aaum_date": "34",
      "monthly_aaum_value": "34",
      "mutual_fund_name": "34",
      "scheme_launch_date": "34"
     }
    ],
    "fund_manager": [
     {
      "managing_fund_since": "november 05, 2024 ",
      "name": "Mr. Killol Pandya",
      "qualification": "",
      "total_exp": "17 years"
     },
     {
      "managing_fund_since": "april 03, 2024 ",
      "name": "Ms. Naghma Khoja",
      "qualification": "",
      "total_exp": "6 years"
     },
     {
      "managing_fund_since": "april 03, 2024 ",
      "name": "Ms. Ruchi Fozdar",
      "qualification": "",
      "total_exp": "10 years"
     }
    ],
    "load": [
     {
      "comment": "NIL",
      "type": "exit"
     }
    ],
    "main_scheme_name": "JM Dynamic Bond Fund",
    "metrics": [
     {
      "name": "ytm",
      "value": "6.84%"
     },
     {
      "name": "mod_duration",
      "value": "6.9776 years"
     },
     {
      "name": "avg_maturity",
      "value": "10.4981 years"
     },
     {
      "name": "macaulay",
      "value": "7.2646 years"
     }
    ],
    "min_addl_amt": "100",
    "min_addl_amt_multiple": "1",
    "min_amt": "1000",
    "min_amt_multiple": "1",
    "monthly_aaum_date": "20250331",
    "monthly_aaum_value": "44.35 Crore",
    "mutual_fund_name": "JM Financial Mutual Fund",
    "scheme_launch_date": "20030625"
   }
  },
  {
   "value": {
    "amc_name": "JM Financial Asset Management Limited",
    "benchmark_index": [
     "CRISIL Low Duration Debt A-I Index ##",
     "Additional Benchmark Index: Crisil 1 Year T Bill Index"
    ],
    "field_location": [
     {
      "amc_name": "35",
      "benchmark_index": "35",
      "count": 15,
      "fund_manager_managing_fund_since": "35",
      "fund_manager_name": "35",
      "fund_manager_total_exp": "35",
      "load_exit": "35",
      "main_scheme_name": "35",
      "metrics_avg_maturity": "35",
      "metrics_macaulay": "35",
      "metrics_mod_duration": "35",
      "metrics_ytm": "35",
      "min_addl_amt": "35",
      "min_addl_amt_multiple": "35",
      "min_amt": "35",
      "min_amt_multiple": "35",
      "monthly_aaum_date": "35",
      "monthly_aaum_value": "35",
      "mutual_fund_name": "35",
      "scheme_launch_date": "35"
     }
    ],
    "fund_manager": [
     {
      "managing_fund_since": "november 05, 2024 ",
      "name": "Mr. Killol Pandya",
      "qualification": "",
      "total_exp": "17 years"
     },
     {
      "managing_fund_since": "april 03, 2024 ",
      "name": "Ms. Naghma Khoja",
      "qualification": "",
      "total_exp": "6 years"
     },
     {
      "managing_fund_since": "april 03, 2024 ",
      "name": "Ms. Ruchi Fozdar",
      "qualification": "",
      "total_exp": "10 years"
     }
    ],
    "load": [
     {
      "comment": "NIL",
      "type": "exit"
     }
    ],
    "main_scheme_name": "JM Low Duration Fund",
    "metrics": [
     {
      "name": "ytm",
      "value": "7.40%"
     },
     {
      "name": "mod_duration",
      "value": "0.8800 years"
     },
     {
      "name": "avg_maturity",
      "value": "0.9956 years"
     },
     {
      "name": "macaulay",
      "value": "0.9396 years"
     }
    ],
    "min_addl_amt": "100",
    "min_addl_amt_multiple": "1",
    "min_amt": "1000",
    "min_amt_multiple": "1",
    "monthly_aaum_date": "20250331",
    "monthly_aaum_value": "222.68 Crore",
    "mutual_fund_name": "JM Financial Mutual Fund",
    "scheme_launch_date": "20060927"
   }
  },
  {
   "value": {
    "amc_name": "JM Financial Asset Management Limited",
    "benchmark_index": [
     "CRISIL Medium to Long Duration Debt A-III Index ##",
     "Additional Benchmark Index: Crisil 10 Year Gilt Index"
    ],
    "field_location": [
     {
      "amc_name": "36",
      "benchmark_index": "36",
      "count": 15,
      "fund_manager_managing_fund_since": "36",
      "fund_manager_name": "36",
      "fund_manager_total_exp": "36",
      "load_exit": "36",
      "main_scheme_name": "36",
      "metrics_avg_maturity": "36",
      "metrics_macaulay": "36",
      "metrics_mod_duration": "36",
      "metrics_ytm": "36",
      "min_addl_amt": "36",
      "min_addl_amt_multiple": "36",
      "min_amt": "36",
      "min_amt_multiple": "36",
      "monthly_aaum_date": "36",
      "monthly_aaum_value": "36",
      "mutual_fund_name": "36",
      "scheme_launch_date": "36"
     }
    ],
    "fund_manager": [
     {
      "managing_fund_since": "november 05, 2024 ",
      "name": "Mr. Killol Pandya",
      "qualification": "",
      "total_exp": "17 years"
     },
     {
      "managing_fund_since": "april 03, 2024 ",
      "name": "Ms. Naghma Khoja",
      "qualification": "",
      "total_exp": "6 years"
     },
     {
      "managing_fund_since": "april 03, 2024 ",
      "name": "Ms. Ruchi Fozdar",
      "qualification": "",
      "total_exp": "10 years"
     }
    ],
    "load": [
     {
      "comment": "NIL",
      "type": "exit"
     }
    ],
    "main_scheme_name": "JM Medium to Long Duration Fund",
    "metrics": [
     {
      "name": "ytm",
      "value": "6.70%"
     },
     {
      "name": "mod_duration",
      "value": "6.7494 years"
     },
     {
      "name": "avg_maturity",
      "value": "9.7652 years"
     },
     {
      "name": "macaulay",
      "value": "6.9720 years"
     }
    ],
    "min_addl_amt": "100",
    "min_addl_amt_multiple": "1",
    "min_amt": "1000",
    "min_amt_multiple": "1",
    "monthly_aaum_date": "20250331",
    "monthly_aaum_value": "24.35 Crore",
    "mutual_fund_name": "JM Financial Mutual Fund",
    "scheme_launch_date": "19950401"
   }
  }
 ]
}