{
 "metadata": {
  "document_name": "25_31-Mar-25_FS.pdf",
  "file_type": "fs",
  "process_date": "20250422"
 },
 "records": [
  {
   "value": {
    "amc_name": "LIC Mutual Fund Asset Management Limited",
    "benchmark_index": [
     "Nifty 100 TRI"
    ],
    "field_location": [
     {
      "amc_name": "15",
      "benchmark_index": "15",
      "count": 41,
      "fund_manager_name": "15",
      "fund_manager_total_exp": "15",
      "load_exit": "15",
      "main_scheme_name": "15",
      "metrics_beta": "15",
      "metrics_port_turnover_ratio": "15",
      "metrics_sharpe": "15",
      "metrics_std_dev": "15",
      "min_amt": "15",
      "min_amt_multiple": "15",
      "monthly_aaum_date": "15",
      "monthly_aaum_value": "15",
      "mutual_fund_name": "15",
      "scheme_launch_date": "15"
     }
    ],
    "fund_manager": [
     {
      "managing_fund_since": "",
      "name": "Mr. Nikhil Rungta",
      "qualification": "",
      "total_exp": "16+ years"
     },
     {
      "managing_fund_since": "",
      "name": "Mr. Sumit Bhatnagar",
      "qualification": "",
      "total_exp": "24+ years"
     }
    ],
    "load": [
     {
      "comment": "Ÿ 12% of the units allotted shall be redeemed or switched out without any exit load, on or before completion of 3 months from the date of allotment of units. Ÿ 1% on remaining units if redeemed or switched out on or before completion of 3 months from the date of allotment of units. Ÿ Nil, if redeemed or switched out after completion of 3 months from the date of allotment of units.",
      "type": "exit"
     }
    ],
    "main_scheme_name": "Large Cap Fund - An open ended equity scheme predominantly investing in large cap stocks",
    "metrics": [
     {
      "name": "sharpe",
      "value": "0.15"
     },
     {
      "name": "std_dev",
      "value": "14.40%"
     },
     {
      "name": "beta",
      "value": "0.88"
     },
     {
      "name": "port_turnover_ratio",
      "value": "10"
     }
    ],
    "min_amt": "₹ 5000",
    "min_amt_multiple": "₹ 1",
    "monthly_aaum_date": "MARCH 2025",
    "monthly_aaum_value": "₹ 1,338.56 Cr",
    "mutual_fund_name": "LIC Mutual Fund",
    "scheme_launch_date": "19940901"
   }
  },
  {
   "value": {
    "amc_name": "LIC Mutual Fund Asset Management Limited",
    "benchmark_index": [
     "Nifty LargeMidcap 250 TRI"
    ],
    "field_location": [
     {
      "amc_name": "16",
      "benchmark_index": "16",
      "count": 41,
      "fund_manager_name": "16",
      "fund_manager_total_exp": "16",
      "load_exit": "16",
      "main_scheme_name": "16",
      "metrics_beta": "16",
      "metrics_port_turnover_ratio": "16",
      "metrics_sharpe": "16",
      "metrics_std_dev": "16",
      "min_amt": "16",
      "min_amt_multiple": "16",
      "monthly_aaum_date": "16",
      "monthly_aaum_value": "16",
      "mutual_fund_name": "16",
      "scheme_launch_date": "16"
     }
    ],
    "fund_manager": [
     {
      "managing_fund_since": "",
      "name": "Mr. Yogesh Patil",
      "qualification": "",
      "total_exp": "22+ years"
     },
     {
      "managing_fund_since": "",
      "name": "Mr. Dikshit Mittal",
      "qualification": "",
      "total_exp": "18+ years"
     }
    ],
    "load": [
     {
      "comment": "Ÿ 12% of the units allotted shall be redeemed or switched out without any exit load, on or before completion of 3 months from the date of allotment of units. Ÿ 1% on remaining units if redeemed or switched out on or before completion of 3 months from the date of allotment of units. Ÿ Nil, if redeemed or switched out after completion of 3 months from the date of allotment of units.",
      "type": "exit"
     }
    ],
    "main_scheme_name": "Large & Mid Cap Fund - An open ended equity scheme investing in both large cap and midcap stocks.",
    "metrics": [
     {
      "name": "sharpe",
      "value": "0.46"
     },
     {
      "name": "std_dev",
      "value": "15.93%"
     },
     {
      "name": "beta",
      "value": "0.88"
     },
     {
      "name": "port_turnover_ratio",
      "value": "10"
     }
    ],
    "min_amt": "5000",
    "min_amt_multiple": "₹ 1",
    "monthly_aaum_date": "MARCH 2025",
    "monthly_aaum_value": "2,754.73 Cr",
    "mutual_fund_name": "LIC Mutual Fund",
    "scheme_launch_date": "20150225"
   }
  },
  {
   "value": {
    "amc_name": "LIC Mutual Fund Asset Management Limited",
    "benchmark_index": [
     "Nifty 500 TRI"
    ],
    "field_location": [
     {
      "amc_name": "17",
      "benchmark_index": "17",
      "count": 41,
      "fund_manager_name": "17",
      "fund_manager_total_exp": "17",
      "load_exit": "17",
      "main_scheme_name": "17",
      "metrics_beta": "17",
      "metrics_port_turnover_ratio": "17",
      "metrics_sharpe": "17",
      "metrics_std_dev": "17",
      "min_amt": "17",
      "min_amt_multiple": "17",
      "monthly_aaum_date": "17",
      "monthly_aaum_value": "17",
      "mutual_fund_name": "17",
      "scheme_launch_date": "17"
     }
    ],
    "fund_manager": [
     {
      "managing_fund_since": "",
      "name": "Mr. Nikhil Rungta",
      "qualification": "",
      "total_exp": "6 years"
     },
     {
      "managing_fund_since": "",
      "name": "Mr. Jaiprakash Toshniwal",
      "qualification": "",
      "total_exp": "16+ years"
     }
    ],
    "load": [
     {
      "comment": "Ÿ 12% of the units allotted shall be redeemed or switched out without any exit load, on or before completion of 3 months from the date of allotment of units. Ÿ 1% on remaining units if redeemed or switched out on or before completion of 3 months from the date of allotment of units. Ÿ Nil, if redeemed or switched out after completion of 3 months from the date of allotment of units.",
      "type": "exit"
     }
    ],
    "main_scheme_name": "LIC MF FLEXI CAP FUND ",
    "metrics": [
     {
      "name": "sharpe",
      "value": "0.26"
     },
     {
      "name": "std_dev",
      "value": "15.02%"
     },
     {
      "name": "beta",
      "value": "0.88"
     },
     {
      "name": "port_turnover_ratio",
      "value": "1.20"
     }
    ],
    "min_amt": "5000",
    "min_amt_multiple": "₹ 1",
    "monthly_aaum_date": "MARCH 2025",
    "monthly_aaum_value": "₹ 899.62 Cr",
    "mutual_fund_name": "LIC Mutual Fund",
    "scheme_launch_date": "19930415"
   }
  },
  {
   "value": {
    "amc_name": "LIC Mutual Fund Asset Management Limited",
    "benchmark_index": [
     "NIFTY 500 Multicap 50:25:25 TRI"
    ],
    "field_location": [
     {
      "amc_name": "18",
      "benchmark_index": "18",
      "count": 41,
      "fund_manager_name": "18",
      "fund_manager_total_exp": "18",
      "load_exit": "18",
      "main_scheme_name": "18",
      "metrics_port_turnover_ratio": "18",
      "min_amt": "18",
      "min_amt_multiple": "18",
      "monthly_aaum_date": "18",
      "monthly_aaum_value": "18",
      "mutual_fund_name": "18",
      "scheme_launch_date": "18"
     }
    ],
    "fund_manager": [
     {
      "managing_fund_since": "",
      "name": "Mr. Dikshit Mittal",
      "qualification": "",
      "total_exp": "18+ years"
     },
     {
      "managing_fund_since": "",
      "name": "Mr. Yogesh Patil",
      "qualification": "",
      "total_exp": "22+ years"
     }
    ],
    "load": [
     {
      "comment": "Ÿ 12% of the units allotted shall be redeemed or switched out without any exit load, on or before completion of 12 months from the date of allotment of units. Ÿ 1% on remaining units if redeemed or switched out on or before completion of 12 months from the date of allotment of units Ÿ Nil, if redeemed or switched out after completion of 12 months from the date of allotment of units.",
      "type": "exit"
     }
    ],
    "main_scheme_name": "LIC MF MULTI CAP FUND ",
    "metrics": [
     {
      "name": "port_turnover_ratio",
      "value": "0.34"
     }
    ],
    "min_amt": "₹ 5000",
    "min_amt_multiple": "₹ 1",
    "monthly_aaum_date": "MARCH 2025",
    "monthly_aaum_value": "₹ 1,340.52 Cr",
    "mutual_fund_name": "LIC Mutual Fund",
    "scheme_launch_date": "20221031"
   }
  },
  {
   "value": {
    "amc_name": "LIC Mutual Fund Asset Management Limited",
    "benchmark_index": [
     "Nifty Midcap 150 TRI"
    ],
    "field_location": [
     {
      "amc_name": "19",
      "benchmark_index": "19",
      "count": 41,
      "fund_manager_name": "19",
      "fund_manager_total_exp": "19",
      "load_exit": "19",
      "main_scheme_name": "19",
      "metrics_beta": "19",
      "metrics_port_turnover_ratio": "19",
      "metrics_sharpe": "19",
      "metrics_std_dev": "19",
      "min_amt": "19",
      "min_amt_multiple": "19",
      "monthly_aaum_date": "19",
      "monthly_aaum_value": "19",
      "mutual_fund_name": "19",
      "scheme_launch_date": "19"
     }
    ],
    "fund_manager": [
     {
      "managing_fund_since": "",
      "name": "Mr. Karan Doshi",
      "qualification": "",
      "total_exp": "10.7+ years"
     },
     {
      "managing_fund_since": "",
      "name": "Mr. Dikshit Mittal",
      "qualification": "",
      "total_exp": "18+ years"
     }
    ],
    "load": [
     {
      "comment": "Ÿ Nil, If units of the Scheme are redeemed or switched out up to 12% of the units (the limit) within 12 months from the date of allotment. Ÿ 1% of the applicable NAV, If units of the scheme are redeemed or switched out in excess of the limit within 12 months from the date of allotment. Ÿ Nil, If units of scheme are redeemed or switched out after 12 months from the date of allotment.",
      "type": "exit"
     }
    ],
    "main_scheme_name": "MID CAP FUND",
    "metrics": [
     {
      "name": "sharpe",
      "value": "0.60"
     },
     {
      "name": "std_dev",
      "value": "17.65%"
     },
     {
      "name": "beta",
      "value": "0.90"
     },
     {
      "name": "port_turnover_ratio",
      "value": "0.62"
     }
    ],
    "min_amt": "₹ 5000",
    "min_amt_multiple": "₹ 1",
    "monthly_aaum_date": "MARCH 2025",
    "monthly_aaum_value": "₹ 292.46 Cr",
    "mutual_fund_name": "LIC Mutual Fund",
    "scheme_launch_date": "20170125"
   }
  },
  {
   "value": {
    "amc_name": "LIC Mutual Fund Asset Management Limited",
    "benchmark_index": [
     "Nifty Smallcap 250 - TRI"
    ],
    "field_location": [
     {
      "amc_name": "20",
      "benchmark_index": "20",
      "count": 41,
      "fund_manager_name": "20",
      "fund_manager_total_exp": "20",
      "load_exit": "20",
      "main_scheme_name": "20",
      "metrics_beta": "20",
      "metrics_port_turnover_ratio": "20",
      "metrics_sharpe": "20",
      "metrics_std_dev": "20",
      "min_amt": "20",
      "min_amt_multiple": "20",
      "monthly_aaum_date": "20",
      "monthly_aaum_value": "20",
      "mutual_fund_name": "20",
      "scheme_launch_date": "20"
     }
    ],
    "fund_manager": [
     {
      "managing_fund_since": "",
      "name": "Mr. Nikhil Rungta",
      "qualification": "",
      "total_exp": "16+ years"
     },
     {
      "managing_fund_since": "",
      "name": "Mr. Mahesh Bendre",
      "qualification": "",
      "total_exp": "8+ years"
     }
    ],
    "load": [
     {
      "comment": "Ÿ Nil, If units of the Scheme are redeemed or switched out up to 12% of the units (the limit) within 12 months from the date of allotment. Ÿ 1% of the applicable NAV, If units of the scheme are redeemed or switched out in excess of the limit within 12 months from the date of allotment. Ÿ Nil, If units of scheme are redeemed or switched out after 12 months from the date of allotment.",
      "type": "exit"
     }
    ],
    "main_scheme_name": "SM LL CAP FUND",
    "metrics": [
     {
      "name": "sharpe",
      "value": "0.51"
     },
     {
      "name": "std_dev",
      "value": "19.45%"
     },
     {
      "name": "beta",
      "value": "0.82"
     },
     {
      "name": "port_turnover_ratio",
      "value": "0.87"
     }
    ],
    "min_amt": "5000",
    "min_amt_multiple": "₹ 1",
    "monthly_aaum_date": "MARCH 2025",
    "monthly_aaum_value": "₹ 457.97 Cr",
    "mutual_fund_name": "LIC Mutual Fund",
    "scheme_launch_date": "20170621"
   }
  },
  {
   "value": {
    "amc_name": "LIC Mutual Fund Asset Management Limited",
    "benchmark_index": [
     "Nifty 500 TRI"
    ],
    "field_location": [
     {
      "amc_name": "21",
      "benchmark_index": "21",
      "count": 41,
      "fund_manager_name": "21",
      "fund_manager_total_exp": "21",
      "load_exit": "21",
      "main_scheme_name": "21",
      "metrics_average_div_yield": "21",
      "metrics_beta": "21",
      "metrics_port_turnover_ratio": "21",
      "metrics_sharpe": "21",
      "metrics_std_dev": "21",
      "min_amt": "21",
      "min_amt_multiple": "21",
      "monthly_aaum_date": "21",
      "monthly_aaum_value": "21",
      "mutual_fund_name": "21",
      "scheme_launch_date": "21"
     }
    ],
    "fund_manager": [
     {
      "managing_fund_since": "",
      "name": "Mr. Dikshit Mittal",
      "qualification": "",
      "total_exp": "18+ years"
     },
     {
      "managing_fund_since": "",
      "name": "Mr. Karan Doshi",
      "qualification": "",
      "total_exp": "10.7+ years"
     }
    ],
    "load": [
     {
      "comment": "Ÿ Nil, If units of the Scheme are redeemed or switched out up to 12% of the units (the limit) within 12 months from the date of allotment. Ÿ 1% of the applicable NAV, If units of the scheme are redeemed or switched out in excess of the limit within 12 months from the date of allotment. Ÿ Nil, If units of scheme are redeemed or switched out after 12 months from the date of allotment.",
      "type": "exit"
     }
    ],
    "main_scheme_name": "DIV DEND YIELD FUND",
    "metrics": [
     {
      "name": "sharpe",
      "value": "0.67"
     },
     {
      "name": "std_dev",
      "value": "16.26%"
     },
     {
      "name": "beta",
      "value": "0.96"
     },
     {
      "name": "port_turnover_ratio",
      "value": "0.65"
     },
     {
      "name": "average_div_yield",
      "value": "37.92"
     }
    ],
    "min_amt": "₹ 5000",
    "min_amt_multiple": "₹ 1",
    "monthly_aaum_date": "MARCH 2025",
    "monthly_aaum_value": "₹ 471.83 Cr",
    "mutual_fund_name": "LIC Mutual Fund",
    "scheme_launch_date": "20181221"
   }
  },
  {
   "value": {
    "amc_name": "LIC Mutual Fund Asset Management Limited",
    "benchmark_index": [
     "Nifty 500 - TRI"
    ],
    "field_location": [
     {
      "amc_name": "22",
      "benchmark_index": "22",
      "count": 41,
      "fund_manager_name": "22",
      "fund_manager_total_exp": "22",
      "load_exit": "22",
      "main_scheme_name": "22",
      "metrics_beta": "22",
      "metrics_port_turnover_ratio": "22",
      "metrics_sharpe": "22",
      "metrics_std_dev": "22",
      "min_amt": "22",
      "min_amt_multiple": "22",
      "monthly_aaum_date": "22",
      "monthly_aaum_value": "22",
      "mutual_fund_name": "22",
      "scheme_launch_date": "22"
     }
    ],
    "fund_manager": [
     {
      "managing_fund_since": "",
      "name": "Mr. Nikhil Rungta",
      "qualification": "",
      "total_exp": "16+ years"
     },
     {
      "managing_fund_since": "",
      "name": "Mr. Mahesh Bendre",
      "qualification": "",
      "total_exp": "18+ years"
     }
    ],
    "load": [
     {
      "comment": "Ÿ Nil, If units of the Scheme are redeemed or switched out up to 12% of the units (the limit) within 12 months from the date of allotment. Ÿ 1% of the applicable NAV, If units of the scheme are redeemed or switched out in excess of the limit within 12 months from the date of allotment. Ÿ Nil, If units of scheme are redeemed or switched out after 12 months from the date of allotment.",
      "type": "exit"
     }
    ],
    "main_scheme_name": "V LUE FUND",
    "metrics": [
     {
      "name": "sharpe",
      "value": "0.31"
     },
     {
      "name": "std_dev",
      "value": "16.97%"
     },
     {
      "name": "beta",
      "value": "0.98"
     },
     {
      "name": "port_turnover_ratio",
      "value": "1.26"
     }
    ],
    "min_amt": "₹ 5000",
    "min_amt_multiple": "₹ 1",
    "monthly_aaum_date": "MARCH 2025",
    "monthly_aaum_value": "₹ 139.16 Cr",
    "mutual_fund_name": "LIC Mutual Fund",
    "scheme_launch_date": "20180820"
   }
  },
  {
   "value": {
    "amc_name": "LIC Mutual Fund Asset Management Limited",
    "benchmark_index": [
     "Nifty 500 TRI"
    ],
    "field_location": [
     {
      "amc_name": "23",
      "benchmark_index": "23",
      "count": 41,
      "fund_manager_name": "23",
      "fund_manager_total_exp": "23",
      "load_exit": "23",
      "main_scheme_name": "23",
      "metrics_beta": "23",
      "metrics_port_turnover_ratio": "23",
      "metrics_sharpe": "23",
      "metrics_std_dev": "23",
      "min_amt": "23",
      "min_amt_multiple": "23",
      "monthly_aaum_date": "23",
      "monthly_aaum_value": "23",
      "mutual_fund_name": "23",
      "scheme_launch_date": "23"
     }
    ],
    "fund_manager": [
     {
      "managing_fund_since": "",
      "name": "Mr. Jaiprakash Toshniwal",
      "qualification": "",
      "total_exp": "16+ years"
     },
     {
      "managing_fund_since": "",
      "name": "Mr. Sumit Bhatnagar",
      "qualification": "",
      "total_exp": "24+ years"
     }
    ],
    "load": [
     {
      "comment": "Ÿ Nil, If units of the Scheme are redeemed or switched out up to 12% of the units (the limit) within 12 months from the date of allotment. Ÿ 1% of the applicable NAV, If units of the scheme are redeemed or switched out in excess of the limit within 12 months from the date of allotment. Ÿ Nil, If units of scheme are redeemed or switched out after 12 months from the date of allotment.",
      "type": "exit"
     }
    ],
    "main_scheme_name": "F CUSED FUND",
    "metrics": [
     {
      "name": "sharpe",
      "value": "0.14"
     },
     {
      "name": "std_dev",
      "value": "14.44%"
     },
     {
      "name": "beta",
      "value": "0.84"
     },
     {
      "name": "port_turnover_ratio",
      "value": "1.31"
     }
    ],
    "min_amt": "5000",
    "min_amt_multiple": "₹ 1",
    "monthly_aaum_date": "MARCH 2025",
    "monthly_aaum_value": "₹ 124.46 Cr",
    "mutual_fund_name": "LIC Mutual Fund",
    "scheme_launch_date": "20171117"
   }
  },
  {
   "value": {
    "amc_name": "LIC Mutual Fund Asset Management Limited",
    "benchmark_index": [
     "Nifty Infrastructure TRI"
    ],
    "field_location": [
     {
      "amc_name": "24",
      "benchmark_index": "24",
      "count": 41,
      "fund_manager_name": "24",
      "fund_manager_total_exp": "24",
      "load_exit": "24",
      "main_scheme_name": "24",
      "metrics_beta": "24",
      "metrics_port_turnover_ratio": "24",
      "metrics_sharpe": "24",
      "metrics_std_dev": "24",
      "min_amt": "24",
      "min_amt_multiple": "24",
      "monthly_aaum_date": "24",
      "monthly_aaum_value": "24",
      "mutual_fund_name": "24",
      "scheme_launch_date": "24"
     }
    ],
    "fund_manager": [
     {
      "managing_fund_since": "",
      "name": "Mr. Yogesh Patil",
      "qualification": "",
      "total_exp": "22+ years"
     },
     {
      "managing_fund_since": "",
      "name": "Mr. Mahesh Bendre",
      "qualification": "",
      "total_exp": "18+ years"
     }
    ],
    "load": [
     {
      "comment": "Ÿ 12% of the units allotted shall be redeemed or switched out without any exit load, on or before completion of 90 days from the date of allotment of units. Ÿ 1% on remaining units if redeemed or switched out on or before completion of 90 days from the date of allotment of units. Ÿ Nil, if redeemed or switched out after completion of 90 days from the date of allotment of units.",
      "type": "exit"
     }
    ],
    "main_scheme_name": "LIC MF INFRASTRUCTURE FUND ",
    "metrics": [
     {
      "name": "sharpe",
      "value": "0.85"
     },
     {
      "name": "std_dev",
      "value": "19.61%"
     },
     {
      "name": "beta",
      "value": "0.80"
     },
     {
      "name": "port_turnover_ratio",
      "value": "0.35"
     }
    ],
    "min_amt": "₹ 5000",
    "min_amt_multiple": "₹ 1",
    "monthly_aaum_date": "MARCH 2025",
    "monthly_aaum_value": "₹ 832.43 Cr",
    "mutual_fund_name": "LIC Mutual Fund",
    "scheme_launch_date": "20080324"
   }
  },
  {
   "value": {
    "amc_name": "LIC Mutual Fund Asset Management Limited",
    "benchmark_index": [
     "Nifty India Manufacturing Index (TRI)"
    ],
    "field_location": [
     {
      "amc_name": "25",
      "benchmark_index": "25",
      "count": 41,
      "fund_manager_name": "25",
      "fund_manager_total_exp": "25",
      "load_exit": "25",
      "main_scheme_name": "25",
      "metrics_port_turnover_ratio": "25",
      "min_amt": "25",
      "min_amt_multiple": "25",
      "monthly_aaum_date": "25",
      "monthly_aaum_value": "25",
      "mutual_fund_name": "25",
      "scheme_launch_date": "25"
     }
    ],
    "fund_manager": [
     {
      "managing_fund_since": "",
      "name": "Mr. Yogesh Patil",
      "qualification": "",
      "total_exp": "22+ years"
     },
     {
      "managing_fund_since": "",
      "name": "Mr. Mahesh Bendre",
      "qualification": "",
      "total_exp": "17+ years"
     }
    ],
    "load": [
     {
      "comment": "- Ÿ If units of the Scheme are redeemed / switched-out within 90 days from the date of allotment: a) Upto 12% of the units: No exit load will be levied b) Above 12% of the units: exit load of 1% will be levied Ÿ If units of the Scheme are redeemed / switched-out after 90 days from the date of allotment: No exit load will be levied.",
      "type": "exit"
     }
    ],
    "main_scheme_name": "LIC MF MANUFACTURING FUND ",
    "metrics": [
     {
      "name": "port_turnover_ratio",
      "value": "1"
     }
    ],
    "min_amt": "₹ 5000",
    "min_amt_multiple": "₹ 1",
    "monthly_aaum_date": "MARCH 2025",
    "monthly_aaum_value": "₹ 753.46 Cr",
    "mutual_fund_name": "LIC Mutual Fund",
    "scheme_launch_date": "20241011"
   }
  },
  {
   "value": {
    "amc_name": "LIC Mutual Fund Asset Management Limited",
    "benchmark_index": [
     "Nifty Financial Services TRI"
    ],
    "field_location": [
     {
      "amc_name": "26",
      "benchmark_index": "26",
      "count": 41,
      "fund_manager_name": "26",
      "fund_manager_total_exp": "26",
      "load_exit": "26",
      "main_scheme_name": "26",
      "metrics_beta": "26",
      "metrics_port_turnover_ratio": "26",
      "metrics_sharpe": "26",
      "metrics_std_dev": "26",
      "min_amt": "26",
      "min_amt_multiple": "26",
      "monthly_aaum_date": "26",
      "monthly_aaum_value": "26",
      "mutual_fund_name": "26",
      "scheme_launch_date": "26"
     }
    ],
    "fund_manager": [
     {
      "managing_fund_since": "",
      "name": "Mr. Jaiprakash Toshniwal",
      "qualification": "",
      "total_exp": "16+ years"
     }
    ],
    "load": [
     {
      "comment": "Ÿ 12% of the units allotted shall be redeemed or switched out without any exit load, on or before completion of 90 days from the date of allotment of units. Ÿ 1% on remaining units if redeemed or switched out on or before completion of 90 days from the date of allotment of units. Ÿ Nil, if redeemed or switched out after completion of 90 days from the date of allotment of units.",
      "type": "exit"
     }
    ],
    "main_scheme_name": "LIC MF BANKING & FINANC AL SERVICES FUND ",
    "metrics": [
     {
      "name": "sharpe",
      "value": "0.37"
     },
     {
      "name": "std_dev",
      "value": "15.28%"
     },
     {
      "name": "beta",
      "value": "0.90"
     },
     {
      "name": "port_turnover_ratio",
      "value": "0.50"
     }
    ],
    "min_amt": "₹ 5000",
    "min_amt_multiple": "₹ 1",
    "monthly_aaum_date": "MARCH 2025",
    "monthly_aaum_value": "₹ 241.82 Cr",
    "mutual_fund_name": "LIC Mutual Fund",
    "scheme_launch_date": "20150327"
   }
  },
  {
   "value": {
    "amc_name": "LIC Mutual Fund Asset Management Limited",
    "benchmark_index": [
     "BSE Healthcare- TRI"
    ],
    "field_location": [
     {
      "amc_name": "27",
      "benchmark_index": "27",
      "count": 41,
      "fund_manager_name": "27",
      "fund_manager_total_exp": "27",
      "load_exit": "27",
      "main_scheme_name": "27",
      "metrics_beta": "27",
      "metrics_port_turnover_ratio": "27",
      "metrics_sharpe": "27",
      "metrics_std_dev": "27",
      "min_amt": "27",
      "min_amt_multiple": "27",
      "monthly_aaum_date": "27",
      "monthly_aaum_value": "27",
      "mutual_fund_name": "27",
      "scheme_launch_date": "27"
     }
    ],
    "fund_manager": [
     {
      "managing_fund_since": "",
      "name": "Mr. Karan Doshi",
      "qualification": "",
      "total_exp": "10.7+ years"
     }
    ],
    "load": [
     {
      "comment": "Ÿ Nil, If units of the Scheme are redeemed or switched out up to 12% of the units (the limit) within 90 days from the date of allotment. Ÿ 1% of the applicable NAV, If units of the scheme are redeemed or switched out in excess of the limit within 90 days from the date of allotment. Ÿ Nil, If units of scheme are redeemed or switched out after 90 days from the date of allotment.",
      "type": "exit"
     }
    ],
    "main_scheme_name": "LIC MF EALTH E FUND ",
    "metrics": [
     {
      "name": "sharpe",
      "value": "0.56"
     },
     {
      "name": "std_dev",
      "value": "16.49%"
     },
     {
      "name": "beta",
      "value": "0.83"
     },
     {
      "name": "port_turnover_ratio",
      "value": "0.39"
     }
    ],
    "min_amt": "₹ 5000",
    "min_amt_multiple": "₹ 1",
    "monthly_aaum_date": "MARCH 2025",
    "monthly_aaum_value": "₹ 80.49 Cr",
    "mutual_fund_name": "LIC Mutual Fund",
    "scheme_launch_date": "20190228"
   }
  },
  {
   "value": {
    "amc_name": "LIC Mutual Fund Asset Management Limited",
    "benchmark_index": [
     "Nifty 500 TRI"
    ],
    "field_location": [
     {
      "amc_name": "28",
      "benchmark_index": "28",
      "count": 41,
      "fund_manager_name": "28",
      "fund_manager_total_exp": "28",
      "load_exit": "28",
      "main_scheme_name": "28",
      "metrics_beta": "28",
      "metrics_port_turnover_ratio": "28",
      "metrics_sharpe": "28",
      "metrics_std_dev": "28",
      "min_amt": "28",
      "min_amt_multiple": "28",
      "monthly_aaum_date": "28",
      "monthly_aaum_value": "28",
      "mutual_fund_name": "28",
      "scheme_launch_date": "28"
     }
    ],
    "fund_manager": [
     {
      "managing_fund_since": "",
      "name": "Mr. Yogesh Patil",
      "qualification": "",
      "total_exp": "22+ years"
     },
     {
      "managing_fund_since": "",
      "name": "Dikshit Mittal",
      "qualification": "",
      "total_exp": "18+ years"
     }
    ],
    "load": [
     {
      "comment": "Nil (Subject to lock-in period of 3 years)",
      "type": "exit"
     }
    ],
    "main_scheme_name": "LIC MF S T X SAVER ",
    "metrics": [
     {
      "name": "sharpe",
      "value": "0.47"
     },
     {
      "name": "std_dev",
      "value": "14.38%"
     },
     {
      "name": "beta",
      "value": "0.79"
     },
     {
      "name": "port_turnover_ratio",
      "value": "0.08"
     }
    ],
    "min_amt": "500",
    "min_amt_multiple": "₹ 500",
    "monthly_aaum_date": "MARCH 2025",
    "monthly_aaum_value": "₹ 1,055.54 Cr",
    "mutual_fund_name": "LIC Mutual Fund",
    "scheme_launch_date": "19970331"
   }
  },
  {
   "value": {
    "amc_name": "LIC Mutual Fund Asset Management Limited",
    "benchmark_index": [
     "Crisil Hybrid 35 + 65 - Aggressive Index"
    ],
    "field_location": [
     {
      "amc_name": "29",
      "benchmark_index": "29",
      "count": 41,
      "fund_manager_name": "29",
      "fund_manager_total_exp": "29",
      "load_exit": "29",
      "main_scheme_name": "29",
      "metrics_beta": "29",
      "metrics_port_turnover_ratio": "29",
      "metrics_sharpe": "29",
      "metrics_std_dev": "29",
      "min_amt": "29",
      "min_amt_multiple": "29",
      "monthly_aaum_date": "29",
      "monthly_aaum_value": "29",
      "mutual_fund_name": "29",
      "scheme_launch_date": "29"
     }
    ],
    "fund_manager": [
     {
      "managing_fund_since": "",
      "name": "Mr. Karan Doshi",
      "qualification": "",
      "total_exp": "10.7 years"
     },
     {
      "managing_fund_since": "",
      "name": "Mr. Pratik Shroff",
      "qualification": "",
      "total_exp": "17 years"
     },
     {
      "managing_fund_since": "",
      "name": "Mr. Sumit Bhatnagar",
      "qualification": "",
      "total_exp": "24 years"
     }
    ],
    "load": [
     {
      "comment": "Ÿ 12% of the units allotted shall be redeemed or switched out without any exit load, on or before completion of 3 months from the date of allotment of units. Ÿ 1% on remaining units if redeemed or switched out on or before completion of 3 months from the date of allotment of units. Ÿ Nil, if redeemed or switched out after completion of 3 months from the date of allotment of units.",
      "type": "exit"
     }
    ],
    "main_scheme_name": "LIC MF A RESSIVE H BRID FUND ",
    "metrics": [
     {
      "name": "sharpe",
      "value": "0.31"
     },
     {
      "name": "std_dev",
      "value": "10.99%"
     },
     {
      "name": "beta",
      "value": "1.03"
     },
     {
      "name": "port_turnover_ratio",
      "value": "0.54"
     }
    ],
    "min_amt": "₹ 5000",
    "min_amt_multiple": "₹ 1",
    "monthly_aaum_date": "MARCH 2025",
    "monthly_aaum_value": "₹ 485.67 Cr",
    "mutual_fund_name": "LIC Mutual Fund",
    "scheme_launch_date": "19910101"
   }
  },
  {
   "value": {
    "amc_name": "LIC Mutual Fund Asset Management Limited",
    "benchmark_index": [
     "NIFTY 50 Hybrid Composite Debt 50:50 Index"
    ],
    "field_location": [
     {
      "amc_name": "30",
      "benchmark_index": "30",
      "count": 41,
      "fund_manager_name": "30",
      "fund_manager_total_exp": "30",
      "load_exit": "30",
      "main_scheme_name": "30",
      "metrics_avg_maturity": "30",
      "metrics_macaulay": "30",
      "metrics_mod_duration": "30",
      "metrics_port_turnover_ratio": "30",
      "metrics_ytm": "30",
      "min_amt": "30",
      "min_amt_multiple": "30",
      "monthly_aaum_date": "30",
      "monthly_aaum_value": "30",
      "mutual_fund_name": "30",
      "scheme_launch_date": "30"
     }
    ],
    "fund_manager": [
     {
      "managing_fund_since": "",
      "name": "Mr. Jaiprakash Toshniwal",
      "qualification": "",
      "total_exp": "16 years"
     },
     {
      "managing_fund_since": "",
      "name": "Mr. Rahul Singh",
      "qualification": "",
      "total_exp": "20 years"
     },
     {
      "managing_fund_since": "",
      "name": "Mr. Yogesh Patil",
      "qualification": "",
      "total_exp": "22 years"
     }
    ],
    "load": [
     {
      "comment": "Ÿ 12% of the units allotted shall be redeemed or switched out without any exit load, on or before completion of 3 months from the date of allotment of units. Ÿ 1% on remaining units if redeemed or switched out on or before completion of 3 months from the date of allotment of units. Ÿ Nil, if redeemed or switched out after completion of 3 months from the date of allotment of units .",
      "type": "exit"
     }
    ],
    "main_scheme_name": "LIC BALANCED ADVANTAGE FUND ",
    "metrics": [
     {
      "name": "ytm",
      "value": "6.88%"
     },
     {
      "name": "mod_duration",
      "value": "4.83 years"
     },
     {
      "name": "avg_maturity",
      "value": "6.88 years"
     },
     {
      "name": "macaulay",
      "value": "5.06 years"
     },
     {
      "name": "port_turnover_ratio",
      "value": "0.56"
     }
    ],
    "min_amt": "5000",
    "min_amt_multiple": "₹ 1",
    "monthly_aaum_date": "MARCH 2025",
    "monthly_aaum_value": "₹ 739.62 Cr",
    "mutual_fund_name": "LIC Mutual Fund",
    "scheme_launch_date": "20211112"
   }
  },
  {
   "value": {
    "amc_name": "LIC Mutual Fund Asset Management Limited",
    "benchmark_index": [
     "Nifty Equity Savings Index"
    ],
    "field_location": [
     {
      "amc_name": "31",
      "benchmark_index": "31",
      "count": 41,
      "fund_manager_name": "31",
      "fund_manager_total_exp": "31",
      "load_exit": "31",
      "main_scheme_name": "31",
      "metrics_beta": "31",
      "metrics_port_turnover_ratio": "31",
      "metrics_sharpe": "31",
      "metrics_std_dev": "31",
      "min_amt": "31",
      "min_amt_multiple": "31",
      "monthly_aaum_date": "31",
      "monthly_aaum_value": "31",
      "mutual_fund_name": "31",
      "scheme_launch_date": "31"
     }
    ],
    "fund_manager": [
     {
      "managing_fund_since": "",
      "name": "Sumit Bhatnagar",
      "qualification": "",
      "total_exp": "24 years"
     },
     {
      "managing_fund_since": "",
      "name": "Mr. Pratik Shroff",
      "qualification": "",
      "total_exp": "17 years"
     }
    ],
    "load": [
     {
      "comment": "Ÿ Nil, If units of the Scheme are redeemed or switched out up to 12% of the units (the limit) within 3 months from the date of allotment. Ÿ 1% of the applicable NAV, If units of the scheme are redeemed or switched out in excess of the limit within 3 months from the date of allotment. Ÿ Nil, If units of scheme are redeemed or switched out after 3 months from the date of allotment.",
      "type": "exit"
     }
    ],
    "main_scheme_name": "E UITY Q S VINGS FUND",
    "metrics": [
     {
      "name": "sharpe",
      "value": "0.07"
     },
     {
      "name": "std_dev",
      "value": "6.99%"
     },
     {
      "name": "beta",
      "value": "1.27"
     },
     {
      "name": "port_turnover_ratio",
      "value": "0.78 time"
     }
    ],
    "min_amt": "₹ 5000",
    "min_amt_multiple": "₹ 1",
    "monthly_aaum_date": "MARCH 2025",
    "monthly_aaum_value": "₹ 18.83 Cr",
    "mutual_fund_name": "LIC Mutual Fund",
    "scheme_launch_date": "20110307"
   }
  },
  {
   "value": {
    "amc_name": "LIC Mutual Fund Asset Management Limited",
    "benchmark_index": [
     "Crisil Hybrid 85 + 15 - Conservative Index"
    ],
    "field_location": [
     {
      "amc_name": "32",
      "benchmark_index": "32",
      "count": 41,
      "fund_manager_name": "32",
      "fund_manager_total_exp": "32",
      "load_exit": "32",
      "main_scheme_name": "32",
      "metrics_avg_maturity": "32",
      "metrics_macaulay": "32",
      "metrics_mod_duration": "32",
      "metrics_ytm": "32",
      "min_amt": "32",
      "min_amt_multiple": "32",
      "monthly_aaum_date": "32",
      "monthly_aaum_value": "32",
      "mutual_fund_name": "32",
      "scheme_launch_date": "32"
     }
    ],
    "fund_manager": [
     {
      "managing_fund_since": "",
      "name": "Mr. Nikhil Rungta",
      "qualification": "",
      "total_exp": "16 years"
     },
     {
      "managing_fund_since": "",
      "name": "Mr. Pratik Shroff",
      "qualification": "",
      "total_exp": "17 years"
     }
    ],
    "load": [
     {
      "comment": "Ÿ 12% of the units allotted shall be redeemed or switched out without any exit load, on or before completion of 90 days from the date of allotment of units. Ÿ 1% on remaining units if redeemed or switched out on or before completion of 90 days from the date of allotment of units Ÿ Nil, if redeemed or switched out after completion of 90 days from the date of allotment of units.",
      "type": "exit"
     }
    ],
    "main_scheme_name": "LIC MF CON ER ATIVE HYBRID FUND ",
    "metrics": [
     {
      "name": "ytm",
      "value": "6.76%"
     },
     {
      "name": "mod_duration",
      "value": "4.51 years"
     },
     {
      "name": "avg_maturity",
      "value": "5.70 years"
     },
     {
      "name": "macaulay",
      "value": "4.66 years"
     }
    ],
    "min_amt": "₹ 5000",
    "min_amt_multiple": "₹ 1",
    "monthly_aaum_date": "MARCH 2025",
    "monthly_aaum_value": "₹ 49.98 Cr",
    "mutual_fund_name": "LIC Mutual Fund",
    "scheme_launch_date": "19980601"
   }
  },
  {
   "value": {
    "amc_name": "LIC Mutual Fund Asset Management Limited",
    "benchmark_index": [
     "Nifty 50 Arbitrage Index"
    ],
    "field_location": [
     {
      "amc_name": "33",
      "benchmark_index": "33",
      "count": 41,
      "fund_manager_name": "33",
      "fund_manager_total_exp": "33",
      "load_exit": "33",
      "main_scheme_name": "33",
      "metrics_port_turnover_ratio": "33",
      "min_amt": "33",
      "min_amt_multiple": "33",
      "monthly_aaum_date": "33",
      "monthly_aaum_value": "33",
      "mutual_fund_name": "33",
      "scheme_launch_date": "33"
     }
    ],
    "fund_manager": [
     {
      "managing_fund_since": "",
      "name": "Sumit Bhatnagar",
      "qualification": "",
      "total_exp": "24 years"
     },
     {
      "managing_fund_since": "",
      "name": "Mr. Pratik Shroff",
      "qualification": "",
      "total_exp": "17 years"
     }
    ],
    "load": [
     {
      "comment": "Ÿ For redemption/switch out of units on or before 1 month from the date of allotment: 0.25% of applicable NAV. Ÿ For redemption/switch out of units after 1 month from the date of allotment: Nil",
      "type": "exit"
     }
    ],
    "main_scheme_name": "RBITRAGE FUND",
    "metrics": [
     {
      "name": "port_turnover_ratio",
      "value": "2.31 time"
     }
    ],
    "min_amt": "₹ 5000",
    "min_amt_multiple": "₹ 1",
    "monthly_aaum_date": "MARCH 2025",
    "monthly_aaum_value": "5",
    "mutual_fund_name": "LIC Mutual Fund",
    "scheme_launch_date": "20190125"
   }
  },
  {
   "value": {
    "amc_name": "LIC Mutual Fund Asset Management Limited",
    "benchmark_index": [
     "65% Nifty 500 TRI + 25% Nifty Composite Debt Index + 10% Price of Domestic Gold."
    ],
    "field_location": [
     {
      "amc_name": "34",
      "benchmark_index": "34",
      "count": 41,
      "fund_manager_name": "34",
      "fund_manager_total_exp": "34",
      "load_exit": "34",
      "main_scheme_name": "34",
      "metrics_port_turnover_ratio": "34",
      "min_amt": "34",
      "min_amt_multiple": "34",
      "monthly_aaum_date": "34",
      "monthly_aaum_value": "34",
      "mutual_fund_name": "34",
      "scheme_launch_date": "34"
     }
    ],
    "fund_manager": [
     {
      "managing_fund_since": "",
      "name": "Mr. Nikhil Rungta",
      "qualification": "",
      "total_exp": "16 years"
     },
     {
      "managing_fund_since": "",
      "name": "Mr. Sumit Bhatnagar",
      "qualification": "",
      "total_exp": "24 years"
     },
     {
      "managing_fund_since": "",
      "name": "Mr. Pratik Shroff",
      "qualification": "",
      "total_exp": "17 years"
     }
    ],
    "load": [
     {
      "comment": "Particulars For upto 12% of units held Remaining 88% of units held If units redeemed/switched out within 3 months Nil 1% of applicable NAV from allotment date If units redeemed/switched Nil out after 3 months from allotment date",
      "type": "exit"
     }
    ],
    "main_scheme_name": "LIC MF MULTI ASSET ALLOCATION FUND ",
    "metrics": [
     {
      "name": "port_turnover_ratio",
      "value": "1"
     }
    ],
    "min_amt": "₹ 5000",
    "min_amt_multiple": "₹ 1",
    "monthly_aaum_date": "MARCH 2025",
    "monthly_aaum_value": "₹ 475.00 Cr",
    "mutual_fund_name": "LIC Mutual Fund",
    "scheme_launch_date": "20250214"
   }
  },
  {
   "value": {
    "amc_name": "LIC Mutual Fund Asset Management Limited",
    "benchmark_index": [
     "Crisil Hybrid 35 + 65 - Aggressive Index"
    ],
    "field_location": [
     {
      "amc_name": "35",
      "benchmark_index": "35",
      "count": 41,
      "fund_manager_name": "35",
      "fund_manager_total_exp": "35",
      "load_exit": "35",
      "main_scheme_name": "35",
      "metrics_beta": "35",
      "metrics_port_turnover_ratio": "35",
      "metrics_sharpe": "35",
      "metrics_std_dev": "35",
      "min_amt": "35",
      "min_amt_multiple": "35",
      "monthly_aaum_date": "35",
      "monthly_aaum_value": "35",
      "mutual_fund_name": "35",
      "scheme_launch_date": "35"
     }
    ],
    "fund_manager": [
     {
      "managing_fund_since": "",
      "name": "Mr. Dikshit Mittal",
      "qualification": "",
      "total_exp": "18 years"
     },
     {
      "managing_fund_since": "",
      "name": "Mr. Karan Doshi",
      "qualification": "",
      "total_exp": "10.7 years"
     },
     {
      "managing_fund_since": "",
      "name": "Mr. Pratik Shroff",
      "qualification": "",
      "total_exp": "17 years"
     }
    ],
    "load": [
     {
      "comment": "NIL (3 years lock-in period) Liquidity: Repurchase after lock-in period of 3 years from the date of Investment.",
      "type": "exit"
     }
    ],
    "main_scheme_name": "LIC MF ULTS ",
    "metrics": [
     {
      "name": "sharpe",
      "value": "0.13"
     },
     {
      "name": "std_dev",
      "value": "11.07%"
     },
     {
      "name": "beta",
      "value": "1.02"
     },
     {
      "name": "port_turnover_ratio",
      "value": "0.01"
     }
    ],
    "min_amt": "10,000",
    "min_amt_multiple": "1,000",
    "monthly_aaum_date": "MARCH 2025",
    "monthly_aaum_value": "₹ 461.14 Cr",
    "mutual_fund_name": "LIC Mutual Fund",
    "scheme_launch_date": "19890619"
   }
  },
  {
   "value": {
    "amc_name": "LIC Mutual Fund Asset Management Limited",
    "benchmark_index": [
     "NIFTY 1D Rate Index"
    ],
    "field_location": [
     {
      "amc_name": "36",
      "benchmark_index": "36",
      "count": 41,
      "fund_manager_name": "36",
      "fund_manager_total_exp": "36",
      "load_exit": "36",
      "main_scheme_name": "36",
      "metrics_avg_maturity": "36",
      "metrics_macaulay": "36",
      "metrics_mod_duration": "36",
      "metrics_ytm": "36",
      "min_amt": "36",
      "min_amt_multiple": "36",
      "monthly_aaum_date": "36",
      "monthly_aaum_value": "36",
      "mutual_fund_name": "36",
      "scheme_launch_date": "36"
     }
    ],
    "fund_manager": [
     {
      "managing_fund_since": "",
      "name": "Mr. Rahul Singh",
      "qualification": "",
      "total_exp": "20+ years"
     }
    ],
    "load": [
     {
      "comment": "Nil",
      "type": "exit"
     }
    ],
    "main_scheme_name": "VERNIGHT FUND",
    "metrics": [
     {
      "name": "ytm",
      "value": "7.3%"
     },
     {
      "name": "mod_duration",
      "value": "2.77 day"
     },
     {
      "name": "avg_maturity",
      "value": "2.77 day"
     },
     {
      "name": "macaulay",
      "value": "2.77 day"
     }
    ],
    "min_amt": "₹ 5000",
    "min_amt_multiple": "₹ 1",
    "monthly_aaum_date": "MARCH 2025",
    "monthly_aaum_value": "₹ 877.41 Cr",
    "mutual_fund_name": "LIC Mutual Fund",
    "scheme_launch_date": "20190718"
   }
  },
  {
   "value": {
    "amc_name": "LIC Mutual Fund Asset Management Limited",
    "benchmark_index": [
     "CRISIL Liquid Debt A-I Index"
    ],
    "field_location": [
     {
      "amc_name": "37",
      "benchmark_index": "37",
      "count": 41,
      "fund_manager_name": "37",
      "fund_manager_total_exp": "37",
      "load_exit": "37",
      "main_scheme_name": "37",
      "metrics_avg_maturity": "37",
      "metrics_macaulay": "37",
      "metrics_mod_duration": "37",
      "metrics_ytm": "37",
      "min_amt": "37",
      "min_amt_multiple": "37",
      "monthly_aaum_date": "37",
      "monthly_aaum_value": "37",
      "mutual_fund_name": "37",
      "scheme_launch_date": "37"
     }
    ],
    "fund_manager": [
     {
      "managing_fund_since": "",
      "name": "Mr. Rahul Singh",
      "qualification": "",
      "total_exp": "20+ years"
     }
    ],
    "load": [
     {
      "comment": "as a % of Investor exit upon Subscription redemption / switch out proceeds Day 1 0.0070% Day 2 0.0065% Day 3 0.0060% Day 4 0.0055% Day 5 0.0050% Day 6 0.0045% Day 7 onwards 0.0000%",
      "type": "exit"
     }
    ],
    "main_scheme_name": "LIC MF LIQUID FUND ",
    "metrics": [
     {
      "name": "ytm",
      "value": "8.34%"
     },
     {
      "name": "mod_duration",
      "value": "60 days"
     },
     {
      "name": "avg_maturity",
      "value": "61 days"
     },
     {
      "name": "macaulay",
      "value": "61 days"
     }
    ],
    "min_amt": "₹ 5000",
    "min_amt_multiple": "₹ 1",
    "monthly_aaum_date": "MARCH 2025",
    "monthly_aaum_value": "₹ 11,306.68 Cr",
    "mutual_fund_name": "LIC Mutual Fund",
    "scheme_launch_date": "20020318"
   }
  },
  {
   "value": {
    "amc_name": "LIC Mutual Fund Asset Management Limited",
    "benchmark_index": [
     "CRISIL Ultra Short Duration Debt A-I Index"
    ],
    "field_location": [
     {
      "amc_name": "38",
      "benchmark_index": "38",
      "count": 41,
      "fund_manager_name": "38",
      "fund_manager_total_exp": "38",
      "load_exit": "38",
      "main_scheme_name": "38",
      "metrics_avg_maturity": "38",
      "metrics_macaulay": "38",
      "metrics_mod_duration": "38",
      "metrics_ytm": "38",
      "min_amt": "38",
      "min_amt_multiple": "38",
      "monthly_aaum_date": "38",
      "monthly_aaum_value": "38",
      "mutual_fund_name": "38",
      "scheme_launch_date": "38"
     }
    ],
    "fund_manager": [
     {
      "managing_fund_since": "",
      "name": "Mr. Rahul Singh",
      "qualification": "",
      "total_exp": "20+ years"
     }
    ],
    "load": [
     {
      "comment": "N il",
      "type": "exit"
     }
    ],
    "main_scheme_name": "LIC MF ULTRA SH RT DURATION FUND ",
    "metrics": [
     {
      "name": "ytm",
      "value": "7.89%"
     },
     {
      "name": "mod_duration",
      "value": "5.29"
     },
     {
      "name": "avg_maturity",
      "value": "5.31"
     },
     {
      "name": "macaulay",
      "value": "5.31"
     }
    ],
    "min_amt": "₹ 5000",
    "min_amt_multiple": "₹ 1",
    "monthly_aaum_date": "MARCH 2025",
    "monthly_aaum_value": "₹ 368.20 Cr",
    "mutual_fund_name": "LIC Mutual Fund",
    "scheme_launch_date": "20191127"
   }
  },
  {
   "value": {
    "amc_name": "LIC Mutual Fund Asset Management Limited",
    "benchmark_index": [
     "NIFTY Money Market Index A-I"
    ],
    "field_location": [
     {
      "amc_name": "39",
      "benchmark_index": "39",
      "count": 41,
      "fund_manager_name": "39",
      "fund_manager_total_exp": "39",
      "load_exit": "39",
      "main_scheme_name": "39",
      "metrics_avg_maturity": "39",
      "metrics_macaulay": "39",
      "metrics_mod_duration": "39",
      "metrics_ytm": "39",
      "min_amt": "39",
      "min_amt_multiple": "39",
      "monthly_aaum_date": "39",
      "monthly_aaum_value": "39",
      "mutual_fund_name": "39",
      "scheme_launch_date": "39"
     }
    ],
    "fund_manager": [
     {
      "managing_fund_since": "",
      "name": "Mr. Rahul Singh",
      "qualification": "",
      "total_exp": "20+ years"
     }
    ],
    "load": [
     {
      "comment": "Nil",
      "type": "exit"
     }
    ],
    "main_scheme_name": "LIC MF MONEY MARKET FUND ",
    "metrics": [
     {
      "name": "ytm",
      "value": "7.32%"
     },
     {
      "name": "mod_duration",
      "value": "213 days"
     },
     {
      "name": "avg_maturity",
      "value": "213 days"
     },
     {
      "name": "macaulay",
      "value": "213 days"
     }
    ],
    "min_amt": "₹ 5000",
    "min_amt_multiple": "₹ 1",
    "monthly_aaum_date": "MARCH 2025",
    "monthly_aaum_value": "₹ 66.93 Cr",
    "mutual_fund_name": "LIC Mutual Fund",
    "scheme_launch_date": "20220801"
   }
  },
  {
   "value": {
    "amc_name": "LIC Mutual Fund Asset Management Limited",
    "benchmark_index": [
     "CRISIL Low Duration Debt A-I Index"
    ],
    "field_location": [
     {
      "amc_name": "40",
      "benchmark_index": "40",
      "count": 41,
      "fund_manager_name": "40",
      "fund_manager_total_exp": "40",
      "load_exit": "40",
      "main_scheme_name": "40",
      "metrics_avg_maturity": "40",
      "metrics_macaulay": "40",
      "metrics_mod_duration": "40",
      "metrics_ytm": "40",
      "min_amt": "40",
      "min_amt_multiple": "40",
      "monthly_aaum_date": "40",
      "monthly_aaum_value": "40",
      "mutual_fund_name": "40",
      "scheme_launch_date": "40"
     }
    ],
    "fund_manager": [
     {
      "managing_fund_since": "",
      "name": "Mr. Rahul Singh",
      "qualification": "",
      "total_exp": "20+ years"
     }
    ],
    "load": [
     {
      "comment": "Nil",
      "type": "exit"
     }
    ],
    "main_scheme_name": "LIC MF LO DURAT FUND ",
    "metrics": [
     {
      "name": "ytm",
      "value": "8.06%"
     },
     {
      "name": "mod_duration",
      "value": "399 days"
     },
     {
      "name": "avg_maturity",
      "value": "442 days"
     },
     {
      "name": "macaulay",
      "value": "415 days"
     }
    ],
    "min_amt": "₹ 5000",
    "min_amt_multiple": "₹ 1",
    "monthly_aaum_date": "MARCH 2025",
    "monthly_aaum_value": "₹ 1,956.62 Cr",
    "mutual_fund_name": "LIC Mutual Fund",
    "scheme_launch_date": "20030609"
   }
  },
  {
   "value": {
    "amc_name": "LIC Mutual Fund Asset Management Limited",
    "benchmark_index": [
     "CRISIL Medium to Long Duration Debt A-III Index"
    ],
    "field_location": [
     {
      "amc_name": "41",
      "benchmark_index": "41",
      "count": 41,
      "fund_manager_name": "41",
      "fund_manager_total_exp": "41",
      "load_exit": "41",
      "main_scheme_name": "41",
      "metrics_avg_maturity": "41",
      "metrics_macaulay": "41",
      "metrics_mod_duration": "41",
      "metrics_ytm": "41",
      "min_amt": "41",
      "min_amt_multiple": "41",
      "monthly_aaum_date": "41",
      "monthly_aaum_value": "41",
      "mutual_fund_name": "41",
      "scheme_launch_date": "41"
     }
    ],
    "fund_manager": [
     {
      "managing_fund_since": "",
      "name": "Mr. Marzban Irani",
      "qualification": "",
      "total_exp": "24+ years"
     },
     {
      "managing_fund_since": "",
      "name": "Mr. Pratik Shroff",
      "qualification": "",
      "total_exp": "17+ years"
     }
    ],
    "load": [
     {
      "comment": "Ÿ 0.25% if redeemed or switched out on or before completion of 15 days from the date of allotment of units. Ÿ No Exit Load is payable if units are redeemed/switched-out after 15 days from the date of allotment.",
      "type": "exit"
     }
    ],
    "main_scheme_name": "MEDIUM TO LONG DURATION FUND",
    "metrics": [
     {
      "name": "ytm",
      "value": "6.96%"
     },
     {
      "name": "mod_duration",
      "value": "6.04 years"
     },
     {
      "name": "avg_maturity",
      "value": "8.08 years"
     },
     {
      "name": "macaulay",
      "value": "6.27 years"
     }
    ],
    "min_amt": "₹ 5000",
    "min_amt_multiple": "₹ 1",
    "monthly_aaum_date": "MARCH 2025",
    "monthly_aaum_value": "₹ 191.46 Cr",
    "mutual_fund_name": "LIC Mutual Fund",
    "scheme_launch_date": "19990623"
   }
  },
  {
   "value": {
    "amc_name": "LIC Mutual Fund Asset Management Limited",
    "benchmark_index": [
     "NIFTY Banking & PSU Debt Index A-II"
    ],
    "field_location": [
     {
      "amc_name": "42",
      "benchmark_index": "42",
      "count": 41,
      "fund_manager_name": "42",
      "fund_manager_total_exp": "42",
      "load_exit": "42",
      "main_scheme_name": "42",
      "metrics_avg_maturity": "42",
      "metrics_macaulay": "42",
      "metrics_mod_duration": "42",
      "metrics_ytm": "42",
      "min_amt": "42",
      "min_amt_multiple": "42",
      "monthly_aaum_date": "42",
      "monthly_aaum_value": "42",
      "mutual_fund_name": "42",
      "scheme_launch_date": "42"
     }
    ],
    "fund_manager": [
     {
      "managing_fund_since": "",
      "name": "Mr. Marzban Irani",
      "qualification": "",
      "total_exp": "24+ years"
     },
     {
      "managing_fund_since": "",
      "name": "Mr. Pratik Shroff",
      "qualification": "",
      "total_exp": "17+ years"
     }
    ],
    "load": [
     {
      "comment": "Nil",
      "type": "exit"
     }
    ],
    "main_scheme_name": "BANKöNG PSU FUND",
    "metrics": [
     {
      "name": "ytm",
      "value": "7.07%"
     },
     {
      "name": "mod_duration",
      "value": "3.80 years"
     },
     {
      "name": "avg_maturity",
      "value": "4.81 years"
     },
     {
      "name": "macaulay",
      "value": "4.03 years"
     }
    ],
    "min_amt": "₹ 5000",
    "min_amt_multiple": "₹ 1",
    "monthly_aaum_date": "MARCH 2025",
    "monthly_aaum_value": "1,770.45 Cr",
    "mutual_fund_name": "LIC Mutual Fund",
    "scheme_launch_date": "20070531"
   }
  },
  {
   "value": {
    "amc_name": "LIC Mutual Fund Asset Management Limited",
    "benchmark_index": [
     "CRISIL Short Duration Debt A-II Index"
    ],
    "field_location": [
     {
      "amc_name": "43",
      "benchmark_index": "43",
      "count": 41,
      "fund_manager_name": "43",
      "fund_manager_total_exp": "43",
      "load_exit": "43",
      "main_scheme_name": "43",
      "metrics_avg_maturity": "43",
      "metrics_macaulay": "43",
      "metrics_mod_duration": "43",
      "metrics_ytm": "43",
      "min_amt": "43",
      "min_amt_multiple": "43",
      "monthly_aaum_date": "43",
      "monthly_aaum_value": "43",
      "mutual_fund_name": "43",
      "scheme_launch_date": "43"
     }
    ],
    "fund_manager": [
     {
      "managing_fund_since": "",
      "name": "Mr. Marzban Irani",
      "qualification": "",
      "total_exp": "24+ years"
     },
     {
      "managing_fund_since": "",
      "name": "Mr. Pratik Shroff",
      "qualification": "",
      "total_exp": "17+ years"
     }
    ],
    "load": [
     {
      "comment": "Nil",
      "type": "exit"
     }
    ],
    "main_scheme_name": "SH RT DURATION FUND",
    "metrics": [
     {
      "name": "ytm",
      "value": "7.14%"
     },
     {
      "name": "mod_duration",
      "value": "2.70 years"
     },
     {
      "name": "avg_maturity",
      "value": "3.15 years"
     },
     {
      "name": "macaulay",
      "value": "2.84 years"
     }
    ],
    "min_amt": "₹ 5000",
    "min_amt_multiple": "₹ 1",
    "monthly_aaum_date": "MARCH 2025",
    "monthly_aaum_value": "₹ 118.47 Cr",
    "mutual_fund_name": "LIC Mutual Fund",
    "scheme_launch_date": "20190201"
   }
  },
  {
   "value": {
    "amc_name": "LIC Mutual Fund Asset Management Limited",
    "benchmark_index": [
     "NIFTY All Duration G-Sec Index"
    ],
    "field_location": [
     {
      "amc_name": "44",
      "benchmark_index": "44",
      "count": 41,
      "fund_manager_name": "44",
      "fund_manager_total_exp": "44",
      "load_exit": "44",
      "main_scheme_name": "44",
      "metrics_avg_maturity": "44",
      "metrics_macaulay": "44",
      "metrics_mod_duration": "44",
      "metrics_ytm": "44",
      "min_amt": "44",
      "min_amt_multiple": "44",
      "monthly_aaum_date": "44",
      "monthly_aaum_value": "44",
      "mutual_fund_name": "44",
      "scheme_launch_date": "44"
     }
    ],
    "fund_manager": [
     {
      "managing_fund_since": "",
      "name": "Mr. Marzban Irani",
      "qualification": "",
      "total_exp": "24+ years"
     },
     {
      "managing_fund_since": "",
      "name": "Mr. Pratik Shroff",
      "qualification": "",
      "total_exp": "17+ years"
     }
    ],
    "load": [
     {
      "comment": "0.25% if exit within 30 days from date of allotment of units",
      "type": "exit"
     }
    ],
    "main_scheme_name": "GI FUND",
    "metrics": [
     {
      "name": "ytm",
      "value": "7%"
     },
     {
      "name": "mod_duration",
      "value": "11.04 years"
     },
     {
      "name": "avg_maturity",
      "value": "28.56 years"
     },
     {
      "name": "macaulay",
      "value": "11.43 years"
     }
    ],
    "min_amt": "10,000",
    "min_amt_multiple": "1",
    "monthly_aaum_date": "MARCH 2025",
    "monthly_aaum_value": "₹ 90.65 Cr",
    "mutual_fund_name": "LIC Mutual Fund",
    "scheme_launch_date": "19991210"
   }
  },
  {
   "value": {
    "amc_name": "LIC Mutual Fund Asset Management Limited",
    "benchmark_index": [
     "Crisil Hybrid 35 + 65 - Aggressive Index"
    ],
    "field_location": [
     {
      "amc_name": "45",
      "benchmark_index": "45",
      "count": 41,
      "fund_manager_name": "45",
      "fund_manager_total_exp": "45",
      "load_exit": "45",
      "main_scheme_name": "45",
      "metrics_beta": "45",
      "metrics_port_turnover_ratio": "45",
      "metrics_sharpe": "45",
      "metrics_std_dev": "45",
      "min_amt": "45",
      "min_amt_multiple": "45",
      "monthly_aaum_date": "45",
      "monthly_aaum_value": "45",
      "mutual_fund_name": "45",
      "scheme_launch_date": "45"
     }
    ],
    "fund_manager": [
     {
      "managing_fund_since": "",
      "name": "Mr. Nikhil Rungta",
      "qualification": "",
      "total_exp": "16 years"
     },
     {
      "managing_fund_since": "",
      "name": "Mr. Pratik Shroff",
      "qualification": "",
      "total_exp": "17 years"
     }
    ],
    "load": [
     {
      "comment": "Nil Lock-in Period:- Lock-in-period for at least 5 years or till the child attains age of majority whichever is earlier.",
      "type": "exit"
     }
    ],
    "main_scheme_name": "An open-ended fund for investment for children having a lock-in for at least 5 years or  the child attains age of majority (whichever is earlier)",
    "metrics": [
     {
      "name": "sharpe",
      "value": "0.19"
     },
     {
      "name": "std_dev",
      "value": "13.95%"
     },
     {
      "name": "beta",
      "value": "1.24"
     },
     {
      "name": "port_turnover_ratio",
      "value": "1.02"
     }
    ],
    "min_amt": "₹ 5000",
    "min_amt_multiple": "₹ 1",
    "monthly_aaum_date": "MARCH 2025",
    "monthly_aaum_value": "₹ 14.53 Cr",
    "mutual_fund_name": "LIC Mutual Fund",
    "scheme_launch_date": "20011112"
   }
  },
  {
   "value": {
    "amc_name": "LIC Mutual Fund Asset Management Limited",
    "benchmark_index": [
     "BSE Sensex TRI"
    ],
    "field_location": [
     {
      "amc_name": "46",
      "benchmark_index": "46",
      "count": 41,
      "creation_unit": "46",
      "fund_manager_name": "46",
      "fund_manager_total_exp": "46",
      "load_exit": "46",
      "main_scheme_name": "46",
      "metrics_port_turnover_ratio": "46",
      "monthly_aaum_date": "46",
      "monthly_aaum_value": "46",
      "mutual_fund_name": "46",
      "scheme_launch_date": "46"
     }
    ],
    "fund_manager": [
     {
      "managing_fund_since": "",
      "name": "Sumit Bhatnagar",
      "qualification": "",
      "total_exp": "24+ years"
     }
    ],
    "load": [
     {
      "comment": "Nil Liquidity: The Units of the scheme are listed on National Stock Exchange(NSE) & Bombay Stock Exchange Ltd.(BSE). NSE Disclaimer: It is to be distinctly understood that the permission given by NSE Limited should not in any way be deemed or construed that the Scheme Information Document has been cleared or approved by NSE nor does it certify the correctness or completeness of any of the contents of the Scheme Information Document. The investors are advised to refer to the Scheme Information Document for the full text of the 'Disclaimer Clause of NSE '. BSE Disclaimer: It is to be distinctly understood that the permission given by BSE Limited should not in any way be deemed or construed that the SID has been cleared or approved by BSE Limited nor does it certify the correctness or completeness of any of the contents of the SID. The investors are advised to refer to the SID for the full text of the 'Disclaimer Clause of the BSE Limited'.",
      "type": "exit"
     }
    ],
    "main_scheme_name": "LIC MF BSE SENSEX ETF ",
    "metrics": [
     {
      "name": "port_turnover_ratio",
      "value": "0.10"
     }
    ],
    "monthly_aaum_date": "MARCH 2025",
    "monthly_aaum_value": "₹ 743.63 Cr",
    "mutual_fund_name": "LIC Mutual Fund",
    "scheme_launch_date": "20151130"
   }
  },
  {
   "value": {
    "amc_name": "LIC Mutual Fund Asset Management Limited",
    "benchmark_index": [
     "Nifty 50 TRI"
    ],
    "field_location": [
     {
      "amc_name": "47",
      "benchmark_index": "47",
      "count": 41,
      "creation_unit": "47",
      "fund_manager_name": "47",
      "fund_manager_total_exp": "47",
      "load_exit": "47",
      "main_scheme_name": "47",
      "metrics_port_turnover_ratio": "47",
      "monthly_aaum_date": "47",
      "monthly_aaum_value": "47",
      "mutual_fund_name": "47",
      "scheme_launch_date": "47"
     }
    ],
    "fund_manager": [
     {
      "managing_fund_since": "",
      "name": "Sumit Bhatnagar",
      "qualification": "",
      "total_exp": "24+ years"
     }
    ],
    "load": [
     {
      "comment": "Nil Liquidity: The Units of the scheme are listed on National Stock Exchange(NSE) & Bombay Stock Exchange Ltd.(BSE). NSE Disclaimer: It is to be distinctly understood that the permission given by NSE Limited should not in any way be deemed or construed that the Scheme Information Document has been cleared or approved by NSE nor does it certify the correctness or completeness of any of the contents of the Scheme Information Document. The investors are advised to refer to the Scheme Information Document for the full text of the 'Disclaimer Clause of NSE '. BSE Disclaimer: It is to be distinctly understood that the permission given by BSE Limited should not in any way be deemed or construed that the SID has been cleared or approved by BSE Limited nor does it certify the correctness or completeness of any of the contents of the SID. The investors are advised to refer to the SID for the full text of the 'Disclaimer Clause of the BSE Limited'.",
      "type": "exit"
     }
    ],
    "main_scheme_name": "LIC MF NIFTY 50 ETF ",
    "metrics": [
     {
      "name": "port_turnover_ratio",
      "value": "0.12"
     }
    ],
    "monthly_aaum_date": "MARCH 2025",
    "monthly_aaum_value": "₹ 793.23 Cr",
    "mutual_fund_name": "LIC Mutual Fund",
    "scheme_launch_date": "20151120"
   }
  },
  {
   "value": {
    "amc_name": "LIC Mutual Fund Asset Management Limited",
    "benchmark_index": [
     "Nifty 100 TRI"
    ],
    "field_location": [
     {
      "amc_name": "48",
      "benchmark_index": "48",
      "count": 41,
      "creation_unit": "48",
      "fund_manager_name": "48",
      "fund_manager_total_exp": "48",
      "load_exit": "48",
      "main_scheme_name": "48",
      "metrics_port_turnover_ratio": "48",
      "monthly_aaum_date": "48",
      "monthly_aaum_value": "48",
      "mutual_fund_name": "48",
      "scheme_launch_date": "48"
     }
    ],
    "fund_manager": [
     {
      "managing_fund_since": "",
      "name": "Sumit Bhatnagar",
      "qualification": "",
      "total_exp": "24+ years"
     }
    ],
    "load": [
     {
      "comment": "Nil Liquidity: The Units of the scheme are listed on National Stock Exchange(NSE) & Bombay Stock Exchange Ltd.(BSE). NSE Disclaimer: It is to be distinctly understood that the permission given by NSE Limited should not in any way be deemed or construed that the Scheme Information Document has been cleared or approved by NSE nor does it certify the correctness or completeness of any of the contents of the Scheme Information Document. The investors are advised to refer to the Scheme Information Document for the full text of the 'Disclaimer Clause of NSE '. BSE Disclaimer: It is to be distinctly understood that the permission given by BSE Limited should not in any way be deemed or construed that the SID has been cleared or approved by BSE Limited nor does it certify the correctness or completeness of any of the contents of the SID. The investors are advised to refer to the SID for the full text of the 'Disclaimer Clause of the BSE Limited'.",
      "type": "exit"
     }
    ],
    "main_scheme_name": "LIC MF NIFTY 100 ETF ",
    "metrics": [
     {
      "name": "port_turnover_ratio",
      "value": "0.05"
     }
    ],
    "monthly_aaum_date": "MARCH 2025",
    "monthly_aaum_value": "5",
    "mutual_fund_name": "LIC Mutual Fund",
    "scheme_launch_date": "20160317"
   }
  },
  {
   "value": {
    "amc_name": "LIC Mutual Fund Asset Management Limited",
    "benchmark_index": [
     "Nifty Midcap 100 - TRI"
    ],
    "field_location": [
     {
      "amc_name": "49",
      "benchmark_index": "49",
      "count": 41,
      "creation_unit": "49",
      "fund_manager_name": "49",
      "fund_manager_total_exp": "49",
      "load_exit": "49",
      "main_scheme_name": "49",
      "metrics_port_turnover_ratio": "49",
      "monthly_aaum_date": "49",
      "monthly_aaum_value": "49",
      "mutual_fund_name": "49",
      "scheme_launch_date": "49"
     }
    ],
    "fund_manager": [
     {
      "managing_fund_since": "",
      "name": "Mr. Sumit Bhatnagar",
      "qualification": "",
      "total_exp": "24+ years"
     }
    ],
    "load": [
     {
      "comment": "- Nil Liquidity: The Units of the scheme are listed on National Stock Exchange(NSE) & Bombay Stock Exchange Ltd.(BSE). NSE Disclaimer: It is to be distinctly understood that the permission given by NSE Limited should not in any way be deemed or construed that the Scheme Information Document has been cleared or approved by NSE nor does it certify the correctness or completeness of any of the contents of the Scheme Information Document The investors are advised to refer to the Scheme Information Document for the full text of the 'Disclaimer Clause of NSE '. BSE Disclaimer: It is to be distinctly understood that the permission given by BSE Limited should not in any way be deemed or construed that the SID has been cleared or approved by BSE Limited nor does certify the correctness or completeness of any of the contents of the SID. The investors are advised to refer to the SID for the full text of the 'Disclaimer Clause of the BSE Limited'.",
      "type": "exit"
     }
    ],
    "main_scheme_name": "NIFTY MIDCAP 100 ETF",
    "metrics": [
     {
      "name": "port_turnover_ratio",
      "value": "0.33 time"
     }
    ],
    "monthly_aaum_date": "MARCH 2025",
    "monthly_aaum_value": "618.37 Cr",
    "mutual_fund_name": "LIC Mutual Fund",
    "scheme_launch_date": "20240214"
   }
  },
  {
   "value": {
    "amc_name": "LIC Mutual Fund Asset Management Limited",
    "benchmark_index": [
     "Nifty 8-13 yr G-Sec Index"
    ],
    "field_location": [
     {
      "amc_name": "50",
      "benchmark_index": "50",
      "count": 41,
      "creation_unit": "50",
      "fund_manager_name": "50",
      "fund_manager_total_exp": "50",
      "load_exit": "50",
      "main_scheme_name": "50",
      "metrics_avg_maturity": "50",
      "metrics_macaulay": "50",
      "metrics_mod_duration": "50",
      "metrics_ytm": "50",
      "monthly_aaum_date": "50",
      "monthly_aaum_value": "50",
      "mutual_fund_name": "50",
      "scheme_launch_date": "50"
     }
    ],
    "fund_manager": [
     {
      "managing_fund_since": "",
      "name": "Mr. Marzban Irani",
      "qualification": "",
      "total_exp": "24+ years"
     },
     {
      "managing_fund_since": "",
      "name": "Mr. Pratik Shroff",
      "qualification": "",
      "total_exp": "17+ years"
     }
    ],
    "load": [
     {
      "comment": "N il Liquidity: The Units of the scheme are listed on National Stock Exchange(NSE). NSE Disclaimer: It is to be distinctly understood that the permission given by NSE Limited should not in any way be deemed or construed that the Scheme Information Document has been cleared or approved by NSE nor does it certify the correctness or completeness of any of the contents of the Scheme Information Document. The investors are advised to refer to the Scheme Information Document for the full text of the 'Disclaimer Clause of NSE '.",
      "type": "exit"
     }
    ],
    "main_scheme_name": "LIC MF NIFTY 8-13 YR G-SECETF ",
    "metrics": [
     {
      "name": "ytm",
      "value": "6.7%"
     },
     {
      "name": "mod_duration",
      "value": "6.50 years"
     },
     {
      "name": "avg_maturity",
      "value": "8.71 years"
     },
     {
      "name": "macaulay",
      "value": "6.72 years"
     }
    ],
    "monthly_aaum_date": "MARCH 2025",
    "monthly_aaum_value": "₹ 2,464.46 Cr",
    "mutual_fund_name": "LIC Mutual Fund",
    "scheme_launch_date": "20141224"
   }
  },
  {
   "value": {
    "amc_name": "LIC Mutual Fund Asset Management Limited",
    "benchmark_index": [
     "BSE Sensex TRI"
    ],
    "field_location": [
     {
      "amc_name": "51",
      "benchmark_index": "51",
      "count": 41,
      "fund_manager_name": "51",
      "fund_manager_total_exp": "51",
      "load_exit": "51",
      "main_scheme_name": "51",
      "metrics_port_turnover_ratio": "51",
      "metrics_tracking_error": "51",
      "min_amt": "51",
      "min_amt_multiple": "51",
      "monthly_aaum_date": "51",
      "monthly_aaum_value": "51",
      "mutual_fund_name": "51",
      "scheme_launch_date": "51"
     }
    ],
    "fund_manager": [
     {
      "managing_fund_since": "",
      "name": "Sumit Bhatnagar",
      "qualification": "",
      "total_exp": "24+ years"
     }
    ],
    "load": [
     {
      "comment": "• 0.25% if redeemed or switch out on or before completion of 7 Days from the date of allotment of units • Nil after 7 days",
      "type": "exit"
     }
    ],
    "main_scheme_name": "LIC MF BSE SENSEX INDEX FUND ",
    "metrics": [
     {
      "name": "port_turnover_ratio",
      "value": "0.12"
     },
     {
      "name": "tracking_error",
      "value": "31"
     }
    ],
    "min_amt": "₹ 5000",
    "min_amt_multiple": "₹ 1",
    "monthly_aaum_date": "MARCH 2025",
    "monthly_aaum_value": "₹ 81.06 Cr",
    "mutual_fund_name": "LIC Mutual Fund",
    "scheme_launch_date": "20021205"
   }
  },
  {
   "value": {
    "amc_name": "LIC Mutual Fund Asset Management Limited",
    "benchmark_index": [
     "Nifty 50 TRI"
    ],
    "field_location": [
     {
      "amc_name": "52",
      "benchmark_index": "52",
      "count": 41,
      "fund_manager_name": "52",
      "fund_manager_total_exp": "52",
      "load_exit": "52",
      "main_scheme_name": "52",
      "metrics_port_turnover_ratio": "52",
      "metrics_tracking_error": "52",
      "min_amt": "52",
      "min_amt_multiple": "52",
      "monthly_aaum_date": "52",
      "monthly_aaum_value": "52",
      "mutual_fund_name": "52",
      "scheme_launch_date": "52"
     }
    ],
    "fund_manager": [
     {
      "managing_fund_since": "",
      "name": "Sumit Bhatnagar",
      "qualification": "",
      "total_exp": "24+ years"
     }
    ],
    "load": [
     {
      "comment": "• 0.25% if redeemed or switch out on or before completion of 7 Days from the date of allotment of units • Nil after 7 days",
      "type": "exit"
     }
    ],
    "main_scheme_name": "LIC MF NIFTY 50 INDEX FUND ",
    "metrics": [
     {
      "name": "port_turnover_ratio",
      "value": "0.09"
     },
     {
      "name": "tracking_error",
      "value": "31"
     }
    ],
    "min_amt": "5000",
    "min_amt_multiple": "₹ 1",
    "monthly_aaum_date": "MARCH 2025",
    "monthly_aaum_value": "5",
    "mutual_fund_name": "LIC Mutual Fund",
    "scheme_launch_date": "20021205"
   }
  },
  {
   "value": {
    "amc_name": "LIC Mutual Fund Asset Management Limited",
    "benchmark_index": [
     "Nifty Next 50 - TRI"
    ],
    "field_location": [
     {
      "amc_name": "53",
      "benchmark_index": "53",
      "count": 41,
      "fund_manager_name": "53",
      "fund_manager_total_exp": "53",
      "load_exit": "53",
      "main_scheme_name": "53",
      "metrics_port_turnover_ratio": "53",
      "metrics_tracking_error": "53",
      "min_amt": "53",
      "min_amt_multiple": "53",
      "monthly_aaum_date": "53",
      "monthly_aaum_value": "53",
      "mutual_fund_name": "53",
      "scheme_launch_date": "53"
     }
    ],
    "fund_manager": [
     {
      "managing_fund_since": "",
      "name": "Mr. Sumit Bhatnagar",
      "qualification": "",
      "total_exp": "24+ years"
     }
    ],
    "load": [
     {
      "comment": "- Nil",
      "type": "exit"
     }
    ],
    "main_scheme_name": "NIFTY N T 50 INDE X FUND",
    "metrics": [
     {
      "name": "port_turnover_ratio",
      "value": "0.71"
     },
     {
      "name": "tracking_error",
      "value": "50"
     }
    ],
    "min_amt": "₹ 5000",
    "min_amt_multiple": "₹ 1",
    "monthly_aaum_date": "MARCH 2025",
    "monthly_aaum_value": "₹ 87.22 Cr",
    "mutual_fund_name": "LIC Mutual Fund",
    "scheme_launch_date": "20100920"
   }
  },
  {
   "value": {
    "amc_name": "LIC Mutual Fund Asset Management Limited",
    "benchmark_index": [
     "Domestic Price of Gold"
    ],
    "field_location": [
     {
      "amc_name": "54",
      "benchmark_index": "54",
      "count": 41,
      "creation_unit": "54",
      "fund_manager_name": "54",
      "fund_manager_total_exp": "54",
      "load_exit": "54",
      "main_scheme_name": "54",
      "monthly_aaum_date": "54",
      "monthly_aaum_value": "54",
      "mutual_fund_name": "54",
      "scheme_launch_date": "54"
     }
    ],
    "fund_manager": [
     {
      "managing_fund_since": "",
      "name": "Mr. Sumit Bhatnagar",
      "qualification": "",
      "total_exp": "24+ years"
     }
    ],
    "load": [
     {
      "comment": "- Nil Liquidity: The Units of the scheme are listed on National Stock Exchange(NSE) & Bombay Stock Exchange Ltd.(BSE). NSE Disclaimer: It is to be distinctly understood that the permission given by NSE Limited should not in any way be deemed or construed that the Scheme Information Document has been cleared or approved by NSE nor does it certify the correctness or completeness of any of the contents of the Scheme Information Document. The investors are advised to refer to the Scheme Information Document for the full text of the 'Disclaimer Clause of NSE '. BSE Disclaimer: It is to be distinctly understood that the permission given by BSE Limited should not in any way be deemed or construed that the SID has been cleared or approved by BSE Limited nor does it certify the correctness or completeness of any of the contents of the SID. The investors are advised to refer to the SID for the full text of the 'Disclaimer Clause of the BSE Limited'.",
      "type": "exit"
     }
    ],
    "main_scheme_name": "D E CHANGE X TRADED FUND",
    "monthly_aaum_date": "MARCH 2025",
    "monthly_aaum_value": "₹ 275.76 Cr",
    "mutual_fund_name": "LIC Mutual Fund",
    "scheme_launch_date": "20111109"
   }
  },
  {
   "value": {
    "amc_name": "LIC Mutual Fund Asset Management Limited",
    "benchmark_index": [
     "Domestic Price of Gold"
    ],
    "field_location": [
     {
      "amc_name": "55",
      "benchmark_index": "55",
      "count": 41,
      "fund_manager_name": "55",
      "fund_manager_total_exp": "55",
      "load_exit": "55",
      "main_scheme_name": "55",
      "min_amt": "55",
      "min_amt_multiple": "55",
      "monthly_aaum_date": "55",
      "monthly_aaum_value": "55",
      "mutual_fund_name": "55",
      "scheme_launch_date": "55"
     }
    ],
    "fund_manager": [
     {
      "managing_fund_since": "",
      "name": "Mr. Sumit Bhatnagar",
      "qualification": "",
      "total_exp": "24+ years"
     }
    ],
    "load": [
     {
      "comment": "Ÿ 1% for exit (redemption / switchout / transfer /SWP) within 15 days from the date of allotment. Ÿ Nil, if units of scheme are redeemed or switched out after 15 days from the date of allotment.",
      "type": "exit"
     }
    ],
    "main_scheme_name": "D ETF FUND OF FUND",
    "min_amt": "₹ 5000",
    "min_amt_multiple": "₹ 1",
    "monthly_aaum_date": "MARCH 2025",
    "monthly_aaum_value": "₹ 98.92 Cr",
    "mutual_fund_name": "LIC Mutual Fund",
    "scheme_launch_date": "20120814"
   }
  }
 ]
}