{
 "metadata": {
  "document_name": "37_31-Mar-25_FS.pdf",
  "file_type": "fs",
  "process_date": "20250415"
 },
 "records": [
  {
   "value": {
    "amc_name": "Sundaram Asset Management Company Limited",
    "benchmark_index": [
     "(Tier I) Nifty 100 TRI ",
     "Additional Benchmark Nifty 50 TRI Plans Regular/Direct"
    ],
    "field_location": [
     {
      "amc_name": "8",
      "benchmark_index": "8",
      "count": 33,
      "load_exit": "8",
      "main_scheme_name": "8",
      "metrics_beta": "8",
      "metrics_correlation_ratio": "8",
      "metrics_information_ratio": "8",
      "metrics_port_turnover_ratio": "8",
      "metrics_sharpe": "8",
      "metrics_std_dev": "8",
      "min_amt": "8",
      "min_amt_multiple": "8",
      "monthly_aaum_date": "8",
      "monthly_aaum_value": "8",
      "mutual_fund_name": "8",
      "scheme_launch_date": "8"
     }
    ],
    "load": [
     {
      "comment": "Upto 25%, within 365 days from the date of allotment: Nil. More than 25% within 365 days from the date of allotment: 1%. >365 days: Nil NET ASSET VALUE (NAV) Regular Direct Growth 20.07 21.46",
      "type": "exit"
     }
    ],
    "main_scheme_name": "Sundaram Large Cap Fund",
    "metrics": [
     {
      "name": "sharpe",
      "value": "0.4"
     },
     {
      "name": "std_dev",
      "value": "12.9"
     },
     {
      "name": "beta",
      "value": "0.9"
     },
     {
      "name": "port_turnover_ratio",
      "value": "34.3"
     },
     {
      "name": "information_ratio",
      "value": "0.4"
     },
     {
      "name": "correlation_ratio",
      "value": "6.41"
     }
    ],
    "min_amt": "INR 100",
    "min_amt_multiple": "INR 1",
    "monthly_aaum_date": "JUL 30, 2002",
    "monthly_aaum_value": "3,207 Cr",
    "mutual_fund_name": "Sundaram Mutual Fund",
    "scheme_launch_date": "JUL 30"
   }
  },
  {
   "value": {
    "amc_name": "Sundaram Asset Management Company Limited",
    "benchmark_index": [
     "(Tier I) Nifty MidCap 150 TRI ",
     "Additional Benchmark Nifty 50 TRI Plans Regular/Direct"
    ],
    "field_location": [
     {
      "amc_name": "9",
      "benchmark_index": "9",
      "count": 33,
      "fund_manager_name": "9",
      "load_exit": "9",
      "main_scheme_name": "9",
      "metrics_beta": "9",
      "metrics_information_ratio": "9",
      "metrics_port_turnover_ratio": "9",
      "metrics_sharpe": "9",
      "metrics_std_dev": "9",
      "min_amt": "9",
      "min_amt_multiple": "9",
      "monthly_aaum_date": "9",
      "monthly_aaum_value": "9",
      "mutual_fund_name": "9",
      "scheme_launch_date": "9"
     }
    ],
    "fund_manager": [
     {
      "managing_fund_since": "",
      "name": "S Bharath",
      "qualification": "",
      "total_exp": ""
     },
     {
      "managing_fund_since": "",
      "name": "B Varier",
      "qualification": "",
      "total_exp": ""
     }
    ],
    "load": [
     {
      "comment": "Upto 25%, within 365 days from the date of allotment: Nil. More than 25% within 365 days from the date of allotment: 1%. >365 days: Nil NET ASSET VALUE (NAV) Regular Direct Growth 1234.96 1345.07",
      "type": "exit"
     }
    ],
    "main_scheme_name": "Sundaram Mid Cap Fund",
    "metrics": [
     {
      "name": "sharpe",
      "value": "0.9"
     },
     {
      "name": "std_dev",
      "value": "16.9"
     },
     {
      "name": "beta",
      "value": "1.0"
     },
     {
      "name": "port_turnover_ratio",
      "value": "39.8"
     },
     {
      "name": "information_ratio",
      "value": "0.2"
     }
    ],
    "min_amt": "INR 100",
    "min_amt_multiple": "INR 1",
    "monthly_aaum_date": "JUL 30, 2002",
    "monthly_aaum_value": "10,917 Cr",
    "mutual_fund_name": "Sundaram Mutual Fund",
    "scheme_launch_date": "JUL 30"
   }
  },
  {
   "value": {
    "amc_name": "Sundaram Asset Management Company Limited",
    "benchmark_index": [
     "(Tier I) Nifty Small Cap 250 TRI ",
     "Additional Benchmark Nifty 50 TRI Plans Regular/Direct"
    ],
    "field_location": [
     {
      "amc_name": "11",
      "benchmark_index": "11",
      "count": 33,
      "load_exit": "11",
      "main_scheme_name": "11",
      "metrics_beta": "11",
      "metrics_information_ratio": "11",
      "metrics_port_turnover_ratio": "11",
      "metrics_sharpe": "11",
      "metrics_std_dev": "11",
      "min_amt": "11",
      "min_amt_multiple": "11",
      "monthly_aaum_date": "11",
      "monthly_aaum_value": "11",
      "mutual_fund_name": "11",
      "scheme_launch_date": "11"
     }
    ],
    "load": [
     {
      "comment": "Upto 25%, within 365 days from the date of allotment: Nil. More than 25% within 365 days from the date of allotment: 1%. >365 days: Nil NET ASSET VALUE (NAV) Regular Direct Growth 224.27 247.48",
      "type": "exit"
     }
    ],
    "main_scheme_name": "Sundaram Small Cap Fund",
    "metrics": [
     {
      "name": "sharpe",
      "value": "0.5"
     },
     {
      "name": "std_dev",
      "value": "16.4"
     },
     {
      "name": "beta",
      "value": "0.8"
     },
     {
      "name": "port_turnover_ratio",
      "value": "66.1"
     },
     {
      "name": "information_ratio",
      "value": "0.4"
     }
    ],
    "min_amt": "INR 100",
    "min_amt_multiple": "INR 1",
    "monthly_aaum_date": "JUL 30, 2002",
    "monthly_aaum_value": "2,874 Cr",
    "mutual_fund_name": "Sundaram Mutual Fund",
    "scheme_launch_date": "FEB 15"
   }
  },
  {
   "value": {
    "amc_name": "Sundaram Asset Management Company Limited",
    "benchmark_index": [
     "(Tier I) Nifty Large Mid Cap 250 TRI ",
     "Additional Benchmark Nifty 50 TRI Plans Regular/Direct"
    ],
    "field_location": [
     {
      "amc_name": "13",
      "benchmark_index": "13",
      "count": 33,
      "fund_manager_name": "13",
      "load_exit": "13",
      "main_scheme_name": "13",
      "metrics_beta": "13",
      "metrics_correlation_ratio": "13",
      "metrics_information_ratio": "13",
      "metrics_port_turnover_ratio": "13",
      "metrics_sharpe": "13",
      "metrics_std_dev": "13",
      "min_amt": "13",
      "min_amt_multiple": "13",
      "monthly_aaum_date": "13",
      "monthly_aaum_value": "13",
      "mutual_fund_name": "13",
      "scheme_launch_date": "13"
     }
    ],
    "fund_manager": [
     {
      "managing_fund_since": "",
      "name": "Ashish Aggarwal",
      "qualification": "",
      "total_exp": ""
     }
    ],
    "load": [
     {
      "comment": "Upto 25%, within 365 days from the date of allotment: Nil. More than 25% within 365 days from the date of allotment: 1%. >365 days: Nil NET ASSET VALUE (NAV) Regular Direct Growth 78.67 88.20",
      "type": "exit"
     }
    ],
    "main_scheme_name": "Sundaram Large and Mid Cap Fund",
    "metrics": [
     {
      "name": "sharpe",
      "value": "0.4"
     },
     {
      "name": "std_dev",
      "value": "15.5"
     },
     {
      "name": "beta",
      "value": "1.0"
     },
     {
      "name": "port_turnover_ratio",
      "value": "35.0"
     },
     {
      "name": "information_ratio",
      "value": "1.0"
     },
     {
      "name": "correlation_ratio",
      "value": "6.41"
     }
    ],
    "min_amt": "INR 100",
    "min_amt_multiple": "INR 1",
    "monthly_aaum_date": "JUL 30, 2002",
    "monthly_aaum_value": "6,145 Cr",
    "mutual_fund_name": "Sundaram Mutual Fund",
    "scheme_launch_date": "FEB 27"
   }
  },
  {
   "value": {
    "amc_name": "Sundaram Asset Management Company Limited",
    "benchmark_index": [
     "(Tier I) Nifty 500 Multicap 50:25:25 TRI ",
     "Additional Benchmark Nifty 50 TRI Plans Regular/Direct"
    ],
    "field_location": [
     {
      "amc_name": "15",
      "benchmark_index": "15",
      "count": 33,
      "fund_manager_name": "15",
      "load_exit": "15",
      "main_scheme_name": "15",
      "metrics_beta": "15",
      "metrics_correlation_ratio": "15",
      "metrics_information_ratio": "15",
      "metrics_port_turnover_ratio": "15",
      "metrics_sharpe": "15",
      "metrics_std_dev": "15",
      "min_amt": "15",
      "min_amt_multiple": "15",
      "monthly_aaum_date": "15",
      "monthly_aaum_value": "15",
      "mutual_fund_name": "15",
      "scheme_launch_date": "15"
     }
    ],
    "fund_manager": [
     {
      "managing_fund_since": "",
      "name": "B Varier",
      "qualification": "",
      "total_exp": ""
     }
    ],
    "load": [
     {
      "comment": "Upto 25%, within 365 days from the date of allotment: Nil. More than 25% within 365 days from the date of allotment: 1%. >365 days: Nil NET ASSET VALUE (NAV) Regular Direct Growth 348.52 386.77",
      "type": "exit"
     }
    ],
    "main_scheme_name": "Sundaram Multi Cap Fund",
    "metrics": [
     {
      "name": "sharpe",
      "value": "0.5"
     },
     {
      "name": "std_dev",
      "value": "14.9"
     },
     {
      "name": "beta",
      "value": "0.9"
     },
     {
      "name": "port_turnover_ratio",
      "value": "60.2"
     },
     {
      "name": "information_ratio",
      "value": "0.7"
     },
     {
      "name": "correlation_ratio",
      "value": "6.41"
     }
    ],
    "min_amt": "INR 100",
    "min_amt_multiple": "INR 1",
    "monthly_aaum_date": "JUL 30, 2002",
    "monthly_aaum_value": "2,526 Cr",
    "mutual_fund_name": "Sundaram Mutual Fund",
    "scheme_launch_date": "OCT 25"
   }
  },
  {
   "value": {
    "amc_name": "Sundaram Asset Management Company Limited",
    "benchmark_index": [
     "(Tier I) Nifty 500 TRI ",
     "Additional Benchmark Nifty 50 TRI Plans Regular/Direct"
    ],
    "field_location": [
     {
      "amc_name": "17",
      "benchmark_index": "17",
      "count": 33,
      "fund_manager_name": "17",
      "load_exit": "17",
      "main_scheme_name": "17",
      "metrics_port_turnover_ratio": "17",
      "min_amt": "17",
      "min_amt_multiple": "17",
      "monthly_aaum_date": "17",
      "monthly_aaum_value": "17",
      "mutual_fund_name": "17",
      "scheme_launch_date": "17"
     }
    ],
    "fund_manager": [
     {
      "managing_fund_since": "",
      "name": "Pathanjali Srinivasan",
      "qualification": "",
      "total_exp": ""
     }
    ],
    "load": [
     {
      "comment": "Upto 25%, within 365 days from the date of allotment: Nil. More than 25% within 365 days from the date of allotment: 1%. >365 days: Nil NET ASSET VALUE (NAV) Regular Direct Growth 13.60 14.17",
      "type": "exit"
     }
    ],
    "main_scheme_name": "Sundaram Flexi Cap Fund",
    "metrics": [
     {
      "name": "port_turnover_ratio",
      "value": "29.7"
     }
    ],
    "min_amt": "INR 100",
    "min_amt_multiple": "INR 1",
    "monthly_aaum_date": "JUL 30, 2002",
    "monthly_aaum_value": "1,901 Cr",
    "mutual_fund_name": "Sundaram Mutual Fund",
    "scheme_launch_date": "SEP 6, 2022"
   }
  },
  {
   "value": {
    "amc_name": "Sundaram Asset Management Company Limited",
    "benchmark_index": [
     "(Tier I) Nifty 500 TRI ",
     "Additional Benchmark Nifty 50 TRI Plans Regular/Direct"
    ],
    "field_location": [
     {
      "amc_name": "18",
      "benchmark_index": "18",
      "count": 33,
      "fund_manager_name": "18",
      "load_exit": "18",
      "main_scheme_name": "18",
      "metrics_beta": "18",
      "metrics_correlation_ratio": "18",
      "metrics_information_ratio": "18",
      "metrics_port_turnover_ratio": "18",
      "metrics_sharpe": "18",
      "metrics_std_dev": "18",
      "min_amt": "18",
      "min_amt_multiple": "18",
      "monthly_aaum_date": "18",
      "monthly_aaum_value": "18",
      "mutual_fund_name": "18",
      "scheme_launch_date": "18"
     }
    ],
    "fund_manager": [
     {
      "managing_fund_since": "",
      "name": "Ashwin Jain",
      "qualification": "",
      "total_exp": ""
     }
    ],
    "load": [
     {
      "comment": "0.25% within 7 days from the date of allotment; >7 days: Nil NET ASSET VALUE (NAV) Regular Direct Growth 150.05 165.69",
      "type": "exit"
     }
    ],
    "main_scheme_name": "Sundaram Focused Fund",
    "metrics": [
     {
      "name": "sharpe",
      "value": "0.3"
     },
     {
      "name": "std_dev",
      "value": "13.9"
     },
     {
      "name": "beta",
      "value": "0.9"
     },
     {
      "name": "port_turnover_ratio",
      "value": "69.1"
     },
     {
      "name": "information_ratio",
      "value": "0.6"
     },
     {
      "name": "correlation_ratio",
      "value": "6.41"
     }
    ],
    "min_amt": "INR 300",
    "min_amt_multiple": "INR 1",
    "monthly_aaum_date": "JUL 30, 2002",
    "monthly_aaum_value": "1,022 Cr",
    "mutual_fund_name": "Sundaram Mutual Fund",
    "scheme_launch_date": "NOV 11"
   }
  },
  {
   "value": {
    "amc_name": "Sundaram Asset Management Company Limited",
    "benchmark_index": [
     "(Tier I) Nifty 500 TRI ",
     "Additional Benchmark Nifty 50 TRI Plans Regular/Direct"
    ],
    "field_location": [
     {
      "amc_name": "19",
      "benchmark_index": "19",
      "count": 33,
      "fund_manager_name": "19",
      "load_exit": "19",
      "main_scheme_name": "19",
      "metrics_beta": "19",
      "metrics_correlation_ratio": "19",
      "metrics_information_ratio": "19",
      "metrics_port_turnover_ratio": "19",
      "metrics_sharpe": "19",
      "metrics_std_dev": "19",
      "min_amt": "19",
      "min_amt_multiple": "19",
      "monthly_aaum_date": "19",
      "monthly_aaum_value": "19",
      "mutual_fund_name": "19",
      "scheme_launch_date": "19"
     }
    ],
    "fund_manager": [
     {
      "managing_fund_since": "",
      "name": "Rohit Seksaria",
      "qualification": "",
      "total_exp": ""
     }
    ],
    "load": [
     {
      "comment": "Nil (lock in period 36 months) NET ASSET VALUE (NAV) Regular Direct Growth 470.40 502.11",
      "type": "exit"
     }
    ],
    "main_scheme_name": "Sundaram ELSS Tax Saver Fund",
    "metrics": [
     {
      "name": "sharpe",
      "value": "0.5"
     },
     {
      "name": "std_dev",
      "value": "13.1"
     },
     {
      "name": "beta",
      "value": "0.9"
     },
     {
      "name": "port_turnover_ratio",
      "value": "33.7"
     },
     {
      "name": "information_ratio",
      "value": "0.3"
     },
     {
      "name": "correlation_ratio",
      "value": "6.41"
     }
    ],
    "min_amt": "INR 500",
    "min_amt_multiple": "INR 1",
    "monthly_aaum_date": "JUL 30, 2002",
    "monthly_aaum_value": "1,252 Cr",
    "mutual_fund_name": "Sundaram Mutual Fund",
    "scheme_launch_date": "MAR 31"
   }
  },
  {
   "value": {
    "amc_name": "Sundaram Asset Management Company Limited",
    "benchmark_index": [
     "(Tier I) Nifty 500 TRI ",
     "Additional Benchmark Nifty 50 TRI Plans Regular/Direct"
    ],
    "field_location": [
     {
      "amc_name": "21",
      "benchmark_index": "21",
      "count": 33,
      "fund_manager_name": "21",
      "load_exit": "21",
      "main_scheme_name": "21",
      "metrics_beta": "21",
      "metrics_correlation_ratio": "21",
      "metrics_information_ratio": "21",
      "metrics_port_turnover_ratio": "21",
      "metrics_sharpe": "21",
      "metrics_std_dev": "21",
      "min_amt": "21",
      "min_amt_multiple": "21",
      "monthly_aaum_date": "21",
      "monthly_aaum_value": "21",
      "mutual_fund_name": "21",
      "scheme_launch_date": "21"
     }
    ],
    "fund_manager": [
     {
      "managing_fund_since": "",
      "name": "B Varier",
      "qualification": "",
      "total_exp": ""
     },
     {
      "managing_fund_since": "",
      "name": "Ashish Aggarwal",
      "qualification": "",
      "total_exp": ""
     }
    ],
    "load": [
     {
      "comment": "Upto 24%, within 365 days from the date of allotment: Nil. More than 24% within 365 days from the date of allotment: 1%. >365 days: Nil NET ASSET VALUE (NAV) Regular Direct Growth 128.26 139.45",
      "type": "exit"
     }
    ],
    "main_scheme_name": "Sundaram Dividend Yield Fund",
    "metrics": [
     {
      "name": "sharpe",
      "value": "0.6"
     },
     {
      "name": "std_dev",
      "value": "13.9"
     },
     {
      "name": "beta",
      "value": "0.9"
     },
     {
      "name": "port_turnover_ratio",
      "value": "55.4"
     },
     {
      "name": "information_ratio",
      "value": "0.3"
     },
     {
      "name": "correlation_ratio",
      "value": "6.41"
     }
    ],
    "min_amt": "INR 5000",
    "min_amt_multiple": "INR 1",
    "monthly_aaum_date": "JUL 30, 2002",
    "monthly_aaum_value": "837 Cr",
    "mutual_fund_name": "Sundaram Mutual Fund",
    "scheme_launch_date": "OCT 15"
   }
  },
  {
   "value": {
    "amc_name": "Sundaram Asset Management Company Limited",
    "benchmark_index": [
     "(Tier I) Nifty India Consumption TRI ",
     "Additional Benchmark Nifty 50 TRI Plans Regular/Direct"
    ],
    "field_location": [
     {
      "amc_name": "22",
      "benchmark_index": "22",
      "count": 33,
      "fund_manager_name": "22",
      "load_exit": "22",
      "main_scheme_name": "22",
      "metrics_beta": "22",
      "metrics_information_ratio": "22",
      "metrics_port_turnover_ratio": "22",
      "metrics_sharpe": "22",
      "metrics_std_dev": "22",
      "min_amt": "22",
      "min_amt_multiple": "22",
      "monthly_aaum_date": "22",
      "monthly_aaum_value": "22",
      "mutual_fund_name": "22",
      "scheme_launch_date": "22"
     }
    ],
    "fund_manager": [
     {
      "managing_fund_since": "",
      "name": "B Varier",
      "qualification": "",
      "total_exp": ""
     }
    ],
    "load": [
     {
      "comment": "0.5% - For redemption, withdrawn by way of SWP or transfer by way of Switch/STP within 30 days from the date of allotment. NIL - For redemption or withdrawn by way of SWP or transfer by way of Switch/STP after 30 days from the date of allotment NET ASSET VALUE (NAV) Regular Direct Growth 88.85 97.15",
      "type": "exit"
     }
    ],
    "main_scheme_name": "Sundaram Consumption Fund",
    "metrics": [
     {
      "name": "sharpe",
      "value": "0.7"
     },
     {
      "name": "std_dev",
      "value": "15.2"
     },
     {
      "name": "beta",
      "value": "0.9"
     },
     {
      "name": "port_turnover_ratio",
      "value": "25.5"
     },
     {
      "name": "information_ratio",
      "value": "0.1"
     }
    ],
    "min_amt": "INR 100",
    "min_amt_multiple": "INR 1",
    "monthly_aaum_date": "JUL 30, 2002",
    "monthly_aaum_value": "1,423 Cr",
    "mutual_fund_name": "Sundaram Mutual Fund",
    "scheme_launch_date": "MAY 12"
   }
  },
  {
   "value": {
    "amc_name": "Sundaram Asset Management Company Limited",
    "benchmark_index": [
     "(Tier I) Nifty Services Sector TRI ",
     "Additional Benchmark Nifty 50 TRI Plans Regular/Direct"
    ],
    "field_location": [
     {
      "amc_name": "23",
      "benchmark_index": "23",
      "count": 33,
      "load_exit": "23",
      "main_scheme_name": "23",
      "metrics_beta": "23",
      "metrics_information_ratio": "23",
      "metrics_port_turnover_ratio": "23",
      "metrics_sharpe": "23",
      "metrics_std_dev": "23",
      "min_amt": "23",
      "min_amt_multiple": "23",
      "monthly_aaum_date": "23",
      "monthly_aaum_value": "23",
      "mutual_fund_name": "23",
      "scheme_launch_date": "23"
     }
    ],
    "load": [
     {
      "comment": "Upto 25%, within 365 days from the date of allotment: Nil. More than 25% within 365 days from the date of allotment: 1%. >365 days: Nil NET ASSET VALUE (NAV) Regular Direct Growth 31.06 33.51",
      "type": "exit"
     }
    ],
    "main_scheme_name": "Sundaram Services Fund",
    "metrics": [
     {
      "name": "sharpe",
      "value": "0.6"
     },
     {
      "name": "std_dev",
      "value": "13.6"
     },
     {
      "name": "beta",
      "value": "0.9"
     },
     {
      "name": "port_turnover_ratio",
      "value": "81.0"
     },
     {
      "name": "information_ratio",
      "value": "0.8"
     }
    ],
    "min_amt": "INR 100",
    "min_amt_multiple": "INR 1",
    "monthly_aaum_date": "JUL 30, 2002",
    "monthly_aaum_value": "3,645 Cr",
    "mutual_fund_name": "Sundaram Mutual Fund",
    "scheme_launch_date": "SEP 21"
   }
  },
  {
   "value": {
    "amc_name": "Sundaram Asset Management Company Limited",
    "benchmark_index": [
     "(Tier I) Nifty Infrastructure TRI ",
     "Additional Benchmark Nifty 50 TRI Plans Regular/Direct"
    ],
    "field_location": [
     {
      "amc_name": "24",
      "benchmark_index": "24",
      "count": 33,
      "fund_manager_name": "24",
      "load_exit": "24",
      "main_scheme_name": "24",
      "metrics_beta": "24",
      "metrics_information_ratio": "24",
      "metrics_port_turnover_ratio": "24",
      "metrics_sharpe": "24",
      "metrics_std_dev": "24",
      "min_amt": "24",
      "min_amt_multiple": "24",
      "monthly_aaum_date": "24",
      "monthly_aaum_value": "24",
      "mutual_fund_name": "24",
      "scheme_launch_date": "24"
     }
    ],
    "fund_manager": [
     {
      "managing_fund_since": "",
      "name": "B Varier",
      "qualification": "",
      "total_exp": ""
     }
    ],
    "load": [
     {
      "comment": "0.5% - For redemption, withdrawn by way of SWP or transfer by way of Switch/STP within 30 days from the date of allotment. NIL - For redemption or withdrawn by way of SWP or transfer by way of Switch/STP after 30 days from the date of allotment NET ASSET VALUE (NAV) Regular Direct Growth 85.73 91.47",
      "type": "exit"
     }
    ],
    "main_scheme_name": "Sundaram Infrastructure Advantage Fund",
    "metrics": [
     {
      "name": "sharpe",
      "value": "0.8"
     },
     {
      "name": "std_dev",
      "value": "16.9"
     },
     {
      "name": "beta",
      "value": "0.9"
     },
     {
      "name": "port_turnover_ratio",
      "value": "37.1"
     },
     {
      "name": "information_ratio",
      "value": "0.0"
     }
    ],
    "min_amt": "INR 100",
    "min_amt_multiple": "INR 1",
    "monthly_aaum_date": "JUL 30, 2002",
    "monthly_aaum_value": "850 Cr",
    "mutual_fund_name": "Sundaram Mutual Fund",
    "scheme_launch_date": "SEP 29"
   }
  },
  {
   "value": {
    "amc_name": "Sundaram Asset Management Company Limited",
    "benchmark_index": [
     "(Tier I) Nifty Financial Services Index TR ",
     "Additional Benchmark Nifty 50 TRI Plans Regular/Direct"
    ],
    "field_location": [
     {
      "amc_name": "25",
      "benchmark_index": "25",
      "count": 33,
      "fund_manager_name": "25",
      "load_exit": "25",
      "main_scheme_name": "25",
      "metrics_beta": "25",
      "metrics_information_ratio": "25",
      "metrics_port_turnover_ratio": "25",
      "metrics_sharpe": "25",
      "metrics_std_dev": "25",
      "min_amt": "25",
      "min_amt_multiple": "25",
      "monthly_aaum_date": "25",
      "monthly_aaum_value": "25",
      "mutual_fund_name": "25",
      "scheme_launch_date": "25"
     }
    ],
    "fund_manager": [
     {
      "managing_fund_since": "",
      "name": "Ashish Aggarwal",
      "qualification": "",
      "total_exp": ""
     }
    ],
    "load": [
     {
      "comment": "0.5% - For redemption, withdrawn by way of SWP or transfer by way of Switch/STP within 30 days from the date of allotment. NIL - For redemption or withdrawn by way of SWP or transfer by way of Switch/STP after 30 days from the date of allotment NET ASSET VALUE (NAV) Regular Direct Growth 95.22 107.02",
      "type": "exit"
     }
    ],
    "main_scheme_name": "Sundaram Financial Services Opportunities Fund",
    "metrics": [
     {
      "name": "sharpe",
      "value": "0.8"
     },
     {
      "name": "std_dev",
      "value": "14.6"
     },
     {
      "name": "beta",
      "value": "0.9"
     },
     {
      "name": "port_turnover_ratio",
      "value": "74.4"
     },
     {
      "name": "information_ratio",
      "value": "0.6"
     }
    ],
    "min_amt": "INR 100",
    "min_amt_multiple": "INR 1",
    "monthly_aaum_date": "JUL 30, 2002",
    "monthly_aaum_value": "1,366 Cr",
    "mutual_fund_name": "Sundaram Mutual Fund",
    "scheme_launch_date": "JUN 16"
   }
  },
  {
   "value": {
    "amc_name": "Sundaram Asset Management Company Limited",
    "benchmark_index": [
     "(Tier I) NIFTY 500 TRI ",
     "Additional Benchmark Nifty 50 TRI Plans Regular/Direct"
    ],
    "field_location": [
     {
      "amc_name": "26",
      "benchmark_index": "26",
      "count": 33,
      "fund_manager_name": "26",
      "load_exit": "26",
      "main_scheme_name": "26",
      "metrics_port_turnover_ratio": "26",
      "min_amt": "26",
      "min_amt_multiple": "26",
      "monthly_aaum_date": "26",
      "monthly_aaum_value": "26",
      "mutual_fund_name": "26",
      "scheme_launch_date": "26"
     }
    ],
    "fund_manager": [
     {
      "managing_fund_since": "",
      "name": "B Varier",
      "qualification": "",
      "total_exp": ""
     },
     {
      "managing_fund_since": "",
      "name": "Mr. Bharath",
      "qualification": "",
      "total_exp": ""
     },
     {
      "managing_fund_since": "",
      "name": "Dwijendra Srivastava",
      "qualification": "",
      "total_exp": ""
     },
     {
      "managing_fund_since": "",
      "name": "Mr. Sandeep Agarwal",
      "qualification": "",
      "total_exp": ""
     },
     {
      "managing_fund_since": "",
      "name": "Pathanjali Srinivasan",
      "qualification": "",
      "total_exp": ""
     }
    ],
    "load": [
     {
      "comment": "Within 365 days from the date of allotment: 1%. >365 days: Nil NET ASSET VALUE (NAV) Regular Direct Growth 10.09 10.21",
      "type": "exit"
     }
    ],
    "main_scheme_name": "Sundaram Business Cycle Fund",
    "metrics": [
     {
      "name": "port_turnover_ratio",
      "value": "27.7"
     }
    ],
    "min_amt": "INR 100",
    "min_amt_multiple": "INR 1",
    "monthly_aaum_date": "JUL 30, 2002",
    "monthly_aaum_value": "1,548 Cr",
    "mutual_fund_name": "Sundaram Mutual Fund",
    "scheme_launch_date": "JUN 25"
   }
  },
  {
   "value": {
    "amc_name": "Sundaram Asset Management Company Limited",
    "benchmark_index": [
     "(Tier I) MSCI ACWI TRI (INR) ",
     "Additional Benchmark Nifty 50 TRI Plans Regular/Direct"
    ],
    "field_location": [
     {
      "amc_name": "27",
      "benchmark_index": "27",
      "count": 33,
      "load_exit": "27",
      "main_scheme_name": "27",
      "min_amt": "27",
      "min_amt_multiple": "27",
      "monthly_aaum_date": "27",
      "monthly_aaum_value": "27",
      "mutual_fund_name": "27",
      "scheme_launch_date": "27"
     }
    ],
    "load": [
     {
      "comment": "Upto 25%, within 365 days from the date of allotment: Nil. More than 25% within 365 days from the date of allotment: 1%. >365 days: Nil NET ASSET VALUE (NAV) Regular Direct Growth 31.62 34.54",
      "type": "exit"
     }
    ],
    "main_scheme_name": "Sundaram Global Brand Fund",
    "min_amt": "INR 100",
    "min_amt_multiple": "INR 1",
    "monthly_aaum_date": "JUL 30, 2002",
    "monthly_aaum_value": "116 Cr",
    "mutual_fund_name": "Sundaram Mutual Fund",
    "scheme_launch_date": "MAR 29"
   }
  },
  {
   "value": {
    "amc_name": "Sundaram Asset Management Company Limited",
    "benchmark_index": [
     "(Tier I) NIFTY 100 Equal Weighted Index TR ",
     "Additional Benchmark Nifty 50 TRI Plans Regular/Direct"
    ],
    "field_location": [
     {
      "amc_name": "28",
      "benchmark_index": "28",
      "count": 33,
      "fund_manager_name": "28",
      "load_exit": "28",
      "main_scheme_name": "28",
      "metrics_beta": "28",
      "metrics_information_ratio": "28",
      "metrics_port_turnover_ratio": "28",
      "metrics_sharpe": "28",
      "metrics_std_dev": "28",
      "min_amt": "28",
      "min_amt_multiple": "28",
      "monthly_aaum_date": "28",
      "monthly_aaum_value": "28",
      "mutual_fund_name": "28",
      "scheme_launch_date": "28"
     }
    ],
    "fund_manager": [
     {
      "managing_fund_since": "",
      "name": "Ashish Aggarwal",
      "qualification": "",
      "total_exp": ""
     }
    ],
    "load": [
     {
      "comment": "Nil NET ASSET VALUE (NAV) Regular Direct Growth 160.89 169.24",
      "type": "exit"
     }
    ],
    "main_scheme_name": "Sundaram Nifty 100 Equal Weight Fund",
    "metrics": [
     {
      "name": "sharpe",
      "value": "0.5"
     },
     {
      "name": "std_dev",
      "value": "16.3"
     },
     {
      "name": "beta",
      "value": "1.0"
     },
     {
      "name": "port_turnover_ratio",
      "value": "29.0"
     },
     {
      "name": "information_ratio",
      "value": "2.1"
     }
    ],
    "min_amt": "INR 100",
    "min_amt_multiple": "INR 1",
    "monthly_aaum_date": "JUL 30, 2002",
    "monthly_aaum_value": "96 Cr",
    "mutual_fund_name": "Sundaram Mutual Fund",
    "scheme_launch_date": "JUL 27"
   }
  },
  {
   "value": {
    "amc_name": "Sundaram Asset Management Company Limited",
    "benchmark_index": [
     "(Tier I) CRISIL Hybrid 35+65 Aggressive Index ",
     "Additional Benchmark NIFTY 50 TRI Plans Regular/Direct"
    ],
    "field_location": [
     {
      "amc_name": "30",
      "benchmark_index": "30",
      "count": 33,
      "fund_manager_name": "30",
      "load_exit": "30",
      "main_scheme_name": "30",
      "metrics_avg_maturity": "30",
      "metrics_beta": "30",
      "metrics_information_ratio": "30",
      "metrics_macaulay": "30",
      "metrics_mod_duration": "30",
      "metrics_port_turnover_ratio": "30",
      "metrics_sharpe": "30",
      "metrics_std_dev": "30",
      "metrics_ytm": "30",
      "min_amt": "30",
      "min_amt_multiple": "30",
      "monthly_aaum_date": "30",
      "monthly_aaum_value": "30",
      "mutual_fund_name": "30",
      "scheme_launch_date": "30"
     }
    ],
    "fund_manager": [
     {
      "managing_fund_since": "",
      "name": "Clyton Richard Fernandes",
      "qualification": "",
      "total_exp": ""
     },
     {
      "managing_fund_since": "",
      "name": "Sandeep Agarwal",
      "qualification": "",
      "total_exp": ""
     }
    ],
    "load": [
     {
      "comment": "Upto 25%, within 365 days from the date of allotment: Nil. More than 25% within 365 days from the date of allotment: 1%. >365 days: Nil NET ASSET VALUE (NAV) Regular Direct Growth 152.34 174.04",
      "type": "exit"
     }
    ],
    "main_scheme_name": "Sundaram Aggressive Hybrid Fund",
    "metrics": [
     {
      "name": "sharpe",
      "value": "0.4"
     },
     {
      "name": "std_dev",
      "value": "10.7"
     },
     {
      "name": "beta",
      "value": "1.0"
     },
     {
      "name": "ytm",
      "value": "6.13 %"
     },
     {
      "name": "port_turnover_ratio",
      "value": "63.4"
     },
     {
      "name": "mod_duration",
      "value": "4.83 Years"
     },
     {
      "name": "avg_maturity",
      "value": "6.73 Years"
     },
     {
      "name": "macaulay",
      "value": "4.40 Years"
     },
     {
      "name": "information_ratio",
      "value": "0.1"
     }
    ],
    "min_amt": "INR 100",
    "min_amt_multiple": "INR 1",
    "monthly_aaum_date": "JUL 30, 2002",
    "monthly_aaum_value": "5,447 Cr",
    "mutual_fund_name": "Sundaram Mutual Fund",
    "scheme_launch_date": "JAN 14"
   }
  },
  {
   "value": {
    "amc_name": "Sundaram Asset Management Company Limited",
    "benchmark_index": [
     "(Tier I) Nifty Equity Savings Index TRI ",
     "Additional Benchmark CRISIL 10Y Gilt Plans Regular/Direct"
    ],
    "field_location": [
     {
      "amc_name": "32",
      "benchmark_index": "32",
      "count": 33,
      "fund_manager_name": "32",
      "load_exit": "32",
      "main_scheme_name": "32",
      "metrics_avg_maturity": "32",
      "metrics_beta": "32",
      "metrics_information_ratio": "32",
      "metrics_macaulay": "32",
      "metrics_mod_duration": "32",
      "metrics_port_turnover_ratio": "32",
      "metrics_sharpe": "32",
      "metrics_std_dev": "32",
      "metrics_ytm": "32",
      "min_amt": "32",
      "min_amt_multiple": "32",
      "monthly_aaum_date": "32",
      "monthly_aaum_value": "32",
      "mutual_fund_name": "32",
      "scheme_launch_date": "32"
     }
    ],
    "fund_manager": [
     {
      "managing_fund_since": "",
      "name": "Rohit Seksaria",
      "qualification": "",
      "total_exp": ""
     },
     {
      "managing_fund_since": "",
      "name": "Dwijendra Srivastava",
      "qualification": "",
      "total_exp": ""
     }
    ],
    "load": [
     {
      "comment": "0.5% if redeemed within 7 days from the date of allotment. > 7 Days: Nil NET ASSET VALUE (NAV) Regular Direct Growth 67.47 77.97",
      "type": "exit"
     }
    ],
    "main_scheme_name": "Sundaram Equity Savings Fund",
    "metrics": [
     {
      "name": "sharpe",
      "value": "0.7"
     },
     {
      "name": "std_dev",
      "value": "5.8"
     },
     {
      "name": "beta",
      "value": "1.1"
     },
     {
      "name": "ytm",
      "value": "6.93 %"
     },
     {
      "name": "port_turnover_ratio",
      "value": "68.8"
     },
     {
      "name": "mod_duration",
      "value": "3.03 Years"
     },
     {
      "name": "avg_maturity",
      "value": "4.24 Years"
     },
     {
      "name": "macaulay",
      "value": "3.15 Years"
     },
     {
      "name": "information_ratio",
      "value": "0.6"
     }
    ],
    "min_amt": "INR 100",
    "min_amt_multiple": "INR 1",
    "monthly_aaum_date": "JUL 30, 2002",
    "monthly_aaum_value": "1,012 Cr",
    "mutual_fund_name": "Sundaram Mutual Fund",
    "scheme_launch_date": "MAY 23"
   }
  },
  {
   "value": {
    "amc_name": "Sundaram Asset Management Company Limited",
    "benchmark_index": [
     "(Tier I) NIFTY 50 Hybrid Composite debt 50:50 Index ",
     "Additional Benchmark Nifty 50 TRI Plans Regular/Direct"
    ],
    "field_location": [
     {
      "amc_name": "34",
      "benchmark_index": "34",
      "count": 33,
      "fund_manager_name": "34",
      "load_exit": "34",
      "main_scheme_name": "34",
      "metrics_avg_maturity": "34",
      "metrics_beta": "34",
      "metrics_information_ratio": "34",
      "metrics_macaulay": "34",
      "metrics_mod_duration": "34",
      "metrics_port_turnover_ratio": "34",
      "metrics_sharpe": "34",
      "metrics_std_dev": "34",
      "metrics_ytm": "34",
      "min_amt": "34",
      "min_amt_multiple": "34",
      "monthly_aaum_date": "34",
      "monthly_aaum_value": "34",
      "mutual_fund_name": "34",
      "scheme_launch_date": "34"
     }
    ],
    "fund_manager": [
     {
      "managing_fund_since": "",
      "name": "Clyton Richard Fernandes",
      "qualification": "",
      "total_exp": ""
     },
     {
      "managing_fund_since": "",
      "name": "Dwijendra Srivastava",
      "qualification": "",
      "total_exp": ""
     }
    ],
    "load": [
     {
      "comment": "Upto 25%, within 365 days from the date of allotment: Nil. More than 25% within 365 days from the date of allotment: 1%. >365 days: Nil NET ASSET VALUE (NAV) Regular Direct Growth 33.47 39.09",
      "type": "exit"
     }
    ],
    "main_scheme_name": "Sundaram Balanced Advantage Fund",
    "metrics": [
     {
      "name": "sharpe",
      "value": "0.4"
     },
     {
      "name": "std_dev",
      "value": "8.1"
     },
     {
      "name": "beta",
      "value": "1.0"
     },
     {
      "name": "ytm",
      "value": "6.84"
     },
     {
      "name": "port_turnover_ratio",
      "value": "68.9"
     },
     {
      "name": "mod_duration",
      "value": "4.42 Years"
     },
     {
      "name": "avg_maturity",
      "value": "7.12 Years"
     },
     {
      "name": "macaulay",
      "value": "4.61 Years"
     },
     {
      "name": "information_ratio",
      "value": "0.1"
     }
    ],
    "min_amt": "INR 100",
    "min_amt_multiple": "INR 1",
    "monthly_aaum_date": "JUL 30, 2002",
    "monthly_aaum_value": "1,463 Cr",
    "mutual_fund_name": "Sundaram Mutual Fund",
    "scheme_launch_date": "DEC 16"
   }
  },
  {
   "value": {
    "amc_name": "Sundaram Asset Management Company Limited",
    "benchmark_index": [
     "(Tier I) NIFTY 500 TRI (65%) + NIFTY Short Duration Debt Index (10%) + Domestic Prices of Gold (25%) ",
     "Additional Benchmark Plans Regular/Direct"
    ],
    "field_location": [
     {
      "amc_name": "36",
      "benchmark_index": "36",
      "count": 33,
      "fund_manager_name": "36",
      "load_exit": "36",
      "main_scheme_name": "36",
      "metrics_avg_maturity": "36",
      "metrics_macaulay": "36",
      "metrics_mod_duration": "36",
      "metrics_port_turnover_ratio": "36",
      "metrics_ytm": "36",
      "min_amt": "36",
      "min_amt_multiple": "36",
      "monthly_aaum_date": "36",
      "monthly_aaum_value": "36",
      "mutual_fund_name": "36",
      "scheme_launch_date": "36"
     }
    ],
    "fund_manager": [
     {
      "managing_fund_since": "",
      "name": "Clyton Richard",
      "qualification": "",
      "total_exp": ""
     },
     {
      "managing_fund_since": "",
      "name": "Sandeep Agarwal",
      "qualification": "",
      "total_exp": ""
     },
     {
      "managing_fund_since": "",
      "name": "Arjun Nagarajan",
      "qualification": "",
      "total_exp": ""
     }
    ],
    "load": [
     {
      "comment": "Upto 30%, within 365 days from the date of allotment: Nil. More than 30% within 365 days from the date of allotment: 1%. >365 days: Nil NET ASSET VALUE (NAV) Regular Direct Growth 11.43 11.66",
      "type": "exit"
     }
    ],
    "main_scheme_name": "Sundaram Multi Asset Allocation Fund",
    "metrics": [
     {
      "name": "ytm",
      "value": "6.58 %"
     },
     {
      "name": "mod_duration",
      "value": "3.19 Years"
     },
     {
      "name": "avg_maturity",
      "value": "4.02 Years"
     },
     {
      "name": "macaulay",
      "value": "3.29 Years"
     },
     {
      "name": "port_turnover_ratio",
      "value": "66."
     }
    ],
    "min_amt": "INR 100",
    "min_amt_multiple": "INR 1",
    "monthly_aaum_date": "JUL 30, 2002",
    "monthly_aaum_value": "2,435 Cr",
    "mutual_fund_name": "Sundaram Mutual Fund",
    "scheme_launch_date": "JAN 25"
   }
  },
  {
   "value": {
    "amc_name": "Sundaram Asset Management Company Limited",
    "benchmark_index": [
     "(Tier I) NIFTY 50 Arbitrage Index TRI ",
     "Additional Benchmark CRISIL 1Y Tbill Plans Regular/Direct"
    ],
    "field_location": [
     {
      "amc_name": "38",
      "benchmark_index": "38",
      "count": 33,
      "fund_manager_name": "38",
      "load_exit": "38",
      "main_scheme_name": "38",
      "metrics_avg_maturity": "38",
      "metrics_beta": "38",
      "metrics_information_ratio": "38",
      "metrics_macaulay": "38",
      "metrics_mod_duration": "38",
      "metrics_port_turnover_ratio": "38",
      "metrics_sharpe": "38",
      "metrics_std_dev": "38",
      "metrics_ytm": "38",
      "min_amt": "38",
      "min_amt_multiple": "38",
      "monthly_aaum_date": "38",
      "monthly_aaum_value": "38",
      "mutual_fund_name": "38",
      "scheme_launch_date": "38"
     }
    ],
    "fund_manager": [
     {
      "managing_fund_since": "",
      "name": "Ashish Aggarwal",
      "qualification": "",
      "total_exp": ""
     },
     {
      "managing_fund_since": "",
      "name": "Dwijendra Srivastava",
      "qualification": "",
      "total_exp": ""
     }
    ],
    "load": [
     {
      "comment": "Upto 25%, within 15 days from the date of allotment: Nil. More than 25% within 15 days from the date of allotment: 0.25%. >15 days: Nil NET ASSET VALUE (NAV) Regular Direct Growth 14.22 14.96",
      "type": "exit"
     }
    ],
    "main_scheme_name": "Sundaram Arbitrage Fund",
    "metrics": [
     {
      "name": "sharpe",
      "value": "-0.2"
     },
     {
      "name": "std_dev",
      "value": "0.6"
     },
     {
      "name": "beta",
      "value": "0.6"
     },
     {
      "name": "ytm",
      "value": "4.56 %"
     },
     {
      "name": "port_turnover_ratio",
      "value": "79.8"
     },
     {
      "name": "mod_duration",
      "value": "0.00 Years"
     },
     {
      "name": "avg_maturity",
      "value": "0.28 Years"
     },
     {
      "name": "macaulay",
      "value": "0.26 Years"
     },
     {
      "name": "information_ratio",
      "value": "1.6"
     }
    ],
    "min_amt": "INR 100",
    "min_amt_multiple": "INR 1",
    "monthly_aaum_date": "JUL 30, 2002",
    "monthly_aaum_value": "260 Cr",
    "mutual_fund_name": "Sundaram Mutual Fund",
    "scheme_launch_date": "APR 21"
   }
  },
  {
   "value": {
    "amc_name": "Sundaram Asset Management Company Limited",
    "benchmark_index": [
     "(Tier I) Nifty 500 TRI ",
     "Additional Benchmark Nifty 50 TRI Plans Regular/Direct"
    ],
    "field_location": [
     {
      "amc_name": "40",
      "benchmark_index": "40",
      "count": 33,
      "fund_manager_name": "40",
      "load_exit": "40",
      "main_scheme_name": "40",
      "metrics_beta": "40",
      "metrics_correlation_ratio": "40",
      "metrics_information_ratio": "40",
      "metrics_port_turnover_ratio": "40",
      "metrics_sharpe": "40",
      "metrics_std_dev": "40",
      "monthly_aaum_date": "40",
      "monthly_aaum_value": "40",
      "mutual_fund_name": "40",
      "scheme_launch_date": "40"
     }
    ],
    "fund_manager": [
     {
      "managing_fund_since": "",
      "name": "Rohit Seksaria",
      "qualification": "",
      "total_exp": ""
     }
    ],
    "load": [
     {
      "comment": "Nil (Lock in period of 36 months) NET ASSET VALUE (NAV) Regular Direct Growth 204.01 215.77",
      "type": "exit"
     }
    ],
    "main_scheme_name": "Sundaram Diversified Equity Fund",
    "metrics": [
     {
      "name": "sharpe",
      "value": "0.4"
     },
     {
      "name": "std_dev",
      "value": "13.1"
     },
     {
      "name": "beta",
      "value": "0.9"
     },
     {
      "name": "port_turnover_ratio",
      "value": "30.7"
     },
     {
      "name": "information_ratio",
      "value": "0.7"
     },
     {
      "name": "correlation_ratio",
      "value": "6.41"
     }
    ],
    "monthly_aaum_date": "JUL 30, 2002",
    "monthly_aaum_value": "1,396 Cr",
    "mutual_fund_name": "Sundaram Mutual Fund",
    "scheme_launch_date": "NOV 22"
   }
  },
  {
   "value": {
    "amc_name": "Sundaram Asset Management Company Limited",
    "benchmark_index": [
     "(Tier I) BSE 500 TRI ",
     "Additional Benchmark Nifty 50 TRI"
    ],
    "field_location": [
     {
      "amc_name": "41",
      "benchmark_index": "41",
      "count": 33,
      "fund_manager_name": "41",
      "main_scheme_name": "41",
      "metrics_port_turnover_ratio": "41",
      "monthly_aaum_date": "41",
      "monthly_aaum_value": "41",
      "mutual_fund_name": "41",
      "scheme_launch_date": "41"
     }
    ],
    "fund_manager": [
     {
      "managing_fund_since": "",
      "name": "Sudhir Kedia",
      "qualification": "",
      "total_exp": ""
     }
    ],
    "main_scheme_name": "Sundaram Long Term Tax Advantage Fund Series II-IV",
    "metrics": [
     {
      "name": "port_turnover_ratio",
      "value": "0"
     }
    ],
    "monthly_aaum_date": "JUL 30, 2002",
    "monthly_aaum_value": "12",
    "mutual_fund_name": "Sundaram Mutual Fund",
    "scheme_launch_date": "MAR 21"
   }
  },
  {
   "value": {
    "amc_name": "Sundaram Asset Management Company Limited",
    "benchmark_index": [
     "(Tier I) Nifty Liquid Index A-I ",
     "Additional Benchmark CRISIL 1Y Tbill Plans Regular/Direct"
    ],
    "field_location": [
     {
      "amc_name": "43",
      "benchmark_index": "43",
      "count": 33,
      "fund_manager_name": "43",
      "load_exit": "43",
      "main_scheme_name": "43",
      "metrics_avg_maturity": "43",
      "metrics_macaulay": "43",
      "metrics_mod_duration": "43",
      "metrics_ytm": "43",
      "min_amt": "43",
      "min_amt_multiple": "43",
      "monthly_aaum_date": "43",
      "monthly_aaum_value": "43",
      "mutual_fund_name": "43",
      "scheme_launch_date": "43"
     }
    ],
    "fund_manager": [
     {
      "managing_fund_since": "",
      "name": "Sandeep Agarwal",
      "qualification": "",
      "total_exp": ""
     }
    ],
    "load": [
     {
      "comment": "Exit day from subscription Exit Load as a % of redemption proceeds: Day 1 0.0070%; Day 2 0.0065%; Day 3 0.0060%; Day 4 0.0055%; Day 5 0.0050%; Day 6 0.0045%; Day 7 onwards Nil NET ASSET VALUE (NAV) Regular Direct Growth 2266.36 2291.73",
      "type": "exit"
     }
    ],
    "main_scheme_name": "Sundaram Liquid Fund",
    "metrics": [
     {
      "name": "ytm",
      "value": "7.06 %"
     },
     {
      "name": "mod_duration",
      "value": "0.17 Years"
     },
     {
      "name": "avg_maturity",
      "value": "0.17 Years"
     },
     {
      "name": "macaulay",
      "value": "0.17 Years"
     }
    ],
    "min_amt": "INR 1000",
    "min_amt_multiple": "INR 1",
    "monthly_aaum_date": "JUL 30, 2002",
    "monthly_aaum_value": "7,266 Cr",
    "mutual_fund_name": "Sundaram Mutual Fund",
    "scheme_launch_date": "AUG 30"
   }
  },
  {
   "value": {
    "amc_name": "Sundaram Asset Management Company Limited",
    "benchmark_index": [
     "(Tier I) NIFTY1D Rate Index ",
     "Additional Benchmark CRISIL 1Y Tbill Plans Regular/Direct"
    ],
    "field_location": [
     {
      "amc_name": "44",
      "benchmark_index": "44",
      "count": 33,
      "fund_manager_name": "44",
      "load_exit": "44",
      "main_scheme_name": "44",
      "metrics_avg_maturity": "44",
      "metrics_macaulay": "44",
      "metrics_mod_duration": "44",
      "metrics_ytm": "44",
      "min_amt": "44",
      "min_amt_multiple": "44",
      "monthly_aaum_date": "44",
      "monthly_aaum_value": "44",
      "mutual_fund_name": "44",
      "scheme_launch_date": "44"
     }
    ],
    "fund_manager": [
     {
      "managing_fund_since": "",
      "name": "Sandeep Agarwal",
      "qualification": "",
      "total_exp": ""
     }
    ],
    "load": [
     {
      "comment": "Nil NET ASSET VALUE (NAV) Regular Direct Growth 1348.52 1356.62",
      "type": "exit"
     }
    ],
    "main_scheme_name": "Sundaram Overnight Fund",
    "metrics": [
     {
      "name": "ytm",
      "value": "7.14 %"
     },
     {
      "name": "mod_duration",
      "value": "0.00 Years"
     },
     {
      "name": "avg_maturity",
      "value": "0.02 Years"
     },
     {
      "name": "macaulay",
      "value": "0.02 Years"
     }
    ],
    "min_amt": "INR 5000",
    "min_amt_multiple": "INR 1",
    "monthly_aaum_date": "JUL 30, 2002",
    "monthly_aaum_value": "804 Cr",
    "mutual_fund_name": "Sundaram Mutual Fund",
    "scheme_launch_date": "MAR 20"
   }
  },
  {
   "value": {
    "amc_name": "Sundaram Asset Management Company Limited",
    "benchmark_index": [
     "(Tier I) Nifty Ultra Short Duration Debt Index A-I ",
     "Additional Benchmark CRISIL 1Y Tbill Plans Regular/Direct"
    ],
    "field_location": [
     {
      "amc_name": "45",
      "benchmark_index": "45",
      "count": 33,
      "fund_manager_name": "45",
      "load_exit": "45",
      "main_scheme_name": "45",
      "metrics_avg_maturity": "45",
      "metrics_correlation_ratio": "45",
      "metrics_macaulay": "45",
      "metrics_mod_duration": "45",
      "metrics_ytm": "45",
      "min_amt": "45",
      "min_amt_multiple": "45",
      "monthly_aaum_date": "45",
      "monthly_aaum_value": "45",
      "mutual_fund_name": "45",
      "scheme_launch_date": "45"
     }
    ],
    "fund_manager": [
     {
      "managing_fund_since": "",
      "name": "Sandeep Agarwal",
      "qualification": "",
      "total_exp": ""
     }
    ],
    "load": [
     {
      "comment": "Nil NET ASSET VALUE (NAV) Regular Direct Growth 2642.50 2873.13",
      "type": "exit"
     }
    ],
    "main_scheme_name": "Sundaram Ultra Short Duration Fund",
    "metrics": [
     {
      "name": "ytm",
      "value": "7.35 %"
     },
     {
      "name": "mod_duration",
      "value": "0.62 Years"
     },
     {
      "name": "avg_maturity",
      "value": "0.65 Years"
     },
     {
      "name": "macaulay",
      "value": "0.64 Years"
     },
     {
      "name": "correlation_ratio",
      "value": "6.41"
     }
    ],
    "min_amt": "INR 100",
    "min_amt_multiple": "INR 1",
    "monthly_aaum_date": "JUL 30, 2002",
    "monthly_aaum_value": "2,119 Cr",
    "mutual_fund_name": "Sundaram Mutual Fund",
    "scheme_launch_date": "DEC 28"
   }
  },
  {
   "value": {
    "amc_name": "Sundaram Asset Management Company Limited",
    "benchmark_index": [
     "(Tier I) Nifty Money Market Index A-I ",
     "Additional Benchmark CRISIL 1Y Tbill Plans Regular/Direct"
    ],
    "field_location": [
     {
      "amc_name": "47",
      "benchmark_index": "47",
      "count": 33,
      "load_exit": "47",
      "main_scheme_name": "47",
      "metrics_avg_maturity": "47",
      "metrics_macaulay": "47",
      "metrics_mod_duration": "47",
      "metrics_ytm": "47",
      "min_amt": "47",
      "min_amt_multiple": "47",
      "monthly_aaum_date": "47",
      "monthly_aaum_value": "47",
      "mutual_fund_name": "47",
      "scheme_launch_date": "47"
     }
    ],
    "load": [
     {
      "comment": "Nil NET ASSET VALUE (NAV) Regular Direct Growth 14.70 14.80",
      "type": "exit"
     }
    ],
    "main_scheme_name": "Sundaram Money Market Fund",
    "metrics": [
     {
      "name": "ytm",
      "value": "7.14 %"
     },
     {
      "name": "mod_duration",
      "value": "0.78 Years"
     },
     {
      "name": "avg_maturity",
      "value": "0.78 Years"
     },
     {
      "name": "macaulay",
      "value": "0.78 Years"
     }
    ],
    "min_amt": "INR 1000",
    "min_amt_multiple": "INR 1",
    "monthly_aaum_date": "JUL 30, 2002",
    "monthly_aaum_value": "888 Cr",
    "mutual_fund_name": "Sundaram Mutual Fund",
    "scheme_launch_date": "SEP 26"
   }
  },
  {
   "value": {
    "amc_name": "Sundaram Asset Management Company Limited",
    "benchmark_index": [
     "(Tier I) Nifty Low Duration Debt Index A-I ",
     "Additional Benchmark CRISIL 1Y Tbill Plans Regular/Direct"
    ],
    "field_location": [
     {
      "amc_name": "48",
      "benchmark_index": "48",
      "count": 33,
      "fund_manager_name": "48",
      "load_exit": "48",
      "main_scheme_name": "48",
      "metrics_avg_maturity": "48",
      "metrics_macaulay": "48",
      "metrics_mod_duration": "48",
      "metrics_ytm": "48",
      "min_amt": "48",
      "min_amt_multiple": "48",
      "monthly_aaum_date": "48",
      "monthly_aaum_value": "48",
      "mutual_fund_name": "48",
      "scheme_launch_date": "48"
     }
    ],
    "fund_manager": [
     {
      "managing_fund_since": "",
      "name": "Sandeep Agarwal",
      "qualification": "",
      "total_exp": ""
     }
    ],
    "load": [
     {
      "comment": "Nil NET ASSET VALUE (NAV) Regular Direct Growth 3395.51 3633.92",
      "type": "exit"
     }
    ],
    "main_scheme_name": "Sundaram Low Duration Fund",
    "metrics": [
     {
      "name": "ytm",
      "value": "7.53 %"
     },
     {
      "name": "mod_duration",
      "value": "0.97 Years"
     },
     {
      "name": "avg_maturity",
      "value": "1.10 Years"
     },
     {
      "name": "macaulay",
      "value": "1.03 Years"
     }
    ],
    "min_amt": "INR 1000",
    "min_amt_multiple": "INR 1",
    "monthly_aaum_date": "JUL 30, 2002",
    "monthly_aaum_value": "371 Cr",
    "mutual_fund_name": "Sundaram Mutual Fund",
    "scheme_launch_date": "SEP 14"
   }
  },
  {
   "value": {
    "amc_name": "Sundaram Asset Management Company Limited",
    "benchmark_index": [
     "(Tier I) Nifty Banking & PSU Debt Index A-II ",
     "Additional Benchmark CRISIL 1Y Tbill Plans Regular/Direct"
    ],
    "field_location": [
     {
      "amc_name": "49",
      "benchmark_index": "49",
      "count": 33,
      "fund_manager_name": "49",
      "load_exit": "49",
      "main_scheme_name": "49",
      "metrics_avg_maturity": "49",
      "metrics_macaulay": "49",
      "metrics_mod_duration": "49",
      "metrics_ytm": "49",
      "min_amt": "49",
      "min_amt_multiple": "49",
      "monthly_aaum_date": "49",
      "monthly_aaum_value": "49",
      "mutual_fund_name": "49",
      "scheme_launch_date": "49"
     }
    ],
    "fund_manager": [
     {
      "managing_fund_since": "",
      "name": "Sandeep Agarwal",
      "qualification": "",
      "total_exp": ""
     }
    ],
    "load": [
     {
      "comment": "Nil NET ASSET VALUE (NAV) Regular Direct Growth 42.12 42.71",
      "type": "exit"
     }
    ],
    "main_scheme_name": "Sundaram Banking & PSU Fund",
    "metrics": [
     {
      "name": "ytm",
      "value": "7.10 %"
     },
     {
      "name": "mod_duration",
      "value": "3.41 Years"
     },
     {
      "name": "avg_maturity",
      "value": "5.02 Years"
     },
     {
      "name": "macaulay",
      "value": "3.59 Years"
     }
    ],
    "min_amt": "Rs 5,000",
    "min_amt_multiple": "1",
    "monthly_aaum_date": "JUL 30, 2002",
    "monthly_aaum_value": "350 Cr",
    "mutual_fund_name": "Sundaram Mutual Fund",
    "scheme_launch_date": "DEC 29"
   }
  },
  {
   "value": {
    "amc_name": "Sundaram Asset Management Company Limited",
    "benchmark_index": [
     "(Tier I) Nifty Short Duration Debt Index A-II ",
     "Additional Benchmark CRISIL 10Y Gilt Plans Regular/Direct"
    ],
    "field_location": [
     {
      "amc_name": "50",
      "benchmark_index": "50",
      "count": 33,
      "fund_manager_name": "50",
      "load_exit": "50",
      "main_scheme_name": "50",
      "metrics_avg_maturity": "50",
      "metrics_macaulay": "50",
      "metrics_mod_duration": "50",
      "metrics_ytm": "50",
      "min_amt": "50",
      "min_amt_multiple": "50",
      "monthly_aaum_date": "50",
      "monthly_aaum_value": "50",
      "mutual_fund_name": "50",
      "scheme_launch_date": "50"
     }
    ],
    "fund_manager": [
     {
      "managing_fund_since": "",
      "name": "Sandeep Agarwal",
      "qualification": "",
      "total_exp": ""
     }
    ],
    "load": [
     {
      "comment": "Nil NET ASSET VALUE (NAV) Regular Direct Growth 43.33 46.82",
      "type": "exit"
     }
    ],
    "main_scheme_name": "Sundaram Short Duration Fund",
    "metrics": [
     {
      "name": "ytm",
      "value": "7.24 %"
     },
     {
      "name": "mod_duration",
      "value": "2.81 Years"
     },
     {
      "name": "avg_maturity",
      "value": "3.62 Years"
     },
     {
      "name": "macaulay",
      "value": "2.95 Years"
     }
    ],
    "min_amt": "INR 5000",
    "min_amt_multiple": "INR 1",
    "monthly_aaum_date": "JUL 30, 2002",
    "monthly_aaum_value": "208 Cr",
    "mutual_fund_name": "Sundaram Mutual Fund",
    "scheme_launch_date": "SEP 4, 2002"
   }
  },
  {
   "value": {
    "amc_name": "Sundaram Asset Management Company Limited",
    "benchmark_index": [
     "(Tier I) Nifty Medium Duration Debt Index A-III ",
     "Additional Benchmark CRISIL 10Y Gilt Plans Regular/Direct"
    ],
    "field_location": [
     {
      "amc_name": "51",
      "benchmark_index": "51",
      "count": 33,
      "fund_manager_name": "51",
      "load_exit": "51",
      "main_scheme_name": "51",
      "metrics_avg_maturity": "51",
      "metrics_macaulay": "51",
      "metrics_mod_duration": "51",
      "metrics_ytm": "51",
      "min_amt": "51",
      "min_amt_multiple": "51",
      "monthly_aaum_date": "51",
      "monthly_aaum_value": "51",
      "mutual_fund_name": "51",
      "scheme_launch_date": "51"
     }
    ],
    "fund_manager": [
     {
      "managing_fund_since": "",
      "name": "Sandeep Agarwal",
      "qualification": "",
      "total_exp": ""
     }
    ],
    "load": [
     {
      "comment": "Nil NET ASSET VALUE (NAV) Regular Direct Growth 67.75 75.48",
      "type": "exit"
     }
    ],
    "main_scheme_name": "Sundaram Medium Duration Fund",
    "metrics": [
     {
      "name": "ytm",
      "value": "6.89 %"
     },
     {
      "name": "mod_duration",
      "value": "3.79 Years"
     },
     {
      "name": "avg_maturity",
      "value": "5.06 Years"
     },
     {
      "name": "macaulay",
      "value": "3.93 Years"
     }
    ],
    "min_amt": "INR 5000",
    "min_amt_multiple": "INR 1",
    "monthly_aaum_date": "JUL 30, 2002",
    "monthly_aaum_value": "43 Cr",
    "mutual_fund_name": "Sundaram Mutual Fund",
    "scheme_launch_date": "DEC 18"
   }
  },
  {
   "value": {
    "amc_name": "Sundaram Asset Management Company Limited",
    "benchmark_index": [
     "(Tier I) Nifty Corporate Bond Index A-II ",
     "Additional Benchmark CRISIL 10Y Gilt Plans Regular/Direct"
    ],
    "field_location": [
     {
      "amc_name": "52",
      "benchmark_index": "52",
      "count": 33,
      "load_exit": "52",
      "main_scheme_name": "52",
      "metrics_avg_maturity": "52",
      "metrics_macaulay": "52",
      "metrics_mod_duration": "52",
      "metrics_ytm": "52",
      "min_amt": "52",
      "min_amt_multiple": "52",
      "monthly_aaum_date": "52",
      "monthly_aaum_value": "52",
      "mutual_fund_name": "52",
      "scheme_launch_date": "52"
     }
    ],
    "load": [
     {
      "comment": "Nil NET ASSET VALUE (NAV) Regular Direct Growth 39.30 40.61",
      "type": "exit"
     }
    ],
    "main_scheme_name": "Sundaram Corporate Bond Fund",
    "metrics": [
     {
      "name": "ytm",
      "value": "7.15 %"
     },
     {
      "name": "mod_duration",
      "value": "3.84 Years"
     },
     {
      "name": "avg_maturity",
      "value": "5.98 Years"
     },
     {
      "name": "macaulay",
      "value": "4.06 Years"
     }
    ],
    "min_amt": "INR 5000",
    "min_amt_multiple": "INR 1",
    "monthly_aaum_date": "JUL 30, 2002",
    "monthly_aaum_value": "698 Cr",
    "mutual_fund_name": "Sundaram Mutual Fund",
    "scheme_launch_date": "DEC 29"
   }
  },
  {
   "value": {
    "amc_name": "Sundaram Asset Management Company Limited",
    "benchmark_index": [
     "(Tier I) CRISIL Hybrid 85+15 - Conservative Index ",
     "Additional Benchmark CRISIL 10Y Gilt Plans Regular/Direct"
    ],
    "field_location": [
     {
      "amc_name": "53",
      "benchmark_index": "53",
      "count": 33,
      "fund_manager_name": "53",
      "load_exit": "53",
      "main_scheme_name": "53",
      "metrics_avg_maturity": "53",
      "metrics_macaulay": "53",
      "metrics_mod_duration": "53",
      "metrics_ytm": "53",
      "min_amt": "53",
      "min_amt_multiple": "53",
      "monthly_aaum_date": "53",
      "monthly_aaum_value": "53",
      "mutual_fund_name": "53",
      "scheme_launch_date": "53"
     }
    ],
    "fund_manager": [
     {
      "managing_fund_since": "",
      "name": "Dwijendra Srivastava",
      "qualification": "",
      "total_exp": ""
     },
     {
      "managing_fund_since": "",
      "name": "Mr. Sandeep Agarwal",
      "qualification": "",
      "total_exp": ""
     },
     {
      "managing_fund_since": "",
      "name": "Mr. Bharath",
      "qualification": "",
      "total_exp": ""
     }
    ],
    "load": [
     {
      "comment": "Nil NET ASSET VALUE (NAV) Regular Direct Growth 29.01 31.89",
      "type": "exit"
     }
    ],
    "main_scheme_name": "Sundaram Conservative Hybrid Fund",
    "metrics": [
     {
      "name": "ytm",
      "value": "6.88 %"
     },
     {
      "name": "mod_duration",
      "value": "7.77 Years"
     },
     {
      "name": "avg_maturity",
      "value": "16.60 Years"
     },
     {
      "name": "macaulay",
      "value": "8.04 Years"
     }
    ],
    "min_amt": "INR 5000",
    "min_amt_multiple": "INR 1",
    "monthly_aaum_date": "JUL 30, 2002",
    "monthly_aaum_value": "27 Cr",
    "mutual_fund_name": "Sundaram Mutual Fund",
    "scheme_launch_date": "MAR 8, 2010"
   }
  }
 ]
}