{
 "metadata": {
  "document_name": "40_31-Mar-25_FS.pdf",
  "file_type": "fs",
  "process_date": "20250415"
 },
 "records": [
  {
   "value": {
    "amc_name": "Union Asset Management Company Private Limited",
    "benchmark_index": [
     "BSE 500 Index (TRI) ^^(For disclaimers refer page no. 48)"
    ],
    "field_location": [
     {
      "amc_name": "5",
      "benchmark_index": "5",
      "count": 28,
      "fund_manager_managing_fund_since": "5",
      "fund_manager_name": "5",
      "fund_manager_total_exp": "5",
      "indicative_inv_horizon": "5",
      "load_entry": "5",
      "load_exit": "5",
      "main_scheme_name": "5",
      "metrics_beta": "5",
      "metrics_port_turnover_ratio": "5",
      "metrics_sharpe": "5",
      "metrics_std_dev": "5",
      "monthly_aaum_date": "5",
      "monthly_aaum_value": "5",
      "mutual_fund_name": "5",
      "scheme_launch_date": "5"
     }
    ],
    "fund_manager": [
     {
      "managing_fund_since": "january 25, 2023",
      "name": "Sanjay Bembalkar",
      "qualification": "",
      "total_exp": "17 years"
     },
     {
      "managing_fund_since": "november 01, 2024",
      "name": "Vinod Malviya",
      "qualification": "",
      "total_exp": "15 years"
     }
    ],
    "indicative_inv_horizon": [
     "Long",
     "Term",
     "\n"
    ],
    "load": [
     {
      "comment": "NA",
      "type": "entry"
     },
     {
      "comment": "1% if units are redeemed or switched out on or before completion of 15 days from the date of allotment. Nil thereafter.",
      "type": "exit"
     }
    ],
    "main_scheme_name": "Union FLEXI CAP FUND ",
    "metrics": [
     {
      "name": "sharpe",
      "value": "0.40"
     },
     {
      "name": "std_dev",
      "value": "13.64%"
     },
     {
      "name": "beta",
      "value": "0.89"
     },
     {
      "name": "port_turnover_ratio",
      "value": "1.38"
     }
    ],
    "monthly_aaum_date": "MAR. 2025",
    "monthly_aaum_value": "2,084.45 crore",
    "mutual_fund_name": "Union Mutual Fund",
    "scheme_launch_date": "20110610"
   }
  },
  {
   "value": {
    "amc_name": "Union Asset Management Company Private Limited",
    "benchmark_index": [
     "Nifty 500 Multicap 50:25:25 Index (TRI) @@@ (For disclaimers refer page no. 48)"
    ],
    "field_location": [
     {
      "amc_name": "6",
      "benchmark_index": "6",
      "count": 28,
      "fund_manager_managing_fund_since": "6",
      "fund_manager_name": "6",
      "fund_manager_total_exp": "6",
      "indicative_inv_horizon": "6",
      "load_entry": "6",
      "load_exit": "6",
      "main_scheme_name": "6",
      "metrics_port_turnover_ratio": "6",
      "monthly_aaum_date": "6",
      "monthly_aaum_value": "6",
      "mutual_fund_name": "6",
      "scheme_launch_date": "6"
     }
    ],
    "fund_manager": [
     {
      "managing_fund_since": "november 01, 2024",
      "name": "Harshad Patwardhan",
      "qualification": "",
      "total_exp": "28 years"
     },
     {
      "managing_fund_since": "inception",
      "name": "Sanjay Bembalkar",
      "qualification": "",
      "total_exp": "17 years"
     }
    ],
    "indicative_inv_horizon": [
     "Long",
     "Term",
     "\n"
    ],
    "load": [
     {
      "comment": "NA",
      "type": "entry"
     },
     {
      "comment": "1% if units are redeemed or switched out on or before completion of 15 days from the date of allotment. Nil thereafter.",
      "type": "exit"
     }
    ],
    "main_scheme_name": "Union MULTICAP FUND ",
    "metrics": [
     {
      "name": "port_turnover_ratio",
      "value": "1.35 time"
     }
    ],
    "monthly_aaum_date": "MAR. 2025",
    "monthly_aaum_value": "1,000.71 crore",
    "mutual_fund_name": "Union Mutual Fund",
    "scheme_launch_date": "20221219"
   }
  },
  {
   "value": {
    "amc_name": "Union Asset Management Company Private Limited",
    "benchmark_index": [
     "Nifty 500 Index (TRI) @@@ (For disclaimers refer page no. 48)"
    ],
    "field_location": [
     {
      "amc_name": "7",
      "benchmark_index": "7",
      "count": 28,
      "fund_manager_managing_fund_since": "7",
      "fund_manager_name": "7",
      "fund_manager_total_exp": "7",
      "indicative_inv_horizon": "7",
      "load_entry": "7",
      "load_exit": "7",
      "main_scheme_name": "7",
      "metrics_port_turnover_ratio": "7",
      "monthly_aaum_date": "7",
      "monthly_aaum_value": "7",
      "mutual_fund_name": "7",
      "scheme_launch_date": "7"
     }
    ],
    "fund_manager": [
     {
      "managing_fund_since": "november 01, 2024",
      "name": "Harshad Patwardhan",
      "qualification": "",
      "total_exp": "28 years"
     },
     {
      "managing_fund_since": "",
      "name": "Pratik Dharmshi",
      "qualification": "",
      "total_exp": "14 years"
     }
    ],
    "indicative_inv_horizon": [
     "Long",
     "Term",
     "\n"
    ],
    "load": [
     {
      "comment": "NA",
      "type": "entry"
     },
     {
      "comment": "1% if units are redeemed/switched out on or before completion of 1 year from the date of allotment. Nil if redeemed or switched out after completion of 1 year from the date of allotment of units.",
      "type": "exit"
     }
    ],
    "main_scheme_name": "Union BUSINESS CYCLE FUND ",
    "metrics": [
     {
      "name": "port_turnover_ratio",
      "value": "2.10 time"
     }
    ],
    "monthly_aaum_date": "MAR. 2025",
    "monthly_aaum_value": "533.26 crore",
    "mutual_fund_name": "Union Mutual Fund",
    "scheme_launch_date": "05 MARCH 202"
   }
  },
  {
   "value": {
    "amc_name": "Union Asset Management Company Private Limited",
    "benchmark_index": [
     "BSE 500 Index (TRI) ^^(For disclaimers refer page no. 48)"
    ],
    "field_location": [
     {
      "amc_name": "8",
      "benchmark_index": "8",
      "count": 28,
      "fund_manager_managing_fund_since": "8",
      "fund_manager_name": "8",
      "fund_manager_total_exp": "8",
      "indicative_inv_horizon": "8",
      "load_entry": "8",
      "load_exit": "8",
      "main_scheme_name": "8",
      "metrics_beta": "8",
      "metrics_port_turnover_ratio": "8",
      "metrics_sharpe": "8",
      "metrics_std_dev": "8",
      "monthly_aaum_date": "8",
      "monthly_aaum_value": "8",
      "mutual_fund_name": "8",
      "scheme_launch_date": "8"
     }
    ],
    "fund_manager": [
     {
      "managing_fund_since": "december 9, 2024",
      "name": "Pratik Dharmshi",
      "qualification": "",
      "total_exp": "14 years"
     },
     {
      "managing_fund_since": "november 01, 2024",
      "name": "Vinod Malviya",
      "qualification": "",
      "total_exp": "15 years"
     }
    ],
    "indicative_inv_horizon": [
     "Long",
     "Term",
     "\n"
    ],
    "load": [
     {
      "comment": "NA",
      "type": "entry"
     },
     {
      "comment": "1% if units are redeemed or switched out on or before completion of 15 days from the date of allotment. Nil thereafter.",
      "type": "exit"
     }
    ],
    "main_scheme_name": "Union FOCUSED FUND ",
    "metrics": [
     {
      "name": "sharpe",
      "value": "0.24"
     },
     {
      "name": "std_dev",
      "value": "13.05%"
     },
     {
      "name": "beta",
      "value": "0.83"
     },
     {
      "name": "port_turnover_ratio",
      "value": "1.48"
     }
    ],
    "monthly_aaum_date": "MAR. 2025",
    "monthly_aaum_value": "377.96 crore",
    "mutual_fund_name": "Union Mutual Fund",
    "scheme_launch_date": "20190805"
   }
  },
  {
   "value": {
    "amc_name": "Union Asset Management Company Private Limited",
    "benchmark_index": [
     "BSE 150 MidCap Index (TRI) ^^(For disclaimers refer page no. 48)"
    ],
    "field_location": [
     {
      "amc_name": "9",
      "benchmark_index": "9",
      "count": 28,
      "fund_manager_managing_fund_since": "9",
      "fund_manager_name": "9",
      "fund_manager_total_exp": "9",
      "indicative_inv_horizon": "9",
      "load_entry": "9",
      "load_exit": "9",
      "main_scheme_name": "9",
      "metrics_beta": "9",
      "metrics_port_turnover_ratio": "9",
      "metrics_sharpe": "9",
      "metrics_std_dev": "9",
      "monthly_aaum_date": "9",
      "monthly_aaum_value": "9",
      "mutual_fund_name": "9",
      "scheme_launch_date": "9"
     }
    ],
    "fund_manager": [
     {
      "managing_fund_since": "january 25, 2023",
      "name": "Gaurav Chopra",
      "qualification": "",
      "total_exp": "9 years"
     },
     {
      "managing_fund_since": "december 9, 2024",
      "name": "Pratik Dharmshi",
      "qualification": "",
      "total_exp": "14 years"
     }
    ],
    "indicative_inv_horizon": [
     "Long",
     "Term",
     "\n"
    ],
    "load": [
     {
      "comment": "NA",
      "type": "entry"
     },
     {
      "comment": "1% if units are redeemed or switched out on or before completion of 15 days from the date of allotment. Nil thereafter.",
      "type": "exit"
     }
    ],
    "main_scheme_name": "Union MIDCAP FUND ",
    "metrics": [
     {
      "name": "sharpe",
      "value": "0.56"
     },
     {
      "name": "std_dev",
      "value": "16.62%"
     },
     {
      "name": "beta",
      "value": "0.93"
     },
     {
      "name": "port_turnover_ratio",
      "value": "1.94"
     }
    ],
    "monthly_aaum_date": "MAR. 2025",
    "monthly_aaum_value": "1,258.74 crore",
    "mutual_fund_name": "Union Mutual Fund",
    "scheme_launch_date": "20200323"
   }
  },
  {
   "value": {
    "amc_name": "Union Asset Management Company Private Limited",
    "benchmark_index": [
     "NIFTY LargeMidcap 250 Index (TRI) @@@ (For disclaimers refer page no. 48)"
    ],
    "field_location": [
     {
      "amc_name": "10",
      "benchmark_index": "10",
      "count": 28,
      "fund_manager_managing_fund_since": "10",
      "fund_manager_name": "10",
      "fund_manager_total_exp": "10",
      "indicative_inv_horizon": "10",
      "load_entry": "10",
      "load_exit": "10",
      "main_scheme_name": "10",
      "metrics_beta": "10",
      "metrics_port_turnover_ratio": "10",
      "metrics_sharpe": "10",
      "metrics_std_dev": "10",
      "monthly_aaum_date": "10",
      "monthly_aaum_value": "10",
      "mutual_fund_name": "10",
      "scheme_launch_date": "10"
     }
    ],
    "fund_manager": [
     {
      "managing_fund_since": "may 02, 2024",
      "name": "Vinod Malviya",
      "qualification": "",
      "total_exp": "15 years"
     },
     {
      "managing_fund_since": "december 9, 2024",
      "name": "Pratik Dharmshi",
      "qualification": "",
      "total_exp": "14 years"
     }
    ],
    "indicative_inv_horizon": [
     "Long",
     "Term",
     "\n"
    ],
    "load": [
     {
      "comment": "NA",
      "type": "entry"
     },
     {
      "comment": "1% if units are redeemed or switched out on or before completion of 15 days from the date of allotment. Nil thereafter.",
      "type": "exit"
     }
    ],
    "main_scheme_name": "Union LARGE & MIDCAP FUND ",
    "metrics": [
     {
      "name": "sharpe",
      "value": "0.43"
     },
     {
      "name": "std_dev",
      "value": "14.39%"
     },
     {
      "name": "beta",
      "value": "0.24"
     },
     {
      "name": "port_turnover_ratio",
      "value": "1.80"
     }
    ],
    "monthly_aaum_date": "MAR. 2025",
    "monthly_aaum_value": "778.47 crore",
    "mutual_fund_name": "Union Mutual Fund",
    "scheme_launch_date": "20191206"
   }
  },
  {
   "value": {
    "amc_name": "Union Asset Management Company Private Limited",
    "benchmark_index": [
     "BSE 250 SmallCap Index (TRI) ^^(For disclaimers refer page no. 48)"
    ],
    "field_location": [
     {
      "amc_name": "11",
      "benchmark_index": "11",
      "count": 28,
      "fund_manager_managing_fund_since": "11",
      "fund_manager_name": "11",
      "fund_manager_total_exp": "11",
      "indicative_inv_horizon": "11",
      "load_entry": "11",
      "load_exit": "11",
      "main_scheme_name": "11",
      "metrics_beta": "11",
      "metrics_port_turnover_ratio": "11",
      "metrics_sharpe": "11",
      "metrics_std_dev": "11",
      "monthly_aaum_date": "11",
      "monthly_aaum_value": "11",
      "mutual_fund_name": "11",
      "scheme_launch_date": "11"
     }
    ],
    "fund_manager": [
     {
      "managing_fund_since": "december 9, 2024",
      "name": "Pratik Dharmshi",
      "qualification": "",
      "total_exp": "14 years"
     },
     {
      "managing_fund_since": "november 01, 2024",
      "name": "Gaurav Chopra",
      "qualification": "",
      "total_exp": "9 years"
     }
    ],
    "indicative_inv_horizon": [
     "Long",
     "Term",
     "\n"
    ],
    "load": [
     {
      "comment": "NA",
      "type": "entry"
     },
     {
      "comment": "1% if units are redeemed or switched out on or before completion of 15 days from the date of allotment. Nil thereafter.",
      "type": "exit"
     }
    ],
    "main_scheme_name": "Union SMALL CAP FUND ",
    "metrics": [
     {
      "name": "sharpe",
      "value": "0.36"
     },
     {
      "name": "std_dev",
      "value": "18.22%"
     },
     {
      "name": "beta",
      "value": "0.84"
     },
     {
      "name": "port_turnover_ratio",
      "value": "1.19"
     }
    ],
    "monthly_aaum_date": "MAR. 2025",
    "monthly_aaum_value": "1,391.87 crore",
    "mutual_fund_name": "Union Mutual Fund",
    "scheme_launch_date": "20140610"
   }
  },
  {
   "value": {
    "amc_name": "Union Asset Management Company Private Limited",
    "benchmark_index": [
     "NIFTY 500 Index (TRI) @@@ (For disclaimers refer page no. 48)"
    ],
    "field_location": [
     {
      "amc_name": "12",
      "benchmark_index": "12",
      "count": 28,
      "fund_manager_managing_fund_since": "12",
      "fund_manager_name": "12",
      "fund_manager_total_exp": "12",
      "indicative_inv_horizon": "12",
      "load_entry": "12",
      "load_exit": "12",
      "main_scheme_name": "12",
      "metrics_port_turnover_ratio": "12",
      "monthly_aaum_date": "12",
      "monthly_aaum_value": "12",
      "mutual_fund_name": "12",
      "scheme_launch_date": "12"
     }
    ],
    "fund_manager": [
     {
      "managing_fund_since": "november 01, 2024",
      "name": "Gaurav Chopra",
      "qualification": "",
      "total_exp": "9 years"
     },
     {
      "managing_fund_since": "inception",
      "name": "Sanjay Bembalkar",
      "qualification": "",
      "total_exp": "17 years"
     }
    ],
    "indicative_inv_horizon": [
     "Long",
     "Term",
     "\n"
    ],
    "load": [
     {
      "comment": "NA",
      "type": "entry"
     },
     {
      "comment": "1% if units are redeemed/switched out on or before completion of 1 year from the date of allotment. Nil if redeemed or switched out after completion of 1 year from the date of allotment of units.",
      "type": "exit"
     }
    ],
    "main_scheme_name": "Union INNOVATION & OPPORTUNITIES FUND ",
    "metrics": [
     {
      "name": "port_turnover_ratio",
      "value": "0.58 time"
     }
    ],
    "monthly_aaum_date": "MAR. 2025",
    "monthly_aaum_value": "827.19 crore",
    "mutual_fund_name": "Union Mutual Fund",
    "scheme_launch_date": "20230906"
   }
  },
  {
   "value": {
    "amc_name": "Union Asset Management Company Private Limited",
    "benchmark_index": [
     "BSE 500 Index (TRI) ^^(For disclaimers refer page no. 48)"
    ],
    "field_location": [
     {
      "amc_name": "13",
      "benchmark_index": "13",
      "count": 28,
      "fund_manager_managing_fund_since": "13",
      "fund_manager_name": "13",
      "fund_manager_total_exp": "13",
      "indicative_inv_horizon": "13",
      "load_entry": "13",
      "load_exit": "13",
      "main_scheme_name": "13",
      "metrics_beta": "13",
      "metrics_port_turnover_ratio": "13",
      "metrics_sharpe": "13",
      "metrics_std_dev": "13",
      "monthly_aaum_date": "13",
      "monthly_aaum_value": "13",
      "mutual_fund_name": "13",
      "scheme_launch_date": "13"
     }
    ],
    "fund_manager": [
     {
      "managing_fund_since": "november 01, 2024",
      "name": "Vinod Malviya",
      "qualification": "",
      "total_exp": "15 years"
     },
     {
      "managing_fund_since": "june 7, 2021",
      "name": "Sanjay Bembalkar",
      "qualification": "",
      "total_exp": "17 years"
     }
    ],
    "indicative_inv_horizon": [
     "Long",
     "Term",
     "\n"
    ],
    "load": [
     {
      "comment": "NA",
      "type": "entry"
     },
     {
      "comment": "Nil",
      "type": "exit"
     }
    ],
    "main_scheme_name": "Union ELSS TAX SAVER FUND ",
    "metrics": [
     {
      "name": "sharpe",
      "value": "0.44"
     },
     {
      "name": "std_dev",
      "value": "13.52%"
     },
     {
      "name": "beta",
      "value": "0.89"
     },
     {
      "name": "port_turnover_ratio",
      "value": "0.97"
     }
    ],
    "monthly_aaum_date": "MAR. 2025",
    "monthly_aaum_value": "833.12 crore",
    "mutual_fund_name": "Union Mutual Fund",
    "scheme_launch_date": "20111223"
   }
  },
  {
   "value": {
    "amc_name": "Union Asset Management Company Private Limited",
    "benchmark_index": [
     "BSE 500 Index (TRI) ^^(For disclaimers refer page no. 48)"
    ],
    "field_location": [
     {
      "amc_name": "14",
      "benchmark_index": "14",
      "count": 28,
      "fund_manager_managing_fund_since": "14",
      "fund_manager_name": "14",
      "fund_manager_total_exp": "14",
      "indicative_inv_horizon": "14",
      "load_entry": "14",
      "load_exit": "14",
      "main_scheme_name": "14",
      "metrics_beta": "14",
      "metrics_port_turnover_ratio": "14",
      "metrics_sharpe": "14",
      "metrics_std_dev": "14",
      "monthly_aaum_date": "14",
      "monthly_aaum_value": "14",
      "mutual_fund_name": "14",
      "scheme_launch_date": "14"
     }
    ],
    "fund_manager": [
     {
      "managing_fund_since": "november 01, 2024",
      "name": "Vinod Malviya",
      "qualification": "",
      "total_exp": "15 years"
     },
     {
      "managing_fund_since": "november 01, 2024",
      "name": "Gaurav Chopra",
      "qualification": "",
      "total_exp": "9 years"
     }
    ],
    "indicative_inv_horizon": [
     "Long",
     "Term",
     "\n"
    ],
    "load": [
     {
      "comment": "NA",
      "type": "entry"
     },
     {
      "comment": "1% if units are redeemed or switched out on or before completion of 15 days from the date of allotment. Nil thereafter.",
      "type": "exit"
     }
    ],
    "main_scheme_name": "Union VALUE FUND ",
    "metrics": [
     {
      "name": "sharpe",
      "value": "0.60"
     },
     {
      "name": "std_dev",
      "value": "13.79%"
     },
     {
      "name": "beta",
      "value": "0.90"
     },
     {
      "name": "port_turnover_ratio",
      "value": "0.98"
     }
    ],
    "monthly_aaum_date": "MAR. 2025",
    "monthly_aaum_value": "281.77 crore",
    "mutual_fund_name": "Union Mutual Fund",
    "scheme_launch_date": "20181205"
   }
  },
  {
   "value": {
    "amc_name": "Union Asset Management Company Private Limited",
    "benchmark_index": [
     "BSE 100 Index (TRI) ^^(For disclaimers refer page no. 48)"
    ],
    "field_location": [
     {
      "amc_name": "15",
      "benchmark_index": "15",
      "count": 28,
      "fund_manager_managing_fund_since": "15",
      "fund_manager_name": "15",
      "fund_manager_total_exp": "15",
      "indicative_inv_horizon": "15",
      "load_entry": "15",
      "load_exit": "15",
      "main_scheme_name": "15",
      "metrics_beta": "15",
      "metrics_port_turnover_ratio": "15",
      "metrics_sharpe": "15",
      "metrics_std_dev": "15",
      "monthly_aaum_date": "15",
      "monthly_aaum_value": "15",
      "mutual_fund_name": "15",
      "scheme_launch_date": "15"
     }
    ],
    "fund_manager": [
     {
      "managing_fund_since": "january 25, 2023",
      "name": "Vinod Malviya",
      "qualification": "",
      "total_exp": "15 years"
     },
     {
      "managing_fund_since": "june 7, 2021",
      "name": "Sanjay Bembalkar",
      "qualification": "",
      "total_exp": "17 years"
     }
    ],
    "indicative_inv_horizon": [
     "Long",
     "Term",
     "\n"
    ],
    "load": [
     {
      "comment": "NA",
      "type": "entry"
     },
     {
      "comment": "1% if units are redeemed or switched out on or before completion of 15 days from the date of allotment. Nil thereafter.",
      "type": "exit"
     }
    ],
    "main_scheme_name": "Union LARGECAP FUND ",
    "metrics": [
     {
      "name": "sharpe",
      "value": "0.28"
     },
     {
      "name": "std_dev",
      "value": "13.08%"
     },
     {
      "name": "beta",
      "value": "0.92"
     },
     {
      "name": "port_turnover_ratio",
      "value": "1.50"
     }
    ],
    "monthly_aaum_date": "MAR. 2025",
    "monthly_aaum_value": "417.72 crore",
    "mutual_fund_name": "Union Mutual Fund",
    "scheme_launch_date": "20170511"
   }
  },
  {
   "value": {
    "amc_name": "Union Asset Management Company Private Limited",
    "benchmark_index": [
     "Nifty 500 Index (TRI) @@@ (For disclaimers refer page no. 48)"
    ],
    "field_location": [
     {
      "amc_name": "16",
      "benchmark_index": "16",
      "count": 28,
      "fund_manager_managing_fund_since": "16",
      "fund_manager_name": "16",
      "fund_manager_total_exp": "16",
      "indicative_inv_horizon": "16",
      "load_entry": "16",
      "load_exit": "16",
      "main_scheme_name": "16",
      "monthly_aaum_date": "16",
      "monthly_aaum_value": "16",
      "mutual_fund_name": "16",
      "scheme_launch_date": "16"
     }
    ],
    "fund_manager": [
     {
      "managing_fund_since": "inception",
      "name": "Gaurav Chopra",
      "qualification": "",
      "total_exp": "9 years"
     },
     {
      "managing_fund_since": "inception",
      "name": "Sanjay Bembalkar",
      "qualification": "",
      "total_exp": "1  years"
     }
    ],
    "indicative_inv_horizon": [
     "Long",
     "Term",
     "\n"
    ],
    "load": [
     {
      "comment": "NA",
      "type": "entry"
     },
     {
      "comment": "1% if redeemed or switched out on or before completion of 1 year from the date of allotment of units. Nil if redeemed or switched out after completion of 1 year from the date of allotment of units.",
      "type": "exit"
     }
    ],
    "main_scheme_name": "Union ACTIVE MOMENTUM FUND ",
    "monthly_aaum_date": "MAR. 2025",
    "monthly_aaum_value": "382.63 crore",
    "mutual_fund_name": "Union Mutual Fund",
    "scheme_launch_date": "20241219"
   }
  },
  {
   "value": {
    "amc_name": "Union Asset Management Company Private Limited",
    "benchmark_index": [
     "CRISIL Hybrid 35+65 Aggressive Index (TRI) # (For disclaimers refer page no. 48)"
    ],
    "field_location": [
     {
      "amc_name": "17",
      "benchmark_index": "17",
      "count": 28,
      "fund_manager_managing_fund_since": "17",
      "fund_manager_name": "17",
      "fund_manager_total_exp": "17",
      "indicative_inv_horizon": "17",
      "load_entry": "17",
      "load_exit": "17",
      "main_scheme_name": "17",
      "metrics_beta": "17",
      "metrics_macaulay": "17",
      "metrics_mod_duration": "17",
      "metrics_port_turnover_ratio": "17",
      "metrics_sharpe": "17",
      "metrics_std_dev": "17",
      "monthly_aaum_date": "17",
      "monthly_aaum_value": "17",
      "mutual_fund_name": "17",
      "scheme_launch_date": "17"
     }
    ],
    "fund_manager": [
     {
      "managing_fund_since": "january 25, 2023",
      "name": "Sanjay Bembalkar",
      "qualification": "",
      "total_exp": "17 years"
     },
     {
      "managing_fund_since": "november 01, 2024",
      "name": "Vinod Malviya",
      "qualification": "",
      "total_exp": "15 years"
     },
     {
      "managing_fund_since": "inception",
      "name": "Parijat Agrawal",
      "qualification": "",
      "total_exp": "28 years"
     }
    ],
    "indicative_inv_horizon": [
     "Long",
     "Term",
     "\n"
    ],
    "load": [
     {
      "comment": "NA",
      "type": "entry"
     },
     {
      "comment": "1% if units are redeemed or switched out on or before completion of 15 days from the date of allotment. Nil thereafter. Market Capitalisation as on Mar. 31, 2025 Large Cap: 70.09% Mid Cap: 16.79% Small Cap: 13.11% For risk factors, statutory details and disclaimers please refer page no. 48",
      "type": "exit"
     }
    ],
    "main_scheme_name": "AGGRESSIVE HYBRID FUND",
    "metrics": [
     {
      "name": "sharpe",
      "value": "0.31"
     },
     {
      "name": "std_dev",
      "value": "10.89%"
     },
     {
      "name": "beta",
      "value": "1.07"
     },
     {
      "name": "port_turnover_ratio",
      "value": "0.73"
     },
     {
      "name": "mod_duration",
      "value": "4.04 Years"
     },
     {
      "name": "macaulay",
      "value": "4.30 Years"
     }
    ],
    "monthly_aaum_date": "MAR. 2025",
    "monthly_aaum_value": "594.93 crore",
    "mutual_fund_name": "Union Mutual Fund",
    "scheme_launch_date": "20201218"
   }
  },
  {
   "value": {
    "amc_name": "Union Asset Management Company Private Limited",
    "benchmark_index": [
     "65% NIFTY 50 TRI + 20% NIFTY Composite Debt Index + 15% Domestic prices of Gold # (For disclaimers refer page no. 48)"
    ],
    "field_location": [
     {
      "amc_name": "18",
      "benchmark_index": "18",
      "count": 28,
      "fund_manager_managing_fund_since": "18",
      "fund_manager_name": "18",
      "fund_manager_total_exp": "18",
      "indicative_inv_horizon": "18",
      "load_entry": "18",
      "load_exit": "18",
      "main_scheme_name": "18",
      "metrics_macaulay": "18",
      "metrics_mod_duration": "18",
      "monthly_aaum_date": "18",
      "monthly_aaum_value": "18",
      "mutual_fund_name": "18",
      "scheme_launch_date": "18"
     }
    ],
    "fund_manager": [
     {
      "managing_fund_since": "inception",
      "name": "Sanjay Bembalkar",
      "qualification": "",
      "total_exp": "17 years"
     },
     {
      "managing_fund_since": "november 01, 2024",
      "name": "Vinod Malviya",
      "qualification": "",
      "total_exp": "15 years"
     },
     {
      "managing_fund_since": "inception",
      "name": "Anindya Sarkar",
      "qualification": "",
      "total_exp": "21 years"
     }
    ],
    "indicative_inv_horizon": [
     "Long",
     "Term",
     "\n"
    ],
    "load": [
     {
      "comment": "NA",
      "type": "entry"
     },
     {
      "comment": "1% if units are redeemed/switched out on or before completion of 15 days from the date of allotment. Nil if redeemed or switched out after completion of 15 days from the date of allotment of units. For risk factors, statutory details and disclaimers please refer page no. 48",
      "type": "exit"
     }
    ],
    "main_scheme_name": "Union MULTI ASSET ALLOCATION FUND ",
    "metrics": [
     {
      "name": "mod_duration",
      "value": "4.71 Years"
     },
     {
      "name": "macaulay",
      "value": "5.05 Years"
     }
    ],
    "monthly_aaum_date": "MAR. 2025",
    "monthly_aaum_value": "800.57 crore",
    "mutual_fund_name": "Union Mutual Fund",
    "scheme_launch_date": "20240910"
   }
  },
  {
   "value": {
    "amc_name": "Union Asset Management Company Private Limited",
    "benchmark_index": [
     "NIFTY 50 Hybrid Composite Debt 50:50 Index (TRI) @@@ (For disclaimers refer page no. 48)"
    ],
    "field_location": [
     {
      "amc_name": "19",
      "benchmark_index": "19",
      "count": 28,
      "fund_manager_managing_fund_since": "19",
      "fund_manager_name": "19",
      "fund_manager_total_exp": "19",
      "indicative_inv_horizon": "19",
      "load_entry": "19",
      "load_exit": "19",
      "main_scheme_name": "19",
      "metrics_beta": "19",
      "metrics_macaulay": "19",
      "metrics_mod_duration": "19",
      "metrics_net_equity_level": "19",
      "metrics_port_turnover_ratio": "19",
      "metrics_sharpe": "19",
      "metrics_std_dev": "19",
      "monthly_aaum_date": "19",
      "monthly_aaum_value": "19",
      "mutual_fund_name": "19",
      "scheme_launch_date": "19"
     }
    ],
    "fund_manager": [
     {
      "managing_fund_since": "january 25, 2023",
      "name": "Sanjay Bembalkar",
      "qualification": "",
      "total_exp": "17 years"
     },
     {
      "managing_fund_since": "november 01, 2024",
      "name": "Gaurav Chopra",
      "qualification": "",
      "total_exp": "9 years"
     },
     {
      "managing_fund_since": "inception",
      "name": "Parijat Agrawal",
      "qualification": "",
      "total_exp": "28 years"
     }
    ],
    "indicative_inv_horizon": [
     "Long",
     "Term",
     "\n"
    ],
    "load": [
     {
      "comment": "NA",
      "type": "entry"
     },
     {
      "comment": "1% if units are redeemed or switched out on or before completion of 15 days from the date of allotment. Nil thereafter. Market Capitalisation as on Mar. 31, 2025 Large Cap: 76.11% Mid Cap: 16.30% Small Cap: 7.59% For risk factors, statutory details and disclaimers please refer page no. 48",
      "type": "exit"
     }
    ],
    "main_scheme_name": "Union BALANCED ADVANTAGE FUND ",
    "metrics": [
     {
      "name": "sharpe",
      "value": "0.23"
     },
     {
      "name": "std_dev",
      "value": "7.09%"
     },
     {
      "name": "beta",
      "value": "0.91"
     },
     {
      "name": "port_turnover_ratio",
      "value": "4.69"
     },
     {
      "name": "mod_duration",
      "value": "2.95 Years"
     },
     {
      "name": "macaulay",
      "value": "3.13 Years"
     },
     {
      "name": "net_equity_level",
      "value": "0.00%"
     }
    ],
    "monthly_aaum_date": "MAR. 2025",
    "monthly_aaum_value": "1,344.57 crore",
    "mutual_fund_name": "Union Mutual Fund",
    "scheme_launch_date": "20171229"
   }
  },
  {
   "value": {
    "amc_name": "Union Asset Management Company Private Limited",
    "benchmark_index": [
     "CRISIL Equity Savings Index (TRI) # (For disclaimers refer page no. 48)"
    ],
    "field_location": [
     {
      "amc_name": "20",
      "benchmark_index": "20",
      "count": 28,
      "fund_manager_managing_fund_since": "20",
      "fund_manager_name": "20",
      "fund_manager_total_exp": "20",
      "indicative_inv_horizon": "20",
      "load_entry": "20",
      "load_exit": "20",
      "main_scheme_name": "20",
      "metrics_beta": "20",
      "metrics_macaulay": "20",
      "metrics_mod_duration": "20",
      "metrics_net_equity_level": "20",
      "metrics_port_turnover_ratio": "20",
      "metrics_sharpe": "20",
      "metrics_std_dev": "20",
      "monthly_aaum_date": "20",
      "monthly_aaum_value": "20",
      "mutual_fund_name": "20",
      "scheme_launch_date": "20"
     }
    ],
    "fund_manager": [
     {
      "managing_fund_since": "january 25, 2023",
      "name": "Sanjay Bembalkar",
      "qualification": "",
      "total_exp": "17 years"
     },
     {
      "managing_fund_since": "november 01, 2024",
      "name": "Gaurav Chopra",
      "qualification": "",
      "total_exp": "9 years"
     },
     {
      "managing_fund_since": "inception",
      "name": "Parijat Agrawal",
      "qualification": "",
      "total_exp": "28 years"
     }
    ],
    "indicative_inv_horizon": [
     "Long",
     "Term",
     "\n"
    ],
    "load": [
     {
      "comment": "NA",
      "type": "entry"
     },
     {
      "comment": "1% if units are redeemed or switched out on or before completion of 15 days from the date of allotment. Nil thereafter. Market Capitalisation as on Mar. 31, 2025 Large Cap: 73.33% Mid Cap: 14.52% Small Cap: 12.16% For risk factors, statutory details and disclaimers please refer page no. 48",
      "type": "exit"
     }
    ],
    "main_scheme_name": "Union EQUITY SAVINGS FUND ",
    "metrics": [
     {
      "name": "sharpe",
      "value": "0.00"
     },
     {
      "name": "std_dev",
      "value": "4.51%"
     },
     {
      "name": "beta",
      "value": "0.89"
     },
     {
      "name": "port_turnover_ratio",
      "value": "7.67"
     },
     {
      "name": "mod_duration",
      "value": "0.87 Years"
     },
     {
      "name": "macaulay",
      "value": "0.94 Years"
     },
     {
      "name": "net_equity_level",
      "value": "0.00%"
     }
    ],
    "monthly_aaum_date": "MAR. 2025",
    "monthly_aaum_value": "132.84 crore",
    "mutual_fund_name": "Union Mutual Fund",
    "scheme_launch_date": "20180809"
   }
  },
  {
   "value": {
    "amc_name": "Union Asset Management Company Private Limited",
    "benchmark_index": [
     "NIFTY 50 Arbitrage Index (TRI) @@@ (For disclaimers refer page no. 48)"
    ],
    "field_location": [
     {
      "amc_name": "21",
      "benchmark_index": "21",
      "count": 28,
      "fund_manager_managing_fund_since": "21",
      "fund_manager_name": "21",
      "fund_manager_total_exp": "21",
      "indicative_inv_horizon": "21",
      "load_entry": "21",
      "load_exit": "21",
      "main_scheme_name": "21",
      "metrics_beta": "21",
      "metrics_macaulay": "21",
      "metrics_mod_duration": "21",
      "metrics_port_turnover_ratio": "21",
      "metrics_sharpe": "21",
      "metrics_std_dev": "21",
      "monthly_aaum_date": "21",
      "monthly_aaum_value": "21",
      "mutual_fund_name": "21",
      "scheme_launch_date": "21"
     }
    ],
    "fund_manager": [
     {
      "managing_fund_since": "inception",
      "name": "Vishal Thakker",
      "qualification": "",
      "total_exp": "14 years"
     },
     {
      "managing_fund_since": "inception",
      "name": "Devesh Thacker",
      "qualification": "",
      "total_exp": "24 years"
     },
     {
      "managing_fund_since": "",
      "name": "Banking Industry",
      "qualification": "",
      "total_exp": ""
     }
    ],
    "indicative_inv_horizon": [
     "Short",
     "Term",
     "\n"
    ],
    "load": [
     {
      "comment": "NA",
      "type": "entry"
     },
     {
      "comment": "• 0.25% if units are redeemed or switched out on or before completion of 1 month from the date of allotment of units. • Nil if units are redeemed or switched out after completion of 1 month from the date of allotment of units. For risk factors, statutory details and disclaimers please refer page no. 48",
      "type": "exit"
     }
    ],
    "main_scheme_name": "Union ARBITRAGE FUND ",
    "metrics": [
     {
      "name": "sharpe",
      "value": "-1.18"
     },
     {
      "name": "std_dev",
      "value": "0.68%"
     },
     {
      "name": "beta",
      "value": "0.78"
     },
     {
      "name": "port_turnover_ratio",
      "value": "13.11"
     },
     {
      "name": "mod_duration",
      "value": "0.13 Years"
     },
     {
      "name": "macaulay",
      "value": "0.14 Years"
     }
    ],
    "monthly_aaum_date": "MAR. 2025",
    "monthly_aaum_value": "261.39 crore",
    "mutual_fund_name": "Union Mutual Fund",
    "scheme_launch_date": "20190220"
   }
  },
  {
   "value": {
    "amc_name": "Union Asset Management Company Private Limited",
    "benchmark_index": [
     "Domestic Price of Physical Gold"
    ],
    "field_location": [
     {
      "amc_name": "22",
      "benchmark_index": "22",
      "count": 28,
      "fund_manager_managing_fund_since": "22",
      "fund_manager_name": "22",
      "fund_manager_total_exp": "22",
      "indicative_inv_horizon": "22",
      "load_entry": "22",
      "load_exit": "22",
      "main_scheme_name": "22",
      "monthly_aaum_date": "22",
      "monthly_aaum_value": "22",
      "mutual_fund_name": "22",
      "scheme_launch_date": "22"
     }
    ],
    "fund_manager": [
     {
      "managing_fund_since": "inception",
      "name": "Vinod Malviya",
      "qualification": "",
      "total_exp": "15 years"
     }
    ],
    "indicative_inv_horizon": [
     "Long",
     "Term",
     "\n"
    ],
    "load": [
     {
      "comment": "NA",
      "type": "entry"
     },
     {
      "comment": "Nil",
      "type": "exit"
     }
    ],
    "main_scheme_name": "Union GOLD ETF ",
    "monthly_aaum_date": "MAR. 2025",
    "monthly_aaum_value": "113.04 crore",
    "mutual_fund_name": "Union Mutual Fund",
    "scheme_launch_date": "20250218"
   }
  },
  {
   "value": {
    "amc_name": "Union Asset Management Company Private Limited",
    "benchmark_index": [
     "Domestic Price of Physical Gold"
    ],
    "field_location": [
     {
      "amc_name": "23",
      "benchmark_index": "23",
      "count": 28,
      "fund_manager_managing_fund_since": "23",
      "fund_manager_name": "23",
      "fund_manager_total_exp": "23",
      "indicative_inv_horizon": "23",
      "load_entry": "23",
      "load_exit": "23",
      "main_scheme_name": "23",
      "monthly_aaum_date": "23",
      "monthly_aaum_value": "23",
      "mutual_fund_name": "23",
      "scheme_launch_date": "23"
     }
    ],
    "fund_manager": [
     {
      "managing_fund_since": "inception",
      "name": "Vinod Malviya",
      "qualification": "",
      "total_exp": "15 years"
     }
    ],
    "indicative_inv_horizon": [
     "Long",
     "Term",
     "\n"
    ],
    "load": [
     {
      "comment": "NA",
      "type": "entry"
     },
     {
      "comment": "• 1% if redeemed or switched out on or before completion of 1 year from the date of allotment of units. • Nil if redeemed or switched out after completion of 1 year from the date of allotment of units. For risk factors, statutory details and disclaimers please refer page no. 48",
      "type": "exit"
     }
    ],
    "main_scheme_name": "Union GOLD ETF FUND OF FUND ",
    "monthly_aaum_date": "MAR. 2025",
    "monthly_aaum_value": "53.39 crore",
    "mutual_fund_name": "Union Mutual Fund",
    "scheme_launch_date": "20250228"
   }
  },
  {
   "value": {
    "amc_name": "Union Asset Management Company Private Limited",
    "benchmark_index": [
     "BSE 500 Index (TRI) ^^(For disclaimers refer page no. 48)"
    ],
    "field_location": [
     {
      "amc_name": "24",
      "benchmark_index": "24",
      "count": 28,
      "fund_manager_managing_fund_since": "24",
      "fund_manager_name": "24",
      "fund_manager_total_exp": "24",
      "indicative_inv_horizon": "24",
      "load_entry": "24",
      "load_exit": "24",
      "main_scheme_name": "24",
      "metrics_port_turnover_ratio": "24",
      "monthly_aaum_date": "24",
      "monthly_aaum_value": "24",
      "mutual_fund_name": "24",
      "scheme_launch_date": "24"
     }
    ],
    "fund_manager": [
     {
      "managing_fund_since": "december 9, 2024",
      "name": "Pratik Dharmshi",
      "qualification": "",
      "total_exp": "14 years"
     },
     {
      "managing_fund_since": "november 01, 2024",
      "name": "Vinod Malviya",
      "qualification": "",
      "total_exp": "15 years"
     }
    ],
    "indicative_inv_horizon": [
     "Long",
     "Term",
     "\n"
    ],
    "load": [
     {
      "comment": "NA",
      "type": "entry"
     },
     {
      "comment": "Nil",
      "type": "exit"
     }
    ],
    "main_scheme_name": "Union RETIREMENT FUND ",
    "metrics": [
     {
      "name": "port_turnover_ratio",
      "value": "0.64 time"
     }
    ],
    "monthly_aaum_date": "MAR. 2025",
    "monthly_aaum_value": "149.14 crore",
    "mutual_fund_name": "Union Mutual Fund",
    "scheme_launch_date": "20220922"
   }
  },
  {
   "value": {
    "amc_name": "Union Asset Management Company Private Limited",
    "benchmark_index": [
     "BSE 500 Index (TRI) ^^(For disclaimers refer page no. 48)"
    ],
    "field_location": [
     {
      "amc_name": "25",
      "benchmark_index": "25",
      "count": 28,
      "fund_manager_managing_fund_since": "25",
      "fund_manager_name": "25",
      "fund_manager_total_exp": "25",
      "indicative_inv_horizon": "25",
      "load_entry": "25",
      "load_exit": "25",
      "main_scheme_name": "25",
      "metrics_port_turnover_ratio": "25",
      "monthly_aaum_date": "25",
      "monthly_aaum_value": "25",
      "mutual_fund_name": "25",
      "scheme_launch_date": "25"
     }
    ],
    "fund_manager": [
     {
      "managing_fund_since": "november 01, 2024",
      "name": "Gaurav Chopra",
      "qualification": "",
      "total_exp": "9 years"
     },
     {
      "managing_fund_since": "november 01, 2024",
      "name": "Vinod Malviya",
      "qualification": "",
      "total_exp": "15 years"
     },
     {
      "managing_fund_since": "inception",
      "name": "Parijat Agrawal",
      "qualification": "",
      "total_exp": "28 years"
     }
    ],
    "indicative_inv_horizon": [
     "Long",
     "Term",
     "\n"
    ],
    "load": [
     {
      "comment": "NA",
      "type": "entry"
     },
     {
      "comment": "Nil",
      "type": "exit"
     }
    ],
    "main_scheme_name": "Union CHILDREN’S FUND ",
    "metrics": [
     {
      "name": "port_turnover_ratio",
      "value": "0.94 time"
     }
    ],
    "monthly_aaum_date": "MAR. 2025",
    "monthly_aaum_value": "59.50 crore",
    "mutual_fund_name": "Union Mutual Fund",
    "scheme_launch_date": "20231219"
   }
  },
  {
   "value": {
    "amc_name": "Union Asset Management Company Private Limited",
    "benchmark_index": [
     "CRISIL Corporate Debt A-II Index # (For disclaimers refer page no. 48)"
    ],
    "field_location": [
     {
      "amc_name": "26",
      "benchmark_index": "26",
      "count": 28,
      "fund_manager_managing_fund_since": "26",
      "fund_manager_name": "26",
      "fund_manager_total_exp": "26",
      "indicative_inv_horizon": "26",
      "load_entry": "26",
      "load_exit": "26",
      "main_scheme_name": "26",
      "metrics_macaulay": "26",
      "metrics_mod_duration": "26",
      "monthly_aaum_date": "26",
      "monthly_aaum_value": "26",
      "mutual_fund_name": "26",
      "scheme_launch_date": "26"
     }
    ],
    "fund_manager": [
     {
      "managing_fund_since": "november 1, 2018",
      "name": "Anindya Sarkar",
      "qualification": "",
      "total_exp": "21 years"
     },
     {
      "managing_fund_since": "",
      "name": "Shrenuj Parekh",
      "qualification": "",
      "total_exp": "11 years"
     },
     {
      "managing_fund_since": "",
      "name": "Parijat Agrawal",
      "qualification": "",
      "total_exp": "28 years"
     }
    ],
    "indicative_inv_horizon": [
     "Medium",
     "to",
     "Long",
     "Term",
     "\n"
    ],
    "load": [
     {
      "comment": "NA",
      "type": "entry"
     },
     {
      "comment": "1% if units are redeemed or switched out on or before completion of 15 days from the date of allotment. Nil thereafter. For risk factors, statutory details and disclaimers please refer page no. 48",
      "type": "exit"
     }
    ],
    "main_scheme_name": "Union CORPORATE BOND FUND ",
    "metrics": [
     {
      "name": "mod_duration",
      "value": "3.74 Years"
     },
     {
      "name": "macaulay",
      "value": "3.97 Years"
     }
    ],
    "monthly_aaum_date": "MAR. 2025",
    "monthly_aaum_value": "328.55 crore",
    "mutual_fund_name": "Union Mutual Fund",
    "scheme_launch_date": "20180525"
   }
  },
  {
   "value": {
    "amc_name": "Union Asset Management Company Private Limited",
    "benchmark_index": [
     "CRISIL Dynamic Bond A-III Index # (For disclaimers refer page no. 48)"
    ],
    "field_location": [
     {
      "amc_name": "27",
      "benchmark_index": "27",
      "count": 28,
      "fund_manager_managing_fund_since": "27",
      "fund_manager_name": "27",
      "fund_manager_total_exp": "27",
      "indicative_inv_horizon": "27",
      "load_entry": "27",
      "load_exit": "27",
      "main_scheme_name": "27",
      "metrics_macaulay": "27",
      "metrics_mod_duration": "27",
      "monthly_aaum_date": "27",
      "monthly_aaum_value": "27",
      "mutual_fund_name": "27",
      "scheme_launch_date": "27"
     }
    ],
    "fund_manager": [
     {
      "managing_fund_since": "inception",
      "name": "Parijat Agrawal",
      "qualification": "",
      "total_exp": "28 years"
     },
     {
      "managing_fund_since": "june 28, 2018",
      "name": "Devesh Thacker",
      "qualification": "",
      "total_exp": "24 years"
     },
     {
      "managing_fund_since": "",
      "name": "Banking Industry",
      "qualification": "",
      "total_exp": ""
     }
    ],
    "indicative_inv_horizon": [
     "Medium",
     "to",
     "Long",
     "Term",
     "\n"
    ],
    "load": [
     {
      "comment": "NA",
      "type": "entry"
     },
     {
      "comment": "1% if units are redeemed or switched out on or before completion of 15 days from the date of allotment. Nil thereafter. For risk factors, statutory details and disclaimers please refer page no. 48",
      "type": "exit"
     }
    ],
    "main_scheme_name": "Union DYNAMIC BOND FUND ",
    "metrics": [
     {
      "name": "mod_duration",
      "value": "8.75 Years"
     },
     {
      "name": "macaulay",
      "value": "9.07 Years"
     }
    ],
    "monthly_aaum_date": "MAR. 2025",
    "monthly_aaum_value": "78.17 crore",
    "mutual_fund_name": "Union Mutual Fund",
    "scheme_launch_date": "20120213"
   }
  },
  {
   "value": {
    "amc_name": "Union Asset Management Company Private Limited",
    "benchmark_index": [
     "CRISIL Dynamic Gilt Index # (For disclaimers refer page no. 48)"
    ],
    "field_location": [
     {
      "amc_name": "28",
      "benchmark_index": "28",
      "count": 28,
      "fund_manager_managing_fund_since": "28",
      "fund_manager_name": "28",
      "fund_manager_total_exp": "28",
      "indicative_inv_horizon": "28",
      "load_entry": "28",
      "load_exit": "28",
      "main_scheme_name": "28",
      "metrics_macaulay": "28",
      "metrics_mod_duration": "28",
      "monthly_aaum_date": "28",
      "monthly_aaum_value": "28",
      "mutual_fund_name": "28",
      "scheme_launch_date": "28"
     }
    ],
    "fund_manager": [
     {
      "managing_fund_since": "inception",
      "name": "Parijat Agrawal",
      "qualification": "",
      "total_exp": "28 years"
     },
     {
      "managing_fund_since": "",
      "name": "Anindya Sarkar",
      "qualification": "",
      "total_exp": "21 years"
     }
    ],
    "indicative_inv_horizon": [
     "Medium",
     "to",
     "Long",
     "Term",
     "\n"
    ],
    "load": [
     {
      "comment": "NA",
      "type": "entry"
     },
     {
      "comment": "NIL For risk factors, statutory details and disclaimers please refer page no. 48",
      "type": "exit"
     }
    ],
    "main_scheme_name": "Union GILT FUND ",
    "metrics": [
     {
      "name": "mod_duration",
      "value": "10.11 Years"
     },
     {
      "name": "macaulay",
      "value": "10.46 Years"
     }
    ],
    "monthly_aaum_date": "MAR. 2025",
    "monthly_aaum_value": "130.17 crore",
    "mutual_fund_name": "Union Mutual Fund",
    "scheme_launch_date": "20220808"
   }
  },
  {
   "value": {
    "amc_name": "Union Asset Management Company Private Limited",
    "benchmark_index": [
     "CRISIL Short Duration Debt A-II Index # (For disclaimers refer page no. 48)"
    ],
    "field_location": [
     {
      "amc_name": "29",
      "benchmark_index": "29",
      "count": 28,
      "fund_manager_managing_fund_since": "29",
      "fund_manager_name": "29",
      "fund_manager_total_exp": "29",
      "indicative_inv_horizon": "29",
      "load_entry": "29",
      "load_exit": "29",
      "main_scheme_name": "29",
      "metrics_macaulay": "29",
      "metrics_mod_duration": "29",
      "monthly_aaum_date": "29",
      "monthly_aaum_value": "29",
      "mutual_fund_name": "29",
      "scheme_launch_date": "29"
     }
    ],
    "fund_manager": [
     {
      "managing_fund_since": "inception",
      "name": "Anindya Sarkar",
      "qualification": "",
      "total_exp": "21 years"
     },
     {
      "managing_fund_since": "",
      "name": "Shrenuj Parekh",
      "qualification": "",
      "total_exp": "11 years"
     }
    ],
    "indicative_inv_horizon": [
     "Short",
     "to",
     "Medium",
     "Term",
     "\n"
    ],
    "load": [
     {
      "comment": "NA",
      "type": "entry"
     },
     {
      "comment": "• 1% if units are redeemed or switched out on or before completion of 15 days from the date of allotment. • Nil if redeemed or switched out after completion of 15 days from the date of allotment of units. For risk factors, statutory details and disclaimers please refer page no. 48",
      "type": "exit"
     }
    ],
    "main_scheme_name": "SHORT DURATION FUND",
    "metrics": [
     {
      "name": "mod_duration",
      "value": "2.62 Years"
     },
     {
      "name": "macaulay",
      "value": "2.78 Years"
     }
    ],
    "monthly_aaum_date": "MAR. 2025",
    "monthly_aaum_value": "418.20 crore",
    "mutual_fund_name": "Union Mutual Fund",
    "scheme_launch_date": "20250131"
   }
  },
  {
   "value": {
    "amc_name": "Union Asset Management Company Private Limited",
    "benchmark_index": [
     "CRISIL Money Market A-I Index # (For disclaimers refer page no. 48)"
    ],
    "field_location": [
     {
      "amc_name": "30",
      "benchmark_index": "30",
      "count": 28,
      "fund_manager_managing_fund_since": "30",
      "fund_manager_name": "30",
      "fund_manager_total_exp": "30",
      "indicative_inv_horizon": "30",
      "load_entry": "30",
      "load_exit": "30",
      "main_scheme_name": "30",
      "metrics_macaulay": "30",
      "metrics_mod_duration": "30",
      "monthly_aaum_date": "30",
      "monthly_aaum_value": "30",
      "mutual_fund_name": "30",
      "scheme_launch_date": "30"
     }
    ],
    "fund_manager": [
     {
      "managing_fund_since": "inception",
      "name": "Devesh Thacker",
      "qualification": "",
      "total_exp": "24 years"
     },
     {
      "managing_fund_since": "inception",
      "name": "Banking Industry",
      "qualification": "",
      "total_exp": "28 years"
     },
     {
      "managing_fund_since": "",
      "name": "Parijat Agrawal",
      "qualification": "",
      "total_exp": ""
     }
    ],
    "indicative_inv_horizon": [
     "Short",
     "Term",
     "\n"
    ],
    "load": [
     {
      "comment": "NA",
      "type": "entry"
     },
     {
      "comment": "Nil For risk factors, statutory details and disclaimers please refer page no. 48",
      "type": "exit"
     }
    ],
    "main_scheme_name": "Union MONEY MARKET FUND ",
    "metrics": [
     {
      "name": "mod_duration",
      "value": "234 Days"
     },
     {
      "name": "macaulay",
      "value": "251 Days"
     }
    ],
    "monthly_aaum_date": "MAR. 2025",
    "monthly_aaum_value": "186.42 crore",
    "mutual_fund_name": "Union Mutual Fund",
    "scheme_launch_date": "20210826"
   }
  },
  {
   "value": {
    "amc_name": "Union Asset Management Company Private Limited",
    "benchmark_index": [
     "CRISIL Liquid Debt A-I Index # (For disclaimers refer page no. 48)"
    ],
    "field_location": [
     {
      "amc_name": "31",
      "benchmark_index": "31",
      "count": 28,
      "fund_manager_managing_fund_since": "31",
      "fund_manager_name": "31",
      "fund_manager_total_exp": "31",
      "indicative_inv_horizon": "31",
      "load_entry": "31",
      "load_exit": "31",
      "main_scheme_name": "31",
      "metrics_macaulay": "31",
      "metrics_mod_duration": "31",
      "monthly_aaum_date": "31",
      "monthly_aaum_value": "31",
      "mutual_fund_name": "31",
      "scheme_launch_date": "31"
     }
    ],
    "fund_manager": [
     {
      "managing_fund_since": "inception",
      "name": "Devesh Thacker",
      "qualification": "",
      "total_exp": "24 years"
     },
     {
      "managing_fund_since": "june 18, 2021",
      "name": "Banking Industry",
      "qualification": "",
      "total_exp": "28 years"
     },
     {
      "managing_fund_since": "",
      "name": "Parijat Agrawal",
      "qualification": "",
      "total_exp": ""
     }
    ],
    "indicative_inv_horizon": [
     "Short",
     "Term",
     "\n"
    ],
    "load": [
     {
      "comment": "NA",
      "type": "entry"
     },
     {
      "comment": "Investor Exit Exit load as a upon % of redemption subscription proceeds Day 1 0.0070% Day 2 0.0065% Day 3 0.0060% Day 4 0.0055% Day 5 0.0050% Day 6 0.0045% Day 7 onwards 0.0000% For risk factors, statutory details and disclaimers please refer page no. 48",
      "type": "exit"
     }
    ],
    "main_scheme_name": "Union LIQUID FUND ",
    "metrics": [
     {
      "name": "mod_duration",
      "value": "62 Days"
     },
     {
      "name": "macaulay",
      "value": "66 Days"
     }
    ],
    "monthly_aaum_date": "MAR. 2025",
    "monthly_aaum_value": "4,697.73 crore",
    "mutual_fund_name": "Union Mutual Fund",
    "scheme_launch_date": "20110615"
   }
  },
  {
   "value": {
    "amc_name": "Union Asset Management Company Private Limited",
    "benchmark_index": [
     "CRISIL Liquid Overnight Index # (For disclaimers refer page no. 48)"
    ],
    "field_location": [
     {
      "amc_name": "32",
      "benchmark_index": "32",
      "count": 28,
      "fund_manager_managing_fund_since": "32",
      "fund_manager_name": "32",
      "fund_manager_total_exp": "32",
      "indicative_inv_horizon": "32",
      "load_entry": "32",
      "load_exit": "32",
      "main_scheme_name": "32",
      "metrics_avg_maturity": "32",
      "metrics_macaulay": "32",
      "metrics_mod_duration": "32",
      "monthly_aaum_date": "32",
      "monthly_aaum_value": "32",
      "mutual_fund_name": "32",
      "scheme_launch_date": "32"
     }
    ],
    "fund_manager": [
     {
      "managing_fund_since": "inception",
      "name": "Tarun Singh",
      "qualification": "",
      "total_exp": "29 years"
     },
     {
      "managing_fund_since": "inception",
      "name": "Devesh Thacker",
      "qualification": "",
      "total_exp": "14 years"
     },
     {
      "managing_fund_since": "",
      "name": "Banking Industry",
      "qualification": "",
      "total_exp": "24 years"
     }
    ],
    "indicative_inv_horizon": [
     "Short",
     "Term",
     "\n"
    ],
    "load": [
     {
      "comment": "NA",
      "type": "entry"
     },
     {
      "comment": "Nil For risk factors, statutory details and disclaimers please refer page no. 48",
      "type": "exit"
     }
    ],
    "main_scheme_name": "Union OVERNIGHT FUND ",
    "metrics": [
     {
      "name": "mod_duration",
      "value": "2.00 Days"
     },
     {
      "name": "macaulay",
      "value": "2.14 Days"
     },
     {
      "name": "avg_maturity",
      "value": "30 days"
     }
    ],
    "monthly_aaum_date": "MAR. 2025",
    "monthly_aaum_value": "264.57 crore",
    "mutual_fund_name": "Union Mutual Fund",
    "scheme_launch_date": "20190327"
   }
  }
 ]
}