{
 "metadata": {
  "document_name": "42_31-Mar-25_FS.pdf",
  "file_type": "fs",
  "process_date": "20250417"
 },
 "records": [
  {
   "value": {
    "amc_name": "WhiteOak Capital Asset Management Limited",
    "benchmark_index": [
     "BSE 500 TRI"
    ],
    "field_location": [
     {
      "amc_name": "8",
      "benchmark_index": "8",
      "count": 19,
      "fund_manager_managing_fund_since": "8",
      "fund_manager_name": "8",
      "fund_manager_total_exp": "8",
      "load_entry": "8",
      "load_exit": "8",
      "main_scheme_name": "8",
      "min_addl_amt": "8",
      "min_addl_amt_multiple": "8",
      "min_amt": "8",
      "min_amt_multiple": "8",
      "monthly_aaum_date": "8",
      "monthly_aaum_value": "8",
      "mutual_fund_name": "8",
      "scheme_launch_date": "8"
     }
    ],
    "fund_manager": [
     {
      "managing_fund_since": "inception",
      "name": "Mr. Ramesh Mantri",
      "qualification": "",
      "total_exp": "20 years"
     },
     {
      "managing_fund_since": "inception",
      "name": "Mr. Piyush Baranwal",
      "qualification": "",
      "total_exp": "17 years"
     },
     {
      "managing_fund_since": "11th august 2022",
      "name": "Ms. Trupti Agrawal",
      "qualification": "",
      "total_exp": "15 years"
     },
     {
      "managing_fund_since": "01st april 2024",
      "name": "Mr. Dheeresh Pathak",
      "qualification": "",
      "total_exp": "16 years"
     },
     {
      "managing_fund_since": "january 6, 2025",
      "name": "Mr. Ashish Agrawal",
      "qualification": "",
      "total_exp": "17 years"
     }
    ],
    "load": [
     {
      "comment": ": # Nil",
      "type": "entry"
     },
     {
      "comment": "1.00% (of applicable NAV); if units are redeemed/ switched-out within 1 month from the date of allotment. Nil thereafter #",
      "type": "exit"
     }
    ],
    "main_scheme_name": "WhiteOak Capital Flexi Cap Fund",
    "min_addl_amt": "500",
    "min_addl_amt_multiple": "1",
    "min_amt": "500",
    "min_amt_multiple": "1",
    "monthly_aaum_date": "20250331",
    "monthly_aaum_value": "4218.24 Crore",
    "mutual_fund_name": "WhiteOak Capital Mutual Fund",
    "scheme_launch_date": "20220802"
   }
  },
  {
   "value": {
    "amc_name": "WhiteOak Capital Asset Management Limited",
    "benchmark_index": [
     "BSE Midcap 150 TRI"
    ],
    "field_location": [
     {
      "amc_name": "10",
      "benchmark_index": "10",
      "count": 19,
      "fund_manager_managing_fund_since": "10",
      "fund_manager_name": "10",
      "fund_manager_total_exp": "10",
      "load_entry": "10",
      "load_exit": "10",
      "main_scheme_name": "10",
      "min_addl_amt": "10",
      "min_addl_amt_multiple": "10",
      "min_amt": "10",
      "min_amt_multiple": "10",
      "monthly_aaum_date": "10",
      "monthly_aaum_value": "10",
      "mutual_fund_name": "10",
      "scheme_launch_date": "10"
     }
    ],
    "fund_manager": [
     {
      "managing_fund_since": "inception",
      "name": "Mr. Ramesh Mantri",
      "qualification": "",
      "total_exp": "20 years"
     },
     {
      "managing_fund_since": "inception",
      "name": "Mr. Piyush Baranwal",
      "qualification": "",
      "total_exp": "17 years"
     },
     {
      "managing_fund_since": "inception",
      "name": "Ms. Trupti Agrawal",
      "qualification": "",
      "total_exp": "15 years"
     },
     {
      "managing_fund_since": "01st april 2024",
      "name": "Mr. Dheeresh Pathak",
      "qualification": "",
      "total_exp": "16 years"
     },
     {
      "managing_fund_since": "january 6, 2025",
      "name": "Mr. Ashish Agrawal",
      "qualification": "",
      "total_exp": "17 years"
     }
    ],
    "load": [
     {
      "comment": ": # Nil",
      "type": "entry"
     },
     {
      "comment": "1.00% (of applicable NAV); if units are redeemed/ switched-out within 1 month from the date of allotment. Nil thereafter #",
      "type": "exit"
     }
    ],
    "main_scheme_name": "WhiteOak Capital Mid Cap Fund",
    "min_addl_amt": "500",
    "min_addl_amt_multiple": "1",
    "min_amt": "500",
    "min_amt_multiple": "1",
    "monthly_aaum_date": "20250331",
    "monthly_aaum_value": "2634.80 Crore",
    "mutual_fund_name": "WhiteOak Capital Mutual Fund",
    "scheme_launch_date": "20220907"
   }
  },
  {
   "value": {
    "amc_name": "WhiteOak Capital Asset Management Limited",
    "benchmark_index": [
     "BSE 500 TRI"
    ],
    "field_location": [
     {
      "amc_name": "12",
      "benchmark_index": "12",
      "count": 19,
      "fund_manager_managing_fund_since": "12",
      "fund_manager_name": "12",
      "fund_manager_total_exp": "12",
      "load_entry": "12",
      "load_exit": "12",
      "main_scheme_name": "12",
      "min_addl_amt": "12",
      "min_addl_amt_multiple": "12",
      "min_amt": "12",
      "min_amt_multiple": "12",
      "monthly_aaum_date": "12",
      "monthly_aaum_value": "12",
      "mutual_fund_name": "12",
      "scheme_launch_date": "12"
     }
    ],
    "fund_manager": [
     {
      "managing_fund_since": "inception",
      "name": "Mr. Ramesh Mantri",
      "qualification": "",
      "total_exp": "20 years"
     },
     {
      "managing_fund_since": "inception",
      "name": "Mr. Piyush Baranwal",
      "qualification": "",
      "total_exp": "17 years"
     },
     {
      "managing_fund_since": "inception",
      "name": "Ms. Trupti Agrawal",
      "qualification": "",
      "total_exp": "15 years"
     },
     {
      "managing_fund_since": "01st april 2024",
      "name": "Mr. Dheeresh Pathak",
      "qualification": "",
      "total_exp": "16 years"
     },
     {
      "managing_fund_since": "january 6, 2025",
      "name": "Mr. Ashish Agrawal",
      "qualification": "",
      "total_exp": "17 years"
     }
    ],
    "load": [
     {
      "comment": ": # Nil",
      "type": "entry"
     },
     {
      "comment": "Nil (subject to Lock-in period of 3 years) #",
      "type": "exit"
     }
    ],
    "main_scheme_name": "WhiteOak Capital ELSS Tax Saver Fund",
    "min_addl_amt": "500",
    "min_addl_amt_multiple": "500",
    "min_amt": "500",
    "min_amt_multiple": "500",
    "monthly_aaum_date": "20250331",
    "monthly_aaum_value": "319.74 Crore",
    "mutual_fund_name": "WhiteOak Capital Mutual Fund",
    "scheme_launch_date": "20221014"
   }
  },
  {
   "value": {
    "amc_name": "WhiteOak Capital Asset Management Limited",
    "benchmark_index": [
     "BSE 100 TRI"
    ],
    "field_location": [
     {
      "amc_name": "14",
      "benchmark_index": "14",
      "count": 19,
      "fund_manager_managing_fund_since": "14",
      "fund_manager_name": "14",
      "fund_manager_total_exp": "14",
      "load_entry": "14",
      "load_exit": "14",
      "main_scheme_name": "14",
      "min_addl_amt": "14",
      "min_addl_amt_multiple": "14",
      "min_amt": "14",
      "min_amt_multiple": "14",
      "monthly_aaum_date": "14",
      "monthly_aaum_value": "14",
      "mutual_fund_name": "14",
      "scheme_launch_date": "14"
     }
    ],
    "fund_manager": [
     {
      "managing_fund_since": "inception",
      "name": "Mr. Ramesh Mantri",
      "qualification": "",
      "total_exp": "20 years"
     },
     {
      "managing_fund_since": "inception",
      "name": "Mr. Piyush Baranwal",
      "qualification": "",
      "total_exp": "17 years"
     },
     {
      "managing_fund_since": "inception",
      "name": "Ms. Trupti Agrawal",
      "qualification": "",
      "total_exp": "15 years"
     },
     {
      "managing_fund_since": "01st april 2024",
      "name": "Mr. Dheeresh Pathak",
      "qualification": "",
      "total_exp": "16 years"
     },
     {
      "managing_fund_since": "january 6, 2025",
      "name": "Mr. Ashish Agrawal",
      "qualification": "",
      "total_exp": "17 years"
     }
    ],
    "load": [
     {
      "comment": ": # Nil",
      "type": "entry"
     },
     {
      "comment": "1.00% (of applicable NAV); if units are redeemed/switched-out within 1 month from the date of allotment. Nil thereafter #",
      "type": "exit"
     }
    ],
    "main_scheme_name": "WhiteOak Capital Large Cap Fund",
    "min_addl_amt": "500",
    "min_addl_amt_multiple": "1",
    "min_amt": "500",
    "min_amt_multiple": "1",
    "monthly_aaum_date": "20250331",
    "monthly_aaum_value": "738.34 Crore",
    "mutual_fund_name": "WhiteOak Capital Mutual Fund",
    "scheme_launch_date": "20221201"
   }
  },
  {
   "value": {
    "amc_name": "WhiteOak Capital Asset Management Limited",
    "benchmark_index": [
     "BSE 250 Large MidCap TRI"
    ],
    "field_location": [
     {
      "amc_name": "16",
      "benchmark_index": "16",
      "count": 19,
      "fund_manager_managing_fund_since": "16",
      "fund_manager_name": "16",
      "fund_manager_total_exp": "16",
      "load_entry": "16",
      "load_exit": "16",
      "main_scheme_name": "16",
      "min_addl_amt": "16",
      "min_addl_amt_multiple": "16",
      "min_amt": "16",
      "min_amt_multiple": "16",
      "monthly_aaum_date": "16",
      "monthly_aaum_value": "16",
      "mutual_fund_name": "16",
      "scheme_launch_date": "16"
     }
    ],
    "fund_manager": [
     {
      "managing_fund_since": "inception",
      "name": "Mr. Ramesh Mantri",
      "qualification": "",
      "total_exp": "20 years"
     },
     {
      "managing_fund_since": "inception",
      "name": "Ms. Trupti Agrawal",
      "qualification": "",
      "total_exp": "15 years"
     },
     {
      "managing_fund_since": "inception",
      "name": "Mr. Piyush Baranwal",
      "qualification": "",
      "total_exp": "17 years"
     },
     {
      "managing_fund_since": "01st april 2024",
      "name": "Mr. Dheeresh Pathak",
      "qualification": "",
      "total_exp": "16 years"
     },
     {
      "managing_fund_since": "january 6, 2025",
      "name": "Mr. Ashish Agrawal",
      "qualification": "",
      "total_exp": "17 years"
     }
    ],
    "load": [
     {
      "comment": ": # Nil",
      "type": "entry"
     },
     {
      "comment": "1.00% (of applicable NAV); if units are redeemed/ switched-out within 1 month from the date of allotment. Nil thereafter #",
      "type": "exit"
     }
    ],
    "main_scheme_name": "WhiteOak Capital Large & Mid Cap Fund",
    "min_addl_amt": "500",
    "min_addl_amt_multiple": "1",
    "min_amt": "500",
    "min_amt_multiple": "1",
    "monthly_aaum_date": "20250331",
    "monthly_aaum_value": "1463.45 Crore",
    "mutual_fund_name": "WhiteOak Capital Mutual Fund",
    "scheme_launch_date": "20231222"
   }
  },
  {
   "value": {
    "amc_name": "WhiteOak Capital Asset Management Limited",
    "benchmark_index": [
     "NIFTY 500 Multicap 50:25:25 TRI"
    ],
    "field_location": [
     {
      "amc_name": "18",
      "benchmark_index": "18",
      "count": 19,
      "fund_manager_managing_fund_since": "18",
      "fund_manager_name": "18",
      "fund_manager_total_exp": "18",
      "load_entry": "18",
      "load_exit": "18",
      "main_scheme_name": "18",
      "min_addl_amt": "18",
      "min_addl_amt_multiple": "18",
      "min_amt": "18",
      "min_amt_multiple": "18",
      "monthly_aaum_date": "18",
      "monthly_aaum_value": "18",
      "mutual_fund_name": "18",
      "scheme_launch_date": "18"
     }
    ],
    "fund_manager": [
     {
      "managing_fund_since": "inception",
      "name": "Mr. Ramesh Mantri",
      "qualification": "",
      "total_exp": "20 years"
     },
     {
      "managing_fund_since": "inception",
      "name": "Mr. Piyush Baranwal",
      "qualification": "",
      "total_exp": "17 years"
     },
     {
      "managing_fund_since": "inception",
      "name": "Ms. Trupti Agrawal",
      "qualification": "",
      "total_exp": "15 years"
     },
     {
      "managing_fund_since": "01st april 2024",
      "name": "Mr. Dheeresh Pathak",
      "qualification": "",
      "total_exp": "16 years"
     },
     {
      "managing_fund_since": "january 6, 2025",
      "name": "Mr. Ashish Agrawal",
      "qualification": "",
      "total_exp": "17 years"
     }
    ],
    "load": [
     {
      "comment": ": # Nil",
      "type": "entry"
     },
     {
      "comment": "1.00% (of applicable NAV); if units are redeemed/switched-out within 1 month from the date of allotment. Nil thereafter #",
      "type": "exit"
     }
    ],
    "main_scheme_name": "WhiteOak Capital Multi Cap Fund",
    "min_addl_amt": "500",
    "min_addl_amt_multiple": "1",
    "min_amt": "500",
    "min_amt_multiple": "1",
    "monthly_aaum_date": "20250331",
    "monthly_aaum_value": "1501.61 Crore",
    "mutual_fund_name": "WhiteOak Capital Mutual Fund",
    "scheme_launch_date": "20230922"
   }
  },
  {
   "value": {
    "amc_name": "WhiteOak Capital Asset Management Limited",
    "benchmark_index": [
     "BSE Healthcare TRI"
    ],
    "field_location": [
     {
      "amc_name": "20",
      "benchmark_index": "20",
      "count": 19,
      "fund_manager_managing_fund_since": "20",
      "fund_manager_name": "20",
      "fund_manager_total_exp": "20",
      "load_entry": "20",
      "load_exit": "20",
      "main_scheme_name": "20",
      "metrics_beta": "20",
      "metrics_sharpe": "20",
      "metrics_std_dev": "20",
      "metrics_tracking_error": "20",
      "min_addl_amt": "20",
      "min_addl_amt_multiple": "20",
      "min_amt": "20",
      "min_amt_multiple": "20",
      "monthly_aaum_date": "20",
      "monthly_aaum_value": "20",
      "mutual_fund_name": "20",
      "scheme_launch_date": "20"
     }
    ],
    "fund_manager": [
     {
      "managing_fund_since": "inception",
      "name": "Mr. Ramesh Mantri",
      "qualification": "",
      "total_exp": "20 years"
     },
     {
      "managing_fund_since": "inception",
      "name": "Mr. Dheeresh Pathak",
      "qualification": "",
      "total_exp": "16 years"
     },
     {
      "managing_fund_since": "inception",
      "name": "Mr. Piyush Baranwal",
      "qualification": "",
      "total_exp": "17 years"
     },
     {
      "managing_fund_since": "january 6, 2025",
      "name": "Mr. Ashish Agrawal",
      "qualification": "",
      "total_exp": "17 years"
     }
    ],
    "load": [
     {
      "comment": ": # Nil",
      "type": "entry"
     },
     {
      "comment": "1.00% (of applicable NAV); if units are redeemed/switched-out within 1 month from the date of allotment. Nil thereafter #",
      "type": "exit"
     }
    ],
    "main_scheme_name": "WhiteOak Capital Pharma and Healthcare Fund",
    "metrics": [
     {
      "name": "sharpe",
      "value": "0.90"
     },
     {
      "name": "std_dev",
      "value": "0.90%"
     },
     {
      "name": "beta",
      "value": "0.90"
     },
     {
      "name": "tracking_error",
      "value": "0.90"
     }
    ],
    "min_addl_amt": "500",
    "min_addl_amt_multiple": "1",
    "min_amt": "500",
    "min_amt_multiple": "1",
    "monthly_aaum_date": "20250331",
    "monthly_aaum_value": "289.09",
    "mutual_fund_name": "WhiteOak Capital Mutual Fund",
    "scheme_launch_date": "20240206"
   }
  },
  {
   "value": {
    "amc_name": "WhiteOak Capital Asset Management Limited",
    "benchmark_index": [
     "Nifty Financial Services Total Return Index (TRI)"
    ],
    "field_location": [
     {
      "amc_name": "21",
      "benchmark_index": "21",
      "count": 19,
      "fund_manager_managing_fund_since": "21",
      "fund_manager_name": "21",
      "fund_manager_total_exp": "21",
      "load_entry": "21",
      "load_exit": "21",
      "main_scheme_name": "21",
      "min_addl_amt": "21",
      "min_addl_amt_multiple": "21",
      "min_amt": "21",
      "min_amt_multiple": "21",
      "monthly_aaum_date": "21",
      "monthly_aaum_value": "21",
      "mutual_fund_name": "21",
      "scheme_launch_date": "21"
     }
    ],
    "fund_manager": [
     {
      "managing_fund_since": "inception",
      "name": "Ms. Trupti Agrawal",
      "qualification": "",
      "total_exp": "15 years"
     },
     {
      "managing_fund_since": "inception",
      "name": "Mr. Ramesh Mantri",
      "qualification": "",
      "total_exp": "20 years"
     },
     {
      "managing_fund_since": "inception",
      "name": "Mr. Piyush Baranwal",
      "qualification": "",
      "total_exp": "17 years"
     },
     {
      "managing_fund_since": "01st april 2024",
      "name": "Mr. Dheeresh Pathak",
      "qualification": "",
      "total_exp": "16 years"
     },
     {
      "managing_fund_since": "january 6, 2025",
      "name": "Mr. Ashish Agrawal",
      "qualification": "",
      "total_exp": "17 years"
     }
    ],
    "load": [
     {
      "comment": ": # Nil",
      "type": "entry"
     },
     {
      "comment": "1.00% (of applicable NAV); if units are redeemed/switched-out within 1 month from the date of allotment. Nil thereafter #",
      "type": "exit"
     }
    ],
    "main_scheme_name": "WhiteOak Capital Banking & Financial Services Fund",
    "min_addl_amt": "500",
    "min_addl_amt_multiple": "1",
    "min_amt": "500",
    "min_amt_multiple": "1",
    "monthly_aaum_date": "20250331",
    "monthly_aaum_value": "335.33 Crore",
    "mutual_fund_name": "WhiteOak Capital Mutual Fund",
    "scheme_launch_date": "20240206"
   }
  },
  {
   "value": {
    "amc_name": "WhiteOak Capital Asset Management Limited",
    "benchmark_index": [
     "BSE 500 TRI"
    ],
    "field_location": [
     {
      "amc_name": "22",
      "benchmark_index": "22",
      "count": 19,
      "fund_manager_managing_fund_since": "22",
      "fund_manager_name": "22",
      "fund_manager_total_exp": "22",
      "load_entry": "22",
      "load_exit": "22",
      "main_scheme_name": "22",
      "metrics_port_turnover_ratio": "22",
      "min_addl_amt": "22",
      "min_addl_amt_multiple": "22",
      "min_amt": "22",
      "min_amt_multiple": "22",
      "monthly_aaum_date": "22",
      "monthly_aaum_value": "22",
      "mutual_fund_name": "22",
      "scheme_launch_date": "22"
     }
    ],
    "fund_manager": [
     {
      "managing_fund_since": "inception",
      "name": "Mr. Dheeresh Pathak",
      "qualification": "",
      "total_exp": "16 years"
     },
     {
      "managing_fund_since": "inception",
      "name": "Ms. Trupti Agrawal",
      "qualification": "",
      "total_exp": "15 years"
     },
     {
      "managing_fund_since": "inception",
      "name": "Mr. Piyush Baranwal",
      "qualification": "",
      "total_exp": "17 years"
     },
     {
      "managing_fund_since": "january 6, 2025",
      "name": "Mr. Ashish Agrawal",
      "qualification": "",
      "total_exp": "17 years"
     }
    ],
    "load": [
     {
      "comment": ": # Nil",
      "type": "entry"
     },
     {
      "comment": "1.00% (of applicable NAV); if units are redeemed/ switched-out within 1 month from the date of allotment. Nil thereafter. #",
      "type": "exit"
     }
    ],
    "main_scheme_name": "WhiteOak Capital Special Opportunities Fund",
    "metrics": [
     {
      "name": "port_turnover_ratio",
      "value": "1"
     }
    ],
    "min_addl_amt": "500",
    "min_addl_amt_multiple": "1",
    "min_amt": "500",
    "min_amt_multiple": "1",
    "monthly_aaum_date": "20250331",
    "monthly_aaum_value": "740.26 Crore",
    "mutual_fund_name": "WhiteOak Capital Mutual Fund",
    "scheme_launch_date": "20240604"
   }
  },
  {
   "value": {
    "amc_name": "WhiteOak Capital Asset Management Limited",
    "benchmark_index": [
     "Nifty 100 ESG TRI."
    ],
    "field_location": [
     {
      "amc_name": "24",
      "benchmark_index": "24",
      "count": 19,
      "fund_manager_managing_fund_since": "24",
      "fund_manager_name": "24",
      "fund_manager_total_exp": "24",
      "load_entry": "24",
      "load_exit": "24",
      "main_scheme_name": "24",
      "min_addl_amt": "24",
      "min_addl_amt_multiple": "24",
      "min_amt": "24",
      "min_amt_multiple": "24",
      "monthly_aaum_date": "24",
      "monthly_aaum_value": "24",
      "mutual_fund_name": "24",
      "scheme_launch_date": "24"
     }
    ],
    "fund_manager": [
     {
      "managing_fund_since": "inception",
      "name": "Mr. Ramesh Mantri",
      "qualification": "",
      "total_exp": "20 years"
     },
     {
      "managing_fund_since": "inception",
      "name": "Ms. Trupti Agrawal",
      "qualification": "",
      "total_exp": "15 years"
     },
     {
      "managing_fund_since": "inception",
      "name": "Mr. Dheeresh Pathak",
      "qualification": "",
      "total_exp": "16 years"
     },
     {
      "managing_fund_since": "inception",
      "name": "Mr. Piyush Baranwal",
      "qualification": "",
      "total_exp": "17 years"
     },
     {
      "managing_fund_since": "january 6, 2025",
      "name": "Mr. Ashish Agrawal",
      "qualification": "",
      "total_exp": "17 years"
     }
    ],
    "load": [
     {
      "comment": ": # Nil",
      "type": "entry"
     },
     {
      "comment": "1% (of applicable NAV); if units are redeemed/ switched-out within 1 month from the date of allotment. Nil thereafter. #",
      "type": "exit"
     }
    ],
    "main_scheme_name": "WhiteOak Capital ESG Best-In-Class Strategy Fund",
    "min_addl_amt": "500",
    "min_addl_amt_multiple": "1",
    "min_amt": "500",
    "min_amt_multiple": "1",
    "monthly_aaum_date": "20250331",
    "monthly_aaum_value": "58.69 Crore",
    "mutual_fund_name": "WhiteOak Capital Mutual Fund",
    "scheme_launch_date": "20241030"
   }
  },
  {
   "value": {
    "amc_name": "WhiteOak Capital Asset Management Limited",
    "benchmark_index": [
     "BSE Teck TRI."
    ],
    "field_location": [
     {
      "amc_name": "26",
      "benchmark_index": "26",
      "count": 19,
      "fund_manager_managing_fund_since": "26",
      "fund_manager_name": "26",
      "fund_manager_total_exp": "26",
      "load_entry": "26",
      "load_exit": "26",
      "main_scheme_name": "26",
      "metrics_beta": "26",
      "metrics_sharpe": "26",
      "metrics_std_dev": "26",
      "metrics_tracking_error": "26",
      "min_addl_amt": "26",
      "min_addl_amt_multiple": "26",
      "min_amt": "26",
      "min_amt_multiple": "26",
      "monthly_aaum_date": "26",
      "monthly_aaum_value": "26",
      "mutual_fund_name": "26",
      "scheme_launch_date": "26"
     }
    ],
    "fund_manager": [
     {
      "managing_fund_since": "inception",
      "name": "Mr. Ramesh Mantri",
      "qualification": "",
      "total_exp": "20 years"
     },
     {
      "managing_fund_since": "inception",
      "name": "Ms. Trupti Agrawal",
      "qualification": "",
      "total_exp": "15 years"
     },
     {
      "managing_fund_since": "inception",
      "name": "Mr. Dheeresh Pathak",
      "qualification": "",
      "total_exp": "16 years"
     },
     {
      "managing_fund_since": "inception",
      "name": "Mr. Piyush Baranwal",
      "qualification": "",
      "total_exp": "17 years"
     },
     {
      "managing_fund_since": "january 6, 2025",
      "name": "Mr. Ashish Agrawal",
      "qualification": "",
      "total_exp": "17 years"
     }
    ],
    "load": [
     {
      "comment": ": # Nil",
      "type": "entry"
     },
     {
      "comment": ": 1.00% (of applicable NAV); if units are redeemed/ switched-out within 1 month from the date of allotment. Nil thereafter. #",
      "type": "exit"
     }
    ],
    "main_scheme_name": "WhiteOak Capital Digital Bharat Fund",
    "metrics": [
     {
      "name": "sharpe",
      "value": "1.87"
     },
     {
      "name": "std_dev",
      "value": "1.87%"
     },
     {
      "name": "beta",
      "value": "1.87"
     },
     {
      "name": "tracking_error",
      "value": "1.87"
     }
    ],
    "min_addl_amt": "500",
    "min_addl_amt_multiple": "1",
    "min_amt": "500",
    "min_amt_multiple": "1",
    "monthly_aaum_date": "20250331",
    "monthly_aaum_value": "289.85 Crore",
    "mutual_fund_name": "WhiteOak Capital Mutual Fund",
    "scheme_launch_date": "20241011"
   }
  },
  {
   "value": {
    "amc_name": "WhiteOak Capital Asset Management Limited",
    "benchmark_index": [
     "BSE Quality TRI."
    ],
    "field_location": [
     {
      "amc_name": "27",
      "benchmark_index": "27",
      "count": 19,
      "fund_manager_managing_fund_since": "27",
      "fund_manager_name": "27",
      "fund_manager_total_exp": "27",
      "load_entry": "27",
      "load_exit": "27",
      "main_scheme_name": "27",
      "min_addl_amt": "27",
      "min_addl_amt_multiple": "27",
      "min_amt": "27",
      "min_amt_multiple": "27",
      "monthly_aaum_date": "27",
      "monthly_aaum_value": "27",
      "mutual_fund_name": "27",
      "scheme_launch_date": "27"
     }
    ],
    "fund_manager": [
     {
      "managing_fund_since": "inception",
      "name": "Mr. Ramesh Mantri",
      "qualification": "",
      "total_exp": "20 years"
     },
     {
      "managing_fund_since": "inception",
      "name": "Ms. Trupti Agrawal",
      "qualification": "",
      "total_exp": "15 years"
     },
     {
      "managing_fund_since": "inception",
      "name": "Mr. Dheeresh Pathak",
      "qualification": "",
      "total_exp": "16 years"
     },
     {
      "managing_fund_since": "inception",
      "name": "Mr. Piyush Baranwal",
      "qualification": "",
      "total_exp": "17 years"
     },
     {
      "managing_fund_since": "inception",
      "name": "Mr. Ashish Agrawal",
      "qualification": "",
      "total_exp": "17 years"
     }
    ],
    "load": [
     {
      "comment": ": # Nil",
      "type": "entry"
     },
     {
      "comment": ": In respect of each purchase / switch-in of Units, an Exit Load of 1.00% is payable if Units are redeemed/ switched-out within 1 month from the date of allotment. No Exit Load is payable if Units are redeemed / switched-out after 1 month from the date of allotment. #",
      "type": "exit"
     }
    ],
    "main_scheme_name": "WhiteOak Capital Quality Equity Fund",
    "min_addl_amt": "500",
    "min_addl_amt_multiple": "1",
    "min_amt": "500",
    "min_amt_multiple": "1",
    "monthly_aaum_date": "20250331",
    "monthly_aaum_value": "335.89 Crore",
    "mutual_fund_name": "WhiteOak Capital Mutual Fund",
    "scheme_launch_date": "20250129"
   }
  },
  {
   "value": {
    "amc_name": "WhiteOak Capital Asset Management Limited",
    "benchmark_index": [
     "CRISIL Hybrid 50+50 - Moderate Index"
    ],
    "field_location": [
     {
      "amc_name": "29",
      "benchmark_index": "29",
      "count": 19,
      "fund_manager_managing_fund_since": "29",
      "fund_manager_name": "29",
      "fund_manager_total_exp": "29",
      "load_entry": "29",
      "load_exit": "29",
      "main_scheme_name": "29",
      "metrics_avg_maturity": "29",
      "metrics_macaulay": "29",
      "metrics_mod_duration": "29",
      "metrics_net_equity_level": "29",
      "metrics_ytm": "29",
      "min_addl_amt": "29",
      "min_addl_amt_multiple": "29",
      "min_amt": "29",
      "min_amt_multiple": "29",
      "monthly_aaum_date": "29",
      "monthly_aaum_value": "29",
      "mutual_fund_name": "29",
      "scheme_launch_date": "29"
     }
    ],
    "fund_manager": [
     {
      "managing_fund_since": "inception",
      "name": "Mr. Ramesh Mantri",
      "qualification": "",
      "total_exp": "20 years"
     },
     {
      "managing_fund_since": "inception",
      "name": "Mr. Piyush Baranwal",
      "qualification": "",
      "total_exp": "17 years"
     },
     {
      "managing_fund_since": "inception",
      "name": "Ms. Trupti Agrawal",
      "qualification": "",
      "total_exp": "15 years"
     },
     {
      "managing_fund_since": "01st april 2024",
      "name": "Mr. Dheeresh Pathak",
      "qualification": "",
      "total_exp": "16 years"
     },
     {
      "managing_fund_since": "january 6, 2025",
      "name": "Mr. Ashish Agrawal",
      "qualification": "",
      "total_exp": "17 years"
     }
    ],
    "load": [
     {
      "comment": ": # Nil",
      "type": "entry"
     },
     {
      "comment": "1.00% (of applicable NAV); if units are redeemed/switched-out within 1 month from the date of allotment. Nil thereafter #",
      "type": "exit"
     }
    ],
    "main_scheme_name": "WhiteOak Capital Balanced Advantage Fund",
    "metrics": [
     {
      "name": "ytm",
      "value": "7.12%"
     },
     {
      "name": "mod_duration",
      "value": "2.23"
     },
     {
      "name": "avg_maturity",
      "value": "2.98"
     },
     {
      "name": "macaulay",
      "value": "2.33"
     },
     {
      "name": "net_equity_level",
      "value": "60.65%"
     }
    ],
    "min_addl_amt": "500",
    "min_addl_amt_multiple": "1",
    "min_amt": "500",
    "min_amt_multiple": "1",
    "monthly_aaum_date": "20250331",
    "monthly_aaum_value": "1341.06 Crore",
    "mutual_fund_name": "WhiteOak Capital Mutual Fund",
    "scheme_launch_date": "20230210"
   }
  },
  {
   "value": {
    "amc_name": "WhiteOak Capital Asset Management Limited",
    "benchmark_index": [
     "BSE 500 TRI (35%) + CRISIL Short Term Bond Index (45%) + Domestic prices of Gold (19%) + Domestic prices of Silver (1%)"
    ],
    "field_location": [
     {
      "amc_name": "31",
      "benchmark_index": "31",
      "count": 19,
      "fund_manager_managing_fund_since": "31",
      "fund_manager_name": "31",
      "fund_manager_total_exp": "31",
      "load_entry": "31",
      "load_exit": "31",
      "main_scheme_name": "31",
      "metrics_avg_maturity": "31",
      "metrics_macaulay": "31",
      "metrics_mod_duration": "31",
      "metrics_net_equity_level": "31",
      "metrics_ytm": "31",
      "min_addl_amt": "31",
      "min_addl_amt_multiple": "31",
      "min_amt": "31",
      "min_amt_multiple": "31",
      "monthly_aaum_date": "31",
      "monthly_aaum_value": "31",
      "mutual_fund_name": "31",
      "scheme_launch_date": "31"
     }
    ],
    "fund_manager": [
     {
      "managing_fund_since": "inception",
      "name": "Mr. Ramesh Mantri",
      "qualification": "",
      "total_exp": "20 years"
     },
     {
      "managing_fund_since": "inception",
      "name": "Mr. Piyush Baranwal",
      "qualification": "",
      "total_exp": "17 years"
     },
     {
      "managing_fund_since": "01st april 2024",
      "name": "Mr. Dheeresh Pathak",
      "qualification": "",
      "total_exp": "16 years"
     },
     {
      "managing_fund_since": "january 6, 2025",
      "name": "Mr. Ashish Agrawal",
      "qualification": "",
      "total_exp": "17 years"
     }
    ],
    "load": [
     {
      "comment": ": # Nil",
      "type": "entry"
     },
     {
      "comment": "1.00% (of applicable NAV); if units are redeemed/switched-out within 1 month from the date of allotment. Nil thereafter #",
      "type": "exit"
     }
    ],
    "main_scheme_name": "WhiteOak Capital Multi Asset Allocation Fund",
    "metrics": [
     {
      "name": "ytm",
      "value": "6.96%"
     },
     {
      "name": "mod_duration",
      "value": "1.84"
     },
     {
      "name": "avg_maturity",
      "value": "2.46"
     },
     {
      "name": "macaulay",
      "value": "1.93"
     },
     {
      "name": "net_equity_level",
      "value": "28.13%"
     }
    ],
    "min_addl_amt": "500",
    "min_addl_amt_multiple": "1",
    "min_amt": "500",
    "min_amt_multiple": "1",
    "monthly_aaum_date": "20250331",
    "monthly_aaum_value": "1554.89 Crore",
    "mutual_fund_name": "WhiteOak Capital Mutual Fund",
    "scheme_launch_date": "20230519"
   }
  },
  {
   "value": {
    "amc_name": "WhiteOak Capital Asset Management Limited",
    "benchmark_index": [
     "CRISIL Hybrid 50+50 - Moderate Index"
    ],
    "field_location": [
     {
      "amc_name": "33",
      "benchmark_index": "33",
      "count": 19,
      "fund_manager_managing_fund_since": "33",
      "fund_manager_name": "33",
      "fund_manager_total_exp": "33",
      "load_entry": "33",
      "load_exit": "33",
      "main_scheme_name": "33",
      "metrics_avg_maturity": "33",
      "metrics_macaulay": "33",
      "metrics_mod_duration": "33",
      "metrics_net_equity_level": "33",
      "metrics_ytm": "33",
      "min_addl_amt": "33",
      "min_addl_amt_multiple": "33",
      "min_amt": "33",
      "min_amt_multiple": "33",
      "monthly_aaum_date": "33",
      "monthly_aaum_value": "33",
      "mutual_fund_name": "33",
      "scheme_launch_date": "33"
     }
    ],
    "fund_manager": [
     {
      "managing_fund_since": "inception",
      "name": "Mr. Ramesh Mantri",
      "qualification": "",
      "total_exp": "20 years"
     },
     {
      "managing_fund_since": "inception",
      "name": "Mr. Piyush Baranwal",
      "qualification": "",
      "total_exp": "17 years"
     },
     {
      "managing_fund_since": "inception",
      "name": "Ms. Trupti Agrawal",
      "qualification": "",
      "total_exp": "15 years"
     },
     {
      "managing_fund_since": "01st april 2024",
      "name": "Mr. Dheeresh Pathak",
      "qualification": "",
      "total_exp": "16 years"
     },
     {
      "managing_fund_since": "january 6, 2025",
      "name": "Mr. Ashish Agrawal",
      "qualification": "",
      "total_exp": "17 years"
     }
    ],
    "load": [
     {
      "comment": ": # Nil",
      "type": "entry"
     },
     {
      "comment": "1.00% (of applicable NAV); if units are redeemed/ switched-out within 1 month from the date of allotment. Nil thereafter #",
      "type": "exit"
     }
    ],
    "main_scheme_name": "WhiteOak Capital Balanced Hybrid Fund",
    "metrics": [
     {
      "name": "ytm",
      "value": "7.05%"
     },
     {
      "name": "mod_duration",
      "value": "2.83"
     },
     {
      "name": "avg_maturity",
      "value": "3.87"
     },
     {
      "name": "macaulay",
      "value": "2.95"
     },
     {
      "name": "net_equity_level",
      "value": "53.45%"
     }
    ],
    "min_addl_amt": "500",
    "min_addl_amt_multiple": "1",
    "min_amt": "500",
    "min_amt_multiple": "1",
    "monthly_aaum_date": "20250331",
    "monthly_aaum_value": "162.76 Crore",
    "mutual_fund_name": "WhiteOak Capital Mutual Fund",
    "scheme_launch_date": "20231027"
   }
  },
  {
   "value": {
    "amc_name": "WhiteOak Capital Asset Management Limited",
    "benchmark_index": [
     "Nifty 50 Arbitrage Index"
    ],
    "field_location": [
     {
      "amc_name": "35",
      "benchmark_index": "35",
      "count": 19,
      "fund_manager_managing_fund_since": "35",
      "fund_manager_name": "35",
      "fund_manager_total_exp": "35",
      "load_entry": "35",
      "load_exit": "35",
      "main_scheme_name": "35",
      "metrics_avg_maturity": "35",
      "metrics_macaulay": "35",
      "metrics_mod_duration": "35",
      "metrics_net_equity_level": "35",
      "metrics_ytm": "35",
      "min_addl_amt": "35",
      "min_addl_amt_multiple": "35",
      "min_amt": "35",
      "min_amt_multiple": "35",
      "monthly_aaum_date": "35",
      "monthly_aaum_value": "35",
      "mutual_fund_name": "35",
      "scheme_launch_date": "35"
     }
    ],
    "fund_manager": [
     {
      "managing_fund_since": "inception",
      "name": "Mr. Ramesh Mantri",
      "qualification": "",
      "total_exp": "20 years"
     },
     {
      "managing_fund_since": "inception",
      "name": "Mr. Ashish Agrawal",
      "qualification": "",
      "total_exp": "17 years"
     },
     {
      "managing_fund_since": "inception",
      "name": "Mr. Piyush Baranwal",
      "qualification": "",
      "total_exp": "17 years"
     },
     {
      "managing_fund_since": "06th november 2024",
      "name": "Mr. Bhavin Patadia",
      "qualification": "",
      "total_exp": "16 years"
     }
    ],
    "load": [
     {
      "comment": ": # Nil",
      "type": "entry"
     },
     {
      "comment": "0.25% (of applicable NAV); if units are redeemed/switched-out within 7 days from the date of allotment. Nil thereafter. #",
      "type": "exit"
     }
    ],
    "main_scheme_name": "WhiteOak Capital Arbitrage Fund",
    "metrics": [
     {
      "name": "ytm",
      "value": "6.86%"
     },
     {
      "name": "mod_duration",
      "value": "0.20"
     },
     {
      "name": "avg_maturity",
      "value": "0.22"
     },
     {
      "name": "macaulay",
      "value": "0.22"
     },
     {
      "name": "net_equity_level",
      "value": "66.36%"
     }
    ],
    "min_addl_amt": "500",
    "min_addl_amt_multiple": "1",
    "min_amt": "500",
    "min_amt_multiple": "1",
    "monthly_aaum_date": "20250331",
    "monthly_aaum_value": "327.62 Crore",
    "mutual_fund_name": "WhiteOak Capital Mutual Fund",
    "scheme_launch_date": "20240909"
   }
  },
  {
   "value": {
    "amc_name": "WhiteOak Capital Asset Management Limited",
    "benchmark_index": [
     "Nifty Equity Savings TRI"
    ],
    "field_location": [
     {
      "amc_name": "37",
      "benchmark_index": "37",
      "count": 19,
      "fund_manager_managing_fund_since": "37",
      "fund_manager_name": "37",
      "fund_manager_total_exp": "37",
      "load_entry": "37",
      "load_exit": "37",
      "main_scheme_name": "37",
      "metrics_avg_maturity": "37",
      "metrics_macaulay": "37",
      "metrics_mod_duration": "37",
      "metrics_ytm": "37",
      "min_addl_amt": "37",
      "min_addl_amt_multiple": "37",
      "min_amt": "37",
      "min_amt_multiple": "37",
      "monthly_aaum_date": "37",
      "monthly_aaum_value": "37",
      "mutual_fund_name": "37",
      "scheme_launch_date": "37"
     }
    ],
    "fund_manager": [
     {
      "managing_fund_since": "inception",
      "name": "Mr. Ramesh Mantri",
      "qualification": "",
      "total_exp": "20 years"
     },
     {
      "managing_fund_since": "inception",
      "name": "Mr. Dheeresh Pathak",
      "qualification": "",
      "total_exp": "16 years"
     },
     {
      "managing_fund_since": "inception",
      "name": "Mr. Trupti Agarwal",
      "qualification": "",
      "total_exp": "15 years"
     },
     {
      "managing_fund_since": "inception",
      "name": "Mr. Piyush Baranwal",
      "qualification": "",
      "total_exp": "17 years"
     },
     {
      "managing_fund_since": "inception",
      "name": "Mr. Bhavin Patadia",
      "qualification": "",
      "total_exp": "16 years"
     },
     {
      "managing_fund_since": "inception",
      "name": "Mr. Ashish Agrawal",
      "qualification": "",
      "total_exp": "17 years"
     }
    ],
    "load": [
     {
      "comment": ": # Nil",
      "type": "entry"
     },
     {
      "comment": "In respect of each purchase / switch-in of Units, an Exit Load of 0.25% is payable if Units are redeemed/ switched-out within 7 days from the date of allotment. No Exit Load is payable if Units are redeemed / switched-out after 7 days from the date of allotment. #",
      "type": "exit"
     }
    ],
    "main_scheme_name": "WhiteOak Capital Equity Savings Fund",
    "metrics": [
     {
      "name": "ytm",
      "value": "6.64%"
     },
     {
      "name": "mod_duration",
      "value": "3.56"
     },
     {
      "name": "avg_maturity",
      "value": "4.98"
     },
     {
      "name": "macaulay",
      "value": "3.68"
     }
    ],
    "min_addl_amt": "500",
    "min_addl_amt_multiple": "1",
    "min_amt": "500",
    "min_amt_multiple": "1",
    "monthly_aaum_date": "20250331",
    "monthly_aaum_value": "20.19 Crore",
    "mutual_fund_name": "WhiteOak Capital Mutual Fund",
    "scheme_launch_date": "20250312"
   }
  },
  {
   "value": {
    "amc_name": "WhiteOak Capital Asset Management Limited",
    "benchmark_index": [
     "CRISIL Liquid Debt A-I Index"
    ],
    "field_location": [
     {
      "amc_name": "39",
      "benchmark_index": "39",
      "count": 19,
      "fund_manager_managing_fund_since": "39",
      "fund_manager_name": "39",
      "fund_manager_total_exp": "39",
      "load_entry": "39",
      "load_exit": "39",
      "main_scheme_name": "39",
      "metrics_avg_maturity": "39",
      "metrics_macaulay": "39",
      "metrics_mod_duration": "39",
      "metrics_ytm": "39",
      "min_addl_amt": "39",
      "min_addl_amt_multiple": "39",
      "min_amt": "39",
      "min_amt_multiple": "39",
      "monthly_aaum_date": "39",
      "monthly_aaum_value": "39",
      "mutual_fund_name": "39",
      "scheme_launch_date": "39"
     }
    ],
    "fund_manager": [
     {
      "managing_fund_since": "inception",
      "name": "Mr. Piyush Baranwal",
      "qualification": "",
      "total_exp": "17 years"
     }
    ],
    "load": [
     {
      "comment": ": # Nil",
      "type": "entry"
     },
     {
      "comment": "(w.e.f. October 19, 2019) Investor exit upon Day 1 Day 2 Day 3 Day 4 Day 5 Day 6 Day 7 subscription* onwards Exit Load as a % of 0.0070% 0.0065% 0.0060% 0.0055% 0.0050% 0.0045% 0.0000% redemption proceeds #",
      "type": "exit"
     }
    ],
    "main_scheme_name": "WhiteOak Capital Liquid Fund",
    "metrics": [
     {
      "name": "ytm",
      "value": "7.01%"
     },
     {
      "name": "mod_duration",
      "value": "0.14"
     },
     {
      "name": "avg_maturity",
      "value": "0.16"
     },
     {
      "name": "macaulay",
      "value": "0.16"
     }
    ],
    "min_addl_amt": "2,000",
    "min_addl_amt_multiple": "1",
    "min_amt": "500",
    "min_amt_multiple": "1",
    "monthly_aaum_date": "20250331",
    "monthly_aaum_value": "373.45 Crore",
    "mutual_fund_name": "WhiteOak Capital Mutual Fund",
    "scheme_launch_date": "20190116"
   }
  },
  {
   "value": {
    "amc_name": "WhiteOak Capital Asset Management Limited",
    "benchmark_index": [
     "CRISIL Ultra Short Duration Debt A-I Index"
    ],
    "field_location": [
     {
      "amc_name": "40",
      "benchmark_index": "40",
      "count": 19,
      "fund_manager_managing_fund_since": "40",
      "fund_manager_name": "40",
      "fund_manager_total_exp": "40",
      "load_entry": "40",
      "load_exit": "40",
      "main_scheme_name": "40",
      "metrics_avg_maturity": "40",
      "metrics_macaulay": "40",
      "metrics_mod_duration": "40",
      "metrics_ytm": "40",
      "min_addl_amt": "40",
      "min_addl_amt_multiple": "40",
      "min_amt": "40",
      "min_amt_multiple": "40",
      "monthly_aaum_date": "40",
      "monthly_aaum_value": "40",
      "mutual_fund_name": "40",
      "scheme_launch_date": "40"
     }
    ],
    "fund_manager": [
     {
      "managing_fund_since": "inception",
      "name": "Mr. Piyush Baranwal",
      "qualification": "",
      "total_exp": "17 years"
     }
    ],
    "load": [
     {
      "comment": ": # Nil",
      "type": "entry"
     },
     {
      "comment": "Nil #",
      "type": "exit"
     }
    ],
    "main_scheme_name": "WhiteOak Capital Ultra Short Duration Fund",
    "metrics": [
     {
      "name": "ytm",
      "value": "7.24%"
     },
     {
      "name": "mod_duration",
      "value": "0.41"
     },
     {
      "name": "avg_maturity",
      "value": "0.44"
     },
     {
      "name": "macaulay",
      "value": "0.44"
     }
    ],
    "min_addl_amt": "2,000",
    "min_addl_amt_multiple": "1",
    "min_amt": "500",
    "min_amt_multiple": "1",
    "monthly_aaum_date": "20250331",
    "monthly_aaum_value": "387.48 Crore",
    "mutual_fund_name": "WhiteOak Capital Mutual Fund",
    "scheme_launch_date": "20190606"
   }
  }
 ]
}