{
 "metadata": {
  "document_name": "57_31-Mar-25_FS.pdf",
  "file_type": "fs",
  "process_date": "20250411"
 },
 "records": [
  {
   "value": {
    "amc_name": "NJ Asset Management Private Limited",
    "benchmark_index": [
     "NIFTY 500 TRI Tier 2 Benchmark: Nifty 500 Quality 50 TRI"
    ],
    "field_location": [
     {
      "amc_name": "2",
      "benchmark_index": "2",
      "count": 5,
      "fund_manager_managing_fund_since": "2",
      "fund_manager_name": "2",
      "fund_manager_total_exp": "2",
      "load_entry": "2",
      "load_exit": "2",
      "main_scheme_name": "2",
      "metrics_port_turnover_ratio": "2",
      "min_addl_amt": "2",
      "min_addl_amt_multiple": "2",
      "min_amt": "2",
      "min_amt_multiple": "2",
      "monthly_aaum_date": "2",
      "monthly_aaum_value": "2",
      "mutual_fund_name": "2",
      "scheme_launch_date": "2"
     }
    ],
    "fund_manager": [
     {
      "managing_fund_since": "september 6, 2023 ",
      "name": "Mr. Dhaval Patel",
      "qualification": "",
      "total_exp": "17 years"
     },
     {
      "managing_fund_since": "may 1, 2024",
      "name": "Mr. Viral Shah",
      "qualification": "",
      "total_exp": "20 years"
     }
    ],
    "load": [
     {
      "comment": "NA",
      "type": "entry"
     },
     {
      "comment": "1. Nil Exit load – for 5% of the units upto completion of 30 days  The “First In First Out (FIFO)” logic will be applied while selecting the units for redemption  Waiver of Exit load is calculated for each inflow transaction separately on FIFO basis and not on the total units through multiple inflows  The load free units from purchases made subsequent to the initial purchase will be available only after redeeming all units from the initial purchase 2. All units redeemed /switched-out in excess of the 5% load free units will be subject to the below mentioned exit load.  1.00% - if Units are redeemed/switched-out on or before 30 days from the date of allotment  Nil - if redeemed after 30 days from the date of allotment. Tier 1",
      "type": "exit"
     }
    ],
    "main_scheme_name": "NJ FLEXI CAP FUND",
    "metrics": [
     {
      "name": "port_turnover_ratio",
      "value": "0.97"
     }
    ],
    "min_addl_amt": "INR 500",
    "min_addl_amt_multiple": "INR 1",
    "min_amt": "INR 500",
    "min_amt_multiple": "INR 1",
    "monthly_aaum_date": "20250331",
    "monthly_aaum_value": "1923.83 Crores",
    "mutual_fund_name": "NJ Mutual Fund",
    "scheme_launch_date": "20230905"
   }
  },
  {
   "value": {
    "amc_name": "NJ Asset Management Private Limited",
    "benchmark_index": [
     "NIFTY 500 TRI Tier 2 Benchmark: Nifty MidSmallcap400 Momentum"
    ],
    "field_location": [
     {
      "amc_name": "4",
      "benchmark_index": "4",
      "count": 5,
      "fund_manager_managing_fund_since": "4",
      "fund_manager_name": "4",
      "fund_manager_total_exp": "4",
      "load_entry": "4",
      "load_exit": "4",
      "main_scheme_name": "4",
      "metrics_port_turnover_ratio": "4",
      "min_addl_amt": "4",
      "min_addl_amt_multiple": "4",
      "min_amt": "4",
      "min_amt_multiple": "4",
      "monthly_aaum_date": "4",
      "monthly_aaum_value": "4",
      "mutual_fund_name": "4",
      "scheme_launch_date": "4"
     }
    ],
    "fund_manager": [
     {
      "managing_fund_since": "june 19, 2023",
      "name": "Mr. Viral Shah",
      "qualification": "",
      "total_exp": "20 years"
     },
     {
      "managing_fund_since": "",
      "name": "Mr. Dhaval Patel",
      "qualification": "",
      "total_exp": "17 years"
     }
    ],
    "load": [
     {
      "comment": "NA",
      "type": "entry"
     },
     {
      "comment": "Nil Tier 1",
      "type": "exit"
     }
    ],
    "main_scheme_name": "NJ ELSS TAX SAVER SCHEME ",
    "metrics": [
     {
      "name": "port_turnover_ratio",
      "value": "0.90"
     }
    ],
    "min_addl_amt": "INR 500",
    "min_addl_amt_multiple": "INR 500",
    "min_amt": "INR 500",
    "min_amt_multiple": "INR 500",
    "monthly_aaum_date": "20250331",
    "monthly_aaum_value": "238.28 Crores",
    "mutual_fund_name": "NJ Mutual Fund",
    "scheme_launch_date": "20230616"
   }
  },
  {
   "value": {
    "amc_name": "NJ Asset Management Private Limited",
    "benchmark_index": [
     "NIFTY 50 Hybrid Composite Debt 50:50 Index"
    ],
    "field_location": [
     {
      "amc_name": "6",
      "benchmark_index": "6",
      "count": 5,
      "fund_manager_managing_fund_since": "6",
      "fund_manager_name": "6",
      "fund_manager_total_exp": "6",
      "load_entry": "6",
      "load_exit": "6",
      "main_scheme_name": "6",
      "metrics_avg_maturity": "6",
      "metrics_beta": "6",
      "metrics_macaulay": "6",
      "metrics_mod_duration": "6",
      "metrics_port_turnover_ratio": "6",
      "metrics_sharpe": "6",
      "metrics_std_dev": "6",
      "metrics_ytm": "6",
      "min_addl_amt": "6",
      "min_addl_amt_multiple": "6",
      "min_amt": "6",
      "min_amt_multiple": "6",
      "monthly_aaum_date": "6",
      "monthly_aaum_value": "6",
      "mutual_fund_name": "6",
      "scheme_launch_date": "6"
     }
    ],
    "fund_manager": [
     {
      "managing_fund_since": "october 20, 2022",
      "name": "Mr. Viral Shah",
      "qualification": "",
      "total_exp": "20 years"
     },
     {
      "managing_fund_since": "march 8, 2023",
      "name": "Mr. Dhaval Patel",
      "qualification": "",
      "total_exp": "17 years"
     }
    ],
    "load": [
     {
      "comment": "NA",
      "type": "entry"
     },
     {
      "comment": "1. NIL Exit load – for 5% of the units upto completion of 30 days  The “First In First Out (FIFO)” logic will be applied while selecting the units for redemption  Waiver of Exit load is calculated for each inflow transaction separately on FIFO basis and not on the total units through multiple inflows  The load free units from purchases made subsequent to the initial purchase will be available only after redeeming all units from the initial purchase 2. All units redeemed /switched-out in excess of the 5% load free units will be subject to the below mentioned exit load.  1.00% - if Units are redeemed/switched-out on or before 30 days from the date of allotment  Nil - if redeemed after 30 days from the date of allotment. Tier 1",
      "type": "exit"
     }
    ],
    "main_scheme_name": "NJ BALANCED ADVANTAGE FUND",
    "metrics": [
     {
      "name": "sharpe",
      "value": "0.25"
     },
     {
      "name": "std_dev",
      "value": "9.34"
     },
     {
      "name": "beta",
      "value": "1.17"
     },
     {
      "name": "ytm",
      "value": "6.32%"
     },
     {
      "name": "port_turnover_ratio",
      "value": "3.56"
     },
     {
      "name": "mod_duration",
      "value": "111 Days"
     },
     {
      "name": "avg_maturity",
      "value": "115 Days"
     },
     {
      "name": "macaulay",
      "value": "115 Days"
     }
    ],
    "min_addl_amt": "INR 500",
    "min_addl_amt_multiple": "INR 1",
    "min_amt": "INR 500",
    "min_amt_multiple": "INR\n1",
    "monthly_aaum_date": "20250331",
    "monthly_aaum_value": "3663.32 Crores",
    "mutual_fund_name": "NJ Mutual Fund",
    "scheme_launch_date": "20211029"
   }
  },
  {
   "value": {
    "amc_name": "NJ Asset Management Private Limited",
    "benchmark_index": [
     "Nifty 50 Arbitrage Index ",
     "Additional Benchmark: NIFTY 1 Year T-Bill Index"
    ],
    "field_location": [
     {
      "amc_name": "8",
      "benchmark_index": "8",
      "count": 5,
      "fund_manager_managing_fund_since": "8",
      "fund_manager_name": "8",
      "fund_manager_total_exp": "8",
      "load_entry": "8",
      "load_exit": "8",
      "main_scheme_name": "8",
      "metrics_avg_maturity": "8",
      "metrics_macaulay": "8",
      "metrics_mod_duration": "8",
      "metrics_port_turnover_ratio": "8",
      "metrics_ytm": "8",
      "min_addl_amt": "8",
      "min_addl_amt_multiple": "8",
      "min_amt": "8",
      "min_amt_multiple": "8",
      "monthly_aaum_date": "8",
      "monthly_aaum_value": "8",
      "mutual_fund_name": "8",
      "scheme_launch_date": "8"
     }
    ],
    "fund_manager": [
     {
      "managing_fund_since": "march 8, 2023",
      "name": "Mr. Dhaval Patel",
      "qualification": "",
      "total_exp": "17 years"
     },
     {
      "managing_fund_since": "december 3, 2024",
      "name": "Mr. Viral Shah",
      "qualification": "",
      "total_exp": "20 years"
     }
    ],
    "load": [
     {
      "comment": "NA",
      "type": "entry"
     },
     {
      "comment": "NIL Tier 1",
      "type": "exit"
     }
    ],
    "main_scheme_name": "NJ ARBITRAGE FUND",
    "metrics": [
     {
      "name": "ytm",
      "value": "6.49%"
     },
     {
      "name": "port_turnover_ratio",
      "value": "9.26"
     },
     {
      "name": "mod_duration",
      "value": "83 Days"
     },
     {
      "name": "avg_maturity",
      "value": "87 Days"
     },
     {
      "name": "macaulay",
      "value": "86 Days"
     }
    ],
    "min_addl_amt": "INR 500",
    "min_addl_amt_multiple": "INR 1",
    "min_amt": "INR 5000",
    "min_amt_multiple": "INR 1",
    "monthly_aaum_date": "20250331",
    "monthly_aaum_value": "292.60 Crores",
    "mutual_fund_name": "NJ Mutual Fund",
    "scheme_launch_date": "20220801"
   }
  },
  {
   "value": {
    "amc_name": "NJ Asset Management Private Limited",
    "benchmark_index": [
     "NIFTY 1D Rate Index ",
     "Additional Benchmark: NIFTY 1 Year T-Bill Index"
    ],
    "field_location": [
     {
      "amc_name": "10",
      "benchmark_index": "10",
      "count": 5,
      "fund_manager_name": "10",
      "fund_manager_total_exp": "10",
      "load_entry": "10",
      "load_exit": "10",
      "main_scheme_name": "10",
      "metrics_avg_maturity": "10",
      "metrics_macaulay": "10",
      "metrics_mod_duration": "10",
      "metrics_ytm": "10",
      "min_addl_amt": "10",
      "min_addl_amt_multiple": "10",
      "min_amt": "10",
      "min_amt_multiple": "10",
      "monthly_aaum_date": "10",
      "monthly_aaum_value": "10",
      "mutual_fund_name": "10",
      "scheme_launch_date": "10"
     }
    ],
    "fund_manager": [
     {
      "managing_fund_since": "",
      "name": "Mr. Viral Shah",
      "qualification": "",
      "total_exp": "20 years"
     },
     {
      "managing_fund_since": "",
      "name": "Mr. Dhaval Patel",
      "qualification": "",
      "total_exp": "17 years"
     }
    ],
    "load": [
     {
      "comment": "NA",
      "type": "entry"
     },
     {
      "comment": "Nil Tier 1",
      "type": "exit"
     }
    ],
    "main_scheme_name": "NJ OVERNIGHT FUND",
    "metrics": [
     {
      "name": "ytm",
      "value": "6.85%"
     },
     {
      "name": "mod_duration",
      "value": "2 Days"
     },
     {
      "name": "avg_maturity",
      "value": "2 Days"
     },
     {
      "name": "macaulay",
      "value": "2 Days"
     }
    ],
    "min_addl_amt": "INR 500",
    "min_addl_amt_multiple": "INR 1",
    "min_amt": "INR 5000",
    "min_amt_multiple": "INR 1",
    "monthly_aaum_date": "20250331",
    "monthly_aaum_value": "204.82 Crores",
    "mutual_fund_name": "NJ Mutual Fund",
    "scheme_launch_date": "20220801"
   }
  }
 ]
}