{
 "metadata": {
  "document_name": "58_31-Mar-25_FS.pdf",
  "file_type": "fs",
  "process_date": "20250402"
 },
 "records": [
  {
   "value": {
    "amc_name": "Samco Asset Management Private Limited",
    "benchmark_index": [
     "Nifty 500 TRI"
    ],
    "field_location": [
     {
      "amc_name": "4",
      "benchmark_index": "4",
      "count": 10,
      "fund_manager_managing_fund_since": "4",
      "fund_manager_name": "4",
      "fund_manager_total_exp": "4",
      "load_entry": "4",
      "load_exit": "4",
      "main_scheme_name": "4",
      "metrics_port_turnover_ratio": "4",
      "min_addl_amt": "4",
      "min_addl_amt_multiple": "4",
      "min_amt": "4",
      "min_amt_multiple": "4",
      "monthly_aaum_date": "4",
      "monthly_aaum_value": "4",
      "mutual_fund_name": "4",
      "scheme_launch_date": "4"
     }
    ],
    "fund_manager": [
     {
      "managing_fund_since": "august 01, 2023",
      "name": "Mr. Umeshkumar Mehta",
      "qualification": "",
      "total_exp": "20 years"
     },
     {
      "managing_fund_since": "february 19, 2025",
      "name": "Mrs. Nirali Bhansali",
      "qualification": "",
      "total_exp": "9 years"
     },
     {
      "managing_fund_since": "inception",
      "name": "Mr. Dhawal Ghanshyam Dhanani",
      "qualification": "",
      "total_exp": "6 years"
     }
    ],
    "load": [
     {
      "comment": "NIL",
      "type": "entry"
     },
     {
      "comment": ": 1.00% If the investment is redeemed or switched out on or before 365 days from the date of allotment of units. No Exit Load will be charged if investment is redeemed or switched out after 365 days from the date of allotment of units.",
      "type": "exit"
     }
    ],
    "main_scheme_name": "Samco Active Momentum Fund",
    "metrics": [
     {
      "name": "port_turnover_ratio",
      "value": "7.08 time"
     }
    ],
    "min_addl_amt": "₹500",
    "min_addl_amt_multiple": "₹1",
    "min_amt": "₹5000",
    "min_amt_multiple": "₹1",
    "monthly_aaum_date": "31 ST MARCH 2025",
    "monthly_aaum_value": "12",
    "mutual_fund_name": "Samco Mutual Fund",
    "scheme_launch_date": "20230705"
   }
  },
  {
   "value": {
    "amc_name": "Samco Asset Management Private Limited",
    "benchmark_index": [
     "NIFTY50 Hybrid Composite Debt 50: 50 Index"
    ],
    "field_location": [
     {
      "amc_name": "6",
      "benchmark_index": "6",
      "count": 10,
      "fund_manager_managing_fund_since": "6",
      "fund_manager_name": "6",
      "fund_manager_total_exp": "6",
      "load_entry": "6",
      "load_exit": "6",
      "main_scheme_name": "6",
      "metrics_avg_maturity": "6",
      "metrics_macaulay": "6",
      "metrics_mod_duration": "6",
      "metrics_net_equity_level": "6",
      "metrics_port_turnover_ratio": "6",
      "metrics_ytm": "6",
      "min_addl_amt": "6",
      "min_addl_amt_multiple": "6",
      "min_amt": "6",
      "min_amt_multiple": "6",
      "monthly_aaum_date": "6",
      "monthly_aaum_value": "6",
      "mutual_fund_name": "6",
      "scheme_launch_date": "6"
     }
    ],
    "fund_manager": [
     {
      "managing_fund_since": "inception",
      "name": "Mr. Umeshkumar Mehta",
      "qualification": "",
      "total_exp": "20 years"
     },
     {
      "managing_fund_since": "february 19, 2025",
      "name": "Mrs. Nirali Bhansali",
      "qualification": "",
      "total_exp": "9 years"
     },
     {
      "managing_fund_since": "inception",
      "name": "Mr. Dhawal Ghanshyam Dhanani",
      "qualification": "",
      "total_exp": "6 years"
     }
    ],
    "load": [
     {
      "comment": "NIL",
      "type": "entry"
     },
     {
      "comment": "25% of the units allotted may be redeemed without any exit load, on or before completion of 12 months from the date of allotment of units. Any redemption in excess of such limit in the first 12 months from the date of allotment shall be subject to the following exit load: • 1% if redeemed or switched out on or before completion of 12 months from the date of allotment of units; • Nil, if redeemed or switched out after completion of 12 months from the date of allotment of unit.",
      "type": "exit"
     }
    ],
    "main_scheme_name": "Samco Dynamic Asset Allocation Fund",
    "metrics": [
     {
      "name": "ytm",
      "value": "6.20%"
     },
     {
      "name": "port_turnover_ratio",
      "value": "8.95 time"
     },
     {
      "name": "mod_duration",
      "value": "0.57 years"
     },
     {
      "name": "avg_maturity",
      "value": "0.63 years"
     },
     {
      "name": "macaulay",
      "value": "0.58 years"
     },
     {
      "name": "net_equity_level",
      "value": "68.67%"
     }
    ],
    "min_addl_amt": "₹500",
    "min_addl_amt_multiple": "₹1",
    "min_amt": "₹5000",
    "min_amt_multiple": "₹1",
    "monthly_aaum_date": "31 ST MARCH 2025",
    "monthly_aaum_value": "₹ 507.01 Crs",
    "mutual_fund_name": "Samco Mutual Fund",
    "scheme_launch_date": "20231228"
   }
  },
  {
   "value": {
    "amc_name": "Samco Asset Management Private Limited",
    "benchmark_index": [
     "Nifty 500 TRI"
    ],
    "field_location": [
     {
      "amc_name": "8",
      "benchmark_index": "8",
      "count": 10,
      "fund_manager_managing_fund_since": "8",
      "fund_manager_name": "8",
      "fund_manager_total_exp": "8",
      "load_entry": "8",
      "load_exit": "8",
      "main_scheme_name": "8",
      "metrics_beta": "8",
      "metrics_port_turnover_ratio": "8",
      "metrics_sharpe": "8",
      "metrics_std_dev": "8",
      "min_addl_amt": "8",
      "min_addl_amt_multiple": "8",
      "min_amt": "8",
      "min_amt_multiple": "8",
      "monthly_aaum_date": "8",
      "monthly_aaum_value": "8",
      "mutual_fund_name": "8",
      "scheme_launch_date": "8"
     }
    ],
    "fund_manager": [
     {
      "managing_fund_since": "august 01, 2023",
      "name": "Mr. Umeshkumar Mehta",
      "qualification": "",
      "total_exp": "20 years"
     },
     {
      "managing_fund_since": "inception",
      "name": "Mrs. Nirali Bhansali",
      "qualification": "",
      "total_exp": "9 years"
     },
     {
      "managing_fund_since": "inception",
      "name": "Mr. Dhawal Ghanshyam Dhanani",
      "qualification": "",
      "total_exp": "6 years"
     }
    ],
    "load": [
     {
      "comment": "NIL",
      "type": "entry"
     },
     {
      "comment": "10% of the units allotted may be redeemed without any exit load, on or before completion of 12 months from the date of allotment of units. Any redemption in excess of such limit in the first 12 months from the date of allotment shall be subject to the following exit load: • 1% if redeemed or switched out on or before completion of 12 months from the date of allotment of units; • Nil, if redeemed or switched out after completion of 12 months from the date of allotment of unit.",
      "type": "exit"
     }
    ],
    "main_scheme_name": "Samco Flexi Cap Fund",
    "metrics": [
     {
      "name": "sharpe",
      "value": "0.47"
     },
     {
      "name": "std_dev",
      "value": "19.26%"
     },
     {
      "name": "beta",
      "value": "1.10"
     },
     {
      "name": "port_turnover_ratio",
      "value": "2.54 time"
     }
    ],
    "min_addl_amt": "₹500",
    "min_addl_amt_multiple": "₹1",
    "min_amt": "₹5,000",
    "min_amt_multiple": "₹1",
    "monthly_aaum_date": "31 ST MARCH 2025",
    "monthly_aaum_value": "12",
    "mutual_fund_name": "Samco Mutual Fund",
    "scheme_launch_date": "20220204"
   }
  },
  {
   "value": {
    "amc_name": "Samco Asset Management Private Limited",
    "benchmark_index": [
     "Nifty 500 Multicap 50:25:25 Total Returns Index"
    ],
    "field_location": [
     {
      "amc_name": "10",
      "benchmark_index": "10",
      "count": 10,
      "fund_manager_managing_fund_since": "10",
      "fund_manager_name": "10",
      "fund_manager_total_exp": "10",
      "load_entry": "10",
      "load_exit": "10",
      "main_scheme_name": "10",
      "metrics_net_equity_level": "10",
      "min_addl_amt": "10",
      "min_addl_amt_multiple": "10",
      "min_amt": "10",
      "min_amt_multiple": "10",
      "monthly_aaum_date": "10",
      "monthly_aaum_value": "10",
      "mutual_fund_name": "10",
      "scheme_launch_date": "10"
     }
    ],
    "fund_manager": [
     {
      "managing_fund_since": "inception",
      "name": "Mr. Umeshkumar Mehta",
      "qualification": "",
      "total_exp": "20 years"
     },
     {
      "managing_fund_since": "february 19, 2025",
      "name": "Mrs. Nirali Bhansali",
      "qualification": "",
      "total_exp": "9 years"
     },
     {
      "managing_fund_since": "inception",
      "name": "Mr. Dhawal Ghanshyam Dhanani",
      "qualification": "",
      "total_exp": "6 years"
     }
    ],
    "load": [
     {
      "comment": "NIL",
      "type": "entry"
     },
     {
      "comment": "10% of units can be redeemed without an exit load within 12 months of allotment. Any redemption in excess of such limit in the first 12 months will incur 1% exit load. No exit load, if redeemed or switched out after 12 months from the date of allotment of unit.",
      "type": "exit"
     }
    ],
    "main_scheme_name": "Samco Multi Cap Fund",
    "metrics": [
     {
      "name": "net_equity_level",
      "value": "68.73%"
     }
    ],
    "min_addl_amt": "₹500",
    "min_addl_amt_multiple": "₹1",
    "min_amt": "₹5,000",
    "min_amt_multiple": "₹1",
    "monthly_aaum_date": "31 ST MARCH 2025",
    "monthly_aaum_value": "₹345.20 Crs",
    "mutual_fund_name": "Samco Mutual Fund",
    "scheme_launch_date": "20241030"
   }
  },
  {
   "value": {
    "amc_name": "Samco Asset Management Private Limited",
    "benchmark_index": [
     "65% Nifty 50 TRI + 20% CRISIL Short Term Bond Fund Index + 10% Domestic Price of"
    ],
    "field_location": [
     {
      "amc_name": "12",
      "benchmark_index": "12",
      "count": 10,
      "fund_manager_managing_fund_since": "12",
      "fund_manager_name": "12",
      "fund_manager_total_exp": "12",
      "load_entry": "12",
      "load_exit": "12",
      "main_scheme_name": "12",
      "metrics_avg_maturity": "12",
      "metrics_macaulay": "12",
      "metrics_mod_duration": "12",
      "metrics_net_equity_level": "12",
      "metrics_ytm": "12",
      "min_addl_amt": "12",
      "min_addl_amt_multiple": "12",
      "min_amt": "12",
      "min_amt_multiple": "12",
      "monthly_aaum_date": "12",
      "monthly_aaum_value": "12",
      "mutual_fund_name": "12",
      "scheme_launch_date": "12"
     }
    ],
    "fund_manager": [
     {
      "managing_fund_since": "inception",
      "name": "Mr. Umeshkumar Mehta",
      "qualification": "",
      "total_exp": "20 years"
     },
     {
      "managing_fund_since": "inception",
      "name": "Mrs. Nirali Bhansali",
      "qualification": "",
      "total_exp": "9 years"
     },
     {
      "managing_fund_since": "inception",
      "name": "Mr. Dhawal Ghanshyam Dhanani",
      "qualification": "",
      "total_exp": "6 years"
     }
    ],
    "load": [
     {
      "comment": "NIL",
      "type": "entry"
     },
     {
      "comment": "10% of units can be redeemed without an exit load within 12 months of allotment. Any redemption in excess of such limit in the first 12 months will incur 1% exit load. No exit load, if redeemed or switched out after 12 months from the date of allotment of unit.",
      "type": "exit"
     }
    ],
    "main_scheme_name": "Samco Multi Asset Allocation Fund",
    "metrics": [
     {
      "name": "ytm",
      "value": "6.30%"
     },
     {
      "name": "mod_duration",
      "value": "0.59 years"
     },
     {
      "name": "avg_maturity",
      "value": "0.65 years"
     },
     {
      "name": "macaulay",
      "value": "0.61 years"
     },
     {
      "name": "net_equity_level",
      "value": "21.10%"
     }
    ],
    "min_addl_amt": "₹500",
    "min_addl_amt_multiple": "₹1",
    "min_amt": "₹5,000",
    "min_amt_multiple": "₹1",
    "monthly_aaum_date": "31 ST MARCH 2025",
    "monthly_aaum_value": "₹230.09 Crs",
    "mutual_fund_name": "Samco Mutual Fund",
    "scheme_launch_date": "20241224"
   }
  },
  {
   "value": {
    "amc_name": "Samco Asset Management Private Limited",
    "benchmark_index": [
     "Nifty 100 Total Returns Index"
    ],
    "field_location": [
     {
      "amc_name": "14",
      "benchmark_index": "14",
      "count": 10,
      "fund_manager_managing_fund_since": "14",
      "fund_manager_name": "14",
      "fund_manager_total_exp": "14",
      "load_entry": "14",
      "load_exit": "14",
      "main_scheme_name": "14",
      "metrics_mod_duration": "14",
      "metrics_net_equity_level": "14",
      "min_addl_amt": "14",
      "min_addl_amt_multiple": "14",
      "min_amt": "14",
      "min_amt_multiple": "14",
      "monthly_aaum_date": "14",
      "monthly_aaum_value": "14",
      "mutual_fund_name": "14",
      "scheme_launch_date": "14"
     }
    ],
    "fund_manager": [
     {
      "managing_fund_since": "inception",
      "name": "Mr. Umeshkumar Mehta",
      "qualification": "",
      "total_exp": "20 years"
     },
     {
      "managing_fund_since": "inception",
      "name": "Mrs. Nirali Bhansali",
      "qualification": "",
      "total_exp": "9 years"
     },
     {
      "managing_fund_since": "inception",
      "name": "Mr. Dhawal Ghanshyam Dhanani",
      "qualification": "",
      "total_exp": "6 years"
     }
    ],
    "load": [
     {
      "comment": "NIL",
      "type": "entry"
     },
     {
      "comment": "10% of units can be redeemed without an exit load within 12 months of allotment. Any redemption in excess of such limit in the first 12 months will incur 1% exit load. No exit load, if redeemed or switched out after 12 months from the date of allotment of unit.",
      "type": "exit"
     }
    ],
    "main_scheme_name": "Samco Large Cap Fund",
    "metrics": [
     {
      "name": "mod_duration",
      "value": "14"
     },
     {
      "name": "net_equity_level",
      "value": "99.08%"
     }
    ],
    "min_addl_amt": "₹500",
    "min_addl_amt_multiple": "₹1",
    "min_amt": "₹5,000",
    "min_amt_multiple": "₹1",
    "monthly_aaum_date": "31 ST MARCH 2025",
    "monthly_aaum_value": "₹149.26 Crs",
    "mutual_fund_name": "Samco Mutual Fund",
    "scheme_launch_date": "20250325"
   }
  },
  {
   "value": {
    "amc_name": "Samco Asset Management Private Limited",
    "benchmark_index": [
     "Nifty 500 TRI"
    ],
    "field_location": [
     {
      "amc_name": "16",
      "benchmark_index": "16",
      "count": 10,
      "fund_manager_managing_fund_since": "16",
      "fund_manager_name": "16",
      "fund_manager_total_exp": "16",
      "load_entry": "16",
      "load_exit": "16",
      "main_scheme_name": "16",
      "min_addl_amt": "16",
      "min_addl_amt_multiple": "16",
      "min_amt": "16",
      "min_amt_multiple": "16",
      "monthly_aaum_date": "16",
      "monthly_aaum_value": "16",
      "mutual_fund_name": "16",
      "scheme_launch_date": "16"
     }
    ],
    "fund_manager": [
     {
      "managing_fund_since": "inception",
      "name": "Mr. Umeshkumar Mehta",
      "qualification": "",
      "total_exp": "20 years"
     },
     {
      "managing_fund_since": "february 19, 2025",
      "name": "Mrs. Nirali Bhansali",
      "qualification": "",
      "total_exp": "9 years"
     },
     {
      "managing_fund_since": "inception",
      "name": "Mr. Dhawal Ghanshyam Dhanani",
      "qualification": "",
      "total_exp": "6 years"
     }
    ],
    "load": [
     {
      "comment": "NIL",
      "type": "entry"
     },
     {
      "comment": "1.00% If the investment is redeemed or switched out on or before 365 days from the date of allotment of units. No Exit Load will be charged if investment is redeemed or switched out after 365 days from the date of allotment of units.",
      "type": "exit"
     }
    ],
    "main_scheme_name": "Samco Special Opportunities Fund",
    "min_addl_amt": "₹500",
    "min_addl_amt_multiple": "₹1",
    "min_amt": "₹5000",
    "min_amt_multiple": "₹1",
    "monthly_aaum_date": "31 ST MARCH 2025",
    "monthly_aaum_value": "₹ 147.67 Crs",
    "mutual_fund_name": "Samco Mutual Fund",
    "scheme_launch_date": "20240606"
   }
  },
  {
   "value": {
    "amc_name": "Samco Asset Management Private Limited",
    "benchmark_index": [
     "Nifty 500 TRI"
    ],
    "field_location": [
     {
      "amc_name": "18",
      "benchmark_index": "18",
      "count": 10,
      "fund_manager_managing_fund_since": "18",
      "fund_manager_name": "18",
      "fund_manager_total_exp": "18",
      "load_entry": "18",
      "load_exit": "18",
      "main_scheme_name": "18",
      "metrics_port_turnover_ratio": "18",
      "min_addl_amt": "18",
      "min_addl_amt_multiple": "18",
      "min_amt": "18",
      "min_amt_multiple": "18",
      "monthly_aaum_date": "18",
      "monthly_aaum_value": "18",
      "mutual_fund_name": "18",
      "scheme_launch_date": "18"
     }
    ],
    "fund_manager": [
     {
      "managing_fund_since": "august 01, 2023",
      "name": "Mr. Umeshkumar Mehta",
      "qualification": "",
      "total_exp": "20 years"
     },
     {
      "managing_fund_since": "inception",
      "name": "Mrs. Nirali Bhansali",
      "qualification": "",
      "total_exp": "9 years"
     },
     {
      "managing_fund_since": "inception",
      "name": "Mr. Dhawal Ghanshyam Dhanani",
      "qualification": "",
      "total_exp": "6 years"
     }
    ],
    "load": [
     {
      "comment": "NIL",
      "type": "entry"
     },
     {
      "comment": "NIL",
      "type": "exit"
     }
    ],
    "main_scheme_name": "Samco ELSS Tax Saver Fund",
    "metrics": [
     {
      "name": "port_turnover_ratio",
      "value": "1.91 time"
     }
    ],
    "min_addl_amt": "₹500",
    "min_addl_amt_multiple": "₹500",
    "min_amt": "₹500",
    "min_amt_multiple": "₹500",
    "monthly_aaum_date": "31 ST MARCH 2025",
    "monthly_aaum_value": "12",
    "mutual_fund_name": "Samco Mutual Fund",
    "scheme_launch_date": "20221222"
   }
  },
  {
   "value": {
    "amc_name": "Samco Asset Management Private Limited",
    "benchmark_index": [
     "CRISIL Liquid Overnight Index"
    ],
    "field_location": [
     {
      "amc_name": "20",
      "benchmark_index": "20",
      "count": 10,
      "fund_manager_managing_fund_since": "20",
      "fund_manager_name": "20",
      "fund_manager_total_exp": "20",
      "load_entry": "20",
      "load_exit": "20",
      "main_scheme_name": "20",
      "metrics_avg_maturity": "20",
      "metrics_macaulay": "20",
      "metrics_mod_duration": "20",
      "metrics_ytm": "20",
      "min_addl_amt": "20",
      "min_addl_amt_multiple": "20",
      "min_amt": "20",
      "min_amt_multiple": "20",
      "monthly_aaum_date": "20",
      "monthly_aaum_value": "20",
      "mutual_fund_name": "20",
      "scheme_launch_date": "20"
     }
    ],
    "fund_manager": [
     {
      "managing_fund_since": "april 03, 2024",
      "name": "Mr. Umeshkumar Mehta",
      "qualification": "",
      "total_exp": "20 years"
     },
     {
      "managing_fund_since": "february 19, 2025",
      "name": "Mrs. Nirali Bhansali",
      "qualification": "",
      "total_exp": "9 years"
     },
     {
      "managing_fund_since": "inception",
      "name": "Mr. Dhawal Ghanshyam Dhanani",
      "qualification": "",
      "total_exp": "6 years"
     }
    ],
    "load": [
     {
      "comment": "NIL",
      "type": "entry"
     },
     {
      "comment": "NIL",
      "type": "exit"
     }
    ],
    "main_scheme_name": "Samco Overnight Fund",
    "metrics": [
     {
      "name": "ytm",
      "value": "6.11%"
     },
     {
      "name": "mod_duration",
      "value": "2 days"
     },
     {
      "name": "avg_maturity",
      "value": "1 day"
     },
     {
      "name": "macaulay",
      "value": "2 days"
     }
    ],
    "min_addl_amt": "₹500",
    "min_addl_amt_multiple": "₹1",
    "min_amt": "₹5,000",
    "min_amt_multiple": "₹1",
    "monthly_aaum_date": "31 ST MARCH 2025",
    "monthly_aaum_value": "₹54.88 Crs",
    "mutual_fund_name": "Samco Mutual Fund",
    "scheme_launch_date": "20221012"
   }
  },
  {
   "value": {
    "amc_name": "Samco Asset Management Private Limited",
    "benchmark_index": [
     "Nifty 50 Arbitrage TRI"
    ],
    "field_location": [
     {
      "amc_name": "21",
      "benchmark_index": "21",
      "count": 10,
      "fund_manager_managing_fund_since": "21",
      "fund_manager_name": "21",
      "fund_manager_total_exp": "21",
      "load_entry": "21",
      "load_exit": "21",
      "main_scheme_name": "21",
      "min_addl_amt": "21",
      "min_addl_amt_multiple": "21",
      "min_amt": "21",
      "min_amt_multiple": "21",
      "monthly_aaum_date": "21",
      "mutual_fund_name": "21",
      "scheme_launch_date": "21"
     }
    ],
    "fund_manager": [
     {
      "managing_fund_since": "inception",
      "name": "Mr. Umeshkumar Mehta",
      "qualification": "",
      "total_exp": "20 years"
     },
     {
      "managing_fund_since": "february 19, 2025",
      "name": "Mrs. Nirali Bhansali",
      "qualification": "",
      "total_exp": "9 years"
     },
     {
      "managing_fund_since": "inception",
      "name": "Mr. Dhawal Ghanshyam Dhanani",
      "qualification": "",
      "total_exp": "6 years"
     }
    ],
    "load": [
     {
      "comment": "NIL",
      "type": "entry"
     },
     {
      "comment": "0.25% If the investment is redeemed or switched out on or before 7 days from the date of allotment of units; No Exit Load will be charged if investment is redeemed or switched out after 7 days from the date of allotment of units.",
      "type": "exit"
     }
    ],
    "main_scheme_name": "Samco Arbitrage Fund",
    "min_addl_amt": "₹500",
    "min_addl_amt_multiple": "₹1",
    "min_amt": "₹5000",
    "min_amt_multiple": "₹1",
    "monthly_aaum_date": "31 ST MARCH 2025",
    "mutual_fund_name": "Samco Mutual Fund",
    "scheme_launch_date": "20241127"
   }
  }
 ]
}