{
    "metadata": {
        "document_name": "1747199772321.pdf",
        "file_type": "sid",
        "process_date": "20250529"
    },
    "value": {
        "amc_name": "Unifi Asset Management Limited",
        "benchmark_index": "Tier 1 \u2013 Nifty 500 TRI",
        "close_date": ": 30.05.2025",
        "face_value": "Rs.10",
        "field_location": {
            "benchmark_index": 5,
            "close_date": 0,
            "fund_manager": 26,
            "load": 5,
            "main_scheme_name": 5,
            "min_addl_amt": 5,
            "min_addl_amt_multiple": 5,
            "min_amt": 5,
            "min_amt_multiple": 5,
            "offer_price": 5,
            "open_date": 0,
            "scheme_code": 5,
            "scheme_objective": 5,
            "suitable_for_investors": 0,
            "type_of_scheme": 5
        },
        "fund_manager": [
            {
                "name": "Saravanan V N",
                "experience": "24 years",
                "qualification": "B. Com., C.A."
            },
            {
                "name": "Aejas Lakhani",
                "experience": "13 years",
                "qualification": "M.A(Economics) M. Com, MBA"
            },
            {
                "name": "Karthik Srinivas",
                "experience": "10 years",
                "qualification": "CA, CFA"
            },
            {
                "name": "Aman Reddy",
                "experience": "",
                "qualification": "B.Sc. in Finance and a B.Sc. in Economics,"
            }
        ],
        "load": [
            {
                "comment": "Nil",
                "type": "entry_load",
                "value": ""
            },
            {
                "comment": "In respect of each purchase of units via Lumpsum /Switch In/ Systematic  Investment  Plan  (SIP)  and  Systematic  Transfer  Plan  (STP-in),  Exit  Load  on  redemption/ switch out will be determined as follows:    In  case  units  are  redeemed/switched  out  within  12  months  from  the  date  of  allotment: A   T   o  1% of applicable NAV will be charged as Exit Load.    \u2022  In  case  units  are  redeemed/switched  out  after  12  months  from  the  date  of  allotment, no Exit Load is applicable.  ny Exit Load charged (net off GST, if any) shall be credited back to the Scheme.  he Trustees shall have a right to prescribe or modify the Exit Load structure subject  to compliance of Regulations & relevant circulars.",
                "type": "exit_load",
                "value": ""
            }
        ],
        "main_scheme_name": "Unifi Flexi Cap Fund",
        "min_addl_amt": "500",
        "min_addl_amt_multiple": "1",
        "min_amt": "5000",
        "min_amt_multiple": "1",
        "mutual_fund_name": "Unifi Mutual Fund",
        "offer_price": "Rs.10",
        "open_date": ": 19.05.2025",
        "riskometer_benchmark": null,
        "riskometer_scheme": null,
        "scheme_code": "UNFI/O/E/FCF/25/03/0002",
        "scheme_objective": "To   generate    long    term    capital    appreciation by pursuing active management  and bottom-up investing, primarily in equity and equity related instruments across  sectors  and market  cap  spectrum. The  scheme  will  anchor  to  investing in  growth  businesses and is best suited for investors with long term investment horizon.  owever, there is no assurance that the investment objective of the scheme will be  achieved. The scheme does not guarantee or assure any returns.",
        "suitable_for_investors": "* \u2022 Capital Appreciation over long term. \u2022 Investment in a diversified portfolio consisting of equity and equity related instruments across market capitalization. *",
        "type_of_scheme": "An open ended dynamic equity scheme investing across large cap, mid cap, small  cap stocks."
    }
}