{
    "Union FLEXI CAP FUND": {
        "amc_name": "Union Asset Management Company Private Limited",
        "benchmark_index": "BSE 500 Index (TRI)",
        "fund_manager": [
            {
                "managing_fund_since": "January 25, 2023",
                "name": "Sanjay Bembalkar",
                "qualification": "Field Of Equity Research And Fund Management",
                "total_exp": "17 Years"
            },
            {
                "managing_fund_since": "November 01, 2024",
                "name": "Vinod Malviya",
                "qualification": "Financial Markets As An Analyst",
                "total_exp": "15 Years"
            }
        ],
        "load": {
            "entry_load": "NA",
            "exit_load": "1 if units are redeemed or switched out on or before completion of 15 days from the date of allotment. Nil thereafter."
        },
        "main_scheme_name": "Union FLEXI CAP FUND",
        "metrics": {
            "alpha": null,
            "arithmetic_mean_ratio": null,
            "average_div_yld": null,
            "average_pb": null,
            "average_pe": null,
            "avg_maturity": null,
            "beta": "0.12",
            "correlation_ratio": null,
            "downside_deviation": null,
            "information_ratio": null,
            "macaulay": null,
            "mod_duration": null,
            "port_turnover_ratio": "1.59",
            "r_squared_ratio": null,
            "roe_ratio": null,
            "sharpe": "0.46",
            "sortino_ratio": null,
            "std": "12.64",
            "std_dev": null,
            "tracking_error": null,
            "treynor_ratio": null,
            "upside_deviation": null,
            "ytm": null
        },
        "min_addl_amt": "",
        "min_addl_amt_multiple": "",
        "min_amt": "",
        "min_amt_multiple": "",
        "monthly_aaum_date": "31-03-2025",
        "monthly_aaum_value": "\u20b9 2,203.05 crore",
        "mutual_fund_name": "Union Mutual Fund",
        "page_number": [
            4
        ],
        "scheme_launch_date": "10 June 2011"
    },
    "Union MULTICAP FUND": {
        "amc_name": "Union Asset Management Company Private Limited",
        "benchmark_index": "Nifty 500 Multicap 502525 Index (TRI)",
        "fund_manager": [
            {
                "managing_fund_since": "November 01, 2024",
                "name": "Harshad Patwardhan",
                "qualification": "Field Of Research And Portfolio Management In Indian Equities",
                "total_exp": "28 Years"
            },
            {
                "managing_fund_since": "Inception",
                "name": "Sanjay Bembalkar",
                "qualification": "Field Of Equity Research And Fund Management",
                "total_exp": "17 Years"
            }
        ],
        "load": {
            "entry_load": "NA",
            "exit_load": "1 if units are redeemed or switched out on or before completion of 15 days from the date of allotment. Nil thereafter."
        },
        "main_scheme_name": "Union MULTICAP FUND",
        "metrics": {
            "alpha": null,
            "arithmetic_mean_ratio": null,
            "average_div_yld": null,
            "average_pb": null,
            "average_pe": null,
            "avg_maturity": null,
            "beta": null,
            "correlation_ratio": null,
            "downside_deviation": null,
            "information_ratio": null,
            "macaulay": null,
            "mod_duration": null,
            "port_turnover_ratio": null,
            "r_squared_ratio": null,
            "roe_ratio": null,
            "sharpe": null,
            "sortino_ratio": null,
            "std_dev": null,
            "tracking_error": null,
            "treynor_ratio": null,
            "upside_deviation": null,
            "ytm": null
        },
        "min_addl_amt": "",
        "min_addl_amt_multiple": "",
        "min_amt": "",
        "min_amt_multiple": "",
        "monthly_aaum_date": "31-03-2025",
        "monthly_aaum_value": "\u20b9 1,060.52 crore",
        "mutual_fund_name": "Union Mutual Fund",
        "page_number": [
            5
        ],
        "scheme_launch_date": "19 December 2022"
    },
    "Union BUSINESS CYCLE FUND": {
        "amc_name": "Union Asset Management Company Private Limited",
        "benchmark_index": "Nifty 500 Index (TRI)",
        "fund_manager": [
            {
                "managing_fund_since": "November 01, 2024",
                "name": "Harshad Patwardhan",
                "qualification": "Field Of Research And Portfolio Management In Indian Equities",
                "total_exp": "28 Years"
            }
        ],
        "load": {
            "entry_load": "NA",
            "exit_load": "1 if units are redeemedswitched out on or before completion of 1 year from the date of allotment. Nil if redeemed or switched out after completion of 1 year from the date of allotment of units."
        },
        "main_scheme_name": "Union BUSINESS CYCLE FUND",
        "metrics": {
            "alpha": null,
            "arithmetic_mean_ratio": null,
            "average_div_yld": null,
            "average_pb": null,
            "average_pe": null,
            "avg_maturity": null,
            "beta": null,
            "correlation_ratio": null,
            "downside_deviation": null,
            "information_ratio": null,
            "macaulay": null,
            "mod_duration": null,
            "port_turnover_ratio": null,
            "r_squared_ratio": null,
            "roe_ratio": null,
            "sharpe": null,
            "sortino_ratio": null,
            "std_dev": null,
            "tracking_error": null,
            "treynor_ratio": null,
            "upside_deviation": null,
            "ytm": null
        },
        "min_addl_amt": "",
        "min_addl_amt_multiple": "",
        "min_amt": "",
        "min_amt_multiple": "",
        "monthly_aaum_date": "31-03-2025",
        "monthly_aaum_value": "\u20b9 561.34 crore",
        "mutual_fund_name": "Union Mutual Fund",
        "page_number": [
            6
        ],
        "scheme_launch_date": "05 March2024"
    },
    "Union FOCUSED FUND": {
        "amc_name": "Union Asset Management Company Private Limited",
        "benchmark_index": "BSE 500 Index (TRI)",
        "fund_manager": [
            {
                "managing_fund_since": "November 01, 2024",
                "name": "Pratik Dharmshi",
                "qualification": "Financial Markets As An Analyst",
                "total_exp": "14 Years"
            }
        ],
        "load": {
            "entry_load": "NA",
            "exit_load": "1 if units are redeemed or switched out on or before completion of 15 days from the date of allotment. Nil thereafter."
        },
        "main_scheme_name": "Union FOCUSED FUND",
        "metrics": {
            "alpha": null,
            "arithmetic_mean_ratio": null,
            "average_div_yld": null,
            "average_pb": null,
            "average_pe": null,
            "avg_maturity": null,
            "beta": "0.81",
            "correlation_ratio": null,
            "downside_deviation": null,
            "information_ratio": null,
            "macaulay": null,
            "mod_duration": null,
            "port_turnover_ratio": "1.70",
            "r_squared_ratio": null,
            "roe_ratio": null,
            "sharpe": "0.29",
            "sortino_ratio": null,
            "std": "11.86",
            "std_dev": null,
            "tracking_error": null,
            "treynor_ratio": null,
            "upside_deviation": null,
            "ytm": null
        },
        "min_addl_amt": "",
        "min_addl_amt_multiple": "",
        "min_amt": "",
        "min_amt_multiple": "",
        "monthly_aaum_date": "31-03-2025",
        "monthly_aaum_value": "\u20b9 407.33 crore",
        "mutual_fund_name": "Union Mutual Fund",
        "page_number": [
            7
        ],
        "scheme_launch_date": "5 August 2019"
    },
    "Union MIDCAP FUND": {
        "amc_name": "Union Asset Management Company Private Limited",
        "benchmark_index": "BSE 150 MidCap Index (TRI)",
        "fund_manager": [
            {
                "managing_fund_since": "January 25, 2023",
                "name": "Gaurav Chopra",
                "qualification": "Equity Markets",
                "total_exp": "9 Years"
            }
        ],
        "load": {
            "entry_load": "NA",
            "exit_load": "1 if units are redeemed or switched out on or before completion of 15 days from the date of allotment. Nil thereafter."
        },
        "main_scheme_name": "Union MIDCAP FUND",
        "metrics": {
            "alpha": null,
            "arithmetic_mean_ratio": null,
            "average_div_yld": null,
            "average_pb": null,
            "average_pe": null,
            "avg_maturity": null,
            "beta": "0.93",
            "correlation_ratio": null,
            "downside_deviation": null,
            "information_ratio": null,
            "macaulay": null,
            "mod_duration": null,
            "port_turnover_ratio": "2.01",
            "r_squared_ratio": null,
            "roe_ratio": null,
            "sharpe": "0.59",
            "sortino_ratio": null,
            "std": "15.73",
            "std_dev": null,
            "tracking_error": null,
            "treynor_ratio": null,
            "upside_deviation": null,
            "ytm": null
        },
        "min_addl_amt": "",
        "min_addl_amt_multiple": "",
        "min_amt": "",
        "min_amt_multiple": "",
        "monthly_aaum_date": "31-03-2025",
        "monthly_aaum_value": "\u20b9 1,346.43 crore",
        "mutual_fund_name": "Union Mutual Fund",
        "page_number": [
            8
        ],
        "scheme_launch_date": "23 March 2020"
    },
    "Union SMALL CAP FUND": {
        "amc_name": "Union Asset Management Company Private Limited",
        "benchmark_index": "BSE 250 SmallCap Index (TRI)",
        "fund_manager": [
            {
                "managing_fund_since": "November 01, 2024",
                "name": "Pratik Dharmshi",
                "qualification": "Equity Markets",
                "total_exp": "14 Years"
            }
        ],
        "load": {
            "entry_load": "NA",
            "exit_load": "1 if units are redeemed or switched out on or before completion of 15 days from the date of allotment. Nil thereafter."
        },
        "main_scheme_name": "Union SMALL CAP FUND",
        "metrics": {
            "alpha": null,
            "arithmetic_mean_ratio": null,
            "average_div_yld": null,
            "average_pb": null,
            "average_pe": null,
            "avg_maturity": null,
            "beta": "0.79",
            "correlation_ratio": null,
            "downside_deviation": null,
            "information_ratio": null,
            "macaulay": null,
            "mod_duration": null,
            "port_turnover_ratio": "1.32",
            "r_squared_ratio": null,
            "roe_ratio": null,
            "sharpe": "0.54",
            "sortino_ratio": null,
            "std": "16.37",
            "std_dev": null,
            "tracking_error": null,
            "treynor_ratio": null,
            "upside_deviation": null,
            "ytm": null
        },
        "min_addl_amt": "",
        "min_addl_amt_multiple": "",
        "min_amt": "",
        "min_amt_multiple": "",
        "monthly_aaum_date": "31-03-2025",
        "monthly_aaum_value": "\u20b9 1,574.22 crore",
        "mutual_fund_name": "Union Mutual Fund",
        "page_number": [
            10
        ],
        "scheme_launch_date": "10 June 2014"
    },
    "Union ELSS TAX SAVER FUND": {
        "amc_name": "Union Asset Management Company Private Limited",
        "benchmark_index": "BSE 500 Index (TRI)",
        "fund_manager": [
            {
                "managing_fund_since": "November 01, 2024",
                "name": "Vinod Malviya",
                "qualification": "Financial Markets As An Analyst",
                "total_exp": "15 Years"
            },
            {
                "managing_fund_since": "June 7, 2021",
                "name": "Sanjay Bembalkar",
                "qualification": "Field Of Equity Research And Fund Management",
                "total_exp": "17 Years"
            }
        ],
        "load": {
            "entry_load": "NA",
            "exit_load": "Nil"
        },
        "main_scheme_name": "Union ELSS TAX SAVER FUND",
        "metrics": {
            "alpha": null,
            "arithmetic_mean_ratio": null,
            "average_div_yld": null,
            "average_pb": null,
            "average_pe": null,
            "avg_maturity": null,
            "beta": "0.88",
            "correlation_ratio": null,
            "downside_deviation": null,
            "information_ratio": null,
            "macaulay": null,
            "mod_duration": null,
            "port_turnover_ratio": "1.15",
            "r_squared_ratio": null,
            "roe_ratio": null,
            "sharpe": "0.51",
            "sortino_ratio": null,
            "std": "12.58",
            "std_dev": null,
            "tracking_error": null,
            "treynor_ratio": null,
            "upside_deviation": null,
            "ytm": null
        },
        "min_addl_amt": "",
        "min_addl_amt_multiple": "",
        "min_amt": "",
        "min_amt_multiple": "",
        "monthly_aaum_date": "31-03-2025",
        "monthly_aaum_value": "\u20b9 880.26 crore",
        "mutual_fund_name": "Union Mutual Fund",
        "page_number": [
            12
        ],
        "scheme_launch_date": "23 December 2011"
    },
    "Union VALUE FUND": {
        "amc_name": "Union Asset Management Company Private Limited",
        "benchmark_index": "BSE 500 Index (TRI)",
        "fund_manager": [
            {
                "managing_fund_since": "November 01, 2024",
                "name": "Vinod Malviya",
                "qualification": "Financial Markets As An Analyst",
                "total_exp": "15 Years"
            },
            {
                "managing_fund_since": "November 01, 2024",
                "name": "Gaurav Chopra",
                "qualification": "Equity Markets",
                "total_exp": "9 Years"
            }
        ],
        "load": {
            "entry_load": "NA",
            "exit_load": "1 if units are redeemed or switched out on or before completion of 15 days from the date of allotment. Nil thereafter."
        },
        "main_scheme_name": "Union VALUE FUND",
        "metrics": {
            "alpha": null,
            "arithmetic_mean_ratio": null,
            "average_div_yld": null,
            "average_pb": null,
            "average_pe": null,
            "avg_maturity": null,
            "beta": "0.88",
            "correlation_ratio": null,
            "downside_deviation": null,
            "information_ratio": null,
            "macaulay": null,
            "mod_duration": null,
            "port_turnover_ratio": "1.16",
            "r_squared_ratio": null,
            "roe_ratio": null,
            "sharpe": "0.70",
            "sortino_ratio": null,
            "std": "12.73",
            "std_dev": null,
            "tracking_error": null,
            "treynor_ratio": null,
            "upside_deviation": null,
            "ytm": null
        },
        "min_addl_amt": "",
        "min_addl_amt_multiple": "",
        "min_amt": "",
        "min_amt_multiple": "",
        "monthly_aaum_date": "31-03-2025",
        "monthly_aaum_value": "\u20b9 290.35 crore",
        "mutual_fund_name": "Union Mutual Fund",
        "page_number": [
            13
        ],
        "scheme_launch_date": "5 December 2018"
    },
    "Union LARGECAP FUND": {
        "amc_name": "Union Asset Management Company Private Limited",
        "benchmark_index": "BSE 100 Index (TRI)",
        "fund_manager": [
            {
                "managing_fund_since": "January 25, 2023",
                "name": "Vinod Malviya",
                "qualification": "Financial Markets As An Analyst",
                "total_exp": "15 Years"
            },
            {
                "managing_fund_since": "June 7, 2021",
                "name": "Sanjay Bembalkar",
                "qualification": "Field Of Equity Research And Fund Management",
                "total_exp": "17 Years"
            }
        ],
        "load": {
            "entry_load": "NA",
            "exit_load": "1 if units are redeemed or switched out on or before completion of 15 days from the date of allotment. Nil thereafter."
        },
        "main_scheme_name": "Union LARGECAP FUND",
        "metrics": {
            "alpha": null,
            "arithmetic_mean_ratio": null,
            "average_div_yld": null,
            "average_pb": null,
            "average_pe": null,
            "avg_maturity": null,
            "beta": "0.92",
            "correlation_ratio": null,
            "downside_deviation": null,
            "information_ratio": null,
            "macaulay": null,
            "mod_duration": null,
            "port_turnover_ratio": "1.71",
            "r_squared_ratio": null,
            "roe_ratio": null,
            "sharpe": "0.30",
            "sortino_ratio": null,
            "std": "12.35",
            "std_dev": null,
            "tracking_error": null,
            "treynor_ratio": null,
            "upside_deviation": null,
            "ytm": null
        },
        "min_addl_amt": "",
        "min_addl_amt_multiple": "",
        "min_amt": "",
        "min_amt_multiple": "",
        "monthly_aaum_date": "31-03-2025",
        "monthly_aaum_value": "\u20b9 426.12 crore",
        "mutual_fund_name": "Union Mutual Fund",
        "page_number": [
            14
        ],
        "scheme_launch_date": "11 May 2017"
    },
    "Union ACTIVE MOMENTUM FUND": {
        "amc_name": "Union Asset Management Company Private Limited",
        "benchmark_index": "Nifty 500 Index (TRI)",
        "fund_manager": [
            {
                "managing_fund_since": "Inception",
                "name": "Gaurav Chopra",
                "qualification": "Equity Markets",
                "total_exp": "9 Years"
            }
        ],
        "load": {
            "entry_load": "NA",
            "exit_load": "1 if redeemed or switched out on or before completion of 1 year from the date of allotment of units. Nil if redeemed or switched out after completion of 1 year from the date of allotment of units."
        },
        "main_scheme_name": "Union ACTIVE MOMENTUM FUND",
        "metrics": {
            "alpha": null,
            "arithmetic_mean_ratio": null,
            "average_div_yld": null,
            "average_pb": null,
            "average_pe": null,
            "avg_maturity": null,
            "beta": null,
            "correlation_ratio": null,
            "downside_deviation": null,
            "information_ratio": null,
            "macaulay": null,
            "mod_duration": null,
            "port_turnover_ratio": null,
            "r_squared_ratio": null,
            "roe_ratio": null,
            "sharpe": null,
            "sortino_ratio": null,
            "std_dev": null,
            "tracking_error": null,
            "treynor_ratio": null,
            "upside_deviation": null,
            "ytm": null
        },
        "min_addl_amt": "",
        "min_addl_amt_multiple": "",
        "min_amt": "",
        "min_amt_multiple": "",
        "monthly_aaum_date": "31-03-2025",
        "monthly_aaum_value": "\u20b9 405.25 crore",
        "mutual_fund_name": "Union Mutual Fund",
        "page_number": [
            15
        ],
        "scheme_launch_date": "19 December 2024"
    },
    "Union AGGRESSIVE HYBRID FUND": {
        "amc_name": "Union Asset Management Company Private Limited",
        "benchmark_index": "CRISIL Hybrid 3565 Aggressive Index (TRI)",
        "fund_manager": [
            {
                "managing_fund_since": "January 25, 2023",
                "name": "Sanjay Bembalkar",
                "qualification": "Field Of Equity Research And Fund Management",
                "total_exp": "17 Years"
            },
            {
                "managing_fund_since": "November 01, 2024",
                "name": "Vinod Malviya",
                "qualification": "Financial Markets As An Analyst",
                "total_exp": "15 Years"
            },
            {
                "managing_fund_since": "Inception",
                "name": "Parijat Agrawal",
                "qualification": "Fund Management",
                "total_exp": "28 Years"
            }
        ],
        "load": {
            "entry_load": "NA",
            "exit_load": "1 if units are redeemed or switched out on or before completion of 15 days from the date of allotment. Nil thereafter. Market Capitalisation as on Jan. 31, 2025 Large Cap 69.01 Mid Cap 18.00 Small Cap 12.99"
        },
        "main_scheme_name": "Union AGGRESSIVE HYBRID FUND",
        "metrics": {
            "alpha": null,
            "arithmetic_mean_ratio": null,
            "average_div_yld": null,
            "average_pb": null,
            "average_pe": null,
            "avg_maturity": null,
            "beta": "1.05",
            "correlation_ratio": null,
            "downside_deviation": null,
            "information_ratio": null,
            "macaulay": "4.50 Years",
            "mod_duration": "6.45 Years",
            "port_turnover_ratio": "0.90",
            "r_squared_ratio": null,
            "roe_ratio": null,
            "sharpe": "0.38",
            "sortino_ratio": null,
            "std": "10.02",
            "std_dev": null,
            "tracking_error": null,
            "treynor_ratio": null,
            "upside_deviation": null,
            "ytm": "4.81 Years"
        },
        "min_addl_amt": "",
        "min_addl_amt_multiple": "",
        "min_amt": "",
        "min_amt_multiple": "",
        "monthly_aaum_date": "31-03-2025",
        "monthly_aaum_value": "\u20b9 619.44 crore",
        "mutual_fund_name": "Union Mutual Fund",
        "page_number": [
            16
        ],
        "scheme_launch_date": "18 December 2020"
    },
    "Union MULTI ASSET ALLOCATION FUND": {
        "amc_name": "Union Asset Management Company Private Limited",
        "benchmark_index": "65 NIFTY 50 TRI  20 NIFTY Composite Debt Index  15 Domestic prices of Gold",
        "fund_manager": [
            {
                "managing_fund_since": "Inception",
                "name": "Sanjay Bembalkar",
                "qualification": "Field Of Equity Research And Fund Management",
                "total_exp": "17 Years"
            },
            {
                "managing_fund_since": "November 01, 2024",
                "name": "Vinod Malviya",
                "qualification": "Financial Markets As An Analyst",
                "total_exp": "15 Years"
            },
            {
                "managing_fund_since": "Inception",
                "name": "Anindya Sarkar",
                "qualification": "Financial Services Sector",
                "total_exp": "21 Years"
            }
        ],
        "load": {
            "entry_load": "NA",
            "exit_load": "1 if units are redeemedswitched out on or before completion of 15 days from the date of allotment. Nil if redeemed or switched out after completion of 15 days from the date of allotment of units."
        },
        "main_scheme_name": "Union MULTI ASSET ALLOCATION FUND",
        "metrics": {
            "alpha": null,
            "arithmetic_mean_ratio": null,
            "average_div_yld": null,
            "average_pb": null,
            "average_pe": null,
            "avg_maturity": null,
            "beta": null,
            "correlation_ratio": null,
            "downside_deviation": null,
            "information_ratio": null,
            "macaulay": "4.77 Years",
            "mod_duration": "7.22 Years",
            "port_turnover_ratio": null,
            "r_squared_ratio": null,
            "roe_ratio": null,
            "sharpe": null,
            "sortino_ratio": null,
            "std_dev": null,
            "tracking_error": null,
            "treynor_ratio": null,
            "upside_deviation": null,
            "ytm": "5.12 Years"
        },
        "min_addl_amt": "",
        "min_addl_amt_multiple": "",
        "min_amt": "",
        "min_amt_multiple": "",
        "monthly_aaum_date": "31-03-2025",
        "monthly_aaum_value": "\u20b9 841.62 crore",
        "mutual_fund_name": "Union Mutual Fund",
        "page_number": [
            17
        ],
        "scheme_launch_date": "10 September 2024"
    },
    "Union BALANCED ADVANTAGE FUND": {
        "amc_name": "Union Asset Management Company Private Limited",
        "benchmark_index": "NIFTY 50 Hybrid Composite Debt 5050 Index (TRI)",
        "fund_manager": [
            {
                "managing_fund_since": "January 25, 2023",
                "name": "Sanjay Bembalkar",
                "qualification": "Field Of Equity Research And Fund Management",
                "total_exp": "17 Years"
            },
            {
                "managing_fund_since": "November 01, 2024",
                "name": "Gaurav Chopra",
                "qualification": "Equity Markets",
                "total_exp": "9 Years"
            },
            {
                "managing_fund_since": "Inception",
                "name": "Parijat Agrawal",
                "qualification": "Fund Management",
                "total_exp": "28 Years"
            }
        ],
        "load": {
            "entry_load": "NA",
            "exit_load": "1 if units are redeemed or switched out on or before completion of 15 days from the date of allotment. Nil thereafter. Market Capitalisation as on Jan. 31, 2025 Large Cap 73.31 Mid Cap 17.22 Small Cap 9.47"
        },
        "main_scheme_name": "Union BALANCED ADVANTAGE FUND",
        "metrics": {
            "alpha": null,
            "arithmetic_mean_ratio": null,
            "average_div_yld": null,
            "average_pb": null,
            "average_pe": null,
            "avg_maturity": null,
            "beta": "0.85",
            "correlation_ratio": null,
            "downside_deviation": null,
            "information_ratio": null,
            "macaulay": "2.86 Years",
            "mod_duration": "4.23 Years",
            "port_turnover_ratio": "5.15",
            "r_squared_ratio": null,
            "roe_ratio": null,
            "sharpe": "0.30",
            "sortino_ratio": null,
            "std": "6.31",
            "std_dev": null,
            "tracking_error": null,
            "treynor_ratio": null,
            "upside_deviation": null,
            "ytm": "3.04 Years"
        },
        "min_addl_amt": "",
        "min_addl_amt_multiple": "",
        "min_amt": "",
        "min_amt_multiple": "",
        "monthly_aaum_date": "31-03-2025",
        "monthly_aaum_value": "\u20b9 1,399.38 crore",
        "mutual_fund_name": "Union Mutual Fund",
        "page_number": [
            18
        ],
        "scheme_launch_date": "29 December 2017"
    },
    "Union EQUITY SAVINGS FUND": {
        "amc_name": "Union Asset Management Company Private Limited",
        "benchmark_index": "CRISIL Equity Savings Index (TRI)",
        "fund_manager": [
            {
                "managing_fund_since": "January 25, 2023",
                "name": "Sanjay Bembalkar",
                "qualification": "Field Of Equity Research And Fund Management",
                "total_exp": "17 Years"
            },
            {
                "managing_fund_since": "November 01, 2024",
                "name": "Gaurav Chopra",
                "qualification": "Equity Markets",
                "total_exp": "9 Years"
            },
            {
                "managing_fund_since": "Inception",
                "name": "Parijat Agrawal",
                "qualification": "Fund Management",
                "total_exp": "28 Years"
            }
        ],
        "load": {
            "entry_load": "NA",
            "exit_load": "1 if units are redeemed or switched out on or before completion of 15 days from the date of allotment. Nil thereafter. Market Capitalisation as on Jan. 31, 2025 Large Cap 72.18 Mid Cap 14.77 Small Cap 13.05"
        },
        "main_scheme_name": "Union EQUITY SAVINGS FUND",
        "metrics": {
            "alpha": null,
            "arithmetic_mean_ratio": null,
            "average_div_yld": null,
            "average_pb": null,
            "average_pe": null,
            "avg_maturity": null,
            "beta": "0.87",
            "correlation_ratio": null,
            "downside_deviation": null,
            "information_ratio": null,
            "macaulay": "1.04 Years",
            "mod_duration": "1.44 Years",
            "port_turnover_ratio": "7.86",
            "r_squared_ratio": null,
            "roe_ratio": null,
            "sharpe": "0.06",
            "sortino_ratio": null,
            "std": "4.17",
            "std_dev": null,
            "tracking_error": null,
            "treynor_ratio": null,
            "upside_deviation": null,
            "ytm": "1.11 Years"
        },
        "min_addl_amt": "",
        "min_addl_amt_multiple": "",
        "min_amt": "",
        "min_amt_multiple": "",
        "monthly_aaum_date": "31-03-2025",
        "monthly_aaum_value": "\u20b9 135.89 crore",
        "mutual_fund_name": "Union Mutual Fund",
        "page_number": [
            19
        ],
        "scheme_launch_date": "9 August 2018"
    },
    "Union ARBITRAGE FUND": {
        "amc_name": "Union Asset Management Company Private Limited",
        "benchmark_index": "NIFTY 50 Arbitrage Index (TRI)",
        "fund_manager": [
            {
                "managing_fund_since": "Inception",
                "name": "",
                "qualification": "Equity  Derivative Dealing Functions",
                "total_exp": "14 Years"
            },
            {
                "managing_fund_since": "Inception",
                "name": "",
                "qualification": "Fund Management  Banking Industry",
                "total_exp": "24 Years"
            }
        ],
        "load": {
            "entry_load": "NA",
            "exit_load": "0.25 if units are redeemed or switched out on or before completion of 1 month from the date of allotment of units.   Nil if units are redeemed or switched out after completion of 1 month from the date of allotment of units."
        },
        "main_scheme_name": "Union ARBITRAGE FUND",
        "metrics": {
            "alpha": null,
            "arithmetic_mean_ratio": null,
            "average_div_yld": null,
            "average_pb": null,
            "average_pe": null,
            "avg_maturity": null,
            "beta": "0.79",
            "correlation_ratio": null,
            "downside_deviation": null,
            "information_ratio": null,
            "macaulay": "0.10 Years",
            "mod_duration": "0.11 Years",
            "port_turnover_ratio": "13.00",
            "r_squared_ratio": null,
            "roe_ratio": null,
            "sharpe": "-0.70",
            "sortino_ratio": null,
            "std": "0.68",
            "std_dev": null,
            "tracking_error": null,
            "treynor_ratio": null,
            "upside_deviation": null,
            "ytm": "0.11 Years"
        },
        "min_addl_amt": "",
        "min_addl_amt_multiple": "",
        "min_amt": "",
        "min_amt_multiple": "",
        "monthly_aaum_date": "31-03-2025",
        "monthly_aaum_value": "\u20b9 225.70 crore",
        "mutual_fund_name": "Union Mutual Fund",
        "page_number": [
            20
        ],
        "scheme_launch_date": "20 February 2019"
    },
    "Union RETIREMENT FUND": {
        "amc_name": "Union Asset Management Company Private Limited",
        "benchmark_index": "BSE 500 Index (TRI)",
        "fund_manager": [
            {
                "managing_fund_since": "November 01, 2024",
                "name": "Pratik Dharmshi",
                "qualification": "Financial Markets As An Analyst",
                "total_exp": "14 Years"
            }
        ],
        "load": {
            "entry_load": "NA",
            "exit_load": "Nil"
        },
        "main_scheme_name": "Union RETIREMENT FUND",
        "metrics": {
            "alpha": null,
            "arithmetic_mean_ratio": null,
            "average_div_yld": null,
            "average_pb": null,
            "average_pe": null,
            "avg_maturity": null,
            "beta": null,
            "correlation_ratio": null,
            "downside_deviation": null,
            "information_ratio": null,
            "macaulay": null,
            "mod_duration": null,
            "port_turnover_ratio": null,
            "r_squared_ratio": null,
            "roe_ratio": null,
            "sharpe": null,
            "sortino_ratio": null,
            "std_dev": null,
            "tracking_error": null,
            "treynor_ratio": null,
            "upside_deviation": null,
            "ytm": null
        },
        "min_addl_amt": "",
        "min_addl_amt_multiple": "",
        "min_amt": "",
        "min_amt_multiple": "",
        "monthly_aaum_date": "31-03-2025",
        "monthly_aaum_value": "\u20b9 152.32 crore",
        "mutual_fund_name": "Union Mutual Fund",
        "page_number": [
            21
        ],
        "scheme_launch_date": "22 September 2022"
    },
    "Union CHILDRENS FUND": {
        "amc_name": "Union Asset Management Company Private Limited",
        "benchmark_index": "BSE 500 Index (TRI)",
        "fund_manager": [
            {
                "managing_fund_since": "November 01, 2024",
                "name": "Gaurav Chopra",
                "qualification": "Equity Markets",
                "total_exp": "9 Years"
            },
            {
                "managing_fund_since": "November 01, 2024",
                "name": "Vinod Malviya",
                "qualification": "Financial Markets As An Analyst",
                "total_exp": "15 Years"
            },
            {
                "managing_fund_since": "Inception",
                "name": "Parijat Agrawal",
                "qualification": "Fund Management",
                "total_exp": "28 Years"
            }
        ],
        "load": {
            "entry_load": "NA",
            "exit_load": "Nil"
        },
        "main_scheme_name": "Union CHILDRENS FUND",
        "metrics": {
            "alpha": null,
            "arithmetic_mean_ratio": null,
            "average_div_yld": null,
            "average_pb": null,
            "average_pe": null,
            "avg_maturity": null,
            "beta": null,
            "correlation_ratio": null,
            "downside_deviation": null,
            "information_ratio": null,
            "macaulay": null,
            "mod_duration": null,
            "port_turnover_ratio": null,
            "r_squared_ratio": null,
            "roe_ratio": null,
            "sharpe": null,
            "sortino_ratio": null,
            "std_dev": null,
            "tracking_error": null,
            "treynor_ratio": null,
            "upside_deviation": null,
            "ytm": null
        },
        "min_addl_amt": "",
        "min_addl_amt_multiple": "",
        "min_amt": "",
        "min_amt_multiple": "",
        "monthly_aaum_date": "31-03-2025",
        "monthly_aaum_value": "\u20b9 60.53 crore",
        "mutual_fund_name": "Union Mutual Fund",
        "page_number": [
            22
        ],
        "scheme_launch_date": "19 December 2023"
    },
    "Union CORPORATE BOND FUND": {
        "amc_name": "Union Asset Management Company Private Limited",
        "benchmark_index": "CRISIL Corporate Debt A-II Index",
        "fund_manager": [
            {
                "managing_fund_since": "November 1, 2018",
                "name": "Anindya Sarkar",
                "qualification": "Financial Services Sector",
                "total_exp": "21 Years"
            },
            {
                "managing_fund_since": "July 14, 2023",
                "name": "Shrenuj Parekh",
                "qualification": "Field Of Finance",
                "total_exp": "11 Years"
            },
            {
                "managing_fund_since": "Inception",
                "name": "Parijat Agrawal",
                "qualification": "Fund Management",
                "total_exp": "28 Years"
            }
        ],
        "load": {
            "entry_load": "NA",
            "exit_load": "1 if units are redeemed or switched out on or before completion of 15 days from the date of allotment. Nil thereafter. Note - Union Medium Duration Fund is merged into Union Corporate Bond Fund with effect from close of business hours on January 29, 2025. For further details, please refer Notice cum Addendum dated December 23, 2024, available on our website."
        },
        "main_scheme_name": "Union CORPORATE BOND FUND",
        "metrics": {
            "alpha": null,
            "arithmetic_mean_ratio": null,
            "average_div_yld": null,
            "average_pb": null,
            "average_pe": null,
            "avg_maturity": "4.13 Years",
            "beta": null,
            "correlation_ratio": null,
            "downside_deviation": null,
            "information_ratio": null,
            "macaulay": "3.89 Years",
            "mod_duration": "5.11 Years",
            "port_turnover_ratio": null,
            "r_squared_ratio": null,
            "roe_ratio": null,
            "sharpe": null,
            "sortino_ratio": null,
            "std_dev": null,
            "tracking_error": null,
            "treynor_ratio": null,
            "upside_deviation": null,
            "ytm": "7.27"
        },
        "min_addl_amt": "",
        "min_addl_amt_multiple": "",
        "min_amt": "",
        "min_amt_multiple": "",
        "monthly_aaum_date": "31-03-2025",
        "monthly_aaum_value": "\u20b9 262.18 crore",
        "mutual_fund_name": "Union Mutual Fund",
        "page_number": [
            23
        ],
        "scheme_launch_date": "25 May 2018"
    },
    "Union DYNAMIC BOND FUND": {
        "amc_name": "Union Asset Management Company Private Limited",
        "benchmark_index": "CRISIL Dynamic Bond A-III Index",
        "fund_manager": [
            {
                "managing_fund_since": "Inception",
                "name": "Parijat Agrawal",
                "qualification": "Fund Management",
                "total_exp": "28 Years"
            },
            {
                "managing_fund_since": "June 28, 2018",
                "name": "Devesh Thacker",
                "qualification": "Fund Management  Banking Industry",
                "total_exp": "24Years"
            }
        ],
        "load": {
            "entry_load": "NA",
            "exit_load": "1 if units are redeemed or switched out on or before completion of 15 days from the date of allotment. Nil thereafter."
        },
        "main_scheme_name": "Union DYNAMIC BOND FUND",
        "metrics": {
            "alpha": null,
            "arithmetic_mean_ratio": null,
            "average_div_yld": null,
            "average_pb": null,
            "average_pe": null,
            "avg_maturity": "8.34 Years",
            "beta": null,
            "correlation_ratio": null,
            "downside_deviation": null,
            "information_ratio": null,
            "macaulay": "8.04 Years",
            "mod_duration": "15.20 Years",
            "port_turnover_ratio": null,
            "r_squared_ratio": null,
            "roe_ratio": null,
            "sharpe": null,
            "sortino_ratio": null,
            "std_dev": null,
            "tracking_error": null,
            "treynor_ratio": null,
            "upside_deviation": null,
            "ytm": "6.90"
        },
        "min_addl_amt": "",
        "min_addl_amt_multiple": "",
        "min_amt": "",
        "min_amt_multiple": "",
        "monthly_aaum_date": "31-03-2025",
        "monthly_aaum_value": "\u20b9 78.54 crore",
        "mutual_fund_name": "Union Mutual Fund",
        "page_number": [
            24
        ],
        "scheme_launch_date": "13 February 2012"
    },
    "Union GILT FUND": {
        "amc_name": "Union Asset Management Company Private Limited",
        "benchmark_index": "CRISIL Dynamic Gilt Index",
        "fund_manager": [
            {
                "managing_fund_since": "Inception",
                "name": "Parijat Agrawal",
                "qualification": "Fund Management",
                "total_exp": "28 Years"
            },
            {
                "managing_fund_since": "Inception",
                "name": "Anindya Sarkar",
                "qualification": "Financial Services Sector",
                "total_exp": "21 Years"
            }
        ],
        "load": {
            "entry_load": "NA",
            "exit_load": "NIL"
        },
        "main_scheme_name": "Union GILT FUND",
        "metrics": {
            "alpha": null,
            "arithmetic_mean_ratio": null,
            "average_div_yld": null,
            "average_pb": null,
            "average_pe": null,
            "avg_maturity": "10.78 Years",
            "beta": null,
            "correlation_ratio": null,
            "downside_deviation": null,
            "information_ratio": null,
            "macaulay": "10.42 Years",
            "mod_duration": "24.70 Years",
            "port_turnover_ratio": null,
            "r_squared_ratio": null,
            "roe_ratio": null,
            "sharpe": null,
            "sortino_ratio": null,
            "std_dev": null,
            "tracking_error": null,
            "treynor_ratio": null,
            "upside_deviation": null,
            "ytm": "6.93"
        },
        "min_addl_amt": "",
        "min_addl_amt_multiple": "",
        "min_amt": "",
        "min_amt_multiple": "",
        "monthly_aaum_date": "31-03-2025",
        "monthly_aaum_value": "\u20b9 116.72 crore",
        "mutual_fund_name": "Union Mutual Fund",
        "page_number": [
            25
        ],
        "scheme_launch_date": "8 August 2022"
    },
    "Union MONEY MARKET FUND": {
        "amc_name": "Union Asset Management Company Private Limited",
        "benchmark_index": "CRISIL Money Market A-I Index",
        "fund_manager": [
            {
                "managing_fund_since": "Inception",
                "name": "Devesh Thacker",
                "qualification": "Fund Management  Banking Industry",
                "total_exp": "24Years"
            },
            {
                "managing_fund_since": "Inception",
                "name": "Parijat Agrawal",
                "qualification": "Fund Management",
                "total_exp": "28 Years"
            }
        ],
        "load": {
            "entry_load": "NA",
            "exit_load": "Nil"
        },
        "main_scheme_name": "Union MONEY MARKET FUND",
        "metrics": {
            "alpha": null,
            "arithmetic_mean_ratio": null,
            "average_div_yld": null,
            "average_pb": null,
            "average_pe": null,
            "avg_maturity": "119 Days",
            "beta": null,
            "correlation_ratio": null,
            "downside_deviation": null,
            "information_ratio": null,
            "macaulay": "111 Days",
            "mod_duration": "119 Days",
            "port_turnover_ratio": null,
            "r_squared_ratio": null,
            "roe_ratio": null,
            "sharpe": null,
            "sortino_ratio": null,
            "std_dev": null,
            "tracking_error": null,
            "treynor_ratio": null,
            "upside_deviation": null,
            "ytm": "7.31"
        },
        "min_addl_amt": "",
        "min_addl_amt_multiple": "",
        "min_amt": "",
        "min_amt_multiple": "",
        "monthly_aaum_date": "31-03-2025",
        "monthly_aaum_value": "\u20b9 183.58 crore",
        "mutual_fund_name": "Union Mutual Fund",
        "page_number": [
            26
        ],
        "scheme_launch_date": "26 August 2021"
    },
    "Union LIQUID FUND": {
        "amc_name": "Union Asset Management Company Private Limited",
        "benchmark_index": "CRISIL Liquid Debt A-I Index",
        "fund_manager": [
            {
                "managing_fund_since": "Inception",
                "name": "Devesh Thacker",
                "qualification": "Fund Management  Banking Industry",
                "total_exp": "24 Years"
            },
            {
                "managing_fund_since": "June 18, 2021",
                "name": "Parijat Agrawal",
                "qualification": "Fund Management",
                "total_exp": "28 Years"
            }
        ],
        "load": {
            "entry_load": "NA Exit Load Investor Exit",
            "exit_load": "as a upon  of redemption subscription proceeds Day 1 0.0070 Day 2 0.0065 Day 3 0.0060 Day 4 0.0055 Day 5 0.0050 Day 6 0.0045 Day 7 onwards 0.0000"
        },
        "main_scheme_name": "Union LIQUID FUND",
        "metrics": {
            "alpha": null,
            "arithmetic_mean_ratio": null,
            "average_div_yld": null,
            "average_pb": null,
            "average_pe": null,
            "avg_maturity": "43 Days",
            "beta": null,
            "correlation_ratio": null,
            "downside_deviation": null,
            "information_ratio": null,
            "macaulay": "41 Days",
            "mod_duration": "43 Days",
            "port_turnover_ratio": null,
            "r_squared_ratio": null,
            "roe_ratio": null,
            "sharpe": null,
            "sortino_ratio": null,
            "std_dev": null,
            "tracking_error": null,
            "treynor_ratio": null,
            "upside_deviation": null,
            "ytm": "7.24"
        },
        "min_addl_amt": "",
        "min_addl_amt_multiple": "",
        "min_amt": "",
        "min_amt_multiple": "",
        "monthly_aaum_date": "31-03-2025",
        "monthly_aaum_value": "\u20b9 4,390.71 crore",
        "mutual_fund_name": "Union Mutual Fund",
        "page_number": [
            27
        ],
        "scheme_launch_date": "15 June 2011"
    },
    "Union OVERNIGHT FUND": {
        "amc_name": "Union Asset Management Company Private Limited",
        "benchmark_index": "CRISIL Liquid Overnight Index",
        "fund_manager": [
            {
                "managing_fund_since": "Inception",
                "name": "Tarun Singh",
                "qualification": "Fixed Income Dealing Function",
                "total_exp": "29 Years"
            },
            {
                "managing_fund_since": "Inception",
                "name": "Devesh Thacker",
                "qualification": "Fund Management  Banking Industry",
                "total_exp": "24 Years"
            }
        ],
        "load": {
            "entry_load": "NA",
            "exit_load": "Nil"
        },
        "main_scheme_name": "Union OVERNIGHT FUND",
        "metrics": {
            "alpha": null,
            "arithmetic_mean_ratio": null,
            "average_div_yld": null,
            "average_pb": null,
            "average_pe": null,
            "avg_maturity": null,
            "beta": null,
            "correlation_ratio": null,
            "downside_deviation": null,
            "information_ratio": null,
            "macaulay": null,
            "mod_duration": null,
            "port_turnover_ratio": null,
            "r_squared_ratio": null,
            "roe_ratio": null,
            "sharpe": null,
            "sortino_ratio": null,
            "std_dev": null,
            "tracking_error": null,
            "treynor_ratio": null,
            "upside_deviation": null,
            "ytm": null
        },
        "min_addl_amt": "",
        "min_addl_amt_multiple": "",
        "min_amt": "",
        "min_amt_multiple": "",
        "monthly_aaum_date": "31-03-2025",
        "monthly_aaum_value": "\u20b9 306.37 crore",
        "mutual_fund_name": "Union Mutual Fund",
        "page_number": [
            28
        ],
        "scheme_launch_date": "27 March 2019"
    }
}