{
    "Motilal Oswal Nasdaq 100 Fund of Fund": {
        "amc_name": "Motilal Oswal Asset Management Company Limited",
        "benchmark_index": "NASDAQ-100 TRI ",
        "fund_manager": [
            {
                "managing_fund_since": "26-July-2019",
                "name": "Swapnil Mayekar",
                "qualification": "",
                "total_exp": "13 Years"
            },
            {
                "managing_fund_since": "15-Oct-2024",
                "name": "Dishant Mehta",
                "qualification": "",
                "total_exp": "11 Years"
            },
            {
                "managing_fund_since": "22-Nov-2022",
                "name": "Rakesh Shetty",
                "qualification": "",
                "total_exp": "14 Years"
            }
        ],
        "load": {
            "entry_load": "Nil",
            "exit_load": "1- If redeemed on or before 15 days from the date of allotment. Nil- If redeemed after 15 days from the date of allotment."
        },
        "main_scheme_name": "Motilal Oswal Nasdaq 100 Fund of Fund",
        "metrics": {
            "alpha": null,
            "arithmetic_mean_ratio": null,
            "average_div_yld": null,
            "average_pb": null,
            "average_pe": null,
            "avg_maturity": null,
            "beta": null,
            "correlation_ratio": null,
            "downside_deviation": null,
            "information_ratio": null,
            "macaulay": null,
            "mod_duration": null,
            "port_turnover_ratio": null,
            "r_squared_ratio": null,
            "roe_ratio": null,
            "sharpe": null,
            "sortino_ratio": null,
            "std_dev": null,
            "tracking_error": null,
            "treynor_ratio": null,
            "upside_deviation": null,
            "ytm": null
        },
        "min_addl_amt": "",
        "min_addl_amt_multiple": "",
        "min_amt": "",
        "min_amt_multiple": "",
        "monthly_aaum_date": "31-03-2025",
        "monthly_aaum_value": "\u20b9 6,300.85",
        "mutual_fund_name": "Motilal Oswal Mutual Fund",
        "page_number": [
            3
        ],
        "scheme_launch_date": ""
    },
    "Motilal Oswal Nifty 500 Index Fund": {
        "amc_name": "Motilal Oswal Asset Management Company Limited",
        "benchmark_index": "",
        "fund_manager": [
            {
                "managing_fund_since": "Inception",
                "name": "Swapnil Mayekar Swapnil",
                "qualification": "",
                "total_exp": "13 Years"
            },
            {
                "managing_fund_since": "20-Dec-2024",
                "name": "Rakesh Shetty",
                "qualification": "",
                "total_exp": "14 Years"
            }
        ],
        "load": {
            "entry_load": "Nil",
            "exit_load": "1- If redeemed on or before 15 days from the date of allotment. Nil- If redeemed after 15 days from the date of allotment."
        },
        "main_scheme_name": "Motilal Oswal Nifty 500 Index Fund",
        "metrics": {
            "alpha": null,
            "arithmetic_mean_ratio": null,
            "average_div_yld": null,
            "average_pb": null,
            "average_pe": null,
            "avg_maturity": null,
            "beta": "1.0",
            "correlation_ratio": null,
            "downside_deviation": null,
            "information_ratio": null,
            "macaulay": null,
            "mod_duration": null,
            "port_turnover_ratio": "0.21",
            "r_squared_ratio": null,
            "roe_ratio": null,
            "sharpe": "0.5",
            "sortino_ratio": null,
            "std_dev": "13.6",
            "tracking_error": null,
            "treynor_ratio": null,
            "upside_deviation": null,
            "ytm": null
        },
        "min_addl_amt": "",
        "min_addl_amt_multiple": "",
        "min_amt": "",
        "min_amt_multiple": "",
        "monthly_aaum_date": "31-03-2025",
        "monthly_aaum_value": "\u20b9 2,034.76",
        "mutual_fund_name": "Motilal Oswal Mutual Fund",
        "page_number": [
            4
        ],
        "scheme_launch_date": ""
    },
    "Motilal Oswal Nifty Midcap 150 Index Fund": {
        "amc_name": "Motilal Oswal Asset Management Company Limited",
        "benchmark_index": "Nifty Midcap 150 Index TRI ",
        "fund_manager": [
            {
                "managing_fund_since": "Inception",
                "name": "Swapnil Mayekar Swapnil",
                "qualification": "",
                "total_exp": "13 Years"
            },
            {
                "managing_fund_since": "20-Dec-2024",
                "name": "Rakesh Shetty",
                "qualification": "",
                "total_exp": "14 Years"
            }
        ],
        "load": {
            "entry_load": "Nil",
            "exit_load": "1 - If redeemed on or before 15 days from the date of allotment. Nil - If redeemed after 15 days from the date of allotment."
        },
        "main_scheme_name": "Motilal Oswal Nifty Midcap 150 Index Fund",
        "metrics": {
            "alpha": null,
            "arithmetic_mean_ratio": null,
            "average_div_yld": null,
            "average_pb": null,
            "average_pe": null,
            "avg_maturity": null,
            "beta": "1.0",
            "correlation_ratio": null,
            "downside_deviation": null,
            "information_ratio": null,
            "macaulay": null,
            "mod_duration": null,
            "port_turnover_ratio": "0.34",
            "r_squared_ratio": null,
            "roe_ratio": null,
            "sharpe": "0.8",
            "sortino_ratio": null,
            "std_dev": "16.0",
            "tracking_error": null,
            "treynor_ratio": null,
            "upside_deviation": null,
            "ytm": null
        },
        "min_addl_amt": "",
        "min_addl_amt_multiple": "",
        "min_amt": "",
        "min_amt_multiple": "",
        "monthly_aaum_date": "31-03-2025",
        "monthly_aaum_value": "\u20b9 1,995.11",
        "mutual_fund_name": "Motilal Oswal Mutual Fund",
        "page_number": [
            5
        ],
        "scheme_launch_date": ""
    },
    "Motilal Oswal Nifty Smallcap 250 Index Fund": {
        "amc_name": "Motilal Oswal Asset Management Company Limited",
        "benchmark_index": "Index FundNifty Smallcap 250 TRI ",
        "fund_manager": [
            {
                "managing_fund_since": "Inception",
                "name": "Swapnil Mayekar Swapnil",
                "qualification": "",
                "total_exp": "13 Years"
            },
            {
                "managing_fund_since": "20-Dec-2024",
                "name": "Rakesh Shetty",
                "qualification": "",
                "total_exp": "14 Years"
            }
        ],
        "load": {
            "entry_load": "Nil",
            "exit_load": "1 - If redeemed on or before 15 days from the date of allotment. Nil - If redeemed after 15 days from the date of allotment."
        },
        "main_scheme_name": "Motilal Oswal Nifty Smallcap 250 Index Fund",
        "metrics": {
            "alpha": null,
            "arithmetic_mean_ratio": null,
            "average_div_yld": null,
            "average_pb": null,
            "average_pe": null,
            "avg_maturity": null,
            "beta": "1.0",
            "correlation_ratio": null,
            "downside_deviation": null,
            "information_ratio": null,
            "macaulay": null,
            "mod_duration": null,
            "port_turnover_ratio": "0.55",
            "r_squared_ratio": null,
            "roe_ratio": null,
            "sharpe": "0.5",
            "sortino_ratio": null,
            "std_dev": "19.1",
            "tracking_error": null,
            "treynor_ratio": null,
            "upside_deviation": null,
            "ytm": null
        },
        "min_addl_amt": "",
        "min_addl_amt_multiple": "",
        "min_amt": "",
        "min_amt_multiple": "",
        "monthly_aaum_date": "31-03-2025",
        "monthly_aaum_value": "\u20b9 829.55",
        "mutual_fund_name": "Motilal Oswal Mutual Fund",
        "page_number": [
            6
        ],
        "scheme_launch_date": ""
    },
    "Motilal Oswal Nifty Bank Index Fund": {
        "amc_name": "Motilal Oswal Asset Management Company Limited",
        "benchmark_index": "",
        "fund_manager": [
            {
                "managing_fund_since": "Inception",
                "name": "Swapnil Mayekar Swapnil",
                "qualification": "",
                "total_exp": "13 Years"
            },
            {
                "managing_fund_since": "20-Dec-2024",
                "name": "Rakesh Shetty",
                "qualification": "",
                "total_exp": "14 Years"
            }
        ],
        "load": {
            "entry_load": "Nil",
            "exit_load": "1- If redeemed on or before 15 days from the date of allotment. Nil- If redeemed after 15 days from the date of allotment."
        },
        "main_scheme_name": "Motilal Oswal Nifty Bank Index Fund",
        "metrics": {
            "alpha": null,
            "arithmetic_mean_ratio": null,
            "average_div_yld": null,
            "average_pb": null,
            "average_pe": null,
            "avg_maturity": null,
            "beta": "1.0",
            "correlation_ratio": null,
            "downside_deviation": null,
            "information_ratio": null,
            "macaulay": null,
            "mod_duration": null,
            "port_turnover_ratio": "0.32",
            "r_squared_ratio": null,
            "roe_ratio": null,
            "sharpe": "0.2",
            "sortino_ratio": null,
            "std_dev": "14.3",
            "tracking_error": null,
            "treynor_ratio": null,
            "upside_deviation": null,
            "ytm": null
        },
        "min_addl_amt": "",
        "min_addl_amt_multiple": "",
        "min_amt": "",
        "min_amt_multiple": "",
        "monthly_aaum_date": "31-03-2025",
        "monthly_aaum_value": "\u20b9 583.95",
        "mutual_fund_name": "Motilal Oswal Mutual Fund",
        "page_number": [
            7
        ],
        "scheme_launch_date": ""
    },
    "Motilal Oswal Nifty 50 Index Fund": {
        "amc_name": "Motilal Oswal Asset Management Company Limited",
        "benchmark_index": "Index FundNifty 50 TRI ",
        "fund_manager": [
            {
                "managing_fund_since": "Inception",
                "name": "Swapnil Mayekar Swapnil",
                "qualification": "",
                "total_exp": "13 Years"
            },
            {
                "managing_fund_since": "20-Dec-2024",
                "name": "Rakesh Shetty",
                "qualification": "",
                "total_exp": "14 Years"
            }
        ],
        "load": {
            "entry_load": "Nil",
            "exit_load": "Nil"
        },
        "main_scheme_name": "Motilal Oswal Nifty 50 Index Fund",
        "metrics": {
            "alpha": null,
            "arithmetic_mean_ratio": null,
            "average_div_yld": null,
            "average_pb": null,
            "average_pe": null,
            "avg_maturity": null,
            "beta": "1.0",
            "correlation_ratio": null,
            "downside_deviation": null,
            "information_ratio": null,
            "macaulay": null,
            "mod_duration": null,
            "port_turnover_ratio": "0.13",
            "r_squared_ratio": null,
            "roe_ratio": null,
            "sharpe": "0.4",
            "sortino_ratio": null,
            "std_dev": "12.6",
            "tracking_error": null,
            "treynor_ratio": null,
            "upside_deviation": null,
            "ytm": null
        },
        "min_addl_amt": "",
        "min_addl_amt_multiple": "",
        "min_amt": "",
        "min_amt_multiple": "",
        "monthly_aaum_date": "31-03-2025",
        "monthly_aaum_value": "\u20b9 582.61",
        "mutual_fund_name": "Motilal Oswal Mutual Fund",
        "page_number": [
            8
        ],
        "scheme_launch_date": ""
    },
    "Motilal Oswal Nifty Next 50 Index Fund": {
        "amc_name": "Motilal Oswal Asset Management Company Limited",
        "benchmark_index": "",
        "fund_manager": [
            {
                "managing_fund_since": "Inception",
                "name": "Swapnil Mayekar Swapnil",
                "qualification": "",
                "total_exp": "13 Years"
            },
            {
                "managing_fund_since": "15-Oct-2024",
                "name": "Dishant Mehta",
                "qualification": "",
                "total_exp": "11 Years"
            },
            {
                "managing_fund_since": "20-Dec-2024",
                "name": "Rakesh Shetty",
                "qualification": "",
                "total_exp": "14 Years"
            }
        ],
        "load": {
            "entry_load": "Nil",
            "exit_load": "1 - If redeemed on or before 15 days from the date of allotment. Nil - If redeemed after 15 days from the date of allotment."
        },
        "main_scheme_name": "Motilal Oswal Nifty Next 50 Index Fund",
        "metrics": {
            "alpha": null,
            "arithmetic_mean_ratio": null,
            "average_div_yld": null,
            "average_pb": null,
            "average_pe": null,
            "avg_maturity": null,
            "beta": "1.0",
            "correlation_ratio": null,
            "downside_deviation": null,
            "information_ratio": null,
            "macaulay": null,
            "mod_duration": null,
            "port_turnover_ratio": "0.77",
            "r_squared_ratio": null,
            "roe_ratio": null,
            "sharpe": "0.5",
            "sortino_ratio": null,
            "std_dev": "18.5",
            "tracking_error": null,
            "treynor_ratio": null,
            "upside_deviation": null,
            "ytm": null
        },
        "min_addl_amt": "",
        "min_addl_amt_multiple": "",
        "min_amt": "",
        "min_amt_multiple": "",
        "monthly_aaum_date": "31-03-2025",
        "monthly_aaum_value": "\u20b9 288.64",
        "mutual_fund_name": "Motilal Oswal Mutual Fund",
        "page_number": [
            9
        ],
        "scheme_launch_date": ""
    },
    "Motilal Oswal S&P 500 Index Fund": {
        "amc_name": "Motilal Oswal Asset Management Company Limited",
        "benchmark_index": "S&P 500 Index TRI ",
        "fund_manager": [
            {
                "managing_fund_since": "22-Nov-2022",
                "name": "Rakesh Shetty",
                "qualification": "",
                "total_exp": "14 Years"
            }
        ],
        "load": {
            "entry_load": "Nil",
            "exit_load": "1- If redeemed on or before 7 days from the date of allotment. Nil- If redeemed after 7 days from the date of allotment"
        },
        "main_scheme_name": "Motilal Oswal S&P 500 Index Fund",
        "metrics": {
            "alpha": null,
            "arithmetic_mean_ratio": null,
            "average_div_yld": null,
            "average_pb": null,
            "average_pe": null,
            "avg_maturity": null,
            "beta": "1.0",
            "correlation_ratio": null,
            "downside_deviation": null,
            "information_ratio": null,
            "macaulay": null,
            "mod_duration": null,
            "port_turnover_ratio": "0.05",
            "r_squared_ratio": null,
            "roe_ratio": null,
            "sharpe": "0.7",
            "sortino_ratio": null,
            "std_dev": "13.8",
            "tracking_error": null,
            "treynor_ratio": null,
            "upside_deviation": null,
            "ytm": null
        },
        "min_addl_amt": "",
        "min_addl_amt_multiple": "",
        "min_amt": "",
        "min_amt_multiple": "",
        "monthly_aaum_date": "31-03-2025",
        "monthly_aaum_value": "\u20b9 3,830.27",
        "mutual_fund_name": "Motilal Oswal Mutual Fund",
        "page_number": [
            10
        ],
        "scheme_launch_date": ""
    },
    "Motilal Oswal Nifty 50 ETF": {
        "amc_name": "Motilal Oswal Asset Management Company Limited",
        "benchmark_index": "Nifty 50 TRI ",
        "fund_manager": [
            {
                "managing_fund_since": "26-July-2019",
                "name": "Swapnil Mayekar",
                "qualification": "",
                "total_exp": "13 Years"
            },
            {
                "managing_fund_since": "20-Dec-2024",
                "name": "Rakesh Shetty",
                "qualification": "",
                "total_exp": "14 Years"
            }
        ],
        "load": {
            "entry_load": "Nil",
            "exit_load": "Nil"
        },
        "main_scheme_name": "Motilal Oswal Nifty 50 ETF",
        "metrics": {
            "alpha": null,
            "arithmetic_mean_ratio": null,
            "average_div_yld": null,
            "average_pb": null,
            "average_pe": null,
            "avg_maturity": null,
            "beta": "1.0",
            "correlation_ratio": null,
            "downside_deviation": null,
            "information_ratio": null,
            "macaulay": null,
            "mod_duration": null,
            "port_turnover_ratio": "0.12",
            "r_squared_ratio": null,
            "roe_ratio": null,
            "sharpe": "0.4",
            "sortino_ratio": null,
            "std_dev": "12.5",
            "tracking_error": null,
            "treynor_ratio": null,
            "upside_deviation": null,
            "ytm": null
        },
        "min_addl_amt": "",
        "min_addl_amt_multiple": "",
        "min_amt": "",
        "min_amt_multiple": "",
        "monthly_aaum_date": "31-03-2025",
        "monthly_aaum_value": "\u20b9 48.53",
        "mutual_fund_name": "Motilal Oswal Mutual Fund",
        "page_number": [
            11
        ],
        "scheme_launch_date": ""
    },
    "Motilal Oswal Nifty Midcap 100 ETF": {
        "amc_name": "Motilal Oswal Asset Management Company Limited",
        "benchmark_index": "Nifty Midcap 100 TRI ",
        "fund_manager": [
            {
                "managing_fund_since": "26-July-2019",
                "name": "Swapnil Mayekar",
                "qualification": "",
                "total_exp": "13 Years"
            },
            {
                "managing_fund_since": "20-Dec-2024",
                "name": "Rakesh Shetty",
                "qualification": "",
                "total_exp": "14 Years"
            }
        ],
        "load": {
            "entry_load": "Nil",
            "exit_load": "Nil"
        },
        "main_scheme_name": "Motilal Oswal Nifty Midcap 100 ETF",
        "metrics": {
            "alpha": null,
            "arithmetic_mean_ratio": null,
            "average_div_yld": null,
            "average_pb": null,
            "average_pe": null,
            "avg_maturity": null,
            "beta": "1.0",
            "correlation_ratio": null,
            "downside_deviation": null,
            "information_ratio": null,
            "macaulay": null,
            "mod_duration": null,
            "port_turnover_ratio": "0.41",
            "r_squared_ratio": null,
            "roe_ratio": null,
            "sharpe": "0.9",
            "sortino_ratio": null,
            "std_dev": "16.8",
            "tracking_error": null,
            "treynor_ratio": null,
            "upside_deviation": null,
            "ytm": null
        },
        "min_addl_amt": "",
        "min_addl_amt_multiple": "",
        "min_amt": "",
        "min_amt_multiple": "",
        "monthly_aaum_date": "31-03-2025",
        "monthly_aaum_value": "\u20b9 528.30",
        "mutual_fund_name": "Motilal Oswal Mutual Fund",
        "page_number": [
            12
        ],
        "scheme_launch_date": ""
    },
    "Motilal Oswal Nasdaq 100 ETF": {
        "amc_name": "Motilal Oswal Asset Management Company Limited",
        "benchmark_index": "NASDAQ - 100 TRI ",
        "fund_manager": [],
        "load": {
            "entry_load": "Nil",
            "exit_load": "Nil"
        },
        "main_scheme_name": "Motilal Oswal Nasdaq 100 ETF",
        "metrics": {
            "alpha": null,
            "arithmetic_mean_ratio": null,
            "average_div_yld": null,
            "average_pb": null,
            "average_pe": null,
            "avg_maturity": null,
            "beta": "1.0",
            "correlation_ratio": null,
            "downside_deviation": null,
            "information_ratio": null,
            "macaulay": null,
            "mod_duration": null,
            "port_turnover_ratio": "0.15",
            "r_squared_ratio": null,
            "roe_ratio": null,
            "sharpe": "0.7",
            "sortino_ratio": null,
            "std_dev": "17.6",
            "tracking_error": null,
            "treynor_ratio": null,
            "upside_deviation": null,
            "ytm": null
        },
        "min_addl_amt": "",
        "min_addl_amt_multiple": "",
        "min_amt": "",
        "min_amt_multiple": "",
        "monthly_aaum_date": "31-03-2025",
        "monthly_aaum_value": "\u20b9 9,063.11",
        "mutual_fund_name": "Motilal Oswal Mutual Fund",
        "page_number": [
            13
        ],
        "scheme_launch_date": ""
    },
    "Motilal Oswal Nifty 5 year Benchmark G-Sec ETF": {
        "amc_name": "Motilal Oswal Asset Management Company Limited",
        "benchmark_index": "Nifty 5 year Benchmark G-sec TRI ",
        "fund_manager": [
            {
                "managing_fund_since": "22-Nov-2022",
                "name": "Rakesh Shetty",
                "qualification": "",
                "total_exp": "14 Years"
            }
        ],
        "load": {
            "entry_load": "Nil",
            "exit_load": "Nil"
        },
        "main_scheme_name": "Motilal Oswal Nifty 5 year Benchmark G-Sec ETF",
        "metrics": {
            "alpha": null,
            "arithmetic_mean_ratio": null,
            "average_div_yld": null,
            "average_pb": null,
            "average_pe": null,
            "avg_maturity": null,
            "beta": null,
            "correlation_ratio": null,
            "downside_deviation": null,
            "information_ratio": null,
            "macaulay": null,
            "mod_duration": null,
            "port_turnover_ratio": null,
            "r_squared_ratio": null,
            "roe_ratio": null,
            "sharpe": null,
            "sortino_ratio": null,
            "std_dev": null,
            "tracking_error": null,
            "treynor_ratio": null,
            "upside_deviation": null,
            "ytm": null
        },
        "min_addl_amt": "",
        "min_addl_amt_multiple": "",
        "min_amt": "",
        "min_amt_multiple": "",
        "monthly_aaum_date": "31-03-2025",
        "monthly_aaum_value": "\u20b9 95.85",
        "mutual_fund_name": "Motilal Oswal Mutual Fund",
        "page_number": [
            14
        ],
        "scheme_launch_date": ""
    },
    "Motilal Oswal 5 Year G-sec Fund Of Fund": {
        "amc_name": "Motilal Oswal Asset Management Company Limited",
        "benchmark_index": "Nifty 5 yr Benchmark G-sec TRI ",
        "fund_manager": [
            {
                "managing_fund_since": "22-Nov-2022",
                "name": "Rakesh Shetty",
                "qualification": "",
                "total_exp": "14 Years"
            }
        ],
        "load": {
            "entry_load": "Nil",
            "exit_load": "1 -If redeemed on or before 15 days from the date of allotment. Nil- If redeemed after 15 days from the date of allotment."
        },
        "main_scheme_name": "Motilal Oswal 5 Year G-sec Fund Of Fund",
        "metrics": {
            "alpha": null,
            "arithmetic_mean_ratio": null,
            "average_div_yld": null,
            "average_pb": null,
            "average_pe": null,
            "avg_maturity": null,
            "beta": null,
            "correlation_ratio": null,
            "downside_deviation": null,
            "information_ratio": null,
            "macaulay": null,
            "mod_duration": null,
            "port_turnover_ratio": null,
            "r_squared_ratio": null,
            "roe_ratio": null,
            "sharpe": null,
            "sortino_ratio": null,
            "std_dev": null,
            "tracking_error": null,
            "treynor_ratio": null,
            "upside_deviation": null,
            "ytm": null
        },
        "min_addl_amt": "",
        "min_addl_amt_multiple": "",
        "min_amt": "",
        "min_amt_multiple": "",
        "monthly_aaum_date": "31-03-2025",
        "monthly_aaum_value": "\u20b9 30.34",
        "mutual_fund_name": "Motilal Oswal Mutual Fund",
        "page_number": [
            15
        ],
        "scheme_launch_date": ""
    },
    "Motilal Oswal Asset Allocation Passive Fund of Fund - Aggressive": {
        "amc_name": "Motilal Oswal Asset Management Company Limited",
        "benchmark_index": "50% Nifty 500 TRI + 20% S&P 500 TRI (INR) + 10% Domestic Price of Gold + 20% Nifty 5 Yr Benchmark G-Sec Index ",
        "fund_manager": [
            {
                "managing_fund_since": "24-Dec-2024",
                "name": "Bhalchandra Shinde Has Been",
                "qualification": "",
                "total_exp": "13 Years"
            },
            {
                "managing_fund_since": "22-Nov-2022",
                "name": "Rakesh Shetty",
                "qualification": "",
                "total_exp": "14 Years"
            }
        ],
        "load": {
            "entry_load": "Nil",
            "exit_load": "1 - If redeemed on or before 15 days from the date of allotment. Nil - If redeemed after 15 days from the date of allotment. Total Expenses Ratio Direct 0.10 Regular 0.53 Note - Investors are requested to note that they will be bearing the recurring expenses of the fund of funds (FoF) scheme, in addition to the expenses of underlying scheme (0.24 of Motilal Oswal Nifty 5 YR Benchmark G-Sec ETF (Formerly known as Motilal Oswal 5 Year G Sec ETF)), (0.20 of Motilal Oswal Nifty 500 Index Fund (Formerly known as Motilal Oswal Nifty 500 Fund)), (0.62 of Motilal Oswal SP 500 Index Fund), (0.50 of ICICI Prudential Gold ETF) in which the fund of funds scheme makes investments."
        },
        "main_scheme_name": "Motilal Oswal Asset Allocation Passive Fund of Fund - Aggressive",
        "metrics": {
            "alpha": null,
            "arithmetic_mean_ratio": null,
            "average_div_yld": null,
            "average_pb": null,
            "average_pe": null,
            "avg_maturity": null,
            "beta": "1.0",
            "correlation_ratio": null,
            "downside_deviation": null,
            "information_ratio": null,
            "macaulay": null,
            "mod_duration": null,
            "port_turnover_ratio": null,
            "r_squared_ratio": null,
            "roe_ratio": null,
            "sharpe": "0.7",
            "sortino_ratio": null,
            "std_dev": "9.0",
            "tracking_error": null,
            "treynor_ratio": null,
            "upside_deviation": null,
            "ytm": null
        },
        "min_addl_amt": "",
        "min_addl_amt_multiple": "",
        "min_amt": "",
        "min_amt_multiple": "",
        "monthly_aaum_date": "31-03-2025",
        "monthly_aaum_value": "\u20b9 69.57",
        "mutual_fund_name": "Motilal Oswal Mutual Fund",
        "page_number": [
            16
        ],
        "scheme_launch_date": ""
    },
    "Motilal Oswal Asset Allocation Passive Fund of Fund Conservative": {
        "amc_name": "Motilal Oswal Asset Management Company Limited",
        "benchmark_index": "30% Nifty 500 TRI + 10% S&P 500 TRI (INR) + 10% Domestic Price of Gold + 50% Nifty 5 Yr Benchmark G-Sec Index ",
        "fund_manager": [
            {
                "managing_fund_since": "24-Dec-2024",
                "name": "Bhalchandra Shinde Has Been",
                "qualification": "",
                "total_exp": "13 Years"
            }
        ],
        "load": {
            "entry_load": "Nil",
            "exit_load": "1 - If redeemed on or before 15 days from the date of allotment. Nil - If redeemed after 15 days from the date of allotment. Total Expenses Ratio Direct 0.06 Regular 0.50 Note - Investors are requested to note that they will be bearing the recurring expenses of the fund of funds (FoF) scheme, in addition to the expenses of underlying scheme (0.24 of Motilal Oswal Nifty 5 YR Benchmark G-Sec ETF (Formerly known as Motilal Oswal 5 Year G Sec ETF)), (0.20 of Motilal Oswal Nifty 500 Index Fund (Formerly known as Motilal Oswal Nifty 500 Fund)), (0.62 of Motilal Oswal SP 500 Index Fund), (0.50 of ICICI Prudential Gold ETF) in which the fund of funds scheme makes investments."
        },
        "main_scheme_name": "Motilal Oswal Asset Allocation Passive Fund of Fund Conservative",
        "metrics": {
            "alpha": null,
            "arithmetic_mean_ratio": null,
            "average_div_yld": null,
            "average_pb": null,
            "average_pe": null,
            "avg_maturity": null,
            "beta": "1.0",
            "correlation_ratio": null,
            "downside_deviation": null,
            "information_ratio": null,
            "macaulay": null,
            "mod_duration": null,
            "port_turnover_ratio": null,
            "r_squared_ratio": null,
            "roe_ratio": null,
            "sharpe": "0.6",
            "sortino_ratio": null,
            "std_dev": "5.8",
            "tracking_error": null,
            "treynor_ratio": null,
            "upside_deviation": null,
            "ytm": null
        },
        "min_addl_amt": "",
        "min_addl_amt_multiple": "",
        "min_amt": "",
        "min_amt_multiple": "",
        "monthly_aaum_date": "31-03-2025",
        "monthly_aaum_value": "\u20b9 43.19",
        "mutual_fund_name": "Motilal Oswal Mutual Fund",
        "page_number": [
            17
        ],
        "scheme_launch_date": ""
    },
    "Motilal Oswal Nasdaq Q 50 ETF": {
        "amc_name": "Motilal Oswal Asset Management Company Limited",
        "benchmark_index": "Nasdaq Q-50 TRI ",
        "fund_manager": [
            {
                "managing_fund_since": "22-Nov-2022",
                "name": "Rakesh Shetty",
                "qualification": "",
                "total_exp": "14 Years"
            }
        ],
        "load": {
            "entry_load": "Nil",
            "exit_load": "Nil Total Expenses Ratio Regular 0.47"
        },
        "main_scheme_name": "Motilal Oswal Nasdaq Q 50 ETF",
        "metrics": {
            "alpha": null,
            "arithmetic_mean_ratio": null,
            "average_div_yld": null,
            "average_pb": null,
            "average_pe": null,
            "avg_maturity": null,
            "beta": "1.0",
            "correlation_ratio": null,
            "downside_deviation": null,
            "information_ratio": null,
            "macaulay": null,
            "mod_duration": null,
            "port_turnover_ratio": null,
            "r_squared_ratio": null,
            "roe_ratio": null,
            "sharpe": "0.3",
            "sortino_ratio": null,
            "std_dev": "18.7",
            "tracking_error": null,
            "treynor_ratio": null,
            "upside_deviation": null,
            "ytm": null
        },
        "min_addl_amt": "",
        "min_addl_amt_multiple": "",
        "min_amt": "",
        "min_amt_multiple": "",
        "monthly_aaum_date": "31-03-2025",
        "monthly_aaum_value": "\u20b9 60.30",
        "mutual_fund_name": "Motilal Oswal Mutual Fund",
        "page_number": [
            18
        ],
        "scheme_launch_date": ""
    },
    "Motilal Oswal Nifty 200 Momentum 30 ETF": {
        "amc_name": "Motilal Oswal Asset Management Company Limited",
        "benchmark_index": "Nifty 200 Momentum 30 Total Return Index ",
        "fund_manager": [
            {
                "managing_fund_since": "10-Feb-2022",
                "name": "Swapnil Mayekar",
                "qualification": "",
                "total_exp": "13 Years"
            },
            {
                "managing_fund_since": "15-Oct-2024",
                "name": "Dishant Mehta",
                "qualification": "",
                "total_exp": "11 Years"
            },
            {
                "managing_fund_since": "22-Nov-2022",
                "name": "Rakesh Shetty",
                "qualification": "",
                "total_exp": "14 Years"
            }
        ],
        "load": {
            "entry_load": "Nil",
            "exit_load": "Nil Total Expenses Ratio Regular 0.30"
        },
        "main_scheme_name": "Motilal Oswal Nifty 200 Momentum 30 ETF",
        "metrics": {
            "alpha": null,
            "arithmetic_mean_ratio": null,
            "average_div_yld": null,
            "average_pb": null,
            "average_pe": null,
            "avg_maturity": null,
            "beta": null,
            "correlation_ratio": null,
            "downside_deviation": null,
            "information_ratio": null,
            "macaulay": null,
            "mod_duration": null,
            "port_turnover_ratio": null,
            "r_squared_ratio": null,
            "roe_ratio": null,
            "sharpe": null,
            "sortino_ratio": null,
            "std_dev": null,
            "tracking_error": null,
            "treynor_ratio": null,
            "upside_deviation": null,
            "ytm": null
        },
        "min_addl_amt": "",
        "min_addl_amt_multiple": "",
        "min_amt": "",
        "min_amt_multiple": "",
        "monthly_aaum_date": "31-03-2025",
        "monthly_aaum_value": "\u20b9 114.86",
        "mutual_fund_name": "Motilal Oswal Mutual Fund",
        "page_number": [
            19
        ],
        "scheme_launch_date": ""
    },
    "Motilal Oswal Nifty 200 Momentum 30 Index Fund": {
        "amc_name": "Motilal Oswal Asset Management Company Limited",
        "benchmark_index": "Nifty 200 Momentum 30 Total Return Index ",
        "fund_manager": [
            {
                "managing_fund_since": "10-Feb-2022",
                "name": "Swapnil Mayekar",
                "qualification": "",
                "total_exp": "13 Years"
            },
            {
                "managing_fund_since": "15-Oct-2024",
                "name": "Dishant Mehta",
                "qualification": "",
                "total_exp": "11 Years"
            },
            {
                "managing_fund_since": "22-Nov-2022",
                "name": "Rakesh Shetty",
                "qualification": "",
                "total_exp": "14 Years"
            }
        ],
        "load": {
            "entry_load": "Nil",
            "exit_load": "1 - If redeemed on or before 15 days from the date of allotment. Nil - If redeemed after 15 days from the date of allotment. Total Expenses Ratio Direct 0.31 Regular 0.99"
        },
        "main_scheme_name": "Motilal Oswal Nifty 200 Momentum 30 Index Fund",
        "metrics": {
            "alpha": null,
            "arithmetic_mean_ratio": null,
            "average_div_yld": null,
            "average_pb": null,
            "average_pe": null,
            "avg_maturity": null,
            "beta": null,
            "correlation_ratio": null,
            "downside_deviation": null,
            "information_ratio": null,
            "macaulay": null,
            "mod_duration": null,
            "port_turnover_ratio": null,
            "r_squared_ratio": null,
            "roe_ratio": null,
            "sharpe": null,
            "sortino_ratio": null,
            "std_dev": null,
            "tracking_error": null,
            "treynor_ratio": null,
            "upside_deviation": null,
            "ytm": null
        },
        "min_addl_amt": "",
        "min_addl_amt_multiple": "",
        "min_amt": "",
        "min_amt_multiple": "",
        "monthly_aaum_date": "31-03-2025",
        "monthly_aaum_value": "\u20b9 864.81",
        "mutual_fund_name": "Motilal Oswal Mutual Fund",
        "page_number": [
            20
        ],
        "scheme_launch_date": ""
    },
    "Motilal Oswal BSE Low Volatility Index Fund": {
        "amc_name": "Motilal Oswal Asset Management Company Limited",
        "benchmark_index": "BSE Low Volatility Total Return Index ",
        "fund_manager": [
            {
                "managing_fund_since": "23-Mar-2022",
                "name": "Swapnil Mayekar",
                "qualification": "",
                "total_exp": "13 Years"
            },
            {
                "managing_fund_since": "15-Oct-2024",
                "name": "Dishant Mehta",
                "qualification": "",
                "total_exp": "11 Years"
            },
            {
                "managing_fund_since": "22-Nov-2022",
                "name": "Rakesh Shetty",
                "qualification": "",
                "total_exp": "14 Years"
            }
        ],
        "load": {
            "entry_load": "Nil",
            "exit_load": "1 - If redeemed on or before 15 days from the date of allotment. Nil - If redeemed after 15 days from the date of allotment. Total Expenses Ratio Direct 0.43 Regular 1.03"
        },
        "main_scheme_name": "Motilal Oswal BSE Low Volatility Index Fund",
        "metrics": {
            "alpha": null,
            "arithmetic_mean_ratio": null,
            "average_div_yld": null,
            "average_pb": null,
            "average_pe": null,
            "avg_maturity": null,
            "beta": null,
            "correlation_ratio": null,
            "downside_deviation": null,
            "information_ratio": null,
            "macaulay": null,
            "mod_duration": null,
            "port_turnover_ratio": null,
            "r_squared_ratio": null,
            "roe_ratio": null,
            "sharpe": null,
            "sortino_ratio": null,
            "std_dev": null,
            "tracking_error": null,
            "treynor_ratio": null,
            "upside_deviation": null,
            "ytm": null
        },
        "min_addl_amt": "",
        "min_addl_amt_multiple": "",
        "min_amt": "",
        "min_amt_multiple": "",
        "monthly_aaum_date": "31-03-2025",
        "monthly_aaum_value": "\u20b9 106.78",
        "mutual_fund_name": "Motilal Oswal Mutual Fund",
        "page_number": [
            21
        ],
        "scheme_launch_date": ""
    },
    "Motilal Oswal BSE Low Volatility ETF": {
        "amc_name": "Motilal Oswal Asset Management Company Limited",
        "benchmark_index": "BSE Low Volatility Total Return Index ",
        "fund_manager": [
            {
                "managing_fund_since": "23-Mar-2022",
                "name": "Swapnil Mayekar",
                "qualification": "",
                "total_exp": "13 Years"
            },
            {
                "managing_fund_since": "15-Oct-2024",
                "name": "Dishant Mehta",
                "qualification": "",
                "total_exp": "11 Years"
            },
            {
                "managing_fund_since": "22-Nov-2022",
                "name": "Rakesh Shetty",
                "qualification": "",
                "total_exp": "14 Years"
            }
        ],
        "load": {
            "entry_load": "Nil",
            "exit_load": "Nil Total Expenses Ratio Regular 0.37"
        },
        "main_scheme_name": "Motilal Oswal BSE Low Volatility ETF",
        "metrics": {
            "alpha": null,
            "arithmetic_mean_ratio": null,
            "average_div_yld": null,
            "average_pb": null,
            "average_pe": null,
            "avg_maturity": null,
            "beta": null,
            "correlation_ratio": null,
            "downside_deviation": null,
            "information_ratio": null,
            "macaulay": null,
            "mod_duration": null,
            "port_turnover_ratio": null,
            "r_squared_ratio": null,
            "roe_ratio": null,
            "sharpe": null,
            "sortino_ratio": null,
            "std_dev": null,
            "tracking_error": null,
            "treynor_ratio": null,
            "upside_deviation": null,
            "ytm": null
        },
        "min_addl_amt": "",
        "min_addl_amt_multiple": "",
        "min_amt": "",
        "min_amt_multiple": "",
        "monthly_aaum_date": "31-03-2025",
        "monthly_aaum_value": "\u20b9 95.19",
        "mutual_fund_name": "Motilal Oswal Mutual Fund",
        "page_number": [
            22
        ],
        "scheme_launch_date": ""
    },
    "Motilal Oswal BSE Financials ex Bank 30 Index Fund": {
        "amc_name": "Motilal Oswal Asset Management Company Limited",
        "benchmark_index": "BSE Financials ex Bank 30 Total Return Index ",
        "fund_manager": [
            {
                "managing_fund_since": "29-July-2022",
                "name": "Swapnil Mayekar",
                "qualification": "",
                "total_exp": "13 Years"
            },
            {
                "managing_fund_since": "15-Oct-2024",
                "name": "Dishant Mehta",
                "qualification": "",
                "total_exp": "11 Years"
            },
            {
                "managing_fund_since": "22-Nov-2022",
                "name": "Rakesh Shetty",
                "qualification": "",
                "total_exp": "14 Years"
            }
        ],
        "load": {
            "entry_load": "Nil",
            "exit_load": "1 - If redeemed on or before 15 days from the date of allotment. Nil - If redeemed after 15 days from the date of allotment. Total Expenses Ratio Direct 0.31 Regular 1.01"
        },
        "main_scheme_name": "Motilal Oswal BSE Financials ex Bank 30 Index Fund",
        "metrics": {
            "alpha": null,
            "arithmetic_mean_ratio": null,
            "average_div_yld": null,
            "average_pb": null,
            "average_pe": null,
            "avg_maturity": null,
            "beta": null,
            "correlation_ratio": null,
            "downside_deviation": null,
            "information_ratio": null,
            "macaulay": null,
            "mod_duration": null,
            "port_turnover_ratio": null,
            "r_squared_ratio": null,
            "roe_ratio": null,
            "sharpe": null,
            "sortino_ratio": null,
            "std_dev": null,
            "tracking_error": null,
            "treynor_ratio": null,
            "upside_deviation": null,
            "ytm": null
        },
        "min_addl_amt": "",
        "min_addl_amt_multiple": "",
        "min_amt": "",
        "min_amt_multiple": "",
        "monthly_aaum_date": "31-03-2025",
        "monthly_aaum_value": "\u20b9 17.46",
        "mutual_fund_name": "Motilal Oswal Mutual Fund",
        "page_number": [
            23
        ],
        "scheme_launch_date": ""
    },
    "Motilal Oswal BSE Healthcare ETF": {
        "amc_name": "Motilal Oswal Asset Management Company Limited",
        "benchmark_index": "BSE Healthcare Total Return Index ",
        "fund_manager": [
            {
                "managing_fund_since": "29-July-2022",
                "name": "Swapnil Mayekar",
                "qualification": "",
                "total_exp": "13 Years"
            },
            {
                "managing_fund_since": "15-Oct-2024",
                "name": "Dishant Mehta",
                "qualification": "",
                "total_exp": "11 Years"
            },
            {
                "managing_fund_since": "22-Nov-2022",
                "name": "Rakesh Shetty",
                "qualification": "",
                "total_exp": "14 Years"
            }
        ],
        "load": {
            "entry_load": "Nil",
            "exit_load": "Nil Total Expenses Ratio Regular 0.22"
        },
        "main_scheme_name": "Motilal Oswal BSE Healthcare ETF",
        "metrics": {
            "alpha": null,
            "arithmetic_mean_ratio": null,
            "average_div_yld": null,
            "average_pb": null,
            "average_pe": null,
            "avg_maturity": null,
            "beta": null,
            "correlation_ratio": null,
            "downside_deviation": null,
            "information_ratio": null,
            "macaulay": null,
            "mod_duration": null,
            "port_turnover_ratio": null,
            "r_squared_ratio": null,
            "roe_ratio": null,
            "sharpe": null,
            "sortino_ratio": null,
            "std_dev": null,
            "tracking_error": null,
            "treynor_ratio": null,
            "upside_deviation": null,
            "ytm": null
        },
        "min_addl_amt": "",
        "min_addl_amt_multiple": "",
        "min_amt": "",
        "min_amt_multiple": "",
        "monthly_aaum_date": "31-03-2025",
        "monthly_aaum_value": "\u20b9 32.21",
        "mutual_fund_name": "Motilal Oswal Mutual Fund",
        "page_number": [
            24
        ],
        "scheme_launch_date": ""
    },
    "Motilal Oswal BSE Enhanced Value Index Fund": {
        "amc_name": "Motilal Oswal Asset Management Company Limited",
        "benchmark_index": "BSE Enhanced Value Total Return Index ",
        "fund_manager": [
            {
                "managing_fund_since": "22-Aug-2022",
                "name": "Swapnil Mayekar",
                "qualification": "",
                "total_exp": "13 Years"
            },
            {
                "managing_fund_since": "15-Oct-2024",
                "name": "Dishant Mehta",
                "qualification": "",
                "total_exp": "11 Years"
            },
            {
                "managing_fund_since": "22-Nov-2022",
                "name": "Rakesh Shetty",
                "qualification": "",
                "total_exp": "14 Years"
            }
        ],
        "load": {
            "entry_load": "Nil",
            "exit_load": "1 - If redeemed on or before 15 days from the date of allotment. Nil - If redeemed after 15 days from the date of allotment. Total Expenses Ratio Direct 0.46 Regular 1.11"
        },
        "main_scheme_name": "Motilal Oswal BSE Enhanced Value Index Fund",
        "metrics": {
            "alpha": null,
            "arithmetic_mean_ratio": null,
            "average_div_yld": null,
            "average_pb": null,
            "average_pe": null,
            "avg_maturity": null,
            "beta": null,
            "correlation_ratio": null,
            "downside_deviation": null,
            "information_ratio": null,
            "macaulay": null,
            "mod_duration": null,
            "port_turnover_ratio": null,
            "r_squared_ratio": null,
            "roe_ratio": null,
            "sharpe": null,
            "sortino_ratio": null,
            "std_dev": null,
            "tracking_error": null,
            "treynor_ratio": null,
            "upside_deviation": null,
            "ytm": null
        },
        "min_addl_amt": "",
        "min_addl_amt_multiple": "",
        "min_amt": "",
        "min_amt_multiple": "",
        "monthly_aaum_date": "31-03-2025",
        "monthly_aaum_value": "\u20b9 747.38",
        "mutual_fund_name": "Motilal Oswal Mutual Fund",
        "page_number": [
            25
        ],
        "scheme_launch_date": ""
    },
    "Motilal Oswal BSE Enhanced Value ETF": {
        "amc_name": "Motilal Oswal Asset Management Company Limited",
        "benchmark_index": "BSE Enhanced Value Total Return Index ",
        "fund_manager": [
            {
                "managing_fund_since": "22-Aug-2022",
                "name": "Swapnil Mayekar",
                "qualification": "",
                "total_exp": "13 Years"
            },
            {
                "managing_fund_since": "15-Oct-2024",
                "name": "Dishant Mehta",
                "qualification": "",
                "total_exp": "11 Years"
            },
            {
                "managing_fund_since": "22-Nov-2022",
                "name": "Rakesh Shetty",
                "qualification": "",
                "total_exp": "14 Years"
            }
        ],
        "load": {
            "entry_load": "Nil",
            "exit_load": "Nil Total Expenses Ratio Regular 0.30"
        },
        "main_scheme_name": "Motilal Oswal BSE Enhanced Value ETF",
        "metrics": {
            "alpha": null,
            "arithmetic_mean_ratio": null,
            "average_div_yld": null,
            "average_pb": null,
            "average_pe": null,
            "avg_maturity": null,
            "beta": null,
            "correlation_ratio": null,
            "downside_deviation": null,
            "information_ratio": null,
            "macaulay": null,
            "mod_duration": null,
            "port_turnover_ratio": null,
            "r_squared_ratio": null,
            "roe_ratio": null,
            "sharpe": null,
            "sortino_ratio": null,
            "std_dev": null,
            "tracking_error": null,
            "treynor_ratio": null,
            "upside_deviation": null,
            "ytm": null
        },
        "min_addl_amt": "",
        "min_addl_amt_multiple": "",
        "min_amt": "",
        "min_amt_multiple": "",
        "monthly_aaum_date": "31-03-2025",
        "monthly_aaum_value": "\u20b9 129.81",
        "mutual_fund_name": "Motilal Oswal Mutual Fund",
        "page_number": [
            26
        ],
        "scheme_launch_date": ""
    },
    "Motilal Oswal BSE Quality Index Fund": {
        "amc_name": "Motilal Oswal Asset Management Company Limited",
        "benchmark_index": "BSE Quality Total Return Index ",
        "fund_manager": [
            {
                "managing_fund_since": "22-Aug-2022",
                "name": "Swapnil Mayekar",
                "qualification": "",
                "total_exp": "13 Years"
            },
            {
                "managing_fund_since": "15-Oct-2024",
                "name": "Dishant Mehta",
                "qualification": "",
                "total_exp": "11 Years"
            },
            {
                "managing_fund_since": "22-Nov-2022",
                "name": "Rakesh Shetty",
                "qualification": "",
                "total_exp": "14 Years"
            }
        ],
        "load": {
            "entry_load": "Nil",
            "exit_load": "1 - If redeemed on or before 15 days from the date of allotment. Nil - If redeemed after 15 days from the date of allotment. Total Expenses Ratio Direct 0.38 Regular 1.03"
        },
        "main_scheme_name": "Motilal Oswal BSE Quality Index Fund",
        "metrics": {
            "alpha": null,
            "arithmetic_mean_ratio": null,
            "average_div_yld": null,
            "average_pb": null,
            "average_pe": null,
            "avg_maturity": null,
            "beta": null,
            "correlation_ratio": null,
            "downside_deviation": null,
            "information_ratio": null,
            "macaulay": null,
            "mod_duration": null,
            "port_turnover_ratio": null,
            "r_squared_ratio": null,
            "roe_ratio": null,
            "sharpe": null,
            "sortino_ratio": null,
            "std_dev": null,
            "tracking_error": null,
            "treynor_ratio": null,
            "upside_deviation": null,
            "ytm": null
        },
        "min_addl_amt": "",
        "min_addl_amt_multiple": "",
        "min_amt": "",
        "min_amt_multiple": "",
        "monthly_aaum_date": "31-03-2025",
        "monthly_aaum_value": "\u20b9 38.49",
        "mutual_fund_name": "Motilal Oswal Mutual Fund",
        "page_number": [
            27
        ],
        "scheme_launch_date": ""
    },
    "Motilal Oswal BSE Quality ETF": {
        "amc_name": "Motilal Oswal Asset Management Company Limited",
        "benchmark_index": "BSE Quality Total Return Index ",
        "fund_manager": [
            {
                "managing_fund_since": "22-Aug-2022",
                "name": "Swapnil Mayekar",
                "qualification": "",
                "total_exp": "13 Years"
            },
            {
                "managing_fund_since": "15-Oct-2024",
                "name": "Dishant Mehta",
                "qualification": "",
                "total_exp": "11 Years"
            },
            {
                "managing_fund_since": "22-Nov-2022",
                "name": "Rakesh Shetty",
                "qualification": "",
                "total_exp": "14 Years"
            }
        ],
        "load": {
            "entry_load": "Nil",
            "exit_load": "Nil Total Expenses Ratio Regular 0.30"
        },
        "main_scheme_name": "Motilal Oswal BSE Quality ETF",
        "metrics": {
            "alpha": null,
            "arithmetic_mean_ratio": null,
            "average_div_yld": null,
            "average_pb": null,
            "average_pe": null,
            "avg_maturity": null,
            "beta": null,
            "correlation_ratio": null,
            "downside_deviation": null,
            "information_ratio": null,
            "macaulay": null,
            "mod_duration": null,
            "port_turnover_ratio": null,
            "r_squared_ratio": null,
            "roe_ratio": null,
            "sharpe": null,
            "sortino_ratio": null,
            "std_dev": null,
            "tracking_error": null,
            "treynor_ratio": null,
            "upside_deviation": null,
            "ytm": null
        },
        "min_addl_amt": "",
        "min_addl_amt_multiple": "",
        "min_amt": "",
        "min_amt_multiple": "",
        "monthly_aaum_date": "31-03-2025",
        "monthly_aaum_value": "\u20b9 17.82",
        "mutual_fund_name": "Motilal Oswal Mutual Fund",
        "page_number": [
            28
        ],
        "scheme_launch_date": ""
    },
    "Motilal Oswal Gold and Silver ETFs Fund of Funds": {
        "amc_name": "Motilal Oswal Asset Management Company Limited",
        "benchmark_index": "LBMA Price of Gold and Silver ",
        "fund_manager": [
            {
                "managing_fund_since": "24-Dec-2024",
                "name": "Bhalchandra Shinde Has Been",
                "qualification": "",
                "total_exp": "13 Years"
            },
            {
                "managing_fund_since": "24-Dec-2022",
                "name": "Rakesh Shetty",
                "qualification": "",
                "total_exp": "14 Years"
            }
        ],
        "load": {
            "entry_load": "Nil",
            "exit_load": "1 -If redeemed on or before 15 days from the date of allotment. Nil- If redeemed after 15 days from the date of allotment. Total Expenses Ratio Direct 0.15 Regular 0.50 Note - Investors are requested to note that they will be bearing the recurring expenses of the fund of funds (FoF) scheme, in addition to the expenses of underlying scheme (0.50 of ICICI Prudential Gold ETF), (0.50 of Nippon India Silver ETF), in which the fund of funds scheme makes investments."
        },
        "main_scheme_name": "Motilal Oswal Gold and Silver ETFs Fund of Funds",
        "metrics": {
            "alpha": null,
            "arithmetic_mean_ratio": null,
            "average_div_yld": null,
            "average_pb": null,
            "average_pe": null,
            "avg_maturity": null,
            "beta": null,
            "correlation_ratio": null,
            "downside_deviation": null,
            "information_ratio": null,
            "macaulay": null,
            "mod_duration": null,
            "port_turnover_ratio": null,
            "r_squared_ratio": null,
            "roe_ratio": null,
            "sharpe": null,
            "sortino_ratio": null,
            "std_dev": null,
            "tracking_error": null,
            "treynor_ratio": null,
            "upside_deviation": null,
            "ytm": null
        },
        "min_addl_amt": "",
        "min_addl_amt_multiple": "",
        "min_amt": "",
        "min_amt_multiple": "",
        "monthly_aaum_date": "31-03-2025",
        "monthly_aaum_value": "\u20b9 189.56",
        "mutual_fund_name": "Motilal Oswal Mutual Fund",
        "page_number": [
            29
        ],
        "scheme_launch_date": ""
    },
    "Motilal Oswal Nifty Microcap 250 Index Fund": {
        "amc_name": "Motilal Oswal Asset Management Company Limited",
        "benchmark_index": "Nifty Microcap 250 Total Return Index ",
        "fund_manager": [
            {
                "managing_fund_since": "05-July-2023",
                "name": "Swapnil Mayekar",
                "qualification": "",
                "total_exp": "13 Years"
            },
            {
                "managing_fund_since": "20-Dec-2024",
                "name": "Rakesh Shetty",
                "qualification": "",
                "total_exp": "14 Years"
            }
        ],
        "load": {
            "entry_load": "Nil",
            "exit_load": "1 - If redeemed on or before 15 days from the date of allotment. Nil - If redeemed after 15 days from the date of allotment."
        },
        "main_scheme_name": "Motilal Oswal Nifty Microcap 250 Index Fund",
        "metrics": {
            "alpha": null,
            "arithmetic_mean_ratio": null,
            "average_div_yld": null,
            "average_pb": null,
            "average_pe": null,
            "avg_maturity": null,
            "beta": null,
            "correlation_ratio": null,
            "downside_deviation": null,
            "information_ratio": null,
            "macaulay": null,
            "mod_duration": null,
            "port_turnover_ratio": null,
            "r_squared_ratio": null,
            "roe_ratio": null,
            "sharpe": null,
            "sortino_ratio": null,
            "std_dev": null,
            "tracking_error": null,
            "treynor_ratio": null,
            "upside_deviation": null,
            "ytm": null
        },
        "min_addl_amt": "",
        "min_addl_amt_multiple": "",
        "min_amt": "",
        "min_amt_multiple": "",
        "monthly_aaum_date": "31-03-2025",
        "monthly_aaum_value": "\u20b9 1,875.13",
        "mutual_fund_name": "Motilal Oswal Mutual Fund",
        "page_number": [
            30
        ],
        "scheme_launch_date": ""
    },
    "Motilal Oswal Developed Market Ex Us ETFS Fund of Funds": {
        "amc_name": "Motilal Oswal Asset Management Company Limited",
        "benchmark_index": "S&P Developed Ex-U.S. BMI Total Return Index ",
        "fund_manager": [
            {
                "managing_fund_since": "21-Sep-2023",
                "name": "Rakesh Shetty",
                "qualification": "",
                "total_exp": "14 Years"
            }
        ],
        "load": {
            "entry_load": "Nil",
            "exit_load": "1 - If redeemed on or before 15 days from the date of allotment. Nil - If redeemed after 15 days from the date of allotment."
        },
        "main_scheme_name": "Motilal Oswal Developed Market Ex Us ETFS Fund of Funds",
        "metrics": {
            "alpha": null,
            "arithmetic_mean_ratio": null,
            "average_div_yld": null,
            "average_pb": null,
            "average_pe": null,
            "avg_maturity": null,
            "beta": null,
            "correlation_ratio": null,
            "downside_deviation": null,
            "information_ratio": null,
            "macaulay": null,
            "mod_duration": null,
            "port_turnover_ratio": null,
            "r_squared_ratio": null,
            "roe_ratio": null,
            "sharpe": null,
            "sortino_ratio": null,
            "std_dev": null,
            "tracking_error": null,
            "treynor_ratio": null,
            "upside_deviation": null,
            "ytm": null
        },
        "min_addl_amt": "",
        "min_addl_amt_multiple": "",
        "min_amt": "",
        "min_amt_multiple": "",
        "monthly_aaum_date": "31-03-2025",
        "monthly_aaum_value": "\u20b9 28.45",
        "mutual_fund_name": "Motilal Oswal Mutual Fund",
        "page_number": [
            31
        ],
        "scheme_launch_date": ""
    },
    "Motilal Oswal Nifty 500 ETF": {
        "amc_name": "Motilal Oswal Asset Management Company Limited",
        "benchmark_index": "Nifty 500 Total Return Index ",
        "fund_manager": [
            {
                "managing_fund_since": "29-Sep-2023",
                "name": "Swapnil Mayekar",
                "qualification": "",
                "total_exp": "13 Years"
            },
            {
                "managing_fund_since": "29-Sep-2023",
                "name": "Rakesh Shetty",
                "qualification": "",
                "total_exp": "14 Years"
            }
        ],
        "load": {
            "entry_load": "Nil",
            "exit_load": "Nil"
        },
        "main_scheme_name": "Motilal Oswal Nifty 500 ETF",
        "metrics": {
            "alpha": null,
            "arithmetic_mean_ratio": null,
            "average_div_yld": null,
            "average_pb": null,
            "average_pe": null,
            "avg_maturity": null,
            "beta": null,
            "correlation_ratio": null,
            "downside_deviation": null,
            "information_ratio": null,
            "macaulay": null,
            "mod_duration": null,
            "port_turnover_ratio": null,
            "r_squared_ratio": null,
            "roe_ratio": null,
            "sharpe": null,
            "sortino_ratio": null,
            "std_dev": null,
            "tracking_error": null,
            "treynor_ratio": null,
            "upside_deviation": null,
            "ytm": null
        },
        "min_addl_amt": "",
        "min_addl_amt_multiple": "",
        "min_amt": "",
        "min_amt_multiple": "",
        "monthly_aaum_date": "31-03-2025",
        "monthly_aaum_value": "\u20b9 106.82",
        "mutual_fund_name": "Motilal Oswal Mutual Fund",
        "page_number": [
            32
        ],
        "scheme_launch_date": ""
    },
    "Motilal Oswal Nifty Realty ETF": {
        "amc_name": "Motilal Oswal Asset Management Company Limited",
        "benchmark_index": "Nifty Realty Total Return Index ",
        "fund_manager": [
            {
                "managing_fund_since": "15-Mar-2024",
                "name": "Swapnil Mayekar",
                "qualification": "",
                "total_exp": "13 Years"
            },
            {
                "managing_fund_since": "15-Mar-2024",
                "name": "Rakesh Shetty",
                "qualification": "",
                "total_exp": "14 Years"
            }
        ],
        "load": {
            "entry_load": "Nil",
            "exit_load": "Nil"
        },
        "main_scheme_name": "Motilal Oswal Nifty Realty ETF",
        "metrics": {
            "alpha": null,
            "arithmetic_mean_ratio": null,
            "average_div_yld": null,
            "average_pb": null,
            "average_pe": null,
            "avg_maturity": null,
            "beta": null,
            "correlation_ratio": null,
            "downside_deviation": null,
            "information_ratio": null,
            "macaulay": null,
            "mod_duration": null,
            "port_turnover_ratio": null,
            "r_squared_ratio": null,
            "roe_ratio": null,
            "sharpe": null,
            "sortino_ratio": null,
            "std_dev": null,
            "tracking_error": null,
            "treynor_ratio": null,
            "upside_deviation": null,
            "ytm": null
        },
        "min_addl_amt": "",
        "min_addl_amt_multiple": "",
        "min_amt": "",
        "min_amt_multiple": "",
        "monthly_aaum_date": "31-03-2025",
        "monthly_aaum_value": "\u20b9 53.14",
        "mutual_fund_name": "Motilal Oswal Mutual Fund",
        "page_number": [
            33
        ],
        "scheme_launch_date": ""
    },
    "Motilal Oswal Nifty Smallcap 250 ETF": {
        "amc_name": "Motilal Oswal Asset Management Company Limited",
        "benchmark_index": "Nifty Smallcap 250 TRI ",
        "fund_manager": [
            {
                "managing_fund_since": "15-Mar-2024",
                "name": "Swapnil Mayekar",
                "qualification": "",
                "total_exp": "13 Years"
            },
            {
                "managing_fund_since": "15-Mar-2024",
                "name": "Rakesh Shetty",
                "qualification": "",
                "total_exp": "14 Years"
            }
        ],
        "load": {
            "entry_load": "Nil",
            "exit_load": "Nil"
        },
        "main_scheme_name": "Motilal Oswal Nifty Smallcap 250 ETF",
        "metrics": {
            "alpha": null,
            "arithmetic_mean_ratio": null,
            "average_div_yld": null,
            "average_pb": null,
            "average_pe": null,
            "avg_maturity": null,
            "beta": null,
            "correlation_ratio": null,
            "downside_deviation": null,
            "information_ratio": null,
            "macaulay": null,
            "mod_duration": null,
            "port_turnover_ratio": null,
            "r_squared_ratio": null,
            "roe_ratio": null,
            "sharpe": null,
            "sortino_ratio": null,
            "std_dev": null,
            "tracking_error": null,
            "treynor_ratio": null,
            "upside_deviation": null,
            "ytm": null
        },
        "min_addl_amt": "",
        "min_addl_amt_multiple": "",
        "min_amt": "",
        "min_amt_multiple": "",
        "monthly_aaum_date": "31-03-2025",
        "monthly_aaum_value": "\u20b9 64.14",
        "mutual_fund_name": "Motilal Oswal Mutual Fund",
        "page_number": [
            34
        ],
        "scheme_launch_date": ""
    },
    "Motilal Oswal Nifty India Defence Index Fund": {
        "amc_name": "Motilal Oswal Asset Management Company Limited",
        "benchmark_index": "Nifty India Defence Total Return Index ",
        "fund_manager": [
            {
                "managing_fund_since": "03-July-2024",
                "name": "Swapnil Mayekar",
                "qualification": "",
                "total_exp": "13 Years"
            },
            {
                "managing_fund_since": "03-July-2024",
                "name": "Rakesh Shetty",
                "qualification": "",
                "total_exp": "14 Years"
            }
        ],
        "load": {
            "entry_load": "Nil",
            "exit_load": "1- If redeemed on or before 15 days from the date of allotment. Nil- If redeemed after 15 days from the date of allotment."
        },
        "main_scheme_name": "Motilal Oswal Nifty India Defence Index Fund",
        "metrics": {
            "alpha": null,
            "arithmetic_mean_ratio": null,
            "average_div_yld": null,
            "average_pb": null,
            "average_pe": null,
            "avg_maturity": null,
            "beta": null,
            "correlation_ratio": null,
            "downside_deviation": null,
            "information_ratio": null,
            "macaulay": null,
            "mod_duration": null,
            "port_turnover_ratio": null,
            "r_squared_ratio": null,
            "roe_ratio": null,
            "sharpe": null,
            "sortino_ratio": null,
            "std_dev": null,
            "tracking_error": null,
            "treynor_ratio": null,
            "upside_deviation": null,
            "ytm": null
        },
        "min_addl_amt": "",
        "min_addl_amt_multiple": "",
        "min_amt": "",
        "min_amt_multiple": "",
        "monthly_aaum_date": "31-03-2025",
        "monthly_aaum_value": "\u20b9 2,286.07",
        "mutual_fund_name": "Motilal Oswal Mutual Fund",
        "page_number": [
            35
        ],
        "scheme_launch_date": ""
    },
    "Motilal Oswal Nifty India Defence ETF": {
        "amc_name": "Motilal Oswal Asset Management Company Limited",
        "benchmark_index": "Nifty India Defence Total Return Index ",
        "fund_manager": [
            {
                "managing_fund_since": "21-Aug-2024",
                "name": "Swapnil Mayekar",
                "qualification": "",
                "total_exp": "13 Years"
            },
            {
                "managing_fund_since": "21-Aug-2024",
                "name": "Rakesh Shetty",
                "qualification": "",
                "total_exp": "14 Years"
            }
        ],
        "load": {
            "entry_load": "Nil",
            "exit_load": "Nil"
        },
        "main_scheme_name": "Motilal Oswal Nifty India Defence ETF",
        "metrics": {
            "alpha": null,
            "arithmetic_mean_ratio": null,
            "average_div_yld": null,
            "average_pb": null,
            "average_pe": null,
            "avg_maturity": null,
            "beta": null,
            "correlation_ratio": null,
            "downside_deviation": null,
            "information_ratio": null,
            "macaulay": null,
            "mod_duration": null,
            "port_turnover_ratio": null,
            "r_squared_ratio": null,
            "roe_ratio": null,
            "sharpe": null,
            "sortino_ratio": null,
            "std_dev": null,
            "tracking_error": null,
            "treynor_ratio": null,
            "upside_deviation": null,
            "ytm": null
        },
        "min_addl_amt": "",
        "min_addl_amt_multiple": "",
        "min_amt": "",
        "min_amt_multiple": "",
        "monthly_aaum_date": "31-03-2025",
        "monthly_aaum_value": "\u20b9 107.18",
        "mutual_fund_name": "Motilal Oswal Mutual Fund",
        "page_number": [
            36
        ],
        "scheme_launch_date": ""
    },
    "Motilal Oswal Nifty 500 Momentum 50 Index Fund": {
        "amc_name": "Motilal Oswal Asset Management Company Limited",
        "benchmark_index": "Nifty 500 Momentum 50 Total Return Index ",
        "fund_manager": [
            {
                "managing_fund_since": "24-September-2024",
                "name": "Swapnil Mayekar",
                "qualification": "",
                "total_exp": "13 Years"
            },
            {
                "managing_fund_since": "24-September-2024",
                "name": "Rakesh Shetty",
                "qualification": "",
                "total_exp": "14 Years"
            }
        ],
        "load": {
            "entry_load": "Nil",
            "exit_load": "1- If redeemed on or before 15 days from the date of allotment. Nil- If redeemed after 15 days from the date of allotment."
        },
        "main_scheme_name": "Motilal Oswal Nifty 500 Momentum 50 Index Fund",
        "metrics": {
            "alpha": null,
            "arithmetic_mean_ratio": null,
            "average_div_yld": null,
            "average_pb": null,
            "average_pe": null,
            "avg_maturity": null,
            "beta": null,
            "correlation_ratio": null,
            "downside_deviation": null,
            "information_ratio": null,
            "macaulay": null,
            "mod_duration": null,
            "port_turnover_ratio": null,
            "r_squared_ratio": null,
            "roe_ratio": null,
            "sharpe": null,
            "sortino_ratio": null,
            "std_dev": null,
            "tracking_error": null,
            "treynor_ratio": null,
            "upside_deviation": null,
            "ytm": null
        },
        "min_addl_amt": "",
        "min_addl_amt_multiple": "",
        "min_amt": "",
        "min_amt_multiple": "",
        "monthly_aaum_date": "31-03-2025",
        "monthly_aaum_value": "\u20b9 471.88",
        "mutual_fund_name": "Motilal Oswal Mutual Fund",
        "page_number": [
            37
        ],
        "scheme_launch_date": ""
    },
    "Motilal Oswal Nifty 500 Momentum 50 ETF": {
        "amc_name": "Motilal Oswal Asset Management Company Limited",
        "benchmark_index": "Nifty 500 Momentum 50 Total Return Index ",
        "fund_manager": [
            {
                "managing_fund_since": "24-September-2024",
                "name": "Swapnil Mayekar",
                "qualification": "",
                "total_exp": "13 Years"
            },
            {
                "managing_fund_since": "24-September-2024",
                "name": "Rakesh Shetty",
                "qualification": "",
                "total_exp": "14 Years"
            }
        ],
        "load": {
            "entry_load": "Nil",
            "exit_load": "Nil"
        },
        "main_scheme_name": "Motilal Oswal Nifty 500 Momentum 50 ETF",
        "metrics": {
            "alpha": null,
            "arithmetic_mean_ratio": null,
            "average_div_yld": null,
            "average_pb": null,
            "average_pe": null,
            "avg_maturity": null,
            "beta": null,
            "correlation_ratio": null,
            "downside_deviation": null,
            "information_ratio": null,
            "macaulay": null,
            "mod_duration": null,
            "port_turnover_ratio": null,
            "r_squared_ratio": null,
            "roe_ratio": null,
            "sharpe": null,
            "sortino_ratio": null,
            "std_dev": null,
            "tracking_error": null,
            "treynor_ratio": null,
            "upside_deviation": null,
            "ytm": null
        },
        "min_addl_amt": "",
        "min_addl_amt_multiple": "",
        "min_amt": "",
        "min_amt_multiple": "",
        "monthly_aaum_date": "31-03-2025",
        "monthly_aaum_value": "\u20b9 77.57",
        "mutual_fund_name": "Motilal Oswal Mutual Fund",
        "page_number": [
            38
        ],
        "scheme_launch_date": ""
    },
    "Motilal Oswal Nifty MidSmall Healthcare Index Fund": {
        "amc_name": "Motilal Oswal Asset Management Company Limited",
        "benchmark_index": "Nifty MidSmall Healthcare Total Return Index ",
        "fund_manager": [
            {
                "managing_fund_since": "19-November-2024",
                "name": "Swapnil Mayekar",
                "qualification": "",
                "total_exp": "13 Years"
            },
            {
                "managing_fund_since": "20-December-2024",
                "name": "Dishant Mehta",
                "qualification": "",
                "total_exp": "11 Years"
            },
            {
                "managing_fund_since": "19-November-2024",
                "name": "Rakesh Shetty",
                "qualification": "",
                "total_exp": "14 Years"
            }
        ],
        "load": {
            "entry_load": "Nil",
            "exit_load": "1 if redeemed on or before 15 days of allotment. Nil- If redeemed after 15 days from the date of allotment."
        },
        "main_scheme_name": "Motilal Oswal Nifty MidSmall Healthcare Index Fund",
        "metrics": {
            "alpha": null,
            "arithmetic_mean_ratio": null,
            "average_div_yld": null,
            "average_pb": null,
            "average_pe": null,
            "avg_maturity": null,
            "beta": null,
            "correlation_ratio": null,
            "downside_deviation": null,
            "information_ratio": null,
            "macaulay": null,
            "mod_duration": null,
            "port_turnover_ratio": null,
            "r_squared_ratio": null,
            "roe_ratio": null,
            "sharpe": null,
            "sortino_ratio": null,
            "std_dev": null,
            "tracking_error": null,
            "treynor_ratio": null,
            "upside_deviation": null,
            "ytm": null
        },
        "min_addl_amt": "",
        "min_addl_amt_multiple": "",
        "min_amt": "",
        "min_amt_multiple": "",
        "monthly_aaum_date": "31-03-2025",
        "monthly_aaum_value": "\u20b9 20.55",
        "mutual_fund_name": "Motilal Oswal Mutual Fund",
        "page_number": [
            39
        ],
        "scheme_launch_date": ""
    },
    "Motilal Oswal Nifty MidSmall India Consumption Index Fund": {
        "amc_name": "Motilal Oswal Asset Management Company Limited",
        "benchmark_index": "Nifty MidSmall India Consumption Total Return Index ",
        "fund_manager": [
            {
                "managing_fund_since": "19-November-2024",
                "name": "Swapnil Mayekar",
                "qualification": "",
                "total_exp": "13 Years"
            },
            {
                "managing_fund_since": "20-December-2024",
                "name": "Dishant Mehta",
                "qualification": "",
                "total_exp": "11 Years"
            },
            {
                "managing_fund_since": "19-November-2024",
                "name": "Rakesh Shetty",
                "qualification": "",
                "total_exp": "14 Years"
            }
        ],
        "load": {
            "entry_load": "Nil",
            "exit_load": "1 if redeemed on or before 15 days of allotment. Nil- If redeemed after 15 days from the date of allotment."
        },
        "main_scheme_name": "Motilal Oswal Nifty MidSmall India Consumption Index Fund",
        "metrics": {
            "alpha": null,
            "arithmetic_mean_ratio": null,
            "average_div_yld": null,
            "average_pb": null,
            "average_pe": null,
            "avg_maturity": null,
            "beta": null,
            "correlation_ratio": null,
            "downside_deviation": null,
            "information_ratio": null,
            "macaulay": null,
            "mod_duration": null,
            "port_turnover_ratio": null,
            "r_squared_ratio": null,
            "roe_ratio": null,
            "sharpe": null,
            "sortino_ratio": null,
            "std_dev": null,
            "tracking_error": null,
            "treynor_ratio": null,
            "upside_deviation": null,
            "ytm": null
        },
        "min_addl_amt": "",
        "min_addl_amt_multiple": "",
        "min_amt": "",
        "min_amt_multiple": "",
        "monthly_aaum_date": "31-03-2025",
        "monthly_aaum_value": "\u20b9 13.02",
        "mutual_fund_name": "Motilal Oswal Mutual Fund",
        "page_number": [
            40
        ],
        "scheme_launch_date": ""
    },
    "Motilal Oswal Nifty MidSmall Financial Services Index Fund": {
        "amc_name": "Motilal Oswal Asset Management Company Limited",
        "benchmark_index": "Nifty MidSmall Financial Services Total Return Index. ",
        "fund_manager": [
            {
                "managing_fund_since": "19-November-2024",
                "name": "Swapnil Mayekar",
                "qualification": "",
                "total_exp": "13 Years"
            },
            {
                "managing_fund_since": "20-December-2024",
                "name": "Dishant Mehta",
                "qualification": "",
                "total_exp": "11 Years"
            },
            {
                "managing_fund_since": "19-November-2024",
                "name": "Rakesh Shetty",
                "qualification": "",
                "total_exp": "14 Years"
            }
        ],
        "load": {
            "entry_load": "Nil",
            "exit_load": "1 if redeemed on or before 15 days of allotment. Nil- If redeemed after 15 days from the date of allotment."
        },
        "main_scheme_name": "Motilal Oswal Nifty MidSmall Financial Services Index Fund",
        "metrics": {
            "alpha": null,
            "arithmetic_mean_ratio": null,
            "average_div_yld": null,
            "average_pb": null,
            "average_pe": null,
            "avg_maturity": null,
            "beta": null,
            "correlation_ratio": null,
            "downside_deviation": null,
            "information_ratio": null,
            "macaulay": null,
            "mod_duration": null,
            "port_turnover_ratio": null,
            "r_squared_ratio": null,
            "roe_ratio": null,
            "sharpe": null,
            "sortino_ratio": null,
            "std_dev": null,
            "tracking_error": null,
            "treynor_ratio": null,
            "upside_deviation": null,
            "ytm": null
        },
        "min_addl_amt": "",
        "min_addl_amt_multiple": "",
        "min_amt": "",
        "min_amt_multiple": "",
        "monthly_aaum_date": "31-03-2025",
        "monthly_aaum_value": "\u20b9 14.55",
        "mutual_fund_name": "Motilal Oswal Mutual Fund",
        "page_number": [
            41
        ],
        "scheme_launch_date": ""
    },
    "Motilal Oswal Nifty MidSmall IT and Telecom Index Fund": {
        "amc_name": "Motilal Oswal Asset Management Company Limited",
        "benchmark_index": "Nifty MidSmall IT and Telecom Total Return Index. ",
        "fund_manager": [
            {
                "managing_fund_since": "19-November-2024",
                "name": "Swapnil Mayekar",
                "qualification": "",
                "total_exp": "13 Years"
            },
            {
                "managing_fund_since": "20-December-2024",
                "name": "Dishant Mehta",
                "qualification": "",
                "total_exp": "11 Years"
            },
            {
                "managing_fund_since": "19-November-2024",
                "name": "Rakesh Shetty",
                "qualification": "",
                "total_exp": "14 Years"
            }
        ],
        "load": {
            "entry_load": "Nil",
            "exit_load": "1 if redeemed on or before 15 days of allotment. Nil- If redeemed after 15 days from the date of allotment."
        },
        "main_scheme_name": "Motilal Oswal Nifty MidSmall IT and Telecom Index Fund",
        "metrics": {
            "alpha": null,
            "arithmetic_mean_ratio": null,
            "average_div_yld": null,
            "average_pb": null,
            "average_pe": null,
            "avg_maturity": null,
            "beta": null,
            "correlation_ratio": null,
            "downside_deviation": null,
            "information_ratio": null,
            "macaulay": null,
            "mod_duration": null,
            "port_turnover_ratio": null,
            "r_squared_ratio": null,
            "roe_ratio": null,
            "sharpe": null,
            "sortino_ratio": null,
            "std_dev": null,
            "tracking_error": null,
            "treynor_ratio": null,
            "upside_deviation": null,
            "ytm": null
        },
        "min_addl_amt": "",
        "min_addl_amt_multiple": "",
        "min_amt": "",
        "min_amt_multiple": "",
        "monthly_aaum_date": "31-03-2025",
        "monthly_aaum_value": "\u20b9 19.46",
        "mutual_fund_name": "Motilal Oswal Mutual Fund",
        "page_number": [
            42
        ],
        "scheme_launch_date": ""
    },
    "Motilal Oswal Nifty Capital Market Index Fund": {
        "amc_name": "Motilal Oswal Asset Management Company Limited",
        "benchmark_index": "Nifty Capital Market Total Return Index ",
        "fund_manager": [
            {
                "managing_fund_since": "16-December-2024",
                "name": "Swapnil Mayekar",
                "qualification": "",
                "total_exp": "13 Years"
            },
            {
                "managing_fund_since": "20-December-2024",
                "name": "Dishant Mehta",
                "qualification": "",
                "total_exp": "11 Years"
            },
            {
                "managing_fund_since": "16-December-2024",
                "name": "Rakesh Shetty",
                "qualification": "",
                "total_exp": "14 Years"
            }
        ],
        "load": {
            "entry_load": "Nil",
            "exit_load": "1 if redeemed on or before 15 days of allotment. Nil- If redeemed after 15 days from the date of allotment."
        },
        "main_scheme_name": "Motilal Oswal Nifty Capital Market Index Fund",
        "metrics": {
            "alpha": null,
            "arithmetic_mean_ratio": null,
            "average_div_yld": null,
            "average_pb": null,
            "average_pe": null,
            "avg_maturity": null,
            "beta": null,
            "correlation_ratio": null,
            "downside_deviation": null,
            "information_ratio": null,
            "macaulay": null,
            "mod_duration": null,
            "port_turnover_ratio": null,
            "r_squared_ratio": null,
            "roe_ratio": null,
            "sharpe": null,
            "sortino_ratio": null,
            "std_dev": null,
            "tracking_error": null,
            "treynor_ratio": null,
            "upside_deviation": null,
            "ytm": null
        },
        "min_addl_amt": "",
        "min_addl_amt_multiple": "",
        "min_amt": "",
        "min_amt_multiple": "",
        "monthly_aaum_date": "31-03-2025",
        "monthly_aaum_value": "\u20b9 85.28",
        "mutual_fund_name": "Motilal Oswal Mutual Fund",
        "page_number": [
            43
        ],
        "scheme_launch_date": ""
    }
}