{
    "Mahindra Manulife ELSS Tax Saver Fund": {
        "amc_name": "Mahindra Manulife Investment Management Private Limited",
        "benchmark_index": "Nifty 500 TRI",
        "fund_manager": [
            {
                "managing_fund_since": "October 16, 2020",
                "name": "Fatema Pacha",
                "qualification": "4 Years And 3 Months",
                "total_exp": "18 Years"
            },
            {
                "managing_fund_since": "December 21, 2020",
                "name": "Manish Lodha",
                "qualification": "4 Years And 1 Month",
                "total_exp": "23 Years"
            }
        ],
        "load": {
            "entry_load": "N.A.",
            "exit_load": "Nil NAV as on Jan 31, 2025 Regular Plan Direct Plan NAV/Unit (In Rs.) (In Rs.) IDCW 18.1192 21.8121 Growth 26.3418 30.6765"
        },
        "main_scheme_name": "Mahindra Manulife ELSS Tax Saver Fund",
        "metrics": {
            "alpha": "-0.1259",
            "arithmetic_mean_ratio": null,
            "average_div_yld": null,
            "average_pb": null,
            "average_pe": null,
            "avg_maturity": null,
            "beta": "0.90",
            "correlation_ratio": null,
            "downside_deviation": null,
            "information_ratio": null,
            "macaulay": null,
            "mod_duration": null,
            "port_turnover_ratio": "0.80",
            "r_squared_ratio": null,
            "roe_ratio": null,
            "sharpe": "0.43",
            "sortino_ratio": null,
            "std_dev": "13.11",
            "tracking_error": null,
            "treynor_ratio": null,
            "upside_deviation": null,
            "ytm": null
        },
        "min_addl_amt": "\u20b9 500",
        "min_addl_amt_multiple": "\u20b9 500",
        "min_amt": "\u20b9 500",
        "min_amt_multiple": "\u20b9 500",
        "monthly_aaum_date": "31-03-2025",
        "monthly_aaum_value": "\u20b9 899.85",
        "mutual_fund_name": "Mahindra Manulife Mutual Fund",
        "page_number": [
            8
        ],
        "scheme_launch_date": "October 18, 2016"
    },
    "Mahindra Manulife Multi Cap Fund": {
        "amc_name": "Mahindra Manulife Investment Management Private Limited",
        "benchmark_index": "Nifty 500 Multicap 502525 TRI",
        "fund_manager": [
            {
                "managing_fund_since": "December 21, 2020",
                "name": "Manish Lodha",
                "qualification": "4 Years And 1 Month",
                "total_exp": "23 Years"
            },
            {
                "managing_fund_since": "October 16, 2020",
                "name": "Fatema Pacha",
                "qualification": "4 Years And 3 Months",
                "total_exp": "18 Years"
            }
        ],
        "load": {
            "entry_load": "N.A.",
            "exit_load": "An Exit Load of 1 is payable if Units are redeemed / switched-out upto 3 months from the date of allotment  Nil if Units are redeemed / switched-out after 3 months from the date of allotment. NAV as on Jan 31, 2025 Regular Plan Direct Plan NAV/Unit (In Rs.) (In Rs.) IDCW 24.4464 29.0294 Growth 32.1992 37.1253"
        },
        "main_scheme_name": "Mahindra Manulife Multi Cap Fund",
        "metrics": {
            "alpha": "-0.0305",
            "arithmetic_mean_ratio": null,
            "average_div_yld": null,
            "average_pb": null,
            "average_pe": null,
            "avg_maturity": null,
            "beta": "0.98",
            "correlation_ratio": null,
            "downside_deviation": null,
            "information_ratio": null,
            "macaulay": null,
            "mod_duration": null,
            "port_turnover_ratio": "1.25",
            "r_squared_ratio": null,
            "roe_ratio": null,
            "sharpe": "0.59",
            "sortino_ratio": null,
            "std_dev": "15.51",
            "tracking_error": null,
            "treynor_ratio": null,
            "upside_deviation": null,
            "ytm": null
        },
        "min_addl_amt": "\u20b9 1,000",
        "min_addl_amt_multiple": "\u20b9 1",
        "min_amt": "\u20b9 1,000",
        "min_amt_multiple": "\u20b9 1",
        "monthly_aaum_date": "31-03-2025",
        "monthly_aaum_value": "\u20b9 4,864.28",
        "mutual_fund_name": "Mahindra Manulife Mutual Fund",
        "page_number": [
            9
        ],
        "scheme_launch_date": "May 11, 2017"
    },
    "Mahindra Manulife Mid Cap Fund": {
        "amc_name": "Mahindra Manulife Investment Management Private Limited",
        "benchmark_index": "Nifty Midcap 150 TRI",
        "fund_manager": [
            {
                "managing_fund_since": "December 03, 2024.",
                "name": "Kirti Dalvi",
                "qualification": "2 Months",
                "total_exp": "18 Years"
            },
            {
                "managing_fund_since": "December 21, 2020",
                "name": "Krishna Sanghavi",
                "qualification": "3 Month S (Managing Since October 24, 2024) Fund Manager  Mr. Manish Lodha Total Experience 23 Years Experience In Managing This Fund 4 Years And 1 Month",
                "total_exp": "27 Years"
            }
        ],
        "load": {
            "entry_load": "N.A.",
            "exit_load": "An Exit Load of 1 is payable if Units are redeemed / switched-out upto 3 months from the date of allotment  Nil if Units are redeemed / switched-out after 3 months from the date of allotment. NAV as on Jan 31, 2025 Regular Plan Direct Plan NAV/Unit (In Rs.) (In Rs.) IDCW 25.1065 28.7471 Growth 30.8086 34.6396"
        },
        "main_scheme_name": "Mahindra Manulife Mid Cap Fund",
        "metrics": {
            "alpha": "-0.0195",
            "arithmetic_mean_ratio": null,
            "average_div_yld": null,
            "average_pb": null,
            "average_pe": null,
            "avg_maturity": null,
            "beta": "0.96",
            "correlation_ratio": null,
            "downside_deviation": null,
            "information_ratio": null,
            "macaulay": null,
            "mod_duration": null,
            "port_turnover_ratio": "0.65",
            "r_squared_ratio": null,
            "roe_ratio": null,
            "sharpe": "0.83",
            "sortino_ratio": null,
            "std_dev": "16.27",
            "tracking_error": null,
            "treynor_ratio": null,
            "upside_deviation": null,
            "ytm": null
        },
        "min_addl_amt": "\u20b9 1,000",
        "min_addl_amt_multiple": "\u20b9 1",
        "min_amt": "\u20b9 1,000",
        "min_amt_multiple": "\u20b9 1",
        "monthly_aaum_date": "31-03-2025",
        "monthly_aaum_value": "\u20b9 3,402.36",
        "mutual_fund_name": "Mahindra Manulife Mutual Fund",
        "page_number": [
            10
        ],
        "scheme_launch_date": "January 30, 2018"
    },
    "Mahindra Manulife Consumption Fund": {
        "amc_name": "Mahindra Manulife Investment Management Private Limited",
        "benchmark_index": "Nifty India Consumption TRI",
        "fund_manager": [
            {
                "managing_fund_since": "October 24, 2024",
                "name": "Navin Matta",
                "qualification": "3 Months",
                "total_exp": "19 Years"
            },
            {
                "managing_fund_since": "December 21, 2020",
                "name": "Fatema Pacha",
                "qualification": "4 Years And 1 Month",
                "total_exp": "18 Years"
            }
        ],
        "load": {
            "entry_load": "N.A.",
            "exit_load": "An Exit Load of 1 is payable if Units are redeemed / switched-out upto 3 months from the date of allotment  Nil if Units are redeemed / switched-out after 3 months from the date of allotment. NAV as on Jan 31, 2025 Regular Plan Direct Plan NAV/Unit (In Rs.) (In Rs.) IDCW 17.2332 19.4895 Growth 21.4305 23.8312"
        },
        "main_scheme_name": "Mahindra Manulife Consumption Fund",
        "metrics": {
            "alpha": "-0.0584",
            "arithmetic_mean_ratio": null,
            "average_div_yld": null,
            "average_pb": null,
            "average_pe": null,
            "avg_maturity": null,
            "beta": "0.85",
            "correlation_ratio": null,
            "downside_deviation": null,
            "information_ratio": null,
            "macaulay": null,
            "mod_duration": null,
            "port_turnover_ratio": "0.36",
            "r_squared_ratio": null,
            "roe_ratio": null,
            "sharpe": "0.67",
            "sortino_ratio": null,
            "std_dev": "13.85",
            "tracking_error": null,
            "treynor_ratio": null,
            "upside_deviation": null,
            "ytm": null
        },
        "min_addl_amt": "\u20b9 1,000",
        "min_addl_amt_multiple": "\u20b9 1",
        "min_amt": "\u20b9 1,000",
        "min_amt_multiple": "\u20b9 1",
        "monthly_aaum_date": "31-03-2025",
        "monthly_aaum_value": "\u20b9 436.01",
        "mutual_fund_name": "Mahindra Manulife Mutual Fund",
        "page_number": [
            11
        ],
        "scheme_launch_date": "November 13, 2018"
    },
    "Mahindra Manulife Large Cap Fund": {
        "amc_name": "Mahindra Manulife Investment Management Private Limited",
        "benchmark_index": "Nifty 100 TRI",
        "fund_manager": [
            {
                "managing_fund_since": "December 21, 2020",
                "name": "Fatema Pacha",
                "qualification": "4 Years And 1 Month",
                "total_exp": "18 Years"
            }
        ],
        "load": {
            "entry_load": "N.A.",
            "exit_load": "An Exit Load of 1 is payable if Units are redeemed / switched-out upto 3 months from the date of allotment  Nil if Units are redeemed / switched-out after 3 months from the date of allotment. NAV as on Jan 31, 2025 Regular Plan Direct Plan NAV/Unit (In Rs.) (In Rs.) IDCW 16.9578 19.2258 Growth 21.5668 24.0118"
        },
        "main_scheme_name": "Mahindra Manulife Large Cap Fund",
        "metrics": {
            "alpha": "-0.0539",
            "arithmetic_mean_ratio": null,
            "average_div_yld": null,
            "average_pb": null,
            "average_pe": null,
            "avg_maturity": null,
            "beta": "0.90",
            "correlation_ratio": null,
            "downside_deviation": null,
            "information_ratio": null,
            "macaulay": null,
            "mod_duration": null,
            "port_turnover_ratio": "0.77",
            "r_squared_ratio": null,
            "roe_ratio": null,
            "sharpe": "0.38",
            "sortino_ratio": null,
            "std_dev": "12.76",
            "tracking_error": null,
            "treynor_ratio": null,
            "upside_deviation": null,
            "ytm": null
        },
        "min_addl_amt": "\u20b9 1,000",
        "min_addl_amt_multiple": "\u20b9 1",
        "min_amt": "\u20b9 1,000",
        "min_amt_multiple": "\u20b9 1",
        "monthly_aaum_date": "31-03-2025",
        "monthly_aaum_value": "\u20b9 582.78",
        "mutual_fund_name": "Mahindra Manulife Mutual Fund",
        "page_number": [
            12
        ],
        "scheme_launch_date": "March 15, 2019"
    },
    "Mahindra Manulife Large & Mid Cap Fund": {
        "amc_name": "Mahindra Manulife Investment Management Private Limited",
        "benchmark_index": "NIFTY Large Midcap 250 TRI",
        "fund_manager": [
            {
                "managing_fund_since": "December 21, 2020",
                "name": "Manish Lodha",
                "qualification": "4 Years And 1 Month",
                "total_exp": "23 Years"
            }
        ],
        "load": {
            "entry_load": "N.A.",
            "exit_load": "An Exit Load of 1 is payable if Units are redeemed / switched-out upto 3 months from the date of allotment  Nil if Units are redeemed / switched-out after 3 months from the date of allotment. NAV as on Jan 31, 2025 Regular Plan Direct Plan NAV/Unit (In Rs.) (In Rs.) IDCW 20.1212 22.3108 Growth 24.9624 27.3197"
        },
        "main_scheme_name": "Mahindra Manulife Large & Mid Cap Fund",
        "metrics": {
            "alpha": "-0.2055",
            "arithmetic_mean_ratio": null,
            "average_div_yld": null,
            "average_pb": null,
            "average_pe": null,
            "avg_maturity": null,
            "beta": "0.93",
            "correlation_ratio": null,
            "downside_deviation": null,
            "information_ratio": null,
            "macaulay": null,
            "mod_duration": null,
            "port_turnover_ratio": "1.38",
            "r_squared_ratio": null,
            "roe_ratio": null,
            "sharpe": "0.49",
            "sortino_ratio": null,
            "std_dev": "14.22",
            "tracking_error": null,
            "treynor_ratio": null,
            "upside_deviation": null,
            "ytm": null
        },
        "min_addl_amt": "",
        "min_addl_amt_multiple": "",
        "min_amt": "\u20b9 1,000",
        "min_amt_multiple": "\u20b9 1",
        "monthly_aaum_date": "31-03-2025",
        "monthly_aaum_value": "\u20b9 2,469.31",
        "mutual_fund_name": "Mahindra Manulife Mutual Fund",
        "page_number": [
            13
        ],
        "scheme_launch_date": "December 30, 2019"
    },
    "Mahindra Manulife Focused Fund": {
        "amc_name": "Mahindra Manulife Investment Management Private Limited",
        "benchmark_index": "Nifty 500 TRI",
        "fund_manager": [
            {
                "managing_fund_since": "November 17, 2020",
                "name": "Krishna Sanghavi",
                "qualification": "4 Years And 2 Months",
                "total_exp": "27 Years"
            },
            {
                "managing_fund_since": "December 21, 2020",
                "name": "Fatema Pacha",
                "qualification": "4 Years And 1 Month",
                "total_exp": "18 Years"
            }
        ],
        "load": {
            "entry_load": "N.A.",
            "exit_load": "An Exit Load of 1 is payable if Units are redeemed / switched-out upto 3 months from the date of allotment  Nil if Units are redeemed / switched-out after 3 months from the date of allotment. NAV as on Jan 31, 2025 Regular Plan Direct Plan NAV/Unit (In Rs.) (In Rs.) IDCW 19.1855 21.0173 Growth 25.1237 27.2405"
        },
        "main_scheme_name": "Mahindra Manulife Focused Fund",
        "metrics": {
            "alpha": "0.3185",
            "arithmetic_mean_ratio": null,
            "average_div_yld": null,
            "average_pb": null,
            "average_pe": null,
            "avg_maturity": null,
            "beta": "0.91",
            "correlation_ratio": null,
            "downside_deviation": null,
            "information_ratio": null,
            "macaulay": null,
            "mod_duration": null,
            "port_turnover_ratio": "0.41",
            "r_squared_ratio": null,
            "roe_ratio": null,
            "sharpe": "0.81",
            "sortino_ratio": null,
            "std_dev": "13.60",
            "tracking_error": null,
            "treynor_ratio": null,
            "upside_deviation": null,
            "ytm": null
        },
        "min_addl_amt": "",
        "min_addl_amt_multiple": "",
        "min_amt": "\u20b9 1,000",
        "min_amt_multiple": "\u20b9 1",
        "monthly_aaum_date": "31-03-2025",
        "monthly_aaum_value": "\u20b9 1,853.68",
        "mutual_fund_name": "Mahindra Manulife Mutual Fund",
        "page_number": [
            14
        ],
        "scheme_launch_date": "November 17, 2020"
    },
    "Mahindra Manulife Flexi Cap Fund": {
        "amc_name": "Mahindra Manulife Investment Management Private Limited",
        "benchmark_index": "Nifty 500 TRI",
        "fund_manager": [
            {
                "managing_fund_since": "August 23, 2021",
                "name": "Fatema Pacha",
                "qualification": "3 Years And 5 Months",
                "total_exp": "18 Years"
            },
            {
                "managing_fund_since": "August 23, 2021",
                "name": "Manish Lodha",
                "qualification": "3 Years And 5 Months",
                "total_exp": "23 Years"
            }
        ],
        "load": {
            "entry_load": "N.A.",
            "exit_load": "An Exit Load of 1 is payable if Units are redeemed / switched-out upto 3 months from the date of allotment  Nil if Units are redeemed / switched-out after 3 months from the date of allotment. Redemption /Switch-Out of Units would be done on First in First out Basis (FIFO). NAV as on Jan 31, 2025 Regular Plan Direct Plan NAV/Unit (In Rs.) (In Rs.) IDCW 13.9476 14.9309 Growth 15.0381 16.0378"
        },
        "main_scheme_name": "Mahindra Manulife Flexi Cap Fund",
        "metrics": {
            "alpha": "0.0078",
            "arithmetic_mean_ratio": null,
            "average_div_yld": null,
            "average_pb": null,
            "average_pe": null,
            "avg_maturity": null,
            "beta": "0.93",
            "correlation_ratio": null,
            "downside_deviation": null,
            "information_ratio": null,
            "macaulay": null,
            "mod_duration": null,
            "port_turnover_ratio": "0.84",
            "r_squared_ratio": null,
            "roe_ratio": null,
            "sharpe": "0.55",
            "sortino_ratio": null,
            "std_dev": "13.53",
            "tracking_error": null,
            "treynor_ratio": null,
            "upside_deviation": null,
            "ytm": null
        },
        "min_addl_amt": "\u20b9 1,000",
        "min_addl_amt_multiple": "\u20b9 1",
        "min_amt": "\u20b9 1,000",
        "min_amt_multiple": "\u20b9 1",
        "monthly_aaum_date": "31-03-2025",
        "monthly_aaum_value": "\u20b9 1,406.63",
        "mutual_fund_name": "Mahindra Manulife Mutual Fund",
        "page_number": [
            15
        ],
        "scheme_launch_date": "August 23, 2021"
    },
    "Mahindra Manulife Small Cap Fund": {
        "amc_name": "Mahindra Manulife Investment Management Private Limited",
        "benchmark_index": "BSE 250 Small Cap TRI",
        "fund_manager": [
            {
                "managing_fund_since": "December 23, 2024",
                "name": "Vishal Jajoo",
                "qualification": "1 Month",
                "total_exp": "17 Years"
            },
            {
                "managing_fund_since": "October 24, 2024",
                "name": "Krishna Sanghavi",
                "qualification": "3 Months",
                "total_exp": "27 Years"
            },
            {
                "managing_fund_since": "December 12, 2022",
                "name": "Manish Lodha",
                "qualification": "2 Years And 1 Month",
                "total_exp": "23 Years"
            }
        ],
        "load": {
            "entry_load": "N.A.",
            "exit_load": "An Exit Load of 1 is payable if Units are redeemed / switched-out upto 3 months from the date of allotment  Nil if Units are redeemed / switched-out after 3 months from the date of allotment. NAV as on Jan 31, 2025 Regular Plan Direct Plan NAV/Unit (In Rs.) (In Rs.) IDCW 17.9062 18.5587 Growth 17.9062 18.5587"
        },
        "main_scheme_name": "Mahindra Manulife Small Cap Fund",
        "metrics": {
            "alpha": null,
            "arithmetic_mean_ratio": null,
            "average_div_yld": null,
            "average_pb": null,
            "average_pe": null,
            "avg_maturity": null,
            "beta": null,
            "correlation_ratio": null,
            "downside_deviation": null,
            "information_ratio": null,
            "macaulay": null,
            "mod_duration": null,
            "port_turnover_ratio": "0.84",
            "r_squared_ratio": null,
            "roe_ratio": null,
            "sharpe": null,
            "sortino_ratio": null,
            "std_dev": null,
            "tracking_error": null,
            "treynor_ratio": null,
            "upside_deviation": null,
            "ytm": null
        },
        "min_addl_amt": "\u20b9 1,000",
        "min_addl_amt_multiple": "\u20b9 1",
        "min_amt": "\u20b9 1000",
        "min_amt_multiple": "\u20b9 1",
        "monthly_aaum_date": "31-03-2025",
        "monthly_aaum_value": "\u20b9 3,679.89",
        "mutual_fund_name": "Mahindra Manulife Mutual Fund",
        "page_number": [
            16
        ],
        "scheme_launch_date": "December 12, 2022"
    },
    "Mahindra Manulife Business Cycle Fund": {
        "amc_name": "Mahindra Manulife Investment Management Private Limited",
        "benchmark_index": "NIFTY 500 TRI",
        "fund_manager": [
            {
                "managing_fund_since": "September 11, 2023",
                "name": "Krishna Sanghavi",
                "qualification": "1 Year And 4 Months",
                "total_exp": "27 Years"
            },
            {
                "managing_fund_since": "September 11, 2023",
                "name": "Renjith Sivaram",
                "qualification": "1 Year And 4 Months",
                "total_exp": "14 Years"
            }
        ],
        "load": {
            "entry_load": "N.A.",
            "exit_load": "An Exit Load of 1 is payable if Units are redeemed / switched-out upto 3 months from the date of allotment  Nil if Units are redeemed / switched-out after 3 months from the date of allotment. Redemption /Switch-Out of Units would be done on First in First out Basis (FIFO). NAV as on Jan 31, 2025 Regular Plan Direct Plan NAV/Unit (In Rs.) (In Rs.) IDCW 13.7472 14.0938 Growth 13.7472 14.0938"
        },
        "main_scheme_name": "Mahindra Manulife Business Cycle Fund",
        "metrics": {
            "alpha": null,
            "arithmetic_mean_ratio": null,
            "average_div_yld": null,
            "average_pb": null,
            "average_pe": null,
            "avg_maturity": null,
            "beta": null,
            "correlation_ratio": null,
            "downside_deviation": null,
            "information_ratio": null,
            "macaulay": null,
            "mod_duration": null,
            "port_turnover_ratio": "0.70",
            "r_squared_ratio": null,
            "roe_ratio": null,
            "sharpe": null,
            "sortino_ratio": null,
            "std_dev": null,
            "tracking_error": null,
            "treynor_ratio": null,
            "upside_deviation": null,
            "ytm": null
        },
        "min_addl_amt": "\u20b9 1,000",
        "min_addl_amt_multiple": "\u20b9 1",
        "min_amt": "\u20b9 1000",
        "min_amt_multiple": "\u20b9 1",
        "monthly_aaum_date": "31-03-2025",
        "monthly_aaum_value": "\u20b9 1,152.44",
        "mutual_fund_name": "Mahindra Manulife Mutual Fund",
        "page_number": [
            17
        ],
        "scheme_launch_date": "September 11, 2023"
    },
    "Mahindra Manulife Manufacturing Fund": {
        "amc_name": "Mahindra Manulife Investment Management Private Limited",
        "benchmark_index": "BSE India Manufacturing TRI",
        "fund_manager": [
            {
                "managing_fund_since": "June 24, 2024",
                "name": "Renjith Sivaram",
                "qualification": "7 Months",
                "total_exp": "14 Years"
            },
            {
                "managing_fund_since": "June 24, 2024",
                "name": "Manish Lodha",
                "qualification": "7 Months",
                "total_exp": "23 Years"
            }
        ],
        "load": {
            "entry_load": "N.A.",
            "exit_load": "An Exit Load of 0.5 is payable if Units are redeemed / switched-out upto 3 months from the date of allotment  Nil - If Units are redeemed / switched-out after completion of 3 months from the date of allotment. Redemption /Switch-Out of Units would be done on First in First Out Basis (FIFO). NAV as on Jan 31, 2025 Regular Plan Direct Plan NAV/Unit (In Rs.) (In Rs.) IDCW 9.0156 9.1056 Growth 9.0156 9.1056"
        },
        "main_scheme_name": "Mahindra Manulife Manufacturing Fund",
        "metrics": {
            "alpha": null,
            "arithmetic_mean_ratio": null,
            "average_div_yld": null,
            "average_pb": null,
            "average_pe": null,
            "avg_maturity": null,
            "beta": null,
            "correlation_ratio": null,
            "downside_deviation": null,
            "information_ratio": null,
            "macaulay": null,
            "mod_duration": null,
            "port_turnover_ratio": null,
            "r_squared_ratio": null,
            "roe_ratio": null,
            "sharpe": null,
            "sortino_ratio": null,
            "std_dev": null,
            "tracking_error": null,
            "treynor_ratio": null,
            "upside_deviation": null,
            "ytm": null
        },
        "min_addl_amt": "\u20b9 1,000",
        "min_addl_amt_multiple": "\u20b9 1",
        "min_amt": "\u20b9 1,000",
        "min_amt_multiple": "\u20b9 1",
        "monthly_aaum_date": "31-03-2025",
        "monthly_aaum_value": "\u20b9 848.45",
        "mutual_fund_name": "Mahindra Manulife Mutual Fund",
        "page_number": [
            18
        ],
        "scheme_launch_date": "June 24, 2024"
    },
    "Mahindra Manulife Pacific REITs FO": {
        "amc_name": "Mahindra Manulife Investment Management Private Limited",
        "benchmark_index": "FTSE EPRA Nareit Asia ex Japan REITs Index",
        "fund_manager": [
            {
                "managing_fund_since": "January 01, 2025",
                "name": "Krishna Sanghavi",
                "qualification": "1 Month",
                "total_exp": "27 Years"
            },
            {
                "managing_fund_since": "October 20, 2021",
                "name": "Amit Garg",
                "qualification": "3 Years And 3 Months",
                "total_exp": "19 Years"
            }
        ],
        "load": {
            "entry_load": "N.A.",
            "exit_load": "10 of the units allotted shall be redeemed without any exit load, on or before completion of 12 months from the date of allotment of Units. Any redemption in excess of the above limit shall be subject to the following exit load   An exit load of 1 is payable if Units are redeemed / switched-out on or before completion of 12 months from the date of allotment of Units  Nil - If Units are redeemed / switched-out after completion of 12 months from the date of allotment of Units. Redemption /Switch-Out of Units would be done on First in First Out Basis (FIFO). NAV as on Jan 31, 2025 Regular Plan Direct Plan NAV/Unit (In Rs.) (In Rs.) IDCW 8.1535 8.4206 Growth 8.1535 8.4206"
        },
        "main_scheme_name": "Mahindra Manulife Pacific REITs FO",
        "metrics": {
            "alpha": null,
            "arithmetic_mean_ratio": null,
            "average_div_yld": null,
            "average_pb": null,
            "average_pe": null,
            "avg_maturity": null,
            "beta": null,
            "correlation_ratio": null,
            "downside_deviation": null,
            "information_ratio": null,
            "macaulay": null,
            "mod_duration": null,
            "port_turnover_ratio": null,
            "r_squared_ratio": null,
            "roe_ratio": null,
            "sharpe": null,
            "sortino_ratio": null,
            "std_dev": null,
            "tracking_error": null,
            "treynor_ratio": null,
            "upside_deviation": null,
            "ytm": null
        },
        "min_addl_amt": "\u20b9 1,000",
        "min_addl_amt_multiple": "\u20b9 1",
        "min_amt": "\u20b9 5,000",
        "min_amt_multiple": "\u20b9 1",
        "monthly_aaum_date": "31-03-2025",
        "monthly_aaum_value": "\u20b9 21.57",
        "mutual_fund_name": "Mahindra Manulife Mutual Fund",
        "page_number": [
            19
        ],
        "scheme_launch_date": "October 20, 2021"
    },
    "Mahindra Manulife Equity Savings Fund": {
        "amc_name": "Mahindra Manulife Investment Management Private Limited",
        "benchmark_index": "Nifty Equity Savings TRI",
        "fund_manager": [
            {
                "managing_fund_since": "December 21, 2020",
                "name": "Manish Lodha",
                "qualification": "4 Years And 1 Month",
                "total_exp": "23 Years"
            },
            {
                "managing_fund_since": "July 03, 2023",
                "name": "Renjith Sivaram",
                "qualification": "1 Year And 7 Months",
                "total_exp": "14 Years"
            },
            {
                "managing_fund_since": "February 1, 2017",
                "name": "Rahul Pal",
                "qualification": "8 Years",
                "total_exp": "22 Years"
            }
        ],
        "load": {
            "entry_load": "N.A.",
            "exit_load": "10 of the units allotted shall be redeemed without any exit load, on or before completion of 15 calendar days from the date of allotment of Units. Any redemption in excess of the above limit shall be subject to the following exit load  An exit load of 1 is payable if Units are redeemed / switched-out on or before completion of 15 calendar days from the date of allotment of Units  Nil - If Units are redeemed / switched-out after completion of 15 calendar days from the date of allotment of Units."
        },
        "main_scheme_name": "Mahindra Manulife Equity Savings Fund",
        "metrics": {
            "alpha": "-0.0874",
            "arithmetic_mean_ratio": null,
            "average_div_yld": null,
            "average_pb": null,
            "average_pe": null,
            "avg_maturity": "2.46 Years",
            "beta": "1.13",
            "correlation_ratio": null,
            "downside_deviation": null,
            "information_ratio": null,
            "macaulay": "2.06 Years",
            "mod_duration": "1.97",
            "port_turnover_ratio": "4.37",
            "r_squared_ratio": null,
            "roe_ratio": null,
            "sharpe": "0.19",
            "sortino_ratio": null,
            "std_dev": "5.72",
            "tracking_error": null,
            "treynor_ratio": null,
            "upside_deviation": null,
            "ytm": "7.28"
        },
        "min_addl_amt": "\u20b9 1,000",
        "min_addl_amt_multiple": "\u20b9 1",
        "min_amt": "\u20b9 1,000",
        "min_amt_multiple": "\u20b9 1",
        "monthly_aaum_date": "31-03-2025",
        "monthly_aaum_value": "\u20b9 569.29",
        "mutual_fund_name": "Mahindra Manulife Mutual Fund",
        "page_number": [
            21
        ],
        "scheme_launch_date": "February 1, 2017"
    },
    "Mahindra Manulife Aggressive Hybrid Fund": {
        "amc_name": "Mahindra Manulife Investment Management Private Limited",
        "benchmark_index": "CRISIL Hybrid 3565 Aggressive Index",
        "fund_manager": [
            {
                "managing_fund_since": "October 16, 2020",
                "name": "Fatema Pacha",
                "qualification": "4 Years And 3 Months",
                "total_exp": "18 Years"
            },
            {
                "managing_fund_since": "December 21, 2020",
                "name": "Manish Lodha",
                "qualification": "4 Years And 1 Month",
                "total_exp": "23 Years"
            },
            {
                "managing_fund_since": "July 19, 2019",
                "name": "Rahul Pal",
                "qualification": "5 Years And 6 Months",
                "total_exp": "22 Years"
            },
            {
                "managing_fund_since": "May 02, 2024",
                "name": "Amit Garg",
                "qualification": "9 Months",
                "total_exp": "19 Years"
            }
        ],
        "load": {
            "entry_load": "N.A.",
            "exit_load": "10 of the units allotted shall be redeemed without any exit load, on or before completion of 3 months from the date of allotment of Units. Any redemption in excess of the above limit shall be subject to the following exit load  An exit load of 1 is payable if Units are redeemed / switched-out on or before completion of 3 months from the date of allotment of Units  Nil - If Units are redeemed / switched-out after completion of 3 months from the date of allotment of Units"
        },
        "main_scheme_name": "Mahindra Manulife Aggressive Hybrid Fund",
        "metrics": {
            "alpha": "0.1442",
            "arithmetic_mean_ratio": null,
            "average_div_yld": null,
            "average_pb": null,
            "average_pe": null,
            "avg_maturity": "9.74 years",
            "beta": "1.13",
            "correlation_ratio": null,
            "downside_deviation": null,
            "information_ratio": null,
            "macaulay": "4.80 years",
            "mod_duration": "4.60",
            "port_turnover_ratio": "0.81",
            "r_squared_ratio": null,
            "roe_ratio": null,
            "sharpe": "0.65",
            "sortino_ratio": null,
            "std_dev": "11.11",
            "tracking_error": null,
            "treynor_ratio": null,
            "upside_deviation": null,
            "ytm": "7.57"
        },
        "min_addl_amt": "",
        "min_addl_amt_multiple": "",
        "min_amt": "\u20b9 1,000",
        "min_amt_multiple": "\u20b9 1",
        "monthly_aaum_date": "31-03-2025",
        "monthly_aaum_value": "\u20b9 1,516.61",
        "mutual_fund_name": "Mahindra Manulife Mutual Fund",
        "page_number": [
            22
        ],
        "scheme_launch_date": "July 19, 2019"
    },
    "Mahindra Manulife Balanced Advantage Fund": {
        "amc_name": "Mahindra Manulife Investment Management Private Limited",
        "benchmark_index": "Nifty 50 Hybrid Composite Debt 50 50 Index TRI",
        "fund_manager": [
            {
                "managing_fund_since": "December 30, 2021",
                "name": "Manish Lodha",
                "qualification": "3 Years And 1 Month",
                "total_exp": "23 Years"
            },
            {
                "managing_fund_since": "December 30, 2021",
                "name": "Fatema Pacha",
                "qualification": "3 Years And 1 Month",
                "total_exp": "18 Years"
            },
            {
                "managing_fund_since": "December 30, 2021",
                "name": "Rahul Pal",
                "qualification": "3 Years And 1 Month",
                "total_exp": "22 Years"
            }
        ],
        "load": {
            "entry_load": "N.A.",
            "exit_load": "10 of the units allotted shall be redeemed without any exit load, on or before completion of 3 months from the date of allotment of Units. Any redemption in excess of the above limit shall be subject to the following exit load  An Exit Load of 1 is payable if Units are redeemed / switched-out on or before completion of 3 months from the date of allotment of Units  Nil - If Units are redeemed / switched-out after completion of 3 months from the date of allotment of Units."
        },
        "main_scheme_name": "Mahindra Manulife Balanced Advantage Fund",
        "metrics": {
            "alpha": "0.1187",
            "arithmetic_mean_ratio": null,
            "average_div_yld": null,
            "average_pb": null,
            "average_pe": null,
            "avg_maturity": "7.26 years",
            "beta": "1.00",
            "correlation_ratio": null,
            "downside_deviation": null,
            "information_ratio": null,
            "macaulay": "3.97 years",
            "mod_duration": "3.81",
            "port_turnover_ratio": "2.90",
            "r_squared_ratio": null,
            "roe_ratio": null,
            "sharpe": "0.50",
            "sortino_ratio": null,
            "std_dev": "8.33",
            "tracking_error": null,
            "treynor_ratio": null,
            "upside_deviation": null,
            "ytm": "7.09"
        },
        "min_addl_amt": "\u20b9 1,000",
        "min_addl_amt_multiple": "\u20b9 1",
        "min_amt": "\u20b9 1,000",
        "min_amt_multiple": "\u20b9 1",
        "monthly_aaum_date": "31-03-2025",
        "monthly_aaum_value": "\u20b9 890.10",
        "mutual_fund_name": "Mahindra Manulife Mutual Fund",
        "page_number": [
            23
        ],
        "scheme_launch_date": "December 30, 2021"
    },
    "Mahindra Manulife Multi Asset Allocation Fund": {
        "amc_name": "Mahindra Manulife Investment Management Private Limited",
        "benchmark_index": "NIFTY 500 TRI",
        "fund_manager": [
            {
                "managing_fund_since": "March 13, 2024",
                "name": "Renjith Sivaram",
                "qualification": "10 Months",
                "total_exp": "14 Years"
            },
            {
                "managing_fund_since": "March 13, 2024",
                "name": "Rahul Pal",
                "qualification": "10 Months",
                "total_exp": "22 Years"
            }
        ],
        "load": {
            "entry_load": "N.A.",
            "exit_load": "An Exit Load of 0.5 is payable if Units are redeemed / switched-out up to 3 months from the date of allotment  Nil if Units are redeemed / switched-out after 3 months from the date of allotment. Redemption /Switch-Out of Units would be done on First in First out Basis (FIFO)."
        },
        "main_scheme_name": "Mahindra Manulife Multi Asset Allocation Fund",
        "metrics": {
            "alpha": null,
            "arithmetic_mean_ratio": null,
            "average_div_yld": null,
            "average_pb": null,
            "average_pe": null,
            "avg_maturity": "9.70 years",
            "beta": null,
            "correlation_ratio": null,
            "downside_deviation": null,
            "information_ratio": null,
            "macaulay": "5.90 years",
            "mod_duration": "5.66",
            "port_turnover_ratio": null,
            "r_squared_ratio": null,
            "roe_ratio": null,
            "sharpe": null,
            "sortino_ratio": null,
            "std_dev": null,
            "tracking_error": null,
            "treynor_ratio": null,
            "upside_deviation": null,
            "ytm": "7.35"
        },
        "min_addl_amt": "\u20b9 1,000",
        "min_addl_amt_multiple": "\u20b9 1",
        "min_amt": "\u20b9 1,000",
        "min_amt_multiple": "\u20b9 1",
        "monthly_aaum_date": "31-03-2025",
        "monthly_aaum_value": "\u20b9 554.99",
        "mutual_fund_name": "Mahindra Manulife Mutual Fund",
        "page_number": [
            24
        ],
        "scheme_launch_date": "March 13, 2024"
    },
    "Mahindra Manulife Arbitrage Fund": {
        "amc_name": "Mahindra Manulife Investment Management Private Limited",
        "benchmark_index": "Nifty 50 Arbitrage TRI",
        "fund_manager": [
            {
                "managing_fund_since": "October 24, 2024",
                "name": "Navin Matta",
                "qualification": "3 Months",
                "total_exp": "19 Years"
            },
            {
                "managing_fund_since": "December 21, 2020",
                "name": "Manish Lodha",
                "qualification": "4 Years And 1 Month",
                "total_exp": "23 Years"
            },
            {
                "managing_fund_since": "August 24, 2020",
                "name": "Rahul Pal",
                "qualification": "4 Years And 5 Months",
                "total_exp": "22 Years"
            }
        ],
        "load": {
            "entry_load": "N.A.",
            "exit_load": "An exit load of 0.25 is payable if Units are redeemed / switched-out on or before completion of 30 days from the date of allotment of Units  Nil - If Units are redeemed / switched-out after completion of 30 days from the date of allotment of Units. Redemption /Switch-Out of Units would be done on First in First out Basis (FIFO)."
        },
        "main_scheme_name": "Mahindra Manulife Arbitrage Fund",
        "metrics": {
            "alpha": "-0.1318",
            "arithmetic_mean_ratio": null,
            "average_div_yld": null,
            "average_pb": null,
            "average_pe": null,
            "avg_maturity": "78.34 days",
            "beta": "0.61",
            "correlation_ratio": null,
            "downside_deviation": null,
            "information_ratio": null,
            "macaulay": "78.34 days",
            "mod_duration": "0.21",
            "port_turnover_ratio": "8.67",
            "r_squared_ratio": null,
            "roe_ratio": null,
            "sharpe": "-2.95",
            "sortino_ratio": null,
            "std_dev": "0.56",
            "tracking_error": null,
            "treynor_ratio": null,
            "upside_deviation": null,
            "ytm": "6.52"
        },
        "min_addl_amt": "",
        "min_addl_amt_multiple": "",
        "min_amt": "",
        "min_amt_multiple": "",
        "monthly_aaum_date": "31-03-2025",
        "monthly_aaum_value": "\u20b9 110.91",
        "mutual_fund_name": "Mahindra Manulife Mutual Fund",
        "page_number": [
            25
        ],
        "scheme_launch_date": "August 24, 2020"
    },
    "Mahindra Manulife Liquid Fund": {
        "amc_name": "Mahindra Manulife Investment Management Private Limited",
        "benchmark_index": "CRISIL Liquid Debt A-I Index ",
        "fund_manager": [
            {
                "managing_fund_since": "July 04, 2016",
                "name": "Rahul Pal",
                "qualification": "8 Years And 7 Months",
                "total_exp": "22 Years"
            },
            {
                "managing_fund_since": "June 8, 2020",
                "name": "Amit Garg",
                "qualification": "4 Years And 8 Months",
                "total_exp": "19 Years"
            }
        ],
        "load": {
            "entry_load": "N.A.",
            "exit_load": "Investor Exit upon Exit Load as  of subscription redemption proceed Day 1 0.0070 Day 2 0.0065 Day 3 0.0060 Day 4 0.0055 Day 5 0.0050 Day 6 0.0045 Day 7 onwards 0.0000 Redemption /Switch-Out of Units would be done on First in First out Basis (FIFO). The above mentioned exit load shall not apply to the Unclaimed Plan offered under the scheme."
        },
        "main_scheme_name": "Mahindra Manulife Liquid Fund",
        "metrics": {
            "alpha": null,
            "arithmetic_mean_ratio": null,
            "average_div_yld": null,
            "average_pb": null,
            "average_pe": null,
            "avg_maturity": "49.46 days",
            "beta": null,
            "correlation_ratio": null,
            "downside_deviation": null,
            "information_ratio": null,
            "macaulay": "49.46 days",
            "mod_duration": "0.14",
            "port_turnover_ratio": null,
            "r_squared_ratio": null,
            "roe_ratio": null,
            "sharpe": null,
            "sortino_ratio": null,
            "std_dev": null,
            "tracking_error": null,
            "treynor_ratio": null,
            "upside_deviation": null,
            "ytm": "7.34"
        },
        "min_addl_amt": "\u20b9 1,000",
        "min_addl_amt_multiple": "\u20b9 1",
        "min_amt": "\u20b9 1,000",
        "min_amt_multiple": "\u20b9 1",
        "monthly_aaum_date": "31-03-2025",
        "monthly_aaum_value": "\u20b9 1,278.94",
        "mutual_fund_name": "Mahindra Manulife Mutual Fund",
        "page_number": [
            27
        ],
        "scheme_launch_date": "July 4, 2016"
    },
    "Mahindra Manulife Low Duration Fund": {
        "amc_name": "Mahindra Manulife Investment Management Private Limited",
        "benchmark_index": "CRISIL Low Duration Debt A-I Index ",
        "fund_manager": [
            {
                "managing_fund_since": "February 15, 2017",
                "name": "Rahul Pal",
                "qualification": "8 Years",
                "total_exp": "22 Years"
            }
        ],
        "load": {
            "entry_load": "N.A.",
            "exit_load": "Nil"
        },
        "main_scheme_name": "Mahindra Manulife Low Duration Fund",
        "metrics": {
            "alpha": null,
            "arithmetic_mean_ratio": null,
            "average_div_yld": null,
            "average_pb": null,
            "average_pe": null,
            "avg_maturity": "425.14 days",
            "beta": null,
            "correlation_ratio": null,
            "downside_deviation": null,
            "information_ratio": null,
            "macaulay": "333.61 days",
            "mod_duration": "0.86",
            "port_turnover_ratio": null,
            "r_squared_ratio": null,
            "roe_ratio": null,
            "sharpe": null,
            "sortino_ratio": null,
            "std_dev": null,
            "tracking_error": null,
            "treynor_ratio": null,
            "upside_deviation": null,
            "ytm": "7.86"
        },
        "min_addl_amt": "\u20b9 1,000",
        "min_addl_amt_multiple": "\u20b9 1",
        "min_amt": "\u20b9 1,000",
        "min_amt_multiple": "\u20b9 1",
        "monthly_aaum_date": "31-03-2025",
        "monthly_aaum_value": "\u20b9 646.32",
        "mutual_fund_name": "Mahindra Manulife Mutual Fund",
        "page_number": [
            28
        ],
        "scheme_launch_date": "February 15, 2017"
    },
    "Mahindra Manulife Dynamic Bond Fund": {
        "amc_name": "Mahindra Manulife Investment Management Private Limited",
        "benchmark_index": "CRISIL Dynamic Bond A-III Index ",
        "fund_manager": [
            {
                "managing_fund_since": "August 20, 2018",
                "name": "Rahul Pal",
                "qualification": "6 Years And 6 Months",
                "total_exp": "22 Years"
            }
        ],
        "load": {
            "entry_load": "N.A.",
            "exit_load": "Nil"
        },
        "main_scheme_name": "Mahindra Manulife Dynamic Bond Fund",
        "metrics": {
            "alpha": null,
            "arithmetic_mean_ratio": null,
            "average_div_yld": null,
            "average_pb": null,
            "average_pe": null,
            "avg_maturity": "17.18 years",
            "beta": null,
            "correlation_ratio": null,
            "downside_deviation": null,
            "information_ratio": null,
            "macaulay": "8.14 years",
            "mod_duration": "7.84",
            "port_turnover_ratio": null,
            "r_squared_ratio": null,
            "roe_ratio": null,
            "sharpe": null,
            "sortino_ratio": null,
            "std_dev": null,
            "tracking_error": null,
            "treynor_ratio": null,
            "upside_deviation": null,
            "ytm": "7.24"
        },
        "min_addl_amt": "",
        "min_addl_amt_multiple": "",
        "min_amt": "",
        "min_amt_multiple": "",
        "monthly_aaum_date": "31-03-2025",
        "monthly_aaum_value": "\u20b9 78.27",
        "mutual_fund_name": "Mahindra Manulife Mutual Fund",
        "page_number": [
            29
        ],
        "scheme_launch_date": "August 20, 2018"
    },
    "Mahindra Manulife Overnight Fund": {
        "amc_name": "Mahindra Manulife Investment Management Private Limited",
        "benchmark_index": "CRISIL Liquid Overnight Index ",
        "fund_manager": [
            {
                "managing_fund_since": "July 23, 2019",
                "name": "Rahul Pal",
                "qualification": "5 Years And 6 Months",
                "total_exp": "22 Years"
            },
            {
                "managing_fund_since": "June 8, 2020",
                "name": "Amit Garg",
                "qualification": "4 Years And 8 Months",
                "total_exp": "19 Years"
            }
        ],
        "load": {
            "entry_load": "N.A.",
            "exit_load": "Nil"
        },
        "main_scheme_name": "Mahindra Manulife Overnight Fund",
        "metrics": {
            "alpha": null,
            "arithmetic_mean_ratio": null,
            "average_div_yld": null,
            "average_pb": null,
            "average_pe": null,
            "avg_maturity": "3.45 days",
            "beta": null,
            "correlation_ratio": null,
            "downside_deviation": null,
            "information_ratio": null,
            "macaulay": "3.45 days",
            "mod_duration": "0.01",
            "port_turnover_ratio": null,
            "r_squared_ratio": null,
            "roe_ratio": null,
            "sharpe": null,
            "sortino_ratio": null,
            "std_dev": null,
            "tracking_error": null,
            "treynor_ratio": null,
            "upside_deviation": null,
            "ytm": "6.75"
        },
        "min_addl_amt": "",
        "min_addl_amt_multiple": "",
        "min_amt": "\u20b9 1,000",
        "min_amt_multiple": "\u20b9 1",
        "monthly_aaum_date": "31-03-2025",
        "monthly_aaum_value": "\u20b9 200.28",
        "mutual_fund_name": "Mahindra Manulife Mutual Fund",
        "page_number": [
            30
        ],
        "scheme_launch_date": "July 23, 2019"
    },
    "Mahindra Manulife Ultra Short Duration Fund": {
        "amc_name": "Mahindra Manulife Investment Management Private Limited",
        "benchmark_index": "CRISIL Ultra Short Duration Debt A-I Index ",
        "fund_manager": [
            {
                "managing_fund_since": "October 17,  2019",
                "name": "Rahul Pal",
                "qualification": "5 Years And 3 Months",
                "total_exp": "22 Years"
            },
            {
                "managing_fund_since": "June 8, 2020",
                "name": "Amit Garg",
                "qualification": "4 Years And 8 Months",
                "total_exp": "19 Years"
            }
        ],
        "load": {
            "entry_load": "Nil",
            "exit_load": "Nil"
        },
        "main_scheme_name": "Mahindra Manulife Ultra Short Duration Fund",
        "metrics": {
            "alpha": null,
            "arithmetic_mean_ratio": null,
            "average_div_yld": null,
            "average_pb": null,
            "average_pe": null,
            "avg_maturity": "192.14 days",
            "beta": null,
            "correlation_ratio": null,
            "downside_deviation": null,
            "information_ratio": null,
            "macaulay": "175.94 days",
            "mod_duration": "0.46",
            "port_turnover_ratio": null,
            "r_squared_ratio": null,
            "roe_ratio": null,
            "sharpe": null,
            "sortino_ratio": null,
            "std_dev": null,
            "tracking_error": null,
            "treynor_ratio": null,
            "upside_deviation": null,
            "ytm": "7.72"
        },
        "min_addl_amt": "",
        "min_addl_amt_multiple": "",
        "min_amt": "\u20b9 1,000",
        "min_amt_multiple": "\u20b9 1",
        "monthly_aaum_date": "31-03-2025",
        "monthly_aaum_value": "\u20b9 230.36",
        "mutual_fund_name": "Mahindra Manulife Mutual Fund",
        "page_number": [
            31
        ],
        "scheme_launch_date": "October 17, 2019"
    },
    "Mahindra Manulife Short Duration Fund": {
        "amc_name": "Mahindra Manulife Investment Management Private Limited",
        "benchmark_index": "CRISIL Short Duration Debt A-II Index ",
        "fund_manager": [
            {
                "managing_fund_since": "February 23, 2021",
                "name": "Rahul Pal",
                "qualification": "3 Years And 11 Months",
                "total_exp": "22 Years"
            }
        ],
        "load": {
            "entry_load": "Nil",
            "exit_load": "Nil"
        },
        "main_scheme_name": "Mahindra Manulife Short Duration Fund",
        "metrics": {
            "alpha": null,
            "arithmetic_mean_ratio": null,
            "average_div_yld": null,
            "average_pb": null,
            "average_pe": null,
            "avg_maturity": "3.12 years",
            "beta": null,
            "correlation_ratio": null,
            "downside_deviation": null,
            "information_ratio": null,
            "macaulay": "2.67 years",
            "mod_duration": "2.55",
            "port_turnover_ratio": null,
            "r_squared_ratio": null,
            "roe_ratio": null,
            "sharpe": null,
            "sortino_ratio": null,
            "std_dev": null,
            "tracking_error": null,
            "treynor_ratio": null,
            "upside_deviation": null,
            "ytm": "7.52"
        },
        "min_addl_amt": "",
        "min_addl_amt_multiple": "",
        "min_amt": "",
        "min_amt_multiple": "",
        "monthly_aaum_date": "31-03-2025",
        "monthly_aaum_value": "\u20b9 68.74",
        "mutual_fund_name": "Mahindra Manulife Mutual Fund",
        "page_number": [
            32
        ],
        "scheme_launch_date": "February 23, 2021"
    }
}