{
    "Motilal Oswal Large Cap Fund": {
        "amc_name": "Motilal Oswal Asset Management Company Limited",
        "benchmark_index": "NIFTY 100 TRI ",
        "fund_manager": [
            {
                "managing_fund_since": "06-Feb-2024",
                "name": "Ajay Khandelwal",
                "qualification": "",
                "total_exp": "18 Years"
            },
            {
                "managing_fund_since": "06-Feb-2024",
                "name": "Niket Shah",
                "qualification": "",
                "total_exp": "15 Years"
            },
            {
                "managing_fund_since": "06-Feb-2024",
                "name": "Atul Mehra",
                "qualification": "",
                "total_exp": "15 Years"
            },
            {
                "managing_fund_since": "06-Feb-2024",
                "name": "Rakesh Shetty",
                "qualification": "",
                "total_exp": "14 Years"
            }
        ],
        "load": {
            "entry_load": "Nil",
            "exit_load": "1 - If redeemed on or before 1 year from the date of allotment. Nil - If redeemed after 1 year from the date of allotment. Exit Load will be applicable on switch amongst the Schemes of MOMF. No Load shall be imposed for switching between Options within the Scheme. Further, it is clarified that there will be no exit load charged on a switch-out from Regular to Direct plan within the same scheme."
        },
        "main_scheme_name": "Motilal Oswal Large Cap Fund",
        "metrics": {
            "alpha": null,
            "arithmetic_mean_ratio": null,
            "average_div_yld": null,
            "average_pb": null,
            "average_pe": null,
            "avg_maturity": null,
            "beta": "1.0",
            "correlation_ratio": null,
            "downside_deviation": null,
            "information_ratio": null,
            "macaulay": null,
            "mod_duration": null,
            "port_turnover_ratio": "0.65",
            "r_squared_ratio": null,
            "roe_ratio": null,
            "sharpe": null,
            "sortino_ratio": null,
            "std_dev": "11.8",
            "tracking_error": null,
            "treynor_ratio": null,
            "upside_deviation": null,
            "ytm": null
        },
        "min_addl_amt": "",
        "min_addl_amt_multiple": "",
        "min_amt": "",
        "min_amt_multiple": "",
        "monthly_aaum_date": "31-03-2025",
        "monthly_aaum_value": "\u20b9 1,642.01",
        "mutual_fund_name": "Motilal Oswal Mutual Fund",
        "page_number": [
            3
        ],
        "scheme_launch_date": ""
    },
    "Motilal Oswal Large and Midcap Fund": {
        "amc_name": "Motilal Oswal Asset Management Company Limited",
        "benchmark_index": "NIFTY Large Midcap 250 TRI ",
        "fund_manager": [
            {
                "managing_fund_since": "11-Dec-2023",
                "name": "Ajay Khandelwal",
                "qualification": "",
                "total_exp": "18 Years"
            },
            {
                "managing_fund_since": "01-Oct-2024",
                "name": "Atul Mehra",
                "qualification": "",
                "total_exp": "15 Years"
            },
            {
                "managing_fund_since": "22-Nov-2022",
                "name": "Rakesh Shetty",
                "qualification": "",
                "total_exp": "14 Years"
            }
        ],
        "load": {
            "entry_load": "Nil",
            "exit_load": "1 - If redeemed on or before 1 year from the date of allotment. Nil - If redeemed after 1 year from the date of allotment. Exit Load will be applicable on switch amongst the Schemes of MOMF. No Load shall be imposed for switching between Options within the Scheme. Further, it is clarified that there will be no exit load charged on a switch-out from Regular to Direct plan within the same scheme."
        },
        "main_scheme_name": "Motilal Oswal Large and Midcap Fund",
        "metrics": {
            "alpha": null,
            "arithmetic_mean_ratio": null,
            "average_div_yld": null,
            "average_pb": null,
            "average_pe": null,
            "avg_maturity": null,
            "beta": "1.0",
            "correlation_ratio": null,
            "downside_deviation": null,
            "information_ratio": null,
            "macaulay": null,
            "mod_duration": null,
            "port_turnover_ratio": "0.40",
            "r_squared_ratio": null,
            "roe_ratio": null,
            "sharpe": "0.9",
            "sortino_ratio": null,
            "std_dev": "16.3",
            "tracking_error": null,
            "treynor_ratio": null,
            "upside_deviation": null,
            "ytm": null
        },
        "min_addl_amt": "",
        "min_addl_amt_multiple": "",
        "min_amt": "",
        "min_amt_multiple": "",
        "monthly_aaum_date": "31-03-2025",
        "monthly_aaum_value": "\u20b9 8,701.20",
        "mutual_fund_name": "Motilal Oswal Mutual Fund",
        "page_number": [
            4
        ],
        "scheme_launch_date": ""
    },
    "Motilal Oswal Flexi Cap Fund": {
        "amc_name": "Motilal Oswal Asset Management Company Limited",
        "benchmark_index": "",
        "fund_manager": [
            {
                "managing_fund_since": "01-July-2022",
                "name": "Niket Shah",
                "qualification": "",
                "total_exp": "15 Years"
            },
            {
                "managing_fund_since": "01-Oct-2024",
                "name": "Ajay Khandelwal",
                "qualification": "",
                "total_exp": "18 Years"
            },
            {
                "managing_fund_since": "01-Oct-2024",
                "name": "Atul Mehra",
                "qualification": "",
                "total_exp": "15 Years"
            },
            {
                "managing_fund_since": "22-Nov-2022",
                "name": "Rakesh Shetty",
                "qualification": "",
                "total_exp": "14 Years"
            }
        ],
        "load": {
            "entry_load": "Nil",
            "exit_load": "1 - If redeemed on or before 1 year from the date of allotment. Nil - If redeemed after 1 year from the date of allotment. Exit Load will be applicable on switch amongst the Schemes of MOMF. No Load shall be imposed for switching between Options within the Scheme. Further, it is clarified that there will be no exit load charged on a switch-out from Regular to Direct plan within the same scheme."
        },
        "main_scheme_name": "Motilal Oswal Flexi Cap Fund",
        "metrics": {
            "alpha": null,
            "arithmetic_mean_ratio": null,
            "average_div_yld": null,
            "average_pb": null,
            "average_pe": null,
            "avg_maturity": null,
            "beta": "0.9",
            "correlation_ratio": null,
            "downside_deviation": null,
            "information_ratio": null,
            "macaulay": null,
            "mod_duration": null,
            "port_turnover_ratio": "1.38",
            "r_squared_ratio": null,
            "roe_ratio": null,
            "sharpe": "0.8",
            "sortino_ratio": null,
            "std_dev": "15.4",
            "tracking_error": null,
            "treynor_ratio": null,
            "upside_deviation": null,
            "ytm": null
        },
        "min_addl_amt": "",
        "min_addl_amt_multiple": "",
        "min_amt": "",
        "min_amt_multiple": "",
        "monthly_aaum_date": "31-03-2025",
        "monthly_aaum_value": "\u20b9 12,361.61",
        "mutual_fund_name": "Motilal Oswal Mutual Fund",
        "page_number": [
            5
        ],
        "scheme_launch_date": ""
    },
    "Motilal Oswal Multi Cap Fund": {
        "amc_name": "Motilal Oswal Asset Management Company Limited",
        "benchmark_index": "Nifty 500 Multicap 50:25:25 Index TR ",
        "fund_manager": [
            {
                "managing_fund_since": "18-June-2024",
                "name": "Niket Shah",
                "qualification": "",
                "total_exp": "15 Years"
            },
            {
                "managing_fund_since": "18-June-2024",
                "name": "Ajay Khandelwal",
                "qualification": "",
                "total_exp": "18 Years"
            },
            {
                "managing_fund_since": "18-June-2024",
                "name": "Atul Mehra",
                "qualification": "",
                "total_exp": "15 Years"
            },
            {
                "managing_fund_since": "18-June-2024",
                "name": "Rakesh Shetty",
                "qualification": "",
                "total_exp": "14 Years"
            }
        ],
        "load": {
            "entry_load": "Nil",
            "exit_load": "1 - If redeemed on or before 1 year from the date of allotment. Nil - If redeemed after 1 year from the date of allotment. Exit Load will be applicable on switch amongst the Schemes of MOMF. No Load shall be imposed for switching between Options within the Scheme. Further, it is clarified that there will be no exit load charged on a switch-out from Regular to Direct plan within the same scheme."
        },
        "main_scheme_name": "Motilal Oswal Multi Cap Fund",
        "metrics": {
            "alpha": null,
            "arithmetic_mean_ratio": null,
            "average_div_yld": null,
            "average_pb": null,
            "average_pe": null,
            "avg_maturity": null,
            "beta": null,
            "correlation_ratio": null,
            "downside_deviation": null,
            "information_ratio": null,
            "macaulay": null,
            "mod_duration": null,
            "port_turnover_ratio": "1.43",
            "r_squared_ratio": null,
            "roe_ratio": null,
            "sharpe": null,
            "sortino_ratio": null,
            "std_dev": null,
            "tracking_error": null,
            "treynor_ratio": null,
            "upside_deviation": null,
            "ytm": null
        },
        "min_addl_amt": "",
        "min_addl_amt_multiple": "",
        "min_amt": "",
        "min_amt_multiple": "",
        "monthly_aaum_date": "31-03-2025",
        "monthly_aaum_value": "\u20b9 3,207.01",
        "mutual_fund_name": "Motilal Oswal Mutual Fund",
        "page_number": [
            6
        ],
        "scheme_launch_date": ""
    },
    "Motilal Oswal Midcap Fund": {
        "amc_name": "Motilal Oswal Asset Management Company Limited",
        "benchmark_index": "Midcap Fund NIFTY Midcap 150 TRI ",
        "fund_manager": [
            {
                "managing_fund_since": "01-July-2020",
                "name": "Niket Shah",
                "qualification": "",
                "total_exp": "15 Years"
            },
            {
                "managing_fund_since": "01-Oct-2024",
                "name": "Ajay Khandelwal",
                "qualification": "",
                "total_exp": "18 Years"
            },
            {
                "managing_fund_since": "22-Nov-2022",
                "name": "Rakesh Shetty",
                "qualification": "",
                "total_exp": "14 Years"
            }
        ],
        "load": {
            "entry_load": "Nil",
            "exit_load": "1 - If redeemed on or before 1 year from the date of allotment. Nil - If redeemed after 1 year from the date of allotment. Exit Load will be applicable on switch amongst the Schemes of MOMF. No Load shall be imposed for switching between Options within the Scheme. Further, it is clarified that there will be no exit load charged on a switch-out from Regular to Direct plan within the same scheme."
        },
        "main_scheme_name": "Motilal Oswal Midcap Fund",
        "metrics": {
            "alpha": null,
            "arithmetic_mean_ratio": null,
            "average_div_yld": null,
            "average_pb": null,
            "average_pe": null,
            "avg_maturity": null,
            "beta": "0.9",
            "correlation_ratio": null,
            "downside_deviation": null,
            "information_ratio": null,
            "macaulay": null,
            "mod_duration": null,
            "port_turnover_ratio": "1.64",
            "r_squared_ratio": null,
            "roe_ratio": null,
            "sharpe": "1.2",
            "sortino_ratio": null,
            "std_dev": "18.0",
            "tracking_error": null,
            "treynor_ratio": null,
            "upside_deviation": null,
            "ytm": null
        },
        "min_addl_amt": "",
        "min_addl_amt_multiple": "",
        "min_amt": "",
        "min_amt_multiple": "",
        "monthly_aaum_date": "31-03-2025",
        "monthly_aaum_value": "\u20b9 25,307.49",
        "mutual_fund_name": "Motilal Oswal Mutual Fund",
        "page_number": [
            7
        ],
        "scheme_launch_date": ""
    },
    "Motilal Oswal Small Cap Fund": {
        "amc_name": "Motilal Oswal Asset Management Company Limited",
        "benchmark_index": "Nifty Smallcap 250 TRI ",
        "fund_manager": [
            {
                "managing_fund_since": "26-Dec-2023",
                "name": "Ajay Khandelwal",
                "qualification": "",
                "total_exp": "18 Years"
            },
            {
                "managing_fund_since": "26-Dec-2023",
                "name": "Niket Shah",
                "qualification": "",
                "total_exp": "15 Years"
            },
            {
                "managing_fund_since": "26-Dec-2023",
                "name": "Rakesh Shetty",
                "qualification": "",
                "total_exp": "14 Years"
            }
        ],
        "load": {
            "entry_load": "Nil",
            "exit_load": "1 - If redeemed on or before 1 year from the date of allotment. Nil - If redeemed after 1 year from the date of allotment. Exit Load will be applicable on switch amongst the Schemes of MOMF. No Load shall be imposed for switching between Options within the Scheme. Further, it is clarified that there will be no exit load charged on a switch-out from Regular to Direct plan within the same scheme."
        },
        "main_scheme_name": "Motilal Oswal Small Cap Fund",
        "metrics": {
            "alpha": null,
            "arithmetic_mean_ratio": null,
            "average_div_yld": null,
            "average_pb": null,
            "average_pe": null,
            "avg_maturity": null,
            "beta": "0.7",
            "correlation_ratio": null,
            "downside_deviation": null,
            "information_ratio": null,
            "macaulay": null,
            "mod_duration": null,
            "port_turnover_ratio": "0.55",
            "r_squared_ratio": null,
            "roe_ratio": null,
            "sharpe": null,
            "sortino_ratio": null,
            "std_dev": "15.5",
            "tracking_error": null,
            "treynor_ratio": null,
            "upside_deviation": null,
            "ytm": null
        },
        "min_addl_amt": "",
        "min_addl_amt_multiple": "",
        "min_amt": "",
        "min_amt_multiple": "",
        "monthly_aaum_date": "31-03-2025",
        "monthly_aaum_value": "\u20b9 4,097.93",
        "mutual_fund_name": "Motilal Oswal Mutual Fund",
        "page_number": [
            8
        ],
        "scheme_launch_date": ""
    },
    "Motilal Oswal Focused Fund": {
        "amc_name": "Motilal Oswal Asset Management Company Limited",
        "benchmark_index": "",
        "fund_manager": [
            {
                "managing_fund_since": "01-Oct-2024",
                "name": "Ajay Khandelwal",
                "qualification": "",
                "total_exp": "18 Years"
            },
            {
                "managing_fund_since": "01-Oct-2024",
                "name": "Atul Mehra",
                "qualification": "",
                "total_exp": "15 Years"
            },
            {
                "managing_fund_since": "22-Nov-2022",
                "name": "Rakesh Shetty",
                "qualification": "",
                "total_exp": "14 Years"
            }
        ],
        "load": {
            "entry_load": "Nil",
            "exit_load": "1 - If redeemed on or before 1 year from the date of allotment. Nil - If redeemed after 1 year from the date of allotment. Exit Load will be applicable on switch amongst the Schemes of MOMF. No Load shall be imposed for switching between Options within the Scheme. Further, it is clarified that there will be no exit load charged on a switch-out from Regular to Direct plan within the same scheme."
        },
        "main_scheme_name": "Motilal Oswal Focused Fund",
        "metrics": {
            "alpha": null,
            "arithmetic_mean_ratio": null,
            "average_div_yld": null,
            "average_pb": null,
            "average_pe": null,
            "avg_maturity": null,
            "beta": "1.0",
            "correlation_ratio": null,
            "downside_deviation": null,
            "information_ratio": null,
            "macaulay": null,
            "mod_duration": null,
            "port_turnover_ratio": "0.92",
            "r_squared_ratio": null,
            "roe_ratio": null,
            "sharpe": "0.1",
            "sortino_ratio": null,
            "std_dev": "14.9",
            "tracking_error": null,
            "treynor_ratio": null,
            "upside_deviation": null,
            "ytm": null
        },
        "min_addl_amt": "",
        "min_addl_amt_multiple": "",
        "min_amt": "",
        "min_amt_multiple": "",
        "monthly_aaum_date": "31-03-2025",
        "monthly_aaum_value": "\u20b9 1,601.84",
        "mutual_fund_name": "Motilal Oswal Mutual Fund",
        "page_number": [
            9
        ],
        "scheme_launch_date": ""
    },
    "Motilal Oswal ELSS Tax Saver Fund": {
        "amc_name": "Motilal Oswal Asset Management Company Limited",
        "benchmark_index": "Nifty 500 TRI ",
        "fund_manager": [
            {
                "managing_fund_since": "11-Dec-2023",
                "name": "Ajay Khandelwal",
                "qualification": "",
                "total_exp": "18 Years"
            },
            {
                "managing_fund_since": "01-Oct-2024",
                "name": "Atul Mehra",
                "qualification": "",
                "total_exp": "15 Years"
            },
            {
                "managing_fund_since": "22-Nov-2022",
                "name": "Rakesh Shetty",
                "qualification": "",
                "total_exp": "14 Years"
            }
        ],
        "load": {
            "entry_load": "Nil",
            "exit_load": ""
        },
        "main_scheme_name": "Motilal Oswal ELSS Tax Saver Fund",
        "metrics": {
            "alpha": null,
            "arithmetic_mean_ratio": null,
            "average_div_yld": null,
            "average_pb": null,
            "average_pe": null,
            "avg_maturity": null,
            "beta": "1.0",
            "correlation_ratio": null,
            "downside_deviation": null,
            "information_ratio": null,
            "macaulay": null,
            "mod_duration": null,
            "port_turnover_ratio": "0.61",
            "r_squared_ratio": null,
            "roe_ratio": null,
            "sharpe": "0.8",
            "sortino_ratio": null,
            "std_dev": "16.8",
            "tracking_error": null,
            "treynor_ratio": null,
            "upside_deviation": null,
            "ytm": null
        },
        "min_addl_amt": "",
        "min_addl_amt_multiple": "",
        "min_amt": "",
        "min_amt_multiple": "",
        "monthly_aaum_date": "31-03-2025",
        "monthly_aaum_value": "\u20b9 4,106.13",
        "mutual_fund_name": "Motilal Oswal Mutual Fund",
        "page_number": [
            10
        ],
        "scheme_launch_date": ""
    },
    "Motilal Oswal Business Cycle Fund": {
        "amc_name": "Motilal Oswal Asset Management Company Limited",
        "benchmark_index": "Nifty 500 TRI ",
        "fund_manager": [
            {
                "managing_fund_since": "27-August-2024",
                "name": "Ajay Khandelwal",
                "qualification": "",
                "total_exp": "18 Years"
            },
            {
                "managing_fund_since": "27-August-2024",
                "name": "Niket Shah",
                "qualification": "",
                "total_exp": "15 Years"
            },
            {
                "managing_fund_since": "27-August-2024",
                "name": "Atul Mehra",
                "qualification": "",
                "total_exp": "15 Years"
            },
            {
                "managing_fund_since": "27-August-2024",
                "name": "Rakesh Shetty",
                "qualification": "",
                "total_exp": "14 Years"
            }
        ],
        "load": {
            "entry_load": "Nil",
            "exit_load": "1 - If redeemed on or before 1 year from the date of allotment. Nil - If redeemed after 1 year from the date of allotment. Exit Load will be applicable on switch amongst the Schemes of MOMF. No Load shall be imposed for switching between Options within the Scheme. Further, it is clarified that there will be no exit load charged on a switch-out from Regular to Direct plan within the same scheme."
        },
        "main_scheme_name": "Motilal Oswal Business Cycle Fund",
        "metrics": {
            "alpha": null,
            "arithmetic_mean_ratio": null,
            "average_div_yld": null,
            "average_pb": null,
            "average_pe": null,
            "avg_maturity": null,
            "beta": null,
            "correlation_ratio": null,
            "downside_deviation": null,
            "information_ratio": null,
            "macaulay": null,
            "mod_duration": null,
            "port_turnover_ratio": "0.89",
            "r_squared_ratio": null,
            "roe_ratio": null,
            "sharpe": null,
            "sortino_ratio": null,
            "std_dev": null,
            "tracking_error": null,
            "treynor_ratio": null,
            "upside_deviation": null,
            "ytm": null
        },
        "min_addl_amt": "",
        "min_addl_amt_multiple": "",
        "min_amt": "",
        "min_amt_multiple": "",
        "monthly_aaum_date": "31-03-2025",
        "monthly_aaum_value": "\u20b9 1,737.72",
        "mutual_fund_name": "Motilal Oswal Mutual Fund",
        "page_number": [
            11
        ],
        "scheme_launch_date": ""
    },
    "Motilal Oswal Manufacturing Fund": {
        "amc_name": "Motilal Oswal Asset Management Company Limited",
        "benchmark_index": "Nifty India Manufacturing Total Return Index ",
        "fund_manager": [
            {
                "managing_fund_since": "8-August-2024",
                "name": "Ajay Khandelwal",
                "qualification": "",
                "total_exp": "18 Years"
            },
            {
                "managing_fund_since": "8-August-2024",
                "name": "Atul Mehra",
                "qualification": "",
                "total_exp": "15 Years"
            },
            {
                "managing_fund_since": "8-August-2024",
                "name": "Rakesh Shetty",
                "qualification": "",
                "total_exp": "14 Years"
            }
        ],
        "load": {
            "entry_load": "Nil",
            "exit_load": "1 - If redeemed on or before 3 Months from the date of allotment. Nil - If redeemed after 3 Months from the date of allotment. Exit Load will be applicable on switch amongst the Schemes of MOMF. No Load shall be imposed for switching between Options within the Scheme. Further, it is clarified that there will be no exit load charged on a switch-out from Regular to Direct plan within the same scheme."
        },
        "main_scheme_name": "Motilal Oswal Manufacturing Fund",
        "metrics": {
            "alpha": null,
            "arithmetic_mean_ratio": null,
            "average_div_yld": null,
            "average_pb": null,
            "average_pe": null,
            "avg_maturity": null,
            "beta": null,
            "correlation_ratio": null,
            "downside_deviation": null,
            "information_ratio": null,
            "macaulay": null,
            "mod_duration": null,
            "port_turnover_ratio": "0.11",
            "r_squared_ratio": null,
            "roe_ratio": null,
            "sharpe": null,
            "sortino_ratio": null,
            "std_dev": null,
            "tracking_error": null,
            "treynor_ratio": null,
            "upside_deviation": null,
            "ytm": null
        },
        "min_addl_amt": "",
        "min_addl_amt_multiple": "",
        "min_amt": "",
        "min_amt_multiple": "",
        "monthly_aaum_date": "31-03-2025",
        "monthly_aaum_value": "\u20b9 763.93",
        "mutual_fund_name": "Motilal Oswal Mutual Fund",
        "page_number": [
            12
        ],
        "scheme_launch_date": ""
    },
    "Motilal Oswal Digital India Fund": {
        "amc_name": "Motilal Oswal Asset Management Company Limited",
        "benchmark_index": "BSE Teck TRI ",
        "fund_manager": [
            {
                "managing_fund_since": "04-November-2024",
                "name": "Varun Sharma",
                "qualification": "",
                "total_exp": "15 Years"
            },
            {
                "managing_fund_since": "04-November-2024",
                "name": "Niket Shah",
                "qualification": "",
                "total_exp": "15 Years"
            },
            {
                "managing_fund_since": "04-November-2024",
                "name": "Atul Mehra",
                "qualification": "",
                "total_exp": "15 Years"
            },
            {
                "managing_fund_since": "04-November-2024",
                "name": "Rakesh Shetty",
                "qualification": "",
                "total_exp": "14 Years"
            }
        ],
        "load": {
            "entry_load": "Nil",
            "exit_load": "1 - If redeemed on or before 3 months from the date of allotment. Nil - If redeemed after 3 months from the date of allotment. Exit Load will be applicable on switch amongst the Schemes of MOMF. No Load shall be imposed for switching between Options within the Scheme. Further, it is clarified that there will be no exit load charged on a switch-out from Regular to Direct plan within the same scheme."
        },
        "main_scheme_name": "Motilal Oswal Digital India Fund",
        "metrics": {
            "alpha": null,
            "arithmetic_mean_ratio": null,
            "average_div_yld": null,
            "average_pb": null,
            "average_pe": null,
            "avg_maturity": null,
            "beta": null,
            "correlation_ratio": null,
            "downside_deviation": null,
            "information_ratio": null,
            "macaulay": null,
            "mod_duration": null,
            "port_turnover_ratio": "0.07",
            "r_squared_ratio": null,
            "roe_ratio": null,
            "sharpe": null,
            "sortino_ratio": null,
            "std_dev": null,
            "tracking_error": null,
            "treynor_ratio": null,
            "upside_deviation": null,
            "ytm": null
        },
        "min_addl_amt": "",
        "min_addl_amt_multiple": "",
        "min_amt": "",
        "min_amt_multiple": "",
        "monthly_aaum_date": "31-03-2025",
        "monthly_aaum_value": "\u20b9 755.47",
        "mutual_fund_name": "Motilal Oswal Mutual Fund",
        "page_number": [
            13
        ],
        "scheme_launch_date": ""
    },
    "Motilal Oswal Quant Fund": {
        "amc_name": "Motilal Oswal Asset Management Company Limited",
        "benchmark_index": "Nifty 200 Index TRI ",
        "fund_manager": [
            {
                "managing_fund_since": "06-June-2024",
                "name": "Ajay Khandelwal",
                "qualification": "",
                "total_exp": "18 Years"
            },
            {
                "managing_fund_since": "06-June-2024",
                "name": "Rakesh Shetty",
                "qualification": "",
                "total_exp": "14 Years"
            }
        ],
        "load": {
            "entry_load": "Nil",
            "exit_load": "1 - If redeemed on or before 15 days from the date of allotment. Nil - If redeemed after 15 days from the date of allotment. Exit Load will be applicable on switch amongst the Schemes of MOMF. No Load shall be imposed for switching between Options within the Scheme. Further, it is clarified that there will be no exit load charged on a switch-out from Regular to Direct plan within the same scheme."
        },
        "main_scheme_name": "Motilal Oswal Quant Fund",
        "metrics": {
            "alpha": null,
            "arithmetic_mean_ratio": null,
            "average_div_yld": null,
            "average_pb": null,
            "average_pe": null,
            "avg_maturity": null,
            "beta": null,
            "correlation_ratio": null,
            "downside_deviation": null,
            "information_ratio": null,
            "macaulay": null,
            "mod_duration": null,
            "port_turnover_ratio": "0.99",
            "r_squared_ratio": null,
            "roe_ratio": null,
            "sharpe": null,
            "sortino_ratio": null,
            "std_dev": null,
            "tracking_error": null,
            "treynor_ratio": null,
            "upside_deviation": null,
            "ytm": null
        },
        "min_addl_amt": "",
        "min_addl_amt_multiple": "",
        "min_amt": "",
        "min_amt_multiple": "",
        "monthly_aaum_date": "31-03-2025",
        "monthly_aaum_value": "\u20b9 147.09",
        "mutual_fund_name": "Motilal Oswal Mutual Fund",
        "page_number": [
            14
        ],
        "scheme_launch_date": ""
    },
    "Motilal Oswal Balanced Advantage Fund": {
        "amc_name": "Motilal Oswal Asset Management Company Limited",
        "benchmark_index": "Moderate TRI ",
        "fund_manager": [
            {
                "managing_fund_since": "01-Oct-2024",
                "name": "Ajay Khandelwal",
                "qualification": "",
                "total_exp": "18 Years"
            },
            {
                "managing_fund_since": "01-Oct-2024",
                "name": "Atul Mehra",
                "qualification": "",
                "total_exp": "15 Years"
            },
            {
                "managing_fund_since": "22-Nov-2022",
                "name": "Rakesh Shetty",
                "qualification": "",
                "total_exp": "14 Years"
            }
        ],
        "load": {
            "entry_load": "Nil",
            "exit_load": "1 - If redeemed on or before 1 year from the date of allotment. Nil - If redeemed after 1 year from the date of allotment. Exit Load will be applicable on switch amongst the Schemes of MOMF. No Load shall be imposed for switching between Options within the Scheme. Further, it is clarified that there will be no exit load charged on a switch-out from Regular to Direct plan within the same scheme."
        },
        "main_scheme_name": "Motilal Oswal Balanced Advantage Fund",
        "metrics": {
            "alpha": null,
            "arithmetic_mean_ratio": null,
            "average_div_yld": null,
            "average_pb": null,
            "average_pe": null,
            "avg_maturity": "1.75",
            "beta": null,
            "correlation_ratio": null,
            "downside_deviation": null,
            "information_ratio": null,
            "macaulay": "1.58",
            "mod_duration": "1.47",
            "port_turnover_ratio": null,
            "r_squared_ratio": null,
            "roe_ratio": null,
            "sharpe": null,
            "sortino_ratio": null,
            "std_dev": null,
            "tracking_error": null,
            "treynor_ratio": null,
            "upside_deviation": null,
            "ytm": "7.71"
        },
        "min_addl_amt": "",
        "min_addl_amt_multiple": "",
        "min_amt": "",
        "min_amt_multiple": "",
        "monthly_aaum_date": "31-03-2025",
        "monthly_aaum_value": "",
        "mutual_fund_name": "Motilal Oswal Mutual Fund",
        "page_number": [
            15
        ],
        "scheme_launch_date": ""
    },
    "Motilal Oswal Multi Asset Fund": {
        "amc_name": "Motilal Oswal Asset Management Company Limited",
        "benchmark_index": "50% Nifty 500 TRI + 35% CRISIL Short Term Bond Fund Index + 13% Domestic Price of Gold + 2% Domestic Price of Silver. ",
        "fund_manager": [
            {
                "managing_fund_since": "01-Oct-2024",
                "name": "Ajay Khandelwal",
                "qualification": "",
                "total_exp": "18 Years"
            },
            {
                "managing_fund_since": "01-Oct-2024",
                "name": "Atul Mehra",
                "qualification": "",
                "total_exp": "15 Years"
            },
            {
                "managing_fund_since": "22-Nov-2022",
                "name": "Rakesh Shetty",
                "qualification": "",
                "total_exp": "14 Years"
            }
        ],
        "load": {
            "entry_load": "Nil",
            "exit_load": "1 - If redeemed on or before 1 year from the date of allotment. Nil - If redeemed after 1 year from the date of allotment. Exit Load will be applicable on switch amongst the Schemes of MOMF. No Load shall be imposed for switching between Options within the Scheme. Further, it is clarified that there will be no exit load charged on a switch-out from Regular to Direct plan within the same scheme."
        },
        "main_scheme_name": "Motilal Oswal Multi Asset Fund",
        "metrics": {
            "alpha": null,
            "arithmetic_mean_ratio": null,
            "average_div_yld": null,
            "average_pb": null,
            "average_pe": null,
            "avg_maturity": "0.67",
            "beta": null,
            "correlation_ratio": null,
            "downside_deviation": null,
            "information_ratio": null,
            "macaulay": "0.67",
            "mod_duration": "0.62",
            "port_turnover_ratio": null,
            "r_squared_ratio": null,
            "roe_ratio": null,
            "sharpe": null,
            "sortino_ratio": null,
            "std_dev": null,
            "tracking_error": null,
            "treynor_ratio": null,
            "upside_deviation": null,
            "ytm": "8.05"
        },
        "min_addl_amt": "",
        "min_addl_amt_multiple": "",
        "min_amt": "",
        "min_amt_multiple": "",
        "monthly_aaum_date": "31-03-2025",
        "monthly_aaum_value": "",
        "mutual_fund_name": "Motilal Oswal Mutual Fund",
        "page_number": [
            16
        ],
        "scheme_launch_date": ""
    },
    "Motilal Oswal Arbitrage Fund": {
        "amc_name": "Motilal Oswal Asset Management Company Limited",
        "benchmark_index": "Nifty 50 Arbitrage TRI ",
        "fund_manager": [
            {
                "managing_fund_since": "23-December-2024",
                "name": "Vishal Ashar",
                "qualification": "",
                "total_exp": "18 Years"
            },
            {
                "managing_fund_since": "23-December-2024",
                "name": "Niket Shah",
                "qualification": "",
                "total_exp": "15 Years"
            },
            {
                "managing_fund_since": "23-December-2024",
                "name": "Atul Mehra",
                "qualification": "",
                "total_exp": "15 Years"
            },
            {
                "managing_fund_since": "23-December-2024",
                "name": "Rakesh Shetty",
                "qualification": "",
                "total_exp": "14 Years"
            }
        ],
        "load": {
            "entry_load": "Nil",
            "exit_load": "0.25 - If redeemed within 15 days from the day of allotment. Nil - If redeemed after 15 days from the date of allotment. Exit Load will be applicable on switch amongst the Schemes of MOMF. No Load shall be imposed for switching between Options within the Scheme. Further, it is clarified that there will be no exit load charged on a switch-out from Regular to Direct plan within the same scheme."
        },
        "main_scheme_name": "Motilal Oswal Arbitrage Fund",
        "metrics": {
            "alpha": null,
            "arithmetic_mean_ratio": null,
            "average_div_yld": null,
            "average_pb": null,
            "average_pe": null,
            "avg_maturity": null,
            "beta": null,
            "correlation_ratio": null,
            "downside_deviation": null,
            "information_ratio": null,
            "macaulay": null,
            "mod_duration": null,
            "port_turnover_ratio": "1.49",
            "r_squared_ratio": null,
            "roe_ratio": null,
            "sharpe": null,
            "sortino_ratio": null,
            "std_dev": null,
            "tracking_error": null,
            "treynor_ratio": null,
            "upside_deviation": null,
            "ytm": null
        },
        "min_addl_amt": "",
        "min_addl_amt_multiple": "",
        "min_amt": "",
        "min_amt_multiple": "",
        "monthly_aaum_date": "31-03-2025",
        "monthly_aaum_value": "\u20b9 433.97",
        "mutual_fund_name": "Motilal Oswal Mutual Fund",
        "page_number": [
            17
        ],
        "scheme_launch_date": ""
    },
    "Motilal Oswal Ultra Short Term Fund": {
        "amc_name": "Motilal Oswal Asset Management Company Limited",
        "benchmark_index": "CRISIL Ultra Short Duration Debt A-I Index ",
        "fund_manager": [
            {
                "managing_fund_since": "22-Nov-2022",
                "name": "Rakesh Shetty",
                "qualification": "",
                "total_exp": "14 Years"
            }
        ],
        "load": {
            "entry_load": "Nil",
            "exit_load": ""
        },
        "main_scheme_name": "Motilal Oswal Ultra Short Term Fund",
        "metrics": {
            "alpha": null,
            "arithmetic_mean_ratio": null,
            "average_div_yld": null,
            "average_pb": null,
            "average_pe": null,
            "avg_maturity": null,
            "beta": null,
            "correlation_ratio": null,
            "downside_deviation": null,
            "information_ratio": null,
            "macaulay": null,
            "mod_duration": null,
            "port_turnover_ratio": null,
            "r_squared_ratio": null,
            "roe_ratio": null,
            "sharpe": null,
            "sortino_ratio": null,
            "std_dev": null,
            "tracking_error": null,
            "treynor_ratio": null,
            "upside_deviation": null,
            "ytm": null
        },
        "min_addl_amt": "",
        "min_addl_amt_multiple": "",
        "min_amt": "",
        "min_amt_multiple": "",
        "monthly_aaum_date": "31-03-2025",
        "monthly_aaum_value": "\u20b9 508.02",
        "mutual_fund_name": "Motilal Oswal Mutual Fund",
        "page_number": [
            18
        ],
        "scheme_launch_date": ""
    },
    "Motilal Oswal Liquid Fund": {
        "amc_name": "Motilal Oswal Asset Management Company Limited",
        "benchmark_index": "Crisil Liquid Fund A-I Index ",
        "fund_manager": [
            {
                "managing_fund_since": "22-Nov-2022",
                "name": "Rakesh Shetty",
                "qualification": "",
                "total_exp": "14 Years"
            }
        ],
        "load": {
            "entry_load": "Nil",
            "exit_load": "Day 1 0.0070 Day 2 0.0065 Day 3 0.0060 Day 4 0.0055 Day 5 0.0050 Day 6 0.0045 Day 7 onwards Nil Exit Load will be applicable on switch amongst the Schemes of MOMF. No Load shall be imposed for switching between Options within the Scheme. Further, it is clarified that there will be no exit load charged on a switch- out from Regular to Direct plan within the same scheme."
        },
        "main_scheme_name": "Motilal Oswal Liquid Fund",
        "metrics": {
            "alpha": null,
            "arithmetic_mean_ratio": null,
            "average_div_yld": null,
            "average_pb": null,
            "average_pe": null,
            "avg_maturity": null,
            "beta": null,
            "correlation_ratio": null,
            "downside_deviation": null,
            "information_ratio": null,
            "macaulay": null,
            "mod_duration": null,
            "port_turnover_ratio": null,
            "r_squared_ratio": null,
            "roe_ratio": null,
            "sharpe": null,
            "sortino_ratio": null,
            "std_dev": null,
            "tracking_error": null,
            "treynor_ratio": null,
            "upside_deviation": null,
            "ytm": null
        },
        "min_addl_amt": "",
        "min_addl_amt_multiple": "",
        "min_amt": "",
        "min_amt_multiple": "",
        "monthly_aaum_date": "31-03-2025",
        "monthly_aaum_value": "",
        "mutual_fund_name": "Motilal Oswal Mutual Fund",
        "page_number": [
            19
        ],
        "scheme_launch_date": ""
    }
}