{
    "NJ FLEXI CAP FUND": {
        "amc_name": "NJ Asset Management Private Limited",
        "benchmark_index": "NIFTY 500 TRI ",
        "fund_manager": [
            {
                "managing_fund_since": "September 6, 2023",
                "name": "Dhaval Patel",
                "qualification": "",
                "total_exp": "17 Years"
            },
            {
                "managing_fund_since": "May 1, 2024",
                "name": "Viral Shah",
                "qualification": "",
                "total_exp": "20 Years"
            }
        ],
        "load": {
            "entry_load": "NA ",
            "exit_load": "Nil Exit load \u00b7 for 5% of the units upto completion of 30 days \u00b7 The \u00b7First In First Out (FIFO)\u00b7 logic will be applied while selecting the units for redemption \u00b7 Waiver of Exit load is calculated for each inflow transaction separately on FIFO basis and not on the total units through multiple inflows \u00b7 The load free units from purchases made subsequent to the initial purchase will be available only after redeeming all units from the initial purchase All units redeemed /switched-out in excess of the 5% load free units will be subject to the below mentioned exit load. \u00b7 1.00% - if Units are redeemed/switched-out on or before 30 days from the date of allotment \u00b7 Nil - if redeemed after 30 days from the date of allotment. "
        },
        "main_scheme_name": "NJ FLEXI CAP FUND",
        "metrics": {
            "alpha": null,
            "arithmetic_mean_ratio": null,
            "average_div_yld": null,
            "average_pb": null,
            "average_pe": null,
            "avg_maturity": null,
            "beta": null,
            "correlation_ratio": null,
            "downside_deviation": null,
            "information_ratio": null,
            "macaulay": null,
            "mod_duration": null,
            "port_turnover_ratio": "1.04",
            "r_squared_ratio": null,
            "roe_ratio": null,
            "sharpe": null,
            "sortino_ratio": null,
            "std_dev": null,
            "tracking_error": null,
            "treynor_ratio": null,
            "upside_deviation": null,
            "ytm": null
        },
        "min_addl_amt": "\u20b9 500",
        "min_addl_amt_multiple": "\u20b9 1",
        "min_amt": "\u20b9 500",
        "min_amt_multiple": "\u20b9 1",
        "monthly_aaum_date": "31-03-2025",
        "monthly_aaum_value": "INR 1979.09 Crores ",
        "mutual_fund_name": "NJ Mutual Fund",
        "page_number": [
            1
        ],
        "scheme_launch_date": "September 5, 2023 "
    },
    "NJ ELSS TAX SAVER SCHEME": {
        "amc_name": "NJ Asset Management Private Limited",
        "benchmark_index": "NIFTY 500 TRI ",
        "fund_manager": [
            {
                "managing_fund_since": "June 19, 2023",
                "name": "Viral Shah",
                "qualification": "",
                "total_exp": "20 Years"
            }
        ],
        "load": {
            "entry_load": "NA ",
            "exit_load": "Nil "
        },
        "main_scheme_name": "NJ ELSS TAX SAVER SCHEME",
        "metrics": {
            "alpha": null,
            "arithmetic_mean_ratio": null,
            "average_div_yld": null,
            "average_pb": null,
            "average_pe": null,
            "avg_maturity": null,
            "beta": null,
            "correlation_ratio": null,
            "downside_deviation": null,
            "information_ratio": null,
            "macaulay": null,
            "mod_duration": null,
            "port_turnover_ratio": "0.95",
            "r_squared_ratio": null,
            "roe_ratio": null,
            "sharpe": null,
            "sortino_ratio": null,
            "std_dev": null,
            "tracking_error": null,
            "treynor_ratio": null,
            "upside_deviation": null,
            "ytm": null
        },
        "min_addl_amt": "\u20b9 500",
        "min_addl_amt_multiple": "\u20b9 500",
        "min_amt": "\u20b9 500",
        "min_amt_multiple": "\u20b9 500",
        "monthly_aaum_date": "31-03-2025",
        "monthly_aaum_value": "INR 251.39 Crores ",
        "mutual_fund_name": "NJ Mutual Fund",
        "page_number": [
            3
        ],
        "scheme_launch_date": "June 16, 2023 "
    },
    "NJ BALANCED ADVANTAGE FUND": {
        "amc_name": "NJ Asset Management Private Limited",
        "benchmark_index": "NIFTY 50 Hybrid Composite Debt 50:50 Index ",
        "fund_manager": [
            {
                "managing_fund_since": "October 20, 2022",
                "name": "Viral Shah",
                "qualification": "",
                "total_exp": "20 Years"
            },
            {
                "managing_fund_since": "March 8, 2023",
                "name": "Dhaval Patel",
                "qualification": "",
                "total_exp": "17 Years"
            }
        ],
        "load": {
            "entry_load": "NA ",
            "exit_load": "1. NIL Exit load \u00b7 for 5% of the units upto completion of 30 days \u00b7 The \u00b7First In First Out (FIFO)\u00b7 logic will be applied while selecting the units for redemption \u00b7 Waiver of Exit load is calculated for each inflow transaction separately on FIFO basis and not on the total units through multiple inflows \u00b7 The load free units from purchases made subsequent to the initial purchase will be available only after redeeming all units from the initial purchase 2. All units redeemed /switched-out in excess of the 5% load free units will be subject to the below mentioned exit load. \u00b7 1.00% - if Units are redeemed/switched-out on or before 30 days from the date of allotment \u00b7 Nil - if redeemed after 30 days from the date of allotment. "
        },
        "main_scheme_name": "NJ BALANCED ADVANTAGE FUND",
        "metrics": {
            "alpha": null,
            "arithmetic_mean_ratio": null,
            "average_div_yld": null,
            "average_pb": null,
            "average_pe": null,
            "avg_maturity": "90 Days",
            "beta": "1.24",
            "correlation_ratio": null,
            "downside_deviation": null,
            "information_ratio": null,
            "macaulay": "90 Days",
            "mod_duration": "86 Days",
            "port_turnover_ratio": "4.04",
            "r_squared_ratio": null,
            "roe_ratio": null,
            "sharpe": "0.42",
            "sortino_ratio": null,
            "std_dev": "9.04",
            "tracking_error": null,
            "treynor_ratio": null,
            "upside_deviation": null,
            "ytm": "6.59"
        },
        "min_addl_amt": "\u20b9 500",
        "min_addl_amt_multiple": "\u20b9 1",
        "min_amt": "\u20b9 500",
        "min_amt_multiple": "\u20b9 1",
        "monthly_aaum_date": "31-03-2025",
        "monthly_aaum_value": "INR 3878.08 Crores ",
        "mutual_fund_name": "NJ Mutual Fund",
        "page_number": [
            5
        ],
        "scheme_launch_date": "October 29, 2021 "
    },
    "NJ ARBITRAGE FUND": {
        "amc_name": "NJ Asset Management Private Limited",
        "benchmark_index": "Nifty 50 Arbitrage Index ",
        "fund_manager": [
            {
                "managing_fund_since": "March 8, 2023",
                "name": "Dhaval Patel",
                "qualification": "",
                "total_exp": "17 Years"
            },
            {
                "managing_fund_since": "December 3, 2024",
                "name": "Viral Shah",
                "qualification": "",
                "total_exp": "20 Years"
            }
        ],
        "load": {
            "entry_load": "NA ",
            "exit_load": "NIL "
        },
        "main_scheme_name": "NJ ARBITRAGE FUND",
        "metrics": {
            "alpha": null,
            "arithmetic_mean_ratio": null,
            "average_div_yld": null,
            "average_pb": null,
            "average_pe": null,
            "avg_maturity": "77 Days",
            "beta": null,
            "correlation_ratio": null,
            "downside_deviation": null,
            "information_ratio": null,
            "macaulay": "77 Days",
            "mod_duration": "74 Days",
            "port_turnover_ratio": "9.58",
            "r_squared_ratio": null,
            "roe_ratio": null,
            "sharpe": null,
            "sortino_ratio": null,
            "std_dev": null,
            "tracking_error": null,
            "treynor_ratio": null,
            "upside_deviation": null,
            "ytm": "6.56"
        },
        "min_addl_amt": "\u20b9 500",
        "min_addl_amt_multiple": "\u20b9 1",
        "min_amt": "\u20b9 5000",
        "min_amt_multiple": "\u20b9 1",
        "monthly_aaum_date": "31-03-2025",
        "monthly_aaum_value": "INR 305.30 Crores ",
        "mutual_fund_name": "NJ Mutual Fund",
        "page_number": [
            7
        ],
        "scheme_launch_date": "August 01, 2022 "
    },
    "NJ OVERNIGHT FUND": {
        "amc_name": "NJ Asset Management Private Limited",
        "benchmark_index": "NIFTY 1D Rate Index ",
        "fund_manager": [
            {
                "managing_fund_since": "October 20, 2022",
                "name": "Viral Shah",
                "qualification": "",
                "total_exp": "20 Years"
            },
            {
                "managing_fund_since": "March 8, 2023",
                "name": "Dhaval Patel",
                "qualification": "",
                "total_exp": "17 Years"
            }
        ],
        "load": {
            "entry_load": "NA ",
            "exit_load": "Nil "
        },
        "main_scheme_name": "NJ OVERNIGHT FUND",
        "metrics": {
            "alpha": null,
            "arithmetic_mean_ratio": null,
            "average_div_yld": null,
            "average_pb": null,
            "average_pe": null,
            "avg_maturity": "3 Days",
            "beta": null,
            "correlation_ratio": null,
            "downside_deviation": null,
            "information_ratio": null,
            "macaulay": "3 Days",
            "mod_duration": "3 Days",
            "port_turnover_ratio": null,
            "r_squared_ratio": null,
            "roe_ratio": null,
            "sharpe": null,
            "sortino_ratio": null,
            "std_dev": null,
            "tracking_error": null,
            "treynor_ratio": null,
            "upside_deviation": null,
            "ytm": "6.57"
        },
        "min_addl_amt": "\u20b9 500",
        "min_addl_amt_multiple": "\u20b9 1",
        "min_amt": "\u20b9 5000",
        "min_amt_multiple": "\u20b9 1",
        "monthly_aaum_date": "31-03-2025",
        "monthly_aaum_value": "INR 164.39 Crores ",
        "mutual_fund_name": "NJ Mutual Fund",
        "page_number": [
            9
        ],
        "scheme_launch_date": "August 01, 2022 "
    }
}