{
    "SHRIRAM AGGRESSIVE HYBRID FUND": {
        "amc_name": "Shriram Asset Management Company Limited",
        "benchmark_index": "CRISIL Hybrid 3565  Aggressive Index",
        "fund_manager": [
            {
                "managing_fund_since": "August 20, 2022",
                "name": "Deepak Ramaraju",
                "qualification": "",
                "total_exp": "21 Years"
            },
            {
                "managing_fund_since": "November 15, 2016",
                "name": "Gargi Bhattacharyya Banerjee",
                "qualification": "",
                "total_exp": "22 Years"
            },
            {
                "managing_fund_since": "October 03, 2024",
                "name": "Sudip Suresh More",
                "qualification": "",
                "total_exp": "19 Years"
            }
        ],
        "load": {
            "entry_load": "",
            "exit_load": "If redeemed  switchedout within 90 days from the date of allotment Upto 12 of units Nil More than 12 of units 1 of applicable Net Asset Value (NAV) If redeemedswitchedout after 90 days from the date of allotment Nil"
        },
        "main_scheme_name": "SHRIRAM AGGRESSIVE HYBRID FUND",
        "metrics": {
            "alpha": null,
            "arithmetic_mean_ratio": null,
            "average_div_yld": null,
            "average_pb": null,
            "average_pe": null,
            "avg_maturity": "4.19 years",
            "beta": "1.04",
            "correlation_ratio": null,
            "downside_deviation": null,
            "information_ratio": null,
            "macaulay": "3.56 years",
            "mod_duration": "3.41 years",
            "port_turnover_ratio": null,
            "r_squared_ratio": null,
            "roe_ratio": null,
            "sharpe": "0.30",
            "sortino_ratio": null,
            "std_dev": "10.60",
            "tracking_error": null,
            "treynor_ratio": null,
            "upside_deviation": null,
            "ytm": "7.36"
        },
        "min_addl_amt": "\u20b9 500",
        "min_addl_amt_multiple": "\u20b9 1",
        "min_amt": "\u20b9 500",
        "min_amt_multiple": "\u20b9 1",
        "monthly_aaum_date": "31-03-2025",
        "monthly_aaum_value": "",
        "mutual_fund_name": "Shriram Mutual fund",
        "page_number": [
            5,
            6
        ],
        "scheme_launch_date": ""
    },
    "SHRIRAM FLEXI CAP FUND": {
        "amc_name": "Shriram Asset Management Company Limited",
        "benchmark_index": "NIFTY 500 TRI",
        "fund_manager": [
            {
                "managing_fund_since": "August 20, 2022",
                "name": "Deepak Ramaraju",
                "qualification": "",
                "total_exp": "21 Years"
            },
            {
                "managing_fund_since": "September 28, 2018",
                "name": "Gargi Bhattacharyya Banerjee",
                "qualification": "",
                "total_exp": "22 Years"
            },
            {
                "managing_fund_since": "October 03, 2024",
                "name": "Sudip Suresh More",
                "qualification": "",
                "total_exp": "19 Years"
            }
        ],
        "load": {
            "entry_load": "",
            "exit_load": "If redeemed  switchedout within 90 days from the date of allotment Upto 12 of units Nil More than 12 of units 1 of applicable Net Asset Value (NAV) If redeemedswitchedout after 90 days from the date of allotment Nil"
        },
        "main_scheme_name": "SHRIRAM FLEXI CAP FUND",
        "metrics": {
            "alpha": null,
            "arithmetic_mean_ratio": null,
            "average_div_yld": null,
            "average_pb": null,
            "average_pe": null,
            "avg_maturity": null,
            "beta": "0.96",
            "correlation_ratio": null,
            "downside_deviation": null,
            "information_ratio": null,
            "macaulay": null,
            "mod_duration": null,
            "port_turnover_ratio": null,
            "r_squared_ratio": null,
            "roe_ratio": null,
            "sharpe": "0.20",
            "sortino_ratio": null,
            "std_dev": "15.12",
            "tracking_error": null,
            "treynor_ratio": null,
            "upside_deviation": null,
            "ytm": null
        },
        "min_addl_amt": "\u20b9 500",
        "min_addl_amt_multiple": "\u20b9 1",
        "min_amt": "\u20b9 500",
        "min_amt_multiple": "\u20b9 1",
        "monthly_aaum_date": "31-03-2025",
        "monthly_aaum_value": "",
        "mutual_fund_name": "Shriram Mutual fund",
        "page_number": [
            7,
            8
        ],
        "scheme_launch_date": ""
    },
    "SHRIRAM ELSS TAX SAVER FUND": {
        "amc_name": "Shriram Asset Management Company Limited",
        "benchmark_index": "NIFTY 500 TRI",
        "fund_manager": [
            {
                "managing_fund_since": "August 20, 2022",
                "name": "Deepak Ramaraju",
                "qualification": "",
                "total_exp": "21 Years"
            },
            {
                "managing_fund_since": "January 25, 2019",
                "name": "Gargi Bhattacharyya Banerjee",
                "qualification": "",
                "total_exp": "22 Years"
            },
            {
                "managing_fund_since": "October 03, 2024",
                "name": "Sudip Suresh More",
                "qualification": "",
                "total_exp": "19 Years"
            }
        ],
        "load": {
            "entry_load": "",
            "exit_load": "NIL"
        },
        "main_scheme_name": "SHRIRAM ELSS TAX SAVER FUND",
        "metrics": {
            "alpha": null,
            "arithmetic_mean_ratio": null,
            "average_div_yld": null,
            "average_pb": null,
            "average_pe": null,
            "avg_maturity": null,
            "beta": "0.95",
            "correlation_ratio": null,
            "downside_deviation": null,
            "information_ratio": null,
            "macaulay": null,
            "mod_duration": null,
            "port_turnover_ratio": null,
            "r_squared_ratio": null,
            "roe_ratio": null,
            "sharpe": "0.18",
            "sortino_ratio": null,
            "std_dev": "14.98",
            "tracking_error": null,
            "treynor_ratio": null,
            "upside_deviation": null,
            "ytm": null
        },
        "min_addl_amt": "\u20b9 500",
        "min_addl_amt_multiple": "\u20b9 500",
        "min_amt": "\u20b9 500",
        "min_amt_multiple": "\u20b9 500",
        "monthly_aaum_date": "31-03-2025",
        "monthly_aaum_value": "",
        "mutual_fund_name": "Shriram Mutual fund",
        "page_number": [
            9,
            10
        ],
        "scheme_launch_date": ""
    },
    "SHRIRAM BALANCED ADVANTAGE FUND": {
        "amc_name": "Shriram Asset Management Company Limited",
        "benchmark_index": "NIFTY 50 Hybrid Composite Debt 5050 Index",
        "fund_manager": [
            {
                "managing_fund_since": "August 20, 2022",
                "name": "Deepak Ramaraju",
                "qualification": "",
                "total_exp": "21 Years"
            },
            {
                "managing_fund_since": "July 05, 2019",
                "name": "Gargi Bhattacharyya Banerjee",
                "qualification": "",
                "total_exp": "22 Years"
            },
            {
                "managing_fund_since": "October 03, 2024",
                "name": "Sudip Suresh More",
                "qualification": "",
                "total_exp": "19 Years"
            }
        ],
        "load": {
            "entry_load": "",
            "exit_load": "If redeemed  switchedout within 90 days from the date of allotment Upto 12 of units Nil More than 12 of units 1 of applicable Net Asset Value (NAV) NI If redeemedswitchedout after 90 days from the date of allotment Nil"
        },
        "main_scheme_name": "SHRIRAM BALANCED ADVANTAGE FUND",
        "metrics": {
            "alpha": null,
            "arithmetic_mean_ratio": null,
            "average_div_yld": null,
            "average_pb": null,
            "average_pe": null,
            "avg_maturity": null,
            "beta": "1.05",
            "correlation_ratio": null,
            "downside_deviation": null,
            "information_ratio": null,
            "macaulay": null,
            "mod_duration": null,
            "port_turnover_ratio": null,
            "r_squared_ratio": null,
            "roe_ratio": null,
            "sharpe": "0.12",
            "sortino_ratio": null,
            "std_dev": "9.53",
            "tracking_error": null,
            "treynor_ratio": null,
            "upside_deviation": null,
            "ytm": null
        },
        "min_addl_amt": "\u20b9 500",
        "min_addl_amt_multiple": "\u20b9 1",
        "min_amt": "\u20b9 500",
        "min_amt_multiple": "\u20b9 1",
        "monthly_aaum_date": "31-03-2025",
        "monthly_aaum_value": "",
        "mutual_fund_name": "Shriram Mutual fund",
        "page_number": [
            11,
            12
        ],
        "scheme_launch_date": ""
    },
    "SHRIRAM OVERNIGHT FUND": {
        "amc_name": "Shriram Asset Management Company Limited",
        "benchmark_index": "Crisil Liquid Overnight Index",
        "fund_manager": [
            {
                "managing_fund_since": "August 26, 2022",
                "name": "Deepak Ramaraju",
                "qualification": "",
                "total_exp": "21 Years"
            },
            {
                "managing_fund_since": "August 26, 2022",
                "name": "Gargi Bhattacharyya Banerjee",
                "qualification": "",
                "total_exp": "22 Years"
            },
            {
                "managing_fund_since": "October 03, 2024",
                "name": "Sudip Suresh More",
                "qualification": "",
                "total_exp": "19 Years"
            }
        ],
        "load": {
            "entry_load": "",
            "exit_load": "NIL"
        },
        "main_scheme_name": "SHRIRAM OVERNIGHT FUND",
        "metrics": {
            "alpha": null,
            "arithmetic_mean_ratio": null,
            "average_div_yld": null,
            "average_pb": null,
            "average_pe": null,
            "avg_maturity": null,
            "beta": null,
            "correlation_ratio": null,
            "downside_deviation": null,
            "information_ratio": null,
            "macaulay": null,
            "mod_duration": null,
            "port_turnover_ratio": null,
            "r_squared_ratio": null,
            "roe_ratio": null,
            "sharpe": null,
            "sortino_ratio": null,
            "std_dev": null,
            "tracking_error": null,
            "treynor_ratio": null,
            "upside_deviation": null,
            "ytm": null
        },
        "min_addl_amt": "\u20b9 500",
        "min_addl_amt_multiple": "\u20b9 1",
        "min_amt": "\u20b9 500",
        "min_amt_multiple": "\u20b9 1",
        "monthly_aaum_date": "31-03-2025",
        "monthly_aaum_value": "",
        "mutual_fund_name": "Shriram Mutual fund",
        "page_number": [
            13,
            14
        ],
        "scheme_launch_date": ""
    },
    "SHRIRAM MULTI ASSET ALLOCATION FUND": {
        "amc_name": "Shriram Asset Management Company Limited",
        "benchmark_index": "Nifty 50 TRI",
        "fund_manager": [
            {
                "managing_fund_since": "September 08, 2023",
                "name": "Deepak Ramaraju",
                "qualification": "",
                "total_exp": "21 Years"
            },
            {
                "managing_fund_since": "September 08, 2023",
                "name": "Gargi Bhattacharyya Banerjee",
                "qualification": "",
                "total_exp": "22 Years"
            },
            {
                "managing_fund_since": "October 03, 2024",
                "name": "Sudip Suresh More",
                "qualification": "",
                "total_exp": "19 Years"
            }
        ],
        "load": {
            "entry_load": "",
            "exit_load": "If redeemedswitchedout within 90 days from the date of allotment Upto 12 of units Nil More than 12 of units 1 of applicable Net Asset Value (NAV) If redeemedswitchedout after 90 days from the date of allotment Nil"
        },
        "main_scheme_name": "SHRIRAM MULTI ASSET ALLOCATION FUND",
        "metrics": {
            "alpha": null,
            "arithmetic_mean_ratio": null,
            "average_div_yld": null,
            "average_pb": null,
            "average_pe": null,
            "avg_maturity": "2.65 years",
            "beta": "0.68",
            "correlation_ratio": null,
            "downside_deviation": null,
            "information_ratio": null,
            "macaulay": "2.42 years",
            "mod_duration": "2.26 years",
            "port_turnover_ratio": null,
            "r_squared_ratio": null,
            "roe_ratio": null,
            "sharpe": "0.77",
            "sortino_ratio": null,
            "std_dev": "8.96",
            "tracking_error": null,
            "treynor_ratio": null,
            "upside_deviation": null,
            "ytm": "7.53"
        },
        "min_addl_amt": "\u20b9 500",
        "min_addl_amt_multiple": "\u20b9 1",
        "min_amt": "\u20b9 500",
        "min_amt_multiple": "\u20b9 1",
        "monthly_aaum_date": "31-03-2025",
        "monthly_aaum_value": "",
        "mutual_fund_name": "Shriram Mutual fund",
        "page_number": [
            15,
            16
        ],
        "scheme_launch_date": ""
    },
    "SHRIRAM Nifty 1D Rate Liquid ETF": {
        "amc_name": "Shriram Asset Management Company Limited",
        "benchmark_index": "NIFTY 1D Rate Index",
        "fund_manager": [
            {
                "managing_fund_since": "July 5, 2024",
                "name": "Deepak Ramaraju",
                "qualification": "",
                "total_exp": "21 Years"
            },
            {
                "managing_fund_since": "July 5, 2024",
                "name": "Gargi Bhattacharyya Banerjee",
                "qualification": "",
                "total_exp": "22 Years"
            },
            {
                "managing_fund_since": "October 03, 2024",
                "name": "Sudip Suresh More",
                "qualification": "",
                "total_exp": "19 Years"
            }
        ],
        "load": {
            "entry_load": "",
            "exit_load": "NIL"
        },
        "main_scheme_name": "SHRIRAM Nifty 1D Rate Liquid ETF",
        "metrics": {
            "alpha": null,
            "arithmetic_mean_ratio": null,
            "average_div_yld": null,
            "average_pb": null,
            "average_pe": null,
            "avg_maturity": null,
            "beta": null,
            "correlation_ratio": null,
            "downside_deviation": null,
            "information_ratio": null,
            "macaulay": null,
            "mod_duration": null,
            "port_turnover_ratio": null,
            "r_squared_ratio": null,
            "roe_ratio": null,
            "sharpe": null,
            "sortino_ratio": null,
            "std_dev": null,
            "tracking_error": null,
            "treynor_ratio": null,
            "upside_deviation": null,
            "ytm": null
        },
        "min_addl_amt": "",
        "min_addl_amt_multiple": "",
        "min_amt": "",
        "min_amt_multiple": "",
        "monthly_aaum_date": "31-03-2025",
        "monthly_aaum_value": "",
        "mutual_fund_name": "Shriram Mutual fund",
        "page_number": [
            17
        ],
        "scheme_launch_date": ""
    },
    "SHRIRAM LIQUID FUND": {
        "amc_name": "Shriram Asset Management Company Limited",
        "benchmark_index": "Nifty Liquid Index",
        "fund_manager": [
            {
                "managing_fund_since": "14 November, 2024",
                "name": "Deepak Ramaraju",
                "qualification": "",
                "total_exp": "21 Years"
            },
            {
                "managing_fund_since": "14 November, 2024",
                "name": "Gargi Bhattacharyya Banerjee",
                "qualification": "",
                "total_exp": "22 Years"
            },
            {
                "managing_fund_since": "14 November, 2024",
                "name": "Sudip Suresh More",
                "qualification": "",
                "total_exp": "19 Years"
            }
        ],
        "load": {
            "entry_load": "",
            "exit_load": "Investor exit upon Subscription Exit load as a  of rede proceeds Investor exit upon Subscription Exit load as a  of redemption proce Day 1 0.0070 Day 2 0.0065 Day 3 0.0060 Day 4 0.0055 Day 5 0.0050 Day 6 0.0045 Day 7 onwards 0.0000"
        },
        "main_scheme_name": "SHRIRAM LIQUID FUND",
        "metrics": {
            "alpha": null,
            "arithmetic_mean_ratio": null,
            "average_div_yld": null,
            "average_pb": null,
            "average_pe": null,
            "avg_maturity": null,
            "beta": null,
            "correlation_ratio": null,
            "downside_deviation": null,
            "information_ratio": null,
            "macaulay": null,
            "mod_duration": null,
            "port_turnover_ratio": null,
            "r_squared_ratio": null,
            "roe_ratio": null,
            "sharpe": null,
            "sortino_ratio": null,
            "std_dev": null,
            "tracking_error": null,
            "treynor_ratio": null,
            "upside_deviation": null,
            "ytm": null
        },
        "min_addl_amt": "",
        "min_addl_amt_multiple": "",
        "min_amt": "",
        "min_amt_multiple": "",
        "monthly_aaum_date": "31-03-2025",
        "monthly_aaum_value": "",
        "mutual_fund_name": "Shriram Mutual fund",
        "page_number": [
            18,
            19
        ],
        "scheme_launch_date": ""
    },
    "SHRIRAM MULTI SECTOR ROTATION FUND": {
        "amc_name": "Shriram Asset Management Company Limited",
        "benchmark_index": "Nifty 500 TRI",
        "fund_manager": [
            {
                "managing_fund_since": "December 09, 2024",
                "name": "Deepak Ramaraju",
                "qualification": "",
                "total_exp": "21 Years"
            },
            {
                "managing_fund_since": "December 09, 2024",
                "name": "Gargi Bhattacharyya Banerjee",
                "qualification": "",
                "total_exp": "22 Years"
            }
        ],
        "load": {
            "entry_load": "",
            "exit_load": "1 of the applicable NAV, if redeemed within 3 months from the date of allotment. Nil if redeemed after 3 months from the date of allotment."
        },
        "main_scheme_name": "SHRIRAM MULTI SECTOR ROTATION FUND",
        "metrics": {
            "alpha": null,
            "arithmetic_mean_ratio": null,
            "average_div_yld": null,
            "average_pb": null,
            "average_pe": null,
            "avg_maturity": null,
            "beta": null,
            "correlation_ratio": null,
            "downside_deviation": null,
            "information_ratio": null,
            "macaulay": null,
            "mod_duration": null,
            "port_turnover_ratio": null,
            "r_squared_ratio": null,
            "roe_ratio": null,
            "sharpe": null,
            "sortino_ratio": null,
            "std_dev": null,
            "tracking_error": null,
            "treynor_ratio": null,
            "upside_deviation": null,
            "ytm": null
        },
        "min_addl_amt": "\u20b9 500",
        "min_addl_amt_multiple": "\u20b9 1",
        "min_amt": "\u20b9 500",
        "min_amt_multiple": "\u20b9 1",
        "monthly_aaum_date": "31-03-2025",
        "monthly_aaum_value": "",
        "mutual_fund_name": "Shriram Mutual fund",
        "page_number": [
            20
        ],
        "scheme_launch_date": ""
    }
}