{
    "MIRAE ASSET LARGE CAP FUND": {
        "amc_name": "Mirae Asset Investment Managers (India) Private Limited",
        "benchmark_index": "Nifty 100 (TRI)",
        "fund_manager": [
            {
                "managing_fund_since": "",
                "name": "Gaurav Misra",
                "qualification": "",
                "total_exp": ""
            }
        ],
        "load": {
            "entry_load": null,
            "exit_load": "Please refer page no.10"
        },
        "main_scheme_name": "MIRAE ASSET LARGE CAP FUND",
        "metrics": {
            "alpha": null,
            "arithmetic_mean_ratio": null,
            "average_div_yld": null,
            "average_pb": null,
            "average_pe": null,
            "avg_maturity": null,
            "beta": "0.85",
            "correlation_ratio": null,
            "downside_deviation": null,
            "information_ratio": "-0.71",
            "macaulay": null,
            "mod_duration": null,
            "port_turnover_ratio": "0.49",
            "r_squared_ratio": "0.95",
            "roe_ratio": null,
            "sharpe": "0.29",
            "sortino_ratio": null,
            "std_dev": null,
            "tracking_error": null,
            "treynor_ratio": null,
            "upside_deviation": null,
            "volatility": "12.05",
            "ytm": null
        },
        "min_addl_amt": "\u20b9 1,000",
        "min_addl_amt_multiple": "\u20b9 1",
        "min_amt": "\u20b9 5,000",
        "min_amt_multiple": "\u20b9 1",
        "monthly_aaum_date": "31-03-2025",
        "monthly_aaum_value": "(Cr.) 37,845.29",
        "mutual_fund_name": "Mirae Asset Mutual Fund",
        "page_number": [
            23
        ],
        "scheme_launch_date": "04 April, 2008"
    },
    "MIRAE ASSET LARGE & MIDCAP FUND": {
        "amc_name": "Mirae Asset Investment Managers (India) Private Limited",
        "benchmark_index": "Nifty Large Midcap 250 (TRI)",
        "fund_manager": [
            {
                "managing_fund_since": "",
                "name": "Neelesh Surana Mr",
                "qualification": "",
                "total_exp": ""
            }
        ],
        "load": {
            "entry_load": null,
            "exit_load": "Please refer page no.10"
        },
        "main_scheme_name": "MIRAE ASSET LARGE & MIDCAP FUND",
        "metrics": {
            "alpha": null,
            "arithmetic_mean_ratio": null,
            "average_div_yld": null,
            "average_pb": null,
            "average_pe": null,
            "avg_maturity": null,
            "beta": "0.91",
            "correlation_ratio": null,
            "downside_deviation": null,
            "information_ratio": "-1.78",
            "macaulay": null,
            "mod_duration": null,
            "port_turnover_ratio": "0.92",
            "r_squared_ratio": "0.96",
            "roe_ratio": null,
            "sharpe": "0.38",
            "sortino_ratio": null,
            "std_dev": null,
            "tracking_error": null,
            "treynor_ratio": null,
            "upside_deviation": null,
            "volatility": "13.65",
            "ytm": null
        },
        "min_addl_amt": "",
        "min_addl_amt_multiple": "",
        "min_amt": "\u20b9 5,000",
        "min_amt_multiple": "\u20b9 1",
        "monthly_aaum_date": "31-03-2025",
        "monthly_aaum_value": "(Cr.) 36,514.01",
        "mutual_fund_name": "Mirae Asset Mutual Fund",
        "page_number": [
            24
        ],
        "scheme_launch_date": "09 July, 2010"
    },
    "MIRAE ASSET GREAT CONSUMER FUND": {
        "amc_name": "Mirae Asset Investment Managers (India) Private Limited",
        "benchmark_index": "Nifty India Consumption Index (TRI)",
        "fund_manager": [
            {
                "managing_fund_since": "",
                "name": "Ankit Jain Mr",
                "qualification": "",
                "total_exp": ""
            }
        ],
        "load": {
            "entry_load": null,
            "exit_load": "Please refer page no.10"
        },
        "main_scheme_name": "MIRAE ASSET GREAT CONSUMER FUND",
        "metrics": {
            "alpha": null,
            "arithmetic_mean_ratio": null,
            "average_div_yld": null,
            "average_pb": null,
            "average_pe": null,
            "avg_maturity": null,
            "beta": "0.92",
            "correlation_ratio": null,
            "downside_deviation": null,
            "information_ratio": "-0.27",
            "macaulay": null,
            "mod_duration": null,
            "port_turnover_ratio": "0.45",
            "r_squared_ratio": "0.89",
            "roe_ratio": null,
            "sharpe": "0.69",
            "sortino_ratio": null,
            "std_dev": null,
            "tracking_error": null,
            "treynor_ratio": null,
            "upside_deviation": null,
            "volatility": "14.92",
            "ytm": null
        },
        "min_addl_amt": "\u20b9 1,000",
        "min_addl_amt_multiple": "\u20b9 1",
        "min_amt": "\u20b9 5,000",
        "min_amt_multiple": "\u20b9 1",
        "monthly_aaum_date": "31-03-2025",
        "monthly_aaum_value": "(Cr.) 3,942.01",
        "mutual_fund_name": "Mirae Asset Mutual Fund",
        "page_number": [
            25
        ],
        "scheme_launch_date": "29 March, 2011"
    },
    "MIRAE ASSET ELSS TAX SAVER FUND": {
        "amc_name": "Mirae Asset Investment Managers (India) Private Limited",
        "benchmark_index": "Tier-1-Nifty 500 (TRI) Tier-2-Nifty 200 (TRI)",
        "fund_manager": [
            {
                "managing_fund_since": "",
                "name": "Neelesh Surana",
                "qualification": "",
                "total_exp": ""
            }
        ],
        "load": {
            "entry_load": null,
            "exit_load": "Nil"
        },
        "main_scheme_name": "MIRAE ASSET ELSS TAX SAVER FUND",
        "metrics": {
            "alpha": null,
            "arithmetic_mean_ratio": null,
            "average_div_yld": null,
            "average_pb": null,
            "average_pe": null,
            "avg_maturity": null,
            "beta": "0.91",
            "correlation_ratio": null,
            "downside_deviation": null,
            "information_ratio": "-0.54",
            "macaulay": null,
            "mod_duration": null,
            "port_turnover_ratio": "1.27",
            "r_squared_ratio": "0.96",
            "roe_ratio": null,
            "sharpe": "0.47",
            "sortino_ratio": null,
            "std_dev": null,
            "tracking_error": null,
            "treynor_ratio": null,
            "upside_deviation": null,
            "volatility": "13.18",
            "ytm": null
        },
        "min_addl_amt": "",
        "min_addl_amt_multiple": "",
        "min_amt": "\u20b9 500",
        "min_amt_multiple": "\u20b9 500",
        "monthly_aaum_date": "31-03-2025",
        "monthly_aaum_value": "(Cr.) 24,007.47",
        "mutual_fund_name": "Mirae Asset Mutual Fund",
        "page_number": [
            26
        ],
        "scheme_launch_date": "28 December, 2015"
    },
    "MIRAE ASSET HEALTHCARE FUND": {
        "amc_name": "Mirae Asset Investment Managers (India) Private Limited",
        "benchmark_index": "BSE Healthcare Index (TRI)",
        "fund_manager": [
            {
                "managing_fund_since": "",
                "name": "Vrijesh Kasera",
                "qualification": "",
                "total_exp": ""
            }
        ],
        "load": {
            "entry_load": null,
            "exit_load": "Please refer page no.11"
        },
        "main_scheme_name": "MIRAE ASSET HEALTHCARE FUND",
        "metrics": {
            "alpha": null,
            "arithmetic_mean_ratio": null,
            "average_div_yld": null,
            "average_pb": null,
            "average_pe": null,
            "avg_maturity": null,
            "beta": "0.96",
            "correlation_ratio": null,
            "downside_deviation": null,
            "information_ratio": "-1.07",
            "macaulay": null,
            "mod_duration": null,
            "port_turnover_ratio": "0.39",
            "r_squared_ratio": "0.96",
            "roe_ratio": null,
            "sharpe": "0.68",
            "sortino_ratio": null,
            "std_dev": null,
            "tracking_error": null,
            "treynor_ratio": null,
            "upside_deviation": null,
            "volatility": "16.03",
            "ytm": null
        },
        "min_addl_amt": "\u20b9 1,000",
        "min_addl_amt_multiple": "\u20b9 1",
        "min_amt": "\u20b9 5,000",
        "min_amt_multiple": "\u20b9 1",
        "monthly_aaum_date": "31-03-2025",
        "monthly_aaum_value": "(Cr.) 2,652.24",
        "mutual_fund_name": "Mirae Asset Mutual Fund",
        "page_number": [
            27
        ],
        "scheme_launch_date": "02 July, 2018"
    },
    "MIRAE ASSET FOCUSED FUND": {
        "amc_name": "Mirae Asset Investment Managers (India) Private Limited",
        "benchmark_index": "Tier-1-Nifty 500 (TRI) Tier-2-Nifty 200 (TRI)",
        "fund_manager": [
            {
                "managing_fund_since": "",
                "name": "Gaurav Misra",
                "qualification": "",
                "total_exp": ""
            }
        ],
        "load": {
            "entry_load": null,
            "exit_load": "Please refer page no.11"
        },
        "main_scheme_name": "MIRAE ASSET FOCUSED FUND",
        "metrics": {
            "alpha": null,
            "arithmetic_mean_ratio": null,
            "average_div_yld": null,
            "average_pb": null,
            "average_pe": null,
            "avg_maturity": null,
            "beta": "0.80",
            "correlation_ratio": null,
            "downside_deviation": null,
            "information_ratio": "-1.43",
            "macaulay": null,
            "mod_duration": null,
            "port_turnover_ratio": "0.37",
            "r_squared_ratio": "0.85",
            "roe_ratio": null,
            "sharpe": "0.00",
            "sortino_ratio": null,
            "std_dev": null,
            "tracking_error": null,
            "treynor_ratio": null,
            "upside_deviation": null,
            "volatility": "12.24",
            "ytm": null
        },
        "min_addl_amt": "\u20b9 1,000",
        "min_addl_amt_multiple": "\u20b9 1",
        "min_amt": "\u20b9 5,000",
        "min_amt_multiple": "\u20b9 1",
        "monthly_aaum_date": "31-03-2025",
        "monthly_aaum_value": "(Cr.) 7,663.56",
        "mutual_fund_name": "Mirae Asset Mutual Fund",
        "page_number": [
            28
        ],
        "scheme_launch_date": "14 May, 2019"
    },
    "MIRAE ASSET MIDCAP FUND": {
        "amc_name": "Mirae Asset Investment Managers (India) Private Limited",
        "benchmark_index": "NIFTY Midcap 150 Index (TRI)",
        "fund_manager": [
            {
                "managing_fund_since": "",
                "name": "Ankit Jain",
                "qualification": "",
                "total_exp": ""
            }
        ],
        "load": {
            "entry_load": null,
            "exit_load": "Please refer page no.12"
        },
        "main_scheme_name": "MIRAE ASSET MIDCAP FUND",
        "metrics": {
            "alpha": null,
            "arithmetic_mean_ratio": null,
            "average_div_yld": null,
            "average_pb": null,
            "average_pe": null,
            "avg_maturity": null,
            "beta": "0.92",
            "correlation_ratio": null,
            "downside_deviation": null,
            "information_ratio": "-1.65",
            "macaulay": null,
            "mod_duration": null,
            "port_turnover_ratio": "0.97",
            "r_squared_ratio": "0.96",
            "roe_ratio": null,
            "sharpe": "0.57",
            "sortino_ratio": null,
            "std_dev": null,
            "tracking_error": null,
            "treynor_ratio": null,
            "upside_deviation": null,
            "volatility": "15.75",
            "ytm": null
        },
        "min_addl_amt": "\u20b9 1,000",
        "min_addl_amt_multiple": "\u20b9 1",
        "min_amt": "\u20b9 5,000",
        "min_amt_multiple": "\u20b9 1",
        "monthly_aaum_date": "31-03-2025",
        "monthly_aaum_value": "(Cr.) 15,460.84",
        "mutual_fund_name": "Mirae Asset Mutual Fund",
        "page_number": [
            29
        ],
        "scheme_launch_date": "29 July, 2019"
    },
    "MIRAE ASSET BANKING AND FINANCIAL SERVICES FUND": {
        "amc_name": "Mirae Asset Investment Managers (India) Private Limited",
        "benchmark_index": "Nifty Financial Services Index (TRI)",
        "fund_manager": [
            {
                "managing_fund_since": "",
                "name": "Gaurav Kochar",
                "qualification": "",
                "total_exp": ""
            }
        ],
        "load": {
            "entry_load": null,
            "exit_load": "Please refer page no.12"
        },
        "main_scheme_name": "MIRAE ASSET BANKING AND FINANCIAL SERVICES FUND",
        "metrics": {
            "alpha": null,
            "arithmetic_mean_ratio": null,
            "average_div_yld": null,
            "average_pb": null,
            "average_pe": null,
            "avg_maturity": null,
            "beta": "0.93",
            "correlation_ratio": null,
            "downside_deviation": null,
            "information_ratio": "0.39",
            "macaulay": null,
            "mod_duration": null,
            "port_turnover_ratio": "0.37",
            "r_squared_ratio": "0.88",
            "roe_ratio": null,
            "sharpe": "0.38",
            "sortino_ratio": null,
            "std_dev": null,
            "tracking_error": null,
            "treynor_ratio": null,
            "upside_deviation": null,
            "volatility": "14.71",
            "ytm": null
        },
        "min_addl_amt": "\u20b9 1,000",
        "min_addl_amt_multiple": "\u20b9 1",
        "min_amt": "\u20b9 5,000",
        "min_amt_multiple": "\u20b9 1",
        "monthly_aaum_date": "31-03-2025",
        "monthly_aaum_value": "(Cr.) 1,735.72",
        "mutual_fund_name": "Mirae Asset Mutual Fund",
        "page_number": [
            30
        ],
        "scheme_launch_date": "11 December, 2020"
    },
    "MIRAE ASSET LIQUID FUND": {
        "amc_name": "Mirae Asset Investment Managers (India) Private Limited",
        "benchmark_index": "Nifty Liquid Index A-I",
        "fund_manager": [
            {
                "managing_fund_since": "",
                "name": "Abhishek Iyer Mr",
                "qualification": "",
                "total_exp": ""
            }
        ],
        "load": {
            "entry_load": null,
            "exit_load": "Please refer page no.14"
        },
        "main_scheme_name": "MIRAE ASSET LIQUID FUND",
        "metrics": {
            "alpha": null,
            "arithmetic_mean_ratio": null,
            "average_div_yld": null,
            "average_pb": null,
            "average_pe": null,
            "avg_maturity": "37.56 Days",
            "beta": null,
            "correlation_ratio": null,
            "downside_deviation": null,
            "information_ratio": null,
            "macaulay": "0.1 Years",
            "mod_duration": "0.1 Years",
            "port_turnover_ratio": null,
            "r_squared_ratio": null,
            "roe_ratio": null,
            "sharpe": null,
            "sortino_ratio": null,
            "std_dev": null,
            "tracking_error": null,
            "treynor_ratio": null,
            "upside_deviation": null,
            "ytm": "7.23"
        },
        "min_addl_amt": "\u20b9 1,000",
        "min_addl_amt_multiple": "\u20b9 1",
        "min_amt": "\u20b9 5,000",
        "min_amt_multiple": "\u20b9 1",
        "monthly_aaum_date": "31-03-2025",
        "monthly_aaum_value": "(Cr.) 13,614.30",
        "mutual_fund_name": "Mirae Asset Mutual Fund",
        "page_number": [
            38
        ],
        "scheme_launch_date": "12 January, 2009"
    },
    "MIRAE ASSET LOW DURATION FUND": {
        "amc_name": "Mirae Asset Investment Managers (India) Private Limited",
        "benchmark_index": "Nifty Low Duration Debt Index A-I",
        "fund_manager": [
            {
                "managing_fund_since": "",
                "name": "Basant Bafna",
                "qualification": "",
                "total_exp": ""
            }
        ],
        "load": {
            "entry_load": null,
            "exit_load": "Nil"
        },
        "main_scheme_name": "MIRAE ASSET LOW DURATION FUND",
        "metrics": {
            "alpha": null,
            "arithmetic_mean_ratio": null,
            "average_div_yld": null,
            "average_pb": null,
            "average_pe": null,
            "avg_maturity": "386.28 Days",
            "beta": null,
            "correlation_ratio": null,
            "downside_deviation": null,
            "information_ratio": null,
            "macaulay": "0.99 Years",
            "mod_duration": "0.93 Years",
            "port_turnover_ratio": null,
            "r_squared_ratio": null,
            "roe_ratio": null,
            "sharpe": null,
            "sortino_ratio": null,
            "std_dev": null,
            "tracking_error": null,
            "treynor_ratio": null,
            "upside_deviation": null,
            "ytm": "7.58"
        },
        "min_addl_amt": "\u20b9 1,000",
        "min_addl_amt_multiple": "\u20b9 1",
        "min_amt": "\u20b9 5,000",
        "min_amt_multiple": "\u20b9 1",
        "monthly_aaum_date": "31-03-2025",
        "monthly_aaum_value": "(Cr.) 1,392.91",
        "mutual_fund_name": "Mirae Asset Mutual Fund",
        "page_number": [
            39
        ],
        "scheme_launch_date": "26 June, 2012"
    },
    "MIRAE ASSET DYNAMIC BOND FUND": {
        "amc_name": "Mirae Asset Investment Managers (India) Private Limited",
        "benchmark_index": "Tier-1-CRISIL Dynamic Bond A-III Index Tier-2-Nifty PSU Bond Plus SDL April 2027 5050 Index",
        "fund_manager": [
            {
                "managing_fund_since": "",
                "name": "Amit Modani",
                "qualification": "",
                "total_exp": ""
            }
        ],
        "load": {
            "entry_load": null,
            "exit_load": "Nil"
        },
        "main_scheme_name": "MIRAE ASSET DYNAMIC BOND FUND",
        "metrics": {
            "alpha": null,
            "arithmetic_mean_ratio": null,
            "average_div_yld": null,
            "average_pb": null,
            "average_pe": null,
            "avg_maturity": "2.06 Years",
            "beta": null,
            "correlation_ratio": null,
            "downside_deviation": null,
            "information_ratio": null,
            "macaulay": "1.9 Years",
            "mod_duration": "1.8 Years",
            "port_turnover_ratio": null,
            "r_squared_ratio": null,
            "roe_ratio": null,
            "sharpe": null,
            "sortino_ratio": null,
            "std_dev": null,
            "tracking_error": null,
            "treynor_ratio": null,
            "upside_deviation": null,
            "ytm": "7.18"
        },
        "min_addl_amt": "\u20b9 1,000",
        "min_addl_amt_multiple": "\u20b9 1",
        "min_amt": "\u20b9 5,000",
        "min_amt_multiple": "\u20b9 1",
        "monthly_aaum_date": "31-03-2025",
        "monthly_aaum_value": "(Cr.) 118.44",
        "mutual_fund_name": "Mirae Asset Mutual Fund",
        "page_number": [
            40
        ],
        "scheme_launch_date": "24 March, 2017"
    },
    "MIRAE ASSET SHORT DURATION FUND": {
        "amc_name": "Mirae Asset Investment Managers (India) Private Limited",
        "benchmark_index": "CRISIL Short Duration Debt A-II Index",
        "fund_manager": [
            {
                "managing_fund_since": "",
                "name": "Basant Bafna",
                "qualification": "",
                "total_exp": ""
            }
        ],
        "load": {
            "entry_load": null,
            "exit_load": "Nil"
        },
        "main_scheme_name": "MIRAE ASSET SHORT DURATION FUND",
        "metrics": {
            "alpha": null,
            "arithmetic_mean_ratio": null,
            "average_div_yld": null,
            "average_pb": null,
            "average_pe": null,
            "avg_maturity": "3.56 Years",
            "beta": null,
            "correlation_ratio": null,
            "downside_deviation": null,
            "information_ratio": null,
            "macaulay": "2.89 Years",
            "mod_duration": "2.75 Years",
            "port_turnover_ratio": null,
            "r_squared_ratio": null,
            "roe_ratio": null,
            "sharpe": null,
            "sortino_ratio": null,
            "std_dev": null,
            "tracking_error": null,
            "treynor_ratio": null,
            "upside_deviation": null,
            "ytm": "7.41"
        },
        "min_addl_amt": "\u20b9 1,000",
        "min_addl_amt_multiple": "\u20b9 1",
        "min_amt": "\u20b9 5,000",
        "min_amt_multiple": "\u20b9 1",
        "monthly_aaum_date": "31-03-2025",
        "monthly_aaum_value": "(Cr.) 342.45",
        "mutual_fund_name": "Mirae Asset Mutual Fund",
        "page_number": [
            41
        ],
        "scheme_launch_date": "16 March, 2018"
    },
    "MIRAE ASSET OVERNIGHT FUND": {
        "amc_name": "Mirae Asset Investment Managers (India) Private Limited",
        "benchmark_index": "NIFTY 1D Rate Index",
        "fund_manager": [
            {
                "managing_fund_since": "",
                "name": "Abhishek Iyer",
                "qualification": "",
                "total_exp": ""
            }
        ],
        "load": {
            "entry_load": null,
            "exit_load": "Nil"
        },
        "main_scheme_name": "MIRAE ASSET OVERNIGHT FUND",
        "metrics": {
            "alpha": null,
            "arithmetic_mean_ratio": null,
            "average_div_yld": null,
            "average_pb": null,
            "average_pe": null,
            "avg_maturity": "3.23 Days",
            "beta": null,
            "correlation_ratio": null,
            "downside_deviation": null,
            "information_ratio": null,
            "macaulay": "0.01 Years",
            "mod_duration": "0.01 Years",
            "port_turnover_ratio": null,
            "r_squared_ratio": null,
            "roe_ratio": null,
            "sharpe": null,
            "sortino_ratio": null,
            "std_dev": null,
            "tracking_error": null,
            "treynor_ratio": null,
            "upside_deviation": null,
            "ytm": "6.63"
        },
        "min_addl_amt": "\u20b9 1,000",
        "min_addl_amt_multiple": "\u20b9 1",
        "min_amt": "\u20b9 5,000",
        "min_amt_multiple": "\u20b9 1",
        "monthly_aaum_date": "31-03-2025",
        "monthly_aaum_value": "(Cr.) 944.06",
        "mutual_fund_name": "Mirae Asset Mutual Fund",
        "page_number": [
            42
        ],
        "scheme_launch_date": "15 October, 2019"
    },
    "MIRAE ASSET BANKING AND PSU FUND": {
        "amc_name": "Mirae Asset Investment Managers (India) Private Limited",
        "benchmark_index": "CRISIL Banking and PSU Debt A-II Index",
        "fund_manager": [
            {
                "managing_fund_since": "",
                "name": "Kruti Chheta",
                "qualification": "",
                "total_exp": ""
            }
        ],
        "load": {
            "entry_load": null,
            "exit_load": "Nil"
        },
        "main_scheme_name": "MIRAE ASSET BANKING AND PSU FUND",
        "metrics": {
            "alpha": null,
            "arithmetic_mean_ratio": null,
            "average_div_yld": null,
            "average_pb": null,
            "average_pe": null,
            "avg_maturity": "4.91 Years",
            "beta": null,
            "correlation_ratio": null,
            "downside_deviation": null,
            "information_ratio": null,
            "macaulay": "3.89 Years",
            "mod_duration": "3.67 Years",
            "port_turnover_ratio": null,
            "r_squared_ratio": null,
            "roe_ratio": null,
            "sharpe": null,
            "sortino_ratio": null,
            "std_dev": null,
            "tracking_error": null,
            "treynor_ratio": null,
            "upside_deviation": null,
            "ytm": "7.21"
        },
        "min_addl_amt": "\u20b9 1,000",
        "min_addl_amt_multiple": "\u20b9 1",
        "min_amt": "\u20b9 5,000",
        "min_amt_multiple": "\u20b9 1",
        "monthly_aaum_date": "31-03-2025",
        "monthly_aaum_value": "(Cr.) 49.03",
        "mutual_fund_name": "Mirae Asset Mutual Fund",
        "page_number": [
            43
        ],
        "scheme_launch_date": "24 July, 2020"
    },
    "MIRAE ASSET ULTRA SHORT DURATION FUND": {
        "amc_name": "Mirae Asset Investment Managers (India) Private Limited",
        "benchmark_index": "Nifty Ultra Short Duration Debt Index A-I",
        "fund_manager": [
            {
                "managing_fund_since": "",
                "name": "Basant Bafna",
                "qualification": "",
                "total_exp": ""
            }
        ],
        "load": {
            "entry_load": null,
            "exit_load": "Nil"
        },
        "main_scheme_name": "MIRAE ASSET ULTRA SHORT DURATION FUND",
        "metrics": {
            "alpha": null,
            "arithmetic_mean_ratio": null,
            "average_div_yld": null,
            "average_pb": null,
            "average_pe": null,
            "avg_maturity": "187.12 Days",
            "beta": null,
            "correlation_ratio": null,
            "downside_deviation": null,
            "information_ratio": null,
            "macaulay": "0.49 Years",
            "mod_duration": "0.46 Years",
            "port_turnover_ratio": null,
            "r_squared_ratio": null,
            "roe_ratio": null,
            "sharpe": null,
            "sortino_ratio": null,
            "std_dev": null,
            "tracking_error": null,
            "treynor_ratio": null,
            "upside_deviation": null,
            "ytm": "7.53"
        },
        "min_addl_amt": "\u20b9 1,000",
        "min_addl_amt_multiple": "\u20b9 1",
        "min_amt": "\u20b9 5,000",
        "min_amt_multiple": "\u20b9 1",
        "monthly_aaum_date": "31-03-2025",
        "monthly_aaum_value": "(Cr.) 1,781.56",
        "mutual_fund_name": "Mirae Asset Mutual Fund",
        "page_number": [
            44
        ],
        "scheme_launch_date": "07 October, 2020"
    },
    "MIRAE ASSET CORPORATE BOND FUND": {
        "amc_name": "Mirae Asset Investment Managers (India) Private Limited",
        "benchmark_index": "CRISIL Corporate Debt A-II Index",
        "fund_manager": [
            {
                "managing_fund_since": "",
                "name": "Amit Modani",
                "qualification": "",
                "total_exp": ""
            }
        ],
        "load": {
            "entry_load": null,
            "exit_load": "Nil"
        },
        "main_scheme_name": "MIRAE ASSET CORPORATE BOND FUND",
        "metrics": {
            "alpha": null,
            "arithmetic_mean_ratio": null,
            "average_div_yld": null,
            "average_pb": null,
            "average_pe": null,
            "avg_maturity": "4.58 Years",
            "beta": null,
            "correlation_ratio": null,
            "downside_deviation": null,
            "information_ratio": null,
            "macaulay": "3.65 Years",
            "mod_duration": "3.47 Years",
            "port_turnover_ratio": null,
            "r_squared_ratio": null,
            "roe_ratio": null,
            "sharpe": null,
            "sortino_ratio": null,
            "std_dev": null,
            "tracking_error": null,
            "treynor_ratio": null,
            "upside_deviation": null,
            "ytm": "7.35"
        },
        "min_addl_amt": "\u20b9 1,000",
        "min_addl_amt_multiple": "\u20b9 1",
        "min_amt": "\u20b9 5,000",
        "min_amt_multiple": "\u20b9 1",
        "monthly_aaum_date": "31-03-2025",
        "monthly_aaum_value": "(Cr.) 41.56",
        "mutual_fund_name": "Mirae Asset Mutual Fund",
        "page_number": [
            45
        ],
        "scheme_launch_date": "17 March, 2021"
    },
    "MIRAE ASSET MONEY MARKET FUND": {
        "amc_name": "Mirae Asset Investment Managers (India) Private Limited",
        "benchmark_index": "Nifty Money Market Index A-I",
        "fund_manager": [
            {
                "managing_fund_since": "",
                "name": "Amit Modani",
                "qualification": "",
                "total_exp": ""
            }
        ],
        "load": {
            "entry_load": null,
            "exit_load": "Nil"
        },
        "main_scheme_name": "MIRAE ASSET MONEY MARKET FUND",
        "metrics": {
            "alpha": null,
            "arithmetic_mean_ratio": null,
            "average_div_yld": null,
            "average_pb": null,
            "average_pe": null,
            "avg_maturity": "181.87 Days",
            "beta": null,
            "correlation_ratio": null,
            "downside_deviation": null,
            "information_ratio": null,
            "macaulay": "0.5 Years",
            "mod_duration": "0.5 Years",
            "port_turnover_ratio": null,
            "r_squared_ratio": null,
            "roe_ratio": null,
            "sharpe": null,
            "sortino_ratio": null,
            "std_dev": null,
            "tracking_error": null,
            "treynor_ratio": null,
            "upside_deviation": null,
            "ytm": "7.54"
        },
        "min_addl_amt": "\u20b9 1,000",
        "min_addl_amt_multiple": "\u20b9 1",
        "min_amt": "\u20b9 5,000",
        "min_amt_multiple": "\u20b9 1",
        "monthly_aaum_date": "31-03-2025",
        "monthly_aaum_value": "(Cr.) 1,911.53",
        "mutual_fund_name": "Mirae Asset Mutual Fund",
        "page_number": [
            46
        ],
        "scheme_launch_date": "11 August, 2021"
    },
    "MIRAE ASSET LONG DURATION FUND": {
        "amc_name": "Mirae Asset Investment Managers (India) Private Limited",
        "benchmark_index": "CRISIL Long Duration Debt A-III Index",
        "fund_manager": [
            {
                "managing_fund_since": "",
                "name": "Kruti Chheta",
                "qualification": "",
                "total_exp": ""
            }
        ],
        "load": {
            "entry_load": null,
            "exit_load": "Nil"
        },
        "main_scheme_name": "MIRAE ASSET LONG DURATION FUND",
        "metrics": {
            "alpha": null,
            "arithmetic_mean_ratio": null,
            "average_div_yld": null,
            "average_pb": null,
            "average_pe": null,
            "avg_maturity": "33.95 Years",
            "beta": null,
            "correlation_ratio": null,
            "downside_deviation": null,
            "information_ratio": null,
            "macaulay": "12.62 Years",
            "mod_duration": "12.2 Years",
            "port_turnover_ratio": null,
            "r_squared_ratio": null,
            "roe_ratio": null,
            "sharpe": null,
            "sortino_ratio": null,
            "std_dev": null,
            "tracking_error": null,
            "treynor_ratio": null,
            "upside_deviation": null,
            "ytm": "7.12"
        },
        "min_addl_amt": "\u20b9 1,000",
        "min_addl_amt_multiple": "\u20b9 1",
        "min_amt": "\u20b9 5,000",
        "min_amt_multiple": "\u20b9 1",
        "monthly_aaum_date": "31-03-2025",
        "monthly_aaum_value": "(Cr.) 37.69",
        "mutual_fund_name": "Mirae Asset Mutual Fund",
        "page_number": [
            47
        ],
        "scheme_launch_date": "06 December, 2024"
    },
    "MIRAE ASSET AGGRESSIVE HYBRID FUND": {
        "amc_name": "Mirae Asset Investment Managers (India) Private Limited",
        "benchmark_index": "CRISIL Hybrid 3565 - Aggressive Index",
        "fund_manager": [
            {
                "managing_fund_since": "",
                "name": "Harshad Borawake",
                "qualification": "Equity Portion",
                "total_exp": ""
            },
            {
                "managing_fund_since": "",
                "name": "Vrijesh Kasera",
                "qualification": "Equity Portion",
                "total_exp": ""
            },
            {
                "managing_fund_since": "",
                "name": "Mahendra Jajoo",
                "qualification": "Debt Portion",
                "total_exp": ""
            }
        ],
        "load": {
            "entry_load": null,
            "exit_load": "Please refer page no.18"
        },
        "main_scheme_name": "MIRAE ASSET AGGRESSIVE HYBRID FUND",
        "metrics": {
            "alpha": null,
            "arithmetic_mean_ratio": null,
            "average_div_yld": null,
            "average_pb": null,
            "average_pe": null,
            "avg_maturity": "5.74 Years",
            "beta": "1.03",
            "correlation_ratio": null,
            "downside_deviation": null,
            "information_ratio": "-0.39",
            "macaulay": "3.90 Years",
            "mod_duration": "3.73 Years",
            "port_turnover_ratio": "1.09",
            "r_squared_ratio": "0.96",
            "roe_ratio": null,
            "sharpe": "0.41",
            "sortino_ratio": null,
            "std_dev": null,
            "tracking_error": null,
            "treynor_ratio": null,
            "upside_deviation": null,
            "volatility": "9.91",
            "ytm": "7.38"
        },
        "min_addl_amt": "\u20b9 1,000",
        "min_addl_amt_multiple": "\u20b9 1",
        "min_amt": "\u20b9 5,000",
        "min_amt_multiple": "\u20b9 1",
        "monthly_aaum_date": "31-03-2025",
        "monthly_aaum_value": "(Cr.) 8,685.12",
        "mutual_fund_name": "Mirae Asset Mutual Fund",
        "page_number": [
            50
        ],
        "scheme_launch_date": "29 July, 2015"
    },
    "MIRAE ASSET EQUITY SAVINGS FUND": {
        "amc_name": "Mirae Asset Investment Managers (India) Private Limited",
        "benchmark_index": "Nifty Equity Savings Index",
        "fund_manager": [
            {
                "managing_fund_since": "",
                "name": "Harshad Borawake",
                "qualification": "",
                "total_exp": ""
            },
            {
                "managing_fund_since": "",
                "name": "Vrijesh Kasera",
                "qualification": "Equity Portion",
                "total_exp": ""
            },
            {
                "managing_fund_since": "",
                "name": "Bharti Sawant",
                "qualification": "Equity Portion",
                "total_exp": ""
            },
            {
                "managing_fund_since": "",
                "name": "Mahendra Jajoo",
                "qualification": "Debt Portion",
                "total_exp": ""
            }
        ],
        "load": {
            "entry_load": null,
            "exit_load": "Please refer page no.18"
        },
        "main_scheme_name": "MIRAE ASSET EQUITY SAVINGS FUND",
        "metrics": {
            "alpha": null,
            "arithmetic_mean_ratio": null,
            "average_div_yld": null,
            "average_pb": null,
            "average_pe": null,
            "avg_maturity": "3.50 Years",
            "beta": "1.10",
            "correlation_ratio": null,
            "downside_deviation": null,
            "information_ratio": "0.14",
            "macaulay": "2.86 Years",
            "mod_duration": "2.74 Years",
            "port_turnover_ratio": "4.56",
            "r_squared_ratio": "0.87",
            "roe_ratio": null,
            "sharpe": "0.48",
            "sortino_ratio": null,
            "std_dev": null,
            "tracking_error": null,
            "treynor_ratio": null,
            "upside_deviation": null,
            "volatility": "5.48",
            "ytm": "6.89"
        },
        "min_addl_amt": "\u20b9 1,000",
        "min_addl_amt_multiple": "\u20b9 1",
        "min_amt": "\u20b9 5,000",
        "min_amt_multiple": "\u20b9 1",
        "monthly_aaum_date": "31-03-2025",
        "monthly_aaum_value": "(Cr.) 1,370.74",
        "mutual_fund_name": "Mirae Asset Mutual Fund",
        "page_number": [
            51
        ],
        "scheme_launch_date": "17 December, 2018"
    },
    "MIRAE ASSET ARBITRAGE FUND": {
        "amc_name": "Mirae Asset Investment Managers (India) Private Limited",
        "benchmark_index": "NIFTY 50 Arbitrage Index",
        "fund_manager": [
            {
                "managing_fund_since": "",
                "name": "Jignesh Rao",
                "qualification": "Equity Portion",
                "total_exp": ""
            },
            {
                "managing_fund_since": "",
                "name": "Jigar Sethia",
                "qualification": "Equity Portion",
                "total_exp": ""
            },
            {
                "managing_fund_since": "",
                "name": "Abhishek Iyer",
                "qualification": "Debt Portion",
                "total_exp": ""
            }
        ],
        "load": {
            "entry_load": null,
            "exit_load": "Please refer page no.18"
        },
        "main_scheme_name": "MIRAE ASSET ARBITRAGE FUND",
        "metrics": {
            "alpha": null,
            "arithmetic_mean_ratio": null,
            "average_div_yld": null,
            "average_pb": null,
            "average_pe": null,
            "avg_maturity": "0.06 Years",
            "beta": null,
            "correlation_ratio": null,
            "downside_deviation": null,
            "information_ratio": null,
            "macaulay": "0.06 Years",
            "mod_duration": "0.06 Years",
            "port_turnover_ratio": "19.26",
            "r_squared_ratio": null,
            "roe_ratio": null,
            "sharpe": null,
            "sortino_ratio": null,
            "std_dev": null,
            "tracking_error": null,
            "treynor_ratio": null,
            "upside_deviation": null,
            "ytm": "6.57"
        },
        "min_addl_amt": "\u20b9 1,000",
        "min_addl_amt_multiple": "\u20b9 1",
        "min_amt": "\u20b9 5,000",
        "min_amt_multiple": "\u20b9 1",
        "monthly_aaum_date": "31-03-2025",
        "monthly_aaum_value": "(Cr.) 2,900.03",
        "mutual_fund_name": "Mirae Asset Mutual Fund",
        "page_number": [
            52
        ],
        "scheme_launch_date": "19 June, 2020"
    },
    "MIRAE ASSET BALANCED ADVANTAGE FUND": {
        "amc_name": "Mirae Asset Investment Managers (India) Private Limited",
        "benchmark_index": "Nifty 50 Hybrid Composite Debt 5050 Index",
        "fund_manager": [
            {
                "managing_fund_since": "",
                "name": "Harshad Borawake",
                "qualification": "Equity Portion",
                "total_exp": ""
            },
            {
                "managing_fund_since": "",
                "name": "Mahendra Jajoo",
                "qualification": "Debt Portion",
                "total_exp": ""
            }
        ],
        "load": {
            "entry_load": null,
            "exit_load": "Please refer page no.19"
        },
        "main_scheme_name": "MIRAE ASSET BALANCED ADVANTAGE FUND",
        "metrics": {
            "alpha": null,
            "arithmetic_mean_ratio": null,
            "average_div_yld": null,
            "average_pb": null,
            "average_pe": null,
            "avg_maturity": "3.85 Years",
            "beta": null,
            "correlation_ratio": null,
            "downside_deviation": null,
            "information_ratio": null,
            "macaulay": "3.11 Years",
            "mod_duration": "2.98 Years",
            "port_turnover_ratio": "2.94",
            "r_squared_ratio": null,
            "roe_ratio": null,
            "sharpe": null,
            "sortino_ratio": null,
            "std_dev": null,
            "tracking_error": null,
            "treynor_ratio": null,
            "upside_deviation": null,
            "ytm": "6.94"
        },
        "min_addl_amt": "\u20b9 1,000",
        "min_addl_amt_multiple": "\u20b9 1",
        "min_amt": "\u20b9 5,000",
        "min_amt_multiple": "\u20b9 1",
        "monthly_aaum_date": "31-03-2025",
        "monthly_aaum_value": "(Cr.) 1,750.90",
        "mutual_fund_name": "Mirae Asset Mutual Fund",
        "page_number": [
            53
        ],
        "scheme_launch_date": "11 August, 2022"
    },
    "MIRAE ASSET MULTI ASSET ALLOCATION FUND": {
        "amc_name": "Mirae Asset Investment Managers (India) Private Limited",
        "benchmark_index": "65 Nifty 500 (TRI)  25 Nifty Short Duration Debt Index  7.5 Domestic Price of Gold  2.5 Domestic Price of Silver",
        "fund_manager": [
            {
                "managing_fund_since": "",
                "name": "Harshad Borawake",
                "qualification": "Equity Portion",
                "total_exp": ""
            },
            {
                "managing_fund_since": "",
                "name": "Amit Modani",
                "qualification": "Debt Portion",
                "total_exp": ""
            },
            {
                "managing_fund_since": "",
                "name": "Siddharth Srivastava",
                "qualification": "Dedicated Fund Manager For Overseas Investments",
                "total_exp": ""
            },
            {
                "managing_fund_since": "",
                "name": "Ritesh Patel",
                "qualification": "Dedicated Fund Manager For Commodity Investments",
                "total_exp": ""
            }
        ],
        "load": {
            "entry_load": null,
            "exit_load": "Please refer page no.19"
        },
        "main_scheme_name": "MIRAE ASSET MULTI ASSET ALLOCATION FUND",
        "metrics": {
            "alpha": null,
            "arithmetic_mean_ratio": null,
            "average_div_yld": null,
            "average_pb": null,
            "average_pe": null,
            "avg_maturity": "5.93 Years",
            "beta": null,
            "correlation_ratio": null,
            "downside_deviation": null,
            "information_ratio": null,
            "macaulay": "4.58 Years",
            "mod_duration": "4.38 Years",
            "port_turnover_ratio": "2.93",
            "r_squared_ratio": null,
            "roe_ratio": null,
            "sharpe": null,
            "sortino_ratio": null,
            "std_dev": null,
            "tracking_error": null,
            "treynor_ratio": null,
            "upside_deviation": null,
            "ytm": "6.79"
        },
        "min_addl_amt": "\u20b9 1,000",
        "min_addl_amt_multiple": "\u20b9 1",
        "min_amt": "\u20b9 5,000",
        "min_amt_multiple": "\u20b9 1",
        "monthly_aaum_date": "31-03-2025",
        "monthly_aaum_value": "(Cr.) 1,799.77",
        "mutual_fund_name": "Mirae Asset Mutual Fund",
        "page_number": [
            54
        ],
        "scheme_launch_date": "31 January, 2024"
    }
}