{
    "Bank of India Flexi Cap Fund": {
        "amc_name": "Bank of India Investment Managers Private Limited",
        "benchmark_index": "BSE 500 Total Return Index (TRI) ",
        "fund_manager": [
            {
                "managing_fund_since": "",
                "name": "Alok Singh",
                "qualification": "",
                "total_exp": "20 Years"
            }
        ],
        "load": {
            "entry_load": "NIL",
            "exit_load": "For redemptionswitch out of initial units allotted within 3 months from the date of allotment 1 Exit Load   Any redemptionswitch out from the date of allotment of units after 3 months NIL 7"
        },
        "main_scheme_name": "Bank of India Flexi Cap Fund",
        "metrics": {
            "alpha": null,
            "arithmetic_mean_ratio": null,
            "average_div_yld": null,
            "average_pb": null,
            "average_pe": null,
            "avg_maturity": null,
            "beta": "1.06",
            "correlation_ratio": null,
            "downside_deviation": null,
            "information_ratio": null,
            "macaulay": null,
            "mod_duration": null,
            "port_turnover_ratio": "0.86",
            "r_squared_ratio": null,
            "roe_ratio": null,
            "sharpe": "0.70",
            "sortino_ratio": null,
            "std_dev": "15.99",
            "tracking_error": "6.55",
            "treynor_ratio": null,
            "upside_deviation": null,
            "ytm": null
        },
        "min_addl_amt": "\u20b9 1,000",
        "min_addl_amt_multiple": "\u20b9 1",
        "min_amt": "\u20b9 5,000",
        "min_amt_multiple": "\u20b9 1",
        "monthly_aaum_date": "31-03-2025",
        "monthly_aaum_value": "\u20b9 2,036.14  Crs. ",
        "mutual_fund_name": "Bank of India Mutual Fund",
        "page_number": [
            6
        ],
        "scheme_launch_date": "June 29, 2020 "
    },
    "Bank of India Small Cap Fund": {
        "amc_name": "Bank of India Investment Managers Private Limited",
        "benchmark_index": "NIFTY Smallcap 250 Total Return Index (TRI) (Tier 1) ",
        "fund_manager": [
            {
                "managing_fund_since": "",
                "name": "Alok Singh",
                "qualification": "",
                "total_exp": "20 Years"
            }
        ],
        "load": {
            "entry_load": "NIL",
            "exit_load": "For redemptionswitch out Upto 10 of the initial units allotted - within 1 year from the date of allotment NIL   Any redemptionswitch out in excess of the above mentioned limit would be subject to an exit load of 1, if the units are redeemed switched out within 1 year from the date of allotment of units.   If the units are redeemedswitched out after 1 year from the date of allotment of units  Nil"
        },
        "main_scheme_name": "Bank of India Small Cap Fund",
        "metrics": {
            "alpha": null,
            "arithmetic_mean_ratio": null,
            "average_div_yld": null,
            "average_pb": null,
            "average_pe": null,
            "avg_maturity": null,
            "beta": "0.81",
            "correlation_ratio": null,
            "downside_deviation": null,
            "information_ratio": null,
            "macaulay": null,
            "mod_duration": null,
            "port_turnover_ratio": "0.55",
            "r_squared_ratio": null,
            "roe_ratio": null,
            "sharpe": "0.69",
            "sortino_ratio": null,
            "std_dev": "16.59",
            "tracking_error": "6.76",
            "treynor_ratio": null,
            "upside_deviation": null,
            "ytm": null
        },
        "min_addl_amt": "\u20b9 1,000",
        "min_addl_amt_multiple": "\u20b9 1",
        "min_amt": "\u20b9 5,000",
        "min_amt_multiple": "\u20b9 1",
        "monthly_aaum_date": "31-03-2025",
        "monthly_aaum_value": "\u20b9 1,601.27 Crs. ",
        "mutual_fund_name": "Bank of India Mutual Fund",
        "page_number": [
            7
        ],
        "scheme_launch_date": "December 19, 2018 "
    },
    "Bank of India Multi Cap Fund": {
        "amc_name": "Bank of India Investment Managers Private Limited",
        "benchmark_index": "NIFTY 500 Multicap 50:25:25 Total Return Index (TRI) ",
        "fund_manager": [
            {
                "managing_fund_since": "",
                "name": "Nitin Gosar",
                "qualification": "",
                "total_exp": "16 Years"
            }
        ],
        "load": {
            "entry_load": "NIL",
            "exit_load": "For redemptionswitch out upto 10 of the initial units allotted -within 1 year from the date of allotment NIL   Any redemptionswitch out - in excess of the above mentioned limit would be subject to an exit load of 1, if the units are redeemed switched out within 1 year from the date of allotment of units.   If the units are redeemedswitched out after 1 year from the date of allotment of units  Nil"
        },
        "main_scheme_name": "Bank of India Multi Cap Fund",
        "metrics": {
            "alpha": null,
            "arithmetic_mean_ratio": null,
            "average_div_yld": null,
            "average_pb": null,
            "average_pe": null,
            "avg_maturity": null,
            "beta": null,
            "correlation_ratio": null,
            "downside_deviation": null,
            "information_ratio": null,
            "macaulay": null,
            "mod_duration": null,
            "port_turnover_ratio": "0.89",
            "r_squared_ratio": null,
            "roe_ratio": null,
            "sharpe": null,
            "sortino_ratio": null,
            "std_dev": null,
            "tracking_error": null,
            "treynor_ratio": null,
            "upside_deviation": null,
            "ytm": null
        },
        "min_addl_amt": "\u20b9 1,000",
        "min_addl_amt_multiple": "\u20b9 1",
        "min_amt": "\u20b9 5,000",
        "min_amt_multiple": "\u20b9 1",
        "monthly_aaum_date": "31-03-2025",
        "monthly_aaum_value": "\u20b9 753.05 Crs. ",
        "mutual_fund_name": "Bank of India Mutual Fund",
        "page_number": [
            9
        ],
        "scheme_launch_date": "March 3, 2023 "
    },
    "Bank of India Business Cycle Fund": {
        "amc_name": "Bank of India Investment Managers Private Limited",
        "benchmark_index": "NIFTY 500 Total Return Index (TRI) ",
        "fund_manager": [
            {
                "managing_fund_since": "",
                "name": "Alok Singh",
                "qualification": "",
                "total_exp": "20 Years"
            }
        ],
        "load": {
            "entry_load": "NIL",
            "exit_load": "NIL - There will be no exit load within 3 months from the date of allotment for redemptionswitch out upto 10 of the units allotted.   1 - Any redemptionswitch out in excess of the above mentioned limit would be subject to an exit load of 1, if the units are redeemed switched out within 3 months from the date of allotment of units.   NIL - There will be no exit load on any redemptionswitch out after 3 months from the date of allotment of units."
        },
        "main_scheme_name": "Bank of India Business Cycle Fund",
        "metrics": {
            "alpha": null,
            "arithmetic_mean_ratio": null,
            "average_div_yld": null,
            "average_pb": null,
            "average_pe": null,
            "avg_maturity": null,
            "beta": null,
            "correlation_ratio": null,
            "downside_deviation": null,
            "information_ratio": null,
            "macaulay": null,
            "mod_duration": null,
            "port_turnover_ratio": "1.47",
            "r_squared_ratio": null,
            "roe_ratio": null,
            "sharpe": null,
            "sortino_ratio": null,
            "std_dev": null,
            "tracking_error": null,
            "treynor_ratio": null,
            "upside_deviation": null,
            "ytm": null
        },
        "min_addl_amt": "\u20b9 1,000",
        "min_addl_amt_multiple": "\u20b9 1",
        "min_amt": "\u20b9 5,000",
        "min_amt_multiple": "\u20b9 1",
        "monthly_aaum_date": "31-03-2025",
        "monthly_aaum_value": "\u20b9 549.92 Crs. ",
        "mutual_fund_name": "Bank of India Mutual Fund",
        "page_number": [
            10
        ],
        "scheme_launch_date": "August 30, 2024 "
    },
    "Bank of India Manufacturing & Infrastructure Fund": {
        "amc_name": "Bank of India Investment Managers Private Limited",
        "benchmark_index": "BSE India Manufacturing Index Total Return Index (TRI): 50% and BSE India Infrastructure Index Total Return Index (TRI): 50% ",
        "fund_manager": [
            {
                "managing_fund_since": "",
                "name": "Nitin Gosar",
                "qualification": "",
                "total_exp": "16 Years"
            }
        ],
        "load": {
            "entry_load": "NIL",
            "exit_load": "For redemptionswitch out upto 10 of the initial units allotted -within 1 year from the date of allotment NIL   Any redemptionswitch out - in excess of the above mentioned limit would be subject to an exit load of 1, if the units are redeemed switched out within 1 year from the date of allotment of units.   If the units are redeemedswitched out after 1 year from the date of allotment of units  Nil"
        },
        "main_scheme_name": "Bank of India Manufacturing & Infrastructure Fund",
        "metrics": {
            "alpha": null,
            "arithmetic_mean_ratio": null,
            "average_div_yld": null,
            "average_pb": null,
            "average_pe": null,
            "avg_maturity": null,
            "beta": "0.74",
            "correlation_ratio": null,
            "downside_deviation": null,
            "information_ratio": null,
            "macaulay": null,
            "mod_duration": null,
            "port_turnover_ratio": "0.59",
            "r_squared_ratio": null,
            "roe_ratio": null,
            "sharpe": "0.97",
            "sortino_ratio": null,
            "std_dev": "15.43",
            "tracking_error": "9.14",
            "treynor_ratio": null,
            "upside_deviation": null,
            "ytm": null
        },
        "min_addl_amt": "\u20b9 1,000",
        "min_addl_amt_multiple": "\u20b9 1",
        "min_amt": "\u20b9 5,000",
        "min_amt_multiple": "\u20b9 1",
        "monthly_aaum_date": "31-03-2025",
        "monthly_aaum_value": "\u20b9 525.53 Crs. ",
        "mutual_fund_name": "Bank of India Mutual Fund",
        "page_number": [
            11
        ],
        "scheme_launch_date": "March 05, 2010 "
    },
    "Bank of India Consumption Fund": {
        "amc_name": "Bank of India Investment Managers Private Limited",
        "benchmark_index": "Nifty India Consumption Total Return Index (TRI) ",
        "fund_manager": [
            {
                "managing_fund_since": "",
                "name": "Nitin Gosar",
                "qualification": "",
                "total_exp": "16 Years"
            }
        ],
        "load": {
            "entry_load": "NIL",
            "exit_load": "If redeemed switched-out within 3 months from the date of allotment For 10 of investments-Nil For remaining investments 1  If redeemedswitched-out aft er 3 months from the date of allotment Nil"
        },
        "main_scheme_name": "Bank of India Consumption Fund",
        "metrics": {
            "alpha": null,
            "arithmetic_mean_ratio": null,
            "average_div_yld": null,
            "average_pb": null,
            "average_pe": null,
            "avg_maturity": null,
            "beta": null,
            "correlation_ratio": null,
            "downside_deviation": null,
            "information_ratio": null,
            "macaulay": null,
            "mod_duration": null,
            "port_turnover_ratio": "0.01",
            "r_squared_ratio": null,
            "roe_ratio": null,
            "sharpe": null,
            "sortino_ratio": null,
            "std_dev": null,
            "tracking_error": null,
            "treynor_ratio": null,
            "upside_deviation": null,
            "ytm": null
        },
        "min_addl_amt": "\u20b9 1,000",
        "min_addl_amt_multiple": "\u20b9 1",
        "min_amt": "\u20b9 5,000",
        "min_amt_multiple": "\u20b9 1",
        "monthly_aaum_date": "31-03-2025",
        "monthly_aaum_value": "\u20b9 404.49 Crs. ",
        "mutual_fund_name": "Bank of India Mutual Fund",
        "page_number": [
            12
        ],
        "scheme_launch_date": "December 20, 2024 "
    },
    "Bank of India Large & Mid Cap Equity Fund": {
        "amc_name": "Bank of India Investment Managers Private Limited",
        "benchmark_index": "BSE 250 LargeMidCap Total Return Index (TRI) ",
        "fund_manager": [
            {
                "managing_fund_since": "",
                "name": "Nitin Gosar",
                "qualification": "",
                "total_exp": "16 Years"
            }
        ],
        "load": {
            "entry_load": "NIL",
            "exit_load": "For redemptionswitch out upto 10 of the initial units allotted -within 1 year from the date of allotment NIL   Any redemptionswitch out - in excess of the above mentioned limit would be subject to an exit load of 1, if the units are redeemed switched out within 1 year from the date of allotment of units.   If the units are redeemedswitched out after 1 year from the date of allotment of units  Nil"
        },
        "main_scheme_name": "Bank of India Large & Mid Cap Equity Fund",
        "metrics": {
            "alpha": null,
            "arithmetic_mean_ratio": null,
            "average_div_yld": null,
            "average_pb": null,
            "average_pe": null,
            "avg_maturity": null,
            "beta": "1.00",
            "correlation_ratio": null,
            "downside_deviation": null,
            "information_ratio": null,
            "macaulay": null,
            "mod_duration": null,
            "port_turnover_ratio": "0.94",
            "r_squared_ratio": null,
            "roe_ratio": null,
            "sharpe": "0.50",
            "sortino_ratio": null,
            "std_dev": "14.36",
            "tracking_error": "4.48",
            "treynor_ratio": null,
            "upside_deviation": null,
            "ytm": null
        },
        "min_addl_amt": "\u20b9 1,000",
        "min_addl_amt_multiple": "\u20b9 1",
        "min_amt": "\u20b9 5,000",
        "min_amt_multiple": "\u20b9 1",
        "monthly_aaum_date": "31-03-2025",
        "monthly_aaum_value": "\u20b9 359.86 Crs. ",
        "mutual_fund_name": "Bank of India Mutual Fund",
        "page_number": [
            13
        ],
        "scheme_launch_date": "October 21, 2008 "
    },
    "Bank of India Bluechip Fund": {
        "amc_name": "Bank of India Investment Managers Private Limited",
        "benchmark_index": "NIFTY 100 TRI (Tier 1) ",
        "fund_manager": [
            {
                "managing_fund_since": "",
                "name": "Alok Singh",
                "qualification": "",
                "total_exp": "20 Years"
            },
            {
                "managing_fund_since": "",
                "name": "Nilesh Jethani",
                "qualification": "",
                "total_exp": "9 Years"
            }
        ],
        "load": {
            "entry_load": "NIL",
            "exit_load": "For redemptionswitch out of initial units allotted within 3 months from the date of allotment 1 Exit Load   Any redemptionswitch out from the date of allotment of units after 3 months NIL"
        },
        "main_scheme_name": "Bank of India Bluechip Fund",
        "metrics": {
            "alpha": null,
            "arithmetic_mean_ratio": null,
            "average_div_yld": null,
            "average_pb": null,
            "average_pe": null,
            "avg_maturity": null,
            "beta": "1.01",
            "correlation_ratio": null,
            "downside_deviation": null,
            "information_ratio": null,
            "macaulay": null,
            "mod_duration": null,
            "port_turnover_ratio": "0.61",
            "r_squared_ratio": null,
            "roe_ratio": null,
            "sharpe": "0.35",
            "sortino_ratio": null,
            "std_dev": "14.21",
            "tracking_error": "4.32",
            "treynor_ratio": null,
            "upside_deviation": null,
            "ytm": null
        },
        "min_addl_amt": "\u20b9 1,000",
        "min_addl_amt_multiple": "\u20b9 1",
        "min_amt": "\u20b9 5,000",
        "min_amt_multiple": "\u20b9 1",
        "monthly_aaum_date": "31-03-2025",
        "monthly_aaum_value": "\u20b9 187.01 Crs. ",
        "mutual_fund_name": "Bank of India Mutual Fund",
        "page_number": [
            14
        ],
        "scheme_launch_date": "June 29, 2021 "
    },
    "Bank of India Mid & Small Cap Equity & Debt Fund": {
        "amc_name": "Bank of India Investment Managers Private Limited",
        "benchmark_index": "NIFTY MidSmallcap 400 Total Return Index (TRI): 70%; CRISIL Short Term Bond Index: 30% ",
        "fund_manager": [
            {
                "managing_fund_since": "",
                "name": "Alok Singh",
                "qualification": "",
                "total_exp": "20 Years"
            }
        ],
        "load": {
            "entry_load": "NIL",
            "exit_load": "For redemptionswitch out of initial units allotted within 3 months from the date of allotment 1 Exit Load   Any redemptionswitch out from the date of allotment of units after 3 months NIL 1"
        },
        "main_scheme_name": "Bank of India Mid & Small Cap Equity & Debt Fund",
        "metrics": {
            "alpha": null,
            "arithmetic_mean_ratio": null,
            "average_div_yld": null,
            "average_pb": null,
            "average_pe": null,
            "avg_maturity": null,
            "beta": null,
            "correlation_ratio": null,
            "downside_deviation": null,
            "information_ratio": null,
            "macaulay": null,
            "mod_duration": null,
            "port_turnover_ratio": "1.07",
            "r_squared_ratio": null,
            "roe_ratio": null,
            "sharpe": null,
            "sortino_ratio": null,
            "std_dev": null,
            "tracking_error": null,
            "treynor_ratio": null,
            "upside_deviation": null,
            "ytm": null
        },
        "min_addl_amt": "\u20b9 1,000",
        "min_addl_amt_multiple": "\u20b9 1",
        "min_amt": "\u20b9 5,000",
        "min_amt_multiple": "\u20b9 1",
        "monthly_aaum_date": "31-03-2025",
        "monthly_aaum_value": "\u20b9 1,075.05 Crs. ",
        "mutual_fund_name": "Bank of India Mutual Fund",
        "page_number": [
            15
        ],
        "scheme_launch_date": "July 20, 2016 "
    },
    "Bank of India Multi Asset Allocation Fund": {
        "amc_name": "Bank of India Investment Managers Private Limited",
        "benchmark_index": "37.50% of Nifty 500 TRI + 50% of Nifty Composite Debt Index + 12.50% of Domestic Prices of Gold ",
        "fund_manager": [
            {
                "managing_fund_since": "",
                "name": "Mithraem Bharucha",
                "qualification": "",
                "total_exp": "15 Years"
            },
            {
                "managing_fund_since": "",
                "name": "Nilesh Jethani",
                "qualification": "",
                "total_exp": "9 Years"
            }
        ],
        "load": {
            "entry_load": "NIL",
            "exit_load": "For redemptionswitch out upto 10 of the initial units allotted -within 1 year from the date of allotment NIL   Any redemptionswitch out - in excess of the above mentioned limit would be subject to an exit load of 1, if the units are redeemed switched out within 1 year from the date of allotment of units.   If the units are redeemedswitched out after 1 year from the date of allotment of units  Nil"
        },
        "main_scheme_name": "Bank of India Multi Asset Allocation Fund",
        "metrics": {
            "alpha": null,
            "arithmetic_mean_ratio": null,
            "average_div_yld": null,
            "average_pb": null,
            "average_pe": null,
            "avg_maturity": "4.36 Years",
            "beta": null,
            "correlation_ratio": null,
            "downside_deviation": null,
            "information_ratio": null,
            "macaulay": "3.55 Years",
            "mod_duration": "3.32 Years",
            "port_turnover_ratio": null,
            "r_squared_ratio": null,
            "roe_ratio": null,
            "sharpe": null,
            "sortino_ratio": null,
            "std_dev": null,
            "tracking_error": null,
            "treynor_ratio": null,
            "upside_deviation": null,
            "ytm": "7.44"
        },
        "min_addl_amt": "\u20b9 1,000",
        "min_addl_amt_multiple": "\u20b9 1",
        "min_amt": "\u20b9 5,000",
        "min_amt_multiple": "\u20b9 1",
        "monthly_aaum_date": "31-03-2025",
        "monthly_aaum_value": "\u20b9 339.68 Crs. ",
        "mutual_fund_name": "Bank of India Mutual Fund",
        "page_number": [
            16
        ],
        "scheme_launch_date": "February 28, 2024 "
    },
    "Bank of India Balanced Advantage Fund": {
        "amc_name": "Bank of India Investment Managers Private Limited",
        "benchmark_index": "Nifty 50 Hybrid Composite Debt 50: 50 Index Total Return Index (TRI) ",
        "fund_manager": [
            {
                "managing_fund_since": "",
                "name": "Alok Singh",
                "qualification": "",
                "total_exp": "20 Years"
            }
        ],
        "load": {
            "entry_load": "NIL",
            "exit_load": "For redemptionswitch out of initial units allotted within 3 months from the date of allotment 1 Exit Load   Any redemptionswitch out from the date of allotment of units after 3 months NIL"
        },
        "main_scheme_name": "Bank of India Balanced Advantage Fund",
        "metrics": {
            "alpha": null,
            "arithmetic_mean_ratio": null,
            "average_div_yld": null,
            "average_pb": null,
            "average_pe": null,
            "avg_maturity": "3.55 Years",
            "beta": null,
            "correlation_ratio": null,
            "downside_deviation": null,
            "information_ratio": null,
            "macaulay": "2.96 Years",
            "mod_duration": "2.80 Years",
            "port_turnover_ratio": null,
            "r_squared_ratio": null,
            "roe_ratio": null,
            "sharpe": null,
            "sortino_ratio": null,
            "std_dev": null,
            "tracking_error": null,
            "treynor_ratio": null,
            "upside_deviation": null,
            "ytm": "7.29"
        },
        "min_addl_amt": "\u20b9 1,000",
        "min_addl_amt_multiple": "\u20b9 1",
        "min_amt": "\u20b9 5,000",
        "min_amt_multiple": "\u20b9 1",
        "monthly_aaum_date": "31-03-2025",
        "monthly_aaum_value": "\u20b9 131.44 Crs. ",
        "mutual_fund_name": "Bank of India Mutual Fund",
        "page_number": [
            17
        ],
        "scheme_launch_date": "March 14, 2014 "
    },
    "Bank of India Conservative Hybrid Fund": {
        "amc_name": "Bank of India Investment Managers Private Limited",
        "benchmark_index": "CRISIL Hybrid 85 + 15 - Conservative Index ",
        "fund_manager": [
            {
                "managing_fund_since": "",
                "name": "Alok Singh",
                "qualification": "",
                "total_exp": "20 Years"
            }
        ],
        "load": {
            "entry_load": "NIL",
            "exit_load": "For redemptionswitch out -of up to 10 of the initial units allotted - within 1 year from the date of allotment NIL.  Any redemptionswitch out-in excess of the above mentioned limit would be subject to an exit load of 1, if the units are switched out within 1 year from the date of allotment of units.  If the units are redeemedswitched out after 1 year from the date of allotment of units  NIL."
        },
        "main_scheme_name": "Bank of India Conservative Hybrid Fund",
        "metrics": {
            "alpha": null,
            "arithmetic_mean_ratio": null,
            "average_div_yld": null,
            "average_pb": null,
            "average_pe": null,
            "avg_maturity": "4.45 Years",
            "beta": null,
            "correlation_ratio": null,
            "downside_deviation": null,
            "information_ratio": null,
            "macaulay": "3.54 Years",
            "mod_duration": "3.38 Years",
            "port_turnover_ratio": null,
            "r_squared_ratio": null,
            "roe_ratio": null,
            "sharpe": null,
            "sortino_ratio": null,
            "std_dev": null,
            "tracking_error": null,
            "treynor_ratio": null,
            "upside_deviation": null,
            "ytm": "7.18"
        },
        "min_addl_amt": "\u20b9 1,000",
        "min_addl_amt_multiple": "\u20b9 1",
        "min_amt": "\u20b9 10,000",
        "min_amt_multiple": "\u20b9 1",
        "monthly_aaum_date": "31-03-2025",
        "monthly_aaum_value": "\u20b9 65.33 Crs. ",
        "mutual_fund_name": "Bank of India Mutual Fund",
        "page_number": [
            18
        ],
        "scheme_launch_date": "March 18, 2009 "
    },
    "Bank of India Arbitrage Fund": {
        "amc_name": "Bank of India Investment Managers Private Limited",
        "benchmark_index": "NIFTY 50 Arbitrage Index ",
        "fund_manager": [
            {
                "managing_fund_since": "",
                "name": "Firdaus Ragina",
                "qualification": "",
                "total_exp": "20 Years"
            }
        ],
        "load": {
            "entry_load": "NIL",
            "exit_load": "For Redemptionswitch out - of up to 10 of the initial units allotted - within 30 days from the date of allotment - NIL  Any RedemptionSwitch out - in excess of the above mentioned limit would be subject to an exit load of 0.50, if the units are switched out within 30 days from the date of allotment of units  If the units are redeemedswitched out after 30 days from the date of allotment of units - NIL"
        },
        "main_scheme_name": "Bank of India Arbitrage Fund",
        "metrics": {
            "alpha": null,
            "arithmetic_mean_ratio": null,
            "average_div_yld": null,
            "average_pb": null,
            "average_pe": null,
            "avg_maturity": "0.24 Years",
            "beta": null,
            "correlation_ratio": null,
            "downside_deviation": null,
            "information_ratio": null,
            "macaulay": "0.24 Years",
            "mod_duration": "0.24 Years",
            "port_turnover_ratio": null,
            "r_squared_ratio": null,
            "roe_ratio": null,
            "sharpe": null,
            "sortino_ratio": null,
            "std_dev": null,
            "tracking_error": null,
            "treynor_ratio": null,
            "upside_deviation": null,
            "ytm": "6.97"
        },
        "min_addl_amt": "\u20b9 1,000",
        "min_addl_amt_multiple": "\u20b9 1",
        "min_amt": "\u20b9 5,000",
        "min_amt_multiple": "\u20b9 1",
        "monthly_aaum_date": "31-03-2025",
        "monthly_aaum_value": "\u20b9 42.21 Crs. ",
        "mutual_fund_name": "Bank of India Mutual Fund",
        "page_number": [
            19
        ],
        "scheme_launch_date": "June 18, 2018 "
    },
    "Bank of India Liquid Fund": {
        "amc_name": "Bank of India Investment Managers Private Limited",
        "benchmark_index": "Tier 1: CRISIL Liquid Debt A-I Index ",
        "fund_manager": [
            {
                "managing_fund_since": "",
                "name": "Mithraem Bharucha",
                "qualification": "",
                "total_exp": "15 Years"
            }
        ],
        "load": {
            "entry_load": "",
            "exit_load": ""
        },
        "main_scheme_name": "Bank of India Liquid Fund",
        "metrics": {
            "alpha": null,
            "arithmetic_mean_ratio": null,
            "average_div_yld": null,
            "average_pb": null,
            "average_pe": null,
            "avg_maturity": "0.13 Years",
            "beta": null,
            "correlation_ratio": null,
            "downside_deviation": null,
            "information_ratio": null,
            "macaulay": "0.13 Years",
            "mod_duration": "0.13 Years",
            "port_turnover_ratio": null,
            "r_squared_ratio": null,
            "roe_ratio": null,
            "sharpe": null,
            "sortino_ratio": null,
            "std_dev": null,
            "tracking_error": null,
            "treynor_ratio": null,
            "upside_deviation": null,
            "ytm": "7.22"
        },
        "min_addl_amt": "\u20b9 1,000",
        "min_addl_amt_multiple": "\u20b9 1",
        "min_amt": "\u20b9 5,000",
        "min_amt_multiple": "\u20b9 1",
        "monthly_aaum_date": "31-03-2025",
        "monthly_aaum_value": "\u20b9 1,612.53 Crs. ",
        "mutual_fund_name": "Bank of India Mutual Fund",
        "page_number": [
            20
        ],
        "scheme_launch_date": "July 16, 2008 "
    },
    "Bank of India Ultra Short Duration Fund": {
        "amc_name": "Bank of India Investment Managers Private Limited",
        "benchmark_index": "Tier 1: CRISIL Ultra Short Duration Debt A-I Index ",
        "fund_manager": [
            {
                "managing_fund_since": "",
                "name": "Mithraem Bharucha",
                "qualification": "",
                "total_exp": "15 Years"
            }
        ],
        "load": {
            "entry_load": "NIL",
            "exit_load": "NIL"
        },
        "main_scheme_name": "Bank of India Ultra Short Duration Fund",
        "metrics": {
            "alpha": null,
            "arithmetic_mean_ratio": null,
            "average_div_yld": null,
            "average_pb": null,
            "average_pe": null,
            "avg_maturity": "0.45 Years",
            "beta": null,
            "correlation_ratio": null,
            "downside_deviation": null,
            "information_ratio": null,
            "macaulay": "0.45 Years",
            "mod_duration": "0.45 Years",
            "port_turnover_ratio": null,
            "r_squared_ratio": null,
            "roe_ratio": null,
            "sharpe": null,
            "sortino_ratio": null,
            "std_dev": null,
            "tracking_error": null,
            "treynor_ratio": null,
            "upside_deviation": null,
            "ytm": "7.53"
        },
        "min_addl_amt": "\u20b9 1,000",
        "min_addl_amt_multiple": "\u20b9 1",
        "min_amt": "\u20b9 5,000",
        "min_amt_multiple": "\u20b9 1",
        "monthly_aaum_date": "31-03-2025",
        "monthly_aaum_value": "\u20b9 172.51 Crs. ",
        "mutual_fund_name": "Bank of India Mutual Fund",
        "page_number": [
            21
        ],
        "scheme_launch_date": "July 16, 2008 "
    },
    "Bank of India Credit Risk Fund": {
        "amc_name": "Bank of India Investment Managers Private Limited",
        "benchmark_index": "Tier 1: CRISIL Credit Risk Debt B-II Index ",
        "fund_manager": [
            {
                "managing_fund_since": "",
                "name": "Alok Singh",
                "qualification": "",
                "total_exp": "20 Years"
            }
        ],
        "load": {
            "entry_load": "NIL",
            "exit_load": "4 if redeemed within 12 months from the date of allotment   3 if redeemed after 12 months but within 24 months from the date of allotment   2 if redeemed after 24 months but within 36 months from the date of allotment   Nil if redeemed after 36 months from the date of allotment"
        },
        "main_scheme_name": "Bank of India Credit Risk Fund",
        "metrics": {
            "alpha": null,
            "arithmetic_mean_ratio": null,
            "average_div_yld": null,
            "average_pb": null,
            "average_pe": null,
            "avg_maturity": "0.64 Years",
            "beta": null,
            "correlation_ratio": null,
            "downside_deviation": null,
            "information_ratio": null,
            "macaulay": "0.60 Years",
            "mod_duration": "0.53 Years",
            "port_turnover_ratio": null,
            "r_squared_ratio": null,
            "roe_ratio": null,
            "sharpe": null,
            "sortino_ratio": null,
            "std_dev": null,
            "tracking_error": null,
            "treynor_ratio": null,
            "upside_deviation": null,
            "ytm": "7.09"
        },
        "min_addl_amt": "\u20b9 1,000",
        "min_addl_amt_multiple": "\u20b9 1",
        "min_amt": "\u20b9 5,000",
        "min_amt_multiple": "\u20b9 1",
        "monthly_aaum_date": "31-03-2025",
        "monthly_aaum_value": "\u20b9 114.06 Crs. ",
        "mutual_fund_name": "Bank of India Mutual Fund",
        "page_number": [
            22
        ],
        "scheme_launch_date": "February 27, 2015 "
    },
    "Bank of India Overnight Fund": {
        "amc_name": "Bank of India Investment Managers Private Limited",
        "benchmark_index": "Tier 1: CRISIL Liquid Overnight Index ",
        "fund_manager": [
            {
                "managing_fund_since": "",
                "name": "Mithraem Bharucha",
                "qualification": "",
                "total_exp": "15 Years"
            }
        ],
        "load": {
            "entry_load": "NIL N",
            "exit_load": "NIL D"
        },
        "main_scheme_name": "Bank of India Overnight Fund",
        "metrics": {
            "alpha": null,
            "arithmetic_mean_ratio": null,
            "average_div_yld": null,
            "average_pb": null,
            "average_pe": null,
            "avg_maturity": "1",
            "beta": null,
            "correlation_ratio": null,
            "downside_deviation": null,
            "information_ratio": null,
            "macaulay": "1",
            "mod_duration": "1",
            "port_turnover_ratio": null,
            "r_squared_ratio": null,
            "roe_ratio": null,
            "sharpe": null,
            "sortino_ratio": null,
            "std_dev": null,
            "tracking_error": null,
            "treynor_ratio": null,
            "upside_deviation": null,
            "ytm": "6.72"
        },
        "min_addl_amt": "\u20b9 1,000",
        "min_addl_amt_multiple": "\u20b9 1",
        "min_amt": "\u20b9 5,000",
        "min_amt_multiple": "\u20b9 1",
        "monthly_aaum_date": "31-03-2025",
        "monthly_aaum_value": "\u20b9 93.34 Crs. ",
        "mutual_fund_name": "Bank of India Mutual Fund",
        "page_number": [
            23
        ],
        "scheme_launch_date": "January 28, 2020 "
    },
    "Bank of India Short Term Income Fund": {
        "amc_name": "Bank of India Investment Managers Private Limited",
        "benchmark_index": "Tier 1: CRISIL Short Duration Debt A-II Index ",
        "fund_manager": [
            {
                "managing_fund_since": "",
                "name": "Mithraem Bharucha",
                "qualification": "",
                "total_exp": "15 Years"
            }
        ],
        "load": {
            "entry_load": "NIL",
            "exit_load": "NIL"
        },
        "main_scheme_name": "Bank of India Short Term Income Fund",
        "metrics": {
            "alpha": null,
            "arithmetic_mean_ratio": null,
            "average_div_yld": null,
            "average_pb": null,
            "average_pe": null,
            "avg_maturity": "3.39 Years",
            "beta": null,
            "correlation_ratio": null,
            "downside_deviation": null,
            "information_ratio": null,
            "macaulay": "2.66 Years",
            "mod_duration": "2.56 Years",
            "port_turnover_ratio": null,
            "r_squared_ratio": null,
            "roe_ratio": null,
            "sharpe": null,
            "sortino_ratio": null,
            "std_dev": null,
            "tracking_error": null,
            "treynor_ratio": null,
            "upside_deviation": null,
            "ytm": "7.06"
        },
        "min_addl_amt": "\u20b9 1,000",
        "min_addl_amt_multiple": "\u20b9 1",
        "min_amt": "\u20b9 5,000",
        "min_amt_multiple": "\u20b9 1",
        "monthly_aaum_date": "31-03-2025",
        "monthly_aaum_value": "\u20b9 100.45 Crs. ",
        "mutual_fund_name": "Bank of India Mutual Fund",
        "page_number": [
            24
        ],
        "scheme_launch_date": "December 18, 2008 "
    }
}