{
 "metadata": {
  "document_name": "16_28-Feb-25_FS.pdf",
  "file_type": "fs",
  "process_date": "20250311"
 },
 "records": [
  {
   "value": {
    "amc_name": "Bandhan Asset Management Company Limited",
    "benchmark_index": [
     "Returns. ## ",
     "Additional Benchmark Returns. Current Index performance adjusted for the  to   period from since inception to April 18, 2017 with the performance of Nifty 50 TRI (Benchmark)"
    ],
    "field_location": [
     {
      "amc_name": "16",
      "benchmark_index": "16",
      "count": 65,
      "main_scheme_name": "16",
      "metrics_beta": "16",
      "metrics_information_ratio": "16",
      "metrics_mod_duration": "16",
      "metrics_r_squared_ratio": "16",
      "metrics_sharpe": "16",
      "metrics_std_dev": "16",
      "monthly_aaum_date": "16",
      "mutual_fund_name": "16",
      "scheme_launch_date": "16"
     }
    ],
    "main_scheme_name": "Bandhan /arge CaS )und ClicN here to .noZ Pore ClicN here or 6can Ior insights IroP the )und Manager\u0011 Large Cap Fund - ",
    "metrics": [
     {
      "name": "sharpe",
      "value": "0.32"
     },
     {
      "name": "std_dev",
      "value": "14.14%"
     },
     {
      "name": "beta",
      "value": "0.99"
     },
     {
      "name": "r_squared_ratio",
      "value": "0.93"
     },
     {
      "name": "information_ratio",
      "value": "0.01"
     },
     {
      "name": "mod_duration",
      "value": "50"
     }
    ],
    "monthly_aaum_date": "20250228",
    "mutual_fund_name": "Bandhan Mutual Fund",
    "scheme_launch_date": "FEBRUARY 28"
   }
  },
  {
   "value": {
    "amc_name": "Bandhan Asset Management Company Limited",
    "benchmark_index": [
     "Returns. ## ",
     "Additional Benchmark Returns. @ Income Distribution and Capital Withdrawal."
    ],
    "field_location": [
     {
      "amc_name": "17",
      "benchmark_index": "17",
      "count": 65,
      "main_scheme_name": "17",
      "metrics_beta": "17",
      "metrics_information_ratio": "17",
      "metrics_r_squared_ratio": "17",
      "metrics_sharpe": "17",
      "metrics_std_dev": "17",
      "monthly_aaum_date": "17",
      "mutual_fund_name": "17",
      "scheme_launch_date": "17"
     }
    ],
    "main_scheme_name": "Bandhan 6Pall CaS )und ClicN here to .noZ Pore (formerly Bandhan Emerging Businesses Fund) Small Cap Fund – An open ended equity scheme predominantly investing in small cap stocks 28th February 2025",
    "metrics": [
     {
      "name": "sharpe",
      "value": "0.93"
     },
     {
      "name": "std_dev",
      "value": "18.28%"
     },
     {
      "name": "beta",
      "value": "0.89"
     },
     {
      "name": "r_squared_ratio",
      "value": "0.93"
     },
     {
      "name": "information_ratio",
      "value": "1.24"
     }
    ],
    "monthly_aaum_date": "20250228",
    "mutual_fund_name": "Bandhan Mutual Fund",
    "scheme_launch_date": "FEBRUARY 28"
   }
  },
  {
   "value": {
    "amc_name": "Bandhan Asset Management Company Limited",
    "benchmark_index": [
     ". Categor\\ Large & Mid Cap"
    ],
    "field_location": [
     {
      "amc_name": "18",
      "benchmark_index": "18",
      "count": 65,
      "main_scheme_name": "18",
      "metrics_alpha": "18",
      "metrics_beta": "18",
      "metrics_information_ratio": "18",
      "metrics_r_squared_ratio": "18",
      "metrics_sharpe": "18",
      "metrics_std_dev": "18",
      "monthly_aaum_date": "18",
      "mutual_fund_name": "18",
      "scheme_launch_date": "18"
     }
    ],
    "main_scheme_name": "Bandhan Core (Tuit\\ )und ClicN here to .noZ Pore ClicN here or 6can Ior insights IroP the )und Manager\u0011 Large & Mid Cap Fund - An open ended equity scheme investing in both large cap and mid cap stocks 28th February 2025",
    "metrics": [
     {
      "name": "sharpe",
      "value": "0.94"
     },
     {
      "name": "std_dev",
      "value": "14.64%"
     },
     {
      "name": "beta",
      "value": "0.95"
     },
     {
      "name": "alpha",
      "value": "97"
     },
     {
      "name": "r_squared_ratio",
      "value": "0.94"
     },
     {
      "name": "information_ratio",
      "value": "1.36"
     }
    ],
    "monthly_aaum_date": "20250228",
    "mutual_fund_name": "Bandhan Mutual Fund",
    "scheme_launch_date": "20200508"
   }
  },
  {
   "value": {
    "amc_name": "Bandhan Asset Management Company Limited",
    "benchmark_index": [
     "Returns. ## ",
     "Additional Benchmark Returns, Current Index performance Riskometer adjusted for the period from since inception to June 28, 2007 with the performance of"
    ],
    "field_location": [
     {
      "amc_name": "19",
      "benchmark_index": "19",
      "count": 65,
      "main_scheme_name": "19",
      "metrics_beta": "19",
      "metrics_information_ratio": "19",
      "metrics_r_squared_ratio": "19",
      "metrics_sharpe": "19",
      "metrics_std_dev": "19",
      "monthly_aaum_date": "19",
      "mutual_fund_name": "19",
      "scheme_launch_date": "19"
     }
    ],
    "main_scheme_name": "Bandhan )le[i CaS )und ClicN here to .noZ Pore ClicN here or 6can Ior insights IroP the )und Manager\u0011 ",
    "metrics": [
     {
      "name": "sharpe",
      "value": "0.35"
     },
     {
      "name": "std_dev",
      "value": "13.49%"
     },
     {
      "name": "beta",
      "value": "0.89"
     },
     {
      "name": "r_squared_ratio",
      "value": "0.92"
     },
     {
      "name": "information_ratio",
      "value": "0.37"
     }
    ],
    "monthly_aaum_date": "20250228",
    "mutual_fund_name": "Bandhan Mutual Fund",
    "scheme_launch_date": "20200508"
   }
  },
  {
   "value": {
    "amc_name": "Bandhan Asset Management Company Limited",
    "benchmark_index": [
     "Returns. ## ",
     "Additional Benchmark Returns. @ Income Distribution and Capital Withdrawal. $$ Cash equivalents and other than equity instruments (if any)."
    ],
    "field_location": [
     {
      "amc_name": "20",
      "benchmark_index": "20",
      "count": 65,
      "main_scheme_name": "20",
      "monthly_aaum_date": "20",
      "mutual_fund_name": "20",
      "scheme_launch_date": "20"
     }
    ],
    "main_scheme_name": "Bandhan Multi CaS )und ClicN here to .noZ Pore Multi Cap Fund - ",
    "monthly_aaum_date": "20250228",
    "mutual_fund_name": "Bandhan Mutual Fund",
    "scheme_launch_date": "FEBRUARY 28"
   }
  },
  {
   "value": {
    "amc_name": "Bandhan Asset Management Company Limited",
    "benchmark_index": [
     "Returns. ## ",
     "Additional Benchmark Returns. @ Income Distribution and Capital Riskometer Withdrawal. $$ Cash equivalents and other than equity instruments (if any)."
    ],
    "field_location": [
     {
      "amc_name": "21",
      "benchmark_index": "21",
      "count": 65,
      "main_scheme_name": "21",
      "metrics_beta": "21",
      "metrics_mod_duration": "21",
      "metrics_r_squared_ratio": "21",
      "metrics_sharpe": "21",
      "metrics_std_dev": "21",
      "metrics_tracking_error": "21",
      "monthly_aaum_date": "21",
      "mutual_fund_name": "21",
      "scheme_launch_date": "21"
     }
    ],
    "main_scheme_name": "Bandhan MidcaS )und ClicN here to .noZ Pore ClicN here or 6can Ior insights IroP the )und Manager\u0011 Mid Cap Fund - ",
    "metrics": [
     {
      "name": "tracking_error",
      "value": "5.0"
     },
     {
      "name": "sharpe",
      "value": "0.9"
     },
     {
      "name": "std_dev",
      "value": "0.9%"
     },
     {
      "name": "beta",
      "value": "0.9"
     },
     {
      "name": "r_squared_ratio",
      "value": "0.9"
     },
     {
      "name": "mod_duration",
      "value": "3 years"
     }
    ],
    "monthly_aaum_date": "20250228",
    "mutual_fund_name": "Bandhan Mutual Fund",
    "scheme_launch_date": "FEBRUARY 28"
   }
  },
  {
   "value": {
    "amc_name": "Bandhan Asset Management Company Limited",
    "benchmark_index": [
     "is very high. # Benchmark Returns. ## ",
     "Additional Benchmark Returns. $ Income Distribution and Capital Withdrawal."
    ],
    "field_location": [
     {
      "amc_name": "22",
      "benchmark_index": "22",
      "count": 65,
      "main_scheme_name": "22",
      "metrics_avg_maturity": "22",
      "metrics_beta": "22",
      "metrics_information_ratio": "22",
      "metrics_macaulay": "22",
      "metrics_mod_duration": "22",
      "metrics_net_equity_level": "22",
      "metrics_port_turnover_ratio": "22",
      "metrics_r_squared_ratio": "22",
      "metrics_sharpe": "22",
      "metrics_std_dev": "22",
      "metrics_ytm": "22",
      "monthly_aaum_date": "22",
      "mutual_fund_name": "22",
      "scheme_launch_date": "22"
     }
    ],
    "main_scheme_name": "Bandhan ",
    "metrics": [
     {
      "name": "sharpe",
      "value": "0.48"
     },
     {
      "name": "std_dev",
      "value": "13.36%"
     },
     {
      "name": "beta",
      "value": "0.90"
     },
     {
      "name": "r_squared_ratio",
      "value": "0.95"
     },
     {
      "name": "information_ratio",
      "value": "0.05"
     },
     {
      "name": "mod_duration",
      "value": "3 years"
     },
     {
      "name": "ytm",
      "value": "7.18%"
     },
     {
      "name": "avg_maturity",
      "value": "2.37 Years"
     },
     {
      "name": "macaulay",
      "value": "1.95 Years"
     },
     {
      "name": "net_equity_level",
      "value": "20"
     },
     {
      "name": "port_turnover_ratio",
      "value": "30,"
     }
    ],
    "monthly_aaum_date": "20250228",
    "mutual_fund_name": "Bandhan Mutual Fund",
    "scheme_launch_date": "FEBRUARY 28"
   }
  },
  {
   "value": {
    "amc_name": "Bandhan Asset Management Company Limited",
    "benchmark_index": [
     "Returns. ## ",
     "Additional Benchmark Returns."
    ],
    "field_location": [
     {
      "amc_name": "23",
      "benchmark_index": "23",
      "count": 65,
      "main_scheme_name": "23",
      "metrics_beta": "23",
      "metrics_information_ratio": "23",
      "metrics_mod_duration": "23",
      "metrics_r_squared_ratio": "23",
      "metrics_sharpe": "23",
      "metrics_std_dev": "23",
      "monthly_aaum_date": "23",
      "mutual_fund_name": "23",
      "scheme_launch_date": "23"
     }
    ],
    "main_scheme_name": "Bandhan )ocused ",
    "metrics": [
     {
      "name": "sharpe",
      "value": "0.44"
     },
     {
      "name": "std_dev",
      "value": "15.29%"
     },
     {
      "name": "beta",
      "value": "0.93"
     },
     {
      "name": "r_squared_ratio",
      "value": "0.78"
     },
     {
      "name": "information_ratio",
      "value": "0.07"
     },
     {
      "name": "mod_duration",
      "value": "3 years"
     }
    ],
    "monthly_aaum_date": "20250228",
    "mutual_fund_name": "Bandhan Mutual Fund",
    "scheme_launch_date": "20200508"
   }
  },
  {
   "value": {
    "amc_name": "Bandhan Asset Management Company Limited",
    "benchmark_index": [
     "is very high. Tier 1: BSE 500 TRI"
    ],
    "field_location": [
     {
      "amc_name": "24",
      "benchmark_index": "24",
      "count": 65,
      "main_scheme_name": "24",
      "metrics_beta": "24",
      "metrics_information_ratio": "24",
      "metrics_r_squared_ratio": "24",
      "metrics_sharpe": "24",
      "metrics_std_dev": "24",
      "monthly_aaum_date": "24",
      "mutual_fund_name": "24",
      "scheme_launch_date": "24"
     }
    ],
    "main_scheme_name": "Bandhan 6terling 9alue )und ClicN here to .noZ Pore ClicN here or 6can Ior insights IroP the )und Manager\u0011 ",
    "metrics": [
     {
      "name": "sharpe",
      "value": "0.67"
     },
     {
      "name": "std_dev",
      "value": "13.72%"
     },
     {
      "name": "beta",
      "value": "0.91"
     },
     {
      "name": "r_squared_ratio",
      "value": "0.93"
     },
     {
      "name": "information_ratio",
      "value": "0.75"
     }
    ],
    "monthly_aaum_date": "20250228",
    "mutual_fund_name": "Bandhan Mutual Fund",
    "scheme_launch_date": "20200508"
   }
  },
  {
   "value": {
    "amc_name": "Bandhan Asset Management Company Limited",
    "benchmark_index": [
     "is very high. # Benchmark Returns. ## ",
     "Additional Benchmark Returns. £ The Scheme was being managed"
    ],
    "field_location": [
     {
      "amc_name": "25",
      "benchmark_index": "25",
      "count": 65,
      "main_scheme_name": "25",
      "metrics_beta": "25",
      "metrics_information_ratio": "25",
      "metrics_r_squared_ratio": "25",
      "metrics_sharpe": "25",
      "metrics_std_dev": "25",
      "monthly_aaum_date": "25",
      "mutual_fund_name": "25",
      "scheme_launch_date": "25"
     }
    ],
    "main_scheme_name": "Bandhan ,nIrastructure )und ClicN here to .noZ Pore ",
    "metrics": [
     {
      "name": "sharpe",
      "value": "0.78"
     },
     {
      "name": "std_dev",
      "value": "19.70%"
     },
     {
      "name": "beta",
      "value": "0.68"
     },
     {
      "name": "r_squared_ratio",
      "value": "0.74"
     },
     {
      "name": "information_ratio",
      "value": "0.30"
     }
    ],
    "monthly_aaum_date": "20250228",
    "mutual_fund_name": "Bandhan Mutual Fund",
    "scheme_launch_date": "FEBRUARY 28"
   }
  },
  {
   "value": {
    "amc_name": "Bandhan Asset Management Company Limited",
    "benchmark_index": [
     "is very high. *Inception Date of Regular Plan - Growth October 27, 2022. # Benchmark Returns. ## ",
     "Additional Benchmark Returns. Nifty Transportation and"
    ],
    "field_location": [
     {
      "amc_name": "26",
      "benchmark_index": "26",
      "count": 65,
      "main_scheme_name": "26",
      "metrics_beta": "26",
      "metrics_port_turnover_ratio": "26",
      "metrics_r_squared_ratio": "26",
      "metrics_sharpe": "26",
      "metrics_std_dev": "26",
      "metrics_tracking_error": "26",
      "monthly_aaum_date": "26",
      "mutual_fund_name": "26",
      "scheme_launch_date": "26"
     }
    ],
    "main_scheme_name": "Bandhan 7ransSortation and /ogistics )und ClicN here to .noZ Pore Sector Fund - ",
    "metrics": [
     {
      "name": "sharpe",
      "value": "6"
     },
     {
      "name": "std_dev",
      "value": "6"
     },
     {
      "name": "beta",
      "value": "6"
     },
     {
      "name": "r_squared_ratio",
      "value": "6"
     },
     {
      "name": "tracking_error",
      "value": "76.7"
     },
     {
      "name": "port_turnover_ratio",
      "value": "92"
     }
    ],
    "monthly_aaum_date": "20250228",
    "mutual_fund_name": "Bandhan Mutual Fund",
    "scheme_launch_date": "FEBRUARY 28"
   }
  },
  {
   "value": {
    "amc_name": "Bandhan Asset Management Company Limited",
    "benchmark_index": [
     "Returns. ## Additional Low Very Benchmark Returns."
    ],
    "field_location": [
     {
      "amc_name": "27",
      "benchmark_index": "27",
      "count": 65,
      "main_scheme_name": "27",
      "metrics_beta": "27",
      "metrics_mod_duration": "27",
      "metrics_r_squared_ratio": "27",
      "metrics_sharpe": "27",
      "metrics_std_dev": "27",
      "metrics_tracking_error": "27",
      "monthly_aaum_date": "27",
      "mutual_fund_name": "27",
      "scheme_launch_date": "27"
     }
    ],
    "main_scheme_name": "Bandhan )inancial 6erYices )und ClicN here or 6can Ior insights IroP the )und Manager\u0011 Sector Fund - ",
    "metrics": [
     {
      "name": "sharpe",
      "value": "28.1"
     },
     {
      "name": "std_dev",
      "value": "28.1%"
     },
     {
      "name": "beta",
      "value": "28.1"
     },
     {
      "name": "r_squared_ratio",
      "value": "28.1"
     },
     {
      "name": "tracking_error",
      "value": "28.1"
     },
     {
      "name": "mod_duration",
      "value": "92"
     }
    ],
    "monthly_aaum_date": "20250228",
    "mutual_fund_name": "Bandhan Mutual Fund",
    "scheme_launch_date": "FEBRUARY 28"
   }
  },
  {
   "value": {
    "amc_name": "Bandhan Asset Management Company Limited",
    "benchmark_index": [
     "is very high. @ Income Distribution and Capital Withdrawal. $$ Cash equivalents and other than equity"
    ],
    "field_location": [
     {
      "amc_name": "28",
      "benchmark_index": "28",
      "count": 65,
      "main_scheme_name": "28",
      "metrics_beta": "28",
      "metrics_mod_duration": "28",
      "metrics_r_squared_ratio": "28",
      "metrics_sharpe": "28",
      "metrics_std_dev": "28",
      "metrics_tracking_error": "28",
      "monthly_aaum_date": "28",
      "mutual_fund_name": "28",
      "scheme_launch_date": "28"
     }
    ],
    "main_scheme_name": "Bandhan ,nnoYation )und ClicN here to .noZ Pore ",
    "metrics": [
     {
      "name": "sharpe",
      "value": "3.6"
     },
     {
      "name": "std_dev",
      "value": "3.6%"
     },
     {
      "name": "beta",
      "value": "3.6"
     },
     {
      "name": "r_squared_ratio",
      "value": "3.6"
     },
     {
      "name": "tracking_error",
      "value": "3.6"
     },
     {
      "name": "mod_duration",
      "value": "1,338"
     }
    ],
    "monthly_aaum_date": "20250228",
    "mutual_fund_name": "Bandhan Mutual Fund",
    "scheme_launch_date": "FEBRUARY 28"
   }
  },
  {
   "value": {
    "amc_name": "Bandhan Asset Management Company Limited",
    "benchmark_index": [
     "is very high."
    ],
    "field_location": [
     {
      "amc_name": "29",
      "benchmark_index": "29",
      "count": 65,
      "main_scheme_name": "29",
      "monthly_aaum_date": "29",
      "mutual_fund_name": "29",
      "scheme_launch_date": "29"
     }
    ],
    "main_scheme_name": "Bandhan Business C\\cle )und ClicN here to .noZ Pore ClicN here or 6can Ior insights IroP the )und Manager\u0011 ",
    "monthly_aaum_date": "20250228",
    "mutual_fund_name": "Bandhan Mutual Fund",
    "scheme_launch_date": "FEBRUARY 28"
   }
  },
  {
   "value": {
    "amc_name": "Bandhan Asset Management Company Limited",
    "benchmark_index": [
     "is low. # Benchmark Returns. ## ",
     "Additional Benchmark Returns. @ Income Distribution and Capital Withdrawal."
    ],
    "field_location": [
     {
      "amc_name": "31",
      "benchmark_index": "31",
      "count": 65,
      "main_scheme_name": "31",
      "metrics_mod_duration": "31",
      "monthly_aaum_date": "31",
      "mutual_fund_name": "31"
     }
    ],
    "main_scheme_name": "Bandhan ArEitrage )und § ClicN here to .noZ Pore ",
    "metrics": [
     {
      "name": "mod_duration",
      "value": "3 years"
     }
    ],
    "monthly_aaum_date": "20250228",
    "mutual_fund_name": "Bandhan Mutual Fund"
   }
  },
  {
   "value": {
    "amc_name": "Bandhan Asset Management Company Limited",
    "benchmark_index": [
     "Returns. ## ",
     "Additional Benchmark Returns. Very The fund has been repositioned from a Nifty linked fund to an open banded fund w.e.f. June"
    ],
    "field_location": [
     {
      "amc_name": "33",
      "benchmark_index": "33",
      "count": 65,
      "main_scheme_name": "33",
      "metrics_avg_maturity": "33",
      "metrics_beta": "33",
      "metrics_information_ratio": "33",
      "metrics_macaulay": "33",
      "metrics_mod_duration": "33",
      "metrics_net_equity_level": "33",
      "metrics_r_squared_ratio": "33",
      "metrics_sharpe": "33",
      "metrics_std_dev": "33",
      "metrics_ytm": "33",
      "monthly_aaum_date": "33",
      "mutual_fund_name": "33",
      "scheme_launch_date": "33"
     }
    ],
    "main_scheme_name": "Bandhan Balanced AdYantage )und ClicN here to .noZ Pore An open ended dynamic asset allocation fund 28th February 2025",
    "metrics": [
     {
      "name": "sharpe",
      "value": "0.18"
     },
     {
      "name": "std_dev",
      "value": "7.61%"
     },
     {
      "name": "beta",
      "value": "0.95"
     },
     {
      "name": "ytm",
      "value": "7.18%"
     },
     {
      "name": "r_squared_ratio",
      "value": "0.80"
     },
     {
      "name": "mod_duration",
      "value": "6.14 years"
     },
     {
      "name": "avg_maturity",
      "value": "11.98 years"
     },
     {
      "name": "macaulay",
      "value": "6.37 years"
     },
     {
      "name": "information_ratio",
      "value": "0.31"
     },
     {
      "name": "net_equity_level",
      "value": "6.09%"
     }
    ],
    "monthly_aaum_date": "20250228",
    "mutual_fund_name": "Bandhan Mutual Fund",
    "scheme_launch_date": "FEBRUARY 28"
   }
  },
  {
   "value": {
    "amc_name": "Bandhan Asset Management Company Limited",
    "benchmark_index": [
     "Returns. The risk of the benchmark is very high. ## ",
     "Additional Benchmark Returns."
    ],
    "field_location": [
     {
      "amc_name": "34",
      "benchmark_index": "34",
      "count": 65,
      "main_scheme_name": "34",
      "metrics_avg_maturity": "34",
      "metrics_macaulay": "34",
      "metrics_mod_duration": "34",
      "metrics_port_turnover_ratio": "34",
      "metrics_ytm": "34",
      "monthly_aaum_date": "34",
      "mutual_fund_name": "34",
      "scheme_launch_date": "34"
     }
    ],
    "main_scheme_name": "Bandhan Multi Asset Allocation )und ClicN here or 6can Ior insights IroP the )und Manager\u0011 ",
    "metrics": [
     {
      "name": "ytm",
      "value": "7.00%"
     },
     {
      "name": "mod_duration",
      "value": "8.29 years"
     },
     {
      "name": "avg_maturity",
      "value": "19.76 years"
     },
     {
      "name": "macaulay",
      "value": "8.59 years"
     },
     {
      "name": "port_turnover_ratio",
      "value": "31,"
     }
    ],
    "monthly_aaum_date": "20250228",
    "mutual_fund_name": "Bandhan Mutual Fund",
    "scheme_launch_date": "20240401"
   }
  },
  {
   "value": {
    "amc_name": "Bandhan Asset Management Company Limited",
    "benchmark_index": [
     "Returns. ## ",
     "Additional Benchmark Returns. Riskometer $ The fund has been repositioned from Balanced category to Aggressive Hybrid category w.e.f."
    ],
    "field_location": [
     {
      "amc_name": "35",
      "benchmark_index": "35",
      "count": 65,
      "main_scheme_name": "35",
      "metrics_avg_maturity": "35",
      "metrics_beta": "35",
      "metrics_information_ratio": "35",
      "metrics_macaulay": "35",
      "metrics_mod_duration": "35",
      "metrics_r_squared_ratio": "35",
      "metrics_sharpe": "35",
      "metrics_std_dev": "35",
      "metrics_ytm": "35",
      "monthly_aaum_date": "35",
      "mutual_fund_name": "35",
      "scheme_launch_date": "35"
     }
    ],
    "main_scheme_name": "Bandhan +\\Erid ",
    "metrics": [
     {
      "name": "sharpe",
      "value": "0.38"
     },
     {
      "name": "std_dev",
      "value": "11.37%"
     },
     {
      "name": "beta",
      "value": "1.09"
     },
     {
      "name": "ytm",
      "value": "7.44%"
     },
     {
      "name": "r_squared_ratio",
      "value": "0.85"
     },
     {
      "name": "mod_duration",
      "value": "5.60 years"
     },
     {
      "name": "avg_maturity",
      "value": "12.56 years"
     },
     {
      "name": "macaulay",
      "value": "5.82 years"
     },
     {
      "name": "information_ratio",
      "value": "0.05"
     }
    ],
    "monthly_aaum_date": "20250228",
    "mutual_fund_name": "Bandhan Mutual Fund",
    "scheme_launch_date": "FEBRUARY 28"
   }
  },
  {
   "value": {
    "amc_name": "Bandhan Asset Management Company Limited",
    "benchmark_index": [
     "is high. # Benchmark Returns. ## ",
     "Additional Benchmark Returns."
    ],
    "field_location": [
     {
      "amc_name": "36",
      "benchmark_index": "36",
      "count": 65,
      "main_scheme_name": "36",
      "metrics_avg_maturity": "36",
      "metrics_macaulay": "36",
      "metrics_mod_duration": "36",
      "metrics_ytm": "36",
      "monthly_aaum_date": "36",
      "mutual_fund_name": "36"
     }
    ],
    "main_scheme_name": "Bandhan RetirePent )und ClicN here to .noZ Pore ",
    "metrics": [
     {
      "name": "ytm",
      "value": "7.07%"
     },
     {
      "name": "mod_duration",
      "value": "9.34 years"
     },
     {
      "name": "avg_maturity",
      "value": "22.25 years"
     },
     {
      "name": "macaulay",
      "value": "9.67 years"
     }
    ],
    "monthly_aaum_date": "20250228",
    "mutual_fund_name": "Bandhan Mutual Fund"
   }
  },
  {
   "value": {
    "amc_name": "Bandhan Asset Management Company Limited",
    "benchmark_index": [
     "Returns. ## ",
     "Additional Benchmark Returns. @ Income Distribution and Capital Withdrawal"
    ],
    "field_location": [
     {
      "amc_name": "37",
      "benchmark_index": "37",
      "count": 65,
      "main_scheme_name": "37",
      "metrics_avg_maturity": "37",
      "metrics_information_ratio": "37",
      "metrics_macaulay": "37",
      "metrics_mod_duration": "37",
      "metrics_std_dev": "37",
      "metrics_ytm": "37",
      "monthly_aaum_date": "37",
      "mutual_fund_name": "37",
      "scheme_launch_date": "37"
     }
    ],
    "main_scheme_name": "Bandhan ConserYatiYe +\\Erid )und § ClicN here to .noZ Pore ",
    "metrics": [
     {
      "name": "std_dev",
      "value": "4.37%"
     },
     {
      "name": "ytm",
      "value": "7.41%"
     },
     {
      "name": "mod_duration",
      "value": "6.19 years"
     },
     {
      "name": "avg_maturity",
      "value": "12.99 years"
     },
     {
      "name": "macaulay",
      "value": "6.42 years"
     },
     {
      "name": "information_ratio",
      "value": "0.82"
     }
    ],
    "monthly_aaum_date": "20250228",
    "mutual_fund_name": "Bandhan Mutual Fund",
    "scheme_launch_date": "FEBRUARY 28"
   }
  },
  {
   "value": {
    "amc_name": "Bandhan Asset Management Company Limited",
    "benchmark_index": [
     "Returns. ## ",
     "Additional Benchmark Returns. @ Income Distribution and Capital Moderate Moderately Withdrawal"
    ],
    "field_location": [
     {
      "amc_name": "38",
      "benchmark_index": "38",
      "count": 65,
      "main_scheme_name": "38",
      "monthly_aaum_date": "38",
      "mutual_fund_name": "38",
      "scheme_launch_date": "38"
     }
    ],
    "main_scheme_name": "Bandhan 86 (Tuit\\ )und oI )und ClicN here to .noZ Pore An open ended fund of fund scheme investing in units/shares of  Scheme (/s) / Exchange Traded Fund (/s) investing in US Equity securities 28th February 2025",
    "monthly_aaum_date": "20250228",
    "mutual_fund_name": "Bandhan Mutual Fund",
    "scheme_launch_date": "FEBRUARY 28"
   }
  },
  {
   "value": {
    "amc_name": "Bandhan Asset Management Company Limited",
    "benchmark_index": [
     "Returns. ## ",
     "Additional Benchmark Returns. @ Income Distribution and Capital Low High Very Withdrawal"
    ],
    "field_location": [
     {
      "amc_name": "39",
      "benchmark_index": "39",
      "count": 65,
      "main_scheme_name": "39",
      "metrics_beta": "39",
      "metrics_mod_duration": "39",
      "monthly_aaum_date": "39",
      "mutual_fund_name": "39",
      "scheme_launch_date": "39"
     }
    ],
    "main_scheme_name": "Bandhan 86 7reasur\\ Bond \u0013\u0010\u0014 \\ear )und oI )und ClicN here to .noZ Pore An open ended fund of fund scheme investing in units / shares of overseas Index Funds and / or Exchange Traded Funds which track an index with US treasury securities in the 0-1 year maturity range as its constituents 28th February 2025",
    "metrics": [
     {
      "name": "beta",
      "value": "0"
     },
     {
      "name": "mod_duration",
      "value": "92"
     }
    ],
    "monthly_aaum_date": "20250228",
    "mutual_fund_name": "Bandhan Mutual Fund",
    "scheme_launch_date": "FEBRUARY 28"
   }
  },
  {
   "value": {
    "amc_name": "Bandhan Asset Management Company Limited",
    "benchmark_index": [
     "Returns. ## ",
     "Additional Benchmark Returns. ^The fund has been repositioned w.e.f. May 28, 2018 and since will invest only in the schemes of Bandhan Mutual Funds."
    ],
    "field_location": [
     {
      "amc_name": "41",
      "benchmark_index": "41",
      "count": 65,
      "main_scheme_name": "41",
      "metrics_mod_duration": "41",
      "monthly_aaum_date": "41",
      "mutual_fund_name": "41",
      "scheme_launch_date": "41"
     }
    ],
    "main_scheme_name": "Bandhan Asset Allocation )und oI )unds An open ended fund of fund scheme investing in schemes of  – equity funds and debt funds excluding Gold ETF 28th February 2025",
    "metrics": [
     {
      "name": "mod_duration",
      "value": "6"
     }
    ],
    "monthly_aaum_date": "20250228",
    "mutual_fund_name": "Bandhan Mutual Fund",
    "scheme_launch_date": "FEB 11"
   }
  },
  {
   "value": {
    "amc_name": "Bandhan Asset Management Company Limited",
    "benchmark_index": [
     "Returns. ## ",
     "Additional Benchmark Returns. *Inception Date of Regular Plan - Growth Sep 13, 2004."
    ],
    "field_location": [
     {
      "amc_name": "42",
      "benchmark_index": "42",
      "count": 65,
      "main_scheme_name": "42",
      "metrics_avg_maturity": "42",
      "metrics_information_ratio": "42",
      "metrics_macaulay": "42",
      "metrics_mod_duration": "42",
      "metrics_std_dev": "42",
      "metrics_ytm": "42",
      "monthly_aaum_date": "42",
      "mutual_fund_name": "42",
      "scheme_launch_date": "42"
     }
    ],
    "main_scheme_name": "Bandhan ,ncoPe Plus ArEitrage )und oI )unds $$ ClicN here to .noZ Pore (formerly Bandhan All Seasons Bond Fund) An open-ended fund of funds scheme predominantly investing in debt  schemes and Potential Risk Class arbitrage fund of Bandhan Mutual Fund. A-III 28th February 2025",
    "metrics": [
     {
      "name": "std_dev",
      "value": "0.69%"
     },
     {
      "name": "ytm",
      "value": "7.37%"
     },
     {
      "name": "mod_duration",
      "value": "2.17 years"
     },
     {
      "name": "avg_maturity",
      "value": "2.77 years"
     },
     {
      "name": "macaulay",
      "value": "2.27 years"
     },
     {
      "name": "information_ratio",
      "value": "1.13"
     }
    ],
    "monthly_aaum_date": "20250228",
    "mutual_fund_name": "Bandhan Mutual Fund",
    "scheme_launch_date": "SEP 13"
   }
  },
  {
   "value": {
    "amc_name": "Bandhan Asset Management Company Limited",
    "benchmark_index": [
     "Nifty 1D Rate Index"
    ],
    "field_location": [
     {
      "amc_name": "44",
      "benchmark_index": "44",
      "count": 65,
      "load_exit": "44",
      "main_scheme_name": "44",
      "metrics_avg_maturity": "44",
      "metrics_information_ratio": "44",
      "metrics_macaulay": "44",
      "metrics_mod_duration": "44",
      "metrics_std_dev": "44",
      "min_amt": "44",
      "monthly_aaum_date": "44",
      "monthly_aaum_value": "44",
      "mutual_fund_name": "44",
      "scheme_launch_date": "44"
     }
    ],
    "load": [
     {
      "comment": "Nil.",
      "type": "exit"
     }
    ],
    "main_scheme_name": "Bandhan Overnight Fund",
    "metrics": [
     {
      "name": "std_dev",
      "value": "0.12%"
     },
     {
      "name": "mod_duration",
      "value": "4 Days"
     },
     {
      "name": "avg_maturity",
      "value": "4 Days"
     },
     {
      "name": "macaulay",
      "value": "4 Days"
     },
     {
      "name": "information_ratio",
      "value": "15.58"
     }
    ],
    "min_amt": "1,000",
    "monthly_aaum_date": "20250228",
    "monthly_aaum_value": "845.02 Crores",
    "mutual_fund_name": "Bandhan Mutual Fund",
    "scheme_launch_date": "20190118"
   }
  },
  {
   "value": {
    "amc_name": "Bandhan Asset Management Company Limited",
    "benchmark_index": [
     "NIFT< Liquid Index A-I (w.e.f. 1st April 2022)"
    ],
    "field_location": [
     {
      "amc_name": "45",
      "benchmark_index": "45",
      "count": 65,
      "fund_manager_name": "45",
      "load_exit": "45",
      "main_scheme_name": "45",
      "metrics_avg_maturity": "45",
      "metrics_information_ratio": "45",
      "metrics_macaulay": "45",
      "metrics_mod_duration": "45",
      "metrics_std_dev": "45",
      "min_amt": "45",
      "monthly_aaum_date": "45",
      "monthly_aaum_value": "45",
      "mutual_fund_name": "45",
      "scheme_launch_date": "45"
     }
    ],
    "fund_manager": [
     {
      "managing_fund_since": "",
      "name": "Mr. Harshal Joshi",
      "qualification": "",
      "total_exp": ""
     }
    ],
    "load": [
     {
      "comment": "Investor exit upon Exit load as a % of subscription redemption proceeds Day 1 0.0070% Day 2 0.0065% Day 3 0.0060% Day 4 0.0055% Day 5 0.0050% Day 6 0.0045% Day 7 onwards 0.0000% *With effect from October 20, 2019",
      "type": "exit"
     }
    ],
    "main_scheme_name": "Bandhan Liquid Fund",
    "metrics": [
     {
      "name": "std_dev",
      "value": "0.14%"
     },
     {
      "name": "mod_duration",
      "value": "46 Days"
     },
     {
      "name": "avg_maturity",
      "value": "46 Days"
     },
     {
      "name": "macaulay",
      "value": "46 Days"
     },
     {
      "name": "information_ratio",
      "value": "1.72"
     }
    ],
    "min_amt": "100",
    "monthly_aaum_date": "20250228",
    "monthly_aaum_value": "16,468.87 Crores",
    "mutual_fund_name": "Bandhan Mutual Fund",
    "scheme_launch_date": "20010702"
   }
  },
  {
   "value": {
    "amc_name": "Bandhan Asset Management Company Limited",
    "benchmark_index": [
     "NIFT< 8ltra Short Duration Debt Index A-I (w.e.f. 1st April 2022)"
    ],
    "field_location": [
     {
      "amc_name": "46",
      "benchmark_index": "46",
      "count": 65,
      "fund_manager_managing_fund_since": "46",
      "fund_manager_name": "46",
      "indicative_inv_horizon": "46",
      "load_exit": "46",
      "main_scheme_name": "46",
      "metrics_avg_maturity": "46",
      "metrics_information_ratio": "46",
      "metrics_macaulay": "46",
      "metrics_mod_duration": "46",
      "metrics_std_dev": "46",
      "min_amt": "46",
      "monthly_aaum_date": "46",
      "monthly_aaum_value": "46",
      "mutual_fund_name": "46",
      "scheme_launch_date": "46"
     }
    ],
    "fund_manager": [
     {
      "managing_fund_since": "18th july 2018",
      "name": "Mr. Harshal Joshi",
      "qualification": "",
      "total_exp": ""
     }
    ],
    "indicative_inv_horizon": [
     "To short-term generate investment returns over horizon",
     "\n",
     "Low Low to to High High Low to High",
     "\n",
     "pages #Benchmark of 1 year history Returns. of monthly ##Additional data. *Inception Benchmark Date Returns. of Regular Standard Plan Deviation - Growth July calculated 18, 2018. on on the @Income basis",
     "\n"
    ],
    "load": [
     {
      "comment": "Nil",
      "type": "exit"
     }
    ],
    "main_scheme_name": "Bandhan Ultra Short Term Fund",
    "metrics": [
     {
      "name": "std_dev",
      "value": "0.16%"
     },
     {
      "name": "mod_duration",
      "value": "166 Days"
     },
     {
      "name": "avg_maturity",
      "value": "175 Days"
     },
     {
      "name": "macaulay",
      "value": "3"
     },
     {
      "name": "information_ratio",
      "value": "4.40"
     }
    ],
    "min_amt": "100",
    "monthly_aaum_date": "20250228",
    "monthly_aaum_value": "3,804.49 Crores",
    "mutual_fund_name": "Bandhan Mutual Fund",
    "scheme_launch_date": "20180718"
   }
  },
  {
   "value": {
    "amc_name": "Bandhan Asset Management Company Limited",
    "benchmark_index": [
     "NIFT< Low Duration Debt Index A-I (w.e.f. 1st April 2022)"
    ],
    "field_location": [
     {
      "amc_name": "47",
      "benchmark_index": "47",
      "count": 65,
      "fund_manager_managing_fund_since": "47",
      "fund_manager_name": "47",
      "load_exit": "47",
      "main_scheme_name": "47",
      "metrics_avg_maturity": "47",
      "metrics_information_ratio": "47",
      "metrics_macaulay": "47",
      "metrics_mod_duration": "47",
      "metrics_std_dev": "47",
      "min_amt": "47",
      "monthly_aaum_date": "47",
      "monthly_aaum_value": "47",
      "mutual_fund_name": "47",
      "scheme_launch_date": "47"
     }
    ],
    "fund_manager": [
     {
      "managing_fund_since": "28th july 2021",
      "name": "Mr. Harshal Joshi",
      "qualification": "",
      "total_exp": ""
     }
    ],
    "load": [
     {
      "comment": "Nil (Since 29th June 2012)",
      "type": "exit"
     }
    ],
    "main_scheme_name": "Bandhan Low Duration Fund",
    "metrics": [
     {
      "name": "std_dev",
      "value": "0.17%"
     },
     {
      "name": "mod_duration",
      "value": "330 Days"
     },
     {
      "name": "avg_maturity",
      "value": "369 Days"
     },
     {
      "name": "macaulay",
      "value": "344 Days"
     },
     {
      "name": "information_ratio",
      "value": "2.36"
     }
    ],
    "min_amt": "100",
    "monthly_aaum_date": "20250228",
    "monthly_aaum_value": "5,468.90 Crores",
    "mutual_fund_name": "Bandhan Mutual Fund",
    "scheme_launch_date": "20060117"
   }
  },
  {
   "value": {
    "amc_name": "Bandhan Asset Management Company Limited",
    "benchmark_index": [
     "NIFT< Money Market Index A-I (w.e.f. 1st April 2022)"
    ],
    "field_location": [
     {
      "amc_name": "48",
      "benchmark_index": "48",
      "count": 65,
      "fund_manager_name": "48",
      "load_exit": "48",
      "main_scheme_name": "48",
      "metrics_avg_maturity": "48",
      "metrics_information_ratio": "48",
      "metrics_macaulay": "48",
      "metrics_mod_duration": "48",
      "metrics_std_dev": "48",
      "min_amt": "48",
      "monthly_aaum_date": "48",
      "monthly_aaum_value": "48",
      "mutual_fund_name": "48",
      "scheme_launch_date": "48"
     }
    ],
    "fund_manager": [
     {
      "managing_fund_since": "",
      "name": "Mr. Gautam",
      "qualification": "",
      "total_exp": ""
     }
    ],
    "load": [
     {
      "comment": "Nil",
      "type": "exit"
     }
    ],
    "main_scheme_name": "Bandhan Money Manager Fund",
    "metrics": [
     {
      "name": "std_dev",
      "value": "0.17%"
     },
     {
      "name": "mod_duration",
      "value": "233 Days"
     },
     {
      "name": "avg_maturity",
      "value": "235 Days"
     },
     {
      "name": "macaulay",
      "value": "234 Days"
     },
     {
      "name": "information_ratio",
      "value": "2.04"
     }
    ],
    "min_amt": "100",
    "monthly_aaum_date": "20250228",
    "monthly_aaum_value": "11,129.60 Crores",
    "mutual_fund_name": "Bandhan Mutual Fund",
    "scheme_launch_date": "20030218"
   }
  },
  {
   "value": {
    "amc_name": "Bandhan Asset Management Company Limited",
    "benchmark_index": [
     "Nifty Banking & PS8 Debt Index A-II (w.e.f. 12th March 2024)"
    ],
    "field_location": [
     {
      "amc_name": "49",
      "benchmark_index": "49",
      "count": 65,
      "fund_manager_managing_fund_since": "49",
      "fund_manager_name": "49",
      "load_exit": "49",
      "main_scheme_name": "49",
      "metrics_avg_maturity": "49",
      "metrics_information_ratio": "49",
      "metrics_macaulay": "49",
      "metrics_mod_duration": "49",
      "metrics_std_dev": "49",
      "min_amt": "49",
      "monthly_aaum_date": "49",
      "monthly_aaum_value": "49",
      "mutual_fund_name": "49",
      "scheme_launch_date": "49"
     }
    ],
    "fund_manager": [
     {
      "managing_fund_since": "1st december 2021",
      "name": "Mr. Gautam",
      "qualification": "",
      "total_exp": ""
     },
     {
      "managing_fund_since": "28th july 2021",
      "name": "Mr. Suyash Choudhary",
      "qualification": "",
      "total_exp": ""
     }
    ],
    "load": [
     {
      "comment": "Nil (w.e.f. June 12th 2017)",
      "type": "exit"
     }
    ],
    "main_scheme_name": "Bandhan Banking & PSU Debt Fund **",
    "metrics": [
     {
      "name": "std_dev",
      "value": "0.56%"
     },
     {
      "name": "mod_duration",
      "value": "2.36"
     },
     {
      "name": "avg_maturity",
      "value": "3.00"
     },
     {
      "name": "macaulay",
      "value": "2.46"
     },
     {
      "name": "information_ratio",
      "value": "0.10"
     }
    ],
    "min_amt": "1,000",
    "monthly_aaum_date": "20250228",
    "monthly_aaum_value": "13,425.69 Crores",
    "mutual_fund_name": "Bandhan Mutual Fund",
    "scheme_launch_date": "20130307"
   }
  },
  {
   "value": {
    "amc_name": "Bandhan Asset Management Company Limited",
    "benchmark_index": [
     "Tier 1: NIFT< Corporate Bond Index A-II (w.e.f. 12th March 2024) Tier 2: NIFT< AAA Short Duration Bond"
    ],
    "field_location": [
     {
      "amc_name": "50",
      "benchmark_index": "50",
      "count": 65,
      "fund_manager_managing_fund_since": "50",
      "fund_manager_name": "50",
      "load_exit": "50",
      "main_scheme_name": "50",
      "metrics_avg_maturity": "50",
      "metrics_information_ratio": "50",
      "metrics_macaulay": "50",
      "metrics_mod_duration": "50",
      "metrics_std_dev": "50",
      "min_amt": "50",
      "monthly_aaum_date": "50",
      "monthly_aaum_value": "50",
      "mutual_fund_name": "50",
      "scheme_launch_date": "50"
     }
    ],
    "fund_manager": [
     {
      "managing_fund_since": "1st december 2021",
      "name": "Mr. Gautam",
      "qualification": "",
      "total_exp": ""
     },
     {
      "managing_fund_since": "28th july 2021",
      "name": "Mr. Suyash Choudhary",
      "qualification": "",
      "total_exp": ""
     }
    ],
    "load": [
     {
      "comment": "Nil",
      "type": "exit"
     }
    ],
    "main_scheme_name": "Bandhan Corporate Bond Fund **",
    "metrics": [
     {
      "name": "std_dev",
      "value": "0.73%"
     },
     {
      "name": "mod_duration",
      "value": "3.00 years"
     },
     {
      "name": "avg_maturity",
      "value": "3.91 years"
     },
     {
      "name": "macaulay",
      "value": "3.15 years"
     },
     {
      "name": "information_ratio",
      "value": "0.41"
     }
    ],
    "min_amt": "1,000",
    "monthly_aaum_date": "20250228",
    "monthly_aaum_value": "14,007.21 Crores",
    "mutual_fund_name": "Bandhan Mutual Fund",
    "scheme_launch_date": "20160112"
   }
  },
  {
   "value": {
    "amc_name": "Bandhan Asset Management Company Limited",
    "benchmark_index": [
     "Tier 1 : NIFT< Short Duration Debt Index A-II (w.e.f. 1st April 2022) Tier 2: NIFT< AAA Short Duration Bond"
    ],
    "field_location": [
     {
      "amc_name": "51",
      "benchmark_index": "51",
      "count": 65,
      "fund_manager_managing_fund_since": "51",
      "fund_manager_name": "51",
      "load_exit": "51",
      "main_scheme_name": "51",
      "metrics_avg_maturity": "51",
      "metrics_information_ratio": "51",
      "metrics_macaulay": "51",
      "metrics_mod_duration": "51",
      "metrics_std_dev": "51",
      "min_amt": "51",
      "monthly_aaum_date": "51",
      "monthly_aaum_value": "51",
      "mutual_fund_name": "51",
      "scheme_launch_date": "51"
     }
    ],
    "fund_manager": [
     {
      "managing_fund_since": "11th march 2011",
      "name": "Mr. Suyash Choudhary",
      "qualification": "",
      "total_exp": ""
     }
    ],
    "load": [
     {
      "comment": "Nil (w.e.f. 23rd May 2016)",
      "type": "exit"
     }
    ],
    "main_scheme_name": "Bandhan Bond Fund – Short Term Plan",
    "metrics": [
     {
      "name": "std_dev",
      "value": "0.72%"
     },
     {
      "name": "mod_duration",
      "value": "2.88 years"
     },
     {
      "name": "avg_maturity",
      "value": "3.71 years"
     },
     {
      "name": "macaulay",
      "value": "8"
     },
     {
      "name": "information_ratio",
      "value": "0.64"
     }
    ],
    "min_amt": "1,000",
    "monthly_aaum_date": "20250228",
    "monthly_aaum_value": "9,689.28 Crores",
    "mutual_fund_name": "Bandhan Mutual Fund",
    "scheme_launch_date": "20001214"
   }
  },
  {
   "value": {
    "amc_name": "Bandhan Asset Management Company Limited",
    "benchmark_index": [
     "Tier 1: NIFT< Medium Duration Debt Index A-III (w.e.f. 1st April 2022) Tier 2: NIFT< AAA Medium Duration"
    ],
    "field_location": [
     {
      "amc_name": "52",
      "benchmark_index": "52",
      "count": 65,
      "fund_manager_managing_fund_since": "52",
      "fund_manager_name": "52",
      "load_exit": "52",
      "main_scheme_name": "52",
      "metrics_avg_maturity": "52",
      "metrics_information_ratio": "52",
      "metrics_macaulay": "52",
      "metrics_mod_duration": "52",
      "metrics_std_dev": "52",
      "min_amt": "52",
      "monthly_aaum_date": "52",
      "monthly_aaum_value": "52",
      "mutual_fund_name": "52",
      "scheme_launch_date": "52"
     }
    ],
    "fund_manager": [
     {
      "managing_fund_since": "15th september 2015",
      "name": "Mr. Suyash Choudhary",
      "qualification": "",
      "total_exp": ""
     }
    ],
    "load": [
     {
      "comment": "NIL (w.e.f. 15th January 2019)",
      "type": "exit"
     }
    ],
    "main_scheme_name": "Bandhan Bond Fund – Medium Term Plan",
    "metrics": [
     {
      "name": "std_dev",
      "value": "1.04%"
     },
     {
      "name": "mod_duration",
      "value": "3.84 years"
     },
     {
      "name": "avg_maturity",
      "value": "5.04 years"
     },
     {
      "name": "macaulay",
      "value": "3.98 years"
     },
     {
      "name": "information_ratio",
      "value": "2.53"
     }
    ],
    "min_amt": "1,000",
    "monthly_aaum_date": "20250228",
    "monthly_aaum_value": "1,469.30 Crores",
    "mutual_fund_name": "Bandhan Mutual Fund",
    "scheme_launch_date": "20030708"
   }
  },
  {
   "value": {
    "amc_name": "Bandhan Asset Management Company Limited",
    "benchmark_index": [
     "NIFT< Short Duration Debt Index A-II (w.e.f. 12th March 2024)"
    ],
    "field_location": [
     {
      "amc_name": "53",
      "benchmark_index": "53",
      "count": 65,
      "load_exit": "53",
      "main_scheme_name": "53",
      "metrics_avg_maturity": "53",
      "metrics_information_ratio": "53",
      "metrics_macaulay": "53",
      "metrics_mod_duration": "53",
      "metrics_std_dev": "53",
      "min_amt": "53",
      "monthly_aaum_date": "53",
      "monthly_aaum_value": "53",
      "mutual_fund_name": "53",
      "scheme_launch_date": "53"
     }
    ],
    "load": [
     {
      "comment": "NIL",
      "type": "exit"
     }
    ],
    "main_scheme_name": "Bandhan Floating Rate Fund",
    "metrics": [
     {
      "name": "std_dev",
      "value": "0.63%"
     },
     {
      "name": "mod_duration",
      "value": "2.77 years"
     },
     {
      "name": "avg_maturity",
      "value": "3.52 years"
     },
     {
      "name": "macaulay",
      "value": "2.90 years"
     },
     {
      "name": "information_ratio",
      "value": "1.33"
     }
    ],
    "min_amt": "1,000",
    "monthly_aaum_date": "20250228",
    "monthly_aaum_value": "274.83 Crores",
    "mutual_fund_name": "Bandhan Mutual Fund",
    "scheme_launch_date": "20210218"
   }
  },
  {
   "value": {
    "amc_name": "Bandhan Asset Management Company Limited",
    "benchmark_index": [
     "Tier 1: NIFT< Credit Risk Bond Index B-II (w.e.f. 12th March 2024) Tier 2: 65% NIFT< AA Short"
    ],
    "field_location": [
     {
      "amc_name": "54",
      "benchmark_index": "54",
      "count": 65,
      "fund_manager_name": "54",
      "load_exit": "54",
      "main_scheme_name": "54",
      "metrics_avg_maturity": "54",
      "metrics_information_ratio": "54",
      "metrics_macaulay": "54",
      "metrics_mod_duration": "54",
      "metrics_std_dev": "54",
      "min_amt": "54",
      "monthly_aaum_date": "54",
      "monthly_aaum_value": "54",
      "mutual_fund_name": "54",
      "scheme_launch_date": "54"
     }
    ],
    "fund_manager": [
     {
      "managing_fund_since": "",
      "name": "Mr. Gautam",
      "qualification": "",
      "total_exp": ""
     }
    ],
    "load": [
     {
      "comment": "1% if redeemed/switched out within 365 days from the date of allotment",
      "type": "exit"
     }
    ],
    "main_scheme_name": "Bandhan Credit Risk Fund",
    "metrics": [
     {
      "name": "std_dev",
      "value": "0.56%"
     },
     {
      "name": "mod_duration",
      "value": "2.49 years"
     },
     {
      "name": "avg_maturity",
      "value": "3.45 years"
     },
     {
      "name": "macaulay",
      "value": "2.61 years"
     },
     {
      "name": "information_ratio",
      "value": "1.60"
     }
    ],
    "min_amt": "1,000",
    "monthly_aaum_date": "20250228",
    "monthly_aaum_value": "289.61 Crores",
    "mutual_fund_name": "Bandhan Mutual Fund",
    "scheme_launch_date": "20170303"
   }
  },
  {
   "value": {
    "amc_name": "Bandhan Asset Management Company Limited",
    "benchmark_index": [
     "NIFT< Medium to Long Duration Debt Index A- III (w.e.f. 1st April 2022)"
    ],
    "field_location": [
     {
      "amc_name": "55",
      "benchmark_index": "55",
      "count": 65,
      "fund_manager_managing_fund_since": "55",
      "fund_manager_name": "55",
      "load_exit": "55",
      "main_scheme_name": "55",
      "metrics_avg_maturity": "55",
      "metrics_information_ratio": "55",
      "metrics_macaulay": "55",
      "metrics_mod_duration": "55",
      "metrics_std_dev": "55",
      "min_amt": "55",
      "monthly_aaum_date": "55",
      "monthly_aaum_value": "55",
      "mutual_fund_name": "55",
      "scheme_launch_date": "55"
     }
    ],
    "fund_manager": [
     {
      "managing_fund_since": "15th october 2010",
      "name": "Mr. Suyash Choudhary",
      "qualification": "",
      "total_exp": ""
     }
    ],
    "load": [
     {
      "comment": "If redeemed/switched out within 365 days from the date of allotment: For 10% of investment : Nil, For remaining investment : 1% If redeemed/switched out after 365 days from the date of allotment: Nil",
      "type": "exit"
     }
    ],
    "main_scheme_name": "Bandhan Bond Fund – Income Plan",
    "metrics": [
     {
      "name": "std_dev",
      "value": "1.97%"
     },
     {
      "name": "mod_duration",
      "value": "6.69 years"
     },
     {
      "name": "avg_maturity",
      "value": "15.21 years"
     },
     {
      "name": "macaulay",
      "value": "4"
     },
     {
      "name": "information_ratio",
      "value": "2.69"
     }
    ],
    "min_amt": "1,000",
    "monthly_aaum_date": "20250228",
    "monthly_aaum_value": "484.00 Crores",
    "mutual_fund_name": "Bandhan Mutual Fund",
    "scheme_launch_date": "20000714"
   }
  },
  {
   "value": {
    "amc_name": "Bandhan Asset Management Company Limited",
    "benchmark_index": [
     "NIFT< Composite Debt Index A-III (w.e.f. 1st April 2022)"
    ],
    "field_location": [
     {
      "amc_name": "56",
      "benchmark_index": "56",
      "count": 65,
      "fund_manager_managing_fund_since": "56",
      "fund_manager_name": "56",
      "load_exit": "56",
      "main_scheme_name": "56",
      "metrics_avg_maturity": "56",
      "metrics_information_ratio": "56",
      "metrics_macaulay": "56",
      "metrics_mod_duration": "56",
      "metrics_std_dev": "56",
      "min_amt": "56",
      "monthly_aaum_date": "56",
      "monthly_aaum_value": "56",
      "mutual_fund_name": "56",
      "scheme_launch_date": "56"
     }
    ],
    "fund_manager": [
     {
      "managing_fund_since": "15th october 2010",
      "name": "Mr. Suyash Choudhary",
      "qualification": "",
      "total_exp": ""
     }
    ],
    "load": [
     {
      "comment": "Nil (w.e.f. 17th October 2016)",
      "type": "exit"
     }
    ],
    "main_scheme_name": "Bandhan Dynamic Bond Fund",
    "metrics": [
     {
      "name": "std_dev",
      "value": "3.78%"
     },
     {
      "name": "mod_duration",
      "value": "11.89 years"
     },
     {
      "name": "avg_maturity",
      "value": "28.33 years"
     },
     {
      "name": "macaulay",
      "value": "12.31 years"
     },
     {
      "name": "information_ratio",
      "value": "0.65"
     }
    ],
    "min_amt": "1,000",
    "monthly_aaum_date": "20250228",
    "monthly_aaum_value": "3,064.78 Crores",
    "mutual_fund_name": "Bandhan Mutual Fund",
    "scheme_launch_date": "20020625"
   }
  },
  {
   "value": {
    "amc_name": "Bandhan Asset Management Company Limited",
    "benchmark_index": [
     "NIFT< Long Duration Debt Index A-III"
    ],
    "field_location": [
     {
      "amc_name": "57",
      "benchmark_index": "57",
      "count": 65,
      "fund_manager_name": "57",
      "load_exit": "57",
      "main_scheme_name": "57",
      "metrics_avg_maturity": "57",
      "metrics_macaulay": "57",
      "metrics_mod_duration": "57",
      "min_amt": "57",
      "monthly_aaum_date": "57",
      "monthly_aaum_value": "57",
      "mutual_fund_name": "57",
      "scheme_launch_date": "57"
     }
    ],
    "fund_manager": [
     {
      "managing_fund_since": "",
      "name": "Mr. Gautam",
      "qualification": "",
      "total_exp": ""
     }
    ],
    "load": [
     {
      "comment": "Nil",
      "type": "exit"
     }
    ],
    "main_scheme_name": "Bandhan Long Duration Fund",
    "metrics": [
     {
      "name": "mod_duration",
      "value": "11.58 years"
     },
     {
      "name": "avg_maturity",
      "value": "28.09 years"
     },
     {
      "name": "macaulay",
      "value": "11.99 years"
     }
    ],
    "min_amt": "1,000",
    "monthly_aaum_date": "20250228",
    "monthly_aaum_value": "207.73 Crores",
    "mutual_fund_name": "Bandhan Mutual Fund",
    "scheme_launch_date": "20240320"
   }
  },
  {
   "value": {
    "amc_name": "Bandhan Asset Management Company Limited",
    "benchmark_index": [
     "CRISIL 10 year Gilt Index (w.e.f. 28th May 2018)"
    ],
    "field_location": [
     {
      "amc_name": "58",
      "benchmark_index": "58",
      "count": 65,
      "fund_manager_managing_fund_since": "58",
      "fund_manager_name": "58",
      "load_exit": "58",
      "main_scheme_name": "58",
      "metrics_avg_maturity": "58",
      "metrics_information_ratio": "58",
      "metrics_macaulay": "58",
      "metrics_mod_duration": "58",
      "metrics_std_dev": "58",
      "min_amt": "58",
      "monthly_aaum_date": "58",
      "monthly_aaum_value": "58",
      "mutual_fund_name": "58",
      "scheme_launch_date": "58"
     }
    ],
    "fund_manager": [
     {
      "managing_fund_since": "15th may 2017",
      "name": "Mr. Harshal Joshi",
      "qualification": "",
      "total_exp": ""
     }
    ],
    "load": [
     {
      "comment": "Nil.",
      "type": "exit"
     }
    ],
    "main_scheme_name": "Bandhan Government Securities Fund - Constant Maturity Plan",
    "metrics": [
     {
      "name": "std_dev",
      "value": "2.10%"
     },
     {
      "name": "mod_duration",
      "value": "7.29 years"
     },
     {
      "name": "avg_maturity",
      "value": "7.18"
     },
     {
      "name": "macaulay",
      "value": "7.54 years"
     },
     {
      "name": "information_ratio",
      "value": "1.09"
     }
    ],
    "min_amt": "1,000",
    "monthly_aaum_date": "20250228",
    "monthly_aaum_value": "354.72 Crores",
    "mutual_fund_name": "Bandhan Mutual Fund",
    "scheme_launch_date": "20020309"
   }
  },
  {
   "value": {
    "amc_name": "Bandhan Asset Management Company Limited",
    "benchmark_index": [
     "CRISIL Dynamic Gilt Index (w.e.f. 01 February 2019)"
    ],
    "field_location": [
     {
      "amc_name": "59",
      "benchmark_index": "59",
      "count": 65,
      "fund_manager_managing_fund_since": "59",
      "fund_manager_name": "59",
      "load_exit": "59",
      "main_scheme_name": "59",
      "metrics_avg_maturity": "59",
      "metrics_information_ratio": "59",
      "metrics_macaulay": "59",
      "metrics_mod_duration": "59",
      "metrics_std_dev": "59",
      "min_amt": "59",
      "monthly_aaum_date": "59",
      "monthly_aaum_value": "59",
      "mutual_fund_name": "59",
      "scheme_launch_date": "59"
     }
    ],
    "fund_manager": [
     {
      "managing_fund_since": "15th october 2010",
      "name": "Mr. Suyash Choudhary",
      "qualification": "",
      "total_exp": ""
     }
    ],
    "load": [
     {
      "comment": "Nil (w.e.f. 15th July 2011)",
      "type": "exit"
     }
    ],
    "main_scheme_name": "Bandhan Government Securities Fund – Investment Plan",
    "metrics": [
     {
      "name": "std_dev",
      "value": "3.79%"
     },
     {
      "name": "mod_duration",
      "value": "11.88 years"
     },
     {
      "name": "avg_maturity",
      "value": "28.30 years"
     },
     {
      "name": "macaulay",
      "value": "12.30 years"
     },
     {
      "name": "information_ratio",
      "value": "1.10"
     }
    ],
    "min_amt": "1,000",
    "monthly_aaum_date": "20250228",
    "monthly_aaum_value": "3,627.44 Crores",
    "mutual_fund_name": "Bandhan Mutual Fund",
    "scheme_launch_date": "20020309"
   }
  },
  {
   "value": {
    "amc_name": "Bandhan Asset Management Company Limited",
    "benchmark_index": [
     "Nifty 50 TRI"
    ],
    "field_location": [
     {
      "amc_name": "60",
      "benchmark_index": "60",
      "count": 65,
      "fund_manager_managing_fund_since": "60",
      "fund_manager_name": "60",
      "load_exit": "60",
      "main_scheme_name": "60",
      "metrics_beta": "60",
      "metrics_information_ratio": "60",
      "metrics_port_turnover_ratio": "60",
      "metrics_r_squared_ratio": "60",
      "metrics_sharpe": "60",
      "metrics_std_dev": "60",
      "metrics_tracking_error": "60",
      "min_amt": "60",
      "monthly_aaum_date": "60",
      "monthly_aaum_value": "60",
      "mutual_fund_name": "60",
      "scheme_launch_date": "60"
     }
    ],
    "fund_manager": [
     {
      "managing_fund_since": "march 01, 2022",
      "name": "Mr. Nemish Sheth",
      "qualification": "",
      "total_exp": ""
     }
    ],
    "load": [
     {
      "comment": "NIL (w.e.f. 4th February 2019)",
      "type": "exit"
     }
    ],
    "main_scheme_name": "Bandhan Nifty 50 Index Fund",
    "metrics": [
     {
      "name": "sharpe",
      "value": "0.29"
     },
     {
      "name": "std_dev",
      "value": "13.12%"
     },
     {
      "name": "beta",
      "value": "1.00"
     },
     {
      "name": "port_turnover_ratio",
      "value": "0.08%"
     },
     {
      "name": "r_squared_ratio",
      "value": "1.00"
     },
     {
      "name": "information_ratio",
      "value": "7.70"
     },
     {
      "name": "tracking_error",
      "value": "0.08"
     }
    ],
    "min_amt": "1,000",
    "monthly_aaum_date": "20250228",
    "monthly_aaum_value": "1,657.64 Crores",
    "mutual_fund_name": "Bandhan Mutual Fund",
    "scheme_launch_date": "20100430"
   }
  },
  {
   "value": {
    "amc_name": "Bandhan Asset Management Company Limited",
    "benchmark_index": [
     "Nifty 100 TRI"
    ],
    "field_location": [
     {
      "amc_name": "61",
      "benchmark_index": "61",
      "count": 65,
      "fund_manager_name": "61",
      "load_exit": "61",
      "main_scheme_name": "61",
      "metrics_port_turnover_ratio": "61",
      "metrics_tracking_error": "61",
      "min_amt": "61",
      "min_amt_multiple": "61",
      "monthly_aaum_date": "61",
      "monthly_aaum_value": "61",
      "mutual_fund_name": "61",
      "scheme_launch_date": "61"
     }
    ],
    "fund_manager": [
     {
      "managing_fund_since": "",
      "name": "Mr. Nemish Sheth",
      "qualification": "",
      "total_exp": ""
     }
    ],
    "load": [
     {
      "comment": "Nil",
      "type": "exit"
     }
    ],
    "main_scheme_name": "Bandhan Nifty 100 Index Fund",
    "metrics": [
     {
      "name": "port_turnover_ratio",
      "value": "0.06%"
     },
     {
      "name": "tracking_error",
      "value": "3.52"
     }
    ],
    "min_amt": "Rs 1,000",
    "min_amt_multiple": "1",
    "monthly_aaum_date": "20250228",
    "monthly_aaum_value": "153.28 Crores",
    "mutual_fund_name": "Bandhan Mutual Fund",
    "scheme_launch_date": "20220224"
   }
  },
  {
   "value": {
    "amc_name": "Bandhan Asset Management Company Limited",
    "benchmark_index": [
     "Nifty100 Low Volatility 30 TRI"
    ],
    "field_location": [
     {
      "amc_name": "62",
      "benchmark_index": "62",
      "count": 65,
      "fund_manager_name": "62",
      "load_exit": "62",
      "main_scheme_name": "62",
      "metrics_port_turnover_ratio": "62",
      "metrics_tracking_error": "62",
      "min_amt": "62",
      "min_amt_multiple": "62",
      "monthly_aaum_date": "62",
      "monthly_aaum_value": "62",
      "mutual_fund_name": "62",
      "scheme_launch_date": "62"
     }
    ],
    "fund_manager": [
     {
      "managing_fund_since": "",
      "name": "Mr. Nemish Sheth",
      "qualification": "",
      "total_exp": ""
     }
    ],
    "load": [
     {
      "comment": "Nil",
      "type": "exit"
     }
    ],
    "main_scheme_name": "Bandhan Nifty100 Low Volatility 30 Index Fund",
    "metrics": [
     {
      "name": "port_turnover_ratio",
      "value": "0.08%"
     },
     {
      "name": "tracking_error",
      "value": "3.76"
     }
    ],
    "min_amt": "Rs 1,000",
    "min_amt_multiple": "1",
    "monthly_aaum_date": "20250228",
    "monthly_aaum_value": "1,399.22 Crores",
    "mutual_fund_name": "Bandhan Mutual Fund",
    "scheme_launch_date": "20221006"
   }
  },
  {
   "value": {
    "amc_name": "Bandhan Asset Management Company Limited",
    "benchmark_index": [
     "Nifty200 Momentum 30 TRI"
    ],
    "field_location": [
     {
      "amc_name": "63",
      "benchmark_index": "63",
      "count": 65,
      "fund_manager_name": "63",
      "load_exit": "63",
      "main_scheme_name": "63",
      "metrics_beta": "63",
      "metrics_port_turnover_ratio": "63",
      "metrics_r_squared_ratio": "63",
      "metrics_sharpe": "63",
      "metrics_std_dev": "63",
      "metrics_tracking_error": "63",
      "min_amt": "63",
      "min_amt_multiple": "63",
      "monthly_aaum_date": "63",
      "monthly_aaum_value": "63",
      "mutual_fund_name": "63",
      "scheme_launch_date": "63"
     }
    ],
    "fund_manager": [
     {
      "managing_fund_since": "",
      "name": "Mr. Nemish Sheth",
      "qualification": "",
      "total_exp": ""
     }
    ],
    "load": [
     {
      "comment": "Nil",
      "type": "exit"
     }
    ],
    "main_scheme_name": "Bandhan Nifty200 Momentum 30 Index Fund",
    "metrics": [
     {
      "name": "port_turnover_ratio",
      "value": "0.31%"
     },
     {
      "name": "sharpe",
      "value": "8.08"
     },
     {
      "name": "std_dev",
      "value": "8.08%"
     },
     {
      "name": "beta",
      "value": "8.08"
     },
     {
      "name": "tracking_error",
      "value": "5.28"
     },
     {
      "name": "r_squared_ratio",
      "value": "8.08"
     }
    ],
    "min_amt": "Rs 1,000",
    "min_amt_multiple": "1",
    "monthly_aaum_date": "20250228",
    "monthly_aaum_value": "121.93 Crores",
    "mutual_fund_name": "Bandhan Mutual Fund",
    "scheme_launch_date": "20220902"
   }
  },
  {
   "value": {
    "amc_name": "Bandhan Asset Management Company Limited",
    "benchmark_index": [
     "Nifty Alpha 50 Index TRI"
    ],
    "field_location": [
     {
      "amc_name": "64",
      "benchmark_index": "64",
      "count": 65,
      "fund_manager_name": "64",
      "load_exit": "64",
      "main_scheme_name": "64",
      "metrics_alpha": "64",
      "metrics_mod_duration": "64",
      "metrics_port_turnover_ratio": "64",
      "min_amt": "64",
      "min_amt_multiple": "64",
      "monthly_aaum_date": "64",
      "monthly_aaum_value": "64",
      "mutual_fund_name": "64",
      "scheme_launch_date": "64"
     }
    ],
    "fund_manager": [
     {
      "managing_fund_since": "",
      "name": "Mr. Nemish Sheth",
      "qualification": "",
      "total_exp": ""
     }
    ],
    "load": [
     {
      "comment": "Nil",
      "type": "exit"
     }
    ],
    "main_scheme_name": "Bandhan Nifty Alpha 50 Index Fund",
    "metrics": [
     {
      "name": "port_turnover_ratio",
      "value": "0.76%"
     },
     {
      "name": "alpha",
      "value": "50"
     },
     {
      "name": "mod_duration",
      "value": "8"
     }
    ],
    "min_amt": "1,000",
    "min_amt_multiple": "1",
    "monthly_aaum_date": "20250228",
    "monthly_aaum_value": "326.91 Crores",
    "mutual_fund_name": "Bandhan Mutual Fund",
    "scheme_launch_date": "20231109"
   }
  },
  {
   "value": {
    "amc_name": "Bandhan Asset Management Company Limited",
    "benchmark_index": [
     "Nifty Smallcap 250 Index TRI"
    ],
    "field_location": [
     {
      "amc_name": "65",
      "benchmark_index": "65",
      "count": 65,
      "fund_manager_name": "65",
      "load_exit": "65",
      "main_scheme_name": "65",
      "metrics_beta": "65",
      "metrics_mod_duration": "65",
      "metrics_port_turnover_ratio": "65",
      "metrics_r_squared_ratio": "65",
      "metrics_sharpe": "65",
      "metrics_std_dev": "65",
      "min_amt": "65",
      "min_amt_multiple": "65",
      "monthly_aaum_date": "65",
      "monthly_aaum_value": "65",
      "mutual_fund_name": "65",
      "scheme_launch_date": "65"
     }
    ],
    "fund_manager": [
     {
      "managing_fund_since": "",
      "name": "Mr. Nemish Sheth",
      "qualification": "",
      "total_exp": ""
     }
    ],
    "load": [
     {
      "comment": "Nil",
      "type": "exit"
     }
    ],
    "main_scheme_name": "Bandhan Nifty Smallcap 250 Index Fund",
    "metrics": [
     {
      "name": "port_turnover_ratio",
      "value": "0.22%"
     },
     {
      "name": "sharpe",
      "value": "2.59"
     },
     {
      "name": "std_dev",
      "value": "2.59%"
     },
     {
      "name": "beta",
      "value": "2.59"
     },
     {
      "name": "r_squared_ratio",
      "value": "2.59"
     },
     {
      "name": "mod_duration",
      "value": "8"
     }
    ],
    "min_amt": "1,000",
    "min_amt_multiple": "1",
    "monthly_aaum_date": "20250228",
    "monthly_aaum_value": "43.09 Crores",
    "mutual_fund_name": "Bandhan Mutual Fund",
    "scheme_launch_date": "20231222"
   }
  },
  {
   "value": {
    "amc_name": "Bandhan Asset Management Company Limited",
    "benchmark_index": [
     "Nifty IT  TRI"
    ],
    "field_location": [
     {
      "amc_name": "66",
      "benchmark_index": "66",
      "count": 65,
      "fund_manager_name": "66",
      "load_exit": "66",
      "main_scheme_name": "66",
      "metrics_beta": "66",
      "metrics_mod_duration": "66",
      "metrics_port_turnover_ratio": "66",
      "metrics_r_squared_ratio": "66",
      "metrics_sharpe": "66",
      "metrics_std_dev": "66",
      "metrics_tracking_error": "66",
      "min_amt": "66",
      "min_amt_multiple": "66",
      "monthly_aaum_date": "66",
      "monthly_aaum_value": "66",
      "mutual_fund_name": "66",
      "scheme_launch_date": "66"
     }
    ],
    "fund_manager": [
     {
      "managing_fund_since": "",
      "name": "Mr. Nemish Sheth",
      "qualification": "",
      "total_exp": ""
     }
    ],
    "load": [
     {
      "comment": "Nil",
      "type": "exit"
     }
    ],
    "main_scheme_name": "Bandhan Nifty IT Index Fund",
    "metrics": [
     {
      "name": "port_turnover_ratio",
      "value": "0.13%"
     },
     {
      "name": "sharpe",
      "value": "3"
     },
     {
      "name": "std_dev",
      "value": "3"
     },
     {
      "name": "beta",
      "value": "3"
     },
     {
      "name": "tracking_error",
      "value": "3"
     },
     {
      "name": "r_squared_ratio",
      "value": "3"
     },
     {
      "name": "mod_duration",
      "value": "3years"
     }
    ],
    "min_amt": "Rs 1,000",
    "min_amt_multiple": "1",
    "monthly_aaum_date": "20250228",
    "monthly_aaum_value": "28.39 Crores",
    "mutual_fund_name": "Bandhan Mutual Fund",
    "scheme_launch_date": "20230831"
   }
  },
  {
   "value": {
    "amc_name": "Bandhan Asset Management Company Limited",
    "benchmark_index": [
     "Nifty Total Market TRI"
    ],
    "field_location": [
     {
      "amc_name": "67",
      "benchmark_index": "67",
      "count": 65,
      "fund_manager_name": "67",
      "load_exit": "67",
      "main_scheme_name": "67",
      "metrics_beta": "67",
      "metrics_mod_duration": "67",
      "metrics_r_squared_ratio": "67",
      "metrics_sharpe": "67",
      "metrics_std_dev": "67",
      "metrics_tracking_error": "67",
      "min_amt": "67",
      "min_amt_multiple": "67",
      "monthly_aaum_date": "67",
      "monthly_aaum_value": "67",
      "mutual_fund_name": "67",
      "scheme_launch_date": "67"
     }
    ],
    "fund_manager": [
     {
      "managing_fund_since": "",
      "name": "Mr. Nemish Sheth",
      "qualification": "",
      "total_exp": ""
     }
    ],
    "load": [
     {
      "comment": " 0.25% if redeemed on or before 15 days from the allotment date.  Nil if redeemed after 15 days from allotment date.",
      "type": "exit"
     }
    ],
    "main_scheme_name": "Bandhan Nifty Total Market Index Fund",
    "metrics": [
     {
      "name": "sharpe",
      "value": "3"
     },
     {
      "name": "std_dev",
      "value": "3"
     },
     {
      "name": "beta",
      "value": "3"
     },
     {
      "name": "tracking_error",
      "value": "3"
     },
     {
      "name": "r_squared_ratio",
      "value": "3"
     },
     {
      "name": "mod_duration",
      "value": "1 year"
     }
    ],
    "min_amt": "Rs 1,000",
    "min_amt_multiple": "1",
    "monthly_aaum_date": "20250228",
    "monthly_aaum_value": "34.94 Crores",
    "mutual_fund_name": "Bandhan Mutual Fund",
    "scheme_launch_date": "20240710"
   }
  },
  {
   "value": {
    "amc_name": "Bandhan Asset Management Company Limited",
    "benchmark_index": [
     "Nifty Bank TRI"
    ],
    "field_location": [
     {
      "amc_name": "68",
      "benchmark_index": "68",
      "count": 65,
      "fund_manager_name": "68",
      "load_exit": "68",
      "main_scheme_name": "68",
      "metrics_beta": "68",
      "metrics_mod_duration": "68",
      "metrics_r_squared_ratio": "68",
      "metrics_sharpe": "68",
      "metrics_std_dev": "68",
      "metrics_tracking_error": "68",
      "min_amt": "68",
      "min_amt_multiple": "68",
      "monthly_aaum_date": "68",
      "monthly_aaum_value": "68",
      "mutual_fund_name": "68",
      "scheme_launch_date": "68"
     }
    ],
    "fund_manager": [
     {
      "managing_fund_since": "",
      "name": "Mr. Nemish Sheth",
      "qualification": "",
      "total_exp": ""
     }
    ],
    "load": [
     {
      "comment": " 0.25% if redeemed on or before 15 days from the allotment date.  Nil if redeemed after 15 days from allotment date.",
      "type": "exit"
     }
    ],
    "main_scheme_name": "Bandhan Nifty Bank Index Fund",
    "metrics": [
     {
      "name": "sharpe",
      "value": "3"
     },
     {
      "name": "std_dev",
      "value": "3"
     },
     {
      "name": "beta",
      "value": "3"
     },
     {
      "name": "tracking_error",
      "value": "3"
     },
     {
      "name": "r_squared_ratio",
      "value": "3"
     },
     {
      "name": "mod_duration",
      "value": "3years"
     }
    ],
    "min_amt": "Rs 1,000",
    "min_amt_multiple": "1",
    "monthly_aaum_date": "20250228",
    "monthly_aaum_value": "14.36 Crores",
    "mutual_fund_name": "Bandhan Mutual Fund",
    "scheme_launch_date": "20240827"
   }
  },
  {
   "value": {
    "amc_name": "Bandhan Asset Management Company Limited",
    "benchmark_index": [
     "BSE Healthcare TRI"
    ],
    "field_location": [
     {
      "amc_name": "69",
      "benchmark_index": "69",
      "count": 65,
      "fund_manager_name": "69",
      "load_exit": "69",
      "main_scheme_name": "69",
      "min_amt": "69",
      "min_amt_multiple": "69",
      "monthly_aaum_date": "69",
      "monthly_aaum_value": "69",
      "mutual_fund_name": "69",
      "scheme_launch_date": "69"
     }
    ],
    "fund_manager": [
     {
      "managing_fund_since": "",
      "name": "Mr. Nemish Sheth",
      "qualification": "",
      "total_exp": ""
     }
    ],
    "load": [
     {
      "comment": " 0.25% if redeemed on or before 15 days from the allotment date.  Nil if redeemed after 15 days from allotment date.",
      "type": "exit"
     }
    ],
    "main_scheme_name": "Bandhan BSE Healthcare Index Fund",
    "min_amt": "Rs 1,000",
    "min_amt_multiple": "1",
    "monthly_aaum_date": "20250228",
    "monthly_aaum_value": "17.04 Crores",
    "mutual_fund_name": "Bandhan Mutual Fund",
    "scheme_launch_date": "20240906"
   }
  },
  {
   "value": {
    "amc_name": "Bandhan Asset Management Company Limited",
    "benchmark_index": [
     "Nifty Midcap 150 TRI"
    ],
    "field_location": [
     {
      "amc_name": "70",
      "benchmark_index": "70",
      "count": 65,
      "fund_manager_name": "70",
      "load_exit": "70",
      "main_scheme_name": "70",
      "metrics_tracking_error": "70",
      "min_amt": "70",
      "min_amt_multiple": "70",
      "monthly_aaum_date": "70",
      "monthly_aaum_value": "70",
      "mutual_fund_name": "70",
      "scheme_launch_date": "70"
     }
    ],
    "fund_manager": [
     {
      "managing_fund_since": "",
      "name": "Mr. Nemish Sheth",
      "qualification": "",
      "total_exp": ""
     }
    ],
    "load": [
     {
      "comment": " 0.25% if redeemed on or before 15 days from the allotment date.  Nil if redeemed after 15 days from allotment date.",
      "type": "exit"
     }
    ],
    "main_scheme_name": "Bandhan Nifty Midcap 150 Index Fund",
    "metrics": [
     {
      "name": "tracking_error",
      "value": "1.96"
     }
    ],
    "min_amt": "Rs 1,000",
    "min_amt_multiple": "1",
    "monthly_aaum_date": "20250228",
    "monthly_aaum_value": "20.36 Crores",
    "mutual_fund_name": "Bandhan Mutual Fund",
    "scheme_launch_date": "20240919"
   }
  },
  {
   "value": {
    "amc_name": "Bandhan Asset Management Company Limited",
    "benchmark_index": [
     "Nifty 500 Momentum 50 TRI"
    ],
    "field_location": [
     {
      "amc_name": "71",
      "benchmark_index": "71",
      "count": 65,
      "fund_manager_name": "71",
      "load_exit": "71",
      "main_scheme_name": "71",
      "metrics_tracking_error": "71",
      "min_amt": "71",
      "min_amt_multiple": "71",
      "monthly_aaum_date": "71",
      "monthly_aaum_value": "71",
      "mutual_fund_name": "71",
      "scheme_launch_date": "71"
     }
    ],
    "fund_manager": [
     {
      "managing_fund_since": "",
      "name": "Mr. Nemish Sheth",
      "qualification": "",
      "total_exp": ""
     }
    ],
    "load": [
     {
      "comment": " 0.25% if redeemed on or before 15 days from the allotment date.  Nil if redeemed after 15 days from allotment date.",
      "type": "exit"
     }
    ],
    "main_scheme_name": "Bandhan Nifty 500 Momentum 50 Index Fund",
    "metrics": [
     {
      "name": "tracking_error",
      "value": "5.12"
     }
    ],
    "min_amt": "Rs 1,000",
    "min_amt_multiple": "1",
    "monthly_aaum_date": "20250228",
    "monthly_aaum_value": "17.34 Crores",
    "mutual_fund_name": "Bandhan Mutual Fund",
    "scheme_launch_date": "20241030"
   }
  },
  {
   "value": {
    "amc_name": "Bandhan Asset Management Company Limited",
    "benchmark_index": [
     "Nifty 500 Value 50 TRI"
    ],
    "field_location": [
     {
      "amc_name": "72",
      "benchmark_index": "72",
      "count": 65,
      "fund_manager_name": "72",
      "load_exit": "72",
      "main_scheme_name": "72",
      "metrics_tracking_error": "72",
      "min_amt": "72",
      "min_amt_multiple": "72",
      "monthly_aaum_date": "72",
      "monthly_aaum_value": "72",
      "mutual_fund_name": "72",
      "scheme_launch_date": "72"
     }
    ],
    "fund_manager": [
     {
      "managing_fund_since": "",
      "name": "Mr. Nemish Sheth",
      "qualification": "",
      "total_exp": ""
     }
    ],
    "load": [
     {
      "comment": " 0.25% if redeemed on or before 15 days from the allotment date.  Nil if redeemed after 15 days from allotment date.",
      "type": "exit"
     }
    ],
    "main_scheme_name": "Bandhan Nifty 500 Value 50 Index Fund",
    "metrics": [
     {
      "name": "tracking_error",
      "value": "5.31"
     }
    ],
    "min_amt": "Rs 1,000",
    "min_amt_multiple": "1",
    "monthly_aaum_date": "20250228",
    "monthly_aaum_value": "9.96 Crores",
    "mutual_fund_name": "Bandhan Mutual Fund",
    "scheme_launch_date": "20241030"
   }
  },
  {
   "value": {
    "amc_name": "Bandhan Asset Management Company Limited",
    "benchmark_index": [
     "Nifty 200 Quality 30 TRI"
    ],
    "field_location": [
     {
      "amc_name": "73",
      "benchmark_index": "73",
      "count": 65,
      "fund_manager_name": "73",
      "load_exit": "73",
      "main_scheme_name": "73",
      "metrics_tracking_error": "73",
      "min_amt": "73",
      "min_amt_multiple": "73",
      "monthly_aaum_date": "73",
      "monthly_aaum_value": "73",
      "mutual_fund_name": "73",
      "scheme_launch_date": "73"
     }
    ],
    "fund_manager": [
     {
      "managing_fund_since": "",
      "name": "Mr. Nemish Sheth",
      "qualification": "",
      "total_exp": ""
     }
    ],
    "load": [
     {
      "comment": " 0.25% if redeemed on or before 15 days from the allotment date.  Nil if redeemed after 15 days from allotment date.",
      "type": "exit"
     }
    ],
    "main_scheme_name": "Bandhan Nifty 200 Quality 30 Index Fund",
    "metrics": [
     {
      "name": "tracking_error",
      "value": "4.83"
     }
    ],
    "min_amt": "Rs 1,000",
    "min_amt_multiple": "1",
    "monthly_aaum_date": "20250228",
    "monthly_aaum_value": "9.02 Crores",
    "mutual_fund_name": "Bandhan Mutual Fund",
    "scheme_launch_date": "20241204"
   }
  },
  {
   "value": {
    "amc_name": "Bandhan Asset Management Company Limited",
    "benchmark_index": [
     "Nifty Alpha Low Volatility 30 TRI"
    ],
    "field_location": [
     {
      "amc_name": "74",
      "benchmark_index": "74",
      "count": 65,
      "fund_manager_name": "74",
      "load_exit": "74",
      "main_scheme_name": "74",
      "metrics_alpha": "74",
      "metrics_tracking_error": "74",
      "min_amt": "74",
      "min_amt_multiple": "74",
      "monthly_aaum_date": "74",
      "monthly_aaum_value": "74",
      "mutual_fund_name": "74",
      "scheme_launch_date": "74"
     }
    ],
    "fund_manager": [
     {
      "managing_fund_since": "",
      "name": "Mr. Nemish Sheth",
      "qualification": "",
      "total_exp": ""
     }
    ],
    "load": [
     {
      "comment": " 0.25% if redeemed on or before 15 days from the allotment date.  Nil if redeemed after 15 days from allotment date.",
      "type": "exit"
     }
    ],
    "main_scheme_name": "Bandhan Nifty Alpha Low Volatility 30 Index Fund",
    "metrics": [
     {
      "name": "alpha",
      "value": "30"
     },
     {
      "name": "tracking_error",
      "value": "0.34"
     }
    ],
    "min_amt": "Rs 1,000",
    "min_amt_multiple": "1",
    "monthly_aaum_date": "20250228",
    "monthly_aaum_value": "7.60 Crores",
    "mutual_fund_name": "Bandhan Mutual Fund",
    "scheme_launch_date": "20250121"
   }
  },
  {
   "value": {
    "amc_name": "Bandhan Asset Management Company Limited",
    "benchmark_index": [
     "Nifty Next 50 TRI"
    ],
    "field_location": [
     {
      "amc_name": "75",
      "benchmark_index": "75",
      "count": 65,
      "fund_manager_name": "75",
      "load_exit": "75",
      "main_scheme_name": "75",
      "metrics_tracking_error": "75",
      "min_amt": "75",
      "min_amt_multiple": "75",
      "monthly_aaum_date": "75",
      "monthly_aaum_value": "75",
      "mutual_fund_name": "75",
      "scheme_launch_date": "75"
     }
    ],
    "fund_manager": [
     {
      "managing_fund_since": "",
      "name": "Mr. Nemish Sheth",
      "qualification": "",
      "total_exp": ""
     }
    ],
    "load": [
     {
      "comment": " 0.25% if redeemed on or before 15 days from the allotment date.  Nil if redeemed after 15 days from allotment date.",
      "type": "exit"
     }
    ],
    "main_scheme_name": "Bandhan Nifty Next 50 Index Fund",
    "metrics": [
     {
      "name": "tracking_error",
      "value": "3.12"
     }
    ],
    "min_amt": "Rs 1,000",
    "min_amt_multiple": "1",
    "monthly_aaum_date": "20250228",
    "monthly_aaum_value": "0.38 Crores",
    "mutual_fund_name": "Bandhan Mutual Fund",
    "scheme_launch_date": "20250228"
   }
  },
  {
   "value": {
    "amc_name": "Bandhan Asset Management Company Limited",
    "benchmark_index": [
     "BSE Sensex TRI"
    ],
    "field_location": [
     {
      "amc_name": "76",
      "benchmark_index": "76",
      "count": 65,
      "fund_manager_managing_fund_since": "76",
      "fund_manager_name": "76",
      "load_exit": "76",
      "main_scheme_name": "76",
      "metrics_beta": "76",
      "metrics_information_ratio": "76",
      "metrics_mod_duration": "76",
      "metrics_port_turnover_ratio": "76",
      "metrics_r_squared_ratio": "76",
      "metrics_sharpe": "76",
      "metrics_std_dev": "76",
      "metrics_tracking_error": "76",
      "monthly_aaum_date": "76",
      "monthly_aaum_value": "76",
      "mutual_fund_name": "76",
      "scheme_launch_date": "76"
     }
    ],
    "fund_manager": [
     {
      "managing_fund_since": "1 st november 2021",
      "name": "Mr. Nemish Sheth",
      "qualification": "",
      "total_exp": ""
     }
    ],
    "load": [
     {
      "comment": "Nil",
      "type": "exit"
     }
    ],
    "main_scheme_name": "Bandhan BSE Sensex ETF",
    "metrics": [
     {
      "name": "sharpe",
      "value": "0.29"
     },
     {
      "name": "std_dev",
      "value": "12.73%"
     },
     {
      "name": "beta",
      "value": "1.00"
     },
     {
      "name": "port_turnover_ratio",
      "value": "0.05"
     },
     {
      "name": "r_squared_ratio",
      "value": "1.00"
     },
     {
      "name": "information_ratio",
      "value": "5.02"
     },
     {
      "name": "tracking_error",
      "value": "0.07"
     },
     {
      "name": "mod_duration",
      "value": "3 years"
     }
    ],
    "monthly_aaum_date": "20250228",
    "monthly_aaum_value": "1.15 Crores",
    "mutual_fund_name": "Bandhan Mutual Fund",
    "scheme_launch_date": "20161007"
   }
  },
  {
   "value": {
    "amc_name": "Bandhan Asset Management Company Limited",
    "benchmark_index": [
     "Nifty 50 TRI"
    ],
    "field_location": [
     {
      "amc_name": "77",
      "benchmark_index": "77",
      "count": 65,
      "fund_manager_managing_fund_since": "77",
      "fund_manager_name": "77",
      "load_exit": "77",
      "main_scheme_name": "77",
      "metrics_beta": "77",
      "metrics_information_ratio": "77",
      "metrics_mod_duration": "77",
      "metrics_port_turnover_ratio": "77",
      "metrics_r_squared_ratio": "77",
      "metrics_sharpe": "77",
      "metrics_std_dev": "77",
      "metrics_tracking_error": "77",
      "monthly_aaum_date": "77",
      "monthly_aaum_value": "77",
      "mutual_fund_name": "77",
      "scheme_launch_date": "77"
     }
    ],
    "fund_manager": [
     {
      "managing_fund_since": "1 st november 2021",
      "name": "Mr. Nemish Sheth",
      "qualification": "",
      "total_exp": ""
     }
    ],
    "load": [
     {
      "comment": "Nil",
      "type": "exit"
     }
    ],
    "main_scheme_name": "Bandhan Nifty 50 ETF",
    "metrics": [
     {
      "name": "sharpe",
      "value": "0.33"
     },
     {
      "name": "std_dev",
      "value": "13.11%"
     },
     {
      "name": "beta",
      "value": "1.00"
     },
     {
      "name": "port_turnover_ratio",
      "value": "0.04"
     },
     {
      "name": "r_squared_ratio",
      "value": "1.00"
     },
     {
      "name": "information_ratio",
      "value": "1.50"
     },
     {
      "name": "tracking_error",
      "value": "0.05"
     },
     {
      "name": "mod_duration",
      "value": "6.40"
     }
    ],
    "monthly_aaum_date": "20250228",
    "monthly_aaum_value": "26.13 Crores",
    "mutual_fund_name": "Bandhan Mutual Fund",
    "scheme_launch_date": "20161007"
   }
  },
  {
   "value": {
    "amc_name": "Bandhan Asset Management Company Limited",
    "benchmark_index": [
     "CRISIL IBX Gilt Index - April 2026"
    ],
    "field_location": [
     {
      "amc_name": "78",
      "benchmark_index": "78",
      "count": 65,
      "fund_manager_name": "78",
      "load_exit": "78",
      "main_scheme_name": "78",
      "metrics_avg_maturity": "78",
      "metrics_macaulay": "78",
      "metrics_mod_duration": "78",
      "metrics_std_dev": "78",
      "metrics_tracking_error": "78",
      "min_amt": "78",
      "min_amt_multiple": "78",
      "monthly_aaum_date": "78",
      "monthly_aaum_value": "78",
      "mutual_fund_name": "78",
      "scheme_launch_date": "78"
     }
    ],
    "fund_manager": [
     {
      "managing_fund_since": "",
      "name": "Mr. Gautam",
      "qualification": "",
      "total_exp": ""
     }
    ],
    "load": [
     {
      "comment": "Nil",
      "type": "exit"
     }
    ],
    "main_scheme_name": "Bandhan CRISIL IBX Gilt April 2026 Index Fund",
    "metrics": [
     {
      "name": "std_dev",
      "value": "0.39%"
     },
     {
      "name": "mod_duration",
      "value": "0.95 years"
     },
     {
      "name": "avg_maturity",
      "value": "1.02 years"
     },
     {
      "name": "macaulay",
      "value": "0.98 years"
     },
     {
      "name": "tracking_error",
      "value": "97.57"
     }
    ],
    "min_amt": "1,000",
    "min_amt_multiple": "1",
    "monthly_aaum_date": "20250228",
    "monthly_aaum_value": "442.54 Crores",
    "mutual_fund_name": "Bandhan Mutual Fund",
    "scheme_launch_date": "20221020"
   }
  },
  {
   "value": {
    "amc_name": "Bandhan Asset Management Company Limited",
    "benchmark_index": [
     "CRISIL-IBX Gilt Index - June 2027"
    ],
    "field_location": [
     {
      "amc_name": "79",
      "benchmark_index": "79",
      "count": 65,
      "fund_manager_managing_fund_since": "79",
      "fund_manager_name": "79",
      "load_exit": "79",
      "main_scheme_name": "79",
      "metrics_avg_maturity": "79",
      "metrics_information_ratio": "79",
      "metrics_macaulay": "79",
      "metrics_mod_duration": "79",
      "metrics_std_dev": "79",
      "metrics_tracking_error": "79",
      "min_amt": "79",
      "monthly_aaum_date": "79",
      "monthly_aaum_value": "79",
      "mutual_fund_name": "79",
      "scheme_launch_date": "79"
     }
    ],
    "fund_manager": [
     {
      "managing_fund_since": "28th july 2021",
      "name": "Mr. Harshal Joshi",
      "qualification": "",
      "total_exp": ""
     },
     {
      "managing_fund_since": "1st december 2021",
      "name": "Mr. Gautam",
      "qualification": "",
      "total_exp": ""
     }
    ],
    "load": [
     {
      "comment": "Nil",
      "type": "exit"
     }
    ],
    "main_scheme_name": "Bandhan CRISIL IBX Gilt June 2027 Index Fund",
    "metrics": [
     {
      "name": "std_dev",
      "value": "0.75%"
     },
     {
      "name": "mod_duration",
      "value": "1.98 years"
     },
     {
      "name": "avg_maturity",
      "value": "2.21 years"
     },
     {
      "name": "macaulay",
      "value": "2.05 years"
     },
     {
      "name": "information_ratio",
      "value": "19.14"
     },
     {
      "name": "tracking_error",
      "value": "0.05"
     }
    ],
    "min_amt": "1,000",
    "monthly_aaum_date": "20250228",
    "monthly_aaum_value": "7,004.43 Crores",
    "mutual_fund_name": "Bandhan Mutual Fund",
    "scheme_launch_date": "20210323"
   }
  },
  {
   "value": {
    "amc_name": "Bandhan Asset Management Company Limited",
    "benchmark_index": [
     "CRISIL-IBX Gilt Index - April 2028"
    ],
    "field_location": [
     {
      "amc_name": "80",
      "benchmark_index": "80",
      "count": 65,
      "fund_manager_managing_fund_since": "80",
      "fund_manager_name": "80",
      "load_exit": "80",
      "main_scheme_name": "80",
      "metrics_avg_maturity": "80",
      "metrics_information_ratio": "80",
      "metrics_macaulay": "80",
      "metrics_mod_duration": "80",
      "metrics_std_dev": "80",
      "metrics_tracking_error": "80",
      "min_amt": "80",
      "monthly_aaum_date": "80",
      "monthly_aaum_value": "80",
      "mutual_fund_name": "80",
      "scheme_launch_date": "80"
     }
    ],
    "fund_manager": [
     {
      "managing_fund_since": "28th july 2021",
      "name": "Mr. Harshal Joshi",
      "qualification": "",
      "total_exp": ""
     },
     {
      "managing_fund_since": "1st december 2021",
      "name": "Mr. Gautam",
      "qualification": "",
      "total_exp": ""
     }
    ],
    "load": [
     {
      "comment": "Nil",
      "type": "exit"
     }
    ],
    "main_scheme_name": "Bandhan CRISIL IBX Gilt April 2028 Index Fund",
    "metrics": [
     {
      "name": "std_dev",
      "value": "0.83%"
     },
     {
      "name": "mod_duration",
      "value": "2.35 years"
     },
     {
      "name": "avg_maturity",
      "value": "2.68 years"
     },
     {
      "name": "macaulay",
      "value": "2.42 years"
     },
     {
      "name": "information_ratio",
      "value": "19.12"
     },
     {
      "name": "tracking_error",
      "value": "0.10"
     }
    ],
    "min_amt": "1,000",
    "monthly_aaum_date": "20250228",
    "monthly_aaum_value": "4,702.71 Crores",
    "mutual_fund_name": "Bandhan Mutual Fund",
    "scheme_launch_date": "20210323"
   }
  },
  {
   "value": {
    "amc_name": "Bandhan Asset Management Company Limited",
    "benchmark_index": [
     "Crisil IBX Gilt Index - April 2032"
    ],
    "field_location": [
     {
      "amc_name": "81",
      "benchmark_index": "81",
      "count": 65,
      "fund_manager_name": "81",
      "load_exit": "81",
      "main_scheme_name": "81",
      "metrics_avg_maturity": "81",
      "metrics_macaulay": "81",
      "metrics_mod_duration": "81",
      "metrics_std_dev": "81",
      "metrics_tracking_error": "81",
      "min_amt": "81",
      "min_amt_multiple": "81",
      "monthly_aaum_date": "81",
      "monthly_aaum_value": "81",
      "mutual_fund_name": "81",
      "scheme_launch_date": "81"
     }
    ],
    "fund_manager": [
     {
      "managing_fund_since": "",
      "name": "Mr. Harshal Joshi",
      "qualification": "",
      "total_exp": ""
     },
     {
      "managing_fund_since": "",
      "name": "Mr. Gautam",
      "qualification": "",
      "total_exp": ""
     }
    ],
    "load": [
     {
      "comment": "Nil",
      "type": "exit"
     }
    ],
    "main_scheme_name": "Bandhan CRISIL IBX Gilt April 2032 Index Fund",
    "metrics": [
     {
      "name": "std_dev",
      "value": "1.75%"
     },
     {
      "name": "mod_duration",
      "value": "5.31 years"
     },
     {
      "name": "avg_maturity",
      "value": "6.73 years"
     },
     {
      "name": "macaulay",
      "value": "5.49 years"
     },
     {
      "name": "tracking_error",
      "value": "0.30"
     }
    ],
    "min_amt": "1,000",
    "min_amt_multiple": "1",
    "monthly_aaum_date": "20250228",
    "monthly_aaum_value": "439.79 Crores",
    "mutual_fund_name": "Bandhan Mutual Fund",
    "scheme_launch_date": "20230215"
   }
  },
  {
   "value": {
    "amc_name": "Bandhan Asset Management Company Limited",
    "benchmark_index": [
     "CRISIL IBX 90:10 SDL plus Gilt Index – November 2026"
    ],
    "field_location": [
     {
      "amc_name": "82",
      "benchmark_index": "82",
      "count": 65,
      "fund_manager_name": "82",
      "load_exit": "82",
      "main_scheme_name": "82",
      "metrics_avg_maturity": "82",
      "metrics_macaulay": "82",
      "metrics_mod_duration": "82",
      "metrics_std_dev": "82",
      "metrics_tracking_error": "82",
      "min_amt": "82",
      "min_amt_multiple": "82",
      "monthly_aaum_date": "82",
      "monthly_aaum_value": "82",
      "mutual_fund_name": "82",
      "scheme_launch_date": "82"
     }
    ],
    "fund_manager": [
     {
      "managing_fund_since": "",
      "name": "Mr. Gautam",
      "qualification": "",
      "total_exp": ""
     },
     {
      "managing_fund_since": "",
      "name": "Mr. Harshal Joshi",
      "qualification": "",
      "total_exp": ""
     }
    ],
    "load": [
     {
      "comment": "Nil",
      "type": "exit"
     }
    ],
    "main_scheme_name": "Bandhan CRISIL IBX 90:10 SDL Plus Gilt– November 2026 Index Fund",
    "metrics": [
     {
      "name": "std_dev",
      "value": "0.45%"
     },
     {
      "name": "mod_duration",
      "value": "1.42 years"
     },
     {
      "name": "avg_maturity",
      "value": "1.56 years"
     },
     {
      "name": "macaulay",
      "value": "1.47 years"
     },
     {
      "name": "tracking_error",
      "value": "30"
     }
    ],
    "min_amt": "1,000",
    "min_amt_multiple": "1",
    "monthly_aaum_date": "20250228",
    "monthly_aaum_value": "114.65 Crores",
    "mutual_fund_name": "Bandhan Mutual Fund",
    "scheme_launch_date": "20221117"
   }
  },
  {
   "value": {
    "amc_name": "Bandhan Asset Management Company Limited",
    "benchmark_index": [
     "CRISIL IBX 90:10 SDL plus Gilt Index – September 2027"
    ],
    "field_location": [
     {
      "amc_name": "83",
      "benchmark_index": "83",
      "count": 65,
      "fund_manager_name": "83",
      "load_exit": "83",
      "main_scheme_name": "83",
      "metrics_avg_maturity": "83",
      "metrics_macaulay": "83",
      "metrics_mod_duration": "83",
      "metrics_std_dev": "83",
      "metrics_tracking_error": "83",
      "min_amt": "83",
      "min_amt_multiple": "83",
      "monthly_aaum_date": "83",
      "monthly_aaum_value": "83",
      "mutual_fund_name": "83",
      "scheme_launch_date": "83"
     }
    ],
    "fund_manager": [
     {
      "managing_fund_since": "",
      "name": "Mr. Gautam",
      "qualification": "",
      "total_exp": ""
     },
     {
      "managing_fund_since": "",
      "name": "Mr. Harshal Joshi",
      "qualification": "",
      "total_exp": ""
     }
    ],
    "load": [
     {
      "comment": "Nil",
      "type": "exit"
     }
    ],
    "main_scheme_name": "Bandhan CRISIL IBX 90:10 SDL Plus Gilt– September 2027 Index Fund",
    "metrics": [
     {
      "name": "std_dev",
      "value": "0.61%"
     },
     {
      "name": "tracking_error",
      "value": "7.18"
     },
     {
      "name": "mod_duration",
      "value": "2.09 years"
     },
     {
      "name": "avg_maturity",
      "value": "2.34 years"
     },
     {
      "name": "macaulay",
      "value": "2.16 years"
     }
    ],
    "min_amt": "1,000",
    "min_amt_multiple": "1",
    "monthly_aaum_date": "20250228",
    "monthly_aaum_value": "151.91 Crores",
    "mutual_fund_name": "Bandhan Mutual Fund",
    "scheme_launch_date": "20221124"
   }
  },
  {
   "value": {
    "amc_name": "Bandhan Asset Management Company Limited",
    "benchmark_index": [
     "CRISIL IBX 90:10 SDL plus Gilt Index – April 2032"
    ],
    "field_location": [
     {
      "amc_name": "84",
      "benchmark_index": "84",
      "count": 65,
      "fund_manager_name": "84",
      "load_exit": "84",
      "main_scheme_name": "84",
      "metrics_avg_maturity": "84",
      "metrics_macaulay": "84",
      "metrics_mod_duration": "84",
      "metrics_std_dev": "84",
      "metrics_tracking_error": "84",
      "min_amt": "84",
      "min_amt_multiple": "84",
      "monthly_aaum_date": "84",
      "monthly_aaum_value": "84",
      "mutual_fund_name": "84",
      "scheme_launch_date": "84"
     }
    ],
    "fund_manager": [
     {
      "managing_fund_since": "",
      "name": "Mr. Gautam",
      "qualification": "",
      "total_exp": ""
     },
     {
      "managing_fund_since": "",
      "name": "Mr. Harshal Joshi",
      "qualification": "",
      "total_exp": ""
     }
    ],
    "load": [
     {
      "comment": "Nil",
      "type": "exit"
     }
    ],
    "main_scheme_name": "Bandhan CRISIL IBX 90:10 SDL Plus Gilt–April 2032 Index Fund",
    "metrics": [
     {
      "name": "std_dev",
      "value": "1.31%"
     },
     {
      "name": "tracking_error",
      "value": "7.73"
     },
     {
      "name": "mod_duration",
      "value": "5.22 years"
     },
     {
      "name": "avg_maturity",
      "value": "6.89 years"
     },
     {
      "name": "macaulay",
      "value": "5.40 years"
     }
    ],
    "min_amt": "1,000",
    "min_amt_multiple": "1",
    "monthly_aaum_date": "20250228",
    "monthly_aaum_value": "553.23 Crores",
    "mutual_fund_name": "Bandhan Mutual Fund",
    "scheme_launch_date": "20221129"
   }
  }
 ]
}