{
 "metadata": {
  "document_name": "36_28-Feb-25_FS.pdf",
  "file_type": "fs",
  "process_date": "20250312"
 },
 "records": [
  {
   "value": {
    "amc_name": "Shriram Asset Management Company Limited",
    "benchmark_index": [
     "As per SEBI circular no. SEBI/HO/IMD/IMD-PoD-1/P/CIR/2024/90 dated June 27, 2024, the performance of the scheme is benchmarked to the Total Return"
    ],
    "field_location": [
     {
      "amc_name": "7",
      "benchmark_index": "7",
      "count": 9,
      "fund_manager_managing_fund_since": "7",
      "fund_manager_name": "7",
      "fund_manager_total_exp": "7",
      "load_exit": "7",
      "main_scheme_name": "7",
      "metrics_avg_maturity": "7",
      "metrics_beta": "7",
      "metrics_information_ratio": "7",
      "metrics_macaulay": "7",
      "metrics_mod_duration": "7",
      "metrics_port_turnover_ratio": "7",
      "metrics_sharpe": "7",
      "metrics_std_dev": "7",
      "metrics_ytm": "7",
      "min_amt": "7",
      "monthly_aaum_date": "7",
      "monthly_aaum_value": "7",
      "mutual_fund_name": "7",
      "scheme_launch_date": "7"
     }
    ],
    "fund_manager": [
     {
      "managing_fund_since": "august 20, 2022",
      "name": "Mr. Deepak Ramaraju",
      "qualification": "",
      "total_exp": "21 years"
     },
     {
      "managing_fund_since": "november 15, 2016",
      "name": "Ms. Gargi Bhattacharyya Banerjee",
      "qualification": "",
      "total_exp": "22 years"
     },
     {
      "managing_fund_since": "october 03, 2024",
      "name": "Mr. Sudip Suresh More",
      "qualification": "",
      "total_exp": "19 years"
     }
    ],
    "load": [
     {
      "comment": "If redeemed / switched-out within 90 days from the date of allotment: Upto 12% of units: Nil More than 12% of units: 1% of applicable Net Asset Value (NAV) If redeemed/switched-out after 90 days from the date of allotment: Nil",
      "type": "exit"
     }
    ],
    "main_scheme_name": "SHRIRAM AGGRESSIVE HYBRID FUND",
    "metrics": [
     {
      "name": "sharpe",
      "value": "0.20"
     },
     {
      "name": "std_dev",
      "value": "10.94%"
     },
     {
      "name": "beta",
      "value": "1.03"
     },
     {
      "name": "ytm",
      "value": "7.36%"
     },
     {
      "name": "port_turnover_ratio",
      "value": "373.3"
     },
     {
      "name": "mod_duration",
      "value": "3.33 years"
     },
     {
      "name": "avg_maturity",
      "value": "4.11 years"
     },
     {
      "name": "macaulay",
      "value": "3.49 years"
     },
     {
      "name": "information_ratio",
      "value": "0.44"
     }
    ],
    "min_amt": "10,000",
    "monthly_aaum_date": "20250228",
    "monthly_aaum_value": "45.36 Cr",
    "mutual_fund_name": "Shriram Mutual fund",
    "scheme_launch_date": "20131129"
   }
  },
  {
   "value": {
    "amc_name": "Shriram Asset Management Company Limited",
    "benchmark_index": [
     "aware portfolio of companies Sharpe Ratio 0.11 that complement our investment philosophy and approach"
    ],
    "field_location": [
     {
      "amc_name": "9",
      "benchmark_index": "9",
      "count": 9,
      "fund_manager_total_exp": "9",
      "load_exit": "9",
      "main_scheme_name": "9",
      "metrics_beta": "9",
      "metrics_information_ratio": "9",
      "metrics_port_turnover_ratio": "9",
      "metrics_sharpe": "9",
      "metrics_std_dev": "9",
      "min_amt": "9",
      "monthly_aaum_date": "9",
      "monthly_aaum_value": "9",
      "mutual_fund_name": "9",
      "scheme_launch_date": "9"
     }
    ],
    "fund_manager": [
     {
      "managing_fund_since": "",
      "name": "",
      "qualification": "",
      "total_exp": "21 years"
     },
     {
      "managing_fund_since": "",
      "name": "",
      "qualification": "",
      "total_exp": "22 years"
     }
    ],
    "load": [
     {
      "comment": "If redeemed / switched-out within 90 days from the date of allotment: Upto 12% of units: Nil More than 12% of units: 1% of applicable Net Asset Value (NAV) If redeemed/switched-out after 90 days from the date of allotment: Nil",
      "type": "exit"
     }
    ],
    "main_scheme_name": "SHRIRAM FLEXI CAP FUND",
    "metrics": [
     {
      "name": "sharpe",
      "value": "0.11"
     },
     {
      "name": "std_dev",
      "value": "15.55%"
     },
     {
      "name": "beta",
      "value": "0.95"
     },
     {
      "name": "port_turnover_ratio",
      "value": "611.1"
     },
     {
      "name": "information_ratio",
      "value": "0.65"
     }
    ],
    "min_amt": "10,000",
    "monthly_aaum_date": "20250228",
    "monthly_aaum_value": "128.54 cr",
    "mutual_fund_name": "Shriram Mutual fund",
    "scheme_launch_date": "20180928"
   }
  },
  {
   "value": {
    "amc_name": "Shriram Asset Management Company Limited",
    "benchmark_index": [
     "aware portfolio of companies Sharpe Ratio 0.12 that complement our investment philosophy and approach"
    ],
    "field_location": [
     {
      "amc_name": "11",
      "benchmark_index": "11",
      "count": 9,
      "fund_manager_total_exp": "11",
      "load_exit": "11",
      "main_scheme_name": "11",
      "metrics_beta": "11",
      "metrics_information_ratio": "11",
      "metrics_port_turnover_ratio": "11",
      "metrics_sharpe": "11",
      "metrics_std_dev": "11",
      "min_amt": "11",
      "monthly_aaum_date": "11",
      "monthly_aaum_value": "11",
      "mutual_fund_name": "11",
      "scheme_launch_date": "11"
     }
    ],
    "fund_manager": [
     {
      "managing_fund_since": "",
      "name": "",
      "qualification": "",
      "total_exp": "21 years"
     },
     {
      "managing_fund_since": "",
      "name": "",
      "qualification": "",
      "total_exp": "22 years"
     }
    ],
    "load": [
     {
      "comment": ": NIL",
      "type": "exit"
     }
    ],
    "main_scheme_name": "SHRIRAM ELSS TAX SAVER FUND",
    "metrics": [
     {
      "name": "sharpe",
      "value": "0.12"
     },
     {
      "name": "std_dev",
      "value": "15.27%"
     },
     {
      "name": "beta",
      "value": "0.94"
     },
     {
      "name": "port_turnover_ratio",
      "value": "493.3"
     },
     {
      "name": "information_ratio",
      "value": "0.66"
     }
    ],
    "min_amt": "10,000",
    "monthly_aaum_date": "20250228",
    "monthly_aaum_value": "47.10 Cr",
    "mutual_fund_name": "Shriram Mutual fund",
    "scheme_launch_date": "20190125"
   }
  },
  {
   "value": {
    "amc_name": "Shriram Asset Management Company Limited",
    "benchmark_index": [
     "aware portfolio of 3.12 years companies that complement our investment philosophy"
    ],
    "field_location": [
     {
      "amc_name": "13",
      "benchmark_index": "13",
      "count": 9,
      "fund_manager_total_exp": "13",
      "load_exit": "13",
      "main_scheme_name": "13",
      "metrics_avg_maturity": "13",
      "metrics_beta": "13",
      "metrics_information_ratio": "13",
      "metrics_macaulay": "13",
      "metrics_mod_duration": "13",
      "metrics_port_turnover_ratio": "13",
      "metrics_sharpe": "13",
      "metrics_std_dev": "13",
      "metrics_ytm": "13",
      "min_amt": "13",
      "monthly_aaum_date": "13",
      "monthly_aaum_value": "13",
      "mutual_fund_name": "13",
      "scheme_launch_date": "13"
     }
    ],
    "fund_manager": [
     {
      "managing_fund_since": "",
      "name": "",
      "qualification": "",
      "total_exp": "21 years"
     },
     {
      "managing_fund_since": "",
      "name": "",
      "qualification": "",
      "total_exp": "22 years"
     }
    ],
    "load": [
     {
      "comment": ": If redeemed / switched-out within 90 days from the date of allotment: Upto 12% of units: Nil More than 12% of units: 1% of applicable Net Asset Value (NAV) If redeemed/switched-out after 90 days from the date of allotment: Nil date of allotment: Nil",
      "type": "exit"
     }
    ],
    "main_scheme_name": "SHRIRAM BALANCED ADVANTAGE FUND",
    "metrics": [
     {
      "name": "ytm",
      "value": "7.40%"
     },
     {
      "name": "mod_duration",
      "value": "2.96 years"
     },
     {
      "name": "avg_maturity",
      "value": "3.62 years"
     },
     {
      "name": "macaulay",
      "value": "3.12 years"
     },
     {
      "name": "sharpe",
      "value": "0.05"
     },
     {
      "name": "std_dev",
      "value": "9.70%"
     },
     {
      "name": "beta",
      "value": "1.05"
     },
     {
      "name": "port_turnover_ratio",
      "value": "366.5"
     },
     {
      "name": "information_ratio",
      "value": "-0.33"
     }
    ],
    "min_amt": "10,000",
    "monthly_aaum_date": "20250228",
    "monthly_aaum_value": "60.15 cr",
    "mutual_fund_name": "Shriram Mutual fund",
    "scheme_launch_date": "20190705"
   }
  },
  {
   "value": {
    "amc_name": "Shriram Asset Management Company Limited",
    "field_location": [
     {
      "amc_name": "15",
      "count": 9,
      "fund_manager_managing_fund_since": "15",
      "fund_manager_name": "15",
      "fund_manager_total_exp": "15",
      "load_exit": "15",
      "main_scheme_name": "15",
      "metrics_avg_maturity": "15",
      "metrics_macaulay": "15",
      "metrics_mod_duration": "15",
      "metrics_ytm": "15",
      "min_addl_amt": "15",
      "min_addl_amt_multiple": "15",
      "monthly_aaum_date": "15",
      "monthly_aaum_value": "15",
      "mutual_fund_name": "15",
      "scheme_launch_date": "15"
     }
    ],
    "fund_manager": [
     {
      "managing_fund_since": "august 26, 2022",
      "name": "Mr. Deepak Ramaraju",
      "qualification": "",
      "total_exp": "21 years"
     },
     {
      "managing_fund_since": "august 26, 2022",
      "name": "Ms. Gargi Bhattacharyya Banerjee",
      "qualification": "",
      "total_exp": "22 years"
     },
     {
      "managing_fund_since": "october 03, 2024",
      "name": "Mr. Sudip Suresh More",
      "qualification": "",
      "total_exp": "19 years"
     }
    ],
    "load": [
     {
      "comment": "NIL",
      "type": "exit"
     }
    ],
    "main_scheme_name": "SHRIRAM OVERNIGHT FUND",
    "metrics": [
     {
      "name": "ytm",
      "value": "6.31%"
     },
     {
      "name": "mod_duration",
      "value": "3 days"
     },
     {
      "name": "avg_maturity",
      "value": "3 days"
     },
     {
      "name": "macaulay",
      "value": "3 days"
     }
    ],
    "min_addl_amt": "500",
    "min_addl_amt_multiple": "1",
    "monthly_aaum_date": "20250228",
    "monthly_aaum_value": "195.12 Cr",
    "mutual_fund_name": "Shriram Mutual fund",
    "scheme_launch_date": "20220826"
   }
  },
  {
   "value": {
    "amc_name": "Shriram Asset Management Company Limited",
    "field_location": [
     {
      "amc_name": "17",
      "count": 9,
      "fund_manager_managing_fund_since": "17",
      "fund_manager_name": "17",
      "fund_manager_total_exp": "17",
      "load_exit": "17",
      "main_scheme_name": "17",
      "metrics_beta": "17",
      "metrics_information_ratio": "17",
      "metrics_macaulay": "17",
      "metrics_mod_duration": "17",
      "metrics_port_turnover_ratio": "17",
      "metrics_sharpe": "17",
      "metrics_std_dev": "17",
      "metrics_ytm": "17",
      "monthly_aaum_date": "17",
      "monthly_aaum_value": "17",
      "mutual_fund_name": "17"
     }
    ],
    "fund_manager": [
     {
      "managing_fund_since": "september 08, 2023",
      "name": "Mr. Deepak Ramaraju",
      "qualification": "",
      "total_exp": "21 years"
     },
     {
      "managing_fund_since": "september 08, 2023",
      "name": "Ms. Gargi Bhattacharyya Banerjee",
      "qualification": "",
      "total_exp": "22 years"
     },
     {
      "managing_fund_since": "october 03, 2024",
      "name": "Mr. Sudip Suresh More",
      "qualification": "",
      "total_exp": "19 years"
     }
    ],
    "load": [
     {
      "comment": "If redeemed/switched-out within 90 days from the date of allotment:- Upto 12% of units: Nil More than 12% of units: 1% of applicable Net Asset Value (NAV) If redeemed/switched-out after 90 days from the date of allotment: Nil",
      "type": "exit"
     }
    ],
    "main_scheme_name": "SHRIRAM MULTI ASSET ALLOCATION FUND",
    "metrics": [
     {
      "name": "sharpe",
      "value": "0.03"
     },
     {
      "name": "std_dev",
      "value": "11.10%"
     },
     {
      "name": "beta",
      "value": "0.92"
     },
     {
      "name": "ytm",
      "value": "0.54"
     },
     {
      "name": "port_turnover_ratio",
      "value": "391.3"
     },
     {
      "name": "mod_duration",
      "value": "0.92"
     },
     {
      "name": "macaulay",
      "value": "0.03"
     },
     {
      "name": "information_ratio",
      "value": "0.54"
     }
    ],
    "monthly_aaum_date": "20250228",
    "monthly_aaum_value": "145.43 cr",
    "mutual_fund_name": "Shriram Mutual fund"
   }
  },
  {
   "value": {
    "amc_name": "Shriram Asset Management Company Limited",
    "benchmark_index": [
     "d to the Nifty 1D Rate Index. The returns are simple annualised returns for less than 1 year. There"
    ],
    "field_location": [
     {
      "amc_name": "19",
      "benchmark_index": "19",
      "count": 9,
      "fund_manager_total_exp": "19",
      "load_exit": "19",
      "main_scheme_name": "19",
      "metrics_avg_maturity": "19",
      "metrics_macaulay": "19",
      "metrics_mod_duration": "19",
      "metrics_tracking_error": "19",
      "metrics_ytm": "19",
      "monthly_aaum_date": "19",
      "monthly_aaum_value": "19",
      "mutual_fund_name": "19",
      "scheme_launch_date": "19"
     }
    ],
    "fund_manager": [
     {
      "managing_fund_since": "",
      "name": "",
      "qualification": "",
      "total_exp": "21 years"
     },
     {
      "managing_fund_since": "",
      "name": "",
      "qualification": "",
      "total_exp": "22 years"
     }
    ],
    "load": [
     {
      "comment": "NIL",
      "type": "exit"
     }
    ],
    "main_scheme_name": "SHRIRAM Nifty 1D Rate Liquid ETF",
    "metrics": [
     {
      "name": "ytm",
      "value": "6.31%"
     },
     {
      "name": "tracking_error",
      "value": "0.01"
     },
     {
      "name": "mod_duration",
      "value": "3 days"
     },
     {
      "name": "avg_maturity",
      "value": "3 days"
     },
     {
      "name": "macaulay",
      "value": "3 days"
     }
    ],
    "monthly_aaum_date": "20250228",
    "monthly_aaum_value": "23.27 Cr",
    "mutual_fund_name": "Shriram Mutual fund",
    "scheme_launch_date": "20240705"
   }
  },
  {
   "value": {
    "amc_name": "Shriram Asset Management Company Limited",
    "field_location": [
     {
      "amc_name": "20",
      "count": 9,
      "fund_manager_total_exp": "20",
      "load_exit": "20",
      "main_scheme_name": "20",
      "metrics_avg_maturity": "20",
      "metrics_macaulay": "20",
      "metrics_mod_duration": "20",
      "metrics_ytm": "20",
      "monthly_aaum_date": "20",
      "monthly_aaum_value": "20",
      "mutual_fund_name": "20",
      "scheme_launch_date": "20"
     }
    ],
    "fund_manager": [
     {
      "managing_fund_since": "",
      "name": "",
      "qualification": "",
      "total_exp": "21 years"
     },
     {
      "managing_fund_since": "",
      "name": "",
      "qualification": "",
      "total_exp": "22 years"
     }
    ],
    "load": [
     {
      "comment": "Investor exit upon Subscription Exit load as a % of redemption proceeds Investor exit upon Subscription Exit load as a % of redemption proceeds Day 1 0.0070% Day 2 0.0065% Day 3 0.0060% Day 4 0.0055% Day 5 0.0050% Day 6 0.0045% Day 7 onwards 0.0000%",
      "type": "exit"
     }
    ],
    "main_scheme_name": "SHRIRAM LIQUID FUND",
    "metrics": [
     {
      "name": "ytm",
      "value": "6.71%"
     },
     {
      "name": "mod_duration",
      "value": "0.03"
     },
     {
      "name": "avg_maturity",
      "value": "13.24"
     },
     {
      "name": "macaulay",
      "value": "0.04"
     }
    ],
    "monthly_aaum_date": "20250228",
    "monthly_aaum_value": "120.00 Cr",
    "mutual_fund_name": "Shriram Mutual fund",
    "scheme_launch_date": "20241114"
   }
  },
  {
   "value": {
    "amc_name": "Shriram Asset Management Company Limited",
    "field_location": [
     {
      "amc_name": "22",
      "count": 9,
      "fund_manager_managing_fund_since": "22",
      "fund_manager_name": "22",
      "fund_manager_total_exp": "22",
      "load_exit": "22",
      "main_scheme_name": "22",
      "metrics_port_turnover_ratio": "22",
      "min_addl_amt": "22",
      "min_addl_amt_multiple": "22",
      "min_amt": "22",
      "min_amt_multiple": "22",
      "monthly_aaum_date": "22",
      "monthly_aaum_value": "22",
      "mutual_fund_name": "22"
     }
    ],
    "fund_manager": [
     {
      "managing_fund_since": "december 09, 2024",
      "name": "Mr. Deepak Ramaraju",
      "qualification": "",
      "total_exp": "21 years"
     },
     {
      "managing_fund_since": "december 09, 2024",
      "name": "Ms. Gargi Bhattacharyya Banerjee",
      "qualification": "",
      "total_exp": "22 years"
     }
    ],
    "load": [
     {
      "comment": "1% of the applicable NAV, if redeemed within 3 months from the date of allotment. Nil if redeemed after 3 months from the date of allotment.",
      "type": "exit"
     }
    ],
    "main_scheme_name": "SHRIRAM MULTI SECTOR ROTATION FUND",
    "metrics": [
     {
      "name": "port_turnover_ratio",
      "value": "127.8"
     }
    ],
    "min_addl_amt": "500",
    "min_addl_amt_multiple": "1",
    "min_amt": "500",
    "min_amt_multiple": "1",
    "monthly_aaum_date": "20250228",
    "monthly_aaum_value": "186.01 Cr",
    "mutual_fund_name": "Shriram Mutual fund"
   }
  }
 ]
}