{
 "metadata": {
  "document_name": "59_28-Feb-25_FS.pdf",
  "file_type": "fs",
  "process_date": "20250317"
 },
 "records": [
  {
   "value": {
    "amc_name": "Bajaj Finserv Asset Management Limited",
    "benchmark_index": [
     "Nifty 100 Total Return Index (TRI) FUND FEATURES PORTFOLIO (as on 28 February, 2025)"
    ],
    "field_location": [
     {
      "amc_name": "18",
      "benchmark_index": "18",
      "count": 17,
      "fund_manager_managing_fund_since": "18",
      "load_entry": "18",
      "load_exit": "18",
      "main_scheme_name": "18",
      "min_addl_amt": "18",
      "min_addl_amt_multiple": "18",
      "min_amt": "18",
      "min_amt_multiple": "18",
      "monthly_aaum_date": "18",
      "monthly_aaum_value": "18",
      "mutual_fund_name": "18",
      "scheme_launch_date": "18"
     }
    ],
    "fund_manager": [
     {
      "managing_fund_since": "inception",
      "name": "",
      "qualification": "",
      "total_exp": ""
     }
    ],
    "load": [
     {
      "comment": "NABritannia Industries Limited",
      "type": "entry"
     },
     {
      "comment": "For each purchase of units Mahindra & Mahindra Limited through Lumpsum / switch-in / Systematic Dr. Reddy's Laboratories Limited Investment Plan (SIP) and Systematic Transfer Plan (STP), exit load will be as HDFC Life Insurance Company Limited follows: Coal India Limited • if units are redeemed / switched out within Bharat Electronics Limited 6 months from the date of allotment: 1% of ICICI Bank Limited applicable NAV. NTPC Limited • if units are redeemed/switched out after 6 Zomato Limited months from the date of allotment, no exit Aditya Birla Capital Limited load is payable. Hero MotoCorp Limited The Scheme will not levy exit load in case the Bharti Airtel Limited timelines for rebalancing",
      "type": "exit"
     }
    ],
    "main_scheme_name": "Bajaj Finserv Large Cap Fund",
    "min_addl_amt": "INR 100",
    "min_addl_amt_multiple": "INR 1",
    "min_amt": "500",
    "min_amt_multiple": "1",
    "monthly_aaum_date": null,
    "monthly_aaum_value": "1,324.30",
    "mutual_fund_name": "Bajaj Finserv Mutual Fund",
    "scheme_launch_date": "20240820"
   }
  },
  {
   "value": {
    "amc_name": "Bajaj Finserv Asset Management Limited",
    "benchmark_index": [
     "BSE 500 TRI FUND FEATURES PORTFOLIO (as on 28 February, 2025)"
    ],
    "field_location": [
     {
      "amc_name": "20",
      "benchmark_index": "20",
      "count": 17,
      "fund_manager_managing_fund_since": "20",
      "load_entry": "20",
      "load_exit": "20",
      "main_scheme_name": "20",
      "metrics_port_turnover_ratio": "20",
      "min_addl_amt": "20",
      "min_addl_amt_multiple": "20",
      "min_amt": "20",
      "min_amt_multiple": "20",
      "monthly_aaum_date": "20",
      "monthly_aaum_value": "20",
      "mutual_fund_name": "20",
      "scheme_launch_date": "20"
     }
    ],
    "fund_manager": [
     {
      "managing_fund_since": "inception",
      "name": "",
      "qualification": "",
      "total_exp": ""
     }
    ],
    "load": [
     {
      "comment": "NA Zomato Limited",
      "type": "entry"
     },
     {
      "comment": "For each purchase of units United Breweries Limited through Lumpsum / switch-in / Systematic Dr. Reddy's Laboratories Limited GE Vernova T&D India Limited Investment Plan (SIP) and Systematic Multi Commodity Exchange of India Limited Transfer Plan (STP), exit load will be as Aditya Birla Capital Limited follows: Sanoﬁ Consumer Healthcare India Limited If units are redeemed / switched out within Alkem Laboratories Limited 6 months from the date of allotment: HDFC Life Insurance Company Limited Jio Financial Services Limited if upto 10% of units allotted are redeemed Can Fin Homes Limited / switched out - Nil Affle (India) Limited any redemption / switch-out of units in Syngene International Limited excess of 10% of units allotted - 1% of Piramal Pharma Limited UNO Minda Limited applicable NAV. Neuland Laboratories Limited If units are redeemed/switched out after 6 Radico Khaitan Limited months from the date of allotment, no exit K.P.R. Mill Limited load is payable. Hitachi Energy India Limited Emcure Pharmaceuticals Limited",
      "type": "exit"
     }
    ],
    "main_scheme_name": "Bajaj Finserv Flexi Cap Fund",
    "metrics": [
     {
      "name": "port_turnover_ratio",
      "value": "0.80"
     }
    ],
    "min_addl_amt": "INR 100",
    "min_addl_amt_multiple": "INR 1",
    "min_amt": "INR 500",
    "min_amt_multiple": "INR 1",
    "monthly_aaum_date": null,
    "monthly_aaum_value": "4,002.99",
    "mutual_fund_name": "Bajaj Finserv Mutual Fund",
    "scheme_launch_date": "20230814"
   }
  },
  {
   "value": {
    "amc_name": "Bajaj Finserv Asset Management Limited",
    "benchmark_index": [
     "Nifty Large Midcap 250 TRI FUND FEATURES PORTFOLIO (as on 28 February, 2025)"
    ],
    "field_location": [
     {
      "amc_name": "22",
      "benchmark_index": "22",
      "count": 17,
      "fund_manager_managing_fund_since": "22",
      "load_entry": "22",
      "load_exit": "22",
      "main_scheme_name": "22",
      "metrics_port_turnover_ratio": "22",
      "min_addl_amt": "22",
      "min_addl_amt_multiple": "22",
      "min_amt": "22",
      "min_amt_multiple": "22",
      "monthly_aaum_date": "22",
      "monthly_aaum_value": "22",
      "mutual_fund_name": "22",
      "scheme_launch_date": "22"
     }
    ],
    "fund_manager": [
     {
      "managing_fund_since": "inception",
      "name": "",
      "qualification": "",
      "total_exp": ""
     }
    ],
    "load": [
     {
      "comment": "NA Bharti Airtel LimitedBiocon Limited",
      "type": "entry"
     },
     {
      "comment": "For each purchase of units through Abbott India Limited Lumpsum / switch-in / Systematic Investment ICICI Bank Limited Plan (SIP) and Systematic Transfer Plan (STP), CRISIL Limited exit load will be as follows: Larsen & Toubro Limited if units are redeemed / switched out within 6 Page Industries Limited months from the date of allotment: State Bank of India United Breweries Limited if upto 10% of units allotted are Oberoi Realty Limited redeemed/switched out - Nil Havells India Limited Bajaj Finserv Limited any redemption / switch-out of units in UNO Minda Limited excess of 10% of units allotted - 1% of applicable Info Edge (India) Limited NAV. Tata Consumer Products Limited if units are redeemed/switched out after 6 Voltas Limited months from the date of allotment, no exit load Alkem Laboratories Limited is payable. Balkrishna Industries Limited The Indian Hotels Company Limited",
      "type": "exit"
     }
    ],
    "main_scheme_name": "Bajaj Finserv Large and Mid Cap Fund",
    "metrics": [
     {
      "name": "port_turnover_ratio",
      "value": "0.44"
     }
    ],
    "min_addl_amt": "100",
    "min_addl_amt_multiple": "1",
    "min_amt": "500",
    "min_amt_multiple": "1",
    "monthly_aaum_date": null,
    "monthly_aaum_value": "1,685.04",
    "mutual_fund_name": "Bajaj Finserv Mutual Fund",
    "scheme_launch_date": "20240227"
   }
  },
  {
   "value": {
    "amc_name": "Bajaj Finserv Asset Management Limited",
    "benchmark_index": [
     "Nifty India Consumption Total Return Index (TRI) FUND FEATURES PORTFOLIO (as on 28 February, 2025)"
    ],
    "field_location": [
     {
      "amc_name": "24",
      "benchmark_index": "24",
      "count": 17,
      "fund_manager_managing_fund_since": "24",
      "load_entry": "24",
      "load_exit": "24",
      "main_scheme_name": "24",
      "min_addl_amt": "24",
      "min_addl_amt_multiple": "24",
      "min_amt": "24",
      "min_amt_multiple": "24",
      "monthly_aaum_date": "24",
      "monthly_aaum_value": "24",
      "mutual_fund_name": "24",
      "scheme_launch_date": "24"
     }
    ],
    "fund_manager": [
     {
      "managing_fund_since": "inception",
      "name": "",
      "qualification": "",
      "total_exp": ""
     }
    ],
    "load": [
     {
      "comment": "NA Devyani International Limited",
      "type": "entry"
     },
     {
      "comment": "FSN E-Commerce Ventures Limited Colgate Palmolive (India) Limited • if units are redeemed / switched out within Cera Sanitaryware Limited 3 months from the date of allotment: 1% of Safari Industries (India) Limited Landmark Cars Limited applicable NAV. Voltas Limited • if units are redeemed/switched out after 3 Metro Brands Limited months from the date of allotment, no exit Astral Limited Century Plyboards (India) Limited load is payable. Emami Limited Gillette India Limited Westlife Foodworld Limited ITC Hotels Limited Ganesha Ecosphere Limited PVR INOX Limited Brainbees Solutions Ltd",
      "type": "exit"
     }
    ],
    "main_scheme_name": "Bajaj Finserv Consumption Fund",
    "min_addl_amt": "500",
    "min_addl_amt_multiple": "1",
    "min_amt": "500",
    "min_amt_multiple": "1",
    "monthly_aaum_date": null,
    "monthly_aaum_value": "511.60",
    "mutual_fund_name": "Bajaj Finserv Mutual Fund",
    "scheme_launch_date": "20241129"
   }
  },
  {
   "value": {
    "amc_name": "Bajaj Finserv Asset Management Limited",
    "benchmark_index": [
     "BSE Healthcare Total Return Index (TRI) FUND FEATURES PORTFOLIO (as on 28 February, 2025)"
    ],
    "field_location": [
     {
      "amc_name": "26",
      "benchmark_index": "26",
      "count": 17,
      "fund_manager_managing_fund_since": "26",
      "load_entry": "26",
      "load_exit": "26",
      "main_scheme_name": "26",
      "min_addl_amt": "26",
      "min_addl_amt_multiple": "26",
      "min_amt": "26",
      "min_amt_multiple": "26",
      "monthly_aaum_date": "26",
      "monthly_aaum_value": "26",
      "mutual_fund_name": "26",
      "scheme_launch_date": "26"
     }
    ],
    "fund_manager": [
     {
      "managing_fund_since": "inception",
      "name": "",
      "qualification": "",
      "total_exp": ""
     }
    ],
    "load": [
     {
      "comment": "NA Rainbow Childrens Medicare Limited",
      "type": "entry"
     },
     {
      "comment": "Alkem Laboratories Limited • if units are redeemed / switched out within Emami Limited 3 months from the date of allotment: 1% of Pﬁzer Limited applicable NAV. Lupin Limited Dr. Lal Path Labs Limited • if units are redeemed/switched out after 3 Marico Limited months from the date of allotment, no exit Alembic Pharmaceuticals Limited load is payable. Mankind Pharma Limited Jubilant Pharmova Limited MedPlus Health Services Limited Colgate Palmolive (India) Limited Medi Assist Healthcare Services Limited AstraZeneca Pharma India Limited",
      "type": "exit"
     }
    ],
    "main_scheme_name": "Bajaj Finserv Healthcare Fund",
    "min_addl_amt": "500",
    "min_addl_amt_multiple": "1",
    "min_amt": "500",
    "min_amt_multiple": "1",
    "monthly_aaum_date": null,
    "monthly_aaum_value": "298.18",
    "mutual_fund_name": "Bajaj Finserv Mutual Fund",
    "scheme_launch_date": "20241227"
   }
  },
  {
   "value": {
    "amc_name": "Bajaj Finserv Asset Management Limited",
    "benchmark_index": [
     "NIFTY 50 Hybrid Composite debt 50:50 Index FUND FEATURES PORTFOLIO (as on 28 February, 2025)"
    ],
    "field_location": [
     {
      "amc_name": "27",
      "benchmark_index": "27",
      "count": 17,
      "fund_manager_managing_fund_since": "27",
      "load_entry": "27",
      "load_exit": "27",
      "main_scheme_name": "27",
      "metrics_avg_maturity": "27",
      "metrics_macaulay": "27",
      "metrics_mod_duration": "27",
      "metrics_port_turnover_ratio": "27",
      "metrics_ytm": "27",
      "min_addl_amt": "27",
      "min_addl_amt_multiple": "27",
      "min_amt": "27",
      "monthly_aaum_date": "27",
      "monthly_aaum_value": "27",
      "mutual_fund_name": "27",
      "scheme_launch_date": "27"
     }
    ],
    "fund_manager": [
     {
      "managing_fund_since": "inception",
      "name": "",
      "qualification": "",
      "total_exp": ""
     }
    ],
    "load": [
     {
      "comment": "NA Dr. Reddy's Laboratories LimitedState Bank of India",
      "type": "entry"
     },
     {
      "comment": "For each purchase of units Britannia Industries Limited through Lumpsum / switch-in / Systematic Sun Pharmaceutical Industries Limited Investment Plan (SIP) and Systematic Kotak Mahindra Bank Limited Transfer Plan (STP), exit load will be as LTIMindtree Limited follows: Bajaj Finance Limited if units are redeemed / switched out within 6 Tata Steel Limited months from the date of allotment: JSW Steel Limited if upto 8% of units allotted are Sanoﬁ Consumer Healthcare India Limited redeemed/switched out - Nil Bajaj Finserv Limited any redemption / switch-out of units in Havells India Limited excess of 8% of units allotted - 1% of Indus Towers Limited Jio Financial Services Limited applicable NAV. Mahindra & Mahindra Limited if units are redeemed/switched out after 6 InterGlobe Aviation Limited months from the date of allotment, no exit Tata Consumer Products Limited",
      "type": "exit"
     }
    ],
    "main_scheme_name": "Bajaj Finserv Balanced Advantage Fund",
    "metrics": [
     {
      "name": "ytm",
      "value": "7.13%"
     },
     {
      "name": "mod_duration",
      "value": "6.76 Years"
     },
     {
      "name": "avg_maturity",
      "value": "13.5 Years"
     },
     {
      "name": "macaulay",
      "value": "7.06 Years"
     },
     {
      "name": "port_turnover_ratio",
      "value": "12"
     }
    ],
    "min_addl_amt": "INR 100",
    "min_addl_amt_multiple": "INR 1",
    "min_amt": "INR 500",
    "monthly_aaum_date": null,
    "monthly_aaum_value": "1,247.29",
    "mutual_fund_name": "Bajaj Finserv Mutual Fund",
    "scheme_launch_date": "20231215"
   }
  },
  {
   "value": {
    "amc_name": "Bajaj Finserv Asset Management Limited",
    "benchmark_index": [
     "65% Nifty 50 TRI + 25% NIFTY Short Duration Debt Index + 10%"
    ],
    "field_location": [
     {
      "amc_name": "29",
      "benchmark_index": "29",
      "count": 17,
      "fund_manager_managing_fund_since": "29",
      "load_entry": "29",
      "load_exit": "29",
      "main_scheme_name": "29",
      "metrics_avg_maturity": "29",
      "metrics_macaulay": "29",
      "metrics_mod_duration": "29",
      "metrics_ytm": "29",
      "min_addl_amt": "29",
      "min_addl_amt_multiple": "29",
      "min_amt": "29",
      "min_amt_multiple": "29",
      "monthly_aaum_date": "29",
      "monthly_aaum_value": "29",
      "mutual_fund_name": "29",
      "scheme_launch_date": "29"
     }
    ],
    "fund_manager": [
     {
      "managing_fund_since": "inception",
      "name": "",
      "qualification": "",
      "total_exp": ""
     }
    ],
    "load": [
     {
      "comment": "NABritannia Industries Limited",
      "type": "entry"
     },
     {
      "comment": "For each purchase of units through Lumpsum / switch-in / Systematic Investment Plan (SIP) and Systematic Bajaj Finserv Limited Transfer Plan (STP), exit load will be as follows: HCL Technologies Limited - if units are redeemed / switched out within 1 year from the date of allotment: CRISIL Limited • if up to 30% of units allotted are redeemed/switched out - Nil GlaxoSmithKline Pharmaceuticals Limited • any redemption / switch-out of units in excess of 30% of Indus Towers Limited units allotted - 1% of applicable NAV. Abbott India Limited - If units purchased or switched in from another scheme of the Fund are redeemed or switched out after 1 year from the date GAIL (India) Limited of allotment, no exit load is payable. Bank of Baroda",
      "type": "exit"
     }
    ],
    "main_scheme_name": "Bajaj Finserv Multi Asset Allocation Fund",
    "metrics": [
     {
      "name": "ytm",
      "value": "8.12%"
     },
     {
      "name": "mod_duration",
      "value": "1.91 Years"
     },
     {
      "name": "avg_maturity",
      "value": "2.26 Years"
     },
     {
      "name": "macaulay",
      "value": "2.06 Years"
     }
    ],
    "min_addl_amt": "INR 100",
    "min_addl_amt_multiple": "1",
    "min_amt": "500",
    "min_amt_multiple": "1",
    "monthly_aaum_date": null,
    "monthly_aaum_value": "1,096.96",
    "mutual_fund_name": "Bajaj Finserv Mutual Fund",
    "scheme_launch_date": "20240603"
   }
  },
  {
   "value": {
    "amc_name": "Bajaj Finserv Asset Management Limited",
    "benchmark_index": [
     "Nifty 50 Arbitrage Index (TRI) FUND FEATURES PORTFOLIO (as on 28 February, 2025)"
    ],
    "field_location": [
     {
      "amc_name": "31",
      "benchmark_index": "31",
      "count": 17,
      "fund_manager_managing_fund_since": "31",
      "fund_manager_name": "31",
      "fund_manager_total_exp": "31",
      "load_entry": "31",
      "load_exit": "31",
      "main_scheme_name": "31",
      "metrics_avg_maturity": "31",
      "metrics_macaulay": "31",
      "metrics_mod_duration": "31",
      "metrics_ytm": "31",
      "min_addl_amt": "31",
      "min_addl_amt_multiple": "31",
      "min_amt": "31",
      "min_amt_multiple": "31",
      "monthly_aaum_date": "31",
      "monthly_aaum_value": "31",
      "mutual_fund_name": "31",
      "scheme_launch_date": "31"
     }
    ],
    "fund_manager": [
     {
      "managing_fund_since": "inception",
      "name": "Mr. Ilesh Savla",
      "qualification": "",
      "total_exp": "23 years"
     },
     {
      "managing_fund_since": "",
      "name": "Mr. Siddharth Chaudhary",
      "qualification": "",
      "total_exp": "18 years"
     },
     {
      "managing_fund_since": "",
      "name": "Economic Zone",
      "qualification": "",
      "total_exp": ""
     },
     {
      "managing_fund_since": "",
      "name": "Adani Enterprises",
      "qualification": "",
      "total_exp": ""
     },
     {
      "managing_fund_since": "",
      "name": "Sun Pharmaceutical Industries",
      "qualification": "",
      "total_exp": ""
     },
     {
      "managing_fund_since": "",
      "name": "Exide Industries",
      "qualification": "",
      "total_exp": ""
     },
     {
      "managing_fund_since": "",
      "name": "Granules India",
      "qualification": "",
      "total_exp": ""
     },
     {
      "managing_fund_since": "",
      "name": "Indian Hotels",
      "qualification": "",
      "total_exp": ""
     }
    ],
    "load": [
     {
      "comment": "NA Godrej Properties Limited",
      "type": "entry"
     },
     {
      "comment": "For each purchase of units Tata Communications Limited through Lumpsum / switch-in / Systematic Ambuja Cements Limited ITC Limited Investment Plan (SIP) and Systematic Maruti Suzuki India Limited Transfer Plan (STP), exit load will be as GMR Airports Limited follows: Canara Bank DLF Limited 0.25% of applicable NAV if NTPC Limited redeemed/switched out within 15 days from Tata Steel Limited the date of allotment. Tata Consultancy Services Limited Cipla Limited Nil if redeemed/switched out after 15 days Havells India Limited from the date of allotment. LIC Housing Finance Limited UltraTech Cement Limited",
      "type": "exit"
     }
    ],
    "main_scheme_name": "Bajaj Finserv Arbitrage Fund",
    "metrics": [
     {
      "name": "ytm",
      "value": "7.08%"
     },
     {
      "name": "mod_duration",
      "value": "41.6 Days"
     },
     {
      "name": "avg_maturity",
      "value": "44.8 Days"
     },
     {
      "name": "macaulay",
      "value": "44.6 Days"
     }
    ],
    "min_addl_amt": "INR 100",
    "min_addl_amt_multiple": "INR 1",
    "min_amt": "INR 500",
    "min_amt_multiple": "INR 1",
    "monthly_aaum_date": null,
    "monthly_aaum_value": "953.69",
    "mutual_fund_name": "Bajaj Finserv Mutual Fund",
    "scheme_launch_date": "20230915"
   }
  },
  {
   "value": {
    "amc_name": "Bajaj Finserv Asset Management Limited",
    "benchmark_index": [
     "BSE 500 Total Return Index (TRI) FUND FEATURES PORTFOLIO (as on 28 February, 2025)"
    ],
    "field_location": [
     {
      "amc_name": "32",
      "benchmark_index": "32",
      "count": 17,
      "fund_manager_managing_fund_since": "32",
      "load_entry": "32",
      "load_exit": "32",
      "main_scheme_name": "32",
      "min_addl_amt": "32",
      "min_addl_amt_multiple": "32",
      "min_amt": "32",
      "monthly_aaum_date": "32",
      "monthly_aaum_value": "32",
      "mutual_fund_name": "32",
      "scheme_launch_date": "32"
     }
    ],
    "fund_manager": [
     {
      "managing_fund_since": "inception",
      "name": "",
      "qualification": "",
      "total_exp": ""
     }
    ],
    "load": [
     {
      "comment": "Nil 3M India Limited",
      "type": "entry"
     },
     {
      "comment": "Nil Oracle Financial Services Software Limited GlaxoSmithKline Pharmaceuticals Limited Larsen & Toubro Limited Dr. Reddy's Laboratories Limited Timken India Limited Grindwell Norton Limited Tata Steel Limited Go Digit General Insurance Limited AstraZeneca Pharma India Limited Jindal Stainless Limited HDFC Asset Management Company Limited Cummins India Limited City Union Bank Limited Indus Towers Limited Star Cement Limited Century Plyboards (India) Limited K.P.R. Mill Limited Power Grid Corporation of India Limited Eicher Motors Limited Marico Limited",
      "type": "exit"
     }
    ],
    "main_scheme_name": "Bajaj Finserv ELSS Tax Saver Fund",
    "min_addl_amt": "500",
    "min_addl_amt_multiple": "500",
    "min_amt": "500",
    "monthly_aaum_date": null,
    "monthly_aaum_value": "9.837",
    "mutual_fund_name": "Bajaj Finserv Mutual Fund",
    "scheme_launch_date": "20250129"
   }
  },
  {
   "value": {
    "amc_name": "Bajaj Finserv Asset Management Limited",
    "benchmark_index": [
     "NIFTY Liquid Index A-I FUND FEATURES PORTFOLIO (as on 28 February, 2025)"
    ],
    "field_location": [
     {
      "amc_name": "33",
      "benchmark_index": "33",
      "count": 17,
      "fund_manager_managing_fund_since": "33",
      "load_entry": "33",
      "load_exit": "33",
      "main_scheme_name": "33",
      "metrics_avg_maturity": "33",
      "metrics_macaulay": "33",
      "metrics_mod_duration": "33",
      "metrics_ytm": "33",
      "min_amt": "33",
      "min_amt_multiple": "33",
      "monthly_aaum_date": "33",
      "monthly_aaum_value": "33",
      "mutual_fund_name": "33",
      "scheme_launch_date": "33"
     }
    ],
    "fund_manager": [
     {
      "managing_fund_since": "inception",
      "name": "",
      "qualification": "",
      "total_exp": ""
     }
    ],
    "load": [
     {
      "comment": "NASmall Industries Dev Bank of India",
      "type": "entry"
     },
     {
      "comment": "For each purchase of units ICICI Securities Limited through Lumpsum / switch-in / Systematic HDB Financial Services Limited Investment Plan (SIP) and Systematic Export Import Bank of India Transfer Plan (STP), exit load will be as Reliance Jio Infocomm Limited follows:as a % of redemption proceeds Bajaj Finance Limited (including systematic transactions) Up to Reliance Retail Ventures Limited Units redeemed/switched-out Exit load as a % Units redeemed/switched-out L&T Finance Limited Exit load as a % within \"X\" days from the date of redemption within \"X\" days from the date of redemption of allotment proceeds of allotment proceeds Tata Capital Housing Finance Limited Day 1 0.0070% Day 5 0.0050% Standard Chartered Capital Limited Day 2 0.0065% Day 6 0.0045% UltraTech Cement Limited Day 3 0.0060% Day 7 onwards Nil Corporate Bond Day 4 0.0055% Power Finance Corporation Limited Note 1: For the purpose of levying exit load, if subscription Indian Oil Corporation Limited (application & funds) is received within cut-off time on a day, Day 1 shall be considered to be the same day, else the day after REC Limited the date of allotment of units shall be considered as Day 1. Corporate Debt Market Development Fund The Scheme will not levy exit load in case the timelines for Corporate Debt Market Development Fund",
      "type": "exit"
     }
    ],
    "main_scheme_name": "Bajaj Finserv Liquid Fund",
    "metrics": [
     {
      "name": "ytm",
      "value": "1"
     },
     {
      "name": "mod_duration",
      "value": "1"
     },
     {
      "name": "avg_maturity",
      "value": "1"
     },
     {
      "name": "macaulay",
      "value": "1"
     }
    ],
    "min_amt": "INR 100",
    "min_amt_multiple": "INR 1",
    "monthly_aaum_date": null,
    "monthly_aaum_value": "5,033.81",
    "mutual_fund_name": "Bajaj Finserv Mutual Fund",
    "scheme_launch_date": "20230705"
   }
  },
  {
   "value": {
    "amc_name": "Bajaj Finserv Asset Management Limited",
    "benchmark_index": [
     "NIFTY Money Market Index A-I FUND FEATURES PORTFOLIO (as on 28 February, 2025)"
    ],
    "field_location": [
     {
      "amc_name": "34",
      "benchmark_index": "34",
      "count": 17,
      "fund_manager_managing_fund_since": "34",
      "fund_manager_name": "34",
      "fund_manager_total_exp": "34",
      "load_entry": "34",
      "load_exit": "34",
      "main_scheme_name": "34",
      "metrics_avg_maturity": "34",
      "metrics_macaulay": "34",
      "metrics_mod_duration": "34",
      "metrics_ytm": "34",
      "min_addl_amt": "34",
      "min_addl_amt_multiple": "34",
      "min_amt": "34",
      "min_amt_multiple": "34",
      "monthly_aaum_date": "34",
      "monthly_aaum_value": "34",
      "mutual_fund_name": "34",
      "scheme_launch_date": "34"
     }
    ],
    "fund_manager": [
     {
      "managing_fund_since": "inception",
      "name": "Mr. Siddharth Chaudhary",
      "qualification": "",
      "total_exp": "18 years"
     },
     {
      "managing_fund_since": "inception",
      "name": "Mr. Nimesh Chandan",
      "qualification": "",
      "total_exp": "24 years"
     }
    ],
    "load": [
     {
      "comment": "NA Sundaram Home Finance LimitedKotak Mahindra Prime Limited",
      "type": "entry"
     },
     {
      "comment": "Nil Corporate Debt Market Development Fund Corporate Debt Market Development Fund",
      "type": "exit"
     }
    ],
    "main_scheme_name": "Bajaj Finserv Money Market Fund",
    "metrics": [
     {
      "name": "ytm",
      "value": "7.45%"
     },
     {
      "name": "mod_duration",
      "value": "198 Days"
     },
     {
      "name": "avg_maturity",
      "value": "213 Days"
     },
     {
      "name": "macaulay",
      "value": "213 Days"
     }
    ],
    "min_addl_amt": "INR 1,000",
    "min_addl_amt_multiple": "INR 1",
    "min_amt": "INR 1,000",
    "min_amt_multiple": "INR 1",
    "monthly_aaum_date": null,
    "monthly_aaum_value": "3,061.68",
    "mutual_fund_name": "Bajaj Finserv Mutual Fund",
    "scheme_launch_date": "20230724"
   }
  },
  {
   "value": {
    "amc_name": "Bajaj Finserv Asset Management Limited",
    "benchmark_index": [
     "CRISIL Dynamic Gilt Index FUND FEATURES PORTFOLIO (as on 28 February, 2025)"
    ],
    "field_location": [
     {
      "amc_name": "35",
      "benchmark_index": "35",
      "count": 17,
      "fund_manager_managing_fund_since": "35",
      "fund_manager_name": "35",
      "fund_manager_total_exp": "35",
      "load_entry": "35",
      "load_exit": "35",
      "main_scheme_name": "35",
      "metrics_avg_maturity": "35",
      "metrics_macaulay": "35",
      "metrics_mod_duration": "35",
      "metrics_ytm": "35",
      "min_addl_amt": "35",
      "min_addl_amt_multiple": "35",
      "min_amt": "35",
      "min_amt_multiple": "35",
      "monthly_aaum_date": "35",
      "mutual_fund_name": "35",
      "scheme_launch_date": "35"
     }
    ],
    "fund_manager": [
     {
      "managing_fund_since": "inception",
      "name": "Mr. Siddharth Chaudhary",
      "qualification": "",
      "total_exp": "18 years"
     },
     {
      "managing_fund_since": "inception",
      "name": "Mr. Nimesh Chandan",
      "qualification": "",
      "total_exp": "24 years"
     }
    ],
    "load": [
     {
      "comment": "Nil",
      "type": "entry"
     },
     {
      "comment": "Nil",
      "type": "exit"
     }
    ],
    "main_scheme_name": "Bajaj Finserv Gilt Fund",
    "metrics": [
     {
      "name": "ytm",
      "value": "7.11%"
     },
     {
      "name": "mod_duration",
      "value": "10.39 Years"
     },
     {
      "name": "avg_maturity",
      "value": "25.9 Years"
     },
     {
      "name": "macaulay",
      "value": "10.76 Years"
     }
    ],
    "min_addl_amt": "1,000",
    "min_addl_amt_multiple": "1",
    "min_amt": "5,000",
    "min_amt_multiple": "1",
    "monthly_aaum_date": null,
    "mutual_fund_name": "Bajaj Finserv Mutual Fund",
    "scheme_launch_date": "15  JAN 2025"
   }
  },
  {
   "value": {
    "amc_name": "Bajaj Finserv Asset Management Limited",
    "benchmark_index": [
     "CRISIL Liquid Overnight Index FUND FEATURES PORTFOLIO (as on 28 February, 2025)"
    ],
    "field_location": [
     {
      "amc_name": "36",
      "benchmark_index": "36",
      "count": 17,
      "fund_manager_managing_fund_since": "36",
      "fund_manager_name": "36",
      "fund_manager_total_exp": "36",
      "load_entry": "36",
      "load_exit": "36",
      "main_scheme_name": "36",
      "metrics_avg_maturity": "36",
      "metrics_macaulay": "36",
      "metrics_mod_duration": "36",
      "metrics_ytm": "36",
      "min_addl_amt": "36",
      "min_addl_amt_multiple": "36",
      "min_amt": "36",
      "min_amt_multiple": "36",
      "monthly_aaum_date": "36",
      "monthly_aaum_value": "36",
      "mutual_fund_name": "36",
      "scheme_launch_date": "36"
     }
    ],
    "fund_manager": [
     {
      "managing_fund_since": "inception",
      "name": "Mr. Siddharth Chaudhary",
      "qualification": "",
      "total_exp": "18 years"
     },
     {
      "managing_fund_since": "inception",
      "name": "Mr. Nimesh Chandan",
      "qualification": "",
      "total_exp": "24 years"
     }
    ],
    "load": [
     {
      "comment": "NA",
      "type": "entry"
     },
     {
      "comment": "Nil",
      "type": "exit"
     }
    ],
    "main_scheme_name": "Bajaj Finserv Overnight Fund",
    "metrics": [
     {
      "name": "ytm",
      "value": "6.34%"
     },
     {
      "name": "mod_duration",
      "value": "3 Days"
     },
     {
      "name": "avg_maturity",
      "value": "3 Days"
     },
     {
      "name": "macaulay",
      "value": "3 Days"
     }
    ],
    "min_addl_amt": "INR 100",
    "min_addl_amt_multiple": "INR 1",
    "min_amt": "INR 100",
    "min_amt_multiple": "INR 1",
    "monthly_aaum_date": null,
    "monthly_aaum_value": "340.44",
    "mutual_fund_name": "Bajaj Finserv Mutual Fund",
    "scheme_launch_date": "20230705"
   }
  },
  {
   "value": {
    "amc_name": "Bajaj Finserv Asset Management Limited",
    "benchmark_index": [
     "Nifty Banking & PSU Debt Index A-II FUND FEATURES PORTFOLIO (as on 28 February, 2025)"
    ],
    "field_location": [
     {
      "amc_name": "37",
      "benchmark_index": "37",
      "count": 17,
      "fund_manager_managing_fund_since": "37",
      "fund_manager_name": "37",
      "fund_manager_total_exp": "37",
      "load_entry": "37",
      "load_exit": "37",
      "main_scheme_name": "37",
      "metrics_avg_maturity": "37",
      "metrics_macaulay": "37",
      "metrics_mod_duration": "37",
      "metrics_ytm": "37",
      "min_addl_amt": "37",
      "min_addl_amt_multiple": "37",
      "min_amt": "37",
      "min_amt_multiple": "37",
      "monthly_aaum_date": "37",
      "monthly_aaum_value": "37",
      "mutual_fund_name": "37",
      "scheme_launch_date": "37"
     }
    ],
    "fund_manager": [
     {
      "managing_fund_since": "inception",
      "name": "Mr. Siddharth Chaudhary",
      "qualification": "",
      "total_exp": "18 years"
     },
     {
      "managing_fund_since": "inception",
      "name": "Mr. Nimesh Chandan",
      "qualification": "",
      "total_exp": "24 years"
     }
    ],
    "load": [
     {
      "comment": "NA7.11% Maharashtra SDL (MD 31/07/2029)",
      "type": "entry"
     },
     {
      "comment": "Nil Reverse Repo / TREPS Cash & Cash Equivalent",
      "type": "exit"
     }
    ],
    "main_scheme_name": "Bajaj Finserv Banking and PSU Fund",
    "metrics": [
     {
      "name": "ytm",
      "value": "7.27%"
     },
     {
      "name": "mod_duration",
      "value": "3.35 Years"
     },
     {
      "name": "avg_maturity",
      "value": "4.14 Years"
     },
     {
      "name": "macaulay",
      "value": "3.54 Years"
     }
    ],
    "min_addl_amt": "INR 1,000",
    "min_addl_amt_multiple": "INR 1",
    "min_amt": "INR 1,000",
    "min_amt_multiple": "INR 1",
    "monthly_aaum_date": null,
    "monthly_aaum_value": "117.71",
    "mutual_fund_name": "Bajaj Finserv Mutual Fund",
    "scheme_launch_date": "20231113"
   }
  },
  {
   "value": {
    "amc_name": "Bajaj Finserv Asset Management Limited",
    "benchmark_index": [
     "Nifty 50 TRI FUND FEATURES PORTFOLIO (as on 28 February, 2025)"
    ],
    "field_location": [
     {
      "amc_name": "38",
      "benchmark_index": "38",
      "count": 17,
      "fund_manager_managing_fund_since": "38",
      "fund_manager_name": "38",
      "fund_manager_total_exp": "38",
      "load_entry": "38",
      "load_exit": "38",
      "main_scheme_name": "38",
      "monthly_aaum_date": "38",
      "monthly_aaum_value": "38",
      "mutual_fund_name": "38",
      "scheme_launch_date": "38"
     }
    ],
    "fund_manager": [
     {
      "managing_fund_since": "inception",
      "name": "Mr. Ilesh Savla",
      "qualification": "",
      "total_exp": "23 years"
     },
     {
      "managing_fund_since": "16th december 2024",
      "name": "Mr. Haresh Mehta",
      "qualification": "",
      "total_exp": "17 years"
     }
    ],
    "load": [
     {
      "comment": "NA Mahindra & Mahindra LimitedHindustan Unilever Limited",
      "type": "entry"
     },
     {
      "comment": "Nil Sun Pharmaceutical Industries Limited",
      "type": "exit"
     }
    ],
    "main_scheme_name": "Bajaj Finserv Nifty 50 ETF",
    "monthly_aaum_date": null,
    "monthly_aaum_value": "190.33",
    "mutual_fund_name": "Bajaj Finserv Mutual Fund",
    "scheme_launch_date": "20240119"
   }
  },
  {
   "value": {
    "amc_name": "Bajaj Finserv Asset Management Limited",
    "benchmark_index": [
     "Nifty Bank TRI FUND FEATURES PORTFOLIO (as on 28 February, 2025)"
    ],
    "field_location": [
     {
      "amc_name": "39",
      "benchmark_index": "39",
      "count": 17,
      "fund_manager_managing_fund_since": "39",
      "fund_manager_name": "39",
      "fund_manager_total_exp": "39",
      "load_entry": "39",
      "load_exit": "39",
      "main_scheme_name": "39",
      "monthly_aaum_date": "39",
      "monthly_aaum_value": "39",
      "mutual_fund_name": "39",
      "scheme_launch_date": "39"
     }
    ],
    "fund_manager": [
     {
      "managing_fund_since": "inception",
      "name": "Mr. Ilesh Savla",
      "qualification": "",
      "total_exp": "23 years"
     },
     {
      "managing_fund_since": "16th december 2024",
      "name": "Mr. Haresh Mehta",
      "qualification": "",
      "total_exp": "17 years"
     }
    ],
    "load": [
     {
      "comment": "NACash & Cash Equivalent",
      "type": "entry"
     },
     {
      "comment": "Nil Grand Total",
      "type": "exit"
     }
    ],
    "main_scheme_name": "Bajaj Finserv Nifty Bank ETF",
    "monthly_aaum_date": null,
    "monthly_aaum_value": "197.36",
    "mutual_fund_name": "Bajaj Finserv Mutual Fund",
    "scheme_launch_date": "20240119"
   }
  },
  {
   "value": {
    "amc_name": "Bajaj Finserv Asset Management Limited",
    "benchmark_index": [
     "Nifty 1D Rate Index FUND FEATURES PORTFOLIO (as on 28 February, 2025)"
    ],
    "field_location": [
     {
      "amc_name": "40",
      "benchmark_index": "40",
      "count": 17,
      "fund_manager_managing_fund_since": "40",
      "fund_manager_name": "40",
      "fund_manager_total_exp": "40",
      "load_entry": "40",
      "load_exit": "40",
      "main_scheme_name": "40",
      "monthly_aaum_date": "40",
      "monthly_aaum_value": "40",
      "mutual_fund_name": "40",
      "scheme_launch_date": "40"
     }
    ],
    "fund_manager": [
     {
      "managing_fund_since": "inception",
      "name": "Mr. Siddharth Chaudhary",
      "qualification": "",
      "total_exp": "18 years"
     },
     {
      "managing_fund_since": "",
      "name": "Rate Liquid",
      "qualification": "",
      "total_exp": ""
     }
    ],
    "load": [
     {
      "comment": "NA",
      "type": "entry"
     },
     {
      "comment": "Nil",
      "type": "exit"
     }
    ],
    "main_scheme_name": "Bajaj Finserv Nifty 1D Rate Liquid ETF - Growth",
    "monthly_aaum_date": null,
    "monthly_aaum_value": "419.33",
    "mutual_fund_name": "Bajaj Finserv Mutual Fund",
    "scheme_launch_date": "20240528"
   }
  }
 ]
}