{
 "metadata": {
  "document_name": "5_28-Feb-25_FS.pdf",
  "file_type": "fs",
  "process_date": "20250318"
 },
 "records": [
  {
   "value": {
    "amc_name": "BOI STAR Investment Managers Private Limited",
    "benchmark_index": [
     "BSE 500 Total Return Index (TRI)"
    ],
    "field_location": [
     {
      "amc_name": "7",
      "benchmark_index": "7",
      "count": 20,
      "fund_manager_managing_fund_since": "7",
      "fund_manager_name": "7",
      "fund_manager_total_exp": "7",
      "load_exit": "7",
      "main_scheme_name": "7",
      "metrics_beta": "7",
      "metrics_mod_duration": "7",
      "metrics_port_turnover_ratio": "7",
      "metrics_sharpe": "7",
      "metrics_std_dev": "7",
      "metrics_tracking_error": "7",
      "min_addl_amt": "7",
      "min_addl_amt_multiple": "7",
      "min_amt": "7",
      "min_amt_multiple": "7",
      "monthly_aaum_date": "7",
      "monthly_aaum_value": "7",
      "mutual_fund_name": "7",
      "scheme_launch_date": "7"
     }
    ],
    "fund_manager": [
     {
      "managing_fund_since": "june 29, 2020",
      "name": "Mr. Alok Singh",
      "qualification": "",
      "total_exp": "20 years"
     }
    ],
    "load": [
     {
      "comment": "• Any redemption/switch out from the date of allotment of units after 3 months: NIL",
      "type": "exit"
     }
    ],
    "main_scheme_name": "Bank of India Flexi Cap Fund",
    "metrics": [
     {
      "name": "mod_duration",
      "value": "0.48"
     },
     {
      "name": "sharpe",
      "value": "0.48"
     },
     {
      "name": "std_dev",
      "value": "17.44%"
     },
     {
      "name": "beta",
      "value": "1.11"
     },
     {
      "name": "tracking_error",
      "value": "7.05"
     },
     {
      "name": "port_turnover_ratio",
      "value": "28,"
     }
    ],
    "min_addl_amt": "1,000",
    "min_addl_amt_multiple": "1",
    "min_amt": "5,000",
    "min_amt_multiple": "1",
    "monthly_aaum_date": "20250228",
    "monthly_aaum_value": "1,912.55 Crs",
    "mutual_fund_name": "Bank of India Mutual Fund",
    "scheme_launch_date": "20200629"
   }
  },
  {
   "value": {
    "amc_name": "BOI STAR Investment Managers Private Limited",
    "benchmark_index": [
     "NIFTY Smallcap 250 Total Return Index (TRI) (Tier 1)"
    ],
    "field_location": [
     {
      "amc_name": "8",
      "benchmark_index": "8",
      "count": 20,
      "fund_manager_managing_fund_since": "8",
      "fund_manager_name": "8",
      "fund_manager_total_exp": "8",
      "indicative_inv_horizon": "8",
      "load_exit": "8",
      "main_scheme_name": "8",
      "metrics_beta": "8",
      "metrics_port_turnover_ratio": "8",
      "metrics_sharpe": "8",
      "metrics_std_dev": "8",
      "metrics_tracking_error": "8",
      "min_addl_amt": "8",
      "min_addl_amt_multiple": "8",
      "min_amt": "8",
      "min_amt_multiple": "8",
      "monthly_aaum_date": "8",
      "monthly_aaum_value": "8",
      "mutual_fund_name": "8",
      "scheme_launch_date": "8"
     }
    ],
    "fund_manager": [
     {
      "managing_fund_since": "october 1, 2024",
      "name": "Mr. Alok Singh",
      "qualification": "",
      "total_exp": "20 years"
     }
    ],
    "indicative_inv_horizon": [
     "WHO SHOULD INVEST",
     "\n"
    ],
    "load": [
     {
      "comment": "of 1%, if the units are redeemed/ switched out within 1 year from the date of allotment of units. • If the units are redeemed/switched out after 1 year from the date of allotment of units : “Nil”",
      "type": "exit"
     }
    ],
    "main_scheme_name": "Bank of India Small Cap Fund",
    "metrics": [
     {
      "name": "sharpe",
      "value": "0.48"
     },
     {
      "name": "std_dev",
      "value": "18.11%"
     },
     {
      "name": "beta",
      "value": "0.85"
     },
     {
      "name": "tracking_error",
      "value": "6.59"
     },
     {
      "name": "port_turnover_ratio",
      "value": "28,"
     }
    ],
    "min_addl_amt": "1,000",
    "min_addl_amt_multiple": "1",
    "min_amt": "5,000",
    "min_amt_multiple": "1",
    "monthly_aaum_date": "20250228",
    "monthly_aaum_value": "1,495.05 Crs",
    "mutual_fund_name": "Bank of India Mutual Fund",
    "scheme_launch_date": "20181219"
   }
  },
  {
   "value": {
    "amc_name": "BOI STAR Investment Managers Private Limited",
    "benchmark_index": [
     "BSE 500 Total Return Index (TRI)"
    ],
    "field_location": [
     {
      "amc_name": "9",
      "benchmark_index": "9",
      "count": 20,
      "fund_manager_managing_fund_since": "9",
      "fund_manager_name": "9",
      "fund_manager_total_exp": "9",
      "indicative_inv_horizon": "9",
      "main_scheme_name": "9",
      "metrics_beta": "9",
      "metrics_port_turnover_ratio": "9",
      "metrics_sharpe": "9",
      "metrics_std_dev": "9",
      "metrics_tracking_error": "9",
      "min_addl_amt": "9",
      "min_addl_amt_multiple": "9",
      "min_amt": "9",
      "min_amt_multiple": "9",
      "monthly_aaum_date": "9",
      "monthly_aaum_value": "9",
      "mutual_fund_name": "9",
      "scheme_launch_date": "9"
     }
    ],
    "fund_manager": [
     {
      "managing_fund_since": "april 27, 2022",
      "name": "Mr. Alok Singh",
      "qualification": "",
      "total_exp": "20 years"
     }
    ],
    "indicative_inv_horizon": "3 year",
    "main_scheme_name": "Equity Fund Hybrid Fund Bank of India ELSS 80C Tax Saver^ Benefit # ",
    "metrics": [
     {
      "name": "sharpe",
      "value": "0.38"
     },
     {
      "name": "std_dev",
      "value": "16.67%"
     },
     {
      "name": "beta",
      "value": "1.07"
     },
     {
      "name": "tracking_error",
      "value": "6.23"
     },
     {
      "name": "port_turnover_ratio",
      "value": "28,"
     }
    ],
    "min_addl_amt": "500",
    "min_addl_amt_multiple": "1",
    "min_amt": "500",
    "min_amt_multiple": "1",
    "monthly_aaum_date": "20250228",
    "monthly_aaum_value": "1,269.71 Crs",
    "mutual_fund_name": "Bank of India Mutual Fund",
    "scheme_launch_date": "20090225"
   }
  },
  {
   "value": {
    "amc_name": "BOI STAR Investment Managers Private Limited",
    "benchmark_index": [
     "NIFTY 500 Multicap 50:25:25 Total Return Index (TRI)"
    ],
    "field_location": [
     {
      "amc_name": "10",
      "benchmark_index": "10",
      "count": 20,
      "fund_manager_name": "10",
      "fund_manager_total_exp": "10",
      "load_exit": "10",
      "main_scheme_name": "10",
      "metrics_port_turnover_ratio": "10",
      "min_amt": "10",
      "min_amt_multiple": "10",
      "monthly_aaum_date": "10",
      "monthly_aaum_value": "10",
      "mutual_fund_name": "10",
      "scheme_launch_date": "10"
     }
    ],
    "fund_manager": [
     {
      "managing_fund_since": "",
      "name": "Mr. Nitin Gosar",
      "qualification": "",
      "total_exp": "16 years"
     }
    ],
    "load": [
     {
      "comment": "of 1%, if the units are redeemed/ switched out within 1 year from the date of allotment of units. • If the units are redeemed/switched out after 1 year from the date of allotment of units : “Nil”",
      "type": "exit"
     }
    ],
    "main_scheme_name": "Bank of India Multi Cap Fund",
    "metrics": [
     {
      "name": "port_turnover_ratio",
      "value": "28,"
     }
    ],
    "min_amt": "5,000",
    "min_amt_multiple": "1",
    "monthly_aaum_date": "20250228",
    "monthly_aaum_value": "732.65 Crs",
    "mutual_fund_name": "Bank of India Mutual Fund",
    "scheme_launch_date": "20230303"
   }
  },
  {
   "value": {
    "amc_name": "BOI STAR Investment Managers Private Limited",
    "benchmark_index": [
     "NIFTY 500 Total Return Index (TRI)"
    ],
    "field_location": [
     {
      "amc_name": "11",
      "benchmark_index": "11",
      "count": 20,
      "fund_manager_name": "11",
      "fund_manager_total_exp": "11",
      "load_exit": "11",
      "main_scheme_name": "11",
      "metrics_port_turnover_ratio": "11",
      "min_addl_amt": "11",
      "min_addl_amt_multiple": "11",
      "min_amt": "11",
      "min_amt_multiple": "11",
      "monthly_aaum_date": "11",
      "monthly_aaum_value": "11",
      "mutual_fund_name": "11",
      "scheme_launch_date": "11"
     }
    ],
    "fund_manager": [
     {
      "managing_fund_since": "",
      "name": "Mr. Alok Singh",
      "qualification": "",
      "total_exp": "20 years"
     }
    ],
    "load": [
     {
      "comment": "within 3 months from the date of allotment for redemption/switch out upto 10% of the units allotted. • 1% - Any redemption/switch out in excess of the above mentioned limit would be subject to an exit load of 1%, if the units are redeemed/ switched out within 3 months from the date of allotment of units. • NIL - There will be no exit load on any redemption/switch out after 3 months from the date of allotment of units.",
      "type": "exit"
     }
    ],
    "main_scheme_name": "Bank of India Business Cycle Fund",
    "metrics": [
     {
      "name": "port_turnover_ratio",
      "value": "28,"
     }
    ],
    "min_addl_amt": "1,000",
    "min_addl_amt_multiple": "1",
    "min_amt": "5,000",
    "min_amt_multiple": "1",
    "monthly_aaum_date": "20250228",
    "monthly_aaum_value": "506.72 Crs",
    "mutual_fund_name": "Bank of India Mutual Fund",
    "scheme_launch_date": "20240830"
   }
  },
  {
   "value": {
    "amc_name": "BOI STAR Investment Managers Private Limited",
    "benchmark_index": [
     "BSE India Manufacturing Index Total Return Index (TRI): 50% and BSE India Infrastructure Index"
    ],
    "field_location": [
     {
      "amc_name": "12",
      "benchmark_index": "12",
      "count": 20,
      "fund_manager_managing_fund_since": "12",
      "fund_manager_name": "12",
      "fund_manager_total_exp": "12",
      "load_exit": "12",
      "main_scheme_name": "12",
      "metrics_beta": "12",
      "metrics_port_turnover_ratio": "12",
      "metrics_sharpe": "12",
      "metrics_std_dev": "12",
      "metrics_tracking_error": "12",
      "min_addl_amt": "12",
      "min_addl_amt_multiple": "12",
      "min_amt": "12",
      "min_amt_multiple": "12",
      "monthly_aaum_date": "12",
      "monthly_aaum_value": "12",
      "mutual_fund_name": "12",
      "scheme_launch_date": "12"
     }
    ],
    "fund_manager": [
     {
      "managing_fund_since": "september 27, 2022",
      "name": "Mr. Nitin Gosar",
      "qualification": "",
      "total_exp": "16 years"
     }
    ],
    "load": [
     {
      "comment": "of 1%, if the units are redeemed/ switched out within 1 year from the date of allotment of units. • If the units are redeemed/switched out after 1 year from the date of allotment of units : “Nil”",
      "type": "exit"
     }
    ],
    "main_scheme_name": "Bank of India Manufacturing & Infrastructure Fund",
    "metrics": [
     {
      "name": "sharpe",
      "value": "0.74"
     },
     {
      "name": "std_dev",
      "value": "16.94%"
     },
     {
      "name": "beta",
      "value": "0.78"
     },
     {
      "name": "tracking_error",
      "value": "9.07"
     },
     {
      "name": "port_turnover_ratio",
      "value": "28,"
     }
    ],
    "min_addl_amt": "1,000",
    "min_addl_amt_multiple": "1",
    "min_amt": "5,000",
    "min_amt_multiple": "1",
    "monthly_aaum_date": "20250228",
    "monthly_aaum_value": "500.56 Crs",
    "mutual_fund_name": "Bank of India Mutual Fund",
    "scheme_launch_date": "20100305"
   }
  },
  {
   "value": {
    "amc_name": "BOI STAR Investment Managers Private Limited",
    "benchmark_index": [
     "Nifty India Consumption Total Return Index (TRI)"
    ],
    "field_location": [
     {
      "amc_name": "13",
      "benchmark_index": "13",
      "count": 20,
      "fund_manager_name": "13",
      "fund_manager_total_exp": "13",
      "main_scheme_name": "13",
      "metrics_port_turnover_ratio": "13",
      "min_addl_amt": "13",
      "min_addl_amt_multiple": "13",
      "min_amt": "13",
      "min_amt_multiple": "13",
      "monthly_aaum_date": "13",
      "monthly_aaum_value": "13",
      "mutual_fund_name": "13",
      "scheme_launch_date": "13"
     }
    ],
    "fund_manager": [
     {
      "managing_fund_since": "",
      "name": "Mr. Nitin Gosar",
      "qualification": "",
      "total_exp": "16 years"
     }
    ],
    "main_scheme_name": "Bank of India Consumption Fund",
    "metrics": [
     {
      "name": "port_turnover_ratio",
      "value": "28,"
     }
    ],
    "min_addl_amt": "1,000",
    "min_addl_amt_multiple": "1",
    "min_amt": "5,000",
    "min_amt_multiple": "1",
    "monthly_aaum_date": "20250228",
    "monthly_aaum_value": "399.89 Crs",
    "mutual_fund_name": "Bank of India Mutual Fund",
    "scheme_launch_date": "20241220"
   }
  },
  {
   "value": {
    "amc_name": "BOI STAR Investment Managers Private Limited",
    "benchmark_index": [
     "BSE 250 LargeMidCap Total Return Index (TRI)"
    ],
    "field_location": [
     {
      "amc_name": "14",
      "benchmark_index": "14",
      "count": 20,
      "fund_manager_managing_fund_since": "14",
      "fund_manager_name": "14",
      "fund_manager_total_exp": "14",
      "load_exit": "14",
      "main_scheme_name": "14",
      "metrics_beta": "14",
      "metrics_port_turnover_ratio": "14",
      "metrics_sharpe": "14",
      "metrics_std_dev": "14",
      "metrics_tracking_error": "14",
      "min_addl_amt": "14",
      "min_addl_amt_multiple": "14",
      "min_amt": "14",
      "min_amt_multiple": "14",
      "monthly_aaum_date": "14",
      "monthly_aaum_value": "14",
      "mutual_fund_name": "14",
      "scheme_launch_date": "14"
     }
    ],
    "fund_manager": [
     {
      "managing_fund_since": "september 27, 2022",
      "name": "Mr. Nitin Gosar",
      "qualification": "",
      "total_exp": "16 years"
     }
    ],
    "load": [
     {
      "comment": "of 1%, if the units are redeemed/ switched out within 1 year from the date of allotment of units. • If the units are redeemed/switched out after 1 year from the date of allotment of units : “Nil”",
      "type": "exit"
     }
    ],
    "main_scheme_name": "Bank of India Large & Mid Cap Equity Fund",
    "metrics": [
     {
      "name": "port_turnover_ratio",
      "value": "0.90"
     },
     {
      "name": "sharpe",
      "value": "0.38"
     },
     {
      "name": "std_dev",
      "value": "15.19%"
     },
     {
      "name": "beta",
      "value": "1.02"
     },
     {
      "name": "tracking_error",
      "value": "4.55"
     }
    ],
    "min_addl_amt": "1,000",
    "min_addl_amt_multiple": "1",
    "min_amt": "5,000",
    "min_amt_multiple": "1",
    "monthly_aaum_date": "20250228",
    "monthly_aaum_value": "345.91 Crs",
    "mutual_fund_name": "Bank of India Mutual Fund",
    "scheme_launch_date": "20081021"
   }
  },
  {
   "value": {
    "amc_name": "BOI STAR Investment Managers Private Limited",
    "benchmark_index": [
     "NIFTY 100 TRI (Tier 1)"
    ],
    "field_location": [
     {
      "amc_name": "15",
      "benchmark_index": "15",
      "count": 20,
      "fund_manager_managing_fund_since": "15",
      "fund_manager_name": "15",
      "fund_manager_total_exp": "15",
      "load_exit": "15",
      "main_scheme_name": "15",
      "metrics_beta": "15",
      "metrics_port_turnover_ratio": "15",
      "metrics_sharpe": "15",
      "metrics_std_dev": "15",
      "metrics_tracking_error": "15",
      "min_addl_amt": "15",
      "min_addl_amt_multiple": "15",
      "min_amt": "15",
      "min_amt_multiple": "15",
      "monthly_aaum_date": "15",
      "monthly_aaum_value": "15",
      "mutual_fund_name": "15",
      "scheme_launch_date": "15"
     }
    ],
    "fund_manager": [
     {
      "managing_fund_since": "october 1, 2024",
      "name": "Mr. Alok Singh",
      "qualification": "",
      "total_exp": "20 years"
     },
     {
      "managing_fund_since": "october 1, 2024",
      "name": "Mr. Nilesh Jethani",
      "qualification": "",
      "total_exp": "9 years"
     }
    ],
    "load": [
     {
      "comment": "• Any redemption/switch out from the date of allotment of units after 3 months: NIL",
      "type": "exit"
     }
    ],
    "main_scheme_name": "Bank of India Bluechip Fund",
    "metrics": [
     {
      "name": "sharpe",
      "value": "0.20"
     },
     {
      "name": "std_dev",
      "value": "15.16%"
     },
     {
      "name": "beta",
      "value": "1.04"
     },
     {
      "name": "tracking_error",
      "value": "4.56"
     },
     {
      "name": "port_turnover_ratio",
      "value": "28,"
     }
    ],
    "min_addl_amt": "1,000",
    "min_addl_amt_multiple": "1",
    "min_amt": "5,000",
    "min_amt_multiple": "1",
    "monthly_aaum_date": "20250228",
    "monthly_aaum_value": "177.82 Crs",
    "mutual_fund_name": "Bank of India Mutual Fund",
    "scheme_launch_date": "20210629"
   }
  },
  {
   "value": {
    "amc_name": "BOI STAR Investment Managers Private Limited",
    "benchmark_index": [
     "NIFTY MidSmallcap 400 Total Return Index (TRI): 70%; CRISIL Short Term Bond Index: 30%"
    ],
    "field_location": [
     {
      "amc_name": "16",
      "benchmark_index": "16",
      "count": 20,
      "fund_manager_managing_fund_since": "16",
      "fund_manager_name": "16",
      "fund_manager_total_exp": "16",
      "load_exit": "16",
      "main_scheme_name": "16",
      "metrics_avg_maturity": "16",
      "metrics_beta": "16",
      "metrics_macaulay": "16",
      "metrics_mod_duration": "16",
      "metrics_port_turnover_ratio": "16",
      "metrics_sharpe": "16",
      "metrics_std_dev": "16",
      "metrics_tracking_error": "16",
      "min_addl_amt": "16",
      "min_addl_amt_multiple": "16",
      "min_amt": "16",
      "min_amt_multiple": "16",
      "monthly_aaum_date": "16",
      "monthly_aaum_value": "16",
      "mutual_fund_name": "16",
      "scheme_launch_date": "16"
     }
    ],
    "fund_manager": [
     {
      "managing_fund_since": "february 16, 2017",
      "name": "Mr. Alok Singh",
      "qualification": "",
      "total_exp": "20 years"
     }
    ],
    "load": [
     {
      "comment": "• Any redemption/switch out from the date of allotment of units after 3 months: NIL",
      "type": "exit"
     }
    ],
    "main_scheme_name": "Bank of India Mid & Small Cap Equity & Debt Fund",
    "metrics": [
     {
      "name": "port_turnover_ratio",
      "value": "1.04"
     },
     {
      "name": "sharpe",
      "value": "0.49"
     },
     {
      "name": "std_dev",
      "value": "15.04%"
     },
     {
      "name": "beta",
      "value": "1.13"
     },
     {
      "name": "tracking_error",
      "value": "4.91"
     },
     {
      "name": "mod_duration",
      "value": "2.08 Years"
     },
     {
      "name": "avg_maturity",
      "value": "2.84 Years"
     },
     {
      "name": "macaulay",
      "value": "2.20 Years"
     }
    ],
    "min_addl_amt": "1,000",
    "min_addl_amt_multiple": "1",
    "min_amt": "5,000",
    "min_amt_multiple": "1",
    "monthly_aaum_date": "20250228",
    "monthly_aaum_value": "1,025.09 Crs",
    "mutual_fund_name": "Bank of India Mutual Fund",
    "scheme_launch_date": "20160720"
   }
  },
  {
   "value": {
    "amc_name": "BOI STAR Investment Managers Private Limited",
    "benchmark_index": [
     "37.50% of Nifty 500 TRI + 50% of Nifty Composite Debt Index + 12.50% of Domestic Prices of Gold"
    ],
    "field_location": [
     {
      "amc_name": "17",
      "benchmark_index": "17",
      "count": 20,
      "fund_manager_name": "17",
      "fund_manager_total_exp": "17",
      "load_exit": "17",
      "main_scheme_name": "17",
      "metrics_avg_maturity": "17",
      "metrics_macaulay": "17",
      "metrics_mod_duration": "17",
      "min_addl_amt": "17",
      "min_addl_amt_multiple": "17",
      "min_amt": "17",
      "min_amt_multiple": "17",
      "monthly_aaum_date": "17",
      "monthly_aaum_value": "17",
      "mutual_fund_name": "17",
      "scheme_launch_date": "17"
     }
    ],
    "fund_manager": [
     {
      "managing_fund_since": "",
      "name": "Mr. Mithraem Bharucha",
      "qualification": "",
      "total_exp": "15 years"
     },
     {
      "managing_fund_since": "",
      "name": "Mr. Nilesh Jethani",
      "qualification": "",
      "total_exp": "9 years"
     }
    ],
    "load": [
     {
      "comment": "of 1%, if the units are redeemed/ switched out within 1 year from the date of allotment of units. • If the units are redeemed/switched out after 1 year from the date of allotment of units : “Nil”",
      "type": "exit"
     }
    ],
    "main_scheme_name": "Bank of India Multi Asset Allocation Fund",
    "metrics": [
     {
      "name": "mod_duration",
      "value": "3.35 Years"
     },
     {
      "name": "avg_maturity",
      "value": "4.39 Years"
     },
     {
      "name": "macaulay",
      "value": "3.57 Years"
     }
    ],
    "min_addl_amt": "1,000",
    "min_addl_amt_multiple": "1",
    "min_amt": "5,000",
    "min_amt_multiple": "1",
    "monthly_aaum_date": "20250228",
    "monthly_aaum_value": "333.97 Crs",
    "mutual_fund_name": "Bank of India Mutual Fund",
    "scheme_launch_date": "20240228"
   }
  },
  {
   "value": {
    "amc_name": "BOI STAR Investment Managers Private Limited",
    "benchmark_index": [
     "Nifty 50 Hybrid Composite Debt 50: 50 Index Total Return Index (TRI)"
    ],
    "field_location": [
     {
      "amc_name": "18",
      "benchmark_index": "18",
      "count": 20,
      "fund_manager_name": "18",
      "fund_manager_total_exp": "18",
      "load_exit": "18",
      "main_scheme_name": "18",
      "metrics_avg_maturity": "18",
      "metrics_macaulay": "18",
      "metrics_mod_duration": "18",
      "min_amt": "18",
      "min_amt_multiple": "18",
      "monthly_aaum_date": "18",
      "monthly_aaum_value": "18",
      "mutual_fund_name": "18",
      "scheme_launch_date": "18"
     }
    ],
    "fund_manager": [
     {
      "managing_fund_since": "",
      "name": "Mr. Alok Singh",
      "qualification": "",
      "total_exp": "20 years"
     }
    ],
    "load": [
     {
      "comment": "• Any redemption/switch out from the date of allotment of units after 3 months: NIL",
      "type": "exit"
     }
    ],
    "main_scheme_name": "Bank of India Balanced Advantage Fund",
    "metrics": [
     {
      "name": "mod_duration",
      "value": "2.68 Years"
     },
     {
      "name": "avg_maturity",
      "value": "3.37 Years"
     },
     {
      "name": "macaulay",
      "value": "2.83 Years"
     }
    ],
    "min_amt": "5,000",
    "min_amt_multiple": "1",
    "monthly_aaum_date": "20250228",
    "monthly_aaum_value": "129.21 Crs",
    "mutual_fund_name": "Bank of India Mutual Fund",
    "scheme_launch_date": "20140314"
   }
  },
  {
   "value": {
    "amc_name": "BOI STAR Investment Managers Private Limited",
    "benchmark_index": [
     "CRISIL Hybrid 85 + 15 - Conservative Index"
    ],
    "field_location": [
     {
      "amc_name": "19",
      "benchmark_index": "19",
      "count": 20,
      "fund_manager_name": "19",
      "fund_manager_total_exp": "19",
      "load_exit": "19",
      "main_scheme_name": "19",
      "metrics_avg_maturity": "19",
      "metrics_macaulay": "19",
      "metrics_mod_duration": "19",
      "min_addl_amt": "19",
      "min_addl_amt_multiple": "19",
      "min_amt": "19",
      "min_amt_multiple": "19",
      "monthly_aaum_date": "19",
      "monthly_aaum_value": "19",
      "mutual_fund_name": "19",
      "scheme_launch_date": "19"
     }
    ],
    "fund_manager": [
     {
      "managing_fund_since": "",
      "name": "Mr. Alok Singh",
      "qualification": "",
      "total_exp": "20 years"
     }
    ],
    "load": [
     {
      "comment": "of 1%, if the units are switched out within 1 year from the date of allotment of units. • If the units are redeemed/switched out after 1 year from the date of allotment of units : “NIL”.",
      "type": "exit"
     }
    ],
    "main_scheme_name": "Bank of India Conservative Hybrid Fund",
    "metrics": [
     {
      "name": "mod_duration",
      "value": "2.93Years"
     },
     {
      "name": "avg_maturity",
      "value": "3.74 Years"
     },
     {
      "name": "macaulay",
      "value": "3.08 Years"
     }
    ],
    "min_addl_amt": "1,000",
    "min_addl_amt_multiple": "1",
    "min_amt": "10,000",
    "min_amt_multiple": "1",
    "monthly_aaum_date": "20250228",
    "monthly_aaum_value": "64.49 Crs",
    "mutual_fund_name": "Bank of India Mutual Fund",
    "scheme_launch_date": "20090318"
   }
  },
  {
   "value": {
    "amc_name": "BOI STAR Investment Managers Private Limited",
    "benchmark_index": [
     "NIFTY 50 Arbitrage Index"
    ],
    "field_location": [
     {
      "amc_name": "20",
      "benchmark_index": "20",
      "count": 20,
      "fund_manager_managing_fund_since": "20",
      "fund_manager_name": "20",
      "fund_manager_total_exp": "20",
      "load_exit": "20",
      "main_scheme_name": "20",
      "metrics_avg_maturity": "20",
      "metrics_macaulay": "20",
      "metrics_mod_duration": "20",
      "min_addl_amt": "20",
      "min_addl_amt_multiple": "20",
      "min_amt": "20",
      "min_amt_multiple": "20",
      "monthly_aaum_date": "20",
      "monthly_aaum_value": "20",
      "mutual_fund_name": "20",
      "scheme_launch_date": "20"
     }
    ],
    "fund_manager": [
     {
      "managing_fund_since": "october 1, 2024",
      "name": "Mr. Firdaus Ragina",
      "qualification": "",
      "total_exp": "20 years"
     }
    ],
    "load": [
     {
      "comment": "of 0.50%, if the units are switched out within 30 days from the date of allotment of units • If the units are redeemed/switched out after 30 days from the date of allotment of units - \"NIL\" ` 301.05 lacs.",
      "type": "exit"
     }
    ],
    "main_scheme_name": "Bank of India Arbitrage Fund",
    "metrics": [
     {
      "name": "mod_duration",
      "value": "0.20 Years"
     },
     {
      "name": "avg_maturity",
      "value": "0.20 Years"
     },
     {
      "name": "macaulay",
      "value": "0.20 Years"
     }
    ],
    "min_addl_amt": "1,000",
    "min_addl_amt_multiple": "1",
    "min_amt": "5,000",
    "min_amt_multiple": "1",
    "monthly_aaum_date": "20250228",
    "monthly_aaum_value": "43.38 Crs",
    "mutual_fund_name": "Bank of India Mutual Fund",
    "scheme_launch_date": "20180618"
   }
  },
  {
   "value": {
    "amc_name": "BOI STAR Investment Managers Private Limited",
    "benchmark_index": [
     "Tier 1: CRISIL Liquid Debt A-I Index"
    ],
    "field_location": [
     {
      "amc_name": "21",
      "benchmark_index": "21",
      "count": 20,
      "fund_manager_managing_fund_since": "21",
      "fund_manager_name": "21",
      "fund_manager_total_exp": "21",
      "load_exit": "21",
      "main_scheme_name": "21",
      "metrics_avg_maturity": "21",
      "metrics_macaulay": "21",
      "min_addl_amt": "21",
      "min_addl_amt_multiple": "21",
      "min_amt": "21",
      "min_amt_multiple": "21",
      "monthly_aaum_date": "21",
      "monthly_aaum_value": "21",
      "mutual_fund_name": "21",
      "scheme_launch_date": "21"
     }
    ],
    "fund_manager": [
     {
      "managing_fund_since": "august 17, 2021",
      "name": "Mr. Mithraem Bharucha",
      "qualification": "",
      "total_exp": "15 years"
     }
    ],
    "load": [
     {
      "comment": "(as a % of redemption proceeds) 0.0070% 0.0065% 0.0060% 0.0055% 0.0050% 0.0045% Nil ` 666.92 lacs.",
      "type": "exit"
     }
    ],
    "main_scheme_name": "Bank of India Liquid Fund",
    "metrics": [
     {
      "name": "avg_maturity",
      "value": "0.14 Years"
     },
     {
      "name": "macaulay",
      "value": "0.14 Years"
     }
    ],
    "min_addl_amt": "1,000",
    "min_addl_amt_multiple": "1",
    "min_amt": "5,000",
    "min_amt_multiple": "1",
    "monthly_aaum_date": "20250228",
    "monthly_aaum_value": "1,842.48 Crs",
    "mutual_fund_name": "Bank of India Mutual Fund",
    "scheme_launch_date": "20080716"
   }
  },
  {
   "value": {
    "amc_name": "BOI STAR Investment Managers Private Limited",
    "benchmark_index": [
     "Tier 1: CRISIL Money Market A-1 Index"
    ],
    "field_location": [
     {
      "amc_name": "22",
      "benchmark_index": "22",
      "count": 20,
      "fund_manager_name": "22",
      "fund_manager_total_exp": "22",
      "main_scheme_name": "22",
      "metrics_avg_maturity": "22",
      "metrics_macaulay": "22",
      "min_addl_amt": "22",
      "min_addl_amt_multiple": "22",
      "min_amt": "22",
      "min_amt_multiple": "22",
      "monthly_aaum_date": "22",
      "monthly_aaum_value": "22",
      "mutual_fund_name": "22",
      "scheme_launch_date": "22"
     }
    ],
    "fund_manager": [
     {
      "managing_fund_since": "",
      "name": "Mr. Mithraem Bharucha",
      "qualification": "",
      "total_exp": "15 years"
     }
    ],
    "main_scheme_name": "Bank of India Money Market Fund",
    "metrics": [
     {
      "name": "avg_maturity",
      "value": "0.81 Years"
     },
     {
      "name": "macaulay",
      "value": "0.87 Years"
     }
    ],
    "min_addl_amt": "1,000",
    "min_addl_amt_multiple": "1",
    "min_amt": "5,000",
    "min_amt_multiple": "1",
    "monthly_aaum_date": "20250228",
    "monthly_aaum_value": "232.87 Crs",
    "mutual_fund_name": "Bank of India Mutual Fund",
    "scheme_launch_date": "20250204"
   }
  },
  {
   "value": {
    "amc_name": "BOI STAR Investment Managers Private Limited",
    "benchmark_index": [
     "Tier 1: CRISIL Ultra Short Duration Debt A-I Index"
    ],
    "field_location": [
     {
      "amc_name": "23",
      "benchmark_index": "23",
      "count": 20,
      "fund_manager_managing_fund_since": "23",
      "fund_manager_name": "23",
      "fund_manager_total_exp": "23",
      "main_scheme_name": "23",
      "metrics_avg_maturity": "23",
      "min_addl_amt": "23",
      "min_addl_amt_multiple": "23",
      "min_amt": "23",
      "min_amt_multiple": "23",
      "monthly_aaum_date": "23",
      "monthly_aaum_value": "23",
      "mutual_fund_name": "23",
      "scheme_launch_date": "23"
     }
    ],
    "fund_manager": [
     {
      "managing_fund_since": "august 17, 2021",
      "name": "Mr. Mithraem Bharucha",
      "qualification": "",
      "total_exp": "15 years"
     }
    ],
    "main_scheme_name": "Bank of India Ultra Short Duration Fund",
    "metrics": [
     {
      "name": "avg_maturity",
      "value": "0.48 Years"
     }
    ],
    "min_addl_amt": "1,000",
    "min_addl_amt_multiple": "1",
    "min_amt": "5,000",
    "min_amt_multiple": "1",
    "monthly_aaum_date": "20250228",
    "monthly_aaum_value": "161.98 Crs",
    "mutual_fund_name": "Bank of India Mutual Fund",
    "scheme_launch_date": "20080716"
   }
  },
  {
   "value": {
    "amc_name": "BOI STAR Investment Managers Private Limited",
    "benchmark_index": [
     "Tier 1: CRISIL Credit Risk Debt B-II Index"
    ],
    "field_location": [
     {
      "amc_name": "24",
      "benchmark_index": "24",
      "count": 20,
      "fund_manager_managing_fund_since": "24",
      "fund_manager_name": "24",
      "fund_manager_total_exp": "24",
      "main_scheme_name": "24",
      "metrics_avg_maturity": "24",
      "metrics_macaulay": "24",
      "min_addl_amt": "24",
      "min_addl_amt_multiple": "24",
      "min_amt": "24",
      "min_amt_multiple": "24",
      "monthly_aaum_date": "24",
      "monthly_aaum_value": "24",
      "mutual_fund_name": "24",
      "scheme_launch_date": "24"
     }
    ],
    "fund_manager": [
     {
      "managing_fund_since": "february 27, 2015",
      "name": "Mr. Alok Singh",
      "qualification": "",
      "total_exp": "20 years"
     }
    ],
    "main_scheme_name": "Bank of India Credit Risk Fund",
    "metrics": [
     {
      "name": "avg_maturity",
      "value": "0.57 Years"
     },
     {
      "name": "macaulay",
      "value": "0.60 Years"
     }
    ],
    "min_addl_amt": "1,000",
    "min_addl_amt_multiple": "1",
    "min_amt": "5,000",
    "min_amt_multiple": "1",
    "monthly_aaum_date": "20250228",
    "monthly_aaum_value": "113.49 Crs",
    "mutual_fund_name": "Bank of India Mutual Fund",
    "scheme_launch_date": "20150227"
   }
  },
  {
   "value": {
    "amc_name": "BOI STAR Investment Managers Private Limited",
    "benchmark_index": [
     "Tier 1: CRISIL Liquid Overnight Index"
    ],
    "field_location": [
     {
      "amc_name": "25",
      "benchmark_index": "25",
      "count": 20,
      "fund_manager_managing_fund_since": "25",
      "fund_manager_name": "25",
      "fund_manager_total_exp": "25",
      "main_scheme_name": "25",
      "metrics_avg_maturity": "25",
      "metrics_macaulay": "25",
      "min_amt": "25",
      "min_amt_multiple": "25",
      "monthly_aaum_date": "25",
      "monthly_aaum_value": "25",
      "mutual_fund_name": "25",
      "scheme_launch_date": "25"
     }
    ],
    "fund_manager": [
     {
      "managing_fund_since": "august 17, 2021",
      "name": "Mr. Mithraem Bharucha",
      "qualification": "",
      "total_exp": "15 years"
     }
    ],
    "main_scheme_name": "Bank of India Overnight Fund",
    "metrics": [
     {
      "name": "avg_maturity",
      "value": "1"
     },
     {
      "name": "macaulay",
      "value": "1 Day"
     }
    ],
    "min_amt": "5,000",
    "min_amt_multiple": "1",
    "monthly_aaum_date": "20250228",
    "monthly_aaum_value": "97.21 Crs",
    "mutual_fund_name": "Bank of India Mutual Fund",
    "scheme_launch_date": "20200128"
   }
  },
  {
   "value": {
    "amc_name": "BOI STAR Investment Managers Private Limited",
    "benchmark_index": [
     "Tier 1: CRISIL Short Duration Debt A-II Index"
    ],
    "field_location": [
     {
      "amc_name": "26",
      "benchmark_index": "26",
      "count": 20,
      "fund_manager_managing_fund_since": "26",
      "fund_manager_name": "26",
      "fund_manager_total_exp": "26",
      "main_scheme_name": "26",
      "metrics_avg_maturity": "26",
      "metrics_mod_duration": "26",
      "min_amt": "26",
      "min_amt_multiple": "26",
      "monthly_aaum_date": "26",
      "monthly_aaum_value": "26",
      "mutual_fund_name": "26",
      "scheme_launch_date": "26"
     }
    ],
    "fund_manager": [
     {
      "managing_fund_since": "august 17, 2021",
      "name": "Mr. Mithraem Bharucha",
      "qualification": "",
      "total_exp": "15 years"
     }
    ],
    "main_scheme_name": "Bank of India Short Term Income Fund",
    "metrics": [
     {
      "name": "mod_duration",
      "value": "1"
     },
     {
      "name": "avg_maturity",
      "value": "2.37 Years"
     }
    ],
    "min_amt": "5,000",
    "min_amt_multiple": "1",
    "monthly_aaum_date": "20250228",
    "monthly_aaum_value": "103.29 Crs",
    "mutual_fund_name": "Bank of India Mutual Fund",
    "scheme_launch_date": "20081218"
   }
  }
 ]
}