{
 "metadata": {
  "document_name": "71_28-Feb-25_FS.pdf",
  "file_type": "fs",
  "process_date": "20250319"
 },
 "records": [
  {
   "value": {
    "amc_name": "Zerodha Asset Management Private Limited",
    "benchmark_index": [
     "Nifty LargeMidcap 250 Index-TRI"
    ],
    "field_location": [
     {
      "amc_name": "4",
      "benchmark_index": "4",
      "count": 7,
      "fund_manager_managing_fund_since": "4",
      "fund_manager_name": "4",
      "fund_manager_total_exp": "4",
      "load_exit": "4",
      "main_scheme_name": "4",
      "metrics_port_turnover_ratio": "4",
      "metrics_tracking_error": "4",
      "min_amt": "4",
      "monthly_aaum_date": "4",
      "monthly_aaum_value": "4",
      "mutual_fund_name": "4",
      "scheme_launch_date": "4"
     }
    ],
    "fund_manager": [
     {
      "managing_fund_since": "nov 2023",
      "name": "Kedarnath Mirajkar",
      "qualification": "",
      "total_exp": "19 years"
     },
     {
      "managing_fund_since": "",
      "name": "Rate Liquid",
      "qualification": "",
      "total_exp": ""
     }
    ],
    "load": [
     {
      "comment": "0%",
      "type": "exit"
     }
    ],
    "main_scheme_name": "Zerodha Nifty LargeMidcap 250 Index Fund",
    "metrics": [
     {
      "name": "tracking_error",
      "value": "0.03"
     },
     {
      "name": "port_turnover_ratio",
      "value": "0.13"
     }
    ],
    "min_amt": "₹100",
    "monthly_aaum_date": "31 DEC 2024",
    "monthly_aaum_value": "₹760.83 Cr",
    "mutual_fund_name": "Zerodha Mutual Fund",
    "scheme_launch_date": "8  NOV 2023"
   }
  },
  {
   "value": {
    "amc_name": "Zerodha Asset Management Private Limited",
    "benchmark_index": [
     "Nifty LargeMidcap 250 Index-TRI"
    ],
    "field_location": [
     {
      "amc_name": "6",
      "benchmark_index": "6",
      "count": 7,
      "fund_manager_managing_fund_since": "6",
      "fund_manager_name": "6",
      "fund_manager_total_exp": "6",
      "load_exit": "6",
      "main_scheme_name": "6",
      "metrics_port_turnover_ratio": "6",
      "metrics_tracking_error": "6",
      "min_amt": "6",
      "monthly_aaum_date": "6",
      "monthly_aaum_value": "6",
      "mutual_fund_name": "6",
      "scheme_launch_date": "6"
     }
    ],
    "fund_manager": [
     {
      "managing_fund_since": "nov 2023",
      "name": "Kedarnath Mirajkar",
      "qualification": "",
      "total_exp": "19 years"
     },
     {
      "managing_fund_since": "",
      "name": "Index Fun",
      "qualification": "",
      "total_exp": ""
     },
     {
      "managing_fund_since": "",
      "name": "Rate Liquid",
      "qualification": "",
      "total_exp": ""
     }
    ],
    "load": [
     {
      "comment": "0%",
      "type": "exit"
     }
    ],
    "main_scheme_name": "Zerodha ELSS Tax Saver Nifty LargeMidcap 250 Index Fund",
    "metrics": [
     {
      "name": "tracking_error",
      "value": "0.04"
     },
     {
      "name": "port_turnover_ratio",
      "value": "0.13"
     }
    ],
    "min_amt": "₹500",
    "monthly_aaum_date": "31 DEC 2024",
    "monthly_aaum_value": "₹160.90 Cr",
    "mutual_fund_name": "Zerodha Mutual Fund",
    "scheme_launch_date": "8  NOV 2023"
   }
  },
  {
   "value": {
    "amc_name": "Zerodha Asset Management Private Limited",
    "benchmark_index": [
     "Nifty 1D Rate Index"
    ],
    "field_location": [
     {
      "amc_name": "8",
      "benchmark_index": "8",
      "count": 7,
      "creation_unit": "8",
      "fund_manager_managing_fund_since": "8",
      "fund_manager_total_exp": "8",
      "load_exit": "8",
      "main_scheme_name": "8",
      "metrics_avg_maturity": "8",
      "metrics_macaulay": "8",
      "metrics_tracking_error": "8",
      "monthly_aaum_date": "8",
      "monthly_aaum_value": "8",
      "mutual_fund_name": "8",
      "scheme_launch_date": "8"
     }
    ],
    "fund_manager": [
     {
      "managing_fund_since": "jan 2025",
      "name": "",
      "qualification": "",
      "total_exp": "19 years"
     },
     {
      "managing_fund_since": "",
      "name": "",
      "qualification": "",
      "total_exp": "19 years"
     }
    ],
    "load": [
     {
      "comment": "0%",
      "type": "exit"
     }
    ],
    "main_scheme_name": "Zerodha Nifty 1D Rate Liquid ETF",
    "metrics": [
     {
      "name": "tracking_error",
      "value": "0.02"
     },
     {
      "name": "avg_maturity",
      "value": "0.01 Years"
     },
     {
      "name": "macaulay",
      "value": "0.01 Years"
     }
    ],
    "monthly_aaum_date": "31 DEC 2024",
    "monthly_aaum_value": "₹3670.65 Cr",
    "mutual_fund_name": "Zerodha Mutual Fund",
    "scheme_launch_date": "17  JAN 2024"
   }
  },
  {
   "value": {
    "amc_name": "Zerodha Asset Management Private Limited",
    "benchmark_index": [
     "Domestic Price of Physical Gold"
    ],
    "field_location": [
     {
      "amc_name": "10",
      "benchmark_index": "10",
      "count": 7,
      "creation_unit": "10",
      "fund_manager_managing_fund_since": "10",
      "fund_manager_total_exp": "10",
      "load_exit": "10",
      "main_scheme_name": "10",
      "metrics_tracking_error": "10",
      "monthly_aaum_date": "10",
      "monthly_aaum_value": "10",
      "mutual_fund_name": "10",
      "scheme_launch_date": "10"
     }
    ],
    "fund_manager": [
     {
      "managing_fund_since": "feb 2024",
      "name": "",
      "qualification": "",
      "total_exp": "4 years"
     },
     {
      "managing_fund_since": "sep 2024",
      "name": "",
      "qualification": "",
      "total_exp": "4 years"
     }
    ],
    "load": [
     {
      "comment": "0%",
      "type": "exit"
     }
    ],
    "main_scheme_name": "Zerodha Gold ETF",
    "metrics": [
     {
      "name": "tracking_error",
      "value": "0.36"
     }
    ],
    "monthly_aaum_date": "31 DEC 2024",
    "monthly_aaum_value": "₹180.36 Cr",
    "mutual_fund_name": "Zerodha Mutual Fund",
    "scheme_launch_date": "26  FEB 2024"
   }
  },
  {
   "value": {
    "amc_name": "Zerodha Asset Management Private Limited",
    "benchmark_index": [
     "Nifty 100 Index-TRI"
    ],
    "field_location": [
     {
      "amc_name": "12",
      "benchmark_index": "12",
      "count": 7,
      "creation_unit": "12",
      "fund_manager_managing_fund_since": "12",
      "fund_manager_name": "12",
      "fund_manager_total_exp": "12",
      "load_exit": "12",
      "main_scheme_name": "12",
      "metrics_port_turnover_ratio": "12",
      "metrics_tracking_error": "12",
      "monthly_aaum_date": "12",
      "monthly_aaum_value": "12",
      "mutual_fund_name": "12",
      "scheme_launch_date": "12"
     }
    ],
    "fund_manager": [
     {
      "managing_fund_since": "jun 2024",
      "name": "Mr. Kedarnath Mirajkar",
      "qualification": "",
      "total_exp": "19 years"
     },
     {
      "managing_fund_since": "",
      "name": "Rate Liquid",
      "qualification": "",
      "total_exp": ""
     }
    ],
    "load": [
     {
      "comment": "0%",
      "type": "exit"
     }
    ],
    "main_scheme_name": "Zerodha Nifty 100 ETF",
    "metrics": [
     {
      "name": "tracking_error",
      "value": "0.07"
     },
     {
      "name": "port_turnover_ratio",
      "value": "0.03"
     }
    ],
    "monthly_aaum_date": "31 DEC 2024",
    "monthly_aaum_value": "₹42.06 Cr",
    "mutual_fund_name": "Zerodha Mutual Fund",
    "scheme_launch_date": "12  JUN 2024"
   }
  },
  {
   "value": {
    "amc_name": "Zerodha Asset Management Private Limited",
    "benchmark_index": [
     "Nifty Midcap 150 Index-TRI"
    ],
    "field_location": [
     {
      "amc_name": "14",
      "benchmark_index": "14",
      "count": 7,
      "creation_unit": "14",
      "fund_manager_managing_fund_since": "14",
      "fund_manager_total_exp": "14",
      "load_exit": "14",
      "main_scheme_name": "14",
      "metrics_port_turnover_ratio": "14",
      "metrics_tracking_error": "14",
      "monthly_aaum_date": "14",
      "monthly_aaum_value": "14",
      "mutual_fund_name": "14",
      "scheme_launch_date": "14"
     }
    ],
    "fund_manager": [
     {
      "managing_fund_since": "jun 2024",
      "name": "",
      "qualification": "",
      "total_exp": "19 years"
     },
     {
      "managing_fund_since": "",
      "name": "",
      "qualification": "",
      "total_exp": "19 years"
     }
    ],
    "load": [
     {
      "comment": "0%",
      "type": "exit"
     }
    ],
    "main_scheme_name": "Zerodha Nifty Midcap 150 ETF",
    "metrics": [
     {
      "name": "tracking_error",
      "value": "0.07"
     },
     {
      "name": "port_turnover_ratio",
      "value": "0.16"
     }
    ],
    "monthly_aaum_date": "31 DEC 2024",
    "monthly_aaum_value": "₹51.25 Cr",
    "mutual_fund_name": "Zerodha Mutual Fund",
    "scheme_launch_date": "12  JUN 2024"
   }
  },
  {
   "value": {
    "amc_name": "Zerodha Asset Management Private Limited",
    "benchmark_index": [
     "Domestic Price of Physical Gold"
    ],
    "field_location": [
     {
      "amc_name": "16",
      "benchmark_index": "16",
      "count": 7,
      "fund_manager_managing_fund_since": "16",
      "fund_manager_total_exp": "16",
      "load_exit": "16",
      "main_scheme_name": "16",
      "monthly_aaum_date": "16",
      "monthly_aaum_value": "16",
      "mutual_fund_name": "16",
      "scheme_launch_date": "16"
     }
    ],
    "fund_manager": [
     {
      "managing_fund_since": "nov 2024",
      "name": "",
      "qualification": "",
      "total_exp": "4 years"
     },
     {
      "managing_fund_since": "nov 2024",
      "name": "",
      "qualification": "",
      "total_exp": "19 years"
     },
     {
      "managing_fund_since": "",
      "name": "",
      "qualification": "",
      "total_exp": "4 years"
     },
     {
      "managing_fund_since": "",
      "name": "",
      "qualification": "",
      "total_exp": "19 years"
     }
    ],
    "load": [
     {
      "comment": "0%",
      "type": "exit"
     }
    ],
    "main_scheme_name": "Zerodha Gold ETF FoF",
    "monthly_aaum_date": "31 DEC 2024",
    "monthly_aaum_value": "₹35.00 Cr",
    "mutual_fund_name": "Zerodha Mutual Fund",
    "scheme_launch_date": "13  NOV 2024"
   }
  }
 ]
}