{
    "canara robeco flexicap fund (crfcf)": {
        "amc_name": "Canara Robeco Asset Management Company Limited",
        "benchmark_index": "BSE 500 TRI",
        "fund_manager": [
            {
                "managing_fund_since": "5-July-16",
                "name": "Shridatta Bhandwaldar",
                "qualification": "",
                "total_exp": "19 Years"
            },
            {
                "managing_fund_since": "6-Nov-23",
                "name": "Pranav Gokhale",
                "qualification": "",
                "total_exp": "23 Years"
            }
        ],
        "load": {
            "entry_load": "Nil",
            "exit_load": "1 - if redeemedswitched out within 1 year from the date of allotment. Nil  if redeemed  switched out after 1 year from the date of allotment."
        },
        "main_scheme_name": "canara robeco flexicap fund (crfcf)",
        "metrics": {
            "alpha": null,
            "arithmetic_mean_ratio": null,
            "average_div_yld": null,
            "average_pb": null,
            "average_pe": null,
            "avg_maturity": null,
            "beta": "0.87",
            "correlation_ratio": null,
            "downside_deviation": null,
            "information_ratio": null,
            "macaulay": null,
            "mod_duration": null,
            "port_turnover_ratio": "0.3",
            "r_squared_ratio": null,
            "roe_ratio": null,
            "rsquared": "0.95",
            "sharpe": "0.42",
            "sortino_ratio": null,
            "std_dev": "12.40",
            "tracking_error": null,
            "treynor_ratio": null,
            "upside_deviation": null,
            "ytm": null
        },
        "min_addl_amt": null,
        "min_addl_amt_multiple": null,
        "min_amt": "5000",
        "min_amt_multiple": "1",
        "monthly_aaum_date": "31MARCH2025",
        "monthly_aaum_value": "12,421.79 Crores",
        "mutual_fund_name": "Canara Robeco Mutual Fund",
        "page_number": [
            8
        ],
        "scheme_launch_date": "September 16, 2003"
    },
    "canara robeco blue chip equity fund (crbcef)": {
        "amc_name": "Canara Robeco Asset Management Company Limited",
        "benchmark_index": "BSE 100 TRI",
        "fund_manager": [
            {
                "managing_fund_since": "5-July-16",
                "name": "Shridatta Bhandwaldar",
                "qualification": "",
                "total_exp": "19 Years"
            },
            {
                "managing_fund_since": "01-June-21",
                "name": "Vishal Mishra",
                "qualification": "",
                "total_exp": "21 Years"
            }
        ],
        "load": {
            "entry_load": "Nil",
            "exit_load": "1 - if redeemedswitched out within 1 year from the date of allotment. Nil  if redeemed  switched out after 1 year from the date of allotment"
        },
        "main_scheme_name": "canara robeco blue chip equity fund (crbcef)",
        "metrics": {
            "alpha": null,
            "arithmetic_mean_ratio": null,
            "average_div_yld": null,
            "average_pb": null,
            "average_pe": null,
            "avg_maturity": null,
            "beta": "0.87",
            "correlation_ratio": null,
            "downside_deviation": null,
            "information_ratio": null,
            "macaulay": null,
            "mod_duration": null,
            "port_turnover_ratio": "0.25",
            "r_squared_ratio": null,
            "roe_ratio": null,
            "rsquared": "0.97",
            "sharpe": "0.54",
            "sortino_ratio": null,
            "std_dev": "11.50",
            "tracking_error": null,
            "treynor_ratio": null,
            "upside_deviation": null,
            "ytm": null
        },
        "min_addl_amt": null,
        "min_addl_amt_multiple": null,
        "min_amt": "5000",
        "min_amt_multiple": "1",
        "monthly_aaum_date": "31MARCH2025",
        "monthly_aaum_value": "14,556.17 Crores",
        "mutual_fund_name": "Canara Robeco Mutual Fund",
        "page_number": [
            9
        ],
        "scheme_launch_date": "August 20, 2010"
    },
    "canara robeco emerging equities (cree)": {
        "amc_name": "Canara Robeco Asset Management Company Limited",
        "benchmark_index": "NIFTY Large Midcap 250 TRI",
        "fund_manager": [
            {
                "managing_fund_since": "28-Aug-23",
                "name": "Amit Nadekar",
                "qualification": "",
                "total_exp": "21 Years"
            },
            {
                "managing_fund_since": "01-Oct-19",
                "name": "Shridatta Bhandwaldar",
                "qualification": "",
                "total_exp": "19 Years"
            }
        ],
        "load": {
            "entry_load": "Nil",
            "exit_load": "1 - If redeemedswitched out within 1 year from the date of allotment  Source ICRA MFI Explorer   Monthend AUM as on 31.01.2 management fees.  Please refer page no. 59 for Definition"
        },
        "main_scheme_name": "canara robeco emerging equities (cree)",
        "metrics": {
            "alpha": null,
            "arithmetic_mean_ratio": null,
            "average_div_yld": null,
            "average_pb": null,
            "average_pe": null,
            "avg_maturity": null,
            "beta": "0.89",
            "correlation_ratio": null,
            "downside_deviation": null,
            "information_ratio": null,
            "macaulay": null,
            "mod_duration": null,
            "port_turnover_ratio": "0.65",
            "r_squared_ratio": null,
            "roe_ratio": null,
            "rsquared": "0.91",
            "sharpe": "0.56",
            "sortino_ratio": null,
            "std_dev": "13.30",
            "tracking_error": null,
            "treynor_ratio": null,
            "upside_deviation": null,
            "ytm": null
        },
        "min_addl_amt": null,
        "min_addl_amt_multiple": null,
        "min_amt": "5000",
        "min_amt_multiple": "1",
        "monthly_aaum_date": "31MARCH2025",
        "monthly_aaum_value": "23,809.72 Crores",
        "mutual_fund_name": "Canara Robeco Mutual Fund",
        "page_number": [
            10
        ],
        "scheme_launch_date": "March 11, 2005"
    },
    "canara robeco small cap fund (crscf)": {
        "amc_name": "Canara Robeco Asset Management Company Limited",
        "benchmark_index": "Nifty Smallcap 250 Index TRI",
        "fund_manager": [
            {
                "managing_fund_since": "06-Nov-23",
                "name": "Pranav Gokhale",
                "qualification": "",
                "total_exp": "23 Years"
            },
            {
                "managing_fund_since": "01-Oct-19",
                "name": "Shridatta Bhandwaldar",
                "qualification": "",
                "total_exp": "19 Years"
            }
        ],
        "load": {
            "entry_load": "Nil",
            "exit_load": "In respect of each purchase  switch-in of units,1 - if Units are redeemed  switched-out within 1  12 Source ICRA MFI E"
        },
        "main_scheme_name": "canara robeco small cap fund (crscf)",
        "metrics": {
            "alpha": null,
            "arithmetic_mean_ratio": null,
            "average_div_yld": null,
            "average_pb": null,
            "average_pe": null,
            "avg_maturity": null,
            "beta": "0.72",
            "correlation_ratio": null,
            "downside_deviation": null,
            "information_ratio": null,
            "macaulay": null,
            "mod_duration": null,
            "port_turnover_ratio": "0.26",
            "r_squared_ratio": null,
            "roe_ratio": null,
            "rsquared": "0.90",
            "sharpe": "0.63",
            "sortino_ratio": null,
            "std_dev": "15.24",
            "tracking_error": null,
            "treynor_ratio": null,
            "upside_deviation": null,
            "ytm": null
        },
        "min_addl_amt": null,
        "min_addl_amt_multiple": null,
        "min_amt": "5000",
        "min_amt_multiple": "1",
        "monthly_aaum_date": "31MARCH2025",
        "monthly_aaum_value": "11,884.61 Crores",
        "mutual_fund_name": "Canara Robeco Mutual Fund",
        "page_number": [
            11
        ],
        "scheme_launch_date": "February 15, 2019"
    },
    "canara robeco infrastructure (cri)": {
        "amc_name": "Canara Robeco Asset Management Company Limited",
        "benchmark_index": "BSE India Infrastructure TRI  Source ICRA MFI Explorer   Monthend AUM as on 31.01.2 management fees.  Please refer page no. 59 for Definition",
        "fund_manager": [
            {
                "managing_fund_since": "26-June-21",
                "name": "Vishal Mishra",
                "qualification": "",
                "total_exp": "21 Years"
            },
            {
                "managing_fund_since": "29-Sept-18",
                "name": "Shridatta Bhandwaldar",
                "qualification": "",
                "total_exp": "19 Years"
            }
        ],
        "load": {
            "entry_load": "Nil",
            "exit_load": "1 - if redeemedswitched out within 1 year from the date of allotment. Nil  if redeemed  switched out after 1 year from the date of allotment"
        },
        "main_scheme_name": "canara robeco infrastructure (cri)",
        "metrics": {
            "alpha": null,
            "arithmetic_mean_ratio": null,
            "average_div_yld": null,
            "average_pb": null,
            "average_pe": null,
            "avg_maturity": null,
            "beta": "0.54",
            "correlation_ratio": null,
            "downside_deviation": null,
            "information_ratio": null,
            "macaulay": null,
            "mod_duration": null,
            "port_turnover_ratio": "0.36",
            "r_squared_ratio": null,
            "roe_ratio": null,
            "rsquared": "0.61",
            "sharpe": "0.98",
            "sortino_ratio": null,
            "std_dev": "16.95",
            "tracking_error": null,
            "treynor_ratio": null,
            "upside_deviation": null,
            "ytm": null
        },
        "min_addl_amt": null,
        "min_addl_amt_multiple": null,
        "min_amt": "5000",
        "min_amt_multiple": "1",
        "monthly_aaum_date": "31MARCH2025",
        "monthly_aaum_value": "832.91 Crores",
        "mutual_fund_name": "Canara Robeco Mutual Fund",
        "page_number": [
            12
        ],
        "scheme_launch_date": "December 2, 2005"
    },
    "canara robeco consumer trends fund (crctf)": {
        "amc_name": "Canara Robeco Asset Management Company Limited",
        "benchmark_index": "BSE 100 TRI",
        "fund_manager": [
            {
                "managing_fund_since": "01-Oct-21",
                "name": "Ennette Fernandes",
                "qualification": "",
                "total_exp": "15  Years"
            },
            {
                "managing_fund_since": "01-Oct-19",
                "name": "Shridatta Bhandwaldar",
                "qualification": "",
                "total_exp": "19  Years"
            }
        ],
        "load": {
            "entry_load": "Nil",
            "exit_load": "1 - If redeemedswitched out within 1 year from the date of allotment. Nil - if redeemedswitched out after 1 year from the date of allotment 14"
        },
        "main_scheme_name": "canara robeco consumer trends fund (crctf)",
        "metrics": {
            "alpha": null,
            "arithmetic_mean_ratio": null,
            "average_div_yld": null,
            "average_pb": null,
            "average_pe": null,
            "avg_maturity": null,
            "beta": "0.92",
            "correlation_ratio": null,
            "downside_deviation": null,
            "information_ratio": null,
            "macaulay": null,
            "mod_duration": null,
            "port_turnover_ratio": "0.23",
            "r_squared_ratio": null,
            "roe_ratio": null,
            "rsquared": "0.79",
            "sharpe": "0.68",
            "sortino_ratio": null,
            "std_dev": "13.54",
            "tracking_error": null,
            "treynor_ratio": null,
            "upside_deviation": null,
            "ytm": null
        },
        "min_addl_amt": null,
        "min_addl_amt_multiple": null,
        "min_amt": "5000",
        "min_amt_multiple": "1",
        "monthly_aaum_date": "31MARCH2025",
        "monthly_aaum_value": "1,704.70   Crores",
        "mutual_fund_name": "Canara Robeco Mutual Fund",
        "page_number": [
            13
        ],
        "scheme_launch_date": "September 14, 2009"
    },
    "canara robeco elss tax saver (crets)": {
        "amc_name": "Canara Robeco Asset Management Company Limited",
        "benchmark_index": "BSE 500 TRI",
        "fund_manager": [
            {
                "managing_fund_since": "26-June-21",
                "name": "Vishal Mishra",
                "qualification": "",
                "total_exp": "21 Years"
            },
            {
                "managing_fund_since": "01-Oct-19",
                "name": "Shridatta Bhandwaldar",
                "qualification": "",
                "total_exp": "19 Years"
            }
        ],
        "load": {
            "entry_load": "Nil",
            "exit_load": "Nil"
        },
        "main_scheme_name": "canara robeco elss tax saver (crets)",
        "metrics": {
            "alpha": null,
            "arithmetic_mean_ratio": null,
            "average_div_yld": null,
            "average_pb": null,
            "average_pe": null,
            "avg_maturity": null,
            "beta": "0.88",
            "correlation_ratio": null,
            "downside_deviation": null,
            "information_ratio": null,
            "macaulay": null,
            "mod_duration": null,
            "port_turnover_ratio": "0.3",
            "r_squared_ratio": null,
            "roe_ratio": null,
            "rsquared": "0.95",
            "sharpe": "0.49",
            "sortino_ratio": null,
            "std_dev": "12.53",
            "tracking_error": null,
            "treynor_ratio": null,
            "upside_deviation": null,
            "ytm": null
        },
        "min_addl_amt": null,
        "min_addl_amt_multiple": null,
        "min_amt": "500",
        "min_amt_multiple": "1",
        "monthly_aaum_date": "31MARCH2025",
        "monthly_aaum_value": "8,472.45 Crores",
        "mutual_fund_name": "Canara Robeco Mutual Fund",
        "page_number": [
            14
        ],
        "scheme_launch_date": "March 31, 1993"
    },
    "canara robeco focused equity fund (crfef)": {
        "amc_name": "Canara Robeco Asset Management Company Limited",
        "benchmark_index": "BSE 500 TRI",
        "fund_manager": [
            {
                "managing_fund_since": "17-May-21",
                "name": "Shridatta Bhandwaldar",
                "qualification": "",
                "total_exp": "19 Years"
            },
            {
                "managing_fund_since": "10-April-24",
                "name": "Amit Kadam",
                "qualification": "",
                "total_exp": "14 Years"
            }
        ],
        "load": {
            "entry_load": "Nil",
            "exit_load": "1 - If redeemedswitched out within 365 days from the date of allotment. Nil - if redeemedswitched out after 365 days from the date of allotment"
        },
        "main_scheme_name": "canara robeco focused equity fund (crfef)",
        "metrics": {
            "alpha": null,
            "arithmetic_mean_ratio": null,
            "average_div_yld": null,
            "average_pb": null,
            "average_pe": null,
            "avg_maturity": null,
            "beta": "0.84",
            "correlation_ratio": null,
            "downside_deviation": null,
            "information_ratio": null,
            "macaulay": null,
            "mod_duration": null,
            "port_turnover_ratio": "0.51",
            "r_squared_ratio": null,
            "roe_ratio": null,
            "rsquared": "0.91",
            "sharpe": "0.66",
            "sortino_ratio": null,
            "std_dev": "12.26",
            "tracking_error": null,
            "treynor_ratio": null,
            "upside_deviation": null,
            "ytm": null
        },
        "min_addl_amt": null,
        "min_addl_amt_multiple": null,
        "min_amt": "5,000.00",
        "min_amt_multiple": "1.00",
        "monthly_aaum_date": "31MARCH2025",
        "monthly_aaum_value": "2,471.67 Crores",
        "mutual_fund_name": "Canara Robeco Mutual Fund",
        "page_number": [
            15
        ],
        "scheme_launch_date": "May 17, 2021"
    },
    "canara robeco value fund (crvf)": {
        "amc_name": "Canara Robeco Asset Management Company Limited",
        "benchmark_index": "BSE 500 TRI",
        "fund_manager": [
            {
                "managing_fund_since": "03-September -21",
                "name": "Vishal Mishra",
                "qualification": "",
                "total_exp": "21 Years"
            },
            {
                "managing_fund_since": "01-October -21",
                "name": "Silky Jain",
                "qualification": "",
                "total_exp": "14 Years"
            }
        ],
        "load": {
            "entry_load": "Nil  Source ICRA MFI Explorer   Monthend AUM as on 31.01.2 GST on investment management fees.  Please refer page n",
            "exit_load": "1 - If redeemedswitched out within 365 days from the date of allotment. Nil - if redeemedswitched out after 365 days from the date of allotment"
        },
        "main_scheme_name": "canara robeco value fund (crvf)",
        "metrics": {
            "alpha": null,
            "arithmetic_mean_ratio": null,
            "average_div_yld": null,
            "average_pb": null,
            "average_pe": null,
            "avg_maturity": null,
            "beta": "0.88",
            "correlation_ratio": null,
            "downside_deviation": null,
            "information_ratio": null,
            "macaulay": null,
            "mod_duration": null,
            "port_turnover_ratio": "0.4",
            "r_squared_ratio": null,
            "roe_ratio": null,
            "rsquared": "0.95",
            "sharpe": "0.89",
            "sortino_ratio": null,
            "std_dev": "12.51",
            "tracking_error": null,
            "treynor_ratio": null,
            "upside_deviation": null,
            "ytm": null
        },
        "min_addl_amt": null,
        "min_addl_amt_multiple": null,
        "min_amt": "5,000.00",
        "min_amt_multiple": "1.00",
        "monthly_aaum_date": "31MARCH2025",
        "monthly_aaum_value": "1,217.10 Crores",
        "mutual_fund_name": "Canara Robeco Mutual Fund",
        "page_number": [
            16
        ],
        "scheme_launch_date": "September 03, 2021"
    },
    "canara robeco mid cap fund (crmcf)": {
        "amc_name": "Canara Robeco Asset Management Company Limited",
        "benchmark_index": "BSE 150 Mid Cap TRI",
        "fund_manager": [
            {
                "managing_fund_since": "06-November-23",
                "name": "Pranav Gokhale",
                "qualification": "",
                "total_exp": "23 Years"
            },
            {
                "managing_fund_since": "02 - December - 22",
                "name": "Shridatta Bhandwaldar",
                "qualification": "",
                "total_exp": "19 Years"
            }
        ],
        "load": {
            "entry_load": "N.A",
            "exit_load": "In respect of each purchase  switch-in of units 1 - If redeemedswitched out within 365 days from the date of allotment. Nil - if redeemedswitched out after 365 days from the date of allotment"
        },
        "main_scheme_name": "canara robeco mid cap fund (crmcf)",
        "metrics": {
            "alpha": null,
            "arithmetic_mean_ratio": null,
            "average_div_yld": null,
            "average_pb": null,
            "average_pe": null,
            "avg_maturity": null,
            "beta": null,
            "correlation_ratio": null,
            "downside_deviation": null,
            "information_ratio": null,
            "macaulay": null,
            "mod_duration": null,
            "port_turnover_ratio": null,
            "r_squared_ratio": null,
            "roe_ratio": null,
            "sharpe": null,
            "sortino_ratio": null,
            "std_dev": null,
            "tracking_error": null,
            "treynor_ratio": null,
            "upside_deviation": null,
            "ytm": null
        },
        "min_addl_amt": null,
        "min_addl_amt_multiple": null,
        "min_amt": "5,000.00",
        "min_amt_multiple": "1.00",
        "monthly_aaum_date": "31MARCH2025",
        "monthly_aaum_value": "2,669.57 Crores",
        "mutual_fund_name": "Canara Robeco Mutual Fund",
        "page_number": [
            17
        ],
        "scheme_launch_date": "December 02, 2022"
    },
    "canara robeco multi cap fund (crmucf)": {
        "amc_name": "Canara Robeco Asset Management Company Limited",
        "benchmark_index": "NIFTY 500 Multicap 502525 Index TRI",
        "fund_manager": [
            {
                "managing_fund_since": "28- July-2023",
                "name": "Shridatta Bhandwaldar",
                "qualification": "",
                "total_exp": "19 Years"
            },
            {
                "managing_fund_since": "28- July-2023",
                "name": "Vishal Mishra",
                "qualification": "",
                "total_exp": "21 Years"
            }
        ],
        "load": {
            "entry_load": "Nil",
            "exit_load": "1 - If redeemedswitched out within 365 days from the date of allotment. Nil - if redeemedswitched out after 365 days from the date of allotment"
        },
        "main_scheme_name": "canara robeco multi cap fund (crmucf)",
        "metrics": {
            "alpha": null,
            "arithmetic_mean_ratio": null,
            "average_div_yld": null,
            "average_pb": null,
            "average_pe": null,
            "avg_maturity": null,
            "beta": null,
            "correlation_ratio": null,
            "downside_deviation": null,
            "information_ratio": null,
            "macaulay": null,
            "mod_duration": null,
            "port_turnover_ratio": null,
            "r_squared_ratio": null,
            "roe_ratio": null,
            "sharpe": null,
            "sortino_ratio": null,
            "std_dev": null,
            "tracking_error": null,
            "treynor_ratio": null,
            "upside_deviation": null,
            "ytm": null
        },
        "min_addl_amt": null,
        "min_addl_amt_multiple": null,
        "min_amt": "5,000.00",
        "min_amt_multiple": "1.00",
        "monthly_aaum_date": "31MARCH2025",
        "monthly_aaum_value": "3,831.68 Crores",
        "mutual_fund_name": "Canara Robeco Mutual Fund",
        "page_number": [
            18
        ],
        "scheme_launch_date": "28th July 2023"
    },
    "canara robeco manufacturing fund (crmtf)": {
        "amc_name": "Canara Robeco Asset Management Company Limited",
        "benchmark_index": "Nifty India Manufacturing TRI",
        "fund_manager": [
            {
                "managing_fund_since": "11- March-2024",
                "name": "Pranav Gokhale",
                "qualification": "",
                "total_exp": "23 Years"
            },
            {
                "managing_fund_since": "11- March-2024",
                "name": "Shridatta Bhandwaldar",
                "qualification": "",
                "total_exp": "19 Years"
            }
        ],
        "load": {
            "entry_load": "Nil",
            "exit_load": "1 - If redeemedswitched out within 365 days from the date of allotment. 20"
        },
        "main_scheme_name": "canara robeco manufacturing fund (crmtf)",
        "metrics": {
            "alpha": null,
            "arithmetic_mean_ratio": null,
            "average_div_yld": null,
            "average_pb": null,
            "average_pe": null,
            "avg_maturity": null,
            "beta": null,
            "correlation_ratio": null,
            "downside_deviation": null,
            "information_ratio": null,
            "macaulay": null,
            "mod_duration": null,
            "port_turnover_ratio": null,
            "r_squared_ratio": null,
            "roe_ratio": null,
            "sharpe": null,
            "sortino_ratio": null,
            "std_dev": null,
            "tracking_error": null,
            "treynor_ratio": null,
            "upside_deviation": null,
            "ytm": null
        },
        "min_addl_amt": null,
        "min_addl_amt_multiple": null,
        "min_amt": "5,000",
        "min_amt_multiple": "1",
        "monthly_aaum_date": "31MARCH2025",
        "monthly_aaum_value": "1,627.80 Crores",
        "mutual_fund_name": "Canara Robeco Mutual Fund",
        "page_number": [
            19
        ],
        "scheme_launch_date": "11th March 2024"
    },
    "canara robeco overnight fund (crof)": {
        "amc_name": "Canara Robeco Asset Management Company Limited",
        "benchmark_index": "CRISIL Liquid Overnight Index",
        "fund_manager": [
            {
                "managing_fund_since": "24-July-19",
                "name": "Suman Prasad",
                "qualification": "",
                "total_exp": "27 Years"
            }
        ],
        "load": {
            "entry_load": "Nil",
            "exit_load": "Nil"
        },
        "main_scheme_name": "canara robeco overnight fund (crof)",
        "metrics": {
            "": "99.49",
            "alpha": null,
            "arithmetic_mean_ratio": null,
            "average_div_yld": null,
            "average_pb": null,
            "average_pe": null,
            "avg_maturity": null,
            "beta": null,
            "correlation_ratio": null,
            "downside_deviation": null,
            "information_ratio": null,
            "macaulay": null,
            "mod_duration": null,
            "port_turnover_ratio": null,
            "r_squared_ratio": null,
            "roe_ratio": null,
            "sharpe": null,
            "sortino_ratio": null,
            "std_dev": null,
            "tracking_error": null,
            "treynor_ratio": null,
            "upside_deviation": null,
            "ytm": null
        },
        "min_addl_amt": null,
        "min_addl_amt_multiple": null,
        "min_amt": "5,000.00",
        "min_amt_multiple": "1.00",
        "monthly_aaum_date": "31MARCH2025",
        "monthly_aaum_value": "382.52 Crores",
        "mutual_fund_name": "Canara Robeco Mutual Fund",
        "page_number": [
            20
        ],
        "scheme_launch_date": "24th July, 2019"
    },
    "canara robeco liquid fund (crl)": {
        "amc_name": "Canara Robeco Asset Management Company Limited",
        "benchmark_index": "CRISIL Liquid Debt A-I Index",
        "fund_manager": [
            {
                "managing_fund_since": "18-July-22",
                "name": "Kunal Jain",
                "qualification": "",
                "total_exp": "17 Years"
            },
            {
                "managing_fund_since": "01-April-22",
                "name": "Avnish Jain",
                "qualification": "",
                "total_exp": "30 Years"
            }
        ],
        "load": {
            "entry_load": "Nil",
            "exit_load": "If redeemed on Day 1 - Exit Load is 0.0070 If redeemed on Day 2 -Exit Load is 0.0065 If redeemed on Day 3 -Exit Load is 0.0060 If redeemed on Day 4 -Exit Load is 0.0055 If redeemed on Day 5 -Exit Load is 0.0050 If redeemed on Day 6 -Exit Load is 0.0045 If redeemed on or after Day 7 -  Exit Load is Nil"
        },
        "main_scheme_name": "canara robeco liquid fund (crl)",
        "metrics": {
            "alpha": null,
            "arithmetic_mean_ratio": null,
            "average_div_yld": null,
            "average_pb": null,
            "average_pe": null,
            "avg_maturity": "0.11 Years",
            "beta": null,
            "correlation_ratio": null,
            "downside_deviation": null,
            "information_ratio": null,
            "macaulay": "0.11 Years",
            "mod_duration": "0.10 Years",
            "port_turnover_ratio": null,
            "r_squared_ratio": null,
            "roe_ratio": null,
            "sharpe": null,
            "sortino_ratio": null,
            "std_dev": null,
            "tracking_error": null,
            "treynor_ratio": null,
            "upside_deviation": null,
            "ytm": "7.26"
        },
        "min_addl_amt": null,
        "min_addl_amt_multiple": null,
        "min_amt": "5000",
        "min_amt_multiple": "1",
        "monthly_aaum_date": "31MARCH2025",
        "monthly_aaum_value": "4,444.53 Crores",
        "mutual_fund_name": "Canara Robeco Mutual Fund",
        "page_number": [
            21
        ],
        "scheme_launch_date": "January 15, 2002"
    },
    "canara robeco ultra short term fund (crustf)": {
        "amc_name": "Canara Robeco Asset Management Company Limited",
        "benchmark_index": "CRISIL Ultra Short Duration Debt A-I Index",
        "fund_manager": [
            {
                "managing_fund_since": "16-Sept.-24",
                "name": "Kunal Jain",
                "qualification": "",
                "total_exp": "17 Years"
            },
            {
                "managing_fund_since": "01-April-22",
                "name": "Avnish Jain",
                "qualification": "",
                "total_exp": "30  Years"
            }
        ],
        "load": {
            "entry_load": "Nil",
            "exit_load": "Nil"
        },
        "main_scheme_name": "canara robeco ultra short term fund (crustf)",
        "metrics": {
            "alpha": null,
            "arithmetic_mean_ratio": null,
            "average_div_yld": null,
            "average_pb": null,
            "average_pe": null,
            "avg_maturity": "0.69 Years",
            "beta": null,
            "correlation_ratio": null,
            "downside_deviation": null,
            "information_ratio": null,
            "macaulay": "0.45 Years",
            "mod_duration": "0.42 Years",
            "port_turnover_ratio": null,
            "r_squared_ratio": null,
            "roe_ratio": null,
            "sharpe": null,
            "sortino_ratio": null,
            "std_dev": null,
            "tracking_error": null,
            "treynor_ratio": null,
            "upside_deviation": null,
            "ytm": "7.57"
        },
        "min_addl_amt": null,
        "min_addl_amt_multiple": null,
        "min_amt": "500",
        "min_amt_multiple": "1",
        "monthly_aaum_date": "31MARCH2025",
        "monthly_aaum_value": "568.96 Crores",
        "mutual_fund_name": "Canara Robeco Mutual Fund",
        "page_number": [
            22
        ],
        "scheme_launch_date": "September 16, 2003"
    },
    "canara robeco savings fund (crsf)": {
        "amc_name": "Canara Robeco Asset Management Company Limited",
        "benchmark_index": "CRISIL Low Duration Debt A-I Index",
        "fund_manager": [
            {
                "managing_fund_since": "18-July-22",
                "name": "Kunal Jain",
                "qualification": "",
                "total_exp": "17 Years"
            },
            {
                "managing_fund_since": "01-April-22",
                "name": "Avnish Jain",
                "qualification": "",
                "total_exp": "30 Years"
            }
        ],
        "load": {
            "entry_load": "Nil",
            "exit_load": "Nil"
        },
        "main_scheme_name": "canara robeco savings fund (crsf)",
        "metrics": {
            "alpha": null,
            "arithmetic_mean_ratio": null,
            "average_div_yld": null,
            "average_pb": null,
            "average_pe": null,
            "avg_maturity": "0.89 Years",
            "beta": null,
            "correlation_ratio": null,
            "downside_deviation": null,
            "information_ratio": null,
            "macaulay": "0.83 Years",
            "mod_duration": "0.78 Years",
            "port_turnover_ratio": null,
            "r_squared_ratio": null,
            "roe_ratio": null,
            "sharpe": null,
            "sortino_ratio": null,
            "std_dev": null,
            "tracking_error": null,
            "treynor_ratio": null,
            "upside_deviation": null,
            "ytm": "7.59"
        },
        "min_addl_amt": null,
        "min_addl_amt_multiple": null,
        "min_amt": "5000",
        "min_amt_multiple": "1",
        "monthly_aaum_date": "31MARCH2025",
        "monthly_aaum_value": "836.94 Crores",
        "mutual_fund_name": "Canara Robeco Mutual Fund",
        "page_number": [
            23
        ],
        "scheme_launch_date": "March 4, 2005"
    },
    "canara robeco short duration fund (crsdf)": {
        "amc_name": "Canara Robeco Asset Management Company Limited",
        "benchmark_index": "CRISIL Short Duration Debt A-II Index",
        "fund_manager": [
            {
                "managing_fund_since": "16-Sep-12",
                "name": "Suman Prasad",
                "qualification": "",
                "total_exp": "27 Years"
            },
            {
                "managing_fund_since": "18-July-22",
                "name": "Avnish Jain",
                "qualification": "",
                "total_exp": "30 Years"
            }
        ],
        "load": {
            "entry_load": "Nil",
            "exit_load": "Nil  Source ICRA MFI Explorer  Monthend AUM as on 31.01 GST on investment management fees. Please refer page January 07, 2025 for change in the risk-o-meter of the benc"
        },
        "main_scheme_name": "canara robeco short duration fund (crsdf)",
        "metrics": {
            "": "47.51",
            "alpha": null,
            "arithmetic_mean_ratio": null,
            "average_div_yld": null,
            "average_pb": null,
            "average_pe": null,
            "avg_maturity": null,
            "beta": null,
            "correlation_ratio": null,
            "downside_deviation": null,
            "information_ratio": null,
            "macaulay": null,
            "mod_duration": null,
            "port_turnover_ratio": null,
            "r_squared_ratio": null,
            "roe_ratio": null,
            "sharpe": null,
            "sortino_ratio": null,
            "std_dev": null,
            "tracking_error": null,
            "treynor_ratio": null,
            "upside_deviation": null,
            "ytm": null
        },
        "min_addl_amt": null,
        "min_addl_amt_multiple": null,
        "min_amt": "5000",
        "min_amt_multiple": "1",
        "monthly_aaum_date": "31MARCH2025",
        "monthly_aaum_value": "347.91 Crores",
        "mutual_fund_name": "Canara Robeco Mutual Fund",
        "page_number": [
            24
        ],
        "scheme_launch_date": "25 April, 2011"
    },
    "canara robeco income fund (crinc)": {
        "amc_name": "Canara Robeco Asset Management Company Limited",
        "benchmark_index": "CRISIL Medium to Long Duration Debt A-III Index 26",
        "fund_manager": [
            {
                "managing_fund_since": "25-June-14",
                "name": "Avnish Jain",
                "qualification": "",
                "total_exp": "30 Years"
            },
            {
                "managing_fund_since": "18-July-22",
                "name": "Kunal Jain",
                "qualification": "",
                "total_exp": "17 Years"
            }
        ],
        "load": {
            "entry_load": "Nil",
            "exit_load": "Nil"
        },
        "main_scheme_name": "canara robeco income fund (crinc)",
        "metrics": {
            "": "71.81",
            "alpha": null,
            "arithmetic_mean_ratio": null,
            "average_div_yld": null,
            "average_pb": null,
            "average_pe": null,
            "avg_maturity": null,
            "beta": null,
            "correlation_ratio": null,
            "downside_deviation": null,
            "information_ratio": null,
            "macaulay": null,
            "mod_duration": null,
            "port_turnover_ratio": null,
            "r_squared_ratio": null,
            "roe_ratio": null,
            "sharpe": null,
            "sortino_ratio": null,
            "std_dev": null,
            "tracking_error": null,
            "treynor_ratio": null,
            "upside_deviation": null,
            "ytm": null
        },
        "min_addl_amt": null,
        "min_addl_amt_multiple": null,
        "min_amt": "5000",
        "min_amt_multiple": "1",
        "monthly_aaum_date": "31MARCH2025",
        "monthly_aaum_value": "119.52 Crores",
        "mutual_fund_name": "Canara Robeco Mutual Fund",
        "page_number": [
            25
        ],
        "scheme_launch_date": "September 19, 2002"
    },
    "canara robeco dynamic bond fund (crdbf)": {
        "amc_name": "Canara Robeco Asset Management Company Limited",
        "benchmark_index": "CRISIL Dynamic Bond A-III Index",
        "fund_manager": [
            {
                "managing_fund_since": "18-July-22",
                "name": "Kunal Jain",
                "qualification": "",
                "total_exp": "17 Years"
            },
            {
                "managing_fund_since": "01-April-22",
                "name": "Avnish Jain",
                "qualification": "",
                "total_exp": "30 Years"
            }
        ],
        "load": {
            "entry_load": "Nil",
            "exit_load": "Nil"
        },
        "main_scheme_name": "canara robeco dynamic bond fund (crdbf)",
        "metrics": {
            "": "95.71",
            "alpha": null,
            "arithmetic_mean_ratio": null,
            "average_div_yld": null,
            "average_pb": null,
            "average_pe": null,
            "avg_maturity": null,
            "beta": null,
            "correlation_ratio": null,
            "downside_deviation": null,
            "information_ratio": null,
            "macaulay": null,
            "mod_duration": null,
            "port_turnover_ratio": null,
            "r_squared_ratio": null,
            "roe_ratio": null,
            "sharpe": null,
            "sortino_ratio": null,
            "std_dev": null,
            "tracking_error": null,
            "treynor_ratio": null,
            "upside_deviation": null,
            "ytm": null
        },
        "min_addl_amt": null,
        "min_addl_amt_multiple": null,
        "min_amt": "5000",
        "min_amt_multiple": "1",
        "monthly_aaum_date": "31MARCH2025",
        "monthly_aaum_value": "125.01   Crores",
        "mutual_fund_name": "Canara Robeco Mutual Fund",
        "page_number": [
            26
        ],
        "scheme_launch_date": "May 29, 2009"
    },
    "canara robeco corporate bond fund (crcbf)": {
        "amc_name": "Canara Robeco Asset Management Company Limited",
        "benchmark_index": "CRISIL Corporate Debt A-II Index",
        "fund_manager": [
            {
                "managing_fund_since": "7-Feb-14",
                "name": "Avnish Jain",
                "qualification": "",
                "total_exp": "30 Years"
            },
            {
                "managing_fund_since": "18-July-22",
                "name": "Suman Prasad",
                "qualification": "",
                "total_exp": "27 Years"
            }
        ],
        "load": {
            "entry_load": "Nil",
            "exit_load": "Nil"
        },
        "main_scheme_name": "canara robeco corporate bond fund (crcbf)",
        "metrics": {
            "": "44",
            "alpha": null,
            "arithmetic_mean_ratio": null,
            "average_div_yld": null,
            "average_pb": null,
            "average_pe": null,
            "avg_maturity": null,
            "beta": null,
            "correlation_ratio": null,
            "downside_deviation": null,
            "information_ratio": null,
            "macaulay": null,
            "mod_duration": null,
            "port_turnover_ratio": null,
            "r_squared_ratio": null,
            "roe_ratio": null,
            "sharpe": null,
            "sortino_ratio": null,
            "std_dev": null,
            "tracking_error": null,
            "treynor_ratio": null,
            "upside_deviation": null,
            "ytm": null
        },
        "min_addl_amt": null,
        "min_addl_amt_multiple": null,
        "min_amt": "5000",
        "min_amt_multiple": "1",
        "monthly_aaum_date": "31MARCH2025",
        "monthly_aaum_value": "130.93 Crores",
        "mutual_fund_name": "Canara Robeco Mutual Fund",
        "page_number": [
            27
        ],
        "scheme_launch_date": "7th February, 2014"
    },
    "canara robeco gilt fund (crgilt)": {
        "amc_name": "Canara Robeco Asset Management Company Limited",
        "benchmark_index": "CRISIL Dynamic Gilt Index",
        "fund_manager": [
            {
                "managing_fund_since": "",
                "name": "Kunal Jain",
                "qualification": "",
                "total_exp": "17 Years"
            },
            {
                "managing_fund_since": "",
                "name": "Avnish Jain",
                "qualification": "",
                "total_exp": "30  Years"
            }
        ],
        "load": {
            "entry_load": "Nil",
            "exit_load": "Nil"
        },
        "main_scheme_name": "canara robeco gilt fund (crgilt)",
        "metrics": {
            "": "93.30",
            "alpha": null,
            "arithmetic_mean_ratio": null,
            "average_div_yld": null,
            "average_pb": null,
            "average_pe": null,
            "avg_maturity": null,
            "beta": null,
            "correlation_ratio": null,
            "downside_deviation": null,
            "information_ratio": null,
            "macaulay": null,
            "mod_duration": null,
            "port_turnover_ratio": null,
            "r_squared_ratio": null,
            "roe_ratio": null,
            "sharpe": null,
            "sortino_ratio": null,
            "std_dev": null,
            "tracking_error": null,
            "treynor_ratio": null,
            "upside_deviation": null,
            "ytm": null
        },
        "min_addl_amt": null,
        "min_addl_amt_multiple": null,
        "min_amt": "5000",
        "min_amt_multiple": "1",
        "monthly_aaum_date": "31MARCH2025",
        "monthly_aaum_value": "138.38 Crores",
        "mutual_fund_name": "Canara Robeco Mutual Fund",
        "page_number": [
            28
        ],
        "scheme_launch_date": "December 29, 1999"
    },
    "canara robeco banking and psu debt fund (crbpdf)": {
        "amc_name": "Canara Robeco Asset Management Company Limited",
        "benchmark_index": "CRISIL Banking and PSU Debt A-II Index",
        "fund_manager": [
            {
                "managing_fund_since": "16-Sept.-24",
                "name": "Suman Prasad",
                "qualification": "",
                "total_exp": "27  Years"
            },
            {
                "managing_fund_since": "22-August-22",
                "name": "Avnish Jain",
                "qualification": "",
                "total_exp": "30  Years"
            }
        ],
        "load": {
            "entry_load": "NA",
            "exit_load": "Nil"
        },
        "main_scheme_name": "canara robeco banking and psu debt fund (crbpdf)",
        "metrics": {
            "": "42",
            "alpha": null,
            "arithmetic_mean_ratio": null,
            "average_div_yld": null,
            "average_pb": null,
            "average_pe": null,
            "avg_maturity": null,
            "beta": null,
            "correlation_ratio": null,
            "downside_deviation": null,
            "information_ratio": null,
            "macaulay": null,
            "mod_duration": null,
            "port_turnover_ratio": null,
            "r_squared_ratio": null,
            "roe_ratio": null,
            "sharpe": null,
            "sortino_ratio": null,
            "std_dev": null,
            "tracking_error": null,
            "treynor_ratio": null,
            "upside_deviation": null,
            "ytm": null
        },
        "min_addl_amt": null,
        "min_addl_amt_multiple": null,
        "min_amt": null,
        "min_amt_multiple": null,
        "monthly_aaum_date": "31MARCH2025",
        "monthly_aaum_value": null,
        "mutual_fund_name": "Canara Robeco Mutual Fund",
        "page_number": [
            29
        ],
        "scheme_launch_date": null
    },
    "canara robeco conservative hybrid fund (crchf)": {
        "amc_name": "Canara Robeco Asset Management Company Limited",
        "benchmark_index": "CRISIL Hybrid 8515-Conservative Index",
        "fund_manager": [
            {
                "managing_fund_since": "7-Oct-13",
                "name": "Avnish Jain",
                "qualification": "",
                "total_exp": "30 Years"
            },
            {
                "managing_fund_since": "10-April-24",
                "name": "Amit Kadam",
                "qualification": "",
                "total_exp": "14 Years"
            }
        ],
        "load": {
            "entry_load": "Nil",
            "exit_load": "For any redemption  switch out upto 10 of units within 1 Year from the date of allotment - Nil For any redemption  switch out more than 10 of units within 1 Year from the date of allotment - 1 For any redemption  switch out after 1 Year from the date of allotment - Nil  Source ICRA MFI Explorer  Monthend AUM as on 31 01"
        },
        "main_scheme_name": "canara robeco conservative hybrid fund (crchf)",
        "metrics": {
            "": "48.13",
            "alpha": null,
            "arithmetic_mean_ratio": null,
            "average_div_yld": null,
            "average_pb": null,
            "average_pe": null,
            "avg_maturity": null,
            "beta": null,
            "correlation_ratio": null,
            "downside_deviation": null,
            "information_ratio": null,
            "macaulay": null,
            "mod_duration": null,
            "port_turnover_ratio": null,
            "r_squared_ratio": null,
            "roe_ratio": null,
            "sharpe": null,
            "sortino_ratio": null,
            "std_dev": null,
            "tracking_error": null,
            "treynor_ratio": null,
            "upside_deviation": null,
            "ytm": null
        },
        "min_addl_amt": null,
        "min_addl_amt_multiple": null,
        "min_amt": "5000",
        "min_amt_multiple": "1",
        "monthly_aaum_date": "31MARCH2025",
        "monthly_aaum_value": "938.14 Crores",
        "mutual_fund_name": "Canara Robeco Mutual Fund",
        "page_number": [
            30
        ],
        "scheme_launch_date": "April 24, 1988"
    },
    "canara robeco equity hybrid fund (crehf)": {
        "amc_name": "Canara Robeco Asset Management Company Limited",
        "benchmark_index": "CRISIL Hybrid 3565 - Aggressive Index",
        "fund_manager": [
            {
                "managing_fund_since": "01-Oct-21",
                "name": "Ennette Fernandes",
                "qualification": "",
                "total_exp": "15 Years"
            },
            {
                "managing_fund_since": "5-July-16",
                "name": "Shridatta Bhandwaldar",
                "qualification": "",
                "total_exp": "19 Years"
            },
            {
                "managing_fund_since": "7-Oct-13",
                "name": "Avnish Jain",
                "qualification": "",
                "total_exp": "30 Years"
            }
        ],
        "load": {
            "entry_load": "Nil",
            "exit_load": "For any redemption  switch out upto 10 of units within 1 Year from the date of allotment  Nil. For any redemption  switch out more than 10 of units within 1 Year from the date of  allotment - 1. For any redemption  switch out after 1 Year from the date of allotment - Nil"
        },
        "main_scheme_name": "canara robeco equity hybrid fund (crehf)",
        "metrics": {
            "": "0.6",
            "alpha": null,
            "arithmetic_mean_ratio": null,
            "average_div_yld": null,
            "average_pb": null,
            "average_pe": null,
            "avg_maturity": "7.21 Years",
            "beta": "1.02",
            "correlation_ratio": null,
            "downside_deviation": null,
            "information_ratio": null,
            "macaulay": "3.80 Years",
            "mod_duration": "3.61 Years",
            "port_turnover_ratio": null,
            "r_squared_ratio": null,
            "roe_ratio": null,
            "rsquared": "0.95",
            "sharpe": "0.48",
            "sortino_ratio": null,
            "std_dev": "9.63",
            "tracking_error": null,
            "treynor_ratio": null,
            "upside_deviation": null,
            "ytm": "7.32"
        },
        "min_addl_amt": null,
        "min_addl_amt_multiple": null,
        "min_amt": "5000",
        "min_amt_multiple": "1",
        "monthly_aaum_date": "31MARCH2025",
        "monthly_aaum_value": "10,527.59 Crores",
        "mutual_fund_name": "Canara Robeco Mutual Fund",
        "page_number": [
            31
        ],
        "scheme_launch_date": "February 1, 1993"
    },
    "canara robeco balanced advantage fund (crbaf)": {
        "amc_name": "Canara Robeco Asset Management Company Limited",
        "benchmark_index": "CRISIL Hybrid 5050  Moderate Index",
        "fund_manager": [
            {
                "managing_fund_since": "02-Aug.-24",
                "name": "Shridatta Bhandwaldar",
                "qualification": "",
                "total_exp": "19 Years"
            },
            {
                "managing_fund_since": "02-Aug.-24",
                "name": "Ennette Fernandes",
                "qualification": "",
                "total_exp": "15 Years"
            },
            {
                "managing_fund_since": "02-Aug.-24",
                "name": "Suman Prasad",
                "qualification": "",
                "total_exp": "27 Years"
            },
            {
                "managing_fund_since": "02-Aug.-24",
                "name": "Amit Kadam",
                "qualification": "",
                "total_exp": "14 Years"
            }
        ],
        "load": {
            "entry_load": "Nil",
            "exit_load": "1 - if redeemedswitched out above 12 of allotted units within 365 days from the date of allotment. Nil - if redeemedswitched out upto 12 of allotted units within 365 days from the date of allotment, Nil - if redeemedswitched out after 365 days from the date of allotment"
        },
        "main_scheme_name": "canara robeco balanced advantage fund (crbaf)",
        "metrics": {
            "alpha": null,
            "arithmetic_mean_ratio": null,
            "average_div_yld": null,
            "average_pb": null,
            "average_pe": null,
            "avg_maturity": "5.02 Years",
            "beta": null,
            "correlation_ratio": null,
            "downside_deviation": null,
            "information_ratio": null,
            "macaulay": "3.35 Years",
            "mod_duration": "3.19 Years",
            "port_turnover_ratio": null,
            "r_squared_ratio": null,
            "roe_ratio": null,
            "sharpe": null,
            "sortino_ratio": null,
            "std_dev": null,
            "tracking_error": null,
            "treynor_ratio": null,
            "upside_deviation": null,
            "ytm": "7.23"
        },
        "min_addl_amt": null,
        "min_addl_amt_multiple": null,
        "min_amt": "5,000",
        "min_amt_multiple": "1",
        "monthly_aaum_date": "31MARCH2025",
        "monthly_aaum_value": "1,448.34 Crores",
        "mutual_fund_name": "Canara Robeco Mutual Fund",
        "page_number": [
            32
        ],
        "scheme_launch_date": "2nd August, 2024"
    }
}