{
    "groww large cap fund": {
        "amc_name": "Groww Asset Management Limited",
        "benchmark_index": "NIFTY 100 - TRI",
        "fund_manager": [
            {
                "managing_fund_since": "May 11, 2023",
                "name": "Anupam Tiwari",
                "qualification": "Head-Equity",
                "total_exp": "18 Years"
            }
        ],
        "load": {
            "entry_load": "Not Applicable",
            "exit_load": "a) 1 if redeemed/ switched out within 7 Days from the date of allotment. b) Nil - if redeemed/ switched out after 7 Days from the date of allotment."
        },
        "main_scheme_name": "groww large cap fund",
        "metrics": {
            "alpha": null,
            "arithmetic_mean_ratio": null,
            "average_div_yld": null,
            "average_pb": null,
            "average_pe": null,
            "avg_maturity": null,
            "beta": "0.96",
            "correlation_ratio": null,
            "downside_deviation": null,
            "information_ratio": null,
            "macaulay": null,
            "mod_duration": null,
            "port_turnover_ratio": "2.14",
            "r_squared_ratio": "0.95",
            "roe_ratio": null,
            "sharpe": "0.34",
            "sortino_ratio": null,
            "std_dev": "3.8155",
            "tracking_error": null,
            "treynor_ratio": null,
            "upside_deviation": null,
            "ytm": null
        },
        "min_addl_amt": "100",
        "min_addl_amt_multiple": "1",
        "min_amt": "500",
        "min_amt_multiple": "1",
        "monthly_aaum_date": "31MARCH2025",
        "monthly_aaum_value": "120.73 Crore",
        "mutual_fund_name": "Groww Mutual Fund",
        "page_number": [
            13,
            14
        ],
        "scheme_launch_date": "10th February, 2012"
    },
    "groww aggressive hybrid fund": {
        "amc_name": "Groww Asset Management Limited",
        "benchmark_index": "CRISIL Hybrid 3565 - Aggressive Index",
        "fund_manager": [
            {
                "managing_fund_since": "May 11, 2023",
                "name": "Kaustubh Sule",
                "qualification": "",
                "total_exp": "17 Years"
            },
            {
                "managing_fund_since": "May 11, 2023",
                "name": "Anupam Tiwari",
                "qualification": "Head-Equity",
                "total_exp": "18 Years"
            }
        ],
        "load": {
            "entry_load": "Not Applicable",
            "exit_load": "a)1 if redeemed/ switched out within 7 Days from the date of allotment, b)Nil - if redeemed/ switched out after 7 Days from the date of allotment Minimum Additional Investment 100 and in multiples of 1/- thereafter Minimum Investment Amount (for fresh application) For Lumpsum  SIP  500 and in multiples of 1/-"
        },
        "main_scheme_name": "groww aggressive hybrid fund",
        "metrics": {
            "alpha": null,
            "arithmetic_mean_ratio": null,
            "average_div_yld": null,
            "average_pb": null,
            "average_pe": null,
            "avg_maturity": null,
            "beta": "1.05",
            "correlation_ratio": null,
            "downside_deviation": null,
            "information_ratio": null,
            "macaulay": null,
            "mod_duration": null,
            "port_turnover_ratio": "1.97",
            "r_squared_ratio": "0.94",
            "roe_ratio": null,
            "sharpe": "1.23",
            "sortino_ratio": null,
            "std_dev": "2.8924",
            "tracking_error": null,
            "treynor_ratio": null,
            "upside_deviation": null,
            "ytm": null
        },
        "min_addl_amt": "100",
        "min_addl_amt_multiple": "1",
        "min_amt": "500",
        "min_amt_multiple": "1",
        "monthly_aaum_date": "31MARCH2025",
        "monthly_aaum_value": "44.86 Crore",
        "mutual_fund_name": "Groww Mutual Fund",
        "page_number": [
            15,
            16
        ],
        "scheme_launch_date": "13th December, 2018"
    },
    "groww value fund": {
        "amc_name": "Groww Asset Management Limited",
        "benchmark_index": "Nifty 500 TRI",
        "fund_manager": [
            {
                "managing_fund_since": "May 11, 2023",
                "name": "Anupam Tiwari",
                "qualification": "Head-Equity",
                "total_exp": "18 Years"
            }
        ],
        "load": {
            "entry_load": "Not Applicable",
            "exit_load": "a) 1 if redeemed/ switched out within 1 year from the date of allotment. b) NIL, if redeemed/ switched out after 1 year from the date of allotment"
        },
        "main_scheme_name": "groww value fund",
        "metrics": {
            "alpha": null,
            "arithmetic_mean_ratio": null,
            "average_div_yld": null,
            "average_pb": null,
            "average_pe": null,
            "avg_maturity": null,
            "beta": "0.95",
            "correlation_ratio": null,
            "downside_deviation": null,
            "information_ratio": null,
            "macaulay": null,
            "mod_duration": null,
            "port_turnover_ratio": "1.46",
            "r_squared_ratio": "0.93",
            "roe_ratio": null,
            "sharpe": "0.42",
            "sortino_ratio": null,
            "std_dev": "3.9351",
            "tracking_error": null,
            "treynor_ratio": null,
            "upside_deviation": null,
            "ytm": null
        },
        "min_addl_amt": "100",
        "min_addl_amt_multiple": "1",
        "min_amt": "500",
        "min_amt_multiple": "1",
        "monthly_aaum_date": "31MARCH2025",
        "monthly_aaum_value": "45.08 Crore",
        "mutual_fund_name": "Groww Mutual Fund",
        "page_number": [
            17,
            18
        ],
        "scheme_launch_date": "8th September, 2015"
    },
    "groww elss tax saver fund": {
        "amc_name": "Groww Asset Management Limited",
        "benchmark_index": "BSE 500 TRI",
        "fund_manager": [
            {
                "managing_fund_since": "May 11, 2023",
                "name": "Anupam Tiwari",
                "qualification": "Head-Equity",
                "total_exp": "18 Years"
            }
        ],
        "load": {
            "entry_load": "Not Applicable",
            "exit_load": "Nil"
        },
        "main_scheme_name": "groww elss tax saver fund",
        "metrics": {
            "alpha": null,
            "arithmetic_mean_ratio": null,
            "average_div_yld": null,
            "average_pb": null,
            "average_pe": null,
            "avg_maturity": null,
            "beta": "0.96",
            "correlation_ratio": null,
            "downside_deviation": null,
            "information_ratio": null,
            "macaulay": null,
            "mod_duration": null,
            "port_turnover_ratio": "1.68",
            "r_squared_ratio": "0.91",
            "roe_ratio": null,
            "sharpe": "0.38",
            "sortino_ratio": null,
            "std_dev": "4.0048",
            "tracking_error": null,
            "treynor_ratio": null,
            "upside_deviation": null,
            "ytm": null
        },
        "min_addl_amt": "500",
        "min_addl_amt_multiple": "1",
        "min_amt": "500",
        "min_amt_multiple": "500",
        "monthly_aaum_date": "31MARCH2025",
        "monthly_aaum_value": "47.62 Crore",
        "mutual_fund_name": "Groww Mutual Fund",
        "page_number": [
            19,
            20
        ],
        "scheme_launch_date": "28th December, 2017"
    },
    "groww multicap fund": {
        "amc_name": "Groww Asset Management Limited",
        "benchmark_index": "Nifty 500 Multicap 502525 Index TRI",
        "fund_manager": [
            {
                "managing_fund_since": "December 16, 2024",
                "name": "Anupam Tiwari",
                "qualification": "Head-Equity",
                "total_exp": "18 Years"
            }
        ],
        "load": {
            "entry_load": "Not Applicable",
            "exit_load": "a) 1 if redeemed/ switched out within 1 year from the date of allotment. b) NIL, if redeemed/ switched out after 1 year from the date of allotment"
        },
        "main_scheme_name": "groww multicap fund",
        "metrics": {
            "alpha": null,
            "arithmetic_mean_ratio": null,
            "average_div_yld": null,
            "average_pb": null,
            "average_pe": null,
            "avg_maturity": null,
            "beta": null,
            "correlation_ratio": null,
            "downside_deviation": null,
            "information_ratio": null,
            "macaulay": null,
            "mod_duration": null,
            "port_turnover_ratio": null,
            "r_squared_ratio": null,
            "roe_ratio": null,
            "sharpe": null,
            "sortino_ratio": null,
            "std_dev": null,
            "tracking_error": null,
            "treynor_ratio": null,
            "upside_deviation": null,
            "ytm": null
        },
        "min_addl_amt": "100",
        "min_addl_amt_multiple": "1",
        "min_amt": "500",
        "min_amt_multiple": "1",
        "monthly_aaum_date": "31MARCH2025",
        "monthly_aaum_value": "70.17 Crore",
        "mutual_fund_name": "Groww Mutual Fund",
        "page_number": [
            21
        ],
        "scheme_launch_date": "16th December, 2024"
    },
    "groww nifty total market index fund": {
        "amc_name": "Groww Asset Management Limited",
        "benchmark_index": "Nifty Total Market Index TRI (Total Return Index)",
        "fund_manager": [
            {
                "managing_fund_since": "January 03, 2024",
                "name": "Abhishek Jain",
                "qualification": "Fund Manager  Dealer  Equity",
                "total_exp": "12 Years"
            }
        ],
        "load": {
            "entry_load": "Nil",
            "exit_load": "0.25 if redeemed/ switched out within 7 Days from the date of allotment.  Nil - if redeemed/ switched out after 7 Days from the date of allotment"
        },
        "main_scheme_name": "groww nifty total market index fund",
        "metrics": {
            "alpha": null,
            "arithmetic_mean_ratio": null,
            "average_div_yld": null,
            "average_pb": null,
            "average_pe": null,
            "avg_maturity": null,
            "beta": null,
            "correlation_ratio": null,
            "downside_deviation": null,
            "information_ratio": null,
            "macaulay": null,
            "mod_duration": null,
            "port_turnover_ratio": null,
            "r_squared_ratio": null,
            "roe_ratio": null,
            "sharpe": null,
            "sortino_ratio": null,
            "std_dev": null,
            "tracking_error": null,
            "treynor_ratio": null,
            "upside_deviation": null,
            "ytm": null
        },
        "min_addl_amt": "100",
        "min_addl_amt_multiple": "1",
        "min_amt": "500",
        "min_amt_multiple": "1",
        "monthly_aaum_date": "31MARCH2025",
        "monthly_aaum_value": "262.37 Crore",
        "mutual_fund_name": "Groww Mutual Fund",
        "page_number": [
            22,
            23
        ],
        "scheme_launch_date": "23rd October, 2023"
    },
    "groww banking & financial services fund": {
        "amc_name": "Groww Asset Management Limited",
        "benchmark_index": "Nifty Financial Services Total Return Index",
        "fund_manager": [
            {
                "managing_fund_since": "6Th February 2024",
                "name": "Anupam Tiwari",
                "qualification": "Head-Equity",
                "total_exp": "18 Years"
            }
        ],
        "load": {
            "entry_load": "Nil",
            "exit_load": "For redemption / switch-out of units on or before 30 days from the date of allotment 1.00 of applicable NAV  For redemption / switch-out of units after 30 days from the date of allotment Nil"
        },
        "main_scheme_name": "groww banking & financial services fund",
        "metrics": {
            "alpha": null,
            "arithmetic_mean_ratio": null,
            "average_div_yld": null,
            "average_pb": null,
            "average_pe": null,
            "avg_maturity": null,
            "beta": null,
            "correlation_ratio": null,
            "downside_deviation": null,
            "information_ratio": null,
            "macaulay": null,
            "mod_duration": null,
            "port_turnover_ratio": null,
            "r_squared_ratio": null,
            "roe_ratio": null,
            "sharpe": null,
            "sortino_ratio": null,
            "std_dev": null,
            "tracking_error": null,
            "treynor_ratio": null,
            "upside_deviation": null,
            "ytm": null
        },
        "min_addl_amt": "100",
        "min_addl_amt_multiple": "1",
        "min_amt": "500",
        "min_amt_multiple": "1",
        "monthly_aaum_date": "31MARCH2025",
        "monthly_aaum_value": "47.00 Crore",
        "mutual_fund_name": "Groww Mutual Fund",
        "page_number": [
            24
        ],
        "scheme_launch_date": "6th February, 2024"
    },
    "groww nifty smallcap 250 index fund": {
        "amc_name": "Groww Asset Management Limited",
        "benchmark_index": "Nifty Smallcap 250 Index TRI (Total Return Index)",
        "fund_manager": [
            {
                "managing_fund_since": "February 29, 2024",
                "name": "Abhishek Jain",
                "qualification": "Fund Manager  Dealer  Equity",
                "total_exp": "12 Years"
            }
        ],
        "load": {
            "entry_load": "Not Applicable",
            "exit_load": "0.25 if redeemed/ switched out within 7 Days from the date of allotment.  Nil - if redeemed/ switched out after 7 Days from the date of allotment"
        },
        "main_scheme_name": "groww nifty smallcap 250 index fund",
        "metrics": {
            "alpha": null,
            "arithmetic_mean_ratio": null,
            "average_div_yld": null,
            "average_pb": null,
            "average_pe": null,
            "avg_maturity": null,
            "beta": null,
            "correlation_ratio": null,
            "downside_deviation": null,
            "information_ratio": null,
            "macaulay": null,
            "mod_duration": null,
            "port_turnover_ratio": null,
            "r_squared_ratio": null,
            "roe_ratio": null,
            "sharpe": null,
            "sortino_ratio": null,
            "std_dev": null,
            "tracking_error": null,
            "treynor_ratio": null,
            "upside_deviation": null,
            "ytm": null
        },
        "min_addl_amt": "500",
        "min_addl_amt_multiple": "1",
        "min_amt": "500",
        "min_amt_multiple": "1",
        "monthly_aaum_date": "31MARCH2025",
        "monthly_aaum_value": "94.50 Crore",
        "mutual_fund_name": "Groww Mutual Fund",
        "page_number": [
            26
        ],
        "scheme_launch_date": "29th February, 2024"
    },
    "groww nifty ev & new age automotive etf": {
        "amc_name": "Groww Asset Management Limited",
        "benchmark_index": "Nifty EV and New Age Automotive Index-TRI",
        "fund_manager": [
            {
                "managing_fund_since": "August 07, 2024",
                "name": "Abhishek Jain",
                "qualification": "Fund Manager  Dealer  Equity",
                "total_exp": "12 Years"
            }
        ],
        "load": {
            "entry_load": "Nil",
            "exit_load": "Nil"
        },
        "main_scheme_name": "groww nifty ev & new age automotive etf",
        "metrics": {
            "alpha": null,
            "arithmetic_mean_ratio": null,
            "average_div_yld": null,
            "average_pb": null,
            "average_pe": null,
            "avg_maturity": null,
            "beta": null,
            "correlation_ratio": null,
            "downside_deviation": null,
            "information_ratio": null,
            "macaulay": null,
            "mod_duration": null,
            "port_turnover_ratio": null,
            "r_squared_ratio": null,
            "roe_ratio": null,
            "sharpe": null,
            "sortino_ratio": null,
            "std_dev": null,
            "tracking_error": null,
            "treynor_ratio": null,
            "upside_deviation": null,
            "ytm": null
        },
        "min_addl_amt": "500",
        "min_addl_amt_multiple": "1",
        "min_amt": "500",
        "min_amt_multiple": "1",
        "monthly_aaum_date": "31MARCH2025",
        "monthly_aaum_value": "227.18 Crore",
        "mutual_fund_name": "Groww Mutual Fund",
        "page_number": [
            28
        ],
        "scheme_launch_date": "07th August, 2024"
    },
    "groww nifty ev & new age automotive etf fof": {
        "amc_name": "Groww Asset Management Limited",
        "benchmark_index": "Nifty EV and New Age Automotive Index-TRI",
        "fund_manager": [
            {
                "managing_fund_since": "August 12, 2024",
                "name": "Abhishek Jain",
                "qualification": "Fund Manager  Dealer  Equity",
                "total_exp": "12 Years"
            }
        ],
        "load": {
            "entry_load": "Nil",
            "exit_load": "If redeemed within 30 days from the date of allotment 1 If redeemed after 30 days from the date of allotment NIL"
        },
        "main_scheme_name": "groww nifty ev & new age automotive etf fof",
        "metrics": {
            "alpha": null,
            "arithmetic_mean_ratio": null,
            "average_div_yld": null,
            "average_pb": null,
            "average_pe": null,
            "avg_maturity": null,
            "beta": null,
            "correlation_ratio": null,
            "downside_deviation": null,
            "information_ratio": null,
            "macaulay": null,
            "mod_duration": null,
            "port_turnover_ratio": null,
            "r_squared_ratio": null,
            "roe_ratio": null,
            "sharpe": null,
            "sortino_ratio": null,
            "std_dev": null,
            "tracking_error": null,
            "treynor_ratio": null,
            "upside_deviation": null,
            "ytm": null
        },
        "min_addl_amt": "500",
        "min_addl_amt_multiple": "1",
        "min_amt": "500",
        "min_amt_multiple": "1",
        "monthly_aaum_date": "31MARCH2025",
        "monthly_aaum_value": "114.01 Crore",
        "mutual_fund_name": "Groww Mutual Fund",
        "page_number": [
            29
        ],
        "scheme_launch_date": "12th August, 2024"
    },
    "groww nifty non-cyclical consumer index fund": {
        "amc_name": "Groww Asset Management Limited",
        "benchmark_index": "Nifty Non-Cyclical Consumer Index TRI (Total Return Index)",
        "fund_manager": [
            {
                "managing_fund_since": "May 22, 2024",
                "name": "Abhishek Jain",
                "qualification": "Fund Manager  Dealer  Equity",
                "total_exp": "12 Years"
            }
        ],
        "load": {
            "entry_load": "Nil",
            "exit_load": "In respect of each purchase/switch-in of units, an Exit load of 1 is payable if units are redeemed/switched-out within 30 days from the date of allotment.  No Exit Load is payable if units are redeemed / switched-out after 30 days from the date of allotment. No Entry / Exit Load shall be levied on Units allotted on Re-investment of Income Distribution cum Capital Withdrawal. In respect of Systematic Transactions such as SIP, STP, etc. Exit Load, if any, prevailing on the date of registration / enrolment shall be levied."
        },
        "main_scheme_name": "groww nifty non-cyclical consumer index fund",
        "metrics": {
            "alpha": null,
            "arithmetic_mean_ratio": null,
            "average_div_yld": null,
            "average_pb": null,
            "average_pe": null,
            "avg_maturity": null,
            "beta": null,
            "correlation_ratio": null,
            "downside_deviation": null,
            "information_ratio": null,
            "macaulay": null,
            "mod_duration": null,
            "port_turnover_ratio": null,
            "r_squared_ratio": null,
            "roe_ratio": null,
            "sharpe": null,
            "sortino_ratio": null,
            "std_dev": null,
            "tracking_error": null,
            "treynor_ratio": null,
            "upside_deviation": null,
            "ytm": null
        },
        "min_addl_amt": "500",
        "min_addl_amt_multiple": "1",
        "min_amt": "500",
        "min_amt_multiple": "1",
        "monthly_aaum_date": "31MARCH2025",
        "monthly_aaum_value": "45.49 Crore",
        "mutual_fund_name": "Groww Mutual Fund",
        "page_number": [
            30
        ],
        "scheme_launch_date": "22nd May, 2024"
    },
    "groww nifty 1d rate liquid etf": {
        "amc_name": "Groww Asset Management Limited",
        "benchmark_index": "Nifty 1D Rate Index -TRI",
        "fund_manager": [],
        "load": {
            "entry_load": "Nil",
            "exit_load": "NiL"
        },
        "main_scheme_name": "groww nifty 1d rate liquid etf",
        "metrics": {
            "alpha": null,
            "arithmetic_mean_ratio": null,
            "average_div_yld": null,
            "average_pb": null,
            "average_pe": null,
            "avg_maturity": "3.00 Days",
            "beta": null,
            "correlation_ratio": null,
            "downside_deviation": null,
            "information_ratio": null,
            "macaulay": "3.00 Days",
            "mod_duration": "3.00 Days",
            "port_turnover_ratio": null,
            "r_squared_ratio": null,
            "roe_ratio": null,
            "sharpe": null,
            "sortino_ratio": null,
            "std_dev": null,
            "tracking_error": null,
            "treynor_ratio": null,
            "upside_deviation": null,
            "ytm": "6.75"
        },
        "min_addl_amt": "500",
        "min_addl_amt_multiple": "1",
        "min_amt": "500",
        "min_amt_multiple": "1",
        "monthly_aaum_date": "31MARCH2025",
        "monthly_aaum_value": "42.51 Crore",
        "mutual_fund_name": "Groww Mutual Fund",
        "page_number": [
            32
        ],
        "scheme_launch_date": "24th September, 2024"
    },
    "groww nifty india defence etf": {
        "amc_name": "Groww Asset Management Limited",
        "benchmark_index": "Nifty India Defence Index - TRI",
        "fund_manager": [
            {
                "managing_fund_since": "Inception",
                "name": "Abhishek Jain",
                "qualification": "Fund Manager  Dealer  Equity",
                "total_exp": "12 Years"
            }
        ],
        "load": {
            "entry_load": "Nil",
            "exit_load": "NiL"
        },
        "main_scheme_name": "groww nifty india defence etf",
        "metrics": {
            "alpha": null,
            "arithmetic_mean_ratio": null,
            "average_div_yld": null,
            "average_pb": null,
            "average_pe": null,
            "avg_maturity": null,
            "beta": null,
            "correlation_ratio": null,
            "downside_deviation": null,
            "information_ratio": null,
            "macaulay": null,
            "mod_duration": null,
            "port_turnover_ratio": null,
            "r_squared_ratio": null,
            "roe_ratio": null,
            "sharpe": null,
            "sortino_ratio": null,
            "std_dev": null,
            "tracking_error": null,
            "treynor_ratio": null,
            "upside_deviation": null,
            "ytm": null
        },
        "min_addl_amt": "500",
        "min_addl_amt_multiple": "1",
        "min_amt": "500",
        "min_amt_multiple": "1",
        "monthly_aaum_date": "31MARCH2025",
        "monthly_aaum_value": "75.33 Crore",
        "mutual_fund_name": "Groww Mutual Fund",
        "page_number": [
            33
        ],
        "scheme_launch_date": "08th October, 2024"
    },
    "groww nifty india defence etf fof": {
        "amc_name": "Groww Asset Management Limited",
        "benchmark_index": "Nifty India Defence Index - TRI",
        "fund_manager": [
            {
                "managing_fund_since": "Inception",
                "name": "Abhishek Jain",
                "qualification": "Fund Manager  Dealer  Equity",
                "total_exp": "12 Years"
            }
        ],
        "load": {
            "entry_load": "Nil",
            "exit_load": "If redeemed within 30 days from the date of allotment 1 If redeemed after 30 days from the date of allotment NIL"
        },
        "main_scheme_name": "groww nifty india defence etf fof",
        "metrics": {
            "alpha": null,
            "arithmetic_mean_ratio": null,
            "average_div_yld": null,
            "average_pb": null,
            "average_pe": null,
            "avg_maturity": null,
            "beta": null,
            "correlation_ratio": null,
            "downside_deviation": null,
            "information_ratio": null,
            "macaulay": null,
            "mod_duration": null,
            "port_turnover_ratio": null,
            "r_squared_ratio": null,
            "roe_ratio": null,
            "sharpe": null,
            "sortino_ratio": null,
            "std_dev": null,
            "tracking_error": null,
            "treynor_ratio": null,
            "upside_deviation": null,
            "ytm": null
        },
        "min_addl_amt": "500",
        "min_addl_amt_multiple": "1",
        "min_amt": "500",
        "min_amt_multiple": "1",
        "monthly_aaum_date": "31MARCH2025",
        "monthly_aaum_value": "28.33 Crore",
        "mutual_fund_name": "Groww Mutual Fund",
        "page_number": [
            34
        ],
        "scheme_launch_date": "11th October, 2024"
    },
    "groww gold etf": {
        "amc_name": "Groww Asset Management Limited",
        "benchmark_index": "Domestic Price of Physical Gold",
        "fund_manager": [
            {
                "managing_fund_since": "Inception",
                "name": "Wilfred Gonsalves",
                "qualification": "",
                "total_exp": "07 Years"
            }
        ],
        "load": {
            "entry_load": "Nil",
            "exit_load": "NiL"
        },
        "main_scheme_name": "groww gold etf",
        "metrics": {
            "alpha": null,
            "arithmetic_mean_ratio": null,
            "average_div_yld": null,
            "average_pb": null,
            "average_pe": null,
            "avg_maturity": null,
            "beta": null,
            "correlation_ratio": null,
            "downside_deviation": null,
            "information_ratio": null,
            "macaulay": null,
            "mod_duration": null,
            "port_turnover_ratio": null,
            "r_squared_ratio": null,
            "roe_ratio": null,
            "sharpe": null,
            "sortino_ratio": null,
            "std_dev": null,
            "tracking_error": null,
            "treynor_ratio": null,
            "upside_deviation": null,
            "ytm": null
        },
        "min_addl_amt": "500",
        "min_addl_amt_multiple": "1",
        "min_amt": "500",
        "min_amt_multiple": "1",
        "monthly_aaum_date": "31MARCH2025",
        "monthly_aaum_value": "57.63 Crore",
        "mutual_fund_name": "Groww Mutual Fund",
        "page_number": [
            35
        ],
        "scheme_launch_date": "22nd October, 2024"
    },
    "groww gold etf fof": {
        "amc_name": "Groww Asset Management Limited",
        "benchmark_index": "Domestic Price of Gold",
        "fund_manager": [
            {
                "managing_fund_since": "Inception",
                "name": "Wilfred Gonsalves",
                "qualification": "",
                "total_exp": "07 Years"
            }
        ],
        "load": {
            "entry_load": "Nil",
            "exit_load": "If redeemed within 30 days from the date of allotment 1 If redeemed after 30 days from the date of allotment NIL"
        },
        "main_scheme_name": "groww gold etf fof",
        "metrics": {
            "alpha": null,
            "arithmetic_mean_ratio": null,
            "average_div_yld": null,
            "average_pb": null,
            "average_pe": null,
            "avg_maturity": null,
            "beta": null,
            "correlation_ratio": null,
            "downside_deviation": null,
            "information_ratio": null,
            "macaulay": null,
            "mod_duration": null,
            "port_turnover_ratio": null,
            "r_squared_ratio": null,
            "roe_ratio": null,
            "sharpe": null,
            "sortino_ratio": null,
            "std_dev": null,
            "tracking_error": null,
            "treynor_ratio": null,
            "upside_deviation": null,
            "ytm": null
        },
        "min_addl_amt": "500",
        "min_addl_amt_multiple": "1",
        "min_amt": "500",
        "min_amt_multiple": "1",
        "monthly_aaum_date": "31MARCH2025",
        "monthly_aaum_value": "16.89 Crore",
        "mutual_fund_name": "Groww Mutual Fund",
        "page_number": [
            36
        ],
        "scheme_launch_date": "06th November, 2024"
    },
    "groww overnight fund": {
        "amc_name": "Groww Asset Management Limited",
        "benchmark_index": "CRISIL Liquid Overnight Index",
        "fund_manager": [
            {
                "managing_fund_since": "May 11, 2023",
                "name": "Kaustubh Sule",
                "qualification": "",
                "total_exp": "17 Years"
            }
        ],
        "load": {
            "entry_load": "Not Applicable",
            "exit_load": "Nil"
        },
        "main_scheme_name": "groww overnight fund",
        "metrics": {
            "alpha": null,
            "arithmetic_mean_ratio": null,
            "average_div_yld": null,
            "average_pb": null,
            "average_pe": null,
            "avg_maturity": "2.99 Days",
            "beta": null,
            "correlation_ratio": null,
            "downside_deviation": null,
            "information_ratio": null,
            "macaulay": "2.99 Days",
            "mod_duration": "2.99 Days",
            "port_turnover_ratio": null,
            "r_squared_ratio": null,
            "roe_ratio": null,
            "sharpe": null,
            "sortino_ratio": null,
            "std_dev": null,
            "tracking_error": null,
            "treynor_ratio": null,
            "upside_deviation": null,
            "ytm": "6.75"
        },
        "min_addl_amt": "100",
        "min_addl_amt_multiple": "1",
        "min_amt": "500",
        "min_amt_multiple": "1",
        "monthly_aaum_date": "31MARCH2025",
        "monthly_aaum_value": "33.74 Crore",
        "mutual_fund_name": "Groww Mutual Fund",
        "page_number": [
            37
        ],
        "scheme_launch_date": "08th July, 2019"
    },
    "groww liquid fund": {
        "amc_name": "Groww Asset Management Limited",
        "benchmark_index": "CRISIL Liquid Debt A-I Index",
        "fund_manager": [
            {
                "managing_fund_since": "May 11, 2023",
                "name": "Kaustubh Sule",
                "qualification": "",
                "total_exp": "17 Years"
            }
        ],
        "load": {
            "entry_load": "Not Applicable",
            "exit_load": "Investor exit Day 7 Day 1 Day 2 Day 3 Day 4 Day 5 Day 6 upon subscription onwards Exit Load as a  of redemption proceeds 0.0070 0.0065 0.0060 0.0055 0.0050 0.0045 0.0000 The date of applicable NAV towards redemption units shall be considered for calculating the number of subscription days."
        },
        "main_scheme_name": "groww liquid fund",
        "metrics": {
            "alpha": null,
            "arithmetic_mean_ratio": null,
            "average_div_yld": null,
            "average_pb": null,
            "average_pe": null,
            "avg_maturity": "39.35 Days",
            "beta": null,
            "correlation_ratio": null,
            "downside_deviation": null,
            "information_ratio": null,
            "macaulay": "39.11 Days",
            "mod_duration": "38.62 Days",
            "port_turnover_ratio": null,
            "r_squared_ratio": null,
            "roe_ratio": null,
            "sharpe": null,
            "sortino_ratio": null,
            "std_dev": null,
            "tracking_error": null,
            "treynor_ratio": null,
            "upside_deviation": null,
            "ytm": "7.20"
        },
        "min_addl_amt": "100",
        "min_addl_amt_multiple": "1",
        "min_amt": "500",
        "min_amt_multiple": "1",
        "monthly_aaum_date": "31MARCH2025",
        "monthly_aaum_value": "162.27 Crore",
        "mutual_fund_name": "Groww Mutual Fund",
        "page_number": [
            38,
            39
        ],
        "scheme_launch_date": "25th October, 2011"
    },
    "groww short duration fund": {
        "amc_name": "Groww Asset Management Limited",
        "benchmark_index": "CRISIL Short Duration Debt A-II Index",
        "fund_manager": [
            {
                "managing_fund_since": "May 11, 2023",
                "name": "Kaustubh Sule",
                "qualification": "",
                "total_exp": "17 Years"
            }
        ],
        "load": {
            "entry_load": "Not Applicable",
            "exit_load": "Nil"
        },
        "main_scheme_name": "groww short duration fund",
        "metrics": {
            "alpha": null,
            "arithmetic_mean_ratio": null,
            "average_div_yld": null,
            "average_pb": null,
            "average_pe": null,
            "avg_maturity": "3.43 Years",
            "beta": null,
            "correlation_ratio": null,
            "downside_deviation": null,
            "information_ratio": null,
            "macaulay": "2.84 Years",
            "mod_duration": "2.70 Years",
            "port_turnover_ratio": null,
            "r_squared_ratio": null,
            "roe_ratio": null,
            "sharpe": null,
            "sortino_ratio": null,
            "std_dev": null,
            "tracking_error": null,
            "treynor_ratio": null,
            "upside_deviation": null,
            "ytm": "7.40"
        },
        "min_addl_amt": "100",
        "min_addl_amt_multiple": "1",
        "min_amt": "500",
        "min_amt_multiple": "1",
        "monthly_aaum_date": "31MARCH2025",
        "monthly_aaum_value": "59.88 Crore",
        "mutual_fund_name": "Groww Mutual Fund",
        "page_number": [
            40,
            41
        ],
        "scheme_launch_date": "13th September, 2013"
    },
    "groww dynamic bond fund": {
        "amc_name": "Groww Asset Management Limited",
        "benchmark_index": "CRISIL Dynamic Bond A-III Index",
        "fund_manager": [
            {
                "managing_fund_since": "May 11, 2023",
                "name": "Kaustubh Sule",
                "qualification": "",
                "total_exp": "17 Years"
            }
        ],
        "load": {
            "entry_load": "Not Applicable",
            "exit_load": "Nil"
        },
        "main_scheme_name": "groww dynamic bond fund",
        "metrics": {
            "alpha": null,
            "arithmetic_mean_ratio": null,
            "average_div_yld": null,
            "average_pb": null,
            "average_pe": null,
            "avg_maturity": "32.10 Years",
            "beta": null,
            "correlation_ratio": null,
            "downside_deviation": null,
            "information_ratio": null,
            "macaulay": "11.31 Years",
            "mod_duration": "10.92 Years",
            "port_turnover_ratio": null,
            "r_squared_ratio": null,
            "roe_ratio": null,
            "sharpe": null,
            "sortino_ratio": null,
            "std_dev": null,
            "tracking_error": null,
            "treynor_ratio": null,
            "upside_deviation": null,
            "ytm": "7.12"
        },
        "min_addl_amt": "100",
        "min_addl_amt_multiple": "1",
        "min_amt": "500",
        "min_amt_multiple": "1",
        "monthly_aaum_date": "31MARCH2025",
        "monthly_aaum_value": "57.49 Crore",
        "mutual_fund_name": "Groww Mutual Fund",
        "page_number": [
            42
        ],
        "scheme_launch_date": "06th December, 2018"
    }
}