{
    "trustmf flexi cap fund": {
        "amc_name": "Trust Asset Management Private Limited",
        "benchmark_index": "NIFTY 500 TRI",
        "fund_manager": [
            {
                "managing_fund_since": "Since Inception",
                "name": "Mihir Vora",
                "qualification": "",
                "total_exp": "29 Years"
            },
            {
                "managing_fund_since": "Since Inception",
                "name": "Aakash Manghani",
                "qualification": "",
                "total_exp": "14 Years"
            }
        ],
        "load": {
            "entry_load": "Nil",
            "exit_load": "1 - If redeemed switched out within 180 days from the date of allotment. Nil if redeemedswitched out after 180 days from the date of allotment"
        },
        "main_scheme_name": "trustmf flexi cap fund",
        "metrics": {
            "alpha": null,
            "arithmetic_mean_ratio": null,
            "average_div_yld": null,
            "average_pb": null,
            "average_pe": null,
            "avg_maturity": null,
            "beta": null,
            "correlation_ratio": null,
            "downside_deviation": null,
            "information_ratio": null,
            "macaulay": null,
            "mod_duration": null,
            "port_turnover_ratio": null,
            "r_squared_ratio": null,
            "roe_ratio": null,
            "sharpe": null,
            "sortino_ratio": null,
            "std_dev": null,
            "tracking_error": null,
            "treynor_ratio": null,
            "upside_deviation": null,
            "ytm": null
        },
        "min_addl_amt": "1,000",
        "min_addl_amt_multiple": ".",
        "min_amt": null,
        "min_amt_multiple": null,
        "monthly_aaum_date": "28FEBRUARY2025",
        "monthly_aaum_value": "882.53",
        "mutual_fund_name": "Trust Mutual Fund",
        "page_number": [
            7
        ],
        "scheme_launch_date": "26 April 2024"
    },
    "trustmf small cap fund": {
        "amc_name": "Trust Asset Management Private Limited",
        "benchmark_index": "NIFTY Smallcap 250 TRI",
        "fund_manager": [
            {
                "managing_fund_since": "Since Inception",
                "name": "Mihir Vora",
                "qualification": "",
                "total_exp": "29 Years"
            },
            {
                "managing_fund_since": "Since Inception",
                "name": "Aakash Manghani",
                "qualification": "",
                "total_exp": "14 Years"
            }
        ],
        "load": {
            "entry_load": "Nil",
            "exit_load": "1 - If redeemed switched out within 180 days from the date of allotment. Nil - if redeemedswitched out after 180 days from the date of allotment"
        },
        "main_scheme_name": "trustmf small cap fund",
        "metrics": {
            "alpha": null,
            "arithmetic_mean_ratio": null,
            "average_div_yld": null,
            "average_pb": null,
            "average_pe": null,
            "avg_maturity": null,
            "beta": null,
            "correlation_ratio": null,
            "downside_deviation": null,
            "information_ratio": null,
            "macaulay": null,
            "mod_duration": null,
            "port_turnover_ratio": null,
            "r_squared_ratio": null,
            "roe_ratio": null,
            "sharpe": null,
            "sortino_ratio": null,
            "std_dev": null,
            "tracking_error": null,
            "treynor_ratio": null,
            "upside_deviation": null,
            "ytm": null
        },
        "min_addl_amt": "1,000",
        "min_addl_amt_multiple": ".",
        "min_amt": null,
        "min_amt_multiple": null,
        "monthly_aaum_date": "28FEBRUARY2025",
        "monthly_aaum_value": "493.62",
        "mutual_fund_name": "Trust Mutual Fund",
        "page_number": [
            8
        ],
        "scheme_launch_date": "04 November 2024"
    },
    "trustmf banking & psu fund": {
        "amc_name": "Trust Asset Management Private Limited",
        "benchmark_index": "Tier I Benchmark - CRISIL Banking and PSU Debt A-II Index Tier II Benchmark - CRISIL Select AAA Roll Down Banking  PSU Debt Index",
        "fund_manager": [
            {
                "managing_fund_since": "11 June 2024",
                "name": "Jalpan Shah Since",
                "qualification": "",
                "total_exp": "20 Years"
            },
            {
                "managing_fund_since": "11 April 2024",
                "name": "Neeraj Jain Since",
                "qualification": "",
                "total_exp": "7 Years"
            }
        ],
        "load": {
            "entry_load": "Nil",
            "exit_load": "Nil"
        },
        "main_scheme_name": "trustmf banking & psu fund",
        "metrics": {
            "alpha": null,
            "arithmetic_mean_ratio": null,
            "average_div_yld": null,
            "average_pb": null,
            "average_pe": null,
            "avg_maturity": "3.45 Years",
            "beta": null,
            "correlation_ratio": null,
            "downside_deviation": null,
            "information_ratio": null,
            "macaulay": "3.01 Years",
            "mod_duration": "2.82 Years",
            "port_turnover_ratio": null,
            "r_squared_ratio": null,
            "roe_ratio": null,
            "sharpe": null,
            "sortino_ratio": null,
            "std_dev": null,
            "tracking_error": null,
            "treynor_ratio": null,
            "upside_deviation": null,
            "ytm": "7.37"
        },
        "min_addl_amt": null,
        "min_addl_amt_multiple": null,
        "min_amt": "1,000",
        "min_amt_multiple": "",
        "monthly_aaum_date": "28FEBRUARY2025",
        "monthly_aaum_value": "190.43",
        "mutual_fund_name": "Trust Mutual Fund",
        "page_number": [
            9
        ],
        "scheme_launch_date": "1 February 2021"
    },
    "trustmf corporate bond fund": {
        "amc_name": "Trust Asset Management Private Limited",
        "benchmark_index": "Tier I Benchmark - CRISIL Corporate Debt A-II Index Tier II Benchmark - CRISIL Select AAA Corporate Bond Fund Index",
        "fund_manager": [
            {
                "managing_fund_since": "11 June 2024",
                "name": "Jalpan Shah Since",
                "qualification": "",
                "total_exp": "20 Years"
            },
            {
                "managing_fund_since": "11 April 2024",
                "name": "Neeraj Jain Since",
                "qualification": "",
                "total_exp": "7 Years"
            }
        ],
        "load": {
            "entry_load": "Nil",
            "exit_load": "Nil"
        },
        "main_scheme_name": "trustmf corporate bond fund",
        "metrics": {
            "alpha": null,
            "arithmetic_mean_ratio": null,
            "average_div_yld": null,
            "average_pb": null,
            "average_pe": null,
            "avg_maturity": "5.33 Years",
            "beta": null,
            "correlation_ratio": null,
            "downside_deviation": null,
            "information_ratio": null,
            "macaulay": "4.59 Years",
            "mod_duration": "4.40 Years",
            "port_turnover_ratio": null,
            "r_squared_ratio": null,
            "roe_ratio": null,
            "sharpe": null,
            "sortino_ratio": null,
            "std_dev": null,
            "tracking_error": null,
            "treynor_ratio": null,
            "upside_deviation": null,
            "ytm": "7.20"
        },
        "min_addl_amt": null,
        "min_addl_amt_multiple": null,
        "min_amt": "1,000",
        "min_amt_multiple": "",
        "monthly_aaum_date": "28FEBRUARY2025",
        "monthly_aaum_value": "67.16",
        "mutual_fund_name": "Trust Mutual Fund",
        "page_number": [
            10
        ],
        "scheme_launch_date": "20 January 2023"
    },
    "trustmf short duration fund": {
        "amc_name": "Trust Asset Management Private Limited",
        "benchmark_index": "Tier I Benchmark - CRISIL Short Duration Debt A-II Index Tier II Benchmark - CRISIL Select AAA Short Duration Fund Index",
        "fund_manager": [
            {
                "managing_fund_since": "11 June 2024",
                "name": "Jalpan Shah Since",
                "qualification": "",
                "total_exp": "20 Years"
            },
            {
                "managing_fund_since": "11 April 2024",
                "name": "Neeraj Jain Since",
                "qualification": "",
                "total_exp": "7 Years"
            }
        ],
        "load": {
            "entry_load": "Nil",
            "exit_load": "Nil"
        },
        "main_scheme_name": "trustmf short duration fund",
        "metrics": {
            "alpha": null,
            "arithmetic_mean_ratio": null,
            "average_div_yld": null,
            "average_pb": null,
            "average_pe": null,
            "avg_maturity": "3.27 Years",
            "beta": null,
            "correlation_ratio": null,
            "downside_deviation": null,
            "information_ratio": null,
            "macaulay": "2.82 Years",
            "mod_duration": "2.68 Years",
            "port_turnover_ratio": null,
            "r_squared_ratio": null,
            "roe_ratio": null,
            "sharpe": null,
            "sortino_ratio": null,
            "std_dev": null,
            "tracking_error": null,
            "treynor_ratio": null,
            "upside_deviation": null,
            "ytm": "7.22"
        },
        "min_addl_amt": null,
        "min_addl_amt_multiple": null,
        "min_amt": "1,000",
        "min_amt_multiple": "",
        "monthly_aaum_date": "28FEBRUARY2025",
        "monthly_aaum_value": "118.11",
        "mutual_fund_name": "Trust Mutual Fund",
        "page_number": [
            11
        ],
        "scheme_launch_date": "06 August 2021"
    },
    "trustmf money market fund": {
        "amc_name": "Trust Asset Management Private Limited",
        "benchmark_index": "Tier I Benchmark - CRISIL Money Market A-I Index",
        "fund_manager": [
            {
                "managing_fund_since": "11 June 2024",
                "name": "Jalpan Shah Since",
                "qualification": "",
                "total_exp": "20 Years"
            },
            {
                "managing_fund_since": "11 April 2024",
                "name": "Neeraj Jain Since",
                "qualification": "",
                "total_exp": "7 Years"
            }
        ],
        "load": {
            "entry_load": "Nil",
            "exit_load": "Nil"
        },
        "main_scheme_name": "trustmf money market fund",
        "metrics": {
            "alpha": null,
            "arithmetic_mean_ratio": null,
            "average_div_yld": null,
            "average_pb": null,
            "average_pe": null,
            "avg_maturity": "177 Days",
            "beta": null,
            "correlation_ratio": null,
            "downside_deviation": null,
            "information_ratio": null,
            "macaulay": "177 Days",
            "mod_duration": "165 Days",
            "port_turnover_ratio": null,
            "r_squared_ratio": null,
            "roe_ratio": null,
            "sharpe": null,
            "sortino_ratio": null,
            "std_dev": null,
            "tracking_error": null,
            "treynor_ratio": null,
            "upside_deviation": null,
            "ytm": "7.46"
        },
        "min_addl_amt": null,
        "min_addl_amt_multiple": null,
        "min_amt": "1,000",
        "min_amt_multiple": "",
        "monthly_aaum_date": "28FEBRUARY2025",
        "monthly_aaum_value": "86.50",
        "mutual_fund_name": "Trust Mutual Fund",
        "page_number": [
            12
        ],
        "scheme_launch_date": "17 August 2022"
    },
    "trustmf liquid fund": {
        "amc_name": "Trust Asset Management Private Limited",
        "benchmark_index": "Tier I Benchmark - CRISIL Liquid Debt A-I Index Tier II Benchmark - CRISIL Select AAA Liquid Fund Index",
        "fund_manager": [
            {
                "managing_fund_since": "11 June 2024",
                "name": "Jalpan Shah Since",
                "qualification": "",
                "total_exp": "20 Years"
            },
            {
                "managing_fund_since": "11 April 2024",
                "name": "Neeraj Jain Since",
                "qualification": "",
                "total_exp": "7 Years"
            }
        ],
        "load": {
            "entry_load": "Nil",
            "exit_load": "Exit Load as a  of redemption proceeds (including systematic transactions) Up to Day 1  0.0070, Day 2  0.0065, Day 3  0.0060, Day 4  0.0055, Day 5  0.0050, Day 6  0.0045, Day 7 onwards Nil"
        },
        "main_scheme_name": "trustmf liquid fund",
        "metrics": {
            "alpha": null,
            "arithmetic_mean_ratio": null,
            "average_div_yld": null,
            "average_pb": null,
            "average_pe": null,
            "avg_maturity": "45 Days",
            "beta": null,
            "correlation_ratio": null,
            "downside_deviation": null,
            "information_ratio": null,
            "macaulay": "45 Days",
            "mod_duration": "42 Days",
            "port_turnover_ratio": null,
            "r_squared_ratio": null,
            "roe_ratio": null,
            "sharpe": null,
            "sortino_ratio": null,
            "std_dev": null,
            "tracking_error": null,
            "treynor_ratio": null,
            "upside_deviation": null,
            "ytm": "7.14"
        },
        "min_addl_amt": null,
        "min_addl_amt_multiple": null,
        "min_amt": "1,000",
        "min_amt_multiple": "",
        "monthly_aaum_date": "28FEBRUARY2025",
        "monthly_aaum_value": "353.02",
        "mutual_fund_name": "Trust Mutual Fund",
        "page_number": [
            13
        ],
        "scheme_launch_date": "23 April 2021"
    },
    "trustmf overnight fund": {
        "amc_name": "Trust Asset Management Private Limited",
        "benchmark_index": "CRISIL Liquid Overnight Index",
        "fund_manager": [
            {
                "managing_fund_since": "11 June 2024",
                "name": "Jalpan Shah Since",
                "qualification": "",
                "total_exp": "20 Years"
            },
            {
                "managing_fund_since": "11 April 2024",
                "name": "Neeraj Jain Since",
                "qualification": "",
                "total_exp": "7 Years"
            }
        ],
        "load": {
            "entry_load": "Nil",
            "exit_load": "Nil"
        },
        "main_scheme_name": "trustmf overnight fund",
        "metrics": {
            "alpha": null,
            "arithmetic_mean_ratio": null,
            "average_div_yld": null,
            "average_pb": null,
            "average_pe": null,
            "avg_maturity": "3 Days",
            "beta": null,
            "correlation_ratio": null,
            "downside_deviation": null,
            "information_ratio": null,
            "macaulay": "3 Days",
            "mod_duration": "3 Days",
            "port_turnover_ratio": null,
            "r_squared_ratio": null,
            "roe_ratio": null,
            "sharpe": null,
            "sortino_ratio": null,
            "std_dev": null,
            "tracking_error": null,
            "treynor_ratio": null,
            "upside_deviation": null,
            "ytm": "6.59"
        },
        "min_addl_amt": null,
        "min_addl_amt_multiple": null,
        "min_amt": "1,000",
        "min_amt_multiple": "",
        "monthly_aaum_date": "28FEBRUARY2025",
        "monthly_aaum_value": "201.26",
        "mutual_fund_name": "Trust Mutual Fund",
        "page_number": [
            14
        ],
        "scheme_launch_date": "19 January 2022"
    }
}