{
    "SBIN NIFTY 50 ETF ": {
        "amc_name": "SBI Funds Management Limited",
        "benchmark_index": "Nifty 50 TRI",
        "fund_manager": [
            {
                "managing_fund_since": "July 2015",
                "name": "Raviprakash Sharma",
                "qualification": "",
                "total_exp": "24 Years"
            }
        ],
        "load": {
            "entry_load": "N.A.",
            "exit_load": "N.A."
        },
        "main_scheme_name": "SBIN NIFTY 50 ETF ",
        "metrics": {
            "alpha": null,
            "arithmetic_mean_ratio": null,
            "average_div_yld": null,
            "average_pb": null,
            "average_pe": null,
            "avg_maturity": null,
            "beta": "1.00",
            "correlation_ratio": null,
            "downside_deviation": null,
            "information_ratio": null,
            "macaulay": null,
            "mod_duration": null,
            "port_turnover_ratio": "0.14",
            "r_squared_ratio": null,
            "roe_ratio": null,
            "sharpe": "0.43",
            "sortino_ratio": null,
            "std_dev": "12.72",
            "tracking_error": "0.0304",
            "treynor_ratio": null,
            "upside_deviation": null,
            "ytm": null
        },
        "min_addl_amt": null,
        "min_addl_amt_multiple": null,
        "min_amt": "25",
        "min_amt_multiple": "31",
        "monthly_aaum_date": "31MARCH2025",
        "monthly_aaum_value": "1,89,648.14 crores",
        "mutual_fund_name": "SBI Mutual Fund",
        "page_number": [
            2
        ],
        "scheme_launch_date": "22072015"
    },
    "SBI NIFTY NEXT 50 ETF ": {
        "amc_name": "SBI Funds Management Limited",
        "benchmark_index": "Nifty Next 50 TRI",
        "fund_manager": [
            {
                "managing_fund_since": "March 2015",
                "name": "Raviprakash Sharma",
                "qualification": "",
                "total_exp": "24 Years"
            }
        ],
        "load": {
            "entry_load": "N.A.",
            "exit_load": "N.A."
        },
        "main_scheme_name": "SBI NIFTY NEXT 50 ETF ",
        "metrics": {
            "alpha": null,
            "arithmetic_mean_ratio": null,
            "average_div_yld": null,
            "average_pb": null,
            "average_pe": null,
            "avg_maturity": null,
            "beta": "1.00",
            "correlation_ratio": null,
            "downside_deviation": null,
            "information_ratio": null,
            "macaulay": null,
            "mod_duration": null,
            "port_turnover_ratio": "0.62",
            "r_squared_ratio": null,
            "roe_ratio": null,
            "sharpe": "0.54",
            "sortino_ratio": null,
            "std_dev": "18.76",
            "tracking_error": "0.0648",
            "treynor_ratio": null,
            "upside_deviation": null,
            "ytm": null
        },
        "min_addl_amt": null,
        "min_addl_amt_multiple": null,
        "min_amt": "25",
        "min_amt_multiple": "31",
        "monthly_aaum_date": "31MARCH2025",
        "monthly_aaum_value": "2,844.71 crores",
        "mutual_fund_name": "SBI Mutual Fund",
        "page_number": [
            3
        ],
        "scheme_launch_date": "20032015"
    },
    "SBI NIFTY 200 QUALITY 30 ETF ": {
        "amc_name": "SBI Funds Management Limited",
        "benchmark_index": "Nifty200 Quality 30 TRI",
        "fund_manager": [
            {
                "managing_fund_since": "December 2018",
                "name": "Raviprakash Sharma",
                "qualification": "",
                "total_exp": "24 Years"
            }
        ],
        "load": {
            "entry_load": "N.A.",
            "exit_load": "N.A."
        },
        "main_scheme_name": "SBI NIFTY 200 QUALITY 30 ETF ",
        "metrics": {
            "alpha": null,
            "arithmetic_mean_ratio": null,
            "average_div_yld": null,
            "average_pb": null,
            "average_pe": null,
            "avg_maturity": null,
            "beta": "1.00",
            "correlation_ratio": null,
            "downside_deviation": null,
            "information_ratio": null,
            "macaulay": null,
            "mod_duration": null,
            "port_turnover_ratio": "0.31",
            "r_squared_ratio": null,
            "roe_ratio": null,
            "sharpe": "0.55",
            "sortino_ratio": null,
            "std_dev": "13.44",
            "tracking_error": "0.0673",
            "treynor_ratio": null,
            "upside_deviation": null,
            "ytm": null
        },
        "min_addl_amt": null,
        "min_addl_amt_multiple": null,
        "min_amt": "25",
        "min_amt_multiple": "31",
        "monthly_aaum_date": "31MARCH2025",
        "monthly_aaum_value": "128.74 crores",
        "mutual_fund_name": "SBI Mutual Fund",
        "page_number": [
            4
        ],
        "scheme_launch_date": "10122018"
    },
    "SBI NIFTY BANK ETF ": {
        "amc_name": "SBI Funds Management Limited",
        "benchmark_index": "Nifty Bank TRI",
        "fund_manager": [
            {
                "managing_fund_since": "March 2015",
                "name": "Raviprakash Sharma",
                "qualification": "",
                "total_exp": "24 Years"
            }
        ],
        "load": {
            "entry_load": "N.A.",
            "exit_load": "N.A."
        },
        "main_scheme_name": "SBI NIFTY BANK ETF ",
        "metrics": {
            "alpha": null,
            "arithmetic_mean_ratio": null,
            "average_div_yld": null,
            "average_pb": null,
            "average_pe": null,
            "avg_maturity": null,
            "beta": "1.00",
            "correlation_ratio": null,
            "downside_deviation": null,
            "information_ratio": null,
            "macaulay": null,
            "mod_duration": null,
            "port_turnover_ratio": "0.35",
            "r_squared_ratio": null,
            "roe_ratio": null,
            "sharpe": "0.27",
            "sortino_ratio": null,
            "std_dev": "14.55",
            "tracking_error": "0.0609",
            "treynor_ratio": null,
            "upside_deviation": null,
            "ytm": null
        },
        "min_addl_amt": null,
        "min_addl_amt_multiple": null,
        "min_amt": "25",
        "min_amt_multiple": "31",
        "monthly_aaum_date": "31MARCH2025",
        "monthly_aaum_value": "4,133.16 crores",
        "mutual_fund_name": "SBI Mutual Fund",
        "page_number": [
            5
        ],
        "scheme_launch_date": "20032015"
    },
    "SBI NIFTY PRIVATE BANK ETF ": {
        "amc_name": "SBI Funds Management Limited",
        "benchmark_index": "Nifty Private Bank TRI",
        "fund_manager": [
            {
                "managing_fund_since": "October 2020",
                "name": "Harsh Sethi",
                "qualification": "",
                "total_exp": "20 Years"
            }
        ],
        "load": {
            "entry_load": "N.A.",
            "exit_load": "N.A."
        },
        "main_scheme_name": "SBI NIFTY PRIVATE BANK ETF ",
        "metrics": {
            "alpha": null,
            "arithmetic_mean_ratio": null,
            "average_div_yld": null,
            "average_pb": null,
            "average_pe": null,
            "avg_maturity": null,
            "beta": "0.99",
            "correlation_ratio": null,
            "downside_deviation": null,
            "information_ratio": null,
            "macaulay": null,
            "mod_duration": null,
            "port_turnover_ratio": "0.56",
            "r_squared_ratio": null,
            "roe_ratio": null,
            "sharpe": "0.21",
            "sortino_ratio": null,
            "std_dev": "15.12",
            "tracking_error": "0.0680",
            "treynor_ratio": null,
            "upside_deviation": null,
            "ytm": null
        },
        "min_addl_amt": null,
        "min_addl_amt_multiple": null,
        "min_amt": "25",
        "min_amt_multiple": "31",
        "monthly_aaum_date": "31MARCH2025",
        "monthly_aaum_value": "158.16 crores",
        "mutual_fund_name": "SBI Mutual Fund",
        "page_number": [
            6
        ],
        "scheme_launch_date": "19102020"
    },
    "SBI NIFTY IT ETF ": {
        "amc_name": "SBI Funds Management Limited",
        "benchmark_index": "Nifty IT TRI",
        "fund_manager": [
            {
                "managing_fund_since": "October 2020",
                "name": "Harsh Sethi",
                "qualification": "",
                "total_exp": "20 Years"
            }
        ],
        "load": {
            "entry_load": "N.A.",
            "exit_load": "N.A."
        },
        "main_scheme_name": "SBI NIFTY IT ETF ",
        "metrics": {
            "alpha": null,
            "arithmetic_mean_ratio": null,
            "average_div_yld": null,
            "average_pb": null,
            "average_pe": null,
            "avg_maturity": null,
            "beta": "1.00",
            "correlation_ratio": null,
            "downside_deviation": null,
            "information_ratio": null,
            "macaulay": null,
            "mod_duration": null,
            "port_turnover_ratio": "0.59",
            "r_squared_ratio": null,
            "roe_ratio": null,
            "sharpe": "0.19",
            "sortino_ratio": null,
            "std_dev": "20.02",
            "tracking_error": "0.0491",
            "treynor_ratio": null,
            "upside_deviation": null,
            "ytm": null
        },
        "min_addl_amt": null,
        "min_addl_amt_multiple": null,
        "min_amt": "25",
        "min_amt_multiple": "31",
        "monthly_aaum_date": "31MARCH2025",
        "monthly_aaum_value": "86.45 crores",
        "mutual_fund_name": "SBI Mutual Fund",
        "page_number": [
            7
        ],
        "scheme_launch_date": "19102020"
    },
    "SBI NIFTY CONSUMPTION ETF ": {
        "amc_name": "SBI Funds Management Limited",
        "benchmark_index": "Nifty India Consumption TRI",
        "fund_manager": [
            {
                "managing_fund_since": "July 2021",
                "name": "Harsh Sethi",
                "qualification": "",
                "total_exp": "20 Years"
            }
        ],
        "load": {
            "entry_load": "N.A.",
            "exit_load": "N.A."
        },
        "main_scheme_name": "SBI NIFTY CONSUMPTION ETF ",
        "metrics": {
            "alpha": null,
            "arithmetic_mean_ratio": null,
            "average_div_yld": null,
            "average_pb": null,
            "average_pe": null,
            "avg_maturity": null,
            "beta": null,
            "correlation_ratio": null,
            "downside_deviation": null,
            "information_ratio": null,
            "macaulay": null,
            "mod_duration": null,
            "port_turnover_ratio": "0.21",
            "r_squared_ratio": null,
            "roe_ratio": null,
            "sharpe": null,
            "sortino_ratio": null,
            "std_dev": null,
            "tracking_error": "0.0274",
            "treynor_ratio": null,
            "upside_deviation": null,
            "ytm": null
        },
        "min_addl_amt": null,
        "min_addl_amt_multiple": null,
        "min_amt": "25",
        "min_amt_multiple": "31",
        "monthly_aaum_date": "31MARCH2025",
        "monthly_aaum_value": "19.84 crores",
        "mutual_fund_name": "SBI Mutual Fund",
        "page_number": [
            8
        ],
        "scheme_launch_date": "22072021"
    },
    "SBI NIFTY50 EQUAL WEIGHT ETF ": {
        "amc_name": "SBI Funds Management Limited",
        "benchmark_index": "Nifty50 Equal Weight TRI",
        "fund_manager": [
            {
                "managing_fund_since": "July 2024",
                "name": "Viral Chhadva",
                "qualification": "",
                "total_exp": "17 Years"
            }
        ],
        "load": {
            "entry_load": "N.A.",
            "exit_load": "N.A."
        },
        "main_scheme_name": "SBI NIFTY50 EQUAL WEIGHT ETF ",
        "metrics": {
            "alpha": null,
            "arithmetic_mean_ratio": null,
            "average_div_yld": null,
            "average_pb": null,
            "average_pe": null,
            "avg_maturity": null,
            "beta": null,
            "correlation_ratio": null,
            "downside_deviation": null,
            "information_ratio": null,
            "macaulay": null,
            "mod_duration": null,
            "port_turnover_ratio": "0.20",
            "r_squared_ratio": null,
            "roe_ratio": null,
            "sharpe": null,
            "sortino_ratio": null,
            "std_dev": null,
            "tracking_error": null,
            "treynor_ratio": null,
            "upside_deviation": null,
            "ytm": null
        },
        "min_addl_amt": null,
        "min_addl_amt_multiple": null,
        "min_amt": "",
        "min_amt_multiple": "",
        "monthly_aaum_date": "31MARCH2025",
        "monthly_aaum_value": "22.53 crores",
        "mutual_fund_name": "SBI Mutual Fund",
        "page_number": [
            9
        ],
        "scheme_launch_date": "16072024"
    },
    "SBIL BSE SENSEX ETF ": {
        "amc_name": "SBI Funds Management Limited",
        "benchmark_index": "BSE SENSEX TRI",
        "fund_manager": [
            {
                "managing_fund_since": "March 2013",
                "name": "Raviprakash Sharma",
                "qualification": "",
                "total_exp": "24 Years"
            }
        ],
        "load": {
            "entry_load": "N.A.",
            "exit_load": "N.A."
        },
        "main_scheme_name": "SBIL BSE SENSEX ETF ",
        "metrics": {
            "alpha": null,
            "arithmetic_mean_ratio": null,
            "average_div_yld": null,
            "average_pb": null,
            "average_pe": null,
            "avg_maturity": null,
            "beta": "1.00",
            "correlation_ratio": null,
            "downside_deviation": null,
            "information_ratio": null,
            "macaulay": null,
            "mod_duration": null,
            "port_turnover_ratio": "0.15",
            "r_squared_ratio": null,
            "roe_ratio": null,
            "sharpe": "0.40",
            "sortino_ratio": null,
            "std_dev": "12.40",
            "tracking_error": "0.0356",
            "treynor_ratio": null,
            "upside_deviation": null,
            "ytm": null
        },
        "min_addl_amt": null,
        "min_addl_amt_multiple": null,
        "min_amt": "25",
        "min_amt_multiple": "31",
        "monthly_aaum_date": "31MARCH2025",
        "monthly_aaum_value": "1,11,637.95 crores",
        "mutual_fund_name": "SBI Mutual Fund",
        "page_number": [
            10
        ],
        "scheme_launch_date": "15032013"
    },
    "SBI BSE SENSEX NEXT 50 ETF ": {
        "amc_name": "SBI Funds Management Limited",
        "benchmark_index": "BSE SENSEX Next 50 TRI",
        "fund_manager": [
            {
                "managing_fund_since": "October 2018",
                "name": "Raviprakash Sharma",
                "qualification": "",
                "total_exp": "24 Years"
            }
        ],
        "load": {
            "entry_load": "N.A.",
            "exit_load": "N.A."
        },
        "main_scheme_name": "SBI BSE SENSEX NEXT 50 ETF ",
        "metrics": {
            "alpha": null,
            "arithmetic_mean_ratio": null,
            "average_div_yld": null,
            "average_pb": null,
            "average_pe": null,
            "avg_maturity": null,
            "beta": "1.00",
            "correlation_ratio": null,
            "downside_deviation": null,
            "information_ratio": null,
            "macaulay": null,
            "mod_duration": null,
            "port_turnover_ratio": "0.36",
            "r_squared_ratio": null,
            "roe_ratio": null,
            "sharpe": "0.72",
            "sortino_ratio": null,
            "std_dev": "17.35",
            "tracking_error": "0.0505",
            "treynor_ratio": null,
            "upside_deviation": null,
            "ytm": null
        },
        "min_addl_amt": null,
        "min_addl_amt_multiple": null,
        "min_amt": "25",
        "min_amt_multiple": "31",
        "monthly_aaum_date": "31MARCH2025",
        "monthly_aaum_value": "19.99 crores",
        "mutual_fund_name": "SBI Mutual Fund",
        "page_number": [
            11
        ],
        "scheme_launch_date": "25092018"
    },
    "SBI BSE 100 ETF ": {
        "amc_name": "SBI Funds Management Limited",
        "benchmark_index": "BSE 100 TRI",
        "fund_manager": [
            {
                "managing_fund_since": "March 2015",
                "name": "Raviprakash Sharma",
                "qualification": "",
                "total_exp": "24 Years"
            }
        ],
        "load": {
            "entry_load": "N.A.",
            "exit_load": "N.A."
        },
        "main_scheme_name": "SBI BSE 100 ETF ",
        "metrics": {
            "alpha": null,
            "arithmetic_mean_ratio": null,
            "average_div_yld": null,
            "average_pb": null,
            "average_pe": null,
            "avg_maturity": null,
            "beta": "1.00",
            "correlation_ratio": null,
            "downside_deviation": null,
            "information_ratio": null,
            "macaulay": null,
            "mod_duration": null,
            "port_turnover_ratio": "0.36",
            "r_squared_ratio": null,
            "roe_ratio": null,
            "sharpe": "0.50",
            "sortino_ratio": null,
            "std_dev": "13.17",
            "tracking_error": "0.0266",
            "treynor_ratio": null,
            "upside_deviation": null,
            "ytm": null
        },
        "min_addl_amt": null,
        "min_addl_amt_multiple": null,
        "min_amt": "25",
        "min_amt_multiple": "31",
        "monthly_aaum_date": "31MARCH2025",
        "monthly_aaum_value": "9.01 crores",
        "mutual_fund_name": "SBI Mutual Fund",
        "page_number": [
            12
        ],
        "scheme_launch_date": "20032015"
    },
    "SBI BSE SENSEX INDEX FUND ": {
        "amc_name": "SBI Funds Management Limited",
        "benchmark_index": "BSE Sensex TRI",
        "fund_manager": [
            {
                "managing_fund_since": "May 2023",
                "name": "Raviprakash Sharma",
                "qualification": "",
                "total_exp": "24 Years"
            }
        ],
        "load": {
            "entry_load": "N.A. Exit  For exit within 15 days from the date of allotment  0.20  For",
            "exit_load": "on or after 15 days from the date of allotment  Nil"
        },
        "main_scheme_name": "SBI BSE SENSEX INDEX FUND ",
        "metrics": {
            "alpha": null,
            "arithmetic_mean_ratio": null,
            "average_div_yld": null,
            "average_pb": null,
            "average_pe": null,
            "avg_maturity": null,
            "beta": null,
            "correlation_ratio": null,
            "downside_deviation": null,
            "information_ratio": null,
            "macaulay": null,
            "mod_duration": null,
            "port_turnover_ratio": "0.06",
            "r_squared_ratio": null,
            "roe_ratio": null,
            "sharpe": null,
            "sortino_ratio": null,
            "std_dev": null,
            "tracking_error": null,
            "treynor_ratio": null,
            "upside_deviation": null,
            "ytm": null
        },
        "min_addl_amt": null,
        "min_addl_amt_multiple": null,
        "min_amt": "5,000",
        "min_amt_multiple": "1",
        "monthly_aaum_date": "31MARCH2025",
        "monthly_aaum_value": "242.23 crores",
        "mutual_fund_name": "SBI Mutual Fund",
        "page_number": [
            13
        ],
        "scheme_launch_date": "26052023"
    },
    "SBI NIFTY MIDCAP 150INDEX FUND ": {
        "amc_name": "SBI Funds Management Limited",
        "benchmark_index": "Nifty Midcap 150 TRI  For exit on or before 30 days from",
        "fund_manager": [
            {
                "managing_fund_since": "October 2022",
                "name": "Harsh Sethi",
                "qualification": "",
                "total_exp": "20 Years"
            }
        ],
        "load": {
            "entry_load": "the date of allotment 0.25  For",
            "exit_load": "after 30 days from the date of allotment Nil"
        },
        "main_scheme_name": "SBI NIFTY MIDCAP 150INDEX FUND ",
        "metrics": {
            "alpha": null,
            "arithmetic_mean_ratio": null,
            "average_div_yld": null,
            "average_pb": null,
            "average_pe": null,
            "avg_maturity": null,
            "beta": null,
            "correlation_ratio": null,
            "downside_deviation": null,
            "information_ratio": null,
            "macaulay": null,
            "mod_duration": null,
            "port_turnover_ratio": "0.24",
            "r_squared_ratio": null,
            "roe_ratio": null,
            "sharpe": null,
            "sortino_ratio": null,
            "std_dev": null,
            "tracking_error": null,
            "treynor_ratio": null,
            "upside_deviation": null,
            "ytm": null
        },
        "min_addl_amt": null,
        "min_addl_amt_multiple": null,
        "min_amt": "5000",
        "min_amt_multiple": "1",
        "monthly_aaum_date": "31MARCH2025",
        "monthly_aaum_value": "720.91 crores",
        "mutual_fund_name": "SBI Mutual Fund",
        "page_number": [
            14
        ],
        "scheme_launch_date": "03102022"
    },
    "SBI NIFTY NEXT 50 INDEX FUND ": {
        "amc_name": "SBI Funds Management Limited",
        "benchmark_index": "Nifty Next 50 TRI",
        "fund_manager": [
            {
                "managing_fund_since": "May 2021",
                "name": "Raviprakash Sharma",
                "qualification": "",
                "total_exp": "24 Years"
            }
        ],
        "load": {
            "entry_load": "N.A. Exit   For exit on or before 30 days from the date of allotment  0.25   For",
            "exit_load": "after 30 days from the date of allotment  Nil"
        },
        "main_scheme_name": "SBI NIFTY NEXT 50 INDEX FUND ",
        "metrics": {
            "alpha": null,
            "arithmetic_mean_ratio": null,
            "average_div_yld": null,
            "average_pb": null,
            "average_pe": null,
            "avg_maturity": null,
            "beta": "1.00",
            "correlation_ratio": null,
            "downside_deviation": null,
            "information_ratio": null,
            "macaulay": null,
            "mod_duration": null,
            "port_turnover_ratio": "0.65",
            "r_squared_ratio": null,
            "roe_ratio": null,
            "sharpe": "0.50",
            "sortino_ratio": null,
            "std_dev": "18.75",
            "tracking_error": "0.0692",
            "treynor_ratio": null,
            "upside_deviation": null,
            "ytm": null
        },
        "min_addl_amt": null,
        "min_addl_amt_multiple": null,
        "min_amt": "5,000",
        "min_amt_multiple": "1",
        "monthly_aaum_date": "31MARCH2025",
        "monthly_aaum_value": "1,455.43 crores",
        "mutual_fund_name": "SBI Mutual Fund",
        "page_number": [
            15
        ],
        "scheme_launch_date": "19052021"
    },
    "SBI NIFTY SMALLCAP 250 INDEX FUND ": {
        "amc_name": "SBI Funds Management Limited",
        "benchmark_index": "Nifty Smallcap 250 TRI",
        "fund_manager": [
            {
                "managing_fund_since": "October 2022",
                "name": "Harsh Sethi",
                "qualification": "",
                "total_exp": "20 Years"
            }
        ],
        "load": {
            "entry_load": "For exit on or before 30 days from the date of allotment  0.25  For",
            "exit_load": "after 30 days from the date of allotment Nil"
        },
        "main_scheme_name": "SBI NIFTY SMALLCAP 250 INDEX FUND ",
        "metrics": {
            "alpha": null,
            "arithmetic_mean_ratio": null,
            "average_div_yld": null,
            "average_pb": null,
            "average_pe": null,
            "avg_maturity": null,
            "beta": null,
            "correlation_ratio": null,
            "downside_deviation": null,
            "information_ratio": null,
            "macaulay": null,
            "mod_duration": null,
            "port_turnover_ratio": "0.39",
            "r_squared_ratio": null,
            "roe_ratio": null,
            "sharpe": null,
            "sortino_ratio": null,
            "std_dev": null,
            "tracking_error": null,
            "treynor_ratio": null,
            "upside_deviation": null,
            "ytm": null
        },
        "min_addl_amt": null,
        "min_addl_amt_multiple": null,
        "min_amt": "5000",
        "min_amt_multiple": "1",
        "monthly_aaum_date": "31MARCH2025",
        "monthly_aaum_value": "1,250.32 crores",
        "mutual_fund_name": "SBI Mutual Fund",
        "page_number": [
            16
        ],
        "scheme_launch_date": "03102022"
    },
    "SBI NIFTY INDEX FUND ": {
        "amc_name": "SBI Funds Management Limited",
        "benchmark_index": "NIFTY 50 TRI",
        "fund_manager": [
            {
                "managing_fund_since": "February 2011",
                "name": "Raviprakash Sharma",
                "qualification": "",
                "total_exp": "24 Years"
            }
        ],
        "load": {
            "entry_load": "N.A. Exit  For exit within 15 days from the date of allotment  0.20  For",
            "exit_load": "on or after 15 days from the date of allotment  Nil"
        },
        "main_scheme_name": "SBI NIFTY INDEX FUND ",
        "metrics": {
            "alpha": null,
            "arithmetic_mean_ratio": null,
            "average_div_yld": null,
            "average_pb": null,
            "average_pe": null,
            "avg_maturity": null,
            "beta": "1.00",
            "correlation_ratio": null,
            "downside_deviation": null,
            "information_ratio": null,
            "macaulay": null,
            "mod_duration": null,
            "port_turnover_ratio": "0.15",
            "r_squared_ratio": null,
            "roe_ratio": null,
            "sharpe": "0.39",
            "sortino_ratio": null,
            "std_dev": "12.73",
            "tracking_error": null,
            "treynor_ratio": null,
            "upside_deviation": null,
            "ytm": null
        },
        "min_addl_amt": null,
        "min_addl_amt_multiple": null,
        "min_amt": "5,000",
        "min_amt_multiple": "1",
        "monthly_aaum_date": "31MARCH2025",
        "monthly_aaum_value": "8,631.29 crores",
        "mutual_fund_name": "SBI Mutual Fund",
        "page_number": [
            17
        ],
        "scheme_launch_date": "17012002"
    },
    "SBI NIFTY 500 INDEX FUND ": {
        "amc_name": "SBI Funds Management Limited",
        "benchmark_index": "Nifty 500 TRI",
        "fund_manager": [
            {
                "managing_fund_since": "September 2024",
                "name": "Viral Chhadva",
                "qualification": "",
                "total_exp": "17 Years"
            }
        ],
        "load": {
            "entry_load": "N.A. Exit  For exit on or before 15 days from the date of allotment  0.25,  For",
            "exit_load": "after 15 days from the date of allotment  Nil"
        },
        "main_scheme_name": "SBI NIFTY 500 INDEX FUND ",
        "metrics": {
            "alpha": null,
            "arithmetic_mean_ratio": null,
            "average_div_yld": null,
            "average_pb": null,
            "average_pe": null,
            "avg_maturity": null,
            "beta": null,
            "correlation_ratio": null,
            "downside_deviation": null,
            "information_ratio": null,
            "macaulay": null,
            "mod_duration": null,
            "port_turnover_ratio": null,
            "r_squared_ratio": null,
            "roe_ratio": null,
            "sharpe": null,
            "sortino_ratio": null,
            "std_dev": null,
            "tracking_error": null,
            "treynor_ratio": null,
            "upside_deviation": null,
            "ytm": null
        },
        "min_addl_amt": null,
        "min_addl_amt_multiple": null,
        "min_amt": "5,000",
        "min_amt_multiple": "1",
        "monthly_aaum_date": "31MARCH2025",
        "monthly_aaum_value": "813.21 crores",
        "mutual_fund_name": "SBI Mutual Fund",
        "page_number": [
            18
        ],
        "scheme_launch_date": "30092024"
    },
    "SBI NIFTY INDIA CONSUMPTION INDEX FUND ": {
        "amc_name": "SBI Funds Management Limited",
        "benchmark_index": "Nifty India Consumption TRI Entry N.A.",
        "fund_manager": [
            {
                "managing_fund_since": "October 2024",
                "name": "Harsh Sethi",
                "qualification": "",
                "total_exp": "20 Years"
            }
        ],
        "load": {
            "entry_load": "Exit  For exit on or before 15 days from the date of allotment  0.25,  For",
            "exit_load": "after 15 days from the date of allotment  Nil"
        },
        "main_scheme_name": "SBI NIFTY INDIA CONSUMPTION INDEX FUND ",
        "metrics": {
            "alpha": null,
            "arithmetic_mean_ratio": null,
            "average_div_yld": null,
            "average_pb": null,
            "average_pe": null,
            "avg_maturity": null,
            "beta": null,
            "correlation_ratio": null,
            "downside_deviation": null,
            "information_ratio": null,
            "macaulay": null,
            "mod_duration": null,
            "port_turnover_ratio": null,
            "r_squared_ratio": null,
            "roe_ratio": null,
            "sharpe": null,
            "sortino_ratio": null,
            "std_dev": null,
            "tracking_error": null,
            "treynor_ratio": null,
            "upside_deviation": null,
            "ytm": null
        },
        "min_addl_amt": null,
        "min_addl_amt_multiple": null,
        "min_amt": "5,000",
        "min_amt_multiple": "1",
        "monthly_aaum_date": "31MARCH2025",
        "monthly_aaum_value": "345.80 crores",
        "mutual_fund_name": "SBI Mutual Fund",
        "page_number": [
            19
        ],
        "scheme_launch_date": "30102024"
    },
    "SBI NIFTY50 EQUAL WEIGHT INDEX FUND ": {
        "amc_name": "SBI Funds Management Limited",
        "benchmark_index": "Nifty50 Equal Weight TR Index",
        "fund_manager": [
            {
                "managing_fund_since": "February 2024",
                "name": "Viral Chhadva",
                "qualification": "",
                "total_exp": "17 Years"
            }
        ],
        "load": {
            "entry_load": "For exit on or before 15 days from the date of allotment 0.25,  For",
            "exit_load": "after 15 days from the date of allotment Nil"
        },
        "main_scheme_name": "SBI NIFTY50 EQUAL WEIGHT INDEX FUND ",
        "metrics": {
            "alpha": null,
            "arithmetic_mean_ratio": null,
            "average_div_yld": null,
            "average_pb": null,
            "average_pe": null,
            "avg_maturity": null,
            "beta": null,
            "correlation_ratio": null,
            "downside_deviation": null,
            "information_ratio": null,
            "macaulay": null,
            "mod_duration": null,
            "port_turnover_ratio": "0.36",
            "r_squared_ratio": null,
            "roe_ratio": null,
            "sharpe": null,
            "sortino_ratio": null,
            "std_dev": null,
            "tracking_error": null,
            "treynor_ratio": null,
            "upside_deviation": null,
            "ytm": null
        },
        "min_addl_amt": null,
        "min_addl_amt_multiple": null,
        "min_amt": "5000",
        "min_amt_multiple": "1",
        "monthly_aaum_date": "31MARCH2025",
        "monthly_aaum_value": "1,036.43 crores",
        "mutual_fund_name": "SBI Mutual Fund",
        "page_number": [
            20
        ],
        "scheme_launch_date": "31012024"
    },
    "SBI NIFTY 10 YR BENCHMARK G-SEC ETF ": {
        "amc_name": "SBI Funds Management Limited",
        "benchmark_index": "NIFTY 10Yr Benchmark GSec Inde",
        "fund_manager": [
            {
                "managing_fund_since": "December 2023",
                "name": "Tejas Soman",
                "qualification": "",
                "total_exp": "8 Years"
            },
            {
                "managing_fund_since": "December 2023",
                "name": "Ardhendhu Bhattacharya",
                "qualification": "",
                "total_exp": "13 Years"
            }
        ],
        "load": {
            "entry_load": "N.A.",
            "exit_load": "N.A."
        },
        "main_scheme_name": "SBI NIFTY 10 YR BENCHMARK G-SEC ETF ",
        "metrics": {
            "alpha": null,
            "arithmetic_mean_ratio": null,
            "average_div_yld": null,
            "average_pb": null,
            "average_pe": null,
            "avg_maturity": null,
            "beta": "0.99",
            "correlation_ratio": null,
            "downside_deviation": null,
            "information_ratio": null,
            "macaulay": null,
            "mod_duration": null,
            "port_turnover_ratio": null,
            "r_squared_ratio": null,
            "roe_ratio": null,
            "sharpe": "0.08",
            "sortino_ratio": null,
            "std_dev": "3.00",
            "tracking_error": "0.0362",
            "treynor_ratio": null,
            "upside_deviation": null,
            "ytm": null
        },
        "min_addl_amt": null,
        "min_addl_amt_multiple": null,
        "min_amt": "25",
        "min_amt_multiple": "31",
        "monthly_aaum_date": "31MARCH2025",
        "monthly_aaum_value": "3,084.74 crores",
        "mutual_fund_name": "SBI Mutual Fund",
        "page_number": [
            21
        ],
        "scheme_launch_date": "10062016"
    },
    "SBIN NIFTY 1D RATE ETF ": {
        "amc_name": "SBI Funds Management Limited",
        "benchmark_index": "NIFTY 1D Rate Index",
        "fund_manager": [
            {
                "managing_fund_since": "October 2023",
                "name": "Tejas Soman",
                "qualification": "",
                "total_exp": "8 Years"
            }
        ],
        "load": {
            "entry_load": "load Not applicable",
            "exit_load": "load Nil"
        },
        "main_scheme_name": "SBIN NIFTY 1D RATE ETF ",
        "metrics": {
            "alpha": null,
            "arithmetic_mean_ratio": null,
            "average_div_yld": null,
            "average_pb": null,
            "average_pe": null,
            "avg_maturity": null,
            "beta": null,
            "correlation_ratio": null,
            "downside_deviation": null,
            "information_ratio": null,
            "macaulay": null,
            "mod_duration": null,
            "port_turnover_ratio": null,
            "r_squared_ratio": null,
            "roe_ratio": null,
            "sharpe": null,
            "sortino_ratio": null,
            "std_dev": null,
            "tracking_error": null,
            "treynor_ratio": null,
            "upside_deviation": null,
            "ytm": null
        },
        "min_addl_amt": null,
        "min_addl_amt_multiple": null,
        "min_amt": "5,000",
        "min_amt_multiple": "1",
        "monthly_aaum_date": "31MARCH2025",
        "monthly_aaum_value": "29.94 crores",
        "mutual_fund_name": "SBI Mutual Fund",
        "page_number": [
            22
        ],
        "scheme_launch_date": "27102023"
    },
    "SBI CPSE BOND PLUS SDLSEPTEMBER ": {
        "amc_name": "SBI Funds Management Limited",
        "benchmark_index": "Nifty CPSE Bond Plus SDL Sep 2026 5050 Index",
        "fund_manager": [
            {
                "managing_fund_since": "December 2023",
                "name": "Ranjana Gupta",
                "qualification": "",
                "total_exp": "27 Years"
            },
            {
                "managing_fund_since": "December 2023",
                "name": "Tejas Soman",
                "qualification": "",
                "total_exp": "8 Years"
            }
        ],
        "load": {
            "entry_load": "Nil Exit   For exit on or before 30 days from the date of allotment  0.15   For",
            "exit_load": "after 30 days from the date of allotment  Nil"
        },
        "main_scheme_name": "SBI CPSE BOND PLUS SDLSEPTEMBER ",
        "metrics": {
            "alpha": null,
            "arithmetic_mean_ratio": null,
            "average_div_yld": null,
            "average_pb": null,
            "average_pe": null,
            "avg_maturity": "1.41 years",
            "beta": null,
            "correlation_ratio": null,
            "downside_deviation": null,
            "information_ratio": null,
            "macaulay": "1.34 years",
            "mod_duration": "1.27 years",
            "port_turnover_ratio": null,
            "r_squared_ratio": null,
            "roe_ratio": null,
            "sharpe": null,
            "sortino_ratio": null,
            "std_dev": null,
            "tracking_error": null,
            "treynor_ratio": null,
            "upside_deviation": null,
            "ytm": "7.24"
        },
        "min_addl_amt": null,
        "min_addl_amt_multiple": null,
        "min_amt": "5,000",
        "min_amt_multiple": "1",
        "monthly_aaum_date": "31MARCH2025",
        "monthly_aaum_value": "9,340.05 crores",
        "mutual_fund_name": "SBI Mutual Fund",
        "page_number": [
            23
        ],
        "scheme_launch_date": "19012022"
    },
    "SBI CRISIL IBX SDLINDEX - SEPTEMBER 2027 FUND ": {
        "amc_name": "SBI Funds Management Limited",
        "benchmark_index": "CRISIL IBX SDL Index  September 202",
        "fund_manager": [
            {
                "managing_fund_since": "December 2023",
                "name": "Ranjana Gupta",
                "qualification": "",
                "total_exp": "27 Years"
            },
            {
                "managing_fund_since": "December 2023",
                "name": "Tejas Soman",
                "qualification": "",
                "total_exp": "8 Years"
            }
        ],
        "load": {
            "entry_load": "load  Not applicable",
            "exit_load": "Load   0.15 if redeemed on or before 30 days from the date of allotment.   Nil  after 30 days from the date of allotment"
        },
        "main_scheme_name": "SBI CRISIL IBX SDLINDEX - SEPTEMBER 2027 FUND ",
        "metrics": {
            "alpha": null,
            "arithmetic_mean_ratio": null,
            "average_div_yld": null,
            "average_pb": null,
            "average_pe": null,
            "avg_maturity": "2.50 years",
            "beta": null,
            "correlation_ratio": null,
            "downside_deviation": null,
            "information_ratio": null,
            "macaulay": "2.30 years",
            "mod_duration": "2.22 years",
            "port_turnover_ratio": null,
            "r_squared_ratio": null,
            "roe_ratio": null,
            "sharpe": null,
            "sortino_ratio": null,
            "std_dev": null,
            "tracking_error": null,
            "treynor_ratio": null,
            "upside_deviation": null,
            "ytm": "6.96"
        },
        "min_addl_amt": null,
        "min_addl_amt_multiple": null,
        "min_amt": "5000",
        "min_amt_multiple": "1",
        "monthly_aaum_date": "31MARCH2025",
        "monthly_aaum_value": "1,108.03 crores",
        "mutual_fund_name": "SBI Mutual Fund",
        "page_number": [
            24
        ],
        "scheme_launch_date": "04102022"
    },
    "SBI CRISIL IBX GILT INDEX - APRIL 2029 FUND ": {
        "amc_name": "SBI Funds Management Limited",
        "benchmark_index": "CRISIL IBX Gilt Index  April 2029",
        "fund_manager": [
            {
                "managing_fund_since": "December 2023",
                "name": "Ranjana Gupta",
                "qualification": "",
                "total_exp": "27 Years"
            },
            {
                "managing_fund_since": "December 2023",
                "name": "Tejas Soman",
                "qualification": "",
                "total_exp": "8 Years"
            }
        ],
        "load": {
            "entry_load": "load Not applicable",
            "exit_load": "load   0.15 if redeemed on or before 30 days from the date of allotment   Nil  after 30 days from the date of allotment"
        },
        "main_scheme_name": "SBI CRISIL IBX GILT INDEX - APRIL 2029 FUND ",
        "metrics": {
            "alpha": null,
            "arithmetic_mean_ratio": null,
            "average_div_yld": null,
            "average_pb": null,
            "average_pe": null,
            "avg_maturity": "4.20 years",
            "beta": null,
            "correlation_ratio": null,
            "downside_deviation": null,
            "information_ratio": null,
            "macaulay": "3.64 years",
            "mod_duration": "3.52 years",
            "port_turnover_ratio": null,
            "r_squared_ratio": null,
            "roe_ratio": null,
            "sharpe": null,
            "sortino_ratio": null,
            "std_dev": null,
            "tracking_error": null,
            "treynor_ratio": null,
            "upside_deviation": null,
            "ytm": "6.75"
        },
        "min_addl_amt": null,
        "min_addl_amt_multiple": null,
        "min_amt": "5,000",
        "min_amt_multiple": "1",
        "monthly_aaum_date": "31MARCH2025",
        "monthly_aaum_value": "2,278.86 crores",
        "mutual_fund_name": "SBI Mutual Fund",
        "page_number": [
            25
        ],
        "scheme_launch_date": "04102022"
    },
    "SBI CRISIL IBX GILT INDEX - JUNE 2036 FUND ": {
        "amc_name": "SBI Funds Management Limited",
        "benchmark_index": "CRISIL IBX Gilt Index  June 2036",
        "fund_manager": [
            {
                "managing_fund_since": "December 2023",
                "name": "Ranjana Gupta",
                "qualification": "",
                "total_exp": "27 Years"
            },
            {
                "managing_fund_since": "December 2023",
                "name": "Tejas Soman",
                "qualification": "",
                "total_exp": "8 Years"
            }
        ],
        "load": {
            "entry_load": "load Not applicable",
            "exit_load": "load   0.15 if redeemed on or before 30 days from the date of allotment   Nil  after 30 days from the date of allotment"
        },
        "main_scheme_name": "SBI CRISIL IBX GILT INDEX - JUNE 2036 FUND ",
        "metrics": {
            "alpha": null,
            "arithmetic_mean_ratio": null,
            "average_div_yld": null,
            "average_pb": null,
            "average_pe": null,
            "avg_maturity": "11.19 years",
            "beta": null,
            "correlation_ratio": null,
            "downside_deviation": null,
            "information_ratio": null,
            "macaulay": "7.73 years",
            "mod_duration": "7.48 years",
            "port_turnover_ratio": null,
            "r_squared_ratio": null,
            "roe_ratio": null,
            "sharpe": null,
            "sortino_ratio": null,
            "std_dev": null,
            "tracking_error": null,
            "treynor_ratio": null,
            "upside_deviation": null,
            "ytm": "6.94"
        },
        "min_addl_amt": null,
        "min_addl_amt_multiple": null,
        "min_amt": "5,000",
        "min_amt_multiple": "1",
        "monthly_aaum_date": "31MARCH2025",
        "monthly_aaum_value": "2,430.91 crores",
        "mutual_fund_name": "SBI Mutual Fund",
        "page_number": [
            26
        ],
        "scheme_launch_date": "04102022"
    },
    "i _ GOLD FUND ": {
        "amc_name": "SBI Funds Management Limited",
        "benchmark_index": "Price of Physical Gold",
        "fund_manager": [
            {
                "managing_fund_since": "September 2011",
                "name": "Raviprakash Sharma",
                "qualification": "",
                "total_exp": "24 Years"
            }
        ],
        "load": {
            "entry_load": "For exit on or before 15 days from the date of allotment  1 For exit after 15 days from the date of allotment  Nil (w.e.f. 8 September 2020)",
            "exit_load": "N.A. ISIN INF200K01HA1 Bloomberg Code SBIGOGRIN Minimum Investment 5,000  in multiples of 1 Additional Investment 1,000  in multiples of 1"
        },
        "main_scheme_name": "i _ GOLD FUND ",
        "metrics": {
            "alpha": null,
            "arithmetic_mean_ratio": null,
            "average_div_yld": null,
            "average_pb": null,
            "average_pe": null,
            "avg_maturity": null,
            "beta": null,
            "correlation_ratio": null,
            "downside_deviation": null,
            "information_ratio": null,
            "macaulay": null,
            "mod_duration": null,
            "port_turnover_ratio": null,
            "r_squared_ratio": null,
            "roe_ratio": null,
            "sharpe": null,
            "sortino_ratio": null,
            "std_dev": null,
            "tracking_error": null,
            "treynor_ratio": null,
            "upside_deviation": null,
            "ytm": null
        },
        "min_addl_amt": null,
        "min_addl_amt_multiple": null,
        "min_amt": "5,000",
        "min_amt_multiple": "1",
        "monthly_aaum_date": "31MARCH2025",
        "monthly_aaum_value": "2,751.14 crores",
        "mutual_fund_name": "SBI Mutual Fund",
        "page_number": [
            27
        ],
        "scheme_launch_date": "12092011"
    },
    "S35 GOLD ETF ": {
        "amc_name": "SBI Funds Management Limited",
        "benchmark_index": "Price of Gold",
        "fund_manager": [
            {
                "managing_fund_since": "January 2024",
                "name": "Vandna Soni",
                "qualification": "",
                "total_exp": "14 Years"
            }
        ],
        "load": {
            "entry_load": "N.A.",
            "exit_load": "N.A."
        },
        "main_scheme_name": "S35 GOLD ETF ",
        "metrics": {
            "alpha": null,
            "arithmetic_mean_ratio": null,
            "average_div_yld": null,
            "average_pb": null,
            "average_pe": null,
            "avg_maturity": null,
            "beta": "0.98",
            "correlation_ratio": null,
            "downside_deviation": null,
            "information_ratio": null,
            "macaulay": null,
            "mod_duration": null,
            "port_turnover_ratio": "0.03",
            "r_squared_ratio": null,
            "roe_ratio": null,
            "sharpe": "0.91",
            "sortino_ratio": null,
            "std_dev": "12.27",
            "tracking_error": "0.1998",
            "treynor_ratio": null,
            "upside_deviation": null,
            "ytm": null
        },
        "min_addl_amt": null,
        "min_addl_amt_multiple": null,
        "min_amt": "25",
        "min_amt_multiple": "31",
        "monthly_aaum_date": "31MARCH2025",
        "monthly_aaum_value": "6,242.76 crores",
        "mutual_fund_name": "SBI Mutual Fund",
        "page_number": [
            28
        ],
        "scheme_launch_date": "18052009"
    },
    "SBI SILVER ETF ": {
        "amc_name": "SBI Funds Management Limited",
        "benchmark_index": "Domestic price of silver",
        "fund_manager": [
            {
                "managing_fund_since": "July 2024",
                "name": "Vandna Soni",
                "qualification": "",
                "total_exp": "14 Years"
            }
        ],
        "load": {
            "entry_load": "N.A.",
            "exit_load": "N.A."
        },
        "main_scheme_name": "SBI SILVER ETF ",
        "metrics": {
            "alpha": null,
            "arithmetic_mean_ratio": null,
            "average_div_yld": null,
            "average_pb": null,
            "average_pe": null,
            "avg_maturity": null,
            "beta": null,
            "correlation_ratio": null,
            "downside_deviation": null,
            "information_ratio": null,
            "macaulay": null,
            "mod_duration": null,
            "port_turnover_ratio": "0.10",
            "r_squared_ratio": null,
            "roe_ratio": null,
            "sharpe": null,
            "sortino_ratio": null,
            "std_dev": null,
            "tracking_error": null,
            "treynor_ratio": null,
            "upside_deviation": null,
            "ytm": null
        },
        "min_addl_amt": null,
        "min_addl_amt_multiple": null,
        "min_amt": "25",
        "min_amt_multiple": "31",
        "monthly_aaum_date": "31MARCH2025",
        "monthly_aaum_value": "506.77 crores",
        "mutual_fund_name": "SBI Mutual Fund",
        "page_number": [
            29
        ],
        "scheme_launch_date": "03072024"
    },
    "SBI SILVER ETF FUND OF FUND ": {
        "amc_name": "SBI Funds Management Limited",
        "benchmark_index": "Domestic price of silver",
        "fund_manager": [
            {
                "managing_fund_since": "July 2024",
                "name": "Harsh Sethi",
                "qualification": "",
                "total_exp": "20 Years"
            }
        ],
        "load": {
            "entry_load": "N.A. Exit  For exit on or before 15 days from the date of allotment 1,  For",
            "exit_load": "after 15 days from the date of allotment Nil"
        },
        "main_scheme_name": "SBI SILVER ETF FUND OF FUND ",
        "metrics": {
            "alpha": null,
            "arithmetic_mean_ratio": null,
            "average_div_yld": null,
            "average_pb": null,
            "average_pe": null,
            "avg_maturity": null,
            "beta": null,
            "correlation_ratio": null,
            "downside_deviation": null,
            "information_ratio": null,
            "macaulay": null,
            "mod_duration": null,
            "port_turnover_ratio": null,
            "r_squared_ratio": null,
            "roe_ratio": null,
            "sharpe": null,
            "sortino_ratio": null,
            "std_dev": null,
            "tracking_error": null,
            "treynor_ratio": null,
            "upside_deviation": null,
            "ytm": null
        },
        "min_addl_amt": null,
        "min_addl_amt_multiple": null,
        "min_amt": "5,000",
        "min_amt_multiple": "1",
        "monthly_aaum_date": "31MARCH2025",
        "monthly_aaum_value": "287.84 crores",
        "mutual_fund_name": "SBI Mutual Fund",
        "page_number": [
            30
        ],
        "scheme_launch_date": "11072024"
    }
}