{
    "sundaram large cap fund": {
        "amc_name": "Sundaram Asset Management Company Limited",
        "benchmark_index": "Nifty 100 TRI ",
        "fund_manager": [
            {
                "managing_fund_since": "",
                "name": "Ashwin Jain",
                "qualification": "",
                "total_exp": ""
            },
            {
                "managing_fund_since": "",
                "name": "Bharath S",
                "qualification": "",
                "total_exp": ""
            }
        ],
        "load": {
            "entry_load": "",
            "exit_load": "Upto 25, within 365 days from the date of allotment Nil. More than 25 within 365 days from the date of allotment 1. 365 days Nil"
        },
        "main_scheme_name": "sundaram large cap fund",
        "metrics": {
            "alpha": null,
            "arithmetic_mean_ratio": null,
            "average_div_yld": null,
            "average_pb": null,
            "average_pe": null,
            "avg_maturity": null,
            "beta": "0.9",
            "correlation_ratio": null,
            "downside_deviation": null,
            "information_ratio": "-0.4",
            "macaulay": null,
            "mod_duration": null,
            "port_turnover_ratio": "34.1",
            "r_squared_ratio": null,
            "roe_ratio": null,
            "sharpe": "0.4",
            "sortino_ratio": null,
            "std_dev": "12.4",
            "tracking_error": null,
            "treynor_ratio": null,
            "upside_deviation": null,
            "ytm": null
        },
        "min_addl_amt": null,
        "min_addl_amt_multiple": null,
        "min_amt": "100",
        "min_amt_multiple": "1",
        "monthly_aaum_date": "31MARCH2025",
        "monthly_aaum_value": "INR 3,319 Cr.",
        "mutual_fund_name": "Sundaram Mutual Fund",
        "page_number": [
            7
        ],
        "scheme_launch_date": "Jul 30, 2002"
    },
    "sundaram mid cap fund": {
        "amc_name": "Sundaram Asset Management Company Limited",
        "benchmark_index": "Nifty MidCap 150 TRI ",
        "fund_manager": [
            {
                "managing_fund_since": "",
                "name": "S Bharath",
                "qualification": "",
                "total_exp": ""
            },
            {
                "managing_fund_since": "",
                "name": "Ratish B Varier",
                "qualification": "",
                "total_exp": ""
            }
        ],
        "load": {
            "entry_load": "",
            "exit_load": "Upto 25, within 365 days from the date of allotment Nil. More than 25 within 365 days from the date of allotment 1. 365 days Nil"
        },
        "main_scheme_name": "sundaram mid cap fund",
        "metrics": {
            "alpha": null,
            "arithmetic_mean_ratio": null,
            "average_div_yld": null,
            "average_pb": null,
            "average_pe": null,
            "avg_maturity": null,
            "beta": "0.9",
            "correlation_ratio": null,
            "downside_deviation": null,
            "information_ratio": "0.2",
            "macaulay": null,
            "mod_duration": null,
            "port_turnover_ratio": "38.0",
            "r_squared_ratio": null,
            "roe_ratio": null,
            "sharpe": "1.0",
            "sortino_ratio": null,
            "std_dev": "15.2",
            "tracking_error": null,
            "treynor_ratio": null,
            "upside_deviation": null,
            "ytm": null
        },
        "min_addl_amt": null,
        "min_addl_amt_multiple": null,
        "min_amt": "100",
        "min_amt_multiple": "1",
        "monthly_aaum_date": "31MARCH2025",
        "monthly_aaum_value": "INR 11,638 Cr.",
        "mutual_fund_name": "Sundaram Mutual Fund",
        "page_number": [
            8
        ],
        "scheme_launch_date": "Jul 30, 2002"
    },
    "sundaram small cap fund": {
        "amc_name": "Sundaram Asset Management Company Limited",
        "benchmark_index": "Nifty Small Cap 250 TRI ",
        "fund_manager": [
            {
                "managing_fund_since": "",
                "name": "Rohit Seksaria",
                "qualification": "",
                "total_exp": ""
            }
        ],
        "load": {
            "entry_load": "",
            "exit_load": "Upto 25, within 365 days from the date of allotment Nil. More than 25 within 365 days from the date of allotment 1. 365 days Nil Regular Direct Growth 240.72 265.18 IDCW 32.94 37.29"
        },
        "main_scheme_name": "sundaram small cap fund",
        "metrics": {
            "alpha": null,
            "arithmetic_mean_ratio": null,
            "average_div_yld": null,
            "average_pb": null,
            "average_pe": null,
            "avg_maturity": null,
            "beta": "0.7",
            "correlation_ratio": null,
            "downside_deviation": null,
            "information_ratio": "-0.2",
            "macaulay": null,
            "mod_duration": null,
            "port_turnover_ratio": "64.9",
            "r_squared_ratio": null,
            "roe_ratio": null,
            "sharpe": "0.7",
            "sortino_ratio": null,
            "std_dev": "15.0",
            "tracking_error": null,
            "treynor_ratio": null,
            "upside_deviation": null,
            "ytm": null
        },
        "min_addl_amt": null,
        "min_addl_amt_multiple": null,
        "min_amt": "100",
        "min_amt_multiple": "1",
        "monthly_aaum_date": "31MARCH2025",
        "monthly_aaum_value": "INR 3,168 Cr.",
        "mutual_fund_name": "Sundaram Mutual Fund",
        "page_number": [
            9
        ],
        "scheme_launch_date": "Feb 15, 2005"
    },
    "sundaram large and mid cap fund": {
        "amc_name": "Sundaram Asset Management Company Limited",
        "benchmark_index": "Nifty Large Mid Cap 250 TRI ",
        "fund_manager": [
            {
                "managing_fund_since": "",
                "name": "Bharath S",
                "qualification": "",
                "total_exp": ""
            },
            {
                "managing_fund_since": "",
                "name": "Ashish Aggarwal",
                "qualification": "",
                "total_exp": ""
            }
        ],
        "load": {
            "entry_load": "",
            "exit_load": "Upto 25, within 365 days from the date of allotment Nil. More than 25 within 365 days from the date of allotment 1. 365 days Nil Regular Direct Growth 79.73 89.25 IDCW 28.85 32.99"
        },
        "main_scheme_name": "sundaram large and mid cap fund",
        "metrics": {
            "alpha": null,
            "arithmetic_mean_ratio": null,
            "average_div_yld": null,
            "average_pb": null,
            "average_pe": null,
            "avg_maturity": null,
            "beta": "0.9",
            "correlation_ratio": null,
            "downside_deviation": null,
            "information_ratio": "-1.1",
            "macaulay": null,
            "mod_duration": null,
            "port_turnover_ratio": "32.1",
            "r_squared_ratio": null,
            "roe_ratio": null,
            "sharpe": "0.5",
            "sortino_ratio": null,
            "std_dev": "13.9",
            "tracking_error": null,
            "treynor_ratio": null,
            "upside_deviation": null,
            "ytm": null
        },
        "min_addl_amt": null,
        "min_addl_amt_multiple": null,
        "min_amt": "100",
        "min_amt_multiple": "1",
        "monthly_aaum_date": "31MARCH2025",
        "monthly_aaum_value": "INR 6,470 Cr.",
        "mutual_fund_name": "Sundaram Mutual Fund",
        "page_number": [
            10
        ],
        "scheme_launch_date": "Feb 27, 2007"
    },
    "sundaram multi cap fund": {
        "amc_name": "Sundaram Asset Management Company Limited",
        "benchmark_index": "Nifty 500 Multicap 502525 TRI ",
        "fund_manager": [
            {
                "managing_fund_since": "",
                "name": "Sudhir Kedia",
                "qualification": "",
                "total_exp": ""
            },
            {
                "managing_fund_since": "",
                "name": "Ratish B Varier",
                "qualification": "",
                "total_exp": ""
            }
        ],
        "load": {
            "entry_load": "",
            "exit_load": "Upto 25, within 365 days from the date of allotment Nil. More than 25 within 365 days from the date of allotment 1. 365 days Nil"
        },
        "main_scheme_name": "sundaram multi cap fund",
        "metrics": {
            "alpha": null,
            "arithmetic_mean_ratio": null,
            "average_div_yld": null,
            "average_pb": null,
            "average_pe": null,
            "avg_maturity": null,
            "beta": "0.9",
            "correlation_ratio": null,
            "downside_deviation": null,
            "information_ratio": "-0.9",
            "macaulay": null,
            "mod_duration": null,
            "port_turnover_ratio": "64.8",
            "r_squared_ratio": null,
            "roe_ratio": null,
            "sharpe": "0.5",
            "sortino_ratio": null,
            "std_dev": "13.7",
            "tracking_error": null,
            "treynor_ratio": null,
            "upside_deviation": null,
            "ytm": null
        },
        "min_addl_amt": null,
        "min_addl_amt_multiple": null,
        "min_amt": "100",
        "min_amt_multiple": "1",
        "monthly_aaum_date": "31MARCH2025",
        "monthly_aaum_value": "INR 2,644 Cr.",
        "mutual_fund_name": "Sundaram Mutual Fund",
        "page_number": [
            11
        ],
        "scheme_launch_date": "Oct 25, 2000"
    },
    "sundaram flexi cap fund": {
        "amc_name": "Sundaram Asset Management Company Limited",
        "benchmark_index": "Nifty 500 TRI ",
        "fund_manager": [
            {
                "managing_fund_since": "",
                "name": "Sudhir Kedia",
                "qualification": "",
                "total_exp": ""
            },
            {
                "managing_fund_since": "",
                "name": "Bharath S",
                "qualification": "",
                "total_exp": ""
            },
            {
                "managing_fund_since": "",
                "name": "Dwijendra Srivastava",
                "qualification": "",
                "total_exp": ""
            },
            {
                "managing_fund_since": "",
                "name": "Pathanjali Srinivasan",
                "qualification": "",
                "total_exp": ""
            },
            {
                "managing_fund_since": "",
                "name": "Overseas Equities",
                "qualification": "",
                "total_exp": ""
            }
        ],
        "load": {
            "entry_load": "",
            "exit_load": "Upto 25, within 365 days from the date of allotment Nil. More than 25 within 365 days from the date of allotment 1. 365 days Nil"
        },
        "main_scheme_name": "sundaram flexi cap fund",
        "metrics": {
            "alpha": null,
            "arithmetic_mean_ratio": null,
            "average_div_yld": null,
            "average_pb": null,
            "average_pe": null,
            "avg_maturity": null,
            "beta": null,
            "correlation_ratio": null,
            "downside_deviation": null,
            "information_ratio": null,
            "macaulay": null,
            "mod_duration": null,
            "port_turnover_ratio": "24.9",
            "r_squared_ratio": null,
            "roe_ratio": null,
            "sharpe": null,
            "sortino_ratio": null,
            "std_dev": null,
            "tracking_error": null,
            "treynor_ratio": null,
            "upside_deviation": null,
            "ytm": null
        },
        "min_addl_amt": null,
        "min_addl_amt_multiple": null,
        "min_amt": "100",
        "min_amt_multiple": "1",
        "monthly_aaum_date": "31MARCH2025",
        "monthly_aaum_value": "INR 1,979 Cr.",
        "mutual_fund_name": "Sundaram Mutual Fund",
        "page_number": [
            12
        ],
        "scheme_launch_date": "Sep 6, 2022"
    },
    "sundaram focused fund": {
        "amc_name": "Sundaram Asset Management Company Limited",
        "benchmark_index": "Nifty 500 TRI ",
        "fund_manager": [
            {
                "managing_fund_since": "",
                "name": "Bharath S",
                "qualification": "",
                "total_exp": ""
            },
            {
                "managing_fund_since": "",
                "name": "Ashwin Jain",
                "qualification": "",
                "total_exp": ""
            }
        ],
        "load": {
            "entry_load": "",
            "exit_load": "0.25 within 7 days from the date of allotment 7 days Nil Regular Direct Growth 153.83 169.61 IDCW 41.48 44.91"
        },
        "main_scheme_name": "sundaram focused fund",
        "metrics": {
            "alpha": null,
            "arithmetic_mean_ratio": null,
            "average_div_yld": null,
            "average_pb": null,
            "average_pe": null,
            "avg_maturity": null,
            "beta": "1.0",
            "correlation_ratio": null,
            "downside_deviation": null,
            "information_ratio": "-0.7",
            "macaulay": null,
            "mod_duration": null,
            "port_turnover_ratio": "65.5",
            "r_squared_ratio": null,
            "roe_ratio": null,
            "sharpe": "0.4",
            "sortino_ratio": null,
            "std_dev": "13.7",
            "tracking_error": null,
            "treynor_ratio": null,
            "upside_deviation": null,
            "ytm": null
        },
        "min_addl_amt": null,
        "min_addl_amt_multiple": null,
        "min_amt": "300",
        "min_amt_multiple": "1",
        "monthly_aaum_date": "31MARCH2025",
        "monthly_aaum_value": "INR 1,062 Cr.",
        "mutual_fund_name": "Sundaram Mutual Fund",
        "page_number": [
            13
        ],
        "scheme_launch_date": "Nov 11, 2005"
    },
    "sundaram elss tax saver fund*": {
        "amc_name": "Sundaram Asset Management Company Limited",
        "benchmark_index": "Nifty 500 TRI ",
        "fund_manager": [
            {
                "managing_fund_since": "",
                "name": "Sudhir Kedia",
                "qualification": "",
                "total_exp": ""
            },
            {
                "managing_fund_since": "",
                "name": "Rohit Seksaria",
                "qualification": "",
                "total_exp": ""
            }
        ],
        "load": {
            "entry_load": "",
            "exit_load": "Nil (lock in period 36 months)"
        },
        "main_scheme_name": "sundaram elss tax saver fund*",
        "metrics": {
            "alpha": null,
            "arithmetic_mean_ratio": null,
            "average_div_yld": null,
            "average_pb": null,
            "average_pe": null,
            "avg_maturity": null,
            "beta": "0.9",
            "correlation_ratio": null,
            "downside_deviation": null,
            "information_ratio": "-0.5",
            "macaulay": null,
            "mod_duration": null,
            "port_turnover_ratio": "29.4",
            "r_squared_ratio": null,
            "roe_ratio": null,
            "sharpe": "0.5",
            "sortino_ratio": null,
            "std_dev": "12.4",
            "tracking_error": null,
            "treynor_ratio": null,
            "upside_deviation": null,
            "ytm": null
        },
        "min_addl_amt": null,
        "min_addl_amt_multiple": null,
        "min_amt": "500",
        "min_amt_multiple": "1",
        "monthly_aaum_date": "31MARCH2025",
        "monthly_aaum_value": "INR 1,299 Cr.",
        "mutual_fund_name": "Sundaram Mutual Fund",
        "page_number": [
            14
        ],
        "scheme_launch_date": "Mar 31, 1996"
    },
    "sundaram dividend yield fund": {
        "amc_name": "Sundaram Asset Management Company Limited",
        "benchmark_index": "Nifty 500 TRI ",
        "fund_manager": [
            {
                "managing_fund_since": "",
                "name": "Ratish B Varier",
                "qualification": "",
                "total_exp": ""
            },
            {
                "managing_fund_since": "",
                "name": "Ashish Aggarwal",
                "qualification": "",
                "total_exp": ""
            }
        ],
        "load": {
            "entry_load": "",
            "exit_load": "Upto 24, within 365 days from the date of allotment Nil. More than 24 within 365 days from the date of allotment 1. 365 days Nil"
        },
        "main_scheme_name": "sundaram dividend yield fund",
        "metrics": {
            "alpha": null,
            "arithmetic_mean_ratio": null,
            "average_div_yld": null,
            "average_pb": null,
            "average_pe": null,
            "avg_maturity": null,
            "beta": "0.9",
            "correlation_ratio": null,
            "downside_deviation": null,
            "information_ratio": "0.2",
            "macaulay": null,
            "mod_duration": null,
            "port_turnover_ratio": "46.7",
            "r_squared_ratio": null,
            "roe_ratio": null,
            "sharpe": "0.7",
            "sortino_ratio": null,
            "std_dev": "12.6",
            "tracking_error": null,
            "treynor_ratio": null,
            "upside_deviation": null,
            "ytm": null
        },
        "min_addl_amt": null,
        "min_addl_amt_multiple": null,
        "min_amt": "5000",
        "min_amt_multiple": "1",
        "monthly_aaum_date": "31MARCH2025",
        "monthly_aaum_value": "INR 880 Cr.",
        "mutual_fund_name": "Sundaram Mutual Fund",
        "page_number": [
            15
        ],
        "scheme_launch_date": "Oct 15, 2004"
    },
    "sundaram consumption fund": {
        "amc_name": "Sundaram Asset Management Company Limited",
        "benchmark_index": "Nifty India Consumption TRI ",
        "fund_manager": [
            {
                "managing_fund_since": "",
                "name": "Ratish B Varier",
                "qualification": "",
                "total_exp": ""
            }
        ],
        "load": {
            "entry_load": "",
            "exit_load": "0.5 - For redemption, withdrawn by way of SWP or transfer by way of SwitchSTP within 30 days from the date of allotment. NIL - For redemption or withdrawn by way of SWP or transfer by way of SwitchSTP after 30 days from the date of allotment Regular Direct Growth 94.14 102.78 IDCW 28.58 31.74"
        },
        "main_scheme_name": "sundaram consumption fund",
        "metrics": {
            "alpha": null,
            "arithmetic_mean_ratio": null,
            "average_div_yld": null,
            "average_pb": null,
            "average_pe": null,
            "avg_maturity": null,
            "beta": "0.9",
            "correlation_ratio": null,
            "downside_deviation": null,
            "information_ratio": "-0.0",
            "macaulay": null,
            "mod_duration": null,
            "port_turnover_ratio": "24.6",
            "r_squared_ratio": null,
            "roe_ratio": null,
            "sharpe": "0.8",
            "sortino_ratio": null,
            "std_dev": "14.2",
            "tracking_error": null,
            "treynor_ratio": null,
            "upside_deviation": null,
            "ytm": null
        },
        "min_addl_amt": null,
        "min_addl_amt_multiple": null,
        "min_amt": "100",
        "min_amt_multiple": "1",
        "monthly_aaum_date": "31MARCH2025",
        "monthly_aaum_value": "INR 1,518 Cr.",
        "mutual_fund_name": "Sundaram Mutual Fund",
        "page_number": [
            16
        ],
        "scheme_launch_date": "May 12, 2006"
    },
    "sundaram services fund": {
        "amc_name": "Sundaram Asset Management Company Limited",
        "benchmark_index": "Nifty Services Sector TRI ",
        "fund_manager": [
            {
                "managing_fund_since": "",
                "name": "Rohit Seksaria",
                "qualification": "",
                "total_exp": ""
            },
            {
                "managing_fund_since": "",
                "name": "Bharath S",
                "qualification": "",
                "total_exp": ""
            },
            {
                "managing_fund_since": "",
                "name": "Pathanjali Srinivasan",
                "qualification": "",
                "total_exp": ""
            },
            {
                "managing_fund_since": "",
                "name": "Overseas Equities",
                "qualification": "",
                "total_exp": ""
            }
        ],
        "load": {
            "entry_load": "",
            "exit_load": "Upto 25, within 365 days from the date of allotment Nil. More than 25 within 365 days from the date of allotment 1. 365 days Nil Regular Direct Growth 31.64 34.07 IDCW 21.69 23.38"
        },
        "main_scheme_name": "sundaram services fund",
        "metrics": {
            "alpha": null,
            "arithmetic_mean_ratio": null,
            "average_div_yld": null,
            "average_pb": null,
            "average_pe": null,
            "avg_maturity": null,
            "beta": "0.9",
            "correlation_ratio": null,
            "downside_deviation": null,
            "information_ratio": "1.1",
            "macaulay": null,
            "mod_duration": null,
            "port_turnover_ratio": "78.3",
            "r_squared_ratio": null,
            "roe_ratio": null,
            "sharpe": "0.6",
            "sortino_ratio": null,
            "std_dev": "13.5",
            "tracking_error": null,
            "treynor_ratio": null,
            "upside_deviation": null,
            "ytm": null
        },
        "min_addl_amt": null,
        "min_addl_amt_multiple": null,
        "min_amt": "100",
        "min_amt_multiple": "1",
        "monthly_aaum_date": "31MARCH2025",
        "monthly_aaum_value": "INR 3,793 Cr.",
        "mutual_fund_name": "Sundaram Mutual Fund",
        "page_number": [
            17
        ],
        "scheme_launch_date": "Sep 21, 2018"
    },
    "sundaram infrastructure advantage fund": {
        "amc_name": "Sundaram Asset Management Company Limited",
        "benchmark_index": "Nifty Infrastructure TRI ",
        "fund_manager": [
            {
                "managing_fund_since": "",
                "name": "Ashish Aggarwal",
                "qualification": "",
                "total_exp": ""
            },
            {
                "managing_fund_since": "",
                "name": "Ratish B Varier",
                "qualification": "",
                "total_exp": ""
            }
        ],
        "load": {
            "entry_load": "",
            "exit_load": "0.5 - For redemption, withdrawn by way of SWP or transfer by way of SwitchSTP within 30 days from the date of allotment. NIL - For redemption or withdrawn by way of SWP or transfer by way of SwitchSTP after 30 days from the date of allotment Regular Direct Growth 86.92 92.66 IDCW 53.28 57.09"
        },
        "main_scheme_name": "sundaram infrastructure advantage fund",
        "metrics": {
            "alpha": null,
            "arithmetic_mean_ratio": null,
            "average_div_yld": null,
            "average_pb": null,
            "average_pe": null,
            "avg_maturity": null,
            "beta": "0.9",
            "correlation_ratio": null,
            "downside_deviation": null,
            "information_ratio": "-0.1",
            "macaulay": null,
            "mod_duration": null,
            "port_turnover_ratio": "36.5",
            "r_squared_ratio": null,
            "roe_ratio": null,
            "sharpe": "0.8",
            "sortino_ratio": null,
            "std_dev": "15.2",
            "tracking_error": null,
            "treynor_ratio": null,
            "upside_deviation": null,
            "ytm": null
        },
        "min_addl_amt": null,
        "min_addl_amt_multiple": null,
        "min_amt": "100",
        "min_amt_multiple": "1",
        "monthly_aaum_date": "31MARCH2025",
        "monthly_aaum_value": "INR 908 Cr.",
        "mutual_fund_name": "Sundaram Mutual Fund",
        "page_number": [
            18
        ],
        "scheme_launch_date": "Sep 29, 2005"
    },
    "sundaram financial services opportunities fund": {
        "amc_name": "Sundaram Asset Management Company Limited",
        "benchmark_index": "Nifty Financial Services Index TR ",
        "fund_manager": [
            {
                "managing_fund_since": "",
                "name": "Rohit Seksaria",
                "qualification": "",
                "total_exp": ""
            },
            {
                "managing_fund_since": "",
                "name": "Ashish Aggarwal",
                "qualification": "",
                "total_exp": ""
            }
        ],
        "load": {
            "entry_load": "",
            "exit_load": "0.5 - For redemption, withdrawn by way of SWP or transfer by way of SwitchSTP within 30 days from the date of allotment. NIL - For redemption or withdrawn by way of SWP or transfer by way of SwitchSTP after 30 days from the date of allotment"
        },
        "main_scheme_name": "sundaram financial services opportunities fund",
        "metrics": {
            "alpha": null,
            "arithmetic_mean_ratio": null,
            "average_div_yld": null,
            "average_pb": null,
            "average_pe": null,
            "avg_maturity": null,
            "beta": "0.9",
            "correlation_ratio": null,
            "downside_deviation": null,
            "information_ratio": "1.1",
            "macaulay": null,
            "mod_duration": null,
            "port_turnover_ratio": "74.2",
            "r_squared_ratio": null,
            "roe_ratio": null,
            "sharpe": "0.6",
            "sortino_ratio": null,
            "std_dev": "14.5",
            "tracking_error": null,
            "treynor_ratio": null,
            "upside_deviation": null,
            "ytm": null
        },
        "min_addl_amt": null,
        "min_addl_amt_multiple": null,
        "min_amt": "100",
        "min_amt_multiple": "1",
        "monthly_aaum_date": "31MARCH2025",
        "monthly_aaum_value": "INR 1,386 Cr.",
        "mutual_fund_name": "Sundaram Mutual Fund",
        "page_number": [
            19
        ],
        "scheme_launch_date": "Jun 16, 2008"
    },
    "sundaram business cycle fund": {
        "amc_name": "Sundaram Asset Management Company Limited",
        "benchmark_index": "NIFTY 500 TRI ",
        "fund_manager": [
            {
                "managing_fund_since": "",
                "name": "Ratish B Varier  Mr",
                "qualification": "",
                "total_exp": ""
            },
            {
                "managing_fund_since": "",
                "name": "Bharath S",
                "qualification": "",
                "total_exp": ""
            },
            {
                "managing_fund_since": "",
                "name": "Equity",
                "qualification": "",
                "total_exp": ""
            },
            {
                "managing_fund_since": "",
                "name": "Dwijendra Srivastava  Mr",
                "qualification": "",
                "total_exp": ""
            },
            {
                "managing_fund_since": "",
                "name": "Sandeep Agarwal",
                "qualification": "",
                "total_exp": ""
            },
            {
                "managing_fund_since": "",
                "name": "Fixed Income",
                "qualification": "",
                "total_exp": ""
            },
            {
                "managing_fund_since": "",
                "name": "Pathanjali Srinivasan",
                "qualification": "",
                "total_exp": ""
            },
            {
                "managing_fund_since": "",
                "name": "Overseas Investments",
                "qualification": "",
                "total_exp": ""
            }
        ],
        "load": {
            "entry_load": "",
            "exit_load": "Within 365 days from the date of allotment 1. 365 days Nil Regular Direct Growth 10.14 10.24 IDCW 10.14 10.24"
        },
        "main_scheme_name": "sundaram business cycle fund",
        "metrics": {
            "alpha": null,
            "arithmetic_mean_ratio": null,
            "average_div_yld": null,
            "average_pb": null,
            "average_pe": null,
            "avg_maturity": null,
            "beta": null,
            "correlation_ratio": null,
            "downside_deviation": null,
            "information_ratio": null,
            "macaulay": null,
            "mod_duration": null,
            "port_turnover_ratio": "20.4",
            "r_squared_ratio": null,
            "roe_ratio": null,
            "sharpe": null,
            "sortino_ratio": null,
            "std_dev": null,
            "tracking_error": null,
            "treynor_ratio": null,
            "upside_deviation": null,
            "ytm": null
        },
        "min_addl_amt": null,
        "min_addl_amt_multiple": null,
        "min_amt": "100",
        "min_amt_multiple": "1",
        "monthly_aaum_date": "31MARCH2025",
        "monthly_aaum_value": "INR 1,557 Cr.",
        "mutual_fund_name": "Sundaram Mutual Fund",
        "page_number": [
            20
        ],
        "scheme_launch_date": "Jun 25, 2024"
    },
    "sundaram global brand fund": {
        "amc_name": "Sundaram Asset Management Company Limited",
        "benchmark_index": "MSCI ACWI TRI (INR) ",
        "fund_manager": [
            {
                "managing_fund_since": "",
                "name": "Patanjali Srinivasan",
                "qualification": "",
                "total_exp": ""
            }
        ],
        "load": {
            "entry_load": "",
            "exit_load": "Upto 25, within 365 days from the date of allotment Nil. More than 25 within 365 days from the date of allotment 1. 365 days Nil"
        },
        "main_scheme_name": "sundaram global brand fund",
        "metrics": {
            "alpha": null,
            "arithmetic_mean_ratio": null,
            "average_div_yld": null,
            "average_pb": null,
            "average_pe": null,
            "avg_maturity": null,
            "beta": null,
            "correlation_ratio": null,
            "downside_deviation": null,
            "information_ratio": null,
            "macaulay": null,
            "mod_duration": null,
            "port_turnover_ratio": null,
            "r_squared_ratio": null,
            "roe_ratio": null,
            "sharpe": null,
            "sortino_ratio": null,
            "std_dev": null,
            "tracking_error": null,
            "treynor_ratio": null,
            "upside_deviation": null,
            "ytm": null
        },
        "min_addl_amt": null,
        "min_addl_amt_multiple": null,
        "min_amt": "100",
        "min_amt_multiple": "1",
        "monthly_aaum_date": "31MARCH2025",
        "monthly_aaum_value": "INR 121 Cr.",
        "mutual_fund_name": "Sundaram Mutual Fund",
        "page_number": [
            21
        ],
        "scheme_launch_date": "Mar 29, 2004"
    },
    "sundaram nifty 100 equal weight fund": {
        "amc_name": "Sundaram Asset Management Company Limited",
        "benchmark_index": "NIFTY 100 Equal Weighted Index TR ",
        "fund_manager": [
            {
                "managing_fund_since": "",
                "name": "Rohit Seksaria",
                "qualification": "",
                "total_exp": ""
            },
            {
                "managing_fund_since": "",
                "name": "Ashish Aggarwal",
                "qualification": "",
                "total_exp": ""
            }
        ],
        "load": {
            "entry_load": "",
            "exit_load": "Nil"
        },
        "main_scheme_name": "sundaram nifty 100 equal weight fund",
        "metrics": {
            "alpha": null,
            "arithmetic_mean_ratio": null,
            "average_div_yld": null,
            "average_pb": null,
            "average_pe": null,
            "avg_maturity": null,
            "beta": "1.0",
            "correlation_ratio": null,
            "downside_deviation": null,
            "information_ratio": "-2.1",
            "macaulay": null,
            "mod_duration": null,
            "port_turnover_ratio": "27.7",
            "r_squared_ratio": null,
            "roe_ratio": null,
            "sharpe": "0.5",
            "sortino_ratio": null,
            "std_dev": "15.0",
            "tracking_error": null,
            "treynor_ratio": null,
            "upside_deviation": null,
            "ytm": null
        },
        "min_addl_amt": null,
        "min_addl_amt_multiple": null,
        "min_amt": "100",
        "min_amt_multiple": "1",
        "monthly_aaum_date": "31MARCH2025",
        "monthly_aaum_value": "INR 96 Cr.",
        "mutual_fund_name": "Sundaram Mutual Fund",
        "page_number": [
            22
        ],
        "scheme_launch_date": "Jul 27, 1999"
    },
    "sundaram aggressive hybrid fund": {
        "amc_name": "Sundaram Asset Management Company Limited",
        "benchmark_index": "CRISIL Hybrid 3565 Aggressive Index ",
        "fund_manager": [
            {
                "managing_fund_since": "",
                "name": "Bharath S",
                "qualification": "",
                "total_exp": ""
            },
            {
                "managing_fund_since": "",
                "name": "Clyton Richard Fernandes",
                "qualification": "",
                "total_exp": ""
            },
            {
                "managing_fund_since": "",
                "name": "Sandeep Agarwal",
                "qualification": "",
                "total_exp": ""
            },
            {
                "managing_fund_since": "",
                "name": "Dwijendra Srivastava",
                "qualification": "",
                "total_exp": ""
            }
        ],
        "load": {
            "entry_load": "",
            "exit_load": "Upto 25, within 365 days from the date of allotment Nil. More than 25 within 365 days from the date of allotment 1. 365 days Nil"
        },
        "main_scheme_name": "sundaram aggressive hybrid fund",
        "metrics": {
            "alpha": null,
            "arithmetic_mean_ratio": null,
            "average_div_yld": null,
            "average_pb": null,
            "average_pe": null,
            "avg_maturity": "6.35 Years",
            "beta": "1.0",
            "correlation_ratio": null,
            "downside_deviation": null,
            "information_ratio": "-0.2",
            "macaulay": "4.15 Years",
            "mod_duration": "4.22 Years",
            "port_turnover_ratio": "56.3",
            "r_squared_ratio": null,
            "roe_ratio": null,
            "sharpe": "0.4",
            "sortino_ratio": null,
            "std_dev": "9.9",
            "tracking_error": null,
            "treynor_ratio": null,
            "upside_deviation": null,
            "ytm": "6.77"
        },
        "min_addl_amt": null,
        "min_addl_amt_multiple": null,
        "min_amt": "100",
        "min_amt_multiple": "1",
        "monthly_aaum_date": "31MARCH2025",
        "monthly_aaum_value": "INR 5,436 Cr.",
        "mutual_fund_name": "Sundaram Mutual Fund",
        "page_number": [
            23
        ],
        "scheme_launch_date": "Jan 14, 2000"
    },
    "sundaram equity savings fund": {
        "amc_name": "Sundaram Asset Management Company Limited",
        "benchmark_index": "Nifty Equity Savings Index TRI ",
        "fund_manager": [
            {
                "managing_fund_since": "",
                "name": "Sudhir Kedia  Rohit Seksaria",
                "qualification": "",
                "total_exp": ""
            },
            {
                "managing_fund_since": "",
                "name": "Equity Portion",
                "qualification": "",
                "total_exp": ""
            },
            {
                "managing_fund_since": "",
                "name": "Dwijendra Srivastava",
                "qualification": "",
                "total_exp": ""
            },
            {
                "managing_fund_since": "",
                "name": "Fixed Income Portion",
                "qualification": "",
                "total_exp": ""
            }
        ],
        "load": {
            "entry_load": "",
            "exit_load": "0.5 if redeemed within 7 days from the date of allotment.  7 Days Nil"
        },
        "main_scheme_name": "sundaram equity savings fund",
        "metrics": {
            "alpha": null,
            "arithmetic_mean_ratio": null,
            "average_div_yld": null,
            "average_pb": null,
            "average_pe": null,
            "avg_maturity": "4.34 Years",
            "beta": "1.1",
            "correlation_ratio": null,
            "downside_deviation": null,
            "information_ratio": "0.5",
            "macaulay": "3.24 Years",
            "mod_duration": "3.12 Years",
            "port_turnover_ratio": "55.4",
            "r_squared_ratio": null,
            "roe_ratio": null,
            "sharpe": "0.6",
            "sortino_ratio": null,
            "std_dev": "5.6",
            "tracking_error": null,
            "treynor_ratio": null,
            "upside_deviation": null,
            "ytm": "7.13"
        },
        "min_addl_amt": null,
        "min_addl_amt_multiple": null,
        "min_amt": "100",
        "min_amt_multiple": "1",
        "monthly_aaum_date": "31MARCH2025",
        "monthly_aaum_value": "INR 1,067 Cr.",
        "mutual_fund_name": "Sundaram Mutual Fund",
        "page_number": [
            24
        ],
        "scheme_launch_date": "May 23, 2002"
    },
    "sundaram balanced advantage fund": {
        "amc_name": "Sundaram Asset Management Company Limited",
        "benchmark_index": "NIFTY 50 Hybrid Composite debt 5050 Index ",
        "fund_manager": [
            {
                "managing_fund_since": "",
                "name": "Bharath S",
                "qualification": "",
                "total_exp": ""
            },
            {
                "managing_fund_since": "",
                "name": "Clyton Richard Fernandes",
                "qualification": "",
                "total_exp": ""
            },
            {
                "managing_fund_since": "",
                "name": "Dwijendra Srivastava",
                "qualification": "",
                "total_exp": ""
            }
        ],
        "load": {
            "entry_load": "",
            "exit_load": "Upto 25, within 365 days from the date of allotment Nil. More than 25 within 365 days from the date of allotment 1. 365 days Nil Regular Direct Growth 33.38 38.90 IDCW 15.49 18.81"
        },
        "main_scheme_name": "sundaram balanced advantage fund",
        "metrics": {
            "alpha": null,
            "arithmetic_mean_ratio": null,
            "average_div_yld": null,
            "average_pb": null,
            "average_pe": null,
            "avg_maturity": "6.84 Years",
            "beta": "1.0",
            "correlation_ratio": null,
            "downside_deviation": null,
            "information_ratio": "0.1",
            "macaulay": "4.45 Years",
            "mod_duration": "4.26 Years",
            "port_turnover_ratio": "64.3",
            "r_squared_ratio": null,
            "roe_ratio": null,
            "sharpe": "0.4",
            "sortino_ratio": null,
            "std_dev": "7.6",
            "tracking_error": null,
            "treynor_ratio": null,
            "upside_deviation": null,
            "ytm": "7.04"
        },
        "min_addl_amt": null,
        "min_addl_amt_multiple": null,
        "min_amt": "100",
        "min_amt_multiple": "1",
        "monthly_aaum_date": "31MARCH2025",
        "monthly_aaum_value": "INR 1,496 Cr.",
        "mutual_fund_name": "Sundaram Mutual Fund",
        "page_number": [
            25
        ],
        "scheme_launch_date": "Dec 16, 2010"
    },
    "sundaram multi asset allocation fund": {
        "amc_name": "Sundaram Asset Management Company Limited",
        "benchmark_index": "NIFTY 500 TRI (65)  NIFTY Short Duration Debt Index (10)  Domestic Prices of Gold (25) ",
        "fund_manager": [
            {
                "managing_fund_since": "",
                "name": "Rohit Seksaria  Clyton Richard Fernandes",
                "qualification": "",
                "total_exp": ""
            },
            {
                "managing_fund_since": "",
                "name": "Equity",
                "qualification": "",
                "total_exp": ""
            },
            {
                "managing_fund_since": "",
                "name": "Dwijendra Srivastava  Sandeep Agarwal",
                "qualification": "",
                "total_exp": ""
            },
            {
                "managing_fund_since": "",
                "name": "Fixed Income",
                "qualification": "",
                "total_exp": ""
            },
            {
                "managing_fund_since": "",
                "name": "Arjun Nagarajan",
                "qualification": "",
                "total_exp": ""
            },
            {
                "managing_fund_since": "",
                "name": "Gold Etfs",
                "qualification": "",
                "total_exp": ""
            }
        ],
        "load": {
            "entry_load": "",
            "exit_load": "Upto 30, within 365 days from the date of allotment Nil. More than 30 within 365 days from the date of allotment 1. 365 days Nil Regular Direct Growth 11.22 11.42 IDCW 11.22 11.42"
        },
        "main_scheme_name": "sundaram multi asset allocation fund",
        "metrics": {
            "alpha": null,
            "arithmetic_mean_ratio": null,
            "average_div_yld": null,
            "average_pb": null,
            "average_pe": null,
            "avg_maturity": "4.40 Years",
            "beta": null,
            "correlation_ratio": null,
            "downside_deviation": null,
            "information_ratio": null,
            "macaulay": "3.64 Years",
            "mod_duration": "3.52 Years",
            "port_turnover_ratio": null,
            "r_squared_ratio": null,
            "roe_ratio": null,
            "sharpe": null,
            "sortino_ratio": null,
            "std_dev": null,
            "tracking_error": null,
            "treynor_ratio": null,
            "upside_deviation": null,
            "ytm": "6.75"
        },
        "min_addl_amt": null,
        "min_addl_amt_multiple": null,
        "min_amt": "100",
        "min_amt_multiple": "1",
        "monthly_aaum_date": "31MARCH2025",
        "monthly_aaum_value": "INR 2,452 Cr.",
        "mutual_fund_name": "Sundaram Mutual Fund",
        "page_number": [
            26
        ],
        "scheme_launch_date": "Jan 25, 2024"
    },
    "sundaram arbitrage fund": {
        "amc_name": "Sundaram Asset Management Company Limited",
        "benchmark_index": "NIFTY 50 Arbitrage Index TRI ",
        "fund_manager": [
            {
                "managing_fund_since": "",
                "name": "Rohit Seksaria  Ashish Aggarwal",
                "qualification": "",
                "total_exp": ""
            },
            {
                "managing_fund_since": "",
                "name": "Equity",
                "qualification": "",
                "total_exp": ""
            },
            {
                "managing_fund_since": "",
                "name": "Dwijendra Srivastava",
                "qualification": "",
                "total_exp": ""
            },
            {
                "managing_fund_since": "",
                "name": "Fixedincome",
                "qualification": "",
                "total_exp": ""
            }
        ],
        "load": {
            "entry_load": "",
            "exit_load": "Upto 25, within 15 days from the date of allotment Nil. More than 25 within 15 days from the date of allotment 0.25. 15 days Nil Regular Direct Growth 14.07 14.78 IDCW 12.37 12.78"
        },
        "main_scheme_name": "sundaram arbitrage fund",
        "metrics": {
            "alpha": null,
            "arithmetic_mean_ratio": null,
            "average_div_yld": null,
            "average_pb": null,
            "average_pe": null,
            "avg_maturity": "0.52 Years",
            "beta": "0.8",
            "correlation_ratio": null,
            "downside_deviation": null,
            "information_ratio": "-1.7",
            "macaulay": "0.49 Years",
            "mod_duration": "0.00 Years",
            "port_turnover_ratio": "89.8",
            "r_squared_ratio": null,
            "roe_ratio": null,
            "sharpe": "-1.0",
            "sortino_ratio": null,
            "std_dev": "0.7",
            "tracking_error": null,
            "treynor_ratio": null,
            "upside_deviation": null,
            "ytm": "5.46"
        },
        "min_addl_amt": null,
        "min_addl_amt_multiple": null,
        "min_amt": "100",
        "min_amt_multiple": "1",
        "monthly_aaum_date": "31MARCH2025",
        "monthly_aaum_value": "INR 216 Cr.",
        "mutual_fund_name": "Sundaram Mutual Fund",
        "page_number": [
            27
        ],
        "scheme_launch_date": "Apr 21, 2016"
    },
    "sundaram diversified equity fund*": {
        "amc_name": "Sundaram Asset Management Company Limited",
        "benchmark_index": "Nifty 500 TRI ",
        "fund_manager": [
            {
                "managing_fund_since": "",
                "name": "Sudhir Kedia",
                "qualification": "",
                "total_exp": ""
            },
            {
                "managing_fund_since": "",
                "name": "Rohit Seksaria",
                "qualification": "",
                "total_exp": ""
            }
        ],
        "load": {
            "entry_load": "",
            "exit_load": "Nil (Lock in period of 36 months) Regular Direct Growth 206.24 217.96 IDCW 16.10 19.52"
        },
        "main_scheme_name": "sundaram diversified equity fund*",
        "metrics": {
            "alpha": null,
            "arithmetic_mean_ratio": null,
            "average_div_yld": null,
            "average_pb": null,
            "average_pe": null,
            "avg_maturity": null,
            "beta": "0.9",
            "correlation_ratio": null,
            "downside_deviation": null,
            "information_ratio": "-0.8",
            "macaulay": null,
            "mod_duration": null,
            "port_turnover_ratio": "24.7",
            "r_squared_ratio": null,
            "roe_ratio": null,
            "sharpe": "0.4",
            "sortino_ratio": null,
            "std_dev": "12.5",
            "tracking_error": null,
            "treynor_ratio": null,
            "upside_deviation": null,
            "ytm": null
        },
        "min_addl_amt": null,
        "min_addl_amt_multiple": null,
        "min_amt": "",
        "min_amt_multiple": "",
        "monthly_aaum_date": "31MARCH2025",
        "monthly_aaum_value": "INR 1,468 Cr.",
        "mutual_fund_name": "Sundaram Mutual Fund",
        "page_number": [
            28
        ],
        "scheme_launch_date": "Nov 22, 1999"
    },
    "sundaram long term tax advantage fund - series i - iv": {
        "amc_name": "Sundaram Asset Management Company Limited",
        "benchmark_index": "BSE 500 TRI ",
        "fund_manager": [
            {
                "managing_fund_since": "",
                "name": "Rohit Seksaria",
                "qualification": "",
                "total_exp": ""
            },
            {
                "managing_fund_since": "",
                "name": "Sudhir Kedia Inception Date Mar 26",
                "qualification": "",
                "total_exp": ""
            },
            {
                "managing_fund_since": "",
                "name": "2015 Benchmark",
                "qualification": "",
                "total_exp": ""
            },
            {
                "managing_fund_since": "",
                "name": "Tier I",
                "qualification": "",
                "total_exp": ""
            },
            {
                "managing_fund_since": "",
                "name": "Bse 500 Tri Additional Benchmark Nifty 50 Tri Plans Regulardirect Options Growthidcw Sip  Stp  Swp Available Exit Load Nil",
                "qualification": "",
                "total_exp": ""
            }
        ],
        "load": {
            "entry_load": "",
            "exit_load": "Nil"
        },
        "main_scheme_name": "sundaram long term tax advantage fund - series i - iv",
        "metrics": {
            "alpha": null,
            "arithmetic_mean_ratio": null,
            "average_div_yld": null,
            "average_pb": null,
            "average_pe": null,
            "avg_maturity": null,
            "beta": null,
            "correlation_ratio": null,
            "downside_deviation": null,
            "information_ratio": null,
            "macaulay": null,
            "mod_duration": null,
            "port_turnover_ratio": null,
            "r_squared_ratio": null,
            "roe_ratio": null,
            "sharpe": null,
            "sortino_ratio": null,
            "std_dev": null,
            "tracking_error": null,
            "treynor_ratio": null,
            "upside_deviation": null,
            "ytm": null
        },
        "min_addl_amt": null,
        "min_addl_amt_multiple": null,
        "min_amt": null,
        "min_amt_multiple": null,
        "monthly_aaum_date": "31MARCH2025",
        "monthly_aaum_value": null,
        "mutual_fund_name": "Sundaram Mutual Fund",
        "page_number": [
            29
        ],
        "scheme_launch_date": "Mar 26, 2015"
    },
    "sundaram long term micro cap tax advantage fund -": {
        "amc_name": "Sundaram Asset Management Company Limited",
        "benchmark_index": "NIFTY Small Cap 100 TRI ",
        "fund_manager": [
            {
                "managing_fund_since": "",
                "name": "Rohit Seksaria",
                "qualification": "",
                "total_exp": ""
            },
            {
                "managing_fund_since": "",
                "name": "Sudhir Kedia Inception Date Nov 18",
                "qualification": "",
                "total_exp": ""
            },
            {
                "managing_fund_since": "",
                "name": "2016 Benchmark",
                "qualification": "",
                "total_exp": ""
            },
            {
                "managing_fund_since": "",
                "name": "Tier I",
                "qualification": "",
                "total_exp": ""
            },
            {
                "managing_fund_since": "",
                "name": "Nifty Small Cap 100 Tri Additional Benchmark Nifty 50 Tri Plans Regulardirect Options Growthidcw Sip  Stp  Swp Available Exit Load Nil",
                "qualification": "",
                "total_exp": ""
            }
        ],
        "load": {
            "entry_load": "",
            "exit_load": "Nil"
        },
        "main_scheme_name": "sundaram long term micro cap tax advantage fund -",
        "metrics": {
            "alpha": null,
            "arithmetic_mean_ratio": null,
            "average_div_yld": null,
            "average_pb": null,
            "average_pe": null,
            "avg_maturity": null,
            "beta": null,
            "correlation_ratio": null,
            "downside_deviation": null,
            "information_ratio": null,
            "macaulay": null,
            "mod_duration": null,
            "port_turnover_ratio": null,
            "r_squared_ratio": null,
            "roe_ratio": null,
            "sharpe": null,
            "sortino_ratio": null,
            "std_dev": null,
            "tracking_error": null,
            "treynor_ratio": null,
            "upside_deviation": null,
            "ytm": null
        },
        "min_addl_amt": null,
        "min_addl_amt_multiple": null,
        "min_amt": null,
        "min_amt_multiple": null,
        "monthly_aaum_date": "31MARCH2025",
        "monthly_aaum_value": null,
        "mutual_fund_name": "Sundaram Mutual Fund",
        "page_number": [
            30
        ],
        "scheme_launch_date": "Nov 18, 2016"
    },
    "sundaram liquid fund": {
        "amc_name": "Sundaram Asset Management Company Limited",
        "benchmark_index": "Nifty Liquid Index A-I ",
        "fund_manager": [
            {
                "managing_fund_since": "",
                "name": "Dwijendra Srivastava",
                "qualification": "",
                "total_exp": ""
            },
            {
                "managing_fund_since": "",
                "name": "Sandeep Agarwal",
                "qualification": "",
                "total_exp": ""
            }
        ],
        "load": {
            "entry_load": "",
            "exit_load": "Exit day from subscription Exit Load as a  of redemption proceeds Day 1 0.0070 Day 2 0.0065 Day 3 0.0060 Day 4 0.0055 Day 5 0.0050 Day 6 0.0045 Day 7 onwards Nil"
        },
        "main_scheme_name": "sundaram liquid fund",
        "metrics": {
            "alpha": null,
            "arithmetic_mean_ratio": null,
            "average_div_yld": null,
            "average_pb": null,
            "average_pe": null,
            "avg_maturity": "0.10 Years",
            "beta": null,
            "correlation_ratio": null,
            "downside_deviation": null,
            "information_ratio": null,
            "macaulay": "0.10 Years",
            "mod_duration": "0.10 Years",
            "port_turnover_ratio": null,
            "r_squared_ratio": null,
            "roe_ratio": null,
            "sharpe": null,
            "sortino_ratio": null,
            "std_dev": null,
            "tracking_error": null,
            "treynor_ratio": null,
            "upside_deviation": null,
            "ytm": "7.33"
        },
        "min_addl_amt": null,
        "min_addl_amt_multiple": null,
        "min_amt": "1000",
        "min_amt_multiple": "1",
        "monthly_aaum_date": "31MARCH2025",
        "monthly_aaum_value": "INR 6,043 Cr.",
        "mutual_fund_name": "Sundaram Mutual Fund",
        "page_number": [
            31
        ],
        "scheme_launch_date": "Aug 30, 2004"
    },
    "sundaram overnight fund": {
        "amc_name": "Sundaram Asset Management Company Limited",
        "benchmark_index": "NIFTY1D Rate Index ",
        "fund_manager": [
            {
                "managing_fund_since": "",
                "name": "Dwijendra Srivastava",
                "qualification": "",
                "total_exp": ""
            },
            {
                "managing_fund_since": "",
                "name": "Sandeep Agarwal",
                "qualification": "",
                "total_exp": ""
            }
        ],
        "load": {
            "entry_load": "",
            "exit_load": "Nil"
        },
        "main_scheme_name": "sundaram overnight fund",
        "metrics": {
            "alpha": null,
            "arithmetic_mean_ratio": null,
            "average_div_yld": null,
            "average_pb": null,
            "average_pe": null,
            "avg_maturity": "0.01 Years",
            "beta": null,
            "correlation_ratio": null,
            "downside_deviation": null,
            "information_ratio": null,
            "macaulay": "0.01 Years",
            "mod_duration": "0.00 Years",
            "port_turnover_ratio": null,
            "r_squared_ratio": null,
            "roe_ratio": null,
            "sharpe": null,
            "sortino_ratio": null,
            "std_dev": null,
            "tracking_error": null,
            "treynor_ratio": null,
            "upside_deviation": null,
            "ytm": "6.60"
        },
        "min_addl_amt": null,
        "min_addl_amt_multiple": null,
        "min_amt": "5000",
        "min_amt_multiple": "1",
        "monthly_aaum_date": "31MARCH2025",
        "monthly_aaum_value": "INR 815 Cr.",
        "mutual_fund_name": "Sundaram Mutual Fund",
        "page_number": [
            32
        ],
        "scheme_launch_date": "Mar 20, 2019"
    },
    "sundaram ultra short duration fund": {
        "amc_name": "Sundaram Asset Management Company Limited",
        "benchmark_index": "Nifty Ultra Short Duration Debt Index A-I ",
        "fund_manager": [
            {
                "managing_fund_since": "",
                "name": "Dwijendra Srivastava",
                "qualification": "",
                "total_exp": ""
            },
            {
                "managing_fund_since": "",
                "name": "Sandeep Agarwal",
                "qualification": "",
                "total_exp": ""
            }
        ],
        "load": {
            "entry_load": "",
            "exit_load": "Nil"
        },
        "main_scheme_name": "sundaram ultra short duration fund",
        "metrics": {
            "alpha": null,
            "arithmetic_mean_ratio": null,
            "average_div_yld": null,
            "average_pb": null,
            "average_pe": null,
            "avg_maturity": "0.44 Years",
            "beta": null,
            "correlation_ratio": null,
            "downside_deviation": null,
            "information_ratio": null,
            "macaulay": "0.44 Years",
            "mod_duration": "0.43 Years",
            "port_turnover_ratio": null,
            "r_squared_ratio": null,
            "roe_ratio": null,
            "sharpe": null,
            "sortino_ratio": null,
            "std_dev": null,
            "tracking_error": null,
            "treynor_ratio": null,
            "upside_deviation": null,
            "ytm": "7.53"
        },
        "min_addl_amt": null,
        "min_addl_amt_multiple": null,
        "min_amt": "100",
        "min_amt_multiple": "1",
        "monthly_aaum_date": "31MARCH2025",
        "monthly_aaum_value": "INR 2,147 Cr.",
        "mutual_fund_name": "Sundaram Mutual Fund",
        "page_number": [
            33
        ],
        "scheme_launch_date": "Dec 28, 2007"
    },
    "sundaram money market fund": {
        "amc_name": "Sundaram Asset Management Company Limited",
        "benchmark_index": "Nifty Money Market Index A-I ",
        "fund_manager": [
            {
                "managing_fund_since": "",
                "name": "Dwijendra Srivastava",
                "qualification": "",
                "total_exp": ""
            },
            {
                "managing_fund_since": "",
                "name": "Sandeep Agarwal",
                "qualification": "",
                "total_exp": ""
            }
        ],
        "load": {
            "entry_load": "",
            "exit_load": "Nil"
        },
        "main_scheme_name": "sundaram money market fund",
        "metrics": {
            "alpha": null,
            "arithmetic_mean_ratio": null,
            "average_div_yld": null,
            "average_pb": null,
            "average_pe": null,
            "avg_maturity": "0.40 Years",
            "beta": null,
            "correlation_ratio": null,
            "downside_deviation": null,
            "information_ratio": null,
            "macaulay": "0.40 Years",
            "mod_duration": "0.40 Years",
            "port_turnover_ratio": null,
            "r_squared_ratio": null,
            "roe_ratio": null,
            "sharpe": null,
            "sortino_ratio": null,
            "std_dev": null,
            "tracking_error": null,
            "treynor_ratio": null,
            "upside_deviation": null,
            "ytm": "7.42"
        },
        "min_addl_amt": null,
        "min_addl_amt_multiple": null,
        "min_amt": "1000",
        "min_amt_multiple": "1",
        "monthly_aaum_date": "31MARCH2025",
        "monthly_aaum_value": "INR 574 Cr.",
        "mutual_fund_name": "Sundaram Mutual Fund",
        "page_number": [
            34
        ],
        "scheme_launch_date": "Sep 26, 2018"
    },
    "sundaram low duration fund": {
        "amc_name": "Sundaram Asset Management Company Limited",
        "benchmark_index": "Nifty Low Duration Debt Index A-I ",
        "fund_manager": [
            {
                "managing_fund_since": "",
                "name": "Dwijendra Srivastava",
                "qualification": "",
                "total_exp": ""
            },
            {
                "managing_fund_since": "",
                "name": "Sandeep Agarwal",
                "qualification": "",
                "total_exp": ""
            }
        ],
        "load": {
            "entry_load": "",
            "exit_load": "Nil"
        },
        "main_scheme_name": "sundaram low duration fund",
        "metrics": {
            "alpha": null,
            "arithmetic_mean_ratio": null,
            "average_div_yld": null,
            "average_pb": null,
            "average_pe": null,
            "avg_maturity": "1.18 Years",
            "beta": null,
            "correlation_ratio": null,
            "downside_deviation": null,
            "information_ratio": null,
            "macaulay": "0.98 Years",
            "mod_duration": "0.93 Years",
            "port_turnover_ratio": null,
            "r_squared_ratio": null,
            "roe_ratio": null,
            "sharpe": null,
            "sortino_ratio": null,
            "std_dev": null,
            "tracking_error": null,
            "treynor_ratio": null,
            "upside_deviation": null,
            "ytm": "7.74"
        },
        "min_addl_amt": null,
        "min_addl_amt_multiple": null,
        "min_amt": "1000",
        "min_amt_multiple": "1",
        "monthly_aaum_date": "31MARCH2025",
        "monthly_aaum_value": "INR 378 Cr.",
        "mutual_fund_name": "Sundaram Mutual Fund",
        "page_number": [
            35
        ],
        "scheme_launch_date": "Sep 14, 2004"
    },
    "sundaram banking & psu fund": {
        "amc_name": "Sundaram Asset Management Company Limited",
        "benchmark_index": "Nifty Banking  PSU Debt Index A-II ",
        "fund_manager": [
            {
                "managing_fund_since": "",
                "name": "Dwijendra Srivastava",
                "qualification": "",
                "total_exp": ""
            },
            {
                "managing_fund_since": "",
                "name": "Sandeep Agarwal",
                "qualification": "",
                "total_exp": ""
            }
        ],
        "load": {
            "entry_load": "",
            "exit_load": "Nil"
        },
        "main_scheme_name": "sundaram banking & psu fund",
        "metrics": {
            "alpha": null,
            "arithmetic_mean_ratio": null,
            "average_div_yld": null,
            "average_pb": null,
            "average_pe": null,
            "avg_maturity": "4.43 Years",
            "beta": null,
            "correlation_ratio": null,
            "downside_deviation": null,
            "information_ratio": null,
            "macaulay": "3.40 Years",
            "mod_duration": "3.21 Years",
            "port_turnover_ratio": null,
            "r_squared_ratio": null,
            "roe_ratio": null,
            "sharpe": null,
            "sortino_ratio": null,
            "std_dev": null,
            "tracking_error": null,
            "treynor_ratio": null,
            "upside_deviation": null,
            "ytm": "7.28"
        },
        "min_addl_amt": null,
        "min_addl_amt_multiple": null,
        "min_amt": "5,000",
        "min_amt_multiple": "1",
        "monthly_aaum_date": "31MARCH2025",
        "monthly_aaum_value": "INR 337 Cr.",
        "mutual_fund_name": "Sundaram Mutual Fund",
        "page_number": [
            36
        ],
        "scheme_launch_date": "Dec 29, 2004"
    },
    "sundaram short duration fund": {
        "amc_name": "Sundaram Asset Management Company Limited",
        "benchmark_index": "Nifty Short Duration Debt Index A-II ",
        "fund_manager": [
            {
                "managing_fund_since": "",
                "name": "Dwijendra Srivastava",
                "qualification": "",
                "total_exp": ""
            },
            {
                "managing_fund_since": "",
                "name": "Sandeep Agarwal",
                "qualification": "",
                "total_exp": ""
            }
        ],
        "load": {
            "entry_load": "",
            "exit_load": "Nil"
        },
        "main_scheme_name": "sundaram short duration fund",
        "metrics": {
            "alpha": null,
            "arithmetic_mean_ratio": null,
            "average_div_yld": null,
            "average_pb": null,
            "average_pe": null,
            "avg_maturity": "3.66 Years",
            "beta": null,
            "correlation_ratio": null,
            "downside_deviation": null,
            "information_ratio": null,
            "macaulay": "2.88 Years",
            "mod_duration": "2.74 Years",
            "port_turnover_ratio": null,
            "r_squared_ratio": null,
            "roe_ratio": null,
            "sharpe": null,
            "sortino_ratio": null,
            "std_dev": null,
            "tracking_error": null,
            "treynor_ratio": null,
            "upside_deviation": null,
            "ytm": "7.49"
        },
        "min_addl_amt": null,
        "min_addl_amt_multiple": null,
        "min_amt": "5000",
        "min_amt_multiple": "1",
        "monthly_aaum_date": "31MARCH2025",
        "monthly_aaum_value": "INR 217 Cr.",
        "mutual_fund_name": "Sundaram Mutual Fund",
        "page_number": [
            37
        ],
        "scheme_launch_date": "Sep 4, 2002"
    },
    "sundaram medium duration fund": {
        "amc_name": "Sundaram Asset Management Company Limited",
        "benchmark_index": "Nifty Medium Duration Debt Index A-III ",
        "fund_manager": [
            {
                "managing_fund_since": "",
                "name": "Dwijendra Srivastava",
                "qualification": "",
                "total_exp": ""
            },
            {
                "managing_fund_since": "",
                "name": "Sandeep Agarwal",
                "qualification": "",
                "total_exp": ""
            }
        ],
        "load": {
            "entry_load": "",
            "exit_load": "Nil"
        },
        "main_scheme_name": "sundaram medium duration fund",
        "metrics": {
            "alpha": null,
            "arithmetic_mean_ratio": null,
            "average_div_yld": null,
            "average_pb": null,
            "average_pe": null,
            "avg_maturity": "4.88 Years",
            "beta": null,
            "correlation_ratio": null,
            "downside_deviation": null,
            "information_ratio": null,
            "macaulay": "3.79 Years",
            "mod_duration": "3.66 Years",
            "port_turnover_ratio": null,
            "r_squared_ratio": null,
            "roe_ratio": null,
            "sharpe": null,
            "sortino_ratio": null,
            "std_dev": null,
            "tracking_error": null,
            "treynor_ratio": null,
            "upside_deviation": null,
            "ytm": "6.96"
        },
        "min_addl_amt": null,
        "min_addl_amt_multiple": null,
        "min_amt": "5000",
        "min_amt_multiple": "1",
        "monthly_aaum_date": "31MARCH2025",
        "monthly_aaum_value": "INR 44 Cr.",
        "mutual_fund_name": "Sundaram Mutual Fund",
        "page_number": [
            38
        ],
        "scheme_launch_date": "Dec 18, 1997"
    },
    "sundaram corporate bond fund": {
        "amc_name": "Sundaram Asset Management Company Limited",
        "benchmark_index": "Nifty Corporate Bond Index A-II ",
        "fund_manager": [
            {
                "managing_fund_since": "",
                "name": "Dwijendra Srivastava",
                "qualification": "",
                "total_exp": ""
            },
            {
                "managing_fund_since": "",
                "name": "Sandeep Agarwal",
                "qualification": "",
                "total_exp": ""
            }
        ],
        "load": {
            "entry_load": "",
            "exit_load": "Nil"
        },
        "main_scheme_name": "sundaram corporate bond fund",
        "metrics": {
            "alpha": null,
            "arithmetic_mean_ratio": null,
            "average_div_yld": null,
            "average_pb": null,
            "average_pe": null,
            "avg_maturity": "5.60 Years",
            "beta": null,
            "correlation_ratio": null,
            "downside_deviation": null,
            "information_ratio": null,
            "macaulay": "3.98 Years",
            "mod_duration": "3.76 Years",
            "port_turnover_ratio": null,
            "r_squared_ratio": null,
            "roe_ratio": null,
            "sharpe": null,
            "sortino_ratio": null,
            "std_dev": null,
            "tracking_error": null,
            "treynor_ratio": null,
            "upside_deviation": null,
            "ytm": "7.32"
        },
        "min_addl_amt": null,
        "min_addl_amt_multiple": null,
        "min_amt": "5000",
        "min_amt_multiple": "1",
        "monthly_aaum_date": "31MARCH2025",
        "monthly_aaum_value": "INR 712 Cr.",
        "mutual_fund_name": "Sundaram Mutual Fund",
        "page_number": [
            39
        ],
        "scheme_launch_date": "Dec 29, 2004"
    },
    "sundaram conservative hybrid fund": {
        "amc_name": "Sundaram Asset Management Company Limited",
        "benchmark_index": "CRISIL Hybrid 8515 - Conservative Index ",
        "fund_manager": [
            {
                "managing_fund_since": "",
                "name": "Mr",
                "qualification": "",
                "total_exp": ""
            },
            {
                "managing_fund_since": "",
                "name": "Dwijendra Srivastava  Mr",
                "qualification": "",
                "total_exp": ""
            },
            {
                "managing_fund_since": "",
                "name": "Sandeep Agarwal",
                "qualification": "",
                "total_exp": ""
            },
            {
                "managing_fund_since": "",
                "name": "Fixed Income Portion",
                "qualification": "",
                "total_exp": ""
            },
            {
                "managing_fund_since": "",
                "name": "Mr",
                "qualification": "",
                "total_exp": ""
            },
            {
                "managing_fund_since": "",
                "name": "Bharath S  Mr",
                "qualification": "",
                "total_exp": ""
            },
            {
                "managing_fund_since": "",
                "name": "Ashish",
                "qualification": "",
                "total_exp": ""
            },
            {
                "managing_fund_since": "",
                "name": "Aggarwal",
                "qualification": "",
                "total_exp": ""
            },
            {
                "managing_fund_since": "",
                "name": "Equity Portion",
                "qualification": "",
                "total_exp": ""
            }
        ],
        "load": {
            "entry_load": "",
            "exit_load": "Nil"
        },
        "main_scheme_name": "sundaram conservative hybrid fund",
        "metrics": {
            "alpha": null,
            "arithmetic_mean_ratio": null,
            "average_div_yld": null,
            "average_pb": null,
            "average_pe": null,
            "avg_maturity": "11.75 Years",
            "beta": null,
            "correlation_ratio": null,
            "downside_deviation": null,
            "information_ratio": null,
            "macaulay": "6.63 Years",
            "mod_duration": "6.41 Years",
            "port_turnover_ratio": null,
            "r_squared_ratio": null,
            "roe_ratio": null,
            "sharpe": null,
            "sortino_ratio": null,
            "std_dev": null,
            "tracking_error": null,
            "treynor_ratio": null,
            "upside_deviation": null,
            "ytm": "6.87"
        },
        "min_addl_amt": null,
        "min_addl_amt_multiple": null,
        "min_amt": "5000",
        "min_amt_multiple": "1",
        "monthly_aaum_date": "31MARCH2025",
        "monthly_aaum_value": "INR 27 Cr.",
        "mutual_fund_name": "Sundaram Mutual Fund",
        "page_number": [
            40
        ],
        "scheme_launch_date": "Mar 8, 2010"
    }
}