{
    "360 one focused equity fund": {
        "amc_name": "360 ONE Asset Management Limited",
        "benchmark_index": "BSE 500 TRI",
        "fund_manager": [
            {
                "managing_fund_since": "",
                "name": "Mayur Patel",
                "qualification": "",
                "total_exp": "20 Years"
            },
            {
                "managing_fund_since": "",
                "name": "Vaidyanathan",
                "qualification": "",
                "total_exp": "10 Years"
            }
        ],
        "load": {
            "entry_load": "NIL",
            "exit_load": "1 - if redeemedswitched out, on or before 12 months from the date of allotment w.e.f April 02, 2019."
        },
        "main_scheme_name": "360 one focused equity fund",
        "metrics": {
            "alpha": null,
            "arithmetic_mean_ratio": null,
            "average_div_yld": null,
            "average_pb": null,
            "average_pe": null,
            "avg_maturity": null,
            "beta": "0.95",
            "correlation_ratio": null,
            "downside_deviation": null,
            "information_ratio": null,
            "macaulay": null,
            "mod_duration": null,
            "port_turnover_ratio": "0.35",
            "r_squared_ratio": "0.92",
            "roe_ratio": null,
            "sharpe": "0.47",
            "sortino_ratio": null,
            "std_dev": "13.68",
            "tracking_error": null,
            "treynor_ratio": "0.57",
            "upside_deviation": null,
            "ytm": null
        },
        "min_addl_amt": "1,000",
        "min_addl_amt_multiple": "1",
        "min_amt": "1,000",
        "min_amt_multiple": "1",
        "monthly_aaum_date": "31MARCH2025",
        "monthly_aaum_value": "6,939.30",
        "mutual_fund_name": "360 ONE Mutual Fund",
        "page_number": [
            5
        ],
        "scheme_launch_date": "October 30, 2014"
    },
    "360 one flexicap fund": {
        "amc_name": "360 ONE Asset Management Limited",
        "benchmark_index": "BSE 500 TRI",
        "fund_manager": [
            {
                "managing_fund_since": "",
                "name": "Mayur Patel",
                "qualification": "",
                "total_exp": "20 Years"
            },
            {
                "managing_fund_since": "",
                "name": "Vaidyanathan",
                "qualification": "",
                "total_exp": "10 Years"
            }
        ],
        "load": {
            "entry_load": "NIL",
            "exit_load": "For redemptionswitchout of units before 365 days from the date of allotment - 1 of the applicable NAV For redemptionswitched- out of units on or after 365 days from the date of allotment  NIL"
        },
        "main_scheme_name": "360 one flexicap fund",
        "metrics": {
            "alpha": null,
            "arithmetic_mean_ratio": null,
            "average_div_yld": null,
            "average_pb": null,
            "average_pe": null,
            "avg_maturity": null,
            "beta": "NA",
            "correlation_ratio": null,
            "downside_deviation": null,
            "information_ratio": null,
            "macaulay": null,
            "mod_duration": null,
            "port_turnover_ratio": "0.27",
            "r_squared_ratio": "NA",
            "roe_ratio": null,
            "sharpe": "NA",
            "sortino_ratio": null,
            "std_dev": "NA",
            "tracking_error": null,
            "treynor_ratio": "NA",
            "upside_deviation": null,
            "ytm": null
        },
        "min_addl_amt": "1,000",
        "min_addl_amt_multiple": "1",
        "min_amt": null,
        "min_amt_multiple": null,
        "monthly_aaum_date": "31MARCH2025",
        "monthly_aaum_value": "1,334.45",
        "mutual_fund_name": "360 ONE Mutual Fund",
        "page_number": [
            6
        ],
        "scheme_launch_date": "June 30, 2023"
    },
    "360 one quant fund": {
        "amc_name": "360 ONE Asset Management Limited",
        "benchmark_index": "BSE 200 TRI",
        "fund_manager": [
            {
                "managing_fund_since": "",
                "name": "Parijat Garg",
                "qualification": "",
                "total_exp": "16 Years"
            },
            {
                "managing_fund_since": "",
                "name": "Vaidyanathan",
                "qualification": "",
                "total_exp": "10 Years"
            }
        ],
        "load": {
            "entry_load": "NIL",
            "exit_load": "1 - if redeemedswitched out, on or before 12 onths from the date of allotment"
        },
        "main_scheme_name": "360 one quant fund",
        "metrics": {
            "alpha": null,
            "arithmetic_mean_ratio": null,
            "average_div_yld": null,
            "average_pb": null,
            "average_pe": null,
            "avg_maturity": null,
            "beta": "1.19",
            "correlation_ratio": null,
            "downside_deviation": null,
            "information_ratio": null,
            "macaulay": null,
            "mod_duration": null,
            "port_turnover_ratio": "0.72",
            "r_squared_ratio": "0.91",
            "roe_ratio": null,
            "sharpe": "0.86",
            "sortino_ratio": null,
            "std_dev": "16.98",
            "tracking_error": null,
            "treynor_ratio": "1.03",
            "upside_deviation": null,
            "ytm": null
        },
        "min_addl_amt": "1,000",
        "min_addl_amt_multiple": "1",
        "min_amt": "1,000",
        "min_amt_multiple": "1",
        "monthly_aaum_date": "31MARCH2025",
        "monthly_aaum_value": "620.54",
        "mutual_fund_name": "360 ONE Mutual Fund",
        "page_number": [
            7
        ],
        "scheme_launch_date": "November 29, 2021"
    },
    "360 one elss tax saver nifty 50 index fund": {
        "amc_name": "360 ONE Asset Management Limited",
        "benchmark_index": "NIFTY 50 TRI",
        "fund_manager": [
            {
                "managing_fund_since": "",
                "name": "Parijat Garg",
                "qualification": "",
                "total_exp": "16 Years"
            },
            {
                "managing_fund_since": "",
                "name": "Vaidyanathan",
                "qualification": "",
                "total_exp": "10 Years"
            }
        ],
        "load": {
            "entry_load": "NIL",
            "exit_load": "NIL"
        },
        "main_scheme_name": "360 one elss tax saver nifty 50 index fund",
        "metrics": {
            "alpha": null,
            "arithmetic_mean_ratio": null,
            "average_div_yld": null,
            "average_pb": null,
            "average_pe": null,
            "avg_maturity": null,
            "beta": "NA",
            "correlation_ratio": null,
            "downside_deviation": null,
            "information_ratio": null,
            "macaulay": null,
            "mod_duration": null,
            "port_turnover_ratio": "0.07",
            "r_squared_ratio": "NA",
            "roe_ratio": null,
            "sharpe": "NA",
            "sortino_ratio": null,
            "std_dev": "NA",
            "tracking_error": null,
            "treynor_ratio": "NA",
            "upside_deviation": null,
            "ytm": null
        },
        "min_addl_amt": "500",
        "min_addl_amt_multiple": "500",
        "min_amt": "500",
        "min_amt_multiple": "500",
        "monthly_aaum_date": "31MARCH2025",
        "monthly_aaum_value": "75.60",
        "mutual_fund_name": "360 ONE Mutual Fund",
        "page_number": [
            8
        ],
        "scheme_launch_date": "December 28, 2022"
    },
    "360 one balanced hybrid fund": {
        "amc_name": "360 ONE Asset Management Limited",
        "benchmark_index": "Nifty 50 Hybrid Composite Debt 5050 Index",
        "co_fund_manager_bravo": [],
        "fund_manager": [
            {
                "managing_fund_since": "",
                "name": "Vaidyanathan",
                "qualification": "",
                "total_exp": "10 Years"
            },
            {
                "managing_fund_since": "",
                "name": "Milan Mody",
                "qualification": "",
                "total_exp": "20 Years"
            }
        ],
        "load": {
            "entry_load": "NIL",
            "exit_load": "- Redemption  switch-out of 10 of Units alloted on or before completion of 12 months from the date of allotment- NIL exit load. - Redemption switch out in excess of the 10 of Units allotted on or before completion of 12 months from the date of allotment 1.00 exit load. - Nil - if redeemed  switched out after 12 months from the date of allotment"
        },
        "main_scheme_name": "360 one balanced hybrid fund",
        "metrics": {
            "alpha": null,
            "arithmetic_mean_ratio": null,
            "average_div_yld": null,
            "average_pb": null,
            "average_pe": null,
            "avg_maturity": "3.2725 years",
            "beta": "NA",
            "correlation_ratio": null,
            "downside_deviation": null,
            "information_ratio": null,
            "macaulay": "2.8642 years",
            "mod_duration": null,
            "port_turnover_ratio": "0.61",
            "r_squared_ratio": "NA",
            "roe_ratio": null,
            "sharpe": "NA",
            "sortino_ratio": null,
            "std_dev": "NA",
            "tracking_error": null,
            "treynor_ratio": "NA",
            "upside_deviation": null,
            "ytm": "7.4549"
        },
        "min_addl_amt": "1000",
        "min_addl_amt_multiple": "1",
        "min_amt": null,
        "min_amt_multiple": null,
        "monthly_aaum_date": "31MARCH2025",
        "monthly_aaum_value": "852.49",
        "mutual_fund_name": "360 ONE Mutual Fund",
        "page_number": [
            9,
            10
        ],
        "scheme_launch_date": "September 25, 2023"
    },
    "360 one dynamic bond fund": {
        "amc_name": "360 ONE Asset Management Limited",
        "benchmark_index": "CRISIL Dynamic Bond A-III Index",
        "fund_manager": [
            {
                "managing_fund_since": "",
                "name": "Milan Mody",
                "qualification": "",
                "total_exp": "20 Years"
            }
        ],
        "load": {
            "entry_load": "NIL",
            "exit_load": "NIL"
        },
        "main_scheme_name": "360 one dynamic bond fund",
        "metrics": {
            "alpha": null,
            "arithmetic_mean_ratio": null,
            "average_div_yld": null,
            "average_pb": null,
            "average_pe": null,
            "avg_maturity": "6.2085 years",
            "beta": null,
            "correlation_ratio": null,
            "downside_deviation": null,
            "information_ratio": null,
            "macaulay": "4.7121 years",
            "mod_duration": null,
            "port_turnover_ratio": null,
            "r_squared_ratio": null,
            "roe_ratio": null,
            "sharpe": null,
            "sortino_ratio": null,
            "std_dev": null,
            "tracking_error": null,
            "treynor_ratio": null,
            "upside_deviation": null,
            "ytm": "7.4631"
        },
        "min_addl_amt": "1000",
        "min_addl_amt_multiple": "1",
        "min_amt": "10,000",
        "min_amt_multiple": "1",
        "monthly_aaum_date": "31MARCH2025",
        "monthly_aaum_value": "731.04",
        "mutual_fund_name": "360 ONE Mutual Fund",
        "page_number": [
            11
        ],
        "scheme_launch_date": "June 24, 2013"
    },
    "360 one liquid fund": {
        "amc_name": "360 ONE Asset Management Limited",
        "benchmark_index": "CRISIL Liquid Debt A-I Index",
        "fund_manager": [
            {
                "managing_fund_since": "",
                "name": "Milan Mody",
                "qualification": "",
                "total_exp": "20 Years"
            }
        ],
        "load": {
            "entry_load": "NIL",
            "exit_load": "Investor exit upon Exit load as a  of Subscription redemption proceeds Day 1  0.0070 Past performance may or may not be sustained in future. Different plans shall have different expense structure. Point to Point (PTP) returns in is based on stan Day 2  0.0065 investment of 10,000 Since Inception date is 13-Nov-2013  CRISIL Liquid Debt A-I Index, CRISIL 1 Year T-Bill Index. Day 3  0.0060 Day 4  0.0055 Day 5  0.0050 Day 6  0.0045 Day 7 Onwards  0.0000"
        },
        "main_scheme_name": "360 one liquid fund",
        "metrics": {
            "alpha": null,
            "arithmetic_mean_ratio": null,
            "average_div_yld": null,
            "average_pb": null,
            "average_pe": null,
            "avg_maturity": "0.1372 years",
            "beta": null,
            "correlation_ratio": null,
            "downside_deviation": null,
            "information_ratio": null,
            "macaulay": "0.1367 years",
            "mod_duration": null,
            "port_turnover_ratio": null,
            "r_squared_ratio": null,
            "roe_ratio": null,
            "sharpe": null,
            "sortino_ratio": null,
            "std_dev": null,
            "tracking_error": null,
            "treynor_ratio": null,
            "upside_deviation": null,
            "ytm": "7.2154"
        },
        "min_addl_amt": "1000",
        "min_addl_amt_multiple": "1",
        "min_amt": "5,000",
        "min_amt_multiple": "1",
        "monthly_aaum_date": "31MARCH2025",
        "monthly_aaum_value": "951.48",
        "mutual_fund_name": "360 ONE Mutual Fund",
        "page_number": [
            12
        ],
        "scheme_launch_date": "November 13, 2013"
    }
}