{
    "Baroda BNP Paribas Large Cap Fund": {
        "amc_name": "Baroda BNP Paribas Asset Management India Private Limited",
        "benchmark_index": "(Tier 1) Nifty 100 TRI",
        "fund_manager": [
            {
                "managing_fund_since": "16-Jun-22",
                "name": "Jitendra Sriram",
                "qualification": "",
                "total_exp": "26 Years"
            },
            {
                "managing_fund_since": "21-Oct-24",
                "name": "Kushant Arora",
                "qualification": "",
                "total_exp": "11 Years"
            }
        ],
        "load": {
            "entry_load": "",
            "exit_load": "If units of the Scheme are redeemed or switched out within 30 days of the date of allotment - 1 of the applicable Net Asset Value (NAV)  If units of the Scheme are redeemed or switched out after 30 days of allotment - Nil For detailed load structure please refer Scheme Information Document of the scheme."
        },
        "main_scheme_name": "Baroda BNP Paribas Large Cap Fund",
        "metrics": {
            "alpha": null,
            "arithmetic_mean_ratio": null,
            "average_div_yld": null,
            "average_pb": null,
            "average_pe": null,
            "avg_maturity": null,
            "beta": "0.92",
            "correlation_ratio": null,
            "downside_deviation": null,
            "information_ratio": null,
            "macaulay": null,
            "mod_duration": null,
            "port_turnover_ratio": "0.68",
            "r_squared_ratio": null,
            "roe_ratio": "17.78",
            "sharpe": "0.60",
            "sortino_ratio": null,
            "std_dev": "12.69",
            "tracking_error": null,
            "treynor_ratio": null,
            "upside_deviation": null,
            "ytm": null
        },
        "min_addl_amt": "1,000",
        "min_addl_amt_multiple": "1",
        "min_amt": "5,000",
        "min_amt_multiple": "1",
        "monthly_aaum_date": "31MARCH2025",
        "monthly_aaum_value": "2,373.28",
        "mutual_fund_name": "Baroda BNP Paribas Mutual Fund",
        "page_number": [
            6
        ],
        "scheme_launch_date": "September 23, 2004"
    },
    "Baroda BNP Paribas Large  Mid Cap Fund": {
        "amc_name": "Baroda BNP Paribas Asset Management India Private Limited",
        "benchmark_index": "(Tier 1) BSE 250 Large  Mid Cap TRI",
        "fund_manager": [
            {
                "managing_fund_since": "04-Sep-20",
                "name": "Sanjay Chawla",
                "qualification": "",
                "total_exp": "33 Years"
            },
            {
                "managing_fund_since": "01-Jan-25",
                "name": "Kirtan Mehta",
                "qualification": "",
                "total_exp": "26 Years"
            }
        ],
        "load": {
            "entry_load": "",
            "exit_load": "Upto 365 days  Redeemed or switched out upto 10 of the allotment Nil  Redeemed or switched out more than 10 of the allotment 1 After 365 days - Nil For detailed load structure please refer Scheme Information Document of the scheme."
        },
        "main_scheme_name": "Baroda BNP Paribas Large  Mid Cap Fund",
        "metrics": {
            "alpha": null,
            "arithmetic_mean_ratio": null,
            "average_div_yld": null,
            "average_pb": null,
            "average_pe": null,
            "avg_maturity": null,
            "beta": "0.99",
            "correlation_ratio": null,
            "downside_deviation": null,
            "information_ratio": null,
            "macaulay": null,
            "mod_duration": null,
            "port_turnover_ratio": "0.92",
            "r_squared_ratio": null,
            "roe_ratio": "17.12",
            "sharpe": "0.63",
            "sortino_ratio": null,
            "std_dev": "14.80",
            "tracking_error": null,
            "treynor_ratio": null,
            "upside_deviation": null,
            "ytm": null
        },
        "min_addl_amt": "1,000",
        "min_addl_amt_multiple": "1",
        "min_amt": "5,000",
        "min_amt_multiple": "1",
        "monthly_aaum_date": "31MARCH2025",
        "monthly_aaum_value": "1,480.95",
        "mutual_fund_name": "Baroda BNP Paribas Mutual Fund",
        "page_number": [
            7
        ],
        "scheme_launch_date": "September 04, 2020"
    },
    "Baroda BNP Paribas Mid Cap Fund": {
        "amc_name": "Baroda BNP Paribas Asset Management India Private Limited",
        "benchmark_index": "(Tier 1) Nifty Midcap 150 TRI",
        "fund_manager": [
            {
                "managing_fund_since": "13-Jul-22",
                "name": "Shiv Chanani",
                "qualification": "",
                "total_exp": "24 Years"
            },
            {
                "managing_fund_since": "21-Oct-24",
                "name": "Himanshu Singh",
                "qualification": "",
                "total_exp": "10 Years"
            }
        ],
        "load": {
            "entry_load": "",
            "exit_load": "Within 12 months  Redeemed or switched out upto 10 of the allotment Nil  Redeemed or switched out more than 10 from the date of allotment  1 After 12 months - Nil For detailed load structure please refer Scheme Information Document of the scheme."
        },
        "main_scheme_name": "Baroda BNP Paribas Mid Cap Fund",
        "metrics": {
            "alpha": null,
            "arithmetic_mean_ratio": null,
            "average_div_yld": null,
            "average_pb": null,
            "average_pe": null,
            "avg_maturity": null,
            "beta": "0.82",
            "correlation_ratio": null,
            "downside_deviation": null,
            "information_ratio": null,
            "macaulay": null,
            "mod_duration": null,
            "port_turnover_ratio": "0.86",
            "r_squared_ratio": null,
            "roe_ratio": "17.23",
            "sharpe": "0.81",
            "sortino_ratio": null,
            "std_dev": "13.86",
            "tracking_error": null,
            "treynor_ratio": null,
            "upside_deviation": null,
            "ytm": null
        },
        "min_addl_amt": "1,000",
        "min_addl_amt_multiple": "1",
        "min_amt": "5,000",
        "min_amt_multiple": "1",
        "monthly_aaum_date": "31MARCH2025",
        "monthly_aaum_value": "2,090.50",
        "mutual_fund_name": "Baroda BNP Paribas Mutual Fund",
        "page_number": [
            8
        ],
        "scheme_launch_date": "May 02, 2006"
    },
    "Baroda BNP Paribas Small Cap Fund": {
        "amc_name": "Baroda BNP Paribas Asset Management India Private Limited",
        "benchmark_index": "(Tier 1) Nifty Small Cap 250 TRI",
        "fund_manager": [
            {
                "managing_fund_since": "30-Oct-23",
                "name": "Shiv Chanani",
                "qualification": "",
                "total_exp": "24 Years"
            },
            {
                "managing_fund_since": "21-Oct-24",
                "name": "Himanshu Singh",
                "qualification": "",
                "total_exp": "10 Years"
            }
        ],
        "load": {
            "entry_load": "",
            "exit_load": "If units of the Scheme are redeemed or switched out up to 10 of the units within 1 year from the date of allotment - Nil.  If units of the scheme are redeemed or switched out in excess of the limit within 1 year from the date of allotment - 1 of the applicable NAV.  If units of scheme are redeemed or switched out after 1 year from the date of allotment - Nil. For detailed load structure please refer Scheme Information Document of the scheme."
        },
        "main_scheme_name": "Baroda BNP Paribas Small Cap Fund",
        "metrics": {
            "alpha": null,
            "arithmetic_mean_ratio": null,
            "average_div_yld": null,
            "average_pb": null,
            "average_pe": null,
            "avg_maturity": null,
            "beta": null,
            "correlation_ratio": null,
            "downside_deviation": null,
            "information_ratio": null,
            "macaulay": null,
            "mod_duration": null,
            "port_turnover_ratio": "0.69",
            "r_squared_ratio": null,
            "roe_ratio": "15.86",
            "sharpe": null,
            "sortino_ratio": null,
            "std_dev": null,
            "tracking_error": null,
            "treynor_ratio": null,
            "upside_deviation": null,
            "ytm": null
        },
        "min_addl_amt": "1,000",
        "min_addl_amt_multiple": "1",
        "min_amt": "5,000",
        "min_amt_multiple": "1",
        "monthly_aaum_date": "31MARCH2025",
        "monthly_aaum_value": "1,318.68",
        "mutual_fund_name": "Baroda BNP Paribas Mutual Fund",
        "page_number": [
            9
        ],
        "scheme_launch_date": "October 30, 2023"
    },
    "Baroda BNP Paribas Flexi Cap Fund": {
        "amc_name": "Baroda BNP Paribas Asset Management India Private Limited",
        "benchmark_index": "(Tier 1) Nifty 500 TRI",
        "fund_manager": [
            {
                "managing_fund_since": "17-Aug-22",
                "name": "Sanjay Chawla",
                "qualification": "",
                "total_exp": "33 Years"
            },
            {
                "managing_fund_since": "01-Jan-25",
                "name": "Kirtan Mehta",
                "qualification": "",
                "total_exp": "26 Years"
            }
        ],
        "load": {
            "entry_load": "",
            "exit_load": "Upto 12 months  Redeemed or switched out upto 10 of the allotment Nil  Redeemed or switched out more than 10 of the allotment 1 After 12 months - Nil For detailed load structure please refer Scheme Information Document of the scheme."
        },
        "main_scheme_name": "Baroda BNP Paribas Flexi Cap Fund",
        "metrics": {
            "alpha": null,
            "arithmetic_mean_ratio": null,
            "average_div_yld": null,
            "average_pb": null,
            "average_pe": null,
            "avg_maturity": null,
            "beta": null,
            "correlation_ratio": null,
            "downside_deviation": null,
            "information_ratio": null,
            "macaulay": null,
            "mod_duration": null,
            "port_turnover_ratio": "0.84",
            "r_squared_ratio": null,
            "roe_ratio": "15.44",
            "sharpe": null,
            "sortino_ratio": null,
            "std_dev": null,
            "tracking_error": null,
            "treynor_ratio": null,
            "upside_deviation": null,
            "ytm": null
        },
        "min_addl_amt": "1,000",
        "min_addl_amt_multiple": "1",
        "min_amt": "5,000",
        "min_amt_multiple": "1",
        "monthly_aaum_date": "31MARCH2025",
        "monthly_aaum_value": "1,252.88",
        "mutual_fund_name": "Baroda BNP Paribas Mutual Fund",
        "page_number": [
            10
        ],
        "scheme_launch_date": "August 17, 2022"
    },
    "Baroda BNP Paribas Multi Cap Fund": {
        "amc_name": "Baroda BNP Paribas Asset Management India Private Limited",
        "benchmark_index": "(Tier 1) Nifty 500 Multicap 502525 TRI",
        "fund_manager": [
            {
                "managing_fund_since": "01-Nov-15",
                "name": "Sanjay Chawla",
                "qualification": "",
                "total_exp": "33 Years"
            },
            {
                "managing_fund_since": "14-Mar-22",
                "name": "Sandeep Jain",
                "qualification": "",
                "total_exp": "16 Years"
            }
        ],
        "load": {
            "entry_load": "",
            "exit_load": "Redeemed or switched out from the date of allotment upto 12 month 1  after 12 month Nil For detailed load structure please refer Scheme Information Document of the scheme."
        },
        "main_scheme_name": "Baroda BNP Paribas Multi Cap Fund",
        "metrics": {
            "alpha": null,
            "arithmetic_mean_ratio": null,
            "average_div_yld": null,
            "average_pb": null,
            "average_pe": null,
            "avg_maturity": null,
            "beta": "0.90",
            "correlation_ratio": null,
            "downside_deviation": null,
            "information_ratio": null,
            "macaulay": null,
            "mod_duration": null,
            "port_turnover_ratio": "1.10",
            "r_squared_ratio": null,
            "roe_ratio": "17.36",
            "sharpe": "0.69",
            "sortino_ratio": null,
            "std_dev": "14.26",
            "tracking_error": null,
            "treynor_ratio": null,
            "upside_deviation": null,
            "ytm": null
        },
        "min_addl_amt": "1,000",
        "min_addl_amt_multiple": "1",
        "min_amt": "5,000",
        "min_amt_multiple": "1",
        "monthly_aaum_date": "31MARCH2025",
        "monthly_aaum_value": "2,719.98",
        "mutual_fund_name": "Baroda BNP Paribas Mutual Fund",
        "page_number": [
            11
        ],
        "scheme_launch_date": "September 12, 2003"
    },
    "Baroda BNP Paribas Value Fund": {
        "amc_name": "Baroda BNP Paribas Asset Management India Private Limited",
        "benchmark_index": "(Tier 1) Nifty 500 TRI",
        "fund_manager": [
            {
                "managing_fund_since": "07-Jun-23",
                "name": "Shiv Chanani",
                "qualification": "",
                "total_exp": "24 Years"
            },
            {
                "managing_fund_since": "21-Oct-24",
                "name": "Himanshu Singh",
                "qualification": "",
                "total_exp": "10 Years"
            }
        ],
        "load": {
            "entry_load": "",
            "exit_load": "Upto 1 year Redeemed or switched out up to 10 of the allotment Nil.  Redeemed or switched out more than 10 of the allotment 1  After 1 year Nil For detailed load structure please refer Scheme Information Document of the scheme."
        },
        "main_scheme_name": "Baroda BNP Paribas Value Fund",
        "metrics": {
            "alpha": null,
            "arithmetic_mean_ratio": null,
            "average_div_yld": null,
            "average_pb": null,
            "average_pe": null,
            "avg_maturity": null,
            "beta": null,
            "correlation_ratio": null,
            "downside_deviation": null,
            "information_ratio": null,
            "macaulay": null,
            "mod_duration": null,
            "port_turnover_ratio": "0.66",
            "r_squared_ratio": null,
            "roe_ratio": "19.14",
            "sharpe": null,
            "sortino_ratio": null,
            "std_dev": null,
            "tracking_error": null,
            "treynor_ratio": null,
            "upside_deviation": null,
            "ytm": null
        },
        "min_addl_amt": "1,000",
        "min_addl_amt_multiple": "1",
        "min_amt": "5,000",
        "min_amt_multiple": "1",
        "monthly_aaum_date": "31MARCH2025",
        "monthly_aaum_value": "1,380.56",
        "mutual_fund_name": "Baroda BNP Paribas Mutual Fund",
        "page_number": [
            12
        ],
        "scheme_launch_date": "June 07, 2023"
    },
    "Baroda BNP Paribas Dividend Yield Fund": {
        "amc_name": "Baroda BNP Paribas Asset Management India Private Limited",
        "benchmark_index": "(Tier 1) Nifty 500 TRI",
        "fund_manager": [
            {
                "managing_fund_since": "11-Sep-24",
                "name": "Shiv Chanani",
                "qualification": "",
                "total_exp": "24 Years"
            },
            {
                "managing_fund_since": "21-Oct-24",
                "name": "Himanshu Singh",
                "qualification": "",
                "total_exp": "10 Years"
            }
        ],
        "load": {
            "entry_load": "",
            "exit_load": "If units of the Scheme are redeemed or switched out up to 10 of the units (the limit) within 1 year from the date ofallotment - Nil.  If units of the Scheme are redeemed or switched out in excess of the limit within 1 year from the date of allotment - 1 of the applicable NAV.  If units of Scheme are redeemed or switched out aft er 1 year from the date ofallotment - Nil. For detailed load structure please refer Scheme Information Document of the scheme."
        },
        "main_scheme_name": "Baroda BNP Paribas Dividend Yield Fund",
        "metrics": {
            "alpha": null,
            "arithmetic_mean_ratio": null,
            "average_div_yld": null,
            "average_pb": null,
            "average_pe": null,
            "avg_maturity": null,
            "beta": null,
            "correlation_ratio": null,
            "downside_deviation": null,
            "information_ratio": null,
            "macaulay": null,
            "mod_duration": null,
            "port_turnover_ratio": "0.66",
            "r_squared_ratio": null,
            "roe_ratio": "18.6",
            "sharpe": null,
            "sortino_ratio": null,
            "std_dev": null,
            "tracking_error": null,
            "treynor_ratio": null,
            "upside_deviation": null,
            "ytm": null
        },
        "min_addl_amt": "1,000",
        "min_addl_amt_multiple": "1",
        "min_amt": "1,000",
        "min_amt_multiple": "1",
        "monthly_aaum_date": "31MARCH2025",
        "monthly_aaum_value": "989.07",
        "mutual_fund_name": "Baroda BNP Paribas Mutual Fund",
        "page_number": [
            13
        ],
        "scheme_launch_date": "September 11, 2024"
    },
    "Baroda BNP Paribas Focused Fund": {
        "amc_name": "Baroda BNP Paribas Asset Management India Private Limited",
        "benchmark_index": "(Tier 1) Nifty 500 TRI",
        "fund_manager": [
            {
                "managing_fund_since": "14-Mar-22",
                "name": "Sanjay Chawla",
                "qualification": "",
                "total_exp": "33 Years"
            },
            {
                "managing_fund_since": "01-Jan-25",
                "name": "Kirtan Mehta",
                "qualification": "",
                "total_exp": "26 Years"
            }
        ],
        "load": {
            "entry_load": "",
            "exit_load": "Upto 12 months  Redeemed or switched out upto 10 of the allotment Nil  Redeemed or switched out more than 10 of the allotment  1 After 12 months - Nil For detailed load structure please refer Scheme Information Document of the scheme."
        },
        "main_scheme_name": "Baroda BNP Paribas Focused Fund",
        "metrics": {
            "alpha": null,
            "arithmetic_mean_ratio": null,
            "average_div_yld": null,
            "average_pb": null,
            "average_pe": null,
            "avg_maturity": null,
            "beta": "0.93",
            "correlation_ratio": null,
            "downside_deviation": null,
            "information_ratio": null,
            "macaulay": null,
            "mod_duration": null,
            "port_turnover_ratio": "1.45",
            "r_squared_ratio": null,
            "roe_ratio": "16.1",
            "sharpe": "0.43",
            "sortino_ratio": null,
            "std_dev": "13.73",
            "tracking_error": null,
            "treynor_ratio": null,
            "upside_deviation": null,
            "ytm": null
        },
        "min_addl_amt": "1,000",
        "min_addl_amt_multiple": "1",
        "min_amt": "5,000",
        "min_amt_multiple": "1",
        "monthly_aaum_date": "31MARCH2025",
        "monthly_aaum_value": "654.26",
        "mutual_fund_name": "Baroda BNP Paribas Mutual Fund",
        "page_number": [
            14
        ],
        "scheme_launch_date": "October 06, 2017"
    },
    "Baroda BNP Paribas ELSS Tax Saver Fund": {
        "amc_name": "Baroda BNP Paribas Asset Management India Private Limited",
        "benchmark_index": null,
        "fund_manager": [],
        "load": {
            "entry_load": null,
            "exit_load": null
        },
        "main_scheme_name": "Baroda BNP Paribas ELSS Tax Saver Fund",
        "metrics": {
            "alpha": null,
            "arithmetic_mean_ratio": null,
            "average_div_yld": null,
            "average_pb": null,
            "average_pe": null,
            "avg_maturity": null,
            "beta": null,
            "correlation_ratio": null,
            "downside_deviation": null,
            "information_ratio": null,
            "macaulay": null,
            "mod_duration": null,
            "port_turnover_ratio": null,
            "r_squared_ratio": null,
            "roe_ratio": null,
            "sharpe": null,
            "sortino_ratio": null,
            "std_dev": null,
            "tracking_error": null,
            "treynor_ratio": null,
            "upside_deviation": null,
            "ytm": null
        },
        "min_addl_amt": null,
        "min_addl_amt_multiple": null,
        "min_amt": null,
        "min_amt_multiple": null,
        "monthly_aaum_date": "31MARCH2025",
        "monthly_aaum_value": null,
        "mutual_fund_name": "Baroda BNP Paribas Mutual Fund",
        "page_number": [
            15
        ],
        "scheme_launch_date": null
    },
    "Baroda BNP Paribas India Consumption Fund": {
        "amc_name": "Baroda BNP Paribas Asset Management India Private Limited",
        "benchmark_index": "(Tier 1) Nifty India Consumption TRI",
        "fund_manager": [
            {
                "managing_fund_since": "13-Jul-22",
                "name": "Shiv Chanani",
                "qualification": "",
                "total_exp": "24 Years"
            },
            {
                "managing_fund_since": "21-Oct-24",
                "name": "Himanshu Singh",
                "qualification": "",
                "total_exp": "10 Years"
            }
        ],
        "load": {
            "entry_load": "",
            "exit_load": "Upto 12 months  Redeemed or switched out upto 10 of the allotment Nil  Redeemed or switched out more than 10 of the allotment 1 After 12 months - Nil For detailed load structure please refer Scheme Information Document of the scheme."
        },
        "main_scheme_name": "Baroda BNP Paribas India Consumption Fund",
        "metrics": {
            "alpha": null,
            "arithmetic_mean_ratio": null,
            "average_div_yld": null,
            "average_pb": null,
            "average_pe": null,
            "avg_maturity": null,
            "beta": "0.88",
            "correlation_ratio": null,
            "downside_deviation": null,
            "information_ratio": null,
            "macaulay": null,
            "mod_duration": null,
            "port_turnover_ratio": "0.62",
            "r_squared_ratio": null,
            "roe_ratio": "20.82",
            "sharpe": "0.71",
            "sortino_ratio": null,
            "std_dev": "13.88",
            "tracking_error": null,
            "treynor_ratio": null,
            "upside_deviation": null,
            "ytm": null
        },
        "min_addl_amt": "500",
        "min_addl_amt_multiple": "500",
        "min_amt": "500",
        "min_amt_multiple": "500",
        "monthly_aaum_date": "31MARCH2025",
        "monthly_aaum_value": "1,427.75",
        "mutual_fund_name": "Baroda BNP Paribas Mutual Fund",
        "page_number": [
            16
        ],
        "scheme_launch_date": "September 07, 2018"
    },
    "Baroda BNP Paribas Business Cycle Fund": {
        "amc_name": "Baroda BNP Paribas Asset Management India Private Limited",
        "benchmark_index": "(Tier 1) BSE 500 TRI",
        "fund_manager": [
            {
                "managing_fund_since": "01-Nov-23",
                "name": "Jitendra Sriram",
                "qualification": "",
                "total_exp": "26 Years"
            },
            {
                "managing_fund_since": "21-Oct-24",
                "name": "Kushant Arora",
                "qualification": "",
                "total_exp": "11 Years"
            }
        ],
        "load": {
            "entry_load": "",
            "exit_load": "Upto 1 year  Redeemed or switched out upto 10 of the allotment Nil  Redeemed or switched out more than 10 of the allotment 1 After 1 year - Nil For detailed load structure please refer Scheme Information Document of the scheme."
        },
        "main_scheme_name": "Baroda BNP Paribas Business Cycle Fund",
        "metrics": {
            "alpha": null,
            "arithmetic_mean_ratio": null,
            "average_div_yld": null,
            "average_pb": null,
            "average_pe": null,
            "avg_maturity": null,
            "beta": "1.01",
            "correlation_ratio": null,
            "downside_deviation": null,
            "information_ratio": null,
            "macaulay": null,
            "mod_duration": null,
            "port_turnover_ratio": "0.56",
            "r_squared_ratio": null,
            "roe_ratio": "19.24",
            "sharpe": "0.58",
            "sortino_ratio": null,
            "std_dev": "14.43",
            "tracking_error": null,
            "treynor_ratio": null,
            "upside_deviation": null,
            "ytm": null
        },
        "min_addl_amt": "1,000",
        "min_addl_amt_multiple": "1",
        "min_amt": "5,000",
        "min_amt_multiple": "1",
        "monthly_aaum_date": "31MARCH2025",
        "monthly_aaum_value": "576.38",
        "mutual_fund_name": "Baroda BNP Paribas Mutual Fund",
        "page_number": [
            17
        ],
        "scheme_launch_date": "September 15, 2021"
    },
    "Baroda BNP Paribas Banking  Financial Services Fund": {
        "amc_name": "Baroda BNP Paribas Asset Management India Private Limited",
        "benchmark_index": "(Tier 1) Nifty Financial Services TRI",
        "fund_manager": [
            {
                "managing_fund_since": "14-Mar-22",
                "name": "Sandeep Jain",
                "qualification": "",
                "total_exp": "16 Years"
            },
            {
                "managing_fund_since": "21-Oct-24",
                "name": "Arjun Bagga",
                "qualification": "",
                "total_exp": "7 Years"
            }
        ],
        "load": {
            "entry_load": "",
            "exit_load": "If units of the Scheme are redeemed or switched out within 30 days of the date of allotment - 1 of the applicable Net Asset Value (NAV)  If units of the Scheme are redeemed or switched out after 30 days of allotment - Nil For detailed load structure please refer Scheme Information Document of the scheme."
        },
        "main_scheme_name": "Baroda BNP Paribas Banking  Financial Services Fund",
        "metrics": {
            "alpha": null,
            "arithmetic_mean_ratio": null,
            "average_div_yld": null,
            "average_pb": null,
            "average_pe": null,
            "avg_maturity": null,
            "beta": null,
            "correlation_ratio": null,
            "downside_deviation": null,
            "information_ratio": null,
            "macaulay": null,
            "mod_duration": null,
            "port_turnover_ratio": "1.15",
            "r_squared_ratio": null,
            "roe_ratio": "16.39",
            "sharpe": null,
            "sortino_ratio": null,
            "std_dev": null,
            "tracking_error": null,
            "treynor_ratio": null,
            "upside_deviation": null,
            "ytm": null
        },
        "min_addl_amt": "1,000",
        "min_addl_amt_multiple": "1",
        "min_amt": "5,000",
        "min_amt_multiple": "1",
        "monthly_aaum_date": "31MARCH2025",
        "monthly_aaum_value": "210.18",
        "mutual_fund_name": "Baroda BNP Paribas Mutual Fund",
        "page_number": [
            18
        ],
        "scheme_launch_date": "June 22, 2012"
    },
    "Baroda BNP Paribas Innovation Fund": {
        "amc_name": "Baroda BNP Paribas Asset Management India Private Limited",
        "benchmark_index": "(Tier 1) Nifty 500 TRI",
        "fund_manager": [
            {
                "managing_fund_since": "05-Mar-24",
                "name": "Pratish Krishnan",
                "qualification": "",
                "total_exp": "23 Years"
            },
            {
                "managing_fund_since": "01-Jan-25",
                "name": "Ankeet Pandya",
                "qualification": "",
                "total_exp": "11 Years"
            }
        ],
        "load": {
            "entry_load": "",
            "exit_load": "The primary objective of the Scheme is to generate regular income by investing in a portfolio of debt and money market instruments such that the Macaulay duration of the portfolio is between 3 months 6 months. However there can be no assurance that the investment objective os the scheme will be realized. The scheme does not guranteeindicate any returns. For detailed load structure please refer Scheme Information Document of the scheme."
        },
        "main_scheme_name": "Baroda BNP Paribas Innovation Fund",
        "metrics": {
            "alpha": null,
            "arithmetic_mean_ratio": null,
            "average_div_yld": null,
            "average_pb": null,
            "average_pe": null,
            "avg_maturity": null,
            "beta": null,
            "correlation_ratio": null,
            "downside_deviation": null,
            "information_ratio": null,
            "macaulay": null,
            "mod_duration": null,
            "port_turnover_ratio": "0.56",
            "r_squared_ratio": null,
            "roe_ratio": "17.58",
            "sharpe": null,
            "sortino_ratio": null,
            "std_dev": null,
            "tracking_error": null,
            "treynor_ratio": null,
            "upside_deviation": null,
            "ytm": null
        },
        "min_addl_amt": "1,000",
        "min_addl_amt_multiple": "1",
        "min_amt": "5,000",
        "min_amt_multiple": "1",
        "monthly_aaum_date": "31MARCH2025",
        "monthly_aaum_value": "1,103.87",
        "mutual_fund_name": "Baroda BNP Paribas Mutual Fund",
        "page_number": [
            19
        ],
        "scheme_launch_date": "March 05, 2024"
    },
    "Baroda BNP Paribas Manufacturing Fund": {
        "amc_name": "Baroda BNP Paribas Asset Management India Private Limited",
        "benchmark_index": "(Tier 1) Nifty India Manufacturing TRI",
        "fund_manager": [
            {
                "managing_fund_since": "28-Jun-24",
                "name": "Jitendra Sriram",
                "qualification": "",
                "total_exp": "26 Years"
            },
            {
                "managing_fund_since": "21-Oct-24",
                "name": "Kushant Arora",
                "qualification": "",
                "total_exp": "11 Years"
            }
        ],
        "load": {
            "entry_load": "",
            "exit_load": "If units of the Scheme are redeemed or switched out up to 10 of the units within 1 year from the date of allotment - Nil.  If units of the Scheme are redeemed or switched out in excess of the limit within 1 year from the date of allotment - 1 of the applicable NAV.  If units of Scheme are redeemed or switched out after 1 year from the date of allotment - Nil. For detailed load structure please refer Scheme Information Document of the scheme."
        },
        "main_scheme_name": "Baroda BNP Paribas Manufacturing Fund",
        "metrics": {
            "alpha": null,
            "arithmetic_mean_ratio": null,
            "average_div_yld": null,
            "average_pb": null,
            "average_pe": null,
            "avg_maturity": null,
            "beta": null,
            "correlation_ratio": null,
            "downside_deviation": null,
            "information_ratio": null,
            "macaulay": null,
            "mod_duration": null,
            "port_turnover_ratio": "0.37",
            "r_squared_ratio": null,
            "roe_ratio": "16.55",
            "sharpe": null,
            "sortino_ratio": null,
            "std_dev": null,
            "tracking_error": null,
            "treynor_ratio": null,
            "upside_deviation": null,
            "ytm": null
        },
        "min_addl_amt": "1,000",
        "min_addl_amt_multiple": "1",
        "min_amt": "1,000",
        "min_amt_multiple": "1",
        "monthly_aaum_date": "31MARCH2025",
        "monthly_aaum_value": "1,315.26",
        "mutual_fund_name": "Baroda BNP Paribas Mutual Fund",
        "page_number": [
            20
        ],
        "scheme_launch_date": "June 28, 2024"
    },
    "Baroda BNP Paribas Aqua Fund": {
        "amc_name": "Baroda BNP Paribas Asset Management India Private Limited",
        "benchmark_index": "(Tier 1) MSCI World Index (TRI)",
        "fund_manager": [
            {
                "managing_fund_since": "21-Oct-24",
                "name": "Swapna Shelar",
                "qualification": "",
                "total_exp": "14 Years"
            }
        ],
        "load": {
            "entry_load": "",
            "exit_load": "Redeemed or switched out from the date of allotment upto 12 month 1 after 12 month Nil For detailed load structure please refer Scheme Information Document of the scheme."
        },
        "main_scheme_name": "Baroda BNP Paribas Aqua Fund",
        "metrics": {
            "alpha": null,
            "arithmetic_mean_ratio": null,
            "average_div_yld": null,
            "average_pb": null,
            "average_pe": null,
            "avg_maturity": null,
            "beta": null,
            "correlation_ratio": null,
            "downside_deviation": null,
            "information_ratio": null,
            "macaulay": null,
            "mod_duration": null,
            "port_turnover_ratio": null,
            "r_squared_ratio": null,
            "roe_ratio": null,
            "sharpe": null,
            "sortino_ratio": null,
            "std_dev": null,
            "tracking_error": null,
            "treynor_ratio": null,
            "upside_deviation": null,
            "ytm": null
        },
        "min_addl_amt": "1,000",
        "min_addl_amt_multiple": "1",
        "min_amt": "5,000",
        "min_amt_multiple": "1",
        "monthly_aaum_date": "31MARCH2025",
        "monthly_aaum_value": "41.57",
        "mutual_fund_name": "Baroda BNP Paribas Mutual Fund",
        "page_number": [
            21
        ],
        "scheme_launch_date": "May 07, 2021"
    },
    "Baroda BNP Paribas Balanced Advantage Fund": {
        "amc_name": "Baroda BNP Paribas Asset Management India Private Limited",
        "benchmark_index": "(Tier 1) NIFTY 50 Hybrid Composite debt 5050 Index",
        "fund_manager": [
            {
                "managing_fund_since": "14-Nov-18",
                "name": "Sanjay Chawla",
                "qualification": "",
                "total_exp": "33 Years"
            },
            {
                "managing_fund_since": "05-Aug-21",
                "name": "Pratish Krishnan",
                "qualification": "",
                "total_exp": "23 Years"
            },
            {
                "managing_fund_since": "21-Oct-24",
                "name": "Neeraj Saxena",
                "qualification": "",
                "total_exp": "20 Years"
            },
            {
                "managing_fund_since": "21-Oct-24",
                "name": "Gurvinder Singh Wasan",
                "qualification": "",
                "total_exp": "21 Years"
            }
        ],
        "load": {
            "entry_load": "",
            "exit_load": "Upto 1 year  Redeemed or switched out upto 10 of the allotment Nil  Redeemed or switched out more than 10 of the allotment 1 After 1 year - Nil For detailed load structure please refer Scheme Information Document of the scheme."
        },
        "main_scheme_name": "Baroda BNP Paribas Balanced Advantage Fund",
        "metrics": {
            "alpha": null,
            "arithmetic_mean_ratio": null,
            "average_div_yld": null,
            "average_pb": null,
            "average_pe": null,
            "avg_maturity": "6.00",
            "beta": "1.25",
            "correlation_ratio": null,
            "downside_deviation": null,
            "information_ratio": null,
            "macaulay": "3.74",
            "mod_duration": "3.59",
            "port_turnover_ratio": "2.30",
            "r_squared_ratio": null,
            "roe_ratio": "16.54",
            "sharpe": "0.57",
            "sortino_ratio": null,
            "std_dev": "9.31",
            "tracking_error": null,
            "treynor_ratio": null,
            "upside_deviation": null,
            "ytm": "7.85"
        },
        "min_addl_amt": "1,000",
        "min_addl_amt_multiple": "1",
        "min_amt": "5,000",
        "min_amt_multiple": "1",
        "monthly_aaum_date": "31MARCH2025",
        "monthly_aaum_value": "4,123.52",
        "mutual_fund_name": "Baroda BNP Paribas Mutual Fund",
        "page_number": [
            22,
            23
        ],
        "scheme_launch_date": "November 14, 2018"
    },
    "Baroda BNP Paribas Aggressive Hybrid Fund": {
        "amc_name": "Baroda BNP Paribas Asset Management India Private Limited",
        "benchmark_index": "(Tier 1) CRISIL Hybrid 3565-Aggressive Index",
        "fund_manager": [
            {
                "managing_fund_since": "16-Jun-22",
                "name": "Jitendra Sriram",
                "qualification": "",
                "total_exp": "26 Years"
            },
            {
                "managing_fund_since": "14-Mar-22",
                "name": "Pratish Krishnan",
                "qualification": "",
                "total_exp": "23 Years"
            },
            {
                "managing_fund_since": "21-Oct-24",
                "name": "Gurvinder Singh",
                "qualification": "",
                "total_exp": "21 Years"
            }
        ],
        "load": {
            "entry_load": "",
            "exit_load": "Upto 12 months  Redeemed or switched out upto 10 of the allotment Nil  Redeemed or switched out more than 10 of the allotment 1 After 12 months - Nil For detailed load structure please refer Scheme Information Document of the scheme."
        },
        "main_scheme_name": "Baroda BNP Paribas Aggressive Hybrid Fund",
        "metrics": {
            "alpha": null,
            "arithmetic_mean_ratio": null,
            "average_div_yld": null,
            "average_pb": null,
            "average_pe": null,
            "avg_maturity": "3.39",
            "beta": "1.03",
            "correlation_ratio": null,
            "downside_deviation": null,
            "information_ratio": null,
            "macaulay": "2.51",
            "mod_duration": "2.37",
            "port_turnover_ratio": "0.93",
            "r_squared_ratio": null,
            "roe_ratio": "19.38",
            "sharpe": "0.64",
            "sortino_ratio": null,
            "std_dev": "9.78",
            "tracking_error": null,
            "treynor_ratio": null,
            "upside_deviation": null,
            "ytm": "7.89"
        },
        "min_addl_amt": "1,000",
        "min_addl_amt_multiple": "1",
        "min_amt": "5,000",
        "min_amt_multiple": "1",
        "monthly_aaum_date": "31MARCH2025",
        "monthly_aaum_value": "1,164.29",
        "mutual_fund_name": "Baroda BNP Paribas Mutual Fund",
        "page_number": [
            24
        ],
        "scheme_launch_date": "April 07, 2017"
    },
    "Baroda BNP Paribas Multi Asset Fund": {
        "amc_name": "Baroda BNP Paribas Asset Management India Private Limited",
        "benchmark_index": "(Tier 1) 65 of Nifty 500 TRI  20 of NIFTY Composite Debt Index  15 of INR Price of Gold",
        "fund_manager": [
            {
                "managing_fund_since": "19-Dec-22",
                "name": "Jitendra Sriram",
                "qualification": "",
                "total_exp": "26 Years"
            },
            {
                "managing_fund_since": "21-Oct-24",
                "name": "Pratish Krishnan",
                "qualification": "",
                "total_exp": "23 Years"
            },
            {
                "managing_fund_since": "19-Dec-22",
                "name": "Vikram Pamnani",
                "qualification": "",
                "total_exp": "14 Years"
            }
        ],
        "load": {
            "entry_load": "",
            "exit_load": "Upto 12 months  Redeemed or switched out upto 10 of the allotment Nil  Redeemed or switched out more than 10 of the allotment 1 After 12 months - Nil The above load shall also be applicable for switches between the schemes of the Fund and all Systematic Investment Plans, Systematic Transfer Plans, Systematic Withdrawal Plans. No load will be charged on units issued upon re-investment of amount of distribution under same IDCW option and bonus units. For detailed load structure please refer Scheme Information Document of the scheme."
        },
        "main_scheme_name": "Baroda BNP Paribas Multi Asset Fund",
        "metrics": {
            "alpha": null,
            "arithmetic_mean_ratio": null,
            "average_div_yld": null,
            "average_pb": null,
            "average_pe": null,
            "avg_maturity": "3.55",
            "beta": null,
            "correlation_ratio": null,
            "downside_deviation": null,
            "information_ratio": null,
            "macaulay": "3.03",
            "mod_duration": "2.86",
            "port_turnover_ratio": "0.60",
            "r_squared_ratio": null,
            "roe_ratio": "19.43",
            "sharpe": null,
            "sortino_ratio": null,
            "std_dev": null,
            "tracking_error": null,
            "treynor_ratio": null,
            "upside_deviation": null,
            "ytm": "7.27"
        },
        "min_addl_amt": "1,000",
        "min_addl_amt_multiple": "1",
        "min_amt": "5,000",
        "min_amt_multiple": "1",
        "monthly_aaum_date": "31MARCH2025",
        "monthly_aaum_value": "1,148.46",
        "mutual_fund_name": "Baroda BNP Paribas Mutual Fund",
        "page_number": [
            25
        ],
        "scheme_launch_date": "December 19, 2022"
    },
    "Baroda BNP Paribas Equity Savings Fund": {
        "amc_name": "Baroda BNP Paribas Asset Management India Private Limited",
        "benchmark_index": "(Tier 1) Nifty Equity Savings Index TRI",
        "fund_manager": [
            {
                "managing_fund_since": "05-Sep-19",
                "name": "Pratish Krishnan",
                "qualification": "",
                "total_exp": "23 Years"
            },
            {
                "managing_fund_since": "21-Oct-24",
                "name": "Neeraj Saxena",
                "qualification": "",
                "total_exp": "20 Years"
            },
            {
                "managing_fund_since": "01-Jan-25",
                "name": "Ankeet Pandya",
                "qualification": "",
                "total_exp": "11 Years"
            },
            {
                "managing_fund_since": "21-Oct-24",
                "name": "Gurvinder Singh",
                "qualification": "",
                "total_exp": "21 Years"
            }
        ],
        "load": {
            "entry_load": "",
            "exit_load": "If units of the Scheme are redeemed or switched out within 30 days of the date of allotment - 1 of the applicable Net Asset Value (NAV)  If units of the Scheme are redeemed or switched out after 30 days of allotment - Nil The above Exit Load will be applicable to all subscription transactions, excluding switch-ins For detailed load structure please refer Scheme Information Document of the scheme."
        },
        "main_scheme_name": "Baroda BNP Paribas Equity Savings Fund",
        "metrics": {
            "alpha": null,
            "arithmetic_mean_ratio": null,
            "average_div_yld": null,
            "average_pb": null,
            "average_pe": null,
            "avg_maturity": "4.51",
            "beta": "1.01",
            "correlation_ratio": null,
            "downside_deviation": null,
            "information_ratio": null,
            "macaulay": "3.60",
            "mod_duration": "3.44",
            "port_turnover_ratio": "4.80",
            "r_squared_ratio": null,
            "roe_ratio": "17.91",
            "sharpe": "0.41",
            "sortino_ratio": null,
            "std_dev": "4.91",
            "tracking_error": null,
            "treynor_ratio": null,
            "upside_deviation": null,
            "ytm": "7.12"
        },
        "min_addl_amt": "1,000",
        "min_addl_amt_multiple": "1",
        "min_amt": "5,000",
        "min_amt_multiple": "1",
        "monthly_aaum_date": "31MARCH2025",
        "monthly_aaum_value": "250.75",
        "mutual_fund_name": "Baroda BNP Paribas Mutual Fund",
        "page_number": [
            26
        ],
        "scheme_launch_date": "July 25, 2019"
    },
    "Baroda BNP Paribas Conservative Hybrid Fund": {
        "amc_name": "Baroda BNP Paribas Asset Management India Private Limited",
        "benchmark_index": "(Tier 1) CRISIL Hybrid 8515  Conservative Index",
        "fund_manager": [
            {
                "managing_fund_since": "14-Mar-22",
                "name": "Pratish",
                "qualification": "",
                "total_exp": "23 Years"
            },
            {
                "managing_fund_since": "01-Jan-25",
                "name": "Ankeet",
                "qualification": "",
                "total_exp": "11 Years"
            },
            {
                "managing_fund_since": "21-Oct-22",
                "name": "Prashant",
                "qualification": "",
                "total_exp": "24 Years"
            },
            {
                "managing_fund_since": "21-Oct-24",
                "name": "Gurvinder",
                "qualification": "",
                "total_exp": "21 Years"
            }
        ],
        "load": {
            "entry_load": "",
            "exit_load": "Redeemed or switched out from the date of allotment upto 6 months. 1 after 6 months Nil For detailed load structure please refer Scheme Information Document of the scheme."
        },
        "main_scheme_name": "Baroda BNP Paribas Conservative Hybrid Fund",
        "metrics": {
            "alpha": null,
            "arithmetic_mean_ratio": null,
            "average_div_yld": null,
            "average_pb": null,
            "average_pe": null,
            "avg_maturity": "3.80",
            "beta": null,
            "correlation_ratio": null,
            "downside_deviation": null,
            "information_ratio": null,
            "macaulay": "3.02",
            "mod_duration": "2.86",
            "port_turnover_ratio": "1.48",
            "r_squared_ratio": null,
            "roe_ratio": "16.83",
            "sharpe": null,
            "sortino_ratio": null,
            "std_dev": null,
            "tracking_error": null,
            "treynor_ratio": null,
            "upside_deviation": null,
            "ytm": "7.62"
        },
        "min_addl_amt": "500",
        "min_addl_amt_multiple": "1",
        "min_amt": "1,000",
        "min_amt_multiple": "1",
        "monthly_aaum_date": "31MARCH2025",
        "monthly_aaum_value": "740.86",
        "mutual_fund_name": "Baroda BNP Paribas Mutual Fund",
        "page_number": [
            27
        ],
        "scheme_launch_date": "September 23, 2004"
    },
    "Baroda BNP Paribas Arbitrage Fund": {
        "amc_name": "Baroda BNP Paribas Asset Management India Private Limited",
        "benchmark_index": "(Tier 1) Nifty 50 Arbitrage Index",
        "fund_manager": [
            {
                "managing_fund_since": "14-Mar-22",
                "name": "Neeraj Saxena",
                "qualification": "",
                "total_exp": "20 Years"
            },
            {
                "managing_fund_since": "16-Mar-22",
                "name": "Vikram Pamnani",
                "qualification": "",
                "total_exp": "14 Years"
            }
        ],
        "load": {
            "entry_load": "",
            "exit_load": "0.25 if redeemed on or before 15 days from the date of allotment of units. Nil if redeemed after 15 days from the date of allotment of units. For detailed load structure please refer Scheme Information Document of the scheme."
        },
        "main_scheme_name": "Baroda BNP Paribas Arbitrage Fund",
        "metrics": {
            "alpha": null,
            "arithmetic_mean_ratio": null,
            "average_div_yld": null,
            "average_pb": null,
            "average_pe": null,
            "avg_maturity": "0.38",
            "beta": "0.72",
            "correlation_ratio": null,
            "downside_deviation": null,
            "information_ratio": null,
            "macaulay": "0.34",
            "mod_duration": "0.33",
            "port_turnover_ratio": "18.66",
            "r_squared_ratio": null,
            "roe_ratio": null,
            "sharpe": null,
            "sortino_ratio": null,
            "std_dev": "0.66",
            "tracking_error": null,
            "treynor_ratio": null,
            "upside_deviation": null,
            "ytm": "6.73"
        },
        "min_addl_amt": "1,000",
        "min_addl_amt_multiple": "1",
        "min_amt": "5,000",
        "min_amt_multiple": "1",
        "monthly_aaum_date": "31MARCH2025",
        "monthly_aaum_value": "1,286.74",
        "mutual_fund_name": "Baroda BNP Paribas Mutual Fund",
        "page_number": [
            28
        ],
        "scheme_launch_date": "December 28, 2016"
    },
    "Baroda BNP Paribas Retirement Fund": {
        "amc_name": "Baroda BNP Paribas Asset Management India Private Limited",
        "benchmark_index": "(Tier 1) CRISIL Hybrid 3565 Aggressive Index",
        "fund_manager": [
            {
                "managing_fund_since": "28-May-24",
                "name": "Pratish Krishnan",
                "qualification": "",
                "total_exp": "23 Years"
            },
            {
                "managing_fund_since": "01-Jan-25",
                "name": "Ankeet Pandya",
                "qualification": "",
                "total_exp": "11 Years"
            },
            {
                "managing_fund_since": "21-Oct-24",
                "name": "Gurvinder Singh",
                "qualification": "",
                "total_exp": "21 Years"
            }
        ],
        "load": {
            "entry_load": "",
            "exit_load": "Nil For detailed load structure please refer Scheme Information Document of the scheme."
        },
        "main_scheme_name": "Baroda BNP Paribas Retirement Fund",
        "metrics": {
            "alpha": null,
            "arithmetic_mean_ratio": null,
            "average_div_yld": null,
            "average_pb": null,
            "average_pe": null,
            "avg_maturity": "24.21",
            "beta": null,
            "correlation_ratio": null,
            "downside_deviation": null,
            "information_ratio": null,
            "macaulay": "9.13",
            "mod_duration": "8.81",
            "port_turnover_ratio": "0.73",
            "r_squared_ratio": null,
            "roe_ratio": "16.52",
            "sharpe": null,
            "sortino_ratio": null,
            "std_dev": null,
            "tracking_error": null,
            "treynor_ratio": null,
            "upside_deviation": null,
            "ytm": "7.16"
        },
        "min_addl_amt": "1,000",
        "min_addl_amt_multiple": "1",
        "min_amt": "1,000",
        "min_amt_multiple": "1",
        "monthly_aaum_date": "31MARCH2025",
        "monthly_aaum_value": "352.66",
        "mutual_fund_name": "Baroda BNP Paribas Mutual Fund",
        "page_number": [
            29
        ],
        "scheme_launch_date": "May 28, 2024"
    },
    "Baroda BNP Paribas Childrens Fund": {
        "amc_name": "Baroda BNP Paribas Asset Management India Private Limited",
        "benchmark_index": "(Tier 1) Nifty 500 TRI",
        "fund_manager": [
            {
                "managing_fund_since": "27-Dec-24",
                "name": "Pratish Krishnan",
                "qualification": "",
                "total_exp": "23 Years"
            },
            {
                "managing_fund_since": "01-Jan-25",
                "name": "Ankeet Pandya",
                "qualification": "",
                "total_exp": "11 Years"
            }
        ],
        "load": {
            "entry_load": "",
            "exit_load": "1 if redeemed or switched out from the scheme within 1 year from the date of allotment. Nil - if redeemed or switched out from the scheme after 1 year from the date of allotment. For detailed load structure please refer Scheme Information Document of the scheme."
        },
        "main_scheme_name": "Baroda BNP Paribas Childrens Fund",
        "metrics": {
            "alpha": null,
            "arithmetic_mean_ratio": null,
            "average_div_yld": null,
            "average_pb": null,
            "average_pe": null,
            "avg_maturity": "2.20",
            "beta": null,
            "correlation_ratio": null,
            "downside_deviation": null,
            "information_ratio": null,
            "macaulay": "1.64",
            "mod_duration": "1.59",
            "port_turnover_ratio": "0.41",
            "r_squared_ratio": null,
            "roe_ratio": null,
            "sharpe": null,
            "sortino_ratio": null,
            "std_dev": null,
            "tracking_error": null,
            "treynor_ratio": null,
            "upside_deviation": null,
            "ytm": "6.60"
        },
        "min_addl_amt": "1,000",
        "min_addl_amt_multiple": "1",
        "min_amt": "1,000",
        "min_amt_multiple": "1",
        "monthly_aaum_date": "31MARCH2025",
        "monthly_aaum_value": "70.74",
        "mutual_fund_name": "Baroda BNP Paribas Mutual Fund",
        "page_number": [
            30
        ],
        "scheme_launch_date": "December 27, 2024"
    },
    "Baroda BNP Paribas Liquid Fund": {
        "amc_name": "Baroda BNP Paribas Asset Management India Private Limited",
        "benchmark_index": "(Tier 1) CRISIL Liquid Debt A-I Index",
        "fund_manager": [
            {
                "managing_fund_since": "14-Mar-22",
                "name": "Vikram Pamnani",
                "qualification": "",
                "total_exp": "14 Years"
            },
            {
                "managing_fund_since": "21-Oct-24",
                "name": "Gurvinder Singh",
                "qualification": "",
                "total_exp": "21 Years"
            }
        ],
        "load": {
            "entry_load": "",
            "exit_load": "Investor exit upon subscribtion - exit load as  of redemption proceeds Day 1-0.0070, Day 2-0.0065, Day 3-0.0060, Day 4-0.0055, Day 5-0.0050, Day 6- 0.0045, Day 7 Onwards-0.0000 For detailed load structure please refer Scheme Information Document of the scheme."
        },
        "main_scheme_name": "Baroda BNP Paribas Liquid Fund",
        "metrics": {
            "alpha": null,
            "arithmetic_mean_ratio": null,
            "average_div_yld": null,
            "average_pb": null,
            "average_pe": null,
            "avg_maturity": null,
            "beta": null,
            "correlation_ratio": null,
            "downside_deviation": null,
            "information_ratio": null,
            "macaulay": null,
            "mod_duration": null,
            "port_turnover_ratio": null,
            "r_squared_ratio": null,
            "roe_ratio": null,
            "sharpe": null,
            "sortino_ratio": null,
            "std_dev": null,
            "tracking_error": null,
            "treynor_ratio": null,
            "upside_deviation": null,
            "ytm": "7.24"
        },
        "min_addl_amt": "1,000",
        "min_addl_amt_multiple": "1",
        "min_amt": "5,000",
        "min_amt_multiple": "1",
        "monthly_aaum_date": "31MARCH2025",
        "monthly_aaum_value": "11,351.70",
        "mutual_fund_name": "Baroda BNP Paribas Mutual Fund",
        "page_number": [
            31
        ],
        "scheme_launch_date": "February 21, 2002"
    },
    "Baroda BNP Paribas Overnight Fund": {
        "amc_name": "Baroda BNP Paribas Asset Management India Private Limited",
        "benchmark_index": "(Tier 1) CRISIL Liquid Overnight Index",
        "fund_manager": [
            {
                "managing_fund_since": "14-Mar-22",
                "name": "Vikram Pamnani",
                "qualification": "",
                "total_exp": "14 Years"
            },
            {
                "managing_fund_since": "21-Oct-24",
                "name": "Gurvinder Singh",
                "qualification": "",
                "total_exp": "21 Years"
            }
        ],
        "load": {
            "entry_load": "",
            "exit_load": "Nil For detailed load structure please refer Scheme Information Document of the scheme."
        },
        "main_scheme_name": "Baroda BNP Paribas Overnight Fund",
        "metrics": {
            "alpha": null,
            "arithmetic_mean_ratio": null,
            "average_div_yld": null,
            "average_pb": null,
            "average_pe": null,
            "avg_maturity": null,
            "beta": null,
            "correlation_ratio": null,
            "downside_deviation": null,
            "information_ratio": null,
            "macaulay": null,
            "mod_duration": null,
            "port_turnover_ratio": null,
            "r_squared_ratio": null,
            "roe_ratio": null,
            "sharpe": null,
            "sortino_ratio": null,
            "std_dev": null,
            "tracking_error": null,
            "treynor_ratio": null,
            "upside_deviation": null,
            "ytm": "6.72"
        },
        "min_addl_amt": "1,000",
        "min_addl_amt_multiple": "1",
        "min_amt": "5,000",
        "min_amt_multiple": "1",
        "monthly_aaum_date": "31MARCH2025",
        "monthly_aaum_value": "854.73",
        "mutual_fund_name": "Baroda BNP Paribas Mutual Fund",
        "page_number": [
            32
        ],
        "scheme_launch_date": "April 25, 2019"
    },
    "Baroda BNP Paribas Ultra Short Duration Fund": {
        "amc_name": "Baroda BNP Paribas Asset Management India Private Limited",
        "benchmark_index": "(Tier 1) CRISIL Ultra Short Duration Debt A-I Index",
        "fund_manager": [
            {
                "managing_fund_since": "14-Mar-22",
                "name": "Vikram Pamnani",
                "qualification": "",
                "total_exp": "14 Years"
            },
            {
                "managing_fund_since": "21-Oct-24",
                "name": "Gurvinder Singh",
                "qualification": "",
                "total_exp": "21 Years"
            }
        ],
        "load": {
            "entry_load": "",
            "exit_load": "Nil For detailed load structure please refer Scheme Information Document of the scheme."
        },
        "main_scheme_name": "Baroda BNP Paribas Ultra Short Duration Fund",
        "metrics": {
            "alpha": null,
            "arithmetic_mean_ratio": null,
            "average_div_yld": null,
            "average_pb": null,
            "average_pe": null,
            "avg_maturity": "0.47",
            "beta": null,
            "correlation_ratio": null,
            "downside_deviation": null,
            "information_ratio": null,
            "macaulay": "0.45",
            "mod_duration": "0.44",
            "port_turnover_ratio": null,
            "r_squared_ratio": null,
            "roe_ratio": null,
            "sharpe": null,
            "sortino_ratio": null,
            "std_dev": null,
            "tracking_error": null,
            "treynor_ratio": null,
            "upside_deviation": null,
            "ytm": "7.46"
        },
        "min_addl_amt": "1,000",
        "min_addl_amt_multiple": "1",
        "min_amt": "5,000",
        "min_amt_multiple": "1",
        "monthly_aaum_date": "31MARCH2025",
        "monthly_aaum_value": "1,337.57",
        "mutual_fund_name": "Baroda BNP Paribas Mutual Fund",
        "page_number": [
            33
        ],
        "scheme_launch_date": "June 01, 2018"
    },
    "Baroda BNP Paribas Low Duration Fund": {
        "amc_name": "Baroda BNP Paribas Asset Management India Private Limited",
        "benchmark_index": "(Tier 1) CRISIL Low Duration Debt A-I Index",
        "fund_manager": [
            {
                "managing_fund_since": "27-Dec-17",
                "name": "Vikram Pamnani",
                "qualification": "",
                "total_exp": "14 Years"
            },
            {
                "managing_fund_since": "21-Oct-24",
                "name": "Gurvinder Singh",
                "qualification": "",
                "total_exp": "21 Years"
            }
        ],
        "load": {
            "entry_load": "",
            "exit_load": "Nil For detailed load structure please refer Scheme Information Document of the scheme."
        },
        "main_scheme_name": "Baroda BNP Paribas Low Duration Fund",
        "metrics": {
            "alpha": null,
            "arithmetic_mean_ratio": null,
            "average_div_yld": null,
            "average_pb": null,
            "average_pe": null,
            "avg_maturity": "1.02",
            "beta": null,
            "correlation_ratio": null,
            "downside_deviation": null,
            "information_ratio": null,
            "macaulay": "0.96",
            "mod_duration": "0.91",
            "port_turnover_ratio": null,
            "r_squared_ratio": null,
            "roe_ratio": null,
            "sharpe": null,
            "sortino_ratio": null,
            "std_dev": null,
            "tracking_error": null,
            "treynor_ratio": null,
            "upside_deviation": null,
            "ytm": "7.79"
        },
        "min_addl_amt": "1,000",
        "min_addl_amt_multiple": "1",
        "min_amt": "5,000",
        "min_amt_multiple": "1",
        "monthly_aaum_date": "31MARCH2025",
        "monthly_aaum_value": "224.57",
        "mutual_fund_name": "Baroda BNP Paribas Mutual Fund",
        "page_number": [
            34
        ],
        "scheme_launch_date": "October 21, 2005"
    },
    "Baroda BNP Paribas Money Market Fund": {
        "amc_name": "Baroda BNP Paribas Asset Management India Private Limited",
        "benchmark_index": "(Tier 1) CRISIL Money Market A-I Index",
        "fund_manager": [
            {
                "managing_fund_since": "14-Mar-22",
                "name": "Vikram Pamnani",
                "qualification": "",
                "total_exp": "14 Years"
            },
            {
                "managing_fund_since": "21-Oct-24",
                "name": "Gurvinder Singh",
                "qualification": "",
                "total_exp": "21 Years"
            }
        ],
        "load": {
            "entry_load": "",
            "exit_load": "Nil For detailed load structure please refer Scheme Information Document of the scheme."
        },
        "main_scheme_name": "Baroda BNP Paribas Money Market Fund",
        "metrics": {
            "alpha": null,
            "arithmetic_mean_ratio": null,
            "average_div_yld": null,
            "average_pb": null,
            "average_pe": null,
            "avg_maturity": "0.53",
            "beta": null,
            "correlation_ratio": null,
            "downside_deviation": null,
            "information_ratio": null,
            "macaulay": "0.53",
            "mod_duration": "0.53",
            "port_turnover_ratio": null,
            "r_squared_ratio": null,
            "roe_ratio": null,
            "sharpe": null,
            "sortino_ratio": null,
            "std_dev": null,
            "tracking_error": null,
            "treynor_ratio": null,
            "upside_deviation": null,
            "ytm": "7.61"
        },
        "min_addl_amt": "1,000",
        "min_addl_amt_multiple": "1",
        "min_amt": "5,000",
        "min_amt_multiple": "1",
        "monthly_aaum_date": "31MARCH2025",
        "monthly_aaum_value": "468.74",
        "mutual_fund_name": "Baroda BNP Paribas Mutual Fund",
        "page_number": [
            35
        ],
        "scheme_launch_date": "June 19, 2019"
    },
    "Baroda BNP Paribas Banking and PSU Bond Fund": {
        "amc_name": "Baroda BNP Paribas Asset Management India Private Limited",
        "benchmark_index": "(Tier 1) CRISIL Banking and PSU Debt A-II Index",
        "fund_manager": [
            {
                "managing_fund_since": "21-Oct-24",
                "name": "Gurvinder Singh",
                "qualification": "",
                "total_exp": "21 Years"
            },
            {
                "managing_fund_since": "11-Jul-24",
                "name": "Vikram Pamnani",
                "qualification": "",
                "total_exp": "14 Years"
            }
        ],
        "load": {
            "entry_load": "",
            "exit_load": "Nil For detailed load structure please refer Scheme Information Document of the scheme."
        },
        "main_scheme_name": "Baroda BNP Paribas Banking and PSU Bond Fund",
        "metrics": {
            "alpha": null,
            "arithmetic_mean_ratio": null,
            "average_div_yld": null,
            "average_pb": null,
            "average_pe": null,
            "avg_maturity": "4.91",
            "beta": null,
            "correlation_ratio": null,
            "downside_deviation": null,
            "information_ratio": null,
            "macaulay": "3.84",
            "mod_duration": "3.66",
            "port_turnover_ratio": null,
            "r_squared_ratio": null,
            "roe_ratio": null,
            "sharpe": null,
            "sortino_ratio": null,
            "std_dev": null,
            "tracking_error": null,
            "treynor_ratio": null,
            "upside_deviation": null,
            "ytm": "7.16"
        },
        "min_addl_amt": "1,000",
        "min_addl_amt_multiple": "1",
        "min_amt": "5,000",
        "min_amt_multiple": "1",
        "monthly_aaum_date": "31MARCH2025",
        "monthly_aaum_value": "25.99",
        "mutual_fund_name": "Baroda BNP Paribas Mutual Fund",
        "page_number": [
            36
        ],
        "scheme_launch_date": "December 17, 2020"
    },
    "Baroda BNP Paribas Short Duration Fund": {
        "amc_name": "Baroda BNP Paribas Asset Management India Private Limited",
        "benchmark_index": "(Tier 1) CRISIL Short Duration Debt A-II Index",
        "fund_manager": [
            {
                "managing_fund_since": "21-Oct-24",
                "name": "Gurvinder Singh",
                "qualification": "",
                "total_exp": "21 Years"
            },
            {
                "managing_fund_since": "14-Mar-22",
                "name": "Vikram Pamnani",
                "qualification": "",
                "total_exp": "14 Years"
            }
        ],
        "load": {
            "entry_load": "",
            "exit_load": "Nil For detailed load structure please refer Scheme Information Document of the scheme."
        },
        "main_scheme_name": "Baroda BNP Paribas Short Duration Fund",
        "metrics": {
            "alpha": null,
            "arithmetic_mean_ratio": null,
            "average_div_yld": null,
            "average_pb": null,
            "average_pe": null,
            "avg_maturity": "3.45",
            "beta": null,
            "correlation_ratio": null,
            "downside_deviation": null,
            "information_ratio": null,
            "macaulay": "2.98",
            "mod_duration": "2.82",
            "port_turnover_ratio": null,
            "r_squared_ratio": null,
            "roe_ratio": null,
            "sharpe": null,
            "sortino_ratio": null,
            "std_dev": null,
            "tracking_error": null,
            "treynor_ratio": null,
            "upside_deviation": null,
            "ytm": "7.43"
        },
        "min_addl_amt": "1,000",
        "min_addl_amt_multiple": "1",
        "min_amt": "5,000",
        "min_amt_multiple": "1",
        "monthly_aaum_date": "31MARCH2025",
        "monthly_aaum_value": "197.69",
        "mutual_fund_name": "Baroda BNP Paribas Mutual Fund",
        "page_number": [
            37
        ],
        "scheme_launch_date": "June 30, 2010"
    },
    "Baroda BNP Paribas Credit Risk Fund": {
        "amc_name": "Baroda BNP Paribas Asset Management India Private Limited",
        "benchmark_index": "(Tier 1) CRISIL Credit Risk Debt B-II Index",
        "fund_manager": [
            {
                "managing_fund_since": "21-Oct-24",
                "name": "Gurvinder Singh",
                "qualification": "",
                "total_exp": "21 Years"
            },
            {
                "managing_fund_since": "11-Jul-24",
                "name": "Vikram Pamnani",
                "qualification": "",
                "total_exp": "14 Years"
            }
        ],
        "load": {
            "entry_load": "",
            "exit_load": "Exit Load Upto 1 year  Redeemed or switched out upto 10 of the allotment Nil  Redeemed or switched out more than 10 of the allotment 1 After 1 year - Nil Exit load is not applicable for segregated portfolio. For detailed load structure please refer Scheme Information Document of the scheme."
        },
        "main_scheme_name": "Baroda BNP Paribas Credit Risk Fund",
        "metrics": {
            "alpha": null,
            "arithmetic_mean_ratio": null,
            "average_div_yld": null,
            "average_pb": null,
            "average_pe": null,
            "avg_maturity": "3.31",
            "beta": null,
            "correlation_ratio": null,
            "downside_deviation": null,
            "information_ratio": null,
            "macaulay": "2.36",
            "mod_duration": "2.25",
            "port_turnover_ratio": null,
            "r_squared_ratio": null,
            "roe_ratio": null,
            "sharpe": null,
            "sortino_ratio": null,
            "std_dev": null,
            "tracking_error": null,
            "treynor_ratio": null,
            "upside_deviation": null,
            "ytm": "8.14"
        },
        "min_addl_amt": "1,000",
        "min_addl_amt_multiple": "1",
        "min_amt": "5,000",
        "min_amt_multiple": "1",
        "monthly_aaum_date": "31MARCH2025",
        "monthly_aaum_value": "169.16",
        "mutual_fund_name": "Baroda BNP Paribas Mutual Fund",
        "page_number": [
            38
        ],
        "scheme_launch_date": "January 23, 2015"
    },
    "Baroda BNP Paribas Corporate Bond Fund": {
        "amc_name": "Baroda BNP Paribas Asset Management India Private Limited",
        "benchmark_index": "(Tier 1) CRISIL Corporate Debt A-II Index",
        "fund_manager": [
            {
                "managing_fund_since": "21-Oct-24",
                "name": "Gurvinder Singh",
                "qualification": "",
                "total_exp": "21 Years"
            },
            {
                "managing_fund_since": "11-Jul-24",
                "name": "Vikram Pamnani",
                "qualification": "",
                "total_exp": "14 Years"
            }
        ],
        "load": {
            "entry_load": "",
            "exit_load": "Nil For detailed load structure please refer Scheme Information Document of the scheme."
        },
        "main_scheme_name": "Baroda BNP Paribas Corporate Bond Fund",
        "metrics": {
            "alpha": null,
            "arithmetic_mean_ratio": null,
            "average_div_yld": null,
            "average_pb": null,
            "average_pe": null,
            "avg_maturity": "4.82",
            "beta": null,
            "correlation_ratio": null,
            "downside_deviation": null,
            "information_ratio": null,
            "macaulay": "3.71",
            "mod_duration": "3.51",
            "port_turnover_ratio": null,
            "r_squared_ratio": null,
            "roe_ratio": null,
            "sharpe": null,
            "sortino_ratio": null,
            "std_dev": null,
            "tracking_error": null,
            "treynor_ratio": null,
            "upside_deviation": null,
            "ytm": "7.33"
        },
        "min_addl_amt": "1,000",
        "min_addl_amt_multiple": "1",
        "min_amt": "5,000",
        "min_amt_multiple": "1",
        "monthly_aaum_date": "31MARCH2025",
        "monthly_aaum_value": "213.10",
        "mutual_fund_name": "Baroda BNP Paribas Mutual Fund",
        "page_number": [
            39
        ],
        "scheme_launch_date": "November 08, 2008"
    },
    "Baroda BNP Paribas Dynamic Bond Fund": {
        "amc_name": "Baroda BNP Paribas Asset Management India Private Limited",
        "benchmark_index": "(Tier 1) CRISIL Dynamic Bond A-III Index",
        "fund_manager": [
            {
                "managing_fund_since": "21-Oct-24",
                "name": "Gurvinder Singh",
                "qualification": "",
                "total_exp": "21 Years"
            },
            {
                "managing_fund_since": "11-Jul-24",
                "name": "Prashant Pimple",
                "qualification": "",
                "total_exp": "24 Years"
            }
        ],
        "load": {
            "entry_load": "",
            "exit_load": "Nil For detailed load structure please refer Scheme Information Document of the scheme."
        },
        "main_scheme_name": "Baroda BNP Paribas Dynamic Bond Fund",
        "metrics": {
            "alpha": null,
            "arithmetic_mean_ratio": null,
            "average_div_yld": null,
            "average_pb": null,
            "average_pe": null,
            "avg_maturity": "13.11",
            "beta": null,
            "correlation_ratio": null,
            "downside_deviation": null,
            "information_ratio": null,
            "macaulay": "7.57",
            "mod_duration": "7.32",
            "port_turnover_ratio": null,
            "r_squared_ratio": null,
            "roe_ratio": null,
            "sharpe": null,
            "sortino_ratio": null,
            "std_dev": null,
            "tracking_error": null,
            "treynor_ratio": null,
            "upside_deviation": null,
            "ytm": "6.74"
        },
        "min_addl_amt": "1,000",
        "min_addl_amt_multiple": "1",
        "min_amt": "5,000",
        "min_amt_multiple": "1",
        "monthly_aaum_date": "31MARCH2025",
        "monthly_aaum_value": "183.18",
        "mutual_fund_name": "Baroda BNP Paribas Mutual Fund",
        "page_number": [
            40
        ],
        "scheme_launch_date": "September 23, 2004"
    },
    "Baroda BNP Paribas Gilt Fund": {
        "amc_name": "Baroda BNP Paribas Asset Management India Private Limited",
        "benchmark_index": "(Tier 1) CRISIL Dynamic Gilt Index",
        "fund_manager": [
            {
                "managing_fund_since": "21-Oct-24",
                "name": "Gurvinder Singh",
                "qualification": "",
                "total_exp": "21 Years"
            },
            {
                "managing_fund_since": "11-Jul-24",
                "name": "Prashant Pimple",
                "qualification": "",
                "total_exp": "24 Years"
            }
        ],
        "load": {
            "entry_load": "",
            "exit_load": "Nil For detailed load structure please refer Scheme Information Document of the scheme."
        },
        "main_scheme_name": "Baroda BNP Paribas Gilt Fund",
        "metrics": {
            "alpha": null,
            "arithmetic_mean_ratio": null,
            "average_div_yld": null,
            "average_pb": null,
            "average_pe": null,
            "avg_maturity": "10.21",
            "beta": null,
            "correlation_ratio": null,
            "downside_deviation": null,
            "information_ratio": null,
            "macaulay": "6.94",
            "mod_duration": "6.72",
            "port_turnover_ratio": null,
            "r_squared_ratio": null,
            "roe_ratio": null,
            "sharpe": null,
            "sortino_ratio": null,
            "std_dev": null,
            "tracking_error": null,
            "treynor_ratio": null,
            "upside_deviation": null,
            "ytm": "6.84"
        },
        "min_addl_amt": "1,000",
        "min_addl_amt_multiple": "1",
        "min_amt": "5,000",
        "min_amt_multiple": "1",
        "monthly_aaum_date": "31MARCH2025",
        "monthly_aaum_value": "1,797.28",
        "mutual_fund_name": "Baroda BNP Paribas Mutual Fund",
        "page_number": [
            41
        ],
        "scheme_launch_date": "March 21, 2002"
    },
    "Baroda BNP Paribas NIFTY SDL December 2026 Index": {
        "amc_name": "Baroda BNP Paribas Asset Management India Private Limited",
        "benchmark_index": "(Tier 1) NIFTY SDL December 2026 Index",
        "fund_manager": [
            {
                "managing_fund_since": "21-Oct-24",
                "name": "Gurvinder Singh",
                "qualification": "",
                "total_exp": "21 Years"
            },
            {
                "managing_fund_since": "11-Jul-24",
                "name": "Vikram Pamnani",
                "qualification": "",
                "total_exp": "14 Years"
            }
        ],
        "load": {
            "entry_load": "",
            "exit_load": "Nil For detailed load structure please refer Scheme Information Document of the scheme."
        },
        "main_scheme_name": "Baroda BNP Paribas NIFTY SDL December 2026 Index",
        "metrics": {
            "alpha": null,
            "arithmetic_mean_ratio": null,
            "average_div_yld": null,
            "average_pb": null,
            "average_pe": null,
            "avg_maturity": "1.84",
            "beta": null,
            "correlation_ratio": null,
            "downside_deviation": null,
            "information_ratio": null,
            "macaulay": "1.75",
            "mod_duration": "1.69",
            "port_turnover_ratio": null,
            "r_squared_ratio": null,
            "roe_ratio": null,
            "sharpe": null,
            "sortino_ratio": null,
            "std_dev": null,
            "tracking_error": "0.72",
            "tracking_error_direct": "0.72",
            "treynor_ratio": null,
            "upside_deviation": null,
            "ytm": "6.81"
        },
        "min_addl_amt": "1,000",
        "min_addl_amt_multiple": "1",
        "min_amt": "5,000",
        "min_amt_multiple": "1",
        "monthly_aaum_date": "31MARCH2025",
        "monthly_aaum_value": "114.60",
        "mutual_fund_name": "Baroda BNP Paribas Mutual Fund",
        "page_number": [
            42
        ],
        "scheme_launch_date": "January 25, 2023"
    },
    "Baroda BNP Paribas NIFTY SDL December 2028 Index": {
        "amc_name": "Baroda BNP Paribas Asset Management India Private Limited",
        "benchmark_index": "(Tier 1) NIFTY SDL December 2028 Index",
        "fund_manager": [
            {
                "managing_fund_since": "21-Oct-24",
                "name": "Gurvinder Singh",
                "qualification": "",
                "total_exp": "21 Years"
            },
            {
                "managing_fund_since": "11-Jul-24",
                "name": "Vikram Pamnani",
                "qualification": "",
                "total_exp": "14 Years"
            }
        ],
        "load": {
            "entry_load": "",
            "exit_load": "Nil For detailed load structure please refer Scheme Information Document of the scheme."
        },
        "main_scheme_name": "Baroda BNP Paribas NIFTY SDL December 2028 Index",
        "metrics": {
            "alpha": null,
            "arithmetic_mean_ratio": null,
            "average_div_yld": null,
            "average_pb": null,
            "average_pe": null,
            "avg_maturity": "3.80",
            "beta": null,
            "correlation_ratio": null,
            "downside_deviation": null,
            "information_ratio": null,
            "macaulay": "3.32",
            "mod_duration": "3.21",
            "port_turnover_ratio": null,
            "r_squared_ratio": null,
            "roe_ratio": null,
            "sharpe": null,
            "sortino_ratio": null,
            "std_dev": null,
            "tracking_error": "1.17",
            "tracking_error_direct": "1.17",
            "treynor_ratio": null,
            "upside_deviation": null,
            "ytm": "6.91"
        },
        "min_addl_amt": "1,000",
        "min_addl_amt_multiple": "1",
        "min_amt": "5,000",
        "min_amt_multiple": "1",
        "monthly_aaum_date": "31MARCH2025",
        "monthly_aaum_value": "32.52",
        "mutual_fund_name": "Baroda BNP Paribas Mutual Fund",
        "page_number": [
            43
        ],
        "scheme_launch_date": "March 24, 2023"
    },
    "Baroda BNP Paribas Nifty 50 Index": {
        "amc_name": "Baroda BNP Paribas Asset Management India Private Limited",
        "benchmark_index": "(Tier 1) Nifty 50 TRI",
        "fund_manager": [
            {
                "managing_fund_since": "29-Jan-24",
                "name": "Neeraj Saxena",
                "qualification": "",
                "total_exp": "20 Years"
            }
        ],
        "load": {
            "entry_load": "",
            "exit_load": "0.2 - if redeemed on or before 30 days from the date of allotment.  Nil - if redeemed after 30 days from the date of allotment For detailed load structure please refer Scheme Information Document of the scheme."
        },
        "main_scheme_name": "Baroda BNP Paribas Nifty 50 Index",
        "metrics": {
            "alpha": null,
            "arithmetic_mean_ratio": null,
            "average_div_yld": null,
            "average_pb": null,
            "average_pe": null,
            "avg_maturity": null,
            "beta": null,
            "correlation_ratio": null,
            "downside_deviation": null,
            "information_ratio": null,
            "macaulay": null,
            "mod_duration": null,
            "port_turnover_ratio": "1.02",
            "r_squared_ratio": null,
            "roe_ratio": null,
            "sharpe": null,
            "sortino_ratio": null,
            "std_dev": null,
            "tracking_error": "0.18",
            "tracking_error_direct": "0.18",
            "treynor_ratio": null,
            "upside_deviation": null,
            "ytm": null
        },
        "min_addl_amt": "1,000",
        "min_addl_amt_multiple": "1",
        "min_amt": "5,000",
        "min_amt_multiple": "1",
        "monthly_aaum_date": "31MARCH2025",
        "monthly_aaum_value": "62.41",
        "mutual_fund_name": "Baroda BNP Paribas Mutual Fund",
        "page_number": [
            44
        ],
        "scheme_launch_date": "January 29, 2024"
    },
    "Baroda BNP Paribas Gold ETF": {
        "amc_name": "Baroda BNP Paribas Asset Management India Private Limited",
        "benchmark_index": "(Tier 1) Domestic Price of Gold",
        "fund_manager": [
            {
                "managing_fund_since": "21-Oct-24",
                "name": "Gurvinder Singh",
                "qualification": "",
                "total_exp": "21 Years"
            },
            {
                "managing_fund_since": "01-Jan-25",
                "name": "Madhav Vyas",
                "qualification": "",
                "total_exp": "9 Years"
            }
        ],
        "load": {
            "entry_load": "",
            "exit_load": "Nil For detailed load structure please refer Scheme Information Document of the scheme."
        },
        "main_scheme_name": "Baroda BNP Paribas Gold ETF",
        "metrics": {
            "alpha": null,
            "arithmetic_mean_ratio": null,
            "average_div_yld": null,
            "average_pb": null,
            "average_pe": null,
            "avg_maturity": null,
            "beta": null,
            "correlation_ratio": null,
            "downside_deviation": null,
            "information_ratio": null,
            "macaulay": null,
            "mod_duration": null,
            "port_turnover_ratio": null,
            "r_squared_ratio": null,
            "roe_ratio": null,
            "sharpe": null,
            "sortino_ratio": null,
            "std_dev": null,
            "tracking_error": null,
            "treynor_ratio": null,
            "upside_deviation": null,
            "ytm": null
        },
        "min_addl_amt": "",
        "min_addl_amt_multiple": "",
        "min_amt": "",
        "min_amt_multiple": "",
        "monthly_aaum_date": "31MARCH2025",
        "monthly_aaum_value": "76.53",
        "mutual_fund_name": "Baroda BNP Paribas Mutual Fund",
        "page_number": [
            45
        ],
        "scheme_launch_date": "December 13, 2023"
    },
    "Baroda BNP Paribas NIFTY BANK ETF": {
        "amc_name": "Baroda BNP Paribas Asset Management India Private Limited",
        "benchmark_index": "(Tier 1) Nifty Bank TRI",
        "fund_manager": [
            {
                "managing_fund_since": "18-Jun-24",
                "name": "Neeraj Saxena",
                "qualification": "",
                "total_exp": "20 Years"
            }
        ],
        "load": {
            "entry_load": "",
            "exit_load": "Nil For detailed load structure please refer Scheme Information Document of the scheme."
        },
        "main_scheme_name": "Baroda BNP Paribas NIFTY BANK ETF",
        "metrics": {
            "alpha": null,
            "arithmetic_mean_ratio": null,
            "average_div_yld": null,
            "average_pb": null,
            "average_pe": null,
            "avg_maturity": null,
            "beta": null,
            "correlation_ratio": null,
            "downside_deviation": null,
            "information_ratio": null,
            "macaulay": null,
            "mod_duration": null,
            "port_turnover_ratio": "1.77",
            "r_squared_ratio": null,
            "roe_ratio": null,
            "sharpe": null,
            "sortino_ratio": null,
            "std_dev": null,
            "tracking_error": null,
            "treynor_ratio": null,
            "upside_deviation": null,
            "ytm": null
        },
        "min_addl_amt": "",
        "min_addl_amt_multiple": "",
        "min_amt": "",
        "min_amt_multiple": "",
        "monthly_aaum_date": "31MARCH2025",
        "monthly_aaum_value": "7.19",
        "mutual_fund_name": "Baroda BNP Paribas Mutual Fund",
        "page_number": [
            46
        ],
        "scheme_launch_date": "June 18, 2024"
    },
    "Baroda BNP Paribas Nifty200 Momentum 30 Index": {
        "amc_name": "Baroda BNP Paribas Asset Management India Private Limited",
        "benchmark_index": "(Tier 1) Nifty 200 Momentum 30 TRI",
        "fund_manager": [
            {
                "managing_fund_since": "15-Oct-24",
                "name": "Neeraj Saxena",
                "qualification": "",
                "total_exp": "20 Years"
            }
        ],
        "load": {
            "entry_load": "",
            "exit_load": "0.2- If redeemed on or before 7 days from the date of allotment Nil- If redeemed after 7 days from the date of allotment For detailed load structure please refer Scheme Information Document of the scheme."
        },
        "main_scheme_name": "Baroda BNP Paribas Nifty200 Momentum 30 Index",
        "metrics": {
            "alpha": null,
            "arithmetic_mean_ratio": null,
            "average_div_yld": null,
            "average_pb": null,
            "average_pe": null,
            "avg_maturity": null,
            "beta": null,
            "correlation_ratio": null,
            "downside_deviation": null,
            "information_ratio": null,
            "macaulay": null,
            "mod_duration": null,
            "port_turnover_ratio": "1.06",
            "r_squared_ratio": null,
            "roe_ratio": null,
            "sharpe": null,
            "sortino_ratio": null,
            "std_dev": null,
            "tracking_error": "0.31",
            "tracking_error_direct": "0.31",
            "treynor_ratio": null,
            "upside_deviation": null,
            "ytm": null
        },
        "min_addl_amt": "1,000",
        "min_addl_amt_multiple": "1",
        "min_amt": "1,000",
        "min_amt_multiple": "1",
        "monthly_aaum_date": "31MARCH2025",
        "monthly_aaum_value": "25.53",
        "mutual_fund_name": "Baroda BNP Paribas Mutual Fund",
        "page_number": [
            47
        ],
        "scheme_launch_date": "October 15, 2024"
    },
    "Baroda BNP Paribas NIFTY Midcap 150 Index": {
        "amc_name": "Baroda BNP Paribas Asset Management India Private Limited",
        "benchmark_index": "(Tier 1) Nifty Midcap 150 Total Returns Index",
        "fund_manager": [
            {
                "managing_fund_since": "04-Nov-24",
                "name": "Neeraj Saxena",
                "qualification": "",
                "total_exp": "20 Years"
            }
        ],
        "load": {
            "entry_load": "",
            "exit_load": "0.2- If redeemed on or before 7 days from the date of allotment Nil- If redeemed after 7 days from the date of allotment For detailed load structure please refer Scheme Information Document of the scheme."
        },
        "main_scheme_name": "Baroda BNP Paribas NIFTY Midcap 150 Index",
        "metrics": {
            "alpha": null,
            "arithmetic_mean_ratio": null,
            "average_div_yld": null,
            "average_pb": null,
            "average_pe": null,
            "avg_maturity": null,
            "beta": null,
            "correlation_ratio": null,
            "downside_deviation": null,
            "information_ratio": null,
            "macaulay": null,
            "mod_duration": null,
            "port_turnover_ratio": "0.37",
            "r_squared_ratio": null,
            "roe_ratio": null,
            "sharpe": null,
            "sortino_ratio": null,
            "std_dev": null,
            "tracking_error": "0.25",
            "tracking_error_direct": "0.25",
            "treynor_ratio": null,
            "upside_deviation": null,
            "ytm": null
        },
        "min_addl_amt": "1,000",
        "min_addl_amt_multiple": "1",
        "min_amt": "1,000",
        "min_amt_multiple": "1",
        "monthly_aaum_date": "31MARCH2025",
        "monthly_aaum_value": "8.42",
        "mutual_fund_name": "Baroda BNP Paribas Mutual Fund",
        "page_number": [
            48
        ],
        "scheme_launch_date": "November 04, 2024"
    }
}