{
    "Navi Niy 50 Index Fund": {
        "amc_name": "Navi AMC Limited",
        "benchmark_index": "niy 50 TRI",
        "fund_manager": [
            {
                "managing_fund_since": "18Th March, 2022",
                "name": "Aditya Mulki",
                "qualification": "",
                "total_exp": ""
            },
            {
                "managing_fund_since": "01St August, 2023",
                "name": "Ashutosh Shirwaikaras",
                "qualification": "",
                "total_exp": ""
            }
        ],
        "load": {
            "entry_load": "",
            "exit_load": "NIL"
        },
        "main_scheme_name": "Navi Niy 50 Index Fund",
        "metrics": {
            "alpha": null,
            "arithmetic_mean_ratio": null,
            "average_div_yld": null,
            "average_pb": null,
            "average_pe": null,
            "avg_maturity": null,
            "beta": null,
            "correlation_ratio": null,
            "downside_deviation": null,
            "information_ratio": null,
            "macaulay": null,
            "mod_duration": null,
            "port_turnover_ratio": "0.20",
            "r_squared_ratio": null,
            "roe_ratio": null,
            "sharpe": null,
            "sortino_ratio": null,
            "std_dev": null,
            "tracking_error": "0.04",
            "treynor_ratio": null,
            "upside_deviation": null,
            "ytm": null
        },
        "min_addl_amt": null,
        "min_addl_amt_multiple": null,
        "min_amt": "10",
        "min_amt_multiple": "1",
        "monthly_aaum_date": "28FEBRUARY2025",
        "monthly_aaum_value": "2614.17",
        "mutual_fund_name": "Navi Mutual Fund",
        "page_number": [
            2
        ],
        "scheme_launch_date": "15 July, 2021"
    },
    "Navi US Total Stock Market Fund": {
        "amc_name": "Navi AMC Limited",
        "benchmark_index": "crsp US Total Market TRI",
        "fund_manager": [
            {
                "managing_fund_since": "18Th March, 2022",
                "name": "Aditya Mulki",
                "qualification": "",
                "total_exp": ""
            }
        ],
        "load": {
            "entry_load": "",
            "exit_load": "NIL"
        },
        "main_scheme_name": "Navi US Total Stock Market Fund",
        "metrics": {
            "alpha": null,
            "arithmetic_mean_ratio": null,
            "average_div_yld": null,
            "average_pb": null,
            "average_pe": null,
            "avg_maturity": null,
            "beta": null,
            "correlation_ratio": null,
            "downside_deviation": null,
            "information_ratio": null,
            "macaulay": null,
            "mod_duration": null,
            "port_turnover_ratio": null,
            "r_squared_ratio": null,
            "roe_ratio": null,
            "sharpe": null,
            "sortino_ratio": null,
            "std_dev": null,
            "tracking_error": null,
            "treynor_ratio": null,
            "upside_deviation": null,
            "ytm": null
        },
        "min_addl_amt": null,
        "min_addl_amt_multiple": null,
        "min_amt": "10",
        "min_amt_multiple": "1",
        "monthly_aaum_date": "28FEBRUARY2025",
        "monthly_aaum_value": "970.08",
        "mutual_fund_name": "Navi Mutual Fund",
        "page_number": [
            4
        ],
        "scheme_launch_date": "24th February, 2022"
    },
    "Navi NASDAQ 100  Fund": {
        "amc_name": "Navi AMC Limited",
        "benchmark_index": "nasdaq 100 TRI",
        "fund_manager": [
            {
                "managing_fund_since": "23Rd March, 2022",
                "name": "Aditya Mulki",
                "qualification": "",
                "total_exp": ""
            }
        ],
        "load": {
            "entry_load": "",
            "exit_load": "NIL"
        },
        "main_scheme_name": "Navi NASDAQ 100  Fund",
        "metrics": {
            "alpha": null,
            "arithmetic_mean_ratio": null,
            "average_div_yld": null,
            "average_pb": null,
            "average_pe": null,
            "avg_maturity": null,
            "beta": null,
            "correlation_ratio": null,
            "downside_deviation": null,
            "information_ratio": null,
            "macaulay": null,
            "mod_duration": null,
            "port_turnover_ratio": null,
            "r_squared_ratio": null,
            "roe_ratio": null,
            "sharpe": null,
            "sortino_ratio": null,
            "std_dev": null,
            "tracking_error": null,
            "treynor_ratio": null,
            "upside_deviation": null,
            "ytm": null
        },
        "min_addl_amt": null,
        "min_addl_amt_multiple": null,
        "min_amt": "10",
        "min_amt_multiple": "1",
        "monthly_aaum_date": "28FEBRUARY2025",
        "monthly_aaum_value": "1051.90",
        "mutual_fund_name": "Navi Mutual Fund",
        "page_number": [
            5
        ],
        "scheme_launch_date": "23rd March, 2022"
    },
    "Navi Niy Next 50  Index Fund": {
        "amc_name": "Navi AMC Limited",
        "benchmark_index": "niy Next 50 TRI",
        "fund_manager": [
            {
                "managing_fund_since": "18Th March, 2022",
                "name": "Aditya Mulki",
                "qualification": "",
                "total_exp": ""
            },
            {
                "managing_fund_since": "01St August, 2023",
                "name": "Ashutosh Shirwaikaras",
                "qualification": "",
                "total_exp": ""
            }
        ],
        "load": {
            "entry_load": "",
            "exit_load": "NIL"
        },
        "main_scheme_name": "Navi Niy Next 50  Index Fund",
        "metrics": {
            "alpha": null,
            "arithmetic_mean_ratio": null,
            "average_div_yld": null,
            "average_pb": null,
            "average_pe": null,
            "avg_maturity": null,
            "beta": null,
            "correlation_ratio": null,
            "downside_deviation": null,
            "information_ratio": null,
            "macaulay": null,
            "mod_duration": null,
            "port_turnover_ratio": "0.75",
            "r_squared_ratio": null,
            "roe_ratio": null,
            "sharpe": null,
            "sortino_ratio": null,
            "std_dev": null,
            "tracking_error": "0.43",
            "treynor_ratio": null,
            "upside_deviation": null,
            "ytm": null
        },
        "min_addl_amt": null,
        "min_addl_amt_multiple": null,
        "min_amt": "100",
        "min_amt_multiple": "1",
        "monthly_aaum_date": "28FEBRUARY2025",
        "monthly_aaum_value": "700.14",
        "mutual_fund_name": "Navi Mutual Fund",
        "page_number": [
            6
        ],
        "scheme_launch_date": "20th January, 2022"
    },
    "Navi Niy Bank  Index Fund": {
        "amc_name": "Navi AMC Limited",
        "benchmark_index": "niy Bank TRI",
        "fund_manager": [
            {
                "managing_fund_since": "18Th March, 2022",
                "name": "Aditya Mulki",
                "qualification": "",
                "total_exp": ""
            },
            {
                "managing_fund_since": "01St August, 2023",
                "name": "Ashutosh Shirwaikaras",
                "qualification": "",
                "total_exp": ""
            }
        ],
        "load": {
            "entry_load": "",
            "exit_load": "NIL"
        },
        "main_scheme_name": "Navi Niy Bank  Index Fund",
        "metrics": {
            "alpha": null,
            "arithmetic_mean_ratio": null,
            "average_div_yld": null,
            "average_pb": null,
            "average_pe": null,
            "avg_maturity": null,
            "beta": null,
            "correlation_ratio": null,
            "downside_deviation": null,
            "information_ratio": null,
            "macaulay": null,
            "mod_duration": null,
            "port_turnover_ratio": "0.52",
            "r_squared_ratio": null,
            "roe_ratio": null,
            "sharpe": null,
            "sortino_ratio": null,
            "std_dev": null,
            "tracking_error": "0.07",
            "treynor_ratio": null,
            "upside_deviation": null,
            "ytm": null
        },
        "min_addl_amt": null,
        "min_addl_amt_multiple": null,
        "min_amt": "10",
        "min_amt_multiple": "1",
        "monthly_aaum_date": "28FEBRUARY2025",
        "monthly_aaum_value": "511.84",
        "mutual_fund_name": "Navi Mutual Fund",
        "page_number": [
            8
        ],
        "scheme_launch_date": "04th February, 2022"
    },
    "Navi Niy Midcap 150  Index Fund": {
        "amc_name": "Navi AMC Limited",
        "benchmark_index": "niy Midcap 150 TRI",
        "fund_manager": [
            {
                "managing_fund_since": "18Th March, 2022",
                "name": "Aditya Mulki",
                "qualification": "",
                "total_exp": ""
            },
            {
                "managing_fund_since": "01St August, 2023",
                "name": "Ashutosh Shirwaikaras",
                "qualification": "",
                "total_exp": ""
            }
        ],
        "load": {
            "entry_load": "",
            "exit_load": "NIL"
        },
        "main_scheme_name": "Navi Niy Midcap 150  Index Fund",
        "metrics": {
            "alpha": null,
            "arithmetic_mean_ratio": null,
            "average_div_yld": null,
            "average_pb": null,
            "average_pe": null,
            "avg_maturity": null,
            "beta": null,
            "correlation_ratio": null,
            "downside_deviation": null,
            "information_ratio": null,
            "macaulay": null,
            "mod_duration": null,
            "port_turnover_ratio": "0.42",
            "r_squared_ratio": null,
            "roe_ratio": null,
            "sharpe": null,
            "sortino_ratio": null,
            "std_dev": null,
            "tracking_error": "0.24",
            "treynor_ratio": null,
            "upside_deviation": null,
            "ytm": null
        },
        "min_addl_amt": null,
        "min_addl_amt_multiple": null,
        "min_amt": "10",
        "min_amt_multiple": "1",
        "monthly_aaum_date": "28FEBRUARY2025",
        "monthly_aaum_value": "224.32",
        "mutual_fund_name": "Navi Mutual Fund",
        "page_number": [
            10
        ],
        "scheme_launch_date": "11th March, 2022"
    },
    "Navi Niy India  Manufacturing Index Fund": {
        "amc_name": "Navi AMC Limited",
        "benchmark_index": "niy India Manufacturing TRI",
        "fund_manager": [
            {
                "managing_fund_since": "29Th August, 2022",
                "name": "Aditya Mulki",
                "qualification": "",
                "total_exp": ""
            },
            {
                "managing_fund_since": "01St August, 2023",
                "name": "Ashutosh Shirwaikaras",
                "qualification": "",
                "total_exp": ""
            }
        ],
        "load": {
            "entry_load": "",
            "exit_load": "NIL"
        },
        "main_scheme_name": "Navi Niy India  Manufacturing Index Fund",
        "metrics": {
            "alpha": null,
            "arithmetic_mean_ratio": null,
            "average_div_yld": null,
            "average_pb": null,
            "average_pe": null,
            "avg_maturity": null,
            "beta": null,
            "correlation_ratio": null,
            "downside_deviation": null,
            "information_ratio": null,
            "macaulay": null,
            "mod_duration": null,
            "port_turnover_ratio": "0.49",
            "r_squared_ratio": null,
            "roe_ratio": null,
            "sharpe": null,
            "sortino_ratio": null,
            "std_dev": null,
            "tracking_error": "0.24",
            "treynor_ratio": null,
            "upside_deviation": null,
            "ytm": null
        },
        "min_addl_amt": null,
        "min_addl_amt_multiple": null,
        "min_amt": "10",
        "min_amt_multiple": "1",
        "monthly_aaum_date": "28FEBRUARY2025",
        "monthly_aaum_value": "51.41",
        "mutual_fund_name": "Navi Mutual Fund",
        "page_number": [
            13
        ],
        "scheme_launch_date": "29th August, 2022"
    },
    "Navi ELSS Tax Saver  Niy 50 Index Fund": {
        "amc_name": "Navi AMC Limited",
        "benchmark_index": "niy 50 TRI",
        "fund_manager": [
            {
                "managing_fund_since": "20Th March, 2023",
                "name": "Aditya Mulki",
                "qualification": "",
                "total_exp": ""
            },
            {
                "managing_fund_since": "01St August, 2023",
                "name": "Ashutosh Shirwaikaras",
                "qualification": "",
                "total_exp": ""
            }
        ],
        "load": {
            "entry_load": "",
            "exit_load": "NIL"
        },
        "main_scheme_name": "Navi ELSS Tax Saver  Niy 50 Index Fund",
        "metrics": {
            "alpha": null,
            "arithmetic_mean_ratio": null,
            "average_div_yld": null,
            "average_pb": null,
            "average_pe": null,
            "avg_maturity": null,
            "beta": null,
            "correlation_ratio": null,
            "downside_deviation": null,
            "information_ratio": null,
            "macaulay": null,
            "mod_duration": null,
            "port_turnover_ratio": "0.06",
            "r_squared_ratio": null,
            "roe_ratio": null,
            "sharpe": null,
            "sortino_ratio": null,
            "std_dev": null,
            "tracking_error": "0.",
            "treynor_ratio": null,
            "upside_deviation": null,
            "ytm": null
        },
        "min_addl_amt": null,
        "min_addl_amt_multiple": null,
        "min_amt": "500",
        "min_amt_multiple": "500",
        "monthly_aaum_date": "28FEBRUARY2025",
        "monthly_aaum_value": "77.03",
        "mutual_fund_name": "Navi Mutual Fund",
        "page_number": [
            16
        ],
        "scheme_launch_date": "20th March, 2023"
    },
    "Navi BSE Sensex  Index Fund": {
        "amc_name": "Navi AMC Limited",
        "benchmark_index": "bse SENSEX TRI",
        "fund_manager": [
            {
                "managing_fund_since": "04Th September, 2023",
                "name": "Aditya Mulki",
                "qualification": "",
                "total_exp": ""
            },
            {
                "managing_fund_since": "04Th September, 2023",
                "name": "Ashutosh Shirwaikaras",
                "qualification": "",
                "total_exp": ""
            }
        ],
        "load": {
            "entry_load": "",
            "exit_load": "NIL"
        },
        "main_scheme_name": "Navi BSE Sensex  Index Fund",
        "metrics": {
            "alpha": null,
            "arithmetic_mean_ratio": null,
            "average_div_yld": null,
            "average_pb": null,
            "average_pe": null,
            "avg_maturity": null,
            "beta": null,
            "correlation_ratio": null,
            "downside_deviation": null,
            "information_ratio": null,
            "macaulay": null,
            "mod_duration": null,
            "port_turnover_ratio": "0.35",
            "r_squared_ratio": null,
            "roe_ratio": null,
            "sharpe": null,
            "sortino_ratio": null,
            "std_dev": null,
            "tracking_error": "0.12",
            "treynor_ratio": null,
            "upside_deviation": null,
            "ytm": null
        },
        "min_addl_amt": null,
        "min_addl_amt_multiple": null,
        "min_amt": "10",
        "min_amt_multiple": "1",
        "monthly_aaum_date": "28FEBRUARY2025",
        "monthly_aaum_value": "14.70",
        "mutual_fund_name": "Navi Mutual Fund",
        "page_number": [
            18
        ],
        "scheme_launch_date": "04th September, 2023"
    },
    "Navi Niy IT Index Fund": {
        "amc_name": "Navi AMC Limited",
        "benchmark_index": "niy IT TRI",
        "fund_manager": [
            {
                "managing_fund_since": "11Th March, 2024",
                "name": "Aditya Mulki",
                "qualification": "",
                "total_exp": ""
            },
            {
                "managing_fund_since": "11Th March, 2024",
                "name": "Ashutosh Shirwaikaras",
                "qualification": "",
                "total_exp": ""
            }
        ],
        "load": {
            "entry_load": "",
            "exit_load": "NIL"
        },
        "main_scheme_name": "Navi Niy IT Index Fund",
        "metrics": {
            "alpha": null,
            "arithmetic_mean_ratio": null,
            "average_div_yld": null,
            "average_pb": null,
            "average_pe": null,
            "avg_maturity": null,
            "beta": null,
            "correlation_ratio": null,
            "downside_deviation": null,
            "information_ratio": null,
            "macaulay": null,
            "mod_duration": null,
            "port_turnover_ratio": "0.76",
            "r_squared_ratio": null,
            "roe_ratio": null,
            "sharpe": null,
            "sortino_ratio": null,
            "std_dev": null,
            "tracking_error": "0.11",
            "treynor_ratio": null,
            "upside_deviation": null,
            "ytm": null
        },
        "min_addl_amt": null,
        "min_addl_amt_multiple": null,
        "min_amt": "10",
        "min_amt_multiple": "1",
        "monthly_aaum_date": "28FEBRUARY2025",
        "monthly_aaum_value": "15.08",
        "mutual_fund_name": "Navi Mutual Fund",
        "page_number": [
            20
        ],
        "scheme_launch_date": "11th March, 2024"
    },
    "Navi Niy 500 Multicap 5025 Index Fund": {
        "amc_name": "Navi AMC Limited",
        "benchmark_index": "niy 500 Multicap 502525 TRI",
        "fund_manager": [
            {
                "managing_fund_since": "1St August 2024",
                "name": "Aditya Mulki",
                "qualification": "",
                "total_exp": ""
            },
            {
                "managing_fund_since": "1St August 2024",
                "name": "Ashutosh Shirwaikaras",
                "qualification": "",
                "total_exp": ""
            }
        ],
        "load": {
            "entry_load": "",
            "exit_load": "NIL"
        },
        "main_scheme_name": "Navi Niy 500 Multicap 5025 Index Fund",
        "metrics": {
            "alpha": null,
            "arithmetic_mean_ratio": null,
            "average_div_yld": null,
            "average_pb": null,
            "average_pe": null,
            "avg_maturity": null,
            "beta": null,
            "correlation_ratio": null,
            "downside_deviation": null,
            "information_ratio": null,
            "macaulay": null,
            "mod_duration": null,
            "port_turnover_ratio": "0.25",
            "r_squared_ratio": null,
            "roe_ratio": null,
            "sharpe": null,
            "sortino_ratio": null,
            "std_dev": null,
            "tracking_error": "0.24",
            "treynor_ratio": null,
            "upside_deviation": null,
            "ytm": null
        },
        "min_addl_amt": null,
        "min_addl_amt_multiple": null,
        "min_amt": "10",
        "min_amt_multiple": "1",
        "monthly_aaum_date": "28FEBRUARY2025",
        "monthly_aaum_value": "20.44",
        "mutual_fund_name": "Navi Mutual Fund",
        "page_number": [
            22
        ],
        "scheme_launch_date": "1st August 2024"
    }
}