{
    "QUANTUM SMALL CAP FUND": {
        "amc_name": "Quantum Asset Management Company Private Limited",
        "benchmark_index": "BSE 250 Small Cap TRI",
        "fund_manager": [
            {
                "managing_fund_since": "November 03, 2023",
                "name": "Fund Manager",
                "qualification": "",
                "total_exp": "22 Years"
            },
            {
                "managing_fund_since": "November 03, 2023",
                "name": "Associate Fund Manager",
                "qualification": "",
                "total_exp": "18 Years"
            }
        ],
        "load": {
            "entry_load": "Not Applicable",
            "exit_load": "NIL If 10 of units If redeemed or switched out on or before 365 days from the date of allotment.  1 If Remaining 90 of units if redeemed or switched out on or before 365 days from the date of allotment.  NIL If redeemed or switched out after 365 days from the date of allotment. Note Redemptions  Switch outs of units will be done on First In First Out (FIFO) basis. The above-mentioned load structure shall be equally applicable to the special facilities such as Systematic Withdrawal Plan (SWP)  Systematic Transfer Plan (STP) and Switches etc. However, no load shall be charged for switching between option  plan within the Scheme."
        },
        "main_scheme_name": "QUANTUM SMALL CAP FUND",
        "metrics": {
            "alpha": null,
            "arithmetic_mean_ratio": null,
            "average_div_yld": null,
            "average_pb": null,
            "average_pe": null,
            "avg_maturity": null,
            "beta": null,
            "correlation_ratio": null,
            "downside_deviation": null,
            "information_ratio": null,
            "macaulay": null,
            "mod_duration": null,
            "port_turnover_ratio": "11.86",
            "r_squared_ratio": null,
            "roe_ratio": null,
            "sharpe": null,
            "sortino_ratio": null,
            "std_dev": null,
            "tracking_error": null,
            "treynor_ratio": null,
            "upside_deviation": null,
            "ytm": null
        },
        "min_addl_amt": "500",
        "min_addl_amt_multiple": "1",
        "min_amt": "500",
        "min_amt_multiple": "1",
        "monthly_aaum_date": "28FEBRUARY2025",
        "monthly_aaum_value": "101.96",
        "mutual_fund_name": "Quantum Mutual Fund",
        "page_number": [
            7,
            8
        ],
        "scheme_launch_date": "November 03, 2023"
    },
    "QUANTUM LONG TERM EQUITY VALUE FUND": {
        "amc_name": "Quantum Asset Management Company Private Limited",
        "benchmark_index": "Tier I Benchmark - BSE 500 TRI Tier II Benchmark - BSE 200 TRI",
        "fund_manager": [
            {
                "managing_fund_since": "April 01, 2022",
                "name": "Fund Manager",
                "qualification": "",
                "total_exp": "11 Years"
            },
            {
                "managing_fund_since": "November 23, 2022",
                "name": "Fund Manager",
                "qualification": "",
                "total_exp": "10 Years"
            }
        ],
        "load": {
            "entry_load": "Not Applicable",
            "exit_load": "NIL If 10 of units if redeemed or switched out during exit load period i.e. 730 days from the allotment Exit Load Period  730 days from the date of allotment \t Remaining 90 of units in parts or full i.\t2 If redeemed or switched out on or before 365 days from the date of allotment ii.\t1 If redeemed or switched out after 365 days but on or before 730 days from the date of allotment \t NIL If units redeemed or switched out after 730 days from the date of allotment Note Redemptions  Switch outs of units will be done on First In First Out (FIFO) basis. The above mentioned Exit Load shall be equally applicable to the special products such as Systematic Withdrawal Plan (SWP)Systematic Transfer Plan (STP) and Switches etc. However, no load shall be charged for switching in between option  plan within the scheme."
        },
        "main_scheme_name": "QUANTUM LONG TERM EQUITY VALUE FUND",
        "metrics": {
            "alpha": null,
            "arithmetic_mean_ratio": null,
            "average_div_yld": null,
            "average_pb": null,
            "average_pe": null,
            "avg_maturity": null,
            "beta": "0.83",
            "correlation_ratio": null,
            "downside_deviation": null,
            "information_ratio": null,
            "macaulay": null,
            "mod_duration": null,
            "port_turnover_ratio": "11.47",
            "r_squared_ratio": null,
            "roe_ratio": null,
            "sharpe": "0.86",
            "sortino_ratio": null,
            "std_dev": "12.28",
            "tracking_error": null,
            "treynor_ratio": null,
            "upside_deviation": null,
            "ytm": null
        },
        "min_addl_amt": null,
        "min_addl_amt_multiple": null,
        "min_amt": null,
        "min_amt_multiple": null,
        "monthly_aaum_date": "28FEBRUARY2025",
        "monthly_aaum_value": "1,145.84",
        "mutual_fund_name": "Quantum Mutual Fund",
        "page_number": [
            9,
            10,
            11
        ],
        "scheme_launch_date": "March 13, 2006"
    },
    "QUANTUM ETHICAL FUND": {
        "amc_name": "Quantum Asset Management Company Private Limited",
        "benchmark_index": "Tier I Benchmark  NIFTY 500 Shariah TRI",
        "fund_manager": [
            {
                "managing_fund_since": "December 20, 2024",
                "name": "Chirag Mehta",
                "qualification": "",
                "total_exp": "18 Years"
            }
        ],
        "load": {
            "entry_load": "Not Applicable",
            "exit_load": "NIL 10 of units If redeemed or switched out on or before 365 days from the date of allotment. \t 1 Remaining 90 of units if redeemed or switched out on or before 365 days from the date of allotment. \t Nil If redeemed or switched out after 365 days from the date of allotment Note Redemptions  Switch outs of units will be done on First In First Out (FIFO) basis. The above mentioned Exit Load shall be equally applicable to the special products such as Systematic Withdrawal Plan (SWP)Systematic Transfer Plan (STP) and Switches etc. However, no load shall be charged for switching in between option  plan within the scheme."
        },
        "main_scheme_name": "QUANTUM ETHICAL FUND",
        "metrics": {
            "alpha": null,
            "arithmetic_mean_ratio": null,
            "average_div_yld": null,
            "average_pb": null,
            "average_pe": null,
            "avg_maturity": null,
            "beta": null,
            "correlation_ratio": null,
            "downside_deviation": null,
            "information_ratio": null,
            "macaulay": null,
            "mod_duration": null,
            "port_turnover_ratio": "NA",
            "r_squared_ratio": null,
            "roe_ratio": null,
            "sharpe": null,
            "sortino_ratio": null,
            "std_dev": null,
            "tracking_error": null,
            "treynor_ratio": null,
            "upside_deviation": null,
            "ytm": null
        },
        "min_addl_amt": "500",
        "min_addl_amt_multiple": "1",
        "min_amt": "500",
        "min_amt_multiple": "1",
        "monthly_aaum_date": "28FEBRUARY2025",
        "monthly_aaum_value": "43.25",
        "mutual_fund_name": "Quantum Mutual Fund",
        "page_number": [
            12,
            13
        ],
        "scheme_launch_date": "December 20, 2024"
    },
    "QUANTUM ELSS": {
        "amc_name": "Quantum Asset Management Company Private Limited",
        "benchmark_index": "Tier I Benchmark - BSE 500 TRI Tier II Benchmark - BSE 200 TRI",
        "fund_manager": [
            {
                "managing_fund_since": "April 1, 2022",
                "name": "Fund Manager",
                "qualification": "",
                "total_exp": "11 Years"
            },
            {
                "managing_fund_since": "November 23, 2022",
                "name": "Fund Manager",
                "qualification": "",
                "total_exp": "10 Years"
            },
            {
                "managing_fund_since": "February 01, 2025",
                "name": "Associate Fund Manager",
                "qualification": "",
                "total_exp": "13 Years"
            }
        ],
        "load": {
            "entry_load": "Not Applicable",
            "exit_load": "NIL Lock-in Period 3 years from the date of allotment of the respective Units."
        },
        "main_scheme_name": "QUANTUM ELSS",
        "metrics": {
            "alpha": null,
            "arithmetic_mean_ratio": null,
            "average_div_yld": null,
            "average_pb": null,
            "average_pe": null,
            "avg_maturity": null,
            "beta": "0.82",
            "correlation_ratio": null,
            "downside_deviation": null,
            "information_ratio": null,
            "macaulay": null,
            "mod_duration": null,
            "port_turnover_ratio": "17.05",
            "r_squared_ratio": null,
            "roe_ratio": null,
            "sharpe": "0.88",
            "sortino_ratio": null,
            "std_dev": "12.12",
            "tracking_error": null,
            "treynor_ratio": null,
            "upside_deviation": null,
            "ytm": null
        },
        "min_addl_amt": "500",
        "min_addl_amt_multiple": "500",
        "min_amt": "500",
        "min_amt_multiple": "500",
        "monthly_aaum_date": "28FEBRUARY2025",
        "monthly_aaum_value": "210.34",
        "mutual_fund_name": "Quantum Mutual Fund",
        "page_number": [
            14,
            15
        ],
        "scheme_launch_date": "December 23, 2008"
    },
    "QUANTUM MULTI ASSET ALLOCATION FUND": {
        "amc_name": "Quantum Asset Management Company Private Limited",
        "benchmark_index": "NIFTY 50 TRI (40)  CRISIL Short Duration Debt A-II Index (45)  Domestic Price of Gold (15)",
        "fund_manager": [
            {
                "managing_fund_since": "March 07, 2024",
                "name": "Fund Manager",
                "qualification": "",
                "total_exp": "22 Years"
            },
            {
                "managing_fund_since": "March 07, 2024",
                "name": "Fund Manager",
                "qualification": "",
                "total_exp": "14 Years"
            }
        ],
        "load": {
            "entry_load": "Not Applicable",
            "exit_load": "1.00 If redeemed or switch out on or before 90 days from the date of allotment of units. \t NIL If redeemed or switch out after 90 days from the date of allotment of units. Note Redemptions  Switch outs of units will be done on First In First Out (FIFO) basis. The above-mentioned load structure shall be equally applicable to the special facilities such as Systematic Withdrawal Plan (SWP)  Systematic Transfer Plan (STP) and Switches etc. However, no load shall be charged for switching between option  plan within the Scheme."
        },
        "main_scheme_name": "QUANTUM MULTI ASSET ALLOCATION FUND",
        "metrics": {
            "alpha": null,
            "arithmetic_mean_ratio": null,
            "average_div_yld": null,
            "average_pb": null,
            "average_pe": null,
            "avg_maturity": null,
            "beta": null,
            "correlation_ratio": null,
            "downside_deviation": null,
            "information_ratio": null,
            "macaulay": null,
            "mod_duration": null,
            "port_turnover_ratio": "NA",
            "r_squared_ratio": null,
            "roe_ratio": null,
            "sharpe": null,
            "sortino_ratio": null,
            "std_dev": null,
            "tracking_error": null,
            "treynor_ratio": null,
            "upside_deviation": null,
            "ytm": null
        },
        "min_addl_amt": "500",
        "min_addl_amt_multiple": "1",
        "min_amt": "500",
        "min_amt_multiple": "1",
        "monthly_aaum_date": "28FEBRUARY2025",
        "monthly_aaum_value": "30.61",
        "mutual_fund_name": "Quantum Mutual Fund",
        "page_number": [
            16,
            17
        ],
        "scheme_launch_date": "March 07, 2024"
    },
    "QUANTUM EQUITY FUND": {
        "amc_name": "Quantum Asset Management Company Private Limited",
        "benchmark_index": "Tier I Benchmark - BSE 200 - Total Return Index",
        "fund_manager": [
            {
                "managing_fund_since": "November 1, 2013",
                "name": "Chirag Mehta",
                "qualification": "",
                "total_exp": "22 Years"
            }
        ],
        "load": {
            "entry_load": "Not Applicable",
            "exit_load": "NIL If 10 of units if redeemed or switched out on or before 365 days from the date of allotment \t 1 If Remaining 90 of units if redeemed or switched out on or before 365 days from the date allotment \t NIL If redeemed or switched out of units after 365 days from the date of allotment. Note Redemptions  Switch outs of units will be done on First In First Out (FIFO) basis. The above mentioned Exit Load shall be equally applicable to the special products such as Systematic Withdrawal Plan (SWP)  Systematic Transfer Plan (STP) and Switches etc. However, no load shall be charged for switching in between option  plan within the scheme."
        },
        "main_scheme_name": "QUANTUM EQUITY FUND",
        "metrics": {
            "alpha": null,
            "arithmetic_mean_ratio": null,
            "average_div_yld": null,
            "average_pb": null,
            "average_pe": null,
            "avg_maturity": null,
            "beta": "0.88",
            "correlation_ratio": null,
            "downside_deviation": null,
            "information_ratio": null,
            "macaulay": null,
            "mod_duration": null,
            "port_turnover_ratio": null,
            "r_squared_ratio": null,
            "roe_ratio": null,
            "sharpe": "0.53",
            "sortino_ratio": null,
            "std_dev": "12.60",
            "tracking_error": null,
            "treynor_ratio": null,
            "upside_deviation": null,
            "ytm": null
        },
        "min_addl_amt": "500",
        "min_addl_amt_multiple": "1",
        "min_amt": "500",
        "min_amt_multiple": "1",
        "monthly_aaum_date": "28FEBRUARY2025",
        "monthly_aaum_value": "122.81",
        "mutual_fund_name": "Quantum Mutual Fund",
        "page_number": [
            18,
            19
        ],
        "scheme_launch_date": "July 20, 2009"
    },
    "QUANTUM ESG BEST IN CLASS STRATEGY FUND": {
        "amc_name": "Quantum Asset Management Company Private Limited",
        "benchmark_index": "Tier I Benchmark - Nifty 100 ESG Total Return Index",
        "fund_manager": [
            {
                "managing_fund_since": "July 12, 2019",
                "name": "Fund Manager",
                "qualification": "",
                "total_exp": "22 Years"
            }
        ],
        "load": {
            "entry_load": "Not Applicable",
            "exit_load": "NIL If 10 of units If redeemed or switched out on or before 365 days from the date of allotment \t 1 If Remaining 90 of units if redeemed or switched out on or before 365 days from the date of allotment \t NIL If redeemed or switched out after 365 days from the date of allotment Note Redemptions  Switch outs of units will be done on First In First Out (FIFO) basis. The above mentioned load structure shall be equally applicable to the special facilities such as Systematic Wit drawal Plan (SWP)  Systematic Transfer Plan (STP) and Switches etc. However, no load shall be charged for switching between option  plan within the Scheme."
        },
        "main_scheme_name": "QUANTUM ESG BEST IN CLASS STRATEGY FUND",
        "metrics": {
            "alpha": null,
            "arithmetic_mean_ratio": null,
            "average_div_yld": null,
            "average_pb": null,
            "average_pe": null,
            "avg_maturity": null,
            "beta": "0.86",
            "correlation_ratio": null,
            "downside_deviation": null,
            "information_ratio": null,
            "macaulay": null,
            "mod_duration": null,
            "port_turnover_ratio": "21.34",
            "r_squared_ratio": null,
            "roe_ratio": null,
            "sharpe": "0.47",
            "sortino_ratio": null,
            "std_dev": "12.88",
            "tracking_error": null,
            "treynor_ratio": null,
            "upside_deviation": null,
            "ytm": null
        },
        "min_addl_amt": "500",
        "min_addl_amt_multiple": "1",
        "min_amt": "500",
        "min_amt_multiple": "1",
        "monthly_aaum_date": "28FEBRUARY2025",
        "monthly_aaum_value": "88.91",
        "mutual_fund_name": "Quantum Mutual Fund",
        "page_number": [
            20,
            21
        ],
        "scheme_launch_date": "July 12, 2019"
    },
    "QUANTUM LIQUID FUND": {
        "amc_name": "Quantum Asset Management Company Private Limited",
        "benchmark_index": "Tier I Benchmark - CRISIL Liquid Debt A-I Index Tier-I Benchmark of the scheme has been changed from CRISIL Liquid Fund AI Index to CRISIL Liquid Debt A-I Index w.e.f. April 03, 2023",
        "fund_manager": [
            {
                "managing_fund_since": "March 01, 2017",
                "name": "Pankaj Pathak",
                "qualification": "",
                "total_exp": "14 Years"
            }
        ],
        "load": {
            "entry_load": "Not Applicable",
            "exit_load": "Investor Exit Upon Subscription  of Exit Load Day 1 0.0070 Day 2 0.0065 Day 3 0.0060 Day 4 0.0055 Day 5 0.0050 Day 6 0.0045 Day 7 Onwards NIL Note Redemption  Switched Outs will be done on First in First out (FIFO) basis. The above mentioned Exit Load shall be equally applicable to Systematic Withdrawal Plan (SWP), Systematic Transfer Plan (STP) and Switches in- cluding existing installment of existing SIPs STPs  SWPs falling due after the effective date. However, no exit load will be charged for switching between option  plan within the scheme."
        },
        "main_scheme_name": "QUANTUM LIQUID FUND",
        "metrics": {
            "alpha": null,
            "arithmetic_mean_ratio": null,
            "average_div_yld": null,
            "average_pb": null,
            "average_pe": null,
            "avg_maturity": "33 days",
            "beta": null,
            "correlation_ratio": null,
            "downside_deviation": null,
            "information_ratio": null,
            "macaulay": "33 days",
            "mod_duration": "31 days",
            "port_turnover_ratio": null,
            "r_squared_ratio": null,
            "roe_ratio": null,
            "sharpe": null,
            "sortino_ratio": null,
            "std_dev": null,
            "tracking_error": null,
            "treynor_ratio": null,
            "upside_deviation": null,
            "ytm": "6.84"
        },
        "min_addl_amt": "500",
        "min_addl_amt_multiple": "1",
        "min_amt": null,
        "min_amt_multiple": null,
        "monthly_aaum_date": "28FEBRUARY2025",
        "monthly_aaum_value": "534.83",
        "mutual_fund_name": "Quantum Mutual Fund",
        "page_number": [
            22,
            23
        ],
        "scheme_launch_date": "07 April, 2006"
    },
    "QUANTUM DYNAMIC BOND FUND": {
        "amc_name": "Quantum Asset Management Company Private Limited",
        "benchmark_index": "Tier I Benchmark - CRISIL Dynamic Bond A-III Index Tier-I Benchmark of the scheme has been changed from CRISIL Dynamic Bond Fund AIII Index to CRISIL Dynamic Bond A-III Index w.e.f. April 03, 2023",
        "fund_manager": [
            {
                "managing_fund_since": "March 01, 2017",
                "name": "Pankaj Pathak",
                "qualification": "",
                "total_exp": "14 Years"
            }
        ],
        "load": {
            "entry_load": "Not Applicable",
            "exit_load": "NIL"
        },
        "main_scheme_name": "QUANTUM DYNAMIC BOND FUND",
        "metrics": {
            "alpha": null,
            "arithmetic_mean_ratio": null,
            "average_div_yld": null,
            "average_pb": null,
            "average_pe": null,
            "avg_maturity": null,
            "beta": null,
            "correlation_ratio": null,
            "downside_deviation": null,
            "information_ratio": null,
            "macaulay": "10.1 years",
            "mod_duration": "9.74 years",
            "port_turnover_ratio": null,
            "r_squared_ratio": null,
            "roe_ratio": null,
            "sharpe": null,
            "sortino_ratio": null,
            "std_dev": null,
            "tracking_error": null,
            "treynor_ratio": null,
            "upside_deviation": null,
            "ytm": "7.02"
        },
        "min_addl_amt": "500",
        "min_addl_amt_multiple": "1",
        "min_amt": "500",
        "min_amt_multiple": "1",
        "monthly_aaum_date": "28FEBRUARY2025",
        "monthly_aaum_value": "133.19",
        "mutual_fund_name": "Quantum Mutual Fund",
        "page_number": [
            24,
            25
        ],
        "scheme_launch_date": "May 19, 2015"
    },
    "QUANTUM GOLD SAVINGS FUND": {
        "amc_name": "Quantum Asset Management Company Private Limited",
        "benchmark_index": "Tier I Benchmark - Domestic Price of Physical Gold",
        "fund_manager": [
            {
                "managing_fund_since": "May 19, 2011",
                "name": "Chirag Mehta",
                "qualification": "",
                "total_exp": "22 Years"
            }
        ],
        "load": {
            "entry_load": "Not Applicable",
            "exit_load": "NIL"
        },
        "main_scheme_name": "QUANTUM GOLD SAVINGS FUND",
        "metrics": {
            "alpha": null,
            "arithmetic_mean_ratio": null,
            "average_div_yld": null,
            "average_pb": null,
            "average_pe": null,
            "avg_maturity": null,
            "beta": null,
            "correlation_ratio": null,
            "downside_deviation": null,
            "information_ratio": null,
            "macaulay": null,
            "mod_duration": null,
            "port_turnover_ratio": null,
            "r_squared_ratio": null,
            "roe_ratio": null,
            "sharpe": null,
            "sortino_ratio": null,
            "std_dev": null,
            "tracking_error": null,
            "treynor_ratio": null,
            "upside_deviation": null,
            "ytm": null
        },
        "min_addl_amt": "500",
        "min_addl_amt_multiple": "1",
        "min_amt": "500",
        "min_amt_multiple": "1",
        "monthly_aaum_date": "28FEBRUARY2025",
        "monthly_aaum_value": "151.10",
        "mutual_fund_name": "Quantum Mutual Fund",
        "page_number": [
            26,
            27
        ],
        "scheme_launch_date": "May 19, 2011"
    },
    "QUANTUM MULTI ASSET FUND": {
        "amc_name": "Quantum Asset Management Company Private Limited",
        "benchmark_index": "CRISIL Dynamic Bond Fund AIII Index (20)  CRISIL Liquid Fund AI Index (25)  Nifty 50 TRI (40)  Domestic price of Gold (15). w.e.f. April 03, 2023, benchmark of the scheme has been changed to CRISIL Dynamic Bond A-III Index (20)  CRISIL Liquid Debt A-I Index (25)  Nifty 50 TRI (40)  Domestic price of Gold (15)",
        "fund_manager": [
            {
                "managing_fund_since": "July 11, 2012",
                "name": "Chirag Mehta",
                "qualification": "",
                "total_exp": "22 Years"
            }
        ],
        "load": {
            "entry_load": "Not Applicable",
            "exit_load": "Repurchase Redemption Switch Out - a) On or before 90 days from the date of allotment 1.00. b) After 90 days from the date of allotment Nil"
        },
        "main_scheme_name": "QUANTUM MULTI ASSET FUND",
        "metrics": {
            "alpha": null,
            "arithmetic_mean_ratio": null,
            "average_div_yld": null,
            "average_pb": null,
            "average_pe": null,
            "avg_maturity": null,
            "beta": "0.82",
            "correlation_ratio": null,
            "downside_deviation": null,
            "information_ratio": null,
            "macaulay": null,
            "mod_duration": null,
            "port_turnover_ratio": null,
            "r_squared_ratio": null,
            "roe_ratio": null,
            "sharpe": "0.91",
            "sortino_ratio": null,
            "std_dev": "4.67",
            "tracking_error": null,
            "treynor_ratio": null,
            "upside_deviation": null,
            "ytm": null
        },
        "min_addl_amt": "500",
        "min_addl_amt_multiple": "1",
        "min_amt": "500",
        "min_amt_multiple": "1",
        "monthly_aaum_date": "28FEBRUARY2025",
        "monthly_aaum_value": "59.79",
        "mutual_fund_name": "Quantum Mutual Fund",
        "page_number": [
            28,
            29
        ],
        "scheme_launch_date": "July 11, 2012"
    },
    "QUANTUM NIFTY 50 ETF": {
        "amc_name": "Quantum Asset Management Company Private Limited",
        "benchmark_index": "Tier I Benchmark - Nifty 50 TRI",
        "fund_manager": [
            {
                "managing_fund_since": "August 05, 2022",
                "name": "Hitendra Parekh",
                "qualification": "",
                "total_exp": "32 Years"
            }
        ],
        "load": {
            "entry_load": "Not Applicable",
            "exit_load": "NIL"
        },
        "main_scheme_name": "QUANTUM NIFTY 50 ETF",
        "metrics": {
            "alpha": null,
            "arithmetic_mean_ratio": null,
            "average_div_yld": null,
            "average_pb": null,
            "average_pe": null,
            "avg_maturity": null,
            "beta": null,
            "correlation_ratio": null,
            "downside_deviation": null,
            "information_ratio": null,
            "macaulay": null,
            "mod_duration": null,
            "port_turnover_ratio": null,
            "r_squared_ratio": null,
            "roe_ratio": null,
            "sharpe": null,
            "sortino_ratio": null,
            "std_dev": null,
            "tracking_error": null,
            "treynor_ratio": null,
            "upside_deviation": null,
            "ytm": null
        },
        "min_addl_amt": "500",
        "min_addl_amt_multiple": "1",
        "min_amt": "500",
        "min_amt_multiple": "1",
        "monthly_aaum_date": "28FEBRUARY2025",
        "monthly_aaum_value": "24.29",
        "mutual_fund_name": "Quantum Mutual Fund",
        "page_number": [
            30,
            31,
            33,
            34
        ],
        "scheme_launch_date": "August 05, 2022"
    },
    "QUANTUM GOLD FUND": {
        "amc_name": "Quantum Asset Management Company Private Limited",
        "benchmark_index": "Tier I Benchmark - Domestic Price of Physical Gold",
        "fund_manager": [
            {
                "managing_fund_since": "June 1, 2024",
                "name": "Chirag Mehta",
                "qualification": "",
                "total_exp": "22 Years"
            }
        ],
        "load": {
            "entry_load": "Not Applicable",
            "exit_load": "Nil (retail investor can exit the scheme only through secondary market)"
        },
        "main_scheme_name": "QUANTUM GOLD FUND",
        "metrics": {
            "alpha": null,
            "arithmetic_mean_ratio": null,
            "average_div_yld": null,
            "average_pb": null,
            "average_pe": null,
            "avg_maturity": null,
            "beta": null,
            "correlation_ratio": null,
            "downside_deviation": null,
            "information_ratio": null,
            "macaulay": null,
            "mod_duration": null,
            "port_turnover_ratio": null,
            "r_squared_ratio": null,
            "roe_ratio": null,
            "sharpe": null,
            "sortino_ratio": null,
            "std_dev": null,
            "tracking_error": "0.140",
            "treynor_ratio": null,
            "upside_deviation": null,
            "ytm": null
        },
        "min_addl_amt": null,
        "min_addl_amt_multiple": null,
        "min_amt": "1100",
        "min_amt_multiple": "1",
        "monthly_aaum_date": "28FEBRUARY2025",
        "monthly_aaum_value": "249.59",
        "mutual_fund_name": "Quantum Mutual Fund",
        "page_number": [
            32
        ],
        "scheme_launch_date": "February 22, 2008"
    }
}