{
    "jm elss tax saver fund": {
        "amc_name": "JM Financial Asset Management Limited",
        "benchmark_index": "BSE 500 TRI",
        "fund_manager": [
            {
                "managing_fund_since": "July 18, 2014",
                "name": "Chaitanya Choksi",
                "qualification": "",
                "total_exp": "Around 21 Years"
            },
            {
                "managing_fund_since": "October 01, 2024",
                "name": "Satish Ramanathan",
                "qualification": "",
                "total_exp": "3 Decades"
            },
            {
                "managing_fund_since": "December, 2021",
                "name": "Asit Bhandarkar",
                "qualification": "",
                "total_exp": "20 Years"
            },
            {
                "managing_fund_since": "October 04, 2024",
                "name": "Ruchi Fozdar",
                "qualification": "",
                "total_exp": "10 Years"
            }
        ],
        "load": {
            "entry_load": null,
            "exit_load": "NIL"
        },
        "main_scheme_name": "jm elss tax saver fund",
        "metrics": {
            "alpha": null,
            "arithmetic_mean_ratio": null,
            "average_div_yld": null,
            "average_pb": null,
            "average_pe": null,
            "avg_maturity": null,
            "beta": "0.94",
            "correlation_ratio": null,
            "downside_deviation": null,
            "information_ratio": null,
            "macaulay": null,
            "mod_duration": null,
            "port_turnover_ratio": "1.0032",
            "r_squared_ratio": null,
            "roe_ratio": null,
            "sharpe": "0.69",
            "sortino_ratio": null,
            "std_dev": "14.96",
            "treynor_ratio": null,
            "upside_deviation": null,
            "ytm": null
        },
        "min_addl_amt": "500",
        "min_addl_amt_multiple": "500",
        "min_amt": "500",
        "min_amt_multiple": "500",
        "monthly_aaum_date": "28FEBRUARY2025",
        "monthly_aaum_value": "181.80",
        "mutual_fund_name": "JM Financial Mutual Fund",
        "page_number": [
            18
        ],
        "scheme_launch_date": "31st_march_2008"
    },
    "jm flexicap fund": {
        "amc_name": "JM Financial Asset Management Limited",
        "benchmark_index": "BSE 500 TRI",
        "fund_manager": [
            {
                "managing_fund_since": "August 20, 2021",
                "name": "Satish Ramanathan",
                "qualification": "",
                "total_exp": "3 Decades"
            },
            {
                "managing_fund_since": "October 01, 2024",
                "name": "Asit Bhandarkar",
                "qualification": "",
                "total_exp": "20 Years"
            },
            {
                "managing_fund_since": "December 2021",
                "name": "Chaitanya Choksi",
                "qualification": "",
                "total_exp": "Around 21 Years"
            },
            {
                "managing_fund_since": "October 04, 2024",
                "name": "Ruchi Fozdar",
                "qualification": "",
                "total_exp": "10 Years"
            }
        ],
        "load": {
            "entry_load": null,
            "exit_load": "(cid:9) If the units are redeemed/switched out on or before 30 days from the date of allotment  1.00%.  (cid:9) If the units are redeemed / switched out after 30 days from the date of allotment  Nil."
        },
        "main_scheme_name": "jm flexicap fund",
        "metrics": {
            "alpha": null,
            "arithmetic_mean_ratio": null,
            "average_div_yld": null,
            "average_pb": null,
            "average_pe": null,
            "avg_maturity": null,
            "beta": "0.91",
            "correlation_ratio": null,
            "downside_deviation": null,
            "information_ratio": null,
            "macaulay": null,
            "mod_duration": null,
            "port_turnover_ratio": "1.2085",
            "r_squared_ratio": null,
            "roe_ratio": null,
            "sharpe": "1.04",
            "sortino_ratio": null,
            "std_dev": "14.62",
            "treynor_ratio": null,
            "upside_deviation": null,
            "ytm": null
        },
        "min_addl_amt": "100",
        "min_addl_amt_multiple": "1",
        "min_amt": "1000",
        "min_amt_multiple": "1",
        "monthly_aaum_date": "28FEBRUARY2025",
        "monthly_aaum_value": "5,244.25",
        "mutual_fund_name": "JM Financial Mutual Fund",
        "page_number": [
            19
        ],
        "scheme_launch_date": "23rd_september_2008"
    },
    "jm midcap fund": {
        "amc_name": "JM Financial Asset Management Limited",
        "benchmark_index": "Nifty Midcap 150 TRI",
        "fund_manager": [
            {
                "managing_fund_since": "November 21, 2022",
                "name": "Satish Ramanathan",
                "qualification": "",
                "total_exp": "3 Decades"
            },
            {
                "managing_fund_since": "October 01, 2024",
                "name": "Asit Bhandarkar",
                "qualification": "",
                "total_exp": "20 Years"
            },
            {
                "managing_fund_since": "November 21, 2022",
                "name": "Chaitanya Choksi",
                "qualification": "",
                "total_exp": "Around 21  Years"
            },
            {
                "managing_fund_since": "October 04, 2024",
                "name": "Ruchi Fozdar",
                "qualification": "",
                "total_exp": "10 Years"
            }
        ],
        "load": {
            "entry_load": null,
            "exit_load": "(cid:9) If the units are redeemed/switched out on or before 180 days from the date of allotment  1.00%. (cid:9) If the units are redeemed/switched out after 180 days from the date of allotment  Nil."
        },
        "main_scheme_name": "jm midcap fund",
        "metrics": {
            "alpha": null,
            "arithmetic_mean_ratio": null,
            "average_div_yld": null,
            "average_pb": null,
            "average_pe": null,
            "avg_maturity": null,
            "beta": null,
            "correlation_ratio": null,
            "downside_deviation": null,
            "information_ratio": null,
            "macaulay": null,
            "mod_duration": null,
            "port_turnover_ratio": "1.6018",
            "r_squared_ratio": null,
            "roe_ratio": null,
            "sharpe": null,
            "sortino_ratio": null,
            "std_dev": null,
            "treynor_ratio": null,
            "upside_deviation": null,
            "ytm": null
        },
        "min_addl_amt": "100",
        "min_addl_amt_multiple": "1",
        "min_amt": "1000",
        "min_amt_multiple": "1",
        "monthly_aaum_date": "28FEBRUARY2025",
        "monthly_aaum_value": "1,359.57",
        "mutual_fund_name": "JM Financial Mutual Fund",
        "page_number": [
            20
        ],
        "scheme_launch_date": "21st_november_2022"
    },
    "jm small cap fund": {
        "amc_name": "JM Financial Asset Management Limited",
        "benchmark_index": "Nifty Smallcap 250 TRI",
        "fund_manager": [
            {
                "managing_fund_since": "June 18, 2024",
                "name": "Asit Bhandarkar",
                "qualification": "",
                "total_exp": "20 Years"
            },
            {
                "managing_fund_since": "October 01, 2024",
                "name": "Satish Ramanathan",
                "qualification": "",
                "total_exp": "3 Decades"
            },
            {
                "managing_fund_since": "June 18, 2024",
                "name": "Chaitanya Choksi",
                "qualification": "",
                "total_exp": "Around 21 Years"
            },
            {
                "managing_fund_since": "October 04, 2024",
                "name": "Ruchi Fozdar",
                "qualification": "",
                "total_exp": "10 Years"
            }
        ],
        "load": {
            "entry_load": null,
            "exit_load": "(cid:9) If the units are redeemed/switched out on or before 180 days from the date of allotment  1.00%.  (cid:9) If the units are redeemed / switched out after 180 days from the date of allotment  Nil."
        },
        "main_scheme_name": "jm small cap fund",
        "metrics": {
            "alpha": null,
            "arithmetic_mean_ratio": null,
            "average_div_yld": null,
            "average_pb": null,
            "average_pe": null,
            "avg_maturity": null,
            "beta": null,
            "correlation_ratio": null,
            "downside_deviation": null,
            "information_ratio": null,
            "macaulay": null,
            "mod_duration": null,
            "port_turnover_ratio": null,
            "r_squared_ratio": null,
            "roe_ratio": null,
            "sharpe": null,
            "sortino_ratio": null,
            "std_dev": null,
            "treynor_ratio": null,
            "upside_deviation": null,
            "ytm": null
        },
        "min_addl_amt": "100",
        "min_addl_amt_multiple": "1",
        "min_amt": "1000",
        "min_amt_multiple": "1",
        "monthly_aaum_date": "28FEBRUARY2025",
        "monthly_aaum_value": "607.94",
        "mutual_fund_name": "JM Financial Mutual Fund",
        "page_number": [
            21
        ],
        "scheme_launch_date": "18th_june_2024"
    },
    "jm large cap fund": {
        "amc_name": "JM Financial Asset Management Limited",
        "benchmark_index": "BSE 100 TRI",
        "fund_manager": [
            {
                "managing_fund_since": "August 20, 2021",
                "name": "Satish Ramanathan",
                "qualification": "",
                "total_exp": "3 Decades"
            },
            {
                "managing_fund_since": "October 5, 2017",
                "name": "Asit Bhandarkar",
                "qualification": "",
                "total_exp": "20 Years"
            },
            {
                "managing_fund_since": "January 27, 2025",
                "name": "Deepak Gupta",
                "qualification": "",
                "total_exp": "Around 21 Years"
            },
            {
                "managing_fund_since": "October 04, 2024",
                "name": "Ruchi Fozdar",
                "qualification": "",
                "total_exp": "10 Years"
            }
        ],
        "load": {
            "entry_load": null,
            "exit_load": "(cid:9) If the units are redeemed/switched out on or before 30 days from the date of allotment  1.00%.  (cid:9) If the units are redeemed / switched out after 30 days from the date of allotment  Nil."
        },
        "main_scheme_name": "jm large cap fund",
        "metrics": {
            "alpha": null,
            "arithmetic_mean_ratio": null,
            "average_div_yld": null,
            "average_pb": null,
            "average_pe": null,
            "avg_maturity": null,
            "beta": "0.90",
            "correlation_ratio": null,
            "downside_deviation": null,
            "information_ratio": null,
            "macaulay": null,
            "mod_duration": null,
            "port_turnover_ratio": "2.7734",
            "r_squared_ratio": null,
            "roe_ratio": null,
            "sharpe": "0.55",
            "sortino_ratio": null,
            "std_dev": "13.48",
            "treynor_ratio": null,
            "upside_deviation": null,
            "ytm": null
        },
        "min_addl_amt": "100",
        "min_addl_amt_multiple": "1",
        "min_amt": "1000",
        "min_amt_multiple": "1",
        "monthly_aaum_date": "28FEBRUARY2025",
        "monthly_aaum_value": "482.25",
        "mutual_fund_name": "JM Financial Mutual Fund",
        "page_number": [
            22
        ],
        "scheme_launch_date": "1st_april_1995"
    },
    "jm value fund": {
        "amc_name": "JM Financial Asset Management Limited",
        "benchmark_index": "BSE 500 TRI",
        "fund_manager": [
            {
                "managing_fund_since": "August 20, 2021",
                "name": "Satish Ramanathan",
                "qualification": "",
                "total_exp": "3 Decades"
            },
            {
                "managing_fund_since": "October 01, 2024",
                "name": "Chaitanya Choksi",
                "qualification": "",
                "total_exp": "Around 21 Years"
            },
            {
                "managing_fund_since": "December, 2006",
                "name": "Asit Bhandarkar",
                "qualification": "",
                "total_exp": "20 Years"
            },
            {
                "managing_fund_since": "October 04, 2024",
                "name": "Ruchi Fozdar",
                "qualification": "",
                "total_exp": "10 Years"
            }
        ],
        "load": {
            "entry_load": null,
            "exit_load": "(cid:9) If the units are redeemed/switched out on or before 30 days from the date of allotment  1.00%.  (cid:9) If the units are redeemed / switched out after 30 days from the date of allotment  Nil."
        },
        "main_scheme_name": "jm value fund",
        "metrics": {
            "alpha": null,
            "arithmetic_mean_ratio": null,
            "average_div_yld": null,
            "average_pb": null,
            "average_pe": null,
            "avg_maturity": null,
            "beta": "0.93",
            "correlation_ratio": null,
            "downside_deviation": null,
            "information_ratio": null,
            "macaulay": null,
            "mod_duration": null,
            "port_turnover_ratio": "1.1792",
            "r_squared_ratio": null,
            "roe_ratio": null,
            "sharpe": "0.94",
            "sortino_ratio": null,
            "std_dev": "15.62",
            "treynor_ratio": null,
            "upside_deviation": null,
            "ytm": null
        },
        "min_addl_amt": "100",
        "min_addl_amt_multiple": "1",
        "min_amt": "1000",
        "min_amt_multiple": "1",
        "monthly_aaum_date": "28FEBRUARY2025",
        "monthly_aaum_value": "1,046.78",
        "mutual_fund_name": "JM Financial Mutual Fund",
        "page_number": [
            23
        ],
        "scheme_launch_date": "2nd_june_1997"
    },
    "jm focused fund": {
        "amc_name": "JM Financial Asset Management Limited",
        "benchmark_index": "BSE 500 TRI",
        "fund_manager": [
            {
                "managing_fund_since": "February, 2009",
                "name": "Asit Bhandarkar",
                "qualification": "",
                "total_exp": "20 Years"
            },
            {
                "managing_fund_since": "October 01, 2024",
                "name": "Satish Ramanathan",
                "qualification": "",
                "total_exp": "3 Decades"
            },
            {
                "managing_fund_since": "July 18, 2014",
                "name": "Chaitanya Choksi",
                "qualification": "",
                "total_exp": "Around 21 Years"
            },
            {
                "managing_fund_since": "October 04, 2024",
                "name": "Ruchi Fozdar",
                "qualification": "",
                "total_exp": "10 Years"
            }
        ],
        "load": {
            "entry_load": null,
            "exit_load": "(cid:9) If the units are redeemed/switched out on or before 30 days from the date of allotment  1.00%.  (cid:9) If the units are redeemed / switched out after 30 days from the date of allotment  Nil."
        },
        "main_scheme_name": "jm focused fund",
        "metrics": {
            "alpha": null,
            "arithmetic_mean_ratio": null,
            "average_div_yld": null,
            "average_pb": null,
            "average_pe": null,
            "avg_maturity": null,
            "beta": "0.87",
            "correlation_ratio": null,
            "downside_deviation": null,
            "information_ratio": null,
            "macaulay": null,
            "mod_duration": null,
            "port_turnover_ratio": "2.0481",
            "r_squared_ratio": null,
            "roe_ratio": null,
            "sharpe": "0.76",
            "sortino_ratio": null,
            "std_dev": "13.36",
            "treynor_ratio": null,
            "upside_deviation": null,
            "ytm": null
        },
        "min_addl_amt": "100",
        "min_addl_amt_multiple": "1",
        "min_amt": "1000",
        "min_amt_multiple": "1",
        "monthly_aaum_date": "28FEBRUARY2025",
        "monthly_aaum_value": "225.02",
        "mutual_fund_name": "JM Financial Mutual Fund",
        "page_number": [
            24
        ],
        "scheme_launch_date": "5th_march_2008"
    },
    "jm arbitrage fund": {
        "amc_name": "JM Financial Asset Management Limited",
        "benchmark_index": "Nifty 50 Arbitrage Index",
        "fund_manager": [
            {
                "managing_fund_since": "July 18, 2014",
                "name": "Asit Bhandarkar",
                "qualification": "",
                "total_exp": "20 Years"
            },
            {
                "managing_fund_since": "October 01, 2024",
                "name": "Satish Ramanathan",
                "qualification": "",
                "total_exp": "3 Decades"
            },
            {
                "managing_fund_since": "February 01, 2011",
                "name": "Chaitanya Choksi",
                "qualification": "",
                "total_exp": "Around 21 Years"
            },
            {
                "managing_fund_since": "October 04, 2024",
                "name": "Ruchi Fozdar",
                "qualification": "",
                "total_exp": "10 Years"
            }
        ],
        "load": {
            "entry_load": null,
            "exit_load": "(cid:9) If the units are redeemed / switched out on or before 30 days from the date of allotment  0.50%. (cid:9) If the units are redeemed / switched out after 30 days from the date of allotment  Nil."
        },
        "main_scheme_name": "jm arbitrage fund",
        "metrics": {
            "alpha": null,
            "arithmetic_mean_ratio": null,
            "average_div_yld": null,
            "average_pb": null,
            "average_pe": null,
            "avg_maturity": "0.0797",
            "beta": "0.63",
            "correlation_ratio": null,
            "downside_deviation": null,
            "information_ratio": null,
            "macaulay": "0.0787",
            "mod_duration": "0.0738",
            "port_turnover_ratio": "11.4711",
            "r_squared_ratio": null,
            "roe_ratio": null,
            "sharpe": "-1.35",
            "sortino_ratio": null,
            "std_dev": "0.59",
            "treynor_ratio": null,
            "upside_deviation": null,
            "ytm": "6.67"
        },
        "min_addl_amt": "100",
        "min_addl_amt_multiple": "1",
        "min_amt": "1000",
        "min_amt_multiple": "1",
        "monthly_aaum_date": "28FEBRUARY2025",
        "monthly_aaum_value": "196.33",
        "mutual_fund_name": "JM Financial Mutual Fund",
        "page_number": [
            25,
            26
        ],
        "scheme_launch_date": "18th_july_2006"
    },
    "jm aggressive hybrid fund": {
        "amc_name": "JM Financial Asset Management Limited",
        "benchmark_index": "CRISIL Hybrid 35+65 Aggressive Index",
        "fund_manager": [
            {
                "managing_fund_since": "December, 2021",
                "name": "Asit Bhandarkar",
                "qualification": "",
                "total_exp": "20 Years"
            },
            {
                "managing_fund_since": "October 01, 2024",
                "name": "Satish Ramanathan",
                "qualification": "",
                "total_exp": "3 Decades"
            },
            {
                "managing_fund_since": "August 20, 2021",
                "name": "Chaitanya Choksi",
                "qualification": "",
                "total_exp": "Around 21 Years"
            },
            {
                "managing_fund_since": "October 04, 2024",
                "name": "Ruchi Fozdar",
                "qualification": "",
                "total_exp": "10 Years"
            }
        ],
        "load": {
            "entry_load": null,
            "exit_load": " If the units are redeemed / switched out on or before 60 days from the date of allotment  1.00%.  If the units are redeemed / switched out after 60 days from the date of allotment  Nil."
        },
        "main_scheme_name": "jm aggressive hybrid fund",
        "metrics": {
            "alpha": null,
            "arithmetic_mean_ratio": null,
            "average_div_yld": null,
            "average_pb": null,
            "average_pe": null,
            "avg_maturity": "5.9649",
            "beta": "1.01",
            "correlation_ratio": null,
            "downside_deviation": null,
            "information_ratio": null,
            "macaulay": "4.3686",
            "mod_duration": "4.1877",
            "port_turnover_ratio": "1.3697",
            "r_squared_ratio": null,
            "roe_ratio": null,
            "sharpe": "1.00",
            "sortino_ratio": null,
            "std_dev": "12.06",
            "treynor_ratio": null,
            "upside_deviation": null,
            "ytm": "7.17"
        },
        "min_addl_amt": "100",
        "min_addl_amt_multiple": "1",
        "min_amt": "1000",
        "min_amt_multiple": "1",
        "monthly_aaum_date": "28FEBRUARY2025",
        "monthly_aaum_value": "752.01",
        "mutual_fund_name": "JM Financial Mutual Fund",
        "page_number": [
            27
        ],
        "scheme_launch_date": "1st_april_1995"
    },
    "jm overnight fund": {
        "amc_name": "JM Financial Asset Management Limited",
        "benchmark_index": "CRISIL Liquid Overnight Index",
        "fund_manager": [
            {
                "managing_fund_since": "November 05, 2024",
                "name": "Killol Pandya",
                "qualification": "",
                "total_exp": "More Than 17 Years"
            },
            {
                "managing_fund_since": "April 05, 2022",
                "name": "Naghma Khoja",
                "qualification": "",
                "total_exp": "More Than 6 Years"
            },
            {
                "managing_fund_since": "April 03, 2024",
                "name": "Ruchi Fozdar",
                "qualification": "",
                "total_exp": "10 Years"
            }
        ],
        "load": {
            "entry_load": null,
            "exit_load": "NIL"
        },
        "main_scheme_name": "jm overnight fund",
        "metrics": {
            "alpha": null,
            "arithmetic_mean_ratio": null,
            "average_div_yld": null,
            "average_pb": null,
            "average_pe": null,
            "avg_maturity": "2.99",
            "beta": null,
            "correlation_ratio": null,
            "downside_deviation": null,
            "information_ratio": null,
            "macaulay": "2.99",
            "mod_duration": "2.81",
            "port_turnover_ratio": null,
            "r_squared_ratio": null,
            "roe_ratio": null,
            "sharpe": null,
            "sortino_ratio": null,
            "std_dev": null,
            "treynor_ratio": null,
            "upside_deviation": null,
            "ytm": "6.61"
        },
        "min_addl_amt": "100",
        "min_addl_amt_multiple": "1",
        "min_amt": "1000",
        "min_amt_multiple": "1",
        "monthly_aaum_date": "28FEBRUARY2025",
        "monthly_aaum_value": "221.70",
        "mutual_fund_name": "JM Financial Mutual Fund",
        "page_number": [
            28
        ],
        "scheme_launch_date": "3rd_december_2019"
    },
    "jm liquid fund": {
        "amc_name": "JM Financial Asset Management Limited",
        "benchmark_index": "CRISIL Liquid Debt A-I Index",
        "fund_manager": [
            {
                "managing_fund_since": "November 05, 2024",
                "name": "Killol Pandya",
                "qualification": "",
                "total_exp": "More Than 17 Years"
            },
            {
                "managing_fund_since": "October 21, 2021",
                "name": "Naghma Khoja",
                "qualification": "",
                "total_exp": "More Than 6 Years"
            },
            {
                "managing_fund_since": "April 03, 2024",
                "name": "Ruchi Fozdar",
                "qualification": "",
                "total_exp": "10 Years"
            }
        ],
        "load": {
            "entry_load": null,
            "exit_load": "Investor Exit upon Exit Load as a % of redemption subscription (based onproceeds (including systematic Applicable NAV) transactions) Day 1 0.0070% Day 2 0.0065% Day 3 0.0060% Day 4 0.0055% Day 5 0.0050% Day 6 0.0045% Day 7 Onwards 0.0000%"
        },
        "main_scheme_name": "jm liquid fund",
        "metrics": {
            "alpha": null,
            "arithmetic_mean_ratio": null,
            "average_div_yld": null,
            "average_pb": null,
            "average_pe": null,
            "avg_maturity": "0.1219",
            "beta": null,
            "correlation_ratio": null,
            "downside_deviation": null,
            "information_ratio": null,
            "macaulay": "0.1213",
            "mod_duration": "0.1132",
            "port_turnover_ratio": null,
            "r_squared_ratio": null,
            "roe_ratio": null,
            "sharpe": null,
            "sortino_ratio": null,
            "std_dev": null,
            "treynor_ratio": null,
            "upside_deviation": null,
            "ytm": "7.23"
        },
        "min_addl_amt": "100",
        "min_addl_amt_multiple": "1",
        "min_amt": "1000",
        "min_amt_multiple": "1",
        "monthly_aaum_date": "28FEBRUARY2025",
        "monthly_aaum_value": "3,254.15",
        "mutual_fund_name": "JM Financial Mutual Fund",
        "page_number": [
            29
        ],
        "scheme_launch_date": "31st_december_1997"
    },
    "jm short duration fund": {
        "amc_name": "JM Financial Asset Management Limited",
        "benchmark_index": "CRISIL Short Duration Debt A-II Index",
        "fund_manager": [
            {
                "managing_fund_since": "November 05, 2024",
                "name": "Killol Pandya",
                "qualification": "",
                "total_exp": "More Than 17 Years"
            },
            {
                "managing_fund_since": "April 03, 2024",
                "name": "Naghma Khoja",
                "qualification": "",
                "total_exp": "More Than 6 Years"
            },
            {
                "managing_fund_since": "April 03, 2024",
                "name": "Ruchi Fozdar",
                "qualification": "",
                "total_exp": "10 Years"
            }
        ],
        "load": {
            "entry_load": null,
            "exit_load": "NIL"
        },
        "main_scheme_name": "jm short duration fund",
        "metrics": {
            "alpha": null,
            "arithmetic_mean_ratio": null,
            "average_div_yld": null,
            "average_pb": null,
            "average_pe": null,
            "avg_maturity": "3.0118",
            "beta": null,
            "correlation_ratio": null,
            "downside_deviation": null,
            "information_ratio": null,
            "macaulay": "2.6092",
            "mod_duration": "2.4731",
            "port_turnover_ratio": null,
            "r_squared_ratio": null,
            "roe_ratio": null,
            "sharpe": null,
            "sortino_ratio": null,
            "std_dev": null,
            "treynor_ratio": null,
            "upside_deviation": null,
            "ytm": "7.39"
        },
        "min_addl_amt": "100",
        "min_addl_amt_multiple": "1",
        "min_amt": "1000",
        "min_amt_multiple": "1",
        "monthly_aaum_date": "28FEBRUARY2025",
        "monthly_aaum_value": "118.01",
        "mutual_fund_name": "JM Financial Mutual Fund",
        "page_number": [
            30
        ],
        "scheme_launch_date": "29th_august_2022"
    },
    "jm dynamic bond fund": {
        "amc_name": "JM Financial Asset Management Limited",
        "benchmark_index": "CRISIL Dynamic Bond A-III Index",
        "fund_manager": [
            {
                "managing_fund_since": "November 05, 2024",
                "name": "Killol Pandya",
                "qualification": "",
                "total_exp": "More Than 17 Years"
            },
            {
                "managing_fund_since": "April 03, 2024",
                "name": "Naghma Khoja",
                "qualification": "",
                "total_exp": "More Than 6 Years"
            },
            {
                "managing_fund_since": "April 03, 2024",
                "name": "Ruchi Fozdar",
                "qualification": "",
                "total_exp": "10 Years"
            }
        ],
        "load": {
            "entry_load": null,
            "exit_load": "NIL"
        },
        "main_scheme_name": "jm dynamic bond fund",
        "metrics": {
            "alpha": null,
            "arithmetic_mean_ratio": null,
            "average_div_yld": null,
            "average_pb": null,
            "average_pe": null,
            "avg_maturity": "10.1360",
            "beta": null,
            "correlation_ratio": null,
            "downside_deviation": null,
            "information_ratio": null,
            "macaulay": "7.1019",
            "mod_duration": "6.8704",
            "port_turnover_ratio": null,
            "r_squared_ratio": null,
            "roe_ratio": null,
            "sharpe": null,
            "sortino_ratio": null,
            "std_dev": null,
            "treynor_ratio": null,
            "upside_deviation": null,
            "ytm": "6.83"
        },
        "min_addl_amt": "100",
        "min_addl_amt_multiple": "1",
        "min_amt": "1000",
        "min_amt_multiple": "1",
        "monthly_aaum_date": "28FEBRUARY2025",
        "monthly_aaum_value": "43.71",
        "mutual_fund_name": "JM Financial Mutual Fund",
        "page_number": [
            31
        ],
        "scheme_launch_date": "25th_june_2003"
    },
    "jm low duration fund": {
        "amc_name": "JM Financial Asset Management Limited",
        "benchmark_index": "CRISIL Low Duration Debt A-I Index",
        "fund_manager": [
            {
                "managing_fund_since": "November 05, 2024",
                "name": "Killol Pandya",
                "qualification": "",
                "total_exp": "More Than 17 Years"
            },
            {
                "managing_fund_since": "April 03, 2024",
                "name": "Naghma Khoja",
                "qualification": "",
                "total_exp": "More Than 6 Years"
            },
            {
                "managing_fund_since": "April 03, 2024",
                "name": "Ruchi Fozdar",
                "qualification": "",
                "total_exp": "10 Years"
            }
        ],
        "load": {
            "entry_load": null,
            "exit_load": "NIL"
        },
        "main_scheme_name": "jm low duration fund",
        "metrics": {
            "alpha": null,
            "arithmetic_mean_ratio": null,
            "average_div_yld": null,
            "average_pb": null,
            "average_pe": null,
            "avg_maturity": "0.9968",
            "beta": null,
            "correlation_ratio": null,
            "downside_deviation": null,
            "information_ratio": null,
            "macaulay": "0.9281",
            "mod_duration": "0.8733",
            "port_turnover_ratio": null,
            "r_squared_ratio": null,
            "roe_ratio": null,
            "sharpe": null,
            "sortino_ratio": null,
            "std_dev": null,
            "treynor_ratio": null,
            "upside_deviation": null,
            "ytm": "7.72"
        },
        "min_addl_amt": "100",
        "min_addl_amt_multiple": "1",
        "min_amt": "1000",
        "min_amt_multiple": "1",
        "monthly_aaum_date": "28FEBRUARY2025",
        "monthly_aaum_value": "231.41",
        "mutual_fund_name": "JM Financial Mutual Fund",
        "page_number": [
            32
        ],
        "scheme_launch_date": "27th_september_2006"
    },
    "jm medium to long duration fund": {
        "amc_name": "JM Financial Asset Management Limited",
        "benchmark_index": "CRISIL Medium to Long Duration Debt A-III Index",
        "fund_manager": [
            {
                "managing_fund_since": "November 05, 2024",
                "name": "Killol Pandya",
                "qualification": "",
                "total_exp": "More Than 17 Years"
            },
            {
                "managing_fund_since": "April 03, 2024",
                "name": "Naghma Khoja",
                "qualification": "",
                "total_exp": "More Than 6 Years"
            },
            {
                "managing_fund_since": "April 03, 2024",
                "name": "Ruchi Fozdar",
                "qualification": "",
                "total_exp": "10 Years"
            }
        ],
        "load": {
            "entry_load": null,
            "exit_load": "NIL"
        },
        "main_scheme_name": "jm medium to long duration fund",
        "metrics": {
            "alpha": null,
            "arithmetic_mean_ratio": null,
            "average_div_yld": null,
            "average_pb": null,
            "average_pe": null,
            "avg_maturity": "9.0777",
            "beta": null,
            "correlation_ratio": null,
            "downside_deviation": null,
            "information_ratio": null,
            "macaulay": "6.5902",
            "mod_duration": "6.3764",
            "port_turnover_ratio": null,
            "r_squared_ratio": null,
            "roe_ratio": null,
            "sharpe": null,
            "sortino_ratio": null,
            "std_dev": null,
            "treynor_ratio": null,
            "upside_deviation": null,
            "ytm": "6.80"
        },
        "min_addl_amt": "100",
        "min_addl_amt_multiple": "1",
        "min_amt": "1000",
        "min_amt_multiple": "1",
        "monthly_aaum_date": "28FEBRUARY2025",
        "monthly_aaum_value": "26.58",
        "mutual_fund_name": "JM Financial Mutual Fund",
        "page_number": [
            33
        ],
        "scheme_launch_date": "1st_april_1995"
    }
}