{
   "old bridge focused equity fund": {
        "amc_name": "Old Bridge Asset Management Private Limited",
        "benchmark_index": "BSE 500 TRI",
        "fund_manager": [
            {
                "managing_fund_since": "Inception",
                "name": "Kenneth Andrade",
                "qualification": "",
                "total_exp": "30 Years"
            },
            {
                "managing_fund_since": "Inception",
                "name": "Tarang Agarwal",
                "qualification": "",
                "total_exp": "5 Years"
            }
        ],
        "load": {
            "entry_load": null,
            "exit_load": "If redeemedswitched out within 365 days from the date of allotment 1% ii If redeemed/switched out after 365 days from the date of allotment Nil"
        },
        "main_scheme_name":"old bridge focused equity fund",
        "metrics": {
            "alpha": null,
            "arithmetic_mean_ratio": null,
            "average_div_yld": null,
            "average_pb": null,
            "average_pe": null,
            "avg_maturity": null,
            "beta": null,
            "correlation_ratio": null,
            "downside_deviation": null,
            "information_ratio": null,
            "macaulay": null,
            "mod_duration": null,
            "port_turnover_ratio": "0.17",
            "r_squared": null,
            "r_squared_ratio": null,
            "roe_ratio": null,
            "sharpe": null,
            "sortino_ratio": null,
            "std_dev": null,
            "tracking_error":null,
            "treynor_ratio": null,
            "upside_deviation": null,
            "ytm": null
        },
        "min_addl_amt": "1,000",
        "min_addl_amt_multiple": "1",
        "min_amt": "5,000",
        "min_amt_multiple": "1",
        "monthly_aaum_date": "28FEBRUARY2025",
        "monthly_aaum_value": "1153.47",
        "mutual_fund_name": "Old Bridge Mutual Fund",
        "page_number": [
            5
        ],
        "scheme_launch_date": "January 24, 2024"
    }
}