{
    "pgim india large cap fund": {
        "amc_name": "PGIM India Asset Management Private Limited",
        "benchmark_index": "NIFTY 100 TRI",
        "fund_manager": [
            {
                "managing_fund_since": "August 19, 2023",
                "name": "Anandha Padmanabhan Anjeneyan",
                "qualification": "Equity Portion",
                "total_exp": "15 Years"
            },
            {
                "managing_fund_since": "April 15, 2024",
                "name": "Vivek Sharma",
                "qualification": "Equity Portion",
                "total_exp": "14 Years"
            },
            {
                "managing_fund_since": "April 01, 2023",
                "name": "Vinay Paharia",
                "qualification": "Equity Portion",
                "total_exp": "20 Years"
            },
            {
                "managing_fund_since": "April 01, 2023",
                "name": "Bhupesh Kalyani",
                "qualification": "Debt Portion",
                "total_exp": "18 Years"
            }
        ],
        "load": {
            "entry_load": "NA.",
            "exit_load": "For Exits within 90 days from date of allotment of units 0.50 For Exits beyond 90 days from date of allotment of units NIL."
        },
        "main_scheme_name": "pgim india large cap fund",
        "metrics": {
            "alpha": null,
            "arithmetic_mean_ratio": null,
            "average_div_yld": null,
            "average_pb": null,
            "average_pe": null,
            "avg_maturity": null,
            "beta": "0.91",
            "correlation_ratio": null,
            "downside_deviation": null,
            "information_ratio": null,
            "macaulay": null,
            "mod_duration": null,
            "port_turnover_ratio": "0.53",
            "r_squared_ratio": null,
            "roe_ratio": null,
            "sharpe": "0.27",
            "sortino_ratio": null,
            "std_dev": "14.25",
            "tracking_error": null,
            "treynor_ratio": null,
            "upside_deviation": null,
            "volatility_measures": "3 Years",
            "ytm": null
        },
        "min_addl_amt": "1000",
        "min_addl_amt_multiple": "1",
        "min_amt": "5000",
        "min_amt_multiple": "1",
        "monthly_aaum_date": "28FEBRUARY2025",
        "monthly_aaum_value": "573.13",
        "mutual_fund_name": "PGIM India Mutual Fund",
        "page_number": [
            9
        ],
        "scheme_launch_date": null
    },
    "pgim india flexi cap fund": {
        "amc_name": "PGIM India Asset Management Private Limited",
        "benchmark_index": "Nifty 500 TRI",
        "fund_manager": [
            {
                "managing_fund_since": "June 01, 2021",
                "name": "Anandha Padmanabhan Anjeneyan",
                "qualification": "Equity Portion",
                "total_exp": "15 Years"
            },
            {
                "managing_fund_since": "April 15, 2024",
                "name": "Vivek Sharma",
                "qualification": "Equity Portion",
                "total_exp": "14 Years"
            },
            {
                "managing_fund_since": "April 01, 2023",
                "name": "Vinay Paharia",
                "qualification": "Equity Portion",
                "total_exp": "20 Years"
            },
            {
                "managing_fund_since": "March 29, 2024",
                "name": "Chetan Gindodia",
                "qualification": "Overseas Investments",
                "total_exp": "8 Years"
            },
            {
                "managing_fund_since": "April 01, 2023",
                "name": "Puneet Pal",
                "qualification": "Debt Portion",
                "total_exp": "22 Years"
            }
        ],
        "load": {
            "entry_load": "NA.",
            "exit_load": "For Exits within 90 days from date of allotment of units 0.50 For Exits beyond 90 days from date of allotment of units NIL."
        },
        "main_scheme_name": "pgim india flexi cap fund",
        "metrics": {
            "alpha": null,
            "arithmetic_mean_ratio": null,
            "average_div_yld": null,
            "average_pb": null,
            "average_pe": null,
            "avg_maturity": null,
            "beta": "0.90",
            "correlation_ratio": null,
            "downside_deviation": null,
            "information_ratio": null,
            "macaulay": null,
            "mod_duration": null,
            "port_turnover_ratio": "0.51",
            "r_squared_ratio": null,
            "roe_ratio": null,
            "sharpe": null,
            "sortino_ratio": null,
            "std_dev": "14.48",
            "tracking_error": null,
            "treynor_ratio": null,
            "upside_deviation": null,
            "volatility_measures": "3 Years",
            "ytm": null
        },
        "min_addl_amt": "1000",
        "min_addl_amt_multiple": "1",
        "min_amt": "5000",
        "min_amt_multiple": "1",
        "monthly_aaum_date": "28FEBRUARY2025",
        "monthly_aaum_value": "6132.39",
        "mutual_fund_name": "PGIM India Mutual Fund",
        "page_number": [
            10
        ],
        "scheme_launch_date": null
    },
    "pgim india large and mid cap fund": {
        "amc_name": "PGIM India Asset Management Private Limited",
        "benchmark_index": "NIFTY LargeMidcap 250 Index TRI",
        "fund_manager": [
            {
                "managing_fund_since": "February 12, 2024",
                "name": "Vinay Paharia",
                "qualification": "Equity Portion",
                "total_exp": "20 Years"
            },
            {
                "managing_fund_since": "February 12, 2024",
                "name": "Anandha Padmanabhan Anjeneyan",
                "qualification": "Equity Portion",
                "total_exp": "15 Years"
            },
            {
                "managing_fund_since": "February 12, 2024",
                "name": "Utsav Mehta",
                "qualification": "Equity Portion",
                "total_exp": "13 Years"
            },
            {
                "managing_fund_since": "March 29, 2024",
                "name": "Chetan Gindodia",
                "qualification": "Overseas Investments",
                "total_exp": "8 Years"
            },
            {
                "managing_fund_since": "February 12, 2024",
                "name": "Puneet Pal",
                "qualification": "Debt Portion",
                "total_exp": "22 Years"
            }
        ],
        "load": {
            "entry_load": "NA.",
            "exit_load": "For Exits within 90 days from date of allotment of units 0.50 For Exits beyond 90 days from date of allotment of units NIL."
        },
        "main_scheme_name": "pgim india large and mid cap fund",
        "metrics": {
            "alpha": null,
            "arithmetic_mean_ratio": null,
            "average_div_yld": null,
            "average_pb": null,
            "average_pe": null,
            "avg_maturity": null,
            "beta": null,
            "correlation_ratio": null,
            "downside_deviation": null,
            "information_ratio": null,
            "macaulay": null,
            "mod_duration": null,
            "port_turnover_ratio": "0.28",
            "r_squared_ratio": null,
            "roe_ratio": null,
            "sharpe": null,
            "sortino_ratio": null,
            "std_dev": null,
            "tracking_error": null,
            "treynor_ratio": null,
            "upside_deviation": null,
            "ytm": null
        },
        "min_addl_amt": "1000",
        "min_addl_amt_multiple": "1",
        "min_amt": "5000",
        "min_amt_multiple": "1",
        "monthly_aaum_date": "28FEBRUARY2025",
        "monthly_aaum_value": "605.61",
        "mutual_fund_name": "PGIM India Mutual Fund",
        "page_number": [
            11
        ],
        "scheme_launch_date": null
    },
    "pgim india multicap fund": {
        "amc_name": "PGIM India Asset Management Private Limited",
        "benchmark_index": "Nifty 500 Multicap 502525 TRI",
        "fund_manager": [
            {
                "managing_fund_since": "September 10, 2024",
                "name": "Vivek Sharma",
                "qualification": "Equity Portion",
                "total_exp": "14 Years"
            },
            {
                "managing_fund_since": "September 10, 2024",
                "name": "Utsav Mehta",
                "qualification": "Equity Portion",
                "total_exp": "13 Years"
            },
            {
                "managing_fund_since": "September 10, 2024",
                "name": "Anandha Padmanabhan Anjeneyan",
                "qualification": "Equity Portion",
                "total_exp": "15 Years"
            },
            {
                "managing_fund_since": "September 10, 2024",
                "name": "Puneet Pal",
                "qualification": "Debt Portion",
                "total_exp": "22 Years"
            }
        ],
        "load": {
            "entry_load": "NA.",
            "exit_load": "For Exits within 90 days from date of allotment of units 0.50 For Exits beyond 90 days from date of allotment of units NIL."
        },
        "main_scheme_name": "pgim india multicap fund",
        "metrics": {
            "alpha": null,
            "arithmetic_mean_ratio": null,
            "average_div_yld": null,
            "average_pb": null,
            "average_pe": null,
            "avg_maturity": null,
            "beta": null,
            "correlation_ratio": null,
            "downside_deviation": null,
            "information_ratio": null,
            "macaulay": null,
            "mod_duration": null,
            "port_turnover_ratio": "0.09",
            "r_squared_ratio": null,
            "roe_ratio": null,
            "sharpe": null,
            "sortino_ratio": null,
            "std_dev": null,
            "tracking_error": null,
            "treynor_ratio": null,
            "upside_deviation": null,
            "ytm": null
        },
        "min_addl_amt": "1000",
        "min_addl_amt_multiple": "1",
        "min_amt": "5000",
        "min_amt_multiple": "1",
        "monthly_aaum_date": "28FEBRUARY2025",
        "monthly_aaum_value": "342.55",
        "mutual_fund_name": "PGIM India Mutual Fund",
        "page_number": [
            12
        ],
        "scheme_launch_date": null
    },
    "pgim india midcap opportunities fund": {
        "amc_name": "PGIM India Asset Management Private Limited",
        "benchmark_index": "NIFTY Midcap 150 TRI",
        "fund_manager": [
            {
                "managing_fund_since": "April 15, 2024",
                "name": "Vivek Sharma",
                "qualification": "Equity Portion",
                "total_exp": "14 Years"
            },
            {
                "managing_fund_since": "November 01, 2023",
                "name": "Utsav Mehta",
                "qualification": "Equity Portion",
                "total_exp": "13 Years"
            },
            {
                "managing_fund_since": "April 01, 2023",
                "name": "Vinay Paharia",
                "qualification": "Equity Portion",
                "total_exp": "20 Years"
            },
            {
                "managing_fund_since": "July 16, 2022",
                "name": "Puneet Pal",
                "qualification": "Debt Portion",
                "total_exp": "22 Years"
            }
        ],
        "load": {
            "entry_load": "NA.",
            "exit_load": "For Exits within 90 days from date of allotment of units 0.50 For Exits beyond 90 days from date of allotment of units NIL."
        },
        "main_scheme_name": "pgim india midcap opportunities fund",
        "metrics": {
            "alpha": null,
            "arithmetic_mean_ratio": null,
            "average_div_yld": null,
            "average_pb": null,
            "average_pe": null,
            "avg_maturity": null,
            "beta": "0.84",
            "correlation_ratio": null,
            "downside_deviation": null,
            "information_ratio": null,
            "macaulay": null,
            "mod_duration": null,
            "port_turnover_ratio": "0.48",
            "r_squared_ratio": null,
            "roe_ratio": null,
            "sharpe": "0.31",
            "sortino_ratio": null,
            "std_dev": "16.67",
            "tracking_error": null,
            "treynor_ratio": null,
            "upside_deviation": null,
            "volatility_measures": "3 Years",
            "ytm": null
        },
        "min_addl_amt": "1000",
        "min_addl_amt_multiple": "1",
        "min_amt": "5000",
        "min_amt_multiple": "1",
        "monthly_aaum_date": "28FEBRUARY2025",
        "monthly_aaum_value": "10755.92",
        "mutual_fund_name": "PGIM India Mutual Fund",
        "page_number": [
            13
        ],
        "scheme_launch_date": null
    },
    "pgim india small cap fund": {
        "amc_name": "PGIM India Asset Management Private Limited",
        "benchmark_index": "NIFTY Smallcap 250 TRI",
        "fund_manager": [
            {
                "managing_fund_since": "April 15, 2024",
                "name": "Utsav Mehta",
                "qualification": "Equity Portion",
                "total_exp": "13 Years"
            },
            {
                "managing_fund_since": "April 15, 2024",
                "name": "Vivek Sharma",
                "qualification": "Equity Portion",
                "total_exp": "14 Years"
            },
            {
                "managing_fund_since": "April 01, 2023",
                "name": "Vinay Paharia",
                "qualification": "Equity Portion",
                "total_exp": "20 Years"
            },
            {
                "managing_fund_since": "October 12, 2023",
                "name": "Chetan Gindodia",
                "qualification": "Overseas Investments",
                "total_exp": "8 Years"
            },
            {
                "managing_fund_since": "April 01, 2023",
                "name": "Puneet Pal",
                "qualification": "Debt Portion",
                "total_exp": "22 Years"
            }
        ],
        "load": {
            "entry_load": "NA.",
            "exit_load": "For Exits within 90 days from date of allotment of units 0.50 For Exits beyond 90 days from date of allotment of units NIL."
        },
        "main_scheme_name": "pgim india small cap fund",
        "metrics": {
            "alpha": null,
            "arithmetic_mean_ratio": null,
            "average_div_yld": null,
            "average_pb": null,
            "average_pe": null,
            "avg_maturity": null,
            "beta": "0.77",
            "correlation_ratio": null,
            "downside_deviation": null,
            "information_ratio": null,
            "macaulay": null,
            "mod_duration": null,
            "port_turnover_ratio": "0.60",
            "r_squared_ratio": null,
            "roe_ratio": null,
            "sharpe": "0.19",
            "sortino_ratio": null,
            "std_dev": "18.59",
            "tracking_error": null,
            "treynor_ratio": null,
            "upside_deviation": null,
            "volatility_measures": "3 Years",
            "ytm": null
        },
        "min_addl_amt": "1000",
        "min_addl_amt_multiple": "1",
        "min_amt": "5000",
        "min_amt_multiple": "1",
        "monthly_aaum_date": "28FEBRUARY2025",
        "monthly_aaum_value": "1468.84",
        "mutual_fund_name": "PGIM India Mutual Fund",
        "page_number": [
            14
        ],
        "scheme_launch_date": null
    },
    "pgim india t elss tax saver fund": {
        "amc_name": "PGIM India Asset Management Private Limited",
        "benchmark_index": "NIFTY 500 TRI",
        "fund_manager": [
            {
                "managing_fund_since": "April 15, 2024",
                "name": "Vivek Sharma",
                "qualification": "Equity Portion",
                "total_exp": "14 Years"
            },
            {
                "managing_fund_since": "April 15, 2024",
                "name": "Utsav Mehta",
                "qualification": "Equity Portion",
                "total_exp": "13 Years"
            },
            {
                "managing_fund_since": "April 01, 2023",
                "name": "Vinay Paharia",
                "qualification": "Equity Portion",
                "total_exp": "20 Years"
            },
            {
                "managing_fund_since": "April 01, 2023",
                "name": "Bhupesh Kalyani",
                "qualification": "Debt Portion",
                "total_exp": "18 Years"
            }
        ],
        "load": {
            "entry_load": "NA.",
            "exit_load": "Nil"
        },
        "main_scheme_name": "pgim india t elss tax saver fund",
        "metrics": {
            "alpha": null,
            "arithmetic_mean_ratio": null,
            "average_div_yld": null,
            "average_pb": null,
            "average_pe": null,
            "avg_maturity": null,
            "beta": "0.87",
            "correlation_ratio": null,
            "downside_deviation": null,
            "information_ratio": null,
            "macaulay": null,
            "mod_duration": null,
            "port_turnover_ratio": "0.41",
            "r_squared_ratio": null,
            "roe_ratio": null,
            "sharpe": "0.37",
            "sortino_ratio": null,
            "std_dev": "14.48",
            "tracking_error": null,
            "treynor_ratio": null,
            "upside_deviation": null,
            "volatility_measures": "3 Years",
            "ytm": null
        },
        "min_addl_amt": "1000",
        "min_addl_amt_multiple": "1",
        "min_amt": "500",
        "min_amt_multiple": "500",
        "monthly_aaum_date": "28FEBRUARY2025",
        "monthly_aaum_value": "760.63",
        "mutual_fund_name": "PGIM India Mutual Fund",
        "page_number": [
            15
        ],
        "scheme_launch_date": null
    },
    "pgim india healthcare fund": {
        "amc_name": "PGIM India Asset Management Private Limited",
        "benchmark_index": "BSE Healthcare TRI",
        "fund_manager": [
            {
                "managing_fund_since": "Dec 06, 2024",
                "name": "Anandha Padmanabhan Anjeneyan",
                "qualification": "Equity Portion",
                "total_exp": "15 Years"
            },
            {
                "managing_fund_since": "",
                "name": "Utsav Mehta",
                "qualification": "Equity Portion",
                "total_exp": "13 Years"
            },
            {
                "managing_fund_since": "",
                "name": "Vivek Sharma",
                "qualification": "Equity Portion",
                "total_exp": "14 Years"
            },
            {
                "managing_fund_since": "Dec 06, 2024",
                "name": "Puneet Pal",
                "qualification": "",
                "total_exp": "22 Years"
            }
        ],
        "load": {
            "entry_load": "NA.",
            "exit_load": "For Exits within 90 days from date of allotment of units 0.50 For Exits beyond 90 days from date of allotment of units NIL."
        },
        "main_scheme_name": "pgim india healthcare fund",
        "metrics": {
            "alpha": null,
            "arithmetic_mean_ratio": null,
            "average_div_yld": null,
            "average_pb": null,
            "average_pe": null,
            "avg_maturity": null,
            "beta": null,
            "correlation_ratio": null,
            "downside_deviation": null,
            "information_ratio": null,
            "macaulay": null,
            "mod_duration": null,
            "port_turnover_ratio": null,
            "r_squared_ratio": null,
            "roe_ratio": null,
            "sharpe": null,
            "sortino_ratio": null,
            "std_dev": null,
            "tracking_error": null,
            "treynor_ratio": null,
            "upside_deviation": null,
            "ytm": null
        },
        "min_addl_amt": "1000",
        "min_addl_amt_multiple": "1",
        "min_amt": "5000",
        "min_amt_multiple": "1",
        "monthly_aaum_date": "28FEBRUARY2025",
        "monthly_aaum_value": "108.66",
        "mutual_fund_name": "PGIM India Mutual Fund",
        "page_number": [
            16
        ],
        "scheme_launch_date": null
    },
    "pgim india retirement fund": {
        "amc_name": "PGIM India Asset Management Private Limited",
        "benchmark_index": "BSE 500 TRI",
        "fund_manager": [
            {
                "managing_fund_since": "April 15, 2024",
                "name": "Vinay Paharia",
                "qualification": "Equity Portion",
                "total_exp": "20 Years"
            },
            {
                "managing_fund_since": "April 15, 2024",
                "name": "Puneet Pal",
                "qualification": "Reits  Invits Debt Portion",
                "total_exp": "22 Years"
            },
            {
                "managing_fund_since": "August 01, 2024",
                "name": "Anandha Padmanabhan Anjeneyan",
                "qualification": "Equity Portion",
                "total_exp": "15 Years"
            },
            {
                "managing_fund_since": "August 01, 2024",
                "name": "Vivek Sharma",
                "qualification": "Equity Portion",
                "total_exp": "14 Years"
            }
        ],
        "load": {
            "entry_load": "NA.",
            "exit_load": "NIL."
        },
        "main_scheme_name": "pgim india retirement fund",
        "metrics": {
            "alpha": null,
            "arithmetic_mean_ratio": null,
            "average_div_yld": null,
            "average_pb": null,
            "average_pe": null,
            "avg_maturity": null,
            "beta": null,
            "correlation_ratio": null,
            "downside_deviation": null,
            "information_ratio": null,
            "macaulay": null,
            "mod_duration": null,
            "port_turnover_ratio": "0.18",
            "r_squared_ratio": null,
            "roe_ratio": null,
            "sharpe": null,
            "sortino_ratio": null,
            "std_dev": null,
            "tracking_error": null,
            "treynor_ratio": null,
            "upside_deviation": null,
            "ytm": null
        },
        "min_addl_amt": "1000",
        "min_addl_amt_multiple": "1",
        "min_amt": "5000",
        "min_amt_multiple": "1",
        "monthly_aaum_date": "28FEBRUARY2025",
        "monthly_aaum_value": "73.74",
        "mutual_fund_name": "PGIM India Mutual Fund",
        "page_number": [
            17
        ],
        "scheme_launch_date": null
    },
    "pgim india emerging markets equity fund": {
        "amc_name": "PGIM India Asset Management Private Limited",
        "benchmark_index": null,
        "fund_manager": [
            {
                "managing_fund_since": "March 29, 2024",
                "name": "Chetan Gindodia",
                "qualification": "",
                "total_exp": "8 Years"
            }
        ],
        "load": {
            "entry_load": "NA.",
            "exit_load": "For Exits within 90 days from date of allotment of units 0.50 For Exits beyond 90 days from date of allotment of units NIL."
        },
        "main_scheme_name": "pgim india emerging markets equity fund",
        "metrics": {
            "alpha": null,
            "arithmetic_mean_ratio": null,
            "average_div_yld": null,
            "average_pb": null,
            "average_pe": null,
            "avg_maturity": null,
            "beta": null,
            "correlation_ratio": null,
            "downside_deviation": null,
            "information_ratio": null,
            "macaulay": null,
            "mod_duration": null,
            "port_turnover_ratio": null,
            "r_squared_ratio": null,
            "roe_ratio": null,
            "sharpe": null,
            "sortino_ratio": null,
            "std_dev": null,
            "tracking_error": null,
            "treynor_ratio": null,
            "upside_deviation": null,
            "ytm": null
        },
        "min_addl_amt": "1000",
        "min_addl_amt_multiple": "1",
        "min_amt": "5000",
        "min_amt_multiple": "1",
        "monthly_aaum_date": "28FEBRUARY2025",
        "monthly_aaum_value": "96.41",
        "mutual_fund_name": "PGIM India Mutual Fund",
        "page_number": [
            18
        ],
        "scheme_launch_date": null
    },
    "pgim india global equity opportunities fund": {
        "amc_name": "PGIM India Asset Management Private Limited",
        "benchmark_index": "MSCI All Country World Index",
        "fund_manager": [
            {
                "managing_fund_since": "March 29, 2024",
                "name": "Chetan Gindodia",
                "qualification": "",
                "total_exp": "8 Years"
            }
        ],
        "load": {
            "entry_load": "NA.",
            "exit_load": "For Exits within 90 days from date of allotment of units 0.50 For Exits beyond 90 days from date of allotment of units NIL."
        },
        "main_scheme_name": "pgim india global equity opportunities fund",
        "metrics": {
            "alpha": null,
            "arithmetic_mean_ratio": null,
            "average_div_yld": null,
            "average_pb": null,
            "average_pe": null,
            "avg_maturity": null,
            "beta": null,
            "correlation_ratio": null,
            "downside_deviation": null,
            "information_ratio": null,
            "macaulay": null,
            "mod_duration": null,
            "port_turnover_ratio": "0.04",
            "r_squared_ratio": null,
            "roe_ratio": null,
            "sharpe": null,
            "sortino_ratio": null,
            "std_dev": null,
            "tracking_error": null,
            "treynor_ratio": null,
            "upside_deviation": null,
            "ytm": null
        },
        "min_addl_amt": "1000",
        "min_addl_amt_multiple": "1",
        "min_amt": "5000",
        "min_amt_multiple": "1",
        "monthly_aaum_date": "28FEBRUARY2025",
        "monthly_aaum_value": "1411.73",
        "mutual_fund_name": "PGIM India Mutual Fund",
        "page_number": [
            19
        ],
        "scheme_launch_date": null
    },
    "pgim india global select real estate securities fund of fund": {
        "amc_name": "PGIM India Asset Management Private Limited",
        "benchmark_index": "FTSE EPRA  NAREIT Developed Index",
        "fund_manager": [
            {
                "managing_fund_since": "March 29, 2024",
                "name": "Chetan Gindodia",
                "qualification": "",
                "total_exp": "8 Years"
            }
        ],
        "load": {
            "entry_load": "NA.",
            "exit_load": "For Exits within 90 days from date of allotment of units 0.50 For Exits beyond 90 days from date of allotment of units NIL."
        },
        "main_scheme_name": "pgim india global select real estate securities fund of fund",
        "metrics": {
            "alpha": null,
            "arithmetic_mean_ratio": null,
            "average_div_yld": null,
            "average_pb": null,
            "average_pe": null,
            "avg_maturity": null,
            "beta": null,
            "correlation_ratio": null,
            "downside_deviation": null,
            "information_ratio": null,
            "macaulay": null,
            "mod_duration": null,
            "port_turnover_ratio": "0.01",
            "r_squared_ratio": null,
            "roe_ratio": null,
            "sharpe": null,
            "sortino_ratio": null,
            "std_dev": null,
            "tracking_error": null,
            "treynor_ratio": null,
            "upside_deviation": null,
            "ytm": null
        },
        "min_addl_amt": "1000",
        "min_addl_amt_multiple": "1",
        "min_amt": "5000",
        "min_amt_multiple": "1",
        "monthly_aaum_date": "28FEBRUARY2025",
        "monthly_aaum_value": "51.56",
        "mutual_fund_name": "PGIM India Mutual Fund",
        "page_number": [
            20
        ],
        "scheme_launch_date": null
    },
    "pgim india hybrid equity fund": {
        "amc_name": "PGIM India Asset Management Private Limited",
        "benchmark_index": "CRISIL Hybrid 3565 - Aggresive Index",
        "fund_manager": [
            {
                "managing_fund_since": "April 15, 2024",
                "name": "Anandha  Padmanabhan Anjeneyan",
                "qualification": "Equity Portion",
                "total_exp": "15 Years"
            },
            {
                "managing_fund_since": "April 01, 2023",
                "name": "Vinay Paharia",
                "qualification": "Equity Portion",
                "total_exp": "20 Years"
            },
            {
                "managing_fund_since": "March 29, 2024",
                "name": "Chetan Gindodia",
                "qualification": "Overseas Investments",
                "total_exp": "8 Years"
            },
            {
                "managing_fund_since": "April 01, 2023",
                "name": "Puneet Pal",
                "qualification": "Debt Portion",
                "total_exp": "22 Years"
            }
        ],
        "load": {
            "entry_load": "NA",
            "exit_load": "For Exits within 90 days from date of allotment of units 0.50 For Exits beyond 90 days from date of allotment of units NIL."
        },
        "main_scheme_name": "pgim india hybrid equity fund",
        "metrics": {
            "alpha": null,
            "arithmetic_mean_ratio": null,
            "average_div_yld": null,
            "average_pb": null,
            "average_pe": null,
            "avg_maturity": "10.56 yrs",
            "beta": "1.08",
            "correlation_ratio": null,
            "downside_deviation": null,
            "information_ratio": null,
            "macaulay": null,
            "mod_duration": "6.09 yrs",
            "port_turnover_ratio": "0.28",
            "r_squared_ratio": null,
            "roe_ratio": null,
            "sharpe": "0.33",
            "sortino_ratio": null,
            "std_dev": "9.08",
            "tracking_error": null,
            "treynor_ratio": null,
            "upside_deviation": null,
            "volatility_measures": "3 Years",
            "ytm": "6.97"
        },
        "min_addl_amt": "1000",
        "min_addl_amt_multiple": "1",
        "min_amt": "5000",
        "min_amt_multiple": "1",
        "monthly_aaum_date": "28FEBRUARY2025",
        "monthly_aaum_value": "208.25",
        "mutual_fund_name": "PGIM India Mutual Fund",
        "page_number": [
            21
        ],
        "scheme_launch_date": null
    },
    "pgim india d arbitrage fund": {
        "amc_name": "PGIM India Asset Management Private Limited",
        "benchmark_index": "Nifty 50 Arbitrage Index",
        "fund_manager": [
            {
                "managing_fund_since": "March 29, 2024",
                "name": "Chetan Chavan",
                "qualification": "Equity Portion",
                "total_exp": "20 Years"
            },
            {
                "managing_fund_since": "April 22, 2022",
                "name": "Puneet Pal",
                "qualification": "Debt Portion",
                "total_exp": "22 Years"
            }
        ],
        "load": {
            "entry_load": "NA",
            "exit_load": "(w.e.f. October 25, 2023) For exits within 30 days from the date of allotment of units 0.25 For exits beyond 30 days from the date of allotment of units Nil"
        },
        "main_scheme_name": "pgim india d arbitrage fund",
        "metrics": {
            "alpha": null,
            "arithmetic_mean_ratio": null,
            "average_div_yld": null,
            "average_pb": null,
            "average_pe": null,
            "avg_maturity": null,
            "beta": "0.48",
            "correlation_ratio": null,
            "downside_deviation": null,
            "information_ratio": null,
            "macaulay": null,
            "mod_duration": null,
            "port_turnover_ratio": "1.09",
            "r_squared_ratio": null,
            "roe_ratio": null,
            "sharpe": "0.21",
            "sortino_ratio": null,
            "std_dev": "1.19",
            "tracking_error": null,
            "treynor_ratio": null,
            "upside_deviation": null,
            "volatility_measures": "3 Years",
            "ytm": null
        },
        "min_addl_amt": "1000",
        "min_addl_amt_multiple": "1",
        "min_amt": "5000",
        "min_amt_multiple": "1",
        "monthly_aaum_date": "28FEBRUARY2025",
        "monthly_aaum_value": "86.52",
        "mutual_fund_name": "PGIM India Mutual Fund",
        "page_number": [
            22
        ],
        "scheme_launch_date": null
    },
    "pgim india d equity savings fund": {
        "amc_name": "PGIM India Asset Management Private Limited",
        "benchmark_index": "NIFTY Equity Savings Index",
        "fund_manager": [
            {
                "managing_fund_since": "May 12, 2022",
                "name": "Anandha Padmanabhan Anjeneyan",
                "qualification": "Equity Portion",
                "total_exp": "15 Years"
            },
            {
                "managing_fund_since": "April 15, 2024",
                "name": "Vivek Sharma",
                "qualification": "Equity Portion",
                "total_exp": "14 Years"
            },
            {
                "managing_fund_since": "April 01, 2023",
                "name": "Vinay Paharia",
                "qualification": "Equity Portion",
                "total_exp": "20 Years"
            },
            {
                "managing_fund_since": "December 01, 2021",
                "name": "Puneet Pal",
                "qualification": "Debt Portion",
                "total_exp": "22 Years"
            }
        ],
        "load": {
            "entry_load": "NA",
            "exit_load": "Nil"
        },
        "main_scheme_name": "pgim india d equity savings fund",
        "metrics": {
            "alpha": null,
            "arithmetic_mean_ratio": null,
            "average_div_yld": null,
            "average_pb": null,
            "average_pe": null,
            "avg_maturity": "4.36 yrs",
            "beta": "0.44",
            "correlation_ratio": null,
            "downside_deviation": null,
            "information_ratio": null,
            "macaulay": null,
            "mod_duration": "3.17 yrs",
            "port_turnover_ratio": "0.36",
            "r_squared_ratio": null,
            "roe_ratio": null,
            "sharpe": "0.04",
            "sortino_ratio": null,
            "std_dev": "4.84",
            "tracking_error": null,
            "treynor_ratio": null,
            "upside_deviation": null,
            "volatility_measures": "3 Years",
            "ytm": "6.84"
        },
        "min_addl_amt": "1000",
        "min_addl_amt_multiple": "1",
        "min_amt": "5000",
        "min_amt_multiple": "1",
        "monthly_aaum_date": "28FEBRUARY2025",
        "monthly_aaum_value": "70.73",
        "mutual_fund_name": "PGIM India Mutual Fund",
        "page_number": [
            23
        ],
        "scheme_launch_date": null
    },
    "pgim india balanced advantage fund": {
        "amc_name": "PGIM India Asset Management Private Limited",
        "benchmark_index": "CRISIL Hybrid 5050 Moderate Index",
        "fund_manager": [
            {
                "managing_fund_since": "April 15, 2024",
                "name": "Utsav Mehta",
                "qualification": "Equity Portion",
                "total_exp": "13 Years"
            },
            {
                "managing_fund_since": "April 01, 2023",
                "name": "Anandha Padmanabhan Anjeneyan",
                "qualification": "Equity Portion",
                "total_exp": "15 Years"
            },
            {
                "managing_fund_since": "April 01, 2023",
                "name": "Vinay Paharia",
                "qualification": "Equity Portion",
                "total_exp": "20 Years"
            },
            {
                "managing_fund_since": "March 29, 2024",
                "name": "Chetan Gindodia",
                "qualification": "Overseas Investments",
                "total_exp": "8 Years"
            },
            {
                "managing_fund_since": "December 01, 2021",
                "name": "Puneet Pal",
                "qualification": "Debt Portion",
                "total_exp": "22 Years"
            }
        ],
        "load": {
            "entry_load": "NA.",
            "exit_load": "For Exits within 90 days from date of allotment of units 0.50 For Exits beyond 90 days from date of allotment of units NIL."
        },
        "main_scheme_name": "pgim india balanced advantage fund",
        "metrics": {
            "alpha": null,
            "arithmetic_mean_ratio": null,
            "average_div_yld": null,
            "average_pb": null,
            "average_pe": null,
            "avg_maturity": "8.80 years",
            "beta": "0.99",
            "correlation_ratio": null,
            "downside_deviation": null,
            "information_ratio": null,
            "macaulay": null,
            "mod_duration": "5.16 years",
            "port_turnover_ratio": "0.55",
            "r_squared_ratio": null,
            "roe_ratio": null,
            "sharpe": "0.25",
            "sortino_ratio": null,
            "std_dev": "7.60",
            "tracking_error": null,
            "treynor_ratio": null,
            "upside_deviation": null,
            "volatility_measures": "3 Years",
            "ytm": "7.10"
        },
        "min_addl_amt": "1000",
        "min_addl_amt_multiple": "1",
        "min_amt": "5000",
        "min_amt_multiple": "1",
        "monthly_aaum_date": "28FEBRUARY2025",
        "monthly_aaum_value": "984.91",
        "mutual_fund_name": "PGIM India Mutual Fund",
        "page_number": [
            24
        ],
        "scheme_launch_date": null
    },
    "pgim india overnight fund": {
        "amc_name": "PGIM India Asset Management Private Limited",
        "benchmark_index": null,
        "fund_manager": [
            {
                "managing_fund_since": "September 13, 2022",
                "name": "Bhupesh Kalyani",
                "qualification": "",
                "total_exp": "18 Years"
            },
            {
                "managing_fund_since": "July 16, 2022",
                "name": "Puneet Pal",
                "qualification": "",
                "total_exp": "22 Years"
            }
        ],
        "load": {
            "entry_load": "NA.",
            "exit_load": "Nil For rating methodology refer page no. 36"
        },
        "main_scheme_name": "pgim india overnight fund",
        "metrics": {
            "alpha": null,
            "arithmetic_mean_ratio": null,
            "average_div_yld": null,
            "average_pb": null,
            "average_pe": null,
            "avg_maturity": "1 day",
            "beta": null,
            "correlation_ratio": null,
            "downside_deviation": null,
            "information_ratio": null,
            "macaulay": "1 day",
            "mod_duration": "1 day",
            "port_turnover_ratio": null,
            "r_squared_ratio": null,
            "roe_ratio": null,
            "sharpe": null,
            "sortino_ratio": null,
            "std_dev": null,
            "tracking_error": null,
            "treynor_ratio": null,
            "upside_deviation": null,
            "ytm": "6.74"
        },
        "min_addl_amt": "1000",
        "min_addl_amt_multiple": "1",
        "min_amt": null,
        "min_amt_multiple": null,
        "monthly_aaum_date": "28FEBRUARY2025",
        "monthly_aaum_value": "119.10",
        "mutual_fund_name": "PGIM India Mutual Fund",
        "page_number": [
            27
        ],
        "scheme_launch_date": null
    },
    "pgim india liquid fund": {
        "amc_name": "PGIM India Asset Management Private Limited",
        "benchmark_index": null,
        "fund_manager": [
            {
                "managing_fund_since": "September 13, 2022",
                "name": "Bhupesh Kalyani",
                "qualification": "",
                "total_exp": "18 Years"
            },
            {
                "managing_fund_since": "July 16, 2022",
                "name": "Puneet Pal",
                "qualification": "",
                "total_exp": "22 Years"
            }
        ],
        "load": {
            "entry_load": "NA. Exit Load Investor exit upon",
            "exit_load": "as a  of redemption subscription switch proceeds Day 1 0.0070 Day 2 0.0065 Day 3 0.0060 Day 4 0.0055 Day 5 0.0050 Day 6 0.0045 Day 7 onwards 0.0000 For rating methodology refer page no. 36"
        },
        "main_scheme_name": "pgim india liquid fund",
        "metrics": {
            "alpha": null,
            "arithmetic_mean_ratio": null,
            "average_div_yld": null,
            "average_pb": null,
            "average_pe": null,
            "avg_maturity": "1.20 months",
            "beta": null,
            "correlation_ratio": null,
            "downside_deviation": null,
            "information_ratio": null,
            "macaulay": "1.20 months",
            "mod_duration": "1.08 months",
            "port_turnover_ratio": null,
            "r_squared_ratio": null,
            "roe_ratio": null,
            "sharpe": null,
            "sortino_ratio": null,
            "std_dev": null,
            "tracking_error": null,
            "treynor_ratio": null,
            "upside_deviation": null,
            "ytm": "7.28"
        },
        "min_addl_amt": "1000",
        "min_addl_amt_multiple": "1",
        "min_amt": null,
        "min_amt_multiple": null,
        "monthly_aaum_date": "28FEBRUARY2025",
        "monthly_aaum_value": "400.41",
        "mutual_fund_name": "PGIM India Mutual Fund",
        "page_number": [
            28
        ],
        "scheme_launch_date": null
    },
    "pgim india ultra short duration fun": {
        "amc_name": "PGIM India Asset Management Private Limited",
        "benchmark_index": "CRISIL Ultra Short Duration Debt A-I Index",
        "fund_manager": [
            {
                "managing_fund_since": "July 16, 2022",
                "name": "Puneet Pal",
                "qualification": "",
                "total_exp": "22 Years"
            },
            {
                "managing_fund_since": "September 13, 2022",
                "name": "Bhupesh Kalyani",
                "qualification": "",
                "total_exp": "18 Years"
            }
        ],
        "load": {
            "entry_load": "NA.",
            "exit_load": "Nil. For rating methodology refer page no. 36"
        },
        "main_scheme_name": "pgim india ultra short duration fun",
        "metrics": {
            "alpha": null,
            "arithmetic_mean_ratio": null,
            "average_div_yld": null,
            "average_pb": null,
            "average_pe": null,
            "avg_maturity": "4.93 months",
            "beta": null,
            "correlation_ratio": null,
            "downside_deviation": null,
            "information_ratio": null,
            "macaulay": "4.92 months",
            "mod_duration": "4.57 months",
            "port_turnover_ratio": null,
            "r_squared_ratio": null,
            "roe_ratio": null,
            "sharpe": null,
            "sortino_ratio": null,
            "std_dev": null,
            "tracking_error": null,
            "treynor_ratio": null,
            "upside_deviation": null,
            "ytm": "7.49"
        },
        "min_addl_amt": "1000",
        "min_addl_amt_multiple": "1",
        "min_amt": null,
        "min_amt_multiple": null,
        "monthly_aaum_date": "28FEBRUARY2025",
        "monthly_aaum_value": "218.72",
        "mutual_fund_name": "PGIM India Mutual Fund",
        "page_number": [
            29
        ],
        "scheme_launch_date": null
    },
    "pgim india money market fund": {
        "amc_name": "PGIM India Asset Management Private Limited",
        "benchmark_index": "CRISIL Money Market A-I Index",
        "fund_manager": [
            {
                "managing_fund_since": "July 16, 2022",
                "name": "Puneet Pal",
                "qualification": "",
                "total_exp": "22 Years"
            },
            {
                "managing_fund_since": "September 13, 2022",
                "name": "Bhupesh Kalyani",
                "qualification": "",
                "total_exp": "18 Years"
            }
        ],
        "load": {
            "entry_load": "NA.",
            "exit_load": "(W.e.f. January 10, 2022) Nil. For rating methodology refer page no. 36"
        },
        "main_scheme_name": "pgim india money market fund",
        "metrics": {
            "alpha": null,
            "arithmetic_mean_ratio": null,
            "average_div_yld": null,
            "average_pb": null,
            "average_pe": null,
            "avg_maturity": "5.64 months",
            "beta": null,
            "correlation_ratio": null,
            "downside_deviation": null,
            "information_ratio": null,
            "macaulay": "5.64 months",
            "mod_duration": "5.21 months",
            "port_turnover_ratio": null,
            "r_squared_ratio": null,
            "roe_ratio": null,
            "sharpe": null,
            "sortino_ratio": null,
            "std_dev": null,
            "tracking_error": null,
            "treynor_ratio": null,
            "upside_deviation": null,
            "ytm": "7.39"
        },
        "min_addl_amt": "1000",
        "min_addl_amt_multiple": "1",
        "min_amt": "5000",
        "min_amt_multiple": "1",
        "monthly_aaum_date": "28FEBRUARY2025",
        "monthly_aaum_value": "175.36",
        "mutual_fund_name": "PGIM India Mutual Fund",
        "page_number": [
            30
        ],
        "scheme_launch_date": null
    },
    "pgim india t dynamic bond fund": {
        "amc_name": "PGIM India Asset Management Private Limited",
        "benchmark_index": null,
        "fund_manager": [
            {
                "managing_fund_since": "",
                "name": "Puneet Pal",
                "qualification": "",
                "total_exp": "22 Years"
            },
            {
                "managing_fund_since": "September 13, 2022",
                "name": "Bhupesh Kalyani",
                "qualification": "",
                "total_exp": "18 Years"
            }
        ],
        "load": {
            "entry_load": "NA.",
            "exit_load": "(W.e.f. January 10, 2022) Nil For rating methodology refer page no. 36"
        },
        "main_scheme_name": "pgim india t dynamic bond fund",
        "metrics": {
            "alpha": null,
            "arithmetic_mean_ratio": null,
            "average_div_yld": null,
            "average_pb": null,
            "average_pe": null,
            "avg_maturity": "11.07 yrs",
            "beta": null,
            "correlation_ratio": null,
            "downside_deviation": null,
            "information_ratio": null,
            "macaulay": "6.73 yrs",
            "mod_duration": "6.48 yrs",
            "port_turnover_ratio": null,
            "r_squared_ratio": null,
            "roe_ratio": null,
            "sharpe": null,
            "sortino_ratio": null,
            "std_dev": null,
            "tracking_error": null,
            "treynor_ratio": null,
            "upside_deviation": null,
            "ytm": "6.95"
        },
        "min_addl_amt": "1000",
        "min_addl_amt_multiple": "1",
        "min_amt": null,
        "min_amt_multiple": null,
        "monthly_aaum_date": "28FEBRUARY2025",
        "monthly_aaum_value": "106.72",
        "mutual_fund_name": "PGIM India Mutual Fund",
        "page_number": [
            31
        ],
        "scheme_launch_date": null
    },
    "pgim india corporate bond fund": {
        "amc_name": "PGIM India Asset Management Private Limited",
        "benchmark_index": "CRISIL Corporate Debt A-II Index",
        "fund_manager": [
            {
                "managing_fund_since": "",
                "name": "Puneet Pal",
                "qualification": "",
                "total_exp": "22 Years"
            },
            {
                "managing_fund_since": "September 13, 2022",
                "name": "Bhupesh Kalyani",
                "qualification": "",
                "total_exp": "18 Years"
            }
        ],
        "load": {
            "entry_load": "NA.",
            "exit_load": "Nil For rating methodology refer page no. 36"
        },
        "main_scheme_name": "pgim india corporate bond fund",
        "metrics": {
            "alpha": null,
            "arithmetic_mean_ratio": null,
            "average_div_yld": null,
            "average_pb": null,
            "average_pe": null,
            "avg_maturity": "3.87 yrs",
            "beta": null,
            "correlation_ratio": null,
            "downside_deviation": null,
            "information_ratio": null,
            "macaulay": "3.12 yrs",
            "mod_duration": "2.95 yrs",
            "port_turnover_ratio": null,
            "r_squared_ratio": null,
            "roe_ratio": null,
            "sharpe": null,
            "sortino_ratio": null,
            "std_dev": null,
            "tracking_error": null,
            "treynor_ratio": null,
            "upside_deviation": null,
            "ytm": "7.34"
        },
        "min_addl_amt": "1000",
        "min_addl_amt_multiple": "1",
        "min_amt": "5000",
        "min_amt_multiple": "1",
        "monthly_aaum_date": "28FEBRUARY2025",
        "monthly_aaum_value": "94.62",
        "mutual_fund_name": "PGIM India Mutual Fund",
        "page_number": [
            32
        ],
        "scheme_launch_date": null
    },
    "pgim india gilt fund": {
        "amc_name": "PGIM India Asset Management Private Limited",
        "benchmark_index": null,
        "fund_manager": [
            {
                "managing_fund_since": "",
                "name": "Puneet Pal",
                "qualification": "",
                "total_exp": "22 Years"
            },
            {
                "managing_fund_since": "September 13, 2022",
                "name": "Bhupesh Kalyani",
                "qualification": "",
                "total_exp": "18 Years"
            }
        ],
        "load": {
            "entry_load": "NA.",
            "exit_load": "Nil."
        },
        "main_scheme_name": "pgim india gilt fund",
        "metrics": {
            "alpha": null,
            "arithmetic_mean_ratio": null,
            "average_div_yld": null,
            "average_pb": null,
            "average_pe": null,
            "avg_maturity": "14.29 yrs",
            "beta": null,
            "correlation_ratio": null,
            "downside_deviation": null,
            "information_ratio": null,
            "macaulay": "7.86 yrs",
            "mod_duration": "7.60 yrs",
            "port_turnover_ratio": null,
            "r_squared_ratio": null,
            "roe_ratio": null,
            "sharpe": null,
            "sortino_ratio": null,
            "std_dev": null,
            "tracking_error": null,
            "treynor_ratio": null,
            "upside_deviation": null,
            "ytm": "6.94"
        },
        "min_addl_amt": "1000",
        "min_addl_amt_multiple": "1",
        "min_amt": "5000",
        "min_amt_multiple": "1",
        "monthly_aaum_date": "28FEBRUARY2025",
        "monthly_aaum_value": "114.19",
        "mutual_fund_name": "PGIM India Mutual Fund",
        "page_number": [
            33
        ],
        "scheme_launch_date": null
    },
    "pgim india crisil ibx gilt index - apr 2028 fund": {
        "amc_name": "PGIM India Asset Management Private Limited",
        "benchmark_index": null,
        "fund_manager": [
            {
                "managing_fund_since": "",
                "name": "Puneet Pal",
                "qualification": "",
                "total_exp": "22 Years"
            },
            {
                "managing_fund_since": "",
                "name": "Bhupesh Kalyani",
                "qualification": "",
                "total_exp": "18 Years"
            }
        ],
        "load": {
            "entry_load": "NA.",
            "exit_load": "Nil."
        },
        "main_scheme_name": "pgim india crisil ibx gilt index - apr 2028 fund",
        "metrics": {
            "alpha": null,
            "arithmetic_mean_ratio": null,
            "average_div_yld": null,
            "average_pb": null,
            "average_pe": null,
            "avg_maturity": "2.71 yrs",
            "beta": null,
            "correlation_ratio": null,
            "downside_deviation": null,
            "information_ratio": null,
            "macaulay": "2.43 yrs",
            "mod_duration": "2.36 yrs",
            "port_turnover_ratio": null,
            "r_squared_ratio": null,
            "roe_ratio": null,
            "sharpe": null,
            "sortino_ratio": null,
            "std_dev": null,
            "tracking_error": null,
            "treynor_ratio": null,
            "upside_deviation": null,
            "ytm": "6.74"
        },
        "min_addl_amt": "1000",
        "min_addl_amt_multiple": "1",
        "min_amt": "5000",
        "min_amt_multiple": "1",
        "monthly_aaum_date": "28FEBRUARY2025",
        "monthly_aaum_value": "26.47",
        "mutual_fund_name": "PGIM India Mutual Fund",
        "page_number": [
            34
        ],
        "scheme_launch_date": null
    }
}