{
 "metadata": {
  "document_name": "13_31-Mar-25_FS.pdf",
  "file_type": "fs",
  "process_date": "20250417"
 },
 "records": [
  {
   "value": {
    "amc_name": "HSBC Asset Management (India) Private Limited",
    "benchmark_index": [
     "Nifty 100 TRI 6"
    ],
    "field_location": [
     {
      "amc_name": "10",
      "benchmark_index": "10",
      "count": 41,
      "fund_manager_managing_fund_since": "10",
      "fund_manager_name": "10",
      "fund_manager_total_exp": "10",
      "load_entry": "10",
      "load_exit": "10",
      "main_scheme_name": "10",
      "metrics_beta": "10",
      "metrics_port_turnover_ratio": "10",
      "metrics_sharpe": "10",
      "metrics_std_dev": "10",
      "min_addl_amt": "10",
      "min_amt": "10",
      "monthly_aaum_date": "10",
      "monthly_aaum_value": "10",
      "mutual_fund_name": "10",
      "scheme_launch_date": "10"
     }
    ],
    "fund_manager": [
     {
      "managing_fund_since": "may 27, 2013",
      "name": "Neelotpal Sahai",
      "qualification": "",
      "total_exp": "30 years"
     },
     {
      "managing_fund_since": "june 01, 2023",
      "name": "Gautam Bhupal",
      "qualification": "",
      "total_exp": "20 years"
     },
     {
      "managing_fund_since": "dec, 2023",
      "name": "Sonal Gupta",
      "qualification": "",
      "total_exp": "20 years"
     }
    ],
    "load": [
     {
      "comment": "“NA”",
      "type": "entry"
     },
     {
      "comment": "• If the units redeemed or switched out are upto 10% of the units purchased or switched in (“the limit”) within 1 year from the date of allotment - Nil • If units redeemed or switched out are over and above the limit within 1 year from the date of allot- ment - 1% • If units are redeemed or switched out on or after 1 year from the date of allotment - Nil",
      "type": "exit"
     }
    ],
    "main_scheme_name": "HSBC Large Cap Fund",
    "metrics": [
     {
      "name": "sharpe",
      "value": "3"
     },
     {
      "name": "std_dev",
      "value": "14.29%"
     },
     {
      "name": "beta",
      "value": "0.94"
     },
     {
      "name": "port_turnover_ratio",
      "value": "1"
     }
    ],
    "min_addl_amt": "₹ 1,000",
    "min_amt": "1",
    "monthly_aaum_date": "20250331",
    "monthly_aaum_value": "₹ 1,735.82 Cr",
    "mutual_fund_name": "HSBC Mutual Fund",
    "scheme_launch_date": "20021210"
   }
  },
  {
   "value": {
    "amc_name": "HSBC Asset Management (India) Private Limited",
    "benchmark_index": [
     "250 TRI 6"
    ],
    "field_location": [
     {
      "amc_name": "11",
      "benchmark_index": "11",
      "count": 41,
      "fund_manager_managing_fund_since": "11",
      "fund_manager_name": "11",
      "fund_manager_total_exp": "11",
      "load_entry": "11",
      "load_exit": "11",
      "main_scheme_name": "11",
      "metrics_beta": "11",
      "metrics_port_turnover_ratio": "11",
      "metrics_sharpe": "11",
      "metrics_std_dev": "11",
      "min_addl_amt": "11",
      "min_amt": "11",
      "monthly_aaum_date": "11",
      "monthly_aaum_value": "11",
      "mutual_fund_name": "11",
      "scheme_launch_date": "11"
     }
    ],
    "fund_manager": [
     {
      "managing_fund_since": "nov 26, 2022",
      "name": "Cheenu Gupta",
      "qualification": "",
      "total_exp": "18 years"
     },
     {
      "managing_fund_since": "apr 1, 2024",
      "name": "Abhishek Gupta",
      "qualification": "",
      "total_exp": "19 years"
     },
     {
      "managing_fund_since": "dec, 2023",
      "name": "Sonal Gupta",
      "qualification": "",
      "total_exp": "20 years"
     }
    ],
    "load": [
     {
      "comment": "“NA”",
      "type": "entry"
     },
     {
      "comment": "If the units redeemed or switched out are upto 10% of the units purchased or switched in (“the limit”) with- in 1 year from the date of allotment - Nil If units redeemed or switched out are over and above the limit within 1 year from the date of allotment - 1% If units are redeemed or switched out on or after 1 year from the date of allotment - Nil",
      "type": "exit"
     }
    ],
    "main_scheme_name": "HSBC Large and Mid Cap Fund",
    "metrics": [
     {
      "name": "sharpe",
      "value": "3"
     },
     {
      "name": "std_dev",
      "value": "17.31%"
     },
     {
      "name": "beta",
      "value": "0.99"
     },
     {
      "name": "port_turnover_ratio",
      "value": "1"
     }
    ],
    "min_addl_amt": "₹ 1,000",
    "min_amt": "1",
    "monthly_aaum_date": "20250331",
    "monthly_aaum_value": "₹ 3,624.92",
    "mutual_fund_name": "HSBC Mutual Fund",
    "scheme_launch_date": "20190328"
   }
  },
  {
   "value": {
    "amc_name": "HSBC Asset Management (India) Private Limited",
    "benchmark_index": [
     "NIFTY Midcap 150 TRI Persistent Systems Limited BSE Limited Dixon Technologies (India) Limited"
    ],
    "field_location": [
     {
      "amc_name": "12",
      "benchmark_index": "12",
      "count": 41,
      "fund_manager_managing_fund_since": "12",
      "fund_manager_name": "12",
      "fund_manager_total_exp": "12",
      "load_entry": "12",
      "load_exit": "12",
      "main_scheme_name": "12",
      "metrics_beta": "12",
      "metrics_port_turnover_ratio": "12",
      "metrics_sharpe": "12",
      "metrics_std_dev": "12",
      "min_addl_amt": "12",
      "min_amt": "12",
      "monthly_aaum_date": "12",
      "monthly_aaum_value": "12",
      "mutual_fund_name": "12",
      "scheme_launch_date": "12"
     }
    ],
    "fund_manager": [
     {
      "managing_fund_since": "nov 26 2022 ",
      "name": "Hitachi Energy",
      "qualification": "",
      "total_exp": "18 years"
     },
     {
      "managing_fund_since": "oct 01 2023 ",
      "name": "D India",
      "qualification": "",
      "total_exp": "28 years"
     },
     {
      "managing_fund_since": "nov 26 2022 ",
      "name": "Cheenu Gupta",
      "qualification": "",
      "total_exp": "20 years"
     },
     {
      "managing_fund_since": "",
      "name": "Godfrey Phillips India",
      "qualification": "",
      "total_exp": ""
     },
     {
      "managing_fund_since": "",
      "name": "Ashok Leyland",
      "qualification": "",
      "total_exp": ""
     },
     {
      "managing_fund_since": "",
      "name": "Multi Commodity Exchange",
      "qualification": "",
      "total_exp": ""
     },
     {
      "managing_fund_since": "",
      "name": "Bharat Electronics",
      "qualification": "",
      "total_exp": ""
     },
     {
      "managing_fund_since": "",
      "name": "Nippon Life India",
      "qualification": "",
      "total_exp": ""
     },
     {
      "managing_fund_since": "",
      "name": "Sonal Gupta",
      "qualification": "",
      "total_exp": ""
     },
     {
      "managing_fund_since": "",
      "name": "Years Transformers And",
      "qualification": "",
      "total_exp": ""
     }
    ],
    "load": [
     {
      "comment": "“NA” Piramal Pharma Limited",
      "type": "entry"
     },
     {
      "comment": "• If the units redeemed or switched out Biocon Limited are upto 10% of the units purchased or switched in (“the limit”) within 1 year from the date of allotment Radico Khaitan Limited Apar Industries Limited - Nil Oberoi Realty Limited • If units redeemed or switched out are over and MphasiS Limited above the limit within 1 year from the date of allot- Aditya Birla Real Estate Limited ment - 1% Axis Bank Limited • If units are redeemed or switched out on or after 1 Hindustan Aeronautics Limited year from the date of allotment - Nil TVS Motor Company Limited PG Electroplast Limited",
      "type": "exit"
     }
    ],
    "main_scheme_name": "HSBC Midcap Fund",
    "metrics": [
     {
      "name": "sharpe",
      "value": "3"
     },
     {
      "name": "std_dev",
      "value": "17.59%"
     },
     {
      "name": "beta",
      "value": "0.91"
     },
     {
      "name": "port_turnover_ratio",
      "value": "1"
     }
    ],
    "min_addl_amt": "₹ 1,000",
    "min_amt": "1",
    "monthly_aaum_date": "20250331",
    "monthly_aaum_value": "₹ 9,957.32 Cr",
    "mutual_fund_name": "HSBC Mutual Fund",
    "scheme_launch_date": "20040809"
   }
  },
  {
   "value": {
    "amc_name": "HSBC Asset Management (India) Private Limited",
    "benchmark_index": [
     "NIFTY 500 TRI 6"
    ],
    "field_location": [
     {
      "amc_name": "13",
      "benchmark_index": "13",
      "count": 41,
      "fund_manager_managing_fund_since": "13",
      "fund_manager_name": "13",
      "fund_manager_total_exp": "13",
      "load_entry": "13",
      "load_exit": "13",
      "main_scheme_name": "13",
      "metrics_beta": "13",
      "metrics_port_turnover_ratio": "13",
      "metrics_sharpe": "13",
      "metrics_std_dev": "13",
      "min_addl_amt": "13",
      "min_amt": "13",
      "monthly_aaum_date": "13",
      "monthly_aaum_value": "13",
      "mutual_fund_name": "13",
      "scheme_launch_date": "13"
     }
    ],
    "fund_manager": [
     {
      "managing_fund_since": "mar, 01",
      "name": "Abhishek Gupta",
      "qualification": "",
      "total_exp": "19 years"
     },
     {
      "managing_fund_since": "apr, 01",
      "name": "Venugopal Manghat",
      "qualification": "",
      "total_exp": "28 years"
     },
     {
      "managing_fund_since": "dec, 2023",
      "name": "Sonal Gupta",
      "qualification": "",
      "total_exp": "20 years"
     }
    ],
    "load": [
     {
      "comment": "“NA”",
      "type": "entry"
     },
     {
      "comment": "If the units redeemed or switched out are upto 10% of the units purchased or switched in (‘‘the limit”) within 1 year from the date of allotment - Nil If units redeemed or switched out are over and above the limit within 1 year from the date of allotment - 1% If units are redeemed or switched out on or after 1 year from the date of allotment - Nil",
      "type": "exit"
     }
    ],
    "main_scheme_name": "HSBC Flexi Cap Fund",
    "metrics": [
     {
      "name": "sharpe",
      "value": "3"
     },
     {
      "name": "std_dev",
      "value": "15.13%"
     },
     {
      "name": "beta",
      "value": "0.95"
     },
     {
      "name": "port_turnover_ratio",
      "value": "1"
     }
    ],
    "min_addl_amt": "₹ 1,000",
    "min_amt": "1",
    "monthly_aaum_date": "20250331",
    "monthly_aaum_value": "₹ 4,376.39 Cr",
    "mutual_fund_name": "HSBC Mutual Fund",
    "scheme_launch_date": "20040224"
   }
  },
  {
   "value": {
    "amc_name": "HSBC Asset Management (India) Private Limited",
    "benchmark_index": [
     "50:25:25 TRI 4"
    ],
    "field_location": [
     {
      "amc_name": "14",
      "benchmark_index": "14",
      "count": 41,
      "fund_manager_managing_fund_since": "14",
      "fund_manager_name": "14",
      "fund_manager_total_exp": "14",
      "load_entry": "14",
      "load_exit": "14",
      "main_scheme_name": "14",
      "metrics_port_turnover_ratio": "14",
      "min_addl_amt": "14",
      "min_amt": "14",
      "monthly_aaum_date": "14",
      "monthly_aaum_value": "14",
      "mutual_fund_name": "14",
      "scheme_launch_date": "14"
     }
    ],
    "fund_manager": [
     {
      "managing_fund_since": "jan 30, 2023",
      "name": "Venugopal Manghat",
      "qualification": "",
      "total_exp": "28 years"
     },
     {
      "managing_fund_since": "apr 01, 2024",
      "name": "Gautam Bhupal",
      "qualification": "",
      "total_exp": "20 years"
     },
     {
      "managing_fund_since": "feb 1, 2025",
      "name": "Mahesh Chhabria",
      "qualification": "",
      "total_exp": "14.5 years"
     },
     {
      "managing_fund_since": "jan 30, 2023",
      "name": "Sonal Gupta",
      "qualification": "",
      "total_exp": "20 years"
     }
    ],
    "load": [
     {
      "comment": "“NA”",
      "type": "entry"
     },
     {
      "comment": "If units redeemed or switched out are upto 10% of the units purchased or switched in within 1 year from the date of allotment – Nil If units redeemed or switched out are over and above the limit within 1 year from the date of allotment – 1% If units are redeemed or switched out on or after 1 year from the date of allotment. – Nil",
      "type": "exit"
     }
    ],
    "main_scheme_name": "HSBC Multi Cap Fund",
    "metrics": [
     {
      "name": "port_turnover_ratio",
      "value": "1"
     }
    ],
    "min_addl_amt": "₹ 1,000",
    "min_amt": "1",
    "monthly_aaum_date": "20250331",
    "monthly_aaum_value": "₹ 4,097.04 Cr",
    "mutual_fund_name": "HSBC Mutual Fund",
    "scheme_launch_date": "20230130"
   }
  },
  {
   "value": {
    "amc_name": "HSBC Asset Management (India) Private Limited",
    "benchmark_index": [
     "250 TRI 6"
    ],
    "field_location": [
     {
      "amc_name": "15",
      "benchmark_index": "15",
      "count": 41,
      "fund_manager_managing_fund_since": "15",
      "fund_manager_name": "15",
      "fund_manager_total_exp": "15",
      "load_entry": "15",
      "load_exit": "15",
      "main_scheme_name": "15",
      "metrics_beta": "15",
      "metrics_port_turnover_ratio": "15",
      "metrics_sharpe": "15",
      "metrics_std_dev": "15",
      "min_addl_amt": "15",
      "min_amt": "15",
      "monthly_aaum_date": "15",
      "monthly_aaum_value": "15",
      "mutual_fund_name": "15",
      "scheme_launch_date": "15"
     }
    ],
    "fund_manager": [
     {
      "managing_fund_since": "dec 17, 2019",
      "name": "Venugopal Manghat",
      "qualification": "",
      "total_exp": "28 years"
     },
     {
      "managing_fund_since": "oct 01, 2023",
      "name": "Cheenu Gupta",
      "qualification": "",
      "total_exp": "18 years"
     },
     {
      "managing_fund_since": "july 05, 2021",
      "name": "Sonal Gupta",
      "qualification": "",
      "total_exp": "20 years"
     }
    ],
    "load": [
     {
      "comment": "“NA”",
      "type": "entry"
     },
     {
      "comment": "• If the units redeemed or switched out are upto 10% of the units purchased or switched in (“the limit”) within 1 year from the date of allotment - Nil • If units redeemed or switched out are over and above the limit within 1 year from the date of allot- ment - 1% • If units are redeemed or switched out on or after 1 year from the date of allotment - Nil",
      "type": "exit"
     }
    ],
    "main_scheme_name": "HSBC Small Cap Fund",
    "metrics": [
     {
      "name": "sharpe",
      "value": "3"
     },
     {
      "name": "std_dev",
      "value": "18.49%"
     },
     {
      "name": "beta",
      "value": "0.85"
     },
     {
      "name": "port_turnover_ratio",
      "value": "1"
     }
    ],
    "min_addl_amt": "₹ 1,000",
    "min_amt": "1",
    "monthly_aaum_date": "20250331",
    "monthly_aaum_value": "₹ 14,049.15 Cr",
    "mutual_fund_name": "HSBC Mutual Fund",
    "scheme_launch_date": "20140512"
   }
  },
  {
   "value": {
    "amc_name": "HSBC Asset Management (India) Private Limited",
    "benchmark_index": [
     "Nifty 500 TRI 4"
    ],
    "field_location": [
     {
      "amc_name": "16",
      "benchmark_index": "16",
      "count": 41,
      "fund_manager_managing_fund_since": "16",
      "fund_manager_name": "16",
      "fund_manager_total_exp": "16",
      "load_entry": "16",
      "load_exit": "16",
      "main_scheme_name": "16",
      "metrics_beta": "16",
      "metrics_port_turnover_ratio": "16",
      "metrics_sharpe": "16",
      "metrics_std_dev": "16",
      "min_addl_amt": "16",
      "min_amt": "16",
      "monthly_aaum_date": "16",
      "monthly_aaum_value": "16",
      "mutual_fund_name": "16",
      "scheme_launch_date": "16"
     }
    ],
    "fund_manager": [
     {
      "managing_fund_since": "jul 29, 2020",
      "name": "Neelotpal Sahai",
      "qualification": "",
      "total_exp": "30 years"
     },
     {
      "managing_fund_since": "jun 01, 2023",
      "name": "Cheenu Gupta",
      "qualification": "",
      "total_exp": "18 years"
     },
     {
      "managing_fund_since": "dec, 2023",
      "name": "Sonal Gupta",
      "qualification": "",
      "total_exp": "20 years"
     }
    ],
    "load": [
     {
      "comment": "“NA”",
      "type": "entry"
     },
     {
      "comment": "If the units redeemed or switched out are upto 10% of the units purchased or switched in (‘‘the limit”) within 1 year from the date of allotment - Nil If units redeemed or switched out are over and above the limit within 1 year from the date of allotment - 1% If units are redeemed or switched out on or after 1 year from the date of allotment - Nil",
      "type": "exit"
     }
    ],
    "main_scheme_name": "HSBC Focused Fund",
    "metrics": [
     {
      "name": "sharpe",
      "value": "6"
     },
     {
      "name": "std_dev",
      "value": "15.30%"
     },
     {
      "name": "beta",
      "value": "0.93"
     },
     {
      "name": "port_turnover_ratio",
      "value": "1"
     }
    ],
    "min_addl_amt": "₹ 1,000",
    "min_amt": "1",
    "monthly_aaum_date": "20250331",
    "monthly_aaum_value": "₹ 1,507.68 Cr",
    "mutual_fund_name": "HSBC Mutual Fund",
    "scheme_launch_date": "22-JULY-2020"
   }
  },
  {
   "value": {
    "amc_name": "HSBC Asset Management (India) Private Limited",
    "benchmark_index": [
     "of Mutual Fund Schemes’ has introduced two-tiered structure for benchmarking of certain categories of schemes. Accordingly, the benchmark has been classified as Tier 1 benchmark. Furthermore , the same is effective from 01 December 2021. o d e r a t e M o d e r a t M R i s k H i g h R e l y"
    ],
    "field_location": [
     {
      "amc_name": "17",
      "benchmark_index": "17",
      "count": 41,
      "fund_manager_managing_fund_since": "17",
      "fund_manager_name": "17",
      "fund_manager_total_exp": "17",
      "load_entry": "17",
      "load_exit": "17",
      "main_scheme_name": "17",
      "metrics_beta": "17",
      "metrics_port_turnover_ratio": "17",
      "metrics_sharpe": "17",
      "metrics_std_dev": "17",
      "min_addl_amt": "17",
      "min_amt": "17",
      "monthly_aaum_date": "17",
      "monthly_aaum_value": "17",
      "mutual_fund_name": "17",
      "scheme_launch_date": "17"
     }
    ],
    "fund_manager": [
     {
      "managing_fund_since": "dec 17, 2019",
      "name": "Venugopal Manghat",
      "qualification": "",
      "total_exp": "28 years"
     },
     {
      "managing_fund_since": "nov 26, 2022",
      "name": "Gautam Bhupal",
      "qualification": "",
      "total_exp": "20 years"
     },
     {
      "managing_fund_since": "nov 26, 2022",
      "name": "Sonal Gupta",
      "qualification": "",
      "total_exp": "20 years"
     }
    ],
    "load": [
     {
      "comment": "“NA”",
      "type": "entry"
     },
     {
      "comment": "• If the units redeemed or switched out are upto 10% of the units purchased or switched in (“the limit”) within 1 year from the date of allotment - Nil • If units redeemed or switched out are over and above the limit within 1 year from the date of allot- ment - 1% • If units are redeemed or switched out on or after 1 year from the date of allotment - Nil",
      "type": "exit"
     }
    ],
    "main_scheme_name": "HSBC Infrastructure Fund",
    "metrics": [
     {
      "name": "sharpe",
      "value": "3"
     },
     {
      "name": "std_dev",
      "value": "18.92%"
     },
     {
      "name": "beta",
      "value": "0.93"
     },
     {
      "name": "port_turnover_ratio",
      "value": "1"
     }
    ],
    "min_addl_amt": "₹ 1,000",
    "min_amt": "1",
    "monthly_aaum_date": "20250331",
    "monthly_aaum_value": "₹ 2,138.11 Cr",
    "mutual_fund_name": "HSBC Mutual Fund",
    "scheme_launch_date": "20070927"
   }
  },
  {
   "value": {
    "amc_name": "HSBC Asset Management (India) Private Limited",
    "benchmark_index": [
     "Nifty 500 TRI 6"
    ],
    "field_location": [
     {
      "amc_name": "18",
      "benchmark_index": "18",
      "count": 41,
      "fund_manager_managing_fund_since": "18",
      "fund_manager_name": "18",
      "fund_manager_total_exp": "18",
      "load_entry": "18",
      "load_exit": "18",
      "main_scheme_name": "18",
      "metrics_beta": "18",
      "metrics_port_turnover_ratio": "18",
      "metrics_sharpe": "18",
      "metrics_std_dev": "18",
      "min_addl_amt": "18",
      "min_amt": "18",
      "monthly_aaum_date": "18",
      "monthly_aaum_value": "18",
      "mutual_fund_name": "18",
      "scheme_launch_date": "18"
     }
    ],
    "fund_manager": [
     {
      "managing_fund_since": "nov 24,2012",
      "name": "Venugopal Manghat",
      "qualification": "",
      "total_exp": "28 years"
     },
     {
      "managing_fund_since": "oct 01, 2023",
      "name": "Gautam Bhupal",
      "qualification": "",
      "total_exp": "20 years"
     },
     {
      "managing_fund_since": "jul 05, 2021",
      "name": "Sonal Gupta",
      "qualification": "",
      "total_exp": "20 years"
     }
    ],
    "load": [
     {
      "comment": "“NA”",
      "type": "entry"
     },
     {
      "comment": "If the units redeemed or switched out are upto 10% of the units purchased or switched in (‘’the limit’’) within 1 year from the date of allotment - Nil If units redeemed or switched out are over and above the limit within 1 year from the date of allotment - 1% If units are redeemed or switched out on or after 1 year from the date of allotment - Nil",
      "type": "exit"
     }
    ],
    "main_scheme_name": "HSBC Value Fund",
    "metrics": [
     {
      "name": "sharpe",
      "value": "3"
     },
     {
      "name": "std_dev",
      "value": "15.83%"
     },
     {
      "name": "beta",
      "value": "0.98"
     },
     {
      "name": "port_turnover_ratio",
      "value": "1"
     }
    ],
    "min_addl_amt": "₹ 1,000",
    "min_amt": "1",
    "monthly_aaum_date": "20250331",
    "monthly_aaum_value": "₹ 12,132.01Cr",
    "mutual_fund_name": "HSBC Mutual Fund",
    "scheme_launch_date": "20100108"
   }
  },
  {
   "value": {
    "amc_name": "HSBC Asset Management (India) Private Limited",
    "benchmark_index": [
     "Nifty 500 TRI 6"
    ],
    "field_location": [
     {
      "amc_name": "19",
      "benchmark_index": "19",
      "count": 41,
      "fund_manager_managing_fund_since": "19",
      "fund_manager_name": "19",
      "fund_manager_total_exp": "19",
      "load_entry": "19",
      "load_exit": "19",
      "main_scheme_name": "19",
      "metrics_beta": "19",
      "metrics_port_turnover_ratio": "19",
      "metrics_sharpe": "19",
      "metrics_std_dev": "19",
      "min_addl_amt": "19",
      "min_amt": "19",
      "monthly_aaum_date": "19",
      "monthly_aaum_value": "19",
      "mutual_fund_name": "19",
      "scheme_launch_date": "19"
     }
    ],
    "fund_manager": [
     {
      "managing_fund_since": "jun 01 2023",
      "name": "Gautam Bhupal",
      "qualification": "",
      "total_exp": "20 years"
     },
     {
      "managing_fund_since": "aug 20 2014",
      "name": "Venugopal Manghat",
      "qualification": "",
      "total_exp": "28 years"
     },
     {
      "managing_fund_since": "jul 05 2021",
      "name": "Sonal Gupta",
      "qualification": "",
      "total_exp": "20 years"
     }
    ],
    "load": [
     {
      "comment": "“NA”",
      "type": "entry"
     },
     {
      "comment": "• If the units redeemed or switched out are upto 10% of the units purchased or switched in (“the limit”) within 1 year from the date of allotment - Nil • If units redeemed or switched out are over and above the limit within 1 year from the date of allot- ment - 1% • If units are redeemed or switched out on or after 1 year from the date of allotment - Nil",
      "type": "exit"
     }
    ],
    "main_scheme_name": "HSBC Business Cycles Fund",
    "metrics": [
     {
      "name": "sharpe",
      "value": "3"
     },
     {
      "name": "std_dev",
      "value": "17.95%"
     },
     {
      "name": "beta",
      "value": "1.07"
     },
     {
      "name": "port_turnover_ratio",
      "value": "1"
     }
    ],
    "min_addl_amt": "₹ 1,000",
    "min_amt": "1",
    "monthly_aaum_date": "20250331",
    "monthly_aaum_value": "₹ 913.78 Cr",
    "mutual_fund_name": "HSBC Mutual Fund",
    "scheme_launch_date": "20140820"
   }
  },
  {
   "value": {
    "amc_name": "HSBC Asset Management (India) Private Limited",
    "benchmark_index": [
     "Consumption Index TRI 4"
    ],
    "field_location": [
     {
      "amc_name": "20",
      "benchmark_index": "20",
      "count": 41,
      "fund_manager_managing_fund_since": "20",
      "fund_manager_name": "20",
      "fund_manager_total_exp": "20",
      "load_entry": "20",
      "load_exit": "20",
      "main_scheme_name": "20",
      "metrics_port_turnover_ratio": "20",
      "min_addl_amt": "20",
      "min_amt": "20",
      "monthly_aaum_date": "20",
      "monthly_aaum_value": "20",
      "mutual_fund_name": "20",
      "scheme_launch_date": "20"
     }
    ],
    "fund_manager": [
     {
      "managing_fund_since": "aug 31, 2023",
      "name": "Gautam Bhupal",
      "qualification": "",
      "total_exp": "20 years"
     },
     {
      "managing_fund_since": "oct 01, 2023",
      "name": "Anish Goenka",
      "qualification": "",
      "total_exp": "12 years"
     },
     {
      "managing_fund_since": "aug 31, 2023",
      "name": "Sonal Gupta",
      "qualification": "",
      "total_exp": "20 years"
     }
    ],
    "load": [
     {
      "comment": "“NA”",
      "type": "entry"
     },
     {
      "comment": "If units redeemed or switched out are upto 10% of the units purchased or switched in within 1 year from the date of allotment – Nil If units redeemed or switched out are over and above the limit within 1 year from the date of allotment – 1% If units are redeemed or switched out on or after 1 year from the date of allotment – Nil",
      "type": "exit"
     }
    ],
    "main_scheme_name": "HSBC Consumption Fund",
    "metrics": [
     {
      "name": "port_turnover_ratio",
      "value": "1"
     }
    ],
    "min_addl_amt": "₹ 1,000",
    "min_amt": "1",
    "monthly_aaum_date": "20250331",
    "monthly_aaum_value": "₹ 1,401.73 Cr",
    "mutual_fund_name": "HSBC Mutual Fund",
    "scheme_launch_date": "20230831"
   }
  },
  {
   "value": {
    "amc_name": "HSBC Asset Management (India) Private Limited",
    "benchmark_index": [
     "Nifty 500 TRI 4"
    ],
    "field_location": [
     {
      "amc_name": "21",
      "benchmark_index": "21",
      "count": 41,
      "fund_manager_managing_fund_since": "21",
      "fund_manager_name": "21",
      "fund_manager_total_exp": "21",
      "load_entry": "21",
      "load_exit": "21",
      "main_scheme_name": "21",
      "metrics_port_turnover_ratio": "21",
      "min_addl_amt": "21",
      "min_amt": "21",
      "monthly_aaum_date": "21",
      "monthly_aaum_value": "21",
      "mutual_fund_name": "21",
      "scheme_launch_date": "21"
     }
    ],
    "fund_manager": [
     {
      "managing_fund_since": "sep 30, 2024",
      "name": "Abhishek Gupta",
      "qualification": "",
      "total_exp": "19 years"
     },
     {
      "managing_fund_since": "oct 01, 2024",
      "name": "Mr. Siddharth Vora",
      "qualification": "",
      "total_exp": "12 years"
     },
     {
      "managing_fund_since": "sep 30, 2024",
      "name": "Sonal Gupta",
      "qualification": "",
      "total_exp": "20 years"
     }
    ],
    "load": [
     {
      "comment": "“NA”",
      "type": "entry"
     },
     {
      "comment": "If the units redeemed or switched out are upto 10% of the units purchased or switched in (“the limit”) within 1 year from the date of allotment – Nil. If units redeemed or switched out are over and above the limit within 1 year from the date of allotment – 1%. If units are redeemed or switched out on or after 1 year from the date of allotment – Nil.",
      "type": "exit"
     }
    ],
    "main_scheme_name": "HSBC India Export Opportunities Fund",
    "metrics": [
     {
      "name": "port_turnover_ratio",
      "value": "1"
     }
    ],
    "min_addl_amt": "₹ 1,000",
    "min_amt": "1",
    "monthly_aaum_date": "20250331",
    "monthly_aaum_value": "₹ 1,612.03 Cr",
    "mutual_fund_name": "HSBC Mutual Fund",
    "scheme_launch_date": "20240925"
   }
  },
  {
   "value": {
    "amc_name": "HSBC Asset Management (India) Private Limited",
    "benchmark_index": [
     "Services Index TRI 4"
    ],
    "field_location": [
     {
      "amc_name": "22",
      "benchmark_index": "22",
      "count": 41,
      "fund_manager_managing_fund_since": "22",
      "fund_manager_name": "22",
      "fund_manager_total_exp": "22",
      "load_entry": "22",
      "load_exit": "22",
      "main_scheme_name": "22",
      "metrics_port_turnover_ratio": "22",
      "min_addl_amt": "22",
      "min_amt": "22",
      "monthly_aaum_date": "22",
      "monthly_aaum_value": "22",
      "mutual_fund_name": "22",
      "scheme_launch_date": "22"
     }
    ],
    "fund_manager": [
     {
      "managing_fund_since": "feb 27, 2025",
      "name": "Gautam Bhupal",
      "qualification": "",
      "total_exp": "20 years"
     },
     {
      "managing_fund_since": "apr 01, 2025",
      "name": "Harsh Shah",
      "qualification": "",
      "total_exp": "9 years"
     },
     {
      "managing_fund_since": "feb 27, 2025",
      "name": "Sonal Gupta",
      "qualification": "",
      "total_exp": "20 years"
     }
    ],
    "load": [
     {
      "comment": "“NA”",
      "type": "entry"
     },
     {
      "comment": "i. If the units redeemed or switched out are up to 10% of the units purchased or switched in (“the limit”) within 1 year from the date of allotment – Nil ii. If units redeemed or switched out are over and above the limit within 1 year from the date of allotment – 1% iii. If units are redeemed or switched out on or after 1 year from the date of allotment – Nil. • No Exit load will be chargeable in case of switch- es made between different options of the Scheme. • No Exit load will be chargeable in case of Units allotted on account of",
      "type": "exit"
     }
    ],
    "main_scheme_name": "HSBC Financial Services Fund",
    "metrics": [
     {
      "name": "port_turnover_ratio",
      "value": "1"
     }
    ],
    "min_addl_amt": "₹ 1,000",
    "min_amt": "1",
    "monthly_aaum_date": "20250331",
    "monthly_aaum_value": "₹ 520.47Cr",
    "mutual_fund_name": "HSBC Mutual Fund",
    "scheme_launch_date": "20250227"
   }
  },
  {
   "value": {
    "amc_name": "HSBC Asset Management (India) Private Limited",
    "benchmark_index": [
     "Nifty 50 TRI 4"
    ],
    "field_location": [
     {
      "amc_name": "23",
      "benchmark_index": "23",
      "count": 41,
      "fund_manager_managing_fund_since": "23",
      "fund_manager_name": "23",
      "fund_manager_total_exp": "23",
      "load_entry": "23",
      "load_exit": "23",
      "main_scheme_name": "23",
      "metrics_port_turnover_ratio": "23",
      "metrics_tracking_error": "23",
      "min_addl_amt": "23",
      "min_amt": "23",
      "monthly_aaum_date": "23",
      "monthly_aaum_value": "23",
      "mutual_fund_name": "23",
      "scheme_launch_date": "23"
     }
    ],
    "fund_manager": [
     {
      "managing_fund_since": "apr 15, 2020",
      "name": "Praveen Ayathan",
      "qualification": "",
      "total_exp": "32 years"
     },
     {
      "managing_fund_since": "oct 01, 2023",
      "name": "Rajeesh Nair",
      "qualification": "",
      "total_exp": "13 years"
     }
    ],
    "load": [
     {
      "comment": "“NA”",
      "type": "entry"
     },
     {
      "comment": "• If the units redeemed or switched out are upto 10% of the units purchased or switched in (“the limit”) within 1 Month from the date of allotment - Nil • If units redeemed or switched out are over and above the limit within 1 Month from the date of allotment - 1% • If units are redeemed or switched out on or after 1 Month from the date of allotment - Nil",
      "type": "exit"
     }
    ],
    "main_scheme_name": "HSBC Nifty 50 Index Fund",
    "metrics": [
     {
      "name": "tracking_error",
      "value": "0.85"
     },
     {
      "name": "port_turnover_ratio",
      "value": "0.84%"
     }
    ],
    "min_addl_amt": "₹ 1,000",
    "min_amt": "1",
    "monthly_aaum_date": "20250331",
    "monthly_aaum_value": "₹ 297.19 Cr",
    "mutual_fund_name": "HSBC Mutual Fund",
    "scheme_launch_date": "20200415"
   }
  },
  {
   "value": {
    "amc_name": "HSBC Asset Management (India) Private Limited",
    "benchmark_index": [
     "Nifty Next 50 TRI 4"
    ],
    "field_location": [
     {
      "amc_name": "24",
      "benchmark_index": "24",
      "count": 41,
      "fund_manager_managing_fund_since": "24",
      "fund_manager_name": "24",
      "fund_manager_total_exp": "24",
      "load_entry": "24",
      "load_exit": "24",
      "main_scheme_name": "24",
      "metrics_port_turnover_ratio": "24",
      "metrics_tracking_error": "24",
      "min_addl_amt": "24",
      "min_amt": "24",
      "monthly_aaum_date": "24",
      "monthly_aaum_value": "24",
      "mutual_fund_name": "24",
      "scheme_launch_date": "24"
     }
    ],
    "fund_manager": [
     {
      "managing_fund_since": "apr 15, 2020",
      "name": "Praveen Ayathan",
      "qualification": "",
      "total_exp": "32 years"
     },
     {
      "managing_fund_since": "oct 01, 2023",
      "name": "Rajeesh Nair",
      "qualification": "",
      "total_exp": "13 years"
     }
    ],
    "load": [
     {
      "comment": "“NA”",
      "type": "entry"
     },
     {
      "comment": "• If the units redeemed or switched out are upto 10% of the units purchased or switched in (“the limit”) within 1 Month from the date of allotment - Nil • If units redeemed or switched out are over and above the limit within 1 Month from the date of allot- ment - 1% • If units are redeemed or switched out on or after 1 Month from the date of allotment - Nil",
      "type": "exit"
     }
    ],
    "main_scheme_name": "HSBC Nifty Next 50 Index Fund",
    "metrics": [
     {
      "name": "tracking_error",
      "value": "1.75"
     },
     {
      "name": "port_turnover_ratio",
      "value": "1.34%"
     }
    ],
    "min_addl_amt": "₹ 1,000",
    "min_amt": "1",
    "monthly_aaum_date": "20250331",
    "monthly_aaum_value": "₹ 119.95 Cr",
    "mutual_fund_name": "HSBC Mutual Fund",
    "scheme_launch_date": "20200415"
   }
  },
  {
   "value": {
    "amc_name": "HSBC Asset Management (India) Private Limited",
    "benchmark_index": [
     "Nifty 500 TRI 6"
    ],
    "field_location": [
     {
      "amc_name": "25",
      "benchmark_index": "25",
      "count": 41,
      "fund_manager_managing_fund_since": "25",
      "fund_manager_name": "25",
      "fund_manager_total_exp": "25",
      "load_entry": "25",
      "load_exit": "25",
      "main_scheme_name": "25",
      "metrics_beta": "25",
      "metrics_port_turnover_ratio": "25",
      "metrics_sharpe": "25",
      "metrics_std_dev": "25",
      "min_addl_amt": "25",
      "min_amt": "25",
      "monthly_aaum_date": "25",
      "monthly_aaum_value": "25",
      "mutual_fund_name": "25",
      "scheme_launch_date": "25"
     }
    ],
    "fund_manager": [
     {
      "managing_fund_since": "mar, 01",
      "name": "Abhishek Gupta",
      "qualification": "",
      "total_exp": "19 years"
     },
     {
      "managing_fund_since": "nov 26, 2022",
      "name": "Gautam Bhupal",
      "qualification": "",
      "total_exp": "20 years"
     },
     {
      "managing_fund_since": "jul 21, 2021",
      "name": "Sonal Gupta",
      "qualification": "",
      "total_exp": "20 years"
     }
    ],
    "load": [
     {
      "comment": "“NA”",
      "type": "entry"
     },
     {
      "comment": "Nil",
      "type": "exit"
     }
    ],
    "main_scheme_name": "HSBC ELSS Tax Saver Fund",
    "metrics": [
     {
      "name": "sharpe",
      "value": "3"
     },
     {
      "name": "std_dev",
      "value": "15.82%"
     },
     {
      "name": "beta",
      "value": "0.98"
     },
     {
      "name": "port_turnover_ratio",
      "value": "1"
     }
    ],
    "min_addl_amt": "₹ 500",
    "min_amt": "1",
    "monthly_aaum_date": "20250331",
    "monthly_aaum_value": "₹ 3,765.87 Cr",
    "mutual_fund_name": "HSBC Mutual Fund",
    "scheme_launch_date": "20060227"
   }
  },
  {
   "value": {
    "amc_name": "HSBC Asset Management (India) Private Limited",
    "benchmark_index": [
     "Nifty 500 TRI 6"
    ],
    "field_location": [
     {
      "amc_name": "26",
      "benchmark_index": "26",
      "count": 41,
      "fund_manager_managing_fund_since": "26",
      "fund_manager_name": "26",
      "fund_manager_total_exp": "26",
      "load_entry": "26",
      "load_exit": "26",
      "main_scheme_name": "26",
      "metrics_beta": "26",
      "metrics_port_turnover_ratio": "26",
      "metrics_sharpe": "26",
      "metrics_std_dev": "26",
      "min_addl_amt": "26",
      "min_amt": "26",
      "monthly_aaum_date": "26",
      "monthly_aaum_value": "26",
      "mutual_fund_name": "26",
      "scheme_launch_date": "26"
     }
    ],
    "fund_manager": [
     {
      "managing_fund_since": "july 23, 2019",
      "name": "Gautam Bhupal",
      "qualification": "",
      "total_exp": "20 years"
     },
     {
      "managing_fund_since": "dec, 2023",
      "name": "Sonal Gupta",
      "qualification": "",
      "total_exp": "20 years"
     }
    ],
    "load": [
     {
      "comment": "“NA”",
      "type": "entry"
     },
     {
      "comment": "Nil",
      "type": "exit"
     }
    ],
    "main_scheme_name": "HSBC Tax Saver Equity Fund",
    "metrics": [
     {
      "name": "sharpe",
      "value": "3"
     },
     {
      "name": "std_dev",
      "value": "15.64%"
     },
     {
      "name": "beta",
      "value": "0.95"
     },
     {
      "name": "port_turnover_ratio",
      "value": "1"
     }
    ],
    "min_addl_amt": "₹ 500",
    "min_amt": "1",
    "monthly_aaum_date": "20250331",
    "monthly_aaum_value": "₹ 219.15",
    "mutual_fund_name": "HSBC Mutual Fund",
    "scheme_launch_date": "20070105"
   }
  },
  {
   "value": {
    "amc_name": "HSBC Asset Management (India) Private Limited",
    "benchmark_index": [
     "NIFTY 50 Hybrid Composite Debt 65:35 Index 6"
    ],
    "field_location": [
     {
      "amc_name": "27",
      "benchmark_index": "27",
      "count": 41,
      "fund_manager_managing_fund_since": "27",
      "fund_manager_name": "27",
      "fund_manager_total_exp": "27",
      "load_entry": "27",
      "load_exit": "27",
      "main_scheme_name": "27",
      "metrics_avg_maturity": "27",
      "metrics_beta": "27",
      "metrics_macaulay": "27",
      "metrics_mod_duration": "27",
      "metrics_port_turnover_ratio": "27",
      "metrics_sharpe": "27",
      "metrics_std_dev": "27",
      "metrics_ytm": "27",
      "min_addl_amt": "27",
      "min_amt": "27",
      "monthly_aaum_date": "27",
      "monthly_aaum_value": "27",
      "mutual_fund_name": "27",
      "scheme_launch_date": "27"
     }
    ],
    "fund_manager": [
     {
      "managing_fund_since": "july 02, 2021",
      "name": "Cheenu Gupta",
      "qualification": "",
      "total_exp": "18 years"
     },
     {
      "managing_fund_since": "oct 01, 2023",
      "name": "Gautam Bhupal",
      "qualification": "",
      "total_exp": "18 years"
     },
     {
      "managing_fund_since": "may 30, 2016",
      "name": "Shriram Ramanathan",
      "qualification": "",
      "total_exp": "24 years"
     },
     {
      "managing_fund_since": "may 1, 2024",
      "name": "Mohd. Asif Rizwi",
      "qualification": "",
      "total_exp": "15.5 years"
     },
     {
      "managing_fund_since": "jul 05, 2021",
      "name": "Sonal Gupta",
      "qualification": "",
      "total_exp": "20 years"
     }
    ],
    "load": [
     {
      "comment": "“NA”",
      "type": "entry"
     },
     {
      "comment": "Any redemption / switch-out of units with- in 1 year from the date of allotment shall be subject to exit load as under: a. For 10% of the units redeemed / switched-out: Nil b. For remaining units redeemed or switched-out: 1.00% No Exit Load will be charged, if Units are redeemed / switchedout after 1 year from the date of allotment.",
      "type": "exit"
     }
    ],
    "main_scheme_name": "HSBC Aggressive Hybrid Fund",
    "metrics": [
     {
      "name": "sharpe",
      "value": "3"
     },
     {
      "name": "std_dev",
      "value": "13.44%"
     },
     {
      "name": "beta",
      "value": "1.19"
     },
     {
      "name": "ytm",
      "value": "1"
     },
     {
      "name": "macaulay",
      "value": "1"
     },
     {
      "name": "port_turnover_ratio",
      "value": "1"
     },
     {
      "name": "mod_duration",
      "value": "3.83 Years"
     },
     {
      "name": "avg_maturity",
      "value": "5.92 Years"
     }
    ],
    "min_addl_amt": "₹ 1,000",
    "min_amt": "1",
    "monthly_aaum_date": "20250331",
    "monthly_aaum_value": "₹ 4,889.84 Cr",
    "mutual_fund_name": "HSBC Mutual Fund",
    "scheme_launch_date": "20110207"
   }
  },
  {
   "value": {
    "amc_name": "HSBC Asset Management (India) Private Limited",
    "benchmark_index": [
     "BSE 200 TRI (65%) + NIFTY Short Duration Debt Index (20%) +Domestic"
    ],
    "field_location": [
     {
      "amc_name": "28",
      "benchmark_index": "28",
      "count": 41,
      "fund_manager_managing_fund_since": "28",
      "fund_manager_name": "28",
      "fund_manager_total_exp": "28",
      "load_entry": "28",
      "load_exit": "28",
      "main_scheme_name": "28",
      "metrics_avg_maturity": "28",
      "metrics_macaulay": "28",
      "metrics_mod_duration": "28",
      "metrics_port_turnover_ratio": "28",
      "metrics_ytm": "28",
      "min_addl_amt": "28",
      "min_amt": "28",
      "monthly_aaum_date": "28",
      "monthly_aaum_value": "28",
      "mutual_fund_name": "28",
      "scheme_launch_date": "28"
     }
    ],
    "fund_manager": [
     {
      "managing_fund_since": "feb 28, 2024",
      "name": "Cheenu Gupta",
      "qualification": "",
      "total_exp": "18 years"
     },
     {
      "managing_fund_since": "feb 28, 2024",
      "name": "Mahesh Chhabria",
      "qualification": "",
      "total_exp": "14.5 years"
     },
     {
      "managing_fund_since": "feb 1, 2025",
      "name": "Mohd. Asif Rizwi",
      "qualification": "",
      "total_exp": "15.5 years"
     },
     {
      "managing_fund_since": "feb 28, 2024",
      "name": "Dipan Parikh",
      "qualification": "",
      "total_exp": "27 years"
     },
     {
      "managing_fund_since": "feb 28, 2024",
      "name": "Sonal Gupta",
      "qualification": "",
      "total_exp": "20 years"
     }
    ],
    "load": [
     {
      "comment": "“NA”",
      "type": "entry"
     },
     {
      "comment": "If units redeemed or switched out are upto 10% of the units purchased or switched in within 1 year from the date of allotment – Nil If units redeemed or switched out are over and above the limit within 1 year from the date of allotment – 1% If units are redeemed or switched out on or after 1 year from the date of allotment – Nil",
      "type": "exit"
     }
    ],
    "main_scheme_name": "HSBC Multi Asset Allocation Fund",
    "metrics": [
     {
      "name": "ytm",
      "value": "7.22%"
     },
     {
      "name": "port_turnover_ratio",
      "value": "1"
     },
     {
      "name": "mod_duration",
      "value": "4.09 Years"
     },
     {
      "name": "avg_maturity",
      "value": "6.09 Years"
     },
     {
      "name": "macaulay",
      "value": "4.27 Years"
     }
    ],
    "min_addl_amt": "₹ 1,000",
    "min_amt": "1",
    "monthly_aaum_date": "20250331",
    "monthly_aaum_value": "₹ 1,951.86",
    "mutual_fund_name": "HSBC Mutual Fund",
    "scheme_launch_date": "20240228"
   }
  },
  {
   "value": {
    "amc_name": "HSBC Asset Management (India) Private Limited",
    "benchmark_index": [
     "Nifty 50 Hybrid composite debt 50:50 Index 4"
    ],
    "field_location": [
     {
      "amc_name": "29",
      "benchmark_index": "29",
      "count": 41,
      "fund_manager_managing_fund_since": "29",
      "fund_manager_name": "29",
      "fund_manager_total_exp": "29",
      "load_entry": "29",
      "load_exit": "29",
      "main_scheme_name": "29",
      "metrics_avg_maturity": "29",
      "metrics_macaulay": "29",
      "metrics_mod_duration": "29",
      "metrics_port_turnover_ratio": "29",
      "metrics_ytm": "29",
      "min_addl_amt": "29",
      "min_amt": "29",
      "monthly_aaum_date": "29",
      "monthly_aaum_value": "29",
      "mutual_fund_name": "29",
      "scheme_launch_date": "29"
     }
    ],
    "fund_manager": [
     {
      "managing_fund_since": "nov 26, 2022",
      "name": "Neelotpal Sahai",
      "qualification": "",
      "total_exp": "30 years"
     },
     {
      "managing_fund_since": "jul 15, 2023",
      "name": "Mahesh Chhabria",
      "qualification": "",
      "total_exp": "14.5 years"
     },
     {
      "managing_fund_since": "feb 1, 2025",
      "name": "Mohd. Asif Rizwi",
      "qualification": "",
      "total_exp": "15.5 years"
     },
     {
      "managing_fund_since": "oct 01, 2023",
      "name": "Gautam Bhupal",
      "qualification": "",
      "total_exp": "20 years"
     },
     {
      "managing_fund_since": "oct 01, 2023",
      "name": "Praveen Ayathan",
      "qualification": "",
      "total_exp": "32 years"
     },
     {
      "managing_fund_since": "oct 01, 2023",
      "name": "Hitesh Gondhia",
      "qualification": "",
      "total_exp": "17 years"
     },
     {
      "managing_fund_since": "",
      "name": "Sonal Gupta",
      "qualification": "",
      "total_exp": "20 years"
     }
    ],
    "load": [
     {
      "comment": "“NA”",
      "type": "entry"
     },
     {
      "comment": "If the units redeemed or switched out are upto 10% of the units purchased or switched in (“the limit”) within 1 year from the date of allotment - Nil If units redeemed or switched out are over and above the limit within 1 year from the date of allotment - 1% If units are redeemed or switched out on or after 1 year from the date of allotment. - Nil",
      "type": "exit"
     }
    ],
    "main_scheme_name": "HSBC Balanced Advantage Fund",
    "metrics": [
     {
      "name": "ytm",
      "value": "1.82%"
     },
     {
      "name": "macaulay",
      "value": "1.82"
     },
     {
      "name": "port_turnover_ratio",
      "value": "3.43 (1 year)"
     },
     {
      "name": "mod_duration",
      "value": "3.29 Years"
     },
     {
      "name": "avg_maturity",
      "value": "5.12 Years"
     }
    ],
    "min_addl_amt": "₹ 1,000",
    "min_amt": "1",
    "monthly_aaum_date": "20250331",
    "monthly_aaum_value": "₹ 1,448.02 Cr",
    "mutual_fund_name": "HSBC Mutual Fund",
    "scheme_launch_date": "20110207"
   }
  },
  {
   "value": {
    "amc_name": "HSBC Asset Management (India) Private Limited",
    "benchmark_index": [
     "Savings Index 4"
    ],
    "field_location": [
     {
      "amc_name": "30",
      "benchmark_index": "30",
      "count": 41,
      "fund_manager_managing_fund_since": "30",
      "fund_manager_name": "30",
      "fund_manager_total_exp": "30",
      "load_entry": "30",
      "load_exit": "30",
      "main_scheme_name": "30",
      "metrics_avg_maturity": "30",
      "metrics_macaulay": "30",
      "metrics_mod_duration": "30",
      "metrics_port_turnover_ratio": "30",
      "metrics_ytm": "30",
      "min_addl_amt": "30",
      "min_amt": "30",
      "monthly_aaum_date": "30",
      "monthly_aaum_value": "30",
      "mutual_fund_name": "30",
      "scheme_launch_date": "30"
     }
    ],
    "fund_manager": [
     {
      "managing_fund_since": "jul 02, 2021",
      "name": "Cheenu Gupta",
      "qualification": "",
      "total_exp": "18 years"
     },
     {
      "managing_fund_since": "jul 15, 2023",
      "name": "Mahesh Chhabria",
      "qualification": "",
      "total_exp": "14.5 years"
     },
     {
      "managing_fund_since": "feb 1, 2025",
      "name": "Mohd. Asif Rizwi",
      "qualification": "",
      "total_exp": "15.5 years"
     },
     {
      "managing_fund_since": "apr 01, 2024",
      "name": "Abhishek Gupta",
      "qualification": "",
      "total_exp": "19 years"
     },
     {
      "managing_fund_since": "oct 01, 2023",
      "name": "Praveen Ayathan",
      "qualification": "",
      "total_exp": "32 years"
     },
     {
      "managing_fund_since": "oct 01, 2023",
      "name": "Hitesh Gondhia",
      "qualification": "",
      "total_exp": "17 years"
     },
     {
      "managing_fund_since": "",
      "name": "Sonal Gupta",
      "qualification": "",
      "total_exp": "20 years"
     }
    ],
    "load": [
     {
      "comment": "“NA”",
      "type": "entry"
     },
     {
      "comment": "If the units redeemed or switched out are upto 10% of the units purchased or switched in (‘’the limit”) within 1 Month from the date of allotment - Nil If redeemed or switched out units are over and above the limit i.e beyond 10% of the allotted units within 1 month exit load applicable - 0.50% If units are redeemed or switched out on or after 1 Month from the date of Purchase - Nil",
      "type": "exit"
     }
    ],
    "main_scheme_name": "HSBC Equity Savings Fund",
    "metrics": [
     {
      "name": "ytm",
      "value": "0.01%"
     },
     {
      "name": "macaulay",
      "value": "0.01"
     },
     {
      "name": "port_turnover_ratio",
      "value": "1"
     },
     {
      "name": "mod_duration",
      "value": "2.44 Years"
     },
     {
      "name": "avg_maturity",
      "value": "3.03 Years"
     }
    ],
    "min_addl_amt": "₹ 1,000",
    "min_amt": "1",
    "monthly_aaum_date": "20250331",
    "monthly_aaum_value": "₹ 623.2 Cr",
    "mutual_fund_name": "HSBC Mutual Fund",
    "scheme_launch_date": "20111018"
   }
  },
  {
   "value": {
    "amc_name": "HSBC Asset Management (India) Private Limited",
    "benchmark_index": [
     "Nifty 50 Arbitrage Index 4"
    ],
    "field_location": [
     {
      "amc_name": "31",
      "benchmark_index": "31",
      "count": 41,
      "fund_manager_managing_fund_since": "31",
      "fund_manager_name": "31",
      "fund_manager_total_exp": "31",
      "load_entry": "31",
      "load_exit": "31",
      "main_scheme_name": "31",
      "metrics_port_turnover_ratio": "31",
      "min_addl_amt": "31",
      "min_amt": "31",
      "monthly_aaum_date": "31",
      "monthly_aaum_value": "31",
      "mutual_fund_name": "31",
      "scheme_launch_date": "31"
     }
    ],
    "fund_manager": [
     {
      "managing_fund_since": "jun 30, 2014",
      "name": "Praveen Ayathan",
      "qualification": "",
      "total_exp": "32 years"
     },
     {
      "managing_fund_since": "jul 15, 2023",
      "name": "Mahesh Chhabria",
      "qualification": "",
      "total_exp": "14.5 years"
     },
     {
      "managing_fund_since": "oct 01, 2023",
      "name": "Hitesh Gondhia",
      "qualification": "",
      "total_exp": "17 years"
     },
     {
      "managing_fund_since": "feb 1, 2025",
      "name": "Mohd. Asif Rizwi",
      "qualification": "",
      "total_exp": "15.5 years"
     }
    ],
    "load": [
     {
      "comment": "“NA”",
      "type": "entry"
     },
     {
      "comment": "Any redemption/switch-out of units on or before 1 month from the date of allotment: 0.25% If units are redeemed or switched out after 1 Month from the date of allotment: NIL (Effective date: August 01, 2023)",
      "type": "exit"
     }
    ],
    "main_scheme_name": "HSBC Arbitrage Fund",
    "metrics": [
     {
      "name": "port_turnover_ratio",
      "value": "1"
     }
    ],
    "min_addl_amt": "₹ 1,000",
    "min_amt": "1",
    "monthly_aaum_date": "20250331",
    "monthly_aaum_value": "₹ 2,234.84 Cr",
    "mutual_fund_name": "HSBC Mutual Fund",
    "scheme_launch_date": "20140630"
   }
  },
  {
   "value": {
    "amc_name": "HSBC Asset Management (India) Private Limited",
    "benchmark_index": [
     "CRISIL Hybrid 35+65-Aggressive Index - TRI 5"
    ],
    "field_location": [
     {
      "amc_name": "34",
      "benchmark_index": "34",
      "count": 41,
      "fund_manager_managing_fund_since": "34",
      "fund_manager_name": "34",
      "fund_manager_total_exp": "34",
      "load_entry": "34",
      "load_exit": "34",
      "main_scheme_name": "34",
      "metrics_beta": "34",
      "metrics_port_turnover_ratio": "34",
      "metrics_sharpe": "34",
      "metrics_std_dev": "34",
      "min_addl_amt": "34",
      "min_amt": "34",
      "monthly_aaum_date": "34",
      "monthly_aaum_value": "34",
      "mutual_fund_name": "34",
      "scheme_launch_date": "34"
     }
    ],
    "fund_manager": [
     {
      "managing_fund_since": "oct 21, 2015",
      "name": "Gautam Bhupal",
      "qualification": "",
      "total_exp": "20 years"
     },
     {
      "managing_fund_since": "",
      "name": "Party Repo",
      "qualification": "",
      "total_exp": ""
     }
    ],
    "load": [
     {
      "comment": "“NA”",
      "type": "entry"
     },
     {
      "comment": "In respect of each purchase/switch- in of Units, an Exit Load of 1% is payable if Units are redeemed / switched-out within 1 year from the date of allotment. No Exit Load will be charged, if Units are redeemed / switched-out after 1 year from the date of allotment.",
      "type": "exit"
     }
    ],
    "main_scheme_name": "HSBC Aggressive Hybrid Active FOF",
    "metrics": [
     {
      "name": "sharpe",
      "value": "2"
     },
     {
      "name": "std_dev",
      "value": "12.04%"
     },
     {
      "name": "beta",
      "value": "1.12"
     },
     {
      "name": "port_turnover_ratio",
      "value": "1"
     }
    ],
    "min_addl_amt": "₹ 1,000",
    "min_amt": "₹ 5,000",
    "monthly_aaum_date": "20250331",
    "monthly_aaum_value": "₹ 37.24 Cr",
    "mutual_fund_name": "HSBC Mutual Fund",
    "scheme_launch_date": "20140430"
   }
  },
  {
   "value": {
    "amc_name": "HSBC Asset Management (India) Private Limited",
    "benchmark_index": [
     "BSE 200 TRI (65%) + NIFTY Short Duration Debt Index (20%) +Domestic Price of Gold (10%) +Domestic Price of Silver (5%) 5"
    ],
    "field_location": [
     {
      "amc_name": "35",
      "benchmark_index": "35",
      "count": 41,
      "fund_manager_managing_fund_since": "35",
      "fund_manager_name": "35",
      "fund_manager_total_exp": "35",
      "load_entry": "35",
      "load_exit": "35",
      "main_scheme_name": "35",
      "metrics_beta": "35",
      "metrics_port_turnover_ratio": "35",
      "metrics_sharpe": "35",
      "metrics_std_dev": "35",
      "min_addl_amt": "35",
      "min_amt": "35",
      "monthly_aaum_date": "35",
      "monthly_aaum_value": "35",
      "mutual_fund_name": "35",
      "scheme_launch_date": "35"
     }
    ],
    "fund_manager": [
     {
      "managing_fund_since": "oct 21, 2015 ",
      "name": "Gautam Bhupal",
      "qualification": "",
      "total_exp": "20 years"
     },
     {
      "managing_fund_since": "",
      "name": "Party Repo",
      "qualification": "",
      "total_exp": ""
     }
    ],
    "load": [
     {
      "comment": "“NA”",
      "type": "entry"
     },
     {
      "comment": "In respect of each purchase/switch- in of Units, an Exit Load of 1% is payable if Units are redeemed / switched-out within 1 year from the date of allotment. No Exit Load will be charged, if Units are redeemed / switched-out after 1 year from the date of allotment.",
      "type": "exit"
     }
    ],
    "main_scheme_name": "HSBC Multi Asset Active FOF",
    "metrics": [
     {
      "name": "sharpe",
      "value": "2"
     },
     {
      "name": "std_dev",
      "value": "9.96%"
     },
     {
      "name": "beta",
      "value": "0.93"
     },
     {
      "name": "port_turnover_ratio",
      "value": "1"
     }
    ],
    "min_addl_amt": "₹ 1,000",
    "min_amt": "₹ 5,000",
    "monthly_aaum_date": "20250331",
    "monthly_aaum_value": "₹ 54.67 Cr",
    "mutual_fund_name": "HSBC Mutual Fund",
    "scheme_launch_date": "20140430"
   }
  },
  {
   "value": {
    "amc_name": "HSBC Asset Management (India) Private Limited",
    "benchmark_index": [
     "65% NIFTY Short Duration Debt Index + 35% NIFTY 50 Arbitrage Index 5"
    ],
    "field_location": [
     {
      "amc_name": "36",
      "benchmark_index": "36",
      "count": 41,
      "fund_manager_managing_fund_since": "36",
      "fund_manager_name": "36",
      "fund_manager_total_exp": "36",
      "load_entry": "36",
      "load_exit": "36",
      "main_scheme_name": "36",
      "metrics_beta": "36",
      "metrics_port_turnover_ratio": "36",
      "metrics_sharpe": "36",
      "metrics_std_dev": "36",
      "min_addl_amt": "36",
      "min_amt": "36",
      "monthly_aaum_date": "36",
      "monthly_aaum_value": "36",
      "mutual_fund_name": "36",
      "scheme_launch_date": "36"
     }
    ],
    "fund_manager": [
     {
      "managing_fund_since": "mar 13, 2025",
      "name": "Mohd Asif Rizwi",
      "qualification": "",
      "total_exp": "15.5 years"
     },
     {
      "managing_fund_since": "mar 13, 2025",
      "name": "Party Repo",
      "qualification": "",
      "total_exp": "14.5 years"
     },
     {
      "managing_fund_since": "",
      "name": "Mahesh Chhabria",
      "qualification": "",
      "total_exp": ""
     }
    ],
    "load": [
     {
      "comment": "“NA”",
      "type": "entry"
     },
     {
      "comment": "Nil",
      "type": "exit"
     }
    ],
    "main_scheme_name": "HSBC Income Plus Arbitrage Active FOF",
    "metrics": [
     {
      "name": "sharpe",
      "value": "2"
     },
     {
      "name": "std_dev",
      "value": "2.45%"
     },
     {
      "name": "beta",
      "value": "2.15"
     },
     {
      "name": "port_turnover_ratio",
      "value": "0.99 (1 year)"
     }
    ],
    "min_addl_amt": "₹ 1,000",
    "min_amt": "₹ 5,000",
    "monthly_aaum_date": "20250331",
    "monthly_aaum_value": "₹ 24.57 Cr",
    "mutual_fund_name": "HSBC Mutual Fund",
    "scheme_launch_date": "20140430"
   }
  },
  {
   "value": {
    "amc_name": "HSBC Asset Management (India) Private Limited",
    "benchmark_index": [
     "of Mutual Fund Schemes’ has introduced two-tiered structure for benchmarking of certain categories of schemes. Accordingly, the benchmark has been classified"
    ],
    "field_location": [
     {
      "amc_name": "37",
      "benchmark_index": "37",
      "count": 41,
      "fund_manager_managing_fund_since": "37",
      "fund_manager_name": "37",
      "fund_manager_total_exp": "37",
      "load_entry": "37",
      "load_exit": "37",
      "main_scheme_name": "37",
      "metrics_avg_maturity": "37",
      "metrics_macaulay": "37",
      "metrics_mod_duration": "37",
      "metrics_ytm": "37",
      "min_addl_amt": "37",
      "min_amt": "37",
      "monthly_aaum_date": "37",
      "monthly_aaum_value": "37",
      "mutual_fund_name": "37",
      "scheme_launch_date": "37"
     }
    ],
    "fund_manager": [
     {
      "managing_fund_since": "nov 26, 2022",
      "name": "Mahesh Chhabria",
      "qualification": "",
      "total_exp": "14.5 years"
     },
     {
      "managing_fund_since": "apr 01, 2025",
      "name": "Abhishek Iyer",
      "qualification": "",
      "total_exp": "17 years"
     }
    ],
    "load": [
     {
      "comment": "“NA”",
      "type": "entry"
     },
     {
      "comment": "NIL",
      "type": "exit"
     }
    ],
    "main_scheme_name": "HSBC Overnight Fund",
    "metrics": [
     {
      "name": "ytm",
      "value": "7.07%"
     },
     {
      "name": "mod_duration",
      "value": "3.35 Days"
     },
     {
      "name": "avg_maturity",
      "value": "3.35 Days"
     },
     {
      "name": "macaulay",
      "value": "3.35 Days"
     }
    ],
    "min_addl_amt": "₹ 1,000",
    "min_amt": "1",
    "monthly_aaum_date": "20250331",
    "monthly_aaum_value": "₹ 3169.74 Cr",
    "mutual_fund_name": "HSBC Mutual Fund",
    "scheme_launch_date": "20190522"
   }
  },
  {
   "value": {
    "amc_name": "HSBC Asset Management (India) Private Limited",
    "benchmark_index": [
     "NIFTY Liquid Index A-I 6"
    ],
    "field_location": [
     {
      "amc_name": "38",
      "benchmark_index": "38",
      "count": 41,
      "fund_manager_managing_fund_since": "38",
      "fund_manager_name": "38",
      "fund_manager_total_exp": "38",
      "load_entry": "38",
      "load_exit": "38",
      "main_scheme_name": "38",
      "metrics_avg_maturity": "38",
      "metrics_macaulay": "38",
      "metrics_ytm": "38",
      "min_addl_amt": "38",
      "min_amt": "38",
      "monthly_aaum_date": "38",
      "monthly_aaum_value": "38",
      "mutual_fund_name": "38",
      "scheme_launch_date": "38"
     }
    ],
    "fund_manager": [
     {
      "managing_fund_since": "feb 01, 2025",
      "name": "Mahesh Chhabria",
      "qualification": "",
      "total_exp": "14.5 years"
     },
     {
      "managing_fund_since": "apr 01, 2025",
      "name": "Abhishek Iyer",
      "qualification": "",
      "total_exp": "17 years"
     }
    ],
    "load": [
     {
      "comment": "“NA”",
      "type": "entry"
     },
     {
      "comment": "2 : Refer table below Following Exit Load shall be applicable if switched out/redeemed within 7 Calendar Days. Exit Load as a Investor exit % of redemption uponsubscription proceeds Day 1 0.0070% Day 2 0.0065% Day 3 0.0060% Day 4 0.0055% Day 5 0.0050% Day 6 0.0045% Day 7 Onwards 0.0000%",
      "type": "exit"
     }
    ],
    "main_scheme_name": "HSBC Liquid Fund",
    "metrics": [
     {
      "name": "ytm",
      "value": "7.08%"
     },
     {
      "name": "avg_maturity",
      "value": "64.18 Days"
     },
     {
      "name": "macaulay",
      "value": "64.18 Days"
     }
    ],
    "min_addl_amt": "₹ 1,000",
    "min_amt": "1",
    "monthly_aaum_date": "20250331",
    "monthly_aaum_value": "₹ 19,275.75 Cr",
    "mutual_fund_name": "HSBC Mutual Fund",
    "scheme_launch_date": "20021204"
   }
  },
  {
   "value": {
    "amc_name": "HSBC Asset Management (India) Private Limited",
    "benchmark_index": [
     "NIFTY Money Market Index A-I 6"
    ],
    "field_location": [
     {
      "amc_name": "39",
      "benchmark_index": "39",
      "count": 41,
      "fund_manager_managing_fund_since": "39",
      "fund_manager_name": "39",
      "fund_manager_total_exp": "39",
      "load_entry": "39",
      "load_exit": "39",
      "main_scheme_name": "39",
      "metrics_avg_maturity": "39",
      "metrics_macaulay": "39",
      "metrics_ytm": "39",
      "min_addl_amt": "39",
      "min_amt": "39",
      "monthly_aaum_date": "39",
      "monthly_aaum_value": "39",
      "mutual_fund_name": "39",
      "scheme_launch_date": "39"
     }
    ],
    "fund_manager": [
     {
      "managing_fund_since": "feb 01, 2025",
      "name": "Mahesh Chhabria",
      "qualification": "",
      "total_exp": "14.5 years"
     },
     {
      "managing_fund_since": "apr 01, 2025",
      "name": "Abhishek Iyer",
      "qualification": "",
      "total_exp": "17 years"
     }
    ],
    "load": [
     {
      "comment": "“NA”",
      "type": "entry"
     },
     {
      "comment": "2 : Nil",
      "type": "exit"
     }
    ],
    "main_scheme_name": "HSBC Money Market Fund",
    "metrics": [
     {
      "name": "ytm",
      "value": "7.00%"
     },
     {
      "name": "avg_maturity",
      "value": "288.05 Days"
     },
     {
      "name": "macaulay",
      "value": "288.05 Days"
     }
    ],
    "min_addl_amt": "₹ 1,000",
    "min_amt": "1",
    "monthly_aaum_date": "20250331",
    "monthly_aaum_value": "₹ 2521.71 Cr",
    "mutual_fund_name": "HSBC Mutual Fund",
    "scheme_launch_date": "20050810"
   }
  },
  {
   "value": {
    "amc_name": "HSBC Asset Management (India) Private Limited",
    "benchmark_index": [
     "NIFTY Low Duration Debt Index A-I 5"
    ],
    "field_location": [
     {
      "amc_name": "40",
      "benchmark_index": "40",
      "count": 41,
      "fund_manager_managing_fund_since": "40",
      "fund_manager_name": "40",
      "fund_manager_total_exp": "40",
      "load_entry": "40",
      "load_exit": "40",
      "main_scheme_name": "40",
      "metrics_avg_maturity": "40",
      "metrics_macaulay": "40",
      "metrics_ytm": "40",
      "min_addl_amt": "40",
      "min_amt": "40",
      "monthly_aaum_date": "40",
      "monthly_aaum_value": "40",
      "mutual_fund_name": "40",
      "scheme_launch_date": "40"
     }
    ],
    "fund_manager": [
     {
      "managing_fund_since": "nov 24, 2012",
      "name": "Shriram Ramanathan",
      "qualification": "",
      "total_exp": "24 years"
     },
     {
      "managing_fund_since": "jan 16, 2024",
      "name": "Mohd Asif Rizwi",
      "qualification": "",
      "total_exp": "15 years"
     }
    ],
    "load": [
     {
      "comment": "“NA”",
      "type": "entry"
     },
     {
      "comment": "NIL",
      "type": "exit"
     }
    ],
    "main_scheme_name": "HSBC Low Duration Fund",
    "metrics": [
     {
      "name": "ytm",
      "value": "7.37%"
     },
     {
      "name": "avg_maturity",
      "value": "13.65"
     },
     {
      "name": "macaulay",
      "value": "1"
     }
    ],
    "min_addl_amt": "₹ 1,000",
    "min_amt": "1",
    "monthly_aaum_date": "20250331",
    "monthly_aaum_value": "₹ 536.56 Cr",
    "mutual_fund_name": "HSBC Mutual Fund",
    "scheme_launch_date": "20101204"
   }
  },
  {
   "value": {
    "amc_name": "HSBC Asset Management (India) Private Limited",
    "benchmark_index": [
     "NIFTY Ultra Short Duration Debt Index A-I 5"
    ],
    "field_location": [
     {
      "amc_name": "41",
      "benchmark_index": "41",
      "count": 41,
      "fund_manager_managing_fund_since": "41",
      "fund_manager_name": "41",
      "fund_manager_total_exp": "41",
      "load_entry": "41",
      "load_exit": "41",
      "main_scheme_name": "41",
      "metrics_avg_maturity": "41",
      "metrics_macaulay": "41",
      "metrics_ytm": "41",
      "min_addl_amt": "41",
      "min_amt": "41",
      "monthly_aaum_date": "41",
      "monthly_aaum_value": "41",
      "mutual_fund_name": "41",
      "scheme_launch_date": "41"
     }
    ],
    "fund_manager": [
     {
      "managing_fund_since": "nov 26, 2022",
      "name": "Mahesh Chhabria",
      "qualification": "",
      "total_exp": "14.5 years"
     },
     {
      "managing_fund_since": "apr 01, 2025",
      "name": "Abhishek Iyer",
      "qualification": "",
      "total_exp": "17 years"
     }
    ],
    "load": [
     {
      "comment": "“NA”",
      "type": "entry"
     },
     {
      "comment": "2 : NIL",
      "type": "exit"
     }
    ],
    "main_scheme_name": "HSBC Ultra Short Duration Fund",
    "metrics": [
     {
      "name": "ytm",
      "value": "7.19%"
     },
     {
      "name": "avg_maturity",
      "value": "6.55"
     },
     {
      "name": "macaulay",
      "value": "3"
     }
    ],
    "min_addl_amt": "₹ 1,000",
    "min_amt": "1",
    "monthly_aaum_date": "20250331",
    "monthly_aaum_value": "₹ 2471.06 Cr",
    "mutual_fund_name": "HSBC Mutual Fund",
    "scheme_launch_date": "20200129"
   }
  },
  {
   "value": {
    "amc_name": "HSBC Asset Management (India) Private Limited",
    "benchmark_index": [
     "NIFTY Short Duration Debt Index A-II (effective September 04, 2023) 5"
    ],
    "field_location": [
     {
      "amc_name": "42",
      "benchmark_index": "42",
      "count": 41,
      "fund_manager_managing_fund_since": "42",
      "fund_manager_name": "42",
      "fund_manager_total_exp": "42",
      "load_entry": "42",
      "load_exit": "42",
      "main_scheme_name": "42",
      "metrics_avg_maturity": "42",
      "metrics_macaulay": "42",
      "metrics_ytm": "42",
      "min_addl_amt": "42",
      "min_amt": "42",
      "monthly_aaum_date": "42",
      "monthly_aaum_value": "42",
      "mutual_fund_name": "42",
      "scheme_launch_date": "42"
     }
    ],
    "fund_manager": [
     {
      "managing_fund_since": "jan 16, 2024",
      "name": "Mohd Asif Rizwi",
      "qualification": "",
      "total_exp": "15 years"
     },
     {
      "managing_fund_since": "may 1, 2024",
      "name": "Shriram Ramanathan",
      "qualification": "",
      "total_exp": "24 years"
     }
    ],
    "load": [
     {
      "comment": "“NA”",
      "type": "entry"
     },
     {
      "comment": "NIL",
      "type": "exit"
     }
    ],
    "main_scheme_name": "HSBC Short Duration Fund",
    "metrics": [
     {
      "name": "ytm",
      "value": "7.14%"
     },
     {
      "name": "avg_maturity",
      "value": "3.57 Years"
     },
     {
      "name": "macaulay",
      "value": "7.04"
     }
    ],
    "min_addl_amt": "₹ 1,000",
    "min_amt": "1",
    "monthly_aaum_date": "20250331",
    "monthly_aaum_value": "₹ 3677.81 Cr",
    "mutual_fund_name": "HSBC Mutual Fund",
    "scheme_launch_date": "20111227"
   }
  },
  {
   "value": {
    "amc_name": "HSBC Asset Management (India) Private Limited",
    "benchmark_index": [
     "NIFTY Medium Duration Debt Index A-III 5"
    ],
    "field_location": [
     {
      "amc_name": "43",
      "benchmark_index": "43",
      "count": 41,
      "fund_manager_managing_fund_since": "43",
      "fund_manager_name": "43",
      "fund_manager_total_exp": "43",
      "load_entry": "43",
      "load_exit": "43",
      "main_scheme_name": "43",
      "metrics_avg_maturity": "43",
      "metrics_ytm": "43",
      "min_addl_amt": "43",
      "min_amt": "43",
      "monthly_aaum_date": "43",
      "monthly_aaum_value": "43",
      "mutual_fund_name": "43",
      "scheme_launch_date": "43"
     }
    ],
    "fund_manager": [
     {
      "managing_fund_since": "feb 02, 2015",
      "name": "Shriram Ramanathan",
      "qualification": "",
      "total_exp": "24 years"
     }
    ],
    "load": [
     {
      "comment": "“NA”",
      "type": "entry"
     },
     {
      "comment": "NIL",
      "type": "exit"
     }
    ],
    "main_scheme_name": "HSBC Medium Duration Fund",
    "metrics": [
     {
      "name": "ytm",
      "value": "7.70%"
     },
     {
      "name": "avg_maturity",
      "value": "5.8 Years"
     }
    ],
    "min_addl_amt": "₹ 1,000",
    "min_amt": "1",
    "monthly_aaum_date": "20250331",
    "monthly_aaum_value": "₹ 657.71 Cr",
    "mutual_fund_name": "HSBC Mutual Fund",
    "scheme_launch_date": "20150202"
   }
  },
  {
   "value": {
    "amc_name": "HSBC Asset Management (India) Private Limited",
    "benchmark_index": [
     "NIFTY Medium to Long Dura- tion Debt Index A-III (effective September 04,"
    ],
    "field_location": [
     {
      "amc_name": "44",
      "benchmark_index": "44",
      "count": 41,
      "fund_manager_managing_fund_since": "44",
      "fund_manager_name": "44",
      "fund_manager_total_exp": "44",
      "load_entry": "44",
      "load_exit": "44",
      "main_scheme_name": "44",
      "metrics_avg_maturity": "44",
      "metrics_macaulay": "44",
      "metrics_ytm": "44",
      "min_addl_amt": "44",
      "min_amt": "44",
      "monthly_aaum_date": "44",
      "monthly_aaum_value": "44",
      "mutual_fund_name": "44",
      "scheme_launch_date": "44"
     }
    ],
    "fund_manager": [
     {
      "managing_fund_since": "feb 01, 2025",
      "name": "Mohd. Asif Rizwi",
      "qualification": "",
      "total_exp": "15.5 years"
     },
     {
      "managing_fund_since": "nov, 26",
      "name": "Shriram Ramanathan",
      "qualification": "",
      "total_exp": "24 years"
     }
    ],
    "load": [
     {
      "comment": "“NA”",
      "type": "entry"
     },
     {
      "comment": "NIL",
      "type": "exit"
     }
    ],
    "main_scheme_name": "HSBC Medium to Long Duration Fund",
    "metrics": [
     {
      "name": "ytm",
      "value": "6.98%"
     },
     {
      "name": "avg_maturity",
      "value": "12.07 Years"
     },
     {
      "name": "macaulay",
      "value": "4 years"
     }
    ],
    "min_addl_amt": "₹ 1,000",
    "min_amt": "1",
    "monthly_aaum_date": "20250331",
    "monthly_aaum_value": "₹ 48.43 Cr",
    "mutual_fund_name": "HSBC Mutual Fund",
    "scheme_launch_date": "20021210"
   }
  },
  {
   "value": {
    "amc_name": "HSBC Asset Management (India) Private Limited",
    "benchmark_index": [
     "NIFTY Composite Debt Index A-III 5"
    ],
    "field_location": [
     {
      "amc_name": "45",
      "benchmark_index": "45",
      "count": 41,
      "fund_manager_managing_fund_since": "45",
      "fund_manager_name": "45",
      "fund_manager_total_exp": "45",
      "load_entry": "45",
      "load_exit": "45",
      "main_scheme_name": "45",
      "metrics_avg_maturity": "45",
      "metrics_macaulay": "45",
      "metrics_mod_duration": "45",
      "metrics_ytm": "45",
      "min_addl_amt": "45",
      "min_amt": "45",
      "monthly_aaum_date": "45",
      "monthly_aaum_value": "45",
      "mutual_fund_name": "45",
      "scheme_launch_date": "45"
     }
    ],
    "fund_manager": [
     {
      "managing_fund_since": "may 1, 2024",
      "name": "Mahesh Chhabria",
      "qualification": "",
      "total_exp": "14.5 years"
     },
     {
      "managing_fund_since": "feb 02, 2015",
      "name": "Shriram Ramanathan",
      "qualification": "",
      "total_exp": "24 years"
     }
    ],
    "load": [
     {
      "comment": "“NA”",
      "type": "entry"
     },
     {
      "comment": "NIL",
      "type": "exit"
     }
    ],
    "main_scheme_name": "HSBC Dynamic Bond Fund",
    "metrics": [
     {
      "name": "ytm",
      "value": "6.95%"
     },
     {
      "name": "mod_duration",
      "value": "8.77 Years"
     },
     {
      "name": "avg_maturity",
      "value": "18.23 Years"
     },
     {
      "name": "macaulay",
      "value": "9.1 Years"
     }
    ],
    "min_addl_amt": "₹ 1,000",
    "min_amt": "1",
    "monthly_aaum_date": "20250331",
    "monthly_aaum_value": "₹ 150.72 Cr",
    "mutual_fund_name": "HSBC Mutual Fund",
    "scheme_launch_date": "20100927"
   }
  },
  {
   "value": {
    "amc_name": "HSBC Asset Management (India) Private Limited",
    "benchmark_index": [
     "NIFTY Corporate Bond Index A-II 5"
    ],
    "field_location": [
     {
      "amc_name": "46",
      "benchmark_index": "46",
      "count": 41,
      "fund_manager_managing_fund_since": "46",
      "fund_manager_name": "46",
      "fund_manager_total_exp": "46",
      "load_entry": "46",
      "load_exit": "46",
      "main_scheme_name": "46",
      "metrics_avg_maturity": "46",
      "metrics_macaulay": "46",
      "metrics_mod_duration": "46",
      "metrics_ytm": "46",
      "min_addl_amt": "46",
      "min_amt": "46",
      "monthly_aaum_date": "46",
      "monthly_aaum_value": "46",
      "mutual_fund_name": "46",
      "scheme_launch_date": "46"
     }
    ],
    "fund_manager": [
     {
      "managing_fund_since": "feb 01, 2025",
      "name": "Mohd. Asif Rizwi",
      "qualification": "",
      "total_exp": "15.5 years"
     },
     {
      "managing_fund_since": "june 30, 2014",
      "name": "Shriram Ramanathan",
      "qualification": "",
      "total_exp": "24 years"
     }
    ],
    "load": [
     {
      "comment": "“NA”",
      "type": "entry"
     },
     {
      "comment": "Nil",
      "type": "exit"
     }
    ],
    "main_scheme_name": "HSBC Corporate Bond Fund",
    "metrics": [
     {
      "name": "ytm",
      "value": "7.11%"
     },
     {
      "name": "mod_duration",
      "value": "2.84 Years"
     },
     {
      "name": "avg_maturity",
      "value": "3.39 Years"
     },
     {
      "name": "macaulay",
      "value": "3.01 Years"
     }
    ],
    "min_addl_amt": "₹ 1,000",
    "min_amt": "1",
    "monthly_aaum_date": "20250331",
    "monthly_aaum_value": "₹ 5,739.09 Cr",
    "mutual_fund_name": "HSBC Mutual Fund",
    "scheme_launch_date": "19970331"
   }
  },
  {
   "value": {
    "amc_name": "HSBC Asset Management (India) Private Limited",
    "benchmark_index": [
     "Nifty Banking & PSU Debt Index A-II 5"
    ],
    "field_location": [
     {
      "amc_name": "47",
      "benchmark_index": "47",
      "count": 41,
      "fund_manager_managing_fund_since": "47",
      "fund_manager_name": "47",
      "fund_manager_total_exp": "47",
      "load_entry": "47",
      "load_exit": "47",
      "main_scheme_name": "47",
      "metrics_avg_maturity": "47",
      "metrics_macaulay": "47",
      "metrics_mod_duration": "47",
      "metrics_ytm": "47",
      "min_addl_amt": "47",
      "min_amt": "47",
      "monthly_aaum_date": "47",
      "monthly_aaum_value": "47",
      "mutual_fund_name": "47",
      "scheme_launch_date": "47"
     }
    ],
    "fund_manager": [
     {
      "managing_fund_since": "nov 26,2022",
      "name": "Mahesh Chhabria",
      "qualification": "",
      "total_exp": "14.5 years"
     },
     {
      "managing_fund_since": "may 1, 2024",
      "name": "Mohd. Asif Rizwi",
      "qualification": "",
      "total_exp": "15.5 years"
     }
    ],
    "load": [
     {
      "comment": "“NA”",
      "type": "entry"
     },
     {
      "comment": "2 : NIL",
      "type": "exit"
     }
    ],
    "main_scheme_name": "HSBC Banking and PSU Debt Fund",
    "metrics": [
     {
      "name": "ytm",
      "value": "7.10%"
     },
     {
      "name": "mod_duration",
      "value": "2.97 Years"
     },
     {
      "name": "avg_maturity",
      "value": "3.84 Years"
     },
     {
      "name": "macaulay",
      "value": "3.15 Years"
     }
    ],
    "min_addl_amt": "₹ 1,000",
    "min_amt": "1",
    "monthly_aaum_date": "20250331",
    "monthly_aaum_value": "₹ 4,273.68 Cr",
    "mutual_fund_name": "HSBC Mutual Fund",
    "scheme_launch_date": "20120912"
   }
  },
  {
   "value": {
    "amc_name": "HSBC Asset Management (India) Private Limited",
    "benchmark_index": [
     "NIFTY Credit Risk Bond Index B-II 5"
    ],
    "field_location": [
     {
      "amc_name": "48",
      "benchmark_index": "48",
      "count": 41,
      "fund_manager_managing_fund_since": "48",
      "fund_manager_name": "48",
      "fund_manager_total_exp": "48",
      "load_entry": "48",
      "load_exit": "48",
      "main_scheme_name": "48",
      "metrics_avg_maturity": "48",
      "metrics_macaulay": "48",
      "metrics_mod_duration": "48",
      "metrics_ytm": "48",
      "min_addl_amt": "48",
      "min_amt": "48",
      "monthly_aaum_date": "48",
      "monthly_aaum_value": "48",
      "mutual_fund_name": "48",
      "scheme_launch_date": "48"
     }
    ],
    "fund_manager": [
     {
      "managing_fund_since": "nov 24, 2012",
      "name": "Shriram Ramanathan",
      "qualification": "",
      "total_exp": "24 years"
     }
    ],
    "load": [
     {
      "comment": "“NA”",
      "type": "entry"
     },
     {
      "comment": "2 : • Units redeemed or switched out are upto 10% of the units purchased or switched in (“the limit”) within 2 years from the date of allotment – Nil • Units redeemed or switched out are over and above the limit within 1 year from the date of allotment –3%. • Units redeemed or switched on or after 1 year upto 2 years from the date of allotment –2%. • Units redeemed or switched on or after 2 years from the date of allotment –Nil",
      "type": "exit"
     }
    ],
    "main_scheme_name": "HSBC Credit Risk Fund",
    "metrics": [
     {
      "name": "ytm",
      "value": "7.89%"
     },
     {
      "name": "mod_duration",
      "value": "2.22 Years"
     },
     {
      "name": "avg_maturity",
      "value": "2.93 Years"
     },
     {
      "name": "macaulay",
      "value": "2.33 Years"
     }
    ],
    "min_addl_amt": "₹ 1,000",
    "min_amt": "1",
    "monthly_aaum_date": "20250331",
    "monthly_aaum_value": "₹ 588.34 Cr",
    "mutual_fund_name": "HSBC Mutual Fund",
    "scheme_launch_date": "20091008"
   }
  },
  {
   "value": {
    "amc_name": "HSBC Asset Management (India) Private Limited",
    "benchmark_index": [
     "NIFTY All Duration G-Sec Index 5"
    ],
    "field_location": [
     {
      "amc_name": "49",
      "benchmark_index": "49",
      "count": 41,
      "fund_manager_managing_fund_since": "49",
      "fund_manager_name": "49",
      "fund_manager_total_exp": "49",
      "load_entry": "49",
      "load_exit": "49",
      "main_scheme_name": "49",
      "metrics_avg_maturity": "49",
      "metrics_macaulay": "49",
      "metrics_mod_duration": "49",
      "metrics_ytm": "49",
      "min_addl_amt": "49",
      "min_amt": "49",
      "monthly_aaum_date": "49",
      "monthly_aaum_value": "49",
      "mutual_fund_name": "49",
      "scheme_launch_date": "49"
     }
    ],
    "fund_manager": [
     {
      "managing_fund_since": "may 1, 2024",
      "name": "Mohd Asif Rizwi",
      "qualification": "",
      "total_exp": "15 years"
     },
     {
      "managing_fund_since": "april 03, 2017",
      "name": "Shriram Ramanathan",
      "qualification": "",
      "total_exp": "24 years"
     }
    ],
    "load": [
     {
      "comment": "“NA”",
      "type": "entry"
     },
     {
      "comment": "2 : NIL",
      "type": "exit"
     }
    ],
    "main_scheme_name": "HSBC Gilt Fund",
    "metrics": [
     {
      "name": "ytm",
      "value": "6.96%"
     },
     {
      "name": "mod_duration",
      "value": "10.38 Years"
     },
     {
      "name": "avg_maturity",
      "value": "24.5 Years"
     },
     {
      "name": "macaulay",
      "value": "10.73 Years"
     }
    ],
    "min_addl_amt": "₹ 1,000",
    "min_amt": "1",
    "monthly_aaum_date": "20250331",
    "monthly_aaum_value": "₹ 255.42 Cr",
    "mutual_fund_name": "HSBC Mutual Fund",
    "scheme_launch_date": "20000329"
   }
  },
  {
   "value": {
    "amc_name": "HSBC Asset Management (India) Private Limited",
    "benchmark_index": [
     "NIFTY 50 Hybrid Composite Debt 15:85 Index 5"
    ],
    "field_location": [
     {
      "amc_name": "50",
      "benchmark_index": "50",
      "count": 41,
      "fund_manager_managing_fund_since": "50",
      "fund_manager_name": "50",
      "fund_manager_total_exp": "50",
      "load_entry": "50",
      "load_exit": "50",
      "main_scheme_name": "50",
      "metrics_avg_maturity": "50",
      "metrics_macaulay": "50",
      "metrics_mod_duration": "50",
      "metrics_ytm": "50",
      "min_addl_amt": "50",
      "monthly_aaum_date": "50",
      "monthly_aaum_value": "50",
      "mutual_fund_name": "50",
      "scheme_launch_date": "50"
     }
    ],
    "fund_manager": [
     {
      "managing_fund_since": "jul 15,2023",
      "name": "Mahesh Chhabria",
      "qualification": "",
      "total_exp": "14.5 years"
     },
     {
      "managing_fund_since": "feb 01, 2025",
      "name": "Mohd. Asif Rizwi",
      "qualification": "",
      "total_exp": "15.5 years"
     },
     {
      "managing_fund_since": "nov 26,2022",
      "name": "Cheenu Gupta",
      "qualification": "",
      "total_exp": "17 years"
     },
     {
      "managing_fund_since": "apr 1,2024",
      "name": "Abhishek Gupta",
      "qualification": "",
      "total_exp": "19 years"
     },
     {
      "managing_fund_since": "dec, 2023",
      "name": "Sonal Gupta",
      "qualification": "",
      "total_exp": "20 years"
     },
     {
      "managing_fund_since": "",
      "name": "Additional Purchase",
      "qualification": "",
      "total_exp": ""
     }
    ],
    "load": [
     {
      "comment": "“NA”",
      "type": "entry"
     },
     {
      "comment": "Nil",
      "type": "exit"
     }
    ],
    "main_scheme_name": "HSBC Conservative Hybrid Fund",
    "metrics": [
     {
      "name": "ytm",
      "value": "6.83%"
     },
     {
      "name": "mod_duration",
      "value": "7.99 Years"
     },
     {
      "name": "avg_maturity",
      "value": "14.71 Years"
     },
     {
      "name": "macaulay",
      "value": "8.27 Years"
     }
    ],
    "min_addl_amt": "₹ 1,000",
    "monthly_aaum_date": "20250331",
    "monthly_aaum_value": "₹ 146.58 Cr",
    "mutual_fund_name": "HSBC Mutual Fund",
    "scheme_launch_date": "20040224"
   }
  },
  {
   "value": {
    "amc_name": "HSBC Asset Management (India) Private Limited",
    "benchmark_index": [
     "CRISIL IBX 50:50 Gilt Plus SDL Index - April 2028 5"
    ],
    "field_location": [
     {
      "amc_name": "51",
      "benchmark_index": "51",
      "count": 41,
      "fund_manager_managing_fund_since": "51",
      "fund_manager_name": "51",
      "fund_manager_total_exp": "51",
      "load_entry": "51",
      "load_exit": "51",
      "main_scheme_name": "51",
      "metrics_avg_maturity": "51",
      "metrics_macaulay": "51",
      "metrics_mod_duration": "51",
      "metrics_ytm": "51",
      "min_addl_amt": "51",
      "min_amt": "51",
      "monthly_aaum_date": "51",
      "monthly_aaum_value": "51",
      "mutual_fund_name": "51",
      "scheme_launch_date": "51"
     }
    ],
    "fund_manager": [
     {
      "managing_fund_since": "jul 15, 2023",
      "name": "Mahesh Chhabria",
      "qualification": "",
      "total_exp": "14.5 years"
     },
     {
      "managing_fund_since": "feb 01, 2025",
      "name": "Mohd. Asif Rizwi",
      "qualification": "",
      "total_exp": "15.5 years"
     }
    ],
    "load": [
     {
      "comment": "“NA”",
      "type": "entry"
     },
     {
      "comment": "Nil",
      "type": "exit"
     }
    ],
    "main_scheme_name": "HSBC CRISIL IBX 50:50 Gilt Plus SDL Apr 2028 Index Fund",
    "metrics": [
     {
      "name": "ytm",
      "value": "6.75%"
     },
     {
      "name": "mod_duration",
      "value": "2.46 Years"
     },
     {
      "name": "avg_maturity",
      "value": "2.82 Years"
     },
     {
      "name": "macaulay",
      "value": "8.03"
     }
    ],
    "min_addl_amt": "₹ 1,000",
    "min_amt": "1",
    "monthly_aaum_date": "20250331",
    "monthly_aaum_value": "₹ 1,887.08 Cr",
    "mutual_fund_name": "HSBC Mutual Fund",
    "scheme_launch_date": "20220331"
   }
  },
  {
   "value": {
    "amc_name": "HSBC Asset Management (India) Private Limited",
    "benchmark_index": [
     "CRISIL-IBX Gilt Index - June 2027 5"
    ],
    "field_location": [
     {
      "amc_name": "52",
      "benchmark_index": "52",
      "count": 41,
      "fund_manager_managing_fund_since": "52",
      "fund_manager_name": "52",
      "fund_manager_total_exp": "52",
      "load_entry": "52",
      "load_exit": "52",
      "main_scheme_name": "52",
      "metrics_avg_maturity": "52",
      "metrics_macaulay": "52",
      "metrics_mod_duration": "52",
      "metrics_ytm": "52",
      "min_addl_amt": "52",
      "min_amt": "52",
      "monthly_aaum_date": "52",
      "monthly_aaum_value": "52",
      "mutual_fund_name": "52",
      "scheme_launch_date": "52"
     }
    ],
    "fund_manager": [
     {
      "managing_fund_since": "jul 15, 2023",
      "name": "Mahesh Chhabria",
      "qualification": "",
      "total_exp": "14.5 years"
     },
     {
      "managing_fund_since": "feb 01, 2025",
      "name": "Mohd. Asif Rizwi",
      "qualification": "",
      "total_exp": "15.5 years"
     }
    ],
    "load": [
     {
      "comment": "“NA”",
      "type": "entry"
     },
     {
      "comment": "Nil",
      "type": "exit"
     }
    ],
    "main_scheme_name": "HSBC CRISIL IBX Gilt June 2027 Index Fund",
    "metrics": [
     {
      "name": "ytm",
      "value": "6.53%"
     },
     {
      "name": "mod_duration",
      "value": "1.94 Years"
     },
     {
      "name": "avg_maturity",
      "value": "2.16 Years"
     },
     {
      "name": "macaulay",
      "value": "2 Years"
     }
    ],
    "min_addl_amt": "₹ 1,000",
    "min_amt": "1",
    "monthly_aaum_date": "20250331",
    "monthly_aaum_value": "₹ 197.73 Cr",
    "mutual_fund_name": "HSBC Mutual Fund",
    "scheme_launch_date": "20230323"
   }
  }
 ]
}