{
 "metadata": {
  "document_name": "32_31-Mar-25_FS.pdf",
  "file_type": "fs",
  "process_date": "20250415"
 },
 "records": [
  {
   "value": {
    "amc_name": "Quantum Asset Management Company Private Limited",
    "benchmark_index": [
     "11.  CSB Bank Ltd 12.  InterGlobe Aviation Ltd BSE 250 SmallCap TRI 13.  ICICI Prudential Life Insurance Company Ltd"
    ],
    "field_location": [
     {
      "amc_name": "8",
      "benchmark_index": "8",
      "count": 21,
      "fund_manager_name": "8",
      "fund_manager_total_exp": "8",
      "load_entry": "8",
      "load_exit": "8",
      "main_scheme_name": "8",
      "metrics_mod_duration": "8",
      "metrics_port_turnover_ratio": "8",
      "monthly_aaum_date": "8",
      "monthly_aaum_value": "8",
      "mutual_fund_name": "8",
      "scheme_launch_date": "8"
     }
    ],
    "fund_manager": [
     {
      "managing_fund_since": "",
      "name": "Mr. Chirag Mehta",
      "qualification": "",
      "total_exp": "22 years"
     },
     {
      "managing_fund_since": "",
      "name": "Craftsman Automation Ltd",
      "qualification": "",
      "total_exp": "18 years"
     },
     {
      "managing_fund_since": "",
      "name": "Mayur Uniquoters Ltd",
      "qualification": "",
      "total_exp": ""
     },
     {
      "managing_fund_since": "",
      "name": "Sandhar Technologies Ltd",
      "qualification": "",
      "total_exp": ""
     },
     {
      "managing_fund_since": "",
      "name": "Bank Ltd",
      "qualification": "",
      "total_exp": ""
     },
     {
      "managing_fund_since": "",
      "name": "Birlasoft Ltd",
      "qualification": "",
      "total_exp": ""
     },
     {
      "managing_fund_since": "",
      "name": "Mrs. Abhilasha Satale",
      "qualification": "",
      "total_exp": ""
     },
     {
      "managing_fund_since": "",
      "name": "Services Ltd",
      "qualification": "",
      "total_exp": ""
     },
     {
      "managing_fund_since": "",
      "name": "S. Enterprises Ltd",
      "qualification": "",
      "total_exp": ""
     },
     {
      "managing_fund_since": "",
      "name": "Kirloskar Pneumatic Company",
      "qualification": "",
      "total_exp": ""
     },
     {
      "managing_fund_since": "",
      "name": "Infosys Ltd",
      "qualification": "",
      "total_exp": ""
     }
    ],
    "load": [
     {
      "comment": "40. V-Guard Industries Ltd41. Wipro LtdNot Applicable 42. Sansera Engineering Ltd43. ICICI Bank Ltd",
      "type": "entry"
     },
     {
      "comment": "44. Xpro India Ltd • NIL: If 10% of units If redeemed or switched out on or 45. Krishna Institute Of Medical Sciences Ltd before 365 days from the date of allotment. 46. Sanghvi Movers Ltd • 1%: If Remaining 90% of units if redeemed or switched 47. TD Power Systems Ltd out on or before 365 days from the date of allotment. 48. UTI Asset Management Company Ltd 49. Exide Industries Ltd • NIL: If redeemed or switched out after 365 days from 50. Computer Age Management Services Ltd the date of allotment. 51. Mahindra Logistics Ltd Note: Redemptions, Switch, Systematic Withdrawal Plan (SWP) and B) Unlisted Systematic Transfer Plan (STP) will be processed on First In First Out (FIFO) Total of all Equity basis and the applicable exit load will be charged. However, no exit load MONEY MARKET INSTRUMENTS will be charged for switches between option /plan within the scheme. A. TREPS*",
      "type": "exit"
     }
    ],
    "main_scheme_name": "QUANTUM SMALL CAP FUND",
    "metrics": [
     {
      "name": "port_turnover_ratio",
      "value": "11.50"
     },
     {
      "name": "mod_duration",
      "value": "2"
     }
    ],
    "monthly_aaum_date": "20250331",
    "monthly_aaum_value": "103.98",
    "mutual_fund_name": "Quantum Mutual Fund",
    "scheme_launch_date": "20231103"
   }
  },
  {
   "value": {
    "amc_name": "Quantum Asset Management Company Private Limited",
    "benchmark_index": [
     "8.  Wipro Ltd Tier I Benchmark - BSE 500 TRI 9.  Crompton Greaves Consumer Electricals Ltd"
    ],
    "field_location": [
     {
      "amc_name": "10",
      "benchmark_index": "10",
      "count": 21,
      "fund_manager_name": "10",
      "fund_manager_total_exp": "10",
      "load_entry": "10",
      "load_exit": "10",
      "main_scheme_name": "10",
      "metrics_beta": "10",
      "metrics_port_turnover_ratio": "10",
      "metrics_sharpe": "10",
      "metrics_std_dev": "10",
      "monthly_aaum_date": "10",
      "monthly_aaum_value": "10",
      "mutual_fund_name": "10",
      "scheme_launch_date": "10"
     }
    ],
    "fund_manager": [
     {
      "managing_fund_since": "",
      "name": "Gujarat State Petronet",
      "qualification": "",
      "total_exp": "11 years"
     },
     {
      "managing_fund_since": "",
      "name": "Mr. George Thomas",
      "qualification": "",
      "total_exp": "10 years"
     },
     {
      "managing_fund_since": "",
      "name": "Bank Ltd",
      "qualification": "",
      "total_exp": ""
     },
     {
      "managing_fund_since": "",
      "name": "Exide Industries Ltd",
      "qualification": "",
      "total_exp": ""
     },
     {
      "managing_fund_since": "",
      "name": "Lupin Ltd",
      "qualification": "",
      "total_exp": ""
     },
     {
      "managing_fund_since": "",
      "name": "Mr. Christy Mathai",
      "qualification": "",
      "total_exp": ""
     },
     {
      "managing_fund_since": "",
      "name": "Bajaj Auto Ltd",
      "qualification": "",
      "total_exp": ""
     },
     {
      "managing_fund_since": "",
      "name": "Mahindra Ltd",
      "qualification": "",
      "total_exp": ""
     },
     {
      "managing_fund_since": "",
      "name": "Shriram Finance Ltd",
      "qualification": "",
      "total_exp": ""
     },
     {
      "managing_fund_since": "",
      "name": "Key Statistics",
      "qualification": "",
      "total_exp": ""
     }
    ],
    "load": [
     {
      "comment": "1. 364 Days Tbill (MD 03/04/2025)Not Applicable Total of T-Bill",
      "type": "entry"
     },
     {
      "comment": "B. TREPS* • NIL: If 10% of units if redeemed or switched out during Total of Money Market Instruments exit load period i.e. 730 days from the allotment Exit Net Receivable/(payable) Load Period : 730 days from the date of allotment Grand Total • Remaining 90% of units in parts or full: i. 2%: If redeemed or switched out on or before 365 * Cash & Cash Equivalents days from the date of allotment ii. 1%: If redeemed or switched out after 365 days but on or before 730 days from the date of allotment • NIL: If units redeemed or switched out after 730 days from the date of allotment Note: Redemptions, Switch, Systematic Withdrawal Plan (SWP) and Systematic Transfer Plan (STP) will be processed on First In First Out (FIFO) basis and the applicable exit load will be charged. However, no exit load will be charged for switches between option /plan within the scheme.",
      "type": "exit"
     }
    ],
    "main_scheme_name": "QUANTUM LONG TERM EQUITY VALUE FUND",
    "metrics": [
     {
      "name": "sharpe",
      "value": "0.76"
     },
     {
      "name": "std_dev",
      "value": "12.65%"
     },
     {
      "name": "beta",
      "value": "0.80"
     },
     {
      "name": "port_turnover_ratio",
      "value": "14.04"
     }
    ],
    "monthly_aaum_date": "20250331",
    "monthly_aaum_value": "1,101.86",
    "mutual_fund_name": "Quantum Mutual Fund",
    "scheme_launch_date": "20060313"
   }
  },
  {
   "value": {
    "amc_name": "Quantum Asset Management Company Private Limited",
    "benchmark_index": [
     "9.  Havells India Ltd Tier I Benchmark : NIFTY 500 Shariah TRI 10.  Godrej Consumer Products Ltd"
    ],
    "field_location": [
     {
      "amc_name": "13",
      "benchmark_index": "13",
      "count": 21,
      "fund_manager_name": "13",
      "fund_manager_total_exp": "13",
      "load_entry": "13",
      "load_exit": "13",
      "main_scheme_name": "13",
      "metrics_mod_duration": "13",
      "metrics_port_turnover_ratio": "13",
      "monthly_aaum_date": "13",
      "monthly_aaum_value": "13",
      "mutual_fund_name": "13",
      "scheme_launch_date": "13"
     }
    ],
    "fund_manager": [
     {
      "managing_fund_since": "",
      "name": "Foods Ltd",
      "qualification": "",
      "total_exp": "22 years"
     },
     {
      "managing_fund_since": "",
      "name": "Mr. Chirag Mehta",
      "qualification": "",
      "total_exp": ""
     },
     {
      "managing_fund_since": "",
      "name": "Eicher Motors Ltd",
      "qualification": "",
      "total_exp": ""
     },
     {
      "managing_fund_since": "",
      "name": "Thermax Ltd",
      "qualification": "",
      "total_exp": ""
     }
    ],
    "load": [
     {
      "comment": "27. Coforge LtdNot Applicable 28. Hitachi Energy India Ltd29. Grindwell Norton Ltd",
      "type": "entry"
     },
     {
      "comment": "30. Samvardhana Motherson International Ltd • NIL: 10% of units If redeemed or switched out on or 31. Tech Mahindra Ltd before 365 days from the date of allotment. 32. Narayana Hrudayalaya Ltd • 1%: Remaining 90% of units if redeemed or switched 33. Mphasis Ltd out on or before 365 days from the date of allotment. 34. Krishna Institute Of Medical Sciences Ltd • Nil: If redeemed or switched out after 365 days from 35. Symphony Ltd the date of allotment 36. ION Exchange (India) Ltd Note: Redemptions, Switch, Systematic Withdrawal Plan (SWP) and 37. Tata Motors Ltd Systematic Transfer Plan (STP) will be processed on First In First Out (FIFO) basis and the applicable exit load will be charged. However, 38. Tata Communications Ltd no exit load will be charged for switches between option /plan 39. Tata Chemicals Ltd within the scheme. 40. Honeywell Automation India Ltd",
      "type": "exit"
     }
    ],
    "main_scheme_name": "QUANTUM ETHICAL FUND",
    "metrics": [
     {
      "name": "port_turnover_ratio",
      "value": "500"
     },
     {
      "name": "mod_duration",
      "value": "2"
     }
    ],
    "monthly_aaum_date": "20250331",
    "monthly_aaum_value": "44.54",
    "mutual_fund_name": "Quantum Mutual Fund",
    "scheme_launch_date": "20241220"
   }
  },
  {
   "value": {
    "amc_name": "Quantum Asset Management Company Private Limited",
    "benchmark_index": [
     "8.  Wipro Ltd Tier I Benchmark - BSE 500 TRI 9.  Crompton Greaves Consumer Electricals Ltd"
    ],
    "field_location": [
     {
      "amc_name": "15",
      "benchmark_index": "15",
      "count": 21,
      "fund_manager_managing_fund_since": "15",
      "fund_manager_name": "15",
      "fund_manager_total_exp": "15",
      "load_entry": "15",
      "load_exit": "15",
      "main_scheme_name": "15",
      "metrics_beta": "15",
      "metrics_mod_duration": "15",
      "metrics_port_turnover_ratio": "15",
      "metrics_sharpe": "15",
      "metrics_std_dev": "15",
      "min_addl_amt": "15",
      "min_addl_amt_multiple": "15",
      "min_amt": "15",
      "min_amt_multiple": "15",
      "monthly_aaum_date": "15",
      "monthly_aaum_value": "15",
      "mutual_fund_name": "15"
     }
    ],
    "fund_manager": [
     {
      "managing_fund_since": "april 1, 2022",
      "name": "Steel Ltd",
      "qualification": "",
      "total_exp": "11 years"
     },
     {
      "managing_fund_since": "november 23, 2022",
      "name": "Mr. George Thomas",
      "qualification": "",
      "total_exp": "10 years"
     },
     {
      "managing_fund_since": "february 01, 2025",
      "name": "Star Health And",
      "qualification": "",
      "total_exp": "13 years"
     },
     {
      "managing_fund_since": "",
      "name": "Allied Company",
      "qualification": "",
      "total_exp": ""
     },
     {
      "managing_fund_since": "",
      "name": "Gujarat State Petronet",
      "qualification": "",
      "total_exp": ""
     },
     {
      "managing_fund_since": "",
      "name": "Mr. Christy Mathai",
      "qualification": "",
      "total_exp": ""
     },
     {
      "managing_fund_since": "",
      "name": "Bank Ltd",
      "qualification": "",
      "total_exp": ""
     },
     {
      "managing_fund_since": "",
      "name": "Exide Industries Ltd",
      "qualification": "",
      "total_exp": ""
     },
     {
      "managing_fund_since": "",
      "name": "Lupin Ltd",
      "qualification": "",
      "total_exp": ""
     },
     {
      "managing_fund_since": "",
      "name": "Mr. Ketan Gujarathi",
      "qualification": "",
      "total_exp": ""
     },
     {
      "managing_fund_since": "",
      "name": "Bajaj Auto Ltd",
      "qualification": "",
      "total_exp": ""
     },
     {
      "managing_fund_since": "",
      "name": "Mahindra Ltd",
      "qualification": "",
      "total_exp": ""
     },
     {
      "managing_fund_since": "",
      "name": "Shriram Finance Ltd",
      "qualification": "",
      "total_exp": ""
     },
     {
      "managing_fund_since": "",
      "name": "Key Statistics",
      "qualification": "",
      "total_exp": ""
     }
    ],
    "load": [
     {
      "comment": "Net Receivable/(payable)Not ApplicableGrand Total",
      "type": "entry"
     },
     {
      "comment": "* Cash & Cash Equivalents NIL Lock-in Period 3 years from the date of allotment of the respective Units.",
      "type": "exit"
     }
    ],
    "main_scheme_name": "QUANTUM ELSS TAX SAVER FUND",
    "metrics": [
     {
      "name": "sharpe",
      "value": "0.78"
     },
     {
      "name": "std_dev",
      "value": "12.51%"
     },
     {
      "name": "beta",
      "value": "0.79"
     },
     {
      "name": "port_turnover_ratio",
      "value": "15.65"
     },
     {
      "name": "mod_duration",
      "value": "2"
     }
    ],
    "min_addl_amt": "₹500",
    "min_addl_amt_multiple": "₹500",
    "min_amt": "₹500",
    "min_amt_multiple": "₹500",
    "monthly_aaum_date": "20250331",
    "monthly_aaum_value": "204.81",
    "mutual_fund_name": "Quantum Mutual Fund"
   }
  },
  {
   "value": {
    "amc_name": "Quantum Asset Management Company Private Limited",
    "benchmark_index": [
     "8.  Tata Consultancy Services Ltd NIFTY 50 TRI (40%) + CRISIL Short Duration Debt A-II Index 9.  Eicher Motors Ltd"
    ],
    "field_location": [
     {
      "amc_name": "17",
      "benchmark_index": "17",
      "count": 21,
      "fund_manager_name": "17",
      "fund_manager_total_exp": "17",
      "load_entry": "17",
      "load_exit": "17",
      "main_scheme_name": "17",
      "metrics_mod_duration": "17",
      "metrics_port_turnover_ratio": "17",
      "monthly_aaum_date": "17",
      "monthly_aaum_value": "17",
      "mutual_fund_name": "17"
     }
    ],
    "fund_manager": [
     {
      "managing_fund_since": "",
      "name": "Maruti Suzuki India",
      "qualification": "",
      "total_exp": "22 years"
     },
     {
      "managing_fund_since": "",
      "name": "Mr. Chirag Mehta",
      "qualification": "",
      "total_exp": "14 years"
     },
     {
      "managing_fund_since": "",
      "name": "Technologies Ltd",
      "qualification": "",
      "total_exp": ""
     },
     {
      "managing_fund_since": "",
      "name": "Gujarat State Petronet",
      "qualification": "",
      "total_exp": ""
     },
     {
      "managing_fund_since": "",
      "name": "Motors Ltd",
      "qualification": "",
      "total_exp": ""
     },
     {
      "managing_fund_since": "",
      "name": "Mr. Pankaj Pathak",
      "qualification": "",
      "total_exp": ""
     },
     {
      "managing_fund_since": "",
      "name": "Shriram Finance Ltd",
      "qualification": "",
      "total_exp": ""
     },
     {
      "managing_fund_since": "",
      "name": "Power Grid Corporation",
      "qualification": "",
      "total_exp": ""
     },
     {
      "managing_fund_since": "",
      "name": "India Ltd",
      "qualification": "",
      "total_exp": ""
     },
     {
      "managing_fund_since": "",
      "name": "Titan Company Ltd",
      "qualification": "",
      "total_exp": ""
     },
     {
      "managing_fund_since": "",
      "name": "Quantum Multi",
      "qualification": "",
      "total_exp": ""
     }
    ],
    "load": [
     {
      "comment": "40. Britannia Industries LtdNot Applicable B) Unlisted",
      "type": "entry"
     },
     {
      "comment": "Total of all Equity EXCHANGE TRADED FUND UNITS • 1.00%: If redeemed or switch out on or before 90 days 1. Quantum Gold Fund -Exchange Traded Fund from the date of allotment of units. (ETF) • NIL: If redeemed or switch out after 90 days from the Total of Exchange Traded Fund Units date of allotment of units. DEBT INSTRUMENTS Note: Redemptions, Switch, Systematic Withdrawal Plan (SWP) and A. Listed /Awaiting listing on Stock Exchanges Systematic Transfer Plan (STP) will be processed on First In First Out (FIFO) basis and the applicable exit load will be charged. However, no exit load i. Government Securities will be charged for switches between option /plan within the scheme. 1. 7.34% GOI (MD 22/04/2064)",
      "type": "exit"
     }
    ],
    "main_scheme_name": "QUANTUM MULTI ASSET ALLOCATION FUND",
    "metrics": [
     {
      "name": "port_turnover_ratio",
      "value": "2.59"
     },
     {
      "name": "mod_duration",
      "value": "2"
     }
    ],
    "monthly_aaum_date": "20250331",
    "monthly_aaum_value": "31.83",
    "mutual_fund_name": "Quantum Mutual Fund"
   }
  },
  {
   "value": {
    "amc_name": "Quantum Asset Management Company Private Limited",
    "benchmark_index": [
     "8.  SBI Magnum MIDCAP FUND - Direct Plan - Growth"
    ],
    "field_location": [
     {
      "amc_name": "19",
      "benchmark_index": "19",
      "count": 21,
      "fund_manager_managing_fund_since": "19",
      "fund_manager_name": "19",
      "load_entry": "19",
      "load_exit": "19",
      "main_scheme_name": "19",
      "metrics_beta": "19",
      "metrics_sharpe": "19",
      "metrics_std_dev": "19",
      "monthly_aaum_date": "19",
      "monthly_aaum_value": "19",
      "mutual_fund_name": "19",
      "scheme_launch_date": "19"
     }
    ],
    "fund_manager": [
     {
      "managing_fund_since": "november 1, 2013 ",
      "name": "Mr. Chirag Mehta",
      "qualification": "",
      "total_exp": ""
     }
    ],
    "load": [
     {
      "comment": "Not Applicable Tier I - BenchmarkReturns (%)",
      "type": "entry"
     },
     {
      "comment": "Additional",
      "type": "exit"
     }
    ],
    "main_scheme_name": "QUANTUM EQUITY FUND OF FUNDS",
    "metrics": [
     {
      "name": "sharpe",
      "value": "0.50"
     },
     {
      "name": "std_dev",
      "value": "13.52%"
     },
     {
      "name": "beta",
      "value": "0.89"
     }
    ],
    "monthly_aaum_date": "20250331",
    "monthly_aaum_value": "117.22",
    "mutual_fund_name": "Quantum Mutual Fund",
    "scheme_launch_date": "20090720"
   }
  },
  {
   "value": {
    "amc_name": "Quantum Asset Management Company Private Limited",
    "benchmark_index": [
     "11.  Infosys Ltd 12.  Mahindra & Mahindra Ltd Tier I Benchmark - Nifty100 ESG Total Return Index 13.  Bajaj Finserv Ltd"
    ],
    "field_location": [
     {
      "amc_name": "21",
      "benchmark_index": "21",
      "count": 21,
      "fund_manager_managing_fund_since": "21",
      "fund_manager_name": "21",
      "fund_manager_total_exp": "21",
      "load_entry": "21",
      "load_exit": "21",
      "main_scheme_name": "21",
      "metrics_beta": "21",
      "metrics_port_turnover_ratio": "21",
      "metrics_sharpe": "21",
      "metrics_std_dev": "21",
      "monthly_aaum_date": "21",
      "monthly_aaum_value": "21",
      "mutual_fund_name": "21",
      "scheme_launch_date": "21"
     }
    ],
    "fund_manager": [
     {
      "managing_fund_since": "july 12, 2019 ",
      "name": "Rallis India Ltd",
      "qualification": "",
      "total_exp": "22 years"
     },
     {
      "managing_fund_since": "nov 04, 2024 ",
      "name": "Bajaj Auto Ltd",
      "qualification": "",
      "total_exp": "3.5 years"
     },
     {
      "managing_fund_since": "",
      "name": "Mr. Chirag Mehta",
      "qualification": "",
      "total_exp": ""
     },
     {
      "managing_fund_since": "",
      "name": "Vinati Organics Ltd",
      "qualification": "",
      "total_exp": ""
     },
     {
      "managing_fund_since": "",
      "name": "Chemicals Ltd",
      "qualification": "",
      "total_exp": ""
     },
     {
      "managing_fund_since": "",
      "name": "Coforge Ltd",
      "qualification": "",
      "total_exp": ""
     },
     {
      "managing_fund_since": "",
      "name": "Colgate Palmolive",
      "qualification": "",
      "total_exp": ""
     },
     {
      "managing_fund_since": "",
      "name": "Mr. Rajorshi Palit",
      "qualification": "",
      "total_exp": ""
     },
     {
      "managing_fund_since": "",
      "name": "Dr. Lal Path",
      "qualification": "",
      "total_exp": ""
     },
     {
      "managing_fund_since": "",
      "name": "Labs Ltd",
      "qualification": "",
      "total_exp": ""
     },
     {
      "managing_fund_since": "",
      "name": "Eicher Motors Ltd",
      "qualification": "",
      "total_exp": ""
     },
     {
      "managing_fund_since": "",
      "name": "Godrej Consumer Products",
      "qualification": "",
      "total_exp": ""
     },
     {
      "managing_fund_since": "",
      "name": "Key Statistics",
      "qualification": "",
      "total_exp": ""
     },
     {
      "managing_fund_since": "",
      "name": "Federal Bank",
      "qualification": "",
      "total_exp": ""
     }
    ],
    "load": [
     {
      "comment": "52. Computer Age Management Services LtdNot Applicable 53. LT Foods Ltd",
      "type": "entry"
     },
     {
      "comment": "54. Nuvoco Vistas Corporation Ltd 55. IndusInd Bank Ltd • NIL: If 10% of units If redeemed or switched out on or 56. Orient Electric Ltd before 365 days from the date of allotment 57. EPL Ltd • 1%: If Remaining 90% of units if redeemed or 58. GMM Pfaudler Ltd 59. Mahindra Logistics Ltd switched out on or before 365 days from the date of 60. Hindustan Unilever Ltd allotment B) Unlisted • NIL: If redeemed or switched out after 365 days from Total of all Equity the date of allotment MONEY MARKET INSTRUMENTS Note: Redemptions, Switch, Systematic Withdrawal Plan (SWP) and A. TREPS* Systematic Transfer Plan (STP) will be processed on First In First Out Net Receivable/(payable) (FIFO) basis and the applicable exit load will be charged. However, no Grand Total exit load will be charged for switches between option /plan within the scheme. * Cash & Cash Equivalents",
      "type": "exit"
     }
    ],
    "main_scheme_name": "QUANTUM ESG BEST IN CLASS STRATEGY FUND",
    "metrics": [
     {
      "name": "sharpe",
      "value": "0.39"
     },
     {
      "name": "std_dev",
      "value": "43."
     },
     {
      "name": "beta",
      "value": "0.87"
     },
     {
      "name": "port_turnover_ratio",
      "value": "17.42"
     }
    ],
    "monthly_aaum_date": "20250331",
    "monthly_aaum_value": "89.29",
    "mutual_fund_name": "Quantum Mutual Fund",
    "scheme_launch_date": "20190712"
   }
  },
  {
   "value": {
    "amc_name": "Quantum Asset Management Company Private Limited",
    "benchmark_index": [
     "returns in based on"
    ],
    "field_location": [
     {
      "amc_name": "23",
      "benchmark_index": "23",
      "count": 21,
      "fund_manager_managing_fund_since": "23",
      "fund_manager_name": "23",
      "fund_manager_total_exp": "23",
      "load_entry": "23",
      "load_exit": "23",
      "main_scheme_name": "23",
      "metrics_avg_maturity": "23",
      "metrics_macaulay": "23",
      "metrics_mod_duration": "23",
      "metrics_ytm": "23",
      "monthly_aaum_date": "23",
      "monthly_aaum_value": "23",
      "mutual_fund_name": "23",
      "scheme_launch_date": "23"
     }
    ],
    "fund_manager": [
     {
      "managing_fund_since": "april 01, 2025",
      "name": "Mr. Pankaj Pathak",
      "qualification": "",
      "total_exp": "14 years"
     },
     {
      "managing_fund_since": "march 31, 2025",
      "name": "Quantum Liquid",
      "qualification": "",
      "total_exp": "8 years"
     },
     {
      "managing_fund_since": "",
      "name": "Ms. Sneha Pandey",
      "qualification": "",
      "total_exp": ""
     },
     {
      "managing_fund_since": "",
      "name": "Modified Duration",
      "qualification": "",
      "total_exp": ""
     },
     {
      "managing_fund_since": "",
      "name": "Weighted Average Maturity",
      "qualification": "",
      "total_exp": ""
     }
    ],
    "load": [
     {
      "comment": "Not Applicable Record Date",
      "type": "entry"
     },
     {
      "comment": "Investor Exit Upon Subscription % of Exit Load 27-Jan-25 Day 1 0.0070% 25-Feb-25 Day 2 0.0065% 25-Mar-25 Day 3 0.0060% *Investors are paid",
      "type": "exit"
     }
    ],
    "main_scheme_name": "QUANTUM LIQUID FUND",
    "metrics": [
     {
      "name": "ytm",
      "value": "6.70%"
     },
     {
      "name": "mod_duration",
      "value": "1."
     },
     {
      "name": "avg_maturity",
      "value": "41 days"
     },
     {
      "name": "macaulay",
      "value": "41 days"
     }
    ],
    "monthly_aaum_date": "20250331",
    "monthly_aaum_value": "538.05",
    "mutual_fund_name": "Quantum Mutual Fund",
    "scheme_launch_date": "20250415"
   }
  },
  {
   "value": {
    "amc_name": "Quantum Asset Management Company Private Limited",
    "benchmark_index": [
     "1.  7.34% GOI (MD 22/04/2064) Tier I Benchmark - CRISIL Dynamic Bond A-III Index 2.  7.3% GOI (MD 19/06/2053)"
    ],
    "field_location": [
     {
      "amc_name": "25",
      "benchmark_index": "25",
      "count": 21,
      "fund_manager_managing_fund_since": "25",
      "fund_manager_name": "25",
      "fund_manager_total_exp": "25",
      "load_entry": "25",
      "load_exit": "25",
      "main_scheme_name": "25",
      "metrics_avg_maturity": "25",
      "metrics_macaulay": "25",
      "metrics_mod_duration": "25",
      "metrics_ytm": "25",
      "monthly_aaum_date": "25",
      "monthly_aaum_value": "25",
      "mutual_fund_name": "25",
      "scheme_launch_date": "25"
     }
    ],
    "fund_manager": [
     {
      "managing_fund_since": "april 01, 2025",
      "name": "Mr. Pankaj Pathak",
      "qualification": "",
      "total_exp": "14 years"
     },
     {
      "managing_fund_since": "march 31, 2025",
      "name": "Cash Equivalents",
      "qualification": "",
      "total_exp": "8 years"
     },
     {
      "managing_fund_since": "",
      "name": "Quantum Dynamic",
      "qualification": "",
      "total_exp": "9.49 years"
     },
     {
      "managing_fund_since": "",
      "name": "Ms. Sneha Pandey",
      "qualification": "",
      "total_exp": "9.13 years"
     },
     {
      "managing_fund_since": "",
      "name": "Residual Maturity",
      "qualification": "",
      "total_exp": "20.96 years"
     },
     {
      "managing_fund_since": "",
      "name": "Modified Duration",
      "qualification": "",
      "total_exp": ""
     }
    ],
    "load": [
     {
      "comment": "Not Applicable",
      "type": "entry"
     },
     {
      "comment": "NIL Record Date",
      "type": "exit"
     }
    ],
    "main_scheme_name": "QUANTUM DYNAMIC BOND FUND",
    "metrics": [
     {
      "name": "ytm",
      "value": "6.90%"
     },
     {
      "name": "mod_duration",
      "value": "20.96 years"
     },
     {
      "name": "avg_maturity",
      "value": "9.49 years"
     },
     {
      "name": "macaulay",
      "value": "9.13 years"
     }
    ],
    "monthly_aaum_date": "20250331",
    "monthly_aaum_value": "133.39",
    "mutual_fund_name": "Quantum Mutual Fund",
    "scheme_launch_date": "20350605"
   }
  },
  {
   "value": {
    "amc_name": "Quantum Asset Management Company Private Limited",
    "benchmark_index": [
     "If you had invested INR 10,000 every month Tier I Benchmark - Domestic Price of Physical Gold"
    ],
    "field_location": [
     {
      "amc_name": "27",
      "benchmark_index": "27",
      "count": 21,
      "fund_manager_managing_fund_since": "27",
      "fund_manager_name": "27",
      "fund_manager_total_exp": "27",
      "load_entry": "27",
      "load_exit": "27",
      "main_scheme_name": "27",
      "metrics_mod_duration": "27",
      "min_amt": "27",
      "min_amt_multiple": "27",
      "monthly_aaum_date": "27",
      "monthly_aaum_value": "27",
      "mutual_fund_name": "27",
      "scheme_launch_date": "27"
     }
    ],
    "fund_manager": [
     {
      "managing_fund_since": "may 19, 2011",
      "name": "Mr. Chirag Mehta Quantum",
      "qualification": "",
      "total_exp": "22 years"
     },
     {
      "managing_fund_since": "",
      "name": "Amount Invested",
      "qualification": "",
      "total_exp": ""
     }
    ],
    "load": [
     {
      "comment": "(₹‘000)Not Applicable Mkt Value of scheme as onMarch 31, 25 (₹‘000)",
      "type": "entry"
     },
     {
      "comment": "Tier I -",
      "type": "exit"
     }
    ],
    "main_scheme_name": "QUANTUM GOLD SAVINGS FUND",
    "metrics": [
     {
      "name": "mod_duration",
      "value": "2"
     }
    ],
    "min_amt": "₹500",
    "min_amt_multiple": "₹1",
    "monthly_aaum_date": "20250331",
    "monthly_aaum_value": "175.24",
    "mutual_fund_name": "Quantum Mutual Fund",
    "scheme_launch_date": "20110519"
   }
  },
  {
   "value": {
    "amc_name": "Quantum Asset Management Company Private Limited",
    "benchmark_index": [
     "Grand Total CRISIL Dynamic Bond A-III Index (20%) + CRISIL Liquid Debt * Cash & Cash Equivalents"
    ],
    "field_location": [
     {
      "amc_name": "29",
      "benchmark_index": "29",
      "count": 21,
      "fund_manager_managing_fund_since": "29",
      "load_entry": "29",
      "load_exit": "29",
      "main_scheme_name": "29",
      "metrics_beta": "29",
      "metrics_mod_duration": "29",
      "metrics_sharpe": "29",
      "metrics_std_dev": "29",
      "monthly_aaum_date": "29",
      "monthly_aaum_value": "29",
      "mutual_fund_name": "29",
      "scheme_launch_date": "29"
     }
    ],
    "fund_manager": [
     {
      "managing_fund_since": "july 11, 2012",
      "name": "",
      "qualification": "",
      "total_exp": ""
     }
    ],
    "load": [
     {
      "comment": "Past performance may or may not be sustained in the future.Not Applicable Plan and Regular Plan - Growth option. Load is not taken into consideration using applicable NAV on the SIP day (5th of every month).Return on SIP and Benchmark are annualized and compounded investment return for cash flows resulting out of uniform and regular monthly",
      "type": "entry"
     },
     {
      "comment": "subscriptions as on 5th day of every month (in case 5th is a non-Business Day, then the next Business Day) and have been worked out using the Excel spreadsheet function known as XIRR. XIRR calculates the internal rate of return for series of cash flow. Assuming ₹10,000 invested Repurchase/ Redemption/ Switch Out - every month on 5th day of every month (in case 5th is a non-Business Day, then the next Business Day), the 1 year, 3 years, 5 years, 7 years a) On or before 90 days from the date of allotment: 1.00%. and since inception returns from SIP are annualized and compounded investment return computed on the assumption that SIP installments were received across the time periods from the start date of SIP from the end of the relevant period viz. 1 year, 3 years, 5 years, 7 years b) After 90 days from the date of allotment: Nil and since Inception. Returns are net of",
      "type": "exit"
     }
    ],
    "main_scheme_name": "QUANTUM MULTI ASSET FUND OF FUNDS",
    "metrics": [
     {
      "name": "sharpe",
      "value": "0.72"
     },
     {
      "name": "std_dev",
      "value": "5.14%"
     },
     {
      "name": "beta",
      "value": "0.84"
     },
     {
      "name": "mod_duration",
      "value": "3."
     }
    ],
    "monthly_aaum_date": "20250331",
    "monthly_aaum_value": "60.87",
    "mutual_fund_name": "Quantum Mutual Fund",
    "scheme_launch_date": "20120711"
   }
  },
  {
   "value": {
    "amc_name": "Quantum Asset Management Company Private Limited",
    "benchmark_index": [
     "seeking*"
    ],
    "field_location": [
     {
      "amc_name": "31",
      "benchmark_index": "31",
      "count": 21,
      "fund_manager_managing_fund_since": "31",
      "fund_manager_name": "31",
      "fund_manager_total_exp": "31",
      "load_entry": "31",
      "load_exit": "31",
      "main_scheme_name": "31",
      "metrics_mod_duration": "31",
      "monthly_aaum_date": "31",
      "monthly_aaum_value": "31",
      "mutual_fund_name": "31",
      "scheme_launch_date": "31"
     }
    ],
    "fund_manager": [
     {
      "managing_fund_since": "august 05, 2022 ",
      "name": "Mr. Hitendra Parekh",
      "qualification": "",
      "total_exp": "32 years"
     }
    ],
    "load": [
     {
      "comment": "Past performance may or may not be sustained in the future.Plan and Regular Plan - Growth option. Load is not taken into consideration using applicable NAV on the SIP day (5th of every month).Not Applicable Return on SIP and Benchmark are annualized and compounded investment return for cash flows resulting out of uniform and regular monthlysubscriptions as on 5th day of every month (in case 5th is a non-Business Day, then the next Business Day) and have been worked out using",
      "type": "entry"
     },
     {
      "comment": "the Excel spreadsheet function known as XIRR. XIRR calculates the internal rate of return for series of cash flow. Assuming ₹10,000 invested every month on 5th day of every month (in case 5th is a non-Business Day, then the next Business Day), the 1 year, 3 years, 5 years, 7 years NIL and since inception returns from SIP are annualized and compounded investment return computed on the assumption that SIP installments were received across the time periods from the start date of SIP from the end of the relevant period viz. 1 year, 3 years, 5 years, 7 years and since Inception. Returns are net of",
      "type": "exit"
     }
    ],
    "main_scheme_name": "QUANTUM NIFTY 50 ETF FUND OF FUND",
    "metrics": [
     {
      "name": "mod_duration",
      "value": "2"
     }
    ],
    "monthly_aaum_date": "20250331",
    "monthly_aaum_value": "24.83",
    "mutual_fund_name": "Quantum Mutual Fund",
    "scheme_launch_date": "20220805"
   }
  },
  {
   "value": {
    "amc_name": "Quantum Asset Management Company Private Limited",
    "benchmark_index": [
     "who are seeking*"
    ],
    "field_location": [
     {
      "amc_name": "33",
      "benchmark_index": "33",
      "count": 21,
      "fund_manager_managing_fund_since": "33",
      "fund_manager_name": "33",
      "fund_manager_total_exp": "33",
      "load_entry": "33",
      "load_exit": "33",
      "main_scheme_name": "33",
      "metrics_mod_duration": "33",
      "metrics_tracking_error": "33",
      "monthly_aaum_date": "33",
      "monthly_aaum_value": "33",
      "mutual_fund_name": "33"
     }
    ],
    "fund_manager": [
     {
      "managing_fund_since": "june 1, 2024",
      "name": "Mr. Chirag Mehta",
      "qualification": "",
      "total_exp": "22 years"
     },
     {
      "managing_fund_since": "",
      "name": "Scrip Code Name",
      "qualification": "",
      "total_exp": ""
     }
    ],
    "load": [
     {
      "comment": "Gold)Not Applicable Tier I Benchmark:",
      "type": "entry"
     },
     {
      "comment": "Domestic Price of physical gold Nil (retail investor can exit the scheme only through secondary market)",
      "type": "exit"
     }
    ],
    "main_scheme_name": "QUANTUM GOLD FUND",
    "metrics": [
     {
      "name": "tracking_error",
      "value": "4."
     },
     {
      "name": "mod_duration",
      "value": "2"
     }
    ],
    "monthly_aaum_date": "20250331",
    "monthly_aaum_value": "285.15",
    "mutual_fund_name": "Quantum Mutual Fund"
   }
  },
  {
   "value": {
    "amc_name": "Quantum Asset Management Company Private Limited",
    "benchmark_index": [
     "14.  Hindustan Unilever Ltd Tier I Benchmark - Nifty 50 TRI 15.  Sun Pharmaceutical Industries Ltd"
    ],
    "field_location": [
     {
      "amc_name": "34",
      "benchmark_index": "34",
      "count": 21,
      "fund_manager_managing_fund_since": "34",
      "fund_manager_name": "34",
      "fund_manager_total_exp": "34",
      "load_entry": "34",
      "load_exit": "34",
      "main_scheme_name": "34",
      "metrics_mod_duration": "34",
      "metrics_port_turnover_ratio": "34",
      "metrics_tracking_error": "34",
      "monthly_aaum_date": "34",
      "monthly_aaum_value": "34",
      "mutual_fund_name": "34"
     }
    ],
    "fund_manager": [
     {
      "managing_fund_since": "july 10, 2008 ",
      "name": "Shriram Finance Ltd",
      "qualification": "",
      "total_exp": "32 years"
     },
     {
      "managing_fund_since": "",
      "name": "Coal India Ltd",
      "qualification": "",
      "total_exp": ""
     },
     {
      "managing_fund_since": "",
      "name": "Mr. Hitendra Parekh",
      "qualification": "",
      "total_exp": ""
     },
     {
      "managing_fund_since": "",
      "name": "Tech Mahindra Ltd",
      "qualification": "",
      "total_exp": ""
     },
     {
      "managing_fund_since": "",
      "name": "Bajaj Auto Ltd",
      "qualification": "",
      "total_exp": ""
     },
     {
      "managing_fund_since": "",
      "name": "Adani Ports",
      "qualification": "",
      "total_exp": ""
     },
     {
      "managing_fund_since": "",
      "name": "Economic Zone",
      "qualification": "",
      "total_exp": ""
     },
     {
      "managing_fund_since": "",
      "name": "Key Statistics",
      "qualification": "",
      "total_exp": ""
     },
     {
      "managing_fund_since": "",
      "name": "Nestle India Ltd",
      "qualification": "",
      "total_exp": ""
     },
     {
      "managing_fund_since": "",
      "name": "Cipla Ltd",
      "qualification": "",
      "total_exp": ""
     },
     {
      "managing_fund_since": "",
      "name": "Tracking Error",
      "qualification": "",
      "total_exp": ""
     },
     {
      "managing_fund_since": "",
      "name": "Jio Financial Services",
      "qualification": "",
      "total_exp": ""
     },
     {
      "managing_fund_since": "",
      "name": "Wipro Ltd",
      "qualification": "",
      "total_exp": ""
     }
    ],
    "load": [
     {
      "comment": "42. Eicher Motors LtdNot Applicable 43. HDFC Life Insurance Company Ltd44. Dr. Reddy''s Laboratories Ltd",
      "type": "entry"
     },
     {
      "comment": "45. SBI Life Insurance Company Ltd NIL (retail Investor can exit the scheme only through 46. Apollo Hospitals Enterprise Ltd secondary market) 47. Tata Consumer Products Ltd 48. Adani Enterprises Ltd 49. Hero MotoCorp Ltd",
      "type": "exit"
     }
    ],
    "main_scheme_name": "QUANTUM NIFTY 50 ETF",
    "metrics": [
     {
      "name": "tracking_error",
      "value": "8."
     },
     {
      "name": "port_turnover_ratio",
      "value": "9.75"
     },
     {
      "name": "mod_duration",
      "value": "2"
     }
    ],
    "monthly_aaum_date": "20250331",
    "monthly_aaum_value": "62.05",
    "mutual_fund_name": "Quantum Mutual Fund"
   }
  },
  {
   "value": {
    "amc_name": "Quantum Asset Management Company Private Limited",
    "benchmark_index": [
     "BSE 250 SmallCap TRI"
    ],
    "field_location": [
     {
      "amc_name": "38",
      "benchmark_index": "38",
      "count": 21,
      "fund_manager_managing_fund_since": "38",
      "fund_manager_name": "38",
      "load_entry": "38",
      "load_exit": "38",
      "main_scheme_name": "38",
      "monthly_aaum_date": "38",
      "mutual_fund_name": "38",
      "scheme_launch_date": "38"
     }
    ],
    "fund_manager": [
     {
      "managing_fund_since": "november 03, 2023",
      "name": "Chirag Mehta",
      "qualification": "",
      "total_exp": ""
     },
     {
      "managing_fund_since": "november 03, 2023",
      "name": "Mrs. Abhilasha Satale",
      "qualification": "",
      "total_exp": ""
     }
    ],
    "load": [
     {
      "comment": "period i.e. 730 days from the allotment Exit Load Period : 730 days from the date of allotment • Remaining 90% of units in parts or full: (i) 2%: If redeemed or switched out on or before 365 days from the date of allotment (ii) 1%: If redeemed or switched out after 365 days but on or before 730 days from the date of allotment • Nil: If units redeemed or switched out after 730 days from the date of allotment. Growth & Income Distribution cum Capital Withdrawal (",
      "type": "exit"
     },
     {
      "comment": "Not Applicable",
      "type": "entry"
     }
    ],
    "main_scheme_name": "Fund at a Glance Scheme Name Quantum Small Cap Fund Type of Scheme ",
    "monthly_aaum_date": "20250331",
    "mutual_fund_name": "Quantum Mutual Fund",
    "scheme_launch_date": "NOVEMBER 03"
   }
  },
  {
   "value": {
    "amc_name": "Quantum Asset Management Company Private Limited",
    "benchmark_index": [
     "- BSE 500 TRI Tier II Benchmark - BSE 200 TRI"
    ],
    "field_location": [
     {
      "amc_name": "39",
      "benchmark_index": "39",
      "count": 21,
      "fund_manager_managing_fund_since": "39",
      "fund_manager_name": "39",
      "load_entry": "39",
      "load_exit": "39",
      "main_scheme_name": "39",
      "monthly_aaum_date": "39",
      "mutual_fund_name": "39",
      "scheme_launch_date": "39"
     }
    ],
    "fund_manager": [
     {
      "managing_fund_since": "december 20, 2024",
      "name": "Chirag Mehta",
      "qualification": "",
      "total_exp": ""
     }
    ],
    "load": [
     {
      "comment": "Not Applicable",
      "type": "entry"
     },
     {
      "comment": "Nil: 10% of units If redeemed or switched out on or before 365 days from the date of allotment. 1%: Remaining 90% of units if redeemed or switched out on or before 365 days from the date of allotment. NIL: If redeemed or switched out after 365 days from the date of allotment Investment Options Growth Option Investment Plan Minimum Application Purchase: ₹500/- and in multiples of ₹1/- therefore. Additional Amount Purchase: ₹500/- and in multiples of ₹1/- thereafter / 50 units Lock-in Period Nil",
      "type": "exit"
     }
    ],
    "main_scheme_name": "Fund at a Glance Scheme Name Quantum Ethical Fund Type of Scheme ",
    "monthly_aaum_date": "20250331",
    "mutual_fund_name": "Quantum Mutual Fund",
    "scheme_launch_date": "DECEMBER 20"
   }
  },
  {
   "value": {
    "amc_name": "Quantum Asset Management Company Private Limited",
    "benchmark_index": [
     "- Nifty100 ESG Total Return Index Not Applicable NIL : 10% of units If redeemed or switched out on or before 365"
    ],
    "field_location": [
     {
      "amc_name": "40",
      "benchmark_index": "40",
      "count": 21,
      "fund_manager_managing_fund_since": "40",
      "fund_manager_name": "40",
      "load_entry": "40",
      "load_exit": "40",
      "main_scheme_name": "40",
      "monthly_aaum_date": "40",
      "mutual_fund_name": "40",
      "scheme_launch_date": "40"
     }
    ],
    "fund_manager": [
     {
      "managing_fund_since": "november 1, 2013",
      "name": "Chirag Mehta",
      "qualification": "",
      "total_exp": ""
     },
     {
      "managing_fund_since": "april 01, 2025",
      "name": "Mr. Piyush Singh",
      "qualification": "",
      "total_exp": ""
     }
    ],
    "load": [
     {
      "comment": "Not Applicable",
      "type": "entry"
     },
     {
      "comment": "NIL : 10% of units if redeemed or switched out on or before 365 days from the date of allotment 1% : Remaining 90% of units if redeemed or switched out on or before 365 days from the date allotment NIL : If redeemed or switched out after 365 days from the date of allotment Investment Options Growth & Income Distribution cum Capital Withdrawal (",
      "type": "exit"
     }
    ],
    "main_scheme_name": "Fund at a Glance Scheme Name Quantum Equity Fund of Funds Type of Scheme ",
    "monthly_aaum_date": "20250331",
    "mutual_fund_name": "Quantum Mutual Fund",
    "scheme_launch_date": "JULY 20"
   }
  },
  {
   "value": {
    "amc_name": "Quantum Asset Management Company Private Limited",
    "benchmark_index": [
     "- CRISIL Dynamic Bond A-III Index Not Applicable Day 3 : 0.0060%, Day 4 :"
    ],
    "field_location": [
     {
      "amc_name": "41",
      "benchmark_index": "41",
      "count": 21,
      "fund_manager_managing_fund_since": "41",
      "fund_manager_name": "41",
      "load_entry": "41",
      "load_exit": "41",
      "main_scheme_name": "41",
      "min_amt": "41",
      "min_amt_multiple": "41",
      "monthly_aaum_date": "41",
      "mutual_fund_name": "41",
      "scheme_launch_date": "41"
     }
    ],
    "fund_manager": [
     {
      "managing_fund_since": "march 1, 2017",
      "name": "Mr. Pankaj Pathak",
      "qualification": "",
      "total_exp": ""
     },
     {
      "managing_fund_since": "april 01, 2025",
      "name": "Ms. Sneha Pandey",
      "qualification": "",
      "total_exp": ""
     },
     {
      "managing_fund_since": "",
      "name": "Quantum Liquid",
      "qualification": "",
      "total_exp": ""
     }
    ],
    "load": [
     {
      "comment": "Not Applicable",
      "type": "entry"
     },
     {
      "comment": "Day 1 : 0.0070%, Day 2 : 0.0065%, 0.0055%, Day 5 : 0.0050%, Day 6 : Day 7 Onwards: NIL Investment Options Growth, Daily Reinvestment of Income Distribution Cum Capital Withdrawal (",
      "type": "exit"
     }
    ],
    "main_scheme_name": "Fund at a Glance Scheme Name Quantum Liquid Fund Type of Scheme ",
    "min_amt": "₹5,000",
    "min_amt_multiple": "₹1",
    "monthly_aaum_date": "20250331",
    "mutual_fund_name": "Quantum Mutual Fund",
    "scheme_launch_date": "APRIL 07"
   }
  },
  {
   "value": {
    "amc_name": "Quantum Asset Management Company Private Limited",
    "benchmark_index": [
     "Tier I Benchmark - Domestic Price of Physical Gold"
    ],
    "field_location": [
     {
      "amc_name": "42",
      "benchmark_index": "42",
      "count": 21,
      "fund_manager_managing_fund_since": "42",
      "fund_manager_name": "42",
      "load_entry": "42",
      "load_exit": "42",
      "main_scheme_name": "42",
      "monthly_aaum_date": "42",
      "mutual_fund_name": "42",
      "scheme_launch_date": "42"
     }
    ],
    "fund_manager": [
     {
      "managing_fund_since": "may 19, 2011",
      "name": "Chirag Mehta",
      "qualification": "",
      "total_exp": ""
     }
    ],
    "load": [
     {
      "comment": "Not Applicable",
      "type": "entry"
     },
     {
      "comment": "NIL Investment Options Growth Investment Plan Minimum Application Purchase: ₹500/- and in multiples of ₹1/- thereafter. Additional Amount Purchase: ₹500/- and in multiples of ₹1/- thereafter / 50 units Lock-in Period Nil",
      "type": "exit"
     }
    ],
    "main_scheme_name": "Fund at a Glance Scheme Name Quantum Gold Savings Fund Type of Scheme ",
    "monthly_aaum_date": "20250331",
    "mutual_fund_name": "Quantum Mutual Fund",
    "scheme_launch_date": "MAY 19"
   }
  },
  {
   "value": {
    "amc_name": "Quantum Asset Management Company Private Limited",
    "benchmark_index": [
     "Tier I Benchmark - Nifty 50 TRI"
    ],
    "field_location": [
     {
      "amc_name": "43",
      "benchmark_index": "43",
      "count": 21,
      "fund_manager_managing_fund_since": "43",
      "fund_manager_name": "43",
      "load_entry": "43",
      "load_exit": "43",
      "main_scheme_name": "43",
      "monthly_aaum_date": "43",
      "mutual_fund_name": "43",
      "scheme_launch_date": "43"
     }
    ],
    "fund_manager": [
     {
      "managing_fund_since": "august 05, 2022",
      "name": "Hitendra Parekh",
      "qualification": "",
      "total_exp": ""
     }
    ],
    "load": [
     {
      "comment": "Not Applicable",
      "type": "entry"
     },
     {
      "comment": "NIL Investment Options Growth Investment Plan Minimum Application Purchase: ₹500 /- and in multiples of Rs. 1 thereafter Additional Amount Purchase: ₹500 /- and in multiples of ₹1 thereafter / 50 units. Lock-in Period Nil",
      "type": "exit"
     }
    ],
    "main_scheme_name": "Fund at a Glance Scheme Name Quantum Nifty 50 ETF Fund of Fund Type of Scheme ",
    "monthly_aaum_date": "20250331",
    "mutual_fund_name": "Quantum Mutual Fund",
    "scheme_launch_date": "AUGUST 05"
   }
  },
  {
   "value": {
    "amc_name": "Quantum Asset Management Company Private Limited",
    "benchmark_index": [
     "- Nifty 50 TRI Not Applicable Nil (retail investor can exit the scheme only through"
    ],
    "field_location": [
     {
      "amc_name": "44",
      "benchmark_index": "44",
      "count": 21,
      "fund_manager_managing_fund_since": "44",
      "fund_manager_name": "44",
      "load_entry": "44",
      "load_exit": "44",
      "main_scheme_name": "44",
      "metrics_tracking_error": "44",
      "monthly_aaum_date": "44",
      "mutual_fund_name": "44",
      "scheme_launch_date": "44"
     }
    ],
    "fund_manager": [
     {
      "managing_fund_since": "june 1, 2024",
      "name": "Chirag Mehta",
      "qualification": "",
      "total_exp": ""
     }
    ],
    "load": [
     {
      "comment": "the scheme only through secondary market) Directly with Fund: The Market Makers / Eligible Investors can subscribe / redeem units directly with the AMC in Creation Unit Size at the Intra-Day NAV. On the Exchange: At prices which may be close to the NAV of Q Nifty Units. On NSE, the units can be purchased / sold in minimum lot of 1 unit and in multiples thereof. The units of Q Nifty issued under the scheme will be approximately equal to the price of 1/10 (one-tenth) of the Nifty 50 Index. Nil",
      "type": "exit"
     },
     {
      "comment": "Not Applicable",
      "type": "entry"
     }
    ],
    "main_scheme_name": "Fund at a Glance Scheme Name Quantum Gold Fund Type of Scheme ",
    "metrics": [
     {
      "name": "tracking_error",
      "value": "50"
     }
    ],
    "monthly_aaum_date": "20250331",
    "mutual_fund_name": "Quantum Mutual Fund",
    "scheme_launch_date": "FEBRUARY 22"
   }
  }
 ]
}