{
    "metadata": {
        "document_name": "28_17164_May-2025_1748246608_SID.pdf",
        "file_type": "sid",
        "process_date": "20250529"
    },
    "value": {
        "amc_name": "Motilal Oswal Asset Management Limited",
        "benchmark_index": "BSE 1000 Total Return Index",
        "close_date": ": June 19, 2025",
        "face_value": "Rs.10",
        "field_location": {
            "benchmark_index": 4,
            "close_date": 0,
            "fund_manager": 19,
            "load": 4,
            "main_scheme_name": 4,
            "min_addl_amt": 4,
            "min_addl_amt_multiple": 4,
            "min_amt": 4,
            "min_amt_multiple": 4,
            "offer_price": 4,
            "open_date": 0,
            "scheme_code": 4,
            "scheme_objective": 4,
            "suitable_for_investors": 0,
            "type_of_scheme": 4
        },
        "fund_manager": [
            {
                "name": "Swapnil Mayekar",
                "experience": "14 years",
                "qualification": " Master of Commerce (Finance Management)"
            },
            {
                "name": "Name and Designation of the fund manager",
                "experience": "",
                "qualification": ""
            },
            {
                "name": "Dishant Mehta",
                "experience": "11 years",
                "qualification": " Graduate In B.S.C"
            },
            {
                "name": "Rakesh Shetty",
                "experience": "15 years",
                "qualification": " Bachelors of Commerce (B.Com)"
            }
        ],
        "load": [
            {
                "comment": "1 % - If redeemed on or before 15 days from the allotment.  Nil - If redeemed after 15 days from the allotment.",
                "type": "exit_load",
                "value": ""
            }
        ],
        "main_scheme_name": "Motilal Oswal BSE 1000 Index Fund",
        "min_addl_amt": "500",
        "min_addl_amt_multiple": "1",
        "min_amt": "500",
        "min_amt_multiple": "1",
        "mutual_fund_name": "Motilal Oswal Mutual Fund",
        "offer_price": "Rs.10",
        "open_date": ": June 5, 2025",
        "riskometer_benchmark": null,
        "riskometer_scheme": null,
        "scheme_code": "MOTO/O/O/OIN/25/04/0073",
        "scheme_objective": "The  investment  objective  of  the  scheme  is  to  provide  returns  that,  before  expenses,  correspond  to  the  total  returns  of  the  securities  as  represented by BSE 1000 Index, subject to tracking error.  owever, there can be no assurance or guarantee that the investment  objectives of the scheme will be achieved.",
        "suitable_for_investors": "* \uf0b7 Return that corresponds to the BSE 1000 Total Return Index, subject to tracking error \uf0b7 Long-term capital growth *",
        "type_of_scheme": "An open-ended fund replicating/tracking the BSE 1000 Total Return  Index"
    }
}