{
    "metadata": {
        "document_name": "28_17086_May-2025_1746677550_SID.pdf",
        "file_type": "sid",
        "process_date": "20250529"
    },
    "value": {
        "amc_name": "Motilal Oswal Asset Management Limited",
        "benchmark_index": "Nifty  50  Equal Weight Total Return Index",
        "close_date": ": Not Applicable",
        "face_value": "Rs.10",
        "field_location": {
            "benchmark_index": 0,
            "close_date": 0,
            "fund_manager": 0,
            "load": 0,
            "main_scheme_name": 0,
            "min_addl_amt": 0,
            "min_addl_amt_multiple": 0,
            "min_amt": 0,
            "min_amt_multiple": 0,
            "offer_price": 0,
            "open_date": 0,
            "scheme_code": 0,
            "scheme_objective": 0,
            "suitable_for_investors": 0,
            "type_of_scheme": 0
        },
        "fund_manager": [
            {
                "name": "Swapnil Mayekar",
                "experience": "20 years",
                "qualification": " Master of Commerce (Finance Management)"
            },
            {
                "name": "Dishant Mehta",
                "experience": "14 years",
                "qualification": "Graduate In B.S.C"
            },
            {
                "name": "Name and Designation of the fund manager",
                "experience": "",
                "qualification": ""
            },
            {
                "name": "Rakesh Shetty",
                "experience": "15 years",
                "qualification": "Bachelors of Commerce (B.Com)"
            }
        ],
        "load": [
            {
                "comment": "Nil",
                "type": "exit_load",
                "value": ""
            }
        ],
        "main_scheme_name": "Motilal Oswal Nifty 50 Equal Weight ETF",
        "min_addl_amt": "1",
        "min_addl_amt_multiple": "25",
        "min_amt": "61224",
        "min_amt_multiple": "1",
        "mutual_fund_name": "Motilal Oswal Mutual Fund",
        "offer_price": "Rs.10",
        "open_date": ": Not Applicable",
        "other_text.offer_of_units": "of Rs. 10 each, issued at a premium approximately equal to the difference between face value and Allotment Price during the New Fund Offer and at NAV based prices on an ongoing basis.",
        "riskometer_benchmark": null,
        "riskometer_scheme": null,
        "scheme_code": "MOTO/O/O/OET/25/04/0071",
        "scheme_objective": "The  investment  objective  of  the  scheme  is  to  provide  returns  that,  before  expenses,  closely  correspond  to  the  total  returns  of  the  securities as represented by Nifty 50 Equal Weight Index, subject to  tracking error.     However,  there  is  no  guarantee  or  assurance  that  the  investment  objective of the scheme will be achieved.",
        "suitable_for_investors": "*: \uf0b7 Return that corresponds to the performance of the Nifty 50 Equal Weight Total Return Index subject to tracking error. \uf0b7 Long-term capital growth. *",
        "type_of_scheme": "An  open-ended  scheme  replicating/tracking  the  Nifty  50  Equal  Weight Total Return Index"
    }
}