{
    "metadata": {
        "document_name": "28_17121_May-2025_1747281619_SID.pdf",
        "file_type": "sid",
        "process_date": "20250529"
    },
    "value": {
        "amc_name": "Motilal Oswal Asset Management Limited",
        "benchmark_index": "Nifty Next  50 Total Return Index",
        "close_date": ": Not Applicable",
        "face_value": "Rs.10",
        "field_location": {
            "benchmark_index": 5,
            "close_date": 0,
            "fund_manager": 21,
            "load": 5,
            "main_scheme_name": 5,
            "min_addl_amt": 5,
            "min_addl_amt_multiple": 5,
            "offer_price": 5,
            "open_date": 0,
            "scheme_code": 5,
            "scheme_objective": 5,
            "suitable_for_investors": 0,
            "type_of_scheme": 5
        },
        "fund_manager": [
            {
                "name": "Swapnil Mayekar",
                "experience": "14 years",
                "qualification": " Master of Commerce (Finance Management)"
            },
            {
                "name": "Dishant Mehta",
                "experience": "11 years",
                "qualification": " Graduate In B.S.C"
            },
            {
                "name": "Rakesh Shetty",
                "experience": "15 years",
                "qualification": " Bachelors of Commerce (B.Com)"
            },
            {
                "name": "Name and Designation of the fund manager",
                "experience": "",
                "qualification": ""
            }
        ],
        "load": [
            {
                "comment": "Nil",
                "type": "exit_load",
                "value": ""
            }
        ],
        "main_scheme_name": "Motilal Oswal Nifty Next 50 ETF",
        "min_addl_amt": "1",
        "min_addl_amt_multiple": "25",
        "min_amt": null,
        "min_amt_multiple": null,
        "mutual_fund_name": "Motilal Oswal Mutual Fund",
        "offer_price": "Rs.10",
        "open_date": ": Not Applicable",
        "other_text.offer_of_units": "of Rs. 10 each, issued at a premium approximately equal to the difference between face value and Allotment Price during the New Fund Offer and at NAV based prices on an ongoing basis.",
        "riskometer_benchmark": null,
        "riskometer_scheme": null,
        "scheme_code": "MOTO/O/O/OET/25/04/0069",
        "scheme_objective": "H The  investment  objective  of  the  scheme  is  to  provide  returns  that,  before  expenses,  closely  correspond  to  the  total  returns  of  the  securities as represented by Nifty Next 50 Total Return Index, subject  to tracking error.  owever,  there  is  no  guarantee  or  assurance  that  the  investment  objective of the scheme will be achieved.",
        "suitable_for_investors": "*: \uf0b7 Return that corresponds to the performance of the Nifty Next 50 Total Return Index, subject to tracking error. \uf0b7 Long-term capital growth. *",
        "type_of_scheme": "Exchange Traded Fund"
    }
}