{
    "metadata": {
        "document_name": "28_17124_May-2025_1747281871_SID.pdf",
        "file_type": "sid",
        "process_date": "20250529"
    },
    "value": {
        "amc_name": "Motilal Oswal Asset Management Limited",
        "benchmark_index": "BSE  India  Infrastructure Total Return Index",
        "close_date": ": Not Applicable",
        "face_value": "Rs.10",
        "field_location": {
            "benchmark_index": 4,
            "close_date": 0,
            "fund_manager": 20,
            "load": 4,
            "main_scheme_name": 4,
            "min_addl_amt": 4,
            "min_addl_amt_multiple": 4,
            "min_amt": 4,
            "min_amt_multiple": 4,
            "offer_price": 4,
            "open_date": 0,
            "scheme_code": 4,
            "scheme_objective": 4,
            "suitable_for_investors": 0,
            "type_of_scheme": 4
        },
        "fund_manager": [
            {
                "name": "Swapnil Mayekar",
                "experience": "14 years",
                "qualification": " Master of Commerce (Finance Management)"
            },
            {
                "name": "Dishant Mehta",
                "experience": "11 years",
                "qualification": " Graduate In B.S.C"
            },
            {
                "name": "Name and Designation of the fund manager",
                "experience": "",
                "qualification": ""
            },
            {
                "name": "Rakesh Shetty",
                "experience": "14 years",
                "qualification": " Bachelors of Commerce (B.Com)"
            }
        ],
        "load": [
            {
                "comment": "Nil",
                "type": "exit_load",
                "value": ""
            }
        ],
        "main_scheme_name": "Motilal Oswal BSE India Infrastructure ETF",
        "min_addl_amt": "1",
        "min_addl_amt_multiple": "25",
        "min_amt": "61224",
        "min_amt_multiple": "1",
        "mutual_fund_name": "Motilal Oswal Mutual Fund",
        "offer_price": "Rs.10",
        "open_date": ": Not Applicable",
        "riskometer_benchmark": null,
        "riskometer_scheme": null,
        "scheme_code": "MOTO/O/O/OET/25/04/0072",
        "scheme_objective": "The  investment  objective  of  the  scheme  is  to  provide  returns  that,  before expenses, closely correspond to the total returns of the securities  as represented by BSE India Infrastructure Total Return Index, subject  to tracking error.   owever,  there  is  no  guarantee  or  assurance  that  the  investment  objective of the scheme will be achieved.",
        "suitable_for_investors": "*: \uf0b7 Return that corresponds to the performance of the BSE India Infrastructure Total Return Index subject to tracking error. \uf0b7 Long-term capital growth. *",
        "type_of_scheme": "Exchange Traded Fund"
    }
}