{
    "metadata": {
        "document_name": "28_17123_May-2025_1747281804_SID.pdf",
        "file_type": "sid",
        "process_date": "20250529"
    },
    "value": {
        "amc_name": "Motilal Oswal Asset Management Limited",
        "benchmark_index": "Nifty Services Sector Total Return Index",
        "close_date": ": June 03, 2025",
        "face_value": "Rs.10",
        "field_location": {
            "benchmark_index": 4,
            "close_date": 0,
            "fund_manager": 21,
            "load": 4,
            "main_scheme_name": 4,
            "min_addl_amt": 4,
            "min_addl_amt_multiple": 4,
            "min_amt": 4,
            "min_amt_multiple": 4,
            "offer_price": 4,
            "open_date": 0,
            "scheme_code": 4,
            "scheme_objective": 4,
            "suitable_for_investors": 0,
            "type_of_scheme": 4
        },
        "fund_manager": [
            {
                "name": "Mr. Atul Mehra",
                "experience": "15 years",
                "qualification": " CFA Charterholder, CFA Institute, Charlottesville, Virginia, USA Masters in commerce; Mumbai University Bachelor\u2019s in commerce, Mumbai University, HR College of Commerce and Economics"
            },
            {
                "name": "Mr. Rakesh Shetty",
                "experience": "15 years",
                "qualification": " Bachelors of Commerce (B.Com)"
            },
            {
                "name": "Name and Designation of the fund manager",
                "experience": "",
                "qualification": ""
            },
            {
                "name": "Mr. Sunil Sawant",
                "experience": "",
                "qualification": " Master of Commerce (M. Com)."
            }
        ],
        "load": [
            {
                "comment": "1% - If redeemed within 90 days from the day of allotment.  Nil - If redeemed after 90 days from the date of allotment.  xit Load will be applicable on switch amongst the Schemes of MOMF.  No  Load  shall  be  imposed  for  switching  between  Options  within  the  Scheme. Further, it is clarified that there will be no exit load charged on a  switch-out amongst the plans within the same scheme.   or details on load structure, please refer to Section on Load Structure in  this Document.",
                "type": "exit_load",
                "value": ""
            }
        ],
        "main_scheme_name": "Motilal Oswal Services Fund",
        "min_addl_amt": "500",
        "min_addl_amt_multiple": "1",
        "min_amt": "500",
        "min_amt_multiple": "1",
        "mutual_fund_name": "Motilal Oswal Mutual Fund",
        "offer_price": "Rs.10",
        "open_date": ": May 20, 2025",
        "riskometer_benchmark": null,
        "riskometer_scheme": null,
        "scheme_code": "MOTO/O/E/SEC/25/04/0074",
        "scheme_objective": "H The  primary  objective  of  the  Scheme  is  to  generate  long-term  capital  appreciation  by  investing  in  equity  or  equity  related  instruments  across  market capitalization of companies derive the majority of their income from  business in the Services sector of the economy.  owever,  there  can  be  no  assurance  that  the  investment  objective  of the  scheme will be realized.",
        "suitable_for_investors": "* \uf0b7 Capital appreciation over long term \uf0b7 Investing predominantly in equities and equity related instruments of companies engaged in the Services Sector of the economy. *",
        "type_of_scheme": "An open-ended equity scheme investing in Services Sector"
    }
}