{
    "metadata": {
        "document_name": "58_17166_May-2025_1748246684_SID.pdf",
        "file_type": "sid",
        "process_date": "20250529"
    },
    "value": {
        "amc_name": "Samco Asset Management Limited",
        "benchmark_index": "Nifty Large Midcap 250 Total Returns Index",
        "close_date": "June 19 2025",
        "face_value": "Rs.10",
        "field_location": {
            "benchmark_index": 0,
            "close_date": 0,
            "fund_manager": 0,
            "load": 0,
            "main_scheme_name": 0,
            "min_addl_amt": 0,
            "min_addl_amt_multiple": 0,
            "min_amt": 0,
            "min_amt_multiple": 0,
            "offer_price": 0,
            "open_date": 0,
            "scheme_code": 0,
            "scheme_objective": 0,
            "suitable_for_investors": 0,
            "type_of_scheme": 0
        },
        "fund_manager": [
            {
                "name": "Mr. Umeshkumar Mehta",
                "experience": "25 years",
                "qualification": "B. Com, CA,"
            },
            {
                "name": "Mrs. Nirali Bhansali",
                "experience": "10 years",
                "qualification": "B.E., MBA"
            },
            {
                "name": "Mr. Dhawal Ghanshyam",
                "experience": "6 years",
                "qualification": "B.Com, C.A."
            }
        ],
        "load": [
            {
                "comment": ": Not Applicable  n accordance with clause 8.6 of SEBI Master Circular for Mutual Funds dated  June  27,  2024,  no  entry  load  will  be  charged  on  purchase  /  additional  purchase / switch-in/ SIP/ STP transactions. The upfront commission, if any,  on investment made by the investor shall be paid by the Investor directly to  the  Distributor,  based  on  the  Investor\u2019s  assessment  of  various  factors  including the service rendered by the Distributor.",
                "type": "entry_load",
                "value": ""
            },
            {
                "comment": "For more details on Load Structure, please refer paragraph \u201cLoad Structure\u201d. Type of Load Load chargeable (as %age of NAV) Exit Load \u2022  10% of units can be redeemed at any time without an  exit load.   \u2022  Any redemption in excess of 10% of units will incur 1%  exit load in the first 12 months.  \u2022  No  exit  load,  if  redeemed  after  12  months  from  the  date of allotment of unit.",
                "type": "exit_load",
                "value": ""
            }
        ],
        "main_scheme_name": "Samco Large & Mid Cap Fund",
        "min_addl_amt": "500",
        "min_addl_amt_multiple": "1",
        "min_amt": "5000",
        "min_amt_multiple": "1",
        "mutual_fund_name": "Samco Mutual Fund",
        "offer_price": "Rs.10",
        "open_date": "June 05 2025",
        "riskometer_benchmark": null,
        "riskometer_scheme": null,
        "scheme_code": "SAMC/O/E/LMF/25/03/0011",
        "scheme_objective": "The  investment  objective  of  the  Scheme  is  to  generate  long-term  capital  appreciation from a diversified portfolio of predominantly Large Cap and Mid  Cap equity and equity-related securities.  There  is  no  assurance  that  the  investment  objective  of  the  scheme  will  be  achieved.",
        "suitable_for_investors": "*: \u2022 To generate long-term capital growth \u2022 A fund that invests predominantly in equity and equity related securities of large cap and mid cap companies *",
        "type_of_scheme": "An open ended equity scheme predominantly investing in large cap and mid  cap stocks"
    }
}