{
    "metadata": {
        "document_name": "2_17091_May-2025_1746765998_SID.pdf",
        "file_type": "sid",
        "process_date": "20250529"
    },
    "value": {
        "amc_name": "Baroda Bnp Paribas Asset Management Limited",
        "benchmark_index": "Nifty Composite Debt Index 60% + Nifty Arbitrage Index 40%  Total Return Index",
        "close_date": "May 21, 2025",
        "face_value": "Rs.10",
        "field_location": {
            "benchmark_index": 3,
            "close_date": 0,
            "fund_manager": 13,
            "load": 3,
            "main_scheme_name": 3,
            "min_addl_amt": 3,
            "min_addl_amt_multiple": 3,
            "min_amt": 3,
            "min_amt_multiple": 3,
            "offer_price": 3,
            "open_date": 0,
            "scheme_code": 3,
            "scheme_objective": 3,
            "suitable_for_investors": 0,
            "type_of_scheme": 3
        },
        "fund_manager": [
            {
                "name": "Mr. Prashant Pimple",
                "experience": "25 years",
                "qualification": "47 years, BCom, MMS (Fin), ACTM"
            },
            {
                "name": "Mr. Neeraj Saxena",
                "experience": "21 years",
                "qualification": "47 years, PGDBA Finance from Welingkars Institute, M.Sc. (Organic Chemistry)"
            }
        ],
        "load": [
            {
                "comment": "NiL  For any change in load structure, the AMC will issue an addendum and display it on  the website/ISCs.",
                "type": "exit_load",
                "value": ""
            }
        ],
        "main_scheme_name": "BARODA BNP PARIBAS INCOME PLUS ARBITRAGE ACTIVE FUND OF FUNDS  (BBNPPIPAAFOF)",
        "min_addl_amt": "1000",
        "min_addl_amt_multiple": "1",
        "min_amt": "1000",
        "min_amt_multiple": "1",
        "mutual_fund_name": "Baroda Bnp Paribas Mutual Fund",
        "offer_price": "Rs.10",
        "open_date": "May 09, 2025",
        "riskometer_benchmark": null,
        "riskometer_scheme": null,
        "scheme_code": "BBNP/O/H/FOD/25/04/0049",
        "scheme_objective": "The  primary  objective  of  the  Scheme  is  to  offer  regular  income  and  capital  appreciation  through  diversification  of  investments  across  debt  and  arbitrage  schemes. The Scheme does not guarantee / indicate any returns.   There is no assurance that the investment objective of the Scheme will be achieved.",
        "suitable_for_investors": "*: \u26ab Regular income and capital appreciation \u26ab Investments in units of debt and arbitrage schemes *",
        "type_of_scheme": "An open-ended fund of fund scheme predominantly investing in arbitrage and debt- oriented schemes of Baroda BNP Paribas Mutual Fund"
    }
}